zacetek_A,zacetek_B,srecanje_id,srecanje_ime,stevilo_korakov
mega_384,mega_122,mega_216,Tržnica Moste,87
mega_384,mega_122,mega_227,Smelt,2410
mega_384,mega_122,mega_136,Privoz,111
mega_384,mega_122,mega_332,Žale,139
mega_384,mega_122,mega_366,Šola Jarše,713
mega_384,mega_122,mega_221,Mercator,616
mega_384,mega_122,mega_172,Bavarski dvor,35
mega_384,mega_122,mega_122,Klinični center,158
mega_384,mega_122,mega_292,Kino Šiška,730
mega_384,mega_122,mega_227,Smelt,140
mega_384,mega_122,mega_164,Kompas,301
mega_384,mega_122,mega_382,Gosposvetska,2019
mega_384,mega_122,mega_402,Konzorcij/Pošta,29
mega_384,mega_122,mega_216,Tržnica Moste,476
mega_384,mega_122,mega_277,Koprska,160
mega_384,mega_122,mega_42,Ajdovščina,570
mega_384,mega_122,mega_244,Kališnikov trg,496
mega_384,mega_122,mega_216,Tržnica Moste,825
mega_384,mega_122,mega_147,Hajdrihova,11
mega_384,mega_122,mega_260,Tobačna,1013
mega_384,mega_122,mega_172,Bavarski dvor,20
mega_384,mega_122,mega_333,Savske stolpnice,637
mega_384,mega_122,mega_291,Peruzzijeva,73
mega_384,mega_122,mega_193,Aškerčeva,255
mega_384,mega_122,mega_307,Bolnica,484
mega_384,mega_122,mega_62,Lutkovno gl.,324
mega_384,mega_122,mega_101,Stadion,2265
mega_384,mega_122,mega_402,Konzorcij/Pošta,336
mega_384,mega_122,mega_136,Privoz,336
mega_384,mega_122,mega_173,Tivoli,526
mega_384,mega_122,mega_307,Bolnica,73
mega_384,mega_122,mega_140,Križanke,505
mega_384,mega_122,mega_382,Gosposvetska,258
mega_384,mega_122,mega_130,Gornji trg,434
mega_384,mega_122,mega_172,Bavarski dvor,534
mega_384,mega_122,mega_238,Kamna Gorica,1900
mega_384,mega_122,mega_59,Lahova pot,176
mega_384,mega_122,mega_0,Tinčk,561
mega_384,mega_122,mega_42,Ajdovščina,295
mega_384,mega_122,mega_343,Friškovec,259
mega_384,mega_122,mega_325,Drama,54
mega_384,mega_122,mega_258,Cukrarna,384
mega_384,mega_122,mega_356,Rogovilc,1515
mega_384,mega_122,mega_363,Kolodvor,933
mega_384,mega_122,mega_172,Bavarski dvor,618
mega_384,mega_122,mega_172,Bavarski dvor,185
mega_384,mega_122,mega_402,Konzorcij/Pošta,740
mega_384,mega_122,mega_363,Kolodvor,1115
mega_384,mega_122,mega_254,Razstavišče,192
mega_384,mega_122,mega_382,Gosposvetska,254
mega_384,mega_122,mega_172,Bavarski dvor,146
mega_384,mega_122,mega_130,Gornji trg,68
mega_384,mega_122,mega_371,Tovorni kolodvor,2305
mega_384,mega_122,mega_221,Mercator,1411
mega_384,mega_122,mega_100,Litostrojska,1072
mega_384,mega_122,mega_362,Prušnikova,461
mega_384,mega_122,mega_172,Bavarski dvor,195
mega_384,mega_122,mega_402,Konzorcij/Pošta,423
mega_384,mega_122,mega_254,Razstavišče,1056
mega_384,mega_122,mega_260,Tobačna,647
mega_384,mega_122,mega_382,Gosposvetska,734
mega_384,mega_122,mega_366,Šola Jarše,694
mega_384,mega_122,mega_172,Bavarski dvor,1778
mega_384,mega_122,mega_325,Drama,14
mega_384,mega_122,mega_42,Ajdovščina,99
mega_384,mega_122,N/A,N/A,2460
mega_384,mega_122,mega_140,Križanke,683
mega_384,mega_122,mega_21,Tacen,1723
mega_384,mega_122,mega_363,Kolodvor,84
mega_384,mega_122,mega_348,Stara cerkev,87
mega_384,mega_122,mega_62,Lutkovno gl.,276
mega_384,mega_122,mega_42,Ajdovščina,583
mega_384,mega_122,mega_325,Drama,147
mega_384,mega_122,mega_294,Slovenija avto,419
mega_384,mega_122,mega_172,Bavarski dvor,121
mega_384,mega_122,mega_122,Klinični center,925
mega_384,mega_122,mega_42,Ajdovščina,484
mega_384,mega_122,mega_42,Ajdovščina,227
mega_384,mega_122,mega_390,Zaloška,1391
mega_384,mega_122,mega_392,Ljubljanske brigade,764
mega_384,mega_122,mega_326,Zmajski most,646
mega_384,mega_122,mega_173,Tivoli,93
mega_384,mega_122,mega_140,Križanke,37
mega_384,mega_122,mega_382,Gosposvetska,938
mega_384,mega_122,mega_172,Bavarski dvor,257
mega_384,mega_122,mega_122,Klinični center,381
mega_384,mega_122,mega_402,Konzorcij/Pošta,183
mega_384,mega_122,mega_260,Tobačna,1609
mega_384,mega_122,mega_172,Bavarski dvor,912
mega_384,mega_122,mega_42,Ajdovščina,260
mega_384,mega_122,mega_329,Podvozna pot,262
mega_384,mega_122,mega_216,Tržnica Moste,149
mega_384,mega_122,mega_172,Bavarski dvor,40
mega_384,mega_122,mega_126,Bežigrad,313
mega_384,mega_122,mega_254,Razstavišče,687
mega_384,mega_122,mega_172,Bavarski dvor,784
mega_384,mega_122,mega_72,Vič Glince,268
mega_384,mega_122,mega_325,Drama,83
mega_384,mega_122,mega_261,Štepanja vas,222
mega_384,mega_122,mega_172,Bavarski dvor,878
mega_384,mega_122,mega_42,Ajdovščina,1267
mega_384,mega_122,mega_362,Prušnikova,1147
mega_384,mega_122,mega_292,Kino Šiška,147
mega_384,mega_122,mega_172,Bavarski dvor,195
mega_384,mega_122,mega_42,Ajdovščina,236
mega_384,mega_122,mega_400,Aleja/Avtomontaža,1947
mega_384,mega_122,mega_301,Vodovodna,167
mega_384,mega_122,mega_129,Ambrožev trg,172
mega_384,mega_122,mega_283,Polje,648
mega_384,mega_122,mega_401,Remiza/Šišenska,1698
mega_384,mega_122,mega_148,Astra,428
mega_384,mega_122,mega_247,Trata,927
mega_384,mega_122,mega_214,Preglov trg,82
mega_384,mega_122,mega_348,Stara cerkev,189
mega_384,mega_122,mega_172,Bavarski dvor,61
mega_384,mega_122,mega_294,Slovenija avto,977
mega_384,mega_122,mega_173,Tivoli,92
mega_384,mega_122,mega_382,Gosposvetska,862
mega_384,mega_122,mega_390,Zaloška,64
mega_384,mega_122,mega_206,Ižanska,241
mega_384,mega_122,mega_264,Kovinarska,401
mega_384,mega_122,mega_325,Drama,1025
mega_384,mega_122,mega_366,Šola Jarše,371
mega_384,mega_122,mega_363,Kolodvor,277
mega_384,mega_122,mega_402,Konzorcij/Pošta,1127
mega_384,mega_122,mega_42,Ajdovščina,960
mega_384,mega_122,mega_292,Kino Šiška,512
mega_384,mega_122,mega_42,Ajdovščina,52
mega_384,mega_122,mega_382,Gosposvetska,252
mega_384,mega_122,mega_325,Drama,1987
mega_384,mega_122,mega_100,Litostrojska,732
mega_384,mega_122,mega_307,Bolnica,191
mega_384,mega_122,mega_172,Bavarski dvor,1769
mega_384,mega_122,N/A,N/A,2460
mega_384,mega_122,mega_172,Bavarski dvor,504
mega_384,mega_122,mega_143,Emona,435
mega_384,mega_122,mega_260,Tobačna,648
mega_384,mega_122,mega_172,Bavarski dvor,61
mega_384,mega_122,mega_172,Bavarski dvor,279
mega_384,mega_122,mega_254,Razstavišče,1068
mega_384,mega_122,mega_260,Tobačna,48
mega_384,mega_122,mega_172,Bavarski dvor,305
mega_384,mega_122,mega_402,Konzorcij/Pošta,15
mega_384,mega_122,mega_325,Drama,335
mega_384,mega_122,mega_292,Kino Šiška,502
mega_384,mega_122,mega_393,Parmova,1985
mega_384,mega_122,mega_26,Zgornji log,63
mega_384,mega_122,mega_381,Zgornja Šiška,1801
mega_384,mega_122,mega_42,Ajdovščina,348
mega_384,mega_122,mega_260,Tobačna,1110
mega_384,mega_122,mega_130,Gornji trg,40
mega_384,mega_122,mega_137,Vižmarje,573
mega_384,mega_122,mega_363,Kolodvor,505
mega_384,mega_122,mega_172,Bavarski dvor,240
mega_384,mega_122,mega_367,Jarše,94
mega_384,mega_122,mega_172,Bavarski dvor,1459
mega_384,mega_122,mega_42,Ajdovščina,56
mega_384,mega_122,mega_122,Klinični center,16
mega_384,mega_122,mega_172,Bavarski dvor,108
mega_384,mega_122,mega_193,Aškerčeva,27
mega_384,mega_122,mega_402,Konzorcij/Pošta,97
mega_384,mega_122,mega_254,Razstavišče,500
mega_384,mega_122,mega_402,Konzorcij/Pošta,80
mega_384,mega_122,mega_168,Pohorskega bataljona,48
mega_384,mega_122,mega_172,Bavarski dvor,711
mega_384,mega_122,mega_332,Žale,109
mega_384,mega_122,mega_42,Ajdovščina,767
mega_384,mega_122,mega_172,Bavarski dvor,91
mega_384,mega_122,mega_348,Stara cerkev,70
mega_384,mega_122,mega_42,Ajdovščina,18
mega_384,mega_122,mega_65,Brodarjev trg,1357
mega_384,mega_122,mega_129,Ambrožev trg,123
mega_384,mega_122,mega_154,Rožičeva,236
mega_384,mega_122,mega_146,Viadukt,262
mega_384,mega_122,mega_402,Konzorcij/Pošta,269
mega_384,mega_122,mega_402,Konzorcij/Pošta,715
mega_384,mega_122,mega_309,Kolodvor Črnuče,619
mega_384,mega_122,mega_143,Emona,206
mega_384,mega_122,mega_254,Razstavišče,592
mega_384,mega_122,mega_172,Bavarski dvor,264
mega_384,mega_122,mega_147,Hajdrihova,285
mega_384,mega_122,mega_158,Poliklinika,59
mega_384,mega_122,mega_172,Bavarski dvor,534
mega_384,mega_122,mega_69,Iški most,839
mega_384,mega_122,mega_400,Aleja/Avtomontaža,680
mega_384,mega_122,mega_292,Kino Šiška,2459
mega_384,mega_122,mega_402,Konzorcij/Pošta,406
mega_384,mega_122,mega_122,Klinični center,72
mega_384,mega_122,mega_129,Ambrožev trg,802
mega_384,mega_122,mega_42,Ajdovščina,94
mega_384,mega_122,mega_172,Bavarski dvor,590
mega_384,mega_122,mega_292,Kino Šiška,1926
mega_384,mega_122,mega_303,Rusjanov trg,408
mega_384,mega_122,mega_172,Bavarski dvor,244
mega_384,mega_122,mega_343,Friškovec,885
mega_384,mega_122,mega_382,Gosposvetska,365
mega_384,mega_122,N/A,N/A,2460
mega_384,mega_122,mega_351,Žito,347
mega_384,mega_122,mega_172,Bavarski dvor,311
mega_384,mega_122,mega_172,Bavarski dvor,866
mega_384,mega_122,mega_343,Friškovec,1095
mega_384,mega_122,mega_367,Jarše,570
mega_384,mega_122,mega_42,Ajdovščina,733
mega_384,mega_122,mega_146,Viadukt,203
mega_384,mega_122,mega_254,Razstavišče,432
mega_384,mega_122,mega_148,Astra,180
mega_384,mega_122,mega_254,Razstavišče,415
mega_384,mega_122,mega_292,Kino Šiška,181
mega_384,mega_122,mega_408,TRNOVO/Trnovo,223
mega_384,mega_122,mega_341,Studenec,795
mega_384,mega_122,mega_325,Drama,64
mega_384,mega_122,mega_325,Drama,56
mega_384,mega_122,mega_37,Bratov Židan,86
mega_384,mega_122,mega_371,Tovorni kolodvor,215
mega_384,mega_122,mega_402,Konzorcij/Pošta,105
mega_384,mega_122,mega_172,Bavarski dvor,95
mega_384,mega_122,mega_136,Privoz,242
mega_384,mega_122,mega_273,Ježica,1136
mega_384,mega_122,mega_193,Aškerčeva,196
mega_384,mega_122,mega_303,Rusjanov trg,124
mega_384,mega_122,mega_42,Ajdovščina,1085
mega_384,mega_122,mega_292,Kino Šiška,489
mega_384,mega_122,mega_332,Žale,127
mega_384,mega_122,mega_42,Ajdovščina,463
mega_384,mega_122,mega_325,Drama,684
mega_384,mega_122,mega_333,Savske stolpnice,389
mega_384,mega_122,mega_261,Štepanja vas,682
mega_384,mega_122,mega_402,Konzorcij/Pošta,1170
mega_384,mega_122,mega_120,Poljanska,425
mega_384,mega_122,mega_172,Bavarski dvor,200
mega_384,mega_122,mega_172,Bavarski dvor,522
mega_384,mega_122,mega_402,Konzorcij/Pošta,392
mega_384,mega_122,mega_172,Bavarski dvor,44
mega_384,mega_122,mega_143,Emona,321
mega_384,mega_122,mega_42,Ajdovščina,395
mega_384,mega_122,mega_343,Friškovec,112
mega_384,mega_122,mega_379,Dolgi most,230
mega_384,mega_122,mega_292,Kino Šiška,490
mega_384,mega_122,mega_260,Tobačna,894
mega_384,mega_122,mega_129,Ambrožev trg,122
mega_384,mega_122,mega_343,Friškovec,37
mega_384,mega_122,mega_325,Drama,624
mega_384,mega_122,mega_165,Ilirska,163
mega_384,mega_122,mega_254,Razstavišče,158
mega_384,mega_122,mega_181,Gasilska brigada,448
mega_384,mega_122,mega_172,Bavarski dvor,723
mega_384,mega_122,mega_325,Drama,16
mega_384,mega_122,mega_333,Savske stolpnice,229
mega_384,mega_122,mega_42,Ajdovščina,319
mega_384,mega_122,mega_325,Drama,907
mega_384,mega_122,mega_367,Jarše,694
mega_384,mega_122,mega_140,Križanke,15
mega_384,mega_122,mega_42,Ajdovščina,334
mega_384,mega_122,mega_325,Drama,738
mega_384,mega_122,mega_216,Tržnica Moste,641
mega_384,mega_122,mega_172,Bavarski dvor,964
mega_384,mega_122,mega_150,Kodeljevo,195
mega_384,mega_122,mega_172,Bavarski dvor,1107
mega_384,mega_122,mega_371,Tovorni kolodvor,262
mega_384,mega_122,mega_404,Dalmatinova/Tavčarjeva,283
mega_384,mega_122,mega_42,Ajdovščina,128
mega_384,mega_122,mega_140,Križanke,1039
mega_384,mega_122,mega_42,Ajdovščina,154
mega_384,mega_122,mega_382,Gosposvetska,260
mega_384,mega_122,mega_292,Kino Šiška,1605
mega_384,mega_122,mega_148,Astra,1081
mega_384,mega_122,mega_172,Bavarski dvor,290
mega_384,mega_122,mega_326,Zmajski most,73
mega_384,mega_122,mega_148,Astra,357
mega_384,mega_122,mega_148,Astra,701
mega_384,mega_122,mega_172,Bavarski dvor,197
mega_384,mega_122,mega_136,Privoz,1876
mega_384,mega_122,mega_172,Bavarski dvor,122
mega_384,mega_122,mega_325,Drama,24
mega_384,mega_122,mega_59,Lahova pot,1461
mega_384,mega_122,mega_146,Viadukt,1737
mega_384,mega_122,mega_384,Jadranska,859
mega_384,mega_122,mega_368,Livada,58
mega_384,mega_122,mega_382,Gosposvetska,2458
mega_384,mega_122,mega_42,Ajdovščina,203
mega_384,mega_122,mega_172,Bavarski dvor,332
mega_384,mega_122,mega_172,Bavarski dvor,43
mega_384,mega_122,mega_172,Bavarski dvor,293
mega_384,mega_122,mega_172,Bavarski dvor,283
mega_384,mega_122,mega_210,Ruski car,295
mega_384,mega_122,N/A,N/A,2460
mega_384,mega_122,mega_390,Zaloška,113
mega_384,mega_122,mega_359,Kodrova,64
mega_384,mega_122,mega_172,Bavarski dvor,704
mega_384,mega_122,mega_402,Konzorcij/Pošta,1632
mega_384,mega_122,mega_254,Razstavišče,1499
mega_384,mega_122,mega_172,Bavarski dvor,161
mega_384,mega_122,mega_325,Drama,567
mega_384,mega_122,mega_113,Domžale,227
mega_384,mega_122,mega_221,Mercator,291
mega_384,mega_122,mega_172,Bavarski dvor,906
mega_384,mega_122,mega_172,Bavarski dvor,391
mega_384,mega_122,mega_343,Friškovec,854
mega_384,mega_122,mega_325,Drama,673
mega_384,mega_122,mega_172,Bavarski dvor,653
mega_384,mega_122,mega_159,BTC-Emporium,315
mega_384,mega_122,mega_193,Aškerčeva,654
mega_384,mega_122,mega_172,Bavarski dvor,1861
mega_384,mega_122,mega_172,Bavarski dvor,44
mega_384,mega_122,mega_42,Ajdovščina,133
mega_384,mega_122,mega_172,Bavarski dvor,2057
mega_384,mega_122,mega_402,Konzorcij/Pošta,123
mega_384,mega_122,mega_172,Bavarski dvor,118
mega_384,mega_122,mega_172,Bavarski dvor,1797
mega_384,mega_122,mega_377,Kranjčeva,472
mega_384,mega_122,mega_402,Konzorcij/Pošta,1506
mega_384,mega_122,mega_147,Hajdrihova,39
mega_384,mega_122,mega_85,Prekmurska,157
mega_384,mega_122,mega_172,Bavarski dvor,121
mega_384,mega_122,mega_126,Bežigrad,1088
mega_384,mega_122,mega_363,Kolodvor,850
mega_384,mega_122,mega_292,Kino Šiška,1698
mega_384,mega_122,mega_181,Gasilska brigada,1012
mega_384,mega_122,mega_325,Drama,54
mega_384,mega_122,mega_172,Bavarski dvor,750
mega_384,mega_122,mega_325,Drama,593
mega_384,mega_122,mega_172,Bavarski dvor,338
mega_384,mega_122,mega_348,Stara cerkev,73
mega_384,mega_122,mega_140,Križanke,345
mega_384,mega_122,mega_130,Gornji trg,132
mega_384,mega_122,mega_382,Gosposvetska,272
mega_384,mega_122,mega_129,Ambrožev trg,29
mega_384,mega_122,mega_126,Bežigrad,604
mega_384,mega_122,mega_42,Ajdovščina,328
mega_384,mega_122,mega_325,Drama,89
mega_384,mega_122,mega_325,Drama,8
mega_384,mega_122,mega_172,Bavarski dvor,215
mega_384,mega_122,mega_382,Gosposvetska,273
mega_384,mega_122,mega_254,Razstavišče,54
mega_384,mega_122,mega_343,Friškovec,31
mega_384,mega_122,mega_240,Bonifacija,131
mega_384,mega_122,mega_325,Drama,513
mega_384,mega_122,mega_84,Stožice,1310
mega_384,mega_122,mega_172,Bavarski dvor,25
mega_384,mega_122,mega_130,Gornji trg,30
mega_384,mega_122,mega_172,Bavarski dvor,439
mega_384,mega_122,mega_325,Drama,8
mega_384,mega_122,mega_366,Šola Jarše,403
mega_384,mega_122,mega_126,Bežigrad,194
mega_384,mega_122,N/A,N/A,2460
mega_384,mega_122,mega_172,Bavarski dvor,1979
mega_384,mega_122,mega_172,Bavarski dvor,1122
mega_384,mega_122,mega_382,Gosposvetska,92
mega_384,mega_122,mega_148,Astra,1736
mega_384,mega_122,mega_122,Klinični center,2086
mega_384,mega_122,mega_254,Razstavišče,110
mega_384,mega_122,mega_172,Bavarski dvor,127
mega_384,mega_122,mega_140,Križanke,31
mega_384,mega_122,mega_382,Gosposvetska,935
mega_384,mega_122,mega_122,Klinični center,219
mega_384,mega_122,mega_182,Pod Rožnikom,293
mega_384,mega_122,mega_126,Bežigrad,42
mega_384,mega_122,mega_126,Bežigrad,43
mega_384,mega_122,mega_402,Konzorcij/Pošta,88
mega_384,mega_122,mega_294,Slovenija avto,963
mega_384,mega_122,mega_172,Bavarski dvor,28
mega_384,mega_122,mega_366,Šola Jarše,85
mega_384,mega_122,mega_42,Ajdovščina,844
mega_384,mega_122,mega_343,Friškovec,13
mega_384,mega_122,mega_172,Bavarski dvor,938
mega_384,mega_122,mega_172,Bavarski dvor,812
mega_384,mega_122,mega_348,Stara cerkev,908
mega_384,mega_122,mega_147,Hajdrihova,429
mega_384,mega_122,mega_382,Gosposvetska,97
mega_384,mega_122,mega_402,Konzorcij/Pošta,88
mega_384,mega_122,mega_254,Razstavišče,94
mega_384,mega_122,mega_117,Kneza Koclja,890
mega_384,mega_122,mega_356,Rogovilc,1056
mega_384,mega_122,N/A,N/A,2460
mega_384,mega_122,mega_42,Ajdovščina,817
mega_384,mega_122,mega_402,Konzorcij/Pošta,273
mega_384,mega_122,mega_325,Drama,1701
mega_384,mega_122,mega_307,Bolnica,58
mega_384,mega_122,mega_343,Friškovec,101
mega_384,mega_122,mega_393,Parmova,629
mega_384,mega_122,mega_283,Polje,675
mega_384,mega_122,mega_172,Bavarski dvor,262
mega_384,mega_122,mega_126,Bežigrad,287
mega_384,mega_122,mega_172,Bavarski dvor,149
mega_384,mega_122,mega_42,Ajdovščina,691
mega_384,mega_122,mega_172,Bavarski dvor,582
mega_384,mega_122,mega_325,Drama,16
mega_384,mega_122,mega_42,Ajdovščina,30
mega_384,mega_122,mega_382,Gosposvetska,395
mega_384,mega_122,mega_172,Bavarski dvor,1691
mega_384,mega_122,mega_172,Bavarski dvor,53
mega_384,mega_122,mega_172,Bavarski dvor,1680
mega_384,mega_122,mega_254,Razstavišče,221
mega_384,mega_122,mega_148,Astra,1173
mega_384,mega_122,mega_407,Flajšmanova/ZELENA JAMA,471
mega_384,mega_122,mega_60,Pod Golovcem,257
mega_384,mega_122,mega_261,Štepanja vas,589
mega_384,mega_122,mega_147,Hajdrihova,78
mega_384,mega_122,mega_366,Šola Jarše,201
mega_384,mega_122,mega_172,Bavarski dvor,1013
mega_384,mega_122,mega_172,Bavarski dvor,1332
mega_384,mega_122,mega_371,Tovorni kolodvor,297
mega_384,mega_122,mega_325,Drama,1767
mega_384,mega_122,mega_382,Gosposvetska,896
mega_384,mega_122,mega_133,Hrastje,238
mega_384,mega_122,mega_343,Friškovec,238
mega_384,mega_122,mega_129,Ambrožev trg,69
mega_384,mega_122,mega_254,Razstavišče,53
mega_384,mega_122,mega_254,Razstavišče,259
mega_384,mega_122,mega_402,Konzorcij/Pošta,825
mega_384,mega_122,mega_129,Ambrožev trg,477
mega_384,mega_122,mega_172,Bavarski dvor,74
mega_384,mega_122,mega_172,Bavarski dvor,157
mega_384,mega_122,mega_402,Konzorcij/Pošta,2342
mega_384,mega_122,mega_42,Ajdovščina,255
mega_384,mega_122,mega_42,Ajdovščina,505
mega_384,mega_122,mega_126,Bežigrad,39
mega_384,mega_122,mega_359,Kodrova,201
mega_384,mega_122,mega_402,Konzorcij/Pošta,185
mega_384,mega_122,mega_325,Drama,16
mega_384,mega_122,mega_172,Bavarski dvor,996
mega_384,mega_122,mega_382,Gosposvetska,1863
mega_384,mega_122,mega_122,Klinični center,94
mega_384,mega_122,mega_325,Drama,33
mega_384,mega_122,mega_402,Konzorcij/Pošta,775
mega_384,mega_122,mega_172,Bavarski dvor,1286
mega_384,mega_122,mega_95,Topniška,301
mega_384,mega_122,mega_126,Bežigrad,89
mega_384,mega_122,mega_402,Konzorcij/Pošta,1435
mega_384,mega_122,mega_325,Drama,1614
mega_384,mega_122,mega_171,AMZS,2028
mega_384,mega_122,mega_120,Poljanska,105
mega_384,mega_122,mega_172,Bavarski dvor,133
mega_384,mega_122,mega_172,Bavarski dvor,102
mega_384,mega_122,mega_325,Drama,314
mega_384,mega_122,mega_254,Razstavišče,103
mega_384,mega_122,mega_172,Bavarski dvor,63
mega_384,mega_122,mega_129,Ambrožev trg,886
mega_384,mega_122,mega_136,Privoz,58
mega_384,mega_122,mega_379,Dolgi most,40
mega_384,mega_122,mega_42,Ajdovščina,54
mega_384,mega_122,mega_130,Gornji trg,335
mega_384,mega_122,mega_148,Astra,825
mega_384,mega_122,mega_288,Kardeljeva ploščad,725
mega_384,mega_122,mega_158,Poliklinika,218
mega_384,mega_122,mega_136,Privoz,540
mega_384,mega_122,mega_172,Bavarski dvor,210
mega_384,mega_122,mega_292,Kino Šiška,375
mega_384,mega_122,mega_140,Križanke,41
mega_384,mega_122,mega_136,Privoz,91
mega_384,mega_122,N/A,N/A,2460
mega_384,mega_122,mega_404,Dalmatinova/Tavčarjeva,96
mega_384,mega_122,mega_173,Tivoli,329
mega_384,mega_122,mega_172,Bavarski dvor,201
mega_384,mega_122,mega_65,Brodarjev trg,154
mega_384,mega_122,mega_126,Bežigrad,246
mega_384,mega_122,mega_260,Tobačna,68
mega_384,mega_122,mega_122,Klinični center,430
mega_384,mega_122,mega_402,Konzorcij/Pošta,9
mega_384,mega_122,mega_148,Astra,1923
mega_384,mega_122,mega_325,Drama,99
mega_384,mega_122,N/A,N/A,2460
mega_384,mega_122,mega_172,Bavarski dvor,608
mega_384,mega_122,mega_325,Drama,283
mega_384,mega_122,mega_138,Tbilisijska,316
mega_384,mega_122,mega_359,Kodrova,210
mega_384,mega_122,mega_362,Prušnikova,277
mega_384,mega_122,mega_325,Drama,139
mega_384,mega_122,mega_42,Ajdovščina,328
mega_384,mega_122,mega_260,Tobačna,374
mega_384,mega_122,mega_371,Tovorni kolodvor,480
mega_384,mega_122,mega_42,Ajdovščina,27
mega_384,mega_122,mega_325,Drama,628
mega_384,mega_122,mega_402,Konzorcij/Pošta,19
mega_384,mega_122,mega_172,Bavarski dvor,1051
mega_384,mega_122,mega_148,Astra,110
mega_384,mega_122,mega_84,Stožice,84
mega_384,mega_122,mega_402,Konzorcij/Pošta,37
mega_384,mega_122,N/A,N/A,2460
mega_384,mega_122,mega_42,Ajdovščina,1810
mega_384,mega_122,mega_42,Ajdovščina,658
mega_384,mega_122,mega_172,Bavarski dvor,272
mega_384,mega_122,N/A,N/A,2460
mega_384,mega_122,mega_402,Konzorcij/Pošta,21
mega_384,mega_122,mega_292,Kino Šiška,815
mega_384,mega_122,mega_390,Zaloška,377
mega_384,mega_122,mega_173,Tivoli,593
mega_384,mega_122,mega_72,Vič Glince,722
mega_384,mega_122,mega_42,Ajdovščina,823
mega_384,mega_122,mega_325,Drama,253
mega_384,mega_122,mega_325,Drama,14
mega_384,mega_122,mega_148,Astra,301
mega_384,mega_122,mega_173,Tivoli,740
mega_384,mega_122,mega_150,Kodeljevo,1739
mega_384,mega_122,mega_42,Ajdovščina,188
mega_384,mega_122,mega_120,Poljanska,549
mega_384,mega_122,mega_173,Tivoli,36
mega_384,mega_122,mega_325,Drama,186
mega_384,mega_122,mega_172,Bavarski dvor,366
mega_384,mega_122,mega_101,Stadion,122
mega_384,mega_122,mega_172,Bavarski dvor,107
mega_384,mega_122,mega_294,Slovenija avto,854
mega_384,mega_122,mega_172,Bavarski dvor,444
mega_384,mega_122,mega_254,Razstavišče,359
mega_384,mega_122,mega_342,Pot na Fužine,91
mega_384,mega_122,mega_172,Bavarski dvor,180
mega_384,mega_122,mega_72,Vič Glince,63
mega_384,mega_122,mega_172,Bavarski dvor,987
mega_384,mega_122,mega_309,Kolodvor Črnuče,1609
mega_384,mega_122,mega_42,Ajdovščina,227
mega_384,mega_122,mega_402,Konzorcij/Pošta,97
mega_384,mega_122,N/A,N/A,2460
mega_384,mega_122,mega_172,Bavarski dvor,180
mega_384,mega_122,mega_258,Cukrarna,1929
mega_384,mega_122,mega_172,Bavarski dvor,2366
mega_384,mega_122,mega_136,Privoz,215
mega_384,mega_122,mega_325,Drama,12
mega_384,mega_122,mega_173,Tivoli,159
mega_384,mega_122,mega_173,Tivoli,1531
mega_384,mega_122,mega_254,Razstavišče,843
mega_384,mega_122,mega_402,Konzorcij/Pošta,732
mega_384,mega_122,mega_254,Razstavišče,118
mega_384,mega_122,mega_294,Slovenija avto,284
mega_384,mega_122,N/A,N/A,2460
mega_384,mega_122,mega_261,Štepanja vas,1462
mega_384,mega_122,mega_326,Zmajski most,1186
mega_384,mega_122,mega_172,Bavarski dvor,1855
mega_384,mega_122,mega_122,Klinični center,1038
mega_384,mega_122,mega_402,Konzorcij/Pošta,19
mega_384,mega_122,mega_333,Savske stolpnice,321
mega_384,mega_122,mega_254,Razstavišče,699
mega_384,mega_122,mega_42,Ajdovščina,669
mega_384,mega_122,mega_402,Konzorcij/Pošta,455
mega_384,mega_122,mega_172,Bavarski dvor,348
mega_384,mega_122,mega_42,Ajdovščina,432
mega_384,mega_122,mega_325,Drama,164
mega_384,mega_122,mega_382,Gosposvetska,1397
mega_384,mega_122,mega_292,Kino Šiška,690
mega_384,mega_122,mega_292,Kino Šiška,194
mega_384,mega_122,mega_173,Tivoli,1217
mega_384,mega_122,mega_325,Drama,773
mega_384,mega_122,mega_172,Bavarski dvor,326
mega_384,mega_122,mega_254,Razstavišče,1218
mega_384,mega_122,mega_126,Bežigrad,461
mega_384,mega_122,N/A,N/A,2460
mega_384,mega_122,mega_148,Astra,658
mega_384,mega_122,mega_254,Razstavišče,164
mega_384,mega_122,mega_254,Razstavišče,1509
mega_384,mega_122,mega_171,AMZS,516
mega_384,mega_122,mega_362,Prušnikova,417
mega_384,mega_122,mega_382,Gosposvetska,548
mega_384,mega_122,mega_325,Drama,260
mega_384,mega_122,mega_173,Tivoli,774
mega_384,mega_122,mega_172,Bavarski dvor,390
mega_384,mega_122,mega_147,Hajdrihova,50
mega_384,mega_122,mega_140,Križanke,75
mega_384,mega_122,mega_294,Slovenija avto,245
mega_384,mega_122,mega_382,Gosposvetska,99
mega_384,mega_122,mega_46,Cesta na Vevče,159
mega_384,mega_122,mega_362,Prušnikova,824
mega_384,mega_122,mega_148,Astra,1172
mega_384,mega_122,mega_294,Slovenija avto,809
mega_384,mega_122,mega_288,Kardeljeva ploščad,1258
mega_384,mega_122,mega_147,Hajdrihova,45
mega_384,mega_122,mega_43,Draga,578
mega_384,mega_122,mega_173,Tivoli,18
mega_384,mega_122,mega_172,Bavarski dvor,188
mega_384,mega_122,mega_260,Tobačna,616
mega_384,mega_122,mega_100,Litostrojska,244
mega_384,mega_122,mega_366,Šola Jarše,1858
mega_384,mega_122,mega_126,Bežigrad,234
mega_384,mega_122,mega_367,Jarše,169
mega_384,mega_122,mega_382,Gosposvetska,1307
mega_384,mega_122,mega_325,Drama,604
mega_384,mega_122,mega_363,Kolodvor,68
mega_384,mega_122,mega_94,Vič,974
mega_384,mega_122,mega_309,Kolodvor Črnuče,621
mega_384,mega_122,mega_254,Razstavišče,1547
mega_384,mega_122,mega_42,Ajdovščina,1158
mega_384,mega_122,N/A,N/A,2460
mega_384,mega_122,mega_172,Bavarski dvor,1576
mega_384,mega_122,mega_42,Ajdovščina,1404
mega_384,mega_122,mega_147,Hajdrihova,208
mega_384,mega_122,mega_136,Privoz,765
mega_384,mega_122,mega_148,Astra,244
mega_384,mega_122,mega_42,Ajdovščina,1944
mega_384,mega_122,mega_254,Razstavišče,619
mega_384,mega_122,mega_313,Mihov štradon,809
mega_384,mega_122,mega_122,Klinični center,1219
mega_384,mega_122,mega_325,Drama,224
mega_384,mega_122,mega_172,Bavarski dvor,107
mega_384,mega_122,mega_359,Kodrova,805
mega_384,mega_122,mega_348,Stara cerkev,1843
mega_384,mega_122,mega_172,Bavarski dvor,23
mega_384,mega_122,mega_42,Ajdovščina,58
mega_384,mega_122,mega_172,Bavarski dvor,398
mega_384,mega_122,mega_172,Bavarski dvor,160
mega_384,mega_122,mega_330,Cankarjev dom,381
mega_384,mega_122,mega_42,Ajdovščina,1195
mega_384,mega_122,N/A,N/A,2460
mega_384,mega_122,mega_130,Gornji trg,72
mega_384,mega_122,mega_348,Stara cerkev,952
mega_384,mega_122,mega_172,Bavarski dvor,144
mega_384,mega_122,mega_370,Sneberje,1363
mega_384,mega_122,mega_472,Nove Jarše,147
mega_384,mega_122,mega_42,Ajdovščina,314
mega_384,mega_122,mega_331,Gorjančeva,1338
mega_384,mega_122,mega_130,Gornji trg,789
mega_384,mega_122,mega_321,Spodnji Rudnik,1007
mega_384,mega_122,mega_42,Ajdovščina,155
mega_384,mega_122,mega_371,Tovorni kolodvor,373
mega_384,mega_122,mega_254,Razstavišče,376
mega_384,mega_122,mega_348,Stara cerkev,63
mega_384,mega_122,mega_148,Astra,915
mega_384,mega_122,mega_325,Drama,887
mega_384,mega_122,mega_136,Privoz,172
mega_384,mega_122,mega_42,Ajdovščina,46
mega_384,mega_122,mega_158,Poliklinika,372
mega_384,mega_122,mega_325,Drama,1664
mega_384,mega_122,mega_42,Ajdovščina,277
mega_384,mega_122,mega_253,Pot na Rakovo jelšo,64
mega_384,mega_122,mega_172,Bavarski dvor,858
mega_384,mega_122,mega_363,Kolodvor,221
mega_384,mega_122,mega_333,Savske stolpnice,314
mega_384,mega_122,mega_254,Razstavišče,271
mega_384,mega_122,mega_325,Drama,26
mega_384,mega_122,mega_402,Konzorcij/Pošta,351
mega_384,mega_122,mega_329,Podvozna pot,62
mega_384,mega_122,mega_437,Cukrarna,787
mega_384,mega_122,mega_172,Bavarski dvor,1117
mega_384,mega_122,mega_231,Akademija,169
mega_384,mega_122,mega_42,Ajdovščina,2167
mega_384,mega_122,mega_402,Konzorcij/Pošta,783
mega_384,mega_122,mega_130,Gornji trg,59
mega_384,mega_122,mega_140,Križanke,1503
mega_384,mega_122,mega_136,Privoz,393
mega_384,mega_122,mega_294,Slovenija avto,627
mega_384,mega_122,mega_172,Bavarski dvor,743
mega_384,mega_122,mega_172,Bavarski dvor,710
mega_384,mega_122,mega_467,D. MOST P+R,1631
mega_384,mega_122,mega_333,Savske stolpnice,348
mega_384,mega_122,mega_172,Bavarski dvor,416
mega_384,mega_122,mega_130,Gornji trg,110
mega_384,mega_122,mega_371,Tovorni kolodvor,108
mega_384,mega_122,mega_172,Bavarski dvor,373
mega_384,mega_122,mega_172,Bavarski dvor,850
mega_384,mega_122,mega_42,Ajdovščina,407
mega_384,mega_122,mega_173,Tivoli,89
mega_384,mega_122,mega_172,Bavarski dvor,210
mega_384,mega_122,mega_148,Astra,1491
mega_384,mega_122,mega_326,Zmajski most,144
mega_384,mega_122,mega_325,Drama,166
mega_384,mega_122,mega_254,Razstavišče,885
mega_384,mega_122,mega_117,Kneza Koclja,697
mega_384,mega_122,mega_307,Bolnica,1274
mega_384,mega_122,mega_148,Astra,108
mega_384,mega_122,mega_404,Dalmatinova/Tavčarjeva,164
mega_384,mega_122,mega_193,Aškerčeva,11
mega_384,mega_122,mega_402,Konzorcij/Pošta,111
mega_384,mega_122,mega_140,Križanke,162
mega_384,mega_122,mega_402,Konzorcij/Pošta,87
mega_384,mega_122,mega_72,Vič Glince,23
mega_384,mega_122,mega_42,Ajdovščina,408
mega_384,mega_122,mega_325,Drama,34
mega_384,mega_122,mega_147,Hajdrihova,27
mega_384,mega_122,mega_67,Koseze,345
mega_384,mega_122,mega_325,Drama,315
mega_384,mega_122,mega_148,Astra,706
mega_384,mega_122,mega_172,Bavarski dvor,727
mega_384,mega_122,mega_325,Drama,607
mega_384,mega_122,mega_292,Kino Šiška,427
mega_384,mega_122,mega_292,Kino Šiška,1327
mega_384,mega_122,mega_133,Hrastje,599
mega_384,mega_122,mega_325,Drama,1178
mega_384,mega_122,mega_402,Konzorcij/Pošta,353
mega_384,mega_122,mega_472,Nove Jarše,637
mega_384,mega_122,mega_172,Bavarski dvor,897
mega_384,mega_122,mega_384,Jadranska,150
mega_384,mega_122,mega_393,Parmova,71
mega_384,mega_122,mega_402,Konzorcij/Pošta,9
mega_384,mega_122,mega_325,Drama,253
mega_384,mega_122,mega_129,Ambrožev trg,324
mega_384,mega_122,mega_210,Ruski car,1483
mega_384,mega_122,mega_117,Kneza Koclja,962
mega_384,mega_122,mega_325,Drama,74
mega_384,mega_122,mega_254,Razstavišče,1648
mega_384,mega_122,mega_172,Bavarski dvor,981
mega_384,mega_122,mega_172,Bavarski dvor,614
mega_384,mega_122,mega_254,Razstavišče,1187
mega_384,mega_122,mega_140,Križanke,957
mega_384,mega_122,mega_172,Bavarski dvor,1229
mega_384,mega_122,mega_172,Bavarski dvor,161
mega_384,mega_122,mega_130,Gornji trg,62
mega_384,mega_122,mega_172,Bavarski dvor,169
mega_384,mega_122,mega_352,Rakovnik,124
mega_384,mega_122,mega_390,Zaloška,318
mega_384,mega_122,mega_343,Friškovec,203
mega_384,mega_122,mega_254,Razstavišče,345
mega_384,mega_122,mega_348,Stara cerkev,425
mega_384,mega_122,mega_172,Bavarski dvor,721
mega_384,mega_122,mega_348,Stara cerkev,43
mega_384,mega_122,mega_172,Bavarski dvor,1784
mega_384,mega_122,N/A,N/A,2460
mega_384,mega_122,mega_390,Zaloška,100
mega_384,mega_122,mega_120,Poljanska,83
mega_384,mega_122,mega_65,Brodarjev trg,2450
mega_384,mega_122,mega_341,Studenec,152
mega_384,mega_122,mega_402,Konzorcij/Pošta,498
mega_384,mega_122,mega_382,Gosposvetska,113
mega_384,mega_122,mega_67,Koseze,808
mega_384,mega_122,mega_67,Koseze,619
mega_384,mega_122,mega_122,Klinični center,50
mega_384,mega_122,mega_254,Razstavišče,283
mega_384,mega_122,mega_103,7. septembra,1766
mega_384,mega_122,mega_400,Aleja/Avtomontaža,510
mega_384,mega_122,mega_343,Friškovec,576
mega_384,mega_122,mega_172,Bavarski dvor,127
mega_384,mega_122,mega_367,Jarše,1835
mega_384,mega_122,mega_260,Tobačna,33
mega_384,mega_122,mega_254,Razstavišče,1197
mega_384,mega_122,mega_402,Konzorcij/Pošta,558
mega_384,mega_122,mega_366,Šola Jarše,1509
mega_384,mega_122,mega_42,Ajdovščina,6
mega_384,mega_122,mega_172,Bavarski dvor,279
mega_384,mega_122,mega_137,Vižmarje,439
mega_384,mega_122,mega_325,Drama,18
mega_384,mega_122,mega_172,Bavarski dvor,194
mega_384,mega_122,mega_172,Bavarski dvor,660
mega_384,mega_122,mega_210,Ruski car,400
mega_384,mega_122,mega_140,Križanke,1749
mega_384,mega_122,mega_101,Stadion,187
mega_384,mega_122,mega_402,Konzorcij/Pošta,590
mega_384,mega_122,mega_254,Razstavišče,77
mega_384,mega_122,mega_402,Konzorcij/Pošta,1510
mega_384,mega_122,mega_254,Razstavišče,418
mega_384,mega_122,mega_147,Hajdrihova,371
mega_384,mega_122,mega_172,Bavarski dvor,241
mega_384,mega_122,mega_193,Aškerčeva,167
mega_384,mega_122,mega_42,Ajdovščina,37
mega_384,mega_122,mega_258,Cukrarna,747
mega_384,mega_122,mega_42,Ajdovščina,1132
mega_384,mega_122,mega_181,Gasilska brigada,97
mega_384,mega_122,mega_42,Ajdovščina,48
mega_384,mega_122,mega_254,Razstavišče,50
mega_384,mega_122,N/A,N/A,2460
mega_384,mega_122,mega_325,Drama,22
mega_384,mega_122,mega_153,Krimska,359
mega_384,mega_122,mega_366,Šola Jarše,665
mega_384,mega_122,N/A,N/A,2460
mega_384,mega_122,mega_400,Aleja/Avtomontaža,176
mega_384,mega_122,mega_325,Drama,535
mega_384,mega_122,mega_42,Ajdovščina,85
mega_384,mega_122,mega_84,Stožice,383
mega_384,mega_122,mega_172,Bavarski dvor,1174
mega_384,mega_122,mega_348,Stara cerkev,855
mega_384,mega_122,mega_342,Pot na Fužine,344
mega_384,mega_122,mega_172,Bavarski dvor,155
mega_384,mega_122,mega_140,Križanke,1094
mega_384,mega_122,mega_342,Pot na Fužine,385
mega_384,mega_122,mega_214,Preglov trg,123
mega_384,mega_122,mega_363,Kolodvor,580
mega_384,mega_122,mega_307,Bolnica,63
mega_384,mega_122,mega_158,Poliklinika,757
mega_384,mega_122,mega_42,Ajdovščina,62
mega_384,mega_122,mega_42,Ajdovščina,332
mega_384,mega_122,mega_402,Konzorcij/Pošta,1027
mega_384,mega_122,mega_120,Poljanska,639
mega_384,mega_122,mega_42,Ajdovščina,85
mega_384,mega_122,mega_254,Razstavišče,144
mega_384,mega_122,mega_391,Šentvid,132
mega_384,mega_122,mega_172,Bavarski dvor,1338
mega_384,mega_122,mega_84,Stožice,683
mega_384,mega_122,mega_292,Kino Šiška,1374
mega_384,mega_122,mega_325,Drama,78
mega_384,mega_122,mega_343,Friškovec,117
mega_384,mega_122,mega_172,Bavarski dvor,272
mega_384,mega_122,mega_172,Bavarski dvor,1801
mega_384,mega_122,mega_402,Konzorcij/Pošta,1058
mega_384,mega_122,mega_123,Cesta v Gorice,87
mega_384,mega_122,mega_146,Viadukt,669
mega_384,mega_122,mega_172,Bavarski dvor,46
mega_384,mega_122,mega_382,Gosposvetska,89
mega_384,mega_122,mega_122,Klinični center,30
mega_384,mega_122,mega_42,Ajdovščina,186
mega_384,mega_122,mega_140,Križanke,231
mega_384,mega_122,mega_389,Štajerska,957
mega_384,mega_122,mega_148,Astra,834
mega_384,mega_122,mega_402,Konzorcij/Pošta,74
mega_384,mega_122,mega_402,Konzorcij/Pošta,76
mega_384,mega_122,mega_172,Bavarski dvor,838
mega_384,mega_122,mega_122,Klinični center,123
mega_384,mega_122,mega_363,Kolodvor,448
mega_384,mega_122,mega_148,Astra,509
mega_384,mega_122,mega_122,Klinični center,206
mega_384,mega_122,mega_346,Ziherlova,868
mega_384,mega_122,mega_343,Friškovec,42
mega_384,mega_122,mega_402,Konzorcij/Pošta,421
mega_384,mega_122,N/A,N/A,2460
mega_384,mega_122,mega_172,Bavarski dvor,1204
mega_384,mega_122,mega_402,Konzorcij/Pošta,653
mega_384,mega_122,mega_367,Jarše,256
mega_384,mega_122,mega_254,Razstavišče,508
mega_384,mega_122,mega_341,Studenec,485
mega_384,mega_122,mega_172,Bavarski dvor,599
mega_384,mega_122,mega_292,Kino Šiška,230
mega_384,mega_122,mega_172,Bavarski dvor,234
mega_384,mega_122,mega_172,Bavarski dvor,451
mega_384,mega_122,mega_254,Razstavišče,1222
mega_384,mega_122,mega_172,Bavarski dvor,92
mega_384,mega_122,mega_382,Gosposvetska,1134
mega_384,mega_122,mega_172,Bavarski dvor,1290
mega_384,mega_122,mega_366,Šola Jarše,81
mega_384,mega_122,mega_172,Bavarski dvor,570
mega_384,mega_122,mega_42,Ajdovščina,133
mega_384,mega_122,mega_245,Cesta v Bizovik,552
mega_384,mega_122,mega_227,Smelt,519
mega_384,mega_122,mega_172,Bavarski dvor,1743
mega_384,mega_122,N/A,N/A,2460
mega_384,mega_122,mega_404,Dalmatinova/Tavčarjeva,958
mega_384,mega_122,mega_42,Ajdovščina,1590
mega_384,mega_122,mega_292,Kino Šiška,76
mega_384,mega_122,mega_325,Drama,165
mega_384,mega_122,mega_42,Ajdovščina,636
mega_384,mega_122,mega_363,Kolodvor,47
mega_384,mega_122,mega_411,Kodeljevo/Ob sotočju,143
mega_384,mega_122,N/A,N/A,2460
mega_384,mega_122,mega_261,Štepanja vas,262
mega_384,mega_122,mega_172,Bavarski dvor,1776
mega_384,mega_122,mega_235,Na klancu,658
mega_384,mega_122,mega_240,Bonifacija,208
mega_384,mega_122,mega_65,Brodarjev trg,555
mega_384,mega_122,mega_173,Tivoli,808
mega_384,mega_122,mega_210,Ruski car,357
mega_384,mega_122,mega_173,Tivoli,1301
mega_384,mega_122,mega_292,Kino Šiška,468
mega_384,mega_122,mega_173,Tivoli,468
mega_384,mega_122,mega_172,Bavarski dvor,752
mega_384,mega_122,mega_42,Ajdovščina,988
mega_384,mega_122,mega_172,Bavarski dvor,483
mega_384,mega_122,mega_325,Drama,151
mega_384,mega_122,mega_402,Konzorcij/Pošta,547
mega_384,mega_122,mega_129,Ambrožev trg,81
mega_384,mega_122,mega_254,Razstavišče,372
mega_384,mega_122,mega_42,Ajdovščina,781
mega_384,mega_122,mega_148,Astra,478
mega_384,mega_122,mega_172,Bavarski dvor,131
mega_384,mega_122,mega_42,Ajdovščina,97
mega_384,mega_122,mega_79,Gornji Rudnik,151
mega_384,mega_122,mega_122,Klinični center,831
mega_384,mega_122,mega_136,Privoz,67
mega_384,mega_122,mega_363,Kolodvor,87
mega_384,mega_122,mega_254,Razstavišče,134
mega_384,mega_122,mega_148,Astra,384
mega_384,mega_122,mega_42,Ajdovščina,513
mega_384,mega_122,mega_130,Gornji trg,834
mega_384,mega_122,mega_354,Gornje Poljane,92
mega_384,mega_122,mega_348,Stara cerkev,337
mega_384,mega_122,mega_126,Bežigrad,484
mega_384,mega_122,mega_325,Drama,1610
mega_384,mega_122,mega_254,Razstavišče,650
mega_384,mega_122,mega_136,Privoz,195
mega_384,mega_122,mega_402,Konzorcij/Pošta,242
mega_384,mega_122,mega_253,Pot na Rakovo jelšo,128
mega_384,mega_122,mega_140,Križanke,175
mega_384,mega_122,mega_382,Gosposvetska,341
mega_384,mega_122,mega_122,Klinični center,935
mega_384,mega_122,mega_126,Bežigrad,244
mega_384,mega_122,mega_122,Klinični center,252
mega_384,mega_122,mega_384,Jadranska,24
mega_384,mega_122,mega_126,Bežigrad,243
mega_384,mega_122,mega_172,Bavarski dvor,401
mega_384,mega_122,mega_325,Drama,112
mega_384,mega_122,mega_221,Mercator,1137
mega_384,mega_122,mega_322,Hrvatski trg,1909
mega_384,mega_122,mega_402,Konzorcij/Pošta,202
mega_384,mega_122,mega_325,Drama,848
mega_384,mega_122,mega_325,Drama,277
mega_384,mega_122,mega_130,Gornji trg,6
mega_384,mega_122,N/A,N/A,2460
mega_384,mega_122,mega_147,Hajdrihova,169
mega_384,mega_122,mega_402,Konzorcij/Pošta,93
mega_384,mega_122,N/A,N/A,2460
mega_384,mega_122,mega_173,Tivoli,615
mega_384,mega_122,N/A,N/A,2460
mega_384,mega_122,mega_148,Astra,446
mega_384,mega_122,mega_343,Friškovec,1184
mega_384,mega_122,mega_216,Tržnica Moste,299
mega_384,mega_122,mega_402,Konzorcij/Pošta,769
mega_384,mega_122,mega_181,Gasilska brigada,102
mega_384,mega_122,mega_325,Drama,106
mega_384,mega_122,mega_42,Ajdovščina,224
mega_384,mega_122,mega_342,Pot na Fužine,74
mega_384,mega_122,mega_325,Drama,69
mega_384,mega_122,mega_254,Razstavišče,86
mega_384,mega_122,mega_325,Drama,53
mega_384,mega_122,mega_325,Drama,756
mega_384,mega_122,mega_254,Razstavišče,362
mega_384,mega_122,mega_325,Drama,93
mega_384,mega_122,mega_254,Razstavišče,667
mega_384,mega_122,mega_172,Bavarski dvor,600
mega_384,mega_122,mega_402,Konzorcij/Pošta,234
mega_384,mega_122,mega_147,Hajdrihova,2194
mega_384,mega_122,mega_42,Ajdovščina,1660
mega_384,mega_122,mega_137,Vižmarje,241
mega_384,mega_122,mega_310,Večna pot,888
mega_384,mega_122,mega_254,Razstavišče,419
mega_384,mega_122,mega_148,Astra,1100
mega_384,mega_122,mega_147,Hajdrihova,47
mega_384,mega_122,mega_138,Tbilisijska,1072
mega_384,mega_122,mega_402,Konzorcij/Pošta,11
mega_384,mega_122,mega_172,Bavarski dvor,469
mega_384,mega_122,mega_172,Bavarski dvor,559
mega_384,mega_122,mega_294,Slovenija avto,1058
mega_384,mega_122,mega_292,Kino Šiška,170
mega_384,mega_122,mega_42,Ajdovščina,854
mega_384,mega_122,mega_120,Poljanska,808
mega_384,mega_122,mega_222,Glonarjeva,92
mega_384,mega_122,mega_122,Klinični center,130
mega_384,mega_122,mega_42,Ajdovščina,178
mega_384,mega_122,mega_136,Privoz,341
mega_384,mega_122,mega_172,Bavarski dvor,83
mega_384,mega_122,mega_402,Konzorcij/Pošta,160
mega_384,mega_122,mega_106,Vrhovci,429
mega_384,mega_122,mega_402,Konzorcij/Pošta,742
mega_384,mega_122,mega_42,Ajdovščina,128
mega_384,mega_122,mega_130,Gornji trg,18
mega_384,mega_122,mega_254,Razstavišče,443
mega_384,mega_122,mega_172,Bavarski dvor,73
mega_384,mega_122,mega_325,Drama,240
mega_384,mega_122,mega_181,Gasilska brigada,482
mega_384,mega_122,mega_140,Križanke,299
mega_384,mega_122,mega_402,Konzorcij/Pošta,152
mega_384,mega_122,mega_343,Friškovec,73
mega_384,mega_122,mega_348,Stara cerkev,1348
mega_384,mega_122,mega_172,Bavarski dvor,183
mega_384,mega_122,mega_42,Ajdovščina,375
mega_384,mega_122,mega_172,Bavarski dvor,245
mega_384,mega_122,mega_172,Bavarski dvor,311
mega_384,mega_122,mega_65,Brodarjev trg,599
mega_384,mega_122,mega_173,Tivoli,2253
mega_384,mega_122,mega_122,Klinični center,249
mega_384,mega_122,mega_42,Ajdovščina,1039
mega_384,mega_122,mega_150,Kodeljevo,294
mega_384,mega_122,mega_254,Razstavišče,1341
mega_384,mega_122,mega_172,Bavarski dvor,1304
mega_384,mega_122,mega_193,Aškerčeva,66
mega_384,mega_122,mega_235,Na klancu,357
mega_384,mega_122,mega_42,Ajdovščina,31
mega_384,mega_122,mega_382,Gosposvetska,182
mega_384,mega_122,mega_235,Na klancu,196
mega_384,mega_122,N/A,N/A,2460
mega_384,mega_122,mega_172,Bavarski dvor,179
mega_384,mega_122,mega_325,Drama,135
mega_384,mega_122,mega_173,Tivoli,224
mega_384,mega_122,mega_100,Litostrojska,882
mega_384,mega_122,mega_325,Drama,12
mega_384,mega_122,mega_292,Kino Šiška,97
mega_384,mega_122,mega_389,Štajerska,797
mega_384,mega_122,mega_130,Gornji trg,530
mega_384,mega_122,mega_172,Bavarski dvor,412
mega_384,mega_122,mega_325,Drama,102
mega_384,mega_122,mega_292,Kino Šiška,166
mega_384,mega_122,mega_136,Privoz,45
mega_384,mega_122,mega_390,Zaloška,765
mega_384,mega_122,mega_384,Jadranska,50
mega_384,mega_122,mega_172,Bavarski dvor,401
mega_384,mega_122,mega_325,Drama,260
mega_384,mega_122,mega_382,Gosposvetska,277
mega_384,mega_122,mega_343,Friškovec,390
mega_384,mega_122,mega_122,Klinični center,1364
mega_384,mega_122,mega_172,Bavarski dvor,29
mega_384,mega_122,mega_390,Zaloška,59
mega_384,mega_122,mega_42,Ajdovščina,30
mega_384,mega_122,mega_390,Zaloška,80
mega_384,mega_122,mega_140,Križanke,17
mega_384,mega_122,mega_172,Bavarski dvor,17
mega_384,mega_122,mega_172,Bavarski dvor,1370
mega_384,mega_122,mega_122,Klinični center,207
mega_384,mega_122,mega_348,Stara cerkev,542
mega_384,mega_122,mega_126,Bežigrad,263
mega_384,mega_122,mega_42,Ajdovščina,1815
mega_384,mega_122,mega_172,Bavarski dvor,130
mega_384,mega_122,mega_402,Konzorcij/Pošta,91
mega_384,mega_122,mega_382,Gosposvetska,321
mega_384,mega_122,mega_130,Gornji trg,114
mega_384,mega_122,mega_172,Bavarski dvor,96
mega_384,mega_122,mega_148,Astra,82
mega_384,mega_122,mega_214,Preglov trg,394
mega_384,mega_122,mega_172,Bavarski dvor,124
mega_384,mega_122,mega_172,Bavarski dvor,450
mega_384,mega_122,mega_101,Stadion,509
mega_384,mega_122,mega_63,Draveljska gmajna,2283
mega_384,mega_122,mega_122,Klinični center,304
mega_384,mega_122,mega_292,Kino Šiška,407
mega_384,mega_122,mega_354,Gornje Poljane,1593
mega_384,mega_122,mega_294,Slovenija avto,698
mega_384,mega_122,mega_126,Bežigrad,706
mega_384,mega_122,mega_333,Savske stolpnice,1373
mega_384,mega_122,mega_254,Razstavišče,2307
mega_384,mega_122,mega_292,Kino Šiška,124
mega_384,mega_122,mega_172,Bavarski dvor,51
mega_384,mega_122,mega_402,Konzorcij/Pošta,342
mega_384,mega_122,mega_42,Ajdovščina,230
mega_384,mega_122,mega_42,Ajdovščina,190
mega_384,mega_122,mega_325,Drama,368
mega_384,mega_122,mega_129,Ambrožev trg,1239
mega_384,mega_122,mega_325,Drama,114
mega_384,mega_122,mega_333,Savske stolpnice,49
mega_384,mega_122,mega_42,Ajdovščina,598
mega_384,mega_122,N/A,N/A,2460
mega_384,mega_122,mega_42,Ajdovščina,99
mega_384,mega_122,mega_122,Klinični center,1326
mega_384,mega_122,mega_254,Razstavišče,238
mega_384,mega_122,mega_260,Tobačna,508
mega_384,mega_122,mega_126,Bežigrad,888
mega_384,mega_122,mega_258,Cukrarna,873
mega_384,mega_122,mega_343,Friškovec,369
mega_384,mega_122,mega_254,Razstavišče,96
mega_384,mega_122,mega_366,Šola Jarše,760
mega_384,mega_122,mega_172,Bavarski dvor,695
mega_384,mega_122,mega_172,Bavarski dvor,640
mega_384,mega_122,mega_172,Bavarski dvor,424
mega_384,mega_122,mega_261,Štepanja vas,70
mega_384,mega_122,mega_122,Klinični center,89
mega_384,mega_122,mega_62,Lutkovno gl.,829
mega_384,mega_122,mega_122,Klinični center,1163
mega_384,mega_122,mega_402,Konzorcij/Pošta,2221
mega_384,mega_122,mega_42,Ajdovščina,272
mega_384,mega_122,mega_325,Drama,77
mega_384,mega_122,mega_341,Studenec,1002
mega_384,mega_122,mega_259,Savsko naselje,184
mega_384,mega_122,mega_172,Bavarski dvor,253
mega_384,mega_122,mega_172,Bavarski dvor,1843
mega_384,mega_122,mega_261,Štepanja vas,216
mega_384,mega_122,mega_348,Stara cerkev,1764
mega_384,mega_122,mega_193,Aškerčeva,1272
mega_384,mega_122,mega_382,Gosposvetska,266
mega_384,mega_122,mega_172,Bavarski dvor,519
mega_384,mega_122,mega_140,Križanke,796
mega_384,mega_122,mega_172,Bavarski dvor,1604
mega_384,mega_122,mega_254,Razstavišče,37
mega_384,mega_122,mega_333,Savske stolpnice,791
mega_384,mega_122,mega_148,Astra,594
mega_384,mega_122,mega_172,Bavarski dvor,249
mega_384,mega_122,mega_171,AMZS,1317
mega_384,mega_122,N/A,N/A,2460
mega_384,mega_122,mega_129,Ambrožev trg,75
mega_384,mega_122,mega_402,Konzorcij/Pošta,1352
mega_384,mega_122,mega_42,Ajdovščina,210
mega_384,mega_122,mega_181,Gasilska brigada,1801
mega_384,mega_122,mega_333,Savske stolpnice,108
mega_384,mega_122,mega_382,Gosposvetska,69
mega_384,mega_122,mega_172,Bavarski dvor,88
mega_384,mega_122,mega_294,Slovenija avto,112
mega_384,mega_122,mega_363,Kolodvor,199
mega_384,mega_122,mega_13,Bizovik,918
mega_384,mega_122,mega_193,Aškerčeva,59
mega_384,mega_122,mega_130,Gornji trg,455
mega_384,mega_122,mega_390,Zaloška,778
mega_384,mega_122,mega_42,Ajdovščina,177
mega_384,mega_122,mega_42,Ajdovščina,498
mega_384,mega_122,mega_42,Ajdovščina,152
mega_384,mega_122,mega_129,Ambrožev trg,546
mega_384,mega_122,mega_90,Jana Husa,445
mega_384,mega_122,mega_171,AMZS,161
mega_384,mega_122,mega_175,Veliki štradon,226
mega_384,mega_122,mega_42,Ajdovščina,415
mega_384,mega_122,mega_366,Šola Jarše,738
mega_384,mega_122,mega_325,Drama,210
mega_384,mega_122,mega_254,Razstavišče,34
mega_384,mega_122,mega_42,Ajdovščina,996
mega_384,mega_122,mega_173,Tivoli,888
mega_384,mega_122,mega_172,Bavarski dvor,1923
mega_384,mega_122,mega_140,Križanke,920
mega_384,mega_122,mega_402,Konzorcij/Pošta,25
mega_384,mega_122,mega_42,Ajdovščina,239
mega_384,mega_122,mega_402,Konzorcij/Pošta,31
mega_384,mega_122,mega_254,Razstavišče,413
mega_384,mega_122,mega_95,Topniška,113
mega_384,mega_122,mega_221,Mercator,707
mega_384,mega_122,mega_126,Bežigrad,297
mega_384,mega_122,mega_366,Šola Jarše,236
mega_384,mega_122,mega_172,Bavarski dvor,114
mega_384,mega_122,mega_42,Ajdovščina,1893
mega_384,mega_122,mega_136,Privoz,186
mega_384,mega_122,mega_193,Aškerčeva,33
mega_384,mega_122,mega_402,Konzorcij/Pošta,309
mega_384,mega_122,mega_325,Drama,42
mega_384,mega_122,mega_172,Bavarski dvor,188
mega_384,mega_122,mega_293,Središka,605
mega_384,mega_122,mega_329,Podvozna pot,639
mega_384,mega_122,mega_325,Drama,62
mega_384,mega_122,mega_42,Ajdovščina,54
mega_384,mega_122,mega_42,Ajdovščina,224
mega_384,mega_122,mega_173,Tivoli,184
mega_384,mega_122,mega_193,Aškerčeva,21
mega_384,mega_122,mega_214,Preglov trg,1322
mega_384,mega_122,mega_147,Hajdrihova,598
mega_384,mega_122,mega_293,Središka,679
mega_384,mega_122,mega_402,Konzorcij/Pošta,37
mega_384,mega_122,mega_402,Konzorcij/Pošta,91
mega_384,mega_122,mega_260,Tobačna,72
mega_384,mega_122,mega_402,Konzorcij/Pošta,362
mega_384,mega_122,mega_72,Vič Glince,345
mega_384,mega_122,mega_348,Stara cerkev,1064
mega_384,mega_122,mega_120,Poljanska,105
mega_384,mega_122,mega_172,Bavarski dvor,410
mega_384,mega_122,mega_402,Konzorcij/Pošta,370
mega_384,mega_122,mega_382,Gosposvetska,462
mega_384,mega_122,mega_400,Aleja/Avtomontaža,85
mega_384,mega_122,mega_402,Konzorcij/Pošta,142
mega_384,mega_122,mega_366,Šola Jarše,365
mega_384,mega_122,mega_325,Drama,244
mega_384,mega_122,mega_363,Kolodvor,261
mega_384,mega_122,mega_147,Hajdrihova,698
mega_384,mega_122,mega_402,Konzorcij/Pošta,239
mega_384,mega_122,mega_172,Bavarski dvor,143
mega_384,mega_122,mega_231,Akademija,334
mega_384,mega_122,mega_384,Jadranska,54
mega_384,mega_122,mega_254,Razstavišče,1527
mega_384,mega_122,mega_172,Bavarski dvor,341
mega_384,mega_122,mega_148,Astra,325
mega_384,mega_122,mega_129,Ambrožev trg,337
mega_384,mega_122,mega_42,Ajdovščina,1034
mega_384,mega_122,mega_325,Drama,146
mega_384,mega_122,mega_173,Tivoli,338
mega_384,mega_122,mega_172,Bavarski dvor,411
mega_384,mega_122,mega_172,Bavarski dvor,144
mega_384,mega_122,mega_402,Konzorcij/Pošta,35
mega_384,mega_122,mega_382,Gosposvetska,166
mega_384,mega_122,mega_129,Ambrožev trg,1999
mega_384,mega_122,mega_172,Bavarski dvor,82
mega_384,mega_122,mega_402,Konzorcij/Pošta,95
mega_384,mega_122,mega_172,Bavarski dvor,165
mega_384,mega_122,mega_402,Konzorcij/Pošta,331
mega_384,mega_122,mega_260,Tobačna,395
mega_384,mega_122,mega_402,Konzorcij/Pošta,37
mega_384,mega_122,mega_254,Razstavišče,2113
mega_384,mega_122,mega_147,Hajdrihova,85
mega_384,mega_122,mega_348,Stara cerkev,670
mega_384,mega_122,mega_101,Stadion,500
mega_384,mega_122,mega_402,Konzorcij/Pošta,7
mega_384,mega_122,mega_138,Tbilisijska,60
mega_384,mega_122,mega_292,Kino Šiška,544
mega_384,mega_122,N/A,N/A,2460
mega_384,mega_122,N/A,N/A,2460
mega_384,mega_122,mega_147,Hajdrihova,1184
mega_384,mega_122,mega_42,Ajdovščina,49
mega_384,mega_122,mega_254,Razstavišče,183
mega_384,mega_122,mega_117,Kneza Koclja,1185
mega_384,mega_122,mega_285,Omersova,1200
mega_384,mega_122,mega_386,Yulon,163
mega_384,mega_122,mega_367,Jarše,1483
mega_384,mega_122,mega_325,Drama,153
mega_384,mega_122,mega_140,Križanke,21
mega_384,mega_122,mega_382,Gosposvetska,154
mega_384,mega_122,mega_172,Bavarski dvor,311
mega_384,mega_122,mega_173,Tivoli,497
mega_384,mega_122,mega_130,Gornji trg,887
mega_384,mega_122,mega_73,Gerbičeva,27
mega_384,mega_122,mega_374,Strelišče,633
mega_384,mega_122,mega_288,Kardeljeva ploščad,137
mega_384,mega_122,mega_172,Bavarski dvor,462
mega_384,mega_122,mega_401,Remiza/Šišenska,667
mega_384,mega_122,mega_254,Razstavišče,350
mega_384,mega_122,mega_147,Hajdrihova,226
mega_384,mega_122,mega_136,Privoz,1371
mega_384,mega_122,mega_402,Konzorcij/Pošta,725
mega_384,mega_122,mega_164,Kompas,793
mega_384,mega_122,mega_402,Konzorcij/Pošta,346
mega_384,mega_122,mega_172,Bavarski dvor,605
mega_384,mega_122,mega_137,Vižmarje,460
mega_384,mega_122,mega_130,Gornji trg,24
mega_384,mega_122,mega_172,Bavarski dvor,851
mega_384,mega_122,mega_42,Ajdovščina,281
mega_384,mega_122,mega_42,Ajdovščina,82
mega_384,mega_122,mega_173,Tivoli,295
mega_384,mega_122,mega_172,Bavarski dvor,356
mega_384,mega_122,mega_325,Drama,481
mega_384,mega_122,mega_138,Tbilisijska,177
mega_384,mega_122,mega_371,Tovorni kolodvor,219
mega_384,mega_122,mega_240,Bonifacija,1049
mega_384,mega_122,mega_126,Bežigrad,926
mega_384,mega_122,mega_42,Ajdovščina,764
mega_384,mega_122,mega_72,Vič Glince,1109
mega_384,mega_122,mega_260,Tobačna,423
mega_384,mega_122,mega_325,Drama,10
mega_384,mega_122,mega_402,Konzorcij/Pošta,224
mega_384,mega_122,mega_214,Preglov trg,1401
mega_384,mega_122,mega_354,Gornje Poljane,578
mega_384,mega_122,mega_21,Tacen,950
mega_384,mega_122,mega_130,Gornji trg,264
mega_384,mega_122,mega_333,Savske stolpnice,137
mega_384,mega_122,mega_140,Križanke,778
mega_384,mega_122,mega_292,Kino Šiška,1000
mega_384,mega_122,mega_292,Kino Šiška,525
mega_384,mega_122,mega_307,Bolnica,144
mega_384,mega_122,mega_354,Gornje Poljane,88
mega_384,mega_122,mega_172,Bavarski dvor,1064
mega_384,mega_122,mega_172,Bavarski dvor,83
mega_384,mega_122,mega_42,Ajdovščina,248
mega_384,mega_122,mega_402,Konzorcij/Pošta,149
mega_384,mega_122,mega_261,Štepanja vas,848
mega_384,mega_122,mega_148,Astra,523
mega_384,mega_122,mega_140,Križanke,33
mega_384,mega_122,mega_172,Bavarski dvor,100
mega_384,mega_122,mega_402,Konzorcij/Pošta,534
mega_384,mega_122,mega_259,Savsko naselje,414
mega_384,mega_122,mega_147,Hajdrihova,624
mega_384,mega_122,mega_325,Drama,96
mega_384,mega_122,mega_136,Privoz,836
mega_384,mega_122,mega_172,Bavarski dvor,1414
mega_384,mega_122,mega_331,Gorjančeva,758
mega_384,mega_122,mega_254,Razstavišče,71
mega_384,mega_122,mega_404,Dalmatinova/Tavčarjeva,28
mega_384,mega_122,mega_294,Slovenija avto,678
mega_384,mega_122,mega_348,Stara cerkev,355
mega_384,mega_122,mega_402,Konzorcij/Pošta,197
mega_384,mega_122,mega_325,Drama,28
mega_384,mega_122,mega_147,Hajdrihova,548
mega_384,mega_122,mega_172,Bavarski dvor,1167
mega_384,mega_122,mega_172,Bavarski dvor,1245
mega_384,mega_122,mega_172,Bavarski dvor,311
mega_384,mega_122,mega_382,Gosposvetska,1376
mega_384,mega_122,mega_172,Bavarski dvor,480
mega_384,mega_122,mega_172,Bavarski dvor,544
mega_384,mega_122,mega_402,Konzorcij/Pošta,886
mega_384,mega_122,mega_85,Prekmurska,156
mega_384,mega_122,mega_42,Ajdovščina,937
mega_384,mega_122,mega_172,Bavarski dvor,69
mega_384,mega_122,mega_153,Krimska,345
mega_384,mega_122,mega_172,Bavarski dvor,60
mega_384,mega_122,mega_472,Nove Jarše,397
mega_384,mega_122,mega_129,Ambrožev trg,350
mega_384,mega_122,mega_172,Bavarski dvor,31
mega_384,mega_122,mega_46,Cesta na Vevče,620
mega_384,mega_122,mega_126,Bežigrad,302
mega_384,mega_122,mega_147,Hajdrihova,102
mega_384,mega_122,mega_391,Šentvid,291
mega_384,mega_122,mega_122,Klinični center,1700
mega_384,mega_122,mega_379,Dolgi most,100
mega_384,mega_122,mega_254,Razstavišče,1896
mega_384,mega_122,mega_173,Tivoli,215
mega_384,mega_122,mega_172,Bavarski dvor,1494
mega_384,mega_122,mega_129,Ambrožev trg,196
mega_384,mega_122,mega_382,Gosposvetska,463
mega_384,mega_122,mega_325,Drama,2135
mega_384,mega_122,mega_363,Kolodvor,466
mega_384,mega_122,mega_325,Drama,237
mega_384,mega_122,mega_172,Bavarski dvor,737
mega_384,mega_122,mega_126,Bežigrad,2300
mega_384,mega_122,mega_46,Cesta na Vevče,179
mega_384,mega_122,mega_140,Križanke,43
mega_384,mega_122,mega_42,Ajdovščina,1474
mega_384,mega_122,mega_402,Konzorcij/Pošta,928
mega_384,mega_122,mega_172,Bavarski dvor,775
mega_384,mega_122,mega_42,Ajdovščina,326
mega_384,mega_122,mega_42,Ajdovščina,1369
mega_384,mega_122,mega_402,Konzorcij/Pošta,696
mega_384,mega_122,mega_42,Ajdovščina,546
mega_384,mega_122,mega_254,Razstavišče,504
mega_384,mega_122,mega_42,Ajdovščina,2430
mega_384,mega_122,mega_172,Bavarski dvor,41
mega_384,mega_122,mega_42,Ajdovščina,136
mega_384,mega_122,mega_84,Stožice,350
mega_384,mega_122,mega_136,Privoz,87
mega_384,mega_122,mega_273,Ježica,258
mega_384,mega_122,mega_294,Slovenija avto,105
mega_384,mega_122,mega_172,Bavarski dvor,117
mega_384,mega_122,mega_221,Mercator,403
mega_384,mega_122,mega_325,Drama,100
mega_384,mega_122,mega_42,Ajdovščina,979
mega_384,mega_122,mega_325,Drama,286
mega_384,mega_122,mega_120,Poljanska,159
mega_384,mega_122,mega_126,Bežigrad,638
mega_384,mega_122,mega_325,Drama,1140
mega_384,mega_122,mega_126,Bežigrad,1052
mega_384,mega_122,mega_384,Jadranska,30
mega_384,mega_122,mega_120,Poljanska,66
mega_384,mega_122,mega_357,Chengdujska,427
mega_384,mega_122,mega_254,Razstavišče,161
mega_384,mega_122,mega_120,Poljanska,83
mega_384,mega_122,mega_374,Strelišče,101
mega_384,mega_122,N/A,N/A,2460
mega_384,mega_122,mega_172,Bavarski dvor,120
mega_384,mega_122,mega_148,Astra,149
mega_384,mega_122,mega_172,Bavarski dvor,618
mega_384,mega_122,mega_136,Privoz,191
mega_384,mega_122,mega_330,Cankarjev dom,442
mega_384,mega_122,mega_402,Konzorcij/Pošta,209
mega_384,mega_122,mega_382,Gosposvetska,1642
mega_384,mega_122,mega_130,Gornji trg,1428
mega_384,mega_122,mega_42,Ajdovščina,864
mega_384,mega_122,mega_42,Ajdovščina,482
mega_384,mega_122,mega_254,Razstavišče,1182
mega_384,mega_122,mega_42,Ajdovščina,161
mega_384,mega_122,mega_382,Gosposvetska,108
mega_384,mega_122,mega_363,Kolodvor,552
mega_384,mega_122,mega_42,Ajdovščina,18
mega_384,mega_122,mega_404,Dalmatinova/Tavčarjeva,444
mega_384,mega_122,mega_140,Križanke,121
mega_384,mega_122,mega_254,Razstavišče,116
mega_384,mega_122,mega_273,Ježica,120
mega_384,mega_122,mega_402,Konzorcij/Pošta,1515
mega_384,mega_122,mega_193,Aškerčeva,143
mega_384,mega_122,mega_254,Razstavišče,491
mega_384,mega_122,mega_148,Astra,223
mega_384,mega_122,mega_402,Konzorcij/Pošta,138
mega_384,mega_122,mega_309,Kolodvor Črnuče,462
mega_384,mega_122,mega_148,Astra,66
mega_384,mega_122,mega_325,Drama,97
mega_384,mega_122,mega_333,Savske stolpnice,553
mega_384,mega_122,mega_172,Bavarski dvor,298
mega_384,mega_122,mega_126,Bežigrad,727
mega_384,mega_122,mega_172,Bavarski dvor,173
mega_384,mega_122,mega_402,Konzorcij/Pošta,186
mega_384,mega_122,mega_42,Ajdovščina,64
mega_384,mega_122,mega_140,Križanke,481
mega_384,mega_122,mega_382,Gosposvetska,808
mega_384,mega_122,mega_325,Drama,2151
mega_384,mega_122,mega_42,Ajdovščina,114
mega_384,mega_122,mega_254,Razstavišče,73
mega_384,mega_122,mega_193,Aškerčeva,1137
mega_384,mega_122,mega_325,Drama,14
mega_384,mega_122,N/A,N/A,2460
mega_384,mega_122,mega_325,Drama,250
mega_384,mega_122,mega_172,Bavarski dvor,319
mega_384,mega_122,mega_366,Šola Jarše,707
mega_384,mega_122,mega_148,Astra,445
mega_384,mega_122,mega_140,Križanke,888
mega_384,mega_122,mega_325,Drama,114
mega_384,mega_122,mega_42,Ajdovščina,1772
mega_384,mega_122,mega_172,Bavarski dvor,589
mega_384,mega_122,mega_382,Gosposvetska,546
mega_384,mega_122,mega_172,Bavarski dvor,2218
mega_384,mega_122,mega_301,Vodovodna,159
mega_384,mega_122,mega_130,Gornji trg,1179
mega_384,mega_122,mega_254,Razstavišče,1264
mega_384,mega_122,mega_172,Bavarski dvor,47
mega_384,mega_122,mega_348,Stara cerkev,1637
mega_384,mega_122,mega_402,Konzorcij/Pošta,59
mega_384,mega_122,mega_42,Ajdovščina,20
mega_384,mega_122,mega_42,Ajdovščina,72
mega_384,mega_122,mega_164,Kompas,418
mega_384,mega_122,mega_404,Dalmatinova/Tavčarjeva,18
mega_384,mega_122,mega_292,Kino Šiška,1987
mega_384,mega_122,mega_254,Razstavišče,581
mega_384,mega_122,mega_261,Štepanja vas,287
mega_384,mega_122,mega_363,Kolodvor,105
mega_384,mega_122,mega_42,Ajdovščina,74
mega_384,mega_122,mega_172,Bavarski dvor,929
mega_384,mega_122,mega_136,Privoz,120
mega_384,mega_122,mega_303,Rusjanov trg,451
mega_384,mega_122,mega_172,Bavarski dvor,186
mega_384,mega_122,mega_172,Bavarski dvor,22
mega_384,mega_122,mega_402,Konzorcij/Pošta,152
mega_384,mega_122,mega_254,Razstavišče,92
mega_384,mega_122,mega_147,Hajdrihova,131
mega_384,mega_122,mega_42,Ajdovščina,24
mega_384,mega_122,mega_366,Šola Jarše,545
mega_384,mega_122,mega_42,Ajdovščina,687
mega_384,mega_122,mega_148,Astra,744
mega_384,mega_122,mega_307,Bolnica,143
mega_384,mega_122,mega_42,Ajdovščina,1002
mega_384,mega_122,mega_402,Konzorcij/Pošta,79
mega_384,mega_122,mega_42,Ajdovščina,264
mega_384,mega_122,mega_84,Stožice,2093
mega_384,mega_122,mega_210,Ruski car,169
mega_384,mega_122,mega_172,Bavarski dvor,178
mega_384,mega_122,mega_402,Konzorcij/Pošta,458
mega_384,mega_122,mega_404,Dalmatinova/Tavčarjeva,24
mega_384,mega_122,mega_94,Vič,104
mega_384,mega_122,mega_325,Drama,38
mega_384,mega_122,mega_351,Žito,342
mega_384,mega_122,mega_342,Pot na Fužine,248
mega_384,mega_122,mega_254,Razstavišče,273
mega_384,mega_122,mega_42,Ajdovščina,115
mega_384,mega_122,mega_126,Bežigrad,763
mega_384,mega_122,mega_172,Bavarski dvor,15
mega_384,mega_122,mega_382,Gosposvetska,126
mega_384,mega_122,mega_325,Drama,210
mega_384,mega_122,mega_42,Ajdovščina,655
mega_384,mega_122,mega_407,Flajšmanova/ZELENA JAMA,874
mega_384,mega_122,mega_235,Na klancu,1228
mega_384,mega_122,mega_193,Aškerčeva,252
mega_384,mega_122,mega_172,Bavarski dvor,208
mega_384,mega_122,mega_172,Bavarski dvor,190
mega_384,mega_122,mega_42,Ajdovščina,345
mega_384,mega_122,mega_172,Bavarski dvor,604
mega_384,mega_122,mega_91,Pošta Dobrunje,400
mega_384,mega_122,mega_292,Kino Šiška,735
mega_384,mega_122,mega_363,Kolodvor,137
mega_384,mega_122,mega_172,Bavarski dvor,545
mega_384,mega_122,mega_331,Gorjančeva,695
mega_384,mega_122,mega_105,ŽELEZNA,44
mega_384,mega_122,mega_172,Bavarski dvor,185
mega_384,mega_122,mega_94,Vič,41
mega_384,mega_122,mega_42,Ajdovščina,422
mega_384,mega_122,mega_172,Bavarski dvor,116
mega_384,mega_122,mega_172,Bavarski dvor,1085
mega_384,mega_122,mega_216,Tržnica Moste,93
mega_384,mega_122,mega_140,Križanke,197
mega_384,mega_122,mega_401,Remiza/Šišenska,768
mega_384,mega_122,mega_216,Tržnica Moste,537
mega_384,mega_122,mega_126,Bežigrad,1187
mega_384,mega_122,mega_153,Krimska,222
mega_384,mega_122,mega_172,Bavarski dvor,1321
mega_384,mega_122,mega_42,Ajdovščina,192
mega_384,mega_122,mega_402,Konzorcij/Pošta,31
mega_384,mega_122,mega_402,Konzorcij/Pošta,498
mega_384,mega_122,mega_172,Bavarski dvor,127
mega_384,mega_122,mega_148,Astra,476
mega_384,mega_122,mega_325,Drama,646
mega_384,mega_122,mega_254,Razstavišče,537
mega_384,mega_122,mega_42,Ajdovščina,972
mega_384,mega_122,mega_382,Gosposvetska,2068
mega_384,mega_122,mega_147,Hajdrihova,110
mega_384,mega_122,mega_172,Bavarski dvor,42
mega_384,mega_122,mega_402,Konzorcij/Pošta,283
mega_384,mega_122,mega_130,Gornji trg,26
mega_384,mega_122,N/A,N/A,2460
mega_384,mega_122,mega_382,Gosposvetska,470
mega_384,mega_122,mega_146,Viadukt,432
mega_384,mega_122,mega_292,Kino Šiška,416
mega_384,mega_122,mega_386,Yulon,563
mega_384,mega_122,mega_294,Slovenija avto,1319
mega_384,mega_122,mega_94,Vič,402
mega_384,mega_122,mega_325,Drama,26
mega_384,mega_122,mega_210,Ruski car,1065
mega_384,mega_122,mega_333,Savske stolpnice,625
mega_384,mega_122,mega_100,Litostrojska,257
mega_384,mega_122,mega_130,Gornji trg,1000
mega_384,mega_122,mega_292,Kino Šiška,467
mega_384,mega_122,mega_42,Ajdovščina,394
mega_384,mega_122,mega_148,Astra,507
mega_384,mega_122,mega_42,Ajdovščina,25
mega_384,mega_122,mega_172,Bavarski dvor,893
mega_384,mega_122,mega_333,Savske stolpnice,1780
mega_384,mega_122,mega_221,Mercator,278
mega_384,mega_122,mega_42,Ajdovščina,224
mega_384,mega_122,mega_343,Friškovec,115
mega_384,mega_122,mega_172,Bavarski dvor,108
mega_384,mega_122,mega_101,Stadion,456
mega_384,mega_122,mega_332,Žale,1638
mega_384,mega_122,mega_172,Bavarski dvor,1443
mega_384,mega_122,N/A,N/A,2460
mega_384,mega_122,mega_181,Gasilska brigada,347
mega_384,mega_122,mega_122,Klinični center,709
mega_384,mega_122,mega_140,Križanke,623
mega_384,mega_122,mega_172,Bavarski dvor,72
mega_384,mega_122,mega_402,Konzorcij/Pošta,1879
mega_384,mega_122,mega_216,Tržnica Moste,503
mega_384,mega_122,mega_126,Bežigrad,176
mega_384,mega_122,mega_172,Bavarski dvor,99
mega_384,mega_122,mega_322,Hrvatski trg,36
mega_384,mega_122,mega_325,Drama,48
mega_384,mega_122,mega_343,Friškovec,184
mega_384,mega_122,mega_122,Klinični center,250
mega_384,mega_122,mega_172,Bavarski dvor,667
mega_384,mega_122,mega_171,AMZS,224
mega_384,mega_122,mega_172,Bavarski dvor,449
mega_384,mega_122,mega_325,Drama,40
mega_384,mega_122,mega_325,Drama,38
mega_384,mega_122,mega_42,Ajdovščina,369
mega_384,mega_122,mega_379,Dolgi most,78
mega_384,mega_122,mega_172,Bavarski dvor,134
mega_384,mega_122,mega_254,Razstavišče,2391
mega_384,mega_122,mega_26,Zgornji log,56
mega_384,mega_122,mega_197,Na Žalah,573
mega_384,mega_122,mega_467,D. MOST P+R,158
mega_384,mega_122,mega_402,Konzorcij/Pošta,666
mega_384,mega_122,mega_307,Bolnica,1844
mega_384,mega_122,mega_42,Ajdovščina,191
mega_384,mega_122,mega_182,Pod Rožnikom,81
mega_384,mega_122,mega_325,Drama,230
mega_384,mega_122,mega_404,Dalmatinova/Tavčarjeva,514
mega_384,mega_122,mega_164,Kompas,194
mega_384,mega_122,mega_261,Štepanja vas,802
mega_384,mega_122,mega_172,Bavarski dvor,750
mega_384,mega_122,mega_366,Šola Jarše,844
mega_384,mega_122,mega_348,Stara cerkev,1698
mega_384,mega_122,mega_390,Zaloška,573
mega_384,mega_122,mega_333,Savske stolpnice,107
mega_384,mega_122,mega_172,Bavarski dvor,1524
mega_384,mega_122,N/A,N/A,2460
mega_384,mega_122,mega_332,Žale,1099
mega_384,mega_122,mega_363,Kolodvor,1631
mega_384,mega_122,mega_172,Bavarski dvor,164
mega_384,mega_122,mega_343,Friškovec,1224
mega_384,mega_122,mega_147,Hajdrihova,192
mega_384,mega_122,mega_451,DOMŽALE kolodvor,600
mega_384,mega_122,mega_159,BTC-Emporium,1363
mega_384,mega_122,mega_42,Ajdovščina,875
mega_384,mega_122,mega_172,Bavarski dvor,258
mega_384,mega_122,mega_292,Kino Šiška,838
mega_384,mega_122,mega_325,Drama,179
mega_384,mega_122,mega_402,Konzorcij/Pošta,221
mega_384,mega_122,mega_136,Privoz,56
mega_384,mega_122,mega_325,Drama,46
mega_384,mega_122,mega_325,Drama,1010
mega_384,mega_122,mega_172,Bavarski dvor,866
mega_384,mega_122,mega_333,Savske stolpnice,298
mega_384,mega_122,mega_325,Drama,132
mega_384,mega_122,mega_402,Konzorcij/Pošta,72
mega_384,mega_122,mega_172,Bavarski dvor,56
mega_384,mega_122,mega_117,Kneza Koclja,1616
mega_384,mega_122,N/A,N/A,2460
mega_384,mega_122,mega_42,Ajdovščina,37
mega_384,mega_122,mega_382,Gosposvetska,211
mega_384,mega_122,mega_173,Tivoli,827
mega_384,mega_122,mega_325,Drama,1502
mega_384,mega_122,mega_172,Bavarski dvor,416
mega_384,mega_122,mega_172,Bavarski dvor,212
mega_384,mega_122,mega_84,Stožice,179
mega_384,mega_122,mega_172,Bavarski dvor,340
mega_384,mega_122,mega_148,Astra,853
mega_384,mega_122,mega_402,Konzorcij/Pošta,1075
mega_384,mega_122,mega_172,Bavarski dvor,107
mega_384,mega_122,mega_221,Mercator,83
mega_384,mega_122,mega_363,Kolodvor,96
mega_384,mega_122,mega_382,Gosposvetska,455
mega_384,mega_122,mega_325,Drama,695
mega_384,mega_122,mega_172,Bavarski dvor,1051
mega_384,mega_122,mega_147,Hajdrihova,47
mega_384,mega_122,mega_391,Šentvid,1083
mega_384,mega_122,mega_42,Ajdovščina,44
mega_384,mega_122,mega_42,Ajdovščina,20
mega_384,mega_122,mega_67,Koseze,1978
mega_384,mega_122,mega_221,Mercator,1058
mega_384,mega_122,mega_172,Bavarski dvor,23
mega_384,mega_122,mega_292,Kino Šiška,1186
mega_384,mega_122,mega_325,Drama,455
mega_384,mega_122,mega_402,Konzorcij/Pošta,495
mega_384,mega_122,mega_402,Konzorcij/Pošta,165
mega_384,mega_122,mega_437,Cukrarna,137
mega_384,mega_122,mega_130,Gornji trg,132
mega_384,mega_122,mega_147,Hajdrihova,1116
mega_384,mega_122,mega_391,Šentvid,2271
mega_384,mega_122,mega_42,Ajdovščina,834
mega_384,mega_122,mega_173,Tivoli,825
mega_384,mega_122,mega_408,TRNOVO/Trnovo,158
mega_384,mega_122,mega_42,Ajdovščina,155
mega_384,mega_122,mega_382,Gosposvetska,483
mega_384,mega_122,mega_382,Gosposvetska,723
mega_384,mega_122,mega_42,Ajdovščina,433
mega_384,mega_122,mega_172,Bavarski dvor,827
mega_384,mega_122,mega_172,Bavarski dvor,1111
mega_384,mega_122,mega_172,Bavarski dvor,991
mega_384,mega_122,mega_382,Gosposvetska,160
mega_384,mega_122,mega_126,Bežigrad,318
mega_384,mega_122,mega_42,Ajdovščina,56
mega_384,mega_122,mega_171,AMZS,161
mega_384,mega_122,mega_172,Bavarski dvor,377
mega_384,mega_122,mega_72,Vič Glince,47
mega_384,mega_122,mega_402,Konzorcij/Pošta,1044
mega_384,mega_122,mega_42,Ajdovščina,1820
mega_384,mega_122,mega_158,Poliklinika,871
mega_384,mega_122,mega_254,Razstavišče,110
mega_384,mega_122,mega_254,Razstavišče,725
mega_384,mega_122,mega_147,Hajdrihova,450
mega_384,mega_122,mega_325,Drama,168
mega_384,mega_122,mega_130,Gornji trg,913
mega_384,mega_122,mega_42,Ajdovščina,486
mega_384,mega_122,mega_402,Konzorcij/Pošta,475
mega_384,mega_122,mega_351,Žito,369
mega_384,mega_122,mega_402,Konzorcij/Pošta,489
mega_384,mega_122,mega_292,Kino Šiška,244
mega_384,mega_122,mega_42,Ajdovščina,230
mega_384,mega_122,mega_260,Tobačna,538
mega_384,mega_122,mega_363,Kolodvor,225
mega_384,mega_122,mega_42,Ajdovščina,36
mega_384,mega_122,mega_172,Bavarski dvor,986
mega_384,mega_122,mega_172,Bavarski dvor,126
mega_384,mega_122,mega_382,Gosposvetska,619
mega_384,mega_122,mega_402,Konzorcij/Pošta,71
mega_384,mega_122,mega_143,Emona,1652
mega_384,mega_122,mega_172,Bavarski dvor,648
mega_384,mega_122,mega_467,D. MOST P+R,1341
mega_384,mega_122,mega_325,Drama,1732
mega_384,mega_122,mega_307,Bolnica,171
mega_384,mega_122,mega_254,Razstavišče,249
mega_384,mega_122,mega_363,Kolodvor,172
mega_384,mega_122,mega_101,Stadion,18
mega_384,mega_122,mega_348,Stara cerkev,579
mega_384,mega_122,mega_172,Bavarski dvor,416
mega_384,mega_122,mega_164,Kompas,349
mega_384,mega_122,mega_130,Gornji trg,128
mega_384,mega_122,mega_171,AMZS,1360
mega_384,mega_122,mega_130,Gornji trg,84
mega_384,mega_122,mega_240,Bonifacija,38
mega_384,mega_122,mega_172,Bavarski dvor,247
mega_384,mega_122,mega_42,Ajdovščina,477
mega_384,mega_122,mega_42,Ajdovščina,1322
mega_384,mega_122,mega_411,Kodeljevo/Ob sotočju,321
mega_384,mega_122,mega_172,Bavarski dvor,1783
mega_384,mega_122,mega_325,Drama,272
mega_384,mega_122,mega_126,Bežigrad,178
mega_384,mega_122,mega_42,Ajdovščina,551
mega_384,mega_122,mega_136,Privoz,256
mega_384,mega_122,mega_402,Konzorcij/Pošta,203
mega_384,mega_122,mega_325,Drama,112
mega_384,mega_122,mega_325,Drama,190
mega_384,mega_122,mega_140,Križanke,33
mega_384,mega_122,mega_120,Poljanska,1565
mega_384,mega_122,mega_136,Privoz,331
mega_384,mega_122,mega_42,Ajdovščina,969
mega_384,mega_122,mega_382,Gosposvetska,91
mega_384,mega_122,mega_42,Ajdovščina,94
mega_384,mega_122,mega_173,Tivoli,72
mega_384,mega_122,mega_42,Ajdovščina,29
mega_384,mega_122,mega_146,Viadukt,420
mega_384,mega_122,mega_407,Flajšmanova/ZELENA JAMA,123
mega_384,mega_122,mega_366,Šola Jarše,147
mega_384,mega_122,mega_382,Gosposvetska,273
mega_384,mega_122,mega_402,Konzorcij/Pošta,1164
mega_384,mega_122,mega_348,Stara cerkev,793
mega_384,mega_122,mega_172,Bavarski dvor,1142
mega_384,mega_122,mega_294,Slovenija avto,457
mega_384,mega_122,mega_366,Šola Jarše,1169
mega_384,mega_122,mega_147,Hajdrihova,141
mega_384,mega_122,mega_437,Cukrarna,530
mega_384,mega_122,mega_172,Bavarski dvor,269
mega_384,mega_122,mega_294,Slovenija avto,355
mega_384,mega_122,mega_254,Razstavišče,365
mega_384,mega_122,mega_402,Konzorcij/Pošta,395
mega_384,mega_122,mega_247,Trata,724
mega_384,mega_122,mega_348,Stara cerkev,675
mega_384,mega_122,mega_402,Konzorcij/Pošta,53
mega_384,mega_122,mega_136,Privoz,402
mega_384,mega_122,mega_42,Ajdovščina,721
mega_384,mega_122,mega_122,Klinični center,612
mega_384,mega_122,mega_172,Bavarski dvor,1414
mega_384,mega_122,mega_390,Zaloška,608
mega_384,mega_122,mega_325,Drama,249
mega_384,mega_122,mega_126,Bežigrad,288
mega_384,mega_122,mega_42,Ajdovščina,714
mega_384,mega_122,mega_384,Jadranska,2042
mega_384,mega_122,mega_292,Kino Šiška,579
mega_384,mega_122,mega_42,Ajdovščina,174
mega_384,mega_122,mega_390,Zaloška,1863
mega_384,mega_122,mega_42,Ajdovščina,425
mega_384,mega_122,mega_330,Cankarjev dom,103
mega_384,mega_122,mega_382,Gosposvetska,1096
mega_384,mega_122,mega_368,Livada,114
mega_384,mega_122,mega_42,Ajdovščina,143
mega_384,mega_122,mega_172,Bavarski dvor,57
mega_384,mega_122,mega_190,Rožna dolina,548
mega_384,mega_122,mega_325,Drama,393
mega_384,mega_122,mega_382,Gosposvetska,919
mega_384,mega_122,mega_260,Tobačna,1375
mega_384,mega_122,mega_325,Drama,1232
mega_384,mega_122,mega_172,Bavarski dvor,59
mega_384,mega_122,mega_325,Drama,510
mega_384,mega_122,mega_325,Drama,137
mega_384,mega_122,mega_172,Bavarski dvor,942
mega_384,mega_122,mega_254,Razstavišče,74
mega_384,mega_122,mega_410,KOLODVOR/SŽ KOLODVOR,650
mega_384,mega_122,mega_172,Bavarski dvor,286
mega_384,mega_122,mega_136,Privoz,102
mega_384,mega_122,mega_382,Gosposvetska,800
mega_384,mega_122,mega_260,Tobačna,309
mega_384,mega_122,mega_172,Bavarski dvor,219
mega_384,mega_122,mega_325,Drama,52
mega_384,mega_122,mega_359,Kodrova,921
mega_384,mega_122,mega_42,Ajdovščina,69
mega_384,mega_122,mega_325,Drama,288
mega_384,mega_122,mega_325,Drama,867
mega_384,mega_122,mega_173,Tivoli,596
mega_384,mega_122,mega_303,Rusjanov trg,1262
mega_384,mega_122,mega_359,Kodrova,362
mega_384,mega_122,mega_254,Razstavišče,456
mega_384,mega_122,mega_172,Bavarski dvor,277
mega_384,mega_122,mega_42,Ajdovščina,200
mega_384,mega_122,mega_172,Bavarski dvor,578
mega_384,mega_122,mega_402,Konzorcij/Pošta,65
mega_384,mega_122,mega_348,Stara cerkev,1698
mega_384,mega_122,mega_214,Preglov trg,1071
mega_384,mega_122,mega_172,Bavarski dvor,1791
mega_384,mega_122,mega_384,Jadranska,75
mega_384,mega_122,mega_261,Štepanja vas,560
mega_384,mega_122,mega_136,Privoz,390
mega_384,mega_122,mega_42,Ajdovščina,233
mega_384,mega_122,mega_42,Ajdovščina,1010
mega_384,mega_122,mega_333,Savske stolpnice,125
mega_384,mega_122,mega_356,Rogovilc,402
mega_384,mega_122,mega_130,Gornji trg,121
mega_384,mega_122,mega_172,Bavarski dvor,489
mega_384,mega_122,mega_325,Drama,30
mega_384,mega_122,mega_172,Bavarski dvor,900
mega_384,mega_122,mega_391,Šentvid,1730
mega_384,mega_122,mega_402,Konzorcij/Pošta,796
mega_384,mega_122,mega_326,Zmajski most,105
mega_384,mega_122,mega_402,Konzorcij/Pošta,51
mega_384,mega_122,mega_292,Kino Šiška,1820
mega_384,mega_122,N/A,N/A,2460
mega_384,mega_122,mega_402,Konzorcij/Pošta,21
mega_384,mega_122,mega_42,Ajdovščina,1584
mega_384,mega_122,mega_172,Bavarski dvor,127
mega_384,mega_122,mega_303,Rusjanov trg,175
mega_384,mega_122,mega_325,Drama,335
mega_384,mega_122,mega_172,Bavarski dvor,693
mega_384,mega_122,mega_170,Goropečnikova,649
mega_384,mega_122,mega_140,Križanke,17
mega_384,mega_122,mega_172,Bavarski dvor,35
mega_384,mega_122,mega_153,Krimska,34
mega_384,mega_122,mega_325,Drama,8
mega_384,mega_122,mega_42,Ajdovščina,275
mega_384,mega_122,mega_390,Zaloška,333
mega_384,mega_122,mega_382,Gosposvetska,1237
mega_384,mega_122,mega_402,Konzorcij/Pošta,357
mega_384,mega_122,mega_402,Konzorcij/Pošta,558
mega_384,mega_122,mega_172,Bavarski dvor,56
mega_384,mega_122,mega_172,Bavarski dvor,218
mega_384,mega_122,mega_254,Razstavišče,1207
mega_384,mega_122,mega_172,Bavarski dvor,104
mega_384,mega_122,mega_333,Savske stolpnice,124
mega_384,mega_122,mega_129,Ambrožev trg,500
mega_384,mega_122,mega_147,Hajdrihova,152
mega_384,mega_122,mega_148,Astra,1388
mega_384,mega_122,mega_150,Kodeljevo,886
mega_384,mega_122,mega_130,Gornji trg,721
mega_384,mega_122,mega_173,Tivoli,1039
mega_384,mega_122,mega_172,Bavarski dvor,556
mega_384,mega_122,mega_382,Gosposvetska,442
mega_384,mega_122,mega_140,Križanke,388
mega_384,mega_122,mega_333,Savske stolpnice,1080
mega_384,mega_122,mega_437,Cukrarna,431
mega_384,mega_122,mega_148,Astra,450
mega_384,mega_122,mega_221,Mercator,843
mega_384,mega_122,mega_366,Šola Jarše,364
mega_384,mega_122,mega_66,Nove Žale,392
mega_384,mega_122,mega_402,Konzorcij/Pošta,11
mega_384,mega_122,mega_346,Ziherlova,460
mega_384,mega_122,mega_172,Bavarski dvor,26
mega_384,mega_122,mega_42,Ajdovščina,32
mega_384,mega_122,mega_172,Bavarski dvor,112
mega_384,mega_122,mega_136,Privoz,659
mega_384,mega_122,N/A,N/A,2460
mega_384,mega_122,mega_172,Bavarski dvor,1371
mega_384,mega_122,mega_390,Zaloška,163
mega_384,mega_122,mega_366,Šola Jarše,160
mega_384,mega_122,mega_348,Stara cerkev,681
mega_384,mega_122,mega_325,Drama,43
mega_384,mega_122,mega_363,Kolodvor,902
mega_384,mega_122,mega_292,Kino Šiška,169
mega_384,mega_122,mega_402,Konzorcij/Pošta,72
mega_384,mega_122,mega_216,Tržnica Moste,258
mega_384,mega_122,N/A,N/A,2460
mega_384,mega_122,mega_292,Kino Šiška,47
mega_384,mega_122,mega_382,Gosposvetska,86
mega_384,mega_122,mega_42,Ajdovščina,26
mega_384,mega_122,N/A,N/A,2460
mega_384,mega_122,mega_140,Križanke,51
mega_384,mega_122,mega_172,Bavarski dvor,1215
mega_384,mega_122,mega_234,Dravlje,1268
mega_384,mega_122,mega_42,Ajdovščina,730
mega_384,mega_122,mega_72,Vič Glince,1121
mega_384,mega_122,mega_259,Savsko naselje,518
mega_384,mega_122,mega_382,Gosposvetska,1749
mega_384,mega_122,mega_147,Hajdrihova,152
mega_384,mega_122,mega_348,Stara cerkev,775
mega_384,mega_122,mega_341,Studenec,179
mega_384,mega_122,mega_407,Flajšmanova/ZELENA JAMA,167
mega_384,mega_122,mega_348,Stara cerkev,369
mega_384,mega_122,N/A,N/A,2460
mega_384,mega_122,mega_122,Klinični center,993
mega_384,mega_122,mega_172,Bavarski dvor,1342
mega_384,mega_122,mega_227,Smelt,680
mega_384,mega_122,mega_26,Zgornji log,314
mega_384,mega_122,mega_101,Stadion,289
mega_384,mega_122,mega_173,Tivoli,31
mega_384,mega_122,mega_173,Tivoli,243
mega_384,mega_122,mega_172,Bavarski dvor,435
mega_384,mega_122,mega_130,Gornji trg,56
mega_384,mega_122,mega_172,Bavarski dvor,142
mega_384,mega_122,mega_148,Astra,43
mega_384,mega_122,mega_254,Razstavišče,152
mega_384,mega_122,mega_292,Kino Šiška,349
mega_384,mega_122,mega_254,Razstavišče,164
mega_384,mega_122,mega_254,Razstavišče,425
mega_384,mega_122,mega_65,Brodarjev trg,347
mega_384,mega_122,mega_391,Šentvid,202
mega_384,mega_122,mega_117,Kneza Koclja,1092
mega_384,mega_122,mega_216,Tržnica Moste,269
mega_384,mega_122,mega_216,Tržnica Moste,192
mega_384,mega_122,mega_122,Klinični center,423
mega_384,mega_122,mega_332,Žale,107
mega_384,mega_122,mega_382,Gosposvetska,66
mega_384,mega_122,mega_84,Stožice,304
mega_384,mega_122,mega_379,Dolgi most,104
mega_384,mega_122,mega_42,Ajdovščina,953
mega_384,mega_122,N/A,N/A,2460
mega_384,mega_122,mega_42,Ajdovščina,802
mega_384,mega_122,mega_42,Ajdovščina,803
mega_384,mega_122,mega_254,Razstavišče,105
mega_384,mega_122,mega_325,Drama,690
mega_384,mega_122,mega_292,Kino Šiška,148
mega_384,mega_122,mega_332,Žale,218
mega_384,mega_122,N/A,N/A,2460
mega_384,mega_122,mega_172,Bavarski dvor,317
mega_384,mega_122,mega_182,Pod Rožnikom,314
mega_384,mega_122,mega_273,Ježica,1026
mega_384,mega_122,mega_246,Podmilščakova,2028
mega_384,mega_122,mega_42,Ajdovščina,209
mega_384,mega_122,mega_172,Bavarski dvor,1848
mega_384,mega_122,mega_216,Tržnica Moste,50
mega_384,mega_122,mega_172,Bavarski dvor,47
mega_384,mega_122,mega_42,Ajdovščina,80
mega_384,mega_122,mega_402,Konzorcij/Pošta,160
mega_384,mega_122,mega_42,Ajdovščina,147
mega_384,mega_122,mega_254,Razstavišče,785
mega_384,mega_122,mega_42,Ajdovščina,223
mega_384,mega_122,mega_260,Tobačna,70
mega_384,mega_122,mega_325,Drama,785
mega_384,mega_122,mega_126,Bežigrad,319
mega_384,mega_122,mega_341,Studenec,262
mega_384,mega_122,mega_402,Konzorcij/Pošta,145
mega_384,mega_122,mega_254,Razstavišče,721
mega_384,mega_122,mega_341,Studenec,1050
mega_384,mega_122,mega_46,Cesta na Vevče,110
mega_384,mega_122,mega_254,Razstavišče,340
mega_384,mega_122,N/A,N/A,2460
mega_384,mega_122,mega_42,Ajdovščina,391
mega_384,mega_122,mega_126,Bežigrad,967
mega_384,mega_122,mega_172,Bavarski dvor,45
mega_384,mega_122,mega_46,Cesta na Vevče,1112
mega_384,mega_122,mega_129,Ambrožev trg,887
mega_384,mega_122,mega_294,Slovenija avto,1901
mega_384,mega_122,mega_172,Bavarski dvor,25
mega_384,mega_122,mega_159,BTC-Emporium,647
mega_384,mega_122,mega_325,Drama,271
mega_384,mega_122,mega_367,Jarše,247
mega_384,mega_122,mega_136,Privoz,103
mega_384,mega_122,mega_172,Bavarski dvor,30
mega_384,mega_122,mega_42,Ajdovščina,117
mega_384,mega_122,mega_172,Bavarski dvor,384
mega_384,mega_122,mega_354,Gornje Poljane,377
mega_384,mega_122,mega_379,Dolgi most,188
mega_384,mega_122,mega_349,Osenjakova,185
mega_384,mega_122,mega_172,Bavarski dvor,65
mega_384,mega_122,mega_254,Razstavišče,335
mega_384,mega_122,mega_404,Dalmatinova/Tavčarjeva,58
mega_384,mega_122,mega_382,Gosposvetska,659
mega_384,mega_122,mega_303,Rusjanov trg,163
mega_384,mega_122,mega_172,Bavarski dvor,226
mega_384,mega_122,mega_294,Slovenija avto,210
mega_384,mega_122,mega_307,Bolnica,714
mega_384,mega_122,mega_292,Kino Šiška,635
mega_384,mega_122,N/A,N/A,2460
mega_384,mega_122,mega_140,Križanke,1172
mega_384,mega_122,mega_101,Stadion,196
mega_384,mega_122,mega_140,Križanke,745
mega_384,mega_122,mega_293,Središka,133
mega_384,mega_122,mega_254,Razstavišče,138
mega_384,mega_122,mega_354,Gornje Poljane,368
mega_384,mega_122,mega_363,Kolodvor,350
mega_384,mega_122,mega_292,Kino Šiška,2306
mega_384,mega_122,mega_172,Bavarski dvor,483
mega_384,mega_122,mega_172,Bavarski dvor,520
mega_384,mega_122,mega_94,Vič,799
mega_384,mega_122,mega_288,Kardeljeva ploščad,282
mega_384,mega_122,mega_172,Bavarski dvor,245
mega_384,mega_122,mega_325,Drama,22
mega_384,mega_122,mega_122,Klinični center,353
mega_384,mega_122,mega_187,Križišče Sostro,934
mega_384,mega_122,mega_146,Viadukt,359
mega_384,mega_122,mega_325,Drama,14
mega_384,mega_122,mega_147,Hajdrihova,66
mega_384,mega_122,mega_325,Drama,1469
mega_384,mega_122,mega_402,Konzorcij/Pošta,364
mega_384,mega_122,mega_325,Drama,335
mega_384,mega_122,mega_254,Razstavišče,1032
mega_384,mega_122,mega_363,Kolodvor,308
mega_384,mega_122,mega_42,Ajdovščina,146
mega_384,mega_122,mega_325,Drama,216
mega_384,mega_122,mega_172,Bavarski dvor,58
mega_384,mega_122,mega_130,Gornji trg,26
mega_384,mega_122,mega_234,Dravlje,98
mega_384,mega_122,mega_273,Ježica,1391
mega_384,mega_122,mega_172,Bavarski dvor,932
mega_384,mega_122,mega_402,Konzorcij/Pošta,1242
mega_384,mega_122,mega_172,Bavarski dvor,326
mega_384,mega_122,mega_400,Aleja/Avtomontaža,600
mega_384,mega_122,mega_172,Bavarski dvor,505
mega_384,mega_122,N/A,N/A,2460
mega_384,mega_122,mega_379,Dolgi most,1882
mega_384,mega_122,mega_130,Gornji trg,26
mega_384,mega_122,mega_173,Tivoli,258
mega_384,mega_122,mega_69,Iški most,689
mega_384,mega_122,mega_130,Gornji trg,149
mega_384,mega_122,mega_254,Razstavišče,268
mega_384,mega_122,mega_379,Dolgi most,205
mega_384,mega_122,mega_42,Ajdovščina,755
mega_384,mega_122,mega_294,Slovenija avto,402
mega_384,mega_122,mega_99,Leskoškova,1176
mega_384,mega_122,mega_221,Mercator,725
mega_384,mega_122,mega_172,Bavarski dvor,148
mega_384,mega_122,mega_42,Ajdovščina,137
mega_384,mega_122,mega_402,Konzorcij/Pošta,82
mega_384,mega_122,mega_402,Konzorcij/Pošta,851
mega_384,mega_122,mega_325,Drama,837
mega_384,mega_122,mega_143,Emona,339
mega_384,mega_122,mega_172,Bavarski dvor,220
mega_384,mega_122,mega_91,Pošta Dobrunje,416
mega_384,mega_122,mega_254,Razstavišče,468
mega_384,mega_122,mega_171,AMZS,173
mega_384,mega_122,mega_202,Kosmačeva,620
mega_384,mega_122,mega_172,Bavarski dvor,23
mega_384,mega_122,mega_172,Bavarski dvor,230
mega_384,mega_122,mega_402,Konzorcij/Pošta,56
mega_384,mega_122,mega_42,Ajdovščina,200
mega_384,mega_122,mega_325,Drama,150
mega_384,mega_122,mega_254,Razstavišče,691
mega_384,mega_122,mega_292,Kino Šiška,1490
mega_384,mega_122,mega_147,Hajdrihova,29
mega_384,mega_122,mega_193,Aškerčeva,33
mega_384,mega_122,mega_42,Ajdovščina,34
mega_384,mega_122,mega_172,Bavarski dvor,221
mega_384,mega_122,mega_216,Tržnica Moste,566
mega_384,mega_122,N/A,N/A,2460
mega_384,mega_122,mega_123,Cesta v Gorice,488
mega_384,mega_122,mega_101,Stadion,732
mega_384,mega_122,mega_402,Konzorcij/Pošta,31
mega_384,mega_122,mega_294,Slovenija avto,1691
mega_384,mega_122,mega_42,Ajdovščina,1033
mega_384,mega_122,mega_172,Bavarski dvor,226
mega_384,mega_122,mega_382,Gosposvetska,276
mega_384,mega_122,mega_172,Bavarski dvor,511
mega_384,mega_122,mega_350,Podgora,2450
mega_384,mega_122,mega_325,Drama,178
mega_384,mega_122,mega_402,Konzorcij/Pošta,147
mega_384,mega_122,mega_402,Konzorcij/Pošta,26
mega_384,mega_122,mega_122,Klinični center,17
mega_384,mega_122,mega_437,Cukrarna,25
mega_384,mega_122,mega_390,Zaloška,124
mega_384,mega_122,mega_254,Razstavišče,210
mega_384,mega_122,mega_263,Ob daljnovodu,304
mega_384,mega_122,mega_126,Bežigrad,86
mega_384,mega_122,mega_390,Zaloška,865
mega_384,mega_122,mega_7,Pod Urhom,309
mega_384,mega_122,mega_172,Bavarski dvor,58
mega_384,mega_122,mega_172,Bavarski dvor,295
mega_384,mega_122,mega_382,Gosposvetska,349
mega_384,mega_122,mega_172,Bavarski dvor,254
mega_384,mega_122,mega_331,Gorjančeva,625
mega_384,mega_122,mega_343,Friškovec,50
mega_384,mega_122,mega_341,Studenec,885
mega_384,mega_122,mega_136,Privoz,988
mega_384,mega_122,mega_254,Razstavišče,347
mega_384,mega_122,mega_402,Konzorcij/Pošta,206
mega_384,mega_122,mega_402,Konzorcij/Pošta,33
mega_384,mega_122,mega_172,Bavarski dvor,195
mega_384,mega_122,mega_402,Konzorcij/Pošta,61
mega_384,mega_122,mega_254,Razstavišče,111
mega_384,mega_122,mega_325,Drama,128
mega_384,mega_122,mega_172,Bavarski dvor,144
mega_384,mega_122,mega_42,Ajdovščina,668
mega_384,mega_122,mega_292,Kino Šiška,1219
mega_384,mega_122,mega_333,Savske stolpnice,660
mega_384,mega_122,mega_402,Konzorcij/Pošta,2442
mega_384,mega_122,mega_371,Tovorni kolodvor,895
mega_384,mega_122,mega_254,Razstavišče,1725
mega_384,mega_122,mega_42,Ajdovščina,694
mega_384,mega_122,mega_332,Žale,1279
mega_384,mega_122,mega_362,Prušnikova,411
mega_384,mega_122,mega_325,Drama,20
mega_384,mega_122,mega_172,Bavarski dvor,69
mega_384,mega_122,mega_172,Bavarski dvor,19
mega_384,mega_122,mega_172,Bavarski dvor,465
mega_384,mega_122,mega_172,Bavarski dvor,99
mega_384,mega_122,mega_172,Bavarski dvor,91
mega_384,mega_122,mega_143,Emona,733
mega_384,mega_122,mega_371,Tovorni kolodvor,799
mega_384,mega_122,mega_100,Litostrojska,255
mega_384,mega_122,mega_216,Tržnica Moste,436
mega_384,mega_122,mega_325,Drama,44
mega_384,mega_122,mega_42,Ajdovščina,345
mega_384,mega_122,mega_172,Bavarski dvor,142
mega_384,mega_122,mega_42,Ajdovščina,2405
mega_384,mega_122,mega_214,Preglov trg,1012
mega_384,mega_122,mega_172,Bavarski dvor,572
mega_384,mega_122,mega_382,Gosposvetska,269
mega_384,mega_122,mega_147,Hajdrihova,1888
mega_384,mega_122,mega_348,Stara cerkev,160
mega_384,mega_122,mega_172,Bavarski dvor,1824
mega_384,mega_122,mega_172,Bavarski dvor,164
mega_384,mega_122,mega_120,Poljanska,392
mega_384,mega_122,mega_402,Konzorcij/Pošta,80
mega_384,mega_122,mega_85,Prekmurska,102
mega_384,mega_122,mega_85,Prekmurska,810
mega_384,mega_122,mega_325,Drama,445
mega_384,mega_122,mega_172,Bavarski dvor,563
mega_384,mega_122,mega_402,Konzorcij/Pošta,1906
mega_384,mega_122,mega_405,MESTNI LOG/Mestni log,64
mega_384,mega_122,mega_136,Privoz,207
mega_384,mega_122,mega_136,Privoz,118
mega_384,mega_122,mega_42,Ajdovščina,91
mega_384,mega_122,mega_99,Leskoškova,335
mega_384,mega_122,mega_172,Bavarski dvor,1157
mega_384,mega_122,mega_42,Ajdovščina,52
mega_384,mega_122,mega_140,Križanke,570
mega_384,mega_122,mega_193,Aškerčeva,900
mega_384,mega_122,N/A,N/A,2460
mega_384,mega_122,mega_172,Bavarski dvor,1694
mega_384,mega_122,mega_402,Konzorcij/Pošta,56
mega_384,mega_122,mega_172,Bavarski dvor,335
mega_384,mega_122,mega_172,Bavarski dvor,171
mega_384,mega_122,mega_351,Žito,811
mega_384,mega_122,mega_84,Stožice,920
mega_384,mega_122,mega_254,Razstavišče,447
mega_384,mega_122,mega_333,Savske stolpnice,1016
mega_384,mega_122,mega_348,Stara cerkev,1665
mega_384,mega_122,mega_193,Aškerčeva,11
mega_384,mega_122,mega_292,Kino Šiška,323
mega_384,mega_122,mega_363,Kolodvor,1229
mega_384,mega_122,mega_343,Friškovec,257
mega_384,mega_122,mega_382,Gosposvetska,584
mega_384,mega_122,mega_402,Konzorcij/Pošta,53
mega_384,mega_122,mega_325,Drama,1958
mega_384,mega_122,mega_173,Tivoli,279
mega_384,mega_122,mega_402,Konzorcij/Pošta,21
mega_384,mega_122,mega_254,Razstavišče,1461
mega_384,mega_122,mega_158,Poliklinika,20
mega_384,mega_122,mega_126,Bežigrad,717
mega_384,mega_122,mega_221,Mercator,805
mega_384,mega_122,mega_172,Bavarski dvor,605
mega_384,mega_122,mega_216,Tržnica Moste,579
mega_384,mega_122,mega_172,Bavarski dvor,765
mega_384,mega_122,mega_172,Bavarski dvor,387
mega_384,mega_122,mega_171,AMZS,149
mega_384,mega_122,mega_21,Tacen,977
mega_384,mega_122,mega_254,Razstavišče,1589
mega_384,mega_122,mega_129,Ambrožev trg,456
mega_384,mega_122,mega_122,Klinični center,807
mega_384,mega_122,mega_172,Bavarski dvor,682
mega_384,mega_122,mega_42,Ajdovščina,1381
mega_384,mega_122,mega_42,Ajdovščina,1074
mega_384,mega_122,mega_343,Friškovec,197
mega_384,mega_122,mega_42,Ajdovščina,593
mega_384,mega_122,mega_101,Stadion,274
mega_384,mega_122,mega_382,Gosposvetska,527
mega_384,mega_122,mega_122,Klinični center,26
mega_384,mega_122,mega_172,Bavarski dvor,170
mega_384,mega_122,mega_325,Drama,14
mega_384,mega_122,mega_402,Konzorcij/Pošta,445
mega_384,mega_122,mega_407,Flajšmanova/ZELENA JAMA,1052
mega_384,mega_122,mega_331,Gorjančeva,680
mega_384,mega_122,mega_325,Drama,162
mega_384,mega_122,mega_42,Ajdovščina,160
mega_384,mega_122,mega_158,Poliklinika,304
mega_384,mega_122,mega_148,Astra,99
mega_384,mega_122,mega_390,Zaloška,686
mega_384,mega_122,mega_282,Študa polje,145
mega_384,mega_122,mega_130,Gornji trg,45
mega_384,mega_122,mega_391,Šentvid,177
mega_384,mega_122,mega_42,Ajdovščina,501
mega_384,mega_122,mega_172,Bavarski dvor,346
mega_384,mega_122,mega_402,Konzorcij/Pošta,426
mega_384,mega_122,mega_254,Razstavišče,2282
mega_384,mega_122,mega_147,Hajdrihova,404
mega_384,mega_122,mega_172,Bavarski dvor,867
mega_384,mega_122,mega_273,Ježica,2074
mega_384,mega_122,mega_294,Slovenija avto,216
mega_384,mega_122,mega_342,Pot na Fužine,1916
mega_384,mega_122,mega_172,Bavarski dvor,1274
mega_384,mega_122,mega_393,Parmova,129
mega_384,mega_122,mega_348,Stara cerkev,1215
mega_384,mega_122,mega_292,Kino Šiška,300
mega_384,mega_122,mega_42,Ajdovščina,15
mega_384,mega_122,mega_136,Privoz,76
mega_384,mega_122,mega_343,Friškovec,447
mega_384,mega_122,mega_254,Razstavišče,119
mega_384,mega_122,mega_325,Drama,8
mega_384,mega_122,mega_171,AMZS,66
mega_384,mega_122,mega_402,Konzorcij/Pošta,1080
mega_384,mega_122,mega_172,Bavarski dvor,152
mega_384,mega_122,mega_42,Ajdovščina,95
mega_384,mega_122,mega_240,Bonifacija,100
mega_384,mega_122,mega_101,Stadion,202
mega_384,mega_122,mega_382,Gosposvetska,84
mega_384,mega_122,mega_112,Tomačevska,2117
mega_384,mega_122,mega_122,Klinični center,15
mega_384,mega_122,mega_122,Klinični center,65
mega_384,mega_122,mega_390,Zaloška,329
mega_384,mega_122,mega_254,Razstavišče,1048
mega_384,mega_122,mega_348,Stara cerkev,1347
mega_384,mega_122,mega_130,Gornji trg,529
mega_384,mega_122,mega_254,Razstavišče,299
mega_384,mega_122,mega_84,Stožice,562
mega_384,mega_122,mega_42,Ajdovščina,62
mega_384,mega_122,mega_148,Astra,1334
mega_384,mega_122,mega_325,Drama,92
mega_384,mega_122,mega_294,Slovenija avto,1495
mega_384,mega_122,mega_309,Kolodvor Črnuče,593
mega_384,mega_122,mega_366,Šola Jarše,1256
mega_384,mega_122,mega_122,Klinični center,64
mega_384,mega_122,mega_382,Gosposvetska,172
mega_384,mega_122,mega_254,Razstavišče,428
mega_384,mega_122,mega_45,Šentjakob,428
mega_384,mega_122,mega_42,Ajdovščina,111
mega_384,mega_122,mega_402,Konzorcij/Pošta,658
mega_384,mega_122,mega_325,Drama,35
mega_384,mega_122,mega_254,Razstavišče,867
mega_384,mega_122,mega_325,Drama,26
mega_384,mega_122,mega_214,Preglov trg,524
mega_384,mega_122,mega_402,Konzorcij/Pošta,950
mega_384,mega_122,mega_341,Studenec,1787
mega_384,mega_122,mega_402,Konzorcij/Pošta,1151
mega_384,mega_122,mega_42,Ajdovščina,1181
mega_384,mega_122,mega_325,Drama,491
mega_384,mega_122,mega_386,Yulon,203
mega_384,mega_122,mega_402,Konzorcij/Pošta,29
mega_384,mega_122,mega_325,Drama,446
mega_384,mega_122,mega_363,Kolodvor,117
mega_384,mega_122,mega_402,Konzorcij/Pošta,174
mega_384,mega_122,mega_172,Bavarski dvor,259
mega_384,mega_122,mega_42,Ajdovščina,828
mega_384,mega_122,mega_363,Kolodvor,248
mega_384,mega_122,mega_126,Bežigrad,98
mega_384,mega_122,mega_172,Bavarski dvor,238
mega_384,mega_122,mega_374,Strelišče,127
mega_384,mega_122,mega_130,Gornji trg,242
mega_384,mega_122,mega_140,Križanke,980
mega_384,mega_122,mega_42,Ajdovščina,306
mega_384,mega_122,mega_117,Kneza Koclja,715
mega_384,mega_122,mega_172,Bavarski dvor,1379
mega_384,mega_122,mega_354,Gornje Poljane,28
mega_384,mega_122,mega_310,Večna pot,528
mega_384,mega_122,mega_172,Bavarski dvor,378
mega_384,mega_122,mega_402,Konzorcij/Pošta,485
mega_384,mega_122,mega_136,Privoz,192
mega_384,mega_122,mega_172,Bavarski dvor,31
mega_384,mega_122,mega_227,Smelt,285
mega_384,mega_122,mega_126,Bežigrad,1213
mega_384,mega_122,mega_363,Kolodvor,809
mega_384,mega_122,mega_140,Križanke,25
mega_384,mega_122,mega_379,Dolgi most,2064
mega_384,mega_122,mega_172,Bavarski dvor,184
mega_384,mega_122,mega_382,Gosposvetska,79
mega_384,mega_122,mega_216,Tržnica Moste,148
mega_384,mega_122,mega_254,Razstavišče,448
mega_384,mega_122,mega_348,Stara cerkev,39
mega_384,mega_122,mega_254,Razstavišče,149
mega_384,mega_122,mega_172,Bavarski dvor,232
mega_384,mega_122,mega_193,Aškerčeva,199
mega_384,mega_122,mega_172,Bavarski dvor,487
mega_384,mega_122,mega_72,Vič Glince,133
mega_384,mega_122,mega_122,Klinični center,105
mega_384,mega_122,mega_172,Bavarski dvor,659
mega_384,mega_122,mega_382,Gosposvetska,21
mega_384,mega_122,mega_172,Bavarski dvor,176
mega_384,mega_122,mega_221,Mercator,466
mega_384,mega_122,mega_84,Stožice,341
mega_384,mega_122,mega_333,Savske stolpnice,496
mega_384,mega_122,mega_42,Ajdovščina,1893
mega_384,mega_122,mega_140,Križanke,41
mega_384,mega_122,mega_401,Remiza/Šišenska,316
mega_384,mega_122,mega_172,Bavarski dvor,645
mega_384,mega_122,mega_391,Šentvid,2156
mega_384,mega_122,mega_293,Središka,77
mega_384,mega_122,mega_42,Ajdovščina,563
mega_384,mega_122,mega_42,Ajdovščina,114
mega_384,mega_122,mega_292,Kino Šiška,750
mega_384,mega_122,mega_172,Bavarski dvor,13
mega_384,mega_122,mega_42,Ajdovščina,1057
mega_384,mega_122,mega_42,Ajdovščina,959
mega_384,mega_122,mega_172,Bavarski dvor,184
mega_384,mega_122,mega_42,Ajdovščina,221
mega_384,mega_122,mega_294,Slovenija avto,675
mega_384,mega_122,mega_42,Ajdovščina,40
mega_384,mega_122,mega_42,Ajdovščina,24
mega_384,mega_122,mega_382,Gosposvetska,70
mega_384,mega_122,mega_292,Kino Šiška,140
mega_384,mega_122,mega_254,Razstavišče,76
mega_384,mega_122,mega_254,Razstavišče,306
mega_384,mega_122,mega_363,Kolodvor,1104
mega_384,mega_122,mega_254,Razstavišče,22
mega_384,mega_122,mega_137,Vižmarje,833
mega_384,mega_122,mega_361,Mirje,936
mega_384,mega_122,mega_42,Ajdovščina,2435
mega_384,mega_122,mega_363,Kolodvor,192
mega_384,mega_122,mega_130,Gornji trg,1017
mega_384,mega_122,mega_402,Konzorcij/Pošta,178
mega_384,mega_122,mega_122,Klinični center,662
mega_384,mega_122,mega_382,Gosposvetska,984
mega_384,mega_122,mega_254,Razstavišče,1000
mega_384,mega_122,mega_129,Ambrožev trg,1749
mega_384,mega_122,mega_402,Konzorcij/Pošta,57
mega_384,mega_122,mega_402,Konzorcij/Pošta,1598
mega_384,mega_122,mega_254,Razstavišče,37
mega_384,mega_122,mega_234,Dravlje,477
mega_384,mega_122,mega_172,Bavarski dvor,535
mega_384,mega_122,mega_325,Drama,43
mega_384,mega_122,mega_140,Križanke,25
mega_384,mega_122,mega_210,Ruski car,263
mega_384,mega_122,mega_254,Razstavišče,434
mega_384,mega_122,mega_402,Konzorcij/Pošta,146
mega_384,mega_122,mega_400,Aleja/Avtomontaža,96
mega_384,mega_122,mega_363,Kolodvor,453
mega_384,mega_122,mega_254,Razstavišče,128
mega_384,mega_122,mega_100,Litostrojska,1219
mega_384,mega_122,mega_391,Šentvid,536
mega_384,mega_122,mega_172,Bavarski dvor,46
mega_384,mega_122,mega_53,Sava,330
mega_384,mega_122,mega_260,Tobačna,257
mega_384,mega_122,mega_325,Drama,357
mega_384,mega_122,mega_325,Drama,226
mega_384,mega_122,mega_402,Konzorcij/Pošta,1078
mega_384,mega_122,mega_216,Tržnica Moste,108
mega_384,mega_122,mega_172,Bavarski dvor,37
mega_384,mega_122,mega_172,Bavarski dvor,232
mega_384,mega_122,mega_148,Astra,391
mega_384,mega_122,N/A,N/A,2460
mega_384,mega_122,mega_126,Bežigrad,191
mega_384,mega_122,mega_42,Ajdovščina,204
mega_384,mega_122,mega_216,Tržnica Moste,86
mega_384,mega_122,mega_352,Rakovnik,321
mega_384,mega_122,mega_137,Vižmarje,927
mega_384,mega_122,mega_72,Vič Glince,202
mega_384,mega_122,mega_366,Šola Jarše,357
mega_384,mega_122,mega_231,Akademija,123
mega_384,mega_122,mega_254,Razstavišče,46
mega_384,mega_122,mega_140,Križanke,47
mega_384,mega_122,mega_254,Razstavišče,288
mega_384,mega_122,mega_227,Smelt,158
mega_384,mega_122,mega_350,Podgora,502
mega_384,mega_122,mega_94,Vič,681
mega_384,mega_122,mega_254,Razstavišče,458
mega_384,mega_122,mega_260,Tobačna,2403
mega_384,mega_122,mega_405,MESTNI LOG/Mestni log,509
mega_384,mega_122,mega_382,Gosposvetska,602
mega_384,mega_122,mega_120,Poljanska,58
mega_384,mega_122,mega_173,Tivoli,67
mega_384,mega_122,mega_402,Konzorcij/Pošta,1898
mega_384,mega_122,mega_254,Razstavišče,1777
mega_384,mega_122,mega_172,Bavarski dvor,1089
mega_384,mega_122,mega_42,Ajdovščina,31
mega_384,mega_122,mega_172,Bavarski dvor,573
mega_384,mega_122,mega_258,Cukrarna,1812
mega_384,mega_122,mega_172,Bavarski dvor,25
mega_384,mega_122,mega_172,Bavarski dvor,400
mega_384,mega_122,mega_254,Razstavišče,1079
mega_384,mega_122,mega_136,Privoz,489
mega_384,mega_122,mega_332,Žale,447
mega_384,mega_122,mega_172,Bavarski dvor,52
mega_384,mega_122,mega_325,Drama,221
mega_384,mega_122,mega_143,Emona,48
mega_384,mega_122,mega_398,OPEKARSKA/Opekarska,577
mega_384,mega_122,mega_42,Ajdovščina,165
mega_384,mega_122,mega_325,Drama,1376
mega_384,mega_122,mega_325,Drama,57
mega_384,mega_122,mega_172,Bavarski dvor,295
mega_384,mega_122,mega_158,Poliklinika,117
mega_384,mega_122,mega_136,Privoz,375
mega_384,mega_122,mega_136,Privoz,458
mega_384,mega_122,mega_172,Bavarski dvor,662
mega_384,mega_122,mega_172,Bavarski dvor,252
mega_384,mega_122,mega_140,Križanke,110
mega_384,mega_122,mega_172,Bavarski dvor,895
mega_384,mega_122,mega_402,Konzorcij/Pošta,715
mega_384,mega_122,mega_393,Parmova,1092
mega_384,mega_122,mega_273,Ježica,983
mega_384,mega_122,mega_191,Pod Hribom,326
mega_384,mega_122,mega_42,Ajdovščina,593
mega_384,mega_122,mega_382,Gosposvetska,334
mega_384,mega_122,mega_172,Bavarski dvor,927
mega_384,mega_122,mega_42,Ajdovščina,1742
mega_384,mega_122,mega_325,Drama,46
mega_384,mega_122,mega_42,Ajdovščina,884
mega_384,mega_122,mega_325,Drama,12
mega_384,mega_122,mega_363,Kolodvor,141
mega_384,mega_122,mega_303,Rusjanov trg,273
mega_384,mega_122,mega_254,Razstavišče,884
mega_384,mega_122,mega_193,Aškerčeva,137
mega_384,mega_122,mega_130,Gornji trg,32
mega_384,mega_122,N/A,N/A,2460
mega_384,mega_122,mega_234,Dravlje,336
mega_384,mega_122,mega_402,Konzorcij/Pošta,243
mega_384,mega_122,mega_129,Ambrožev trg,114
mega_384,mega_122,mega_261,Štepanja vas,1176
mega_384,mega_122,mega_382,Gosposvetska,11
mega_384,mega_122,mega_171,AMZS,60
mega_384,mega_122,mega_402,Konzorcij/Pošta,39
mega_384,mega_122,mega_363,Kolodvor,113
mega_384,mega_122,mega_260,Tobačna,14
mega_384,mega_122,mega_294,Slovenija avto,480
mega_384,mega_122,mega_172,Bavarski dvor,288
mega_384,mega_122,mega_172,Bavarski dvor,845
mega_384,mega_122,mega_42,Ajdovščina,1550
mega_384,mega_122,mega_402,Konzorcij/Pošta,958
mega_384,mega_122,mega_136,Privoz,319
mega_384,mega_122,mega_193,Aškerčeva,565
mega_384,mega_122,mega_117,Kneza Koclja,696
mega_384,mega_122,mega_42,Ajdovščina,115
mega_384,mega_122,mega_140,Križanke,7
mega_384,mega_122,mega_231,Akademija,730
mega_384,mega_122,mega_386,Yulon,766
mega_384,mega_122,mega_101,Stadion,230
mega_384,mega_122,mega_42,Ajdovščina,38
mega_384,mega_122,mega_407,Flajšmanova/ZELENA JAMA,50
mega_384,mega_122,mega_122,Klinični center,207
mega_384,mega_122,mega_307,Bolnica,115
mega_384,mega_122,mega_391,Šentvid,207
mega_384,mega_122,mega_42,Ajdovščina,1355
mega_384,mega_122,mega_348,Stara cerkev,245
mega_384,mega_122,mega_172,Bavarski dvor,568
mega_384,mega_122,mega_148,Astra,808
mega_384,mega_122,mega_254,Razstavišče,693
mega_384,mega_122,mega_42,Ajdovščina,189
mega_384,mega_122,mega_122,Klinični center,181
mega_384,mega_122,mega_143,Emona,88
mega_384,mega_122,mega_363,Kolodvor,16
mega_384,mega_122,mega_172,Bavarski dvor,259
mega_384,mega_122,mega_140,Križanke,63
mega_384,mega_122,mega_101,Stadion,92
mega_384,mega_122,mega_325,Drama,161
mega_384,mega_122,mega_382,Gosposvetska,479
mega_384,mega_122,mega_122,Klinični center,104
mega_384,mega_122,mega_402,Konzorcij/Pošta,1087
mega_384,mega_122,mega_172,Bavarski dvor,53
mega_384,mega_122,mega_294,Slovenija avto,591
mega_384,mega_122,mega_125,Nusdorferjeva,847
mega_384,mega_122,mega_143,Emona,127
mega_384,mega_122,mega_402,Konzorcij/Pošta,51
mega_384,mega_122,mega_325,Drama,175
mega_384,mega_122,mega_79,Gornji Rudnik,507
mega_384,mega_122,mega_42,Ajdovščina,1635
mega_384,mega_122,mega_325,Drama,187
mega_384,mega_122,mega_377,Kranjčeva,334
mega_384,mega_122,mega_382,Gosposvetska,1606
mega_384,mega_122,mega_172,Bavarski dvor,388
mega_384,mega_122,mega_172,Bavarski dvor,902
mega_384,mega_122,mega_254,Razstavišče,1333
mega_384,mega_122,mega_260,Tobačna,284
mega_384,mega_122,mega_325,Drama,145
mega_384,mega_122,mega_101,Stadion,223
mega_384,mega_122,mega_363,Kolodvor,152
mega_384,mega_122,mega_172,Bavarski dvor,364
mega_384,mega_122,mega_216,Tržnica Moste,156
mega_384,mega_122,mega_307,Bolnica,348
mega_384,mega_122,mega_172,Bavarski dvor,652
mega_384,mega_122,mega_254,Razstavišče,609
mega_384,mega_122,mega_325,Drama,12
mega_384,mega_122,mega_402,Konzorcij/Pošta,1897
mega_384,mega_122,mega_321,Spodnji Rudnik,123
mega_384,mega_122,mega_402,Konzorcij/Pošta,300
mega_384,mega_122,mega_325,Drama,78
mega_384,mega_122,mega_292,Kino Šiška,1581
mega_384,mega_122,mega_325,Drama,54
mega_384,mega_122,mega_157,Cesta XV,826
mega_384,mega_122,mega_402,Konzorcij/Pošta,1147
mega_384,mega_122,N/A,N/A,2460
mega_384,mega_122,mega_172,Bavarski dvor,103
mega_384,mega_122,mega_173,Tivoli,825
mega_384,mega_122,mega_382,Gosposvetska,1135
mega_384,mega_122,mega_42,Ajdovščina,167
mega_384,mega_122,mega_207,Ilovica,576
mega_384,mega_122,mega_407,Flajšmanova/ZELENA JAMA,85
mega_384,mega_122,mega_193,Aškerčeva,37
mega_384,mega_122,mega_254,Razstavišče,1176
mega_384,mega_122,mega_42,Ajdovščina,320
mega_384,mega_122,mega_254,Razstavišče,421
mega_384,mega_122,mega_216,Tržnica Moste,2297
mega_384,mega_122,mega_172,Bavarski dvor,541
mega_384,mega_122,mega_402,Konzorcij/Pošta,170
mega_384,mega_122,mega_167,Agrokombinatska,350
mega_384,mega_122,mega_404,Dalmatinova/Tavčarjeva,1066
mega_384,mega_122,mega_65,Brodarjev trg,96
mega_384,mega_122,mega_172,Bavarski dvor,73
mega_384,mega_122,mega_292,Kino Šiška,609
mega_384,mega_122,mega_148,Astra,100
mega_384,mega_122,mega_42,Ajdovščina,1054
mega_384,mega_122,mega_294,Slovenija avto,290
mega_384,mega_122,mega_382,Gosposvetska,52
mega_384,mega_122,mega_172,Bavarski dvor,1958
mega_384,mega_122,mega_129,Ambrožev trg,22
mega_384,mega_122,mega_402,Konzorcij/Pošta,451
mega_384,mega_122,mega_148,Astra,283
mega_384,mega_122,mega_172,Bavarski dvor,1124
mega_384,mega_122,mega_172,Bavarski dvor,82
mega_384,mega_122,mega_254,Razstavišče,207
mega_384,mega_122,mega_325,Drama,1406
mega_384,mega_122,mega_130,Gornji trg,999
mega_384,mega_122,mega_216,Tržnica Moste,235
mega_384,mega_122,mega_325,Drama,657
mega_384,mega_122,mega_137,Vižmarje,1957
mega_384,mega_122,mega_42,Ajdovščina,147
mega_384,mega_122,mega_65,Brodarjev trg,550
mega_384,mega_122,N/A,N/A,2460
mega_384,mega_122,mega_140,Križanke,70
mega_384,mega_122,mega_386,Yulon,1756
mega_384,mega_122,N/A,N/A,2460
mega_384,mega_122,mega_390,Zaloška,704
mega_384,mega_122,mega_293,Središka,295
mega_384,mega_122,mega_42,Ajdovščina,111
mega_384,mega_122,mega_254,Razstavišče,82
mega_384,mega_122,mega_325,Drama,1002
mega_384,mega_122,mega_147,Hajdrihova,232
mega_384,mega_122,mega_367,Jarše,561
mega_384,mega_122,mega_325,Drama,1905
mega_384,mega_122,mega_343,Friškovec,1029
mega_384,mega_122,mega_42,Ajdovščina,116
mega_384,mega_122,mega_101,Stadion,84
mega_384,mega_122,mega_193,Aškerčeva,17
mega_384,mega_122,mega_325,Drama,193
mega_384,mega_122,mega_193,Aškerčeva,25
mega_384,mega_122,mega_42,Ajdovščina,111
mega_384,mega_122,mega_42,Ajdovščina,589
mega_384,mega_122,mega_400,Aleja/Avtomontaža,959
mega_384,mega_122,mega_130,Gornji trg,171
mega_384,mega_122,mega_136,Privoz,97
mega_384,mega_122,mega_42,Ajdovščina,411
mega_384,mega_122,mega_325,Drama,50
mega_384,mega_122,mega_172,Bavarski dvor,742
mega_384,mega_122,mega_325,Drama,45
mega_384,mega_122,mega_401,Remiza/Šišenska,454
mega_384,mega_122,mega_42,Ajdovščina,957
mega_384,mega_122,mega_402,Konzorcij/Pošta,909
mega_384,mega_122,mega_325,Drama,362
mega_384,mega_122,mega_172,Bavarski dvor,32
mega_384,mega_122,mega_325,Drama,737
mega_384,mega_122,mega_401,Remiza/Šišenska,513
mega_384,mega_122,mega_140,Križanke,21
mega_384,mega_122,mega_172,Bavarski dvor,793
mega_384,mega_122,mega_0,Tinčk,2049
mega_384,mega_122,mega_390,Zaloška,1136
mega_384,mega_122,mega_147,Hajdrihova,127
mega_384,mega_122,mega_325,Drama,1287
mega_384,mega_122,mega_292,Kino Šiška,1036
mega_384,mega_122,mega_254,Razstavišče,404
mega_384,mega_122,mega_221,Mercator,1454
mega_384,mega_122,mega_172,Bavarski dvor,56
mega_384,mega_122,mega_172,Bavarski dvor,67
mega_384,mega_122,mega_325,Drama,598
mega_384,mega_122,mega_366,Šola Jarše,291
mega_384,mega_122,mega_283,Polje,354
mega_384,mega_122,mega_172,Bavarski dvor,365
mega_384,mega_122,mega_172,Bavarski dvor,1000
mega_384,mega_122,mega_42,Ajdovščina,1416
mega_384,mega_122,mega_216,Tržnica Moste,218
mega_384,mega_122,mega_254,Razstavišče,1127
mega_384,mega_122,mega_382,Gosposvetska,348
mega_384,mega_122,mega_42,Ajdovščina,402
mega_384,mega_122,mega_140,Križanke,300
mega_384,mega_122,mega_325,Drama,1326
mega_384,mega_122,mega_348,Stara cerkev,126
mega_384,mega_122,mega_382,Gosposvetska,161
mega_384,mega_122,mega_130,Gornji trg,713
mega_384,mega_122,mega_221,Mercator,120
mega_384,mega_122,mega_193,Aškerčeva,49
mega_384,mega_122,mega_42,Ajdovščina,38
mega_384,mega_122,mega_172,Bavarski dvor,35
mega_384,mega_122,mega_172,Bavarski dvor,132
mega_384,mega_122,mega_254,Razstavišče,47
mega_384,mega_122,mega_348,Stara cerkev,1026
mega_384,mega_122,mega_343,Friškovec,625
mega_384,mega_122,mega_384,Jadranska,194
mega_384,mega_122,mega_122,Klinični center,1377
mega_384,mega_122,mega_181,Gasilska brigada,471
mega_384,mega_122,mega_402,Konzorcij/Pošta,344
mega_384,mega_122,mega_136,Privoz,61
mega_384,mega_122,mega_85,Prekmurska,2071
mega_384,mega_122,mega_140,Križanke,31
mega_384,mega_122,mega_172,Bavarski dvor,547
mega_384,mega_122,mega_42,Ajdovščina,31
mega_384,mega_122,mega_172,Bavarski dvor,314
mega_384,mega_122,mega_172,Bavarski dvor,254
mega_384,mega_122,mega_172,Bavarski dvor,19
mega_384,mega_122,mega_172,Bavarski dvor,378
mega_384,mega_122,mega_136,Privoz,27
mega_384,mega_122,mega_136,Privoz,724
mega_384,mega_122,mega_172,Bavarski dvor,252
mega_384,mega_122,mega_253,Pot na Rakovo jelšo,41
mega_384,mega_122,mega_130,Gornji trg,1214
mega_384,mega_122,mega_346,Ziherlova,263
mega_384,mega_122,mega_402,Konzorcij/Pošta,201
mega_384,mega_122,mega_42,Ajdovščina,326
mega_384,mega_122,mega_172,Bavarski dvor,177
mega_384,mega_122,mega_42,Ajdovščina,74
mega_384,mega_122,mega_42,Ajdovščina,62
mega_384,mega_122,mega_84,Stožice,200
mega_384,mega_122,mega_261,Štepanja vas,286
mega_384,mega_122,mega_172,Bavarski dvor,1534
mega_384,mega_122,mega_140,Križanke,322
mega_384,mega_122,mega_122,Klinični center,117
mega_384,mega_122,mega_292,Kino Šiška,626
mega_384,mega_122,mega_348,Stara cerkev,869
mega_384,mega_122,mega_42,Ajdovščina,1268
mega_384,mega_122,mega_172,Bavarski dvor,1326
mega_384,mega_122,mega_254,Razstavišče,112
mega_384,mega_122,mega_136,Privoz,546
mega_384,mega_122,mega_172,Bavarski dvor,291
mega_384,mega_122,mega_140,Križanke,244
mega_384,mega_122,mega_148,Astra,492
mega_384,mega_122,mega_122,Klinični center,894
mega_384,mega_122,mega_129,Ambrožev trg,928
mega_384,mega_122,mega_172,Bavarski dvor,115
mega_384,mega_122,mega_172,Bavarski dvor,47
mega_384,mega_122,mega_336,Stara Ježica,399
mega_384,mega_122,mega_254,Razstavišče,88
mega_384,mega_122,mega_171,AMZS,1400
mega_384,mega_122,mega_172,Bavarski dvor,172
mega_384,mega_122,mega_307,Bolnica,317
mega_384,mega_122,mega_42,Ajdovščina,963
mega_384,mega_122,mega_382,Gosposvetska,119
mega_384,mega_122,mega_42,Ajdovščina,76
mega_384,mega_122,mega_402,Konzorcij/Pošta,134
mega_384,mega_122,mega_325,Drama,175
mega_384,mega_122,mega_172,Bavarski dvor,192
mega_384,mega_122,mega_362,Prušnikova,2049
mega_384,mega_122,mega_325,Drama,135
mega_384,mega_122,mega_402,Konzorcij/Pošta,1675
mega_384,mega_122,mega_172,Bavarski dvor,28
mega_384,mega_122,mega_171,AMZS,197
mega_384,mega_122,mega_325,Drama,145
mega_384,mega_122,mega_234,Dravlje,751
mega_384,mega_122,mega_172,Bavarski dvor,189
mega_384,mega_122,mega_146,Viadukt,208
mega_384,mega_122,mega_402,Konzorcij/Pošta,312
mega_384,mega_122,mega_94,Vič,122
mega_384,mega_122,mega_172,Bavarski dvor,151
mega_384,mega_122,mega_122,Klinični center,1567
mega_384,mega_122,mega_148,Astra,164
mega_384,mega_122,mega_42,Ajdovščina,30
mega_384,mega_122,mega_325,Drama,742
mega_384,mega_122,mega_172,Bavarski dvor,260
mega_384,mega_122,mega_402,Konzorcij/Pošta,254
mega_384,mega_122,mega_172,Bavarski dvor,27
mega_384,mega_122,mega_216,Tržnica Moste,154
mega_384,mega_122,mega_404,Dalmatinova/Tavčarjeva,334
mega_384,mega_122,mega_173,Tivoli,214
mega_384,mega_122,mega_148,Astra,371
mega_384,mega_122,mega_325,Drama,71
mega_384,mega_122,mega_140,Križanke,49
mega_384,mega_122,mega_172,Bavarski dvor,249
mega_384,mega_122,mega_366,Šola Jarše,278
mega_384,mega_122,mega_140,Križanke,67
mega_384,mega_122,mega_172,Bavarski dvor,53
mega_384,mega_122,mega_84,Stožice,459
mega_384,mega_122,mega_402,Konzorcij/Pošta,687
mega_384,mega_122,mega_172,Bavarski dvor,225
mega_384,mega_122,mega_254,Razstavišče,325
mega_384,mega_122,mega_84,Stožice,1487
mega_384,mega_122,mega_172,Bavarski dvor,15
mega_384,mega_122,mega_172,Bavarski dvor,1690
mega_384,mega_122,mega_356,Rogovilc,1203
mega_384,mega_122,mega_42,Ajdovščina,1060
mega_384,mega_122,mega_42,Ajdovščina,1541
mega_384,mega_122,mega_85,Prekmurska,867
mega_384,mega_122,mega_122,Klinični center,137
mega_384,mega_122,mega_42,Ajdovščina,475
mega_384,mega_122,mega_42,Ajdovščina,240
mega_384,mega_122,mega_172,Bavarski dvor,941
mega_384,mega_122,mega_325,Drama,232
mega_384,mega_122,mega_404,Dalmatinova/Tavčarjeva,427
mega_384,mega_122,mega_332,Žale,323
mega_384,mega_122,mega_140,Križanke,632
mega_384,mega_122,mega_331,Gorjančeva,661
mega_384,mega_122,mega_42,Ajdovščina,284
mega_384,mega_122,mega_172,Bavarski dvor,49
mega_384,mega_122,mega_172,Bavarski dvor,206
mega_384,mega_122,mega_348,Stara cerkev,1267
mega_384,mega_122,mega_147,Hajdrihova,595
mega_384,mega_122,mega_307,Bolnica,186
mega_384,mega_122,mega_172,Bavarski dvor,137
mega_384,mega_122,mega_292,Kino Šiška,568
mega_384,mega_122,mega_361,Mirje,1080
mega_384,mega_122,mega_130,Gornji trg,1223
mega_384,mega_122,mega_173,Tivoli,358
mega_384,mega_122,mega_260,Tobačna,153
mega_384,mega_122,mega_122,Klinični center,276
mega_384,mega_122,mega_366,Šola Jarše,450
mega_384,mega_122,mega_357,Chengdujska,511
mega_384,mega_122,mega_382,Gosposvetska,563
mega_384,mega_122,mega_172,Bavarski dvor,355
mega_384,mega_122,mega_292,Kino Šiška,355
mega_384,mega_122,mega_379,Dolgi most,218
mega_384,mega_122,mega_42,Ajdovščina,88
mega_384,mega_122,mega_363,Kolodvor,12
mega_384,mega_122,mega_377,Kranjčeva,454
mega_384,mega_122,mega_374,Strelišče,532
mega_384,mega_122,mega_402,Konzorcij/Pošta,110
mega_384,mega_122,mega_140,Križanke,753
mega_384,mega_122,mega_273,Ježica,975
mega_384,mega_122,mega_172,Bavarski dvor,1494
mega_384,mega_122,mega_117,Kneza Koclja,578
mega_384,mega_122,mega_254,Razstavišče,943
mega_384,mega_122,mega_273,Ježica,536
mega_384,mega_122,mega_123,Cesta v Gorice,87
mega_384,mega_122,mega_402,Konzorcij/Pošta,611
mega_384,mega_122,mega_402,Konzorcij/Pošta,1416
mega_384,mega_122,mega_260,Tobačna,159
mega_384,mega_122,mega_366,Šola Jarše,155
mega_384,mega_122,mega_172,Bavarski dvor,528
mega_384,mega_122,mega_292,Kino Šiška,840
mega_384,mega_122,N/A,N/A,2460
mega_384,mega_122,N/A,N/A,2460
mega_384,mega_122,mega_214,Preglov trg,188
mega_384,mega_122,mega_99,Leskoškova,2226
mega_384,mega_122,mega_348,Stara cerkev,1235
mega_384,mega_122,mega_42,Ajdovščina,552
mega_384,mega_122,mega_140,Križanke,221
mega_384,mega_122,mega_42,Ajdovščina,61
mega_384,mega_122,mega_348,Stara cerkev,648
mega_384,mega_122,mega_42,Ajdovščina,876
mega_384,mega_122,mega_65,Brodarjev trg,609
mega_384,mega_122,mega_42,Ajdovščina,694
mega_384,mega_122,mega_72,Vič Glince,827
mega_384,mega_122,mega_172,Bavarski dvor,303
mega_384,mega_122,mega_42,Ajdovščina,648
mega_384,mega_122,mega_467,D. MOST P+R,61
mega_384,mega_122,mega_294,Slovenija avto,381
mega_384,mega_122,mega_173,Tivoli,73
mega_384,mega_122,mega_172,Bavarski dvor,85
mega_384,mega_122,mega_42,Ajdovščina,280
mega_384,mega_122,mega_122,Klinični center,409
mega_384,mega_122,mega_254,Razstavišče,108
mega_384,mega_122,mega_148,Astra,1119
mega_384,mega_122,mega_382,Gosposvetska,803
mega_384,mega_122,mega_193,Aškerčeva,138
mega_384,mega_122,mega_294,Slovenija avto,633
mega_384,mega_122,mega_42,Ajdovščina,32
mega_384,mega_122,mega_254,Razstavišče,366
mega_384,mega_122,mega_59,Lahova pot,451
mega_384,mega_122,mega_42,Ajdovščina,152
mega_384,mega_122,N/A,N/A,2460
mega_384,mega_122,mega_408,TRNOVO/Trnovo,1599
mega_384,mega_122,mega_325,Drama,50
mega_384,mega_122,mega_402,Konzorcij/Pošta,21
mega_384,mega_122,mega_325,Drama,41
mega_384,mega_122,mega_85,Prekmurska,1163
mega_384,mega_122,mega_172,Bavarski dvor,1561
mega_384,mega_122,mega_402,Konzorcij/Pošta,28
mega_384,mega_122,mega_42,Ajdovščina,1728
mega_384,mega_122,mega_148,Astra,579
mega_384,mega_122,mega_402,Konzorcij/Pošta,1789
mega_384,mega_122,mega_325,Drama,878
mega_384,mega_122,mega_73,Gerbičeva,258
mega_384,mega_122,mega_348,Stara cerkev,264
mega_384,mega_122,mega_172,Bavarski dvor,144
mega_384,mega_122,mega_363,Kolodvor,120
mega_384,mega_122,mega_382,Gosposvetska,969
mega_384,mega_122,mega_42,Ajdovščina,12
mega_384,mega_122,mega_341,Studenec,1327
mega_384,mega_122,mega_193,Aškerčeva,222
mega_384,mega_122,mega_402,Konzorcij/Pošta,129
mega_384,mega_122,mega_310,Večna pot,316
mega_384,mega_122,mega_42,Ajdovščina,138
mega_384,mega_122,mega_402,Konzorcij/Pošta,1324
mega_384,mega_122,mega_332,Žale,495
mega_384,mega_122,mega_273,Ježica,439
mega_384,mega_122,mega_402,Konzorcij/Pošta,816
mega_384,mega_122,mega_67,Koseze,348
mega_384,mega_122,mega_402,Konzorcij/Pošta,766
mega_384,mega_122,mega_42,Ajdovščina,139
mega_384,mega_122,mega_46,Cesta na Vevče,972
mega_384,mega_122,mega_172,Bavarski dvor,405
mega_384,mega_122,mega_173,Tivoli,79
mega_384,mega_122,mega_122,Klinični center,1070
mega_384,mega_122,mega_379,Dolgi most,545
mega_384,mega_122,mega_307,Bolnica,849
mega_384,mega_122,mega_171,AMZS,2106
mega_384,mega_122,mega_126,Bežigrad,953
mega_384,mega_122,mega_172,Bavarski dvor,105
mega_384,mega_122,mega_402,Konzorcij/Pošta,174
mega_384,mega_122,mega_404,Dalmatinova/Tavčarjeva,30
mega_384,mega_122,mega_382,Gosposvetska,45
mega_384,mega_122,mega_172,Bavarski dvor,1121
mega_384,mega_122,mega_172,Bavarski dvor,103
mega_384,mega_122,mega_148,Astra,226
mega_384,mega_122,mega_173,Tivoli,1251
mega_384,mega_122,mega_172,Bavarski dvor,99
mega_384,mega_122,mega_172,Bavarski dvor,18
mega_384,mega_122,mega_325,Drama,477
mega_384,mega_122,mega_402,Konzorcij/Pošta,269
mega_384,mega_122,mega_216,Tržnica Moste,240
mega_384,mega_122,mega_382,Gosposvetska,37
mega_384,mega_122,mega_147,Hajdrihova,39
mega_384,mega_122,mega_136,Privoz,1071
mega_384,mega_122,mega_172,Bavarski dvor,133
mega_384,mega_122,mega_171,AMZS,1059
mega_384,mega_122,mega_332,Žale,1374
mega_384,mega_122,mega_402,Konzorcij/Pošta,17
mega_384,mega_122,mega_292,Kino Šiška,1084
mega_384,mega_122,mega_292,Kino Šiška,837
mega_384,mega_122,mega_94,Vič,282
mega_384,mega_122,mega_246,Podmilščakova,93
mega_384,mega_122,mega_42,Ajdovščina,435
mega_384,mega_122,mega_261,Štepanja vas,53
mega_384,mega_122,mega_407,Flajšmanova/ZELENA JAMA,348
mega_384,mega_122,mega_254,Razstavišče,593
mega_384,mega_122,mega_402,Konzorcij/Pošta,52
mega_384,mega_122,mega_402,Konzorcij/Pošta,173
mega_384,mega_122,mega_402,Konzorcij/Pošta,57
mega_384,mega_122,mega_172,Bavarski dvor,203
mega_384,mega_122,mega_42,Ajdovščina,20
mega_384,mega_122,mega_148,Astra,522
mega_384,mega_122,mega_292,Kino Šiška,264
mega_384,mega_122,mega_122,Klinični center,318
mega_384,mega_122,mega_374,Strelišče,111
mega_384,mega_122,mega_148,Astra,843
mega_384,mega_122,mega_148,Astra,145
mega_384,mega_122,mega_402,Konzorcij/Pošta,649
mega_384,mega_122,mega_343,Friškovec,203
mega_384,mega_122,mega_216,Tržnica Moste,194
mega_384,mega_122,mega_140,Križanke,19
mega_384,mega_122,mega_147,Hajdrihova,57
mega_384,mega_122,mega_130,Gornji trg,77
mega_384,mega_122,mega_366,Šola Jarše,2080
mega_384,mega_122,mega_254,Razstavišče,614
mega_384,mega_122,mega_254,Razstavišče,70
mega_384,mega_122,mega_366,Šola Jarše,69
mega_384,mega_122,mega_382,Gosposvetska,22
mega_384,mega_122,mega_172,Bavarski dvor,311
mega_384,mega_122,mega_325,Drama,530
mega_384,mega_122,mega_172,Bavarski dvor,113
mega_384,mega_122,mega_140,Križanke,267
mega_384,mega_122,mega_173,Tivoli,228
mega_384,mega_122,mega_172,Bavarski dvor,463
mega_384,mega_122,mega_363,Kolodvor,227
mega_384,mega_122,mega_173,Tivoli,1647
mega_384,mega_122,mega_126,Bežigrad,639
mega_384,mega_122,mega_117,Kneza Koclja,990
mega_384,mega_122,mega_216,Tržnica Moste,669
mega_384,mega_122,mega_42,Ajdovščina,111
mega_384,mega_122,mega_325,Drama,319
mega_384,mega_122,mega_172,Bavarski dvor,1117
mega_384,mega_122,mega_42,Ajdovščina,20
mega_384,mega_122,mega_348,Stara cerkev,806
mega_384,mega_122,mega_348,Stara cerkev,764
mega_384,mega_122,mega_130,Gornji trg,60
mega_384,mega_122,mega_254,Razstavišče,164
mega_384,mega_122,mega_148,Astra,2287
mega_384,mega_122,mega_293,Središka,557
mega_384,mega_122,mega_402,Konzorcij/Pošta,49
mega_384,mega_122,mega_332,Žale,2303
mega_384,mega_122,mega_126,Bežigrad,537
mega_384,mega_122,mega_402,Konzorcij/Pošta,125
mega_384,mega_122,mega_325,Drama,118
mega_384,mega_122,mega_382,Gosposvetska,1710
mega_384,mega_122,mega_172,Bavarski dvor,914
mega_384,mega_122,mega_325,Drama,257
mega_384,mega_122,mega_292,Kino Šiška,187
mega_384,mega_122,mega_404,Dalmatinova/Tavčarjeva,56
mega_384,mega_122,mega_254,Razstavišče,825
mega_384,mega_122,mega_325,Drama,318
mega_384,mega_122,mega_292,Kino Šiška,466
mega_384,mega_122,mega_402,Konzorcij/Pošta,209
mega_384,mega_122,mega_359,Kodrova,66
mega_384,mega_122,mega_402,Konzorcij/Pošta,179
mega_384,mega_122,mega_172,Bavarski dvor,587
mega_384,mega_122,mega_333,Savske stolpnice,849
mega_384,mega_122,mega_136,Privoz,234
mega_384,mega_122,mega_85,Prekmurska,1107
mega_384,mega_122,mega_172,Bavarski dvor,106
mega_384,mega_122,mega_42,Ajdovščina,155
mega_384,mega_122,mega_42,Ajdovščina,18
mega_384,mega_122,mega_412,JEŽICA/JEŽICA P+R,1912
mega_384,mega_122,mega_402,Konzorcij/Pošta,339
mega_384,mega_122,mega_172,Bavarski dvor,29
mega_384,mega_122,mega_147,Hajdrihova,80
mega_384,mega_122,mega_42,Ajdovščina,253
mega_384,mega_122,mega_307,Bolnica,656
mega_384,mega_122,mega_307,Bolnica,58
mega_384,mega_122,mega_341,Studenec,606
mega_384,mega_122,mega_122,Klinični center,709
mega_384,mega_122,mega_194,Andreja Bitenca,481
mega_384,mega_122,mega_137,Vižmarje,1296
mega_384,mega_122,mega_42,Ajdovščina,1004
mega_384,mega_122,mega_94,Vič,81
mega_384,mega_122,mega_172,Bavarski dvor,981
mega_384,mega_122,mega_42,Ajdovščina,1191
mega_384,mega_122,mega_172,Bavarski dvor,257
mega_384,mega_122,mega_402,Konzorcij/Pošta,863
mega_384,mega_122,mega_307,Bolnica,793
mega_384,mega_122,mega_148,Astra,93
mega_384,mega_122,mega_295,Kašeljska,156
mega_384,mega_122,mega_325,Drama,1469
mega_384,mega_122,mega_288,Kardeljeva ploščad,453
mega_384,mega_122,mega_325,Drama,22
mega_384,mega_122,mega_367,Jarše,1040
mega_384,mega_122,mega_172,Bavarski dvor,142
mega_384,mega_122,mega_126,Bežigrad,118
mega_384,mega_122,mega_42,Ajdovščina,364
mega_384,mega_122,mega_172,Bavarski dvor,432
mega_384,mega_122,mega_172,Bavarski dvor,439
mega_384,mega_122,mega_382,Gosposvetska,508
mega_384,mega_122,mega_343,Friškovec,269
mega_384,mega_122,mega_148,Astra,257
mega_384,mega_122,mega_172,Bavarski dvor,384
mega_384,mega_122,mega_292,Kino Šiška,124
mega_384,mega_122,mega_130,Gornji trg,236
mega_384,mega_122,mega_382,Gosposvetska,63
mega_384,mega_122,mega_325,Drama,105
mega_384,mega_122,mega_172,Bavarski dvor,1194
mega_384,mega_122,mega_42,Ajdovščina,349
mega_384,mega_122,mega_357,Chengdujska,982
mega_384,mega_122,mega_390,Zaloška,108
mega_384,mega_122,mega_325,Drama,417
mega_384,mega_122,mega_328,Bratislavska,1047
mega_384,mega_122,mega_172,Bavarski dvor,1633
mega_384,mega_122,mega_325,Drama,403
mega_384,mega_122,mega_307,Bolnica,1871
mega_384,mega_122,mega_172,Bavarski dvor,208
mega_384,mega_122,mega_411,Kodeljevo/Ob sotočju,68
mega_384,mega_122,mega_173,Tivoli,76
mega_384,mega_122,mega_384,Jadranska,1102
mega_384,mega_122,mega_258,Cukrarna,286
mega_384,mega_122,N/A,N/A,2460
mega_384,mega_122,mega_402,Konzorcij/Pošta,1202
mega_384,mega_122,mega_172,Bavarski dvor,416
mega_384,mega_122,mega_140,Križanke,29
mega_384,mega_122,mega_437,Cukrarna,187
mega_384,mega_122,mega_136,Privoz,1308
mega_384,mega_122,mega_173,Tivoli,71
mega_384,mega_122,mega_122,Klinični center,95
mega_384,mega_122,mega_42,Ajdovščina,81
mega_384,mega_122,mega_363,Kolodvor,176
mega_384,mega_122,mega_351,Žito,153
mega_384,mega_122,mega_172,Bavarski dvor,336
mega_384,mega_122,mega_117,Kneza Koclja,296
mega_384,mega_122,mega_173,Tivoli,500
mega_384,mega_122,mega_325,Drama,16
mega_384,mega_122,mega_171,AMZS,540
mega_384,mega_122,mega_254,Razstavišče,327
mega_384,mega_122,mega_1,Dragomelj - 1,2095
mega_384,mega_122,mega_343,Friškovec,1171
mega_384,mega_122,mega_333,Savske stolpnice,15
mega_384,mega_122,mega_172,Bavarski dvor,767
mega_384,mega_122,mega_172,Bavarski dvor,472
mega_384,mega_122,mega_172,Bavarski dvor,394
mega_384,mega_122,mega_101,Stadion,63
mega_384,mega_122,mega_42,Ajdovščina,113
mega_384,mega_122,mega_294,Slovenija avto,331
mega_384,mega_122,mega_120,Poljanska,105
mega_384,mega_122,mega_240,Bonifacija,92
mega_384,mega_122,mega_130,Gornji trg,304
mega_384,mega_122,mega_294,Slovenija avto,219
mega_384,mega_122,mega_42,Ajdovščina,319
mega_384,mega_122,mega_42,Ajdovščina,339
mega_384,mega_122,mega_53,Sava,173
mega_384,mega_122,mega_325,Drama,124
mega_384,mega_122,mega_402,Konzorcij/Pošta,775
mega_384,mega_122,mega_172,Bavarski dvor,641
mega_384,mega_122,mega_402,Konzorcij/Pošta,588
mega_384,mega_122,mega_126,Bežigrad,54
mega_384,mega_122,mega_172,Bavarski dvor,330
mega_384,mega_122,mega_172,Bavarski dvor,916
mega_384,mega_122,mega_42,Ajdovščina,2334
mega_384,mega_122,mega_402,Konzorcij/Pošta,502
mega_384,mega_122,mega_130,Gornji trg,22
mega_384,mega_122,mega_348,Stara cerkev,717
mega_384,mega_122,mega_343,Friškovec,82
mega_384,mega_122,mega_172,Bavarski dvor,90
mega_384,mega_122,mega_402,Konzorcij/Pošta,2334
mega_384,mega_122,mega_404,Dalmatinova/Tavčarjeva,145
mega_384,mega_122,mega_122,Klinični center,467
mega_384,mega_122,mega_172,Bavarski dvor,948
mega_384,mega_122,mega_307,Bolnica,926
mega_384,mega_122,mega_363,Kolodvor,195
mega_384,mega_122,mega_146,Viadukt,391
mega_384,mega_122,mega_172,Bavarski dvor,174
mega_384,mega_122,mega_172,Bavarski dvor,395
mega_384,mega_122,mega_379,Dolgi most,158
mega_384,mega_122,mega_42,Ajdovščina,169
mega_384,mega_122,mega_402,Konzorcij/Pošta,475
mega_384,mega_122,mega_42,Ajdovščina,499
mega_384,mega_122,mega_42,Ajdovščina,198
mega_384,mega_122,mega_164,Kompas,838
mega_384,mega_122,mega_402,Konzorcij/Pošta,811
mega_384,mega_122,mega_136,Privoz,348
mega_384,mega_122,mega_362,Prušnikova,1115
mega_384,mega_122,mega_402,Konzorcij/Pošta,84
mega_384,mega_122,mega_325,Drama,39
mega_384,mega_122,mega_292,Kino Šiška,2002
mega_384,mega_122,mega_351,Žito,795
mega_384,mega_122,mega_382,Gosposvetska,1142
mega_384,mega_122,mega_292,Kino Šiška,1346
mega_384,mega_122,mega_363,Kolodvor,997
mega_384,mega_122,mega_325,Drama,602
mega_384,mega_122,mega_382,Gosposvetska,413
mega_384,mega_122,mega_363,Kolodvor,651
mega_384,mega_122,mega_325,Drama,165
mega_384,mega_122,mega_42,Ajdovščina,48
mega_384,mega_122,mega_158,Poliklinika,579
mega_384,mega_122,mega_42,Ajdovščina,38
mega_384,mega_122,mega_173,Tivoli,1043
mega_384,mega_122,mega_172,Bavarski dvor,45
mega_384,mega_122,mega_101,Stadion,1633
mega_384,mega_122,mega_126,Bežigrad,1252
mega_384,mega_122,mega_172,Bavarski dvor,71
mega_384,mega_122,mega_292,Kino Šiška,888
mega_384,mega_122,mega_120,Poljanska,28
mega_384,mega_122,mega_84,Stožice,340
mega_384,mega_122,mega_221,Mercator,714
mega_384,mega_122,mega_348,Stara cerkev,1252
mega_384,mega_122,mega_402,Konzorcij/Pošta,1246
mega_384,mega_122,mega_292,Kino Šiška,455
mega_384,mega_122,mega_42,Ajdovščina,217
mega_384,mega_122,mega_172,Bavarski dvor,69
mega_384,mega_122,mega_307,Bolnica,923
mega_384,mega_122,mega_42,Ajdovščina,81
mega_384,mega_122,mega_325,Drama,309
mega_384,mega_122,mega_261,Štepanja vas,349
mega_384,mega_122,mega_85,Prekmurska,104
mega_384,mega_122,mega_126,Bežigrad,1023
mega_384,mega_122,mega_147,Hajdrihova,623
mega_384,mega_122,mega_42,Ajdovščina,82
mega_384,mega_122,mega_172,Bavarski dvor,767
mega_384,mega_122,mega_148,Astra,546
mega_384,mega_122,mega_348,Stara cerkev,226
mega_384,mega_122,mega_371,Tovorni kolodvor,215
mega_384,mega_122,mega_126,Bežigrad,35
mega_384,mega_122,mega_181,Gasilska brigada,80
mega_384,mega_122,mega_103,7. septembra,367
mega_384,mega_122,mega_292,Kino Šiška,406
mega_384,mega_122,mega_181,Gasilska brigada,64
mega_384,mega_122,mega_122,Klinični center,417
mega_384,mega_122,mega_42,Ajdovščina,20
mega_384,mega_122,mega_172,Bavarski dvor,1192
mega_384,mega_122,mega_292,Kino Šiška,163
mega_384,mega_122,mega_173,Tivoli,684
mega_384,mega_122,mega_401,Remiza/Šišenska,974
mega_384,mega_122,mega_172,Bavarski dvor,82
mega_384,mega_122,mega_172,Bavarski dvor,371
mega_384,mega_122,mega_294,Slovenija avto,205
mega_384,mega_122,mega_148,Astra,377
mega_384,mega_122,mega_325,Drama,24
mega_384,mega_122,mega_172,Bavarski dvor,394
mega_384,mega_122,mega_348,Stara cerkev,685
mega_384,mega_122,mega_254,Razstavišče,244
mega_384,mega_122,mega_140,Križanke,80
mega_384,mega_122,mega_173,Tivoli,65
mega_384,mega_122,mega_367,Jarše,306
mega_384,mega_122,mega_283,Polje,411
mega_384,mega_122,mega_173,Tivoli,1129
mega_384,mega_122,mega_254,Razstavišče,637
mega_384,mega_122,mega_325,Drama,263
mega_384,mega_122,mega_146,Viadukt,148
mega_384,mega_122,mega_202,Kosmačeva,1290
mega_384,mega_122,mega_382,Gosposvetska,43
mega_384,mega_122,mega_362,Prušnikova,491
mega_384,mega_122,mega_172,Bavarski dvor,73
mega_384,mega_122,mega_325,Drama,317
mega_384,mega_122,mega_382,Gosposvetska,1460
mega_384,mega_122,mega_407,Flajšmanova/ZELENA JAMA,664
mega_384,mega_122,mega_84,Stožice,232
mega_384,mega_122,mega_332,Žale,295
mega_384,mega_122,mega_253,Pot na Rakovo jelšo,978
mega_384,mega_122,mega_254,Razstavišče,1873
mega_384,mega_122,mega_348,Stara cerkev,360
mega_384,mega_122,mega_171,AMZS,551
mega_384,mega_122,mega_402,Konzorcij/Pošta,133
mega_384,mega_122,mega_100,Litostrojska,664
mega_384,mega_122,mega_193,Aškerčeva,37
mega_384,mega_122,mega_130,Gornji trg,32
mega_384,mega_122,mega_150,Kodeljevo,309
mega_384,mega_122,mega_382,Gosposvetska,32
mega_384,mega_122,mega_325,Drama,926
mega_384,mega_122,mega_292,Kino Šiška,300
mega_384,mega_122,mega_254,Razstavišče,175
mega_384,mega_122,mega_382,Gosposvetska,17
mega_384,mega_122,mega_341,Studenec,145
mega_384,mega_122,mega_254,Razstavišče,278
mega_384,mega_122,mega_172,Bavarski dvor,31
mega_384,mega_122,mega_42,Ajdovščina,693
mega_384,mega_122,mega_42,Ajdovščina,1131
mega_384,mega_122,mega_172,Bavarski dvor,65
mega_384,mega_122,mega_172,Bavarski dvor,529
mega_384,mega_122,mega_130,Gornji trg,472
mega_384,mega_122,mega_148,Astra,702
mega_384,mega_122,mega_172,Bavarski dvor,600
mega_384,mega_122,mega_172,Bavarski dvor,119
mega_384,mega_122,mega_172,Bavarski dvor,41
mega_384,mega_122,mega_140,Križanke,7
mega_384,mega_122,mega_240,Bonifacija,282
mega_384,mega_122,mega_42,Ajdovščina,334
mega_384,mega_122,mega_95,Topniška,191
mega_384,mega_122,mega_42,Ajdovščina,43
mega_384,mega_122,mega_363,Kolodvor,546
mega_384,mega_122,mega_141,Bratov Babnik,1532
mega_384,mega_122,mega_402,Konzorcij/Pošta,999
mega_384,mega_122,mega_307,Bolnica,1740
mega_384,mega_122,mega_173,Tivoli,75
mega_384,mega_122,N/A,N/A,2460
mega_384,mega_122,mega_148,Astra,763
mega_384,mega_122,mega_42,Ajdovščina,999
mega_384,mega_122,mega_307,Bolnica,985
mega_384,mega_122,mega_325,Drama,72
mega_384,mega_122,mega_254,Razstavišče,100
mega_384,mega_122,mega_42,Ajdovščina,783
mega_384,mega_122,mega_187,Križišče Sostro,567
mega_384,mega_122,mega_172,Bavarski dvor,51
mega_384,mega_122,mega_254,Razstavišče,1098
mega_384,mega_122,mega_254,Razstavišče,149
mega_384,mega_122,mega_173,Tivoli,185
mega_384,mega_122,mega_254,Razstavišče,430
mega_384,mega_122,mega_172,Bavarski dvor,835
mega_384,mega_122,mega_172,Bavarski dvor,2211
mega_384,mega_122,mega_367,Jarše,436
mega_384,mega_122,N/A,N/A,2460
mega_384,mega_122,mega_326,Zmajski most,209
mega_384,mega_122,mega_172,Bavarski dvor,143
mega_384,mega_122,mega_42,Ajdovščina,287
mega_384,mega_122,mega_246,Podmilščakova,576
mega_384,mega_122,mega_112,Tomačevska,260
mega_384,mega_122,mega_363,Kolodvor,80
mega_384,mega_122,mega_325,Drama,30
mega_384,mega_122,mega_31,Novo Polje,198
mega_384,mega_122,mega_390,Zaloška,1076
mega_384,mega_122,mega_42,Ajdovščina,140
mega_384,mega_122,mega_42,Ajdovščina,1449
mega_384,mega_122,mega_402,Konzorcij/Pošta,440
mega_384,mega_122,mega_292,Kino Šiška,934
mega_384,mega_122,mega_172,Bavarski dvor,229
mega_384,mega_122,mega_172,Bavarski dvor,102
mega_384,mega_122,mega_173,Tivoli,149
mega_384,mega_122,mega_120,Poljanska,813
mega_384,mega_122,mega_216,Tržnica Moste,1349
mega_384,mega_122,mega_172,Bavarski dvor,398
mega_384,mega_122,mega_325,Drama,26
mega_384,mega_122,mega_402,Konzorcij/Pošta,309
mega_384,mega_122,mega_179,Kavčičeva,574
mega_384,mega_122,mega_172,Bavarski dvor,923
mega_384,mega_122,mega_148,Astra,360
mega_384,mega_122,mega_42,Ajdovščina,74
mega_384,mega_122,mega_42,Ajdovščina,30
mega_384,mega_122,mega_407,Flajšmanova/ZELENA JAMA,344
mega_384,mega_122,N/A,N/A,2460
mega_384,mega_122,mega_227,Smelt,731
mega_384,mega_122,mega_173,Tivoli,1153
mega_384,mega_122,mega_325,Drama,290
mega_384,mega_122,mega_172,Bavarski dvor,162
mega_384,mega_122,mega_42,Ajdovščina,671
mega_384,mega_122,mega_130,Gornji trg,435
mega_384,mega_122,mega_402,Konzorcij/Pošta,719
mega_384,mega_122,mega_325,Drama,184
mega_384,mega_122,mega_402,Konzorcij/Pošta,899
mega_384,mega_122,mega_99,Leskoškova,1036
mega_384,mega_122,mega_147,Hajdrihova,107
mega_384,mega_122,mega_129,Ambrožev trg,32
mega_384,mega_122,mega_172,Bavarski dvor,1490
mega_384,mega_122,mega_303,Rusjanov trg,342
mega_384,mega_122,mega_42,Ajdovščina,817
mega_384,mega_122,mega_148,Astra,275
mega_384,mega_122,mega_390,Zaloška,93
mega_384,mega_122,mega_167,Agrokombinatska,735
mega_384,mega_122,mega_382,Gosposvetska,98
mega_384,mega_122,mega_42,Ajdovščina,52
mega_384,mega_122,mega_146,Viadukt,37
mega_384,mega_122,mega_261,Štepanja vas,82
mega_384,mega_122,mega_343,Friškovec,597
mega_384,mega_122,mega_348,Stara cerkev,70
mega_384,mega_122,mega_401,Remiza/Šišenska,243
mega_384,mega_122,mega_130,Gornji trg,249
mega_384,mega_122,mega_402,Konzorcij/Pošta,511
mega_384,mega_122,mega_136,Privoz,191
mega_384,mega_122,mega_326,Zmajski most,104
mega_384,mega_122,mega_402,Konzorcij/Pošta,270
mega_384,mega_122,mega_273,Ježica,554
mega_384,mega_122,mega_391,Šentvid,254
mega_384,mega_122,mega_214,Preglov trg,1095
mega_384,mega_122,mega_42,Ajdovščina,18
mega_384,mega_122,mega_172,Bavarski dvor,272
mega_384,mega_122,mega_42,Ajdovščina,510
mega_384,mega_122,mega_130,Gornji trg,2066
mega_384,mega_122,mega_173,Tivoli,672
mega_384,mega_122,mega_172,Bavarski dvor,21
mega_384,mega_122,mega_325,Drama,533
mega_384,mega_122,mega_130,Gornji trg,1032
mega_384,mega_122,mega_402,Konzorcij/Pošta,263
mega_384,mega_122,mega_404,Dalmatinova/Tavčarjeva,389
mega_384,mega_122,mega_85,Prekmurska,99
mega_384,mega_122,mega_402,Konzorcij/Pošta,513
mega_384,mega_122,mega_172,Bavarski dvor,253
mega_384,mega_122,mega_148,Astra,281
mega_384,mega_122,mega_173,Tivoli,514
mega_384,mega_122,mega_325,Drama,24
mega_384,mega_122,mega_26,Zgornji log,247
mega_384,mega_122,mega_42,Ajdovščina,96
mega_384,mega_122,mega_42,Ajdovščina,253
mega_384,mega_122,mega_148,Astra,391
mega_384,mega_122,mega_332,Žale,258
mega_384,mega_122,mega_172,Bavarski dvor,451
mega_384,mega_122,mega_42,Ajdovščina,1609
mega_384,mega_122,mega_400,Aleja/Avtomontaža,123
mega_384,mega_122,mega_330,Cankarjev dom,128
mega_384,mega_122,mega_254,Razstavišče,265
mega_384,mega_122,mega_172,Bavarski dvor,105
mega_384,mega_122,mega_221,Mercator,1745
mega_384,mega_122,mega_172,Bavarski dvor,24
mega_384,mega_122,mega_42,Ajdovščina,388
mega_384,mega_122,mega_122,Klinični center,385
mega_384,mega_122,mega_377,Kranjčeva,250
mega_384,mega_122,mega_382,Gosposvetska,1331
mega_384,mega_122,N/A,N/A,2460
mega_384,mega_122,mega_401,Remiza/Šišenska,1094
mega_384,mega_122,mega_42,Ajdovščina,52
mega_384,mega_122,mega_42,Ajdovščina,36
mega_384,mega_122,mega_402,Konzorcij/Pošta,935
mega_384,mega_122,mega_307,Bolnica,94
mega_384,mega_122,mega_120,Poljanska,223
mega_384,mega_122,mega_379,Dolgi most,119
mega_384,mega_122,mega_136,Privoz,1144
mega_384,mega_122,mega_171,AMZS,78
mega_384,mega_122,mega_172,Bavarski dvor,562
mega_384,mega_122,mega_120,Poljanska,112
mega_384,mega_122,mega_363,Kolodvor,1104
mega_384,mega_122,mega_325,Drama,1456
mega_384,mega_122,mega_172,Bavarski dvor,1001
mega_384,mega_122,mega_136,Privoz,538
mega_384,mega_122,mega_46,Cesta na Vevče,1065
mega_384,mega_122,mega_332,Žale,430
mega_384,mega_122,mega_42,Ajdovščina,351
mega_384,mega_122,mega_172,Bavarski dvor,36
mega_384,mega_122,mega_173,Tivoli,395
mega_384,mega_122,N/A,N/A,2460
mega_384,mega_122,mega_325,Drama,45
mega_384,mega_122,mega_325,Drama,12
mega_384,mega_122,mega_172,Bavarski dvor,163
mega_384,mega_122,mega_307,Bolnica,1141
mega_384,mega_122,mega_348,Stara cerkev,762
mega_384,mega_122,mega_122,Klinični center,586
mega_384,mega_122,mega_172,Bavarski dvor,134
mega_384,mega_122,mega_122,Klinični center,336
mega_384,mega_122,mega_254,Razstavišče,1054
mega_384,mega_122,mega_254,Razstavišče,481
mega_384,mega_122,mega_325,Drama,37
mega_384,mega_122,mega_129,Ambrožev trg,321
mega_384,mega_122,mega_254,Razstavišče,795
mega_384,mega_122,mega_172,Bavarski dvor,730
mega_384,mega_122,mega_382,Gosposvetska,128
mega_384,mega_122,mega_42,Ajdovščina,429
mega_384,mega_122,mega_172,Bavarski dvor,25
mega_384,mega_122,mega_254,Razstavišče,652
mega_384,mega_122,mega_292,Kino Šiška,627
mega_384,mega_122,mega_254,Razstavišče,487
mega_384,mega_122,mega_390,Zaloška,54
mega_384,mega_122,mega_363,Kolodvor,635
mega_384,mega_122,mega_292,Kino Šiška,966
mega_384,mega_122,mega_42,Ajdovščina,123
mega_384,mega_122,mega_101,Stadion,314
mega_384,mega_122,mega_294,Slovenija avto,381
mega_384,mega_122,mega_283,Polje,290
mega_384,mega_122,mega_172,Bavarski dvor,449
mega_384,mega_122,mega_390,Zaloška,705
mega_384,mega_122,mega_140,Križanke,63
mega_384,mega_122,mega_343,Friškovec,407
mega_384,mega_122,mega_254,Razstavišče,531
mega_384,mega_122,mega_402,Konzorcij/Pošta,364
mega_384,mega_122,mega_42,Ajdovščina,683
mega_384,mega_122,mega_326,Zmajski most,114
mega_384,mega_122,mega_172,Bavarski dvor,192
mega_384,mega_122,mega_216,Tržnica Moste,670
mega_384,mega_122,mega_342,Pot na Fužine,629
mega_384,mega_122,mega_254,Razstavišče,232
mega_384,mega_122,mega_147,Hajdrihova,434
mega_384,mega_122,mega_129,Ambrožev trg,35
mega_384,mega_122,mega_172,Bavarski dvor,1383
mega_384,mega_122,mega_352,Rakovnik,62
mega_384,mega_122,mega_292,Kino Šiška,2288
mega_384,mega_122,mega_172,Bavarski dvor,516
mega_384,mega_122,mega_172,Bavarski dvor,43
mega_384,mega_122,mega_402,Konzorcij/Pošta,140
mega_384,mega_122,mega_325,Drama,511
mega_384,mega_122,mega_172,Bavarski dvor,612
mega_384,mega_122,mega_171,AMZS,237
mega_384,mega_122,mega_126,Bežigrad,1381
mega_384,mega_122,mega_366,Šola Jarše,1024
mega_384,mega_122,mega_172,Bavarski dvor,240
mega_384,mega_122,mega_136,Privoz,116
mega_384,mega_122,mega_172,Bavarski dvor,198
mega_384,mega_122,mega_172,Bavarski dvor,832
mega_384,mega_122,mega_342,Pot na Fužine,1623
mega_384,mega_122,mega_325,Drama,12
mega_384,mega_122,mega_42,Ajdovščina,951
mega_384,mega_122,mega_172,Bavarski dvor,356
mega_384,mega_122,mega_42,Ajdovščina,801
mega_384,mega_122,mega_172,Bavarski dvor,509
mega_384,mega_122,mega_172,Bavarski dvor,1017
mega_384,mega_122,mega_348,Stara cerkev,384
mega_384,mega_122,mega_216,Tržnica Moste,526
mega_384,mega_122,mega_382,Gosposvetska,37
mega_384,mega_122,mega_325,Drama,8
mega_384,mega_122,mega_292,Kino Šiška,575
mega_384,mega_122,mega_326,Zmajski most,1644
mega_384,mega_122,mega_42,Ajdovščina,671
mega_384,mega_122,mega_354,Gornje Poljane,67
mega_384,mega_122,mega_130,Gornji trg,30
mega_384,mega_122,mega_325,Drama,14
mega_384,mega_122,mega_363,Kolodvor,260
mega_384,mega_122,mega_427,ZD POLJE,1539
mega_384,mega_122,mega_382,Gosposvetska,381
mega_384,mega_122,mega_26,Zgornji log,205
mega_384,mega_122,mega_254,Razstavišče,498
mega_384,mega_122,mega_402,Konzorcij/Pošta,43
mega_384,mega_122,mega_42,Ajdovščina,1602
mega_384,mega_122,mega_402,Konzorcij/Pošta,258
mega_384,mega_122,mega_147,Hajdrihova,113
mega_384,mega_122,mega_140,Križanke,17
mega_384,mega_122,mega_325,Drama,26
mega_384,mega_122,mega_100,Litostrojska,867
mega_384,mega_122,mega_254,Razstavišče,1144
mega_384,mega_122,mega_402,Konzorcij/Pošta,83
mega_384,mega_122,mega_325,Drama,1345
mega_384,mega_122,mega_172,Bavarski dvor,567
mega_384,mega_122,mega_343,Friškovec,872
mega_384,mega_122,mega_172,Bavarski dvor,61
mega_384,mega_122,mega_325,Drama,578
mega_384,mega_122,mega_408,TRNOVO/Trnovo,1190
mega_384,mega_122,mega_343,Friškovec,645
mega_384,mega_122,mega_227,Smelt,107
mega_384,mega_122,mega_402,Konzorcij/Pošta,1391
mega_384,mega_122,mega_402,Konzorcij/Pošta,145
mega_384,mega_122,mega_172,Bavarski dvor,915
mega_384,mega_122,mega_136,Privoz,788
mega_384,mega_122,mega_366,Šola Jarše,1254
mega_384,mega_122,mega_222,Glonarjeva,296
mega_384,mega_122,mega_402,Konzorcij/Pošta,439
mega_384,mega_122,mega_402,Konzorcij/Pošta,273
mega_384,mega_122,mega_325,Drama,167
mega_384,mega_122,mega_325,Drama,18
mega_384,mega_122,mega_42,Ajdovščina,136
mega_384,mega_122,mega_362,Prušnikova,529
mega_384,mega_122,mega_402,Konzorcij/Pošta,994
mega_384,mega_122,mega_363,Kolodvor,674
mega_384,mega_122,mega_126,Bežigrad,236
mega_384,mega_122,mega_402,Konzorcij/Pošta,47
mega_384,mega_122,mega_42,Ajdovščina,804
mega_384,mega_122,mega_382,Gosposvetska,1319
mega_384,mega_122,mega_342,Pot na Fužine,238
mega_384,mega_122,mega_254,Razstavišče,253
mega_384,mega_122,mega_100,Litostrojska,2130
mega_384,mega_122,mega_348,Stara cerkev,1816
mega_384,mega_122,mega_216,Tržnica Moste,505
mega_384,mega_122,mega_382,Gosposvetska,296
mega_384,mega_122,mega_206,Ižanska,218
mega_384,mega_122,mega_172,Bavarski dvor,533
mega_384,mega_122,mega_411,Kodeljevo/Ob sotočju,945
mega_384,mega_122,mega_343,Friškovec,149
mega_384,mega_122,mega_140,Križanke,33
mega_384,mega_122,mega_366,Šola Jarše,213
mega_384,mega_122,mega_254,Razstavišče,199
mega_384,mega_122,mega_172,Bavarski dvor,199
mega_384,mega_122,mega_402,Konzorcij/Pošta,460
mega_384,mega_122,mega_129,Ambrožev trg,471
mega_384,mega_122,mega_42,Ajdovščina,1358
mega_384,mega_122,mega_366,Šola Jarše,928
mega_384,mega_122,mega_402,Konzorcij/Pošta,185
mega_384,mega_122,mega_42,Ajdovščina,42
mega_384,mega_122,mega_42,Ajdovščina,432
mega_384,mega_122,mega_350,Podgora,1795
mega_384,mega_122,mega_292,Kino Šiška,112
mega_384,mega_122,mega_294,Slovenija avto,1714
mega_384,mega_122,mega_379,Dolgi most,167
mega_384,mega_122,mega_26,Zgornji log,71
mega_384,mega_122,mega_193,Aškerčeva,127
mega_384,mega_122,mega_42,Ajdovščina,484
mega_384,mega_122,mega_42,Ajdovščina,1257
mega_384,mega_122,mega_292,Kino Šiška,851
mega_384,mega_122,mega_148,Astra,187
mega_384,mega_122,mega_384,Jadranska,56
mega_384,mega_122,mega_172,Bavarski dvor,31
mega_384,mega_122,mega_393,Parmova,860
mega_384,mega_122,mega_42,Ajdovščina,157
mega_384,mega_122,mega_171,AMZS,744
mega_384,mega_122,mega_343,Friškovec,119
mega_384,mega_122,mega_65,Brodarjev trg,1570
mega_384,mega_122,mega_137,Vižmarje,376
mega_384,mega_122,mega_148,Astra,332
mega_384,mega_122,mega_42,Ajdovščina,1777
mega_384,mega_122,mega_172,Bavarski dvor,468
mega_384,mega_122,mega_292,Kino Šiška,848
mega_384,mega_122,mega_172,Bavarski dvor,874
mega_384,mega_122,mega_172,Bavarski dvor,43
mega_384,mega_122,mega_172,Bavarski dvor,285
mega_384,mega_122,mega_172,Bavarski dvor,873
mega_384,mega_122,mega_328,Bratislavska,435
mega_384,mega_122,mega_393,Parmova,127
mega_384,mega_122,mega_402,Konzorcij/Pošta,213
mega_384,mega_122,mega_172,Bavarski dvor,378
mega_384,mega_122,mega_402,Konzorcij/Pošta,538
mega_384,mega_122,mega_382,Gosposvetska,35
mega_384,mega_122,mega_254,Razstavišče,74
mega_384,mega_122,mega_148,Astra,834
mega_384,mega_122,mega_402,Konzorcij/Pošta,17
mega_384,mega_122,mega_216,Tržnica Moste,205
mega_384,mega_122,mega_172,Bavarski dvor,596
mega_384,mega_122,mega_42,Ajdovščina,68
mega_384,mega_122,mega_336,Stara Ježica,413
mega_384,mega_122,mega_348,Stara cerkev,370
mega_384,mega_122,mega_122,Klinični center,39
mega_384,mega_122,mega_172,Bavarski dvor,332
mega_384,mega_122,mega_172,Bavarski dvor,530
mega_384,mega_122,mega_382,Gosposvetska,555
mega_384,mega_122,mega_325,Drama,735
mega_384,mega_122,mega_146,Viadukt,842
mega_384,mega_122,mega_348,Stara cerkev,144
mega_384,mega_122,mega_23,Čerinova,256
mega_384,mega_122,mega_382,Gosposvetska,323
mega_384,mega_122,mega_307,Bolnica,230
mega_384,mega_122,mega_42,Ajdovščina,837
mega_384,mega_122,mega_333,Savske stolpnice,240
mega_384,mega_122,mega_42,Ajdovščina,897
mega_384,mega_122,mega_325,Drama,1500
mega_384,mega_122,mega_325,Drama,72
mega_384,mega_122,mega_210,Ruski car,877
mega_384,mega_122,mega_172,Bavarski dvor,90
mega_384,mega_122,mega_158,Poliklinika,485
mega_384,mega_122,mega_366,Šola Jarše,448
mega_384,mega_122,mega_292,Kino Šiška,819
mega_384,mega_122,mega_140,Križanke,21
mega_384,mega_122,mega_254,Razstavišče,845
mega_384,mega_122,mega_258,Cukrarna,1230
mega_384,mega_122,mega_171,AMZS,351
mega_384,mega_122,mega_172,Bavarski dvor,103
mega_384,mega_122,mega_172,Bavarski dvor,171
mega_384,mega_122,N/A,N/A,2460
mega_384,mega_122,mega_42,Ajdovščina,392
mega_384,mega_122,mega_254,Razstavišče,231
mega_384,mega_122,mega_363,Kolodvor,2095
mega_384,mega_122,mega_325,Drama,279
mega_384,mega_122,mega_367,Jarše,1804
mega_384,mega_122,mega_402,Konzorcij/Pošta,143
mega_384,mega_122,mega_292,Kino Šiška,627
mega_384,mega_122,mega_173,Tivoli,1078
mega_384,mega_122,mega_126,Bežigrad,2234
mega_384,mega_122,mega_172,Bavarski dvor,1274
mega_384,mega_122,mega_140,Križanke,11
mega_384,mega_122,mega_172,Bavarski dvor,1376
mega_384,mega_122,mega_101,Stadion,389
mega_384,mega_122,mega_341,Studenec,854
mega_384,mega_122,mega_307,Bolnica,55
mega_384,mega_122,mega_254,Razstavišče,42
mega_384,mega_122,mega_193,Aškerčeva,529
mega_384,mega_122,mega_325,Drama,219
mega_384,mega_122,mega_259,Savsko naselje,392
mega_384,mega_122,mega_402,Konzorcij/Pošta,11
mega_384,mega_122,mega_193,Aškerčeva,1904
mega_384,mega_122,mega_172,Bavarski dvor,93
mega_384,mega_122,mega_122,Klinični center,140
mega_384,mega_122,mega_122,Klinični center,67
mega_384,mega_122,N/A,N/A,2460
mega_384,mega_122,mega_172,Bavarski dvor,255
mega_384,mega_122,mega_172,Bavarski dvor,341
mega_384,mega_122,mega_158,Poliklinika,389
mega_384,mega_122,mega_254,Razstavišče,717
mega_384,mega_122,mega_254,Razstavišče,94
mega_384,mega_122,mega_148,Astra,482
mega_384,mega_122,mega_172,Bavarski dvor,1179
mega_384,mega_122,mega_172,Bavarski dvor,789
mega_384,mega_122,mega_309,Kolodvor Črnuče,984
mega_384,mega_122,mega_42,Ajdovščina,185
mega_384,mega_122,mega_172,Bavarski dvor,527
mega_384,mega_122,mega_172,Bavarski dvor,1275
mega_384,mega_122,mega_333,Savske stolpnice,1696
mega_384,mega_122,mega_260,Tobačna,2095
mega_384,mega_122,mega_122,Klinični center,974
mega_384,mega_122,mega_307,Bolnica,332
mega_384,mega_122,mega_172,Bavarski dvor,23
mega_384,mega_122,mega_172,Bavarski dvor,401
mega_384,mega_122,mega_148,Astra,317
mega_384,mega_122,mega_148,Astra,48
mega_384,mega_122,mega_390,Zaloška,199
mega_384,mega_122,mega_366,Šola Jarše,48
mega_384,mega_122,mega_42,Ajdovščina,443
mega_384,mega_122,mega_254,Razstavišče,59
mega_384,mega_122,mega_172,Bavarski dvor,33
mega_384,mega_122,mega_325,Drama,476
mega_384,mega_122,mega_325,Drama,34
mega_384,mega_122,mega_336,Stara Ježica,1223
mega_384,mega_122,mega_129,Ambrožev trg,1765
mega_384,mega_122,mega_325,Drama,1834
mega_384,mega_122,mega_254,Razstavišče,180
mega_384,mega_122,mega_42,Ajdovščina,24
mega_384,mega_122,mega_172,Bavarski dvor,338
mega_384,mega_122,mega_402,Konzorcij/Pošta,358
mega_384,mega_122,mega_325,Drama,42
mega_384,mega_122,mega_122,Klinični center,61
mega_384,mega_122,mega_402,Konzorcij/Pošta,13
mega_384,mega_122,mega_42,Ajdovščina,106
mega_384,mega_122,mega_402,Konzorcij/Pošta,253
mega_384,mega_122,mega_42,Ajdovščina,167
mega_384,mega_122,mega_216,Tržnica Moste,514
mega_384,mega_122,mega_382,Gosposvetska,721
mega_384,mega_122,mega_254,Razstavišče,1427
mega_384,mega_122,mega_172,Bavarski dvor,82
mega_384,mega_122,mega_260,Tobačna,735
mega_384,mega_122,mega_348,Stara cerkev,100
mega_384,mega_122,mega_402,Konzorcij/Pošta,245
mega_384,mega_122,mega_402,Konzorcij/Pošta,869
mega_384,mega_122,mega_42,Ajdovščina,110
mega_384,mega_122,mega_101,Stadion,697
mega_384,mega_122,mega_172,Bavarski dvor,1711
mega_384,mega_122,mega_120,Poljanska,600
mega_384,mega_122,mega_172,Bavarski dvor,505
mega_384,mega_122,mega_130,Gornji trg,251
mega_384,mega_122,mega_172,Bavarski dvor,23
mega_384,mega_122,mega_366,Šola Jarše,196
mega_384,mega_122,mega_147,Hajdrihova,65
mega_384,mega_122,mega_172,Bavarski dvor,321
mega_384,mega_122,mega_366,Šola Jarše,261
mega_384,mega_122,mega_172,Bavarski dvor,383
mega_384,mega_122,mega_172,Bavarski dvor,1216
mega_384,mega_122,mega_42,Ajdovščina,86
mega_384,mega_122,mega_303,Rusjanov trg,318
mega_384,mega_122,mega_148,Astra,244
mega_384,mega_122,mega_148,Astra,860
mega_384,mega_122,mega_193,Aškerčeva,148
mega_384,mega_122,mega_216,Tržnica Moste,758
mega_384,mega_122,mega_390,Zaloška,320
mega_384,mega_122,mega_126,Bežigrad,2009
mega_384,mega_122,mega_172,Bavarski dvor,194
mega_384,mega_122,mega_343,Friškovec,738
mega_384,mega_122,mega_42,Ajdovščina,777
mega_384,mega_122,mega_172,Bavarski dvor,320
mega_384,mega_122,mega_402,Konzorcij/Pošta,587
mega_384,mega_122,mega_172,Bavarski dvor,1013
mega_384,mega_122,mega_159,BTC-Emporium,665
mega_384,mega_122,mega_366,Šola Jarše,352
mega_384,mega_122,mega_122,Klinični center,542
mega_384,mega_122,mega_172,Bavarski dvor,892
mega_384,mega_122,mega_261,Štepanja vas,230
mega_384,mega_122,mega_62,Lutkovno gl.,408
mega_384,mega_122,mega_172,Bavarski dvor,239
mega_384,mega_122,mega_172,Bavarski dvor,748
mega_384,mega_122,mega_159,BTC-Emporium,559
mega_384,mega_122,mega_254,Razstavišče,252
mega_384,mega_122,mega_254,Razstavišče,853
mega_384,mega_122,mega_172,Bavarski dvor,2071
mega_384,mega_122,mega_172,Bavarski dvor,675
mega_384,mega_122,N/A,N/A,2460
mega_384,mega_122,mega_172,Bavarski dvor,190
mega_384,mega_122,mega_168,Pohorskega bataljona,96
mega_384,mega_122,mega_101,Stadion,771
mega_384,mega_122,mega_402,Konzorcij/Pošta,607
mega_384,mega_122,mega_136,Privoz,7
mega_384,mega_122,mega_366,Šola Jarše,43
mega_384,mega_122,mega_390,Zaloška,366
mega_384,mega_122,mega_172,Bavarski dvor,489
mega_384,mega_122,mega_402,Konzorcij/Pošta,41
mega_384,mega_122,mega_402,Konzorcij/Pošta,142
mega_384,mega_122,mega_402,Konzorcij/Pošta,580
mega_384,mega_122,mega_172,Bavarski dvor,17
mega_384,mega_122,mega_363,Kolodvor,189
mega_384,mega_122,mega_367,Jarše,673
mega_384,mega_122,mega_172,Bavarski dvor,234
mega_384,mega_122,mega_172,Bavarski dvor,157
mega_384,mega_122,mega_402,Konzorcij/Pošta,651
mega_384,mega_122,mega_221,Mercator,264
mega_384,mega_122,mega_159,BTC-Emporium,1232
mega_384,mega_122,mega_65,Brodarjev trg,706
mega_384,mega_122,mega_402,Konzorcij/Pošta,81
mega_384,mega_122,mega_42,Ajdovščina,16
mega_384,mega_122,mega_325,Drama,66
mega_384,mega_122,mega_58,Zadvor,1372
mega_384,mega_122,mega_358,Dolgi most Rotar,93
mega_384,mega_122,mega_254,Razstavišče,179
mega_384,mega_122,mega_172,Bavarski dvor,684
mega_384,mega_122,mega_222,Glonarjeva,1402
mega_384,mega_122,mega_467,D. MOST P+R,38
mega_384,mega_122,mega_348,Stara cerkev,803
mega_384,mega_122,mega_56,OŠ Sostro,122
mega_384,mega_122,mega_126,Bežigrad,814
mega_384,mega_122,mega_325,Drama,338
mega_384,mega_122,mega_342,Pot na Fužine,433
mega_384,mega_122,mega_292,Kino Šiška,98
mega_384,mega_122,mega_84,Stožice,113
mega_384,mega_122,mega_172,Bavarski dvor,208
mega_384,mega_122,mega_42,Ajdovščina,28
mega_384,mega_122,mega_402,Konzorcij/Pošta,466
mega_384,mega_122,mega_356,Rogovilc,750
mega_384,mega_122,mega_254,Razstavišče,221
mega_384,mega_122,mega_150,Kodeljevo,170
mega_384,mega_122,mega_172,Bavarski dvor,478
mega_384,mega_122,mega_325,Drama,204
mega_384,mega_122,mega_117,Kneza Koclja,453
mega_384,mega_122,mega_172,Bavarski dvor,572
mega_384,mega_122,mega_99,Leskoškova,498
mega_384,mega_122,mega_254,Razstavišče,363
mega_384,mega_122,mega_140,Križanke,693
mega_384,mega_122,mega_42,Ajdovščina,406
mega_384,mega_122,mega_227,Smelt,1523
mega_384,mega_122,mega_254,Razstavišče,626
mega_384,mega_122,mega_150,Kodeljevo,242
mega_384,mega_122,mega_172,Bavarski dvor,1011
mega_384,mega_122,mega_172,Bavarski dvor,518
mega_384,mega_122,mega_325,Drama,1940
mega_384,mega_122,mega_307,Bolnica,197
mega_384,mega_122,mega_254,Razstavišče,77
mega_384,mega_122,mega_193,Aškerčeva,1747
mega_384,mega_122,mega_126,Bežigrad,25
mega_384,mega_122,mega_352,Rakovnik,484
mega_384,mega_122,mega_148,Astra,235
mega_384,mega_122,mega_320,Rudnik,178
mega_384,mega_122,mega_404,Dalmatinova/Tavčarjeva,30
mega_384,mega_122,mega_368,Livada,1385
mega_384,mega_122,mega_405,MESTNI LOG/Mestni log,110
mega_384,mega_122,mega_325,Drama,81
mega_384,mega_122,mega_366,Šola Jarše,220
mega_384,mega_122,mega_350,Podgora,183
mega_384,mega_122,mega_254,Razstavišče,144
mega_384,mega_122,mega_150,Kodeljevo,385
mega_384,mega_122,mega_42,Ajdovščina,1214
mega_384,mega_122,mega_148,Astra,1727
mega_384,mega_122,mega_172,Bavarski dvor,1099
mega_384,mega_122,mega_172,Bavarski dvor,1779
mega_384,mega_122,mega_402,Konzorcij/Pošta,130
mega_384,mega_122,mega_260,Tobačna,86
mega_384,mega_122,mega_147,Hajdrihova,364
mega_384,mega_122,mega_254,Razstavišče,412
mega_384,mega_122,mega_382,Gosposvetska,119
mega_384,mega_122,mega_130,Gornji trg,2187
mega_384,mega_122,mega_42,Ajdovščina,1116
mega_384,mega_122,mega_404,Dalmatinova/Tavčarjeva,1887
mega_384,mega_122,mega_254,Razstavišče,227
mega_384,mega_122,mega_130,Gornji trg,1583
mega_384,mega_122,mega_325,Drama,902
mega_384,mega_122,mega_172,Bavarski dvor,933
mega_384,mega_122,mega_147,Hajdrihova,1493
mega_384,mega_122,mega_181,Gasilska brigada,948
mega_384,mega_122,mega_325,Drama,1513
mega_384,mega_122,mega_42,Ajdovščina,173
mega_384,mega_122,mega_149,Podmornica,245
mega_384,mega_122,mega_325,Drama,26
mega_384,mega_122,mega_173,Tivoli,178
mega_384,mega_122,mega_100,Litostrojska,1362
mega_384,mega_122,mega_85,Prekmurska,501
mega_384,mega_122,mega_325,Drama,8
mega_384,mega_122,mega_172,Bavarski dvor,215
mega_384,mega_122,mega_325,Drama,1763
mega_384,mega_122,mega_100,Litostrojska,81
mega_384,mega_122,mega_294,Slovenija avto,164
mega_384,mega_122,mega_325,Drama,475
mega_384,mega_122,mega_254,Razstavišče,443
mega_384,mega_122,mega_122,Klinični center,1567
mega_384,mega_122,mega_42,Ajdovščina,44
mega_384,mega_122,mega_172,Bavarski dvor,555
mega_384,mega_122,mega_260,Tobačna,207
mega_384,mega_122,mega_253,Pot na Rakovo jelšo,23
mega_384,mega_122,mega_325,Drama,175
mega_384,mega_122,mega_172,Bavarski dvor,119
mega_384,mega_122,mega_120,Poljanska,839
mega_384,mega_122,mega_325,Drama,1569
mega_384,mega_122,mega_391,Šentvid,804
mega_384,mega_122,mega_172,Bavarski dvor,1248
mega_384,mega_122,mega_42,Ajdovščina,211
mega_384,mega_122,mega_172,Bavarski dvor,1235
mega_384,mega_122,mega_227,Smelt,287
mega_384,mega_122,mega_294,Slovenija avto,263
mega_384,mega_122,mega_193,Aškerčeva,55
mega_384,mega_122,mega_382,Gosposvetska,325
mega_384,mega_122,mega_260,Tobačna,528
mega_384,mega_122,mega_294,Slovenija avto,839
mega_384,mega_122,mega_260,Tobačna,188
mega_384,mega_122,mega_382,Gosposvetska,43
mega_384,mega_122,mega_363,Kolodvor,1127
mega_384,mega_122,mega_136,Privoz,33
mega_384,mega_122,mega_325,Drama,86
mega_384,mega_122,mega_357,Chengdujska,391
mega_384,mega_122,mega_42,Ajdovščina,153
mega_384,mega_122,mega_343,Friškovec,967
mega_384,mega_122,mega_42,Ajdovščina,84
mega_384,mega_122,mega_326,Zmajski most,199
mega_384,mega_122,mega_172,Bavarski dvor,786
mega_384,mega_122,mega_42,Ajdovščina,651
mega_384,mega_122,mega_136,Privoz,75
mega_384,mega_122,mega_126,Bežigrad,349
mega_384,mega_122,mega_254,Razstavišče,182
mega_384,mega_122,N/A,N/A,2460
mega_384,mega_122,mega_348,Stara cerkev,779
mega_384,mega_122,mega_130,Gornji trg,14
mega_384,mega_122,mega_325,Drama,1488
mega_384,mega_122,mega_382,Gosposvetska,53
mega_384,mega_122,mega_172,Bavarski dvor,654
mega_384,mega_122,mega_254,Razstavišče,1236
mega_384,mega_122,mega_129,Ambrožev trg,1654
mega_384,mega_122,mega_231,Akademija,96
mega_384,mega_122,mega_53,Sava,280
mega_384,mega_122,mega_173,Tivoli,396
mega_384,mega_122,mega_402,Konzorcij/Pošta,749
mega_384,mega_122,mega_332,Žale,477
mega_384,mega_122,mega_325,Drama,180
mega_384,mega_122,mega_42,Ajdovščina,234
mega_384,mega_122,mega_71,Kristalna palača,157
mega_384,mega_122,mega_130,Gornji trg,105
mega_384,mega_122,mega_42,Ajdovščina,504
mega_384,mega_122,mega_42,Ajdovščina,448
mega_384,mega_122,mega_140,Križanke,11
mega_384,mega_122,mega_216,Tržnica Moste,532
mega_384,mega_122,mega_472,Nove Jarše,493
mega_384,mega_122,mega_42,Ajdovščina,174
mega_384,mega_122,mega_343,Friškovec,93
mega_384,mega_122,mega_42,Ajdovščina,1753
mega_384,mega_122,mega_130,Gornji trg,48
mega_384,mega_122,mega_325,Drama,211
mega_384,mega_122,mega_193,Aškerčeva,27
mega_384,mega_122,mega_126,Bežigrad,42
mega_384,mega_122,mega_130,Gornji trg,157
mega_384,mega_122,mega_84,Stožice,485
mega_384,mega_122,mega_210,Ruski car,635
mega_384,mega_122,mega_42,Ajdovščina,208
mega_384,mega_122,mega_325,Drama,62
mega_384,mega_122,mega_237,Golouhova,1531
mega_384,mega_122,mega_42,Ajdovščina,418
mega_384,mega_122,mega_221,Mercator,386
mega_384,mega_122,mega_172,Bavarski dvor,51
mega_384,mega_122,mega_172,Bavarski dvor,286
mega_384,mega_122,mega_363,Kolodvor,34
mega_384,mega_122,mega_53,Sava,256
mega_384,mega_122,mega_143,Emona,404
mega_384,mega_122,mega_143,Emona,96
mega_384,mega_122,mega_171,AMZS,517
mega_384,mega_122,mega_234,Dravlje,448
mega_384,mega_122,mega_348,Stara cerkev,115
mega_384,mega_122,mega_172,Bavarski dvor,785
mega_384,mega_122,mega_42,Ajdovščina,259
mega_384,mega_122,mega_148,Astra,1453
mega_384,mega_122,mega_216,Tržnica Moste,391
mega_384,mega_122,mega_148,Astra,749
mega_384,mega_122,mega_402,Konzorcij/Pošta,344
mega_384,mega_122,mega_172,Bavarski dvor,293
mega_384,mega_122,mega_377,Kranjčeva,495
mega_384,mega_122,mega_42,Ajdovščina,965
mega_384,mega_122,mega_307,Bolnica,45
mega_384,mega_122,mega_235,Na klancu,409
mega_384,mega_122,mega_136,Privoz,1858
mega_384,mega_122,mega_325,Drama,1063
mega_384,mega_122,mega_348,Stara cerkev,1058
mega_384,mega_122,mega_292,Kino Šiška,122
mega_384,mega_122,mega_402,Konzorcij/Pošta,23
mega_384,mega_122,mega_325,Drama,503
mega_384,mega_122,mega_402,Konzorcij/Pošta,165
mega_384,mega_122,mega_42,Ajdovščina,104
mega_384,mega_122,mega_390,Zaloška,895
mega_384,mega_122,mega_260,Tobačna,251
mega_384,mega_122,mega_402,Konzorcij/Pošta,202
mega_384,mega_122,N/A,N/A,2460
mega_384,mega_122,mega_292,Kino Šiška,76
mega_384,mega_122,mega_325,Drama,137
mega_384,mega_122,mega_325,Drama,14
mega_384,mega_122,mega_126,Bežigrad,124
mega_384,mega_122,mega_172,Bavarski dvor,960
mega_384,mega_122,mega_172,Bavarski dvor,817
mega_384,mega_122,mega_254,Razstavišče,1439
mega_384,mega_122,mega_140,Križanke,288
mega_384,mega_122,mega_307,Bolnica,45
mega_384,mega_122,mega_130,Gornji trg,780
mega_384,mega_122,mega_148,Astra,33
mega_384,mega_122,mega_333,Savske stolpnice,280
mega_384,mega_122,mega_402,Konzorcij/Pošta,189
mega_384,mega_122,mega_254,Razstavišče,725
mega_384,mega_122,mega_42,Ajdovščina,148
mega_384,mega_122,mega_67,Koseze,915
mega_384,mega_122,mega_292,Kino Šiška,88
mega_384,mega_122,mega_402,Konzorcij/Pošta,206
mega_384,mega_122,mega_402,Konzorcij/Pošta,1375
mega_384,mega_122,mega_173,Tivoli,355
mega_384,mega_122,mega_172,Bavarski dvor,406
mega_384,mega_122,mega_260,Tobačna,322
mega_384,mega_122,mega_60,Pod Golovcem,247
mega_384,mega_122,mega_402,Konzorcij/Pošta,200
mega_384,mega_122,mega_42,Ajdovščina,216
mega_384,mega_122,mega_343,Friškovec,310
mega_384,mega_122,mega_325,Drama,184
mega_384,mega_122,mega_42,Ajdovščina,455
mega_384,mega_122,mega_122,Klinični center,793
mega_384,mega_122,mega_173,Tivoli,415
mega_384,mega_122,mega_221,Mercator,1384
mega_384,mega_122,mega_148,Astra,722
mega_384,mega_122,mega_172,Bavarski dvor,479
mega_384,mega_122,mega_216,Tržnica Moste,1952
mega_384,mega_122,mega_173,Tivoli,1636
mega_384,mega_122,mega_325,Drama,166
mega_384,mega_122,mega_292,Kino Šiška,222
mega_384,mega_122,mega_42,Ajdovščina,1636
mega_384,mega_122,mega_254,Razstavišče,63
mega_384,mega_122,mega_172,Bavarski dvor,61
mega_384,mega_122,mega_254,Razstavišče,159
mega_384,mega_122,mega_112,Tomačevska,621
mega_384,mega_122,mega_221,Mercator,294
mega_384,mega_122,mega_402,Konzorcij/Pošta,153
mega_384,mega_122,mega_117,Kneza Koclja,280
mega_384,mega_122,mega_148,Astra,345
mega_384,mega_122,mega_329,Podvozna pot,328
mega_384,mega_122,mega_254,Razstavišče,209
mega_384,mega_122,mega_126,Bežigrad,331
mega_384,mega_122,mega_402,Konzorcij/Pošta,2110
mega_384,mega_122,mega_342,Pot na Fužine,675
mega_384,mega_122,mega_352,Rakovnik,809
mega_384,mega_122,mega_94,Vič,462
mega_384,mega_122,mega_130,Gornji trg,290
mega_384,mega_122,mega_42,Ajdovščina,691
mega_384,mega_122,mega_382,Gosposvetska,1150
mega_384,mega_122,mega_402,Konzorcij/Pošta,33
mega_384,mega_122,mega_402,Konzorcij/Pošta,1693
mega_384,mega_122,mega_42,Ajdovščina,2123
mega_384,mega_122,mega_363,Kolodvor,236
mega_384,mega_122,N/A,N/A,2460
mega_384,mega_122,mega_402,Konzorcij/Pošta,54
mega_384,mega_122,mega_172,Bavarski dvor,111
mega_384,mega_122,mega_72,Vič Glince,99
mega_384,mega_122,mega_402,Konzorcij/Pošta,157
mega_384,mega_122,mega_293,Središka,1176
mega_384,mega_122,mega_402,Konzorcij/Pošta,384
mega_384,mega_122,mega_172,Bavarski dvor,15
mega_384,mega_122,mega_359,Kodrova,891
mega_384,mega_122,mega_117,Kneza Koclja,703
mega_384,mega_122,mega_126,Bežigrad,71
mega_384,mega_122,mega_42,Ajdovščina,172
mega_384,mega_122,mega_147,Hajdrihova,161
mega_384,mega_122,mega_307,Bolnica,123
mega_384,mega_122,mega_222,Glonarjeva,1836
mega_384,mega_122,mega_172,Bavarski dvor,527
mega_384,mega_122,mega_130,Gornji trg,48
mega_384,mega_122,mega_254,Razstavišče,151
mega_384,mega_122,mega_343,Friškovec,103
mega_384,mega_122,mega_402,Konzorcij/Pošta,1419
mega_384,mega_122,mega_42,Ajdovščina,257
mega_384,mega_122,mega_341,Studenec,573
mega_384,mega_122,mega_126,Bežigrad,503
mega_384,mega_122,mega_206,Ižanska,212
mega_384,mega_122,mega_325,Drama,92
mega_384,mega_122,mega_402,Konzorcij/Pošta,285
mega_384,mega_122,mega_42,Ajdovščina,2109
mega_384,mega_122,mega_402,Konzorcij/Pošta,69
mega_384,mega_122,mega_172,Bavarski dvor,284
mega_384,mega_122,mega_140,Križanke,103
mega_384,mega_122,mega_216,Tržnica Moste,212
mega_384,mega_122,mega_402,Konzorcij/Pošta,82
mega_384,mega_122,mega_382,Gosposvetska,34
mega_384,mega_122,mega_63,Draveljska gmajna,430
mega_384,mega_122,mega_148,Astra,136
mega_384,mega_122,mega_172,Bavarski dvor,296
mega_384,mega_122,mega_342,Pot na Fužine,116
mega_384,mega_122,mega_172,Bavarski dvor,174
mega_384,mega_122,N/A,N/A,2460
mega_384,mega_122,mega_227,Smelt,96
mega_384,mega_122,mega_126,Bežigrad,503
mega_384,mega_122,mega_172,Bavarski dvor,1013
mega_384,mega_122,mega_140,Križanke,236
mega_384,mega_122,mega_147,Hajdrihova,162
mega_384,mega_122,mega_325,Drama,457
mega_384,mega_122,mega_173,Tivoli,401
mega_384,mega_122,mega_363,Kolodvor,483
mega_384,mega_122,mega_42,Ajdovščina,56
mega_384,mega_122,mega_260,Tobačna,236
mega_384,mega_122,mega_341,Studenec,1285
mega_384,mega_122,mega_363,Kolodvor,314
mega_384,mega_122,mega_367,Jarše,569
mega_384,mega_122,mega_260,Tobačna,18
mega_384,mega_122,mega_173,Tivoli,486
mega_384,mega_122,mega_42,Ajdovščina,1414
mega_384,mega_122,mega_292,Kino Šiška,672
mega_384,mega_122,mega_294,Slovenija avto,1048
mega_384,mega_122,mega_382,Gosposvetska,412
mega_384,mega_122,mega_382,Gosposvetska,318
mega_384,mega_122,mega_342,Pot na Fužine,432
mega_384,mega_122,mega_374,Strelišče,64
mega_384,mega_122,mega_382,Gosposvetska,875
mega_384,mega_122,mega_402,Konzorcij/Pošta,47
mega_384,mega_122,mega_172,Bavarski dvor,39
mega_384,mega_122,mega_172,Bavarski dvor,140
mega_384,mega_122,mega_221,Mercator,1412
mega_384,mega_122,mega_143,Emona,80
mega_384,mega_122,mega_46,Cesta na Vevče,522
mega_384,mega_122,mega_382,Gosposvetska,293
mega_384,mega_122,mega_402,Konzorcij/Pošta,1378
mega_384,mega_122,mega_325,Drama,380
mega_384,mega_122,mega_146,Viadukt,1551
mega_384,mega_122,mega_129,Ambrožev trg,1917
mega_384,mega_122,mega_371,Tovorni kolodvor,52
mega_384,mega_122,mega_359,Kodrova,386
mega_384,mega_122,mega_100,Litostrojska,289
mega_384,mega_122,mega_411,Kodeljevo/Ob sotočju,59
mega_384,mega_122,mega_42,Ajdovščina,238
mega_384,mega_122,mega_84,Stožice,1102
mega_384,mega_122,mega_148,Astra,717
mega_384,mega_122,mega_146,Viadukt,868
mega_384,mega_122,mega_325,Drama,527
mega_384,mega_122,mega_140,Križanke,147
mega_384,mega_122,mega_287,Živalski vrt-ZOO,581
mega_384,mega_122,mega_332,Žale,647
mega_384,mega_122,mega_172,Bavarski dvor,341
mega_384,mega_122,mega_325,Drama,34
mega_384,mega_122,mega_325,Drama,70
mega_384,mega_122,mega_210,Ruski car,408
mega_384,mega_122,mega_172,Bavarski dvor,140
mega_384,mega_122,mega_363,Kolodvor,128
mega_384,mega_122,mega_126,Bežigrad,103
mega_384,mega_122,mega_172,Bavarski dvor,1380
mega_384,mega_122,mega_42,Ajdovščina,214
mega_384,mega_122,mega_114,Čebelarska,316
mega_384,mega_122,mega_126,Bežigrad,97
mega_384,mega_122,mega_407,Flajšmanova/ZELENA JAMA,513
mega_384,mega_122,mega_402,Konzorcij/Pošta,33
mega_384,mega_122,mega_325,Drama,139
mega_384,mega_122,mega_325,Drama,44
mega_384,mega_122,mega_363,Kolodvor,509
mega_384,mega_122,mega_148,Astra,324
mega_384,mega_122,mega_42,Ajdovščina,622
mega_384,mega_122,mega_400,Aleja/Avtomontaža,447
mega_384,mega_122,mega_42,Ajdovščina,106
mega_384,mega_122,mega_122,Klinični center,175
mega_384,mega_122,mega_172,Bavarski dvor,100
mega_384,mega_122,mega_172,Bavarski dvor,680
mega_384,mega_122,mega_260,Tobačna,2055
mega_384,mega_122,mega_348,Stara cerkev,1605
mega_384,mega_122,mega_371,Tovorni kolodvor,44
mega_384,mega_122,mega_122,Klinični center,173
mega_384,mega_122,mega_325,Drama,179
mega_384,mega_122,mega_129,Ambrožev trg,1274
mega_384,mega_122,mega_325,Drama,73
mega_384,mega_122,mega_382,Gosposvetska,41
mega_384,mega_122,mega_363,Kolodvor,58
mega_384,mega_122,mega_402,Konzorcij/Pošta,75
mega_384,mega_122,mega_148,Astra,132
mega_384,mega_122,mega_307,Bolnica,576
mega_384,mega_122,mega_363,Kolodvor,69
mega_384,mega_122,mega_140,Križanke,227
mega_384,mega_122,mega_42,Ajdovščina,136
mega_384,mega_122,mega_254,Razstavišče,80
mega_384,mega_122,mega_382,Gosposvetska,533
mega_384,mega_122,mega_382,Gosposvetska,693
mega_384,mega_122,mega_332,Žale,662
mega_384,mega_122,mega_172,Bavarski dvor,99
mega_384,mega_122,mega_254,Razstavišče,127
mega_384,mega_122,mega_254,Razstavišče,688
mega_384,mega_122,mega_357,Chengdujska,1936
mega_384,mega_122,mega_348,Stara cerkev,1448
mega_384,mega_122,mega_294,Slovenija avto,970
mega_384,mega_122,N/A,N/A,2460
mega_384,mega_122,mega_260,Tobačna,539
mega_384,mega_122,mega_172,Bavarski dvor,53
mega_384,mega_122,mega_343,Friškovec,300
mega_384,mega_122,mega_193,Aškerčeva,21
mega_384,mega_122,mega_325,Drama,455
mega_384,mega_122,mega_172,Bavarski dvor,1318
mega_384,mega_122,mega_260,Tobačna,32
mega_384,mega_122,mega_254,Razstavišče,189
mega_384,mega_122,mega_171,AMZS,37
mega_384,mega_122,mega_325,Drama,125
mega_384,mega_122,mega_400,Aleja/Avtomontaža,564
mega_384,mega_122,mega_126,Bežigrad,1108
mega_384,mega_122,mega_402,Konzorcij/Pošta,418
mega_384,mega_122,mega_402,Konzorcij/Pošta,1608
mega_384,mega_122,mega_374,Strelišče,40
mega_384,mega_122,mega_402,Konzorcij/Pošta,465
mega_384,mega_122,mega_382,Gosposvetska,697
mega_384,mega_122,mega_193,Aškerčeva,7
mega_384,mega_122,mega_172,Bavarski dvor,305
mega_384,mega_122,mega_42,Ajdovščina,823
mega_384,mega_122,mega_172,Bavarski dvor,699
mega_384,mega_122,mega_404,Dalmatinova/Tavčarjeva,324
mega_384,mega_122,mega_363,Kolodvor,2026
mega_384,mega_122,mega_325,Drama,78
mega_384,mega_122,mega_221,Mercator,804
mega_384,mega_122,mega_56,OŠ Sostro,411
mega_384,mega_122,mega_402,Konzorcij/Pošta,136
mega_384,mega_122,mega_126,Bežigrad,1643
mega_384,mega_122,mega_277,Koprska,259
mega_384,mega_122,mega_402,Konzorcij/Pošta,501
mega_384,mega_122,mega_42,Ajdovščina,282
mega_384,mega_122,mega_363,Kolodvor,1233
mega_384,mega_122,mega_126,Bežigrad,690
mega_384,mega_122,mega_254,Razstavišče,192
mega_384,mega_122,mega_348,Stara cerkev,1716
mega_384,mega_122,mega_42,Ajdovščina,190
mega_384,mega_122,mega_325,Drama,109
mega_384,mega_122,mega_254,Razstavišče,202
mega_384,mega_122,mega_130,Gornji trg,148
mega_384,mega_122,mega_311,Murgle,204
mega_384,mega_122,mega_390,Zaloška,1888
mega_384,mega_122,mega_292,Kino Šiška,482
mega_384,mega_122,mega_307,Bolnica,724
mega_384,mega_122,mega_348,Stara cerkev,252
mega_384,mega_122,mega_172,Bavarski dvor,91
mega_384,mega_122,N/A,N/A,2460
mega_384,mega_122,mega_146,Viadukt,989
mega_384,mega_122,mega_172,Bavarski dvor,395
mega_384,mega_122,mega_172,Bavarski dvor,356
mega_384,mega_122,mega_129,Ambrožev trg,922
mega_384,mega_122,mega_348,Stara cerkev,1266
mega_384,mega_122,mega_172,Bavarski dvor,356
mega_384,mega_122,mega_363,Kolodvor,658
mega_384,mega_122,mega_247,Trata,1833
mega_384,mega_122,mega_467,D. MOST P+R,185
mega_384,mega_122,mega_42,Ajdovščina,242
mega_384,mega_122,mega_467,D. MOST P+R,411
mega_384,mega_122,mega_354,Gornje Poljane,56
mega_384,mega_122,mega_148,Astra,604
mega_384,mega_122,mega_351,Žito,141
mega_384,mega_122,mega_254,Razstavišče,291
mega_384,mega_122,mega_402,Konzorcij/Pošta,187
mega_384,mega_122,mega_260,Tobačna,26
mega_384,mega_122,mega_140,Križanke,446
mega_384,mega_122,mega_261,Štepanja vas,160
mega_384,mega_122,mega_126,Bežigrad,1065
mega_384,mega_122,mega_363,Kolodvor,222
mega_384,mega_122,mega_172,Bavarski dvor,829
mega_384,mega_122,mega_254,Razstavišče,87
mega_384,mega_122,mega_143,Emona,119
mega_384,mega_122,mega_42,Ajdovščina,1768
mega_384,mega_122,mega_254,Razstavišče,347
mega_384,mega_122,mega_172,Bavarski dvor,414
mega_384,mega_122,mega_42,Ajdovščina,252
mega_384,mega_122,mega_172,Bavarski dvor,88
mega_384,mega_122,mega_130,Gornji trg,312
mega_384,mega_122,mega_148,Astra,582
mega_384,mega_122,mega_260,Tobačna,150
mega_384,mega_122,mega_172,Bavarski dvor,521
mega_384,mega_122,mega_172,Bavarski dvor,1148
mega_384,mega_122,mega_122,Klinični center,114
mega_384,mega_122,mega_171,AMZS,706
mega_384,mega_122,N/A,N/A,2460
mega_384,mega_122,mega_172,Bavarski dvor,1029
mega_384,mega_122,mega_193,Aškerčeva,21
mega_384,mega_122,mega_333,Savske stolpnice,582
mega_384,mega_122,mega_254,Razstavišče,342
mega_384,mega_122,mega_368,Livada,1035
mega_384,mega_122,mega_136,Privoz,414
mega_384,mega_122,mega_234,Dravlje,1255
mega_384,mega_122,mega_42,Ajdovščina,56
mega_384,mega_122,mega_172,Bavarski dvor,178
mega_384,mega_122,mega_130,Gornji trg,14
mega_384,mega_122,mega_367,Jarše,614
mega_384,mega_122,mega_138,Tbilisijska,370
mega_384,mega_122,mega_42,Ajdovščina,196
mega_384,mega_122,mega_254,Razstavišče,329
mega_384,mega_122,mega_172,Bavarski dvor,198
mega_384,mega_122,mega_193,Aškerčeva,207
mega_384,mega_122,mega_42,Ajdovščina,596
mega_384,mega_122,mega_307,Bolnica,211
mega_384,mega_122,mega_148,Astra,754
mega_384,mega_122,mega_348,Stara cerkev,312
mega_384,mega_122,mega_325,Drama,106
mega_384,mega_122,mega_173,Tivoli,167
mega_384,mega_122,mega_172,Bavarski dvor,124
mega_384,mega_122,mega_254,Razstavišče,130
mega_384,mega_122,mega_42,Ajdovščina,569
mega_384,mega_122,mega_382,Gosposvetska,768
mega_384,mega_122,mega_325,Drama,30
mega_384,mega_122,mega_348,Stara cerkev,432
mega_384,mega_122,mega_292,Kino Šiška,156
mega_384,mega_122,mega_172,Bavarski dvor,1268
mega_384,mega_122,mega_117,Kneza Koclja,885
mega_384,mega_122,mega_294,Slovenija avto,893
mega_384,mega_122,mega_348,Stara cerkev,112
mega_384,mega_122,mega_147,Hajdrihova,184
mega_384,mega_122,mega_363,Kolodvor,1817
mega_384,mega_122,mega_292,Kino Šiška,493
mega_384,mega_122,mega_143,Emona,181
mega_384,mega_122,mega_129,Ambrožev trg,655
mega_384,mega_122,mega_303,Rusjanov trg,1250
mega_384,mega_122,mega_42,Ajdovščina,1248
mega_384,mega_122,mega_402,Konzorcij/Pošta,43
mega_384,mega_122,mega_333,Savske stolpnice,1022
mega_384,mega_122,mega_172,Bavarski dvor,33
mega_384,mega_122,mega_148,Astra,604
mega_384,mega_122,mega_366,Šola Jarše,220
mega_384,mega_122,mega_254,Razstavišče,420
mega_384,mega_122,mega_382,Gosposvetska,149
mega_384,mega_122,mega_172,Bavarski dvor,543
mega_384,mega_122,mega_405,MESTNI LOG/Mestni log,56
mega_384,mega_122,mega_363,Kolodvor,290
mega_384,mega_122,mega_322,Hrvatski trg,1124
mega_384,mega_122,mega_382,Gosposvetska,1934
mega_384,mega_122,mega_402,Konzorcij/Pošta,571
mega_384,mega_122,mega_172,Bavarski dvor,2018
mega_384,mega_122,mega_136,Privoz,701
mega_384,mega_122,mega_254,Razstavišče,1195
mega_384,mega_122,mega_53,Sava,383
mega_384,mega_122,mega_325,Drama,1829
mega_384,mega_122,mega_130,Gornji trg,328
mega_384,mega_122,mega_172,Bavarski dvor,1648
mega_384,mega_122,mega_172,Bavarski dvor,102
mega_384,mega_122,mega_333,Savske stolpnice,81
mega_384,mega_122,mega_172,Bavarski dvor,29
mega_384,mega_122,mega_402,Konzorcij/Pošta,19
mega_384,mega_122,mega_148,Astra,57
mega_384,mega_122,mega_42,Ajdovščina,203
mega_384,mega_122,mega_307,Bolnica,109
mega_384,mega_122,mega_336,Stara Ježica,273
mega_384,mega_122,mega_172,Bavarski dvor,323
mega_384,mega_122,mega_109,Drenikova,380
mega_384,mega_122,mega_343,Friškovec,1353
mega_384,mega_122,mega_172,Bavarski dvor,1004
mega_384,mega_122,mega_42,Ajdovščina,54
mega_384,mega_122,mega_130,Gornji trg,324
mega_384,mega_122,mega_402,Konzorcij/Pošta,101
mega_384,mega_122,mega_254,Razstavišče,353
mega_384,mega_122,mega_42,Ajdovščina,29
mega_384,mega_122,mega_294,Slovenija avto,1208
mega_384,mega_122,mega_273,Ježica,648
mega_384,mega_122,mega_173,Tivoli,584
mega_384,mega_122,mega_94,Vič,46
mega_384,mega_122,mega_207,Ilovica,668
mega_384,mega_122,mega_42,Ajdovščina,720
mega_384,mega_122,mega_126,Bežigrad,303
mega_384,mega_122,mega_172,Bavarski dvor,1493
mega_384,mega_122,mega_130,Gornji trg,1105
mega_384,mega_122,mega_348,Stara cerkev,603
mega_384,mega_122,mega_402,Konzorcij/Pošta,330
mega_384,mega_122,mega_377,Kranjčeva,919
mega_384,mega_122,mega_390,Zaloška,1763
mega_384,mega_122,mega_129,Ambrožev trg,53
mega_384,mega_122,N/A,N/A,2460
mega_384,mega_122,mega_42,Ajdovščina,369
mega_384,mega_122,mega_247,Trata,813
mega_384,mega_122,mega_148,Astra,184
mega_384,mega_122,mega_388,Radna,962
mega_384,mega_122,mega_202,Kosmačeva,210
mega_384,mega_122,mega_366,Šola Jarše,619
mega_384,mega_122,mega_42,Ajdovščina,214
mega_384,mega_122,mega_297,Letališka,272
mega_384,mega_122,mega_46,Cesta na Vevče,845
mega_384,mega_122,mega_129,Ambrožev trg,175
mega_384,mega_122,mega_254,Razstavišče,52
mega_384,mega_122,mega_130,Gornji trg,148
mega_384,mega_122,mega_172,Bavarski dvor,1007
mega_384,mega_122,mega_172,Bavarski dvor,67
mega_384,mega_122,mega_122,Klinični center,791
mega_384,mega_122,mega_402,Konzorcij/Pošta,603
mega_384,mega_122,mega_330,Cankarjev dom,208
mega_384,mega_122,mega_325,Drama,451
mega_384,mega_122,mega_130,Gornji trg,16
mega_384,mega_122,mega_210,Ruski car,580
mega_384,mega_122,mega_103,7. septembra,557
mega_384,mega_122,mega_172,Bavarski dvor,31
mega_384,mega_122,mega_382,Gosposvetska,907
mega_384,mega_122,mega_292,Kino Šiška,258
mega_384,mega_122,mega_402,Konzorcij/Pošta,47
mega_384,mega_122,mega_126,Bežigrad,213
mega_384,mega_122,mega_42,Ajdovščina,50
mega_384,mega_122,mega_147,Hajdrihova,252
mega_384,mega_122,mega_382,Gosposvetska,234
mega_384,mega_122,mega_382,Gosposvetska,190
mega_384,mega_122,mega_122,Klinični center,1287
mega_384,mega_122,mega_172,Bavarski dvor,58
mega_384,mega_122,mega_172,Bavarski dvor,221
mega_384,mega_122,mega_402,Konzorcij/Pošta,377
mega_384,mega_122,mega_172,Bavarski dvor,45
mega_384,mega_122,mega_173,Tivoli,597
mega_384,mega_122,mega_221,Mercator,272
mega_384,mega_122,mega_147,Hajdrihova,58
mega_384,mega_122,mega_42,Ajdovščina,285
mega_384,mega_122,mega_294,Slovenija avto,857
mega_384,mega_122,mega_105,ŽELEZNA,253
mega_384,mega_122,mega_342,Pot na Fužine,857
mega_384,mega_122,mega_58,Zadvor,767
mega_384,mega_122,mega_325,Drama,244
mega_384,mega_122,mega_126,Bežigrad,113
mega_384,mega_122,mega_42,Ajdovščina,238
mega_384,mega_122,mega_42,Ajdovščina,231
mega_384,mega_122,mega_173,Tivoli,243
mega_384,mega_122,mega_204,Škofljica žaga,873
mega_384,mega_122,mega_404,Dalmatinova/Tavčarjeva,58
mega_384,mega_122,mega_363,Kolodvor,61
mega_384,mega_122,mega_42,Ajdovščina,992
mega_384,mega_122,mega_325,Drama,2366
mega_384,mega_122,mega_382,Gosposvetska,338
mega_384,mega_122,mega_325,Drama,139
mega_384,mega_122,mega_148,Astra,201
mega_384,mega_122,mega_359,Kodrova,946
mega_384,mega_122,mega_254,Razstavišče,72
mega_384,mega_122,mega_172,Bavarski dvor,22
mega_384,mega_122,mega_172,Bavarski dvor,109
mega_384,mega_122,mega_384,Jadranska,59
mega_384,mega_122,mega_332,Žale,94
mega_384,mega_122,mega_402,Konzorcij/Pošta,1168
mega_384,mega_122,mega_325,Drama,262
mega_384,mega_122,mega_126,Bežigrad,295
mega_384,mega_122,mega_402,Konzorcij/Pošta,1225
mega_384,mega_122,mega_216,Tržnica Moste,1064
mega_384,mega_122,mega_172,Bavarski dvor,177
mega_384,mega_122,mega_359,Kodrova,45
mega_384,mega_122,mega_150,Kodeljevo,99
mega_384,mega_122,mega_359,Kodrova,359
mega_384,mega_122,mega_42,Ajdovščina,1232
mega_384,mega_122,N/A,N/A,2460
mega_384,mega_122,mega_348,Stara cerkev,380
mega_384,mega_122,mega_42,Ajdovščina,910
mega_384,mega_122,mega_172,Bavarski dvor,187
mega_384,mega_122,mega_130,Gornji trg,116
mega_384,mega_122,mega_172,Bavarski dvor,272
mega_384,mega_122,mega_42,Ajdovščina,132
mega_384,mega_122,mega_371,Tovorni kolodvor,567
mega_384,mega_122,mega_172,Bavarski dvor,1671
mega_384,mega_122,mega_254,Razstavišče,106
mega_384,mega_122,mega_42,Ajdovščina,181
mega_384,mega_122,mega_42,Ajdovščina,424
mega_384,mega_122,mega_240,Bonifacija,183
mega_384,mega_122,mega_382,Gosposvetska,771
mega_384,mega_122,mega_130,Gornji trg,8
mega_384,mega_122,mega_347,Streliška,53
mega_384,mega_122,mega_437,Cukrarna,189
mega_384,mega_122,mega_254,Razstavišče,335
mega_384,mega_122,mega_343,Friškovec,714
mega_384,mega_122,mega_140,Križanke,355
mega_384,mega_122,mega_42,Ajdovščina,22
mega_384,mega_122,mega_171,AMZS,2042
mega_384,mega_122,mega_325,Drama,417
mega_384,mega_122,mega_172,Bavarski dvor,673
mega_384,mega_122,mega_391,Šentvid,430
mega_384,mega_122,mega_172,Bavarski dvor,489
mega_384,mega_122,mega_42,Ajdovščina,281
mega_384,mega_122,mega_42,Ajdovščina,787
mega_384,mega_122,mega_172,Bavarski dvor,361
mega_384,mega_122,mega_402,Konzorcij/Pošta,445
mega_384,mega_122,mega_260,Tobačna,811
mega_384,mega_122,mega_402,Konzorcij/Pošta,279
mega_384,mega_122,mega_325,Drama,28
mega_384,mega_122,mega_42,Ajdovščina,842
mega_384,mega_122,mega_390,Zaloška,75
mega_384,mega_122,mega_62,Lutkovno gl.,1441
mega_384,mega_122,mega_172,Bavarski dvor,32
mega_384,mega_122,mega_254,Razstavišče,491
mega_384,mega_122,mega_42,Ajdovščina,1649
mega_384,mega_122,mega_260,Tobačna,151
mega_384,mega_122,mega_342,Pot na Fužine,579
mega_384,mega_122,mega_172,Bavarski dvor,1250
mega_384,mega_122,mega_402,Konzorcij/Pošta,141
mega_384,mega_122,mega_173,Tivoli,544
mega_384,mega_122,mega_402,Konzorcij/Pošta,46
mega_384,mega_122,mega_285,Omersova,1602
mega_384,mega_122,mega_402,Konzorcij/Pošta,53
mega_384,mega_122,mega_303,Rusjanov trg,42
mega_384,mega_122,mega_348,Stara cerkev,97
mega_384,mega_122,mega_172,Bavarski dvor,94
mega_384,mega_122,mega_172,Bavarski dvor,1180
mega_384,mega_122,mega_172,Bavarski dvor,61
mega_384,mega_122,mega_42,Ajdovščina,68
mega_384,mega_122,mega_254,Razstavišče,456
mega_384,mega_122,mega_348,Stara cerkev,2031
mega_384,mega_122,mega_42,Ajdovščina,1343
mega_384,mega_122,mega_193,Aškerčeva,551
mega_384,mega_122,mega_172,Bavarski dvor,181
mega_384,mega_122,mega_303,Rusjanov trg,162
mega_384,mega_122,mega_348,Stara cerkev,245
mega_384,mega_122,mega_172,Bavarski dvor,714
mega_384,mega_122,mega_122,Klinični center,791
mega_384,mega_122,mega_172,Bavarski dvor,277
mega_384,mega_122,mega_172,Bavarski dvor,164
mega_384,mega_122,mega_172,Bavarski dvor,204
mega_384,mega_122,mega_467,D. MOST P+R,86
mega_384,mega_122,mega_325,Drama,26
mega_384,mega_122,mega_289,Svetčeva,183
mega_384,mega_122,mega_332,Žale,480
mega_384,mega_122,mega_260,Tobačna,20
mega_384,mega_122,mega_402,Konzorcij/Pošta,2421
mega_384,mega_122,mega_348,Stara cerkev,694
mega_384,mega_122,mega_130,Gornji trg,617
mega_384,mega_122,mega_42,Ajdovščina,82
mega_384,mega_122,mega_325,Drama,111
mega_384,mega_122,mega_172,Bavarski dvor,328
mega_384,mega_122,mega_135,Bratov Učakar,329
mega_384,mega_122,mega_292,Kino Šiška,72
mega_384,mega_122,mega_325,Drama,125
mega_384,mega_122,mega_172,Bavarski dvor,340
mega_384,mega_122,mega_42,Ajdovščina,1931
mega_384,mega_122,mega_221,Mercator,137
mega_384,mega_122,mega_307,Bolnica,672
mega_384,mega_122,mega_84,Stožice,120
mega_384,mega_122,mega_389,Štajerska,90
mega_384,mega_122,mega_254,Razstavišče,260
mega_384,mega_122,mega_390,Zaloška,855
mega_384,mega_122,mega_216,Tržnica Moste,1630
mega_384,mega_122,mega_140,Križanke,168
mega_384,mega_122,mega_391,Šentvid,791
mega_384,mega_122,mega_341,Studenec,245
mega_384,mega_122,mega_172,Bavarski dvor,1584
mega_384,mega_122,mega_101,Stadion,67
mega_384,mega_122,mega_122,Klinični center,37
mega_384,mega_122,mega_351,Žito,387
mega_384,mega_122,mega_42,Ajdovščina,813
mega_384,mega_122,mega_363,Kolodvor,432
mega_384,mega_122,mega_172,Bavarski dvor,307
mega_384,mega_122,mega_172,Bavarski dvor,520
mega_384,mega_122,mega_254,Razstavišče,1021
mega_384,mega_122,mega_172,Bavarski dvor,612
mega_384,mega_122,mega_402,Konzorcij/Pošta,23
mega_384,mega_122,mega_363,Kolodvor,229
mega_384,mega_122,mega_126,Bežigrad,1155
mega_384,mega_122,mega_333,Savske stolpnice,1767
mega_384,mega_122,mega_172,Bavarski dvor,82
mega_384,mega_122,mega_326,Zmajski most,700
mega_384,mega_122,mega_402,Konzorcij/Pošta,780
mega_384,mega_122,mega_79,Gornji Rudnik,178
mega_384,mega_122,mega_172,Bavarski dvor,1129
mega_384,mega_122,mega_325,Drama,182
mega_384,mega_122,mega_343,Friškovec,1501
mega_384,mega_122,mega_325,Drama,267
mega_384,mega_122,mega_362,Prušnikova,1168
mega_384,mega_122,mega_325,Drama,257
mega_384,mega_122,mega_343,Friškovec,256
mega_384,mega_122,mega_172,Bavarski dvor,1776
mega_384,mega_122,mega_172,Bavarski dvor,902
mega_384,mega_122,mega_325,Drama,2422
mega_384,mega_122,mega_365,Brinje,344
mega_384,mega_122,mega_42,Ajdovščina,34
mega_384,mega_122,mega_307,Bolnica,1090
mega_384,mega_122,mega_292,Kino Šiška,37
mega_384,mega_122,mega_294,Slovenija avto,212
mega_384,mega_122,mega_136,Privoz,720
mega_384,mega_122,mega_260,Tobačna,132
mega_384,mega_122,N/A,N/A,2460
mega_384,mega_122,mega_172,Bavarski dvor,1074
mega_384,mega_122,mega_172,Bavarski dvor,120
mega_384,mega_122,mega_148,Astra,169
mega_384,mega_122,mega_254,Razstavišče,676
mega_384,mega_122,mega_101,Stadion,1317
mega_384,mega_122,mega_73,Gerbičeva,31
mega_384,mega_122,mega_173,Tivoli,101
mega_384,mega_122,mega_42,Ajdovščina,1078
mega_384,mega_122,mega_136,Privoz,149
mega_384,mega_122,mega_193,Aškerčeva,23
mega_384,mega_122,mega_148,Astra,504
mega_384,mega_122,mega_172,Bavarski dvor,77
mega_384,mega_122,mega_130,Gornji trg,40
mega_384,mega_122,mega_193,Aškerčeva,151
mega_384,mega_122,mega_148,Astra,41
mega_384,mega_122,mega_147,Hajdrihova,105
mega_384,mega_122,mega_325,Drama,14
mega_384,mega_122,N/A,N/A,2460
mega_384,mega_122,mega_130,Gornji trg,227
mega_384,mega_122,mega_172,Bavarski dvor,52
mega_384,mega_122,mega_382,Gosposvetska,510
mega_384,mega_122,mega_348,Stara cerkev,226
mega_384,mega_122,mega_172,Bavarski dvor,108
mega_384,mega_122,mega_147,Hajdrihova,388
mega_384,mega_122,mega_260,Tobačna,210
mega_384,mega_122,mega_129,Ambrožev trg,1099
mega_384,mega_122,mega_382,Gosposvetska,1332
mega_384,mega_122,mega_172,Bavarski dvor,57
mega_384,mega_122,mega_404,Dalmatinova/Tavčarjeva,146
mega_384,mega_122,mega_172,Bavarski dvor,129
mega_384,mega_122,N/A,N/A,2460
mega_384,mega_122,mega_402,Konzorcij/Pošta,1049
mega_384,mega_122,mega_172,Bavarski dvor,165
mega_384,mega_122,mega_172,Bavarski dvor,1032
mega_384,mega_122,mega_42,Ajdovščina,28
mega_384,mega_122,mega_390,Zaloška,1207
mega_384,mega_122,mega_325,Drama,297
mega_384,mega_122,mega_71,Kristalna palača,488
mega_384,mega_122,mega_42,Ajdovščina,1407
mega_384,mega_122,mega_219,Havptmance,797
mega_384,mega_122,mega_172,Bavarski dvor,388
mega_384,mega_122,mega_172,Bavarski dvor,1620
mega_384,mega_122,mega_341,Studenec,236
mega_384,mega_122,mega_172,Bavarski dvor,120
mega_384,mega_122,mega_148,Astra,475
mega_384,mega_122,mega_325,Drama,1706
mega_384,mega_122,mega_173,Tivoli,343
mega_384,mega_122,mega_42,Ajdovščina,1761
mega_384,mega_122,mega_197,Na Žalah,121
mega_384,mega_122,mega_402,Konzorcij/Pošta,493
mega_384,mega_122,mega_117,Kneza Koclja,487
mega_384,mega_122,mega_117,Kneza Koclja,1725
mega_384,mega_122,mega_42,Ajdovščina,62
mega_384,mega_122,mega_42,Ajdovščina,564
mega_384,mega_122,mega_120,Poljanska,255
mega_384,mega_122,mega_402,Konzorcij/Pošta,896
mega_384,mega_122,mega_172,Bavarski dvor,436
mega_384,mega_122,mega_348,Stara cerkev,1191
mega_384,mega_122,mega_129,Ambrožev trg,80
mega_384,mega_122,mega_379,Dolgi most,107
mega_384,mega_122,mega_172,Bavarski dvor,321
mega_384,mega_122,mega_326,Zmajski most,153
mega_384,mega_122,mega_42,Ajdovščina,485
mega_384,mega_122,mega_240,Bonifacija,1559
mega_384,mega_122,mega_325,Drama,2138
mega_384,mega_122,mega_357,Chengdujska,1717
mega_384,mega_122,mega_140,Križanke,245
mega_384,mega_122,mega_254,Razstavišče,1582
mega_384,mega_122,mega_172,Bavarski dvor,230
mega_384,mega_122,mega_292,Kino Šiška,758
mega_384,mega_122,mega_390,Zaloška,2271
mega_384,mega_122,mega_343,Friškovec,183
mega_384,mega_122,mega_254,Razstavišče,85
mega_384,mega_122,mega_292,Kino Šiška,1232
mega_384,mega_122,mega_130,Gornji trg,24
mega_384,mega_122,mega_172,Bavarski dvor,431
mega_384,mega_122,mega_126,Bežigrad,258
mega_384,mega_122,mega_402,Konzorcij/Pošta,656
mega_384,mega_122,mega_325,Drama,170
mega_384,mega_122,N/A,N/A,2460
mega_384,mega_122,mega_325,Drama,134
mega_384,mega_122,mega_295,Kašeljska,439
mega_384,mega_122,mega_325,Drama,547
mega_384,mega_122,N/A,N/A,2460
mega_384,mega_122,N/A,N/A,2460
mega_384,mega_122,mega_402,Konzorcij/Pošta,914
mega_384,mega_122,mega_254,Razstavišče,186
mega_384,mega_122,mega_100,Litostrojska,1877
mega_384,mega_122,mega_42,Ajdovščina,109
mega_384,mega_122,mega_173,Tivoli,395
mega_384,mega_122,mega_129,Ambrožev trg,168
mega_384,mega_122,mega_65,Brodarjev trg,527
mega_384,mega_122,mega_382,Gosposvetska,202
mega_384,mega_122,mega_172,Bavarski dvor,598
mega_384,mega_122,mega_130,Gornji trg,1211
mega_384,mega_122,mega_120,Poljanska,37
mega_384,mega_122,mega_254,Razstavišče,2402
mega_384,mega_122,mega_172,Bavarski dvor,54
mega_384,mega_122,mega_325,Drama,14
mega_384,mega_122,mega_382,Gosposvetska,1177
mega_384,mega_122,mega_240,Bonifacija,56
mega_384,mega_122,mega_307,Bolnica,77
mega_384,mega_122,mega_325,Drama,1112
mega_384,mega_122,mega_332,Žale,1007
mega_384,mega_122,mega_382,Gosposvetska,73
mega_384,mega_122,mega_172,Bavarski dvor,1872
mega_384,mega_122,mega_325,Drama,163
mega_384,mega_122,mega_254,Razstavišče,503
mega_384,mega_122,mega_362,Prušnikova,1000
mega_384,mega_122,mega_325,Drama,74
mega_384,mega_122,mega_254,Razstavišče,347
mega_384,mega_122,mega_294,Slovenija avto,477
mega_384,mega_122,mega_171,AMZS,519
mega_384,mega_122,mega_390,Zaloška,90
mega_384,mega_122,mega_221,Mercator,282
mega_384,mega_122,mega_254,Razstavišče,2259
mega_384,mega_122,mega_37,Bratov Židan,118
mega_384,mega_122,mega_294,Slovenija avto,2035
mega_384,mega_122,mega_101,Stadion,219
mega_384,mega_122,mega_325,Drama,107
mega_384,mega_122,mega_122,Klinični center,1117
mega_384,mega_122,mega_348,Stara cerkev,190
mega_384,mega_122,mega_97,Lavrica,599
mega_384,mega_122,mega_325,Drama,1231
mega_384,mega_122,mega_172,Bavarski dvor,120
mega_384,mega_122,mega_254,Razstavišče,135
mega_384,mega_122,mega_402,Konzorcij/Pošta,633
mega_384,mega_122,mega_221,Mercator,512
mega_384,mega_122,mega_467,D. MOST P+R,329
mega_384,mega_122,mega_172,Bavarski dvor,89
mega_384,mega_122,mega_402,Konzorcij/Pošta,35
mega_384,mega_122,mega_382,Gosposvetska,266
mega_384,mega_122,mega_164,Kompas,89
mega_384,mega_122,mega_382,Gosposvetska,28
mega_384,mega_122,mega_307,Bolnica,273
mega_384,mega_122,mega_42,Ajdovščina,84
mega_384,mega_122,mega_382,Gosposvetska,419
mega_384,mega_122,mega_379,Dolgi most,1098
mega_384,mega_122,mega_193,Aškerčeva,35
mega_384,mega_122,mega_348,Stara cerkev,384
mega_384,mega_122,mega_136,Privoz,958
mega_384,mega_122,mega_292,Kino Šiška,692
mega_384,mega_122,mega_146,Viadukt,238
mega_384,mega_122,mega_254,Razstavišče,1266
mega_384,mega_122,mega_172,Bavarski dvor,89
mega_384,mega_122,mega_325,Drama,1439
mega_384,mega_122,mega_148,Astra,111
mega_384,mega_122,mega_332,Žale,230
mega_384,mega_122,mega_254,Razstavišče,158
mega_384,mega_122,mega_336,Stara Ježica,676
mega_384,mega_122,mega_325,Drama,128
mega_384,mega_122,mega_227,Smelt,588
mega_384,mega_122,mega_165,Ilirska,25
mega_384,mega_122,mega_402,Konzorcij/Pošta,352
mega_384,mega_122,mega_135,Bratov Učakar,1215
mega_384,mega_122,mega_168,Pohorskega bataljona,347
mega_384,mega_122,mega_172,Bavarski dvor,2112
mega_384,mega_122,mega_222,Glonarjeva,58
mega_384,mega_122,mega_402,Konzorcij/Pošta,15
mega_384,mega_122,mega_216,Tržnica Moste,108
mega_384,mega_122,mega_173,Tivoli,132
mega_384,mega_122,mega_42,Ajdovščina,268
mega_384,mega_122,mega_325,Drama,614
mega_384,mega_122,mega_407,Flajšmanova/ZELENA JAMA,378
mega_384,mega_122,mega_172,Bavarski dvor,696
mega_384,mega_122,mega_172,Bavarski dvor,122
mega_384,mega_122,mega_254,Razstavišče,130
mega_384,mega_122,mega_332,Žale,289
mega_384,mega_122,mega_382,Gosposvetska,201
mega_384,mega_122,mega_172,Bavarski dvor,309
mega_384,mega_122,mega_181,Gasilska brigada,584
mega_384,mega_122,mega_260,Tobačna,372
mega_384,mega_122,mega_283,Polje,749
mega_384,mega_122,mega_363,Kolodvor,134
mega_384,mega_122,mega_42,Ajdovščina,1194
mega_384,mega_122,mega_42,Ajdovščina,256
mega_384,mega_122,mega_382,Gosposvetska,828
mega_384,mega_122,mega_391,Šentvid,306
mega_384,mega_122,mega_42,Ajdovščina,55
mega_384,mega_122,mega_402,Konzorcij/Pošta,181
mega_384,mega_122,mega_390,Zaloška,1015
mega_384,mega_122,mega_348,Stara cerkev,642
mega_384,mega_122,mega_172,Bavarski dvor,89
mega_384,mega_122,mega_307,Bolnica,1350
mega_384,mega_122,mega_171,AMZS,160
mega_384,mega_122,mega_366,Šola Jarše,1539
mega_384,mega_122,mega_42,Ajdovščina,1629
mega_384,mega_122,mega_172,Bavarski dvor,241
mega_384,mega_122,mega_122,Klinični center,593
mega_384,mega_122,mega_254,Razstavišče,94
mega_384,mega_122,mega_172,Bavarski dvor,139
mega_384,mega_122,mega_140,Križanke,11
mega_384,mega_122,mega_292,Kino Šiška,1274
mega_384,mega_122,mega_126,Bežigrad,237
mega_384,mega_122,mega_173,Tivoli,293
mega_384,mega_122,mega_221,Mercator,338
mega_384,mega_122,mega_254,Razstavišče,225
mega_384,mega_122,mega_292,Kino Šiška,193
mega_384,mega_122,mega_173,Tivoli,296
mega_384,mega_122,mega_260,Tobačna,303
mega_384,mega_122,mega_42,Ajdovščina,82
mega_384,mega_122,N/A,N/A,2460
mega_384,mega_122,mega_147,Hajdrihova,106
mega_384,mega_122,mega_390,Zaloška,1152
mega_384,mega_122,mega_172,Bavarski dvor,1552
mega_384,mega_122,mega_42,Ajdovščina,64
mega_384,mega_122,mega_390,Zaloška,1014
mega_384,mega_122,mega_366,Šola Jarše,200
mega_384,mega_122,mega_101,Stadion,24
mega_384,mega_122,mega_390,Zaloška,1038
mega_384,mega_122,mega_325,Drama,413
mega_384,mega_122,mega_382,Gosposvetska,31
mega_384,mega_122,mega_382,Gosposvetska,515
mega_384,mega_122,mega_42,Ajdovščina,128
mega_384,mega_122,mega_216,Tržnica Moste,527
mega_384,mega_122,mega_254,Razstavišče,49
mega_384,mega_122,mega_254,Razstavišče,619
mega_384,mega_122,mega_172,Bavarski dvor,102
mega_384,mega_122,mega_260,Tobačna,18
mega_384,mega_122,mega_402,Konzorcij/Pošta,501
mega_384,mega_122,N/A,N/A,2460
mega_384,mega_122,mega_129,Ambrožev trg,33
mega_384,mega_122,mega_348,Stara cerkev,945
mega_384,mega_122,mega_42,Ajdovščina,142
mega_384,mega_122,mega_172,Bavarski dvor,1049
mega_384,mega_122,mega_366,Šola Jarše,430
mega_384,mega_122,mega_136,Privoz,347
mega_384,mega_122,mega_254,Razstavišče,524
mega_384,mega_122,mega_402,Konzorcij/Pošta,91
mega_384,mega_122,mega_390,Zaloška,183
mega_384,mega_122,mega_343,Friškovec,151
mega_384,mega_122,mega_172,Bavarski dvor,33
mega_384,mega_122,mega_172,Bavarski dvor,232
mega_384,mega_122,mega_42,Ajdovščina,186
mega_384,mega_122,mega_307,Bolnica,2419
mega_384,mega_122,mega_42,Ajdovščina,467
mega_384,mega_122,mega_42,Ajdovščina,1004
mega_384,mega_122,mega_292,Kino Šiška,567
mega_384,mega_122,mega_172,Bavarski dvor,386
mega_384,mega_122,mega_292,Kino Šiška,557
mega_384,mega_122,mega_172,Bavarski dvor,326
mega_384,mega_122,mega_136,Privoz,1130
mega_384,mega_122,mega_172,Bavarski dvor,47
mega_384,mega_122,mega_325,Drama,30
mega_384,mega_122,mega_122,Klinični center,463
mega_384,mega_122,mega_122,Klinični center,617
mega_384,mega_122,mega_172,Bavarski dvor,156
mega_384,mega_122,mega_140,Križanke,227
mega_384,mega_122,mega_240,Bonifacija,584
mega_384,mega_122,mega_42,Ajdovščina,731
mega_384,mega_122,mega_172,Bavarski dvor,28
mega_384,mega_122,mega_294,Slovenija avto,544
mega_384,mega_122,mega_112,Tomačevska,363
mega_384,mega_122,mega_129,Ambrožev trg,105
mega_384,mega_122,mega_42,Ajdovščina,236
mega_384,mega_122,mega_172,Bavarski dvor,57
mega_384,mega_122,mega_85,Prekmurska,492
mega_384,mega_122,mega_172,Bavarski dvor,1862
mega_384,mega_122,mega_366,Šola Jarše,375
mega_384,mega_122,mega_172,Bavarski dvor,174
mega_384,mega_122,mega_351,Žito,427
mega_384,mega_122,mega_247,Trata,1995
mega_384,mega_122,mega_382,Gosposvetska,1020
mega_384,mega_122,mega_130,Gornji trg,880
mega_384,mega_122,mega_193,Aškerčeva,79
mega_384,mega_122,mega_402,Konzorcij/Pošta,35
mega_384,mega_122,mega_332,Žale,882
mega_384,mega_122,mega_172,Bavarski dvor,390
mega_384,mega_122,mega_402,Konzorcij/Pošta,430
mega_384,mega_122,mega_363,Kolodvor,178
mega_384,mega_122,mega_150,Kodeljevo,339
mega_384,mega_122,mega_402,Konzorcij/Pošta,7
mega_384,mega_122,mega_42,Ajdovščina,226
mega_384,mega_122,mega_125,Nusdorferjeva,1225
mega_384,mega_122,mega_402,Konzorcij/Pošta,1493
mega_384,mega_122,mega_325,Drama,786
mega_384,mega_122,mega_382,Gosposvetska,637
mega_384,mega_122,mega_143,Emona,2229
mega_384,mega_122,mega_402,Konzorcij/Pošta,1063
mega_384,mega_122,mega_283,Polje,1834
mega_384,mega_122,mega_325,Drama,152
mega_384,mega_122,mega_172,Bavarski dvor,387
mega_384,mega_122,mega_129,Ambrožev trg,380
mega_384,mega_122,mega_382,Gosposvetska,1005
mega_384,mega_122,mega_172,Bavarski dvor,883
mega_384,mega_122,mega_172,Bavarski dvor,88
mega_384,mega_122,mega_172,Bavarski dvor,384
mega_384,mega_122,mega_260,Tobačna,62
mega_384,mega_122,mega_292,Kino Šiška,1020
mega_384,mega_122,mega_122,Klinični center,289
mega_384,mega_122,mega_172,Bavarski dvor,23
mega_384,mega_122,mega_172,Bavarski dvor,142
mega_384,mega_122,mega_348,Stara cerkev,1149
mega_384,mega_122,mega_402,Konzorcij/Pošta,266
mega_384,mega_122,mega_374,Strelišče,1701
mega_384,mega_122,mega_254,Razstavišče,464
mega_384,mega_122,mega_325,Drama,780
mega_384,mega_122,mega_172,Bavarski dvor,1967
mega_384,mega_122,mega_130,Gornji trg,122
mega_384,mega_122,mega_172,Bavarski dvor,84
mega_384,mega_122,mega_172,Bavarski dvor,502
mega_384,mega_122,mega_402,Konzorcij/Pošta,99
mega_384,mega_122,mega_402,Konzorcij/Pošta,219
mega_384,mega_122,mega_390,Zaloška,143
mega_384,mega_122,mega_172,Bavarski dvor,97
mega_384,mega_122,mega_382,Gosposvetska,100
mega_384,mega_122,mega_148,Astra,31
mega_384,mega_122,mega_172,Bavarski dvor,584
mega_384,mega_122,mega_343,Friškovec,144
mega_384,mega_122,mega_402,Konzorcij/Pošta,201
mega_384,mega_122,mega_254,Razstavišče,476
mega_384,mega_122,mega_254,Razstavišče,1010
mega_384,mega_122,mega_146,Viadukt,1875
mega_384,mega_122,N/A,N/A,2460
mega_384,mega_122,mega_292,Kino Šiška,966
mega_384,mega_122,mega_154,Rožičeva,811
mega_384,mega_122,mega_292,Kino Šiška,162
mega_384,mega_122,mega_254,Razstavišče,228
mega_384,mega_122,mega_42,Ajdovščina,122
mega_384,mega_122,mega_42,Ajdovščina,30
mega_384,mega_122,mega_136,Privoz,869
mega_384,mega_122,mega_284,Maroltova,534
mega_384,mega_122,mega_172,Bavarski dvor,49
mega_384,mega_122,mega_325,Drama,34
mega_384,mega_122,mega_254,Razstavišče,438
mega_384,mega_122,mega_332,Žale,1688
mega_384,mega_122,mega_84,Stožice,659
mega_384,mega_122,mega_382,Gosposvetska,162
mega_384,mega_122,mega_379,Dolgi most,205
mega_384,mega_122,mega_294,Slovenija avto,136
mega_384,mega_122,mega_42,Ajdovščina,92
mega_384,mega_122,mega_42,Ajdovščina,272
mega_384,mega_122,mega_172,Bavarski dvor,149
mega_384,mega_122,mega_389,Štajerska,373
mega_384,mega_122,mega_214,Preglov trg,84
mega_384,mega_122,mega_172,Bavarski dvor,1052
mega_384,mega_122,mega_325,Drama,1647
mega_384,mega_122,mega_122,Klinični center,47
mega_384,mega_122,mega_348,Stara cerkev,79
mega_384,mega_122,mega_172,Bavarski dvor,48
mega_384,mega_122,mega_172,Bavarski dvor,40
mega_384,mega_122,mega_254,Razstavišče,1361
mega_384,mega_122,mega_333,Savske stolpnice,357
mega_384,mega_122,mega_273,Ježica,623
mega_384,mega_122,mega_348,Stara cerkev,406
mega_384,mega_122,mega_348,Stara cerkev,471
mega_384,mega_122,mega_172,Bavarski dvor,89
mega_384,mega_122,mega_363,Kolodvor,332
mega_384,mega_122,mega_172,Bavarski dvor,56
mega_384,mega_122,mega_197,Na Žalah,960
mega_384,mega_122,mega_42,Ajdovščina,116
mega_384,mega_122,mega_362,Prušnikova,2376
mega_384,mega_122,mega_172,Bavarski dvor,249
mega_384,mega_122,mega_172,Bavarski dvor,2393
mega_384,mega_122,mega_172,Bavarski dvor,399
mega_384,mega_122,mega_126,Bežigrad,163
mega_384,mega_122,mega_172,Bavarski dvor,170
mega_384,mega_122,mega_146,Viadukt,476
mega_384,mega_122,mega_193,Aškerčeva,226
mega_384,mega_122,mega_260,Tobačna,372
mega_384,mega_122,mega_136,Privoz,1490
mega_384,mega_122,mega_172,Bavarski dvor,474
mega_384,mega_122,mega_147,Hajdrihova,9
mega_384,mega_122,mega_292,Kino Šiška,761
mega_384,mega_122,mega_172,Bavarski dvor,247
mega_384,mega_122,N/A,N/A,2460
mega_384,mega_122,mega_42,Ajdovščina,34
mega_384,mega_122,mega_374,Strelišče,310
mega_384,mega_122,mega_138,Tbilisijska,66
mega_384,mega_122,mega_325,Drama,86
mega_384,mega_122,mega_390,Zaloška,61
mega_384,mega_122,mega_148,Astra,643
mega_384,mega_122,mega_42,Ajdovščina,1877
mega_384,mega_122,mega_260,Tobačna,32
mega_384,mega_122,mega_391,Šentvid,359
mega_384,mega_122,N/A,N/A,2460
mega_384,mega_122,mega_325,Drama,38
mega_384,mega_122,mega_254,Razstavišče,126
mega_384,mega_122,mega_108,Center Zalog,363
mega_384,mega_122,mega_53,Sava,1213
mega_384,mega_122,mega_254,Razstavišče,28
mega_384,mega_122,mega_172,Bavarski dvor,857
mega_384,mega_122,mega_42,Ajdovščina,1633
mega_384,mega_122,mega_253,Pot na Rakovo jelšo,209
mega_384,mega_122,mega_307,Bolnica,830
mega_384,mega_122,mega_384,Jadranska,62
mega_384,mega_122,mega_325,Drama,161
mega_384,mega_122,mega_348,Stara cerkev,490
mega_384,mega_122,mega_42,Ajdovščina,1067
mega_384,mega_122,mega_172,Bavarski dvor,301
mega_384,mega_122,mega_402,Konzorcij/Pošta,440
mega_384,mega_122,mega_428,Kajuhova,344
mega_384,mega_122,mega_147,Hajdrihova,115
mega_384,mega_122,mega_42,Ajdovščina,600
mega_384,mega_122,mega_382,Gosposvetska,657
mega_384,mega_122,mega_402,Konzorcij/Pošta,755
mega_384,mega_122,mega_254,Razstavišče,1011
mega_384,mega_122,mega_136,Privoz,35
mega_384,mega_122,mega_402,Konzorcij/Pošta,198
mega_384,mega_122,mega_42,Ajdovščina,334
mega_384,mega_122,mega_357,Chengdujska,447
mega_384,mega_122,N/A,N/A,2460
mega_384,mega_122,mega_31,Novo Polje,193
mega_384,mega_122,mega_42,Ajdovščina,434
mega_384,mega_122,mega_292,Kino Šiška,493
mega_384,mega_122,mega_173,Tivoli,67
mega_384,mega_122,mega_172,Bavarski dvor,54
mega_384,mega_122,mega_129,Ambrožev trg,62
mega_384,mega_122,mega_42,Ajdovščina,52
mega_384,mega_122,mega_42,Ajdovščina,654
mega_384,mega_122,mega_172,Bavarski dvor,638
mega_384,mega_122,mega_292,Kino Šiška,728
mega_384,mega_122,mega_143,Emona,738
mega_384,mega_122,mega_117,Kneza Koclja,1347
mega_384,mega_122,mega_260,Tobačna,137
mega_384,mega_122,mega_122,Klinični center,148
mega_384,mega_122,mega_172,Bavarski dvor,230
mega_384,mega_122,mega_42,Ajdovščina,16
mega_384,mega_122,mega_172,Bavarski dvor,132
mega_384,mega_122,mega_136,Privoz,152
mega_384,mega_122,N/A,N/A,2460
mega_384,mega_122,mega_363,Kolodvor,69
mega_384,mega_122,mega_140,Križanke,1606
mega_384,mega_122,mega_136,Privoz,247
mega_384,mega_122,mega_42,Ajdovščina,840
mega_384,mega_122,mega_172,Bavarski dvor,88
mega_384,mega_122,mega_408,TRNOVO/Trnovo,134
mega_384,mega_122,mega_148,Astra,977
mega_384,mega_122,mega_148,Astra,304
mega_384,mega_122,mega_402,Konzorcij/Pošta,970
mega_384,mega_122,mega_402,Konzorcij/Pošta,1872
mega_384,mega_122,mega_350,Podgora,403
mega_384,mega_122,mega_42,Ajdovščina,993
mega_384,mega_122,mega_390,Zaloška,62
mega_384,mega_122,mega_402,Konzorcij/Pošta,63
mega_384,mega_122,mega_136,Privoz,106
mega_384,mega_122,mega_404,Dalmatinova/Tavčarjeva,128
mega_384,mega_122,mega_130,Gornji trg,1608
mega_384,mega_122,mega_140,Križanke,559
mega_384,mega_122,mega_193,Aškerčeva,807
mega_384,mega_122,mega_260,Tobačna,62
mega_384,mega_122,mega_307,Bolnica,60
mega_384,mega_122,mega_172,Bavarski dvor,1219
mega_384,mega_122,mega_122,Klinični center,72
mega_384,mega_122,mega_172,Bavarski dvor,421
mega_384,mega_122,N/A,N/A,2460
mega_384,mega_122,mega_325,Drama,51
mega_384,mega_122,mega_254,Razstavišče,176
mega_384,mega_122,mega_148,Astra,1170
mega_384,mega_122,mega_390,Zaloška,1478
mega_384,mega_122,mega_172,Bavarski dvor,867
mega_384,mega_122,mega_382,Gosposvetska,1691
mega_384,mega_122,mega_146,Viadukt,1447
mega_384,mega_122,mega_254,Razstavišče,175
mega_384,mega_122,mega_402,Konzorcij/Pošta,1334
mega_384,mega_122,mega_258,Cukrarna,1140
mega_384,mega_122,mega_148,Astra,234
mega_384,mega_122,mega_126,Bežigrad,527
mega_384,mega_122,mega_390,Zaloška,72
mega_384,mega_122,mega_193,Aškerčeva,7
mega_384,mega_122,mega_393,Parmova,1810
mega_384,mega_122,mega_130,Gornji trg,989
mega_384,mega_122,mega_130,Gornji trg,267
mega_384,mega_122,mega_42,Ajdovščina,1782
mega_384,mega_122,mega_254,Razstavišče,454
mega_384,mega_122,mega_404,Dalmatinova/Tavčarjeva,422
mega_384,mega_122,mega_343,Friškovec,371
mega_384,mega_122,mega_120,Poljanska,102
mega_384,mega_122,mega_42,Ajdovščina,247
mega_384,mega_122,mega_404,Dalmatinova/Tavčarjeva,85
mega_384,mega_122,mega_173,Tivoli,146
mega_384,mega_122,mega_254,Razstavišče,208
mega_384,mega_122,mega_402,Konzorcij/Pošta,154
mega_384,mega_122,mega_292,Kino Šiška,1396
mega_384,mega_122,mega_325,Drama,1574
mega_384,mega_122,mega_193,Aškerčeva,47
mega_384,mega_122,mega_341,Studenec,821
mega_384,mega_122,mega_254,Razstavišče,684
mega_384,mega_122,mega_292,Kino Šiška,901
mega_384,mega_122,mega_150,Kodeljevo,414
mega_384,mega_122,mega_172,Bavarski dvor,335
mega_384,mega_122,mega_172,Bavarski dvor,1092
mega_384,mega_122,mega_172,Bavarski dvor,189
mega_384,mega_122,mega_390,Zaloška,147
mega_384,mega_122,mega_173,Tivoli,931
mega_384,mega_122,mega_254,Razstavišče,1045
mega_384,mega_122,mega_382,Gosposvetska,498
mega_384,mega_122,mega_172,Bavarski dvor,97
mega_384,mega_122,mega_172,Bavarski dvor,976
mega_384,mega_122,mega_382,Gosposvetska,525
mega_384,mega_122,mega_172,Bavarski dvor,333
mega_384,mega_122,N/A,N/A,2460
mega_384,mega_122,mega_136,Privoz,1252
mega_384,mega_122,mega_390,Zaloška,462
mega_384,mega_122,mega_172,Bavarski dvor,355
mega_384,mega_122,mega_402,Konzorcij/Pošta,171
mega_384,mega_122,mega_382,Gosposvetska,94
mega_384,mega_122,mega_404,Dalmatinova/Tavčarjeva,193
mega_384,mega_122,mega_218,Študentsko naselje,613
mega_384,mega_122,mega_333,Savske stolpnice,77
mega_384,mega_122,mega_148,Astra,128
mega_384,mega_122,mega_42,Ajdovščina,377
mega_384,mega_122,mega_325,Drama,111
mega_384,mega_122,mega_402,Konzorcij/Pošta,355
mega_384,mega_122,mega_407,Flajšmanova/ZELENA JAMA,245
mega_384,mega_122,mega_172,Bavarski dvor,132
mega_384,mega_122,mega_325,Drama,309
mega_384,mega_122,mega_126,Bežigrad,240
mega_384,mega_122,mega_193,Aškerčeva,414
mega_384,mega_122,mega_382,Gosposvetska,637
mega_384,mega_122,mega_172,Bavarski dvor,88
mega_384,mega_122,mega_140,Križanke,586
mega_384,mega_122,mega_172,Bavarski dvor,122
mega_384,mega_122,mega_325,Drama,60
mega_384,mega_122,mega_402,Konzorcij/Pošta,942
mega_384,mega_122,mega_67,Koseze,770
mega_384,mega_122,mega_363,Kolodvor,136
mega_384,mega_122,mega_325,Drama,133
mega_384,mega_122,mega_366,Šola Jarše,1193
mega_384,mega_122,mega_42,Ajdovščina,987
mega_384,mega_122,mega_325,Drama,245
mega_384,mega_122,mega_382,Gosposvetska,559
mega_384,mega_122,mega_289,Svetčeva,231
mega_384,mega_122,mega_148,Astra,340
mega_384,mega_122,mega_382,Gosposvetska,2239
mega_384,mega_122,mega_172,Bavarski dvor,360
mega_384,mega_122,mega_126,Bežigrad,479
mega_384,mega_122,mega_307,Bolnica,250
mega_384,mega_122,mega_260,Tobačna,52
mega_384,mega_122,mega_352,Rakovnik,313
mega_384,mega_122,mega_329,Podvozna pot,108
mega_384,mega_122,mega_325,Drama,70
mega_384,mega_122,mega_402,Konzorcij/Pošta,79
mega_384,mega_122,mega_382,Gosposvetska,64
mega_384,mega_122,mega_130,Gornji trg,132
mega_384,mega_122,mega_402,Konzorcij/Pošta,43
mega_384,mega_122,mega_172,Bavarski dvor,1249
mega_384,mega_122,mega_147,Hajdrihova,2160
mega_384,mega_122,mega_172,Bavarski dvor,694
mega_384,mega_122,mega_62,Lutkovno gl.,9
mega_384,mega_122,mega_254,Razstavišče,197
mega_384,mega_122,mega_129,Ambrožev trg,408
mega_384,mega_122,mega_351,Žito,1867
mega_384,mega_122,mega_363,Kolodvor,376
mega_384,mega_122,N/A,N/A,2460
mega_384,mega_122,mega_100,Litostrojska,588
mega_384,mega_122,mega_146,Viadukt,493
mega_384,mega_122,mega_172,Bavarski dvor,454
mega_384,mega_122,mega_126,Bežigrad,209
mega_384,mega_122,mega_122,Klinični center,1240
mega_384,mega_122,mega_173,Tivoli,164
mega_384,mega_122,mega_382,Gosposvetska,146
mega_384,mega_122,mega_325,Drama,38
mega_384,mega_122,mega_148,Astra,116
mega_384,mega_122,mega_260,Tobačna,47
mega_384,mega_122,mega_172,Bavarski dvor,949
mega_384,mega_122,mega_126,Bežigrad,143
mega_384,mega_122,mega_42,Ajdovščina,216
mega_384,mega_122,mega_341,Studenec,804
mega_384,mega_122,mega_42,Ajdovščina,416
mega_384,mega_122,N/A,N/A,2460
mega_384,mega_122,mega_332,Žale,291
mega_384,mega_122,mega_348,Stara cerkev,410
mega_384,mega_122,mega_148,Astra,264
mega_384,mega_122,mega_42,Ajdovščina,979
mega_384,mega_122,mega_172,Bavarski dvor,520
mega_384,mega_122,mega_325,Drama,1424
mega_384,mega_122,mega_122,Klinični center,541
mega_384,mega_122,mega_382,Gosposvetska,32
mega_384,mega_122,mega_402,Konzorcij/Pošta,154
mega_384,mega_122,mega_260,Tobačna,436
mega_384,mega_122,mega_402,Konzorcij/Pošta,150
mega_384,mega_122,mega_260,Tobačna,171
mega_384,mega_122,mega_254,Razstavišče,504
mega_384,mega_122,mega_66,Nove Žale,832
mega_384,mega_122,mega_84,Stožice,106
mega_384,mega_122,mega_173,Tivoli,908
mega_384,mega_122,mega_172,Bavarski dvor,62
mega_384,mega_122,mega_307,Bolnica,334
mega_384,mega_122,mega_42,Ajdovščina,238
mega_384,mega_122,mega_379,Dolgi most,1542
mega_384,mega_122,mega_172,Bavarski dvor,750
mega_384,mega_122,mega_67,Koseze,96
mega_384,mega_122,mega_402,Konzorcij/Pošta,391
mega_384,mega_122,mega_207,Ilovica,921
mega_384,mega_122,mega_390,Zaloška,192
mega_384,mega_122,mega_172,Bavarski dvor,1760
mega_384,mega_122,mega_325,Drama,51
mega_384,mega_122,mega_402,Konzorcij/Pošta,213
mega_384,mega_122,mega_227,Smelt,149
mega_384,mega_122,mega_216,Tržnica Moste,1033
mega_384,mega_122,mega_136,Privoz,370
mega_384,mega_122,mega_87,Krožna pot,608
mega_384,mega_122,mega_210,Ruski car,800
mega_384,mega_122,mega_173,Tivoli,655
mega_384,mega_122,mega_402,Konzorcij/Pošta,154
mega_384,mega_122,mega_172,Bavarski dvor,34
mega_384,mega_122,mega_120,Poljanska,387
mega_384,mega_122,mega_42,Ajdovščina,68
mega_384,mega_122,mega_42,Ajdovščina,104
mega_384,mega_122,mega_325,Drama,74
mega_384,mega_122,mega_172,Bavarski dvor,1214
mega_384,mega_122,mega_363,Kolodvor,111
mega_384,mega_122,mega_325,Drama,329
mega_384,mega_122,mega_254,Razstavišče,193
mega_384,mega_122,mega_210,Ruski car,375
mega_384,mega_122,mega_42,Ajdovščina,130
mega_384,mega_122,mega_56,OŠ Sostro,1937
mega_384,mega_122,mega_172,Bavarski dvor,167
mega_384,mega_122,mega_120,Poljanska,317
mega_384,mega_122,mega_363,Kolodvor,61
mega_384,mega_122,mega_42,Ajdovščina,776
mega_384,mega_122,mega_116,Podgorica,1448
mega_384,mega_122,mega_291,Peruzzijeva,361
mega_384,mega_122,mega_172,Bavarski dvor,149
mega_384,mega_122,mega_261,Štepanja vas,2416
mega_384,mega_122,mega_193,Aškerčeva,160
mega_384,mega_122,mega_240,Bonifacija,499
mega_384,mega_122,mega_332,Žale,2273
mega_384,mega_122,mega_341,Studenec,90
mega_384,mega_122,mega_173,Tivoli,88
mega_384,mega_122,mega_61,Božičeva,236
mega_384,mega_122,mega_201,Polje-kolodvor,847
mega_384,mega_122,mega_253,Pot na Rakovo jelšo,1525
mega_384,mega_122,mega_42,Ajdovščina,49
mega_384,mega_122,mega_402,Konzorcij/Pošta,159
mega_384,mega_122,mega_402,Konzorcij/Pošta,874
mega_384,mega_122,mega_172,Bavarski dvor,511
mega_384,mega_122,mega_172,Bavarski dvor,61
mega_384,mega_122,mega_181,Gasilska brigada,59
mega_384,mega_122,mega_130,Gornji trg,12
mega_384,mega_122,mega_172,Bavarski dvor,255
mega_384,mega_122,mega_172,Bavarski dvor,1987
mega_384,mega_122,mega_325,Drama,6
mega_384,mega_122,mega_146,Viadukt,627
mega_384,mega_122,mega_359,Kodrova,682
mega_384,mega_122,mega_363,Kolodvor,367
mega_384,mega_122,mega_390,Zaloška,221
mega_384,mega_122,mega_172,Bavarski dvor,354
mega_384,mega_122,mega_172,Bavarski dvor,523
mega_384,mega_122,mega_172,Bavarski dvor,563
mega_384,mega_122,mega_193,Aškerčeva,675
mega_384,mega_122,mega_120,Poljanska,103
mega_384,mega_122,mega_172,Bavarski dvor,566
mega_384,mega_122,mega_136,Privoz,618
mega_384,mega_122,mega_42,Ajdovščina,103
mega_384,mega_122,mega_377,Kranjčeva,365
mega_384,mega_122,mega_307,Bolnica,317
mega_384,mega_122,mega_325,Drama,79
mega_384,mega_122,mega_126,Bežigrad,431
mega_384,mega_122,mega_172,Bavarski dvor,105
mega_384,mega_122,mega_343,Friškovec,116
mega_384,mega_122,mega_126,Bežigrad,1037
mega_384,mega_122,mega_136,Privoz,1728
mega_384,mega_122,mega_42,Ajdovščina,95
mega_384,mega_122,mega_193,Aškerčeva,267
mega_384,mega_122,mega_42,Ajdovščina,29
mega_384,mega_122,mega_129,Ambrožev trg,195
mega_384,mega_122,mega_261,Štepanja vas,510
mega_384,mega_122,mega_254,Razstavišče,2116
mega_384,mega_122,mega_332,Žale,471
mega_384,mega_122,mega_126,Bežigrad,46
mega_384,mega_122,mega_402,Konzorcij/Pošta,160
mega_384,mega_122,mega_402,Konzorcij/Pošta,503
mega_384,mega_122,mega_172,Bavarski dvor,43
mega_384,mega_122,mega_130,Gornji trg,141
mega_384,mega_122,mega_254,Razstavišče,479
mega_384,mega_122,mega_333,Savske stolpnice,873
mega_384,mega_122,mega_42,Ajdovščina,172
mega_384,mega_122,mega_402,Konzorcij/Pošta,1290
mega_384,mega_122,mega_214,Preglov trg,389
mega_384,mega_122,mega_391,Šentvid,1072
mega_384,mega_122,mega_42,Ajdovščina,408
mega_384,mega_122,mega_42,Ajdovščina,703
mega_384,mega_122,mega_172,Bavarski dvor,239
mega_384,mega_122,mega_172,Bavarski dvor,47
mega_384,mega_122,mega_254,Razstavišče,215
mega_384,mega_122,mega_173,Tivoli,227
mega_384,mega_122,mega_42,Ajdovščina,108
mega_384,mega_122,mega_129,Ambrožev trg,76
mega_384,mega_122,mega_402,Konzorcij/Pošta,289
mega_384,mega_122,mega_402,Konzorcij/Pošta,37
mega_384,mega_122,mega_307,Bolnica,704
mega_384,mega_122,mega_172,Bavarski dvor,519
mega_384,mega_122,mega_216,Tržnica Moste,149
mega_384,mega_122,mega_130,Gornji trg,18
mega_384,mega_122,mega_122,Klinični center,519
mega_384,mega_122,mega_172,Bavarski dvor,881
mega_384,mega_122,mega_103,7. septembra,1196
mega_384,mega_122,mega_172,Bavarski dvor,1398
mega_384,mega_122,mega_172,Bavarski dvor,1568
mega_384,mega_122,mega_172,Bavarski dvor,1444
mega_384,mega_122,mega_254,Razstavišče,257
mega_384,mega_122,mega_402,Konzorcij/Pošta,651
mega_384,mega_122,mega_172,Bavarski dvor,1312
mega_384,mega_122,mega_172,Bavarski dvor,598
mega_384,mega_122,mega_172,Bavarski dvor,57
mega_384,mega_122,mega_273,Ježica,427
mega_384,mega_122,mega_292,Kino Šiška,1095
mega_384,mega_122,mega_325,Drama,474
mega_384,mega_122,mega_363,Kolodvor,356
mega_384,mega_122,mega_402,Konzorcij/Pošta,489
mega_384,mega_122,mega_101,Stadion,157
mega_384,mega_122,mega_348,Stara cerkev,1549
mega_384,mega_122,mega_254,Razstavišče,188
mega_384,mega_122,mega_411,Kodeljevo/Ob sotočju,1228
mega_384,mega_122,mega_325,Drama,26
mega_384,mega_122,mega_173,Tivoli,87
mega_384,mega_122,mega_193,Aškerčeva,52
mega_384,mega_122,mega_85,Prekmurska,551
mega_384,mega_122,mega_172,Bavarski dvor,766
mega_384,mega_122,mega_402,Konzorcij/Pošta,601
mega_384,mega_122,mega_402,Konzorcij/Pošta,41
mega_384,mega_122,mega_390,Zaloška,402
mega_384,mega_122,mega_288,Kardeljeva ploščad,1582
mega_384,mega_122,mega_325,Drama,557
mega_384,mega_122,mega_172,Bavarski dvor,795
mega_384,mega_122,mega_238,Kamna Gorica,109
mega_384,mega_122,mega_122,Klinični center,155
mega_384,mega_122,mega_172,Bavarski dvor,1025
mega_384,mega_122,mega_172,Bavarski dvor,500
mega_384,mega_122,mega_193,Aškerčeva,9
mega_384,mega_122,mega_158,Poliklinika,632
mega_384,mega_122,mega_42,Ajdovščina,532
mega_384,mega_122,mega_143,Emona,81
mega_384,mega_122,mega_402,Konzorcij/Pošta,45
mega_384,mega_122,mega_359,Kodrova,597
mega_384,mega_122,mega_79,Gornji Rudnik,300
mega_384,mega_122,mega_254,Razstavišče,129
mega_384,mega_122,mega_136,Privoz,99
mega_384,mega_122,mega_172,Bavarski dvor,63
mega_384,mega_122,mega_325,Drama,278
mega_384,mega_122,mega_42,Ajdovščina,194
mega_384,mega_122,mega_402,Konzorcij/Pošta,307
mega_384,mega_122,mega_325,Drama,69
mega_384,mega_122,mega_363,Kolodvor,360
mega_384,mega_122,mega_261,Štepanja vas,1223
mega_384,mega_122,mega_143,Emona,464
mega_384,mega_122,mega_333,Savske stolpnice,666
mega_384,mega_122,mega_140,Križanke,72
mega_384,mega_122,mega_181,Gasilska brigada,197
mega_384,mega_122,mega_172,Bavarski dvor,15
mega_384,mega_122,mega_146,Viadukt,378
mega_384,mega_122,mega_374,Strelišče,1116
mega_384,mega_122,N/A,N/A,2460
mega_384,mega_122,mega_42,Ajdovščina,77
mega_384,mega_122,mega_94,Vič,94
mega_384,mega_122,mega_254,Razstavišče,674
mega_384,mega_122,mega_172,Bavarski dvor,1798
mega_384,mega_122,mega_292,Kino Šiška,251
mega_384,mega_122,mega_193,Aškerčeva,267
mega_384,mega_122,mega_294,Slovenija avto,102
mega_384,mega_122,mega_172,Bavarski dvor,965
mega_384,mega_122,mega_148,Astra,660
mega_384,mega_122,mega_193,Aškerčeva,21
mega_384,mega_122,mega_206,Ižanska,137
mega_384,mega_122,mega_42,Ajdovščina,76
mega_384,mega_122,mega_234,Dravlje,534
mega_384,mega_122,mega_402,Konzorcij/Pošta,992
mega_384,mega_122,mega_65,Brodarjev trg,659
mega_384,mega_122,mega_437,Cukrarna,359
mega_384,mega_122,mega_354,Gornje Poljane,788
mega_384,mega_122,mega_147,Hajdrihova,228
mega_384,mega_122,mega_343,Friškovec,531
mega_384,mega_122,mega_42,Ajdovščina,14
mega_384,mega_122,mega_150,Kodeljevo,311
mega_384,mega_122,mega_172,Bavarski dvor,264
mega_384,mega_122,mega_42,Ajdovščina,207
mega_384,mega_122,N/A,N/A,2460
mega_384,mega_122,mega_123,Cesta v Gorice,52
mega_384,mega_122,mega_260,Tobačna,18
mega_384,mega_122,mega_172,Bavarski dvor,230
mega_384,mega_122,mega_254,Razstavišče,1312
mega_384,mega_122,mega_382,Gosposvetska,218
mega_384,mega_122,mega_43,Draga,892
mega_384,mega_122,mega_172,Bavarski dvor,438
mega_384,mega_122,mega_402,Konzorcij/Pošta,25
mega_384,mega_122,mega_402,Konzorcij/Pošta,21
mega_384,mega_122,mega_390,Zaloška,999
mega_384,mega_122,mega_254,Razstavišče,318
mega_384,mega_122,mega_254,Razstavišče,468
mega_384,mega_122,mega_172,Bavarski dvor,1506
mega_384,mega_122,mega_173,Tivoli,264
mega_384,mega_122,mega_402,Konzorcij/Pošta,506
mega_384,mega_122,mega_172,Bavarski dvor,1337
mega_384,mega_122,mega_325,Drama,24
mega_384,mega_122,mega_348,Stara cerkev,1510
mega_384,mega_122,mega_382,Gosposvetska,2431
mega_384,mega_122,mega_140,Križanke,685
mega_384,mega_122,mega_341,Studenec,282
mega_384,mega_122,mega_120,Poljanska,543
mega_384,mega_122,mega_172,Bavarski dvor,79
mega_384,mega_122,mega_379,Dolgi most,184
mega_384,mega_122,mega_42,Ajdovščina,22
