Topologija,Zacetno_A,Zacetno_B,Koncno,Koraki
Path,0,0,1.0,1
Path,0,0,1.0,1
Path,0,0,1.0,1
Path,0,0,1.0,1
Path,0,0,1.0,1
Path,0,0,1.0,1
Path,0,0,1.0,1
Path,0,0,1.0,1
Path,0,0,1.0,1
Path,0,0,1.0,1
Path,0,0,1.0,1
Path,0,0,1.0,1
Path,0,0,1.0,1
Path,0,0,1.0,1
Path,0,0,1.0,1
Path,0,0,1.0,1
Path,0,0,1.0,1
Path,0,0,1.0,1
Path,0,0,1.0,1
Path,0,0,1.0,1
Path,0,0,1.0,1
Path,0,0,1.0,1
Path,0,0,1.0,1
Path,0,0,1.0,1
Path,0,0,1.0,1
Path,0,0,1.0,1
Path,0,0,1.0,1
Path,0,0,1.0,1
Path,0,0,1.0,1
Path,0,0,1.0,1
Path,0,0,1.0,1
Path,0,0,1.0,1
Path,0,0,1.0,1
Path,0,0,1.0,1
Path,0,0,1.0,1
Path,0,0,1.0,1
Path,0,0,1.0,1
Path,0,0,1.0,1
Path,0,0,1.0,1
Path,0,0,1.0,1
Path,0,0,1.0,1
Path,0,0,1.0,1
Path,0,0,1.0,1
Path,0,0,1.0,1
Path,0,0,1.0,1
Path,0,0,1.0,1
Path,0,0,1.0,1
Path,0,0,1.0,1
Path,0,0,1.0,1
Path,0,0,1.0,1
Path,0,0,1.0,1
Path,0,0,1.0,1
Path,0,0,1.0,1
Path,0,0,1.0,1
Path,0,0,1.0,1
Path,0,0,1.0,1
Path,0,0,1.0,1
Path,0,0,1.0,1
Path,0,0,1.0,1
Path,0,0,1.0,1
Path,0,0,1.0,1
Path,0,0,1.0,1
Path,0,0,1.0,1
Path,0,0,1.0,1
Path,0,0,1.0,1
Path,0,0,1.0,1
Path,0,0,1.0,1
Path,0,0,1.0,1
Path,0,0,1.0,1
Path,0,0,1.0,1
Path,0,0,1.0,1
Path,0,0,1.0,1
Path,0,0,1.0,1
Path,0,0,1.0,1
Path,0,0,1.0,1
Path,0,0,1.0,1
Path,0,0,1.0,1
Path,0,0,1.0,1
Path,0,0,1.0,1
Path,0,0,1.0,1
Path,0,0,1.0,1
Path,0,0,1.0,1
Path,0,0,1.0,1
Path,0,0,1.0,1
Path,0,0,1.0,1
Path,0,0,1.0,1
Path,0,0,1.0,1
Path,0,0,1.0,1
Path,0,0,1.0,1
Path,0,0,1.0,1
Path,0,0,1.0,1
Path,0,0,1.0,1
Path,0,0,1.0,1
Path,0,0,1.0,1
Path,0,0,1.0,1
Path,0,0,1.0,1
Path,0,0,1.0,1
Path,0,0,1.0,1
Path,0,0,1.0,1
Path,0,0,1.0,1
Path,0,1,,30
Path,0,1,,30
Path,0,1,,30
Path,0,1,,30
Path,0,1,,30
Path,0,1,,30
Path,0,1,,30
Path,0,1,,30
Path,0,1,,30
Path,0,1,,30
Path,0,1,,30
Path,0,1,,30
Path,0,1,,30
Path,0,1,,30
Path,0,1,,30
Path,0,1,,30
Path,0,1,,30
Path,0,1,,30
Path,0,1,,30
Path,0,1,,30
Path,0,1,,30
Path,0,1,,30
Path,0,1,,30
Path,0,1,,30
Path,0,1,,30
Path,0,1,,30
Path,0,1,,30
Path,0,1,,30
Path,0,1,,30
Path,0,1,,30
Path,0,1,,30
Path,0,1,,30
Path,0,1,,30
Path,0,1,,30
Path,0,1,,30
Path,0,1,,30
Path,0,1,,30
Path,0,1,,30
Path,0,1,,30
Path,0,1,,30
Path,0,1,,30
Path,0,1,,30
Path,0,1,,30
Path,0,1,,30
Path,0,1,,30
Path,0,1,,30
Path,0,1,,30
Path,0,1,,30
Path,0,1,,30
Path,0,1,,30
Path,0,1,,30
Path,0,1,,30
Path,0,1,,30
Path,0,1,,30
Path,0,1,,30
Path,0,1,,30
Path,0,1,,30
Path,0,1,,30
Path,0,1,,30
Path,0,1,,30
Path,0,1,,30
Path,0,1,,30
Path,0,1,,30
Path,0,1,,30
Path,0,1,,30
Path,0,1,,30
Path,0,1,,30
Path,0,1,,30
Path,0,1,,30
Path,0,1,,30
Path,0,1,,30
Path,0,1,,30
Path,0,1,,30
Path,0,1,,30
Path,0,1,,30
Path,0,1,,30
Path,0,1,,30
Path,0,1,,30
Path,0,1,,30
Path,0,1,,30
Path,0,1,,30
Path,0,1,,30
Path,0,1,,30
Path,0,1,,30
Path,0,1,,30
Path,0,1,,30
Path,0,1,,30
Path,0,1,,30
Path,0,1,,30
Path,0,1,,30
Path,0,1,,30
Path,0,1,,30
Path,0,1,,30
Path,0,1,,30
Path,0,1,,30
Path,0,1,,30
Path,0,1,,30
Path,0,1,,30
Path,0,1,,30
Path,0,1,,30
Path,0,2,3.0,3
Path,0,2,1.0,1
Path,0,2,1.0,1
Path,0,2,1.0,1
Path,0,2,1.0,1
Path,0,2,1.0,1
Path,0,2,1.0,13
Path,0,2,1.0,1
Path,0,2,2.0,2
Path,0,2,1.0,1
Path,0,2,1.0,1
Path,0,2,1.0,1
Path,0,2,1.0,5
Path,0,2,1.0,1
Path,0,2,1.0,1
Path,0,2,1.0,3
Path,0,2,1.0,3
Path,0,2,1.0,3
Path,0,2,2.0,4
Path,0,2,1.0,1
Path,0,2,1.0,1
Path,0,2,2.0,4
Path,0,2,2.0,2
Path,0,2,1.0,1
Path,0,2,1.0,1
Path,0,2,3.0,3
Path,0,2,3.0,3
Path,0,2,2.0,2
Path,0,2,2.0,2
Path,0,2,1.0,1
Path,0,2,2.0,12
Path,0,2,1.0,3
Path,0,2,1.0,1
Path,0,2,1.0,1
Path,0,2,1.0,1
Path,0,2,4.0,18
Path,0,2,4.0,8
Path,0,2,1.0,1
Path,0,2,4.0,8
Path,0,2,1.0,1
Path,0,2,4.0,16
Path,0,2,1.0,1
Path,0,2,3.0,5
Path,0,2,2.0,4
Path,0,2,1.0,7
Path,0,2,1.0,1
Path,0,2,1.0,1
Path,0,2,1.0,1
Path,0,2,2.0,8
Path,0,2,1.0,1
Path,0,2,1.0,1
Path,0,2,1.0,1
Path,0,2,1.0,1
Path,0,2,1.0,1
Path,0,2,1.0,1
Path,0,2,2.0,2
Path,0,2,2.0,2
Path,0,2,1.0,1
Path,0,2,1.0,1
Path,0,2,2.0,2
Path,0,2,1.0,1
Path,0,2,2.0,2
Path,0,2,2.0,2
Path,0,2,2.0,6
Path,0,2,1.0,1
Path,0,2,2.0,2
Path,0,2,3.0,25
Path,0,2,4.0,8
Path,0,2,1.0,1
Path,0,2,3.0,3
Path,0,2,4.0,4
Path,0,2,4.0,8
Path,0,2,2.0,10
Path,0,2,1.0,1
Path,0,2,3.0,5
Path,0,2,2.0,2
Path,0,2,1.0,1
Path,0,2,1.0,11
Path,0,2,1.0,1
Path,0,2,1.0,1
Path,0,2,1.0,1
Path,0,2,1.0,1
Path,0,2,1.0,1
Path,0,2,1.0,1
Path,0,2,2.0,2
Path,0,2,2.0,8
Path,0,2,1.0,1
Path,0,2,3.0,9
Path,0,2,1.0,1
Path,0,2,3.0,3
Path,0,2,1.0,1
Path,0,2,3.0,5
Path,0,2,1.0,1
Path,0,2,4.0,6
Path,0,2,2.0,12
Path,0,2,1.0,1
Path,0,2,1.0,1
Path,0,2,1.0,3
Path,0,2,1.0,1
Path,0,2,1.0,3
Path,0,3,,30
Path,0,3,,30
Path,0,3,,30
Path,0,3,,30
Path,0,3,,30
Path,0,3,,30
Path,0,3,,30
Path,0,3,,30
Path,0,3,,30
Path,0,3,,30
Path,0,3,,30
Path,0,3,,30
Path,0,3,,30
Path,0,3,,30
Path,0,3,,30
Path,0,3,,30
Path,0,3,,30
Path,0,3,,30
Path,0,3,,30
Path,0,3,,30
Path,0,3,,30
Path,0,3,,30
Path,0,3,,30
Path,0,3,,30
Path,0,3,,30
Path,0,3,,30
Path,0,3,,30
Path,0,3,,30
Path,0,3,,30
Path,0,3,,30
Path,0,3,,30
Path,0,3,,30
Path,0,3,,30
Path,0,3,,30
Path,0,3,,30
Path,0,3,,30
Path,0,3,,30
Path,0,3,,30
Path,0,3,,30
Path,0,3,,30
Path,0,3,,30
Path,0,3,,30
Path,0,3,,30
Path,0,3,,30
Path,0,3,,30
Path,0,3,,30
Path,0,3,,30
Path,0,3,,30
Path,0,3,,30
Path,0,3,,30
Path,0,3,,30
Path,0,3,,30
Path,0,3,,30
Path,0,3,,30
Path,0,3,,30
Path,0,3,,30
Path,0,3,,30
Path,0,3,,30
Path,0,3,,30
Path,0,3,,30
Path,0,3,,30
Path,0,3,,30
Path,0,3,,30
Path,0,3,,30
Path,0,3,,30
Path,0,3,,30
Path,0,3,,30
Path,0,3,,30
Path,0,3,,30
Path,0,3,,30
Path,0,3,,30
Path,0,3,,30
Path,0,3,,30
Path,0,3,,30
Path,0,3,,30
Path,0,3,,30
Path,0,3,,30
Path,0,3,,30
Path,0,3,,30
Path,0,3,,30
Path,0,3,,30
Path,0,3,,30
Path,0,3,,30
Path,0,3,,30
Path,0,3,,30
Path,0,3,,30
Path,0,3,,30
Path,0,3,,30
Path,0,3,,30
Path,0,3,,30
Path,0,3,,30
Path,0,3,,30
Path,0,3,,30
Path,0,3,,30
Path,0,3,,30
Path,0,3,,30
Path,0,3,,30
Path,0,3,,30
Path,0,3,,30
Path,0,3,,30
Path,0,4,1.0,3
Path,0,4,2.0,20
Path,0,4,2.0,6
Path,0,4,3.0,5
Path,0,4,1.0,3
Path,0,4,2.0,8
Path,0,4,2.0,8
Path,0,4,3.0,5
Path,0,4,2.0,4
Path,0,4,3.0,5
Path,0,4,4.0,6
Path,0,4,3.0,3
Path,0,4,3.0,5
Path,0,4,2.0,4
Path,0,4,2.0,6
Path,0,4,3.0,9
Path,0,4,2.0,8
Path,0,4,2.0,20
Path,0,4,3.0,7
Path,0,4,4.0,6
Path,0,4,2.0,4
Path,0,4,1.0,3
Path,0,4,2.0,4
Path,0,4,1.0,7
Path,0,4,2.0,14
Path,0,4,1.0,7
Path,0,4,2.0,16
Path,0,4,3.0,5
Path,0,4,1.0,5
Path,0,4,3.0,3
Path,0,4,3.0,3
Path,0,4,1.0,3
Path,0,4,4.0,6
Path,0,4,3.0,5
Path,0,4,1.0,5
Path,0,4,1.0,9
Path,0,4,3.0,5
Path,0,4,3.0,17
Path,0,4,3.0,13
Path,0,4,2.0,2
Path,0,4,3.0,5
Path,0,4,2.0,2
Path,0,4,2.0,4
Path,0,4,3.0,7
Path,0,4,4.0,8
Path,0,4,3.0,3
Path,0,4,3.0,19
Path,0,4,4.0,6
Path,0,4,1.0,7
Path,0,4,2.0,8
Path,0,4,2.0,2
Path,0,4,3.0,5
Path,0,4,3.0,7
Path,0,4,2.0,4
Path,0,4,4.0,4
Path,0,4,3.0,9
Path,0,4,3.0,5
Path,0,4,3.0,3
Path,0,4,2.0,4
Path,0,4,2.0,12
Path,0,4,3.0,5
Path,0,4,2.0,2
Path,0,4,4.0,16
Path,0,4,1.0,17
Path,0,4,4.0,14
Path,0,4,1.0,3
Path,0,4,3.0,5
Path,0,4,2.0,4
Path,0,4,3.0,7
Path,0,4,2.0,2
Path,0,4,3.0,3
Path,0,4,2.0,2
Path,0,4,4.0,4
Path,0,4,1.0,29
Path,0,4,2.0,2
Path,0,4,2.0,4
Path,0,4,1.0,23
Path,0,4,4.0,8
Path,0,4,1.0,3
Path,0,4,3.0,7
Path,0,4,3.0,3
Path,0,4,2.0,18
Path,0,4,2.0,2
Path,0,4,2.0,2
Path,0,4,2.0,6
Path,0,4,3.0,19
Path,0,4,2.0,16
Path,0,4,2.0,4
Path,0,4,2.0,4
Path,0,4,2.0,16
Path,0,4,2.0,2
Path,0,4,2.0,24
Path,0,4,2.0,6
Path,0,4,1.0,3
Path,0,4,4.0,8
Path,0,4,4.0,4
Path,0,4,2.0,6
Path,0,4,1.0,7
Path,0,4,1.0,7
Path,0,4,2.0,2
Path,0,5,,30
Path,0,5,,30
Path,0,5,,30
Path,0,5,,30
Path,0,5,,30
Path,0,5,,30
Path,0,5,,30
Path,0,5,,30
Path,0,5,,30
Path,0,5,,30
Path,0,5,,30
Path,0,5,,30
Path,0,5,,30
Path,0,5,,30
Path,0,5,,30
Path,0,5,,30
Path,0,5,,30
Path,0,5,,30
Path,0,5,,30
Path,0,5,,30
Path,0,5,,30
Path,0,5,,30
Path,0,5,,30
Path,0,5,,30
Path,0,5,,30
Path,0,5,,30
Path,0,5,,30
Path,0,5,,30
Path,0,5,,30
Path,0,5,,30
Path,0,5,,30
Path,0,5,,30
Path,0,5,,30
Path,0,5,,30
Path,0,5,,30
Path,0,5,,30
Path,0,5,,30
Path,0,5,,30
Path,0,5,,30
Path,0,5,,30
Path,0,5,,30
Path,0,5,,30
Path,0,5,,30
Path,0,5,,30
Path,0,5,,30
Path,0,5,,30
Path,0,5,,30
Path,0,5,,30
Path,0,5,,30
Path,0,5,,30
Path,0,5,,30
Path,0,5,,30
Path,0,5,,30
Path,0,5,,30
Path,0,5,,30
Path,0,5,,30
Path,0,5,,30
Path,0,5,,30
Path,0,5,,30
Path,0,5,,30
Path,0,5,,30
Path,0,5,,30
Path,0,5,,30
Path,0,5,,30
Path,0,5,,30
Path,0,5,,30
Path,0,5,,30
Path,0,5,,30
Path,0,5,,30
Path,0,5,,30
Path,0,5,,30
Path,0,5,,30
Path,0,5,,30
Path,0,5,,30
Path,0,5,,30
Path,0,5,,30
Path,0,5,,30
Path,0,5,,30
Path,0,5,,30
Path,0,5,,30
Path,0,5,,30
Path,0,5,,30
Path,0,5,,30
Path,0,5,,30
Path,0,5,,30
Path,0,5,,30
Path,0,5,,30
Path,0,5,,30
Path,0,5,,30
Path,0,5,,30
Path,0,5,,30
Path,0,5,,30
Path,0,5,,30
Path,0,5,,30
Path,0,5,,30
Path,0,5,,30
Path,0,5,,30
Path,0,5,,30
Path,0,5,,30
Path,0,5,,30
Path,1,0,,30
Path,1,0,,30
Path,1,0,,30
Path,1,0,,30
Path,1,0,,30
Path,1,0,,30
Path,1,0,,30
Path,1,0,,30
Path,1,0,,30
Path,1,0,,30
Path,1,0,,30
Path,1,0,,30
Path,1,0,,30
Path,1,0,,30
Path,1,0,,30
Path,1,0,,30
Path,1,0,,30
Path,1,0,,30
Path,1,0,,30
Path,1,0,,30
Path,1,0,,30
Path,1,0,,30
Path,1,0,,30
Path,1,0,,30
Path,1,0,,30
Path,1,0,,30
Path,1,0,,30
Path,1,0,,30
Path,1,0,,30
Path,1,0,,30
Path,1,0,,30
Path,1,0,,30
Path,1,0,,30
Path,1,0,,30
Path,1,0,,30
Path,1,0,,30
Path,1,0,,30
Path,1,0,,30
Path,1,0,,30
Path,1,0,,30
Path,1,0,,30
Path,1,0,,30
Path,1,0,,30
Path,1,0,,30
Path,1,0,,30
Path,1,0,,30
Path,1,0,,30
Path,1,0,,30
Path,1,0,,30
Path,1,0,,30
Path,1,0,,30
Path,1,0,,30
Path,1,0,,30
Path,1,0,,30
Path,1,0,,30
Path,1,0,,30
Path,1,0,,30
Path,1,0,,30
Path,1,0,,30
Path,1,0,,30
Path,1,0,,30
Path,1,0,,30
Path,1,0,,30
Path,1,0,,30
Path,1,0,,30
Path,1,0,,30
Path,1,0,,30
Path,1,0,,30
Path,1,0,,30
Path,1,0,,30
Path,1,0,,30
Path,1,0,,30
Path,1,0,,30
Path,1,0,,30
Path,1,0,,30
Path,1,0,,30
Path,1,0,,30
Path,1,0,,30
Path,1,0,,30
Path,1,0,,30
Path,1,0,,30
Path,1,0,,30
Path,1,0,,30
Path,1,0,,30
Path,1,0,,30
Path,1,0,,30
Path,1,0,,30
Path,1,0,,30
Path,1,0,,30
Path,1,0,,30
Path,1,0,,30
Path,1,0,,30
Path,1,0,,30
Path,1,0,,30
Path,1,0,,30
Path,1,0,,30
Path,1,0,,30
Path,1,0,,30
Path,1,0,,30
Path,1,0,,30
Path,1,1,0.0,1
Path,1,1,2.0,1
Path,1,1,3.0,16
Path,1,1,3.0,16
Path,1,1,2.0,1
Path,1,1,1.0,2
Path,1,1,0.0,1
Path,1,1,2.0,3
Path,1,1,2.0,1
Path,1,1,2.0,1
Path,1,1,0.0,1
Path,1,1,3.0,8
Path,1,1,1.0,2
Path,1,1,2.0,1
Path,1,1,2.0,1
Path,1,1,0.0,1
Path,1,1,0.0,1
Path,1,1,2.0,3
Path,1,1,2.0,23
Path,1,1,2.0,1
Path,1,1,0.0,1
Path,1,1,2.0,9
Path,1,1,2.0,1
Path,1,1,1.0,4
Path,1,1,2.0,1
Path,1,1,1.0,2
Path,1,1,1.0,16
Path,1,1,0.0,1
Path,1,1,2.0,1
Path,1,1,2.0,1
Path,1,1,2.0,1
Path,1,1,0.0,1
Path,1,1,0.0,1
Path,1,1,1.0,2
Path,1,1,2.0,1
Path,1,1,1.0,2
Path,1,1,2.0,1
Path,1,1,0.0,1
Path,1,1,1.0,2
Path,1,1,2.0,1
Path,1,1,1.0,2
Path,1,1,0.0,1
Path,1,1,1.0,2
Path,1,1,1.0,2
Path,1,1,1.0,2
Path,1,1,0.0,1
Path,1,1,1.0,2
Path,1,1,2.0,3
Path,1,1,1.0,4
Path,1,1,2.0,1
Path,1,1,2.0,1
Path,1,1,2.0,1
Path,1,1,1.0,2
Path,1,1,2.0,3
Path,1,1,2.0,1
Path,1,1,2.0,1
Path,1,1,0.0,1
Path,1,1,2.0,1
Path,1,1,0.0,1
Path,1,1,0.0,1
Path,1,1,1.0,2
Path,1,1,0.0,1
Path,1,1,0.0,1
Path,1,1,1.0,2
Path,1,1,0.0,1
Path,1,1,0.0,1
Path,1,1,4.0,7
Path,1,1,0.0,1
Path,1,1,1.0,2
Path,1,1,1.0,2
Path,1,1,0.0,1
Path,1,1,0.0,1
Path,1,1,0.0,1
Path,1,1,1.0,2
Path,1,1,4.0,7
Path,1,1,2.0,1
Path,1,1,0.0,1
Path,1,1,2.0,1
Path,1,1,0.0,1
Path,1,1,0.0,1
Path,1,1,2.0,3
Path,1,1,1.0,2
Path,1,1,2.0,1
Path,1,1,2.0,3
Path,1,1,0.0,1
Path,1,1,2.0,3
Path,1,1,2.0,1
Path,1,1,1.0,2
Path,1,1,0.0,1
Path,1,1,2.0,1
Path,1,1,1.0,2
Path,1,1,2.0,1
Path,1,1,2.0,1
Path,1,1,1.0,2
Path,1,1,2.0,1
Path,1,1,3.0,8
Path,1,1,1.0,4
Path,1,1,1.0,4
Path,1,1,0.0,1
Path,1,1,0.0,1
Path,1,2,,30
Path,1,2,,30
Path,1,2,,30
Path,1,2,,30
Path,1,2,,30
Path,1,2,,30
Path,1,2,,30
Path,1,2,,30
Path,1,2,,30
Path,1,2,,30
Path,1,2,,30
Path,1,2,,30
Path,1,2,,30
Path,1,2,,30
Path,1,2,,30
Path,1,2,,30
Path,1,2,,30
Path,1,2,,30
Path,1,2,,30
Path,1,2,,30
Path,1,2,,30
Path,1,2,,30
Path,1,2,,30
Path,1,2,,30
Path,1,2,,30
Path,1,2,,30
Path,1,2,,30
Path,1,2,,30
Path,1,2,,30
Path,1,2,,30
Path,1,2,,30
Path,1,2,,30
Path,1,2,,30
Path,1,2,,30
Path,1,2,,30
Path,1,2,,30
Path,1,2,,30
Path,1,2,,30
Path,1,2,,30
Path,1,2,,30
Path,1,2,,30
Path,1,2,,30
Path,1,2,,30
Path,1,2,,30
Path,1,2,,30
Path,1,2,,30
Path,1,2,,30
Path,1,2,,30
Path,1,2,,30
Path,1,2,,30
Path,1,2,,30
Path,1,2,,30
Path,1,2,,30
Path,1,2,,30
Path,1,2,,30
Path,1,2,,30
Path,1,2,,30
Path,1,2,,30
Path,1,2,,30
Path,1,2,,30
Path,1,2,,30
Path,1,2,,30
Path,1,2,,30
Path,1,2,,30
Path,1,2,,30
Path,1,2,,30
Path,1,2,,30
Path,1,2,,30
Path,1,2,,30
Path,1,2,,30
Path,1,2,,30
Path,1,2,,30
Path,1,2,,30
Path,1,2,,30
Path,1,2,,30
Path,1,2,,30
Path,1,2,,30
Path,1,2,,30
Path,1,2,,30
Path,1,2,,30
Path,1,2,,30
Path,1,2,,30
Path,1,2,,30
Path,1,2,,30
Path,1,2,,30
Path,1,2,,30
Path,1,2,,30
Path,1,2,,30
Path,1,2,,30
Path,1,2,,30
Path,1,2,,30
Path,1,2,,30
Path,1,2,,30
Path,1,2,,30
Path,1,2,,30
Path,1,2,,30
Path,1,2,,30
Path,1,2,,30
Path,1,2,,30
Path,1,2,,30
Path,1,3,4.0,3
Path,1,3,2.0,1
Path,1,3,2.0,1
Path,1,3,4.0,3
Path,1,3,2.0,1
Path,1,3,4.0,3
Path,1,3,2.0,1
Path,1,3,3.0,4
Path,1,3,4.0,15
Path,1,3,1.0,2
Path,1,3,4.0,3
Path,1,3,2.0,3
Path,1,3,2.0,1
Path,1,3,2.0,5
Path,1,3,1.0,4
Path,1,3,2.0,1
Path,1,3,1.0,6
Path,1,3,1.0,2
Path,1,3,2.0,5
Path,1,3,3.0,2
Path,1,3,2.0,3
Path,1,3,3.0,2
Path,1,3,1.0,8
Path,1,3,2.0,1
Path,1,3,2.0,9
Path,1,3,4.0,11
Path,1,3,2.0,1
Path,1,3,3.0,6
Path,1,3,4.0,9
Path,1,3,2.0,3
Path,1,3,3.0,2
Path,1,3,1.0,2
Path,1,3,3.0,2
Path,1,3,2.0,1
Path,1,3,2.0,13
Path,1,3,3.0,4
Path,1,3,3.0,6
Path,1,3,1.0,2
Path,1,3,3.0,10
Path,1,3,2.0,5
Path,1,3,2.0,5
Path,1,3,2.0,1
Path,1,3,4.0,11
Path,1,3,3.0,12
Path,1,3,2.0,1
Path,1,3,2.0,3
Path,1,3,2.0,5
Path,1,3,1.0,8
Path,1,3,2.0,17
Path,1,3,1.0,2
Path,1,3,2.0,3
Path,1,3,2.0,7
Path,1,3,4.0,5
Path,1,3,3.0,4
Path,1,3,2.0,3
Path,1,3,2.0,5
Path,1,3,3.0,6
Path,1,3,2.0,1
Path,1,3,2.0,1
Path,1,3,3.0,4
Path,1,3,2.0,11
Path,1,3,2.0,1
Path,1,3,2.0,1
Path,1,3,2.0,9
Path,1,3,2.0,5
Path,1,3,2.0,1
Path,1,3,3.0,4
Path,1,3,2.0,1
Path,1,3,3.0,8
Path,1,3,1.0,2
Path,1,3,2.0,1
Path,1,3,2.0,5
Path,1,3,2.0,5
Path,1,3,2.0,1
Path,1,3,2.0,23
Path,1,3,2.0,1
Path,1,3,2.0,1
Path,1,3,1.0,2
Path,1,3,3.0,2
Path,1,3,3.0,4
Path,1,3,3.0,2
Path,1,3,1.0,2
Path,1,3,2.0,7
Path,1,3,1.0,2
Path,1,3,1.0,2
Path,1,3,2.0,5
Path,1,3,1.0,2
Path,1,3,2.0,1
Path,1,3,3.0,10
Path,1,3,4.0,3
Path,1,3,2.0,1
Path,1,3,1.0,2
Path,1,3,2.0,1
Path,1,3,3.0,2
Path,1,3,2.0,1
Path,1,3,3.0,2
Path,1,3,1.0,2
Path,1,3,3.0,4
Path,1,3,2.0,5
Path,1,3,4.0,7
Path,1,4,,30
Path,1,4,,30
Path,1,4,,30
Path,1,4,,30
Path,1,4,,30
Path,1,4,,30
Path,1,4,,30
Path,1,4,,30
Path,1,4,,30
Path,1,4,,30
Path,1,4,,30
Path,1,4,,30
Path,1,4,,30
Path,1,4,,30
Path,1,4,,30
Path,1,4,,30
Path,1,4,,30
Path,1,4,,30
Path,1,4,,30
Path,1,4,,30
Path,1,4,,30
Path,1,4,,30
Path,1,4,,30
Path,1,4,,30
Path,1,4,,30
Path,1,4,,30
Path,1,4,,30
Path,1,4,,30
Path,1,4,,30
Path,1,4,,30
Path,1,4,,30
Path,1,4,,30
Path,1,4,,30
Path,1,4,,30
Path,1,4,,30
Path,1,4,,30
Path,1,4,,30
Path,1,4,,30
Path,1,4,,30
Path,1,4,,30
Path,1,4,,30
Path,1,4,,30
Path,1,4,,30
Path,1,4,,30
Path,1,4,,30
Path,1,4,,30
Path,1,4,,30
Path,1,4,,30
Path,1,4,,30
Path,1,4,,30
Path,1,4,,30
Path,1,4,,30
Path,1,4,,30
Path,1,4,,30
Path,1,4,,30
Path,1,4,,30
Path,1,4,,30
Path,1,4,,30
Path,1,4,,30
Path,1,4,,30
Path,1,4,,30
Path,1,4,,30
Path,1,4,,30
Path,1,4,,30
Path,1,4,,30
Path,1,4,,30
Path,1,4,,30
Path,1,4,,30
Path,1,4,,30
Path,1,4,,30
Path,1,4,,30
Path,1,4,,30
Path,1,4,,30
Path,1,4,,30
Path,1,4,,30
Path,1,4,,30
Path,1,4,,30
Path,1,4,,30
Path,1,4,,30
Path,1,4,,30
Path,1,4,,30
Path,1,4,,30
Path,1,4,,30
Path,1,4,,30
Path,1,4,,30
Path,1,4,,30
Path,1,4,,30
Path,1,4,,30
Path,1,4,,30
Path,1,4,,30
Path,1,4,,30
Path,1,4,,30
Path,1,4,,30
Path,1,4,,30
Path,1,4,,30
Path,1,4,,30
Path,1,4,,30
Path,1,4,,30
Path,1,4,,30
Path,1,4,,30
Path,1,5,4.0,5
Path,1,5,1.0,12
Path,1,5,3.0,2
Path,1,5,2.0,3
Path,1,5,1.0,16
Path,1,5,3.0,14
Path,1,5,4.0,9
Path,1,5,1.0,12
Path,1,5,2.0,3
Path,1,5,1.0,6
Path,1,5,3.0,2
Path,1,5,4.0,17
Path,1,5,2.0,11
Path,1,5,2.0,5
Path,1,5,4.0,3
Path,1,5,3.0,2
Path,1,5,2.0,7
Path,1,5,2.0,3
Path,1,5,3.0,8
Path,1,5,2.0,9
Path,1,5,3.0,14
Path,1,5,3.0,20
Path,1,5,3.0,2
Path,1,5,4.0,3
Path,1,5,2.0,3
Path,1,5,,30
Path,1,5,3.0,4
Path,1,5,2.0,9
Path,1,5,3.0,4
Path,1,5,4.0,5
Path,1,5,3.0,2
Path,1,5,4.0,9
Path,1,5,2.0,7
Path,1,5,3.0,8
Path,1,5,3.0,24
Path,1,5,2.0,3
Path,1,5,1.0,4
Path,1,5,4.0,5
Path,1,5,2.0,3
Path,1,5,1.0,4
Path,1,5,3.0,2
Path,1,5,3.0,6
Path,1,5,4.0,5
Path,1,5,2.0,11
Path,1,5,1.0,6
Path,1,5,1.0,4
Path,1,5,4.0,13
Path,1,5,2.0,5
Path,1,5,2.0,5
Path,1,5,2.0,3
Path,1,5,4.0,9
Path,1,5,1.0,4
Path,1,5,2.0,5
Path,1,5,4.0,9
Path,1,5,3.0,2
Path,1,5,2.0,11
Path,1,5,4.0,3
Path,1,5,3.0,4
Path,1,5,4.0,5
Path,1,5,4.0,21
Path,1,5,4.0,3
Path,1,5,3.0,2
Path,1,5,4.0,3
Path,1,5,4.0,15
Path,1,5,3.0,4
Path,1,5,2.0,17
Path,1,5,4.0,7
Path,1,5,4.0,3
Path,1,5,3.0,10
Path,1,5,3.0,6
Path,1,5,4.0,3
Path,1,5,2.0,3
Path,1,5,2.0,3
Path,1,5,4.0,9
Path,1,5,3.0,6
Path,1,5,3.0,2
Path,1,5,1.0,6
Path,1,5,2.0,3
Path,1,5,3.0,12
Path,1,5,4.0,5
Path,1,5,3.0,12
Path,1,5,2.0,5
Path,1,5,1.0,4
Path,1,5,3.0,8
Path,1,5,2.0,7
Path,1,5,1.0,14
Path,1,5,3.0,4
Path,1,5,3.0,12
Path,1,5,3.0,2
Path,1,5,3.0,6
Path,1,5,2.0,23
Path,1,5,1.0,6
Path,1,5,3.0,2
Path,1,5,2.0,3
Path,1,5,3.0,4
Path,1,5,1.0,4
Path,1,5,2.0,11
Path,1,5,3.0,6
Path,1,5,2.0,3
Path,1,5,3.0,2
Path,2,0,2.0,2
Path,2,0,1.0,1
Path,2,0,1.0,1
Path,2,0,1.0,1
Path,2,0,1.0,1
Path,2,0,1.0,1
Path,2,0,2.0,6
Path,2,0,1.0,1
Path,2,0,1.0,1
Path,2,0,1.0,1
Path,2,0,2.0,2
Path,2,0,1.0,1
Path,2,0,1.0,3
Path,2,0,1.0,1
Path,2,0,3.0,19
Path,2,0,1.0,1
Path,2,0,1.0,1
Path,2,0,2.0,2
Path,2,0,1.0,1
Path,2,0,2.0,4
Path,2,0,1.0,1
Path,2,0,1.0,1
Path,2,0,1.0,11
Path,2,0,1.0,1
Path,2,0,2.0,2
Path,2,0,3.0,17
Path,2,0,2.0,6
Path,2,0,3.0,5
Path,2,0,2.0,2
Path,2,0,1.0,1
Path,2,0,1.0,1
Path,2,0,1.0,1
Path,2,0,2.0,2
Path,2,0,1.0,1
Path,2,0,1.0,3
Path,2,0,1.0,1
Path,2,0,1.0,1
Path,2,0,1.0,1
Path,2,0,2.0,4
Path,2,0,2.0,2
Path,2,0,2.0,2
Path,2,0,1.0,5
Path,2,0,1.0,3
Path,2,0,1.0,1
Path,2,0,1.0,1
Path,2,0,2.0,16
Path,2,0,1.0,1
Path,2,0,1.0,1
Path,2,0,1.0,1
Path,2,0,4.0,10
Path,2,0,2.0,8
Path,2,0,1.0,1
Path,2,0,1.0,7
Path,2,0,3.0,13
Path,2,0,2.0,4
Path,2,0,1.0,1
Path,2,0,1.0,1
Path,2,0,1.0,1
Path,2,0,4.0,8
Path,2,0,1.0,1
Path,2,0,2.0,2
Path,2,0,2.0,2
Path,2,0,4.0,8
Path,2,0,1.0,1
Path,2,0,2.0,2
Path,2,0,1.0,1
Path,2,0,2.0,2
Path,2,0,1.0,1
Path,2,0,1.0,1
Path,2,0,1.0,1
Path,2,0,2.0,2
Path,2,0,1.0,1
Path,2,0,2.0,2
Path,2,0,1.0,1
Path,2,0,3.0,3
Path,2,0,1.0,1
Path,2,0,1.0,1
Path,2,0,1.0,1
Path,2,0,1.0,13
Path,2,0,2.0,2
Path,2,0,4.0,4
Path,2,0,1.0,3
Path,2,0,1.0,1
Path,2,0,1.0,1
Path,2,0,3.0,5
Path,2,0,1.0,1
Path,2,0,1.0,1
Path,2,0,1.0,1
Path,2,0,1.0,1
Path,2,0,1.0,1
Path,2,0,1.0,1
Path,2,0,2.0,2
Path,2,0,2.0,18
Path,2,0,1.0,1
Path,2,0,1.0,1
Path,2,0,2.0,2
Path,2,0,1.0,1
Path,2,0,1.0,3
Path,2,0,1.0,3
Path,2,0,3.0,3
Path,2,1,,30
Path,2,1,,30
Path,2,1,,30
Path,2,1,,30
Path,2,1,,30
Path,2,1,,30
Path,2,1,,30
Path,2,1,,30
Path,2,1,,30
Path,2,1,,30
Path,2,1,,30
Path,2,1,,30
Path,2,1,,30
Path,2,1,,30
Path,2,1,,30
Path,2,1,,30
Path,2,1,,30
Path,2,1,,30
Path,2,1,,30
Path,2,1,,30
Path,2,1,,30
Path,2,1,,30
Path,2,1,,30
Path,2,1,,30
Path,2,1,,30
Path,2,1,,30
Path,2,1,,30
Path,2,1,,30
Path,2,1,,30
Path,2,1,,30
Path,2,1,,30
Path,2,1,,30
Path,2,1,,30
Path,2,1,,30
Path,2,1,,30
Path,2,1,,30
Path,2,1,,30
Path,2,1,,30
Path,2,1,,30
Path,2,1,,30
Path,2,1,,30
Path,2,1,,30
Path,2,1,,30
Path,2,1,,30
Path,2,1,,30
Path,2,1,,30
Path,2,1,,30
Path,2,1,,30
Path,2,1,,30
Path,2,1,,30
Path,2,1,,30
Path,2,1,,30
Path,2,1,,30
Path,2,1,,30
Path,2,1,,30
Path,2,1,,30
Path,2,1,,30
Path,2,1,,30
Path,2,1,,30
Path,2,1,,30
Path,2,1,,30
Path,2,1,,30
Path,2,1,,30
Path,2,1,,30
Path,2,1,,30
Path,2,1,,30
Path,2,1,,30
Path,2,1,,30
Path,2,1,,30
Path,2,1,,30
Path,2,1,,30
Path,2,1,,30
Path,2,1,,30
Path,2,1,,30
Path,2,1,,30
Path,2,1,,30
Path,2,1,,30
Path,2,1,,30
Path,2,1,,30
Path,2,1,,30
Path,2,1,,30
Path,2,1,,30
Path,2,1,,30
Path,2,1,,30
Path,2,1,,30
Path,2,1,,30
Path,2,1,,30
Path,2,1,,30
Path,2,1,,30
Path,2,1,,30
Path,2,1,,30
Path,2,1,,30
Path,2,1,,30
Path,2,1,,30
Path,2,1,,30
Path,2,1,,30
Path,2,1,,30
Path,2,1,,30
Path,2,1,,30
Path,2,1,,30
Path,2,2,3.0,1
Path,2,2,1.0,9
Path,2,2,1.0,1
Path,2,2,1.0,1
Path,2,2,1.0,1
Path,2,2,1.0,1
Path,2,2,2.0,18
Path,2,2,2.0,2
Path,2,2,1.0,3
Path,2,2,3.0,1
Path,2,2,1.0,1
Path,2,2,1.0,3
Path,2,2,2.0,2
Path,2,2,2.0,2
Path,2,2,2.0,4
Path,2,2,3.0,3
Path,2,2,2.0,4
Path,2,2,3.0,1
Path,2,2,3.0,5
Path,2,2,1.0,1
Path,2,2,3.0,3
Path,2,2,3.0,1
Path,2,2,1.0,1
Path,2,2,2.0,2
Path,2,2,3.0,1
Path,2,2,3.0,3
Path,2,2,3.0,1
Path,2,2,2.0,2
Path,2,2,3.0,1
Path,2,2,2.0,8
Path,2,2,3.0,5
Path,2,2,1.0,3
Path,2,2,3.0,1
Path,2,2,3.0,1
Path,2,2,4.0,8
Path,2,2,3.0,9
Path,2,2,3.0,15
Path,2,2,2.0,2
Path,2,2,2.0,2
Path,2,2,1.0,3
Path,2,2,3.0,3
Path,2,2,2.0,6
Path,2,2,2.0,8
Path,2,2,3.0,1
Path,2,2,3.0,1
Path,2,2,1.0,1
Path,2,2,3.0,1
Path,2,2,3.0,15
Path,2,2,2.0,8
Path,2,2,3.0,1
Path,2,2,1.0,1
Path,2,2,1.0,1
Path,2,2,3.0,1
Path,2,2,1.0,5
Path,2,2,3.0,3
Path,2,2,2.0,8
Path,2,2,3.0,1
Path,2,2,3.0,1
Path,2,2,1.0,1
Path,2,2,2.0,2
Path,2,2,1.0,1
Path,2,2,4.0,4
Path,2,2,1.0,1
Path,2,2,1.0,1
Path,2,2,3.0,1
Path,2,2,1.0,5
Path,2,2,1.0,3
Path,2,2,1.0,3
Path,2,2,2.0,2
Path,2,2,3.0,1
Path,2,2,3.0,1
Path,2,2,1.0,1
Path,2,2,1.0,1
Path,2,2,1.0,1
Path,2,2,3.0,1
Path,2,2,2.0,2
Path,2,2,2.0,10
Path,2,2,2.0,2
Path,2,2,1.0,3
Path,2,2,1.0,5
Path,2,2,3.0,1
Path,2,2,3.0,1
Path,2,2,1.0,1
Path,2,2,4.0,4
Path,2,2,1.0,1
Path,2,2,3.0,1
Path,2,2,4.0,4
Path,2,2,1.0,3
Path,2,2,1.0,1
Path,2,2,1.0,1
Path,2,2,2.0,6
Path,2,2,2.0,12
Path,2,2,3.0,1
Path,2,2,1.0,1
Path,2,2,1.0,1
Path,2,2,2.0,4
Path,2,2,3.0,1
Path,2,2,1.0,3
Path,2,2,4.0,8
Path,2,2,3.0,1
Path,2,3,,30
Path,2,3,,30
Path,2,3,,30
Path,2,3,,30
Path,2,3,,30
Path,2,3,,30
Path,2,3,,30
Path,2,3,,30
Path,2,3,,30
Path,2,3,,30
Path,2,3,,30
Path,2,3,,30
Path,2,3,,30
Path,2,3,,30
Path,2,3,,30
Path,2,3,,30
Path,2,3,,30
Path,2,3,,30
Path,2,3,,30
Path,2,3,,30
Path,2,3,,30
Path,2,3,,30
Path,2,3,,30
Path,2,3,,30
Path,2,3,,30
Path,2,3,,30
Path,2,3,,30
Path,2,3,,30
Path,2,3,,30
Path,2,3,,30
Path,2,3,,30
Path,2,3,,30
Path,2,3,,30
Path,2,3,,30
Path,2,3,,30
Path,2,3,,30
Path,2,3,,30
Path,2,3,,30
Path,2,3,,30
Path,2,3,,30
Path,2,3,,30
Path,2,3,,30
Path,2,3,,30
Path,2,3,,30
Path,2,3,,30
Path,2,3,,30
Path,2,3,,30
Path,2,3,,30
Path,2,3,,30
Path,2,3,,30
Path,2,3,,30
Path,2,3,,30
Path,2,3,,30
Path,2,3,,30
Path,2,3,,30
Path,2,3,,30
Path,2,3,,30
Path,2,3,,30
Path,2,3,,30
Path,2,3,,30
Path,2,3,,30
Path,2,3,,30
Path,2,3,,30
Path,2,3,,30
Path,2,3,,30
Path,2,3,,30
Path,2,3,,30
Path,2,3,,30
Path,2,3,,30
Path,2,3,,30
Path,2,3,,30
Path,2,3,,30
Path,2,3,,30
Path,2,3,,30
Path,2,3,,30
Path,2,3,,30
Path,2,3,,30
Path,2,3,,30
Path,2,3,,30
Path,2,3,,30
Path,2,3,,30
Path,2,3,,30
Path,2,3,,30
Path,2,3,,30
Path,2,3,,30
Path,2,3,,30
Path,2,3,,30
Path,2,3,,30
Path,2,3,,30
Path,2,3,,30
Path,2,3,,30
Path,2,3,,30
Path,2,3,,30
Path,2,3,,30
Path,2,3,,30
Path,2,3,,30
Path,2,3,,30
Path,2,3,,30
Path,2,3,,30
Path,2,3,,30
Path,2,4,2.0,2
Path,2,4,4.0,4
Path,2,4,2.0,2
Path,2,4,3.0,9
Path,2,4,3.0,5
Path,2,4,3.0,7
Path,2,4,3.0,7
Path,2,4,2.0,30
Path,2,4,3.0,3
Path,2,4,2.0,4
Path,2,4,2.0,2
Path,2,4,2.0,14
Path,2,4,3.0,1
Path,2,4,4.0,2
Path,2,4,3.0,1
Path,2,4,2.0,2
Path,2,4,2.0,2
Path,2,4,1.0,15
Path,2,4,3.0,1
Path,2,4,3.0,1
Path,2,4,3.0,7
Path,2,4,3.0,9
Path,2,4,2.0,4
Path,2,4,2.0,4
Path,2,4,2.0,4
Path,2,4,3.0,1
Path,2,4,4.0,2
Path,2,4,3.0,3
Path,2,4,3.0,3
Path,2,4,3.0,1
Path,2,4,3.0,1
Path,2,4,1.0,5
Path,2,4,4.0,2
Path,2,4,3.0,1
Path,2,4,3.0,1
Path,2,4,1.0,3
Path,2,4,3.0,1
Path,2,4,3.0,11
Path,2,4,4.0,2
Path,2,4,3.0,1
Path,2,4,1.0,5
Path,2,4,3.0,9
Path,2,4,4.0,6
Path,2,4,3.0,3
Path,2,4,2.0,2
Path,2,4,3.0,1
Path,2,4,2.0,6
Path,2,4,1.0,7
Path,2,4,4.0,10
Path,2,4,1.0,9
Path,2,4,4.0,8
Path,2,4,2.0,8
Path,2,4,2.0,6
Path,2,4,3.0,3
Path,2,4,3.0,1
Path,2,4,3.0,9
Path,2,4,4.0,4
Path,2,4,2.0,4
Path,2,4,4.0,4
Path,2,4,1.0,3
Path,2,4,2.0,6
Path,2,4,2.0,2
Path,2,4,2.0,4
Path,2,4,4.0,2
Path,2,4,2.0,8
Path,2,4,4.0,2
Path,2,4,3.0,1
Path,2,4,3.0,9
Path,2,4,3.0,1
Path,2,4,3.0,1
Path,2,4,3.0,5
Path,2,4,3.0,5
Path,2,4,2.0,12
Path,2,4,2.0,2
Path,2,4,3.0,1
Path,2,4,4.0,2
Path,2,4,2.0,2
Path,2,4,3.0,3
Path,2,4,1.0,5
Path,2,4,1.0,3
Path,2,4,2.0,10
Path,2,4,4.0,12
Path,2,4,2.0,6
Path,2,4,4.0,4
Path,2,4,2.0,10
Path,2,4,1.0,5
Path,2,4,3.0,1
Path,2,4,4.0,4
Path,2,4,4.0,2
Path,2,4,1.0,5
Path,2,4,2.0,4
Path,2,4,2.0,4
Path,2,4,3.0,7
Path,2,4,2.0,4
Path,2,4,3.0,1
Path,2,4,4.0,4
Path,2,4,2.0,2
Path,2,4,3.0,1
Path,2,4,4.0,6
Path,2,4,1.0,5
Path,2,5,,30
Path,2,5,,30
Path,2,5,,30
Path,2,5,,30
Path,2,5,,30
Path,2,5,,30
Path,2,5,,30
Path,2,5,,30
Path,2,5,,30
Path,2,5,,30
Path,2,5,,30
Path,2,5,,30
Path,2,5,,30
Path,2,5,,30
Path,2,5,,30
Path,2,5,,30
Path,2,5,,30
Path,2,5,,30
Path,2,5,,30
Path,2,5,,30
Path,2,5,,30
Path,2,5,,30
Path,2,5,,30
Path,2,5,,30
Path,2,5,,30
Path,2,5,,30
Path,2,5,,30
Path,2,5,,30
Path,2,5,,30
Path,2,5,,30
Path,2,5,,30
Path,2,5,,30
Path,2,5,,30
Path,2,5,,30
Path,2,5,,30
Path,2,5,,30
Path,2,5,,30
Path,2,5,,30
Path,2,5,,30
Path,2,5,,30
Path,2,5,,30
Path,2,5,,30
Path,2,5,,30
Path,2,5,,30
Path,2,5,,30
Path,2,5,,30
Path,2,5,,30
Path,2,5,,30
Path,2,5,,30
Path,2,5,,30
Path,2,5,,30
Path,2,5,,30
Path,2,5,,30
Path,2,5,,30
Path,2,5,,30
Path,2,5,,30
Path,2,5,,30
Path,2,5,,30
Path,2,5,,30
Path,2,5,,30
Path,2,5,,30
Path,2,5,,30
Path,2,5,,30
Path,2,5,,30
Path,2,5,,30
Path,2,5,,30
Path,2,5,,30
Path,2,5,,30
Path,2,5,,30
Path,2,5,,30
Path,2,5,,30
Path,2,5,,30
Path,2,5,,30
Path,2,5,,30
Path,2,5,,30
Path,2,5,,30
Path,2,5,,30
Path,2,5,,30
Path,2,5,,30
Path,2,5,,30
Path,2,5,,30
Path,2,5,,30
Path,2,5,,30
Path,2,5,,30
Path,2,5,,30
Path,2,5,,30
Path,2,5,,30
Path,2,5,,30
Path,2,5,,30
Path,2,5,,30
Path,2,5,,30
Path,2,5,,30
Path,2,5,,30
Path,2,5,,30
Path,2,5,,30
Path,2,5,,30
Path,2,5,,30
Path,2,5,,30
Path,2,5,,30
Path,2,5,,30
Path,3,0,,30
Path,3,0,,30
Path,3,0,,30
Path,3,0,,30
Path,3,0,,30
Path,3,0,,30
Path,3,0,,30
Path,3,0,,30
Path,3,0,,30
Path,3,0,,30
Path,3,0,,30
Path,3,0,,30
Path,3,0,,30
Path,3,0,,30
Path,3,0,,30
Path,3,0,,30
Path,3,0,,30
Path,3,0,,30
Path,3,0,,30
Path,3,0,,30
Path,3,0,,30
Path,3,0,,30
Path,3,0,,30
Path,3,0,,30
Path,3,0,,30
Path,3,0,,30
Path,3,0,,30
Path,3,0,,30
Path,3,0,,30
Path,3,0,,30
Path,3,0,,30
Path,3,0,,30
Path,3,0,,30
Path,3,0,,30
Path,3,0,,30
Path,3,0,,30
Path,3,0,,30
Path,3,0,,30
Path,3,0,,30
Path,3,0,,30
Path,3,0,,30
Path,3,0,,30
Path,3,0,,30
Path,3,0,,30
Path,3,0,,30
Path,3,0,,30
Path,3,0,,30
Path,3,0,,30
Path,3,0,,30
Path,3,0,,30
Path,3,0,,30
Path,3,0,,30
Path,3,0,,30
Path,3,0,,30
Path,3,0,,30
Path,3,0,,30
Path,3,0,,30
Path,3,0,,30
Path,3,0,,30
Path,3,0,,30
Path,3,0,,30
Path,3,0,,30
Path,3,0,,30
Path,3,0,,30
Path,3,0,,30
Path,3,0,,30
Path,3,0,,30
Path,3,0,,30
Path,3,0,,30
Path,3,0,,30
Path,3,0,,30
Path,3,0,,30
Path,3,0,,30
Path,3,0,,30
Path,3,0,,30
Path,3,0,,30
Path,3,0,,30
Path,3,0,,30
Path,3,0,,30
Path,3,0,,30
Path,3,0,,30
Path,3,0,,30
Path,3,0,,30
Path,3,0,,30
Path,3,0,,30
Path,3,0,,30
Path,3,0,,30
Path,3,0,,30
Path,3,0,,30
Path,3,0,,30
Path,3,0,,30
Path,3,0,,30
Path,3,0,,30
Path,3,0,,30
Path,3,0,,30
Path,3,0,,30
Path,3,0,,30
Path,3,0,,30
Path,3,0,,30
Path,3,0,,30
Path,3,1,3.0,4
Path,3,1,2.0,1
Path,3,1,2.0,3
Path,3,1,2.0,5
Path,3,1,4.0,15
Path,3,1,2.0,9
Path,3,1,2.0,1
Path,3,1,3.0,2
Path,3,1,2.0,3
Path,3,1,3.0,12
Path,3,1,4.0,5
Path,3,1,3.0,2
Path,3,1,2.0,1
Path,3,1,3.0,6
Path,3,1,2.0,3
Path,3,1,4.0,7
Path,3,1,2.0,1
Path,3,1,2.0,1
Path,3,1,3.0,8
Path,3,1,2.0,1
Path,3,1,2.0,5
Path,3,1,4.0,3
Path,3,1,2.0,15
Path,3,1,3.0,18
Path,3,1,2.0,1
Path,3,1,1.0,2
Path,3,1,4.0,5
Path,3,1,1.0,2
Path,3,1,2.0,1
Path,3,1,2.0,1
Path,3,1,3.0,6
Path,3,1,1.0,2
Path,3,1,1.0,2
Path,3,1,4.0,3
Path,3,1,1.0,10
Path,3,1,3.0,10
Path,3,1,2.0,3
Path,3,1,3.0,2
Path,3,1,2.0,21
Path,3,1,2.0,1
Path,3,1,2.0,1
Path,3,1,2.0,1
Path,3,1,2.0,1
Path,3,1,1.0,4
Path,3,1,1.0,2
Path,3,1,2.0,5
Path,3,1,1.0,4
Path,3,1,3.0,2
Path,3,1,1.0,6
Path,3,1,2.0,13
Path,3,1,1.0,2
Path,3,1,4.0,5
Path,3,1,1.0,2
Path,3,1,1.0,2
Path,3,1,4.0,3
Path,3,1,1.0,2
Path,3,1,2.0,5
Path,3,1,1.0,6
Path,3,1,3.0,6
Path,3,1,2.0,7
Path,3,1,3.0,8
Path,3,1,1.0,4
Path,3,1,1.0,2
Path,3,1,1.0,8
Path,3,1,3.0,4
Path,3,1,1.0,6
Path,3,1,3.0,2
Path,3,1,1.0,2
Path,3,1,2.0,11
Path,3,1,4.0,3
Path,3,1,2.0,3
Path,3,1,1.0,2
Path,3,1,1.0,6
Path,3,1,2.0,1
Path,3,1,4.0,3
Path,3,1,2.0,5
Path,3,1,1.0,2
Path,3,1,4.0,3
Path,3,1,2.0,3
Path,3,1,2.0,5
Path,3,1,1.0,2
Path,3,1,1.0,2
Path,3,1,1.0,6
Path,3,1,1.0,4
Path,3,1,1.0,2
Path,3,1,2.0,1
Path,3,1,3.0,4
Path,3,1,4.0,13
Path,3,1,2.0,1
Path,3,1,2.0,1
Path,3,1,3.0,10
Path,3,1,4.0,3
Path,3,1,2.0,1
Path,3,1,1.0,4
Path,3,1,3.0,6
Path,3,1,2.0,1
Path,3,1,1.0,2
Path,3,1,1.0,2
Path,3,1,2.0,1
Path,3,1,1.0,2
Path,3,2,,30
Path,3,2,,30
Path,3,2,,30
Path,3,2,,30
Path,3,2,,30
Path,3,2,,30
Path,3,2,,30
Path,3,2,,30
Path,3,2,,30
Path,3,2,,30
Path,3,2,,30
Path,3,2,,30
Path,3,2,,30
Path,3,2,,30
Path,3,2,,30
Path,3,2,,30
Path,3,2,,30
Path,3,2,,30
Path,3,2,,30
Path,3,2,,30
Path,3,2,,30
Path,3,2,,30
Path,3,2,,30
Path,3,2,,30
Path,3,2,,30
Path,3,2,,30
Path,3,2,,30
Path,3,2,,30
Path,3,2,,30
Path,3,2,,30
Path,3,2,,30
Path,3,2,,30
Path,3,2,,30
Path,3,2,,30
Path,3,2,,30
Path,3,2,,30
Path,3,2,,30
Path,3,2,,30
Path,3,2,,30
Path,3,2,,30
Path,3,2,,30
Path,3,2,,30
Path,3,2,,30
Path,3,2,,30
Path,3,2,,30
Path,3,2,,30
Path,3,2,,30
Path,3,2,,30
Path,3,2,,30
Path,3,2,,30
Path,3,2,,30
Path,3,2,,30
Path,3,2,,30
Path,3,2,,30
Path,3,2,,30
Path,3,2,,30
Path,3,2,,30
Path,3,2,,30
Path,3,2,,30
Path,3,2,,30
Path,3,2,,30
Path,3,2,,30
Path,3,2,,30
Path,3,2,,30
Path,3,2,,30
Path,3,2,,30
Path,3,2,,30
Path,3,2,,30
Path,3,2,,30
Path,3,2,,30
Path,3,2,,30
Path,3,2,,30
Path,3,2,,30
Path,3,2,,30
Path,3,2,,30
Path,3,2,,30
Path,3,2,,30
Path,3,2,,30
Path,3,2,,30
Path,3,2,,30
Path,3,2,,30
Path,3,2,,30
Path,3,2,,30
Path,3,2,,30
Path,3,2,,30
Path,3,2,,30
Path,3,2,,30
Path,3,2,,30
Path,3,2,,30
Path,3,2,,30
Path,3,2,,30
Path,3,2,,30
Path,3,2,,30
Path,3,2,,30
Path,3,2,,30
Path,3,2,,30
Path,3,2,,30
Path,3,2,,30
Path,3,2,,30
Path,3,2,,30
Path,3,3,4.0,3
Path,3,3,4.0,1
Path,3,3,3.0,4
Path,3,3,2.0,9
Path,3,3,3.0,18
Path,3,3,2.0,1
Path,3,3,4.0,11
Path,3,3,2.0,1
Path,3,3,2.0,3
Path,3,3,2.0,1
Path,3,3,2.0,1
Path,3,3,3.0,2
Path,3,3,3.0,2
Path,3,3,4.0,1
Path,3,3,4.0,1
Path,3,3,2.0,1
Path,3,3,4.0,1
Path,3,3,4.0,1
Path,3,3,4.0,1
Path,3,3,2.0,1
Path,3,3,2.0,1
Path,3,3,3.0,2
Path,3,3,2.0,1
Path,3,3,3.0,4
Path,3,3,4.0,1
Path,3,3,2.0,1
Path,3,3,3.0,2
Path,3,3,4.0,1
Path,3,3,3.0,2
Path,3,3,2.0,1
Path,3,3,2.0,1
Path,3,3,3.0,6
Path,3,3,3.0,2
Path,3,3,4.0,1
Path,3,3,3.0,2
Path,3,3,2.0,1
Path,3,3,2.0,1
Path,3,3,3.0,2
Path,3,3,4.0,1
Path,3,3,4.0,7
Path,3,3,4.0,1
Path,3,3,4.0,1
Path,3,3,2.0,1
Path,3,3,1.0,4
Path,3,3,2.0,1
Path,3,3,3.0,2
Path,3,3,4.0,1
Path,3,3,4.0,1
Path,3,3,4.0,1
Path,3,3,2.0,1
Path,3,3,1.0,10
Path,3,3,3.0,12
Path,3,3,4.0,1
Path,3,3,4.0,1
Path,3,3,1.0,8
Path,3,3,4.0,1
Path,3,3,4.0,1
Path,3,3,2.0,1
Path,3,3,2.0,3
Path,3,3,4.0,5
Path,3,3,2.0,1
Path,3,3,2.0,1
Path,3,3,3.0,2
Path,3,3,4.0,1
Path,3,3,3.0,8
Path,3,3,2.0,1
Path,3,3,4.0,1
Path,3,3,4.0,1
Path,3,3,2.0,1
Path,3,3,4.0,5
Path,3,3,4.0,9
Path,3,3,2.0,5
Path,3,3,4.0,1
Path,3,3,4.0,5
Path,3,3,2.0,1
Path,3,3,2.0,1
Path,3,3,4.0,1
Path,3,3,2.0,1
Path,3,3,2.0,17
Path,3,3,4.0,5
Path,3,3,4.0,1
Path,3,3,2.0,1
Path,3,3,4.0,1
Path,3,3,3.0,8
Path,3,3,2.0,11
Path,3,3,4.0,7
Path,3,3,3.0,2
Path,3,3,4.0,1
Path,3,3,2.0,1
Path,3,3,3.0,2
Path,3,3,4.0,5
Path,3,3,4.0,1
Path,3,3,2.0,1
Path,3,3,3.0,2
Path,3,3,3.0,6
Path,3,3,3.0,2
Path,3,3,4.0,1
Path,3,3,2.0,1
Path,3,3,2.0,1
Path,3,3,4.0,3
Path,3,4,,30
Path,3,4,,30
Path,3,4,,30
Path,3,4,,30
Path,3,4,,30
Path,3,4,,30
Path,3,4,,30
Path,3,4,,30
Path,3,4,,30
Path,3,4,,30
Path,3,4,,30
Path,3,4,,30
Path,3,4,,30
Path,3,4,,30
Path,3,4,,30
Path,3,4,,30
Path,3,4,,30
Path,3,4,,30
Path,3,4,,30
Path,3,4,,30
Path,3,4,,30
Path,3,4,,30
Path,3,4,,30
Path,3,4,,30
Path,3,4,,30
Path,3,4,,30
Path,3,4,,30
Path,3,4,,30
Path,3,4,,30
Path,3,4,,30
Path,3,4,,30
Path,3,4,,30
Path,3,4,,30
Path,3,4,,30
Path,3,4,,30
Path,3,4,,30
Path,3,4,,30
Path,3,4,,30
Path,3,4,,30
Path,3,4,,30
Path,3,4,,30
Path,3,4,,30
Path,3,4,,30
Path,3,4,,30
Path,3,4,,30
Path,3,4,,30
Path,3,4,,30
Path,3,4,,30
Path,3,4,,30
Path,3,4,,30
Path,3,4,,30
Path,3,4,,30
Path,3,4,,30
Path,3,4,,30
Path,3,4,,30
Path,3,4,,30
Path,3,4,,30
Path,3,4,,30
Path,3,4,,30
Path,3,4,,30
Path,3,4,,30
Path,3,4,,30
Path,3,4,,30
Path,3,4,,30
Path,3,4,,30
Path,3,4,,30
Path,3,4,,30
Path,3,4,,30
Path,3,4,,30
Path,3,4,,30
Path,3,4,,30
Path,3,4,,30
Path,3,4,,30
Path,3,4,,30
Path,3,4,,30
Path,3,4,,30
Path,3,4,,30
Path,3,4,,30
Path,3,4,,30
Path,3,4,,30
Path,3,4,,30
Path,3,4,,30
Path,3,4,,30
Path,3,4,,30
Path,3,4,,30
Path,3,4,,30
Path,3,4,,30
Path,3,4,,30
Path,3,4,,30
Path,3,4,,30
Path,3,4,,30
Path,3,4,,30
Path,3,4,,30
Path,3,4,,30
Path,3,4,,30
Path,3,4,,30
Path,3,4,,30
Path,3,4,,30
Path,3,4,,30
Path,3,4,,30
Path,3,5,4.0,1
Path,3,5,4.0,1
Path,3,5,4.0,1
Path,3,5,2.0,3
Path,3,5,3.0,2
Path,3,5,1.0,6
Path,3,5,3.0,4
Path,3,5,4.0,1
Path,3,5,2.0,11
Path,3,5,4.0,1
Path,3,5,1.0,8
Path,3,5,4.0,3
Path,3,5,4.0,1
Path,3,5,4.0,3
Path,3,5,4.0,1
Path,3,5,4.0,1
Path,3,5,3.0,2
Path,3,5,3.0,2
Path,3,5,4.0,1
Path,3,5,4.0,5
Path,3,5,3.0,2
Path,3,5,4.0,1
Path,3,5,4.0,1
Path,3,5,3.0,4
Path,3,5,2.0,9
Path,3,5,4.0,1
Path,3,5,4.0,1
Path,3,5,4.0,1
Path,3,5,4.0,1
Path,3,5,2.0,11
Path,3,5,4.0,1
Path,3,5,1.0,4
Path,3,5,1.0,6
Path,3,5,4.0,1
Path,3,5,2.0,5
Path,3,5,4.0,1
Path,3,5,4.0,1
Path,3,5,3.0,6
Path,3,5,4.0,1
Path,3,5,4.0,1
Path,3,5,3.0,2
Path,3,5,3.0,4
Path,3,5,4.0,3
Path,3,5,4.0,1
Path,3,5,4.0,1
Path,3,5,4.0,3
Path,3,5,2.0,3
Path,3,5,3.0,4
Path,3,5,2.0,5
Path,3,5,4.0,1
Path,3,5,2.0,7
Path,3,5,3.0,4
Path,3,5,3.0,2
Path,3,5,3.0,2
Path,3,5,3.0,2
Path,3,5,4.0,1
Path,3,5,4.0,1
Path,3,5,4.0,1
Path,3,5,4.0,1
Path,3,5,1.0,26
Path,3,5,4.0,1
Path,3,5,4.0,5
Path,3,5,3.0,12
Path,3,5,4.0,1
Path,3,5,1.0,4
Path,3,5,4.0,1
Path,3,5,4.0,3
Path,3,5,4.0,7
Path,3,5,3.0,2
Path,3,5,4.0,3
Path,3,5,2.0,7
Path,3,5,4.0,1
Path,3,5,4.0,5
Path,3,5,4.0,1
Path,3,5,4.0,1
Path,3,5,4.0,1
Path,3,5,3.0,2
Path,3,5,4.0,1
Path,3,5,4.0,1
Path,3,5,4.0,1
Path,3,5,4.0,1
Path,3,5,2.0,3
Path,3,5,4.0,1
Path,3,5,4.0,1
Path,3,5,4.0,1
Path,3,5,3.0,10
Path,3,5,4.0,1
Path,3,5,3.0,2
Path,3,5,4.0,3
Path,3,5,4.0,1
Path,3,5,4.0,1
Path,3,5,3.0,6
Path,3,5,4.0,1
Path,3,5,4.0,1
Path,3,5,3.0,4
Path,3,5,3.0,2
Path,3,5,4.0,1
Path,3,5,4.0,1
Path,3,5,2.0,15
Path,3,5,4.0,1
Path,4,0,4.0,6
Path,4,0,4.0,14
Path,4,0,2.0,2
Path,4,0,3.0,5
Path,4,0,1.0,5
Path,4,0,2.0,4
Path,4,0,4.0,8
Path,4,0,3.0,5
Path,4,0,1.0,11
Path,4,0,1.0,5
Path,4,0,1.0,7
Path,4,0,2.0,20
Path,4,0,2.0,16
Path,4,0,3.0,3
Path,4,0,3.0,13
Path,4,0,3.0,3
Path,4,0,3.0,5
Path,4,0,3.0,23
Path,4,0,2.0,4
Path,4,0,2.0,2
Path,4,0,2.0,2
Path,4,0,3.0,13
Path,4,0,4.0,10
Path,4,0,3.0,3
Path,4,0,1.0,7
Path,4,0,1.0,5
Path,4,0,2.0,30
Path,4,0,2.0,6
Path,4,0,2.0,2
Path,4,0,2.0,2
Path,4,0,3.0,3
Path,4,0,2.0,2
Path,4,0,3.0,15
Path,4,0,3.0,25
Path,4,0,3.0,3
Path,4,0,2.0,4
Path,4,0,2.0,2
Path,4,0,4.0,12
Path,4,0,3.0,3
Path,4,0,3.0,3
Path,4,0,2.0,8
Path,4,0,2.0,4
Path,4,0,3.0,5
Path,4,0,3.0,9
Path,4,0,4.0,6
Path,4,0,2.0,2
Path,4,0,1.0,3
Path,4,0,2.0,10
Path,4,0,4.0,14
Path,4,0,4.0,6
Path,4,0,3.0,7
Path,4,0,2.0,2
Path,4,0,3.0,9
Path,4,0,2.0,2
Path,4,0,3.0,7
Path,4,0,1.0,5
Path,4,0,3.0,5
Path,4,0,3.0,3
Path,4,0,2.0,2
Path,4,0,1.0,5
Path,4,0,3.0,3
Path,4,0,3.0,7
Path,4,0,2.0,4
Path,4,0,3.0,3
Path,4,0,2.0,2
Path,4,0,3.0,3
Path,4,0,2.0,8
Path,4,0,2.0,4
Path,4,0,3.0,3
Path,4,0,2.0,12
Path,4,0,2.0,4
Path,4,0,1.0,13
Path,4,0,3.0,3
Path,4,0,1.0,5
Path,4,0,2.0,6
Path,4,0,2.0,4
Path,4,0,4.0,4
Path,4,0,3.0,3
Path,4,0,3.0,5
Path,4,0,3.0,5
Path,4,0,1.0,5
Path,4,0,2.0,20
Path,4,0,2.0,14
Path,4,0,3.0,5
Path,4,0,3.0,7
Path,4,0,3.0,11
Path,4,0,2.0,4
Path,4,0,3.0,3
Path,4,0,2.0,4
Path,4,0,1.0,5
Path,4,0,1.0,7
Path,4,0,3.0,3
Path,4,0,3.0,13
Path,4,0,4.0,8
Path,4,0,3.0,3
Path,4,0,3.0,11
Path,4,0,2.0,2
Path,4,0,4.0,4
Path,4,0,3.0,11
Path,4,0,1.0,5
Path,4,1,,30
Path,4,1,,30
Path,4,1,,30
Path,4,1,,30
Path,4,1,,30
Path,4,1,,30
Path,4,1,,30
Path,4,1,,30
Path,4,1,,30
Path,4,1,,30
Path,4,1,,30
Path,4,1,,30
Path,4,1,,30
Path,4,1,,30
Path,4,1,,30
Path,4,1,,30
Path,4,1,,30
Path,4,1,,30
Path,4,1,,30
Path,4,1,,30
Path,4,1,,30
Path,4,1,,30
Path,4,1,,30
Path,4,1,,30
Path,4,1,,30
Path,4,1,,30
Path,4,1,,30
Path,4,1,,30
Path,4,1,,30
Path,4,1,,30
Path,4,1,,30
Path,4,1,,30
Path,4,1,,30
Path,4,1,,30
Path,4,1,,30
Path,4,1,,30
Path,4,1,,30
Path,4,1,,30
Path,4,1,,30
Path,4,1,,30
Path,4,1,,30
Path,4,1,,30
Path,4,1,,30
Path,4,1,,30
Path,4,1,,30
Path,4,1,,30
Path,4,1,,30
Path,4,1,,30
Path,4,1,,30
Path,4,1,,30
Path,4,1,,30
Path,4,1,,30
Path,4,1,,30
Path,4,1,,30
Path,4,1,,30
Path,4,1,,30
Path,4,1,,30
Path,4,1,,30
Path,4,1,,30
Path,4,1,,30
Path,4,1,,30
Path,4,1,,30
Path,4,1,,30
Path,4,1,,30
Path,4,1,,30
Path,4,1,,30
Path,4,1,,30
Path,4,1,,30
Path,4,1,,30
Path,4,1,,30
Path,4,1,,30
Path,4,1,,30
Path,4,1,,30
Path,4,1,,30
Path,4,1,,30
Path,4,1,,30
Path,4,1,,30
Path,4,1,,30
Path,4,1,,30
Path,4,1,,30
Path,4,1,,30
Path,4,1,,30
Path,4,1,,30
Path,4,1,,30
Path,4,1,,30
Path,4,1,,30
Path,4,1,,30
Path,4,1,,30
Path,4,1,,30
Path,4,1,,30
Path,4,1,,30
Path,4,1,,30
Path,4,1,,30
Path,4,1,,30
Path,4,1,,30
Path,4,1,,30
Path,4,1,,30
Path,4,1,,30
Path,4,1,,30
Path,4,1,,30
Path,4,2,3.0,3
Path,4,2,4.0,14
Path,4,2,3.0,11
Path,4,2,3.0,3
Path,4,2,3.0,7
Path,4,2,3.0,1
Path,4,2,2.0,10
Path,4,2,4.0,2
Path,4,2,3.0,3
Path,4,2,4.0,4
Path,4,2,1.0,5
Path,4,2,3.0,1
Path,4,2,3.0,1
Path,4,2,1.0,7
Path,4,2,3.0,5
Path,4,2,4.0,4
Path,4,2,3.0,1
Path,4,2,3.0,1
Path,4,2,1.0,5
Path,4,2,3.0,1
Path,4,2,3.0,1
Path,4,2,3.0,1
Path,4,2,2.0,2
Path,4,2,4.0,4
Path,4,2,3.0,5
Path,4,2,2.0,4
Path,4,2,4.0,2
Path,4,2,3.0,1
Path,4,2,1.0,3
Path,4,2,3.0,1
Path,4,2,3.0,5
Path,4,2,2.0,2
Path,4,2,3.0,1
Path,4,2,4.0,2
Path,4,2,2.0,2
Path,4,2,2.0,6
Path,4,2,4.0,2
Path,4,2,1.0,3
Path,4,2,3.0,1
Path,4,2,2.0,8
Path,4,2,2.0,4
Path,4,2,3.0,3
Path,4,2,2.0,2
Path,4,2,4.0,6
Path,4,2,3.0,1
Path,4,2,3.0,1
Path,4,2,4.0,2
Path,4,2,3.0,3
Path,4,2,3.0,1
Path,4,2,2.0,10
Path,4,2,3.0,1
Path,4,2,4.0,2
Path,4,2,2.0,2
Path,4,2,3.0,1
Path,4,2,4.0,2
Path,4,2,2.0,20
Path,4,2,4.0,6
Path,4,2,4.0,4
Path,4,2,2.0,12
Path,4,2,3.0,5
Path,4,2,2.0,12
Path,4,2,1.0,5
Path,4,2,2.0,4
Path,4,2,4.0,2
Path,4,2,1.0,13
Path,4,2,3.0,7
Path,4,2,3.0,1
Path,4,2,2.0,2
Path,4,2,3.0,5
Path,4,2,4.0,14
Path,4,2,1.0,3
Path,4,2,3.0,1
Path,4,2,3.0,1
Path,4,2,1.0,11
Path,4,2,4.0,2
Path,4,2,2.0,2
Path,4,2,3.0,5
Path,4,2,4.0,2
Path,4,2,3.0,1
Path,4,2,2.0,2
Path,4,2,4.0,6
Path,4,2,4.0,2
Path,4,2,3.0,1
Path,4,2,4.0,16
Path,4,2,4.0,2
Path,4,2,3.0,1
Path,4,2,3.0,5
Path,4,2,2.0,10
Path,4,2,2.0,24
Path,4,2,4.0,2
Path,4,2,1.0,11
Path,4,2,4.0,2
Path,4,2,3.0,1
Path,4,2,4.0,2
Path,4,2,2.0,14
Path,4,2,4.0,12
Path,4,2,4.0,2
Path,4,2,3.0,1
Path,4,2,3.0,5
Path,4,2,3.0,1
Path,4,3,,30
Path,4,3,,30
Path,4,3,,30
Path,4,3,,30
Path,4,3,,30
Path,4,3,,30
Path,4,3,,30
Path,4,3,,30
Path,4,3,,30
Path,4,3,,30
Path,4,3,,30
Path,4,3,,30
Path,4,3,,30
Path,4,3,,30
Path,4,3,,30
Path,4,3,,30
Path,4,3,,30
Path,4,3,,30
Path,4,3,,30
Path,4,3,,30
Path,4,3,,30
Path,4,3,,30
Path,4,3,,30
Path,4,3,,30
Path,4,3,,30
Path,4,3,,30
Path,4,3,,30
Path,4,3,,30
Path,4,3,,30
Path,4,3,,30
Path,4,3,,30
Path,4,3,,30
Path,4,3,,30
Path,4,3,,30
Path,4,3,,30
Path,4,3,,30
Path,4,3,,30
Path,4,3,,30
Path,4,3,,30
Path,4,3,,30
Path,4,3,,30
Path,4,3,,30
Path,4,3,,30
Path,4,3,,30
Path,4,3,,30
Path,4,3,,30
Path,4,3,,30
Path,4,3,,30
Path,4,3,,30
Path,4,3,,30
Path,4,3,,30
Path,4,3,,30
Path,4,3,,30
Path,4,3,,30
Path,4,3,,30
Path,4,3,,30
Path,4,3,,30
Path,4,3,,30
Path,4,3,,30
Path,4,3,,30
Path,4,3,,30
Path,4,3,,30
Path,4,3,,30
Path,4,3,,30
Path,4,3,,30
Path,4,3,,30
Path,4,3,,30
Path,4,3,,30
Path,4,3,,30
Path,4,3,,30
Path,4,3,,30
Path,4,3,,30
Path,4,3,,30
Path,4,3,,30
Path,4,3,,30
Path,4,3,,30
Path,4,3,,30
Path,4,3,,30
Path,4,3,,30
Path,4,3,,30
Path,4,3,,30
Path,4,3,,30
Path,4,3,,30
Path,4,3,,30
Path,4,3,,30
Path,4,3,,30
Path,4,3,,30
Path,4,3,,30
Path,4,3,,30
Path,4,3,,30
Path,4,3,,30
Path,4,3,,30
Path,4,3,,30
Path,4,3,,30
Path,4,3,,30
Path,4,3,,30
Path,4,3,,30
Path,4,3,,30
Path,4,3,,30
Path,4,3,,30
Path,4,4,4.0,2
Path,4,4,4.0,2
Path,4,4,3.0,1
Path,4,4,3.0,19
Path,4,4,5.0,1
Path,4,4,5.0,1
Path,4,4,3.0,19
Path,4,4,5.0,1
Path,4,4,4.0,2
Path,4,4,4.0,2
Path,4,4,3.0,1
Path,4,4,4.0,2
Path,4,4,3.0,1
Path,4,4,4.0,2
Path,4,4,5.0,1
Path,4,4,1.0,21
Path,4,4,4.0,2
Path,4,4,4.0,4
Path,4,4,3.0,1
Path,4,4,4.0,2
Path,4,4,3.0,1
Path,4,4,3.0,3
Path,4,4,3.0,3
Path,4,4,3.0,3
Path,4,4,3.0,1
Path,4,4,5.0,1
Path,4,4,5.0,1
Path,4,4,5.0,1
Path,4,4,5.0,1
Path,4,4,4.0,2
Path,4,4,3.0,1
Path,4,4,3.0,1
Path,4,4,4.0,2
Path,4,4,2.0,4
Path,4,4,3.0,3
Path,4,4,4.0,2
Path,4,4,4.0,2
Path,4,4,4.0,2
Path,4,4,5.0,1
Path,4,4,5.0,1
Path,4,4,3.0,1
Path,4,4,3.0,1
Path,4,4,3.0,3
Path,4,4,5.0,1
Path,4,4,3.0,1
Path,4,4,4.0,2
Path,4,4,3.0,3
Path,4,4,5.0,1
Path,4,4,3.0,3
Path,4,4,5.0,1
Path,4,4,4.0,2
Path,4,4,4.0,2
Path,4,4,3.0,1
Path,4,4,4.0,2
Path,4,4,3.0,1
Path,4,4,4.0,4
Path,4,4,3.0,1
Path,4,4,4.0,14
Path,4,4,4.0,2
Path,4,4,5.0,1
Path,4,4,4.0,2
Path,4,4,5.0,1
Path,4,4,3.0,1
Path,4,4,3.0,1
Path,4,4,5.0,1
Path,4,4,4.0,2
Path,4,4,5.0,1
Path,4,4,5.0,1
Path,4,4,5.0,1
Path,4,4,2.0,10
Path,4,4,4.0,2
Path,4,4,3.0,5
Path,4,4,3.0,1
Path,4,4,4.0,2
Path,4,4,4.0,4
Path,4,4,4.0,2
Path,4,4,1.0,5
Path,4,4,2.0,4
Path,4,4,3.0,3
Path,4,4,3.0,1
Path,4,4,3.0,1
Path,4,4,3.0,1
Path,4,4,4.0,6
Path,4,4,4.0,2
Path,4,4,4.0,2
Path,4,4,3.0,1
Path,4,4,4.0,2
Path,4,4,5.0,1
Path,4,4,3.0,3
Path,4,4,4.0,4
Path,4,4,5.0,1
Path,4,4,3.0,1
Path,4,4,3.0,5
Path,4,4,4.0,2
Path,4,4,3.0,3
Path,4,4,3.0,1
Path,4,4,3.0,3
Path,4,4,5.0,1
Path,4,4,4.0,2
Path,4,4,5.0,1
Path,4,5,,30
Path,4,5,,30
Path,4,5,,30
Path,4,5,,30
Path,4,5,,30
Path,4,5,,30
Path,4,5,,30
Path,4,5,,30
Path,4,5,,30
Path,4,5,,30
Path,4,5,,30
Path,4,5,,30
Path,4,5,,30
Path,4,5,,30
Path,4,5,,30
Path,4,5,,30
Path,4,5,,30
Path,4,5,,30
Path,4,5,,30
Path,4,5,,30
Path,4,5,,30
Path,4,5,,30
Path,4,5,,30
Path,4,5,,30
Path,4,5,,30
Path,4,5,,30
Path,4,5,,30
Path,4,5,,30
Path,4,5,,30
Path,4,5,,30
Path,4,5,,30
Path,4,5,,30
Path,4,5,,30
Path,4,5,,30
Path,4,5,,30
Path,4,5,,30
Path,4,5,,30
Path,4,5,,30
Path,4,5,,30
Path,4,5,,30
Path,4,5,,30
Path,4,5,,30
Path,4,5,,30
Path,4,5,,30
Path,4,5,,30
Path,4,5,,30
Path,4,5,,30
Path,4,5,,30
Path,4,5,,30
Path,4,5,,30
Path,4,5,,30
Path,4,5,,30
Path,4,5,,30
Path,4,5,,30
Path,4,5,,30
Path,4,5,,30
Path,4,5,,30
Path,4,5,,30
Path,4,5,,30
Path,4,5,,30
Path,4,5,,30
Path,4,5,,30
Path,4,5,,30
Path,4,5,,30
Path,4,5,,30
Path,4,5,,30
Path,4,5,,30
Path,4,5,,30
Path,4,5,,30
Path,4,5,,30
Path,4,5,,30
Path,4,5,,30
Path,4,5,,30
Path,4,5,,30
Path,4,5,,30
Path,4,5,,30
Path,4,5,,30
Path,4,5,,30
Path,4,5,,30
Path,4,5,,30
Path,4,5,,30
Path,4,5,,30
Path,4,5,,30
Path,4,5,,30
Path,4,5,,30
Path,4,5,,30
Path,4,5,,30
Path,4,5,,30
Path,4,5,,30
Path,4,5,,30
Path,4,5,,30
Path,4,5,,30
Path,4,5,,30
Path,4,5,,30
Path,4,5,,30
Path,4,5,,30
Path,4,5,,30
Path,4,5,,30
Path,4,5,,30
Path,4,5,,30
Path,5,0,,30
Path,5,0,,30
Path,5,0,,30
Path,5,0,,30
Path,5,0,,30
Path,5,0,,30
Path,5,0,,30
Path,5,0,,30
Path,5,0,,30
Path,5,0,,30
Path,5,0,,30
Path,5,0,,30
Path,5,0,,30
Path,5,0,,30
Path,5,0,,30
Path,5,0,,30
Path,5,0,,30
Path,5,0,,30
Path,5,0,,30
Path,5,0,,30
Path,5,0,,30
Path,5,0,,30
Path,5,0,,30
Path,5,0,,30
Path,5,0,,30
Path,5,0,,30
Path,5,0,,30
Path,5,0,,30
Path,5,0,,30
Path,5,0,,30
Path,5,0,,30
Path,5,0,,30
Path,5,0,,30
Path,5,0,,30
Path,5,0,,30
Path,5,0,,30
Path,5,0,,30
Path,5,0,,30
Path,5,0,,30
Path,5,0,,30
Path,5,0,,30
Path,5,0,,30
Path,5,0,,30
Path,5,0,,30
Path,5,0,,30
Path,5,0,,30
Path,5,0,,30
Path,5,0,,30
Path,5,0,,30
Path,5,0,,30
Path,5,0,,30
Path,5,0,,30
Path,5,0,,30
Path,5,0,,30
Path,5,0,,30
Path,5,0,,30
Path,5,0,,30
Path,5,0,,30
Path,5,0,,30
Path,5,0,,30
Path,5,0,,30
Path,5,0,,30
Path,5,0,,30
Path,5,0,,30
Path,5,0,,30
Path,5,0,,30
Path,5,0,,30
Path,5,0,,30
Path,5,0,,30
Path,5,0,,30
Path,5,0,,30
Path,5,0,,30
Path,5,0,,30
Path,5,0,,30
Path,5,0,,30
Path,5,0,,30
Path,5,0,,30
Path,5,0,,30
Path,5,0,,30
Path,5,0,,30
Path,5,0,,30
Path,5,0,,30
Path,5,0,,30
Path,5,0,,30
Path,5,0,,30
Path,5,0,,30
Path,5,0,,30
Path,5,0,,30
Path,5,0,,30
Path,5,0,,30
Path,5,0,,30
Path,5,0,,30
Path,5,0,,30
Path,5,0,,30
Path,5,0,,30
Path,5,0,,30
Path,5,0,,30
Path,5,0,,30
Path,5,0,,30
Path,5,0,,30
Path,5,1,4.0,5
Path,5,1,4.0,5
Path,5,1,4.0,11
Path,5,1,2.0,3
Path,5,1,4.0,9
Path,5,1,3.0,10
Path,5,1,4.0,3
Path,5,1,2.0,29
Path,5,1,2.0,3
Path,5,1,1.0,4
Path,5,1,3.0,14
Path,5,1,2.0,5
Path,5,1,4.0,3
Path,5,1,3.0,6
Path,5,1,3.0,2
Path,5,1,3.0,2
Path,5,1,3.0,6
Path,5,1,2.0,3
Path,5,1,3.0,16
Path,5,1,2.0,5
Path,5,1,1.0,6
Path,5,1,4.0,3
Path,5,1,3.0,26
Path,5,1,3.0,6
Path,5,1,3.0,4
Path,5,1,2.0,3
Path,5,1,3.0,8
Path,5,1,3.0,2
Path,5,1,2.0,3
Path,5,1,3.0,8
Path,5,1,4.0,3
Path,5,1,4.0,5
Path,5,1,3.0,2
Path,5,1,3.0,10
Path,5,1,4.0,3
Path,5,1,3.0,2
Path,5,1,1.0,4
Path,5,1,2.0,7
Path,5,1,3.0,4
Path,5,1,2.0,7
Path,5,1,3.0,4
Path,5,1,3.0,10
Path,5,1,2.0,5
Path,5,1,3.0,16
Path,5,1,2.0,7
Path,5,1,4.0,3
Path,5,1,3.0,4
Path,5,1,4.0,5
Path,5,1,3.0,8
Path,5,1,2.0,3
Path,5,1,4.0,7
Path,5,1,4.0,13
Path,5,1,2.0,3
Path,5,1,3.0,6
Path,5,1,3.0,4
Path,5,1,4.0,9
Path,5,1,3.0,12
Path,5,1,4.0,11
Path,5,1,4.0,5
Path,5,1,1.0,4
Path,5,1,3.0,6
Path,5,1,2.0,5
Path,5,1,2.0,23
Path,5,1,3.0,4
Path,5,1,3.0,2
Path,5,1,2.0,3
Path,5,1,3.0,6
Path,5,1,2.0,7
Path,5,1,2.0,3
Path,5,1,3.0,10
Path,5,1,2.0,5
Path,5,1,1.0,14
Path,5,1,4.0,7
Path,5,1,3.0,2
Path,5,1,4.0,9
Path,5,1,1.0,4
Path,5,1,3.0,6
Path,5,1,2.0,19
Path,5,1,4.0,9
Path,5,1,3.0,12
Path,5,1,3.0,4
Path,5,1,2.0,3
Path,5,1,3.0,6
Path,5,1,3.0,6
Path,5,1,2.0,3
Path,5,1,2.0,9
Path,5,1,2.0,5
Path,5,1,1.0,4
Path,5,1,3.0,18
Path,5,1,3.0,8
Path,5,1,1.0,4
Path,5,1,3.0,8
Path,5,1,1.0,10
Path,5,1,2.0,5
Path,5,1,1.0,16
Path,5,1,3.0,2
Path,5,1,3.0,2
Path,5,1,3.0,2
Path,5,1,2.0,7
Path,5,1,3.0,2
Path,5,2,,30
Path,5,2,,30
Path,5,2,,30
Path,5,2,,30
Path,5,2,,30
Path,5,2,,30
Path,5,2,,30
Path,5,2,,30
Path,5,2,,30
Path,5,2,,30
Path,5,2,,30
Path,5,2,,30
Path,5,2,,30
Path,5,2,,30
Path,5,2,,30
Path,5,2,,30
Path,5,2,,30
Path,5,2,,30
Path,5,2,,30
Path,5,2,,30
Path,5,2,,30
Path,5,2,,30
Path,5,2,,30
Path,5,2,,30
Path,5,2,,30
Path,5,2,,30
Path,5,2,,30
Path,5,2,,30
Path,5,2,,30
Path,5,2,,30
Path,5,2,,30
Path,5,2,,30
Path,5,2,,30
Path,5,2,,30
Path,5,2,,30
Path,5,2,,30
Path,5,2,,30
Path,5,2,,30
Path,5,2,,30
Path,5,2,,30
Path,5,2,,30
Path,5,2,,30
Path,5,2,,30
Path,5,2,,30
Path,5,2,,30
Path,5,2,,30
Path,5,2,,30
Path,5,2,,30
Path,5,2,,30
Path,5,2,,30
Path,5,2,,30
Path,5,2,,30
Path,5,2,,30
Path,5,2,,30
Path,5,2,,30
Path,5,2,,30
Path,5,2,,30
Path,5,2,,30
Path,5,2,,30
Path,5,2,,30
Path,5,2,,30
Path,5,2,,30
Path,5,2,,30
Path,5,2,,30
Path,5,2,,30
Path,5,2,,30
Path,5,2,,30
Path,5,2,,30
Path,5,2,,30
Path,5,2,,30
Path,5,2,,30
Path,5,2,,30
Path,5,2,,30
Path,5,2,,30
Path,5,2,,30
Path,5,2,,30
Path,5,2,,30
Path,5,2,,30
Path,5,2,,30
Path,5,2,,30
Path,5,2,,30
Path,5,2,,30
Path,5,2,,30
Path,5,2,,30
Path,5,2,,30
Path,5,2,,30
Path,5,2,,30
Path,5,2,,30
Path,5,2,,30
Path,5,2,,30
Path,5,2,,30
Path,5,2,,30
Path,5,2,,30
Path,5,2,,30
Path,5,2,,30
Path,5,2,,30
Path,5,2,,30
Path,5,2,,30
Path,5,2,,30
Path,5,2,,30
Path,5,3,3.0,6
Path,5,3,4.0,3
Path,5,3,3.0,4
Path,5,3,4.0,1
Path,5,3,1.0,4
Path,5,3,4.0,1
Path,5,3,4.0,1
Path,5,3,3.0,4
Path,5,3,4.0,1
Path,5,3,4.0,1
Path,5,3,3.0,2
Path,5,3,3.0,4
Path,5,3,4.0,1
Path,5,3,4.0,1
Path,5,3,4.0,1
Path,5,3,2.0,11
Path,5,3,3.0,4
Path,5,3,3.0,8
Path,5,3,4.0,1
Path,5,3,4.0,1
Path,5,3,4.0,1
Path,5,3,3.0,2
Path,5,3,4.0,5
Path,5,3,3.0,4
Path,5,3,4.0,1
Path,5,3,4.0,1
Path,5,3,1.0,4
Path,5,3,3.0,2
Path,5,3,3.0,8
Path,5,3,4.0,1
Path,5,3,3.0,2
Path,5,3,4.0,3
Path,5,3,1.0,4
Path,5,3,4.0,1
Path,5,3,3.0,2
Path,5,3,4.0,1
Path,5,3,4.0,1
Path,5,3,3.0,6
Path,5,3,4.0,1
Path,5,3,4.0,1
Path,5,3,4.0,3
Path,5,3,4.0,1
Path,5,3,4.0,3
Path,5,3,4.0,1
Path,5,3,4.0,1
Path,5,3,4.0,3
Path,5,3,4.0,1
Path,5,3,4.0,9
Path,5,3,2.0,5
Path,5,3,4.0,1
Path,5,3,4.0,1
Path,5,3,3.0,4
Path,5,3,4.0,1
Path,5,3,4.0,1
Path,5,3,3.0,4
Path,5,3,4.0,1
Path,5,3,4.0,1
Path,5,3,2.0,7
Path,5,3,4.0,1
Path,5,3,4.0,1
Path,5,3,4.0,3
Path,5,3,4.0,1
Path,5,3,3.0,22
Path,5,3,4.0,3
Path,5,3,4.0,1
Path,5,3,2.0,5
Path,5,3,4.0,1
Path,5,3,4.0,3
Path,5,3,4.0,1
Path,5,3,4.0,1
Path,5,3,4.0,3
Path,5,3,1.0,4
Path,5,3,4.0,1
Path,5,3,2.0,3
Path,5,3,3.0,2
Path,5,3,3.0,4
Path,5,3,4.0,1
Path,5,3,4.0,1
Path,5,3,2.0,5
Path,5,3,4.0,1
Path,5,3,4.0,1
Path,5,3,2.0,9
Path,5,3,4.0,3
Path,5,3,4.0,1
Path,5,3,4.0,1
Path,5,3,4.0,1
Path,5,3,4.0,1
Path,5,3,4.0,1
Path,5,3,3.0,2
Path,5,3,4.0,1
Path,5,3,3.0,14
Path,5,3,4.0,1
Path,5,3,3.0,4
Path,5,3,3.0,2
Path,5,3,4.0,1
Path,5,3,4.0,1
Path,5,3,4.0,1
Path,5,3,3.0,2
Path,5,3,3.0,2
Path,5,3,2.0,5
Path,5,4,,30
Path,5,4,,30
Path,5,4,,30
Path,5,4,,30
Path,5,4,,30
Path,5,4,,30
Path,5,4,,30
Path,5,4,,30
Path,5,4,,30
Path,5,4,,30
Path,5,4,,30
Path,5,4,,30
Path,5,4,,30
Path,5,4,,30
Path,5,4,,30
Path,5,4,,30
Path,5,4,,30
Path,5,4,,30
Path,5,4,,30
Path,5,4,,30
Path,5,4,,30
Path,5,4,,30
Path,5,4,,30
Path,5,4,,30
Path,5,4,,30
Path,5,4,,30
Path,5,4,,30
Path,5,4,,30
Path,5,4,,30
Path,5,4,,30
Path,5,4,,30
Path,5,4,,30
Path,5,4,,30
Path,5,4,,30
Path,5,4,,30
Path,5,4,,30
Path,5,4,,30
Path,5,4,,30
Path,5,4,,30
Path,5,4,,30
Path,5,4,,30
Path,5,4,,30
Path,5,4,,30
Path,5,4,,30
Path,5,4,,30
Path,5,4,,30
Path,5,4,,30
Path,5,4,,30
Path,5,4,,30
Path,5,4,,30
Path,5,4,,30
Path,5,4,,30
Path,5,4,,30
Path,5,4,,30
Path,5,4,,30
Path,5,4,,30
Path,5,4,,30
Path,5,4,,30
Path,5,4,,30
Path,5,4,,30
Path,5,4,,30
Path,5,4,,30
Path,5,4,,30
Path,5,4,,30
Path,5,4,,30
Path,5,4,,30
Path,5,4,,30
Path,5,4,,30
Path,5,4,,30
Path,5,4,,30
Path,5,4,,30
Path,5,4,,30
Path,5,4,,30
Path,5,4,,30
Path,5,4,,30
Path,5,4,,30
Path,5,4,,30
Path,5,4,,30
Path,5,4,,30
Path,5,4,,30
Path,5,4,,30
Path,5,4,,30
Path,5,4,,30
Path,5,4,,30
Path,5,4,,30
Path,5,4,,30
Path,5,4,,30
Path,5,4,,30
Path,5,4,,30
Path,5,4,,30
Path,5,4,,30
Path,5,4,,30
Path,5,4,,30
Path,5,4,,30
Path,5,4,,30
Path,5,4,,30
Path,5,4,,30
Path,5,4,,30
Path,5,4,,30
Path,5,4,,30
Path,5,5,4.0,1
Path,5,5,4.0,1
Path,5,5,4.0,1
Path,5,5,4.0,1
Path,5,5,4.0,1
Path,5,5,4.0,1
Path,5,5,4.0,1
Path,5,5,4.0,1
Path,5,5,4.0,1
Path,5,5,4.0,1
Path,5,5,4.0,1
Path,5,5,4.0,1
Path,5,5,4.0,1
Path,5,5,4.0,1
Path,5,5,4.0,1
Path,5,5,4.0,1
Path,5,5,4.0,1
Path,5,5,4.0,1
Path,5,5,4.0,1
Path,5,5,4.0,1
Path,5,5,4.0,1
Path,5,5,4.0,1
Path,5,5,4.0,1
Path,5,5,4.0,1
Path,5,5,4.0,1
Path,5,5,4.0,1
Path,5,5,4.0,1
Path,5,5,4.0,1
Path,5,5,4.0,1
Path,5,5,4.0,1
Path,5,5,4.0,1
Path,5,5,4.0,1
Path,5,5,4.0,1
Path,5,5,4.0,1
Path,5,5,4.0,1
Path,5,5,4.0,1
Path,5,5,4.0,1
Path,5,5,4.0,1
Path,5,5,4.0,1
Path,5,5,4.0,1
Path,5,5,4.0,1
Path,5,5,4.0,1
Path,5,5,4.0,1
Path,5,5,4.0,1
Path,5,5,4.0,1
Path,5,5,4.0,1
Path,5,5,4.0,1
Path,5,5,4.0,1
Path,5,5,4.0,1
Path,5,5,4.0,1
Path,5,5,4.0,1
Path,5,5,4.0,1
Path,5,5,4.0,1
Path,5,5,4.0,1
Path,5,5,4.0,1
Path,5,5,4.0,1
Path,5,5,4.0,1
Path,5,5,4.0,1
Path,5,5,4.0,1
Path,5,5,4.0,1
Path,5,5,4.0,1
Path,5,5,4.0,1
Path,5,5,4.0,1
Path,5,5,4.0,1
Path,5,5,4.0,1
Path,5,5,4.0,1
Path,5,5,4.0,1
Path,5,5,4.0,1
Path,5,5,4.0,1
Path,5,5,4.0,1
Path,5,5,4.0,1
Path,5,5,4.0,1
Path,5,5,4.0,1
Path,5,5,4.0,1
Path,5,5,4.0,1
Path,5,5,4.0,1
Path,5,5,4.0,1
Path,5,5,4.0,1
Path,5,5,4.0,1
Path,5,5,4.0,1
Path,5,5,4.0,1
Path,5,5,4.0,1
Path,5,5,4.0,1
Path,5,5,4.0,1
Path,5,5,4.0,1
Path,5,5,4.0,1
Path,5,5,4.0,1
Path,5,5,4.0,1
Path,5,5,4.0,1
Path,5,5,4.0,1
Path,5,5,4.0,1
Path,5,5,4.0,1
Path,5,5,4.0,1
Path,5,5,4.0,1
Path,5,5,4.0,1
Path,5,5,4.0,1
Path,5,5,4.0,1
Path,5,5,4.0,1
Path,5,5,4.0,1
Path,5,5,4.0,1
Ring,0,0,3.0,3
Ring,0,0,1.0,1
Ring,0,0,3.0,3
Ring,0,0,2.0,8
Ring,0,0,0.0,2
Ring,0,0,5.0,1
Ring,0,0,1.0,1
Ring,0,0,0.0,2
Ring,0,0,1.0,1
Ring,0,0,2.0,6
Ring,0,0,3.0,7
Ring,0,0,5.0,1
Ring,0,0,3.0,3
Ring,0,0,0.0,2
Ring,0,0,1.0,3
Ring,0,0,2.0,8
Ring,0,0,1.0,1
Ring,0,0,1.0,1
Ring,0,0,1.0,1
Ring,0,0,1.0,9
Ring,0,0,5.0,1
Ring,0,0,5.0,1
Ring,0,0,5.0,1
Ring,0,0,5.0,1
Ring,0,0,5.0,1
Ring,0,0,0.0,6
Ring,0,0,3.0,13
Ring,0,0,2.0,10
Ring,0,0,1.0,17
Ring,0,0,5.0,1
Ring,0,0,1.0,1
Ring,0,0,1.0,1
Ring,0,0,1.0,1
Ring,0,0,5.0,1
Ring,0,0,1.0,1
Ring,0,0,0.0,2
Ring,0,0,1.0,1
Ring,0,0,1.0,1
Ring,0,0,2.0,4
Ring,0,0,3.0,3
Ring,0,0,5.0,1
Ring,0,0,3.0,3
Ring,0,0,5.0,1
Ring,0,0,2.0,4
Ring,0,0,0.0,2
Ring,0,0,2.0,4
Ring,0,0,5.0,1
Ring,0,0,0.0,2
Ring,0,0,1.0,1
Ring,0,0,0.0,2
Ring,0,0,1.0,1
Ring,0,0,5.0,1
Ring,0,0,1.0,3
Ring,0,0,1.0,1
Ring,0,0,3.0,3
Ring,0,0,5.0,1
Ring,0,0,1.0,5
Ring,0,0,1.0,1
Ring,0,0,5.0,1
Ring,0,0,3.0,3
Ring,0,0,5.0,3
Ring,0,0,0.0,2
Ring,0,0,1.0,1
Ring,0,0,1.0,5
Ring,0,0,5.0,1
Ring,0,0,1.0,1
Ring,0,0,2.0,6
Ring,0,0,1.0,1
Ring,0,0,1.0,1
Ring,0,0,4.0,10
Ring,0,0,3.0,11
Ring,0,0,5.0,5
Ring,0,0,1.0,3
Ring,0,0,5.0,1
Ring,0,0,4.0,18
Ring,0,0,0.0,2
Ring,0,0,3.0,9
Ring,0,0,5.0,1
Ring,0,0,1.0,7
Ring,0,0,5.0,1
Ring,0,0,5.0,1
Ring,0,0,1.0,3
Ring,0,0,5.0,1
Ring,0,0,1.0,1
Ring,0,0,0.0,2
Ring,0,0,0.0,2
Ring,0,0,3.0,3
Ring,0,0,0.0,6
Ring,0,0,0.0,2
Ring,0,0,0.0,2
Ring,0,0,4.0,4
Ring,0,0,5.0,1
Ring,0,0,0.0,2
Ring,0,0,1.0,1
Ring,0,0,1.0,7
Ring,0,0,1.0,1
Ring,0,0,5.0,3
Ring,0,0,5.0,3
Ring,0,0,5.0,5
Ring,0,0,4.0,8
Ring,0,1,,30
Ring,0,1,,30
Ring,0,1,,30
Ring,0,1,,30
Ring,0,1,,30
Ring,0,1,,30
Ring,0,1,,30
Ring,0,1,,30
Ring,0,1,,30
Ring,0,1,,30
Ring,0,1,,30
Ring,0,1,,30
Ring,0,1,,30
Ring,0,1,,30
Ring,0,1,,30
Ring,0,1,,30
Ring,0,1,,30
Ring,0,1,,30
Ring,0,1,,30
Ring,0,1,,30
Ring,0,1,,30
Ring,0,1,,30
Ring,0,1,,30
Ring,0,1,,30
Ring,0,1,,30
Ring,0,1,,30
Ring,0,1,,30
Ring,0,1,,30
Ring,0,1,,30
Ring,0,1,,30
Ring,0,1,,30
Ring,0,1,,30
Ring,0,1,,30
Ring,0,1,,30
Ring,0,1,,30
Ring,0,1,,30
Ring,0,1,,30
Ring,0,1,,30
Ring,0,1,,30
Ring,0,1,,30
Ring,0,1,,30
Ring,0,1,,30
Ring,0,1,,30
Ring,0,1,,30
Ring,0,1,,30
Ring,0,1,,30
Ring,0,1,,30
Ring,0,1,,30
Ring,0,1,,30
Ring,0,1,,30
Ring,0,1,,30
Ring,0,1,,30
Ring,0,1,,30
Ring,0,1,,30
Ring,0,1,,30
Ring,0,1,,30
Ring,0,1,,30
Ring,0,1,,30
Ring,0,1,,30
Ring,0,1,,30
Ring,0,1,,30
Ring,0,1,,30
Ring,0,1,,30
Ring,0,1,,30
Ring,0,1,,30
Ring,0,1,,30
Ring,0,1,,30
Ring,0,1,,30
Ring,0,1,,30
Ring,0,1,,30
Ring,0,1,,30
Ring,0,1,,30
Ring,0,1,,30
Ring,0,1,,30
Ring,0,1,,30
Ring,0,1,,30
Ring,0,1,,30
Ring,0,1,,30
Ring,0,1,,30
Ring,0,1,,30
Ring,0,1,,30
Ring,0,1,,30
Ring,0,1,,30
Ring,0,1,,30
Ring,0,1,,30
Ring,0,1,,30
Ring,0,1,,30
Ring,0,1,,30
Ring,0,1,,30
Ring,0,1,,30
Ring,0,1,,30
Ring,0,1,,30
Ring,0,1,,30
Ring,0,1,,30
Ring,0,1,,30
Ring,0,1,,30
Ring,0,1,,30
Ring,0,1,,30
Ring,0,1,,30
Ring,0,1,,30
Ring,0,2,5.0,5
Ring,0,2,4.0,8
Ring,0,2,2.0,2
Ring,0,2,0.0,6
Ring,0,2,4.0,6
Ring,0,2,1.0,3
Ring,0,2,1.0,1
Ring,0,2,1.0,1
Ring,0,2,1.0,7
Ring,0,2,4.0,2
Ring,0,2,2.0,4
Ring,0,2,4.0,8
Ring,0,2,0.0,10
Ring,0,2,1.0,1
Ring,0,2,3.0,5
Ring,0,2,1.0,1
Ring,0,2,1.0,1
Ring,0,2,0.0,4
Ring,0,2,1.0,1
Ring,0,2,1.0,1
Ring,0,2,5.0,3
Ring,0,2,5.0,3
Ring,0,2,0.0,2
Ring,0,2,2.0,2
Ring,0,2,0.0,8
Ring,0,2,4.0,2
Ring,0,2,4.0,2
Ring,0,2,3.0,7
Ring,0,2,3.0,5
Ring,0,2,1.0,1
Ring,0,2,5.0,7
Ring,0,2,1.0,1
Ring,0,2,5.0,5
Ring,0,2,1.0,1
Ring,0,2,2.0,2
Ring,0,2,1.0,1
Ring,0,2,3.0,3
Ring,0,2,1.0,1
Ring,0,2,0.0,2
Ring,0,2,4.0,6
Ring,0,2,0.0,2
Ring,0,2,4.0,2
Ring,0,2,1.0,5
Ring,0,2,0.0,4
Ring,0,2,2.0,6
Ring,0,2,5.0,5
Ring,0,2,5.0,9
Ring,0,2,1.0,1
Ring,0,2,1.0,1
Ring,0,2,4.0,4
Ring,0,2,3.0,5
Ring,0,2,2.0,6
Ring,0,2,3.0,5
Ring,0,2,4.0,2
Ring,0,2,2.0,4
Ring,0,2,1.0,7
Ring,0,2,4.0,10
Ring,0,2,2.0,10
Ring,0,2,4.0,2
Ring,0,2,4.0,6
Ring,0,2,0.0,2
Ring,0,2,0.0,4
Ring,0,2,4.0,6
Ring,0,2,2.0,2
Ring,0,2,4.0,4
Ring,0,2,1.0,9
Ring,0,2,2.0,6
Ring,0,2,1.0,1
Ring,0,2,4.0,8
Ring,0,2,1.0,9
Ring,0,2,3.0,3
Ring,0,2,2.0,14
Ring,0,2,1.0,3
Ring,0,2,1.0,1
Ring,0,2,5.0,3
Ring,0,2,3.0,7
Ring,0,2,0.0,2
Ring,0,2,2.0,2
Ring,0,2,0.0,2
Ring,0,2,1.0,1
Ring,0,2,2.0,2
Ring,0,2,2.0,2
Ring,0,2,1.0,1
Ring,0,2,1.0,1
Ring,0,2,4.0,4
Ring,0,2,0.0,4
Ring,0,2,2.0,6
Ring,0,2,5.0,3
Ring,0,2,3.0,19
Ring,0,2,4.0,4
Ring,0,2,2.0,2
Ring,0,2,2.0,4
Ring,0,2,3.0,3
Ring,0,2,1.0,1
Ring,0,2,1.0,1
Ring,0,2,2.0,2
Ring,0,2,1.0,3
Ring,0,2,1.0,1
Ring,0,2,1.0,1
Ring,0,2,2.0,2
Ring,0,3,,30
Ring,0,3,,30
Ring,0,3,,30
Ring,0,3,,30
Ring,0,3,,30
Ring,0,3,,30
Ring,0,3,,30
Ring,0,3,,30
Ring,0,3,,30
Ring,0,3,,30
Ring,0,3,,30
Ring,0,3,,30
Ring,0,3,,30
Ring,0,3,,30
Ring,0,3,,30
Ring,0,3,,30
Ring,0,3,,30
Ring,0,3,,30
Ring,0,3,,30
Ring,0,3,,30
Ring,0,3,,30
Ring,0,3,,30
Ring,0,3,,30
Ring,0,3,,30
Ring,0,3,,30
Ring,0,3,,30
Ring,0,3,,30
Ring,0,3,,30
Ring,0,3,,30
Ring,0,3,,30
Ring,0,3,,30
Ring,0,3,,30
Ring,0,3,,30
Ring,0,3,,30
Ring,0,3,,30
Ring,0,3,,30
Ring,0,3,,30
Ring,0,3,,30
Ring,0,3,,30
Ring,0,3,,30
Ring,0,3,,30
Ring,0,3,,30
Ring,0,3,,30
Ring,0,3,,30
Ring,0,3,,30
Ring,0,3,,30
Ring,0,3,,30
Ring,0,3,,30
Ring,0,3,,30
Ring,0,3,,30
Ring,0,3,,30
Ring,0,3,,30
Ring,0,3,,30
Ring,0,3,,30
Ring,0,3,,30
Ring,0,3,,30
Ring,0,3,,30
Ring,0,3,,30
Ring,0,3,,30
Ring,0,3,,30
Ring,0,3,,30
Ring,0,3,,30
Ring,0,3,,30
Ring,0,3,,30
Ring,0,3,,30
Ring,0,3,,30
Ring,0,3,,30
Ring,0,3,,30
Ring,0,3,,30
Ring,0,3,,30
Ring,0,3,,30
Ring,0,3,,30
Ring,0,3,,30
Ring,0,3,,30
Ring,0,3,,30
Ring,0,3,,30
Ring,0,3,,30
Ring,0,3,,30
Ring,0,3,,30
Ring,0,3,,30
Ring,0,3,,30
Ring,0,3,,30
Ring,0,3,,30
Ring,0,3,,30
Ring,0,3,,30
Ring,0,3,,30
Ring,0,3,,30
Ring,0,3,,30
Ring,0,3,,30
Ring,0,3,,30
Ring,0,3,,30
Ring,0,3,,30
Ring,0,3,,30
Ring,0,3,,30
Ring,0,3,,30
Ring,0,3,,30
Ring,0,3,,30
Ring,0,3,,30
Ring,0,3,,30
Ring,0,3,,30
Ring,0,4,2.0,6
Ring,0,4,4.0,4
Ring,0,4,0.0,2
Ring,0,4,3.0,3
Ring,0,4,1.0,3
Ring,0,4,5.0,1
Ring,0,4,0.0,2
Ring,0,4,2.0,8
Ring,0,4,0.0,6
Ring,0,4,0.0,10
Ring,0,4,2.0,8
Ring,0,4,5.0,1
Ring,0,4,1.0,11
Ring,0,4,0.0,8
Ring,0,4,0.0,8
Ring,0,4,1.0,3
Ring,0,4,3.0,9
Ring,0,4,5.0,1
Ring,0,4,2.0,2
Ring,0,4,2.0,2
Ring,0,4,4.0,6
Ring,0,4,2.0,6
Ring,0,4,3.0,5
Ring,0,4,4.0,2
Ring,0,4,0.0,2
Ring,0,4,3.0,5
Ring,0,4,4.0,4
Ring,0,4,5.0,1
Ring,0,4,1.0,3
Ring,0,4,4.0,4
Ring,0,4,1.0,5
Ring,0,4,2.0,4
Ring,0,4,5.0,5
Ring,0,4,5.0,1
Ring,0,4,4.0,2
Ring,0,4,5.0,11
Ring,0,4,5.0,1
Ring,0,4,3.0,7
Ring,0,4,4.0,2
Ring,0,4,3.0,9
Ring,0,4,1.0,3
Ring,0,4,3.0,13
Ring,0,4,5.0,1
Ring,0,4,2.0,6
Ring,0,4,0.0,4
Ring,0,4,1.0,7
Ring,0,4,0.0,10
Ring,0,4,5.0,3
Ring,0,4,5.0,1
Ring,0,4,4.0,6
Ring,0,4,0.0,6
Ring,0,4,3.0,9
Ring,0,4,5.0,1
Ring,0,4,0.0,4
Ring,0,4,2.0,4
Ring,0,4,4.0,6
Ring,0,4,2.0,2
Ring,0,4,5.0,1
Ring,0,4,0.0,2
Ring,0,4,0.0,2
Ring,0,4,3.0,5
Ring,0,4,0.0,8
Ring,0,4,5.0,1
Ring,0,4,4.0,4
Ring,0,4,4.0,4
Ring,0,4,1.0,3
Ring,0,4,5.0,7
Ring,0,4,5.0,13
Ring,0,4,0.0,4
Ring,0,4,3.0,3
Ring,0,4,3.0,7
Ring,0,4,1.0,3
Ring,0,4,4.0,6
Ring,0,4,5.0,1
Ring,0,4,0.0,2
Ring,0,4,5.0,1
Ring,0,4,3.0,3
Ring,0,4,2.0,2
Ring,0,4,5.0,1
Ring,0,4,1.0,9
Ring,0,4,0.0,4
Ring,0,4,5.0,1
Ring,0,4,4.0,12
Ring,0,4,5.0,1
Ring,0,4,5.0,1
Ring,0,4,4.0,4
Ring,0,4,1.0,3
Ring,0,4,0.0,2
Ring,0,4,4.0,2
Ring,0,4,3.0,3
Ring,0,4,0.0,4
Ring,0,4,5.0,3
Ring,0,4,5.0,1
Ring,0,4,4.0,4
Ring,0,4,0.0,6
Ring,0,4,4.0,12
Ring,0,4,4.0,10
Ring,0,4,0.0,2
Ring,0,4,5.0,17
Ring,0,4,2.0,4
Ring,0,5,,30
Ring,0,5,,30
Ring,0,5,,30
Ring,0,5,,30
Ring,0,5,,30
Ring,0,5,,30
Ring,0,5,,30
Ring,0,5,,30
Ring,0,5,,30
Ring,0,5,,30
Ring,0,5,,30
Ring,0,5,,30
Ring,0,5,,30
Ring,0,5,,30
Ring,0,5,,30
Ring,0,5,,30
Ring,0,5,,30
Ring,0,5,,30
Ring,0,5,,30
Ring,0,5,,30
Ring,0,5,,30
Ring,0,5,,30
Ring,0,5,,30
Ring,0,5,,30
Ring,0,5,,30
Ring,0,5,,30
Ring,0,5,,30
Ring,0,5,,30
Ring,0,5,,30
Ring,0,5,,30
Ring,0,5,,30
Ring,0,5,,30
Ring,0,5,,30
Ring,0,5,,30
Ring,0,5,,30
Ring,0,5,,30
Ring,0,5,,30
Ring,0,5,,30
Ring,0,5,,30
Ring,0,5,,30
Ring,0,5,,30
Ring,0,5,,30
Ring,0,5,,30
Ring,0,5,,30
Ring,0,5,,30
Ring,0,5,,30
Ring,0,5,,30
Ring,0,5,,30
Ring,0,5,,30
Ring,0,5,,30
Ring,0,5,,30
Ring,0,5,,30
Ring,0,5,,30
Ring,0,5,,30
Ring,0,5,,30
Ring,0,5,,30
Ring,0,5,,30
Ring,0,5,,30
Ring,0,5,,30
Ring,0,5,,30
Ring,0,5,,30
Ring,0,5,,30
Ring,0,5,,30
Ring,0,5,,30
Ring,0,5,,30
Ring,0,5,,30
Ring,0,5,,30
Ring,0,5,,30
Ring,0,5,,30
Ring,0,5,,30
Ring,0,5,,30
Ring,0,5,,30
Ring,0,5,,30
Ring,0,5,,30
Ring,0,5,,30
Ring,0,5,,30
Ring,0,5,,30
Ring,0,5,,30
Ring,0,5,,30
Ring,0,5,,30
Ring,0,5,,30
Ring,0,5,,30
Ring,0,5,,30
Ring,0,5,,30
Ring,0,5,,30
Ring,0,5,,30
Ring,0,5,,30
Ring,0,5,,30
Ring,0,5,,30
Ring,0,5,,30
Ring,0,5,,30
Ring,0,5,,30
Ring,0,5,,30
Ring,0,5,,30
Ring,0,5,,30
Ring,0,5,,30
Ring,0,5,,30
Ring,0,5,,30
Ring,0,5,,30
Ring,0,5,,30
Ring,1,0,,30
Ring,1,0,,30
Ring,1,0,,30
Ring,1,0,,30
Ring,1,0,,30
Ring,1,0,,30
Ring,1,0,,30
Ring,1,0,,30
Ring,1,0,,30
Ring,1,0,,30
Ring,1,0,,30
Ring,1,0,,30
Ring,1,0,,30
Ring,1,0,,30
Ring,1,0,,30
Ring,1,0,,30
Ring,1,0,,30
Ring,1,0,,30
Ring,1,0,,30
Ring,1,0,,30
Ring,1,0,,30
Ring,1,0,,30
Ring,1,0,,30
Ring,1,0,,30
Ring,1,0,,30
Ring,1,0,,30
Ring,1,0,,30
Ring,1,0,,30
Ring,1,0,,30
Ring,1,0,,30
Ring,1,0,,30
Ring,1,0,,30
Ring,1,0,,30
Ring,1,0,,30
Ring,1,0,,30
Ring,1,0,,30
Ring,1,0,,30
Ring,1,0,,30
Ring,1,0,,30
Ring,1,0,,30
Ring,1,0,,30
Ring,1,0,,30
Ring,1,0,,30
Ring,1,0,,30
Ring,1,0,,30
Ring,1,0,,30
Ring,1,0,,30
Ring,1,0,,30
Ring,1,0,,30
Ring,1,0,,30
Ring,1,0,,30
Ring,1,0,,30
Ring,1,0,,30
Ring,1,0,,30
Ring,1,0,,30
Ring,1,0,,30
Ring,1,0,,30
Ring,1,0,,30
Ring,1,0,,30
Ring,1,0,,30
Ring,1,0,,30
Ring,1,0,,30
Ring,1,0,,30
Ring,1,0,,30
Ring,1,0,,30
Ring,1,0,,30
Ring,1,0,,30
Ring,1,0,,30
Ring,1,0,,30
Ring,1,0,,30
Ring,1,0,,30
Ring,1,0,,30
Ring,1,0,,30
Ring,1,0,,30
Ring,1,0,,30
Ring,1,0,,30
Ring,1,0,,30
Ring,1,0,,30
Ring,1,0,,30
Ring,1,0,,30
Ring,1,0,,30
Ring,1,0,,30
Ring,1,0,,30
Ring,1,0,,30
Ring,1,0,,30
Ring,1,0,,30
Ring,1,0,,30
Ring,1,0,,30
Ring,1,0,,30
Ring,1,0,,30
Ring,1,0,,30
Ring,1,0,,30
Ring,1,0,,30
Ring,1,0,,30
Ring,1,0,,30
Ring,1,0,,30
Ring,1,0,,30
Ring,1,0,,30
Ring,1,0,,30
Ring,1,0,,30
Ring,1,1,1.0,2
Ring,1,1,5.0,4
Ring,1,1,1.0,2
Ring,1,1,2.0,1
Ring,1,1,1.0,4
Ring,1,1,0.0,1
Ring,1,1,2.0,1
Ring,1,1,2.0,1
Ring,1,1,0.0,1
Ring,1,1,0.0,1
Ring,1,1,2.0,11
Ring,1,1,1.0,2
Ring,1,1,3.0,4
Ring,1,1,3.0,8
Ring,1,1,0.0,3
Ring,1,1,0.0,1
Ring,1,1,0.0,11
Ring,1,1,1.0,2
Ring,1,1,3.0,8
Ring,1,1,2.0,1
Ring,1,1,2.0,1
Ring,1,1,3.0,14
Ring,1,1,1.0,4
Ring,1,1,2.0,1
Ring,1,1,2.0,1
Ring,1,1,2.0,1
Ring,1,1,2.0,9
Ring,1,1,0.0,1
Ring,1,1,1.0,10
Ring,1,1,0.0,5
Ring,1,1,0.0,1
Ring,1,1,2.0,1
Ring,1,1,2.0,1
Ring,1,1,0.0,1
Ring,1,1,0.0,1
Ring,1,1,1.0,2
Ring,1,1,1.0,2
Ring,1,1,4.0,7
Ring,1,1,2.0,1
Ring,1,1,2.0,1
Ring,1,1,4.0,5
Ring,1,1,2.0,1
Ring,1,1,3.0,4
Ring,1,1,1.0,2
Ring,1,1,0.0,1
Ring,1,1,0.0,1
Ring,1,1,1.0,2
Ring,1,1,0.0,11
Ring,1,1,2.0,3
Ring,1,1,0.0,1
Ring,1,1,2.0,1
Ring,1,1,0.0,1
Ring,1,1,0.0,1
Ring,1,1,0.0,1
Ring,1,1,5.0,4
Ring,1,1,2.0,1
Ring,1,1,3.0,10
Ring,1,1,2.0,3
Ring,1,1,0.0,1
Ring,1,1,2.0,1
Ring,1,1,1.0,2
Ring,1,1,2.0,1
Ring,1,1,2.0,1
Ring,1,1,2.0,1
Ring,1,1,1.0,2
Ring,1,1,1.0,4
Ring,1,1,0.0,3
Ring,1,1,4.0,3
Ring,1,1,0.0,1
Ring,1,1,0.0,1
Ring,1,1,0.0,1
Ring,1,1,1.0,4
Ring,1,1,0.0,7
Ring,1,1,2.0,1
Ring,1,1,3.0,10
Ring,1,1,0.0,1
Ring,1,1,2.0,1
Ring,1,1,1.0,2
Ring,1,1,2.0,1
Ring,1,1,1.0,4
Ring,1,1,1.0,2
Ring,1,1,1.0,6
Ring,1,1,0.0,1
Ring,1,1,1.0,2
Ring,1,1,4.0,21
Ring,1,1,0.0,1
Ring,1,1,0.0,1
Ring,1,1,2.0,7
Ring,1,1,4.0,3
Ring,1,1,0.0,1
Ring,1,1,1.0,10
Ring,1,1,1.0,4
Ring,1,1,1.0,2
Ring,1,1,2.0,3
Ring,1,1,2.0,1
Ring,1,1,2.0,1
Ring,1,1,0.0,1
Ring,1,1,1.0,2
Ring,1,1,3.0,10
Ring,1,1,0.0,1
Ring,1,2,,30
Ring,1,2,,30
Ring,1,2,,30
Ring,1,2,,30
Ring,1,2,,30
Ring,1,2,,30
Ring,1,2,,30
Ring,1,2,,30
Ring,1,2,,30
Ring,1,2,,30
Ring,1,2,,30
Ring,1,2,,30
Ring,1,2,,30
Ring,1,2,,30
Ring,1,2,,30
Ring,1,2,,30
Ring,1,2,,30
Ring,1,2,,30
Ring,1,2,,30
Ring,1,2,,30
Ring,1,2,,30
Ring,1,2,,30
Ring,1,2,,30
Ring,1,2,,30
Ring,1,2,,30
Ring,1,2,,30
Ring,1,2,,30
Ring,1,2,,30
Ring,1,2,,30
Ring,1,2,,30
Ring,1,2,,30
Ring,1,2,,30
Ring,1,2,,30
Ring,1,2,,30
Ring,1,2,,30
Ring,1,2,,30
Ring,1,2,,30
Ring,1,2,,30
Ring,1,2,,30
Ring,1,2,,30
Ring,1,2,,30
Ring,1,2,,30
Ring,1,2,,30
Ring,1,2,,30
Ring,1,2,,30
Ring,1,2,,30
Ring,1,2,,30
Ring,1,2,,30
Ring,1,2,,30
Ring,1,2,,30
Ring,1,2,,30
Ring,1,2,,30
Ring,1,2,,30
Ring,1,2,,30
Ring,1,2,,30
Ring,1,2,,30
Ring,1,2,,30
Ring,1,2,,30
Ring,1,2,,30
Ring,1,2,,30
Ring,1,2,,30
Ring,1,2,,30
Ring,1,2,,30
Ring,1,2,,30
Ring,1,2,,30
Ring,1,2,,30
Ring,1,2,,30
Ring,1,2,,30
Ring,1,2,,30
Ring,1,2,,30
Ring,1,2,,30
Ring,1,2,,30
Ring,1,2,,30
Ring,1,2,,30
Ring,1,2,,30
Ring,1,2,,30
Ring,1,2,,30
Ring,1,2,,30
Ring,1,2,,30
Ring,1,2,,30
Ring,1,2,,30
Ring,1,2,,30
Ring,1,2,,30
Ring,1,2,,30
Ring,1,2,,30
Ring,1,2,,30
Ring,1,2,,30
Ring,1,2,,30
Ring,1,2,,30
Ring,1,2,,30
Ring,1,2,,30
Ring,1,2,,30
Ring,1,2,,30
Ring,1,2,,30
Ring,1,2,,30
Ring,1,2,,30
Ring,1,2,,30
Ring,1,2,,30
Ring,1,2,,30
Ring,1,2,,30
Ring,1,3,5.0,6
Ring,1,3,2.0,1
Ring,1,3,2.0,1
Ring,1,3,4.0,7
Ring,1,3,3.0,2
Ring,1,3,2.0,1
Ring,1,3,5.0,2
Ring,1,3,2.0,1
Ring,1,3,2.0,3
Ring,1,3,1.0,8
Ring,1,3,2.0,1
Ring,1,3,1.0,2
Ring,1,3,2.0,1
Ring,1,3,2.0,1
Ring,1,3,1.0,2
Ring,1,3,2.0,1
Ring,1,3,5.0,2
Ring,1,3,2.0,1
Ring,1,3,2.0,13
Ring,1,3,2.0,1
Ring,1,3,5.0,4
Ring,1,3,3.0,4
Ring,1,3,2.0,1
Ring,1,3,5.0,6
Ring,1,3,1.0,2
Ring,1,3,2.0,5
Ring,1,3,4.0,3
Ring,1,3,0.0,3
Ring,1,3,3.0,4
Ring,1,3,2.0,9
Ring,1,3,2.0,1
Ring,1,3,3.0,4
Ring,1,3,5.0,4
Ring,1,3,2.0,1
Ring,1,3,5.0,4
Ring,1,3,2.0,3
Ring,1,3,1.0,2
Ring,1,3,5.0,4
Ring,1,3,2.0,1
Ring,1,3,5.0,2
Ring,1,3,1.0,6
Ring,1,3,3.0,14
Ring,1,3,4.0,5
Ring,1,3,3.0,2
Ring,1,3,4.0,11
Ring,1,3,4.0,3
Ring,1,3,5.0,2
Ring,1,3,2.0,1
Ring,1,3,4.0,11
Ring,1,3,2.0,1
Ring,1,3,2.0,9
Ring,1,3,2.0,1
Ring,1,3,2.0,1
Ring,1,3,2.0,11
Ring,1,3,4.0,3
Ring,1,3,2.0,3
Ring,1,3,1.0,12
Ring,1,3,2.0,1
Ring,1,3,2.0,3
Ring,1,3,4.0,3
Ring,1,3,2.0,1
Ring,1,3,0.0,3
Ring,1,3,2.0,1
Ring,1,3,4.0,5
Ring,1,3,2.0,1
Ring,1,3,2.0,5
Ring,1,3,2.0,3
Ring,1,3,2.0,1
Ring,1,3,2.0,1
Ring,1,3,2.0,1
Ring,1,3,5.0,4
Ring,1,3,4.0,5
Ring,1,3,1.0,6
Ring,1,3,2.0,1
Ring,1,3,5.0,6
Ring,1,3,2.0,1
Ring,1,3,5.0,4
Ring,1,3,2.0,1
Ring,1,3,2.0,5
Ring,1,3,2.0,1
Ring,1,3,2.0,1
Ring,1,3,2.0,1
Ring,1,3,5.0,2
Ring,1,3,1.0,2
Ring,1,3,5.0,2
Ring,1,3,0.0,5
Ring,1,3,5.0,2
Ring,1,3,1.0,2
Ring,1,3,4.0,9
Ring,1,3,0.0,7
Ring,1,3,2.0,25
Ring,1,3,5.0,2
Ring,1,3,0.0,3
Ring,1,3,2.0,1
Ring,1,3,5.0,4
Ring,1,3,4.0,5
Ring,1,3,3.0,2
Ring,1,3,3.0,4
Ring,1,3,2.0,1
Ring,1,3,2.0,1
Ring,1,4,,30
Ring,1,4,,30
Ring,1,4,,30
Ring,1,4,,30
Ring,1,4,,30
Ring,1,4,,30
Ring,1,4,,30
Ring,1,4,,30
Ring,1,4,,30
Ring,1,4,,30
Ring,1,4,,30
Ring,1,4,,30
Ring,1,4,,30
Ring,1,4,,30
Ring,1,4,,30
Ring,1,4,,30
Ring,1,4,,30
Ring,1,4,,30
Ring,1,4,,30
Ring,1,4,,30
Ring,1,4,,30
Ring,1,4,,30
Ring,1,4,,30
Ring,1,4,,30
Ring,1,4,,30
Ring,1,4,,30
Ring,1,4,,30
Ring,1,4,,30
Ring,1,4,,30
Ring,1,4,,30
Ring,1,4,,30
Ring,1,4,,30
Ring,1,4,,30
Ring,1,4,,30
Ring,1,4,,30
Ring,1,4,,30
Ring,1,4,,30
Ring,1,4,,30
Ring,1,4,,30
Ring,1,4,,30
Ring,1,4,,30
Ring,1,4,,30
Ring,1,4,,30
Ring,1,4,,30
Ring,1,4,,30
Ring,1,4,,30
Ring,1,4,,30
Ring,1,4,,30
Ring,1,4,,30
Ring,1,4,,30
Ring,1,4,,30
Ring,1,4,,30
Ring,1,4,,30
Ring,1,4,,30
Ring,1,4,,30
Ring,1,4,,30
Ring,1,4,,30
Ring,1,4,,30
Ring,1,4,,30
Ring,1,4,,30
Ring,1,4,,30
Ring,1,4,,30
Ring,1,4,,30
Ring,1,4,,30
Ring,1,4,,30
Ring,1,4,,30
Ring,1,4,,30
Ring,1,4,,30
Ring,1,4,,30
Ring,1,4,,30
Ring,1,4,,30
Ring,1,4,,30
Ring,1,4,,30
Ring,1,4,,30
Ring,1,4,,30
Ring,1,4,,30
Ring,1,4,,30
Ring,1,4,,30
Ring,1,4,,30
Ring,1,4,,30
Ring,1,4,,30
Ring,1,4,,30
Ring,1,4,,30
Ring,1,4,,30
Ring,1,4,,30
Ring,1,4,,30
Ring,1,4,,30
Ring,1,4,,30
Ring,1,4,,30
Ring,1,4,,30
Ring,1,4,,30
Ring,1,4,,30
Ring,1,4,,30
Ring,1,4,,30
Ring,1,4,,30
Ring,1,4,,30
Ring,1,4,,30
Ring,1,4,,30
Ring,1,4,,30
Ring,1,4,,30
Ring,1,5,1.0,4
Ring,1,5,0.0,5
Ring,1,5,1.0,4
Ring,1,5,0.0,1
Ring,1,5,5.0,4
Ring,1,5,0.0,1
Ring,1,5,3.0,4
Ring,1,5,0.0,1
Ring,1,5,1.0,2
Ring,1,5,5.0,2
Ring,1,5,3.0,4
Ring,1,5,0.0,1
Ring,1,5,5.0,2
Ring,1,5,3.0,2
Ring,1,5,2.0,13
Ring,1,5,2.0,3
Ring,1,5,0.0,1
Ring,1,5,0.0,5
Ring,1,5,0.0,7
Ring,1,5,5.0,2
Ring,1,5,5.0,4
Ring,1,5,3.0,12
Ring,1,5,4.0,3
Ring,1,5,0.0,1
Ring,1,5,0.0,1
Ring,1,5,5.0,2
Ring,1,5,1.0,12
Ring,1,5,4.0,5
Ring,1,5,0.0,1
Ring,1,5,1.0,6
Ring,1,5,0.0,1
Ring,1,5,1.0,2
Ring,1,5,3.0,2
Ring,1,5,3.0,6
Ring,1,5,0.0,1
Ring,1,5,0.0,1
Ring,1,5,2.0,3
Ring,1,5,1.0,2
Ring,1,5,5.0,2
Ring,1,5,0.0,1
Ring,1,5,3.0,20
Ring,1,5,0.0,1
Ring,1,5,5.0,2
Ring,1,5,4.0,5
Ring,1,5,1.0,2
Ring,1,5,4.0,5
Ring,1,5,0.0,1
Ring,1,5,1.0,6
Ring,1,5,0.0,5
Ring,1,5,0.0,1
Ring,1,5,0.0,1
Ring,1,5,0.0,1
Ring,1,5,2.0,7
Ring,1,5,4.0,5
Ring,1,5,3.0,6
Ring,1,5,3.0,4
Ring,1,5,0.0,1
Ring,1,5,0.0,5
Ring,1,5,4.0,3
Ring,1,5,0.0,1
Ring,1,5,1.0,4
Ring,1,5,1.0,2
Ring,1,5,2.0,11
Ring,1,5,1.0,2
Ring,1,5,3.0,2
Ring,1,5,4.0,3
Ring,1,5,0.0,9
Ring,1,5,3.0,6
Ring,1,5,2.0,15
Ring,1,5,5.0,2
Ring,1,5,3.0,2
Ring,1,5,5.0,2
Ring,1,5,0.0,3
Ring,1,5,5.0,2
Ring,1,5,3.0,4
Ring,1,5,0.0,1
Ring,1,5,3.0,12
Ring,1,5,4.0,5
Ring,1,5,3.0,6
Ring,1,5,5.0,6
Ring,1,5,3.0,6
Ring,1,5,0.0,1
Ring,1,5,5.0,6
Ring,1,5,1.0,2
Ring,1,5,4.0,7
Ring,1,5,0.0,1
Ring,1,5,5.0,6
Ring,1,5,2.0,3
Ring,1,5,4.0,7
Ring,1,5,1.0,2
Ring,1,5,0.0,1
Ring,1,5,4.0,3
Ring,1,5,1.0,6
Ring,1,5,0.0,13
Ring,1,5,5.0,2
Ring,1,5,0.0,21
Ring,1,5,0.0,3
Ring,1,5,2.0,5
Ring,1,5,0.0,9
Ring,1,5,2.0,5
Ring,2,0,1.0,1
Ring,2,0,4.0,2
Ring,2,0,0.0,4
Ring,2,0,4.0,6
Ring,2,0,1.0,1
Ring,2,0,1.0,1
Ring,2,0,5.0,3
Ring,2,0,2.0,8
Ring,2,0,5.0,3
Ring,2,0,2.0,8
Ring,2,0,1.0,3
Ring,2,0,1.0,1
Ring,2,0,2.0,6
Ring,2,0,1.0,1
Ring,2,0,1.0,11
Ring,2,0,0.0,2
Ring,2,0,1.0,1
Ring,2,0,4.0,2
Ring,2,0,4.0,2
Ring,2,0,2.0,14
Ring,2,0,1.0,1
Ring,2,0,5.0,3
Ring,2,0,1.0,1
Ring,2,0,0.0,2
Ring,2,0,4.0,4
Ring,2,0,0.0,2
Ring,2,0,2.0,2
Ring,2,0,1.0,11
Ring,2,0,1.0,1
Ring,2,0,4.0,16
Ring,2,0,0.0,4
Ring,2,0,3.0,5
Ring,2,0,3.0,3
Ring,2,0,3.0,9
Ring,2,0,2.0,2
Ring,2,0,1.0,3
Ring,2,0,4.0,2
Ring,2,0,5.0,13
Ring,2,0,0.0,12
Ring,2,0,2.0,4
Ring,2,0,1.0,1
Ring,2,0,4.0,2
Ring,2,0,1.0,1
Ring,2,0,5.0,3
Ring,2,0,3.0,7
Ring,2,0,1.0,1
Ring,2,0,1.0,1
Ring,2,0,3.0,5
Ring,2,0,3.0,5
Ring,2,0,5.0,5
Ring,2,0,3.0,3
Ring,2,0,5.0,3
Ring,2,0,1.0,9
Ring,2,0,2.0,2
Ring,2,0,0.0,4
Ring,2,0,0.0,20
Ring,2,0,3.0,11
Ring,2,0,3.0,3
Ring,2,0,2.0,18
Ring,2,0,1.0,1
Ring,2,0,1.0,1
Ring,2,0,3.0,3
Ring,2,0,4.0,2
Ring,2,0,5.0,3
Ring,2,0,5.0,5
Ring,2,0,1.0,3
Ring,2,0,2.0,4
Ring,2,0,3.0,5
Ring,2,0,1.0,1
Ring,2,0,1.0,1
Ring,2,0,0.0,6
Ring,2,0,1.0,3
Ring,2,0,0.0,4
Ring,2,0,4.0,8
Ring,2,0,1.0,1
Ring,2,0,1.0,7
Ring,2,0,2.0,2
Ring,2,0,5.0,19
Ring,2,0,1.0,1
Ring,2,0,3.0,3
Ring,2,0,0.0,2
Ring,2,0,5.0,3
Ring,2,0,2.0,8
Ring,2,0,1.0,1
Ring,2,0,3.0,9
Ring,2,0,3.0,3
Ring,2,0,0.0,14
Ring,2,0,1.0,1
Ring,2,0,1.0,1
Ring,2,0,1.0,1
Ring,2,0,1.0,1
Ring,2,0,1.0,3
Ring,2,0,0.0,8
Ring,2,0,1.0,1
Ring,2,0,0.0,10
Ring,2,0,2.0,4
Ring,2,0,2.0,14
Ring,2,0,1.0,1
Ring,2,0,3.0,3
Ring,2,0,0.0,16
Ring,2,1,,30
Ring,2,1,,30
Ring,2,1,,30
Ring,2,1,,30
Ring,2,1,,30
Ring,2,1,,30
Ring,2,1,,30
Ring,2,1,,30
Ring,2,1,,30
Ring,2,1,,30
Ring,2,1,,30
Ring,2,1,,30
Ring,2,1,,30
Ring,2,1,,30
Ring,2,1,,30
Ring,2,1,,30
Ring,2,1,,30
Ring,2,1,,30
Ring,2,1,,30
Ring,2,1,,30
Ring,2,1,,30
Ring,2,1,,30
Ring,2,1,,30
Ring,2,1,,30
Ring,2,1,,30
Ring,2,1,,30
Ring,2,1,,30
Ring,2,1,,30
Ring,2,1,,30
Ring,2,1,,30
Ring,2,1,,30
Ring,2,1,,30
Ring,2,1,,30
Ring,2,1,,30
Ring,2,1,,30
Ring,2,1,,30
Ring,2,1,,30
Ring,2,1,,30
Ring,2,1,,30
Ring,2,1,,30
Ring,2,1,,30
Ring,2,1,,30
Ring,2,1,,30
Ring,2,1,,30
Ring,2,1,,30
Ring,2,1,,30
Ring,2,1,,30
Ring,2,1,,30
Ring,2,1,,30
Ring,2,1,,30
Ring,2,1,,30
Ring,2,1,,30
Ring,2,1,,30
Ring,2,1,,30
Ring,2,1,,30
Ring,2,1,,30
Ring,2,1,,30
Ring,2,1,,30
Ring,2,1,,30
Ring,2,1,,30
Ring,2,1,,30
Ring,2,1,,30
Ring,2,1,,30
Ring,2,1,,30
Ring,2,1,,30
Ring,2,1,,30
Ring,2,1,,30
Ring,2,1,,30
Ring,2,1,,30
Ring,2,1,,30
Ring,2,1,,30
Ring,2,1,,30
Ring,2,1,,30
Ring,2,1,,30
Ring,2,1,,30
Ring,2,1,,30
Ring,2,1,,30
Ring,2,1,,30
Ring,2,1,,30
Ring,2,1,,30
Ring,2,1,,30
Ring,2,1,,30
Ring,2,1,,30
Ring,2,1,,30
Ring,2,1,,30
Ring,2,1,,30
Ring,2,1,,30
Ring,2,1,,30
Ring,2,1,,30
Ring,2,1,,30
Ring,2,1,,30
Ring,2,1,,30
Ring,2,1,,30
Ring,2,1,,30
Ring,2,1,,30
Ring,2,1,,30
Ring,2,1,,30
Ring,2,1,,30
Ring,2,1,,30
Ring,2,1,,30
Ring,2,2,1.0,1
Ring,2,2,1.0,1
Ring,2,2,1.0,1
Ring,2,2,3.0,7
Ring,2,2,5.0,9
Ring,2,2,1.0,1
Ring,2,2,2.0,2
Ring,2,2,3.0,1
Ring,2,2,3.0,1
Ring,2,2,4.0,6
Ring,2,2,1.0,1
Ring,2,2,3.0,1
Ring,2,2,1.0,1
Ring,2,2,3.0,1
Ring,2,2,2.0,2
Ring,2,2,2.0,2
Ring,2,2,3.0,1
Ring,2,2,1.0,1
Ring,2,2,5.0,7
Ring,2,2,3.0,1
Ring,2,2,1.0,1
Ring,2,2,1.0,1
Ring,2,2,3.0,3
Ring,2,2,3.0,1
Ring,2,2,1.0,3
Ring,2,2,4.0,8
Ring,2,2,2.0,2
Ring,2,2,4.0,6
Ring,2,2,4.0,18
Ring,2,2,1.0,3
Ring,2,2,4.0,6
Ring,2,2,1.0,5
Ring,2,2,2.0,4
Ring,2,2,1.0,1
Ring,2,2,1.0,1
Ring,2,2,3.0,1
Ring,2,2,1.0,1
Ring,2,2,3.0,1
Ring,2,2,1.0,3
Ring,2,2,1.0,1
Ring,2,2,2.0,2
Ring,2,2,1.0,1
Ring,2,2,2.0,2
Ring,2,2,1.0,3
Ring,2,2,0.0,6
Ring,2,2,1.0,1
Ring,2,2,2.0,10
Ring,2,2,3.0,1
Ring,2,2,1.0,1
Ring,2,2,4.0,6
Ring,2,2,1.0,1
Ring,2,2,3.0,3
Ring,2,2,1.0,1
Ring,2,2,1.0,1
Ring,2,2,1.0,1
Ring,2,2,3.0,1
Ring,2,2,2.0,2
Ring,2,2,5.0,7
Ring,2,2,1.0,1
Ring,2,2,4.0,4
Ring,2,2,0.0,4
Ring,2,2,4.0,4
Ring,2,2,3.0,1
Ring,2,2,1.0,7
Ring,2,2,1.0,3
Ring,2,2,3.0,1
Ring,2,2,3.0,1
Ring,2,2,2.0,10
Ring,2,2,1.0,1
Ring,2,2,1.0,1
Ring,2,2,1.0,1
Ring,2,2,3.0,1
Ring,2,2,5.0,7
Ring,2,2,2.0,8
Ring,2,2,3.0,1
Ring,2,2,1.0,1
Ring,2,2,1.0,1
Ring,2,2,3.0,1
Ring,2,2,0.0,8
Ring,2,2,3.0,1
Ring,2,2,3.0,1
Ring,2,2,1.0,1
Ring,2,2,3.0,1
Ring,2,2,3.0,1
Ring,2,2,2.0,2
Ring,2,2,5.0,11
Ring,2,2,1.0,1
Ring,2,2,1.0,1
Ring,2,2,1.0,5
Ring,2,2,3.0,1
Ring,2,2,3.0,1
Ring,2,2,1.0,1
Ring,2,2,4.0,10
Ring,2,2,3.0,9
Ring,2,2,3.0,1
Ring,2,2,3.0,1
Ring,2,2,5.0,7
Ring,2,2,3.0,1
Ring,2,2,3.0,1
Ring,2,2,4.0,4
Ring,2,3,,30
Ring,2,3,,30
Ring,2,3,,30
Ring,2,3,,30
Ring,2,3,,30
Ring,2,3,,30
Ring,2,3,,30
Ring,2,3,,30
Ring,2,3,,30
Ring,2,3,,30
Ring,2,3,,30
Ring,2,3,,30
Ring,2,3,,30
Ring,2,3,,30
Ring,2,3,,30
Ring,2,3,,30
Ring,2,3,,30
Ring,2,3,,30
Ring,2,3,,30
Ring,2,3,,30
Ring,2,3,,30
Ring,2,3,,30
Ring,2,3,,30
Ring,2,3,,30
Ring,2,3,,30
Ring,2,3,,30
Ring,2,3,,30
Ring,2,3,,30
Ring,2,3,,30
Ring,2,3,,30
Ring,2,3,,30
Ring,2,3,,30
Ring,2,3,,30
Ring,2,3,,30
Ring,2,3,,30
Ring,2,3,,30
Ring,2,3,,30
Ring,2,3,,30
Ring,2,3,,30
Ring,2,3,,30
Ring,2,3,,30
Ring,2,3,,30
Ring,2,3,,30
Ring,2,3,,30
Ring,2,3,,30
Ring,2,3,,30
Ring,2,3,,30
Ring,2,3,,30
Ring,2,3,,30
Ring,2,3,,30
Ring,2,3,,30
Ring,2,3,,30
Ring,2,3,,30
Ring,2,3,,30
Ring,2,3,,30
Ring,2,3,,30
Ring,2,3,,30
Ring,2,3,,30
Ring,2,3,,30
Ring,2,3,,30
Ring,2,3,,30
Ring,2,3,,30
Ring,2,3,,30
Ring,2,3,,30
Ring,2,3,,30
Ring,2,3,,30
Ring,2,3,,30
Ring,2,3,,30
Ring,2,3,,30
Ring,2,3,,30
Ring,2,3,,30
Ring,2,3,,30
Ring,2,3,,30
Ring,2,3,,30
Ring,2,3,,30
Ring,2,3,,30
Ring,2,3,,30
Ring,2,3,,30
Ring,2,3,,30
Ring,2,3,,30
Ring,2,3,,30
Ring,2,3,,30
Ring,2,3,,30
Ring,2,3,,30
Ring,2,3,,30
Ring,2,3,,30
Ring,2,3,,30
Ring,2,3,,30
Ring,2,3,,30
Ring,2,3,,30
Ring,2,3,,30
Ring,2,3,,30
Ring,2,3,,30
Ring,2,3,,30
Ring,2,3,,30
Ring,2,3,,30
Ring,2,3,,30
Ring,2,3,,30
Ring,2,3,,30
Ring,2,3,,30
Ring,2,4,0.0,6
Ring,2,4,3.0,1
Ring,2,4,5.0,9
Ring,2,4,2.0,4
Ring,2,4,3.0,1
Ring,2,4,3.0,1
Ring,2,4,5.0,9
Ring,2,4,5.0,5
Ring,2,4,3.0,1
Ring,2,4,5.0,3
Ring,2,4,1.0,17
Ring,2,4,3.0,1
Ring,2,4,2.0,8
Ring,2,4,0.0,2
Ring,2,4,3.0,1
Ring,2,4,3.0,3
Ring,2,4,4.0,4
Ring,2,4,5.0,7
Ring,2,4,3.0,1
Ring,2,4,0.0,10
Ring,2,4,2.0,4
Ring,2,4,3.0,3
Ring,2,4,3.0,7
Ring,2,4,5.0,3
Ring,2,4,3.0,5
Ring,2,4,3.0,3
Ring,2,4,4.0,16
Ring,2,4,3.0,5
Ring,2,4,3.0,3
Ring,2,4,0.0,6
Ring,2,4,5.0,3
Ring,2,4,2.0,12
Ring,2,4,4.0,20
Ring,2,4,3.0,1
Ring,2,4,2.0,6
Ring,2,4,3.0,1
Ring,2,4,3.0,1
Ring,2,4,3.0,7
Ring,2,4,3.0,1
Ring,2,4,0.0,8
Ring,2,4,1.0,3
Ring,2,4,3.0,1
Ring,2,4,3.0,3
Ring,2,4,3.0,1
Ring,2,4,3.0,1
Ring,2,4,3.0,1
Ring,2,4,4.0,4
Ring,2,4,5.0,3
Ring,2,4,4.0,20
Ring,2,4,3.0,1
Ring,2,4,3.0,3
Ring,2,4,3.0,1
Ring,2,4,3.0,7
Ring,2,4,3.0,1
Ring,2,4,4.0,8
Ring,2,4,3.0,1
Ring,2,4,1.0,3
Ring,2,4,4.0,8
Ring,2,4,2.0,2
Ring,2,4,4.0,2
Ring,2,4,5.0,3
Ring,2,4,4.0,2
Ring,2,4,5.0,7
Ring,2,4,3.0,1
Ring,2,4,3.0,1
Ring,2,4,3.0,13
Ring,2,4,0.0,8
Ring,2,4,5.0,5
Ring,2,4,3.0,5
Ring,2,4,1.0,7
Ring,2,4,4.0,2
Ring,2,4,0.0,2
Ring,2,4,2.0,2
Ring,2,4,5.0,3
Ring,2,4,2.0,6
Ring,2,4,2.0,2
Ring,2,4,3.0,1
Ring,2,4,3.0,1
Ring,2,4,3.0,1
Ring,2,4,4.0,2
Ring,2,4,1.0,5
Ring,2,4,0.0,2
Ring,2,4,5.0,3
Ring,2,4,0.0,2
Ring,2,4,4.0,4
Ring,2,4,2.0,2
Ring,2,4,2.0,6
Ring,2,4,0.0,4
Ring,2,4,2.0,4
Ring,2,4,4.0,4
Ring,2,4,1.0,3
Ring,2,4,0.0,4
Ring,2,4,1.0,3
Ring,2,4,4.0,10
Ring,2,4,4.0,2
Ring,2,4,4.0,12
Ring,2,4,5.0,3
Ring,2,4,4.0,14
Ring,2,4,3.0,1
Ring,2,4,4.0,2
Ring,2,5,,30
Ring,2,5,,30
Ring,2,5,,30
Ring,2,5,,30
Ring,2,5,,30
Ring,2,5,,30
Ring,2,5,,30
Ring,2,5,,30
Ring,2,5,,30
Ring,2,5,,30
Ring,2,5,,30
Ring,2,5,,30
Ring,2,5,,30
Ring,2,5,,30
Ring,2,5,,30
Ring,2,5,,30
Ring,2,5,,30
Ring,2,5,,30
Ring,2,5,,30
Ring,2,5,,30
Ring,2,5,,30
Ring,2,5,,30
Ring,2,5,,30
Ring,2,5,,30
Ring,2,5,,30
Ring,2,5,,30
Ring,2,5,,30
Ring,2,5,,30
Ring,2,5,,30
Ring,2,5,,30
Ring,2,5,,30
Ring,2,5,,30
Ring,2,5,,30
Ring,2,5,,30
Ring,2,5,,30
Ring,2,5,,30
Ring,2,5,,30
Ring,2,5,,30
Ring,2,5,,30
Ring,2,5,,30
Ring,2,5,,30
Ring,2,5,,30
Ring,2,5,,30
Ring,2,5,,30
Ring,2,5,,30
Ring,2,5,,30
Ring,2,5,,30
Ring,2,5,,30
Ring,2,5,,30
Ring,2,5,,30
Ring,2,5,,30
Ring,2,5,,30
Ring,2,5,,30
Ring,2,5,,30
Ring,2,5,,30
Ring,2,5,,30
Ring,2,5,,30
Ring,2,5,,30
Ring,2,5,,30
Ring,2,5,,30
Ring,2,5,,30
Ring,2,5,,30
Ring,2,5,,30
Ring,2,5,,30
Ring,2,5,,30
Ring,2,5,,30
Ring,2,5,,30
Ring,2,5,,30
Ring,2,5,,30
Ring,2,5,,30
Ring,2,5,,30
Ring,2,5,,30
Ring,2,5,,30
Ring,2,5,,30
Ring,2,5,,30
Ring,2,5,,30
Ring,2,5,,30
Ring,2,5,,30
Ring,2,5,,30
Ring,2,5,,30
Ring,2,5,,30
Ring,2,5,,30
Ring,2,5,,30
Ring,2,5,,30
Ring,2,5,,30
Ring,2,5,,30
Ring,2,5,,30
Ring,2,5,,30
Ring,2,5,,30
Ring,2,5,,30
Ring,2,5,,30
Ring,2,5,,30
Ring,2,5,,30
Ring,2,5,,30
Ring,2,5,,30
Ring,2,5,,30
Ring,2,5,,30
Ring,2,5,,30
Ring,2,5,,30
Ring,2,5,,30
Ring,3,0,,30
Ring,3,0,,30
Ring,3,0,,30
Ring,3,0,,30
Ring,3,0,,30
Ring,3,0,,30
Ring,3,0,,30
Ring,3,0,,30
Ring,3,0,,30
Ring,3,0,,30
Ring,3,0,,30
Ring,3,0,,30
Ring,3,0,,30
Ring,3,0,,30
Ring,3,0,,30
Ring,3,0,,30
Ring,3,0,,30
Ring,3,0,,30
Ring,3,0,,30
Ring,3,0,,30
Ring,3,0,,30
Ring,3,0,,30
Ring,3,0,,30
Ring,3,0,,30
Ring,3,0,,30
Ring,3,0,,30
Ring,3,0,,30
Ring,3,0,,30
Ring,3,0,,30
Ring,3,0,,30
Ring,3,0,,30
Ring,3,0,,30
Ring,3,0,,30
Ring,3,0,,30
Ring,3,0,,30
Ring,3,0,,30
Ring,3,0,,30
Ring,3,0,,30
Ring,3,0,,30
Ring,3,0,,30
Ring,3,0,,30
Ring,3,0,,30
Ring,3,0,,30
Ring,3,0,,30
Ring,3,0,,30
Ring,3,0,,30
Ring,3,0,,30
Ring,3,0,,30
Ring,3,0,,30
Ring,3,0,,30
Ring,3,0,,30
Ring,3,0,,30
Ring,3,0,,30
Ring,3,0,,30
Ring,3,0,,30
Ring,3,0,,30
Ring,3,0,,30
Ring,3,0,,30
Ring,3,0,,30
Ring,3,0,,30
Ring,3,0,,30
Ring,3,0,,30
Ring,3,0,,30
Ring,3,0,,30
Ring,3,0,,30
Ring,3,0,,30
Ring,3,0,,30
Ring,3,0,,30
Ring,3,0,,30
Ring,3,0,,30
Ring,3,0,,30
Ring,3,0,,30
Ring,3,0,,30
Ring,3,0,,30
Ring,3,0,,30
Ring,3,0,,30
Ring,3,0,,30
Ring,3,0,,30
Ring,3,0,,30
Ring,3,0,,30
Ring,3,0,,30
Ring,3,0,,30
Ring,3,0,,30
Ring,3,0,,30
Ring,3,0,,30
Ring,3,0,,30
Ring,3,0,,30
Ring,3,0,,30
Ring,3,0,,30
Ring,3,0,,30
Ring,3,0,,30
Ring,3,0,,30
Ring,3,0,,30
Ring,3,0,,30
Ring,3,0,,30
Ring,3,0,,30
Ring,3,0,,30
Ring,3,0,,30
Ring,3,0,,30
Ring,3,0,,30
Ring,3,1,3.0,6
Ring,3,1,2.0,1
Ring,3,1,1.0,8
Ring,3,1,2.0,1
Ring,3,1,4.0,9
Ring,3,1,1.0,4
Ring,3,1,5.0,2
Ring,3,1,2.0,1
Ring,3,1,2.0,3
Ring,3,1,2.0,7
Ring,3,1,5.0,2
Ring,3,1,3.0,4
Ring,3,1,0.0,5
Ring,3,1,2.0,15
Ring,3,1,1.0,10
Ring,3,1,1.0,6
Ring,3,1,4.0,5
Ring,3,1,5.0,6
Ring,3,1,4.0,5
Ring,3,1,5.0,2
Ring,3,1,5.0,2
Ring,3,1,3.0,6
Ring,3,1,2.0,1
Ring,3,1,2.0,1
Ring,3,1,2.0,1
Ring,3,1,2.0,1
Ring,3,1,0.0,3
Ring,3,1,4.0,3
Ring,3,1,4.0,3
Ring,3,1,2.0,9
Ring,3,1,2.0,3
Ring,3,1,1.0,2
Ring,3,1,2.0,1
Ring,3,1,2.0,1
Ring,3,1,2.0,7
Ring,3,1,4.0,5
Ring,3,1,2.0,1
Ring,3,1,0.0,9
Ring,3,1,0.0,5
Ring,3,1,0.0,3
Ring,3,1,3.0,4
Ring,3,1,5.0,2
Ring,3,1,2.0,3
Ring,3,1,5.0,4
Ring,3,1,0.0,3
Ring,3,1,2.0,7
Ring,3,1,1.0,8
Ring,3,1,1.0,2
Ring,3,1,2.0,1
Ring,3,1,3.0,6
Ring,3,1,2.0,1
Ring,3,1,5.0,4
Ring,3,1,3.0,2
Ring,3,1,2.0,1
Ring,3,1,2.0,1
Ring,3,1,5.0,2
Ring,3,1,5.0,8
Ring,3,1,3.0,2
Ring,3,1,2.0,1
Ring,3,1,4.0,3
Ring,3,1,3.0,6
Ring,3,1,5.0,2
Ring,3,1,2.0,11
Ring,3,1,5.0,2
Ring,3,1,2.0,3
Ring,3,1,2.0,1
Ring,3,1,3.0,2
Ring,3,1,2.0,1
Ring,3,1,1.0,2
Ring,3,1,0.0,7
Ring,3,1,2.0,1
Ring,3,1,2.0,1
Ring,3,1,2.0,1
Ring,3,1,2.0,1
Ring,3,1,3.0,4
Ring,3,1,2.0,1
Ring,3,1,0.0,7
Ring,3,1,1.0,4
Ring,3,1,3.0,6
Ring,3,1,3.0,10
Ring,3,1,2.0,1
Ring,3,1,4.0,3
Ring,3,1,5.0,4
Ring,3,1,4.0,3
Ring,3,1,1.0,4
Ring,3,1,2.0,7
Ring,3,1,4.0,3
Ring,3,1,2.0,5
Ring,3,1,1.0,2
Ring,3,1,5.0,6
Ring,3,1,0.0,3
Ring,3,1,2.0,1
Ring,3,1,5.0,2
Ring,3,1,5.0,2
Ring,3,1,5.0,6
Ring,3,1,3.0,2
Ring,3,1,1.0,4
Ring,3,1,0.0,5
Ring,3,1,5.0,2
Ring,3,1,5.0,4
Ring,3,2,,30
Ring,3,2,,30
Ring,3,2,,30
Ring,3,2,,30
Ring,3,2,,30
Ring,3,2,,30
Ring,3,2,,30
Ring,3,2,,30
Ring,3,2,,30
Ring,3,2,,30
Ring,3,2,,30
Ring,3,2,,30
Ring,3,2,,30
Ring,3,2,,30
Ring,3,2,,30
Ring,3,2,,30
Ring,3,2,,30
Ring,3,2,,30
Ring,3,2,,30
Ring,3,2,,30
Ring,3,2,,30
Ring,3,2,,30
Ring,3,2,,30
Ring,3,2,,30
Ring,3,2,,30
Ring,3,2,,30
Ring,3,2,,30
Ring,3,2,,30
Ring,3,2,,30
Ring,3,2,,30
Ring,3,2,,30
Ring,3,2,,30
Ring,3,2,,30
Ring,3,2,,30
Ring,3,2,,30
Ring,3,2,,30
Ring,3,2,,30
Ring,3,2,,30
Ring,3,2,,30
Ring,3,2,,30
Ring,3,2,,30
Ring,3,2,,30
Ring,3,2,,30
Ring,3,2,,30
Ring,3,2,,30
Ring,3,2,,30
Ring,3,2,,30
Ring,3,2,,30
Ring,3,2,,30
Ring,3,2,,30
Ring,3,2,,30
Ring,3,2,,30
Ring,3,2,,30
Ring,3,2,,30
Ring,3,2,,30
Ring,3,2,,30
Ring,3,2,,30
Ring,3,2,,30
Ring,3,2,,30
Ring,3,2,,30
Ring,3,2,,30
Ring,3,2,,30
Ring,3,2,,30
Ring,3,2,,30
Ring,3,2,,30
Ring,3,2,,30
Ring,3,2,,30
Ring,3,2,,30
Ring,3,2,,30
Ring,3,2,,30
Ring,3,2,,30
Ring,3,2,,30
Ring,3,2,,30
Ring,3,2,,30
Ring,3,2,,30
Ring,3,2,,30
Ring,3,2,,30
Ring,3,2,,30
Ring,3,2,,30
Ring,3,2,,30
Ring,3,2,,30
Ring,3,2,,30
Ring,3,2,,30
Ring,3,2,,30
Ring,3,2,,30
Ring,3,2,,30
Ring,3,2,,30
Ring,3,2,,30
Ring,3,2,,30
Ring,3,2,,30
Ring,3,2,,30
Ring,3,2,,30
Ring,3,2,,30
Ring,3,2,,30
Ring,3,2,,30
Ring,3,2,,30
Ring,3,2,,30
Ring,3,2,,30
Ring,3,2,,30
Ring,3,2,,30
Ring,3,3,4.0,5
Ring,3,3,4.0,3
Ring,3,3,3.0,2
Ring,3,3,4.0,1
Ring,3,3,2.0,1
Ring,3,3,2.0,1
Ring,3,3,4.0,5
Ring,3,3,2.0,1
Ring,3,3,2.0,1
Ring,3,3,4.0,1
Ring,3,3,5.0,6
Ring,3,3,4.0,3
Ring,3,3,3.0,2
Ring,3,3,4.0,1
Ring,3,3,0.0,3
Ring,3,3,2.0,1
Ring,3,3,5.0,6
Ring,3,3,4.0,1
Ring,3,3,1.0,8
Ring,3,3,4.0,1
Ring,3,3,0.0,11
Ring,3,3,4.0,1
Ring,3,3,5.0,16
Ring,3,3,2.0,1
Ring,3,3,2.0,1
Ring,3,3,4.0,1
Ring,3,3,3.0,10
Ring,3,3,5.0,4
Ring,3,3,2.0,1
Ring,3,3,4.0,1
Ring,3,3,1.0,6
Ring,3,3,2.0,3
Ring,3,3,3.0,2
Ring,3,3,0.0,3
Ring,3,3,4.0,5
Ring,3,3,4.0,3
Ring,3,3,2.0,1
Ring,3,3,1.0,6
Ring,3,3,4.0,1
Ring,3,3,4.0,9
Ring,3,3,2.0,1
Ring,3,3,4.0,1
Ring,3,3,2.0,1
Ring,3,3,3.0,2
Ring,3,3,4.0,1
Ring,3,3,3.0,2
Ring,3,3,4.0,1
Ring,3,3,4.0,1
Ring,3,3,4.0,1
Ring,3,3,2.0,1
Ring,3,3,3.0,2
Ring,3,3,2.0,1
Ring,3,3,4.0,1
Ring,3,3,4.0,1
Ring,3,3,5.0,4
Ring,3,3,4.0,1
Ring,3,3,2.0,1
Ring,3,3,2.0,1
Ring,3,3,2.0,1
Ring,3,3,2.0,1
Ring,3,3,2.0,1
Ring,3,3,2.0,1
Ring,3,3,2.0,1
Ring,3,3,5.0,10
Ring,3,3,0.0,3
Ring,3,3,0.0,5
Ring,3,3,2.0,1
Ring,3,3,2.0,1
Ring,3,3,2.0,7
Ring,3,3,0.0,5
Ring,3,3,4.0,5
Ring,3,3,2.0,3
Ring,3,3,1.0,4
Ring,3,3,5.0,4
Ring,3,3,3.0,2
Ring,3,3,3.0,2
Ring,3,3,4.0,3
Ring,3,3,3.0,4
Ring,3,3,0.0,5
Ring,3,3,3.0,2
Ring,3,3,2.0,1
Ring,3,3,3.0,2
Ring,3,3,3.0,2
Ring,3,3,2.0,15
Ring,3,3,3.0,2
Ring,3,3,2.0,1
Ring,3,3,2.0,1
Ring,3,3,2.0,1
Ring,3,3,4.0,1
Ring,3,3,2.0,1
Ring,3,3,3.0,8
Ring,3,3,2.0,1
Ring,3,3,2.0,3
Ring,3,3,1.0,6
Ring,3,3,0.0,5
Ring,3,3,2.0,1
Ring,3,3,3.0,2
Ring,3,3,5.0,4
Ring,3,3,2.0,1
Ring,3,3,2.0,1
Ring,3,4,,30
Ring,3,4,,30
Ring,3,4,,30
Ring,3,4,,30
Ring,3,4,,30
Ring,3,4,,30
Ring,3,4,,30
Ring,3,4,,30
Ring,3,4,,30
Ring,3,4,,30
Ring,3,4,,30
Ring,3,4,,30
Ring,3,4,,30
Ring,3,4,,30
Ring,3,4,,30
Ring,3,4,,30
Ring,3,4,,30
Ring,3,4,,30
Ring,3,4,,30
Ring,3,4,,30
Ring,3,4,,30
Ring,3,4,,30
Ring,3,4,,30
Ring,3,4,,30
Ring,3,4,,30
Ring,3,4,,30
Ring,3,4,,30
Ring,3,4,,30
Ring,3,4,,30
Ring,3,4,,30
Ring,3,4,,30
Ring,3,4,,30
Ring,3,4,,30
Ring,3,4,,30
Ring,3,4,,30
Ring,3,4,,30
Ring,3,4,,30
Ring,3,4,,30
Ring,3,4,,30
Ring,3,4,,30
Ring,3,4,,30
Ring,3,4,,30
Ring,3,4,,30
Ring,3,4,,30
Ring,3,4,,30
Ring,3,4,,30
Ring,3,4,,30
Ring,3,4,,30
Ring,3,4,,30
Ring,3,4,,30
Ring,3,4,,30
Ring,3,4,,30
Ring,3,4,,30
Ring,3,4,,30
Ring,3,4,,30
Ring,3,4,,30
Ring,3,4,,30
Ring,3,4,,30
Ring,3,4,,30
Ring,3,4,,30
Ring,3,4,,30
Ring,3,4,,30
Ring,3,4,,30
Ring,3,4,,30
Ring,3,4,,30
Ring,3,4,,30
Ring,3,4,,30
Ring,3,4,,30
Ring,3,4,,30
Ring,3,4,,30
Ring,3,4,,30
Ring,3,4,,30
Ring,3,4,,30
Ring,3,4,,30
Ring,3,4,,30
Ring,3,4,,30
Ring,3,4,,30
Ring,3,4,,30
Ring,3,4,,30
Ring,3,4,,30
Ring,3,4,,30
Ring,3,4,,30
Ring,3,4,,30
Ring,3,4,,30
Ring,3,4,,30
Ring,3,4,,30
Ring,3,4,,30
Ring,3,4,,30
Ring,3,4,,30
Ring,3,4,,30
Ring,3,4,,30
Ring,3,4,,30
Ring,3,4,,30
Ring,3,4,,30
Ring,3,4,,30
Ring,3,4,,30
Ring,3,4,,30
Ring,3,4,,30
Ring,3,4,,30
Ring,3,4,,30
Ring,3,5,4.0,7
Ring,3,5,2.0,5
Ring,3,5,5.0,2
Ring,3,5,4.0,1
Ring,3,5,0.0,3
Ring,3,5,5.0,2
Ring,3,5,3.0,4
Ring,3,5,4.0,7
Ring,3,5,4.0,1
Ring,3,5,5.0,2
Ring,3,5,1.0,4
Ring,3,5,3.0,4
Ring,3,5,0.0,7
Ring,3,5,4.0,1
Ring,3,5,1.0,4
Ring,3,5,1.0,8
Ring,3,5,4.0,1
Ring,3,5,3.0,6
Ring,3,5,4.0,1
Ring,3,5,4.0,11
Ring,3,5,4.0,1
Ring,3,5,0.0,3
Ring,3,5,5.0,2
Ring,3,5,3.0,4
Ring,3,5,4.0,1
Ring,3,5,4.0,1
Ring,3,5,3.0,2
Ring,3,5,3.0,2
Ring,3,5,1.0,16
Ring,3,5,3.0,4
Ring,3,5,2.0,11
Ring,3,5,0.0,5
Ring,3,5,0.0,3
Ring,3,5,4.0,1
Ring,3,5,5.0,4
Ring,3,5,1.0,2
Ring,3,5,2.0,7
Ring,3,5,5.0,2
Ring,3,5,4.0,1
Ring,3,5,1.0,4
Ring,3,5,3.0,4
Ring,3,5,3.0,6
Ring,3,5,3.0,4
Ring,3,5,3.0,8
Ring,3,5,1.0,4
Ring,3,5,4.0,1
Ring,3,5,2.0,13
Ring,3,5,4.0,1
Ring,3,5,5.0,6
Ring,3,5,1.0,2
Ring,3,5,4.0,1
Ring,3,5,4.0,1
Ring,3,5,2.0,9
Ring,3,5,4.0,3
Ring,3,5,0.0,7
Ring,3,5,3.0,6
Ring,3,5,2.0,3
Ring,3,5,0.0,5
Ring,3,5,0.0,3
Ring,3,5,1.0,4
Ring,3,5,1.0,2
Ring,3,5,5.0,2
Ring,3,5,4.0,1
Ring,3,5,1.0,12
Ring,3,5,1.0,2
Ring,3,5,4.0,1
Ring,3,5,5.0,4
Ring,3,5,5.0,4
Ring,3,5,1.0,2
Ring,3,5,4.0,7
Ring,3,5,3.0,4
Ring,3,5,4.0,1
Ring,3,5,3.0,2
Ring,3,5,0.0,7
Ring,3,5,4.0,1
Ring,3,5,3.0,2
Ring,3,5,4.0,1
Ring,3,5,4.0,1
Ring,3,5,4.0,1
Ring,3,5,4.0,1
Ring,3,5,4.0,1
Ring,3,5,4.0,3
Ring,3,5,4.0,5
Ring,3,5,2.0,5
Ring,3,5,1.0,10
Ring,3,5,5.0,4
Ring,3,5,2.0,5
Ring,3,5,0.0,3
Ring,3,5,3.0,2
Ring,3,5,4.0,1
Ring,3,5,0.0,3
Ring,3,5,4.0,13
Ring,3,5,4.0,1
Ring,3,5,4.0,1
Ring,3,5,4.0,3
Ring,3,5,4.0,1
Ring,3,5,4.0,1
Ring,3,5,3.0,6
Ring,3,5,1.0,18
Ring,3,5,5.0,4
Ring,4,0,5.0,1
Ring,4,0,5.0,1
Ring,4,0,3.0,9
Ring,4,0,4.0,6
Ring,4,0,2.0,2
Ring,4,0,5.0,19
Ring,4,0,3.0,11
Ring,4,0,1.0,5
Ring,4,0,2.0,4
Ring,4,0,1.0,5
Ring,4,0,2.0,12
Ring,4,0,0.0,2
Ring,4,0,5.0,1
Ring,4,0,5.0,3
Ring,4,0,2.0,2
Ring,4,0,0.0,2
Ring,4,0,5.0,1
Ring,4,0,5.0,1
Ring,4,0,4.0,14
Ring,4,0,5.0,1
Ring,4,0,5.0,1
Ring,4,0,5.0,1
Ring,4,0,1.0,5
Ring,4,0,3.0,5
Ring,4,0,5.0,1
Ring,4,0,5.0,1
Ring,4,0,0.0,4
Ring,4,0,0.0,2
Ring,4,0,0.0,8
Ring,4,0,1.0,3
Ring,4,0,5.0,1
Ring,4,0,4.0,2
Ring,4,0,2.0,2
Ring,4,0,3.0,5
Ring,4,0,2.0,10
Ring,4,0,5.0,1
Ring,4,0,4.0,2
Ring,4,0,1.0,3
Ring,4,0,5.0,5
Ring,4,0,5.0,1
Ring,4,0,3.0,3
Ring,4,0,1.0,5
Ring,4,0,5.0,5
Ring,4,0,1.0,5
Ring,4,0,5.0,1
Ring,4,0,2.0,4
Ring,4,0,3.0,11
Ring,4,0,2.0,4
Ring,4,0,5.0,5
Ring,4,0,3.0,3
Ring,4,0,5.0,1
Ring,4,0,4.0,2
Ring,4,0,4.0,4
Ring,4,0,0.0,10
Ring,4,0,1.0,3
Ring,4,0,4.0,2
Ring,4,0,5.0,1
Ring,4,0,5.0,1
Ring,4,0,2.0,2
Ring,4,0,4.0,4
Ring,4,0,3.0,3
Ring,4,0,5.0,1
Ring,4,0,5.0,1
Ring,4,0,5.0,1
Ring,4,0,5.0,1
Ring,4,0,5.0,1
Ring,4,0,5.0,1
Ring,4,0,0.0,6
Ring,4,0,5.0,1
Ring,4,0,3.0,3
Ring,4,0,3.0,9
Ring,4,0,4.0,4
Ring,4,0,2.0,6
Ring,4,0,5.0,1
Ring,4,0,3.0,7
Ring,4,0,5.0,3
Ring,4,0,0.0,12
Ring,4,0,5.0,5
Ring,4,0,5.0,1
Ring,4,0,2.0,8
Ring,4,0,4.0,8
Ring,4,0,0.0,4
Ring,4,0,5.0,1
Ring,4,0,5.0,1
Ring,4,0,2.0,4
Ring,4,0,1.0,13
Ring,4,0,5.0,1
Ring,4,0,1.0,3
Ring,4,0,5.0,1
Ring,4,0,3.0,7
Ring,4,0,1.0,7
Ring,4,0,5.0,1
Ring,4,0,4.0,6
Ring,4,0,2.0,2
Ring,4,0,5.0,1
Ring,4,0,0.0,4
Ring,4,0,5.0,1
Ring,4,0,5.0,5
Ring,4,0,1.0,3
Ring,4,0,0.0,2
Ring,4,1,,30
Ring,4,1,,30
Ring,4,1,,30
Ring,4,1,,30
Ring,4,1,,30
Ring,4,1,,30
Ring,4,1,,30
Ring,4,1,,30
Ring,4,1,,30
Ring,4,1,,30
Ring,4,1,,30
Ring,4,1,,30
Ring,4,1,,30
Ring,4,1,,30
Ring,4,1,,30
Ring,4,1,,30
Ring,4,1,,30
Ring,4,1,,30
Ring,4,1,,30
Ring,4,1,,30
Ring,4,1,,30
Ring,4,1,,30
Ring,4,1,,30
Ring,4,1,,30
Ring,4,1,,30
Ring,4,1,,30
Ring,4,1,,30
Ring,4,1,,30
Ring,4,1,,30
Ring,4,1,,30
Ring,4,1,,30
Ring,4,1,,30
Ring,4,1,,30
Ring,4,1,,30
Ring,4,1,,30
Ring,4,1,,30
Ring,4,1,,30
Ring,4,1,,30
Ring,4,1,,30
Ring,4,1,,30
Ring,4,1,,30
Ring,4,1,,30
Ring,4,1,,30
Ring,4,1,,30
Ring,4,1,,30
Ring,4,1,,30
Ring,4,1,,30
Ring,4,1,,30
Ring,4,1,,30
Ring,4,1,,30
Ring,4,1,,30
Ring,4,1,,30
Ring,4,1,,30
Ring,4,1,,30
Ring,4,1,,30
Ring,4,1,,30
Ring,4,1,,30
Ring,4,1,,30
Ring,4,1,,30
Ring,4,1,,30
Ring,4,1,,30
Ring,4,1,,30
Ring,4,1,,30
Ring,4,1,,30
Ring,4,1,,30
Ring,4,1,,30
Ring,4,1,,30
Ring,4,1,,30
Ring,4,1,,30
Ring,4,1,,30
Ring,4,1,,30
Ring,4,1,,30
Ring,4,1,,30
Ring,4,1,,30
Ring,4,1,,30
Ring,4,1,,30
Ring,4,1,,30
Ring,4,1,,30
Ring,4,1,,30
Ring,4,1,,30
Ring,4,1,,30
Ring,4,1,,30
Ring,4,1,,30
Ring,4,1,,30
Ring,4,1,,30
Ring,4,1,,30
Ring,4,1,,30
Ring,4,1,,30
Ring,4,1,,30
Ring,4,1,,30
Ring,4,1,,30
Ring,4,1,,30
Ring,4,1,,30
Ring,4,1,,30
Ring,4,1,,30
Ring,4,1,,30
Ring,4,1,,30
Ring,4,1,,30
Ring,4,1,,30
Ring,4,1,,30
Ring,4,2,0.0,10
Ring,4,2,3.0,1
Ring,4,2,3.0,1
Ring,4,2,0.0,2
Ring,4,2,3.0,1
Ring,4,2,4.0,4
Ring,4,2,3.0,1
Ring,4,2,3.0,1
Ring,4,2,2.0,4
Ring,4,2,2.0,12
Ring,4,2,5.0,9
Ring,4,2,3.0,1
Ring,4,2,1.0,15
Ring,4,2,3.0,1
Ring,4,2,2.0,2
Ring,4,2,0.0,6
Ring,4,2,3.0,1
Ring,4,2,5.0,3
Ring,4,2,4.0,4
Ring,4,2,4.0,2
Ring,4,2,4.0,2
Ring,4,2,0.0,6
Ring,4,2,1.0,7
Ring,4,2,2.0,2
Ring,4,2,3.0,1
Ring,4,2,0.0,18
Ring,4,2,4.0,4
Ring,4,2,2.0,4
Ring,4,2,3.0,9
Ring,4,2,2.0,8
Ring,4,2,1.0,15
Ring,4,2,4.0,8
Ring,4,2,3.0,1
Ring,4,2,3.0,1
Ring,4,2,4.0,6
Ring,4,2,4.0,2
Ring,4,2,4.0,2
Ring,4,2,3.0,7
Ring,4,2,3.0,5
Ring,4,2,0.0,6
Ring,4,2,2.0,2
Ring,4,2,0.0,4
Ring,4,2,0.0,6
Ring,4,2,0.0,2
Ring,4,2,5.0,3
Ring,4,2,2.0,2
Ring,4,2,1.0,5
Ring,4,2,4.0,2
Ring,4,2,3.0,9
Ring,4,2,2.0,4
Ring,4,2,4.0,4
Ring,4,2,1.0,3
Ring,4,2,5.0,5
Ring,4,2,5.0,3
Ring,4,2,0.0,4
Ring,4,2,5.0,5
Ring,4,2,0.0,4
Ring,4,2,3.0,1
Ring,4,2,2.0,2
Ring,4,2,3.0,5
Ring,4,2,3.0,1
Ring,4,2,3.0,1
Ring,4,2,3.0,1
Ring,4,2,3.0,1
Ring,4,2,2.0,10
Ring,4,2,5.0,5
Ring,4,2,0.0,6
Ring,4,2,3.0,1
Ring,4,2,2.0,2
Ring,4,2,1.0,3
Ring,4,2,3.0,1
Ring,4,2,3.0,1
Ring,4,2,0.0,4
Ring,4,2,0.0,2
Ring,4,2,3.0,1
Ring,4,2,1.0,3
Ring,4,2,3.0,1
Ring,4,2,5.0,3
Ring,4,2,3.0,21
Ring,4,2,4.0,4
Ring,4,2,3.0,1
Ring,4,2,0.0,8
Ring,4,2,1.0,7
Ring,4,2,3.0,5
Ring,4,2,5.0,7
Ring,4,2,5.0,3
Ring,4,2,4.0,2
Ring,4,2,0.0,12
Ring,4,2,2.0,2
Ring,4,2,5.0,5
Ring,4,2,2.0,2
Ring,4,2,3.0,1
Ring,4,2,1.0,15
Ring,4,2,3.0,1
Ring,4,2,1.0,9
Ring,4,2,3.0,7
Ring,4,2,3.0,1
Ring,4,2,0.0,8
Ring,4,2,1.0,5
Ring,4,2,3.0,3
Ring,4,3,,30
Ring,4,3,,30
Ring,4,3,,30
Ring,4,3,,30
Ring,4,3,,30
Ring,4,3,,30
Ring,4,3,,30
Ring,4,3,,30
Ring,4,3,,30
Ring,4,3,,30
Ring,4,3,,30
Ring,4,3,,30
Ring,4,3,,30
Ring,4,3,,30
Ring,4,3,,30
Ring,4,3,,30
Ring,4,3,,30
Ring,4,3,,30
Ring,4,3,,30
Ring,4,3,,30
Ring,4,3,,30
Ring,4,3,,30
Ring,4,3,,30
Ring,4,3,,30
Ring,4,3,,30
Ring,4,3,,30
Ring,4,3,,30
Ring,4,3,,30
Ring,4,3,,30
Ring,4,3,,30
Ring,4,3,,30
Ring,4,3,,30
Ring,4,3,,30
Ring,4,3,,30
Ring,4,3,,30
Ring,4,3,,30
Ring,4,3,,30
Ring,4,3,,30
Ring,4,3,,30
Ring,4,3,,30
Ring,4,3,,30
Ring,4,3,,30
Ring,4,3,,30
Ring,4,3,,30
Ring,4,3,,30
Ring,4,3,,30
Ring,4,3,,30
Ring,4,3,,30
Ring,4,3,,30
Ring,4,3,,30
Ring,4,3,,30
Ring,4,3,,30
Ring,4,3,,30
Ring,4,3,,30
Ring,4,3,,30
Ring,4,3,,30
Ring,4,3,,30
Ring,4,3,,30
Ring,4,3,,30
Ring,4,3,,30
Ring,4,3,,30
Ring,4,3,,30
Ring,4,3,,30
Ring,4,3,,30
Ring,4,3,,30
Ring,4,3,,30
Ring,4,3,,30
Ring,4,3,,30
Ring,4,3,,30
Ring,4,3,,30
Ring,4,3,,30
Ring,4,3,,30
Ring,4,3,,30
Ring,4,3,,30
Ring,4,3,,30
Ring,4,3,,30
Ring,4,3,,30
Ring,4,3,,30
Ring,4,3,,30
Ring,4,3,,30
Ring,4,3,,30
Ring,4,3,,30
Ring,4,3,,30
Ring,4,3,,30
Ring,4,3,,30
Ring,4,3,,30
Ring,4,3,,30
Ring,4,3,,30
Ring,4,3,,30
Ring,4,3,,30
Ring,4,3,,30
Ring,4,3,,30
Ring,4,3,,30
Ring,4,3,,30
Ring,4,3,,30
Ring,4,3,,30
Ring,4,3,,30
Ring,4,3,,30
Ring,4,3,,30
Ring,4,3,,30
Ring,4,4,3.0,11
Ring,4,4,5.0,1
Ring,4,4,3.0,3
Ring,4,4,5.0,1
Ring,4,4,3.0,5
Ring,4,4,5.0,1
Ring,4,4,3.0,1
Ring,4,4,4.0,2
Ring,4,4,5.0,1
Ring,4,4,5.0,7
Ring,4,4,5.0,1
Ring,4,4,0.0,6
Ring,4,4,4.0,2
Ring,4,4,2.0,10
Ring,4,4,3.0,1
Ring,4,4,3.0,9
Ring,4,4,5.0,1
Ring,4,4,5.0,1
Ring,4,4,3.0,5
Ring,4,4,3.0,1
Ring,4,4,5.0,7
Ring,4,4,5.0,1
Ring,4,4,1.0,3
Ring,4,4,0.0,16
Ring,4,4,5.0,7
Ring,4,4,4.0,2
Ring,4,4,3.0,7
Ring,4,4,5.0,1
Ring,4,4,4.0,2
Ring,4,4,3.0,3
Ring,4,4,5.0,5
Ring,4,4,4.0,2
Ring,4,4,5.0,1
Ring,4,4,5.0,3
Ring,4,4,5.0,1
Ring,4,4,3.0,1
Ring,4,4,3.0,1
Ring,4,4,4.0,2
Ring,4,4,4.0,8
Ring,4,4,0.0,8
Ring,4,4,1.0,3
Ring,4,4,3.0,1
Ring,4,4,5.0,1
Ring,4,4,5.0,1
Ring,4,4,2.0,4
Ring,4,4,3.0,3
Ring,4,4,4.0,2
Ring,4,4,0.0,4
Ring,4,4,3.0,5
Ring,4,4,5.0,1
Ring,4,4,5.0,7
Ring,4,4,5.0,1
Ring,4,4,2.0,12
Ring,4,4,5.0,1
Ring,4,4,5.0,1
Ring,4,4,3.0,5
Ring,4,4,4.0,2
Ring,4,4,1.0,3
Ring,4,4,4.0,2
Ring,4,4,5.0,3
Ring,4,4,5.0,1
Ring,4,4,5.0,1
Ring,4,4,0.0,6
Ring,4,4,5.0,1
Ring,4,4,5.0,7
Ring,4,4,2.0,10
Ring,4,4,5.0,1
Ring,4,4,4.0,10
Ring,4,4,4.0,2
Ring,4,4,3.0,1
Ring,4,4,3.0,1
Ring,4,4,3.0,1
Ring,4,4,4.0,2
Ring,4,4,5.0,1
Ring,4,4,3.0,1
Ring,4,4,2.0,6
Ring,4,4,5.0,1
Ring,4,4,5.0,1
Ring,4,4,0.0,4
Ring,4,4,3.0,1
Ring,4,4,5.0,1
Ring,4,4,3.0,1
Ring,4,4,3.0,1
Ring,4,4,5.0,1
Ring,4,4,5.0,1
Ring,4,4,4.0,2
Ring,4,4,3.0,1
Ring,4,4,1.0,3
Ring,4,4,3.0,1
Ring,4,4,3.0,3
Ring,4,4,5.0,1
Ring,4,4,4.0,6
Ring,4,4,3.0,1
Ring,4,4,5.0,1
Ring,4,4,5.0,5
Ring,4,4,5.0,1
Ring,4,4,5.0,1
Ring,4,4,4.0,2
Ring,4,4,5.0,1
Ring,4,4,3.0,3
Ring,4,5,,30
Ring,4,5,,30
Ring,4,5,,30
Ring,4,5,,30
Ring,4,5,,30
Ring,4,5,,30
Ring,4,5,,30
Ring,4,5,,30
Ring,4,5,,30
Ring,4,5,,30
Ring,4,5,,30
Ring,4,5,,30
Ring,4,5,,30
Ring,4,5,,30
Ring,4,5,,30
Ring,4,5,,30
Ring,4,5,,30
Ring,4,5,,30
Ring,4,5,,30
Ring,4,5,,30
Ring,4,5,,30
Ring,4,5,,30
Ring,4,5,,30
Ring,4,5,,30
Ring,4,5,,30
Ring,4,5,,30
Ring,4,5,,30
Ring,4,5,,30
Ring,4,5,,30
Ring,4,5,,30
Ring,4,5,,30
Ring,4,5,,30
Ring,4,5,,30
Ring,4,5,,30
Ring,4,5,,30
Ring,4,5,,30
Ring,4,5,,30
Ring,4,5,,30
Ring,4,5,,30
Ring,4,5,,30
Ring,4,5,,30
Ring,4,5,,30
Ring,4,5,,30
Ring,4,5,,30
Ring,4,5,,30
Ring,4,5,,30
Ring,4,5,,30
Ring,4,5,,30
Ring,4,5,,30
Ring,4,5,,30
Ring,4,5,,30
Ring,4,5,,30
Ring,4,5,,30
Ring,4,5,,30
Ring,4,5,,30
Ring,4,5,,30
Ring,4,5,,30
Ring,4,5,,30
Ring,4,5,,30
Ring,4,5,,30
Ring,4,5,,30
Ring,4,5,,30
Ring,4,5,,30
Ring,4,5,,30
Ring,4,5,,30
Ring,4,5,,30
Ring,4,5,,30
Ring,4,5,,30
Ring,4,5,,30
Ring,4,5,,30
Ring,4,5,,30
Ring,4,5,,30
Ring,4,5,,30
Ring,4,5,,30
Ring,4,5,,30
Ring,4,5,,30
Ring,4,5,,30
Ring,4,5,,30
Ring,4,5,,30
Ring,4,5,,30
Ring,4,5,,30
Ring,4,5,,30
Ring,4,5,,30
Ring,4,5,,30
Ring,4,5,,30
Ring,4,5,,30
Ring,4,5,,30
Ring,4,5,,30
Ring,4,5,,30
Ring,4,5,,30
Ring,4,5,,30
Ring,4,5,,30
Ring,4,5,,30
Ring,4,5,,30
Ring,4,5,,30
Ring,4,5,,30
Ring,4,5,,30
Ring,4,5,,30
Ring,4,5,,30
Ring,4,5,,30
Ring,5,0,,30
Ring,5,0,,30
Ring,5,0,,30
Ring,5,0,,30
Ring,5,0,,30
Ring,5,0,,30
Ring,5,0,,30
Ring,5,0,,30
Ring,5,0,,30
Ring,5,0,,30
Ring,5,0,,30
Ring,5,0,,30
Ring,5,0,,30
Ring,5,0,,30
Ring,5,0,,30
Ring,5,0,,30
Ring,5,0,,30
Ring,5,0,,30
Ring,5,0,,30
Ring,5,0,,30
Ring,5,0,,30
Ring,5,0,,30
Ring,5,0,,30
Ring,5,0,,30
Ring,5,0,,30
Ring,5,0,,30
Ring,5,0,,30
Ring,5,0,,30
Ring,5,0,,30
Ring,5,0,,30
Ring,5,0,,30
Ring,5,0,,30
Ring,5,0,,30
Ring,5,0,,30
Ring,5,0,,30
Ring,5,0,,30
Ring,5,0,,30
Ring,5,0,,30
Ring,5,0,,30
Ring,5,0,,30
Ring,5,0,,30
Ring,5,0,,30
Ring,5,0,,30
Ring,5,0,,30
Ring,5,0,,30
Ring,5,0,,30
Ring,5,0,,30
Ring,5,0,,30
Ring,5,0,,30
Ring,5,0,,30
Ring,5,0,,30
Ring,5,0,,30
Ring,5,0,,30
Ring,5,0,,30
Ring,5,0,,30
Ring,5,0,,30
Ring,5,0,,30
Ring,5,0,,30
Ring,5,0,,30
Ring,5,0,,30
Ring,5,0,,30
Ring,5,0,,30
Ring,5,0,,30
Ring,5,0,,30
Ring,5,0,,30
Ring,5,0,,30
Ring,5,0,,30
Ring,5,0,,30
Ring,5,0,,30
Ring,5,0,,30
Ring,5,0,,30
Ring,5,0,,30
Ring,5,0,,30
Ring,5,0,,30
Ring,5,0,,30
Ring,5,0,,30
Ring,5,0,,30
Ring,5,0,,30
Ring,5,0,,30
Ring,5,0,,30
Ring,5,0,,30
Ring,5,0,,30
Ring,5,0,,30
Ring,5,0,,30
Ring,5,0,,30
Ring,5,0,,30
Ring,5,0,,30
Ring,5,0,,30
Ring,5,0,,30
Ring,5,0,,30
Ring,5,0,,30
Ring,5,0,,30
Ring,5,0,,30
Ring,5,0,,30
Ring,5,0,,30
Ring,5,0,,30
Ring,5,0,,30
Ring,5,0,,30
Ring,5,0,,30
Ring,5,0,,30
Ring,5,1,5.0,2
Ring,5,1,1.0,8
Ring,5,1,3.0,8
Ring,5,1,1.0,2
Ring,5,1,0.0,5
Ring,5,1,0.0,7
Ring,5,1,5.0,2
Ring,5,1,0.0,3
Ring,5,1,0.0,1
Ring,5,1,4.0,5
Ring,5,1,1.0,2
Ring,5,1,0.0,3
Ring,5,1,5.0,4
Ring,5,1,1.0,6
Ring,5,1,3.0,4
Ring,5,1,0.0,3
Ring,5,1,1.0,6
Ring,5,1,2.0,5
Ring,5,1,2.0,3
Ring,5,1,0.0,1
Ring,5,1,0.0,1
Ring,5,1,3.0,2
Ring,5,1,5.0,6
Ring,5,1,5.0,2
Ring,5,1,0.0,1
Ring,5,1,0.0,1
Ring,5,1,0.0,1
Ring,5,1,3.0,4
Ring,5,1,1.0,4
Ring,5,1,5.0,10
Ring,5,1,2.0,5
Ring,5,1,3.0,4
Ring,5,1,1.0,2
Ring,5,1,1.0,10
Ring,5,1,4.0,9
Ring,5,1,0.0,7
Ring,5,1,4.0,3
Ring,5,1,0.0,1
Ring,5,1,3.0,10
Ring,5,1,0.0,1
Ring,5,1,4.0,3
Ring,5,1,4.0,11
Ring,5,1,0.0,7
Ring,5,1,0.0,1
Ring,5,1,0.0,1
Ring,5,1,1.0,2
Ring,5,1,0.0,1
Ring,5,1,0.0,1
Ring,5,1,0.0,1
Ring,5,1,0.0,9
Ring,5,1,3.0,4
Ring,5,1,2.0,7
Ring,5,1,3.0,6
Ring,5,1,4.0,11
Ring,5,1,3.0,10
Ring,5,1,2.0,3
Ring,5,1,2.0,5
Ring,5,1,5.0,8
Ring,5,1,4.0,3
Ring,5,1,0.0,1
Ring,5,1,1.0,4
Ring,5,1,4.0,7
Ring,5,1,4.0,3
Ring,5,1,1.0,4
Ring,5,1,0.0,1
Ring,5,1,0.0,1
Ring,5,1,0.0,1
Ring,5,1,2.0,3
Ring,5,1,0.0,7
Ring,5,1,5.0,6
Ring,5,1,4.0,5
Ring,5,1,0.0,1
Ring,5,1,1.0,2
Ring,5,1,5.0,2
Ring,5,1,0.0,3
Ring,5,1,2.0,5
Ring,5,1,1.0,2
Ring,5,1,4.0,17
Ring,5,1,2.0,3
Ring,5,1,4.0,7
Ring,5,1,4.0,5
Ring,5,1,1.0,4
Ring,5,1,3.0,2
Ring,5,1,1.0,2
Ring,5,1,4.0,9
Ring,5,1,3.0,2
Ring,5,1,0.0,1
Ring,5,1,5.0,6
Ring,5,1,0.0,1
Ring,5,1,2.0,3
Ring,5,1,0.0,1
Ring,5,1,1.0,8
Ring,5,1,0.0,1
Ring,5,1,0.0,1
Ring,5,1,3.0,14
Ring,5,1,3.0,4
Ring,5,1,1.0,14
Ring,5,1,0.0,1
Ring,5,1,4.0,5
Ring,5,1,5.0,2
Ring,5,2,,30
Ring,5,2,,30
Ring,5,2,,30
Ring,5,2,,30
Ring,5,2,,30
Ring,5,2,,30
Ring,5,2,,30
Ring,5,2,,30
Ring,5,2,,30
Ring,5,2,,30
Ring,5,2,,30
Ring,5,2,,30
Ring,5,2,,30
Ring,5,2,,30
Ring,5,2,,30
Ring,5,2,,30
Ring,5,2,,30
Ring,5,2,,30
Ring,5,2,,30
Ring,5,2,,30
Ring,5,2,,30
Ring,5,2,,30
Ring,5,2,,30
Ring,5,2,,30
Ring,5,2,,30
Ring,5,2,,30
Ring,5,2,,30
Ring,5,2,,30
Ring,5,2,,30
Ring,5,2,,30
Ring,5,2,,30
Ring,5,2,,30
Ring,5,2,,30
Ring,5,2,,30
Ring,5,2,,30
Ring,5,2,,30
Ring,5,2,,30
Ring,5,2,,30
Ring,5,2,,30
Ring,5,2,,30
Ring,5,2,,30
Ring,5,2,,30
Ring,5,2,,30
Ring,5,2,,30
Ring,5,2,,30
Ring,5,2,,30
Ring,5,2,,30
Ring,5,2,,30
Ring,5,2,,30
Ring,5,2,,30
Ring,5,2,,30
Ring,5,2,,30
Ring,5,2,,30
Ring,5,2,,30
Ring,5,2,,30
Ring,5,2,,30
Ring,5,2,,30
Ring,5,2,,30
Ring,5,2,,30
Ring,5,2,,30
Ring,5,2,,30
Ring,5,2,,30
Ring,5,2,,30
Ring,5,2,,30
Ring,5,2,,30
Ring,5,2,,30
Ring,5,2,,30
Ring,5,2,,30
Ring,5,2,,30
Ring,5,2,,30
Ring,5,2,,30
Ring,5,2,,30
Ring,5,2,,30
Ring,5,2,,30
Ring,5,2,,30
Ring,5,2,,30
Ring,5,2,,30
Ring,5,2,,30
Ring,5,2,,30
Ring,5,2,,30
Ring,5,2,,30
Ring,5,2,,30
Ring,5,2,,30
Ring,5,2,,30
Ring,5,2,,30
Ring,5,2,,30
Ring,5,2,,30
Ring,5,2,,30
Ring,5,2,,30
Ring,5,2,,30
Ring,5,2,,30
Ring,5,2,,30
Ring,5,2,,30
Ring,5,2,,30
Ring,5,2,,30
Ring,5,2,,30
Ring,5,2,,30
Ring,5,2,,30
Ring,5,2,,30
Ring,5,2,,30
Ring,5,3,5.0,6
Ring,5,3,1.0,2
Ring,5,3,5.0,6
Ring,5,3,3.0,6
Ring,5,3,3.0,2
Ring,5,3,3.0,4
Ring,5,3,5.0,4
Ring,5,3,4.0,1
Ring,5,3,3.0,16
Ring,5,3,4.0,1
Ring,5,3,0.0,15
Ring,5,3,0.0,3
Ring,5,3,3.0,6
Ring,5,3,4.0,1
Ring,5,3,4.0,1
Ring,5,3,1.0,14
Ring,5,3,4.0,1
Ring,5,3,1.0,2
Ring,5,3,4.0,1
Ring,5,3,5.0,8
Ring,5,3,3.0,6
Ring,5,3,5.0,6
Ring,5,3,4.0,1
Ring,5,3,3.0,2
Ring,5,3,4.0,1
Ring,5,3,4.0,1
Ring,5,3,1.0,8
Ring,5,3,4.0,1
Ring,5,3,4.0,1
Ring,5,3,2.0,3
Ring,5,3,2.0,5
Ring,5,3,3.0,2
Ring,5,3,4.0,5
Ring,5,3,2.0,9
Ring,5,3,4.0,1
Ring,5,3,5.0,2
Ring,5,3,3.0,8
Ring,5,3,5.0,8
Ring,5,3,4.0,1
Ring,5,3,2.0,9
Ring,5,3,3.0,6
Ring,5,3,5.0,4
Ring,5,3,4.0,1
Ring,5,3,3.0,2
Ring,5,3,3.0,12
Ring,5,3,4.0,7
Ring,5,3,4.0,1
Ring,5,3,3.0,4
Ring,5,3,3.0,10
Ring,5,3,4.0,1
Ring,5,3,3.0,2
Ring,5,3,4.0,1
Ring,5,3,4.0,1
Ring,5,3,1.0,2
Ring,5,3,4.0,1
Ring,5,3,2.0,5
Ring,5,3,1.0,2
Ring,5,3,3.0,2
Ring,5,3,0.0,3
Ring,5,3,3.0,8
Ring,5,3,4.0,5
Ring,5,3,4.0,5
Ring,5,3,0.0,7
Ring,5,3,4.0,1
Ring,5,3,0.0,5
Ring,5,3,0.0,11
Ring,5,3,1.0,6
Ring,5,3,0.0,7
Ring,5,3,4.0,1
Ring,5,3,4.0,1
Ring,5,3,5.0,2
Ring,5,3,5.0,2
Ring,5,3,1.0,4
Ring,5,3,5.0,2
Ring,5,3,3.0,2
Ring,5,3,5.0,2
Ring,5,3,3.0,2
Ring,5,3,4.0,1
Ring,5,3,1.0,6
Ring,5,3,2.0,5
Ring,5,3,4.0,1
Ring,5,3,4.0,1
Ring,5,3,0.0,5
Ring,5,3,3.0,8
Ring,5,3,1.0,2
Ring,5,3,0.0,11
Ring,5,3,4.0,1
Ring,5,3,2.0,5
Ring,5,3,0.0,3
Ring,5,3,5.0,4
Ring,5,3,4.0,1
Ring,5,3,4.0,1
Ring,5,3,4.0,1
Ring,5,3,2.0,3
Ring,5,3,4.0,1
Ring,5,3,2.0,11
Ring,5,3,0.0,17
Ring,5,3,3.0,2
Ring,5,3,3.0,2
Ring,5,3,1.0,2
Ring,5,4,,30
Ring,5,4,,30
Ring,5,4,,30
Ring,5,4,,30
Ring,5,4,,30
Ring,5,4,,30
Ring,5,4,,30
Ring,5,4,,30
Ring,5,4,,30
Ring,5,4,,30
Ring,5,4,,30
Ring,5,4,,30
Ring,5,4,,30
Ring,5,4,,30
Ring,5,4,,30
Ring,5,4,,30
Ring,5,4,,30
Ring,5,4,,30
Ring,5,4,,30
Ring,5,4,,30
Ring,5,4,,30
Ring,5,4,,30
Ring,5,4,,30
Ring,5,4,,30
Ring,5,4,,30
Ring,5,4,,30
Ring,5,4,,30
Ring,5,4,,30
Ring,5,4,,30
Ring,5,4,,30
Ring,5,4,,30
Ring,5,4,,30
Ring,5,4,,30
Ring,5,4,,30
Ring,5,4,,30
Ring,5,4,,30
Ring,5,4,,30
Ring,5,4,,30
Ring,5,4,,30
Ring,5,4,,30
Ring,5,4,,30
Ring,5,4,,30
Ring,5,4,,30
Ring,5,4,,30
Ring,5,4,,30
Ring,5,4,,30
Ring,5,4,,30
Ring,5,4,,30
Ring,5,4,,30
Ring,5,4,,30
Ring,5,4,,30
Ring,5,4,,30
Ring,5,4,,30
Ring,5,4,,30
Ring,5,4,,30
Ring,5,4,,30
Ring,5,4,,30
Ring,5,4,,30
Ring,5,4,,30
Ring,5,4,,30
Ring,5,4,,30
Ring,5,4,,30
Ring,5,4,,30
Ring,5,4,,30
Ring,5,4,,30
Ring,5,4,,30
Ring,5,4,,30
Ring,5,4,,30
Ring,5,4,,30
Ring,5,4,,30
Ring,5,4,,30
Ring,5,4,,30
Ring,5,4,,30
Ring,5,4,,30
Ring,5,4,,30
Ring,5,4,,30
Ring,5,4,,30
Ring,5,4,,30
Ring,5,4,,30
Ring,5,4,,30
Ring,5,4,,30
Ring,5,4,,30
Ring,5,4,,30
Ring,5,4,,30
Ring,5,4,,30
Ring,5,4,,30
Ring,5,4,,30
Ring,5,4,,30
Ring,5,4,,30
Ring,5,4,,30
Ring,5,4,,30
Ring,5,4,,30
Ring,5,4,,30
Ring,5,4,,30
Ring,5,4,,30
Ring,5,4,,30
Ring,5,4,,30
Ring,5,4,,30
Ring,5,4,,30
Ring,5,4,,30
Ring,5,5,4.0,1
Ring,5,5,5.0,2
Ring,5,5,4.0,1
Ring,5,5,0.0,1
Ring,5,5,5.0,2
Ring,5,5,4.0,3
Ring,5,5,4.0,1
Ring,5,5,0.0,1
Ring,5,5,2.0,3
Ring,5,5,4.0,1
Ring,5,5,4.0,1
Ring,5,5,5.0,6
Ring,5,5,0.0,1
Ring,5,5,4.0,1
Ring,5,5,0.0,1
Ring,5,5,5.0,4
Ring,5,5,0.0,1
Ring,5,5,1.0,8
Ring,5,5,4.0,1
Ring,5,5,0.0,1
Ring,5,5,3.0,10
Ring,5,5,0.0,1
Ring,5,5,4.0,3
Ring,5,5,0.0,1
Ring,5,5,4.0,1
Ring,5,5,0.0,1
Ring,5,5,4.0,1
Ring,5,5,5.0,2
Ring,5,5,5.0,2
Ring,5,5,4.0,5
Ring,5,5,1.0,4
Ring,5,5,4.0,7
Ring,5,5,4.0,9
Ring,5,5,0.0,7
Ring,5,5,0.0,5
Ring,5,5,4.0,1
Ring,5,5,3.0,4
Ring,5,5,0.0,1
Ring,5,5,2.0,9
Ring,5,5,0.0,1
Ring,5,5,0.0,1
Ring,5,5,0.0,1
Ring,5,5,4.0,1
Ring,5,5,2.0,7
Ring,5,5,0.0,1
Ring,5,5,4.0,1
Ring,5,5,3.0,8
Ring,5,5,4.0,1
Ring,5,5,0.0,1
Ring,5,5,5.0,4
Ring,5,5,5.0,6
Ring,5,5,5.0,2
Ring,5,5,0.0,1
Ring,5,5,0.0,1
Ring,5,5,5.0,2
Ring,5,5,5.0,2
Ring,5,5,4.0,3
Ring,5,5,4.0,3
Ring,5,5,4.0,1
Ring,5,5,2.0,7
Ring,5,5,0.0,1
Ring,5,5,0.0,1
Ring,5,5,2.0,7
Ring,5,5,3.0,14
Ring,5,5,4.0,9
Ring,5,5,2.0,3
Ring,5,5,4.0,1
Ring,5,5,5.0,4
Ring,5,5,0.0,1
Ring,5,5,5.0,2
Ring,5,5,3.0,12
Ring,5,5,5.0,6
Ring,5,5,4.0,5
Ring,5,5,4.0,1
Ring,5,5,1.0,6
Ring,5,5,4.0,1
Ring,5,5,4.0,1
Ring,5,5,5.0,2
Ring,5,5,0.0,1
Ring,5,5,0.0,1
Ring,5,5,5.0,2
Ring,5,5,3.0,6
Ring,5,5,4.0,1
Ring,5,5,2.0,7
Ring,5,5,4.0,5
Ring,5,5,0.0,7
Ring,5,5,1.0,12
Ring,5,5,4.0,1
Ring,5,5,5.0,4
Ring,5,5,4.0,1
Ring,5,5,0.0,1
Ring,5,5,1.0,4
Ring,5,5,0.0,1
Ring,5,5,4.0,1
Ring,5,5,0.0,1
Ring,5,5,0.0,1
Ring,5,5,4.0,1
Ring,5,5,0.0,1
Ring,5,5,0.0,1
Ring,5,5,3.0,8
Star,0,0,0.0,2
Star,0,0,0.0,2
Star,0,0,0.0,2
Star,0,0,0.0,2
Star,0,0,0.0,2
Star,0,0,0.0,2
Star,0,0,5.0,1
Star,0,0,0.0,2
Star,0,0,0.0,2
Star,0,0,0.0,2
Star,0,0,0.0,2
Star,0,0,0.0,2
Star,0,0,1.0,1
Star,0,0,3.0,1
Star,0,0,0.0,2
Star,0,0,0.0,2
Star,0,0,0.0,2
Star,0,0,0.0,2
Star,0,0,0.0,2
Star,0,0,0.0,2
Star,0,0,1.0,1
Star,0,0,0.0,2
Star,0,0,0.0,2
Star,0,0,0.0,2
Star,0,0,0.0,2
Star,0,0,0.0,2
Star,0,0,3.0,1
Star,0,0,0.0,2
Star,0,0,0.0,2
Star,0,0,0.0,2
Star,0,0,0.0,2
Star,0,0,4.0,1
Star,0,0,0.0,2
Star,0,0,0.0,2
Star,0,0,0.0,2
Star,0,0,0.0,2
Star,0,0,0.0,2
Star,0,0,0.0,2
Star,0,0,0.0,2
Star,0,0,0.0,2
Star,0,0,0.0,2
Star,0,0,0.0,2
Star,0,0,0.0,2
Star,0,0,0.0,2
Star,0,0,0.0,2
Star,0,0,0.0,2
Star,0,0,1.0,1
Star,0,0,0.0,2
Star,0,0,0.0,2
Star,0,0,0.0,2
Star,0,0,0.0,2
Star,0,0,0.0,2
Star,0,0,0.0,2
Star,0,0,0.0,2
Star,0,0,0.0,2
Star,0,0,1.0,1
Star,0,0,0.0,2
Star,0,0,0.0,2
Star,0,0,0.0,2
Star,0,0,0.0,2
Star,0,0,0.0,2
Star,0,0,4.0,1
Star,0,0,3.0,1
Star,0,0,0.0,2
Star,0,0,0.0,2
Star,0,0,0.0,2
Star,0,0,2.0,1
Star,0,0,0.0,2
Star,0,0,0.0,2
Star,0,0,0.0,2
Star,0,0,0.0,2
Star,0,0,1.0,1
Star,0,0,0.0,2
Star,0,0,0.0,2
Star,0,0,0.0,2
Star,0,0,3.0,1
Star,0,0,0.0,2
Star,0,0,0.0,2
Star,0,0,0.0,2
Star,0,0,4.0,1
Star,0,0,4.0,1
Star,0,0,0.0,2
Star,0,0,0.0,2
Star,0,0,0.0,2
Star,0,0,0.0,2
Star,0,0,0.0,2
Star,0,0,4.0,1
Star,0,0,0.0,2
Star,0,0,0.0,2
Star,0,0,0.0,2
Star,0,0,3.0,1
Star,0,0,0.0,2
Star,0,0,0.0,2
Star,0,0,0.0,2
Star,0,0,0.0,2
Star,0,0,0.0,2
Star,0,0,0.0,2
Star,0,0,0.0,2
Star,0,0,0.0,2
Star,0,0,0.0,2
Star,0,1,,30
Star,0,1,,30
Star,0,1,,30
Star,0,1,,30
Star,0,1,,30
Star,0,1,,30
Star,0,1,,30
Star,0,1,,30
Star,0,1,,30
Star,0,1,,30
Star,0,1,,30
Star,0,1,,30
Star,0,1,,30
Star,0,1,,30
Star,0,1,,30
Star,0,1,,30
Star,0,1,,30
Star,0,1,,30
Star,0,1,,30
Star,0,1,,30
Star,0,1,,30
Star,0,1,,30
Star,0,1,,30
Star,0,1,,30
Star,0,1,,30
Star,0,1,,30
Star,0,1,,30
Star,0,1,,30
Star,0,1,,30
Star,0,1,,30
Star,0,1,,30
Star,0,1,,30
Star,0,1,,30
Star,0,1,,30
Star,0,1,,30
Star,0,1,,30
Star,0,1,,30
Star,0,1,,30
Star,0,1,,30
Star,0,1,,30
Star,0,1,,30
Star,0,1,,30
Star,0,1,,30
Star,0,1,,30
Star,0,1,,30
Star,0,1,,30
Star,0,1,,30
Star,0,1,,30
Star,0,1,,30
Star,0,1,,30
Star,0,1,,30
Star,0,1,,30
Star,0,1,,30
Star,0,1,,30
Star,0,1,,30
Star,0,1,,30
Star,0,1,,30
Star,0,1,,30
Star,0,1,,30
Star,0,1,,30
Star,0,1,,30
Star,0,1,,30
Star,0,1,,30
Star,0,1,,30
Star,0,1,,30
Star,0,1,,30
Star,0,1,,30
Star,0,1,,30
Star,0,1,,30
Star,0,1,,30
Star,0,1,,30
Star,0,1,,30
Star,0,1,,30
Star,0,1,,30
Star,0,1,,30
Star,0,1,,30
Star,0,1,,30
Star,0,1,,30
Star,0,1,,30
Star,0,1,,30
Star,0,1,,30
Star,0,1,,30
Star,0,1,,30
Star,0,1,,30
Star,0,1,,30
Star,0,1,,30
Star,0,1,,30
Star,0,1,,30
Star,0,1,,30
Star,0,1,,30
Star,0,1,,30
Star,0,1,,30
Star,0,1,,30
Star,0,1,,30
Star,0,1,,30
Star,0,1,,30
Star,0,1,,30
Star,0,1,,30
Star,0,1,,30
Star,0,1,,30
Star,0,2,,30
Star,0,2,,30
Star,0,2,,30
Star,0,2,,30
Star,0,2,,30
Star,0,2,,30
Star,0,2,,30
Star,0,2,,30
Star,0,2,,30
Star,0,2,,30
Star,0,2,,30
Star,0,2,,30
Star,0,2,,30
Star,0,2,,30
Star,0,2,,30
Star,0,2,,30
Star,0,2,,30
Star,0,2,,30
Star,0,2,,30
Star,0,2,,30
Star,0,2,,30
Star,0,2,,30
Star,0,2,,30
Star,0,2,,30
Star,0,2,,30
Star,0,2,,30
Star,0,2,,30
Star,0,2,,30
Star,0,2,,30
Star,0,2,,30
Star,0,2,,30
Star,0,2,,30
Star,0,2,,30
Star,0,2,,30
Star,0,2,,30
Star,0,2,,30
Star,0,2,,30
Star,0,2,,30
Star,0,2,,30
Star,0,2,,30
Star,0,2,,30
Star,0,2,,30
Star,0,2,,30
Star,0,2,,30
Star,0,2,,30
Star,0,2,,30
Star,0,2,,30
Star,0,2,,30
Star,0,2,,30
Star,0,2,,30
Star,0,2,,30
Star,0,2,,30
Star,0,2,,30
Star,0,2,,30
Star,0,2,,30
Star,0,2,,30
Star,0,2,,30
Star,0,2,,30
Star,0,2,,30
Star,0,2,,30
Star,0,2,,30
Star,0,2,,30
Star,0,2,,30
Star,0,2,,30
Star,0,2,,30
Star,0,2,,30
Star,0,2,,30
Star,0,2,,30
Star,0,2,,30
Star,0,2,,30
Star,0,2,,30
Star,0,2,,30
Star,0,2,,30
Star,0,2,,30
Star,0,2,,30
Star,0,2,,30
Star,0,2,,30
Star,0,2,,30
Star,0,2,,30
Star,0,2,,30
Star,0,2,,30
Star,0,2,,30
Star,0,2,,30
Star,0,2,,30
Star,0,2,,30
Star,0,2,,30
Star,0,2,,30
Star,0,2,,30
Star,0,2,,30
Star,0,2,,30
Star,0,2,,30
Star,0,2,,30
Star,0,2,,30
Star,0,2,,30
Star,0,2,,30
Star,0,2,,30
Star,0,2,,30
Star,0,2,,30
Star,0,2,,30
Star,0,2,,30
Star,0,3,,30
Star,0,3,,30
Star,0,3,,30
Star,0,3,,30
Star,0,3,,30
Star,0,3,,30
Star,0,3,,30
Star,0,3,,30
Star,0,3,,30
Star,0,3,,30
Star,0,3,,30
Star,0,3,,30
Star,0,3,,30
Star,0,3,,30
Star,0,3,,30
Star,0,3,,30
Star,0,3,,30
Star,0,3,,30
Star,0,3,,30
Star,0,3,,30
Star,0,3,,30
Star,0,3,,30
Star,0,3,,30
Star,0,3,,30
Star,0,3,,30
Star,0,3,,30
Star,0,3,,30
Star,0,3,,30
Star,0,3,,30
Star,0,3,,30
Star,0,3,,30
Star,0,3,,30
Star,0,3,,30
Star,0,3,,30
Star,0,3,,30
Star,0,3,,30
Star,0,3,,30
Star,0,3,,30
Star,0,3,,30
Star,0,3,,30
Star,0,3,,30
Star,0,3,,30
Star,0,3,,30
Star,0,3,,30
Star,0,3,,30
Star,0,3,,30
Star,0,3,,30
Star,0,3,,30
Star,0,3,,30
Star,0,3,,30
Star,0,3,,30
Star,0,3,,30
Star,0,3,,30
Star,0,3,,30
Star,0,3,,30
Star,0,3,,30
Star,0,3,,30
Star,0,3,,30
Star,0,3,,30
Star,0,3,,30
Star,0,3,,30
Star,0,3,,30
Star,0,3,,30
Star,0,3,,30
Star,0,3,,30
Star,0,3,,30
Star,0,3,,30
Star,0,3,,30
Star,0,3,,30
Star,0,3,,30
Star,0,3,,30
Star,0,3,,30
Star,0,3,,30
Star,0,3,,30
Star,0,3,,30
Star,0,3,,30
Star,0,3,,30
Star,0,3,,30
Star,0,3,,30
Star,0,3,,30
Star,0,3,,30
Star,0,3,,30
Star,0,3,,30
Star,0,3,,30
Star,0,3,,30
Star,0,3,,30
Star,0,3,,30
Star,0,3,,30
Star,0,3,,30
Star,0,3,,30
Star,0,3,,30
Star,0,3,,30
Star,0,3,,30
Star,0,3,,30
Star,0,3,,30
Star,0,3,,30
Star,0,3,,30
Star,0,3,,30
Star,0,3,,30
Star,0,3,,30
Star,0,4,,30
Star,0,4,,30
Star,0,4,,30
Star,0,4,,30
Star,0,4,,30
Star,0,4,,30
Star,0,4,,30
Star,0,4,,30
Star,0,4,,30
Star,0,4,,30
Star,0,4,,30
Star,0,4,,30
Star,0,4,,30
Star,0,4,,30
Star,0,4,,30
Star,0,4,,30
Star,0,4,,30
Star,0,4,,30
Star,0,4,,30
Star,0,4,,30
Star,0,4,,30
Star,0,4,,30
Star,0,4,,30
Star,0,4,,30
Star,0,4,,30
Star,0,4,,30
Star,0,4,,30
Star,0,4,,30
Star,0,4,,30
Star,0,4,,30
Star,0,4,,30
Star,0,4,,30
Star,0,4,,30
Star,0,4,,30
Star,0,4,,30
Star,0,4,,30
Star,0,4,,30
Star,0,4,,30
Star,0,4,,30
Star,0,4,,30
Star,0,4,,30
Star,0,4,,30
Star,0,4,,30
Star,0,4,,30
Star,0,4,,30
Star,0,4,,30
Star,0,4,,30
Star,0,4,,30
Star,0,4,,30
Star,0,4,,30
Star,0,4,,30
Star,0,4,,30
Star,0,4,,30
Star,0,4,,30
Star,0,4,,30
Star,0,4,,30
Star,0,4,,30
Star,0,4,,30
Star,0,4,,30
Star,0,4,,30
Star,0,4,,30
Star,0,4,,30
Star,0,4,,30
Star,0,4,,30
Star,0,4,,30
Star,0,4,,30
Star,0,4,,30
Star,0,4,,30
Star,0,4,,30
Star,0,4,,30
Star,0,4,,30
Star,0,4,,30
Star,0,4,,30
Star,0,4,,30
Star,0,4,,30
Star,0,4,,30
Star,0,4,,30
Star,0,4,,30
Star,0,4,,30
Star,0,4,,30
Star,0,4,,30
Star,0,4,,30
Star,0,4,,30
Star,0,4,,30
Star,0,4,,30
Star,0,4,,30
Star,0,4,,30
Star,0,4,,30
Star,0,4,,30
Star,0,4,,30
Star,0,4,,30
Star,0,4,,30
Star,0,4,,30
Star,0,4,,30
Star,0,4,,30
Star,0,4,,30
Star,0,4,,30
Star,0,4,,30
Star,0,4,,30
Star,0,4,,30
Star,0,5,,30
Star,0,5,,30
Star,0,5,,30
Star,0,5,,30
Star,0,5,,30
Star,0,5,,30
Star,0,5,,30
Star,0,5,,30
Star,0,5,,30
Star,0,5,,30
Star,0,5,,30
Star,0,5,,30
Star,0,5,,30
Star,0,5,,30
Star,0,5,,30
Star,0,5,,30
Star,0,5,,30
Star,0,5,,30
Star,0,5,,30
Star,0,5,,30
Star,0,5,,30
Star,0,5,,30
Star,0,5,,30
Star,0,5,,30
Star,0,5,,30
Star,0,5,,30
Star,0,5,,30
Star,0,5,,30
Star,0,5,,30
Star,0,5,,30
Star,0,5,,30
Star,0,5,,30
Star,0,5,,30
Star,0,5,,30
Star,0,5,,30
Star,0,5,,30
Star,0,5,,30
Star,0,5,,30
Star,0,5,,30
Star,0,5,,30
Star,0,5,,30
Star,0,5,,30
Star,0,5,,30
Star,0,5,,30
Star,0,5,,30
Star,0,5,,30
Star,0,5,,30
Star,0,5,,30
Star,0,5,,30
Star,0,5,,30
Star,0,5,,30
Star,0,5,,30
Star,0,5,,30
Star,0,5,,30
Star,0,5,,30
Star,0,5,,30
Star,0,5,,30
Star,0,5,,30
Star,0,5,,30
Star,0,5,,30
Star,0,5,,30
Star,0,5,,30
Star,0,5,,30
Star,0,5,,30
Star,0,5,,30
Star,0,5,,30
Star,0,5,,30
Star,0,5,,30
Star,0,5,,30
Star,0,5,,30
Star,0,5,,30
Star,0,5,,30
Star,0,5,,30
Star,0,5,,30
Star,0,5,,30
Star,0,5,,30
Star,0,5,,30
Star,0,5,,30
Star,0,5,,30
Star,0,5,,30
Star,0,5,,30
Star,0,5,,30
Star,0,5,,30
Star,0,5,,30
Star,0,5,,30
Star,0,5,,30
Star,0,5,,30
Star,0,5,,30
Star,0,5,,30
Star,0,5,,30
Star,0,5,,30
Star,0,5,,30
Star,0,5,,30
Star,0,5,,30
Star,0,5,,30
Star,0,5,,30
Star,0,5,,30
Star,0,5,,30
Star,0,5,,30
Star,0,5,,30
Star,1,0,,30
Star,1,0,,30
Star,1,0,,30
Star,1,0,,30
Star,1,0,,30
Star,1,0,,30
Star,1,0,,30
Star,1,0,,30
Star,1,0,,30
Star,1,0,,30
Star,1,0,,30
Star,1,0,,30
Star,1,0,,30
Star,1,0,,30
Star,1,0,,30
Star,1,0,,30
Star,1,0,,30
Star,1,0,,30
Star,1,0,,30
Star,1,0,,30
Star,1,0,,30
Star,1,0,,30
Star,1,0,,30
Star,1,0,,30
Star,1,0,,30
Star,1,0,,30
Star,1,0,,30
Star,1,0,,30
Star,1,0,,30
Star,1,0,,30
Star,1,0,,30
Star,1,0,,30
Star,1,0,,30
Star,1,0,,30
Star,1,0,,30
Star,1,0,,30
Star,1,0,,30
Star,1,0,,30
Star,1,0,,30
Star,1,0,,30
Star,1,0,,30
Star,1,0,,30
Star,1,0,,30
Star,1,0,,30
Star,1,0,,30
Star,1,0,,30
Star,1,0,,30
Star,1,0,,30
Star,1,0,,30
Star,1,0,,30
Star,1,0,,30
Star,1,0,,30
Star,1,0,,30
Star,1,0,,30
Star,1,0,,30
Star,1,0,,30
Star,1,0,,30
Star,1,0,,30
Star,1,0,,30
Star,1,0,,30
Star,1,0,,30
Star,1,0,,30
Star,1,0,,30
Star,1,0,,30
Star,1,0,,30
Star,1,0,,30
Star,1,0,,30
Star,1,0,,30
Star,1,0,,30
Star,1,0,,30
Star,1,0,,30
Star,1,0,,30
Star,1,0,,30
Star,1,0,,30
Star,1,0,,30
Star,1,0,,30
Star,1,0,,30
Star,1,0,,30
Star,1,0,,30
Star,1,0,,30
Star,1,0,,30
Star,1,0,,30
Star,1,0,,30
Star,1,0,,30
Star,1,0,,30
Star,1,0,,30
Star,1,0,,30
Star,1,0,,30
Star,1,0,,30
Star,1,0,,30
Star,1,0,,30
Star,1,0,,30
Star,1,0,,30
Star,1,0,,30
Star,1,0,,30
Star,1,0,,30
Star,1,0,,30
Star,1,0,,30
Star,1,0,,30
Star,1,0,,30
Star,1,1,0.0,1
Star,1,1,0.0,1
Star,1,1,0.0,1
Star,1,1,0.0,1
Star,1,1,0.0,1
Star,1,1,0.0,1
Star,1,1,0.0,1
Star,1,1,0.0,1
Star,1,1,0.0,1
Star,1,1,0.0,1
Star,1,1,0.0,1
Star,1,1,0.0,1
Star,1,1,0.0,1
Star,1,1,0.0,1
Star,1,1,0.0,1
Star,1,1,0.0,1
Star,1,1,0.0,1
Star,1,1,0.0,1
Star,1,1,0.0,1
Star,1,1,0.0,1
Star,1,1,0.0,1
Star,1,1,0.0,1
Star,1,1,0.0,1
Star,1,1,0.0,1
Star,1,1,0.0,1
Star,1,1,0.0,1
Star,1,1,0.0,1
Star,1,1,0.0,1
Star,1,1,0.0,1
Star,1,1,0.0,1
Star,1,1,0.0,1
Star,1,1,0.0,1
Star,1,1,0.0,1
Star,1,1,0.0,1
Star,1,1,0.0,1
Star,1,1,0.0,1
Star,1,1,0.0,1
Star,1,1,0.0,1
Star,1,1,0.0,1
Star,1,1,0.0,1
Star,1,1,0.0,1
Star,1,1,0.0,1
Star,1,1,0.0,1
Star,1,1,0.0,1
Star,1,1,0.0,1
Star,1,1,0.0,1
Star,1,1,0.0,1
Star,1,1,0.0,1
Star,1,1,0.0,1
Star,1,1,0.0,1
Star,1,1,0.0,1
Star,1,1,0.0,1
Star,1,1,0.0,1
Star,1,1,0.0,1
Star,1,1,0.0,1
Star,1,1,0.0,1
Star,1,1,0.0,1
Star,1,1,0.0,1
Star,1,1,0.0,1
Star,1,1,0.0,1
Star,1,1,0.0,1
Star,1,1,0.0,1
Star,1,1,0.0,1
Star,1,1,0.0,1
Star,1,1,0.0,1
Star,1,1,0.0,1
Star,1,1,0.0,1
Star,1,1,0.0,1
Star,1,1,0.0,1
Star,1,1,0.0,1
Star,1,1,0.0,1
Star,1,1,0.0,1
Star,1,1,0.0,1
Star,1,1,0.0,1
Star,1,1,0.0,1
Star,1,1,0.0,1
Star,1,1,0.0,1
Star,1,1,0.0,1
Star,1,1,0.0,1
Star,1,1,0.0,1
Star,1,1,0.0,1
Star,1,1,0.0,1
Star,1,1,0.0,1
Star,1,1,0.0,1
Star,1,1,0.0,1
Star,1,1,0.0,1
Star,1,1,0.0,1
Star,1,1,0.0,1
Star,1,1,0.0,1
Star,1,1,0.0,1
Star,1,1,0.0,1
Star,1,1,0.0,1
Star,1,1,0.0,1
Star,1,1,0.0,1
Star,1,1,0.0,1
Star,1,1,0.0,1
Star,1,1,0.0,1
Star,1,1,0.0,1
Star,1,1,0.0,1
Star,1,1,0.0,1
Star,1,2,0.0,1
Star,1,2,0.0,1
Star,1,2,0.0,1
Star,1,2,0.0,1
Star,1,2,0.0,1
Star,1,2,0.0,1
Star,1,2,0.0,1
Star,1,2,0.0,1
Star,1,2,0.0,1
Star,1,2,0.0,1
Star,1,2,0.0,1
Star,1,2,0.0,1
Star,1,2,0.0,1
Star,1,2,0.0,1
Star,1,2,0.0,1
Star,1,2,0.0,1
Star,1,2,0.0,1
Star,1,2,0.0,1
Star,1,2,0.0,1
Star,1,2,0.0,1
Star,1,2,0.0,1
Star,1,2,0.0,1
Star,1,2,0.0,1
Star,1,2,0.0,1
Star,1,2,0.0,1
Star,1,2,0.0,1
Star,1,2,0.0,1
Star,1,2,0.0,1
Star,1,2,0.0,1
Star,1,2,0.0,1
Star,1,2,0.0,1
Star,1,2,0.0,1
Star,1,2,0.0,1
Star,1,2,0.0,1
Star,1,2,0.0,1
Star,1,2,0.0,1
Star,1,2,0.0,1
Star,1,2,0.0,1
Star,1,2,0.0,1
Star,1,2,0.0,1
Star,1,2,0.0,1
Star,1,2,0.0,1
Star,1,2,0.0,1
Star,1,2,0.0,1
Star,1,2,0.0,1
Star,1,2,0.0,1
Star,1,2,0.0,1
Star,1,2,0.0,1
Star,1,2,0.0,1
Star,1,2,0.0,1
Star,1,2,0.0,1
Star,1,2,0.0,1
Star,1,2,0.0,1
Star,1,2,0.0,1
Star,1,2,0.0,1
Star,1,2,0.0,1
Star,1,2,0.0,1
Star,1,2,0.0,1
Star,1,2,0.0,1
Star,1,2,0.0,1
Star,1,2,0.0,1
Star,1,2,0.0,1
Star,1,2,0.0,1
Star,1,2,0.0,1
Star,1,2,0.0,1
Star,1,2,0.0,1
Star,1,2,0.0,1
Star,1,2,0.0,1
Star,1,2,0.0,1
Star,1,2,0.0,1
Star,1,2,0.0,1
Star,1,2,0.0,1
Star,1,2,0.0,1
Star,1,2,0.0,1
Star,1,2,0.0,1
Star,1,2,0.0,1
Star,1,2,0.0,1
Star,1,2,0.0,1
Star,1,2,0.0,1
Star,1,2,0.0,1
Star,1,2,0.0,1
Star,1,2,0.0,1
Star,1,2,0.0,1
Star,1,2,0.0,1
Star,1,2,0.0,1
Star,1,2,0.0,1
Star,1,2,0.0,1
Star,1,2,0.0,1
Star,1,2,0.0,1
Star,1,2,0.0,1
Star,1,2,0.0,1
Star,1,2,0.0,1
Star,1,2,0.0,1
Star,1,2,0.0,1
Star,1,2,0.0,1
Star,1,2,0.0,1
Star,1,2,0.0,1
Star,1,2,0.0,1
Star,1,2,0.0,1
Star,1,2,0.0,1
Star,1,3,0.0,1
Star,1,3,0.0,1
Star,1,3,0.0,1
Star,1,3,0.0,1
Star,1,3,0.0,1
Star,1,3,0.0,1
Star,1,3,0.0,1
Star,1,3,0.0,1
Star,1,3,0.0,1
Star,1,3,0.0,1
Star,1,3,0.0,1
Star,1,3,0.0,1
Star,1,3,0.0,1
Star,1,3,0.0,1
Star,1,3,0.0,1
Star,1,3,0.0,1
Star,1,3,0.0,1
Star,1,3,0.0,1
Star,1,3,0.0,1
Star,1,3,0.0,1
Star,1,3,0.0,1
Star,1,3,0.0,1
Star,1,3,0.0,1
Star,1,3,0.0,1
Star,1,3,0.0,1
Star,1,3,0.0,1
Star,1,3,0.0,1
Star,1,3,0.0,1
Star,1,3,0.0,1
Star,1,3,0.0,1
Star,1,3,0.0,1
Star,1,3,0.0,1
Star,1,3,0.0,1
Star,1,3,0.0,1
Star,1,3,0.0,1
Star,1,3,0.0,1
Star,1,3,0.0,1
Star,1,3,0.0,1
Star,1,3,0.0,1
Star,1,3,0.0,1
Star,1,3,0.0,1
Star,1,3,0.0,1
Star,1,3,0.0,1
Star,1,3,0.0,1
Star,1,3,0.0,1
Star,1,3,0.0,1
Star,1,3,0.0,1
Star,1,3,0.0,1
Star,1,3,0.0,1
Star,1,3,0.0,1
Star,1,3,0.0,1
Star,1,3,0.0,1
Star,1,3,0.0,1
Star,1,3,0.0,1
Star,1,3,0.0,1
Star,1,3,0.0,1
Star,1,3,0.0,1
Star,1,3,0.0,1
Star,1,3,0.0,1
Star,1,3,0.0,1
Star,1,3,0.0,1
Star,1,3,0.0,1
Star,1,3,0.0,1
Star,1,3,0.0,1
Star,1,3,0.0,1
Star,1,3,0.0,1
Star,1,3,0.0,1
Star,1,3,0.0,1
Star,1,3,0.0,1
Star,1,3,0.0,1
Star,1,3,0.0,1
Star,1,3,0.0,1
Star,1,3,0.0,1
Star,1,3,0.0,1
Star,1,3,0.0,1
Star,1,3,0.0,1
Star,1,3,0.0,1
Star,1,3,0.0,1
Star,1,3,0.0,1
Star,1,3,0.0,1
Star,1,3,0.0,1
Star,1,3,0.0,1
Star,1,3,0.0,1
Star,1,3,0.0,1
Star,1,3,0.0,1
Star,1,3,0.0,1
Star,1,3,0.0,1
Star,1,3,0.0,1
Star,1,3,0.0,1
Star,1,3,0.0,1
Star,1,3,0.0,1
Star,1,3,0.0,1
Star,1,3,0.0,1
Star,1,3,0.0,1
Star,1,3,0.0,1
Star,1,3,0.0,1
Star,1,3,0.0,1
Star,1,3,0.0,1
Star,1,3,0.0,1
Star,1,3,0.0,1
Star,1,4,0.0,1
Star,1,4,0.0,1
Star,1,4,0.0,1
Star,1,4,0.0,1
Star,1,4,0.0,1
Star,1,4,0.0,1
Star,1,4,0.0,1
Star,1,4,0.0,1
Star,1,4,0.0,1
Star,1,4,0.0,1
Star,1,4,0.0,1
Star,1,4,0.0,1
Star,1,4,0.0,1
Star,1,4,0.0,1
Star,1,4,0.0,1
Star,1,4,0.0,1
Star,1,4,0.0,1
Star,1,4,0.0,1
Star,1,4,0.0,1
Star,1,4,0.0,1
Star,1,4,0.0,1
Star,1,4,0.0,1
Star,1,4,0.0,1
Star,1,4,0.0,1
Star,1,4,0.0,1
Star,1,4,0.0,1
Star,1,4,0.0,1
Star,1,4,0.0,1
Star,1,4,0.0,1
Star,1,4,0.0,1
Star,1,4,0.0,1
Star,1,4,0.0,1
Star,1,4,0.0,1
Star,1,4,0.0,1
Star,1,4,0.0,1
Star,1,4,0.0,1
Star,1,4,0.0,1
Star,1,4,0.0,1
Star,1,4,0.0,1
Star,1,4,0.0,1
Star,1,4,0.0,1
Star,1,4,0.0,1
Star,1,4,0.0,1
Star,1,4,0.0,1
Star,1,4,0.0,1
Star,1,4,0.0,1
Star,1,4,0.0,1
Star,1,4,0.0,1
Star,1,4,0.0,1
Star,1,4,0.0,1
Star,1,4,0.0,1
Star,1,4,0.0,1
Star,1,4,0.0,1
Star,1,4,0.0,1
Star,1,4,0.0,1
Star,1,4,0.0,1
Star,1,4,0.0,1
Star,1,4,0.0,1
Star,1,4,0.0,1
Star,1,4,0.0,1
Star,1,4,0.0,1
Star,1,4,0.0,1
Star,1,4,0.0,1
Star,1,4,0.0,1
Star,1,4,0.0,1
Star,1,4,0.0,1
Star,1,4,0.0,1
Star,1,4,0.0,1
Star,1,4,0.0,1
Star,1,4,0.0,1
Star,1,4,0.0,1
Star,1,4,0.0,1
Star,1,4,0.0,1
Star,1,4,0.0,1
Star,1,4,0.0,1
Star,1,4,0.0,1
Star,1,4,0.0,1
Star,1,4,0.0,1
Star,1,4,0.0,1
Star,1,4,0.0,1
Star,1,4,0.0,1
Star,1,4,0.0,1
Star,1,4,0.0,1
Star,1,4,0.0,1
Star,1,4,0.0,1
Star,1,4,0.0,1
Star,1,4,0.0,1
Star,1,4,0.0,1
Star,1,4,0.0,1
Star,1,4,0.0,1
Star,1,4,0.0,1
Star,1,4,0.0,1
Star,1,4,0.0,1
Star,1,4,0.0,1
Star,1,4,0.0,1
Star,1,4,0.0,1
Star,1,4,0.0,1
Star,1,4,0.0,1
Star,1,4,0.0,1
Star,1,4,0.0,1
Star,1,5,0.0,1
Star,1,5,0.0,1
Star,1,5,0.0,1
Star,1,5,0.0,1
Star,1,5,0.0,1
Star,1,5,0.0,1
Star,1,5,0.0,1
Star,1,5,0.0,1
Star,1,5,0.0,1
Star,1,5,0.0,1
Star,1,5,0.0,1
Star,1,5,0.0,1
Star,1,5,0.0,1
Star,1,5,0.0,1
Star,1,5,0.0,1
Star,1,5,0.0,1
Star,1,5,0.0,1
Star,1,5,0.0,1
Star,1,5,0.0,1
Star,1,5,0.0,1
Star,1,5,0.0,1
Star,1,5,0.0,1
Star,1,5,0.0,1
Star,1,5,0.0,1
Star,1,5,0.0,1
Star,1,5,0.0,1
Star,1,5,0.0,1
Star,1,5,0.0,1
Star,1,5,0.0,1
Star,1,5,0.0,1
Star,1,5,0.0,1
Star,1,5,0.0,1
Star,1,5,0.0,1
Star,1,5,0.0,1
Star,1,5,0.0,1
Star,1,5,0.0,1
Star,1,5,0.0,1
Star,1,5,0.0,1
Star,1,5,0.0,1
Star,1,5,0.0,1
Star,1,5,0.0,1
Star,1,5,0.0,1
Star,1,5,0.0,1
Star,1,5,0.0,1
Star,1,5,0.0,1
Star,1,5,0.0,1
Star,1,5,0.0,1
Star,1,5,0.0,1
Star,1,5,0.0,1
Star,1,5,0.0,1
Star,1,5,0.0,1
Star,1,5,0.0,1
Star,1,5,0.0,1
Star,1,5,0.0,1
Star,1,5,0.0,1
Star,1,5,0.0,1
Star,1,5,0.0,1
Star,1,5,0.0,1
Star,1,5,0.0,1
Star,1,5,0.0,1
Star,1,5,0.0,1
Star,1,5,0.0,1
Star,1,5,0.0,1
Star,1,5,0.0,1
Star,1,5,0.0,1
Star,1,5,0.0,1
Star,1,5,0.0,1
Star,1,5,0.0,1
Star,1,5,0.0,1
Star,1,5,0.0,1
Star,1,5,0.0,1
Star,1,5,0.0,1
Star,1,5,0.0,1
Star,1,5,0.0,1
Star,1,5,0.0,1
Star,1,5,0.0,1
Star,1,5,0.0,1
Star,1,5,0.0,1
Star,1,5,0.0,1
Star,1,5,0.0,1
Star,1,5,0.0,1
Star,1,5,0.0,1
Star,1,5,0.0,1
Star,1,5,0.0,1
Star,1,5,0.0,1
Star,1,5,0.0,1
Star,1,5,0.0,1
Star,1,5,0.0,1
Star,1,5,0.0,1
Star,1,5,0.0,1
Star,1,5,0.0,1
Star,1,5,0.0,1
Star,1,5,0.0,1
Star,1,5,0.0,1
Star,1,5,0.0,1
Star,1,5,0.0,1
Star,1,5,0.0,1
Star,1,5,0.0,1
Star,1,5,0.0,1
Star,1,5,0.0,1
Star,2,0,,30
Star,2,0,,30
Star,2,0,,30
Star,2,0,,30
Star,2,0,,30
Star,2,0,,30
Star,2,0,,30
Star,2,0,,30
Star,2,0,,30
Star,2,0,,30
Star,2,0,,30
Star,2,0,,30
Star,2,0,,30
Star,2,0,,30
Star,2,0,,30
Star,2,0,,30
Star,2,0,,30
Star,2,0,,30
Star,2,0,,30
Star,2,0,,30
Star,2,0,,30
Star,2,0,,30
Star,2,0,,30
Star,2,0,,30
Star,2,0,,30
Star,2,0,,30
Star,2,0,,30
Star,2,0,,30
Star,2,0,,30
Star,2,0,,30
Star,2,0,,30
Star,2,0,,30
Star,2,0,,30
Star,2,0,,30
Star,2,0,,30
Star,2,0,,30
Star,2,0,,30
Star,2,0,,30
Star,2,0,,30
Star,2,0,,30
Star,2,0,,30
Star,2,0,,30
Star,2,0,,30
Star,2,0,,30
Star,2,0,,30
Star,2,0,,30
Star,2,0,,30
Star,2,0,,30
Star,2,0,,30
Star,2,0,,30
Star,2,0,,30
Star,2,0,,30
Star,2,0,,30
Star,2,0,,30
Star,2,0,,30
Star,2,0,,30
Star,2,0,,30
Star,2,0,,30
Star,2,0,,30
Star,2,0,,30
Star,2,0,,30
Star,2,0,,30
Star,2,0,,30
Star,2,0,,30
Star,2,0,,30
Star,2,0,,30
Star,2,0,,30
Star,2,0,,30
Star,2,0,,30
Star,2,0,,30
Star,2,0,,30
Star,2,0,,30
Star,2,0,,30
Star,2,0,,30
Star,2,0,,30
Star,2,0,,30
Star,2,0,,30
Star,2,0,,30
Star,2,0,,30
Star,2,0,,30
Star,2,0,,30
Star,2,0,,30
Star,2,0,,30
Star,2,0,,30
Star,2,0,,30
Star,2,0,,30
Star,2,0,,30
Star,2,0,,30
Star,2,0,,30
Star,2,0,,30
Star,2,0,,30
Star,2,0,,30
Star,2,0,,30
Star,2,0,,30
Star,2,0,,30
Star,2,0,,30
Star,2,0,,30
Star,2,0,,30
Star,2,0,,30
Star,2,0,,30
Star,2,1,0.0,1
Star,2,1,0.0,1
Star,2,1,0.0,1
Star,2,1,0.0,1
Star,2,1,0.0,1
Star,2,1,0.0,1
Star,2,1,0.0,1
Star,2,1,0.0,1
Star,2,1,0.0,1
Star,2,1,0.0,1
Star,2,1,0.0,1
Star,2,1,0.0,1
Star,2,1,0.0,1
Star,2,1,0.0,1
Star,2,1,0.0,1
Star,2,1,0.0,1
Star,2,1,0.0,1
Star,2,1,0.0,1
Star,2,1,0.0,1
Star,2,1,0.0,1
Star,2,1,0.0,1
Star,2,1,0.0,1
Star,2,1,0.0,1
Star,2,1,0.0,1
Star,2,1,0.0,1
Star,2,1,0.0,1
Star,2,1,0.0,1
Star,2,1,0.0,1
Star,2,1,0.0,1
Star,2,1,0.0,1
Star,2,1,0.0,1
Star,2,1,0.0,1
Star,2,1,0.0,1
Star,2,1,0.0,1
Star,2,1,0.0,1
Star,2,1,0.0,1
Star,2,1,0.0,1
Star,2,1,0.0,1
Star,2,1,0.0,1
Star,2,1,0.0,1
Star,2,1,0.0,1
Star,2,1,0.0,1
Star,2,1,0.0,1
Star,2,1,0.0,1
Star,2,1,0.0,1
Star,2,1,0.0,1
Star,2,1,0.0,1
Star,2,1,0.0,1
Star,2,1,0.0,1
Star,2,1,0.0,1
Star,2,1,0.0,1
Star,2,1,0.0,1
Star,2,1,0.0,1
Star,2,1,0.0,1
Star,2,1,0.0,1
Star,2,1,0.0,1
Star,2,1,0.0,1
Star,2,1,0.0,1
Star,2,1,0.0,1
Star,2,1,0.0,1
Star,2,1,0.0,1
Star,2,1,0.0,1
Star,2,1,0.0,1
Star,2,1,0.0,1
Star,2,1,0.0,1
Star,2,1,0.0,1
Star,2,1,0.0,1
Star,2,1,0.0,1
Star,2,1,0.0,1
Star,2,1,0.0,1
Star,2,1,0.0,1
Star,2,1,0.0,1
Star,2,1,0.0,1
Star,2,1,0.0,1
Star,2,1,0.0,1
Star,2,1,0.0,1
Star,2,1,0.0,1
Star,2,1,0.0,1
Star,2,1,0.0,1
Star,2,1,0.0,1
Star,2,1,0.0,1
Star,2,1,0.0,1
Star,2,1,0.0,1
Star,2,1,0.0,1
Star,2,1,0.0,1
Star,2,1,0.0,1
Star,2,1,0.0,1
Star,2,1,0.0,1
Star,2,1,0.0,1
Star,2,1,0.0,1
Star,2,1,0.0,1
Star,2,1,0.0,1
Star,2,1,0.0,1
Star,2,1,0.0,1
Star,2,1,0.0,1
Star,2,1,0.0,1
Star,2,1,0.0,1
Star,2,1,0.0,1
Star,2,1,0.0,1
Star,2,1,0.0,1
Star,2,2,0.0,1
Star,2,2,0.0,1
Star,2,2,0.0,1
Star,2,2,0.0,1
Star,2,2,0.0,1
Star,2,2,0.0,1
Star,2,2,0.0,1
Star,2,2,0.0,1
Star,2,2,0.0,1
Star,2,2,0.0,1
Star,2,2,0.0,1
Star,2,2,0.0,1
Star,2,2,0.0,1
Star,2,2,0.0,1
Star,2,2,0.0,1
Star,2,2,0.0,1
Star,2,2,0.0,1
Star,2,2,0.0,1
Star,2,2,0.0,1
Star,2,2,0.0,1
Star,2,2,0.0,1
Star,2,2,0.0,1
Star,2,2,0.0,1
Star,2,2,0.0,1
Star,2,2,0.0,1
Star,2,2,0.0,1
Star,2,2,0.0,1
Star,2,2,0.0,1
Star,2,2,0.0,1
Star,2,2,0.0,1
Star,2,2,0.0,1
Star,2,2,0.0,1
Star,2,2,0.0,1
Star,2,2,0.0,1
Star,2,2,0.0,1
Star,2,2,0.0,1
Star,2,2,0.0,1
Star,2,2,0.0,1
Star,2,2,0.0,1
Star,2,2,0.0,1
Star,2,2,0.0,1
Star,2,2,0.0,1
Star,2,2,0.0,1
Star,2,2,0.0,1
Star,2,2,0.0,1
Star,2,2,0.0,1
Star,2,2,0.0,1
Star,2,2,0.0,1
Star,2,2,0.0,1
Star,2,2,0.0,1
Star,2,2,0.0,1
Star,2,2,0.0,1
Star,2,2,0.0,1
Star,2,2,0.0,1
Star,2,2,0.0,1
Star,2,2,0.0,1
Star,2,2,0.0,1
Star,2,2,0.0,1
Star,2,2,0.0,1
Star,2,2,0.0,1
Star,2,2,0.0,1
Star,2,2,0.0,1
Star,2,2,0.0,1
Star,2,2,0.0,1
Star,2,2,0.0,1
Star,2,2,0.0,1
Star,2,2,0.0,1
Star,2,2,0.0,1
Star,2,2,0.0,1
Star,2,2,0.0,1
Star,2,2,0.0,1
Star,2,2,0.0,1
Star,2,2,0.0,1
Star,2,2,0.0,1
Star,2,2,0.0,1
Star,2,2,0.0,1
Star,2,2,0.0,1
Star,2,2,0.0,1
Star,2,2,0.0,1
Star,2,2,0.0,1
Star,2,2,0.0,1
Star,2,2,0.0,1
Star,2,2,0.0,1
Star,2,2,0.0,1
Star,2,2,0.0,1
Star,2,2,0.0,1
Star,2,2,0.0,1
Star,2,2,0.0,1
Star,2,2,0.0,1
Star,2,2,0.0,1
Star,2,2,0.0,1
Star,2,2,0.0,1
Star,2,2,0.0,1
Star,2,2,0.0,1
Star,2,2,0.0,1
Star,2,2,0.0,1
Star,2,2,0.0,1
Star,2,2,0.0,1
Star,2,2,0.0,1
Star,2,2,0.0,1
Star,2,3,0.0,1
Star,2,3,0.0,1
Star,2,3,0.0,1
Star,2,3,0.0,1
Star,2,3,0.0,1
Star,2,3,0.0,1
Star,2,3,0.0,1
Star,2,3,0.0,1
Star,2,3,0.0,1
Star,2,3,0.0,1
Star,2,3,0.0,1
Star,2,3,0.0,1
Star,2,3,0.0,1
Star,2,3,0.0,1
Star,2,3,0.0,1
Star,2,3,0.0,1
Star,2,3,0.0,1
Star,2,3,0.0,1
Star,2,3,0.0,1
Star,2,3,0.0,1
Star,2,3,0.0,1
Star,2,3,0.0,1
Star,2,3,0.0,1
Star,2,3,0.0,1
Star,2,3,0.0,1
Star,2,3,0.0,1
Star,2,3,0.0,1
Star,2,3,0.0,1
Star,2,3,0.0,1
Star,2,3,0.0,1
Star,2,3,0.0,1
Star,2,3,0.0,1
Star,2,3,0.0,1
Star,2,3,0.0,1
Star,2,3,0.0,1
Star,2,3,0.0,1
Star,2,3,0.0,1
Star,2,3,0.0,1
Star,2,3,0.0,1
Star,2,3,0.0,1
Star,2,3,0.0,1
Star,2,3,0.0,1
Star,2,3,0.0,1
Star,2,3,0.0,1
Star,2,3,0.0,1
Star,2,3,0.0,1
Star,2,3,0.0,1
Star,2,3,0.0,1
Star,2,3,0.0,1
Star,2,3,0.0,1
Star,2,3,0.0,1
Star,2,3,0.0,1
Star,2,3,0.0,1
Star,2,3,0.0,1
Star,2,3,0.0,1
Star,2,3,0.0,1
Star,2,3,0.0,1
Star,2,3,0.0,1
Star,2,3,0.0,1
Star,2,3,0.0,1
Star,2,3,0.0,1
Star,2,3,0.0,1
Star,2,3,0.0,1
Star,2,3,0.0,1
Star,2,3,0.0,1
Star,2,3,0.0,1
Star,2,3,0.0,1
Star,2,3,0.0,1
Star,2,3,0.0,1
Star,2,3,0.0,1
Star,2,3,0.0,1
Star,2,3,0.0,1
Star,2,3,0.0,1
Star,2,3,0.0,1
Star,2,3,0.0,1
Star,2,3,0.0,1
Star,2,3,0.0,1
Star,2,3,0.0,1
Star,2,3,0.0,1
Star,2,3,0.0,1
Star,2,3,0.0,1
Star,2,3,0.0,1
Star,2,3,0.0,1
Star,2,3,0.0,1
Star,2,3,0.0,1
Star,2,3,0.0,1
Star,2,3,0.0,1
Star,2,3,0.0,1
Star,2,3,0.0,1
Star,2,3,0.0,1
Star,2,3,0.0,1
Star,2,3,0.0,1
Star,2,3,0.0,1
Star,2,3,0.0,1
Star,2,3,0.0,1
Star,2,3,0.0,1
Star,2,3,0.0,1
Star,2,3,0.0,1
Star,2,3,0.0,1
Star,2,3,0.0,1
Star,2,4,0.0,1
Star,2,4,0.0,1
Star,2,4,0.0,1
Star,2,4,0.0,1
Star,2,4,0.0,1
Star,2,4,0.0,1
Star,2,4,0.0,1
Star,2,4,0.0,1
Star,2,4,0.0,1
Star,2,4,0.0,1
Star,2,4,0.0,1
Star,2,4,0.0,1
Star,2,4,0.0,1
Star,2,4,0.0,1
Star,2,4,0.0,1
Star,2,4,0.0,1
Star,2,4,0.0,1
Star,2,4,0.0,1
Star,2,4,0.0,1
Star,2,4,0.0,1
Star,2,4,0.0,1
Star,2,4,0.0,1
Star,2,4,0.0,1
Star,2,4,0.0,1
Star,2,4,0.0,1
Star,2,4,0.0,1
Star,2,4,0.0,1
Star,2,4,0.0,1
Star,2,4,0.0,1
Star,2,4,0.0,1
Star,2,4,0.0,1
Star,2,4,0.0,1
Star,2,4,0.0,1
Star,2,4,0.0,1
Star,2,4,0.0,1
Star,2,4,0.0,1
Star,2,4,0.0,1
Star,2,4,0.0,1
Star,2,4,0.0,1
Star,2,4,0.0,1
Star,2,4,0.0,1
Star,2,4,0.0,1
Star,2,4,0.0,1
Star,2,4,0.0,1
Star,2,4,0.0,1
Star,2,4,0.0,1
Star,2,4,0.0,1
Star,2,4,0.0,1
Star,2,4,0.0,1
Star,2,4,0.0,1
Star,2,4,0.0,1
Star,2,4,0.0,1
Star,2,4,0.0,1
Star,2,4,0.0,1
Star,2,4,0.0,1
Star,2,4,0.0,1
Star,2,4,0.0,1
Star,2,4,0.0,1
Star,2,4,0.0,1
Star,2,4,0.0,1
Star,2,4,0.0,1
Star,2,4,0.0,1
Star,2,4,0.0,1
Star,2,4,0.0,1
Star,2,4,0.0,1
Star,2,4,0.0,1
Star,2,4,0.0,1
Star,2,4,0.0,1
Star,2,4,0.0,1
Star,2,4,0.0,1
Star,2,4,0.0,1
Star,2,4,0.0,1
Star,2,4,0.0,1
Star,2,4,0.0,1
Star,2,4,0.0,1
Star,2,4,0.0,1
Star,2,4,0.0,1
Star,2,4,0.0,1
Star,2,4,0.0,1
Star,2,4,0.0,1
Star,2,4,0.0,1
Star,2,4,0.0,1
Star,2,4,0.0,1
Star,2,4,0.0,1
Star,2,4,0.0,1
Star,2,4,0.0,1
Star,2,4,0.0,1
Star,2,4,0.0,1
Star,2,4,0.0,1
Star,2,4,0.0,1
Star,2,4,0.0,1
Star,2,4,0.0,1
Star,2,4,0.0,1
Star,2,4,0.0,1
Star,2,4,0.0,1
Star,2,4,0.0,1
Star,2,4,0.0,1
Star,2,4,0.0,1
Star,2,4,0.0,1
Star,2,4,0.0,1
Star,2,5,0.0,1
Star,2,5,0.0,1
Star,2,5,0.0,1
Star,2,5,0.0,1
Star,2,5,0.0,1
Star,2,5,0.0,1
Star,2,5,0.0,1
Star,2,5,0.0,1
Star,2,5,0.0,1
Star,2,5,0.0,1
Star,2,5,0.0,1
Star,2,5,0.0,1
Star,2,5,0.0,1
Star,2,5,0.0,1
Star,2,5,0.0,1
Star,2,5,0.0,1
Star,2,5,0.0,1
Star,2,5,0.0,1
Star,2,5,0.0,1
Star,2,5,0.0,1
Star,2,5,0.0,1
Star,2,5,0.0,1
Star,2,5,0.0,1
Star,2,5,0.0,1
Star,2,5,0.0,1
Star,2,5,0.0,1
Star,2,5,0.0,1
Star,2,5,0.0,1
Star,2,5,0.0,1
Star,2,5,0.0,1
Star,2,5,0.0,1
Star,2,5,0.0,1
Star,2,5,0.0,1
Star,2,5,0.0,1
Star,2,5,0.0,1
Star,2,5,0.0,1
Star,2,5,0.0,1
Star,2,5,0.0,1
Star,2,5,0.0,1
Star,2,5,0.0,1
Star,2,5,0.0,1
Star,2,5,0.0,1
Star,2,5,0.0,1
Star,2,5,0.0,1
Star,2,5,0.0,1
Star,2,5,0.0,1
Star,2,5,0.0,1
Star,2,5,0.0,1
Star,2,5,0.0,1
Star,2,5,0.0,1
Star,2,5,0.0,1
Star,2,5,0.0,1
Star,2,5,0.0,1
Star,2,5,0.0,1
Star,2,5,0.0,1
Star,2,5,0.0,1
Star,2,5,0.0,1
Star,2,5,0.0,1
Star,2,5,0.0,1
Star,2,5,0.0,1
Star,2,5,0.0,1
Star,2,5,0.0,1
Star,2,5,0.0,1
Star,2,5,0.0,1
Star,2,5,0.0,1
Star,2,5,0.0,1
Star,2,5,0.0,1
Star,2,5,0.0,1
Star,2,5,0.0,1
Star,2,5,0.0,1
Star,2,5,0.0,1
Star,2,5,0.0,1
Star,2,5,0.0,1
Star,2,5,0.0,1
Star,2,5,0.0,1
Star,2,5,0.0,1
Star,2,5,0.0,1
Star,2,5,0.0,1
Star,2,5,0.0,1
Star,2,5,0.0,1
Star,2,5,0.0,1
Star,2,5,0.0,1
Star,2,5,0.0,1
Star,2,5,0.0,1
Star,2,5,0.0,1
Star,2,5,0.0,1
Star,2,5,0.0,1
Star,2,5,0.0,1
Star,2,5,0.0,1
Star,2,5,0.0,1
Star,2,5,0.0,1
Star,2,5,0.0,1
Star,2,5,0.0,1
Star,2,5,0.0,1
Star,2,5,0.0,1
Star,2,5,0.0,1
Star,2,5,0.0,1
Star,2,5,0.0,1
Star,2,5,0.0,1
Star,2,5,0.0,1
Star,3,0,,30
Star,3,0,,30
Star,3,0,,30
Star,3,0,,30
Star,3,0,,30
Star,3,0,,30
Star,3,0,,30
Star,3,0,,30
Star,3,0,,30
Star,3,0,,30
Star,3,0,,30
Star,3,0,,30
Star,3,0,,30
Star,3,0,,30
Star,3,0,,30
Star,3,0,,30
Star,3,0,,30
Star,3,0,,30
Star,3,0,,30
Star,3,0,,30
Star,3,0,,30
Star,3,0,,30
Star,3,0,,30
Star,3,0,,30
Star,3,0,,30
Star,3,0,,30
Star,3,0,,30
Star,3,0,,30
Star,3,0,,30
Star,3,0,,30
Star,3,0,,30
Star,3,0,,30
Star,3,0,,30
Star,3,0,,30
Star,3,0,,30
Star,3,0,,30
Star,3,0,,30
Star,3,0,,30
Star,3,0,,30
Star,3,0,,30
Star,3,0,,30
Star,3,0,,30
Star,3,0,,30
Star,3,0,,30
Star,3,0,,30
Star,3,0,,30
Star,3,0,,30
Star,3,0,,30
Star,3,0,,30
Star,3,0,,30
Star,3,0,,30
Star,3,0,,30
Star,3,0,,30
Star,3,0,,30
Star,3,0,,30
Star,3,0,,30
Star,3,0,,30
Star,3,0,,30
Star,3,0,,30
Star,3,0,,30
Star,3,0,,30
Star,3,0,,30
Star,3,0,,30
Star,3,0,,30
Star,3,0,,30
Star,3,0,,30
Star,3,0,,30
Star,3,0,,30
Star,3,0,,30
Star,3,0,,30
Star,3,0,,30
Star,3,0,,30
Star,3,0,,30
Star,3,0,,30
Star,3,0,,30
Star,3,0,,30
Star,3,0,,30
Star,3,0,,30
Star,3,0,,30
Star,3,0,,30
Star,3,0,,30
Star,3,0,,30
Star,3,0,,30
Star,3,0,,30
Star,3,0,,30
Star,3,0,,30
Star,3,0,,30
Star,3,0,,30
Star,3,0,,30
Star,3,0,,30
Star,3,0,,30
Star,3,0,,30
Star,3,0,,30
Star,3,0,,30
Star,3,0,,30
Star,3,0,,30
Star,3,0,,30
Star,3,0,,30
Star,3,0,,30
Star,3,0,,30
Star,3,1,0.0,1
Star,3,1,0.0,1
Star,3,1,0.0,1
Star,3,1,0.0,1
Star,3,1,0.0,1
Star,3,1,0.0,1
Star,3,1,0.0,1
Star,3,1,0.0,1
Star,3,1,0.0,1
Star,3,1,0.0,1
Star,3,1,0.0,1
Star,3,1,0.0,1
Star,3,1,0.0,1
Star,3,1,0.0,1
Star,3,1,0.0,1
Star,3,1,0.0,1
Star,3,1,0.0,1
Star,3,1,0.0,1
Star,3,1,0.0,1
Star,3,1,0.0,1
Star,3,1,0.0,1
Star,3,1,0.0,1
Star,3,1,0.0,1
Star,3,1,0.0,1
Star,3,1,0.0,1
Star,3,1,0.0,1
Star,3,1,0.0,1
Star,3,1,0.0,1
Star,3,1,0.0,1
Star,3,1,0.0,1
Star,3,1,0.0,1
Star,3,1,0.0,1
Star,3,1,0.0,1
Star,3,1,0.0,1
Star,3,1,0.0,1
Star,3,1,0.0,1
Star,3,1,0.0,1
Star,3,1,0.0,1
Star,3,1,0.0,1
Star,3,1,0.0,1
Star,3,1,0.0,1
Star,3,1,0.0,1
Star,3,1,0.0,1
Star,3,1,0.0,1
Star,3,1,0.0,1
Star,3,1,0.0,1
Star,3,1,0.0,1
Star,3,1,0.0,1
Star,3,1,0.0,1
Star,3,1,0.0,1
Star,3,1,0.0,1
Star,3,1,0.0,1
Star,3,1,0.0,1
Star,3,1,0.0,1
Star,3,1,0.0,1
Star,3,1,0.0,1
Star,3,1,0.0,1
Star,3,1,0.0,1
Star,3,1,0.0,1
Star,3,1,0.0,1
Star,3,1,0.0,1
Star,3,1,0.0,1
Star,3,1,0.0,1
Star,3,1,0.0,1
Star,3,1,0.0,1
Star,3,1,0.0,1
Star,3,1,0.0,1
Star,3,1,0.0,1
Star,3,1,0.0,1
Star,3,1,0.0,1
Star,3,1,0.0,1
Star,3,1,0.0,1
Star,3,1,0.0,1
Star,3,1,0.0,1
Star,3,1,0.0,1
Star,3,1,0.0,1
Star,3,1,0.0,1
Star,3,1,0.0,1
Star,3,1,0.0,1
Star,3,1,0.0,1
Star,3,1,0.0,1
Star,3,1,0.0,1
Star,3,1,0.0,1
Star,3,1,0.0,1
Star,3,1,0.0,1
Star,3,1,0.0,1
Star,3,1,0.0,1
Star,3,1,0.0,1
Star,3,1,0.0,1
Star,3,1,0.0,1
Star,3,1,0.0,1
Star,3,1,0.0,1
Star,3,1,0.0,1
Star,3,1,0.0,1
Star,3,1,0.0,1
Star,3,1,0.0,1
Star,3,1,0.0,1
Star,3,1,0.0,1
Star,3,1,0.0,1
Star,3,1,0.0,1
Star,3,2,0.0,1
Star,3,2,0.0,1
Star,3,2,0.0,1
Star,3,2,0.0,1
Star,3,2,0.0,1
Star,3,2,0.0,1
Star,3,2,0.0,1
Star,3,2,0.0,1
Star,3,2,0.0,1
Star,3,2,0.0,1
Star,3,2,0.0,1
Star,3,2,0.0,1
Star,3,2,0.0,1
Star,3,2,0.0,1
Star,3,2,0.0,1
Star,3,2,0.0,1
Star,3,2,0.0,1
Star,3,2,0.0,1
Star,3,2,0.0,1
Star,3,2,0.0,1
Star,3,2,0.0,1
Star,3,2,0.0,1
Star,3,2,0.0,1
Star,3,2,0.0,1
Star,3,2,0.0,1
Star,3,2,0.0,1
Star,3,2,0.0,1
Star,3,2,0.0,1
Star,3,2,0.0,1
Star,3,2,0.0,1
Star,3,2,0.0,1
Star,3,2,0.0,1
Star,3,2,0.0,1
Star,3,2,0.0,1
Star,3,2,0.0,1
Star,3,2,0.0,1
Star,3,2,0.0,1
Star,3,2,0.0,1
Star,3,2,0.0,1
Star,3,2,0.0,1
Star,3,2,0.0,1
Star,3,2,0.0,1
Star,3,2,0.0,1
Star,3,2,0.0,1
Star,3,2,0.0,1
Star,3,2,0.0,1
Star,3,2,0.0,1
Star,3,2,0.0,1
Star,3,2,0.0,1
Star,3,2,0.0,1
Star,3,2,0.0,1
Star,3,2,0.0,1
Star,3,2,0.0,1
Star,3,2,0.0,1
Star,3,2,0.0,1
Star,3,2,0.0,1
Star,3,2,0.0,1
Star,3,2,0.0,1
Star,3,2,0.0,1
Star,3,2,0.0,1
Star,3,2,0.0,1
Star,3,2,0.0,1
Star,3,2,0.0,1
Star,3,2,0.0,1
Star,3,2,0.0,1
Star,3,2,0.0,1
Star,3,2,0.0,1
Star,3,2,0.0,1
Star,3,2,0.0,1
Star,3,2,0.0,1
Star,3,2,0.0,1
Star,3,2,0.0,1
Star,3,2,0.0,1
Star,3,2,0.0,1
Star,3,2,0.0,1
Star,3,2,0.0,1
Star,3,2,0.0,1
Star,3,2,0.0,1
Star,3,2,0.0,1
Star,3,2,0.0,1
Star,3,2,0.0,1
Star,3,2,0.0,1
Star,3,2,0.0,1
Star,3,2,0.0,1
Star,3,2,0.0,1
Star,3,2,0.0,1
Star,3,2,0.0,1
Star,3,2,0.0,1
Star,3,2,0.0,1
Star,3,2,0.0,1
Star,3,2,0.0,1
Star,3,2,0.0,1
Star,3,2,0.0,1
Star,3,2,0.0,1
Star,3,2,0.0,1
Star,3,2,0.0,1
Star,3,2,0.0,1
Star,3,2,0.0,1
Star,3,2,0.0,1
Star,3,2,0.0,1
Star,3,3,0.0,1
Star,3,3,0.0,1
Star,3,3,0.0,1
Star,3,3,0.0,1
Star,3,3,0.0,1
Star,3,3,0.0,1
Star,3,3,0.0,1
Star,3,3,0.0,1
Star,3,3,0.0,1
Star,3,3,0.0,1
Star,3,3,0.0,1
Star,3,3,0.0,1
Star,3,3,0.0,1
Star,3,3,0.0,1
Star,3,3,0.0,1
Star,3,3,0.0,1
Star,3,3,0.0,1
Star,3,3,0.0,1
Star,3,3,0.0,1
Star,3,3,0.0,1
Star,3,3,0.0,1
Star,3,3,0.0,1
Star,3,3,0.0,1
Star,3,3,0.0,1
Star,3,3,0.0,1
Star,3,3,0.0,1
Star,3,3,0.0,1
Star,3,3,0.0,1
Star,3,3,0.0,1
Star,3,3,0.0,1
Star,3,3,0.0,1
Star,3,3,0.0,1
Star,3,3,0.0,1
Star,3,3,0.0,1
Star,3,3,0.0,1
Star,3,3,0.0,1
Star,3,3,0.0,1
Star,3,3,0.0,1
Star,3,3,0.0,1
Star,3,3,0.0,1
Star,3,3,0.0,1
Star,3,3,0.0,1
Star,3,3,0.0,1
Star,3,3,0.0,1
Star,3,3,0.0,1
Star,3,3,0.0,1
Star,3,3,0.0,1
Star,3,3,0.0,1
Star,3,3,0.0,1
Star,3,3,0.0,1
Star,3,3,0.0,1
Star,3,3,0.0,1
Star,3,3,0.0,1
Star,3,3,0.0,1
Star,3,3,0.0,1
Star,3,3,0.0,1
Star,3,3,0.0,1
Star,3,3,0.0,1
Star,3,3,0.0,1
Star,3,3,0.0,1
Star,3,3,0.0,1
Star,3,3,0.0,1
Star,3,3,0.0,1
Star,3,3,0.0,1
Star,3,3,0.0,1
Star,3,3,0.0,1
Star,3,3,0.0,1
Star,3,3,0.0,1
Star,3,3,0.0,1
Star,3,3,0.0,1
Star,3,3,0.0,1
Star,3,3,0.0,1
Star,3,3,0.0,1
Star,3,3,0.0,1
Star,3,3,0.0,1
Star,3,3,0.0,1
Star,3,3,0.0,1
Star,3,3,0.0,1
Star,3,3,0.0,1
Star,3,3,0.0,1
Star,3,3,0.0,1
Star,3,3,0.0,1
Star,3,3,0.0,1
Star,3,3,0.0,1
Star,3,3,0.0,1
Star,3,3,0.0,1
Star,3,3,0.0,1
Star,3,3,0.0,1
Star,3,3,0.0,1
Star,3,3,0.0,1
Star,3,3,0.0,1
Star,3,3,0.0,1
Star,3,3,0.0,1
Star,3,3,0.0,1
Star,3,3,0.0,1
Star,3,3,0.0,1
Star,3,3,0.0,1
Star,3,3,0.0,1
Star,3,3,0.0,1
Star,3,3,0.0,1
Star,3,4,0.0,1
Star,3,4,0.0,1
Star,3,4,0.0,1
Star,3,4,0.0,1
Star,3,4,0.0,1
Star,3,4,0.0,1
Star,3,4,0.0,1
Star,3,4,0.0,1
Star,3,4,0.0,1
Star,3,4,0.0,1
Star,3,4,0.0,1
Star,3,4,0.0,1
Star,3,4,0.0,1
Star,3,4,0.0,1
Star,3,4,0.0,1
Star,3,4,0.0,1
Star,3,4,0.0,1
Star,3,4,0.0,1
Star,3,4,0.0,1
Star,3,4,0.0,1
Star,3,4,0.0,1
Star,3,4,0.0,1
Star,3,4,0.0,1
Star,3,4,0.0,1
Star,3,4,0.0,1
Star,3,4,0.0,1
Star,3,4,0.0,1
Star,3,4,0.0,1
Star,3,4,0.0,1
Star,3,4,0.0,1
Star,3,4,0.0,1
Star,3,4,0.0,1
Star,3,4,0.0,1
Star,3,4,0.0,1
Star,3,4,0.0,1
Star,3,4,0.0,1
Star,3,4,0.0,1
Star,3,4,0.0,1
Star,3,4,0.0,1
Star,3,4,0.0,1
Star,3,4,0.0,1
Star,3,4,0.0,1
Star,3,4,0.0,1
Star,3,4,0.0,1
Star,3,4,0.0,1
Star,3,4,0.0,1
Star,3,4,0.0,1
Star,3,4,0.0,1
Star,3,4,0.0,1
Star,3,4,0.0,1
Star,3,4,0.0,1
Star,3,4,0.0,1
Star,3,4,0.0,1
Star,3,4,0.0,1
Star,3,4,0.0,1
Star,3,4,0.0,1
Star,3,4,0.0,1
Star,3,4,0.0,1
Star,3,4,0.0,1
Star,3,4,0.0,1
Star,3,4,0.0,1
Star,3,4,0.0,1
Star,3,4,0.0,1
Star,3,4,0.0,1
Star,3,4,0.0,1
Star,3,4,0.0,1
Star,3,4,0.0,1
Star,3,4,0.0,1
Star,3,4,0.0,1
Star,3,4,0.0,1
Star,3,4,0.0,1
Star,3,4,0.0,1
Star,3,4,0.0,1
Star,3,4,0.0,1
Star,3,4,0.0,1
Star,3,4,0.0,1
Star,3,4,0.0,1
Star,3,4,0.0,1
Star,3,4,0.0,1
Star,3,4,0.0,1
Star,3,4,0.0,1
Star,3,4,0.0,1
Star,3,4,0.0,1
Star,3,4,0.0,1
Star,3,4,0.0,1
Star,3,4,0.0,1
Star,3,4,0.0,1
Star,3,4,0.0,1
Star,3,4,0.0,1
Star,3,4,0.0,1
Star,3,4,0.0,1
Star,3,4,0.0,1
Star,3,4,0.0,1
Star,3,4,0.0,1
Star,3,4,0.0,1
Star,3,4,0.0,1
Star,3,4,0.0,1
Star,3,4,0.0,1
Star,3,4,0.0,1
Star,3,4,0.0,1
Star,3,5,0.0,1
Star,3,5,0.0,1
Star,3,5,0.0,1
Star,3,5,0.0,1
Star,3,5,0.0,1
Star,3,5,0.0,1
Star,3,5,0.0,1
Star,3,5,0.0,1
Star,3,5,0.0,1
Star,3,5,0.0,1
Star,3,5,0.0,1
Star,3,5,0.0,1
Star,3,5,0.0,1
Star,3,5,0.0,1
Star,3,5,0.0,1
Star,3,5,0.0,1
Star,3,5,0.0,1
Star,3,5,0.0,1
Star,3,5,0.0,1
Star,3,5,0.0,1
Star,3,5,0.0,1
Star,3,5,0.0,1
Star,3,5,0.0,1
Star,3,5,0.0,1
Star,3,5,0.0,1
Star,3,5,0.0,1
Star,3,5,0.0,1
Star,3,5,0.0,1
Star,3,5,0.0,1
Star,3,5,0.0,1
Star,3,5,0.0,1
Star,3,5,0.0,1
Star,3,5,0.0,1
Star,3,5,0.0,1
Star,3,5,0.0,1
Star,3,5,0.0,1
Star,3,5,0.0,1
Star,3,5,0.0,1
Star,3,5,0.0,1
Star,3,5,0.0,1
Star,3,5,0.0,1
Star,3,5,0.0,1
Star,3,5,0.0,1
Star,3,5,0.0,1
Star,3,5,0.0,1
Star,3,5,0.0,1
Star,3,5,0.0,1
Star,3,5,0.0,1
Star,3,5,0.0,1
Star,3,5,0.0,1
Star,3,5,0.0,1
Star,3,5,0.0,1
Star,3,5,0.0,1
Star,3,5,0.0,1
Star,3,5,0.0,1
Star,3,5,0.0,1
Star,3,5,0.0,1
Star,3,5,0.0,1
Star,3,5,0.0,1
Star,3,5,0.0,1
Star,3,5,0.0,1
Star,3,5,0.0,1
Star,3,5,0.0,1
Star,3,5,0.0,1
Star,3,5,0.0,1
Star,3,5,0.0,1
Star,3,5,0.0,1
Star,3,5,0.0,1
Star,3,5,0.0,1
Star,3,5,0.0,1
Star,3,5,0.0,1
Star,3,5,0.0,1
Star,3,5,0.0,1
Star,3,5,0.0,1
Star,3,5,0.0,1
Star,3,5,0.0,1
Star,3,5,0.0,1
Star,3,5,0.0,1
Star,3,5,0.0,1
Star,3,5,0.0,1
Star,3,5,0.0,1
Star,3,5,0.0,1
Star,3,5,0.0,1
Star,3,5,0.0,1
Star,3,5,0.0,1
Star,3,5,0.0,1
Star,3,5,0.0,1
Star,3,5,0.0,1
Star,3,5,0.0,1
Star,3,5,0.0,1
Star,3,5,0.0,1
Star,3,5,0.0,1
Star,3,5,0.0,1
Star,3,5,0.0,1
Star,3,5,0.0,1
Star,3,5,0.0,1
Star,3,5,0.0,1
Star,3,5,0.0,1
Star,3,5,0.0,1
Star,3,5,0.0,1
Star,4,0,,30
Star,4,0,,30
Star,4,0,,30
Star,4,0,,30
Star,4,0,,30
Star,4,0,,30
Star,4,0,,30
Star,4,0,,30
Star,4,0,,30
Star,4,0,,30
Star,4,0,,30
Star,4,0,,30
Star,4,0,,30
Star,4,0,,30
Star,4,0,,30
Star,4,0,,30
Star,4,0,,30
Star,4,0,,30
Star,4,0,,30
Star,4,0,,30
Star,4,0,,30
Star,4,0,,30
Star,4,0,,30
Star,4,0,,30
Star,4,0,,30
Star,4,0,,30
Star,4,0,,30
Star,4,0,,30
Star,4,0,,30
Star,4,0,,30
Star,4,0,,30
Star,4,0,,30
Star,4,0,,30
Star,4,0,,30
Star,4,0,,30
Star,4,0,,30
Star,4,0,,30
Star,4,0,,30
Star,4,0,,30
Star,4,0,,30
Star,4,0,,30
Star,4,0,,30
Star,4,0,,30
Star,4,0,,30
Star,4,0,,30
Star,4,0,,30
Star,4,0,,30
Star,4,0,,30
Star,4,0,,30
Star,4,0,,30
Star,4,0,,30
Star,4,0,,30
Star,4,0,,30
Star,4,0,,30
Star,4,0,,30
Star,4,0,,30
Star,4,0,,30
Star,4,0,,30
Star,4,0,,30
Star,4,0,,30
Star,4,0,,30
Star,4,0,,30
Star,4,0,,30
Star,4,0,,30
Star,4,0,,30
Star,4,0,,30
Star,4,0,,30
Star,4,0,,30
Star,4,0,,30
Star,4,0,,30
Star,4,0,,30
Star,4,0,,30
Star,4,0,,30
Star,4,0,,30
Star,4,0,,30
Star,4,0,,30
Star,4,0,,30
Star,4,0,,30
Star,4,0,,30
Star,4,0,,30
Star,4,0,,30
Star,4,0,,30
Star,4,0,,30
Star,4,0,,30
Star,4,0,,30
Star,4,0,,30
Star,4,0,,30
Star,4,0,,30
Star,4,0,,30
Star,4,0,,30
Star,4,0,,30
Star,4,0,,30
Star,4,0,,30
Star,4,0,,30
Star,4,0,,30
Star,4,0,,30
Star,4,0,,30
Star,4,0,,30
Star,4,0,,30
Star,4,0,,30
Star,4,1,0.0,1
Star,4,1,0.0,1
Star,4,1,0.0,1
Star,4,1,0.0,1
Star,4,1,0.0,1
Star,4,1,0.0,1
Star,4,1,0.0,1
Star,4,1,0.0,1
Star,4,1,0.0,1
Star,4,1,0.0,1
Star,4,1,0.0,1
Star,4,1,0.0,1
Star,4,1,0.0,1
Star,4,1,0.0,1
Star,4,1,0.0,1
Star,4,1,0.0,1
Star,4,1,0.0,1
Star,4,1,0.0,1
Star,4,1,0.0,1
Star,4,1,0.0,1
Star,4,1,0.0,1
Star,4,1,0.0,1
Star,4,1,0.0,1
Star,4,1,0.0,1
Star,4,1,0.0,1
Star,4,1,0.0,1
Star,4,1,0.0,1
Star,4,1,0.0,1
Star,4,1,0.0,1
Star,4,1,0.0,1
Star,4,1,0.0,1
Star,4,1,0.0,1
Star,4,1,0.0,1
Star,4,1,0.0,1
Star,4,1,0.0,1
Star,4,1,0.0,1
Star,4,1,0.0,1
Star,4,1,0.0,1
Star,4,1,0.0,1
Star,4,1,0.0,1
Star,4,1,0.0,1
Star,4,1,0.0,1
Star,4,1,0.0,1
Star,4,1,0.0,1
Star,4,1,0.0,1
Star,4,1,0.0,1
Star,4,1,0.0,1
Star,4,1,0.0,1
Star,4,1,0.0,1
Star,4,1,0.0,1
Star,4,1,0.0,1
Star,4,1,0.0,1
Star,4,1,0.0,1
Star,4,1,0.0,1
Star,4,1,0.0,1
Star,4,1,0.0,1
Star,4,1,0.0,1
Star,4,1,0.0,1
Star,4,1,0.0,1
Star,4,1,0.0,1
Star,4,1,0.0,1
Star,4,1,0.0,1
Star,4,1,0.0,1
Star,4,1,0.0,1
Star,4,1,0.0,1
Star,4,1,0.0,1
Star,4,1,0.0,1
Star,4,1,0.0,1
Star,4,1,0.0,1
Star,4,1,0.0,1
Star,4,1,0.0,1
Star,4,1,0.0,1
Star,4,1,0.0,1
Star,4,1,0.0,1
Star,4,1,0.0,1
Star,4,1,0.0,1
Star,4,1,0.0,1
Star,4,1,0.0,1
Star,4,1,0.0,1
Star,4,1,0.0,1
Star,4,1,0.0,1
Star,4,1,0.0,1
Star,4,1,0.0,1
Star,4,1,0.0,1
Star,4,1,0.0,1
Star,4,1,0.0,1
Star,4,1,0.0,1
Star,4,1,0.0,1
Star,4,1,0.0,1
Star,4,1,0.0,1
Star,4,1,0.0,1
Star,4,1,0.0,1
Star,4,1,0.0,1
Star,4,1,0.0,1
Star,4,1,0.0,1
Star,4,1,0.0,1
Star,4,1,0.0,1
Star,4,1,0.0,1
Star,4,1,0.0,1
Star,4,1,0.0,1
Star,4,2,0.0,1
Star,4,2,0.0,1
Star,4,2,0.0,1
Star,4,2,0.0,1
Star,4,2,0.0,1
Star,4,2,0.0,1
Star,4,2,0.0,1
Star,4,2,0.0,1
Star,4,2,0.0,1
Star,4,2,0.0,1
Star,4,2,0.0,1
Star,4,2,0.0,1
Star,4,2,0.0,1
Star,4,2,0.0,1
Star,4,2,0.0,1
Star,4,2,0.0,1
Star,4,2,0.0,1
Star,4,2,0.0,1
Star,4,2,0.0,1
Star,4,2,0.0,1
Star,4,2,0.0,1
Star,4,2,0.0,1
Star,4,2,0.0,1
Star,4,2,0.0,1
Star,4,2,0.0,1
Star,4,2,0.0,1
Star,4,2,0.0,1
Star,4,2,0.0,1
Star,4,2,0.0,1
Star,4,2,0.0,1
Star,4,2,0.0,1
Star,4,2,0.0,1
Star,4,2,0.0,1
Star,4,2,0.0,1
Star,4,2,0.0,1
Star,4,2,0.0,1
Star,4,2,0.0,1
Star,4,2,0.0,1
Star,4,2,0.0,1
Star,4,2,0.0,1
Star,4,2,0.0,1
Star,4,2,0.0,1
Star,4,2,0.0,1
Star,4,2,0.0,1
Star,4,2,0.0,1
Star,4,2,0.0,1
Star,4,2,0.0,1
Star,4,2,0.0,1
Star,4,2,0.0,1
Star,4,2,0.0,1
Star,4,2,0.0,1
Star,4,2,0.0,1
Star,4,2,0.0,1
Star,4,2,0.0,1
Star,4,2,0.0,1
Star,4,2,0.0,1
Star,4,2,0.0,1
Star,4,2,0.0,1
Star,4,2,0.0,1
Star,4,2,0.0,1
Star,4,2,0.0,1
Star,4,2,0.0,1
Star,4,2,0.0,1
Star,4,2,0.0,1
Star,4,2,0.0,1
Star,4,2,0.0,1
Star,4,2,0.0,1
Star,4,2,0.0,1
Star,4,2,0.0,1
Star,4,2,0.0,1
Star,4,2,0.0,1
Star,4,2,0.0,1
Star,4,2,0.0,1
Star,4,2,0.0,1
Star,4,2,0.0,1
Star,4,2,0.0,1
Star,4,2,0.0,1
Star,4,2,0.0,1
Star,4,2,0.0,1
Star,4,2,0.0,1
Star,4,2,0.0,1
Star,4,2,0.0,1
Star,4,2,0.0,1
Star,4,2,0.0,1
Star,4,2,0.0,1
Star,4,2,0.0,1
Star,4,2,0.0,1
Star,4,2,0.0,1
Star,4,2,0.0,1
Star,4,2,0.0,1
Star,4,2,0.0,1
Star,4,2,0.0,1
Star,4,2,0.0,1
Star,4,2,0.0,1
Star,4,2,0.0,1
Star,4,2,0.0,1
Star,4,2,0.0,1
Star,4,2,0.0,1
Star,4,2,0.0,1
Star,4,2,0.0,1
Star,4,3,0.0,1
Star,4,3,0.0,1
Star,4,3,0.0,1
Star,4,3,0.0,1
Star,4,3,0.0,1
Star,4,3,0.0,1
Star,4,3,0.0,1
Star,4,3,0.0,1
Star,4,3,0.0,1
Star,4,3,0.0,1
Star,4,3,0.0,1
Star,4,3,0.0,1
Star,4,3,0.0,1
Star,4,3,0.0,1
Star,4,3,0.0,1
Star,4,3,0.0,1
Star,4,3,0.0,1
Star,4,3,0.0,1
Star,4,3,0.0,1
Star,4,3,0.0,1
Star,4,3,0.0,1
Star,4,3,0.0,1
Star,4,3,0.0,1
Star,4,3,0.0,1
Star,4,3,0.0,1
Star,4,3,0.0,1
Star,4,3,0.0,1
Star,4,3,0.0,1
Star,4,3,0.0,1
Star,4,3,0.0,1
Star,4,3,0.0,1
Star,4,3,0.0,1
Star,4,3,0.0,1
Star,4,3,0.0,1
Star,4,3,0.0,1
Star,4,3,0.0,1
Star,4,3,0.0,1
Star,4,3,0.0,1
Star,4,3,0.0,1
Star,4,3,0.0,1
Star,4,3,0.0,1
Star,4,3,0.0,1
Star,4,3,0.0,1
Star,4,3,0.0,1
Star,4,3,0.0,1
Star,4,3,0.0,1
Star,4,3,0.0,1
Star,4,3,0.0,1
Star,4,3,0.0,1
Star,4,3,0.0,1
Star,4,3,0.0,1
Star,4,3,0.0,1
Star,4,3,0.0,1
Star,4,3,0.0,1
Star,4,3,0.0,1
Star,4,3,0.0,1
Star,4,3,0.0,1
Star,4,3,0.0,1
Star,4,3,0.0,1
Star,4,3,0.0,1
Star,4,3,0.0,1
Star,4,3,0.0,1
Star,4,3,0.0,1
Star,4,3,0.0,1
Star,4,3,0.0,1
Star,4,3,0.0,1
Star,4,3,0.0,1
Star,4,3,0.0,1
Star,4,3,0.0,1
Star,4,3,0.0,1
Star,4,3,0.0,1
Star,4,3,0.0,1
Star,4,3,0.0,1
Star,4,3,0.0,1
Star,4,3,0.0,1
Star,4,3,0.0,1
Star,4,3,0.0,1
Star,4,3,0.0,1
Star,4,3,0.0,1
Star,4,3,0.0,1
Star,4,3,0.0,1
Star,4,3,0.0,1
Star,4,3,0.0,1
Star,4,3,0.0,1
Star,4,3,0.0,1
Star,4,3,0.0,1
Star,4,3,0.0,1
Star,4,3,0.0,1
Star,4,3,0.0,1
Star,4,3,0.0,1
Star,4,3,0.0,1
Star,4,3,0.0,1
Star,4,3,0.0,1
Star,4,3,0.0,1
Star,4,3,0.0,1
Star,4,3,0.0,1
Star,4,3,0.0,1
Star,4,3,0.0,1
Star,4,3,0.0,1
Star,4,3,0.0,1
Star,4,4,0.0,1
Star,4,4,0.0,1
Star,4,4,0.0,1
Star,4,4,0.0,1
Star,4,4,0.0,1
Star,4,4,0.0,1
Star,4,4,0.0,1
Star,4,4,0.0,1
Star,4,4,0.0,1
Star,4,4,0.0,1
Star,4,4,0.0,1
Star,4,4,0.0,1
Star,4,4,0.0,1
Star,4,4,0.0,1
Star,4,4,0.0,1
Star,4,4,0.0,1
Star,4,4,0.0,1
Star,4,4,0.0,1
Star,4,4,0.0,1
Star,4,4,0.0,1
Star,4,4,0.0,1
Star,4,4,0.0,1
Star,4,4,0.0,1
Star,4,4,0.0,1
Star,4,4,0.0,1
Star,4,4,0.0,1
Star,4,4,0.0,1
Star,4,4,0.0,1
Star,4,4,0.0,1
Star,4,4,0.0,1
Star,4,4,0.0,1
Star,4,4,0.0,1
Star,4,4,0.0,1
Star,4,4,0.0,1
Star,4,4,0.0,1
Star,4,4,0.0,1
Star,4,4,0.0,1
Star,4,4,0.0,1
Star,4,4,0.0,1
Star,4,4,0.0,1
Star,4,4,0.0,1
Star,4,4,0.0,1
Star,4,4,0.0,1
Star,4,4,0.0,1
Star,4,4,0.0,1
Star,4,4,0.0,1
Star,4,4,0.0,1
Star,4,4,0.0,1
Star,4,4,0.0,1
Star,4,4,0.0,1
Star,4,4,0.0,1
Star,4,4,0.0,1
Star,4,4,0.0,1
Star,4,4,0.0,1
Star,4,4,0.0,1
Star,4,4,0.0,1
Star,4,4,0.0,1
Star,4,4,0.0,1
Star,4,4,0.0,1
Star,4,4,0.0,1
Star,4,4,0.0,1
Star,4,4,0.0,1
Star,4,4,0.0,1
Star,4,4,0.0,1
Star,4,4,0.0,1
Star,4,4,0.0,1
Star,4,4,0.0,1
Star,4,4,0.0,1
Star,4,4,0.0,1
Star,4,4,0.0,1
Star,4,4,0.0,1
Star,4,4,0.0,1
Star,4,4,0.0,1
Star,4,4,0.0,1
Star,4,4,0.0,1
Star,4,4,0.0,1
Star,4,4,0.0,1
Star,4,4,0.0,1
Star,4,4,0.0,1
Star,4,4,0.0,1
Star,4,4,0.0,1
Star,4,4,0.0,1
Star,4,4,0.0,1
Star,4,4,0.0,1
Star,4,4,0.0,1
Star,4,4,0.0,1
Star,4,4,0.0,1
Star,4,4,0.0,1
Star,4,4,0.0,1
Star,4,4,0.0,1
Star,4,4,0.0,1
Star,4,4,0.0,1
Star,4,4,0.0,1
Star,4,4,0.0,1
Star,4,4,0.0,1
Star,4,4,0.0,1
Star,4,4,0.0,1
Star,4,4,0.0,1
Star,4,4,0.0,1
Star,4,4,0.0,1
Star,4,5,0.0,1
Star,4,5,0.0,1
Star,4,5,0.0,1
Star,4,5,0.0,1
Star,4,5,0.0,1
Star,4,5,0.0,1
Star,4,5,0.0,1
Star,4,5,0.0,1
Star,4,5,0.0,1
Star,4,5,0.0,1
Star,4,5,0.0,1
Star,4,5,0.0,1
Star,4,5,0.0,1
Star,4,5,0.0,1
Star,4,5,0.0,1
Star,4,5,0.0,1
Star,4,5,0.0,1
Star,4,5,0.0,1
Star,4,5,0.0,1
Star,4,5,0.0,1
Star,4,5,0.0,1
Star,4,5,0.0,1
Star,4,5,0.0,1
Star,4,5,0.0,1
Star,4,5,0.0,1
Star,4,5,0.0,1
Star,4,5,0.0,1
Star,4,5,0.0,1
Star,4,5,0.0,1
Star,4,5,0.0,1
Star,4,5,0.0,1
Star,4,5,0.0,1
Star,4,5,0.0,1
Star,4,5,0.0,1
Star,4,5,0.0,1
Star,4,5,0.0,1
Star,4,5,0.0,1
Star,4,5,0.0,1
Star,4,5,0.0,1
Star,4,5,0.0,1
Star,4,5,0.0,1
Star,4,5,0.0,1
Star,4,5,0.0,1
Star,4,5,0.0,1
Star,4,5,0.0,1
Star,4,5,0.0,1
Star,4,5,0.0,1
Star,4,5,0.0,1
Star,4,5,0.0,1
Star,4,5,0.0,1
Star,4,5,0.0,1
Star,4,5,0.0,1
Star,4,5,0.0,1
Star,4,5,0.0,1
Star,4,5,0.0,1
Star,4,5,0.0,1
Star,4,5,0.0,1
Star,4,5,0.0,1
Star,4,5,0.0,1
Star,4,5,0.0,1
Star,4,5,0.0,1
Star,4,5,0.0,1
Star,4,5,0.0,1
Star,4,5,0.0,1
Star,4,5,0.0,1
Star,4,5,0.0,1
Star,4,5,0.0,1
Star,4,5,0.0,1
Star,4,5,0.0,1
Star,4,5,0.0,1
Star,4,5,0.0,1
Star,4,5,0.0,1
Star,4,5,0.0,1
Star,4,5,0.0,1
Star,4,5,0.0,1
Star,4,5,0.0,1
Star,4,5,0.0,1
Star,4,5,0.0,1
Star,4,5,0.0,1
Star,4,5,0.0,1
Star,4,5,0.0,1
Star,4,5,0.0,1
Star,4,5,0.0,1
Star,4,5,0.0,1
Star,4,5,0.0,1
Star,4,5,0.0,1
Star,4,5,0.0,1
Star,4,5,0.0,1
Star,4,5,0.0,1
Star,4,5,0.0,1
Star,4,5,0.0,1
Star,4,5,0.0,1
Star,4,5,0.0,1
Star,4,5,0.0,1
Star,4,5,0.0,1
Star,4,5,0.0,1
Star,4,5,0.0,1
Star,4,5,0.0,1
Star,4,5,0.0,1
Star,4,5,0.0,1
Star,5,0,,30
Star,5,0,,30
Star,5,0,,30
Star,5,0,,30
Star,5,0,,30
Star,5,0,,30
Star,5,0,,30
Star,5,0,,30
Star,5,0,,30
Star,5,0,,30
Star,5,0,,30
Star,5,0,,30
Star,5,0,,30
Star,5,0,,30
Star,5,0,,30
Star,5,0,,30
Star,5,0,,30
Star,5,0,,30
Star,5,0,,30
Star,5,0,,30
Star,5,0,,30
Star,5,0,,30
Star,5,0,,30
Star,5,0,,30
Star,5,0,,30
Star,5,0,,30
Star,5,0,,30
Star,5,0,,30
Star,5,0,,30
Star,5,0,,30
Star,5,0,,30
Star,5,0,,30
Star,5,0,,30
Star,5,0,,30
Star,5,0,,30
Star,5,0,,30
Star,5,0,,30
Star,5,0,,30
Star,5,0,,30
Star,5,0,,30
Star,5,0,,30
Star,5,0,,30
Star,5,0,,30
Star,5,0,,30
Star,5,0,,30
Star,5,0,,30
Star,5,0,,30
Star,5,0,,30
Star,5,0,,30
Star,5,0,,30
Star,5,0,,30
Star,5,0,,30
Star,5,0,,30
Star,5,0,,30
Star,5,0,,30
Star,5,0,,30
Star,5,0,,30
Star,5,0,,30
Star,5,0,,30
Star,5,0,,30
Star,5,0,,30
Star,5,0,,30
Star,5,0,,30
Star,5,0,,30
Star,5,0,,30
Star,5,0,,30
Star,5,0,,30
Star,5,0,,30
Star,5,0,,30
Star,5,0,,30
Star,5,0,,30
Star,5,0,,30
Star,5,0,,30
Star,5,0,,30
Star,5,0,,30
Star,5,0,,30
Star,5,0,,30
Star,5,0,,30
Star,5,0,,30
Star,5,0,,30
Star,5,0,,30
Star,5,0,,30
Star,5,0,,30
Star,5,0,,30
Star,5,0,,30
Star,5,0,,30
Star,5,0,,30
Star,5,0,,30
Star,5,0,,30
Star,5,0,,30
Star,5,0,,30
Star,5,0,,30
Star,5,0,,30
Star,5,0,,30
Star,5,0,,30
Star,5,0,,30
Star,5,0,,30
Star,5,0,,30
Star,5,0,,30
Star,5,0,,30
Star,5,1,0.0,1
Star,5,1,0.0,1
Star,5,1,0.0,1
Star,5,1,0.0,1
Star,5,1,0.0,1
Star,5,1,0.0,1
Star,5,1,0.0,1
Star,5,1,0.0,1
Star,5,1,0.0,1
Star,5,1,0.0,1
Star,5,1,0.0,1
Star,5,1,0.0,1
Star,5,1,0.0,1
Star,5,1,0.0,1
Star,5,1,0.0,1
Star,5,1,0.0,1
Star,5,1,0.0,1
Star,5,1,0.0,1
Star,5,1,0.0,1
Star,5,1,0.0,1
Star,5,1,0.0,1
Star,5,1,0.0,1
Star,5,1,0.0,1
Star,5,1,0.0,1
Star,5,1,0.0,1
Star,5,1,0.0,1
Star,5,1,0.0,1
Star,5,1,0.0,1
Star,5,1,0.0,1
Star,5,1,0.0,1
Star,5,1,0.0,1
Star,5,1,0.0,1
Star,5,1,0.0,1
Star,5,1,0.0,1
Star,5,1,0.0,1
Star,5,1,0.0,1
Star,5,1,0.0,1
Star,5,1,0.0,1
Star,5,1,0.0,1
Star,5,1,0.0,1
Star,5,1,0.0,1
Star,5,1,0.0,1
Star,5,1,0.0,1
Star,5,1,0.0,1
Star,5,1,0.0,1
Star,5,1,0.0,1
Star,5,1,0.0,1
Star,5,1,0.0,1
Star,5,1,0.0,1
Star,5,1,0.0,1
Star,5,1,0.0,1
Star,5,1,0.0,1
Star,5,1,0.0,1
Star,5,1,0.0,1
Star,5,1,0.0,1
Star,5,1,0.0,1
Star,5,1,0.0,1
Star,5,1,0.0,1
Star,5,1,0.0,1
Star,5,1,0.0,1
Star,5,1,0.0,1
Star,5,1,0.0,1
Star,5,1,0.0,1
Star,5,1,0.0,1
Star,5,1,0.0,1
Star,5,1,0.0,1
Star,5,1,0.0,1
Star,5,1,0.0,1
Star,5,1,0.0,1
Star,5,1,0.0,1
Star,5,1,0.0,1
Star,5,1,0.0,1
Star,5,1,0.0,1
Star,5,1,0.0,1
Star,5,1,0.0,1
Star,5,1,0.0,1
Star,5,1,0.0,1
Star,5,1,0.0,1
Star,5,1,0.0,1
Star,5,1,0.0,1
Star,5,1,0.0,1
Star,5,1,0.0,1
Star,5,1,0.0,1
Star,5,1,0.0,1
Star,5,1,0.0,1
Star,5,1,0.0,1
Star,5,1,0.0,1
Star,5,1,0.0,1
Star,5,1,0.0,1
Star,5,1,0.0,1
Star,5,1,0.0,1
Star,5,1,0.0,1
Star,5,1,0.0,1
Star,5,1,0.0,1
Star,5,1,0.0,1
Star,5,1,0.0,1
Star,5,1,0.0,1
Star,5,1,0.0,1
Star,5,1,0.0,1
Star,5,1,0.0,1
Star,5,2,0.0,1
Star,5,2,0.0,1
Star,5,2,0.0,1
Star,5,2,0.0,1
Star,5,2,0.0,1
Star,5,2,0.0,1
Star,5,2,0.0,1
Star,5,2,0.0,1
Star,5,2,0.0,1
Star,5,2,0.0,1
Star,5,2,0.0,1
Star,5,2,0.0,1
Star,5,2,0.0,1
Star,5,2,0.0,1
Star,5,2,0.0,1
Star,5,2,0.0,1
Star,5,2,0.0,1
Star,5,2,0.0,1
Star,5,2,0.0,1
Star,5,2,0.0,1
Star,5,2,0.0,1
Star,5,2,0.0,1
Star,5,2,0.0,1
Star,5,2,0.0,1
Star,5,2,0.0,1
Star,5,2,0.0,1
Star,5,2,0.0,1
Star,5,2,0.0,1
Star,5,2,0.0,1
Star,5,2,0.0,1
Star,5,2,0.0,1
Star,5,2,0.0,1
Star,5,2,0.0,1
Star,5,2,0.0,1
Star,5,2,0.0,1
Star,5,2,0.0,1
Star,5,2,0.0,1
Star,5,2,0.0,1
Star,5,2,0.0,1
Star,5,2,0.0,1
Star,5,2,0.0,1
Star,5,2,0.0,1
Star,5,2,0.0,1
Star,5,2,0.0,1
Star,5,2,0.0,1
Star,5,2,0.0,1
Star,5,2,0.0,1
Star,5,2,0.0,1
Star,5,2,0.0,1
Star,5,2,0.0,1
Star,5,2,0.0,1
Star,5,2,0.0,1
Star,5,2,0.0,1
Star,5,2,0.0,1
Star,5,2,0.0,1
Star,5,2,0.0,1
Star,5,2,0.0,1
Star,5,2,0.0,1
Star,5,2,0.0,1
Star,5,2,0.0,1
Star,5,2,0.0,1
Star,5,2,0.0,1
Star,5,2,0.0,1
Star,5,2,0.0,1
Star,5,2,0.0,1
Star,5,2,0.0,1
Star,5,2,0.0,1
Star,5,2,0.0,1
Star,5,2,0.0,1
Star,5,2,0.0,1
Star,5,2,0.0,1
Star,5,2,0.0,1
Star,5,2,0.0,1
Star,5,2,0.0,1
Star,5,2,0.0,1
Star,5,2,0.0,1
Star,5,2,0.0,1
Star,5,2,0.0,1
Star,5,2,0.0,1
Star,5,2,0.0,1
Star,5,2,0.0,1
Star,5,2,0.0,1
Star,5,2,0.0,1
Star,5,2,0.0,1
Star,5,2,0.0,1
Star,5,2,0.0,1
Star,5,2,0.0,1
Star,5,2,0.0,1
Star,5,2,0.0,1
Star,5,2,0.0,1
Star,5,2,0.0,1
Star,5,2,0.0,1
Star,5,2,0.0,1
Star,5,2,0.0,1
Star,5,2,0.0,1
Star,5,2,0.0,1
Star,5,2,0.0,1
Star,5,2,0.0,1
Star,5,2,0.0,1
Star,5,2,0.0,1
Star,5,3,0.0,1
Star,5,3,0.0,1
Star,5,3,0.0,1
Star,5,3,0.0,1
Star,5,3,0.0,1
Star,5,3,0.0,1
Star,5,3,0.0,1
Star,5,3,0.0,1
Star,5,3,0.0,1
Star,5,3,0.0,1
Star,5,3,0.0,1
Star,5,3,0.0,1
Star,5,3,0.0,1
Star,5,3,0.0,1
Star,5,3,0.0,1
Star,5,3,0.0,1
Star,5,3,0.0,1
Star,5,3,0.0,1
Star,5,3,0.0,1
Star,5,3,0.0,1
Star,5,3,0.0,1
Star,5,3,0.0,1
Star,5,3,0.0,1
Star,5,3,0.0,1
Star,5,3,0.0,1
Star,5,3,0.0,1
Star,5,3,0.0,1
Star,5,3,0.0,1
Star,5,3,0.0,1
Star,5,3,0.0,1
Star,5,3,0.0,1
Star,5,3,0.0,1
Star,5,3,0.0,1
Star,5,3,0.0,1
Star,5,3,0.0,1
Star,5,3,0.0,1
Star,5,3,0.0,1
Star,5,3,0.0,1
Star,5,3,0.0,1
Star,5,3,0.0,1
Star,5,3,0.0,1
Star,5,3,0.0,1
Star,5,3,0.0,1
Star,5,3,0.0,1
Star,5,3,0.0,1
Star,5,3,0.0,1
Star,5,3,0.0,1
Star,5,3,0.0,1
Star,5,3,0.0,1
Star,5,3,0.0,1
Star,5,3,0.0,1
Star,5,3,0.0,1
Star,5,3,0.0,1
Star,5,3,0.0,1
Star,5,3,0.0,1
Star,5,3,0.0,1
Star,5,3,0.0,1
Star,5,3,0.0,1
Star,5,3,0.0,1
Star,5,3,0.0,1
Star,5,3,0.0,1
Star,5,3,0.0,1
Star,5,3,0.0,1
Star,5,3,0.0,1
Star,5,3,0.0,1
Star,5,3,0.0,1
Star,5,3,0.0,1
Star,5,3,0.0,1
Star,5,3,0.0,1
Star,5,3,0.0,1
Star,5,3,0.0,1
Star,5,3,0.0,1
Star,5,3,0.0,1
Star,5,3,0.0,1
Star,5,3,0.0,1
Star,5,3,0.0,1
Star,5,3,0.0,1
Star,5,3,0.0,1
Star,5,3,0.0,1
Star,5,3,0.0,1
Star,5,3,0.0,1
Star,5,3,0.0,1
Star,5,3,0.0,1
Star,5,3,0.0,1
Star,5,3,0.0,1
Star,5,3,0.0,1
Star,5,3,0.0,1
Star,5,3,0.0,1
Star,5,3,0.0,1
Star,5,3,0.0,1
Star,5,3,0.0,1
Star,5,3,0.0,1
Star,5,3,0.0,1
Star,5,3,0.0,1
Star,5,3,0.0,1
Star,5,3,0.0,1
Star,5,3,0.0,1
Star,5,3,0.0,1
Star,5,3,0.0,1
Star,5,3,0.0,1
Star,5,4,0.0,1
Star,5,4,0.0,1
Star,5,4,0.0,1
Star,5,4,0.0,1
Star,5,4,0.0,1
Star,5,4,0.0,1
Star,5,4,0.0,1
Star,5,4,0.0,1
Star,5,4,0.0,1
Star,5,4,0.0,1
Star,5,4,0.0,1
Star,5,4,0.0,1
Star,5,4,0.0,1
Star,5,4,0.0,1
Star,5,4,0.0,1
Star,5,4,0.0,1
Star,5,4,0.0,1
Star,5,4,0.0,1
Star,5,4,0.0,1
Star,5,4,0.0,1
Star,5,4,0.0,1
Star,5,4,0.0,1
Star,5,4,0.0,1
Star,5,4,0.0,1
Star,5,4,0.0,1
Star,5,4,0.0,1
Star,5,4,0.0,1
Star,5,4,0.0,1
Star,5,4,0.0,1
Star,5,4,0.0,1
Star,5,4,0.0,1
Star,5,4,0.0,1
Star,5,4,0.0,1
Star,5,4,0.0,1
Star,5,4,0.0,1
Star,5,4,0.0,1
Star,5,4,0.0,1
Star,5,4,0.0,1
Star,5,4,0.0,1
Star,5,4,0.0,1
Star,5,4,0.0,1
Star,5,4,0.0,1
Star,5,4,0.0,1
Star,5,4,0.0,1
Star,5,4,0.0,1
Star,5,4,0.0,1
Star,5,4,0.0,1
Star,5,4,0.0,1
Star,5,4,0.0,1
Star,5,4,0.0,1
Star,5,4,0.0,1
Star,5,4,0.0,1
Star,5,4,0.0,1
Star,5,4,0.0,1
Star,5,4,0.0,1
Star,5,4,0.0,1
Star,5,4,0.0,1
Star,5,4,0.0,1
Star,5,4,0.0,1
Star,5,4,0.0,1
Star,5,4,0.0,1
Star,5,4,0.0,1
Star,5,4,0.0,1
Star,5,4,0.0,1
Star,5,4,0.0,1
Star,5,4,0.0,1
Star,5,4,0.0,1
Star,5,4,0.0,1
Star,5,4,0.0,1
Star,5,4,0.0,1
Star,5,4,0.0,1
Star,5,4,0.0,1
Star,5,4,0.0,1
Star,5,4,0.0,1
Star,5,4,0.0,1
Star,5,4,0.0,1
Star,5,4,0.0,1
Star,5,4,0.0,1
Star,5,4,0.0,1
Star,5,4,0.0,1
Star,5,4,0.0,1
Star,5,4,0.0,1
Star,5,4,0.0,1
Star,5,4,0.0,1
Star,5,4,0.0,1
Star,5,4,0.0,1
Star,5,4,0.0,1
Star,5,4,0.0,1
Star,5,4,0.0,1
Star,5,4,0.0,1
Star,5,4,0.0,1
Star,5,4,0.0,1
Star,5,4,0.0,1
Star,5,4,0.0,1
Star,5,4,0.0,1
Star,5,4,0.0,1
Star,5,4,0.0,1
Star,5,4,0.0,1
Star,5,4,0.0,1
Star,5,4,0.0,1
Star,5,5,0.0,1
Star,5,5,0.0,1
Star,5,5,0.0,1
Star,5,5,0.0,1
Star,5,5,0.0,1
Star,5,5,0.0,1
Star,5,5,0.0,1
Star,5,5,0.0,1
Star,5,5,0.0,1
Star,5,5,0.0,1
Star,5,5,0.0,1
Star,5,5,0.0,1
Star,5,5,0.0,1
Star,5,5,0.0,1
Star,5,5,0.0,1
Star,5,5,0.0,1
Star,5,5,0.0,1
Star,5,5,0.0,1
Star,5,5,0.0,1
Star,5,5,0.0,1
Star,5,5,0.0,1
Star,5,5,0.0,1
Star,5,5,0.0,1
Star,5,5,0.0,1
Star,5,5,0.0,1
Star,5,5,0.0,1
Star,5,5,0.0,1
Star,5,5,0.0,1
Star,5,5,0.0,1
Star,5,5,0.0,1
Star,5,5,0.0,1
Star,5,5,0.0,1
Star,5,5,0.0,1
Star,5,5,0.0,1
Star,5,5,0.0,1
Star,5,5,0.0,1
Star,5,5,0.0,1
Star,5,5,0.0,1
Star,5,5,0.0,1
Star,5,5,0.0,1
Star,5,5,0.0,1
Star,5,5,0.0,1
Star,5,5,0.0,1
Star,5,5,0.0,1
Star,5,5,0.0,1
Star,5,5,0.0,1
Star,5,5,0.0,1
Star,5,5,0.0,1
Star,5,5,0.0,1
Star,5,5,0.0,1
Star,5,5,0.0,1
Star,5,5,0.0,1
Star,5,5,0.0,1
Star,5,5,0.0,1
Star,5,5,0.0,1
Star,5,5,0.0,1
Star,5,5,0.0,1
Star,5,5,0.0,1
Star,5,5,0.0,1
Star,5,5,0.0,1
Star,5,5,0.0,1
Star,5,5,0.0,1
Star,5,5,0.0,1
Star,5,5,0.0,1
Star,5,5,0.0,1
Star,5,5,0.0,1
Star,5,5,0.0,1
Star,5,5,0.0,1
Star,5,5,0.0,1
Star,5,5,0.0,1
Star,5,5,0.0,1
Star,5,5,0.0,1
Star,5,5,0.0,1
Star,5,5,0.0,1
Star,5,5,0.0,1
Star,5,5,0.0,1
Star,5,5,0.0,1
Star,5,5,0.0,1
Star,5,5,0.0,1
Star,5,5,0.0,1
Star,5,5,0.0,1
Star,5,5,0.0,1
Star,5,5,0.0,1
Star,5,5,0.0,1
Star,5,5,0.0,1
Star,5,5,0.0,1
Star,5,5,0.0,1
Star,5,5,0.0,1
Star,5,5,0.0,1
Star,5,5,0.0,1
Star,5,5,0.0,1
Star,5,5,0.0,1
Star,5,5,0.0,1
Star,5,5,0.0,1
Star,5,5,0.0,1
Star,5,5,0.0,1
Star,5,5,0.0,1
Star,5,5,0.0,1
Star,5,5,0.0,1
Star,5,5,0.0,1
Lattice,0,0,1.0,1
Lattice,0,0,2.0,1
Lattice,0,0,2.0,1
Lattice,0,0,0.0,2
Lattice,0,0,4.0,4
Lattice,0,0,1.0,1
Lattice,0,0,2.0,1
Lattice,0,0,3.0,4
Lattice,0,0,2.0,1
Lattice,0,0,3.0,2
Lattice,0,0,3.0,2
Lattice,0,0,1.0,1
Lattice,0,0,1.0,1
Lattice,0,0,2.0,5
Lattice,0,0,2.0,1
Lattice,0,0,2.0,1
Lattice,0,0,2.0,1
Lattice,0,0,3.0,2
Lattice,0,0,2.0,1
Lattice,0,0,2.0,1
Lattice,0,0,2.0,1
Lattice,0,0,2.0,1
Lattice,0,0,2.0,1
Lattice,0,0,1.0,1
Lattice,0,0,1.0,1
Lattice,0,0,1.0,1
Lattice,0,0,2.0,1
Lattice,0,0,3.0,4
Lattice,0,0,0.0,2
Lattice,0,0,3.0,2
Lattice,0,0,2.0,1
Lattice,0,0,2.0,3
Lattice,0,0,2.0,1
Lattice,0,0,2.0,1
Lattice,0,0,2.0,1
Lattice,0,0,2.0,1
Lattice,0,0,2.0,1
Lattice,0,0,0.0,2
Lattice,0,0,1.0,1
Lattice,0,0,2.0,1
Lattice,0,0,2.0,1
Lattice,0,0,0.0,2
Lattice,0,0,2.0,1
Lattice,0,0,1.0,1
Lattice,0,0,3.0,4
Lattice,0,0,3.0,2
Lattice,0,0,0.0,6
Lattice,0,0,2.0,1
Lattice,0,0,3.0,4
Lattice,0,0,0.0,2
Lattice,0,0,2.0,3
Lattice,0,0,2.0,1
Lattice,0,0,2.0,1
Lattice,0,0,3.0,2
Lattice,0,0,1.0,1
Lattice,0,0,1.0,1
Lattice,0,0,0.0,2
Lattice,0,0,1.0,1
Lattice,0,0,2.0,7
Lattice,0,0,2.0,1
Lattice,0,0,1.0,1
Lattice,0,0,2.0,1
Lattice,0,0,3.0,4
Lattice,0,0,2.0,1
Lattice,0,0,0.0,2
Lattice,0,0,2.0,1
Lattice,0,0,1.0,1
Lattice,0,0,3.0,4
Lattice,0,0,1.0,3
Lattice,0,0,2.0,1
Lattice,0,0,2.0,3
Lattice,0,0,1.0,1
Lattice,0,0,1.0,1
Lattice,0,0,1.0,1
Lattice,0,0,1.0,5
Lattice,0,0,2.0,9
Lattice,0,0,2.0,7
Lattice,0,0,2.0,1
Lattice,0,0,2.0,1
Lattice,0,0,1.0,1
Lattice,0,0,2.0,5
Lattice,0,0,2.0,3
Lattice,0,0,2.0,3
Lattice,0,0,2.0,1
Lattice,0,0,0.0,4
Lattice,0,0,1.0,1
Lattice,0,0,2.0,1
Lattice,0,0,5.0,11
Lattice,0,0,3.0,2
Lattice,0,0,3.0,6
Lattice,0,0,1.0,1
Lattice,0,0,5.0,5
Lattice,0,0,2.0,1
Lattice,0,0,2.0,3
Lattice,0,0,2.0,1
Lattice,0,0,1.0,1
Lattice,0,0,0.0,4
Lattice,0,0,3.0,2
Lattice,0,0,2.0,1
Lattice,0,0,2.0,1
Lattice,0,1,,30
Lattice,0,1,,30
Lattice,0,1,,30
Lattice,0,1,,30
Lattice,0,1,,30
Lattice,0,1,,30
Lattice,0,1,,30
Lattice,0,1,,30
Lattice,0,1,,30
Lattice,0,1,,30
Lattice,0,1,,30
Lattice,0,1,,30
Lattice,0,1,,30
Lattice,0,1,,30
Lattice,0,1,,30
Lattice,0,1,,30
Lattice,0,1,,30
Lattice,0,1,,30
Lattice,0,1,,30
Lattice,0,1,,30
Lattice,0,1,,30
Lattice,0,1,,30
Lattice,0,1,,30
Lattice,0,1,,30
Lattice,0,1,,30
Lattice,0,1,,30
Lattice,0,1,,30
Lattice,0,1,,30
Lattice,0,1,,30
Lattice,0,1,,30
Lattice,0,1,,30
Lattice,0,1,,30
Lattice,0,1,,30
Lattice,0,1,,30
Lattice,0,1,,30
Lattice,0,1,,30
Lattice,0,1,,30
Lattice,0,1,,30
Lattice,0,1,,30
Lattice,0,1,,30
Lattice,0,1,,30
Lattice,0,1,,30
Lattice,0,1,,30
Lattice,0,1,,30
Lattice,0,1,,30
Lattice,0,1,,30
Lattice,0,1,,30
Lattice,0,1,,30
Lattice,0,1,,30
Lattice,0,1,,30
Lattice,0,1,,30
Lattice,0,1,,30
Lattice,0,1,,30
Lattice,0,1,,30
Lattice,0,1,,30
Lattice,0,1,,30
Lattice,0,1,,30
Lattice,0,1,,30
Lattice,0,1,,30
Lattice,0,1,,30
Lattice,0,1,,30
Lattice,0,1,,30
Lattice,0,1,,30
Lattice,0,1,,30
Lattice,0,1,,30
Lattice,0,1,,30
Lattice,0,1,,30
Lattice,0,1,,30
Lattice,0,1,,30
Lattice,0,1,,30
Lattice,0,1,,30
Lattice,0,1,,30
Lattice,0,1,,30
Lattice,0,1,,30
Lattice,0,1,,30
Lattice,0,1,,30
Lattice,0,1,,30
Lattice,0,1,,30
Lattice,0,1,,30
Lattice,0,1,,30
Lattice,0,1,,30
Lattice,0,1,,30
Lattice,0,1,,30
Lattice,0,1,,30
Lattice,0,1,,30
Lattice,0,1,,30
Lattice,0,1,,30
Lattice,0,1,,30
Lattice,0,1,,30
Lattice,0,1,,30
Lattice,0,1,,30
Lattice,0,1,,30
Lattice,0,1,,30
Lattice,0,1,,30
Lattice,0,1,,30
Lattice,0,1,,30
Lattice,0,1,,30
Lattice,0,1,,30
Lattice,0,1,,30
Lattice,0,1,,30
Lattice,0,2,,30
Lattice,0,2,,30
Lattice,0,2,,30
Lattice,0,2,,30
Lattice,0,2,,30
Lattice,0,2,,30
Lattice,0,2,,30
Lattice,0,2,,30
Lattice,0,2,,30
Lattice,0,2,,30
Lattice,0,2,,30
Lattice,0,2,,30
Lattice,0,2,,30
Lattice,0,2,,30
Lattice,0,2,,30
Lattice,0,2,,30
Lattice,0,2,,30
Lattice,0,2,,30
Lattice,0,2,,30
Lattice,0,2,,30
Lattice,0,2,,30
Lattice,0,2,,30
Lattice,0,2,,30
Lattice,0,2,,30
Lattice,0,2,,30
Lattice,0,2,,30
Lattice,0,2,,30
Lattice,0,2,,30
Lattice,0,2,,30
Lattice,0,2,,30
Lattice,0,2,,30
Lattice,0,2,,30
Lattice,0,2,,30
Lattice,0,2,,30
Lattice,0,2,,30
Lattice,0,2,,30
Lattice,0,2,,30
Lattice,0,2,,30
Lattice,0,2,,30
Lattice,0,2,,30
Lattice,0,2,,30
Lattice,0,2,,30
Lattice,0,2,,30
Lattice,0,2,,30
Lattice,0,2,,30
Lattice,0,2,,30
Lattice,0,2,,30
Lattice,0,2,,30
Lattice,0,2,,30
Lattice,0,2,,30
Lattice,0,2,,30
Lattice,0,2,,30
Lattice,0,2,,30
Lattice,0,2,,30
Lattice,0,2,,30
Lattice,0,2,,30
Lattice,0,2,,30
Lattice,0,2,,30
Lattice,0,2,,30
Lattice,0,2,,30
Lattice,0,2,,30
Lattice,0,2,,30
Lattice,0,2,,30
Lattice,0,2,,30
Lattice,0,2,,30
Lattice,0,2,,30
Lattice,0,2,,30
Lattice,0,2,,30
Lattice,0,2,,30
Lattice,0,2,,30
Lattice,0,2,,30
Lattice,0,2,,30
Lattice,0,2,,30
Lattice,0,2,,30
Lattice,0,2,,30
Lattice,0,2,,30
Lattice,0,2,,30
Lattice,0,2,,30
Lattice,0,2,,30
Lattice,0,2,,30
Lattice,0,2,,30
Lattice,0,2,,30
Lattice,0,2,,30
Lattice,0,2,,30
Lattice,0,2,,30
Lattice,0,2,,30
Lattice,0,2,,30
Lattice,0,2,,30
Lattice,0,2,,30
Lattice,0,2,,30
Lattice,0,2,,30
Lattice,0,2,,30
Lattice,0,2,,30
Lattice,0,2,,30
Lattice,0,2,,30
Lattice,0,2,,30
Lattice,0,2,,30
Lattice,0,2,,30
Lattice,0,2,,30
Lattice,0,2,,30
Lattice,0,3,2.0,7
Lattice,0,3,1.0,1
Lattice,0,3,3.0,8
Lattice,0,3,2.0,1
Lattice,0,3,2.0,3
Lattice,0,3,2.0,5
Lattice,0,3,1.0,1
Lattice,0,3,3.0,2
Lattice,0,3,1.0,1
Lattice,0,3,1.0,1
Lattice,0,3,1.0,3
Lattice,0,3,2.0,1
Lattice,0,3,3.0,4
Lattice,0,3,2.0,1
Lattice,0,3,2.0,1
Lattice,0,3,2.0,3
Lattice,0,3,0.0,2
Lattice,0,3,3.0,2
Lattice,0,3,2.0,1
Lattice,0,3,3.0,2
Lattice,0,3,5.0,7
Lattice,0,3,5.0,3
Lattice,0,3,1.0,1
Lattice,0,3,1.0,1
Lattice,0,3,3.0,2
Lattice,0,3,2.0,1
Lattice,0,3,0.0,2
Lattice,0,3,2.0,3
Lattice,0,3,3.0,2
Lattice,0,3,3.0,6
Lattice,0,3,2.0,1
Lattice,0,3,2.0,1
Lattice,0,3,1.0,7
Lattice,0,3,1.0,1
Lattice,0,3,3.0,14
Lattice,0,3,2.0,3
Lattice,0,3,2.0,1
Lattice,0,3,4.0,2
Lattice,0,3,3.0,4
Lattice,0,3,1.0,1
Lattice,0,3,1.0,1
Lattice,0,3,2.0,3
Lattice,0,3,1.0,1
Lattice,0,3,2.0,1
Lattice,0,3,3.0,4
Lattice,0,3,4.0,4
Lattice,0,3,3.0,2
Lattice,0,3,2.0,5
Lattice,0,3,3.0,2
Lattice,0,3,3.0,2
Lattice,0,3,3.0,4
Lattice,0,3,2.0,3
Lattice,0,3,2.0,1
Lattice,0,3,2.0,1
Lattice,0,3,1.0,1
Lattice,0,3,2.0,5
Lattice,0,3,3.0,8
Lattice,0,3,3.0,2
Lattice,0,3,3.0,2
Lattice,0,3,3.0,2
Lattice,0,3,1.0,5
Lattice,0,3,1.0,1
Lattice,0,3,1.0,1
Lattice,0,3,2.0,7
Lattice,0,3,1.0,3
Lattice,0,3,3.0,2
Lattice,0,3,2.0,3
Lattice,0,3,2.0,3
Lattice,0,3,2.0,5
Lattice,0,3,3.0,10
Lattice,0,3,3.0,2
Lattice,0,3,2.0,1
Lattice,0,3,1.0,1
Lattice,0,3,0.0,2
Lattice,0,3,1.0,1
Lattice,0,3,3.0,6
Lattice,0,3,5.0,9
Lattice,0,3,1.0,1
Lattice,0,3,1.0,1
Lattice,0,3,2.0,1
Lattice,0,3,3.0,4
Lattice,0,3,2.0,1
Lattice,0,3,5.0,5
Lattice,0,3,0.0,4
Lattice,0,3,4.0,6
Lattice,0,3,3.0,4
Lattice,0,3,3.0,2
Lattice,0,3,2.0,1
Lattice,0,3,1.0,1
Lattice,0,3,1.0,1
Lattice,0,3,2.0,1
Lattice,0,3,1.0,5
Lattice,0,3,2.0,3
Lattice,0,3,2.0,1
Lattice,0,3,5.0,5
Lattice,0,3,1.0,1
Lattice,0,3,1.0,1
Lattice,0,3,0.0,4
Lattice,0,3,5.0,3
Lattice,0,3,3.0,2
Lattice,0,4,3.0,2
Lattice,0,4,2.0,1
Lattice,0,4,2.0,3
Lattice,0,4,5.0,5
Lattice,0,4,2.0,3
Lattice,0,4,3.0,2
Lattice,0,4,0.0,4
Lattice,0,4,2.0,1
Lattice,0,4,2.0,3
Lattice,0,4,2.0,3
Lattice,0,4,3.0,10
Lattice,0,4,2.0,5
Lattice,0,4,2.0,1
Lattice,0,4,2.0,1
Lattice,0,4,3.0,2
Lattice,0,4,2.0,5
Lattice,0,4,3.0,10
Lattice,0,4,3.0,4
Lattice,0,4,2.0,1
Lattice,0,4,3.0,4
Lattice,0,4,2.0,1
Lattice,0,4,2.0,5
Lattice,0,4,2.0,3
Lattice,0,4,2.0,5
Lattice,0,4,3.0,2
Lattice,0,4,2.0,1
Lattice,0,4,1.0,3
Lattice,0,4,4.0,4
Lattice,0,4,2.0,1
Lattice,0,4,3.0,8
Lattice,0,4,3.0,4
Lattice,0,4,2.0,1
Lattice,0,4,3.0,2
Lattice,0,4,2.0,1
Lattice,0,4,3.0,2
Lattice,0,4,2.0,3
Lattice,0,4,3.0,2
Lattice,0,4,3.0,2
Lattice,0,4,2.0,3
Lattice,0,4,3.0,4
Lattice,0,4,2.0,3
Lattice,0,4,5.0,3
Lattice,0,4,3.0,2
Lattice,0,4,2.0,7
Lattice,0,4,5.0,7
Lattice,0,4,2.0,1
Lattice,0,4,3.0,2
Lattice,0,4,2.0,11
Lattice,0,4,4.0,2
Lattice,0,4,2.0,1
Lattice,0,4,2.0,3
Lattice,0,4,2.0,1
Lattice,0,4,2.0,1
Lattice,0,4,0.0,4
Lattice,0,4,0.0,2
Lattice,0,4,4.0,6
Lattice,0,4,3.0,4
Lattice,0,4,2.0,1
Lattice,0,4,3.0,2
Lattice,0,4,0.0,8
Lattice,0,4,2.0,1
Lattice,0,4,3.0,2
Lattice,0,4,3.0,2
Lattice,0,4,0.0,4
Lattice,0,4,4.0,6
Lattice,0,4,3.0,2
Lattice,0,4,2.0,1
Lattice,0,4,3.0,2
Lattice,0,4,2.0,13
Lattice,0,4,2.0,11
Lattice,0,4,2.0,1
Lattice,0,4,3.0,2
Lattice,0,4,3.0,4
Lattice,0,4,3.0,6
Lattice,0,4,2.0,1
Lattice,0,4,1.0,5
Lattice,0,4,1.0,3
Lattice,0,4,0.0,2
Lattice,0,4,3.0,16
Lattice,0,4,3.0,4
Lattice,0,4,5.0,3
Lattice,0,4,3.0,2
Lattice,0,4,2.0,1
Lattice,0,4,1.0,3
Lattice,0,4,3.0,2
Lattice,0,4,2.0,1
Lattice,0,4,2.0,1
Lattice,0,4,2.0,1
Lattice,0,4,2.0,1
Lattice,0,4,3.0,2
Lattice,0,4,2.0,1
Lattice,0,4,4.0,2
Lattice,0,4,2.0,5
Lattice,0,4,5.0,3
Lattice,0,4,3.0,2
Lattice,0,4,0.0,2
Lattice,0,4,3.0,2
Lattice,0,4,2.0,1
Lattice,0,4,2.0,1
Lattice,0,4,3.0,2
Lattice,0,5,,30
Lattice,0,5,,30
Lattice,0,5,,30
Lattice,0,5,,30
Lattice,0,5,,30
Lattice,0,5,,30
Lattice,0,5,,30
Lattice,0,5,,30
Lattice,0,5,,30
Lattice,0,5,,30
Lattice,0,5,,30
Lattice,0,5,,30
Lattice,0,5,,30
Lattice,0,5,,30
Lattice,0,5,,30
Lattice,0,5,,30
Lattice,0,5,,30
Lattice,0,5,,30
Lattice,0,5,,30
Lattice,0,5,,30
Lattice,0,5,,30
Lattice,0,5,,30
Lattice,0,5,,30
Lattice,0,5,,30
Lattice,0,5,,30
Lattice,0,5,,30
Lattice,0,5,,30
Lattice,0,5,,30
Lattice,0,5,,30
Lattice,0,5,,30
Lattice,0,5,,30
Lattice,0,5,,30
Lattice,0,5,,30
Lattice,0,5,,30
Lattice,0,5,,30
Lattice,0,5,,30
Lattice,0,5,,30
Lattice,0,5,,30
Lattice,0,5,,30
Lattice,0,5,,30
Lattice,0,5,,30
Lattice,0,5,,30
Lattice,0,5,,30
Lattice,0,5,,30
Lattice,0,5,,30
Lattice,0,5,,30
Lattice,0,5,,30
Lattice,0,5,,30
Lattice,0,5,,30
Lattice,0,5,,30
Lattice,0,5,,30
Lattice,0,5,,30
Lattice,0,5,,30
Lattice,0,5,,30
Lattice,0,5,,30
Lattice,0,5,,30
Lattice,0,5,,30
Lattice,0,5,,30
Lattice,0,5,,30
Lattice,0,5,,30
Lattice,0,5,,30
Lattice,0,5,,30
Lattice,0,5,,30
Lattice,0,5,,30
Lattice,0,5,,30
Lattice,0,5,,30
Lattice,0,5,,30
Lattice,0,5,,30
Lattice,0,5,,30
Lattice,0,5,,30
Lattice,0,5,,30
Lattice,0,5,,30
Lattice,0,5,,30
Lattice,0,5,,30
Lattice,0,5,,30
Lattice,0,5,,30
Lattice,0,5,,30
Lattice,0,5,,30
Lattice,0,5,,30
Lattice,0,5,,30
Lattice,0,5,,30
Lattice,0,5,,30
Lattice,0,5,,30
Lattice,0,5,,30
Lattice,0,5,,30
Lattice,0,5,,30
Lattice,0,5,,30
Lattice,0,5,,30
Lattice,0,5,,30
Lattice,0,5,,30
Lattice,0,5,,30
Lattice,0,5,,30
Lattice,0,5,,30
Lattice,0,5,,30
Lattice,0,5,,30
Lattice,0,5,,30
Lattice,0,5,,30
Lattice,0,5,,30
Lattice,0,5,,30
Lattice,0,5,,30
Lattice,1,0,,30
Lattice,1,0,,30
Lattice,1,0,,30
Lattice,1,0,,30
Lattice,1,0,,30
Lattice,1,0,,30
Lattice,1,0,,30
Lattice,1,0,,30
Lattice,1,0,,30
Lattice,1,0,,30
Lattice,1,0,,30
Lattice,1,0,,30
Lattice,1,0,,30
Lattice,1,0,,30
Lattice,1,0,,30
Lattice,1,0,,30
Lattice,1,0,,30
Lattice,1,0,,30
Lattice,1,0,,30
Lattice,1,0,,30
Lattice,1,0,,30
Lattice,1,0,,30
Lattice,1,0,,30
Lattice,1,0,,30
Lattice,1,0,,30
Lattice,1,0,,30
Lattice,1,0,,30
Lattice,1,0,,30
Lattice,1,0,,30
Lattice,1,0,,30
Lattice,1,0,,30
Lattice,1,0,,30
Lattice,1,0,,30
Lattice,1,0,,30
Lattice,1,0,,30
Lattice,1,0,,30
Lattice,1,0,,30
Lattice,1,0,,30
Lattice,1,0,,30
Lattice,1,0,,30
Lattice,1,0,,30
Lattice,1,0,,30
Lattice,1,0,,30
Lattice,1,0,,30
Lattice,1,0,,30
Lattice,1,0,,30
Lattice,1,0,,30
Lattice,1,0,,30
Lattice,1,0,,30
Lattice,1,0,,30
Lattice,1,0,,30
Lattice,1,0,,30
Lattice,1,0,,30
Lattice,1,0,,30
Lattice,1,0,,30
Lattice,1,0,,30
Lattice,1,0,,30
Lattice,1,0,,30
Lattice,1,0,,30
Lattice,1,0,,30
Lattice,1,0,,30
Lattice,1,0,,30
Lattice,1,0,,30
Lattice,1,0,,30
Lattice,1,0,,30
Lattice,1,0,,30
Lattice,1,0,,30
Lattice,1,0,,30
Lattice,1,0,,30
Lattice,1,0,,30
Lattice,1,0,,30
Lattice,1,0,,30
Lattice,1,0,,30
Lattice,1,0,,30
Lattice,1,0,,30
Lattice,1,0,,30
Lattice,1,0,,30
Lattice,1,0,,30
Lattice,1,0,,30
Lattice,1,0,,30
Lattice,1,0,,30
Lattice,1,0,,30
Lattice,1,0,,30
Lattice,1,0,,30
Lattice,1,0,,30
Lattice,1,0,,30
Lattice,1,0,,30
Lattice,1,0,,30
Lattice,1,0,,30
Lattice,1,0,,30
Lattice,1,0,,30
Lattice,1,0,,30
Lattice,1,0,,30
Lattice,1,0,,30
Lattice,1,0,,30
Lattice,1,0,,30
Lattice,1,0,,30
Lattice,1,0,,30
Lattice,1,0,,30
Lattice,1,0,,30
Lattice,1,1,1.0,2
Lattice,1,1,3.0,3
Lattice,1,1,0.0,1
Lattice,1,1,3.0,1
Lattice,1,1,0.0,1
Lattice,1,1,1.0,8
Lattice,1,1,0.0,1
Lattice,1,1,4.0,5
Lattice,1,1,1.0,2
Lattice,1,1,2.0,10
Lattice,1,1,2.0,2
Lattice,1,1,1.0,2
Lattice,1,1,2.0,2
Lattice,1,1,2.0,2
Lattice,1,1,3.0,3
Lattice,1,1,0.0,1
Lattice,1,1,3.0,3
Lattice,1,1,3.0,3
Lattice,1,1,3.0,1
Lattice,1,1,2.0,2
Lattice,1,1,3.0,5
Lattice,1,1,3.0,1
Lattice,1,1,3.0,1
Lattice,1,1,3.0,7
Lattice,1,1,3.0,3
Lattice,1,1,3.0,1
Lattice,1,1,3.0,1
Lattice,1,1,3.0,1
Lattice,1,1,0.0,3
Lattice,1,1,3.0,1
Lattice,1,1,3.0,1
Lattice,1,1,3.0,3
Lattice,1,1,3.0,1
Lattice,1,1,3.0,1
Lattice,1,1,3.0,1
Lattice,1,1,2.0,2
Lattice,1,1,3.0,1
Lattice,1,1,4.0,3
Lattice,1,1,3.0,1
Lattice,1,1,3.0,1
Lattice,1,1,0.0,5
Lattice,1,1,0.0,1
Lattice,1,1,3.0,5
Lattice,1,1,5.0,4
Lattice,1,1,2.0,14
Lattice,1,1,3.0,5
Lattice,1,1,0.0,1
Lattice,1,1,3.0,5
Lattice,1,1,3.0,1
Lattice,1,1,2.0,4
Lattice,1,1,0.0,5
Lattice,1,1,3.0,3
Lattice,1,1,3.0,1
Lattice,1,1,0.0,1
Lattice,1,1,1.0,2
Lattice,1,1,2.0,2
Lattice,1,1,3.0,1
Lattice,1,1,3.0,1
Lattice,1,1,3.0,1
Lattice,1,1,0.0,1
Lattice,1,1,2.0,10
Lattice,1,1,3.0,3
Lattice,1,1,2.0,2
Lattice,1,1,0.0,1
Lattice,1,1,0.0,1
Lattice,1,1,5.0,8
Lattice,1,1,0.0,1
Lattice,1,1,5.0,6
Lattice,1,1,0.0,1
Lattice,1,1,2.0,2
Lattice,1,1,3.0,1
Lattice,1,1,3.0,5
Lattice,1,1,2.0,2
Lattice,1,1,2.0,4
Lattice,1,1,3.0,3
Lattice,1,1,3.0,1
Lattice,1,1,4.0,3
Lattice,1,1,3.0,3
Lattice,1,1,3.0,3
Lattice,1,1,3.0,1
Lattice,1,1,3.0,1
Lattice,1,1,0.0,1
Lattice,1,1,0.0,1
Lattice,1,1,0.0,1
Lattice,1,1,1.0,2
Lattice,1,1,1.0,2
Lattice,1,1,2.0,6
Lattice,1,1,2.0,2
Lattice,1,1,1.0,2
Lattice,1,1,3.0,7
Lattice,1,1,0.0,3
Lattice,1,1,0.0,1
Lattice,1,1,0.0,3
Lattice,1,1,1.0,2
Lattice,1,1,0.0,1
Lattice,1,1,3.0,1
Lattice,1,1,2.0,2
Lattice,1,1,2.0,2
Lattice,1,1,3.0,1
Lattice,1,1,1.0,8
Lattice,1,2,5.0,2
Lattice,1,2,3.0,3
Lattice,1,2,0.0,5
Lattice,1,2,2.0,2
Lattice,1,2,3.0,9
Lattice,1,2,4.0,9
Lattice,1,2,2.0,2
Lattice,1,2,2.0,4
Lattice,1,2,5.0,4
Lattice,1,2,2.0,8
Lattice,1,2,3.0,1
Lattice,1,2,3.0,5
Lattice,1,2,4.0,9
Lattice,1,2,0.0,11
Lattice,1,2,2.0,4
Lattice,1,2,0.0,1
Lattice,1,2,0.0,17
Lattice,1,2,2.0,8
Lattice,1,2,2.0,2
Lattice,1,2,3.0,7
Lattice,1,2,3.0,5
Lattice,1,2,5.0,2
Lattice,1,2,3.0,1
Lattice,1,2,5.0,2
Lattice,1,2,0.0,3
Lattice,1,2,2.0,4
Lattice,1,2,0.0,1
Lattice,1,2,4.0,3
Lattice,1,2,5.0,2
Lattice,1,2,0.0,1
Lattice,1,2,0.0,1
Lattice,1,2,3.0,5
Lattice,1,2,4.0,7
Lattice,1,2,5.0,2
Lattice,1,2,2.0,2
Lattice,1,2,0.0,1
Lattice,1,2,1.0,2
Lattice,1,2,3.0,1
Lattice,1,2,2.0,6
Lattice,1,2,1.0,2
Lattice,1,2,2.0,2
Lattice,1,2,0.0,1
Lattice,1,2,3.0,5
Lattice,1,2,0.0,3
Lattice,1,2,1.0,4
Lattice,1,2,2.0,4
Lattice,1,2,0.0,1
Lattice,1,2,3.0,1
Lattice,1,2,3.0,1
Lattice,1,2,1.0,4
Lattice,1,2,0.0,5
Lattice,1,2,3.0,3
Lattice,1,2,2.0,2
Lattice,1,2,3.0,1
Lattice,1,2,3.0,3
Lattice,1,2,1.0,2
Lattice,1,2,0.0,1
Lattice,1,2,2.0,4
Lattice,1,2,3.0,5
Lattice,1,2,2.0,8
Lattice,1,2,3.0,1
Lattice,1,2,0.0,1
Lattice,1,2,2.0,6
Lattice,1,2,2.0,4
Lattice,1,2,2.0,2
Lattice,1,2,1.0,2
Lattice,1,2,0.0,1
Lattice,1,2,2.0,12
Lattice,1,2,0.0,1
Lattice,1,2,2.0,2
Lattice,1,2,3.0,3
Lattice,1,2,4.0,3
Lattice,1,2,0.0,1
Lattice,1,2,3.0,1
Lattice,1,2,3.0,5
Lattice,1,2,5.0,2
Lattice,1,2,3.0,1
Lattice,1,2,4.0,5
Lattice,1,2,0.0,1
Lattice,1,2,4.0,13
Lattice,1,2,1.0,2
Lattice,1,2,2.0,4
Lattice,1,2,5.0,6
Lattice,1,2,2.0,2
Lattice,1,2,0.0,1
Lattice,1,2,3.0,7
Lattice,1,2,3.0,3
Lattice,1,2,3.0,3
Lattice,1,2,2.0,8
Lattice,1,2,3.0,1
Lattice,1,2,5.0,2
Lattice,1,2,3.0,1
Lattice,1,2,0.0,1
Lattice,1,2,2.0,2
Lattice,1,2,5.0,4
Lattice,1,2,1.0,6
Lattice,1,2,0.0,1
Lattice,1,2,3.0,3
Lattice,1,2,5.0,6
Lattice,1,2,3.0,1
Lattice,1,3,,30
Lattice,1,3,,30
Lattice,1,3,,30
Lattice,1,3,,30
Lattice,1,3,,30
Lattice,1,3,,30
Lattice,1,3,,30
Lattice,1,3,,30
Lattice,1,3,,30
Lattice,1,3,,30
Lattice,1,3,,30
Lattice,1,3,,30
Lattice,1,3,,30
Lattice,1,3,,30
Lattice,1,3,,30
Lattice,1,3,,30
Lattice,1,3,,30
Lattice,1,3,,30
Lattice,1,3,,30
Lattice,1,3,,30
Lattice,1,3,,30
Lattice,1,3,,30
Lattice,1,3,,30
Lattice,1,3,,30
Lattice,1,3,,30
Lattice,1,3,,30
Lattice,1,3,,30
Lattice,1,3,,30
Lattice,1,3,,30
Lattice,1,3,,30
Lattice,1,3,,30
Lattice,1,3,,30
Lattice,1,3,,30
Lattice,1,3,,30
Lattice,1,3,,30
Lattice,1,3,,30
Lattice,1,3,,30
Lattice,1,3,,30
Lattice,1,3,,30
Lattice,1,3,,30
Lattice,1,3,,30
Lattice,1,3,,30
Lattice,1,3,,30
Lattice,1,3,,30
Lattice,1,3,,30
Lattice,1,3,,30
Lattice,1,3,,30
Lattice,1,3,,30
Lattice,1,3,,30
Lattice,1,3,,30
Lattice,1,3,,30
Lattice,1,3,,30
Lattice,1,3,,30
Lattice,1,3,,30
Lattice,1,3,,30
Lattice,1,3,,30
Lattice,1,3,,30
Lattice,1,3,,30
Lattice,1,3,,30
Lattice,1,3,,30
Lattice,1,3,,30
Lattice,1,3,,30
Lattice,1,3,,30
Lattice,1,3,,30
Lattice,1,3,,30
Lattice,1,3,,30
Lattice,1,3,,30
Lattice,1,3,,30
Lattice,1,3,,30
Lattice,1,3,,30
Lattice,1,3,,30
Lattice,1,3,,30
Lattice,1,3,,30
Lattice,1,3,,30
Lattice,1,3,,30
Lattice,1,3,,30
Lattice,1,3,,30
Lattice,1,3,,30
Lattice,1,3,,30
Lattice,1,3,,30
Lattice,1,3,,30
Lattice,1,3,,30
Lattice,1,3,,30
Lattice,1,3,,30
Lattice,1,3,,30
Lattice,1,3,,30
Lattice,1,3,,30
Lattice,1,3,,30
Lattice,1,3,,30
Lattice,1,3,,30
Lattice,1,3,,30
Lattice,1,3,,30
Lattice,1,3,,30
Lattice,1,3,,30
Lattice,1,3,,30
Lattice,1,3,,30
Lattice,1,3,,30
Lattice,1,3,,30
Lattice,1,3,,30
Lattice,1,3,,30
Lattice,1,4,,30
Lattice,1,4,,30
Lattice,1,4,,30
Lattice,1,4,,30
Lattice,1,4,,30
Lattice,1,4,,30
Lattice,1,4,,30
Lattice,1,4,,30
Lattice,1,4,,30
Lattice,1,4,,30
Lattice,1,4,,30
Lattice,1,4,,30
Lattice,1,4,,30
Lattice,1,4,,30
Lattice,1,4,,30
Lattice,1,4,,30
Lattice,1,4,,30
Lattice,1,4,,30
Lattice,1,4,,30
Lattice,1,4,,30
Lattice,1,4,,30
Lattice,1,4,,30
Lattice,1,4,,30
Lattice,1,4,,30
Lattice,1,4,,30
Lattice,1,4,,30
Lattice,1,4,,30
Lattice,1,4,,30
Lattice,1,4,,30
Lattice,1,4,,30
Lattice,1,4,,30
Lattice,1,4,,30
Lattice,1,4,,30
Lattice,1,4,,30
Lattice,1,4,,30
Lattice,1,4,,30
Lattice,1,4,,30
Lattice,1,4,,30
Lattice,1,4,,30
Lattice,1,4,,30
Lattice,1,4,,30
Lattice,1,4,,30
Lattice,1,4,,30
Lattice,1,4,,30
Lattice,1,4,,30
Lattice,1,4,,30
Lattice,1,4,,30
Lattice,1,4,,30
Lattice,1,4,,30
Lattice,1,4,,30
Lattice,1,4,,30
Lattice,1,4,,30
Lattice,1,4,,30
Lattice,1,4,,30
Lattice,1,4,,30
Lattice,1,4,,30
Lattice,1,4,,30
Lattice,1,4,,30
Lattice,1,4,,30
Lattice,1,4,,30
Lattice,1,4,,30
Lattice,1,4,,30
Lattice,1,4,,30
Lattice,1,4,,30
Lattice,1,4,,30
Lattice,1,4,,30
Lattice,1,4,,30
Lattice,1,4,,30
Lattice,1,4,,30
Lattice,1,4,,30
Lattice,1,4,,30
Lattice,1,4,,30
Lattice,1,4,,30
Lattice,1,4,,30
Lattice,1,4,,30
Lattice,1,4,,30
Lattice,1,4,,30
Lattice,1,4,,30
Lattice,1,4,,30
Lattice,1,4,,30
Lattice,1,4,,30
Lattice,1,4,,30
Lattice,1,4,,30
Lattice,1,4,,30
Lattice,1,4,,30
Lattice,1,4,,30
Lattice,1,4,,30
Lattice,1,4,,30
Lattice,1,4,,30
Lattice,1,4,,30
Lattice,1,4,,30
Lattice,1,4,,30
Lattice,1,4,,30
Lattice,1,4,,30
Lattice,1,4,,30
Lattice,1,4,,30
Lattice,1,4,,30
Lattice,1,4,,30
Lattice,1,4,,30
Lattice,1,4,,30
Lattice,1,5,1.0,2
Lattice,1,5,3.0,7
Lattice,1,5,3.0,1
Lattice,1,5,2.0,4
Lattice,1,5,3.0,1
Lattice,1,5,3.0,1
Lattice,1,5,2.0,2
Lattice,1,5,3.0,1
Lattice,1,5,5.0,2
Lattice,1,5,3.0,11
Lattice,1,5,3.0,1
Lattice,1,5,5.0,6
Lattice,1,5,2.0,4
Lattice,1,5,3.0,1
Lattice,1,5,3.0,1
Lattice,1,5,2.0,2
Lattice,1,5,4.0,5
Lattice,1,5,3.0,1
Lattice,1,5,4.0,5
Lattice,1,5,3.0,1
Lattice,1,5,3.0,1
Lattice,1,5,0.0,7
Lattice,1,5,3.0,1
Lattice,1,5,1.0,6
Lattice,1,5,3.0,3
Lattice,1,5,2.0,6
Lattice,1,5,4.0,5
Lattice,1,5,3.0,3
Lattice,1,5,5.0,2
Lattice,1,5,2.0,2
Lattice,1,5,3.0,3
Lattice,1,5,4.0,3
Lattice,1,5,3.0,1
Lattice,1,5,0.0,7
Lattice,1,5,0.0,5
Lattice,1,5,2.0,4
Lattice,1,5,3.0,9
Lattice,1,5,3.0,3
Lattice,1,5,3.0,1
Lattice,1,5,3.0,1
Lattice,1,5,5.0,10
Lattice,1,5,3.0,1
Lattice,1,5,3.0,1
Lattice,1,5,2.0,10
Lattice,1,5,3.0,1
Lattice,1,5,3.0,1
Lattice,1,5,1.0,2
Lattice,1,5,3.0,9
Lattice,1,5,3.0,3
Lattice,1,5,3.0,1
Lattice,1,5,3.0,3
Lattice,1,5,0.0,5
Lattice,1,5,3.0,5
Lattice,1,5,5.0,4
Lattice,1,5,2.0,2
Lattice,1,5,2.0,2
Lattice,1,5,2.0,4
Lattice,1,5,1.0,6
Lattice,1,5,3.0,1
Lattice,1,5,0.0,5
Lattice,1,5,1.0,2
Lattice,1,5,2.0,8
Lattice,1,5,3.0,1
Lattice,1,5,3.0,1
Lattice,1,5,5.0,2
Lattice,1,5,2.0,2
Lattice,1,5,2.0,2
Lattice,1,5,3.0,1
Lattice,1,5,5.0,4
Lattice,1,5,3.0,1
Lattice,1,5,2.0,2
Lattice,1,5,3.0,5
Lattice,1,5,2.0,2
Lattice,1,5,2.0,4
Lattice,1,5,3.0,3
Lattice,1,5,5.0,10
Lattice,1,5,3.0,1
Lattice,1,5,2.0,2
Lattice,1,5,0.0,5
Lattice,1,5,3.0,1
Lattice,1,5,3.0,1
Lattice,1,5,4.0,3
Lattice,1,5,0.0,3
Lattice,1,5,3.0,1
Lattice,1,5,5.0,2
Lattice,1,5,2.0,4
Lattice,1,5,3.0,3
Lattice,1,5,5.0,2
Lattice,1,5,5.0,2
Lattice,1,5,2.0,2
Lattice,1,5,3.0,1
Lattice,1,5,5.0,2
Lattice,1,5,3.0,1
Lattice,1,5,0.0,7
Lattice,1,5,3.0,1
Lattice,1,5,3.0,3
Lattice,1,5,3.0,11
Lattice,1,5,2.0,2
Lattice,1,5,1.0,2
Lattice,1,5,3.0,1
Lattice,2,0,,30
Lattice,2,0,,30
Lattice,2,0,,30
Lattice,2,0,,30
Lattice,2,0,,30
Lattice,2,0,,30
Lattice,2,0,,30
Lattice,2,0,,30
Lattice,2,0,,30
Lattice,2,0,,30
Lattice,2,0,,30
Lattice,2,0,,30
Lattice,2,0,,30
Lattice,2,0,,30
Lattice,2,0,,30
Lattice,2,0,,30
Lattice,2,0,,30
Lattice,2,0,,30
Lattice,2,0,,30
Lattice,2,0,,30
Lattice,2,0,,30
Lattice,2,0,,30
Lattice,2,0,,30
Lattice,2,0,,30
Lattice,2,0,,30
Lattice,2,0,,30
Lattice,2,0,,30
Lattice,2,0,,30
Lattice,2,0,,30
Lattice,2,0,,30
Lattice,2,0,,30
Lattice,2,0,,30
Lattice,2,0,,30
Lattice,2,0,,30
Lattice,2,0,,30
Lattice,2,0,,30
Lattice,2,0,,30
Lattice,2,0,,30
Lattice,2,0,,30
Lattice,2,0,,30
Lattice,2,0,,30
Lattice,2,0,,30
Lattice,2,0,,30
Lattice,2,0,,30
Lattice,2,0,,30
Lattice,2,0,,30
Lattice,2,0,,30
Lattice,2,0,,30
Lattice,2,0,,30
Lattice,2,0,,30
Lattice,2,0,,30
Lattice,2,0,,30
Lattice,2,0,,30
Lattice,2,0,,30
Lattice,2,0,,30
Lattice,2,0,,30
Lattice,2,0,,30
Lattice,2,0,,30
Lattice,2,0,,30
Lattice,2,0,,30
Lattice,2,0,,30
Lattice,2,0,,30
Lattice,2,0,,30
Lattice,2,0,,30
Lattice,2,0,,30
Lattice,2,0,,30
Lattice,2,0,,30
Lattice,2,0,,30
Lattice,2,0,,30
Lattice,2,0,,30
Lattice,2,0,,30
Lattice,2,0,,30
Lattice,2,0,,30
Lattice,2,0,,30
Lattice,2,0,,30
Lattice,2,0,,30
Lattice,2,0,,30
Lattice,2,0,,30
Lattice,2,0,,30
Lattice,2,0,,30
Lattice,2,0,,30
Lattice,2,0,,30
Lattice,2,0,,30
Lattice,2,0,,30
Lattice,2,0,,30
Lattice,2,0,,30
Lattice,2,0,,30
Lattice,2,0,,30
Lattice,2,0,,30
Lattice,2,0,,30
Lattice,2,0,,30
Lattice,2,0,,30
Lattice,2,0,,30
Lattice,2,0,,30
Lattice,2,0,,30
Lattice,2,0,,30
Lattice,2,0,,30
Lattice,2,0,,30
Lattice,2,0,,30
Lattice,2,0,,30
Lattice,2,1,0.0,1
Lattice,2,1,0.0,1
Lattice,2,1,2.0,4
Lattice,2,1,1.0,2
Lattice,2,1,2.0,2
Lattice,2,1,4.0,3
Lattice,2,1,2.0,6
Lattice,2,1,2.0,8
Lattice,2,1,0.0,1
Lattice,2,1,2.0,12
Lattice,2,1,2.0,4
Lattice,2,1,1.0,2
Lattice,2,1,2.0,2
Lattice,2,1,0.0,3
Lattice,2,1,3.0,5
Lattice,2,1,3.0,1
Lattice,2,1,5.0,6
Lattice,2,1,3.0,1
Lattice,2,1,3.0,1
Lattice,2,1,0.0,3
Lattice,2,1,1.0,2
Lattice,2,1,0.0,1
Lattice,2,1,3.0,1
Lattice,2,1,3.0,5
Lattice,2,1,3.0,5
Lattice,2,1,3.0,3
Lattice,2,1,5.0,2
Lattice,2,1,2.0,2
Lattice,2,1,2.0,2
Lattice,2,1,3.0,1
Lattice,2,1,4.0,3
Lattice,2,1,5.0,4
Lattice,2,1,2.0,2
Lattice,2,1,2.0,4
Lattice,2,1,3.0,11
Lattice,2,1,3.0,1
Lattice,2,1,5.0,6
Lattice,2,1,0.0,1
Lattice,2,1,2.0,2
Lattice,2,1,3.0,7
Lattice,2,1,2.0,16
Lattice,2,1,3.0,1
Lattice,2,1,3.0,1
Lattice,2,1,3.0,7
Lattice,2,1,3.0,1
Lattice,2,1,0.0,3
Lattice,2,1,3.0,1
Lattice,2,1,0.0,3
Lattice,2,1,2.0,4
Lattice,2,1,3.0,1
Lattice,2,1,2.0,6
Lattice,2,1,3.0,1
Lattice,2,1,2.0,2
Lattice,2,1,0.0,1
Lattice,2,1,1.0,2
Lattice,2,1,4.0,3
Lattice,2,1,2.0,6
Lattice,2,1,3.0,3
Lattice,2,1,2.0,8
Lattice,2,1,3.0,3
Lattice,2,1,3.0,3
Lattice,2,1,2.0,4
Lattice,2,1,3.0,7
Lattice,2,1,4.0,5
Lattice,2,1,2.0,4
Lattice,2,1,2.0,2
Lattice,2,1,3.0,1
Lattice,2,1,1.0,2
Lattice,2,1,0.0,1
Lattice,2,1,3.0,3
Lattice,2,1,3.0,1
Lattice,2,1,0.0,3
Lattice,2,1,2.0,2
Lattice,2,1,4.0,11
Lattice,2,1,0.0,3
Lattice,2,1,3.0,7
Lattice,2,1,3.0,9
Lattice,2,1,2.0,2
Lattice,2,1,0.0,1
Lattice,2,1,2.0,2
Lattice,2,1,0.0,1
Lattice,2,1,1.0,2
Lattice,2,1,5.0,4
Lattice,2,1,3.0,1
Lattice,2,1,4.0,3
Lattice,2,1,3.0,1
Lattice,2,1,2.0,4
Lattice,2,1,4.0,7
Lattice,2,1,3.0,3
Lattice,2,1,2.0,4
Lattice,2,1,2.0,6
Lattice,2,1,2.0,6
Lattice,2,1,4.0,5
Lattice,2,1,3.0,3
Lattice,2,1,3.0,5
Lattice,2,1,5.0,6
Lattice,2,1,5.0,2
Lattice,2,1,2.0,4
Lattice,2,1,2.0,6
Lattice,2,1,3.0,3
Lattice,2,2,2.0,10
Lattice,2,2,5.0,2
Lattice,2,2,5.0,2
Lattice,2,2,5.0,2
Lattice,2,2,0.0,1
Lattice,2,2,2.0,4
Lattice,2,2,4.0,1
Lattice,2,2,0.0,1
Lattice,2,2,2.0,4
Lattice,2,2,2.0,10
Lattice,2,2,0.0,1
Lattice,2,2,3.0,1
Lattice,2,2,3.0,1
Lattice,2,2,0.0,1
Lattice,2,2,4.0,1
Lattice,2,2,4.0,1
Lattice,2,2,3.0,1
Lattice,2,2,3.0,3
Lattice,2,2,3.0,1
Lattice,2,2,3.0,3
Lattice,2,2,4.0,1
Lattice,2,2,1.0,4
Lattice,2,2,3.0,1
Lattice,2,2,0.0,1
Lattice,2,2,5.0,2
Lattice,2,2,0.0,1
Lattice,2,2,1.0,4
Lattice,2,2,5.0,2
Lattice,2,2,3.0,1
Lattice,2,2,0.0,3
Lattice,2,2,4.0,1
Lattice,2,2,3.0,7
Lattice,2,2,3.0,3
Lattice,2,2,0.0,7
Lattice,2,2,2.0,2
Lattice,2,2,2.0,4
Lattice,2,2,2.0,2
Lattice,2,2,2.0,4
Lattice,2,2,4.0,1
Lattice,2,2,3.0,5
Lattice,2,2,2.0,2
Lattice,2,2,2.0,2
Lattice,2,2,3.0,1
Lattice,2,2,0.0,1
Lattice,2,2,4.0,1
Lattice,2,2,4.0,1
Lattice,2,2,0.0,7
Lattice,2,2,4.0,1
Lattice,2,2,3.0,3
Lattice,2,2,1.0,4
Lattice,2,2,3.0,5
Lattice,2,2,4.0,1
Lattice,2,2,3.0,1
Lattice,2,2,2.0,6
Lattice,2,2,3.0,11
Lattice,2,2,2.0,2
Lattice,2,2,2.0,2
Lattice,2,2,4.0,1
Lattice,2,2,2.0,8
Lattice,2,2,2.0,4
Lattice,2,2,2.0,4
Lattice,2,2,3.0,3
Lattice,2,2,0.0,1
Lattice,2,2,3.0,1
Lattice,2,2,2.0,6
Lattice,2,2,5.0,2
Lattice,2,2,2.0,2
Lattice,2,2,0.0,1
Lattice,2,2,3.0,3
Lattice,2,2,3.0,13
Lattice,2,2,3.0,1
Lattice,2,2,3.0,3
Lattice,2,2,2.0,2
Lattice,2,2,2.0,2
Lattice,2,2,3.0,1
Lattice,2,2,1.0,2
Lattice,2,2,3.0,1
Lattice,2,2,0.0,1
Lattice,2,2,3.0,5
Lattice,2,2,1.0,2
Lattice,2,2,5.0,2
Lattice,2,2,0.0,3
Lattice,2,2,3.0,1
Lattice,2,2,0.0,1
Lattice,2,2,4.0,1
Lattice,2,2,2.0,8
Lattice,2,2,2.0,6
Lattice,2,2,3.0,3
Lattice,2,2,2.0,6
Lattice,2,2,2.0,4
Lattice,2,2,1.0,2
Lattice,2,2,0.0,3
Lattice,2,2,3.0,5
Lattice,2,2,1.0,2
Lattice,2,2,2.0,4
Lattice,2,2,1.0,2
Lattice,2,2,4.0,1
Lattice,2,2,4.0,1
Lattice,2,2,0.0,1
Lattice,2,2,4.0,1
Lattice,2,3,,30
Lattice,2,3,,30
Lattice,2,3,,30
Lattice,2,3,,30
Lattice,2,3,,30
Lattice,2,3,,30
Lattice,2,3,,30
Lattice,2,3,,30
Lattice,2,3,,30
Lattice,2,3,,30
Lattice,2,3,,30
Lattice,2,3,,30
Lattice,2,3,,30
Lattice,2,3,,30
Lattice,2,3,,30
Lattice,2,3,,30
Lattice,2,3,,30
Lattice,2,3,,30
Lattice,2,3,,30
Lattice,2,3,,30
Lattice,2,3,,30
Lattice,2,3,,30
Lattice,2,3,,30
Lattice,2,3,,30
Lattice,2,3,,30
Lattice,2,3,,30
Lattice,2,3,,30
Lattice,2,3,,30
Lattice,2,3,,30
Lattice,2,3,,30
Lattice,2,3,,30
Lattice,2,3,,30
Lattice,2,3,,30
Lattice,2,3,,30
Lattice,2,3,,30
Lattice,2,3,,30
Lattice,2,3,,30
Lattice,2,3,,30
Lattice,2,3,,30
Lattice,2,3,,30
Lattice,2,3,,30
Lattice,2,3,,30
Lattice,2,3,,30
Lattice,2,3,,30
Lattice,2,3,,30
Lattice,2,3,,30
Lattice,2,3,,30
Lattice,2,3,,30
Lattice,2,3,,30
Lattice,2,3,,30
Lattice,2,3,,30
Lattice,2,3,,30
Lattice,2,3,,30
Lattice,2,3,,30
Lattice,2,3,,30
Lattice,2,3,,30
Lattice,2,3,,30
Lattice,2,3,,30
Lattice,2,3,,30
Lattice,2,3,,30
Lattice,2,3,,30
Lattice,2,3,,30
Lattice,2,3,,30
Lattice,2,3,,30
Lattice,2,3,,30
Lattice,2,3,,30
Lattice,2,3,,30
Lattice,2,3,,30
Lattice,2,3,,30
Lattice,2,3,,30
Lattice,2,3,,30
Lattice,2,3,,30
Lattice,2,3,,30
Lattice,2,3,,30
Lattice,2,3,,30
Lattice,2,3,,30
Lattice,2,3,,30
Lattice,2,3,,30
Lattice,2,3,,30
Lattice,2,3,,30
Lattice,2,3,,30
Lattice,2,3,,30
Lattice,2,3,,30
Lattice,2,3,,30
Lattice,2,3,,30
Lattice,2,3,,30
Lattice,2,3,,30
Lattice,2,3,,30
Lattice,2,3,,30
Lattice,2,3,,30
Lattice,2,3,,30
Lattice,2,3,,30
Lattice,2,3,,30
Lattice,2,3,,30
Lattice,2,3,,30
Lattice,2,3,,30
Lattice,2,3,,30
Lattice,2,3,,30
Lattice,2,3,,30
Lattice,2,3,,30
Lattice,2,4,,30
Lattice,2,4,,30
Lattice,2,4,,30
Lattice,2,4,,30
Lattice,2,4,,30
Lattice,2,4,,30
Lattice,2,4,,30
Lattice,2,4,,30
Lattice,2,4,,30
Lattice,2,4,,30
Lattice,2,4,,30
Lattice,2,4,,30
Lattice,2,4,,30
Lattice,2,4,,30
Lattice,2,4,,30
Lattice,2,4,,30
Lattice,2,4,,30
Lattice,2,4,,30
Lattice,2,4,,30
Lattice,2,4,,30
Lattice,2,4,,30
Lattice,2,4,,30
Lattice,2,4,,30
Lattice,2,4,,30
Lattice,2,4,,30
Lattice,2,4,,30
Lattice,2,4,,30
Lattice,2,4,,30
Lattice,2,4,,30
Lattice,2,4,,30
Lattice,2,4,,30
Lattice,2,4,,30
Lattice,2,4,,30
Lattice,2,4,,30
Lattice,2,4,,30
Lattice,2,4,,30
Lattice,2,4,,30
Lattice,2,4,,30
Lattice,2,4,,30
Lattice,2,4,,30
Lattice,2,4,,30
Lattice,2,4,,30
Lattice,2,4,,30
Lattice,2,4,,30
Lattice,2,4,,30
Lattice,2,4,,30
Lattice,2,4,,30
Lattice,2,4,,30
Lattice,2,4,,30
Lattice,2,4,,30
Lattice,2,4,,30
Lattice,2,4,,30
Lattice,2,4,,30
Lattice,2,4,,30
Lattice,2,4,,30
Lattice,2,4,,30
Lattice,2,4,,30
Lattice,2,4,,30
Lattice,2,4,,30
Lattice,2,4,,30
Lattice,2,4,,30
Lattice,2,4,,30
Lattice,2,4,,30
Lattice,2,4,,30
Lattice,2,4,,30
Lattice,2,4,,30
Lattice,2,4,,30
Lattice,2,4,,30
Lattice,2,4,,30
Lattice,2,4,,30
Lattice,2,4,,30
Lattice,2,4,,30
Lattice,2,4,,30
Lattice,2,4,,30
Lattice,2,4,,30
Lattice,2,4,,30
Lattice,2,4,,30
Lattice,2,4,,30
Lattice,2,4,,30
Lattice,2,4,,30
Lattice,2,4,,30
Lattice,2,4,,30
Lattice,2,4,,30
Lattice,2,4,,30
Lattice,2,4,,30
Lattice,2,4,,30
Lattice,2,4,,30
Lattice,2,4,,30
Lattice,2,4,,30
Lattice,2,4,,30
Lattice,2,4,,30
Lattice,2,4,,30
Lattice,2,4,,30
Lattice,2,4,,30
Lattice,2,4,,30
Lattice,2,4,,30
Lattice,2,4,,30
Lattice,2,4,,30
Lattice,2,4,,30
Lattice,2,4,,30
Lattice,2,5,4.0,1
Lattice,2,5,2.0,2
Lattice,2,5,4.0,1
Lattice,2,5,5.0,2
Lattice,2,5,4.0,3
Lattice,2,5,4.0,1
Lattice,2,5,3.0,7
Lattice,2,5,3.0,1
Lattice,2,5,4.0,1
Lattice,2,5,4.0,1
Lattice,2,5,4.0,1
Lattice,2,5,2.0,4
Lattice,2,5,4.0,1
Lattice,2,5,4.0,11
Lattice,2,5,3.0,1
Lattice,2,5,3.0,3
Lattice,2,5,1.0,2
Lattice,2,5,4.0,1
Lattice,2,5,3.0,3
Lattice,2,5,2.0,2
Lattice,2,5,1.0,4
Lattice,2,5,0.0,5
Lattice,2,5,4.0,1
Lattice,2,5,3.0,1
Lattice,2,5,0.0,3
Lattice,2,5,3.0,3
Lattice,2,5,5.0,4
Lattice,2,5,4.0,1
Lattice,2,5,3.0,7
Lattice,2,5,3.0,13
Lattice,2,5,1.0,4
Lattice,2,5,4.0,1
Lattice,2,5,4.0,1
Lattice,2,5,4.0,1
Lattice,2,5,2.0,4
Lattice,2,5,3.0,5
Lattice,2,5,4.0,1
Lattice,2,5,4.0,1
Lattice,2,5,3.0,1
Lattice,2,5,2.0,2
Lattice,2,5,3.0,1
Lattice,2,5,2.0,16
Lattice,2,5,2.0,2
Lattice,2,5,5.0,6
Lattice,2,5,2.0,8
Lattice,2,5,2.0,2
Lattice,2,5,2.0,2
Lattice,2,5,3.0,3
Lattice,2,5,0.0,11
Lattice,2,5,2.0,6
Lattice,2,5,3.0,1
Lattice,2,5,3.0,1
Lattice,2,5,1.0,2
Lattice,2,5,3.0,1
Lattice,2,5,4.0,1
Lattice,2,5,2.0,2
Lattice,2,5,0.0,3
Lattice,2,5,4.0,7
Lattice,2,5,2.0,2
Lattice,2,5,4.0,1
Lattice,2,5,4.0,1
Lattice,2,5,2.0,2
Lattice,2,5,4.0,5
Lattice,2,5,2.0,4
Lattice,2,5,5.0,2
Lattice,2,5,4.0,5
Lattice,2,5,2.0,2
Lattice,2,5,5.0,2
Lattice,2,5,3.0,3
Lattice,2,5,1.0,2
Lattice,2,5,4.0,1
Lattice,2,5,5.0,2
Lattice,2,5,2.0,6
Lattice,2,5,2.0,6
Lattice,2,5,2.0,6
Lattice,2,5,3.0,1
Lattice,2,5,4.0,1
Lattice,2,5,3.0,3
Lattice,2,5,5.0,6
Lattice,2,5,5.0,4
Lattice,2,5,4.0,1
Lattice,2,5,2.0,4
Lattice,2,5,2.0,8
Lattice,2,5,3.0,1
Lattice,2,5,3.0,3
Lattice,2,5,3.0,1
Lattice,2,5,0.0,3
Lattice,2,5,3.0,1
Lattice,2,5,4.0,1
Lattice,2,5,2.0,6
Lattice,2,5,5.0,2
Lattice,2,5,4.0,1
Lattice,2,5,4.0,3
Lattice,2,5,3.0,5
Lattice,2,5,4.0,1
Lattice,2,5,1.0,6
Lattice,2,5,2.0,4
Lattice,2,5,4.0,1
Lattice,2,5,4.0,1
Lattice,2,5,3.0,9
Lattice,3,0,2.0,1
Lattice,3,0,1.0,1
Lattice,3,0,3.0,2
Lattice,3,0,5.0,3
Lattice,3,0,1.0,1
Lattice,3,0,2.0,1
Lattice,3,0,1.0,1
Lattice,3,0,3.0,2
Lattice,3,0,3.0,12
Lattice,3,0,0.0,2
Lattice,3,0,2.0,1
Lattice,3,0,1.0,1
Lattice,3,0,5.0,5
Lattice,3,0,3.0,6
Lattice,3,0,2.0,5
Lattice,3,0,5.0,3
Lattice,3,0,1.0,1
Lattice,3,0,3.0,6
Lattice,3,0,0.0,2
Lattice,3,0,1.0,3
Lattice,3,0,1.0,3
Lattice,3,0,3.0,6
Lattice,3,0,3.0,2
Lattice,3,0,0.0,12
Lattice,3,0,5.0,5
Lattice,3,0,2.0,5
Lattice,3,0,0.0,4
Lattice,3,0,1.0,3
Lattice,3,0,2.0,1
Lattice,3,0,2.0,5
Lattice,3,0,0.0,2
Lattice,3,0,4.0,4
Lattice,3,0,3.0,4
Lattice,3,0,3.0,4
Lattice,3,0,3.0,2
Lattice,3,0,3.0,2
Lattice,3,0,2.0,1
Lattice,3,0,1.0,1
Lattice,3,0,3.0,4
Lattice,3,0,5.0,5
Lattice,3,0,5.0,3
Lattice,3,0,5.0,5
Lattice,3,0,1.0,1
Lattice,3,0,1.0,1
Lattice,3,0,2.0,13
Lattice,3,0,2.0,1
Lattice,3,0,3.0,4
Lattice,3,0,5.0,3
Lattice,3,0,3.0,4
Lattice,3,0,3.0,4
Lattice,3,0,3.0,2
Lattice,3,0,1.0,1
Lattice,3,0,3.0,2
Lattice,3,0,0.0,2
Lattice,3,0,1.0,1
Lattice,3,0,2.0,1
Lattice,3,0,2.0,7
Lattice,3,0,2.0,1
Lattice,3,0,1.0,3
Lattice,3,0,2.0,1
Lattice,3,0,0.0,2
Lattice,3,0,2.0,3
Lattice,3,0,2.0,7
Lattice,3,0,2.0,1
Lattice,3,0,0.0,4
Lattice,3,0,3.0,2
Lattice,3,0,1.0,1
Lattice,3,0,2.0,5
Lattice,3,0,3.0,6
Lattice,3,0,0.0,6
Lattice,3,0,2.0,1
Lattice,3,0,2.0,9
Lattice,3,0,1.0,3
Lattice,3,0,2.0,3
Lattice,3,0,1.0,1
Lattice,3,0,0.0,2
Lattice,3,0,3.0,4
Lattice,3,0,3.0,2
Lattice,3,0,3.0,14
Lattice,3,0,3.0,2
Lattice,3,0,2.0,1
Lattice,3,0,1.0,1
Lattice,3,0,2.0,1
Lattice,3,0,0.0,2
Lattice,3,0,0.0,2
Lattice,3,0,2.0,9
Lattice,3,0,5.0,5
Lattice,3,0,1.0,1
Lattice,3,0,2.0,3
Lattice,3,0,5.0,5
Lattice,3,0,0.0,6
Lattice,3,0,3.0,4
Lattice,3,0,3.0,4
Lattice,3,0,3.0,6
Lattice,3,0,0.0,8
Lattice,3,0,0.0,2
Lattice,3,0,2.0,5
Lattice,3,0,3.0,4
Lattice,3,0,4.0,6
Lattice,3,0,4.0,6
Lattice,3,1,,30
Lattice,3,1,,30
Lattice,3,1,,30
Lattice,3,1,,30
Lattice,3,1,,30
Lattice,3,1,,30
Lattice,3,1,,30
Lattice,3,1,,30
Lattice,3,1,,30
Lattice,3,1,,30
Lattice,3,1,,30
Lattice,3,1,,30
Lattice,3,1,,30
Lattice,3,1,,30
Lattice,3,1,,30
Lattice,3,1,,30
Lattice,3,1,,30
Lattice,3,1,,30
Lattice,3,1,,30
Lattice,3,1,,30
Lattice,3,1,,30
Lattice,3,1,,30
Lattice,3,1,,30
Lattice,3,1,,30
Lattice,3,1,,30
Lattice,3,1,,30
Lattice,3,1,,30
Lattice,3,1,,30
Lattice,3,1,,30
Lattice,3,1,,30
Lattice,3,1,,30
Lattice,3,1,,30
Lattice,3,1,,30
Lattice,3,1,,30
Lattice,3,1,,30
Lattice,3,1,,30
Lattice,3,1,,30
Lattice,3,1,,30
Lattice,3,1,,30
Lattice,3,1,,30
Lattice,3,1,,30
Lattice,3,1,,30
Lattice,3,1,,30
Lattice,3,1,,30
Lattice,3,1,,30
Lattice,3,1,,30
Lattice,3,1,,30
Lattice,3,1,,30
Lattice,3,1,,30
Lattice,3,1,,30
Lattice,3,1,,30
Lattice,3,1,,30
Lattice,3,1,,30
Lattice,3,1,,30
Lattice,3,1,,30
Lattice,3,1,,30
Lattice,3,1,,30
Lattice,3,1,,30
Lattice,3,1,,30
Lattice,3,1,,30
Lattice,3,1,,30
Lattice,3,1,,30
Lattice,3,1,,30
Lattice,3,1,,30
Lattice,3,1,,30
Lattice,3,1,,30
Lattice,3,1,,30
Lattice,3,1,,30
Lattice,3,1,,30
Lattice,3,1,,30
Lattice,3,1,,30
Lattice,3,1,,30
Lattice,3,1,,30
Lattice,3,1,,30
Lattice,3,1,,30
Lattice,3,1,,30
Lattice,3,1,,30
Lattice,3,1,,30
Lattice,3,1,,30
Lattice,3,1,,30
Lattice,3,1,,30
Lattice,3,1,,30
Lattice,3,1,,30
Lattice,3,1,,30
Lattice,3,1,,30
Lattice,3,1,,30
Lattice,3,1,,30
Lattice,3,1,,30
Lattice,3,1,,30
Lattice,3,1,,30
Lattice,3,1,,30
Lattice,3,1,,30
Lattice,3,1,,30
Lattice,3,1,,30
Lattice,3,1,,30
Lattice,3,1,,30
Lattice,3,1,,30
Lattice,3,1,,30
Lattice,3,1,,30
Lattice,3,1,,30
Lattice,3,2,,30
Lattice,3,2,,30
Lattice,3,2,,30
Lattice,3,2,,30
Lattice,3,2,,30
Lattice,3,2,,30
Lattice,3,2,,30
Lattice,3,2,,30
Lattice,3,2,,30
Lattice,3,2,,30
Lattice,3,2,,30
Lattice,3,2,,30
Lattice,3,2,,30
Lattice,3,2,,30
Lattice,3,2,,30
Lattice,3,2,,30
Lattice,3,2,,30
Lattice,3,2,,30
Lattice,3,2,,30
Lattice,3,2,,30
Lattice,3,2,,30
Lattice,3,2,,30
Lattice,3,2,,30
Lattice,3,2,,30
Lattice,3,2,,30
Lattice,3,2,,30
Lattice,3,2,,30
Lattice,3,2,,30
Lattice,3,2,,30
Lattice,3,2,,30
Lattice,3,2,,30
Lattice,3,2,,30
Lattice,3,2,,30
Lattice,3,2,,30
Lattice,3,2,,30
Lattice,3,2,,30
Lattice,3,2,,30
Lattice,3,2,,30
Lattice,3,2,,30
Lattice,3,2,,30
Lattice,3,2,,30
Lattice,3,2,,30
Lattice,3,2,,30
Lattice,3,2,,30
Lattice,3,2,,30
Lattice,3,2,,30
Lattice,3,2,,30
Lattice,3,2,,30
Lattice,3,2,,30
Lattice,3,2,,30
Lattice,3,2,,30
Lattice,3,2,,30
Lattice,3,2,,30
Lattice,3,2,,30
Lattice,3,2,,30
Lattice,3,2,,30
Lattice,3,2,,30
Lattice,3,2,,30
Lattice,3,2,,30
Lattice,3,2,,30
Lattice,3,2,,30
Lattice,3,2,,30
Lattice,3,2,,30
Lattice,3,2,,30
Lattice,3,2,,30
Lattice,3,2,,30
Lattice,3,2,,30
Lattice,3,2,,30
Lattice,3,2,,30
Lattice,3,2,,30
Lattice,3,2,,30
Lattice,3,2,,30
Lattice,3,2,,30
Lattice,3,2,,30
Lattice,3,2,,30
Lattice,3,2,,30
Lattice,3,2,,30
Lattice,3,2,,30
Lattice,3,2,,30
Lattice,3,2,,30
Lattice,3,2,,30
Lattice,3,2,,30
Lattice,3,2,,30
Lattice,3,2,,30
Lattice,3,2,,30
Lattice,3,2,,30
Lattice,3,2,,30
Lattice,3,2,,30
Lattice,3,2,,30
Lattice,3,2,,30
Lattice,3,2,,30
Lattice,3,2,,30
Lattice,3,2,,30
Lattice,3,2,,30
Lattice,3,2,,30
Lattice,3,2,,30
Lattice,3,2,,30
Lattice,3,2,,30
Lattice,3,2,,30
Lattice,3,2,,30
Lattice,3,3,5.0,5
Lattice,3,3,0.0,2
Lattice,3,3,3.0,10
Lattice,3,3,1.0,1
Lattice,3,3,3.0,6
Lattice,3,3,1.0,1
Lattice,3,3,4.0,4
Lattice,3,3,2.0,1
Lattice,3,3,5.0,1
Lattice,3,3,3.0,8
Lattice,3,3,1.0,3
Lattice,3,3,2.0,1
Lattice,3,3,3.0,4
Lattice,3,3,3.0,2
Lattice,3,3,1.0,1
Lattice,3,3,5.0,1
Lattice,3,3,1.0,1
Lattice,3,3,2.0,3
Lattice,3,3,0.0,2
Lattice,3,3,2.0,1
Lattice,3,3,5.0,1
Lattice,3,3,2.0,3
Lattice,3,3,2.0,3
Lattice,3,3,5.0,1
Lattice,3,3,2.0,3
Lattice,3,3,3.0,2
Lattice,3,3,3.0,4
Lattice,3,3,2.0,3
Lattice,3,3,2.0,3
Lattice,3,3,1.0,7
Lattice,3,3,5.0,1
Lattice,3,3,3.0,6
Lattice,3,3,3.0,2
Lattice,3,3,3.0,6
Lattice,3,3,3.0,8
Lattice,3,3,2.0,1
Lattice,3,3,3.0,6
Lattice,3,3,5.0,1
Lattice,3,3,1.0,1
Lattice,3,3,1.0,1
Lattice,3,3,1.0,7
Lattice,3,3,3.0,4
Lattice,3,3,5.0,1
Lattice,3,3,4.0,2
Lattice,3,3,4.0,4
Lattice,3,3,5.0,1
Lattice,3,3,5.0,1
Lattice,3,3,2.0,1
Lattice,3,3,2.0,11
Lattice,3,3,3.0,2
Lattice,3,3,4.0,4
Lattice,3,3,3.0,4
Lattice,3,3,2.0,3
Lattice,3,3,3.0,2
Lattice,3,3,3.0,2
Lattice,3,3,2.0,3
Lattice,3,3,3.0,8
Lattice,3,3,2.0,3
Lattice,3,3,3.0,2
Lattice,3,3,5.0,1
Lattice,3,3,2.0,1
Lattice,3,3,2.0,1
Lattice,3,3,3.0,2
Lattice,3,3,3.0,2
Lattice,3,3,1.0,1
Lattice,3,3,2.0,1
Lattice,3,3,3.0,4
Lattice,3,3,1.0,1
Lattice,3,3,5.0,5
Lattice,3,3,1.0,5
Lattice,3,3,1.0,3
Lattice,3,3,5.0,1
Lattice,3,3,1.0,1
Lattice,3,3,0.0,4
Lattice,3,3,3.0,4
Lattice,3,3,2.0,1
Lattice,3,3,0.0,4
Lattice,3,3,2.0,5
Lattice,3,3,3.0,2
Lattice,3,3,1.0,1
Lattice,3,3,5.0,3
Lattice,3,3,5.0,3
Lattice,3,3,2.0,7
Lattice,3,3,3.0,2
Lattice,3,3,2.0,1
Lattice,3,3,2.0,5
Lattice,3,3,2.0,3
Lattice,3,3,1.0,9
Lattice,3,3,4.0,12
Lattice,3,3,2.0,3
Lattice,3,3,1.0,1
Lattice,3,3,2.0,5
Lattice,3,3,5.0,1
Lattice,3,3,4.0,4
Lattice,3,3,2.0,3
Lattice,3,3,4.0,4
Lattice,3,3,4.0,2
Lattice,3,3,2.0,3
Lattice,3,3,0.0,2
Lattice,3,3,5.0,3
Lattice,3,4,5.0,1
Lattice,3,4,5.0,1
Lattice,3,4,2.0,1
Lattice,3,4,2.0,1
Lattice,3,4,0.0,6
Lattice,3,4,4.0,2
Lattice,3,4,2.0,3
Lattice,3,4,5.0,1
Lattice,3,4,3.0,2
Lattice,3,4,2.0,1
Lattice,3,4,4.0,2
Lattice,3,4,2.0,3
Lattice,3,4,2.0,5
Lattice,3,4,3.0,2
Lattice,3,4,0.0,6
Lattice,3,4,5.0,5
Lattice,3,4,2.0,3
Lattice,3,4,5.0,1
Lattice,3,4,5.0,1
Lattice,3,4,2.0,1
Lattice,3,4,4.0,2
Lattice,3,4,5.0,1
Lattice,3,4,3.0,2
Lattice,3,4,3.0,2
Lattice,3,4,1.0,5
Lattice,3,4,2.0,3
Lattice,3,4,2.0,1
Lattice,3,4,3.0,2
Lattice,3,4,5.0,1
Lattice,3,4,0.0,2
Lattice,3,4,0.0,4
Lattice,3,4,3.0,6
Lattice,3,4,3.0,2
Lattice,3,4,4.0,10
Lattice,3,4,3.0,2
Lattice,3,4,1.0,3
Lattice,3,4,2.0,5
Lattice,3,4,3.0,4
Lattice,3,4,2.0,1
Lattice,3,4,2.0,1
Lattice,3,4,2.0,1
Lattice,3,4,2.0,1
Lattice,3,4,2.0,9
Lattice,3,4,0.0,4
Lattice,3,4,2.0,1
Lattice,3,4,5.0,1
Lattice,3,4,2.0,5
Lattice,3,4,3.0,4
Lattice,3,4,5.0,3
Lattice,3,4,4.0,4
Lattice,3,4,3.0,6
Lattice,3,4,2.0,1
Lattice,3,4,4.0,10
Lattice,3,4,3.0,2
Lattice,3,4,5.0,1
Lattice,3,4,3.0,4
Lattice,3,4,2.0,1
Lattice,3,4,3.0,2
Lattice,3,4,5.0,1
Lattice,3,4,3.0,4
Lattice,3,4,3.0,2
Lattice,3,4,3.0,2
Lattice,3,4,0.0,6
Lattice,3,4,2.0,13
Lattice,3,4,3.0,2
Lattice,3,4,2.0,1
Lattice,3,4,0.0,2
Lattice,3,4,0.0,4
Lattice,3,4,5.0,13
Lattice,3,4,3.0,4
Lattice,3,4,4.0,2
Lattice,3,4,5.0,1
Lattice,3,4,5.0,3
Lattice,3,4,3.0,2
Lattice,3,4,3.0,6
Lattice,3,4,2.0,1
Lattice,3,4,5.0,1
Lattice,3,4,3.0,6
Lattice,3,4,2.0,1
Lattice,3,4,0.0,2
Lattice,3,4,2.0,1
Lattice,3,4,2.0,7
Lattice,3,4,5.0,1
Lattice,3,4,5.0,1
Lattice,3,4,5.0,1
Lattice,3,4,3.0,4
Lattice,3,4,2.0,3
Lattice,3,4,2.0,1
Lattice,3,4,2.0,1
Lattice,3,4,2.0,3
Lattice,3,4,4.0,4
Lattice,3,4,2.0,3
Lattice,3,4,2.0,1
Lattice,3,4,3.0,2
Lattice,3,4,0.0,4
Lattice,3,4,5.0,7
Lattice,3,4,5.0,1
Lattice,3,4,1.0,5
Lattice,3,4,2.0,9
Lattice,3,4,3.0,6
Lattice,3,5,,30
Lattice,3,5,,30
Lattice,3,5,,30
Lattice,3,5,,30
Lattice,3,5,,30
Lattice,3,5,,30
Lattice,3,5,,30
Lattice,3,5,,30
Lattice,3,5,,30
Lattice,3,5,,30
Lattice,3,5,,30
Lattice,3,5,,30
Lattice,3,5,,30
Lattice,3,5,,30
Lattice,3,5,,30
Lattice,3,5,,30
Lattice,3,5,,30
Lattice,3,5,,30
Lattice,3,5,,30
Lattice,3,5,,30
Lattice,3,5,,30
Lattice,3,5,,30
Lattice,3,5,,30
Lattice,3,5,,30
Lattice,3,5,,30
Lattice,3,5,,30
Lattice,3,5,,30
Lattice,3,5,,30
Lattice,3,5,,30
Lattice,3,5,,30
Lattice,3,5,,30
Lattice,3,5,,30
Lattice,3,5,,30
Lattice,3,5,,30
Lattice,3,5,,30
Lattice,3,5,,30
Lattice,3,5,,30
Lattice,3,5,,30
Lattice,3,5,,30
Lattice,3,5,,30
Lattice,3,5,,30
Lattice,3,5,,30
Lattice,3,5,,30
Lattice,3,5,,30
Lattice,3,5,,30
Lattice,3,5,,30
Lattice,3,5,,30
Lattice,3,5,,30
Lattice,3,5,,30
Lattice,3,5,,30
Lattice,3,5,,30
Lattice,3,5,,30
Lattice,3,5,,30
Lattice,3,5,,30
Lattice,3,5,,30
Lattice,3,5,,30
Lattice,3,5,,30
Lattice,3,5,,30
Lattice,3,5,,30
Lattice,3,5,,30
Lattice,3,5,,30
Lattice,3,5,,30
Lattice,3,5,,30
Lattice,3,5,,30
Lattice,3,5,,30
Lattice,3,5,,30
Lattice,3,5,,30
Lattice,3,5,,30
Lattice,3,5,,30
Lattice,3,5,,30
Lattice,3,5,,30
Lattice,3,5,,30
Lattice,3,5,,30
Lattice,3,5,,30
Lattice,3,5,,30
Lattice,3,5,,30
Lattice,3,5,,30
Lattice,3,5,,30
Lattice,3,5,,30
Lattice,3,5,,30
Lattice,3,5,,30
Lattice,3,5,,30
Lattice,3,5,,30
Lattice,3,5,,30
Lattice,3,5,,30
Lattice,3,5,,30
Lattice,3,5,,30
Lattice,3,5,,30
Lattice,3,5,,30
Lattice,3,5,,30
Lattice,3,5,,30
Lattice,3,5,,30
Lattice,3,5,,30
Lattice,3,5,,30
Lattice,3,5,,30
Lattice,3,5,,30
Lattice,3,5,,30
Lattice,3,5,,30
Lattice,3,5,,30
Lattice,3,5,,30
Lattice,4,0,4.0,6
Lattice,4,0,1.0,5
Lattice,4,0,3.0,2
Lattice,4,0,4.0,2
Lattice,4,0,3.0,2
Lattice,4,0,2.0,3
Lattice,4,0,4.0,4
Lattice,4,0,3.0,2
Lattice,4,0,2.0,3
Lattice,4,0,5.0,3
Lattice,4,0,2.0,1
Lattice,4,0,2.0,5
Lattice,4,0,2.0,3
Lattice,4,0,3.0,6
Lattice,4,0,3.0,2
Lattice,4,0,3.0,6
Lattice,4,0,1.0,3
Lattice,4,0,2.0,1
Lattice,4,0,3.0,4
Lattice,4,0,2.0,1
Lattice,4,0,1.0,5
Lattice,4,0,3.0,2
Lattice,4,0,0.0,2
Lattice,4,0,2.0,1
Lattice,4,0,3.0,4
Lattice,4,0,2.0,1
Lattice,4,0,1.0,7
Lattice,4,0,5.0,3
Lattice,4,0,2.0,1
Lattice,4,0,3.0,4
Lattice,4,0,2.0,5
Lattice,4,0,3.0,8
Lattice,4,0,2.0,1
Lattice,4,0,3.0,2
Lattice,4,0,2.0,1
Lattice,4,0,4.0,8
Lattice,4,0,2.0,5
Lattice,4,0,2.0,1
Lattice,4,0,2.0,1
Lattice,4,0,1.0,3
Lattice,4,0,3.0,4
Lattice,4,0,4.0,2
Lattice,4,0,3.0,2
Lattice,4,0,2.0,1
Lattice,4,0,2.0,1
Lattice,4,0,3.0,2
Lattice,4,0,2.0,3
Lattice,4,0,0.0,4
Lattice,4,0,2.0,7
Lattice,4,0,2.0,1
Lattice,4,0,3.0,6
Lattice,4,0,3.0,2
Lattice,4,0,2.0,3
Lattice,4,0,2.0,1
Lattice,4,0,3.0,2
Lattice,4,0,4.0,6
Lattice,4,0,0.0,2
Lattice,4,0,2.0,3
Lattice,4,0,2.0,3
Lattice,4,0,0.0,2
Lattice,4,0,2.0,9
Lattice,4,0,0.0,2
Lattice,4,0,3.0,2
Lattice,4,0,2.0,3
Lattice,4,0,0.0,2
Lattice,4,0,2.0,5
Lattice,4,0,2.0,1
Lattice,4,0,4.0,2
Lattice,4,0,2.0,1
Lattice,4,0,2.0,9
Lattice,4,0,3.0,4
Lattice,4,0,2.0,1
Lattice,4,0,2.0,1
Lattice,4,0,2.0,1
Lattice,4,0,4.0,2
Lattice,4,0,3.0,2
Lattice,4,0,0.0,10
Lattice,4,0,3.0,4
Lattice,4,0,3.0,2
Lattice,4,0,4.0,2
Lattice,4,0,5.0,3
Lattice,4,0,2.0,1
Lattice,4,0,2.0,3
Lattice,4,0,0.0,2
Lattice,4,0,4.0,2
Lattice,4,0,2.0,1
Lattice,4,0,4.0,2
Lattice,4,0,0.0,4
Lattice,4,0,3.0,6
Lattice,4,0,3.0,6
Lattice,4,0,2.0,1
Lattice,4,0,4.0,2
Lattice,4,0,2.0,3
Lattice,4,0,2.0,1
Lattice,4,0,4.0,4
Lattice,4,0,2.0,1
Lattice,4,0,3.0,2
Lattice,4,0,2.0,1
Lattice,4,0,0.0,10
Lattice,4,0,4.0,2
Lattice,4,1,,30
Lattice,4,1,,30
Lattice,4,1,,30
Lattice,4,1,,30
Lattice,4,1,,30
Lattice,4,1,,30
Lattice,4,1,,30
Lattice,4,1,,30
Lattice,4,1,,30
Lattice,4,1,,30
Lattice,4,1,,30
Lattice,4,1,,30
Lattice,4,1,,30
Lattice,4,1,,30
Lattice,4,1,,30
Lattice,4,1,,30
Lattice,4,1,,30
Lattice,4,1,,30
Lattice,4,1,,30
Lattice,4,1,,30
Lattice,4,1,,30
Lattice,4,1,,30
Lattice,4,1,,30
Lattice,4,1,,30
Lattice,4,1,,30
Lattice,4,1,,30
Lattice,4,1,,30
Lattice,4,1,,30
Lattice,4,1,,30
Lattice,4,1,,30
Lattice,4,1,,30
Lattice,4,1,,30
Lattice,4,1,,30
Lattice,4,1,,30
Lattice,4,1,,30
Lattice,4,1,,30
Lattice,4,1,,30
Lattice,4,1,,30
Lattice,4,1,,30
Lattice,4,1,,30
Lattice,4,1,,30
Lattice,4,1,,30
Lattice,4,1,,30
Lattice,4,1,,30
Lattice,4,1,,30
Lattice,4,1,,30
Lattice,4,1,,30
Lattice,4,1,,30
Lattice,4,1,,30
Lattice,4,1,,30
Lattice,4,1,,30
Lattice,4,1,,30
Lattice,4,1,,30
Lattice,4,1,,30
Lattice,4,1,,30
Lattice,4,1,,30
Lattice,4,1,,30
Lattice,4,1,,30
Lattice,4,1,,30
Lattice,4,1,,30
Lattice,4,1,,30
Lattice,4,1,,30
Lattice,4,1,,30
Lattice,4,1,,30
Lattice,4,1,,30
Lattice,4,1,,30
Lattice,4,1,,30
Lattice,4,1,,30
Lattice,4,1,,30
Lattice,4,1,,30
Lattice,4,1,,30
Lattice,4,1,,30
Lattice,4,1,,30
Lattice,4,1,,30
Lattice,4,1,,30
Lattice,4,1,,30
Lattice,4,1,,30
Lattice,4,1,,30
Lattice,4,1,,30
Lattice,4,1,,30
Lattice,4,1,,30
Lattice,4,1,,30
Lattice,4,1,,30
Lattice,4,1,,30
Lattice,4,1,,30
Lattice,4,1,,30
Lattice,4,1,,30
Lattice,4,1,,30
Lattice,4,1,,30
Lattice,4,1,,30
Lattice,4,1,,30
Lattice,4,1,,30
Lattice,4,1,,30
Lattice,4,1,,30
Lattice,4,1,,30
Lattice,4,1,,30
Lattice,4,1,,30
Lattice,4,1,,30
Lattice,4,1,,30
Lattice,4,1,,30
Lattice,4,2,,30
Lattice,4,2,,30
Lattice,4,2,,30
Lattice,4,2,,30
Lattice,4,2,,30
Lattice,4,2,,30
Lattice,4,2,,30
Lattice,4,2,,30
Lattice,4,2,,30
Lattice,4,2,,30
Lattice,4,2,,30
Lattice,4,2,,30
Lattice,4,2,,30
Lattice,4,2,,30
Lattice,4,2,,30
Lattice,4,2,,30
Lattice,4,2,,30
Lattice,4,2,,30
Lattice,4,2,,30
Lattice,4,2,,30
Lattice,4,2,,30
Lattice,4,2,,30
Lattice,4,2,,30
Lattice,4,2,,30
Lattice,4,2,,30
Lattice,4,2,,30
Lattice,4,2,,30
Lattice,4,2,,30
Lattice,4,2,,30
Lattice,4,2,,30
Lattice,4,2,,30
Lattice,4,2,,30
Lattice,4,2,,30
Lattice,4,2,,30
Lattice,4,2,,30
Lattice,4,2,,30
Lattice,4,2,,30
Lattice,4,2,,30
Lattice,4,2,,30
Lattice,4,2,,30
Lattice,4,2,,30
Lattice,4,2,,30
Lattice,4,2,,30
Lattice,4,2,,30
Lattice,4,2,,30
Lattice,4,2,,30
Lattice,4,2,,30
Lattice,4,2,,30
Lattice,4,2,,30
Lattice,4,2,,30
Lattice,4,2,,30
Lattice,4,2,,30
Lattice,4,2,,30
Lattice,4,2,,30
Lattice,4,2,,30
Lattice,4,2,,30
Lattice,4,2,,30
Lattice,4,2,,30
Lattice,4,2,,30
Lattice,4,2,,30
Lattice,4,2,,30
Lattice,4,2,,30
Lattice,4,2,,30
Lattice,4,2,,30
Lattice,4,2,,30
Lattice,4,2,,30
Lattice,4,2,,30
Lattice,4,2,,30
Lattice,4,2,,30
Lattice,4,2,,30
Lattice,4,2,,30
Lattice,4,2,,30
Lattice,4,2,,30
Lattice,4,2,,30
Lattice,4,2,,30
Lattice,4,2,,30
Lattice,4,2,,30
Lattice,4,2,,30
Lattice,4,2,,30
Lattice,4,2,,30
Lattice,4,2,,30
Lattice,4,2,,30
Lattice,4,2,,30
Lattice,4,2,,30
Lattice,4,2,,30
Lattice,4,2,,30
Lattice,4,2,,30
Lattice,4,2,,30
Lattice,4,2,,30
Lattice,4,2,,30
Lattice,4,2,,30
Lattice,4,2,,30
Lattice,4,2,,30
Lattice,4,2,,30
Lattice,4,2,,30
Lattice,4,2,,30
Lattice,4,2,,30
Lattice,4,2,,30
Lattice,4,2,,30
Lattice,4,2,,30
Lattice,4,3,0.0,4
Lattice,4,3,5.0,5
Lattice,4,3,2.0,5
Lattice,4,3,2.0,1
Lattice,4,3,5.0,1
Lattice,4,3,3.0,2
Lattice,4,3,3.0,8
Lattice,4,3,2.0,1
Lattice,4,3,3.0,2
Lattice,4,3,5.0,1
Lattice,4,3,3.0,2
Lattice,4,3,2.0,3
Lattice,4,3,3.0,2
Lattice,4,3,5.0,1
Lattice,4,3,2.0,1
Lattice,4,3,3.0,2
Lattice,4,3,2.0,1
Lattice,4,3,1.0,3
Lattice,4,3,5.0,1
Lattice,4,3,2.0,1
Lattice,4,3,2.0,3
Lattice,4,3,3.0,4
Lattice,4,3,0.0,8
Lattice,4,3,2.0,1
Lattice,4,3,2.0,1
Lattice,4,3,5.0,1
Lattice,4,3,5.0,3
Lattice,4,3,4.0,12
Lattice,4,3,2.0,5
Lattice,4,3,2.0,1
Lattice,4,3,2.0,1
Lattice,4,3,3.0,4
Lattice,4,3,3.0,4
Lattice,4,3,2.0,3
Lattice,4,3,2.0,1
Lattice,4,3,5.0,1
Lattice,4,3,1.0,7
Lattice,4,3,0.0,4
Lattice,4,3,4.0,2
Lattice,4,3,2.0,5
Lattice,4,3,2.0,1
Lattice,4,3,3.0,2
Lattice,4,3,4.0,2
Lattice,4,3,5.0,1
Lattice,4,3,2.0,3
Lattice,4,3,2.0,3
Lattice,4,3,1.0,3
Lattice,4,3,5.0,1
Lattice,4,3,5.0,1
Lattice,4,3,3.0,8
Lattice,4,3,2.0,5
Lattice,4,3,2.0,7
Lattice,4,3,2.0,3
Lattice,4,3,2.0,7
Lattice,4,3,3.0,2
Lattice,4,3,2.0,5
Lattice,4,3,3.0,2
Lattice,4,3,3.0,6
Lattice,4,3,3.0,2
Lattice,4,3,3.0,4
Lattice,4,3,1.0,5
Lattice,4,3,3.0,6
Lattice,4,3,2.0,3
Lattice,4,3,2.0,1
Lattice,4,3,2.0,1
Lattice,4,3,4.0,2
Lattice,4,3,2.0,7
Lattice,4,3,3.0,4
Lattice,4,3,5.0,13
Lattice,4,3,3.0,4
Lattice,4,3,2.0,1
Lattice,4,3,0.0,4
Lattice,4,3,0.0,6
Lattice,4,3,0.0,2
Lattice,4,3,4.0,6
Lattice,4,3,2.0,7
Lattice,4,3,3.0,6
Lattice,4,3,2.0,1
Lattice,4,3,0.0,2
Lattice,4,3,2.0,5
Lattice,4,3,5.0,5
Lattice,4,3,3.0,2
Lattice,4,3,3.0,4
Lattice,4,3,2.0,3
Lattice,4,3,3.0,2
Lattice,4,3,5.0,1
Lattice,4,3,4.0,2
Lattice,4,3,4.0,8
Lattice,4,3,2.0,3
Lattice,4,3,2.0,1
Lattice,4,3,4.0,4
Lattice,4,3,5.0,3
Lattice,4,3,2.0,3
Lattice,4,3,4.0,2
Lattice,4,3,5.0,1
Lattice,4,3,2.0,1
Lattice,4,3,5.0,1
Lattice,4,3,2.0,1
Lattice,4,3,5.0,1
Lattice,4,3,4.0,2
Lattice,4,4,4.0,2
Lattice,4,4,1.0,7
Lattice,4,4,5.0,1
Lattice,4,4,5.0,1
Lattice,4,4,3.0,6
Lattice,4,4,5.0,1
Lattice,4,4,5.0,1
Lattice,4,4,3.0,2
Lattice,4,4,0.0,6
Lattice,4,4,3.0,2
Lattice,4,4,4.0,2
Lattice,4,4,2.0,1
Lattice,4,4,2.0,1
Lattice,4,4,5.0,1
Lattice,4,4,2.0,5
Lattice,4,4,3.0,2
Lattice,4,4,2.0,1
Lattice,4,4,5.0,1
Lattice,4,4,2.0,1
Lattice,4,4,2.0,1
Lattice,4,4,0.0,4
Lattice,4,4,2.0,3
Lattice,4,4,3.0,2
Lattice,4,4,5.0,3
Lattice,4,4,3.0,4
Lattice,4,4,2.0,1
Lattice,4,4,1.0,7
Lattice,4,4,5.0,1
Lattice,4,4,2.0,1
Lattice,4,4,2.0,1
Lattice,4,4,3.0,2
Lattice,4,4,2.0,1
Lattice,4,4,3.0,2
Lattice,4,4,4.0,6
Lattice,4,4,4.0,2
Lattice,4,4,1.0,9
Lattice,4,4,5.0,1
Lattice,4,4,3.0,2
Lattice,4,4,3.0,2
Lattice,4,4,2.0,1
Lattice,4,4,2.0,13
Lattice,4,4,2.0,3
Lattice,4,4,2.0,3
Lattice,4,4,4.0,4
Lattice,4,4,5.0,1
Lattice,4,4,5.0,1
Lattice,4,4,2.0,1
Lattice,4,4,2.0,1
Lattice,4,4,4.0,6
Lattice,4,4,2.0,1
Lattice,4,4,2.0,1
Lattice,4,4,2.0,1
Lattice,4,4,2.0,3
Lattice,4,4,5.0,1
Lattice,4,4,3.0,8
Lattice,4,4,2.0,1
Lattice,4,4,2.0,1
Lattice,4,4,2.0,1
Lattice,4,4,3.0,8
Lattice,4,4,3.0,10
Lattice,4,4,2.0,1
Lattice,4,4,3.0,2
Lattice,4,4,1.0,5
Lattice,4,4,4.0,2
Lattice,4,4,4.0,4
Lattice,4,4,2.0,1
Lattice,4,4,1.0,3
Lattice,4,4,5.0,7
Lattice,4,4,2.0,3
Lattice,4,4,5.0,1
Lattice,4,4,3.0,2
Lattice,4,4,3.0,2
Lattice,4,4,5.0,1
Lattice,4,4,2.0,3
Lattice,4,4,4.0,6
Lattice,4,4,4.0,2
Lattice,4,4,2.0,3
Lattice,4,4,3.0,6
Lattice,4,4,2.0,7
Lattice,4,4,5.0,1
Lattice,4,4,4.0,4
Lattice,4,4,5.0,1
Lattice,4,4,5.0,1
Lattice,4,4,5.0,5
Lattice,4,4,3.0,2
Lattice,4,4,3.0,6
Lattice,4,4,5.0,1
Lattice,4,4,3.0,2
Lattice,4,4,5.0,1
Lattice,4,4,3.0,2
Lattice,4,4,4.0,2
Lattice,4,4,2.0,3
Lattice,4,4,1.0,5
Lattice,4,4,2.0,1
Lattice,4,4,2.0,1
Lattice,4,4,2.0,1
Lattice,4,4,5.0,1
Lattice,4,4,2.0,1
Lattice,4,4,3.0,2
Lattice,4,4,2.0,1
Lattice,4,5,,30
Lattice,4,5,,30
Lattice,4,5,,30
Lattice,4,5,,30
Lattice,4,5,,30
Lattice,4,5,,30
Lattice,4,5,,30
Lattice,4,5,,30
Lattice,4,5,,30
Lattice,4,5,,30
Lattice,4,5,,30
Lattice,4,5,,30
Lattice,4,5,,30
Lattice,4,5,,30
Lattice,4,5,,30
Lattice,4,5,,30
Lattice,4,5,,30
Lattice,4,5,,30
Lattice,4,5,,30
Lattice,4,5,,30
Lattice,4,5,,30
Lattice,4,5,,30
Lattice,4,5,,30
Lattice,4,5,,30
Lattice,4,5,,30
Lattice,4,5,,30
Lattice,4,5,,30
Lattice,4,5,,30
Lattice,4,5,,30
Lattice,4,5,,30
Lattice,4,5,,30
Lattice,4,5,,30
Lattice,4,5,,30
Lattice,4,5,,30
Lattice,4,5,,30
Lattice,4,5,,30
Lattice,4,5,,30
Lattice,4,5,,30
Lattice,4,5,,30
Lattice,4,5,,30
Lattice,4,5,,30
Lattice,4,5,,30
Lattice,4,5,,30
Lattice,4,5,,30
Lattice,4,5,,30
Lattice,4,5,,30
Lattice,4,5,,30
Lattice,4,5,,30
Lattice,4,5,,30
Lattice,4,5,,30
Lattice,4,5,,30
Lattice,4,5,,30
Lattice,4,5,,30
Lattice,4,5,,30
Lattice,4,5,,30
Lattice,4,5,,30
Lattice,4,5,,30
Lattice,4,5,,30
Lattice,4,5,,30
Lattice,4,5,,30
Lattice,4,5,,30
Lattice,4,5,,30
Lattice,4,5,,30
Lattice,4,5,,30
Lattice,4,5,,30
Lattice,4,5,,30
Lattice,4,5,,30
Lattice,4,5,,30
Lattice,4,5,,30
Lattice,4,5,,30
Lattice,4,5,,30
Lattice,4,5,,30
Lattice,4,5,,30
Lattice,4,5,,30
Lattice,4,5,,30
Lattice,4,5,,30
Lattice,4,5,,30
Lattice,4,5,,30
Lattice,4,5,,30
Lattice,4,5,,30
Lattice,4,5,,30
Lattice,4,5,,30
Lattice,4,5,,30
Lattice,4,5,,30
Lattice,4,5,,30
Lattice,4,5,,30
Lattice,4,5,,30
Lattice,4,5,,30
Lattice,4,5,,30
Lattice,4,5,,30
Lattice,4,5,,30
Lattice,4,5,,30
Lattice,4,5,,30
Lattice,4,5,,30
Lattice,4,5,,30
Lattice,4,5,,30
Lattice,4,5,,30
Lattice,4,5,,30
Lattice,4,5,,30
Lattice,4,5,,30
Lattice,5,0,,30
Lattice,5,0,,30
Lattice,5,0,,30
Lattice,5,0,,30
Lattice,5,0,,30
Lattice,5,0,,30
Lattice,5,0,,30
Lattice,5,0,,30
Lattice,5,0,,30
Lattice,5,0,,30
Lattice,5,0,,30
Lattice,5,0,,30
Lattice,5,0,,30
Lattice,5,0,,30
Lattice,5,0,,30
Lattice,5,0,,30
Lattice,5,0,,30
Lattice,5,0,,30
Lattice,5,0,,30
Lattice,5,0,,30
Lattice,5,0,,30
Lattice,5,0,,30
Lattice,5,0,,30
Lattice,5,0,,30
Lattice,5,0,,30
Lattice,5,0,,30
Lattice,5,0,,30
Lattice,5,0,,30
Lattice,5,0,,30
Lattice,5,0,,30
Lattice,5,0,,30
Lattice,5,0,,30
Lattice,5,0,,30
Lattice,5,0,,30
Lattice,5,0,,30
Lattice,5,0,,30
Lattice,5,0,,30
Lattice,5,0,,30
Lattice,5,0,,30
Lattice,5,0,,30
Lattice,5,0,,30
Lattice,5,0,,30
Lattice,5,0,,30
Lattice,5,0,,30
Lattice,5,0,,30
Lattice,5,0,,30
Lattice,5,0,,30
Lattice,5,0,,30
Lattice,5,0,,30
Lattice,5,0,,30
Lattice,5,0,,30
Lattice,5,0,,30
Lattice,5,0,,30
Lattice,5,0,,30
Lattice,5,0,,30
Lattice,5,0,,30
Lattice,5,0,,30
Lattice,5,0,,30
Lattice,5,0,,30
Lattice,5,0,,30
Lattice,5,0,,30
Lattice,5,0,,30
Lattice,5,0,,30
Lattice,5,0,,30
Lattice,5,0,,30
Lattice,5,0,,30
Lattice,5,0,,30
Lattice,5,0,,30
Lattice,5,0,,30
Lattice,5,0,,30
Lattice,5,0,,30
Lattice,5,0,,30
Lattice,5,0,,30
Lattice,5,0,,30
Lattice,5,0,,30
Lattice,5,0,,30
Lattice,5,0,,30
Lattice,5,0,,30
Lattice,5,0,,30
Lattice,5,0,,30
Lattice,5,0,,30
Lattice,5,0,,30
Lattice,5,0,,30
Lattice,5,0,,30
Lattice,5,0,,30
Lattice,5,0,,30
Lattice,5,0,,30
Lattice,5,0,,30
Lattice,5,0,,30
Lattice,5,0,,30
Lattice,5,0,,30
Lattice,5,0,,30
Lattice,5,0,,30
Lattice,5,0,,30
Lattice,5,0,,30
Lattice,5,0,,30
Lattice,5,0,,30
Lattice,5,0,,30
Lattice,5,0,,30
Lattice,5,0,,30
Lattice,5,1,3.0,1
Lattice,5,1,4.0,3
Lattice,5,1,2.0,14
Lattice,5,1,2.0,4
Lattice,5,1,3.0,1
Lattice,5,1,3.0,3
Lattice,5,1,0.0,3
Lattice,5,1,4.0,3
Lattice,5,1,2.0,2
Lattice,5,1,1.0,6
Lattice,5,1,3.0,5
Lattice,5,1,2.0,6
Lattice,5,1,3.0,1
Lattice,5,1,3.0,7
Lattice,5,1,2.0,12
Lattice,5,1,1.0,10
Lattice,5,1,0.0,5
Lattice,5,1,3.0,3
Lattice,5,1,3.0,1
Lattice,5,1,1.0,2
Lattice,5,1,2.0,10
Lattice,5,1,3.0,5
Lattice,5,1,3.0,3
Lattice,5,1,2.0,2
Lattice,5,1,3.0,1
Lattice,5,1,1.0,10
Lattice,5,1,3.0,7
Lattice,5,1,3.0,3
Lattice,5,1,3.0,1
Lattice,5,1,3.0,1
Lattice,5,1,3.0,1
Lattice,5,1,0.0,5
Lattice,5,1,3.0,1
Lattice,5,1,5.0,16
Lattice,5,1,3.0,1
Lattice,5,1,3.0,1
Lattice,5,1,2.0,2
Lattice,5,1,3.0,1
Lattice,5,1,2.0,2
Lattice,5,1,2.0,2
Lattice,5,1,3.0,3
Lattice,5,1,2.0,8
Lattice,5,1,3.0,1
Lattice,5,1,0.0,21
Lattice,5,1,5.0,6
Lattice,5,1,1.0,2
Lattice,5,1,5.0,6
Lattice,5,1,2.0,4
Lattice,5,1,3.0,1
Lattice,5,1,3.0,1
Lattice,5,1,3.0,3
Lattice,5,1,3.0,3
Lattice,5,1,3.0,3
Lattice,5,1,3.0,3
Lattice,5,1,3.0,1
Lattice,5,1,2.0,2
Lattice,5,1,2.0,2
Lattice,5,1,2.0,2
Lattice,5,1,2.0,4
Lattice,5,1,5.0,6
Lattice,5,1,5.0,4
Lattice,5,1,2.0,4
Lattice,5,1,5.0,4
Lattice,5,1,3.0,1
Lattice,5,1,3.0,1
Lattice,5,1,3.0,3
Lattice,5,1,3.0,3
Lattice,5,1,2.0,2
Lattice,5,1,3.0,1
Lattice,5,1,3.0,7
Lattice,5,1,3.0,1
Lattice,5,1,3.0,1
Lattice,5,1,3.0,11
Lattice,5,1,1.0,2
Lattice,5,1,1.0,2
Lattice,5,1,2.0,4
Lattice,5,1,3.0,5
Lattice,5,1,2.0,2
Lattice,5,1,2.0,2
Lattice,5,1,3.0,5
Lattice,5,1,3.0,1
Lattice,5,1,5.0,2
Lattice,5,1,4.0,3
Lattice,5,1,3.0,5
Lattice,5,1,5.0,2
Lattice,5,1,5.0,4
Lattice,5,1,2.0,8
Lattice,5,1,3.0,1
Lattice,5,1,3.0,1
Lattice,5,1,2.0,2
Lattice,5,1,5.0,8
Lattice,5,1,2.0,6
Lattice,5,1,1.0,8
Lattice,5,1,2.0,6
Lattice,5,1,3.0,3
Lattice,5,1,3.0,1
Lattice,5,1,3.0,1
Lattice,5,1,2.0,4
Lattice,5,1,3.0,1
Lattice,5,1,1.0,2
Lattice,5,2,3.0,1
Lattice,5,2,3.0,5
Lattice,5,2,2.0,2
Lattice,5,2,5.0,6
Lattice,5,2,3.0,1
Lattice,5,2,3.0,3
Lattice,5,2,3.0,7
Lattice,5,2,4.0,7
Lattice,5,2,4.0,1
Lattice,5,2,5.0,2
Lattice,5,2,4.0,1
Lattice,5,2,1.0,4
Lattice,5,2,3.0,1
Lattice,5,2,4.0,1
Lattice,5,2,2.0,2
Lattice,5,2,3.0,1
Lattice,5,2,3.0,3
Lattice,5,2,4.0,1
Lattice,5,2,3.0,3
Lattice,5,2,5.0,2
Lattice,5,2,3.0,1
Lattice,5,2,2.0,16
Lattice,5,2,2.0,2
Lattice,5,2,3.0,11
Lattice,5,2,5.0,2
Lattice,5,2,1.0,12
Lattice,5,2,2.0,4
Lattice,5,2,0.0,3
Lattice,5,2,2.0,4
Lattice,5,2,4.0,1
Lattice,5,2,3.0,1
Lattice,5,2,3.0,1
Lattice,5,2,4.0,7
Lattice,5,2,2.0,2
Lattice,5,2,3.0,3
Lattice,5,2,5.0,2
Lattice,5,2,3.0,3
Lattice,5,2,4.0,3
Lattice,5,2,4.0,1
Lattice,5,2,4.0,1
Lattice,5,2,3.0,1
Lattice,5,2,4.0,3
Lattice,5,2,5.0,2
Lattice,5,2,2.0,2
Lattice,5,2,4.0,1
Lattice,5,2,3.0,1
Lattice,5,2,3.0,1
Lattice,5,2,3.0,5
Lattice,5,2,1.0,4
Lattice,5,2,3.0,1
Lattice,5,2,2.0,2
Lattice,5,2,3.0,3
Lattice,5,2,5.0,2
Lattice,5,2,2.0,2
Lattice,5,2,2.0,10
Lattice,5,2,0.0,3
Lattice,5,2,3.0,1
Lattice,5,2,2.0,2
Lattice,5,2,5.0,2
Lattice,5,2,4.0,3
Lattice,5,2,3.0,3
Lattice,5,2,3.0,7
Lattice,5,2,2.0,10
Lattice,5,2,3.0,3
Lattice,5,2,2.0,4
Lattice,5,2,3.0,1
Lattice,5,2,2.0,4
Lattice,5,2,3.0,7
Lattice,5,2,3.0,3
Lattice,5,2,3.0,1
Lattice,5,2,2.0,12
Lattice,5,2,2.0,4
Lattice,5,2,1.0,2
Lattice,5,2,4.0,7
Lattice,5,2,3.0,9
Lattice,5,2,4.0,1
Lattice,5,2,3.0,3
Lattice,5,2,3.0,1
Lattice,5,2,2.0,4
Lattice,5,2,5.0,2
Lattice,5,2,0.0,3
Lattice,5,2,3.0,1
Lattice,5,2,4.0,1
Lattice,5,2,3.0,1
Lattice,5,2,1.0,4
Lattice,5,2,4.0,1
Lattice,5,2,0.0,3
Lattice,5,2,3.0,1
Lattice,5,2,2.0,2
Lattice,5,2,3.0,5
Lattice,5,2,0.0,7
Lattice,5,2,3.0,3
Lattice,5,2,3.0,1
Lattice,5,2,1.0,2
Lattice,5,2,5.0,4
Lattice,5,2,2.0,4
Lattice,5,2,0.0,3
Lattice,5,2,3.0,1
Lattice,5,2,3.0,3
Lattice,5,2,5.0,2
Lattice,5,3,,30
Lattice,5,3,,30
Lattice,5,3,,30
Lattice,5,3,,30
Lattice,5,3,,30
Lattice,5,3,,30
Lattice,5,3,,30
Lattice,5,3,,30
Lattice,5,3,,30
Lattice,5,3,,30
Lattice,5,3,,30
Lattice,5,3,,30
Lattice,5,3,,30
Lattice,5,3,,30
Lattice,5,3,,30
Lattice,5,3,,30
Lattice,5,3,,30
Lattice,5,3,,30
Lattice,5,3,,30
Lattice,5,3,,30
Lattice,5,3,,30
Lattice,5,3,,30
Lattice,5,3,,30
Lattice,5,3,,30
Lattice,5,3,,30
Lattice,5,3,,30
Lattice,5,3,,30
Lattice,5,3,,30
Lattice,5,3,,30
Lattice,5,3,,30
Lattice,5,3,,30
Lattice,5,3,,30
Lattice,5,3,,30
Lattice,5,3,,30
Lattice,5,3,,30
Lattice,5,3,,30
Lattice,5,3,,30
Lattice,5,3,,30
Lattice,5,3,,30
Lattice,5,3,,30
Lattice,5,3,,30
Lattice,5,3,,30
Lattice,5,3,,30
Lattice,5,3,,30
Lattice,5,3,,30
Lattice,5,3,,30
Lattice,5,3,,30
Lattice,5,3,,30
Lattice,5,3,,30
Lattice,5,3,,30
Lattice,5,3,,30
Lattice,5,3,,30
Lattice,5,3,,30
Lattice,5,3,,30
Lattice,5,3,,30
Lattice,5,3,,30
Lattice,5,3,,30
Lattice,5,3,,30
Lattice,5,3,,30
Lattice,5,3,,30
Lattice,5,3,,30
Lattice,5,3,,30
Lattice,5,3,,30
Lattice,5,3,,30
Lattice,5,3,,30
Lattice,5,3,,30
Lattice,5,3,,30
Lattice,5,3,,30
Lattice,5,3,,30
Lattice,5,3,,30
Lattice,5,3,,30
Lattice,5,3,,30
Lattice,5,3,,30
Lattice,5,3,,30
Lattice,5,3,,30
Lattice,5,3,,30
Lattice,5,3,,30
Lattice,5,3,,30
Lattice,5,3,,30
Lattice,5,3,,30
Lattice,5,3,,30
Lattice,5,3,,30
Lattice,5,3,,30
Lattice,5,3,,30
Lattice,5,3,,30
Lattice,5,3,,30
Lattice,5,3,,30
Lattice,5,3,,30
Lattice,5,3,,30
Lattice,5,3,,30
Lattice,5,3,,30
Lattice,5,3,,30
Lattice,5,3,,30
Lattice,5,3,,30
Lattice,5,3,,30
Lattice,5,3,,30
Lattice,5,3,,30
Lattice,5,3,,30
Lattice,5,3,,30
Lattice,5,3,,30
Lattice,5,4,,30
Lattice,5,4,,30
Lattice,5,4,,30
Lattice,5,4,,30
Lattice,5,4,,30
Lattice,5,4,,30
Lattice,5,4,,30
Lattice,5,4,,30
Lattice,5,4,,30
Lattice,5,4,,30
Lattice,5,4,,30
Lattice,5,4,,30
Lattice,5,4,,30
Lattice,5,4,,30
Lattice,5,4,,30
Lattice,5,4,,30
Lattice,5,4,,30
Lattice,5,4,,30
Lattice,5,4,,30
Lattice,5,4,,30
Lattice,5,4,,30
Lattice,5,4,,30
Lattice,5,4,,30
Lattice,5,4,,30
Lattice,5,4,,30
Lattice,5,4,,30
Lattice,5,4,,30
Lattice,5,4,,30
Lattice,5,4,,30
Lattice,5,4,,30
Lattice,5,4,,30
Lattice,5,4,,30
Lattice,5,4,,30
Lattice,5,4,,30
Lattice,5,4,,30
Lattice,5,4,,30
Lattice,5,4,,30
Lattice,5,4,,30
Lattice,5,4,,30
Lattice,5,4,,30
Lattice,5,4,,30
Lattice,5,4,,30
Lattice,5,4,,30
Lattice,5,4,,30
Lattice,5,4,,30
Lattice,5,4,,30
Lattice,5,4,,30
Lattice,5,4,,30
Lattice,5,4,,30
Lattice,5,4,,30
Lattice,5,4,,30
Lattice,5,4,,30
Lattice,5,4,,30
Lattice,5,4,,30
Lattice,5,4,,30
Lattice,5,4,,30
Lattice,5,4,,30
Lattice,5,4,,30
Lattice,5,4,,30
Lattice,5,4,,30
Lattice,5,4,,30
Lattice,5,4,,30
Lattice,5,4,,30
Lattice,5,4,,30
Lattice,5,4,,30
Lattice,5,4,,30
Lattice,5,4,,30
Lattice,5,4,,30
Lattice,5,4,,30
Lattice,5,4,,30
Lattice,5,4,,30
Lattice,5,4,,30
Lattice,5,4,,30
Lattice,5,4,,30
Lattice,5,4,,30
Lattice,5,4,,30
Lattice,5,4,,30
Lattice,5,4,,30
Lattice,5,4,,30
Lattice,5,4,,30
Lattice,5,4,,30
Lattice,5,4,,30
Lattice,5,4,,30
Lattice,5,4,,30
Lattice,5,4,,30
Lattice,5,4,,30
Lattice,5,4,,30
Lattice,5,4,,30
Lattice,5,4,,30
Lattice,5,4,,30
Lattice,5,4,,30
Lattice,5,4,,30
Lattice,5,4,,30
Lattice,5,4,,30
Lattice,5,4,,30
Lattice,5,4,,30
Lattice,5,4,,30
Lattice,5,4,,30
Lattice,5,4,,30
Lattice,5,4,,30
Lattice,5,5,2.0,2
Lattice,5,5,3.0,3
Lattice,5,5,4.0,1
Lattice,5,5,3.0,3
Lattice,5,5,3.0,1
Lattice,5,5,3.0,1
Lattice,5,5,3.0,1
Lattice,5,5,4.0,1
Lattice,5,5,3.0,1
Lattice,5,5,4.0,1
Lattice,5,5,4.0,1
Lattice,5,5,4.0,1
Lattice,5,5,2.0,8
Lattice,5,5,4.0,1
Lattice,5,5,4.0,1
Lattice,5,5,4.0,1
Lattice,5,5,3.0,1
Lattice,5,5,5.0,2
Lattice,5,5,3.0,1
Lattice,5,5,4.0,1
Lattice,5,5,0.0,3
Lattice,5,5,4.0,1
Lattice,5,5,4.0,1
Lattice,5,5,2.0,2
Lattice,5,5,3.0,5
Lattice,5,5,3.0,1
Lattice,5,5,3.0,3
Lattice,5,5,3.0,3
Lattice,5,5,3.0,1
Lattice,5,5,3.0,3
Lattice,5,5,4.0,3
Lattice,5,5,4.0,1
Lattice,5,5,4.0,3
Lattice,5,5,4.0,1
Lattice,5,5,4.0,1
Lattice,5,5,3.0,1
Lattice,5,5,0.0,5
Lattice,5,5,4.0,1
Lattice,5,5,5.0,2
Lattice,5,5,3.0,1
Lattice,5,5,3.0,1
Lattice,5,5,3.0,1
Lattice,5,5,5.0,2
Lattice,5,5,5.0,2
Lattice,5,5,3.0,3
Lattice,5,5,2.0,6
Lattice,5,5,5.0,2
Lattice,5,5,5.0,8
Lattice,5,5,4.0,1
Lattice,5,5,4.0,1
Lattice,5,5,3.0,3
Lattice,5,5,2.0,10
Lattice,5,5,5.0,6
Lattice,5,5,3.0,1
Lattice,5,5,3.0,3
Lattice,5,5,3.0,1
Lattice,5,5,4.0,1
Lattice,5,5,2.0,2
Lattice,5,5,3.0,1
Lattice,5,5,3.0,1
Lattice,5,5,3.0,1
Lattice,5,5,4.0,3
Lattice,5,5,5.0,2
Lattice,5,5,2.0,2
Lattice,5,5,2.0,2
Lattice,5,5,2.0,2
Lattice,5,5,5.0,6
Lattice,5,5,3.0,7
Lattice,5,5,5.0,2
Lattice,5,5,4.0,1
Lattice,5,5,4.0,1
Lattice,5,5,5.0,2
Lattice,5,5,3.0,1
Lattice,5,5,5.0,2
Lattice,5,5,2.0,2
Lattice,5,5,4.0,1
Lattice,5,5,5.0,2
Lattice,5,5,3.0,1
Lattice,5,5,4.0,5
Lattice,5,5,4.0,1
Lattice,5,5,4.0,3
Lattice,5,5,2.0,2
Lattice,5,5,3.0,3
Lattice,5,5,2.0,6
Lattice,5,5,2.0,8
Lattice,5,5,2.0,4
Lattice,5,5,4.0,1
Lattice,5,5,2.0,8
Lattice,5,5,0.0,3
Lattice,5,5,3.0,5
Lattice,5,5,3.0,1
Lattice,5,5,2.0,4
Lattice,5,5,2.0,2
Lattice,5,5,3.0,1
Lattice,5,5,5.0,4
Lattice,5,5,5.0,2
Lattice,5,5,4.0,1
Lattice,5,5,3.0,1
Lattice,5,5,5.0,2
Lattice,5,5,5.0,2
Lollipop,0,0,1.0,11
Lollipop,0,0,3.0,1
Lollipop,0,0,3.0,3
Lollipop,0,0,3.0,4
Lollipop,0,0,4.0,15
Lollipop,0,0,0.0,2
Lollipop,0,0,3.0,1
Lollipop,0,0,1.0,3
Lollipop,0,0,1.0,1
Lollipop,0,0,0.0,2
Lollipop,0,0,1.0,1
Lollipop,0,0,3.0,2
Lollipop,0,0,0.0,7
Lollipop,0,0,2.0,1
Lollipop,0,0,3.0,5
Lollipop,0,0,3.0,1
Lollipop,0,0,3.0,9
Lollipop,0,0,3.0,1
Lollipop,0,0,3.0,17
Lollipop,0,0,0.0,6
Lollipop,0,0,3.0,1
Lollipop,0,0,1.0,1
Lollipop,0,0,3.0,3
Lollipop,0,0,0.0,2
Lollipop,0,0,3.0,8
Lollipop,0,0,0.0,18
Lollipop,0,0,2.0,4
Lollipop,0,0,3.0,1
Lollipop,0,0,0.0,2
Lollipop,0,0,3.0,1
Lollipop,0,0,3.0,3
Lollipop,0,0,2.0,8
Lollipop,0,0,2.0,8
Lollipop,0,0,2.0,5
Lollipop,0,0,3.0,1
Lollipop,0,0,3.0,13
Lollipop,0,0,3.0,14
Lollipop,0,0,3.0,14
Lollipop,0,0,3.0,3
Lollipop,0,0,1.0,6
Lollipop,0,0,1.0,8
Lollipop,0,0,0.0,7
Lollipop,0,0,3.0,5
Lollipop,0,0,0.0,2
Lollipop,0,0,3.0,1
Lollipop,0,0,0.0,2
Lollipop,0,0,3.0,3
Lollipop,0,0,1.0,2
Lollipop,0,0,0.0,9
Lollipop,0,0,2.0,3
Lollipop,0,0,3.0,1
Lollipop,0,0,0.0,2
Lollipop,0,0,,30
Lollipop,0,0,1.0,17
Lollipop,0,0,0.0,4
Lollipop,0,0,2.0,1
Lollipop,0,0,1.0,1
Lollipop,0,0,3.0,3
Lollipop,0,0,3.0,6
Lollipop,0,0,3.0,1
Lollipop,0,0,2.0,4
Lollipop,0,0,0.0,12
Lollipop,0,0,1.0,1
Lollipop,0,0,1.0,5
Lollipop,0,0,2.0,1
Lollipop,0,0,2.0,1
Lollipop,0,0,3.0,5
Lollipop,0,0,3.0,1
Lollipop,0,0,3.0,1
Lollipop,0,0,1.0,11
Lollipop,0,0,3.0,1
Lollipop,0,0,3.0,3
Lollipop,0,0,1.0,4
Lollipop,0,0,3.0,1
Lollipop,0,0,2.0,1
Lollipop,0,0,3.0,1
Lollipop,0,0,2.0,1
Lollipop,0,0,0.0,3
Lollipop,0,0,3.0,11
Lollipop,0,0,0.0,5
Lollipop,0,0,3.0,15
Lollipop,0,0,2.0,5
Lollipop,0,0,0.0,6
Lollipop,0,0,0.0,2
Lollipop,0,0,3.0,2
Lollipop,0,0,3.0,6
Lollipop,0,0,3.0,4
Lollipop,0,0,3.0,1
Lollipop,0,0,1.0,1
Lollipop,0,0,3.0,13
Lollipop,0,0,3.0,6
Lollipop,0,0,2.0,1
Lollipop,0,0,1.0,1
Lollipop,0,0,1.0,1
Lollipop,0,0,3.0,18
Lollipop,0,0,0.0,2
Lollipop,0,0,0.0,5
Lollipop,0,0,1.0,1
Lollipop,0,0,3.0,1
Lollipop,0,0,0.0,5
Lollipop,0,1,2.0,1
Lollipop,0,1,2.0,1
Lollipop,0,1,0.0,4
Lollipop,0,1,3.0,1
Lollipop,0,1,0.0,2
Lollipop,0,1,1.0,9
Lollipop,0,1,3.0,1
Lollipop,0,1,3.0,2
Lollipop,0,1,1.0,14
Lollipop,0,1,0.0,13
Lollipop,0,1,0.0,4
Lollipop,0,1,0.0,16
Lollipop,0,1,3.0,1
Lollipop,0,1,2.0,1
Lollipop,0,1,3.0,3
Lollipop,0,1,1.0,2
Lollipop,0,1,3.0,8
Lollipop,0,1,3.0,11
Lollipop,0,1,3.0,14
Lollipop,0,1,3.0,7
Lollipop,0,1,0.0,3
Lollipop,0,1,1.0,7
Lollipop,0,1,2.0,2
Lollipop,0,1,0.0,12
Lollipop,0,1,1.0,5
Lollipop,0,1,3.0,7
Lollipop,0,1,3.0,1
Lollipop,0,1,1.0,4
Lollipop,0,1,1.0,2
Lollipop,0,1,0.0,5
Lollipop,0,1,3.0,1
Lollipop,0,1,3.0,3
Lollipop,0,1,0.0,6
Lollipop,0,1,1.0,3
Lollipop,0,1,3.0,7
Lollipop,0,1,3.0,15
Lollipop,0,1,0.0,6
Lollipop,0,1,1.0,4
Lollipop,0,1,0.0,3
Lollipop,0,1,3.0,1
Lollipop,0,1,3.0,1
Lollipop,0,1,0.0,2
Lollipop,0,1,3.0,1
Lollipop,0,1,2.0,1
Lollipop,0,1,0.0,2
Lollipop,0,1,3.0,1
Lollipop,0,1,2.0,4
Lollipop,0,1,3.0,12
Lollipop,0,1,1.0,4
Lollipop,0,1,3.0,3
Lollipop,0,1,3.0,23
Lollipop,0,1,0.0,19
Lollipop,0,1,1.0,7
Lollipop,0,1,3.0,1
Lollipop,0,1,0.0,8
Lollipop,0,1,0.0,2
Lollipop,0,1,4.0,16
Lollipop,0,1,2.0,3
Lollipop,0,1,0.0,2
Lollipop,0,1,2.0,1
Lollipop,0,1,1.0,7
Lollipop,0,1,0.0,5
Lollipop,0,1,3.0,10
Lollipop,0,1,3.0,11
Lollipop,0,1,2.0,1
Lollipop,0,1,2.0,2
Lollipop,0,1,2.0,6
Lollipop,0,1,3.0,13
Lollipop,0,1,3.0,6
Lollipop,0,1,3.0,1
Lollipop,0,1,3.0,16
Lollipop,0,1,1.0,4
Lollipop,0,1,1.0,21
Lollipop,0,1,1.0,2
Lollipop,0,1,3.0,1
Lollipop,0,1,1.0,2
Lollipop,0,1,2.0,10
Lollipop,0,1,3.0,1
Lollipop,0,1,3.0,19
Lollipop,0,1,3.0,6
Lollipop,0,1,2.0,1
Lollipop,0,1,0.0,24
Lollipop,0,1,0.0,2
Lollipop,0,1,2.0,13
Lollipop,0,1,3.0,1
Lollipop,0,1,2.0,1
Lollipop,0,1,1.0,24
Lollipop,0,1,3.0,1
Lollipop,0,1,2.0,3
Lollipop,0,1,3.0,1
Lollipop,0,1,1.0,7
Lollipop,0,1,2.0,9
Lollipop,0,1,3.0,6
Lollipop,0,1,3.0,2
Lollipop,0,1,2.0,1
Lollipop,0,1,2.0,2
Lollipop,0,1,1.0,5
Lollipop,0,1,3.0,17
Lollipop,0,1,1.0,3
Lollipop,0,1,3.0,9
Lollipop,0,2,3.0,1
Lollipop,0,2,3.0,2
Lollipop,0,2,3.0,10
Lollipop,0,2,2.0,21
Lollipop,0,2,1.0,15
Lollipop,0,2,3.0,1
Lollipop,0,2,3.0,15
Lollipop,0,2,0.0,15
Lollipop,0,2,0.0,3
Lollipop,0,2,3.0,4
Lollipop,0,2,3.0,1
Lollipop,0,2,,30
Lollipop,0,2,0.0,3
Lollipop,0,2,0.0,5
Lollipop,0,2,3.0,1
Lollipop,0,2,0.0,18
Lollipop,0,2,3.0,5
Lollipop,0,2,2.0,8
Lollipop,0,2,4.0,5
Lollipop,0,2,1.0,1
Lollipop,0,2,2.0,3
Lollipop,0,2,3.0,1
Lollipop,0,2,2.0,8
Lollipop,0,2,1.0,13
Lollipop,0,2,0.0,7
Lollipop,0,2,3.0,1
Lollipop,0,2,1.0,3
Lollipop,0,2,0.0,8
Lollipop,0,2,1.0,1
Lollipop,0,2,1.0,8
Lollipop,0,2,1.0,2
Lollipop,0,2,3.0,1
Lollipop,0,2,1.0,11
Lollipop,0,2,3.0,1
Lollipop,0,2,0.0,2
Lollipop,0,2,3.0,1
Lollipop,0,2,1.0,6
Lollipop,0,2,0.0,2
Lollipop,0,2,1.0,1
Lollipop,0,2,3.0,10
Lollipop,0,2,0.0,11
Lollipop,0,2,0.0,3
Lollipop,0,2,3.0,10
Lollipop,0,2,1.0,1
Lollipop,0,2,3.0,1
Lollipop,0,2,1.0,1
Lollipop,0,2,2.0,8
Lollipop,0,2,1.0,7
Lollipop,0,2,2.0,2
Lollipop,0,2,3.0,3
Lollipop,0,2,3.0,3
Lollipop,0,2,2.0,8
Lollipop,0,2,0.0,2
Lollipop,0,2,1.0,1
Lollipop,0,2,1.0,27
Lollipop,0,2,1.0,2
Lollipop,0,2,0.0,5
Lollipop,0,2,3.0,2
Lollipop,0,2,3.0,1
Lollipop,0,2,2.0,12
Lollipop,0,2,0.0,4
Lollipop,0,2,3.0,2
Lollipop,0,2,3.0,1
Lollipop,0,2,,30
Lollipop,0,2,1.0,1
Lollipop,0,2,2.0,14
Lollipop,0,2,3.0,3
Lollipop,0,2,,30
Lollipop,0,2,3.0,1
Lollipop,0,2,3.0,10
Lollipop,0,2,3.0,1
Lollipop,0,2,0.0,3
Lollipop,0,2,2.0,2
Lollipop,0,2,3.0,1
Lollipop,0,2,3.0,7
Lollipop,0,2,0.0,5
Lollipop,0,2,3.0,3
Lollipop,0,2,3.0,1
Lollipop,0,2,3.0,14
Lollipop,0,2,2.0,6
Lollipop,0,2,0.0,12
Lollipop,0,2,3.0,3
Lollipop,0,2,3.0,8
Lollipop,0,2,3.0,1
Lollipop,0,2,2.0,14
Lollipop,0,2,1.0,3
Lollipop,0,2,1.0,14
Lollipop,0,2,0.0,3
Lollipop,0,2,1.0,1
Lollipop,0,2,2.0,3
Lollipop,0,2,2.0,5
Lollipop,0,2,0.0,4
Lollipop,0,2,2.0,3
Lollipop,0,2,,30
Lollipop,0,2,2.0,3
Lollipop,0,2,3.0,4
Lollipop,0,2,2.0,30
Lollipop,0,2,3.0,4
Lollipop,0,2,3.0,25
Lollipop,0,2,0.0,17
Lollipop,0,3,1.0,1
Lollipop,0,3,3.0,4
Lollipop,0,3,0.0,11
Lollipop,0,3,3.0,5
Lollipop,0,3,3.0,2
Lollipop,0,3,3.0,4
Lollipop,0,3,1.0,2
Lollipop,0,3,4.0,5
Lollipop,0,3,2.0,13
Lollipop,0,3,1.0,21
Lollipop,0,3,4.0,15
Lollipop,0,3,2.0,5
Lollipop,0,3,3.0,2
Lollipop,0,3,0.0,9
Lollipop,0,3,2.0,5
Lollipop,0,3,2.0,1
Lollipop,0,3,1.0,1
Lollipop,0,3,0.0,9
Lollipop,0,3,3.0,4
Lollipop,0,3,3.0,2
Lollipop,0,3,0.0,6
Lollipop,0,3,2.0,2
Lollipop,0,3,2.0,1
Lollipop,0,3,0.0,10
Lollipop,0,3,1.0,1
Lollipop,0,3,1.0,7
Lollipop,0,3,1.0,4
Lollipop,0,3,1.0,7
Lollipop,0,3,2.0,3
Lollipop,0,3,3.0,2
Lollipop,0,3,0.0,3
Lollipop,0,3,2.0,1
Lollipop,0,3,0.0,7
Lollipop,0,3,0.0,10
Lollipop,0,3,0.0,4
Lollipop,0,3,2.0,1
Lollipop,0,3,3.0,3
Lollipop,0,3,1.0,1
Lollipop,0,3,0.0,14
Lollipop,0,3,1.0,1
Lollipop,0,3,0.0,5
Lollipop,0,3,2.0,17
Lollipop,0,3,2.0,1
Lollipop,0,3,3.0,3
Lollipop,0,3,1.0,5
Lollipop,0,3,3.0,5
Lollipop,0,3,3.0,18
Lollipop,0,3,3.0,20
Lollipop,0,3,3.0,4
Lollipop,0,3,3.0,16
Lollipop,0,3,2.0,1
Lollipop,0,3,2.0,3
Lollipop,0,3,3.0,2
Lollipop,0,3,1.0,3
Lollipop,0,3,2.0,1
Lollipop,0,3,0.0,2
Lollipop,0,3,3.0,2
Lollipop,0,3,0.0,4
Lollipop,0,3,0.0,6
Lollipop,0,3,2.0,7
Lollipop,0,3,1.0,6
Lollipop,0,3,1.0,1
Lollipop,0,3,1.0,21
Lollipop,0,3,4.0,3
Lollipop,0,3,2.0,1
Lollipop,0,3,1.0,2
Lollipop,0,3,1.0,11
Lollipop,0,3,0.0,7
Lollipop,0,3,0.0,4
Lollipop,0,3,0.0,2
Lollipop,0,3,2.0,10
Lollipop,0,3,3.0,2
Lollipop,0,3,2.0,1
Lollipop,0,3,3.0,4
Lollipop,0,3,0.0,2
Lollipop,0,3,1.0,13
Lollipop,0,3,0.0,2
Lollipop,0,3,3.0,6
Lollipop,0,3,0.0,14
Lollipop,0,3,2.0,9
Lollipop,0,3,2.0,30
Lollipop,0,3,1.0,1
Lollipop,0,3,3.0,4
Lollipop,0,3,1.0,1
Lollipop,0,3,3.0,2
Lollipop,0,3,1.0,12
Lollipop,0,3,0.0,9
Lollipop,0,3,1.0,3
Lollipop,0,3,3.0,5
Lollipop,0,3,2.0,1
Lollipop,0,3,1.0,6
Lollipop,0,3,3.0,5
Lollipop,0,3,3.0,4
Lollipop,0,3,2.0,4
Lollipop,0,3,0.0,4
Lollipop,0,3,0.0,12
Lollipop,0,3,0.0,8
Lollipop,0,3,0.0,13
Lollipop,0,3,0.0,4
Lollipop,0,3,3.0,6
Lollipop,0,4,3.0,21
Lollipop,0,4,3.0,1
Lollipop,0,4,2.0,12
Lollipop,0,4,3.0,1
Lollipop,0,4,1.0,4
Lollipop,0,4,1.0,12
Lollipop,0,4,3.0,3
Lollipop,0,4,3.0,26
Lollipop,0,4,0.0,11
Lollipop,0,4,1.0,9
Lollipop,0,4,1.0,7
Lollipop,0,4,3.0,5
Lollipop,0,4,0.0,5
Lollipop,0,4,0.0,10
Lollipop,0,4,4.0,2
Lollipop,0,4,0.0,2
Lollipop,0,4,4.0,4
Lollipop,0,4,3.0,1
Lollipop,0,4,3.0,6
Lollipop,0,4,0.0,17
Lollipop,0,4,3.0,7
Lollipop,0,4,3.0,6
Lollipop,0,4,0.0,7
Lollipop,0,4,3.0,9
Lollipop,0,4,3.0,1
Lollipop,0,4,3.0,5
Lollipop,0,4,3.0,3
Lollipop,0,4,3.0,5
Lollipop,0,4,0.0,10
Lollipop,0,4,3.0,9
Lollipop,0,4,4.0,4
Lollipop,0,4,3.0,11
Lollipop,0,4,0.0,2
Lollipop,0,4,0.0,2
Lollipop,0,4,3.0,3
Lollipop,0,4,3.0,20
Lollipop,0,4,3.0,6
Lollipop,0,4,3.0,18
Lollipop,0,4,0.0,7
Lollipop,0,4,2.0,4
Lollipop,0,4,1.0,6
Lollipop,0,4,0.0,3
Lollipop,0,4,1.0,12
Lollipop,0,4,2.0,12
Lollipop,0,4,0.0,24
Lollipop,0,4,3.0,11
Lollipop,0,4,3.0,1
Lollipop,0,4,3.0,5
Lollipop,0,4,3.0,7
Lollipop,0,4,0.0,15
Lollipop,0,4,3.0,6
Lollipop,0,4,3.0,1
Lollipop,0,4,3.0,3
Lollipop,0,4,2.0,4
Lollipop,0,4,1.0,2
Lollipop,0,4,3.0,1
Lollipop,0,4,3.0,7
Lollipop,0,4,0.0,11
Lollipop,0,4,2.0,3
Lollipop,0,4,0.0,9
Lollipop,0,4,3.0,5
Lollipop,0,4,,30
Lollipop,0,4,2.0,4
Lollipop,0,4,1.0,10
Lollipop,0,4,3.0,1
Lollipop,0,4,1.0,13
Lollipop,0,4,3.0,3
Lollipop,0,4,3.0,8
Lollipop,0,4,0.0,2
Lollipop,0,4,0.0,3
Lollipop,0,4,3.0,1
Lollipop,0,4,2.0,6
Lollipop,0,4,4.0,2
Lollipop,0,4,2.0,22
Lollipop,0,4,3.0,1
Lollipop,0,4,1.0,2
Lollipop,0,4,3.0,9
Lollipop,0,4,3.0,9
Lollipop,0,4,3.0,9
Lollipop,0,4,4.0,2
Lollipop,0,4,1.0,4
Lollipop,0,4,0.0,6
Lollipop,0,4,3.0,1
Lollipop,0,4,3.0,3
Lollipop,0,4,3.0,1
Lollipop,0,4,1.0,7
Lollipop,0,4,3.0,1
Lollipop,0,4,3.0,1
Lollipop,0,4,0.0,4
Lollipop,0,4,3.0,1
Lollipop,0,4,3.0,12
Lollipop,0,4,0.0,4
Lollipop,0,4,2.0,9
Lollipop,0,4,3.0,1
Lollipop,0,4,2.0,3
Lollipop,0,4,2.0,4
Lollipop,0,4,3.0,1
Lollipop,0,4,0.0,2
Lollipop,0,4,2.0,18
Lollipop,0,4,3.0,1
Lollipop,0,5,2.0,3
Lollipop,0,5,2.0,3
Lollipop,0,5,3.0,7
Lollipop,0,5,3.0,29
Lollipop,0,5,3.0,2
Lollipop,0,5,2.0,5
Lollipop,0,5,3.0,2
Lollipop,0,5,2.0,7
Lollipop,0,5,0.0,5
Lollipop,0,5,3.0,10
Lollipop,0,5,3.0,6
Lollipop,0,5,0.0,8
Lollipop,0,5,3.0,10
Lollipop,0,5,3.0,14
Lollipop,0,5,1.0,9
Lollipop,0,5,3.0,25
Lollipop,0,5,1.0,3
Lollipop,0,5,1.0,3
Lollipop,0,5,4.0,8
Lollipop,0,5,4.0,3
Lollipop,0,5,3.0,11
Lollipop,0,5,3.0,7
Lollipop,0,5,3.0,2
Lollipop,0,5,1.0,7
Lollipop,0,5,,30
Lollipop,0,5,0.0,6
Lollipop,0,5,3.0,2
Lollipop,0,5,2.0,3
Lollipop,0,5,2.0,13
Lollipop,0,5,4.0,3
Lollipop,0,5,0.0,3
Lollipop,0,5,3.0,6
Lollipop,0,5,3.0,8
Lollipop,0,5,2.0,4
Lollipop,0,5,2.0,5
Lollipop,0,5,3.0,24
Lollipop,0,5,1.0,8
Lollipop,0,5,1.0,11
Lollipop,0,5,2.0,4
Lollipop,0,5,3.0,2
Lollipop,0,5,3.0,7
Lollipop,0,5,2.0,3
Lollipop,0,5,3.0,9
Lollipop,0,5,2.0,13
Lollipop,0,5,1.0,17
Lollipop,0,5,2.0,7
Lollipop,0,5,3.0,4
Lollipop,0,5,2.0,16
Lollipop,0,5,3.0,7
Lollipop,0,5,4.0,3
Lollipop,0,5,3.0,15
Lollipop,0,5,3.0,18
Lollipop,0,5,,30
Lollipop,0,5,2.0,3
Lollipop,0,5,4.0,7
Lollipop,0,5,1.0,30
Lollipop,0,5,1.0,3
Lollipop,0,5,3.0,20
Lollipop,0,5,1.0,12
Lollipop,0,5,3.0,12
Lollipop,0,5,3.0,5
Lollipop,0,5,3.0,10
Lollipop,0,5,3.0,2
Lollipop,0,5,4.0,3
Lollipop,0,5,4.0,15
Lollipop,0,5,3.0,4
Lollipop,0,5,1.0,12
Lollipop,0,5,3.0,29
Lollipop,0,5,2.0,3
Lollipop,0,5,1.0,3
Lollipop,0,5,0.0,24
Lollipop,0,5,3.0,4
Lollipop,0,5,4.0,7
Lollipop,0,5,4.0,7
Lollipop,0,5,1.0,8
Lollipop,0,5,2.0,9
Lollipop,0,5,3.0,2
Lollipop,0,5,4.0,9
Lollipop,0,5,,30
Lollipop,0,5,3.0,13
Lollipop,0,5,1.0,11
Lollipop,0,5,2.0,3
Lollipop,0,5,0.0,7
Lollipop,0,5,1.0,5
Lollipop,0,5,3.0,10
Lollipop,0,5,1.0,5
Lollipop,0,5,1.0,3
Lollipop,0,5,2.0,8
Lollipop,0,5,3.0,2
Lollipop,0,5,0.0,7
Lollipop,0,5,3.0,4
Lollipop,0,5,0.0,7
Lollipop,0,5,1.0,6
Lollipop,0,5,2.0,5
Lollipop,0,5,0.0,14
Lollipop,0,5,0.0,5
Lollipop,0,5,3.0,4
Lollipop,0,5,3.0,12
Lollipop,0,5,1.0,19
Lollipop,0,5,3.0,6
Lollipop,1,0,3.0,5
Lollipop,1,0,3.0,1
Lollipop,1,0,0.0,3
Lollipop,1,0,3.0,8
Lollipop,1,0,3.0,5
Lollipop,1,0,,30
Lollipop,1,0,3.0,2
Lollipop,1,0,1.0,6
Lollipop,1,0,3.0,14
Lollipop,1,0,3.0,2
Lollipop,1,0,3.0,8
Lollipop,1,0,3.0,8
Lollipop,1,0,4.0,19
Lollipop,1,0,3.0,1
Lollipop,1,0,0.0,5
Lollipop,1,0,3.0,1
Lollipop,1,0,3.0,13
Lollipop,1,0,3.0,4
Lollipop,1,0,2.0,6
Lollipop,1,0,1.0,17
Lollipop,1,0,2.0,17
Lollipop,1,0,2.0,2
Lollipop,1,0,0.0,25
Lollipop,1,0,2.0,3
Lollipop,1,0,3.0,4
Lollipop,1,0,2.0,7
Lollipop,1,0,1.0,6
Lollipop,1,0,3.0,4
Lollipop,1,0,1.0,9
Lollipop,1,0,0.0,2
Lollipop,1,0,1.0,5
Lollipop,1,0,3.0,1
Lollipop,1,0,3.0,2
Lollipop,1,0,2.0,1
Lollipop,1,0,0.0,3
Lollipop,1,0,0.0,5
Lollipop,1,0,2.0,6
Lollipop,1,0,2.0,10
Lollipop,1,0,3.0,1
Lollipop,1,0,3.0,1
Lollipop,1,0,0.0,15
Lollipop,1,0,3.0,9
Lollipop,1,0,1.0,3
Lollipop,1,0,3.0,12
Lollipop,1,0,3.0,1
Lollipop,1,0,0.0,5
Lollipop,1,0,0.0,6
Lollipop,1,0,2.0,15
Lollipop,1,0,0.0,3
Lollipop,1,0,3.0,13
Lollipop,1,0,2.0,3
Lollipop,1,0,2.0,2
Lollipop,1,0,0.0,7
Lollipop,1,0,2.0,1
Lollipop,1,0,3.0,1
Lollipop,1,0,3.0,2
Lollipop,1,0,0.0,4
Lollipop,1,0,2.0,17
Lollipop,1,0,2.0,1
Lollipop,1,0,3.0,14
Lollipop,1,0,1.0,4
Lollipop,1,0,2.0,26
Lollipop,1,0,3.0,7
Lollipop,1,0,3.0,1
Lollipop,1,0,1.0,8
Lollipop,1,0,1.0,5
Lollipop,1,0,1.0,16
Lollipop,1,0,3.0,1
Lollipop,1,0,0.0,3
Lollipop,1,0,2.0,2
Lollipop,1,0,3.0,11
Lollipop,1,0,2.0,12
Lollipop,1,0,3.0,5
Lollipop,1,0,1.0,2
Lollipop,1,0,2.0,2
Lollipop,1,0,1.0,5
Lollipop,1,0,,30
Lollipop,1,0,3.0,1
Lollipop,1,0,3.0,3
Lollipop,1,0,2.0,4
Lollipop,1,0,1.0,12
Lollipop,1,0,1.0,6
Lollipop,1,0,3.0,12
Lollipop,1,0,0.0,4
Lollipop,1,0,,30
Lollipop,1,0,3.0,6
Lollipop,1,0,3.0,2
Lollipop,1,0,0.0,2
Lollipop,1,0,1.0,7
Lollipop,1,0,2.0,2
Lollipop,1,0,1.0,4
Lollipop,1,0,3.0,1
Lollipop,1,0,2.0,1
Lollipop,1,0,0.0,15
Lollipop,1,0,4.0,4
Lollipop,1,0,1.0,3
Lollipop,1,0,1.0,4
Lollipop,1,0,2.0,1
Lollipop,1,0,0.0,10
Lollipop,1,0,3.0,1
Lollipop,1,1,3.0,1
Lollipop,1,1,0.0,8
Lollipop,1,1,3.0,2
Lollipop,1,1,3.0,8
Lollipop,1,1,3.0,4
Lollipop,1,1,3.0,7
Lollipop,1,1,2.0,1
Lollipop,1,1,2.0,1
Lollipop,1,1,1.0,4
Lollipop,1,1,3.0,7
Lollipop,1,1,3.0,10
Lollipop,1,1,2.0,6
Lollipop,1,1,3.0,2
Lollipop,1,1,0.0,6
Lollipop,1,1,1.0,12
Lollipop,1,1,0.0,1
Lollipop,1,1,1.0,2
Lollipop,1,1,1.0,2
Lollipop,1,1,0.0,1
Lollipop,1,1,0.0,10
Lollipop,1,1,2.0,1
Lollipop,1,1,3.0,3
Lollipop,1,1,1.0,5
Lollipop,1,1,3.0,1
Lollipop,1,1,1.0,2
Lollipop,1,1,3.0,1
Lollipop,1,1,1.0,8
Lollipop,1,1,3.0,12
Lollipop,1,1,2.0,1
Lollipop,1,1,2.0,4
Lollipop,1,1,0.0,1
Lollipop,1,1,2.0,3
Lollipop,1,1,2.0,1
Lollipop,1,1,4.0,10
Lollipop,1,1,3.0,6
Lollipop,1,1,0.0,11
Lollipop,1,1,0.0,1
Lollipop,1,1,3.0,3
Lollipop,1,1,0.0,1
Lollipop,1,1,0.0,1
Lollipop,1,1,0.0,5
Lollipop,1,1,3.0,2
Lollipop,1,1,0.0,4
Lollipop,1,1,0.0,7
Lollipop,1,1,2.0,7
Lollipop,1,1,2.0,1
Lollipop,1,1,2.0,1
Lollipop,1,1,3.0,1
Lollipop,1,1,0.0,1
Lollipop,1,1,2.0,7
Lollipop,1,1,3.0,15
Lollipop,1,1,1.0,2
Lollipop,1,1,2.0,1
Lollipop,1,1,2.0,1
Lollipop,1,1,3.0,1
Lollipop,1,1,3.0,1
Lollipop,1,1,3.0,2
Lollipop,1,1,2.0,5
Lollipop,1,1,3.0,2
Lollipop,1,1,4.0,10
Lollipop,1,1,1.0,2
Lollipop,1,1,3.0,1
Lollipop,1,1,1.0,14
Lollipop,1,1,3.0,4
Lollipop,1,1,1.0,2
Lollipop,1,1,0.0,14
Lollipop,1,1,0.0,1
Lollipop,1,1,3.0,5
Lollipop,1,1,0.0,1
Lollipop,1,1,2.0,17
Lollipop,1,1,0.0,4
Lollipop,1,1,1.0,9
Lollipop,1,1,1.0,2
Lollipop,1,1,1.0,2
Lollipop,1,1,2.0,8
Lollipop,1,1,0.0,1
Lollipop,1,1,0.0,11
Lollipop,1,1,0.0,5
Lollipop,1,1,2.0,1
Lollipop,1,1,2.0,4
Lollipop,1,1,0.0,1
Lollipop,1,1,3.0,1
Lollipop,1,1,3.0,7
Lollipop,1,1,2.0,8
Lollipop,1,1,3.0,9
Lollipop,1,1,3.0,7
Lollipop,1,1,2.0,1
Lollipop,1,1,2.0,1
Lollipop,1,1,2.0,1
Lollipop,1,1,0.0,11
Lollipop,1,1,3.0,1
Lollipop,1,1,3.0,3
Lollipop,1,1,0.0,1
Lollipop,1,1,1.0,9
Lollipop,1,1,2.0,1
Lollipop,1,1,3.0,25
Lollipop,1,1,2.0,1
Lollipop,1,1,,30
Lollipop,1,1,2.0,1
Lollipop,1,1,3.0,19
Lollipop,1,2,4.0,16
Lollipop,1,2,3.0,2
Lollipop,1,2,3.0,1
Lollipop,1,2,0.0,4
Lollipop,1,2,3.0,1
Lollipop,1,2,1.0,3
Lollipop,1,2,,30
Lollipop,1,2,1.0,5
Lollipop,1,2,1.0,2
Lollipop,1,2,2.0,15
Lollipop,1,2,0.0,5
Lollipop,1,2,2.0,12
Lollipop,1,2,1.0,7
Lollipop,1,2,3.0,21
Lollipop,1,2,3.0,1
Lollipop,1,2,0.0,1
Lollipop,1,2,0.0,1
Lollipop,1,2,0.0,5
Lollipop,1,2,2.0,15
Lollipop,1,2,1.0,2
Lollipop,1,2,0.0,1
Lollipop,1,2,0.0,1
Lollipop,1,2,0.0,2
Lollipop,1,2,3.0,1
Lollipop,1,2,0.0,3
Lollipop,1,2,0.0,1
Lollipop,1,2,3.0,4
Lollipop,1,2,3.0,8
Lollipop,1,2,0.0,2
Lollipop,1,2,3.0,2
Lollipop,1,2,2.0,2
Lollipop,1,2,3.0,6
Lollipop,1,2,0.0,1
Lollipop,1,2,3.0,6
Lollipop,1,2,3.0,4
Lollipop,1,2,0.0,2
Lollipop,1,2,0.0,1
Lollipop,1,2,2.0,2
Lollipop,1,2,3.0,7
Lollipop,1,2,2.0,22
Lollipop,1,2,0.0,1
Lollipop,1,2,3.0,1
Lollipop,1,2,2.0,5
Lollipop,1,2,3.0,2
Lollipop,1,2,0.0,1
Lollipop,1,2,3.0,12
Lollipop,1,2,0.0,5
Lollipop,1,2,0.0,14
Lollipop,1,2,3.0,7
Lollipop,1,2,2.0,6
Lollipop,1,2,3.0,1
Lollipop,1,2,3.0,1
Lollipop,1,2,2.0,5
Lollipop,1,2,3.0,12
Lollipop,1,2,2.0,10
Lollipop,1,2,0.0,2
Lollipop,1,2,3.0,3
Lollipop,1,2,0.0,3
Lollipop,1,2,2.0,9
Lollipop,1,2,1.0,14
Lollipop,1,2,1.0,16
Lollipop,1,2,0.0,10
Lollipop,1,2,3.0,1
Lollipop,1,2,1.0,2
Lollipop,1,2,3.0,4
Lollipop,1,2,0.0,6
Lollipop,1,2,0.0,2
Lollipop,1,2,1.0,9
Lollipop,1,2,3.0,1
Lollipop,1,2,2.0,7
Lollipop,1,2,0.0,11
Lollipop,1,2,0.0,6
Lollipop,1,2,0.0,1
Lollipop,1,2,3.0,2
Lollipop,1,2,3.0,5
Lollipop,1,2,3.0,4
Lollipop,1,2,0.0,20
Lollipop,1,2,3.0,1
Lollipop,1,2,1.0,20
Lollipop,1,2,2.0,3
Lollipop,1,2,2.0,3
Lollipop,1,2,0.0,11
Lollipop,1,2,0.0,1
Lollipop,1,2,0.0,1
Lollipop,1,2,0.0,1
Lollipop,1,2,4.0,5
Lollipop,1,2,0.0,1
Lollipop,1,2,3.0,1
Lollipop,1,2,3.0,7
Lollipop,1,2,0.0,1
Lollipop,1,2,0.0,1
Lollipop,1,2,0.0,1
Lollipop,1,2,1.0,3
Lollipop,1,2,0.0,1
Lollipop,1,2,1.0,2
Lollipop,1,2,2.0,3
Lollipop,1,2,3.0,1
Lollipop,1,2,3.0,2
Lollipop,1,2,3.0,6
Lollipop,1,2,3.0,9
Lollipop,1,3,0.0,17
Lollipop,1,3,1.0,2
Lollipop,1,3,2.0,5
Lollipop,1,3,3.0,3
Lollipop,1,3,2.0,1
Lollipop,1,3,3.0,2
Lollipop,1,3,2.0,3
Lollipop,1,3,2.0,4
Lollipop,1,3,0.0,3
Lollipop,1,3,2.0,17
Lollipop,1,3,2.0,3
Lollipop,1,3,2.0,4
Lollipop,1,3,0.0,1
Lollipop,1,3,0.0,1
Lollipop,1,3,2.0,9
Lollipop,1,3,3.0,14
Lollipop,1,3,2.0,2
Lollipop,1,3,2.0,11
Lollipop,1,3,1.0,3
Lollipop,1,3,1.0,10
Lollipop,1,3,0.0,1
Lollipop,1,3,3.0,20
Lollipop,1,3,3.0,3
Lollipop,1,3,0.0,6
Lollipop,1,3,2.0,15
Lollipop,1,3,3.0,4
Lollipop,1,3,0.0,2
Lollipop,1,3,0.0,9
Lollipop,1,3,1.0,10
Lollipop,1,3,3.0,10
Lollipop,1,3,4.0,7
Lollipop,1,3,3.0,5
Lollipop,1,3,3.0,10
Lollipop,1,3,1.0,19
Lollipop,1,3,1.0,5
Lollipop,1,3,3.0,18
Lollipop,1,3,2.0,1
Lollipop,1,3,2.0,1
Lollipop,1,3,4.0,6
Lollipop,1,3,0.0,19
Lollipop,1,3,0.0,3
Lollipop,1,3,3.0,6
Lollipop,1,3,3.0,2
Lollipop,1,3,4.0,13
Lollipop,1,3,2.0,1
Lollipop,1,3,0.0,2
Lollipop,1,3,3.0,2
Lollipop,1,3,0.0,14
Lollipop,1,3,0.0,1
Lollipop,1,3,2.0,1
Lollipop,1,3,4.0,6
Lollipop,1,3,3.0,10
Lollipop,1,3,3.0,8
Lollipop,1,3,3.0,6
Lollipop,1,3,2.0,9
Lollipop,1,3,2.0,1
Lollipop,1,3,1.0,3
Lollipop,1,3,2.0,11
Lollipop,1,3,3.0,20
Lollipop,1,3,2.0,10
Lollipop,1,3,2.0,3
Lollipop,1,3,2.0,1
Lollipop,1,3,2.0,9
Lollipop,1,3,0.0,1
Lollipop,1,3,3.0,8
Lollipop,1,3,3.0,18
Lollipop,1,3,0.0,1
Lollipop,1,3,4.0,7
Lollipop,1,3,0.0,1
Lollipop,1,3,1.0,17
Lollipop,1,3,4.0,3
Lollipop,1,3,3.0,9
Lollipop,1,3,0.0,12
Lollipop,1,3,0.0,2
Lollipop,1,3,3.0,4
Lollipop,1,3,1.0,7
Lollipop,1,3,0.0,5
Lollipop,1,3,0.0,1
Lollipop,1,3,0.0,1
Lollipop,1,3,0.0,1
Lollipop,1,3,1.0,5
Lollipop,1,3,1.0,3
Lollipop,1,3,2.0,16
Lollipop,1,3,2.0,1
Lollipop,1,3,3.0,3
Lollipop,1,3,3.0,2
Lollipop,1,3,1.0,13
Lollipop,1,3,2.0,12
Lollipop,1,3,2.0,12
Lollipop,1,3,3.0,16
Lollipop,1,3,0.0,9
Lollipop,1,3,1.0,4
Lollipop,1,3,2.0,1
Lollipop,1,3,3.0,12
Lollipop,1,3,3.0,7
Lollipop,1,3,1.0,9
Lollipop,1,3,2.0,1
Lollipop,1,3,3.0,4
Lollipop,1,3,3.0,5
Lollipop,1,3,3.0,16
Lollipop,1,4,0.0,6
Lollipop,1,4,0.0,5
Lollipop,1,4,4.0,12
Lollipop,1,4,2.0,8
Lollipop,1,4,3.0,5
Lollipop,1,4,1.0,2
Lollipop,1,4,3.0,20
Lollipop,1,4,3.0,1
Lollipop,1,4,1.0,4
Lollipop,1,4,2.0,4
Lollipop,1,4,2.0,4
Lollipop,1,4,3.0,3
Lollipop,1,4,3.0,13
Lollipop,1,4,3.0,24
Lollipop,1,4,3.0,15
Lollipop,1,4,3.0,1
Lollipop,1,4,2.0,6
Lollipop,1,4,0.0,6
Lollipop,1,4,3.0,7
Lollipop,1,4,3.0,4
Lollipop,1,4,3.0,6
Lollipop,1,4,1.0,8
Lollipop,1,4,3.0,1
Lollipop,1,4,2.0,2
Lollipop,1,4,4.0,8
Lollipop,1,4,1.0,2
Lollipop,1,4,3.0,9
Lollipop,1,4,1.0,5
Lollipop,1,4,0.0,6
Lollipop,1,4,2.0,18
Lollipop,1,4,1.0,25
Lollipop,1,4,1.0,20
Lollipop,1,4,0.0,5
Lollipop,1,4,2.0,6
Lollipop,1,4,4.0,10
Lollipop,1,4,1.0,5
Lollipop,1,4,4.0,24
Lollipop,1,4,3.0,3
Lollipop,1,4,1.0,23
Lollipop,1,4,3.0,10
Lollipop,1,4,1.0,4
Lollipop,1,4,3.0,5
Lollipop,1,4,3.0,5
Lollipop,1,4,1.0,12
Lollipop,1,4,3.0,16
Lollipop,1,4,3.0,3
Lollipop,1,4,0.0,2
Lollipop,1,4,3.0,7
Lollipop,1,4,0.0,4
Lollipop,1,4,4.0,20
Lollipop,1,4,3.0,19
Lollipop,1,4,3.0,1
Lollipop,1,4,4.0,4
Lollipop,1,4,3.0,3
Lollipop,1,4,4.0,11
Lollipop,1,4,3.0,3
Lollipop,1,4,3.0,3
Lollipop,1,4,3.0,1
Lollipop,1,4,3.0,5
Lollipop,1,4,3.0,1
Lollipop,1,4,2.0,6
Lollipop,1,4,1.0,10
Lollipop,1,4,3.0,3
Lollipop,1,4,0.0,2
Lollipop,1,4,3.0,7
Lollipop,1,4,0.0,9
Lollipop,1,4,1.0,5
Lollipop,1,4,2.0,3
Lollipop,1,4,3.0,5
Lollipop,1,4,1.0,17
Lollipop,1,4,3.0,1
Lollipop,1,4,3.0,3
Lollipop,1,4,,30
Lollipop,1,4,3.0,3
Lollipop,1,4,0.0,20
Lollipop,1,4,3.0,7
Lollipop,1,4,4.0,6
Lollipop,1,4,3.0,1
Lollipop,1,4,4.0,2
Lollipop,1,4,2.0,3
Lollipop,1,4,3.0,5
Lollipop,1,4,0.0,4
Lollipop,1,4,0.0,18
Lollipop,1,4,0.0,2
Lollipop,1,4,3.0,5
Lollipop,1,4,3.0,24
Lollipop,1,4,0.0,7
Lollipop,1,4,1.0,5
Lollipop,1,4,2.0,3
Lollipop,1,4,3.0,10
Lollipop,1,4,1.0,20
Lollipop,1,4,3.0,1
Lollipop,1,4,3.0,1
Lollipop,1,4,2.0,5
Lollipop,1,4,3.0,3
Lollipop,1,4,1.0,2
Lollipop,1,4,3.0,3
Lollipop,1,4,3.0,1
Lollipop,1,4,1.0,2
Lollipop,1,4,0.0,17
Lollipop,1,5,0.0,14
Lollipop,1,5,1.0,4
Lollipop,1,5,3.0,4
Lollipop,1,5,3.0,2
Lollipop,1,5,1.0,5
Lollipop,1,5,3.0,19
Lollipop,1,5,3.0,22
Lollipop,1,5,4.0,5
Lollipop,1,5,4.0,5
Lollipop,1,5,3.0,2
Lollipop,1,5,3.0,2
Lollipop,1,5,1.0,20
Lollipop,1,5,3.0,4
Lollipop,1,5,3.0,13
Lollipop,1,5,0.0,3
Lollipop,1,5,4.0,7
Lollipop,1,5,3.0,8
Lollipop,1,5,3.0,4
Lollipop,1,5,2.0,9
Lollipop,1,5,1.0,10
Lollipop,1,5,3.0,9
Lollipop,1,5,0.0,10
Lollipop,1,5,4.0,3
Lollipop,1,5,2.0,11
Lollipop,1,5,3.0,21
Lollipop,1,5,3.0,9
Lollipop,1,5,3.0,2
Lollipop,1,5,3.0,8
Lollipop,1,5,0.0,3
Lollipop,1,5,1.0,23
Lollipop,1,5,3.0,12
Lollipop,1,5,2.0,5
Lollipop,1,5,3.0,2
Lollipop,1,5,2.0,4
Lollipop,1,5,3.0,2
Lollipop,1,5,2.0,10
Lollipop,1,5,3.0,4
Lollipop,1,5,3.0,13
Lollipop,1,5,3.0,8
Lollipop,1,5,3.0,2
Lollipop,1,5,3.0,2
Lollipop,1,5,2.0,10
Lollipop,1,5,2.0,4
Lollipop,1,5,3.0,4
Lollipop,1,5,3.0,5
Lollipop,1,5,3.0,5
Lollipop,1,5,4.0,3
Lollipop,1,5,4.0,3
Lollipop,1,5,1.0,6
Lollipop,1,5,1.0,11
Lollipop,1,5,2.0,4
Lollipop,1,5,3.0,2
Lollipop,1,5,2.0,7
Lollipop,1,5,3.0,2
Lollipop,1,5,3.0,6
Lollipop,1,5,3.0,10
Lollipop,1,5,1.0,3
Lollipop,1,5,2.0,17
Lollipop,1,5,2.0,9
Lollipop,1,5,1.0,12
Lollipop,1,5,0.0,9
Lollipop,1,5,1.0,3
Lollipop,1,5,1.0,9
Lollipop,1,5,2.0,6
Lollipop,1,5,3.0,8
Lollipop,1,5,0.0,12
Lollipop,1,5,3.0,2
Lollipop,1,5,2.0,13
Lollipop,1,5,3.0,5
Lollipop,1,5,3.0,12
Lollipop,1,5,,30
Lollipop,1,5,3.0,2
Lollipop,1,5,0.0,5
Lollipop,1,5,3.0,17
Lollipop,1,5,1.0,3
Lollipop,1,5,4.0,16
Lollipop,1,5,2.0,24
Lollipop,1,5,0.0,4
Lollipop,1,5,3.0,7
Lollipop,1,5,1.0,13
Lollipop,1,5,3.0,12
Lollipop,1,5,0.0,3
Lollipop,1,5,2.0,6
Lollipop,1,5,0.0,10
Lollipop,1,5,2.0,3
Lollipop,1,5,0.0,5
Lollipop,1,5,2.0,20
Lollipop,1,5,3.0,2
Lollipop,1,5,3.0,15
Lollipop,1,5,3.0,4
Lollipop,1,5,2.0,4
Lollipop,1,5,3.0,7
Lollipop,1,5,3.0,5
Lollipop,1,5,3.0,11
Lollipop,1,5,3.0,4
Lollipop,1,5,0.0,9
Lollipop,1,5,3.0,2
Lollipop,1,5,3.0,7
Lollipop,1,5,4.0,8
Lollipop,1,5,3.0,4
Lollipop,2,0,3.0,1
Lollipop,2,0,1.0,5
Lollipop,2,0,3.0,12
Lollipop,2,0,1.0,1
Lollipop,2,0,4.0,7
Lollipop,2,0,3.0,5
Lollipop,2,0,2.0,11
Lollipop,2,0,0.0,3
Lollipop,2,0,3.0,1
Lollipop,2,0,3.0,14
Lollipop,2,0,3.0,3
Lollipop,2,0,3.0,1
Lollipop,2,0,3.0,6
Lollipop,2,0,0.0,4
Lollipop,2,0,3.0,29
Lollipop,2,0,3.0,1
Lollipop,2,0,0.0,4
Lollipop,2,0,1.0,1
Lollipop,2,0,1.0,2
Lollipop,2,0,1.0,1
Lollipop,2,0,3.0,1
Lollipop,2,0,1.0,1
Lollipop,2,0,0.0,2
Lollipop,2,0,1.0,10
Lollipop,2,0,0.0,8
Lollipop,2,0,0.0,3
Lollipop,2,0,,30
Lollipop,2,0,0.0,4
Lollipop,2,0,2.0,3
Lollipop,2,0,0.0,5
Lollipop,2,0,3.0,19
Lollipop,2,0,4.0,10
Lollipop,2,0,3.0,7
Lollipop,2,0,3.0,5
Lollipop,2,0,3.0,4
Lollipop,2,0,3.0,6
Lollipop,2,0,1.0,2
Lollipop,2,0,1.0,1
Lollipop,2,0,0.0,3
Lollipop,2,0,1.0,8
Lollipop,2,0,0.0,12
Lollipop,2,0,1.0,3
Lollipop,2,0,0.0,8
Lollipop,2,0,3.0,1
Lollipop,2,0,3.0,27
Lollipop,2,0,1.0,1
Lollipop,2,0,1.0,17
Lollipop,2,0,2.0,4
Lollipop,2,0,1.0,1
Lollipop,2,0,3.0,6
Lollipop,2,0,3.0,6
Lollipop,2,0,3.0,9
Lollipop,2,0,2.0,17
Lollipop,2,0,4.0,4
Lollipop,2,0,0.0,9
Lollipop,2,0,0.0,12
Lollipop,2,0,2.0,2
Lollipop,2,0,3.0,6
Lollipop,2,0,2.0,2
Lollipop,2,0,3.0,1
Lollipop,2,0,3.0,8
Lollipop,2,0,2.0,11
Lollipop,2,0,2.0,2
Lollipop,2,0,3.0,5
Lollipop,2,0,1.0,1
Lollipop,2,0,4.0,17
Lollipop,2,0,3.0,2
Lollipop,2,0,3.0,1
Lollipop,2,0,3.0,23
Lollipop,2,0,3.0,1
Lollipop,2,0,3.0,2
Lollipop,2,0,4.0,4
Lollipop,2,0,1.0,2
Lollipop,2,0,1.0,6
Lollipop,2,0,2.0,9
Lollipop,2,0,3.0,5
Lollipop,2,0,1.0,3
Lollipop,2,0,3.0,1
Lollipop,2,0,3.0,16
Lollipop,2,0,3.0,5
Lollipop,2,0,3.0,1
Lollipop,2,0,2.0,2
Lollipop,2,0,1.0,4
Lollipop,2,0,1.0,17
Lollipop,2,0,2.0,2
Lollipop,2,0,0.0,6
Lollipop,2,0,3.0,5
Lollipop,2,0,1.0,2
Lollipop,2,0,0.0,8
Lollipop,2,0,3.0,6
Lollipop,2,0,1.0,16
Lollipop,2,0,3.0,1
Lollipop,2,0,3.0,1
Lollipop,2,0,1.0,14
Lollipop,2,0,0.0,10
Lollipop,2,0,3.0,11
Lollipop,2,0,3.0,1
Lollipop,2,0,3.0,3
Lollipop,2,0,0.0,4
Lollipop,2,0,3.0,1
Lollipop,2,1,3.0,3
Lollipop,2,1,3.0,1
Lollipop,2,1,0.0,4
Lollipop,2,1,3.0,1
Lollipop,2,1,4.0,11
Lollipop,2,1,3.0,1
Lollipop,2,1,3.0,13
Lollipop,2,1,3.0,1
Lollipop,2,1,1.0,2
Lollipop,2,1,2.0,21
Lollipop,2,1,0.0,1
Lollipop,2,1,1.0,18
Lollipop,2,1,2.0,9
Lollipop,2,1,3.0,3
Lollipop,2,1,3.0,11
Lollipop,2,1,3.0,13
Lollipop,2,1,0.0,3
Lollipop,2,1,3.0,1
Lollipop,2,1,3.0,1
Lollipop,2,1,2.0,3
Lollipop,2,1,3.0,5
Lollipop,2,1,2.0,5
Lollipop,2,1,1.0,9
Lollipop,2,1,0.0,1
Lollipop,2,1,0.0,3
Lollipop,2,1,3.0,1
Lollipop,2,1,1.0,5
Lollipop,2,1,,30
Lollipop,2,1,0.0,1
Lollipop,2,1,1.0,12
Lollipop,2,1,0.0,1
Lollipop,2,1,3.0,5
Lollipop,2,1,3.0,4
Lollipop,2,1,1.0,2
Lollipop,2,1,4.0,6
Lollipop,2,1,3.0,1
Lollipop,2,1,1.0,6
Lollipop,2,1,1.0,6
Lollipop,2,1,3.0,2
Lollipop,2,1,0.0,6
Lollipop,2,1,2.0,2
Lollipop,2,1,1.0,2
Lollipop,2,1,3.0,8
Lollipop,2,1,3.0,2
Lollipop,2,1,0.0,1
Lollipop,2,1,3.0,3
Lollipop,2,1,0.0,3
Lollipop,2,1,3.0,16
Lollipop,2,1,3.0,5
Lollipop,2,1,0.0,1
Lollipop,2,1,3.0,7
Lollipop,2,1,1.0,2
Lollipop,2,1,3.0,8
Lollipop,2,1,0.0,10
Lollipop,2,1,0.0,2
Lollipop,2,1,3.0,1
Lollipop,2,1,3.0,1
Lollipop,2,1,3.0,9
Lollipop,2,1,3.0,1
Lollipop,2,1,0.0,3
Lollipop,2,1,0.0,5
Lollipop,2,1,1.0,17
Lollipop,2,1,3.0,2
Lollipop,2,1,2.0,3
Lollipop,2,1,3.0,2
Lollipop,2,1,0.0,14
Lollipop,2,1,3.0,4
Lollipop,2,1,2.0,19
Lollipop,2,1,3.0,3
Lollipop,2,1,0.0,1
Lollipop,2,1,1.0,5
Lollipop,2,1,0.0,8
Lollipop,2,1,3.0,2
Lollipop,2,1,3.0,9
Lollipop,2,1,0.0,12
Lollipop,2,1,0.0,7
Lollipop,2,1,2.0,8
Lollipop,2,1,1.0,16
Lollipop,2,1,1.0,10
Lollipop,2,1,0.0,1
Lollipop,2,1,0.0,7
Lollipop,2,1,1.0,6
Lollipop,2,1,0.0,2
Lollipop,2,1,3.0,1
Lollipop,2,1,3.0,1
Lollipop,2,1,1.0,9
Lollipop,2,1,0.0,1
Lollipop,2,1,3.0,3
Lollipop,2,1,3.0,1
Lollipop,2,1,0.0,17
Lollipop,2,1,1.0,11
Lollipop,2,1,3.0,1
Lollipop,2,1,0.0,1
Lollipop,2,1,3.0,4
Lollipop,2,1,1.0,3
Lollipop,2,1,2.0,4
Lollipop,2,1,3.0,2
Lollipop,2,1,0.0,14
Lollipop,2,1,3.0,1
Lollipop,2,1,3.0,4
Lollipop,2,2,1.0,1
Lollipop,2,2,3.0,4
Lollipop,2,2,0.0,12
Lollipop,2,2,2.0,11
Lollipop,2,2,,30
Lollipop,2,2,3.0,1
Lollipop,2,2,3.0,1
Lollipop,2,2,0.0,5
Lollipop,2,2,3.0,4
Lollipop,2,2,1.0,1
Lollipop,2,2,2.0,2
Lollipop,2,2,0.0,1
Lollipop,2,2,3.0,4
Lollipop,2,2,1.0,4
Lollipop,2,2,3.0,7
Lollipop,2,2,1.0,2
Lollipop,2,2,3.0,1
Lollipop,2,2,1.0,11
Lollipop,2,2,0.0,8
Lollipop,2,2,3.0,4
Lollipop,2,2,0.0,6
Lollipop,2,2,0.0,1
Lollipop,2,2,0.0,3
Lollipop,2,2,1.0,1
Lollipop,2,2,1.0,1
Lollipop,2,2,3.0,5
Lollipop,2,2,1.0,1
Lollipop,2,2,0.0,2
Lollipop,2,2,0.0,1
Lollipop,2,2,0.0,6
Lollipop,2,2,0.0,4
Lollipop,2,2,2.0,17
Lollipop,2,2,1.0,6
Lollipop,2,2,3.0,1
Lollipop,2,2,2.0,3
Lollipop,2,2,2.0,2
Lollipop,2,2,1.0,13
Lollipop,2,2,0.0,4
Lollipop,2,2,2.0,7
Lollipop,2,2,3.0,1
Lollipop,2,2,0.0,1
Lollipop,2,2,1.0,8
Lollipop,2,2,3.0,11
Lollipop,2,2,3.0,7
Lollipop,2,2,3.0,1
Lollipop,2,2,0.0,7
Lollipop,2,2,0.0,1
Lollipop,2,2,0.0,1
Lollipop,2,2,1.0,1
Lollipop,2,2,1.0,3
Lollipop,2,2,3.0,1
Lollipop,2,2,0.0,3
Lollipop,2,2,3.0,1
Lollipop,2,2,3.0,5
Lollipop,2,2,1.0,3
Lollipop,2,2,4.0,17
Lollipop,2,2,1.0,17
Lollipop,2,2,3.0,3
Lollipop,2,2,0.0,1
Lollipop,2,2,2.0,4
Lollipop,2,2,3.0,1
Lollipop,2,2,0.0,1
Lollipop,2,2,1.0,7
Lollipop,2,2,2.0,2
Lollipop,2,2,0.0,20
Lollipop,2,2,1.0,1
Lollipop,2,2,2.0,3
Lollipop,2,2,3.0,3
Lollipop,2,2,3.0,8
Lollipop,2,2,1.0,4
Lollipop,2,2,3.0,3
Lollipop,2,2,0.0,1
Lollipop,2,2,2.0,2
Lollipop,2,2,3.0,7
Lollipop,2,2,3.0,8
Lollipop,2,2,1.0,6
Lollipop,2,2,0.0,4
Lollipop,2,2,3.0,4
Lollipop,2,2,3.0,4
Lollipop,2,2,1.0,1
Lollipop,2,2,3.0,4
Lollipop,2,2,0.0,1
Lollipop,2,2,0.0,12
Lollipop,2,2,3.0,1
Lollipop,2,2,4.0,17
Lollipop,2,2,3.0,1
Lollipop,2,2,1.0,1
Lollipop,2,2,4.0,11
Lollipop,2,2,1.0,1
Lollipop,2,2,4.0,13
Lollipop,2,2,3.0,1
Lollipop,2,2,2.0,5
Lollipop,2,2,0.0,1
Lollipop,2,2,0.0,2
Lollipop,2,2,1.0,1
Lollipop,2,2,0.0,1
Lollipop,2,2,1.0,10
Lollipop,2,2,0.0,1
Lollipop,2,2,2.0,3
Lollipop,2,2,0.0,4
Lollipop,2,3,,30
Lollipop,2,3,0.0,1
Lollipop,2,3,0.0,1
Lollipop,2,3,1.0,5
Lollipop,2,3,3.0,2
Lollipop,2,3,2.0,19
Lollipop,2,3,0.0,1
Lollipop,2,3,3.0,13
Lollipop,2,3,1.0,1
Lollipop,2,3,3.0,5
Lollipop,2,3,3.0,2
Lollipop,2,3,1.0,1
Lollipop,2,3,0.0,7
Lollipop,2,3,3.0,8
Lollipop,2,3,2.0,2
Lollipop,2,3,1.0,11
Lollipop,2,3,1.0,1
Lollipop,2,3,2.0,7
Lollipop,2,3,3.0,2
Lollipop,2,3,3.0,11
Lollipop,2,3,1.0,1
Lollipop,2,3,0.0,14
Lollipop,2,3,2.0,3
Lollipop,2,3,,30
Lollipop,2,3,4.0,5
Lollipop,2,3,2.0,4
Lollipop,2,3,3.0,14
Lollipop,2,3,2.0,3
Lollipop,2,3,0.0,2
Lollipop,2,3,1.0,2
Lollipop,2,3,2.0,3
Lollipop,2,3,3.0,12
Lollipop,2,3,0.0,5
Lollipop,2,3,1.0,2
Lollipop,2,3,0.0,8
Lollipop,2,3,0.0,2
Lollipop,2,3,0.0,4
Lollipop,2,3,3.0,2
Lollipop,2,3,3.0,13
Lollipop,2,3,1.0,1
Lollipop,2,3,1.0,1
Lollipop,2,3,0.0,13
Lollipop,2,3,3.0,9
Lollipop,2,3,0.0,5
Lollipop,2,3,3.0,4
Lollipop,2,3,0.0,3
Lollipop,2,3,1.0,14
Lollipop,2,3,0.0,1
Lollipop,2,3,0.0,6
Lollipop,2,3,1.0,10
Lollipop,2,3,1.0,2
Lollipop,2,3,2.0,2
Lollipop,2,3,1.0,1
Lollipop,2,3,0.0,6
Lollipop,2,3,2.0,3
Lollipop,2,3,2.0,7
Lollipop,2,3,2.0,7
Lollipop,2,3,2.0,2
Lollipop,2,3,1.0,1
Lollipop,2,3,0.0,3
Lollipop,2,3,3.0,19
Lollipop,2,3,2.0,11
Lollipop,2,3,1.0,7
Lollipop,2,3,4.0,11
Lollipop,2,3,3.0,2
Lollipop,2,3,1.0,2
Lollipop,2,3,0.0,3
Lollipop,2,3,0.0,1
Lollipop,2,3,1.0,2
Lollipop,2,3,2.0,11
Lollipop,2,3,3.0,20
Lollipop,2,3,3.0,2
Lollipop,2,3,1.0,4
Lollipop,2,3,2.0,4
Lollipop,2,3,0.0,3
Lollipop,2,3,1.0,8
Lollipop,2,3,3.0,4
Lollipop,2,3,4.0,8
Lollipop,2,3,1.0,2
Lollipop,2,3,0.0,1
Lollipop,2,3,2.0,9
Lollipop,2,3,0.0,1
Lollipop,2,3,2.0,4
Lollipop,2,3,2.0,2
Lollipop,2,3,1.0,1
Lollipop,2,3,1.0,12
Lollipop,2,3,2.0,10
Lollipop,2,3,0.0,5
Lollipop,2,3,3.0,15
Lollipop,2,3,0.0,21
Lollipop,2,3,3.0,9
Lollipop,2,3,0.0,3
Lollipop,2,3,3.0,3
Lollipop,2,3,2.0,5
Lollipop,2,3,3.0,5
Lollipop,2,3,2.0,17
Lollipop,2,3,2.0,2
Lollipop,2,3,1.0,1
Lollipop,2,3,3.0,15
Lollipop,2,3,1.0,1
Lollipop,2,4,3.0,1
Lollipop,2,4,3.0,3
Lollipop,2,4,3.0,3
Lollipop,2,4,3.0,1
Lollipop,2,4,0.0,7
Lollipop,2,4,2.0,3
Lollipop,2,4,3.0,7
Lollipop,2,4,3.0,5
Lollipop,2,4,0.0,18
Lollipop,2,4,4.0,2
Lollipop,2,4,4.0,8
Lollipop,2,4,0.0,15
Lollipop,2,4,3.0,3
Lollipop,2,4,0.0,9
Lollipop,2,4,0.0,6
Lollipop,2,4,3.0,5
Lollipop,2,4,0.0,4
Lollipop,2,4,0.0,5
Lollipop,2,4,0.0,4
Lollipop,2,4,3.0,9
Lollipop,2,4,0.0,2
Lollipop,2,4,1.0,6
Lollipop,2,4,3.0,6
Lollipop,2,4,0.0,14
Lollipop,2,4,4.0,2
Lollipop,2,4,2.0,6
Lollipop,2,4,4.0,4
Lollipop,2,4,3.0,11
Lollipop,2,4,3.0,18
Lollipop,2,4,2.0,7
Lollipop,2,4,0.0,7
Lollipop,2,4,3.0,3
Lollipop,2,4,3.0,1
Lollipop,2,4,1.0,8
Lollipop,2,4,3.0,3
Lollipop,2,4,3.0,1
Lollipop,2,4,0.0,9
Lollipop,2,4,3.0,5
Lollipop,2,4,2.0,24
Lollipop,2,4,4.0,12
Lollipop,2,4,3.0,6
Lollipop,2,4,3.0,14
Lollipop,2,4,3.0,5
Lollipop,2,4,0.0,19
Lollipop,2,4,1.0,5
Lollipop,2,4,1.0,4
Lollipop,2,4,3.0,3
Lollipop,2,4,3.0,7
Lollipop,2,4,3.0,1
Lollipop,2,4,3.0,3
Lollipop,2,4,0.0,7
Lollipop,2,4,3.0,5
Lollipop,2,4,3.0,5
Lollipop,2,4,2.0,6
Lollipop,2,4,0.0,8
Lollipop,2,4,0.0,2
Lollipop,2,4,3.0,1
Lollipop,2,4,4.0,4
Lollipop,2,4,3.0,4
Lollipop,2,4,3.0,7
Lollipop,2,4,3.0,7
Lollipop,2,4,4.0,6
Lollipop,2,4,4.0,2
Lollipop,2,4,3.0,1
Lollipop,2,4,3.0,1
Lollipop,2,4,3.0,3
Lollipop,2,4,3.0,1
Lollipop,2,4,1.0,6
Lollipop,2,4,3.0,5
Lollipop,2,4,3.0,1
Lollipop,2,4,2.0,9
Lollipop,2,4,2.0,20
Lollipop,2,4,3.0,5
Lollipop,2,4,3.0,1
Lollipop,2,4,2.0,3
Lollipop,2,4,3.0,5
Lollipop,2,4,1.0,2
Lollipop,2,4,2.0,11
Lollipop,2,4,2.0,11
Lollipop,2,4,3.0,3
Lollipop,2,4,3.0,1
Lollipop,2,4,2.0,12
Lollipop,2,4,1.0,6
Lollipop,2,4,1.0,4
Lollipop,2,4,1.0,2
Lollipop,2,4,0.0,4
Lollipop,2,4,3.0,23
Lollipop,2,4,0.0,8
Lollipop,2,4,3.0,1
Lollipop,2,4,0.0,10
Lollipop,2,4,3.0,1
Lollipop,2,4,3.0,1
Lollipop,2,4,3.0,5
Lollipop,2,4,3.0,3
Lollipop,2,4,2.0,13
Lollipop,2,4,1.0,7
Lollipop,2,4,0.0,7
Lollipop,2,4,3.0,8
Lollipop,2,4,0.0,14
Lollipop,2,4,3.0,6
Lollipop,2,5,0.0,25
Lollipop,2,5,3.0,2
Lollipop,2,5,3.0,6
Lollipop,2,5,1.0,26
Lollipop,2,5,2.0,7
Lollipop,2,5,0.0,9
Lollipop,2,5,2.0,12
Lollipop,2,5,1.0,13
Lollipop,2,5,3.0,4
Lollipop,2,5,4.0,10
Lollipop,2,5,0.0,12
Lollipop,2,5,0.0,9
Lollipop,2,5,3.0,22
Lollipop,2,5,3.0,4
Lollipop,2,5,1.0,11
Lollipop,2,5,0.0,10
Lollipop,2,5,4.0,3
Lollipop,2,5,,30
Lollipop,2,5,3.0,9
Lollipop,2,5,4.0,3
Lollipop,2,5,3.0,6
Lollipop,2,5,0.0,3
Lollipop,2,5,4.0,3
Lollipop,2,5,2.0,4
Lollipop,2,5,1.0,11
Lollipop,2,5,3.0,4
Lollipop,2,5,3.0,2
Lollipop,2,5,0.0,20
Lollipop,2,5,3.0,4
Lollipop,2,5,0.0,9
Lollipop,2,5,0.0,29
Lollipop,2,5,2.0,7
Lollipop,2,5,3.0,25
Lollipop,2,5,1.0,3
Lollipop,2,5,3.0,2
Lollipop,2,5,2.0,10
Lollipop,2,5,2.0,5
Lollipop,2,5,3.0,7
Lollipop,2,5,1.0,3
Lollipop,2,5,0.0,4
Lollipop,2,5,0.0,17
Lollipop,2,5,3.0,6
Lollipop,2,5,3.0,8
Lollipop,2,5,1.0,18
Lollipop,2,5,1.0,4
Lollipop,2,5,2.0,7
Lollipop,2,5,3.0,8
Lollipop,2,5,2.0,15
Lollipop,2,5,3.0,17
Lollipop,2,5,1.0,8
Lollipop,2,5,3.0,2
Lollipop,2,5,3.0,6
Lollipop,2,5,3.0,2
Lollipop,2,5,3.0,8
Lollipop,2,5,4.0,5
Lollipop,2,5,1.0,15
Lollipop,2,5,1.0,7
Lollipop,2,5,3.0,15
Lollipop,2,5,3.0,6
Lollipop,2,5,2.0,10
Lollipop,2,5,,30
Lollipop,2,5,4.0,10
Lollipop,2,5,3.0,6
Lollipop,2,5,3.0,2
Lollipop,2,5,3.0,2
Lollipop,2,5,2.0,4
Lollipop,2,5,1.0,12
Lollipop,2,5,3.0,6
Lollipop,2,5,2.0,14
Lollipop,2,5,2.0,11
Lollipop,2,5,2.0,4
Lollipop,2,5,3.0,27
Lollipop,2,5,3.0,2
Lollipop,2,5,3.0,2
Lollipop,2,5,0.0,3
Lollipop,2,5,0.0,10
Lollipop,2,5,3.0,24
Lollipop,2,5,3.0,10
Lollipop,2,5,3.0,4
Lollipop,2,5,1.0,4
Lollipop,2,5,3.0,12
Lollipop,2,5,1.0,10
Lollipop,2,5,3.0,2
Lollipop,2,5,2.0,9
Lollipop,2,5,3.0,6
Lollipop,2,5,1.0,19
Lollipop,2,5,1.0,4
Lollipop,2,5,2.0,29
Lollipop,2,5,1.0,8
Lollipop,2,5,0.0,8
Lollipop,2,5,0.0,5
Lollipop,2,5,0.0,5
Lollipop,2,5,0.0,16
Lollipop,2,5,3.0,2
Lollipop,2,5,0.0,3
Lollipop,2,5,2.0,15
Lollipop,2,5,3.0,11
Lollipop,2,5,3.0,2
Lollipop,2,5,3.0,4
Lollipop,2,5,2.0,7
Lollipop,3,0,0.0,3
Lollipop,3,0,3.0,2
Lollipop,3,0,1.0,11
Lollipop,3,0,0.0,3
Lollipop,3,0,1.0,1
Lollipop,3,0,2.0,1
Lollipop,3,0,3.0,4
Lollipop,3,0,2.0,23
Lollipop,3,0,3.0,5
Lollipop,3,0,2.0,4
Lollipop,3,0,3.0,23
Lollipop,3,0,3.0,2
Lollipop,3,0,2.0,2
Lollipop,3,0,4.0,17
Lollipop,3,0,1.0,1
Lollipop,3,0,3.0,7
Lollipop,3,0,2.0,1
Lollipop,3,0,4.0,28
Lollipop,3,0,1.0,1
Lollipop,3,0,3.0,4
Lollipop,3,0,2.0,10
Lollipop,3,0,1.0,1
Lollipop,3,0,,30
Lollipop,3,0,1.0,4
Lollipop,3,0,3.0,11
Lollipop,3,0,3.0,26
Lollipop,3,0,2.0,11
Lollipop,3,0,2.0,3
Lollipop,3,0,2.0,1
Lollipop,3,0,2.0,3
Lollipop,3,0,1.0,6
Lollipop,3,0,2.0,1
Lollipop,3,0,1.0,2
Lollipop,3,0,0.0,5
Lollipop,3,0,2.0,1
Lollipop,3,0,2.0,13
Lollipop,3,0,3.0,3
Lollipop,3,0,3.0,2
Lollipop,3,0,3.0,15
Lollipop,3,0,1.0,13
Lollipop,3,0,1.0,1
Lollipop,3,0,3.0,4
Lollipop,3,0,3.0,3
Lollipop,3,0,3.0,21
Lollipop,3,0,4.0,10
Lollipop,3,0,2.0,5
Lollipop,3,0,1.0,1
Lollipop,3,0,3.0,3
Lollipop,3,0,2.0,3
Lollipop,3,0,0.0,14
Lollipop,3,0,1.0,1
Lollipop,3,0,3.0,3
Lollipop,3,0,1.0,3
Lollipop,3,0,3.0,4
Lollipop,3,0,1.0,11
Lollipop,3,0,0.0,3
Lollipop,3,0,3.0,7
Lollipop,3,0,2.0,3
Lollipop,3,0,3.0,14
Lollipop,3,0,0.0,9
Lollipop,3,0,4.0,15
Lollipop,3,0,3.0,4
Lollipop,3,0,0.0,3
Lollipop,3,0,0.0,17
Lollipop,3,0,3.0,11
Lollipop,3,0,2.0,4
Lollipop,3,0,1.0,22
Lollipop,3,0,2.0,6
Lollipop,3,0,4.0,24
Lollipop,3,0,1.0,1
Lollipop,3,0,2.0,11
Lollipop,3,0,4.0,29
Lollipop,3,0,0.0,7
Lollipop,3,0,0.0,2
Lollipop,3,0,3.0,12
Lollipop,3,0,3.0,2
Lollipop,3,0,3.0,3
Lollipop,3,0,4.0,10
Lollipop,3,0,1.0,1
Lollipop,3,0,1.0,3
Lollipop,3,0,3.0,9
Lollipop,3,0,1.0,27
Lollipop,3,0,,30
Lollipop,3,0,3.0,2
Lollipop,3,0,3.0,3
Lollipop,3,0,2.0,3
Lollipop,3,0,1.0,1
Lollipop,3,0,1.0,5
Lollipop,3,0,0.0,7
Lollipop,3,0,1.0,6
Lollipop,3,0,3.0,6
Lollipop,3,0,3.0,11
Lollipop,3,0,2.0,5
Lollipop,3,0,1.0,1
Lollipop,3,0,1.0,7
Lollipop,3,0,1.0,2
Lollipop,3,0,3.0,2
Lollipop,3,0,3.0,6
Lollipop,3,0,2.0,13
Lollipop,3,0,0.0,2
Lollipop,3,1,1.0,9
Lollipop,3,1,3.0,2
Lollipop,3,1,2.0,12
Lollipop,3,1,1.0,9
Lollipop,3,1,4.0,13
Lollipop,3,1,2.0,1
Lollipop,3,1,3.0,6
Lollipop,3,1,2.0,2
Lollipop,3,1,3.0,15
Lollipop,3,1,2.0,1
Lollipop,3,1,2.0,1
Lollipop,3,1,2.0,17
Lollipop,3,1,4.0,15
Lollipop,3,1,0.0,10
Lollipop,3,1,0.0,1
Lollipop,3,1,3.0,5
Lollipop,3,1,0.0,12
Lollipop,3,1,4.0,3
Lollipop,3,1,0.0,7
Lollipop,3,1,2.0,1
Lollipop,3,1,0.0,1
Lollipop,3,1,,30
Lollipop,3,1,2.0,1
Lollipop,3,1,3.0,4
Lollipop,3,1,3.0,20
Lollipop,3,1,2.0,24
Lollipop,3,1,1.0,12
Lollipop,3,1,3.0,2
Lollipop,3,1,3.0,3
Lollipop,3,1,0.0,26
Lollipop,3,1,2.0,4
Lollipop,3,1,1.0,9
Lollipop,3,1,0.0,2
Lollipop,3,1,3.0,11
Lollipop,3,1,2.0,3
Lollipop,3,1,0.0,4
Lollipop,3,1,2.0,1
Lollipop,3,1,2.0,1
Lollipop,3,1,1.0,8
Lollipop,3,1,2.0,1
Lollipop,3,1,1.0,8
Lollipop,3,1,1.0,5
Lollipop,3,1,3.0,3
Lollipop,3,1,1.0,8
Lollipop,3,1,3.0,20
Lollipop,3,1,0.0,1
Lollipop,3,1,1.0,5
Lollipop,3,1,0.0,1
Lollipop,3,1,2.0,8
Lollipop,3,1,2.0,13
Lollipop,3,1,2.0,3
Lollipop,3,1,2.0,1
Lollipop,3,1,3.0,4
Lollipop,3,1,2.0,6
Lollipop,3,1,0.0,5
Lollipop,3,1,2.0,22
Lollipop,3,1,3.0,4
Lollipop,3,1,1.0,3
Lollipop,3,1,,30
Lollipop,3,1,1.0,4
Lollipop,3,1,2.0,3
Lollipop,3,1,0.0,5
Lollipop,3,1,2.0,5
Lollipop,3,1,3.0,3
Lollipop,3,1,3.0,8
Lollipop,3,1,0.0,1
Lollipop,3,1,0.0,12
Lollipop,3,1,2.0,1
Lollipop,3,1,2.0,1
Lollipop,3,1,2.0,1
Lollipop,3,1,2.0,1
Lollipop,3,1,0.0,1
Lollipop,3,1,3.0,10
Lollipop,3,1,3.0,8
Lollipop,3,1,0.0,5
Lollipop,3,1,2.0,1
Lollipop,3,1,0.0,6
Lollipop,3,1,0.0,2
Lollipop,3,1,0.0,1
Lollipop,3,1,0.0,3
Lollipop,3,1,0.0,3
Lollipop,3,1,3.0,11
Lollipop,3,1,1.0,6
Lollipop,3,1,3.0,15
Lollipop,3,1,1.0,2
Lollipop,3,1,3.0,2
Lollipop,3,1,3.0,21
Lollipop,3,1,2.0,8
Lollipop,3,1,0.0,7
Lollipop,3,1,3.0,7
Lollipop,3,1,1.0,2
Lollipop,3,1,3.0,7
Lollipop,3,1,1.0,4
Lollipop,3,1,3.0,4
Lollipop,3,1,3.0,8
Lollipop,3,1,1.0,21
Lollipop,3,1,3.0,2
Lollipop,3,1,0.0,5
Lollipop,3,1,2.0,12
Lollipop,3,1,0.0,1
Lollipop,3,2,3.0,2
Lollipop,3,2,1.0,17
Lollipop,3,2,3.0,14
Lollipop,3,2,2.0,4
Lollipop,3,2,3.0,2
Lollipop,3,2,2.0,23
Lollipop,3,2,1.0,2
Lollipop,3,2,1.0,1
Lollipop,3,2,3.0,9
Lollipop,3,2,0.0,7
Lollipop,3,2,0.0,4
Lollipop,3,2,1.0,2
Lollipop,3,2,3.0,3
Lollipop,3,2,1.0,1
Lollipop,3,2,1.0,1
Lollipop,3,2,1.0,5
Lollipop,3,2,3.0,18
Lollipop,3,2,3.0,2
Lollipop,3,2,3.0,6
Lollipop,3,2,0.0,7
Lollipop,3,2,1.0,1
Lollipop,3,2,3.0,11
Lollipop,3,2,1.0,8
Lollipop,3,2,0.0,5
Lollipop,3,2,0.0,1
Lollipop,3,2,4.0,5
Lollipop,3,2,2.0,2
Lollipop,3,2,3.0,2
Lollipop,3,2,0.0,1
Lollipop,3,2,1.0,3
Lollipop,3,2,1.0,1
Lollipop,3,2,1.0,3
Lollipop,3,2,1.0,3
Lollipop,3,2,3.0,4
Lollipop,3,2,0.0,3
Lollipop,3,2,1.0,15
Lollipop,3,2,1.0,1
Lollipop,3,2,3.0,6
Lollipop,3,2,2.0,10
Lollipop,3,2,0.0,8
Lollipop,3,2,3.0,2
Lollipop,3,2,0.0,6
Lollipop,3,2,1.0,1
Lollipop,3,2,0.0,3
Lollipop,3,2,2.0,3
Lollipop,3,2,3.0,2
Lollipop,3,2,3.0,5
Lollipop,3,2,3.0,9
Lollipop,3,2,3.0,22
Lollipop,3,2,0.0,1
Lollipop,3,2,3.0,5
Lollipop,3,2,1.0,1
Lollipop,3,2,1.0,5
Lollipop,3,2,0.0,1
Lollipop,3,2,1.0,1
Lollipop,3,2,0.0,2
Lollipop,3,2,1.0,1
Lollipop,3,2,0.0,8
Lollipop,3,2,0.0,1
Lollipop,3,2,1.0,1
Lollipop,3,2,0.0,3
Lollipop,3,2,1.0,2
Lollipop,3,2,3.0,2
Lollipop,3,2,0.0,8
Lollipop,3,2,3.0,6
Lollipop,3,2,1.0,1
Lollipop,3,2,3.0,3
Lollipop,3,2,3.0,2
Lollipop,3,2,0.0,2
Lollipop,3,2,0.0,1
Lollipop,3,2,0.0,1
Lollipop,3,2,0.0,3
Lollipop,3,2,0.0,9
Lollipop,3,2,3.0,4
Lollipop,3,2,4.0,11
Lollipop,3,2,1.0,5
Lollipop,3,2,1.0,1
Lollipop,3,2,3.0,3
Lollipop,3,2,1.0,7
Lollipop,3,2,3.0,4
Lollipop,3,2,2.0,2
Lollipop,3,2,2.0,17
Lollipop,3,2,1.0,2
Lollipop,3,2,0.0,4
Lollipop,3,2,0.0,5
Lollipop,3,2,3.0,4
Lollipop,3,2,0.0,3
Lollipop,3,2,0.0,3
Lollipop,3,2,1.0,4
Lollipop,3,2,3.0,8
Lollipop,3,2,0.0,2
Lollipop,3,2,1.0,16
Lollipop,3,2,0.0,1
Lollipop,3,2,1.0,1
Lollipop,3,2,2.0,23
Lollipop,3,2,0.0,8
Lollipop,3,2,2.0,2
Lollipop,3,2,3.0,10
Lollipop,3,2,0.0,2
Lollipop,3,2,2.0,5
Lollipop,3,3,3.0,4
Lollipop,3,3,1.0,6
Lollipop,3,3,2.0,1
Lollipop,3,3,0.0,1
Lollipop,3,3,2.0,1
Lollipop,3,3,3.0,4
Lollipop,3,3,1.0,4
Lollipop,3,3,4.0,1
Lollipop,3,3,1.0,1
Lollipop,3,3,3.0,3
Lollipop,3,3,3.0,3
Lollipop,3,3,0.0,1
Lollipop,3,3,4.0,1
Lollipop,3,3,2.0,1
Lollipop,3,3,3.0,2
Lollipop,3,3,0.0,20
Lollipop,3,3,3.0,19
Lollipop,3,3,1.0,8
Lollipop,3,3,0.0,3
Lollipop,3,3,2.0,1
Lollipop,3,3,2.0,10
Lollipop,3,3,0.0,12
Lollipop,3,3,3.0,14
Lollipop,3,3,1.0,4
Lollipop,3,3,0.0,1
Lollipop,3,3,0.0,1
Lollipop,3,3,1.0,2
Lollipop,3,3,3.0,10
Lollipop,3,3,2.0,11
Lollipop,3,3,3.0,2
Lollipop,3,3,3.0,2
Lollipop,3,3,3.0,4
Lollipop,3,3,0.0,3
Lollipop,3,3,4.0,1
Lollipop,3,3,1.0,10
Lollipop,3,3,0.0,1
Lollipop,3,3,3.0,13
Lollipop,3,3,4.0,1
Lollipop,3,3,1.0,6
Lollipop,3,3,0.0,1
Lollipop,3,3,0.0,5
Lollipop,3,3,3.0,2
Lollipop,3,3,0.0,14
Lollipop,3,3,2.0,1
Lollipop,3,3,2.0,11
Lollipop,3,3,4.0,3
Lollipop,3,3,0.0,9
Lollipop,3,3,0.0,7
Lollipop,3,3,3.0,2
Lollipop,3,3,2.0,5
Lollipop,3,3,3.0,5
Lollipop,3,3,0.0,15
Lollipop,3,3,1.0,4
Lollipop,3,3,0.0,6
Lollipop,3,3,0.0,2
Lollipop,3,3,3.0,4
Lollipop,3,3,4.0,1
Lollipop,3,3,3.0,17
Lollipop,3,3,1.0,3
Lollipop,3,3,0.0,14
Lollipop,3,3,2.0,11
Lollipop,3,3,2.0,18
Lollipop,3,3,3.0,10
Lollipop,3,3,4.0,1
Lollipop,3,3,0.0,1
Lollipop,3,3,4.0,5
Lollipop,3,3,0.0,2
Lollipop,3,3,3.0,6
Lollipop,3,3,1.0,5
Lollipop,3,3,0.0,1
Lollipop,3,3,0.0,1
Lollipop,3,3,0.0,5
Lollipop,3,3,1.0,1
Lollipop,3,3,0.0,4
Lollipop,3,3,0.0,2
Lollipop,3,3,3.0,2
Lollipop,3,3,2.0,1
Lollipop,3,3,3.0,6
Lollipop,3,3,3.0,7
Lollipop,3,3,3.0,4
Lollipop,3,3,3.0,17
Lollipop,3,3,3.0,12
Lollipop,3,3,1.0,2
Lollipop,3,3,3.0,2
Lollipop,3,3,3.0,4
Lollipop,3,3,3.0,2
Lollipop,3,3,1.0,19
Lollipop,3,3,4.0,1
Lollipop,3,3,4.0,3
Lollipop,3,3,2.0,8
Lollipop,3,3,0.0,4
Lollipop,3,3,1.0,9
Lollipop,3,3,3.0,3
Lollipop,3,3,0.0,2
Lollipop,3,3,0.0,1
Lollipop,3,3,0.0,6
Lollipop,3,3,3.0,11
Lollipop,3,3,1.0,3
Lollipop,3,3,0.0,4
Lollipop,3,3,3.0,2
Lollipop,3,4,3.0,3
Lollipop,3,4,2.0,9
Lollipop,3,4,0.0,12
Lollipop,3,4,0.0,3
Lollipop,3,4,0.0,2
Lollipop,3,4,3.0,8
Lollipop,3,4,0.0,18
Lollipop,3,4,1.0,3
Lollipop,3,4,3.0,8
Lollipop,3,4,2.0,20
Lollipop,3,4,3.0,12
Lollipop,3,4,4.0,4
Lollipop,3,4,1.0,4
Lollipop,3,4,1.0,8
Lollipop,3,4,0.0,13
Lollipop,3,4,3.0,3
Lollipop,3,4,1.0,5
Lollipop,3,4,0.0,6
Lollipop,3,4,3.0,3
Lollipop,3,4,4.0,16
Lollipop,3,4,3.0,9
Lollipop,3,4,1.0,8
Lollipop,3,4,3.0,7
Lollipop,3,4,2.0,9
Lollipop,3,4,0.0,25
Lollipop,3,4,3.0,5
Lollipop,3,4,3.0,7
Lollipop,3,4,3.0,3
Lollipop,3,4,,30
Lollipop,3,4,0.0,16
Lollipop,3,4,3.0,10
Lollipop,3,4,3.0,3
Lollipop,3,4,3.0,7
Lollipop,3,4,3.0,8
Lollipop,3,4,3.0,7
Lollipop,3,4,0.0,10
Lollipop,3,4,1.0,17
Lollipop,3,4,1.0,5
Lollipop,3,4,0.0,8
Lollipop,3,4,3.0,8
Lollipop,3,4,3.0,7
Lollipop,3,4,3.0,12
Lollipop,3,4,2.0,2
Lollipop,3,4,2.0,8
Lollipop,3,4,3.0,16
Lollipop,3,4,4.0,4
Lollipop,3,4,3.0,9
Lollipop,3,4,0.0,10
Lollipop,3,4,1.0,4
Lollipop,3,4,3.0,3
Lollipop,3,4,0.0,2
Lollipop,3,4,3.0,5
Lollipop,3,4,3.0,3
Lollipop,3,4,2.0,7
Lollipop,3,4,2.0,2
Lollipop,3,4,3.0,12
Lollipop,3,4,,30
Lollipop,3,4,0.0,13
Lollipop,3,4,3.0,5
Lollipop,3,4,1.0,5
Lollipop,3,4,4.0,6
Lollipop,3,4,2.0,10
Lollipop,3,4,1.0,13
Lollipop,3,4,3.0,5
Lollipop,3,4,3.0,16
Lollipop,3,4,0.0,25
Lollipop,3,4,3.0,12
Lollipop,3,4,2.0,14
Lollipop,3,4,2.0,4
Lollipop,3,4,1.0,2
Lollipop,3,4,1.0,10
Lollipop,3,4,3.0,5
Lollipop,3,4,0.0,7
Lollipop,3,4,0.0,6
Lollipop,3,4,,30
Lollipop,3,4,3.0,5
Lollipop,3,4,2.0,23
Lollipop,3,4,1.0,26
Lollipop,3,4,3.0,13
Lollipop,3,4,3.0,16
Lollipop,3,4,2.0,7
Lollipop,3,4,3.0,8
Lollipop,3,4,2.0,4
Lollipop,3,4,0.0,12
Lollipop,3,4,3.0,7
Lollipop,3,4,3.0,13
Lollipop,3,4,3.0,11
Lollipop,3,4,4.0,17
Lollipop,3,4,3.0,23
Lollipop,3,4,1.0,2
Lollipop,3,4,0.0,7
Lollipop,3,4,1.0,8
Lollipop,3,4,2.0,8
Lollipop,3,4,0.0,7
Lollipop,3,4,3.0,11
Lollipop,3,4,1.0,6
Lollipop,3,4,4.0,6
Lollipop,3,4,3.0,17
Lollipop,3,4,2.0,6
Lollipop,3,4,4.0,6
Lollipop,3,5,4.0,3
Lollipop,3,5,4.0,1
Lollipop,3,5,4.0,1
Lollipop,3,5,3.0,4
Lollipop,3,5,4.0,1
Lollipop,3,5,4.0,1
Lollipop,3,5,4.0,1
Lollipop,3,5,2.0,6
Lollipop,3,5,1.0,5
Lollipop,3,5,0.0,8
Lollipop,3,5,3.0,4
Lollipop,3,5,3.0,10
Lollipop,3,5,3.0,2
Lollipop,3,5,4.0,1
Lollipop,3,5,4.0,1
Lollipop,3,5,4.0,1
Lollipop,3,5,0.0,14
Lollipop,3,5,4.0,1
Lollipop,3,5,0.0,17
Lollipop,3,5,3.0,2
Lollipop,3,5,4.0,1
Lollipop,3,5,0.0,7
Lollipop,3,5,4.0,1
Lollipop,3,5,4.0,11
Lollipop,3,5,3.0,7
Lollipop,3,5,4.0,7
Lollipop,3,5,0.0,12
Lollipop,3,5,4.0,1
Lollipop,3,5,3.0,4
Lollipop,3,5,3.0,4
Lollipop,3,5,3.0,6
Lollipop,3,5,,30
Lollipop,3,5,4.0,1
Lollipop,3,5,4.0,1
Lollipop,3,5,0.0,3
Lollipop,3,5,,30
Lollipop,3,5,1.0,5
Lollipop,3,5,4.0,1
Lollipop,3,5,3.0,2
Lollipop,3,5,4.0,1
Lollipop,3,5,2.0,13
Lollipop,3,5,4.0,5
Lollipop,3,5,1.0,12
Lollipop,3,5,3.0,4
Lollipop,3,5,4.0,1
Lollipop,3,5,2.0,5
Lollipop,3,5,4.0,1
Lollipop,3,5,4.0,1
Lollipop,3,5,4.0,3
Lollipop,3,5,0.0,5
Lollipop,3,5,3.0,4
Lollipop,3,5,3.0,2
Lollipop,3,5,3.0,11
Lollipop,3,5,3.0,6
Lollipop,3,5,0.0,10
Lollipop,3,5,3.0,2
Lollipop,3,5,3.0,2
Lollipop,3,5,4.0,1
Lollipop,3,5,4.0,1
Lollipop,3,5,1.0,6
Lollipop,3,5,4.0,1
Lollipop,3,5,3.0,7
Lollipop,3,5,0.0,3
Lollipop,3,5,4.0,1
Lollipop,3,5,4.0,1
Lollipop,3,5,,30
Lollipop,3,5,0.0,3
Lollipop,3,5,0.0,3
Lollipop,3,5,4.0,1
Lollipop,3,5,3.0,2
Lollipop,3,5,0.0,5
Lollipop,3,5,4.0,9
Lollipop,3,5,1.0,17
Lollipop,3,5,1.0,19
Lollipop,3,5,3.0,2
Lollipop,3,5,3.0,2
Lollipop,3,5,4.0,1
Lollipop,3,5,4.0,1
Lollipop,3,5,1.0,9
Lollipop,3,5,1.0,3
Lollipop,3,5,4.0,1
Lollipop,3,5,3.0,2
Lollipop,3,5,4.0,5
Lollipop,3,5,3.0,4
Lollipop,3,5,3.0,14
Lollipop,3,5,1.0,6
Lollipop,3,5,2.0,9
Lollipop,3,5,,30
Lollipop,3,5,2.0,10
Lollipop,3,5,4.0,1
Lollipop,3,5,0.0,9
Lollipop,3,5,4.0,5
Lollipop,3,5,4.0,1
Lollipop,3,5,3.0,2
Lollipop,3,5,2.0,9
Lollipop,3,5,3.0,7
Lollipop,3,5,4.0,1
Lollipop,3,5,2.0,5
Lollipop,3,5,4.0,1
Lollipop,3,5,4.0,1
Lollipop,4,0,3.0,5
Lollipop,4,0,0.0,4
Lollipop,4,0,3.0,1
Lollipop,4,0,3.0,15
Lollipop,4,0,4.0,8
Lollipop,4,0,2.0,17
Lollipop,4,0,3.0,1
Lollipop,4,0,0.0,4
Lollipop,4,0,4.0,6
Lollipop,4,0,3.0,1
Lollipop,4,0,3.0,5
Lollipop,4,0,4.0,8
Lollipop,4,0,3.0,3
Lollipop,4,0,3.0,1
Lollipop,4,0,3.0,3
Lollipop,4,0,0.0,9
Lollipop,4,0,0.0,4
Lollipop,4,0,3.0,14
Lollipop,4,0,1.0,30
Lollipop,4,0,3.0,6
Lollipop,4,0,3.0,1
Lollipop,4,0,3.0,3
Lollipop,4,0,0.0,13
Lollipop,4,0,3.0,9
Lollipop,4,0,2.0,7
Lollipop,4,0,3.0,5
Lollipop,4,0,,30
Lollipop,4,0,0.0,2
Lollipop,4,0,3.0,7
Lollipop,4,0,1.0,5
Lollipop,4,0,0.0,3
Lollipop,4,0,1.0,4
Lollipop,4,0,3.0,6
Lollipop,4,0,1.0,2
Lollipop,4,0,0.0,5
Lollipop,4,0,3.0,1
Lollipop,4,0,3.0,1
Lollipop,4,0,3.0,8
Lollipop,4,0,1.0,5
Lollipop,4,0,3.0,1
Lollipop,4,0,3.0,5
Lollipop,4,0,3.0,13
Lollipop,4,0,,30
Lollipop,4,0,2.0,7
Lollipop,4,0,3.0,3
Lollipop,4,0,3.0,9
Lollipop,4,0,4.0,23
Lollipop,4,0,3.0,7
Lollipop,4,0,4.0,2
Lollipop,4,0,,30
Lollipop,4,0,0.0,2
Lollipop,4,0,3.0,3
Lollipop,4,0,3.0,24
Lollipop,4,0,4.0,2
Lollipop,4,0,3.0,3
Lollipop,4,0,1.0,11
Lollipop,4,0,4.0,6
Lollipop,4,0,2.0,14
Lollipop,4,0,1.0,6
Lollipop,4,0,0.0,18
Lollipop,4,0,4.0,6
Lollipop,4,0,1.0,8
Lollipop,4,0,3.0,1
Lollipop,4,0,,30
Lollipop,4,0,1.0,6
Lollipop,4,0,1.0,4
Lollipop,4,0,3.0,1
Lollipop,4,0,3.0,4
Lollipop,4,0,3.0,3
Lollipop,4,0,2.0,2
Lollipop,4,0,3.0,6
Lollipop,4,0,0.0,12
Lollipop,4,0,3.0,11
Lollipop,4,0,4.0,5
Lollipop,4,0,2.0,9
Lollipop,4,0,1.0,7
Lollipop,4,0,3.0,1
Lollipop,4,0,0.0,13
Lollipop,4,0,3.0,28
Lollipop,4,0,3.0,12
Lollipop,4,0,0.0,5
Lollipop,4,0,1.0,10
Lollipop,4,0,0.0,13
Lollipop,4,0,3.0,3
Lollipop,4,0,3.0,3
Lollipop,4,0,0.0,8
Lollipop,4,0,3.0,1
Lollipop,4,0,3.0,1
Lollipop,4,0,3.0,3
Lollipop,4,0,3.0,4
Lollipop,4,0,4.0,13
Lollipop,4,0,3.0,1
Lollipop,4,0,3.0,9
Lollipop,4,0,0.0,19
Lollipop,4,0,4.0,8
Lollipop,4,0,1.0,12
Lollipop,4,0,3.0,1
Lollipop,4,0,3.0,3
Lollipop,4,0,3.0,9
Lollipop,4,0,1.0,17
Lollipop,4,1,,30
Lollipop,4,1,0.0,4
Lollipop,4,1,3.0,1
Lollipop,4,1,3.0,1
Lollipop,4,1,1.0,7
Lollipop,4,1,3.0,9
Lollipop,4,1,4.0,2
Lollipop,4,1,3.0,1
Lollipop,4,1,2.0,15
Lollipop,4,1,3.0,1
Lollipop,4,1,1.0,4
Lollipop,4,1,3.0,8
Lollipop,4,1,1.0,10
Lollipop,4,1,4.0,10
Lollipop,4,1,3.0,1
Lollipop,4,1,0.0,3
Lollipop,4,1,3.0,4
Lollipop,4,1,3.0,3
Lollipop,4,1,4.0,2
Lollipop,4,1,0.0,4
Lollipop,4,1,3.0,10
Lollipop,4,1,1.0,9
Lollipop,4,1,1.0,9
Lollipop,4,1,3.0,15
Lollipop,4,1,3.0,1
Lollipop,4,1,3.0,1
Lollipop,4,1,3.0,1
Lollipop,4,1,2.0,21
Lollipop,4,1,3.0,5
Lollipop,4,1,0.0,6
Lollipop,4,1,1.0,9
Lollipop,4,1,3.0,8
Lollipop,4,1,2.0,9
Lollipop,4,1,3.0,1
Lollipop,4,1,3.0,5
Lollipop,4,1,0.0,3
Lollipop,4,1,3.0,10
Lollipop,4,1,3.0,6
Lollipop,4,1,3.0,1
Lollipop,4,1,3.0,3
Lollipop,4,1,1.0,3
Lollipop,4,1,4.0,4
Lollipop,4,1,1.0,4
Lollipop,4,1,1.0,2
Lollipop,4,1,0.0,5
Lollipop,4,1,4.0,2
Lollipop,4,1,3.0,3
Lollipop,4,1,3.0,1
Lollipop,4,1,3.0,1
Lollipop,4,1,3.0,1
Lollipop,4,1,2.0,19
Lollipop,4,1,3.0,1
Lollipop,4,1,3.0,5
Lollipop,4,1,1.0,19
Lollipop,4,1,3.0,9
Lollipop,4,1,3.0,1
Lollipop,4,1,1.0,9
Lollipop,4,1,2.0,14
Lollipop,4,1,3.0,1
Lollipop,4,1,3.0,1
Lollipop,4,1,3.0,1
Lollipop,4,1,3.0,22
Lollipop,4,1,0.0,29
Lollipop,4,1,1.0,6
Lollipop,4,1,2.0,5
Lollipop,4,1,3.0,5
Lollipop,4,1,3.0,4
Lollipop,4,1,0.0,26
Lollipop,4,1,1.0,4
Lollipop,4,1,1.0,2
Lollipop,4,1,3.0,14
Lollipop,4,1,4.0,4
Lollipop,4,1,4.0,2
Lollipop,4,1,2.0,5
Lollipop,4,1,3.0,3
Lollipop,4,1,3.0,1
Lollipop,4,1,4.0,4
Lollipop,4,1,3.0,3
Lollipop,4,1,0.0,5
Lollipop,4,1,3.0,3
Lollipop,4,1,3.0,7
Lollipop,4,1,3.0,1
Lollipop,4,1,2.0,7
Lollipop,4,1,3.0,17
Lollipop,4,1,3.0,1
Lollipop,4,1,3.0,1
Lollipop,4,1,1.0,2
Lollipop,4,1,2.0,6
Lollipop,4,1,3.0,23
Lollipop,4,1,2.0,4
Lollipop,4,1,3.0,1
Lollipop,4,1,4.0,2
Lollipop,4,1,3.0,3
Lollipop,4,1,1.0,7
Lollipop,4,1,2.0,2
Lollipop,4,1,0.0,3
Lollipop,4,1,2.0,3
Lollipop,4,1,3.0,3
Lollipop,4,1,3.0,1
Lollipop,4,1,2.0,17
Lollipop,4,2,3.0,8
Lollipop,4,2,3.0,3
Lollipop,4,2,1.0,4
Lollipop,4,2,3.0,1
Lollipop,4,2,3.0,1
Lollipop,4,2,1.0,14
Lollipop,4,2,3.0,11
Lollipop,4,2,4.0,14
Lollipop,4,2,3.0,1
Lollipop,4,2,2.0,2
Lollipop,4,2,0.0,13
Lollipop,4,2,0.0,8
Lollipop,4,2,3.0,10
Lollipop,4,2,2.0,20
Lollipop,4,2,1.0,4
Lollipop,4,2,3.0,1
Lollipop,4,2,2.0,24
Lollipop,4,2,3.0,9
Lollipop,4,2,3.0,1
Lollipop,4,2,3.0,3
Lollipop,4,2,4.0,11
Lollipop,4,2,0.0,9
Lollipop,4,2,3.0,1
Lollipop,4,2,3.0,20
Lollipop,4,2,4.0,2
Lollipop,4,2,3.0,9
Lollipop,4,2,2.0,4
Lollipop,4,2,3.0,1
Lollipop,4,2,4.0,2
Lollipop,4,2,0.0,8
Lollipop,4,2,2.0,20
Lollipop,4,2,1.0,4
Lollipop,4,2,3.0,10
Lollipop,4,2,3.0,1
Lollipop,4,2,0.0,4
Lollipop,4,2,2.0,4
Lollipop,4,2,3.0,5
Lollipop,4,2,1.0,3
Lollipop,4,2,3.0,17
Lollipop,4,2,3.0,11
Lollipop,4,2,3.0,1
Lollipop,4,2,1.0,4
Lollipop,4,2,1.0,2
Lollipop,4,2,3.0,30
Lollipop,4,2,3.0,1
Lollipop,4,2,2.0,3
Lollipop,4,2,3.0,9
Lollipop,4,2,1.0,14
Lollipop,4,2,1.0,4
Lollipop,4,2,2.0,2
Lollipop,4,2,4.0,10
Lollipop,4,2,3.0,5
Lollipop,4,2,3.0,15
Lollipop,4,2,2.0,16
Lollipop,4,2,2.0,4
Lollipop,4,2,3.0,3
Lollipop,4,2,3.0,9
Lollipop,4,2,0.0,14
Lollipop,4,2,3.0,3
Lollipop,4,2,3.0,3
Lollipop,4,2,2.0,5
Lollipop,4,2,3.0,1
Lollipop,4,2,1.0,4
Lollipop,4,2,1.0,3
Lollipop,4,2,3.0,17
Lollipop,4,2,3.0,3
Lollipop,4,2,3.0,3
Lollipop,4,2,4.0,2
Lollipop,4,2,2.0,2
Lollipop,4,2,3.0,4
Lollipop,4,2,1.0,8
Lollipop,4,2,3.0,1
Lollipop,4,2,1.0,13
Lollipop,4,2,3.0,7
Lollipop,4,2,3.0,6
Lollipop,4,2,3.0,1
Lollipop,4,2,1.0,4
Lollipop,4,2,3.0,3
Lollipop,4,2,0.0,6
Lollipop,4,2,,30
Lollipop,4,2,3.0,1
Lollipop,4,2,2.0,6
Lollipop,4,2,1.0,16
Lollipop,4,2,1.0,6
Lollipop,4,2,3.0,3
Lollipop,4,2,1.0,2
Lollipop,4,2,3.0,1
Lollipop,4,2,0.0,4
Lollipop,4,2,3.0,1
Lollipop,4,2,3.0,1
Lollipop,4,2,3.0,5
Lollipop,4,2,3.0,1
Lollipop,4,2,0.0,2
Lollipop,4,2,2.0,2
Lollipop,4,2,3.0,3
Lollipop,4,2,3.0,9
Lollipop,4,2,1.0,3
Lollipop,4,2,3.0,1
Lollipop,4,2,0.0,8
Lollipop,4,2,3.0,3
Lollipop,4,3,0.0,3
Lollipop,4,3,0.0,22
Lollipop,4,3,1.0,14
Lollipop,4,3,2.0,4
Lollipop,4,3,3.0,17
Lollipop,4,3,0.0,5
Lollipop,4,3,3.0,11
Lollipop,4,3,4.0,6
Lollipop,4,3,3.0,3
Lollipop,4,3,3.0,5
Lollipop,4,3,3.0,12
Lollipop,4,3,3.0,12
Lollipop,4,3,3.0,9
Lollipop,4,3,3.0,5
Lollipop,4,3,0.0,8
Lollipop,4,3,2.0,11
Lollipop,4,3,0.0,2
Lollipop,4,3,1.0,2
Lollipop,4,3,3.0,16
Lollipop,4,3,2.0,3
Lollipop,4,3,1.0,5
Lollipop,4,3,3.0,6
Lollipop,4,3,3.0,3
Lollipop,4,3,3.0,9
Lollipop,4,3,1.0,4
Lollipop,4,3,3.0,5
Lollipop,4,3,0.0,6
Lollipop,4,3,4.0,23
Lollipop,4,3,3.0,3
Lollipop,4,3,3.0,9
Lollipop,4,3,1.0,7
Lollipop,4,3,1.0,4
Lollipop,4,3,0.0,4
Lollipop,4,3,3.0,7
Lollipop,4,3,4.0,16
Lollipop,4,3,0.0,14
Lollipop,4,3,3.0,6
Lollipop,4,3,1.0,20
Lollipop,4,3,0.0,2
Lollipop,4,3,0.0,10
Lollipop,4,3,0.0,23
Lollipop,4,3,3.0,6
Lollipop,4,3,1.0,2
Lollipop,4,3,0.0,6
Lollipop,4,3,1.0,23
Lollipop,4,3,2.0,23
Lollipop,4,3,3.0,3
Lollipop,4,3,1.0,2
Lollipop,4,3,0.0,3
Lollipop,4,3,1.0,26
Lollipop,4,3,1.0,6
Lollipop,4,3,2.0,25
Lollipop,4,3,2.0,8
Lollipop,4,3,3.0,3
Lollipop,4,3,1.0,4
Lollipop,4,3,3.0,9
Lollipop,4,3,1.0,2
Lollipop,4,3,2.0,3
Lollipop,4,3,3.0,5
Lollipop,4,3,1.0,2
Lollipop,4,3,3.0,9
Lollipop,4,3,3.0,17
Lollipop,4,3,4.0,8
Lollipop,4,3,3.0,23
Lollipop,4,3,1.0,12
Lollipop,4,3,0.0,10
Lollipop,4,3,2.0,19
Lollipop,4,3,3.0,12
Lollipop,4,3,0.0,20
Lollipop,4,3,1.0,11
Lollipop,4,3,1.0,6
Lollipop,4,3,1.0,16
Lollipop,4,3,4.0,6
Lollipop,4,3,1.0,8
Lollipop,4,3,3.0,3
Lollipop,4,3,1.0,18
Lollipop,4,3,2.0,4
Lollipop,4,3,0.0,10
Lollipop,4,3,3.0,9
Lollipop,4,3,3.0,7
Lollipop,4,3,3.0,3
Lollipop,4,3,0.0,3
Lollipop,4,3,3.0,5
Lollipop,4,3,3.0,12
Lollipop,4,3,1.0,11
Lollipop,4,3,1.0,8
Lollipop,4,3,3.0,5
Lollipop,4,3,3.0,8
Lollipop,4,3,0.0,17
Lollipop,4,3,0.0,5
Lollipop,4,3,2.0,11
Lollipop,4,3,3.0,7
Lollipop,4,3,0.0,16
Lollipop,4,3,4.0,9
Lollipop,4,3,4.0,8
Lollipop,4,3,3.0,11
Lollipop,4,3,2.0,7
Lollipop,4,3,3.0,4
Lollipop,4,3,1.0,3
Lollipop,4,3,2.0,2
Lollipop,4,4,5.0,1
Lollipop,4,4,3.0,3
Lollipop,4,4,5.0,1
Lollipop,4,4,3.0,1
Lollipop,4,4,5.0,1
Lollipop,4,4,3.0,1
Lollipop,4,4,4.0,2
Lollipop,4,4,3.0,13
Lollipop,4,4,3.0,1
Lollipop,4,4,1.0,15
Lollipop,4,4,5.0,1
Lollipop,4,4,0.0,8
Lollipop,4,4,5.0,1
Lollipop,4,4,3.0,1
Lollipop,4,4,0.0,11
Lollipop,4,4,3.0,1
Lollipop,4,4,5.0,1
Lollipop,4,4,,30
Lollipop,4,4,4.0,2
Lollipop,4,4,5.0,1
Lollipop,4,4,3.0,10
Lollipop,4,4,3.0,7
Lollipop,4,4,5.0,1
Lollipop,4,4,1.0,13
Lollipop,4,4,4.0,2
Lollipop,4,4,0.0,8
Lollipop,4,4,3.0,1
Lollipop,4,4,3.0,14
Lollipop,4,4,4.0,2
Lollipop,4,4,3.0,5
Lollipop,4,4,3.0,3
Lollipop,4,4,5.0,1
Lollipop,4,4,1.0,6
Lollipop,4,4,5.0,1
Lollipop,4,4,4.0,6
Lollipop,4,4,5.0,1
Lollipop,4,4,4.0,2
Lollipop,4,4,5.0,1
Lollipop,4,4,3.0,1
Lollipop,4,4,4.0,2
Lollipop,4,4,3.0,1
Lollipop,4,4,3.0,1
Lollipop,4,4,4.0,2
Lollipop,4,4,4.0,2
Lollipop,4,4,2.0,10
Lollipop,4,4,3.0,5
Lollipop,4,4,3.0,1
Lollipop,4,4,3.0,1
Lollipop,4,4,5.0,1
Lollipop,4,4,3.0,1
Lollipop,4,4,3.0,1
Lollipop,4,4,3.0,6
Lollipop,4,4,3.0,1
Lollipop,4,4,5.0,1
Lollipop,4,4,3.0,3
Lollipop,4,4,5.0,1
Lollipop,4,4,1.0,7
Lollipop,4,4,3.0,1
Lollipop,4,4,3.0,1
Lollipop,4,4,3.0,5
Lollipop,4,4,5.0,1
Lollipop,4,4,5.0,1
Lollipop,4,4,3.0,3
Lollipop,4,4,3.0,1
Lollipop,4,4,3.0,1
Lollipop,4,4,5.0,1
Lollipop,4,4,1.0,7
Lollipop,4,4,4.0,2
Lollipop,4,4,4.0,2
Lollipop,4,4,3.0,5
Lollipop,4,4,3.0,1
Lollipop,4,4,3.0,1
Lollipop,4,4,3.0,1
Lollipop,4,4,3.0,5
Lollipop,4,4,5.0,1
Lollipop,4,4,3.0,1
Lollipop,4,4,3.0,1
Lollipop,4,4,3.0,1
Lollipop,4,4,3.0,3
Lollipop,4,4,2.0,21
Lollipop,4,4,5.0,1
Lollipop,4,4,4.0,10
Lollipop,4,4,3.0,1
Lollipop,4,4,1.0,17
Lollipop,4,4,3.0,25
Lollipop,4,4,3.0,1
Lollipop,4,4,3.0,1
Lollipop,4,4,3.0,11
Lollipop,4,4,5.0,1
Lollipop,4,4,5.0,1
Lollipop,4,4,3.0,1
Lollipop,4,4,3.0,1
Lollipop,4,4,3.0,1
Lollipop,4,4,4.0,6
Lollipop,4,4,3.0,1
Lollipop,4,4,3.0,3
Lollipop,4,4,4.0,14
Lollipop,4,4,4.0,2
Lollipop,4,4,4.0,4
Lollipop,4,4,3.0,1
Lollipop,4,5,3.0,9
Lollipop,4,5,1.0,6
Lollipop,4,5,1.0,7
Lollipop,4,5,3.0,14
Lollipop,4,5,1.0,7
Lollipop,4,5,2.0,7
Lollipop,4,5,0.0,5
Lollipop,4,5,3.0,12
Lollipop,4,5,2.0,7
Lollipop,4,5,3.0,19
Lollipop,4,5,0.0,6
Lollipop,4,5,3.0,12
Lollipop,4,5,1.0,17
Lollipop,4,5,4.0,14
Lollipop,4,5,1.0,20
Lollipop,4,5,2.0,11
Lollipop,4,5,1.0,6
Lollipop,4,5,3.0,5
Lollipop,4,5,2.0,6
Lollipop,4,5,1.0,13
Lollipop,4,5,0.0,5
Lollipop,4,5,4.0,5
Lollipop,4,5,,30
Lollipop,4,5,3.0,6
Lollipop,4,5,0.0,11
Lollipop,4,5,2.0,15
Lollipop,4,5,3.0,9
Lollipop,4,5,3.0,25
Lollipop,4,5,3.0,26
Lollipop,4,5,3.0,18
Lollipop,4,5,0.0,17
Lollipop,4,5,3.0,4
Lollipop,4,5,3.0,4
Lollipop,4,5,1.0,8
Lollipop,4,5,3.0,29
Lollipop,4,5,3.0,21
Lollipop,4,5,0.0,19
Lollipop,4,5,3.0,6
Lollipop,4,5,3.0,12
Lollipop,4,5,3.0,7
Lollipop,4,5,2.0,9
Lollipop,4,5,2.0,8
Lollipop,4,5,2.0,10
Lollipop,4,5,3.0,20
Lollipop,4,5,1.0,13
Lollipop,4,5,0.0,6
Lollipop,4,5,2.0,17
Lollipop,4,5,3.0,11
Lollipop,4,5,1.0,3
Lollipop,4,5,3.0,6
Lollipop,4,5,3.0,7
Lollipop,4,5,1.0,16
Lollipop,4,5,1.0,23
Lollipop,4,5,0.0,12
Lollipop,4,5,3.0,6
Lollipop,4,5,1.0,11
Lollipop,4,5,1.0,4
Lollipop,4,5,3.0,11
Lollipop,4,5,0.0,16
Lollipop,4,5,3.0,10
Lollipop,4,5,3.0,21
Lollipop,4,5,4.0,9
Lollipop,4,5,3.0,10
Lollipop,4,5,3.0,7
Lollipop,4,5,1.0,20
Lollipop,4,5,3.0,7
Lollipop,4,5,1.0,13
Lollipop,4,5,3.0,12
Lollipop,4,5,3.0,7
Lollipop,4,5,3.0,10
Lollipop,4,5,1.0,7
Lollipop,4,5,2.0,7
Lollipop,4,5,3.0,15
Lollipop,4,5,3.0,4
Lollipop,4,5,3.0,25
Lollipop,4,5,2.0,9
Lollipop,4,5,2.0,5
Lollipop,4,5,3.0,10
Lollipop,4,5,2.0,10
Lollipop,4,5,0.0,3
Lollipop,4,5,3.0,5
Lollipop,4,5,1.0,11
Lollipop,4,5,1.0,18
Lollipop,4,5,0.0,9
Lollipop,4,5,1.0,7
Lollipop,4,5,3.0,8
Lollipop,4,5,3.0,22
Lollipop,4,5,2.0,12
Lollipop,4,5,1.0,5
Lollipop,4,5,3.0,15
Lollipop,4,5,1.0,6
Lollipop,4,5,0.0,6
Lollipop,4,5,1.0,7
Lollipop,4,5,1.0,7
Lollipop,4,5,0.0,9
Lollipop,4,5,3.0,13
Lollipop,4,5,3.0,13
Lollipop,4,5,3.0,15
Lollipop,4,5,3.0,25
Lollipop,4,5,2.0,3
Lollipop,5,0,2.0,26
Lollipop,5,0,3.0,17
Lollipop,5,0,3.0,12
Lollipop,5,0,3.0,18
Lollipop,5,0,3.0,8
Lollipop,5,0,1.0,29
Lollipop,5,0,2.0,13
Lollipop,5,0,3.0,4
Lollipop,5,0,2.0,3
Lollipop,5,0,0.0,10
Lollipop,5,0,3.0,4
Lollipop,5,0,2.0,25
Lollipop,5,0,3.0,4
Lollipop,5,0,2.0,6
Lollipop,5,0,2.0,7
Lollipop,5,0,1.0,18
Lollipop,5,0,3.0,22
Lollipop,5,0,3.0,12
Lollipop,5,0,3.0,6
Lollipop,5,0,4.0,3
Lollipop,5,0,3.0,9
Lollipop,5,0,3.0,6
Lollipop,5,0,3.0,8
Lollipop,5,0,4.0,3
Lollipop,5,0,3.0,19
Lollipop,5,0,1.0,3
Lollipop,5,0,1.0,17
Lollipop,5,0,1.0,3
Lollipop,5,0,3.0,2
Lollipop,5,0,2.0,9
Lollipop,5,0,2.0,8
Lollipop,5,0,1.0,7
Lollipop,5,0,3.0,12
Lollipop,5,0,1.0,12
Lollipop,5,0,4.0,13
Lollipop,5,0,3.0,10
Lollipop,5,0,0.0,18
Lollipop,5,0,4.0,3
Lollipop,5,0,2.0,13
Lollipop,5,0,3.0,19
Lollipop,5,0,2.0,11
Lollipop,5,0,3.0,2
Lollipop,5,0,,30
Lollipop,5,0,2.0,12
Lollipop,5,0,3.0,6
Lollipop,5,0,1.0,10
Lollipop,5,0,3.0,4
Lollipop,5,0,3.0,2
Lollipop,5,0,0.0,7
Lollipop,5,0,2.0,7
Lollipop,5,0,3.0,5
Lollipop,5,0,3.0,7
Lollipop,5,0,2.0,15
Lollipop,5,0,3.0,9
Lollipop,5,0,,30
Lollipop,5,0,3.0,6
Lollipop,5,0,,30
Lollipop,5,0,3.0,4
Lollipop,5,0,3.0,14
Lollipop,5,0,0.0,6
Lollipop,5,0,4.0,3
Lollipop,5,0,3.0,4
Lollipop,5,0,3.0,13
Lollipop,5,0,2.0,3
Lollipop,5,0,3.0,2
Lollipop,5,0,3.0,6
Lollipop,5,0,1.0,10
Lollipop,5,0,1.0,20
Lollipop,5,0,1.0,4
Lollipop,5,0,3.0,11
Lollipop,5,0,3.0,7
Lollipop,5,0,3.0,6
Lollipop,5,0,1.0,9
Lollipop,5,0,0.0,5
Lollipop,5,0,0.0,8
Lollipop,5,0,0.0,3
Lollipop,5,0,3.0,5
Lollipop,5,0,4.0,3
Lollipop,5,0,0.0,13
Lollipop,5,0,3.0,2
Lollipop,5,0,3.0,4
Lollipop,5,0,1.0,20
Lollipop,5,0,3.0,10
Lollipop,5,0,3.0,2
Lollipop,5,0,3.0,6
Lollipop,5,0,4.0,3
Lollipop,5,0,3.0,2
Lollipop,5,0,3.0,5
Lollipop,5,0,3.0,2
Lollipop,5,0,3.0,10
Lollipop,5,0,2.0,19
Lollipop,5,0,3.0,22
Lollipop,5,0,3.0,2
Lollipop,5,0,3.0,2
Lollipop,5,0,0.0,3
Lollipop,5,0,4.0,13
Lollipop,5,0,3.0,13
Lollipop,5,0,4.0,5
Lollipop,5,0,1.0,6
Lollipop,5,0,3.0,6
Lollipop,5,1,1.0,9
Lollipop,5,1,3.0,6
Lollipop,5,1,0.0,12
Lollipop,5,1,3.0,4
Lollipop,5,1,4.0,3
Lollipop,5,1,2.0,13
Lollipop,5,1,0.0,6
Lollipop,5,1,3.0,7
Lollipop,5,1,3.0,8
Lollipop,5,1,4.0,11
Lollipop,5,1,0.0,3
Lollipop,5,1,3.0,5
Lollipop,5,1,2.0,7
Lollipop,5,1,3.0,2
Lollipop,5,1,0.0,10
Lollipop,5,1,3.0,2
Lollipop,5,1,0.0,17
Lollipop,5,1,3.0,2
Lollipop,5,1,1.0,10
Lollipop,5,1,3.0,10
Lollipop,5,1,2.0,7
Lollipop,5,1,3.0,2
Lollipop,5,1,3.0,18
Lollipop,5,1,,30
Lollipop,5,1,1.0,12
Lollipop,5,1,3.0,7
Lollipop,5,1,1.0,9
Lollipop,5,1,3.0,6
Lollipop,5,1,3.0,17
Lollipop,5,1,2.0,6
Lollipop,5,1,,30
Lollipop,5,1,2.0,15
Lollipop,5,1,3.0,18
Lollipop,5,1,2.0,16
Lollipop,5,1,0.0,16
Lollipop,5,1,3.0,2
Lollipop,5,1,3.0,25
Lollipop,5,1,3.0,4
Lollipop,5,1,3.0,8
Lollipop,5,1,3.0,5
Lollipop,5,1,4.0,3
Lollipop,5,1,3.0,4
Lollipop,5,1,3.0,2
Lollipop,5,1,3.0,4
Lollipop,5,1,3.0,20
Lollipop,5,1,2.0,3
Lollipop,5,1,0.0,10
Lollipop,5,1,3.0,16
Lollipop,5,1,3.0,9
Lollipop,5,1,2.0,7
Lollipop,5,1,2.0,8
Lollipop,5,1,4.0,5
Lollipop,5,1,2.0,20
Lollipop,5,1,3.0,8
Lollipop,5,1,1.0,5
Lollipop,5,1,1.0,10
Lollipop,5,1,3.0,8
Lollipop,5,1,3.0,2
Lollipop,5,1,3.0,22
Lollipop,5,1,1.0,5
Lollipop,5,1,0.0,20
Lollipop,5,1,1.0,3
Lollipop,5,1,1.0,15
Lollipop,5,1,3.0,4
Lollipop,5,1,3.0,11
Lollipop,5,1,3.0,2
Lollipop,5,1,4.0,11
Lollipop,5,1,3.0,4
Lollipop,5,1,0.0,17
Lollipop,5,1,3.0,4
Lollipop,5,1,3.0,8
Lollipop,5,1,4.0,11
Lollipop,5,1,4.0,9
Lollipop,5,1,2.0,8
Lollipop,5,1,3.0,2
Lollipop,5,1,3.0,6
Lollipop,5,1,2.0,12
Lollipop,5,1,3.0,8
Lollipop,5,1,4.0,3
Lollipop,5,1,1.0,3
Lollipop,5,1,3.0,5
Lollipop,5,1,1.0,8
Lollipop,5,1,4.0,5
Lollipop,5,1,2.0,14
Lollipop,5,1,1.0,6
Lollipop,5,1,,30
Lollipop,5,1,3.0,4
Lollipop,5,1,3.0,8
Lollipop,5,1,1.0,5
Lollipop,5,1,4.0,30
Lollipop,5,1,3.0,10
Lollipop,5,1,2.0,13
Lollipop,5,1,1.0,26
Lollipop,5,1,3.0,4
Lollipop,5,1,3.0,11
Lollipop,5,1,0.0,5
Lollipop,5,1,3.0,4
Lollipop,5,1,3.0,8
Lollipop,5,1,3.0,2
Lollipop,5,1,3.0,4
Lollipop,5,2,3.0,2
Lollipop,5,2,3.0,2
Lollipop,5,2,3.0,4
Lollipop,5,2,3.0,10
Lollipop,5,2,3.0,2
Lollipop,5,2,0.0,7
Lollipop,5,2,0.0,6
Lollipop,5,2,3.0,19
Lollipop,5,2,3.0,13
Lollipop,5,2,4.0,3
Lollipop,5,2,3.0,5
Lollipop,5,2,2.0,8
Lollipop,5,2,,30
Lollipop,5,2,1.0,3
Lollipop,5,2,3.0,4
Lollipop,5,2,1.0,8
Lollipop,5,2,3.0,2
Lollipop,5,2,4.0,3
Lollipop,5,2,3.0,10
Lollipop,5,2,2.0,15
Lollipop,5,2,3.0,4
Lollipop,5,2,1.0,10
Lollipop,5,2,3.0,4
Lollipop,5,2,0.0,3
Lollipop,5,2,0.0,6
Lollipop,5,2,3.0,2
Lollipop,5,2,3.0,8
Lollipop,5,2,2.0,24
Lollipop,5,2,1.0,5
Lollipop,5,2,2.0,13
Lollipop,5,2,0.0,16
Lollipop,5,2,0.0,6
Lollipop,5,2,2.0,7
Lollipop,5,2,3.0,19
Lollipop,5,2,2.0,7
Lollipop,5,2,3.0,8
Lollipop,5,2,2.0,9
Lollipop,5,2,2.0,13
Lollipop,5,2,3.0,4
Lollipop,5,2,0.0,15
Lollipop,5,2,3.0,17
Lollipop,5,2,2.0,9
Lollipop,5,2,0.0,16
Lollipop,5,2,3.0,27
Lollipop,5,2,1.0,3
Lollipop,5,2,0.0,11
Lollipop,5,2,1.0,8
Lollipop,5,2,2.0,3
Lollipop,5,2,0.0,13
Lollipop,5,2,0.0,8
Lollipop,5,2,3.0,10
Lollipop,5,2,1.0,10
Lollipop,5,2,3.0,13
Lollipop,5,2,2.0,13
Lollipop,5,2,4.0,3
Lollipop,5,2,3.0,6
Lollipop,5,2,3.0,4
Lollipop,5,2,2.0,5
Lollipop,5,2,2.0,8
Lollipop,5,2,3.0,8
Lollipop,5,2,0.0,7
Lollipop,5,2,0.0,6
Lollipop,5,2,0.0,23
Lollipop,5,2,3.0,17
Lollipop,5,2,3.0,2
Lollipop,5,2,3.0,12
Lollipop,5,2,0.0,3
Lollipop,5,2,1.0,7
Lollipop,5,2,1.0,4
Lollipop,5,2,2.0,19
Lollipop,5,2,3.0,15
Lollipop,5,2,3.0,8
Lollipop,5,2,0.0,4
Lollipop,5,2,3.0,8
Lollipop,5,2,1.0,3
Lollipop,5,2,4.0,3
Lollipop,5,2,2.0,6
Lollipop,5,2,3.0,6
Lollipop,5,2,2.0,5
Lollipop,5,2,3.0,6
Lollipop,5,2,3.0,2
Lollipop,5,2,3.0,7
Lollipop,5,2,1.0,11
Lollipop,5,2,3.0,4
Lollipop,5,2,3.0,2
Lollipop,5,2,2.0,24
Lollipop,5,2,1.0,3
Lollipop,5,2,0.0,8
Lollipop,5,2,0.0,7
Lollipop,5,2,3.0,8
Lollipop,5,2,3.0,11
Lollipop,5,2,3.0,6
Lollipop,5,2,3.0,2
Lollipop,5,2,0.0,3
Lollipop,5,2,3.0,7
Lollipop,5,2,0.0,16
Lollipop,5,2,2.0,8
Lollipop,5,2,3.0,10
Lollipop,5,2,0.0,18
Lollipop,5,2,3.0,23
Lollipop,5,3,1.0,6
Lollipop,5,3,2.0,20
Lollipop,5,3,4.0,3
Lollipop,5,3,3.0,4
Lollipop,5,3,1.0,14
Lollipop,5,3,3.0,2
Lollipop,5,3,3.0,2
Lollipop,5,3,3.0,10
Lollipop,5,3,0.0,4
Lollipop,5,3,4.0,1
Lollipop,5,3,0.0,8
Lollipop,5,3,0.0,17
Lollipop,5,3,3.0,4
Lollipop,5,3,3.0,12
Lollipop,5,3,3.0,4
Lollipop,5,3,0.0,14
Lollipop,5,3,4.0,1
Lollipop,5,3,4.0,5
Lollipop,5,3,0.0,6
Lollipop,5,3,0.0,3
Lollipop,5,3,,30
Lollipop,5,3,4.0,3
Lollipop,5,3,1.0,5
Lollipop,5,3,3.0,4
Lollipop,5,3,4.0,1
Lollipop,5,3,2.0,3
Lollipop,5,3,4.0,1
Lollipop,5,3,3.0,2
Lollipop,5,3,3.0,7
Lollipop,5,3,4.0,1
Lollipop,5,3,3.0,2
Lollipop,5,3,0.0,3
Lollipop,5,3,3.0,5
Lollipop,5,3,4.0,1
Lollipop,5,3,2.0,7
Lollipop,5,3,3.0,2
Lollipop,5,3,4.0,1
Lollipop,5,3,4.0,1
Lollipop,5,3,4.0,3
Lollipop,5,3,4.0,1
Lollipop,5,3,1.0,3
Lollipop,5,3,3.0,2
Lollipop,5,3,3.0,2
Lollipop,5,3,4.0,1
Lollipop,5,3,1.0,3
Lollipop,5,3,3.0,9
Lollipop,5,3,4.0,1
Lollipop,5,3,3.0,2
Lollipop,5,3,3.0,8
Lollipop,5,3,1.0,3
Lollipop,5,3,0.0,8
Lollipop,5,3,3.0,4
Lollipop,5,3,3.0,8
Lollipop,5,3,4.0,1
Lollipop,5,3,3.0,8
Lollipop,5,3,4.0,7
Lollipop,5,3,4.0,5
Lollipop,5,3,3.0,11
Lollipop,5,3,4.0,1
Lollipop,5,3,4.0,3
Lollipop,5,3,3.0,9
Lollipop,5,3,0.0,11
Lollipop,5,3,4.0,3
Lollipop,5,3,0.0,7
Lollipop,5,3,1.0,5
Lollipop,5,3,3.0,2
Lollipop,5,3,4.0,1
Lollipop,5,3,3.0,8
Lollipop,5,3,3.0,2
Lollipop,5,3,3.0,2
Lollipop,5,3,4.0,3
Lollipop,5,3,3.0,6
Lollipop,5,3,4.0,1
Lollipop,5,3,3.0,4
Lollipop,5,3,4.0,1
Lollipop,5,3,3.0,2
Lollipop,5,3,4.0,1
Lollipop,5,3,3.0,4
Lollipop,5,3,4.0,1
Lollipop,5,3,1.0,14
Lollipop,5,3,1.0,6
Lollipop,5,3,3.0,6
Lollipop,5,3,4.0,1
Lollipop,5,3,2.0,8
Lollipop,5,3,4.0,1
Lollipop,5,3,3.0,10
Lollipop,5,3,3.0,10
Lollipop,5,3,4.0,1
Lollipop,5,3,4.0,1
Lollipop,5,3,4.0,1
Lollipop,5,3,1.0,21
Lollipop,5,3,3.0,6
Lollipop,5,3,0.0,4
Lollipop,5,3,4.0,1
Lollipop,5,3,1.0,3
Lollipop,5,3,4.0,1
Lollipop,5,3,0.0,8
Lollipop,5,3,4.0,1
Lollipop,5,3,1.0,27
Lollipop,5,3,3.0,22
Lollipop,5,4,1.0,4
Lollipop,5,4,0.0,5
Lollipop,5,4,0.0,11
Lollipop,5,4,3.0,17
Lollipop,5,4,1.0,6
Lollipop,5,4,2.0,11
Lollipop,5,4,4.0,10
Lollipop,5,4,3.0,5
Lollipop,5,4,0.0,8
Lollipop,5,4,2.0,9
Lollipop,5,4,3.0,28
Lollipop,5,4,2.0,7
Lollipop,5,4,2.0,20
Lollipop,5,4,2.0,3
Lollipop,5,4,3.0,6
Lollipop,5,4,2.0,10
Lollipop,5,4,2.0,15
Lollipop,5,4,3.0,9
Lollipop,5,4,1.0,22
Lollipop,5,4,1.0,4
Lollipop,5,4,3.0,10
Lollipop,5,4,3.0,25
Lollipop,5,4,0.0,15
Lollipop,5,4,3.0,4
Lollipop,5,4,3.0,6
Lollipop,5,4,2.0,15
Lollipop,5,4,2.0,14
Lollipop,5,4,0.0,13
Lollipop,5,4,0.0,4
Lollipop,5,4,3.0,14
Lollipop,5,4,1.0,11
Lollipop,5,4,2.0,13
Lollipop,5,4,0.0,8
Lollipop,5,4,3.0,12
Lollipop,5,4,0.0,5
Lollipop,5,4,3.0,6
Lollipop,5,4,3.0,9
Lollipop,5,4,0.0,10
Lollipop,5,4,1.0,7
Lollipop,5,4,2.0,19
Lollipop,5,4,1.0,15
Lollipop,5,4,1.0,18
Lollipop,5,4,3.0,4
Lollipop,5,4,1.0,5
Lollipop,5,4,1.0,12
Lollipop,5,4,3.0,27
Lollipop,5,4,3.0,10
Lollipop,5,4,3.0,11
Lollipop,5,4,2.0,20
Lollipop,5,4,1.0,7
Lollipop,5,4,3.0,7
Lollipop,5,4,0.0,22
Lollipop,5,4,3.0,7
Lollipop,5,4,1.0,14
Lollipop,5,4,1.0,14
Lollipop,5,4,2.0,23
Lollipop,5,4,1.0,6
Lollipop,5,4,1.0,14
Lollipop,5,4,3.0,6
Lollipop,5,4,2.0,5
Lollipop,5,4,3.0,11
Lollipop,5,4,2.0,10
Lollipop,5,4,3.0,5
Lollipop,5,4,3.0,7
Lollipop,5,4,0.0,7
Lollipop,5,4,1.0,5
Lollipop,5,4,1.0,10
Lollipop,5,4,3.0,6
Lollipop,5,4,0.0,10
Lollipop,5,4,3.0,9
Lollipop,5,4,3.0,5
Lollipop,5,4,3.0,10
Lollipop,5,4,3.0,19
Lollipop,5,4,2.0,5
Lollipop,5,4,2.0,7
Lollipop,5,4,3.0,6
Lollipop,5,4,3.0,13
Lollipop,5,4,3.0,10
Lollipop,5,4,3.0,11
Lollipop,5,4,0.0,7
Lollipop,5,4,3.0,11
Lollipop,5,4,1.0,6
Lollipop,5,4,1.0,4
Lollipop,5,4,3.0,15
Lollipop,5,4,3.0,21
Lollipop,5,4,1.0,18
Lollipop,5,4,1.0,7
Lollipop,5,4,0.0,8
Lollipop,5,4,0.0,6
Lollipop,5,4,3.0,4
Lollipop,5,4,2.0,16
Lollipop,5,4,3.0,9
Lollipop,5,4,3.0,8
Lollipop,5,4,4.0,9
Lollipop,5,4,1.0,7
Lollipop,5,4,0.0,5
Lollipop,5,4,2.0,10
Lollipop,5,4,3.0,4
Lollipop,5,4,0.0,12
Lollipop,5,4,3.0,17
Lollipop,5,5,4.0,1
Lollipop,5,5,4.0,1
Lollipop,5,5,4.0,1
Lollipop,5,5,4.0,1
Lollipop,5,5,4.0,1
Lollipop,5,5,4.0,1
Lollipop,5,5,4.0,1
Lollipop,5,5,4.0,1
Lollipop,5,5,4.0,1
Lollipop,5,5,4.0,1
Lollipop,5,5,4.0,1
Lollipop,5,5,4.0,1
Lollipop,5,5,4.0,1
Lollipop,5,5,4.0,1
Lollipop,5,5,4.0,1
Lollipop,5,5,4.0,1
Lollipop,5,5,4.0,1
Lollipop,5,5,4.0,1
Lollipop,5,5,4.0,1
Lollipop,5,5,4.0,1
Lollipop,5,5,4.0,1
Lollipop,5,5,4.0,1
Lollipop,5,5,4.0,1
Lollipop,5,5,4.0,1
Lollipop,5,5,4.0,1
Lollipop,5,5,4.0,1
Lollipop,5,5,4.0,1
Lollipop,5,5,4.0,1
Lollipop,5,5,4.0,1
Lollipop,5,5,4.0,1
Lollipop,5,5,4.0,1
Lollipop,5,5,4.0,1
Lollipop,5,5,4.0,1
Lollipop,5,5,4.0,1
Lollipop,5,5,4.0,1
Lollipop,5,5,4.0,1
Lollipop,5,5,4.0,1
Lollipop,5,5,4.0,1
Lollipop,5,5,4.0,1
Lollipop,5,5,4.0,1
Lollipop,5,5,4.0,1
Lollipop,5,5,4.0,1
Lollipop,5,5,4.0,1
Lollipop,5,5,4.0,1
Lollipop,5,5,4.0,1
Lollipop,5,5,4.0,1
Lollipop,5,5,4.0,1
Lollipop,5,5,4.0,1
Lollipop,5,5,4.0,1
Lollipop,5,5,4.0,1
Lollipop,5,5,4.0,1
Lollipop,5,5,4.0,1
Lollipop,5,5,4.0,1
Lollipop,5,5,4.0,1
Lollipop,5,5,4.0,1
Lollipop,5,5,4.0,1
Lollipop,5,5,4.0,1
Lollipop,5,5,4.0,1
Lollipop,5,5,4.0,1
Lollipop,5,5,4.0,1
Lollipop,5,5,4.0,1
Lollipop,5,5,4.0,1
Lollipop,5,5,4.0,1
Lollipop,5,5,4.0,1
Lollipop,5,5,4.0,1
Lollipop,5,5,4.0,1
Lollipop,5,5,4.0,1
Lollipop,5,5,4.0,1
Lollipop,5,5,4.0,1
Lollipop,5,5,4.0,1
Lollipop,5,5,4.0,1
Lollipop,5,5,4.0,1
Lollipop,5,5,4.0,1
Lollipop,5,5,4.0,1
Lollipop,5,5,4.0,1
Lollipop,5,5,4.0,1
Lollipop,5,5,4.0,1
Lollipop,5,5,4.0,1
Lollipop,5,5,4.0,1
Lollipop,5,5,4.0,1
Lollipop,5,5,4.0,1
Lollipop,5,5,4.0,1
Lollipop,5,5,4.0,1
Lollipop,5,5,4.0,1
Lollipop,5,5,4.0,1
Lollipop,5,5,4.0,1
Lollipop,5,5,4.0,1
Lollipop,5,5,4.0,1
Lollipop,5,5,4.0,1
Lollipop,5,5,4.0,1
Lollipop,5,5,4.0,1
Lollipop,5,5,4.0,1
Lollipop,5,5,4.0,1
Lollipop,5,5,4.0,1
Lollipop,5,5,4.0,1
Lollipop,5,5,4.0,1
Lollipop,5,5,4.0,1
Lollipop,5,5,4.0,1
Lollipop,5,5,4.0,1
Lollipop,5,5,4.0,1
Tadpole,0,0,3.0,1
Tadpole,0,0,1.0,1
Tadpole,0,0,3.0,1
Tadpole,0,0,3.0,1
Tadpole,0,0,1.0,1
Tadpole,0,0,1.0,1
Tadpole,0,0,3.0,9
Tadpole,0,0,3.0,5
Tadpole,0,0,3.0,1
Tadpole,0,0,2.0,2
Tadpole,0,0,1.0,1
Tadpole,0,0,0.0,2
Tadpole,0,0,1.0,1
Tadpole,0,0,1.0,1
Tadpole,0,0,0.0,2
Tadpole,0,0,3.0,5
Tadpole,0,0,3.0,7
Tadpole,0,0,3.0,1
Tadpole,0,0,3.0,7
Tadpole,0,0,1.0,1
Tadpole,0,0,2.0,2
Tadpole,0,0,1.0,3
Tadpole,0,0,4.0,6
Tadpole,0,0,3.0,3
Tadpole,0,0,1.0,1
Tadpole,0,0,0.0,2
Tadpole,0,0,0.0,2
Tadpole,0,0,3.0,1
Tadpole,0,0,0.0,4
Tadpole,0,0,2.0,2
Tadpole,0,0,3.0,1
Tadpole,0,0,2.0,8
Tadpole,0,0,0.0,2
Tadpole,0,0,3.0,3
Tadpole,0,0,3.0,3
Tadpole,0,0,1.0,1
Tadpole,0,0,3.0,3
Tadpole,0,0,1.0,1
Tadpole,0,0,3.0,3
Tadpole,0,0,3.0,1
Tadpole,0,0,1.0,5
Tadpole,0,0,0.0,12
Tadpole,0,0,0.0,4
Tadpole,0,0,2.0,2
Tadpole,0,0,4.0,4
Tadpole,0,0,4.0,8
Tadpole,0,0,3.0,1
Tadpole,0,0,0.0,6
Tadpole,0,0,3.0,1
Tadpole,0,0,3.0,1
Tadpole,0,0,3.0,1
Tadpole,0,0,3.0,7
Tadpole,0,0,3.0,1
Tadpole,0,0,1.0,1
Tadpole,0,0,2.0,2
Tadpole,0,0,1.0,3
Tadpole,0,0,3.0,3
Tadpole,0,0,1.0,3
Tadpole,0,0,0.0,2
Tadpole,0,0,0.0,2
Tadpole,0,0,1.0,1
Tadpole,0,0,3.0,1
Tadpole,0,0,3.0,3
Tadpole,0,0,4.0,8
Tadpole,0,0,1.0,1
Tadpole,0,0,3.0,1
Tadpole,0,0,1.0,1
Tadpole,0,0,0.0,2
Tadpole,0,0,1.0,1
Tadpole,0,0,2.0,2
Tadpole,0,0,1.0,3
Tadpole,0,0,3.0,5
Tadpole,0,0,1.0,1
Tadpole,0,0,0.0,4
Tadpole,0,0,4.0,4
Tadpole,0,0,1.0,1
Tadpole,0,0,1.0,3
Tadpole,0,0,3.0,1
Tadpole,0,0,0.0,2
Tadpole,0,0,3.0,1
Tadpole,0,0,1.0,1
Tadpole,0,0,3.0,1
Tadpole,0,0,0.0,2
Tadpole,0,0,3.0,3
Tadpole,0,0,3.0,3
Tadpole,0,0,1.0,1
Tadpole,0,0,0.0,2
Tadpole,0,0,3.0,1
Tadpole,0,0,3.0,1
Tadpole,0,0,1.0,1
Tadpole,0,0,3.0,1
Tadpole,0,0,3.0,1
Tadpole,0,0,1.0,1
Tadpole,0,0,2.0,2
Tadpole,0,0,1.0,1
Tadpole,0,0,3.0,1
Tadpole,0,0,1.0,1
Tadpole,0,0,3.0,1
Tadpole,0,0,0.0,2
Tadpole,0,0,3.0,7
Tadpole,0,1,,30
Tadpole,0,1,,30
Tadpole,0,1,,30
Tadpole,0,1,,30
Tadpole,0,1,,30
Tadpole,0,1,,30
Tadpole,0,1,,30
Tadpole,0,1,,30
Tadpole,0,1,,30
Tadpole,0,1,,30
Tadpole,0,1,,30
Tadpole,0,1,,30
Tadpole,0,1,,30
Tadpole,0,1,,30
Tadpole,0,1,,30
Tadpole,0,1,,30
Tadpole,0,1,,30
Tadpole,0,1,,30
Tadpole,0,1,,30
Tadpole,0,1,,30
Tadpole,0,1,,30
Tadpole,0,1,,30
Tadpole,0,1,,30
Tadpole,0,1,,30
Tadpole,0,1,,30
Tadpole,0,1,,30
Tadpole,0,1,,30
Tadpole,0,1,,30
Tadpole,0,1,,30
Tadpole,0,1,,30
Tadpole,0,1,,30
Tadpole,0,1,,30
Tadpole,0,1,,30
Tadpole,0,1,,30
Tadpole,0,1,,30
Tadpole,0,1,,30
Tadpole,0,1,,30
Tadpole,0,1,,30
Tadpole,0,1,,30
Tadpole,0,1,,30
Tadpole,0,1,,30
Tadpole,0,1,,30
Tadpole,0,1,,30
Tadpole,0,1,,30
Tadpole,0,1,,30
Tadpole,0,1,,30
Tadpole,0,1,,30
Tadpole,0,1,,30
Tadpole,0,1,,30
Tadpole,0,1,,30
Tadpole,0,1,,30
Tadpole,0,1,,30
Tadpole,0,1,,30
Tadpole,0,1,,30
Tadpole,0,1,,30
Tadpole,0,1,,30
Tadpole,0,1,,30
Tadpole,0,1,,30
Tadpole,0,1,,30
Tadpole,0,1,,30
Tadpole,0,1,,30
Tadpole,0,1,,30
Tadpole,0,1,,30
Tadpole,0,1,,30
Tadpole,0,1,,30
Tadpole,0,1,,30
Tadpole,0,1,,30
Tadpole,0,1,,30
Tadpole,0,1,,30
Tadpole,0,1,,30
Tadpole,0,1,,30
Tadpole,0,1,,30
Tadpole,0,1,,30
Tadpole,0,1,,30
Tadpole,0,1,,30
Tadpole,0,1,,30
Tadpole,0,1,,30
Tadpole,0,1,,30
Tadpole,0,1,,30
Tadpole,0,1,,30
Tadpole,0,1,,30
Tadpole,0,1,,30
Tadpole,0,1,,30
Tadpole,0,1,,30
Tadpole,0,1,,30
Tadpole,0,1,,30
Tadpole,0,1,,30
Tadpole,0,1,,30
Tadpole,0,1,,30
Tadpole,0,1,,30
Tadpole,0,1,,30
Tadpole,0,1,,30
Tadpole,0,1,,30
Tadpole,0,1,,30
Tadpole,0,1,,30
Tadpole,0,1,,30
Tadpole,0,1,,30
Tadpole,0,1,,30
Tadpole,0,1,,30
Tadpole,0,1,,30
Tadpole,0,2,3.0,1
Tadpole,0,2,1.0,3
Tadpole,0,2,1.0,1
Tadpole,0,2,1.0,1
Tadpole,0,2,2.0,2
Tadpole,0,2,3.0,1
Tadpole,0,2,0.0,2
Tadpole,0,2,3.0,1
Tadpole,0,2,1.0,1
Tadpole,0,2,1.0,1
Tadpole,0,2,1.0,3
Tadpole,0,2,1.0,1
Tadpole,0,2,3.0,1
Tadpole,0,2,0.0,2
Tadpole,0,2,2.0,2
Tadpole,0,2,3.0,1
Tadpole,0,2,2.0,2
Tadpole,0,2,1.0,1
Tadpole,0,2,1.0,1
Tadpole,0,2,2.0,2
Tadpole,0,2,0.0,2
Tadpole,0,2,3.0,1
Tadpole,0,2,1.0,1
Tadpole,0,2,1.0,1
Tadpole,0,2,3.0,3
Tadpole,0,2,3.0,1
Tadpole,0,2,3.0,1
Tadpole,0,2,3.0,1
Tadpole,0,2,1.0,1
Tadpole,0,2,3.0,1
Tadpole,0,2,2.0,2
Tadpole,0,2,3.0,7
Tadpole,0,2,3.0,9
Tadpole,0,2,3.0,1
Tadpole,0,2,2.0,4
Tadpole,0,2,3.0,3
Tadpole,0,2,4.0,6
Tadpole,0,2,3.0,3
Tadpole,0,2,3.0,1
Tadpole,0,2,1.0,1
Tadpole,0,2,1.0,1
Tadpole,0,2,1.0,1
Tadpole,0,2,1.0,1
Tadpole,0,2,3.0,1
Tadpole,0,2,1.0,1
Tadpole,0,2,3.0,1
Tadpole,0,2,3.0,1
Tadpole,0,2,1.0,1
Tadpole,0,2,3.0,7
Tadpole,0,2,3.0,1
Tadpole,0,2,3.0,1
Tadpole,0,2,1.0,1
Tadpole,0,2,1.0,1
Tadpole,0,2,1.0,1
Tadpole,0,2,1.0,3
Tadpole,0,2,3.0,3
Tadpole,0,2,3.0,1
Tadpole,0,2,3.0,1
Tadpole,0,2,1.0,1
Tadpole,0,2,3.0,5
Tadpole,0,2,1.0,1
Tadpole,0,2,0.0,2
Tadpole,0,2,4.0,6
Tadpole,0,2,1.0,3
Tadpole,0,2,0.0,2
Tadpole,0,2,3.0,3
Tadpole,0,2,4.0,8
Tadpole,0,2,0.0,2
Tadpole,0,2,3.0,5
Tadpole,0,2,0.0,2
Tadpole,0,2,1.0,1
Tadpole,0,2,3.0,1
Tadpole,0,2,1.0,1
Tadpole,0,2,3.0,3
Tadpole,0,2,1.0,3
Tadpole,0,2,3.0,1
Tadpole,0,2,1.0,1
Tadpole,0,2,3.0,1
Tadpole,0,2,2.0,2
Tadpole,0,2,1.0,3
Tadpole,0,2,3.0,1
Tadpole,0,2,3.0,1
Tadpole,0,2,0.0,2
Tadpole,0,2,1.0,1
Tadpole,0,2,4.0,4
Tadpole,0,2,3.0,1
Tadpole,0,2,3.0,5
Tadpole,0,2,3.0,1
Tadpole,0,2,2.0,4
Tadpole,0,2,3.0,1
Tadpole,0,2,3.0,1
Tadpole,0,2,1.0,3
Tadpole,0,2,3.0,7
Tadpole,0,2,2.0,2
Tadpole,0,2,3.0,5
Tadpole,0,2,1.0,1
Tadpole,0,2,1.0,3
Tadpole,0,2,1.0,1
Tadpole,0,2,3.0,1
Tadpole,0,2,2.0,4
Tadpole,0,3,,30
Tadpole,0,3,,30
Tadpole,0,3,,30
Tadpole,0,3,,30
Tadpole,0,3,,30
Tadpole,0,3,,30
Tadpole,0,3,,30
Tadpole,0,3,,30
Tadpole,0,3,,30
Tadpole,0,3,,30
Tadpole,0,3,,30
Tadpole,0,3,,30
Tadpole,0,3,,30
Tadpole,0,3,,30
Tadpole,0,3,,30
Tadpole,0,3,,30
Tadpole,0,3,,30
Tadpole,0,3,,30
Tadpole,0,3,,30
Tadpole,0,3,,30
Tadpole,0,3,,30
Tadpole,0,3,,30
Tadpole,0,3,,30
Tadpole,0,3,,30
Tadpole,0,3,,30
Tadpole,0,3,,30
Tadpole,0,3,,30
Tadpole,0,3,,30
Tadpole,0,3,,30
Tadpole,0,3,,30
Tadpole,0,3,,30
Tadpole,0,3,,30
Tadpole,0,3,,30
Tadpole,0,3,,30
Tadpole,0,3,,30
Tadpole,0,3,,30
Tadpole,0,3,,30
Tadpole,0,3,,30
Tadpole,0,3,,30
Tadpole,0,3,,30
Tadpole,0,3,,30
Tadpole,0,3,,30
Tadpole,0,3,,30
Tadpole,0,3,,30
Tadpole,0,3,,30
Tadpole,0,3,,30
Tadpole,0,3,,30
Tadpole,0,3,,30
Tadpole,0,3,,30
Tadpole,0,3,,30
Tadpole,0,3,,30
Tadpole,0,3,,30
Tadpole,0,3,,30
Tadpole,0,3,,30
Tadpole,0,3,,30
Tadpole,0,3,,30
Tadpole,0,3,,30
Tadpole,0,3,,30
Tadpole,0,3,,30
Tadpole,0,3,,30
Tadpole,0,3,,30
Tadpole,0,3,,30
Tadpole,0,3,,30
Tadpole,0,3,,30
Tadpole,0,3,,30
Tadpole,0,3,,30
Tadpole,0,3,,30
Tadpole,0,3,,30
Tadpole,0,3,,30
Tadpole,0,3,,30
Tadpole,0,3,,30
Tadpole,0,3,,30
Tadpole,0,3,,30
Tadpole,0,3,,30
Tadpole,0,3,,30
Tadpole,0,3,,30
Tadpole,0,3,,30
Tadpole,0,3,,30
Tadpole,0,3,,30
Tadpole,0,3,,30
Tadpole,0,3,,30
Tadpole,0,3,,30
Tadpole,0,3,,30
Tadpole,0,3,,30
Tadpole,0,3,,30
Tadpole,0,3,,30
Tadpole,0,3,,30
Tadpole,0,3,,30
Tadpole,0,3,,30
Tadpole,0,3,,30
Tadpole,0,3,,30
Tadpole,0,3,,30
Tadpole,0,3,,30
Tadpole,0,3,,30
Tadpole,0,3,,30
Tadpole,0,3,,30
Tadpole,0,3,,30
Tadpole,0,3,,30
Tadpole,0,3,,30
Tadpole,0,3,,30
Tadpole,0,4,4.0,2
Tadpole,0,4,3.0,7
Tadpole,0,4,3.0,1
Tadpole,0,4,3.0,1
Tadpole,0,4,2.0,10
Tadpole,0,4,2.0,6
Tadpole,0,4,4.0,8
Tadpole,0,4,4.0,6
Tadpole,0,4,4.0,2
Tadpole,0,4,3.0,5
Tadpole,0,4,1.0,7
Tadpole,0,4,3.0,1
Tadpole,0,4,0.0,6
Tadpole,0,4,3.0,3
Tadpole,0,4,3.0,9
Tadpole,0,4,4.0,4
Tadpole,0,4,3.0,1
Tadpole,0,4,4.0,6
Tadpole,0,4,3.0,1
Tadpole,0,4,3.0,11
Tadpole,0,4,3.0,1
Tadpole,0,4,0.0,2
Tadpole,0,4,3.0,7
Tadpole,0,4,2.0,6
Tadpole,0,4,3.0,1
Tadpole,0,4,3.0,5
Tadpole,0,4,3.0,5
Tadpole,0,4,2.0,6
Tadpole,0,4,2.0,2
Tadpole,0,4,2.0,4
Tadpole,0,4,4.0,2
Tadpole,0,4,3.0,1
Tadpole,0,4,3.0,3
Tadpole,0,4,3.0,1
Tadpole,0,4,3.0,1
Tadpole,0,4,1.0,5
Tadpole,0,4,3.0,5
Tadpole,0,4,0.0,2
Tadpole,0,4,3.0,1
Tadpole,0,4,3.0,3
Tadpole,0,4,3.0,1
Tadpole,0,4,4.0,6
Tadpole,0,4,2.0,4
Tadpole,0,4,3.0,1
Tadpole,0,4,3.0,1
Tadpole,0,4,1.0,3
Tadpole,0,4,4.0,8
Tadpole,0,4,3.0,1
Tadpole,0,4,1.0,3
Tadpole,0,4,2.0,12
Tadpole,0,4,3.0,7
Tadpole,0,4,0.0,4
Tadpole,0,4,3.0,1
Tadpole,0,4,4.0,10
Tadpole,0,4,3.0,15
Tadpole,0,4,4.0,2
Tadpole,0,4,4.0,2
Tadpole,0,4,0.0,10
Tadpole,0,4,3.0,1
Tadpole,0,4,3.0,3
Tadpole,0,4,2.0,2
Tadpole,0,4,0.0,2
Tadpole,0,4,3.0,1
Tadpole,0,4,4.0,8
Tadpole,0,4,3.0,1
Tadpole,0,4,3.0,3
Tadpole,0,4,0.0,2
Tadpole,0,4,3.0,1
Tadpole,0,4,3.0,1
Tadpole,0,4,3.0,5
Tadpole,0,4,3.0,5
Tadpole,0,4,3.0,5
Tadpole,0,4,4.0,4
Tadpole,0,4,3.0,3
Tadpole,0,4,3.0,3
Tadpole,0,4,3.0,3
Tadpole,0,4,0.0,2
Tadpole,0,4,3.0,11
Tadpole,0,4,4.0,2
Tadpole,0,4,3.0,9
Tadpole,0,4,0.0,6
Tadpole,0,4,2.0,2
Tadpole,0,4,3.0,3
Tadpole,0,4,3.0,9
Tadpole,0,4,3.0,1
Tadpole,0,4,2.0,2
Tadpole,0,4,3.0,1
Tadpole,0,4,4.0,2
Tadpole,0,4,3.0,1
Tadpole,0,4,0.0,2
Tadpole,0,4,3.0,3
Tadpole,0,4,3.0,1
Tadpole,0,4,3.0,1
Tadpole,0,4,3.0,5
Tadpole,0,4,0.0,8
Tadpole,0,4,3.0,9
Tadpole,0,4,4.0,2
Tadpole,0,4,3.0,1
Tadpole,0,4,2.0,4
Tadpole,0,4,1.0,7
Tadpole,0,5,,30
Tadpole,0,5,,30
Tadpole,0,5,,30
Tadpole,0,5,,30
Tadpole,0,5,,30
Tadpole,0,5,,30
Tadpole,0,5,,30
Tadpole,0,5,,30
Tadpole,0,5,,30
Tadpole,0,5,,30
Tadpole,0,5,,30
Tadpole,0,5,,30
Tadpole,0,5,,30
Tadpole,0,5,,30
Tadpole,0,5,,30
Tadpole,0,5,,30
Tadpole,0,5,,30
Tadpole,0,5,,30
Tadpole,0,5,,30
Tadpole,0,5,,30
Tadpole,0,5,,30
Tadpole,0,5,,30
Tadpole,0,5,,30
Tadpole,0,5,,30
Tadpole,0,5,,30
Tadpole,0,5,,30
Tadpole,0,5,,30
Tadpole,0,5,,30
Tadpole,0,5,,30
Tadpole,0,5,,30
Tadpole,0,5,,30
Tadpole,0,5,,30
Tadpole,0,5,,30
Tadpole,0,5,,30
Tadpole,0,5,,30
Tadpole,0,5,,30
Tadpole,0,5,,30
Tadpole,0,5,,30
Tadpole,0,5,,30
Tadpole,0,5,,30
Tadpole,0,5,,30
Tadpole,0,5,,30
Tadpole,0,5,,30
Tadpole,0,5,,30
Tadpole,0,5,,30
Tadpole,0,5,,30
Tadpole,0,5,,30
Tadpole,0,5,,30
Tadpole,0,5,,30
Tadpole,0,5,,30
Tadpole,0,5,,30
Tadpole,0,5,,30
Tadpole,0,5,,30
Tadpole,0,5,,30
Tadpole,0,5,,30
Tadpole,0,5,,30
Tadpole,0,5,,30
Tadpole,0,5,,30
Tadpole,0,5,,30
Tadpole,0,5,,30
Tadpole,0,5,,30
Tadpole,0,5,,30
Tadpole,0,5,,30
Tadpole,0,5,,30
Tadpole,0,5,,30
Tadpole,0,5,,30
Tadpole,0,5,,30
Tadpole,0,5,,30
Tadpole,0,5,,30
Tadpole,0,5,,30
Tadpole,0,5,,30
Tadpole,0,5,,30
Tadpole,0,5,,30
Tadpole,0,5,,30
Tadpole,0,5,,30
Tadpole,0,5,,30
Tadpole,0,5,,30
Tadpole,0,5,,30
Tadpole,0,5,,30
Tadpole,0,5,,30
Tadpole,0,5,,30
Tadpole,0,5,,30
Tadpole,0,5,,30
Tadpole,0,5,,30
Tadpole,0,5,,30
Tadpole,0,5,,30
Tadpole,0,5,,30
Tadpole,0,5,,30
Tadpole,0,5,,30
Tadpole,0,5,,30
Tadpole,0,5,,30
Tadpole,0,5,,30
Tadpole,0,5,,30
Tadpole,0,5,,30
Tadpole,0,5,,30
Tadpole,0,5,,30
Tadpole,0,5,,30
Tadpole,0,5,,30
Tadpole,0,5,,30
Tadpole,0,5,,30
Tadpole,1,0,,30
Tadpole,1,0,,30
Tadpole,1,0,,30
Tadpole,1,0,,30
Tadpole,1,0,,30
Tadpole,1,0,,30
Tadpole,1,0,,30
Tadpole,1,0,,30
Tadpole,1,0,,30
Tadpole,1,0,,30
Tadpole,1,0,,30
Tadpole,1,0,,30
Tadpole,1,0,,30
Tadpole,1,0,,30
Tadpole,1,0,,30
Tadpole,1,0,,30
Tadpole,1,0,,30
Tadpole,1,0,,30
Tadpole,1,0,,30
Tadpole,1,0,,30
Tadpole,1,0,,30
Tadpole,1,0,,30
Tadpole,1,0,,30
Tadpole,1,0,,30
Tadpole,1,0,,30
Tadpole,1,0,,30
Tadpole,1,0,,30
Tadpole,1,0,,30
Tadpole,1,0,,30
Tadpole,1,0,,30
Tadpole,1,0,,30
Tadpole,1,0,,30
Tadpole,1,0,,30
Tadpole,1,0,,30
Tadpole,1,0,,30
Tadpole,1,0,,30
Tadpole,1,0,,30
Tadpole,1,0,,30
Tadpole,1,0,,30
Tadpole,1,0,,30
Tadpole,1,0,,30
Tadpole,1,0,,30
Tadpole,1,0,,30
Tadpole,1,0,,30
Tadpole,1,0,,30
Tadpole,1,0,,30
Tadpole,1,0,,30
Tadpole,1,0,,30
Tadpole,1,0,,30
Tadpole,1,0,,30
Tadpole,1,0,,30
Tadpole,1,0,,30
Tadpole,1,0,,30
Tadpole,1,0,,30
Tadpole,1,0,,30
Tadpole,1,0,,30
Tadpole,1,0,,30
Tadpole,1,0,,30
Tadpole,1,0,,30
Tadpole,1,0,,30
Tadpole,1,0,,30
Tadpole,1,0,,30
Tadpole,1,0,,30
Tadpole,1,0,,30
Tadpole,1,0,,30
Tadpole,1,0,,30
Tadpole,1,0,,30
Tadpole,1,0,,30
Tadpole,1,0,,30
Tadpole,1,0,,30
Tadpole,1,0,,30
Tadpole,1,0,,30
Tadpole,1,0,,30
Tadpole,1,0,,30
Tadpole,1,0,,30
Tadpole,1,0,,30
Tadpole,1,0,,30
Tadpole,1,0,,30
Tadpole,1,0,,30
Tadpole,1,0,,30
Tadpole,1,0,,30
Tadpole,1,0,,30
Tadpole,1,0,,30
Tadpole,1,0,,30
Tadpole,1,0,,30
Tadpole,1,0,,30
Tadpole,1,0,,30
Tadpole,1,0,,30
Tadpole,1,0,,30
Tadpole,1,0,,30
Tadpole,1,0,,30
Tadpole,1,0,,30
Tadpole,1,0,,30
Tadpole,1,0,,30
Tadpole,1,0,,30
Tadpole,1,0,,30
Tadpole,1,0,,30
Tadpole,1,0,,30
Tadpole,1,0,,30
Tadpole,1,0,,30
Tadpole,1,1,4.0,11
Tadpole,1,1,2.0,1
Tadpole,1,1,1.0,2
Tadpole,1,1,2.0,1
Tadpole,1,1,3.0,2
Tadpole,1,1,2.0,1
Tadpole,1,1,2.0,1
Tadpole,1,1,2.0,5
Tadpole,1,1,2.0,1
Tadpole,1,1,0.0,1
Tadpole,1,1,2.0,1
Tadpole,1,1,1.0,2
Tadpole,1,1,1.0,2
Tadpole,1,1,4.0,5
Tadpole,1,1,2.0,1
Tadpole,1,1,3.0,4
Tadpole,1,1,0.0,1
Tadpole,1,1,2.0,1
Tadpole,1,1,3.0,2
Tadpole,1,1,2.0,1
Tadpole,1,1,1.0,2
Tadpole,1,1,2.0,1
Tadpole,1,1,3.0,2
Tadpole,1,1,1.0,2
Tadpole,1,1,0.0,1
Tadpole,1,1,3.0,8
Tadpole,1,1,2.0,1
Tadpole,1,1,2.0,1
Tadpole,1,1,0.0,1
Tadpole,1,1,2.0,3
Tadpole,1,1,2.0,3
Tadpole,1,1,0.0,1
Tadpole,1,1,0.0,1
Tadpole,1,1,2.0,1
Tadpole,1,1,2.0,3
Tadpole,1,1,3.0,2
Tadpole,1,1,2.0,1
Tadpole,1,1,1.0,2
Tadpole,1,1,1.0,2
Tadpole,1,1,2.0,3
Tadpole,1,1,2.0,1
Tadpole,1,1,3.0,2
Tadpole,1,1,0.0,1
Tadpole,1,1,1.0,2
Tadpole,1,1,0.0,1
Tadpole,1,1,2.0,3
Tadpole,1,1,1.0,2
Tadpole,1,1,2.0,13
Tadpole,1,1,3.0,2
Tadpole,1,1,2.0,1
Tadpole,1,1,2.0,1
Tadpole,1,1,2.0,1
Tadpole,1,1,0.0,1
Tadpole,1,1,2.0,1
Tadpole,1,1,1.0,4
Tadpole,1,1,2.0,1
Tadpole,1,1,3.0,2
Tadpole,1,1,2.0,1
Tadpole,1,1,2.0,1
Tadpole,1,1,2.0,1
Tadpole,1,1,3.0,4
Tadpole,1,1,1.0,2
Tadpole,1,1,0.0,1
Tadpole,1,1,2.0,1
Tadpole,1,1,1.0,2
Tadpole,1,1,3.0,2
Tadpole,1,1,2.0,1
Tadpole,1,1,2.0,1
Tadpole,1,1,1.0,2
Tadpole,1,1,0.0,5
Tadpole,1,1,0.0,1
Tadpole,1,1,1.0,2
Tadpole,1,1,0.0,5
Tadpole,1,1,3.0,4
Tadpole,1,1,2.0,1
Tadpole,1,1,2.0,1
Tadpole,1,1,2.0,1
Tadpole,1,1,3.0,2
Tadpole,1,1,3.0,4
Tadpole,1,1,0.0,1
Tadpole,1,1,3.0,10
Tadpole,1,1,3.0,4
Tadpole,1,1,2.0,1
Tadpole,1,1,2.0,5
Tadpole,1,1,3.0,6
Tadpole,1,1,2.0,1
Tadpole,1,1,2.0,5
Tadpole,1,1,0.0,3
Tadpole,1,1,0.0,1
Tadpole,1,1,2.0,1
Tadpole,1,1,0.0,3
Tadpole,1,1,3.0,2
Tadpole,1,1,1.0,2
Tadpole,1,1,1.0,2
Tadpole,1,1,3.0,4
Tadpole,1,1,3.0,4
Tadpole,1,1,2.0,1
Tadpole,1,1,3.0,8
Tadpole,1,1,2.0,1
Tadpole,1,1,0.0,1
Tadpole,1,2,,30
Tadpole,1,2,,30
Tadpole,1,2,,30
Tadpole,1,2,,30
Tadpole,1,2,,30
Tadpole,1,2,,30
Tadpole,1,2,,30
Tadpole,1,2,,30
Tadpole,1,2,,30
Tadpole,1,2,,30
Tadpole,1,2,,30
Tadpole,1,2,,30
Tadpole,1,2,,30
Tadpole,1,2,,30
Tadpole,1,2,,30
Tadpole,1,2,,30
Tadpole,1,2,,30
Tadpole,1,2,,30
Tadpole,1,2,,30
Tadpole,1,2,,30
Tadpole,1,2,,30
Tadpole,1,2,,30
Tadpole,1,2,,30
Tadpole,1,2,,30
Tadpole,1,2,,30
Tadpole,1,2,,30
Tadpole,1,2,,30
Tadpole,1,2,,30
Tadpole,1,2,,30
Tadpole,1,2,,30
Tadpole,1,2,,30
Tadpole,1,2,,30
Tadpole,1,2,,30
Tadpole,1,2,,30
Tadpole,1,2,,30
Tadpole,1,2,,30
Tadpole,1,2,,30
Tadpole,1,2,,30
Tadpole,1,2,,30
Tadpole,1,2,,30
Tadpole,1,2,,30
Tadpole,1,2,,30
Tadpole,1,2,,30
Tadpole,1,2,,30
Tadpole,1,2,,30
Tadpole,1,2,,30
Tadpole,1,2,,30
Tadpole,1,2,,30
Tadpole,1,2,,30
Tadpole,1,2,,30
Tadpole,1,2,,30
Tadpole,1,2,,30
Tadpole,1,2,,30
Tadpole,1,2,,30
Tadpole,1,2,,30
Tadpole,1,2,,30
Tadpole,1,2,,30
Tadpole,1,2,,30
Tadpole,1,2,,30
Tadpole,1,2,,30
Tadpole,1,2,,30
Tadpole,1,2,,30
Tadpole,1,2,,30
Tadpole,1,2,,30
Tadpole,1,2,,30
Tadpole,1,2,,30
Tadpole,1,2,,30
Tadpole,1,2,,30
Tadpole,1,2,,30
Tadpole,1,2,,30
Tadpole,1,2,,30
Tadpole,1,2,,30
Tadpole,1,2,,30
Tadpole,1,2,,30
Tadpole,1,2,,30
Tadpole,1,2,,30
Tadpole,1,2,,30
Tadpole,1,2,,30
Tadpole,1,2,,30
Tadpole,1,2,,30
Tadpole,1,2,,30
Tadpole,1,2,,30
Tadpole,1,2,,30
Tadpole,1,2,,30
Tadpole,1,2,,30
Tadpole,1,2,,30
Tadpole,1,2,,30
Tadpole,1,2,,30
Tadpole,1,2,,30
Tadpole,1,2,,30
Tadpole,1,2,,30
Tadpole,1,2,,30
Tadpole,1,2,,30
Tadpole,1,2,,30
Tadpole,1,2,,30
Tadpole,1,2,,30
Tadpole,1,2,,30
Tadpole,1,2,,30
Tadpole,1,2,,30
Tadpole,1,2,,30
Tadpole,1,3,0.0,3
Tadpole,1,3,3.0,2
Tadpole,1,3,0.0,1
Tadpole,1,3,0.0,1
Tadpole,1,3,1.0,2
Tadpole,1,3,3.0,4
Tadpole,1,3,3.0,10
Tadpole,1,3,1.0,2
Tadpole,1,3,3.0,2
Tadpole,1,3,2.0,1
Tadpole,1,3,2.0,5
Tadpole,1,3,2.0,1
Tadpole,1,3,0.0,1
Tadpole,1,3,3.0,4
Tadpole,1,3,0.0,3
Tadpole,1,3,3.0,2
Tadpole,1,3,2.0,1
Tadpole,1,3,0.0,1
Tadpole,1,3,0.0,1
Tadpole,1,3,2.0,3
Tadpole,1,3,2.0,1
Tadpole,1,3,1.0,2
Tadpole,1,3,3.0,2
Tadpole,1,3,1.0,2
Tadpole,1,3,0.0,1
Tadpole,1,3,4.0,3
Tadpole,1,3,0.0,1
Tadpole,1,3,3.0,2
Tadpole,1,3,4.0,3
Tadpole,1,3,3.0,2
Tadpole,1,3,4.0,5
Tadpole,1,3,2.0,1
Tadpole,1,3,4.0,7
Tadpole,1,3,2.0,1
Tadpole,1,3,3.0,4
Tadpole,1,3,3.0,10
Tadpole,1,3,2.0,1
Tadpole,1,3,4.0,5
Tadpole,1,3,3.0,8
Tadpole,1,3,2.0,1
Tadpole,1,3,2.0,1
Tadpole,1,3,2.0,1
Tadpole,1,3,2.0,1
Tadpole,1,3,0.0,1
Tadpole,1,3,1.0,2
Tadpole,1,3,0.0,1
Tadpole,1,3,1.0,2
Tadpole,1,3,2.0,7
Tadpole,1,3,4.0,9
Tadpole,1,3,0.0,1
Tadpole,1,3,3.0,2
Tadpole,1,3,0.0,1
Tadpole,1,3,2.0,5
Tadpole,1,3,2.0,1
Tadpole,1,3,1.0,2
Tadpole,1,3,0.0,1
Tadpole,1,3,0.0,3
Tadpole,1,3,3.0,4
Tadpole,1,3,2.0,5
Tadpole,1,3,3.0,2
Tadpole,1,3,1.0,2
Tadpole,1,3,3.0,2
Tadpole,1,3,1.0,2
Tadpole,1,3,3.0,4
Tadpole,1,3,1.0,2
Tadpole,1,3,2.0,5
Tadpole,1,3,3.0,14
Tadpole,1,3,0.0,3
Tadpole,1,3,2.0,1
Tadpole,1,3,0.0,1
Tadpole,1,3,3.0,2
Tadpole,1,3,3.0,4
Tadpole,1,3,3.0,2
Tadpole,1,3,0.0,3
Tadpole,1,3,3.0,6
Tadpole,1,3,2.0,7
Tadpole,1,3,4.0,5
Tadpole,1,3,0.0,1
Tadpole,1,3,0.0,3
Tadpole,1,3,0.0,1
Tadpole,1,3,4.0,7
Tadpole,1,3,1.0,4
Tadpole,1,3,3.0,14
Tadpole,1,3,0.0,1
Tadpole,1,3,3.0,2
Tadpole,1,3,3.0,2
Tadpole,1,3,0.0,1
Tadpole,1,3,1.0,4
Tadpole,1,3,2.0,3
Tadpole,1,3,0.0,1
Tadpole,1,3,0.0,1
Tadpole,1,3,0.0,3
Tadpole,1,3,3.0,12
Tadpole,1,3,0.0,1
Tadpole,1,3,4.0,5
Tadpole,1,3,2.0,1
Tadpole,1,3,3.0,6
Tadpole,1,3,2.0,1
Tadpole,1,3,3.0,4
Tadpole,1,3,0.0,1
Tadpole,1,4,,30
Tadpole,1,4,,30
Tadpole,1,4,,30
Tadpole,1,4,,30
Tadpole,1,4,,30
Tadpole,1,4,,30
Tadpole,1,4,,30
Tadpole,1,4,,30
Tadpole,1,4,,30
Tadpole,1,4,,30
Tadpole,1,4,,30
Tadpole,1,4,,30
Tadpole,1,4,,30
Tadpole,1,4,,30
Tadpole,1,4,,30
Tadpole,1,4,,30
Tadpole,1,4,,30
Tadpole,1,4,,30
Tadpole,1,4,,30
Tadpole,1,4,,30
Tadpole,1,4,,30
Tadpole,1,4,,30
Tadpole,1,4,,30
Tadpole,1,4,,30
Tadpole,1,4,,30
Tadpole,1,4,,30
Tadpole,1,4,,30
Tadpole,1,4,,30
Tadpole,1,4,,30
Tadpole,1,4,,30
Tadpole,1,4,,30
Tadpole,1,4,,30
Tadpole,1,4,,30
Tadpole,1,4,,30
Tadpole,1,4,,30
Tadpole,1,4,,30
Tadpole,1,4,,30
Tadpole,1,4,,30
Tadpole,1,4,,30
Tadpole,1,4,,30
Tadpole,1,4,,30
Tadpole,1,4,,30
Tadpole,1,4,,30
Tadpole,1,4,,30
Tadpole,1,4,,30
Tadpole,1,4,,30
Tadpole,1,4,,30
Tadpole,1,4,,30
Tadpole,1,4,,30
Tadpole,1,4,,30
Tadpole,1,4,,30
Tadpole,1,4,,30
Tadpole,1,4,,30
Tadpole,1,4,,30
Tadpole,1,4,,30
Tadpole,1,4,,30
Tadpole,1,4,,30
Tadpole,1,4,,30
Tadpole,1,4,,30
Tadpole,1,4,,30
Tadpole,1,4,,30
Tadpole,1,4,,30
Tadpole,1,4,,30
Tadpole,1,4,,30
Tadpole,1,4,,30
Tadpole,1,4,,30
Tadpole,1,4,,30
Tadpole,1,4,,30
Tadpole,1,4,,30
Tadpole,1,4,,30
Tadpole,1,4,,30
Tadpole,1,4,,30
Tadpole,1,4,,30
Tadpole,1,4,,30
Tadpole,1,4,,30
Tadpole,1,4,,30
Tadpole,1,4,,30
Tadpole,1,4,,30
Tadpole,1,4,,30
Tadpole,1,4,,30
Tadpole,1,4,,30
Tadpole,1,4,,30
Tadpole,1,4,,30
Tadpole,1,4,,30
Tadpole,1,4,,30
Tadpole,1,4,,30
Tadpole,1,4,,30
Tadpole,1,4,,30
Tadpole,1,4,,30
Tadpole,1,4,,30
Tadpole,1,4,,30
Tadpole,1,4,,30
Tadpole,1,4,,30
Tadpole,1,4,,30
Tadpole,1,4,,30
Tadpole,1,4,,30
Tadpole,1,4,,30
Tadpole,1,4,,30
Tadpole,1,4,,30
Tadpole,1,4,,30
Tadpole,1,5,0.0,9
Tadpole,1,5,2.0,5
Tadpole,1,5,3.0,2
Tadpole,1,5,4.0,11
Tadpole,1,5,3.0,6
Tadpole,1,5,4.0,5
Tadpole,1,5,3.0,8
Tadpole,1,5,4.0,5
Tadpole,1,5,3.0,4
Tadpole,1,5,3.0,4
Tadpole,1,5,4.0,3
Tadpole,1,5,1.0,4
Tadpole,1,5,4.0,7
Tadpole,1,5,3.0,16
Tadpole,1,5,0.0,3
Tadpole,1,5,3.0,2
Tadpole,1,5,1.0,4
Tadpole,1,5,3.0,4
Tadpole,1,5,2.0,5
Tadpole,1,5,3.0,2
Tadpole,1,5,3.0,4
Tadpole,1,5,0.0,5
Tadpole,1,5,3.0,4
Tadpole,1,5,3.0,2
Tadpole,1,5,1.0,14
Tadpole,1,5,3.0,2
Tadpole,1,5,3.0,2
Tadpole,1,5,4.0,3
Tadpole,1,5,4.0,7
Tadpole,1,5,3.0,2
Tadpole,1,5,1.0,8
Tadpole,1,5,3.0,2
Tadpole,1,5,3.0,2
Tadpole,1,5,3.0,2
Tadpole,1,5,3.0,2
Tadpole,1,5,4.0,5
Tadpole,1,5,3.0,2
Tadpole,1,5,3.0,6
Tadpole,1,5,1.0,8
Tadpole,1,5,4.0,5
Tadpole,1,5,3.0,2
Tadpole,1,5,3.0,2
Tadpole,1,5,2.0,3
Tadpole,1,5,3.0,4
Tadpole,1,5,0.0,11
Tadpole,1,5,3.0,4
Tadpole,1,5,1.0,4
Tadpole,1,5,3.0,2
Tadpole,1,5,4.0,5
Tadpole,1,5,3.0,2
Tadpole,1,5,3.0,8
Tadpole,1,5,2.0,5
Tadpole,1,5,3.0,6
Tadpole,1,5,3.0,6
Tadpole,1,5,4.0,3
Tadpole,1,5,3.0,10
Tadpole,1,5,4.0,5
Tadpole,1,5,2.0,7
Tadpole,1,5,4.0,3
Tadpole,1,5,3.0,2
Tadpole,1,5,3.0,2
Tadpole,1,5,4.0,3
Tadpole,1,5,0.0,9
Tadpole,1,5,4.0,3
Tadpole,1,5,0.0,3
Tadpole,1,5,3.0,4
Tadpole,1,5,3.0,2
Tadpole,1,5,3.0,4
Tadpole,1,5,4.0,9
Tadpole,1,5,3.0,2
Tadpole,1,5,4.0,5
Tadpole,1,5,2.0,13
Tadpole,1,5,3.0,6
Tadpole,1,5,3.0,4
Tadpole,1,5,4.0,9
Tadpole,1,5,0.0,3
Tadpole,1,5,3.0,12
Tadpole,1,5,3.0,6
Tadpole,1,5,4.0,7
Tadpole,1,5,3.0,4
Tadpole,1,5,4.0,3
Tadpole,1,5,0.0,5
Tadpole,1,5,3.0,2
Tadpole,1,5,3.0,6
Tadpole,1,5,3.0,8
Tadpole,1,5,3.0,2
Tadpole,1,5,4.0,9
Tadpole,1,5,3.0,2
Tadpole,1,5,3.0,8
Tadpole,1,5,4.0,5
Tadpole,1,5,3.0,4
Tadpole,1,5,4.0,7
Tadpole,1,5,0.0,3
Tadpole,1,5,3.0,4
Tadpole,1,5,2.0,11
Tadpole,1,5,3.0,2
Tadpole,1,5,3.0,4
Tadpole,1,5,4.0,5
Tadpole,1,5,4.0,17
Tadpole,1,5,3.0,6
Tadpole,2,0,0.0,2
Tadpole,2,0,1.0,1
Tadpole,2,0,3.0,3
Tadpole,2,0,1.0,1
Tadpole,2,0,1.0,1
Tadpole,2,0,1.0,1
Tadpole,2,0,3.0,1
Tadpole,2,0,3.0,13
Tadpole,2,0,1.0,1
Tadpole,2,0,2.0,2
Tadpole,2,0,3.0,1
Tadpole,2,0,0.0,2
Tadpole,2,0,2.0,2
Tadpole,2,0,3.0,1
Tadpole,2,0,1.0,1
Tadpole,2,0,3.0,5
Tadpole,2,0,3.0,3
Tadpole,2,0,2.0,10
Tadpole,2,0,3.0,5
Tadpole,2,0,1.0,1
Tadpole,2,0,1.0,1
Tadpole,2,0,3.0,1
Tadpole,2,0,0.0,4
Tadpole,2,0,4.0,12
Tadpole,2,0,0.0,4
Tadpole,2,0,3.0,1
Tadpole,2,0,3.0,1
Tadpole,2,0,3.0,11
Tadpole,2,0,2.0,2
Tadpole,2,0,3.0,1
Tadpole,2,0,1.0,1
Tadpole,2,0,1.0,1
Tadpole,2,0,3.0,1
Tadpole,2,0,3.0,1
Tadpole,2,0,1.0,1
Tadpole,2,0,1.0,1
Tadpole,2,0,1.0,3
Tadpole,2,0,3.0,5
Tadpole,2,0,4.0,4
Tadpole,2,0,1.0,1
Tadpole,2,0,3.0,1
Tadpole,2,0,1.0,1
Tadpole,2,0,3.0,3
Tadpole,2,0,3.0,1
Tadpole,2,0,1.0,1
Tadpole,2,0,3.0,1
Tadpole,2,0,3.0,3
Tadpole,2,0,2.0,4
Tadpole,2,0,3.0,1
Tadpole,2,0,3.0,3
Tadpole,2,0,1.0,1
Tadpole,2,0,2.0,2
Tadpole,2,0,3.0,1
Tadpole,2,0,3.0,3
Tadpole,2,0,0.0,2
Tadpole,2,0,4.0,10
Tadpole,2,0,3.0,7
Tadpole,2,0,2.0,2
Tadpole,2,0,3.0,1
Tadpole,2,0,3.0,1
Tadpole,2,0,3.0,1
Tadpole,2,0,1.0,5
Tadpole,2,0,3.0,5
Tadpole,2,0,3.0,1
Tadpole,2,0,1.0,1
Tadpole,2,0,0.0,8
Tadpole,2,0,3.0,1
Tadpole,2,0,3.0,7
Tadpole,2,0,3.0,1
Tadpole,2,0,3.0,3
Tadpole,2,0,0.0,2
Tadpole,2,0,3.0,1
Tadpole,2,0,3.0,1
Tadpole,2,0,0.0,6
Tadpole,2,0,3.0,17
Tadpole,2,0,1.0,1
Tadpole,2,0,1.0,1
Tadpole,2,0,2.0,2
Tadpole,2,0,1.0,1
Tadpole,2,0,1.0,1
Tadpole,2,0,1.0,1
Tadpole,2,0,0.0,2
Tadpole,2,0,0.0,2
Tadpole,2,0,2.0,2
Tadpole,2,0,1.0,1
Tadpole,2,0,0.0,6
Tadpole,2,0,3.0,1
Tadpole,2,0,1.0,7
Tadpole,2,0,0.0,2
Tadpole,2,0,3.0,1
Tadpole,2,0,1.0,3
Tadpole,2,0,1.0,1
Tadpole,2,0,3.0,1
Tadpole,2,0,1.0,1
Tadpole,2,0,1.0,1
Tadpole,2,0,3.0,5
Tadpole,2,0,3.0,7
Tadpole,2,0,1.0,3
Tadpole,2,0,3.0,1
Tadpole,2,0,0.0,2
Tadpole,2,1,,30
Tadpole,2,1,,30
Tadpole,2,1,,30
Tadpole,2,1,,30
Tadpole,2,1,,30
Tadpole,2,1,,30
Tadpole,2,1,,30
Tadpole,2,1,,30
Tadpole,2,1,,30
Tadpole,2,1,,30
Tadpole,2,1,,30
Tadpole,2,1,,30
Tadpole,2,1,,30
Tadpole,2,1,,30
Tadpole,2,1,,30
Tadpole,2,1,,30
Tadpole,2,1,,30
Tadpole,2,1,,30
Tadpole,2,1,,30
Tadpole,2,1,,30
Tadpole,2,1,,30
Tadpole,2,1,,30
Tadpole,2,1,,30
Tadpole,2,1,,30
Tadpole,2,1,,30
Tadpole,2,1,,30
Tadpole,2,1,,30
Tadpole,2,1,,30
Tadpole,2,1,,30
Tadpole,2,1,,30
Tadpole,2,1,,30
Tadpole,2,1,,30
Tadpole,2,1,,30
Tadpole,2,1,,30
Tadpole,2,1,,30
Tadpole,2,1,,30
Tadpole,2,1,,30
Tadpole,2,1,,30
Tadpole,2,1,,30
Tadpole,2,1,,30
Tadpole,2,1,,30
Tadpole,2,1,,30
Tadpole,2,1,,30
Tadpole,2,1,,30
Tadpole,2,1,,30
Tadpole,2,1,,30
Tadpole,2,1,,30
Tadpole,2,1,,30
Tadpole,2,1,,30
Tadpole,2,1,,30
Tadpole,2,1,,30
Tadpole,2,1,,30
Tadpole,2,1,,30
Tadpole,2,1,,30
Tadpole,2,1,,30
Tadpole,2,1,,30
Tadpole,2,1,,30
Tadpole,2,1,,30
Tadpole,2,1,,30
Tadpole,2,1,,30
Tadpole,2,1,,30
Tadpole,2,1,,30
Tadpole,2,1,,30
Tadpole,2,1,,30
Tadpole,2,1,,30
Tadpole,2,1,,30
Tadpole,2,1,,30
Tadpole,2,1,,30
Tadpole,2,1,,30
Tadpole,2,1,,30
Tadpole,2,1,,30
Tadpole,2,1,,30
Tadpole,2,1,,30
Tadpole,2,1,,30
Tadpole,2,1,,30
Tadpole,2,1,,30
Tadpole,2,1,,30
Tadpole,2,1,,30
Tadpole,2,1,,30
Tadpole,2,1,,30
Tadpole,2,1,,30
Tadpole,2,1,,30
Tadpole,2,1,,30
Tadpole,2,1,,30
Tadpole,2,1,,30
Tadpole,2,1,,30
Tadpole,2,1,,30
Tadpole,2,1,,30
Tadpole,2,1,,30
Tadpole,2,1,,30
Tadpole,2,1,,30
Tadpole,2,1,,30
Tadpole,2,1,,30
Tadpole,2,1,,30
Tadpole,2,1,,30
Tadpole,2,1,,30
Tadpole,2,1,,30
Tadpole,2,1,,30
Tadpole,2,1,,30
Tadpole,2,1,,30
Tadpole,2,2,0.0,2
Tadpole,2,2,0.0,2
Tadpole,2,2,3.0,1
Tadpole,2,2,3.0,1
Tadpole,2,2,1.0,3
Tadpole,2,2,3.0,1
Tadpole,2,2,3.0,3
Tadpole,2,2,1.0,1
Tadpole,2,2,0.0,2
Tadpole,2,2,3.0,3
Tadpole,2,2,2.0,6
Tadpole,2,2,1.0,1
Tadpole,2,2,0.0,2
Tadpole,2,2,3.0,3
Tadpole,2,2,3.0,1
Tadpole,2,2,3.0,3
Tadpole,2,2,2.0,4
Tadpole,2,2,3.0,3
Tadpole,2,2,2.0,4
Tadpole,2,2,2.0,2
Tadpole,2,2,2.0,2
Tadpole,2,2,1.0,1
Tadpole,2,2,1.0,1
Tadpole,2,2,1.0,1
Tadpole,2,2,1.0,1
Tadpole,2,2,1.0,1
Tadpole,2,2,1.0,1
Tadpole,2,2,3.0,1
Tadpole,2,2,1.0,1
Tadpole,2,2,3.0,1
Tadpole,2,2,3.0,1
Tadpole,2,2,1.0,1
Tadpole,2,2,3.0,1
Tadpole,2,2,3.0,3
Tadpole,2,2,3.0,9
Tadpole,2,2,3.0,3
Tadpole,2,2,0.0,6
Tadpole,2,2,3.0,1
Tadpole,2,2,1.0,1
Tadpole,2,2,1.0,1
Tadpole,2,2,2.0,2
Tadpole,2,2,3.0,1
Tadpole,2,2,1.0,1
Tadpole,2,2,1.0,1
Tadpole,2,2,0.0,4
Tadpole,2,2,3.0,5
Tadpole,2,2,0.0,10
Tadpole,2,2,1.0,1
Tadpole,2,2,3.0,1
Tadpole,2,2,2.0,4
Tadpole,2,2,1.0,1
Tadpole,2,2,3.0,1
Tadpole,2,2,0.0,2
Tadpole,2,2,1.0,3
Tadpole,2,2,3.0,1
Tadpole,2,2,1.0,1
Tadpole,2,2,2.0,2
Tadpole,2,2,2.0,2
Tadpole,2,2,2.0,2
Tadpole,2,2,3.0,1
Tadpole,2,2,4.0,4
Tadpole,2,2,3.0,9
Tadpole,2,2,3.0,1
Tadpole,2,2,0.0,2
Tadpole,2,2,3.0,1
Tadpole,2,2,3.0,1
Tadpole,2,2,2.0,2
Tadpole,2,2,3.0,5
Tadpole,2,2,0.0,2
Tadpole,2,2,3.0,1
Tadpole,2,2,1.0,1
Tadpole,2,2,2.0,8
Tadpole,2,2,3.0,3
Tadpole,2,2,0.0,4
Tadpole,2,2,4.0,4
Tadpole,2,2,3.0,1
Tadpole,2,2,1.0,3
Tadpole,2,2,1.0,1
Tadpole,2,2,3.0,1
Tadpole,2,2,3.0,7
Tadpole,2,2,1.0,1
Tadpole,2,2,3.0,1
Tadpole,2,2,3.0,1
Tadpole,2,2,2.0,2
Tadpole,2,2,1.0,1
Tadpole,2,2,0.0,4
Tadpole,2,2,3.0,1
Tadpole,2,2,3.0,3
Tadpole,2,2,1.0,1
Tadpole,2,2,3.0,3
Tadpole,2,2,2.0,2
Tadpole,2,2,3.0,1
Tadpole,2,2,2.0,4
Tadpole,2,2,1.0,1
Tadpole,2,2,1.0,1
Tadpole,2,2,3.0,5
Tadpole,2,2,2.0,4
Tadpole,2,2,4.0,6
Tadpole,2,2,3.0,1
Tadpole,2,2,1.0,1
Tadpole,2,3,,30
Tadpole,2,3,,30
Tadpole,2,3,,30
Tadpole,2,3,,30
Tadpole,2,3,,30
Tadpole,2,3,,30
Tadpole,2,3,,30
Tadpole,2,3,,30
Tadpole,2,3,,30
Tadpole,2,3,,30
Tadpole,2,3,,30
Tadpole,2,3,,30
Tadpole,2,3,,30
Tadpole,2,3,,30
Tadpole,2,3,,30
Tadpole,2,3,,30
Tadpole,2,3,,30
Tadpole,2,3,,30
Tadpole,2,3,,30
Tadpole,2,3,,30
Tadpole,2,3,,30
Tadpole,2,3,,30
Tadpole,2,3,,30
Tadpole,2,3,,30
Tadpole,2,3,,30
Tadpole,2,3,,30
Tadpole,2,3,,30
Tadpole,2,3,,30
Tadpole,2,3,,30
Tadpole,2,3,,30
Tadpole,2,3,,30
Tadpole,2,3,,30
Tadpole,2,3,,30
Tadpole,2,3,,30
Tadpole,2,3,,30
Tadpole,2,3,,30
Tadpole,2,3,,30
Tadpole,2,3,,30
Tadpole,2,3,,30
Tadpole,2,3,,30
Tadpole,2,3,,30
Tadpole,2,3,,30
Tadpole,2,3,,30
Tadpole,2,3,,30
Tadpole,2,3,,30
Tadpole,2,3,,30
Tadpole,2,3,,30
Tadpole,2,3,,30
Tadpole,2,3,,30
Tadpole,2,3,,30
Tadpole,2,3,,30
Tadpole,2,3,,30
Tadpole,2,3,,30
Tadpole,2,3,,30
Tadpole,2,3,,30
Tadpole,2,3,,30
Tadpole,2,3,,30
Tadpole,2,3,,30
Tadpole,2,3,,30
Tadpole,2,3,,30
Tadpole,2,3,,30
Tadpole,2,3,,30
Tadpole,2,3,,30
Tadpole,2,3,,30
Tadpole,2,3,,30
Tadpole,2,3,,30
Tadpole,2,3,,30
Tadpole,2,3,,30
Tadpole,2,3,,30
Tadpole,2,3,,30
Tadpole,2,3,,30
Tadpole,2,3,,30
Tadpole,2,3,,30
Tadpole,2,3,,30
Tadpole,2,3,,30
Tadpole,2,3,,30
Tadpole,2,3,,30
Tadpole,2,3,,30
Tadpole,2,3,,30
Tadpole,2,3,,30
Tadpole,2,3,,30
Tadpole,2,3,,30
Tadpole,2,3,,30
Tadpole,2,3,,30
Tadpole,2,3,,30
Tadpole,2,3,,30
Tadpole,2,3,,30
Tadpole,2,3,,30
Tadpole,2,3,,30
Tadpole,2,3,,30
Tadpole,2,3,,30
Tadpole,2,3,,30
Tadpole,2,3,,30
Tadpole,2,3,,30
Tadpole,2,3,,30
Tadpole,2,3,,30
Tadpole,2,3,,30
Tadpole,2,3,,30
Tadpole,2,3,,30
Tadpole,2,3,,30
Tadpole,2,4,3.0,1
Tadpole,2,4,4.0,2
Tadpole,2,4,2.0,2
Tadpole,2,4,4.0,4
Tadpole,2,4,0.0,6
Tadpole,2,4,3.0,1
Tadpole,2,4,2.0,6
Tadpole,2,4,2.0,8
Tadpole,2,4,3.0,1
Tadpole,2,4,1.0,3
Tadpole,2,4,4.0,12
Tadpole,2,4,3.0,1
Tadpole,2,4,2.0,8
Tadpole,2,4,3.0,3
Tadpole,2,4,3.0,1
Tadpole,2,4,3.0,5
Tadpole,2,4,3.0,1
Tadpole,2,4,4.0,2
Tadpole,2,4,3.0,1
Tadpole,2,4,4.0,8
Tadpole,2,4,1.0,9
Tadpole,2,4,2.0,2
Tadpole,2,4,3.0,1
Tadpole,2,4,4.0,2
Tadpole,2,4,3.0,1
Tadpole,2,4,3.0,3
Tadpole,2,4,3.0,3
Tadpole,2,4,4.0,4
Tadpole,2,4,3.0,5
Tadpole,2,4,2.0,6
Tadpole,2,4,3.0,1
Tadpole,2,4,3.0,1
Tadpole,2,4,0.0,4
Tadpole,2,4,3.0,3
Tadpole,2,4,3.0,3
Tadpole,2,4,4.0,2
Tadpole,2,4,3.0,1
Tadpole,2,4,3.0,5
Tadpole,2,4,3.0,1
Tadpole,2,4,3.0,3
Tadpole,2,4,3.0,1
Tadpole,2,4,3.0,1
Tadpole,2,4,2.0,4
Tadpole,2,4,3.0,1
Tadpole,2,4,3.0,1
Tadpole,2,4,1.0,3
Tadpole,2,4,3.0,1
Tadpole,2,4,3.0,15
Tadpole,2,4,2.0,2
Tadpole,2,4,3.0,1
Tadpole,2,4,0.0,8
Tadpole,2,4,4.0,2
Tadpole,2,4,3.0,1
Tadpole,2,4,3.0,1
Tadpole,2,4,3.0,9
Tadpole,2,4,3.0,1
Tadpole,2,4,3.0,11
Tadpole,2,4,4.0,6
Tadpole,2,4,2.0,2
Tadpole,2,4,3.0,7
Tadpole,2,4,2.0,2
Tadpole,2,4,3.0,5
Tadpole,2,4,1.0,3
Tadpole,2,4,4.0,4
Tadpole,2,4,4.0,2
Tadpole,2,4,3.0,1
Tadpole,2,4,0.0,6
Tadpole,2,4,3.0,5
Tadpole,2,4,1.0,3
Tadpole,2,4,3.0,1
Tadpole,2,4,3.0,5
Tadpole,2,4,4.0,4
Tadpole,2,4,3.0,3
Tadpole,2,4,3.0,3
Tadpole,2,4,3.0,1
Tadpole,2,4,4.0,14
Tadpole,2,4,3.0,9
Tadpole,2,4,3.0,1
Tadpole,2,4,3.0,3
Tadpole,2,4,3.0,3
Tadpole,2,4,2.0,2
Tadpole,2,4,3.0,7
Tadpole,2,4,3.0,3
Tadpole,2,4,3.0,3
Tadpole,2,4,3.0,1
Tadpole,2,4,3.0,3
Tadpole,2,4,3.0,1
Tadpole,2,4,3.0,3
Tadpole,2,4,3.0,3
Tadpole,2,4,3.0,1
Tadpole,2,4,3.0,1
Tadpole,2,4,3.0,3
Tadpole,2,4,3.0,3
Tadpole,2,4,4.0,4
Tadpole,2,4,3.0,3
Tadpole,2,4,0.0,6
Tadpole,2,4,1.0,3
Tadpole,2,4,4.0,12
Tadpole,2,4,3.0,3
Tadpole,2,4,3.0,1
Tadpole,2,5,,30
Tadpole,2,5,,30
Tadpole,2,5,,30
Tadpole,2,5,,30
Tadpole,2,5,,30
Tadpole,2,5,,30
Tadpole,2,5,,30
Tadpole,2,5,,30
Tadpole,2,5,,30
Tadpole,2,5,,30
Tadpole,2,5,,30
Tadpole,2,5,,30
Tadpole,2,5,,30
Tadpole,2,5,,30
Tadpole,2,5,,30
Tadpole,2,5,,30
Tadpole,2,5,,30
Tadpole,2,5,,30
Tadpole,2,5,,30
Tadpole,2,5,,30
Tadpole,2,5,,30
Tadpole,2,5,,30
Tadpole,2,5,,30
Tadpole,2,5,,30
Tadpole,2,5,,30
Tadpole,2,5,,30
Tadpole,2,5,,30
Tadpole,2,5,,30
Tadpole,2,5,,30
Tadpole,2,5,,30
Tadpole,2,5,,30
Tadpole,2,5,,30
Tadpole,2,5,,30
Tadpole,2,5,,30
Tadpole,2,5,,30
Tadpole,2,5,,30
Tadpole,2,5,,30
Tadpole,2,5,,30
Tadpole,2,5,,30
Tadpole,2,5,,30
Tadpole,2,5,,30
Tadpole,2,5,,30
Tadpole,2,5,,30
Tadpole,2,5,,30
Tadpole,2,5,,30
Tadpole,2,5,,30
Tadpole,2,5,,30
Tadpole,2,5,,30
Tadpole,2,5,,30
Tadpole,2,5,,30
Tadpole,2,5,,30
Tadpole,2,5,,30
Tadpole,2,5,,30
Tadpole,2,5,,30
Tadpole,2,5,,30
Tadpole,2,5,,30
Tadpole,2,5,,30
Tadpole,2,5,,30
Tadpole,2,5,,30
Tadpole,2,5,,30
Tadpole,2,5,,30
Tadpole,2,5,,30
Tadpole,2,5,,30
Tadpole,2,5,,30
Tadpole,2,5,,30
Tadpole,2,5,,30
Tadpole,2,5,,30
Tadpole,2,5,,30
Tadpole,2,5,,30
Tadpole,2,5,,30
Tadpole,2,5,,30
Tadpole,2,5,,30
Tadpole,2,5,,30
Tadpole,2,5,,30
Tadpole,2,5,,30
Tadpole,2,5,,30
Tadpole,2,5,,30
Tadpole,2,5,,30
Tadpole,2,5,,30
Tadpole,2,5,,30
Tadpole,2,5,,30
Tadpole,2,5,,30
Tadpole,2,5,,30
Tadpole,2,5,,30
Tadpole,2,5,,30
Tadpole,2,5,,30
Tadpole,2,5,,30
Tadpole,2,5,,30
Tadpole,2,5,,30
Tadpole,2,5,,30
Tadpole,2,5,,30
Tadpole,2,5,,30
Tadpole,2,5,,30
Tadpole,2,5,,30
Tadpole,2,5,,30
Tadpole,2,5,,30
Tadpole,2,5,,30
Tadpole,2,5,,30
Tadpole,2,5,,30
Tadpole,2,5,,30
Tadpole,3,0,,30
Tadpole,3,0,,30
Tadpole,3,0,,30
Tadpole,3,0,,30
Tadpole,3,0,,30
Tadpole,3,0,,30
Tadpole,3,0,,30
Tadpole,3,0,,30
Tadpole,3,0,,30
Tadpole,3,0,,30
Tadpole,3,0,,30
Tadpole,3,0,,30
Tadpole,3,0,,30
Tadpole,3,0,,30
Tadpole,3,0,,30
Tadpole,3,0,,30
Tadpole,3,0,,30
Tadpole,3,0,,30
Tadpole,3,0,,30
Tadpole,3,0,,30
Tadpole,3,0,,30
Tadpole,3,0,,30
Tadpole,3,0,,30
Tadpole,3,0,,30
Tadpole,3,0,,30
Tadpole,3,0,,30
Tadpole,3,0,,30
Tadpole,3,0,,30
Tadpole,3,0,,30
Tadpole,3,0,,30
Tadpole,3,0,,30
Tadpole,3,0,,30
Tadpole,3,0,,30
Tadpole,3,0,,30
Tadpole,3,0,,30
Tadpole,3,0,,30
Tadpole,3,0,,30
Tadpole,3,0,,30
Tadpole,3,0,,30
Tadpole,3,0,,30
Tadpole,3,0,,30
Tadpole,3,0,,30
Tadpole,3,0,,30
Tadpole,3,0,,30
Tadpole,3,0,,30
Tadpole,3,0,,30
Tadpole,3,0,,30
Tadpole,3,0,,30
Tadpole,3,0,,30
Tadpole,3,0,,30
Tadpole,3,0,,30
Tadpole,3,0,,30
Tadpole,3,0,,30
Tadpole,3,0,,30
Tadpole,3,0,,30
Tadpole,3,0,,30
Tadpole,3,0,,30
Tadpole,3,0,,30
Tadpole,3,0,,30
Tadpole,3,0,,30
Tadpole,3,0,,30
Tadpole,3,0,,30
Tadpole,3,0,,30
Tadpole,3,0,,30
Tadpole,3,0,,30
Tadpole,3,0,,30
Tadpole,3,0,,30
Tadpole,3,0,,30
Tadpole,3,0,,30
Tadpole,3,0,,30
Tadpole,3,0,,30
Tadpole,3,0,,30
Tadpole,3,0,,30
Tadpole,3,0,,30
Tadpole,3,0,,30
Tadpole,3,0,,30
Tadpole,3,0,,30
Tadpole,3,0,,30
Tadpole,3,0,,30
Tadpole,3,0,,30
Tadpole,3,0,,30
Tadpole,3,0,,30
Tadpole,3,0,,30
Tadpole,3,0,,30
Tadpole,3,0,,30
Tadpole,3,0,,30
Tadpole,3,0,,30
Tadpole,3,0,,30
Tadpole,3,0,,30
Tadpole,3,0,,30
Tadpole,3,0,,30
Tadpole,3,0,,30
Tadpole,3,0,,30
Tadpole,3,0,,30
Tadpole,3,0,,30
Tadpole,3,0,,30
Tadpole,3,0,,30
Tadpole,3,0,,30
Tadpole,3,0,,30
Tadpole,3,0,,30
Tadpole,3,1,0.0,7
Tadpole,3,1,3.0,2
Tadpole,3,1,1.0,2
Tadpole,3,1,2.0,3
Tadpole,3,1,0.0,3
Tadpole,3,1,2.0,5
Tadpole,3,1,2.0,1
Tadpole,3,1,3.0,2
Tadpole,3,1,3.0,2
Tadpole,3,1,0.0,1
Tadpole,3,1,3.0,6
Tadpole,3,1,3.0,12
Tadpole,3,1,2.0,3
Tadpole,3,1,0.0,1
Tadpole,3,1,0.0,1
Tadpole,3,1,3.0,4
Tadpole,3,1,3.0,2
Tadpole,3,1,0.0,1
Tadpole,3,1,2.0,1
Tadpole,3,1,0.0,3
Tadpole,3,1,3.0,6
Tadpole,3,1,0.0,9
Tadpole,3,1,2.0,1
Tadpole,3,1,0.0,3
Tadpole,3,1,3.0,12
Tadpole,3,1,3.0,4
Tadpole,3,1,3.0,8
Tadpole,3,1,2.0,3
Tadpole,3,1,3.0,8
Tadpole,3,1,3.0,2
Tadpole,3,1,0.0,11
Tadpole,3,1,2.0,3
Tadpole,3,1,0.0,1
Tadpole,3,1,2.0,3
Tadpole,3,1,3.0,4
Tadpole,3,1,2.0,1
Tadpole,3,1,2.0,1
Tadpole,3,1,2.0,1
Tadpole,3,1,3.0,10
Tadpole,3,1,0.0,11
Tadpole,3,1,2.0,1
Tadpole,3,1,3.0,2
Tadpole,3,1,3.0,10
Tadpole,3,1,3.0,18
Tadpole,3,1,3.0,4
Tadpole,3,1,0.0,1
Tadpole,3,1,0.0,7
Tadpole,3,1,2.0,1
Tadpole,3,1,1.0,2
Tadpole,3,1,0.0,1
Tadpole,3,1,0.0,1
Tadpole,3,1,3.0,2
Tadpole,3,1,2.0,1
Tadpole,3,1,3.0,8
Tadpole,3,1,3.0,4
Tadpole,3,1,2.0,1
Tadpole,3,1,2.0,1
Tadpole,3,1,2.0,5
Tadpole,3,1,1.0,2
Tadpole,3,1,0.0,1
Tadpole,3,1,3.0,4
Tadpole,3,1,3.0,4
Tadpole,3,1,2.0,1
Tadpole,3,1,2.0,1
Tadpole,3,1,3.0,2
Tadpole,3,1,0.0,1
Tadpole,3,1,2.0,1
Tadpole,3,1,1.0,2
Tadpole,3,1,0.0,5
Tadpole,3,1,3.0,2
Tadpole,3,1,0.0,1
Tadpole,3,1,0.0,5
Tadpole,3,1,2.0,1
Tadpole,3,1,2.0,5
Tadpole,3,1,4.0,5
Tadpole,3,1,3.0,8
Tadpole,3,1,2.0,3
Tadpole,3,1,3.0,24
Tadpole,3,1,0.0,3
Tadpole,3,1,3.0,18
Tadpole,3,1,2.0,1
Tadpole,3,1,3.0,2
Tadpole,3,1,2.0,3
Tadpole,3,1,2.0,1
Tadpole,3,1,0.0,1
Tadpole,3,1,3.0,2
Tadpole,3,1,2.0,1
Tadpole,3,1,0.0,1
Tadpole,3,1,0.0,1
Tadpole,3,1,3.0,2
Tadpole,3,1,0.0,1
Tadpole,3,1,3.0,12
Tadpole,3,1,0.0,1
Tadpole,3,1,3.0,2
Tadpole,3,1,3.0,4
Tadpole,3,1,1.0,2
Tadpole,3,1,2.0,1
Tadpole,3,1,2.0,1
Tadpole,3,1,0.0,1
Tadpole,3,1,4.0,3
Tadpole,3,2,,30
Tadpole,3,2,,30
Tadpole,3,2,,30
Tadpole,3,2,,30
Tadpole,3,2,,30
Tadpole,3,2,,30
Tadpole,3,2,,30
Tadpole,3,2,,30
Tadpole,3,2,,30
Tadpole,3,2,,30
Tadpole,3,2,,30
Tadpole,3,2,,30
Tadpole,3,2,,30
Tadpole,3,2,,30
Tadpole,3,2,,30
Tadpole,3,2,,30
Tadpole,3,2,,30
Tadpole,3,2,,30
Tadpole,3,2,,30
Tadpole,3,2,,30
Tadpole,3,2,,30
Tadpole,3,2,,30
Tadpole,3,2,,30
Tadpole,3,2,,30
Tadpole,3,2,,30
Tadpole,3,2,,30
Tadpole,3,2,,30
Tadpole,3,2,,30
Tadpole,3,2,,30
Tadpole,3,2,,30
Tadpole,3,2,,30
Tadpole,3,2,,30
Tadpole,3,2,,30
Tadpole,3,2,,30
Tadpole,3,2,,30
Tadpole,3,2,,30
Tadpole,3,2,,30
Tadpole,3,2,,30
Tadpole,3,2,,30
Tadpole,3,2,,30
Tadpole,3,2,,30
Tadpole,3,2,,30
Tadpole,3,2,,30
Tadpole,3,2,,30
Tadpole,3,2,,30
Tadpole,3,2,,30
Tadpole,3,2,,30
Tadpole,3,2,,30
Tadpole,3,2,,30
Tadpole,3,2,,30
Tadpole,3,2,,30
Tadpole,3,2,,30
Tadpole,3,2,,30
Tadpole,3,2,,30
Tadpole,3,2,,30
Tadpole,3,2,,30
Tadpole,3,2,,30
Tadpole,3,2,,30
Tadpole,3,2,,30
Tadpole,3,2,,30
Tadpole,3,2,,30
Tadpole,3,2,,30
Tadpole,3,2,,30
Tadpole,3,2,,30
Tadpole,3,2,,30
Tadpole,3,2,,30
Tadpole,3,2,,30
Tadpole,3,2,,30
Tadpole,3,2,,30
Tadpole,3,2,,30
Tadpole,3,2,,30
Tadpole,3,2,,30
Tadpole,3,2,,30
Tadpole,3,2,,30
Tadpole,3,2,,30
Tadpole,3,2,,30
Tadpole,3,2,,30
Tadpole,3,2,,30
Tadpole,3,2,,30
Tadpole,3,2,,30
Tadpole,3,2,,30
Tadpole,3,2,,30
Tadpole,3,2,,30
Tadpole,3,2,,30
Tadpole,3,2,,30
Tadpole,3,2,,30
Tadpole,3,2,,30
Tadpole,3,2,,30
Tadpole,3,2,,30
Tadpole,3,2,,30
Tadpole,3,2,,30
Tadpole,3,2,,30
Tadpole,3,2,,30
Tadpole,3,2,,30
Tadpole,3,2,,30
Tadpole,3,2,,30
Tadpole,3,2,,30
Tadpole,3,2,,30
Tadpole,3,2,,30
Tadpole,3,2,,30
Tadpole,3,3,3.0,4
Tadpole,3,3,3.0,4
Tadpole,3,3,2.0,3
Tadpole,3,3,1.0,2
Tadpole,3,3,4.0,1
Tadpole,3,3,3.0,4
Tadpole,3,3,3.0,2
Tadpole,3,3,2.0,15
Tadpole,3,3,1.0,2
Tadpole,3,3,0.0,1
Tadpole,3,3,1.0,2
Tadpole,3,3,4.0,3
Tadpole,3,3,3.0,4
Tadpole,3,3,0.0,1
Tadpole,3,3,3.0,8
Tadpole,3,3,3.0,2
Tadpole,3,3,3.0,4
Tadpole,3,3,2.0,3
Tadpole,3,3,1.0,4
Tadpole,3,3,1.0,6
Tadpole,3,3,3.0,4
Tadpole,3,3,3.0,12
Tadpole,3,3,3.0,4
Tadpole,3,3,2.0,1
Tadpole,3,3,3.0,2
Tadpole,3,3,4.0,1
Tadpole,3,3,1.0,4
Tadpole,3,3,4.0,9
Tadpole,3,3,4.0,1
Tadpole,3,3,0.0,7
Tadpole,3,3,2.0,1
Tadpole,3,3,3.0,2
Tadpole,3,3,2.0,1
Tadpole,3,3,3.0,2
Tadpole,3,3,0.0,7
Tadpole,3,3,4.0,3
Tadpole,3,3,4.0,3
Tadpole,3,3,3.0,2
Tadpole,3,3,2.0,1
Tadpole,3,3,4.0,7
Tadpole,3,3,4.0,3
Tadpole,3,3,0.0,3
Tadpole,3,3,2.0,1
Tadpole,3,3,4.0,1
Tadpole,3,3,4.0,5
Tadpole,3,3,4.0,3
Tadpole,3,3,2.0,1
Tadpole,3,3,1.0,4
Tadpole,3,3,2.0,1
Tadpole,3,3,0.0,3
Tadpole,3,3,2.0,5
Tadpole,3,3,4.0,3
Tadpole,3,3,3.0,4
Tadpole,3,3,3.0,4
Tadpole,3,3,1.0,4
Tadpole,3,3,2.0,5
Tadpole,3,3,4.0,1
Tadpole,3,3,3.0,2
Tadpole,3,3,0.0,1
Tadpole,3,3,4.0,1
Tadpole,3,3,3.0,4
Tadpole,3,3,4.0,1
Tadpole,3,3,4.0,5
Tadpole,3,3,4.0,1
Tadpole,3,3,1.0,14
Tadpole,3,3,2.0,13
Tadpole,3,3,4.0,1
Tadpole,3,3,4.0,3
Tadpole,3,3,3.0,2
Tadpole,3,3,3.0,6
Tadpole,3,3,3.0,10
Tadpole,3,3,0.0,1
Tadpole,3,3,4.0,3
Tadpole,3,3,3.0,4
Tadpole,3,3,3.0,2
Tadpole,3,3,3.0,2
Tadpole,3,3,3.0,4
Tadpole,3,3,1.0,2
Tadpole,3,3,3.0,2
Tadpole,3,3,4.0,1
Tadpole,3,3,3.0,4
Tadpole,3,3,3.0,4
Tadpole,3,3,2.0,1
Tadpole,3,3,3.0,4
Tadpole,3,3,0.0,3
Tadpole,3,3,1.0,2
Tadpole,3,3,2.0,3
Tadpole,3,3,3.0,4
Tadpole,3,3,1.0,6
Tadpole,3,3,3.0,2
Tadpole,3,3,3.0,2
Tadpole,3,3,3.0,8
Tadpole,3,3,2.0,1
Tadpole,3,3,2.0,1
Tadpole,3,3,0.0,1
Tadpole,3,3,3.0,8
Tadpole,3,3,4.0,1
Tadpole,3,3,3.0,4
Tadpole,3,3,4.0,1
Tadpole,3,3,4.0,1
Tadpole,3,4,,30
Tadpole,3,4,,30
Tadpole,3,4,,30
Tadpole,3,4,,30
Tadpole,3,4,,30
Tadpole,3,4,,30
Tadpole,3,4,,30
Tadpole,3,4,,30
Tadpole,3,4,,30
Tadpole,3,4,,30
Tadpole,3,4,,30
Tadpole,3,4,,30
Tadpole,3,4,,30
Tadpole,3,4,,30
Tadpole,3,4,,30
Tadpole,3,4,,30
Tadpole,3,4,,30
Tadpole,3,4,,30
Tadpole,3,4,,30
Tadpole,3,4,,30
Tadpole,3,4,,30
Tadpole,3,4,,30
Tadpole,3,4,,30
Tadpole,3,4,,30
Tadpole,3,4,,30
Tadpole,3,4,,30
Tadpole,3,4,,30
Tadpole,3,4,,30
Tadpole,3,4,,30
Tadpole,3,4,,30
Tadpole,3,4,,30
Tadpole,3,4,,30
Tadpole,3,4,,30
Tadpole,3,4,,30
Tadpole,3,4,,30
Tadpole,3,4,,30
Tadpole,3,4,,30
Tadpole,3,4,,30
Tadpole,3,4,,30
Tadpole,3,4,,30
Tadpole,3,4,,30
Tadpole,3,4,,30
Tadpole,3,4,,30
Tadpole,3,4,,30
Tadpole,3,4,,30
Tadpole,3,4,,30
Tadpole,3,4,,30
Tadpole,3,4,,30
Tadpole,3,4,,30
Tadpole,3,4,,30
Tadpole,3,4,,30
Tadpole,3,4,,30
Tadpole,3,4,,30
Tadpole,3,4,,30
Tadpole,3,4,,30
Tadpole,3,4,,30
Tadpole,3,4,,30
Tadpole,3,4,,30
Tadpole,3,4,,30
Tadpole,3,4,,30
Tadpole,3,4,,30
Tadpole,3,4,,30
Tadpole,3,4,,30
Tadpole,3,4,,30
Tadpole,3,4,,30
Tadpole,3,4,,30
Tadpole,3,4,,30
Tadpole,3,4,,30
Tadpole,3,4,,30
Tadpole,3,4,,30
Tadpole,3,4,,30
Tadpole,3,4,,30
Tadpole,3,4,,30
Tadpole,3,4,,30
Tadpole,3,4,,30
Tadpole,3,4,,30
Tadpole,3,4,,30
Tadpole,3,4,,30
Tadpole,3,4,,30
Tadpole,3,4,,30
Tadpole,3,4,,30
Tadpole,3,4,,30
Tadpole,3,4,,30
Tadpole,3,4,,30
Tadpole,3,4,,30
Tadpole,3,4,,30
Tadpole,3,4,,30
Tadpole,3,4,,30
Tadpole,3,4,,30
Tadpole,3,4,,30
Tadpole,3,4,,30
Tadpole,3,4,,30
Tadpole,3,4,,30
Tadpole,3,4,,30
Tadpole,3,4,,30
Tadpole,3,4,,30
Tadpole,3,4,,30
Tadpole,3,4,,30
Tadpole,3,4,,30
Tadpole,3,4,,30
Tadpole,3,5,4.0,1
Tadpole,3,5,0.0,5
Tadpole,3,5,1.0,4
Tadpole,3,5,4.0,1
Tadpole,3,5,0.0,5
Tadpole,3,5,4.0,9
Tadpole,3,5,3.0,4
Tadpole,3,5,4.0,1
Tadpole,3,5,3.0,4
Tadpole,3,5,3.0,4
Tadpole,3,5,4.0,1
Tadpole,3,5,3.0,2
Tadpole,3,5,1.0,12
Tadpole,3,5,4.0,1
Tadpole,3,5,3.0,2
Tadpole,3,5,3.0,2
Tadpole,3,5,1.0,10
Tadpole,3,5,3.0,12
Tadpole,3,5,3.0,4
Tadpole,3,5,4.0,3
Tadpole,3,5,4.0,1
Tadpole,3,5,3.0,2
Tadpole,3,5,2.0,3
Tadpole,3,5,4.0,3
Tadpole,3,5,1.0,6
Tadpole,3,5,4.0,1
Tadpole,3,5,3.0,2
Tadpole,3,5,4.0,1
Tadpole,3,5,3.0,2
Tadpole,3,5,0.0,9
Tadpole,3,5,3.0,14
Tadpole,3,5,3.0,12
Tadpole,3,5,4.0,1
Tadpole,3,5,4.0,1
Tadpole,3,5,3.0,2
Tadpole,3,5,3.0,6
Tadpole,3,5,3.0,2
Tadpole,3,5,0.0,5
Tadpole,3,5,4.0,1
Tadpole,3,5,3.0,2
Tadpole,3,5,4.0,3
Tadpole,3,5,2.0,5
Tadpole,3,5,3.0,10
Tadpole,3,5,4.0,3
Tadpole,3,5,3.0,2
Tadpole,3,5,2.0,5
Tadpole,3,5,3.0,6
Tadpole,3,5,3.0,2
Tadpole,3,5,3.0,2
Tadpole,3,5,0.0,5
Tadpole,3,5,3.0,10
Tadpole,3,5,3.0,4
Tadpole,3,5,4.0,1
Tadpole,3,5,4.0,11
Tadpole,3,5,3.0,2
Tadpole,3,5,3.0,6
Tadpole,3,5,0.0,5
Tadpole,3,5,4.0,1
Tadpole,3,5,2.0,5
Tadpole,3,5,0.0,5
Tadpole,3,5,4.0,1
Tadpole,3,5,3.0,6
Tadpole,3,5,4.0,1
Tadpole,3,5,4.0,5
Tadpole,3,5,3.0,8
Tadpole,3,5,4.0,1
Tadpole,3,5,3.0,6
Tadpole,3,5,3.0,2
Tadpole,3,5,4.0,1
Tadpole,3,5,4.0,1
Tadpole,3,5,4.0,1
Tadpole,3,5,1.0,6
Tadpole,3,5,3.0,6
Tadpole,3,5,4.0,1
Tadpole,3,5,0.0,3
Tadpole,3,5,4.0,1
Tadpole,3,5,4.0,1
Tadpole,3,5,2.0,3
Tadpole,3,5,0.0,3
Tadpole,3,5,4.0,5
Tadpole,3,5,3.0,2
Tadpole,3,5,3.0,2
Tadpole,3,5,3.0,6
Tadpole,3,5,1.0,6
Tadpole,3,5,3.0,2
Tadpole,3,5,4.0,5
Tadpole,3,5,4.0,1
Tadpole,3,5,4.0,1
Tadpole,3,5,4.0,1
Tadpole,3,5,3.0,4
Tadpole,3,5,4.0,5
Tadpole,3,5,3.0,10
Tadpole,3,5,4.0,1
Tadpole,3,5,4.0,3
Tadpole,3,5,3.0,4
Tadpole,3,5,3.0,4
Tadpole,3,5,2.0,5
Tadpole,3,5,3.0,2
Tadpole,3,5,3.0,2
Tadpole,3,5,4.0,1
Tadpole,4,0,3.0,9
Tadpole,4,0,3.0,1
Tadpole,4,0,3.0,1
Tadpole,4,0,4.0,6
Tadpole,4,0,3.0,7
Tadpole,4,0,4.0,14
Tadpole,4,0,2.0,2
Tadpole,4,0,4.0,6
Tadpole,4,0,4.0,2
Tadpole,4,0,3.0,1
Tadpole,4,0,3.0,3
Tadpole,4,0,4.0,12
Tadpole,4,0,3.0,3
Tadpole,4,0,3.0,5
Tadpole,4,0,0.0,8
Tadpole,4,0,3.0,1
Tadpole,4,0,3.0,1
Tadpole,4,0,3.0,3
Tadpole,4,0,3.0,1
Tadpole,4,0,3.0,3
Tadpole,4,0,4.0,2
Tadpole,4,0,3.0,1
Tadpole,4,0,4.0,2
Tadpole,4,0,3.0,3
Tadpole,4,0,3.0,1
Tadpole,4,0,3.0,9
Tadpole,4,0,3.0,9
Tadpole,4,0,0.0,6
Tadpole,4,0,4.0,4
Tadpole,4,0,3.0,5
Tadpole,4,0,2.0,8
Tadpole,4,0,3.0,7
Tadpole,4,0,3.0,3
Tadpole,4,0,3.0,3
Tadpole,4,0,4.0,2
Tadpole,4,0,3.0,1
Tadpole,4,0,2.0,4
Tadpole,4,0,3.0,1
Tadpole,4,0,0.0,4
Tadpole,4,0,2.0,8
Tadpole,4,0,3.0,1
Tadpole,4,0,0.0,8
Tadpole,4,0,3.0,7
Tadpole,4,0,3.0,7
Tadpole,4,0,2.0,2
Tadpole,4,0,3.0,1
Tadpole,4,0,3.0,1
Tadpole,4,0,3.0,3
Tadpole,4,0,3.0,1
Tadpole,4,0,4.0,4
Tadpole,4,0,3.0,1
Tadpole,4,0,0.0,2
Tadpole,4,0,3.0,1
Tadpole,4,0,3.0,9
Tadpole,4,0,4.0,10
Tadpole,4,0,1.0,3
Tadpole,4,0,0.0,4
Tadpole,4,0,3.0,1
Tadpole,4,0,2.0,12
Tadpole,4,0,3.0,1
Tadpole,4,0,3.0,3
Tadpole,4,0,0.0,2
Tadpole,4,0,3.0,1
Tadpole,4,0,3.0,1
Tadpole,4,0,3.0,5
Tadpole,4,0,0.0,2
Tadpole,4,0,3.0,3
Tadpole,4,0,3.0,1
Tadpole,4,0,3.0,7
Tadpole,4,0,4.0,2
Tadpole,4,0,3.0,1
Tadpole,4,0,3.0,1
Tadpole,4,0,0.0,10
Tadpole,4,0,3.0,1
Tadpole,4,0,3.0,1
Tadpole,4,0,4.0,10
Tadpole,4,0,3.0,9
Tadpole,4,0,3.0,1
Tadpole,4,0,0.0,2
Tadpole,4,0,3.0,3
Tadpole,4,0,0.0,2
Tadpole,4,0,0.0,4
Tadpole,4,0,1.0,3
Tadpole,4,0,0.0,10
Tadpole,4,0,3.0,1
Tadpole,4,0,3.0,1
Tadpole,4,0,1.0,7
Tadpole,4,0,3.0,1
Tadpole,4,0,3.0,5
Tadpole,4,0,3.0,1
Tadpole,4,0,0.0,2
Tadpole,4,0,3.0,7
Tadpole,4,0,4.0,2
Tadpole,4,0,3.0,1
Tadpole,4,0,3.0,5
Tadpole,4,0,3.0,1
Tadpole,4,0,3.0,3
Tadpole,4,0,3.0,3
Tadpole,4,0,4.0,8
Tadpole,4,0,2.0,2
Tadpole,4,1,,30
Tadpole,4,1,,30
Tadpole,4,1,,30
Tadpole,4,1,,30
Tadpole,4,1,,30
Tadpole,4,1,,30
Tadpole,4,1,,30
Tadpole,4,1,,30
Tadpole,4,1,,30
Tadpole,4,1,,30
Tadpole,4,1,,30
Tadpole,4,1,,30
Tadpole,4,1,,30
Tadpole,4,1,,30
Tadpole,4,1,,30
Tadpole,4,1,,30
Tadpole,4,1,,30
Tadpole,4,1,,30
Tadpole,4,1,,30
Tadpole,4,1,,30
Tadpole,4,1,,30
Tadpole,4,1,,30
Tadpole,4,1,,30
Tadpole,4,1,,30
Tadpole,4,1,,30
Tadpole,4,1,,30
Tadpole,4,1,,30
Tadpole,4,1,,30
Tadpole,4,1,,30
Tadpole,4,1,,30
Tadpole,4,1,,30
Tadpole,4,1,,30
Tadpole,4,1,,30
Tadpole,4,1,,30
Tadpole,4,1,,30
Tadpole,4,1,,30
Tadpole,4,1,,30
Tadpole,4,1,,30
Tadpole,4,1,,30
Tadpole,4,1,,30
Tadpole,4,1,,30
Tadpole,4,1,,30
Tadpole,4,1,,30
Tadpole,4,1,,30
Tadpole,4,1,,30
Tadpole,4,1,,30
Tadpole,4,1,,30
Tadpole,4,1,,30
Tadpole,4,1,,30
Tadpole,4,1,,30
Tadpole,4,1,,30
Tadpole,4,1,,30
Tadpole,4,1,,30
Tadpole,4,1,,30
Tadpole,4,1,,30
Tadpole,4,1,,30
Tadpole,4,1,,30
Tadpole,4,1,,30
Tadpole,4,1,,30
Tadpole,4,1,,30
Tadpole,4,1,,30
Tadpole,4,1,,30
Tadpole,4,1,,30
Tadpole,4,1,,30
Tadpole,4,1,,30
Tadpole,4,1,,30
Tadpole,4,1,,30
Tadpole,4,1,,30
Tadpole,4,1,,30
Tadpole,4,1,,30
Tadpole,4,1,,30
Tadpole,4,1,,30
Tadpole,4,1,,30
Tadpole,4,1,,30
Tadpole,4,1,,30
Tadpole,4,1,,30
Tadpole,4,1,,30
Tadpole,4,1,,30
Tadpole,4,1,,30
Tadpole,4,1,,30
Tadpole,4,1,,30
Tadpole,4,1,,30
Tadpole,4,1,,30
Tadpole,4,1,,30
Tadpole,4,1,,30
Tadpole,4,1,,30
Tadpole,4,1,,30
Tadpole,4,1,,30
Tadpole,4,1,,30
Tadpole,4,1,,30
Tadpole,4,1,,30
Tadpole,4,1,,30
Tadpole,4,1,,30
Tadpole,4,1,,30
Tadpole,4,1,,30
Tadpole,4,1,,30
Tadpole,4,1,,30
Tadpole,4,1,,30
Tadpole,4,1,,30
Tadpole,4,1,,30
Tadpole,4,2,2.0,4
Tadpole,4,2,3.0,1
Tadpole,4,2,3.0,1
Tadpole,4,2,3.0,1
Tadpole,4,2,3.0,1
Tadpole,4,2,3.0,3
Tadpole,4,2,3.0,9
Tadpole,4,2,2.0,6
Tadpole,4,2,4.0,4
Tadpole,4,2,0.0,2
Tadpole,4,2,2.0,6
Tadpole,4,2,4.0,2
Tadpole,4,2,3.0,3
Tadpole,4,2,3.0,1
Tadpole,4,2,3.0,3
Tadpole,4,2,2.0,2
Tadpole,4,2,3.0,1
Tadpole,4,2,3.0,9
Tadpole,4,2,3.0,1
Tadpole,4,2,3.0,1
Tadpole,4,2,4.0,2
Tadpole,4,2,1.0,3
Tadpole,4,2,3.0,1
Tadpole,4,2,2.0,6
Tadpole,4,2,4.0,6
Tadpole,4,2,2.0,2
Tadpole,4,2,3.0,3
Tadpole,4,2,1.0,5
Tadpole,4,2,3.0,3
Tadpole,4,2,4.0,2
Tadpole,4,2,3.0,5
Tadpole,4,2,3.0,1
Tadpole,4,2,4.0,4
Tadpole,4,2,4.0,2
Tadpole,4,2,0.0,6
Tadpole,4,2,1.0,5
Tadpole,4,2,3.0,1
Tadpole,4,2,4.0,2
Tadpole,4,2,4.0,4
Tadpole,4,2,3.0,3
Tadpole,4,2,3.0,7
Tadpole,4,2,3.0,3
Tadpole,4,2,2.0,4
Tadpole,4,2,3.0,7
Tadpole,4,2,3.0,1
Tadpole,4,2,3.0,1
Tadpole,4,2,3.0,1
Tadpole,4,2,3.0,3
Tadpole,4,2,4.0,2
Tadpole,4,2,3.0,3
Tadpole,4,2,3.0,1
Tadpole,4,2,1.0,3
Tadpole,4,2,3.0,1
Tadpole,4,2,3.0,3
Tadpole,4,2,4.0,2
Tadpole,4,2,3.0,1
Tadpole,4,2,3.0,1
Tadpole,4,2,2.0,10
Tadpole,4,2,1.0,7
Tadpole,4,2,3.0,1
Tadpole,4,2,1.0,5
Tadpole,4,2,3.0,3
Tadpole,4,2,0.0,2
Tadpole,4,2,3.0,3
Tadpole,4,2,1.0,7
Tadpole,4,2,3.0,7
Tadpole,4,2,3.0,3
Tadpole,4,2,2.0,4
Tadpole,4,2,3.0,1
Tadpole,4,2,0.0,2
Tadpole,4,2,3.0,5
Tadpole,4,2,0.0,2
Tadpole,4,2,3.0,13
Tadpole,4,2,4.0,4
Tadpole,4,2,3.0,1
Tadpole,4,2,4.0,2
Tadpole,4,2,4.0,6
Tadpole,4,2,2.0,4
Tadpole,4,2,0.0,6
Tadpole,4,2,2.0,4
Tadpole,4,2,0.0,4
Tadpole,4,2,0.0,4
Tadpole,4,2,3.0,5
Tadpole,4,2,2.0,6
Tadpole,4,2,3.0,9
Tadpole,4,2,2.0,8
Tadpole,4,2,3.0,7
Tadpole,4,2,2.0,4
Tadpole,4,2,4.0,4
Tadpole,4,2,3.0,7
Tadpole,4,2,3.0,1
Tadpole,4,2,3.0,1
Tadpole,4,2,4.0,4
Tadpole,4,2,2.0,4
Tadpole,4,2,0.0,6
Tadpole,4,2,2.0,6
Tadpole,4,2,4.0,2
Tadpole,4,2,3.0,1
Tadpole,4,2,3.0,1
Tadpole,4,2,0.0,2
Tadpole,4,3,,30
Tadpole,4,3,,30
Tadpole,4,3,,30
Tadpole,4,3,,30
Tadpole,4,3,,30
Tadpole,4,3,,30
Tadpole,4,3,,30
Tadpole,4,3,,30
Tadpole,4,3,,30
Tadpole,4,3,,30
Tadpole,4,3,,30
Tadpole,4,3,,30
Tadpole,4,3,,30
Tadpole,4,3,,30
Tadpole,4,3,,30
Tadpole,4,3,,30
Tadpole,4,3,,30
Tadpole,4,3,,30
Tadpole,4,3,,30
Tadpole,4,3,,30
Tadpole,4,3,,30
Tadpole,4,3,,30
Tadpole,4,3,,30
Tadpole,4,3,,30
Tadpole,4,3,,30
Tadpole,4,3,,30
Tadpole,4,3,,30
Tadpole,4,3,,30
Tadpole,4,3,,30
Tadpole,4,3,,30
Tadpole,4,3,,30
Tadpole,4,3,,30
Tadpole,4,3,,30
Tadpole,4,3,,30
Tadpole,4,3,,30
Tadpole,4,3,,30
Tadpole,4,3,,30
Tadpole,4,3,,30
Tadpole,4,3,,30
Tadpole,4,3,,30
Tadpole,4,3,,30
Tadpole,4,3,,30
Tadpole,4,3,,30
Tadpole,4,3,,30
Tadpole,4,3,,30
Tadpole,4,3,,30
Tadpole,4,3,,30
Tadpole,4,3,,30
Tadpole,4,3,,30
Tadpole,4,3,,30
Tadpole,4,3,,30
Tadpole,4,3,,30
Tadpole,4,3,,30
Tadpole,4,3,,30
Tadpole,4,3,,30
Tadpole,4,3,,30
Tadpole,4,3,,30
Tadpole,4,3,,30
Tadpole,4,3,,30
Tadpole,4,3,,30
Tadpole,4,3,,30
Tadpole,4,3,,30
Tadpole,4,3,,30
Tadpole,4,3,,30
Tadpole,4,3,,30
Tadpole,4,3,,30
Tadpole,4,3,,30
Tadpole,4,3,,30
Tadpole,4,3,,30
Tadpole,4,3,,30
Tadpole,4,3,,30
Tadpole,4,3,,30
Tadpole,4,3,,30
Tadpole,4,3,,30
Tadpole,4,3,,30
Tadpole,4,3,,30
Tadpole,4,3,,30
Tadpole,4,3,,30
Tadpole,4,3,,30
Tadpole,4,3,,30
Tadpole,4,3,,30
Tadpole,4,3,,30
Tadpole,4,3,,30
Tadpole,4,3,,30
Tadpole,4,3,,30
Tadpole,4,3,,30
Tadpole,4,3,,30
Tadpole,4,3,,30
Tadpole,4,3,,30
Tadpole,4,3,,30
Tadpole,4,3,,30
Tadpole,4,3,,30
Tadpole,4,3,,30
Tadpole,4,3,,30
Tadpole,4,3,,30
Tadpole,4,3,,30
Tadpole,4,3,,30
Tadpole,4,3,,30
Tadpole,4,3,,30
Tadpole,4,3,,30
Tadpole,4,4,3.0,1
Tadpole,4,4,3.0,9
Tadpole,4,4,5.0,1
Tadpole,4,4,3.0,1
Tadpole,4,4,3.0,1
Tadpole,4,4,3.0,1
Tadpole,4,4,3.0,7
Tadpole,4,4,5.0,1
Tadpole,4,4,4.0,2
Tadpole,4,4,2.0,4
Tadpole,4,4,5.0,1
Tadpole,4,4,4.0,2
Tadpole,4,4,5.0,1
Tadpole,4,4,0.0,6
Tadpole,4,4,4.0,2
Tadpole,4,4,3.0,1
Tadpole,4,4,3.0,1
Tadpole,4,4,5.0,1
Tadpole,4,4,4.0,2
Tadpole,4,4,5.0,1
Tadpole,4,4,4.0,2
Tadpole,4,4,3.0,1
Tadpole,4,4,4.0,4
Tadpole,4,4,2.0,4
Tadpole,4,4,3.0,1
Tadpole,4,4,3.0,1
Tadpole,4,4,5.0,1
Tadpole,4,4,3.0,1
Tadpole,4,4,1.0,7
Tadpole,4,4,0.0,4
Tadpole,4,4,3.0,1
Tadpole,4,4,5.0,1
Tadpole,4,4,3.0,3
Tadpole,4,4,4.0,4
Tadpole,4,4,4.0,2
Tadpole,4,4,3.0,3
Tadpole,4,4,4.0,6
Tadpole,4,4,4.0,2
Tadpole,4,4,3.0,1
Tadpole,4,4,3.0,1
Tadpole,4,4,3.0,3
Tadpole,4,4,5.0,1
Tadpole,4,4,3.0,1
Tadpole,4,4,3.0,1
Tadpole,4,4,5.0,1
Tadpole,4,4,5.0,1
Tadpole,4,4,5.0,1
Tadpole,4,4,4.0,2
Tadpole,4,4,3.0,1
Tadpole,4,4,4.0,6
Tadpole,4,4,3.0,3
Tadpole,4,4,3.0,1
Tadpole,4,4,4.0,2
Tadpole,4,4,2.0,6
Tadpole,4,4,0.0,6
Tadpole,4,4,5.0,1
Tadpole,4,4,3.0,7
Tadpole,4,4,5.0,1
Tadpole,4,4,4.0,2
Tadpole,4,4,1.0,5
Tadpole,4,4,3.0,1
Tadpole,4,4,5.0,1
Tadpole,4,4,4.0,2
Tadpole,4,4,5.0,1
Tadpole,4,4,4.0,4
Tadpole,4,4,3.0,1
Tadpole,4,4,3.0,1
Tadpole,4,4,5.0,1
Tadpole,4,4,3.0,1
Tadpole,4,4,3.0,1
Tadpole,4,4,4.0,2
Tadpole,4,4,5.0,1
Tadpole,4,4,3.0,1
Tadpole,4,4,4.0,4
Tadpole,4,4,3.0,3
Tadpole,4,4,0.0,4
Tadpole,4,4,3.0,1
Tadpole,4,4,3.0,5
Tadpole,4,4,2.0,8
Tadpole,4,4,3.0,1
Tadpole,4,4,3.0,1
Tadpole,4,4,3.0,1
Tadpole,4,4,3.0,3
Tadpole,4,4,4.0,2
Tadpole,4,4,3.0,1
Tadpole,4,4,3.0,1
Tadpole,4,4,3.0,1
Tadpole,4,4,4.0,2
Tadpole,4,4,3.0,5
Tadpole,4,4,5.0,1
Tadpole,4,4,4.0,2
Tadpole,4,4,4.0,4
Tadpole,4,4,0.0,6
Tadpole,4,4,3.0,1
Tadpole,4,4,3.0,1
Tadpole,4,4,4.0,2
Tadpole,4,4,3.0,7
Tadpole,4,4,1.0,17
Tadpole,4,4,3.0,1
Tadpole,4,4,3.0,5
Tadpole,4,5,,30
Tadpole,4,5,,30
Tadpole,4,5,,30
Tadpole,4,5,,30
Tadpole,4,5,,30
Tadpole,4,5,,30
Tadpole,4,5,,30
Tadpole,4,5,,30
Tadpole,4,5,,30
Tadpole,4,5,,30
Tadpole,4,5,,30
Tadpole,4,5,,30
Tadpole,4,5,,30
Tadpole,4,5,,30
Tadpole,4,5,,30
Tadpole,4,5,,30
Tadpole,4,5,,30
Tadpole,4,5,,30
Tadpole,4,5,,30
Tadpole,4,5,,30
Tadpole,4,5,,30
Tadpole,4,5,,30
Tadpole,4,5,,30
Tadpole,4,5,,30
Tadpole,4,5,,30
Tadpole,4,5,,30
Tadpole,4,5,,30
Tadpole,4,5,,30
Tadpole,4,5,,30
Tadpole,4,5,,30
Tadpole,4,5,,30
Tadpole,4,5,,30
Tadpole,4,5,,30
Tadpole,4,5,,30
Tadpole,4,5,,30
Tadpole,4,5,,30
Tadpole,4,5,,30
Tadpole,4,5,,30
Tadpole,4,5,,30
Tadpole,4,5,,30
Tadpole,4,5,,30
Tadpole,4,5,,30
Tadpole,4,5,,30
Tadpole,4,5,,30
Tadpole,4,5,,30
Tadpole,4,5,,30
Tadpole,4,5,,30
Tadpole,4,5,,30
Tadpole,4,5,,30
Tadpole,4,5,,30
Tadpole,4,5,,30
Tadpole,4,5,,30
Tadpole,4,5,,30
Tadpole,4,5,,30
Tadpole,4,5,,30
Tadpole,4,5,,30
Tadpole,4,5,,30
Tadpole,4,5,,30
Tadpole,4,5,,30
Tadpole,4,5,,30
Tadpole,4,5,,30
Tadpole,4,5,,30
Tadpole,4,5,,30
Tadpole,4,5,,30
Tadpole,4,5,,30
Tadpole,4,5,,30
Tadpole,4,5,,30
Tadpole,4,5,,30
Tadpole,4,5,,30
Tadpole,4,5,,30
Tadpole,4,5,,30
Tadpole,4,5,,30
Tadpole,4,5,,30
Tadpole,4,5,,30
Tadpole,4,5,,30
Tadpole,4,5,,30
Tadpole,4,5,,30
Tadpole,4,5,,30
Tadpole,4,5,,30
Tadpole,4,5,,30
Tadpole,4,5,,30
Tadpole,4,5,,30
Tadpole,4,5,,30
Tadpole,4,5,,30
Tadpole,4,5,,30
Tadpole,4,5,,30
Tadpole,4,5,,30
Tadpole,4,5,,30
Tadpole,4,5,,30
Tadpole,4,5,,30
Tadpole,4,5,,30
Tadpole,4,5,,30
Tadpole,4,5,,30
Tadpole,4,5,,30
Tadpole,4,5,,30
Tadpole,4,5,,30
Tadpole,4,5,,30
Tadpole,4,5,,30
Tadpole,4,5,,30
Tadpole,4,5,,30
Tadpole,5,0,,30
Tadpole,5,0,,30
Tadpole,5,0,,30
Tadpole,5,0,,30
Tadpole,5,0,,30
Tadpole,5,0,,30
Tadpole,5,0,,30
Tadpole,5,0,,30
Tadpole,5,0,,30
Tadpole,5,0,,30
Tadpole,5,0,,30
Tadpole,5,0,,30
Tadpole,5,0,,30
Tadpole,5,0,,30
Tadpole,5,0,,30
Tadpole,5,0,,30
Tadpole,5,0,,30
Tadpole,5,0,,30
Tadpole,5,0,,30
Tadpole,5,0,,30
Tadpole,5,0,,30
Tadpole,5,0,,30
Tadpole,5,0,,30
Tadpole,5,0,,30
Tadpole,5,0,,30
Tadpole,5,0,,30
Tadpole,5,0,,30
Tadpole,5,0,,30
Tadpole,5,0,,30
Tadpole,5,0,,30
Tadpole,5,0,,30
Tadpole,5,0,,30
Tadpole,5,0,,30
Tadpole,5,0,,30
Tadpole,5,0,,30
Tadpole,5,0,,30
Tadpole,5,0,,30
Tadpole,5,0,,30
Tadpole,5,0,,30
Tadpole,5,0,,30
Tadpole,5,0,,30
Tadpole,5,0,,30
Tadpole,5,0,,30
Tadpole,5,0,,30
Tadpole,5,0,,30
Tadpole,5,0,,30
Tadpole,5,0,,30
Tadpole,5,0,,30
Tadpole,5,0,,30
Tadpole,5,0,,30
Tadpole,5,0,,30
Tadpole,5,0,,30
Tadpole,5,0,,30
Tadpole,5,0,,30
Tadpole,5,0,,30
Tadpole,5,0,,30
Tadpole,5,0,,30
Tadpole,5,0,,30
Tadpole,5,0,,30
Tadpole,5,0,,30
Tadpole,5,0,,30
Tadpole,5,0,,30
Tadpole,5,0,,30
Tadpole,5,0,,30
Tadpole,5,0,,30
Tadpole,5,0,,30
Tadpole,5,0,,30
Tadpole,5,0,,30
Tadpole,5,0,,30
Tadpole,5,0,,30
Tadpole,5,0,,30
Tadpole,5,0,,30
Tadpole,5,0,,30
Tadpole,5,0,,30
Tadpole,5,0,,30
Tadpole,5,0,,30
Tadpole,5,0,,30
Tadpole,5,0,,30
Tadpole,5,0,,30
Tadpole,5,0,,30
Tadpole,5,0,,30
Tadpole,5,0,,30
Tadpole,5,0,,30
Tadpole,5,0,,30
Tadpole,5,0,,30
Tadpole,5,0,,30
Tadpole,5,0,,30
Tadpole,5,0,,30
Tadpole,5,0,,30
Tadpole,5,0,,30
Tadpole,5,0,,30
Tadpole,5,0,,30
Tadpole,5,0,,30
Tadpole,5,0,,30
Tadpole,5,0,,30
Tadpole,5,0,,30
Tadpole,5,0,,30
Tadpole,5,0,,30
Tadpole,5,0,,30
Tadpole,5,0,,30
Tadpole,5,1,3.0,10
Tadpole,5,1,3.0,2
Tadpole,5,1,3.0,8
Tadpole,5,1,2.0,5
Tadpole,5,1,3.0,2
Tadpole,5,1,3.0,2
Tadpole,5,1,3.0,2
Tadpole,5,1,3.0,2
Tadpole,5,1,3.0,6
Tadpole,5,1,3.0,2
Tadpole,5,1,3.0,6
Tadpole,5,1,3.0,4
Tadpole,5,1,3.0,6
Tadpole,5,1,1.0,4
Tadpole,5,1,3.0,10
Tadpole,5,1,4.0,3
Tadpole,5,1,3.0,4
Tadpole,5,1,3.0,18
Tadpole,5,1,3.0,4
Tadpole,5,1,3.0,2
Tadpole,5,1,2.0,7
Tadpole,5,1,3.0,2
Tadpole,5,1,3.0,6
Tadpole,5,1,0.0,5
Tadpole,5,1,3.0,4
Tadpole,5,1,3.0,2
Tadpole,5,1,3.0,6
Tadpole,5,1,0.0,5
Tadpole,5,1,3.0,4
Tadpole,5,1,4.0,3
Tadpole,5,1,0.0,3
Tadpole,5,1,3.0,8
Tadpole,5,1,2.0,11
Tadpole,5,1,3.0,2
Tadpole,5,1,2.0,5
Tadpole,5,1,3.0,6
Tadpole,5,1,0.0,5
Tadpole,5,1,3.0,6
Tadpole,5,1,2.0,3
Tadpole,5,1,0.0,3
Tadpole,5,1,2.0,3
Tadpole,5,1,3.0,6
Tadpole,5,1,0.0,7
Tadpole,5,1,3.0,2
Tadpole,5,1,3.0,2
Tadpole,5,1,3.0,2
Tadpole,5,1,3.0,4
Tadpole,5,1,2.0,3
Tadpole,5,1,3.0,2
Tadpole,5,1,0.0,13
Tadpole,5,1,3.0,2
Tadpole,5,1,0.0,5
Tadpole,5,1,3.0,4
Tadpole,5,1,3.0,6
Tadpole,5,1,3.0,4
Tadpole,5,1,3.0,2
Tadpole,5,1,3.0,2
Tadpole,5,1,3.0,2
Tadpole,5,1,3.0,6
Tadpole,5,1,4.0,9
Tadpole,5,1,3.0,2
Tadpole,5,1,2.0,7
Tadpole,5,1,4.0,3
Tadpole,5,1,3.0,6
Tadpole,5,1,3.0,4
Tadpole,5,1,3.0,2
Tadpole,5,1,3.0,2
Tadpole,5,1,3.0,6
Tadpole,5,1,3.0,6
Tadpole,5,1,3.0,6
Tadpole,5,1,0.0,7
Tadpole,5,1,3.0,4
Tadpole,5,1,3.0,8
Tadpole,5,1,3.0,2
Tadpole,5,1,3.0,2
Tadpole,5,1,4.0,3
Tadpole,5,1,2.0,5
Tadpole,5,1,3.0,4
Tadpole,5,1,3.0,2
Tadpole,5,1,3.0,2
Tadpole,5,1,3.0,4
Tadpole,5,1,3.0,2
Tadpole,5,1,3.0,2
Tadpole,5,1,3.0,2
Tadpole,5,1,4.0,3
Tadpole,5,1,3.0,4
Tadpole,5,1,4.0,3
Tadpole,5,1,3.0,6
Tadpole,5,1,0.0,7
Tadpole,5,1,3.0,6
Tadpole,5,1,2.0,9
Tadpole,5,1,4.0,9
Tadpole,5,1,3.0,4
Tadpole,5,1,3.0,2
Tadpole,5,1,3.0,6
Tadpole,5,1,1.0,4
Tadpole,5,1,3.0,4
Tadpole,5,1,4.0,3
Tadpole,5,1,3.0,2
Tadpole,5,1,3.0,2
Tadpole,5,2,,30
Tadpole,5,2,,30
Tadpole,5,2,,30
Tadpole,5,2,,30
Tadpole,5,2,,30
Tadpole,5,2,,30
Tadpole,5,2,,30
Tadpole,5,2,,30
Tadpole,5,2,,30
Tadpole,5,2,,30
Tadpole,5,2,,30
Tadpole,5,2,,30
Tadpole,5,2,,30
Tadpole,5,2,,30
Tadpole,5,2,,30
Tadpole,5,2,,30
Tadpole,5,2,,30
Tadpole,5,2,,30
Tadpole,5,2,,30
Tadpole,5,2,,30
Tadpole,5,2,,30
Tadpole,5,2,,30
Tadpole,5,2,,30
Tadpole,5,2,,30
Tadpole,5,2,,30
Tadpole,5,2,,30
Tadpole,5,2,,30
Tadpole,5,2,,30
Tadpole,5,2,,30
Tadpole,5,2,,30
Tadpole,5,2,,30
Tadpole,5,2,,30
Tadpole,5,2,,30
Tadpole,5,2,,30
Tadpole,5,2,,30
Tadpole,5,2,,30
Tadpole,5,2,,30
Tadpole,5,2,,30
Tadpole,5,2,,30
Tadpole,5,2,,30
Tadpole,5,2,,30
Tadpole,5,2,,30
Tadpole,5,2,,30
Tadpole,5,2,,30
Tadpole,5,2,,30
Tadpole,5,2,,30
Tadpole,5,2,,30
Tadpole,5,2,,30
Tadpole,5,2,,30
Tadpole,5,2,,30
Tadpole,5,2,,30
Tadpole,5,2,,30
Tadpole,5,2,,30
Tadpole,5,2,,30
Tadpole,5,2,,30
Tadpole,5,2,,30
Tadpole,5,2,,30
Tadpole,5,2,,30
Tadpole,5,2,,30
Tadpole,5,2,,30
Tadpole,5,2,,30
Tadpole,5,2,,30
Tadpole,5,2,,30
Tadpole,5,2,,30
Tadpole,5,2,,30
Tadpole,5,2,,30
Tadpole,5,2,,30
Tadpole,5,2,,30
Tadpole,5,2,,30
Tadpole,5,2,,30
Tadpole,5,2,,30
Tadpole,5,2,,30
Tadpole,5,2,,30
Tadpole,5,2,,30
Tadpole,5,2,,30
Tadpole,5,2,,30
Tadpole,5,2,,30
Tadpole,5,2,,30
Tadpole,5,2,,30
Tadpole,5,2,,30
Tadpole,5,2,,30
Tadpole,5,2,,30
Tadpole,5,2,,30
Tadpole,5,2,,30
Tadpole,5,2,,30
Tadpole,5,2,,30
Tadpole,5,2,,30
Tadpole,5,2,,30
Tadpole,5,2,,30
Tadpole,5,2,,30
Tadpole,5,2,,30
Tadpole,5,2,,30
Tadpole,5,2,,30
Tadpole,5,2,,30
Tadpole,5,2,,30
Tadpole,5,2,,30
Tadpole,5,2,,30
Tadpole,5,2,,30
Tadpole,5,2,,30
Tadpole,5,2,,30
Tadpole,5,3,3.0,12
Tadpole,5,3,3.0,2
Tadpole,5,3,3.0,4
Tadpole,5,3,3.0,12
Tadpole,5,3,4.0,1
Tadpole,5,3,2.0,5
Tadpole,5,3,4.0,3
Tadpole,5,3,3.0,4
Tadpole,5,3,2.0,11
Tadpole,5,3,0.0,11
Tadpole,5,3,3.0,2
Tadpole,5,3,4.0,1
Tadpole,5,3,2.0,11
Tadpole,5,3,4.0,7
Tadpole,5,3,3.0,16
Tadpole,5,3,3.0,6
Tadpole,5,3,4.0,1
Tadpole,5,3,3.0,4
Tadpole,5,3,4.0,1
Tadpole,5,3,4.0,1
Tadpole,5,3,4.0,5
Tadpole,5,3,3.0,4
Tadpole,5,3,3.0,2
Tadpole,5,3,3.0,2
Tadpole,5,3,3.0,2
Tadpole,5,3,3.0,4
Tadpole,5,3,4.0,1
Tadpole,5,3,3.0,12
Tadpole,5,3,3.0,2
Tadpole,5,3,3.0,2
Tadpole,5,3,3.0,2
Tadpole,5,3,3.0,2
Tadpole,5,3,3.0,2
Tadpole,5,3,2.0,3
Tadpole,5,3,2.0,3
Tadpole,5,3,3.0,10
Tadpole,5,3,2.0,3
Tadpole,5,3,3.0,4
Tadpole,5,3,1.0,4
Tadpole,5,3,3.0,2
Tadpole,5,3,3.0,2
Tadpole,5,3,4.0,9
Tadpole,5,3,3.0,2
Tadpole,5,3,3.0,2
Tadpole,5,3,2.0,5
Tadpole,5,3,3.0,2
Tadpole,5,3,4.0,1
Tadpole,5,3,3.0,2
Tadpole,5,3,4.0,5
Tadpole,5,3,4.0,1
Tadpole,5,3,3.0,4
Tadpole,5,3,4.0,1
Tadpole,5,3,4.0,1
Tadpole,5,3,4.0,1
Tadpole,5,3,4.0,1
Tadpole,5,3,3.0,2
Tadpole,5,3,4.0,1
Tadpole,5,3,0.0,5
Tadpole,5,3,0.0,7
Tadpole,5,3,2.0,3
Tadpole,5,3,3.0,2
Tadpole,5,3,4.0,1
Tadpole,5,3,4.0,1
Tadpole,5,3,2.0,5
Tadpole,5,3,3.0,4
Tadpole,5,3,3.0,4
Tadpole,5,3,3.0,2
Tadpole,5,3,3.0,4
Tadpole,5,3,4.0,1
Tadpole,5,3,0.0,5
Tadpole,5,3,4.0,1
Tadpole,5,3,4.0,1
Tadpole,5,3,3.0,2
Tadpole,5,3,4.0,5
Tadpole,5,3,4.0,1
Tadpole,5,3,4.0,3
Tadpole,5,3,4.0,7
Tadpole,5,3,4.0,1
Tadpole,5,3,2.0,7
Tadpole,5,3,3.0,2
Tadpole,5,3,4.0,1
Tadpole,5,3,4.0,1
Tadpole,5,3,3.0,6
Tadpole,5,3,3.0,16
Tadpole,5,3,0.0,3
Tadpole,5,3,0.0,5
Tadpole,5,3,1.0,6
Tadpole,5,3,0.0,3
Tadpole,5,3,1.0,8
Tadpole,5,3,4.0,5
Tadpole,5,3,4.0,3
Tadpole,5,3,3.0,2
Tadpole,5,3,2.0,3
Tadpole,5,3,3.0,2
Tadpole,5,3,3.0,6
Tadpole,5,3,4.0,1
Tadpole,5,3,4.0,1
Tadpole,5,3,3.0,2
Tadpole,5,3,4.0,1
Tadpole,5,3,2.0,3
Tadpole,5,4,,30
Tadpole,5,4,,30
Tadpole,5,4,,30
Tadpole,5,4,,30
Tadpole,5,4,,30
Tadpole,5,4,,30
Tadpole,5,4,,30
Tadpole,5,4,,30
Tadpole,5,4,,30
Tadpole,5,4,,30
Tadpole,5,4,,30
Tadpole,5,4,,30
Tadpole,5,4,,30
Tadpole,5,4,,30
Tadpole,5,4,,30
Tadpole,5,4,,30
Tadpole,5,4,,30
Tadpole,5,4,,30
Tadpole,5,4,,30
Tadpole,5,4,,30
Tadpole,5,4,,30
Tadpole,5,4,,30
Tadpole,5,4,,30
Tadpole,5,4,,30
Tadpole,5,4,,30
Tadpole,5,4,,30
Tadpole,5,4,,30
Tadpole,5,4,,30
Tadpole,5,4,,30
Tadpole,5,4,,30
Tadpole,5,4,,30
Tadpole,5,4,,30
Tadpole,5,4,,30
Tadpole,5,4,,30
Tadpole,5,4,,30
Tadpole,5,4,,30
Tadpole,5,4,,30
Tadpole,5,4,,30
Tadpole,5,4,,30
Tadpole,5,4,,30
Tadpole,5,4,,30
Tadpole,5,4,,30
Tadpole,5,4,,30
Tadpole,5,4,,30
Tadpole,5,4,,30
Tadpole,5,4,,30
Tadpole,5,4,,30
Tadpole,5,4,,30
Tadpole,5,4,,30
Tadpole,5,4,,30
Tadpole,5,4,,30
Tadpole,5,4,,30
Tadpole,5,4,,30
Tadpole,5,4,,30
Tadpole,5,4,,30
Tadpole,5,4,,30
Tadpole,5,4,,30
Tadpole,5,4,,30
Tadpole,5,4,,30
Tadpole,5,4,,30
Tadpole,5,4,,30
Tadpole,5,4,,30
Tadpole,5,4,,30
Tadpole,5,4,,30
Tadpole,5,4,,30
Tadpole,5,4,,30
Tadpole,5,4,,30
Tadpole,5,4,,30
Tadpole,5,4,,30
Tadpole,5,4,,30
Tadpole,5,4,,30
Tadpole,5,4,,30
Tadpole,5,4,,30
Tadpole,5,4,,30
Tadpole,5,4,,30
Tadpole,5,4,,30
Tadpole,5,4,,30
Tadpole,5,4,,30
Tadpole,5,4,,30
Tadpole,5,4,,30
Tadpole,5,4,,30
Tadpole,5,4,,30
Tadpole,5,4,,30
Tadpole,5,4,,30
Tadpole,5,4,,30
Tadpole,5,4,,30
Tadpole,5,4,,30
Tadpole,5,4,,30
Tadpole,5,4,,30
Tadpole,5,4,,30
Tadpole,5,4,,30
Tadpole,5,4,,30
Tadpole,5,4,,30
Tadpole,5,4,,30
Tadpole,5,4,,30
Tadpole,5,4,,30
Tadpole,5,4,,30
Tadpole,5,4,,30
Tadpole,5,4,,30
Tadpole,5,4,,30
Tadpole,5,5,4.0,1
Tadpole,5,5,4.0,1
Tadpole,5,5,4.0,1
Tadpole,5,5,4.0,1
Tadpole,5,5,4.0,1
Tadpole,5,5,4.0,1
Tadpole,5,5,4.0,1
Tadpole,5,5,4.0,1
Tadpole,5,5,4.0,1
Tadpole,5,5,4.0,1
Tadpole,5,5,4.0,1
Tadpole,5,5,4.0,1
Tadpole,5,5,4.0,1
Tadpole,5,5,4.0,1
Tadpole,5,5,4.0,1
Tadpole,5,5,4.0,1
Tadpole,5,5,4.0,1
Tadpole,5,5,4.0,1
Tadpole,5,5,4.0,1
Tadpole,5,5,4.0,1
Tadpole,5,5,4.0,1
Tadpole,5,5,4.0,1
Tadpole,5,5,4.0,1
Tadpole,5,5,4.0,1
Tadpole,5,5,4.0,1
Tadpole,5,5,4.0,1
Tadpole,5,5,4.0,1
Tadpole,5,5,4.0,1
Tadpole,5,5,4.0,1
Tadpole,5,5,4.0,1
Tadpole,5,5,4.0,1
Tadpole,5,5,4.0,1
Tadpole,5,5,4.0,1
Tadpole,5,5,4.0,1
Tadpole,5,5,4.0,1
Tadpole,5,5,4.0,1
Tadpole,5,5,4.0,1
Tadpole,5,5,4.0,1
Tadpole,5,5,4.0,1
Tadpole,5,5,4.0,1
Tadpole,5,5,4.0,1
Tadpole,5,5,4.0,1
Tadpole,5,5,4.0,1
Tadpole,5,5,4.0,1
Tadpole,5,5,4.0,1
Tadpole,5,5,4.0,1
Tadpole,5,5,4.0,1
Tadpole,5,5,4.0,1
Tadpole,5,5,4.0,1
Tadpole,5,5,4.0,1
Tadpole,5,5,4.0,1
Tadpole,5,5,4.0,1
Tadpole,5,5,4.0,1
Tadpole,5,5,4.0,1
Tadpole,5,5,4.0,1
Tadpole,5,5,4.0,1
Tadpole,5,5,4.0,1
Tadpole,5,5,4.0,1
Tadpole,5,5,4.0,1
Tadpole,5,5,4.0,1
Tadpole,5,5,4.0,1
Tadpole,5,5,4.0,1
Tadpole,5,5,4.0,1
Tadpole,5,5,4.0,1
Tadpole,5,5,4.0,1
Tadpole,5,5,4.0,1
Tadpole,5,5,4.0,1
Tadpole,5,5,4.0,1
Tadpole,5,5,4.0,1
Tadpole,5,5,4.0,1
Tadpole,5,5,4.0,1
Tadpole,5,5,4.0,1
Tadpole,5,5,4.0,1
Tadpole,5,5,4.0,1
Tadpole,5,5,4.0,1
Tadpole,5,5,4.0,1
Tadpole,5,5,4.0,1
Tadpole,5,5,4.0,1
Tadpole,5,5,4.0,1
Tadpole,5,5,4.0,1
Tadpole,5,5,4.0,1
Tadpole,5,5,4.0,1
Tadpole,5,5,4.0,1
Tadpole,5,5,4.0,1
Tadpole,5,5,4.0,1
Tadpole,5,5,4.0,1
Tadpole,5,5,4.0,1
Tadpole,5,5,4.0,1
Tadpole,5,5,4.0,1
Tadpole,5,5,4.0,1
Tadpole,5,5,4.0,1
Tadpole,5,5,4.0,1
Tadpole,5,5,4.0,1
Tadpole,5,5,4.0,1
Tadpole,5,5,4.0,1
Tadpole,5,5,4.0,1
Tadpole,5,5,4.0,1
Tadpole,5,5,4.0,1
Tadpole,5,5,4.0,1
Tadpole,5,5,4.0,1
Sun,0,0,2.0,3
Sun,0,0,2.0,1
Sun,0,0,2.0,4
Sun,0,0,0.0,4
Sun,0,0,0.0,4
Sun,0,0,1.0,7
Sun,0,0,1.0,11
Sun,0,0,1.0,17
Sun,0,0,0.0,12
Sun,0,0,1.0,3
Sun,0,0,0.0,2
Sun,0,0,2.0,3
Sun,0,0,2.0,1
Sun,0,0,0.0,2
Sun,0,0,2.0,10
Sun,0,0,0.0,2
Sun,0,0,3.0,1
Sun,0,0,2.0,3
Sun,0,0,0.0,2
Sun,0,0,2.0,13
Sun,0,0,2.0,8
Sun,0,0,2.0,5
Sun,0,0,2.0,3
Sun,0,0,2.0,11
Sun,0,0,0.0,6
Sun,0,0,1.0,1
Sun,0,0,0.0,2
Sun,0,0,0.0,2
Sun,0,0,2.0,3
Sun,0,0,0.0,16
Sun,0,0,0.0,26
Sun,0,0,0.0,8
Sun,0,0,0.0,17
Sun,0,0,1.0,3
Sun,0,0,0.0,2
Sun,0,0,0.0,2
Sun,0,0,1.0,14
Sun,0,0,1.0,3
Sun,0,0,1.0,1
Sun,0,0,1.0,8
Sun,0,0,2.0,6
Sun,0,0,3.0,1
Sun,0,0,2.0,1
Sun,0,0,3.0,1
Sun,0,0,1.0,1
Sun,0,0,2.0,10
Sun,0,0,3.0,1
Sun,0,0,0.0,10
Sun,0,0,0.0,2
Sun,0,0,0.0,4
Sun,0,0,1.0,5
Sun,0,0,2.0,28
Sun,0,0,1.0,1
Sun,0,0,1.0,1
Sun,0,0,2.0,1
Sun,0,0,1.0,15
Sun,0,0,0.0,2
Sun,0,0,0.0,13
Sun,0,0,2.0,1
Sun,0,0,0.0,2
Sun,0,0,3.0,1
Sun,0,0,3.0,1
Sun,0,0,3.0,1
Sun,0,0,1.0,1
Sun,0,0,1.0,5
Sun,0,0,3.0,1
Sun,0,0,1.0,3
Sun,0,0,2.0,1
Sun,0,0,0.0,11
Sun,0,0,1.0,1
Sun,0,0,2.0,1
Sun,0,0,2.0,13
Sun,0,0,0.0,2
Sun,0,0,1.0,8
Sun,0,0,1.0,8
Sun,0,0,3.0,1
Sun,0,0,3.0,1
Sun,0,0,0.0,2
Sun,0,0,0.0,29
Sun,0,0,2.0,3
Sun,0,0,0.0,2
Sun,0,0,0.0,2
Sun,0,0,2.0,5
Sun,0,0,3.0,1
Sun,0,0,3.0,1
Sun,0,0,0.0,2
Sun,0,0,2.0,1
Sun,0,0,3.0,1
Sun,0,0,1.0,1
Sun,0,0,2.0,17
Sun,0,0,1.0,19
Sun,0,0,0.0,2
Sun,0,0,1.0,1
Sun,0,0,2.0,1
Sun,0,0,3.0,1
Sun,0,0,1.0,5
Sun,0,0,0.0,2
Sun,0,0,1.0,6
Sun,0,0,0.0,2
Sun,0,0,2.0,6
Sun,0,1,1.0,10
Sun,0,1,2.0,5
Sun,0,1,1.0,2
Sun,0,1,1.0,2
Sun,0,1,1.0,4
Sun,0,1,1.0,6
Sun,0,1,2.0,3
Sun,0,1,0.0,9
Sun,0,1,1.0,6
Sun,0,1,0.0,4
Sun,0,1,0.0,14
Sun,0,1,0.0,12
Sun,0,1,,30
Sun,0,1,2.0,6
Sun,0,1,1.0,5
Sun,0,1,1.0,7
Sun,0,1,2.0,1
Sun,0,1,2.0,3
Sun,0,1,0.0,14
Sun,0,1,1.0,9
Sun,0,1,2.0,11
Sun,0,1,1.0,10
Sun,0,1,0.0,5
Sun,0,1,2.0,18
Sun,0,1,2.0,14
Sun,0,1,1.0,2
Sun,0,1,1.0,27
Sun,0,1,2.0,11
Sun,0,1,1.0,7
Sun,0,1,1.0,2
Sun,0,1,1.0,14
Sun,0,1,1.0,11
Sun,0,1,0.0,2
Sun,0,1,0.0,5
Sun,0,1,0.0,2
Sun,0,1,2.0,1
Sun,0,1,2.0,1
Sun,0,1,0.0,15
Sun,0,1,0.0,7
Sun,0,1,2.0,1
Sun,0,1,2.0,2
Sun,0,1,0.0,2
Sun,0,1,2.0,7
Sun,0,1,0.0,7
Sun,0,1,1.0,4
Sun,0,1,1.0,2
Sun,0,1,1.0,2
Sun,0,1,1.0,4
Sun,0,1,0.0,4
Sun,0,1,2.0,6
Sun,0,1,0.0,5
Sun,0,1,2.0,3
Sun,0,1,2.0,1
Sun,0,1,2.0,6
Sun,0,1,0.0,2
Sun,0,1,2.0,3
Sun,0,1,2.0,1
Sun,0,1,2.0,9
Sun,0,1,0.0,8
Sun,0,1,2.0,1
Sun,0,1,1.0,16
Sun,0,1,2.0,1
Sun,0,1,1.0,12
Sun,0,1,2.0,3
Sun,0,1,0.0,2
Sun,0,1,0.0,12
Sun,0,1,1.0,8
Sun,0,1,0.0,6
Sun,0,1,0.0,2
Sun,0,1,0.0,2
Sun,0,1,2.0,8
Sun,0,1,1.0,2
Sun,0,1,2.0,5
Sun,0,1,1.0,4
Sun,0,1,1.0,2
Sun,0,1,1.0,2
Sun,0,1,2.0,12
Sun,0,1,1.0,12
Sun,0,1,2.0,7
Sun,0,1,,30
Sun,0,1,2.0,23
Sun,0,1,2.0,3
Sun,0,1,1.0,6
Sun,0,1,1.0,14
Sun,0,1,1.0,2
Sun,0,1,2.0,1
Sun,0,1,0.0,25
Sun,0,1,0.0,29
Sun,0,1,2.0,5
Sun,0,1,2.0,1
Sun,0,1,2.0,3
Sun,0,1,0.0,4
Sun,0,1,2.0,26
Sun,0,1,1.0,29
Sun,0,1,2.0,24
Sun,0,1,0.0,2
Sun,0,1,2.0,3
Sun,0,1,0.0,20
Sun,0,1,1.0,4
Sun,0,1,2.0,2
Sun,0,2,1.0,21
Sun,0,2,1.0,23
Sun,0,2,2.0,11
Sun,0,2,1.0,9
Sun,0,2,0.0,7
Sun,0,2,1.0,3
Sun,0,2,1.0,5
Sun,0,2,1.0,1
Sun,0,2,1.0,21
Sun,0,2,2.0,4
Sun,0,2,,30
Sun,0,2,1.0,12
Sun,0,2,0.0,2
Sun,0,2,1.0,5
Sun,0,2,1.0,12
Sun,0,2,,30
Sun,0,2,0.0,14
Sun,0,2,2.0,7
Sun,0,2,2.0,10
Sun,0,2,2.0,7
Sun,0,2,1.0,6
Sun,0,2,1.0,1
Sun,0,2,0.0,4
Sun,0,2,1.0,6
Sun,0,2,2.0,10
Sun,0,2,1.0,1
Sun,0,2,0.0,4
Sun,0,2,2.0,2
Sun,0,2,1.0,5
Sun,0,2,2.0,19
Sun,0,2,0.0,6
Sun,0,2,2.0,2
Sun,0,2,0.0,4
Sun,0,2,0.0,16
Sun,0,2,1.0,9
Sun,0,2,,30
Sun,0,2,0.0,8
Sun,0,2,,30
Sun,0,2,0.0,5
Sun,0,2,1.0,12
Sun,0,2,1.0,10
Sun,0,2,1.0,10
Sun,0,2,2.0,19
Sun,0,2,1.0,3
Sun,0,2,2.0,4
Sun,0,2,2.0,6
Sun,0,2,0.0,6
Sun,0,2,1.0,4
Sun,0,2,0.0,12
Sun,0,2,0.0,2
Sun,0,2,1.0,1
Sun,0,2,2.0,19
Sun,0,2,0.0,8
Sun,0,2,0.0,7
Sun,0,2,1.0,1
Sun,0,2,0.0,5
Sun,0,2,1.0,2
Sun,0,2,2.0,10
Sun,0,2,1.0,13
Sun,0,2,0.0,10
Sun,0,2,1.0,16
Sun,0,2,0.0,5
Sun,0,2,2.0,4
Sun,0,2,1.0,15
Sun,0,2,0.0,2
Sun,0,2,1.0,19
Sun,0,2,0.0,2
Sun,0,2,0.0,2
Sun,0,2,0.0,9
Sun,0,2,0.0,2
Sun,0,2,1.0,2
Sun,0,2,2.0,19
Sun,0,2,1.0,15
Sun,0,2,1.0,7
Sun,0,2,0.0,16
Sun,0,2,0.0,3
Sun,0,2,1.0,14
Sun,0,2,0.0,5
Sun,0,2,1.0,9
Sun,0,2,0.0,13
Sun,0,2,2.0,2
Sun,0,2,2.0,2
Sun,0,2,1.0,2
Sun,0,2,2.0,4
Sun,0,2,1.0,3
Sun,0,2,1.0,4
Sun,0,2,1.0,2
Sun,0,2,1.0,1
Sun,0,2,1.0,10
Sun,0,2,0.0,11
Sun,0,2,2.0,11
Sun,0,2,1.0,3
Sun,0,2,0.0,6
Sun,0,2,0.0,12
Sun,0,2,1.0,3
Sun,0,2,1.0,19
Sun,0,2,0.0,23
Sun,0,2,1.0,10
Sun,0,2,2.0,3
Sun,0,2,2.0,10
Sun,0,3,1.0,13
Sun,0,3,0.0,6
Sun,0,3,1.0,23
Sun,0,3,1.0,4
Sun,0,3,,30
Sun,0,3,2.0,17
Sun,0,3,,30
Sun,0,3,2.0,12
Sun,0,3,1.0,3
Sun,0,3,2.0,4
Sun,0,3,0.0,4
Sun,0,3,1.0,12
Sun,0,3,0.0,6
Sun,0,3,1.0,2
Sun,0,3,0.0,5
Sun,0,3,0.0,4
Sun,0,3,0.0,3
Sun,0,3,0.0,13
Sun,0,3,,30
Sun,0,3,2.0,7
Sun,0,3,1.0,11
Sun,0,3,,30
Sun,0,3,2.0,26
Sun,0,3,2.0,8
Sun,0,3,0.0,3
Sun,0,3,0.0,6
Sun,0,3,1.0,4
Sun,0,3,2.0,12
Sun,0,3,1.0,3
Sun,0,3,1.0,12
Sun,0,3,2.0,14
Sun,0,3,1.0,4
Sun,0,3,1.0,19
Sun,0,3,0.0,16
Sun,0,3,1.0,2
Sun,0,3,2.0,14
Sun,0,3,0.0,5
Sun,0,3,1.0,28
Sun,0,3,2.0,7
Sun,0,3,0.0,8
Sun,0,3,0.0,18
Sun,0,3,0.0,3
Sun,0,3,2.0,13
Sun,0,3,1.0,19
Sun,0,3,0.0,5
Sun,0,3,1.0,13
Sun,0,3,1.0,18
Sun,0,3,0.0,3
Sun,0,3,2.0,9
Sun,0,3,0.0,25
Sun,0,3,,30
Sun,0,3,1.0,10
Sun,0,3,1.0,15
Sun,0,3,1.0,10
Sun,0,3,1.0,9
Sun,0,3,1.0,11
Sun,0,3,2.0,3
Sun,0,3,0.0,23
Sun,0,3,1.0,4
Sun,0,3,2.0,10
Sun,0,3,1.0,10
Sun,0,3,1.0,3
Sun,0,3,2.0,13
Sun,0,3,1.0,16
Sun,0,3,2.0,4
Sun,0,3,2.0,6
Sun,0,3,1.0,4
Sun,0,3,1.0,2
Sun,0,3,0.0,3
Sun,0,3,0.0,11
Sun,0,3,2.0,2
Sun,0,3,0.0,12
Sun,0,3,2.0,4
Sun,0,3,0.0,4
Sun,0,3,0.0,13
Sun,0,3,2.0,5
Sun,0,3,2.0,7
Sun,0,3,2.0,3
Sun,0,3,0.0,8
Sun,0,3,0.0,11
Sun,0,3,0.0,6
Sun,0,3,1.0,4
Sun,0,3,1.0,3
Sun,0,3,2.0,5
Sun,0,3,0.0,4
Sun,0,3,2.0,2
Sun,0,3,2.0,6
Sun,0,3,1.0,7
Sun,0,3,1.0,13
Sun,0,3,1.0,2
Sun,0,3,1.0,10
Sun,0,3,2.0,13
Sun,0,3,0.0,3
Sun,0,3,2.0,11
Sun,0,3,2.0,7
Sun,0,3,1.0,10
Sun,0,3,0.0,4
Sun,0,3,0.0,5
Sun,0,3,0.0,15
Sun,0,3,1.0,4
Sun,0,4,2.0,8
Sun,0,4,0.0,2
Sun,0,4,,30
Sun,0,4,0.0,2
Sun,0,4,1.0,3
Sun,0,4,1.0,12
Sun,0,4,2.0,18
Sun,0,4,0.0,4
Sun,0,4,2.0,13
Sun,0,4,1.0,1
Sun,0,4,2.0,8
Sun,0,4,1.0,1
Sun,0,4,0.0,7
Sun,0,4,2.0,24
Sun,0,4,2.0,5
Sun,0,4,1.0,1
Sun,0,4,0.0,2
Sun,0,4,1.0,1
Sun,0,4,0.0,2
Sun,0,4,1.0,9
Sun,0,4,1.0,3
Sun,0,4,1.0,1
Sun,0,4,1.0,1
Sun,0,4,2.0,4
Sun,0,4,1.0,1
Sun,0,4,1.0,15
Sun,0,4,1.0,4
Sun,0,4,1.0,1
Sun,0,4,1.0,5
Sun,0,4,1.0,1
Sun,0,4,1.0,9
Sun,0,4,0.0,10
Sun,0,4,0.0,2
Sun,0,4,1.0,1
Sun,0,4,2.0,5
Sun,0,4,0.0,2
Sun,0,4,0.0,4
Sun,0,4,1.0,1
Sun,0,4,2.0,3
Sun,0,4,2.0,15
Sun,0,4,0.0,6
Sun,0,4,1.0,1
Sun,0,4,1.0,7
Sun,0,4,1.0,1
Sun,0,4,0.0,9
Sun,0,4,1.0,1
Sun,0,4,1.0,3
Sun,0,4,0.0,10
Sun,0,4,0.0,21
Sun,0,4,1.0,1
Sun,0,4,0.0,11
Sun,0,4,2.0,7
Sun,0,4,1.0,5
Sun,0,4,0.0,2
Sun,0,4,1.0,22
Sun,0,4,1.0,1
Sun,0,4,1.0,1
Sun,0,4,0.0,6
Sun,0,4,0.0,4
Sun,0,4,1.0,5
Sun,0,4,1.0,5
Sun,0,4,1.0,5
Sun,0,4,0.0,2
Sun,0,4,1.0,1
Sun,0,4,1.0,16
Sun,0,4,0.0,6
Sun,0,4,2.0,16
Sun,0,4,0.0,4
Sun,0,4,0.0,2
Sun,0,4,0.0,2
Sun,0,4,1.0,1
Sun,0,4,0.0,2
Sun,0,4,1.0,1
Sun,0,4,0.0,4
Sun,0,4,1.0,1
Sun,0,4,0.0,2
Sun,0,4,1.0,1
Sun,0,4,1.0,3
Sun,0,4,1.0,9
Sun,0,4,1.0,1
Sun,0,4,1.0,5
Sun,0,4,1.0,14
Sun,0,4,1.0,13
Sun,0,4,1.0,9
Sun,0,4,0.0,2
Sun,0,4,2.0,11
Sun,0,4,0.0,9
Sun,0,4,1.0,1
Sun,0,4,1.0,1
Sun,0,4,0.0,8
Sun,0,4,0.0,6
Sun,0,4,0.0,2
Sun,0,4,1.0,1
Sun,0,4,2.0,5
Sun,0,4,2.0,3
Sun,0,4,1.0,1
Sun,0,4,1.0,1
Sun,0,4,2.0,4
Sun,0,4,1.0,3
Sun,0,4,1.0,12
Sun,0,5,1.0,16
Sun,0,5,2.0,3
Sun,0,5,0.0,2
Sun,0,5,0.0,2
Sun,0,5,1.0,3
Sun,0,5,2.0,1
Sun,0,5,2.0,3
Sun,0,5,2.0,1
Sun,0,5,2.0,1
Sun,0,5,2.0,3
Sun,0,5,2.0,1
Sun,0,5,2.0,1
Sun,0,5,2.0,1
Sun,0,5,2.0,1
Sun,0,5,0.0,4
Sun,0,5,2.0,19
Sun,0,5,2.0,1
Sun,0,5,2.0,3
Sun,0,5,2.0,1
Sun,0,5,1.0,17
Sun,0,5,0.0,4
Sun,0,5,0.0,15
Sun,0,5,2.0,15
Sun,0,5,2.0,1
Sun,0,5,2.0,1
Sun,0,5,2.0,1
Sun,0,5,2.0,1
Sun,0,5,1.0,7
Sun,0,5,1.0,14
Sun,0,5,2.0,1
Sun,0,5,2.0,1
Sun,0,5,2.0,1
Sun,0,5,0.0,2
Sun,0,5,0.0,12
Sun,0,5,2.0,1
Sun,0,5,2.0,1
Sun,0,5,0.0,4
Sun,0,5,2.0,1
Sun,0,5,0.0,2
Sun,0,5,0.0,6
Sun,0,5,0.0,3
Sun,0,5,2.0,11
Sun,0,5,0.0,2
Sun,0,5,2.0,1
Sun,0,5,2.0,1
Sun,0,5,0.0,10
Sun,0,5,2.0,4
Sun,0,5,0.0,2
Sun,0,5,2.0,1
Sun,0,5,1.0,5
Sun,0,5,2.0,5
Sun,0,5,0.0,2
Sun,0,5,2.0,1
Sun,0,5,1.0,13
Sun,0,5,0.0,2
Sun,0,5,0.0,12
Sun,0,5,2.0,11
Sun,0,5,1.0,7
Sun,0,5,2.0,1
Sun,0,5,2.0,3
Sun,0,5,2.0,1
Sun,0,5,2.0,1
Sun,0,5,0.0,4
Sun,0,5,2.0,7
Sun,0,5,2.0,1
Sun,0,5,1.0,11
Sun,0,5,2.0,1
Sun,0,5,0.0,4
Sun,0,5,0.0,4
Sun,0,5,2.0,1
Sun,0,5,2.0,1
Sun,0,5,0.0,5
Sun,0,5,0.0,2
Sun,0,5,2.0,1
Sun,0,5,2.0,1
Sun,0,5,2.0,1
Sun,0,5,2.0,6
Sun,0,5,2.0,1
Sun,0,5,0.0,4
Sun,0,5,2.0,1
Sun,0,5,2.0,1
Sun,0,5,2.0,3
Sun,0,5,2.0,1
Sun,0,5,0.0,4
Sun,0,5,2.0,1
Sun,0,5,2.0,1
Sun,0,5,2.0,3
Sun,0,5,0.0,4
Sun,0,5,1.0,3
Sun,0,5,0.0,6
Sun,0,5,1.0,9
Sun,0,5,2.0,4
Sun,0,5,0.0,9
Sun,0,5,0.0,9
Sun,0,5,2.0,1
Sun,0,5,0.0,2
Sun,0,5,2.0,1
Sun,0,5,2.0,8
Sun,0,5,2.0,3
Sun,0,5,2.0,15
Sun,1,0,1.0,17
Sun,1,0,0.0,2
Sun,1,0,2.0,8
Sun,1,0,0.0,4
Sun,1,0,1.0,2
Sun,1,0,0.0,8
Sun,1,0,0.0,8
Sun,1,0,1.0,14
Sun,1,0,1.0,8
Sun,1,0,2.0,2
Sun,1,0,2.0,23
Sun,1,0,2.0,8
Sun,1,0,2.0,4
Sun,1,0,2.0,14
Sun,1,0,0.0,4
Sun,1,0,1.0,7
Sun,1,0,1.0,2
Sun,1,0,1.0,2
Sun,1,0,2.0,6
Sun,1,0,2.0,3
Sun,1,0,2.0,1
Sun,1,0,2.0,12
Sun,1,0,1.0,3
Sun,1,0,2.0,24
Sun,1,0,2.0,5
Sun,1,0,2.0,7
Sun,1,0,2.0,15
Sun,1,0,2.0,10
Sun,1,0,0.0,11
Sun,1,0,1.0,4
Sun,1,0,2.0,19
Sun,1,0,2.0,1
Sun,1,0,1.0,5
Sun,1,0,0.0,13
Sun,1,0,1.0,29
Sun,1,0,0.0,23
Sun,1,0,2.0,7
Sun,1,0,0.0,6
Sun,1,0,2.0,9
Sun,1,0,1.0,4
Sun,1,0,1.0,2
Sun,1,0,2.0,1
Sun,1,0,1.0,13
Sun,1,0,1.0,2
Sun,1,0,2.0,3
Sun,1,0,2.0,14
Sun,1,0,0.0,14
Sun,1,0,2.0,9
Sun,1,0,2.0,1
Sun,1,0,1.0,11
Sun,1,0,2.0,4
Sun,1,0,0.0,10
Sun,1,0,0.0,5
Sun,1,0,2.0,2
Sun,1,0,1.0,2
Sun,1,0,0.0,6
Sun,1,0,2.0,1
Sun,1,0,2.0,8
Sun,1,0,1.0,2
Sun,1,0,1.0,4
Sun,1,0,2.0,1
Sun,1,0,2.0,28
Sun,1,0,2.0,20
Sun,1,0,2.0,1
Sun,1,0,1.0,2
Sun,1,0,2.0,1
Sun,1,0,2.0,5
Sun,1,0,2.0,15
Sun,1,0,1.0,4
Sun,1,0,2.0,1
Sun,1,0,2.0,7
Sun,1,0,0.0,23
Sun,1,0,2.0,3
Sun,1,0,0.0,6
Sun,1,0,2.0,5
Sun,1,0,2.0,4
Sun,1,0,2.0,3
Sun,1,0,0.0,3
Sun,1,0,1.0,2
Sun,1,0,2.0,3
Sun,1,0,2.0,16
Sun,1,0,2.0,3
Sun,1,0,1.0,18
Sun,1,0,1.0,4
Sun,1,0,2.0,11
Sun,1,0,2.0,16
Sun,1,0,2.0,3
Sun,1,0,0.0,19
Sun,1,0,0.0,4
Sun,1,0,2.0,2
Sun,1,0,0.0,2
Sun,1,0,1.0,9
Sun,1,0,0.0,9
Sun,1,0,0.0,4
Sun,1,0,2.0,7
Sun,1,0,0.0,4
Sun,1,0,2.0,4
Sun,1,0,,30
Sun,1,0,2.0,1
Sun,1,0,2.0,3
Sun,1,1,2.0,1
Sun,1,1,0.0,9
Sun,1,1,2.0,9
Sun,1,1,4.0,1
Sun,1,1,1.0,2
Sun,1,1,1.0,2
Sun,1,1,0.0,5
Sun,1,1,0.0,5
Sun,1,1,0.0,3
Sun,1,1,0.0,1
Sun,1,1,1.0,2
Sun,1,1,2.0,1
Sun,1,1,0.0,3
Sun,1,1,2.0,3
Sun,1,1,2.0,12
Sun,1,1,1.0,2
Sun,1,1,2.0,8
Sun,1,1,1.0,14
Sun,1,1,4.0,1
Sun,1,1,2.0,10
Sun,1,1,2.0,1
Sun,1,1,1.0,2
Sun,1,1,0.0,8
Sun,1,1,4.0,1
Sun,1,1,2.0,1
Sun,1,1,2.0,1
Sun,1,1,0.0,7
Sun,1,1,2.0,1
Sun,1,1,4.0,1
Sun,1,1,1.0,6
Sun,1,1,1.0,4
Sun,1,1,1.0,2
Sun,1,1,0.0,1
Sun,1,1,0.0,1
Sun,1,1,0.0,6
Sun,1,1,2.0,1
Sun,1,1,1.0,2
Sun,1,1,0.0,1
Sun,1,1,2.0,13
Sun,1,1,0.0,7
Sun,1,1,2.0,26
Sun,1,1,2.0,1
Sun,1,1,2.0,1
Sun,1,1,2.0,7
Sun,1,1,2.0,1
Sun,1,1,1.0,2
Sun,1,1,4.0,1
Sun,1,1,2.0,3
Sun,1,1,4.0,1
Sun,1,1,4.0,1
Sun,1,1,0.0,1
Sun,1,1,1.0,15
Sun,1,1,1.0,2
Sun,1,1,4.0,1
Sun,1,1,2.0,8
Sun,1,1,1.0,15
Sun,1,1,0.0,3
Sun,1,1,0.0,3
Sun,1,1,1.0,6
Sun,1,1,1.0,2
Sun,1,1,1.0,2
Sun,1,1,1.0,21
Sun,1,1,0.0,1
Sun,1,1,0.0,1
Sun,1,1,1.0,2
Sun,1,1,1.0,2
Sun,1,1,0.0,3
Sun,1,1,2.0,10
Sun,1,1,1.0,13
Sun,1,1,1.0,2
Sun,1,1,0.0,1
Sun,1,1,2.0,1
Sun,1,1,2.0,5
Sun,1,1,4.0,1
Sun,1,1,2.0,6
Sun,1,1,1.0,2
Sun,1,1,2.0,1
Sun,1,1,1.0,2
Sun,1,1,2.0,1
Sun,1,1,1.0,10
Sun,1,1,2.0,1
Sun,1,1,1.0,2
Sun,1,1,2.0,3
Sun,1,1,2.0,1
Sun,1,1,1.0,2
Sun,1,1,0.0,11
Sun,1,1,1.0,15
Sun,1,1,0.0,1
Sun,1,1,2.0,7
Sun,1,1,1.0,4
Sun,1,1,2.0,1
Sun,1,1,1.0,9
Sun,1,1,4.0,1
Sun,1,1,4.0,1
Sun,1,1,4.0,1
Sun,1,1,1.0,4
Sun,1,1,1.0,7
Sun,1,1,4.0,1
Sun,1,1,4.0,1
Sun,1,1,2.0,1
Sun,1,2,2.0,2
Sun,1,2,0.0,7
Sun,1,2,0.0,1
Sun,1,2,1.0,6
Sun,1,2,2.0,25
Sun,1,2,2.0,2
Sun,1,2,1.0,8
Sun,1,2,2.0,2
Sun,1,2,1.0,12
Sun,1,2,2.0,4
Sun,1,2,1.0,4
Sun,1,2,1.0,14
Sun,1,2,2.0,15
Sun,1,2,1.0,9
Sun,1,2,0.0,14
Sun,1,2,2.0,2
Sun,1,2,0.0,3
Sun,1,2,1.0,8
Sun,1,2,1.0,23
Sun,1,2,0.0,13
Sun,1,2,0.0,3
Sun,1,2,0.0,13
Sun,1,2,1.0,17
Sun,1,2,1.0,5
Sun,1,2,0.0,1
Sun,1,2,0.0,10
Sun,1,2,2.0,11
Sun,1,2,2.0,7
Sun,1,2,0.0,1
Sun,1,2,1.0,2
Sun,1,2,2.0,2
Sun,1,2,2.0,2
Sun,1,2,2.0,4
Sun,1,2,1.0,3
Sun,1,2,2.0,4
Sun,1,2,1.0,6
Sun,1,2,2.0,12
Sun,1,2,2.0,9
Sun,1,2,1.0,4
Sun,1,2,0.0,3
Sun,1,2,0.0,1
Sun,1,2,1.0,3
Sun,1,2,0.0,1
Sun,1,2,2.0,4
Sun,1,2,0.0,16
Sun,1,2,1.0,22
Sun,1,2,1.0,2
Sun,1,2,0.0,17
Sun,1,2,1.0,9
Sun,1,2,0.0,20
Sun,1,2,1.0,13
Sun,1,2,2.0,2
Sun,1,2,2.0,10
Sun,1,2,0.0,6
Sun,1,2,2.0,15
Sun,1,2,2.0,2
Sun,1,2,0.0,19
Sun,1,2,2.0,8
Sun,1,2,2.0,11
Sun,1,2,0.0,5
Sun,1,2,2.0,7
Sun,1,2,0.0,15
Sun,1,2,1.0,4
Sun,1,2,1.0,3
Sun,1,2,0.0,5
Sun,1,2,0.0,1
Sun,1,2,0.0,12
Sun,1,2,1.0,8
Sun,1,2,0.0,16
Sun,1,2,2.0,2
Sun,1,2,0.0,1
Sun,1,2,,30
Sun,1,2,0.0,5
Sun,1,2,1.0,4
Sun,1,2,0.0,3
Sun,1,2,1.0,8
Sun,1,2,0.0,4
Sun,1,2,1.0,5
Sun,1,2,1.0,2
Sun,1,2,2.0,2
Sun,1,2,2.0,4
Sun,1,2,2.0,14
Sun,1,2,0.0,3
Sun,1,2,0.0,3
Sun,1,2,1.0,7
Sun,1,2,1.0,6
Sun,1,2,0.0,3
Sun,1,2,2.0,6
Sun,1,2,0.0,9
Sun,1,2,0.0,3
Sun,1,2,0.0,7
Sun,1,2,1.0,2
Sun,1,2,0.0,3
Sun,1,2,1.0,21
Sun,1,2,2.0,13
Sun,1,2,0.0,8
Sun,1,2,2.0,28
Sun,1,2,0.0,3
Sun,1,2,2.0,2
Sun,1,2,0.0,1
Sun,1,3,2.0,3
Sun,1,3,1.0,4
Sun,1,3,1.0,4
Sun,1,3,0.0,5
Sun,1,3,0.0,1
Sun,1,3,1.0,2
Sun,1,3,0.0,9
Sun,1,3,0.0,3
Sun,1,3,0.0,1
Sun,1,3,0.0,1
Sun,1,3,1.0,5
Sun,1,3,0.0,3
Sun,1,3,1.0,2
Sun,1,3,1.0,2
Sun,1,3,2.0,18
Sun,1,3,2.0,11
Sun,1,3,0.0,1
Sun,1,3,0.0,1
Sun,1,3,0.0,1
Sun,1,3,0.0,3
Sun,1,3,1.0,2
Sun,1,3,0.0,1
Sun,1,3,2.0,3
Sun,1,3,,30
Sun,1,3,1.0,2
Sun,1,3,0.0,1
Sun,1,3,0.0,1
Sun,1,3,0.0,1
Sun,1,3,0.0,1
Sun,1,3,1.0,10
Sun,1,3,0.0,1
Sun,1,3,1.0,4
Sun,1,3,0.0,10
Sun,1,3,2.0,21
Sun,1,3,2.0,5
Sun,1,3,0.0,3
Sun,1,3,0.0,1
Sun,1,3,1.0,6
Sun,1,3,2.0,10
Sun,1,3,0.0,1
Sun,1,3,0.0,1
Sun,1,3,2.0,7
Sun,1,3,0.0,3
Sun,1,3,2.0,6
Sun,1,3,0.0,1
Sun,1,3,1.0,11
Sun,1,3,0.0,1
Sun,1,3,,30
Sun,1,3,1.0,2
Sun,1,3,1.0,2
Sun,1,3,0.0,1
Sun,1,3,0.0,9
Sun,1,3,0.0,3
Sun,1,3,0.0,1
Sun,1,3,0.0,1
Sun,1,3,0.0,3
Sun,1,3,0.0,1
Sun,1,3,0.0,1
Sun,1,3,1.0,2
Sun,1,3,2.0,14
Sun,1,3,0.0,1
Sun,1,3,0.0,1
Sun,1,3,0.0,3
Sun,1,3,1.0,2
Sun,1,3,0.0,3
Sun,1,3,0.0,1
Sun,1,3,0.0,3
Sun,1,3,1.0,2
Sun,1,3,1.0,2
Sun,1,3,1.0,4
Sun,1,3,0.0,5
Sun,1,3,0.0,1
Sun,1,3,2.0,21
Sun,1,3,1.0,2
Sun,1,3,2.0,8
Sun,1,3,1.0,4
Sun,1,3,0.0,3
Sun,1,3,1.0,2
Sun,1,3,1.0,6
Sun,1,3,1.0,6
Sun,1,3,2.0,9
Sun,1,3,1.0,2
Sun,1,3,0.0,1
Sun,1,3,0.0,1
Sun,1,3,0.0,1
Sun,1,3,0.0,1
Sun,1,3,0.0,1
Sun,1,3,0.0,1
Sun,1,3,1.0,2
Sun,1,3,1.0,4
Sun,1,3,1.0,4
Sun,1,3,0.0,7
Sun,1,3,0.0,1
Sun,1,3,0.0,1
Sun,1,3,0.0,17
Sun,1,3,1.0,2
Sun,1,3,0.0,1
Sun,1,3,0.0,1
Sun,1,3,0.0,1
Sun,1,3,0.0,7
Sun,1,4,2.0,6
Sun,1,4,,30
Sun,1,4,1.0,3
Sun,1,4,0.0,7
Sun,1,4,2.0,9
Sun,1,4,1.0,22
Sun,1,4,,30
Sun,1,4,2.0,9
Sun,1,4,2.0,6
Sun,1,4,2.0,16
Sun,1,4,2.0,9
Sun,1,4,2.0,9
Sun,1,4,2.0,3
Sun,1,4,0.0,2
Sun,1,4,2.0,4
Sun,1,4,1.0,7
Sun,1,4,0.0,13
Sun,1,4,2.0,8
Sun,1,4,1.0,5
Sun,1,4,0.0,2
Sun,1,4,0.0,4
Sun,1,4,0.0,18
Sun,1,4,1.0,9
Sun,1,4,2.0,5
Sun,1,4,2.0,2
Sun,1,4,0.0,19
Sun,1,4,2.0,6
Sun,1,4,0.0,20
Sun,1,4,0.0,4
Sun,1,4,2.0,2
Sun,1,4,1.0,5
Sun,1,4,0.0,7
Sun,1,4,1.0,5
Sun,1,4,1.0,7
Sun,1,4,1.0,15
Sun,1,4,0.0,5
Sun,1,4,0.0,6
Sun,1,4,2.0,9
Sun,1,4,0.0,3
Sun,1,4,2.0,4
Sun,1,4,1.0,11
Sun,1,4,1.0,13
Sun,1,4,1.0,4
Sun,1,4,2.0,12
Sun,1,4,1.0,14
Sun,1,4,2.0,20
Sun,1,4,0.0,3
Sun,1,4,0.0,3
Sun,1,4,1.0,4
Sun,1,4,2.0,8
Sun,1,4,0.0,6
Sun,1,4,1.0,5
Sun,1,4,2.0,14
Sun,1,4,2.0,6
Sun,1,4,1.0,6
Sun,1,4,2.0,2
Sun,1,4,2.0,4
Sun,1,4,0.0,11
Sun,1,4,0.0,3
Sun,1,4,2.0,10
Sun,1,4,2.0,6
Sun,1,4,0.0,3
Sun,1,4,1.0,18
Sun,1,4,2.0,4
Sun,1,4,2.0,4
Sun,1,4,0.0,8
Sun,1,4,1.0,8
Sun,1,4,1.0,12
Sun,1,4,2.0,3
Sun,1,4,1.0,3
Sun,1,4,1.0,4
Sun,1,4,2.0,9
Sun,1,4,1.0,20
Sun,1,4,1.0,14
Sun,1,4,0.0,8
Sun,1,4,0.0,26
Sun,1,4,2.0,4
Sun,1,4,2.0,24
Sun,1,4,2.0,6
Sun,1,4,0.0,14
Sun,1,4,1.0,11
Sun,1,4,0.0,2
Sun,1,4,1.0,7
Sun,1,4,0.0,8
Sun,1,4,1.0,11
Sun,1,4,2.0,10
Sun,1,4,0.0,2
Sun,1,4,,30
Sun,1,4,0.0,5
Sun,1,4,1.0,3
Sun,1,4,1.0,7
Sun,1,4,0.0,14
Sun,1,4,2.0,6
Sun,1,4,1.0,3
Sun,1,4,,30
Sun,1,4,0.0,20
Sun,1,4,0.0,3
Sun,1,4,0.0,7
Sun,1,4,0.0,13
Sun,1,4,2.0,6
Sun,1,5,2.0,1
Sun,1,5,2.0,1
Sun,1,5,1.0,8
Sun,1,5,1.0,2
Sun,1,5,2.0,18
Sun,1,5,1.0,8
Sun,1,5,2.0,3
Sun,1,5,2.0,1
Sun,1,5,2.0,1
Sun,1,5,1.0,2
Sun,1,5,1.0,10
Sun,1,5,2.0,1
Sun,1,5,1.0,2
Sun,1,5,2.0,1
Sun,1,5,2.0,1
Sun,1,5,1.0,2
Sun,1,5,1.0,2
Sun,1,5,1.0,2
Sun,1,5,2.0,1
Sun,1,5,2.0,1
Sun,1,5,1.0,2
Sun,1,5,1.0,28
Sun,1,5,1.0,13
Sun,1,5,2.0,3
Sun,1,5,2.0,20
Sun,1,5,1.0,5
Sun,1,5,0.0,19
Sun,1,5,1.0,2
Sun,1,5,0.0,16
Sun,1,5,1.0,15
Sun,1,5,1.0,2
Sun,1,5,1.0,2
Sun,1,5,1.0,2
Sun,1,5,2.0,8
Sun,1,5,2.0,1
Sun,1,5,1.0,2
Sun,1,5,2.0,11
Sun,1,5,2.0,1
Sun,1,5,2.0,1
Sun,1,5,2.0,3
Sun,1,5,2.0,1
Sun,1,5,2.0,1
Sun,1,5,2.0,1
Sun,1,5,2.0,1
Sun,1,5,2.0,1
Sun,1,5,1.0,4
Sun,1,5,1.0,2
Sun,1,5,1.0,2
Sun,1,5,2.0,1
Sun,1,5,2.0,1
Sun,1,5,2.0,1
Sun,1,5,0.0,10
Sun,1,5,1.0,2
Sun,1,5,2.0,1
Sun,1,5,0.0,9
Sun,1,5,1.0,2
Sun,1,5,0.0,3
Sun,1,5,1.0,2
Sun,1,5,2.0,3
Sun,1,5,2.0,1
Sun,1,5,1.0,7
Sun,1,5,2.0,3
Sun,1,5,0.0,3
Sun,1,5,2.0,11
Sun,1,5,2.0,1
Sun,1,5,2.0,1
Sun,1,5,2.0,1
Sun,1,5,1.0,5
Sun,1,5,0.0,15
Sun,1,5,2.0,1
Sun,1,5,2.0,1
Sun,1,5,2.0,1
Sun,1,5,2.0,3
Sun,1,5,1.0,8
Sun,1,5,0.0,4
Sun,1,5,0.0,8
Sun,1,5,1.0,25
Sun,1,5,2.0,1
Sun,1,5,2.0,12
Sun,1,5,2.0,1
Sun,1,5,2.0,1
Sun,1,5,2.0,1
Sun,1,5,1.0,2
Sun,1,5,2.0,1
Sun,1,5,1.0,2
Sun,1,5,2.0,1
Sun,1,5,2.0,1
Sun,1,5,2.0,1
Sun,1,5,2.0,1
Sun,1,5,2.0,13
Sun,1,5,0.0,7
Sun,1,5,1.0,4
Sun,1,5,0.0,3
Sun,1,5,2.0,7
Sun,1,5,2.0,3
Sun,1,5,2.0,3
Sun,1,5,1.0,10
Sun,1,5,1.0,2
Sun,1,5,2.0,14
Sun,1,5,2.0,1
Sun,2,0,1.0,9
Sun,2,0,0.0,7
Sun,2,0,0.0,14
Sun,2,0,1.0,1
Sun,2,0,2.0,9
Sun,2,0,2.0,6
Sun,2,0,2.0,4
Sun,2,0,1.0,6
Sun,2,0,1.0,7
Sun,2,0,2.0,6
Sun,2,0,1.0,14
Sun,2,0,2.0,4
Sun,2,0,1.0,4
Sun,2,0,2.0,9
Sun,2,0,2.0,7
Sun,2,0,1.0,12
Sun,2,0,2.0,3
Sun,2,0,0.0,6
Sun,2,0,1.0,16
Sun,2,0,1.0,1
Sun,2,0,1.0,1
Sun,2,0,1.0,17
Sun,2,0,2.0,4
Sun,2,0,1.0,1
Sun,2,0,1.0,1
Sun,2,0,1.0,2
Sun,2,0,0.0,14
Sun,2,0,0.0,19
Sun,2,0,2.0,5
Sun,2,0,1.0,6
Sun,2,0,2.0,2
Sun,2,0,1.0,4
Sun,2,0,2.0,6
Sun,2,0,0.0,15
Sun,2,0,0.0,2
Sun,2,0,1.0,16
Sun,2,0,2.0,25
Sun,2,0,,30
Sun,2,0,0.0,9
Sun,2,0,1.0,7
Sun,2,0,0.0,17
Sun,2,0,2.0,9
Sun,2,0,1.0,4
Sun,2,0,1.0,1
Sun,2,0,2.0,16
Sun,2,0,1.0,5
Sun,2,0,1.0,1
Sun,2,0,0.0,11
Sun,2,0,2.0,4
Sun,2,0,1.0,11
Sun,2,0,2.0,10
Sun,2,0,1.0,8
Sun,2,0,0.0,15
Sun,2,0,1.0,1
Sun,2,0,2.0,6
Sun,2,0,1.0,1
Sun,2,0,1.0,25
Sun,2,0,0.0,19
Sun,2,0,0.0,3
Sun,2,0,2.0,3
Sun,2,0,1.0,3
Sun,2,0,1.0,3
Sun,2,0,2.0,4
Sun,2,0,0.0,14
Sun,2,0,1.0,8
Sun,2,0,1.0,1
Sun,2,0,1.0,1
Sun,2,0,0.0,14
Sun,2,0,2.0,10
Sun,2,0,2.0,8
Sun,2,0,1.0,1
Sun,2,0,1.0,1
Sun,2,0,1.0,20
Sun,2,0,1.0,1
Sun,2,0,1.0,1
Sun,2,0,0.0,5
Sun,2,0,2.0,10
Sun,2,0,1.0,8
Sun,2,0,0.0,5
Sun,2,0,1.0,3
Sun,2,0,2.0,2
Sun,2,0,1.0,7
Sun,2,0,0.0,11
Sun,2,0,1.0,8
Sun,2,0,1.0,18
Sun,2,0,1.0,1
Sun,2,0,2.0,2
Sun,2,0,1.0,1
Sun,2,0,1.0,3
Sun,2,0,1.0,3
Sun,2,0,0.0,3
Sun,2,0,0.0,2
Sun,2,0,,30
Sun,2,0,0.0,13
Sun,2,0,2.0,2
Sun,2,0,1.0,3
Sun,2,0,0.0,2
Sun,2,0,2.0,6
Sun,2,0,0.0,26
Sun,2,0,0.0,2
Sun,2,1,2.0,4
Sun,2,1,1.0,17
Sun,2,1,1.0,5
Sun,2,1,1.0,3
Sun,2,1,2.0,14
Sun,2,1,0.0,1
Sun,2,1,1.0,10
Sun,2,1,0.0,3
Sun,2,1,1.0,19
Sun,2,1,2.0,24
Sun,2,1,0.0,3
Sun,2,1,0.0,5
Sun,2,1,2.0,9
Sun,2,1,0.0,1
Sun,2,1,2.0,24
Sun,2,1,2.0,17
Sun,2,1,0.0,20
Sun,2,1,0.0,11
Sun,2,1,0.0,12
Sun,2,1,1.0,16
Sun,2,1,2.0,8
Sun,2,1,0.0,6
Sun,2,1,1.0,10
Sun,2,1,2.0,4
Sun,2,1,1.0,2
Sun,2,1,2.0,4
Sun,2,1,0.0,16
Sun,2,1,1.0,3
Sun,2,1,0.0,6
Sun,2,1,0.0,3
Sun,2,1,0.0,1
Sun,2,1,1.0,17
Sun,2,1,0.0,3
Sun,2,1,2.0,12
Sun,2,1,0.0,1
Sun,2,1,0.0,11
Sun,2,1,1.0,14
Sun,2,1,1.0,15
Sun,2,1,0.0,25
Sun,2,1,0.0,3
Sun,2,1,0.0,20
Sun,2,1,2.0,3
Sun,2,1,1.0,5
Sun,2,1,0.0,4
Sun,2,1,0.0,3
Sun,2,1,0.0,5
Sun,2,1,0.0,1
Sun,2,1,2.0,7
Sun,2,1,2.0,23
Sun,2,1,1.0,10
Sun,2,1,0.0,5
Sun,2,1,1.0,2
Sun,2,1,2.0,10
Sun,2,1,0.0,4
Sun,2,1,1.0,20
Sun,2,1,2.0,18
Sun,2,1,0.0,8
Sun,2,1,1.0,6
Sun,2,1,0.0,1
Sun,2,1,0.0,6
Sun,2,1,1.0,6
Sun,2,1,1.0,3
Sun,2,1,1.0,4
Sun,2,1,2.0,8
Sun,2,1,0.0,4
Sun,2,1,0.0,1
Sun,2,1,0.0,3
Sun,2,1,2.0,4
Sun,2,1,2.0,2
Sun,2,1,2.0,2
Sun,2,1,1.0,3
Sun,2,1,2.0,20
Sun,2,1,0.0,6
Sun,2,1,2.0,4
Sun,2,1,2.0,6
Sun,2,1,2.0,11
Sun,2,1,1.0,10
Sun,2,1,1.0,13
Sun,2,1,2.0,9
Sun,2,1,0.0,1
Sun,2,1,0.0,4
Sun,2,1,2.0,6
Sun,2,1,0.0,1
Sun,2,1,1.0,7
Sun,2,1,0.0,30
Sun,2,1,0.0,1
Sun,2,1,1.0,9
Sun,2,1,1.0,9
Sun,2,1,1.0,2
Sun,2,1,0.0,9
Sun,2,1,2.0,21
Sun,2,1,1.0,3
Sun,2,1,1.0,2
Sun,2,1,0.0,7
Sun,2,1,0.0,7
Sun,2,1,1.0,19
Sun,2,1,2.0,5
Sun,2,1,0.0,5
Sun,2,1,1.0,2
Sun,2,1,2.0,4
Sun,2,2,0.0,7
Sun,2,2,5.0,1
Sun,2,2,0.0,4
Sun,2,2,0.0,3
Sun,2,2,2.0,2
Sun,2,2,1.0,6
Sun,2,2,0.0,4
Sun,2,2,5.0,1
Sun,2,2,2.0,2
Sun,2,2,0.0,4
Sun,2,2,2.0,24
Sun,2,2,2.0,9
Sun,2,2,1.0,1
Sun,2,2,2.0,6
Sun,2,2,2.0,2
Sun,2,2,5.0,1
Sun,2,2,0.0,9
Sun,2,2,0.0,1
Sun,2,2,2.0,30
Sun,2,2,1.0,1
Sun,2,2,5.0,1
Sun,2,2,5.0,1
Sun,2,2,0.0,1
Sun,2,2,2.0,3
Sun,2,2,1.0,3
Sun,2,2,2.0,11
Sun,2,2,2.0,2
Sun,2,2,1.0,1
Sun,2,2,1.0,1
Sun,2,2,1.0,1
Sun,2,2,2.0,2
Sun,2,2,5.0,1
Sun,2,2,5.0,1
Sun,2,2,2.0,15
Sun,2,2,2.0,2
Sun,2,2,1.0,1
Sun,2,2,0.0,18
Sun,2,2,1.0,3
Sun,2,2,0.0,1
Sun,2,2,0.0,6
Sun,2,2,0.0,9
Sun,2,2,2.0,2
Sun,2,2,2.0,12
Sun,2,2,2.0,2
Sun,2,2,1.0,1
Sun,2,2,5.0,1
Sun,2,2,0.0,19
Sun,2,2,1.0,1
Sun,2,2,5.0,1
Sun,2,2,0.0,14
Sun,2,2,1.0,1
Sun,2,2,1.0,16
Sun,2,2,5.0,1
Sun,2,2,1.0,1
Sun,2,2,5.0,1
Sun,2,2,1.0,15
Sun,2,2,1.0,21
Sun,2,2,1.0,5
Sun,2,2,1.0,17
Sun,2,2,0.0,7
Sun,2,2,2.0,6
Sun,2,2,2.0,2
Sun,2,2,1.0,1
Sun,2,2,0.0,3
Sun,2,2,2.0,2
Sun,2,2,1.0,1
Sun,2,2,1.0,1
Sun,2,2,1.0,17
Sun,2,2,2.0,4
Sun,2,2,1.0,1
Sun,2,2,2.0,12
Sun,2,2,2.0,2
Sun,2,2,0.0,22
Sun,2,2,1.0,5
Sun,2,2,2.0,2
Sun,2,2,2.0,4
Sun,2,2,5.0,1
Sun,2,2,0.0,1
Sun,2,2,1.0,14
Sun,2,2,2.0,7
Sun,2,2,2.0,2
Sun,2,2,1.0,3
Sun,2,2,1.0,1
Sun,2,2,1.0,5
Sun,2,2,2.0,2
Sun,2,2,2.0,2
Sun,2,2,5.0,1
Sun,2,2,0.0,17
Sun,2,2,0.0,13
Sun,2,2,2.0,12
Sun,2,2,5.0,1
Sun,2,2,0.0,3
Sun,2,2,2.0,2
Sun,2,2,0.0,19
Sun,2,2,2.0,2
Sun,2,2,5.0,1
Sun,2,2,2.0,2
Sun,2,2,2.0,15
Sun,2,2,5.0,1
Sun,2,2,1.0,1
Sun,2,3,0.0,5
Sun,2,3,0.0,7
Sun,2,3,0.0,1
Sun,2,3,0.0,1
Sun,2,3,1.0,4
Sun,2,3,1.0,4
Sun,2,3,2.0,2
Sun,2,3,0.0,1
Sun,2,3,0.0,3
Sun,2,3,0.0,1
Sun,2,3,0.0,1
Sun,2,3,2.0,8
Sun,2,3,2.0,4
Sun,2,3,0.0,1
Sun,2,3,0.0,1
Sun,2,3,0.0,1
Sun,2,3,0.0,1
Sun,2,3,2.0,11
Sun,2,3,2.0,6
Sun,2,3,1.0,16
Sun,2,3,2.0,9
Sun,2,3,2.0,2
Sun,2,3,2.0,4
Sun,2,3,2.0,2
Sun,2,3,0.0,1
Sun,2,3,0.0,7
Sun,2,3,0.0,1
Sun,2,3,0.0,1
Sun,2,3,0.0,3
Sun,2,3,0.0,1
Sun,2,3,2.0,4
Sun,2,3,0.0,9
Sun,2,3,0.0,3
Sun,2,3,0.0,1
Sun,2,3,1.0,4
Sun,2,3,2.0,2
Sun,2,3,0.0,1
Sun,2,3,2.0,20
Sun,2,3,2.0,21
Sun,2,3,0.0,1
Sun,2,3,2.0,13
Sun,2,3,1.0,4
Sun,2,3,1.0,6
Sun,2,3,0.0,1
Sun,2,3,2.0,2
Sun,2,3,0.0,12
Sun,2,3,2.0,6
Sun,2,3,1.0,3
Sun,2,3,1.0,7
Sun,2,3,0.0,1
Sun,2,3,0.0,1
Sun,2,3,1.0,13
Sun,2,3,0.0,1
Sun,2,3,2.0,6
Sun,2,3,0.0,1
Sun,2,3,2.0,6
Sun,2,3,0.0,3
Sun,2,3,2.0,10
Sun,2,3,0.0,15
Sun,2,3,0.0,7
Sun,2,3,2.0,2
Sun,2,3,2.0,2
Sun,2,3,0.0,17
Sun,2,3,0.0,1
Sun,2,3,0.0,1
Sun,2,3,0.0,1
Sun,2,3,2.0,6
Sun,2,3,,30
Sun,2,3,0.0,3
Sun,2,3,1.0,17
Sun,2,3,0.0,3
Sun,2,3,0.0,1
Sun,2,3,2.0,16
Sun,2,3,0.0,1
Sun,2,3,0.0,1
Sun,2,3,2.0,4
Sun,2,3,1.0,7
Sun,2,3,2.0,2
Sun,2,3,0.0,1
Sun,2,3,0.0,1
Sun,2,3,0.0,1
Sun,2,3,0.0,1
Sun,2,3,1.0,24
Sun,2,3,0.0,1
Sun,2,3,0.0,10
Sun,2,3,2.0,2
Sun,2,3,0.0,3
Sun,2,3,0.0,8
Sun,2,3,0.0,1
Sun,2,3,2.0,14
Sun,2,3,0.0,1
Sun,2,3,0.0,1
Sun,2,3,2.0,2
Sun,2,3,2.0,2
Sun,2,3,0.0,1
Sun,2,3,0.0,3
Sun,2,3,2.0,12
Sun,2,3,0.0,1
Sun,2,3,0.0,1
Sun,2,3,1.0,4
Sun,2,4,1.0,4
Sun,2,4,1.0,1
Sun,2,4,2.0,2
Sun,2,4,1.0,1
Sun,2,4,0.0,9
Sun,2,4,1.0,3
Sun,2,4,1.0,10
Sun,2,4,0.0,5
Sun,2,4,1.0,1
Sun,2,4,1.0,3
Sun,2,4,2.0,8
Sun,2,4,2.0,2
Sun,2,4,0.0,14
Sun,2,4,2.0,2
Sun,2,4,2.0,2
Sun,2,4,1.0,1
Sun,2,4,0.0,3
Sun,2,4,2.0,5
Sun,2,4,1.0,1
Sun,2,4,2.0,2
Sun,2,4,0.0,25
Sun,2,4,2.0,22
Sun,2,4,0.0,3
Sun,2,4,2.0,2
Sun,2,4,1.0,3
Sun,2,4,2.0,19
Sun,2,4,1.0,1
Sun,2,4,1.0,3
Sun,2,4,2.0,2
Sun,2,4,2.0,4
Sun,2,4,2.0,2
Sun,2,4,1.0,19
Sun,2,4,2.0,13
Sun,2,4,2.0,6
Sun,2,4,0.0,3
Sun,2,4,2.0,4
Sun,2,4,2.0,4
Sun,2,4,2.0,6
Sun,2,4,2.0,2
Sun,2,4,0.0,8
Sun,2,4,1.0,7
Sun,2,4,1.0,1
Sun,2,4,0.0,8
Sun,2,4,1.0,3
Sun,2,4,,30
Sun,2,4,2.0,2
Sun,2,4,2.0,2
Sun,2,4,2.0,6
Sun,2,4,0.0,15
Sun,2,4,2.0,2
Sun,2,4,1.0,8
Sun,2,4,0.0,7
Sun,2,4,0.0,10
Sun,2,4,1.0,4
Sun,2,4,1.0,1
Sun,2,4,2.0,10
Sun,2,4,1.0,7
Sun,2,4,2.0,15
Sun,2,4,1.0,1
Sun,2,4,1.0,14
Sun,2,4,1.0,1
Sun,2,4,1.0,1
Sun,2,4,1.0,1
Sun,2,4,1.0,1
Sun,2,4,0.0,9
Sun,2,4,2.0,5
Sun,2,4,1.0,16
Sun,2,4,0.0,4
Sun,2,4,0.0,4
Sun,2,4,1.0,6
Sun,2,4,1.0,1
Sun,2,4,1.0,1
Sun,2,4,2.0,4
Sun,2,4,2.0,14
Sun,2,4,1.0,1
Sun,2,4,1.0,1
Sun,2,4,0.0,3
Sun,2,4,1.0,1
Sun,2,4,0.0,5
Sun,2,4,1.0,6
Sun,2,4,0.0,7
Sun,2,4,2.0,2
Sun,2,4,1.0,1
Sun,2,4,1.0,1
Sun,2,4,2.0,6
Sun,2,4,2.0,4
Sun,2,4,1.0,1
Sun,2,4,1.0,1
Sun,2,4,1.0,4
Sun,2,4,0.0,6
Sun,2,4,1.0,13
Sun,2,4,1.0,1
Sun,2,4,1.0,1
Sun,2,4,1.0,1
Sun,2,4,1.0,1
Sun,2,4,0.0,4
Sun,2,4,1.0,1
Sun,2,4,0.0,14
Sun,2,4,0.0,4
Sun,2,4,0.0,24
Sun,2,5,1.0,13
Sun,2,5,0.0,3
Sun,2,5,0.0,3
Sun,2,5,1.0,18
Sun,2,5,2.0,8
Sun,2,5,1.0,13
Sun,2,5,1.0,15
Sun,2,5,0.0,4
Sun,2,5,1.0,9
Sun,2,5,1.0,5
Sun,2,5,0.0,2
Sun,2,5,1.0,11
Sun,2,5,0.0,2
Sun,2,5,1.0,4
Sun,2,5,0.0,11
Sun,2,5,1.0,13
Sun,2,5,0.0,6
Sun,2,5,1.0,22
Sun,2,5,0.0,22
Sun,2,5,2.0,12
Sun,2,5,1.0,5
Sun,2,5,2.0,23
Sun,2,5,1.0,17
Sun,2,5,0.0,5
Sun,2,5,1.0,3
Sun,2,5,0.0,23
Sun,2,5,0.0,7
Sun,2,5,0.0,4
Sun,2,5,0.0,2
Sun,2,5,1.0,4
Sun,2,5,0.0,3
Sun,2,5,0.0,11
Sun,2,5,0.0,4
Sun,2,5,0.0,17
Sun,2,5,2.0,6
Sun,2,5,2.0,9
Sun,2,5,1.0,12
Sun,2,5,2.0,11
Sun,2,5,0.0,4
Sun,2,5,0.0,5
Sun,2,5,1.0,3
Sun,2,5,2.0,8
Sun,2,5,0.0,8
Sun,2,5,1.0,14
Sun,2,5,1.0,4
Sun,2,5,1.0,9
Sun,2,5,1.0,5
Sun,2,5,0.0,12
Sun,2,5,0.0,9
Sun,2,5,1.0,5
Sun,2,5,2.0,7
Sun,2,5,2.0,3
Sun,2,5,0.0,9
Sun,2,5,0.0,5
Sun,2,5,0.0,21
Sun,2,5,2.0,13
Sun,2,5,1.0,8
Sun,2,5,2.0,5
Sun,2,5,2.0,16
Sun,2,5,0.0,11
Sun,2,5,2.0,3
Sun,2,5,1.0,11
Sun,2,5,2.0,13
Sun,2,5,1.0,2
Sun,2,5,2.0,8
Sun,2,5,1.0,18
Sun,2,5,2.0,7
Sun,2,5,0.0,8
Sun,2,5,1.0,2
Sun,2,5,2.0,11
Sun,2,5,1.0,6
Sun,2,5,1.0,18
Sun,2,5,2.0,21
Sun,2,5,1.0,2
Sun,2,5,2.0,12
Sun,2,5,2.0,16
Sun,2,5,0.0,7
Sun,2,5,2.0,7
Sun,2,5,2.0,6
Sun,2,5,2.0,11
Sun,2,5,2.0,3
Sun,2,5,0.0,12
Sun,2,5,1.0,8
Sun,2,5,1.0,6
Sun,2,5,2.0,11
Sun,2,5,2.0,4
Sun,2,5,1.0,24
Sun,2,5,0.0,3
Sun,2,5,0.0,22
Sun,2,5,1.0,24
Sun,2,5,2.0,3
Sun,2,5,2.0,8
Sun,2,5,0.0,5
Sun,2,5,0.0,6
Sun,2,5,2.0,28
Sun,2,5,1.0,12
Sun,2,5,0.0,9
Sun,2,5,2.0,3
Sun,2,5,0.0,9
Sun,2,5,0.0,11
Sun,3,0,0.0,22
Sun,3,0,2.0,11
Sun,3,0,2.0,4
Sun,3,0,1.0,2
Sun,3,0,2.0,3
Sun,3,0,0.0,4
Sun,3,0,0.0,6
Sun,3,0,1.0,5
Sun,3,0,1.0,13
Sun,3,0,2.0,2
Sun,3,0,0.0,3
Sun,3,0,1.0,8
Sun,3,0,0.0,6
Sun,3,0,0.0,17
Sun,3,0,1.0,12
Sun,3,0,2.0,15
Sun,3,0,1.0,12
Sun,3,0,1.0,2
Sun,3,0,1.0,6
Sun,3,0,1.0,11
Sun,3,0,2.0,10
Sun,3,0,2.0,9
Sun,3,0,1.0,7
Sun,3,0,1.0,8
Sun,3,0,1.0,7
Sun,3,0,2.0,2
Sun,3,0,2.0,5
Sun,3,0,1.0,5
Sun,3,0,0.0,10
Sun,3,0,0.0,4
Sun,3,0,0.0,6
Sun,3,0,0.0,17
Sun,3,0,1.0,13
Sun,3,0,1.0,6
Sun,3,0,2.0,17
Sun,3,0,1.0,13
Sun,3,0,1.0,8
Sun,3,0,2.0,2
Sun,3,0,0.0,10
Sun,3,0,2.0,13
Sun,3,0,2.0,23
Sun,3,0,2.0,17
Sun,3,0,1.0,30
Sun,3,0,1.0,3
Sun,3,0,2.0,12
Sun,3,0,2.0,2
Sun,3,0,2.0,5
Sun,3,0,2.0,4
Sun,3,0,2.0,2
Sun,3,0,1.0,8
Sun,3,0,2.0,2
Sun,3,0,2.0,15
Sun,3,0,1.0,10
Sun,3,0,2.0,16
Sun,3,0,0.0,18
Sun,3,0,1.0,21
Sun,3,0,2.0,26
Sun,3,0,2.0,7
Sun,3,0,0.0,7
Sun,3,0,0.0,5
Sun,3,0,2.0,4
Sun,3,0,2.0,12
Sun,3,0,2.0,8
Sun,3,0,1.0,6
Sun,3,0,0.0,27
Sun,3,0,0.0,6
Sun,3,0,0.0,16
Sun,3,0,1.0,6
Sun,3,0,1.0,3
Sun,3,0,1.0,12
Sun,3,0,1.0,5
Sun,3,0,2.0,6
Sun,3,0,0.0,3
Sun,3,0,2.0,12
Sun,3,0,1.0,17
Sun,3,0,2.0,4
Sun,3,0,0.0,5
Sun,3,0,2.0,4
Sun,3,0,2.0,9
Sun,3,0,2.0,5
Sun,3,0,2.0,8
Sun,3,0,0.0,3
Sun,3,0,2.0,5
Sun,3,0,2.0,3
Sun,3,0,0.0,4
Sun,3,0,2.0,4
Sun,3,0,0.0,9
Sun,3,0,0.0,25
Sun,3,0,2.0,26
Sun,3,0,0.0,18
Sun,3,0,0.0,4
Sun,3,0,0.0,8
Sun,3,0,2.0,14
Sun,3,0,0.0,4
Sun,3,0,1.0,20
Sun,3,0,2.0,5
Sun,3,0,1.0,4
Sun,3,0,1.0,4
Sun,3,0,1.0,13
Sun,3,0,1.0,5
Sun,3,1,2.0,8
Sun,3,1,0.0,1
Sun,3,1,0.0,1
Sun,3,1,1.0,10
Sun,3,1,0.0,1
Sun,3,1,0.0,1
Sun,3,1,,30
Sun,3,1,1.0,2
Sun,3,1,0.0,6
Sun,3,1,0.0,1
Sun,3,1,0.0,1
Sun,3,1,0.0,1
Sun,3,1,0.0,1
Sun,3,1,0.0,5
Sun,3,1,0.0,1
Sun,3,1,0.0,1
Sun,3,1,1.0,8
Sun,3,1,1.0,4
Sun,3,1,0.0,21
Sun,3,1,0.0,8
Sun,3,1,0.0,1
Sun,3,1,1.0,2
Sun,3,1,1.0,2
Sun,3,1,1.0,2
Sun,3,1,0.0,1
Sun,3,1,1.0,2
Sun,3,1,1.0,4
Sun,3,1,0.0,1
Sun,3,1,1.0,11
Sun,3,1,0.0,1
Sun,3,1,0.0,1
Sun,3,1,1.0,4
Sun,3,1,0.0,1
Sun,3,1,0.0,1
Sun,3,1,0.0,8
Sun,3,1,0.0,3
Sun,3,1,0.0,1
Sun,3,1,0.0,3
Sun,3,1,0.0,1
Sun,3,1,0.0,1
Sun,3,1,1.0,2
Sun,3,1,1.0,2
Sun,3,1,1.0,2
Sun,3,1,1.0,2
Sun,3,1,0.0,1
Sun,3,1,2.0,5
Sun,3,1,0.0,1
Sun,3,1,0.0,1
Sun,3,1,1.0,2
Sun,3,1,0.0,8
Sun,3,1,,30
Sun,3,1,1.0,2
Sun,3,1,0.0,3
Sun,3,1,0.0,1
Sun,3,1,2.0,12
Sun,3,1,0.0,3
Sun,3,1,1.0,4
Sun,3,1,2.0,6
Sun,3,1,0.0,1
Sun,3,1,0.0,8
Sun,3,1,1.0,2
Sun,3,1,2.0,16
Sun,3,1,1.0,20
Sun,3,1,0.0,1
Sun,3,1,2.0,13
Sun,3,1,2.0,11
Sun,3,1,1.0,2
Sun,3,1,0.0,1
Sun,3,1,0.0,1
Sun,3,1,0.0,1
Sun,3,1,0.0,3
Sun,3,1,1.0,5
Sun,3,1,0.0,1
Sun,3,1,0.0,7
Sun,3,1,0.0,1
Sun,3,1,1.0,2
Sun,3,1,0.0,5
Sun,3,1,1.0,16
Sun,3,1,0.0,3
Sun,3,1,0.0,1
Sun,3,1,0.0,1
Sun,3,1,0.0,1
Sun,3,1,0.0,3
Sun,3,1,0.0,1
Sun,3,1,1.0,2
Sun,3,1,1.0,2
Sun,3,1,0.0,1
Sun,3,1,0.0,18
Sun,3,1,0.0,1
Sun,3,1,0.0,10
Sun,3,1,0.0,1
Sun,3,1,1.0,4
Sun,3,1,0.0,9
Sun,3,1,0.0,1
Sun,3,1,2.0,4
Sun,3,1,1.0,4
Sun,3,1,2.0,19
Sun,3,1,0.0,3
Sun,3,1,1.0,5
Sun,3,1,0.0,1
Sun,3,2,0.0,1
Sun,3,2,2.0,6
Sun,3,2,0.0,1
Sun,3,2,0.0,11
Sun,3,2,0.0,1
Sun,3,2,0.0,1
Sun,3,2,0.0,1
Sun,3,2,0.0,1
Sun,3,2,1.0,3
Sun,3,2,0.0,1
Sun,3,2,1.0,6
Sun,3,2,2.0,4
Sun,3,2,2.0,5
Sun,3,2,2.0,6
Sun,3,2,0.0,12
Sun,3,2,0.0,1
Sun,3,2,2.0,2
Sun,3,2,2.0,2
Sun,3,2,0.0,17
Sun,3,2,0.0,1
Sun,3,2,2.0,5
Sun,3,2,0.0,10
Sun,3,2,1.0,4
Sun,3,2,0.0,1
Sun,3,2,0.0,1
Sun,3,2,1.0,5
Sun,3,2,1.0,18
Sun,3,2,0.0,1
Sun,3,2,0.0,15
Sun,3,2,0.0,1
Sun,3,2,0.0,1
Sun,3,2,0.0,1
Sun,3,2,2.0,16
Sun,3,2,1.0,6
Sun,3,2,1.0,5
Sun,3,2,0.0,8
Sun,3,2,2.0,2
Sun,3,2,0.0,1
Sun,3,2,2.0,2
Sun,3,2,0.0,10
Sun,3,2,1.0,19
Sun,3,2,0.0,1
Sun,3,2,0.0,1
Sun,3,2,1.0,16
Sun,3,2,0.0,1
Sun,3,2,0.0,1
Sun,3,2,2.0,2
Sun,3,2,2.0,2
Sun,3,2,0.0,1
Sun,3,2,0.0,10
Sun,3,2,2.0,4
Sun,3,2,0.0,1
Sun,3,2,1.0,4
Sun,3,2,1.0,3
Sun,3,2,1.0,3
Sun,3,2,0.0,1
Sun,3,2,2.0,23
Sun,3,2,0.0,17
Sun,3,2,,30
Sun,3,2,0.0,1
Sun,3,2,2.0,13
Sun,3,2,0.0,1
Sun,3,2,0.0,3
Sun,3,2,0.0,3
Sun,3,2,2.0,27
Sun,3,2,2.0,2
Sun,3,2,0.0,1
Sun,3,2,0.0,3
Sun,3,2,0.0,1
Sun,3,2,0.0,1
Sun,3,2,1.0,8
Sun,3,2,0.0,1
Sun,3,2,0.0,1
Sun,3,2,2.0,2
Sun,3,2,2.0,4
Sun,3,2,1.0,13
Sun,3,2,0.0,1
Sun,3,2,1.0,9
Sun,3,2,1.0,8
Sun,3,2,0.0,1
Sun,3,2,0.0,1
Sun,3,2,2.0,2
Sun,3,2,2.0,2
Sun,3,2,0.0,1
Sun,3,2,1.0,3
Sun,3,2,0.0,1
Sun,3,2,0.0,15
Sun,3,2,0.0,18
Sun,3,2,0.0,1
Sun,3,2,0.0,3
Sun,3,2,0.0,3
Sun,3,2,0.0,1
Sun,3,2,0.0,1
Sun,3,2,1.0,5
Sun,3,2,0.0,18
Sun,3,2,0.0,1
Sun,3,2,0.0,28
Sun,3,2,2.0,2
Sun,3,2,2.0,2
Sun,3,2,2.0,2
Sun,3,3,0.0,1
Sun,3,3,0.0,1
Sun,3,3,0.0,1
Sun,3,3,0.0,1
Sun,3,3,0.0,1
Sun,3,3,0.0,1
Sun,3,3,0.0,1
Sun,3,3,0.0,1
Sun,3,3,0.0,1
Sun,3,3,0.0,1
Sun,3,3,0.0,1
Sun,3,3,0.0,1
Sun,3,3,0.0,1
Sun,3,3,0.0,1
Sun,3,3,0.0,1
Sun,3,3,0.0,1
Sun,3,3,0.0,1
Sun,3,3,0.0,1
Sun,3,3,0.0,1
Sun,3,3,0.0,1
Sun,3,3,0.0,1
Sun,3,3,0.0,1
Sun,3,3,0.0,1
Sun,3,3,0.0,1
Sun,3,3,0.0,1
Sun,3,3,0.0,1
Sun,3,3,0.0,1
Sun,3,3,0.0,1
Sun,3,3,0.0,1
Sun,3,3,0.0,1
Sun,3,3,0.0,1
Sun,3,3,0.0,1
Sun,3,3,0.0,1
Sun,3,3,0.0,1
Sun,3,3,0.0,1
Sun,3,3,0.0,1
Sun,3,3,0.0,1
Sun,3,3,0.0,1
Sun,3,3,0.0,1
Sun,3,3,0.0,1
Sun,3,3,0.0,1
Sun,3,3,0.0,1
Sun,3,3,0.0,1
Sun,3,3,0.0,1
Sun,3,3,0.0,1
Sun,3,3,0.0,1
Sun,3,3,0.0,1
Sun,3,3,0.0,1
Sun,3,3,0.0,1
Sun,3,3,0.0,1
Sun,3,3,0.0,1
Sun,3,3,0.0,1
Sun,3,3,0.0,1
Sun,3,3,0.0,1
Sun,3,3,0.0,1
Sun,3,3,0.0,1
Sun,3,3,0.0,1
Sun,3,3,0.0,1
Sun,3,3,0.0,1
Sun,3,3,0.0,1
Sun,3,3,0.0,1
Sun,3,3,0.0,1
Sun,3,3,0.0,1
Sun,3,3,0.0,1
Sun,3,3,0.0,1
Sun,3,3,0.0,1
Sun,3,3,0.0,1
Sun,3,3,0.0,1
Sun,3,3,0.0,1
Sun,3,3,0.0,1
Sun,3,3,0.0,1
Sun,3,3,0.0,1
Sun,3,3,0.0,1
Sun,3,3,0.0,1
Sun,3,3,0.0,1
Sun,3,3,0.0,1
Sun,3,3,0.0,1
Sun,3,3,0.0,1
Sun,3,3,0.0,1
Sun,3,3,0.0,1
Sun,3,3,0.0,1
Sun,3,3,0.0,1
Sun,3,3,0.0,1
Sun,3,3,0.0,1
Sun,3,3,0.0,1
Sun,3,3,0.0,1
Sun,3,3,0.0,1
Sun,3,3,0.0,1
Sun,3,3,0.0,1
Sun,3,3,0.0,1
Sun,3,3,0.0,1
Sun,3,3,0.0,1
Sun,3,3,0.0,1
Sun,3,3,0.0,1
Sun,3,3,0.0,1
Sun,3,3,0.0,1
Sun,3,3,0.0,1
Sun,3,3,0.0,1
Sun,3,3,0.0,1
Sun,3,3,0.0,1
Sun,3,4,1.0,7
Sun,3,4,1.0,5
Sun,3,4,2.0,4
Sun,3,4,1.0,4
Sun,3,4,1.0,10
Sun,3,4,0.0,4
Sun,3,4,0.0,7
Sun,3,4,,30
Sun,3,4,2.0,4
Sun,3,4,1.0,4
Sun,3,4,,30
Sun,3,4,1.0,9
Sun,3,4,2.0,2
Sun,3,4,2.0,2
Sun,3,4,1.0,12
Sun,3,4,,30
Sun,3,4,2.0,4
Sun,3,4,0.0,10
Sun,3,4,0.0,13
Sun,3,4,0.0,11
Sun,3,4,1.0,11
Sun,3,4,2.0,2
Sun,3,4,0.0,13
Sun,3,4,2.0,6
Sun,3,4,2.0,2
Sun,3,4,2.0,2
Sun,3,4,1.0,8
Sun,3,4,2.0,15
Sun,3,4,0.0,9
Sun,3,4,0.0,15
Sun,3,4,2.0,6
Sun,3,4,0.0,16
Sun,3,4,2.0,2
Sun,3,4,0.0,3
Sun,3,4,2.0,11
Sun,3,4,1.0,3
Sun,3,4,2.0,7
Sun,3,4,2.0,2
Sun,3,4,2.0,2
Sun,3,4,0.0,17
Sun,3,4,1.0,14
Sun,3,4,0.0,18
Sun,3,4,1.0,18
Sun,3,4,1.0,13
Sun,3,4,1.0,19
Sun,3,4,2.0,2
Sun,3,4,2.0,7
Sun,3,4,1.0,6
Sun,3,4,2.0,6
Sun,3,4,1.0,7
Sun,3,4,2.0,2
Sun,3,4,0.0,3
Sun,3,4,2.0,2
Sun,3,4,0.0,5
Sun,3,4,1.0,13
Sun,3,4,2.0,19
Sun,3,4,2.0,6
Sun,3,4,,30
Sun,3,4,2.0,2
Sun,3,4,2.0,2
Sun,3,4,0.0,14
Sun,3,4,0.0,19
Sun,3,4,0.0,3
Sun,3,4,0.0,5
Sun,3,4,1.0,14
Sun,3,4,1.0,8
Sun,3,4,2.0,2
Sun,3,4,2.0,5
Sun,3,4,1.0,18
Sun,3,4,1.0,5
Sun,3,4,2.0,2
Sun,3,4,1.0,3
Sun,3,4,2.0,6
Sun,3,4,2.0,4
Sun,3,4,2.0,3
Sun,3,4,2.0,27
Sun,3,4,1.0,11
Sun,3,4,1.0,8
Sun,3,4,2.0,2
Sun,3,4,1.0,3
Sun,3,4,1.0,6
Sun,3,4,2.0,2
Sun,3,4,1.0,3
Sun,3,4,2.0,15
Sun,3,4,0.0,7
Sun,3,4,2.0,8
Sun,3,4,2.0,14
Sun,3,4,2.0,16
Sun,3,4,0.0,9
Sun,3,4,1.0,8
Sun,3,4,1.0,12
Sun,3,4,0.0,16
Sun,3,4,2.0,2
Sun,3,4,2.0,16
Sun,3,4,2.0,4
Sun,3,4,2.0,14
Sun,3,4,2.0,2
Sun,3,4,2.0,6
Sun,3,4,2.0,17
Sun,3,4,2.0,6
Sun,3,5,2.0,18
Sun,3,5,1.0,2
Sun,3,5,0.0,11
Sun,3,5,1.0,6
Sun,3,5,2.0,10
Sun,3,5,0.0,7
Sun,3,5,0.0,7
Sun,3,5,0.0,3
Sun,3,5,1.0,8
Sun,3,5,0.0,3
Sun,3,5,1.0,3
Sun,3,5,0.0,10
Sun,3,5,0.0,10
Sun,3,5,0.0,9
Sun,3,5,1.0,2
Sun,3,5,2.0,10
Sun,3,5,1.0,12
Sun,3,5,1.0,2
Sun,3,5,1.0,2
Sun,3,5,0.0,4
Sun,3,5,1.0,2
Sun,3,5,0.0,10
Sun,3,5,1.0,26
Sun,3,5,1.0,2
Sun,3,5,1.0,7
Sun,3,5,2.0,10
Sun,3,5,2.0,10
Sun,3,5,1.0,2
Sun,3,5,0.0,7
Sun,3,5,2.0,5
Sun,3,5,2.0,13
Sun,3,5,1.0,2
Sun,3,5,1.0,4
Sun,3,5,1.0,12
Sun,3,5,1.0,10
Sun,3,5,1.0,10
Sun,3,5,2.0,6
Sun,3,5,0.0,11
Sun,3,5,0.0,11
Sun,3,5,1.0,2
Sun,3,5,1.0,10
Sun,3,5,1.0,6
Sun,3,5,0.0,4
Sun,3,5,2.0,3
Sun,3,5,1.0,6
Sun,3,5,0.0,9
Sun,3,5,2.0,3
Sun,3,5,1.0,7
Sun,3,5,2.0,9
Sun,3,5,0.0,27
Sun,3,5,0.0,13
Sun,3,5,1.0,8
Sun,3,5,2.0,3
Sun,3,5,1.0,7
Sun,3,5,1.0,7
Sun,3,5,1.0,4
Sun,3,5,0.0,3
Sun,3,5,2.0,6
Sun,3,5,2.0,11
Sun,3,5,0.0,10
Sun,3,5,1.0,8
Sun,3,5,0.0,5
Sun,3,5,1.0,2
Sun,3,5,2.0,11
Sun,3,5,1.0,2
Sun,3,5,2.0,16
Sun,3,5,2.0,5
Sun,3,5,1.0,2
Sun,3,5,0.0,9
Sun,3,5,0.0,9
Sun,3,5,1.0,12
Sun,3,5,1.0,13
Sun,3,5,,30
Sun,3,5,0.0,8
Sun,3,5,0.0,12
Sun,3,5,0.0,9
Sun,3,5,0.0,16
Sun,3,5,0.0,9
Sun,3,5,1.0,6
Sun,3,5,1.0,7
Sun,3,5,0.0,7
Sun,3,5,1.0,2
Sun,3,5,1.0,3
Sun,3,5,2.0,3
Sun,3,5,2.0,29
Sun,3,5,1.0,10
Sun,3,5,1.0,5
Sun,3,5,1.0,9
Sun,3,5,1.0,4
Sun,3,5,1.0,8
Sun,3,5,0.0,11
Sun,3,5,1.0,6
Sun,3,5,1.0,2
Sun,3,5,2.0,14
Sun,3,5,2.0,7
Sun,3,5,2.0,3
Sun,3,5,2.0,6
Sun,3,5,2.0,4
Sun,3,5,0.0,6
Sun,3,5,2.0,14
Sun,4,0,2.0,4
Sun,4,0,1.0,11
Sun,4,0,0.0,4
Sun,4,0,2.0,24
Sun,4,0,1.0,3
Sun,4,0,0.0,2
Sun,4,0,1.0,7
Sun,4,0,1.0,1
Sun,4,0,1.0,1
Sun,4,0,1.0,3
Sun,4,0,2.0,12
Sun,4,0,1.0,3
Sun,4,0,1.0,1
Sun,4,0,0.0,13
Sun,4,0,0.0,13
Sun,4,0,1.0,28
Sun,4,0,0.0,14
Sun,4,0,1.0,1
Sun,4,0,1.0,1
Sun,4,0,0.0,4
Sun,4,0,1.0,1
Sun,4,0,1.0,1
Sun,4,0,2.0,9
Sun,4,0,0.0,2
Sun,4,0,0.0,2
Sun,4,0,0.0,5
Sun,4,0,1.0,1
Sun,4,0,1.0,1
Sun,4,0,2.0,8
Sun,4,0,0.0,7
Sun,4,0,0.0,24
Sun,4,0,0.0,23
Sun,4,0,2.0,4
Sun,4,0,0.0,2
Sun,4,0,0.0,7
Sun,4,0,2.0,6
Sun,4,0,1.0,5
Sun,4,0,1.0,1
Sun,4,0,1.0,5
Sun,4,0,0.0,6
Sun,4,0,0.0,2
Sun,4,0,2.0,26
Sun,4,0,1.0,1
Sun,4,0,1.0,1
Sun,4,0,2.0,3
Sun,4,0,1.0,1
Sun,4,0,1.0,1
Sun,4,0,1.0,1
Sun,4,0,1.0,1
Sun,4,0,1.0,3
Sun,4,0,1.0,1
Sun,4,0,0.0,13
Sun,4,0,0.0,9
Sun,4,0,0.0,2
Sun,4,0,2.0,5
Sun,4,0,1.0,1
Sun,4,0,0.0,2
Sun,4,0,2.0,26
Sun,4,0,0.0,13
Sun,4,0,,30
Sun,4,0,2.0,7
Sun,4,0,2.0,3
Sun,4,0,0.0,19
Sun,4,0,1.0,1
Sun,4,0,0.0,4
Sun,4,0,1.0,1
Sun,4,0,2.0,6
Sun,4,0,2.0,4
Sun,4,0,0.0,4
Sun,4,0,2.0,3
Sun,4,0,1.0,1
Sun,4,0,1.0,21
Sun,4,0,1.0,1
Sun,4,0,1.0,7
Sun,4,0,0.0,7
Sun,4,0,1.0,3
Sun,4,0,1.0,1
Sun,4,0,0.0,4
Sun,4,0,1.0,3
Sun,4,0,1.0,1
Sun,4,0,2.0,5
Sun,4,0,1.0,3
Sun,4,0,0.0,4
Sun,4,0,1.0,3
Sun,4,0,1.0,1
Sun,4,0,1.0,7
Sun,4,0,1.0,1
Sun,4,0,0.0,4
Sun,4,0,0.0,2
Sun,4,0,1.0,3
Sun,4,0,1.0,1
Sun,4,0,1.0,1
Sun,4,0,0.0,4
Sun,4,0,1.0,1
Sun,4,0,2.0,19
Sun,4,0,1.0,1
Sun,4,0,1.0,1
Sun,4,0,0.0,2
Sun,4,0,1.0,1
Sun,4,0,0.0,9
Sun,4,1,0.0,21
Sun,4,1,0.0,3
Sun,4,1,0.0,4
Sun,4,1,0.0,14
Sun,4,1,2.0,19
Sun,4,1,0.0,16
Sun,4,1,0.0,16
Sun,4,1,2.0,4
Sun,4,1,0.0,23
Sun,4,1,2.0,6
Sun,4,1,1.0,8
Sun,4,1,2.0,17
Sun,4,1,0.0,16
Sun,4,1,0.0,6
Sun,4,1,2.0,2
Sun,4,1,0.0,5
Sun,4,1,1.0,12
Sun,4,1,0.0,9
Sun,4,1,2.0,7
Sun,4,1,0.0,5
Sun,4,1,1.0,4
Sun,4,1,0.0,22
Sun,4,1,0.0,2
Sun,4,1,2.0,8
Sun,4,1,2.0,12
Sun,4,1,0.0,3
Sun,4,1,1.0,3
Sun,4,1,1.0,23
Sun,4,1,,30
Sun,4,1,0.0,5
Sun,4,1,0.0,28
Sun,4,1,0.0,7
Sun,4,1,2.0,7
Sun,4,1,0.0,5
Sun,4,1,1.0,6
Sun,4,1,1.0,6
Sun,4,1,0.0,4
Sun,4,1,0.0,5
Sun,4,1,1.0,5
Sun,4,1,2.0,11
Sun,4,1,0.0,3
Sun,4,1,0.0,13
Sun,4,1,1.0,3
Sun,4,1,1.0,19
Sun,4,1,0.0,3
Sun,4,1,2.0,10
Sun,4,1,0.0,2
Sun,4,1,0.0,12
Sun,4,1,2.0,2
Sun,4,1,2.0,15
Sun,4,1,1.0,3
Sun,4,1,2.0,15
Sun,4,1,2.0,5
Sun,4,1,2.0,8
Sun,4,1,0.0,13
Sun,4,1,2.0,8
Sun,4,1,2.0,3
Sun,4,1,0.0,9
Sun,4,1,1.0,7
Sun,4,1,2.0,3
Sun,4,1,2.0,2
Sun,4,1,2.0,6
Sun,4,1,0.0,13
Sun,4,1,0.0,4
Sun,4,1,1.0,8
Sun,4,1,0.0,8
Sun,4,1,2.0,13
Sun,4,1,0.0,2
Sun,4,1,2.0,7
Sun,4,1,0.0,26
Sun,4,1,0.0,6
Sun,4,1,0.0,6
Sun,4,1,1.0,15
Sun,4,1,2.0,3
Sun,4,1,0.0,15
Sun,4,1,0.0,10
Sun,4,1,2.0,2
Sun,4,1,1.0,3
Sun,4,1,0.0,22
Sun,4,1,1.0,19
Sun,4,1,0.0,14
Sun,4,1,1.0,6
Sun,4,1,1.0,13
Sun,4,1,0.0,7
Sun,4,1,0.0,6
Sun,4,1,1.0,6
Sun,4,1,1.0,4
Sun,4,1,2.0,11
Sun,4,1,0.0,9
Sun,4,1,2.0,11
Sun,4,1,0.0,10
Sun,4,1,2.0,5
Sun,4,1,2.0,7
Sun,4,1,2.0,2
Sun,4,1,1.0,6
Sun,4,1,1.0,9
Sun,4,1,2.0,4
Sun,4,1,2.0,4
Sun,4,1,0.0,16
Sun,4,1,2.0,8
Sun,4,2,1.0,14
Sun,4,2,1.0,1
Sun,4,2,2.0,8
Sun,4,2,1.0,1
Sun,4,2,2.0,6
Sun,4,2,1.0,1
Sun,4,2,2.0,2
Sun,4,2,1.0,1
Sun,4,2,2.0,2
Sun,4,2,2.0,2
Sun,4,2,2.0,2
Sun,4,2,2.0,9
Sun,4,2,0.0,6
Sun,4,2,1.0,1
Sun,4,2,2.0,6
Sun,4,2,2.0,2
Sun,4,2,2.0,2
Sun,4,2,1.0,1
Sun,4,2,1.0,3
Sun,4,2,2.0,2
Sun,4,2,1.0,1
Sun,4,2,1.0,3
Sun,4,2,1.0,1
Sun,4,2,2.0,2
Sun,4,2,2.0,5
Sun,4,2,1.0,3
Sun,4,2,1.0,3
Sun,4,2,1.0,1
Sun,4,2,1.0,1
Sun,4,2,1.0,5
Sun,4,2,1.0,1
Sun,4,2,1.0,1
Sun,4,2,1.0,1
Sun,4,2,0.0,7
Sun,4,2,1.0,27
Sun,4,2,1.0,3
Sun,4,2,1.0,5
Sun,4,2,1.0,1
Sun,4,2,2.0,4
Sun,4,2,1.0,3
Sun,4,2,2.0,4
Sun,4,2,1.0,1
Sun,4,2,2.0,20
Sun,4,2,0.0,14
Sun,4,2,1.0,9
Sun,4,2,2.0,2
Sun,4,2,2.0,2
Sun,4,2,2.0,12
Sun,4,2,1.0,1
Sun,4,2,2.0,17
Sun,4,2,0.0,10
Sun,4,2,2.0,2
Sun,4,2,0.0,3
Sun,4,2,2.0,2
Sun,4,2,1.0,1
Sun,4,2,2.0,17
Sun,4,2,0.0,5
Sun,4,2,1.0,5
Sun,4,2,1.0,1
Sun,4,2,1.0,16
Sun,4,2,2.0,7
Sun,4,2,2.0,2
Sun,4,2,1.0,1
Sun,4,2,2.0,2
Sun,4,2,1.0,1
Sun,4,2,1.0,13
Sun,4,2,1.0,1
Sun,4,2,1.0,1
Sun,4,2,2.0,2
Sun,4,2,2.0,4
Sun,4,2,2.0,2
Sun,4,2,2.0,4
Sun,4,2,2.0,6
Sun,4,2,1.0,1
Sun,4,2,2.0,2
Sun,4,2,2.0,9
Sun,4,2,1.0,1
Sun,4,2,1.0,1
Sun,4,2,2.0,2
Sun,4,2,1.0,1
Sun,4,2,0.0,8
Sun,4,2,2.0,2
Sun,4,2,2.0,4
Sun,4,2,2.0,2
Sun,4,2,1.0,1
Sun,4,2,1.0,1
Sun,4,2,0.0,5
Sun,4,2,1.0,10
Sun,4,2,1.0,3
Sun,4,2,2.0,11
Sun,4,2,1.0,1
Sun,4,2,2.0,7
Sun,4,2,1.0,5
Sun,4,2,1.0,18
Sun,4,2,1.0,6
Sun,4,2,1.0,10
Sun,4,2,1.0,4
Sun,4,2,1.0,1
Sun,4,2,0.0,9
Sun,4,2,0.0,5
Sun,4,3,0.0,3
Sun,4,3,2.0,21
Sun,4,3,0.0,10
Sun,4,3,0.0,6
Sun,4,3,2.0,4
Sun,4,3,1.0,11
Sun,4,3,0.0,4
Sun,4,3,2.0,2
Sun,4,3,1.0,3
Sun,4,3,0.0,3
Sun,4,3,2.0,17
Sun,4,3,0.0,7
Sun,4,3,2.0,4
Sun,4,3,1.0,4
Sun,4,3,2.0,8
Sun,4,3,2.0,4
Sun,4,3,1.0,18
Sun,4,3,2.0,7
Sun,4,3,2.0,2
Sun,4,3,0.0,3
Sun,4,3,1.0,11
Sun,4,3,0.0,6
Sun,4,3,2.0,2
Sun,4,3,0.0,6
Sun,4,3,0.0,10
Sun,4,3,2.0,3
Sun,4,3,,30
Sun,4,3,0.0,3
Sun,4,3,2.0,4
Sun,4,3,2.0,4
Sun,4,3,2.0,5
Sun,4,3,2.0,8
Sun,4,3,1.0,3
Sun,4,3,0.0,30
Sun,4,3,2.0,4
Sun,4,3,1.0,6
Sun,4,3,2.0,16
Sun,4,3,1.0,27
Sun,4,3,1.0,8
Sun,4,3,0.0,24
Sun,4,3,0.0,5
Sun,4,3,2.0,8
Sun,4,3,2.0,12
Sun,4,3,2.0,6
Sun,4,3,1.0,17
Sun,4,3,0.0,3
Sun,4,3,2.0,3
Sun,4,3,,30
Sun,4,3,1.0,10
Sun,4,3,0.0,3
Sun,4,3,2.0,10
Sun,4,3,2.0,2
Sun,4,3,0.0,14
Sun,4,3,2.0,7
Sun,4,3,0.0,9
Sun,4,3,1.0,13
Sun,4,3,1.0,15
Sun,4,3,2.0,9
Sun,4,3,0.0,8
Sun,4,3,0.0,21
Sun,4,3,2.0,2
Sun,4,3,0.0,9
Sun,4,3,0.0,5
Sun,4,3,0.0,3
Sun,4,3,0.0,3
Sun,4,3,2.0,15
Sun,4,3,1.0,9
Sun,4,3,2.0,7
Sun,4,3,1.0,5
Sun,4,3,2.0,13
Sun,4,3,1.0,3
Sun,4,3,1.0,24
Sun,4,3,0.0,14
Sun,4,3,0.0,15
Sun,4,3,1.0,5
Sun,4,3,1.0,3
Sun,4,3,2.0,4
Sun,4,3,2.0,2
Sun,4,3,2.0,14
Sun,4,3,2.0,10
Sun,4,3,2.0,3
Sun,4,3,1.0,3
Sun,4,3,1.0,6
Sun,4,3,2.0,4
Sun,4,3,1.0,27
Sun,4,3,2.0,7
Sun,4,3,2.0,18
Sun,4,3,0.0,9
Sun,4,3,2.0,15
Sun,4,3,1.0,6
Sun,4,3,1.0,5
Sun,4,3,1.0,4
Sun,4,3,2.0,2
Sun,4,3,1.0,9
Sun,4,3,1.0,4
Sun,4,3,2.0,3
Sun,4,3,2.0,2
Sun,4,3,2.0,2
Sun,4,3,1.0,8
Sun,4,3,1.0,9
Sun,4,4,1.0,1
Sun,4,4,1.0,1
Sun,4,4,1.0,1
Sun,4,4,1.0,1
Sun,4,4,1.0,1
Sun,4,4,1.0,1
Sun,4,4,1.0,1
Sun,4,4,1.0,1
Sun,4,4,1.0,1
Sun,4,4,1.0,1
Sun,4,4,1.0,1
Sun,4,4,1.0,1
Sun,4,4,1.0,1
Sun,4,4,1.0,1
Sun,4,4,1.0,1
Sun,4,4,1.0,1
Sun,4,4,1.0,1
Sun,4,4,1.0,1
Sun,4,4,1.0,1
Sun,4,4,1.0,1
Sun,4,4,1.0,1
Sun,4,4,1.0,1
Sun,4,4,1.0,1
Sun,4,4,1.0,1
Sun,4,4,1.0,1
Sun,4,4,1.0,1
Sun,4,4,1.0,1
Sun,4,4,1.0,1
Sun,4,4,1.0,1
Sun,4,4,1.0,1
Sun,4,4,1.0,1
Sun,4,4,1.0,1
Sun,4,4,1.0,1
Sun,4,4,1.0,1
Sun,4,4,1.0,1
Sun,4,4,1.0,1
Sun,4,4,1.0,1
Sun,4,4,1.0,1
Sun,4,4,1.0,1
Sun,4,4,1.0,1
Sun,4,4,1.0,1
Sun,4,4,1.0,1
Sun,4,4,1.0,1
Sun,4,4,1.0,1
Sun,4,4,1.0,1
Sun,4,4,1.0,1
Sun,4,4,1.0,1
Sun,4,4,1.0,1
Sun,4,4,1.0,1
Sun,4,4,1.0,1
Sun,4,4,1.0,1
Sun,4,4,1.0,1
Sun,4,4,1.0,1
Sun,4,4,1.0,1
Sun,4,4,1.0,1
Sun,4,4,1.0,1
Sun,4,4,1.0,1
Sun,4,4,1.0,1
Sun,4,4,1.0,1
Sun,4,4,1.0,1
Sun,4,4,1.0,1
Sun,4,4,1.0,1
Sun,4,4,1.0,1
Sun,4,4,1.0,1
Sun,4,4,1.0,1
Sun,4,4,1.0,1
Sun,4,4,1.0,1
Sun,4,4,1.0,1
Sun,4,4,1.0,1
Sun,4,4,1.0,1
Sun,4,4,1.0,1
Sun,4,4,1.0,1
Sun,4,4,1.0,1
Sun,4,4,1.0,1
Sun,4,4,1.0,1
Sun,4,4,1.0,1
Sun,4,4,1.0,1
Sun,4,4,1.0,1
Sun,4,4,1.0,1
Sun,4,4,1.0,1
Sun,4,4,1.0,1
Sun,4,4,1.0,1
Sun,4,4,1.0,1
Sun,4,4,1.0,1
Sun,4,4,1.0,1
Sun,4,4,1.0,1
Sun,4,4,1.0,1
Sun,4,4,1.0,1
Sun,4,4,1.0,1
Sun,4,4,1.0,1
Sun,4,4,1.0,1
Sun,4,4,1.0,1
Sun,4,4,1.0,1
Sun,4,4,1.0,1
Sun,4,4,1.0,1
Sun,4,4,1.0,1
Sun,4,4,1.0,1
Sun,4,4,1.0,1
Sun,4,4,1.0,1
Sun,4,4,1.0,1
Sun,4,5,0.0,7
Sun,4,5,0.0,22
Sun,4,5,2.0,16
Sun,4,5,0.0,6
Sun,4,5,1.0,9
Sun,4,5,2.0,3
Sun,4,5,2.0,7
Sun,4,5,2.0,20
Sun,4,5,1.0,18
Sun,4,5,0.0,8
Sun,4,5,2.0,9
Sun,4,5,2.0,26
Sun,4,5,2.0,3
Sun,4,5,0.0,2
Sun,4,5,1.0,5
Sun,4,5,0.0,10
Sun,4,5,1.0,14
Sun,4,5,0.0,7
Sun,4,5,0.0,2
Sun,4,5,2.0,7
Sun,4,5,0.0,2
Sun,4,5,0.0,8
Sun,4,5,1.0,10
Sun,4,5,1.0,3
Sun,4,5,1.0,13
Sun,4,5,1.0,16
Sun,4,5,2.0,13
Sun,4,5,1.0,3
Sun,4,5,0.0,6
Sun,4,5,2.0,5
Sun,4,5,2.0,10
Sun,4,5,0.0,4
Sun,4,5,1.0,21
Sun,4,5,2.0,13
Sun,4,5,0.0,4
Sun,4,5,2.0,7
Sun,4,5,1.0,9
Sun,4,5,1.0,3
Sun,4,5,2.0,7
Sun,4,5,1.0,5
Sun,4,5,0.0,4
Sun,4,5,2.0,10
Sun,4,5,0.0,13
Sun,4,5,0.0,2
Sun,4,5,0.0,13
Sun,4,5,0.0,7
Sun,4,5,1.0,10
Sun,4,5,2.0,8
Sun,4,5,2.0,6
Sun,4,5,0.0,3
Sun,4,5,1.0,20
Sun,4,5,2.0,19
Sun,4,5,0.0,7
Sun,4,5,0.0,8
Sun,4,5,2.0,30
Sun,4,5,0.0,2
Sun,4,5,2.0,5
Sun,4,5,0.0,4
Sun,4,5,0.0,5
Sun,4,5,0.0,2
Sun,4,5,1.0,3
Sun,4,5,0.0,2
Sun,4,5,2.0,5
Sun,4,5,0.0,24
Sun,4,5,1.0,5
Sun,4,5,0.0,2
Sun,4,5,2.0,7
Sun,4,5,0.0,2
Sun,4,5,0.0,2
Sun,4,5,,30
Sun,4,5,2.0,7
Sun,4,5,2.0,5
Sun,4,5,1.0,20
Sun,4,5,0.0,9
Sun,4,5,0.0,10
Sun,4,5,2.0,9
Sun,4,5,2.0,15
Sun,4,5,1.0,11
Sun,4,5,1.0,9
Sun,4,5,1.0,7
Sun,4,5,0.0,9
Sun,4,5,2.0,10
Sun,4,5,0.0,20
Sun,4,5,,30
Sun,4,5,2.0,3
Sun,4,5,2.0,14
Sun,4,5,0.0,2
Sun,4,5,1.0,11
Sun,4,5,0.0,2
Sun,4,5,1.0,19
Sun,4,5,2.0,15
Sun,4,5,2.0,5
Sun,4,5,1.0,9
Sun,4,5,1.0,3
Sun,4,5,0.0,16
Sun,4,5,1.0,8
Sun,4,5,0.0,4
Sun,4,5,1.0,15
Sun,4,5,1.0,7
Sun,4,5,0.0,4
Sun,5,0,1.0,7
Sun,5,0,0.0,4
Sun,5,0,2.0,1
Sun,5,0,2.0,5
Sun,5,0,0.0,2
Sun,5,0,2.0,1
Sun,5,0,0.0,5
Sun,5,0,2.0,1
Sun,5,0,0.0,6
Sun,5,0,2.0,3
Sun,5,0,2.0,1
Sun,5,0,0.0,2
Sun,5,0,2.0,9
Sun,5,0,0.0,6
Sun,5,0,0.0,19
Sun,5,0,2.0,14
Sun,5,0,2.0,1
Sun,5,0,2.0,1
Sun,5,0,2.0,1
Sun,5,0,2.0,1
Sun,5,0,0.0,3
Sun,5,0,2.0,7
Sun,5,0,0.0,14
Sun,5,0,2.0,7
Sun,5,0,,30
Sun,5,0,2.0,10
Sun,5,0,0.0,2
Sun,5,0,2.0,17
Sun,5,0,2.0,1
Sun,5,0,0.0,4
Sun,5,0,0.0,2
Sun,5,0,1.0,11
Sun,5,0,2.0,24
Sun,5,0,2.0,1
Sun,5,0,2.0,1
Sun,5,0,2.0,5
Sun,5,0,2.0,5
Sun,5,0,2.0,17
Sun,5,0,0.0,4
Sun,5,0,2.0,1
Sun,5,0,1.0,4
Sun,5,0,0.0,12
Sun,5,0,2.0,7
Sun,5,0,2.0,1
Sun,5,0,2.0,1
Sun,5,0,2.0,1
Sun,5,0,1.0,3
Sun,5,0,2.0,1
Sun,5,0,0.0,4
Sun,5,0,2.0,1
Sun,5,0,1.0,11
Sun,5,0,2.0,3
Sun,5,0,2.0,1
Sun,5,0,2.0,1
Sun,5,0,0.0,2
Sun,5,0,2.0,1
Sun,5,0,0.0,14
Sun,5,0,0.0,11
Sun,5,0,0.0,2
Sun,5,0,2.0,20
Sun,5,0,2.0,1
Sun,5,0,0.0,20
Sun,5,0,2.0,1
Sun,5,0,2.0,5
Sun,5,0,1.0,9
Sun,5,0,0.0,7
Sun,5,0,2.0,1
Sun,5,0,2.0,20
Sun,5,0,2.0,5
Sun,5,0,0.0,9
Sun,5,0,1.0,7
Sun,5,0,2.0,6
Sun,5,0,2.0,1
Sun,5,0,2.0,1
Sun,5,0,2.0,7
Sun,5,0,2.0,13
Sun,5,0,2.0,1
Sun,5,0,2.0,1
Sun,5,0,2.0,3
Sun,5,0,2.0,1
Sun,5,0,2.0,3
Sun,5,0,0.0,2
Sun,5,0,2.0,3
Sun,5,0,1.0,5
Sun,5,0,2.0,5
Sun,5,0,1.0,3
Sun,5,0,0.0,3
Sun,5,0,0.0,2
Sun,5,0,0.0,2
Sun,5,0,2.0,1
Sun,5,0,2.0,9
Sun,5,0,1.0,5
Sun,5,0,1.0,5
Sun,5,0,0.0,2
Sun,5,0,0.0,2
Sun,5,0,2.0,1
Sun,5,0,0.0,2
Sun,5,0,2.0,22
Sun,5,0,2.0,1
Sun,5,0,0.0,2
Sun,5,1,1.0,11
Sun,5,1,0.0,4
Sun,5,1,1.0,20
Sun,5,1,2.0,1
Sun,5,1,1.0,6
Sun,5,1,0.0,4
Sun,5,1,1.0,4
Sun,5,1,1.0,9
Sun,5,1,0.0,3
Sun,5,1,1.0,2
Sun,5,1,2.0,1
Sun,5,1,1.0,3
Sun,5,1,0.0,6
Sun,5,1,2.0,7
Sun,5,1,2.0,5
Sun,5,1,1.0,16
Sun,5,1,2.0,1
Sun,5,1,2.0,1
Sun,5,1,1.0,2
Sun,5,1,2.0,3
Sun,5,1,2.0,5
Sun,5,1,2.0,1
Sun,5,1,2.0,3
Sun,5,1,2.0,1
Sun,5,1,2.0,15
Sun,5,1,2.0,1
Sun,5,1,1.0,2
Sun,5,1,1.0,2
Sun,5,1,2.0,3
Sun,5,1,2.0,25
Sun,5,1,2.0,19
Sun,5,1,2.0,5
Sun,5,1,2.0,1
Sun,5,1,1.0,2
Sun,5,1,0.0,7
Sun,5,1,1.0,2
Sun,5,1,2.0,5
Sun,5,1,2.0,6
Sun,5,1,2.0,1
Sun,5,1,2.0,3
Sun,5,1,1.0,2
Sun,5,1,0.0,16
Sun,5,1,2.0,1
Sun,5,1,1.0,2
Sun,5,1,2.0,1
Sun,5,1,0.0,12
Sun,5,1,2.0,1
Sun,5,1,2.0,1
Sun,5,1,2.0,3
Sun,5,1,2.0,1
Sun,5,1,2.0,1
Sun,5,1,1.0,11
Sun,5,1,2.0,1
Sun,5,1,1.0,15
Sun,5,1,0.0,11
Sun,5,1,1.0,8
Sun,5,1,0.0,7
Sun,5,1,2.0,1
Sun,5,1,2.0,22
Sun,5,1,1.0,2
Sun,5,1,1.0,6
Sun,5,1,0.0,4
Sun,5,1,0.0,5
Sun,5,1,2.0,3
Sun,5,1,1.0,4
Sun,5,1,1.0,2
Sun,5,1,2.0,1
Sun,5,1,1.0,6
Sun,5,1,2.0,1
Sun,5,1,1.0,2
Sun,5,1,2.0,6
Sun,5,1,0.0,12
Sun,5,1,1.0,24
Sun,5,1,1.0,2
Sun,5,1,2.0,1
Sun,5,1,2.0,6
Sun,5,1,1.0,2
Sun,5,1,2.0,5
Sun,5,1,2.0,1
Sun,5,1,2.0,10
Sun,5,1,2.0,1
Sun,5,1,2.0,1
Sun,5,1,1.0,2
Sun,5,1,2.0,6
Sun,5,1,2.0,1
Sun,5,1,0.0,27
Sun,5,1,2.0,1
Sun,5,1,1.0,4
Sun,5,1,2.0,1
Sun,5,1,1.0,29
Sun,5,1,2.0,1
Sun,5,1,2.0,3
Sun,5,1,2.0,1
Sun,5,1,2.0,1
Sun,5,1,1.0,17
Sun,5,1,2.0,5
Sun,5,1,1.0,8
Sun,5,1,2.0,11
Sun,5,1,1.0,2
Sun,5,1,2.0,5
Sun,5,2,2.0,5
Sun,5,2,1.0,5
Sun,5,2,2.0,19
Sun,5,2,2.0,14
Sun,5,2,2.0,6
Sun,5,2,1.0,10
Sun,5,2,1.0,5
Sun,5,2,1.0,4
Sun,5,2,1.0,7
Sun,5,2,2.0,12
Sun,5,2,1.0,2
Sun,5,2,0.0,12
Sun,5,2,0.0,27
Sun,5,2,2.0,8
Sun,5,2,1.0,8
Sun,5,2,0.0,9
Sun,5,2,0.0,26
Sun,5,2,0.0,2
Sun,5,2,1.0,4
Sun,5,2,2.0,8
Sun,5,2,1.0,15
Sun,5,2,1.0,3
Sun,5,2,0.0,7
Sun,5,2,1.0,4
Sun,5,2,0.0,14
Sun,5,2,1.0,3
Sun,5,2,0.0,5
Sun,5,2,0.0,6
Sun,5,2,1.0,5
Sun,5,2,2.0,7
Sun,5,2,1.0,2
Sun,5,2,2.0,10
Sun,5,2,1.0,5
Sun,5,2,1.0,29
Sun,5,2,0.0,4
Sun,5,2,1.0,11
Sun,5,2,1.0,8
Sun,5,2,1.0,7
Sun,5,2,1.0,19
Sun,5,2,0.0,13
Sun,5,2,2.0,11
Sun,5,2,1.0,5
Sun,5,2,1.0,8
Sun,5,2,0.0,5
Sun,5,2,1.0,5
Sun,5,2,1.0,21
Sun,5,2,0.0,6
Sun,5,2,0.0,5
Sun,5,2,2.0,4
Sun,5,2,0.0,10
Sun,5,2,1.0,2
Sun,5,2,0.0,5
Sun,5,2,1.0,8
Sun,5,2,2.0,10
Sun,5,2,2.0,4
Sun,5,2,1.0,7
Sun,5,2,0.0,8
Sun,5,2,1.0,8
Sun,5,2,1.0,13
Sun,5,2,,30
Sun,5,2,2.0,7
Sun,5,2,1.0,2
Sun,5,2,2.0,3
Sun,5,2,2.0,24
Sun,5,2,1.0,3
Sun,5,2,0.0,23
Sun,5,2,2.0,9
Sun,5,2,2.0,10
Sun,5,2,0.0,6
Sun,5,2,0.0,14
Sun,5,2,2.0,3
Sun,5,2,2.0,18
Sun,5,2,0.0,11
Sun,5,2,1.0,6
Sun,5,2,2.0,5
Sun,5,2,0.0,13
Sun,5,2,2.0,10
Sun,5,2,0.0,5
Sun,5,2,2.0,9
Sun,5,2,1.0,4
Sun,5,2,2.0,12
Sun,5,2,2.0,18
Sun,5,2,1.0,2
Sun,5,2,1.0,17
Sun,5,2,1.0,10
Sun,5,2,2.0,9
Sun,5,2,0.0,16
Sun,5,2,1.0,4
Sun,5,2,0.0,5
Sun,5,2,2.0,5
Sun,5,2,1.0,14
Sun,5,2,1.0,4
Sun,5,2,0.0,26
Sun,5,2,0.0,4
Sun,5,2,0.0,16
Sun,5,2,1.0,7
Sun,5,2,1.0,7
Sun,5,2,1.0,13
Sun,5,2,2.0,6
Sun,5,2,0.0,4
Sun,5,3,0.0,10
Sun,5,3,2.0,18
Sun,5,3,1.0,4
Sun,5,3,2.0,10
Sun,5,3,1.0,6
Sun,5,3,2.0,5
Sun,5,3,1.0,2
Sun,5,3,1.0,2
Sun,5,3,2.0,20
Sun,5,3,1.0,2
Sun,5,3,1.0,2
Sun,5,3,0.0,6
Sun,5,3,1.0,2
Sun,5,3,0.0,4
Sun,5,3,2.0,10
Sun,5,3,1.0,21
Sun,5,3,0.0,6
Sun,5,3,1.0,20
Sun,5,3,2.0,8
Sun,5,3,1.0,10
Sun,5,3,1.0,2
Sun,5,3,2.0,17
Sun,5,3,1.0,15
Sun,5,3,0.0,9
Sun,5,3,1.0,8
Sun,5,3,0.0,3
Sun,5,3,1.0,2
Sun,5,3,1.0,9
Sun,5,3,1.0,2
Sun,5,3,0.0,5
Sun,5,3,1.0,15
Sun,5,3,2.0,15
Sun,5,3,1.0,2
Sun,5,3,1.0,2
Sun,5,3,1.0,2
Sun,5,3,0.0,22
Sun,5,3,2.0,3
Sun,5,3,2.0,6
Sun,5,3,1.0,6
Sun,5,3,0.0,10
Sun,5,3,2.0,5
Sun,5,3,2.0,11
Sun,5,3,2.0,16
Sun,5,3,1.0,2
Sun,5,3,0.0,24
Sun,5,3,,30
Sun,5,3,1.0,15
Sun,5,3,0.0,3
Sun,5,3,1.0,8
Sun,5,3,1.0,4
Sun,5,3,1.0,2
Sun,5,3,2.0,7
Sun,5,3,1.0,8
Sun,5,3,1.0,5
Sun,5,3,1.0,2
Sun,5,3,1.0,8
Sun,5,3,0.0,13
Sun,5,3,1.0,6
Sun,5,3,0.0,3
Sun,5,3,0.0,5
Sun,5,3,2.0,8
Sun,5,3,2.0,6
Sun,5,3,0.0,6
Sun,5,3,1.0,4
Sun,5,3,1.0,10
Sun,5,3,1.0,4
Sun,5,3,2.0,5
Sun,5,3,1.0,10
Sun,5,3,0.0,5
Sun,5,3,2.0,7
Sun,5,3,2.0,3
Sun,5,3,0.0,5
Sun,5,3,1.0,4
Sun,5,3,2.0,6
Sun,5,3,0.0,15
Sun,5,3,2.0,3
Sun,5,3,2.0,5
Sun,5,3,2.0,5
Sun,5,3,2.0,9
Sun,5,3,0.0,8
Sun,5,3,1.0,2
Sun,5,3,0.0,3
Sun,5,3,2.0,5
Sun,5,3,0.0,3
Sun,5,3,0.0,3
Sun,5,3,1.0,11
Sun,5,3,2.0,12
Sun,5,3,0.0,14
Sun,5,3,1.0,2
Sun,5,3,0.0,6
Sun,5,3,0.0,20
Sun,5,3,0.0,8
Sun,5,3,0.0,12
Sun,5,3,1.0,5
Sun,5,3,2.0,8
Sun,5,3,2.0,21
Sun,5,3,0.0,9
Sun,5,3,0.0,28
Sun,5,3,1.0,3
Sun,5,3,2.0,7
Sun,5,4,1.0,30
Sun,5,4,2.0,11
Sun,5,4,2.0,8
Sun,5,4,0.0,2
Sun,5,4,1.0,4
Sun,5,4,1.0,3
Sun,5,4,0.0,9
Sun,5,4,1.0,14
Sun,5,4,2.0,10
Sun,5,4,0.0,6
Sun,5,4,0.0,6
Sun,5,4,1.0,13
Sun,5,4,0.0,7
Sun,5,4,0.0,6
Sun,5,4,2.0,14
Sun,5,4,1.0,3
Sun,5,4,1.0,3
Sun,5,4,0.0,17
Sun,5,4,1.0,8
Sun,5,4,0.0,10
Sun,5,4,0.0,4
Sun,5,4,0.0,2
Sun,5,4,0.0,4
Sun,5,4,2.0,9
Sun,5,4,2.0,5
Sun,5,4,2.0,18
Sun,5,4,2.0,3
Sun,5,4,2.0,14
Sun,5,4,1.0,4
Sun,5,4,0.0,2
Sun,5,4,1.0,8
Sun,5,4,2.0,6
Sun,5,4,2.0,17
Sun,5,4,0.0,4
Sun,5,4,1.0,8
Sun,5,4,2.0,12
Sun,5,4,0.0,7
Sun,5,4,2.0,6
Sun,5,4,2.0,8
Sun,5,4,1.0,5
Sun,5,4,1.0,6
Sun,5,4,0.0,4
Sun,5,4,0.0,4
Sun,5,4,2.0,3
Sun,5,4,2.0,25
Sun,5,4,0.0,4
Sun,5,4,0.0,6
Sun,5,4,1.0,21
Sun,5,4,0.0,23
Sun,5,4,0.0,6
Sun,5,4,0.0,8
Sun,5,4,1.0,7
Sun,5,4,2.0,8
Sun,5,4,0.0,9
Sun,5,4,2.0,15
Sun,5,4,0.0,12
Sun,5,4,2.0,20
Sun,5,4,0.0,11
Sun,5,4,1.0,4
Sun,5,4,1.0,20
Sun,5,4,,30
Sun,5,4,0.0,7
Sun,5,4,1.0,6
Sun,5,4,1.0,8
Sun,5,4,,30
Sun,5,4,0.0,2
Sun,5,4,2.0,5
Sun,5,4,2.0,9
Sun,5,4,0.0,11
Sun,5,4,1.0,3
Sun,5,4,0.0,2
Sun,5,4,1.0,3
Sun,5,4,2.0,27
Sun,5,4,1.0,8
Sun,5,4,0.0,19
Sun,5,4,2.0,7
Sun,5,4,2.0,14
Sun,5,4,2.0,3
Sun,5,4,1.0,8
Sun,5,4,1.0,7
Sun,5,4,1.0,9
Sun,5,4,0.0,10
Sun,5,4,2.0,19
Sun,5,4,2.0,3
Sun,5,4,2.0,20
Sun,5,4,1.0,17
Sun,5,4,2.0,3
Sun,5,4,2.0,16
Sun,5,4,2.0,14
Sun,5,4,1.0,14
Sun,5,4,0.0,2
Sun,5,4,2.0,5
Sun,5,4,0.0,2
Sun,5,4,1.0,8
Sun,5,4,2.0,12
Sun,5,4,1.0,5
Sun,5,4,0.0,12
Sun,5,4,0.0,4
Sun,5,4,1.0,3
Sun,5,4,0.0,6
Sun,5,5,2.0,1
Sun,5,5,2.0,1
Sun,5,5,2.0,1
Sun,5,5,2.0,1
Sun,5,5,2.0,1
Sun,5,5,2.0,1
Sun,5,5,2.0,1
Sun,5,5,2.0,1
Sun,5,5,2.0,1
Sun,5,5,2.0,1
Sun,5,5,2.0,1
Sun,5,5,2.0,1
Sun,5,5,2.0,1
Sun,5,5,2.0,1
Sun,5,5,2.0,1
Sun,5,5,2.0,1
Sun,5,5,2.0,1
Sun,5,5,2.0,1
Sun,5,5,2.0,1
Sun,5,5,2.0,1
Sun,5,5,2.0,1
Sun,5,5,2.0,1
Sun,5,5,2.0,1
Sun,5,5,2.0,1
Sun,5,5,2.0,1
Sun,5,5,2.0,1
Sun,5,5,2.0,1
Sun,5,5,2.0,1
Sun,5,5,2.0,1
Sun,5,5,2.0,1
Sun,5,5,2.0,1
Sun,5,5,2.0,1
Sun,5,5,2.0,1
Sun,5,5,2.0,1
Sun,5,5,2.0,1
Sun,5,5,2.0,1
Sun,5,5,2.0,1
Sun,5,5,2.0,1
Sun,5,5,2.0,1
Sun,5,5,2.0,1
Sun,5,5,2.0,1
Sun,5,5,2.0,1
Sun,5,5,2.0,1
Sun,5,5,2.0,1
Sun,5,5,2.0,1
Sun,5,5,2.0,1
Sun,5,5,2.0,1
Sun,5,5,2.0,1
Sun,5,5,2.0,1
Sun,5,5,2.0,1
Sun,5,5,2.0,1
Sun,5,5,2.0,1
Sun,5,5,2.0,1
Sun,5,5,2.0,1
Sun,5,5,2.0,1
Sun,5,5,2.0,1
Sun,5,5,2.0,1
Sun,5,5,2.0,1
Sun,5,5,2.0,1
Sun,5,5,2.0,1
Sun,5,5,2.0,1
Sun,5,5,2.0,1
Sun,5,5,2.0,1
Sun,5,5,2.0,1
Sun,5,5,2.0,1
Sun,5,5,2.0,1
Sun,5,5,2.0,1
Sun,5,5,2.0,1
Sun,5,5,2.0,1
Sun,5,5,2.0,1
Sun,5,5,2.0,1
Sun,5,5,2.0,1
Sun,5,5,2.0,1
Sun,5,5,2.0,1
Sun,5,5,2.0,1
Sun,5,5,2.0,1
Sun,5,5,2.0,1
Sun,5,5,2.0,1
Sun,5,5,2.0,1
Sun,5,5,2.0,1
Sun,5,5,2.0,1
Sun,5,5,2.0,1
Sun,5,5,2.0,1
Sun,5,5,2.0,1
Sun,5,5,2.0,1
Sun,5,5,2.0,1
Sun,5,5,2.0,1
Sun,5,5,2.0,1
Sun,5,5,2.0,1
Sun,5,5,2.0,1
Sun,5,5,2.0,1
Sun,5,5,2.0,1
Sun,5,5,2.0,1
Sun,5,5,2.0,1
Sun,5,5,2.0,1
Sun,5,5,2.0,1
Sun,5,5,2.0,1
Sun,5,5,2.0,1
Sun,5,5,2.0,1
Sun,5,5,2.0,1
