zacetek_A,zacetek_B,srecanje_id,srecanje_ime,stevilo_korakov
b59656a4-b6e7-4b87-977c-078c59088a50,aa42017d-812a-4175-bc9b-0fec03b18931,6bd46cb7-9e5d-453a-878a-bcc38fb2a5f2,Sava,81
b59656a4-b6e7-4b87-977c-078c59088a50,aa42017d-812a-4175-bc9b-0fec03b18931,a719a87c-4e93-4387-a6d1-2631a487f7e0,Ajdovščina,103
b59656a4-b6e7-4b87-977c-078c59088a50,aa42017d-812a-4175-bc9b-0fec03b18931,fef200e9-4d98-425b-ab14-8110e2aa85d7,Drama,19
b59656a4-b6e7-4b87-977c-078c59088a50,aa42017d-812a-4175-bc9b-0fec03b18931,48507e1a-32df-4552-9448-3b345760b75f,Cesta na Vevče,80
b59656a4-b6e7-4b87-977c-078c59088a50,aa42017d-812a-4175-bc9b-0fec03b18931,c87db9be-1fba-4102-a743-0ee4317dd5af,Bavarski dvor,159
b59656a4-b6e7-4b87-977c-078c59088a50,aa42017d-812a-4175-bc9b-0fec03b18931,fef200e9-4d98-425b-ab14-8110e2aa85d7,Drama,82
b59656a4-b6e7-4b87-977c-078c59088a50,aa42017d-812a-4175-bc9b-0fec03b18931,N/A,N/A,660
b59656a4-b6e7-4b87-977c-078c59088a50,aa42017d-812a-4175-bc9b-0fec03b18931,484b5c91-1220-43ba-af79-84e712fcc46b,Slovenija avto,123
b59656a4-b6e7-4b87-977c-078c59088a50,aa42017d-812a-4175-bc9b-0fec03b18931,295616c0-387b-4f60-a337-7743cd6be04e,Bavarski dvor,160
b59656a4-b6e7-4b87-977c-078c59088a50,aa42017d-812a-4175-bc9b-0fec03b18931,379bc761-04b5-4227-be76-3b870fe3e69f,Pot na Fužine,168
b59656a4-b6e7-4b87-977c-078c59088a50,aa42017d-812a-4175-bc9b-0fec03b18931,a719a87c-4e93-4387-a6d1-2631a487f7e0,Ajdovščina,27
b59656a4-b6e7-4b87-977c-078c59088a50,aa42017d-812a-4175-bc9b-0fec03b18931,cee2862b-9b70-4880-8fa3-16c6d2efae1b,AMZS,60
b59656a4-b6e7-4b87-977c-078c59088a50,aa42017d-812a-4175-bc9b-0fec03b18931,f33b721f-a8a3-4aad-96f2-077da09ebaa6,Razstavišče,91
b59656a4-b6e7-4b87-977c-078c59088a50,aa42017d-812a-4175-bc9b-0fec03b18931,N/A,N/A,660
b59656a4-b6e7-4b87-977c-078c59088a50,aa42017d-812a-4175-bc9b-0fec03b18931,7fad8003-fb10-489d-bf8d-6d433310ad90,Nove Jarše,315
b59656a4-b6e7-4b87-977c-078c59088a50,aa42017d-812a-4175-bc9b-0fec03b18931,1b3ddeca-a066-43ee-9ae5-8339628129c2,Žale,6
b59656a4-b6e7-4b87-977c-078c59088a50,aa42017d-812a-4175-bc9b-0fec03b18931,6bd46cb7-9e5d-453a-878a-bcc38fb2a5f2,Sava,223
b59656a4-b6e7-4b87-977c-078c59088a50,aa42017d-812a-4175-bc9b-0fec03b18931,cee2862b-9b70-4880-8fa3-16c6d2efae1b,AMZS,97
b59656a4-b6e7-4b87-977c-078c59088a50,aa42017d-812a-4175-bc9b-0fec03b18931,295616c0-387b-4f60-a337-7743cd6be04e,Bavarski dvor,115
b59656a4-b6e7-4b87-977c-078c59088a50,aa42017d-812a-4175-bc9b-0fec03b18931,86a75ffc-a78f-401f-8991-2eb0371417b2,Studenec,308
b59656a4-b6e7-4b87-977c-078c59088a50,aa42017d-812a-4175-bc9b-0fec03b18931,c22879e5-8e90-4540-9a74-5f139208e492,Friškovec,82
b59656a4-b6e7-4b87-977c-078c59088a50,aa42017d-812a-4175-bc9b-0fec03b18931,a2ce7e6f-0f99-443a-a973-81a0b9c60261,Astra,428
b59656a4-b6e7-4b87-977c-078c59088a50,aa42017d-812a-4175-bc9b-0fec03b18931,295616c0-387b-4f60-a337-7743cd6be04e,Bavarski dvor,136
b59656a4-b6e7-4b87-977c-078c59088a50,aa42017d-812a-4175-bc9b-0fec03b18931,7c149b59-2bc6-45cb-95c8-69e18a0db627,Rusjanov trg,70
b59656a4-b6e7-4b87-977c-078c59088a50,aa42017d-812a-4175-bc9b-0fec03b18931,f4cfd904-bd11-4247-95df-32c4555a930f,Klinični center,562
b59656a4-b6e7-4b87-977c-078c59088a50,aa42017d-812a-4175-bc9b-0fec03b18931,a719a87c-4e93-4387-a6d1-2631a487f7e0,Ajdovščina,224
b59656a4-b6e7-4b87-977c-078c59088a50,aa42017d-812a-4175-bc9b-0fec03b18931,aa42017d-812a-4175-bc9b-0fec03b18931,Ambrožev trg,184
b59656a4-b6e7-4b87-977c-078c59088a50,aa42017d-812a-4175-bc9b-0fec03b18931,a2ce7e6f-0f99-443a-a973-81a0b9c60261,Astra,74
b59656a4-b6e7-4b87-977c-078c59088a50,aa42017d-812a-4175-bc9b-0fec03b18931,fef200e9-4d98-425b-ab14-8110e2aa85d7,Drama,39
b59656a4-b6e7-4b87-977c-078c59088a50,aa42017d-812a-4175-bc9b-0fec03b18931,21764d19-62cc-49fd-bac9-403aeac6a6b9,Ježica,267
b59656a4-b6e7-4b87-977c-078c59088a50,aa42017d-812a-4175-bc9b-0fec03b18931,48b163cd-b819-4849-aee1-8b1da77657ab,Šentvid,20
b59656a4-b6e7-4b87-977c-078c59088a50,aa42017d-812a-4175-bc9b-0fec03b18931,N/A,N/A,660
b59656a4-b6e7-4b87-977c-078c59088a50,aa42017d-812a-4175-bc9b-0fec03b18931,5d7f28a6-2a2a-4333-aa06-48edfb652f86,Pošta,65
b59656a4-b6e7-4b87-977c-078c59088a50,aa42017d-812a-4175-bc9b-0fec03b18931,9b0074d2-2c92-4c01-830b-00be8e05b412,Cukrarna,466
b59656a4-b6e7-4b87-977c-078c59088a50,aa42017d-812a-4175-bc9b-0fec03b18931,295616c0-387b-4f60-a337-7743cd6be04e,Bavarski dvor,66
b59656a4-b6e7-4b87-977c-078c59088a50,aa42017d-812a-4175-bc9b-0fec03b18931,a719a87c-4e93-4387-a6d1-2631a487f7e0,Ajdovščina,5
b59656a4-b6e7-4b87-977c-078c59088a50,aa42017d-812a-4175-bc9b-0fec03b18931,a719a87c-4e93-4387-a6d1-2631a487f7e0,Ajdovščina,7
b59656a4-b6e7-4b87-977c-078c59088a50,aa42017d-812a-4175-bc9b-0fec03b18931,7bcbdcaa-00b9-47d4-8982-09da26cd7bcb,Zaloška,140
b59656a4-b6e7-4b87-977c-078c59088a50,aa42017d-812a-4175-bc9b-0fec03b18931,88cdd36c-03d2-4374-a22f-110dd9f75ea0,Kajuhova,89
b59656a4-b6e7-4b87-977c-078c59088a50,aa42017d-812a-4175-bc9b-0fec03b18931,fef200e9-4d98-425b-ab14-8110e2aa85d7,Drama,138
b59656a4-b6e7-4b87-977c-078c59088a50,aa42017d-812a-4175-bc9b-0fec03b18931,023d7b7a-b411-4e61-8746-b07f9e5c8f90,Ambrožev trg,476
b59656a4-b6e7-4b87-977c-078c59088a50,aa42017d-812a-4175-bc9b-0fec03b18931,fef200e9-4d98-425b-ab14-8110e2aa85d7,Drama,134
b59656a4-b6e7-4b87-977c-078c59088a50,aa42017d-812a-4175-bc9b-0fec03b18931,fef200e9-4d98-425b-ab14-8110e2aa85d7,Drama,167
b59656a4-b6e7-4b87-977c-078c59088a50,aa42017d-812a-4175-bc9b-0fec03b18931,a719a87c-4e93-4387-a6d1-2631a487f7e0,Ajdovščina,132
b59656a4-b6e7-4b87-977c-078c59088a50,aa42017d-812a-4175-bc9b-0fec03b18931,a719a87c-4e93-4387-a6d1-2631a487f7e0,Ajdovščina,329
b59656a4-b6e7-4b87-977c-078c59088a50,aa42017d-812a-4175-bc9b-0fec03b18931,5d7f28a6-2a2a-4333-aa06-48edfb652f86,Pošta,32
b59656a4-b6e7-4b87-977c-078c59088a50,aa42017d-812a-4175-bc9b-0fec03b18931,295616c0-387b-4f60-a337-7743cd6be04e,Bavarski dvor,171
b59656a4-b6e7-4b87-977c-078c59088a50,aa42017d-812a-4175-bc9b-0fec03b18931,717c914e-f928-4671-95f6-26c1ddb95799,Cesta v Gorice,24
b59656a4-b6e7-4b87-977c-078c59088a50,aa42017d-812a-4175-bc9b-0fec03b18931,fef200e9-4d98-425b-ab14-8110e2aa85d7,Drama,202
b59656a4-b6e7-4b87-977c-078c59088a50,aa42017d-812a-4175-bc9b-0fec03b18931,8598b85d-3e1d-4767-b72f-0c209038841f,Štepanja vas,38
b59656a4-b6e7-4b87-977c-078c59088a50,aa42017d-812a-4175-bc9b-0fec03b18931,295616c0-387b-4f60-a337-7743cd6be04e,Bavarski dvor,120
b59656a4-b6e7-4b87-977c-078c59088a50,aa42017d-812a-4175-bc9b-0fec03b18931,a719a87c-4e93-4387-a6d1-2631a487f7e0,Ajdovščina,151
b59656a4-b6e7-4b87-977c-078c59088a50,aa42017d-812a-4175-bc9b-0fec03b18931,c87db9be-1fba-4102-a743-0ee4317dd5af,Bavarski dvor,147
b59656a4-b6e7-4b87-977c-078c59088a50,aa42017d-812a-4175-bc9b-0fec03b18931,c87db9be-1fba-4102-a743-0ee4317dd5af,Bavarski dvor,304
b59656a4-b6e7-4b87-977c-078c59088a50,aa42017d-812a-4175-bc9b-0fec03b18931,484b5c91-1220-43ba-af79-84e712fcc46b,Slovenija avto,151
b59656a4-b6e7-4b87-977c-078c59088a50,aa42017d-812a-4175-bc9b-0fec03b18931,c87db9be-1fba-4102-a743-0ee4317dd5af,Bavarski dvor,81
b59656a4-b6e7-4b87-977c-078c59088a50,aa42017d-812a-4175-bc9b-0fec03b18931,aa42017d-812a-4175-bc9b-0fec03b18931,Ambrožev trg,622
b59656a4-b6e7-4b87-977c-078c59088a50,aa42017d-812a-4175-bc9b-0fec03b18931,c87db9be-1fba-4102-a743-0ee4317dd5af,Bavarski dvor,542
b59656a4-b6e7-4b87-977c-078c59088a50,aa42017d-812a-4175-bc9b-0fec03b18931,fef200e9-4d98-425b-ab14-8110e2aa85d7,Drama,20
b59656a4-b6e7-4b87-977c-078c59088a50,aa42017d-812a-4175-bc9b-0fec03b18931,769b7bc7-4f95-4bb2-9c99-37ba8e8b4bd5,D. MOST P+R,320
b59656a4-b6e7-4b87-977c-078c59088a50,aa42017d-812a-4175-bc9b-0fec03b18931,c87db9be-1fba-4102-a743-0ee4317dd5af,Bavarski dvor,84
b59656a4-b6e7-4b87-977c-078c59088a50,aa42017d-812a-4175-bc9b-0fec03b18931,295616c0-387b-4f60-a337-7743cd6be04e,Bavarski dvor,117
b59656a4-b6e7-4b87-977c-078c59088a50,aa42017d-812a-4175-bc9b-0fec03b18931,484b5c91-1220-43ba-af79-84e712fcc46b,Slovenija avto,78
b59656a4-b6e7-4b87-977c-078c59088a50,aa42017d-812a-4175-bc9b-0fec03b18931,5d7f28a6-2a2a-4333-aa06-48edfb652f86,Pošta,130
b59656a4-b6e7-4b87-977c-078c59088a50,aa42017d-812a-4175-bc9b-0fec03b18931,a719a87c-4e93-4387-a6d1-2631a487f7e0,Ajdovščina,234
b59656a4-b6e7-4b87-977c-078c59088a50,aa42017d-812a-4175-bc9b-0fec03b18931,38b3abed-0592-407b-96c3-85a026f2e192,Dalmatinova,157
b59656a4-b6e7-4b87-977c-078c59088a50,aa42017d-812a-4175-bc9b-0fec03b18931,1b3ddeca-a066-43ee-9ae5-8339628129c2,Žale,497
b59656a4-b6e7-4b87-977c-078c59088a50,aa42017d-812a-4175-bc9b-0fec03b18931,ac3afe7d-a2b3-4d5d-9e6a-1d2412a3bc70,Litostrojska,25
b59656a4-b6e7-4b87-977c-078c59088a50,aa42017d-812a-4175-bc9b-0fec03b18931,a719a87c-4e93-4387-a6d1-2631a487f7e0,Ajdovščina,108
b59656a4-b6e7-4b87-977c-078c59088a50,aa42017d-812a-4175-bc9b-0fec03b18931,c87db9be-1fba-4102-a743-0ee4317dd5af,Bavarski dvor,44
b59656a4-b6e7-4b87-977c-078c59088a50,aa42017d-812a-4175-bc9b-0fec03b18931,2f874852-bc80-4ff3-b6bf-a914e31251c8,Savske stolpnice,147
b59656a4-b6e7-4b87-977c-078c59088a50,aa42017d-812a-4175-bc9b-0fec03b18931,a2ce7e6f-0f99-443a-a973-81a0b9c60261,Astra,268
b59656a4-b6e7-4b87-977c-078c59088a50,aa42017d-812a-4175-bc9b-0fec03b18931,295616c0-387b-4f60-a337-7743cd6be04e,Bavarski dvor,152
b59656a4-b6e7-4b87-977c-078c59088a50,aa42017d-812a-4175-bc9b-0fec03b18931,N/A,N/A,660
b59656a4-b6e7-4b87-977c-078c59088a50,aa42017d-812a-4175-bc9b-0fec03b18931,c87db9be-1fba-4102-a743-0ee4317dd5af,Bavarski dvor,59
b59656a4-b6e7-4b87-977c-078c59088a50,aa42017d-812a-4175-bc9b-0fec03b18931,c87db9be-1fba-4102-a743-0ee4317dd5af,Bavarski dvor,116
b59656a4-b6e7-4b87-977c-078c59088a50,aa42017d-812a-4175-bc9b-0fec03b18931,295616c0-387b-4f60-a337-7743cd6be04e,Bavarski dvor,168
b59656a4-b6e7-4b87-977c-078c59088a50,aa42017d-812a-4175-bc9b-0fec03b18931,7484317c-269f-425f-8118-23eedab4e5f1,Tivoli,113
b59656a4-b6e7-4b87-977c-078c59088a50,aa42017d-812a-4175-bc9b-0fec03b18931,fef200e9-4d98-425b-ab14-8110e2aa85d7,Drama,92
b59656a4-b6e7-4b87-977c-078c59088a50,aa42017d-812a-4175-bc9b-0fec03b18931,c87db9be-1fba-4102-a743-0ee4317dd5af,Bavarski dvor,212
b59656a4-b6e7-4b87-977c-078c59088a50,aa42017d-812a-4175-bc9b-0fec03b18931,a719a87c-4e93-4387-a6d1-2631a487f7e0,Ajdovščina,133
b59656a4-b6e7-4b87-977c-078c59088a50,aa42017d-812a-4175-bc9b-0fec03b18931,7fa32ea0-e884-435a-a81c-51bbd5cedf3e,Zaloška,102
b59656a4-b6e7-4b87-977c-078c59088a50,aa42017d-812a-4175-bc9b-0fec03b18931,6a89c110-a0f8-4b1a-87f0-33f49c0a658e,Šola Jarše,370
b59656a4-b6e7-4b87-977c-078c59088a50,aa42017d-812a-4175-bc9b-0fec03b18931,295616c0-387b-4f60-a337-7743cd6be04e,Bavarski dvor,79
b59656a4-b6e7-4b87-977c-078c59088a50,aa42017d-812a-4175-bc9b-0fec03b18931,e6f5183b-c615-4f47-b4fb-204ee070e825,Bežigrad,59
b59656a4-b6e7-4b87-977c-078c59088a50,aa42017d-812a-4175-bc9b-0fec03b18931,c22879e5-8e90-4540-9a74-5f139208e492,Friškovec,87
b59656a4-b6e7-4b87-977c-078c59088a50,aa42017d-812a-4175-bc9b-0fec03b18931,7fa32ea0-e884-435a-a81c-51bbd5cedf3e,Zaloška,144
b59656a4-b6e7-4b87-977c-078c59088a50,aa42017d-812a-4175-bc9b-0fec03b18931,484b5c91-1220-43ba-af79-84e712fcc46b,Slovenija avto,279
b59656a4-b6e7-4b87-977c-078c59088a50,aa42017d-812a-4175-bc9b-0fec03b18931,9cfac7e2-9653-4e52-a6d3-27756d27f817,Kino Šiška,213
b59656a4-b6e7-4b87-977c-078c59088a50,aa42017d-812a-4175-bc9b-0fec03b18931,484b5c91-1220-43ba-af79-84e712fcc46b,Slovenija avto,165
b59656a4-b6e7-4b87-977c-078c59088a50,aa42017d-812a-4175-bc9b-0fec03b18931,7fa32ea0-e884-435a-a81c-51bbd5cedf3e,Zaloška,245
b59656a4-b6e7-4b87-977c-078c59088a50,aa42017d-812a-4175-bc9b-0fec03b18931,86a75ffc-a78f-401f-8991-2eb0371417b2,Studenec,12
b59656a4-b6e7-4b87-977c-078c59088a50,aa42017d-812a-4175-bc9b-0fec03b18931,48b163cd-b819-4849-aee1-8b1da77657ab,Šentvid,52
b59656a4-b6e7-4b87-977c-078c59088a50,aa42017d-812a-4175-bc9b-0fec03b18931,295616c0-387b-4f60-a337-7743cd6be04e,Bavarski dvor,265
b59656a4-b6e7-4b87-977c-078c59088a50,aa42017d-812a-4175-bc9b-0fec03b18931,8598b85d-3e1d-4767-b72f-0c209038841f,Štepanja vas,51
b59656a4-b6e7-4b87-977c-078c59088a50,aa42017d-812a-4175-bc9b-0fec03b18931,454817d3-3750-49c7-994c-14d06fd2c634,Žale,24
b59656a4-b6e7-4b87-977c-078c59088a50,aa42017d-812a-4175-bc9b-0fec03b18931,c22879e5-8e90-4540-9a74-5f139208e492,Friškovec,332
b59656a4-b6e7-4b87-977c-078c59088a50,aa42017d-812a-4175-bc9b-0fec03b18931,48b163cd-b819-4849-aee1-8b1da77657ab,Šentvid,639
b59656a4-b6e7-4b87-977c-078c59088a50,aa42017d-812a-4175-bc9b-0fec03b18931,a719a87c-4e93-4387-a6d1-2631a487f7e0,Ajdovščina,39
b59656a4-b6e7-4b87-977c-078c59088a50,aa42017d-812a-4175-bc9b-0fec03b18931,717c914e-f928-4671-95f6-26c1ddb95799,Cesta v Gorice,155
b59656a4-b6e7-4b87-977c-078c59088a50,aa42017d-812a-4175-bc9b-0fec03b18931,7eb88e01-82e9-4af4-84d0-69c6ea9dc82c,Kolodvor,16
b59656a4-b6e7-4b87-977c-078c59088a50,aa42017d-812a-4175-bc9b-0fec03b18931,98fa3880-5936-4ec8-ba04-39c7ff9a0e6a,Stara cerkev,35
b59656a4-b6e7-4b87-977c-078c59088a50,aa42017d-812a-4175-bc9b-0fec03b18931,1ce1c3a8-e0f6-4f90-b1aa-1448759d8b3c,Astra,434
b59656a4-b6e7-4b87-977c-078c59088a50,aa42017d-812a-4175-bc9b-0fec03b18931,f33b721f-a8a3-4aad-96f2-077da09ebaa6,Razstavišče,30
b59656a4-b6e7-4b87-977c-078c59088a50,aa42017d-812a-4175-bc9b-0fec03b18931,e6f5183b-c615-4f47-b4fb-204ee070e825,Bežigrad,26
b59656a4-b6e7-4b87-977c-078c59088a50,aa42017d-812a-4175-bc9b-0fec03b18931,c87db9be-1fba-4102-a743-0ee4317dd5af,Bavarski dvor,124
b59656a4-b6e7-4b87-977c-078c59088a50,aa42017d-812a-4175-bc9b-0fec03b18931,f33b721f-a8a3-4aad-96f2-077da09ebaa6,Razstavišče,334
b59656a4-b6e7-4b87-977c-078c59088a50,aa42017d-812a-4175-bc9b-0fec03b18931,379bc761-04b5-4227-be76-3b870fe3e69f,Pot na Fužine,67
b59656a4-b6e7-4b87-977c-078c59088a50,aa42017d-812a-4175-bc9b-0fec03b18931,c5ec5e81-2ce4-452d-bd7a-595de4f8b34f,Prušnikova,85
b59656a4-b6e7-4b87-977c-078c59088a50,aa42017d-812a-4175-bc9b-0fec03b18931,fef200e9-4d98-425b-ab14-8110e2aa85d7,Drama,123
b59656a4-b6e7-4b87-977c-078c59088a50,aa42017d-812a-4175-bc9b-0fec03b18931,c22879e5-8e90-4540-9a74-5f139208e492,Friškovec,176
b59656a4-b6e7-4b87-977c-078c59088a50,aa42017d-812a-4175-bc9b-0fec03b18931,c87db9be-1fba-4102-a743-0ee4317dd5af,Bavarski dvor,636
b59656a4-b6e7-4b87-977c-078c59088a50,aa42017d-812a-4175-bc9b-0fec03b18931,N/A,N/A,660
b59656a4-b6e7-4b87-977c-078c59088a50,aa42017d-812a-4175-bc9b-0fec03b18931,9cfac7e2-9653-4e52-a6d3-27756d27f817,Kino Šiška,82
b59656a4-b6e7-4b87-977c-078c59088a50,aa42017d-812a-4175-bc9b-0fec03b18931,38b3abed-0592-407b-96c3-85a026f2e192,Dalmatinova,102
b59656a4-b6e7-4b87-977c-078c59088a50,aa42017d-812a-4175-bc9b-0fec03b18931,a719a87c-4e93-4387-a6d1-2631a487f7e0,Ajdovščina,85
b59656a4-b6e7-4b87-977c-078c59088a50,aa42017d-812a-4175-bc9b-0fec03b18931,N/A,N/A,660
b59656a4-b6e7-4b87-977c-078c59088a50,aa42017d-812a-4175-bc9b-0fec03b18931,9cfac7e2-9653-4e52-a6d3-27756d27f817,Kino Šiška,16
b59656a4-b6e7-4b87-977c-078c59088a50,aa42017d-812a-4175-bc9b-0fec03b18931,fef200e9-4d98-425b-ab14-8110e2aa85d7,Drama,175
b59656a4-b6e7-4b87-977c-078c59088a50,aa42017d-812a-4175-bc9b-0fec03b18931,fef200e9-4d98-425b-ab14-8110e2aa85d7,Drama,545
b59656a4-b6e7-4b87-977c-078c59088a50,aa42017d-812a-4175-bc9b-0fec03b18931,c87db9be-1fba-4102-a743-0ee4317dd5af,Bavarski dvor,17
b59656a4-b6e7-4b87-977c-078c59088a50,aa42017d-812a-4175-bc9b-0fec03b18931,717dda7e-d793-4697-8f60-b64ee8b1edc4,Gosposvetska,415
b59656a4-b6e7-4b87-977c-078c59088a50,aa42017d-812a-4175-bc9b-0fec03b18931,e6f5183b-c615-4f47-b4fb-204ee070e825,Bežigrad,238
b59656a4-b6e7-4b87-977c-078c59088a50,aa42017d-812a-4175-bc9b-0fec03b18931,f2b27cbd-5207-4281-8f67-6369d0c50a9b,Kodrova,74
b59656a4-b6e7-4b87-977c-078c59088a50,aa42017d-812a-4175-bc9b-0fec03b18931,c87db9be-1fba-4102-a743-0ee4317dd5af,Bavarski dvor,43
b59656a4-b6e7-4b87-977c-078c59088a50,aa42017d-812a-4175-bc9b-0fec03b18931,c87db9be-1fba-4102-a743-0ee4317dd5af,Bavarski dvor,264
b59656a4-b6e7-4b87-977c-078c59088a50,aa42017d-812a-4175-bc9b-0fec03b18931,c87db9be-1fba-4102-a743-0ee4317dd5af,Bavarski dvor,61
b59656a4-b6e7-4b87-977c-078c59088a50,aa42017d-812a-4175-bc9b-0fec03b18931,ecc4ae87-ae08-4b94-995c-452fdd94df7f,Privoz,159
b59656a4-b6e7-4b87-977c-078c59088a50,aa42017d-812a-4175-bc9b-0fec03b18931,f33b721f-a8a3-4aad-96f2-077da09ebaa6,Razstavišče,137
b59656a4-b6e7-4b87-977c-078c59088a50,aa42017d-812a-4175-bc9b-0fec03b18931,5d7f28a6-2a2a-4333-aa06-48edfb652f86,Pošta,81
b59656a4-b6e7-4b87-977c-078c59088a50,aa42017d-812a-4175-bc9b-0fec03b18931,ecc4ae87-ae08-4b94-995c-452fdd94df7f,Privoz,78
b59656a4-b6e7-4b87-977c-078c59088a50,aa42017d-812a-4175-bc9b-0fec03b18931,7484317c-269f-425f-8118-23eedab4e5f1,Tivoli,211
b59656a4-b6e7-4b87-977c-078c59088a50,aa42017d-812a-4175-bc9b-0fec03b18931,a2ce7e6f-0f99-443a-a973-81a0b9c60261,Astra,193
b59656a4-b6e7-4b87-977c-078c59088a50,aa42017d-812a-4175-bc9b-0fec03b18931,ef31a8be-b01d-44cd-95cf-3db8e918af26,Emona,29
b59656a4-b6e7-4b87-977c-078c59088a50,aa42017d-812a-4175-bc9b-0fec03b18931,c87db9be-1fba-4102-a743-0ee4317dd5af,Bavarski dvor,26
b59656a4-b6e7-4b87-977c-078c59088a50,aa42017d-812a-4175-bc9b-0fec03b18931,c87db9be-1fba-4102-a743-0ee4317dd5af,Bavarski dvor,35
b59656a4-b6e7-4b87-977c-078c59088a50,aa42017d-812a-4175-bc9b-0fec03b18931,484b5c91-1220-43ba-af79-84e712fcc46b,Slovenija avto,186
b59656a4-b6e7-4b87-977c-078c59088a50,aa42017d-812a-4175-bc9b-0fec03b18931,N/A,N/A,660
b59656a4-b6e7-4b87-977c-078c59088a50,aa42017d-812a-4175-bc9b-0fec03b18931,N/A,N/A,660
b59656a4-b6e7-4b87-977c-078c59088a50,aa42017d-812a-4175-bc9b-0fec03b18931,f33b721f-a8a3-4aad-96f2-077da09ebaa6,Razstavišče,15
b59656a4-b6e7-4b87-977c-078c59088a50,aa42017d-812a-4175-bc9b-0fec03b18931,c22879e5-8e90-4540-9a74-5f139208e492,Friškovec,337
b59656a4-b6e7-4b87-977c-078c59088a50,aa42017d-812a-4175-bc9b-0fec03b18931,eb165f50-9c43-4b09-9658-469a16d3dc83,Kodeljevo,129
b59656a4-b6e7-4b87-977c-078c59088a50,aa42017d-812a-4175-bc9b-0fec03b18931,c87db9be-1fba-4102-a743-0ee4317dd5af,Bavarski dvor,246
b59656a4-b6e7-4b87-977c-078c59088a50,aa42017d-812a-4175-bc9b-0fec03b18931,c87db9be-1fba-4102-a743-0ee4317dd5af,Bavarski dvor,101
b59656a4-b6e7-4b87-977c-078c59088a50,aa42017d-812a-4175-bc9b-0fec03b18931,717dda7e-d793-4697-8f60-b64ee8b1edc4,Gosposvetska,49
b59656a4-b6e7-4b87-977c-078c59088a50,aa42017d-812a-4175-bc9b-0fec03b18931,dfde6478-02b5-471b-a470-29cb0e84542f,Slovenija avto,199
b59656a4-b6e7-4b87-977c-078c59088a50,aa42017d-812a-4175-bc9b-0fec03b18931,ecc4ae87-ae08-4b94-995c-452fdd94df7f,Privoz,100
b59656a4-b6e7-4b87-977c-078c59088a50,aa42017d-812a-4175-bc9b-0fec03b18931,484b5c91-1220-43ba-af79-84e712fcc46b,Slovenija avto,23
b59656a4-b6e7-4b87-977c-078c59088a50,aa42017d-812a-4175-bc9b-0fec03b18931,fef200e9-4d98-425b-ab14-8110e2aa85d7,Drama,341
b59656a4-b6e7-4b87-977c-078c59088a50,aa42017d-812a-4175-bc9b-0fec03b18931,9a1c4c65-df77-481f-87ad-56143f02a864,Vižmarje,114
b59656a4-b6e7-4b87-977c-078c59088a50,aa42017d-812a-4175-bc9b-0fec03b18931,c87db9be-1fba-4102-a743-0ee4317dd5af,Bavarski dvor,74
b59656a4-b6e7-4b87-977c-078c59088a50,aa42017d-812a-4175-bc9b-0fec03b18931,c297ac70-8f43-4fbc-a8a4-366ddb883a8d,Bonifacija,209
b59656a4-b6e7-4b87-977c-078c59088a50,aa42017d-812a-4175-bc9b-0fec03b18931,a719a87c-4e93-4387-a6d1-2631a487f7e0,Ajdovščina,246
b59656a4-b6e7-4b87-977c-078c59088a50,aa42017d-812a-4175-bc9b-0fec03b18931,717dda7e-d793-4697-8f60-b64ee8b1edc4,Gosposvetska,13
b59656a4-b6e7-4b87-977c-078c59088a50,aa42017d-812a-4175-bc9b-0fec03b18931,c22879e5-8e90-4540-9a74-5f139208e492,Friškovec,77
b59656a4-b6e7-4b87-977c-078c59088a50,aa42017d-812a-4175-bc9b-0fec03b18931,609f0950-bb8c-4eaf-a931-8575b8aff1ac,Savske stolpnice,12
b59656a4-b6e7-4b87-977c-078c59088a50,aa42017d-812a-4175-bc9b-0fec03b18931,c87db9be-1fba-4102-a743-0ee4317dd5af,Bavarski dvor,487
b59656a4-b6e7-4b87-977c-078c59088a50,aa42017d-812a-4175-bc9b-0fec03b18931,592b37eb-8255-4758-ae8a-7cef98521013,Rogovilc,571
b59656a4-b6e7-4b87-977c-078c59088a50,aa42017d-812a-4175-bc9b-0fec03b18931,a719a87c-4e93-4387-a6d1-2631a487f7e0,Ajdovščina,14
b59656a4-b6e7-4b87-977c-078c59088a50,aa42017d-812a-4175-bc9b-0fec03b18931,484b5c91-1220-43ba-af79-84e712fcc46b,Slovenija avto,33
b59656a4-b6e7-4b87-977c-078c59088a50,aa42017d-812a-4175-bc9b-0fec03b18931,c87db9be-1fba-4102-a743-0ee4317dd5af,Bavarski dvor,5
b59656a4-b6e7-4b87-977c-078c59088a50,aa42017d-812a-4175-bc9b-0fec03b18931,f33b721f-a8a3-4aad-96f2-077da09ebaa6,Razstavišče,171
b59656a4-b6e7-4b87-977c-078c59088a50,aa42017d-812a-4175-bc9b-0fec03b18931,a719a87c-4e93-4387-a6d1-2631a487f7e0,Ajdovščina,27
b59656a4-b6e7-4b87-977c-078c59088a50,aa42017d-812a-4175-bc9b-0fec03b18931,a0b1fb90-3f6a-4231-910a-18be192ac762,Flajšmanova,5
b59656a4-b6e7-4b87-977c-078c59088a50,aa42017d-812a-4175-bc9b-0fec03b18931,fef200e9-4d98-425b-ab14-8110e2aa85d7,Drama,568
b59656a4-b6e7-4b87-977c-078c59088a50,aa42017d-812a-4175-bc9b-0fec03b18931,6a89c110-a0f8-4b1a-87f0-33f49c0a658e,Šola Jarše,430
b59656a4-b6e7-4b87-977c-078c59088a50,aa42017d-812a-4175-bc9b-0fec03b18931,5d7f28a6-2a2a-4333-aa06-48edfb652f86,Pošta,450
b59656a4-b6e7-4b87-977c-078c59088a50,aa42017d-812a-4175-bc9b-0fec03b18931,4ca7ae7e-380b-45e3-81de-00ffab5bb531,Yulon,128
b59656a4-b6e7-4b87-977c-078c59088a50,aa42017d-812a-4175-bc9b-0fec03b18931,c87db9be-1fba-4102-a743-0ee4317dd5af,Bavarski dvor,40
b59656a4-b6e7-4b87-977c-078c59088a50,aa42017d-812a-4175-bc9b-0fec03b18931,a719a87c-4e93-4387-a6d1-2631a487f7e0,Ajdovščina,643
b59656a4-b6e7-4b87-977c-078c59088a50,aa42017d-812a-4175-bc9b-0fec03b18931,295616c0-387b-4f60-a337-7743cd6be04e,Bavarski dvor,492
b59656a4-b6e7-4b87-977c-078c59088a50,aa42017d-812a-4175-bc9b-0fec03b18931,cdabf1ea-b04c-480a-8359-72c46e6864ab,Bežigrad,306
b59656a4-b6e7-4b87-977c-078c59088a50,aa42017d-812a-4175-bc9b-0fec03b18931,484b5c91-1220-43ba-af79-84e712fcc46b,Slovenija avto,64
b59656a4-b6e7-4b87-977c-078c59088a50,aa42017d-812a-4175-bc9b-0fec03b18931,c5ec5e81-2ce4-452d-bd7a-595de4f8b34f,Prušnikova,7
b59656a4-b6e7-4b87-977c-078c59088a50,aa42017d-812a-4175-bc9b-0fec03b18931,8eeea585-6168-45b8-a5d4-336e61826043,Zapuže,7
b59656a4-b6e7-4b87-977c-078c59088a50,aa42017d-812a-4175-bc9b-0fec03b18931,c87db9be-1fba-4102-a743-0ee4317dd5af,Bavarski dvor,206
b59656a4-b6e7-4b87-977c-078c59088a50,aa42017d-812a-4175-bc9b-0fec03b18931,3c6ebf90-c611-4535-b2b0-22fba3f7649a,Štajerska,96
b59656a4-b6e7-4b87-977c-078c59088a50,aa42017d-812a-4175-bc9b-0fec03b18931,c87db9be-1fba-4102-a743-0ee4317dd5af,Bavarski dvor,170
b59656a4-b6e7-4b87-977c-078c59088a50,aa42017d-812a-4175-bc9b-0fec03b18931,295616c0-387b-4f60-a337-7743cd6be04e,Bavarski dvor,81
b59656a4-b6e7-4b87-977c-078c59088a50,aa42017d-812a-4175-bc9b-0fec03b18931,484b5c91-1220-43ba-af79-84e712fcc46b,Slovenija avto,508
b59656a4-b6e7-4b87-977c-078c59088a50,aa42017d-812a-4175-bc9b-0fec03b18931,48b163cd-b819-4849-aee1-8b1da77657ab,Šentvid,132
b59656a4-b6e7-4b87-977c-078c59088a50,aa42017d-812a-4175-bc9b-0fec03b18931,1b3ddeca-a066-43ee-9ae5-8339628129c2,Žale,76
b59656a4-b6e7-4b87-977c-078c59088a50,aa42017d-812a-4175-bc9b-0fec03b18931,a719a87c-4e93-4387-a6d1-2631a487f7e0,Ajdovščina,162
b59656a4-b6e7-4b87-977c-078c59088a50,aa42017d-812a-4175-bc9b-0fec03b18931,1ce1c3a8-e0f6-4f90-b1aa-1448759d8b3c,Astra,93
b59656a4-b6e7-4b87-977c-078c59088a50,aa42017d-812a-4175-bc9b-0fec03b18931,1b3ddeca-a066-43ee-9ae5-8339628129c2,Žale,555
b59656a4-b6e7-4b87-977c-078c59088a50,aa42017d-812a-4175-bc9b-0fec03b18931,c87db9be-1fba-4102-a743-0ee4317dd5af,Bavarski dvor,47
b59656a4-b6e7-4b87-977c-078c59088a50,aa42017d-812a-4175-bc9b-0fec03b18931,a719a87c-4e93-4387-a6d1-2631a487f7e0,Ajdovščina,77
b59656a4-b6e7-4b87-977c-078c59088a50,aa42017d-812a-4175-bc9b-0fec03b18931,N/A,N/A,660
b59656a4-b6e7-4b87-977c-078c59088a50,aa42017d-812a-4175-bc9b-0fec03b18931,47a3bd8a-72ae-4e20-b43f-10bfaf49012c,Ob sotočju,123
b59656a4-b6e7-4b87-977c-078c59088a50,aa42017d-812a-4175-bc9b-0fec03b18931,3fbf6322-fb74-4a50-a81a-bfca73abc26b,Tacenski most,9
b59656a4-b6e7-4b87-977c-078c59088a50,aa42017d-812a-4175-bc9b-0fec03b18931,9bd3ee10-bc61-44e8-8cf3-a37cffd54da0,DOMŽALE kolodvor,8
b59656a4-b6e7-4b87-977c-078c59088a50,aa42017d-812a-4175-bc9b-0fec03b18931,a719a87c-4e93-4387-a6d1-2631a487f7e0,Ajdovščina,359
b59656a4-b6e7-4b87-977c-078c59088a50,aa42017d-812a-4175-bc9b-0fec03b18931,8598b85d-3e1d-4767-b72f-0c209038841f,Štepanja vas,17
b59656a4-b6e7-4b87-977c-078c59088a50,aa42017d-812a-4175-bc9b-0fec03b18931,c87db9be-1fba-4102-a743-0ee4317dd5af,Bavarski dvor,558
b59656a4-b6e7-4b87-977c-078c59088a50,aa42017d-812a-4175-bc9b-0fec03b18931,f33b721f-a8a3-4aad-96f2-077da09ebaa6,Razstavišče,33
b59656a4-b6e7-4b87-977c-078c59088a50,aa42017d-812a-4175-bc9b-0fec03b18931,1ce1c3a8-e0f6-4f90-b1aa-1448759d8b3c,Astra,27
b59656a4-b6e7-4b87-977c-078c59088a50,aa42017d-812a-4175-bc9b-0fec03b18931,ecc4ae87-ae08-4b94-995c-452fdd94df7f,Privoz,393
b59656a4-b6e7-4b87-977c-078c59088a50,aa42017d-812a-4175-bc9b-0fec03b18931,88cdd36c-03d2-4374-a22f-110dd9f75ea0,Kajuhova,52
b59656a4-b6e7-4b87-977c-078c59088a50,aa42017d-812a-4175-bc9b-0fec03b18931,c87db9be-1fba-4102-a743-0ee4317dd5af,Bavarski dvor,140
b59656a4-b6e7-4b87-977c-078c59088a50,aa42017d-812a-4175-bc9b-0fec03b18931,295616c0-387b-4f60-a337-7743cd6be04e,Bavarski dvor,86
b59656a4-b6e7-4b87-977c-078c59088a50,aa42017d-812a-4175-bc9b-0fec03b18931,cdabf1ea-b04c-480a-8359-72c46e6864ab,Bežigrad,231
b59656a4-b6e7-4b87-977c-078c59088a50,aa42017d-812a-4175-bc9b-0fec03b18931,295616c0-387b-4f60-a337-7743cd6be04e,Bavarski dvor,111
b59656a4-b6e7-4b87-977c-078c59088a50,aa42017d-812a-4175-bc9b-0fec03b18931,48b163cd-b819-4849-aee1-8b1da77657ab,Šentvid,147
b59656a4-b6e7-4b87-977c-078c59088a50,aa42017d-812a-4175-bc9b-0fec03b18931,295616c0-387b-4f60-a337-7743cd6be04e,Bavarski dvor,14
b59656a4-b6e7-4b87-977c-078c59088a50,aa42017d-812a-4175-bc9b-0fec03b18931,c87db9be-1fba-4102-a743-0ee4317dd5af,Bavarski dvor,37
b59656a4-b6e7-4b87-977c-078c59088a50,aa42017d-812a-4175-bc9b-0fec03b18931,1b3ddeca-a066-43ee-9ae5-8339628129c2,Žale,348
b59656a4-b6e7-4b87-977c-078c59088a50,aa42017d-812a-4175-bc9b-0fec03b18931,609f0950-bb8c-4eaf-a931-8575b8aff1ac,Savske stolpnice,523
b59656a4-b6e7-4b87-977c-078c59088a50,aa42017d-812a-4175-bc9b-0fec03b18931,fef200e9-4d98-425b-ab14-8110e2aa85d7,Drama,84
b59656a4-b6e7-4b87-977c-078c59088a50,aa42017d-812a-4175-bc9b-0fec03b18931,48b163cd-b819-4849-aee1-8b1da77657ab,Šentvid,113
b59656a4-b6e7-4b87-977c-078c59088a50,aa42017d-812a-4175-bc9b-0fec03b18931,c87db9be-1fba-4102-a743-0ee4317dd5af,Bavarski dvor,41
b59656a4-b6e7-4b87-977c-078c59088a50,aa42017d-812a-4175-bc9b-0fec03b18931,a719a87c-4e93-4387-a6d1-2631a487f7e0,Ajdovščina,172
b59656a4-b6e7-4b87-977c-078c59088a50,aa42017d-812a-4175-bc9b-0fec03b18931,fef200e9-4d98-425b-ab14-8110e2aa85d7,Drama,209
b59656a4-b6e7-4b87-977c-078c59088a50,aa42017d-812a-4175-bc9b-0fec03b18931,aa42017d-812a-4175-bc9b-0fec03b18931,Ambrožev trg,239
b59656a4-b6e7-4b87-977c-078c59088a50,aa42017d-812a-4175-bc9b-0fec03b18931,484b5c91-1220-43ba-af79-84e712fcc46b,Slovenija avto,474
b59656a4-b6e7-4b87-977c-078c59088a50,aa42017d-812a-4175-bc9b-0fec03b18931,7fa32ea0-e884-435a-a81c-51bbd5cedf3e,Zaloška,30
b59656a4-b6e7-4b87-977c-078c59088a50,aa42017d-812a-4175-bc9b-0fec03b18931,c22879e5-8e90-4540-9a74-5f139208e492,Friškovec,144
b59656a4-b6e7-4b87-977c-078c59088a50,aa42017d-812a-4175-bc9b-0fec03b18931,fef200e9-4d98-425b-ab14-8110e2aa85d7,Drama,84
b59656a4-b6e7-4b87-977c-078c59088a50,aa42017d-812a-4175-bc9b-0fec03b18931,f33b721f-a8a3-4aad-96f2-077da09ebaa6,Razstavišče,315
b59656a4-b6e7-4b87-977c-078c59088a50,aa42017d-812a-4175-bc9b-0fec03b18931,9a1c4c65-df77-481f-87ad-56143f02a864,Vižmarje,28
b59656a4-b6e7-4b87-977c-078c59088a50,aa42017d-812a-4175-bc9b-0fec03b18931,5d7f28a6-2a2a-4333-aa06-48edfb652f86,Pošta,58
b59656a4-b6e7-4b87-977c-078c59088a50,aa42017d-812a-4175-bc9b-0fec03b18931,a719a87c-4e93-4387-a6d1-2631a487f7e0,Ajdovščina,184
b59656a4-b6e7-4b87-977c-078c59088a50,aa42017d-812a-4175-bc9b-0fec03b18931,c87db9be-1fba-4102-a743-0ee4317dd5af,Bavarski dvor,103
b59656a4-b6e7-4b87-977c-078c59088a50,aa42017d-812a-4175-bc9b-0fec03b18931,f33b721f-a8a3-4aad-96f2-077da09ebaa6,Razstavišče,45
b59656a4-b6e7-4b87-977c-078c59088a50,aa42017d-812a-4175-bc9b-0fec03b18931,5d7f28a6-2a2a-4333-aa06-48edfb652f86,Pošta,312
b59656a4-b6e7-4b87-977c-078c59088a50,aa42017d-812a-4175-bc9b-0fec03b18931,fef200e9-4d98-425b-ab14-8110e2aa85d7,Drama,249
b59656a4-b6e7-4b87-977c-078c59088a50,aa42017d-812a-4175-bc9b-0fec03b18931,cdabf1ea-b04c-480a-8359-72c46e6864ab,Bežigrad,153
b59656a4-b6e7-4b87-977c-078c59088a50,aa42017d-812a-4175-bc9b-0fec03b18931,5d7f28a6-2a2a-4333-aa06-48edfb652f86,Pošta,24
b59656a4-b6e7-4b87-977c-078c59088a50,aa42017d-812a-4175-bc9b-0fec03b18931,N/A,N/A,660
b59656a4-b6e7-4b87-977c-078c59088a50,aa42017d-812a-4175-bc9b-0fec03b18931,6a89c110-a0f8-4b1a-87f0-33f49c0a658e,Šola Jarše,404
b59656a4-b6e7-4b87-977c-078c59088a50,aa42017d-812a-4175-bc9b-0fec03b18931,a719a87c-4e93-4387-a6d1-2631a487f7e0,Ajdovščina,10
b59656a4-b6e7-4b87-977c-078c59088a50,aa42017d-812a-4175-bc9b-0fec03b18931,aa42017d-812a-4175-bc9b-0fec03b18931,Ambrožev trg,16
b59656a4-b6e7-4b87-977c-078c59088a50,aa42017d-812a-4175-bc9b-0fec03b18931,5d7f28a6-2a2a-4333-aa06-48edfb652f86,Pošta,223
b59656a4-b6e7-4b87-977c-078c59088a50,aa42017d-812a-4175-bc9b-0fec03b18931,717dda7e-d793-4697-8f60-b64ee8b1edc4,Gosposvetska,51
b59656a4-b6e7-4b87-977c-078c59088a50,aa42017d-812a-4175-bc9b-0fec03b18931,454817d3-3750-49c7-994c-14d06fd2c634,Žale,52
b59656a4-b6e7-4b87-977c-078c59088a50,aa42017d-812a-4175-bc9b-0fec03b18931,4038e02e-f22f-4af0-ba4f-7aab855b53af,Kneza Koclja,411
b59656a4-b6e7-4b87-977c-078c59088a50,aa42017d-812a-4175-bc9b-0fec03b18931,6182f8e8-c45e-4606-b4a4-d909bd44d2cc,Gornji trg,566
b59656a4-b6e7-4b87-977c-078c59088a50,aa42017d-812a-4175-bc9b-0fec03b18931,295616c0-387b-4f60-a337-7743cd6be04e,Bavarski dvor,213
b59656a4-b6e7-4b87-977c-078c59088a50,aa42017d-812a-4175-bc9b-0fec03b18931,295616c0-387b-4f60-a337-7743cd6be04e,Bavarski dvor,62
b59656a4-b6e7-4b87-977c-078c59088a50,aa42017d-812a-4175-bc9b-0fec03b18931,717dda7e-d793-4697-8f60-b64ee8b1edc4,Gosposvetska,349
b59656a4-b6e7-4b87-977c-078c59088a50,aa42017d-812a-4175-bc9b-0fec03b18931,a0b1fb90-3f6a-4231-910a-18be192ac762,Flajšmanova,53
b59656a4-b6e7-4b87-977c-078c59088a50,aa42017d-812a-4175-bc9b-0fec03b18931,484b5c91-1220-43ba-af79-84e712fcc46b,Slovenija avto,32
b59656a4-b6e7-4b87-977c-078c59088a50,aa42017d-812a-4175-bc9b-0fec03b18931,295616c0-387b-4f60-a337-7743cd6be04e,Bavarski dvor,62
b59656a4-b6e7-4b87-977c-078c59088a50,aa42017d-812a-4175-bc9b-0fec03b18931,7fa32ea0-e884-435a-a81c-51bbd5cedf3e,Zaloška,438
b59656a4-b6e7-4b87-977c-078c59088a50,aa42017d-812a-4175-bc9b-0fec03b18931,c87db9be-1fba-4102-a743-0ee4317dd5af,Bavarski dvor,126
b59656a4-b6e7-4b87-977c-078c59088a50,aa42017d-812a-4175-bc9b-0fec03b18931,295616c0-387b-4f60-a337-7743cd6be04e,Bavarski dvor,12
b59656a4-b6e7-4b87-977c-078c59088a50,aa42017d-812a-4175-bc9b-0fec03b18931,fef200e9-4d98-425b-ab14-8110e2aa85d7,Drama,71
b59656a4-b6e7-4b87-977c-078c59088a50,aa42017d-812a-4175-bc9b-0fec03b18931,c87db9be-1fba-4102-a743-0ee4317dd5af,Bavarski dvor,394
b59656a4-b6e7-4b87-977c-078c59088a50,aa42017d-812a-4175-bc9b-0fec03b18931,295616c0-387b-4f60-a337-7743cd6be04e,Bavarski dvor,245
b59656a4-b6e7-4b87-977c-078c59088a50,aa42017d-812a-4175-bc9b-0fec03b18931,N/A,N/A,660
b59656a4-b6e7-4b87-977c-078c59088a50,aa42017d-812a-4175-bc9b-0fec03b18931,f33b721f-a8a3-4aad-96f2-077da09ebaa6,Razstavišče,404
b59656a4-b6e7-4b87-977c-078c59088a50,aa42017d-812a-4175-bc9b-0fec03b18931,ef31a8be-b01d-44cd-95cf-3db8e918af26,Emona,230
b59656a4-b6e7-4b87-977c-078c59088a50,aa42017d-812a-4175-bc9b-0fec03b18931,c5ec5e81-2ce4-452d-bd7a-595de4f8b34f,Prušnikova,9
b59656a4-b6e7-4b87-977c-078c59088a50,aa42017d-812a-4175-bc9b-0fec03b18931,abc9fd26-5442-468b-93b6-4d5eb76d0f1f,BTC-Emporium,126
b59656a4-b6e7-4b87-977c-078c59088a50,aa42017d-812a-4175-bc9b-0fec03b18931,717dda7e-d793-4697-8f60-b64ee8b1edc4,Gosposvetska,140
b59656a4-b6e7-4b87-977c-078c59088a50,aa42017d-812a-4175-bc9b-0fec03b18931,6459bd02-d8f8-413e-9402-10b916f09a4f,7. septembra,237
b59656a4-b6e7-4b87-977c-078c59088a50,aa42017d-812a-4175-bc9b-0fec03b18931,c87db9be-1fba-4102-a743-0ee4317dd5af,Bavarski dvor,232
b59656a4-b6e7-4b87-977c-078c59088a50,aa42017d-812a-4175-bc9b-0fec03b18931,a2ce7e6f-0f99-443a-a973-81a0b9c60261,Astra,11
b59656a4-b6e7-4b87-977c-078c59088a50,aa42017d-812a-4175-bc9b-0fec03b18931,c87db9be-1fba-4102-a743-0ee4317dd5af,Bavarski dvor,101
b59656a4-b6e7-4b87-977c-078c59088a50,aa42017d-812a-4175-bc9b-0fec03b18931,88cdd36c-03d2-4374-a22f-110dd9f75ea0,Kajuhova,107
b59656a4-b6e7-4b87-977c-078c59088a50,aa42017d-812a-4175-bc9b-0fec03b18931,a0b1fb90-3f6a-4231-910a-18be192ac762,Flajšmanova,6
b59656a4-b6e7-4b87-977c-078c59088a50,aa42017d-812a-4175-bc9b-0fec03b18931,c87db9be-1fba-4102-a743-0ee4317dd5af,Bavarski dvor,481
b59656a4-b6e7-4b87-977c-078c59088a50,aa42017d-812a-4175-bc9b-0fec03b18931,9bd3ee10-bc61-44e8-8cf3-a37cffd54da0,DOMŽALE kolodvor,185
b59656a4-b6e7-4b87-977c-078c59088a50,aa42017d-812a-4175-bc9b-0fec03b18931,9a14b0ec-f13a-46f0-8c4f-07d8b99241e2,Cesta v Zavoglje,52
b59656a4-b6e7-4b87-977c-078c59088a50,aa42017d-812a-4175-bc9b-0fec03b18931,6182f8e8-c45e-4606-b4a4-d909bd44d2cc,Gornji trg,237
b59656a4-b6e7-4b87-977c-078c59088a50,aa42017d-812a-4175-bc9b-0fec03b18931,fef200e9-4d98-425b-ab14-8110e2aa85d7,Drama,225
b59656a4-b6e7-4b87-977c-078c59088a50,aa42017d-812a-4175-bc9b-0fec03b18931,77dcd833-fa4d-4c5a-93b1-31284942e61d,Šišenska,62
b59656a4-b6e7-4b87-977c-078c59088a50,aa42017d-812a-4175-bc9b-0fec03b18931,484b5c91-1220-43ba-af79-84e712fcc46b,Slovenija avto,79
b59656a4-b6e7-4b87-977c-078c59088a50,aa42017d-812a-4175-bc9b-0fec03b18931,c87db9be-1fba-4102-a743-0ee4317dd5af,Bavarski dvor,132
b59656a4-b6e7-4b87-977c-078c59088a50,aa42017d-812a-4175-bc9b-0fec03b18931,98fa3880-5936-4ec8-ba04-39c7ff9a0e6a,Stara cerkev,544
b59656a4-b6e7-4b87-977c-078c59088a50,aa42017d-812a-4175-bc9b-0fec03b18931,717dda7e-d793-4697-8f60-b64ee8b1edc4,Gosposvetska,126
b59656a4-b6e7-4b87-977c-078c59088a50,aa42017d-812a-4175-bc9b-0fec03b18931,48b163cd-b819-4849-aee1-8b1da77657ab,Šentvid,114
b59656a4-b6e7-4b87-977c-078c59088a50,aa42017d-812a-4175-bc9b-0fec03b18931,c87db9be-1fba-4102-a743-0ee4317dd5af,Bavarski dvor,260
b59656a4-b6e7-4b87-977c-078c59088a50,aa42017d-812a-4175-bc9b-0fec03b18931,a2ce7e6f-0f99-443a-a973-81a0b9c60261,Astra,13
b59656a4-b6e7-4b87-977c-078c59088a50,aa42017d-812a-4175-bc9b-0fec03b18931,c87db9be-1fba-4102-a743-0ee4317dd5af,Bavarski dvor,42
b59656a4-b6e7-4b87-977c-078c59088a50,aa42017d-812a-4175-bc9b-0fec03b18931,f33b721f-a8a3-4aad-96f2-077da09ebaa6,Razstavišče,116
b59656a4-b6e7-4b87-977c-078c59088a50,aa42017d-812a-4175-bc9b-0fec03b18931,5de84f88-3f32-4636-8c30-03cc267ecf37,Podvozna pot,268
b59656a4-b6e7-4b87-977c-078c59088a50,aa42017d-812a-4175-bc9b-0fec03b18931,8598b85d-3e1d-4767-b72f-0c209038841f,Štepanja vas,117
b59656a4-b6e7-4b87-977c-078c59088a50,aa42017d-812a-4175-bc9b-0fec03b18931,0dc86a8f-0f41-44c7-978c-e06cb63cbbcf,Medvoška a.p.,117
b59656a4-b6e7-4b87-977c-078c59088a50,aa42017d-812a-4175-bc9b-0fec03b18931,f4cfd904-bd11-4247-95df-32c4555a930f,Klinični center,276
b59656a4-b6e7-4b87-977c-078c59088a50,aa42017d-812a-4175-bc9b-0fec03b18931,f33b721f-a8a3-4aad-96f2-077da09ebaa6,Razstavišče,122
b59656a4-b6e7-4b87-977c-078c59088a50,aa42017d-812a-4175-bc9b-0fec03b18931,fef200e9-4d98-425b-ab14-8110e2aa85d7,Drama,380
b59656a4-b6e7-4b87-977c-078c59088a50,aa42017d-812a-4175-bc9b-0fec03b18931,1b3ddeca-a066-43ee-9ae5-8339628129c2,Žale,61
b59656a4-b6e7-4b87-977c-078c59088a50,aa42017d-812a-4175-bc9b-0fec03b18931,c87db9be-1fba-4102-a743-0ee4317dd5af,Bavarski dvor,163
b59656a4-b6e7-4b87-977c-078c59088a50,aa42017d-812a-4175-bc9b-0fec03b18931,aa42017d-812a-4175-bc9b-0fec03b18931,Ambrožev trg,139
b59656a4-b6e7-4b87-977c-078c59088a50,aa42017d-812a-4175-bc9b-0fec03b18931,7310c006-62b8-4f94-bb9c-d5c26cb3faad,Polje,188
b59656a4-b6e7-4b87-977c-078c59088a50,aa42017d-812a-4175-bc9b-0fec03b18931,295616c0-387b-4f60-a337-7743cd6be04e,Bavarski dvor,148
b59656a4-b6e7-4b87-977c-078c59088a50,aa42017d-812a-4175-bc9b-0fec03b18931,a2ce7e6f-0f99-443a-a973-81a0b9c60261,Astra,266
b59656a4-b6e7-4b87-977c-078c59088a50,aa42017d-812a-4175-bc9b-0fec03b18931,c87db9be-1fba-4102-a743-0ee4317dd5af,Bavarski dvor,265
b59656a4-b6e7-4b87-977c-078c59088a50,aa42017d-812a-4175-bc9b-0fec03b18931,2ec182e2-769f-427f-b9b5-c4118890cb96,Stožice,148
b59656a4-b6e7-4b87-977c-078c59088a50,aa42017d-812a-4175-bc9b-0fec03b18931,f33b721f-a8a3-4aad-96f2-077da09ebaa6,Razstavišče,224
b59656a4-b6e7-4b87-977c-078c59088a50,aa42017d-812a-4175-bc9b-0fec03b18931,c87db9be-1fba-4102-a743-0ee4317dd5af,Bavarski dvor,463
b59656a4-b6e7-4b87-977c-078c59088a50,aa42017d-812a-4175-bc9b-0fec03b18931,98fa3880-5936-4ec8-ba04-39c7ff9a0e6a,Stara cerkev,22
b59656a4-b6e7-4b87-977c-078c59088a50,aa42017d-812a-4175-bc9b-0fec03b18931,7fa32ea0-e884-435a-a81c-51bbd5cedf3e,Zaloška,13
b59656a4-b6e7-4b87-977c-078c59088a50,aa42017d-812a-4175-bc9b-0fec03b18931,5d7f28a6-2a2a-4333-aa06-48edfb652f86,Pošta,57
b59656a4-b6e7-4b87-977c-078c59088a50,aa42017d-812a-4175-bc9b-0fec03b18931,aa42017d-812a-4175-bc9b-0fec03b18931,Ambrožev trg,24
b59656a4-b6e7-4b87-977c-078c59088a50,aa42017d-812a-4175-bc9b-0fec03b18931,a719a87c-4e93-4387-a6d1-2631a487f7e0,Ajdovščina,62
b59656a4-b6e7-4b87-977c-078c59088a50,aa42017d-812a-4175-bc9b-0fec03b18931,f33b721f-a8a3-4aad-96f2-077da09ebaa6,Razstavišče,175
b59656a4-b6e7-4b87-977c-078c59088a50,aa42017d-812a-4175-bc9b-0fec03b18931,717dda7e-d793-4697-8f60-b64ee8b1edc4,Gosposvetska,213
b59656a4-b6e7-4b87-977c-078c59088a50,aa42017d-812a-4175-bc9b-0fec03b18931,c87db9be-1fba-4102-a743-0ee4317dd5af,Bavarski dvor,206
b59656a4-b6e7-4b87-977c-078c59088a50,aa42017d-812a-4175-bc9b-0fec03b18931,cee2862b-9b70-4880-8fa3-16c6d2efae1b,AMZS,269
b59656a4-b6e7-4b87-977c-078c59088a50,aa42017d-812a-4175-bc9b-0fec03b18931,717dda7e-d793-4697-8f60-b64ee8b1edc4,Gosposvetska,340
b59656a4-b6e7-4b87-977c-078c59088a50,aa42017d-812a-4175-bc9b-0fec03b18931,295616c0-387b-4f60-a337-7743cd6be04e,Bavarski dvor,80
b59656a4-b6e7-4b87-977c-078c59088a50,aa42017d-812a-4175-bc9b-0fec03b18931,295616c0-387b-4f60-a337-7743cd6be04e,Bavarski dvor,15
b59656a4-b6e7-4b87-977c-078c59088a50,aa42017d-812a-4175-bc9b-0fec03b18931,c87db9be-1fba-4102-a743-0ee4317dd5af,Bavarski dvor,18
b59656a4-b6e7-4b87-977c-078c59088a50,aa42017d-812a-4175-bc9b-0fec03b18931,8589e5d1-21b4-4210-ad7a-4bf91f9a715d,Vižmarje,308
b59656a4-b6e7-4b87-977c-078c59088a50,aa42017d-812a-4175-bc9b-0fec03b18931,f33b721f-a8a3-4aad-96f2-077da09ebaa6,Razstavišče,14
b59656a4-b6e7-4b87-977c-078c59088a50,aa42017d-812a-4175-bc9b-0fec03b18931,c5ec5e81-2ce4-452d-bd7a-595de4f8b34f,Prušnikova,75
b59656a4-b6e7-4b87-977c-078c59088a50,aa42017d-812a-4175-bc9b-0fec03b18931,1ce1c3a8-e0f6-4f90-b1aa-1448759d8b3c,Astra,433
b59656a4-b6e7-4b87-977c-078c59088a50,aa42017d-812a-4175-bc9b-0fec03b18931,N/A,N/A,660
b59656a4-b6e7-4b87-977c-078c59088a50,aa42017d-812a-4175-bc9b-0fec03b18931,295616c0-387b-4f60-a337-7743cd6be04e,Bavarski dvor,327
b59656a4-b6e7-4b87-977c-078c59088a50,aa42017d-812a-4175-bc9b-0fec03b18931,c87db9be-1fba-4102-a743-0ee4317dd5af,Bavarski dvor,98
b59656a4-b6e7-4b87-977c-078c59088a50,aa42017d-812a-4175-bc9b-0fec03b18931,295616c0-387b-4f60-a337-7743cd6be04e,Bavarski dvor,310
b59656a4-b6e7-4b87-977c-078c59088a50,aa42017d-812a-4175-bc9b-0fec03b18931,f4cfd904-bd11-4247-95df-32c4555a930f,Klinični center,482
b59656a4-b6e7-4b87-977c-078c59088a50,aa42017d-812a-4175-bc9b-0fec03b18931,7fad8003-fb10-489d-bf8d-6d433310ad90,Nove Jarše,289
b59656a4-b6e7-4b87-977c-078c59088a50,aa42017d-812a-4175-bc9b-0fec03b18931,db13a26e-19d4-4b8a-a78a-01ef25d58834,Ježica,233
b59656a4-b6e7-4b87-977c-078c59088a50,aa42017d-812a-4175-bc9b-0fec03b18931,295616c0-387b-4f60-a337-7743cd6be04e,Bavarski dvor,435
b59656a4-b6e7-4b87-977c-078c59088a50,aa42017d-812a-4175-bc9b-0fec03b18931,a0e0a21b-b8ce-4d76-bbc2-04e179367fee,Šola Jarše,109
b59656a4-b6e7-4b87-977c-078c59088a50,aa42017d-812a-4175-bc9b-0fec03b18931,8598b85d-3e1d-4767-b72f-0c209038841f,Štepanja vas,17
b59656a4-b6e7-4b87-977c-078c59088a50,aa42017d-812a-4175-bc9b-0fec03b18931,c87db9be-1fba-4102-a743-0ee4317dd5af,Bavarski dvor,469
b59656a4-b6e7-4b87-977c-078c59088a50,aa42017d-812a-4175-bc9b-0fec03b18931,a719a87c-4e93-4387-a6d1-2631a487f7e0,Ajdovščina,256
b59656a4-b6e7-4b87-977c-078c59088a50,aa42017d-812a-4175-bc9b-0fec03b18931,fef200e9-4d98-425b-ab14-8110e2aa85d7,Drama,131
b59656a4-b6e7-4b87-977c-078c59088a50,aa42017d-812a-4175-bc9b-0fec03b18931,cdabf1ea-b04c-480a-8359-72c46e6864ab,Bežigrad,87
b59656a4-b6e7-4b87-977c-078c59088a50,aa42017d-812a-4175-bc9b-0fec03b18931,c87db9be-1fba-4102-a743-0ee4317dd5af,Bavarski dvor,177
b59656a4-b6e7-4b87-977c-078c59088a50,aa42017d-812a-4175-bc9b-0fec03b18931,c87db9be-1fba-4102-a743-0ee4317dd5af,Bavarski dvor,125
b59656a4-b6e7-4b87-977c-078c59088a50,aa42017d-812a-4175-bc9b-0fec03b18931,717dda7e-d793-4697-8f60-b64ee8b1edc4,Gosposvetska,62
b59656a4-b6e7-4b87-977c-078c59088a50,aa42017d-812a-4175-bc9b-0fec03b18931,fef200e9-4d98-425b-ab14-8110e2aa85d7,Drama,167
b59656a4-b6e7-4b87-977c-078c59088a50,aa42017d-812a-4175-bc9b-0fec03b18931,717dda7e-d793-4697-8f60-b64ee8b1edc4,Gosposvetska,396
b59656a4-b6e7-4b87-977c-078c59088a50,aa42017d-812a-4175-bc9b-0fec03b18931,5d7f28a6-2a2a-4333-aa06-48edfb652f86,Pošta,23
b59656a4-b6e7-4b87-977c-078c59088a50,aa42017d-812a-4175-bc9b-0fec03b18931,c22879e5-8e90-4540-9a74-5f139208e492,Friškovec,336
b59656a4-b6e7-4b87-977c-078c59088a50,aa42017d-812a-4175-bc9b-0fec03b18931,cee2862b-9b70-4880-8fa3-16c6d2efae1b,AMZS,24
b59656a4-b6e7-4b87-977c-078c59088a50,aa42017d-812a-4175-bc9b-0fec03b18931,c87db9be-1fba-4102-a743-0ee4317dd5af,Bavarski dvor,265
b59656a4-b6e7-4b87-977c-078c59088a50,aa42017d-812a-4175-bc9b-0fec03b18931,f33b721f-a8a3-4aad-96f2-077da09ebaa6,Razstavišče,273
b59656a4-b6e7-4b87-977c-078c59088a50,aa42017d-812a-4175-bc9b-0fec03b18931,e6f5183b-c615-4f47-b4fb-204ee070e825,Bežigrad,231
b59656a4-b6e7-4b87-977c-078c59088a50,aa42017d-812a-4175-bc9b-0fec03b18931,a0b1fb90-3f6a-4231-910a-18be192ac762,Flajšmanova,5
b59656a4-b6e7-4b87-977c-078c59088a50,aa42017d-812a-4175-bc9b-0fec03b18931,c5ec5e81-2ce4-452d-bd7a-595de4f8b34f,Prušnikova,46
b59656a4-b6e7-4b87-977c-078c59088a50,aa42017d-812a-4175-bc9b-0fec03b18931,5d7f28a6-2a2a-4333-aa06-48edfb652f86,Pošta,59
b59656a4-b6e7-4b87-977c-078c59088a50,aa42017d-812a-4175-bc9b-0fec03b18931,c87db9be-1fba-4102-a743-0ee4317dd5af,Bavarski dvor,15
b59656a4-b6e7-4b87-977c-078c59088a50,aa42017d-812a-4175-bc9b-0fec03b18931,0be237aa-4b91-4d2b-ac23-0cebac975a0d,Cankarjev dom,45
b59656a4-b6e7-4b87-977c-078c59088a50,aa42017d-812a-4175-bc9b-0fec03b18931,88cdd36c-03d2-4374-a22f-110dd9f75ea0,Kajuhova,153
b59656a4-b6e7-4b87-977c-078c59088a50,aa42017d-812a-4175-bc9b-0fec03b18931,295616c0-387b-4f60-a337-7743cd6be04e,Bavarski dvor,457
b59656a4-b6e7-4b87-977c-078c59088a50,aa42017d-812a-4175-bc9b-0fec03b18931,717dda7e-d793-4697-8f60-b64ee8b1edc4,Gosposvetska,50
b59656a4-b6e7-4b87-977c-078c59088a50,aa42017d-812a-4175-bc9b-0fec03b18931,f2b27cbd-5207-4281-8f67-6369d0c50a9b,Kodrova,23
b59656a4-b6e7-4b87-977c-078c59088a50,aa42017d-812a-4175-bc9b-0fec03b18931,8589e5d1-21b4-4210-ad7a-4bf91f9a715d,Vižmarje,221
b59656a4-b6e7-4b87-977c-078c59088a50,aa42017d-812a-4175-bc9b-0fec03b18931,5d7f28a6-2a2a-4333-aa06-48edfb652f86,Pošta,138
b59656a4-b6e7-4b87-977c-078c59088a50,aa42017d-812a-4175-bc9b-0fec03b18931,81f21fc1-3bd2-4d2a-b563-2d063479c68e,Štepanja vas,53
b59656a4-b6e7-4b87-977c-078c59088a50,aa42017d-812a-4175-bc9b-0fec03b18931,295616c0-387b-4f60-a337-7743cd6be04e,Bavarski dvor,46
b59656a4-b6e7-4b87-977c-078c59088a50,aa42017d-812a-4175-bc9b-0fec03b18931,295616c0-387b-4f60-a337-7743cd6be04e,Bavarski dvor,178
b59656a4-b6e7-4b87-977c-078c59088a50,aa42017d-812a-4175-bc9b-0fec03b18931,aa42017d-812a-4175-bc9b-0fec03b18931,Ambrožev trg,310
b59656a4-b6e7-4b87-977c-078c59088a50,aa42017d-812a-4175-bc9b-0fec03b18931,295616c0-387b-4f60-a337-7743cd6be04e,Bavarski dvor,349
b59656a4-b6e7-4b87-977c-078c59088a50,aa42017d-812a-4175-bc9b-0fec03b18931,295616c0-387b-4f60-a337-7743cd6be04e,Bavarski dvor,73
b59656a4-b6e7-4b87-977c-078c59088a50,aa42017d-812a-4175-bc9b-0fec03b18931,c87db9be-1fba-4102-a743-0ee4317dd5af,Bavarski dvor,138
b59656a4-b6e7-4b87-977c-078c59088a50,aa42017d-812a-4175-bc9b-0fec03b18931,c87db9be-1fba-4102-a743-0ee4317dd5af,Bavarski dvor,240
b59656a4-b6e7-4b87-977c-078c59088a50,aa42017d-812a-4175-bc9b-0fec03b18931,c87db9be-1fba-4102-a743-0ee4317dd5af,Bavarski dvor,363
b59656a4-b6e7-4b87-977c-078c59088a50,aa42017d-812a-4175-bc9b-0fec03b18931,7310c006-62b8-4f94-bb9c-d5c26cb3faad,Polje,488
b59656a4-b6e7-4b87-977c-078c59088a50,aa42017d-812a-4175-bc9b-0fec03b18931,a719a87c-4e93-4387-a6d1-2631a487f7e0,Ajdovščina,133
b59656a4-b6e7-4b87-977c-078c59088a50,aa42017d-812a-4175-bc9b-0fec03b18931,484b5c91-1220-43ba-af79-84e712fcc46b,Slovenija avto,162
b59656a4-b6e7-4b87-977c-078c59088a50,aa42017d-812a-4175-bc9b-0fec03b18931,717dda7e-d793-4697-8f60-b64ee8b1edc4,Gosposvetska,13
b59656a4-b6e7-4b87-977c-078c59088a50,aa42017d-812a-4175-bc9b-0fec03b18931,484b5c91-1220-43ba-af79-84e712fcc46b,Slovenija avto,122
b59656a4-b6e7-4b87-977c-078c59088a50,aa42017d-812a-4175-bc9b-0fec03b18931,7bcbdcaa-00b9-47d4-8982-09da26cd7bcb,Zaloška,427
b59656a4-b6e7-4b87-977c-078c59088a50,aa42017d-812a-4175-bc9b-0fec03b18931,484b5c91-1220-43ba-af79-84e712fcc46b,Slovenija avto,117
b59656a4-b6e7-4b87-977c-078c59088a50,aa42017d-812a-4175-bc9b-0fec03b18931,c87db9be-1fba-4102-a743-0ee4317dd5af,Bavarski dvor,340
b59656a4-b6e7-4b87-977c-078c59088a50,aa42017d-812a-4175-bc9b-0fec03b18931,c87db9be-1fba-4102-a743-0ee4317dd5af,Bavarski dvor,51
b59656a4-b6e7-4b87-977c-078c59088a50,aa42017d-812a-4175-bc9b-0fec03b18931,a719a87c-4e93-4387-a6d1-2631a487f7e0,Ajdovščina,55
b59656a4-b6e7-4b87-977c-078c59088a50,aa42017d-812a-4175-bc9b-0fec03b18931,a719a87c-4e93-4387-a6d1-2631a487f7e0,Ajdovščina,43
b59656a4-b6e7-4b87-977c-078c59088a50,aa42017d-812a-4175-bc9b-0fec03b18931,294c40c4-18e4-4d92-a947-911a8623de89,Veliki štradon,105
b59656a4-b6e7-4b87-977c-078c59088a50,aa42017d-812a-4175-bc9b-0fec03b18931,5de84f88-3f32-4636-8c30-03cc267ecf37,Podvozna pot,524
b59656a4-b6e7-4b87-977c-078c59088a50,aa42017d-812a-4175-bc9b-0fec03b18931,a0b1fb90-3f6a-4231-910a-18be192ac762,Flajšmanova,6
b59656a4-b6e7-4b87-977c-078c59088a50,aa42017d-812a-4175-bc9b-0fec03b18931,c87db9be-1fba-4102-a743-0ee4317dd5af,Bavarski dvor,383
b59656a4-b6e7-4b87-977c-078c59088a50,aa42017d-812a-4175-bc9b-0fec03b18931,5de84f88-3f32-4636-8c30-03cc267ecf37,Podvozna pot,87
b59656a4-b6e7-4b87-977c-078c59088a50,aa42017d-812a-4175-bc9b-0fec03b18931,f2b27cbd-5207-4281-8f67-6369d0c50a9b,Kodrova,49
b59656a4-b6e7-4b87-977c-078c59088a50,aa42017d-812a-4175-bc9b-0fec03b18931,a719a87c-4e93-4387-a6d1-2631a487f7e0,Ajdovščina,43
b59656a4-b6e7-4b87-977c-078c59088a50,aa42017d-812a-4175-bc9b-0fec03b18931,223f660b-c391-4120-bf3c-7bf06781686b,Tovorni kolodvor,497
b59656a4-b6e7-4b87-977c-078c59088a50,aa42017d-812a-4175-bc9b-0fec03b18931,295616c0-387b-4f60-a337-7743cd6be04e,Bavarski dvor,420
b59656a4-b6e7-4b87-977c-078c59088a50,aa42017d-812a-4175-bc9b-0fec03b18931,c87db9be-1fba-4102-a743-0ee4317dd5af,Bavarski dvor,14
b59656a4-b6e7-4b87-977c-078c59088a50,aa42017d-812a-4175-bc9b-0fec03b18931,cdabf1ea-b04c-480a-8359-72c46e6864ab,Bežigrad,320
b59656a4-b6e7-4b87-977c-078c59088a50,aa42017d-812a-4175-bc9b-0fec03b18931,c87db9be-1fba-4102-a743-0ee4317dd5af,Bavarski dvor,356
b59656a4-b6e7-4b87-977c-078c59088a50,aa42017d-812a-4175-bc9b-0fec03b18931,c87db9be-1fba-4102-a743-0ee4317dd5af,Bavarski dvor,192
b59656a4-b6e7-4b87-977c-078c59088a50,aa42017d-812a-4175-bc9b-0fec03b18931,7fa32ea0-e884-435a-a81c-51bbd5cedf3e,Zaloška,336
b59656a4-b6e7-4b87-977c-078c59088a50,aa42017d-812a-4175-bc9b-0fec03b18931,6182f8e8-c45e-4606-b4a4-d909bd44d2cc,Gornji trg,374
b59656a4-b6e7-4b87-977c-078c59088a50,aa42017d-812a-4175-bc9b-0fec03b18931,9cfac7e2-9653-4e52-a6d3-27756d27f817,Kino Šiška,23
b59656a4-b6e7-4b87-977c-078c59088a50,aa42017d-812a-4175-bc9b-0fec03b18931,N/A,N/A,660
b59656a4-b6e7-4b87-977c-078c59088a50,aa42017d-812a-4175-bc9b-0fec03b18931,484b5c91-1220-43ba-af79-84e712fcc46b,Slovenija avto,217
b59656a4-b6e7-4b87-977c-078c59088a50,aa42017d-812a-4175-bc9b-0fec03b18931,7fa32ea0-e884-435a-a81c-51bbd5cedf3e,Zaloška,51
b59656a4-b6e7-4b87-977c-078c59088a50,aa42017d-812a-4175-bc9b-0fec03b18931,98fa3880-5936-4ec8-ba04-39c7ff9a0e6a,Stara cerkev,138
b59656a4-b6e7-4b87-977c-078c59088a50,aa42017d-812a-4175-bc9b-0fec03b18931,fef200e9-4d98-425b-ab14-8110e2aa85d7,Drama,242
b59656a4-b6e7-4b87-977c-078c59088a50,aa42017d-812a-4175-bc9b-0fec03b18931,e6f5183b-c615-4f47-b4fb-204ee070e825,Bežigrad,137
b59656a4-b6e7-4b87-977c-078c59088a50,aa42017d-812a-4175-bc9b-0fec03b18931,717dda7e-d793-4697-8f60-b64ee8b1edc4,Gosposvetska,117
b59656a4-b6e7-4b87-977c-078c59088a50,aa42017d-812a-4175-bc9b-0fec03b18931,c22879e5-8e90-4540-9a74-5f139208e492,Friškovec,382
b59656a4-b6e7-4b87-977c-078c59088a50,aa42017d-812a-4175-bc9b-0fec03b18931,c87db9be-1fba-4102-a743-0ee4317dd5af,Bavarski dvor,383
b59656a4-b6e7-4b87-977c-078c59088a50,aa42017d-812a-4175-bc9b-0fec03b18931,5d7f28a6-2a2a-4333-aa06-48edfb652f86,Pošta,448
b59656a4-b6e7-4b87-977c-078c59088a50,aa42017d-812a-4175-bc9b-0fec03b18931,c87db9be-1fba-4102-a743-0ee4317dd5af,Bavarski dvor,49
b59656a4-b6e7-4b87-977c-078c59088a50,aa42017d-812a-4175-bc9b-0fec03b18931,c87db9be-1fba-4102-a743-0ee4317dd5af,Bavarski dvor,310
b59656a4-b6e7-4b87-977c-078c59088a50,aa42017d-812a-4175-bc9b-0fec03b18931,aa42017d-812a-4175-bc9b-0fec03b18931,Ambrožev trg,62
b59656a4-b6e7-4b87-977c-078c59088a50,aa42017d-812a-4175-bc9b-0fec03b18931,717dda7e-d793-4697-8f60-b64ee8b1edc4,Gosposvetska,64
b59656a4-b6e7-4b87-977c-078c59088a50,aa42017d-812a-4175-bc9b-0fec03b18931,4d216485-ef41-45e7-9182-0c254644955c,Sava,7
b59656a4-b6e7-4b87-977c-078c59088a50,aa42017d-812a-4175-bc9b-0fec03b18931,1b3ddeca-a066-43ee-9ae5-8339628129c2,Žale,250
b59656a4-b6e7-4b87-977c-078c59088a50,aa42017d-812a-4175-bc9b-0fec03b18931,fef200e9-4d98-425b-ab14-8110e2aa85d7,Drama,50
b59656a4-b6e7-4b87-977c-078c59088a50,aa42017d-812a-4175-bc9b-0fec03b18931,1b3ddeca-a066-43ee-9ae5-8339628129c2,Žale,252
b59656a4-b6e7-4b87-977c-078c59088a50,aa42017d-812a-4175-bc9b-0fec03b18931,ac3afe7d-a2b3-4d5d-9e6a-1d2412a3bc70,Litostrojska,100
b59656a4-b6e7-4b87-977c-078c59088a50,aa42017d-812a-4175-bc9b-0fec03b18931,c87db9be-1fba-4102-a743-0ee4317dd5af,Bavarski dvor,45
b59656a4-b6e7-4b87-977c-078c59088a50,aa42017d-812a-4175-bc9b-0fec03b18931,5d7f28a6-2a2a-4333-aa06-48edfb652f86,Pošta,268
b59656a4-b6e7-4b87-977c-078c59088a50,aa42017d-812a-4175-bc9b-0fec03b18931,fef200e9-4d98-425b-ab14-8110e2aa85d7,Drama,149
b59656a4-b6e7-4b87-977c-078c59088a50,aa42017d-812a-4175-bc9b-0fec03b18931,454817d3-3750-49c7-994c-14d06fd2c634,Žale,229
b59656a4-b6e7-4b87-977c-078c59088a50,aa42017d-812a-4175-bc9b-0fec03b18931,5d7f28a6-2a2a-4333-aa06-48edfb652f86,Pošta,343
b59656a4-b6e7-4b87-977c-078c59088a50,aa42017d-812a-4175-bc9b-0fec03b18931,295616c0-387b-4f60-a337-7743cd6be04e,Bavarski dvor,72
b59656a4-b6e7-4b87-977c-078c59088a50,aa42017d-812a-4175-bc9b-0fec03b18931,5d7f28a6-2a2a-4333-aa06-48edfb652f86,Pošta,284
b59656a4-b6e7-4b87-977c-078c59088a50,aa42017d-812a-4175-bc9b-0fec03b18931,c87db9be-1fba-4102-a743-0ee4317dd5af,Bavarski dvor,384
b59656a4-b6e7-4b87-977c-078c59088a50,aa42017d-812a-4175-bc9b-0fec03b18931,717dda7e-d793-4697-8f60-b64ee8b1edc4,Gosposvetska,23
b59656a4-b6e7-4b87-977c-078c59088a50,aa42017d-812a-4175-bc9b-0fec03b18931,295616c0-387b-4f60-a337-7743cd6be04e,Bavarski dvor,28
b59656a4-b6e7-4b87-977c-078c59088a50,aa42017d-812a-4175-bc9b-0fec03b18931,88cdd36c-03d2-4374-a22f-110dd9f75ea0,Kajuhova,128
b59656a4-b6e7-4b87-977c-078c59088a50,aa42017d-812a-4175-bc9b-0fec03b18931,023d7b7a-b411-4e61-8746-b07f9e5c8f90,Ambrožev trg,21
b59656a4-b6e7-4b87-977c-078c59088a50,aa42017d-812a-4175-bc9b-0fec03b18931,0be237aa-4b91-4d2b-ac23-0cebac975a0d,Cankarjev dom,355
b59656a4-b6e7-4b87-977c-078c59088a50,aa42017d-812a-4175-bc9b-0fec03b18931,f4cfd904-bd11-4247-95df-32c4555a930f,Klinični center,58
b59656a4-b6e7-4b87-977c-078c59088a50,aa42017d-812a-4175-bc9b-0fec03b18931,c87db9be-1fba-4102-a743-0ee4317dd5af,Bavarski dvor,178
b59656a4-b6e7-4b87-977c-078c59088a50,aa42017d-812a-4175-bc9b-0fec03b18931,7fa32ea0-e884-435a-a81c-51bbd5cedf3e,Zaloška,36
b59656a4-b6e7-4b87-977c-078c59088a50,aa42017d-812a-4175-bc9b-0fec03b18931,c87db9be-1fba-4102-a743-0ee4317dd5af,Bavarski dvor,12
b59656a4-b6e7-4b87-977c-078c59088a50,aa42017d-812a-4175-bc9b-0fec03b18931,295616c0-387b-4f60-a337-7743cd6be04e,Bavarski dvor,23
b59656a4-b6e7-4b87-977c-078c59088a50,aa42017d-812a-4175-bc9b-0fec03b18931,f33b721f-a8a3-4aad-96f2-077da09ebaa6,Razstavišče,252
b59656a4-b6e7-4b87-977c-078c59088a50,aa42017d-812a-4175-bc9b-0fec03b18931,5d7f28a6-2a2a-4333-aa06-48edfb652f86,Pošta,193
b59656a4-b6e7-4b87-977c-078c59088a50,aa42017d-812a-4175-bc9b-0fec03b18931,c87db9be-1fba-4102-a743-0ee4317dd5af,Bavarski dvor,167
b59656a4-b6e7-4b87-977c-078c59088a50,aa42017d-812a-4175-bc9b-0fec03b18931,4038e02e-f22f-4af0-ba4f-7aab855b53af,Kneza Koclja,526
b59656a4-b6e7-4b87-977c-078c59088a50,aa42017d-812a-4175-bc9b-0fec03b18931,a719a87c-4e93-4387-a6d1-2631a487f7e0,Ajdovščina,143
b59656a4-b6e7-4b87-977c-078c59088a50,aa42017d-812a-4175-bc9b-0fec03b18931,a2ce7e6f-0f99-443a-a973-81a0b9c60261,Astra,232
b59656a4-b6e7-4b87-977c-078c59088a50,aa42017d-812a-4175-bc9b-0fec03b18931,5d7f28a6-2a2a-4333-aa06-48edfb652f86,Pošta,101
b59656a4-b6e7-4b87-977c-078c59088a50,aa42017d-812a-4175-bc9b-0fec03b18931,c87db9be-1fba-4102-a743-0ee4317dd5af,Bavarski dvor,161
b59656a4-b6e7-4b87-977c-078c59088a50,aa42017d-812a-4175-bc9b-0fec03b18931,295616c0-387b-4f60-a337-7743cd6be04e,Bavarski dvor,230
b59656a4-b6e7-4b87-977c-078c59088a50,aa42017d-812a-4175-bc9b-0fec03b18931,295616c0-387b-4f60-a337-7743cd6be04e,Bavarski dvor,218
b59656a4-b6e7-4b87-977c-078c59088a50,aa42017d-812a-4175-bc9b-0fec03b18931,023d7b7a-b411-4e61-8746-b07f9e5c8f90,Ambrožev trg,241
b59656a4-b6e7-4b87-977c-078c59088a50,aa42017d-812a-4175-bc9b-0fec03b18931,fef200e9-4d98-425b-ab14-8110e2aa85d7,Drama,632
b59656a4-b6e7-4b87-977c-078c59088a50,aa42017d-812a-4175-bc9b-0fec03b18931,023d7b7a-b411-4e61-8746-b07f9e5c8f90,Ambrožev trg,115
b59656a4-b6e7-4b87-977c-078c59088a50,aa42017d-812a-4175-bc9b-0fec03b18931,b59656a4-b6e7-4b87-977c-078c59088a50,Hajdrihova,205
b59656a4-b6e7-4b87-977c-078c59088a50,aa42017d-812a-4175-bc9b-0fec03b18931,c87db9be-1fba-4102-a743-0ee4317dd5af,Bavarski dvor,346
b59656a4-b6e7-4b87-977c-078c59088a50,aa42017d-812a-4175-bc9b-0fec03b18931,fef200e9-4d98-425b-ab14-8110e2aa85d7,Drama,236
b59656a4-b6e7-4b87-977c-078c59088a50,aa42017d-812a-4175-bc9b-0fec03b18931,9b0074d2-2c92-4c01-830b-00be8e05b412,Cukrarna,233
b59656a4-b6e7-4b87-977c-078c59088a50,aa42017d-812a-4175-bc9b-0fec03b18931,c87db9be-1fba-4102-a743-0ee4317dd5af,Bavarski dvor,320
b59656a4-b6e7-4b87-977c-078c59088a50,aa42017d-812a-4175-bc9b-0fec03b18931,c87db9be-1fba-4102-a743-0ee4317dd5af,Bavarski dvor,51
b59656a4-b6e7-4b87-977c-078c59088a50,aa42017d-812a-4175-bc9b-0fec03b18931,294c40c4-18e4-4d92-a947-911a8623de89,Veliki štradon,462
b59656a4-b6e7-4b87-977c-078c59088a50,aa42017d-812a-4175-bc9b-0fec03b18931,c87db9be-1fba-4102-a743-0ee4317dd5af,Bavarski dvor,262
b59656a4-b6e7-4b87-977c-078c59088a50,aa42017d-812a-4175-bc9b-0fec03b18931,c87db9be-1fba-4102-a743-0ee4317dd5af,Bavarski dvor,117
b59656a4-b6e7-4b87-977c-078c59088a50,aa42017d-812a-4175-bc9b-0fec03b18931,5d7f28a6-2a2a-4333-aa06-48edfb652f86,Pošta,14
b59656a4-b6e7-4b87-977c-078c59088a50,aa42017d-812a-4175-bc9b-0fec03b18931,a719a87c-4e93-4387-a6d1-2631a487f7e0,Ajdovščina,104
b59656a4-b6e7-4b87-977c-078c59088a50,aa42017d-812a-4175-bc9b-0fec03b18931,7fad8003-fb10-489d-bf8d-6d433310ad90,Nove Jarše,172
b59656a4-b6e7-4b87-977c-078c59088a50,aa42017d-812a-4175-bc9b-0fec03b18931,77dcd833-fa4d-4c5a-93b1-31284942e61d,Šišenska,6
b59656a4-b6e7-4b87-977c-078c59088a50,aa42017d-812a-4175-bc9b-0fec03b18931,f33b721f-a8a3-4aad-96f2-077da09ebaa6,Razstavišče,134
b59656a4-b6e7-4b87-977c-078c59088a50,aa42017d-812a-4175-bc9b-0fec03b18931,484b5c91-1220-43ba-af79-84e712fcc46b,Slovenija avto,28
b59656a4-b6e7-4b87-977c-078c59088a50,aa42017d-812a-4175-bc9b-0fec03b18931,a0e0a21b-b8ce-4d76-bbc2-04e179367fee,Šola Jarše,244
b59656a4-b6e7-4b87-977c-078c59088a50,aa42017d-812a-4175-bc9b-0fec03b18931,a2ce7e6f-0f99-443a-a973-81a0b9c60261,Astra,13
b59656a4-b6e7-4b87-977c-078c59088a50,aa42017d-812a-4175-bc9b-0fec03b18931,c87db9be-1fba-4102-a743-0ee4317dd5af,Bavarski dvor,39
b59656a4-b6e7-4b87-977c-078c59088a50,aa42017d-812a-4175-bc9b-0fec03b18931,5d7f28a6-2a2a-4333-aa06-48edfb652f86,Pošta,426
b59656a4-b6e7-4b87-977c-078c59088a50,aa42017d-812a-4175-bc9b-0fec03b18931,295616c0-387b-4f60-a337-7743cd6be04e,Bavarski dvor,269
b59656a4-b6e7-4b87-977c-078c59088a50,aa42017d-812a-4175-bc9b-0fec03b18931,b59656a4-b6e7-4b87-977c-078c59088a50,Hajdrihova,364
b59656a4-b6e7-4b87-977c-078c59088a50,aa42017d-812a-4175-bc9b-0fec03b18931,5d7f28a6-2a2a-4333-aa06-48edfb652f86,Pošta,98
b59656a4-b6e7-4b87-977c-078c59088a50,aa42017d-812a-4175-bc9b-0fec03b18931,88cdd36c-03d2-4374-a22f-110dd9f75ea0,Kajuhova,85
b59656a4-b6e7-4b87-977c-078c59088a50,aa42017d-812a-4175-bc9b-0fec03b18931,5d7f28a6-2a2a-4333-aa06-48edfb652f86,Pošta,39
b59656a4-b6e7-4b87-977c-078c59088a50,aa42017d-812a-4175-bc9b-0fec03b18931,48507e1a-32df-4552-9448-3b345760b75f,Cesta na Vevče,105
b59656a4-b6e7-4b87-977c-078c59088a50,aa42017d-812a-4175-bc9b-0fec03b18931,cee2862b-9b70-4880-8fa3-16c6d2efae1b,AMZS,74
b59656a4-b6e7-4b87-977c-078c59088a50,aa42017d-812a-4175-bc9b-0fec03b18931,295616c0-387b-4f60-a337-7743cd6be04e,Bavarski dvor,537
b59656a4-b6e7-4b87-977c-078c59088a50,aa42017d-812a-4175-bc9b-0fec03b18931,c87db9be-1fba-4102-a743-0ee4317dd5af,Bavarski dvor,33
b59656a4-b6e7-4b87-977c-078c59088a50,aa42017d-812a-4175-bc9b-0fec03b18931,cee2862b-9b70-4880-8fa3-16c6d2efae1b,AMZS,146
b59656a4-b6e7-4b87-977c-078c59088a50,aa42017d-812a-4175-bc9b-0fec03b18931,2ec182e2-769f-427f-b9b5-c4118890cb96,Stožice,101
b59656a4-b6e7-4b87-977c-078c59088a50,aa42017d-812a-4175-bc9b-0fec03b18931,a0b1fb90-3f6a-4231-910a-18be192ac762,Flajšmanova,76
b59656a4-b6e7-4b87-977c-078c59088a50,aa42017d-812a-4175-bc9b-0fec03b18931,5de84f88-3f32-4636-8c30-03cc267ecf37,Podvozna pot,300
b59656a4-b6e7-4b87-977c-078c59088a50,aa42017d-812a-4175-bc9b-0fec03b18931,c87db9be-1fba-4102-a743-0ee4317dd5af,Bavarski dvor,256
b59656a4-b6e7-4b87-977c-078c59088a50,aa42017d-812a-4175-bc9b-0fec03b18931,6c56976b-4ae1-429f-bcab-0cfc37e3580d,Zgornji log,41
b59656a4-b6e7-4b87-977c-078c59088a50,aa42017d-812a-4175-bc9b-0fec03b18931,c87db9be-1fba-4102-a743-0ee4317dd5af,Bavarski dvor,49
b59656a4-b6e7-4b87-977c-078c59088a50,aa42017d-812a-4175-bc9b-0fec03b18931,c87db9be-1fba-4102-a743-0ee4317dd5af,Bavarski dvor,490
b59656a4-b6e7-4b87-977c-078c59088a50,aa42017d-812a-4175-bc9b-0fec03b18931,295616c0-387b-4f60-a337-7743cd6be04e,Bavarski dvor,73
b59656a4-b6e7-4b87-977c-078c59088a50,aa42017d-812a-4175-bc9b-0fec03b18931,c87db9be-1fba-4102-a743-0ee4317dd5af,Bavarski dvor,270
b59656a4-b6e7-4b87-977c-078c59088a50,aa42017d-812a-4175-bc9b-0fec03b18931,1b3ddeca-a066-43ee-9ae5-8339628129c2,Žale,129
b59656a4-b6e7-4b87-977c-078c59088a50,aa42017d-812a-4175-bc9b-0fec03b18931,c22879e5-8e90-4540-9a74-5f139208e492,Friškovec,62
b59656a4-b6e7-4b87-977c-078c59088a50,aa42017d-812a-4175-bc9b-0fec03b18931,a0b1fb90-3f6a-4231-910a-18be192ac762,Flajšmanova,426
b59656a4-b6e7-4b87-977c-078c59088a50,aa42017d-812a-4175-bc9b-0fec03b18931,b59656a4-b6e7-4b87-977c-078c59088a50,Hajdrihova,30
b59656a4-b6e7-4b87-977c-078c59088a50,aa42017d-812a-4175-bc9b-0fec03b18931,c22879e5-8e90-4540-9a74-5f139208e492,Friškovec,51
b59656a4-b6e7-4b87-977c-078c59088a50,aa42017d-812a-4175-bc9b-0fec03b18931,fef200e9-4d98-425b-ab14-8110e2aa85d7,Drama,55
b59656a4-b6e7-4b87-977c-078c59088a50,aa42017d-812a-4175-bc9b-0fec03b18931,5d7f28a6-2a2a-4333-aa06-48edfb652f86,Pošta,216
b59656a4-b6e7-4b87-977c-078c59088a50,aa42017d-812a-4175-bc9b-0fec03b18931,7fad8003-fb10-489d-bf8d-6d433310ad90,Nove Jarše,224
b59656a4-b6e7-4b87-977c-078c59088a50,aa42017d-812a-4175-bc9b-0fec03b18931,717dda7e-d793-4697-8f60-b64ee8b1edc4,Gosposvetska,264
b59656a4-b6e7-4b87-977c-078c59088a50,aa42017d-812a-4175-bc9b-0fec03b18931,295616c0-387b-4f60-a337-7743cd6be04e,Bavarski dvor,169
b59656a4-b6e7-4b87-977c-078c59088a50,aa42017d-812a-4175-bc9b-0fec03b18931,484b5c91-1220-43ba-af79-84e712fcc46b,Slovenija avto,197
b59656a4-b6e7-4b87-977c-078c59088a50,aa42017d-812a-4175-bc9b-0fec03b18931,5d7f28a6-2a2a-4333-aa06-48edfb652f86,Pošta,256
b59656a4-b6e7-4b87-977c-078c59088a50,aa42017d-812a-4175-bc9b-0fec03b18931,5d7f28a6-2a2a-4333-aa06-48edfb652f86,Pošta,38
b59656a4-b6e7-4b87-977c-078c59088a50,aa42017d-812a-4175-bc9b-0fec03b18931,a719a87c-4e93-4387-a6d1-2631a487f7e0,Ajdovščina,111
b59656a4-b6e7-4b87-977c-078c59088a50,aa42017d-812a-4175-bc9b-0fec03b18931,9cfac7e2-9653-4e52-a6d3-27756d27f817,Kino Šiška,130
b59656a4-b6e7-4b87-977c-078c59088a50,aa42017d-812a-4175-bc9b-0fec03b18931,fef200e9-4d98-425b-ab14-8110e2aa85d7,Drama,178
b59656a4-b6e7-4b87-977c-078c59088a50,aa42017d-812a-4175-bc9b-0fec03b18931,5d7f28a6-2a2a-4333-aa06-48edfb652f86,Pošta,162
b59656a4-b6e7-4b87-977c-078c59088a50,aa42017d-812a-4175-bc9b-0fec03b18931,N/A,N/A,660
b59656a4-b6e7-4b87-977c-078c59088a50,aa42017d-812a-4175-bc9b-0fec03b18931,295616c0-387b-4f60-a337-7743cd6be04e,Bavarski dvor,71
b59656a4-b6e7-4b87-977c-078c59088a50,aa42017d-812a-4175-bc9b-0fec03b18931,484b5c91-1220-43ba-af79-84e712fcc46b,Slovenija avto,87
b59656a4-b6e7-4b87-977c-078c59088a50,aa42017d-812a-4175-bc9b-0fec03b18931,cdabf1ea-b04c-480a-8359-72c46e6864ab,Bežigrad,341
b59656a4-b6e7-4b87-977c-078c59088a50,aa42017d-812a-4175-bc9b-0fec03b18931,7fa32ea0-e884-435a-a81c-51bbd5cedf3e,Zaloška,216
b59656a4-b6e7-4b87-977c-078c59088a50,aa42017d-812a-4175-bc9b-0fec03b18931,fef200e9-4d98-425b-ab14-8110e2aa85d7,Drama,31
b59656a4-b6e7-4b87-977c-078c59088a50,aa42017d-812a-4175-bc9b-0fec03b18931,c87db9be-1fba-4102-a743-0ee4317dd5af,Bavarski dvor,83
b59656a4-b6e7-4b87-977c-078c59088a50,aa42017d-812a-4175-bc9b-0fec03b18931,a719a87c-4e93-4387-a6d1-2631a487f7e0,Ajdovščina,157
b59656a4-b6e7-4b87-977c-078c59088a50,aa42017d-812a-4175-bc9b-0fec03b18931,f33b721f-a8a3-4aad-96f2-077da09ebaa6,Razstavišče,282
b59656a4-b6e7-4b87-977c-078c59088a50,aa42017d-812a-4175-bc9b-0fec03b18931,5d7f28a6-2a2a-4333-aa06-48edfb652f86,Pošta,318
b59656a4-b6e7-4b87-977c-078c59088a50,aa42017d-812a-4175-bc9b-0fec03b18931,c87db9be-1fba-4102-a743-0ee4317dd5af,Bavarski dvor,229
b59656a4-b6e7-4b87-977c-078c59088a50,aa42017d-812a-4175-bc9b-0fec03b18931,9b0074d2-2c92-4c01-830b-00be8e05b412,Cukrarna,208
b59656a4-b6e7-4b87-977c-078c59088a50,aa42017d-812a-4175-bc9b-0fec03b18931,295616c0-387b-4f60-a337-7743cd6be04e,Bavarski dvor,230
b59656a4-b6e7-4b87-977c-078c59088a50,aa42017d-812a-4175-bc9b-0fec03b18931,c87db9be-1fba-4102-a743-0ee4317dd5af,Bavarski dvor,231
b59656a4-b6e7-4b87-977c-078c59088a50,aa42017d-812a-4175-bc9b-0fec03b18931,5d7f28a6-2a2a-4333-aa06-48edfb652f86,Pošta,425
b59656a4-b6e7-4b87-977c-078c59088a50,aa42017d-812a-4175-bc9b-0fec03b18931,fef200e9-4d98-425b-ab14-8110e2aa85d7,Drama,116
b59656a4-b6e7-4b87-977c-078c59088a50,aa42017d-812a-4175-bc9b-0fec03b18931,295616c0-387b-4f60-a337-7743cd6be04e,Bavarski dvor,169
b59656a4-b6e7-4b87-977c-078c59088a50,aa42017d-812a-4175-bc9b-0fec03b18931,ef31a8be-b01d-44cd-95cf-3db8e918af26,Emona,385
b59656a4-b6e7-4b87-977c-078c59088a50,aa42017d-812a-4175-bc9b-0fec03b18931,f33b721f-a8a3-4aad-96f2-077da09ebaa6,Razstavišče,50
b59656a4-b6e7-4b87-977c-078c59088a50,aa42017d-812a-4175-bc9b-0fec03b18931,7fa32ea0-e884-435a-a81c-51bbd5cedf3e,Zaloška,32
b59656a4-b6e7-4b87-977c-078c59088a50,aa42017d-812a-4175-bc9b-0fec03b18931,c87db9be-1fba-4102-a743-0ee4317dd5af,Bavarski dvor,129
b59656a4-b6e7-4b87-977c-078c59088a50,aa42017d-812a-4175-bc9b-0fec03b18931,a719a87c-4e93-4387-a6d1-2631a487f7e0,Ajdovščina,201
b59656a4-b6e7-4b87-977c-078c59088a50,aa42017d-812a-4175-bc9b-0fec03b18931,7484317c-269f-425f-8118-23eedab4e5f1,Tivoli,421
b59656a4-b6e7-4b87-977c-078c59088a50,aa42017d-812a-4175-bc9b-0fec03b18931,7fa32ea0-e884-435a-a81c-51bbd5cedf3e,Zaloška,144
b59656a4-b6e7-4b87-977c-078c59088a50,aa42017d-812a-4175-bc9b-0fec03b18931,484b5c91-1220-43ba-af79-84e712fcc46b,Slovenija avto,10
b59656a4-b6e7-4b87-977c-078c59088a50,aa42017d-812a-4175-bc9b-0fec03b18931,295616c0-387b-4f60-a337-7743cd6be04e,Bavarski dvor,84
b59656a4-b6e7-4b87-977c-078c59088a50,aa42017d-812a-4175-bc9b-0fec03b18931,N/A,N/A,660
b59656a4-b6e7-4b87-977c-078c59088a50,aa42017d-812a-4175-bc9b-0fec03b18931,5d7f28a6-2a2a-4333-aa06-48edfb652f86,Pošta,54
b59656a4-b6e7-4b87-977c-078c59088a50,aa42017d-812a-4175-bc9b-0fec03b18931,f33b721f-a8a3-4aad-96f2-077da09ebaa6,Razstavišče,15
b59656a4-b6e7-4b87-977c-078c59088a50,aa42017d-812a-4175-bc9b-0fec03b18931,484b5c91-1220-43ba-af79-84e712fcc46b,Slovenija avto,141
b59656a4-b6e7-4b87-977c-078c59088a50,aa42017d-812a-4175-bc9b-0fec03b18931,5d7f28a6-2a2a-4333-aa06-48edfb652f86,Pošta,67
b59656a4-b6e7-4b87-977c-078c59088a50,aa42017d-812a-4175-bc9b-0fec03b18931,6182f8e8-c45e-4606-b4a4-d909bd44d2cc,Gornji trg,67
b59656a4-b6e7-4b87-977c-078c59088a50,aa42017d-812a-4175-bc9b-0fec03b18931,5d7f28a6-2a2a-4333-aa06-48edfb652f86,Pošta,62
b59656a4-b6e7-4b87-977c-078c59088a50,aa42017d-812a-4175-bc9b-0fec03b18931,1b3ddeca-a066-43ee-9ae5-8339628129c2,Žale,79
b59656a4-b6e7-4b87-977c-078c59088a50,aa42017d-812a-4175-bc9b-0fec03b18931,8598b85d-3e1d-4767-b72f-0c209038841f,Štepanja vas,172
b59656a4-b6e7-4b87-977c-078c59088a50,aa42017d-812a-4175-bc9b-0fec03b18931,48b163cd-b819-4849-aee1-8b1da77657ab,Šentvid,9
b59656a4-b6e7-4b87-977c-078c59088a50,aa42017d-812a-4175-bc9b-0fec03b18931,fef200e9-4d98-425b-ab14-8110e2aa85d7,Drama,13
b59656a4-b6e7-4b87-977c-078c59088a50,aa42017d-812a-4175-bc9b-0fec03b18931,093afa81-b65f-4182-bac3-afbc00558a9b,Koseze,159
b59656a4-b6e7-4b87-977c-078c59088a50,aa42017d-812a-4175-bc9b-0fec03b18931,a719a87c-4e93-4387-a6d1-2631a487f7e0,Ajdovščina,59
b59656a4-b6e7-4b87-977c-078c59088a50,aa42017d-812a-4175-bc9b-0fec03b18931,cdabf1ea-b04c-480a-8359-72c46e6864ab,Bežigrad,319
b59656a4-b6e7-4b87-977c-078c59088a50,aa42017d-812a-4175-bc9b-0fec03b18931,5d7f28a6-2a2a-4333-aa06-48edfb652f86,Pošta,38
b59656a4-b6e7-4b87-977c-078c59088a50,aa42017d-812a-4175-bc9b-0fec03b18931,a719a87c-4e93-4387-a6d1-2631a487f7e0,Ajdovščina,51
b59656a4-b6e7-4b87-977c-078c59088a50,aa42017d-812a-4175-bc9b-0fec03b18931,6a89c110-a0f8-4b1a-87f0-33f49c0a658e,Šola Jarše,80
b59656a4-b6e7-4b87-977c-078c59088a50,aa42017d-812a-4175-bc9b-0fec03b18931,db13a26e-19d4-4b8a-a78a-01ef25d58834,Ježica,82
b59656a4-b6e7-4b87-977c-078c59088a50,aa42017d-812a-4175-bc9b-0fec03b18931,295616c0-387b-4f60-a337-7743cd6be04e,Bavarski dvor,40
b59656a4-b6e7-4b87-977c-078c59088a50,aa42017d-812a-4175-bc9b-0fec03b18931,1ce1c3a8-e0f6-4f90-b1aa-1448759d8b3c,Astra,36
b59656a4-b6e7-4b87-977c-078c59088a50,aa42017d-812a-4175-bc9b-0fec03b18931,a719a87c-4e93-4387-a6d1-2631a487f7e0,Ajdovščina,28
b59656a4-b6e7-4b87-977c-078c59088a50,aa42017d-812a-4175-bc9b-0fec03b18931,f33b721f-a8a3-4aad-96f2-077da09ebaa6,Razstavišče,376
b59656a4-b6e7-4b87-977c-078c59088a50,aa42017d-812a-4175-bc9b-0fec03b18931,295616c0-387b-4f60-a337-7743cd6be04e,Bavarski dvor,32
b59656a4-b6e7-4b87-977c-078c59088a50,aa42017d-812a-4175-bc9b-0fec03b18931,a719a87c-4e93-4387-a6d1-2631a487f7e0,Ajdovščina,322
b59656a4-b6e7-4b87-977c-078c59088a50,aa42017d-812a-4175-bc9b-0fec03b18931,484b5c91-1220-43ba-af79-84e712fcc46b,Slovenija avto,140
b59656a4-b6e7-4b87-977c-078c59088a50,aa42017d-812a-4175-bc9b-0fec03b18931,f33b721f-a8a3-4aad-96f2-077da09ebaa6,Razstavišče,251
b59656a4-b6e7-4b87-977c-078c59088a50,aa42017d-812a-4175-bc9b-0fec03b18931,c87db9be-1fba-4102-a743-0ee4317dd5af,Bavarski dvor,59
b59656a4-b6e7-4b87-977c-078c59088a50,aa42017d-812a-4175-bc9b-0fec03b18931,5d7f28a6-2a2a-4333-aa06-48edfb652f86,Pošta,249
b59656a4-b6e7-4b87-977c-078c59088a50,aa42017d-812a-4175-bc9b-0fec03b18931,fef200e9-4d98-425b-ab14-8110e2aa85d7,Drama,26
b59656a4-b6e7-4b87-977c-078c59088a50,aa42017d-812a-4175-bc9b-0fec03b18931,a719a87c-4e93-4387-a6d1-2631a487f7e0,Ajdovščina,142
b59656a4-b6e7-4b87-977c-078c59088a50,aa42017d-812a-4175-bc9b-0fec03b18931,fef200e9-4d98-425b-ab14-8110e2aa85d7,Drama,37
b59656a4-b6e7-4b87-977c-078c59088a50,aa42017d-812a-4175-bc9b-0fec03b18931,7fa32ea0-e884-435a-a81c-51bbd5cedf3e,Zaloška,88
b59656a4-b6e7-4b87-977c-078c59088a50,aa42017d-812a-4175-bc9b-0fec03b18931,717dda7e-d793-4697-8f60-b64ee8b1edc4,Gosposvetska,495
b59656a4-b6e7-4b87-977c-078c59088a50,aa42017d-812a-4175-bc9b-0fec03b18931,N/A,N/A,660
b59656a4-b6e7-4b87-977c-078c59088a50,aa42017d-812a-4175-bc9b-0fec03b18931,ac3afe7d-a2b3-4d5d-9e6a-1d2412a3bc70,Litostrojska,199
b59656a4-b6e7-4b87-977c-078c59088a50,aa42017d-812a-4175-bc9b-0fec03b18931,5de84f88-3f32-4636-8c30-03cc267ecf37,Podvozna pot,363
b59656a4-b6e7-4b87-977c-078c59088a50,aa42017d-812a-4175-bc9b-0fec03b18931,c87db9be-1fba-4102-a743-0ee4317dd5af,Bavarski dvor,99
b59656a4-b6e7-4b87-977c-078c59088a50,aa42017d-812a-4175-bc9b-0fec03b18931,c87db9be-1fba-4102-a743-0ee4317dd5af,Bavarski dvor,30
b59656a4-b6e7-4b87-977c-078c59088a50,aa42017d-812a-4175-bc9b-0fec03b18931,295616c0-387b-4f60-a337-7743cd6be04e,Bavarski dvor,483
b59656a4-b6e7-4b87-977c-078c59088a50,aa42017d-812a-4175-bc9b-0fec03b18931,4d216485-ef41-45e7-9182-0c254644955c,Sava,89
b59656a4-b6e7-4b87-977c-078c59088a50,aa42017d-812a-4175-bc9b-0fec03b18931,7fa32ea0-e884-435a-a81c-51bbd5cedf3e,Zaloška,340
b59656a4-b6e7-4b87-977c-078c59088a50,aa42017d-812a-4175-bc9b-0fec03b18931,717c914e-f928-4671-95f6-26c1ddb95799,Cesta v Gorice,501
b59656a4-b6e7-4b87-977c-078c59088a50,aa42017d-812a-4175-bc9b-0fec03b18931,fef200e9-4d98-425b-ab14-8110e2aa85d7,Drama,15
b59656a4-b6e7-4b87-977c-078c59088a50,aa42017d-812a-4175-bc9b-0fec03b18931,717dda7e-d793-4697-8f60-b64ee8b1edc4,Gosposvetska,35
b59656a4-b6e7-4b87-977c-078c59088a50,aa42017d-812a-4175-bc9b-0fec03b18931,a719a87c-4e93-4387-a6d1-2631a487f7e0,Ajdovščina,185
b59656a4-b6e7-4b87-977c-078c59088a50,aa42017d-812a-4175-bc9b-0fec03b18931,c87db9be-1fba-4102-a743-0ee4317dd5af,Bavarski dvor,343
b59656a4-b6e7-4b87-977c-078c59088a50,aa42017d-812a-4175-bc9b-0fec03b18931,295616c0-387b-4f60-a337-7743cd6be04e,Bavarski dvor,13
b59656a4-b6e7-4b87-977c-078c59088a50,aa42017d-812a-4175-bc9b-0fec03b18931,a719a87c-4e93-4387-a6d1-2631a487f7e0,Ajdovščina,49
b59656a4-b6e7-4b87-977c-078c59088a50,aa42017d-812a-4175-bc9b-0fec03b18931,7bcbdcaa-00b9-47d4-8982-09da26cd7bcb,Zaloška,145
b59656a4-b6e7-4b87-977c-078c59088a50,aa42017d-812a-4175-bc9b-0fec03b18931,717dda7e-d793-4697-8f60-b64ee8b1edc4,Gosposvetska,39
b59656a4-b6e7-4b87-977c-078c59088a50,aa42017d-812a-4175-bc9b-0fec03b18931,5de84f88-3f32-4636-8c30-03cc267ecf37,Podvozna pot,20
b59656a4-b6e7-4b87-977c-078c59088a50,aa42017d-812a-4175-bc9b-0fec03b18931,717dda7e-d793-4697-8f60-b64ee8b1edc4,Gosposvetska,157
b59656a4-b6e7-4b87-977c-078c59088a50,aa42017d-812a-4175-bc9b-0fec03b18931,c87db9be-1fba-4102-a743-0ee4317dd5af,Bavarski dvor,49
b59656a4-b6e7-4b87-977c-078c59088a50,aa42017d-812a-4175-bc9b-0fec03b18931,N/A,N/A,660
b59656a4-b6e7-4b87-977c-078c59088a50,aa42017d-812a-4175-bc9b-0fec03b18931,a2ce7e6f-0f99-443a-a973-81a0b9c60261,Astra,204
b59656a4-b6e7-4b87-977c-078c59088a50,aa42017d-812a-4175-bc9b-0fec03b18931,5d7f28a6-2a2a-4333-aa06-48edfb652f86,Pošta,366
b59656a4-b6e7-4b87-977c-078c59088a50,aa42017d-812a-4175-bc9b-0fec03b18931,b59656a4-b6e7-4b87-977c-078c59088a50,Hajdrihova,19
b59656a4-b6e7-4b87-977c-078c59088a50,aa42017d-812a-4175-bc9b-0fec03b18931,c87db9be-1fba-4102-a743-0ee4317dd5af,Bavarski dvor,216
b59656a4-b6e7-4b87-977c-078c59088a50,aa42017d-812a-4175-bc9b-0fec03b18931,c87db9be-1fba-4102-a743-0ee4317dd5af,Bavarski dvor,110
b59656a4-b6e7-4b87-977c-078c59088a50,aa42017d-812a-4175-bc9b-0fec03b18931,295616c0-387b-4f60-a337-7743cd6be04e,Bavarski dvor,240
b59656a4-b6e7-4b87-977c-078c59088a50,aa42017d-812a-4175-bc9b-0fec03b18931,6a89c110-a0f8-4b1a-87f0-33f49c0a658e,Šola Jarše,72
b59656a4-b6e7-4b87-977c-078c59088a50,aa42017d-812a-4175-bc9b-0fec03b18931,a719a87c-4e93-4387-a6d1-2631a487f7e0,Ajdovščina,218
b59656a4-b6e7-4b87-977c-078c59088a50,aa42017d-812a-4175-bc9b-0fec03b18931,c87db9be-1fba-4102-a743-0ee4317dd5af,Bavarski dvor,261
b59656a4-b6e7-4b87-977c-078c59088a50,aa42017d-812a-4175-bc9b-0fec03b18931,c87db9be-1fba-4102-a743-0ee4317dd5af,Bavarski dvor,132
b59656a4-b6e7-4b87-977c-078c59088a50,aa42017d-812a-4175-bc9b-0fec03b18931,c87db9be-1fba-4102-a743-0ee4317dd5af,Bavarski dvor,181
b59656a4-b6e7-4b87-977c-078c59088a50,aa42017d-812a-4175-bc9b-0fec03b18931,c87db9be-1fba-4102-a743-0ee4317dd5af,Bavarski dvor,150
b59656a4-b6e7-4b87-977c-078c59088a50,aa42017d-812a-4175-bc9b-0fec03b18931,5d7f28a6-2a2a-4333-aa06-48edfb652f86,Pošta,55
b59656a4-b6e7-4b87-977c-078c59088a50,aa42017d-812a-4175-bc9b-0fec03b18931,a719a87c-4e93-4387-a6d1-2631a487f7e0,Ajdovščina,124
b59656a4-b6e7-4b87-977c-078c59088a50,aa42017d-812a-4175-bc9b-0fec03b18931,cee2862b-9b70-4880-8fa3-16c6d2efae1b,AMZS,28
b59656a4-b6e7-4b87-977c-078c59088a50,aa42017d-812a-4175-bc9b-0fec03b18931,c87db9be-1fba-4102-a743-0ee4317dd5af,Bavarski dvor,192
b59656a4-b6e7-4b87-977c-078c59088a50,aa42017d-812a-4175-bc9b-0fec03b18931,c87db9be-1fba-4102-a743-0ee4317dd5af,Bavarski dvor,42
b59656a4-b6e7-4b87-977c-078c59088a50,aa42017d-812a-4175-bc9b-0fec03b18931,295616c0-387b-4f60-a337-7743cd6be04e,Bavarski dvor,43
b59656a4-b6e7-4b87-977c-078c59088a50,aa42017d-812a-4175-bc9b-0fec03b18931,a719a87c-4e93-4387-a6d1-2631a487f7e0,Ajdovščina,48
b59656a4-b6e7-4b87-977c-078c59088a50,aa42017d-812a-4175-bc9b-0fec03b18931,c87db9be-1fba-4102-a743-0ee4317dd5af,Bavarski dvor,102
b59656a4-b6e7-4b87-977c-078c59088a50,aa42017d-812a-4175-bc9b-0fec03b18931,f33b721f-a8a3-4aad-96f2-077da09ebaa6,Razstavišče,22
b59656a4-b6e7-4b87-977c-078c59088a50,aa42017d-812a-4175-bc9b-0fec03b18931,a719a87c-4e93-4387-a6d1-2631a487f7e0,Ajdovščina,173
b59656a4-b6e7-4b87-977c-078c59088a50,aa42017d-812a-4175-bc9b-0fec03b18931,N/A,N/A,660
b59656a4-b6e7-4b87-977c-078c59088a50,aa42017d-812a-4175-bc9b-0fec03b18931,a719a87c-4e93-4387-a6d1-2631a487f7e0,Ajdovščina,160
b59656a4-b6e7-4b87-977c-078c59088a50,aa42017d-812a-4175-bc9b-0fec03b18931,fef200e9-4d98-425b-ab14-8110e2aa85d7,Drama,90
b59656a4-b6e7-4b87-977c-078c59088a50,aa42017d-812a-4175-bc9b-0fec03b18931,295616c0-387b-4f60-a337-7743cd6be04e,Bavarski dvor,218
b59656a4-b6e7-4b87-977c-078c59088a50,aa42017d-812a-4175-bc9b-0fec03b18931,fef200e9-4d98-425b-ab14-8110e2aa85d7,Drama,99
b59656a4-b6e7-4b87-977c-078c59088a50,aa42017d-812a-4175-bc9b-0fec03b18931,295616c0-387b-4f60-a337-7743cd6be04e,Bavarski dvor,81
b59656a4-b6e7-4b87-977c-078c59088a50,aa42017d-812a-4175-bc9b-0fec03b18931,fef200e9-4d98-425b-ab14-8110e2aa85d7,Drama,229
b59656a4-b6e7-4b87-977c-078c59088a50,aa42017d-812a-4175-bc9b-0fec03b18931,f33b721f-a8a3-4aad-96f2-077da09ebaa6,Razstavišče,30
b59656a4-b6e7-4b87-977c-078c59088a50,aa42017d-812a-4175-bc9b-0fec03b18931,N/A,N/A,660
b59656a4-b6e7-4b87-977c-078c59088a50,aa42017d-812a-4175-bc9b-0fec03b18931,f4cfd904-bd11-4247-95df-32c4555a930f,Klinični center,25
b59656a4-b6e7-4b87-977c-078c59088a50,aa42017d-812a-4175-bc9b-0fec03b18931,6a89c110-a0f8-4b1a-87f0-33f49c0a658e,Šola Jarše,122
b59656a4-b6e7-4b87-977c-078c59088a50,aa42017d-812a-4175-bc9b-0fec03b18931,fef200e9-4d98-425b-ab14-8110e2aa85d7,Drama,361
b59656a4-b6e7-4b87-977c-078c59088a50,aa42017d-812a-4175-bc9b-0fec03b18931,fef200e9-4d98-425b-ab14-8110e2aa85d7,Drama,230
b59656a4-b6e7-4b87-977c-078c59088a50,aa42017d-812a-4175-bc9b-0fec03b18931,5d7f28a6-2a2a-4333-aa06-48edfb652f86,Pošta,217
b59656a4-b6e7-4b87-977c-078c59088a50,aa42017d-812a-4175-bc9b-0fec03b18931,295616c0-387b-4f60-a337-7743cd6be04e,Bavarski dvor,155
b59656a4-b6e7-4b87-977c-078c59088a50,aa42017d-812a-4175-bc9b-0fec03b18931,c87db9be-1fba-4102-a743-0ee4317dd5af,Bavarski dvor,391
b59656a4-b6e7-4b87-977c-078c59088a50,aa42017d-812a-4175-bc9b-0fec03b18931,dfde6478-02b5-471b-a470-29cb0e84542f,Slovenija avto,221
b59656a4-b6e7-4b87-977c-078c59088a50,aa42017d-812a-4175-bc9b-0fec03b18931,7bcbdcaa-00b9-47d4-8982-09da26cd7bcb,Zaloška,296
b59656a4-b6e7-4b87-977c-078c59088a50,aa42017d-812a-4175-bc9b-0fec03b18931,cdabf1ea-b04c-480a-8359-72c46e6864ab,Bežigrad,372
b59656a4-b6e7-4b87-977c-078c59088a50,aa42017d-812a-4175-bc9b-0fec03b18931,c87db9be-1fba-4102-a743-0ee4317dd5af,Bavarski dvor,15
b59656a4-b6e7-4b87-977c-078c59088a50,aa42017d-812a-4175-bc9b-0fec03b18931,fef200e9-4d98-425b-ab14-8110e2aa85d7,Drama,77
b59656a4-b6e7-4b87-977c-078c59088a50,aa42017d-812a-4175-bc9b-0fec03b18931,f33b721f-a8a3-4aad-96f2-077da09ebaa6,Razstavišče,205
b59656a4-b6e7-4b87-977c-078c59088a50,aa42017d-812a-4175-bc9b-0fec03b18931,6a89c110-a0f8-4b1a-87f0-33f49c0a658e,Šola Jarše,239
b59656a4-b6e7-4b87-977c-078c59088a50,aa42017d-812a-4175-bc9b-0fec03b18931,717dda7e-d793-4697-8f60-b64ee8b1edc4,Gosposvetska,195
b59656a4-b6e7-4b87-977c-078c59088a50,aa42017d-812a-4175-bc9b-0fec03b18931,fef200e9-4d98-425b-ab14-8110e2aa85d7,Drama,292
b59656a4-b6e7-4b87-977c-078c59088a50,aa42017d-812a-4175-bc9b-0fec03b18931,5d7f28a6-2a2a-4333-aa06-48edfb652f86,Pošta,78
b59656a4-b6e7-4b87-977c-078c59088a50,aa42017d-812a-4175-bc9b-0fec03b18931,9a1c4c65-df77-481f-87ad-56143f02a864,Vižmarje,103
b59656a4-b6e7-4b87-977c-078c59088a50,aa42017d-812a-4175-bc9b-0fec03b18931,fef200e9-4d98-425b-ab14-8110e2aa85d7,Drama,153
b59656a4-b6e7-4b87-977c-078c59088a50,aa42017d-812a-4175-bc9b-0fec03b18931,e6f5183b-c615-4f47-b4fb-204ee070e825,Bežigrad,35
b59656a4-b6e7-4b87-977c-078c59088a50,aa42017d-812a-4175-bc9b-0fec03b18931,6bd46cb7-9e5d-453a-878a-bcc38fb2a5f2,Sava,78
b59656a4-b6e7-4b87-977c-078c59088a50,aa42017d-812a-4175-bc9b-0fec03b18931,cdabf1ea-b04c-480a-8359-72c46e6864ab,Bežigrad,135
b59656a4-b6e7-4b87-977c-078c59088a50,aa42017d-812a-4175-bc9b-0fec03b18931,223f660b-c391-4120-bf3c-7bf06781686b,Tovorni kolodvor,282
b59656a4-b6e7-4b87-977c-078c59088a50,aa42017d-812a-4175-bc9b-0fec03b18931,609f0950-bb8c-4eaf-a931-8575b8aff1ac,Savske stolpnice,33
b59656a4-b6e7-4b87-977c-078c59088a50,aa42017d-812a-4175-bc9b-0fec03b18931,f4cfd904-bd11-4247-95df-32c4555a930f,Klinični center,32
b59656a4-b6e7-4b87-977c-078c59088a50,aa42017d-812a-4175-bc9b-0fec03b18931,6bd46cb7-9e5d-453a-878a-bcc38fb2a5f2,Sava,7
b59656a4-b6e7-4b87-977c-078c59088a50,aa42017d-812a-4175-bc9b-0fec03b18931,295616c0-387b-4f60-a337-7743cd6be04e,Bavarski dvor,105
b59656a4-b6e7-4b87-977c-078c59088a50,aa42017d-812a-4175-bc9b-0fec03b18931,f33b721f-a8a3-4aad-96f2-077da09ebaa6,Razstavišče,215
b59656a4-b6e7-4b87-977c-078c59088a50,aa42017d-812a-4175-bc9b-0fec03b18931,4d216485-ef41-45e7-9182-0c254644955c,Sava,186
b59656a4-b6e7-4b87-977c-078c59088a50,aa42017d-812a-4175-bc9b-0fec03b18931,a719a87c-4e93-4387-a6d1-2631a487f7e0,Ajdovščina,533
b59656a4-b6e7-4b87-977c-078c59088a50,aa42017d-812a-4175-bc9b-0fec03b18931,c87db9be-1fba-4102-a743-0ee4317dd5af,Bavarski dvor,83
b59656a4-b6e7-4b87-977c-078c59088a50,aa42017d-812a-4175-bc9b-0fec03b18931,7fa32ea0-e884-435a-a81c-51bbd5cedf3e,Zaloška,267
b59656a4-b6e7-4b87-977c-078c59088a50,aa42017d-812a-4175-bc9b-0fec03b18931,609f0950-bb8c-4eaf-a931-8575b8aff1ac,Savske stolpnice,204
b59656a4-b6e7-4b87-977c-078c59088a50,aa42017d-812a-4175-bc9b-0fec03b18931,48b163cd-b819-4849-aee1-8b1da77657ab,Šentvid,9
b59656a4-b6e7-4b87-977c-078c59088a50,aa42017d-812a-4175-bc9b-0fec03b18931,N/A,N/A,660
b59656a4-b6e7-4b87-977c-078c59088a50,aa42017d-812a-4175-bc9b-0fec03b18931,295616c0-387b-4f60-a337-7743cd6be04e,Bavarski dvor,46
b59656a4-b6e7-4b87-977c-078c59088a50,aa42017d-812a-4175-bc9b-0fec03b18931,fef200e9-4d98-425b-ab14-8110e2aa85d7,Drama,107
b59656a4-b6e7-4b87-977c-078c59088a50,aa42017d-812a-4175-bc9b-0fec03b18931,a719a87c-4e93-4387-a6d1-2631a487f7e0,Ajdovščina,276
b59656a4-b6e7-4b87-977c-078c59088a50,aa42017d-812a-4175-bc9b-0fec03b18931,fef200e9-4d98-425b-ab14-8110e2aa85d7,Drama,20
b59656a4-b6e7-4b87-977c-078c59088a50,aa42017d-812a-4175-bc9b-0fec03b18931,98fa3880-5936-4ec8-ba04-39c7ff9a0e6a,Stara cerkev,63
b59656a4-b6e7-4b87-977c-078c59088a50,aa42017d-812a-4175-bc9b-0fec03b18931,a0b1fb90-3f6a-4231-910a-18be192ac762,Flajšmanova,9
b59656a4-b6e7-4b87-977c-078c59088a50,aa42017d-812a-4175-bc9b-0fec03b18931,c87db9be-1fba-4102-a743-0ee4317dd5af,Bavarski dvor,19
b59656a4-b6e7-4b87-977c-078c59088a50,aa42017d-812a-4175-bc9b-0fec03b18931,c87db9be-1fba-4102-a743-0ee4317dd5af,Bavarski dvor,22
b59656a4-b6e7-4b87-977c-078c59088a50,aa42017d-812a-4175-bc9b-0fec03b18931,295616c0-387b-4f60-a337-7743cd6be04e,Bavarski dvor,268
b59656a4-b6e7-4b87-977c-078c59088a50,aa42017d-812a-4175-bc9b-0fec03b18931,295616c0-387b-4f60-a337-7743cd6be04e,Bavarski dvor,14
b59656a4-b6e7-4b87-977c-078c59088a50,aa42017d-812a-4175-bc9b-0fec03b18931,c87db9be-1fba-4102-a743-0ee4317dd5af,Bavarski dvor,182
b59656a4-b6e7-4b87-977c-078c59088a50,aa42017d-812a-4175-bc9b-0fec03b18931,48507e1a-32df-4552-9448-3b345760b75f,Cesta na Vevče,71
b59656a4-b6e7-4b87-977c-078c59088a50,aa42017d-812a-4175-bc9b-0fec03b18931,a0e0a21b-b8ce-4d76-bbc2-04e179367fee,Šola Jarše,149
b59656a4-b6e7-4b87-977c-078c59088a50,aa42017d-812a-4175-bc9b-0fec03b18931,c87db9be-1fba-4102-a743-0ee4317dd5af,Bavarski dvor,32
b59656a4-b6e7-4b87-977c-078c59088a50,aa42017d-812a-4175-bc9b-0fec03b18931,c87db9be-1fba-4102-a743-0ee4317dd5af,Bavarski dvor,20
b59656a4-b6e7-4b87-977c-078c59088a50,aa42017d-812a-4175-bc9b-0fec03b18931,f33b721f-a8a3-4aad-96f2-077da09ebaa6,Razstavišče,100
b59656a4-b6e7-4b87-977c-078c59088a50,aa42017d-812a-4175-bc9b-0fec03b18931,023d7b7a-b411-4e61-8746-b07f9e5c8f90,Ambrožev trg,98
b59656a4-b6e7-4b87-977c-078c59088a50,aa42017d-812a-4175-bc9b-0fec03b18931,5de84f88-3f32-4636-8c30-03cc267ecf37,Podvozna pot,195
b59656a4-b6e7-4b87-977c-078c59088a50,aa42017d-812a-4175-bc9b-0fec03b18931,98fa3880-5936-4ec8-ba04-39c7ff9a0e6a,Stara cerkev,92
b59656a4-b6e7-4b87-977c-078c59088a50,aa42017d-812a-4175-bc9b-0fec03b18931,5d7f28a6-2a2a-4333-aa06-48edfb652f86,Pošta,18
b59656a4-b6e7-4b87-977c-078c59088a50,aa42017d-812a-4175-bc9b-0fec03b18931,f33b721f-a8a3-4aad-96f2-077da09ebaa6,Razstavišče,228
b59656a4-b6e7-4b87-977c-078c59088a50,aa42017d-812a-4175-bc9b-0fec03b18931,295616c0-387b-4f60-a337-7743cd6be04e,Bavarski dvor,132
b59656a4-b6e7-4b87-977c-078c59088a50,aa42017d-812a-4175-bc9b-0fec03b18931,093afa81-b65f-4182-bac3-afbc00558a9b,Koseze,202
b59656a4-b6e7-4b87-977c-078c59088a50,aa42017d-812a-4175-bc9b-0fec03b18931,379bc761-04b5-4227-be76-3b870fe3e69f,Pot na Fužine,54
b59656a4-b6e7-4b87-977c-078c59088a50,aa42017d-812a-4175-bc9b-0fec03b18931,fef200e9-4d98-425b-ab14-8110e2aa85d7,Drama,164
b59656a4-b6e7-4b87-977c-078c59088a50,aa42017d-812a-4175-bc9b-0fec03b18931,1ce1c3a8-e0f6-4f90-b1aa-1448759d8b3c,Astra,429
b59656a4-b6e7-4b87-977c-078c59088a50,aa42017d-812a-4175-bc9b-0fec03b18931,a2ce7e6f-0f99-443a-a973-81a0b9c60261,Astra,124
b59656a4-b6e7-4b87-977c-078c59088a50,aa42017d-812a-4175-bc9b-0fec03b18931,fef200e9-4d98-425b-ab14-8110e2aa85d7,Drama,12
b59656a4-b6e7-4b87-977c-078c59088a50,aa42017d-812a-4175-bc9b-0fec03b18931,c87db9be-1fba-4102-a743-0ee4317dd5af,Bavarski dvor,245
b59656a4-b6e7-4b87-977c-078c59088a50,aa42017d-812a-4175-bc9b-0fec03b18931,5d7f28a6-2a2a-4333-aa06-48edfb652f86,Pošta,46
b59656a4-b6e7-4b87-977c-078c59088a50,aa42017d-812a-4175-bc9b-0fec03b18931,484b5c91-1220-43ba-af79-84e712fcc46b,Slovenija avto,22
b59656a4-b6e7-4b87-977c-078c59088a50,aa42017d-812a-4175-bc9b-0fec03b18931,fef200e9-4d98-425b-ab14-8110e2aa85d7,Drama,129
b59656a4-b6e7-4b87-977c-078c59088a50,aa42017d-812a-4175-bc9b-0fec03b18931,a719a87c-4e93-4387-a6d1-2631a487f7e0,Ajdovščina,124
b59656a4-b6e7-4b87-977c-078c59088a50,aa42017d-812a-4175-bc9b-0fec03b18931,6182f8e8-c45e-4606-b4a4-d909bd44d2cc,Gornji trg,79
b59656a4-b6e7-4b87-977c-078c59088a50,aa42017d-812a-4175-bc9b-0fec03b18931,295616c0-387b-4f60-a337-7743cd6be04e,Bavarski dvor,610
b59656a4-b6e7-4b87-977c-078c59088a50,aa42017d-812a-4175-bc9b-0fec03b18931,c22879e5-8e90-4540-9a74-5f139208e492,Friškovec,220
b59656a4-b6e7-4b87-977c-078c59088a50,aa42017d-812a-4175-bc9b-0fec03b18931,a719a87c-4e93-4387-a6d1-2631a487f7e0,Ajdovščina,51
b59656a4-b6e7-4b87-977c-078c59088a50,aa42017d-812a-4175-bc9b-0fec03b18931,a719a87c-4e93-4387-a6d1-2631a487f7e0,Ajdovščina,24
b59656a4-b6e7-4b87-977c-078c59088a50,aa42017d-812a-4175-bc9b-0fec03b18931,295616c0-387b-4f60-a337-7743cd6be04e,Bavarski dvor,405
b59656a4-b6e7-4b87-977c-078c59088a50,aa42017d-812a-4175-bc9b-0fec03b18931,aa42017d-812a-4175-bc9b-0fec03b18931,Ambrožev trg,371
b59656a4-b6e7-4b87-977c-078c59088a50,aa42017d-812a-4175-bc9b-0fec03b18931,a719a87c-4e93-4387-a6d1-2631a487f7e0,Ajdovščina,165
b59656a4-b6e7-4b87-977c-078c59088a50,aa42017d-812a-4175-bc9b-0fec03b18931,f4cfd904-bd11-4247-95df-32c4555a930f,Klinični center,255
b59656a4-b6e7-4b87-977c-078c59088a50,aa42017d-812a-4175-bc9b-0fec03b18931,295616c0-387b-4f60-a337-7743cd6be04e,Bavarski dvor,104
b59656a4-b6e7-4b87-977c-078c59088a50,aa42017d-812a-4175-bc9b-0fec03b18931,c87db9be-1fba-4102-a743-0ee4317dd5af,Bavarski dvor,575
b59656a4-b6e7-4b87-977c-078c59088a50,aa42017d-812a-4175-bc9b-0fec03b18931,9cfac7e2-9653-4e52-a6d3-27756d27f817,Kino Šiška,236
b59656a4-b6e7-4b87-977c-078c59088a50,aa42017d-812a-4175-bc9b-0fec03b18931,c87db9be-1fba-4102-a743-0ee4317dd5af,Bavarski dvor,66
b59656a4-b6e7-4b87-977c-078c59088a50,aa42017d-812a-4175-bc9b-0fec03b18931,a719a87c-4e93-4387-a6d1-2631a487f7e0,Ajdovščina,496
b59656a4-b6e7-4b87-977c-078c59088a50,aa42017d-812a-4175-bc9b-0fec03b18931,c87db9be-1fba-4102-a743-0ee4317dd5af,Bavarski dvor,114
b59656a4-b6e7-4b87-977c-078c59088a50,aa42017d-812a-4175-bc9b-0fec03b18931,9cfac7e2-9653-4e52-a6d3-27756d27f817,Kino Šiška,351
b59656a4-b6e7-4b87-977c-078c59088a50,aa42017d-812a-4175-bc9b-0fec03b18931,7fa32ea0-e884-435a-a81c-51bbd5cedf3e,Zaloška,256
b59656a4-b6e7-4b87-977c-078c59088a50,aa42017d-812a-4175-bc9b-0fec03b18931,fef200e9-4d98-425b-ab14-8110e2aa85d7,Drama,161
b59656a4-b6e7-4b87-977c-078c59088a50,aa42017d-812a-4175-bc9b-0fec03b18931,c87db9be-1fba-4102-a743-0ee4317dd5af,Bavarski dvor,244
b59656a4-b6e7-4b87-977c-078c59088a50,aa42017d-812a-4175-bc9b-0fec03b18931,a0e0a21b-b8ce-4d76-bbc2-04e179367fee,Šola Jarše,52
b59656a4-b6e7-4b87-977c-078c59088a50,aa42017d-812a-4175-bc9b-0fec03b18931,5d7f28a6-2a2a-4333-aa06-48edfb652f86,Pošta,25
b59656a4-b6e7-4b87-977c-078c59088a50,aa42017d-812a-4175-bc9b-0fec03b18931,fef200e9-4d98-425b-ab14-8110e2aa85d7,Drama,497
b59656a4-b6e7-4b87-977c-078c59088a50,aa42017d-812a-4175-bc9b-0fec03b18931,c87db9be-1fba-4102-a743-0ee4317dd5af,Bavarski dvor,109
b59656a4-b6e7-4b87-977c-078c59088a50,aa42017d-812a-4175-bc9b-0fec03b18931,1b3ddeca-a066-43ee-9ae5-8339628129c2,Žale,73
b59656a4-b6e7-4b87-977c-078c59088a50,aa42017d-812a-4175-bc9b-0fec03b18931,abc9fd26-5442-468b-93b6-4d5eb76d0f1f,BTC-Emporium,171
b59656a4-b6e7-4b87-977c-078c59088a50,aa42017d-812a-4175-bc9b-0fec03b18931,295616c0-387b-4f60-a337-7743cd6be04e,Bavarski dvor,61
b59656a4-b6e7-4b87-977c-078c59088a50,aa42017d-812a-4175-bc9b-0fec03b18931,4038e02e-f22f-4af0-ba4f-7aab855b53af,Kneza Koclja,97
b59656a4-b6e7-4b87-977c-078c59088a50,aa42017d-812a-4175-bc9b-0fec03b18931,f4cfd904-bd11-4247-95df-32c4555a930f,Klinični center,222
b59656a4-b6e7-4b87-977c-078c59088a50,aa42017d-812a-4175-bc9b-0fec03b18931,609f0950-bb8c-4eaf-a931-8575b8aff1ac,Savske stolpnice,329
b59656a4-b6e7-4b87-977c-078c59088a50,aa42017d-812a-4175-bc9b-0fec03b18931,295616c0-387b-4f60-a337-7743cd6be04e,Bavarski dvor,239
b59656a4-b6e7-4b87-977c-078c59088a50,aa42017d-812a-4175-bc9b-0fec03b18931,8589e5d1-21b4-4210-ad7a-4bf91f9a715d,Vižmarje,154
b59656a4-b6e7-4b87-977c-078c59088a50,aa42017d-812a-4175-bc9b-0fec03b18931,295616c0-387b-4f60-a337-7743cd6be04e,Bavarski dvor,194
b59656a4-b6e7-4b87-977c-078c59088a50,aa42017d-812a-4175-bc9b-0fec03b18931,c87db9be-1fba-4102-a743-0ee4317dd5af,Bavarski dvor,139
b59656a4-b6e7-4b87-977c-078c59088a50,aa42017d-812a-4175-bc9b-0fec03b18931,295616c0-387b-4f60-a337-7743cd6be04e,Bavarski dvor,513
b59656a4-b6e7-4b87-977c-078c59088a50,aa42017d-812a-4175-bc9b-0fec03b18931,484b5c91-1220-43ba-af79-84e712fcc46b,Slovenija avto,56
b59656a4-b6e7-4b87-977c-078c59088a50,aa42017d-812a-4175-bc9b-0fec03b18931,5d7f28a6-2a2a-4333-aa06-48edfb652f86,Pošta,118
b59656a4-b6e7-4b87-977c-078c59088a50,aa42017d-812a-4175-bc9b-0fec03b18931,592b37eb-8255-4758-ae8a-7cef98521013,Rogovilc,272
b59656a4-b6e7-4b87-977c-078c59088a50,aa42017d-812a-4175-bc9b-0fec03b18931,a719a87c-4e93-4387-a6d1-2631a487f7e0,Ajdovščina,108
b59656a4-b6e7-4b87-977c-078c59088a50,aa42017d-812a-4175-bc9b-0fec03b18931,295616c0-387b-4f60-a337-7743cd6be04e,Bavarski dvor,19
b59656a4-b6e7-4b87-977c-078c59088a50,aa42017d-812a-4175-bc9b-0fec03b18931,5d7f28a6-2a2a-4333-aa06-48edfb652f86,Pošta,626
b59656a4-b6e7-4b87-977c-078c59088a50,aa42017d-812a-4175-bc9b-0fec03b18931,a719a87c-4e93-4387-a6d1-2631a487f7e0,Ajdovščina,84
b59656a4-b6e7-4b87-977c-078c59088a50,aa42017d-812a-4175-bc9b-0fec03b18931,295616c0-387b-4f60-a337-7743cd6be04e,Bavarski dvor,116
b59656a4-b6e7-4b87-977c-078c59088a50,aa42017d-812a-4175-bc9b-0fec03b18931,1035c6f7-304e-4329-a3b2-4eb5d985a577,OŠ Sostro,331
b59656a4-b6e7-4b87-977c-078c59088a50,aa42017d-812a-4175-bc9b-0fec03b18931,fef200e9-4d98-425b-ab14-8110e2aa85d7,Drama,36
b59656a4-b6e7-4b87-977c-078c59088a50,aa42017d-812a-4175-bc9b-0fec03b18931,a2ce7e6f-0f99-443a-a973-81a0b9c60261,Astra,153
b59656a4-b6e7-4b87-977c-078c59088a50,aa42017d-812a-4175-bc9b-0fec03b18931,a2ce7e6f-0f99-443a-a973-81a0b9c60261,Astra,234
b59656a4-b6e7-4b87-977c-078c59088a50,aa42017d-812a-4175-bc9b-0fec03b18931,5d7f28a6-2a2a-4333-aa06-48edfb652f86,Pošta,139
b59656a4-b6e7-4b87-977c-078c59088a50,aa42017d-812a-4175-bc9b-0fec03b18931,484b5c91-1220-43ba-af79-84e712fcc46b,Slovenija avto,281
b59656a4-b6e7-4b87-977c-078c59088a50,aa42017d-812a-4175-bc9b-0fec03b18931,0b4a072e-6c2d-4c71-ab80-2b7142df81de,Tivoli,137
b59656a4-b6e7-4b87-977c-078c59088a50,aa42017d-812a-4175-bc9b-0fec03b18931,c87db9be-1fba-4102-a743-0ee4317dd5af,Bavarski dvor,3
b59656a4-b6e7-4b87-977c-078c59088a50,aa42017d-812a-4175-bc9b-0fec03b18931,86a75ffc-a78f-401f-8991-2eb0371417b2,Studenec,44
b59656a4-b6e7-4b87-977c-078c59088a50,aa42017d-812a-4175-bc9b-0fec03b18931,fef200e9-4d98-425b-ab14-8110e2aa85d7,Drama,454
b59656a4-b6e7-4b87-977c-078c59088a50,aa42017d-812a-4175-bc9b-0fec03b18931,fef200e9-4d98-425b-ab14-8110e2aa85d7,Drama,335
b59656a4-b6e7-4b87-977c-078c59088a50,aa42017d-812a-4175-bc9b-0fec03b18931,fef200e9-4d98-425b-ab14-8110e2aa85d7,Drama,47
b59656a4-b6e7-4b87-977c-078c59088a50,aa42017d-812a-4175-bc9b-0fec03b18931,1b3ddeca-a066-43ee-9ae5-8339628129c2,Žale,586
b59656a4-b6e7-4b87-977c-078c59088a50,aa42017d-812a-4175-bc9b-0fec03b18931,295616c0-387b-4f60-a337-7743cd6be04e,Bavarski dvor,85
b59656a4-b6e7-4b87-977c-078c59088a50,aa42017d-812a-4175-bc9b-0fec03b18931,a719a87c-4e93-4387-a6d1-2631a487f7e0,Ajdovščina,177
b59656a4-b6e7-4b87-977c-078c59088a50,aa42017d-812a-4175-bc9b-0fec03b18931,a719a87c-4e93-4387-a6d1-2631a487f7e0,Ajdovščina,154
b59656a4-b6e7-4b87-977c-078c59088a50,aa42017d-812a-4175-bc9b-0fec03b18931,c87db9be-1fba-4102-a743-0ee4317dd5af,Bavarski dvor,115
b59656a4-b6e7-4b87-977c-078c59088a50,aa42017d-812a-4175-bc9b-0fec03b18931,21764d19-62cc-49fd-bac9-403aeac6a6b9,Ježica,55
b59656a4-b6e7-4b87-977c-078c59088a50,aa42017d-812a-4175-bc9b-0fec03b18931,6a89c110-a0f8-4b1a-87f0-33f49c0a658e,Šola Jarše,153
b59656a4-b6e7-4b87-977c-078c59088a50,aa42017d-812a-4175-bc9b-0fec03b18931,88cdd36c-03d2-4374-a22f-110dd9f75ea0,Kajuhova,35
b59656a4-b6e7-4b87-977c-078c59088a50,aa42017d-812a-4175-bc9b-0fec03b18931,fef200e9-4d98-425b-ab14-8110e2aa85d7,Drama,403
b59656a4-b6e7-4b87-977c-078c59088a50,aa42017d-812a-4175-bc9b-0fec03b18931,aa42017d-812a-4175-bc9b-0fec03b18931,Ambrožev trg,19
b59656a4-b6e7-4b87-977c-078c59088a50,aa42017d-812a-4175-bc9b-0fec03b18931,a719a87c-4e93-4387-a6d1-2631a487f7e0,Ajdovščina,134
b59656a4-b6e7-4b87-977c-078c59088a50,aa42017d-812a-4175-bc9b-0fec03b18931,6182f8e8-c45e-4606-b4a4-d909bd44d2cc,Gornji trg,400
b59656a4-b6e7-4b87-977c-078c59088a50,aa42017d-812a-4175-bc9b-0fec03b18931,295616c0-387b-4f60-a337-7743cd6be04e,Bavarski dvor,85
b59656a4-b6e7-4b87-977c-078c59088a50,aa42017d-812a-4175-bc9b-0fec03b18931,c87db9be-1fba-4102-a743-0ee4317dd5af,Bavarski dvor,173
b59656a4-b6e7-4b87-977c-078c59088a50,aa42017d-812a-4175-bc9b-0fec03b18931,a719a87c-4e93-4387-a6d1-2631a487f7e0,Ajdovščina,85
b59656a4-b6e7-4b87-977c-078c59088a50,aa42017d-812a-4175-bc9b-0fec03b18931,9e109242-5aad-4fb7-b0c8-576eef8aa4e0,VEVČE,48
b59656a4-b6e7-4b87-977c-078c59088a50,aa42017d-812a-4175-bc9b-0fec03b18931,fef200e9-4d98-425b-ab14-8110e2aa85d7,Drama,163
b59656a4-b6e7-4b87-977c-078c59088a50,aa42017d-812a-4175-bc9b-0fec03b18931,295616c0-387b-4f60-a337-7743cd6be04e,Bavarski dvor,17
b59656a4-b6e7-4b87-977c-078c59088a50,aa42017d-812a-4175-bc9b-0fec03b18931,aa42017d-812a-4175-bc9b-0fec03b18931,Ambrožev trg,85
b59656a4-b6e7-4b87-977c-078c59088a50,aa42017d-812a-4175-bc9b-0fec03b18931,cdabf1ea-b04c-480a-8359-72c46e6864ab,Bežigrad,142
b59656a4-b6e7-4b87-977c-078c59088a50,aa42017d-812a-4175-bc9b-0fec03b18931,5d7f28a6-2a2a-4333-aa06-48edfb652f86,Pošta,213
b59656a4-b6e7-4b87-977c-078c59088a50,aa42017d-812a-4175-bc9b-0fec03b18931,c627c9f2-af02-4d83-969a-566719bb09e3,GAMELJNE,103
b59656a4-b6e7-4b87-977c-078c59088a50,aa42017d-812a-4175-bc9b-0fec03b18931,295616c0-387b-4f60-a337-7743cd6be04e,Bavarski dvor,188
b59656a4-b6e7-4b87-977c-078c59088a50,aa42017d-812a-4175-bc9b-0fec03b18931,aa42017d-812a-4175-bc9b-0fec03b18931,Ambrožev trg,59
b59656a4-b6e7-4b87-977c-078c59088a50,aa42017d-812a-4175-bc9b-0fec03b18931,1ce1c3a8-e0f6-4f90-b1aa-1448759d8b3c,Astra,110
b59656a4-b6e7-4b87-977c-078c59088a50,aa42017d-812a-4175-bc9b-0fec03b18931,7bcbdcaa-00b9-47d4-8982-09da26cd7bcb,Zaloška,254
b59656a4-b6e7-4b87-977c-078c59088a50,aa42017d-812a-4175-bc9b-0fec03b18931,cdabf1ea-b04c-480a-8359-72c46e6864ab,Bežigrad,38
b59656a4-b6e7-4b87-977c-078c59088a50,aa42017d-812a-4175-bc9b-0fec03b18931,295616c0-387b-4f60-a337-7743cd6be04e,Bavarski dvor,26
b59656a4-b6e7-4b87-977c-078c59088a50,aa42017d-812a-4175-bc9b-0fec03b18931,c87db9be-1fba-4102-a743-0ee4317dd5af,Bavarski dvor,50
b59656a4-b6e7-4b87-977c-078c59088a50,aa42017d-812a-4175-bc9b-0fec03b18931,f33b721f-a8a3-4aad-96f2-077da09ebaa6,Razstavišče,180
b59656a4-b6e7-4b87-977c-078c59088a50,aa42017d-812a-4175-bc9b-0fec03b18931,2ec182e2-769f-427f-b9b5-c4118890cb96,Stožice,178
b59656a4-b6e7-4b87-977c-078c59088a50,aa42017d-812a-4175-bc9b-0fec03b18931,717dda7e-d793-4697-8f60-b64ee8b1edc4,Gosposvetska,171
b59656a4-b6e7-4b87-977c-078c59088a50,aa42017d-812a-4175-bc9b-0fec03b18931,c87db9be-1fba-4102-a743-0ee4317dd5af,Bavarski dvor,51
b59656a4-b6e7-4b87-977c-078c59088a50,aa42017d-812a-4175-bc9b-0fec03b18931,295616c0-387b-4f60-a337-7743cd6be04e,Bavarski dvor,433
b59656a4-b6e7-4b87-977c-078c59088a50,aa42017d-812a-4175-bc9b-0fec03b18931,295616c0-387b-4f60-a337-7743cd6be04e,Bavarski dvor,17
b59656a4-b6e7-4b87-977c-078c59088a50,aa42017d-812a-4175-bc9b-0fec03b18931,fef200e9-4d98-425b-ab14-8110e2aa85d7,Drama,193
b59656a4-b6e7-4b87-977c-078c59088a50,aa42017d-812a-4175-bc9b-0fec03b18931,8598b85d-3e1d-4767-b72f-0c209038841f,Štepanja vas,20
b59656a4-b6e7-4b87-977c-078c59088a50,aa42017d-812a-4175-bc9b-0fec03b18931,7484317c-269f-425f-8118-23eedab4e5f1,Tivoli,6
b59656a4-b6e7-4b87-977c-078c59088a50,aa42017d-812a-4175-bc9b-0fec03b18931,7bcbdcaa-00b9-47d4-8982-09da26cd7bcb,Zaloška,83
b59656a4-b6e7-4b87-977c-078c59088a50,aa42017d-812a-4175-bc9b-0fec03b18931,48b163cd-b819-4849-aee1-8b1da77657ab,Šentvid,233
b59656a4-b6e7-4b87-977c-078c59088a50,aa42017d-812a-4175-bc9b-0fec03b18931,a0b1fb90-3f6a-4231-910a-18be192ac762,Flajšmanova,334
b59656a4-b6e7-4b87-977c-078c59088a50,aa42017d-812a-4175-bc9b-0fec03b18931,N/A,N/A,660
b59656a4-b6e7-4b87-977c-078c59088a50,aa42017d-812a-4175-bc9b-0fec03b18931,a719a87c-4e93-4387-a6d1-2631a487f7e0,Ajdovščina,97
b59656a4-b6e7-4b87-977c-078c59088a50,aa42017d-812a-4175-bc9b-0fec03b18931,a719a87c-4e93-4387-a6d1-2631a487f7e0,Ajdovščina,85
b59656a4-b6e7-4b87-977c-078c59088a50,aa42017d-812a-4175-bc9b-0fec03b18931,77dcd833-fa4d-4c5a-93b1-31284942e61d,Šišenska,55
b59656a4-b6e7-4b87-977c-078c59088a50,aa42017d-812a-4175-bc9b-0fec03b18931,295616c0-387b-4f60-a337-7743cd6be04e,Bavarski dvor,12
b59656a4-b6e7-4b87-977c-078c59088a50,aa42017d-812a-4175-bc9b-0fec03b18931,379bc761-04b5-4227-be76-3b870fe3e69f,Pot na Fužine,97
b59656a4-b6e7-4b87-977c-078c59088a50,aa42017d-812a-4175-bc9b-0fec03b18931,a719a87c-4e93-4387-a6d1-2631a487f7e0,Ajdovščina,230
b59656a4-b6e7-4b87-977c-078c59088a50,aa42017d-812a-4175-bc9b-0fec03b18931,c87db9be-1fba-4102-a743-0ee4317dd5af,Bavarski dvor,41
b59656a4-b6e7-4b87-977c-078c59088a50,aa42017d-812a-4175-bc9b-0fec03b18931,c87db9be-1fba-4102-a743-0ee4317dd5af,Bavarski dvor,216
b59656a4-b6e7-4b87-977c-078c59088a50,aa42017d-812a-4175-bc9b-0fec03b18931,f33b721f-a8a3-4aad-96f2-077da09ebaa6,Razstavišče,11
b59656a4-b6e7-4b87-977c-078c59088a50,aa42017d-812a-4175-bc9b-0fec03b18931,77dcd833-fa4d-4c5a-93b1-31284942e61d,Šišenska,275
b59656a4-b6e7-4b87-977c-078c59088a50,aa42017d-812a-4175-bc9b-0fec03b18931,c87db9be-1fba-4102-a743-0ee4317dd5af,Bavarski dvor,293
b59656a4-b6e7-4b87-977c-078c59088a50,aa42017d-812a-4175-bc9b-0fec03b18931,6182f8e8-c45e-4606-b4a4-d909bd44d2cc,Gornji trg,144
b59656a4-b6e7-4b87-977c-078c59088a50,aa42017d-812a-4175-bc9b-0fec03b18931,a2ce7e6f-0f99-443a-a973-81a0b9c60261,Astra,234
b59656a4-b6e7-4b87-977c-078c59088a50,aa42017d-812a-4175-bc9b-0fec03b18931,a2ce7e6f-0f99-443a-a973-81a0b9c60261,Astra,150
b59656a4-b6e7-4b87-977c-078c59088a50,aa42017d-812a-4175-bc9b-0fec03b18931,98fa3880-5936-4ec8-ba04-39c7ff9a0e6a,Stara cerkev,184
b59656a4-b6e7-4b87-977c-078c59088a50,aa42017d-812a-4175-bc9b-0fec03b18931,295616c0-387b-4f60-a337-7743cd6be04e,Bavarski dvor,169
b59656a4-b6e7-4b87-977c-078c59088a50,aa42017d-812a-4175-bc9b-0fec03b18931,cdabf1ea-b04c-480a-8359-72c46e6864ab,Bežigrad,317
b59656a4-b6e7-4b87-977c-078c59088a50,aa42017d-812a-4175-bc9b-0fec03b18931,484b5c91-1220-43ba-af79-84e712fcc46b,Slovenija avto,77
b59656a4-b6e7-4b87-977c-078c59088a50,aa42017d-812a-4175-bc9b-0fec03b18931,fef200e9-4d98-425b-ab14-8110e2aa85d7,Drama,76
b59656a4-b6e7-4b87-977c-078c59088a50,aa42017d-812a-4175-bc9b-0fec03b18931,c22879e5-8e90-4540-9a74-5f139208e492,Friškovec,182
b59656a4-b6e7-4b87-977c-078c59088a50,aa42017d-812a-4175-bc9b-0fec03b18931,98fa3880-5936-4ec8-ba04-39c7ff9a0e6a,Stara cerkev,101
b59656a4-b6e7-4b87-977c-078c59088a50,aa42017d-812a-4175-bc9b-0fec03b18931,f33b721f-a8a3-4aad-96f2-077da09ebaa6,Razstavišče,63
b59656a4-b6e7-4b87-977c-078c59088a50,aa42017d-812a-4175-bc9b-0fec03b18931,1ce1c3a8-e0f6-4f90-b1aa-1448759d8b3c,Astra,599
b59656a4-b6e7-4b87-977c-078c59088a50,aa42017d-812a-4175-bc9b-0fec03b18931,5d7f28a6-2a2a-4333-aa06-48edfb652f86,Pošta,206
b59656a4-b6e7-4b87-977c-078c59088a50,aa42017d-812a-4175-bc9b-0fec03b18931,f33b721f-a8a3-4aad-96f2-077da09ebaa6,Razstavišče,7
b59656a4-b6e7-4b87-977c-078c59088a50,aa42017d-812a-4175-bc9b-0fec03b18931,8598b85d-3e1d-4767-b72f-0c209038841f,Štepanja vas,18
b59656a4-b6e7-4b87-977c-078c59088a50,aa42017d-812a-4175-bc9b-0fec03b18931,fef200e9-4d98-425b-ab14-8110e2aa85d7,Drama,148
b59656a4-b6e7-4b87-977c-078c59088a50,aa42017d-812a-4175-bc9b-0fec03b18931,5d7f28a6-2a2a-4333-aa06-48edfb652f86,Pošta,56
b59656a4-b6e7-4b87-977c-078c59088a50,aa42017d-812a-4175-bc9b-0fec03b18931,fef200e9-4d98-425b-ab14-8110e2aa85d7,Drama,161
b59656a4-b6e7-4b87-977c-078c59088a50,aa42017d-812a-4175-bc9b-0fec03b18931,5d7f28a6-2a2a-4333-aa06-48edfb652f86,Pošta,406
b59656a4-b6e7-4b87-977c-078c59088a50,aa42017d-812a-4175-bc9b-0fec03b18931,48b163cd-b819-4849-aee1-8b1da77657ab,Šentvid,69
b59656a4-b6e7-4b87-977c-078c59088a50,aa42017d-812a-4175-bc9b-0fec03b18931,454817d3-3750-49c7-994c-14d06fd2c634,Žale,234
b59656a4-b6e7-4b87-977c-078c59088a50,aa42017d-812a-4175-bc9b-0fec03b18931,fef200e9-4d98-425b-ab14-8110e2aa85d7,Drama,79
b59656a4-b6e7-4b87-977c-078c59088a50,aa42017d-812a-4175-bc9b-0fec03b18931,N/A,N/A,660
b59656a4-b6e7-4b87-977c-078c59088a50,aa42017d-812a-4175-bc9b-0fec03b18931,N/A,N/A,660
b59656a4-b6e7-4b87-977c-078c59088a50,aa42017d-812a-4175-bc9b-0fec03b18931,c87db9be-1fba-4102-a743-0ee4317dd5af,Bavarski dvor,120
b59656a4-b6e7-4b87-977c-078c59088a50,aa42017d-812a-4175-bc9b-0fec03b18931,4d216485-ef41-45e7-9182-0c254644955c,Sava,124
b59656a4-b6e7-4b87-977c-078c59088a50,aa42017d-812a-4175-bc9b-0fec03b18931,295616c0-387b-4f60-a337-7743cd6be04e,Bavarski dvor,40
b59656a4-b6e7-4b87-977c-078c59088a50,aa42017d-812a-4175-bc9b-0fec03b18931,fef200e9-4d98-425b-ab14-8110e2aa85d7,Drama,185
b59656a4-b6e7-4b87-977c-078c59088a50,aa42017d-812a-4175-bc9b-0fec03b18931,fef200e9-4d98-425b-ab14-8110e2aa85d7,Drama,501
b59656a4-b6e7-4b87-977c-078c59088a50,aa42017d-812a-4175-bc9b-0fec03b18931,c87db9be-1fba-4102-a743-0ee4317dd5af,Bavarski dvor,164
b59656a4-b6e7-4b87-977c-078c59088a50,aa42017d-812a-4175-bc9b-0fec03b18931,77dcd833-fa4d-4c5a-93b1-31284942e61d,Šišenska,208
b59656a4-b6e7-4b87-977c-078c59088a50,aa42017d-812a-4175-bc9b-0fec03b18931,f33b721f-a8a3-4aad-96f2-077da09ebaa6,Razstavišče,153
b59656a4-b6e7-4b87-977c-078c59088a50,aa42017d-812a-4175-bc9b-0fec03b18931,98fa3880-5936-4ec8-ba04-39c7ff9a0e6a,Stara cerkev,104
b59656a4-b6e7-4b87-977c-078c59088a50,aa42017d-812a-4175-bc9b-0fec03b18931,98fa3880-5936-4ec8-ba04-39c7ff9a0e6a,Stara cerkev,136
b59656a4-b6e7-4b87-977c-078c59088a50,aa42017d-812a-4175-bc9b-0fec03b18931,fef200e9-4d98-425b-ab14-8110e2aa85d7,Drama,25
b59656a4-b6e7-4b87-977c-078c59088a50,aa42017d-812a-4175-bc9b-0fec03b18931,c87db9be-1fba-4102-a743-0ee4317dd5af,Bavarski dvor,341
b59656a4-b6e7-4b87-977c-078c59088a50,aa42017d-812a-4175-bc9b-0fec03b18931,48507e1a-32df-4552-9448-3b345760b75f,Cesta na Vevče,286
b59656a4-b6e7-4b87-977c-078c59088a50,aa42017d-812a-4175-bc9b-0fec03b18931,5d7f28a6-2a2a-4333-aa06-48edfb652f86,Pošta,38
b59656a4-b6e7-4b87-977c-078c59088a50,aa42017d-812a-4175-bc9b-0fec03b18931,8589e5d1-21b4-4210-ad7a-4bf91f9a715d,Vižmarje,17
b59656a4-b6e7-4b87-977c-078c59088a50,aa42017d-812a-4175-bc9b-0fec03b18931,N/A,N/A,660
b59656a4-b6e7-4b87-977c-078c59088a50,aa42017d-812a-4175-bc9b-0fec03b18931,a0e0a21b-b8ce-4d76-bbc2-04e179367fee,Šola Jarše,484
b59656a4-b6e7-4b87-977c-078c59088a50,aa42017d-812a-4175-bc9b-0fec03b18931,484b5c91-1220-43ba-af79-84e712fcc46b,Slovenija avto,15
b59656a4-b6e7-4b87-977c-078c59088a50,aa42017d-812a-4175-bc9b-0fec03b18931,fef200e9-4d98-425b-ab14-8110e2aa85d7,Drama,164
b59656a4-b6e7-4b87-977c-078c59088a50,aa42017d-812a-4175-bc9b-0fec03b18931,295616c0-387b-4f60-a337-7743cd6be04e,Bavarski dvor,15
b59656a4-b6e7-4b87-977c-078c59088a50,aa42017d-812a-4175-bc9b-0fec03b18931,a719a87c-4e93-4387-a6d1-2631a487f7e0,Ajdovščina,114
b59656a4-b6e7-4b87-977c-078c59088a50,aa42017d-812a-4175-bc9b-0fec03b18931,a0b1fb90-3f6a-4231-910a-18be192ac762,Flajšmanova,119
b59656a4-b6e7-4b87-977c-078c59088a50,aa42017d-812a-4175-bc9b-0fec03b18931,fef200e9-4d98-425b-ab14-8110e2aa85d7,Drama,308
b59656a4-b6e7-4b87-977c-078c59088a50,aa42017d-812a-4175-bc9b-0fec03b18931,fef200e9-4d98-425b-ab14-8110e2aa85d7,Drama,306
b59656a4-b6e7-4b87-977c-078c59088a50,aa42017d-812a-4175-bc9b-0fec03b18931,c87db9be-1fba-4102-a743-0ee4317dd5af,Bavarski dvor,597
b59656a4-b6e7-4b87-977c-078c59088a50,aa42017d-812a-4175-bc9b-0fec03b18931,fef200e9-4d98-425b-ab14-8110e2aa85d7,Drama,278
b59656a4-b6e7-4b87-977c-078c59088a50,aa42017d-812a-4175-bc9b-0fec03b18931,a719a87c-4e93-4387-a6d1-2631a487f7e0,Ajdovščina,151
b59656a4-b6e7-4b87-977c-078c59088a50,aa42017d-812a-4175-bc9b-0fec03b18931,5d7f28a6-2a2a-4333-aa06-48edfb652f86,Pošta,74
b59656a4-b6e7-4b87-977c-078c59088a50,aa42017d-812a-4175-bc9b-0fec03b18931,6bd46cb7-9e5d-453a-878a-bcc38fb2a5f2,Sava,30
b59656a4-b6e7-4b87-977c-078c59088a50,aa42017d-812a-4175-bc9b-0fec03b18931,f4cfd904-bd11-4247-95df-32c4555a930f,Klinični center,207
b59656a4-b6e7-4b87-977c-078c59088a50,aa42017d-812a-4175-bc9b-0fec03b18931,fef200e9-4d98-425b-ab14-8110e2aa85d7,Drama,89
b59656a4-b6e7-4b87-977c-078c59088a50,aa42017d-812a-4175-bc9b-0fec03b18931,ac3afe7d-a2b3-4d5d-9e6a-1d2412a3bc70,Litostrojska,37
b59656a4-b6e7-4b87-977c-078c59088a50,aa42017d-812a-4175-bc9b-0fec03b18931,5d7f28a6-2a2a-4333-aa06-48edfb652f86,Pošta,136
b59656a4-b6e7-4b87-977c-078c59088a50,aa42017d-812a-4175-bc9b-0fec03b18931,c87db9be-1fba-4102-a743-0ee4317dd5af,Bavarski dvor,16
b59656a4-b6e7-4b87-977c-078c59088a50,aa42017d-812a-4175-bc9b-0fec03b18931,77dcd833-fa4d-4c5a-93b1-31284942e61d,Šišenska,6
b59656a4-b6e7-4b87-977c-078c59088a50,aa42017d-812a-4175-bc9b-0fec03b18931,717c914e-f928-4671-95f6-26c1ddb95799,Cesta v Gorice,380
b59656a4-b6e7-4b87-977c-078c59088a50,aa42017d-812a-4175-bc9b-0fec03b18931,9cfac7e2-9653-4e52-a6d3-27756d27f817,Kino Šiška,43
b59656a4-b6e7-4b87-977c-078c59088a50,aa42017d-812a-4175-bc9b-0fec03b18931,c22879e5-8e90-4540-9a74-5f139208e492,Friškovec,157
b59656a4-b6e7-4b87-977c-078c59088a50,aa42017d-812a-4175-bc9b-0fec03b18931,0b4a072e-6c2d-4c71-ab80-2b7142df81de,Tivoli,95
b59656a4-b6e7-4b87-977c-078c59088a50,aa42017d-812a-4175-bc9b-0fec03b18931,295616c0-387b-4f60-a337-7743cd6be04e,Bavarski dvor,61
b59656a4-b6e7-4b87-977c-078c59088a50,aa42017d-812a-4175-bc9b-0fec03b18931,454817d3-3750-49c7-994c-14d06fd2c634,Žale,51
b59656a4-b6e7-4b87-977c-078c59088a50,aa42017d-812a-4175-bc9b-0fec03b18931,f33b721f-a8a3-4aad-96f2-077da09ebaa6,Razstavišče,106
b59656a4-b6e7-4b87-977c-078c59088a50,aa42017d-812a-4175-bc9b-0fec03b18931,aa42017d-812a-4175-bc9b-0fec03b18931,Ambrožev trg,48
b59656a4-b6e7-4b87-977c-078c59088a50,aa42017d-812a-4175-bc9b-0fec03b18931,fef200e9-4d98-425b-ab14-8110e2aa85d7,Drama,607
b59656a4-b6e7-4b87-977c-078c59088a50,aa42017d-812a-4175-bc9b-0fec03b18931,fef200e9-4d98-425b-ab14-8110e2aa85d7,Drama,154
b59656a4-b6e7-4b87-977c-078c59088a50,aa42017d-812a-4175-bc9b-0fec03b18931,77dcd833-fa4d-4c5a-93b1-31284942e61d,Šišenska,24
b59656a4-b6e7-4b87-977c-078c59088a50,aa42017d-812a-4175-bc9b-0fec03b18931,fef200e9-4d98-425b-ab14-8110e2aa85d7,Drama,176
b59656a4-b6e7-4b87-977c-078c59088a50,aa42017d-812a-4175-bc9b-0fec03b18931,fef200e9-4d98-425b-ab14-8110e2aa85d7,Drama,378
b59656a4-b6e7-4b87-977c-078c59088a50,aa42017d-812a-4175-bc9b-0fec03b18931,c87db9be-1fba-4102-a743-0ee4317dd5af,Bavarski dvor,117
b59656a4-b6e7-4b87-977c-078c59088a50,aa42017d-812a-4175-bc9b-0fec03b18931,c87db9be-1fba-4102-a743-0ee4317dd5af,Bavarski dvor,33
b59656a4-b6e7-4b87-977c-078c59088a50,aa42017d-812a-4175-bc9b-0fec03b18931,717dda7e-d793-4697-8f60-b64ee8b1edc4,Gosposvetska,195
b59656a4-b6e7-4b87-977c-078c59088a50,aa42017d-812a-4175-bc9b-0fec03b18931,c87db9be-1fba-4102-a743-0ee4317dd5af,Bavarski dvor,33
b59656a4-b6e7-4b87-977c-078c59088a50,aa42017d-812a-4175-bc9b-0fec03b18931,484b5c91-1220-43ba-af79-84e712fcc46b,Slovenija avto,271
b59656a4-b6e7-4b87-977c-078c59088a50,aa42017d-812a-4175-bc9b-0fec03b18931,f33b721f-a8a3-4aad-96f2-077da09ebaa6,Razstavišče,7
b59656a4-b6e7-4b87-977c-078c59088a50,aa42017d-812a-4175-bc9b-0fec03b18931,295616c0-387b-4f60-a337-7743cd6be04e,Bavarski dvor,25
b59656a4-b6e7-4b87-977c-078c59088a50,aa42017d-812a-4175-bc9b-0fec03b18931,7eb88e01-82e9-4af4-84d0-69c6ea9dc82c,Kolodvor,318
b59656a4-b6e7-4b87-977c-078c59088a50,aa42017d-812a-4175-bc9b-0fec03b18931,295616c0-387b-4f60-a337-7743cd6be04e,Bavarski dvor,215
b59656a4-b6e7-4b87-977c-078c59088a50,aa42017d-812a-4175-bc9b-0fec03b18931,c87db9be-1fba-4102-a743-0ee4317dd5af,Bavarski dvor,212
b59656a4-b6e7-4b87-977c-078c59088a50,aa42017d-812a-4175-bc9b-0fec03b18931,f14a6236-8af2-47bf-9270-432377662a63,Viadukt,159
b59656a4-b6e7-4b87-977c-078c59088a50,aa42017d-812a-4175-bc9b-0fec03b18931,484b5c91-1220-43ba-af79-84e712fcc46b,Slovenija avto,156
b59656a4-b6e7-4b87-977c-078c59088a50,aa42017d-812a-4175-bc9b-0fec03b18931,fef200e9-4d98-425b-ab14-8110e2aa85d7,Drama,94
b59656a4-b6e7-4b87-977c-078c59088a50,aa42017d-812a-4175-bc9b-0fec03b18931,f33b721f-a8a3-4aad-96f2-077da09ebaa6,Razstavišče,179
b59656a4-b6e7-4b87-977c-078c59088a50,aa42017d-812a-4175-bc9b-0fec03b18931,fef200e9-4d98-425b-ab14-8110e2aa85d7,Drama,33
b59656a4-b6e7-4b87-977c-078c59088a50,aa42017d-812a-4175-bc9b-0fec03b18931,5de84f88-3f32-4636-8c30-03cc267ecf37,Podvozna pot,80
b59656a4-b6e7-4b87-977c-078c59088a50,aa42017d-812a-4175-bc9b-0fec03b18931,fef200e9-4d98-425b-ab14-8110e2aa85d7,Drama,32
b59656a4-b6e7-4b87-977c-078c59088a50,aa42017d-812a-4175-bc9b-0fec03b18931,7bcbdcaa-00b9-47d4-8982-09da26cd7bcb,Zaloška,161
b59656a4-b6e7-4b87-977c-078c59088a50,aa42017d-812a-4175-bc9b-0fec03b18931,c87db9be-1fba-4102-a743-0ee4317dd5af,Bavarski dvor,360
b59656a4-b6e7-4b87-977c-078c59088a50,aa42017d-812a-4175-bc9b-0fec03b18931,N/A,N/A,660
b59656a4-b6e7-4b87-977c-078c59088a50,aa42017d-812a-4175-bc9b-0fec03b18931,f2b27cbd-5207-4281-8f67-6369d0c50a9b,Kodrova,61
b59656a4-b6e7-4b87-977c-078c59088a50,aa42017d-812a-4175-bc9b-0fec03b18931,4038e02e-f22f-4af0-ba4f-7aab855b53af,Kneza Koclja,307
b59656a4-b6e7-4b87-977c-078c59088a50,aa42017d-812a-4175-bc9b-0fec03b18931,5d7f28a6-2a2a-4333-aa06-48edfb652f86,Pošta,138
b59656a4-b6e7-4b87-977c-078c59088a50,aa42017d-812a-4175-bc9b-0fec03b18931,c87db9be-1fba-4102-a743-0ee4317dd5af,Bavarski dvor,304
b59656a4-b6e7-4b87-977c-078c59088a50,aa42017d-812a-4175-bc9b-0fec03b18931,fef200e9-4d98-425b-ab14-8110e2aa85d7,Drama,11
b59656a4-b6e7-4b87-977c-078c59088a50,aa42017d-812a-4175-bc9b-0fec03b18931,295616c0-387b-4f60-a337-7743cd6be04e,Bavarski dvor,206
b59656a4-b6e7-4b87-977c-078c59088a50,aa42017d-812a-4175-bc9b-0fec03b18931,6a89c110-a0f8-4b1a-87f0-33f49c0a658e,Šola Jarše,18
b59656a4-b6e7-4b87-977c-078c59088a50,aa42017d-812a-4175-bc9b-0fec03b18931,fef200e9-4d98-425b-ab14-8110e2aa85d7,Drama,78
b59656a4-b6e7-4b87-977c-078c59088a50,aa42017d-812a-4175-bc9b-0fec03b18931,fef200e9-4d98-425b-ab14-8110e2aa85d7,Drama,200
b59656a4-b6e7-4b87-977c-078c59088a50,aa42017d-812a-4175-bc9b-0fec03b18931,023d7b7a-b411-4e61-8746-b07f9e5c8f90,Ambrožev trg,101
b59656a4-b6e7-4b87-977c-078c59088a50,aa42017d-812a-4175-bc9b-0fec03b18931,c87db9be-1fba-4102-a743-0ee4317dd5af,Bavarski dvor,66
b59656a4-b6e7-4b87-977c-078c59088a50,aa42017d-812a-4175-bc9b-0fec03b18931,c87db9be-1fba-4102-a743-0ee4317dd5af,Bavarski dvor,10
b59656a4-b6e7-4b87-977c-078c59088a50,aa42017d-812a-4175-bc9b-0fec03b18931,59ee5f7d-476b-4958-a922-2040a9308f3b,Kranjčeva,181
b59656a4-b6e7-4b87-977c-078c59088a50,aa42017d-812a-4175-bc9b-0fec03b18931,a0b1fb90-3f6a-4231-910a-18be192ac762,Flajšmanova,242
b59656a4-b6e7-4b87-977c-078c59088a50,aa42017d-812a-4175-bc9b-0fec03b18931,2ec182e2-769f-427f-b9b5-c4118890cb96,Stožice,301
b59656a4-b6e7-4b87-977c-078c59088a50,aa42017d-812a-4175-bc9b-0fec03b18931,454817d3-3750-49c7-994c-14d06fd2c634,Žale,17
b59656a4-b6e7-4b87-977c-078c59088a50,aa42017d-812a-4175-bc9b-0fec03b18931,e6f5183b-c615-4f47-b4fb-204ee070e825,Bežigrad,133
b59656a4-b6e7-4b87-977c-078c59088a50,aa42017d-812a-4175-bc9b-0fec03b18931,fef200e9-4d98-425b-ab14-8110e2aa85d7,Drama,371
b59656a4-b6e7-4b87-977c-078c59088a50,aa42017d-812a-4175-bc9b-0fec03b18931,5de84f88-3f32-4636-8c30-03cc267ecf37,Podvozna pot,79
b59656a4-b6e7-4b87-977c-078c59088a50,aa42017d-812a-4175-bc9b-0fec03b18931,1ce1c3a8-e0f6-4f90-b1aa-1448759d8b3c,Astra,119
b59656a4-b6e7-4b87-977c-078c59088a50,aa42017d-812a-4175-bc9b-0fec03b18931,295616c0-387b-4f60-a337-7743cd6be04e,Bavarski dvor,26
b59656a4-b6e7-4b87-977c-078c59088a50,aa42017d-812a-4175-bc9b-0fec03b18931,592b37eb-8255-4758-ae8a-7cef98521013,Rogovilc,10
b59656a4-b6e7-4b87-977c-078c59088a50,aa42017d-812a-4175-bc9b-0fec03b18931,c87db9be-1fba-4102-a743-0ee4317dd5af,Bavarski dvor,329
b59656a4-b6e7-4b87-977c-078c59088a50,aa42017d-812a-4175-bc9b-0fec03b18931,484b5c91-1220-43ba-af79-84e712fcc46b,Slovenija avto,330
b59656a4-b6e7-4b87-977c-078c59088a50,aa42017d-812a-4175-bc9b-0fec03b18931,295616c0-387b-4f60-a337-7743cd6be04e,Bavarski dvor,70
b59656a4-b6e7-4b87-977c-078c59088a50,aa42017d-812a-4175-bc9b-0fec03b18931,f33b721f-a8a3-4aad-96f2-077da09ebaa6,Razstavišče,355
b59656a4-b6e7-4b87-977c-078c59088a50,aa42017d-812a-4175-bc9b-0fec03b18931,ecc4ae87-ae08-4b94-995c-452fdd94df7f,Privoz,119
b59656a4-b6e7-4b87-977c-078c59088a50,aa42017d-812a-4175-bc9b-0fec03b18931,c87db9be-1fba-4102-a743-0ee4317dd5af,Bavarski dvor,193
b59656a4-b6e7-4b87-977c-078c59088a50,aa42017d-812a-4175-bc9b-0fec03b18931,38b3abed-0592-407b-96c3-85a026f2e192,Dalmatinova,468
b59656a4-b6e7-4b87-977c-078c59088a50,aa42017d-812a-4175-bc9b-0fec03b18931,c22879e5-8e90-4540-9a74-5f139208e492,Friškovec,395
b59656a4-b6e7-4b87-977c-078c59088a50,aa42017d-812a-4175-bc9b-0fec03b18931,f33b721f-a8a3-4aad-96f2-077da09ebaa6,Razstavišče,127
b59656a4-b6e7-4b87-977c-078c59088a50,aa42017d-812a-4175-bc9b-0fec03b18931,a719a87c-4e93-4387-a6d1-2631a487f7e0,Ajdovščina,268
b59656a4-b6e7-4b87-977c-078c59088a50,aa42017d-812a-4175-bc9b-0fec03b18931,c87db9be-1fba-4102-a743-0ee4317dd5af,Bavarski dvor,116
b59656a4-b6e7-4b87-977c-078c59088a50,aa42017d-812a-4175-bc9b-0fec03b18931,a0b1fb90-3f6a-4231-910a-18be192ac762,Flajšmanova,5
b59656a4-b6e7-4b87-977c-078c59088a50,aa42017d-812a-4175-bc9b-0fec03b18931,a2ce7e6f-0f99-443a-a973-81a0b9c60261,Astra,219
b59656a4-b6e7-4b87-977c-078c59088a50,aa42017d-812a-4175-bc9b-0fec03b18931,7fa32ea0-e884-435a-a81c-51bbd5cedf3e,Zaloška,415
b59656a4-b6e7-4b87-977c-078c59088a50,aa42017d-812a-4175-bc9b-0fec03b18931,fef200e9-4d98-425b-ab14-8110e2aa85d7,Drama,144
b59656a4-b6e7-4b87-977c-078c59088a50,aa42017d-812a-4175-bc9b-0fec03b18931,a719a87c-4e93-4387-a6d1-2631a487f7e0,Ajdovščina,526
b59656a4-b6e7-4b87-977c-078c59088a50,aa42017d-812a-4175-bc9b-0fec03b18931,38b3abed-0592-407b-96c3-85a026f2e192,Dalmatinova,17
b59656a4-b6e7-4b87-977c-078c59088a50,aa42017d-812a-4175-bc9b-0fec03b18931,c87db9be-1fba-4102-a743-0ee4317dd5af,Bavarski dvor,268
b59656a4-b6e7-4b87-977c-078c59088a50,aa42017d-812a-4175-bc9b-0fec03b18931,c297ac70-8f43-4fbc-a8a4-366ddb883a8d,Bonifacija,93
b59656a4-b6e7-4b87-977c-078c59088a50,aa42017d-812a-4175-bc9b-0fec03b18931,f33b721f-a8a3-4aad-96f2-077da09ebaa6,Razstavišče,105
b59656a4-b6e7-4b87-977c-078c59088a50,aa42017d-812a-4175-bc9b-0fec03b18931,c87db9be-1fba-4102-a743-0ee4317dd5af,Bavarski dvor,123
b59656a4-b6e7-4b87-977c-078c59088a50,aa42017d-812a-4175-bc9b-0fec03b18931,c87db9be-1fba-4102-a743-0ee4317dd5af,Bavarski dvor,274
b59656a4-b6e7-4b87-977c-078c59088a50,aa42017d-812a-4175-bc9b-0fec03b18931,295616c0-387b-4f60-a337-7743cd6be04e,Bavarski dvor,240
b59656a4-b6e7-4b87-977c-078c59088a50,aa42017d-812a-4175-bc9b-0fec03b18931,f33b721f-a8a3-4aad-96f2-077da09ebaa6,Razstavišče,223
b59656a4-b6e7-4b87-977c-078c59088a50,aa42017d-812a-4175-bc9b-0fec03b18931,fef200e9-4d98-425b-ab14-8110e2aa85d7,Drama,86
b59656a4-b6e7-4b87-977c-078c59088a50,aa42017d-812a-4175-bc9b-0fec03b18931,295616c0-387b-4f60-a337-7743cd6be04e,Bavarski dvor,395
b59656a4-b6e7-4b87-977c-078c59088a50,aa42017d-812a-4175-bc9b-0fec03b18931,38b3abed-0592-407b-96c3-85a026f2e192,Dalmatinova,392
b59656a4-b6e7-4b87-977c-078c59088a50,aa42017d-812a-4175-bc9b-0fec03b18931,0be237aa-4b91-4d2b-ac23-0cebac975a0d,Cankarjev dom,29
b59656a4-b6e7-4b87-977c-078c59088a50,aa42017d-812a-4175-bc9b-0fec03b18931,295616c0-387b-4f60-a337-7743cd6be04e,Bavarski dvor,20
b59656a4-b6e7-4b87-977c-078c59088a50,aa42017d-812a-4175-bc9b-0fec03b18931,N/A,N/A,660
b59656a4-b6e7-4b87-977c-078c59088a50,aa42017d-812a-4175-bc9b-0fec03b18931,717dda7e-d793-4697-8f60-b64ee8b1edc4,Gosposvetska,192
b59656a4-b6e7-4b87-977c-078c59088a50,aa42017d-812a-4175-bc9b-0fec03b18931,295616c0-387b-4f60-a337-7743cd6be04e,Bavarski dvor,349
b59656a4-b6e7-4b87-977c-078c59088a50,aa42017d-812a-4175-bc9b-0fec03b18931,fef200e9-4d98-425b-ab14-8110e2aa85d7,Drama,148
b59656a4-b6e7-4b87-977c-078c59088a50,aa42017d-812a-4175-bc9b-0fec03b18931,1b3ddeca-a066-43ee-9ae5-8339628129c2,Žale,6
b59656a4-b6e7-4b87-977c-078c59088a50,aa42017d-812a-4175-bc9b-0fec03b18931,a7094427-e180-4deb-acaf-5d4488326e9e,ZADOBROVA,112
b59656a4-b6e7-4b87-977c-078c59088a50,aa42017d-812a-4175-bc9b-0fec03b18931,f33b721f-a8a3-4aad-96f2-077da09ebaa6,Razstavišče,48
b59656a4-b6e7-4b87-977c-078c59088a50,aa42017d-812a-4175-bc9b-0fec03b18931,cdabf1ea-b04c-480a-8359-72c46e6864ab,Bežigrad,93
b59656a4-b6e7-4b87-977c-078c59088a50,aa42017d-812a-4175-bc9b-0fec03b18931,6182f8e8-c45e-4606-b4a4-d909bd44d2cc,Gornji trg,619
b59656a4-b6e7-4b87-977c-078c59088a50,aa42017d-812a-4175-bc9b-0fec03b18931,5de84f88-3f32-4636-8c30-03cc267ecf37,Podvozna pot,301
b59656a4-b6e7-4b87-977c-078c59088a50,aa42017d-812a-4175-bc9b-0fec03b18931,7fa32ea0-e884-435a-a81c-51bbd5cedf3e,Zaloška,294
b59656a4-b6e7-4b87-977c-078c59088a50,aa42017d-812a-4175-bc9b-0fec03b18931,cee2862b-9b70-4880-8fa3-16c6d2efae1b,AMZS,5
b59656a4-b6e7-4b87-977c-078c59088a50,aa42017d-812a-4175-bc9b-0fec03b18931,2ec182e2-769f-427f-b9b5-c4118890cb96,Stožice,91
b59656a4-b6e7-4b87-977c-078c59088a50,aa42017d-812a-4175-bc9b-0fec03b18931,a719a87c-4e93-4387-a6d1-2631a487f7e0,Ajdovščina,24
b59656a4-b6e7-4b87-977c-078c59088a50,aa42017d-812a-4175-bc9b-0fec03b18931,88cdd36c-03d2-4374-a22f-110dd9f75ea0,Kajuhova,166
b59656a4-b6e7-4b87-977c-078c59088a50,aa42017d-812a-4175-bc9b-0fec03b18931,c87db9be-1fba-4102-a743-0ee4317dd5af,Bavarski dvor,57
b59656a4-b6e7-4b87-977c-078c59088a50,aa42017d-812a-4175-bc9b-0fec03b18931,7fad8003-fb10-489d-bf8d-6d433310ad90,Nove Jarše,353
b59656a4-b6e7-4b87-977c-078c59088a50,aa42017d-812a-4175-bc9b-0fec03b18931,dfde6478-02b5-471b-a470-29cb0e84542f,Slovenija avto,123
b59656a4-b6e7-4b87-977c-078c59088a50,aa42017d-812a-4175-bc9b-0fec03b18931,f33b721f-a8a3-4aad-96f2-077da09ebaa6,Razstavišče,77
b59656a4-b6e7-4b87-977c-078c59088a50,aa42017d-812a-4175-bc9b-0fec03b18931,7fad8003-fb10-489d-bf8d-6d433310ad90,Nove Jarše,281
b59656a4-b6e7-4b87-977c-078c59088a50,aa42017d-812a-4175-bc9b-0fec03b18931,21764d19-62cc-49fd-bac9-403aeac6a6b9,Ježica,84
b59656a4-b6e7-4b87-977c-078c59088a50,aa42017d-812a-4175-bc9b-0fec03b18931,f33b721f-a8a3-4aad-96f2-077da09ebaa6,Razstavišče,17
b59656a4-b6e7-4b87-977c-078c59088a50,aa42017d-812a-4175-bc9b-0fec03b18931,717dda7e-d793-4697-8f60-b64ee8b1edc4,Gosposvetska,17
b59656a4-b6e7-4b87-977c-078c59088a50,aa42017d-812a-4175-bc9b-0fec03b18931,c87db9be-1fba-4102-a743-0ee4317dd5af,Bavarski dvor,11
b59656a4-b6e7-4b87-977c-078c59088a50,aa42017d-812a-4175-bc9b-0fec03b18931,e6f5183b-c615-4f47-b4fb-204ee070e825,Bežigrad,246
b59656a4-b6e7-4b87-977c-078c59088a50,aa42017d-812a-4175-bc9b-0fec03b18931,5d7f28a6-2a2a-4333-aa06-48edfb652f86,Pošta,285
b59656a4-b6e7-4b87-977c-078c59088a50,aa42017d-812a-4175-bc9b-0fec03b18931,295616c0-387b-4f60-a337-7743cd6be04e,Bavarski dvor,44
b59656a4-b6e7-4b87-977c-078c59088a50,aa42017d-812a-4175-bc9b-0fec03b18931,295616c0-387b-4f60-a337-7743cd6be04e,Bavarski dvor,422
b59656a4-b6e7-4b87-977c-078c59088a50,aa42017d-812a-4175-bc9b-0fec03b18931,c87db9be-1fba-4102-a743-0ee4317dd5af,Bavarski dvor,86
b59656a4-b6e7-4b87-977c-078c59088a50,aa42017d-812a-4175-bc9b-0fec03b18931,98fa3880-5936-4ec8-ba04-39c7ff9a0e6a,Stara cerkev,159
b59656a4-b6e7-4b87-977c-078c59088a50,aa42017d-812a-4175-bc9b-0fec03b18931,923bd774-0651-4e0a-8624-3acfb7ecd5ff,Gornje Poljane,36
b59656a4-b6e7-4b87-977c-078c59088a50,aa42017d-812a-4175-bc9b-0fec03b18931,b59656a4-b6e7-4b87-977c-078c59088a50,Hajdrihova,85
b59656a4-b6e7-4b87-977c-078c59088a50,aa42017d-812a-4175-bc9b-0fec03b18931,7fad8003-fb10-489d-bf8d-6d433310ad90,Nove Jarše,122
b59656a4-b6e7-4b87-977c-078c59088a50,aa42017d-812a-4175-bc9b-0fec03b18931,c87db9be-1fba-4102-a743-0ee4317dd5af,Bavarski dvor,12
b59656a4-b6e7-4b87-977c-078c59088a50,aa42017d-812a-4175-bc9b-0fec03b18931,fef200e9-4d98-425b-ab14-8110e2aa85d7,Drama,615
b59656a4-b6e7-4b87-977c-078c59088a50,aa42017d-812a-4175-bc9b-0fec03b18931,4ca7ae7e-380b-45e3-81de-00ffab5bb531,Yulon,489
b59656a4-b6e7-4b87-977c-078c59088a50,aa42017d-812a-4175-bc9b-0fec03b18931,c87db9be-1fba-4102-a743-0ee4317dd5af,Bavarski dvor,50
b59656a4-b6e7-4b87-977c-078c59088a50,aa42017d-812a-4175-bc9b-0fec03b18931,eb165f50-9c43-4b09-9658-469a16d3dc83,Kodeljevo,58
b59656a4-b6e7-4b87-977c-078c59088a50,aa42017d-812a-4175-bc9b-0fec03b18931,a2ce7e6f-0f99-443a-a973-81a0b9c60261,Astra,132
b59656a4-b6e7-4b87-977c-078c59088a50,aa42017d-812a-4175-bc9b-0fec03b18931,fef200e9-4d98-425b-ab14-8110e2aa85d7,Drama,225
b59656a4-b6e7-4b87-977c-078c59088a50,aa42017d-812a-4175-bc9b-0fec03b18931,295616c0-387b-4f60-a337-7743cd6be04e,Bavarski dvor,230
b59656a4-b6e7-4b87-977c-078c59088a50,aa42017d-812a-4175-bc9b-0fec03b18931,db13a26e-19d4-4b8a-a78a-01ef25d58834,Ježica,74
b59656a4-b6e7-4b87-977c-078c59088a50,aa42017d-812a-4175-bc9b-0fec03b18931,f33b721f-a8a3-4aad-96f2-077da09ebaa6,Razstavišče,98
b59656a4-b6e7-4b87-977c-078c59088a50,aa42017d-812a-4175-bc9b-0fec03b18931,fef200e9-4d98-425b-ab14-8110e2aa85d7,Drama,352
b59656a4-b6e7-4b87-977c-078c59088a50,aa42017d-812a-4175-bc9b-0fec03b18931,cdabf1ea-b04c-480a-8359-72c46e6864ab,Bežigrad,182
b59656a4-b6e7-4b87-977c-078c59088a50,aa42017d-812a-4175-bc9b-0fec03b18931,295616c0-387b-4f60-a337-7743cd6be04e,Bavarski dvor,167
b59656a4-b6e7-4b87-977c-078c59088a50,aa42017d-812a-4175-bc9b-0fec03b18931,c87db9be-1fba-4102-a743-0ee4317dd5af,Bavarski dvor,27
b59656a4-b6e7-4b87-977c-078c59088a50,aa42017d-812a-4175-bc9b-0fec03b18931,f2b27cbd-5207-4281-8f67-6369d0c50a9b,Kodrova,154
b59656a4-b6e7-4b87-977c-078c59088a50,aa42017d-812a-4175-bc9b-0fec03b18931,5de84f88-3f32-4636-8c30-03cc267ecf37,Podvozna pot,448
b59656a4-b6e7-4b87-977c-078c59088a50,aa42017d-812a-4175-bc9b-0fec03b18931,f33b721f-a8a3-4aad-96f2-077da09ebaa6,Razstavišče,266
b59656a4-b6e7-4b87-977c-078c59088a50,aa42017d-812a-4175-bc9b-0fec03b18931,a2ce7e6f-0f99-443a-a973-81a0b9c60261,Astra,347
b59656a4-b6e7-4b87-977c-078c59088a50,aa42017d-812a-4175-bc9b-0fec03b18931,c87db9be-1fba-4102-a743-0ee4317dd5af,Bavarski dvor,117
b59656a4-b6e7-4b87-977c-078c59088a50,aa42017d-812a-4175-bc9b-0fec03b18931,4e8ccfa1-b58c-4ee1-ad82-2e8a645071f3,Sostro - 2,84
b59656a4-b6e7-4b87-977c-078c59088a50,aa42017d-812a-4175-bc9b-0fec03b18931,c87db9be-1fba-4102-a743-0ee4317dd5af,Bavarski dvor,104
b59656a4-b6e7-4b87-977c-078c59088a50,aa42017d-812a-4175-bc9b-0fec03b18931,295616c0-387b-4f60-a337-7743cd6be04e,Bavarski dvor,50
b59656a4-b6e7-4b87-977c-078c59088a50,aa42017d-812a-4175-bc9b-0fec03b18931,fef200e9-4d98-425b-ab14-8110e2aa85d7,Drama,211
b59656a4-b6e7-4b87-977c-078c59088a50,aa42017d-812a-4175-bc9b-0fec03b18931,N/A,N/A,660
b59656a4-b6e7-4b87-977c-078c59088a50,aa42017d-812a-4175-bc9b-0fec03b18931,295616c0-387b-4f60-a337-7743cd6be04e,Bavarski dvor,24
b59656a4-b6e7-4b87-977c-078c59088a50,aa42017d-812a-4175-bc9b-0fec03b18931,f4cfd904-bd11-4247-95df-32c4555a930f,Klinični center,172
b59656a4-b6e7-4b87-977c-078c59088a50,aa42017d-812a-4175-bc9b-0fec03b18931,f33b721f-a8a3-4aad-96f2-077da09ebaa6,Razstavišče,17
b59656a4-b6e7-4b87-977c-078c59088a50,aa42017d-812a-4175-bc9b-0fec03b18931,717dda7e-d793-4697-8f60-b64ee8b1edc4,Gosposvetska,595
b59656a4-b6e7-4b87-977c-078c59088a50,aa42017d-812a-4175-bc9b-0fec03b18931,717dda7e-d793-4697-8f60-b64ee8b1edc4,Gosposvetska,78
b59656a4-b6e7-4b87-977c-078c59088a50,aa42017d-812a-4175-bc9b-0fec03b18931,5d7f28a6-2a2a-4333-aa06-48edfb652f86,Pošta,81
b59656a4-b6e7-4b87-977c-078c59088a50,aa42017d-812a-4175-bc9b-0fec03b18931,aa42017d-812a-4175-bc9b-0fec03b18931,Ambrožev trg,128
b59656a4-b6e7-4b87-977c-078c59088a50,aa42017d-812a-4175-bc9b-0fec03b18931,f33b721f-a8a3-4aad-96f2-077da09ebaa6,Razstavišče,202
b59656a4-b6e7-4b87-977c-078c59088a50,aa42017d-812a-4175-bc9b-0fec03b18931,c87db9be-1fba-4102-a743-0ee4317dd5af,Bavarski dvor,216
b59656a4-b6e7-4b87-977c-078c59088a50,aa42017d-812a-4175-bc9b-0fec03b18931,a0e0a21b-b8ce-4d76-bbc2-04e179367fee,Šola Jarše,125
b59656a4-b6e7-4b87-977c-078c59088a50,aa42017d-812a-4175-bc9b-0fec03b18931,cdabf1ea-b04c-480a-8359-72c46e6864ab,Bežigrad,25
b59656a4-b6e7-4b87-977c-078c59088a50,aa42017d-812a-4175-bc9b-0fec03b18931,c87db9be-1fba-4102-a743-0ee4317dd5af,Bavarski dvor,626
b59656a4-b6e7-4b87-977c-078c59088a50,aa42017d-812a-4175-bc9b-0fec03b18931,5d7f28a6-2a2a-4333-aa06-48edfb652f86,Pošta,32
b59656a4-b6e7-4b87-977c-078c59088a50,aa42017d-812a-4175-bc9b-0fec03b18931,609f0950-bb8c-4eaf-a931-8575b8aff1ac,Savske stolpnice,239
b59656a4-b6e7-4b87-977c-078c59088a50,aa42017d-812a-4175-bc9b-0fec03b18931,484b5c91-1220-43ba-af79-84e712fcc46b,Slovenija avto,360
b59656a4-b6e7-4b87-977c-078c59088a50,aa42017d-812a-4175-bc9b-0fec03b18931,a0b1fb90-3f6a-4231-910a-18be192ac762,Flajšmanova,39
b59656a4-b6e7-4b87-977c-078c59088a50,aa42017d-812a-4175-bc9b-0fec03b18931,a0e0a21b-b8ce-4d76-bbc2-04e179367fee,Šola Jarše,120
b59656a4-b6e7-4b87-977c-078c59088a50,aa42017d-812a-4175-bc9b-0fec03b18931,295616c0-387b-4f60-a337-7743cd6be04e,Bavarski dvor,429
b59656a4-b6e7-4b87-977c-078c59088a50,aa42017d-812a-4175-bc9b-0fec03b18931,fef200e9-4d98-425b-ab14-8110e2aa85d7,Drama,400
b59656a4-b6e7-4b87-977c-078c59088a50,aa42017d-812a-4175-bc9b-0fec03b18931,295616c0-387b-4f60-a337-7743cd6be04e,Bavarski dvor,42
b59656a4-b6e7-4b87-977c-078c59088a50,aa42017d-812a-4175-bc9b-0fec03b18931,77dcd833-fa4d-4c5a-93b1-31284942e61d,Šišenska,438
b59656a4-b6e7-4b87-977c-078c59088a50,aa42017d-812a-4175-bc9b-0fec03b18931,295616c0-387b-4f60-a337-7743cd6be04e,Bavarski dvor,534
b59656a4-b6e7-4b87-977c-078c59088a50,aa42017d-812a-4175-bc9b-0fec03b18931,454817d3-3750-49c7-994c-14d06fd2c634,Žale,275
b59656a4-b6e7-4b87-977c-078c59088a50,aa42017d-812a-4175-bc9b-0fec03b18931,fef200e9-4d98-425b-ab14-8110e2aa85d7,Drama,157
b59656a4-b6e7-4b87-977c-078c59088a50,aa42017d-812a-4175-bc9b-0fec03b18931,9b0074d2-2c92-4c01-830b-00be8e05b412,Cukrarna,468
b59656a4-b6e7-4b87-977c-078c59088a50,aa42017d-812a-4175-bc9b-0fec03b18931,717dda7e-d793-4697-8f60-b64ee8b1edc4,Gosposvetska,87
b59656a4-b6e7-4b87-977c-078c59088a50,aa42017d-812a-4175-bc9b-0fec03b18931,c87db9be-1fba-4102-a743-0ee4317dd5af,Bavarski dvor,5
b59656a4-b6e7-4b87-977c-078c59088a50,aa42017d-812a-4175-bc9b-0fec03b18931,4038e02e-f22f-4af0-ba4f-7aab855b53af,Kneza Koclja,175
b59656a4-b6e7-4b87-977c-078c59088a50,aa42017d-812a-4175-bc9b-0fec03b18931,a719a87c-4e93-4387-a6d1-2631a487f7e0,Ajdovščina,333
b59656a4-b6e7-4b87-977c-078c59088a50,aa42017d-812a-4175-bc9b-0fec03b18931,fef200e9-4d98-425b-ab14-8110e2aa85d7,Drama,88
b59656a4-b6e7-4b87-977c-078c59088a50,aa42017d-812a-4175-bc9b-0fec03b18931,c87db9be-1fba-4102-a743-0ee4317dd5af,Bavarski dvor,337
b59656a4-b6e7-4b87-977c-078c59088a50,aa42017d-812a-4175-bc9b-0fec03b18931,c87db9be-1fba-4102-a743-0ee4317dd5af,Bavarski dvor,116
b59656a4-b6e7-4b87-977c-078c59088a50,aa42017d-812a-4175-bc9b-0fec03b18931,295616c0-387b-4f60-a337-7743cd6be04e,Bavarski dvor,369
b59656a4-b6e7-4b87-977c-078c59088a50,aa42017d-812a-4175-bc9b-0fec03b18931,c87db9be-1fba-4102-a743-0ee4317dd5af,Bavarski dvor,69
b59656a4-b6e7-4b87-977c-078c59088a50,aa42017d-812a-4175-bc9b-0fec03b18931,484b5c91-1220-43ba-af79-84e712fcc46b,Slovenija avto,216
b59656a4-b6e7-4b87-977c-078c59088a50,aa42017d-812a-4175-bc9b-0fec03b18931,9a1c4c65-df77-481f-87ad-56143f02a864,Vižmarje,82
b59656a4-b6e7-4b87-977c-078c59088a50,aa42017d-812a-4175-bc9b-0fec03b18931,cdabf1ea-b04c-480a-8359-72c46e6864ab,Bežigrad,336
b59656a4-b6e7-4b87-977c-078c59088a50,aa42017d-812a-4175-bc9b-0fec03b18931,484b5c91-1220-43ba-af79-84e712fcc46b,Slovenija avto,11
b59656a4-b6e7-4b87-977c-078c59088a50,aa42017d-812a-4175-bc9b-0fec03b18931,a0b1fb90-3f6a-4231-910a-18be192ac762,Flajšmanova,92
b59656a4-b6e7-4b87-977c-078c59088a50,aa42017d-812a-4175-bc9b-0fec03b18931,484b5c91-1220-43ba-af79-84e712fcc46b,Slovenija avto,67
b59656a4-b6e7-4b87-977c-078c59088a50,aa42017d-812a-4175-bc9b-0fec03b18931,f33b721f-a8a3-4aad-96f2-077da09ebaa6,Razstavišče,199
b59656a4-b6e7-4b87-977c-078c59088a50,aa42017d-812a-4175-bc9b-0fec03b18931,7fa32ea0-e884-435a-a81c-51bbd5cedf3e,Zaloška,142
b59656a4-b6e7-4b87-977c-078c59088a50,aa42017d-812a-4175-bc9b-0fec03b18931,6bd46cb7-9e5d-453a-878a-bcc38fb2a5f2,Sava,11
b59656a4-b6e7-4b87-977c-078c59088a50,aa42017d-812a-4175-bc9b-0fec03b18931,e6f5183b-c615-4f47-b4fb-204ee070e825,Bežigrad,141
b59656a4-b6e7-4b87-977c-078c59088a50,aa42017d-812a-4175-bc9b-0fec03b18931,a0b1fb90-3f6a-4231-910a-18be192ac762,Flajšmanova,210
b59656a4-b6e7-4b87-977c-078c59088a50,aa42017d-812a-4175-bc9b-0fec03b18931,f33b721f-a8a3-4aad-96f2-077da09ebaa6,Razstavišče,139
b59656a4-b6e7-4b87-977c-078c59088a50,aa42017d-812a-4175-bc9b-0fec03b18931,717dda7e-d793-4697-8f60-b64ee8b1edc4,Gosposvetska,102
b59656a4-b6e7-4b87-977c-078c59088a50,aa42017d-812a-4175-bc9b-0fec03b18931,9b0074d2-2c92-4c01-830b-00be8e05b412,Cukrarna,147
b59656a4-b6e7-4b87-977c-078c59088a50,aa42017d-812a-4175-bc9b-0fec03b18931,f2b27cbd-5207-4281-8f67-6369d0c50a9b,Kodrova,234
b59656a4-b6e7-4b87-977c-078c59088a50,aa42017d-812a-4175-bc9b-0fec03b18931,47a3bd8a-72ae-4e20-b43f-10bfaf49012c,Ob sotočju,66
b59656a4-b6e7-4b87-977c-078c59088a50,aa42017d-812a-4175-bc9b-0fec03b18931,c87db9be-1fba-4102-a743-0ee4317dd5af,Bavarski dvor,73
b59656a4-b6e7-4b87-977c-078c59088a50,aa42017d-812a-4175-bc9b-0fec03b18931,c87db9be-1fba-4102-a743-0ee4317dd5af,Bavarski dvor,105
b59656a4-b6e7-4b87-977c-078c59088a50,aa42017d-812a-4175-bc9b-0fec03b18931,aa42017d-812a-4175-bc9b-0fec03b18931,Ambrožev trg,385
b59656a4-b6e7-4b87-977c-078c59088a50,aa42017d-812a-4175-bc9b-0fec03b18931,f33b721f-a8a3-4aad-96f2-077da09ebaa6,Razstavišče,29
b59656a4-b6e7-4b87-977c-078c59088a50,aa42017d-812a-4175-bc9b-0fec03b18931,eb165f50-9c43-4b09-9658-469a16d3dc83,Kodeljevo,125
b59656a4-b6e7-4b87-977c-078c59088a50,aa42017d-812a-4175-bc9b-0fec03b18931,295616c0-387b-4f60-a337-7743cd6be04e,Bavarski dvor,65
b59656a4-b6e7-4b87-977c-078c59088a50,aa42017d-812a-4175-bc9b-0fec03b18931,f33b721f-a8a3-4aad-96f2-077da09ebaa6,Razstavišče,101
b59656a4-b6e7-4b87-977c-078c59088a50,aa42017d-812a-4175-bc9b-0fec03b18931,N/A,N/A,660
b59656a4-b6e7-4b87-977c-078c59088a50,aa42017d-812a-4175-bc9b-0fec03b18931,c87db9be-1fba-4102-a743-0ee4317dd5af,Bavarski dvor,148
b59656a4-b6e7-4b87-977c-078c59088a50,aa42017d-812a-4175-bc9b-0fec03b18931,f33b721f-a8a3-4aad-96f2-077da09ebaa6,Razstavišče,105
b59656a4-b6e7-4b87-977c-078c59088a50,aa42017d-812a-4175-bc9b-0fec03b18931,c87db9be-1fba-4102-a743-0ee4317dd5af,Bavarski dvor,215
b59656a4-b6e7-4b87-977c-078c59088a50,aa42017d-812a-4175-bc9b-0fec03b18931,f2b27cbd-5207-4281-8f67-6369d0c50a9b,Kodrova,363
b59656a4-b6e7-4b87-977c-078c59088a50,aa42017d-812a-4175-bc9b-0fec03b18931,a719a87c-4e93-4387-a6d1-2631a487f7e0,Ajdovščina,249
b59656a4-b6e7-4b87-977c-078c59088a50,aa42017d-812a-4175-bc9b-0fec03b18931,484b5c91-1220-43ba-af79-84e712fcc46b,Slovenija avto,182
b59656a4-b6e7-4b87-977c-078c59088a50,aa42017d-812a-4175-bc9b-0fec03b18931,c87db9be-1fba-4102-a743-0ee4317dd5af,Bavarski dvor,8
b59656a4-b6e7-4b87-977c-078c59088a50,aa42017d-812a-4175-bc9b-0fec03b18931,295616c0-387b-4f60-a337-7743cd6be04e,Bavarski dvor,62
b59656a4-b6e7-4b87-977c-078c59088a50,aa42017d-812a-4175-bc9b-0fec03b18931,7fad8003-fb10-489d-bf8d-6d433310ad90,Nove Jarše,77
b59656a4-b6e7-4b87-977c-078c59088a50,aa42017d-812a-4175-bc9b-0fec03b18931,fef200e9-4d98-425b-ab14-8110e2aa85d7,Drama,324
b59656a4-b6e7-4b87-977c-078c59088a50,aa42017d-812a-4175-bc9b-0fec03b18931,77dcd833-fa4d-4c5a-93b1-31284942e61d,Šišenska,25
b59656a4-b6e7-4b87-977c-078c59088a50,aa42017d-812a-4175-bc9b-0fec03b18931,N/A,N/A,660
b59656a4-b6e7-4b87-977c-078c59088a50,aa42017d-812a-4175-bc9b-0fec03b18931,aa42017d-812a-4175-bc9b-0fec03b18931,Ambrožev trg,31
b59656a4-b6e7-4b87-977c-078c59088a50,aa42017d-812a-4175-bc9b-0fec03b18931,717dda7e-d793-4697-8f60-b64ee8b1edc4,Gosposvetska,15
b59656a4-b6e7-4b87-977c-078c59088a50,aa42017d-812a-4175-bc9b-0fec03b18931,f33b721f-a8a3-4aad-96f2-077da09ebaa6,Razstavišče,188
b59656a4-b6e7-4b87-977c-078c59088a50,aa42017d-812a-4175-bc9b-0fec03b18931,c87db9be-1fba-4102-a743-0ee4317dd5af,Bavarski dvor,143
b59656a4-b6e7-4b87-977c-078c59088a50,aa42017d-812a-4175-bc9b-0fec03b18931,f4cfd904-bd11-4247-95df-32c4555a930f,Klinični center,183
b59656a4-b6e7-4b87-977c-078c59088a50,aa42017d-812a-4175-bc9b-0fec03b18931,295616c0-387b-4f60-a337-7743cd6be04e,Bavarski dvor,20
b59656a4-b6e7-4b87-977c-078c59088a50,aa42017d-812a-4175-bc9b-0fec03b18931,c87db9be-1fba-4102-a743-0ee4317dd5af,Bavarski dvor,80
b59656a4-b6e7-4b87-977c-078c59088a50,aa42017d-812a-4175-bc9b-0fec03b18931,295616c0-387b-4f60-a337-7743cd6be04e,Bavarski dvor,390
b59656a4-b6e7-4b87-977c-078c59088a50,aa42017d-812a-4175-bc9b-0fec03b18931,N/A,N/A,660
b59656a4-b6e7-4b87-977c-078c59088a50,aa42017d-812a-4175-bc9b-0fec03b18931,f33b721f-a8a3-4aad-96f2-077da09ebaa6,Razstavišče,107
b59656a4-b6e7-4b87-977c-078c59088a50,aa42017d-812a-4175-bc9b-0fec03b18931,N/A,N/A,660
b59656a4-b6e7-4b87-977c-078c59088a50,aa42017d-812a-4175-bc9b-0fec03b18931,717dda7e-d793-4697-8f60-b64ee8b1edc4,Gosposvetska,376
b59656a4-b6e7-4b87-977c-078c59088a50,aa42017d-812a-4175-bc9b-0fec03b18931,5d7f28a6-2a2a-4333-aa06-48edfb652f86,Pošta,133
b59656a4-b6e7-4b87-977c-078c59088a50,aa42017d-812a-4175-bc9b-0fec03b18931,223f660b-c391-4120-bf3c-7bf06781686b,Tovorni kolodvor,9
b59656a4-b6e7-4b87-977c-078c59088a50,aa42017d-812a-4175-bc9b-0fec03b18931,295616c0-387b-4f60-a337-7743cd6be04e,Bavarski dvor,84
b59656a4-b6e7-4b87-977c-078c59088a50,aa42017d-812a-4175-bc9b-0fec03b18931,484b5c91-1220-43ba-af79-84e712fcc46b,Slovenija avto,182
b59656a4-b6e7-4b87-977c-078c59088a50,aa42017d-812a-4175-bc9b-0fec03b18931,c87db9be-1fba-4102-a743-0ee4317dd5af,Bavarski dvor,130
b59656a4-b6e7-4b87-977c-078c59088a50,aa42017d-812a-4175-bc9b-0fec03b18931,N/A,N/A,660
b59656a4-b6e7-4b87-977c-078c59088a50,aa42017d-812a-4175-bc9b-0fec03b18931,c87db9be-1fba-4102-a743-0ee4317dd5af,Bavarski dvor,45
b59656a4-b6e7-4b87-977c-078c59088a50,aa42017d-812a-4175-bc9b-0fec03b18931,48b163cd-b819-4849-aee1-8b1da77657ab,Šentvid,107
b59656a4-b6e7-4b87-977c-078c59088a50,aa42017d-812a-4175-bc9b-0fec03b18931,1b3ddeca-a066-43ee-9ae5-8339628129c2,Žale,240
b59656a4-b6e7-4b87-977c-078c59088a50,aa42017d-812a-4175-bc9b-0fec03b18931,609f0950-bb8c-4eaf-a931-8575b8aff1ac,Savske stolpnice,88
b59656a4-b6e7-4b87-977c-078c59088a50,aa42017d-812a-4175-bc9b-0fec03b18931,1ce1c3a8-e0f6-4f90-b1aa-1448759d8b3c,Astra,183
b59656a4-b6e7-4b87-977c-078c59088a50,aa42017d-812a-4175-bc9b-0fec03b18931,38b3abed-0592-407b-96c3-85a026f2e192,Dalmatinova,649
b59656a4-b6e7-4b87-977c-078c59088a50,aa42017d-812a-4175-bc9b-0fec03b18931,295616c0-387b-4f60-a337-7743cd6be04e,Bavarski dvor,348
b59656a4-b6e7-4b87-977c-078c59088a50,aa42017d-812a-4175-bc9b-0fec03b18931,a719a87c-4e93-4387-a6d1-2631a487f7e0,Ajdovščina,106
b59656a4-b6e7-4b87-977c-078c59088a50,aa42017d-812a-4175-bc9b-0fec03b18931,1b3ddeca-a066-43ee-9ae5-8339628129c2,Žale,77
b59656a4-b6e7-4b87-977c-078c59088a50,aa42017d-812a-4175-bc9b-0fec03b18931,7eb88e01-82e9-4af4-84d0-69c6ea9dc82c,Kolodvor,129
b59656a4-b6e7-4b87-977c-078c59088a50,aa42017d-812a-4175-bc9b-0fec03b18931,484b5c91-1220-43ba-af79-84e712fcc46b,Slovenija avto,71
b59656a4-b6e7-4b87-977c-078c59088a50,aa42017d-812a-4175-bc9b-0fec03b18931,a2ce7e6f-0f99-443a-a973-81a0b9c60261,Astra,99
b59656a4-b6e7-4b87-977c-078c59088a50,aa42017d-812a-4175-bc9b-0fec03b18931,1eadcdb9-60cd-47c9-8eec-527c3465a685,Polje,263
b59656a4-b6e7-4b87-977c-078c59088a50,aa42017d-812a-4175-bc9b-0fec03b18931,1b3ddeca-a066-43ee-9ae5-8339628129c2,Žale,6
b59656a4-b6e7-4b87-977c-078c59088a50,aa42017d-812a-4175-bc9b-0fec03b18931,5d7f28a6-2a2a-4333-aa06-48edfb652f86,Pošta,46
b59656a4-b6e7-4b87-977c-078c59088a50,aa42017d-812a-4175-bc9b-0fec03b18931,f33b721f-a8a3-4aad-96f2-077da09ebaa6,Razstavišče,23
b59656a4-b6e7-4b87-977c-078c59088a50,aa42017d-812a-4175-bc9b-0fec03b18931,295616c0-387b-4f60-a337-7743cd6be04e,Bavarski dvor,192
b59656a4-b6e7-4b87-977c-078c59088a50,aa42017d-812a-4175-bc9b-0fec03b18931,023d7b7a-b411-4e61-8746-b07f9e5c8f90,Ambrožev trg,404
b59656a4-b6e7-4b87-977c-078c59088a50,aa42017d-812a-4175-bc9b-0fec03b18931,77dcd833-fa4d-4c5a-93b1-31284942e61d,Šišenska,213
b59656a4-b6e7-4b87-977c-078c59088a50,aa42017d-812a-4175-bc9b-0fec03b18931,7bcbdcaa-00b9-47d4-8982-09da26cd7bcb,Zaloška,318
b59656a4-b6e7-4b87-977c-078c59088a50,aa42017d-812a-4175-bc9b-0fec03b18931,c87db9be-1fba-4102-a743-0ee4317dd5af,Bavarski dvor,211
b59656a4-b6e7-4b87-977c-078c59088a50,aa42017d-812a-4175-bc9b-0fec03b18931,38b3abed-0592-407b-96c3-85a026f2e192,Dalmatinova,136
b59656a4-b6e7-4b87-977c-078c59088a50,aa42017d-812a-4175-bc9b-0fec03b18931,7fa32ea0-e884-435a-a81c-51bbd5cedf3e,Zaloška,395
b59656a4-b6e7-4b87-977c-078c59088a50,aa42017d-812a-4175-bc9b-0fec03b18931,8c7fa045-888b-46d0-8189-6f82623bf481,Poljanska,25
b59656a4-b6e7-4b87-977c-078c59088a50,aa42017d-812a-4175-bc9b-0fec03b18931,c87db9be-1fba-4102-a743-0ee4317dd5af,Bavarski dvor,62
b59656a4-b6e7-4b87-977c-078c59088a50,aa42017d-812a-4175-bc9b-0fec03b18931,c87db9be-1fba-4102-a743-0ee4317dd5af,Bavarski dvor,146
b59656a4-b6e7-4b87-977c-078c59088a50,aa42017d-812a-4175-bc9b-0fec03b18931,c5ec5e81-2ce4-452d-bd7a-595de4f8b34f,Prušnikova,312
b59656a4-b6e7-4b87-977c-078c59088a50,aa42017d-812a-4175-bc9b-0fec03b18931,c87db9be-1fba-4102-a743-0ee4317dd5af,Bavarski dvor,26
b59656a4-b6e7-4b87-977c-078c59088a50,aa42017d-812a-4175-bc9b-0fec03b18931,f14a6236-8af2-47bf-9270-432377662a63,Viadukt,96
b59656a4-b6e7-4b87-977c-078c59088a50,aa42017d-812a-4175-bc9b-0fec03b18931,c87db9be-1fba-4102-a743-0ee4317dd5af,Bavarski dvor,304
b59656a4-b6e7-4b87-977c-078c59088a50,aa42017d-812a-4175-bc9b-0fec03b18931,fef200e9-4d98-425b-ab14-8110e2aa85d7,Drama,107
b59656a4-b6e7-4b87-977c-078c59088a50,aa42017d-812a-4175-bc9b-0fec03b18931,295616c0-387b-4f60-a337-7743cd6be04e,Bavarski dvor,575
b59656a4-b6e7-4b87-977c-078c59088a50,aa42017d-812a-4175-bc9b-0fec03b18931,a719a87c-4e93-4387-a6d1-2631a487f7e0,Ajdovščina,505
b59656a4-b6e7-4b87-977c-078c59088a50,aa42017d-812a-4175-bc9b-0fec03b18931,c5ec5e81-2ce4-452d-bd7a-595de4f8b34f,Prušnikova,182
b59656a4-b6e7-4b87-977c-078c59088a50,aa42017d-812a-4175-bc9b-0fec03b18931,2ec182e2-769f-427f-b9b5-c4118890cb96,Stožice,140
b59656a4-b6e7-4b87-977c-078c59088a50,aa42017d-812a-4175-bc9b-0fec03b18931,fef200e9-4d98-425b-ab14-8110e2aa85d7,Drama,70
b59656a4-b6e7-4b87-977c-078c59088a50,aa42017d-812a-4175-bc9b-0fec03b18931,c22879e5-8e90-4540-9a74-5f139208e492,Friškovec,249
b59656a4-b6e7-4b87-977c-078c59088a50,aa42017d-812a-4175-bc9b-0fec03b18931,48b163cd-b819-4849-aee1-8b1da77657ab,Šentvid,33
b59656a4-b6e7-4b87-977c-078c59088a50,aa42017d-812a-4175-bc9b-0fec03b18931,a719a87c-4e93-4387-a6d1-2631a487f7e0,Ajdovščina,253
b59656a4-b6e7-4b87-977c-078c59088a50,aa42017d-812a-4175-bc9b-0fec03b18931,48b163cd-b819-4849-aee1-8b1da77657ab,Šentvid,62
b59656a4-b6e7-4b87-977c-078c59088a50,aa42017d-812a-4175-bc9b-0fec03b18931,c87db9be-1fba-4102-a743-0ee4317dd5af,Bavarski dvor,194
b59656a4-b6e7-4b87-977c-078c59088a50,aa42017d-812a-4175-bc9b-0fec03b18931,cdabf1ea-b04c-480a-8359-72c46e6864ab,Bežigrad,107
b59656a4-b6e7-4b87-977c-078c59088a50,aa42017d-812a-4175-bc9b-0fec03b18931,fef200e9-4d98-425b-ab14-8110e2aa85d7,Drama,242
b59656a4-b6e7-4b87-977c-078c59088a50,aa42017d-812a-4175-bc9b-0fec03b18931,c87db9be-1fba-4102-a743-0ee4317dd5af,Bavarski dvor,147
b59656a4-b6e7-4b87-977c-078c59088a50,aa42017d-812a-4175-bc9b-0fec03b18931,9b0074d2-2c92-4c01-830b-00be8e05b412,Cukrarna,54
b59656a4-b6e7-4b87-977c-078c59088a50,aa42017d-812a-4175-bc9b-0fec03b18931,295616c0-387b-4f60-a337-7743cd6be04e,Bavarski dvor,316
b59656a4-b6e7-4b87-977c-078c59088a50,aa42017d-812a-4175-bc9b-0fec03b18931,c87db9be-1fba-4102-a743-0ee4317dd5af,Bavarski dvor,163
b59656a4-b6e7-4b87-977c-078c59088a50,aa42017d-812a-4175-bc9b-0fec03b18931,7c149b59-2bc6-45cb-95c8-69e18a0db627,Rusjanov trg,189
b59656a4-b6e7-4b87-977c-078c59088a50,aa42017d-812a-4175-bc9b-0fec03b18931,a719a87c-4e93-4387-a6d1-2631a487f7e0,Ajdovščina,65
b59656a4-b6e7-4b87-977c-078c59088a50,aa42017d-812a-4175-bc9b-0fec03b18931,a719a87c-4e93-4387-a6d1-2631a487f7e0,Ajdovščina,178
b59656a4-b6e7-4b87-977c-078c59088a50,aa42017d-812a-4175-bc9b-0fec03b18931,9b0074d2-2c92-4c01-830b-00be8e05b412,Cukrarna,243
b59656a4-b6e7-4b87-977c-078c59088a50,aa42017d-812a-4175-bc9b-0fec03b18931,717dda7e-d793-4697-8f60-b64ee8b1edc4,Gosposvetska,17
b59656a4-b6e7-4b87-977c-078c59088a50,aa42017d-812a-4175-bc9b-0fec03b18931,c87db9be-1fba-4102-a743-0ee4317dd5af,Bavarski dvor,45
b59656a4-b6e7-4b87-977c-078c59088a50,aa42017d-812a-4175-bc9b-0fec03b18931,f33b721f-a8a3-4aad-96f2-077da09ebaa6,Razstavišče,100
b59656a4-b6e7-4b87-977c-078c59088a50,aa42017d-812a-4175-bc9b-0fec03b18931,fef200e9-4d98-425b-ab14-8110e2aa85d7,Drama,127
b59656a4-b6e7-4b87-977c-078c59088a50,aa42017d-812a-4175-bc9b-0fec03b18931,5d7f28a6-2a2a-4333-aa06-48edfb652f86,Pošta,32
b59656a4-b6e7-4b87-977c-078c59088a50,aa42017d-812a-4175-bc9b-0fec03b18931,295616c0-387b-4f60-a337-7743cd6be04e,Bavarski dvor,42
b59656a4-b6e7-4b87-977c-078c59088a50,aa42017d-812a-4175-bc9b-0fec03b18931,7c149b59-2bc6-45cb-95c8-69e18a0db627,Rusjanov trg,486
b59656a4-b6e7-4b87-977c-078c59088a50,aa42017d-812a-4175-bc9b-0fec03b18931,484b5c91-1220-43ba-af79-84e712fcc46b,Slovenija avto,160
b59656a4-b6e7-4b87-977c-078c59088a50,aa42017d-812a-4175-bc9b-0fec03b18931,484b5c91-1220-43ba-af79-84e712fcc46b,Slovenija avto,227
b59656a4-b6e7-4b87-977c-078c59088a50,aa42017d-812a-4175-bc9b-0fec03b18931,c87db9be-1fba-4102-a743-0ee4317dd5af,Bavarski dvor,185
b59656a4-b6e7-4b87-977c-078c59088a50,aa42017d-812a-4175-bc9b-0fec03b18931,c5ec5e81-2ce4-452d-bd7a-595de4f8b34f,Prušnikova,215
b59656a4-b6e7-4b87-977c-078c59088a50,aa42017d-812a-4175-bc9b-0fec03b18931,295616c0-387b-4f60-a337-7743cd6be04e,Bavarski dvor,190
b59656a4-b6e7-4b87-977c-078c59088a50,aa42017d-812a-4175-bc9b-0fec03b18931,9a1c4c65-df77-481f-87ad-56143f02a864,Vižmarje,79
b59656a4-b6e7-4b87-977c-078c59088a50,aa42017d-812a-4175-bc9b-0fec03b18931,5d7f28a6-2a2a-4333-aa06-48edfb652f86,Pošta,165
b59656a4-b6e7-4b87-977c-078c59088a50,aa42017d-812a-4175-bc9b-0fec03b18931,a719a87c-4e93-4387-a6d1-2631a487f7e0,Ajdovščina,368
b59656a4-b6e7-4b87-977c-078c59088a50,aa42017d-812a-4175-bc9b-0fec03b18931,8598b85d-3e1d-4767-b72f-0c209038841f,Štepanja vas,249
b59656a4-b6e7-4b87-977c-078c59088a50,aa42017d-812a-4175-bc9b-0fec03b18931,f33b721f-a8a3-4aad-96f2-077da09ebaa6,Razstavišče,16
b59656a4-b6e7-4b87-977c-078c59088a50,aa42017d-812a-4175-bc9b-0fec03b18931,1b3ddeca-a066-43ee-9ae5-8339628129c2,Žale,55
b59656a4-b6e7-4b87-977c-078c59088a50,aa42017d-812a-4175-bc9b-0fec03b18931,e786b2df-34ed-4246-832e-7c3d538ac1f4,Kranjčeva,49
b59656a4-b6e7-4b87-977c-078c59088a50,aa42017d-812a-4175-bc9b-0fec03b18931,f33b721f-a8a3-4aad-96f2-077da09ebaa6,Razstavišče,534
b59656a4-b6e7-4b87-977c-078c59088a50,aa42017d-812a-4175-bc9b-0fec03b18931,7fa32ea0-e884-435a-a81c-51bbd5cedf3e,Zaloška,614
b59656a4-b6e7-4b87-977c-078c59088a50,aa42017d-812a-4175-bc9b-0fec03b18931,295616c0-387b-4f60-a337-7743cd6be04e,Bavarski dvor,305
b59656a4-b6e7-4b87-977c-078c59088a50,aa42017d-812a-4175-bc9b-0fec03b18931,a719a87c-4e93-4387-a6d1-2631a487f7e0,Ajdovščina,273
b59656a4-b6e7-4b87-977c-078c59088a50,aa42017d-812a-4175-bc9b-0fec03b18931,98fa3880-5936-4ec8-ba04-39c7ff9a0e6a,Stara cerkev,133
b59656a4-b6e7-4b87-977c-078c59088a50,aa42017d-812a-4175-bc9b-0fec03b18931,295616c0-387b-4f60-a337-7743cd6be04e,Bavarski dvor,640
b59656a4-b6e7-4b87-977c-078c59088a50,aa42017d-812a-4175-bc9b-0fec03b18931,5d7f28a6-2a2a-4333-aa06-48edfb652f86,Pošta,109
b59656a4-b6e7-4b87-977c-078c59088a50,aa42017d-812a-4175-bc9b-0fec03b18931,fef200e9-4d98-425b-ab14-8110e2aa85d7,Drama,124
b59656a4-b6e7-4b87-977c-078c59088a50,aa42017d-812a-4175-bc9b-0fec03b18931,295616c0-387b-4f60-a337-7743cd6be04e,Bavarski dvor,275
b59656a4-b6e7-4b87-977c-078c59088a50,aa42017d-812a-4175-bc9b-0fec03b18931,cdabf1ea-b04c-480a-8359-72c46e6864ab,Bežigrad,141
b59656a4-b6e7-4b87-977c-078c59088a50,aa42017d-812a-4175-bc9b-0fec03b18931,9cfac7e2-9653-4e52-a6d3-27756d27f817,Kino Šiška,18
b59656a4-b6e7-4b87-977c-078c59088a50,aa42017d-812a-4175-bc9b-0fec03b18931,a719a87c-4e93-4387-a6d1-2631a487f7e0,Ajdovščina,94
b59656a4-b6e7-4b87-977c-078c59088a50,aa42017d-812a-4175-bc9b-0fec03b18931,7eb88e01-82e9-4af4-84d0-69c6ea9dc82c,Kolodvor,172
b59656a4-b6e7-4b87-977c-078c59088a50,aa42017d-812a-4175-bc9b-0fec03b18931,717dda7e-d793-4697-8f60-b64ee8b1edc4,Gosposvetska,4
b59656a4-b6e7-4b87-977c-078c59088a50,aa42017d-812a-4175-bc9b-0fec03b18931,f33b721f-a8a3-4aad-96f2-077da09ebaa6,Razstavišče,102
b59656a4-b6e7-4b87-977c-078c59088a50,aa42017d-812a-4175-bc9b-0fec03b18931,717dda7e-d793-4697-8f60-b64ee8b1edc4,Gosposvetska,141
b59656a4-b6e7-4b87-977c-078c59088a50,aa42017d-812a-4175-bc9b-0fec03b18931,2f874852-bc80-4ff3-b6bf-a914e31251c8,Savske stolpnice,55
b59656a4-b6e7-4b87-977c-078c59088a50,aa42017d-812a-4175-bc9b-0fec03b18931,9cfac7e2-9653-4e52-a6d3-27756d27f817,Kino Šiška,46
b59656a4-b6e7-4b87-977c-078c59088a50,aa42017d-812a-4175-bc9b-0fec03b18931,fef200e9-4d98-425b-ab14-8110e2aa85d7,Drama,59
b59656a4-b6e7-4b87-977c-078c59088a50,aa42017d-812a-4175-bc9b-0fec03b18931,295616c0-387b-4f60-a337-7743cd6be04e,Bavarski dvor,76
b59656a4-b6e7-4b87-977c-078c59088a50,aa42017d-812a-4175-bc9b-0fec03b18931,fef200e9-4d98-425b-ab14-8110e2aa85d7,Drama,22
b59656a4-b6e7-4b87-977c-078c59088a50,aa42017d-812a-4175-bc9b-0fec03b18931,aa42017d-812a-4175-bc9b-0fec03b18931,Ambrožev trg,85
b59656a4-b6e7-4b87-977c-078c59088a50,aa42017d-812a-4175-bc9b-0fec03b18931,c22879e5-8e90-4540-9a74-5f139208e492,Friškovec,338
b59656a4-b6e7-4b87-977c-078c59088a50,aa42017d-812a-4175-bc9b-0fec03b18931,f33b721f-a8a3-4aad-96f2-077da09ebaa6,Razstavišče,95
b59656a4-b6e7-4b87-977c-078c59088a50,aa42017d-812a-4175-bc9b-0fec03b18931,98fa3880-5936-4ec8-ba04-39c7ff9a0e6a,Stara cerkev,126
b59656a4-b6e7-4b87-977c-078c59088a50,aa42017d-812a-4175-bc9b-0fec03b18931,023d7b7a-b411-4e61-8746-b07f9e5c8f90,Ambrožev trg,470
b59656a4-b6e7-4b87-977c-078c59088a50,aa42017d-812a-4175-bc9b-0fec03b18931,c5ec5e81-2ce4-452d-bd7a-595de4f8b34f,Prušnikova,8
b59656a4-b6e7-4b87-977c-078c59088a50,aa42017d-812a-4175-bc9b-0fec03b18931,b59656a4-b6e7-4b87-977c-078c59088a50,Hajdrihova,149
b59656a4-b6e7-4b87-977c-078c59088a50,aa42017d-812a-4175-bc9b-0fec03b18931,f33b721f-a8a3-4aad-96f2-077da09ebaa6,Razstavišče,45
b59656a4-b6e7-4b87-977c-078c59088a50,aa42017d-812a-4175-bc9b-0fec03b18931,c87db9be-1fba-4102-a743-0ee4317dd5af,Bavarski dvor,118
b59656a4-b6e7-4b87-977c-078c59088a50,aa42017d-812a-4175-bc9b-0fec03b18931,484b5c91-1220-43ba-af79-84e712fcc46b,Slovenija avto,20
b59656a4-b6e7-4b87-977c-078c59088a50,aa42017d-812a-4175-bc9b-0fec03b18931,a719a87c-4e93-4387-a6d1-2631a487f7e0,Ajdovščina,20
b59656a4-b6e7-4b87-977c-078c59088a50,aa42017d-812a-4175-bc9b-0fec03b18931,295616c0-387b-4f60-a337-7743cd6be04e,Bavarski dvor,11
b59656a4-b6e7-4b87-977c-078c59088a50,aa42017d-812a-4175-bc9b-0fec03b18931,c87db9be-1fba-4102-a743-0ee4317dd5af,Bavarski dvor,174
b59656a4-b6e7-4b87-977c-078c59088a50,aa42017d-812a-4175-bc9b-0fec03b18931,38b3abed-0592-407b-96c3-85a026f2e192,Dalmatinova,13
b59656a4-b6e7-4b87-977c-078c59088a50,aa42017d-812a-4175-bc9b-0fec03b18931,7eb88e01-82e9-4af4-84d0-69c6ea9dc82c,Kolodvor,231
b59656a4-b6e7-4b87-977c-078c59088a50,aa42017d-812a-4175-bc9b-0fec03b18931,c87db9be-1fba-4102-a743-0ee4317dd5af,Bavarski dvor,167
b59656a4-b6e7-4b87-977c-078c59088a50,aa42017d-812a-4175-bc9b-0fec03b18931,c87db9be-1fba-4102-a743-0ee4317dd5af,Bavarski dvor,432
b59656a4-b6e7-4b87-977c-078c59088a50,aa42017d-812a-4175-bc9b-0fec03b18931,093afa81-b65f-4182-bac3-afbc00558a9b,Koseze,180
b59656a4-b6e7-4b87-977c-078c59088a50,aa42017d-812a-4175-bc9b-0fec03b18931,5d7f28a6-2a2a-4333-aa06-48edfb652f86,Pošta,11
b59656a4-b6e7-4b87-977c-078c59088a50,aa42017d-812a-4175-bc9b-0fec03b18931,a0b1fb90-3f6a-4231-910a-18be192ac762,Flajšmanova,330
b59656a4-b6e7-4b87-977c-078c59088a50,aa42017d-812a-4175-bc9b-0fec03b18931,c87db9be-1fba-4102-a743-0ee4317dd5af,Bavarski dvor,80
b59656a4-b6e7-4b87-977c-078c59088a50,aa42017d-812a-4175-bc9b-0fec03b18931,c87db9be-1fba-4102-a743-0ee4317dd5af,Bavarski dvor,135
b59656a4-b6e7-4b87-977c-078c59088a50,aa42017d-812a-4175-bc9b-0fec03b18931,f33b721f-a8a3-4aad-96f2-077da09ebaa6,Razstavišče,100
b59656a4-b6e7-4b87-977c-078c59088a50,aa42017d-812a-4175-bc9b-0fec03b18931,c297ac70-8f43-4fbc-a8a4-366ddb883a8d,Bonifacija,485
b59656a4-b6e7-4b87-977c-078c59088a50,aa42017d-812a-4175-bc9b-0fec03b18931,5d7f28a6-2a2a-4333-aa06-48edfb652f86,Pošta,42
b59656a4-b6e7-4b87-977c-078c59088a50,aa42017d-812a-4175-bc9b-0fec03b18931,c87db9be-1fba-4102-a743-0ee4317dd5af,Bavarski dvor,258
b59656a4-b6e7-4b87-977c-078c59088a50,aa42017d-812a-4175-bc9b-0fec03b18931,a719a87c-4e93-4387-a6d1-2631a487f7e0,Ajdovščina,89
b59656a4-b6e7-4b87-977c-078c59088a50,aa42017d-812a-4175-bc9b-0fec03b18931,dfde6478-02b5-471b-a470-29cb0e84542f,Slovenija avto,38
b59656a4-b6e7-4b87-977c-078c59088a50,aa42017d-812a-4175-bc9b-0fec03b18931,c87db9be-1fba-4102-a743-0ee4317dd5af,Bavarski dvor,296
b59656a4-b6e7-4b87-977c-078c59088a50,aa42017d-812a-4175-bc9b-0fec03b18931,295616c0-387b-4f60-a337-7743cd6be04e,Bavarski dvor,94
b59656a4-b6e7-4b87-977c-078c59088a50,aa42017d-812a-4175-bc9b-0fec03b18931,cdabf1ea-b04c-480a-8359-72c46e6864ab,Bežigrad,24
b59656a4-b6e7-4b87-977c-078c59088a50,aa42017d-812a-4175-bc9b-0fec03b18931,a719a87c-4e93-4387-a6d1-2631a487f7e0,Ajdovščina,54
b59656a4-b6e7-4b87-977c-078c59088a50,aa42017d-812a-4175-bc9b-0fec03b18931,f33b721f-a8a3-4aad-96f2-077da09ebaa6,Razstavišče,40
b59656a4-b6e7-4b87-977c-078c59088a50,aa42017d-812a-4175-bc9b-0fec03b18931,9b0074d2-2c92-4c01-830b-00be8e05b412,Cukrarna,76
b59656a4-b6e7-4b87-977c-078c59088a50,aa42017d-812a-4175-bc9b-0fec03b18931,5d7f28a6-2a2a-4333-aa06-48edfb652f86,Pošta,55
b59656a4-b6e7-4b87-977c-078c59088a50,aa42017d-812a-4175-bc9b-0fec03b18931,fef200e9-4d98-425b-ab14-8110e2aa85d7,Drama,82
b59656a4-b6e7-4b87-977c-078c59088a50,aa42017d-812a-4175-bc9b-0fec03b18931,717dda7e-d793-4697-8f60-b64ee8b1edc4,Gosposvetska,109
b59656a4-b6e7-4b87-977c-078c59088a50,aa42017d-812a-4175-bc9b-0fec03b18931,a0e0a21b-b8ce-4d76-bbc2-04e179367fee,Šola Jarše,22
b59656a4-b6e7-4b87-977c-078c59088a50,aa42017d-812a-4175-bc9b-0fec03b18931,a2ce7e6f-0f99-443a-a973-81a0b9c60261,Astra,17
b59656a4-b6e7-4b87-977c-078c59088a50,aa42017d-812a-4175-bc9b-0fec03b18931,c87db9be-1fba-4102-a743-0ee4317dd5af,Bavarski dvor,18
b59656a4-b6e7-4b87-977c-078c59088a50,aa42017d-812a-4175-bc9b-0fec03b18931,7fa32ea0-e884-435a-a81c-51bbd5cedf3e,Zaloška,173
b59656a4-b6e7-4b87-977c-078c59088a50,aa42017d-812a-4175-bc9b-0fec03b18931,fef200e9-4d98-425b-ab14-8110e2aa85d7,Drama,295
b59656a4-b6e7-4b87-977c-078c59088a50,aa42017d-812a-4175-bc9b-0fec03b18931,c87db9be-1fba-4102-a743-0ee4317dd5af,Bavarski dvor,71
b59656a4-b6e7-4b87-977c-078c59088a50,aa42017d-812a-4175-bc9b-0fec03b18931,38b3abed-0592-407b-96c3-85a026f2e192,Dalmatinova,163
b59656a4-b6e7-4b87-977c-078c59088a50,aa42017d-812a-4175-bc9b-0fec03b18931,5d7f28a6-2a2a-4333-aa06-48edfb652f86,Pošta,36
b59656a4-b6e7-4b87-977c-078c59088a50,aa42017d-812a-4175-bc9b-0fec03b18931,1e157c31-d34d-4c2e-91b4-8c000c88f6dd,Kardeljeva ploščad,116
b59656a4-b6e7-4b87-977c-078c59088a50,aa42017d-812a-4175-bc9b-0fec03b18931,dfde6478-02b5-471b-a470-29cb0e84542f,Slovenija avto,125
b59656a4-b6e7-4b87-977c-078c59088a50,aa42017d-812a-4175-bc9b-0fec03b18931,454817d3-3750-49c7-994c-14d06fd2c634,Žale,23
b59656a4-b6e7-4b87-977c-078c59088a50,aa42017d-812a-4175-bc9b-0fec03b18931,a719a87c-4e93-4387-a6d1-2631a487f7e0,Ajdovščina,242
b59656a4-b6e7-4b87-977c-078c59088a50,aa42017d-812a-4175-bc9b-0fec03b18931,88cdd36c-03d2-4374-a22f-110dd9f75ea0,Kajuhova,203
b59656a4-b6e7-4b87-977c-078c59088a50,aa42017d-812a-4175-bc9b-0fec03b18931,c87db9be-1fba-4102-a743-0ee4317dd5af,Bavarski dvor,48
b59656a4-b6e7-4b87-977c-078c59088a50,aa42017d-812a-4175-bc9b-0fec03b18931,c87db9be-1fba-4102-a743-0ee4317dd5af,Bavarski dvor,203
b59656a4-b6e7-4b87-977c-078c59088a50,aa42017d-812a-4175-bc9b-0fec03b18931,f33b721f-a8a3-4aad-96f2-077da09ebaa6,Razstavišče,50
b59656a4-b6e7-4b87-977c-078c59088a50,aa42017d-812a-4175-bc9b-0fec03b18931,c87db9be-1fba-4102-a743-0ee4317dd5af,Bavarski dvor,151
b59656a4-b6e7-4b87-977c-078c59088a50,aa42017d-812a-4175-bc9b-0fec03b18931,9cfac7e2-9653-4e52-a6d3-27756d27f817,Kino Šiška,81
b59656a4-b6e7-4b87-977c-078c59088a50,aa42017d-812a-4175-bc9b-0fec03b18931,f4cfd904-bd11-4247-95df-32c4555a930f,Klinični center,80
b59656a4-b6e7-4b87-977c-078c59088a50,aa42017d-812a-4175-bc9b-0fec03b18931,023d7b7a-b411-4e61-8746-b07f9e5c8f90,Ambrožev trg,168
b59656a4-b6e7-4b87-977c-078c59088a50,aa42017d-812a-4175-bc9b-0fec03b18931,N/A,N/A,660
b59656a4-b6e7-4b87-977c-078c59088a50,aa42017d-812a-4175-bc9b-0fec03b18931,a719a87c-4e93-4387-a6d1-2631a487f7e0,Ajdovščina,17
b59656a4-b6e7-4b87-977c-078c59088a50,aa42017d-812a-4175-bc9b-0fec03b18931,379bc761-04b5-4227-be76-3b870fe3e69f,Pot na Fužine,372
b59656a4-b6e7-4b87-977c-078c59088a50,aa42017d-812a-4175-bc9b-0fec03b18931,c627c9f2-af02-4d83-969a-566719bb09e3,GAMELJNE,140
b59656a4-b6e7-4b87-977c-078c59088a50,aa42017d-812a-4175-bc9b-0fec03b18931,717dda7e-d793-4697-8f60-b64ee8b1edc4,Gosposvetska,3
b59656a4-b6e7-4b87-977c-078c59088a50,aa42017d-812a-4175-bc9b-0fec03b18931,a0b1fb90-3f6a-4231-910a-18be192ac762,Flajšmanova,208
b59656a4-b6e7-4b87-977c-078c59088a50,aa42017d-812a-4175-bc9b-0fec03b18931,fef200e9-4d98-425b-ab14-8110e2aa85d7,Drama,138
b59656a4-b6e7-4b87-977c-078c59088a50,aa42017d-812a-4175-bc9b-0fec03b18931,c87db9be-1fba-4102-a743-0ee4317dd5af,Bavarski dvor,126
b59656a4-b6e7-4b87-977c-078c59088a50,aa42017d-812a-4175-bc9b-0fec03b18931,295616c0-387b-4f60-a337-7743cd6be04e,Bavarski dvor,387
b59656a4-b6e7-4b87-977c-078c59088a50,aa42017d-812a-4175-bc9b-0fec03b18931,fef200e9-4d98-425b-ab14-8110e2aa85d7,Drama,31
b59656a4-b6e7-4b87-977c-078c59088a50,aa42017d-812a-4175-bc9b-0fec03b18931,717dda7e-d793-4697-8f60-b64ee8b1edc4,Gosposvetska,20
b59656a4-b6e7-4b87-977c-078c59088a50,aa42017d-812a-4175-bc9b-0fec03b18931,9b0074d2-2c92-4c01-830b-00be8e05b412,Cukrarna,326
b59656a4-b6e7-4b87-977c-078c59088a50,aa42017d-812a-4175-bc9b-0fec03b18931,5d7f28a6-2a2a-4333-aa06-48edfb652f86,Pošta,17
b59656a4-b6e7-4b87-977c-078c59088a50,aa42017d-812a-4175-bc9b-0fec03b18931,f33b721f-a8a3-4aad-96f2-077da09ebaa6,Razstavišče,156
b59656a4-b6e7-4b87-977c-078c59088a50,aa42017d-812a-4175-bc9b-0fec03b18931,3c6ebf90-c611-4535-b2b0-22fba3f7649a,Štajerska,47
b59656a4-b6e7-4b87-977c-078c59088a50,aa42017d-812a-4175-bc9b-0fec03b18931,717dda7e-d793-4697-8f60-b64ee8b1edc4,Gosposvetska,114
b59656a4-b6e7-4b87-977c-078c59088a50,aa42017d-812a-4175-bc9b-0fec03b18931,ecc4ae87-ae08-4b94-995c-452fdd94df7f,Privoz,248
b59656a4-b6e7-4b87-977c-078c59088a50,aa42017d-812a-4175-bc9b-0fec03b18931,c87db9be-1fba-4102-a743-0ee4317dd5af,Bavarski dvor,32
b59656a4-b6e7-4b87-977c-078c59088a50,aa42017d-812a-4175-bc9b-0fec03b18931,6182f8e8-c45e-4606-b4a4-d909bd44d2cc,Gornji trg,81
b59656a4-b6e7-4b87-977c-078c59088a50,aa42017d-812a-4175-bc9b-0fec03b18931,dfde6478-02b5-471b-a470-29cb0e84542f,Slovenija avto,39
b59656a4-b6e7-4b87-977c-078c59088a50,aa42017d-812a-4175-bc9b-0fec03b18931,c87db9be-1fba-4102-a743-0ee4317dd5af,Bavarski dvor,18
b59656a4-b6e7-4b87-977c-078c59088a50,aa42017d-812a-4175-bc9b-0fec03b18931,f33b721f-a8a3-4aad-96f2-077da09ebaa6,Razstavišče,15
b59656a4-b6e7-4b87-977c-078c59088a50,aa42017d-812a-4175-bc9b-0fec03b18931,21764d19-62cc-49fd-bac9-403aeac6a6b9,Ježica,50
b59656a4-b6e7-4b87-977c-078c59088a50,aa42017d-812a-4175-bc9b-0fec03b18931,8598b85d-3e1d-4767-b72f-0c209038841f,Štepanja vas,98
b59656a4-b6e7-4b87-977c-078c59088a50,aa42017d-812a-4175-bc9b-0fec03b18931,fef200e9-4d98-425b-ab14-8110e2aa85d7,Drama,301
b59656a4-b6e7-4b87-977c-078c59088a50,aa42017d-812a-4175-bc9b-0fec03b18931,c87db9be-1fba-4102-a743-0ee4317dd5af,Bavarski dvor,246
b59656a4-b6e7-4b87-977c-078c59088a50,aa42017d-812a-4175-bc9b-0fec03b18931,cdabf1ea-b04c-480a-8359-72c46e6864ab,Bežigrad,117
b59656a4-b6e7-4b87-977c-078c59088a50,aa42017d-812a-4175-bc9b-0fec03b18931,f4cfd904-bd11-4247-95df-32c4555a930f,Klinični center,89
b59656a4-b6e7-4b87-977c-078c59088a50,aa42017d-812a-4175-bc9b-0fec03b18931,fef200e9-4d98-425b-ab14-8110e2aa85d7,Drama,50
b59656a4-b6e7-4b87-977c-078c59088a50,aa42017d-812a-4175-bc9b-0fec03b18931,fef200e9-4d98-425b-ab14-8110e2aa85d7,Drama,376
b59656a4-b6e7-4b87-977c-078c59088a50,aa42017d-812a-4175-bc9b-0fec03b18931,6459bd02-d8f8-413e-9402-10b916f09a4f,7. septembra,110
b59656a4-b6e7-4b87-977c-078c59088a50,aa42017d-812a-4175-bc9b-0fec03b18931,eb165f50-9c43-4b09-9658-469a16d3dc83,Kodeljevo,31
b59656a4-b6e7-4b87-977c-078c59088a50,aa42017d-812a-4175-bc9b-0fec03b18931,4038e02e-f22f-4af0-ba4f-7aab855b53af,Kneza Koclja,350
b59656a4-b6e7-4b87-977c-078c59088a50,aa42017d-812a-4175-bc9b-0fec03b18931,f33b721f-a8a3-4aad-96f2-077da09ebaa6,Razstavišče,63
b59656a4-b6e7-4b87-977c-078c59088a50,aa42017d-812a-4175-bc9b-0fec03b18931,a719a87c-4e93-4387-a6d1-2631a487f7e0,Ajdovščina,67
b59656a4-b6e7-4b87-977c-078c59088a50,aa42017d-812a-4175-bc9b-0fec03b18931,c87db9be-1fba-4102-a743-0ee4317dd5af,Bavarski dvor,541
b59656a4-b6e7-4b87-977c-078c59088a50,aa42017d-812a-4175-bc9b-0fec03b18931,295616c0-387b-4f60-a337-7743cd6be04e,Bavarski dvor,58
b59656a4-b6e7-4b87-977c-078c59088a50,aa42017d-812a-4175-bc9b-0fec03b18931,a0b1fb90-3f6a-4231-910a-18be192ac762,Flajšmanova,163
b59656a4-b6e7-4b87-977c-078c59088a50,aa42017d-812a-4175-bc9b-0fec03b18931,7484317c-269f-425f-8118-23eedab4e5f1,Tivoli,89
b59656a4-b6e7-4b87-977c-078c59088a50,aa42017d-812a-4175-bc9b-0fec03b18931,295616c0-387b-4f60-a337-7743cd6be04e,Bavarski dvor,363
b59656a4-b6e7-4b87-977c-078c59088a50,aa42017d-812a-4175-bc9b-0fec03b18931,dfde6478-02b5-471b-a470-29cb0e84542f,Slovenija avto,425
b59656a4-b6e7-4b87-977c-078c59088a50,aa42017d-812a-4175-bc9b-0fec03b18931,223f660b-c391-4120-bf3c-7bf06781686b,Tovorni kolodvor,84
b59656a4-b6e7-4b87-977c-078c59088a50,aa42017d-812a-4175-bc9b-0fec03b18931,295616c0-387b-4f60-a337-7743cd6be04e,Bavarski dvor,60
b59656a4-b6e7-4b87-977c-078c59088a50,aa42017d-812a-4175-bc9b-0fec03b18931,cee2862b-9b70-4880-8fa3-16c6d2efae1b,AMZS,66
b59656a4-b6e7-4b87-977c-078c59088a50,aa42017d-812a-4175-bc9b-0fec03b18931,a719a87c-4e93-4387-a6d1-2631a487f7e0,Ajdovščina,650
b59656a4-b6e7-4b87-977c-078c59088a50,aa42017d-812a-4175-bc9b-0fec03b18931,f33b721f-a8a3-4aad-96f2-077da09ebaa6,Razstavišče,159
b59656a4-b6e7-4b87-977c-078c59088a50,aa42017d-812a-4175-bc9b-0fec03b18931,fef200e9-4d98-425b-ab14-8110e2aa85d7,Drama,401
b59656a4-b6e7-4b87-977c-078c59088a50,aa42017d-812a-4175-bc9b-0fec03b18931,295616c0-387b-4f60-a337-7743cd6be04e,Bavarski dvor,12
b59656a4-b6e7-4b87-977c-078c59088a50,aa42017d-812a-4175-bc9b-0fec03b18931,e6f5183b-c615-4f47-b4fb-204ee070e825,Bežigrad,68
b59656a4-b6e7-4b87-977c-078c59088a50,aa42017d-812a-4175-bc9b-0fec03b18931,21764d19-62cc-49fd-bac9-403aeac6a6b9,Ježica,80
b59656a4-b6e7-4b87-977c-078c59088a50,aa42017d-812a-4175-bc9b-0fec03b18931,cdabf1ea-b04c-480a-8359-72c46e6864ab,Bežigrad,120
b59656a4-b6e7-4b87-977c-078c59088a50,aa42017d-812a-4175-bc9b-0fec03b18931,f2b27cbd-5207-4281-8f67-6369d0c50a9b,Kodrova,203
b59656a4-b6e7-4b87-977c-078c59088a50,aa42017d-812a-4175-bc9b-0fec03b18931,023d7b7a-b411-4e61-8746-b07f9e5c8f90,Ambrožev trg,214
b59656a4-b6e7-4b87-977c-078c59088a50,aa42017d-812a-4175-bc9b-0fec03b18931,fef200e9-4d98-425b-ab14-8110e2aa85d7,Drama,80
b59656a4-b6e7-4b87-977c-078c59088a50,aa42017d-812a-4175-bc9b-0fec03b18931,5d7f28a6-2a2a-4333-aa06-48edfb652f86,Pošta,430
b59656a4-b6e7-4b87-977c-078c59088a50,aa42017d-812a-4175-bc9b-0fec03b18931,7fa32ea0-e884-435a-a81c-51bbd5cedf3e,Zaloška,174
b59656a4-b6e7-4b87-977c-078c59088a50,aa42017d-812a-4175-bc9b-0fec03b18931,a719a87c-4e93-4387-a6d1-2631a487f7e0,Ajdovščina,213
b59656a4-b6e7-4b87-977c-078c59088a50,aa42017d-812a-4175-bc9b-0fec03b18931,fef200e9-4d98-425b-ab14-8110e2aa85d7,Drama,235
b59656a4-b6e7-4b87-977c-078c59088a50,aa42017d-812a-4175-bc9b-0fec03b18931,a719a87c-4e93-4387-a6d1-2631a487f7e0,Ajdovščina,12
b59656a4-b6e7-4b87-977c-078c59088a50,aa42017d-812a-4175-bc9b-0fec03b18931,fef200e9-4d98-425b-ab14-8110e2aa85d7,Drama,41
b59656a4-b6e7-4b87-977c-078c59088a50,aa42017d-812a-4175-bc9b-0fec03b18931,717dda7e-d793-4697-8f60-b64ee8b1edc4,Gosposvetska,66
b59656a4-b6e7-4b87-977c-078c59088a50,aa42017d-812a-4175-bc9b-0fec03b18931,cdabf1ea-b04c-480a-8359-72c46e6864ab,Bežigrad,365
b59656a4-b6e7-4b87-977c-078c59088a50,aa42017d-812a-4175-bc9b-0fec03b18931,c87db9be-1fba-4102-a743-0ee4317dd5af,Bavarski dvor,237
b59656a4-b6e7-4b87-977c-078c59088a50,aa42017d-812a-4175-bc9b-0fec03b18931,cee2862b-9b70-4880-8fa3-16c6d2efae1b,AMZS,5
b59656a4-b6e7-4b87-977c-078c59088a50,aa42017d-812a-4175-bc9b-0fec03b18931,fef200e9-4d98-425b-ab14-8110e2aa85d7,Drama,21
b59656a4-b6e7-4b87-977c-078c59088a50,aa42017d-812a-4175-bc9b-0fec03b18931,295616c0-387b-4f60-a337-7743cd6be04e,Bavarski dvor,117
b59656a4-b6e7-4b87-977c-078c59088a50,aa42017d-812a-4175-bc9b-0fec03b18931,21764d19-62cc-49fd-bac9-403aeac6a6b9,Ježica,215
b59656a4-b6e7-4b87-977c-078c59088a50,aa42017d-812a-4175-bc9b-0fec03b18931,609f0950-bb8c-4eaf-a931-8575b8aff1ac,Savske stolpnice,228
b59656a4-b6e7-4b87-977c-078c59088a50,aa42017d-812a-4175-bc9b-0fec03b18931,1b3ddeca-a066-43ee-9ae5-8339628129c2,Žale,327
b59656a4-b6e7-4b87-977c-078c59088a50,aa42017d-812a-4175-bc9b-0fec03b18931,fef200e9-4d98-425b-ab14-8110e2aa85d7,Drama,39
b59656a4-b6e7-4b87-977c-078c59088a50,aa42017d-812a-4175-bc9b-0fec03b18931,295616c0-387b-4f60-a337-7743cd6be04e,Bavarski dvor,50
b59656a4-b6e7-4b87-977c-078c59088a50,aa42017d-812a-4175-bc9b-0fec03b18931,fef200e9-4d98-425b-ab14-8110e2aa85d7,Drama,111
b59656a4-b6e7-4b87-977c-078c59088a50,aa42017d-812a-4175-bc9b-0fec03b18931,379bc761-04b5-4227-be76-3b870fe3e69f,Pot na Fužine,233
b59656a4-b6e7-4b87-977c-078c59088a50,aa42017d-812a-4175-bc9b-0fec03b18931,295616c0-387b-4f60-a337-7743cd6be04e,Bavarski dvor,21
b59656a4-b6e7-4b87-977c-078c59088a50,aa42017d-812a-4175-bc9b-0fec03b18931,295616c0-387b-4f60-a337-7743cd6be04e,Bavarski dvor,13
b59656a4-b6e7-4b87-977c-078c59088a50,aa42017d-812a-4175-bc9b-0fec03b18931,5d7f28a6-2a2a-4333-aa06-48edfb652f86,Pošta,515
b59656a4-b6e7-4b87-977c-078c59088a50,aa42017d-812a-4175-bc9b-0fec03b18931,c87db9be-1fba-4102-a743-0ee4317dd5af,Bavarski dvor,593
b59656a4-b6e7-4b87-977c-078c59088a50,aa42017d-812a-4175-bc9b-0fec03b18931,717dda7e-d793-4697-8f60-b64ee8b1edc4,Gosposvetska,51
b59656a4-b6e7-4b87-977c-078c59088a50,aa42017d-812a-4175-bc9b-0fec03b18931,21764d19-62cc-49fd-bac9-403aeac6a6b9,Ježica,232
b59656a4-b6e7-4b87-977c-078c59088a50,aa42017d-812a-4175-bc9b-0fec03b18931,cdabf1ea-b04c-480a-8359-72c46e6864ab,Bežigrad,47
b59656a4-b6e7-4b87-977c-078c59088a50,aa42017d-812a-4175-bc9b-0fec03b18931,a719a87c-4e93-4387-a6d1-2631a487f7e0,Ajdovščina,141
b59656a4-b6e7-4b87-977c-078c59088a50,aa42017d-812a-4175-bc9b-0fec03b18931,484b5c91-1220-43ba-af79-84e712fcc46b,Slovenija avto,360
b59656a4-b6e7-4b87-977c-078c59088a50,aa42017d-812a-4175-bc9b-0fec03b18931,1505c6fe-6080-424e-98d1-24c312cfacf3,Pot na Rakovo jelšo,42
b59656a4-b6e7-4b87-977c-078c59088a50,aa42017d-812a-4175-bc9b-0fec03b18931,e6f5183b-c615-4f47-b4fb-204ee070e825,Bežigrad,47
b59656a4-b6e7-4b87-977c-078c59088a50,aa42017d-812a-4175-bc9b-0fec03b18931,5d7f28a6-2a2a-4333-aa06-48edfb652f86,Pošta,149
b59656a4-b6e7-4b87-977c-078c59088a50,aa42017d-812a-4175-bc9b-0fec03b18931,295616c0-387b-4f60-a337-7743cd6be04e,Bavarski dvor,122
b59656a4-b6e7-4b87-977c-078c59088a50,aa42017d-812a-4175-bc9b-0fec03b18931,77dcd833-fa4d-4c5a-93b1-31284942e61d,Šišenska,385
b59656a4-b6e7-4b87-977c-078c59088a50,aa42017d-812a-4175-bc9b-0fec03b18931,023d7b7a-b411-4e61-8746-b07f9e5c8f90,Ambrožev trg,76
b59656a4-b6e7-4b87-977c-078c59088a50,aa42017d-812a-4175-bc9b-0fec03b18931,7c149b59-2bc6-45cb-95c8-69e18a0db627,Rusjanov trg,98
b59656a4-b6e7-4b87-977c-078c59088a50,aa42017d-812a-4175-bc9b-0fec03b18931,f4cfd904-bd11-4247-95df-32c4555a930f,Klinični center,116
b59656a4-b6e7-4b87-977c-078c59088a50,aa42017d-812a-4175-bc9b-0fec03b18931,fef200e9-4d98-425b-ab14-8110e2aa85d7,Drama,115
b59656a4-b6e7-4b87-977c-078c59088a50,aa42017d-812a-4175-bc9b-0fec03b18931,5d7f28a6-2a2a-4333-aa06-48edfb652f86,Pošta,345
b59656a4-b6e7-4b87-977c-078c59088a50,aa42017d-812a-4175-bc9b-0fec03b18931,023d7b7a-b411-4e61-8746-b07f9e5c8f90,Ambrožev trg,275
b59656a4-b6e7-4b87-977c-078c59088a50,aa42017d-812a-4175-bc9b-0fec03b18931,N/A,N/A,660
b59656a4-b6e7-4b87-977c-078c59088a50,aa42017d-812a-4175-bc9b-0fec03b18931,c87db9be-1fba-4102-a743-0ee4317dd5af,Bavarski dvor,403
b59656a4-b6e7-4b87-977c-078c59088a50,aa42017d-812a-4175-bc9b-0fec03b18931,295616c0-387b-4f60-a337-7743cd6be04e,Bavarski dvor,112
b59656a4-b6e7-4b87-977c-078c59088a50,aa42017d-812a-4175-bc9b-0fec03b18931,c87db9be-1fba-4102-a743-0ee4317dd5af,Bavarski dvor,175
b59656a4-b6e7-4b87-977c-078c59088a50,aa42017d-812a-4175-bc9b-0fec03b18931,N/A,N/A,660
b59656a4-b6e7-4b87-977c-078c59088a50,aa42017d-812a-4175-bc9b-0fec03b18931,a719a87c-4e93-4387-a6d1-2631a487f7e0,Ajdovščina,608
b59656a4-b6e7-4b87-977c-078c59088a50,aa42017d-812a-4175-bc9b-0fec03b18931,c87db9be-1fba-4102-a743-0ee4317dd5af,Bavarski dvor,471
b59656a4-b6e7-4b87-977c-078c59088a50,aa42017d-812a-4175-bc9b-0fec03b18931,7fa32ea0-e884-435a-a81c-51bbd5cedf3e,Zaloška,153
b59656a4-b6e7-4b87-977c-078c59088a50,aa42017d-812a-4175-bc9b-0fec03b18931,717dda7e-d793-4697-8f60-b64ee8b1edc4,Gosposvetska,155
b59656a4-b6e7-4b87-977c-078c59088a50,aa42017d-812a-4175-bc9b-0fec03b18931,295616c0-387b-4f60-a337-7743cd6be04e,Bavarski dvor,126
b59656a4-b6e7-4b87-977c-078c59088a50,aa42017d-812a-4175-bc9b-0fec03b18931,9a1c4c65-df77-481f-87ad-56143f02a864,Vižmarje,62
b59656a4-b6e7-4b87-977c-078c59088a50,aa42017d-812a-4175-bc9b-0fec03b18931,c297ac70-8f43-4fbc-a8a4-366ddb883a8d,Bonifacija,24
b59656a4-b6e7-4b87-977c-078c59088a50,aa42017d-812a-4175-bc9b-0fec03b18931,484b5c91-1220-43ba-af79-84e712fcc46b,Slovenija avto,523
b59656a4-b6e7-4b87-977c-078c59088a50,aa42017d-812a-4175-bc9b-0fec03b18931,295616c0-387b-4f60-a337-7743cd6be04e,Bavarski dvor,20
b59656a4-b6e7-4b87-977c-078c59088a50,aa42017d-812a-4175-bc9b-0fec03b18931,5d7f28a6-2a2a-4333-aa06-48edfb652f86,Pošta,600
b59656a4-b6e7-4b87-977c-078c59088a50,aa42017d-812a-4175-bc9b-0fec03b18931,7fad8003-fb10-489d-bf8d-6d433310ad90,Nove Jarše,67
b59656a4-b6e7-4b87-977c-078c59088a50,aa42017d-812a-4175-bc9b-0fec03b18931,5d7f28a6-2a2a-4333-aa06-48edfb652f86,Pošta,22
b59656a4-b6e7-4b87-977c-078c59088a50,aa42017d-812a-4175-bc9b-0fec03b18931,c87db9be-1fba-4102-a743-0ee4317dd5af,Bavarski dvor,468
b59656a4-b6e7-4b87-977c-078c59088a50,aa42017d-812a-4175-bc9b-0fec03b18931,c87db9be-1fba-4102-a743-0ee4317dd5af,Bavarski dvor,103
b59656a4-b6e7-4b87-977c-078c59088a50,aa42017d-812a-4175-bc9b-0fec03b18931,5d7f28a6-2a2a-4333-aa06-48edfb652f86,Pošta,130
b59656a4-b6e7-4b87-977c-078c59088a50,aa42017d-812a-4175-bc9b-0fec03b18931,717dda7e-d793-4697-8f60-b64ee8b1edc4,Gosposvetska,3
b59656a4-b6e7-4b87-977c-078c59088a50,aa42017d-812a-4175-bc9b-0fec03b18931,a2ce7e6f-0f99-443a-a973-81a0b9c60261,Astra,15
b59656a4-b6e7-4b87-977c-078c59088a50,aa42017d-812a-4175-bc9b-0fec03b18931,6182f8e8-c45e-4606-b4a4-d909bd44d2cc,Gornji trg,31
b59656a4-b6e7-4b87-977c-078c59088a50,aa42017d-812a-4175-bc9b-0fec03b18931,8512e1be-4637-483b-a3e6-78ccc6d2c5b1,Navje,147
b59656a4-b6e7-4b87-977c-078c59088a50,aa42017d-812a-4175-bc9b-0fec03b18931,fef200e9-4d98-425b-ab14-8110e2aa85d7,Drama,307
b59656a4-b6e7-4b87-977c-078c59088a50,aa42017d-812a-4175-bc9b-0fec03b18931,7fad8003-fb10-489d-bf8d-6d433310ad90,Nove Jarše,73
b59656a4-b6e7-4b87-977c-078c59088a50,aa42017d-812a-4175-bc9b-0fec03b18931,7eb88e01-82e9-4af4-84d0-69c6ea9dc82c,Kolodvor,12
b59656a4-b6e7-4b87-977c-078c59088a50,aa42017d-812a-4175-bc9b-0fec03b18931,a0b1fb90-3f6a-4231-910a-18be192ac762,Flajšmanova,226
b59656a4-b6e7-4b87-977c-078c59088a50,aa42017d-812a-4175-bc9b-0fec03b18931,81f21fc1-3bd2-4d2a-b563-2d063479c68e,Štepanja vas,130
b59656a4-b6e7-4b87-977c-078c59088a50,aa42017d-812a-4175-bc9b-0fec03b18931,295616c0-387b-4f60-a337-7743cd6be04e,Bavarski dvor,78
b59656a4-b6e7-4b87-977c-078c59088a50,aa42017d-812a-4175-bc9b-0fec03b18931,e6f5183b-c615-4f47-b4fb-204ee070e825,Bežigrad,10
b59656a4-b6e7-4b87-977c-078c59088a50,aa42017d-812a-4175-bc9b-0fec03b18931,f33b721f-a8a3-4aad-96f2-077da09ebaa6,Razstavišče,56
b59656a4-b6e7-4b87-977c-078c59088a50,aa42017d-812a-4175-bc9b-0fec03b18931,fef200e9-4d98-425b-ab14-8110e2aa85d7,Drama,49
b59656a4-b6e7-4b87-977c-078c59088a50,aa42017d-812a-4175-bc9b-0fec03b18931,5cc8a08d-c0af-491f-9a9c-b8b4f5f23bc0,BTC-Emporium,76
b59656a4-b6e7-4b87-977c-078c59088a50,aa42017d-812a-4175-bc9b-0fec03b18931,c87db9be-1fba-4102-a743-0ee4317dd5af,Bavarski dvor,108
b59656a4-b6e7-4b87-977c-078c59088a50,aa42017d-812a-4175-bc9b-0fec03b18931,1b3ddeca-a066-43ee-9ae5-8339628129c2,Žale,135
b59656a4-b6e7-4b87-977c-078c59088a50,aa42017d-812a-4175-bc9b-0fec03b18931,1b3ddeca-a066-43ee-9ae5-8339628129c2,Žale,497
b59656a4-b6e7-4b87-977c-078c59088a50,aa42017d-812a-4175-bc9b-0fec03b18931,f33b721f-a8a3-4aad-96f2-077da09ebaa6,Razstavišče,9
b59656a4-b6e7-4b87-977c-078c59088a50,aa42017d-812a-4175-bc9b-0fec03b18931,c87db9be-1fba-4102-a743-0ee4317dd5af,Bavarski dvor,164
b59656a4-b6e7-4b87-977c-078c59088a50,aa42017d-812a-4175-bc9b-0fec03b18931,b59656a4-b6e7-4b87-977c-078c59088a50,Hajdrihova,130
b59656a4-b6e7-4b87-977c-078c59088a50,aa42017d-812a-4175-bc9b-0fec03b18931,c87db9be-1fba-4102-a743-0ee4317dd5af,Bavarski dvor,108
b59656a4-b6e7-4b87-977c-078c59088a50,aa42017d-812a-4175-bc9b-0fec03b18931,c22879e5-8e90-4540-9a74-5f139208e492,Friškovec,24
b59656a4-b6e7-4b87-977c-078c59088a50,aa42017d-812a-4175-bc9b-0fec03b18931,f33b721f-a8a3-4aad-96f2-077da09ebaa6,Razstavišče,575
b59656a4-b6e7-4b87-977c-078c59088a50,aa42017d-812a-4175-bc9b-0fec03b18931,f4cfd904-bd11-4247-95df-32c4555a930f,Klinični center,101
b59656a4-b6e7-4b87-977c-078c59088a50,aa42017d-812a-4175-bc9b-0fec03b18931,295616c0-387b-4f60-a337-7743cd6be04e,Bavarski dvor,419
b59656a4-b6e7-4b87-977c-078c59088a50,aa42017d-812a-4175-bc9b-0fec03b18931,1ce1c3a8-e0f6-4f90-b1aa-1448759d8b3c,Astra,69
b59656a4-b6e7-4b87-977c-078c59088a50,aa42017d-812a-4175-bc9b-0fec03b18931,a719a87c-4e93-4387-a6d1-2631a487f7e0,Ajdovščina,164
b59656a4-b6e7-4b87-977c-078c59088a50,aa42017d-812a-4175-bc9b-0fec03b18931,c87db9be-1fba-4102-a743-0ee4317dd5af,Bavarski dvor,75
b59656a4-b6e7-4b87-977c-078c59088a50,aa42017d-812a-4175-bc9b-0fec03b18931,86a75ffc-a78f-401f-8991-2eb0371417b2,Studenec,521
b59656a4-b6e7-4b87-977c-078c59088a50,aa42017d-812a-4175-bc9b-0fec03b18931,9a1c4c65-df77-481f-87ad-56143f02a864,Vižmarje,78
b59656a4-b6e7-4b87-977c-078c59088a50,aa42017d-812a-4175-bc9b-0fec03b18931,7c149b59-2bc6-45cb-95c8-69e18a0db627,Rusjanov trg,198
b59656a4-b6e7-4b87-977c-078c59088a50,aa42017d-812a-4175-bc9b-0fec03b18931,c87db9be-1fba-4102-a743-0ee4317dd5af,Bavarski dvor,27
b59656a4-b6e7-4b87-977c-078c59088a50,aa42017d-812a-4175-bc9b-0fec03b18931,5d7f28a6-2a2a-4333-aa06-48edfb652f86,Pošta,57
b59656a4-b6e7-4b87-977c-078c59088a50,aa42017d-812a-4175-bc9b-0fec03b18931,c87db9be-1fba-4102-a743-0ee4317dd5af,Bavarski dvor,191
b59656a4-b6e7-4b87-977c-078c59088a50,aa42017d-812a-4175-bc9b-0fec03b18931,c87db9be-1fba-4102-a743-0ee4317dd5af,Bavarski dvor,161
b59656a4-b6e7-4b87-977c-078c59088a50,aa42017d-812a-4175-bc9b-0fec03b18931,8598b85d-3e1d-4767-b72f-0c209038841f,Štepanja vas,531
b59656a4-b6e7-4b87-977c-078c59088a50,aa42017d-812a-4175-bc9b-0fec03b18931,f33b721f-a8a3-4aad-96f2-077da09ebaa6,Razstavišče,36
b59656a4-b6e7-4b87-977c-078c59088a50,aa42017d-812a-4175-bc9b-0fec03b18931,379bc761-04b5-4227-be76-3b870fe3e69f,Pot na Fužine,573
b59656a4-b6e7-4b87-977c-078c59088a50,aa42017d-812a-4175-bc9b-0fec03b18931,c87db9be-1fba-4102-a743-0ee4317dd5af,Bavarski dvor,23
b59656a4-b6e7-4b87-977c-078c59088a50,aa42017d-812a-4175-bc9b-0fec03b18931,c87db9be-1fba-4102-a743-0ee4317dd5af,Bavarski dvor,588
b59656a4-b6e7-4b87-977c-078c59088a50,aa42017d-812a-4175-bc9b-0fec03b18931,0be237aa-4b91-4d2b-ac23-0cebac975a0d,Cankarjev dom,329
b59656a4-b6e7-4b87-977c-078c59088a50,aa42017d-812a-4175-bc9b-0fec03b18931,c87db9be-1fba-4102-a743-0ee4317dd5af,Bavarski dvor,159
b59656a4-b6e7-4b87-977c-078c59088a50,aa42017d-812a-4175-bc9b-0fec03b18931,484b5c91-1220-43ba-af79-84e712fcc46b,Slovenija avto,144
b59656a4-b6e7-4b87-977c-078c59088a50,aa42017d-812a-4175-bc9b-0fec03b18931,7310c006-62b8-4f94-bb9c-d5c26cb3faad,Polje,48
b59656a4-b6e7-4b87-977c-078c59088a50,aa42017d-812a-4175-bc9b-0fec03b18931,592b37eb-8255-4758-ae8a-7cef98521013,Rogovilc,9
b59656a4-b6e7-4b87-977c-078c59088a50,aa42017d-812a-4175-bc9b-0fec03b18931,717dda7e-d793-4697-8f60-b64ee8b1edc4,Gosposvetska,229
b59656a4-b6e7-4b87-977c-078c59088a50,aa42017d-812a-4175-bc9b-0fec03b18931,c87db9be-1fba-4102-a743-0ee4317dd5af,Bavarski dvor,198
b59656a4-b6e7-4b87-977c-078c59088a50,aa42017d-812a-4175-bc9b-0fec03b18931,fef200e9-4d98-425b-ab14-8110e2aa85d7,Drama,53
b59656a4-b6e7-4b87-977c-078c59088a50,aa42017d-812a-4175-bc9b-0fec03b18931,cdabf1ea-b04c-480a-8359-72c46e6864ab,Bežigrad,41
b59656a4-b6e7-4b87-977c-078c59088a50,aa42017d-812a-4175-bc9b-0fec03b18931,eb165f50-9c43-4b09-9658-469a16d3dc83,Kodeljevo,76
b59656a4-b6e7-4b87-977c-078c59088a50,aa42017d-812a-4175-bc9b-0fec03b18931,9a1c4c65-df77-481f-87ad-56143f02a864,Vižmarje,8
b59656a4-b6e7-4b87-977c-078c59088a50,aa42017d-812a-4175-bc9b-0fec03b18931,5d7f28a6-2a2a-4333-aa06-48edfb652f86,Pošta,250
b59656a4-b6e7-4b87-977c-078c59088a50,aa42017d-812a-4175-bc9b-0fec03b18931,5d7f28a6-2a2a-4333-aa06-48edfb652f86,Pošta,542
b59656a4-b6e7-4b87-977c-078c59088a50,aa42017d-812a-4175-bc9b-0fec03b18931,609f0950-bb8c-4eaf-a931-8575b8aff1ac,Savske stolpnice,75
b59656a4-b6e7-4b87-977c-078c59088a50,aa42017d-812a-4175-bc9b-0fec03b18931,295616c0-387b-4f60-a337-7743cd6be04e,Bavarski dvor,123
b59656a4-b6e7-4b87-977c-078c59088a50,aa42017d-812a-4175-bc9b-0fec03b18931,48b163cd-b819-4849-aee1-8b1da77657ab,Šentvid,9
b59656a4-b6e7-4b87-977c-078c59088a50,aa42017d-812a-4175-bc9b-0fec03b18931,5d7f28a6-2a2a-4333-aa06-48edfb652f86,Pošta,627
b59656a4-b6e7-4b87-977c-078c59088a50,aa42017d-812a-4175-bc9b-0fec03b18931,fef200e9-4d98-425b-ab14-8110e2aa85d7,Drama,169
b59656a4-b6e7-4b87-977c-078c59088a50,aa42017d-812a-4175-bc9b-0fec03b18931,f33b721f-a8a3-4aad-96f2-077da09ebaa6,Razstavišče,246
b59656a4-b6e7-4b87-977c-078c59088a50,aa42017d-812a-4175-bc9b-0fec03b18931,c87db9be-1fba-4102-a743-0ee4317dd5af,Bavarski dvor,502
b59656a4-b6e7-4b87-977c-078c59088a50,aa42017d-812a-4175-bc9b-0fec03b18931,c87db9be-1fba-4102-a743-0ee4317dd5af,Bavarski dvor,20
b59656a4-b6e7-4b87-977c-078c59088a50,aa42017d-812a-4175-bc9b-0fec03b18931,cdabf1ea-b04c-480a-8359-72c46e6864ab,Bežigrad,500
b59656a4-b6e7-4b87-977c-078c59088a50,aa42017d-812a-4175-bc9b-0fec03b18931,f4cfd904-bd11-4247-95df-32c4555a930f,Klinični center,102
b59656a4-b6e7-4b87-977c-078c59088a50,aa42017d-812a-4175-bc9b-0fec03b18931,717dda7e-d793-4697-8f60-b64ee8b1edc4,Gosposvetska,573
b59656a4-b6e7-4b87-977c-078c59088a50,aa42017d-812a-4175-bc9b-0fec03b18931,5d7f28a6-2a2a-4333-aa06-48edfb652f86,Pošta,72
b59656a4-b6e7-4b87-977c-078c59088a50,aa42017d-812a-4175-bc9b-0fec03b18931,295616c0-387b-4f60-a337-7743cd6be04e,Bavarski dvor,330
b59656a4-b6e7-4b87-977c-078c59088a50,aa42017d-812a-4175-bc9b-0fec03b18931,a2ce7e6f-0f99-443a-a973-81a0b9c60261,Astra,47
b59656a4-b6e7-4b87-977c-078c59088a50,aa42017d-812a-4175-bc9b-0fec03b18931,aa42017d-812a-4175-bc9b-0fec03b18931,Ambrožev trg,78
b59656a4-b6e7-4b87-977c-078c59088a50,aa42017d-812a-4175-bc9b-0fec03b18931,9a1c4c65-df77-481f-87ad-56143f02a864,Vižmarje,436
b59656a4-b6e7-4b87-977c-078c59088a50,aa42017d-812a-4175-bc9b-0fec03b18931,295616c0-387b-4f60-a337-7743cd6be04e,Bavarski dvor,80
b59656a4-b6e7-4b87-977c-078c59088a50,aa42017d-812a-4175-bc9b-0fec03b18931,c5ec5e81-2ce4-452d-bd7a-595de4f8b34f,Prušnikova,427
b59656a4-b6e7-4b87-977c-078c59088a50,aa42017d-812a-4175-bc9b-0fec03b18931,fef200e9-4d98-425b-ab14-8110e2aa85d7,Drama,229
b59656a4-b6e7-4b87-977c-078c59088a50,aa42017d-812a-4175-bc9b-0fec03b18931,6edebb46-d04f-45c4-99a4-100f7f0b2660,Zadvor,29
b59656a4-b6e7-4b87-977c-078c59088a50,aa42017d-812a-4175-bc9b-0fec03b18931,484b5c91-1220-43ba-af79-84e712fcc46b,Slovenija avto,193
b59656a4-b6e7-4b87-977c-078c59088a50,aa42017d-812a-4175-bc9b-0fec03b18931,f33b721f-a8a3-4aad-96f2-077da09ebaa6,Razstavišče,269
b59656a4-b6e7-4b87-977c-078c59088a50,aa42017d-812a-4175-bc9b-0fec03b18931,c297ac70-8f43-4fbc-a8a4-366ddb883a8d,Bonifacija,58
b59656a4-b6e7-4b87-977c-078c59088a50,aa42017d-812a-4175-bc9b-0fec03b18931,1ce1c3a8-e0f6-4f90-b1aa-1448759d8b3c,Astra,39
b59656a4-b6e7-4b87-977c-078c59088a50,aa42017d-812a-4175-bc9b-0fec03b18931,e6f5183b-c615-4f47-b4fb-204ee070e825,Bežigrad,217
b59656a4-b6e7-4b87-977c-078c59088a50,aa42017d-812a-4175-bc9b-0fec03b18931,c5ec5e81-2ce4-452d-bd7a-595de4f8b34f,Prušnikova,34
b59656a4-b6e7-4b87-977c-078c59088a50,aa42017d-812a-4175-bc9b-0fec03b18931,295616c0-387b-4f60-a337-7743cd6be04e,Bavarski dvor,26
b59656a4-b6e7-4b87-977c-078c59088a50,aa42017d-812a-4175-bc9b-0fec03b18931,c22879e5-8e90-4540-9a74-5f139208e492,Friškovec,626
b59656a4-b6e7-4b87-977c-078c59088a50,aa42017d-812a-4175-bc9b-0fec03b18931,5d7f28a6-2a2a-4333-aa06-48edfb652f86,Pošta,445
b59656a4-b6e7-4b87-977c-078c59088a50,aa42017d-812a-4175-bc9b-0fec03b18931,c87db9be-1fba-4102-a743-0ee4317dd5af,Bavarski dvor,94
b59656a4-b6e7-4b87-977c-078c59088a50,aa42017d-812a-4175-bc9b-0fec03b18931,295616c0-387b-4f60-a337-7743cd6be04e,Bavarski dvor,70
b59656a4-b6e7-4b87-977c-078c59088a50,aa42017d-812a-4175-bc9b-0fec03b18931,a719a87c-4e93-4387-a6d1-2631a487f7e0,Ajdovščina,226
b59656a4-b6e7-4b87-977c-078c59088a50,aa42017d-812a-4175-bc9b-0fec03b18931,295616c0-387b-4f60-a337-7743cd6be04e,Bavarski dvor,243
b59656a4-b6e7-4b87-977c-078c59088a50,aa42017d-812a-4175-bc9b-0fec03b18931,295616c0-387b-4f60-a337-7743cd6be04e,Bavarski dvor,66
b59656a4-b6e7-4b87-977c-078c59088a50,aa42017d-812a-4175-bc9b-0fec03b18931,c87db9be-1fba-4102-a743-0ee4317dd5af,Bavarski dvor,506
b59656a4-b6e7-4b87-977c-078c59088a50,aa42017d-812a-4175-bc9b-0fec03b18931,7484317c-269f-425f-8118-23eedab4e5f1,Tivoli,144
b59656a4-b6e7-4b87-977c-078c59088a50,aa42017d-812a-4175-bc9b-0fec03b18931,d4c51b31-46fd-4da8-ba15-8068e666d483,Zadvor,363
b59656a4-b6e7-4b87-977c-078c59088a50,aa42017d-812a-4175-bc9b-0fec03b18931,fef200e9-4d98-425b-ab14-8110e2aa85d7,Drama,83
b59656a4-b6e7-4b87-977c-078c59088a50,aa42017d-812a-4175-bc9b-0fec03b18931,295616c0-387b-4f60-a337-7743cd6be04e,Bavarski dvor,316
b59656a4-b6e7-4b87-977c-078c59088a50,aa42017d-812a-4175-bc9b-0fec03b18931,c87db9be-1fba-4102-a743-0ee4317dd5af,Bavarski dvor,129
b59656a4-b6e7-4b87-977c-078c59088a50,aa42017d-812a-4175-bc9b-0fec03b18931,7484317c-269f-425f-8118-23eedab4e5f1,Tivoli,59
b59656a4-b6e7-4b87-977c-078c59088a50,aa42017d-812a-4175-bc9b-0fec03b18931,923bd774-0651-4e0a-8624-3acfb7ecd5ff,Gornje Poljane,131
b59656a4-b6e7-4b87-977c-078c59088a50,aa42017d-812a-4175-bc9b-0fec03b18931,6182f8e8-c45e-4606-b4a4-d909bd44d2cc,Gornji trg,518
b59656a4-b6e7-4b87-977c-078c59088a50,aa42017d-812a-4175-bc9b-0fec03b18931,cdabf1ea-b04c-480a-8359-72c46e6864ab,Bežigrad,62
b59656a4-b6e7-4b87-977c-078c59088a50,aa42017d-812a-4175-bc9b-0fec03b18931,4d216485-ef41-45e7-9182-0c254644955c,Sava,213
b59656a4-b6e7-4b87-977c-078c59088a50,aa42017d-812a-4175-bc9b-0fec03b18931,1e157c31-d34d-4c2e-91b4-8c000c88f6dd,Kardeljeva ploščad,13
b59656a4-b6e7-4b87-977c-078c59088a50,aa42017d-812a-4175-bc9b-0fec03b18931,5d7f28a6-2a2a-4333-aa06-48edfb652f86,Pošta,35
b59656a4-b6e7-4b87-977c-078c59088a50,aa42017d-812a-4175-bc9b-0fec03b18931,1ce1c3a8-e0f6-4f90-b1aa-1448759d8b3c,Astra,371
b59656a4-b6e7-4b87-977c-078c59088a50,aa42017d-812a-4175-bc9b-0fec03b18931,f33b721f-a8a3-4aad-96f2-077da09ebaa6,Razstavišče,229
b59656a4-b6e7-4b87-977c-078c59088a50,aa42017d-812a-4175-bc9b-0fec03b18931,a719a87c-4e93-4387-a6d1-2631a487f7e0,Ajdovščina,219
b59656a4-b6e7-4b87-977c-078c59088a50,aa42017d-812a-4175-bc9b-0fec03b18931,5d7f28a6-2a2a-4333-aa06-48edfb652f86,Pošta,87
b59656a4-b6e7-4b87-977c-078c59088a50,aa42017d-812a-4175-bc9b-0fec03b18931,f14a6236-8af2-47bf-9270-432377662a63,Viadukt,483
b59656a4-b6e7-4b87-977c-078c59088a50,aa42017d-812a-4175-bc9b-0fec03b18931,aa42017d-812a-4175-bc9b-0fec03b18931,Ambrožev trg,29
b59656a4-b6e7-4b87-977c-078c59088a50,aa42017d-812a-4175-bc9b-0fec03b18931,484b5c91-1220-43ba-af79-84e712fcc46b,Slovenija avto,8
b59656a4-b6e7-4b87-977c-078c59088a50,aa42017d-812a-4175-bc9b-0fec03b18931,c87db9be-1fba-4102-a743-0ee4317dd5af,Bavarski dvor,180
b59656a4-b6e7-4b87-977c-078c59088a50,aa42017d-812a-4175-bc9b-0fec03b18931,7fad8003-fb10-489d-bf8d-6d433310ad90,Nove Jarše,78
b59656a4-b6e7-4b87-977c-078c59088a50,aa42017d-812a-4175-bc9b-0fec03b18931,a2ce7e6f-0f99-443a-a973-81a0b9c60261,Astra,29
b59656a4-b6e7-4b87-977c-078c59088a50,aa42017d-812a-4175-bc9b-0fec03b18931,5d7f28a6-2a2a-4333-aa06-48edfb652f86,Pošta,288
b59656a4-b6e7-4b87-977c-078c59088a50,aa42017d-812a-4175-bc9b-0fec03b18931,093afa81-b65f-4182-bac3-afbc00558a9b,Koseze,9
b59656a4-b6e7-4b87-977c-078c59088a50,aa42017d-812a-4175-bc9b-0fec03b18931,717dda7e-d793-4697-8f60-b64ee8b1edc4,Gosposvetska,351
b59656a4-b6e7-4b87-977c-078c59088a50,aa42017d-812a-4175-bc9b-0fec03b18931,c87db9be-1fba-4102-a743-0ee4317dd5af,Bavarski dvor,330
b59656a4-b6e7-4b87-977c-078c59088a50,aa42017d-812a-4175-bc9b-0fec03b18931,5d7f28a6-2a2a-4333-aa06-48edfb652f86,Pošta,201
b59656a4-b6e7-4b87-977c-078c59088a50,aa42017d-812a-4175-bc9b-0fec03b18931,a0b1fb90-3f6a-4231-910a-18be192ac762,Flajšmanova,166
b59656a4-b6e7-4b87-977c-078c59088a50,aa42017d-812a-4175-bc9b-0fec03b18931,c87db9be-1fba-4102-a743-0ee4317dd5af,Bavarski dvor,135
b59656a4-b6e7-4b87-977c-078c59088a50,aa42017d-812a-4175-bc9b-0fec03b18931,c87db9be-1fba-4102-a743-0ee4317dd5af,Bavarski dvor,10
b59656a4-b6e7-4b87-977c-078c59088a50,aa42017d-812a-4175-bc9b-0fec03b18931,f33b721f-a8a3-4aad-96f2-077da09ebaa6,Razstavišče,496
b59656a4-b6e7-4b87-977c-078c59088a50,aa42017d-812a-4175-bc9b-0fec03b18931,c87db9be-1fba-4102-a743-0ee4317dd5af,Bavarski dvor,39
b59656a4-b6e7-4b87-977c-078c59088a50,aa42017d-812a-4175-bc9b-0fec03b18931,77dcd833-fa4d-4c5a-93b1-31284942e61d,Šišenska,117
b59656a4-b6e7-4b87-977c-078c59088a50,aa42017d-812a-4175-bc9b-0fec03b18931,5d7f28a6-2a2a-4333-aa06-48edfb652f86,Pošta,118
b59656a4-b6e7-4b87-977c-078c59088a50,aa42017d-812a-4175-bc9b-0fec03b18931,c87db9be-1fba-4102-a743-0ee4317dd5af,Bavarski dvor,73
b59656a4-b6e7-4b87-977c-078c59088a50,aa42017d-812a-4175-bc9b-0fec03b18931,484b5c91-1220-43ba-af79-84e712fcc46b,Slovenija avto,324
b59656a4-b6e7-4b87-977c-078c59088a50,aa42017d-812a-4175-bc9b-0fec03b18931,c87db9be-1fba-4102-a743-0ee4317dd5af,Bavarski dvor,63
b59656a4-b6e7-4b87-977c-078c59088a50,aa42017d-812a-4175-bc9b-0fec03b18931,cdabf1ea-b04c-480a-8359-72c46e6864ab,Bežigrad,297
b59656a4-b6e7-4b87-977c-078c59088a50,aa42017d-812a-4175-bc9b-0fec03b18931,0dc86a8f-0f41-44c7-978c-e06cb63cbbcf,Medvoška a.p.,27
b59656a4-b6e7-4b87-977c-078c59088a50,aa42017d-812a-4175-bc9b-0fec03b18931,295616c0-387b-4f60-a337-7743cd6be04e,Bavarski dvor,45
b59656a4-b6e7-4b87-977c-078c59088a50,aa42017d-812a-4175-bc9b-0fec03b18931,f33b721f-a8a3-4aad-96f2-077da09ebaa6,Razstavišče,58
b59656a4-b6e7-4b87-977c-078c59088a50,aa42017d-812a-4175-bc9b-0fec03b18931,295616c0-387b-4f60-a337-7743cd6be04e,Bavarski dvor,313
b59656a4-b6e7-4b87-977c-078c59088a50,aa42017d-812a-4175-bc9b-0fec03b18931,7fa32ea0-e884-435a-a81c-51bbd5cedf3e,Zaloška,166
b59656a4-b6e7-4b87-977c-078c59088a50,aa42017d-812a-4175-bc9b-0fec03b18931,cdabf1ea-b04c-480a-8359-72c46e6864ab,Bežigrad,8
b59656a4-b6e7-4b87-977c-078c59088a50,aa42017d-812a-4175-bc9b-0fec03b18931,a719a87c-4e93-4387-a6d1-2631a487f7e0,Ajdovščina,623
b59656a4-b6e7-4b87-977c-078c59088a50,aa42017d-812a-4175-bc9b-0fec03b18931,f33b721f-a8a3-4aad-96f2-077da09ebaa6,Razstavišče,204
b59656a4-b6e7-4b87-977c-078c59088a50,aa42017d-812a-4175-bc9b-0fec03b18931,295616c0-387b-4f60-a337-7743cd6be04e,Bavarski dvor,55
b59656a4-b6e7-4b87-977c-078c59088a50,aa42017d-812a-4175-bc9b-0fec03b18931,cee2862b-9b70-4880-8fa3-16c6d2efae1b,AMZS,5
b59656a4-b6e7-4b87-977c-078c59088a50,aa42017d-812a-4175-bc9b-0fec03b18931,8598b85d-3e1d-4767-b72f-0c209038841f,Štepanja vas,9
b59656a4-b6e7-4b87-977c-078c59088a50,aa42017d-812a-4175-bc9b-0fec03b18931,a719a87c-4e93-4387-a6d1-2631a487f7e0,Ajdovščina,398
b59656a4-b6e7-4b87-977c-078c59088a50,aa42017d-812a-4175-bc9b-0fec03b18931,295616c0-387b-4f60-a337-7743cd6be04e,Bavarski dvor,79
b59656a4-b6e7-4b87-977c-078c59088a50,aa42017d-812a-4175-bc9b-0fec03b18931,ecc4ae87-ae08-4b94-995c-452fdd94df7f,Privoz,65
b59656a4-b6e7-4b87-977c-078c59088a50,aa42017d-812a-4175-bc9b-0fec03b18931,f33b721f-a8a3-4aad-96f2-077da09ebaa6,Razstavišče,328
b59656a4-b6e7-4b87-977c-078c59088a50,aa42017d-812a-4175-bc9b-0fec03b18931,c87db9be-1fba-4102-a743-0ee4317dd5af,Bavarski dvor,32
b59656a4-b6e7-4b87-977c-078c59088a50,aa42017d-812a-4175-bc9b-0fec03b18931,295616c0-387b-4f60-a337-7743cd6be04e,Bavarski dvor,113
b59656a4-b6e7-4b87-977c-078c59088a50,aa42017d-812a-4175-bc9b-0fec03b18931,5d7f28a6-2a2a-4333-aa06-48edfb652f86,Pošta,212
b59656a4-b6e7-4b87-977c-078c59088a50,aa42017d-812a-4175-bc9b-0fec03b18931,c87db9be-1fba-4102-a743-0ee4317dd5af,Bavarski dvor,369
b59656a4-b6e7-4b87-977c-078c59088a50,aa42017d-812a-4175-bc9b-0fec03b18931,717dda7e-d793-4697-8f60-b64ee8b1edc4,Gosposvetska,203
b59656a4-b6e7-4b87-977c-078c59088a50,aa42017d-812a-4175-bc9b-0fec03b18931,1ce1c3a8-e0f6-4f90-b1aa-1448759d8b3c,Astra,125
b59656a4-b6e7-4b87-977c-078c59088a50,aa42017d-812a-4175-bc9b-0fec03b18931,484b5c91-1220-43ba-af79-84e712fcc46b,Slovenija avto,35
b59656a4-b6e7-4b87-977c-078c59088a50,aa42017d-812a-4175-bc9b-0fec03b18931,c22879e5-8e90-4540-9a74-5f139208e492,Friškovec,361
b59656a4-b6e7-4b87-977c-078c59088a50,aa42017d-812a-4175-bc9b-0fec03b18931,717dda7e-d793-4697-8f60-b64ee8b1edc4,Gosposvetska,127
b59656a4-b6e7-4b87-977c-078c59088a50,aa42017d-812a-4175-bc9b-0fec03b18931,295616c0-387b-4f60-a337-7743cd6be04e,Bavarski dvor,125
b59656a4-b6e7-4b87-977c-078c59088a50,aa42017d-812a-4175-bc9b-0fec03b18931,a719a87c-4e93-4387-a6d1-2631a487f7e0,Ajdovščina,307
b59656a4-b6e7-4b87-977c-078c59088a50,aa42017d-812a-4175-bc9b-0fec03b18931,295616c0-387b-4f60-a337-7743cd6be04e,Bavarski dvor,364
b59656a4-b6e7-4b87-977c-078c59088a50,aa42017d-812a-4175-bc9b-0fec03b18931,98fa3880-5936-4ec8-ba04-39c7ff9a0e6a,Stara cerkev,47
b59656a4-b6e7-4b87-977c-078c59088a50,aa42017d-812a-4175-bc9b-0fec03b18931,a0e0a21b-b8ce-4d76-bbc2-04e179367fee,Šola Jarše,323
b59656a4-b6e7-4b87-977c-078c59088a50,aa42017d-812a-4175-bc9b-0fec03b18931,c87db9be-1fba-4102-a743-0ee4317dd5af,Bavarski dvor,233
b59656a4-b6e7-4b87-977c-078c59088a50,aa42017d-812a-4175-bc9b-0fec03b18931,6182f8e8-c45e-4606-b4a4-d909bd44d2cc,Gornji trg,47
b59656a4-b6e7-4b87-977c-078c59088a50,aa42017d-812a-4175-bc9b-0fec03b18931,77dcd833-fa4d-4c5a-93b1-31284942e61d,Šišenska,63
b59656a4-b6e7-4b87-977c-078c59088a50,aa42017d-812a-4175-bc9b-0fec03b18931,295616c0-387b-4f60-a337-7743cd6be04e,Bavarski dvor,112
b59656a4-b6e7-4b87-977c-078c59088a50,aa42017d-812a-4175-bc9b-0fec03b18931,e786b2df-34ed-4246-832e-7c3d538ac1f4,Kranjčeva,138
b59656a4-b6e7-4b87-977c-078c59088a50,aa42017d-812a-4175-bc9b-0fec03b18931,5d7f28a6-2a2a-4333-aa06-48edfb652f86,Pošta,325
b59656a4-b6e7-4b87-977c-078c59088a50,aa42017d-812a-4175-bc9b-0fec03b18931,98fa3880-5936-4ec8-ba04-39c7ff9a0e6a,Stara cerkev,93
b59656a4-b6e7-4b87-977c-078c59088a50,aa42017d-812a-4175-bc9b-0fec03b18931,a2ce7e6f-0f99-443a-a973-81a0b9c60261,Astra,154
b59656a4-b6e7-4b87-977c-078c59088a50,aa42017d-812a-4175-bc9b-0fec03b18931,N/A,N/A,660
b59656a4-b6e7-4b87-977c-078c59088a50,aa42017d-812a-4175-bc9b-0fec03b18931,609f0950-bb8c-4eaf-a931-8575b8aff1ac,Savske stolpnice,97
b59656a4-b6e7-4b87-977c-078c59088a50,aa42017d-812a-4175-bc9b-0fec03b18931,f33b721f-a8a3-4aad-96f2-077da09ebaa6,Razstavišče,120
b59656a4-b6e7-4b87-977c-078c59088a50,aa42017d-812a-4175-bc9b-0fec03b18931,717dda7e-d793-4697-8f60-b64ee8b1edc4,Gosposvetska,167
b59656a4-b6e7-4b87-977c-078c59088a50,aa42017d-812a-4175-bc9b-0fec03b18931,7fa32ea0-e884-435a-a81c-51bbd5cedf3e,Zaloška,129
b59656a4-b6e7-4b87-977c-078c59088a50,aa42017d-812a-4175-bc9b-0fec03b18931,c87db9be-1fba-4102-a743-0ee4317dd5af,Bavarski dvor,39
b59656a4-b6e7-4b87-977c-078c59088a50,aa42017d-812a-4175-bc9b-0fec03b18931,N/A,N/A,660
b59656a4-b6e7-4b87-977c-078c59088a50,aa42017d-812a-4175-bc9b-0fec03b18931,ecc4ae87-ae08-4b94-995c-452fdd94df7f,Privoz,76
b59656a4-b6e7-4b87-977c-078c59088a50,aa42017d-812a-4175-bc9b-0fec03b18931,295616c0-387b-4f60-a337-7743cd6be04e,Bavarski dvor,155
b59656a4-b6e7-4b87-977c-078c59088a50,aa42017d-812a-4175-bc9b-0fec03b18931,295616c0-387b-4f60-a337-7743cd6be04e,Bavarski dvor,16
b59656a4-b6e7-4b87-977c-078c59088a50,aa42017d-812a-4175-bc9b-0fec03b18931,a719a87c-4e93-4387-a6d1-2631a487f7e0,Ajdovščina,196
b59656a4-b6e7-4b87-977c-078c59088a50,aa42017d-812a-4175-bc9b-0fec03b18931,484b5c91-1220-43ba-af79-84e712fcc46b,Slovenija avto,25
b59656a4-b6e7-4b87-977c-078c59088a50,aa42017d-812a-4175-bc9b-0fec03b18931,fef200e9-4d98-425b-ab14-8110e2aa85d7,Drama,104
b59656a4-b6e7-4b87-977c-078c59088a50,aa42017d-812a-4175-bc9b-0fec03b18931,295616c0-387b-4f60-a337-7743cd6be04e,Bavarski dvor,157
b59656a4-b6e7-4b87-977c-078c59088a50,aa42017d-812a-4175-bc9b-0fec03b18931,fef200e9-4d98-425b-ab14-8110e2aa85d7,Drama,239
b59656a4-b6e7-4b87-977c-078c59088a50,aa42017d-812a-4175-bc9b-0fec03b18931,c87db9be-1fba-4102-a743-0ee4317dd5af,Bavarski dvor,294
b59656a4-b6e7-4b87-977c-078c59088a50,aa42017d-812a-4175-bc9b-0fec03b18931,c87db9be-1fba-4102-a743-0ee4317dd5af,Bavarski dvor,65
b59656a4-b6e7-4b87-977c-078c59088a50,aa42017d-812a-4175-bc9b-0fec03b18931,cdabf1ea-b04c-480a-8359-72c46e6864ab,Bežigrad,62
b59656a4-b6e7-4b87-977c-078c59088a50,aa42017d-812a-4175-bc9b-0fec03b18931,c87db9be-1fba-4102-a743-0ee4317dd5af,Bavarski dvor,151
b59656a4-b6e7-4b87-977c-078c59088a50,aa42017d-812a-4175-bc9b-0fec03b18931,N/A,N/A,660
b59656a4-b6e7-4b87-977c-078c59088a50,aa42017d-812a-4175-bc9b-0fec03b18931,295616c0-387b-4f60-a337-7743cd6be04e,Bavarski dvor,321
b59656a4-b6e7-4b87-977c-078c59088a50,aa42017d-812a-4175-bc9b-0fec03b18931,8eeea585-6168-45b8-a5d4-336e61826043,Zapuže,300
b59656a4-b6e7-4b87-977c-078c59088a50,aa42017d-812a-4175-bc9b-0fec03b18931,a719a87c-4e93-4387-a6d1-2631a487f7e0,Ajdovščina,296
b59656a4-b6e7-4b87-977c-078c59088a50,aa42017d-812a-4175-bc9b-0fec03b18931,a2ce7e6f-0f99-443a-a973-81a0b9c60261,Astra,10
b59656a4-b6e7-4b87-977c-078c59088a50,aa42017d-812a-4175-bc9b-0fec03b18931,295616c0-387b-4f60-a337-7743cd6be04e,Bavarski dvor,445
b59656a4-b6e7-4b87-977c-078c59088a50,aa42017d-812a-4175-bc9b-0fec03b18931,c87db9be-1fba-4102-a743-0ee4317dd5af,Bavarski dvor,36
b59656a4-b6e7-4b87-977c-078c59088a50,aa42017d-812a-4175-bc9b-0fec03b18931,295616c0-387b-4f60-a337-7743cd6be04e,Bavarski dvor,64
b59656a4-b6e7-4b87-977c-078c59088a50,aa42017d-812a-4175-bc9b-0fec03b18931,295616c0-387b-4f60-a337-7743cd6be04e,Bavarski dvor,117
b59656a4-b6e7-4b87-977c-078c59088a50,aa42017d-812a-4175-bc9b-0fec03b18931,295616c0-387b-4f60-a337-7743cd6be04e,Bavarski dvor,140
b59656a4-b6e7-4b87-977c-078c59088a50,aa42017d-812a-4175-bc9b-0fec03b18931,77dcd833-fa4d-4c5a-93b1-31284942e61d,Šišenska,40
b59656a4-b6e7-4b87-977c-078c59088a50,aa42017d-812a-4175-bc9b-0fec03b18931,379bc761-04b5-4227-be76-3b870fe3e69f,Pot na Fužine,270
b59656a4-b6e7-4b87-977c-078c59088a50,aa42017d-812a-4175-bc9b-0fec03b18931,c87db9be-1fba-4102-a743-0ee4317dd5af,Bavarski dvor,61
b59656a4-b6e7-4b87-977c-078c59088a50,aa42017d-812a-4175-bc9b-0fec03b18931,a719a87c-4e93-4387-a6d1-2631a487f7e0,Ajdovščina,16
b59656a4-b6e7-4b87-977c-078c59088a50,aa42017d-812a-4175-bc9b-0fec03b18931,295616c0-387b-4f60-a337-7743cd6be04e,Bavarski dvor,77
b59656a4-b6e7-4b87-977c-078c59088a50,aa42017d-812a-4175-bc9b-0fec03b18931,379bc761-04b5-4227-be76-3b870fe3e69f,Pot na Fužine,269
b59656a4-b6e7-4b87-977c-078c59088a50,aa42017d-812a-4175-bc9b-0fec03b18931,cee2862b-9b70-4880-8fa3-16c6d2efae1b,AMZS,5
b59656a4-b6e7-4b87-977c-078c59088a50,aa42017d-812a-4175-bc9b-0fec03b18931,609f0950-bb8c-4eaf-a931-8575b8aff1ac,Savske stolpnice,175
b59656a4-b6e7-4b87-977c-078c59088a50,aa42017d-812a-4175-bc9b-0fec03b18931,a719a87c-4e93-4387-a6d1-2631a487f7e0,Ajdovščina,72
b59656a4-b6e7-4b87-977c-078c59088a50,aa42017d-812a-4175-bc9b-0fec03b18931,fef200e9-4d98-425b-ab14-8110e2aa85d7,Drama,114
b59656a4-b6e7-4b87-977c-078c59088a50,aa42017d-812a-4175-bc9b-0fec03b18931,5de84f88-3f32-4636-8c30-03cc267ecf37,Podvozna pot,161
b59656a4-b6e7-4b87-977c-078c59088a50,aa42017d-812a-4175-bc9b-0fec03b18931,fef200e9-4d98-425b-ab14-8110e2aa85d7,Drama,190
b59656a4-b6e7-4b87-977c-078c59088a50,aa42017d-812a-4175-bc9b-0fec03b18931,295616c0-387b-4f60-a337-7743cd6be04e,Bavarski dvor,238
b59656a4-b6e7-4b87-977c-078c59088a50,aa42017d-812a-4175-bc9b-0fec03b18931,5d7f28a6-2a2a-4333-aa06-48edfb652f86,Pošta,139
b59656a4-b6e7-4b87-977c-078c59088a50,aa42017d-812a-4175-bc9b-0fec03b18931,N/A,N/A,660
b59656a4-b6e7-4b87-977c-078c59088a50,aa42017d-812a-4175-bc9b-0fec03b18931,6459bd02-d8f8-413e-9402-10b916f09a4f,7. septembra,6
b59656a4-b6e7-4b87-977c-078c59088a50,aa42017d-812a-4175-bc9b-0fec03b18931,023d7b7a-b411-4e61-8746-b07f9e5c8f90,Ambrožev trg,273
b59656a4-b6e7-4b87-977c-078c59088a50,aa42017d-812a-4175-bc9b-0fec03b18931,c87db9be-1fba-4102-a743-0ee4317dd5af,Bavarski dvor,44
b59656a4-b6e7-4b87-977c-078c59088a50,aa42017d-812a-4175-bc9b-0fec03b18931,a719a87c-4e93-4387-a6d1-2631a487f7e0,Ajdovščina,159
b59656a4-b6e7-4b87-977c-078c59088a50,aa42017d-812a-4175-bc9b-0fec03b18931,295616c0-387b-4f60-a337-7743cd6be04e,Bavarski dvor,18
b59656a4-b6e7-4b87-977c-078c59088a50,aa42017d-812a-4175-bc9b-0fec03b18931,c87db9be-1fba-4102-a743-0ee4317dd5af,Bavarski dvor,149
b59656a4-b6e7-4b87-977c-078c59088a50,aa42017d-812a-4175-bc9b-0fec03b18931,484b5c91-1220-43ba-af79-84e712fcc46b,Slovenija avto,10
b59656a4-b6e7-4b87-977c-078c59088a50,aa42017d-812a-4175-bc9b-0fec03b18931,c87db9be-1fba-4102-a743-0ee4317dd5af,Bavarski dvor,90
b59656a4-b6e7-4b87-977c-078c59088a50,aa42017d-812a-4175-bc9b-0fec03b18931,5d7f28a6-2a2a-4333-aa06-48edfb652f86,Pošta,181
b59656a4-b6e7-4b87-977c-078c59088a50,aa42017d-812a-4175-bc9b-0fec03b18931,295616c0-387b-4f60-a337-7743cd6be04e,Bavarski dvor,302
b59656a4-b6e7-4b87-977c-078c59088a50,aa42017d-812a-4175-bc9b-0fec03b18931,7eb88e01-82e9-4af4-84d0-69c6ea9dc82c,Kolodvor,256
b59656a4-b6e7-4b87-977c-078c59088a50,aa42017d-812a-4175-bc9b-0fec03b18931,9b0074d2-2c92-4c01-830b-00be8e05b412,Cukrarna,179
b59656a4-b6e7-4b87-977c-078c59088a50,aa42017d-812a-4175-bc9b-0fec03b18931,9a1c4c65-df77-481f-87ad-56143f02a864,Vižmarje,47
b59656a4-b6e7-4b87-977c-078c59088a50,aa42017d-812a-4175-bc9b-0fec03b18931,c87db9be-1fba-4102-a743-0ee4317dd5af,Bavarski dvor,29
b59656a4-b6e7-4b87-977c-078c59088a50,aa42017d-812a-4175-bc9b-0fec03b18931,N/A,N/A,660
b59656a4-b6e7-4b87-977c-078c59088a50,aa42017d-812a-4175-bc9b-0fec03b18931,c87db9be-1fba-4102-a743-0ee4317dd5af,Bavarski dvor,12
b59656a4-b6e7-4b87-977c-078c59088a50,aa42017d-812a-4175-bc9b-0fec03b18931,c87db9be-1fba-4102-a743-0ee4317dd5af,Bavarski dvor,49
b59656a4-b6e7-4b87-977c-078c59088a50,aa42017d-812a-4175-bc9b-0fec03b18931,1b3ddeca-a066-43ee-9ae5-8339628129c2,Žale,547
b59656a4-b6e7-4b87-977c-078c59088a50,aa42017d-812a-4175-bc9b-0fec03b18931,484b5c91-1220-43ba-af79-84e712fcc46b,Slovenija avto,105
b59656a4-b6e7-4b87-977c-078c59088a50,aa42017d-812a-4175-bc9b-0fec03b18931,f33b721f-a8a3-4aad-96f2-077da09ebaa6,Razstavišče,269
b59656a4-b6e7-4b87-977c-078c59088a50,aa42017d-812a-4175-bc9b-0fec03b18931,eb165f50-9c43-4b09-9658-469a16d3dc83,Kodeljevo,66
b59656a4-b6e7-4b87-977c-078c59088a50,aa42017d-812a-4175-bc9b-0fec03b18931,2f874852-bc80-4ff3-b6bf-a914e31251c8,Savske stolpnice,172
b59656a4-b6e7-4b87-977c-078c59088a50,aa42017d-812a-4175-bc9b-0fec03b18931,fef200e9-4d98-425b-ab14-8110e2aa85d7,Drama,77
b59656a4-b6e7-4b87-977c-078c59088a50,aa42017d-812a-4175-bc9b-0fec03b18931,c87db9be-1fba-4102-a743-0ee4317dd5af,Bavarski dvor,143
b59656a4-b6e7-4b87-977c-078c59088a50,aa42017d-812a-4175-bc9b-0fec03b18931,f33b721f-a8a3-4aad-96f2-077da09ebaa6,Razstavišče,7
b59656a4-b6e7-4b87-977c-078c59088a50,aa42017d-812a-4175-bc9b-0fec03b18931,c87db9be-1fba-4102-a743-0ee4317dd5af,Bavarski dvor,222
b59656a4-b6e7-4b87-977c-078c59088a50,aa42017d-812a-4175-bc9b-0fec03b18931,c87db9be-1fba-4102-a743-0ee4317dd5af,Bavarski dvor,158
b59656a4-b6e7-4b87-977c-078c59088a50,aa42017d-812a-4175-bc9b-0fec03b18931,fef200e9-4d98-425b-ab14-8110e2aa85d7,Drama,72
b59656a4-b6e7-4b87-977c-078c59088a50,aa42017d-812a-4175-bc9b-0fec03b18931,c87db9be-1fba-4102-a743-0ee4317dd5af,Bavarski dvor,13
b59656a4-b6e7-4b87-977c-078c59088a50,aa42017d-812a-4175-bc9b-0fec03b18931,484b5c91-1220-43ba-af79-84e712fcc46b,Slovenija avto,138
b59656a4-b6e7-4b87-977c-078c59088a50,aa42017d-812a-4175-bc9b-0fec03b18931,c87db9be-1fba-4102-a743-0ee4317dd5af,Bavarski dvor,151
b59656a4-b6e7-4b87-977c-078c59088a50,aa42017d-812a-4175-bc9b-0fec03b18931,8598b85d-3e1d-4767-b72f-0c209038841f,Štepanja vas,207
b59656a4-b6e7-4b87-977c-078c59088a50,aa42017d-812a-4175-bc9b-0fec03b18931,5d7f28a6-2a2a-4333-aa06-48edfb652f86,Pošta,155
b59656a4-b6e7-4b87-977c-078c59088a50,aa42017d-812a-4175-bc9b-0fec03b18931,c87db9be-1fba-4102-a743-0ee4317dd5af,Bavarski dvor,120
b59656a4-b6e7-4b87-977c-078c59088a50,aa42017d-812a-4175-bc9b-0fec03b18931,7bcbdcaa-00b9-47d4-8982-09da26cd7bcb,Zaloška,128
b59656a4-b6e7-4b87-977c-078c59088a50,aa42017d-812a-4175-bc9b-0fec03b18931,7fad8003-fb10-489d-bf8d-6d433310ad90,Nove Jarše,275
b59656a4-b6e7-4b87-977c-078c59088a50,aa42017d-812a-4175-bc9b-0fec03b18931,f33b721f-a8a3-4aad-96f2-077da09ebaa6,Razstavišče,96
b59656a4-b6e7-4b87-977c-078c59088a50,aa42017d-812a-4175-bc9b-0fec03b18931,295616c0-387b-4f60-a337-7743cd6be04e,Bavarski dvor,61
b59656a4-b6e7-4b87-977c-078c59088a50,aa42017d-812a-4175-bc9b-0fec03b18931,fef200e9-4d98-425b-ab14-8110e2aa85d7,Drama,92
b59656a4-b6e7-4b87-977c-078c59088a50,aa42017d-812a-4175-bc9b-0fec03b18931,8589e5d1-21b4-4210-ad7a-4bf91f9a715d,Vižmarje,47
b59656a4-b6e7-4b87-977c-078c59088a50,aa42017d-812a-4175-bc9b-0fec03b18931,c87db9be-1fba-4102-a743-0ee4317dd5af,Bavarski dvor,46
b59656a4-b6e7-4b87-977c-078c59088a50,aa42017d-812a-4175-bc9b-0fec03b18931,295616c0-387b-4f60-a337-7743cd6be04e,Bavarski dvor,181
b59656a4-b6e7-4b87-977c-078c59088a50,aa42017d-812a-4175-bc9b-0fec03b18931,fef200e9-4d98-425b-ab14-8110e2aa85d7,Drama,60
b59656a4-b6e7-4b87-977c-078c59088a50,aa42017d-812a-4175-bc9b-0fec03b18931,8598b85d-3e1d-4767-b72f-0c209038841f,Štepanja vas,145
b59656a4-b6e7-4b87-977c-078c59088a50,aa42017d-812a-4175-bc9b-0fec03b18931,c87db9be-1fba-4102-a743-0ee4317dd5af,Bavarski dvor,357
b59656a4-b6e7-4b87-977c-078c59088a50,aa42017d-812a-4175-bc9b-0fec03b18931,295616c0-387b-4f60-a337-7743cd6be04e,Bavarski dvor,312
b59656a4-b6e7-4b87-977c-078c59088a50,aa42017d-812a-4175-bc9b-0fec03b18931,c87db9be-1fba-4102-a743-0ee4317dd5af,Bavarski dvor,131
b59656a4-b6e7-4b87-977c-078c59088a50,aa42017d-812a-4175-bc9b-0fec03b18931,6559d555-672b-4633-8a81-0ae68fb963eb,ZD POLJE,242
b59656a4-b6e7-4b87-977c-078c59088a50,aa42017d-812a-4175-bc9b-0fec03b18931,717dda7e-d793-4697-8f60-b64ee8b1edc4,Gosposvetska,30
b59656a4-b6e7-4b87-977c-078c59088a50,aa42017d-812a-4175-bc9b-0fec03b18931,48507e1a-32df-4552-9448-3b345760b75f,Cesta na Vevče,110
b59656a4-b6e7-4b87-977c-078c59088a50,aa42017d-812a-4175-bc9b-0fec03b18931,c87db9be-1fba-4102-a743-0ee4317dd5af,Bavarski dvor,97
b59656a4-b6e7-4b87-977c-078c59088a50,aa42017d-812a-4175-bc9b-0fec03b18931,294c40c4-18e4-4d92-a947-911a8623de89,Veliki štradon,439
b59656a4-b6e7-4b87-977c-078c59088a50,aa42017d-812a-4175-bc9b-0fec03b18931,cdabf1ea-b04c-480a-8359-72c46e6864ab,Bežigrad,152
b59656a4-b6e7-4b87-977c-078c59088a50,aa42017d-812a-4175-bc9b-0fec03b18931,fef200e9-4d98-425b-ab14-8110e2aa85d7,Drama,55
b59656a4-b6e7-4b87-977c-078c59088a50,aa42017d-812a-4175-bc9b-0fec03b18931,dfde6478-02b5-471b-a470-29cb0e84542f,Slovenija avto,62
b59656a4-b6e7-4b87-977c-078c59088a50,aa42017d-812a-4175-bc9b-0fec03b18931,c87db9be-1fba-4102-a743-0ee4317dd5af,Bavarski dvor,40
b59656a4-b6e7-4b87-977c-078c59088a50,aa42017d-812a-4175-bc9b-0fec03b18931,023d7b7a-b411-4e61-8746-b07f9e5c8f90,Ambrožev trg,22
b59656a4-b6e7-4b87-977c-078c59088a50,aa42017d-812a-4175-bc9b-0fec03b18931,c87db9be-1fba-4102-a743-0ee4317dd5af,Bavarski dvor,120
b59656a4-b6e7-4b87-977c-078c59088a50,aa42017d-812a-4175-bc9b-0fec03b18931,7fa32ea0-e884-435a-a81c-51bbd5cedf3e,Zaloška,24
b59656a4-b6e7-4b87-977c-078c59088a50,aa42017d-812a-4175-bc9b-0fec03b18931,fef200e9-4d98-425b-ab14-8110e2aa85d7,Drama,137
b59656a4-b6e7-4b87-977c-078c59088a50,aa42017d-812a-4175-bc9b-0fec03b18931,77dcd833-fa4d-4c5a-93b1-31284942e61d,Šišenska,112
b59656a4-b6e7-4b87-977c-078c59088a50,aa42017d-812a-4175-bc9b-0fec03b18931,c87db9be-1fba-4102-a743-0ee4317dd5af,Bavarski dvor,162
b59656a4-b6e7-4b87-977c-078c59088a50,aa42017d-812a-4175-bc9b-0fec03b18931,98fa3880-5936-4ec8-ba04-39c7ff9a0e6a,Stara cerkev,105
b59656a4-b6e7-4b87-977c-078c59088a50,aa42017d-812a-4175-bc9b-0fec03b18931,fef200e9-4d98-425b-ab14-8110e2aa85d7,Drama,84
b59656a4-b6e7-4b87-977c-078c59088a50,aa42017d-812a-4175-bc9b-0fec03b18931,a719a87c-4e93-4387-a6d1-2631a487f7e0,Ajdovščina,348
b59656a4-b6e7-4b87-977c-078c59088a50,aa42017d-812a-4175-bc9b-0fec03b18931,023d7b7a-b411-4e61-8746-b07f9e5c8f90,Ambrožev trg,68
b59656a4-b6e7-4b87-977c-078c59088a50,aa42017d-812a-4175-bc9b-0fec03b18931,5d7f28a6-2a2a-4333-aa06-48edfb652f86,Pošta,298
b59656a4-b6e7-4b87-977c-078c59088a50,aa42017d-812a-4175-bc9b-0fec03b18931,a2ce7e6f-0f99-443a-a973-81a0b9c60261,Astra,120
b59656a4-b6e7-4b87-977c-078c59088a50,aa42017d-812a-4175-bc9b-0fec03b18931,cdabf1ea-b04c-480a-8359-72c46e6864ab,Bežigrad,173
b59656a4-b6e7-4b87-977c-078c59088a50,aa42017d-812a-4175-bc9b-0fec03b18931,717dda7e-d793-4697-8f60-b64ee8b1edc4,Gosposvetska,216
b59656a4-b6e7-4b87-977c-078c59088a50,aa42017d-812a-4175-bc9b-0fec03b18931,a719a87c-4e93-4387-a6d1-2631a487f7e0,Ajdovščina,12
b59656a4-b6e7-4b87-977c-078c59088a50,aa42017d-812a-4175-bc9b-0fec03b18931,fef200e9-4d98-425b-ab14-8110e2aa85d7,Drama,404
b59656a4-b6e7-4b87-977c-078c59088a50,aa42017d-812a-4175-bc9b-0fec03b18931,7484317c-269f-425f-8118-23eedab4e5f1,Tivoli,317
b59656a4-b6e7-4b87-977c-078c59088a50,aa42017d-812a-4175-bc9b-0fec03b18931,c627c9f2-af02-4d83-969a-566719bb09e3,GAMELJNE,43
b59656a4-b6e7-4b87-977c-078c59088a50,aa42017d-812a-4175-bc9b-0fec03b18931,c5ec5e81-2ce4-452d-bd7a-595de4f8b34f,Prušnikova,64
b59656a4-b6e7-4b87-977c-078c59088a50,aa42017d-812a-4175-bc9b-0fec03b18931,c87db9be-1fba-4102-a743-0ee4317dd5af,Bavarski dvor,505
b59656a4-b6e7-4b87-977c-078c59088a50,aa42017d-812a-4175-bc9b-0fec03b18931,52e5adea-e194-4fc1-809c-1d6421f8f8db,Kovinarska,52
b59656a4-b6e7-4b87-977c-078c59088a50,aa42017d-812a-4175-bc9b-0fec03b18931,1505c6fe-6080-424e-98d1-24c312cfacf3,Pot na Rakovo jelšo,22
b59656a4-b6e7-4b87-977c-078c59088a50,aa42017d-812a-4175-bc9b-0fec03b18931,c87db9be-1fba-4102-a743-0ee4317dd5af,Bavarski dvor,5
b59656a4-b6e7-4b87-977c-078c59088a50,aa42017d-812a-4175-bc9b-0fec03b18931,98fa3880-5936-4ec8-ba04-39c7ff9a0e6a,Stara cerkev,246
b59656a4-b6e7-4b87-977c-078c59088a50,aa42017d-812a-4175-bc9b-0fec03b18931,c87db9be-1fba-4102-a743-0ee4317dd5af,Bavarski dvor,277
b59656a4-b6e7-4b87-977c-078c59088a50,aa42017d-812a-4175-bc9b-0fec03b18931,484b5c91-1220-43ba-af79-84e712fcc46b,Slovenija avto,125
b59656a4-b6e7-4b87-977c-078c59088a50,aa42017d-812a-4175-bc9b-0fec03b18931,484b5c91-1220-43ba-af79-84e712fcc46b,Slovenija avto,185
b59656a4-b6e7-4b87-977c-078c59088a50,aa42017d-812a-4175-bc9b-0fec03b18931,1ce1c3a8-e0f6-4f90-b1aa-1448759d8b3c,Astra,169
b59656a4-b6e7-4b87-977c-078c59088a50,aa42017d-812a-4175-bc9b-0fec03b18931,484b5c91-1220-43ba-af79-84e712fcc46b,Slovenija avto,498
b59656a4-b6e7-4b87-977c-078c59088a50,aa42017d-812a-4175-bc9b-0fec03b18931,717dda7e-d793-4697-8f60-b64ee8b1edc4,Gosposvetska,231
b59656a4-b6e7-4b87-977c-078c59088a50,aa42017d-812a-4175-bc9b-0fec03b18931,cdabf1ea-b04c-480a-8359-72c46e6864ab,Bežigrad,102
b59656a4-b6e7-4b87-977c-078c59088a50,aa42017d-812a-4175-bc9b-0fec03b18931,7fa32ea0-e884-435a-a81c-51bbd5cedf3e,Zaloška,139
b59656a4-b6e7-4b87-977c-078c59088a50,aa42017d-812a-4175-bc9b-0fec03b18931,7eb88e01-82e9-4af4-84d0-69c6ea9dc82c,Kolodvor,263
b59656a4-b6e7-4b87-977c-078c59088a50,aa42017d-812a-4175-bc9b-0fec03b18931,7eb88e01-82e9-4af4-84d0-69c6ea9dc82c,Kolodvor,113
b59656a4-b6e7-4b87-977c-078c59088a50,aa42017d-812a-4175-bc9b-0fec03b18931,9cfac7e2-9653-4e52-a6d3-27756d27f817,Kino Šiška,116
b59656a4-b6e7-4b87-977c-078c59088a50,aa42017d-812a-4175-bc9b-0fec03b18931,a719a87c-4e93-4387-a6d1-2631a487f7e0,Ajdovščina,336
b59656a4-b6e7-4b87-977c-078c59088a50,aa42017d-812a-4175-bc9b-0fec03b18931,cdabf1ea-b04c-480a-8359-72c46e6864ab,Bežigrad,295
b59656a4-b6e7-4b87-977c-078c59088a50,aa42017d-812a-4175-bc9b-0fec03b18931,223f660b-c391-4120-bf3c-7bf06781686b,Tovorni kolodvor,206
b59656a4-b6e7-4b87-977c-078c59088a50,aa42017d-812a-4175-bc9b-0fec03b18931,a0e0a21b-b8ce-4d76-bbc2-04e179367fee,Šola Jarše,73
b59656a4-b6e7-4b87-977c-078c59088a50,aa42017d-812a-4175-bc9b-0fec03b18931,a719a87c-4e93-4387-a6d1-2631a487f7e0,Ajdovščina,243
b59656a4-b6e7-4b87-977c-078c59088a50,aa42017d-812a-4175-bc9b-0fec03b18931,295616c0-387b-4f60-a337-7743cd6be04e,Bavarski dvor,25
b59656a4-b6e7-4b87-977c-078c59088a50,aa42017d-812a-4175-bc9b-0fec03b18931,023d7b7a-b411-4e61-8746-b07f9e5c8f90,Ambrožev trg,60
b59656a4-b6e7-4b87-977c-078c59088a50,aa42017d-812a-4175-bc9b-0fec03b18931,b59656a4-b6e7-4b87-977c-078c59088a50,Hajdrihova,605
b59656a4-b6e7-4b87-977c-078c59088a50,aa42017d-812a-4175-bc9b-0fec03b18931,c22879e5-8e90-4540-9a74-5f139208e492,Friškovec,33
b59656a4-b6e7-4b87-977c-078c59088a50,aa42017d-812a-4175-bc9b-0fec03b18931,a719a87c-4e93-4387-a6d1-2631a487f7e0,Ajdovščina,200
b59656a4-b6e7-4b87-977c-078c59088a50,aa42017d-812a-4175-bc9b-0fec03b18931,295616c0-387b-4f60-a337-7743cd6be04e,Bavarski dvor,199
b59656a4-b6e7-4b87-977c-078c59088a50,aa42017d-812a-4175-bc9b-0fec03b18931,6bd46cb7-9e5d-453a-878a-bcc38fb2a5f2,Sava,575
b59656a4-b6e7-4b87-977c-078c59088a50,aa42017d-812a-4175-bc9b-0fec03b18931,454817d3-3750-49c7-994c-14d06fd2c634,Žale,142
b59656a4-b6e7-4b87-977c-078c59088a50,aa42017d-812a-4175-bc9b-0fec03b18931,c87db9be-1fba-4102-a743-0ee4317dd5af,Bavarski dvor,164
b59656a4-b6e7-4b87-977c-078c59088a50,aa42017d-812a-4175-bc9b-0fec03b18931,717dda7e-d793-4697-8f60-b64ee8b1edc4,Gosposvetska,140
b59656a4-b6e7-4b87-977c-078c59088a50,aa42017d-812a-4175-bc9b-0fec03b18931,fef200e9-4d98-425b-ab14-8110e2aa85d7,Drama,21
b59656a4-b6e7-4b87-977c-078c59088a50,aa42017d-812a-4175-bc9b-0fec03b18931,ac3afe7d-a2b3-4d5d-9e6a-1d2412a3bc70,Litostrojska,8
b59656a4-b6e7-4b87-977c-078c59088a50,aa42017d-812a-4175-bc9b-0fec03b18931,6a89c110-a0f8-4b1a-87f0-33f49c0a658e,Šola Jarše,187
b59656a4-b6e7-4b87-977c-078c59088a50,aa42017d-812a-4175-bc9b-0fec03b18931,717dda7e-d793-4697-8f60-b64ee8b1edc4,Gosposvetska,250
b59656a4-b6e7-4b87-977c-078c59088a50,aa42017d-812a-4175-bc9b-0fec03b18931,1ce1c3a8-e0f6-4f90-b1aa-1448759d8b3c,Astra,54
b59656a4-b6e7-4b87-977c-078c59088a50,aa42017d-812a-4175-bc9b-0fec03b18931,b59656a4-b6e7-4b87-977c-078c59088a50,Hajdrihova,332
b59656a4-b6e7-4b87-977c-078c59088a50,aa42017d-812a-4175-bc9b-0fec03b18931,5d7f28a6-2a2a-4333-aa06-48edfb652f86,Pošta,568
b59656a4-b6e7-4b87-977c-078c59088a50,aa42017d-812a-4175-bc9b-0fec03b18931,295616c0-387b-4f60-a337-7743cd6be04e,Bavarski dvor,144
b59656a4-b6e7-4b87-977c-078c59088a50,aa42017d-812a-4175-bc9b-0fec03b18931,a719a87c-4e93-4387-a6d1-2631a487f7e0,Ajdovščina,160
b59656a4-b6e7-4b87-977c-078c59088a50,aa42017d-812a-4175-bc9b-0fec03b18931,a719a87c-4e93-4387-a6d1-2631a487f7e0,Ajdovščina,148
b59656a4-b6e7-4b87-977c-078c59088a50,aa42017d-812a-4175-bc9b-0fec03b18931,484b5c91-1220-43ba-af79-84e712fcc46b,Slovenija avto,155
b59656a4-b6e7-4b87-977c-078c59088a50,aa42017d-812a-4175-bc9b-0fec03b18931,a2ce7e6f-0f99-443a-a973-81a0b9c60261,Astra,107
b59656a4-b6e7-4b87-977c-078c59088a50,aa42017d-812a-4175-bc9b-0fec03b18931,f33b721f-a8a3-4aad-96f2-077da09ebaa6,Razstavišče,60
b59656a4-b6e7-4b87-977c-078c59088a50,aa42017d-812a-4175-bc9b-0fec03b18931,9a1c4c65-df77-481f-87ad-56143f02a864,Vižmarje,80
b59656a4-b6e7-4b87-977c-078c59088a50,aa42017d-812a-4175-bc9b-0fec03b18931,6182f8e8-c45e-4606-b4a4-d909bd44d2cc,Gornji trg,46
b59656a4-b6e7-4b87-977c-078c59088a50,aa42017d-812a-4175-bc9b-0fec03b18931,fef200e9-4d98-425b-ab14-8110e2aa85d7,Drama,28
b59656a4-b6e7-4b87-977c-078c59088a50,aa42017d-812a-4175-bc9b-0fec03b18931,379bc761-04b5-4227-be76-3b870fe3e69f,Pot na Fužine,33
b59656a4-b6e7-4b87-977c-078c59088a50,aa42017d-812a-4175-bc9b-0fec03b18931,c87db9be-1fba-4102-a743-0ee4317dd5af,Bavarski dvor,31
b59656a4-b6e7-4b87-977c-078c59088a50,aa42017d-812a-4175-bc9b-0fec03b18931,5d7f28a6-2a2a-4333-aa06-48edfb652f86,Pošta,39
b59656a4-b6e7-4b87-977c-078c59088a50,aa42017d-812a-4175-bc9b-0fec03b18931,295616c0-387b-4f60-a337-7743cd6be04e,Bavarski dvor,201
b59656a4-b6e7-4b87-977c-078c59088a50,aa42017d-812a-4175-bc9b-0fec03b18931,86a75ffc-a78f-401f-8991-2eb0371417b2,Studenec,52
b59656a4-b6e7-4b87-977c-078c59088a50,aa42017d-812a-4175-bc9b-0fec03b18931,295616c0-387b-4f60-a337-7743cd6be04e,Bavarski dvor,86
b59656a4-b6e7-4b87-977c-078c59088a50,aa42017d-812a-4175-bc9b-0fec03b18931,093afa81-b65f-4182-bac3-afbc00558a9b,Koseze,335
b59656a4-b6e7-4b87-977c-078c59088a50,aa42017d-812a-4175-bc9b-0fec03b18931,c87db9be-1fba-4102-a743-0ee4317dd5af,Bavarski dvor,570
b59656a4-b6e7-4b87-977c-078c59088a50,aa42017d-812a-4175-bc9b-0fec03b18931,717c914e-f928-4671-95f6-26c1ddb95799,Cesta v Gorice,478
b59656a4-b6e7-4b87-977c-078c59088a50,aa42017d-812a-4175-bc9b-0fec03b18931,a0e0a21b-b8ce-4d76-bbc2-04e179367fee,Šola Jarše,27
b59656a4-b6e7-4b87-977c-078c59088a50,aa42017d-812a-4175-bc9b-0fec03b18931,f33b721f-a8a3-4aad-96f2-077da09ebaa6,Razstavišče,157
b59656a4-b6e7-4b87-977c-078c59088a50,aa42017d-812a-4175-bc9b-0fec03b18931,a719a87c-4e93-4387-a6d1-2631a487f7e0,Ajdovščina,44
b59656a4-b6e7-4b87-977c-078c59088a50,aa42017d-812a-4175-bc9b-0fec03b18931,5d7f28a6-2a2a-4333-aa06-48edfb652f86,Pošta,429
b59656a4-b6e7-4b87-977c-078c59088a50,aa42017d-812a-4175-bc9b-0fec03b18931,fef200e9-4d98-425b-ab14-8110e2aa85d7,Drama,18
b59656a4-b6e7-4b87-977c-078c59088a50,aa42017d-812a-4175-bc9b-0fec03b18931,cdabf1ea-b04c-480a-8359-72c46e6864ab,Bežigrad,97
b59656a4-b6e7-4b87-977c-078c59088a50,aa42017d-812a-4175-bc9b-0fec03b18931,77dcd833-fa4d-4c5a-93b1-31284942e61d,Šišenska,137
b59656a4-b6e7-4b87-977c-078c59088a50,aa42017d-812a-4175-bc9b-0fec03b18931,a0e0a21b-b8ce-4d76-bbc2-04e179367fee,Šola Jarše,107
b59656a4-b6e7-4b87-977c-078c59088a50,aa42017d-812a-4175-bc9b-0fec03b18931,c87db9be-1fba-4102-a743-0ee4317dd5af,Bavarski dvor,182
b59656a4-b6e7-4b87-977c-078c59088a50,aa42017d-812a-4175-bc9b-0fec03b18931,1b3ddeca-a066-43ee-9ae5-8339628129c2,Žale,278
b59656a4-b6e7-4b87-977c-078c59088a50,aa42017d-812a-4175-bc9b-0fec03b18931,fef200e9-4d98-425b-ab14-8110e2aa85d7,Drama,180
b59656a4-b6e7-4b87-977c-078c59088a50,aa42017d-812a-4175-bc9b-0fec03b18931,7484317c-269f-425f-8118-23eedab4e5f1,Tivoli,23
b59656a4-b6e7-4b87-977c-078c59088a50,aa42017d-812a-4175-bc9b-0fec03b18931,aa42017d-812a-4175-bc9b-0fec03b18931,Ambrožev trg,102
b59656a4-b6e7-4b87-977c-078c59088a50,aa42017d-812a-4175-bc9b-0fec03b18931,295616c0-387b-4f60-a337-7743cd6be04e,Bavarski dvor,404
b59656a4-b6e7-4b87-977c-078c59088a50,aa42017d-812a-4175-bc9b-0fec03b18931,454817d3-3750-49c7-994c-14d06fd2c634,Žale,45
b59656a4-b6e7-4b87-977c-078c59088a50,aa42017d-812a-4175-bc9b-0fec03b18931,c22879e5-8e90-4540-9a74-5f139208e492,Friškovec,370
b59656a4-b6e7-4b87-977c-078c59088a50,aa42017d-812a-4175-bc9b-0fec03b18931,4038e02e-f22f-4af0-ba4f-7aab855b53af,Kneza Koclja,250
b59656a4-b6e7-4b87-977c-078c59088a50,aa42017d-812a-4175-bc9b-0fec03b18931,a719a87c-4e93-4387-a6d1-2631a487f7e0,Ajdovščina,79
b59656a4-b6e7-4b87-977c-078c59088a50,aa42017d-812a-4175-bc9b-0fec03b18931,484b5c91-1220-43ba-af79-84e712fcc46b,Slovenija avto,23
b59656a4-b6e7-4b87-977c-078c59088a50,aa42017d-812a-4175-bc9b-0fec03b18931,fef200e9-4d98-425b-ab14-8110e2aa85d7,Drama,161
b59656a4-b6e7-4b87-977c-078c59088a50,aa42017d-812a-4175-bc9b-0fec03b18931,a719a87c-4e93-4387-a6d1-2631a487f7e0,Ajdovščina,16
b59656a4-b6e7-4b87-977c-078c59088a50,aa42017d-812a-4175-bc9b-0fec03b18931,295616c0-387b-4f60-a337-7743cd6be04e,Bavarski dvor,154
b59656a4-b6e7-4b87-977c-078c59088a50,aa42017d-812a-4175-bc9b-0fec03b18931,4e8ccfa1-b58c-4ee1-ad82-2e8a645071f3,Sostro - 2,55
b59656a4-b6e7-4b87-977c-078c59088a50,aa42017d-812a-4175-bc9b-0fec03b18931,fef200e9-4d98-425b-ab14-8110e2aa85d7,Drama,145
b59656a4-b6e7-4b87-977c-078c59088a50,aa42017d-812a-4175-bc9b-0fec03b18931,fef200e9-4d98-425b-ab14-8110e2aa85d7,Drama,130
b59656a4-b6e7-4b87-977c-078c59088a50,aa42017d-812a-4175-bc9b-0fec03b18931,7bcbdcaa-00b9-47d4-8982-09da26cd7bcb,Zaloška,57
b59656a4-b6e7-4b87-977c-078c59088a50,aa42017d-812a-4175-bc9b-0fec03b18931,7310c006-62b8-4f94-bb9c-d5c26cb3faad,Polje,76
b59656a4-b6e7-4b87-977c-078c59088a50,aa42017d-812a-4175-bc9b-0fec03b18931,f33b721f-a8a3-4aad-96f2-077da09ebaa6,Razstavišče,87
b59656a4-b6e7-4b87-977c-078c59088a50,aa42017d-812a-4175-bc9b-0fec03b18931,N/A,N/A,660
b59656a4-b6e7-4b87-977c-078c59088a50,aa42017d-812a-4175-bc9b-0fec03b18931,fef200e9-4d98-425b-ab14-8110e2aa85d7,Drama,295
b59656a4-b6e7-4b87-977c-078c59088a50,aa42017d-812a-4175-bc9b-0fec03b18931,c87db9be-1fba-4102-a743-0ee4317dd5af,Bavarski dvor,306
b59656a4-b6e7-4b87-977c-078c59088a50,aa42017d-812a-4175-bc9b-0fec03b18931,7bcbdcaa-00b9-47d4-8982-09da26cd7bcb,Zaloška,174
b59656a4-b6e7-4b87-977c-078c59088a50,aa42017d-812a-4175-bc9b-0fec03b18931,6a89c110-a0f8-4b1a-87f0-33f49c0a658e,Šola Jarše,197
b59656a4-b6e7-4b87-977c-078c59088a50,aa42017d-812a-4175-bc9b-0fec03b18931,a719a87c-4e93-4387-a6d1-2631a487f7e0,Ajdovščina,446
b59656a4-b6e7-4b87-977c-078c59088a50,aa42017d-812a-4175-bc9b-0fec03b18931,295616c0-387b-4f60-a337-7743cd6be04e,Bavarski dvor,225
b59656a4-b6e7-4b87-977c-078c59088a50,aa42017d-812a-4175-bc9b-0fec03b18931,1b3ddeca-a066-43ee-9ae5-8339628129c2,Žale,147
b59656a4-b6e7-4b87-977c-078c59088a50,aa42017d-812a-4175-bc9b-0fec03b18931,6edebb46-d04f-45c4-99a4-100f7f0b2660,Zadvor,325
b59656a4-b6e7-4b87-977c-078c59088a50,aa42017d-812a-4175-bc9b-0fec03b18931,c87db9be-1fba-4102-a743-0ee4317dd5af,Bavarski dvor,179
b59656a4-b6e7-4b87-977c-078c59088a50,aa42017d-812a-4175-bc9b-0fec03b18931,484b5c91-1220-43ba-af79-84e712fcc46b,Slovenija avto,179
b59656a4-b6e7-4b87-977c-078c59088a50,aa42017d-812a-4175-bc9b-0fec03b18931,fb0042f8-d9e2-4916-b60a-38a026acf0c9,Leskoškova,114
b59656a4-b6e7-4b87-977c-078c59088a50,aa42017d-812a-4175-bc9b-0fec03b18931,5d7f28a6-2a2a-4333-aa06-48edfb652f86,Pošta,52
b59656a4-b6e7-4b87-977c-078c59088a50,aa42017d-812a-4175-bc9b-0fec03b18931,cdabf1ea-b04c-480a-8359-72c46e6864ab,Bežigrad,68
b59656a4-b6e7-4b87-977c-078c59088a50,aa42017d-812a-4175-bc9b-0fec03b18931,223f660b-c391-4120-bf3c-7bf06781686b,Tovorni kolodvor,213
b59656a4-b6e7-4b87-977c-078c59088a50,aa42017d-812a-4175-bc9b-0fec03b18931,c87db9be-1fba-4102-a743-0ee4317dd5af,Bavarski dvor,77
b59656a4-b6e7-4b87-977c-078c59088a50,aa42017d-812a-4175-bc9b-0fec03b18931,223f660b-c391-4120-bf3c-7bf06781686b,Tovorni kolodvor,114
b59656a4-b6e7-4b87-977c-078c59088a50,aa42017d-812a-4175-bc9b-0fec03b18931,f33b721f-a8a3-4aad-96f2-077da09ebaa6,Razstavišče,45
b59656a4-b6e7-4b87-977c-078c59088a50,aa42017d-812a-4175-bc9b-0fec03b18931,98fa3880-5936-4ec8-ba04-39c7ff9a0e6a,Stara cerkev,18
b59656a4-b6e7-4b87-977c-078c59088a50,aa42017d-812a-4175-bc9b-0fec03b18931,N/A,N/A,660
b59656a4-b6e7-4b87-977c-078c59088a50,aa42017d-812a-4175-bc9b-0fec03b18931,f14a6236-8af2-47bf-9270-432377662a63,Viadukt,182
b59656a4-b6e7-4b87-977c-078c59088a50,aa42017d-812a-4175-bc9b-0fec03b18931,c87db9be-1fba-4102-a743-0ee4317dd5af,Bavarski dvor,30
b59656a4-b6e7-4b87-977c-078c59088a50,aa42017d-812a-4175-bc9b-0fec03b18931,a719a87c-4e93-4387-a6d1-2631a487f7e0,Ajdovščina,30
b59656a4-b6e7-4b87-977c-078c59088a50,aa42017d-812a-4175-bc9b-0fec03b18931,295616c0-387b-4f60-a337-7743cd6be04e,Bavarski dvor,45
b59656a4-b6e7-4b87-977c-078c59088a50,aa42017d-812a-4175-bc9b-0fec03b18931,c87db9be-1fba-4102-a743-0ee4317dd5af,Bavarski dvor,157
b59656a4-b6e7-4b87-977c-078c59088a50,aa42017d-812a-4175-bc9b-0fec03b18931,7c149b59-2bc6-45cb-95c8-69e18a0db627,Rusjanov trg,310
b59656a4-b6e7-4b87-977c-078c59088a50,aa42017d-812a-4175-bc9b-0fec03b18931,f33b721f-a8a3-4aad-96f2-077da09ebaa6,Razstavišče,31
b59656a4-b6e7-4b87-977c-078c59088a50,aa42017d-812a-4175-bc9b-0fec03b18931,717dda7e-d793-4697-8f60-b64ee8b1edc4,Gosposvetska,223
b59656a4-b6e7-4b87-977c-078c59088a50,aa42017d-812a-4175-bc9b-0fec03b18931,c87db9be-1fba-4102-a743-0ee4317dd5af,Bavarski dvor,171
b59656a4-b6e7-4b87-977c-078c59088a50,aa42017d-812a-4175-bc9b-0fec03b18931,c22879e5-8e90-4540-9a74-5f139208e492,Friškovec,89
b59656a4-b6e7-4b87-977c-078c59088a50,aa42017d-812a-4175-bc9b-0fec03b18931,6182f8e8-c45e-4606-b4a4-d909bd44d2cc,Gornji trg,202
b59656a4-b6e7-4b87-977c-078c59088a50,aa42017d-812a-4175-bc9b-0fec03b18931,N/A,N/A,660
b59656a4-b6e7-4b87-977c-078c59088a50,aa42017d-812a-4175-bc9b-0fec03b18931,c87db9be-1fba-4102-a743-0ee4317dd5af,Bavarski dvor,154
b59656a4-b6e7-4b87-977c-078c59088a50,aa42017d-812a-4175-bc9b-0fec03b18931,c87db9be-1fba-4102-a743-0ee4317dd5af,Bavarski dvor,73
b59656a4-b6e7-4b87-977c-078c59088a50,aa42017d-812a-4175-bc9b-0fec03b18931,454817d3-3750-49c7-994c-14d06fd2c634,Žale,203
b59656a4-b6e7-4b87-977c-078c59088a50,aa42017d-812a-4175-bc9b-0fec03b18931,fef200e9-4d98-425b-ab14-8110e2aa85d7,Drama,159
b59656a4-b6e7-4b87-977c-078c59088a50,aa42017d-812a-4175-bc9b-0fec03b18931,88cdd36c-03d2-4374-a22f-110dd9f75ea0,Kajuhova,622
b59656a4-b6e7-4b87-977c-078c59088a50,aa42017d-812a-4175-bc9b-0fec03b18931,f33b721f-a8a3-4aad-96f2-077da09ebaa6,Razstavišče,276
b59656a4-b6e7-4b87-977c-078c59088a50,aa42017d-812a-4175-bc9b-0fec03b18931,7fa32ea0-e884-435a-a81c-51bbd5cedf3e,Zaloška,98
b59656a4-b6e7-4b87-977c-078c59088a50,aa42017d-812a-4175-bc9b-0fec03b18931,5d7f28a6-2a2a-4333-aa06-48edfb652f86,Pošta,46
b59656a4-b6e7-4b87-977c-078c59088a50,aa42017d-812a-4175-bc9b-0fec03b18931,5d7f28a6-2a2a-4333-aa06-48edfb652f86,Pošta,76
b59656a4-b6e7-4b87-977c-078c59088a50,aa42017d-812a-4175-bc9b-0fec03b18931,1b3ddeca-a066-43ee-9ae5-8339628129c2,Žale,129
b59656a4-b6e7-4b87-977c-078c59088a50,aa42017d-812a-4175-bc9b-0fec03b18931,295616c0-387b-4f60-a337-7743cd6be04e,Bavarski dvor,7
b59656a4-b6e7-4b87-977c-078c59088a50,aa42017d-812a-4175-bc9b-0fec03b18931,fef200e9-4d98-425b-ab14-8110e2aa85d7,Drama,16
b59656a4-b6e7-4b87-977c-078c59088a50,aa42017d-812a-4175-bc9b-0fec03b18931,f33b721f-a8a3-4aad-96f2-077da09ebaa6,Razstavišče,63
b59656a4-b6e7-4b87-977c-078c59088a50,aa42017d-812a-4175-bc9b-0fec03b18931,7c149b59-2bc6-45cb-95c8-69e18a0db627,Rusjanov trg,30
b59656a4-b6e7-4b87-977c-078c59088a50,aa42017d-812a-4175-bc9b-0fec03b18931,295616c0-387b-4f60-a337-7743cd6be04e,Bavarski dvor,29
b59656a4-b6e7-4b87-977c-078c59088a50,aa42017d-812a-4175-bc9b-0fec03b18931,295616c0-387b-4f60-a337-7743cd6be04e,Bavarski dvor,166
b59656a4-b6e7-4b87-977c-078c59088a50,aa42017d-812a-4175-bc9b-0fec03b18931,a0b1fb90-3f6a-4231-910a-18be192ac762,Flajšmanova,6
b59656a4-b6e7-4b87-977c-078c59088a50,aa42017d-812a-4175-bc9b-0fec03b18931,484b5c91-1220-43ba-af79-84e712fcc46b,Slovenija avto,10
b59656a4-b6e7-4b87-977c-078c59088a50,aa42017d-812a-4175-bc9b-0fec03b18931,5d7f28a6-2a2a-4333-aa06-48edfb652f86,Pošta,108
b59656a4-b6e7-4b87-977c-078c59088a50,aa42017d-812a-4175-bc9b-0fec03b18931,c87db9be-1fba-4102-a743-0ee4317dd5af,Bavarski dvor,188
b59656a4-b6e7-4b87-977c-078c59088a50,aa42017d-812a-4175-bc9b-0fec03b18931,N/A,N/A,660
b59656a4-b6e7-4b87-977c-078c59088a50,aa42017d-812a-4175-bc9b-0fec03b18931,f15ddf31-fc11-41ba-988d-376c83e38f58,Vodovodna,59
b59656a4-b6e7-4b87-977c-078c59088a50,aa42017d-812a-4175-bc9b-0fec03b18931,fef200e9-4d98-425b-ab14-8110e2aa85d7,Drama,362
b59656a4-b6e7-4b87-977c-078c59088a50,aa42017d-812a-4175-bc9b-0fec03b18931,609f0950-bb8c-4eaf-a931-8575b8aff1ac,Savske stolpnice,132
b59656a4-b6e7-4b87-977c-078c59088a50,aa42017d-812a-4175-bc9b-0fec03b18931,f33b721f-a8a3-4aad-96f2-077da09ebaa6,Razstavišče,98
b59656a4-b6e7-4b87-977c-078c59088a50,aa42017d-812a-4175-bc9b-0fec03b18931,484b5c91-1220-43ba-af79-84e712fcc46b,Slovenija avto,75
b59656a4-b6e7-4b87-977c-078c59088a50,aa42017d-812a-4175-bc9b-0fec03b18931,5d7f28a6-2a2a-4333-aa06-48edfb652f86,Pošta,37
b59656a4-b6e7-4b87-977c-078c59088a50,aa42017d-812a-4175-bc9b-0fec03b18931,a2ce7e6f-0f99-443a-a973-81a0b9c60261,Astra,112
b59656a4-b6e7-4b87-977c-078c59088a50,aa42017d-812a-4175-bc9b-0fec03b18931,c87db9be-1fba-4102-a743-0ee4317dd5af,Bavarski dvor,38
b59656a4-b6e7-4b87-977c-078c59088a50,aa42017d-812a-4175-bc9b-0fec03b18931,cee2862b-9b70-4880-8fa3-16c6d2efae1b,AMZS,66
b59656a4-b6e7-4b87-977c-078c59088a50,aa42017d-812a-4175-bc9b-0fec03b18931,c297ac70-8f43-4fbc-a8a4-366ddb883a8d,Bonifacija,103
b59656a4-b6e7-4b87-977c-078c59088a50,aa42017d-812a-4175-bc9b-0fec03b18931,9cfac7e2-9653-4e52-a6d3-27756d27f817,Kino Šiška,251
b59656a4-b6e7-4b87-977c-078c59088a50,aa42017d-812a-4175-bc9b-0fec03b18931,a0e0a21b-b8ce-4d76-bbc2-04e179367fee,Šola Jarše,241
b59656a4-b6e7-4b87-977c-078c59088a50,aa42017d-812a-4175-bc9b-0fec03b18931,a719a87c-4e93-4387-a6d1-2631a487f7e0,Ajdovščina,39
b59656a4-b6e7-4b87-977c-078c59088a50,aa42017d-812a-4175-bc9b-0fec03b18931,7484317c-269f-425f-8118-23eedab4e5f1,Tivoli,162
b59656a4-b6e7-4b87-977c-078c59088a50,aa42017d-812a-4175-bc9b-0fec03b18931,a0e0a21b-b8ce-4d76-bbc2-04e179367fee,Šola Jarše,146
b59656a4-b6e7-4b87-977c-078c59088a50,aa42017d-812a-4175-bc9b-0fec03b18931,c87db9be-1fba-4102-a743-0ee4317dd5af,Bavarski dvor,24
b59656a4-b6e7-4b87-977c-078c59088a50,aa42017d-812a-4175-bc9b-0fec03b18931,a719a87c-4e93-4387-a6d1-2631a487f7e0,Ajdovščina,176
b59656a4-b6e7-4b87-977c-078c59088a50,aa42017d-812a-4175-bc9b-0fec03b18931,fef200e9-4d98-425b-ab14-8110e2aa85d7,Drama,229
b59656a4-b6e7-4b87-977c-078c59088a50,aa42017d-812a-4175-bc9b-0fec03b18931,7fa32ea0-e884-435a-a81c-51bbd5cedf3e,Zaloška,315
b59656a4-b6e7-4b87-977c-078c59088a50,aa42017d-812a-4175-bc9b-0fec03b18931,484b5c91-1220-43ba-af79-84e712fcc46b,Slovenija avto,11
b59656a4-b6e7-4b87-977c-078c59088a50,aa42017d-812a-4175-bc9b-0fec03b18931,f4cfd904-bd11-4247-95df-32c4555a930f,Klinični center,90
b59656a4-b6e7-4b87-977c-078c59088a50,aa42017d-812a-4175-bc9b-0fec03b18931,7fa32ea0-e884-435a-a81c-51bbd5cedf3e,Zaloška,84
b59656a4-b6e7-4b87-977c-078c59088a50,aa42017d-812a-4175-bc9b-0fec03b18931,717dda7e-d793-4697-8f60-b64ee8b1edc4,Gosposvetska,29
b59656a4-b6e7-4b87-977c-078c59088a50,aa42017d-812a-4175-bc9b-0fec03b18931,a719a87c-4e93-4387-a6d1-2631a487f7e0,Ajdovščina,205
b59656a4-b6e7-4b87-977c-078c59088a50,aa42017d-812a-4175-bc9b-0fec03b18931,fef200e9-4d98-425b-ab14-8110e2aa85d7,Drama,308
b59656a4-b6e7-4b87-977c-078c59088a50,aa42017d-812a-4175-bc9b-0fec03b18931,N/A,N/A,660
b59656a4-b6e7-4b87-977c-078c59088a50,aa42017d-812a-4175-bc9b-0fec03b18931,c5ec5e81-2ce4-452d-bd7a-595de4f8b34f,Prušnikova,523
b59656a4-b6e7-4b87-977c-078c59088a50,aa42017d-812a-4175-bc9b-0fec03b18931,c87db9be-1fba-4102-a743-0ee4317dd5af,Bavarski dvor,15
b59656a4-b6e7-4b87-977c-078c59088a50,aa42017d-812a-4175-bc9b-0fec03b18931,6182f8e8-c45e-4606-b4a4-d909bd44d2cc,Gornji trg,185
b59656a4-b6e7-4b87-977c-078c59088a50,aa42017d-812a-4175-bc9b-0fec03b18931,c87db9be-1fba-4102-a743-0ee4317dd5af,Bavarski dvor,94
b59656a4-b6e7-4b87-977c-078c59088a50,aa42017d-812a-4175-bc9b-0fec03b18931,295616c0-387b-4f60-a337-7743cd6be04e,Bavarski dvor,145
b59656a4-b6e7-4b87-977c-078c59088a50,aa42017d-812a-4175-bc9b-0fec03b18931,484b5c91-1220-43ba-af79-84e712fcc46b,Slovenija avto,40
b59656a4-b6e7-4b87-977c-078c59088a50,aa42017d-812a-4175-bc9b-0fec03b18931,3c6ebf90-c611-4535-b2b0-22fba3f7649a,Štajerska,62
b59656a4-b6e7-4b87-977c-078c59088a50,aa42017d-812a-4175-bc9b-0fec03b18931,e6f5183b-c615-4f47-b4fb-204ee070e825,Bežigrad,142
b59656a4-b6e7-4b87-977c-078c59088a50,aa42017d-812a-4175-bc9b-0fec03b18931,a0e0a21b-b8ce-4d76-bbc2-04e179367fee,Šola Jarše,256
b59656a4-b6e7-4b87-977c-078c59088a50,aa42017d-812a-4175-bc9b-0fec03b18931,295616c0-387b-4f60-a337-7743cd6be04e,Bavarski dvor,72
b59656a4-b6e7-4b87-977c-078c59088a50,aa42017d-812a-4175-bc9b-0fec03b18931,717dda7e-d793-4697-8f60-b64ee8b1edc4,Gosposvetska,228
b59656a4-b6e7-4b87-977c-078c59088a50,aa42017d-812a-4175-bc9b-0fec03b18931,bc66f88b-1412-44cb-b921-030d27335261,Sneberje,210
b59656a4-b6e7-4b87-977c-078c59088a50,aa42017d-812a-4175-bc9b-0fec03b18931,c87db9be-1fba-4102-a743-0ee4317dd5af,Bavarski dvor,201
b59656a4-b6e7-4b87-977c-078c59088a50,aa42017d-812a-4175-bc9b-0fec03b18931,a719a87c-4e93-4387-a6d1-2631a487f7e0,Ajdovščina,161
b59656a4-b6e7-4b87-977c-078c59088a50,aa42017d-812a-4175-bc9b-0fec03b18931,e6f5183b-c615-4f47-b4fb-204ee070e825,Bežigrad,634
b59656a4-b6e7-4b87-977c-078c59088a50,aa42017d-812a-4175-bc9b-0fec03b18931,fef200e9-4d98-425b-ab14-8110e2aa85d7,Drama,15
b59656a4-b6e7-4b87-977c-078c59088a50,aa42017d-812a-4175-bc9b-0fec03b18931,5d7f28a6-2a2a-4333-aa06-48edfb652f86,Pošta,319
b59656a4-b6e7-4b87-977c-078c59088a50,aa42017d-812a-4175-bc9b-0fec03b18931,295616c0-387b-4f60-a337-7743cd6be04e,Bavarski dvor,49
b59656a4-b6e7-4b87-977c-078c59088a50,aa42017d-812a-4175-bc9b-0fec03b18931,6a89c110-a0f8-4b1a-87f0-33f49c0a658e,Šola Jarše,37
b59656a4-b6e7-4b87-977c-078c59088a50,aa42017d-812a-4175-bc9b-0fec03b18931,295616c0-387b-4f60-a337-7743cd6be04e,Bavarski dvor,306
b59656a4-b6e7-4b87-977c-078c59088a50,aa42017d-812a-4175-bc9b-0fec03b18931,f33b721f-a8a3-4aad-96f2-077da09ebaa6,Razstavišče,259
b59656a4-b6e7-4b87-977c-078c59088a50,aa42017d-812a-4175-bc9b-0fec03b18931,5d7f28a6-2a2a-4333-aa06-48edfb652f86,Pošta,64
b59656a4-b6e7-4b87-977c-078c59088a50,aa42017d-812a-4175-bc9b-0fec03b18931,e6f5183b-c615-4f47-b4fb-204ee070e825,Bežigrad,203
b59656a4-b6e7-4b87-977c-078c59088a50,aa42017d-812a-4175-bc9b-0fec03b18931,a719a87c-4e93-4387-a6d1-2631a487f7e0,Ajdovščina,156
b59656a4-b6e7-4b87-977c-078c59088a50,aa42017d-812a-4175-bc9b-0fec03b18931,a2ce7e6f-0f99-443a-a973-81a0b9c60261,Astra,126
b59656a4-b6e7-4b87-977c-078c59088a50,aa42017d-812a-4175-bc9b-0fec03b18931,295616c0-387b-4f60-a337-7743cd6be04e,Bavarski dvor,384
b59656a4-b6e7-4b87-977c-078c59088a50,aa42017d-812a-4175-bc9b-0fec03b18931,484b5c91-1220-43ba-af79-84e712fcc46b,Slovenija avto,100
b59656a4-b6e7-4b87-977c-078c59088a50,aa42017d-812a-4175-bc9b-0fec03b18931,fef200e9-4d98-425b-ab14-8110e2aa85d7,Drama,92
b59656a4-b6e7-4b87-977c-078c59088a50,aa42017d-812a-4175-bc9b-0fec03b18931,8598b85d-3e1d-4767-b72f-0c209038841f,Štepanja vas,34
b59656a4-b6e7-4b87-977c-078c59088a50,aa42017d-812a-4175-bc9b-0fec03b18931,c87db9be-1fba-4102-a743-0ee4317dd5af,Bavarski dvor,199
b59656a4-b6e7-4b87-977c-078c59088a50,aa42017d-812a-4175-bc9b-0fec03b18931,7fa32ea0-e884-435a-a81c-51bbd5cedf3e,Zaloška,106
b59656a4-b6e7-4b87-977c-078c59088a50,aa42017d-812a-4175-bc9b-0fec03b18931,c87db9be-1fba-4102-a743-0ee4317dd5af,Bavarski dvor,153
b59656a4-b6e7-4b87-977c-078c59088a50,aa42017d-812a-4175-bc9b-0fec03b18931,3fbf6322-fb74-4a50-a81a-bfca73abc26b,Tacenski most,434
b59656a4-b6e7-4b87-977c-078c59088a50,aa42017d-812a-4175-bc9b-0fec03b18931,a2ce7e6f-0f99-443a-a973-81a0b9c60261,Astra,137
b59656a4-b6e7-4b87-977c-078c59088a50,aa42017d-812a-4175-bc9b-0fec03b18931,295616c0-387b-4f60-a337-7743cd6be04e,Bavarski dvor,56
b59656a4-b6e7-4b87-977c-078c59088a50,aa42017d-812a-4175-bc9b-0fec03b18931,c87db9be-1fba-4102-a743-0ee4317dd5af,Bavarski dvor,132
b59656a4-b6e7-4b87-977c-078c59088a50,aa42017d-812a-4175-bc9b-0fec03b18931,5d7f28a6-2a2a-4333-aa06-48edfb652f86,Pošta,320
b59656a4-b6e7-4b87-977c-078c59088a50,aa42017d-812a-4175-bc9b-0fec03b18931,c87db9be-1fba-4102-a743-0ee4317dd5af,Bavarski dvor,68
b59656a4-b6e7-4b87-977c-078c59088a50,aa42017d-812a-4175-bc9b-0fec03b18931,81f21fc1-3bd2-4d2a-b563-2d063479c68e,Štepanja vas,124
b59656a4-b6e7-4b87-977c-078c59088a50,aa42017d-812a-4175-bc9b-0fec03b18931,a719a87c-4e93-4387-a6d1-2631a487f7e0,Ajdovščina,198
b59656a4-b6e7-4b87-977c-078c59088a50,aa42017d-812a-4175-bc9b-0fec03b18931,023d7b7a-b411-4e61-8746-b07f9e5c8f90,Ambrožev trg,151
b59656a4-b6e7-4b87-977c-078c59088a50,aa42017d-812a-4175-bc9b-0fec03b18931,717dda7e-d793-4697-8f60-b64ee8b1edc4,Gosposvetska,23
b59656a4-b6e7-4b87-977c-078c59088a50,aa42017d-812a-4175-bc9b-0fec03b18931,f33b721f-a8a3-4aad-96f2-077da09ebaa6,Razstavišče,125
b59656a4-b6e7-4b87-977c-078c59088a50,aa42017d-812a-4175-bc9b-0fec03b18931,7c149b59-2bc6-45cb-95c8-69e18a0db627,Rusjanov trg,80
b59656a4-b6e7-4b87-977c-078c59088a50,aa42017d-812a-4175-bc9b-0fec03b18931,c87db9be-1fba-4102-a743-0ee4317dd5af,Bavarski dvor,164
b59656a4-b6e7-4b87-977c-078c59088a50,aa42017d-812a-4175-bc9b-0fec03b18931,a719a87c-4e93-4387-a6d1-2631a487f7e0,Ajdovščina,66
b59656a4-b6e7-4b87-977c-078c59088a50,aa42017d-812a-4175-bc9b-0fec03b18931,295616c0-387b-4f60-a337-7743cd6be04e,Bavarski dvor,249
b59656a4-b6e7-4b87-977c-078c59088a50,aa42017d-812a-4175-bc9b-0fec03b18931,c87db9be-1fba-4102-a743-0ee4317dd5af,Bavarski dvor,506
b59656a4-b6e7-4b87-977c-078c59088a50,aa42017d-812a-4175-bc9b-0fec03b18931,717dda7e-d793-4697-8f60-b64ee8b1edc4,Gosposvetska,55
b59656a4-b6e7-4b87-977c-078c59088a50,aa42017d-812a-4175-bc9b-0fec03b18931,a719a87c-4e93-4387-a6d1-2631a487f7e0,Ajdovščina,612
b59656a4-b6e7-4b87-977c-078c59088a50,aa42017d-812a-4175-bc9b-0fec03b18931,a719a87c-4e93-4387-a6d1-2631a487f7e0,Ajdovščina,31
b59656a4-b6e7-4b87-977c-078c59088a50,aa42017d-812a-4175-bc9b-0fec03b18931,a719a87c-4e93-4387-a6d1-2631a487f7e0,Ajdovščina,178
b59656a4-b6e7-4b87-977c-078c59088a50,aa42017d-812a-4175-bc9b-0fec03b18931,e6f5183b-c615-4f47-b4fb-204ee070e825,Bežigrad,266
b59656a4-b6e7-4b87-977c-078c59088a50,aa42017d-812a-4175-bc9b-0fec03b18931,295616c0-387b-4f60-a337-7743cd6be04e,Bavarski dvor,37
b59656a4-b6e7-4b87-977c-078c59088a50,aa42017d-812a-4175-bc9b-0fec03b18931,N/A,N/A,660
b59656a4-b6e7-4b87-977c-078c59088a50,aa42017d-812a-4175-bc9b-0fec03b18931,fef200e9-4d98-425b-ab14-8110e2aa85d7,Drama,121
b59656a4-b6e7-4b87-977c-078c59088a50,aa42017d-812a-4175-bc9b-0fec03b18931,6a89c110-a0f8-4b1a-87f0-33f49c0a658e,Šola Jarše,229
b59656a4-b6e7-4b87-977c-078c59088a50,aa42017d-812a-4175-bc9b-0fec03b18931,5d7f28a6-2a2a-4333-aa06-48edfb652f86,Pošta,30
b59656a4-b6e7-4b87-977c-078c59088a50,aa42017d-812a-4175-bc9b-0fec03b18931,717dda7e-d793-4697-8f60-b64ee8b1edc4,Gosposvetska,15
b59656a4-b6e7-4b87-977c-078c59088a50,aa42017d-812a-4175-bc9b-0fec03b18931,a719a87c-4e93-4387-a6d1-2631a487f7e0,Ajdovščina,488
b59656a4-b6e7-4b87-977c-078c59088a50,aa42017d-812a-4175-bc9b-0fec03b18931,7fad8003-fb10-489d-bf8d-6d433310ad90,Nove Jarše,383
b59656a4-b6e7-4b87-977c-078c59088a50,aa42017d-812a-4175-bc9b-0fec03b18931,8589e5d1-21b4-4210-ad7a-4bf91f9a715d,Vižmarje,107
b59656a4-b6e7-4b87-977c-078c59088a50,aa42017d-812a-4175-bc9b-0fec03b18931,a719a87c-4e93-4387-a6d1-2631a487f7e0,Ajdovščina,160
b59656a4-b6e7-4b87-977c-078c59088a50,aa42017d-812a-4175-bc9b-0fec03b18931,5d7f28a6-2a2a-4333-aa06-48edfb652f86,Pošta,89
b59656a4-b6e7-4b87-977c-078c59088a50,aa42017d-812a-4175-bc9b-0fec03b18931,1ce1c3a8-e0f6-4f90-b1aa-1448759d8b3c,Astra,207
b59656a4-b6e7-4b87-977c-078c59088a50,aa42017d-812a-4175-bc9b-0fec03b18931,fef200e9-4d98-425b-ab14-8110e2aa85d7,Drama,213
b59656a4-b6e7-4b87-977c-078c59088a50,aa42017d-812a-4175-bc9b-0fec03b18931,e6f5183b-c615-4f47-b4fb-204ee070e825,Bežigrad,413
b59656a4-b6e7-4b87-977c-078c59088a50,aa42017d-812a-4175-bc9b-0fec03b18931,fef200e9-4d98-425b-ab14-8110e2aa85d7,Drama,32
b59656a4-b6e7-4b87-977c-078c59088a50,aa42017d-812a-4175-bc9b-0fec03b18931,dfde6478-02b5-471b-a470-29cb0e84542f,Slovenija avto,89
b59656a4-b6e7-4b87-977c-078c59088a50,aa42017d-812a-4175-bc9b-0fec03b18931,fef200e9-4d98-425b-ab14-8110e2aa85d7,Drama,90
b59656a4-b6e7-4b87-977c-078c59088a50,aa42017d-812a-4175-bc9b-0fec03b18931,454817d3-3750-49c7-994c-14d06fd2c634,Žale,468
b59656a4-b6e7-4b87-977c-078c59088a50,aa42017d-812a-4175-bc9b-0fec03b18931,f4cfd904-bd11-4247-95df-32c4555a930f,Klinični center,68
b59656a4-b6e7-4b87-977c-078c59088a50,aa42017d-812a-4175-bc9b-0fec03b18931,c297ac70-8f43-4fbc-a8a4-366ddb883a8d,Bonifacija,111
b59656a4-b6e7-4b87-977c-078c59088a50,aa42017d-812a-4175-bc9b-0fec03b18931,fef200e9-4d98-425b-ab14-8110e2aa85d7,Drama,346
b59656a4-b6e7-4b87-977c-078c59088a50,aa42017d-812a-4175-bc9b-0fec03b18931,c87db9be-1fba-4102-a743-0ee4317dd5af,Bavarski dvor,605
b59656a4-b6e7-4b87-977c-078c59088a50,aa42017d-812a-4175-bc9b-0fec03b18931,e6f5183b-c615-4f47-b4fb-204ee070e825,Bežigrad,292
b59656a4-b6e7-4b87-977c-078c59088a50,aa42017d-812a-4175-bc9b-0fec03b18931,7484317c-269f-425f-8118-23eedab4e5f1,Tivoli,13
b59656a4-b6e7-4b87-977c-078c59088a50,aa42017d-812a-4175-bc9b-0fec03b18931,223f660b-c391-4120-bf3c-7bf06781686b,Tovorni kolodvor,101
b59656a4-b6e7-4b87-977c-078c59088a50,aa42017d-812a-4175-bc9b-0fec03b18931,N/A,N/A,660
b59656a4-b6e7-4b87-977c-078c59088a50,aa42017d-812a-4175-bc9b-0fec03b18931,f33b721f-a8a3-4aad-96f2-077da09ebaa6,Razstavišče,164
b59656a4-b6e7-4b87-977c-078c59088a50,aa42017d-812a-4175-bc9b-0fec03b18931,f33b721f-a8a3-4aad-96f2-077da09ebaa6,Razstavišče,484
b59656a4-b6e7-4b87-977c-078c59088a50,aa42017d-812a-4175-bc9b-0fec03b18931,47a3bd8a-72ae-4e20-b43f-10bfaf49012c,Ob sotočju,282
b59656a4-b6e7-4b87-977c-078c59088a50,aa42017d-812a-4175-bc9b-0fec03b18931,d4c51b31-46fd-4da8-ba15-8068e666d483,Zadvor,476
b59656a4-b6e7-4b87-977c-078c59088a50,aa42017d-812a-4175-bc9b-0fec03b18931,fef200e9-4d98-425b-ab14-8110e2aa85d7,Drama,319
b59656a4-b6e7-4b87-977c-078c59088a50,aa42017d-812a-4175-bc9b-0fec03b18931,c5ec5e81-2ce4-452d-bd7a-595de4f8b34f,Prušnikova,7
b59656a4-b6e7-4b87-977c-078c59088a50,aa42017d-812a-4175-bc9b-0fec03b18931,fef200e9-4d98-425b-ab14-8110e2aa85d7,Drama,254
b59656a4-b6e7-4b87-977c-078c59088a50,aa42017d-812a-4175-bc9b-0fec03b18931,a719a87c-4e93-4387-a6d1-2631a487f7e0,Ajdovščina,18
b59656a4-b6e7-4b87-977c-078c59088a50,aa42017d-812a-4175-bc9b-0fec03b18931,6a89c110-a0f8-4b1a-87f0-33f49c0a658e,Šola Jarše,205
b59656a4-b6e7-4b87-977c-078c59088a50,aa42017d-812a-4175-bc9b-0fec03b18931,c22879e5-8e90-4540-9a74-5f139208e492,Friškovec,508
b59656a4-b6e7-4b87-977c-078c59088a50,aa42017d-812a-4175-bc9b-0fec03b18931,9b0074d2-2c92-4c01-830b-00be8e05b412,Cukrarna,546
b59656a4-b6e7-4b87-977c-078c59088a50,aa42017d-812a-4175-bc9b-0fec03b18931,717dda7e-d793-4697-8f60-b64ee8b1edc4,Gosposvetska,312
b59656a4-b6e7-4b87-977c-078c59088a50,aa42017d-812a-4175-bc9b-0fec03b18931,ef31a8be-b01d-44cd-95cf-3db8e918af26,Emona,625
b59656a4-b6e7-4b87-977c-078c59088a50,aa42017d-812a-4175-bc9b-0fec03b18931,98fa3880-5936-4ec8-ba04-39c7ff9a0e6a,Stara cerkev,271
b59656a4-b6e7-4b87-977c-078c59088a50,aa42017d-812a-4175-bc9b-0fec03b18931,7484317c-269f-425f-8118-23eedab4e5f1,Tivoli,185
b59656a4-b6e7-4b87-977c-078c59088a50,aa42017d-812a-4175-bc9b-0fec03b18931,295616c0-387b-4f60-a337-7743cd6be04e,Bavarski dvor,206
b59656a4-b6e7-4b87-977c-078c59088a50,aa42017d-812a-4175-bc9b-0fec03b18931,fef200e9-4d98-425b-ab14-8110e2aa85d7,Drama,101
b59656a4-b6e7-4b87-977c-078c59088a50,aa42017d-812a-4175-bc9b-0fec03b18931,c87db9be-1fba-4102-a743-0ee4317dd5af,Bavarski dvor,59
b59656a4-b6e7-4b87-977c-078c59088a50,aa42017d-812a-4175-bc9b-0fec03b18931,c87db9be-1fba-4102-a743-0ee4317dd5af,Bavarski dvor,68
b59656a4-b6e7-4b87-977c-078c59088a50,aa42017d-812a-4175-bc9b-0fec03b18931,cdabf1ea-b04c-480a-8359-72c46e6864ab,Bežigrad,249
b59656a4-b6e7-4b87-977c-078c59088a50,aa42017d-812a-4175-bc9b-0fec03b18931,c5ec5e81-2ce4-452d-bd7a-595de4f8b34f,Prušnikova,249
b59656a4-b6e7-4b87-977c-078c59088a50,aa42017d-812a-4175-bc9b-0fec03b18931,5d7f28a6-2a2a-4333-aa06-48edfb652f86,Pošta,153
b59656a4-b6e7-4b87-977c-078c59088a50,aa42017d-812a-4175-bc9b-0fec03b18931,295616c0-387b-4f60-a337-7743cd6be04e,Bavarski dvor,578
b59656a4-b6e7-4b87-977c-078c59088a50,aa42017d-812a-4175-bc9b-0fec03b18931,f33b721f-a8a3-4aad-96f2-077da09ebaa6,Razstavišče,206
b59656a4-b6e7-4b87-977c-078c59088a50,aa42017d-812a-4175-bc9b-0fec03b18931,a0b1fb90-3f6a-4231-910a-18be192ac762,Flajšmanova,256
b59656a4-b6e7-4b87-977c-078c59088a50,aa42017d-812a-4175-bc9b-0fec03b18931,717dda7e-d793-4697-8f60-b64ee8b1edc4,Gosposvetska,108
b59656a4-b6e7-4b87-977c-078c59088a50,aa42017d-812a-4175-bc9b-0fec03b18931,21764d19-62cc-49fd-bac9-403aeac6a6b9,Ježica,210
b59656a4-b6e7-4b87-977c-078c59088a50,aa42017d-812a-4175-bc9b-0fec03b18931,fef200e9-4d98-425b-ab14-8110e2aa85d7,Drama,174
b59656a4-b6e7-4b87-977c-078c59088a50,aa42017d-812a-4175-bc9b-0fec03b18931,295616c0-387b-4f60-a337-7743cd6be04e,Bavarski dvor,54
b59656a4-b6e7-4b87-977c-078c59088a50,aa42017d-812a-4175-bc9b-0fec03b18931,c87db9be-1fba-4102-a743-0ee4317dd5af,Bavarski dvor,58
b59656a4-b6e7-4b87-977c-078c59088a50,aa42017d-812a-4175-bc9b-0fec03b18931,98fa3880-5936-4ec8-ba04-39c7ff9a0e6a,Stara cerkev,226
b59656a4-b6e7-4b87-977c-078c59088a50,aa42017d-812a-4175-bc9b-0fec03b18931,295616c0-387b-4f60-a337-7743cd6be04e,Bavarski dvor,111
b59656a4-b6e7-4b87-977c-078c59088a50,aa42017d-812a-4175-bc9b-0fec03b18931,5d7f28a6-2a2a-4333-aa06-48edfb652f86,Pošta,342
b59656a4-b6e7-4b87-977c-078c59088a50,aa42017d-812a-4175-bc9b-0fec03b18931,c87db9be-1fba-4102-a743-0ee4317dd5af,Bavarski dvor,166
b59656a4-b6e7-4b87-977c-078c59088a50,aa42017d-812a-4175-bc9b-0fec03b18931,c87db9be-1fba-4102-a743-0ee4317dd5af,Bavarski dvor,15
b59656a4-b6e7-4b87-977c-078c59088a50,aa42017d-812a-4175-bc9b-0fec03b18931,023d7b7a-b411-4e61-8746-b07f9e5c8f90,Ambrožev trg,133
b59656a4-b6e7-4b87-977c-078c59088a50,aa42017d-812a-4175-bc9b-0fec03b18931,c22879e5-8e90-4540-9a74-5f139208e492,Friškovec,64
b59656a4-b6e7-4b87-977c-078c59088a50,aa42017d-812a-4175-bc9b-0fec03b18931,fef200e9-4d98-425b-ab14-8110e2aa85d7,Drama,214
b59656a4-b6e7-4b87-977c-078c59088a50,aa42017d-812a-4175-bc9b-0fec03b18931,c87db9be-1fba-4102-a743-0ee4317dd5af,Bavarski dvor,300
b59656a4-b6e7-4b87-977c-078c59088a50,aa42017d-812a-4175-bc9b-0fec03b18931,7eb88e01-82e9-4af4-84d0-69c6ea9dc82c,Kolodvor,277
b59656a4-b6e7-4b87-977c-078c59088a50,aa42017d-812a-4175-bc9b-0fec03b18931,c87db9be-1fba-4102-a743-0ee4317dd5af,Bavarski dvor,192
b59656a4-b6e7-4b87-977c-078c59088a50,aa42017d-812a-4175-bc9b-0fec03b18931,88cdd36c-03d2-4374-a22f-110dd9f75ea0,Kajuhova,35
b59656a4-b6e7-4b87-977c-078c59088a50,aa42017d-812a-4175-bc9b-0fec03b18931,88cdd36c-03d2-4374-a22f-110dd9f75ea0,Kajuhova,423
b59656a4-b6e7-4b87-977c-078c59088a50,aa42017d-812a-4175-bc9b-0fec03b18931,fb0042f8-d9e2-4916-b60a-38a026acf0c9,Leskoškova,451
b59656a4-b6e7-4b87-977c-078c59088a50,aa42017d-812a-4175-bc9b-0fec03b18931,f4cfd904-bd11-4247-95df-32c4555a930f,Klinični center,121
b59656a4-b6e7-4b87-977c-078c59088a50,aa42017d-812a-4175-bc9b-0fec03b18931,c87db9be-1fba-4102-a743-0ee4317dd5af,Bavarski dvor,37
b59656a4-b6e7-4b87-977c-078c59088a50,aa42017d-812a-4175-bc9b-0fec03b18931,c87db9be-1fba-4102-a743-0ee4317dd5af,Bavarski dvor,31
b59656a4-b6e7-4b87-977c-078c59088a50,aa42017d-812a-4175-bc9b-0fec03b18931,9b0074d2-2c92-4c01-830b-00be8e05b412,Cukrarna,42
b59656a4-b6e7-4b87-977c-078c59088a50,aa42017d-812a-4175-bc9b-0fec03b18931,c87db9be-1fba-4102-a743-0ee4317dd5af,Bavarski dvor,164
b59656a4-b6e7-4b87-977c-078c59088a50,aa42017d-812a-4175-bc9b-0fec03b18931,5d7f28a6-2a2a-4333-aa06-48edfb652f86,Pošta,126
b59656a4-b6e7-4b87-977c-078c59088a50,aa42017d-812a-4175-bc9b-0fec03b18931,093afa81-b65f-4182-bac3-afbc00558a9b,Koseze,445
b59656a4-b6e7-4b87-977c-078c59088a50,aa42017d-812a-4175-bc9b-0fec03b18931,5d7f28a6-2a2a-4333-aa06-48edfb652f86,Pošta,419
b59656a4-b6e7-4b87-977c-078c59088a50,aa42017d-812a-4175-bc9b-0fec03b18931,fef200e9-4d98-425b-ab14-8110e2aa85d7,Drama,65
b59656a4-b6e7-4b87-977c-078c59088a50,aa42017d-812a-4175-bc9b-0fec03b18931,7fa32ea0-e884-435a-a81c-51bbd5cedf3e,Zaloška,230
b59656a4-b6e7-4b87-977c-078c59088a50,aa42017d-812a-4175-bc9b-0fec03b18931,c87db9be-1fba-4102-a743-0ee4317dd5af,Bavarski dvor,63
b59656a4-b6e7-4b87-977c-078c59088a50,aa42017d-812a-4175-bc9b-0fec03b18931,717dda7e-d793-4697-8f60-b64ee8b1edc4,Gosposvetska,107
b59656a4-b6e7-4b87-977c-078c59088a50,aa42017d-812a-4175-bc9b-0fec03b18931,717dda7e-d793-4697-8f60-b64ee8b1edc4,Gosposvetska,91
b59656a4-b6e7-4b87-977c-078c59088a50,aa42017d-812a-4175-bc9b-0fec03b18931,c87db9be-1fba-4102-a743-0ee4317dd5af,Bavarski dvor,31
b59656a4-b6e7-4b87-977c-078c59088a50,aa42017d-812a-4175-bc9b-0fec03b18931,fef200e9-4d98-425b-ab14-8110e2aa85d7,Drama,342
b59656a4-b6e7-4b87-977c-078c59088a50,aa42017d-812a-4175-bc9b-0fec03b18931,a719a87c-4e93-4387-a6d1-2631a487f7e0,Ajdovščina,109
b59656a4-b6e7-4b87-977c-078c59088a50,aa42017d-812a-4175-bc9b-0fec03b18931,1ce1c3a8-e0f6-4f90-b1aa-1448759d8b3c,Astra,203
b59656a4-b6e7-4b87-977c-078c59088a50,aa42017d-812a-4175-bc9b-0fec03b18931,5d7f28a6-2a2a-4333-aa06-48edfb652f86,Pošta,17
b59656a4-b6e7-4b87-977c-078c59088a50,aa42017d-812a-4175-bc9b-0fec03b18931,ac3afe7d-a2b3-4d5d-9e6a-1d2412a3bc70,Litostrojska,437
b59656a4-b6e7-4b87-977c-078c59088a50,aa42017d-812a-4175-bc9b-0fec03b18931,295616c0-387b-4f60-a337-7743cd6be04e,Bavarski dvor,157
b59656a4-b6e7-4b87-977c-078c59088a50,aa42017d-812a-4175-bc9b-0fec03b18931,295616c0-387b-4f60-a337-7743cd6be04e,Bavarski dvor,198
b59656a4-b6e7-4b87-977c-078c59088a50,aa42017d-812a-4175-bc9b-0fec03b18931,1ce1c3a8-e0f6-4f90-b1aa-1448759d8b3c,Astra,192
b59656a4-b6e7-4b87-977c-078c59088a50,aa42017d-812a-4175-bc9b-0fec03b18931,38b3abed-0592-407b-96c3-85a026f2e192,Dalmatinova,228
b59656a4-b6e7-4b87-977c-078c59088a50,aa42017d-812a-4175-bc9b-0fec03b18931,717dda7e-d793-4697-8f60-b64ee8b1edc4,Gosposvetska,94
b59656a4-b6e7-4b87-977c-078c59088a50,aa42017d-812a-4175-bc9b-0fec03b18931,c87db9be-1fba-4102-a743-0ee4317dd5af,Bavarski dvor,387
b59656a4-b6e7-4b87-977c-078c59088a50,aa42017d-812a-4175-bc9b-0fec03b18931,c5ec5e81-2ce4-452d-bd7a-595de4f8b34f,Prušnikova,226
b59656a4-b6e7-4b87-977c-078c59088a50,aa42017d-812a-4175-bc9b-0fec03b18931,717dda7e-d793-4697-8f60-b64ee8b1edc4,Gosposvetska,126
b59656a4-b6e7-4b87-977c-078c59088a50,aa42017d-812a-4175-bc9b-0fec03b18931,6bd46cb7-9e5d-453a-878a-bcc38fb2a5f2,Sava,46
b59656a4-b6e7-4b87-977c-078c59088a50,aa42017d-812a-4175-bc9b-0fec03b18931,c22879e5-8e90-4540-9a74-5f139208e492,Friškovec,49
b59656a4-b6e7-4b87-977c-078c59088a50,aa42017d-812a-4175-bc9b-0fec03b18931,fef200e9-4d98-425b-ab14-8110e2aa85d7,Drama,131
b59656a4-b6e7-4b87-977c-078c59088a50,aa42017d-812a-4175-bc9b-0fec03b18931,c87db9be-1fba-4102-a743-0ee4317dd5af,Bavarski dvor,50
b59656a4-b6e7-4b87-977c-078c59088a50,aa42017d-812a-4175-bc9b-0fec03b18931,f2b27cbd-5207-4281-8f67-6369d0c50a9b,Kodrova,46
b59656a4-b6e7-4b87-977c-078c59088a50,aa42017d-812a-4175-bc9b-0fec03b18931,5d7f28a6-2a2a-4333-aa06-48edfb652f86,Pošta,97
b59656a4-b6e7-4b87-977c-078c59088a50,aa42017d-812a-4175-bc9b-0fec03b18931,295616c0-387b-4f60-a337-7743cd6be04e,Bavarski dvor,224
b59656a4-b6e7-4b87-977c-078c59088a50,aa42017d-812a-4175-bc9b-0fec03b18931,a719a87c-4e93-4387-a6d1-2631a487f7e0,Ajdovščina,230
b59656a4-b6e7-4b87-977c-078c59088a50,aa42017d-812a-4175-bc9b-0fec03b18931,fef200e9-4d98-425b-ab14-8110e2aa85d7,Drama,40
b59656a4-b6e7-4b87-977c-078c59088a50,aa42017d-812a-4175-bc9b-0fec03b18931,5d7f28a6-2a2a-4333-aa06-48edfb652f86,Pošta,119
b59656a4-b6e7-4b87-977c-078c59088a50,aa42017d-812a-4175-bc9b-0fec03b18931,454817d3-3750-49c7-994c-14d06fd2c634,Žale,189
b59656a4-b6e7-4b87-977c-078c59088a50,aa42017d-812a-4175-bc9b-0fec03b18931,88cdd36c-03d2-4374-a22f-110dd9f75ea0,Kajuhova,94
b59656a4-b6e7-4b87-977c-078c59088a50,aa42017d-812a-4175-bc9b-0fec03b18931,5d7f28a6-2a2a-4333-aa06-48edfb652f86,Pošta,87
b59656a4-b6e7-4b87-977c-078c59088a50,aa42017d-812a-4175-bc9b-0fec03b18931,295616c0-387b-4f60-a337-7743cd6be04e,Bavarski dvor,172
b59656a4-b6e7-4b87-977c-078c59088a50,aa42017d-812a-4175-bc9b-0fec03b18931,717dda7e-d793-4697-8f60-b64ee8b1edc4,Gosposvetska,334
b59656a4-b6e7-4b87-977c-078c59088a50,aa42017d-812a-4175-bc9b-0fec03b18931,a2ce7e6f-0f99-443a-a973-81a0b9c60261,Astra,66
b59656a4-b6e7-4b87-977c-078c59088a50,aa42017d-812a-4175-bc9b-0fec03b18931,484b5c91-1220-43ba-af79-84e712fcc46b,Slovenija avto,501
b59656a4-b6e7-4b87-977c-078c59088a50,aa42017d-812a-4175-bc9b-0fec03b18931,N/A,N/A,660
b59656a4-b6e7-4b87-977c-078c59088a50,aa42017d-812a-4175-bc9b-0fec03b18931,a719a87c-4e93-4387-a6d1-2631a487f7e0,Ajdovščina,20
b59656a4-b6e7-4b87-977c-078c59088a50,aa42017d-812a-4175-bc9b-0fec03b18931,48b163cd-b819-4849-aee1-8b1da77657ab,Šentvid,26
b59656a4-b6e7-4b87-977c-078c59088a50,aa42017d-812a-4175-bc9b-0fec03b18931,093afa81-b65f-4182-bac3-afbc00558a9b,Koseze,70
b59656a4-b6e7-4b87-977c-078c59088a50,aa42017d-812a-4175-bc9b-0fec03b18931,9e109242-5aad-4fb7-b0c8-576eef8aa4e0,VEVČE,27
b59656a4-b6e7-4b87-977c-078c59088a50,aa42017d-812a-4175-bc9b-0fec03b18931,295616c0-387b-4f60-a337-7743cd6be04e,Bavarski dvor,179
b59656a4-b6e7-4b87-977c-078c59088a50,aa42017d-812a-4175-bc9b-0fec03b18931,484b5c91-1220-43ba-af79-84e712fcc46b,Slovenija avto,145
b59656a4-b6e7-4b87-977c-078c59088a50,aa42017d-812a-4175-bc9b-0fec03b18931,9cfac7e2-9653-4e52-a6d3-27756d27f817,Kino Šiška,240
b59656a4-b6e7-4b87-977c-078c59088a50,aa42017d-812a-4175-bc9b-0fec03b18931,717dda7e-d793-4697-8f60-b64ee8b1edc4,Gosposvetska,219
b59656a4-b6e7-4b87-977c-078c59088a50,aa42017d-812a-4175-bc9b-0fec03b18931,7fa32ea0-e884-435a-a81c-51bbd5cedf3e,Zaloška,120
b59656a4-b6e7-4b87-977c-078c59088a50,aa42017d-812a-4175-bc9b-0fec03b18931,N/A,N/A,660
b59656a4-b6e7-4b87-977c-078c59088a50,aa42017d-812a-4175-bc9b-0fec03b18931,f14a6236-8af2-47bf-9270-432377662a63,Viadukt,18
b59656a4-b6e7-4b87-977c-078c59088a50,aa42017d-812a-4175-bc9b-0fec03b18931,6a89c110-a0f8-4b1a-87f0-33f49c0a658e,Šola Jarše,27
b59656a4-b6e7-4b87-977c-078c59088a50,aa42017d-812a-4175-bc9b-0fec03b18931,cee2862b-9b70-4880-8fa3-16c6d2efae1b,AMZS,5
b59656a4-b6e7-4b87-977c-078c59088a50,aa42017d-812a-4175-bc9b-0fec03b18931,8598b85d-3e1d-4767-b72f-0c209038841f,Štepanja vas,190
b59656a4-b6e7-4b87-977c-078c59088a50,aa42017d-812a-4175-bc9b-0fec03b18931,a719a87c-4e93-4387-a6d1-2631a487f7e0,Ajdovščina,9
b59656a4-b6e7-4b87-977c-078c59088a50,aa42017d-812a-4175-bc9b-0fec03b18931,c87db9be-1fba-4102-a743-0ee4317dd5af,Bavarski dvor,66
b59656a4-b6e7-4b87-977c-078c59088a50,aa42017d-812a-4175-bc9b-0fec03b18931,023d7b7a-b411-4e61-8746-b07f9e5c8f90,Ambrožev trg,493
b59656a4-b6e7-4b87-977c-078c59088a50,aa42017d-812a-4175-bc9b-0fec03b18931,21764d19-62cc-49fd-bac9-403aeac6a6b9,Ježica,327
b59656a4-b6e7-4b87-977c-078c59088a50,aa42017d-812a-4175-bc9b-0fec03b18931,295616c0-387b-4f60-a337-7743cd6be04e,Bavarski dvor,443
b59656a4-b6e7-4b87-977c-078c59088a50,aa42017d-812a-4175-bc9b-0fec03b18931,c22879e5-8e90-4540-9a74-5f139208e492,Friškovec,215
b59656a4-b6e7-4b87-977c-078c59088a50,aa42017d-812a-4175-bc9b-0fec03b18931,1ce1c3a8-e0f6-4f90-b1aa-1448759d8b3c,Astra,145
b59656a4-b6e7-4b87-977c-078c59088a50,aa42017d-812a-4175-bc9b-0fec03b18931,a719a87c-4e93-4387-a6d1-2631a487f7e0,Ajdovščina,30
b59656a4-b6e7-4b87-977c-078c59088a50,aa42017d-812a-4175-bc9b-0fec03b18931,48b163cd-b819-4849-aee1-8b1da77657ab,Šentvid,11
b59656a4-b6e7-4b87-977c-078c59088a50,aa42017d-812a-4175-bc9b-0fec03b18931,c87db9be-1fba-4102-a743-0ee4317dd5af,Bavarski dvor,156
b59656a4-b6e7-4b87-977c-078c59088a50,aa42017d-812a-4175-bc9b-0fec03b18931,c87db9be-1fba-4102-a743-0ee4317dd5af,Bavarski dvor,62
b59656a4-b6e7-4b87-977c-078c59088a50,aa42017d-812a-4175-bc9b-0fec03b18931,f33b721f-a8a3-4aad-96f2-077da09ebaa6,Razstavišče,32
b59656a4-b6e7-4b87-977c-078c59088a50,aa42017d-812a-4175-bc9b-0fec03b18931,c87db9be-1fba-4102-a743-0ee4317dd5af,Bavarski dvor,98
b59656a4-b6e7-4b87-977c-078c59088a50,aa42017d-812a-4175-bc9b-0fec03b18931,2f874852-bc80-4ff3-b6bf-a914e31251c8,Savske stolpnice,54
b59656a4-b6e7-4b87-977c-078c59088a50,aa42017d-812a-4175-bc9b-0fec03b18931,c87db9be-1fba-4102-a743-0ee4317dd5af,Bavarski dvor,37
b59656a4-b6e7-4b87-977c-078c59088a50,aa42017d-812a-4175-bc9b-0fec03b18931,c87db9be-1fba-4102-a743-0ee4317dd5af,Bavarski dvor,5
b59656a4-b6e7-4b87-977c-078c59088a50,aa42017d-812a-4175-bc9b-0fec03b18931,f33b721f-a8a3-4aad-96f2-077da09ebaa6,Razstavišče,45
b59656a4-b6e7-4b87-977c-078c59088a50,aa42017d-812a-4175-bc9b-0fec03b18931,21764d19-62cc-49fd-bac9-403aeac6a6b9,Ježica,407
b59656a4-b6e7-4b87-977c-078c59088a50,aa42017d-812a-4175-bc9b-0fec03b18931,cdabf1ea-b04c-480a-8359-72c46e6864ab,Bežigrad,129
b59656a4-b6e7-4b87-977c-078c59088a50,aa42017d-812a-4175-bc9b-0fec03b18931,cdabf1ea-b04c-480a-8359-72c46e6864ab,Bežigrad,100
b59656a4-b6e7-4b87-977c-078c59088a50,aa42017d-812a-4175-bc9b-0fec03b18931,9cfac7e2-9653-4e52-a6d3-27756d27f817,Kino Šiška,73
b59656a4-b6e7-4b87-977c-078c59088a50,aa42017d-812a-4175-bc9b-0fec03b18931,a0b1fb90-3f6a-4231-910a-18be192ac762,Flajšmanova,7
b59656a4-b6e7-4b87-977c-078c59088a50,aa42017d-812a-4175-bc9b-0fec03b18931,cdabf1ea-b04c-480a-8359-72c46e6864ab,Bežigrad,367
b59656a4-b6e7-4b87-977c-078c59088a50,aa42017d-812a-4175-bc9b-0fec03b18931,ecc4ae87-ae08-4b94-995c-452fdd94df7f,Privoz,248
b59656a4-b6e7-4b87-977c-078c59088a50,aa42017d-812a-4175-bc9b-0fec03b18931,c87db9be-1fba-4102-a743-0ee4317dd5af,Bavarski dvor,93
b59656a4-b6e7-4b87-977c-078c59088a50,aa42017d-812a-4175-bc9b-0fec03b18931,c87db9be-1fba-4102-a743-0ee4317dd5af,Bavarski dvor,13
b59656a4-b6e7-4b87-977c-078c59088a50,aa42017d-812a-4175-bc9b-0fec03b18931,c87db9be-1fba-4102-a743-0ee4317dd5af,Bavarski dvor,87
b59656a4-b6e7-4b87-977c-078c59088a50,aa42017d-812a-4175-bc9b-0fec03b18931,c87db9be-1fba-4102-a743-0ee4317dd5af,Bavarski dvor,93
b59656a4-b6e7-4b87-977c-078c59088a50,aa42017d-812a-4175-bc9b-0fec03b18931,295616c0-387b-4f60-a337-7743cd6be04e,Bavarski dvor,161
b59656a4-b6e7-4b87-977c-078c59088a50,aa42017d-812a-4175-bc9b-0fec03b18931,c87db9be-1fba-4102-a743-0ee4317dd5af,Bavarski dvor,91
b59656a4-b6e7-4b87-977c-078c59088a50,aa42017d-812a-4175-bc9b-0fec03b18931,N/A,N/A,660
b59656a4-b6e7-4b87-977c-078c59088a50,aa42017d-812a-4175-bc9b-0fec03b18931,f2b27cbd-5207-4281-8f67-6369d0c50a9b,Kodrova,473
b59656a4-b6e7-4b87-977c-078c59088a50,aa42017d-812a-4175-bc9b-0fec03b18931,484b5c91-1220-43ba-af79-84e712fcc46b,Slovenija avto,13
b59656a4-b6e7-4b87-977c-078c59088a50,aa42017d-812a-4175-bc9b-0fec03b18931,4ca7ae7e-380b-45e3-81de-00ffab5bb531,Yulon,49
b59656a4-b6e7-4b87-977c-078c59088a50,aa42017d-812a-4175-bc9b-0fec03b18931,a719a87c-4e93-4387-a6d1-2631a487f7e0,Ajdovščina,291
b59656a4-b6e7-4b87-977c-078c59088a50,aa42017d-812a-4175-bc9b-0fec03b18931,a0b1fb90-3f6a-4231-910a-18be192ac762,Flajšmanova,47
b59656a4-b6e7-4b87-977c-078c59088a50,aa42017d-812a-4175-bc9b-0fec03b18931,a0e0a21b-b8ce-4d76-bbc2-04e179367fee,Šola Jarše,62
b59656a4-b6e7-4b87-977c-078c59088a50,aa42017d-812a-4175-bc9b-0fec03b18931,c87db9be-1fba-4102-a743-0ee4317dd5af,Bavarski dvor,98
b59656a4-b6e7-4b87-977c-078c59088a50,aa42017d-812a-4175-bc9b-0fec03b18931,N/A,N/A,660
b59656a4-b6e7-4b87-977c-078c59088a50,aa42017d-812a-4175-bc9b-0fec03b18931,5d7f28a6-2a2a-4333-aa06-48edfb652f86,Pošta,242
b59656a4-b6e7-4b87-977c-078c59088a50,aa42017d-812a-4175-bc9b-0fec03b18931,ecc4ae87-ae08-4b94-995c-452fdd94df7f,Privoz,16
b59656a4-b6e7-4b87-977c-078c59088a50,aa42017d-812a-4175-bc9b-0fec03b18931,c87db9be-1fba-4102-a743-0ee4317dd5af,Bavarski dvor,68
b59656a4-b6e7-4b87-977c-078c59088a50,aa42017d-812a-4175-bc9b-0fec03b18931,6182f8e8-c45e-4606-b4a4-d909bd44d2cc,Gornji trg,453
b59656a4-b6e7-4b87-977c-078c59088a50,aa42017d-812a-4175-bc9b-0fec03b18931,c87db9be-1fba-4102-a743-0ee4317dd5af,Bavarski dvor,123
b59656a4-b6e7-4b87-977c-078c59088a50,aa42017d-812a-4175-bc9b-0fec03b18931,a719a87c-4e93-4387-a6d1-2631a487f7e0,Ajdovščina,82
b59656a4-b6e7-4b87-977c-078c59088a50,aa42017d-812a-4175-bc9b-0fec03b18931,c87db9be-1fba-4102-a743-0ee4317dd5af,Bavarski dvor,11
b59656a4-b6e7-4b87-977c-078c59088a50,aa42017d-812a-4175-bc9b-0fec03b18931,a0e0a21b-b8ce-4d76-bbc2-04e179367fee,Šola Jarše,238
b59656a4-b6e7-4b87-977c-078c59088a50,aa42017d-812a-4175-bc9b-0fec03b18931,e6f5183b-c615-4f47-b4fb-204ee070e825,Bežigrad,13
b59656a4-b6e7-4b87-977c-078c59088a50,aa42017d-812a-4175-bc9b-0fec03b18931,295616c0-387b-4f60-a337-7743cd6be04e,Bavarski dvor,128
b59656a4-b6e7-4b87-977c-078c59088a50,aa42017d-812a-4175-bc9b-0fec03b18931,9b0074d2-2c92-4c01-830b-00be8e05b412,Cukrarna,332
b59656a4-b6e7-4b87-977c-078c59088a50,aa42017d-812a-4175-bc9b-0fec03b18931,fef200e9-4d98-425b-ab14-8110e2aa85d7,Drama,183
b59656a4-b6e7-4b87-977c-078c59088a50,aa42017d-812a-4175-bc9b-0fec03b18931,7fad8003-fb10-489d-bf8d-6d433310ad90,Nove Jarše,10
b59656a4-b6e7-4b87-977c-078c59088a50,aa42017d-812a-4175-bc9b-0fec03b18931,7484317c-269f-425f-8118-23eedab4e5f1,Tivoli,15
b59656a4-b6e7-4b87-977c-078c59088a50,aa42017d-812a-4175-bc9b-0fec03b18931,f33b721f-a8a3-4aad-96f2-077da09ebaa6,Razstavišče,41
b59656a4-b6e7-4b87-977c-078c59088a50,aa42017d-812a-4175-bc9b-0fec03b18931,c87db9be-1fba-4102-a743-0ee4317dd5af,Bavarski dvor,17
b59656a4-b6e7-4b87-977c-078c59088a50,aa42017d-812a-4175-bc9b-0fec03b18931,295616c0-387b-4f60-a337-7743cd6be04e,Bavarski dvor,308
b59656a4-b6e7-4b87-977c-078c59088a50,aa42017d-812a-4175-bc9b-0fec03b18931,21764d19-62cc-49fd-bac9-403aeac6a6b9,Ježica,111
b59656a4-b6e7-4b87-977c-078c59088a50,aa42017d-812a-4175-bc9b-0fec03b18931,a2ce7e6f-0f99-443a-a973-81a0b9c60261,Astra,156
b59656a4-b6e7-4b87-977c-078c59088a50,aa42017d-812a-4175-bc9b-0fec03b18931,609f0950-bb8c-4eaf-a931-8575b8aff1ac,Savske stolpnice,179
b59656a4-b6e7-4b87-977c-078c59088a50,aa42017d-812a-4175-bc9b-0fec03b18931,c87db9be-1fba-4102-a743-0ee4317dd5af,Bavarski dvor,273
b59656a4-b6e7-4b87-977c-078c59088a50,aa42017d-812a-4175-bc9b-0fec03b18931,a719a87c-4e93-4387-a6d1-2631a487f7e0,Ajdovščina,205
b59656a4-b6e7-4b87-977c-078c59088a50,aa42017d-812a-4175-bc9b-0fec03b18931,295616c0-387b-4f60-a337-7743cd6be04e,Bavarski dvor,304
b59656a4-b6e7-4b87-977c-078c59088a50,aa42017d-812a-4175-bc9b-0fec03b18931,c87db9be-1fba-4102-a743-0ee4317dd5af,Bavarski dvor,197
b59656a4-b6e7-4b87-977c-078c59088a50,aa42017d-812a-4175-bc9b-0fec03b18931,cdabf1ea-b04c-480a-8359-72c46e6864ab,Bežigrad,29
b59656a4-b6e7-4b87-977c-078c59088a50,aa42017d-812a-4175-bc9b-0fec03b18931,295616c0-387b-4f60-a337-7743cd6be04e,Bavarski dvor,92
b59656a4-b6e7-4b87-977c-078c59088a50,aa42017d-812a-4175-bc9b-0fec03b18931,d4c51b31-46fd-4da8-ba15-8068e666d483,Zadvor,37
b59656a4-b6e7-4b87-977c-078c59088a50,aa42017d-812a-4175-bc9b-0fec03b18931,295616c0-387b-4f60-a337-7743cd6be04e,Bavarski dvor,20
b59656a4-b6e7-4b87-977c-078c59088a50,aa42017d-812a-4175-bc9b-0fec03b18931,5d7f28a6-2a2a-4333-aa06-48edfb652f86,Pošta,78
b59656a4-b6e7-4b87-977c-078c59088a50,aa42017d-812a-4175-bc9b-0fec03b18931,295616c0-387b-4f60-a337-7743cd6be04e,Bavarski dvor,336
b59656a4-b6e7-4b87-977c-078c59088a50,aa42017d-812a-4175-bc9b-0fec03b18931,e6f5183b-c615-4f47-b4fb-204ee070e825,Bežigrad,157
b59656a4-b6e7-4b87-977c-078c59088a50,aa42017d-812a-4175-bc9b-0fec03b18931,c87db9be-1fba-4102-a743-0ee4317dd5af,Bavarski dvor,256
b59656a4-b6e7-4b87-977c-078c59088a50,aa42017d-812a-4175-bc9b-0fec03b18931,f33b721f-a8a3-4aad-96f2-077da09ebaa6,Razstavišče,83
b59656a4-b6e7-4b87-977c-078c59088a50,aa42017d-812a-4175-bc9b-0fec03b18931,fb0042f8-d9e2-4916-b60a-38a026acf0c9,Leskoškova,97
b59656a4-b6e7-4b87-977c-078c59088a50,aa42017d-812a-4175-bc9b-0fec03b18931,c87db9be-1fba-4102-a743-0ee4317dd5af,Bavarski dvor,209
b59656a4-b6e7-4b87-977c-078c59088a50,aa42017d-812a-4175-bc9b-0fec03b18931,e6f5183b-c615-4f47-b4fb-204ee070e825,Bežigrad,145
b59656a4-b6e7-4b87-977c-078c59088a50,aa42017d-812a-4175-bc9b-0fec03b18931,5d7f28a6-2a2a-4333-aa06-48edfb652f86,Pošta,9
b59656a4-b6e7-4b87-977c-078c59088a50,aa42017d-812a-4175-bc9b-0fec03b18931,c87db9be-1fba-4102-a743-0ee4317dd5af,Bavarski dvor,211
b59656a4-b6e7-4b87-977c-078c59088a50,aa42017d-812a-4175-bc9b-0fec03b18931,f33b721f-a8a3-4aad-96f2-077da09ebaa6,Razstavišče,127
b59656a4-b6e7-4b87-977c-078c59088a50,aa42017d-812a-4175-bc9b-0fec03b18931,c87db9be-1fba-4102-a743-0ee4317dd5af,Bavarski dvor,58
b59656a4-b6e7-4b87-977c-078c59088a50,aa42017d-812a-4175-bc9b-0fec03b18931,f33b721f-a8a3-4aad-96f2-077da09ebaa6,Razstavišče,38
b59656a4-b6e7-4b87-977c-078c59088a50,aa42017d-812a-4175-bc9b-0fec03b18931,295616c0-387b-4f60-a337-7743cd6be04e,Bavarski dvor,195
b59656a4-b6e7-4b87-977c-078c59088a50,aa42017d-812a-4175-bc9b-0fec03b18931,a719a87c-4e93-4387-a6d1-2631a487f7e0,Ajdovščina,181
b59656a4-b6e7-4b87-977c-078c59088a50,aa42017d-812a-4175-bc9b-0fec03b18931,7484317c-269f-425f-8118-23eedab4e5f1,Tivoli,403
b59656a4-b6e7-4b87-977c-078c59088a50,aa42017d-812a-4175-bc9b-0fec03b18931,7bcbdcaa-00b9-47d4-8982-09da26cd7bcb,Zaloška,7
b59656a4-b6e7-4b87-977c-078c59088a50,aa42017d-812a-4175-bc9b-0fec03b18931,295616c0-387b-4f60-a337-7743cd6be04e,Bavarski dvor,60
b59656a4-b6e7-4b87-977c-078c59088a50,aa42017d-812a-4175-bc9b-0fec03b18931,023d7b7a-b411-4e61-8746-b07f9e5c8f90,Ambrožev trg,76
b59656a4-b6e7-4b87-977c-078c59088a50,aa42017d-812a-4175-bc9b-0fec03b18931,717dda7e-d793-4697-8f60-b64ee8b1edc4,Gosposvetska,304
b59656a4-b6e7-4b87-977c-078c59088a50,aa42017d-812a-4175-bc9b-0fec03b18931,c87db9be-1fba-4102-a743-0ee4317dd5af,Bavarski dvor,306
b59656a4-b6e7-4b87-977c-078c59088a50,aa42017d-812a-4175-bc9b-0fec03b18931,dfde6478-02b5-471b-a470-29cb0e84542f,Slovenija avto,229
b59656a4-b6e7-4b87-977c-078c59088a50,aa42017d-812a-4175-bc9b-0fec03b18931,717dda7e-d793-4697-8f60-b64ee8b1edc4,Gosposvetska,127
b59656a4-b6e7-4b87-977c-078c59088a50,aa42017d-812a-4175-bc9b-0fec03b18931,5de84f88-3f32-4636-8c30-03cc267ecf37,Podvozna pot,71
b59656a4-b6e7-4b87-977c-078c59088a50,aa42017d-812a-4175-bc9b-0fec03b18931,484b5c91-1220-43ba-af79-84e712fcc46b,Slovenija avto,337
b59656a4-b6e7-4b87-977c-078c59088a50,aa42017d-812a-4175-bc9b-0fec03b18931,f4cfd904-bd11-4247-95df-32c4555a930f,Klinični center,55
b59656a4-b6e7-4b87-977c-078c59088a50,aa42017d-812a-4175-bc9b-0fec03b18931,fef200e9-4d98-425b-ab14-8110e2aa85d7,Drama,377
b59656a4-b6e7-4b87-977c-078c59088a50,aa42017d-812a-4175-bc9b-0fec03b18931,6bd46cb7-9e5d-453a-878a-bcc38fb2a5f2,Sava,7
b59656a4-b6e7-4b87-977c-078c59088a50,aa42017d-812a-4175-bc9b-0fec03b18931,c87db9be-1fba-4102-a743-0ee4317dd5af,Bavarski dvor,66
b59656a4-b6e7-4b87-977c-078c59088a50,aa42017d-812a-4175-bc9b-0fec03b18931,295616c0-387b-4f60-a337-7743cd6be04e,Bavarski dvor,54
b59656a4-b6e7-4b87-977c-078c59088a50,aa42017d-812a-4175-bc9b-0fec03b18931,c87db9be-1fba-4102-a743-0ee4317dd5af,Bavarski dvor,102
b59656a4-b6e7-4b87-977c-078c59088a50,aa42017d-812a-4175-bc9b-0fec03b18931,f33b721f-a8a3-4aad-96f2-077da09ebaa6,Razstavišče,22
b59656a4-b6e7-4b87-977c-078c59088a50,aa42017d-812a-4175-bc9b-0fec03b18931,f33b721f-a8a3-4aad-96f2-077da09ebaa6,Razstavišče,102
b59656a4-b6e7-4b87-977c-078c59088a50,aa42017d-812a-4175-bc9b-0fec03b18931,a719a87c-4e93-4387-a6d1-2631a487f7e0,Ajdovščina,178
b59656a4-b6e7-4b87-977c-078c59088a50,aa42017d-812a-4175-bc9b-0fec03b18931,7fa32ea0-e884-435a-a81c-51bbd5cedf3e,Zaloška,67
b59656a4-b6e7-4b87-977c-078c59088a50,aa42017d-812a-4175-bc9b-0fec03b18931,6182f8e8-c45e-4606-b4a4-d909bd44d2cc,Gornji trg,126
b59656a4-b6e7-4b87-977c-078c59088a50,aa42017d-812a-4175-bc9b-0fec03b18931,4ca7ae7e-380b-45e3-81de-00ffab5bb531,Yulon,22
b59656a4-b6e7-4b87-977c-078c59088a50,aa42017d-812a-4175-bc9b-0fec03b18931,295616c0-387b-4f60-a337-7743cd6be04e,Bavarski dvor,150
b59656a4-b6e7-4b87-977c-078c59088a50,aa42017d-812a-4175-bc9b-0fec03b18931,ac3afe7d-a2b3-4d5d-9e6a-1d2412a3bc70,Litostrojska,215
b59656a4-b6e7-4b87-977c-078c59088a50,aa42017d-812a-4175-bc9b-0fec03b18931,f15ddf31-fc11-41ba-988d-376c83e38f58,Vodovodna,140
b59656a4-b6e7-4b87-977c-078c59088a50,aa42017d-812a-4175-bc9b-0fec03b18931,f2b27cbd-5207-4281-8f67-6369d0c50a9b,Kodrova,58
b59656a4-b6e7-4b87-977c-078c59088a50,aa42017d-812a-4175-bc9b-0fec03b18931,48b163cd-b819-4849-aee1-8b1da77657ab,Šentvid,386
b59656a4-b6e7-4b87-977c-078c59088a50,aa42017d-812a-4175-bc9b-0fec03b18931,f33b721f-a8a3-4aad-96f2-077da09ebaa6,Razstavišče,51
b59656a4-b6e7-4b87-977c-078c59088a50,aa42017d-812a-4175-bc9b-0fec03b18931,6182f8e8-c45e-4606-b4a4-d909bd44d2cc,Gornji trg,249
b59656a4-b6e7-4b87-977c-078c59088a50,aa42017d-812a-4175-bc9b-0fec03b18931,a2ce7e6f-0f99-443a-a973-81a0b9c60261,Astra,81
b59656a4-b6e7-4b87-977c-078c59088a50,aa42017d-812a-4175-bc9b-0fec03b18931,N/A,N/A,660
b59656a4-b6e7-4b87-977c-078c59088a50,aa42017d-812a-4175-bc9b-0fec03b18931,a719a87c-4e93-4387-a6d1-2631a487f7e0,Ajdovščina,104
b59656a4-b6e7-4b87-977c-078c59088a50,aa42017d-812a-4175-bc9b-0fec03b18931,295616c0-387b-4f60-a337-7743cd6be04e,Bavarski dvor,154
b59656a4-b6e7-4b87-977c-078c59088a50,aa42017d-812a-4175-bc9b-0fec03b18931,fef200e9-4d98-425b-ab14-8110e2aa85d7,Drama,128
b59656a4-b6e7-4b87-977c-078c59088a50,aa42017d-812a-4175-bc9b-0fec03b18931,484b5c91-1220-43ba-af79-84e712fcc46b,Slovenija avto,177
b59656a4-b6e7-4b87-977c-078c59088a50,aa42017d-812a-4175-bc9b-0fec03b18931,7fa32ea0-e884-435a-a81c-51bbd5cedf3e,Zaloška,116
b59656a4-b6e7-4b87-977c-078c59088a50,aa42017d-812a-4175-bc9b-0fec03b18931,295616c0-387b-4f60-a337-7743cd6be04e,Bavarski dvor,262
b59656a4-b6e7-4b87-977c-078c59088a50,aa42017d-812a-4175-bc9b-0fec03b18931,f33b721f-a8a3-4aad-96f2-077da09ebaa6,Razstavišče,79
b59656a4-b6e7-4b87-977c-078c59088a50,aa42017d-812a-4175-bc9b-0fec03b18931,f4cfd904-bd11-4247-95df-32c4555a930f,Klinični center,172
b59656a4-b6e7-4b87-977c-078c59088a50,aa42017d-812a-4175-bc9b-0fec03b18931,295616c0-387b-4f60-a337-7743cd6be04e,Bavarski dvor,232
b59656a4-b6e7-4b87-977c-078c59088a50,aa42017d-812a-4175-bc9b-0fec03b18931,c87db9be-1fba-4102-a743-0ee4317dd5af,Bavarski dvor,45
b59656a4-b6e7-4b87-977c-078c59088a50,aa42017d-812a-4175-bc9b-0fec03b18931,a719a87c-4e93-4387-a6d1-2631a487f7e0,Ajdovščina,466
b59656a4-b6e7-4b87-977c-078c59088a50,aa42017d-812a-4175-bc9b-0fec03b18931,8589e5d1-21b4-4210-ad7a-4bf91f9a715d,Vižmarje,66
b59656a4-b6e7-4b87-977c-078c59088a50,aa42017d-812a-4175-bc9b-0fec03b18931,c87db9be-1fba-4102-a743-0ee4317dd5af,Bavarski dvor,254
b59656a4-b6e7-4b87-977c-078c59088a50,aa42017d-812a-4175-bc9b-0fec03b18931,c87db9be-1fba-4102-a743-0ee4317dd5af,Bavarski dvor,129
b59656a4-b6e7-4b87-977c-078c59088a50,aa42017d-812a-4175-bc9b-0fec03b18931,c87db9be-1fba-4102-a743-0ee4317dd5af,Bavarski dvor,248
b59656a4-b6e7-4b87-977c-078c59088a50,aa42017d-812a-4175-bc9b-0fec03b18931,98fa3880-5936-4ec8-ba04-39c7ff9a0e6a,Stara cerkev,59
b59656a4-b6e7-4b87-977c-078c59088a50,aa42017d-812a-4175-bc9b-0fec03b18931,cdabf1ea-b04c-480a-8359-72c46e6864ab,Bežigrad,265
b59656a4-b6e7-4b87-977c-078c59088a50,aa42017d-812a-4175-bc9b-0fec03b18931,e786b2df-34ed-4246-832e-7c3d538ac1f4,Kranjčeva,83
b59656a4-b6e7-4b87-977c-078c59088a50,aa42017d-812a-4175-bc9b-0fec03b18931,5d7f28a6-2a2a-4333-aa06-48edfb652f86,Pošta,227
b59656a4-b6e7-4b87-977c-078c59088a50,aa42017d-812a-4175-bc9b-0fec03b18931,fef200e9-4d98-425b-ab14-8110e2aa85d7,Drama,89
b59656a4-b6e7-4b87-977c-078c59088a50,aa42017d-812a-4175-bc9b-0fec03b18931,c87db9be-1fba-4102-a743-0ee4317dd5af,Bavarski dvor,35
b59656a4-b6e7-4b87-977c-078c59088a50,aa42017d-812a-4175-bc9b-0fec03b18931,81f21fc1-3bd2-4d2a-b563-2d063479c68e,Štepanja vas,15
b59656a4-b6e7-4b87-977c-078c59088a50,aa42017d-812a-4175-bc9b-0fec03b18931,5de84f88-3f32-4636-8c30-03cc267ecf37,Podvozna pot,68
b59656a4-b6e7-4b87-977c-078c59088a50,aa42017d-812a-4175-bc9b-0fec03b18931,5d7f28a6-2a2a-4333-aa06-48edfb652f86,Pošta,29
b59656a4-b6e7-4b87-977c-078c59088a50,aa42017d-812a-4175-bc9b-0fec03b18931,295616c0-387b-4f60-a337-7743cd6be04e,Bavarski dvor,105
b59656a4-b6e7-4b87-977c-078c59088a50,aa42017d-812a-4175-bc9b-0fec03b18931,38b3abed-0592-407b-96c3-85a026f2e192,Dalmatinova,20
b59656a4-b6e7-4b87-977c-078c59088a50,aa42017d-812a-4175-bc9b-0fec03b18931,295616c0-387b-4f60-a337-7743cd6be04e,Bavarski dvor,269
b59656a4-b6e7-4b87-977c-078c59088a50,aa42017d-812a-4175-bc9b-0fec03b18931,a719a87c-4e93-4387-a6d1-2631a487f7e0,Ajdovščina,123
b59656a4-b6e7-4b87-977c-078c59088a50,aa42017d-812a-4175-bc9b-0fec03b18931,f33b721f-a8a3-4aad-96f2-077da09ebaa6,Razstavišče,355
b59656a4-b6e7-4b87-977c-078c59088a50,aa42017d-812a-4175-bc9b-0fec03b18931,aa42017d-812a-4175-bc9b-0fec03b18931,Ambrožev trg,69
b59656a4-b6e7-4b87-977c-078c59088a50,aa42017d-812a-4175-bc9b-0fec03b18931,c87db9be-1fba-4102-a743-0ee4317dd5af,Bavarski dvor,17
b59656a4-b6e7-4b87-977c-078c59088a50,aa42017d-812a-4175-bc9b-0fec03b18931,fef200e9-4d98-425b-ab14-8110e2aa85d7,Drama,141
b59656a4-b6e7-4b87-977c-078c59088a50,aa42017d-812a-4175-bc9b-0fec03b18931,a719a87c-4e93-4387-a6d1-2631a487f7e0,Ajdovščina,74
b59656a4-b6e7-4b87-977c-078c59088a50,aa42017d-812a-4175-bc9b-0fec03b18931,609f0950-bb8c-4eaf-a931-8575b8aff1ac,Savske stolpnice,357
b59656a4-b6e7-4b87-977c-078c59088a50,aa42017d-812a-4175-bc9b-0fec03b18931,9e109242-5aad-4fb7-b0c8-576eef8aa4e0,VEVČE,54
b59656a4-b6e7-4b87-977c-078c59088a50,aa42017d-812a-4175-bc9b-0fec03b18931,7fa32ea0-e884-435a-a81c-51bbd5cedf3e,Zaloška,59
b59656a4-b6e7-4b87-977c-078c59088a50,aa42017d-812a-4175-bc9b-0fec03b18931,c87db9be-1fba-4102-a743-0ee4317dd5af,Bavarski dvor,24
b59656a4-b6e7-4b87-977c-078c59088a50,aa42017d-812a-4175-bc9b-0fec03b18931,eb165f50-9c43-4b09-9658-469a16d3dc83,Kodeljevo,156
b59656a4-b6e7-4b87-977c-078c59088a50,aa42017d-812a-4175-bc9b-0fec03b18931,a0e0a21b-b8ce-4d76-bbc2-04e179367fee,Šola Jarše,501
b59656a4-b6e7-4b87-977c-078c59088a50,aa42017d-812a-4175-bc9b-0fec03b18931,ecc4ae87-ae08-4b94-995c-452fdd94df7f,Privoz,481
b59656a4-b6e7-4b87-977c-078c59088a50,aa42017d-812a-4175-bc9b-0fec03b18931,379bc761-04b5-4227-be76-3b870fe3e69f,Pot na Fužine,22
b59656a4-b6e7-4b87-977c-078c59088a50,aa42017d-812a-4175-bc9b-0fec03b18931,N/A,N/A,660
b59656a4-b6e7-4b87-977c-078c59088a50,aa42017d-812a-4175-bc9b-0fec03b18931,c5ec5e81-2ce4-452d-bd7a-595de4f8b34f,Prušnikova,148
b59656a4-b6e7-4b87-977c-078c59088a50,aa42017d-812a-4175-bc9b-0fec03b18931,fef200e9-4d98-425b-ab14-8110e2aa85d7,Drama,103
b59656a4-b6e7-4b87-977c-078c59088a50,aa42017d-812a-4175-bc9b-0fec03b18931,N/A,N/A,660
b59656a4-b6e7-4b87-977c-078c59088a50,aa42017d-812a-4175-bc9b-0fec03b18931,9a1c4c65-df77-481f-87ad-56143f02a864,Vižmarje,501
b59656a4-b6e7-4b87-977c-078c59088a50,aa42017d-812a-4175-bc9b-0fec03b18931,e6f5183b-c615-4f47-b4fb-204ee070e825,Bežigrad,328
b59656a4-b6e7-4b87-977c-078c59088a50,aa42017d-812a-4175-bc9b-0fec03b18931,295616c0-387b-4f60-a337-7743cd6be04e,Bavarski dvor,100
b59656a4-b6e7-4b87-977c-078c59088a50,aa42017d-812a-4175-bc9b-0fec03b18931,ecc4ae87-ae08-4b94-995c-452fdd94df7f,Privoz,371
b59656a4-b6e7-4b87-977c-078c59088a50,aa42017d-812a-4175-bc9b-0fec03b18931,7eb88e01-82e9-4af4-84d0-69c6ea9dc82c,Kolodvor,197
b59656a4-b6e7-4b87-977c-078c59088a50,aa42017d-812a-4175-bc9b-0fec03b18931,9b0074d2-2c92-4c01-830b-00be8e05b412,Cukrarna,424
b59656a4-b6e7-4b87-977c-078c59088a50,aa42017d-812a-4175-bc9b-0fec03b18931,609f0950-bb8c-4eaf-a931-8575b8aff1ac,Savske stolpnice,71
b59656a4-b6e7-4b87-977c-078c59088a50,aa42017d-812a-4175-bc9b-0fec03b18931,c87db9be-1fba-4102-a743-0ee4317dd5af,Bavarski dvor,570
b59656a4-b6e7-4b87-977c-078c59088a50,aa42017d-812a-4175-bc9b-0fec03b18931,454817d3-3750-49c7-994c-14d06fd2c634,Žale,50
b59656a4-b6e7-4b87-977c-078c59088a50,aa42017d-812a-4175-bc9b-0fec03b18931,484b5c91-1220-43ba-af79-84e712fcc46b,Slovenija avto,12
b59656a4-b6e7-4b87-977c-078c59088a50,aa42017d-812a-4175-bc9b-0fec03b18931,1505c6fe-6080-424e-98d1-24c312cfacf3,Pot na Rakovo jelšo,166
b59656a4-b6e7-4b87-977c-078c59088a50,aa42017d-812a-4175-bc9b-0fec03b18931,f33b721f-a8a3-4aad-96f2-077da09ebaa6,Razstavišče,203
b59656a4-b6e7-4b87-977c-078c59088a50,aa42017d-812a-4175-bc9b-0fec03b18931,a0b1fb90-3f6a-4231-910a-18be192ac762,Flajšmanova,376
b59656a4-b6e7-4b87-977c-078c59088a50,aa42017d-812a-4175-bc9b-0fec03b18931,7fad8003-fb10-489d-bf8d-6d433310ad90,Nove Jarše,103
b59656a4-b6e7-4b87-977c-078c59088a50,aa42017d-812a-4175-bc9b-0fec03b18931,fef200e9-4d98-425b-ab14-8110e2aa85d7,Drama,113
b59656a4-b6e7-4b87-977c-078c59088a50,aa42017d-812a-4175-bc9b-0fec03b18931,a0b1fb90-3f6a-4231-910a-18be192ac762,Flajšmanova,5
b59656a4-b6e7-4b87-977c-078c59088a50,aa42017d-812a-4175-bc9b-0fec03b18931,a719a87c-4e93-4387-a6d1-2631a487f7e0,Ajdovščina,14
b59656a4-b6e7-4b87-977c-078c59088a50,aa42017d-812a-4175-bc9b-0fec03b18931,023d7b7a-b411-4e61-8746-b07f9e5c8f90,Ambrožev trg,32
b59656a4-b6e7-4b87-977c-078c59088a50,aa42017d-812a-4175-bc9b-0fec03b18931,f33b721f-a8a3-4aad-96f2-077da09ebaa6,Razstavišče,60
b59656a4-b6e7-4b87-977c-078c59088a50,aa42017d-812a-4175-bc9b-0fec03b18931,5d7f28a6-2a2a-4333-aa06-48edfb652f86,Pošta,27
b59656a4-b6e7-4b87-977c-078c59088a50,aa42017d-812a-4175-bc9b-0fec03b18931,c87db9be-1fba-4102-a743-0ee4317dd5af,Bavarski dvor,98
b59656a4-b6e7-4b87-977c-078c59088a50,aa42017d-812a-4175-bc9b-0fec03b18931,f33b721f-a8a3-4aad-96f2-077da09ebaa6,Razstavišče,378
b59656a4-b6e7-4b87-977c-078c59088a50,aa42017d-812a-4175-bc9b-0fec03b18931,a719a87c-4e93-4387-a6d1-2631a487f7e0,Ajdovščina,58
b59656a4-b6e7-4b87-977c-078c59088a50,aa42017d-812a-4175-bc9b-0fec03b18931,4038e02e-f22f-4af0-ba4f-7aab855b53af,Kneza Koclja,451
b59656a4-b6e7-4b87-977c-078c59088a50,aa42017d-812a-4175-bc9b-0fec03b18931,c87db9be-1fba-4102-a743-0ee4317dd5af,Bavarski dvor,25
b59656a4-b6e7-4b87-977c-078c59088a50,aa42017d-812a-4175-bc9b-0fec03b18931,c87db9be-1fba-4102-a743-0ee4317dd5af,Bavarski dvor,32
b59656a4-b6e7-4b87-977c-078c59088a50,aa42017d-812a-4175-bc9b-0fec03b18931,9cfac7e2-9653-4e52-a6d3-27756d27f817,Kino Šiška,107
b59656a4-b6e7-4b87-977c-078c59088a50,aa42017d-812a-4175-bc9b-0fec03b18931,295616c0-387b-4f60-a337-7743cd6be04e,Bavarski dvor,81
b59656a4-b6e7-4b87-977c-078c59088a50,aa42017d-812a-4175-bc9b-0fec03b18931,1eadcdb9-60cd-47c9-8eec-527c3465a685,Polje,51
b59656a4-b6e7-4b87-977c-078c59088a50,aa42017d-812a-4175-bc9b-0fec03b18931,c87db9be-1fba-4102-a743-0ee4317dd5af,Bavarski dvor,38
b59656a4-b6e7-4b87-977c-078c59088a50,aa42017d-812a-4175-bc9b-0fec03b18931,8598b85d-3e1d-4767-b72f-0c209038841f,Štepanja vas,113
b59656a4-b6e7-4b87-977c-078c59088a50,aa42017d-812a-4175-bc9b-0fec03b18931,295616c0-387b-4f60-a337-7743cd6be04e,Bavarski dvor,40
b59656a4-b6e7-4b87-977c-078c59088a50,aa42017d-812a-4175-bc9b-0fec03b18931,1ce1c3a8-e0f6-4f90-b1aa-1448759d8b3c,Astra,147
b59656a4-b6e7-4b87-977c-078c59088a50,aa42017d-812a-4175-bc9b-0fec03b18931,295616c0-387b-4f60-a337-7743cd6be04e,Bavarski dvor,334
b59656a4-b6e7-4b87-977c-078c59088a50,aa42017d-812a-4175-bc9b-0fec03b18931,a2ce7e6f-0f99-443a-a973-81a0b9c60261,Astra,126
b59656a4-b6e7-4b87-977c-078c59088a50,aa42017d-812a-4175-bc9b-0fec03b18931,fef200e9-4d98-425b-ab14-8110e2aa85d7,Drama,29
b59656a4-b6e7-4b87-977c-078c59088a50,aa42017d-812a-4175-bc9b-0fec03b18931,8c7fa045-888b-46d0-8189-6f82623bf481,Poljanska,21
b59656a4-b6e7-4b87-977c-078c59088a50,aa42017d-812a-4175-bc9b-0fec03b18931,294c40c4-18e4-4d92-a947-911a8623de89,Veliki štradon,195
b59656a4-b6e7-4b87-977c-078c59088a50,aa42017d-812a-4175-bc9b-0fec03b18931,N/A,N/A,660
b59656a4-b6e7-4b87-977c-078c59088a50,aa42017d-812a-4175-bc9b-0fec03b18931,cdabf1ea-b04c-480a-8359-72c46e6864ab,Bežigrad,168
b59656a4-b6e7-4b87-977c-078c59088a50,aa42017d-812a-4175-bc9b-0fec03b18931,295616c0-387b-4f60-a337-7743cd6be04e,Bavarski dvor,253
b59656a4-b6e7-4b87-977c-078c59088a50,aa42017d-812a-4175-bc9b-0fec03b18931,N/A,N/A,660
b59656a4-b6e7-4b87-977c-078c59088a50,aa42017d-812a-4175-bc9b-0fec03b18931,c87db9be-1fba-4102-a743-0ee4317dd5af,Bavarski dvor,207
b59656a4-b6e7-4b87-977c-078c59088a50,aa42017d-812a-4175-bc9b-0fec03b18931,484b5c91-1220-43ba-af79-84e712fcc46b,Slovenija avto,90
b59656a4-b6e7-4b87-977c-078c59088a50,aa42017d-812a-4175-bc9b-0fec03b18931,aa42017d-812a-4175-bc9b-0fec03b18931,Ambrožev trg,353
b59656a4-b6e7-4b87-977c-078c59088a50,aa42017d-812a-4175-bc9b-0fec03b18931,c5ec5e81-2ce4-452d-bd7a-595de4f8b34f,Prušnikova,7
b59656a4-b6e7-4b87-977c-078c59088a50,aa42017d-812a-4175-bc9b-0fec03b18931,98fa3880-5936-4ec8-ba04-39c7ff9a0e6a,Stara cerkev,28
b59656a4-b6e7-4b87-977c-078c59088a50,aa42017d-812a-4175-bc9b-0fec03b18931,c87db9be-1fba-4102-a743-0ee4317dd5af,Bavarski dvor,180
b59656a4-b6e7-4b87-977c-078c59088a50,aa42017d-812a-4175-bc9b-0fec03b18931,1e157c31-d34d-4c2e-91b4-8c000c88f6dd,Kardeljeva ploščad,169
b59656a4-b6e7-4b87-977c-078c59088a50,aa42017d-812a-4175-bc9b-0fec03b18931,295616c0-387b-4f60-a337-7743cd6be04e,Bavarski dvor,532
b59656a4-b6e7-4b87-977c-078c59088a50,aa42017d-812a-4175-bc9b-0fec03b18931,295616c0-387b-4f60-a337-7743cd6be04e,Bavarski dvor,91
b59656a4-b6e7-4b87-977c-078c59088a50,aa42017d-812a-4175-bc9b-0fec03b18931,295616c0-387b-4f60-a337-7743cd6be04e,Bavarski dvor,398
b59656a4-b6e7-4b87-977c-078c59088a50,aa42017d-812a-4175-bc9b-0fec03b18931,fef200e9-4d98-425b-ab14-8110e2aa85d7,Drama,89
b59656a4-b6e7-4b87-977c-078c59088a50,aa42017d-812a-4175-bc9b-0fec03b18931,N/A,N/A,660
b59656a4-b6e7-4b87-977c-078c59088a50,aa42017d-812a-4175-bc9b-0fec03b18931,9a1c4c65-df77-481f-87ad-56143f02a864,Vižmarje,76
b59656a4-b6e7-4b87-977c-078c59088a50,aa42017d-812a-4175-bc9b-0fec03b18931,f4cfd904-bd11-4247-95df-32c4555a930f,Klinični center,378
b59656a4-b6e7-4b87-977c-078c59088a50,aa42017d-812a-4175-bc9b-0fec03b18931,295616c0-387b-4f60-a337-7743cd6be04e,Bavarski dvor,27
b59656a4-b6e7-4b87-977c-078c59088a50,aa42017d-812a-4175-bc9b-0fec03b18931,5d7f28a6-2a2a-4333-aa06-48edfb652f86,Pošta,62
b59656a4-b6e7-4b87-977c-078c59088a50,aa42017d-812a-4175-bc9b-0fec03b18931,f33b721f-a8a3-4aad-96f2-077da09ebaa6,Razstavišče,151
b59656a4-b6e7-4b87-977c-078c59088a50,aa42017d-812a-4175-bc9b-0fec03b18931,c87db9be-1fba-4102-a743-0ee4317dd5af,Bavarski dvor,176
b59656a4-b6e7-4b87-977c-078c59088a50,aa42017d-812a-4175-bc9b-0fec03b18931,484b5c91-1220-43ba-af79-84e712fcc46b,Slovenija avto,70
b59656a4-b6e7-4b87-977c-078c59088a50,aa42017d-812a-4175-bc9b-0fec03b18931,c87db9be-1fba-4102-a743-0ee4317dd5af,Bavarski dvor,181
b59656a4-b6e7-4b87-977c-078c59088a50,aa42017d-812a-4175-bc9b-0fec03b18931,6bd46cb7-9e5d-453a-878a-bcc38fb2a5f2,Sava,326
b59656a4-b6e7-4b87-977c-078c59088a50,aa42017d-812a-4175-bc9b-0fec03b18931,f33b721f-a8a3-4aad-96f2-077da09ebaa6,Razstavišče,145
b59656a4-b6e7-4b87-977c-078c59088a50,aa42017d-812a-4175-bc9b-0fec03b18931,f33b721f-a8a3-4aad-96f2-077da09ebaa6,Razstavišče,279
b59656a4-b6e7-4b87-977c-078c59088a50,aa42017d-812a-4175-bc9b-0fec03b18931,9cfac7e2-9653-4e52-a6d3-27756d27f817,Kino Šiška,176
b59656a4-b6e7-4b87-977c-078c59088a50,aa42017d-812a-4175-bc9b-0fec03b18931,9b0074d2-2c92-4c01-830b-00be8e05b412,Cukrarna,9
b59656a4-b6e7-4b87-977c-078c59088a50,aa42017d-812a-4175-bc9b-0fec03b18931,fef200e9-4d98-425b-ab14-8110e2aa85d7,Drama,235
b59656a4-b6e7-4b87-977c-078c59088a50,aa42017d-812a-4175-bc9b-0fec03b18931,c87db9be-1fba-4102-a743-0ee4317dd5af,Bavarski dvor,172
b59656a4-b6e7-4b87-977c-078c59088a50,aa42017d-812a-4175-bc9b-0fec03b18931,295616c0-387b-4f60-a337-7743cd6be04e,Bavarski dvor,49
b59656a4-b6e7-4b87-977c-078c59088a50,aa42017d-812a-4175-bc9b-0fec03b18931,f33b721f-a8a3-4aad-96f2-077da09ebaa6,Razstavišče,273
b59656a4-b6e7-4b87-977c-078c59088a50,aa42017d-812a-4175-bc9b-0fec03b18931,7fa32ea0-e884-435a-a81c-51bbd5cedf3e,Zaloška,44
b59656a4-b6e7-4b87-977c-078c59088a50,aa42017d-812a-4175-bc9b-0fec03b18931,f33b721f-a8a3-4aad-96f2-077da09ebaa6,Razstavišče,66
b59656a4-b6e7-4b87-977c-078c59088a50,aa42017d-812a-4175-bc9b-0fec03b18931,717dda7e-d793-4697-8f60-b64ee8b1edc4,Gosposvetska,247
b59656a4-b6e7-4b87-977c-078c59088a50,aa42017d-812a-4175-bc9b-0fec03b18931,c87db9be-1fba-4102-a743-0ee4317dd5af,Bavarski dvor,10
b59656a4-b6e7-4b87-977c-078c59088a50,aa42017d-812a-4175-bc9b-0fec03b18931,c87db9be-1fba-4102-a743-0ee4317dd5af,Bavarski dvor,192
b59656a4-b6e7-4b87-977c-078c59088a50,aa42017d-812a-4175-bc9b-0fec03b18931,3c6ebf90-c611-4535-b2b0-22fba3f7649a,Štajerska,642
b59656a4-b6e7-4b87-977c-078c59088a50,aa42017d-812a-4175-bc9b-0fec03b18931,1b3ddeca-a066-43ee-9ae5-8339628129c2,Žale,202
b59656a4-b6e7-4b87-977c-078c59088a50,aa42017d-812a-4175-bc9b-0fec03b18931,c87db9be-1fba-4102-a743-0ee4317dd5af,Bavarski dvor,30
b59656a4-b6e7-4b87-977c-078c59088a50,aa42017d-812a-4175-bc9b-0fec03b18931,f14a6236-8af2-47bf-9270-432377662a63,Viadukt,28
b59656a4-b6e7-4b87-977c-078c59088a50,aa42017d-812a-4175-bc9b-0fec03b18931,a0b1fb90-3f6a-4231-910a-18be192ac762,Flajšmanova,26
b59656a4-b6e7-4b87-977c-078c59088a50,aa42017d-812a-4175-bc9b-0fec03b18931,fef200e9-4d98-425b-ab14-8110e2aa85d7,Drama,43
b59656a4-b6e7-4b87-977c-078c59088a50,aa42017d-812a-4175-bc9b-0fec03b18931,5de84f88-3f32-4636-8c30-03cc267ecf37,Podvozna pot,377
b59656a4-b6e7-4b87-977c-078c59088a50,aa42017d-812a-4175-bc9b-0fec03b18931,c87db9be-1fba-4102-a743-0ee4317dd5af,Bavarski dvor,413
b59656a4-b6e7-4b87-977c-078c59088a50,aa42017d-812a-4175-bc9b-0fec03b18931,c87db9be-1fba-4102-a743-0ee4317dd5af,Bavarski dvor,47
b59656a4-b6e7-4b87-977c-078c59088a50,aa42017d-812a-4175-bc9b-0fec03b18931,717dda7e-d793-4697-8f60-b64ee8b1edc4,Gosposvetska,452
b59656a4-b6e7-4b87-977c-078c59088a50,aa42017d-812a-4175-bc9b-0fec03b18931,fef200e9-4d98-425b-ab14-8110e2aa85d7,Drama,19
b59656a4-b6e7-4b87-977c-078c59088a50,aa42017d-812a-4175-bc9b-0fec03b18931,6edebb46-d04f-45c4-99a4-100f7f0b2660,Zadvor,577
b59656a4-b6e7-4b87-977c-078c59088a50,aa42017d-812a-4175-bc9b-0fec03b18931,295616c0-387b-4f60-a337-7743cd6be04e,Bavarski dvor,268
b59656a4-b6e7-4b87-977c-078c59088a50,aa42017d-812a-4175-bc9b-0fec03b18931,5d7f28a6-2a2a-4333-aa06-48edfb652f86,Pošta,417
b59656a4-b6e7-4b87-977c-078c59088a50,aa42017d-812a-4175-bc9b-0fec03b18931,c87db9be-1fba-4102-a743-0ee4317dd5af,Bavarski dvor,197
b59656a4-b6e7-4b87-977c-078c59088a50,aa42017d-812a-4175-bc9b-0fec03b18931,717dda7e-d793-4697-8f60-b64ee8b1edc4,Gosposvetska,221
b59656a4-b6e7-4b87-977c-078c59088a50,aa42017d-812a-4175-bc9b-0fec03b18931,6182f8e8-c45e-4606-b4a4-d909bd44d2cc,Gornji trg,505
b59656a4-b6e7-4b87-977c-078c59088a50,aa42017d-812a-4175-bc9b-0fec03b18931,c87db9be-1fba-4102-a743-0ee4317dd5af,Bavarski dvor,134
b59656a4-b6e7-4b87-977c-078c59088a50,aa42017d-812a-4175-bc9b-0fec03b18931,fef200e9-4d98-425b-ab14-8110e2aa85d7,Drama,524
b59656a4-b6e7-4b87-977c-078c59088a50,aa42017d-812a-4175-bc9b-0fec03b18931,a719a87c-4e93-4387-a6d1-2631a487f7e0,Ajdovščina,13
b59656a4-b6e7-4b87-977c-078c59088a50,aa42017d-812a-4175-bc9b-0fec03b18931,cdabf1ea-b04c-480a-8359-72c46e6864ab,Bežigrad,65
b59656a4-b6e7-4b87-977c-078c59088a50,aa42017d-812a-4175-bc9b-0fec03b18931,dfde6478-02b5-471b-a470-29cb0e84542f,Slovenija avto,343
b59656a4-b6e7-4b87-977c-078c59088a50,aa42017d-812a-4175-bc9b-0fec03b18931,cdabf1ea-b04c-480a-8359-72c46e6864ab,Bežigrad,134
b59656a4-b6e7-4b87-977c-078c59088a50,aa42017d-812a-4175-bc9b-0fec03b18931,c87db9be-1fba-4102-a743-0ee4317dd5af,Bavarski dvor,95
b59656a4-b6e7-4b87-977c-078c59088a50,aa42017d-812a-4175-bc9b-0fec03b18931,52e5adea-e194-4fc1-809c-1d6421f8f8db,Kovinarska,74
b59656a4-b6e7-4b87-977c-078c59088a50,aa42017d-812a-4175-bc9b-0fec03b18931,c87db9be-1fba-4102-a743-0ee4317dd5af,Bavarski dvor,212
b59656a4-b6e7-4b87-977c-078c59088a50,aa42017d-812a-4175-bc9b-0fec03b18931,fef200e9-4d98-425b-ab14-8110e2aa85d7,Drama,130
b59656a4-b6e7-4b87-977c-078c59088a50,aa42017d-812a-4175-bc9b-0fec03b18931,fef200e9-4d98-425b-ab14-8110e2aa85d7,Drama,37
b59656a4-b6e7-4b87-977c-078c59088a50,aa42017d-812a-4175-bc9b-0fec03b18931,c87db9be-1fba-4102-a743-0ee4317dd5af,Bavarski dvor,224
b59656a4-b6e7-4b87-977c-078c59088a50,aa42017d-812a-4175-bc9b-0fec03b18931,379bc761-04b5-4227-be76-3b870fe3e69f,Pot na Fužine,382
b59656a4-b6e7-4b87-977c-078c59088a50,aa42017d-812a-4175-bc9b-0fec03b18931,cdabf1ea-b04c-480a-8359-72c46e6864ab,Bežigrad,152
b59656a4-b6e7-4b87-977c-078c59088a50,aa42017d-812a-4175-bc9b-0fec03b18931,fef200e9-4d98-425b-ab14-8110e2aa85d7,Drama,21
b59656a4-b6e7-4b87-977c-078c59088a50,aa42017d-812a-4175-bc9b-0fec03b18931,8589e5d1-21b4-4210-ad7a-4bf91f9a715d,Vižmarje,225
b59656a4-b6e7-4b87-977c-078c59088a50,aa42017d-812a-4175-bc9b-0fec03b18931,5d7f28a6-2a2a-4333-aa06-48edfb652f86,Pošta,74
b59656a4-b6e7-4b87-977c-078c59088a50,aa42017d-812a-4175-bc9b-0fec03b18931,2ec182e2-769f-427f-b9b5-c4118890cb96,Stožice,283
b59656a4-b6e7-4b87-977c-078c59088a50,aa42017d-812a-4175-bc9b-0fec03b18931,a719a87c-4e93-4387-a6d1-2631a487f7e0,Ajdovščina,25
b59656a4-b6e7-4b87-977c-078c59088a50,aa42017d-812a-4175-bc9b-0fec03b18931,c87db9be-1fba-4102-a743-0ee4317dd5af,Bavarski dvor,107
b59656a4-b6e7-4b87-977c-078c59088a50,aa42017d-812a-4175-bc9b-0fec03b18931,295616c0-387b-4f60-a337-7743cd6be04e,Bavarski dvor,577
b59656a4-b6e7-4b87-977c-078c59088a50,aa42017d-812a-4175-bc9b-0fec03b18931,6a89c110-a0f8-4b1a-87f0-33f49c0a658e,Šola Jarše,165
b59656a4-b6e7-4b87-977c-078c59088a50,aa42017d-812a-4175-bc9b-0fec03b18931,f33b721f-a8a3-4aad-96f2-077da09ebaa6,Razstavišče,21
b59656a4-b6e7-4b87-977c-078c59088a50,aa42017d-812a-4175-bc9b-0fec03b18931,fef200e9-4d98-425b-ab14-8110e2aa85d7,Drama,13
b59656a4-b6e7-4b87-977c-078c59088a50,aa42017d-812a-4175-bc9b-0fec03b18931,5d7f28a6-2a2a-4333-aa06-48edfb652f86,Pošta,42
b59656a4-b6e7-4b87-977c-078c59088a50,aa42017d-812a-4175-bc9b-0fec03b18931,N/A,N/A,660
b59656a4-b6e7-4b87-977c-078c59088a50,aa42017d-812a-4175-bc9b-0fec03b18931,295616c0-387b-4f60-a337-7743cd6be04e,Bavarski dvor,86
b59656a4-b6e7-4b87-977c-078c59088a50,aa42017d-812a-4175-bc9b-0fec03b18931,7eb88e01-82e9-4af4-84d0-69c6ea9dc82c,Kolodvor,45
b59656a4-b6e7-4b87-977c-078c59088a50,aa42017d-812a-4175-bc9b-0fec03b18931,db13a26e-19d4-4b8a-a78a-01ef25d58834,Ježica,261
b59656a4-b6e7-4b87-977c-078c59088a50,aa42017d-812a-4175-bc9b-0fec03b18931,f33b721f-a8a3-4aad-96f2-077da09ebaa6,Razstavišče,96
b59656a4-b6e7-4b87-977c-078c59088a50,aa42017d-812a-4175-bc9b-0fec03b18931,cdabf1ea-b04c-480a-8359-72c46e6864ab,Bežigrad,9
b59656a4-b6e7-4b87-977c-078c59088a50,aa42017d-812a-4175-bc9b-0fec03b18931,ecc4ae87-ae08-4b94-995c-452fdd94df7f,Privoz,270
b59656a4-b6e7-4b87-977c-078c59088a50,aa42017d-812a-4175-bc9b-0fec03b18931,f33b721f-a8a3-4aad-96f2-077da09ebaa6,Razstavišče,93
b59656a4-b6e7-4b87-977c-078c59088a50,aa42017d-812a-4175-bc9b-0fec03b18931,c87db9be-1fba-4102-a743-0ee4317dd5af,Bavarski dvor,54
b59656a4-b6e7-4b87-977c-078c59088a50,aa42017d-812a-4175-bc9b-0fec03b18931,093afa81-b65f-4182-bac3-afbc00558a9b,Koseze,166
b59656a4-b6e7-4b87-977c-078c59088a50,aa42017d-812a-4175-bc9b-0fec03b18931,454817d3-3750-49c7-994c-14d06fd2c634,Žale,170
b59656a4-b6e7-4b87-977c-078c59088a50,aa42017d-812a-4175-bc9b-0fec03b18931,2ec182e2-769f-427f-b9b5-c4118890cb96,Stožice,83
b59656a4-b6e7-4b87-977c-078c59088a50,aa42017d-812a-4175-bc9b-0fec03b18931,a719a87c-4e93-4387-a6d1-2631a487f7e0,Ajdovščina,34
b59656a4-b6e7-4b87-977c-078c59088a50,aa42017d-812a-4175-bc9b-0fec03b18931,fef200e9-4d98-425b-ab14-8110e2aa85d7,Drama,75
b59656a4-b6e7-4b87-977c-078c59088a50,aa42017d-812a-4175-bc9b-0fec03b18931,295616c0-387b-4f60-a337-7743cd6be04e,Bavarski dvor,167
b59656a4-b6e7-4b87-977c-078c59088a50,aa42017d-812a-4175-bc9b-0fec03b18931,484b5c91-1220-43ba-af79-84e712fcc46b,Slovenija avto,71
b59656a4-b6e7-4b87-977c-078c59088a50,aa42017d-812a-4175-bc9b-0fec03b18931,c87db9be-1fba-4102-a743-0ee4317dd5af,Bavarski dvor,143
b59656a4-b6e7-4b87-977c-078c59088a50,aa42017d-812a-4175-bc9b-0fec03b18931,f33b721f-a8a3-4aad-96f2-077da09ebaa6,Razstavišče,90
b59656a4-b6e7-4b87-977c-078c59088a50,aa42017d-812a-4175-bc9b-0fec03b18931,7484317c-269f-425f-8118-23eedab4e5f1,Tivoli,48
b59656a4-b6e7-4b87-977c-078c59088a50,aa42017d-812a-4175-bc9b-0fec03b18931,c87db9be-1fba-4102-a743-0ee4317dd5af,Bavarski dvor,52
b59656a4-b6e7-4b87-977c-078c59088a50,aa42017d-812a-4175-bc9b-0fec03b18931,fef200e9-4d98-425b-ab14-8110e2aa85d7,Drama,52
b59656a4-b6e7-4b87-977c-078c59088a50,aa42017d-812a-4175-bc9b-0fec03b18931,c87db9be-1fba-4102-a743-0ee4317dd5af,Bavarski dvor,67
b59656a4-b6e7-4b87-977c-078c59088a50,aa42017d-812a-4175-bc9b-0fec03b18931,fef200e9-4d98-425b-ab14-8110e2aa85d7,Drama,72
b59656a4-b6e7-4b87-977c-078c59088a50,aa42017d-812a-4175-bc9b-0fec03b18931,ac3afe7d-a2b3-4d5d-9e6a-1d2412a3bc70,Litostrojska,92
b59656a4-b6e7-4b87-977c-078c59088a50,aa42017d-812a-4175-bc9b-0fec03b18931,717dda7e-d793-4697-8f60-b64ee8b1edc4,Gosposvetska,118
b59656a4-b6e7-4b87-977c-078c59088a50,aa42017d-812a-4175-bc9b-0fec03b18931,fef200e9-4d98-425b-ab14-8110e2aa85d7,Drama,49
b59656a4-b6e7-4b87-977c-078c59088a50,aa42017d-812a-4175-bc9b-0fec03b18931,c87db9be-1fba-4102-a743-0ee4317dd5af,Bavarski dvor,184
b59656a4-b6e7-4b87-977c-078c59088a50,aa42017d-812a-4175-bc9b-0fec03b18931,717dda7e-d793-4697-8f60-b64ee8b1edc4,Gosposvetska,101
b59656a4-b6e7-4b87-977c-078c59088a50,aa42017d-812a-4175-bc9b-0fec03b18931,c22879e5-8e90-4540-9a74-5f139208e492,Friškovec,652
b59656a4-b6e7-4b87-977c-078c59088a50,aa42017d-812a-4175-bc9b-0fec03b18931,c87db9be-1fba-4102-a743-0ee4317dd5af,Bavarski dvor,200
b59656a4-b6e7-4b87-977c-078c59088a50,aa42017d-812a-4175-bc9b-0fec03b18931,295616c0-387b-4f60-a337-7743cd6be04e,Bavarski dvor,228
b59656a4-b6e7-4b87-977c-078c59088a50,aa42017d-812a-4175-bc9b-0fec03b18931,aa42017d-812a-4175-bc9b-0fec03b18931,Ambrožev trg,249
b59656a4-b6e7-4b87-977c-078c59088a50,aa42017d-812a-4175-bc9b-0fec03b18931,c87db9be-1fba-4102-a743-0ee4317dd5af,Bavarski dvor,52
b59656a4-b6e7-4b87-977c-078c59088a50,aa42017d-812a-4175-bc9b-0fec03b18931,295616c0-387b-4f60-a337-7743cd6be04e,Bavarski dvor,196
b59656a4-b6e7-4b87-977c-078c59088a50,aa42017d-812a-4175-bc9b-0fec03b18931,fef200e9-4d98-425b-ab14-8110e2aa85d7,Drama,17
b59656a4-b6e7-4b87-977c-078c59088a50,aa42017d-812a-4175-bc9b-0fec03b18931,c87db9be-1fba-4102-a743-0ee4317dd5af,Bavarski dvor,122
b59656a4-b6e7-4b87-977c-078c59088a50,aa42017d-812a-4175-bc9b-0fec03b18931,eb165f50-9c43-4b09-9658-469a16d3dc83,Kodeljevo,578
b59656a4-b6e7-4b87-977c-078c59088a50,aa42017d-812a-4175-bc9b-0fec03b18931,c87db9be-1fba-4102-a743-0ee4317dd5af,Bavarski dvor,200
b59656a4-b6e7-4b87-977c-078c59088a50,aa42017d-812a-4175-bc9b-0fec03b18931,c87db9be-1fba-4102-a743-0ee4317dd5af,Bavarski dvor,96
b59656a4-b6e7-4b87-977c-078c59088a50,aa42017d-812a-4175-bc9b-0fec03b18931,a719a87c-4e93-4387-a6d1-2631a487f7e0,Ajdovščina,58
b59656a4-b6e7-4b87-977c-078c59088a50,aa42017d-812a-4175-bc9b-0fec03b18931,295616c0-387b-4f60-a337-7743cd6be04e,Bavarski dvor,107
b59656a4-b6e7-4b87-977c-078c59088a50,aa42017d-812a-4175-bc9b-0fec03b18931,fef200e9-4d98-425b-ab14-8110e2aa85d7,Drama,317
b59656a4-b6e7-4b87-977c-078c59088a50,aa42017d-812a-4175-bc9b-0fec03b18931,a2ce7e6f-0f99-443a-a973-81a0b9c60261,Astra,9
b59656a4-b6e7-4b87-977c-078c59088a50,aa42017d-812a-4175-bc9b-0fec03b18931,609f0950-bb8c-4eaf-a931-8575b8aff1ac,Savske stolpnice,225
b59656a4-b6e7-4b87-977c-078c59088a50,aa42017d-812a-4175-bc9b-0fec03b18931,5de84f88-3f32-4636-8c30-03cc267ecf37,Podvozna pot,509
b59656a4-b6e7-4b87-977c-078c59088a50,aa42017d-812a-4175-bc9b-0fec03b18931,5cc8a08d-c0af-491f-9a9c-b8b4f5f23bc0,BTC-Emporium,61
b59656a4-b6e7-4b87-977c-078c59088a50,aa42017d-812a-4175-bc9b-0fec03b18931,a0b1fb90-3f6a-4231-910a-18be192ac762,Flajšmanova,168
b59656a4-b6e7-4b87-977c-078c59088a50,aa42017d-812a-4175-bc9b-0fec03b18931,c87db9be-1fba-4102-a743-0ee4317dd5af,Bavarski dvor,225
b59656a4-b6e7-4b87-977c-078c59088a50,aa42017d-812a-4175-bc9b-0fec03b18931,a0b1fb90-3f6a-4231-910a-18be192ac762,Flajšmanova,201
b59656a4-b6e7-4b87-977c-078c59088a50,aa42017d-812a-4175-bc9b-0fec03b18931,717dda7e-d793-4697-8f60-b64ee8b1edc4,Gosposvetska,70
b59656a4-b6e7-4b87-977c-078c59088a50,aa42017d-812a-4175-bc9b-0fec03b18931,fef200e9-4d98-425b-ab14-8110e2aa85d7,Drama,143
b59656a4-b6e7-4b87-977c-078c59088a50,aa42017d-812a-4175-bc9b-0fec03b18931,c87db9be-1fba-4102-a743-0ee4317dd5af,Bavarski dvor,137
b59656a4-b6e7-4b87-977c-078c59088a50,aa42017d-812a-4175-bc9b-0fec03b18931,7bcbdcaa-00b9-47d4-8982-09da26cd7bcb,Zaloška,230
b59656a4-b6e7-4b87-977c-078c59088a50,aa42017d-812a-4175-bc9b-0fec03b18931,295616c0-387b-4f60-a337-7743cd6be04e,Bavarski dvor,106
b59656a4-b6e7-4b87-977c-078c59088a50,aa42017d-812a-4175-bc9b-0fec03b18931,c87db9be-1fba-4102-a743-0ee4317dd5af,Bavarski dvor,92
b59656a4-b6e7-4b87-977c-078c59088a50,aa42017d-812a-4175-bc9b-0fec03b18931,cdabf1ea-b04c-480a-8359-72c46e6864ab,Bežigrad,6
b59656a4-b6e7-4b87-977c-078c59088a50,aa42017d-812a-4175-bc9b-0fec03b18931,a719a87c-4e93-4387-a6d1-2631a487f7e0,Ajdovščina,256
b59656a4-b6e7-4b87-977c-078c59088a50,aa42017d-812a-4175-bc9b-0fec03b18931,fef200e9-4d98-425b-ab14-8110e2aa85d7,Drama,226
b59656a4-b6e7-4b87-977c-078c59088a50,aa42017d-812a-4175-bc9b-0fec03b18931,a719a87c-4e93-4387-a6d1-2631a487f7e0,Ajdovščina,22
b59656a4-b6e7-4b87-977c-078c59088a50,aa42017d-812a-4175-bc9b-0fec03b18931,fef200e9-4d98-425b-ab14-8110e2aa85d7,Drama,15
b59656a4-b6e7-4b87-977c-078c59088a50,aa42017d-812a-4175-bc9b-0fec03b18931,5d7f28a6-2a2a-4333-aa06-48edfb652f86,Pošta,50
b59656a4-b6e7-4b87-977c-078c59088a50,aa42017d-812a-4175-bc9b-0fec03b18931,2ec182e2-769f-427f-b9b5-c4118890cb96,Stožice,30
b59656a4-b6e7-4b87-977c-078c59088a50,aa42017d-812a-4175-bc9b-0fec03b18931,295616c0-387b-4f60-a337-7743cd6be04e,Bavarski dvor,15
b59656a4-b6e7-4b87-977c-078c59088a50,aa42017d-812a-4175-bc9b-0fec03b18931,f4cfd904-bd11-4247-95df-32c4555a930f,Klinični center,149
b59656a4-b6e7-4b87-977c-078c59088a50,aa42017d-812a-4175-bc9b-0fec03b18931,5d7f28a6-2a2a-4333-aa06-48edfb652f86,Pošta,22
b59656a4-b6e7-4b87-977c-078c59088a50,aa42017d-812a-4175-bc9b-0fec03b18931,f4cfd904-bd11-4247-95df-32c4555a930f,Klinični center,38
b59656a4-b6e7-4b87-977c-078c59088a50,aa42017d-812a-4175-bc9b-0fec03b18931,4038e02e-f22f-4af0-ba4f-7aab855b53af,Kneza Koclja,266
b59656a4-b6e7-4b87-977c-078c59088a50,aa42017d-812a-4175-bc9b-0fec03b18931,9a1c4c65-df77-481f-87ad-56143f02a864,Vižmarje,8
b59656a4-b6e7-4b87-977c-078c59088a50,aa42017d-812a-4175-bc9b-0fec03b18931,4038e02e-f22f-4af0-ba4f-7aab855b53af,Kneza Koclja,15
b59656a4-b6e7-4b87-977c-078c59088a50,aa42017d-812a-4175-bc9b-0fec03b18931,a719a87c-4e93-4387-a6d1-2631a487f7e0,Ajdovščina,141
b59656a4-b6e7-4b87-977c-078c59088a50,aa42017d-812a-4175-bc9b-0fec03b18931,a2ce7e6f-0f99-443a-a973-81a0b9c60261,Astra,28
b59656a4-b6e7-4b87-977c-078c59088a50,aa42017d-812a-4175-bc9b-0fec03b18931,a719a87c-4e93-4387-a6d1-2631a487f7e0,Ajdovščina,617
b59656a4-b6e7-4b87-977c-078c59088a50,aa42017d-812a-4175-bc9b-0fec03b18931,f33b721f-a8a3-4aad-96f2-077da09ebaa6,Razstavišče,32
b59656a4-b6e7-4b87-977c-078c59088a50,aa42017d-812a-4175-bc9b-0fec03b18931,c87db9be-1fba-4102-a743-0ee4317dd5af,Bavarski dvor,152
b59656a4-b6e7-4b87-977c-078c59088a50,aa42017d-812a-4175-bc9b-0fec03b18931,c87db9be-1fba-4102-a743-0ee4317dd5af,Bavarski dvor,367
b59656a4-b6e7-4b87-977c-078c59088a50,aa42017d-812a-4175-bc9b-0fec03b18931,9a1c4c65-df77-481f-87ad-56143f02a864,Vižmarje,201
b59656a4-b6e7-4b87-977c-078c59088a50,aa42017d-812a-4175-bc9b-0fec03b18931,fef200e9-4d98-425b-ab14-8110e2aa85d7,Drama,148
b59656a4-b6e7-4b87-977c-078c59088a50,aa42017d-812a-4175-bc9b-0fec03b18931,a719a87c-4e93-4387-a6d1-2631a487f7e0,Ajdovščina,106
b59656a4-b6e7-4b87-977c-078c59088a50,aa42017d-812a-4175-bc9b-0fec03b18931,N/A,N/A,660
b59656a4-b6e7-4b87-977c-078c59088a50,aa42017d-812a-4175-bc9b-0fec03b18931,5d7f28a6-2a2a-4333-aa06-48edfb652f86,Pošta,525
b59656a4-b6e7-4b87-977c-078c59088a50,aa42017d-812a-4175-bc9b-0fec03b18931,f33b721f-a8a3-4aad-96f2-077da09ebaa6,Razstavišče,332
b59656a4-b6e7-4b87-977c-078c59088a50,aa42017d-812a-4175-bc9b-0fec03b18931,295616c0-387b-4f60-a337-7743cd6be04e,Bavarski dvor,139
b59656a4-b6e7-4b87-977c-078c59088a50,aa42017d-812a-4175-bc9b-0fec03b18931,c87db9be-1fba-4102-a743-0ee4317dd5af,Bavarski dvor,435
b59656a4-b6e7-4b87-977c-078c59088a50,aa42017d-812a-4175-bc9b-0fec03b18931,093afa81-b65f-4182-bac3-afbc00558a9b,Koseze,10
b59656a4-b6e7-4b87-977c-078c59088a50,aa42017d-812a-4175-bc9b-0fec03b18931,c87db9be-1fba-4102-a743-0ee4317dd5af,Bavarski dvor,87
b59656a4-b6e7-4b87-977c-078c59088a50,aa42017d-812a-4175-bc9b-0fec03b18931,9cfac7e2-9653-4e52-a6d3-27756d27f817,Kino Šiška,227
b59656a4-b6e7-4b87-977c-078c59088a50,aa42017d-812a-4175-bc9b-0fec03b18931,295616c0-387b-4f60-a337-7743cd6be04e,Bavarski dvor,78
b59656a4-b6e7-4b87-977c-078c59088a50,aa42017d-812a-4175-bc9b-0fec03b18931,6459bd02-d8f8-413e-9402-10b916f09a4f,7. septembra,227
b59656a4-b6e7-4b87-977c-078c59088a50,aa42017d-812a-4175-bc9b-0fec03b18931,c87db9be-1fba-4102-a743-0ee4317dd5af,Bavarski dvor,55
b59656a4-b6e7-4b87-977c-078c59088a50,aa42017d-812a-4175-bc9b-0fec03b18931,a2ce7e6f-0f99-443a-a973-81a0b9c60261,Astra,99
b59656a4-b6e7-4b87-977c-078c59088a50,aa42017d-812a-4175-bc9b-0fec03b18931,8598b85d-3e1d-4767-b72f-0c209038841f,Štepanja vas,465
b59656a4-b6e7-4b87-977c-078c59088a50,aa42017d-812a-4175-bc9b-0fec03b18931,717dda7e-d793-4697-8f60-b64ee8b1edc4,Gosposvetska,16
b59656a4-b6e7-4b87-977c-078c59088a50,aa42017d-812a-4175-bc9b-0fec03b18931,a719a87c-4e93-4387-a6d1-2631a487f7e0,Ajdovščina,357
b59656a4-b6e7-4b87-977c-078c59088a50,aa42017d-812a-4175-bc9b-0fec03b18931,9bd3ee10-bc61-44e8-8cf3-a37cffd54da0,DOMŽALE kolodvor,121
b59656a4-b6e7-4b87-977c-078c59088a50,aa42017d-812a-4175-bc9b-0fec03b18931,f4cfd904-bd11-4247-95df-32c4555a930f,Klinični center,66
b59656a4-b6e7-4b87-977c-078c59088a50,aa42017d-812a-4175-bc9b-0fec03b18931,38b3abed-0592-407b-96c3-85a026f2e192,Dalmatinova,318
b59656a4-b6e7-4b87-977c-078c59088a50,aa42017d-812a-4175-bc9b-0fec03b18931,a719a87c-4e93-4387-a6d1-2631a487f7e0,Ajdovščina,122
b59656a4-b6e7-4b87-977c-078c59088a50,aa42017d-812a-4175-bc9b-0fec03b18931,5d7f28a6-2a2a-4333-aa06-48edfb652f86,Pošta,251
b59656a4-b6e7-4b87-977c-078c59088a50,aa42017d-812a-4175-bc9b-0fec03b18931,295616c0-387b-4f60-a337-7743cd6be04e,Bavarski dvor,588
b59656a4-b6e7-4b87-977c-078c59088a50,aa42017d-812a-4175-bc9b-0fec03b18931,98fa3880-5936-4ec8-ba04-39c7ff9a0e6a,Stara cerkev,176
b59656a4-b6e7-4b87-977c-078c59088a50,aa42017d-812a-4175-bc9b-0fec03b18931,f33b721f-a8a3-4aad-96f2-077da09ebaa6,Razstavišče,177
b59656a4-b6e7-4b87-977c-078c59088a50,aa42017d-812a-4175-bc9b-0fec03b18931,717dda7e-d793-4697-8f60-b64ee8b1edc4,Gosposvetska,136
b59656a4-b6e7-4b87-977c-078c59088a50,aa42017d-812a-4175-bc9b-0fec03b18931,c87db9be-1fba-4102-a743-0ee4317dd5af,Bavarski dvor,111
b59656a4-b6e7-4b87-977c-078c59088a50,aa42017d-812a-4175-bc9b-0fec03b18931,5d7f28a6-2a2a-4333-aa06-48edfb652f86,Pošta,40
b59656a4-b6e7-4b87-977c-078c59088a50,aa42017d-812a-4175-bc9b-0fec03b18931,a2ce7e6f-0f99-443a-a973-81a0b9c60261,Astra,47
b59656a4-b6e7-4b87-977c-078c59088a50,aa42017d-812a-4175-bc9b-0fec03b18931,484b5c91-1220-43ba-af79-84e712fcc46b,Slovenija avto,148
b59656a4-b6e7-4b87-977c-078c59088a50,aa42017d-812a-4175-bc9b-0fec03b18931,717dda7e-d793-4697-8f60-b64ee8b1edc4,Gosposvetska,85
b59656a4-b6e7-4b87-977c-078c59088a50,aa42017d-812a-4175-bc9b-0fec03b18931,fef200e9-4d98-425b-ab14-8110e2aa85d7,Drama,45
b59656a4-b6e7-4b87-977c-078c59088a50,aa42017d-812a-4175-bc9b-0fec03b18931,aa42017d-812a-4175-bc9b-0fec03b18931,Ambrožev trg,48
b59656a4-b6e7-4b87-977c-078c59088a50,aa42017d-812a-4175-bc9b-0fec03b18931,295616c0-387b-4f60-a337-7743cd6be04e,Bavarski dvor,32
b59656a4-b6e7-4b87-977c-078c59088a50,aa42017d-812a-4175-bc9b-0fec03b18931,295616c0-387b-4f60-a337-7743cd6be04e,Bavarski dvor,174
b59656a4-b6e7-4b87-977c-078c59088a50,aa42017d-812a-4175-bc9b-0fec03b18931,eb165f50-9c43-4b09-9658-469a16d3dc83,Kodeljevo,164
b59656a4-b6e7-4b87-977c-078c59088a50,aa42017d-812a-4175-bc9b-0fec03b18931,fef200e9-4d98-425b-ab14-8110e2aa85d7,Drama,184
b59656a4-b6e7-4b87-977c-078c59088a50,aa42017d-812a-4175-bc9b-0fec03b18931,a719a87c-4e93-4387-a6d1-2631a487f7e0,Ajdovščina,518
b59656a4-b6e7-4b87-977c-078c59088a50,aa42017d-812a-4175-bc9b-0fec03b18931,1b3ddeca-a066-43ee-9ae5-8339628129c2,Žale,160
b59656a4-b6e7-4b87-977c-078c59088a50,aa42017d-812a-4175-bc9b-0fec03b18931,c87db9be-1fba-4102-a743-0ee4317dd5af,Bavarski dvor,136
b59656a4-b6e7-4b87-977c-078c59088a50,aa42017d-812a-4175-bc9b-0fec03b18931,295616c0-387b-4f60-a337-7743cd6be04e,Bavarski dvor,35
b59656a4-b6e7-4b87-977c-078c59088a50,aa42017d-812a-4175-bc9b-0fec03b18931,0b4a072e-6c2d-4c71-ab80-2b7142df81de,Tivoli,211
b59656a4-b6e7-4b87-977c-078c59088a50,aa42017d-812a-4175-bc9b-0fec03b18931,f33b721f-a8a3-4aad-96f2-077da09ebaa6,Razstavišče,25
b59656a4-b6e7-4b87-977c-078c59088a50,aa42017d-812a-4175-bc9b-0fec03b18931,fef200e9-4d98-425b-ab14-8110e2aa85d7,Drama,92
b59656a4-b6e7-4b87-977c-078c59088a50,aa42017d-812a-4175-bc9b-0fec03b18931,fef200e9-4d98-425b-ab14-8110e2aa85d7,Drama,273
b59656a4-b6e7-4b87-977c-078c59088a50,aa42017d-812a-4175-bc9b-0fec03b18931,7c149b59-2bc6-45cb-95c8-69e18a0db627,Rusjanov trg,140
b59656a4-b6e7-4b87-977c-078c59088a50,aa42017d-812a-4175-bc9b-0fec03b18931,484b5c91-1220-43ba-af79-84e712fcc46b,Slovenija avto,228
b59656a4-b6e7-4b87-977c-078c59088a50,aa42017d-812a-4175-bc9b-0fec03b18931,a7094427-e180-4deb-acaf-5d4488326e9e,ZADOBROVA,501
b59656a4-b6e7-4b87-977c-078c59088a50,aa42017d-812a-4175-bc9b-0fec03b18931,1ce1c3a8-e0f6-4f90-b1aa-1448759d8b3c,Astra,172
b59656a4-b6e7-4b87-977c-078c59088a50,aa42017d-812a-4175-bc9b-0fec03b18931,f33b721f-a8a3-4aad-96f2-077da09ebaa6,Razstavišče,99
b59656a4-b6e7-4b87-977c-078c59088a50,aa42017d-812a-4175-bc9b-0fec03b18931,80c65758-5f25-4003-8d55-10ff96fe8310,OŠ Sostro,299
b59656a4-b6e7-4b87-977c-078c59088a50,aa42017d-812a-4175-bc9b-0fec03b18931,db13a26e-19d4-4b8a-a78a-01ef25d58834,Ježica,54
b59656a4-b6e7-4b87-977c-078c59088a50,aa42017d-812a-4175-bc9b-0fec03b18931,295616c0-387b-4f60-a337-7743cd6be04e,Bavarski dvor,215
b59656a4-b6e7-4b87-977c-078c59088a50,aa42017d-812a-4175-bc9b-0fec03b18931,a719a87c-4e93-4387-a6d1-2631a487f7e0,Ajdovščina,20
b59656a4-b6e7-4b87-977c-078c59088a50,aa42017d-812a-4175-bc9b-0fec03b18931,484b5c91-1220-43ba-af79-84e712fcc46b,Slovenija avto,123
b59656a4-b6e7-4b87-977c-078c59088a50,aa42017d-812a-4175-bc9b-0fec03b18931,4ca7ae7e-380b-45e3-81de-00ffab5bb531,Yulon,9
b59656a4-b6e7-4b87-977c-078c59088a50,aa42017d-812a-4175-bc9b-0fec03b18931,f4cfd904-bd11-4247-95df-32c4555a930f,Klinični center,378
b59656a4-b6e7-4b87-977c-078c59088a50,aa42017d-812a-4175-bc9b-0fec03b18931,fef200e9-4d98-425b-ab14-8110e2aa85d7,Drama,222
b59656a4-b6e7-4b87-977c-078c59088a50,aa42017d-812a-4175-bc9b-0fec03b18931,5d7f28a6-2a2a-4333-aa06-48edfb652f86,Pošta,98
b59656a4-b6e7-4b87-977c-078c59088a50,aa42017d-812a-4175-bc9b-0fec03b18931,fef200e9-4d98-425b-ab14-8110e2aa85d7,Drama,95
b59656a4-b6e7-4b87-977c-078c59088a50,aa42017d-812a-4175-bc9b-0fec03b18931,7fad8003-fb10-489d-bf8d-6d433310ad90,Nove Jarše,324
b59656a4-b6e7-4b87-977c-078c59088a50,aa42017d-812a-4175-bc9b-0fec03b18931,db13a26e-19d4-4b8a-a78a-01ef25d58834,Ježica,254
b59656a4-b6e7-4b87-977c-078c59088a50,aa42017d-812a-4175-bc9b-0fec03b18931,aa42017d-812a-4175-bc9b-0fec03b18931,Ambrožev trg,41
b59656a4-b6e7-4b87-977c-078c59088a50,aa42017d-812a-4175-bc9b-0fec03b18931,5d7f28a6-2a2a-4333-aa06-48edfb652f86,Pošta,238
b59656a4-b6e7-4b87-977c-078c59088a50,aa42017d-812a-4175-bc9b-0fec03b18931,a719a87c-4e93-4387-a6d1-2631a487f7e0,Ajdovščina,523
b59656a4-b6e7-4b87-977c-078c59088a50,aa42017d-812a-4175-bc9b-0fec03b18931,f33b721f-a8a3-4aad-96f2-077da09ebaa6,Razstavišče,38
b59656a4-b6e7-4b87-977c-078c59088a50,aa42017d-812a-4175-bc9b-0fec03b18931,fef200e9-4d98-425b-ab14-8110e2aa85d7,Drama,152
b59656a4-b6e7-4b87-977c-078c59088a50,aa42017d-812a-4175-bc9b-0fec03b18931,c87db9be-1fba-4102-a743-0ee4317dd5af,Bavarski dvor,195
b59656a4-b6e7-4b87-977c-078c59088a50,aa42017d-812a-4175-bc9b-0fec03b18931,ef31a8be-b01d-44cd-95cf-3db8e918af26,Emona,156
b59656a4-b6e7-4b87-977c-078c59088a50,aa42017d-812a-4175-bc9b-0fec03b18931,cee2862b-9b70-4880-8fa3-16c6d2efae1b,AMZS,111
b59656a4-b6e7-4b87-977c-078c59088a50,aa42017d-812a-4175-bc9b-0fec03b18931,ac3afe7d-a2b3-4d5d-9e6a-1d2412a3bc70,Litostrojska,459
b59656a4-b6e7-4b87-977c-078c59088a50,aa42017d-812a-4175-bc9b-0fec03b18931,c87db9be-1fba-4102-a743-0ee4317dd5af,Bavarski dvor,221
b59656a4-b6e7-4b87-977c-078c59088a50,aa42017d-812a-4175-bc9b-0fec03b18931,N/A,N/A,660
b59656a4-b6e7-4b87-977c-078c59088a50,aa42017d-812a-4175-bc9b-0fec03b18931,88cdd36c-03d2-4374-a22f-110dd9f75ea0,Kajuhova,467
b59656a4-b6e7-4b87-977c-078c59088a50,aa42017d-812a-4175-bc9b-0fec03b18931,fb0042f8-d9e2-4916-b60a-38a026acf0c9,Leskoškova,10
b59656a4-b6e7-4b87-977c-078c59088a50,aa42017d-812a-4175-bc9b-0fec03b18931,cdabf1ea-b04c-480a-8359-72c46e6864ab,Bežigrad,246
b59656a4-b6e7-4b87-977c-078c59088a50,aa42017d-812a-4175-bc9b-0fec03b18931,98fa3880-5936-4ec8-ba04-39c7ff9a0e6a,Stara cerkev,497
b59656a4-b6e7-4b87-977c-078c59088a50,aa42017d-812a-4175-bc9b-0fec03b18931,295616c0-387b-4f60-a337-7743cd6be04e,Bavarski dvor,24
b59656a4-b6e7-4b87-977c-078c59088a50,aa42017d-812a-4175-bc9b-0fec03b18931,7fa32ea0-e884-435a-a81c-51bbd5cedf3e,Zaloška,131
b59656a4-b6e7-4b87-977c-078c59088a50,aa42017d-812a-4175-bc9b-0fec03b18931,1ce1c3a8-e0f6-4f90-b1aa-1448759d8b3c,Astra,35
b59656a4-b6e7-4b87-977c-078c59088a50,aa42017d-812a-4175-bc9b-0fec03b18931,aa42017d-812a-4175-bc9b-0fec03b18931,Ambrožev trg,466
b59656a4-b6e7-4b87-977c-078c59088a50,aa42017d-812a-4175-bc9b-0fec03b18931,9a1c4c65-df77-481f-87ad-56143f02a864,Vižmarje,27
b59656a4-b6e7-4b87-977c-078c59088a50,aa42017d-812a-4175-bc9b-0fec03b18931,1b3ddeca-a066-43ee-9ae5-8339628129c2,Žale,154
b59656a4-b6e7-4b87-977c-078c59088a50,aa42017d-812a-4175-bc9b-0fec03b18931,295616c0-387b-4f60-a337-7743cd6be04e,Bavarski dvor,284
b59656a4-b6e7-4b87-977c-078c59088a50,aa42017d-812a-4175-bc9b-0fec03b18931,a719a87c-4e93-4387-a6d1-2631a487f7e0,Ajdovščina,53
b59656a4-b6e7-4b87-977c-078c59088a50,aa42017d-812a-4175-bc9b-0fec03b18931,5d7f28a6-2a2a-4333-aa06-48edfb652f86,Pošta,35
b59656a4-b6e7-4b87-977c-078c59088a50,aa42017d-812a-4175-bc9b-0fec03b18931,c5ec5e81-2ce4-452d-bd7a-595de4f8b34f,Prušnikova,247
b59656a4-b6e7-4b87-977c-078c59088a50,aa42017d-812a-4175-bc9b-0fec03b18931,c22879e5-8e90-4540-9a74-5f139208e492,Friškovec,79
b59656a4-b6e7-4b87-977c-078c59088a50,aa42017d-812a-4175-bc9b-0fec03b18931,e6f5183b-c615-4f47-b4fb-204ee070e825,Bežigrad,18
b59656a4-b6e7-4b87-977c-078c59088a50,aa42017d-812a-4175-bc9b-0fec03b18931,295616c0-387b-4f60-a337-7743cd6be04e,Bavarski dvor,330
b59656a4-b6e7-4b87-977c-078c59088a50,aa42017d-812a-4175-bc9b-0fec03b18931,295616c0-387b-4f60-a337-7743cd6be04e,Bavarski dvor,120
b59656a4-b6e7-4b87-977c-078c59088a50,aa42017d-812a-4175-bc9b-0fec03b18931,454817d3-3750-49c7-994c-14d06fd2c634,Žale,200
b59656a4-b6e7-4b87-977c-078c59088a50,aa42017d-812a-4175-bc9b-0fec03b18931,9e109242-5aad-4fb7-b0c8-576eef8aa4e0,VEVČE,153
b59656a4-b6e7-4b87-977c-078c59088a50,aa42017d-812a-4175-bc9b-0fec03b18931,1ce1c3a8-e0f6-4f90-b1aa-1448759d8b3c,Astra,156
b59656a4-b6e7-4b87-977c-078c59088a50,aa42017d-812a-4175-bc9b-0fec03b18931,c87db9be-1fba-4102-a743-0ee4317dd5af,Bavarski dvor,192
b59656a4-b6e7-4b87-977c-078c59088a50,aa42017d-812a-4175-bc9b-0fec03b18931,c87db9be-1fba-4102-a743-0ee4317dd5af,Bavarski dvor,372
b59656a4-b6e7-4b87-977c-078c59088a50,aa42017d-812a-4175-bc9b-0fec03b18931,c87db9be-1fba-4102-a743-0ee4317dd5af,Bavarski dvor,95
b59656a4-b6e7-4b87-977c-078c59088a50,aa42017d-812a-4175-bc9b-0fec03b18931,295616c0-387b-4f60-a337-7743cd6be04e,Bavarski dvor,80
b59656a4-b6e7-4b87-977c-078c59088a50,aa42017d-812a-4175-bc9b-0fec03b18931,c87db9be-1fba-4102-a743-0ee4317dd5af,Bavarski dvor,192
b59656a4-b6e7-4b87-977c-078c59088a50,aa42017d-812a-4175-bc9b-0fec03b18931,fef200e9-4d98-425b-ab14-8110e2aa85d7,Drama,196
b59656a4-b6e7-4b87-977c-078c59088a50,aa42017d-812a-4175-bc9b-0fec03b18931,5d7f28a6-2a2a-4333-aa06-48edfb652f86,Pošta,91
b59656a4-b6e7-4b87-977c-078c59088a50,aa42017d-812a-4175-bc9b-0fec03b18931,f33b721f-a8a3-4aad-96f2-077da09ebaa6,Razstavišče,351
b59656a4-b6e7-4b87-977c-078c59088a50,aa42017d-812a-4175-bc9b-0fec03b18931,2ec182e2-769f-427f-b9b5-c4118890cb96,Stožice,56
b59656a4-b6e7-4b87-977c-078c59088a50,aa42017d-812a-4175-bc9b-0fec03b18931,295616c0-387b-4f60-a337-7743cd6be04e,Bavarski dvor,13
b59656a4-b6e7-4b87-977c-078c59088a50,aa42017d-812a-4175-bc9b-0fec03b18931,f33b721f-a8a3-4aad-96f2-077da09ebaa6,Razstavišče,124
b59656a4-b6e7-4b87-977c-078c59088a50,aa42017d-812a-4175-bc9b-0fec03b18931,fef200e9-4d98-425b-ab14-8110e2aa85d7,Drama,70
b59656a4-b6e7-4b87-977c-078c59088a50,aa42017d-812a-4175-bc9b-0fec03b18931,8589e5d1-21b4-4210-ad7a-4bf91f9a715d,Vižmarje,259
b59656a4-b6e7-4b87-977c-078c59088a50,aa42017d-812a-4175-bc9b-0fec03b18931,295616c0-387b-4f60-a337-7743cd6be04e,Bavarski dvor,257
b59656a4-b6e7-4b87-977c-078c59088a50,aa42017d-812a-4175-bc9b-0fec03b18931,717dda7e-d793-4697-8f60-b64ee8b1edc4,Gosposvetska,36
b59656a4-b6e7-4b87-977c-078c59088a50,aa42017d-812a-4175-bc9b-0fec03b18931,223f660b-c391-4120-bf3c-7bf06781686b,Tovorni kolodvor,25
b59656a4-b6e7-4b87-977c-078c59088a50,aa42017d-812a-4175-bc9b-0fec03b18931,86a75ffc-a78f-401f-8991-2eb0371417b2,Studenec,45
b59656a4-b6e7-4b87-977c-078c59088a50,aa42017d-812a-4175-bc9b-0fec03b18931,6559d555-672b-4633-8a81-0ae68fb963eb,ZD POLJE,34
b59656a4-b6e7-4b87-977c-078c59088a50,aa42017d-812a-4175-bc9b-0fec03b18931,f4cfd904-bd11-4247-95df-32c4555a930f,Klinični center,121
b59656a4-b6e7-4b87-977c-078c59088a50,aa42017d-812a-4175-bc9b-0fec03b18931,a719a87c-4e93-4387-a6d1-2631a487f7e0,Ajdovščina,159
b59656a4-b6e7-4b87-977c-078c59088a50,aa42017d-812a-4175-bc9b-0fec03b18931,a719a87c-4e93-4387-a6d1-2631a487f7e0,Ajdovščina,42
b59656a4-b6e7-4b87-977c-078c59088a50,aa42017d-812a-4175-bc9b-0fec03b18931,6a89c110-a0f8-4b1a-87f0-33f49c0a658e,Šola Jarše,226
b59656a4-b6e7-4b87-977c-078c59088a50,aa42017d-812a-4175-bc9b-0fec03b18931,a719a87c-4e93-4387-a6d1-2631a487f7e0,Ajdovščina,117
b59656a4-b6e7-4b87-977c-078c59088a50,aa42017d-812a-4175-bc9b-0fec03b18931,f33b721f-a8a3-4aad-96f2-077da09ebaa6,Razstavišče,36
b59656a4-b6e7-4b87-977c-078c59088a50,aa42017d-812a-4175-bc9b-0fec03b18931,484b5c91-1220-43ba-af79-84e712fcc46b,Slovenija avto,200
b59656a4-b6e7-4b87-977c-078c59088a50,aa42017d-812a-4175-bc9b-0fec03b18931,9b0074d2-2c92-4c01-830b-00be8e05b412,Cukrarna,512
b59656a4-b6e7-4b87-977c-078c59088a50,aa42017d-812a-4175-bc9b-0fec03b18931,c87db9be-1fba-4102-a743-0ee4317dd5af,Bavarski dvor,174
b59656a4-b6e7-4b87-977c-078c59088a50,aa42017d-812a-4175-bc9b-0fec03b18931,c87db9be-1fba-4102-a743-0ee4317dd5af,Bavarski dvor,51
b59656a4-b6e7-4b87-977c-078c59088a50,aa42017d-812a-4175-bc9b-0fec03b18931,38b3abed-0592-407b-96c3-85a026f2e192,Dalmatinova,153
b59656a4-b6e7-4b87-977c-078c59088a50,aa42017d-812a-4175-bc9b-0fec03b18931,aa42017d-812a-4175-bc9b-0fec03b18931,Ambrožev trg,33
b59656a4-b6e7-4b87-977c-078c59088a50,aa42017d-812a-4175-bc9b-0fec03b18931,5de84f88-3f32-4636-8c30-03cc267ecf37,Podvozna pot,120
b59656a4-b6e7-4b87-977c-078c59088a50,aa42017d-812a-4175-bc9b-0fec03b18931,295616c0-387b-4f60-a337-7743cd6be04e,Bavarski dvor,143
b59656a4-b6e7-4b87-977c-078c59088a50,aa42017d-812a-4175-bc9b-0fec03b18931,f33b721f-a8a3-4aad-96f2-077da09ebaa6,Razstavišče,39
b59656a4-b6e7-4b87-977c-078c59088a50,aa42017d-812a-4175-bc9b-0fec03b18931,a719a87c-4e93-4387-a6d1-2631a487f7e0,Ajdovščina,58
b59656a4-b6e7-4b87-977c-078c59088a50,aa42017d-812a-4175-bc9b-0fec03b18931,295616c0-387b-4f60-a337-7743cd6be04e,Bavarski dvor,48
b59656a4-b6e7-4b87-977c-078c59088a50,aa42017d-812a-4175-bc9b-0fec03b18931,5d7f28a6-2a2a-4333-aa06-48edfb652f86,Pošta,109
b59656a4-b6e7-4b87-977c-078c59088a50,aa42017d-812a-4175-bc9b-0fec03b18931,454817d3-3750-49c7-994c-14d06fd2c634,Žale,82
b59656a4-b6e7-4b87-977c-078c59088a50,aa42017d-812a-4175-bc9b-0fec03b18931,c22879e5-8e90-4540-9a74-5f139208e492,Friškovec,185
b59656a4-b6e7-4b87-977c-078c59088a50,aa42017d-812a-4175-bc9b-0fec03b18931,5de84f88-3f32-4636-8c30-03cc267ecf37,Podvozna pot,49
b59656a4-b6e7-4b87-977c-078c59088a50,aa42017d-812a-4175-bc9b-0fec03b18931,fef200e9-4d98-425b-ab14-8110e2aa85d7,Drama,147
b59656a4-b6e7-4b87-977c-078c59088a50,aa42017d-812a-4175-bc9b-0fec03b18931,cdabf1ea-b04c-480a-8359-72c46e6864ab,Bežigrad,336
b59656a4-b6e7-4b87-977c-078c59088a50,aa42017d-812a-4175-bc9b-0fec03b18931,fef200e9-4d98-425b-ab14-8110e2aa85d7,Drama,229
b59656a4-b6e7-4b87-977c-078c59088a50,aa42017d-812a-4175-bc9b-0fec03b18931,a2ce7e6f-0f99-443a-a973-81a0b9c60261,Astra,14
b59656a4-b6e7-4b87-977c-078c59088a50,aa42017d-812a-4175-bc9b-0fec03b18931,1b3ddeca-a066-43ee-9ae5-8339628129c2,Žale,18
b59656a4-b6e7-4b87-977c-078c59088a50,aa42017d-812a-4175-bc9b-0fec03b18931,c87db9be-1fba-4102-a743-0ee4317dd5af,Bavarski dvor,69
b59656a4-b6e7-4b87-977c-078c59088a50,aa42017d-812a-4175-bc9b-0fec03b18931,98fa3880-5936-4ec8-ba04-39c7ff9a0e6a,Stara cerkev,164
b59656a4-b6e7-4b87-977c-078c59088a50,aa42017d-812a-4175-bc9b-0fec03b18931,ecc4ae87-ae08-4b94-995c-452fdd94df7f,Privoz,99
b59656a4-b6e7-4b87-977c-078c59088a50,aa42017d-812a-4175-bc9b-0fec03b18931,295616c0-387b-4f60-a337-7743cd6be04e,Bavarski dvor,58
b59656a4-b6e7-4b87-977c-078c59088a50,aa42017d-812a-4175-bc9b-0fec03b18931,ecc4ae87-ae08-4b94-995c-452fdd94df7f,Privoz,56
b59656a4-b6e7-4b87-977c-078c59088a50,aa42017d-812a-4175-bc9b-0fec03b18931,7bcbdcaa-00b9-47d4-8982-09da26cd7bcb,Zaloška,62
b59656a4-b6e7-4b87-977c-078c59088a50,aa42017d-812a-4175-bc9b-0fec03b18931,fef200e9-4d98-425b-ab14-8110e2aa85d7,Drama,49
b59656a4-b6e7-4b87-977c-078c59088a50,aa42017d-812a-4175-bc9b-0fec03b18931,ac3afe7d-a2b3-4d5d-9e6a-1d2412a3bc70,Litostrojska,372
b59656a4-b6e7-4b87-977c-078c59088a50,aa42017d-812a-4175-bc9b-0fec03b18931,093afa81-b65f-4182-bac3-afbc00558a9b,Koseze,10
b59656a4-b6e7-4b87-977c-078c59088a50,aa42017d-812a-4175-bc9b-0fec03b18931,f2b27cbd-5207-4281-8f67-6369d0c50a9b,Kodrova,157
b59656a4-b6e7-4b87-977c-078c59088a50,aa42017d-812a-4175-bc9b-0fec03b18931,a719a87c-4e93-4387-a6d1-2631a487f7e0,Ajdovščina,563
b59656a4-b6e7-4b87-977c-078c59088a50,aa42017d-812a-4175-bc9b-0fec03b18931,295616c0-387b-4f60-a337-7743cd6be04e,Bavarski dvor,27
b59656a4-b6e7-4b87-977c-078c59088a50,aa42017d-812a-4175-bc9b-0fec03b18931,717dda7e-d793-4697-8f60-b64ee8b1edc4,Gosposvetska,310
b59656a4-b6e7-4b87-977c-078c59088a50,aa42017d-812a-4175-bc9b-0fec03b18931,5d7f28a6-2a2a-4333-aa06-48edfb652f86,Pošta,15
b59656a4-b6e7-4b87-977c-078c59088a50,aa42017d-812a-4175-bc9b-0fec03b18931,a719a87c-4e93-4387-a6d1-2631a487f7e0,Ajdovščina,51
b59656a4-b6e7-4b87-977c-078c59088a50,aa42017d-812a-4175-bc9b-0fec03b18931,fef200e9-4d98-425b-ab14-8110e2aa85d7,Drama,234
b59656a4-b6e7-4b87-977c-078c59088a50,aa42017d-812a-4175-bc9b-0fec03b18931,e6f5183b-c615-4f47-b4fb-204ee070e825,Bežigrad,38
b59656a4-b6e7-4b87-977c-078c59088a50,aa42017d-812a-4175-bc9b-0fec03b18931,295616c0-387b-4f60-a337-7743cd6be04e,Bavarski dvor,191
b59656a4-b6e7-4b87-977c-078c59088a50,aa42017d-812a-4175-bc9b-0fec03b18931,8598b85d-3e1d-4767-b72f-0c209038841f,Štepanja vas,609
b59656a4-b6e7-4b87-977c-078c59088a50,aa42017d-812a-4175-bc9b-0fec03b18931,c87db9be-1fba-4102-a743-0ee4317dd5af,Bavarski dvor,487
b59656a4-b6e7-4b87-977c-078c59088a50,aa42017d-812a-4175-bc9b-0fec03b18931,295616c0-387b-4f60-a337-7743cd6be04e,Bavarski dvor,123
b59656a4-b6e7-4b87-977c-078c59088a50,aa42017d-812a-4175-bc9b-0fec03b18931,N/A,N/A,660
b59656a4-b6e7-4b87-977c-078c59088a50,aa42017d-812a-4175-bc9b-0fec03b18931,c297ac70-8f43-4fbc-a8a4-366ddb883a8d,Bonifacija,263
b59656a4-b6e7-4b87-977c-078c59088a50,aa42017d-812a-4175-bc9b-0fec03b18931,1ce1c3a8-e0f6-4f90-b1aa-1448759d8b3c,Astra,259
b59656a4-b6e7-4b87-977c-078c59088a50,aa42017d-812a-4175-bc9b-0fec03b18931,f33b721f-a8a3-4aad-96f2-077da09ebaa6,Razstavišče,82
b59656a4-b6e7-4b87-977c-078c59088a50,aa42017d-812a-4175-bc9b-0fec03b18931,7484317c-269f-425f-8118-23eedab4e5f1,Tivoli,298
b59656a4-b6e7-4b87-977c-078c59088a50,aa42017d-812a-4175-bc9b-0fec03b18931,c87db9be-1fba-4102-a743-0ee4317dd5af,Bavarski dvor,87
b59656a4-b6e7-4b87-977c-078c59088a50,aa42017d-812a-4175-bc9b-0fec03b18931,c87db9be-1fba-4102-a743-0ee4317dd5af,Bavarski dvor,82
b59656a4-b6e7-4b87-977c-078c59088a50,aa42017d-812a-4175-bc9b-0fec03b18931,21764d19-62cc-49fd-bac9-403aeac6a6b9,Ježica,9
b59656a4-b6e7-4b87-977c-078c59088a50,aa42017d-812a-4175-bc9b-0fec03b18931,fef200e9-4d98-425b-ab14-8110e2aa85d7,Drama,27
b59656a4-b6e7-4b87-977c-078c59088a50,aa42017d-812a-4175-bc9b-0fec03b18931,f33b721f-a8a3-4aad-96f2-077da09ebaa6,Razstavišče,45
b59656a4-b6e7-4b87-977c-078c59088a50,aa42017d-812a-4175-bc9b-0fec03b18931,c87db9be-1fba-4102-a743-0ee4317dd5af,Bavarski dvor,63
b59656a4-b6e7-4b87-977c-078c59088a50,aa42017d-812a-4175-bc9b-0fec03b18931,a719a87c-4e93-4387-a6d1-2631a487f7e0,Ajdovščina,41
b59656a4-b6e7-4b87-977c-078c59088a50,aa42017d-812a-4175-bc9b-0fec03b18931,c87db9be-1fba-4102-a743-0ee4317dd5af,Bavarski dvor,51
b59656a4-b6e7-4b87-977c-078c59088a50,aa42017d-812a-4175-bc9b-0fec03b18931,717dda7e-d793-4697-8f60-b64ee8b1edc4,Gosposvetska,300
b59656a4-b6e7-4b87-977c-078c59088a50,aa42017d-812a-4175-bc9b-0fec03b18931,bc66f88b-1412-44cb-b921-030d27335261,Sneberje,23
b59656a4-b6e7-4b87-977c-078c59088a50,aa42017d-812a-4175-bc9b-0fec03b18931,484b5c91-1220-43ba-af79-84e712fcc46b,Slovenija avto,187
b59656a4-b6e7-4b87-977c-078c59088a50,aa42017d-812a-4175-bc9b-0fec03b18931,f4cfd904-bd11-4247-95df-32c4555a930f,Klinični center,473
b59656a4-b6e7-4b87-977c-078c59088a50,aa42017d-812a-4175-bc9b-0fec03b18931,7c149b59-2bc6-45cb-95c8-69e18a0db627,Rusjanov trg,327
b59656a4-b6e7-4b87-977c-078c59088a50,aa42017d-812a-4175-bc9b-0fec03b18931,295616c0-387b-4f60-a337-7743cd6be04e,Bavarski dvor,237
b59656a4-b6e7-4b87-977c-078c59088a50,aa42017d-812a-4175-bc9b-0fec03b18931,295616c0-387b-4f60-a337-7743cd6be04e,Bavarski dvor,221
b59656a4-b6e7-4b87-977c-078c59088a50,aa42017d-812a-4175-bc9b-0fec03b18931,7484317c-269f-425f-8118-23eedab4e5f1,Tivoli,216
b59656a4-b6e7-4b87-977c-078c59088a50,aa42017d-812a-4175-bc9b-0fec03b18931,6459bd02-d8f8-413e-9402-10b916f09a4f,7. septembra,373
b59656a4-b6e7-4b87-977c-078c59088a50,aa42017d-812a-4175-bc9b-0fec03b18931,5d7f28a6-2a2a-4333-aa06-48edfb652f86,Pošta,159
b59656a4-b6e7-4b87-977c-078c59088a50,aa42017d-812a-4175-bc9b-0fec03b18931,295616c0-387b-4f60-a337-7743cd6be04e,Bavarski dvor,107
b59656a4-b6e7-4b87-977c-078c59088a50,aa42017d-812a-4175-bc9b-0fec03b18931,8c7fa045-888b-46d0-8189-6f82623bf481,Poljanska,32
b59656a4-b6e7-4b87-977c-078c59088a50,aa42017d-812a-4175-bc9b-0fec03b18931,1b3ddeca-a066-43ee-9ae5-8339628129c2,Žale,349
b59656a4-b6e7-4b87-977c-078c59088a50,aa42017d-812a-4175-bc9b-0fec03b18931,5d7f28a6-2a2a-4333-aa06-48edfb652f86,Pošta,186
b59656a4-b6e7-4b87-977c-078c59088a50,aa42017d-812a-4175-bc9b-0fec03b18931,c87db9be-1fba-4102-a743-0ee4317dd5af,Bavarski dvor,46
b59656a4-b6e7-4b87-977c-078c59088a50,aa42017d-812a-4175-bc9b-0fec03b18931,dfde6478-02b5-471b-a470-29cb0e84542f,Slovenija avto,393
b59656a4-b6e7-4b87-977c-078c59088a50,aa42017d-812a-4175-bc9b-0fec03b18931,717dda7e-d793-4697-8f60-b64ee8b1edc4,Gosposvetska,74
b59656a4-b6e7-4b87-977c-078c59088a50,aa42017d-812a-4175-bc9b-0fec03b18931,7fad8003-fb10-489d-bf8d-6d433310ad90,Nove Jarše,420
b59656a4-b6e7-4b87-977c-078c59088a50,aa42017d-812a-4175-bc9b-0fec03b18931,f33b721f-a8a3-4aad-96f2-077da09ebaa6,Razstavišče,362
b59656a4-b6e7-4b87-977c-078c59088a50,aa42017d-812a-4175-bc9b-0fec03b18931,fef200e9-4d98-425b-ab14-8110e2aa85d7,Drama,591
b59656a4-b6e7-4b87-977c-078c59088a50,aa42017d-812a-4175-bc9b-0fec03b18931,f33b721f-a8a3-4aad-96f2-077da09ebaa6,Razstavišče,158
b59656a4-b6e7-4b87-977c-078c59088a50,aa42017d-812a-4175-bc9b-0fec03b18931,21764d19-62cc-49fd-bac9-403aeac6a6b9,Ježica,12
b59656a4-b6e7-4b87-977c-078c59088a50,aa42017d-812a-4175-bc9b-0fec03b18931,5d7f28a6-2a2a-4333-aa06-48edfb652f86,Pošta,15
b59656a4-b6e7-4b87-977c-078c59088a50,aa42017d-812a-4175-bc9b-0fec03b18931,4038e02e-f22f-4af0-ba4f-7aab855b53af,Kneza Koclja,29
b59656a4-b6e7-4b87-977c-078c59088a50,aa42017d-812a-4175-bc9b-0fec03b18931,f33b721f-a8a3-4aad-96f2-077da09ebaa6,Razstavišče,255
b59656a4-b6e7-4b87-977c-078c59088a50,aa42017d-812a-4175-bc9b-0fec03b18931,a719a87c-4e93-4387-a6d1-2631a487f7e0,Ajdovščina,399
b59656a4-b6e7-4b87-977c-078c59088a50,aa42017d-812a-4175-bc9b-0fec03b18931,5d7f28a6-2a2a-4333-aa06-48edfb652f86,Pošta,185
b59656a4-b6e7-4b87-977c-078c59088a50,aa42017d-812a-4175-bc9b-0fec03b18931,c87db9be-1fba-4102-a743-0ee4317dd5af,Bavarski dvor,216
b59656a4-b6e7-4b87-977c-078c59088a50,aa42017d-812a-4175-bc9b-0fec03b18931,52e5adea-e194-4fc1-809c-1d6421f8f8db,Kovinarska,43
b59656a4-b6e7-4b87-977c-078c59088a50,aa42017d-812a-4175-bc9b-0fec03b18931,5d7f28a6-2a2a-4333-aa06-48edfb652f86,Pošta,15
b59656a4-b6e7-4b87-977c-078c59088a50,aa42017d-812a-4175-bc9b-0fec03b18931,7fad8003-fb10-489d-bf8d-6d433310ad90,Nove Jarše,66
b59656a4-b6e7-4b87-977c-078c59088a50,aa42017d-812a-4175-bc9b-0fec03b18931,c87db9be-1fba-4102-a743-0ee4317dd5af,Bavarski dvor,31
b59656a4-b6e7-4b87-977c-078c59088a50,aa42017d-812a-4175-bc9b-0fec03b18931,N/A,N/A,660
b59656a4-b6e7-4b87-977c-078c59088a50,aa42017d-812a-4175-bc9b-0fec03b18931,7eb88e01-82e9-4af4-84d0-69c6ea9dc82c,Kolodvor,84
b59656a4-b6e7-4b87-977c-078c59088a50,aa42017d-812a-4175-bc9b-0fec03b18931,7fa32ea0-e884-435a-a81c-51bbd5cedf3e,Zaloška,11
b59656a4-b6e7-4b87-977c-078c59088a50,aa42017d-812a-4175-bc9b-0fec03b18931,295616c0-387b-4f60-a337-7743cd6be04e,Bavarski dvor,147
b59656a4-b6e7-4b87-977c-078c59088a50,aa42017d-812a-4175-bc9b-0fec03b18931,717c914e-f928-4671-95f6-26c1ddb95799,Cesta v Gorice,249
b59656a4-b6e7-4b87-977c-078c59088a50,aa42017d-812a-4175-bc9b-0fec03b18931,5d7f28a6-2a2a-4333-aa06-48edfb652f86,Pošta,141
b59656a4-b6e7-4b87-977c-078c59088a50,aa42017d-812a-4175-bc9b-0fec03b18931,295616c0-387b-4f60-a337-7743cd6be04e,Bavarski dvor,222
b59656a4-b6e7-4b87-977c-078c59088a50,aa42017d-812a-4175-bc9b-0fec03b18931,379bc761-04b5-4227-be76-3b870fe3e69f,Pot na Fužine,474
b59656a4-b6e7-4b87-977c-078c59088a50,aa42017d-812a-4175-bc9b-0fec03b18931,21764d19-62cc-49fd-bac9-403aeac6a6b9,Ježica,143
b59656a4-b6e7-4b87-977c-078c59088a50,aa42017d-812a-4175-bc9b-0fec03b18931,8598b85d-3e1d-4767-b72f-0c209038841f,Štepanja vas,477
b59656a4-b6e7-4b87-977c-078c59088a50,aa42017d-812a-4175-bc9b-0fec03b18931,295616c0-387b-4f60-a337-7743cd6be04e,Bavarski dvor,135
b59656a4-b6e7-4b87-977c-078c59088a50,aa42017d-812a-4175-bc9b-0fec03b18931,5cc8a08d-c0af-491f-9a9c-b8b4f5f23bc0,BTC-Emporium,515
b59656a4-b6e7-4b87-977c-078c59088a50,aa42017d-812a-4175-bc9b-0fec03b18931,a0b1fb90-3f6a-4231-910a-18be192ac762,Flajšmanova,118
b59656a4-b6e7-4b87-977c-078c59088a50,aa42017d-812a-4175-bc9b-0fec03b18931,295616c0-387b-4f60-a337-7743cd6be04e,Bavarski dvor,190
b59656a4-b6e7-4b87-977c-078c59088a50,aa42017d-812a-4175-bc9b-0fec03b18931,a719a87c-4e93-4387-a6d1-2631a487f7e0,Ajdovščina,72
b59656a4-b6e7-4b87-977c-078c59088a50,aa42017d-812a-4175-bc9b-0fec03b18931,bc66f88b-1412-44cb-b921-030d27335261,Sneberje,201
b59656a4-b6e7-4b87-977c-078c59088a50,aa42017d-812a-4175-bc9b-0fec03b18931,295616c0-387b-4f60-a337-7743cd6be04e,Bavarski dvor,160
b59656a4-b6e7-4b87-977c-078c59088a50,aa42017d-812a-4175-bc9b-0fec03b18931,a719a87c-4e93-4387-a6d1-2631a487f7e0,Ajdovščina,37
b59656a4-b6e7-4b87-977c-078c59088a50,aa42017d-812a-4175-bc9b-0fec03b18931,cdabf1ea-b04c-480a-8359-72c46e6864ab,Bežigrad,222
b59656a4-b6e7-4b87-977c-078c59088a50,aa42017d-812a-4175-bc9b-0fec03b18931,295616c0-387b-4f60-a337-7743cd6be04e,Bavarski dvor,138
b59656a4-b6e7-4b87-977c-078c59088a50,aa42017d-812a-4175-bc9b-0fec03b18931,484b5c91-1220-43ba-af79-84e712fcc46b,Slovenija avto,19
b59656a4-b6e7-4b87-977c-078c59088a50,aa42017d-812a-4175-bc9b-0fec03b18931,c87db9be-1fba-4102-a743-0ee4317dd5af,Bavarski dvor,4
b59656a4-b6e7-4b87-977c-078c59088a50,aa42017d-812a-4175-bc9b-0fec03b18931,484b5c91-1220-43ba-af79-84e712fcc46b,Slovenija avto,155
b59656a4-b6e7-4b87-977c-078c59088a50,aa42017d-812a-4175-bc9b-0fec03b18931,fef200e9-4d98-425b-ab14-8110e2aa85d7,Drama,102
b59656a4-b6e7-4b87-977c-078c59088a50,aa42017d-812a-4175-bc9b-0fec03b18931,295616c0-387b-4f60-a337-7743cd6be04e,Bavarski dvor,275
b59656a4-b6e7-4b87-977c-078c59088a50,aa42017d-812a-4175-bc9b-0fec03b18931,5de84f88-3f32-4636-8c30-03cc267ecf37,Podvozna pot,228
b59656a4-b6e7-4b87-977c-078c59088a50,aa42017d-812a-4175-bc9b-0fec03b18931,295616c0-387b-4f60-a337-7743cd6be04e,Bavarski dvor,281
b59656a4-b6e7-4b87-977c-078c59088a50,aa42017d-812a-4175-bc9b-0fec03b18931,6c56976b-4ae1-429f-bcab-0cfc37e3580d,Zgornji log,194
b59656a4-b6e7-4b87-977c-078c59088a50,aa42017d-812a-4175-bc9b-0fec03b18931,5d7f28a6-2a2a-4333-aa06-48edfb652f86,Pošta,69
b59656a4-b6e7-4b87-977c-078c59088a50,aa42017d-812a-4175-bc9b-0fec03b18931,f33b721f-a8a3-4aad-96f2-077da09ebaa6,Razstavišče,148
b59656a4-b6e7-4b87-977c-078c59088a50,aa42017d-812a-4175-bc9b-0fec03b18931,c87db9be-1fba-4102-a743-0ee4317dd5af,Bavarski dvor,271
b59656a4-b6e7-4b87-977c-078c59088a50,aa42017d-812a-4175-bc9b-0fec03b18931,77dcd833-fa4d-4c5a-93b1-31284942e61d,Šišenska,68
b59656a4-b6e7-4b87-977c-078c59088a50,aa42017d-812a-4175-bc9b-0fec03b18931,c87db9be-1fba-4102-a743-0ee4317dd5af,Bavarski dvor,5
b59656a4-b6e7-4b87-977c-078c59088a50,aa42017d-812a-4175-bc9b-0fec03b18931,c87db9be-1fba-4102-a743-0ee4317dd5af,Bavarski dvor,159
b59656a4-b6e7-4b87-977c-078c59088a50,aa42017d-812a-4175-bc9b-0fec03b18931,f33b721f-a8a3-4aad-96f2-077da09ebaa6,Razstavišče,453
b59656a4-b6e7-4b87-977c-078c59088a50,aa42017d-812a-4175-bc9b-0fec03b18931,295616c0-387b-4f60-a337-7743cd6be04e,Bavarski dvor,209
b59656a4-b6e7-4b87-977c-078c59088a50,aa42017d-812a-4175-bc9b-0fec03b18931,717dda7e-d793-4697-8f60-b64ee8b1edc4,Gosposvetska,136
b59656a4-b6e7-4b87-977c-078c59088a50,aa42017d-812a-4175-bc9b-0fec03b18931,c87db9be-1fba-4102-a743-0ee4317dd5af,Bavarski dvor,209
b59656a4-b6e7-4b87-977c-078c59088a50,aa42017d-812a-4175-bc9b-0fec03b18931,295616c0-387b-4f60-a337-7743cd6be04e,Bavarski dvor,464
b59656a4-b6e7-4b87-977c-078c59088a50,aa42017d-812a-4175-bc9b-0fec03b18931,f33b721f-a8a3-4aad-96f2-077da09ebaa6,Razstavišče,132
b59656a4-b6e7-4b87-977c-078c59088a50,aa42017d-812a-4175-bc9b-0fec03b18931,c87db9be-1fba-4102-a743-0ee4317dd5af,Bavarski dvor,110
b59656a4-b6e7-4b87-977c-078c59088a50,aa42017d-812a-4175-bc9b-0fec03b18931,5d7f28a6-2a2a-4333-aa06-48edfb652f86,Pošta,32
b59656a4-b6e7-4b87-977c-078c59088a50,aa42017d-812a-4175-bc9b-0fec03b18931,5d7f28a6-2a2a-4333-aa06-48edfb652f86,Pošta,249
b59656a4-b6e7-4b87-977c-078c59088a50,aa42017d-812a-4175-bc9b-0fec03b18931,7310c006-62b8-4f94-bb9c-d5c26cb3faad,Polje,94
b59656a4-b6e7-4b87-977c-078c59088a50,aa42017d-812a-4175-bc9b-0fec03b18931,fef200e9-4d98-425b-ab14-8110e2aa85d7,Drama,206
b59656a4-b6e7-4b87-977c-078c59088a50,aa42017d-812a-4175-bc9b-0fec03b18931,a0e0a21b-b8ce-4d76-bbc2-04e179367fee,Šola Jarše,561
b59656a4-b6e7-4b87-977c-078c59088a50,aa42017d-812a-4175-bc9b-0fec03b18931,7fa32ea0-e884-435a-a81c-51bbd5cedf3e,Zaloška,157
b59656a4-b6e7-4b87-977c-078c59088a50,aa42017d-812a-4175-bc9b-0fec03b18931,c87db9be-1fba-4102-a743-0ee4317dd5af,Bavarski dvor,186
b59656a4-b6e7-4b87-977c-078c59088a50,aa42017d-812a-4175-bc9b-0fec03b18931,c22879e5-8e90-4540-9a74-5f139208e492,Friškovec,67
b59656a4-b6e7-4b87-977c-078c59088a50,aa42017d-812a-4175-bc9b-0fec03b18931,a719a87c-4e93-4387-a6d1-2631a487f7e0,Ajdovščina,69
b59656a4-b6e7-4b87-977c-078c59088a50,aa42017d-812a-4175-bc9b-0fec03b18931,9cfac7e2-9653-4e52-a6d3-27756d27f817,Kino Šiška,168
b59656a4-b6e7-4b87-977c-078c59088a50,aa42017d-812a-4175-bc9b-0fec03b18931,c87db9be-1fba-4102-a743-0ee4317dd5af,Bavarski dvor,581
b59656a4-b6e7-4b87-977c-078c59088a50,aa42017d-812a-4175-bc9b-0fec03b18931,9746f277-af08-4cce-92fa-41da5eca8ac2,BERIČEVO,111
b59656a4-b6e7-4b87-977c-078c59088a50,aa42017d-812a-4175-bc9b-0fec03b18931,1b3ddeca-a066-43ee-9ae5-8339628129c2,Žale,6
b59656a4-b6e7-4b87-977c-078c59088a50,aa42017d-812a-4175-bc9b-0fec03b18931,5cc8a08d-c0af-491f-9a9c-b8b4f5f23bc0,BTC-Emporium,594
b59656a4-b6e7-4b87-977c-078c59088a50,aa42017d-812a-4175-bc9b-0fec03b18931,4ca7ae7e-380b-45e3-81de-00ffab5bb531,Yulon,348
b59656a4-b6e7-4b87-977c-078c59088a50,aa42017d-812a-4175-bc9b-0fec03b18931,295616c0-387b-4f60-a337-7743cd6be04e,Bavarski dvor,114
b59656a4-b6e7-4b87-977c-078c59088a50,aa42017d-812a-4175-bc9b-0fec03b18931,5d7f28a6-2a2a-4333-aa06-48edfb652f86,Pošta,43
b59656a4-b6e7-4b87-977c-078c59088a50,aa42017d-812a-4175-bc9b-0fec03b18931,a719a87c-4e93-4387-a6d1-2631a487f7e0,Ajdovščina,164
b59656a4-b6e7-4b87-977c-078c59088a50,aa42017d-812a-4175-bc9b-0fec03b18931,c87db9be-1fba-4102-a743-0ee4317dd5af,Bavarski dvor,4
b59656a4-b6e7-4b87-977c-078c59088a50,aa42017d-812a-4175-bc9b-0fec03b18931,717dda7e-d793-4697-8f60-b64ee8b1edc4,Gosposvetska,278
b59656a4-b6e7-4b87-977c-078c59088a50,aa42017d-812a-4175-bc9b-0fec03b18931,88cdd36c-03d2-4374-a22f-110dd9f75ea0,Kajuhova,85
b59656a4-b6e7-4b87-977c-078c59088a50,aa42017d-812a-4175-bc9b-0fec03b18931,f14a6236-8af2-47bf-9270-432377662a63,Viadukt,135
b59656a4-b6e7-4b87-977c-078c59088a50,aa42017d-812a-4175-bc9b-0fec03b18931,47a3bd8a-72ae-4e20-b43f-10bfaf49012c,Ob sotočju,12
b59656a4-b6e7-4b87-977c-078c59088a50,aa42017d-812a-4175-bc9b-0fec03b18931,ac3afe7d-a2b3-4d5d-9e6a-1d2412a3bc70,Litostrojska,191
b59656a4-b6e7-4b87-977c-078c59088a50,aa42017d-812a-4175-bc9b-0fec03b18931,a719a87c-4e93-4387-a6d1-2631a487f7e0,Ajdovščina,146
b59656a4-b6e7-4b87-977c-078c59088a50,aa42017d-812a-4175-bc9b-0fec03b18931,f33b721f-a8a3-4aad-96f2-077da09ebaa6,Razstavišče,7
b59656a4-b6e7-4b87-977c-078c59088a50,aa42017d-812a-4175-bc9b-0fec03b18931,9a1c4c65-df77-481f-87ad-56143f02a864,Vižmarje,10
b59656a4-b6e7-4b87-977c-078c59088a50,aa42017d-812a-4175-bc9b-0fec03b18931,cee2862b-9b70-4880-8fa3-16c6d2efae1b,AMZS,15
b59656a4-b6e7-4b87-977c-078c59088a50,aa42017d-812a-4175-bc9b-0fec03b18931,f4cfd904-bd11-4247-95df-32c4555a930f,Klinični center,127
b59656a4-b6e7-4b87-977c-078c59088a50,aa42017d-812a-4175-bc9b-0fec03b18931,295616c0-387b-4f60-a337-7743cd6be04e,Bavarski dvor,170
b59656a4-b6e7-4b87-977c-078c59088a50,aa42017d-812a-4175-bc9b-0fec03b18931,fef200e9-4d98-425b-ab14-8110e2aa85d7,Drama,108
b59656a4-b6e7-4b87-977c-078c59088a50,aa42017d-812a-4175-bc9b-0fec03b18931,295616c0-387b-4f60-a337-7743cd6be04e,Bavarski dvor,76
b59656a4-b6e7-4b87-977c-078c59088a50,aa42017d-812a-4175-bc9b-0fec03b18931,295616c0-387b-4f60-a337-7743cd6be04e,Bavarski dvor,15
b59656a4-b6e7-4b87-977c-078c59088a50,aa42017d-812a-4175-bc9b-0fec03b18931,5d7f28a6-2a2a-4333-aa06-48edfb652f86,Pošta,75
b59656a4-b6e7-4b87-977c-078c59088a50,aa42017d-812a-4175-bc9b-0fec03b18931,9cfac7e2-9653-4e52-a6d3-27756d27f817,Kino Šiška,226
b59656a4-b6e7-4b87-977c-078c59088a50,aa42017d-812a-4175-bc9b-0fec03b18931,c87db9be-1fba-4102-a743-0ee4317dd5af,Bavarski dvor,334
b59656a4-b6e7-4b87-977c-078c59088a50,aa42017d-812a-4175-bc9b-0fec03b18931,c87db9be-1fba-4102-a743-0ee4317dd5af,Bavarski dvor,265
b59656a4-b6e7-4b87-977c-078c59088a50,aa42017d-812a-4175-bc9b-0fec03b18931,484b5c91-1220-43ba-af79-84e712fcc46b,Slovenija avto,90
b59656a4-b6e7-4b87-977c-078c59088a50,aa42017d-812a-4175-bc9b-0fec03b18931,295616c0-387b-4f60-a337-7743cd6be04e,Bavarski dvor,41
b59656a4-b6e7-4b87-977c-078c59088a50,aa42017d-812a-4175-bc9b-0fec03b18931,c5ec5e81-2ce4-452d-bd7a-595de4f8b34f,Prušnikova,17
b59656a4-b6e7-4b87-977c-078c59088a50,aa42017d-812a-4175-bc9b-0fec03b18931,7eb88e01-82e9-4af4-84d0-69c6ea9dc82c,Kolodvor,16
b59656a4-b6e7-4b87-977c-078c59088a50,aa42017d-812a-4175-bc9b-0fec03b18931,f33b721f-a8a3-4aad-96f2-077da09ebaa6,Razstavišče,18
b59656a4-b6e7-4b87-977c-078c59088a50,aa42017d-812a-4175-bc9b-0fec03b18931,717dda7e-d793-4697-8f60-b64ee8b1edc4,Gosposvetska,86
b59656a4-b6e7-4b87-977c-078c59088a50,aa42017d-812a-4175-bc9b-0fec03b18931,609f0950-bb8c-4eaf-a931-8575b8aff1ac,Savske stolpnice,286
b59656a4-b6e7-4b87-977c-078c59088a50,aa42017d-812a-4175-bc9b-0fec03b18931,a0b1fb90-3f6a-4231-910a-18be192ac762,Flajšmanova,5
b59656a4-b6e7-4b87-977c-078c59088a50,aa42017d-812a-4175-bc9b-0fec03b18931,fef200e9-4d98-425b-ab14-8110e2aa85d7,Drama,317
b59656a4-b6e7-4b87-977c-078c59088a50,aa42017d-812a-4175-bc9b-0fec03b18931,a0b1fb90-3f6a-4231-910a-18be192ac762,Flajšmanova,5
b59656a4-b6e7-4b87-977c-078c59088a50,aa42017d-812a-4175-bc9b-0fec03b18931,f33b721f-a8a3-4aad-96f2-077da09ebaa6,Razstavišče,7
b59656a4-b6e7-4b87-977c-078c59088a50,aa42017d-812a-4175-bc9b-0fec03b18931,5d7f28a6-2a2a-4333-aa06-48edfb652f86,Pošta,438
b59656a4-b6e7-4b87-977c-078c59088a50,aa42017d-812a-4175-bc9b-0fec03b18931,aa42017d-812a-4175-bc9b-0fec03b18931,Ambrožev trg,153
b59656a4-b6e7-4b87-977c-078c59088a50,aa42017d-812a-4175-bc9b-0fec03b18931,f33b721f-a8a3-4aad-96f2-077da09ebaa6,Razstavišče,243
b59656a4-b6e7-4b87-977c-078c59088a50,aa42017d-812a-4175-bc9b-0fec03b18931,c87db9be-1fba-4102-a743-0ee4317dd5af,Bavarski dvor,409
b59656a4-b6e7-4b87-977c-078c59088a50,aa42017d-812a-4175-bc9b-0fec03b18931,7c149b59-2bc6-45cb-95c8-69e18a0db627,Rusjanov trg,42
b59656a4-b6e7-4b87-977c-078c59088a50,aa42017d-812a-4175-bc9b-0fec03b18931,f33b721f-a8a3-4aad-96f2-077da09ebaa6,Razstavišče,508
b59656a4-b6e7-4b87-977c-078c59088a50,aa42017d-812a-4175-bc9b-0fec03b18931,7fa32ea0-e884-435a-a81c-51bbd5cedf3e,Zaloška,184
b59656a4-b6e7-4b87-977c-078c59088a50,aa42017d-812a-4175-bc9b-0fec03b18931,fef200e9-4d98-425b-ab14-8110e2aa85d7,Drama,241
b59656a4-b6e7-4b87-977c-078c59088a50,aa42017d-812a-4175-bc9b-0fec03b18931,fef200e9-4d98-425b-ab14-8110e2aa85d7,Drama,74
b59656a4-b6e7-4b87-977c-078c59088a50,aa42017d-812a-4175-bc9b-0fec03b18931,7484317c-269f-425f-8118-23eedab4e5f1,Tivoli,229
b59656a4-b6e7-4b87-977c-078c59088a50,aa42017d-812a-4175-bc9b-0fec03b18931,5d7f28a6-2a2a-4333-aa06-48edfb652f86,Pošta,157
b59656a4-b6e7-4b87-977c-078c59088a50,aa42017d-812a-4175-bc9b-0fec03b18931,fef200e9-4d98-425b-ab14-8110e2aa85d7,Drama,207
b59656a4-b6e7-4b87-977c-078c59088a50,aa42017d-812a-4175-bc9b-0fec03b18931,023d7b7a-b411-4e61-8746-b07f9e5c8f90,Ambrožev trg,170
b59656a4-b6e7-4b87-977c-078c59088a50,aa42017d-812a-4175-bc9b-0fec03b18931,aa42017d-812a-4175-bc9b-0fec03b18931,Ambrožev trg,124
b59656a4-b6e7-4b87-977c-078c59088a50,aa42017d-812a-4175-bc9b-0fec03b18931,484b5c91-1220-43ba-af79-84e712fcc46b,Slovenija avto,12
b59656a4-b6e7-4b87-977c-078c59088a50,aa42017d-812a-4175-bc9b-0fec03b18931,a719a87c-4e93-4387-a6d1-2631a487f7e0,Ajdovščina,9
b59656a4-b6e7-4b87-977c-078c59088a50,aa42017d-812a-4175-bc9b-0fec03b18931,454817d3-3750-49c7-994c-14d06fd2c634,Žale,565
b59656a4-b6e7-4b87-977c-078c59088a50,aa42017d-812a-4175-bc9b-0fec03b18931,c87db9be-1fba-4102-a743-0ee4317dd5af,Bavarski dvor,94
b59656a4-b6e7-4b87-977c-078c59088a50,aa42017d-812a-4175-bc9b-0fec03b18931,609f0950-bb8c-4eaf-a931-8575b8aff1ac,Savske stolpnice,107
b59656a4-b6e7-4b87-977c-078c59088a50,aa42017d-812a-4175-bc9b-0fec03b18931,5d7f28a6-2a2a-4333-aa06-48edfb652f86,Pošta,72
b59656a4-b6e7-4b87-977c-078c59088a50,aa42017d-812a-4175-bc9b-0fec03b18931,77dcd833-fa4d-4c5a-93b1-31284942e61d,Šišenska,94
b59656a4-b6e7-4b87-977c-078c59088a50,aa42017d-812a-4175-bc9b-0fec03b18931,295616c0-387b-4f60-a337-7743cd6be04e,Bavarski dvor,15
b59656a4-b6e7-4b87-977c-078c59088a50,aa42017d-812a-4175-bc9b-0fec03b18931,484b5c91-1220-43ba-af79-84e712fcc46b,Slovenija avto,13
b59656a4-b6e7-4b87-977c-078c59088a50,aa42017d-812a-4175-bc9b-0fec03b18931,484b5c91-1220-43ba-af79-84e712fcc46b,Slovenija avto,513
b59656a4-b6e7-4b87-977c-078c59088a50,aa42017d-812a-4175-bc9b-0fec03b18931,295616c0-387b-4f60-a337-7743cd6be04e,Bavarski dvor,7
b59656a4-b6e7-4b87-977c-078c59088a50,aa42017d-812a-4175-bc9b-0fec03b18931,c22879e5-8e90-4540-9a74-5f139208e492,Friškovec,17
b59656a4-b6e7-4b87-977c-078c59088a50,aa42017d-812a-4175-bc9b-0fec03b18931,fef200e9-4d98-425b-ab14-8110e2aa85d7,Drama,41
b59656a4-b6e7-4b87-977c-078c59088a50,aa42017d-812a-4175-bc9b-0fec03b18931,5d7f28a6-2a2a-4333-aa06-48edfb652f86,Pošta,325
b59656a4-b6e7-4b87-977c-078c59088a50,aa42017d-812a-4175-bc9b-0fec03b18931,a719a87c-4e93-4387-a6d1-2631a487f7e0,Ajdovščina,52
b59656a4-b6e7-4b87-977c-078c59088a50,aa42017d-812a-4175-bc9b-0fec03b18931,c87db9be-1fba-4102-a743-0ee4317dd5af,Bavarski dvor,497
b59656a4-b6e7-4b87-977c-078c59088a50,aa42017d-812a-4175-bc9b-0fec03b18931,c87db9be-1fba-4102-a743-0ee4317dd5af,Bavarski dvor,15
b59656a4-b6e7-4b87-977c-078c59088a50,aa42017d-812a-4175-bc9b-0fec03b18931,aa42017d-812a-4175-bc9b-0fec03b18931,Ambrožev trg,118
b59656a4-b6e7-4b87-977c-078c59088a50,aa42017d-812a-4175-bc9b-0fec03b18931,609f0950-bb8c-4eaf-a931-8575b8aff1ac,Savske stolpnice,68
b59656a4-b6e7-4b87-977c-078c59088a50,aa42017d-812a-4175-bc9b-0fec03b18931,5d7f28a6-2a2a-4333-aa06-48edfb652f86,Pošta,475
b59656a4-b6e7-4b87-977c-078c59088a50,aa42017d-812a-4175-bc9b-0fec03b18931,a2ce7e6f-0f99-443a-a973-81a0b9c60261,Astra,311
b59656a4-b6e7-4b87-977c-078c59088a50,aa42017d-812a-4175-bc9b-0fec03b18931,a2ce7e6f-0f99-443a-a973-81a0b9c60261,Astra,63
b59656a4-b6e7-4b87-977c-078c59088a50,aa42017d-812a-4175-bc9b-0fec03b18931,c87db9be-1fba-4102-a743-0ee4317dd5af,Bavarski dvor,11
b59656a4-b6e7-4b87-977c-078c59088a50,aa42017d-812a-4175-bc9b-0fec03b18931,c87db9be-1fba-4102-a743-0ee4317dd5af,Bavarski dvor,104
b59656a4-b6e7-4b87-977c-078c59088a50,aa42017d-812a-4175-bc9b-0fec03b18931,5d7f28a6-2a2a-4333-aa06-48edfb652f86,Pošta,64
b59656a4-b6e7-4b87-977c-078c59088a50,aa42017d-812a-4175-bc9b-0fec03b18931,f33b721f-a8a3-4aad-96f2-077da09ebaa6,Razstavišče,198
b59656a4-b6e7-4b87-977c-078c59088a50,aa42017d-812a-4175-bc9b-0fec03b18931,f33b721f-a8a3-4aad-96f2-077da09ebaa6,Razstavišče,71
b59656a4-b6e7-4b87-977c-078c59088a50,aa42017d-812a-4175-bc9b-0fec03b18931,e468b92f-fa4a-4819-bb11-37761deaf4ca,BESNICA obrač.,23
b59656a4-b6e7-4b87-977c-078c59088a50,aa42017d-812a-4175-bc9b-0fec03b18931,c87db9be-1fba-4102-a743-0ee4317dd5af,Bavarski dvor,360
b59656a4-b6e7-4b87-977c-078c59088a50,aa42017d-812a-4175-bc9b-0fec03b18931,fef200e9-4d98-425b-ab14-8110e2aa85d7,Drama,58
b59656a4-b6e7-4b87-977c-078c59088a50,aa42017d-812a-4175-bc9b-0fec03b18931,295616c0-387b-4f60-a337-7743cd6be04e,Bavarski dvor,65
b59656a4-b6e7-4b87-977c-078c59088a50,aa42017d-812a-4175-bc9b-0fec03b18931,295616c0-387b-4f60-a337-7743cd6be04e,Bavarski dvor,124
b59656a4-b6e7-4b87-977c-078c59088a50,aa42017d-812a-4175-bc9b-0fec03b18931,c87db9be-1fba-4102-a743-0ee4317dd5af,Bavarski dvor,165
b59656a4-b6e7-4b87-977c-078c59088a50,aa42017d-812a-4175-bc9b-0fec03b18931,7fad8003-fb10-489d-bf8d-6d433310ad90,Nove Jarše,50
b59656a4-b6e7-4b87-977c-078c59088a50,aa42017d-812a-4175-bc9b-0fec03b18931,c87db9be-1fba-4102-a743-0ee4317dd5af,Bavarski dvor,77
b59656a4-b6e7-4b87-977c-078c59088a50,aa42017d-812a-4175-bc9b-0fec03b18931,a0e0a21b-b8ce-4d76-bbc2-04e179367fee,Šola Jarše,272
b59656a4-b6e7-4b87-977c-078c59088a50,aa42017d-812a-4175-bc9b-0fec03b18931,295616c0-387b-4f60-a337-7743cd6be04e,Bavarski dvor,212
b59656a4-b6e7-4b87-977c-078c59088a50,aa42017d-812a-4175-bc9b-0fec03b18931,379bc761-04b5-4227-be76-3b870fe3e69f,Pot na Fužine,229
b59656a4-b6e7-4b87-977c-078c59088a50,aa42017d-812a-4175-bc9b-0fec03b18931,c87db9be-1fba-4102-a743-0ee4317dd5af,Bavarski dvor,133
b59656a4-b6e7-4b87-977c-078c59088a50,aa42017d-812a-4175-bc9b-0fec03b18931,f33b721f-a8a3-4aad-96f2-077da09ebaa6,Razstavišče,82
b59656a4-b6e7-4b87-977c-078c59088a50,aa42017d-812a-4175-bc9b-0fec03b18931,295616c0-387b-4f60-a337-7743cd6be04e,Bavarski dvor,46
b59656a4-b6e7-4b87-977c-078c59088a50,aa42017d-812a-4175-bc9b-0fec03b18931,f14a6236-8af2-47bf-9270-432377662a63,Viadukt,84
b59656a4-b6e7-4b87-977c-078c59088a50,aa42017d-812a-4175-bc9b-0fec03b18931,c87db9be-1fba-4102-a743-0ee4317dd5af,Bavarski dvor,59
b59656a4-b6e7-4b87-977c-078c59088a50,aa42017d-812a-4175-bc9b-0fec03b18931,fef200e9-4d98-425b-ab14-8110e2aa85d7,Drama,143
b59656a4-b6e7-4b87-977c-078c59088a50,aa42017d-812a-4175-bc9b-0fec03b18931,48b163cd-b819-4849-aee1-8b1da77657ab,Šentvid,469
b59656a4-b6e7-4b87-977c-078c59088a50,aa42017d-812a-4175-bc9b-0fec03b18931,48507e1a-32df-4552-9448-3b345760b75f,Cesta na Vevče,471
b59656a4-b6e7-4b87-977c-078c59088a50,aa42017d-812a-4175-bc9b-0fec03b18931,5d7f28a6-2a2a-4333-aa06-48edfb652f86,Pošta,21
b59656a4-b6e7-4b87-977c-078c59088a50,aa42017d-812a-4175-bc9b-0fec03b18931,717dda7e-d793-4697-8f60-b64ee8b1edc4,Gosposvetska,594
b59656a4-b6e7-4b87-977c-078c59088a50,aa42017d-812a-4175-bc9b-0fec03b18931,295616c0-387b-4f60-a337-7743cd6be04e,Bavarski dvor,70
b59656a4-b6e7-4b87-977c-078c59088a50,aa42017d-812a-4175-bc9b-0fec03b18931,7fa32ea0-e884-435a-a81c-51bbd5cedf3e,Zaloška,119
b59656a4-b6e7-4b87-977c-078c59088a50,aa42017d-812a-4175-bc9b-0fec03b18931,023d7b7a-b411-4e61-8746-b07f9e5c8f90,Ambrožev trg,357
b59656a4-b6e7-4b87-977c-078c59088a50,aa42017d-812a-4175-bc9b-0fec03b18931,c87db9be-1fba-4102-a743-0ee4317dd5af,Bavarski dvor,205
b59656a4-b6e7-4b87-977c-078c59088a50,aa42017d-812a-4175-bc9b-0fec03b18931,f33b721f-a8a3-4aad-96f2-077da09ebaa6,Razstavišče,99
b59656a4-b6e7-4b87-977c-078c59088a50,aa42017d-812a-4175-bc9b-0fec03b18931,a719a87c-4e93-4387-a6d1-2631a487f7e0,Ajdovščina,30
b59656a4-b6e7-4b87-977c-078c59088a50,aa42017d-812a-4175-bc9b-0fec03b18931,ecc4ae87-ae08-4b94-995c-452fdd94df7f,Privoz,40
b59656a4-b6e7-4b87-977c-078c59088a50,aa42017d-812a-4175-bc9b-0fec03b18931,717dda7e-d793-4697-8f60-b64ee8b1edc4,Gosposvetska,42
b59656a4-b6e7-4b87-977c-078c59088a50,aa42017d-812a-4175-bc9b-0fec03b18931,9cfac7e2-9653-4e52-a6d3-27756d27f817,Kino Šiška,11
b59656a4-b6e7-4b87-977c-078c59088a50,aa42017d-812a-4175-bc9b-0fec03b18931,c87db9be-1fba-4102-a743-0ee4317dd5af,Bavarski dvor,84
b59656a4-b6e7-4b87-977c-078c59088a50,aa42017d-812a-4175-bc9b-0fec03b18931,a2ce7e6f-0f99-443a-a973-81a0b9c60261,Astra,44
b59656a4-b6e7-4b87-977c-078c59088a50,aa42017d-812a-4175-bc9b-0fec03b18931,a719a87c-4e93-4387-a6d1-2631a487f7e0,Ajdovščina,90
b59656a4-b6e7-4b87-977c-078c59088a50,aa42017d-812a-4175-bc9b-0fec03b18931,295616c0-387b-4f60-a337-7743cd6be04e,Bavarski dvor,147
b59656a4-b6e7-4b87-977c-078c59088a50,aa42017d-812a-4175-bc9b-0fec03b18931,a0b1fb90-3f6a-4231-910a-18be192ac762,Flajšmanova,30
b59656a4-b6e7-4b87-977c-078c59088a50,aa42017d-812a-4175-bc9b-0fec03b18931,c87db9be-1fba-4102-a743-0ee4317dd5af,Bavarski dvor,85
b59656a4-b6e7-4b87-977c-078c59088a50,aa42017d-812a-4175-bc9b-0fec03b18931,a719a87c-4e93-4387-a6d1-2631a487f7e0,Ajdovščina,11
b59656a4-b6e7-4b87-977c-078c59088a50,aa42017d-812a-4175-bc9b-0fec03b18931,c87db9be-1fba-4102-a743-0ee4317dd5af,Bavarski dvor,54
b59656a4-b6e7-4b87-977c-078c59088a50,aa42017d-812a-4175-bc9b-0fec03b18931,717dda7e-d793-4697-8f60-b64ee8b1edc4,Gosposvetska,21
b59656a4-b6e7-4b87-977c-078c59088a50,aa42017d-812a-4175-bc9b-0fec03b18931,a719a87c-4e93-4387-a6d1-2631a487f7e0,Ajdovščina,11
b59656a4-b6e7-4b87-977c-078c59088a50,aa42017d-812a-4175-bc9b-0fec03b18931,98fa3880-5936-4ec8-ba04-39c7ff9a0e6a,Stara cerkev,243
b59656a4-b6e7-4b87-977c-078c59088a50,aa42017d-812a-4175-bc9b-0fec03b18931,fef200e9-4d98-425b-ab14-8110e2aa85d7,Drama,64
b59656a4-b6e7-4b87-977c-078c59088a50,aa42017d-812a-4175-bc9b-0fec03b18931,c5ec5e81-2ce4-452d-bd7a-595de4f8b34f,Prušnikova,328
b59656a4-b6e7-4b87-977c-078c59088a50,aa42017d-812a-4175-bc9b-0fec03b18931,f33b721f-a8a3-4aad-96f2-077da09ebaa6,Razstavišče,25
b59656a4-b6e7-4b87-977c-078c59088a50,aa42017d-812a-4175-bc9b-0fec03b18931,9cfac7e2-9653-4e52-a6d3-27756d27f817,Kino Šiška,119
b59656a4-b6e7-4b87-977c-078c59088a50,aa42017d-812a-4175-bc9b-0fec03b18931,c87db9be-1fba-4102-a743-0ee4317dd5af,Bavarski dvor,226
b59656a4-b6e7-4b87-977c-078c59088a50,aa42017d-812a-4175-bc9b-0fec03b18931,fef200e9-4d98-425b-ab14-8110e2aa85d7,Drama,313
b59656a4-b6e7-4b87-977c-078c59088a50,aa42017d-812a-4175-bc9b-0fec03b18931,0b4a072e-6c2d-4c71-ab80-2b7142df81de,Tivoli,97
b59656a4-b6e7-4b87-977c-078c59088a50,aa42017d-812a-4175-bc9b-0fec03b18931,c22879e5-8e90-4540-9a74-5f139208e492,Friškovec,119
b59656a4-b6e7-4b87-977c-078c59088a50,aa42017d-812a-4175-bc9b-0fec03b18931,5d7f28a6-2a2a-4333-aa06-48edfb652f86,Pošta,263
b59656a4-b6e7-4b87-977c-078c59088a50,aa42017d-812a-4175-bc9b-0fec03b18931,609f0950-bb8c-4eaf-a931-8575b8aff1ac,Savske stolpnice,274
b59656a4-b6e7-4b87-977c-078c59088a50,aa42017d-812a-4175-bc9b-0fec03b18931,f33b721f-a8a3-4aad-96f2-077da09ebaa6,Razstavišče,196
b59656a4-b6e7-4b87-977c-078c59088a50,aa42017d-812a-4175-bc9b-0fec03b18931,6bd46cb7-9e5d-453a-878a-bcc38fb2a5f2,Sava,18
b59656a4-b6e7-4b87-977c-078c59088a50,aa42017d-812a-4175-bc9b-0fec03b18931,3c6ebf90-c611-4535-b2b0-22fba3f7649a,Štajerska,262
b59656a4-b6e7-4b87-977c-078c59088a50,aa42017d-812a-4175-bc9b-0fec03b18931,6a89c110-a0f8-4b1a-87f0-33f49c0a658e,Šola Jarše,47
b59656a4-b6e7-4b87-977c-078c59088a50,aa42017d-812a-4175-bc9b-0fec03b18931,fef200e9-4d98-425b-ab14-8110e2aa85d7,Drama,470
b59656a4-b6e7-4b87-977c-078c59088a50,aa42017d-812a-4175-bc9b-0fec03b18931,f33b721f-a8a3-4aad-96f2-077da09ebaa6,Razstavišče,190
b59656a4-b6e7-4b87-977c-078c59088a50,aa42017d-812a-4175-bc9b-0fec03b18931,294c40c4-18e4-4d92-a947-911a8623de89,Veliki štradon,122
b59656a4-b6e7-4b87-977c-078c59088a50,aa42017d-812a-4175-bc9b-0fec03b18931,cdabf1ea-b04c-480a-8359-72c46e6864ab,Bežigrad,14
b59656a4-b6e7-4b87-977c-078c59088a50,aa42017d-812a-4175-bc9b-0fec03b18931,295616c0-387b-4f60-a337-7743cd6be04e,Bavarski dvor,131
b59656a4-b6e7-4b87-977c-078c59088a50,aa42017d-812a-4175-bc9b-0fec03b18931,295616c0-387b-4f60-a337-7743cd6be04e,Bavarski dvor,95
b59656a4-b6e7-4b87-977c-078c59088a50,aa42017d-812a-4175-bc9b-0fec03b18931,3c6ebf90-c611-4535-b2b0-22fba3f7649a,Štajerska,189
b59656a4-b6e7-4b87-977c-078c59088a50,aa42017d-812a-4175-bc9b-0fec03b18931,e6f5183b-c615-4f47-b4fb-204ee070e825,Bežigrad,88
b59656a4-b6e7-4b87-977c-078c59088a50,aa42017d-812a-4175-bc9b-0fec03b18931,c87db9be-1fba-4102-a743-0ee4317dd5af,Bavarski dvor,9
b59656a4-b6e7-4b87-977c-078c59088a50,aa42017d-812a-4175-bc9b-0fec03b18931,295616c0-387b-4f60-a337-7743cd6be04e,Bavarski dvor,153
b59656a4-b6e7-4b87-977c-078c59088a50,aa42017d-812a-4175-bc9b-0fec03b18931,f33b721f-a8a3-4aad-96f2-077da09ebaa6,Razstavišče,37
b59656a4-b6e7-4b87-977c-078c59088a50,aa42017d-812a-4175-bc9b-0fec03b18931,484b5c91-1220-43ba-af79-84e712fcc46b,Slovenija avto,203
b59656a4-b6e7-4b87-977c-078c59088a50,aa42017d-812a-4175-bc9b-0fec03b18931,295616c0-387b-4f60-a337-7743cd6be04e,Bavarski dvor,147
b59656a4-b6e7-4b87-977c-078c59088a50,aa42017d-812a-4175-bc9b-0fec03b18931,0dc86a8f-0f41-44c7-978c-e06cb63cbbcf,Medvoška a.p.,306
b59656a4-b6e7-4b87-977c-078c59088a50,aa42017d-812a-4175-bc9b-0fec03b18931,9cfac7e2-9653-4e52-a6d3-27756d27f817,Kino Šiška,143
b59656a4-b6e7-4b87-977c-078c59088a50,aa42017d-812a-4175-bc9b-0fec03b18931,a2ce7e6f-0f99-443a-a973-81a0b9c60261,Astra,44
b59656a4-b6e7-4b87-977c-078c59088a50,aa42017d-812a-4175-bc9b-0fec03b18931,484b5c91-1220-43ba-af79-84e712fcc46b,Slovenija avto,195
b59656a4-b6e7-4b87-977c-078c59088a50,aa42017d-812a-4175-bc9b-0fec03b18931,295616c0-387b-4f60-a337-7743cd6be04e,Bavarski dvor,272
b59656a4-b6e7-4b87-977c-078c59088a50,aa42017d-812a-4175-bc9b-0fec03b18931,295616c0-387b-4f60-a337-7743cd6be04e,Bavarski dvor,215
b59656a4-b6e7-4b87-977c-078c59088a50,aa42017d-812a-4175-bc9b-0fec03b18931,c87db9be-1fba-4102-a743-0ee4317dd5af,Bavarski dvor,21
b59656a4-b6e7-4b87-977c-078c59088a50,aa42017d-812a-4175-bc9b-0fec03b18931,f33b721f-a8a3-4aad-96f2-077da09ebaa6,Razstavišče,116
b59656a4-b6e7-4b87-977c-078c59088a50,aa42017d-812a-4175-bc9b-0fec03b18931,c87db9be-1fba-4102-a743-0ee4317dd5af,Bavarski dvor,144
b59656a4-b6e7-4b87-977c-078c59088a50,aa42017d-812a-4175-bc9b-0fec03b18931,609f0950-bb8c-4eaf-a931-8575b8aff1ac,Savske stolpnice,81
b59656a4-b6e7-4b87-977c-078c59088a50,aa42017d-812a-4175-bc9b-0fec03b18931,a719a87c-4e93-4387-a6d1-2631a487f7e0,Ajdovščina,594
b59656a4-b6e7-4b87-977c-078c59088a50,aa42017d-812a-4175-bc9b-0fec03b18931,c5ec5e81-2ce4-452d-bd7a-595de4f8b34f,Prušnikova,73
b59656a4-b6e7-4b87-977c-078c59088a50,aa42017d-812a-4175-bc9b-0fec03b18931,9e109242-5aad-4fb7-b0c8-576eef8aa4e0,VEVČE,432
b59656a4-b6e7-4b87-977c-078c59088a50,aa42017d-812a-4175-bc9b-0fec03b18931,5d7f28a6-2a2a-4333-aa06-48edfb652f86,Pošta,122
b59656a4-b6e7-4b87-977c-078c59088a50,aa42017d-812a-4175-bc9b-0fec03b18931,c87db9be-1fba-4102-a743-0ee4317dd5af,Bavarski dvor,164
b59656a4-b6e7-4b87-977c-078c59088a50,aa42017d-812a-4175-bc9b-0fec03b18931,295616c0-387b-4f60-a337-7743cd6be04e,Bavarski dvor,29
b59656a4-b6e7-4b87-977c-078c59088a50,aa42017d-812a-4175-bc9b-0fec03b18931,295616c0-387b-4f60-a337-7743cd6be04e,Bavarski dvor,39
b59656a4-b6e7-4b87-977c-078c59088a50,aa42017d-812a-4175-bc9b-0fec03b18931,5d7f28a6-2a2a-4333-aa06-48edfb652f86,Pošta,218
b59656a4-b6e7-4b87-977c-078c59088a50,aa42017d-812a-4175-bc9b-0fec03b18931,21764d19-62cc-49fd-bac9-403aeac6a6b9,Ježica,660
b59656a4-b6e7-4b87-977c-078c59088a50,aa42017d-812a-4175-bc9b-0fec03b18931,717dda7e-d793-4697-8f60-b64ee8b1edc4,Gosposvetska,29
b59656a4-b6e7-4b87-977c-078c59088a50,aa42017d-812a-4175-bc9b-0fec03b18931,5d7f28a6-2a2a-4333-aa06-48edfb652f86,Pošta,187
b59656a4-b6e7-4b87-977c-078c59088a50,aa42017d-812a-4175-bc9b-0fec03b18931,484b5c91-1220-43ba-af79-84e712fcc46b,Slovenija avto,24
b59656a4-b6e7-4b87-977c-078c59088a50,aa42017d-812a-4175-bc9b-0fec03b18931,f33b721f-a8a3-4aad-96f2-077da09ebaa6,Razstavišče,34
b59656a4-b6e7-4b87-977c-078c59088a50,aa42017d-812a-4175-bc9b-0fec03b18931,717dda7e-d793-4697-8f60-b64ee8b1edc4,Gosposvetska,192
b59656a4-b6e7-4b87-977c-078c59088a50,aa42017d-812a-4175-bc9b-0fec03b18931,c87db9be-1fba-4102-a743-0ee4317dd5af,Bavarski dvor,406
b59656a4-b6e7-4b87-977c-078c59088a50,aa42017d-812a-4175-bc9b-0fec03b18931,484b5c91-1220-43ba-af79-84e712fcc46b,Slovenija avto,89
b59656a4-b6e7-4b87-977c-078c59088a50,aa42017d-812a-4175-bc9b-0fec03b18931,c87db9be-1fba-4102-a743-0ee4317dd5af,Bavarski dvor,68
b59656a4-b6e7-4b87-977c-078c59088a50,aa42017d-812a-4175-bc9b-0fec03b18931,484b5c91-1220-43ba-af79-84e712fcc46b,Slovenija avto,122
b59656a4-b6e7-4b87-977c-078c59088a50,aa42017d-812a-4175-bc9b-0fec03b18931,295616c0-387b-4f60-a337-7743cd6be04e,Bavarski dvor,82
b59656a4-b6e7-4b87-977c-078c59088a50,aa42017d-812a-4175-bc9b-0fec03b18931,fef200e9-4d98-425b-ab14-8110e2aa85d7,Drama,547
b59656a4-b6e7-4b87-977c-078c59088a50,aa42017d-812a-4175-bc9b-0fec03b18931,484b5c91-1220-43ba-af79-84e712fcc46b,Slovenija avto,266
b59656a4-b6e7-4b87-977c-078c59088a50,aa42017d-812a-4175-bc9b-0fec03b18931,717dda7e-d793-4697-8f60-b64ee8b1edc4,Gosposvetska,118
b59656a4-b6e7-4b87-977c-078c59088a50,aa42017d-812a-4175-bc9b-0fec03b18931,7eb88e01-82e9-4af4-84d0-69c6ea9dc82c,Kolodvor,508
b59656a4-b6e7-4b87-977c-078c59088a50,aa42017d-812a-4175-bc9b-0fec03b18931,f33b721f-a8a3-4aad-96f2-077da09ebaa6,Razstavišče,153
b59656a4-b6e7-4b87-977c-078c59088a50,aa42017d-812a-4175-bc9b-0fec03b18931,7eb88e01-82e9-4af4-84d0-69c6ea9dc82c,Kolodvor,62
b59656a4-b6e7-4b87-977c-078c59088a50,aa42017d-812a-4175-bc9b-0fec03b18931,a2ce7e6f-0f99-443a-a973-81a0b9c60261,Astra,119
b59656a4-b6e7-4b87-977c-078c59088a50,aa42017d-812a-4175-bc9b-0fec03b18931,a719a87c-4e93-4387-a6d1-2631a487f7e0,Ajdovščina,283
b59656a4-b6e7-4b87-977c-078c59088a50,aa42017d-812a-4175-bc9b-0fec03b18931,a719a87c-4e93-4387-a6d1-2631a487f7e0,Ajdovščina,79
b59656a4-b6e7-4b87-977c-078c59088a50,aa42017d-812a-4175-bc9b-0fec03b18931,c87db9be-1fba-4102-a743-0ee4317dd5af,Bavarski dvor,20
b59656a4-b6e7-4b87-977c-078c59088a50,aa42017d-812a-4175-bc9b-0fec03b18931,7eb88e01-82e9-4af4-84d0-69c6ea9dc82c,Kolodvor,70
b59656a4-b6e7-4b87-977c-078c59088a50,aa42017d-812a-4175-bc9b-0fec03b18931,295616c0-387b-4f60-a337-7743cd6be04e,Bavarski dvor,141
b59656a4-b6e7-4b87-977c-078c59088a50,aa42017d-812a-4175-bc9b-0fec03b18931,c22879e5-8e90-4540-9a74-5f139208e492,Friškovec,237
b59656a4-b6e7-4b87-977c-078c59088a50,aa42017d-812a-4175-bc9b-0fec03b18931,7fa32ea0-e884-435a-a81c-51bbd5cedf3e,Zaloška,33
b59656a4-b6e7-4b87-977c-078c59088a50,aa42017d-812a-4175-bc9b-0fec03b18931,0be237aa-4b91-4d2b-ac23-0cebac975a0d,Cankarjev dom,111
b59656a4-b6e7-4b87-977c-078c59088a50,aa42017d-812a-4175-bc9b-0fec03b18931,4038e02e-f22f-4af0-ba4f-7aab855b53af,Kneza Koclja,153
b59656a4-b6e7-4b87-977c-078c59088a50,aa42017d-812a-4175-bc9b-0fec03b18931,5d7f28a6-2a2a-4333-aa06-48edfb652f86,Pošta,252
b59656a4-b6e7-4b87-977c-078c59088a50,aa42017d-812a-4175-bc9b-0fec03b18931,484b5c91-1220-43ba-af79-84e712fcc46b,Slovenija avto,168
b59656a4-b6e7-4b87-977c-078c59088a50,aa42017d-812a-4175-bc9b-0fec03b18931,c87db9be-1fba-4102-a743-0ee4317dd5af,Bavarski dvor,216
b59656a4-b6e7-4b87-977c-078c59088a50,aa42017d-812a-4175-bc9b-0fec03b18931,295616c0-387b-4f60-a337-7743cd6be04e,Bavarski dvor,53
b59656a4-b6e7-4b87-977c-078c59088a50,aa42017d-812a-4175-bc9b-0fec03b18931,f33b721f-a8a3-4aad-96f2-077da09ebaa6,Razstavišče,31
b59656a4-b6e7-4b87-977c-078c59088a50,aa42017d-812a-4175-bc9b-0fec03b18931,fef200e9-4d98-425b-ab14-8110e2aa85d7,Drama,66
b59656a4-b6e7-4b87-977c-078c59088a50,aa42017d-812a-4175-bc9b-0fec03b18931,cee2862b-9b70-4880-8fa3-16c6d2efae1b,AMZS,39
b59656a4-b6e7-4b87-977c-078c59088a50,aa42017d-812a-4175-bc9b-0fec03b18931,ac3afe7d-a2b3-4d5d-9e6a-1d2412a3bc70,Litostrojska,316
b59656a4-b6e7-4b87-977c-078c59088a50,aa42017d-812a-4175-bc9b-0fec03b18931,484b5c91-1220-43ba-af79-84e712fcc46b,Slovenija avto,185
b59656a4-b6e7-4b87-977c-078c59088a50,aa42017d-812a-4175-bc9b-0fec03b18931,fef200e9-4d98-425b-ab14-8110e2aa85d7,Drama,70
b59656a4-b6e7-4b87-977c-078c59088a50,aa42017d-812a-4175-bc9b-0fec03b18931,7fa32ea0-e884-435a-a81c-51bbd5cedf3e,Zaloška,101
b59656a4-b6e7-4b87-977c-078c59088a50,aa42017d-812a-4175-bc9b-0fec03b18931,7fa32ea0-e884-435a-a81c-51bbd5cedf3e,Zaloška,422
b59656a4-b6e7-4b87-977c-078c59088a50,aa42017d-812a-4175-bc9b-0fec03b18931,592b37eb-8255-4758-ae8a-7cef98521013,Rogovilc,225
b59656a4-b6e7-4b87-977c-078c59088a50,aa42017d-812a-4175-bc9b-0fec03b18931,N/A,N/A,660
b59656a4-b6e7-4b87-977c-078c59088a50,aa42017d-812a-4175-bc9b-0fec03b18931,295616c0-387b-4f60-a337-7743cd6be04e,Bavarski dvor,109
b59656a4-b6e7-4b87-977c-078c59088a50,aa42017d-812a-4175-bc9b-0fec03b18931,f33b721f-a8a3-4aad-96f2-077da09ebaa6,Razstavišče,486
b59656a4-b6e7-4b87-977c-078c59088a50,aa42017d-812a-4175-bc9b-0fec03b18931,5d7f28a6-2a2a-4333-aa06-48edfb652f86,Pošta,120
b59656a4-b6e7-4b87-977c-078c59088a50,aa42017d-812a-4175-bc9b-0fec03b18931,6a89c110-a0f8-4b1a-87f0-33f49c0a658e,Šola Jarše,184
b59656a4-b6e7-4b87-977c-078c59088a50,aa42017d-812a-4175-bc9b-0fec03b18931,c5ec5e81-2ce4-452d-bd7a-595de4f8b34f,Prušnikova,73
b59656a4-b6e7-4b87-977c-078c59088a50,aa42017d-812a-4175-bc9b-0fec03b18931,a719a87c-4e93-4387-a6d1-2631a487f7e0,Ajdovščina,194
b59656a4-b6e7-4b87-977c-078c59088a50,aa42017d-812a-4175-bc9b-0fec03b18931,295616c0-387b-4f60-a337-7743cd6be04e,Bavarski dvor,36
b59656a4-b6e7-4b87-977c-078c59088a50,aa42017d-812a-4175-bc9b-0fec03b18931,f33b721f-a8a3-4aad-96f2-077da09ebaa6,Razstavišče,104
b59656a4-b6e7-4b87-977c-078c59088a50,aa42017d-812a-4175-bc9b-0fec03b18931,N/A,N/A,660
b59656a4-b6e7-4b87-977c-078c59088a50,aa42017d-812a-4175-bc9b-0fec03b18931,a719a87c-4e93-4387-a6d1-2631a487f7e0,Ajdovščina,79
b59656a4-b6e7-4b87-977c-078c59088a50,aa42017d-812a-4175-bc9b-0fec03b18931,ac3afe7d-a2b3-4d5d-9e6a-1d2412a3bc70,Litostrojska,564
b59656a4-b6e7-4b87-977c-078c59088a50,aa42017d-812a-4175-bc9b-0fec03b18931,98fa3880-5936-4ec8-ba04-39c7ff9a0e6a,Stara cerkev,39
b59656a4-b6e7-4b87-977c-078c59088a50,aa42017d-812a-4175-bc9b-0fec03b18931,9cfac7e2-9653-4e52-a6d3-27756d27f817,Kino Šiška,220
b59656a4-b6e7-4b87-977c-078c59088a50,aa42017d-812a-4175-bc9b-0fec03b18931,a2ce7e6f-0f99-443a-a973-81a0b9c60261,Astra,21
b59656a4-b6e7-4b87-977c-078c59088a50,aa42017d-812a-4175-bc9b-0fec03b18931,cdabf1ea-b04c-480a-8359-72c46e6864ab,Bežigrad,214
b59656a4-b6e7-4b87-977c-078c59088a50,aa42017d-812a-4175-bc9b-0fec03b18931,9e109242-5aad-4fb7-b0c8-576eef8aa4e0,VEVČE,42
b59656a4-b6e7-4b87-977c-078c59088a50,aa42017d-812a-4175-bc9b-0fec03b18931,5d7f28a6-2a2a-4333-aa06-48edfb652f86,Pošta,70
b59656a4-b6e7-4b87-977c-078c59088a50,aa42017d-812a-4175-bc9b-0fec03b18931,c87db9be-1fba-4102-a743-0ee4317dd5af,Bavarski dvor,32
b59656a4-b6e7-4b87-977c-078c59088a50,aa42017d-812a-4175-bc9b-0fec03b18931,a719a87c-4e93-4387-a6d1-2631a487f7e0,Ajdovščina,13
b59656a4-b6e7-4b87-977c-078c59088a50,aa42017d-812a-4175-bc9b-0fec03b18931,N/A,N/A,660
b59656a4-b6e7-4b87-977c-078c59088a50,aa42017d-812a-4175-bc9b-0fec03b18931,a2ce7e6f-0f99-443a-a973-81a0b9c60261,Astra,40
b59656a4-b6e7-4b87-977c-078c59088a50,aa42017d-812a-4175-bc9b-0fec03b18931,c87db9be-1fba-4102-a743-0ee4317dd5af,Bavarski dvor,141
b59656a4-b6e7-4b87-977c-078c59088a50,aa42017d-812a-4175-bc9b-0fec03b18931,c22879e5-8e90-4540-9a74-5f139208e492,Friškovec,65
b59656a4-b6e7-4b87-977c-078c59088a50,aa42017d-812a-4175-bc9b-0fec03b18931,023d7b7a-b411-4e61-8746-b07f9e5c8f90,Ambrožev trg,254
b59656a4-b6e7-4b87-977c-078c59088a50,aa42017d-812a-4175-bc9b-0fec03b18931,295616c0-387b-4f60-a337-7743cd6be04e,Bavarski dvor,85
b59656a4-b6e7-4b87-977c-078c59088a50,aa42017d-812a-4175-bc9b-0fec03b18931,295616c0-387b-4f60-a337-7743cd6be04e,Bavarski dvor,223
b59656a4-b6e7-4b87-977c-078c59088a50,aa42017d-812a-4175-bc9b-0fec03b18931,7fad8003-fb10-489d-bf8d-6d433310ad90,Nove Jarše,40
b59656a4-b6e7-4b87-977c-078c59088a50,aa42017d-812a-4175-bc9b-0fec03b18931,c87db9be-1fba-4102-a743-0ee4317dd5af,Bavarski dvor,134
b59656a4-b6e7-4b87-977c-078c59088a50,aa42017d-812a-4175-bc9b-0fec03b18931,295616c0-387b-4f60-a337-7743cd6be04e,Bavarski dvor,31
b59656a4-b6e7-4b87-977c-078c59088a50,aa42017d-812a-4175-bc9b-0fec03b18931,c87db9be-1fba-4102-a743-0ee4317dd5af,Bavarski dvor,24
b59656a4-b6e7-4b87-977c-078c59088a50,aa42017d-812a-4175-bc9b-0fec03b18931,717dda7e-d793-4697-8f60-b64ee8b1edc4,Gosposvetska,61
b59656a4-b6e7-4b87-977c-078c59088a50,aa42017d-812a-4175-bc9b-0fec03b18931,484b5c91-1220-43ba-af79-84e712fcc46b,Slovenija avto,496
b59656a4-b6e7-4b87-977c-078c59088a50,aa42017d-812a-4175-bc9b-0fec03b18931,fef200e9-4d98-425b-ab14-8110e2aa85d7,Drama,48
b59656a4-b6e7-4b87-977c-078c59088a50,aa42017d-812a-4175-bc9b-0fec03b18931,484b5c91-1220-43ba-af79-84e712fcc46b,Slovenija avto,25
b59656a4-b6e7-4b87-977c-078c59088a50,aa42017d-812a-4175-bc9b-0fec03b18931,c87db9be-1fba-4102-a743-0ee4317dd5af,Bavarski dvor,80
b59656a4-b6e7-4b87-977c-078c59088a50,aa42017d-812a-4175-bc9b-0fec03b18931,a0b1fb90-3f6a-4231-910a-18be192ac762,Flajšmanova,230
b59656a4-b6e7-4b87-977c-078c59088a50,aa42017d-812a-4175-bc9b-0fec03b18931,b59656a4-b6e7-4b87-977c-078c59088a50,Hajdrihova,112
b59656a4-b6e7-4b87-977c-078c59088a50,aa42017d-812a-4175-bc9b-0fec03b18931,c87db9be-1fba-4102-a743-0ee4317dd5af,Bavarski dvor,203
b59656a4-b6e7-4b87-977c-078c59088a50,aa42017d-812a-4175-bc9b-0fec03b18931,5cc8a08d-c0af-491f-9a9c-b8b4f5f23bc0,BTC-Emporium,168
b59656a4-b6e7-4b87-977c-078c59088a50,aa42017d-812a-4175-bc9b-0fec03b18931,a2ce7e6f-0f99-443a-a973-81a0b9c60261,Astra,117
b59656a4-b6e7-4b87-977c-078c59088a50,aa42017d-812a-4175-bc9b-0fec03b18931,c87db9be-1fba-4102-a743-0ee4317dd5af,Bavarski dvor,84
b59656a4-b6e7-4b87-977c-078c59088a50,aa42017d-812a-4175-bc9b-0fec03b18931,38b3abed-0592-407b-96c3-85a026f2e192,Dalmatinova,33
b59656a4-b6e7-4b87-977c-078c59088a50,aa42017d-812a-4175-bc9b-0fec03b18931,7484317c-269f-425f-8118-23eedab4e5f1,Tivoli,238
b59656a4-b6e7-4b87-977c-078c59088a50,aa42017d-812a-4175-bc9b-0fec03b18931,223f660b-c391-4120-bf3c-7bf06781686b,Tovorni kolodvor,220
b59656a4-b6e7-4b87-977c-078c59088a50,aa42017d-812a-4175-bc9b-0fec03b18931,a719a87c-4e93-4387-a6d1-2631a487f7e0,Ajdovščina,107
b59656a4-b6e7-4b87-977c-078c59088a50,aa42017d-812a-4175-bc9b-0fec03b18931,5d7f28a6-2a2a-4333-aa06-48edfb652f86,Pošta,27
b59656a4-b6e7-4b87-977c-078c59088a50,aa42017d-812a-4175-bc9b-0fec03b18931,c87db9be-1fba-4102-a743-0ee4317dd5af,Bavarski dvor,46
b59656a4-b6e7-4b87-977c-078c59088a50,aa42017d-812a-4175-bc9b-0fec03b18931,484b5c91-1220-43ba-af79-84e712fcc46b,Slovenija avto,148
b59656a4-b6e7-4b87-977c-078c59088a50,aa42017d-812a-4175-bc9b-0fec03b18931,9e109242-5aad-4fb7-b0c8-576eef8aa4e0,VEVČE,52
b59656a4-b6e7-4b87-977c-078c59088a50,aa42017d-812a-4175-bc9b-0fec03b18931,5d7f28a6-2a2a-4333-aa06-48edfb652f86,Pošta,42
b59656a4-b6e7-4b87-977c-078c59088a50,aa42017d-812a-4175-bc9b-0fec03b18931,c87db9be-1fba-4102-a743-0ee4317dd5af,Bavarski dvor,370
b59656a4-b6e7-4b87-977c-078c59088a50,aa42017d-812a-4175-bc9b-0fec03b18931,fef200e9-4d98-425b-ab14-8110e2aa85d7,Drama,121
b59656a4-b6e7-4b87-977c-078c59088a50,aa42017d-812a-4175-bc9b-0fec03b18931,cdabf1ea-b04c-480a-8359-72c46e6864ab,Bežigrad,12
b59656a4-b6e7-4b87-977c-078c59088a50,aa42017d-812a-4175-bc9b-0fec03b18931,295616c0-387b-4f60-a337-7743cd6be04e,Bavarski dvor,158
b59656a4-b6e7-4b87-977c-078c59088a50,aa42017d-812a-4175-bc9b-0fec03b18931,484b5c91-1220-43ba-af79-84e712fcc46b,Slovenija avto,461
b59656a4-b6e7-4b87-977c-078c59088a50,aa42017d-812a-4175-bc9b-0fec03b18931,295616c0-387b-4f60-a337-7743cd6be04e,Bavarski dvor,192
b59656a4-b6e7-4b87-977c-078c59088a50,aa42017d-812a-4175-bc9b-0fec03b18931,7eb88e01-82e9-4af4-84d0-69c6ea9dc82c,Kolodvor,25
b59656a4-b6e7-4b87-977c-078c59088a50,aa42017d-812a-4175-bc9b-0fec03b18931,eb165f50-9c43-4b09-9658-469a16d3dc83,Kodeljevo,39
b59656a4-b6e7-4b87-977c-078c59088a50,aa42017d-812a-4175-bc9b-0fec03b18931,cee2862b-9b70-4880-8fa3-16c6d2efae1b,AMZS,162
b59656a4-b6e7-4b87-977c-078c59088a50,aa42017d-812a-4175-bc9b-0fec03b18931,295616c0-387b-4f60-a337-7743cd6be04e,Bavarski dvor,412
b59656a4-b6e7-4b87-977c-078c59088a50,aa42017d-812a-4175-bc9b-0fec03b18931,c87db9be-1fba-4102-a743-0ee4317dd5af,Bavarski dvor,103
b59656a4-b6e7-4b87-977c-078c59088a50,aa42017d-812a-4175-bc9b-0fec03b18931,f2b27cbd-5207-4281-8f67-6369d0c50a9b,Kodrova,144
b59656a4-b6e7-4b87-977c-078c59088a50,aa42017d-812a-4175-bc9b-0fec03b18931,c87db9be-1fba-4102-a743-0ee4317dd5af,Bavarski dvor,69
b59656a4-b6e7-4b87-977c-078c59088a50,aa42017d-812a-4175-bc9b-0fec03b18931,379bc761-04b5-4227-be76-3b870fe3e69f,Pot na Fužine,133
b59656a4-b6e7-4b87-977c-078c59088a50,aa42017d-812a-4175-bc9b-0fec03b18931,a0b1fb90-3f6a-4231-910a-18be192ac762,Flajšmanova,6
b59656a4-b6e7-4b87-977c-078c59088a50,aa42017d-812a-4175-bc9b-0fec03b18931,c297ac70-8f43-4fbc-a8a4-366ddb883a8d,Bonifacija,369
b59656a4-b6e7-4b87-977c-078c59088a50,aa42017d-812a-4175-bc9b-0fec03b18931,b59656a4-b6e7-4b87-977c-078c59088a50,Hajdrihova,395
b59656a4-b6e7-4b87-977c-078c59088a50,aa42017d-812a-4175-bc9b-0fec03b18931,f2b27cbd-5207-4281-8f67-6369d0c50a9b,Kodrova,115
b59656a4-b6e7-4b87-977c-078c59088a50,aa42017d-812a-4175-bc9b-0fec03b18931,1b3ddeca-a066-43ee-9ae5-8339628129c2,Žale,141
b59656a4-b6e7-4b87-977c-078c59088a50,aa42017d-812a-4175-bc9b-0fec03b18931,1505c6fe-6080-424e-98d1-24c312cfacf3,Pot na Rakovo jelšo,90
b59656a4-b6e7-4b87-977c-078c59088a50,aa42017d-812a-4175-bc9b-0fec03b18931,f4cfd904-bd11-4247-95df-32c4555a930f,Klinični center,137
b59656a4-b6e7-4b87-977c-078c59088a50,aa42017d-812a-4175-bc9b-0fec03b18931,454817d3-3750-49c7-994c-14d06fd2c634,Žale,242
b59656a4-b6e7-4b87-977c-078c59088a50,aa42017d-812a-4175-bc9b-0fec03b18931,295616c0-387b-4f60-a337-7743cd6be04e,Bavarski dvor,121
b59656a4-b6e7-4b87-977c-078c59088a50,aa42017d-812a-4175-bc9b-0fec03b18931,295616c0-387b-4f60-a337-7743cd6be04e,Bavarski dvor,194
b59656a4-b6e7-4b87-977c-078c59088a50,aa42017d-812a-4175-bc9b-0fec03b18931,1ce1c3a8-e0f6-4f90-b1aa-1448759d8b3c,Astra,263
b59656a4-b6e7-4b87-977c-078c59088a50,aa42017d-812a-4175-bc9b-0fec03b18931,6459bd02-d8f8-413e-9402-10b916f09a4f,7. septembra,6
b59656a4-b6e7-4b87-977c-078c59088a50,aa42017d-812a-4175-bc9b-0fec03b18931,c87db9be-1fba-4102-a743-0ee4317dd5af,Bavarski dvor,174
b59656a4-b6e7-4b87-977c-078c59088a50,aa42017d-812a-4175-bc9b-0fec03b18931,295616c0-387b-4f60-a337-7743cd6be04e,Bavarski dvor,17
b59656a4-b6e7-4b87-977c-078c59088a50,aa42017d-812a-4175-bc9b-0fec03b18931,f33b721f-a8a3-4aad-96f2-077da09ebaa6,Razstavišče,11
b59656a4-b6e7-4b87-977c-078c59088a50,aa42017d-812a-4175-bc9b-0fec03b18931,5d7f28a6-2a2a-4333-aa06-48edfb652f86,Pošta,342
b59656a4-b6e7-4b87-977c-078c59088a50,aa42017d-812a-4175-bc9b-0fec03b18931,c87db9be-1fba-4102-a743-0ee4317dd5af,Bavarski dvor,305
b59656a4-b6e7-4b87-977c-078c59088a50,aa42017d-812a-4175-bc9b-0fec03b18931,c87db9be-1fba-4102-a743-0ee4317dd5af,Bavarski dvor,79
b59656a4-b6e7-4b87-977c-078c59088a50,aa42017d-812a-4175-bc9b-0fec03b18931,295616c0-387b-4f60-a337-7743cd6be04e,Bavarski dvor,39
b59656a4-b6e7-4b87-977c-078c59088a50,aa42017d-812a-4175-bc9b-0fec03b18931,295616c0-387b-4f60-a337-7743cd6be04e,Bavarski dvor,219
b59656a4-b6e7-4b87-977c-078c59088a50,aa42017d-812a-4175-bc9b-0fec03b18931,7fad8003-fb10-489d-bf8d-6d433310ad90,Nove Jarše,359
b59656a4-b6e7-4b87-977c-078c59088a50,aa42017d-812a-4175-bc9b-0fec03b18931,c87db9be-1fba-4102-a743-0ee4317dd5af,Bavarski dvor,102
b59656a4-b6e7-4b87-977c-078c59088a50,aa42017d-812a-4175-bc9b-0fec03b18931,295616c0-387b-4f60-a337-7743cd6be04e,Bavarski dvor,46
b59656a4-b6e7-4b87-977c-078c59088a50,aa42017d-812a-4175-bc9b-0fec03b18931,a719a87c-4e93-4387-a6d1-2631a487f7e0,Ajdovščina,140
b59656a4-b6e7-4b87-977c-078c59088a50,aa42017d-812a-4175-bc9b-0fec03b18931,5d7f28a6-2a2a-4333-aa06-48edfb652f86,Pošta,57
b59656a4-b6e7-4b87-977c-078c59088a50,aa42017d-812a-4175-bc9b-0fec03b18931,5d7f28a6-2a2a-4333-aa06-48edfb652f86,Pošta,292
b59656a4-b6e7-4b87-977c-078c59088a50,aa42017d-812a-4175-bc9b-0fec03b18931,a719a87c-4e93-4387-a6d1-2631a487f7e0,Ajdovščina,11
b59656a4-b6e7-4b87-977c-078c59088a50,aa42017d-812a-4175-bc9b-0fec03b18931,7310c006-62b8-4f94-bb9c-d5c26cb3faad,Polje,210
b59656a4-b6e7-4b87-977c-078c59088a50,aa42017d-812a-4175-bc9b-0fec03b18931,7c149b59-2bc6-45cb-95c8-69e18a0db627,Rusjanov trg,75
b59656a4-b6e7-4b87-977c-078c59088a50,aa42017d-812a-4175-bc9b-0fec03b18931,6182f8e8-c45e-4606-b4a4-d909bd44d2cc,Gornji trg,315
b59656a4-b6e7-4b87-977c-078c59088a50,aa42017d-812a-4175-bc9b-0fec03b18931,295616c0-387b-4f60-a337-7743cd6be04e,Bavarski dvor,27
b59656a4-b6e7-4b87-977c-078c59088a50,aa42017d-812a-4175-bc9b-0fec03b18931,8598b85d-3e1d-4767-b72f-0c209038841f,Štepanja vas,96
b59656a4-b6e7-4b87-977c-078c59088a50,aa42017d-812a-4175-bc9b-0fec03b18931,023d7b7a-b411-4e61-8746-b07f9e5c8f90,Ambrožev trg,232
b59656a4-b6e7-4b87-977c-078c59088a50,aa42017d-812a-4175-bc9b-0fec03b18931,717dda7e-d793-4697-8f60-b64ee8b1edc4,Gosposvetska,43
b59656a4-b6e7-4b87-977c-078c59088a50,aa42017d-812a-4175-bc9b-0fec03b18931,c87db9be-1fba-4102-a743-0ee4317dd5af,Bavarski dvor,68
b59656a4-b6e7-4b87-977c-078c59088a50,aa42017d-812a-4175-bc9b-0fec03b18931,295616c0-387b-4f60-a337-7743cd6be04e,Bavarski dvor,12
b59656a4-b6e7-4b87-977c-078c59088a50,aa42017d-812a-4175-bc9b-0fec03b18931,c87db9be-1fba-4102-a743-0ee4317dd5af,Bavarski dvor,204
b59656a4-b6e7-4b87-977c-078c59088a50,aa42017d-812a-4175-bc9b-0fec03b18931,7bcbdcaa-00b9-47d4-8982-09da26cd7bcb,Zaloška,278
b59656a4-b6e7-4b87-977c-078c59088a50,aa42017d-812a-4175-bc9b-0fec03b18931,c5ec5e81-2ce4-452d-bd7a-595de4f8b34f,Prušnikova,58
b59656a4-b6e7-4b87-977c-078c59088a50,aa42017d-812a-4175-bc9b-0fec03b18931,a719a87c-4e93-4387-a6d1-2631a487f7e0,Ajdovščina,74
b59656a4-b6e7-4b87-977c-078c59088a50,aa42017d-812a-4175-bc9b-0fec03b18931,f33b721f-a8a3-4aad-96f2-077da09ebaa6,Razstavišče,26
b59656a4-b6e7-4b87-977c-078c59088a50,aa42017d-812a-4175-bc9b-0fec03b18931,ab987eb0-c970-4577-8db9-0cd507a6cab6,Ig AP,41
b59656a4-b6e7-4b87-977c-078c59088a50,aa42017d-812a-4175-bc9b-0fec03b18931,717dda7e-d793-4697-8f60-b64ee8b1edc4,Gosposvetska,420
b59656a4-b6e7-4b87-977c-078c59088a50,aa42017d-812a-4175-bc9b-0fec03b18931,cdabf1ea-b04c-480a-8359-72c46e6864ab,Bežigrad,270
b59656a4-b6e7-4b87-977c-078c59088a50,aa42017d-812a-4175-bc9b-0fec03b18931,c87db9be-1fba-4102-a743-0ee4317dd5af,Bavarski dvor,87
b59656a4-b6e7-4b87-977c-078c59088a50,aa42017d-812a-4175-bc9b-0fec03b18931,a719a87c-4e93-4387-a6d1-2631a487f7e0,Ajdovščina,190
b59656a4-b6e7-4b87-977c-078c59088a50,aa42017d-812a-4175-bc9b-0fec03b18931,484b5c91-1220-43ba-af79-84e712fcc46b,Slovenija avto,195
b59656a4-b6e7-4b87-977c-078c59088a50,aa42017d-812a-4175-bc9b-0fec03b18931,c87db9be-1fba-4102-a743-0ee4317dd5af,Bavarski dvor,28
b59656a4-b6e7-4b87-977c-078c59088a50,aa42017d-812a-4175-bc9b-0fec03b18931,f2b27cbd-5207-4281-8f67-6369d0c50a9b,Kodrova,36
b59656a4-b6e7-4b87-977c-078c59088a50,aa42017d-812a-4175-bc9b-0fec03b18931,f33b721f-a8a3-4aad-96f2-077da09ebaa6,Razstavišče,83
b59656a4-b6e7-4b87-977c-078c59088a50,aa42017d-812a-4175-bc9b-0fec03b18931,9bd3ee10-bc61-44e8-8cf3-a37cffd54da0,DOMŽALE kolodvor,35
b59656a4-b6e7-4b87-977c-078c59088a50,aa42017d-812a-4175-bc9b-0fec03b18931,c87db9be-1fba-4102-a743-0ee4317dd5af,Bavarski dvor,142
b59656a4-b6e7-4b87-977c-078c59088a50,aa42017d-812a-4175-bc9b-0fec03b18931,7c149b59-2bc6-45cb-95c8-69e18a0db627,Rusjanov trg,401
b59656a4-b6e7-4b87-977c-078c59088a50,aa42017d-812a-4175-bc9b-0fec03b18931,e6f5183b-c615-4f47-b4fb-204ee070e825,Bežigrad,90
b59656a4-b6e7-4b87-977c-078c59088a50,aa42017d-812a-4175-bc9b-0fec03b18931,c87db9be-1fba-4102-a743-0ee4317dd5af,Bavarski dvor,23
b59656a4-b6e7-4b87-977c-078c59088a50,aa42017d-812a-4175-bc9b-0fec03b18931,f33b721f-a8a3-4aad-96f2-077da09ebaa6,Razstavišče,548
b59656a4-b6e7-4b87-977c-078c59088a50,aa42017d-812a-4175-bc9b-0fec03b18931,5d7f28a6-2a2a-4333-aa06-48edfb652f86,Pošta,59
b59656a4-b6e7-4b87-977c-078c59088a50,aa42017d-812a-4175-bc9b-0fec03b18931,c87db9be-1fba-4102-a743-0ee4317dd5af,Bavarski dvor,62
b59656a4-b6e7-4b87-977c-078c59088a50,aa42017d-812a-4175-bc9b-0fec03b18931,8c7fa045-888b-46d0-8189-6f82623bf481,Poljanska,195
b59656a4-b6e7-4b87-977c-078c59088a50,aa42017d-812a-4175-bc9b-0fec03b18931,N/A,N/A,660
b59656a4-b6e7-4b87-977c-078c59088a50,aa42017d-812a-4175-bc9b-0fec03b18931,eb165f50-9c43-4b09-9658-469a16d3dc83,Kodeljevo,220
b59656a4-b6e7-4b87-977c-078c59088a50,aa42017d-812a-4175-bc9b-0fec03b18931,fef200e9-4d98-425b-ab14-8110e2aa85d7,Drama,16
b59656a4-b6e7-4b87-977c-078c59088a50,aa42017d-812a-4175-bc9b-0fec03b18931,35aedf45-cca3-4f2f-931b-138d29d20fe9,MEDVODE,39
b59656a4-b6e7-4b87-977c-078c59088a50,aa42017d-812a-4175-bc9b-0fec03b18931,fef200e9-4d98-425b-ab14-8110e2aa85d7,Drama,149
b59656a4-b6e7-4b87-977c-078c59088a50,aa42017d-812a-4175-bc9b-0fec03b18931,c87db9be-1fba-4102-a743-0ee4317dd5af,Bavarski dvor,332
b59656a4-b6e7-4b87-977c-078c59088a50,aa42017d-812a-4175-bc9b-0fec03b18931,a719a87c-4e93-4387-a6d1-2631a487f7e0,Ajdovščina,40
b59656a4-b6e7-4b87-977c-078c59088a50,aa42017d-812a-4175-bc9b-0fec03b18931,c87db9be-1fba-4102-a743-0ee4317dd5af,Bavarski dvor,400
b59656a4-b6e7-4b87-977c-078c59088a50,aa42017d-812a-4175-bc9b-0fec03b18931,7eb88e01-82e9-4af4-84d0-69c6ea9dc82c,Kolodvor,188
b59656a4-b6e7-4b87-977c-078c59088a50,aa42017d-812a-4175-bc9b-0fec03b18931,c87db9be-1fba-4102-a743-0ee4317dd5af,Bavarski dvor,8
b59656a4-b6e7-4b87-977c-078c59088a50,aa42017d-812a-4175-bc9b-0fec03b18931,5de84f88-3f32-4636-8c30-03cc267ecf37,Podvozna pot,173
b59656a4-b6e7-4b87-977c-078c59088a50,aa42017d-812a-4175-bc9b-0fec03b18931,0dc86a8f-0f41-44c7-978c-e06cb63cbbcf,Medvoška a.p.,89
b59656a4-b6e7-4b87-977c-078c59088a50,aa42017d-812a-4175-bc9b-0fec03b18931,5de84f88-3f32-4636-8c30-03cc267ecf37,Podvozna pot,43
b59656a4-b6e7-4b87-977c-078c59088a50,aa42017d-812a-4175-bc9b-0fec03b18931,f33b721f-a8a3-4aad-96f2-077da09ebaa6,Razstavišče,95
b59656a4-b6e7-4b87-977c-078c59088a50,aa42017d-812a-4175-bc9b-0fec03b18931,c87db9be-1fba-4102-a743-0ee4317dd5af,Bavarski dvor,524
b59656a4-b6e7-4b87-977c-078c59088a50,aa42017d-812a-4175-bc9b-0fec03b18931,86a75ffc-a78f-401f-8991-2eb0371417b2,Studenec,435
b59656a4-b6e7-4b87-977c-078c59088a50,aa42017d-812a-4175-bc9b-0fec03b18931,e6f5183b-c615-4f47-b4fb-204ee070e825,Bežigrad,72
b59656a4-b6e7-4b87-977c-078c59088a50,aa42017d-812a-4175-bc9b-0fec03b18931,f4cfd904-bd11-4247-95df-32c4555a930f,Klinični center,213
b59656a4-b6e7-4b87-977c-078c59088a50,aa42017d-812a-4175-bc9b-0fec03b18931,dfde6478-02b5-471b-a470-29cb0e84542f,Slovenija avto,165
b59656a4-b6e7-4b87-977c-078c59088a50,aa42017d-812a-4175-bc9b-0fec03b18931,c297ac70-8f43-4fbc-a8a4-366ddb883a8d,Bonifacija,81
b59656a4-b6e7-4b87-977c-078c59088a50,aa42017d-812a-4175-bc9b-0fec03b18931,a0b1fb90-3f6a-4231-910a-18be192ac762,Flajšmanova,312
b59656a4-b6e7-4b87-977c-078c59088a50,aa42017d-812a-4175-bc9b-0fec03b18931,c87db9be-1fba-4102-a743-0ee4317dd5af,Bavarski dvor,66
b59656a4-b6e7-4b87-977c-078c59088a50,aa42017d-812a-4175-bc9b-0fec03b18931,1ce1c3a8-e0f6-4f90-b1aa-1448759d8b3c,Astra,235
b59656a4-b6e7-4b87-977c-078c59088a50,aa42017d-812a-4175-bc9b-0fec03b18931,eb165f50-9c43-4b09-9658-469a16d3dc83,Kodeljevo,16
b59656a4-b6e7-4b87-977c-078c59088a50,aa42017d-812a-4175-bc9b-0fec03b18931,023d7b7a-b411-4e61-8746-b07f9e5c8f90,Ambrožev trg,338
b59656a4-b6e7-4b87-977c-078c59088a50,aa42017d-812a-4175-bc9b-0fec03b18931,f4cfd904-bd11-4247-95df-32c4555a930f,Klinični center,43
b59656a4-b6e7-4b87-977c-078c59088a50,aa42017d-812a-4175-bc9b-0fec03b18931,717dda7e-d793-4697-8f60-b64ee8b1edc4,Gosposvetska,406
b59656a4-b6e7-4b87-977c-078c59088a50,aa42017d-812a-4175-bc9b-0fec03b18931,484b5c91-1220-43ba-af79-84e712fcc46b,Slovenija avto,45
b59656a4-b6e7-4b87-977c-078c59088a50,aa42017d-812a-4175-bc9b-0fec03b18931,769b7bc7-4f95-4bb2-9c99-37ba8e8b4bd5,D. MOST P+R,57
b59656a4-b6e7-4b87-977c-078c59088a50,aa42017d-812a-4175-bc9b-0fec03b18931,f33b721f-a8a3-4aad-96f2-077da09ebaa6,Razstavišče,158
b59656a4-b6e7-4b87-977c-078c59088a50,aa42017d-812a-4175-bc9b-0fec03b18931,4ca7ae7e-380b-45e3-81de-00ffab5bb531,Yulon,8
b59656a4-b6e7-4b87-977c-078c59088a50,aa42017d-812a-4175-bc9b-0fec03b18931,cdabf1ea-b04c-480a-8359-72c46e6864ab,Bežigrad,33
b59656a4-b6e7-4b87-977c-078c59088a50,aa42017d-812a-4175-bc9b-0fec03b18931,c87db9be-1fba-4102-a743-0ee4317dd5af,Bavarski dvor,525
b59656a4-b6e7-4b87-977c-078c59088a50,aa42017d-812a-4175-bc9b-0fec03b18931,9a1c4c65-df77-481f-87ad-56143f02a864,Vižmarje,510
b59656a4-b6e7-4b87-977c-078c59088a50,aa42017d-812a-4175-bc9b-0fec03b18931,c87db9be-1fba-4102-a743-0ee4317dd5af,Bavarski dvor,79
b59656a4-b6e7-4b87-977c-078c59088a50,aa42017d-812a-4175-bc9b-0fec03b18931,a719a87c-4e93-4387-a6d1-2631a487f7e0,Ajdovščina,5
b59656a4-b6e7-4b87-977c-078c59088a50,aa42017d-812a-4175-bc9b-0fec03b18931,295616c0-387b-4f60-a337-7743cd6be04e,Bavarski dvor,148
b59656a4-b6e7-4b87-977c-078c59088a50,aa42017d-812a-4175-bc9b-0fec03b18931,fef200e9-4d98-425b-ab14-8110e2aa85d7,Drama,91
b59656a4-b6e7-4b87-977c-078c59088a50,aa42017d-812a-4175-bc9b-0fec03b18931,c87db9be-1fba-4102-a743-0ee4317dd5af,Bavarski dvor,121
b59656a4-b6e7-4b87-977c-078c59088a50,aa42017d-812a-4175-bc9b-0fec03b18931,7c149b59-2bc6-45cb-95c8-69e18a0db627,Rusjanov trg,128
b59656a4-b6e7-4b87-977c-078c59088a50,aa42017d-812a-4175-bc9b-0fec03b18931,c87db9be-1fba-4102-a743-0ee4317dd5af,Bavarski dvor,30
b59656a4-b6e7-4b87-977c-078c59088a50,aa42017d-812a-4175-bc9b-0fec03b18931,N/A,N/A,660
b59656a4-b6e7-4b87-977c-078c59088a50,aa42017d-812a-4175-bc9b-0fec03b18931,a719a87c-4e93-4387-a6d1-2631a487f7e0,Ajdovščina,232
b59656a4-b6e7-4b87-977c-078c59088a50,aa42017d-812a-4175-bc9b-0fec03b18931,cdabf1ea-b04c-480a-8359-72c46e6864ab,Bežigrad,181
b59656a4-b6e7-4b87-977c-078c59088a50,aa42017d-812a-4175-bc9b-0fec03b18931,N/A,N/A,660
b59656a4-b6e7-4b87-977c-078c59088a50,aa42017d-812a-4175-bc9b-0fec03b18931,f33b721f-a8a3-4aad-96f2-077da09ebaa6,Razstavišče,14
b59656a4-b6e7-4b87-977c-078c59088a50,aa42017d-812a-4175-bc9b-0fec03b18931,295616c0-387b-4f60-a337-7743cd6be04e,Bavarski dvor,278
b59656a4-b6e7-4b87-977c-078c59088a50,aa42017d-812a-4175-bc9b-0fec03b18931,81f21fc1-3bd2-4d2a-b563-2d063479c68e,Štepanja vas,72
b59656a4-b6e7-4b87-977c-078c59088a50,aa42017d-812a-4175-bc9b-0fec03b18931,7fa32ea0-e884-435a-a81c-51bbd5cedf3e,Zaloška,72
b59656a4-b6e7-4b87-977c-078c59088a50,aa42017d-812a-4175-bc9b-0fec03b18931,295616c0-387b-4f60-a337-7743cd6be04e,Bavarski dvor,12
b59656a4-b6e7-4b87-977c-078c59088a50,aa42017d-812a-4175-bc9b-0fec03b18931,484b5c91-1220-43ba-af79-84e712fcc46b,Slovenija avto,342
b59656a4-b6e7-4b87-977c-078c59088a50,aa42017d-812a-4175-bc9b-0fec03b18931,c87db9be-1fba-4102-a743-0ee4317dd5af,Bavarski dvor,237
b59656a4-b6e7-4b87-977c-078c59088a50,aa42017d-812a-4175-bc9b-0fec03b18931,e6f5183b-c615-4f47-b4fb-204ee070e825,Bežigrad,133
b59656a4-b6e7-4b87-977c-078c59088a50,aa42017d-812a-4175-bc9b-0fec03b18931,fef200e9-4d98-425b-ab14-8110e2aa85d7,Drama,31
b59656a4-b6e7-4b87-977c-078c59088a50,aa42017d-812a-4175-bc9b-0fec03b18931,717dda7e-d793-4697-8f60-b64ee8b1edc4,Gosposvetska,257
b59656a4-b6e7-4b87-977c-078c59088a50,aa42017d-812a-4175-bc9b-0fec03b18931,f14a6236-8af2-47bf-9270-432377662a63,Viadukt,134
b59656a4-b6e7-4b87-977c-078c59088a50,aa42017d-812a-4175-bc9b-0fec03b18931,N/A,N/A,660
b59656a4-b6e7-4b87-977c-078c59088a50,aa42017d-812a-4175-bc9b-0fec03b18931,7484317c-269f-425f-8118-23eedab4e5f1,Tivoli,195
b59656a4-b6e7-4b87-977c-078c59088a50,aa42017d-812a-4175-bc9b-0fec03b18931,aa42017d-812a-4175-bc9b-0fec03b18931,Ambrožev trg,202
b59656a4-b6e7-4b87-977c-078c59088a50,aa42017d-812a-4175-bc9b-0fec03b18931,1ce1c3a8-e0f6-4f90-b1aa-1448759d8b3c,Astra,294
b59656a4-b6e7-4b87-977c-078c59088a50,aa42017d-812a-4175-bc9b-0fec03b18931,aa42017d-812a-4175-bc9b-0fec03b18931,Ambrožev trg,47
b59656a4-b6e7-4b87-977c-078c59088a50,aa42017d-812a-4175-bc9b-0fec03b18931,fef200e9-4d98-425b-ab14-8110e2aa85d7,Drama,528
b59656a4-b6e7-4b87-977c-078c59088a50,aa42017d-812a-4175-bc9b-0fec03b18931,484b5c91-1220-43ba-af79-84e712fcc46b,Slovenija avto,168
b59656a4-b6e7-4b87-977c-078c59088a50,aa42017d-812a-4175-bc9b-0fec03b18931,a719a87c-4e93-4387-a6d1-2631a487f7e0,Ajdovščina,85
b59656a4-b6e7-4b87-977c-078c59088a50,aa42017d-812a-4175-bc9b-0fec03b18931,295616c0-387b-4f60-a337-7743cd6be04e,Bavarski dvor,322
b59656a4-b6e7-4b87-977c-078c59088a50,aa42017d-812a-4175-bc9b-0fec03b18931,484b5c91-1220-43ba-af79-84e712fcc46b,Slovenija avto,440
b59656a4-b6e7-4b87-977c-078c59088a50,aa42017d-812a-4175-bc9b-0fec03b18931,38b3abed-0592-407b-96c3-85a026f2e192,Dalmatinova,421
b59656a4-b6e7-4b87-977c-078c59088a50,aa42017d-812a-4175-bc9b-0fec03b18931,c87db9be-1fba-4102-a743-0ee4317dd5af,Bavarski dvor,97
b59656a4-b6e7-4b87-977c-078c59088a50,aa42017d-812a-4175-bc9b-0fec03b18931,a2ce7e6f-0f99-443a-a973-81a0b9c60261,Astra,22
b59656a4-b6e7-4b87-977c-078c59088a50,aa42017d-812a-4175-bc9b-0fec03b18931,5d7f28a6-2a2a-4333-aa06-48edfb652f86,Pošta,227
b59656a4-b6e7-4b87-977c-078c59088a50,aa42017d-812a-4175-bc9b-0fec03b18931,c87db9be-1fba-4102-a743-0ee4317dd5af,Bavarski dvor,216
b59656a4-b6e7-4b87-977c-078c59088a50,aa42017d-812a-4175-bc9b-0fec03b18931,e6f5183b-c615-4f47-b4fb-204ee070e825,Bežigrad,292
b59656a4-b6e7-4b87-977c-078c59088a50,aa42017d-812a-4175-bc9b-0fec03b18931,88cdd36c-03d2-4374-a22f-110dd9f75ea0,Kajuhova,25
b59656a4-b6e7-4b87-977c-078c59088a50,aa42017d-812a-4175-bc9b-0fec03b18931,295616c0-387b-4f60-a337-7743cd6be04e,Bavarski dvor,316
b59656a4-b6e7-4b87-977c-078c59088a50,aa42017d-812a-4175-bc9b-0fec03b18931,c22879e5-8e90-4540-9a74-5f139208e492,Friškovec,294
b59656a4-b6e7-4b87-977c-078c59088a50,aa42017d-812a-4175-bc9b-0fec03b18931,f2b27cbd-5207-4281-8f67-6369d0c50a9b,Kodrova,209
b59656a4-b6e7-4b87-977c-078c59088a50,aa42017d-812a-4175-bc9b-0fec03b18931,295616c0-387b-4f60-a337-7743cd6be04e,Bavarski dvor,91
b59656a4-b6e7-4b87-977c-078c59088a50,aa42017d-812a-4175-bc9b-0fec03b18931,5d7f28a6-2a2a-4333-aa06-48edfb652f86,Pošta,57
b59656a4-b6e7-4b87-977c-078c59088a50,aa42017d-812a-4175-bc9b-0fec03b18931,6a89c110-a0f8-4b1a-87f0-33f49c0a658e,Šola Jarše,7
b59656a4-b6e7-4b87-977c-078c59088a50,aa42017d-812a-4175-bc9b-0fec03b18931,295616c0-387b-4f60-a337-7743cd6be04e,Bavarski dvor,430
b59656a4-b6e7-4b87-977c-078c59088a50,aa42017d-812a-4175-bc9b-0fec03b18931,05643914-8ff7-4064-8737-2761d44a083f,Tabor,20
b59656a4-b6e7-4b87-977c-078c59088a50,aa42017d-812a-4175-bc9b-0fec03b18931,c87db9be-1fba-4102-a743-0ee4317dd5af,Bavarski dvor,13
b59656a4-b6e7-4b87-977c-078c59088a50,aa42017d-812a-4175-bc9b-0fec03b18931,c87db9be-1fba-4102-a743-0ee4317dd5af,Bavarski dvor,513
b59656a4-b6e7-4b87-977c-078c59088a50,aa42017d-812a-4175-bc9b-0fec03b18931,a719a87c-4e93-4387-a6d1-2631a487f7e0,Ajdovščina,377
b59656a4-b6e7-4b87-977c-078c59088a50,aa42017d-812a-4175-bc9b-0fec03b18931,295616c0-387b-4f60-a337-7743cd6be04e,Bavarski dvor,225
b59656a4-b6e7-4b87-977c-078c59088a50,aa42017d-812a-4175-bc9b-0fec03b18931,c87db9be-1fba-4102-a743-0ee4317dd5af,Bavarski dvor,29
b59656a4-b6e7-4b87-977c-078c59088a50,aa42017d-812a-4175-bc9b-0fec03b18931,fef200e9-4d98-425b-ab14-8110e2aa85d7,Drama,234
b59656a4-b6e7-4b87-977c-078c59088a50,aa42017d-812a-4175-bc9b-0fec03b18931,4ca7ae7e-380b-45e3-81de-00ffab5bb531,Yulon,136
b59656a4-b6e7-4b87-977c-078c59088a50,aa42017d-812a-4175-bc9b-0fec03b18931,717dda7e-d793-4697-8f60-b64ee8b1edc4,Gosposvetska,105
b59656a4-b6e7-4b87-977c-078c59088a50,aa42017d-812a-4175-bc9b-0fec03b18931,0be237aa-4b91-4d2b-ac23-0cebac975a0d,Cankarjev dom,166
b59656a4-b6e7-4b87-977c-078c59088a50,aa42017d-812a-4175-bc9b-0fec03b18931,295616c0-387b-4f60-a337-7743cd6be04e,Bavarski dvor,198
b59656a4-b6e7-4b87-977c-078c59088a50,aa42017d-812a-4175-bc9b-0fec03b18931,295616c0-387b-4f60-a337-7743cd6be04e,Bavarski dvor,306
b59656a4-b6e7-4b87-977c-078c59088a50,aa42017d-812a-4175-bc9b-0fec03b18931,f33b721f-a8a3-4aad-96f2-077da09ebaa6,Razstavišče,58
b59656a4-b6e7-4b87-977c-078c59088a50,aa42017d-812a-4175-bc9b-0fec03b18931,c87db9be-1fba-4102-a743-0ee4317dd5af,Bavarski dvor,15
b59656a4-b6e7-4b87-977c-078c59088a50,aa42017d-812a-4175-bc9b-0fec03b18931,c87db9be-1fba-4102-a743-0ee4317dd5af,Bavarski dvor,155
b59656a4-b6e7-4b87-977c-078c59088a50,aa42017d-812a-4175-bc9b-0fec03b18931,9b0074d2-2c92-4c01-830b-00be8e05b412,Cukrarna,86
b59656a4-b6e7-4b87-977c-078c59088a50,aa42017d-812a-4175-bc9b-0fec03b18931,c87db9be-1fba-4102-a743-0ee4317dd5af,Bavarski dvor,184
b59656a4-b6e7-4b87-977c-078c59088a50,aa42017d-812a-4175-bc9b-0fec03b18931,295616c0-387b-4f60-a337-7743cd6be04e,Bavarski dvor,278
b59656a4-b6e7-4b87-977c-078c59088a50,aa42017d-812a-4175-bc9b-0fec03b18931,223f660b-c391-4120-bf3c-7bf06781686b,Tovorni kolodvor,43
b59656a4-b6e7-4b87-977c-078c59088a50,aa42017d-812a-4175-bc9b-0fec03b18931,7bcbdcaa-00b9-47d4-8982-09da26cd7bcb,Zaloška,227
b59656a4-b6e7-4b87-977c-078c59088a50,aa42017d-812a-4175-bc9b-0fec03b18931,295616c0-387b-4f60-a337-7743cd6be04e,Bavarski dvor,13
b59656a4-b6e7-4b87-977c-078c59088a50,aa42017d-812a-4175-bc9b-0fec03b18931,c87db9be-1fba-4102-a743-0ee4317dd5af,Bavarski dvor,282
b59656a4-b6e7-4b87-977c-078c59088a50,aa42017d-812a-4175-bc9b-0fec03b18931,c5ec5e81-2ce4-452d-bd7a-595de4f8b34f,Prušnikova,150
b59656a4-b6e7-4b87-977c-078c59088a50,aa42017d-812a-4175-bc9b-0fec03b18931,c87db9be-1fba-4102-a743-0ee4317dd5af,Bavarski dvor,164
b59656a4-b6e7-4b87-977c-078c59088a50,aa42017d-812a-4175-bc9b-0fec03b18931,4038e02e-f22f-4af0-ba4f-7aab855b53af,Kneza Koclja,84
b59656a4-b6e7-4b87-977c-078c59088a50,aa42017d-812a-4175-bc9b-0fec03b18931,717dda7e-d793-4697-8f60-b64ee8b1edc4,Gosposvetska,421
b59656a4-b6e7-4b87-977c-078c59088a50,aa42017d-812a-4175-bc9b-0fec03b18931,295616c0-387b-4f60-a337-7743cd6be04e,Bavarski dvor,25
b59656a4-b6e7-4b87-977c-078c59088a50,aa42017d-812a-4175-bc9b-0fec03b18931,a0e0a21b-b8ce-4d76-bbc2-04e179367fee,Šola Jarše,18
b59656a4-b6e7-4b87-977c-078c59088a50,aa42017d-812a-4175-bc9b-0fec03b18931,295616c0-387b-4f60-a337-7743cd6be04e,Bavarski dvor,137
b59656a4-b6e7-4b87-977c-078c59088a50,aa42017d-812a-4175-bc9b-0fec03b18931,5d7f28a6-2a2a-4333-aa06-48edfb652f86,Pošta,100
b59656a4-b6e7-4b87-977c-078c59088a50,aa42017d-812a-4175-bc9b-0fec03b18931,c87db9be-1fba-4102-a743-0ee4317dd5af,Bavarski dvor,16
b59656a4-b6e7-4b87-977c-078c59088a50,aa42017d-812a-4175-bc9b-0fec03b18931,5d7f28a6-2a2a-4333-aa06-48edfb652f86,Pošta,38
b59656a4-b6e7-4b87-977c-078c59088a50,aa42017d-812a-4175-bc9b-0fec03b18931,5d7f28a6-2a2a-4333-aa06-48edfb652f86,Pošta,44
b59656a4-b6e7-4b87-977c-078c59088a50,aa42017d-812a-4175-bc9b-0fec03b18931,a719a87c-4e93-4387-a6d1-2631a487f7e0,Ajdovščina,79
b59656a4-b6e7-4b87-977c-078c59088a50,aa42017d-812a-4175-bc9b-0fec03b18931,c87db9be-1fba-4102-a743-0ee4317dd5af,Bavarski dvor,74
b59656a4-b6e7-4b87-977c-078c59088a50,aa42017d-812a-4175-bc9b-0fec03b18931,c87db9be-1fba-4102-a743-0ee4317dd5af,Bavarski dvor,137
b59656a4-b6e7-4b87-977c-078c59088a50,aa42017d-812a-4175-bc9b-0fec03b18931,fef200e9-4d98-425b-ab14-8110e2aa85d7,Drama,217
b59656a4-b6e7-4b87-977c-078c59088a50,aa42017d-812a-4175-bc9b-0fec03b18931,48b163cd-b819-4849-aee1-8b1da77657ab,Šentvid,12
b59656a4-b6e7-4b87-977c-078c59088a50,aa42017d-812a-4175-bc9b-0fec03b18931,5d7f28a6-2a2a-4333-aa06-48edfb652f86,Pošta,271
b59656a4-b6e7-4b87-977c-078c59088a50,aa42017d-812a-4175-bc9b-0fec03b18931,a0e0a21b-b8ce-4d76-bbc2-04e179367fee,Šola Jarše,215
b59656a4-b6e7-4b87-977c-078c59088a50,aa42017d-812a-4175-bc9b-0fec03b18931,fef200e9-4d98-425b-ab14-8110e2aa85d7,Drama,127
b59656a4-b6e7-4b87-977c-078c59088a50,aa42017d-812a-4175-bc9b-0fec03b18931,295616c0-387b-4f60-a337-7743cd6be04e,Bavarski dvor,213
b59656a4-b6e7-4b87-977c-078c59088a50,aa42017d-812a-4175-bc9b-0fec03b18931,5d7f28a6-2a2a-4333-aa06-48edfb652f86,Pošta,338
b59656a4-b6e7-4b87-977c-078c59088a50,aa42017d-812a-4175-bc9b-0fec03b18931,295616c0-387b-4f60-a337-7743cd6be04e,Bavarski dvor,79
b59656a4-b6e7-4b87-977c-078c59088a50,aa42017d-812a-4175-bc9b-0fec03b18931,295616c0-387b-4f60-a337-7743cd6be04e,Bavarski dvor,271
b59656a4-b6e7-4b87-977c-078c59088a50,aa42017d-812a-4175-bc9b-0fec03b18931,5d7f28a6-2a2a-4333-aa06-48edfb652f86,Pošta,17
b59656a4-b6e7-4b87-977c-078c59088a50,aa42017d-812a-4175-bc9b-0fec03b18931,a2ce7e6f-0f99-443a-a973-81a0b9c60261,Astra,108
b59656a4-b6e7-4b87-977c-078c59088a50,aa42017d-812a-4175-bc9b-0fec03b18931,295616c0-387b-4f60-a337-7743cd6be04e,Bavarski dvor,555
b59656a4-b6e7-4b87-977c-078c59088a50,aa42017d-812a-4175-bc9b-0fec03b18931,a0e0a21b-b8ce-4d76-bbc2-04e179367fee,Šola Jarše,488
b59656a4-b6e7-4b87-977c-078c59088a50,aa42017d-812a-4175-bc9b-0fec03b18931,c87db9be-1fba-4102-a743-0ee4317dd5af,Bavarski dvor,118
b59656a4-b6e7-4b87-977c-078c59088a50,aa42017d-812a-4175-bc9b-0fec03b18931,454817d3-3750-49c7-994c-14d06fd2c634,Žale,244
b59656a4-b6e7-4b87-977c-078c59088a50,aa42017d-812a-4175-bc9b-0fec03b18931,295616c0-387b-4f60-a337-7743cd6be04e,Bavarski dvor,354
b59656a4-b6e7-4b87-977c-078c59088a50,aa42017d-812a-4175-bc9b-0fec03b18931,295616c0-387b-4f60-a337-7743cd6be04e,Bavarski dvor,196
b59656a4-b6e7-4b87-977c-078c59088a50,aa42017d-812a-4175-bc9b-0fec03b18931,f33b721f-a8a3-4aad-96f2-077da09ebaa6,Razstavišče,67
b59656a4-b6e7-4b87-977c-078c59088a50,aa42017d-812a-4175-bc9b-0fec03b18931,98fa3880-5936-4ec8-ba04-39c7ff9a0e6a,Stara cerkev,273
b59656a4-b6e7-4b87-977c-078c59088a50,aa42017d-812a-4175-bc9b-0fec03b18931,c87db9be-1fba-4102-a743-0ee4317dd5af,Bavarski dvor,70
b59656a4-b6e7-4b87-977c-078c59088a50,aa42017d-812a-4175-bc9b-0fec03b18931,5d7f28a6-2a2a-4333-aa06-48edfb652f86,Pošta,196
b59656a4-b6e7-4b87-977c-078c59088a50,aa42017d-812a-4175-bc9b-0fec03b18931,a0e0a21b-b8ce-4d76-bbc2-04e179367fee,Šola Jarše,94
b59656a4-b6e7-4b87-977c-078c59088a50,aa42017d-812a-4175-bc9b-0fec03b18931,a719a87c-4e93-4387-a6d1-2631a487f7e0,Ajdovščina,50
b59656a4-b6e7-4b87-977c-078c59088a50,aa42017d-812a-4175-bc9b-0fec03b18931,a719a87c-4e93-4387-a6d1-2631a487f7e0,Ajdovščina,14
b59656a4-b6e7-4b87-977c-078c59088a50,aa42017d-812a-4175-bc9b-0fec03b18931,c87db9be-1fba-4102-a743-0ee4317dd5af,Bavarski dvor,107
b59656a4-b6e7-4b87-977c-078c59088a50,aa42017d-812a-4175-bc9b-0fec03b18931,c22879e5-8e90-4540-9a74-5f139208e492,Friškovec,351
b59656a4-b6e7-4b87-977c-078c59088a50,aa42017d-812a-4175-bc9b-0fec03b18931,c87db9be-1fba-4102-a743-0ee4317dd5af,Bavarski dvor,368
b59656a4-b6e7-4b87-977c-078c59088a50,aa42017d-812a-4175-bc9b-0fec03b18931,a719a87c-4e93-4387-a6d1-2631a487f7e0,Ajdovščina,210
b59656a4-b6e7-4b87-977c-078c59088a50,aa42017d-812a-4175-bc9b-0fec03b18931,093afa81-b65f-4182-bac3-afbc00558a9b,Koseze,83
b59656a4-b6e7-4b87-977c-078c59088a50,aa42017d-812a-4175-bc9b-0fec03b18931,295616c0-387b-4f60-a337-7743cd6be04e,Bavarski dvor,150
b59656a4-b6e7-4b87-977c-078c59088a50,aa42017d-812a-4175-bc9b-0fec03b18931,484b5c91-1220-43ba-af79-84e712fcc46b,Slovenija avto,259
b59656a4-b6e7-4b87-977c-078c59088a50,aa42017d-812a-4175-bc9b-0fec03b18931,c87db9be-1fba-4102-a743-0ee4317dd5af,Bavarski dvor,263
b59656a4-b6e7-4b87-977c-078c59088a50,aa42017d-812a-4175-bc9b-0fec03b18931,c87db9be-1fba-4102-a743-0ee4317dd5af,Bavarski dvor,228
b59656a4-b6e7-4b87-977c-078c59088a50,aa42017d-812a-4175-bc9b-0fec03b18931,c87db9be-1fba-4102-a743-0ee4317dd5af,Bavarski dvor,225
b59656a4-b6e7-4b87-977c-078c59088a50,aa42017d-812a-4175-bc9b-0fec03b18931,5d7f28a6-2a2a-4333-aa06-48edfb652f86,Pošta,124
b59656a4-b6e7-4b87-977c-078c59088a50,aa42017d-812a-4175-bc9b-0fec03b18931,c87db9be-1fba-4102-a743-0ee4317dd5af,Bavarski dvor,46
b59656a4-b6e7-4b87-977c-078c59088a50,aa42017d-812a-4175-bc9b-0fec03b18931,c87db9be-1fba-4102-a743-0ee4317dd5af,Bavarski dvor,38
b59656a4-b6e7-4b87-977c-078c59088a50,aa42017d-812a-4175-bc9b-0fec03b18931,fef200e9-4d98-425b-ab14-8110e2aa85d7,Drama,167
b59656a4-b6e7-4b87-977c-078c59088a50,aa42017d-812a-4175-bc9b-0fec03b18931,a719a87c-4e93-4387-a6d1-2631a487f7e0,Ajdovščina,90
b59656a4-b6e7-4b87-977c-078c59088a50,aa42017d-812a-4175-bc9b-0fec03b18931,fef200e9-4d98-425b-ab14-8110e2aa85d7,Drama,215
b59656a4-b6e7-4b87-977c-078c59088a50,aa42017d-812a-4175-bc9b-0fec03b18931,5d7f28a6-2a2a-4333-aa06-48edfb652f86,Pošta,195
b59656a4-b6e7-4b87-977c-078c59088a50,aa42017d-812a-4175-bc9b-0fec03b18931,21764d19-62cc-49fd-bac9-403aeac6a6b9,Ježica,129
b59656a4-b6e7-4b87-977c-078c59088a50,aa42017d-812a-4175-bc9b-0fec03b18931,023d7b7a-b411-4e61-8746-b07f9e5c8f90,Ambrožev trg,110
b59656a4-b6e7-4b87-977c-078c59088a50,aa42017d-812a-4175-bc9b-0fec03b18931,717dda7e-d793-4697-8f60-b64ee8b1edc4,Gosposvetska,72
b59656a4-b6e7-4b87-977c-078c59088a50,aa42017d-812a-4175-bc9b-0fec03b18931,5d7f28a6-2a2a-4333-aa06-48edfb652f86,Pošta,345
b59656a4-b6e7-4b87-977c-078c59088a50,aa42017d-812a-4175-bc9b-0fec03b18931,a719a87c-4e93-4387-a6d1-2631a487f7e0,Ajdovščina,300
b59656a4-b6e7-4b87-977c-078c59088a50,aa42017d-812a-4175-bc9b-0fec03b18931,N/A,N/A,660
b59656a4-b6e7-4b87-977c-078c59088a50,aa42017d-812a-4175-bc9b-0fec03b18931,f33b721f-a8a3-4aad-96f2-077da09ebaa6,Razstavišče,74
b59656a4-b6e7-4b87-977c-078c59088a50,aa42017d-812a-4175-bc9b-0fec03b18931,fef200e9-4d98-425b-ab14-8110e2aa85d7,Drama,156
b59656a4-b6e7-4b87-977c-078c59088a50,aa42017d-812a-4175-bc9b-0fec03b18931,N/A,N/A,660
b59656a4-b6e7-4b87-977c-078c59088a50,aa42017d-812a-4175-bc9b-0fec03b18931,a2ce7e6f-0f99-443a-a973-81a0b9c60261,Astra,133
b59656a4-b6e7-4b87-977c-078c59088a50,aa42017d-812a-4175-bc9b-0fec03b18931,fef200e9-4d98-425b-ab14-8110e2aa85d7,Drama,94
b59656a4-b6e7-4b87-977c-078c59088a50,aa42017d-812a-4175-bc9b-0fec03b18931,a719a87c-4e93-4387-a6d1-2631a487f7e0,Ajdovščina,16
b59656a4-b6e7-4b87-977c-078c59088a50,aa42017d-812a-4175-bc9b-0fec03b18931,223f660b-c391-4120-bf3c-7bf06781686b,Tovorni kolodvor,68
b59656a4-b6e7-4b87-977c-078c59088a50,aa42017d-812a-4175-bc9b-0fec03b18931,295616c0-387b-4f60-a337-7743cd6be04e,Bavarski dvor,92
b59656a4-b6e7-4b87-977c-078c59088a50,aa42017d-812a-4175-bc9b-0fec03b18931,a0b1fb90-3f6a-4231-910a-18be192ac762,Flajšmanova,91
b59656a4-b6e7-4b87-977c-078c59088a50,aa42017d-812a-4175-bc9b-0fec03b18931,484b5c91-1220-43ba-af79-84e712fcc46b,Slovenija avto,157
b59656a4-b6e7-4b87-977c-078c59088a50,aa42017d-812a-4175-bc9b-0fec03b18931,7fad8003-fb10-489d-bf8d-6d433310ad90,Nove Jarše,513
b59656a4-b6e7-4b87-977c-078c59088a50,aa42017d-812a-4175-bc9b-0fec03b18931,48507e1a-32df-4552-9448-3b345760b75f,Cesta na Vevče,55
b59656a4-b6e7-4b87-977c-078c59088a50,aa42017d-812a-4175-bc9b-0fec03b18931,a719a87c-4e93-4387-a6d1-2631a487f7e0,Ajdovščina,122
b59656a4-b6e7-4b87-977c-078c59088a50,aa42017d-812a-4175-bc9b-0fec03b18931,7eb88e01-82e9-4af4-84d0-69c6ea9dc82c,Kolodvor,88
b59656a4-b6e7-4b87-977c-078c59088a50,aa42017d-812a-4175-bc9b-0fec03b18931,cdabf1ea-b04c-480a-8359-72c46e6864ab,Bežigrad,67
b59656a4-b6e7-4b87-977c-078c59088a50,aa42017d-812a-4175-bc9b-0fec03b18931,295616c0-387b-4f60-a337-7743cd6be04e,Bavarski dvor,240
b59656a4-b6e7-4b87-977c-078c59088a50,aa42017d-812a-4175-bc9b-0fec03b18931,9e109242-5aad-4fb7-b0c8-576eef8aa4e0,VEVČE,203
b59656a4-b6e7-4b87-977c-078c59088a50,aa42017d-812a-4175-bc9b-0fec03b18931,379bc761-04b5-4227-be76-3b870fe3e69f,Pot na Fužine,172
b59656a4-b6e7-4b87-977c-078c59088a50,aa42017d-812a-4175-bc9b-0fec03b18931,c87db9be-1fba-4102-a743-0ee4317dd5af,Bavarski dvor,332
b59656a4-b6e7-4b87-977c-078c59088a50,aa42017d-812a-4175-bc9b-0fec03b18931,aa42017d-812a-4175-bc9b-0fec03b18931,Ambrožev trg,191
b59656a4-b6e7-4b87-977c-078c59088a50,aa42017d-812a-4175-bc9b-0fec03b18931,a2ce7e6f-0f99-443a-a973-81a0b9c60261,Astra,71
b59656a4-b6e7-4b87-977c-078c59088a50,aa42017d-812a-4175-bc9b-0fec03b18931,a719a87c-4e93-4387-a6d1-2631a487f7e0,Ajdovščina,99
b59656a4-b6e7-4b87-977c-078c59088a50,aa42017d-812a-4175-bc9b-0fec03b18931,717dda7e-d793-4697-8f60-b64ee8b1edc4,Gosposvetska,157
b59656a4-b6e7-4b87-977c-078c59088a50,aa42017d-812a-4175-bc9b-0fec03b18931,592b37eb-8255-4758-ae8a-7cef98521013,Rogovilc,70
b59656a4-b6e7-4b87-977c-078c59088a50,aa42017d-812a-4175-bc9b-0fec03b18931,295616c0-387b-4f60-a337-7743cd6be04e,Bavarski dvor,228
b59656a4-b6e7-4b87-977c-078c59088a50,aa42017d-812a-4175-bc9b-0fec03b18931,f33b721f-a8a3-4aad-96f2-077da09ebaa6,Razstavišče,121
b59656a4-b6e7-4b87-977c-078c59088a50,aa42017d-812a-4175-bc9b-0fec03b18931,fef200e9-4d98-425b-ab14-8110e2aa85d7,Drama,344
b59656a4-b6e7-4b87-977c-078c59088a50,aa42017d-812a-4175-bc9b-0fec03b18931,c87db9be-1fba-4102-a743-0ee4317dd5af,Bavarski dvor,380
b59656a4-b6e7-4b87-977c-078c59088a50,aa42017d-812a-4175-bc9b-0fec03b18931,fef200e9-4d98-425b-ab14-8110e2aa85d7,Drama,332
b59656a4-b6e7-4b87-977c-078c59088a50,aa42017d-812a-4175-bc9b-0fec03b18931,5d7f28a6-2a2a-4333-aa06-48edfb652f86,Pošta,438
b59656a4-b6e7-4b87-977c-078c59088a50,aa42017d-812a-4175-bc9b-0fec03b18931,fef200e9-4d98-425b-ab14-8110e2aa85d7,Drama,23
b59656a4-b6e7-4b87-977c-078c59088a50,aa42017d-812a-4175-bc9b-0fec03b18931,c87db9be-1fba-4102-a743-0ee4317dd5af,Bavarski dvor,42
b59656a4-b6e7-4b87-977c-078c59088a50,aa42017d-812a-4175-bc9b-0fec03b18931,295616c0-387b-4f60-a337-7743cd6be04e,Bavarski dvor,40
b59656a4-b6e7-4b87-977c-078c59088a50,aa42017d-812a-4175-bc9b-0fec03b18931,c87db9be-1fba-4102-a743-0ee4317dd5af,Bavarski dvor,39
b59656a4-b6e7-4b87-977c-078c59088a50,aa42017d-812a-4175-bc9b-0fec03b18931,c87db9be-1fba-4102-a743-0ee4317dd5af,Bavarski dvor,288
b59656a4-b6e7-4b87-977c-078c59088a50,aa42017d-812a-4175-bc9b-0fec03b18931,a719a87c-4e93-4387-a6d1-2631a487f7e0,Ajdovščina,126
b59656a4-b6e7-4b87-977c-078c59088a50,aa42017d-812a-4175-bc9b-0fec03b18931,5d7f28a6-2a2a-4333-aa06-48edfb652f86,Pošta,10
b59656a4-b6e7-4b87-977c-078c59088a50,aa42017d-812a-4175-bc9b-0fec03b18931,e6f5183b-c615-4f47-b4fb-204ee070e825,Bežigrad,46
b59656a4-b6e7-4b87-977c-078c59088a50,aa42017d-812a-4175-bc9b-0fec03b18931,c87db9be-1fba-4102-a743-0ee4317dd5af,Bavarski dvor,240
b59656a4-b6e7-4b87-977c-078c59088a50,aa42017d-812a-4175-bc9b-0fec03b18931,9cfac7e2-9653-4e52-a6d3-27756d27f817,Kino Šiška,8
b59656a4-b6e7-4b87-977c-078c59088a50,aa42017d-812a-4175-bc9b-0fec03b18931,fef200e9-4d98-425b-ab14-8110e2aa85d7,Drama,414
b59656a4-b6e7-4b87-977c-078c59088a50,aa42017d-812a-4175-bc9b-0fec03b18931,c87db9be-1fba-4102-a743-0ee4317dd5af,Bavarski dvor,149
b59656a4-b6e7-4b87-977c-078c59088a50,aa42017d-812a-4175-bc9b-0fec03b18931,98fa3880-5936-4ec8-ba04-39c7ff9a0e6a,Stara cerkev,27
b59656a4-b6e7-4b87-977c-078c59088a50,aa42017d-812a-4175-bc9b-0fec03b18931,a719a87c-4e93-4387-a6d1-2631a487f7e0,Ajdovščina,60
b59656a4-b6e7-4b87-977c-078c59088a50,aa42017d-812a-4175-bc9b-0fec03b18931,a719a87c-4e93-4387-a6d1-2631a487f7e0,Ajdovščina,100
b59656a4-b6e7-4b87-977c-078c59088a50,aa42017d-812a-4175-bc9b-0fec03b18931,fef200e9-4d98-425b-ab14-8110e2aa85d7,Drama,135
b59656a4-b6e7-4b87-977c-078c59088a50,aa42017d-812a-4175-bc9b-0fec03b18931,5d7f28a6-2a2a-4333-aa06-48edfb652f86,Pošta,132
b59656a4-b6e7-4b87-977c-078c59088a50,aa42017d-812a-4175-bc9b-0fec03b18931,5d7f28a6-2a2a-4333-aa06-48edfb652f86,Pošta,348
b59656a4-b6e7-4b87-977c-078c59088a50,aa42017d-812a-4175-bc9b-0fec03b18931,fef200e9-4d98-425b-ab14-8110e2aa85d7,Drama,522
b59656a4-b6e7-4b87-977c-078c59088a50,aa42017d-812a-4175-bc9b-0fec03b18931,a719a87c-4e93-4387-a6d1-2631a487f7e0,Ajdovščina,283
b59656a4-b6e7-4b87-977c-078c59088a50,aa42017d-812a-4175-bc9b-0fec03b18931,c87db9be-1fba-4102-a743-0ee4317dd5af,Bavarski dvor,5
b59656a4-b6e7-4b87-977c-078c59088a50,aa42017d-812a-4175-bc9b-0fec03b18931,N/A,N/A,660
b59656a4-b6e7-4b87-977c-078c59088a50,aa42017d-812a-4175-bc9b-0fec03b18931,77dcd833-fa4d-4c5a-93b1-31284942e61d,Šišenska,431
b59656a4-b6e7-4b87-977c-078c59088a50,aa42017d-812a-4175-bc9b-0fec03b18931,e786b2df-34ed-4246-832e-7c3d538ac1f4,Kranjčeva,228
b59656a4-b6e7-4b87-977c-078c59088a50,aa42017d-812a-4175-bc9b-0fec03b18931,a0b1fb90-3f6a-4231-910a-18be192ac762,Flajšmanova,589
b59656a4-b6e7-4b87-977c-078c59088a50,aa42017d-812a-4175-bc9b-0fec03b18931,86a75ffc-a78f-401f-8991-2eb0371417b2,Studenec,92
b59656a4-b6e7-4b87-977c-078c59088a50,aa42017d-812a-4175-bc9b-0fec03b18931,c87db9be-1fba-4102-a743-0ee4317dd5af,Bavarski dvor,5
b59656a4-b6e7-4b87-977c-078c59088a50,aa42017d-812a-4175-bc9b-0fec03b18931,a719a87c-4e93-4387-a6d1-2631a487f7e0,Ajdovščina,65
b59656a4-b6e7-4b87-977c-078c59088a50,aa42017d-812a-4175-bc9b-0fec03b18931,N/A,N/A,660
b59656a4-b6e7-4b87-977c-078c59088a50,aa42017d-812a-4175-bc9b-0fec03b18931,c22879e5-8e90-4540-9a74-5f139208e492,Friškovec,83
b59656a4-b6e7-4b87-977c-078c59088a50,aa42017d-812a-4175-bc9b-0fec03b18931,5d7f28a6-2a2a-4333-aa06-48edfb652f86,Pošta,46
b59656a4-b6e7-4b87-977c-078c59088a50,aa42017d-812a-4175-bc9b-0fec03b18931,f4cfd904-bd11-4247-95df-32c4555a930f,Klinični center,21
b59656a4-b6e7-4b87-977c-078c59088a50,aa42017d-812a-4175-bc9b-0fec03b18931,fef200e9-4d98-425b-ab14-8110e2aa85d7,Drama,33
b59656a4-b6e7-4b87-977c-078c59088a50,aa42017d-812a-4175-bc9b-0fec03b18931,f4cfd904-bd11-4247-95df-32c4555a930f,Klinični center,88
b59656a4-b6e7-4b87-977c-078c59088a50,aa42017d-812a-4175-bc9b-0fec03b18931,c87db9be-1fba-4102-a743-0ee4317dd5af,Bavarski dvor,45
b59656a4-b6e7-4b87-977c-078c59088a50,aa42017d-812a-4175-bc9b-0fec03b18931,a2ce7e6f-0f99-443a-a973-81a0b9c60261,Astra,58
b59656a4-b6e7-4b87-977c-078c59088a50,aa42017d-812a-4175-bc9b-0fec03b18931,5d7f28a6-2a2a-4333-aa06-48edfb652f86,Pošta,192
b59656a4-b6e7-4b87-977c-078c59088a50,aa42017d-812a-4175-bc9b-0fec03b18931,fef200e9-4d98-425b-ab14-8110e2aa85d7,Drama,234
b59656a4-b6e7-4b87-977c-078c59088a50,aa42017d-812a-4175-bc9b-0fec03b18931,c87db9be-1fba-4102-a743-0ee4317dd5af,Bavarski dvor,19
b59656a4-b6e7-4b87-977c-078c59088a50,aa42017d-812a-4175-bc9b-0fec03b18931,21764d19-62cc-49fd-bac9-403aeac6a6b9,Ježica,31
b59656a4-b6e7-4b87-977c-078c59088a50,aa42017d-812a-4175-bc9b-0fec03b18931,a2ce7e6f-0f99-443a-a973-81a0b9c60261,Astra,129
b59656a4-b6e7-4b87-977c-078c59088a50,aa42017d-812a-4175-bc9b-0fec03b18931,a0b1fb90-3f6a-4231-910a-18be192ac762,Flajšmanova,5
b59656a4-b6e7-4b87-977c-078c59088a50,aa42017d-812a-4175-bc9b-0fec03b18931,f33b721f-a8a3-4aad-96f2-077da09ebaa6,Razstavišče,40
b59656a4-b6e7-4b87-977c-078c59088a50,aa42017d-812a-4175-bc9b-0fec03b18931,9cfac7e2-9653-4e52-a6d3-27756d27f817,Kino Šiška,196
b59656a4-b6e7-4b87-977c-078c59088a50,aa42017d-812a-4175-bc9b-0fec03b18931,c87db9be-1fba-4102-a743-0ee4317dd5af,Bavarski dvor,15
b59656a4-b6e7-4b87-977c-078c59088a50,aa42017d-812a-4175-bc9b-0fec03b18931,295616c0-387b-4f60-a337-7743cd6be04e,Bavarski dvor,264
b59656a4-b6e7-4b87-977c-078c59088a50,aa42017d-812a-4175-bc9b-0fec03b18931,717dda7e-d793-4697-8f60-b64ee8b1edc4,Gosposvetska,226
b59656a4-b6e7-4b87-977c-078c59088a50,aa42017d-812a-4175-bc9b-0fec03b18931,f33b721f-a8a3-4aad-96f2-077da09ebaa6,Razstavišče,144
b59656a4-b6e7-4b87-977c-078c59088a50,aa42017d-812a-4175-bc9b-0fec03b18931,c87db9be-1fba-4102-a743-0ee4317dd5af,Bavarski dvor,41
b59656a4-b6e7-4b87-977c-078c59088a50,aa42017d-812a-4175-bc9b-0fec03b18931,f33b721f-a8a3-4aad-96f2-077da09ebaa6,Razstavišče,151
b59656a4-b6e7-4b87-977c-078c59088a50,aa42017d-812a-4175-bc9b-0fec03b18931,N/A,N/A,660
b59656a4-b6e7-4b87-977c-078c59088a50,aa42017d-812a-4175-bc9b-0fec03b18931,a719a87c-4e93-4387-a6d1-2631a487f7e0,Ajdovščina,66
b59656a4-b6e7-4b87-977c-078c59088a50,aa42017d-812a-4175-bc9b-0fec03b18931,295616c0-387b-4f60-a337-7743cd6be04e,Bavarski dvor,247
b59656a4-b6e7-4b87-977c-078c59088a50,aa42017d-812a-4175-bc9b-0fec03b18931,7484317c-269f-425f-8118-23eedab4e5f1,Tivoli,187
b59656a4-b6e7-4b87-977c-078c59088a50,aa42017d-812a-4175-bc9b-0fec03b18931,1e157c31-d34d-4c2e-91b4-8c000c88f6dd,Kardeljeva ploščad,11
b59656a4-b6e7-4b87-977c-078c59088a50,aa42017d-812a-4175-bc9b-0fec03b18931,c87db9be-1fba-4102-a743-0ee4317dd5af,Bavarski dvor,31
b59656a4-b6e7-4b87-977c-078c59088a50,aa42017d-812a-4175-bc9b-0fec03b18931,5d7f28a6-2a2a-4333-aa06-48edfb652f86,Pošta,192
b59656a4-b6e7-4b87-977c-078c59088a50,aa42017d-812a-4175-bc9b-0fec03b18931,5d7f28a6-2a2a-4333-aa06-48edfb652f86,Pošta,246
b59656a4-b6e7-4b87-977c-078c59088a50,aa42017d-812a-4175-bc9b-0fec03b18931,c87db9be-1fba-4102-a743-0ee4317dd5af,Bavarski dvor,66
b59656a4-b6e7-4b87-977c-078c59088a50,aa42017d-812a-4175-bc9b-0fec03b18931,e6f5183b-c615-4f47-b4fb-204ee070e825,Bežigrad,382
b59656a4-b6e7-4b87-977c-078c59088a50,aa42017d-812a-4175-bc9b-0fec03b18931,f33b721f-a8a3-4aad-96f2-077da09ebaa6,Razstavišče,56
b59656a4-b6e7-4b87-977c-078c59088a50,aa42017d-812a-4175-bc9b-0fec03b18931,aa42017d-812a-4175-bc9b-0fec03b18931,Ambrožev trg,208
b59656a4-b6e7-4b87-977c-078c59088a50,aa42017d-812a-4175-bc9b-0fec03b18931,7fad8003-fb10-489d-bf8d-6d433310ad90,Nove Jarše,24
b59656a4-b6e7-4b87-977c-078c59088a50,aa42017d-812a-4175-bc9b-0fec03b18931,295616c0-387b-4f60-a337-7743cd6be04e,Bavarski dvor,75
b59656a4-b6e7-4b87-977c-078c59088a50,aa42017d-812a-4175-bc9b-0fec03b18931,295616c0-387b-4f60-a337-7743cd6be04e,Bavarski dvor,85
b59656a4-b6e7-4b87-977c-078c59088a50,aa42017d-812a-4175-bc9b-0fec03b18931,f4cfd904-bd11-4247-95df-32c4555a930f,Klinični center,104
b59656a4-b6e7-4b87-977c-078c59088a50,aa42017d-812a-4175-bc9b-0fec03b18931,484b5c91-1220-43ba-af79-84e712fcc46b,Slovenija avto,30
b59656a4-b6e7-4b87-977c-078c59088a50,aa42017d-812a-4175-bc9b-0fec03b18931,484b5c91-1220-43ba-af79-84e712fcc46b,Slovenija avto,89
b59656a4-b6e7-4b87-977c-078c59088a50,aa42017d-812a-4175-bc9b-0fec03b18931,ac3afe7d-a2b3-4d5d-9e6a-1d2412a3bc70,Litostrojska,46
b59656a4-b6e7-4b87-977c-078c59088a50,aa42017d-812a-4175-bc9b-0fec03b18931,1b3ddeca-a066-43ee-9ae5-8339628129c2,Žale,110
b59656a4-b6e7-4b87-977c-078c59088a50,aa42017d-812a-4175-bc9b-0fec03b18931,295616c0-387b-4f60-a337-7743cd6be04e,Bavarski dvor,12
b59656a4-b6e7-4b87-977c-078c59088a50,aa42017d-812a-4175-bc9b-0fec03b18931,a719a87c-4e93-4387-a6d1-2631a487f7e0,Ajdovščina,104
b59656a4-b6e7-4b87-977c-078c59088a50,aa42017d-812a-4175-bc9b-0fec03b18931,cdabf1ea-b04c-480a-8359-72c46e6864ab,Bežigrad,117
b59656a4-b6e7-4b87-977c-078c59088a50,aa42017d-812a-4175-bc9b-0fec03b18931,fef200e9-4d98-425b-ab14-8110e2aa85d7,Drama,114
b59656a4-b6e7-4b87-977c-078c59088a50,aa42017d-812a-4175-bc9b-0fec03b18931,8589e5d1-21b4-4210-ad7a-4bf91f9a715d,Vižmarje,178
b59656a4-b6e7-4b87-977c-078c59088a50,aa42017d-812a-4175-bc9b-0fec03b18931,f33b721f-a8a3-4aad-96f2-077da09ebaa6,Razstavišče,215
b59656a4-b6e7-4b87-977c-078c59088a50,aa42017d-812a-4175-bc9b-0fec03b18931,f4cfd904-bd11-4247-95df-32c4555a930f,Klinični center,417
b59656a4-b6e7-4b87-977c-078c59088a50,aa42017d-812a-4175-bc9b-0fec03b18931,484b5c91-1220-43ba-af79-84e712fcc46b,Slovenija avto,11
b59656a4-b6e7-4b87-977c-078c59088a50,aa42017d-812a-4175-bc9b-0fec03b18931,f33b721f-a8a3-4aad-96f2-077da09ebaa6,Razstavišče,265
b59656a4-b6e7-4b87-977c-078c59088a50,aa42017d-812a-4175-bc9b-0fec03b18931,0be237aa-4b91-4d2b-ac23-0cebac975a0d,Cankarjev dom,19
b59656a4-b6e7-4b87-977c-078c59088a50,aa42017d-812a-4175-bc9b-0fec03b18931,N/A,N/A,660
b59656a4-b6e7-4b87-977c-078c59088a50,aa42017d-812a-4175-bc9b-0fec03b18931,484b5c91-1220-43ba-af79-84e712fcc46b,Slovenija avto,11
b59656a4-b6e7-4b87-977c-078c59088a50,aa42017d-812a-4175-bc9b-0fec03b18931,c87db9be-1fba-4102-a743-0ee4317dd5af,Bavarski dvor,59
b59656a4-b6e7-4b87-977c-078c59088a50,aa42017d-812a-4175-bc9b-0fec03b18931,N/A,N/A,660
b59656a4-b6e7-4b87-977c-078c59088a50,aa42017d-812a-4175-bc9b-0fec03b18931,7fa32ea0-e884-435a-a81c-51bbd5cedf3e,Zaloška,295
b59656a4-b6e7-4b87-977c-078c59088a50,aa42017d-812a-4175-bc9b-0fec03b18931,295616c0-387b-4f60-a337-7743cd6be04e,Bavarski dvor,189
b59656a4-b6e7-4b87-977c-078c59088a50,aa42017d-812a-4175-bc9b-0fec03b18931,295616c0-387b-4f60-a337-7743cd6be04e,Bavarski dvor,193
b59656a4-b6e7-4b87-977c-078c59088a50,aa42017d-812a-4175-bc9b-0fec03b18931,6182f8e8-c45e-4606-b4a4-d909bd44d2cc,Gornji trg,44
b59656a4-b6e7-4b87-977c-078c59088a50,aa42017d-812a-4175-bc9b-0fec03b18931,295616c0-387b-4f60-a337-7743cd6be04e,Bavarski dvor,422
b59656a4-b6e7-4b87-977c-078c59088a50,aa42017d-812a-4175-bc9b-0fec03b18931,c87db9be-1fba-4102-a743-0ee4317dd5af,Bavarski dvor,85
b59656a4-b6e7-4b87-977c-078c59088a50,aa42017d-812a-4175-bc9b-0fec03b18931,c87db9be-1fba-4102-a743-0ee4317dd5af,Bavarski dvor,176
b59656a4-b6e7-4b87-977c-078c59088a50,aa42017d-812a-4175-bc9b-0fec03b18931,295616c0-387b-4f60-a337-7743cd6be04e,Bavarski dvor,164
b59656a4-b6e7-4b87-977c-078c59088a50,aa42017d-812a-4175-bc9b-0fec03b18931,48b163cd-b819-4849-aee1-8b1da77657ab,Šentvid,154
b59656a4-b6e7-4b87-977c-078c59088a50,aa42017d-812a-4175-bc9b-0fec03b18931,a719a87c-4e93-4387-a6d1-2631a487f7e0,Ajdovščina,277
b59656a4-b6e7-4b87-977c-078c59088a50,aa42017d-812a-4175-bc9b-0fec03b18931,c87db9be-1fba-4102-a743-0ee4317dd5af,Bavarski dvor,47
b59656a4-b6e7-4b87-977c-078c59088a50,aa42017d-812a-4175-bc9b-0fec03b18931,1ce1c3a8-e0f6-4f90-b1aa-1448759d8b3c,Astra,371
b59656a4-b6e7-4b87-977c-078c59088a50,aa42017d-812a-4175-bc9b-0fec03b18931,6bd46cb7-9e5d-453a-878a-bcc38fb2a5f2,Sava,234
b59656a4-b6e7-4b87-977c-078c59088a50,aa42017d-812a-4175-bc9b-0fec03b18931,7eb88e01-82e9-4af4-84d0-69c6ea9dc82c,Kolodvor,241
b59656a4-b6e7-4b87-977c-078c59088a50,aa42017d-812a-4175-bc9b-0fec03b18931,5d7f28a6-2a2a-4333-aa06-48edfb652f86,Pošta,27
b59656a4-b6e7-4b87-977c-078c59088a50,aa42017d-812a-4175-bc9b-0fec03b18931,295616c0-387b-4f60-a337-7743cd6be04e,Bavarski dvor,77
b59656a4-b6e7-4b87-977c-078c59088a50,aa42017d-812a-4175-bc9b-0fec03b18931,aa42017d-812a-4175-bc9b-0fec03b18931,Ambrožev trg,136
b59656a4-b6e7-4b87-977c-078c59088a50,aa42017d-812a-4175-bc9b-0fec03b18931,295616c0-387b-4f60-a337-7743cd6be04e,Bavarski dvor,143
b59656a4-b6e7-4b87-977c-078c59088a50,aa42017d-812a-4175-bc9b-0fec03b18931,295616c0-387b-4f60-a337-7743cd6be04e,Bavarski dvor,258
b59656a4-b6e7-4b87-977c-078c59088a50,aa42017d-812a-4175-bc9b-0fec03b18931,484b5c91-1220-43ba-af79-84e712fcc46b,Slovenija avto,207
b59656a4-b6e7-4b87-977c-078c59088a50,aa42017d-812a-4175-bc9b-0fec03b18931,f33b721f-a8a3-4aad-96f2-077da09ebaa6,Razstavišče,98
b59656a4-b6e7-4b87-977c-078c59088a50,aa42017d-812a-4175-bc9b-0fec03b18931,eb165f50-9c43-4b09-9658-469a16d3dc83,Kodeljevo,245
b59656a4-b6e7-4b87-977c-078c59088a50,aa42017d-812a-4175-bc9b-0fec03b18931,77dcd833-fa4d-4c5a-93b1-31284942e61d,Šišenska,230
b59656a4-b6e7-4b87-977c-078c59088a50,aa42017d-812a-4175-bc9b-0fec03b18931,295616c0-387b-4f60-a337-7743cd6be04e,Bavarski dvor,63
b59656a4-b6e7-4b87-977c-078c59088a50,aa42017d-812a-4175-bc9b-0fec03b18931,a0e0a21b-b8ce-4d76-bbc2-04e179367fee,Šola Jarše,176
b59656a4-b6e7-4b87-977c-078c59088a50,aa42017d-812a-4175-bc9b-0fec03b18931,7fa32ea0-e884-435a-a81c-51bbd5cedf3e,Zaloška,200
b59656a4-b6e7-4b87-977c-078c59088a50,aa42017d-812a-4175-bc9b-0fec03b18931,a719a87c-4e93-4387-a6d1-2631a487f7e0,Ajdovščina,30
b59656a4-b6e7-4b87-977c-078c59088a50,aa42017d-812a-4175-bc9b-0fec03b18931,8c7fa045-888b-46d0-8189-6f82623bf481,Poljanska,55
b59656a4-b6e7-4b87-977c-078c59088a50,aa42017d-812a-4175-bc9b-0fec03b18931,a0b1fb90-3f6a-4231-910a-18be192ac762,Flajšmanova,87
b59656a4-b6e7-4b87-977c-078c59088a50,aa42017d-812a-4175-bc9b-0fec03b18931,9cfac7e2-9653-4e52-a6d3-27756d27f817,Kino Šiška,127
b59656a4-b6e7-4b87-977c-078c59088a50,aa42017d-812a-4175-bc9b-0fec03b18931,1b3ddeca-a066-43ee-9ae5-8339628129c2,Žale,41
b59656a4-b6e7-4b87-977c-078c59088a50,aa42017d-812a-4175-bc9b-0fec03b18931,5d7f28a6-2a2a-4333-aa06-48edfb652f86,Pošta,129
b59656a4-b6e7-4b87-977c-078c59088a50,aa42017d-812a-4175-bc9b-0fec03b18931,a719a87c-4e93-4387-a6d1-2631a487f7e0,Ajdovščina,16
b59656a4-b6e7-4b87-977c-078c59088a50,aa42017d-812a-4175-bc9b-0fec03b18931,f33b721f-a8a3-4aad-96f2-077da09ebaa6,Razstavišče,48
b59656a4-b6e7-4b87-977c-078c59088a50,aa42017d-812a-4175-bc9b-0fec03b18931,7eb88e01-82e9-4af4-84d0-69c6ea9dc82c,Kolodvor,15
b59656a4-b6e7-4b87-977c-078c59088a50,aa42017d-812a-4175-bc9b-0fec03b18931,aa42017d-812a-4175-bc9b-0fec03b18931,Ambrožev trg,316
b59656a4-b6e7-4b87-977c-078c59088a50,aa42017d-812a-4175-bc9b-0fec03b18931,f33b721f-a8a3-4aad-96f2-077da09ebaa6,Razstavišče,242
b59656a4-b6e7-4b87-977c-078c59088a50,aa42017d-812a-4175-bc9b-0fec03b18931,5d7f28a6-2a2a-4333-aa06-48edfb652f86,Pošta,61
b59656a4-b6e7-4b87-977c-078c59088a50,aa42017d-812a-4175-bc9b-0fec03b18931,7fa32ea0-e884-435a-a81c-51bbd5cedf3e,Zaloška,43
b59656a4-b6e7-4b87-977c-078c59088a50,aa42017d-812a-4175-bc9b-0fec03b18931,295616c0-387b-4f60-a337-7743cd6be04e,Bavarski dvor,93
b59656a4-b6e7-4b87-977c-078c59088a50,aa42017d-812a-4175-bc9b-0fec03b18931,fef200e9-4d98-425b-ab14-8110e2aa85d7,Drama,116
b59656a4-b6e7-4b87-977c-078c59088a50,aa42017d-812a-4175-bc9b-0fec03b18931,c87db9be-1fba-4102-a743-0ee4317dd5af,Bavarski dvor,593
b59656a4-b6e7-4b87-977c-078c59088a50,aa42017d-812a-4175-bc9b-0fec03b18931,c87db9be-1fba-4102-a743-0ee4317dd5af,Bavarski dvor,153
b59656a4-b6e7-4b87-977c-078c59088a50,aa42017d-812a-4175-bc9b-0fec03b18931,f33b721f-a8a3-4aad-96f2-077da09ebaa6,Razstavišče,103
b59656a4-b6e7-4b87-977c-078c59088a50,aa42017d-812a-4175-bc9b-0fec03b18931,379bc761-04b5-4227-be76-3b870fe3e69f,Pot na Fužine,24
b59656a4-b6e7-4b87-977c-078c59088a50,aa42017d-812a-4175-bc9b-0fec03b18931,f33b721f-a8a3-4aad-96f2-077da09ebaa6,Razstavišče,228
b59656a4-b6e7-4b87-977c-078c59088a50,aa42017d-812a-4175-bc9b-0fec03b18931,c87db9be-1fba-4102-a743-0ee4317dd5af,Bavarski dvor,366
b59656a4-b6e7-4b87-977c-078c59088a50,aa42017d-812a-4175-bc9b-0fec03b18931,7fa32ea0-e884-435a-a81c-51bbd5cedf3e,Zaloška,128
b59656a4-b6e7-4b87-977c-078c59088a50,aa42017d-812a-4175-bc9b-0fec03b18931,a719a87c-4e93-4387-a6d1-2631a487f7e0,Ajdovščina,110
b59656a4-b6e7-4b87-977c-078c59088a50,aa42017d-812a-4175-bc9b-0fec03b18931,5d7f28a6-2a2a-4333-aa06-48edfb652f86,Pošta,178
b59656a4-b6e7-4b87-977c-078c59088a50,aa42017d-812a-4175-bc9b-0fec03b18931,4038e02e-f22f-4af0-ba4f-7aab855b53af,Kneza Koclja,83
b59656a4-b6e7-4b87-977c-078c59088a50,aa42017d-812a-4175-bc9b-0fec03b18931,5d7f28a6-2a2a-4333-aa06-48edfb652f86,Pošta,91
b59656a4-b6e7-4b87-977c-078c59088a50,aa42017d-812a-4175-bc9b-0fec03b18931,a719a87c-4e93-4387-a6d1-2631a487f7e0,Ajdovščina,520
b59656a4-b6e7-4b87-977c-078c59088a50,aa42017d-812a-4175-bc9b-0fec03b18931,f4cfd904-bd11-4247-95df-32c4555a930f,Klinični center,22
b59656a4-b6e7-4b87-977c-078c59088a50,aa42017d-812a-4175-bc9b-0fec03b18931,a719a87c-4e93-4387-a6d1-2631a487f7e0,Ajdovščina,218
b59656a4-b6e7-4b87-977c-078c59088a50,aa42017d-812a-4175-bc9b-0fec03b18931,9b0074d2-2c92-4c01-830b-00be8e05b412,Cukrarna,60
b59656a4-b6e7-4b87-977c-078c59088a50,aa42017d-812a-4175-bc9b-0fec03b18931,a719a87c-4e93-4387-a6d1-2631a487f7e0,Ajdovščina,60
b59656a4-b6e7-4b87-977c-078c59088a50,aa42017d-812a-4175-bc9b-0fec03b18931,fef200e9-4d98-425b-ab14-8110e2aa85d7,Drama,234
b59656a4-b6e7-4b87-977c-078c59088a50,aa42017d-812a-4175-bc9b-0fec03b18931,c22879e5-8e90-4540-9a74-5f139208e492,Friškovec,72
b59656a4-b6e7-4b87-977c-078c59088a50,aa42017d-812a-4175-bc9b-0fec03b18931,1ce1c3a8-e0f6-4f90-b1aa-1448759d8b3c,Astra,319
b59656a4-b6e7-4b87-977c-078c59088a50,aa42017d-812a-4175-bc9b-0fec03b18931,c87db9be-1fba-4102-a743-0ee4317dd5af,Bavarski dvor,39
b59656a4-b6e7-4b87-977c-078c59088a50,aa42017d-812a-4175-bc9b-0fec03b18931,9746f277-af08-4cce-92fa-41da5eca8ac2,BERIČEVO,469
b59656a4-b6e7-4b87-977c-078c59088a50,aa42017d-812a-4175-bc9b-0fec03b18931,N/A,N/A,660
b59656a4-b6e7-4b87-977c-078c59088a50,aa42017d-812a-4175-bc9b-0fec03b18931,5d7f28a6-2a2a-4333-aa06-48edfb652f86,Pošta,292
b59656a4-b6e7-4b87-977c-078c59088a50,aa42017d-812a-4175-bc9b-0fec03b18931,a719a87c-4e93-4387-a6d1-2631a487f7e0,Ajdovščina,294
b59656a4-b6e7-4b87-977c-078c59088a50,aa42017d-812a-4175-bc9b-0fec03b18931,f33b721f-a8a3-4aad-96f2-077da09ebaa6,Razstavišče,27
b59656a4-b6e7-4b87-977c-078c59088a50,aa42017d-812a-4175-bc9b-0fec03b18931,98fa3880-5936-4ec8-ba04-39c7ff9a0e6a,Stara cerkev,36
b59656a4-b6e7-4b87-977c-078c59088a50,aa42017d-812a-4175-bc9b-0fec03b18931,c87db9be-1fba-4102-a743-0ee4317dd5af,Bavarski dvor,261
b59656a4-b6e7-4b87-977c-078c59088a50,aa42017d-812a-4175-bc9b-0fec03b18931,a0e0a21b-b8ce-4d76-bbc2-04e179367fee,Šola Jarše,53
b59656a4-b6e7-4b87-977c-078c59088a50,aa42017d-812a-4175-bc9b-0fec03b18931,f33b721f-a8a3-4aad-96f2-077da09ebaa6,Razstavišče,173
b59656a4-b6e7-4b87-977c-078c59088a50,aa42017d-812a-4175-bc9b-0fec03b18931,5d7f28a6-2a2a-4333-aa06-48edfb652f86,Pošta,58
b59656a4-b6e7-4b87-977c-078c59088a50,aa42017d-812a-4175-bc9b-0fec03b18931,a0e0a21b-b8ce-4d76-bbc2-04e179367fee,Šola Jarše,49
b59656a4-b6e7-4b87-977c-078c59088a50,aa42017d-812a-4175-bc9b-0fec03b18931,8598b85d-3e1d-4767-b72f-0c209038841f,Štepanja vas,229
b59656a4-b6e7-4b87-977c-078c59088a50,aa42017d-812a-4175-bc9b-0fec03b18931,9cfac7e2-9653-4e52-a6d3-27756d27f817,Kino Šiška,198
b59656a4-b6e7-4b87-977c-078c59088a50,aa42017d-812a-4175-bc9b-0fec03b18931,c22879e5-8e90-4540-9a74-5f139208e492,Friškovec,530
b59656a4-b6e7-4b87-977c-078c59088a50,aa42017d-812a-4175-bc9b-0fec03b18931,1b3ddeca-a066-43ee-9ae5-8339628129c2,Žale,104
b59656a4-b6e7-4b87-977c-078c59088a50,aa42017d-812a-4175-bc9b-0fec03b18931,609f0950-bb8c-4eaf-a931-8575b8aff1ac,Savske stolpnice,202
b59656a4-b6e7-4b87-977c-078c59088a50,aa42017d-812a-4175-bc9b-0fec03b18931,454817d3-3750-49c7-994c-14d06fd2c634,Žale,9
b59656a4-b6e7-4b87-977c-078c59088a50,aa42017d-812a-4175-bc9b-0fec03b18931,0dc86a8f-0f41-44c7-978c-e06cb63cbbcf,Medvoška a.p.,8
b59656a4-b6e7-4b87-977c-078c59088a50,aa42017d-812a-4175-bc9b-0fec03b18931,d98335a0-1291-4d4c-be62-16b11c356575,Božičeva,47
b59656a4-b6e7-4b87-977c-078c59088a50,aa42017d-812a-4175-bc9b-0fec03b18931,a719a87c-4e93-4387-a6d1-2631a487f7e0,Ajdovščina,226
b59656a4-b6e7-4b87-977c-078c59088a50,aa42017d-812a-4175-bc9b-0fec03b18931,fef200e9-4d98-425b-ab14-8110e2aa85d7,Drama,161
b59656a4-b6e7-4b87-977c-078c59088a50,aa42017d-812a-4175-bc9b-0fec03b18931,7fa32ea0-e884-435a-a81c-51bbd5cedf3e,Zaloška,46
b59656a4-b6e7-4b87-977c-078c59088a50,aa42017d-812a-4175-bc9b-0fec03b18931,c87db9be-1fba-4102-a743-0ee4317dd5af,Bavarski dvor,91
b59656a4-b6e7-4b87-977c-078c59088a50,aa42017d-812a-4175-bc9b-0fec03b18931,c5ec5e81-2ce4-452d-bd7a-595de4f8b34f,Prušnikova,62
b59656a4-b6e7-4b87-977c-078c59088a50,aa42017d-812a-4175-bc9b-0fec03b18931,52e5adea-e194-4fc1-809c-1d6421f8f8db,Kovinarska,230
b59656a4-b6e7-4b87-977c-078c59088a50,aa42017d-812a-4175-bc9b-0fec03b18931,c87db9be-1fba-4102-a743-0ee4317dd5af,Bavarski dvor,307
b59656a4-b6e7-4b87-977c-078c59088a50,aa42017d-812a-4175-bc9b-0fec03b18931,c87db9be-1fba-4102-a743-0ee4317dd5af,Bavarski dvor,57
b59656a4-b6e7-4b87-977c-078c59088a50,aa42017d-812a-4175-bc9b-0fec03b18931,N/A,N/A,660
b59656a4-b6e7-4b87-977c-078c59088a50,aa42017d-812a-4175-bc9b-0fec03b18931,295616c0-387b-4f60-a337-7743cd6be04e,Bavarski dvor,245
b59656a4-b6e7-4b87-977c-078c59088a50,aa42017d-812a-4175-bc9b-0fec03b18931,c87db9be-1fba-4102-a743-0ee4317dd5af,Bavarski dvor,25
b59656a4-b6e7-4b87-977c-078c59088a50,aa42017d-812a-4175-bc9b-0fec03b18931,77dcd833-fa4d-4c5a-93b1-31284942e61d,Šišenska,255
b59656a4-b6e7-4b87-977c-078c59088a50,aa42017d-812a-4175-bc9b-0fec03b18931,f33b721f-a8a3-4aad-96f2-077da09ebaa6,Razstavišče,7
b59656a4-b6e7-4b87-977c-078c59088a50,aa42017d-812a-4175-bc9b-0fec03b18931,21764d19-62cc-49fd-bac9-403aeac6a6b9,Ježica,85
b59656a4-b6e7-4b87-977c-078c59088a50,aa42017d-812a-4175-bc9b-0fec03b18931,cdabf1ea-b04c-480a-8359-72c46e6864ab,Bežigrad,110
b59656a4-b6e7-4b87-977c-078c59088a50,aa42017d-812a-4175-bc9b-0fec03b18931,6559d555-672b-4633-8a81-0ae68fb963eb,ZD POLJE,244
b59656a4-b6e7-4b87-977c-078c59088a50,aa42017d-812a-4175-bc9b-0fec03b18931,295616c0-387b-4f60-a337-7743cd6be04e,Bavarski dvor,17
b59656a4-b6e7-4b87-977c-078c59088a50,aa42017d-812a-4175-bc9b-0fec03b18931,5d7f28a6-2a2a-4333-aa06-48edfb652f86,Pošta,242
b59656a4-b6e7-4b87-977c-078c59088a50,aa42017d-812a-4175-bc9b-0fec03b18931,a2ce7e6f-0f99-443a-a973-81a0b9c60261,Astra,206
b59656a4-b6e7-4b87-977c-078c59088a50,aa42017d-812a-4175-bc9b-0fec03b18931,7fad8003-fb10-489d-bf8d-6d433310ad90,Nove Jarše,8
b59656a4-b6e7-4b87-977c-078c59088a50,aa42017d-812a-4175-bc9b-0fec03b18931,a719a87c-4e93-4387-a6d1-2631a487f7e0,Ajdovščina,52
b59656a4-b6e7-4b87-977c-078c59088a50,aa42017d-812a-4175-bc9b-0fec03b18931,a719a87c-4e93-4387-a6d1-2631a487f7e0,Ajdovščina,246
b59656a4-b6e7-4b87-977c-078c59088a50,aa42017d-812a-4175-bc9b-0fec03b18931,717dda7e-d793-4697-8f60-b64ee8b1edc4,Gosposvetska,91
b59656a4-b6e7-4b87-977c-078c59088a50,aa42017d-812a-4175-bc9b-0fec03b18931,a2ce7e6f-0f99-443a-a973-81a0b9c60261,Astra,22
b59656a4-b6e7-4b87-977c-078c59088a50,aa42017d-812a-4175-bc9b-0fec03b18931,a0e0a21b-b8ce-4d76-bbc2-04e179367fee,Šola Jarše,132
b59656a4-b6e7-4b87-977c-078c59088a50,aa42017d-812a-4175-bc9b-0fec03b18931,9b0074d2-2c92-4c01-830b-00be8e05b412,Cukrarna,100
b59656a4-b6e7-4b87-977c-078c59088a50,aa42017d-812a-4175-bc9b-0fec03b18931,a719a87c-4e93-4387-a6d1-2631a487f7e0,Ajdovščina,5
b59656a4-b6e7-4b87-977c-078c59088a50,aa42017d-812a-4175-bc9b-0fec03b18931,6459bd02-d8f8-413e-9402-10b916f09a4f,7. septembra,507
b59656a4-b6e7-4b87-977c-078c59088a50,aa42017d-812a-4175-bc9b-0fec03b18931,38b3abed-0592-407b-96c3-85a026f2e192,Dalmatinova,193
b59656a4-b6e7-4b87-977c-078c59088a50,aa42017d-812a-4175-bc9b-0fec03b18931,484b5c91-1220-43ba-af79-84e712fcc46b,Slovenija avto,152
b59656a4-b6e7-4b87-977c-078c59088a50,aa42017d-812a-4175-bc9b-0fec03b18931,1b3ddeca-a066-43ee-9ae5-8339628129c2,Žale,105
b59656a4-b6e7-4b87-977c-078c59088a50,aa42017d-812a-4175-bc9b-0fec03b18931,c87db9be-1fba-4102-a743-0ee4317dd5af,Bavarski dvor,360
b59656a4-b6e7-4b87-977c-078c59088a50,aa42017d-812a-4175-bc9b-0fec03b18931,c87db9be-1fba-4102-a743-0ee4317dd5af,Bavarski dvor,5
b59656a4-b6e7-4b87-977c-078c59088a50,aa42017d-812a-4175-bc9b-0fec03b18931,c87db9be-1fba-4102-a743-0ee4317dd5af,Bavarski dvor,54
b59656a4-b6e7-4b87-977c-078c59088a50,aa42017d-812a-4175-bc9b-0fec03b18931,1ce1c3a8-e0f6-4f90-b1aa-1448759d8b3c,Astra,31
b59656a4-b6e7-4b87-977c-078c59088a50,aa42017d-812a-4175-bc9b-0fec03b18931,9cfac7e2-9653-4e52-a6d3-27756d27f817,Kino Šiška,213
b59656a4-b6e7-4b87-977c-078c59088a50,aa42017d-812a-4175-bc9b-0fec03b18931,f33b721f-a8a3-4aad-96f2-077da09ebaa6,Razstavišče,198
b59656a4-b6e7-4b87-977c-078c59088a50,aa42017d-812a-4175-bc9b-0fec03b18931,295616c0-387b-4f60-a337-7743cd6be04e,Bavarski dvor,155
b59656a4-b6e7-4b87-977c-078c59088a50,aa42017d-812a-4175-bc9b-0fec03b18931,N/A,N/A,660
b59656a4-b6e7-4b87-977c-078c59088a50,aa42017d-812a-4175-bc9b-0fec03b18931,5d7f28a6-2a2a-4333-aa06-48edfb652f86,Pošta,166
b59656a4-b6e7-4b87-977c-078c59088a50,aa42017d-812a-4175-bc9b-0fec03b18931,295616c0-387b-4f60-a337-7743cd6be04e,Bavarski dvor,314
b59656a4-b6e7-4b87-977c-078c59088a50,aa42017d-812a-4175-bc9b-0fec03b18931,023d7b7a-b411-4e61-8746-b07f9e5c8f90,Ambrožev trg,224
b59656a4-b6e7-4b87-977c-078c59088a50,aa42017d-812a-4175-bc9b-0fec03b18931,295616c0-387b-4f60-a337-7743cd6be04e,Bavarski dvor,128
b59656a4-b6e7-4b87-977c-078c59088a50,aa42017d-812a-4175-bc9b-0fec03b18931,717dda7e-d793-4697-8f60-b64ee8b1edc4,Gosposvetska,13
b59656a4-b6e7-4b87-977c-078c59088a50,aa42017d-812a-4175-bc9b-0fec03b18931,717dda7e-d793-4697-8f60-b64ee8b1edc4,Gosposvetska,266
b59656a4-b6e7-4b87-977c-078c59088a50,aa42017d-812a-4175-bc9b-0fec03b18931,484b5c91-1220-43ba-af79-84e712fcc46b,Slovenija avto,147
b59656a4-b6e7-4b87-977c-078c59088a50,aa42017d-812a-4175-bc9b-0fec03b18931,7fa32ea0-e884-435a-a81c-51bbd5cedf3e,Zaloška,59
b59656a4-b6e7-4b87-977c-078c59088a50,aa42017d-812a-4175-bc9b-0fec03b18931,295616c0-387b-4f60-a337-7743cd6be04e,Bavarski dvor,468
b59656a4-b6e7-4b87-977c-078c59088a50,aa42017d-812a-4175-bc9b-0fec03b18931,295616c0-387b-4f60-a337-7743cd6be04e,Bavarski dvor,333
b59656a4-b6e7-4b87-977c-078c59088a50,aa42017d-812a-4175-bc9b-0fec03b18931,7fa32ea0-e884-435a-a81c-51bbd5cedf3e,Zaloška,11
b59656a4-b6e7-4b87-977c-078c59088a50,aa42017d-812a-4175-bc9b-0fec03b18931,a2ce7e6f-0f99-443a-a973-81a0b9c60261,Astra,23
b59656a4-b6e7-4b87-977c-078c59088a50,aa42017d-812a-4175-bc9b-0fec03b18931,c87db9be-1fba-4102-a743-0ee4317dd5af,Bavarski dvor,167
b59656a4-b6e7-4b87-977c-078c59088a50,aa42017d-812a-4175-bc9b-0fec03b18931,a0b1fb90-3f6a-4231-910a-18be192ac762,Flajšmanova,98
b59656a4-b6e7-4b87-977c-078c59088a50,aa42017d-812a-4175-bc9b-0fec03b18931,c87db9be-1fba-4102-a743-0ee4317dd5af,Bavarski dvor,51
b59656a4-b6e7-4b87-977c-078c59088a50,aa42017d-812a-4175-bc9b-0fec03b18931,f33b721f-a8a3-4aad-96f2-077da09ebaa6,Razstavišče,29
b59656a4-b6e7-4b87-977c-078c59088a50,aa42017d-812a-4175-bc9b-0fec03b18931,223f660b-c391-4120-bf3c-7bf06781686b,Tovorni kolodvor,24
b59656a4-b6e7-4b87-977c-078c59088a50,aa42017d-812a-4175-bc9b-0fec03b18931,454817d3-3750-49c7-994c-14d06fd2c634,Žale,178
b59656a4-b6e7-4b87-977c-078c59088a50,aa42017d-812a-4175-bc9b-0fec03b18931,484b5c91-1220-43ba-af79-84e712fcc46b,Slovenija avto,9
b59656a4-b6e7-4b87-977c-078c59088a50,aa42017d-812a-4175-bc9b-0fec03b18931,7fad8003-fb10-489d-bf8d-6d433310ad90,Nove Jarše,135
b59656a4-b6e7-4b87-977c-078c59088a50,aa42017d-812a-4175-bc9b-0fec03b18931,c87db9be-1fba-4102-a743-0ee4317dd5af,Bavarski dvor,301
b59656a4-b6e7-4b87-977c-078c59088a50,aa42017d-812a-4175-bc9b-0fec03b18931,f33b721f-a8a3-4aad-96f2-077da09ebaa6,Razstavišče,226
b59656a4-b6e7-4b87-977c-078c59088a50,aa42017d-812a-4175-bc9b-0fec03b18931,db13a26e-19d4-4b8a-a78a-01ef25d58834,Ježica,42
b59656a4-b6e7-4b87-977c-078c59088a50,aa42017d-812a-4175-bc9b-0fec03b18931,c87db9be-1fba-4102-a743-0ee4317dd5af,Bavarski dvor,48
b59656a4-b6e7-4b87-977c-078c59088a50,aa42017d-812a-4175-bc9b-0fec03b18931,717dda7e-d793-4697-8f60-b64ee8b1edc4,Gosposvetska,75
b59656a4-b6e7-4b87-977c-078c59088a50,aa42017d-812a-4175-bc9b-0fec03b18931,1b3ddeca-a066-43ee-9ae5-8339628129c2,Žale,16
b59656a4-b6e7-4b87-977c-078c59088a50,aa42017d-812a-4175-bc9b-0fec03b18931,5d7f28a6-2a2a-4333-aa06-48edfb652f86,Pošta,292
b59656a4-b6e7-4b87-977c-078c59088a50,aa42017d-812a-4175-bc9b-0fec03b18931,7fa32ea0-e884-435a-a81c-51bbd5cedf3e,Zaloška,42
b59656a4-b6e7-4b87-977c-078c59088a50,aa42017d-812a-4175-bc9b-0fec03b18931,a719a87c-4e93-4387-a6d1-2631a487f7e0,Ajdovščina,128
b59656a4-b6e7-4b87-977c-078c59088a50,aa42017d-812a-4175-bc9b-0fec03b18931,1ce1c3a8-e0f6-4f90-b1aa-1448759d8b3c,Astra,199
b59656a4-b6e7-4b87-977c-078c59088a50,aa42017d-812a-4175-bc9b-0fec03b18931,a719a87c-4e93-4387-a6d1-2631a487f7e0,Ajdovščina,585
b59656a4-b6e7-4b87-977c-078c59088a50,aa42017d-812a-4175-bc9b-0fec03b18931,8c7fa045-888b-46d0-8189-6f82623bf481,Poljanska,12
b59656a4-b6e7-4b87-977c-078c59088a50,aa42017d-812a-4175-bc9b-0fec03b18931,9cfac7e2-9653-4e52-a6d3-27756d27f817,Kino Šiška,73
b59656a4-b6e7-4b87-977c-078c59088a50,aa42017d-812a-4175-bc9b-0fec03b18931,295616c0-387b-4f60-a337-7743cd6be04e,Bavarski dvor,228
b59656a4-b6e7-4b87-977c-078c59088a50,aa42017d-812a-4175-bc9b-0fec03b18931,a0e0a21b-b8ce-4d76-bbc2-04e179367fee,Šola Jarše,67
b59656a4-b6e7-4b87-977c-078c59088a50,aa42017d-812a-4175-bc9b-0fec03b18931,c87db9be-1fba-4102-a743-0ee4317dd5af,Bavarski dvor,523
b59656a4-b6e7-4b87-977c-078c59088a50,aa42017d-812a-4175-bc9b-0fec03b18931,fef200e9-4d98-425b-ab14-8110e2aa85d7,Drama,63
b59656a4-b6e7-4b87-977c-078c59088a50,aa42017d-812a-4175-bc9b-0fec03b18931,ef31a8be-b01d-44cd-95cf-3db8e918af26,Emona,175
b59656a4-b6e7-4b87-977c-078c59088a50,aa42017d-812a-4175-bc9b-0fec03b18931,N/A,N/A,660
b59656a4-b6e7-4b87-977c-078c59088a50,aa42017d-812a-4175-bc9b-0fec03b18931,f4cfd904-bd11-4247-95df-32c4555a930f,Klinični center,208
b59656a4-b6e7-4b87-977c-078c59088a50,aa42017d-812a-4175-bc9b-0fec03b18931,717dda7e-d793-4697-8f60-b64ee8b1edc4,Gosposvetska,366
b59656a4-b6e7-4b87-977c-078c59088a50,aa42017d-812a-4175-bc9b-0fec03b18931,717dda7e-d793-4697-8f60-b64ee8b1edc4,Gosposvetska,46
b59656a4-b6e7-4b87-977c-078c59088a50,aa42017d-812a-4175-bc9b-0fec03b18931,c87db9be-1fba-4102-a743-0ee4317dd5af,Bavarski dvor,201
b59656a4-b6e7-4b87-977c-078c59088a50,aa42017d-812a-4175-bc9b-0fec03b18931,7eb88e01-82e9-4af4-84d0-69c6ea9dc82c,Kolodvor,192
b59656a4-b6e7-4b87-977c-078c59088a50,aa42017d-812a-4175-bc9b-0fec03b18931,a719a87c-4e93-4387-a6d1-2631a487f7e0,Ajdovščina,79
b59656a4-b6e7-4b87-977c-078c59088a50,aa42017d-812a-4175-bc9b-0fec03b18931,484b5c91-1220-43ba-af79-84e712fcc46b,Slovenija avto,46
b59656a4-b6e7-4b87-977c-078c59088a50,aa42017d-812a-4175-bc9b-0fec03b18931,295616c0-387b-4f60-a337-7743cd6be04e,Bavarski dvor,233
b59656a4-b6e7-4b87-977c-078c59088a50,aa42017d-812a-4175-bc9b-0fec03b18931,295616c0-387b-4f60-a337-7743cd6be04e,Bavarski dvor,37
b59656a4-b6e7-4b87-977c-078c59088a50,aa42017d-812a-4175-bc9b-0fec03b18931,295616c0-387b-4f60-a337-7743cd6be04e,Bavarski dvor,464
b59656a4-b6e7-4b87-977c-078c59088a50,aa42017d-812a-4175-bc9b-0fec03b18931,N/A,N/A,660
b59656a4-b6e7-4b87-977c-078c59088a50,aa42017d-812a-4175-bc9b-0fec03b18931,c87db9be-1fba-4102-a743-0ee4317dd5af,Bavarski dvor,228
b59656a4-b6e7-4b87-977c-078c59088a50,aa42017d-812a-4175-bc9b-0fec03b18931,f33b721f-a8a3-4aad-96f2-077da09ebaa6,Razstavišče,63
b59656a4-b6e7-4b87-977c-078c59088a50,aa42017d-812a-4175-bc9b-0fec03b18931,5d7f28a6-2a2a-4333-aa06-48edfb652f86,Pošta,203
b59656a4-b6e7-4b87-977c-078c59088a50,aa42017d-812a-4175-bc9b-0fec03b18931,f33b721f-a8a3-4aad-96f2-077da09ebaa6,Razstavišče,107
b59656a4-b6e7-4b87-977c-078c59088a50,aa42017d-812a-4175-bc9b-0fec03b18931,N/A,N/A,660
b59656a4-b6e7-4b87-977c-078c59088a50,aa42017d-812a-4175-bc9b-0fec03b18931,c87db9be-1fba-4102-a743-0ee4317dd5af,Bavarski dvor,188
b59656a4-b6e7-4b87-977c-078c59088a50,aa42017d-812a-4175-bc9b-0fec03b18931,6182f8e8-c45e-4606-b4a4-d909bd44d2cc,Gornji trg,182
b59656a4-b6e7-4b87-977c-078c59088a50,aa42017d-812a-4175-bc9b-0fec03b18931,a2ce7e6f-0f99-443a-a973-81a0b9c60261,Astra,44
b59656a4-b6e7-4b87-977c-078c59088a50,aa42017d-812a-4175-bc9b-0fec03b18931,c87db9be-1fba-4102-a743-0ee4317dd5af,Bavarski dvor,89
b59656a4-b6e7-4b87-977c-078c59088a50,aa42017d-812a-4175-bc9b-0fec03b18931,5d7f28a6-2a2a-4333-aa06-48edfb652f86,Pošta,179
b59656a4-b6e7-4b87-977c-078c59088a50,aa42017d-812a-4175-bc9b-0fec03b18931,295616c0-387b-4f60-a337-7743cd6be04e,Bavarski dvor,58
b59656a4-b6e7-4b87-977c-078c59088a50,aa42017d-812a-4175-bc9b-0fec03b18931,b59656a4-b6e7-4b87-977c-078c59088a50,Hajdrihova,200
b59656a4-b6e7-4b87-977c-078c59088a50,aa42017d-812a-4175-bc9b-0fec03b18931,c87db9be-1fba-4102-a743-0ee4317dd5af,Bavarski dvor,67
b59656a4-b6e7-4b87-977c-078c59088a50,aa42017d-812a-4175-bc9b-0fec03b18931,a719a87c-4e93-4387-a6d1-2631a487f7e0,Ajdovščina,267
b59656a4-b6e7-4b87-977c-078c59088a50,aa42017d-812a-4175-bc9b-0fec03b18931,9bd3ee10-bc61-44e8-8cf3-a37cffd54da0,DOMŽALE kolodvor,132
b59656a4-b6e7-4b87-977c-078c59088a50,aa42017d-812a-4175-bc9b-0fec03b18931,7c149b59-2bc6-45cb-95c8-69e18a0db627,Rusjanov trg,336
b59656a4-b6e7-4b87-977c-078c59088a50,aa42017d-812a-4175-bc9b-0fec03b18931,7c149b59-2bc6-45cb-95c8-69e18a0db627,Rusjanov trg,32
b59656a4-b6e7-4b87-977c-078c59088a50,aa42017d-812a-4175-bc9b-0fec03b18931,5de6ff80-1352-43df-b5ec-1df59f2f492b,Pot na Rakovo jelšo,554
b59656a4-b6e7-4b87-977c-078c59088a50,aa42017d-812a-4175-bc9b-0fec03b18931,fef200e9-4d98-425b-ab14-8110e2aa85d7,Drama,280
b59656a4-b6e7-4b87-977c-078c59088a50,aa42017d-812a-4175-bc9b-0fec03b18931,c87db9be-1fba-4102-a743-0ee4317dd5af,Bavarski dvor,68
b59656a4-b6e7-4b87-977c-078c59088a50,aa42017d-812a-4175-bc9b-0fec03b18931,N/A,N/A,660
b59656a4-b6e7-4b87-977c-078c59088a50,aa42017d-812a-4175-bc9b-0fec03b18931,cee2862b-9b70-4880-8fa3-16c6d2efae1b,AMZS,247
b59656a4-b6e7-4b87-977c-078c59088a50,aa42017d-812a-4175-bc9b-0fec03b18931,717dda7e-d793-4697-8f60-b64ee8b1edc4,Gosposvetska,64
b59656a4-b6e7-4b87-977c-078c59088a50,aa42017d-812a-4175-bc9b-0fec03b18931,f33b721f-a8a3-4aad-96f2-077da09ebaa6,Razstavišče,81
b59656a4-b6e7-4b87-977c-078c59088a50,aa42017d-812a-4175-bc9b-0fec03b18931,1b3ddeca-a066-43ee-9ae5-8339628129c2,Žale,87
b59656a4-b6e7-4b87-977c-078c59088a50,aa42017d-812a-4175-bc9b-0fec03b18931,f33b721f-a8a3-4aad-96f2-077da09ebaa6,Razstavišče,64
b59656a4-b6e7-4b87-977c-078c59088a50,aa42017d-812a-4175-bc9b-0fec03b18931,c5ec5e81-2ce4-452d-bd7a-595de4f8b34f,Prušnikova,221
b59656a4-b6e7-4b87-977c-078c59088a50,aa42017d-812a-4175-bc9b-0fec03b18931,c87db9be-1fba-4102-a743-0ee4317dd5af,Bavarski dvor,37
b59656a4-b6e7-4b87-977c-078c59088a50,aa42017d-812a-4175-bc9b-0fec03b18931,fef200e9-4d98-425b-ab14-8110e2aa85d7,Drama,35
b59656a4-b6e7-4b87-977c-078c59088a50,aa42017d-812a-4175-bc9b-0fec03b18931,1b3ddeca-a066-43ee-9ae5-8339628129c2,Žale,473
b59656a4-b6e7-4b87-977c-078c59088a50,aa42017d-812a-4175-bc9b-0fec03b18931,fef200e9-4d98-425b-ab14-8110e2aa85d7,Drama,19
b59656a4-b6e7-4b87-977c-078c59088a50,aa42017d-812a-4175-bc9b-0fec03b18931,7484317c-269f-425f-8118-23eedab4e5f1,Tivoli,34
b59656a4-b6e7-4b87-977c-078c59088a50,aa42017d-812a-4175-bc9b-0fec03b18931,295616c0-387b-4f60-a337-7743cd6be04e,Bavarski dvor,427
b59656a4-b6e7-4b87-977c-078c59088a50,aa42017d-812a-4175-bc9b-0fec03b18931,484b5c91-1220-43ba-af79-84e712fcc46b,Slovenija avto,58
b59656a4-b6e7-4b87-977c-078c59088a50,aa42017d-812a-4175-bc9b-0fec03b18931,fef200e9-4d98-425b-ab14-8110e2aa85d7,Drama,280
b59656a4-b6e7-4b87-977c-078c59088a50,aa42017d-812a-4175-bc9b-0fec03b18931,5d7f28a6-2a2a-4333-aa06-48edfb652f86,Pošta,58
b59656a4-b6e7-4b87-977c-078c59088a50,aa42017d-812a-4175-bc9b-0fec03b18931,f33b721f-a8a3-4aad-96f2-077da09ebaa6,Razstavišče,137
b59656a4-b6e7-4b87-977c-078c59088a50,aa42017d-812a-4175-bc9b-0fec03b18931,717dda7e-d793-4697-8f60-b64ee8b1edc4,Gosposvetska,159
b59656a4-b6e7-4b87-977c-078c59088a50,aa42017d-812a-4175-bc9b-0fec03b18931,9cfac7e2-9653-4e52-a6d3-27756d27f817,Kino Šiška,217
b59656a4-b6e7-4b87-977c-078c59088a50,aa42017d-812a-4175-bc9b-0fec03b18931,aa42017d-812a-4175-bc9b-0fec03b18931,Ambrožev trg,132
b59656a4-b6e7-4b87-977c-078c59088a50,aa42017d-812a-4175-bc9b-0fec03b18931,fef200e9-4d98-425b-ab14-8110e2aa85d7,Drama,56
b59656a4-b6e7-4b87-977c-078c59088a50,aa42017d-812a-4175-bc9b-0fec03b18931,c87db9be-1fba-4102-a743-0ee4317dd5af,Bavarski dvor,25
b59656a4-b6e7-4b87-977c-078c59088a50,aa42017d-812a-4175-bc9b-0fec03b18931,c87db9be-1fba-4102-a743-0ee4317dd5af,Bavarski dvor,211
b59656a4-b6e7-4b87-977c-078c59088a50,aa42017d-812a-4175-bc9b-0fec03b18931,c87db9be-1fba-4102-a743-0ee4317dd5af,Bavarski dvor,296
b59656a4-b6e7-4b87-977c-078c59088a50,aa42017d-812a-4175-bc9b-0fec03b18931,f33b721f-a8a3-4aad-96f2-077da09ebaa6,Razstavišče,11
b59656a4-b6e7-4b87-977c-078c59088a50,aa42017d-812a-4175-bc9b-0fec03b18931,717dda7e-d793-4697-8f60-b64ee8b1edc4,Gosposvetska,180
b59656a4-b6e7-4b87-977c-078c59088a50,aa42017d-812a-4175-bc9b-0fec03b18931,5de84f88-3f32-4636-8c30-03cc267ecf37,Podvozna pot,55
b59656a4-b6e7-4b87-977c-078c59088a50,aa42017d-812a-4175-bc9b-0fec03b18931,a719a87c-4e93-4387-a6d1-2631a487f7e0,Ajdovščina,181
b59656a4-b6e7-4b87-977c-078c59088a50,aa42017d-812a-4175-bc9b-0fec03b18931,21764d19-62cc-49fd-bac9-403aeac6a6b9,Ježica,264
b59656a4-b6e7-4b87-977c-078c59088a50,aa42017d-812a-4175-bc9b-0fec03b18931,c87db9be-1fba-4102-a743-0ee4317dd5af,Bavarski dvor,319
b59656a4-b6e7-4b87-977c-078c59088a50,aa42017d-812a-4175-bc9b-0fec03b18931,a719a87c-4e93-4387-a6d1-2631a487f7e0,Ajdovščina,42
b59656a4-b6e7-4b87-977c-078c59088a50,aa42017d-812a-4175-bc9b-0fec03b18931,223f660b-c391-4120-bf3c-7bf06781686b,Tovorni kolodvor,42
b59656a4-b6e7-4b87-977c-078c59088a50,aa42017d-812a-4175-bc9b-0fec03b18931,023d7b7a-b411-4e61-8746-b07f9e5c8f90,Ambrožev trg,52
b59656a4-b6e7-4b87-977c-078c59088a50,aa42017d-812a-4175-bc9b-0fec03b18931,609f0950-bb8c-4eaf-a931-8575b8aff1ac,Savske stolpnice,8
b59656a4-b6e7-4b87-977c-078c59088a50,aa42017d-812a-4175-bc9b-0fec03b18931,81f21fc1-3bd2-4d2a-b563-2d063479c68e,Štepanja vas,86
b59656a4-b6e7-4b87-977c-078c59088a50,aa42017d-812a-4175-bc9b-0fec03b18931,c87db9be-1fba-4102-a743-0ee4317dd5af,Bavarski dvor,166
b59656a4-b6e7-4b87-977c-078c59088a50,aa42017d-812a-4175-bc9b-0fec03b18931,ef31a8be-b01d-44cd-95cf-3db8e918af26,Emona,67
b59656a4-b6e7-4b87-977c-078c59088a50,aa42017d-812a-4175-bc9b-0fec03b18931,295616c0-387b-4f60-a337-7743cd6be04e,Bavarski dvor,173
b59656a4-b6e7-4b87-977c-078c59088a50,aa42017d-812a-4175-bc9b-0fec03b18931,7484317c-269f-425f-8118-23eedab4e5f1,Tivoli,141
b59656a4-b6e7-4b87-977c-078c59088a50,aa42017d-812a-4175-bc9b-0fec03b18931,f33b721f-a8a3-4aad-96f2-077da09ebaa6,Razstavišče,292
b59656a4-b6e7-4b87-977c-078c59088a50,aa42017d-812a-4175-bc9b-0fec03b18931,f33b721f-a8a3-4aad-96f2-077da09ebaa6,Razstavišče,7
b59656a4-b6e7-4b87-977c-078c59088a50,aa42017d-812a-4175-bc9b-0fec03b18931,7fa32ea0-e884-435a-a81c-51bbd5cedf3e,Zaloška,111
b59656a4-b6e7-4b87-977c-078c59088a50,aa42017d-812a-4175-bc9b-0fec03b18931,a719a87c-4e93-4387-a6d1-2631a487f7e0,Ajdovščina,59
b59656a4-b6e7-4b87-977c-078c59088a50,aa42017d-812a-4175-bc9b-0fec03b18931,a0b1fb90-3f6a-4231-910a-18be192ac762,Flajšmanova,148
b59656a4-b6e7-4b87-977c-078c59088a50,aa42017d-812a-4175-bc9b-0fec03b18931,98fa3880-5936-4ec8-ba04-39c7ff9a0e6a,Stara cerkev,190
b59656a4-b6e7-4b87-977c-078c59088a50,aa42017d-812a-4175-bc9b-0fec03b18931,c87db9be-1fba-4102-a743-0ee4317dd5af,Bavarski dvor,595
b59656a4-b6e7-4b87-977c-078c59088a50,aa42017d-812a-4175-bc9b-0fec03b18931,6a89c110-a0f8-4b1a-87f0-33f49c0a658e,Šola Jarše,114
b59656a4-b6e7-4b87-977c-078c59088a50,aa42017d-812a-4175-bc9b-0fec03b18931,f33b721f-a8a3-4aad-96f2-077da09ebaa6,Razstavišče,63
b59656a4-b6e7-4b87-977c-078c59088a50,aa42017d-812a-4175-bc9b-0fec03b18931,a719a87c-4e93-4387-a6d1-2631a487f7e0,Ajdovščina,43
b59656a4-b6e7-4b87-977c-078c59088a50,aa42017d-812a-4175-bc9b-0fec03b18931,5d7f28a6-2a2a-4333-aa06-48edfb652f86,Pošta,18
b59656a4-b6e7-4b87-977c-078c59088a50,aa42017d-812a-4175-bc9b-0fec03b18931,484b5c91-1220-43ba-af79-84e712fcc46b,Slovenija avto,168
b59656a4-b6e7-4b87-977c-078c59088a50,aa42017d-812a-4175-bc9b-0fec03b18931,023d7b7a-b411-4e61-8746-b07f9e5c8f90,Ambrožev trg,84
b59656a4-b6e7-4b87-977c-078c59088a50,aa42017d-812a-4175-bc9b-0fec03b18931,cdabf1ea-b04c-480a-8359-72c46e6864ab,Bežigrad,370
b59656a4-b6e7-4b87-977c-078c59088a50,aa42017d-812a-4175-bc9b-0fec03b18931,f33b721f-a8a3-4aad-96f2-077da09ebaa6,Razstavišče,10
b59656a4-b6e7-4b87-977c-078c59088a50,aa42017d-812a-4175-bc9b-0fec03b18931,c87db9be-1fba-4102-a743-0ee4317dd5af,Bavarski dvor,19
b59656a4-b6e7-4b87-977c-078c59088a50,aa42017d-812a-4175-bc9b-0fec03b18931,c87db9be-1fba-4102-a743-0ee4317dd5af,Bavarski dvor,131
b59656a4-b6e7-4b87-977c-078c59088a50,aa42017d-812a-4175-bc9b-0fec03b18931,a2ce7e6f-0f99-443a-a973-81a0b9c60261,Astra,368
b59656a4-b6e7-4b87-977c-078c59088a50,aa42017d-812a-4175-bc9b-0fec03b18931,c87db9be-1fba-4102-a743-0ee4317dd5af,Bavarski dvor,136
b59656a4-b6e7-4b87-977c-078c59088a50,aa42017d-812a-4175-bc9b-0fec03b18931,c87db9be-1fba-4102-a743-0ee4317dd5af,Bavarski dvor,170
b59656a4-b6e7-4b87-977c-078c59088a50,aa42017d-812a-4175-bc9b-0fec03b18931,5d7f28a6-2a2a-4333-aa06-48edfb652f86,Pošta,246
b59656a4-b6e7-4b87-977c-078c59088a50,aa42017d-812a-4175-bc9b-0fec03b18931,c87db9be-1fba-4102-a743-0ee4317dd5af,Bavarski dvor,50
b59656a4-b6e7-4b87-977c-078c59088a50,aa42017d-812a-4175-bc9b-0fec03b18931,6a89c110-a0f8-4b1a-87f0-33f49c0a658e,Šola Jarše,20
b59656a4-b6e7-4b87-977c-078c59088a50,aa42017d-812a-4175-bc9b-0fec03b18931,fef200e9-4d98-425b-ab14-8110e2aa85d7,Drama,296
b59656a4-b6e7-4b87-977c-078c59088a50,aa42017d-812a-4175-bc9b-0fec03b18931,5d7f28a6-2a2a-4333-aa06-48edfb652f86,Pošta,173
b59656a4-b6e7-4b87-977c-078c59088a50,aa42017d-812a-4175-bc9b-0fec03b18931,3fbf6322-fb74-4a50-a81a-bfca73abc26b,Tacenski most,58
b59656a4-b6e7-4b87-977c-078c59088a50,aa42017d-812a-4175-bc9b-0fec03b18931,c22879e5-8e90-4540-9a74-5f139208e492,Friškovec,162
b59656a4-b6e7-4b87-977c-078c59088a50,aa42017d-812a-4175-bc9b-0fec03b18931,a2ce7e6f-0f99-443a-a973-81a0b9c60261,Astra,31
b59656a4-b6e7-4b87-977c-078c59088a50,aa42017d-812a-4175-bc9b-0fec03b18931,a719a87c-4e93-4387-a6d1-2631a487f7e0,Ajdovščina,185
b59656a4-b6e7-4b87-977c-078c59088a50,aa42017d-812a-4175-bc9b-0fec03b18931,023d7b7a-b411-4e61-8746-b07f9e5c8f90,Ambrožev trg,452
b59656a4-b6e7-4b87-977c-078c59088a50,aa42017d-812a-4175-bc9b-0fec03b18931,c87db9be-1fba-4102-a743-0ee4317dd5af,Bavarski dvor,12
b59656a4-b6e7-4b87-977c-078c59088a50,aa42017d-812a-4175-bc9b-0fec03b18931,a2ce7e6f-0f99-443a-a973-81a0b9c60261,Astra,602
b59656a4-b6e7-4b87-977c-078c59088a50,aa42017d-812a-4175-bc9b-0fec03b18931,a719a87c-4e93-4387-a6d1-2631a487f7e0,Ajdovščina,54
b59656a4-b6e7-4b87-977c-078c59088a50,aa42017d-812a-4175-bc9b-0fec03b18931,a0b1fb90-3f6a-4231-910a-18be192ac762,Flajšmanova,302
b59656a4-b6e7-4b87-977c-078c59088a50,aa42017d-812a-4175-bc9b-0fec03b18931,a0b1fb90-3f6a-4231-910a-18be192ac762,Flajšmanova,5
b59656a4-b6e7-4b87-977c-078c59088a50,aa42017d-812a-4175-bc9b-0fec03b18931,7fa32ea0-e884-435a-a81c-51bbd5cedf3e,Zaloška,47
b59656a4-b6e7-4b87-977c-078c59088a50,aa42017d-812a-4175-bc9b-0fec03b18931,fef200e9-4d98-425b-ab14-8110e2aa85d7,Drama,493
b59656a4-b6e7-4b87-977c-078c59088a50,aa42017d-812a-4175-bc9b-0fec03b18931,484b5c91-1220-43ba-af79-84e712fcc46b,Slovenija avto,59
b59656a4-b6e7-4b87-977c-078c59088a50,aa42017d-812a-4175-bc9b-0fec03b18931,484b5c91-1220-43ba-af79-84e712fcc46b,Slovenija avto,244
b59656a4-b6e7-4b87-977c-078c59088a50,aa42017d-812a-4175-bc9b-0fec03b18931,5d7f28a6-2a2a-4333-aa06-48edfb652f86,Pošta,35
b59656a4-b6e7-4b87-977c-078c59088a50,aa42017d-812a-4175-bc9b-0fec03b18931,717dda7e-d793-4697-8f60-b64ee8b1edc4,Gosposvetska,56
b59656a4-b6e7-4b87-977c-078c59088a50,aa42017d-812a-4175-bc9b-0fec03b18931,c22879e5-8e90-4540-9a74-5f139208e492,Friškovec,44
b59656a4-b6e7-4b87-977c-078c59088a50,aa42017d-812a-4175-bc9b-0fec03b18931,f33b721f-a8a3-4aad-96f2-077da09ebaa6,Razstavišče,75
b59656a4-b6e7-4b87-977c-078c59088a50,aa42017d-812a-4175-bc9b-0fec03b18931,c22879e5-8e90-4540-9a74-5f139208e492,Friškovec,209
b59656a4-b6e7-4b87-977c-078c59088a50,aa42017d-812a-4175-bc9b-0fec03b18931,295616c0-387b-4f60-a337-7743cd6be04e,Bavarski dvor,56
b59656a4-b6e7-4b87-977c-078c59088a50,aa42017d-812a-4175-bc9b-0fec03b18931,5d7f28a6-2a2a-4333-aa06-48edfb652f86,Pošta,42
b59656a4-b6e7-4b87-977c-078c59088a50,aa42017d-812a-4175-bc9b-0fec03b18931,ef31a8be-b01d-44cd-95cf-3db8e918af26,Emona,199
b59656a4-b6e7-4b87-977c-078c59088a50,aa42017d-812a-4175-bc9b-0fec03b18931,7484317c-269f-425f-8118-23eedab4e5f1,Tivoli,146
b59656a4-b6e7-4b87-977c-078c59088a50,aa42017d-812a-4175-bc9b-0fec03b18931,N/A,N/A,660
b59656a4-b6e7-4b87-977c-078c59088a50,aa42017d-812a-4175-bc9b-0fec03b18931,c87db9be-1fba-4102-a743-0ee4317dd5af,Bavarski dvor,212
b59656a4-b6e7-4b87-977c-078c59088a50,aa42017d-812a-4175-bc9b-0fec03b18931,cdabf1ea-b04c-480a-8359-72c46e6864ab,Bežigrad,61
b59656a4-b6e7-4b87-977c-078c59088a50,aa42017d-812a-4175-bc9b-0fec03b18931,c87db9be-1fba-4102-a743-0ee4317dd5af,Bavarski dvor,42
b59656a4-b6e7-4b87-977c-078c59088a50,aa42017d-812a-4175-bc9b-0fec03b18931,5d7f28a6-2a2a-4333-aa06-48edfb652f86,Pošta,129
b59656a4-b6e7-4b87-977c-078c59088a50,aa42017d-812a-4175-bc9b-0fec03b18931,484b5c91-1220-43ba-af79-84e712fcc46b,Slovenija avto,14
b59656a4-b6e7-4b87-977c-078c59088a50,aa42017d-812a-4175-bc9b-0fec03b18931,0be237aa-4b91-4d2b-ac23-0cebac975a0d,Cankarjev dom,33
b59656a4-b6e7-4b87-977c-078c59088a50,aa42017d-812a-4175-bc9b-0fec03b18931,fef200e9-4d98-425b-ab14-8110e2aa85d7,Drama,82
b59656a4-b6e7-4b87-977c-078c59088a50,aa42017d-812a-4175-bc9b-0fec03b18931,a719a87c-4e93-4387-a6d1-2631a487f7e0,Ajdovščina,85
b59656a4-b6e7-4b87-977c-078c59088a50,aa42017d-812a-4175-bc9b-0fec03b18931,b59656a4-b6e7-4b87-977c-078c59088a50,Hajdrihova,429
b59656a4-b6e7-4b87-977c-078c59088a50,aa42017d-812a-4175-bc9b-0fec03b18931,c87db9be-1fba-4102-a743-0ee4317dd5af,Bavarski dvor,101
b59656a4-b6e7-4b87-977c-078c59088a50,aa42017d-812a-4175-bc9b-0fec03b18931,f4cfd904-bd11-4247-95df-32c4555a930f,Klinični center,195
b59656a4-b6e7-4b87-977c-078c59088a50,aa42017d-812a-4175-bc9b-0fec03b18931,48b163cd-b819-4849-aee1-8b1da77657ab,Šentvid,447
b59656a4-b6e7-4b87-977c-078c59088a50,aa42017d-812a-4175-bc9b-0fec03b18931,f33b721f-a8a3-4aad-96f2-077da09ebaa6,Razstavišče,7
b59656a4-b6e7-4b87-977c-078c59088a50,aa42017d-812a-4175-bc9b-0fec03b18931,609f0950-bb8c-4eaf-a931-8575b8aff1ac,Savske stolpnice,120
b59656a4-b6e7-4b87-977c-078c59088a50,aa42017d-812a-4175-bc9b-0fec03b18931,295616c0-387b-4f60-a337-7743cd6be04e,Bavarski dvor,85
b59656a4-b6e7-4b87-977c-078c59088a50,aa42017d-812a-4175-bc9b-0fec03b18931,f33b721f-a8a3-4aad-96f2-077da09ebaa6,Razstavišče,35
b59656a4-b6e7-4b87-977c-078c59088a50,aa42017d-812a-4175-bc9b-0fec03b18931,c87db9be-1fba-4102-a743-0ee4317dd5af,Bavarski dvor,113
b59656a4-b6e7-4b87-977c-078c59088a50,aa42017d-812a-4175-bc9b-0fec03b18931,295616c0-387b-4f60-a337-7743cd6be04e,Bavarski dvor,43
b59656a4-b6e7-4b87-977c-078c59088a50,aa42017d-812a-4175-bc9b-0fec03b18931,f4cfd904-bd11-4247-95df-32c4555a930f,Klinični center,143
b59656a4-b6e7-4b87-977c-078c59088a50,aa42017d-812a-4175-bc9b-0fec03b18931,fef200e9-4d98-425b-ab14-8110e2aa85d7,Drama,183
b59656a4-b6e7-4b87-977c-078c59088a50,aa42017d-812a-4175-bc9b-0fec03b18931,cee2862b-9b70-4880-8fa3-16c6d2efae1b,AMZS,160
b59656a4-b6e7-4b87-977c-078c59088a50,aa42017d-812a-4175-bc9b-0fec03b18931,a719a87c-4e93-4387-a6d1-2631a487f7e0,Ajdovščina,126
b59656a4-b6e7-4b87-977c-078c59088a50,aa42017d-812a-4175-bc9b-0fec03b18931,f4cfd904-bd11-4247-95df-32c4555a930f,Klinični center,462
b59656a4-b6e7-4b87-977c-078c59088a50,aa42017d-812a-4175-bc9b-0fec03b18931,fef200e9-4d98-425b-ab14-8110e2aa85d7,Drama,91
b59656a4-b6e7-4b87-977c-078c59088a50,aa42017d-812a-4175-bc9b-0fec03b18931,223f660b-c391-4120-bf3c-7bf06781686b,Tovorni kolodvor,206
b59656a4-b6e7-4b87-977c-078c59088a50,aa42017d-812a-4175-bc9b-0fec03b18931,fef200e9-4d98-425b-ab14-8110e2aa85d7,Drama,117
b59656a4-b6e7-4b87-977c-078c59088a50,aa42017d-812a-4175-bc9b-0fec03b18931,c87db9be-1fba-4102-a743-0ee4317dd5af,Bavarski dvor,201
b59656a4-b6e7-4b87-977c-078c59088a50,aa42017d-812a-4175-bc9b-0fec03b18931,484b5c91-1220-43ba-af79-84e712fcc46b,Slovenija avto,44
b59656a4-b6e7-4b87-977c-078c59088a50,aa42017d-812a-4175-bc9b-0fec03b18931,9b0074d2-2c92-4c01-830b-00be8e05b412,Cukrarna,239
b59656a4-b6e7-4b87-977c-078c59088a50,aa42017d-812a-4175-bc9b-0fec03b18931,6182f8e8-c45e-4606-b4a4-d909bd44d2cc,Gornji trg,32
b59656a4-b6e7-4b87-977c-078c59088a50,aa42017d-812a-4175-bc9b-0fec03b18931,f33b721f-a8a3-4aad-96f2-077da09ebaa6,Razstavišče,195
b59656a4-b6e7-4b87-977c-078c59088a50,aa42017d-812a-4175-bc9b-0fec03b18931,ef31a8be-b01d-44cd-95cf-3db8e918af26,Emona,112
b59656a4-b6e7-4b87-977c-078c59088a50,aa42017d-812a-4175-bc9b-0fec03b18931,fef200e9-4d98-425b-ab14-8110e2aa85d7,Drama,140
b59656a4-b6e7-4b87-977c-078c59088a50,aa42017d-812a-4175-bc9b-0fec03b18931,717dda7e-d793-4697-8f60-b64ee8b1edc4,Gosposvetska,322
b59656a4-b6e7-4b87-977c-078c59088a50,aa42017d-812a-4175-bc9b-0fec03b18931,cdabf1ea-b04c-480a-8359-72c46e6864ab,Bežigrad,186
b59656a4-b6e7-4b87-977c-078c59088a50,aa42017d-812a-4175-bc9b-0fec03b18931,dfde6478-02b5-471b-a470-29cb0e84542f,Slovenija avto,24
b59656a4-b6e7-4b87-977c-078c59088a50,aa42017d-812a-4175-bc9b-0fec03b18931,717dda7e-d793-4697-8f60-b64ee8b1edc4,Gosposvetska,490
b59656a4-b6e7-4b87-977c-078c59088a50,aa42017d-812a-4175-bc9b-0fec03b18931,a2ce7e6f-0f99-443a-a973-81a0b9c60261,Astra,346
b59656a4-b6e7-4b87-977c-078c59088a50,aa42017d-812a-4175-bc9b-0fec03b18931,295616c0-387b-4f60-a337-7743cd6be04e,Bavarski dvor,211
b59656a4-b6e7-4b87-977c-078c59088a50,aa42017d-812a-4175-bc9b-0fec03b18931,c87db9be-1fba-4102-a743-0ee4317dd5af,Bavarski dvor,270
b59656a4-b6e7-4b87-977c-078c59088a50,aa42017d-812a-4175-bc9b-0fec03b18931,dfde6478-02b5-471b-a470-29cb0e84542f,Slovenija avto,336
b59656a4-b6e7-4b87-977c-078c59088a50,aa42017d-812a-4175-bc9b-0fec03b18931,5de6ff80-1352-43df-b5ec-1df59f2f492b,Pot na Rakovo jelšo,156
b59656a4-b6e7-4b87-977c-078c59088a50,aa42017d-812a-4175-bc9b-0fec03b18931,c87db9be-1fba-4102-a743-0ee4317dd5af,Bavarski dvor,339
b59656a4-b6e7-4b87-977c-078c59088a50,aa42017d-812a-4175-bc9b-0fec03b18931,fef200e9-4d98-425b-ab14-8110e2aa85d7,Drama,160
b59656a4-b6e7-4b87-977c-078c59088a50,aa42017d-812a-4175-bc9b-0fec03b18931,c87db9be-1fba-4102-a743-0ee4317dd5af,Bavarski dvor,68
b59656a4-b6e7-4b87-977c-078c59088a50,aa42017d-812a-4175-bc9b-0fec03b18931,7c149b59-2bc6-45cb-95c8-69e18a0db627,Rusjanov trg,486
b59656a4-b6e7-4b87-977c-078c59088a50,aa42017d-812a-4175-bc9b-0fec03b18931,023d7b7a-b411-4e61-8746-b07f9e5c8f90,Ambrožev trg,34
b59656a4-b6e7-4b87-977c-078c59088a50,aa42017d-812a-4175-bc9b-0fec03b18931,295616c0-387b-4f60-a337-7743cd6be04e,Bavarski dvor,148
b59656a4-b6e7-4b87-977c-078c59088a50,aa42017d-812a-4175-bc9b-0fec03b18931,cdabf1ea-b04c-480a-8359-72c46e6864ab,Bežigrad,20
b59656a4-b6e7-4b87-977c-078c59088a50,aa42017d-812a-4175-bc9b-0fec03b18931,a719a87c-4e93-4387-a6d1-2631a487f7e0,Ajdovščina,14
b59656a4-b6e7-4b87-977c-078c59088a50,aa42017d-812a-4175-bc9b-0fec03b18931,f33b721f-a8a3-4aad-96f2-077da09ebaa6,Razstavišče,36
b59656a4-b6e7-4b87-977c-078c59088a50,aa42017d-812a-4175-bc9b-0fec03b18931,5d7f28a6-2a2a-4333-aa06-48edfb652f86,Pošta,106
b59656a4-b6e7-4b87-977c-078c59088a50,aa42017d-812a-4175-bc9b-0fec03b18931,4038e02e-f22f-4af0-ba4f-7aab855b53af,Kneza Koclja,204
b59656a4-b6e7-4b87-977c-078c59088a50,aa42017d-812a-4175-bc9b-0fec03b18931,a719a87c-4e93-4387-a6d1-2631a487f7e0,Ajdovščina,23
b59656a4-b6e7-4b87-977c-078c59088a50,aa42017d-812a-4175-bc9b-0fec03b18931,6182f8e8-c45e-4606-b4a4-d909bd44d2cc,Gornji trg,16
b59656a4-b6e7-4b87-977c-078c59088a50,aa42017d-812a-4175-bc9b-0fec03b18931,a719a87c-4e93-4387-a6d1-2631a487f7e0,Ajdovščina,396
b59656a4-b6e7-4b87-977c-078c59088a50,aa42017d-812a-4175-bc9b-0fec03b18931,c87db9be-1fba-4102-a743-0ee4317dd5af,Bavarski dvor,146
b59656a4-b6e7-4b87-977c-078c59088a50,aa42017d-812a-4175-bc9b-0fec03b18931,c87db9be-1fba-4102-a743-0ee4317dd5af,Bavarski dvor,30
b59656a4-b6e7-4b87-977c-078c59088a50,aa42017d-812a-4175-bc9b-0fec03b18931,fef200e9-4d98-425b-ab14-8110e2aa85d7,Drama,420
b59656a4-b6e7-4b87-977c-078c59088a50,aa42017d-812a-4175-bc9b-0fec03b18931,7c149b59-2bc6-45cb-95c8-69e18a0db627,Rusjanov trg,35
b59656a4-b6e7-4b87-977c-078c59088a50,aa42017d-812a-4175-bc9b-0fec03b18931,c87db9be-1fba-4102-a743-0ee4317dd5af,Bavarski dvor,83
b59656a4-b6e7-4b87-977c-078c59088a50,aa42017d-812a-4175-bc9b-0fec03b18931,5d7f28a6-2a2a-4333-aa06-48edfb652f86,Pošta,103
b59656a4-b6e7-4b87-977c-078c59088a50,aa42017d-812a-4175-bc9b-0fec03b18931,c87db9be-1fba-4102-a743-0ee4317dd5af,Bavarski dvor,29
b59656a4-b6e7-4b87-977c-078c59088a50,aa42017d-812a-4175-bc9b-0fec03b18931,c5ec5e81-2ce4-452d-bd7a-595de4f8b34f,Prušnikova,248
b59656a4-b6e7-4b87-977c-078c59088a50,aa42017d-812a-4175-bc9b-0fec03b18931,98fa3880-5936-4ec8-ba04-39c7ff9a0e6a,Stara cerkev,13
b59656a4-b6e7-4b87-977c-078c59088a50,aa42017d-812a-4175-bc9b-0fec03b18931,6a89c110-a0f8-4b1a-87f0-33f49c0a658e,Šola Jarše,88
b59656a4-b6e7-4b87-977c-078c59088a50,aa42017d-812a-4175-bc9b-0fec03b18931,5de84f88-3f32-4636-8c30-03cc267ecf37,Podvozna pot,122
b59656a4-b6e7-4b87-977c-078c59088a50,aa42017d-812a-4175-bc9b-0fec03b18931,a719a87c-4e93-4387-a6d1-2631a487f7e0,Ajdovščina,35
b59656a4-b6e7-4b87-977c-078c59088a50,aa42017d-812a-4175-bc9b-0fec03b18931,cdabf1ea-b04c-480a-8359-72c46e6864ab,Bežigrad,40
b59656a4-b6e7-4b87-977c-078c59088a50,aa42017d-812a-4175-bc9b-0fec03b18931,9cfac7e2-9653-4e52-a6d3-27756d27f817,Kino Šiška,205
b59656a4-b6e7-4b87-977c-078c59088a50,aa42017d-812a-4175-bc9b-0fec03b18931,fef200e9-4d98-425b-ab14-8110e2aa85d7,Drama,34
b59656a4-b6e7-4b87-977c-078c59088a50,aa42017d-812a-4175-bc9b-0fec03b18931,4ca7ae7e-380b-45e3-81de-00ffab5bb531,Yulon,181
b59656a4-b6e7-4b87-977c-078c59088a50,aa42017d-812a-4175-bc9b-0fec03b18931,fef200e9-4d98-425b-ab14-8110e2aa85d7,Drama,64
b59656a4-b6e7-4b87-977c-078c59088a50,aa42017d-812a-4175-bc9b-0fec03b18931,48b163cd-b819-4849-aee1-8b1da77657ab,Šentvid,147
b59656a4-b6e7-4b87-977c-078c59088a50,aa42017d-812a-4175-bc9b-0fec03b18931,7bcbdcaa-00b9-47d4-8982-09da26cd7bcb,Zaloška,213
b59656a4-b6e7-4b87-977c-078c59088a50,aa42017d-812a-4175-bc9b-0fec03b18931,6559d555-672b-4633-8a81-0ae68fb963eb,ZD POLJE,162
b59656a4-b6e7-4b87-977c-078c59088a50,aa42017d-812a-4175-bc9b-0fec03b18931,c87db9be-1fba-4102-a743-0ee4317dd5af,Bavarski dvor,28
b59656a4-b6e7-4b87-977c-078c59088a50,aa42017d-812a-4175-bc9b-0fec03b18931,9cfac7e2-9653-4e52-a6d3-27756d27f817,Kino Šiška,5
b59656a4-b6e7-4b87-977c-078c59088a50,aa42017d-812a-4175-bc9b-0fec03b18931,7fa32ea0-e884-435a-a81c-51bbd5cedf3e,Zaloška,155
b59656a4-b6e7-4b87-977c-078c59088a50,aa42017d-812a-4175-bc9b-0fec03b18931,eb165f50-9c43-4b09-9658-469a16d3dc83,Kodeljevo,107
b59656a4-b6e7-4b87-977c-078c59088a50,aa42017d-812a-4175-bc9b-0fec03b18931,295616c0-387b-4f60-a337-7743cd6be04e,Bavarski dvor,222
b59656a4-b6e7-4b87-977c-078c59088a50,aa42017d-812a-4175-bc9b-0fec03b18931,aa42017d-812a-4175-bc9b-0fec03b18931,Ambrožev trg,496
b59656a4-b6e7-4b87-977c-078c59088a50,aa42017d-812a-4175-bc9b-0fec03b18931,7fad8003-fb10-489d-bf8d-6d433310ad90,Nove Jarše,57
b59656a4-b6e7-4b87-977c-078c59088a50,aa42017d-812a-4175-bc9b-0fec03b18931,9746f277-af08-4cce-92fa-41da5eca8ac2,BERIČEVO,54
b59656a4-b6e7-4b87-977c-078c59088a50,aa42017d-812a-4175-bc9b-0fec03b18931,295616c0-387b-4f60-a337-7743cd6be04e,Bavarski dvor,170
b59656a4-b6e7-4b87-977c-078c59088a50,aa42017d-812a-4175-bc9b-0fec03b18931,aa42017d-812a-4175-bc9b-0fec03b18931,Ambrožev trg,370
b59656a4-b6e7-4b87-977c-078c59088a50,aa42017d-812a-4175-bc9b-0fec03b18931,f33b721f-a8a3-4aad-96f2-077da09ebaa6,Razstavišče,109
b59656a4-b6e7-4b87-977c-078c59088a50,aa42017d-812a-4175-bc9b-0fec03b18931,a719a87c-4e93-4387-a6d1-2631a487f7e0,Ajdovščina,50
b59656a4-b6e7-4b87-977c-078c59088a50,aa42017d-812a-4175-bc9b-0fec03b18931,295616c0-387b-4f60-a337-7743cd6be04e,Bavarski dvor,260
b59656a4-b6e7-4b87-977c-078c59088a50,aa42017d-812a-4175-bc9b-0fec03b18931,a0b1fb90-3f6a-4231-910a-18be192ac762,Flajšmanova,44
b59656a4-b6e7-4b87-977c-078c59088a50,aa42017d-812a-4175-bc9b-0fec03b18931,7484317c-269f-425f-8118-23eedab4e5f1,Tivoli,130
b59656a4-b6e7-4b87-977c-078c59088a50,aa42017d-812a-4175-bc9b-0fec03b18931,a719a87c-4e93-4387-a6d1-2631a487f7e0,Ajdovščina,418
b59656a4-b6e7-4b87-977c-078c59088a50,aa42017d-812a-4175-bc9b-0fec03b18931,7fad8003-fb10-489d-bf8d-6d433310ad90,Nove Jarše,346
b59656a4-b6e7-4b87-977c-078c59088a50,aa42017d-812a-4175-bc9b-0fec03b18931,c87db9be-1fba-4102-a743-0ee4317dd5af,Bavarski dvor,12
b59656a4-b6e7-4b87-977c-078c59088a50,aa42017d-812a-4175-bc9b-0fec03b18931,ac3afe7d-a2b3-4d5d-9e6a-1d2412a3bc70,Litostrojska,40
b59656a4-b6e7-4b87-977c-078c59088a50,aa42017d-812a-4175-bc9b-0fec03b18931,484b5c91-1220-43ba-af79-84e712fcc46b,Slovenija avto,116
b59656a4-b6e7-4b87-977c-078c59088a50,aa42017d-812a-4175-bc9b-0fec03b18931,6182f8e8-c45e-4606-b4a4-d909bd44d2cc,Gornji trg,513
b59656a4-b6e7-4b87-977c-078c59088a50,aa42017d-812a-4175-bc9b-0fec03b18931,c87db9be-1fba-4102-a743-0ee4317dd5af,Bavarski dvor,108
b59656a4-b6e7-4b87-977c-078c59088a50,aa42017d-812a-4175-bc9b-0fec03b18931,c87db9be-1fba-4102-a743-0ee4317dd5af,Bavarski dvor,133
b59656a4-b6e7-4b87-977c-078c59088a50,aa42017d-812a-4175-bc9b-0fec03b18931,f33b721f-a8a3-4aad-96f2-077da09ebaa6,Razstavišče,18
b59656a4-b6e7-4b87-977c-078c59088a50,aa42017d-812a-4175-bc9b-0fec03b18931,c87db9be-1fba-4102-a743-0ee4317dd5af,Bavarski dvor,124
b59656a4-b6e7-4b87-977c-078c59088a50,aa42017d-812a-4175-bc9b-0fec03b18931,a719a87c-4e93-4387-a6d1-2631a487f7e0,Ajdovščina,38
b59656a4-b6e7-4b87-977c-078c59088a50,aa42017d-812a-4175-bc9b-0fec03b18931,c87db9be-1fba-4102-a743-0ee4317dd5af,Bavarski dvor,78
b59656a4-b6e7-4b87-977c-078c59088a50,aa42017d-812a-4175-bc9b-0fec03b18931,fef200e9-4d98-425b-ab14-8110e2aa85d7,Drama,51
b59656a4-b6e7-4b87-977c-078c59088a50,aa42017d-812a-4175-bc9b-0fec03b18931,a0e0a21b-b8ce-4d76-bbc2-04e179367fee,Šola Jarše,9
b59656a4-b6e7-4b87-977c-078c59088a50,aa42017d-812a-4175-bc9b-0fec03b18931,a719a87c-4e93-4387-a6d1-2631a487f7e0,Ajdovščina,5
b59656a4-b6e7-4b87-977c-078c59088a50,aa42017d-812a-4175-bc9b-0fec03b18931,484b5c91-1220-43ba-af79-84e712fcc46b,Slovenija avto,71
b59656a4-b6e7-4b87-977c-078c59088a50,aa42017d-812a-4175-bc9b-0fec03b18931,c87db9be-1fba-4102-a743-0ee4317dd5af,Bavarski dvor,334
b59656a4-b6e7-4b87-977c-078c59088a50,aa42017d-812a-4175-bc9b-0fec03b18931,1ce1c3a8-e0f6-4f90-b1aa-1448759d8b3c,Astra,251
b59656a4-b6e7-4b87-977c-078c59088a50,aa42017d-812a-4175-bc9b-0fec03b18931,f33b721f-a8a3-4aad-96f2-077da09ebaa6,Razstavišče,71
b59656a4-b6e7-4b87-977c-078c59088a50,aa42017d-812a-4175-bc9b-0fec03b18931,023d7b7a-b411-4e61-8746-b07f9e5c8f90,Ambrožev trg,331
b59656a4-b6e7-4b87-977c-078c59088a50,aa42017d-812a-4175-bc9b-0fec03b18931,295616c0-387b-4f60-a337-7743cd6be04e,Bavarski dvor,227
b59656a4-b6e7-4b87-977c-078c59088a50,aa42017d-812a-4175-bc9b-0fec03b18931,c87db9be-1fba-4102-a743-0ee4317dd5af,Bavarski dvor,19
b59656a4-b6e7-4b87-977c-078c59088a50,aa42017d-812a-4175-bc9b-0fec03b18931,c5ec5e81-2ce4-452d-bd7a-595de4f8b34f,Prušnikova,113
b59656a4-b6e7-4b87-977c-078c59088a50,aa42017d-812a-4175-bc9b-0fec03b18931,295616c0-387b-4f60-a337-7743cd6be04e,Bavarski dvor,174
b59656a4-b6e7-4b87-977c-078c59088a50,aa42017d-812a-4175-bc9b-0fec03b18931,c87db9be-1fba-4102-a743-0ee4317dd5af,Bavarski dvor,66
b59656a4-b6e7-4b87-977c-078c59088a50,aa42017d-812a-4175-bc9b-0fec03b18931,c87db9be-1fba-4102-a743-0ee4317dd5af,Bavarski dvor,87
b59656a4-b6e7-4b87-977c-078c59088a50,aa42017d-812a-4175-bc9b-0fec03b18931,295616c0-387b-4f60-a337-7743cd6be04e,Bavarski dvor,63
b59656a4-b6e7-4b87-977c-078c59088a50,aa42017d-812a-4175-bc9b-0fec03b18931,c627c9f2-af02-4d83-969a-566719bb09e3,GAMELJNE,42
b59656a4-b6e7-4b87-977c-078c59088a50,aa42017d-812a-4175-bc9b-0fec03b18931,fef200e9-4d98-425b-ab14-8110e2aa85d7,Drama,42
b59656a4-b6e7-4b87-977c-078c59088a50,aa42017d-812a-4175-bc9b-0fec03b18931,98fa3880-5936-4ec8-ba04-39c7ff9a0e6a,Stara cerkev,125
b59656a4-b6e7-4b87-977c-078c59088a50,aa42017d-812a-4175-bc9b-0fec03b18931,7eb88e01-82e9-4af4-84d0-69c6ea9dc82c,Kolodvor,495
b59656a4-b6e7-4b87-977c-078c59088a50,aa42017d-812a-4175-bc9b-0fec03b18931,1b3ddeca-a066-43ee-9ae5-8339628129c2,Žale,6
b59656a4-b6e7-4b87-977c-078c59088a50,aa42017d-812a-4175-bc9b-0fec03b18931,e9d9f622-7394-4c5c-9031-a41855a64aa7,Polje,215
b59656a4-b6e7-4b87-977c-078c59088a50,aa42017d-812a-4175-bc9b-0fec03b18931,592b37eb-8255-4758-ae8a-7cef98521013,Rogovilc,657
b59656a4-b6e7-4b87-977c-078c59088a50,aa42017d-812a-4175-bc9b-0fec03b18931,7eb88e01-82e9-4af4-84d0-69c6ea9dc82c,Kolodvor,99
b59656a4-b6e7-4b87-977c-078c59088a50,aa42017d-812a-4175-bc9b-0fec03b18931,a719a87c-4e93-4387-a6d1-2631a487f7e0,Ajdovščina,5
b59656a4-b6e7-4b87-977c-078c59088a50,aa42017d-812a-4175-bc9b-0fec03b18931,295616c0-387b-4f60-a337-7743cd6be04e,Bavarski dvor,108
b59656a4-b6e7-4b87-977c-078c59088a50,aa42017d-812a-4175-bc9b-0fec03b18931,295616c0-387b-4f60-a337-7743cd6be04e,Bavarski dvor,102
b59656a4-b6e7-4b87-977c-078c59088a50,aa42017d-812a-4175-bc9b-0fec03b18931,2f874852-bc80-4ff3-b6bf-a914e31251c8,Savske stolpnice,90
b59656a4-b6e7-4b87-977c-078c59088a50,aa42017d-812a-4175-bc9b-0fec03b18931,7fa32ea0-e884-435a-a81c-51bbd5cedf3e,Zaloška,236
b59656a4-b6e7-4b87-977c-078c59088a50,aa42017d-812a-4175-bc9b-0fec03b18931,c87db9be-1fba-4102-a743-0ee4317dd5af,Bavarski dvor,89
b59656a4-b6e7-4b87-977c-078c59088a50,aa42017d-812a-4175-bc9b-0fec03b18931,9cfac7e2-9653-4e52-a6d3-27756d27f817,Kino Šiška,92
b59656a4-b6e7-4b87-977c-078c59088a50,aa42017d-812a-4175-bc9b-0fec03b18931,5d7f28a6-2a2a-4333-aa06-48edfb652f86,Pošta,171
b59656a4-b6e7-4b87-977c-078c59088a50,aa42017d-812a-4175-bc9b-0fec03b18931,9b0074d2-2c92-4c01-830b-00be8e05b412,Cukrarna,90
b59656a4-b6e7-4b87-977c-078c59088a50,aa42017d-812a-4175-bc9b-0fec03b18931,7fa32ea0-e884-435a-a81c-51bbd5cedf3e,Zaloška,111
b59656a4-b6e7-4b87-977c-078c59088a50,aa42017d-812a-4175-bc9b-0fec03b18931,7fa32ea0-e884-435a-a81c-51bbd5cedf3e,Zaloška,284
b59656a4-b6e7-4b87-977c-078c59088a50,aa42017d-812a-4175-bc9b-0fec03b18931,a0b1fb90-3f6a-4231-910a-18be192ac762,Flajšmanova,165
b59656a4-b6e7-4b87-977c-078c59088a50,aa42017d-812a-4175-bc9b-0fec03b18931,717dda7e-d793-4697-8f60-b64ee8b1edc4,Gosposvetska,175
b59656a4-b6e7-4b87-977c-078c59088a50,aa42017d-812a-4175-bc9b-0fec03b18931,ecc4ae87-ae08-4b94-995c-452fdd94df7f,Privoz,7
b59656a4-b6e7-4b87-977c-078c59088a50,aa42017d-812a-4175-bc9b-0fec03b18931,c87db9be-1fba-4102-a743-0ee4317dd5af,Bavarski dvor,81
b59656a4-b6e7-4b87-977c-078c59088a50,aa42017d-812a-4175-bc9b-0fec03b18931,ac3afe7d-a2b3-4d5d-9e6a-1d2412a3bc70,Litostrojska,46
b59656a4-b6e7-4b87-977c-078c59088a50,aa42017d-812a-4175-bc9b-0fec03b18931,484b5c91-1220-43ba-af79-84e712fcc46b,Slovenija avto,13
b59656a4-b6e7-4b87-977c-078c59088a50,aa42017d-812a-4175-bc9b-0fec03b18931,5d7f28a6-2a2a-4333-aa06-48edfb652f86,Pošta,329
b59656a4-b6e7-4b87-977c-078c59088a50,aa42017d-812a-4175-bc9b-0fec03b18931,7bcbdcaa-00b9-47d4-8982-09da26cd7bcb,Zaloška,273
b59656a4-b6e7-4b87-977c-078c59088a50,aa42017d-812a-4175-bc9b-0fec03b18931,a719a87c-4e93-4387-a6d1-2631a487f7e0,Ajdovščina,453
b59656a4-b6e7-4b87-977c-078c59088a50,aa42017d-812a-4175-bc9b-0fec03b18931,c5ec5e81-2ce4-452d-bd7a-595de4f8b34f,Prušnikova,239
b59656a4-b6e7-4b87-977c-078c59088a50,aa42017d-812a-4175-bc9b-0fec03b18931,98fa3880-5936-4ec8-ba04-39c7ff9a0e6a,Stara cerkev,179
b59656a4-b6e7-4b87-977c-078c59088a50,aa42017d-812a-4175-bc9b-0fec03b18931,cee2862b-9b70-4880-8fa3-16c6d2efae1b,AMZS,60
b59656a4-b6e7-4b87-977c-078c59088a50,aa42017d-812a-4175-bc9b-0fec03b18931,0b4a072e-6c2d-4c71-ab80-2b7142df81de,Tivoli,563
b59656a4-b6e7-4b87-977c-078c59088a50,aa42017d-812a-4175-bc9b-0fec03b18931,c87db9be-1fba-4102-a743-0ee4317dd5af,Bavarski dvor,344
b59656a4-b6e7-4b87-977c-078c59088a50,aa42017d-812a-4175-bc9b-0fec03b18931,a719a87c-4e93-4387-a6d1-2631a487f7e0,Ajdovščina,59
b59656a4-b6e7-4b87-977c-078c59088a50,aa42017d-812a-4175-bc9b-0fec03b18931,8512e1be-4637-483b-a3e6-78ccc6d2c5b1,Navje,50
b59656a4-b6e7-4b87-977c-078c59088a50,aa42017d-812a-4175-bc9b-0fec03b18931,ac3afe7d-a2b3-4d5d-9e6a-1d2412a3bc70,Litostrojska,111
b59656a4-b6e7-4b87-977c-078c59088a50,aa42017d-812a-4175-bc9b-0fec03b18931,c87db9be-1fba-4102-a743-0ee4317dd5af,Bavarski dvor,15
b59656a4-b6e7-4b87-977c-078c59088a50,aa42017d-812a-4175-bc9b-0fec03b18931,fef200e9-4d98-425b-ab14-8110e2aa85d7,Drama,183
b59656a4-b6e7-4b87-977c-078c59088a50,aa42017d-812a-4175-bc9b-0fec03b18931,7fad8003-fb10-489d-bf8d-6d433310ad90,Nove Jarše,21
b59656a4-b6e7-4b87-977c-078c59088a50,aa42017d-812a-4175-bc9b-0fec03b18931,454817d3-3750-49c7-994c-14d06fd2c634,Žale,62
b59656a4-b6e7-4b87-977c-078c59088a50,aa42017d-812a-4175-bc9b-0fec03b18931,484b5c91-1220-43ba-af79-84e712fcc46b,Slovenija avto,111
b59656a4-b6e7-4b87-977c-078c59088a50,aa42017d-812a-4175-bc9b-0fec03b18931,c87db9be-1fba-4102-a743-0ee4317dd5af,Bavarski dvor,66
b59656a4-b6e7-4b87-977c-078c59088a50,aa42017d-812a-4175-bc9b-0fec03b18931,c87db9be-1fba-4102-a743-0ee4317dd5af,Bavarski dvor,47
b59656a4-b6e7-4b87-977c-078c59088a50,aa42017d-812a-4175-bc9b-0fec03b18931,a0b1fb90-3f6a-4231-910a-18be192ac762,Flajšmanova,190
b59656a4-b6e7-4b87-977c-078c59088a50,aa42017d-812a-4175-bc9b-0fec03b18931,c87db9be-1fba-4102-a743-0ee4317dd5af,Bavarski dvor,40
b59656a4-b6e7-4b87-977c-078c59088a50,aa42017d-812a-4175-bc9b-0fec03b18931,9cfac7e2-9653-4e52-a6d3-27756d27f817,Kino Šiška,65
b59656a4-b6e7-4b87-977c-078c59088a50,aa42017d-812a-4175-bc9b-0fec03b18931,f33b721f-a8a3-4aad-96f2-077da09ebaa6,Razstavišče,236
b59656a4-b6e7-4b87-977c-078c59088a50,aa42017d-812a-4175-bc9b-0fec03b18931,5d7f28a6-2a2a-4333-aa06-48edfb652f86,Pošta,117
b59656a4-b6e7-4b87-977c-078c59088a50,aa42017d-812a-4175-bc9b-0fec03b18931,fef200e9-4d98-425b-ab14-8110e2aa85d7,Drama,251
b59656a4-b6e7-4b87-977c-078c59088a50,aa42017d-812a-4175-bc9b-0fec03b18931,fef200e9-4d98-425b-ab14-8110e2aa85d7,Drama,95
b59656a4-b6e7-4b87-977c-078c59088a50,aa42017d-812a-4175-bc9b-0fec03b18931,48507e1a-32df-4552-9448-3b345760b75f,Cesta na Vevče,137
b59656a4-b6e7-4b87-977c-078c59088a50,aa42017d-812a-4175-bc9b-0fec03b18931,a719a87c-4e93-4387-a6d1-2631a487f7e0,Ajdovščina,212
b59656a4-b6e7-4b87-977c-078c59088a50,aa42017d-812a-4175-bc9b-0fec03b18931,484b5c91-1220-43ba-af79-84e712fcc46b,Slovenija avto,12
b59656a4-b6e7-4b87-977c-078c59088a50,aa42017d-812a-4175-bc9b-0fec03b18931,dfde6478-02b5-471b-a470-29cb0e84542f,Slovenija avto,107
b59656a4-b6e7-4b87-977c-078c59088a50,aa42017d-812a-4175-bc9b-0fec03b18931,c87db9be-1fba-4102-a743-0ee4317dd5af,Bavarski dvor,49
b59656a4-b6e7-4b87-977c-078c59088a50,aa42017d-812a-4175-bc9b-0fec03b18931,9b0074d2-2c92-4c01-830b-00be8e05b412,Cukrarna,308
b59656a4-b6e7-4b87-977c-078c59088a50,aa42017d-812a-4175-bc9b-0fec03b18931,a7094427-e180-4deb-acaf-5d4488326e9e,ZADOBROVA,67
b59656a4-b6e7-4b87-977c-078c59088a50,aa42017d-812a-4175-bc9b-0fec03b18931,7eb88e01-82e9-4af4-84d0-69c6ea9dc82c,Kolodvor,134
b59656a4-b6e7-4b87-977c-078c59088a50,aa42017d-812a-4175-bc9b-0fec03b18931,609f0950-bb8c-4eaf-a931-8575b8aff1ac,Savske stolpnice,615
b59656a4-b6e7-4b87-977c-078c59088a50,aa42017d-812a-4175-bc9b-0fec03b18931,aa42017d-812a-4175-bc9b-0fec03b18931,Ambrožev trg,26
b59656a4-b6e7-4b87-977c-078c59088a50,aa42017d-812a-4175-bc9b-0fec03b18931,c87db9be-1fba-4102-a743-0ee4317dd5af,Bavarski dvor,238
b59656a4-b6e7-4b87-977c-078c59088a50,aa42017d-812a-4175-bc9b-0fec03b18931,484b5c91-1220-43ba-af79-84e712fcc46b,Slovenija avto,89
b59656a4-b6e7-4b87-977c-078c59088a50,aa42017d-812a-4175-bc9b-0fec03b18931,5d7f28a6-2a2a-4333-aa06-48edfb652f86,Pošta,101
b59656a4-b6e7-4b87-977c-078c59088a50,aa42017d-812a-4175-bc9b-0fec03b18931,454817d3-3750-49c7-994c-14d06fd2c634,Žale,222
b59656a4-b6e7-4b87-977c-078c59088a50,aa42017d-812a-4175-bc9b-0fec03b18931,295616c0-387b-4f60-a337-7743cd6be04e,Bavarski dvor,97
b59656a4-b6e7-4b87-977c-078c59088a50,aa42017d-812a-4175-bc9b-0fec03b18931,N/A,N/A,660
b59656a4-b6e7-4b87-977c-078c59088a50,aa42017d-812a-4175-bc9b-0fec03b18931,6a89c110-a0f8-4b1a-87f0-33f49c0a658e,Šola Jarše,126
b59656a4-b6e7-4b87-977c-078c59088a50,aa42017d-812a-4175-bc9b-0fec03b18931,05643914-8ff7-4064-8737-2761d44a083f,Tabor,10
b59656a4-b6e7-4b87-977c-078c59088a50,aa42017d-812a-4175-bc9b-0fec03b18931,cdabf1ea-b04c-480a-8359-72c46e6864ab,Bežigrad,192
b59656a4-b6e7-4b87-977c-078c59088a50,aa42017d-812a-4175-bc9b-0fec03b18931,21764d19-62cc-49fd-bac9-403aeac6a6b9,Ježica,23
b59656a4-b6e7-4b87-977c-078c59088a50,aa42017d-812a-4175-bc9b-0fec03b18931,c87db9be-1fba-4102-a743-0ee4317dd5af,Bavarski dvor,109
b59656a4-b6e7-4b87-977c-078c59088a50,aa42017d-812a-4175-bc9b-0fec03b18931,484b5c91-1220-43ba-af79-84e712fcc46b,Slovenija avto,76
b59656a4-b6e7-4b87-977c-078c59088a50,aa42017d-812a-4175-bc9b-0fec03b18931,717dda7e-d793-4697-8f60-b64ee8b1edc4,Gosposvetska,654
b59656a4-b6e7-4b87-977c-078c59088a50,aa42017d-812a-4175-bc9b-0fec03b18931,7fad8003-fb10-489d-bf8d-6d433310ad90,Nove Jarše,447
b59656a4-b6e7-4b87-977c-078c59088a50,aa42017d-812a-4175-bc9b-0fec03b18931,c87db9be-1fba-4102-a743-0ee4317dd5af,Bavarski dvor,562
b59656a4-b6e7-4b87-977c-078c59088a50,aa42017d-812a-4175-bc9b-0fec03b18931,717dda7e-d793-4697-8f60-b64ee8b1edc4,Gosposvetska,12
b59656a4-b6e7-4b87-977c-078c59088a50,aa42017d-812a-4175-bc9b-0fec03b18931,295616c0-387b-4f60-a337-7743cd6be04e,Bavarski dvor,21
b59656a4-b6e7-4b87-977c-078c59088a50,aa42017d-812a-4175-bc9b-0fec03b18931,7fa32ea0-e884-435a-a81c-51bbd5cedf3e,Zaloška,249
b59656a4-b6e7-4b87-977c-078c59088a50,aa42017d-812a-4175-bc9b-0fec03b18931,eb165f50-9c43-4b09-9658-469a16d3dc83,Kodeljevo,36
b59656a4-b6e7-4b87-977c-078c59088a50,aa42017d-812a-4175-bc9b-0fec03b18931,295616c0-387b-4f60-a337-7743cd6be04e,Bavarski dvor,39
b59656a4-b6e7-4b87-977c-078c59088a50,aa42017d-812a-4175-bc9b-0fec03b18931,a719a87c-4e93-4387-a6d1-2631a487f7e0,Ajdovščina,28
b59656a4-b6e7-4b87-977c-078c59088a50,aa42017d-812a-4175-bc9b-0fec03b18931,a2ce7e6f-0f99-443a-a973-81a0b9c60261,Astra,192
b59656a4-b6e7-4b87-977c-078c59088a50,aa42017d-812a-4175-bc9b-0fec03b18931,98fa3880-5936-4ec8-ba04-39c7ff9a0e6a,Stara cerkev,422
b59656a4-b6e7-4b87-977c-078c59088a50,aa42017d-812a-4175-bc9b-0fec03b18931,c87db9be-1fba-4102-a743-0ee4317dd5af,Bavarski dvor,48
b59656a4-b6e7-4b87-977c-078c59088a50,aa42017d-812a-4175-bc9b-0fec03b18931,c87db9be-1fba-4102-a743-0ee4317dd5af,Bavarski dvor,350
b59656a4-b6e7-4b87-977c-078c59088a50,aa42017d-812a-4175-bc9b-0fec03b18931,a719a87c-4e93-4387-a6d1-2631a487f7e0,Ajdovščina,379
b59656a4-b6e7-4b87-977c-078c59088a50,aa42017d-812a-4175-bc9b-0fec03b18931,c87db9be-1fba-4102-a743-0ee4317dd5af,Bavarski dvor,108
b59656a4-b6e7-4b87-977c-078c59088a50,aa42017d-812a-4175-bc9b-0fec03b18931,5d7f28a6-2a2a-4333-aa06-48edfb652f86,Pošta,353
b59656a4-b6e7-4b87-977c-078c59088a50,aa42017d-812a-4175-bc9b-0fec03b18931,98fa3880-5936-4ec8-ba04-39c7ff9a0e6a,Stara cerkev,34
b59656a4-b6e7-4b87-977c-078c59088a50,aa42017d-812a-4175-bc9b-0fec03b18931,c22879e5-8e90-4540-9a74-5f139208e492,Friškovec,19
b59656a4-b6e7-4b87-977c-078c59088a50,aa42017d-812a-4175-bc9b-0fec03b18931,c87db9be-1fba-4102-a743-0ee4317dd5af,Bavarski dvor,442
b59656a4-b6e7-4b87-977c-078c59088a50,aa42017d-812a-4175-bc9b-0fec03b18931,1b3ddeca-a066-43ee-9ae5-8339628129c2,Žale,236
b59656a4-b6e7-4b87-977c-078c59088a50,aa42017d-812a-4175-bc9b-0fec03b18931,a719a87c-4e93-4387-a6d1-2631a487f7e0,Ajdovščina,128
b59656a4-b6e7-4b87-977c-078c59088a50,aa42017d-812a-4175-bc9b-0fec03b18931,6182f8e8-c45e-4606-b4a4-d909bd44d2cc,Gornji trg,89
b59656a4-b6e7-4b87-977c-078c59088a50,aa42017d-812a-4175-bc9b-0fec03b18931,484b5c91-1220-43ba-af79-84e712fcc46b,Slovenija avto,357
b59656a4-b6e7-4b87-977c-078c59088a50,aa42017d-812a-4175-bc9b-0fec03b18931,484b5c91-1220-43ba-af79-84e712fcc46b,Slovenija avto,36
b59656a4-b6e7-4b87-977c-078c59088a50,aa42017d-812a-4175-bc9b-0fec03b18931,7eb88e01-82e9-4af4-84d0-69c6ea9dc82c,Kolodvor,106
b59656a4-b6e7-4b87-977c-078c59088a50,aa42017d-812a-4175-bc9b-0fec03b18931,295616c0-387b-4f60-a337-7743cd6be04e,Bavarski dvor,234
b59656a4-b6e7-4b87-977c-078c59088a50,aa42017d-812a-4175-bc9b-0fec03b18931,5d7f28a6-2a2a-4333-aa06-48edfb652f86,Pošta,33
b59656a4-b6e7-4b87-977c-078c59088a50,aa42017d-812a-4175-bc9b-0fec03b18931,f33b721f-a8a3-4aad-96f2-077da09ebaa6,Razstavišče,332
b59656a4-b6e7-4b87-977c-078c59088a50,aa42017d-812a-4175-bc9b-0fec03b18931,c87db9be-1fba-4102-a743-0ee4317dd5af,Bavarski dvor,18
b59656a4-b6e7-4b87-977c-078c59088a50,aa42017d-812a-4175-bc9b-0fec03b18931,717dda7e-d793-4697-8f60-b64ee8b1edc4,Gosposvetska,3
b59656a4-b6e7-4b87-977c-078c59088a50,aa42017d-812a-4175-bc9b-0fec03b18931,a719a87c-4e93-4387-a6d1-2631a487f7e0,Ajdovščina,7
b59656a4-b6e7-4b87-977c-078c59088a50,aa42017d-812a-4175-bc9b-0fec03b18931,5de84f88-3f32-4636-8c30-03cc267ecf37,Podvozna pot,620
b59656a4-b6e7-4b87-977c-078c59088a50,aa42017d-812a-4175-bc9b-0fec03b18931,5d7f28a6-2a2a-4333-aa06-48edfb652f86,Pošta,122
b59656a4-b6e7-4b87-977c-078c59088a50,aa42017d-812a-4175-bc9b-0fec03b18931,9b0074d2-2c92-4c01-830b-00be8e05b412,Cukrarna,130
b59656a4-b6e7-4b87-977c-078c59088a50,aa42017d-812a-4175-bc9b-0fec03b18931,717dda7e-d793-4697-8f60-b64ee8b1edc4,Gosposvetska,223
b59656a4-b6e7-4b87-977c-078c59088a50,aa42017d-812a-4175-bc9b-0fec03b18931,a719a87c-4e93-4387-a6d1-2631a487f7e0,Ajdovščina,15
b59656a4-b6e7-4b87-977c-078c59088a50,aa42017d-812a-4175-bc9b-0fec03b18931,295616c0-387b-4f60-a337-7743cd6be04e,Bavarski dvor,213
b59656a4-b6e7-4b87-977c-078c59088a50,aa42017d-812a-4175-bc9b-0fec03b18931,5d7f28a6-2a2a-4333-aa06-48edfb652f86,Pošta,203
b59656a4-b6e7-4b87-977c-078c59088a50,aa42017d-812a-4175-bc9b-0fec03b18931,295616c0-387b-4f60-a337-7743cd6be04e,Bavarski dvor,342
b59656a4-b6e7-4b87-977c-078c59088a50,aa42017d-812a-4175-bc9b-0fec03b18931,295616c0-387b-4f60-a337-7743cd6be04e,Bavarski dvor,151
b59656a4-b6e7-4b87-977c-078c59088a50,aa42017d-812a-4175-bc9b-0fec03b18931,f4cfd904-bd11-4247-95df-32c4555a930f,Klinični center,292
b59656a4-b6e7-4b87-977c-078c59088a50,aa42017d-812a-4175-bc9b-0fec03b18931,c22879e5-8e90-4540-9a74-5f139208e492,Friškovec,175
b59656a4-b6e7-4b87-977c-078c59088a50,aa42017d-812a-4175-bc9b-0fec03b18931,f33b721f-a8a3-4aad-96f2-077da09ebaa6,Razstavišče,223
b59656a4-b6e7-4b87-977c-078c59088a50,aa42017d-812a-4175-bc9b-0fec03b18931,6bd46cb7-9e5d-453a-878a-bcc38fb2a5f2,Sava,157
b59656a4-b6e7-4b87-977c-078c59088a50,aa42017d-812a-4175-bc9b-0fec03b18931,8598b85d-3e1d-4767-b72f-0c209038841f,Štepanja vas,167
b59656a4-b6e7-4b87-977c-078c59088a50,aa42017d-812a-4175-bc9b-0fec03b18931,295616c0-387b-4f60-a337-7743cd6be04e,Bavarski dvor,94
b59656a4-b6e7-4b87-977c-078c59088a50,aa42017d-812a-4175-bc9b-0fec03b18931,1b3ddeca-a066-43ee-9ae5-8339628129c2,Žale,15
b59656a4-b6e7-4b87-977c-078c59088a50,aa42017d-812a-4175-bc9b-0fec03b18931,4ca7ae7e-380b-45e3-81de-00ffab5bb531,Yulon,180
b59656a4-b6e7-4b87-977c-078c59088a50,aa42017d-812a-4175-bc9b-0fec03b18931,295616c0-387b-4f60-a337-7743cd6be04e,Bavarski dvor,101
b59656a4-b6e7-4b87-977c-078c59088a50,aa42017d-812a-4175-bc9b-0fec03b18931,e6f5183b-c615-4f47-b4fb-204ee070e825,Bežigrad,239
b59656a4-b6e7-4b87-977c-078c59088a50,aa42017d-812a-4175-bc9b-0fec03b18931,454817d3-3750-49c7-994c-14d06fd2c634,Žale,147
b59656a4-b6e7-4b87-977c-078c59088a50,aa42017d-812a-4175-bc9b-0fec03b18931,277bc73c-e61d-4046-bcfd-31d6161c568e,Center Zalog,238
b59656a4-b6e7-4b87-977c-078c59088a50,aa42017d-812a-4175-bc9b-0fec03b18931,a0b1fb90-3f6a-4231-910a-18be192ac762,Flajšmanova,55
b59656a4-b6e7-4b87-977c-078c59088a50,aa42017d-812a-4175-bc9b-0fec03b18931,fef200e9-4d98-425b-ab14-8110e2aa85d7,Drama,95
b59656a4-b6e7-4b87-977c-078c59088a50,aa42017d-812a-4175-bc9b-0fec03b18931,f33b721f-a8a3-4aad-96f2-077da09ebaa6,Razstavišče,34
b59656a4-b6e7-4b87-977c-078c59088a50,aa42017d-812a-4175-bc9b-0fec03b18931,c87db9be-1fba-4102-a743-0ee4317dd5af,Bavarski dvor,115
b59656a4-b6e7-4b87-977c-078c59088a50,aa42017d-812a-4175-bc9b-0fec03b18931,a719a87c-4e93-4387-a6d1-2631a487f7e0,Ajdovščina,240
b59656a4-b6e7-4b87-977c-078c59088a50,aa42017d-812a-4175-bc9b-0fec03b18931,N/A,N/A,660
b59656a4-b6e7-4b87-977c-078c59088a50,aa42017d-812a-4175-bc9b-0fec03b18931,dfde6478-02b5-471b-a470-29cb0e84542f,Slovenija avto,324
b59656a4-b6e7-4b87-977c-078c59088a50,aa42017d-812a-4175-bc9b-0fec03b18931,c87db9be-1fba-4102-a743-0ee4317dd5af,Bavarski dvor,12
b59656a4-b6e7-4b87-977c-078c59088a50,aa42017d-812a-4175-bc9b-0fec03b18931,fef200e9-4d98-425b-ab14-8110e2aa85d7,Drama,154
b59656a4-b6e7-4b87-977c-078c59088a50,aa42017d-812a-4175-bc9b-0fec03b18931,5d7f28a6-2a2a-4333-aa06-48edfb652f86,Pošta,63
b59656a4-b6e7-4b87-977c-078c59088a50,aa42017d-812a-4175-bc9b-0fec03b18931,a2ce7e6f-0f99-443a-a973-81a0b9c60261,Astra,359
b59656a4-b6e7-4b87-977c-078c59088a50,aa42017d-812a-4175-bc9b-0fec03b18931,a0b1fb90-3f6a-4231-910a-18be192ac762,Flajšmanova,16
b59656a4-b6e7-4b87-977c-078c59088a50,aa42017d-812a-4175-bc9b-0fec03b18931,c87db9be-1fba-4102-a743-0ee4317dd5af,Bavarski dvor,14
b59656a4-b6e7-4b87-977c-078c59088a50,aa42017d-812a-4175-bc9b-0fec03b18931,484b5c91-1220-43ba-af79-84e712fcc46b,Slovenija avto,50
b59656a4-b6e7-4b87-977c-078c59088a50,aa42017d-812a-4175-bc9b-0fec03b18931,295616c0-387b-4f60-a337-7743cd6be04e,Bavarski dvor,265
b59656a4-b6e7-4b87-977c-078c59088a50,aa42017d-812a-4175-bc9b-0fec03b18931,295616c0-387b-4f60-a337-7743cd6be04e,Bavarski dvor,192
b59656a4-b6e7-4b87-977c-078c59088a50,aa42017d-812a-4175-bc9b-0fec03b18931,a719a87c-4e93-4387-a6d1-2631a487f7e0,Ajdovščina,483
b59656a4-b6e7-4b87-977c-078c59088a50,aa42017d-812a-4175-bc9b-0fec03b18931,c87db9be-1fba-4102-a743-0ee4317dd5af,Bavarski dvor,19
b59656a4-b6e7-4b87-977c-078c59088a50,aa42017d-812a-4175-bc9b-0fec03b18931,5d7f28a6-2a2a-4333-aa06-48edfb652f86,Pošta,115
b59656a4-b6e7-4b87-977c-078c59088a50,aa42017d-812a-4175-bc9b-0fec03b18931,6bd46cb7-9e5d-453a-878a-bcc38fb2a5f2,Sava,7
b59656a4-b6e7-4b87-977c-078c59088a50,aa42017d-812a-4175-bc9b-0fec03b18931,1b3ddeca-a066-43ee-9ae5-8339628129c2,Žale,105
b59656a4-b6e7-4b87-977c-078c59088a50,aa42017d-812a-4175-bc9b-0fec03b18931,c87db9be-1fba-4102-a743-0ee4317dd5af,Bavarski dvor,26
b59656a4-b6e7-4b87-977c-078c59088a50,aa42017d-812a-4175-bc9b-0fec03b18931,c87db9be-1fba-4102-a743-0ee4317dd5af,Bavarski dvor,14
b59656a4-b6e7-4b87-977c-078c59088a50,aa42017d-812a-4175-bc9b-0fec03b18931,c87db9be-1fba-4102-a743-0ee4317dd5af,Bavarski dvor,306
b59656a4-b6e7-4b87-977c-078c59088a50,aa42017d-812a-4175-bc9b-0fec03b18931,f33b721f-a8a3-4aad-96f2-077da09ebaa6,Razstavišče,13
b59656a4-b6e7-4b87-977c-078c59088a50,aa42017d-812a-4175-bc9b-0fec03b18931,5d7f28a6-2a2a-4333-aa06-48edfb652f86,Pošta,218
b59656a4-b6e7-4b87-977c-078c59088a50,aa42017d-812a-4175-bc9b-0fec03b18931,7fa32ea0-e884-435a-a81c-51bbd5cedf3e,Zaloška,31
b59656a4-b6e7-4b87-977c-078c59088a50,aa42017d-812a-4175-bc9b-0fec03b18931,fef200e9-4d98-425b-ab14-8110e2aa85d7,Drama,89
b59656a4-b6e7-4b87-977c-078c59088a50,aa42017d-812a-4175-bc9b-0fec03b18931,f33b721f-a8a3-4aad-96f2-077da09ebaa6,Razstavišče,14
b59656a4-b6e7-4b87-977c-078c59088a50,aa42017d-812a-4175-bc9b-0fec03b18931,295616c0-387b-4f60-a337-7743cd6be04e,Bavarski dvor,44
b59656a4-b6e7-4b87-977c-078c59088a50,aa42017d-812a-4175-bc9b-0fec03b18931,98fa3880-5936-4ec8-ba04-39c7ff9a0e6a,Stara cerkev,289
b59656a4-b6e7-4b87-977c-078c59088a50,aa42017d-812a-4175-bc9b-0fec03b18931,c22879e5-8e90-4540-9a74-5f139208e492,Friškovec,173
b59656a4-b6e7-4b87-977c-078c59088a50,aa42017d-812a-4175-bc9b-0fec03b18931,4ca7ae7e-380b-45e3-81de-00ffab5bb531,Yulon,346
b59656a4-b6e7-4b87-977c-078c59088a50,aa42017d-812a-4175-bc9b-0fec03b18931,5d7f28a6-2a2a-4333-aa06-48edfb652f86,Pošta,77
b59656a4-b6e7-4b87-977c-078c59088a50,aa42017d-812a-4175-bc9b-0fec03b18931,fef200e9-4d98-425b-ab14-8110e2aa85d7,Drama,232
b59656a4-b6e7-4b87-977c-078c59088a50,aa42017d-812a-4175-bc9b-0fec03b18931,295616c0-387b-4f60-a337-7743cd6be04e,Bavarski dvor,80
b59656a4-b6e7-4b87-977c-078c59088a50,aa42017d-812a-4175-bc9b-0fec03b18931,98fa3880-5936-4ec8-ba04-39c7ff9a0e6a,Stara cerkev,115
b59656a4-b6e7-4b87-977c-078c59088a50,aa42017d-812a-4175-bc9b-0fec03b18931,c87db9be-1fba-4102-a743-0ee4317dd5af,Bavarski dvor,246
b59656a4-b6e7-4b87-977c-078c59088a50,aa42017d-812a-4175-bc9b-0fec03b18931,7fad8003-fb10-489d-bf8d-6d433310ad90,Nove Jarše,30
b59656a4-b6e7-4b87-977c-078c59088a50,aa42017d-812a-4175-bc9b-0fec03b18931,f33b721f-a8a3-4aad-96f2-077da09ebaa6,Razstavišče,111
b59656a4-b6e7-4b87-977c-078c59088a50,aa42017d-812a-4175-bc9b-0fec03b18931,9b0074d2-2c92-4c01-830b-00be8e05b412,Cukrarna,123
b59656a4-b6e7-4b87-977c-078c59088a50,aa42017d-812a-4175-bc9b-0fec03b18931,717dda7e-d793-4697-8f60-b64ee8b1edc4,Gosposvetska,86
b59656a4-b6e7-4b87-977c-078c59088a50,aa42017d-812a-4175-bc9b-0fec03b18931,c87db9be-1fba-4102-a743-0ee4317dd5af,Bavarski dvor,195
b59656a4-b6e7-4b87-977c-078c59088a50,aa42017d-812a-4175-bc9b-0fec03b18931,1ce1c3a8-e0f6-4f90-b1aa-1448759d8b3c,Astra,301
b59656a4-b6e7-4b87-977c-078c59088a50,aa42017d-812a-4175-bc9b-0fec03b18931,a719a87c-4e93-4387-a6d1-2631a487f7e0,Ajdovščina,242
b59656a4-b6e7-4b87-977c-078c59088a50,aa42017d-812a-4175-bc9b-0fec03b18931,295616c0-387b-4f60-a337-7743cd6be04e,Bavarski dvor,73
b59656a4-b6e7-4b87-977c-078c59088a50,aa42017d-812a-4175-bc9b-0fec03b18931,8c7fa045-888b-46d0-8189-6f82623bf481,Poljanska,270
b59656a4-b6e7-4b87-977c-078c59088a50,aa42017d-812a-4175-bc9b-0fec03b18931,cdabf1ea-b04c-480a-8359-72c46e6864ab,Bežigrad,9
b59656a4-b6e7-4b87-977c-078c59088a50,aa42017d-812a-4175-bc9b-0fec03b18931,c87db9be-1fba-4102-a743-0ee4317dd5af,Bavarski dvor,16
b59656a4-b6e7-4b87-977c-078c59088a50,aa42017d-812a-4175-bc9b-0fec03b18931,cdabf1ea-b04c-480a-8359-72c46e6864ab,Bežigrad,93
b59656a4-b6e7-4b87-977c-078c59088a50,aa42017d-812a-4175-bc9b-0fec03b18931,c87db9be-1fba-4102-a743-0ee4317dd5af,Bavarski dvor,47
b59656a4-b6e7-4b87-977c-078c59088a50,aa42017d-812a-4175-bc9b-0fec03b18931,295616c0-387b-4f60-a337-7743cd6be04e,Bavarski dvor,125
b59656a4-b6e7-4b87-977c-078c59088a50,aa42017d-812a-4175-bc9b-0fec03b18931,5d7f28a6-2a2a-4333-aa06-48edfb652f86,Pošta,87
b59656a4-b6e7-4b87-977c-078c59088a50,aa42017d-812a-4175-bc9b-0fec03b18931,a2ce7e6f-0f99-443a-a973-81a0b9c60261,Astra,46
b59656a4-b6e7-4b87-977c-078c59088a50,aa42017d-812a-4175-bc9b-0fec03b18931,717dda7e-d793-4697-8f60-b64ee8b1edc4,Gosposvetska,487
b59656a4-b6e7-4b87-977c-078c59088a50,aa42017d-812a-4175-bc9b-0fec03b18931,5d7f28a6-2a2a-4333-aa06-48edfb652f86,Pošta,80
b59656a4-b6e7-4b87-977c-078c59088a50,aa42017d-812a-4175-bc9b-0fec03b18931,6edebb46-d04f-45c4-99a4-100f7f0b2660,Zadvor,11
b59656a4-b6e7-4b87-977c-078c59088a50,aa42017d-812a-4175-bc9b-0fec03b18931,a719a87c-4e93-4387-a6d1-2631a487f7e0,Ajdovščina,71
b59656a4-b6e7-4b87-977c-078c59088a50,aa42017d-812a-4175-bc9b-0fec03b18931,c87db9be-1fba-4102-a743-0ee4317dd5af,Bavarski dvor,138
b59656a4-b6e7-4b87-977c-078c59088a50,aa42017d-812a-4175-bc9b-0fec03b18931,f33b721f-a8a3-4aad-96f2-077da09ebaa6,Razstavišče,103
b59656a4-b6e7-4b87-977c-078c59088a50,aa42017d-812a-4175-bc9b-0fec03b18931,295616c0-387b-4f60-a337-7743cd6be04e,Bavarski dvor,180
b59656a4-b6e7-4b87-977c-078c59088a50,aa42017d-812a-4175-bc9b-0fec03b18931,5d7f28a6-2a2a-4333-aa06-48edfb652f86,Pošta,149
b59656a4-b6e7-4b87-977c-078c59088a50,aa42017d-812a-4175-bc9b-0fec03b18931,a2ce7e6f-0f99-443a-a973-81a0b9c60261,Astra,8
b59656a4-b6e7-4b87-977c-078c59088a50,aa42017d-812a-4175-bc9b-0fec03b18931,295616c0-387b-4f60-a337-7743cd6be04e,Bavarski dvor,40
b59656a4-b6e7-4b87-977c-078c59088a50,aa42017d-812a-4175-bc9b-0fec03b18931,c87db9be-1fba-4102-a743-0ee4317dd5af,Bavarski dvor,250
b59656a4-b6e7-4b87-977c-078c59088a50,aa42017d-812a-4175-bc9b-0fec03b18931,c87db9be-1fba-4102-a743-0ee4317dd5af,Bavarski dvor,79
b59656a4-b6e7-4b87-977c-078c59088a50,aa42017d-812a-4175-bc9b-0fec03b18931,6a89c110-a0f8-4b1a-87f0-33f49c0a658e,Šola Jarše,371
b59656a4-b6e7-4b87-977c-078c59088a50,aa42017d-812a-4175-bc9b-0fec03b18931,609f0950-bb8c-4eaf-a931-8575b8aff1ac,Savske stolpnice,57
b59656a4-b6e7-4b87-977c-078c59088a50,aa42017d-812a-4175-bc9b-0fec03b18931,c87db9be-1fba-4102-a743-0ee4317dd5af,Bavarski dvor,345
b59656a4-b6e7-4b87-977c-078c59088a50,aa42017d-812a-4175-bc9b-0fec03b18931,717dda7e-d793-4697-8f60-b64ee8b1edc4,Gosposvetska,262
b59656a4-b6e7-4b87-977c-078c59088a50,aa42017d-812a-4175-bc9b-0fec03b18931,a2ce7e6f-0f99-443a-a973-81a0b9c60261,Astra,69
b59656a4-b6e7-4b87-977c-078c59088a50,aa42017d-812a-4175-bc9b-0fec03b18931,c87db9be-1fba-4102-a743-0ee4317dd5af,Bavarski dvor,180
b59656a4-b6e7-4b87-977c-078c59088a50,aa42017d-812a-4175-bc9b-0fec03b18931,f33b721f-a8a3-4aad-96f2-077da09ebaa6,Razstavišče,97
b59656a4-b6e7-4b87-977c-078c59088a50,aa42017d-812a-4175-bc9b-0fec03b18931,fef200e9-4d98-425b-ab14-8110e2aa85d7,Drama,38
b59656a4-b6e7-4b87-977c-078c59088a50,aa42017d-812a-4175-bc9b-0fec03b18931,295616c0-387b-4f60-a337-7743cd6be04e,Bavarski dvor,204
b59656a4-b6e7-4b87-977c-078c59088a50,aa42017d-812a-4175-bc9b-0fec03b18931,6a89c110-a0f8-4b1a-87f0-33f49c0a658e,Šola Jarše,289
b59656a4-b6e7-4b87-977c-078c59088a50,aa42017d-812a-4175-bc9b-0fec03b18931,c87db9be-1fba-4102-a743-0ee4317dd5af,Bavarski dvor,70
b59656a4-b6e7-4b87-977c-078c59088a50,aa42017d-812a-4175-bc9b-0fec03b18931,98fa3880-5936-4ec8-ba04-39c7ff9a0e6a,Stara cerkev,181
b59656a4-b6e7-4b87-977c-078c59088a50,aa42017d-812a-4175-bc9b-0fec03b18931,295616c0-387b-4f60-a337-7743cd6be04e,Bavarski dvor,147
b59656a4-b6e7-4b87-977c-078c59088a50,aa42017d-812a-4175-bc9b-0fec03b18931,5de84f88-3f32-4636-8c30-03cc267ecf37,Podvozna pot,79
b59656a4-b6e7-4b87-977c-078c59088a50,aa42017d-812a-4175-bc9b-0fec03b18931,5d7f28a6-2a2a-4333-aa06-48edfb652f86,Pošta,215
b59656a4-b6e7-4b87-977c-078c59088a50,aa42017d-812a-4175-bc9b-0fec03b18931,c87db9be-1fba-4102-a743-0ee4317dd5af,Bavarski dvor,150
b59656a4-b6e7-4b87-977c-078c59088a50,aa42017d-812a-4175-bc9b-0fec03b18931,c87db9be-1fba-4102-a743-0ee4317dd5af,Bavarski dvor,22
b59656a4-b6e7-4b87-977c-078c59088a50,aa42017d-812a-4175-bc9b-0fec03b18931,c87db9be-1fba-4102-a743-0ee4317dd5af,Bavarski dvor,69
b59656a4-b6e7-4b87-977c-078c59088a50,aa42017d-812a-4175-bc9b-0fec03b18931,5d7f28a6-2a2a-4333-aa06-48edfb652f86,Pošta,92
b59656a4-b6e7-4b87-977c-078c59088a50,aa42017d-812a-4175-bc9b-0fec03b18931,5d7f28a6-2a2a-4333-aa06-48edfb652f86,Pošta,50
b59656a4-b6e7-4b87-977c-078c59088a50,aa42017d-812a-4175-bc9b-0fec03b18931,fef200e9-4d98-425b-ab14-8110e2aa85d7,Drama,350
b59656a4-b6e7-4b87-977c-078c59088a50,aa42017d-812a-4175-bc9b-0fec03b18931,N/A,N/A,660
b59656a4-b6e7-4b87-977c-078c59088a50,aa42017d-812a-4175-bc9b-0fec03b18931,a2ce7e6f-0f99-443a-a973-81a0b9c60261,Astra,217
b59656a4-b6e7-4b87-977c-078c59088a50,aa42017d-812a-4175-bc9b-0fec03b18931,295616c0-387b-4f60-a337-7743cd6be04e,Bavarski dvor,96
b59656a4-b6e7-4b87-977c-078c59088a50,aa42017d-812a-4175-bc9b-0fec03b18931,fef200e9-4d98-425b-ab14-8110e2aa85d7,Drama,58
b59656a4-b6e7-4b87-977c-078c59088a50,aa42017d-812a-4175-bc9b-0fec03b18931,a719a87c-4e93-4387-a6d1-2631a487f7e0,Ajdovščina,107
b59656a4-b6e7-4b87-977c-078c59088a50,aa42017d-812a-4175-bc9b-0fec03b18931,N/A,N/A,660
b59656a4-b6e7-4b87-977c-078c59088a50,aa42017d-812a-4175-bc9b-0fec03b18931,c87db9be-1fba-4102-a743-0ee4317dd5af,Bavarski dvor,53
b59656a4-b6e7-4b87-977c-078c59088a50,aa42017d-812a-4175-bc9b-0fec03b18931,a719a87c-4e93-4387-a6d1-2631a487f7e0,Ajdovščina,537
b59656a4-b6e7-4b87-977c-078c59088a50,aa42017d-812a-4175-bc9b-0fec03b18931,e6f5183b-c615-4f47-b4fb-204ee070e825,Bežigrad,171
b59656a4-b6e7-4b87-977c-078c59088a50,aa42017d-812a-4175-bc9b-0fec03b18931,c87db9be-1fba-4102-a743-0ee4317dd5af,Bavarski dvor,14
b59656a4-b6e7-4b87-977c-078c59088a50,aa42017d-812a-4175-bc9b-0fec03b18931,484b5c91-1220-43ba-af79-84e712fcc46b,Slovenija avto,122
b59656a4-b6e7-4b87-977c-078c59088a50,aa42017d-812a-4175-bc9b-0fec03b18931,eb165f50-9c43-4b09-9658-469a16d3dc83,Kodeljevo,182
b59656a4-b6e7-4b87-977c-078c59088a50,aa42017d-812a-4175-bc9b-0fec03b18931,717dda7e-d793-4697-8f60-b64ee8b1edc4,Gosposvetska,43
b59656a4-b6e7-4b87-977c-078c59088a50,aa42017d-812a-4175-bc9b-0fec03b18931,c87db9be-1fba-4102-a743-0ee4317dd5af,Bavarski dvor,49
b59656a4-b6e7-4b87-977c-078c59088a50,aa42017d-812a-4175-bc9b-0fec03b18931,5d7f28a6-2a2a-4333-aa06-48edfb652f86,Pošta,65
b59656a4-b6e7-4b87-977c-078c59088a50,aa42017d-812a-4175-bc9b-0fec03b18931,717dda7e-d793-4697-8f60-b64ee8b1edc4,Gosposvetska,555
b59656a4-b6e7-4b87-977c-078c59088a50,aa42017d-812a-4175-bc9b-0fec03b18931,295616c0-387b-4f60-a337-7743cd6be04e,Bavarski dvor,239
b59656a4-b6e7-4b87-977c-078c59088a50,aa42017d-812a-4175-bc9b-0fec03b18931,717dda7e-d793-4697-8f60-b64ee8b1edc4,Gosposvetska,200
b59656a4-b6e7-4b87-977c-078c59088a50,aa42017d-812a-4175-bc9b-0fec03b18931,c5ec5e81-2ce4-452d-bd7a-595de4f8b34f,Prušnikova,67
b59656a4-b6e7-4b87-977c-078c59088a50,aa42017d-812a-4175-bc9b-0fec03b18931,295616c0-387b-4f60-a337-7743cd6be04e,Bavarski dvor,548
b59656a4-b6e7-4b87-977c-078c59088a50,aa42017d-812a-4175-bc9b-0fec03b18931,98fa3880-5936-4ec8-ba04-39c7ff9a0e6a,Stara cerkev,78
b59656a4-b6e7-4b87-977c-078c59088a50,aa42017d-812a-4175-bc9b-0fec03b18931,717dda7e-d793-4697-8f60-b64ee8b1edc4,Gosposvetska,65
b59656a4-b6e7-4b87-977c-078c59088a50,aa42017d-812a-4175-bc9b-0fec03b18931,717dda7e-d793-4697-8f60-b64ee8b1edc4,Gosposvetska,145
b59656a4-b6e7-4b87-977c-078c59088a50,aa42017d-812a-4175-bc9b-0fec03b18931,295616c0-387b-4f60-a337-7743cd6be04e,Bavarski dvor,170
b59656a4-b6e7-4b87-977c-078c59088a50,aa42017d-812a-4175-bc9b-0fec03b18931,c87db9be-1fba-4102-a743-0ee4317dd5af,Bavarski dvor,200
b59656a4-b6e7-4b87-977c-078c59088a50,aa42017d-812a-4175-bc9b-0fec03b18931,9b0074d2-2c92-4c01-830b-00be8e05b412,Cukrarna,206
b59656a4-b6e7-4b87-977c-078c59088a50,aa42017d-812a-4175-bc9b-0fec03b18931,a719a87c-4e93-4387-a6d1-2631a487f7e0,Ajdovščina,73
b59656a4-b6e7-4b87-977c-078c59088a50,aa42017d-812a-4175-bc9b-0fec03b18931,52e5adea-e194-4fc1-809c-1d6421f8f8db,Kovinarska,68
b59656a4-b6e7-4b87-977c-078c59088a50,aa42017d-812a-4175-bc9b-0fec03b18931,c87db9be-1fba-4102-a743-0ee4317dd5af,Bavarski dvor,216
b59656a4-b6e7-4b87-977c-078c59088a50,aa42017d-812a-4175-bc9b-0fec03b18931,5d7f28a6-2a2a-4333-aa06-48edfb652f86,Pošta,130
b59656a4-b6e7-4b87-977c-078c59088a50,aa42017d-812a-4175-bc9b-0fec03b18931,cdabf1ea-b04c-480a-8359-72c46e6864ab,Bežigrad,94
b59656a4-b6e7-4b87-977c-078c59088a50,aa42017d-812a-4175-bc9b-0fec03b18931,484b5c91-1220-43ba-af79-84e712fcc46b,Slovenija avto,24
b59656a4-b6e7-4b87-977c-078c59088a50,aa42017d-812a-4175-bc9b-0fec03b18931,ac3afe7d-a2b3-4d5d-9e6a-1d2412a3bc70,Litostrojska,8
b59656a4-b6e7-4b87-977c-078c59088a50,aa42017d-812a-4175-bc9b-0fec03b18931,f33b721f-a8a3-4aad-96f2-077da09ebaa6,Razstavišče,553
b59656a4-b6e7-4b87-977c-078c59088a50,aa42017d-812a-4175-bc9b-0fec03b18931,fef200e9-4d98-425b-ab14-8110e2aa85d7,Drama,32
b59656a4-b6e7-4b87-977c-078c59088a50,aa42017d-812a-4175-bc9b-0fec03b18931,5d7f28a6-2a2a-4333-aa06-48edfb652f86,Pošta,622
b59656a4-b6e7-4b87-977c-078c59088a50,aa42017d-812a-4175-bc9b-0fec03b18931,cee2862b-9b70-4880-8fa3-16c6d2efae1b,AMZS,201
b59656a4-b6e7-4b87-977c-078c59088a50,aa42017d-812a-4175-bc9b-0fec03b18931,c87db9be-1fba-4102-a743-0ee4317dd5af,Bavarski dvor,279
b59656a4-b6e7-4b87-977c-078c59088a50,aa42017d-812a-4175-bc9b-0fec03b18931,4038e02e-f22f-4af0-ba4f-7aab855b53af,Kneza Koclja,125
b59656a4-b6e7-4b87-977c-078c59088a50,aa42017d-812a-4175-bc9b-0fec03b18931,454817d3-3750-49c7-994c-14d06fd2c634,Žale,95
b59656a4-b6e7-4b87-977c-078c59088a50,aa42017d-812a-4175-bc9b-0fec03b18931,484b5c91-1220-43ba-af79-84e712fcc46b,Slovenija avto,30
b59656a4-b6e7-4b87-977c-078c59088a50,aa42017d-812a-4175-bc9b-0fec03b18931,379bc761-04b5-4227-be76-3b870fe3e69f,Pot na Fužine,259
b59656a4-b6e7-4b87-977c-078c59088a50,aa42017d-812a-4175-bc9b-0fec03b18931,98fa3880-5936-4ec8-ba04-39c7ff9a0e6a,Stara cerkev,539
b59656a4-b6e7-4b87-977c-078c59088a50,aa42017d-812a-4175-bc9b-0fec03b18931,f33b721f-a8a3-4aad-96f2-077da09ebaa6,Razstavišče,198
b59656a4-b6e7-4b87-977c-078c59088a50,aa42017d-812a-4175-bc9b-0fec03b18931,8c7fa045-888b-46d0-8189-6f82623bf481,Poljanska,219
b59656a4-b6e7-4b87-977c-078c59088a50,aa42017d-812a-4175-bc9b-0fec03b18931,f33b721f-a8a3-4aad-96f2-077da09ebaa6,Razstavišče,407
b59656a4-b6e7-4b87-977c-078c59088a50,aa42017d-812a-4175-bc9b-0fec03b18931,9e109242-5aad-4fb7-b0c8-576eef8aa4e0,VEVČE,60
b59656a4-b6e7-4b87-977c-078c59088a50,aa42017d-812a-4175-bc9b-0fec03b18931,c87db9be-1fba-4102-a743-0ee4317dd5af,Bavarski dvor,85
b59656a4-b6e7-4b87-977c-078c59088a50,aa42017d-812a-4175-bc9b-0fec03b18931,295616c0-387b-4f60-a337-7743cd6be04e,Bavarski dvor,62
b59656a4-b6e7-4b87-977c-078c59088a50,aa42017d-812a-4175-bc9b-0fec03b18931,fef200e9-4d98-425b-ab14-8110e2aa85d7,Drama,500
b59656a4-b6e7-4b87-977c-078c59088a50,aa42017d-812a-4175-bc9b-0fec03b18931,295616c0-387b-4f60-a337-7743cd6be04e,Bavarski dvor,54
b59656a4-b6e7-4b87-977c-078c59088a50,aa42017d-812a-4175-bc9b-0fec03b18931,295616c0-387b-4f60-a337-7743cd6be04e,Bavarski dvor,183
b59656a4-b6e7-4b87-977c-078c59088a50,aa42017d-812a-4175-bc9b-0fec03b18931,f33b721f-a8a3-4aad-96f2-077da09ebaa6,Razstavišče,367
b59656a4-b6e7-4b87-977c-078c59088a50,aa42017d-812a-4175-bc9b-0fec03b18931,c87db9be-1fba-4102-a743-0ee4317dd5af,Bavarski dvor,242
b59656a4-b6e7-4b87-977c-078c59088a50,aa42017d-812a-4175-bc9b-0fec03b18931,f4cfd904-bd11-4247-95df-32c4555a930f,Klinični center,101
b59656a4-b6e7-4b87-977c-078c59088a50,aa42017d-812a-4175-bc9b-0fec03b18931,379bc761-04b5-4227-be76-3b870fe3e69f,Pot na Fužine,41
b59656a4-b6e7-4b87-977c-078c59088a50,aa42017d-812a-4175-bc9b-0fec03b18931,ecc4ae87-ae08-4b94-995c-452fdd94df7f,Privoz,31
b59656a4-b6e7-4b87-977c-078c59088a50,aa42017d-812a-4175-bc9b-0fec03b18931,c5ec5e81-2ce4-452d-bd7a-595de4f8b34f,Prušnikova,70
b59656a4-b6e7-4b87-977c-078c59088a50,aa42017d-812a-4175-bc9b-0fec03b18931,a719a87c-4e93-4387-a6d1-2631a487f7e0,Ajdovščina,22
b59656a4-b6e7-4b87-977c-078c59088a50,aa42017d-812a-4175-bc9b-0fec03b18931,c87db9be-1fba-4102-a743-0ee4317dd5af,Bavarski dvor,98
b59656a4-b6e7-4b87-977c-078c59088a50,aa42017d-812a-4175-bc9b-0fec03b18931,295616c0-387b-4f60-a337-7743cd6be04e,Bavarski dvor,68
b59656a4-b6e7-4b87-977c-078c59088a50,aa42017d-812a-4175-bc9b-0fec03b18931,f33b721f-a8a3-4aad-96f2-077da09ebaa6,Razstavišče,236
b59656a4-b6e7-4b87-977c-078c59088a50,aa42017d-812a-4175-bc9b-0fec03b18931,295616c0-387b-4f60-a337-7743cd6be04e,Bavarski dvor,31
b59656a4-b6e7-4b87-977c-078c59088a50,aa42017d-812a-4175-bc9b-0fec03b18931,N/A,N/A,660
b59656a4-b6e7-4b87-977c-078c59088a50,aa42017d-812a-4175-bc9b-0fec03b18931,7c149b59-2bc6-45cb-95c8-69e18a0db627,Rusjanov trg,67
b59656a4-b6e7-4b87-977c-078c59088a50,aa42017d-812a-4175-bc9b-0fec03b18931,484b5c91-1220-43ba-af79-84e712fcc46b,Slovenija avto,431
b59656a4-b6e7-4b87-977c-078c59088a50,aa42017d-812a-4175-bc9b-0fec03b18931,c87db9be-1fba-4102-a743-0ee4317dd5af,Bavarski dvor,136
b59656a4-b6e7-4b87-977c-078c59088a50,aa42017d-812a-4175-bc9b-0fec03b18931,295616c0-387b-4f60-a337-7743cd6be04e,Bavarski dvor,157
b59656a4-b6e7-4b87-977c-078c59088a50,aa42017d-812a-4175-bc9b-0fec03b18931,295616c0-387b-4f60-a337-7743cd6be04e,Bavarski dvor,33
b59656a4-b6e7-4b87-977c-078c59088a50,aa42017d-812a-4175-bc9b-0fec03b18931,cdabf1ea-b04c-480a-8359-72c46e6864ab,Bežigrad,92
b59656a4-b6e7-4b87-977c-078c59088a50,aa42017d-812a-4175-bc9b-0fec03b18931,fef200e9-4d98-425b-ab14-8110e2aa85d7,Drama,365
b59656a4-b6e7-4b87-977c-078c59088a50,aa42017d-812a-4175-bc9b-0fec03b18931,c87db9be-1fba-4102-a743-0ee4317dd5af,Bavarski dvor,364
b59656a4-b6e7-4b87-977c-078c59088a50,aa42017d-812a-4175-bc9b-0fec03b18931,c297ac70-8f43-4fbc-a8a4-366ddb883a8d,Bonifacija,538
b59656a4-b6e7-4b87-977c-078c59088a50,aa42017d-812a-4175-bc9b-0fec03b18931,7fad8003-fb10-489d-bf8d-6d433310ad90,Nove Jarše,433
b59656a4-b6e7-4b87-977c-078c59088a50,aa42017d-812a-4175-bc9b-0fec03b18931,12304b99-9a07-485a-a101-eaca90495d48,Besnica šola,31
b59656a4-b6e7-4b87-977c-078c59088a50,aa42017d-812a-4175-bc9b-0fec03b18931,c87db9be-1fba-4102-a743-0ee4317dd5af,Bavarski dvor,231
b59656a4-b6e7-4b87-977c-078c59088a50,aa42017d-812a-4175-bc9b-0fec03b18931,77dcd833-fa4d-4c5a-93b1-31284942e61d,Šišenska,25
b59656a4-b6e7-4b87-977c-078c59088a50,aa42017d-812a-4175-bc9b-0fec03b18931,N/A,N/A,660
b59656a4-b6e7-4b87-977c-078c59088a50,aa42017d-812a-4175-bc9b-0fec03b18931,7fa32ea0-e884-435a-a81c-51bbd5cedf3e,Zaloška,188
b59656a4-b6e7-4b87-977c-078c59088a50,aa42017d-812a-4175-bc9b-0fec03b18931,295616c0-387b-4f60-a337-7743cd6be04e,Bavarski dvor,38
b59656a4-b6e7-4b87-977c-078c59088a50,aa42017d-812a-4175-bc9b-0fec03b18931,7fad8003-fb10-489d-bf8d-6d433310ad90,Nove Jarše,218
b59656a4-b6e7-4b87-977c-078c59088a50,aa42017d-812a-4175-bc9b-0fec03b18931,a0b1fb90-3f6a-4231-910a-18be192ac762,Flajšmanova,16
b59656a4-b6e7-4b87-977c-078c59088a50,aa42017d-812a-4175-bc9b-0fec03b18931,c87db9be-1fba-4102-a743-0ee4317dd5af,Bavarski dvor,5
b59656a4-b6e7-4b87-977c-078c59088a50,aa42017d-812a-4175-bc9b-0fec03b18931,c87db9be-1fba-4102-a743-0ee4317dd5af,Bavarski dvor,9
b59656a4-b6e7-4b87-977c-078c59088a50,aa42017d-812a-4175-bc9b-0fec03b18931,a719a87c-4e93-4387-a6d1-2631a487f7e0,Ajdovščina,16
b59656a4-b6e7-4b87-977c-078c59088a50,aa42017d-812a-4175-bc9b-0fec03b18931,c87db9be-1fba-4102-a743-0ee4317dd5af,Bavarski dvor,585
b59656a4-b6e7-4b87-977c-078c59088a50,aa42017d-812a-4175-bc9b-0fec03b18931,c87db9be-1fba-4102-a743-0ee4317dd5af,Bavarski dvor,74
b59656a4-b6e7-4b87-977c-078c59088a50,aa42017d-812a-4175-bc9b-0fec03b18931,f33b721f-a8a3-4aad-96f2-077da09ebaa6,Razstavišče,373
b59656a4-b6e7-4b87-977c-078c59088a50,aa42017d-812a-4175-bc9b-0fec03b18931,295616c0-387b-4f60-a337-7743cd6be04e,Bavarski dvor,76
b59656a4-b6e7-4b87-977c-078c59088a50,aa42017d-812a-4175-bc9b-0fec03b18931,c87db9be-1fba-4102-a743-0ee4317dd5af,Bavarski dvor,406
b59656a4-b6e7-4b87-977c-078c59088a50,aa42017d-812a-4175-bc9b-0fec03b18931,ac3afe7d-a2b3-4d5d-9e6a-1d2412a3bc70,Litostrojska,27
b59656a4-b6e7-4b87-977c-078c59088a50,aa42017d-812a-4175-bc9b-0fec03b18931,484b5c91-1220-43ba-af79-84e712fcc46b,Slovenija avto,43
b59656a4-b6e7-4b87-977c-078c59088a50,aa42017d-812a-4175-bc9b-0fec03b18931,a0e0a21b-b8ce-4d76-bbc2-04e179367fee,Šola Jarše,307
b59656a4-b6e7-4b87-977c-078c59088a50,aa42017d-812a-4175-bc9b-0fec03b18931,c87db9be-1fba-4102-a743-0ee4317dd5af,Bavarski dvor,72
b59656a4-b6e7-4b87-977c-078c59088a50,aa42017d-812a-4175-bc9b-0fec03b18931,48b163cd-b819-4849-aee1-8b1da77657ab,Šentvid,39
b59656a4-b6e7-4b87-977c-078c59088a50,aa42017d-812a-4175-bc9b-0fec03b18931,c87db9be-1fba-4102-a743-0ee4317dd5af,Bavarski dvor,84
b59656a4-b6e7-4b87-977c-078c59088a50,aa42017d-812a-4175-bc9b-0fec03b18931,ecc4ae87-ae08-4b94-995c-452fdd94df7f,Privoz,11
b59656a4-b6e7-4b87-977c-078c59088a50,aa42017d-812a-4175-bc9b-0fec03b18931,c87db9be-1fba-4102-a743-0ee4317dd5af,Bavarski dvor,52
b59656a4-b6e7-4b87-977c-078c59088a50,aa42017d-812a-4175-bc9b-0fec03b18931,a2ce7e6f-0f99-443a-a973-81a0b9c60261,Astra,26
b59656a4-b6e7-4b87-977c-078c59088a50,aa42017d-812a-4175-bc9b-0fec03b18931,a0e0a21b-b8ce-4d76-bbc2-04e179367fee,Šola Jarše,103
b59656a4-b6e7-4b87-977c-078c59088a50,aa42017d-812a-4175-bc9b-0fec03b18931,c87db9be-1fba-4102-a743-0ee4317dd5af,Bavarski dvor,10
b59656a4-b6e7-4b87-977c-078c59088a50,aa42017d-812a-4175-bc9b-0fec03b18931,c87db9be-1fba-4102-a743-0ee4317dd5af,Bavarski dvor,234
b59656a4-b6e7-4b87-977c-078c59088a50,aa42017d-812a-4175-bc9b-0fec03b18931,cdabf1ea-b04c-480a-8359-72c46e6864ab,Bežigrad,49
b59656a4-b6e7-4b87-977c-078c59088a50,aa42017d-812a-4175-bc9b-0fec03b18931,f4cfd904-bd11-4247-95df-32c4555a930f,Klinični center,117
b59656a4-b6e7-4b87-977c-078c59088a50,aa42017d-812a-4175-bc9b-0fec03b18931,7fad8003-fb10-489d-bf8d-6d433310ad90,Nove Jarše,78
b59656a4-b6e7-4b87-977c-078c59088a50,aa42017d-812a-4175-bc9b-0fec03b18931,N/A,N/A,660
b59656a4-b6e7-4b87-977c-078c59088a50,aa42017d-812a-4175-bc9b-0fec03b18931,6459bd02-d8f8-413e-9402-10b916f09a4f,7. septembra,77
b59656a4-b6e7-4b87-977c-078c59088a50,aa42017d-812a-4175-bc9b-0fec03b18931,295616c0-387b-4f60-a337-7743cd6be04e,Bavarski dvor,205
b59656a4-b6e7-4b87-977c-078c59088a50,aa42017d-812a-4175-bc9b-0fec03b18931,f33b721f-a8a3-4aad-96f2-077da09ebaa6,Razstavišče,30
b59656a4-b6e7-4b87-977c-078c59088a50,aa42017d-812a-4175-bc9b-0fec03b18931,fef200e9-4d98-425b-ab14-8110e2aa85d7,Drama,334
b59656a4-b6e7-4b87-977c-078c59088a50,aa42017d-812a-4175-bc9b-0fec03b18931,c87db9be-1fba-4102-a743-0ee4317dd5af,Bavarski dvor,26
b59656a4-b6e7-4b87-977c-078c59088a50,aa42017d-812a-4175-bc9b-0fec03b18931,f33b721f-a8a3-4aad-96f2-077da09ebaa6,Razstavišče,484
b59656a4-b6e7-4b87-977c-078c59088a50,aa42017d-812a-4175-bc9b-0fec03b18931,8598b85d-3e1d-4767-b72f-0c209038841f,Štepanja vas,40
b59656a4-b6e7-4b87-977c-078c59088a50,aa42017d-812a-4175-bc9b-0fec03b18931,a719a87c-4e93-4387-a6d1-2631a487f7e0,Ajdovščina,212
b59656a4-b6e7-4b87-977c-078c59088a50,aa42017d-812a-4175-bc9b-0fec03b18931,717dda7e-d793-4697-8f60-b64ee8b1edc4,Gosposvetska,521
b59656a4-b6e7-4b87-977c-078c59088a50,aa42017d-812a-4175-bc9b-0fec03b18931,7fa32ea0-e884-435a-a81c-51bbd5cedf3e,Zaloška,173
b59656a4-b6e7-4b87-977c-078c59088a50,aa42017d-812a-4175-bc9b-0fec03b18931,c87db9be-1fba-4102-a743-0ee4317dd5af,Bavarski dvor,147
b59656a4-b6e7-4b87-977c-078c59088a50,aa42017d-812a-4175-bc9b-0fec03b18931,c87db9be-1fba-4102-a743-0ee4317dd5af,Bavarski dvor,309
b59656a4-b6e7-4b87-977c-078c59088a50,aa42017d-812a-4175-bc9b-0fec03b18931,c87db9be-1fba-4102-a743-0ee4317dd5af,Bavarski dvor,198
b59656a4-b6e7-4b87-977c-078c59088a50,aa42017d-812a-4175-bc9b-0fec03b18931,295616c0-387b-4f60-a337-7743cd6be04e,Bavarski dvor,494
b59656a4-b6e7-4b87-977c-078c59088a50,aa42017d-812a-4175-bc9b-0fec03b18931,c87db9be-1fba-4102-a743-0ee4317dd5af,Bavarski dvor,319
b59656a4-b6e7-4b87-977c-078c59088a50,aa42017d-812a-4175-bc9b-0fec03b18931,484b5c91-1220-43ba-af79-84e712fcc46b,Slovenija avto,111
b59656a4-b6e7-4b87-977c-078c59088a50,aa42017d-812a-4175-bc9b-0fec03b18931,484b5c91-1220-43ba-af79-84e712fcc46b,Slovenija avto,74
b59656a4-b6e7-4b87-977c-078c59088a50,aa42017d-812a-4175-bc9b-0fec03b18931,5d7f28a6-2a2a-4333-aa06-48edfb652f86,Pošta,115
b59656a4-b6e7-4b87-977c-078c59088a50,aa42017d-812a-4175-bc9b-0fec03b18931,295616c0-387b-4f60-a337-7743cd6be04e,Bavarski dvor,402
b59656a4-b6e7-4b87-977c-078c59088a50,aa42017d-812a-4175-bc9b-0fec03b18931,295616c0-387b-4f60-a337-7743cd6be04e,Bavarski dvor,51
b59656a4-b6e7-4b87-977c-078c59088a50,aa42017d-812a-4175-bc9b-0fec03b18931,484b5c91-1220-43ba-af79-84e712fcc46b,Slovenija avto,53
b59656a4-b6e7-4b87-977c-078c59088a50,aa42017d-812a-4175-bc9b-0fec03b18931,5d7f28a6-2a2a-4333-aa06-48edfb652f86,Pošta,81
b59656a4-b6e7-4b87-977c-078c59088a50,aa42017d-812a-4175-bc9b-0fec03b18931,c87db9be-1fba-4102-a743-0ee4317dd5af,Bavarski dvor,87
b59656a4-b6e7-4b87-977c-078c59088a50,aa42017d-812a-4175-bc9b-0fec03b18931,7fa32ea0-e884-435a-a81c-51bbd5cedf3e,Zaloška,272
b59656a4-b6e7-4b87-977c-078c59088a50,aa42017d-812a-4175-bc9b-0fec03b18931,a2ce7e6f-0f99-443a-a973-81a0b9c60261,Astra,72
b59656a4-b6e7-4b87-977c-078c59088a50,aa42017d-812a-4175-bc9b-0fec03b18931,295616c0-387b-4f60-a337-7743cd6be04e,Bavarski dvor,188
b59656a4-b6e7-4b87-977c-078c59088a50,aa42017d-812a-4175-bc9b-0fec03b18931,98fa3880-5936-4ec8-ba04-39c7ff9a0e6a,Stara cerkev,235
b59656a4-b6e7-4b87-977c-078c59088a50,aa42017d-812a-4175-bc9b-0fec03b18931,f33b721f-a8a3-4aad-96f2-077da09ebaa6,Razstavišče,7
b59656a4-b6e7-4b87-977c-078c59088a50,aa42017d-812a-4175-bc9b-0fec03b18931,295616c0-387b-4f60-a337-7743cd6be04e,Bavarski dvor,74
b59656a4-b6e7-4b87-977c-078c59088a50,aa42017d-812a-4175-bc9b-0fec03b18931,a719a87c-4e93-4387-a6d1-2631a487f7e0,Ajdovščina,19
b59656a4-b6e7-4b87-977c-078c59088a50,aa42017d-812a-4175-bc9b-0fec03b18931,db13a26e-19d4-4b8a-a78a-01ef25d58834,Ježica,166
b59656a4-b6e7-4b87-977c-078c59088a50,aa42017d-812a-4175-bc9b-0fec03b18931,295616c0-387b-4f60-a337-7743cd6be04e,Bavarski dvor,181
b59656a4-b6e7-4b87-977c-078c59088a50,aa42017d-812a-4175-bc9b-0fec03b18931,a0e0a21b-b8ce-4d76-bbc2-04e179367fee,Šola Jarše,63
b59656a4-b6e7-4b87-977c-078c59088a50,aa42017d-812a-4175-bc9b-0fec03b18931,f33b721f-a8a3-4aad-96f2-077da09ebaa6,Razstavišče,363
b59656a4-b6e7-4b87-977c-078c59088a50,aa42017d-812a-4175-bc9b-0fec03b18931,295616c0-387b-4f60-a337-7743cd6be04e,Bavarski dvor,212
b59656a4-b6e7-4b87-977c-078c59088a50,aa42017d-812a-4175-bc9b-0fec03b18931,f33b721f-a8a3-4aad-96f2-077da09ebaa6,Razstavišče,210
b59656a4-b6e7-4b87-977c-078c59088a50,aa42017d-812a-4175-bc9b-0fec03b18931,6a89c110-a0f8-4b1a-87f0-33f49c0a658e,Šola Jarše,251
b59656a4-b6e7-4b87-977c-078c59088a50,aa42017d-812a-4175-bc9b-0fec03b18931,c22879e5-8e90-4540-9a74-5f139208e492,Friškovec,135
b59656a4-b6e7-4b87-977c-078c59088a50,aa42017d-812a-4175-bc9b-0fec03b18931,484b5c91-1220-43ba-af79-84e712fcc46b,Slovenija avto,42
b59656a4-b6e7-4b87-977c-078c59088a50,aa42017d-812a-4175-bc9b-0fec03b18931,c87db9be-1fba-4102-a743-0ee4317dd5af,Bavarski dvor,127
b59656a4-b6e7-4b87-977c-078c59088a50,aa42017d-812a-4175-bc9b-0fec03b18931,5d7f28a6-2a2a-4333-aa06-48edfb652f86,Pošta,269
b59656a4-b6e7-4b87-977c-078c59088a50,aa42017d-812a-4175-bc9b-0fec03b18931,295616c0-387b-4f60-a337-7743cd6be04e,Bavarski dvor,156
b59656a4-b6e7-4b87-977c-078c59088a50,aa42017d-812a-4175-bc9b-0fec03b18931,484b5c91-1220-43ba-af79-84e712fcc46b,Slovenija avto,286
b59656a4-b6e7-4b87-977c-078c59088a50,aa42017d-812a-4175-bc9b-0fec03b18931,a719a87c-4e93-4387-a6d1-2631a487f7e0,Ajdovščina,112
b59656a4-b6e7-4b87-977c-078c59088a50,aa42017d-812a-4175-bc9b-0fec03b18931,N/A,N/A,660
b59656a4-b6e7-4b87-977c-078c59088a50,aa42017d-812a-4175-bc9b-0fec03b18931,f33b721f-a8a3-4aad-96f2-077da09ebaa6,Razstavišče,48
b59656a4-b6e7-4b87-977c-078c59088a50,aa42017d-812a-4175-bc9b-0fec03b18931,295616c0-387b-4f60-a337-7743cd6be04e,Bavarski dvor,230
b59656a4-b6e7-4b87-977c-078c59088a50,aa42017d-812a-4175-bc9b-0fec03b18931,295616c0-387b-4f60-a337-7743cd6be04e,Bavarski dvor,368
b59656a4-b6e7-4b87-977c-078c59088a50,aa42017d-812a-4175-bc9b-0fec03b18931,9b0074d2-2c92-4c01-830b-00be8e05b412,Cukrarna,58
b59656a4-b6e7-4b87-977c-078c59088a50,aa42017d-812a-4175-bc9b-0fec03b18931,484b5c91-1220-43ba-af79-84e712fcc46b,Slovenija avto,263
b59656a4-b6e7-4b87-977c-078c59088a50,aa42017d-812a-4175-bc9b-0fec03b18931,379bc761-04b5-4227-be76-3b870fe3e69f,Pot na Fužine,340
b59656a4-b6e7-4b87-977c-078c59088a50,aa42017d-812a-4175-bc9b-0fec03b18931,f33b721f-a8a3-4aad-96f2-077da09ebaa6,Razstavišče,108
b59656a4-b6e7-4b87-977c-078c59088a50,aa42017d-812a-4175-bc9b-0fec03b18931,fef200e9-4d98-425b-ab14-8110e2aa85d7,Drama,42
b59656a4-b6e7-4b87-977c-078c59088a50,aa42017d-812a-4175-bc9b-0fec03b18931,f33b721f-a8a3-4aad-96f2-077da09ebaa6,Razstavišče,33
b59656a4-b6e7-4b87-977c-078c59088a50,aa42017d-812a-4175-bc9b-0fec03b18931,1b3ddeca-a066-43ee-9ae5-8339628129c2,Žale,250
b59656a4-b6e7-4b87-977c-078c59088a50,aa42017d-812a-4175-bc9b-0fec03b18931,c87db9be-1fba-4102-a743-0ee4317dd5af,Bavarski dvor,22
b59656a4-b6e7-4b87-977c-078c59088a50,aa42017d-812a-4175-bc9b-0fec03b18931,295616c0-387b-4f60-a337-7743cd6be04e,Bavarski dvor,338
b59656a4-b6e7-4b87-977c-078c59088a50,aa42017d-812a-4175-bc9b-0fec03b18931,a719a87c-4e93-4387-a6d1-2631a487f7e0,Ajdovščina,203
b59656a4-b6e7-4b87-977c-078c59088a50,aa42017d-812a-4175-bc9b-0fec03b18931,eb165f50-9c43-4b09-9658-469a16d3dc83,Kodeljevo,109
b59656a4-b6e7-4b87-977c-078c59088a50,aa42017d-812a-4175-bc9b-0fec03b18931,4038e02e-f22f-4af0-ba4f-7aab855b53af,Kneza Koclja,155
b59656a4-b6e7-4b87-977c-078c59088a50,aa42017d-812a-4175-bc9b-0fec03b18931,7c149b59-2bc6-45cb-95c8-69e18a0db627,Rusjanov trg,390
b59656a4-b6e7-4b87-977c-078c59088a50,aa42017d-812a-4175-bc9b-0fec03b18931,379bc761-04b5-4227-be76-3b870fe3e69f,Pot na Fužine,225
b59656a4-b6e7-4b87-977c-078c59088a50,aa42017d-812a-4175-bc9b-0fec03b18931,c87db9be-1fba-4102-a743-0ee4317dd5af,Bavarski dvor,373
b59656a4-b6e7-4b87-977c-078c59088a50,aa42017d-812a-4175-bc9b-0fec03b18931,9e109242-5aad-4fb7-b0c8-576eef8aa4e0,VEVČE,75
b59656a4-b6e7-4b87-977c-078c59088a50,aa42017d-812a-4175-bc9b-0fec03b18931,7484317c-269f-425f-8118-23eedab4e5f1,Tivoli,17
b59656a4-b6e7-4b87-977c-078c59088a50,aa42017d-812a-4175-bc9b-0fec03b18931,fef200e9-4d98-425b-ab14-8110e2aa85d7,Drama,466
b59656a4-b6e7-4b87-977c-078c59088a50,aa42017d-812a-4175-bc9b-0fec03b18931,a719a87c-4e93-4387-a6d1-2631a487f7e0,Ajdovščina,166
b59656a4-b6e7-4b87-977c-078c59088a50,aa42017d-812a-4175-bc9b-0fec03b18931,fef200e9-4d98-425b-ab14-8110e2aa85d7,Drama,28
b59656a4-b6e7-4b87-977c-078c59088a50,aa42017d-812a-4175-bc9b-0fec03b18931,484b5c91-1220-43ba-af79-84e712fcc46b,Slovenija avto,623
b59656a4-b6e7-4b87-977c-078c59088a50,aa42017d-812a-4175-bc9b-0fec03b18931,fef200e9-4d98-425b-ab14-8110e2aa85d7,Drama,19
b59656a4-b6e7-4b87-977c-078c59088a50,aa42017d-812a-4175-bc9b-0fec03b18931,9a1c4c65-df77-481f-87ad-56143f02a864,Vižmarje,172
b59656a4-b6e7-4b87-977c-078c59088a50,aa42017d-812a-4175-bc9b-0fec03b18931,9a1c4c65-df77-481f-87ad-56143f02a864,Vižmarje,234
b59656a4-b6e7-4b87-977c-078c59088a50,aa42017d-812a-4175-bc9b-0fec03b18931,a0b1fb90-3f6a-4231-910a-18be192ac762,Flajšmanova,5
b59656a4-b6e7-4b87-977c-078c59088a50,aa42017d-812a-4175-bc9b-0fec03b18931,a2ce7e6f-0f99-443a-a973-81a0b9c60261,Astra,144
b59656a4-b6e7-4b87-977c-078c59088a50,aa42017d-812a-4175-bc9b-0fec03b18931,a719a87c-4e93-4387-a6d1-2631a487f7e0,Ajdovščina,57
b59656a4-b6e7-4b87-977c-078c59088a50,aa42017d-812a-4175-bc9b-0fec03b18931,295616c0-387b-4f60-a337-7743cd6be04e,Bavarski dvor,246
b59656a4-b6e7-4b87-977c-078c59088a50,aa42017d-812a-4175-bc9b-0fec03b18931,7eb88e01-82e9-4af4-84d0-69c6ea9dc82c,Kolodvor,188
b59656a4-b6e7-4b87-977c-078c59088a50,aa42017d-812a-4175-bc9b-0fec03b18931,c22879e5-8e90-4540-9a74-5f139208e492,Friškovec,21
b59656a4-b6e7-4b87-977c-078c59088a50,aa42017d-812a-4175-bc9b-0fec03b18931,a719a87c-4e93-4387-a6d1-2631a487f7e0,Ajdovščina,13
b59656a4-b6e7-4b87-977c-078c59088a50,aa42017d-812a-4175-bc9b-0fec03b18931,5d7f28a6-2a2a-4333-aa06-48edfb652f86,Pošta,311
b59656a4-b6e7-4b87-977c-078c59088a50,aa42017d-812a-4175-bc9b-0fec03b18931,1505c6fe-6080-424e-98d1-24c312cfacf3,Pot na Rakovo jelšo,40
b59656a4-b6e7-4b87-977c-078c59088a50,aa42017d-812a-4175-bc9b-0fec03b18931,a719a87c-4e93-4387-a6d1-2631a487f7e0,Ajdovščina,27
b59656a4-b6e7-4b87-977c-078c59088a50,aa42017d-812a-4175-bc9b-0fec03b18931,2ec182e2-769f-427f-b9b5-c4118890cb96,Stožice,75
b59656a4-b6e7-4b87-977c-078c59088a50,aa42017d-812a-4175-bc9b-0fec03b18931,609f0950-bb8c-4eaf-a931-8575b8aff1ac,Savske stolpnice,142
b59656a4-b6e7-4b87-977c-078c59088a50,aa42017d-812a-4175-bc9b-0fec03b18931,9b0074d2-2c92-4c01-830b-00be8e05b412,Cukrarna,40
b59656a4-b6e7-4b87-977c-078c59088a50,aa42017d-812a-4175-bc9b-0fec03b18931,c87db9be-1fba-4102-a743-0ee4317dd5af,Bavarski dvor,15
b59656a4-b6e7-4b87-977c-078c59088a50,aa42017d-812a-4175-bc9b-0fec03b18931,a719a87c-4e93-4387-a6d1-2631a487f7e0,Ajdovščina,121
b59656a4-b6e7-4b87-977c-078c59088a50,aa42017d-812a-4175-bc9b-0fec03b18931,fef200e9-4d98-425b-ab14-8110e2aa85d7,Drama,325
b59656a4-b6e7-4b87-977c-078c59088a50,aa42017d-812a-4175-bc9b-0fec03b18931,98fa3880-5936-4ec8-ba04-39c7ff9a0e6a,Stara cerkev,74
b59656a4-b6e7-4b87-977c-078c59088a50,aa42017d-812a-4175-bc9b-0fec03b18931,295616c0-387b-4f60-a337-7743cd6be04e,Bavarski dvor,22
b59656a4-b6e7-4b87-977c-078c59088a50,aa42017d-812a-4175-bc9b-0fec03b18931,717dda7e-d793-4697-8f60-b64ee8b1edc4,Gosposvetska,479
b59656a4-b6e7-4b87-977c-078c59088a50,aa42017d-812a-4175-bc9b-0fec03b18931,fef200e9-4d98-425b-ab14-8110e2aa85d7,Drama,46
b59656a4-b6e7-4b87-977c-078c59088a50,aa42017d-812a-4175-bc9b-0fec03b18931,6a89c110-a0f8-4b1a-87f0-33f49c0a658e,Šola Jarše,191
b59656a4-b6e7-4b87-977c-078c59088a50,aa42017d-812a-4175-bc9b-0fec03b18931,a719a87c-4e93-4387-a6d1-2631a487f7e0,Ajdovščina,411
b59656a4-b6e7-4b87-977c-078c59088a50,aa42017d-812a-4175-bc9b-0fec03b18931,98fa3880-5936-4ec8-ba04-39c7ff9a0e6a,Stara cerkev,167
b59656a4-b6e7-4b87-977c-078c59088a50,aa42017d-812a-4175-bc9b-0fec03b18931,295616c0-387b-4f60-a337-7743cd6be04e,Bavarski dvor,311
b59656a4-b6e7-4b87-977c-078c59088a50,aa42017d-812a-4175-bc9b-0fec03b18931,fef200e9-4d98-425b-ab14-8110e2aa85d7,Drama,130
b59656a4-b6e7-4b87-977c-078c59088a50,aa42017d-812a-4175-bc9b-0fec03b18931,295616c0-387b-4f60-a337-7743cd6be04e,Bavarski dvor,93
b59656a4-b6e7-4b87-977c-078c59088a50,aa42017d-812a-4175-bc9b-0fec03b18931,484b5c91-1220-43ba-af79-84e712fcc46b,Slovenija avto,39
b59656a4-b6e7-4b87-977c-078c59088a50,aa42017d-812a-4175-bc9b-0fec03b18931,aa42017d-812a-4175-bc9b-0fec03b18931,Ambrožev trg,46
b59656a4-b6e7-4b87-977c-078c59088a50,aa42017d-812a-4175-bc9b-0fec03b18931,6a89c110-a0f8-4b1a-87f0-33f49c0a658e,Šola Jarše,250
b59656a4-b6e7-4b87-977c-078c59088a50,aa42017d-812a-4175-bc9b-0fec03b18931,c87db9be-1fba-4102-a743-0ee4317dd5af,Bavarski dvor,418
b59656a4-b6e7-4b87-977c-078c59088a50,aa42017d-812a-4175-bc9b-0fec03b18931,a0e0a21b-b8ce-4d76-bbc2-04e179367fee,Šola Jarše,132
b59656a4-b6e7-4b87-977c-078c59088a50,aa42017d-812a-4175-bc9b-0fec03b18931,c87db9be-1fba-4102-a743-0ee4317dd5af,Bavarski dvor,110
b59656a4-b6e7-4b87-977c-078c59088a50,aa42017d-812a-4175-bc9b-0fec03b18931,6182f8e8-c45e-4606-b4a4-d909bd44d2cc,Gornji trg,36
b59656a4-b6e7-4b87-977c-078c59088a50,aa42017d-812a-4175-bc9b-0fec03b18931,5de84f88-3f32-4636-8c30-03cc267ecf37,Podvozna pot,54
b59656a4-b6e7-4b87-977c-078c59088a50,aa42017d-812a-4175-bc9b-0fec03b18931,a719a87c-4e93-4387-a6d1-2631a487f7e0,Ajdovščina,17
b59656a4-b6e7-4b87-977c-078c59088a50,aa42017d-812a-4175-bc9b-0fec03b18931,f2b27cbd-5207-4281-8f67-6369d0c50a9b,Kodrova,439
b59656a4-b6e7-4b87-977c-078c59088a50,aa42017d-812a-4175-bc9b-0fec03b18931,717dda7e-d793-4697-8f60-b64ee8b1edc4,Gosposvetska,242
b59656a4-b6e7-4b87-977c-078c59088a50,aa42017d-812a-4175-bc9b-0fec03b18931,f33b721f-a8a3-4aad-96f2-077da09ebaa6,Razstavišče,103
b59656a4-b6e7-4b87-977c-078c59088a50,aa42017d-812a-4175-bc9b-0fec03b18931,c87db9be-1fba-4102-a743-0ee4317dd5af,Bavarski dvor,88
b59656a4-b6e7-4b87-977c-078c59088a50,aa42017d-812a-4175-bc9b-0fec03b18931,6bd46cb7-9e5d-453a-878a-bcc38fb2a5f2,Sava,10
b59656a4-b6e7-4b87-977c-078c59088a50,aa42017d-812a-4175-bc9b-0fec03b18931,7fa32ea0-e884-435a-a81c-51bbd5cedf3e,Zaloška,51
b59656a4-b6e7-4b87-977c-078c59088a50,aa42017d-812a-4175-bc9b-0fec03b18931,a2ce7e6f-0f99-443a-a973-81a0b9c60261,Astra,195
b59656a4-b6e7-4b87-977c-078c59088a50,aa42017d-812a-4175-bc9b-0fec03b18931,f33b721f-a8a3-4aad-96f2-077da09ebaa6,Razstavišče,160
b59656a4-b6e7-4b87-977c-078c59088a50,aa42017d-812a-4175-bc9b-0fec03b18931,484b5c91-1220-43ba-af79-84e712fcc46b,Slovenija avto,141
b59656a4-b6e7-4b87-977c-078c59088a50,aa42017d-812a-4175-bc9b-0fec03b18931,295616c0-387b-4f60-a337-7743cd6be04e,Bavarski dvor,499
b59656a4-b6e7-4b87-977c-078c59088a50,aa42017d-812a-4175-bc9b-0fec03b18931,5d7f28a6-2a2a-4333-aa06-48edfb652f86,Pošta,286
b59656a4-b6e7-4b87-977c-078c59088a50,aa42017d-812a-4175-bc9b-0fec03b18931,717dda7e-d793-4697-8f60-b64ee8b1edc4,Gosposvetska,3
b59656a4-b6e7-4b87-977c-078c59088a50,aa42017d-812a-4175-bc9b-0fec03b18931,c5ec5e81-2ce4-452d-bd7a-595de4f8b34f,Prušnikova,311
b59656a4-b6e7-4b87-977c-078c59088a50,aa42017d-812a-4175-bc9b-0fec03b18931,484b5c91-1220-43ba-af79-84e712fcc46b,Slovenija avto,227
b59656a4-b6e7-4b87-977c-078c59088a50,aa42017d-812a-4175-bc9b-0fec03b18931,fef200e9-4d98-425b-ab14-8110e2aa85d7,Drama,117
b59656a4-b6e7-4b87-977c-078c59088a50,aa42017d-812a-4175-bc9b-0fec03b18931,fef200e9-4d98-425b-ab14-8110e2aa85d7,Drama,625
b59656a4-b6e7-4b87-977c-078c59088a50,aa42017d-812a-4175-bc9b-0fec03b18931,f33b721f-a8a3-4aad-96f2-077da09ebaa6,Razstavišče,172
b59656a4-b6e7-4b87-977c-078c59088a50,aa42017d-812a-4175-bc9b-0fec03b18931,2ec182e2-769f-427f-b9b5-c4118890cb96,Stožice,236
b59656a4-b6e7-4b87-977c-078c59088a50,aa42017d-812a-4175-bc9b-0fec03b18931,cdabf1ea-b04c-480a-8359-72c46e6864ab,Bežigrad,88
b59656a4-b6e7-4b87-977c-078c59088a50,aa42017d-812a-4175-bc9b-0fec03b18931,a719a87c-4e93-4387-a6d1-2631a487f7e0,Ajdovščina,605
b59656a4-b6e7-4b87-977c-078c59088a50,aa42017d-812a-4175-bc9b-0fec03b18931,f4cfd904-bd11-4247-95df-32c4555a930f,Klinični center,452
b59656a4-b6e7-4b87-977c-078c59088a50,aa42017d-812a-4175-bc9b-0fec03b18931,c87db9be-1fba-4102-a743-0ee4317dd5af,Bavarski dvor,158
b59656a4-b6e7-4b87-977c-078c59088a50,aa42017d-812a-4175-bc9b-0fec03b18931,9b0074d2-2c92-4c01-830b-00be8e05b412,Cukrarna,109
b59656a4-b6e7-4b87-977c-078c59088a50,aa42017d-812a-4175-bc9b-0fec03b18931,c87db9be-1fba-4102-a743-0ee4317dd5af,Bavarski dvor,59
b59656a4-b6e7-4b87-977c-078c59088a50,aa42017d-812a-4175-bc9b-0fec03b18931,9746f277-af08-4cce-92fa-41da5eca8ac2,BERIČEVO,75
b59656a4-b6e7-4b87-977c-078c59088a50,aa42017d-812a-4175-bc9b-0fec03b18931,4d216485-ef41-45e7-9182-0c254644955c,Sava,7
b59656a4-b6e7-4b87-977c-078c59088a50,aa42017d-812a-4175-bc9b-0fec03b18931,6559d555-672b-4633-8a81-0ae68fb963eb,ZD POLJE,260
b59656a4-b6e7-4b87-977c-078c59088a50,aa42017d-812a-4175-bc9b-0fec03b18931,fef200e9-4d98-425b-ab14-8110e2aa85d7,Drama,261
b59656a4-b6e7-4b87-977c-078c59088a50,aa42017d-812a-4175-bc9b-0fec03b18931,c87db9be-1fba-4102-a743-0ee4317dd5af,Bavarski dvor,142
b59656a4-b6e7-4b87-977c-078c59088a50,aa42017d-812a-4175-bc9b-0fec03b18931,609f0950-bb8c-4eaf-a931-8575b8aff1ac,Savske stolpnice,77
b59656a4-b6e7-4b87-977c-078c59088a50,aa42017d-812a-4175-bc9b-0fec03b18931,484b5c91-1220-43ba-af79-84e712fcc46b,Slovenija avto,130
b59656a4-b6e7-4b87-977c-078c59088a50,aa42017d-812a-4175-bc9b-0fec03b18931,7fa32ea0-e884-435a-a81c-51bbd5cedf3e,Zaloška,363
b59656a4-b6e7-4b87-977c-078c59088a50,aa42017d-812a-4175-bc9b-0fec03b18931,9cfac7e2-9653-4e52-a6d3-27756d27f817,Kino Šiška,67
b59656a4-b6e7-4b87-977c-078c59088a50,aa42017d-812a-4175-bc9b-0fec03b18931,fef200e9-4d98-425b-ab14-8110e2aa85d7,Drama,496
b59656a4-b6e7-4b87-977c-078c59088a50,aa42017d-812a-4175-bc9b-0fec03b18931,093afa81-b65f-4182-bac3-afbc00558a9b,Koseze,147
b59656a4-b6e7-4b87-977c-078c59088a50,aa42017d-812a-4175-bc9b-0fec03b18931,6a89c110-a0f8-4b1a-87f0-33f49c0a658e,Šola Jarše,544
b59656a4-b6e7-4b87-977c-078c59088a50,aa42017d-812a-4175-bc9b-0fec03b18931,a719a87c-4e93-4387-a6d1-2631a487f7e0,Ajdovščina,283
b59656a4-b6e7-4b87-977c-078c59088a50,aa42017d-812a-4175-bc9b-0fec03b18931,bc66f88b-1412-44cb-b921-030d27335261,Sneberje,10
b59656a4-b6e7-4b87-977c-078c59088a50,aa42017d-812a-4175-bc9b-0fec03b18931,484b5c91-1220-43ba-af79-84e712fcc46b,Slovenija avto,364
b59656a4-b6e7-4b87-977c-078c59088a50,aa42017d-812a-4175-bc9b-0fec03b18931,47a3bd8a-72ae-4e20-b43f-10bfaf49012c,Ob sotočju,234
b59656a4-b6e7-4b87-977c-078c59088a50,aa42017d-812a-4175-bc9b-0fec03b18931,cee2862b-9b70-4880-8fa3-16c6d2efae1b,AMZS,565
b59656a4-b6e7-4b87-977c-078c59088a50,aa42017d-812a-4175-bc9b-0fec03b18931,c87db9be-1fba-4102-a743-0ee4317dd5af,Bavarski dvor,523
b59656a4-b6e7-4b87-977c-078c59088a50,aa42017d-812a-4175-bc9b-0fec03b18931,c87db9be-1fba-4102-a743-0ee4317dd5af,Bavarski dvor,48
b59656a4-b6e7-4b87-977c-078c59088a50,aa42017d-812a-4175-bc9b-0fec03b18931,379bc761-04b5-4227-be76-3b870fe3e69f,Pot na Fužine,170
b59656a4-b6e7-4b87-977c-078c59088a50,aa42017d-812a-4175-bc9b-0fec03b18931,e6f5183b-c615-4f47-b4fb-204ee070e825,Bežigrad,496
b59656a4-b6e7-4b87-977c-078c59088a50,aa42017d-812a-4175-bc9b-0fec03b18931,f4cfd904-bd11-4247-95df-32c4555a930f,Klinični center,211
b59656a4-b6e7-4b87-977c-078c59088a50,aa42017d-812a-4175-bc9b-0fec03b18931,aa42017d-812a-4175-bc9b-0fec03b18931,Ambrožev trg,395
b59656a4-b6e7-4b87-977c-078c59088a50,aa42017d-812a-4175-bc9b-0fec03b18931,7fad8003-fb10-489d-bf8d-6d433310ad90,Nove Jarše,332
b59656a4-b6e7-4b87-977c-078c59088a50,aa42017d-812a-4175-bc9b-0fec03b18931,a719a87c-4e93-4387-a6d1-2631a487f7e0,Ajdovščina,131
b59656a4-b6e7-4b87-977c-078c59088a50,aa42017d-812a-4175-bc9b-0fec03b18931,ecc4ae87-ae08-4b94-995c-452fdd94df7f,Privoz,101
b59656a4-b6e7-4b87-977c-078c59088a50,aa42017d-812a-4175-bc9b-0fec03b18931,5d7f28a6-2a2a-4333-aa06-48edfb652f86,Pošta,69
b59656a4-b6e7-4b87-977c-078c59088a50,aa42017d-812a-4175-bc9b-0fec03b18931,a719a87c-4e93-4387-a6d1-2631a487f7e0,Ajdovščina,142
b59656a4-b6e7-4b87-977c-078c59088a50,aa42017d-812a-4175-bc9b-0fec03b18931,295616c0-387b-4f60-a337-7743cd6be04e,Bavarski dvor,127
b59656a4-b6e7-4b87-977c-078c59088a50,aa42017d-812a-4175-bc9b-0fec03b18931,7eb88e01-82e9-4af4-84d0-69c6ea9dc82c,Kolodvor,83
b59656a4-b6e7-4b87-977c-078c59088a50,aa42017d-812a-4175-bc9b-0fec03b18931,295616c0-387b-4f60-a337-7743cd6be04e,Bavarski dvor,90
b59656a4-b6e7-4b87-977c-078c59088a50,aa42017d-812a-4175-bc9b-0fec03b18931,c87db9be-1fba-4102-a743-0ee4317dd5af,Bavarski dvor,91
b59656a4-b6e7-4b87-977c-078c59088a50,aa42017d-812a-4175-bc9b-0fec03b18931,a719a87c-4e93-4387-a6d1-2631a487f7e0,Ajdovščina,161
b59656a4-b6e7-4b87-977c-078c59088a50,aa42017d-812a-4175-bc9b-0fec03b18931,ef31a8be-b01d-44cd-95cf-3db8e918af26,Emona,277
b59656a4-b6e7-4b87-977c-078c59088a50,aa42017d-812a-4175-bc9b-0fec03b18931,a2ce7e6f-0f99-443a-a973-81a0b9c60261,Astra,279
b59656a4-b6e7-4b87-977c-078c59088a50,aa42017d-812a-4175-bc9b-0fec03b18931,f33b721f-a8a3-4aad-96f2-077da09ebaa6,Razstavišče,190
b59656a4-b6e7-4b87-977c-078c59088a50,aa42017d-812a-4175-bc9b-0fec03b18931,c87db9be-1fba-4102-a743-0ee4317dd5af,Bavarski dvor,136
b59656a4-b6e7-4b87-977c-078c59088a50,aa42017d-812a-4175-bc9b-0fec03b18931,fef200e9-4d98-425b-ab14-8110e2aa85d7,Drama,150
b59656a4-b6e7-4b87-977c-078c59088a50,aa42017d-812a-4175-bc9b-0fec03b18931,f33b721f-a8a3-4aad-96f2-077da09ebaa6,Razstavišče,30
b59656a4-b6e7-4b87-977c-078c59088a50,aa42017d-812a-4175-bc9b-0fec03b18931,f4cfd904-bd11-4247-95df-32c4555a930f,Klinični center,184
b59656a4-b6e7-4b87-977c-078c59088a50,aa42017d-812a-4175-bc9b-0fec03b18931,ab987eb0-c970-4577-8db9-0cd507a6cab6,Ig AP,166
b59656a4-b6e7-4b87-977c-078c59088a50,aa42017d-812a-4175-bc9b-0fec03b18931,98fa3880-5936-4ec8-ba04-39c7ff9a0e6a,Stara cerkev,62
b59656a4-b6e7-4b87-977c-078c59088a50,aa42017d-812a-4175-bc9b-0fec03b18931,fef200e9-4d98-425b-ab14-8110e2aa85d7,Drama,209
b59656a4-b6e7-4b87-977c-078c59088a50,aa42017d-812a-4175-bc9b-0fec03b18931,cdabf1ea-b04c-480a-8359-72c46e6864ab,Bežigrad,89
b59656a4-b6e7-4b87-977c-078c59088a50,aa42017d-812a-4175-bc9b-0fec03b18931,cee2862b-9b70-4880-8fa3-16c6d2efae1b,AMZS,71
b59656a4-b6e7-4b87-977c-078c59088a50,aa42017d-812a-4175-bc9b-0fec03b18931,dfde6478-02b5-471b-a470-29cb0e84542f,Slovenija avto,296
b59656a4-b6e7-4b87-977c-078c59088a50,aa42017d-812a-4175-bc9b-0fec03b18931,f33b721f-a8a3-4aad-96f2-077da09ebaa6,Razstavišče,87
b59656a4-b6e7-4b87-977c-078c59088a50,aa42017d-812a-4175-bc9b-0fec03b18931,N/A,N/A,660
b59656a4-b6e7-4b87-977c-078c59088a50,aa42017d-812a-4175-bc9b-0fec03b18931,88cdd36c-03d2-4374-a22f-110dd9f75ea0,Kajuhova,105
b59656a4-b6e7-4b87-977c-078c59088a50,aa42017d-812a-4175-bc9b-0fec03b18931,8589e5d1-21b4-4210-ad7a-4bf91f9a715d,Vižmarje,130
b59656a4-b6e7-4b87-977c-078c59088a50,aa42017d-812a-4175-bc9b-0fec03b18931,7fad8003-fb10-489d-bf8d-6d433310ad90,Nove Jarše,25
b59656a4-b6e7-4b87-977c-078c59088a50,aa42017d-812a-4175-bc9b-0fec03b18931,c87db9be-1fba-4102-a743-0ee4317dd5af,Bavarski dvor,479
b59656a4-b6e7-4b87-977c-078c59088a50,aa42017d-812a-4175-bc9b-0fec03b18931,a719a87c-4e93-4387-a6d1-2631a487f7e0,Ajdovščina,316
b59656a4-b6e7-4b87-977c-078c59088a50,aa42017d-812a-4175-bc9b-0fec03b18931,c87db9be-1fba-4102-a743-0ee4317dd5af,Bavarski dvor,62
b59656a4-b6e7-4b87-977c-078c59088a50,aa42017d-812a-4175-bc9b-0fec03b18931,c87db9be-1fba-4102-a743-0ee4317dd5af,Bavarski dvor,16
b59656a4-b6e7-4b87-977c-078c59088a50,aa42017d-812a-4175-bc9b-0fec03b18931,7c149b59-2bc6-45cb-95c8-69e18a0db627,Rusjanov trg,248
b59656a4-b6e7-4b87-977c-078c59088a50,aa42017d-812a-4175-bc9b-0fec03b18931,c87db9be-1fba-4102-a743-0ee4317dd5af,Bavarski dvor,380
b59656a4-b6e7-4b87-977c-078c59088a50,aa42017d-812a-4175-bc9b-0fec03b18931,c22879e5-8e90-4540-9a74-5f139208e492,Friškovec,62
b59656a4-b6e7-4b87-977c-078c59088a50,aa42017d-812a-4175-bc9b-0fec03b18931,aa42017d-812a-4175-bc9b-0fec03b18931,Ambrožev trg,175
b59656a4-b6e7-4b87-977c-078c59088a50,aa42017d-812a-4175-bc9b-0fec03b18931,c22879e5-8e90-4540-9a74-5f139208e492,Friškovec,161
b59656a4-b6e7-4b87-977c-078c59088a50,aa42017d-812a-4175-bc9b-0fec03b18931,aa42017d-812a-4175-bc9b-0fec03b18931,Ambrožev trg,381
b59656a4-b6e7-4b87-977c-078c59088a50,aa42017d-812a-4175-bc9b-0fec03b18931,c87db9be-1fba-4102-a743-0ee4317dd5af,Bavarski dvor,244
b59656a4-b6e7-4b87-977c-078c59088a50,aa42017d-812a-4175-bc9b-0fec03b18931,f33b721f-a8a3-4aad-96f2-077da09ebaa6,Razstavišče,35
b59656a4-b6e7-4b87-977c-078c59088a50,aa42017d-812a-4175-bc9b-0fec03b18931,f33b721f-a8a3-4aad-96f2-077da09ebaa6,Razstavišče,11
b59656a4-b6e7-4b87-977c-078c59088a50,aa42017d-812a-4175-bc9b-0fec03b18931,c87db9be-1fba-4102-a743-0ee4317dd5af,Bavarski dvor,209
b59656a4-b6e7-4b87-977c-078c59088a50,aa42017d-812a-4175-bc9b-0fec03b18931,5d7f28a6-2a2a-4333-aa06-48edfb652f86,Pošta,30
b59656a4-b6e7-4b87-977c-078c59088a50,aa42017d-812a-4175-bc9b-0fec03b18931,7fad8003-fb10-489d-bf8d-6d433310ad90,Nove Jarše,149
b59656a4-b6e7-4b87-977c-078c59088a50,aa42017d-812a-4175-bc9b-0fec03b18931,a719a87c-4e93-4387-a6d1-2631a487f7e0,Ajdovščina,72
b59656a4-b6e7-4b87-977c-078c59088a50,aa42017d-812a-4175-bc9b-0fec03b18931,c87db9be-1fba-4102-a743-0ee4317dd5af,Bavarski dvor,140
b59656a4-b6e7-4b87-977c-078c59088a50,aa42017d-812a-4175-bc9b-0fec03b18931,f4cfd904-bd11-4247-95df-32c4555a930f,Klinični center,37
b59656a4-b6e7-4b87-977c-078c59088a50,aa42017d-812a-4175-bc9b-0fec03b18931,a0e0a21b-b8ce-4d76-bbc2-04e179367fee,Šola Jarše,83
b59656a4-b6e7-4b87-977c-078c59088a50,aa42017d-812a-4175-bc9b-0fec03b18931,8598b85d-3e1d-4767-b72f-0c209038841f,Štepanja vas,189
b59656a4-b6e7-4b87-977c-078c59088a50,aa42017d-812a-4175-bc9b-0fec03b18931,fef200e9-4d98-425b-ab14-8110e2aa85d7,Drama,74
b59656a4-b6e7-4b87-977c-078c59088a50,aa42017d-812a-4175-bc9b-0fec03b18931,fef200e9-4d98-425b-ab14-8110e2aa85d7,Drama,67
b59656a4-b6e7-4b87-977c-078c59088a50,aa42017d-812a-4175-bc9b-0fec03b18931,f33b721f-a8a3-4aad-96f2-077da09ebaa6,Razstavišče,363
b59656a4-b6e7-4b87-977c-078c59088a50,aa42017d-812a-4175-bc9b-0fec03b18931,c87db9be-1fba-4102-a743-0ee4317dd5af,Bavarski dvor,112
b59656a4-b6e7-4b87-977c-078c59088a50,aa42017d-812a-4175-bc9b-0fec03b18931,f33b721f-a8a3-4aad-96f2-077da09ebaa6,Razstavišče,525
b59656a4-b6e7-4b87-977c-078c59088a50,aa42017d-812a-4175-bc9b-0fec03b18931,295616c0-387b-4f60-a337-7743cd6be04e,Bavarski dvor,200
b59656a4-b6e7-4b87-977c-078c59088a50,aa42017d-812a-4175-bc9b-0fec03b18931,c87db9be-1fba-4102-a743-0ee4317dd5af,Bavarski dvor,109
b59656a4-b6e7-4b87-977c-078c59088a50,aa42017d-812a-4175-bc9b-0fec03b18931,fef200e9-4d98-425b-ab14-8110e2aa85d7,Drama,155
b59656a4-b6e7-4b87-977c-078c59088a50,aa42017d-812a-4175-bc9b-0fec03b18931,9b0074d2-2c92-4c01-830b-00be8e05b412,Cukrarna,39
b59656a4-b6e7-4b87-977c-078c59088a50,aa42017d-812a-4175-bc9b-0fec03b18931,7eb88e01-82e9-4af4-84d0-69c6ea9dc82c,Kolodvor,116
b59656a4-b6e7-4b87-977c-078c59088a50,aa42017d-812a-4175-bc9b-0fec03b18931,48507e1a-32df-4552-9448-3b345760b75f,Cesta na Vevče,200
b59656a4-b6e7-4b87-977c-078c59088a50,aa42017d-812a-4175-bc9b-0fec03b18931,1b3ddeca-a066-43ee-9ae5-8339628129c2,Žale,170
b59656a4-b6e7-4b87-977c-078c59088a50,aa42017d-812a-4175-bc9b-0fec03b18931,7484317c-269f-425f-8118-23eedab4e5f1,Tivoli,140
b59656a4-b6e7-4b87-977c-078c59088a50,aa42017d-812a-4175-bc9b-0fec03b18931,484b5c91-1220-43ba-af79-84e712fcc46b,Slovenija avto,209
b59656a4-b6e7-4b87-977c-078c59088a50,aa42017d-812a-4175-bc9b-0fec03b18931,295616c0-387b-4f60-a337-7743cd6be04e,Bavarski dvor,433
b59656a4-b6e7-4b87-977c-078c59088a50,aa42017d-812a-4175-bc9b-0fec03b18931,2f874852-bc80-4ff3-b6bf-a914e31251c8,Savske stolpnice,166
b59656a4-b6e7-4b87-977c-078c59088a50,aa42017d-812a-4175-bc9b-0fec03b18931,7c149b59-2bc6-45cb-95c8-69e18a0db627,Rusjanov trg,315
b59656a4-b6e7-4b87-977c-078c59088a50,aa42017d-812a-4175-bc9b-0fec03b18931,fef200e9-4d98-425b-ab14-8110e2aa85d7,Drama,353
b59656a4-b6e7-4b87-977c-078c59088a50,aa42017d-812a-4175-bc9b-0fec03b18931,b59656a4-b6e7-4b87-977c-078c59088a50,Hajdrihova,27
b59656a4-b6e7-4b87-977c-078c59088a50,aa42017d-812a-4175-bc9b-0fec03b18931,c87db9be-1fba-4102-a743-0ee4317dd5af,Bavarski dvor,20
b59656a4-b6e7-4b87-977c-078c59088a50,aa42017d-812a-4175-bc9b-0fec03b18931,6182f8e8-c45e-4606-b4a4-d909bd44d2cc,Gornji trg,59
b59656a4-b6e7-4b87-977c-078c59088a50,aa42017d-812a-4175-bc9b-0fec03b18931,N/A,N/A,660
b59656a4-b6e7-4b87-977c-078c59088a50,aa42017d-812a-4175-bc9b-0fec03b18931,7c149b59-2bc6-45cb-95c8-69e18a0db627,Rusjanov trg,59
b59656a4-b6e7-4b87-977c-078c59088a50,aa42017d-812a-4175-bc9b-0fec03b18931,ef31a8be-b01d-44cd-95cf-3db8e918af26,Emona,99
b59656a4-b6e7-4b87-977c-078c59088a50,aa42017d-812a-4175-bc9b-0fec03b18931,cdabf1ea-b04c-480a-8359-72c46e6864ab,Bežigrad,205
b59656a4-b6e7-4b87-977c-078c59088a50,aa42017d-812a-4175-bc9b-0fec03b18931,48b163cd-b819-4849-aee1-8b1da77657ab,Šentvid,22
b59656a4-b6e7-4b87-977c-078c59088a50,aa42017d-812a-4175-bc9b-0fec03b18931,484b5c91-1220-43ba-af79-84e712fcc46b,Slovenija avto,147
b59656a4-b6e7-4b87-977c-078c59088a50,aa42017d-812a-4175-bc9b-0fec03b18931,c87db9be-1fba-4102-a743-0ee4317dd5af,Bavarski dvor,237
b59656a4-b6e7-4b87-977c-078c59088a50,aa42017d-812a-4175-bc9b-0fec03b18931,fef200e9-4d98-425b-ab14-8110e2aa85d7,Drama,375
b59656a4-b6e7-4b87-977c-078c59088a50,aa42017d-812a-4175-bc9b-0fec03b18931,c87db9be-1fba-4102-a743-0ee4317dd5af,Bavarski dvor,46
b59656a4-b6e7-4b87-977c-078c59088a50,aa42017d-812a-4175-bc9b-0fec03b18931,295616c0-387b-4f60-a337-7743cd6be04e,Bavarski dvor,382
b59656a4-b6e7-4b87-977c-078c59088a50,aa42017d-812a-4175-bc9b-0fec03b18931,c87db9be-1fba-4102-a743-0ee4317dd5af,Bavarski dvor,150
b59656a4-b6e7-4b87-977c-078c59088a50,aa42017d-812a-4175-bc9b-0fec03b18931,1e157c31-d34d-4c2e-91b4-8c000c88f6dd,Kardeljeva ploščad,45
b59656a4-b6e7-4b87-977c-078c59088a50,aa42017d-812a-4175-bc9b-0fec03b18931,8c7fa045-888b-46d0-8189-6f82623bf481,Poljanska,28
b59656a4-b6e7-4b87-977c-078c59088a50,aa42017d-812a-4175-bc9b-0fec03b18931,5de6ff80-1352-43df-b5ec-1df59f2f492b,Pot na Rakovo jelšo,214
b59656a4-b6e7-4b87-977c-078c59088a50,aa42017d-812a-4175-bc9b-0fec03b18931,c87db9be-1fba-4102-a743-0ee4317dd5af,Bavarski dvor,200
b59656a4-b6e7-4b87-977c-078c59088a50,aa42017d-812a-4175-bc9b-0fec03b18931,c87db9be-1fba-4102-a743-0ee4317dd5af,Bavarski dvor,553
b59656a4-b6e7-4b87-977c-078c59088a50,aa42017d-812a-4175-bc9b-0fec03b18931,5d7f28a6-2a2a-4333-aa06-48edfb652f86,Pošta,264
b59656a4-b6e7-4b87-977c-078c59088a50,aa42017d-812a-4175-bc9b-0fec03b18931,223f660b-c391-4120-bf3c-7bf06781686b,Tovorni kolodvor,42
b59656a4-b6e7-4b87-977c-078c59088a50,aa42017d-812a-4175-bc9b-0fec03b18931,2f874852-bc80-4ff3-b6bf-a914e31251c8,Savske stolpnice,132
b59656a4-b6e7-4b87-977c-078c59088a50,aa42017d-812a-4175-bc9b-0fec03b18931,295616c0-387b-4f60-a337-7743cd6be04e,Bavarski dvor,271
b59656a4-b6e7-4b87-977c-078c59088a50,aa42017d-812a-4175-bc9b-0fec03b18931,7eb88e01-82e9-4af4-84d0-69c6ea9dc82c,Kolodvor,211
b59656a4-b6e7-4b87-977c-078c59088a50,aa42017d-812a-4175-bc9b-0fec03b18931,c87db9be-1fba-4102-a743-0ee4317dd5af,Bavarski dvor,317
b59656a4-b6e7-4b87-977c-078c59088a50,aa42017d-812a-4175-bc9b-0fec03b18931,a719a87c-4e93-4387-a6d1-2631a487f7e0,Ajdovščina,277
b59656a4-b6e7-4b87-977c-078c59088a50,aa42017d-812a-4175-bc9b-0fec03b18931,9746f277-af08-4cce-92fa-41da5eca8ac2,BERIČEVO,347
b59656a4-b6e7-4b87-977c-078c59088a50,aa42017d-812a-4175-bc9b-0fec03b18931,9b0074d2-2c92-4c01-830b-00be8e05b412,Cukrarna,200
b59656a4-b6e7-4b87-977c-078c59088a50,aa42017d-812a-4175-bc9b-0fec03b18931,c87db9be-1fba-4102-a743-0ee4317dd5af,Bavarski dvor,36
b59656a4-b6e7-4b87-977c-078c59088a50,aa42017d-812a-4175-bc9b-0fec03b18931,fef200e9-4d98-425b-ab14-8110e2aa85d7,Drama,513
b59656a4-b6e7-4b87-977c-078c59088a50,aa42017d-812a-4175-bc9b-0fec03b18931,8c7fa045-888b-46d0-8189-6f82623bf481,Poljanska,489
b59656a4-b6e7-4b87-977c-078c59088a50,aa42017d-812a-4175-bc9b-0fec03b18931,fef200e9-4d98-425b-ab14-8110e2aa85d7,Drama,163
b59656a4-b6e7-4b87-977c-078c59088a50,aa42017d-812a-4175-bc9b-0fec03b18931,a719a87c-4e93-4387-a6d1-2631a487f7e0,Ajdovščina,112
b59656a4-b6e7-4b87-977c-078c59088a50,aa42017d-812a-4175-bc9b-0fec03b18931,717dda7e-d793-4697-8f60-b64ee8b1edc4,Gosposvetska,52
b59656a4-b6e7-4b87-977c-078c59088a50,aa42017d-812a-4175-bc9b-0fec03b18931,7fad8003-fb10-489d-bf8d-6d433310ad90,Nove Jarše,28
b59656a4-b6e7-4b87-977c-078c59088a50,aa42017d-812a-4175-bc9b-0fec03b18931,a719a87c-4e93-4387-a6d1-2631a487f7e0,Ajdovščina,76
b59656a4-b6e7-4b87-977c-078c59088a50,aa42017d-812a-4175-bc9b-0fec03b18931,f33b721f-a8a3-4aad-96f2-077da09ebaa6,Razstavišče,12
b59656a4-b6e7-4b87-977c-078c59088a50,aa42017d-812a-4175-bc9b-0fec03b18931,8c7fa045-888b-46d0-8189-6f82623bf481,Poljanska,15
b59656a4-b6e7-4b87-977c-078c59088a50,aa42017d-812a-4175-bc9b-0fec03b18931,a719a87c-4e93-4387-a6d1-2631a487f7e0,Ajdovščina,129
b59656a4-b6e7-4b87-977c-078c59088a50,aa42017d-812a-4175-bc9b-0fec03b18931,5d7f28a6-2a2a-4333-aa06-48edfb652f86,Pošta,69
b59656a4-b6e7-4b87-977c-078c59088a50,aa42017d-812a-4175-bc9b-0fec03b18931,1b3ddeca-a066-43ee-9ae5-8339628129c2,Žale,141
b59656a4-b6e7-4b87-977c-078c59088a50,aa42017d-812a-4175-bc9b-0fec03b18931,295616c0-387b-4f60-a337-7743cd6be04e,Bavarski dvor,19
b59656a4-b6e7-4b87-977c-078c59088a50,aa42017d-812a-4175-bc9b-0fec03b18931,609f0950-bb8c-4eaf-a931-8575b8aff1ac,Savske stolpnice,157
b59656a4-b6e7-4b87-977c-078c59088a50,aa42017d-812a-4175-bc9b-0fec03b18931,a719a87c-4e93-4387-a6d1-2631a487f7e0,Ajdovščina,108
b59656a4-b6e7-4b87-977c-078c59088a50,aa42017d-812a-4175-bc9b-0fec03b18931,f4cfd904-bd11-4247-95df-32c4555a930f,Klinični center,208
b59656a4-b6e7-4b87-977c-078c59088a50,aa42017d-812a-4175-bc9b-0fec03b18931,fef200e9-4d98-425b-ab14-8110e2aa85d7,Drama,227
b59656a4-b6e7-4b87-977c-078c59088a50,aa42017d-812a-4175-bc9b-0fec03b18931,295616c0-387b-4f60-a337-7743cd6be04e,Bavarski dvor,160
b59656a4-b6e7-4b87-977c-078c59088a50,aa42017d-812a-4175-bc9b-0fec03b18931,5d7f28a6-2a2a-4333-aa06-48edfb652f86,Pošta,160
b59656a4-b6e7-4b87-977c-078c59088a50,aa42017d-812a-4175-bc9b-0fec03b18931,1ce1c3a8-e0f6-4f90-b1aa-1448759d8b3c,Astra,228
b59656a4-b6e7-4b87-977c-078c59088a50,aa42017d-812a-4175-bc9b-0fec03b18931,6459bd02-d8f8-413e-9402-10b916f09a4f,7. septembra,40
b59656a4-b6e7-4b87-977c-078c59088a50,aa42017d-812a-4175-bc9b-0fec03b18931,9cfac7e2-9653-4e52-a6d3-27756d27f817,Kino Šiška,479
b59656a4-b6e7-4b87-977c-078c59088a50,aa42017d-812a-4175-bc9b-0fec03b18931,5d7f28a6-2a2a-4333-aa06-48edfb652f86,Pošta,18
b59656a4-b6e7-4b87-977c-078c59088a50,aa42017d-812a-4175-bc9b-0fec03b18931,c87db9be-1fba-4102-a743-0ee4317dd5af,Bavarski dvor,437
b59656a4-b6e7-4b87-977c-078c59088a50,aa42017d-812a-4175-bc9b-0fec03b18931,1035c6f7-304e-4329-a3b2-4eb5d985a577,OŠ Sostro,120
b59656a4-b6e7-4b87-977c-078c59088a50,aa42017d-812a-4175-bc9b-0fec03b18931,e6f5183b-c615-4f47-b4fb-204ee070e825,Bežigrad,11
b59656a4-b6e7-4b87-977c-078c59088a50,aa42017d-812a-4175-bc9b-0fec03b18931,f33b721f-a8a3-4aad-96f2-077da09ebaa6,Razstavišče,560
b59656a4-b6e7-4b87-977c-078c59088a50,aa42017d-812a-4175-bc9b-0fec03b18931,7fa32ea0-e884-435a-a81c-51bbd5cedf3e,Zaloška,113
b59656a4-b6e7-4b87-977c-078c59088a50,aa42017d-812a-4175-bc9b-0fec03b18931,a719a87c-4e93-4387-a6d1-2631a487f7e0,Ajdovščina,415
b59656a4-b6e7-4b87-977c-078c59088a50,aa42017d-812a-4175-bc9b-0fec03b18931,59ee5f7d-476b-4958-a922-2040a9308f3b,Kranjčeva,42
b59656a4-b6e7-4b87-977c-078c59088a50,aa42017d-812a-4175-bc9b-0fec03b18931,5d7f28a6-2a2a-4333-aa06-48edfb652f86,Pošta,85
b59656a4-b6e7-4b87-977c-078c59088a50,aa42017d-812a-4175-bc9b-0fec03b18931,5d7f28a6-2a2a-4333-aa06-48edfb652f86,Pošta,32
b59656a4-b6e7-4b87-977c-078c59088a50,aa42017d-812a-4175-bc9b-0fec03b18931,c87db9be-1fba-4102-a743-0ee4317dd5af,Bavarski dvor,8
b59656a4-b6e7-4b87-977c-078c59088a50,aa42017d-812a-4175-bc9b-0fec03b18931,38b3abed-0592-407b-96c3-85a026f2e192,Dalmatinova,195
b59656a4-b6e7-4b87-977c-078c59088a50,aa42017d-812a-4175-bc9b-0fec03b18931,dfde6478-02b5-471b-a470-29cb0e84542f,Slovenija avto,260
b59656a4-b6e7-4b87-977c-078c59088a50,aa42017d-812a-4175-bc9b-0fec03b18931,c87db9be-1fba-4102-a743-0ee4317dd5af,Bavarski dvor,34
b59656a4-b6e7-4b87-977c-078c59088a50,aa42017d-812a-4175-bc9b-0fec03b18931,c87db9be-1fba-4102-a743-0ee4317dd5af,Bavarski dvor,14
b59656a4-b6e7-4b87-977c-078c59088a50,aa42017d-812a-4175-bc9b-0fec03b18931,295616c0-387b-4f60-a337-7743cd6be04e,Bavarski dvor,107
b59656a4-b6e7-4b87-977c-078c59088a50,aa42017d-812a-4175-bc9b-0fec03b18931,6182f8e8-c45e-4606-b4a4-d909bd44d2cc,Gornji trg,209
b59656a4-b6e7-4b87-977c-078c59088a50,aa42017d-812a-4175-bc9b-0fec03b18931,a2ce7e6f-0f99-443a-a973-81a0b9c60261,Astra,289
b59656a4-b6e7-4b87-977c-078c59088a50,aa42017d-812a-4175-bc9b-0fec03b18931,c87db9be-1fba-4102-a743-0ee4317dd5af,Bavarski dvor,92
b59656a4-b6e7-4b87-977c-078c59088a50,aa42017d-812a-4175-bc9b-0fec03b18931,484b5c91-1220-43ba-af79-84e712fcc46b,Slovenija avto,294
b59656a4-b6e7-4b87-977c-078c59088a50,aa42017d-812a-4175-bc9b-0fec03b18931,fef200e9-4d98-425b-ab14-8110e2aa85d7,Drama,68
b59656a4-b6e7-4b87-977c-078c59088a50,aa42017d-812a-4175-bc9b-0fec03b18931,6182f8e8-c45e-4606-b4a4-d909bd44d2cc,Gornji trg,195
b59656a4-b6e7-4b87-977c-078c59088a50,aa42017d-812a-4175-bc9b-0fec03b18931,7eb88e01-82e9-4af4-84d0-69c6ea9dc82c,Kolodvor,89
b59656a4-b6e7-4b87-977c-078c59088a50,aa42017d-812a-4175-bc9b-0fec03b18931,a719a87c-4e93-4387-a6d1-2631a487f7e0,Ajdovščina,11
b59656a4-b6e7-4b87-977c-078c59088a50,aa42017d-812a-4175-bc9b-0fec03b18931,a719a87c-4e93-4387-a6d1-2631a487f7e0,Ajdovščina,256
b59656a4-b6e7-4b87-977c-078c59088a50,aa42017d-812a-4175-bc9b-0fec03b18931,c87db9be-1fba-4102-a743-0ee4317dd5af,Bavarski dvor,544
b59656a4-b6e7-4b87-977c-078c59088a50,aa42017d-812a-4175-bc9b-0fec03b18931,295616c0-387b-4f60-a337-7743cd6be04e,Bavarski dvor,83
b59656a4-b6e7-4b87-977c-078c59088a50,aa42017d-812a-4175-bc9b-0fec03b18931,9cfac7e2-9653-4e52-a6d3-27756d27f817,Kino Šiška,87
b59656a4-b6e7-4b87-977c-078c59088a50,aa42017d-812a-4175-bc9b-0fec03b18931,c87db9be-1fba-4102-a743-0ee4317dd5af,Bavarski dvor,62
b59656a4-b6e7-4b87-977c-078c59088a50,aa42017d-812a-4175-bc9b-0fec03b18931,295616c0-387b-4f60-a337-7743cd6be04e,Bavarski dvor,109
b59656a4-b6e7-4b87-977c-078c59088a50,aa42017d-812a-4175-bc9b-0fec03b18931,ac3afe7d-a2b3-4d5d-9e6a-1d2412a3bc70,Litostrojska,357
b59656a4-b6e7-4b87-977c-078c59088a50,aa42017d-812a-4175-bc9b-0fec03b18931,N/A,N/A,660
b59656a4-b6e7-4b87-977c-078c59088a50,aa42017d-812a-4175-bc9b-0fec03b18931,5d7f28a6-2a2a-4333-aa06-48edfb652f86,Pošta,477
b59656a4-b6e7-4b87-977c-078c59088a50,aa42017d-812a-4175-bc9b-0fec03b18931,7fa32ea0-e884-435a-a81c-51bbd5cedf3e,Zaloška,308
b59656a4-b6e7-4b87-977c-078c59088a50,aa42017d-812a-4175-bc9b-0fec03b18931,023d7b7a-b411-4e61-8746-b07f9e5c8f90,Ambrožev trg,130
b59656a4-b6e7-4b87-977c-078c59088a50,aa42017d-812a-4175-bc9b-0fec03b18931,717dda7e-d793-4697-8f60-b64ee8b1edc4,Gosposvetska,30
b59656a4-b6e7-4b87-977c-078c59088a50,aa42017d-812a-4175-bc9b-0fec03b18931,f15ddf31-fc11-41ba-988d-376c83e38f58,Vodovodna,335
b59656a4-b6e7-4b87-977c-078c59088a50,aa42017d-812a-4175-bc9b-0fec03b18931,a719a87c-4e93-4387-a6d1-2631a487f7e0,Ajdovščina,546
b59656a4-b6e7-4b87-977c-078c59088a50,aa42017d-812a-4175-bc9b-0fec03b18931,295616c0-387b-4f60-a337-7743cd6be04e,Bavarski dvor,25
b59656a4-b6e7-4b87-977c-078c59088a50,aa42017d-812a-4175-bc9b-0fec03b18931,a719a87c-4e93-4387-a6d1-2631a487f7e0,Ajdovščina,303
b59656a4-b6e7-4b87-977c-078c59088a50,aa42017d-812a-4175-bc9b-0fec03b18931,7c149b59-2bc6-45cb-95c8-69e18a0db627,Rusjanov trg,18
b59656a4-b6e7-4b87-977c-078c59088a50,aa42017d-812a-4175-bc9b-0fec03b18931,4d216485-ef41-45e7-9182-0c254644955c,Sava,10
b59656a4-b6e7-4b87-977c-078c59088a50,aa42017d-812a-4175-bc9b-0fec03b18931,c87db9be-1fba-4102-a743-0ee4317dd5af,Bavarski dvor,405
b59656a4-b6e7-4b87-977c-078c59088a50,aa42017d-812a-4175-bc9b-0fec03b18931,fef200e9-4d98-425b-ab14-8110e2aa85d7,Drama,220
b59656a4-b6e7-4b87-977c-078c59088a50,aa42017d-812a-4175-bc9b-0fec03b18931,1ce1c3a8-e0f6-4f90-b1aa-1448759d8b3c,Astra,101
b59656a4-b6e7-4b87-977c-078c59088a50,aa42017d-812a-4175-bc9b-0fec03b18931,a719a87c-4e93-4387-a6d1-2631a487f7e0,Ajdovščina,179
b59656a4-b6e7-4b87-977c-078c59088a50,aa42017d-812a-4175-bc9b-0fec03b18931,47a3bd8a-72ae-4e20-b43f-10bfaf49012c,Ob sotočju,350
b59656a4-b6e7-4b87-977c-078c59088a50,aa42017d-812a-4175-bc9b-0fec03b18931,5d7f28a6-2a2a-4333-aa06-48edfb652f86,Pošta,388
b59656a4-b6e7-4b87-977c-078c59088a50,aa42017d-812a-4175-bc9b-0fec03b18931,c87db9be-1fba-4102-a743-0ee4317dd5af,Bavarski dvor,268
b59656a4-b6e7-4b87-977c-078c59088a50,aa42017d-812a-4175-bc9b-0fec03b18931,295616c0-387b-4f60-a337-7743cd6be04e,Bavarski dvor,520
b59656a4-b6e7-4b87-977c-078c59088a50,aa42017d-812a-4175-bc9b-0fec03b18931,717dda7e-d793-4697-8f60-b64ee8b1edc4,Gosposvetska,3
b59656a4-b6e7-4b87-977c-078c59088a50,aa42017d-812a-4175-bc9b-0fec03b18931,c87db9be-1fba-4102-a743-0ee4317dd5af,Bavarski dvor,152
b59656a4-b6e7-4b87-977c-078c59088a50,aa42017d-812a-4175-bc9b-0fec03b18931,295616c0-387b-4f60-a337-7743cd6be04e,Bavarski dvor,109
b59656a4-b6e7-4b87-977c-078c59088a50,aa42017d-812a-4175-bc9b-0fec03b18931,295616c0-387b-4f60-a337-7743cd6be04e,Bavarski dvor,181
b59656a4-b6e7-4b87-977c-078c59088a50,aa42017d-812a-4175-bc9b-0fec03b18931,093afa81-b65f-4182-bac3-afbc00558a9b,Koseze,157
b59656a4-b6e7-4b87-977c-078c59088a50,aa42017d-812a-4175-bc9b-0fec03b18931,c87db9be-1fba-4102-a743-0ee4317dd5af,Bavarski dvor,43
b59656a4-b6e7-4b87-977c-078c59088a50,aa42017d-812a-4175-bc9b-0fec03b18931,86a75ffc-a78f-401f-8991-2eb0371417b2,Studenec,9
b59656a4-b6e7-4b87-977c-078c59088a50,aa42017d-812a-4175-bc9b-0fec03b18931,f4cfd904-bd11-4247-95df-32c4555a930f,Klinični center,49
b59656a4-b6e7-4b87-977c-078c59088a50,aa42017d-812a-4175-bc9b-0fec03b18931,ecc4ae87-ae08-4b94-995c-452fdd94df7f,Privoz,49
b59656a4-b6e7-4b87-977c-078c59088a50,aa42017d-812a-4175-bc9b-0fec03b18931,c87db9be-1fba-4102-a743-0ee4317dd5af,Bavarski dvor,162
b59656a4-b6e7-4b87-977c-078c59088a50,aa42017d-812a-4175-bc9b-0fec03b18931,295616c0-387b-4f60-a337-7743cd6be04e,Bavarski dvor,126
b59656a4-b6e7-4b87-977c-078c59088a50,aa42017d-812a-4175-bc9b-0fec03b18931,295616c0-387b-4f60-a337-7743cd6be04e,Bavarski dvor,105
b59656a4-b6e7-4b87-977c-078c59088a50,aa42017d-812a-4175-bc9b-0fec03b18931,717dda7e-d793-4697-8f60-b64ee8b1edc4,Gosposvetska,366
b59656a4-b6e7-4b87-977c-078c59088a50,aa42017d-812a-4175-bc9b-0fec03b18931,023d7b7a-b411-4e61-8746-b07f9e5c8f90,Ambrožev trg,295
b59656a4-b6e7-4b87-977c-078c59088a50,aa42017d-812a-4175-bc9b-0fec03b18931,eb165f50-9c43-4b09-9658-469a16d3dc83,Kodeljevo,287
b59656a4-b6e7-4b87-977c-078c59088a50,aa42017d-812a-4175-bc9b-0fec03b18931,a719a87c-4e93-4387-a6d1-2631a487f7e0,Ajdovščina,120
b59656a4-b6e7-4b87-977c-078c59088a50,aa42017d-812a-4175-bc9b-0fec03b18931,f33b721f-a8a3-4aad-96f2-077da09ebaa6,Razstavišče,15
b59656a4-b6e7-4b87-977c-078c59088a50,aa42017d-812a-4175-bc9b-0fec03b18931,f33b721f-a8a3-4aad-96f2-077da09ebaa6,Razstavišče,86
b59656a4-b6e7-4b87-977c-078c59088a50,aa42017d-812a-4175-bc9b-0fec03b18931,fef200e9-4d98-425b-ab14-8110e2aa85d7,Drama,72
b59656a4-b6e7-4b87-977c-078c59088a50,aa42017d-812a-4175-bc9b-0fec03b18931,c87db9be-1fba-4102-a743-0ee4317dd5af,Bavarski dvor,159
b59656a4-b6e7-4b87-977c-078c59088a50,aa42017d-812a-4175-bc9b-0fec03b18931,9cfac7e2-9653-4e52-a6d3-27756d27f817,Kino Šiška,69
b59656a4-b6e7-4b87-977c-078c59088a50,aa42017d-812a-4175-bc9b-0fec03b18931,5d7f28a6-2a2a-4333-aa06-48edfb652f86,Pošta,64
b59656a4-b6e7-4b87-977c-078c59088a50,aa42017d-812a-4175-bc9b-0fec03b18931,717dda7e-d793-4697-8f60-b64ee8b1edc4,Gosposvetska,61
b59656a4-b6e7-4b87-977c-078c59088a50,aa42017d-812a-4175-bc9b-0fec03b18931,7eb88e01-82e9-4af4-84d0-69c6ea9dc82c,Kolodvor,321
b59656a4-b6e7-4b87-977c-078c59088a50,aa42017d-812a-4175-bc9b-0fec03b18931,1ce1c3a8-e0f6-4f90-b1aa-1448759d8b3c,Astra,81
b59656a4-b6e7-4b87-977c-078c59088a50,aa42017d-812a-4175-bc9b-0fec03b18931,717dda7e-d793-4697-8f60-b64ee8b1edc4,Gosposvetska,147
b59656a4-b6e7-4b87-977c-078c59088a50,aa42017d-812a-4175-bc9b-0fec03b18931,c87db9be-1fba-4102-a743-0ee4317dd5af,Bavarski dvor,290
b59656a4-b6e7-4b87-977c-078c59088a50,aa42017d-812a-4175-bc9b-0fec03b18931,1b3ddeca-a066-43ee-9ae5-8339628129c2,Žale,6
b59656a4-b6e7-4b87-977c-078c59088a50,aa42017d-812a-4175-bc9b-0fec03b18931,c87db9be-1fba-4102-a743-0ee4317dd5af,Bavarski dvor,133
b59656a4-b6e7-4b87-977c-078c59088a50,aa42017d-812a-4175-bc9b-0fec03b18931,48b163cd-b819-4849-aee1-8b1da77657ab,Šentvid,542
b59656a4-b6e7-4b87-977c-078c59088a50,aa42017d-812a-4175-bc9b-0fec03b18931,c87db9be-1fba-4102-a743-0ee4317dd5af,Bavarski dvor,57
b59656a4-b6e7-4b87-977c-078c59088a50,aa42017d-812a-4175-bc9b-0fec03b18931,N/A,N/A,660
b59656a4-b6e7-4b87-977c-078c59088a50,aa42017d-812a-4175-bc9b-0fec03b18931,f33b721f-a8a3-4aad-96f2-077da09ebaa6,Razstavišče,13
b59656a4-b6e7-4b87-977c-078c59088a50,aa42017d-812a-4175-bc9b-0fec03b18931,5d7f28a6-2a2a-4333-aa06-48edfb652f86,Pošta,142
b59656a4-b6e7-4b87-977c-078c59088a50,aa42017d-812a-4175-bc9b-0fec03b18931,c87db9be-1fba-4102-a743-0ee4317dd5af,Bavarski dvor,18
b59656a4-b6e7-4b87-977c-078c59088a50,aa42017d-812a-4175-bc9b-0fec03b18931,7fa32ea0-e884-435a-a81c-51bbd5cedf3e,Zaloška,263
b59656a4-b6e7-4b87-977c-078c59088a50,aa42017d-812a-4175-bc9b-0fec03b18931,295616c0-387b-4f60-a337-7743cd6be04e,Bavarski dvor,181
b59656a4-b6e7-4b87-977c-078c59088a50,aa42017d-812a-4175-bc9b-0fec03b18931,f33b721f-a8a3-4aad-96f2-077da09ebaa6,Razstavišče,122
b59656a4-b6e7-4b87-977c-078c59088a50,aa42017d-812a-4175-bc9b-0fec03b18931,c87db9be-1fba-4102-a743-0ee4317dd5af,Bavarski dvor,183
b59656a4-b6e7-4b87-977c-078c59088a50,aa42017d-812a-4175-bc9b-0fec03b18931,f4cfd904-bd11-4247-95df-32c4555a930f,Klinični center,212
b59656a4-b6e7-4b87-977c-078c59088a50,aa42017d-812a-4175-bc9b-0fec03b18931,fef200e9-4d98-425b-ab14-8110e2aa85d7,Drama,141
b59656a4-b6e7-4b87-977c-078c59088a50,aa42017d-812a-4175-bc9b-0fec03b18931,295616c0-387b-4f60-a337-7743cd6be04e,Bavarski dvor,264
b59656a4-b6e7-4b87-977c-078c59088a50,aa42017d-812a-4175-bc9b-0fec03b18931,aa42017d-812a-4175-bc9b-0fec03b18931,Ambrožev trg,262
b59656a4-b6e7-4b87-977c-078c59088a50,aa42017d-812a-4175-bc9b-0fec03b18931,7c149b59-2bc6-45cb-95c8-69e18a0db627,Rusjanov trg,169
b59656a4-b6e7-4b87-977c-078c59088a50,aa42017d-812a-4175-bc9b-0fec03b18931,5d7f28a6-2a2a-4333-aa06-48edfb652f86,Pošta,31
b59656a4-b6e7-4b87-977c-078c59088a50,aa42017d-812a-4175-bc9b-0fec03b18931,c87db9be-1fba-4102-a743-0ee4317dd5af,Bavarski dvor,59
b59656a4-b6e7-4b87-977c-078c59088a50,aa42017d-812a-4175-bc9b-0fec03b18931,5d7f28a6-2a2a-4333-aa06-48edfb652f86,Pošta,149
b59656a4-b6e7-4b87-977c-078c59088a50,aa42017d-812a-4175-bc9b-0fec03b18931,N/A,N/A,660
b59656a4-b6e7-4b87-977c-078c59088a50,aa42017d-812a-4175-bc9b-0fec03b18931,717dda7e-d793-4697-8f60-b64ee8b1edc4,Gosposvetska,95
b59656a4-b6e7-4b87-977c-078c59088a50,aa42017d-812a-4175-bc9b-0fec03b18931,379bc761-04b5-4227-be76-3b870fe3e69f,Pot na Fužine,98
b59656a4-b6e7-4b87-977c-078c59088a50,aa42017d-812a-4175-bc9b-0fec03b18931,9746f277-af08-4cce-92fa-41da5eca8ac2,BERIČEVO,80
b59656a4-b6e7-4b87-977c-078c59088a50,aa42017d-812a-4175-bc9b-0fec03b18931,fef200e9-4d98-425b-ab14-8110e2aa85d7,Drama,151
b59656a4-b6e7-4b87-977c-078c59088a50,aa42017d-812a-4175-bc9b-0fec03b18931,c87db9be-1fba-4102-a743-0ee4317dd5af,Bavarski dvor,330
b59656a4-b6e7-4b87-977c-078c59088a50,aa42017d-812a-4175-bc9b-0fec03b18931,f4cfd904-bd11-4247-95df-32c4555a930f,Klinični center,30
b59656a4-b6e7-4b87-977c-078c59088a50,aa42017d-812a-4175-bc9b-0fec03b18931,c87db9be-1fba-4102-a743-0ee4317dd5af,Bavarski dvor,13
b59656a4-b6e7-4b87-977c-078c59088a50,aa42017d-812a-4175-bc9b-0fec03b18931,N/A,N/A,660
b59656a4-b6e7-4b87-977c-078c59088a50,aa42017d-812a-4175-bc9b-0fec03b18931,9cfac7e2-9653-4e52-a6d3-27756d27f817,Kino Šiška,83
b59656a4-b6e7-4b87-977c-078c59088a50,aa42017d-812a-4175-bc9b-0fec03b18931,c87db9be-1fba-4102-a743-0ee4317dd5af,Bavarski dvor,28
b59656a4-b6e7-4b87-977c-078c59088a50,aa42017d-812a-4175-bc9b-0fec03b18931,c22879e5-8e90-4540-9a74-5f139208e492,Friškovec,223
b59656a4-b6e7-4b87-977c-078c59088a50,aa42017d-812a-4175-bc9b-0fec03b18931,9a1c4c65-df77-481f-87ad-56143f02a864,Vižmarje,105
b59656a4-b6e7-4b87-977c-078c59088a50,aa42017d-812a-4175-bc9b-0fec03b18931,295616c0-387b-4f60-a337-7743cd6be04e,Bavarski dvor,26
b59656a4-b6e7-4b87-977c-078c59088a50,aa42017d-812a-4175-bc9b-0fec03b18931,484b5c91-1220-43ba-af79-84e712fcc46b,Slovenija avto,34
b59656a4-b6e7-4b87-977c-078c59088a50,aa42017d-812a-4175-bc9b-0fec03b18931,eb165f50-9c43-4b09-9658-469a16d3dc83,Kodeljevo,354
b59656a4-b6e7-4b87-977c-078c59088a50,aa42017d-812a-4175-bc9b-0fec03b18931,295616c0-387b-4f60-a337-7743cd6be04e,Bavarski dvor,137
b59656a4-b6e7-4b87-977c-078c59088a50,aa42017d-812a-4175-bc9b-0fec03b18931,295616c0-387b-4f60-a337-7743cd6be04e,Bavarski dvor,417
b59656a4-b6e7-4b87-977c-078c59088a50,aa42017d-812a-4175-bc9b-0fec03b18931,f33b721f-a8a3-4aad-96f2-077da09ebaa6,Razstavišče,224
b59656a4-b6e7-4b87-977c-078c59088a50,aa42017d-812a-4175-bc9b-0fec03b18931,a0b1fb90-3f6a-4231-910a-18be192ac762,Flajšmanova,167
b59656a4-b6e7-4b87-977c-078c59088a50,aa42017d-812a-4175-bc9b-0fec03b18931,717dda7e-d793-4697-8f60-b64ee8b1edc4,Gosposvetska,335
b59656a4-b6e7-4b87-977c-078c59088a50,aa42017d-812a-4175-bc9b-0fec03b18931,dfde6478-02b5-471b-a470-29cb0e84542f,Slovenija avto,7
b59656a4-b6e7-4b87-977c-078c59088a50,aa42017d-812a-4175-bc9b-0fec03b18931,a719a87c-4e93-4387-a6d1-2631a487f7e0,Ajdovščina,93
b59656a4-b6e7-4b87-977c-078c59088a50,aa42017d-812a-4175-bc9b-0fec03b18931,a2ce7e6f-0f99-443a-a973-81a0b9c60261,Astra,44
b59656a4-b6e7-4b87-977c-078c59088a50,aa42017d-812a-4175-bc9b-0fec03b18931,fef200e9-4d98-425b-ab14-8110e2aa85d7,Drama,334
b59656a4-b6e7-4b87-977c-078c59088a50,aa42017d-812a-4175-bc9b-0fec03b18931,f33b721f-a8a3-4aad-96f2-077da09ebaa6,Razstavišče,304
b59656a4-b6e7-4b87-977c-078c59088a50,aa42017d-812a-4175-bc9b-0fec03b18931,ac3afe7d-a2b3-4d5d-9e6a-1d2412a3bc70,Litostrojska,280
b59656a4-b6e7-4b87-977c-078c59088a50,aa42017d-812a-4175-bc9b-0fec03b18931,ac3afe7d-a2b3-4d5d-9e6a-1d2412a3bc70,Litostrojska,292
b59656a4-b6e7-4b87-977c-078c59088a50,aa42017d-812a-4175-bc9b-0fec03b18931,295616c0-387b-4f60-a337-7743cd6be04e,Bavarski dvor,33
b59656a4-b6e7-4b87-977c-078c59088a50,aa42017d-812a-4175-bc9b-0fec03b18931,295616c0-387b-4f60-a337-7743cd6be04e,Bavarski dvor,157
b59656a4-b6e7-4b87-977c-078c59088a50,aa42017d-812a-4175-bc9b-0fec03b18931,c87db9be-1fba-4102-a743-0ee4317dd5af,Bavarski dvor,7
b59656a4-b6e7-4b87-977c-078c59088a50,aa42017d-812a-4175-bc9b-0fec03b18931,N/A,N/A,660
b59656a4-b6e7-4b87-977c-078c59088a50,aa42017d-812a-4175-bc9b-0fec03b18931,f33b721f-a8a3-4aad-96f2-077da09ebaa6,Razstavišče,23
b59656a4-b6e7-4b87-977c-078c59088a50,aa42017d-812a-4175-bc9b-0fec03b18931,1b3ddeca-a066-43ee-9ae5-8339628129c2,Žale,47
b59656a4-b6e7-4b87-977c-078c59088a50,aa42017d-812a-4175-bc9b-0fec03b18931,609f0950-bb8c-4eaf-a931-8575b8aff1ac,Savske stolpnice,269
b59656a4-b6e7-4b87-977c-078c59088a50,aa42017d-812a-4175-bc9b-0fec03b18931,295616c0-387b-4f60-a337-7743cd6be04e,Bavarski dvor,180
b59656a4-b6e7-4b87-977c-078c59088a50,aa42017d-812a-4175-bc9b-0fec03b18931,295616c0-387b-4f60-a337-7743cd6be04e,Bavarski dvor,202
b59656a4-b6e7-4b87-977c-078c59088a50,aa42017d-812a-4175-bc9b-0fec03b18931,abc9fd26-5442-468b-93b6-4d5eb76d0f1f,BTC-Emporium,194
b59656a4-b6e7-4b87-977c-078c59088a50,aa42017d-812a-4175-bc9b-0fec03b18931,f33b721f-a8a3-4aad-96f2-077da09ebaa6,Razstavišče,338
b59656a4-b6e7-4b87-977c-078c59088a50,aa42017d-812a-4175-bc9b-0fec03b18931,a7094427-e180-4deb-acaf-5d4488326e9e,ZADOBROVA,243
b59656a4-b6e7-4b87-977c-078c59088a50,aa42017d-812a-4175-bc9b-0fec03b18931,c87db9be-1fba-4102-a743-0ee4317dd5af,Bavarski dvor,73
b59656a4-b6e7-4b87-977c-078c59088a50,aa42017d-812a-4175-bc9b-0fec03b18931,1ce1c3a8-e0f6-4f90-b1aa-1448759d8b3c,Astra,181
b59656a4-b6e7-4b87-977c-078c59088a50,aa42017d-812a-4175-bc9b-0fec03b18931,f4cfd904-bd11-4247-95df-32c4555a930f,Klinični center,132
b59656a4-b6e7-4b87-977c-078c59088a50,aa42017d-812a-4175-bc9b-0fec03b18931,295616c0-387b-4f60-a337-7743cd6be04e,Bavarski dvor,88
b59656a4-b6e7-4b87-977c-078c59088a50,aa42017d-812a-4175-bc9b-0fec03b18931,a719a87c-4e93-4387-a6d1-2631a487f7e0,Ajdovščina,125
b59656a4-b6e7-4b87-977c-078c59088a50,aa42017d-812a-4175-bc9b-0fec03b18931,295616c0-387b-4f60-a337-7743cd6be04e,Bavarski dvor,217
b59656a4-b6e7-4b87-977c-078c59088a50,aa42017d-812a-4175-bc9b-0fec03b18931,d98335a0-1291-4d4c-be62-16b11c356575,Božičeva,6
b59656a4-b6e7-4b87-977c-078c59088a50,aa42017d-812a-4175-bc9b-0fec03b18931,5d7f28a6-2a2a-4333-aa06-48edfb652f86,Pošta,23
b59656a4-b6e7-4b87-977c-078c59088a50,aa42017d-812a-4175-bc9b-0fec03b18931,223f660b-c391-4120-bf3c-7bf06781686b,Tovorni kolodvor,19
b59656a4-b6e7-4b87-977c-078c59088a50,aa42017d-812a-4175-bc9b-0fec03b18931,a719a87c-4e93-4387-a6d1-2631a487f7e0,Ajdovščina,317
b59656a4-b6e7-4b87-977c-078c59088a50,aa42017d-812a-4175-bc9b-0fec03b18931,5d7f28a6-2a2a-4333-aa06-48edfb652f86,Pošta,81
b59656a4-b6e7-4b87-977c-078c59088a50,aa42017d-812a-4175-bc9b-0fec03b18931,8598b85d-3e1d-4767-b72f-0c209038841f,Štepanja vas,131
b59656a4-b6e7-4b87-977c-078c59088a50,aa42017d-812a-4175-bc9b-0fec03b18931,a719a87c-4e93-4387-a6d1-2631a487f7e0,Ajdovščina,142
b59656a4-b6e7-4b87-977c-078c59088a50,aa42017d-812a-4175-bc9b-0fec03b18931,c87db9be-1fba-4102-a743-0ee4317dd5af,Bavarski dvor,68
b59656a4-b6e7-4b87-977c-078c59088a50,aa42017d-812a-4175-bc9b-0fec03b18931,295616c0-387b-4f60-a337-7743cd6be04e,Bavarski dvor,313
b59656a4-b6e7-4b87-977c-078c59088a50,aa42017d-812a-4175-bc9b-0fec03b18931,484b5c91-1220-43ba-af79-84e712fcc46b,Slovenija avto,96
b59656a4-b6e7-4b87-977c-078c59088a50,aa42017d-812a-4175-bc9b-0fec03b18931,a2ce7e6f-0f99-443a-a973-81a0b9c60261,Astra,99
b59656a4-b6e7-4b87-977c-078c59088a50,aa42017d-812a-4175-bc9b-0fec03b18931,a719a87c-4e93-4387-a6d1-2631a487f7e0,Ajdovščina,304
b59656a4-b6e7-4b87-977c-078c59088a50,aa42017d-812a-4175-bc9b-0fec03b18931,717dda7e-d793-4697-8f60-b64ee8b1edc4,Gosposvetska,39
b59656a4-b6e7-4b87-977c-078c59088a50,aa42017d-812a-4175-bc9b-0fec03b18931,a2ce7e6f-0f99-443a-a973-81a0b9c60261,Astra,507
b59656a4-b6e7-4b87-977c-078c59088a50,aa42017d-812a-4175-bc9b-0fec03b18931,8598b85d-3e1d-4767-b72f-0c209038841f,Štepanja vas,46
b59656a4-b6e7-4b87-977c-078c59088a50,aa42017d-812a-4175-bc9b-0fec03b18931,2ec182e2-769f-427f-b9b5-c4118890cb96,Stožice,66
b59656a4-b6e7-4b87-977c-078c59088a50,aa42017d-812a-4175-bc9b-0fec03b18931,e6f5183b-c615-4f47-b4fb-204ee070e825,Bežigrad,29
b59656a4-b6e7-4b87-977c-078c59088a50,aa42017d-812a-4175-bc9b-0fec03b18931,fef200e9-4d98-425b-ab14-8110e2aa85d7,Drama,112
b59656a4-b6e7-4b87-977c-078c59088a50,aa42017d-812a-4175-bc9b-0fec03b18931,dfde6478-02b5-471b-a470-29cb0e84542f,Slovenija avto,14
b59656a4-b6e7-4b87-977c-078c59088a50,aa42017d-812a-4175-bc9b-0fec03b18931,5d7f28a6-2a2a-4333-aa06-48edfb652f86,Pošta,516
b59656a4-b6e7-4b87-977c-078c59088a50,aa42017d-812a-4175-bc9b-0fec03b18931,ac3afe7d-a2b3-4d5d-9e6a-1d2412a3bc70,Litostrojska,167
b59656a4-b6e7-4b87-977c-078c59088a50,aa42017d-812a-4175-bc9b-0fec03b18931,a0b1fb90-3f6a-4231-910a-18be192ac762,Flajšmanova,210
b59656a4-b6e7-4b87-977c-078c59088a50,aa42017d-812a-4175-bc9b-0fec03b18931,5d7f28a6-2a2a-4333-aa06-48edfb652f86,Pošta,224
b59656a4-b6e7-4b87-977c-078c59088a50,aa42017d-812a-4175-bc9b-0fec03b18931,ac3afe7d-a2b3-4d5d-9e6a-1d2412a3bc70,Litostrojska,8
b59656a4-b6e7-4b87-977c-078c59088a50,aa42017d-812a-4175-bc9b-0fec03b18931,fef200e9-4d98-425b-ab14-8110e2aa85d7,Drama,19
b59656a4-b6e7-4b87-977c-078c59088a50,aa42017d-812a-4175-bc9b-0fec03b18931,484b5c91-1220-43ba-af79-84e712fcc46b,Slovenija avto,39
b59656a4-b6e7-4b87-977c-078c59088a50,aa42017d-812a-4175-bc9b-0fec03b18931,fef200e9-4d98-425b-ab14-8110e2aa85d7,Drama,304
b59656a4-b6e7-4b87-977c-078c59088a50,aa42017d-812a-4175-bc9b-0fec03b18931,7fad8003-fb10-489d-bf8d-6d433310ad90,Nove Jarše,8
b59656a4-b6e7-4b87-977c-078c59088a50,aa42017d-812a-4175-bc9b-0fec03b18931,aa42017d-812a-4175-bc9b-0fec03b18931,Ambrožev trg,19
b59656a4-b6e7-4b87-977c-078c59088a50,aa42017d-812a-4175-bc9b-0fec03b18931,fef200e9-4d98-425b-ab14-8110e2aa85d7,Drama,14
b59656a4-b6e7-4b87-977c-078c59088a50,aa42017d-812a-4175-bc9b-0fec03b18931,717dda7e-d793-4697-8f60-b64ee8b1edc4,Gosposvetska,183
b59656a4-b6e7-4b87-977c-078c59088a50,aa42017d-812a-4175-bc9b-0fec03b18931,c87db9be-1fba-4102-a743-0ee4317dd5af,Bavarski dvor,108
b59656a4-b6e7-4b87-977c-078c59088a50,aa42017d-812a-4175-bc9b-0fec03b18931,f4cfd904-bd11-4247-95df-32c4555a930f,Klinični center,60
b59656a4-b6e7-4b87-977c-078c59088a50,aa42017d-812a-4175-bc9b-0fec03b18931,5d7f28a6-2a2a-4333-aa06-48edfb652f86,Pošta,41
b59656a4-b6e7-4b87-977c-078c59088a50,aa42017d-812a-4175-bc9b-0fec03b18931,1b3ddeca-a066-43ee-9ae5-8339628129c2,Žale,476
b59656a4-b6e7-4b87-977c-078c59088a50,aa42017d-812a-4175-bc9b-0fec03b18931,295616c0-387b-4f60-a337-7743cd6be04e,Bavarski dvor,83
b59656a4-b6e7-4b87-977c-078c59088a50,aa42017d-812a-4175-bc9b-0fec03b18931,e6f5183b-c615-4f47-b4fb-204ee070e825,Bežigrad,118
b59656a4-b6e7-4b87-977c-078c59088a50,aa42017d-812a-4175-bc9b-0fec03b18931,484b5c91-1220-43ba-af79-84e712fcc46b,Slovenija avto,25
b59656a4-b6e7-4b87-977c-078c59088a50,aa42017d-812a-4175-bc9b-0fec03b18931,aa42017d-812a-4175-bc9b-0fec03b18931,Ambrožev trg,105
b59656a4-b6e7-4b87-977c-078c59088a50,aa42017d-812a-4175-bc9b-0fec03b18931,c87db9be-1fba-4102-a743-0ee4317dd5af,Bavarski dvor,12
b59656a4-b6e7-4b87-977c-078c59088a50,aa42017d-812a-4175-bc9b-0fec03b18931,a719a87c-4e93-4387-a6d1-2631a487f7e0,Ajdovščina,5
b59656a4-b6e7-4b87-977c-078c59088a50,aa42017d-812a-4175-bc9b-0fec03b18931,295616c0-387b-4f60-a337-7743cd6be04e,Bavarski dvor,135
b59656a4-b6e7-4b87-977c-078c59088a50,aa42017d-812a-4175-bc9b-0fec03b18931,454817d3-3750-49c7-994c-14d06fd2c634,Žale,163
b59656a4-b6e7-4b87-977c-078c59088a50,aa42017d-812a-4175-bc9b-0fec03b18931,a719a87c-4e93-4387-a6d1-2631a487f7e0,Ajdovščina,291
b59656a4-b6e7-4b87-977c-078c59088a50,aa42017d-812a-4175-bc9b-0fec03b18931,a719a87c-4e93-4387-a6d1-2631a487f7e0,Ajdovščina,14
b59656a4-b6e7-4b87-977c-078c59088a50,aa42017d-812a-4175-bc9b-0fec03b18931,9746f277-af08-4cce-92fa-41da5eca8ac2,BERIČEVO,237
b59656a4-b6e7-4b87-977c-078c59088a50,aa42017d-812a-4175-bc9b-0fec03b18931,454817d3-3750-49c7-994c-14d06fd2c634,Žale,74
b59656a4-b6e7-4b87-977c-078c59088a50,aa42017d-812a-4175-bc9b-0fec03b18931,7fad8003-fb10-489d-bf8d-6d433310ad90,Nove Jarše,142
b59656a4-b6e7-4b87-977c-078c59088a50,aa42017d-812a-4175-bc9b-0fec03b18931,a719a87c-4e93-4387-a6d1-2631a487f7e0,Ajdovščina,41
b59656a4-b6e7-4b87-977c-078c59088a50,aa42017d-812a-4175-bc9b-0fec03b18931,2ec182e2-769f-427f-b9b5-c4118890cb96,Stožice,28
b59656a4-b6e7-4b87-977c-078c59088a50,aa42017d-812a-4175-bc9b-0fec03b18931,a0b1fb90-3f6a-4231-910a-18be192ac762,Flajšmanova,194
b59656a4-b6e7-4b87-977c-078c59088a50,aa42017d-812a-4175-bc9b-0fec03b18931,N/A,N/A,660
b59656a4-b6e7-4b87-977c-078c59088a50,aa42017d-812a-4175-bc9b-0fec03b18931,7fad8003-fb10-489d-bf8d-6d433310ad90,Nove Jarše,24
b59656a4-b6e7-4b87-977c-078c59088a50,aa42017d-812a-4175-bc9b-0fec03b18931,c22879e5-8e90-4540-9a74-5f139208e492,Friškovec,153
b59656a4-b6e7-4b87-977c-078c59088a50,aa42017d-812a-4175-bc9b-0fec03b18931,a719a87c-4e93-4387-a6d1-2631a487f7e0,Ajdovščina,168
b59656a4-b6e7-4b87-977c-078c59088a50,aa42017d-812a-4175-bc9b-0fec03b18931,f33b721f-a8a3-4aad-96f2-077da09ebaa6,Razstavišče,386
b59656a4-b6e7-4b87-977c-078c59088a50,aa42017d-812a-4175-bc9b-0fec03b18931,c87db9be-1fba-4102-a743-0ee4317dd5af,Bavarski dvor,64
b59656a4-b6e7-4b87-977c-078c59088a50,aa42017d-812a-4175-bc9b-0fec03b18931,48b163cd-b819-4849-aee1-8b1da77657ab,Šentvid,9
b59656a4-b6e7-4b87-977c-078c59088a50,aa42017d-812a-4175-bc9b-0fec03b18931,98fa3880-5936-4ec8-ba04-39c7ff9a0e6a,Stara cerkev,63
b59656a4-b6e7-4b87-977c-078c59088a50,aa42017d-812a-4175-bc9b-0fec03b18931,a2ce7e6f-0f99-443a-a973-81a0b9c60261,Astra,114
b59656a4-b6e7-4b87-977c-078c59088a50,aa42017d-812a-4175-bc9b-0fec03b18931,88cdd36c-03d2-4374-a22f-110dd9f75ea0,Kajuhova,373
b59656a4-b6e7-4b87-977c-078c59088a50,aa42017d-812a-4175-bc9b-0fec03b18931,c87db9be-1fba-4102-a743-0ee4317dd5af,Bavarski dvor,435
b59656a4-b6e7-4b87-977c-078c59088a50,aa42017d-812a-4175-bc9b-0fec03b18931,db13a26e-19d4-4b8a-a78a-01ef25d58834,Ježica,77
b59656a4-b6e7-4b87-977c-078c59088a50,aa42017d-812a-4175-bc9b-0fec03b18931,484b5c91-1220-43ba-af79-84e712fcc46b,Slovenija avto,147
b59656a4-b6e7-4b87-977c-078c59088a50,aa42017d-812a-4175-bc9b-0fec03b18931,7bcbdcaa-00b9-47d4-8982-09da26cd7bcb,Zaloška,41
b59656a4-b6e7-4b87-977c-078c59088a50,aa42017d-812a-4175-bc9b-0fec03b18931,f2b27cbd-5207-4281-8f67-6369d0c50a9b,Kodrova,244
b59656a4-b6e7-4b87-977c-078c59088a50,aa42017d-812a-4175-bc9b-0fec03b18931,c87db9be-1fba-4102-a743-0ee4317dd5af,Bavarski dvor,518
b59656a4-b6e7-4b87-977c-078c59088a50,aa42017d-812a-4175-bc9b-0fec03b18931,cee2862b-9b70-4880-8fa3-16c6d2efae1b,AMZS,351
b59656a4-b6e7-4b87-977c-078c59088a50,aa42017d-812a-4175-bc9b-0fec03b18931,093afa81-b65f-4182-bac3-afbc00558a9b,Koseze,164
b59656a4-b6e7-4b87-977c-078c59088a50,aa42017d-812a-4175-bc9b-0fec03b18931,cdabf1ea-b04c-480a-8359-72c46e6864ab,Bežigrad,51
b59656a4-b6e7-4b87-977c-078c59088a50,aa42017d-812a-4175-bc9b-0fec03b18931,295616c0-387b-4f60-a337-7743cd6be04e,Bavarski dvor,140
b59656a4-b6e7-4b87-977c-078c59088a50,aa42017d-812a-4175-bc9b-0fec03b18931,8589e5d1-21b4-4210-ad7a-4bf91f9a715d,Vižmarje,71
b59656a4-b6e7-4b87-977c-078c59088a50,aa42017d-812a-4175-bc9b-0fec03b18931,9a1c4c65-df77-481f-87ad-56143f02a864,Vižmarje,8
b59656a4-b6e7-4b87-977c-078c59088a50,aa42017d-812a-4175-bc9b-0fec03b18931,7fa32ea0-e884-435a-a81c-51bbd5cedf3e,Zaloška,12
b59656a4-b6e7-4b87-977c-078c59088a50,aa42017d-812a-4175-bc9b-0fec03b18931,295616c0-387b-4f60-a337-7743cd6be04e,Bavarski dvor,24
b59656a4-b6e7-4b87-977c-078c59088a50,aa42017d-812a-4175-bc9b-0fec03b18931,fef200e9-4d98-425b-ab14-8110e2aa85d7,Drama,139
b59656a4-b6e7-4b87-977c-078c59088a50,aa42017d-812a-4175-bc9b-0fec03b18931,295616c0-387b-4f60-a337-7743cd6be04e,Bavarski dvor,126
b59656a4-b6e7-4b87-977c-078c59088a50,aa42017d-812a-4175-bc9b-0fec03b18931,295616c0-387b-4f60-a337-7743cd6be04e,Bavarski dvor,129
b59656a4-b6e7-4b87-977c-078c59088a50,aa42017d-812a-4175-bc9b-0fec03b18931,295616c0-387b-4f60-a337-7743cd6be04e,Bavarski dvor,39
b59656a4-b6e7-4b87-977c-078c59088a50,aa42017d-812a-4175-bc9b-0fec03b18931,295616c0-387b-4f60-a337-7743cd6be04e,Bavarski dvor,120
b59656a4-b6e7-4b87-977c-078c59088a50,aa42017d-812a-4175-bc9b-0fec03b18931,21764d19-62cc-49fd-bac9-403aeac6a6b9,Ježica,269
b59656a4-b6e7-4b87-977c-078c59088a50,aa42017d-812a-4175-bc9b-0fec03b18931,295616c0-387b-4f60-a337-7743cd6be04e,Bavarski dvor,23
b59656a4-b6e7-4b87-977c-078c59088a50,aa42017d-812a-4175-bc9b-0fec03b18931,1ce1c3a8-e0f6-4f90-b1aa-1448759d8b3c,Astra,133
b59656a4-b6e7-4b87-977c-078c59088a50,aa42017d-812a-4175-bc9b-0fec03b18931,484b5c91-1220-43ba-af79-84e712fcc46b,Slovenija avto,38
b59656a4-b6e7-4b87-977c-078c59088a50,aa42017d-812a-4175-bc9b-0fec03b18931,c87db9be-1fba-4102-a743-0ee4317dd5af,Bavarski dvor,262
b59656a4-b6e7-4b87-977c-078c59088a50,aa42017d-812a-4175-bc9b-0fec03b18931,ac3afe7d-a2b3-4d5d-9e6a-1d2412a3bc70,Litostrojska,198
b59656a4-b6e7-4b87-977c-078c59088a50,aa42017d-812a-4175-bc9b-0fec03b18931,3c6ebf90-c611-4535-b2b0-22fba3f7649a,Štajerska,229
b59656a4-b6e7-4b87-977c-078c59088a50,aa42017d-812a-4175-bc9b-0fec03b18931,c87db9be-1fba-4102-a743-0ee4317dd5af,Bavarski dvor,49
b59656a4-b6e7-4b87-977c-078c59088a50,aa42017d-812a-4175-bc9b-0fec03b18931,fef200e9-4d98-425b-ab14-8110e2aa85d7,Drama,129
b59656a4-b6e7-4b87-977c-078c59088a50,aa42017d-812a-4175-bc9b-0fec03b18931,5d7f28a6-2a2a-4333-aa06-48edfb652f86,Pošta,82
b59656a4-b6e7-4b87-977c-078c59088a50,aa42017d-812a-4175-bc9b-0fec03b18931,48507e1a-32df-4552-9448-3b345760b75f,Cesta na Vevče,340
b59656a4-b6e7-4b87-977c-078c59088a50,aa42017d-812a-4175-bc9b-0fec03b18931,c5ec5e81-2ce4-452d-bd7a-595de4f8b34f,Prušnikova,282
b59656a4-b6e7-4b87-977c-078c59088a50,aa42017d-812a-4175-bc9b-0fec03b18931,5d7f28a6-2a2a-4333-aa06-48edfb652f86,Pošta,62
b59656a4-b6e7-4b87-977c-078c59088a50,aa42017d-812a-4175-bc9b-0fec03b18931,a0b1fb90-3f6a-4231-910a-18be192ac762,Flajšmanova,332
b59656a4-b6e7-4b87-977c-078c59088a50,aa42017d-812a-4175-bc9b-0fec03b18931,a719a87c-4e93-4387-a6d1-2631a487f7e0,Ajdovščina,56
b59656a4-b6e7-4b87-977c-078c59088a50,aa42017d-812a-4175-bc9b-0fec03b18931,717dda7e-d793-4697-8f60-b64ee8b1edc4,Gosposvetska,166
b59656a4-b6e7-4b87-977c-078c59088a50,aa42017d-812a-4175-bc9b-0fec03b18931,9b0074d2-2c92-4c01-830b-00be8e05b412,Cukrarna,224
b59656a4-b6e7-4b87-977c-078c59088a50,aa42017d-812a-4175-bc9b-0fec03b18931,c87db9be-1fba-4102-a743-0ee4317dd5af,Bavarski dvor,61
b59656a4-b6e7-4b87-977c-078c59088a50,aa42017d-812a-4175-bc9b-0fec03b18931,5d7f28a6-2a2a-4333-aa06-48edfb652f86,Pošta,396
b59656a4-b6e7-4b87-977c-078c59088a50,aa42017d-812a-4175-bc9b-0fec03b18931,295616c0-387b-4f60-a337-7743cd6be04e,Bavarski dvor,86
b59656a4-b6e7-4b87-977c-078c59088a50,aa42017d-812a-4175-bc9b-0fec03b18931,7c149b59-2bc6-45cb-95c8-69e18a0db627,Rusjanov trg,365
b59656a4-b6e7-4b87-977c-078c59088a50,aa42017d-812a-4175-bc9b-0fec03b18931,77dcd833-fa4d-4c5a-93b1-31284942e61d,Šišenska,179
b59656a4-b6e7-4b87-977c-078c59088a50,aa42017d-812a-4175-bc9b-0fec03b18931,7484317c-269f-425f-8118-23eedab4e5f1,Tivoli,81
b59656a4-b6e7-4b87-977c-078c59088a50,aa42017d-812a-4175-bc9b-0fec03b18931,f33b721f-a8a3-4aad-96f2-077da09ebaa6,Razstavišče,373
b59656a4-b6e7-4b87-977c-078c59088a50,aa42017d-812a-4175-bc9b-0fec03b18931,a719a87c-4e93-4387-a6d1-2631a487f7e0,Ajdovščina,73
b59656a4-b6e7-4b87-977c-078c59088a50,aa42017d-812a-4175-bc9b-0fec03b18931,9cfac7e2-9653-4e52-a6d3-27756d27f817,Kino Šiška,378
b59656a4-b6e7-4b87-977c-078c59088a50,aa42017d-812a-4175-bc9b-0fec03b18931,5d7f28a6-2a2a-4333-aa06-48edfb652f86,Pošta,65
b59656a4-b6e7-4b87-977c-078c59088a50,aa42017d-812a-4175-bc9b-0fec03b18931,c87db9be-1fba-4102-a743-0ee4317dd5af,Bavarski dvor,10
b59656a4-b6e7-4b87-977c-078c59088a50,aa42017d-812a-4175-bc9b-0fec03b18931,f4cfd904-bd11-4247-95df-32c4555a930f,Klinični center,515
b59656a4-b6e7-4b87-977c-078c59088a50,aa42017d-812a-4175-bc9b-0fec03b18931,295616c0-387b-4f60-a337-7743cd6be04e,Bavarski dvor,77
b59656a4-b6e7-4b87-977c-078c59088a50,aa42017d-812a-4175-bc9b-0fec03b18931,6bd46cb7-9e5d-453a-878a-bcc38fb2a5f2,Sava,93
b59656a4-b6e7-4b87-977c-078c59088a50,aa42017d-812a-4175-bc9b-0fec03b18931,592b37eb-8255-4758-ae8a-7cef98521013,Rogovilc,28
b59656a4-b6e7-4b87-977c-078c59088a50,aa42017d-812a-4175-bc9b-0fec03b18931,e6f5183b-c615-4f47-b4fb-204ee070e825,Bežigrad,103
b59656a4-b6e7-4b87-977c-078c59088a50,aa42017d-812a-4175-bc9b-0fec03b18931,484b5c91-1220-43ba-af79-84e712fcc46b,Slovenija avto,138
b59656a4-b6e7-4b87-977c-078c59088a50,aa42017d-812a-4175-bc9b-0fec03b18931,c87db9be-1fba-4102-a743-0ee4317dd5af,Bavarski dvor,91
b59656a4-b6e7-4b87-977c-078c59088a50,aa42017d-812a-4175-bc9b-0fec03b18931,c87db9be-1fba-4102-a743-0ee4317dd5af,Bavarski dvor,271
b59656a4-b6e7-4b87-977c-078c59088a50,aa42017d-812a-4175-bc9b-0fec03b18931,484b5c91-1220-43ba-af79-84e712fcc46b,Slovenija avto,37
b59656a4-b6e7-4b87-977c-078c59088a50,aa42017d-812a-4175-bc9b-0fec03b18931,77dcd833-fa4d-4c5a-93b1-31284942e61d,Šišenska,20
b59656a4-b6e7-4b87-977c-078c59088a50,aa42017d-812a-4175-bc9b-0fec03b18931,5d7f28a6-2a2a-4333-aa06-48edfb652f86,Pošta,273
b59656a4-b6e7-4b87-977c-078c59088a50,aa42017d-812a-4175-bc9b-0fec03b18931,f33b721f-a8a3-4aad-96f2-077da09ebaa6,Razstavišče,56
b59656a4-b6e7-4b87-977c-078c59088a50,aa42017d-812a-4175-bc9b-0fec03b18931,f33b721f-a8a3-4aad-96f2-077da09ebaa6,Razstavišče,7
b59656a4-b6e7-4b87-977c-078c59088a50,aa42017d-812a-4175-bc9b-0fec03b18931,a0e0a21b-b8ce-4d76-bbc2-04e179367fee,Šola Jarše,23
b59656a4-b6e7-4b87-977c-078c59088a50,aa42017d-812a-4175-bc9b-0fec03b18931,c87db9be-1fba-4102-a743-0ee4317dd5af,Bavarski dvor,180
b59656a4-b6e7-4b87-977c-078c59088a50,aa42017d-812a-4175-bc9b-0fec03b18931,6182f8e8-c45e-4606-b4a4-d909bd44d2cc,Gornji trg,349
b59656a4-b6e7-4b87-977c-078c59088a50,aa42017d-812a-4175-bc9b-0fec03b18931,295616c0-387b-4f60-a337-7743cd6be04e,Bavarski dvor,11
b59656a4-b6e7-4b87-977c-078c59088a50,aa42017d-812a-4175-bc9b-0fec03b18931,fef200e9-4d98-425b-ab14-8110e2aa85d7,Drama,103
b59656a4-b6e7-4b87-977c-078c59088a50,aa42017d-812a-4175-bc9b-0fec03b18931,fef200e9-4d98-425b-ab14-8110e2aa85d7,Drama,326
b59656a4-b6e7-4b87-977c-078c59088a50,aa42017d-812a-4175-bc9b-0fec03b18931,717dda7e-d793-4697-8f60-b64ee8b1edc4,Gosposvetska,112
b59656a4-b6e7-4b87-977c-078c59088a50,aa42017d-812a-4175-bc9b-0fec03b18931,fef200e9-4d98-425b-ab14-8110e2aa85d7,Drama,33
b59656a4-b6e7-4b87-977c-078c59088a50,aa42017d-812a-4175-bc9b-0fec03b18931,a2ce7e6f-0f99-443a-a973-81a0b9c60261,Astra,425
b59656a4-b6e7-4b87-977c-078c59088a50,aa42017d-812a-4175-bc9b-0fec03b18931,fef200e9-4d98-425b-ab14-8110e2aa85d7,Drama,245
b59656a4-b6e7-4b87-977c-078c59088a50,aa42017d-812a-4175-bc9b-0fec03b18931,6a89c110-a0f8-4b1a-87f0-33f49c0a658e,Šola Jarše,221
b59656a4-b6e7-4b87-977c-078c59088a50,aa42017d-812a-4175-bc9b-0fec03b18931,7484317c-269f-425f-8118-23eedab4e5f1,Tivoli,160
b59656a4-b6e7-4b87-977c-078c59088a50,aa42017d-812a-4175-bc9b-0fec03b18931,c87db9be-1fba-4102-a743-0ee4317dd5af,Bavarski dvor,12
b59656a4-b6e7-4b87-977c-078c59088a50,aa42017d-812a-4175-bc9b-0fec03b18931,5d7f28a6-2a2a-4333-aa06-48edfb652f86,Pošta,314
b59656a4-b6e7-4b87-977c-078c59088a50,aa42017d-812a-4175-bc9b-0fec03b18931,6a89c110-a0f8-4b1a-87f0-33f49c0a658e,Šola Jarše,347
b59656a4-b6e7-4b87-977c-078c59088a50,aa42017d-812a-4175-bc9b-0fec03b18931,a0e0a21b-b8ce-4d76-bbc2-04e179367fee,Šola Jarše,257
b59656a4-b6e7-4b87-977c-078c59088a50,aa42017d-812a-4175-bc9b-0fec03b18931,c87db9be-1fba-4102-a743-0ee4317dd5af,Bavarski dvor,266
b59656a4-b6e7-4b87-977c-078c59088a50,aa42017d-812a-4175-bc9b-0fec03b18931,fef200e9-4d98-425b-ab14-8110e2aa85d7,Drama,86
b59656a4-b6e7-4b87-977c-078c59088a50,aa42017d-812a-4175-bc9b-0fec03b18931,4038e02e-f22f-4af0-ba4f-7aab855b53af,Kneza Koclja,300
b59656a4-b6e7-4b87-977c-078c59088a50,aa42017d-812a-4175-bc9b-0fec03b18931,5d7f28a6-2a2a-4333-aa06-48edfb652f86,Pošta,180
b59656a4-b6e7-4b87-977c-078c59088a50,aa42017d-812a-4175-bc9b-0fec03b18931,295616c0-387b-4f60-a337-7743cd6be04e,Bavarski dvor,226
b59656a4-b6e7-4b87-977c-078c59088a50,aa42017d-812a-4175-bc9b-0fec03b18931,fef200e9-4d98-425b-ab14-8110e2aa85d7,Drama,114
b59656a4-b6e7-4b87-977c-078c59088a50,aa42017d-812a-4175-bc9b-0fec03b18931,484b5c91-1220-43ba-af79-84e712fcc46b,Slovenija avto,286
b59656a4-b6e7-4b87-977c-078c59088a50,aa42017d-812a-4175-bc9b-0fec03b18931,47637057-8d6a-4cf9-bd56-3ac90748fcc4,Barje,15
b59656a4-b6e7-4b87-977c-078c59088a50,aa42017d-812a-4175-bc9b-0fec03b18931,c87db9be-1fba-4102-a743-0ee4317dd5af,Bavarski dvor,262
b59656a4-b6e7-4b87-977c-078c59088a50,aa42017d-812a-4175-bc9b-0fec03b18931,f4cfd904-bd11-4247-95df-32c4555a930f,Klinični center,175
b59656a4-b6e7-4b87-977c-078c59088a50,aa42017d-812a-4175-bc9b-0fec03b18931,7484317c-269f-425f-8118-23eedab4e5f1,Tivoli,96
b59656a4-b6e7-4b87-977c-078c59088a50,aa42017d-812a-4175-bc9b-0fec03b18931,f4cfd904-bd11-4247-95df-32c4555a930f,Klinični center,140
b59656a4-b6e7-4b87-977c-078c59088a50,aa42017d-812a-4175-bc9b-0fec03b18931,fef200e9-4d98-425b-ab14-8110e2aa85d7,Drama,129
b59656a4-b6e7-4b87-977c-078c59088a50,aa42017d-812a-4175-bc9b-0fec03b18931,295616c0-387b-4f60-a337-7743cd6be04e,Bavarski dvor,221
b59656a4-b6e7-4b87-977c-078c59088a50,aa42017d-812a-4175-bc9b-0fec03b18931,609f0950-bb8c-4eaf-a931-8575b8aff1ac,Savske stolpnice,65
b59656a4-b6e7-4b87-977c-078c59088a50,aa42017d-812a-4175-bc9b-0fec03b18931,6a89c110-a0f8-4b1a-87f0-33f49c0a658e,Šola Jarše,33
b59656a4-b6e7-4b87-977c-078c59088a50,aa42017d-812a-4175-bc9b-0fec03b18931,0be237aa-4b91-4d2b-ac23-0cebac975a0d,Cankarjev dom,136
b59656a4-b6e7-4b87-977c-078c59088a50,aa42017d-812a-4175-bc9b-0fec03b18931,379bc761-04b5-4227-be76-3b870fe3e69f,Pot na Fužine,125
b59656a4-b6e7-4b87-977c-078c59088a50,aa42017d-812a-4175-bc9b-0fec03b18931,5d7f28a6-2a2a-4333-aa06-48edfb652f86,Pošta,196
b59656a4-b6e7-4b87-977c-078c59088a50,aa42017d-812a-4175-bc9b-0fec03b18931,c5ec5e81-2ce4-452d-bd7a-595de4f8b34f,Prušnikova,324
b59656a4-b6e7-4b87-977c-078c59088a50,aa42017d-812a-4175-bc9b-0fec03b18931,484b5c91-1220-43ba-af79-84e712fcc46b,Slovenija avto,44
b59656a4-b6e7-4b87-977c-078c59088a50,aa42017d-812a-4175-bc9b-0fec03b18931,cdabf1ea-b04c-480a-8359-72c46e6864ab,Bežigrad,6
b59656a4-b6e7-4b87-977c-078c59088a50,aa42017d-812a-4175-bc9b-0fec03b18931,f33b721f-a8a3-4aad-96f2-077da09ebaa6,Razstavišče,537
b59656a4-b6e7-4b87-977c-078c59088a50,aa42017d-812a-4175-bc9b-0fec03b18931,f33b721f-a8a3-4aad-96f2-077da09ebaa6,Razstavišče,67
b59656a4-b6e7-4b87-977c-078c59088a50,aa42017d-812a-4175-bc9b-0fec03b18931,fef200e9-4d98-425b-ab14-8110e2aa85d7,Drama,54
b59656a4-b6e7-4b87-977c-078c59088a50,aa42017d-812a-4175-bc9b-0fec03b18931,98fa3880-5936-4ec8-ba04-39c7ff9a0e6a,Stara cerkev,7
b59656a4-b6e7-4b87-977c-078c59088a50,aa42017d-812a-4175-bc9b-0fec03b18931,c87db9be-1fba-4102-a743-0ee4317dd5af,Bavarski dvor,96
b59656a4-b6e7-4b87-977c-078c59088a50,aa42017d-812a-4175-bc9b-0fec03b18931,295616c0-387b-4f60-a337-7743cd6be04e,Bavarski dvor,161
b59656a4-b6e7-4b87-977c-078c59088a50,aa42017d-812a-4175-bc9b-0fec03b18931,9a1c4c65-df77-481f-87ad-56143f02a864,Vižmarje,25
b59656a4-b6e7-4b87-977c-078c59088a50,aa42017d-812a-4175-bc9b-0fec03b18931,c87db9be-1fba-4102-a743-0ee4317dd5af,Bavarski dvor,116
b59656a4-b6e7-4b87-977c-078c59088a50,aa42017d-812a-4175-bc9b-0fec03b18931,295616c0-387b-4f60-a337-7743cd6be04e,Bavarski dvor,41
b59656a4-b6e7-4b87-977c-078c59088a50,aa42017d-812a-4175-bc9b-0fec03b18931,7fa32ea0-e884-435a-a81c-51bbd5cedf3e,Zaloška,98
b59656a4-b6e7-4b87-977c-078c59088a50,aa42017d-812a-4175-bc9b-0fec03b18931,fef200e9-4d98-425b-ab14-8110e2aa85d7,Drama,282
b59656a4-b6e7-4b87-977c-078c59088a50,aa42017d-812a-4175-bc9b-0fec03b18931,fef200e9-4d98-425b-ab14-8110e2aa85d7,Drama,157
b59656a4-b6e7-4b87-977c-078c59088a50,aa42017d-812a-4175-bc9b-0fec03b18931,295616c0-387b-4f60-a337-7743cd6be04e,Bavarski dvor,143
b59656a4-b6e7-4b87-977c-078c59088a50,aa42017d-812a-4175-bc9b-0fec03b18931,a719a87c-4e93-4387-a6d1-2631a487f7e0,Ajdovščina,35
b59656a4-b6e7-4b87-977c-078c59088a50,aa42017d-812a-4175-bc9b-0fec03b18931,1ce1c3a8-e0f6-4f90-b1aa-1448759d8b3c,Astra,22
b59656a4-b6e7-4b87-977c-078c59088a50,aa42017d-812a-4175-bc9b-0fec03b18931,c87db9be-1fba-4102-a743-0ee4317dd5af,Bavarski dvor,40
b59656a4-b6e7-4b87-977c-078c59088a50,aa42017d-812a-4175-bc9b-0fec03b18931,6182f8e8-c45e-4606-b4a4-d909bd44d2cc,Gornji trg,234
b59656a4-b6e7-4b87-977c-078c59088a50,aa42017d-812a-4175-bc9b-0fec03b18931,a0b1fb90-3f6a-4231-910a-18be192ac762,Flajšmanova,59
b59656a4-b6e7-4b87-977c-078c59088a50,aa42017d-812a-4175-bc9b-0fec03b18931,cdabf1ea-b04c-480a-8359-72c46e6864ab,Bežigrad,30
b59656a4-b6e7-4b87-977c-078c59088a50,aa42017d-812a-4175-bc9b-0fec03b18931,a719a87c-4e93-4387-a6d1-2631a487f7e0,Ajdovščina,75
b59656a4-b6e7-4b87-977c-078c59088a50,aa42017d-812a-4175-bc9b-0fec03b18931,295616c0-387b-4f60-a337-7743cd6be04e,Bavarski dvor,7
b59656a4-b6e7-4b87-977c-078c59088a50,aa42017d-812a-4175-bc9b-0fec03b18931,7bcbdcaa-00b9-47d4-8982-09da26cd7bcb,Zaloška,136
b59656a4-b6e7-4b87-977c-078c59088a50,aa42017d-812a-4175-bc9b-0fec03b18931,ecc4ae87-ae08-4b94-995c-452fdd94df7f,Privoz,62
b59656a4-b6e7-4b87-977c-078c59088a50,aa42017d-812a-4175-bc9b-0fec03b18931,295616c0-387b-4f60-a337-7743cd6be04e,Bavarski dvor,345
b59656a4-b6e7-4b87-977c-078c59088a50,aa42017d-812a-4175-bc9b-0fec03b18931,a719a87c-4e93-4387-a6d1-2631a487f7e0,Ajdovščina,125
b59656a4-b6e7-4b87-977c-078c59088a50,aa42017d-812a-4175-bc9b-0fec03b18931,9b0074d2-2c92-4c01-830b-00be8e05b412,Cukrarna,473
b59656a4-b6e7-4b87-977c-078c59088a50,aa42017d-812a-4175-bc9b-0fec03b18931,a2ce7e6f-0f99-443a-a973-81a0b9c60261,Astra,6
b59656a4-b6e7-4b87-977c-078c59088a50,aa42017d-812a-4175-bc9b-0fec03b18931,a719a87c-4e93-4387-a6d1-2631a487f7e0,Ajdovščina,7
b59656a4-b6e7-4b87-977c-078c59088a50,aa42017d-812a-4175-bc9b-0fec03b18931,c87db9be-1fba-4102-a743-0ee4317dd5af,Bavarski dvor,5
b59656a4-b6e7-4b87-977c-078c59088a50,aa42017d-812a-4175-bc9b-0fec03b18931,c87db9be-1fba-4102-a743-0ee4317dd5af,Bavarski dvor,179
b59656a4-b6e7-4b87-977c-078c59088a50,aa42017d-812a-4175-bc9b-0fec03b18931,c87db9be-1fba-4102-a743-0ee4317dd5af,Bavarski dvor,66
b59656a4-b6e7-4b87-977c-078c59088a50,aa42017d-812a-4175-bc9b-0fec03b18931,N/A,N/A,660
b59656a4-b6e7-4b87-977c-078c59088a50,aa42017d-812a-4175-bc9b-0fec03b18931,c297ac70-8f43-4fbc-a8a4-366ddb883a8d,Bonifacija,132
b59656a4-b6e7-4b87-977c-078c59088a50,aa42017d-812a-4175-bc9b-0fec03b18931,fef200e9-4d98-425b-ab14-8110e2aa85d7,Drama,314
b59656a4-b6e7-4b87-977c-078c59088a50,aa42017d-812a-4175-bc9b-0fec03b18931,295616c0-387b-4f60-a337-7743cd6be04e,Bavarski dvor,14
b59656a4-b6e7-4b87-977c-078c59088a50,aa42017d-812a-4175-bc9b-0fec03b18931,N/A,N/A,660
b59656a4-b6e7-4b87-977c-078c59088a50,aa42017d-812a-4175-bc9b-0fec03b18931,484b5c91-1220-43ba-af79-84e712fcc46b,Slovenija avto,165
b59656a4-b6e7-4b87-977c-078c59088a50,aa42017d-812a-4175-bc9b-0fec03b18931,f4cfd904-bd11-4247-95df-32c4555a930f,Klinični center,226
b59656a4-b6e7-4b87-977c-078c59088a50,aa42017d-812a-4175-bc9b-0fec03b18931,N/A,N/A,660
b59656a4-b6e7-4b87-977c-078c59088a50,aa42017d-812a-4175-bc9b-0fec03b18931,a2ce7e6f-0f99-443a-a973-81a0b9c60261,Astra,94
b59656a4-b6e7-4b87-977c-078c59088a50,aa42017d-812a-4175-bc9b-0fec03b18931,fef200e9-4d98-425b-ab14-8110e2aa85d7,Drama,113
b59656a4-b6e7-4b87-977c-078c59088a50,aa42017d-812a-4175-bc9b-0fec03b18931,6bd46cb7-9e5d-453a-878a-bcc38fb2a5f2,Sava,42
b59656a4-b6e7-4b87-977c-078c59088a50,aa42017d-812a-4175-bc9b-0fec03b18931,a0e0a21b-b8ce-4d76-bbc2-04e179367fee,Šola Jarše,218
b59656a4-b6e7-4b87-977c-078c59088a50,aa42017d-812a-4175-bc9b-0fec03b18931,a719a87c-4e93-4387-a6d1-2631a487f7e0,Ajdovščina,403
b59656a4-b6e7-4b87-977c-078c59088a50,aa42017d-812a-4175-bc9b-0fec03b18931,a0e0a21b-b8ce-4d76-bbc2-04e179367fee,Šola Jarše,154
b59656a4-b6e7-4b87-977c-078c59088a50,aa42017d-812a-4175-bc9b-0fec03b18931,295616c0-387b-4f60-a337-7743cd6be04e,Bavarski dvor,107
b59656a4-b6e7-4b87-977c-078c59088a50,aa42017d-812a-4175-bc9b-0fec03b18931,9746f277-af08-4cce-92fa-41da5eca8ac2,BERIČEVO,61
b59656a4-b6e7-4b87-977c-078c59088a50,aa42017d-812a-4175-bc9b-0fec03b18931,fef200e9-4d98-425b-ab14-8110e2aa85d7,Drama,86
b59656a4-b6e7-4b87-977c-078c59088a50,aa42017d-812a-4175-bc9b-0fec03b18931,295616c0-387b-4f60-a337-7743cd6be04e,Bavarski dvor,228
b59656a4-b6e7-4b87-977c-078c59088a50,aa42017d-812a-4175-bc9b-0fec03b18931,f33b721f-a8a3-4aad-96f2-077da09ebaa6,Razstavišče,49
b59656a4-b6e7-4b87-977c-078c59088a50,aa42017d-812a-4175-bc9b-0fec03b18931,N/A,N/A,660
b59656a4-b6e7-4b87-977c-078c59088a50,aa42017d-812a-4175-bc9b-0fec03b18931,98fa3880-5936-4ec8-ba04-39c7ff9a0e6a,Stara cerkev,48
b59656a4-b6e7-4b87-977c-078c59088a50,aa42017d-812a-4175-bc9b-0fec03b18931,717dda7e-d793-4697-8f60-b64ee8b1edc4,Gosposvetska,277
b59656a4-b6e7-4b87-977c-078c59088a50,aa42017d-812a-4175-bc9b-0fec03b18931,fef200e9-4d98-425b-ab14-8110e2aa85d7,Drama,610
b59656a4-b6e7-4b87-977c-078c59088a50,aa42017d-812a-4175-bc9b-0fec03b18931,5d7f28a6-2a2a-4333-aa06-48edfb652f86,Pošta,143
b59656a4-b6e7-4b87-977c-078c59088a50,aa42017d-812a-4175-bc9b-0fec03b18931,f33b721f-a8a3-4aad-96f2-077da09ebaa6,Razstavišče,139
b59656a4-b6e7-4b87-977c-078c59088a50,aa42017d-812a-4175-bc9b-0fec03b18931,295616c0-387b-4f60-a337-7743cd6be04e,Bavarski dvor,21
b59656a4-b6e7-4b87-977c-078c59088a50,aa42017d-812a-4175-bc9b-0fec03b18931,7c149b59-2bc6-45cb-95c8-69e18a0db627,Rusjanov trg,64
b59656a4-b6e7-4b87-977c-078c59088a50,aa42017d-812a-4175-bc9b-0fec03b18931,717dda7e-d793-4697-8f60-b64ee8b1edc4,Gosposvetska,326
b59656a4-b6e7-4b87-977c-078c59088a50,aa42017d-812a-4175-bc9b-0fec03b18931,5d7f28a6-2a2a-4333-aa06-48edfb652f86,Pošta,14
b59656a4-b6e7-4b87-977c-078c59088a50,aa42017d-812a-4175-bc9b-0fec03b18931,fef200e9-4d98-425b-ab14-8110e2aa85d7,Drama,80
b59656a4-b6e7-4b87-977c-078c59088a50,aa42017d-812a-4175-bc9b-0fec03b18931,295616c0-387b-4f60-a337-7743cd6be04e,Bavarski dvor,33
b59656a4-b6e7-4b87-977c-078c59088a50,aa42017d-812a-4175-bc9b-0fec03b18931,5d7f28a6-2a2a-4333-aa06-48edfb652f86,Pošta,91
b59656a4-b6e7-4b87-977c-078c59088a50,aa42017d-812a-4175-bc9b-0fec03b18931,N/A,N/A,660
b59656a4-b6e7-4b87-977c-078c59088a50,aa42017d-812a-4175-bc9b-0fec03b18931,a719a87c-4e93-4387-a6d1-2631a487f7e0,Ajdovščina,42
b59656a4-b6e7-4b87-977c-078c59088a50,aa42017d-812a-4175-bc9b-0fec03b18931,f33b721f-a8a3-4aad-96f2-077da09ebaa6,Razstavišče,342
b59656a4-b6e7-4b87-977c-078c59088a50,aa42017d-812a-4175-bc9b-0fec03b18931,294c40c4-18e4-4d92-a947-911a8623de89,Veliki štradon,140
b59656a4-b6e7-4b87-977c-078c59088a50,aa42017d-812a-4175-bc9b-0fec03b18931,N/A,N/A,660
b59656a4-b6e7-4b87-977c-078c59088a50,aa42017d-812a-4175-bc9b-0fec03b18931,88cdd36c-03d2-4374-a22f-110dd9f75ea0,Kajuhova,397
b59656a4-b6e7-4b87-977c-078c59088a50,aa42017d-812a-4175-bc9b-0fec03b18931,ef31a8be-b01d-44cd-95cf-3db8e918af26,Emona,170
b59656a4-b6e7-4b87-977c-078c59088a50,aa42017d-812a-4175-bc9b-0fec03b18931,fef200e9-4d98-425b-ab14-8110e2aa85d7,Drama,99
b59656a4-b6e7-4b87-977c-078c59088a50,aa42017d-812a-4175-bc9b-0fec03b18931,cdabf1ea-b04c-480a-8359-72c46e6864ab,Bežigrad,109
b59656a4-b6e7-4b87-977c-078c59088a50,aa42017d-812a-4175-bc9b-0fec03b18931,a719a87c-4e93-4387-a6d1-2631a487f7e0,Ajdovščina,246
b59656a4-b6e7-4b87-977c-078c59088a50,aa42017d-812a-4175-bc9b-0fec03b18931,a0e0a21b-b8ce-4d76-bbc2-04e179367fee,Šola Jarše,11
b59656a4-b6e7-4b87-977c-078c59088a50,aa42017d-812a-4175-bc9b-0fec03b18931,aa42017d-812a-4175-bc9b-0fec03b18931,Ambrožev trg,32
b59656a4-b6e7-4b87-977c-078c59088a50,aa42017d-812a-4175-bc9b-0fec03b18931,98fa3880-5936-4ec8-ba04-39c7ff9a0e6a,Stara cerkev,228
b59656a4-b6e7-4b87-977c-078c59088a50,aa42017d-812a-4175-bc9b-0fec03b18931,b59656a4-b6e7-4b87-977c-078c59088a50,Hajdrihova,23
b59656a4-b6e7-4b87-977c-078c59088a50,aa42017d-812a-4175-bc9b-0fec03b18931,295616c0-387b-4f60-a337-7743cd6be04e,Bavarski dvor,84
b59656a4-b6e7-4b87-977c-078c59088a50,aa42017d-812a-4175-bc9b-0fec03b18931,c87db9be-1fba-4102-a743-0ee4317dd5af,Bavarski dvor,353
b59656a4-b6e7-4b87-977c-078c59088a50,aa42017d-812a-4175-bc9b-0fec03b18931,295616c0-387b-4f60-a337-7743cd6be04e,Bavarski dvor,258
b59656a4-b6e7-4b87-977c-078c59088a50,aa42017d-812a-4175-bc9b-0fec03b18931,98fa3880-5936-4ec8-ba04-39c7ff9a0e6a,Stara cerkev,100
b59656a4-b6e7-4b87-977c-078c59088a50,aa42017d-812a-4175-bc9b-0fec03b18931,7fa32ea0-e884-435a-a81c-51bbd5cedf3e,Zaloška,9
b59656a4-b6e7-4b87-977c-078c59088a50,aa42017d-812a-4175-bc9b-0fec03b18931,a719a87c-4e93-4387-a6d1-2631a487f7e0,Ajdovščina,149
b59656a4-b6e7-4b87-977c-078c59088a50,aa42017d-812a-4175-bc9b-0fec03b18931,f33b721f-a8a3-4aad-96f2-077da09ebaa6,Razstavišče,15
b59656a4-b6e7-4b87-977c-078c59088a50,aa42017d-812a-4175-bc9b-0fec03b18931,9746f277-af08-4cce-92fa-41da5eca8ac2,BERIČEVO,20
b59656a4-b6e7-4b87-977c-078c59088a50,aa42017d-812a-4175-bc9b-0fec03b18931,N/A,N/A,660
b59656a4-b6e7-4b87-977c-078c59088a50,aa42017d-812a-4175-bc9b-0fec03b18931,a719a87c-4e93-4387-a6d1-2631a487f7e0,Ajdovščina,222
b59656a4-b6e7-4b87-977c-078c59088a50,aa42017d-812a-4175-bc9b-0fec03b18931,f33b721f-a8a3-4aad-96f2-077da09ebaa6,Razstavišče,114
b59656a4-b6e7-4b87-977c-078c59088a50,aa42017d-812a-4175-bc9b-0fec03b18931,717dda7e-d793-4697-8f60-b64ee8b1edc4,Gosposvetska,11
b59656a4-b6e7-4b87-977c-078c59088a50,aa42017d-812a-4175-bc9b-0fec03b18931,38b3abed-0592-407b-96c3-85a026f2e192,Dalmatinova,128
b59656a4-b6e7-4b87-977c-078c59088a50,aa42017d-812a-4175-bc9b-0fec03b18931,609f0950-bb8c-4eaf-a931-8575b8aff1ac,Savske stolpnice,267
b59656a4-b6e7-4b87-977c-078c59088a50,aa42017d-812a-4175-bc9b-0fec03b18931,a719a87c-4e93-4387-a6d1-2631a487f7e0,Ajdovščina,532
b59656a4-b6e7-4b87-977c-078c59088a50,aa42017d-812a-4175-bc9b-0fec03b18931,717dda7e-d793-4697-8f60-b64ee8b1edc4,Gosposvetska,429
b59656a4-b6e7-4b87-977c-078c59088a50,aa42017d-812a-4175-bc9b-0fec03b18931,295616c0-387b-4f60-a337-7743cd6be04e,Bavarski dvor,134
b59656a4-b6e7-4b87-977c-078c59088a50,aa42017d-812a-4175-bc9b-0fec03b18931,a0b1fb90-3f6a-4231-910a-18be192ac762,Flajšmanova,199
b59656a4-b6e7-4b87-977c-078c59088a50,aa42017d-812a-4175-bc9b-0fec03b18931,a0e0a21b-b8ce-4d76-bbc2-04e179367fee,Šola Jarše,260
b59656a4-b6e7-4b87-977c-078c59088a50,aa42017d-812a-4175-bc9b-0fec03b18931,5d7f28a6-2a2a-4333-aa06-48edfb652f86,Pošta,80
b59656a4-b6e7-4b87-977c-078c59088a50,aa42017d-812a-4175-bc9b-0fec03b18931,f33b721f-a8a3-4aad-96f2-077da09ebaa6,Razstavišče,424
b59656a4-b6e7-4b87-977c-078c59088a50,aa42017d-812a-4175-bc9b-0fec03b18931,c87db9be-1fba-4102-a743-0ee4317dd5af,Bavarski dvor,83
b59656a4-b6e7-4b87-977c-078c59088a50,aa42017d-812a-4175-bc9b-0fec03b18931,7fad8003-fb10-489d-bf8d-6d433310ad90,Nove Jarše,68
b59656a4-b6e7-4b87-977c-078c59088a50,aa42017d-812a-4175-bc9b-0fec03b18931,f33b721f-a8a3-4aad-96f2-077da09ebaa6,Razstavišče,10
b59656a4-b6e7-4b87-977c-078c59088a50,aa42017d-812a-4175-bc9b-0fec03b18931,a719a87c-4e93-4387-a6d1-2631a487f7e0,Ajdovščina,146
b59656a4-b6e7-4b87-977c-078c59088a50,aa42017d-812a-4175-bc9b-0fec03b18931,c87db9be-1fba-4102-a743-0ee4317dd5af,Bavarski dvor,463
b59656a4-b6e7-4b87-977c-078c59088a50,aa42017d-812a-4175-bc9b-0fec03b18931,295616c0-387b-4f60-a337-7743cd6be04e,Bavarski dvor,14
b59656a4-b6e7-4b87-977c-078c59088a50,aa42017d-812a-4175-bc9b-0fec03b18931,c87db9be-1fba-4102-a743-0ee4317dd5af,Bavarski dvor,116
b59656a4-b6e7-4b87-977c-078c59088a50,aa42017d-812a-4175-bc9b-0fec03b18931,f2b27cbd-5207-4281-8f67-6369d0c50a9b,Kodrova,87
b59656a4-b6e7-4b87-977c-078c59088a50,aa42017d-812a-4175-bc9b-0fec03b18931,fef200e9-4d98-425b-ab14-8110e2aa85d7,Drama,40
b59656a4-b6e7-4b87-977c-078c59088a50,aa42017d-812a-4175-bc9b-0fec03b18931,fef200e9-4d98-425b-ab14-8110e2aa85d7,Drama,496
b59656a4-b6e7-4b87-977c-078c59088a50,aa42017d-812a-4175-bc9b-0fec03b18931,7fad8003-fb10-489d-bf8d-6d433310ad90,Nove Jarše,278
b59656a4-b6e7-4b87-977c-078c59088a50,aa42017d-812a-4175-bc9b-0fec03b18931,295616c0-387b-4f60-a337-7743cd6be04e,Bavarski dvor,78
b59656a4-b6e7-4b87-977c-078c59088a50,aa42017d-812a-4175-bc9b-0fec03b18931,fef200e9-4d98-425b-ab14-8110e2aa85d7,Drama,389
b59656a4-b6e7-4b87-977c-078c59088a50,aa42017d-812a-4175-bc9b-0fec03b18931,c87db9be-1fba-4102-a743-0ee4317dd5af,Bavarski dvor,119
b59656a4-b6e7-4b87-977c-078c59088a50,aa42017d-812a-4175-bc9b-0fec03b18931,a719a87c-4e93-4387-a6d1-2631a487f7e0,Ajdovščina,11
b59656a4-b6e7-4b87-977c-078c59088a50,aa42017d-812a-4175-bc9b-0fec03b18931,277bc73c-e61d-4046-bcfd-31d6161c568e,Center Zalog,341
b59656a4-b6e7-4b87-977c-078c59088a50,aa42017d-812a-4175-bc9b-0fec03b18931,c87db9be-1fba-4102-a743-0ee4317dd5af,Bavarski dvor,74
b59656a4-b6e7-4b87-977c-078c59088a50,aa42017d-812a-4175-bc9b-0fec03b18931,f33b721f-a8a3-4aad-96f2-077da09ebaa6,Razstavišče,167
b59656a4-b6e7-4b87-977c-078c59088a50,aa42017d-812a-4175-bc9b-0fec03b18931,fef200e9-4d98-425b-ab14-8110e2aa85d7,Drama,502
b59656a4-b6e7-4b87-977c-078c59088a50,aa42017d-812a-4175-bc9b-0fec03b18931,ac3afe7d-a2b3-4d5d-9e6a-1d2412a3bc70,Litostrojska,209
b59656a4-b6e7-4b87-977c-078c59088a50,aa42017d-812a-4175-bc9b-0fec03b18931,c5ec5e81-2ce4-452d-bd7a-595de4f8b34f,Prušnikova,103
b59656a4-b6e7-4b87-977c-078c59088a50,aa42017d-812a-4175-bc9b-0fec03b18931,295616c0-387b-4f60-a337-7743cd6be04e,Bavarski dvor,171
b59656a4-b6e7-4b87-977c-078c59088a50,aa42017d-812a-4175-bc9b-0fec03b18931,e6f5183b-c615-4f47-b4fb-204ee070e825,Bežigrad,44
b59656a4-b6e7-4b87-977c-078c59088a50,aa42017d-812a-4175-bc9b-0fec03b18931,fef200e9-4d98-425b-ab14-8110e2aa85d7,Drama,495
b59656a4-b6e7-4b87-977c-078c59088a50,aa42017d-812a-4175-bc9b-0fec03b18931,a719a87c-4e93-4387-a6d1-2631a487f7e0,Ajdovščina,20
b59656a4-b6e7-4b87-977c-078c59088a50,aa42017d-812a-4175-bc9b-0fec03b18931,dfde6478-02b5-471b-a470-29cb0e84542f,Slovenija avto,234
b59656a4-b6e7-4b87-977c-078c59088a50,aa42017d-812a-4175-bc9b-0fec03b18931,093afa81-b65f-4182-bac3-afbc00558a9b,Koseze,536
b59656a4-b6e7-4b87-977c-078c59088a50,aa42017d-812a-4175-bc9b-0fec03b18931,c87db9be-1fba-4102-a743-0ee4317dd5af,Bavarski dvor,41
b59656a4-b6e7-4b87-977c-078c59088a50,aa42017d-812a-4175-bc9b-0fec03b18931,a719a87c-4e93-4387-a6d1-2631a487f7e0,Ajdovščina,75
b59656a4-b6e7-4b87-977c-078c59088a50,aa42017d-812a-4175-bc9b-0fec03b18931,fef200e9-4d98-425b-ab14-8110e2aa85d7,Drama,68
b59656a4-b6e7-4b87-977c-078c59088a50,aa42017d-812a-4175-bc9b-0fec03b18931,592b37eb-8255-4758-ae8a-7cef98521013,Rogovilc,9
b59656a4-b6e7-4b87-977c-078c59088a50,aa42017d-812a-4175-bc9b-0fec03b18931,5d7f28a6-2a2a-4333-aa06-48edfb652f86,Pošta,34
b59656a4-b6e7-4b87-977c-078c59088a50,aa42017d-812a-4175-bc9b-0fec03b18931,N/A,N/A,660
b59656a4-b6e7-4b87-977c-078c59088a50,aa42017d-812a-4175-bc9b-0fec03b18931,c87db9be-1fba-4102-a743-0ee4317dd5af,Bavarski dvor,151
b59656a4-b6e7-4b87-977c-078c59088a50,aa42017d-812a-4175-bc9b-0fec03b18931,c87db9be-1fba-4102-a743-0ee4317dd5af,Bavarski dvor,151
b59656a4-b6e7-4b87-977c-078c59088a50,aa42017d-812a-4175-bc9b-0fec03b18931,c87db9be-1fba-4102-a743-0ee4317dd5af,Bavarski dvor,74
b59656a4-b6e7-4b87-977c-078c59088a50,aa42017d-812a-4175-bc9b-0fec03b18931,fef200e9-4d98-425b-ab14-8110e2aa85d7,Drama,336
b59656a4-b6e7-4b87-977c-078c59088a50,aa42017d-812a-4175-bc9b-0fec03b18931,592b37eb-8255-4758-ae8a-7cef98521013,Rogovilc,95
b59656a4-b6e7-4b87-977c-078c59088a50,aa42017d-812a-4175-bc9b-0fec03b18931,5d7f28a6-2a2a-4333-aa06-48edfb652f86,Pošta,50
b59656a4-b6e7-4b87-977c-078c59088a50,aa42017d-812a-4175-bc9b-0fec03b18931,7310c006-62b8-4f94-bb9c-d5c26cb3faad,Polje,57
b59656a4-b6e7-4b87-977c-078c59088a50,aa42017d-812a-4175-bc9b-0fec03b18931,1b3ddeca-a066-43ee-9ae5-8339628129c2,Žale,5
b59656a4-b6e7-4b87-977c-078c59088a50,aa42017d-812a-4175-bc9b-0fec03b18931,f33b721f-a8a3-4aad-96f2-077da09ebaa6,Razstavišče,135
b59656a4-b6e7-4b87-977c-078c59088a50,aa42017d-812a-4175-bc9b-0fec03b18931,1b3ddeca-a066-43ee-9ae5-8339628129c2,Žale,6
b59656a4-b6e7-4b87-977c-078c59088a50,aa42017d-812a-4175-bc9b-0fec03b18931,484b5c91-1220-43ba-af79-84e712fcc46b,Slovenija avto,117
b59656a4-b6e7-4b87-977c-078c59088a50,aa42017d-812a-4175-bc9b-0fec03b18931,f33b721f-a8a3-4aad-96f2-077da09ebaa6,Razstavišče,41
b59656a4-b6e7-4b87-977c-078c59088a50,aa42017d-812a-4175-bc9b-0fec03b18931,5d7f28a6-2a2a-4333-aa06-48edfb652f86,Pošta,395
b59656a4-b6e7-4b87-977c-078c59088a50,aa42017d-812a-4175-bc9b-0fec03b18931,7310c006-62b8-4f94-bb9c-d5c26cb3faad,Polje,44
b59656a4-b6e7-4b87-977c-078c59088a50,aa42017d-812a-4175-bc9b-0fec03b18931,484b5c91-1220-43ba-af79-84e712fcc46b,Slovenija avto,64
b59656a4-b6e7-4b87-977c-078c59088a50,aa42017d-812a-4175-bc9b-0fec03b18931,ef31a8be-b01d-44cd-95cf-3db8e918af26,Emona,65
b59656a4-b6e7-4b87-977c-078c59088a50,aa42017d-812a-4175-bc9b-0fec03b18931,6a89c110-a0f8-4b1a-87f0-33f49c0a658e,Šola Jarše,34
b59656a4-b6e7-4b87-977c-078c59088a50,aa42017d-812a-4175-bc9b-0fec03b18931,1ce1c3a8-e0f6-4f90-b1aa-1448759d8b3c,Astra,144
b59656a4-b6e7-4b87-977c-078c59088a50,aa42017d-812a-4175-bc9b-0fec03b18931,717dda7e-d793-4697-8f60-b64ee8b1edc4,Gosposvetska,142
b59656a4-b6e7-4b87-977c-078c59088a50,aa42017d-812a-4175-bc9b-0fec03b18931,5cc8a08d-c0af-491f-9a9c-b8b4f5f23bc0,BTC-Emporium,91
b59656a4-b6e7-4b87-977c-078c59088a50,aa42017d-812a-4175-bc9b-0fec03b18931,717dda7e-d793-4697-8f60-b64ee8b1edc4,Gosposvetska,202
b59656a4-b6e7-4b87-977c-078c59088a50,aa42017d-812a-4175-bc9b-0fec03b18931,c87db9be-1fba-4102-a743-0ee4317dd5af,Bavarski dvor,51
b59656a4-b6e7-4b87-977c-078c59088a50,aa42017d-812a-4175-bc9b-0fec03b18931,cdabf1ea-b04c-480a-8359-72c46e6864ab,Bežigrad,51
b59656a4-b6e7-4b87-977c-078c59088a50,aa42017d-812a-4175-bc9b-0fec03b18931,5d7f28a6-2a2a-4333-aa06-48edfb652f86,Pošta,470
b59656a4-b6e7-4b87-977c-078c59088a50,aa42017d-812a-4175-bc9b-0fec03b18931,9cfac7e2-9653-4e52-a6d3-27756d27f817,Kino Šiška,36
b59656a4-b6e7-4b87-977c-078c59088a50,aa42017d-812a-4175-bc9b-0fec03b18931,f33b721f-a8a3-4aad-96f2-077da09ebaa6,Razstavišče,22
b59656a4-b6e7-4b87-977c-078c59088a50,aa42017d-812a-4175-bc9b-0fec03b18931,c87db9be-1fba-4102-a743-0ee4317dd5af,Bavarski dvor,18
b59656a4-b6e7-4b87-977c-078c59088a50,aa42017d-812a-4175-bc9b-0fec03b18931,7484317c-269f-425f-8118-23eedab4e5f1,Tivoli,154
b59656a4-b6e7-4b87-977c-078c59088a50,aa42017d-812a-4175-bc9b-0fec03b18931,a719a87c-4e93-4387-a6d1-2631a487f7e0,Ajdovščina,79
b59656a4-b6e7-4b87-977c-078c59088a50,aa42017d-812a-4175-bc9b-0fec03b18931,484b5c91-1220-43ba-af79-84e712fcc46b,Slovenija avto,124
b59656a4-b6e7-4b87-977c-078c59088a50,aa42017d-812a-4175-bc9b-0fec03b18931,295616c0-387b-4f60-a337-7743cd6be04e,Bavarski dvor,88
b59656a4-b6e7-4b87-977c-078c59088a50,aa42017d-812a-4175-bc9b-0fec03b18931,295616c0-387b-4f60-a337-7743cd6be04e,Bavarski dvor,32
b59656a4-b6e7-4b87-977c-078c59088a50,aa42017d-812a-4175-bc9b-0fec03b18931,7fad8003-fb10-489d-bf8d-6d433310ad90,Nove Jarše,9
b59656a4-b6e7-4b87-977c-078c59088a50,aa42017d-812a-4175-bc9b-0fec03b18931,5d7f28a6-2a2a-4333-aa06-48edfb652f86,Pošta,220
b59656a4-b6e7-4b87-977c-078c59088a50,aa42017d-812a-4175-bc9b-0fec03b18931,f33b721f-a8a3-4aad-96f2-077da09ebaa6,Razstavišče,170
b59656a4-b6e7-4b87-977c-078c59088a50,aa42017d-812a-4175-bc9b-0fec03b18931,5d7f28a6-2a2a-4333-aa06-48edfb652f86,Pošta,124
b59656a4-b6e7-4b87-977c-078c59088a50,aa42017d-812a-4175-bc9b-0fec03b18931,c87db9be-1fba-4102-a743-0ee4317dd5af,Bavarski dvor,109
b59656a4-b6e7-4b87-977c-078c59088a50,aa42017d-812a-4175-bc9b-0fec03b18931,ecc4ae87-ae08-4b94-995c-452fdd94df7f,Privoz,137
b59656a4-b6e7-4b87-977c-078c59088a50,aa42017d-812a-4175-bc9b-0fec03b18931,e6f5183b-c615-4f47-b4fb-204ee070e825,Bežigrad,193
b59656a4-b6e7-4b87-977c-078c59088a50,aa42017d-812a-4175-bc9b-0fec03b18931,7fa32ea0-e884-435a-a81c-51bbd5cedf3e,Zaloška,38
b59656a4-b6e7-4b87-977c-078c59088a50,aa42017d-812a-4175-bc9b-0fec03b18931,5d7f28a6-2a2a-4333-aa06-48edfb652f86,Pošta,102
b59656a4-b6e7-4b87-977c-078c59088a50,aa42017d-812a-4175-bc9b-0fec03b18931,c22879e5-8e90-4540-9a74-5f139208e492,Friškovec,150
b59656a4-b6e7-4b87-977c-078c59088a50,aa42017d-812a-4175-bc9b-0fec03b18931,454817d3-3750-49c7-994c-14d06fd2c634,Žale,27
b59656a4-b6e7-4b87-977c-078c59088a50,aa42017d-812a-4175-bc9b-0fec03b18931,5d7f28a6-2a2a-4333-aa06-48edfb652f86,Pošta,156
b59656a4-b6e7-4b87-977c-078c59088a50,aa42017d-812a-4175-bc9b-0fec03b18931,295616c0-387b-4f60-a337-7743cd6be04e,Bavarski dvor,49
b59656a4-b6e7-4b87-977c-078c59088a50,aa42017d-812a-4175-bc9b-0fec03b18931,f33b721f-a8a3-4aad-96f2-077da09ebaa6,Razstavišče,382
b59656a4-b6e7-4b87-977c-078c59088a50,aa42017d-812a-4175-bc9b-0fec03b18931,f2b27cbd-5207-4281-8f67-6369d0c50a9b,Kodrova,69
b59656a4-b6e7-4b87-977c-078c59088a50,aa42017d-812a-4175-bc9b-0fec03b18931,717dda7e-d793-4697-8f60-b64ee8b1edc4,Gosposvetska,140
b59656a4-b6e7-4b87-977c-078c59088a50,aa42017d-812a-4175-bc9b-0fec03b18931,a2ce7e6f-0f99-443a-a973-81a0b9c60261,Astra,25
b59656a4-b6e7-4b87-977c-078c59088a50,aa42017d-812a-4175-bc9b-0fec03b18931,9cfac7e2-9653-4e52-a6d3-27756d27f817,Kino Šiška,432
b59656a4-b6e7-4b87-977c-078c59088a50,aa42017d-812a-4175-bc9b-0fec03b18931,8c7fa045-888b-46d0-8189-6f82623bf481,Poljanska,245
b59656a4-b6e7-4b87-977c-078c59088a50,aa42017d-812a-4175-bc9b-0fec03b18931,a0b1fb90-3f6a-4231-910a-18be192ac762,Flajšmanova,272
b59656a4-b6e7-4b87-977c-078c59088a50,aa42017d-812a-4175-bc9b-0fec03b18931,fef200e9-4d98-425b-ab14-8110e2aa85d7,Drama,113
b59656a4-b6e7-4b87-977c-078c59088a50,aa42017d-812a-4175-bc9b-0fec03b18931,a2ce7e6f-0f99-443a-a973-81a0b9c60261,Astra,31
b59656a4-b6e7-4b87-977c-078c59088a50,aa42017d-812a-4175-bc9b-0fec03b18931,c87db9be-1fba-4102-a743-0ee4317dd5af,Bavarski dvor,37
b59656a4-b6e7-4b87-977c-078c59088a50,aa42017d-812a-4175-bc9b-0fec03b18931,a2ce7e6f-0f99-443a-a973-81a0b9c60261,Astra,255
b59656a4-b6e7-4b87-977c-078c59088a50,aa42017d-812a-4175-bc9b-0fec03b18931,fef200e9-4d98-425b-ab14-8110e2aa85d7,Drama,42
b59656a4-b6e7-4b87-977c-078c59088a50,aa42017d-812a-4175-bc9b-0fec03b18931,295616c0-387b-4f60-a337-7743cd6be04e,Bavarski dvor,203
b59656a4-b6e7-4b87-977c-078c59088a50,aa42017d-812a-4175-bc9b-0fec03b18931,fef200e9-4d98-425b-ab14-8110e2aa85d7,Drama,93
b59656a4-b6e7-4b87-977c-078c59088a50,aa42017d-812a-4175-bc9b-0fec03b18931,5d7f28a6-2a2a-4333-aa06-48edfb652f86,Pošta,175
b59656a4-b6e7-4b87-977c-078c59088a50,aa42017d-812a-4175-bc9b-0fec03b18931,7fa32ea0-e884-435a-a81c-51bbd5cedf3e,Zaloška,598
b59656a4-b6e7-4b87-977c-078c59088a50,aa42017d-812a-4175-bc9b-0fec03b18931,1ce1c3a8-e0f6-4f90-b1aa-1448759d8b3c,Astra,37
b59656a4-b6e7-4b87-977c-078c59088a50,aa42017d-812a-4175-bc9b-0fec03b18931,7310c006-62b8-4f94-bb9c-d5c26cb3faad,Polje,123
b59656a4-b6e7-4b87-977c-078c59088a50,aa42017d-812a-4175-bc9b-0fec03b18931,c87db9be-1fba-4102-a743-0ee4317dd5af,Bavarski dvor,165
b59656a4-b6e7-4b87-977c-078c59088a50,aa42017d-812a-4175-bc9b-0fec03b18931,12304b99-9a07-485a-a101-eaca90495d48,Besnica šola,115
b59656a4-b6e7-4b87-977c-078c59088a50,aa42017d-812a-4175-bc9b-0fec03b18931,a719a87c-4e93-4387-a6d1-2631a487f7e0,Ajdovščina,209
b59656a4-b6e7-4b87-977c-078c59088a50,aa42017d-812a-4175-bc9b-0fec03b18931,7c149b59-2bc6-45cb-95c8-69e18a0db627,Rusjanov trg,250
b59656a4-b6e7-4b87-977c-078c59088a50,aa42017d-812a-4175-bc9b-0fec03b18931,295616c0-387b-4f60-a337-7743cd6be04e,Bavarski dvor,22
b59656a4-b6e7-4b87-977c-078c59088a50,aa42017d-812a-4175-bc9b-0fec03b18931,295616c0-387b-4f60-a337-7743cd6be04e,Bavarski dvor,234
b59656a4-b6e7-4b87-977c-078c59088a50,aa42017d-812a-4175-bc9b-0fec03b18931,7fad8003-fb10-489d-bf8d-6d433310ad90,Nove Jarše,10
b59656a4-b6e7-4b87-977c-078c59088a50,aa42017d-812a-4175-bc9b-0fec03b18931,a719a87c-4e93-4387-a6d1-2631a487f7e0,Ajdovščina,16
b59656a4-b6e7-4b87-977c-078c59088a50,aa42017d-812a-4175-bc9b-0fec03b18931,fef200e9-4d98-425b-ab14-8110e2aa85d7,Drama,39
b59656a4-b6e7-4b87-977c-078c59088a50,aa42017d-812a-4175-bc9b-0fec03b18931,a719a87c-4e93-4387-a6d1-2631a487f7e0,Ajdovščina,75
b59656a4-b6e7-4b87-977c-078c59088a50,aa42017d-812a-4175-bc9b-0fec03b18931,a0e0a21b-b8ce-4d76-bbc2-04e179367fee,Šola Jarše,94
b59656a4-b6e7-4b87-977c-078c59088a50,aa42017d-812a-4175-bc9b-0fec03b18931,c87db9be-1fba-4102-a743-0ee4317dd5af,Bavarski dvor,249
b59656a4-b6e7-4b87-977c-078c59088a50,aa42017d-812a-4175-bc9b-0fec03b18931,fef200e9-4d98-425b-ab14-8110e2aa85d7,Drama,28
b59656a4-b6e7-4b87-977c-078c59088a50,aa42017d-812a-4175-bc9b-0fec03b18931,c87db9be-1fba-4102-a743-0ee4317dd5af,Bavarski dvor,100
b59656a4-b6e7-4b87-977c-078c59088a50,aa42017d-812a-4175-bc9b-0fec03b18931,a719a87c-4e93-4387-a6d1-2631a487f7e0,Ajdovščina,39
b59656a4-b6e7-4b87-977c-078c59088a50,aa42017d-812a-4175-bc9b-0fec03b18931,52e5adea-e194-4fc1-809c-1d6421f8f8db,Kovinarska,7
b59656a4-b6e7-4b87-977c-078c59088a50,aa42017d-812a-4175-bc9b-0fec03b18931,295616c0-387b-4f60-a337-7743cd6be04e,Bavarski dvor,87
b59656a4-b6e7-4b87-977c-078c59088a50,aa42017d-812a-4175-bc9b-0fec03b18931,N/A,N/A,660
b59656a4-b6e7-4b87-977c-078c59088a50,aa42017d-812a-4175-bc9b-0fec03b18931,c22879e5-8e90-4540-9a74-5f139208e492,Friškovec,222
b59656a4-b6e7-4b87-977c-078c59088a50,aa42017d-812a-4175-bc9b-0fec03b18931,a719a87c-4e93-4387-a6d1-2631a487f7e0,Ajdovščina,173
b59656a4-b6e7-4b87-977c-078c59088a50,aa42017d-812a-4175-bc9b-0fec03b18931,fef200e9-4d98-425b-ab14-8110e2aa85d7,Drama,262
b59656a4-b6e7-4b87-977c-078c59088a50,aa42017d-812a-4175-bc9b-0fec03b18931,c87db9be-1fba-4102-a743-0ee4317dd5af,Bavarski dvor,83
b59656a4-b6e7-4b87-977c-078c59088a50,aa42017d-812a-4175-bc9b-0fec03b18931,5d7f28a6-2a2a-4333-aa06-48edfb652f86,Pošta,19
b59656a4-b6e7-4b87-977c-078c59088a50,aa42017d-812a-4175-bc9b-0fec03b18931,1ce1c3a8-e0f6-4f90-b1aa-1448759d8b3c,Astra,45
b59656a4-b6e7-4b87-977c-078c59088a50,aa42017d-812a-4175-bc9b-0fec03b18931,7fa32ea0-e884-435a-a81c-51bbd5cedf3e,Zaloška,220
b59656a4-b6e7-4b87-977c-078c59088a50,aa42017d-812a-4175-bc9b-0fec03b18931,5d7f28a6-2a2a-4333-aa06-48edfb652f86,Pošta,129
b59656a4-b6e7-4b87-977c-078c59088a50,aa42017d-812a-4175-bc9b-0fec03b18931,a0b1fb90-3f6a-4231-910a-18be192ac762,Flajšmanova,5
b59656a4-b6e7-4b87-977c-078c59088a50,aa42017d-812a-4175-bc9b-0fec03b18931,c87db9be-1fba-4102-a743-0ee4317dd5af,Bavarski dvor,117
b59656a4-b6e7-4b87-977c-078c59088a50,aa42017d-812a-4175-bc9b-0fec03b18931,e6f5183b-c615-4f47-b4fb-204ee070e825,Bežigrad,20
b59656a4-b6e7-4b87-977c-078c59088a50,aa42017d-812a-4175-bc9b-0fec03b18931,5d7f28a6-2a2a-4333-aa06-48edfb652f86,Pošta,45
b59656a4-b6e7-4b87-977c-078c59088a50,aa42017d-812a-4175-bc9b-0fec03b18931,fef200e9-4d98-425b-ab14-8110e2aa85d7,Drama,26
b59656a4-b6e7-4b87-977c-078c59088a50,aa42017d-812a-4175-bc9b-0fec03b18931,0be237aa-4b91-4d2b-ac23-0cebac975a0d,Cankarjev dom,256
b59656a4-b6e7-4b87-977c-078c59088a50,aa42017d-812a-4175-bc9b-0fec03b18931,484b5c91-1220-43ba-af79-84e712fcc46b,Slovenija avto,197
b59656a4-b6e7-4b87-977c-078c59088a50,aa42017d-812a-4175-bc9b-0fec03b18931,295616c0-387b-4f60-a337-7743cd6be04e,Bavarski dvor,135
b59656a4-b6e7-4b87-977c-078c59088a50,aa42017d-812a-4175-bc9b-0fec03b18931,77dcd833-fa4d-4c5a-93b1-31284942e61d,Šišenska,6
b59656a4-b6e7-4b87-977c-078c59088a50,aa42017d-812a-4175-bc9b-0fec03b18931,c87db9be-1fba-4102-a743-0ee4317dd5af,Bavarski dvor,134
b59656a4-b6e7-4b87-977c-078c59088a50,aa42017d-812a-4175-bc9b-0fec03b18931,484b5c91-1220-43ba-af79-84e712fcc46b,Slovenija avto,18
b59656a4-b6e7-4b87-977c-078c59088a50,aa42017d-812a-4175-bc9b-0fec03b18931,6a89c110-a0f8-4b1a-87f0-33f49c0a658e,Šola Jarše,131
b59656a4-b6e7-4b87-977c-078c59088a50,aa42017d-812a-4175-bc9b-0fec03b18931,f33b721f-a8a3-4aad-96f2-077da09ebaa6,Razstavišče,516
b59656a4-b6e7-4b87-977c-078c59088a50,aa42017d-812a-4175-bc9b-0fec03b18931,6c56976b-4ae1-429f-bcab-0cfc37e3580d,Zgornji log,223
b59656a4-b6e7-4b87-977c-078c59088a50,aa42017d-812a-4175-bc9b-0fec03b18931,9bd3ee10-bc61-44e8-8cf3-a37cffd54da0,DOMŽALE kolodvor,43
b59656a4-b6e7-4b87-977c-078c59088a50,aa42017d-812a-4175-bc9b-0fec03b18931,a719a87c-4e93-4387-a6d1-2631a487f7e0,Ajdovščina,171
b59656a4-b6e7-4b87-977c-078c59088a50,aa42017d-812a-4175-bc9b-0fec03b18931,7fa32ea0-e884-435a-a81c-51bbd5cedf3e,Zaloška,177
b59656a4-b6e7-4b87-977c-078c59088a50,aa42017d-812a-4175-bc9b-0fec03b18931,a719a87c-4e93-4387-a6d1-2631a487f7e0,Ajdovščina,359
b59656a4-b6e7-4b87-977c-078c59088a50,aa42017d-812a-4175-bc9b-0fec03b18931,7fa32ea0-e884-435a-a81c-51bbd5cedf3e,Zaloška,70
b59656a4-b6e7-4b87-977c-078c59088a50,aa42017d-812a-4175-bc9b-0fec03b18931,5d7f28a6-2a2a-4333-aa06-48edfb652f86,Pošta,88
b59656a4-b6e7-4b87-977c-078c59088a50,aa42017d-812a-4175-bc9b-0fec03b18931,295616c0-387b-4f60-a337-7743cd6be04e,Bavarski dvor,41
b59656a4-b6e7-4b87-977c-078c59088a50,aa42017d-812a-4175-bc9b-0fec03b18931,6a89c110-a0f8-4b1a-87f0-33f49c0a658e,Šola Jarše,50
b59656a4-b6e7-4b87-977c-078c59088a50,aa42017d-812a-4175-bc9b-0fec03b18931,6182f8e8-c45e-4606-b4a4-d909bd44d2cc,Gornji trg,363
b59656a4-b6e7-4b87-977c-078c59088a50,aa42017d-812a-4175-bc9b-0fec03b18931,c87db9be-1fba-4102-a743-0ee4317dd5af,Bavarski dvor,194
b59656a4-b6e7-4b87-977c-078c59088a50,aa42017d-812a-4175-bc9b-0fec03b18931,295616c0-387b-4f60-a337-7743cd6be04e,Bavarski dvor,46
b59656a4-b6e7-4b87-977c-078c59088a50,aa42017d-812a-4175-bc9b-0fec03b18931,fef200e9-4d98-425b-ab14-8110e2aa85d7,Drama,246
b59656a4-b6e7-4b87-977c-078c59088a50,aa42017d-812a-4175-bc9b-0fec03b18931,295616c0-387b-4f60-a337-7743cd6be04e,Bavarski dvor,102
b59656a4-b6e7-4b87-977c-078c59088a50,aa42017d-812a-4175-bc9b-0fec03b18931,717dda7e-d793-4697-8f60-b64ee8b1edc4,Gosposvetska,86
b59656a4-b6e7-4b87-977c-078c59088a50,aa42017d-812a-4175-bc9b-0fec03b18931,N/A,N/A,660
b59656a4-b6e7-4b87-977c-078c59088a50,aa42017d-812a-4175-bc9b-0fec03b18931,fef200e9-4d98-425b-ab14-8110e2aa85d7,Drama,87
b59656a4-b6e7-4b87-977c-078c59088a50,aa42017d-812a-4175-bc9b-0fec03b18931,a719a87c-4e93-4387-a6d1-2631a487f7e0,Ajdovščina,113
b59656a4-b6e7-4b87-977c-078c59088a50,aa42017d-812a-4175-bc9b-0fec03b18931,717dda7e-d793-4697-8f60-b64ee8b1edc4,Gosposvetska,27
b59656a4-b6e7-4b87-977c-078c59088a50,aa42017d-812a-4175-bc9b-0fec03b18931,a2ce7e6f-0f99-443a-a973-81a0b9c60261,Astra,285
b59656a4-b6e7-4b87-977c-078c59088a50,aa42017d-812a-4175-bc9b-0fec03b18931,4038e02e-f22f-4af0-ba4f-7aab855b53af,Kneza Koclja,261
b59656a4-b6e7-4b87-977c-078c59088a50,aa42017d-812a-4175-bc9b-0fec03b18931,fef200e9-4d98-425b-ab14-8110e2aa85d7,Drama,41
b59656a4-b6e7-4b87-977c-078c59088a50,aa42017d-812a-4175-bc9b-0fec03b18931,7fad8003-fb10-489d-bf8d-6d433310ad90,Nove Jarše,93
b59656a4-b6e7-4b87-977c-078c59088a50,aa42017d-812a-4175-bc9b-0fec03b18931,c87db9be-1fba-4102-a743-0ee4317dd5af,Bavarski dvor,278
b59656a4-b6e7-4b87-977c-078c59088a50,aa42017d-812a-4175-bc9b-0fec03b18931,6182f8e8-c45e-4606-b4a4-d909bd44d2cc,Gornji trg,274
b59656a4-b6e7-4b87-977c-078c59088a50,aa42017d-812a-4175-bc9b-0fec03b18931,6459bd02-d8f8-413e-9402-10b916f09a4f,7. septembra,96
b59656a4-b6e7-4b87-977c-078c59088a50,aa42017d-812a-4175-bc9b-0fec03b18931,aa42017d-812a-4175-bc9b-0fec03b18931,Ambrožev trg,12
b59656a4-b6e7-4b87-977c-078c59088a50,aa42017d-812a-4175-bc9b-0fec03b18931,295616c0-387b-4f60-a337-7743cd6be04e,Bavarski dvor,128
b59656a4-b6e7-4b87-977c-078c59088a50,aa42017d-812a-4175-bc9b-0fec03b18931,cdabf1ea-b04c-480a-8359-72c46e6864ab,Bežigrad,6
b59656a4-b6e7-4b87-977c-078c59088a50,aa42017d-812a-4175-bc9b-0fec03b18931,484b5c91-1220-43ba-af79-84e712fcc46b,Slovenija avto,116
b59656a4-b6e7-4b87-977c-078c59088a50,aa42017d-812a-4175-bc9b-0fec03b18931,c87db9be-1fba-4102-a743-0ee4317dd5af,Bavarski dvor,337
b59656a4-b6e7-4b87-977c-078c59088a50,aa42017d-812a-4175-bc9b-0fec03b18931,ecc4ae87-ae08-4b94-995c-452fdd94df7f,Privoz,85
b59656a4-b6e7-4b87-977c-078c59088a50,aa42017d-812a-4175-bc9b-0fec03b18931,295616c0-387b-4f60-a337-7743cd6be04e,Bavarski dvor,323
b59656a4-b6e7-4b87-977c-078c59088a50,aa42017d-812a-4175-bc9b-0fec03b18931,b59656a4-b6e7-4b87-977c-078c59088a50,Hajdrihova,131
b59656a4-b6e7-4b87-977c-078c59088a50,aa42017d-812a-4175-bc9b-0fec03b18931,ecc4ae87-ae08-4b94-995c-452fdd94df7f,Privoz,190
b59656a4-b6e7-4b87-977c-078c59088a50,aa42017d-812a-4175-bc9b-0fec03b18931,c87db9be-1fba-4102-a743-0ee4317dd5af,Bavarski dvor,260
b59656a4-b6e7-4b87-977c-078c59088a50,aa42017d-812a-4175-bc9b-0fec03b18931,c22879e5-8e90-4540-9a74-5f139208e492,Friškovec,290
b59656a4-b6e7-4b87-977c-078c59088a50,aa42017d-812a-4175-bc9b-0fec03b18931,77dcd833-fa4d-4c5a-93b1-31284942e61d,Šišenska,276
b59656a4-b6e7-4b87-977c-078c59088a50,aa42017d-812a-4175-bc9b-0fec03b18931,295616c0-387b-4f60-a337-7743cd6be04e,Bavarski dvor,365
b59656a4-b6e7-4b87-977c-078c59088a50,aa42017d-812a-4175-bc9b-0fec03b18931,a2ce7e6f-0f99-443a-a973-81a0b9c60261,Astra,84
b59656a4-b6e7-4b87-977c-078c59088a50,aa42017d-812a-4175-bc9b-0fec03b18931,c87db9be-1fba-4102-a743-0ee4317dd5af,Bavarski dvor,94
b59656a4-b6e7-4b87-977c-078c59088a50,aa42017d-812a-4175-bc9b-0fec03b18931,38b3abed-0592-407b-96c3-85a026f2e192,Dalmatinova,41
b59656a4-b6e7-4b87-977c-078c59088a50,aa42017d-812a-4175-bc9b-0fec03b18931,c87db9be-1fba-4102-a743-0ee4317dd5af,Bavarski dvor,363
b59656a4-b6e7-4b87-977c-078c59088a50,aa42017d-812a-4175-bc9b-0fec03b18931,5d7f28a6-2a2a-4333-aa06-48edfb652f86,Pošta,96
b59656a4-b6e7-4b87-977c-078c59088a50,aa42017d-812a-4175-bc9b-0fec03b18931,c22879e5-8e90-4540-9a74-5f139208e492,Friškovec,105
b59656a4-b6e7-4b87-977c-078c59088a50,aa42017d-812a-4175-bc9b-0fec03b18931,c87db9be-1fba-4102-a743-0ee4317dd5af,Bavarski dvor,65
b59656a4-b6e7-4b87-977c-078c59088a50,aa42017d-812a-4175-bc9b-0fec03b18931,ac3afe7d-a2b3-4d5d-9e6a-1d2412a3bc70,Litostrojska,60
b59656a4-b6e7-4b87-977c-078c59088a50,aa42017d-812a-4175-bc9b-0fec03b18931,c87db9be-1fba-4102-a743-0ee4317dd5af,Bavarski dvor,183
b59656a4-b6e7-4b87-977c-078c59088a50,aa42017d-812a-4175-bc9b-0fec03b18931,717dda7e-d793-4697-8f60-b64ee8b1edc4,Gosposvetska,240
b59656a4-b6e7-4b87-977c-078c59088a50,aa42017d-812a-4175-bc9b-0fec03b18931,N/A,N/A,660
b59656a4-b6e7-4b87-977c-078c59088a50,aa42017d-812a-4175-bc9b-0fec03b18931,5d7f28a6-2a2a-4333-aa06-48edfb652f86,Pošta,159
b59656a4-b6e7-4b87-977c-078c59088a50,aa42017d-812a-4175-bc9b-0fec03b18931,7fad8003-fb10-489d-bf8d-6d433310ad90,Nove Jarše,133
b59656a4-b6e7-4b87-977c-078c59088a50,aa42017d-812a-4175-bc9b-0fec03b18931,a719a87c-4e93-4387-a6d1-2631a487f7e0,Ajdovščina,92
b59656a4-b6e7-4b87-977c-078c59088a50,aa42017d-812a-4175-bc9b-0fec03b18931,c87db9be-1fba-4102-a743-0ee4317dd5af,Bavarski dvor,89
b59656a4-b6e7-4b87-977c-078c59088a50,aa42017d-812a-4175-bc9b-0fec03b18931,21764d19-62cc-49fd-bac9-403aeac6a6b9,Ježica,54
b59656a4-b6e7-4b87-977c-078c59088a50,aa42017d-812a-4175-bc9b-0fec03b18931,484b5c91-1220-43ba-af79-84e712fcc46b,Slovenija avto,158
b59656a4-b6e7-4b87-977c-078c59088a50,aa42017d-812a-4175-bc9b-0fec03b18931,a719a87c-4e93-4387-a6d1-2631a487f7e0,Ajdovščina,135
b59656a4-b6e7-4b87-977c-078c59088a50,aa42017d-812a-4175-bc9b-0fec03b18931,717dda7e-d793-4697-8f60-b64ee8b1edc4,Gosposvetska,223
b59656a4-b6e7-4b87-977c-078c59088a50,aa42017d-812a-4175-bc9b-0fec03b18931,9cfac7e2-9653-4e52-a6d3-27756d27f817,Kino Šiška,5
b59656a4-b6e7-4b87-977c-078c59088a50,aa42017d-812a-4175-bc9b-0fec03b18931,3c6ebf90-c611-4535-b2b0-22fba3f7649a,Štajerska,324
b59656a4-b6e7-4b87-977c-078c59088a50,aa42017d-812a-4175-bc9b-0fec03b18931,c87db9be-1fba-4102-a743-0ee4317dd5af,Bavarski dvor,393
b59656a4-b6e7-4b87-977c-078c59088a50,aa42017d-812a-4175-bc9b-0fec03b18931,6a89c110-a0f8-4b1a-87f0-33f49c0a658e,Šola Jarše,70
b59656a4-b6e7-4b87-977c-078c59088a50,aa42017d-812a-4175-bc9b-0fec03b18931,c87db9be-1fba-4102-a743-0ee4317dd5af,Bavarski dvor,5
b59656a4-b6e7-4b87-977c-078c59088a50,aa42017d-812a-4175-bc9b-0fec03b18931,717dda7e-d793-4697-8f60-b64ee8b1edc4,Gosposvetska,307
b59656a4-b6e7-4b87-977c-078c59088a50,aa42017d-812a-4175-bc9b-0fec03b18931,717dda7e-d793-4697-8f60-b64ee8b1edc4,Gosposvetska,21
b59656a4-b6e7-4b87-977c-078c59088a50,aa42017d-812a-4175-bc9b-0fec03b18931,295616c0-387b-4f60-a337-7743cd6be04e,Bavarski dvor,150
b59656a4-b6e7-4b87-977c-078c59088a50,aa42017d-812a-4175-bc9b-0fec03b18931,023d7b7a-b411-4e61-8746-b07f9e5c8f90,Ambrožev trg,58
b59656a4-b6e7-4b87-977c-078c59088a50,aa42017d-812a-4175-bc9b-0fec03b18931,484b5c91-1220-43ba-af79-84e712fcc46b,Slovenija avto,19
b59656a4-b6e7-4b87-977c-078c59088a50,aa42017d-812a-4175-bc9b-0fec03b18931,fef200e9-4d98-425b-ab14-8110e2aa85d7,Drama,128
b59656a4-b6e7-4b87-977c-078c59088a50,aa42017d-812a-4175-bc9b-0fec03b18931,48b163cd-b819-4849-aee1-8b1da77657ab,Šentvid,180
b59656a4-b6e7-4b87-977c-078c59088a50,aa42017d-812a-4175-bc9b-0fec03b18931,7eb88e01-82e9-4af4-84d0-69c6ea9dc82c,Kolodvor,53
b59656a4-b6e7-4b87-977c-078c59088a50,aa42017d-812a-4175-bc9b-0fec03b18931,6182f8e8-c45e-4606-b4a4-d909bd44d2cc,Gornji trg,91
b59656a4-b6e7-4b87-977c-078c59088a50,aa42017d-812a-4175-bc9b-0fec03b18931,db13a26e-19d4-4b8a-a78a-01ef25d58834,Ježica,163
b59656a4-b6e7-4b87-977c-078c59088a50,aa42017d-812a-4175-bc9b-0fec03b18931,7484317c-269f-425f-8118-23eedab4e5f1,Tivoli,29
b59656a4-b6e7-4b87-977c-078c59088a50,aa42017d-812a-4175-bc9b-0fec03b18931,f33b721f-a8a3-4aad-96f2-077da09ebaa6,Razstavišče,438
b59656a4-b6e7-4b87-977c-078c59088a50,aa42017d-812a-4175-bc9b-0fec03b18931,454817d3-3750-49c7-994c-14d06fd2c634,Žale,226
b59656a4-b6e7-4b87-977c-078c59088a50,aa42017d-812a-4175-bc9b-0fec03b18931,295616c0-387b-4f60-a337-7743cd6be04e,Bavarski dvor,97
b59656a4-b6e7-4b87-977c-078c59088a50,aa42017d-812a-4175-bc9b-0fec03b18931,a719a87c-4e93-4387-a6d1-2631a487f7e0,Ajdovščina,103
b59656a4-b6e7-4b87-977c-078c59088a50,aa42017d-812a-4175-bc9b-0fec03b18931,38b3abed-0592-407b-96c3-85a026f2e192,Dalmatinova,493
b59656a4-b6e7-4b87-977c-078c59088a50,aa42017d-812a-4175-bc9b-0fec03b18931,717dda7e-d793-4697-8f60-b64ee8b1edc4,Gosposvetska,154
b59656a4-b6e7-4b87-977c-078c59088a50,aa42017d-812a-4175-bc9b-0fec03b18931,21764d19-62cc-49fd-bac9-403aeac6a6b9,Ježica,37
b59656a4-b6e7-4b87-977c-078c59088a50,aa42017d-812a-4175-bc9b-0fec03b18931,295616c0-387b-4f60-a337-7743cd6be04e,Bavarski dvor,109
b59656a4-b6e7-4b87-977c-078c59088a50,aa42017d-812a-4175-bc9b-0fec03b18931,8589e5d1-21b4-4210-ad7a-4bf91f9a715d,Vižmarje,164
b59656a4-b6e7-4b87-977c-078c59088a50,aa42017d-812a-4175-bc9b-0fec03b18931,484b5c91-1220-43ba-af79-84e712fcc46b,Slovenija avto,93
b59656a4-b6e7-4b87-977c-078c59088a50,aa42017d-812a-4175-bc9b-0fec03b18931,5d7f28a6-2a2a-4333-aa06-48edfb652f86,Pošta,70
b59656a4-b6e7-4b87-977c-078c59088a50,aa42017d-812a-4175-bc9b-0fec03b18931,a719a87c-4e93-4387-a6d1-2631a487f7e0,Ajdovščina,149
b59656a4-b6e7-4b87-977c-078c59088a50,aa42017d-812a-4175-bc9b-0fec03b18931,c87db9be-1fba-4102-a743-0ee4317dd5af,Bavarski dvor,153
b59656a4-b6e7-4b87-977c-078c59088a50,aa42017d-812a-4175-bc9b-0fec03b18931,fef200e9-4d98-425b-ab14-8110e2aa85d7,Drama,160
b59656a4-b6e7-4b87-977c-078c59088a50,aa42017d-812a-4175-bc9b-0fec03b18931,fef200e9-4d98-425b-ab14-8110e2aa85d7,Drama,157
b59656a4-b6e7-4b87-977c-078c59088a50,aa42017d-812a-4175-bc9b-0fec03b18931,295616c0-387b-4f60-a337-7743cd6be04e,Bavarski dvor,167
b59656a4-b6e7-4b87-977c-078c59088a50,aa42017d-812a-4175-bc9b-0fec03b18931,a719a87c-4e93-4387-a6d1-2631a487f7e0,Ajdovščina,512
b59656a4-b6e7-4b87-977c-078c59088a50,aa42017d-812a-4175-bc9b-0fec03b18931,fef200e9-4d98-425b-ab14-8110e2aa85d7,Drama,89
b59656a4-b6e7-4b87-977c-078c59088a50,aa42017d-812a-4175-bc9b-0fec03b18931,c87db9be-1fba-4102-a743-0ee4317dd5af,Bavarski dvor,39
b59656a4-b6e7-4b87-977c-078c59088a50,aa42017d-812a-4175-bc9b-0fec03b18931,7484317c-269f-425f-8118-23eedab4e5f1,Tivoli,242
b59656a4-b6e7-4b87-977c-078c59088a50,aa42017d-812a-4175-bc9b-0fec03b18931,7bcbdcaa-00b9-47d4-8982-09da26cd7bcb,Zaloška,140
b59656a4-b6e7-4b87-977c-078c59088a50,aa42017d-812a-4175-bc9b-0fec03b18931,c87db9be-1fba-4102-a743-0ee4317dd5af,Bavarski dvor,183
b59656a4-b6e7-4b87-977c-078c59088a50,aa42017d-812a-4175-bc9b-0fec03b18931,cdabf1ea-b04c-480a-8359-72c46e6864ab,Bežigrad,240
b59656a4-b6e7-4b87-977c-078c59088a50,aa42017d-812a-4175-bc9b-0fec03b18931,f4cfd904-bd11-4247-95df-32c4555a930f,Klinični center,504
b59656a4-b6e7-4b87-977c-078c59088a50,aa42017d-812a-4175-bc9b-0fec03b18931,223f660b-c391-4120-bf3c-7bf06781686b,Tovorni kolodvor,498
b59656a4-b6e7-4b87-977c-078c59088a50,aa42017d-812a-4175-bc9b-0fec03b18931,5d7f28a6-2a2a-4333-aa06-48edfb652f86,Pošta,78
b59656a4-b6e7-4b87-977c-078c59088a50,aa42017d-812a-4175-bc9b-0fec03b18931,c22879e5-8e90-4540-9a74-5f139208e492,Friškovec,118
b59656a4-b6e7-4b87-977c-078c59088a50,aa42017d-812a-4175-bc9b-0fec03b18931,fef200e9-4d98-425b-ab14-8110e2aa85d7,Drama,229
b59656a4-b6e7-4b87-977c-078c59088a50,aa42017d-812a-4175-bc9b-0fec03b18931,9bd3ee10-bc61-44e8-8cf3-a37cffd54da0,DOMŽALE kolodvor,8
b59656a4-b6e7-4b87-977c-078c59088a50,aa42017d-812a-4175-bc9b-0fec03b18931,c87db9be-1fba-4102-a743-0ee4317dd5af,Bavarski dvor,73
b59656a4-b6e7-4b87-977c-078c59088a50,aa42017d-812a-4175-bc9b-0fec03b18931,c87db9be-1fba-4102-a743-0ee4317dd5af,Bavarski dvor,159
b59656a4-b6e7-4b87-977c-078c59088a50,aa42017d-812a-4175-bc9b-0fec03b18931,c87db9be-1fba-4102-a743-0ee4317dd5af,Bavarski dvor,311
b59656a4-b6e7-4b87-977c-078c59088a50,aa42017d-812a-4175-bc9b-0fec03b18931,609f0950-bb8c-4eaf-a931-8575b8aff1ac,Savske stolpnice,184
b59656a4-b6e7-4b87-977c-078c59088a50,aa42017d-812a-4175-bc9b-0fec03b18931,7fa32ea0-e884-435a-a81c-51bbd5cedf3e,Zaloška,97
b59656a4-b6e7-4b87-977c-078c59088a50,aa42017d-812a-4175-bc9b-0fec03b18931,7fa32ea0-e884-435a-a81c-51bbd5cedf3e,Zaloška,47
b59656a4-b6e7-4b87-977c-078c59088a50,aa42017d-812a-4175-bc9b-0fec03b18931,fef200e9-4d98-425b-ab14-8110e2aa85d7,Drama,341
b59656a4-b6e7-4b87-977c-078c59088a50,aa42017d-812a-4175-bc9b-0fec03b18931,fef200e9-4d98-425b-ab14-8110e2aa85d7,Drama,46
b59656a4-b6e7-4b87-977c-078c59088a50,aa42017d-812a-4175-bc9b-0fec03b18931,f4cfd904-bd11-4247-95df-32c4555a930f,Klinični center,54
b59656a4-b6e7-4b87-977c-078c59088a50,aa42017d-812a-4175-bc9b-0fec03b18931,1b3ddeca-a066-43ee-9ae5-8339628129c2,Žale,6
b59656a4-b6e7-4b87-977c-078c59088a50,aa42017d-812a-4175-bc9b-0fec03b18931,a719a87c-4e93-4387-a6d1-2631a487f7e0,Ajdovščina,334
b59656a4-b6e7-4b87-977c-078c59088a50,aa42017d-812a-4175-bc9b-0fec03b18931,5d7f28a6-2a2a-4333-aa06-48edfb652f86,Pošta,242
b59656a4-b6e7-4b87-977c-078c59088a50,aa42017d-812a-4175-bc9b-0fec03b18931,fef200e9-4d98-425b-ab14-8110e2aa85d7,Drama,514
b59656a4-b6e7-4b87-977c-078c59088a50,aa42017d-812a-4175-bc9b-0fec03b18931,48b163cd-b819-4849-aee1-8b1da77657ab,Šentvid,135
b59656a4-b6e7-4b87-977c-078c59088a50,aa42017d-812a-4175-bc9b-0fec03b18931,21764d19-62cc-49fd-bac9-403aeac6a6b9,Ježica,11
b59656a4-b6e7-4b87-977c-078c59088a50,aa42017d-812a-4175-bc9b-0fec03b18931,295616c0-387b-4f60-a337-7743cd6be04e,Bavarski dvor,216
b59656a4-b6e7-4b87-977c-078c59088a50,aa42017d-812a-4175-bc9b-0fec03b18931,a719a87c-4e93-4387-a6d1-2631a487f7e0,Ajdovščina,57
b59656a4-b6e7-4b87-977c-078c59088a50,aa42017d-812a-4175-bc9b-0fec03b18931,98fa3880-5936-4ec8-ba04-39c7ff9a0e6a,Stara cerkev,242
b59656a4-b6e7-4b87-977c-078c59088a50,aa42017d-812a-4175-bc9b-0fec03b18931,5d7f28a6-2a2a-4333-aa06-48edfb652f86,Pošta,203
b59656a4-b6e7-4b87-977c-078c59088a50,aa42017d-812a-4175-bc9b-0fec03b18931,4ca7ae7e-380b-45e3-81de-00ffab5bb531,Yulon,113
b59656a4-b6e7-4b87-977c-078c59088a50,aa42017d-812a-4175-bc9b-0fec03b18931,98fa3880-5936-4ec8-ba04-39c7ff9a0e6a,Stara cerkev,49
b59656a4-b6e7-4b87-977c-078c59088a50,aa42017d-812a-4175-bc9b-0fec03b18931,023d7b7a-b411-4e61-8746-b07f9e5c8f90,Ambrožev trg,97
b59656a4-b6e7-4b87-977c-078c59088a50,aa42017d-812a-4175-bc9b-0fec03b18931,295616c0-387b-4f60-a337-7743cd6be04e,Bavarski dvor,222
b59656a4-b6e7-4b87-977c-078c59088a50,aa42017d-812a-4175-bc9b-0fec03b18931,a2ce7e6f-0f99-443a-a973-81a0b9c60261,Astra,452
b59656a4-b6e7-4b87-977c-078c59088a50,aa42017d-812a-4175-bc9b-0fec03b18931,379bc761-04b5-4227-be76-3b870fe3e69f,Pot na Fužine,160
b59656a4-b6e7-4b87-977c-078c59088a50,aa42017d-812a-4175-bc9b-0fec03b18931,c87db9be-1fba-4102-a743-0ee4317dd5af,Bavarski dvor,269
b59656a4-b6e7-4b87-977c-078c59088a50,aa42017d-812a-4175-bc9b-0fec03b18931,a719a87c-4e93-4387-a6d1-2631a487f7e0,Ajdovščina,19
b59656a4-b6e7-4b87-977c-078c59088a50,aa42017d-812a-4175-bc9b-0fec03b18931,5d7f28a6-2a2a-4333-aa06-48edfb652f86,Pošta,20
b59656a4-b6e7-4b87-977c-078c59088a50,aa42017d-812a-4175-bc9b-0fec03b18931,a719a87c-4e93-4387-a6d1-2631a487f7e0,Ajdovščina,134
b59656a4-b6e7-4b87-977c-078c59088a50,aa42017d-812a-4175-bc9b-0fec03b18931,295616c0-387b-4f60-a337-7743cd6be04e,Bavarski dvor,53
b59656a4-b6e7-4b87-977c-078c59088a50,aa42017d-812a-4175-bc9b-0fec03b18931,fef200e9-4d98-425b-ab14-8110e2aa85d7,Drama,22
b59656a4-b6e7-4b87-977c-078c59088a50,aa42017d-812a-4175-bc9b-0fec03b18931,7fa32ea0-e884-435a-a81c-51bbd5cedf3e,Zaloška,52
b59656a4-b6e7-4b87-977c-078c59088a50,aa42017d-812a-4175-bc9b-0fec03b18931,86a75ffc-a78f-401f-8991-2eb0371417b2,Studenec,485
b59656a4-b6e7-4b87-977c-078c59088a50,aa42017d-812a-4175-bc9b-0fec03b18931,f4cfd904-bd11-4247-95df-32c4555a930f,Klinični center,82
b59656a4-b6e7-4b87-977c-078c59088a50,aa42017d-812a-4175-bc9b-0fec03b18931,dfde6478-02b5-471b-a470-29cb0e84542f,Slovenija avto,15
b59656a4-b6e7-4b87-977c-078c59088a50,aa42017d-812a-4175-bc9b-0fec03b18931,f33b721f-a8a3-4aad-96f2-077da09ebaa6,Razstavišče,270
b59656a4-b6e7-4b87-977c-078c59088a50,aa42017d-812a-4175-bc9b-0fec03b18931,c87db9be-1fba-4102-a743-0ee4317dd5af,Bavarski dvor,178
b59656a4-b6e7-4b87-977c-078c59088a50,aa42017d-812a-4175-bc9b-0fec03b18931,48b163cd-b819-4849-aee1-8b1da77657ab,Šentvid,357
b59656a4-b6e7-4b87-977c-078c59088a50,aa42017d-812a-4175-bc9b-0fec03b18931,cdabf1ea-b04c-480a-8359-72c46e6864ab,Bežigrad,34
b59656a4-b6e7-4b87-977c-078c59088a50,aa42017d-812a-4175-bc9b-0fec03b18931,5d7f28a6-2a2a-4333-aa06-48edfb652f86,Pošta,91
b59656a4-b6e7-4b87-977c-078c59088a50,aa42017d-812a-4175-bc9b-0fec03b18931,1ce1c3a8-e0f6-4f90-b1aa-1448759d8b3c,Astra,76
b59656a4-b6e7-4b87-977c-078c59088a50,aa42017d-812a-4175-bc9b-0fec03b18931,c87db9be-1fba-4102-a743-0ee4317dd5af,Bavarski dvor,457
b59656a4-b6e7-4b87-977c-078c59088a50,aa42017d-812a-4175-bc9b-0fec03b18931,fef200e9-4d98-425b-ab14-8110e2aa85d7,Drama,509
b59656a4-b6e7-4b87-977c-078c59088a50,aa42017d-812a-4175-bc9b-0fec03b18931,c87db9be-1fba-4102-a743-0ee4317dd5af,Bavarski dvor,402
b59656a4-b6e7-4b87-977c-078c59088a50,aa42017d-812a-4175-bc9b-0fec03b18931,c87db9be-1fba-4102-a743-0ee4317dd5af,Bavarski dvor,398
b59656a4-b6e7-4b87-977c-078c59088a50,aa42017d-812a-4175-bc9b-0fec03b18931,a2ce7e6f-0f99-443a-a973-81a0b9c60261,Astra,269
b59656a4-b6e7-4b87-977c-078c59088a50,aa42017d-812a-4175-bc9b-0fec03b18931,c5ec5e81-2ce4-452d-bd7a-595de4f8b34f,Prušnikova,123
b59656a4-b6e7-4b87-977c-078c59088a50,aa42017d-812a-4175-bc9b-0fec03b18931,5d7f28a6-2a2a-4333-aa06-48edfb652f86,Pošta,17
b59656a4-b6e7-4b87-977c-078c59088a50,aa42017d-812a-4175-bc9b-0fec03b18931,c87db9be-1fba-4102-a743-0ee4317dd5af,Bavarski dvor,14
b59656a4-b6e7-4b87-977c-078c59088a50,aa42017d-812a-4175-bc9b-0fec03b18931,295616c0-387b-4f60-a337-7743cd6be04e,Bavarski dvor,187
b59656a4-b6e7-4b87-977c-078c59088a50,aa42017d-812a-4175-bc9b-0fec03b18931,a719a87c-4e93-4387-a6d1-2631a487f7e0,Ajdovščina,217
b59656a4-b6e7-4b87-977c-078c59088a50,aa42017d-812a-4175-bc9b-0fec03b18931,f33b721f-a8a3-4aad-96f2-077da09ebaa6,Razstavišče,253
b59656a4-b6e7-4b87-977c-078c59088a50,aa42017d-812a-4175-bc9b-0fec03b18931,6a89c110-a0f8-4b1a-87f0-33f49c0a658e,Šola Jarše,290
b59656a4-b6e7-4b87-977c-078c59088a50,aa42017d-812a-4175-bc9b-0fec03b18931,a719a87c-4e93-4387-a6d1-2631a487f7e0,Ajdovščina,85
b59656a4-b6e7-4b87-977c-078c59088a50,aa42017d-812a-4175-bc9b-0fec03b18931,295616c0-387b-4f60-a337-7743cd6be04e,Bavarski dvor,86
b59656a4-b6e7-4b87-977c-078c59088a50,aa42017d-812a-4175-bc9b-0fec03b18931,295616c0-387b-4f60-a337-7743cd6be04e,Bavarski dvor,112
b59656a4-b6e7-4b87-977c-078c59088a50,aa42017d-812a-4175-bc9b-0fec03b18931,7eb88e01-82e9-4af4-84d0-69c6ea9dc82c,Kolodvor,120
b59656a4-b6e7-4b87-977c-078c59088a50,aa42017d-812a-4175-bc9b-0fec03b18931,5d7f28a6-2a2a-4333-aa06-48edfb652f86,Pošta,134
b59656a4-b6e7-4b87-977c-078c59088a50,aa42017d-812a-4175-bc9b-0fec03b18931,717dda7e-d793-4697-8f60-b64ee8b1edc4,Gosposvetska,154
b59656a4-b6e7-4b87-977c-078c59088a50,aa42017d-812a-4175-bc9b-0fec03b18931,295616c0-387b-4f60-a337-7743cd6be04e,Bavarski dvor,263
b59656a4-b6e7-4b87-977c-078c59088a50,aa42017d-812a-4175-bc9b-0fec03b18931,c5ec5e81-2ce4-452d-bd7a-595de4f8b34f,Prušnikova,81
b59656a4-b6e7-4b87-977c-078c59088a50,aa42017d-812a-4175-bc9b-0fec03b18931,5d7f28a6-2a2a-4333-aa06-48edfb652f86,Pošta,304
b59656a4-b6e7-4b87-977c-078c59088a50,aa42017d-812a-4175-bc9b-0fec03b18931,c87db9be-1fba-4102-a743-0ee4317dd5af,Bavarski dvor,147
b59656a4-b6e7-4b87-977c-078c59088a50,aa42017d-812a-4175-bc9b-0fec03b18931,e786b2df-34ed-4246-832e-7c3d538ac1f4,Kranjčeva,159
b59656a4-b6e7-4b87-977c-078c59088a50,aa42017d-812a-4175-bc9b-0fec03b18931,eb165f50-9c43-4b09-9658-469a16d3dc83,Kodeljevo,40
b59656a4-b6e7-4b87-977c-078c59088a50,aa42017d-812a-4175-bc9b-0fec03b18931,f33b721f-a8a3-4aad-96f2-077da09ebaa6,Razstavišče,127
b59656a4-b6e7-4b87-977c-078c59088a50,aa42017d-812a-4175-bc9b-0fec03b18931,295616c0-387b-4f60-a337-7743cd6be04e,Bavarski dvor,108
b59656a4-b6e7-4b87-977c-078c59088a50,aa42017d-812a-4175-bc9b-0fec03b18931,a2ce7e6f-0f99-443a-a973-81a0b9c60261,Astra,49
b59656a4-b6e7-4b87-977c-078c59088a50,aa42017d-812a-4175-bc9b-0fec03b18931,cdabf1ea-b04c-480a-8359-72c46e6864ab,Bežigrad,204
b59656a4-b6e7-4b87-977c-078c59088a50,aa42017d-812a-4175-bc9b-0fec03b18931,dfde6478-02b5-471b-a470-29cb0e84542f,Slovenija avto,103
b59656a4-b6e7-4b87-977c-078c59088a50,aa42017d-812a-4175-bc9b-0fec03b18931,a719a87c-4e93-4387-a6d1-2631a487f7e0,Ajdovščina,381
b59656a4-b6e7-4b87-977c-078c59088a50,aa42017d-812a-4175-bc9b-0fec03b18931,f33b721f-a8a3-4aad-96f2-077da09ebaa6,Razstavišče,122
b59656a4-b6e7-4b87-977c-078c59088a50,aa42017d-812a-4175-bc9b-0fec03b18931,295616c0-387b-4f60-a337-7743cd6be04e,Bavarski dvor,421
b59656a4-b6e7-4b87-977c-078c59088a50,aa42017d-812a-4175-bc9b-0fec03b18931,a0e0a21b-b8ce-4d76-bbc2-04e179367fee,Šola Jarše,20
b59656a4-b6e7-4b87-977c-078c59088a50,aa42017d-812a-4175-bc9b-0fec03b18931,609f0950-bb8c-4eaf-a931-8575b8aff1ac,Savske stolpnice,189
b59656a4-b6e7-4b87-977c-078c59088a50,aa42017d-812a-4175-bc9b-0fec03b18931,295616c0-387b-4f60-a337-7743cd6be04e,Bavarski dvor,38
b59656a4-b6e7-4b87-977c-078c59088a50,aa42017d-812a-4175-bc9b-0fec03b18931,aa42017d-812a-4175-bc9b-0fec03b18931,Ambrožev trg,92
b59656a4-b6e7-4b87-977c-078c59088a50,aa42017d-812a-4175-bc9b-0fec03b18931,fef200e9-4d98-425b-ab14-8110e2aa85d7,Drama,21
b59656a4-b6e7-4b87-977c-078c59088a50,aa42017d-812a-4175-bc9b-0fec03b18931,5de84f88-3f32-4636-8c30-03cc267ecf37,Podvozna pot,55
b59656a4-b6e7-4b87-977c-078c59088a50,aa42017d-812a-4175-bc9b-0fec03b18931,9cfac7e2-9653-4e52-a6d3-27756d27f817,Kino Šiška,47
b59656a4-b6e7-4b87-977c-078c59088a50,aa42017d-812a-4175-bc9b-0fec03b18931,c87db9be-1fba-4102-a743-0ee4317dd5af,Bavarski dvor,108
b59656a4-b6e7-4b87-977c-078c59088a50,aa42017d-812a-4175-bc9b-0fec03b18931,c87db9be-1fba-4102-a743-0ee4317dd5af,Bavarski dvor,116
b59656a4-b6e7-4b87-977c-078c59088a50,aa42017d-812a-4175-bc9b-0fec03b18931,f33b721f-a8a3-4aad-96f2-077da09ebaa6,Razstavišče,250
b59656a4-b6e7-4b87-977c-078c59088a50,aa42017d-812a-4175-bc9b-0fec03b18931,fef200e9-4d98-425b-ab14-8110e2aa85d7,Drama,481
b59656a4-b6e7-4b87-977c-078c59088a50,aa42017d-812a-4175-bc9b-0fec03b18931,fef200e9-4d98-425b-ab14-8110e2aa85d7,Drama,89
b59656a4-b6e7-4b87-977c-078c59088a50,aa42017d-812a-4175-bc9b-0fec03b18931,295616c0-387b-4f60-a337-7743cd6be04e,Bavarski dvor,12
b59656a4-b6e7-4b87-977c-078c59088a50,aa42017d-812a-4175-bc9b-0fec03b18931,fef200e9-4d98-425b-ab14-8110e2aa85d7,Drama,197
b59656a4-b6e7-4b87-977c-078c59088a50,aa42017d-812a-4175-bc9b-0fec03b18931,21764d19-62cc-49fd-bac9-403aeac6a6b9,Ježica,102
b59656a4-b6e7-4b87-977c-078c59088a50,aa42017d-812a-4175-bc9b-0fec03b18931,5d7f28a6-2a2a-4333-aa06-48edfb652f86,Pošta,197
b59656a4-b6e7-4b87-977c-078c59088a50,aa42017d-812a-4175-bc9b-0fec03b18931,3fbf6322-fb74-4a50-a81a-bfca73abc26b,Tacenski most,26
b59656a4-b6e7-4b87-977c-078c59088a50,aa42017d-812a-4175-bc9b-0fec03b18931,N/A,N/A,660
b59656a4-b6e7-4b87-977c-078c59088a50,aa42017d-812a-4175-bc9b-0fec03b18931,f33b721f-a8a3-4aad-96f2-077da09ebaa6,Razstavišče,306
b59656a4-b6e7-4b87-977c-078c59088a50,aa42017d-812a-4175-bc9b-0fec03b18931,cdabf1ea-b04c-480a-8359-72c46e6864ab,Bežigrad,411
b59656a4-b6e7-4b87-977c-078c59088a50,aa42017d-812a-4175-bc9b-0fec03b18931,717dda7e-d793-4697-8f60-b64ee8b1edc4,Gosposvetska,28
b59656a4-b6e7-4b87-977c-078c59088a50,aa42017d-812a-4175-bc9b-0fec03b18931,609f0950-bb8c-4eaf-a931-8575b8aff1ac,Savske stolpnice,433
b59656a4-b6e7-4b87-977c-078c59088a50,aa42017d-812a-4175-bc9b-0fec03b18931,295616c0-387b-4f60-a337-7743cd6be04e,Bavarski dvor,342
b59656a4-b6e7-4b87-977c-078c59088a50,aa42017d-812a-4175-bc9b-0fec03b18931,f4cfd904-bd11-4247-95df-32c4555a930f,Klinični center,23
b59656a4-b6e7-4b87-977c-078c59088a50,aa42017d-812a-4175-bc9b-0fec03b18931,fef200e9-4d98-425b-ab14-8110e2aa85d7,Drama,20
b59656a4-b6e7-4b87-977c-078c59088a50,aa42017d-812a-4175-bc9b-0fec03b18931,295616c0-387b-4f60-a337-7743cd6be04e,Bavarski dvor,12
b59656a4-b6e7-4b87-977c-078c59088a50,aa42017d-812a-4175-bc9b-0fec03b18931,88cdd36c-03d2-4374-a22f-110dd9f75ea0,Kajuhova,297
b59656a4-b6e7-4b87-977c-078c59088a50,aa42017d-812a-4175-bc9b-0fec03b18931,98fa3880-5936-4ec8-ba04-39c7ff9a0e6a,Stara cerkev,197
b59656a4-b6e7-4b87-977c-078c59088a50,aa42017d-812a-4175-bc9b-0fec03b18931,023d7b7a-b411-4e61-8746-b07f9e5c8f90,Ambrožev trg,108
b59656a4-b6e7-4b87-977c-078c59088a50,aa42017d-812a-4175-bc9b-0fec03b18931,6bd46cb7-9e5d-453a-878a-bcc38fb2a5f2,Sava,87
b59656a4-b6e7-4b87-977c-078c59088a50,aa42017d-812a-4175-bc9b-0fec03b18931,295616c0-387b-4f60-a337-7743cd6be04e,Bavarski dvor,497
b59656a4-b6e7-4b87-977c-078c59088a50,aa42017d-812a-4175-bc9b-0fec03b18931,f33b721f-a8a3-4aad-96f2-077da09ebaa6,Razstavišče,27
b59656a4-b6e7-4b87-977c-078c59088a50,aa42017d-812a-4175-bc9b-0fec03b18931,fef200e9-4d98-425b-ab14-8110e2aa85d7,Drama,67
b59656a4-b6e7-4b87-977c-078c59088a50,aa42017d-812a-4175-bc9b-0fec03b18931,295616c0-387b-4f60-a337-7743cd6be04e,Bavarski dvor,43
b59656a4-b6e7-4b87-977c-078c59088a50,aa42017d-812a-4175-bc9b-0fec03b18931,7484317c-269f-425f-8118-23eedab4e5f1,Tivoli,101
b59656a4-b6e7-4b87-977c-078c59088a50,aa42017d-812a-4175-bc9b-0fec03b18931,c87db9be-1fba-4102-a743-0ee4317dd5af,Bavarski dvor,102
b59656a4-b6e7-4b87-977c-078c59088a50,aa42017d-812a-4175-bc9b-0fec03b18931,a0e0a21b-b8ce-4d76-bbc2-04e179367fee,Šola Jarše,99
b59656a4-b6e7-4b87-977c-078c59088a50,aa42017d-812a-4175-bc9b-0fec03b18931,f33b721f-a8a3-4aad-96f2-077da09ebaa6,Razstavišče,121
b59656a4-b6e7-4b87-977c-078c59088a50,aa42017d-812a-4175-bc9b-0fec03b18931,7c149b59-2bc6-45cb-95c8-69e18a0db627,Rusjanov trg,83
b59656a4-b6e7-4b87-977c-078c59088a50,aa42017d-812a-4175-bc9b-0fec03b18931,717dda7e-d793-4697-8f60-b64ee8b1edc4,Gosposvetska,603
b59656a4-b6e7-4b87-977c-078c59088a50,aa42017d-812a-4175-bc9b-0fec03b18931,717dda7e-d793-4697-8f60-b64ee8b1edc4,Gosposvetska,24
b59656a4-b6e7-4b87-977c-078c59088a50,aa42017d-812a-4175-bc9b-0fec03b18931,fef200e9-4d98-425b-ab14-8110e2aa85d7,Drama,23
b59656a4-b6e7-4b87-977c-078c59088a50,aa42017d-812a-4175-bc9b-0fec03b18931,295616c0-387b-4f60-a337-7743cd6be04e,Bavarski dvor,67
b59656a4-b6e7-4b87-977c-078c59088a50,aa42017d-812a-4175-bc9b-0fec03b18931,f33b721f-a8a3-4aad-96f2-077da09ebaa6,Razstavišče,279
b59656a4-b6e7-4b87-977c-078c59088a50,aa42017d-812a-4175-bc9b-0fec03b18931,c5ec5e81-2ce4-452d-bd7a-595de4f8b34f,Prušnikova,46
b59656a4-b6e7-4b87-977c-078c59088a50,aa42017d-812a-4175-bc9b-0fec03b18931,295616c0-387b-4f60-a337-7743cd6be04e,Bavarski dvor,324
b59656a4-b6e7-4b87-977c-078c59088a50,aa42017d-812a-4175-bc9b-0fec03b18931,05643914-8ff7-4064-8737-2761d44a083f,Tabor,9
b59656a4-b6e7-4b87-977c-078c59088a50,aa42017d-812a-4175-bc9b-0fec03b18931,a719a87c-4e93-4387-a6d1-2631a487f7e0,Ajdovščina,359
b59656a4-b6e7-4b87-977c-078c59088a50,aa42017d-812a-4175-bc9b-0fec03b18931,717dda7e-d793-4697-8f60-b64ee8b1edc4,Gosposvetska,102
b59656a4-b6e7-4b87-977c-078c59088a50,aa42017d-812a-4175-bc9b-0fec03b18931,5d7f28a6-2a2a-4333-aa06-48edfb652f86,Pošta,21
b59656a4-b6e7-4b87-977c-078c59088a50,aa42017d-812a-4175-bc9b-0fec03b18931,N/A,N/A,660
b59656a4-b6e7-4b87-977c-078c59088a50,aa42017d-812a-4175-bc9b-0fec03b18931,c87db9be-1fba-4102-a743-0ee4317dd5af,Bavarski dvor,53
b59656a4-b6e7-4b87-977c-078c59088a50,aa42017d-812a-4175-bc9b-0fec03b18931,c87db9be-1fba-4102-a743-0ee4317dd5af,Bavarski dvor,73
b59656a4-b6e7-4b87-977c-078c59088a50,aa42017d-812a-4175-bc9b-0fec03b18931,7bcbdcaa-00b9-47d4-8982-09da26cd7bcb,Zaloška,55
b59656a4-b6e7-4b87-977c-078c59088a50,aa42017d-812a-4175-bc9b-0fec03b18931,5d7f28a6-2a2a-4333-aa06-48edfb652f86,Pošta,67
b59656a4-b6e7-4b87-977c-078c59088a50,aa42017d-812a-4175-bc9b-0fec03b18931,c87db9be-1fba-4102-a743-0ee4317dd5af,Bavarski dvor,365
b59656a4-b6e7-4b87-977c-078c59088a50,aa42017d-812a-4175-bc9b-0fec03b18931,717dda7e-d793-4697-8f60-b64ee8b1edc4,Gosposvetska,180
b59656a4-b6e7-4b87-977c-078c59088a50,aa42017d-812a-4175-bc9b-0fec03b18931,a719a87c-4e93-4387-a6d1-2631a487f7e0,Ajdovščina,169
b59656a4-b6e7-4b87-977c-078c59088a50,aa42017d-812a-4175-bc9b-0fec03b18931,223f660b-c391-4120-bf3c-7bf06781686b,Tovorni kolodvor,43
b59656a4-b6e7-4b87-977c-078c59088a50,aa42017d-812a-4175-bc9b-0fec03b18931,c87db9be-1fba-4102-a743-0ee4317dd5af,Bavarski dvor,137
b59656a4-b6e7-4b87-977c-078c59088a50,aa42017d-812a-4175-bc9b-0fec03b18931,fef200e9-4d98-425b-ab14-8110e2aa85d7,Drama,86
b59656a4-b6e7-4b87-977c-078c59088a50,aa42017d-812a-4175-bc9b-0fec03b18931,f33b721f-a8a3-4aad-96f2-077da09ebaa6,Razstavišče,314
b59656a4-b6e7-4b87-977c-078c59088a50,aa42017d-812a-4175-bc9b-0fec03b18931,21764d19-62cc-49fd-bac9-403aeac6a6b9,Ježica,82
b59656a4-b6e7-4b87-977c-078c59088a50,aa42017d-812a-4175-bc9b-0fec03b18931,295616c0-387b-4f60-a337-7743cd6be04e,Bavarski dvor,238
b59656a4-b6e7-4b87-977c-078c59088a50,aa42017d-812a-4175-bc9b-0fec03b18931,295616c0-387b-4f60-a337-7743cd6be04e,Bavarski dvor,349
b59656a4-b6e7-4b87-977c-078c59088a50,aa42017d-812a-4175-bc9b-0fec03b18931,N/A,N/A,660
b59656a4-b6e7-4b87-977c-078c59088a50,aa42017d-812a-4175-bc9b-0fec03b18931,a0b1fb90-3f6a-4231-910a-18be192ac762,Flajšmanova,34
b59656a4-b6e7-4b87-977c-078c59088a50,aa42017d-812a-4175-bc9b-0fec03b18931,fef200e9-4d98-425b-ab14-8110e2aa85d7,Drama,31
b59656a4-b6e7-4b87-977c-078c59088a50,aa42017d-812a-4175-bc9b-0fec03b18931,f33b721f-a8a3-4aad-96f2-077da09ebaa6,Razstavišče,7
b59656a4-b6e7-4b87-977c-078c59088a50,aa42017d-812a-4175-bc9b-0fec03b18931,a2ce7e6f-0f99-443a-a973-81a0b9c60261,Astra,138
b59656a4-b6e7-4b87-977c-078c59088a50,aa42017d-812a-4175-bc9b-0fec03b18931,484b5c91-1220-43ba-af79-84e712fcc46b,Slovenija avto,106
b59656a4-b6e7-4b87-977c-078c59088a50,aa42017d-812a-4175-bc9b-0fec03b18931,a2ce7e6f-0f99-443a-a973-81a0b9c60261,Astra,15
b59656a4-b6e7-4b87-977c-078c59088a50,aa42017d-812a-4175-bc9b-0fec03b18931,7eb88e01-82e9-4af4-84d0-69c6ea9dc82c,Kolodvor,60
b59656a4-b6e7-4b87-977c-078c59088a50,aa42017d-812a-4175-bc9b-0fec03b18931,295616c0-387b-4f60-a337-7743cd6be04e,Bavarski dvor,35
b59656a4-b6e7-4b87-977c-078c59088a50,aa42017d-812a-4175-bc9b-0fec03b18931,7fad8003-fb10-489d-bf8d-6d433310ad90,Nove Jarše,385
b59656a4-b6e7-4b87-977c-078c59088a50,aa42017d-812a-4175-bc9b-0fec03b18931,cdabf1ea-b04c-480a-8359-72c46e6864ab,Bežigrad,38
b59656a4-b6e7-4b87-977c-078c59088a50,aa42017d-812a-4175-bc9b-0fec03b18931,fef200e9-4d98-425b-ab14-8110e2aa85d7,Drama,121
b59656a4-b6e7-4b87-977c-078c59088a50,aa42017d-812a-4175-bc9b-0fec03b18931,fef200e9-4d98-425b-ab14-8110e2aa85d7,Drama,20
b59656a4-b6e7-4b87-977c-078c59088a50,aa42017d-812a-4175-bc9b-0fec03b18931,86a75ffc-a78f-401f-8991-2eb0371417b2,Studenec,283
b59656a4-b6e7-4b87-977c-078c59088a50,aa42017d-812a-4175-bc9b-0fec03b18931,c5ec5e81-2ce4-452d-bd7a-595de4f8b34f,Prušnikova,7
b59656a4-b6e7-4b87-977c-078c59088a50,aa42017d-812a-4175-bc9b-0fec03b18931,1ce1c3a8-e0f6-4f90-b1aa-1448759d8b3c,Astra,20
b59656a4-b6e7-4b87-977c-078c59088a50,aa42017d-812a-4175-bc9b-0fec03b18931,7fad8003-fb10-489d-bf8d-6d433310ad90,Nove Jarše,13
b59656a4-b6e7-4b87-977c-078c59088a50,aa42017d-812a-4175-bc9b-0fec03b18931,295616c0-387b-4f60-a337-7743cd6be04e,Bavarski dvor,146
b59656a4-b6e7-4b87-977c-078c59088a50,aa42017d-812a-4175-bc9b-0fec03b18931,295616c0-387b-4f60-a337-7743cd6be04e,Bavarski dvor,303
b59656a4-b6e7-4b87-977c-078c59088a50,aa42017d-812a-4175-bc9b-0fec03b18931,fef200e9-4d98-425b-ab14-8110e2aa85d7,Drama,243
b59656a4-b6e7-4b87-977c-078c59088a50,aa42017d-812a-4175-bc9b-0fec03b18931,c87db9be-1fba-4102-a743-0ee4317dd5af,Bavarski dvor,141
b59656a4-b6e7-4b87-977c-078c59088a50,aa42017d-812a-4175-bc9b-0fec03b18931,c87db9be-1fba-4102-a743-0ee4317dd5af,Bavarski dvor,143
b59656a4-b6e7-4b87-977c-078c59088a50,aa42017d-812a-4175-bc9b-0fec03b18931,dfde6478-02b5-471b-a470-29cb0e84542f,Slovenija avto,359
b59656a4-b6e7-4b87-977c-078c59088a50,aa42017d-812a-4175-bc9b-0fec03b18931,c87db9be-1fba-4102-a743-0ee4317dd5af,Bavarski dvor,234
b59656a4-b6e7-4b87-977c-078c59088a50,aa42017d-812a-4175-bc9b-0fec03b18931,6182f8e8-c45e-4606-b4a4-d909bd44d2cc,Gornji trg,232
b59656a4-b6e7-4b87-977c-078c59088a50,aa42017d-812a-4175-bc9b-0fec03b18931,a719a87c-4e93-4387-a6d1-2631a487f7e0,Ajdovščina,319
b59656a4-b6e7-4b87-977c-078c59088a50,aa42017d-812a-4175-bc9b-0fec03b18931,6a89c110-a0f8-4b1a-87f0-33f49c0a658e,Šola Jarše,391
b59656a4-b6e7-4b87-977c-078c59088a50,aa42017d-812a-4175-bc9b-0fec03b18931,6a89c110-a0f8-4b1a-87f0-33f49c0a658e,Šola Jarše,564
b59656a4-b6e7-4b87-977c-078c59088a50,aa42017d-812a-4175-bc9b-0fec03b18931,295616c0-387b-4f60-a337-7743cd6be04e,Bavarski dvor,271
b59656a4-b6e7-4b87-977c-078c59088a50,aa42017d-812a-4175-bc9b-0fec03b18931,6a89c110-a0f8-4b1a-87f0-33f49c0a658e,Šola Jarše,419
b59656a4-b6e7-4b87-977c-078c59088a50,aa42017d-812a-4175-bc9b-0fec03b18931,5d7f28a6-2a2a-4333-aa06-48edfb652f86,Pošta,70
b59656a4-b6e7-4b87-977c-078c59088a50,aa42017d-812a-4175-bc9b-0fec03b18931,717dda7e-d793-4697-8f60-b64ee8b1edc4,Gosposvetska,333
b59656a4-b6e7-4b87-977c-078c59088a50,aa42017d-812a-4175-bc9b-0fec03b18931,295616c0-387b-4f60-a337-7743cd6be04e,Bavarski dvor,101
b59656a4-b6e7-4b87-977c-078c59088a50,aa42017d-812a-4175-bc9b-0fec03b18931,77dcd833-fa4d-4c5a-93b1-31284942e61d,Šišenska,637
b59656a4-b6e7-4b87-977c-078c59088a50,aa42017d-812a-4175-bc9b-0fec03b18931,1ce1c3a8-e0f6-4f90-b1aa-1448759d8b3c,Astra,101
b59656a4-b6e7-4b87-977c-078c59088a50,aa42017d-812a-4175-bc9b-0fec03b18931,f33b721f-a8a3-4aad-96f2-077da09ebaa6,Razstavišče,34
b59656a4-b6e7-4b87-977c-078c59088a50,aa42017d-812a-4175-bc9b-0fec03b18931,98fa3880-5936-4ec8-ba04-39c7ff9a0e6a,Stara cerkev,35
b59656a4-b6e7-4b87-977c-078c59088a50,aa42017d-812a-4175-bc9b-0fec03b18931,295616c0-387b-4f60-a337-7743cd6be04e,Bavarski dvor,151
b59656a4-b6e7-4b87-977c-078c59088a50,aa42017d-812a-4175-bc9b-0fec03b18931,88cdd36c-03d2-4374-a22f-110dd9f75ea0,Kajuhova,122
b59656a4-b6e7-4b87-977c-078c59088a50,aa42017d-812a-4175-bc9b-0fec03b18931,f33b721f-a8a3-4aad-96f2-077da09ebaa6,Razstavišče,136
b59656a4-b6e7-4b87-977c-078c59088a50,aa42017d-812a-4175-bc9b-0fec03b18931,5de84f88-3f32-4636-8c30-03cc267ecf37,Podvozna pot,15
b59656a4-b6e7-4b87-977c-078c59088a50,aa42017d-812a-4175-bc9b-0fec03b18931,c87db9be-1fba-4102-a743-0ee4317dd5af,Bavarski dvor,130
b59656a4-b6e7-4b87-977c-078c59088a50,aa42017d-812a-4175-bc9b-0fec03b18931,a719a87c-4e93-4387-a6d1-2631a487f7e0,Ajdovščina,223
b59656a4-b6e7-4b87-977c-078c59088a50,aa42017d-812a-4175-bc9b-0fec03b18931,7c149b59-2bc6-45cb-95c8-69e18a0db627,Rusjanov trg,29
b59656a4-b6e7-4b87-977c-078c59088a50,aa42017d-812a-4175-bc9b-0fec03b18931,5d7f28a6-2a2a-4333-aa06-48edfb652f86,Pošta,269
b59656a4-b6e7-4b87-977c-078c59088a50,aa42017d-812a-4175-bc9b-0fec03b18931,c5ec5e81-2ce4-452d-bd7a-595de4f8b34f,Prušnikova,300
b59656a4-b6e7-4b87-977c-078c59088a50,aa42017d-812a-4175-bc9b-0fec03b18931,a2ce7e6f-0f99-443a-a973-81a0b9c60261,Astra,19
b59656a4-b6e7-4b87-977c-078c59088a50,aa42017d-812a-4175-bc9b-0fec03b18931,c87db9be-1fba-4102-a743-0ee4317dd5af,Bavarski dvor,535
b59656a4-b6e7-4b87-977c-078c59088a50,aa42017d-812a-4175-bc9b-0fec03b18931,fef200e9-4d98-425b-ab14-8110e2aa85d7,Drama,411
b59656a4-b6e7-4b87-977c-078c59088a50,aa42017d-812a-4175-bc9b-0fec03b18931,cee2862b-9b70-4880-8fa3-16c6d2efae1b,AMZS,49
b59656a4-b6e7-4b87-977c-078c59088a50,aa42017d-812a-4175-bc9b-0fec03b18931,98fa3880-5936-4ec8-ba04-39c7ff9a0e6a,Stara cerkev,515
b59656a4-b6e7-4b87-977c-078c59088a50,aa42017d-812a-4175-bc9b-0fec03b18931,c87db9be-1fba-4102-a743-0ee4317dd5af,Bavarski dvor,272
b59656a4-b6e7-4b87-977c-078c59088a50,aa42017d-812a-4175-bc9b-0fec03b18931,484b5c91-1220-43ba-af79-84e712fcc46b,Slovenija avto,419
b59656a4-b6e7-4b87-977c-078c59088a50,aa42017d-812a-4175-bc9b-0fec03b18931,295616c0-387b-4f60-a337-7743cd6be04e,Bavarski dvor,131
b59656a4-b6e7-4b87-977c-078c59088a50,aa42017d-812a-4175-bc9b-0fec03b18931,a719a87c-4e93-4387-a6d1-2631a487f7e0,Ajdovščina,14
b59656a4-b6e7-4b87-977c-078c59088a50,aa42017d-812a-4175-bc9b-0fec03b18931,c87db9be-1fba-4102-a743-0ee4317dd5af,Bavarski dvor,149
b59656a4-b6e7-4b87-977c-078c59088a50,aa42017d-812a-4175-bc9b-0fec03b18931,eb165f50-9c43-4b09-9658-469a16d3dc83,Kodeljevo,225
b59656a4-b6e7-4b87-977c-078c59088a50,aa42017d-812a-4175-bc9b-0fec03b18931,c87db9be-1fba-4102-a743-0ee4317dd5af,Bavarski dvor,69
b59656a4-b6e7-4b87-977c-078c59088a50,aa42017d-812a-4175-bc9b-0fec03b18931,81f21fc1-3bd2-4d2a-b563-2d063479c68e,Štepanja vas,158
b59656a4-b6e7-4b87-977c-078c59088a50,aa42017d-812a-4175-bc9b-0fec03b18931,e6f5183b-c615-4f47-b4fb-204ee070e825,Bežigrad,404
b59656a4-b6e7-4b87-977c-078c59088a50,aa42017d-812a-4175-bc9b-0fec03b18931,c87db9be-1fba-4102-a743-0ee4317dd5af,Bavarski dvor,322
b59656a4-b6e7-4b87-977c-078c59088a50,aa42017d-812a-4175-bc9b-0fec03b18931,1b3ddeca-a066-43ee-9ae5-8339628129c2,Žale,17
b59656a4-b6e7-4b87-977c-078c59088a50,aa42017d-812a-4175-bc9b-0fec03b18931,484b5c91-1220-43ba-af79-84e712fcc46b,Slovenija avto,54
b59656a4-b6e7-4b87-977c-078c59088a50,aa42017d-812a-4175-bc9b-0fec03b18931,a719a87c-4e93-4387-a6d1-2631a487f7e0,Ajdovščina,155
b59656a4-b6e7-4b87-977c-078c59088a50,aa42017d-812a-4175-bc9b-0fec03b18931,9cfac7e2-9653-4e52-a6d3-27756d27f817,Kino Šiška,35
b59656a4-b6e7-4b87-977c-078c59088a50,aa42017d-812a-4175-bc9b-0fec03b18931,9cfac7e2-9653-4e52-a6d3-27756d27f817,Kino Šiška,292
b59656a4-b6e7-4b87-977c-078c59088a50,aa42017d-812a-4175-bc9b-0fec03b18931,fef200e9-4d98-425b-ab14-8110e2aa85d7,Drama,32
b59656a4-b6e7-4b87-977c-078c59088a50,aa42017d-812a-4175-bc9b-0fec03b18931,c87db9be-1fba-4102-a743-0ee4317dd5af,Bavarski dvor,144
b59656a4-b6e7-4b87-977c-078c59088a50,aa42017d-812a-4175-bc9b-0fec03b18931,c87db9be-1fba-4102-a743-0ee4317dd5af,Bavarski dvor,261
b59656a4-b6e7-4b87-977c-078c59088a50,aa42017d-812a-4175-bc9b-0fec03b18931,484b5c91-1220-43ba-af79-84e712fcc46b,Slovenija avto,526
b59656a4-b6e7-4b87-977c-078c59088a50,aa42017d-812a-4175-bc9b-0fec03b18931,9a1c4c65-df77-481f-87ad-56143f02a864,Vižmarje,88
b59656a4-b6e7-4b87-977c-078c59088a50,aa42017d-812a-4175-bc9b-0fec03b18931,7fa32ea0-e884-435a-a81c-51bbd5cedf3e,Zaloška,19
b59656a4-b6e7-4b87-977c-078c59088a50,aa42017d-812a-4175-bc9b-0fec03b18931,295616c0-387b-4f60-a337-7743cd6be04e,Bavarski dvor,14
b59656a4-b6e7-4b87-977c-078c59088a50,aa42017d-812a-4175-bc9b-0fec03b18931,c87db9be-1fba-4102-a743-0ee4317dd5af,Bavarski dvor,163
b59656a4-b6e7-4b87-977c-078c59088a50,aa42017d-812a-4175-bc9b-0fec03b18931,295616c0-387b-4f60-a337-7743cd6be04e,Bavarski dvor,69
b59656a4-b6e7-4b87-977c-078c59088a50,aa42017d-812a-4175-bc9b-0fec03b18931,454817d3-3750-49c7-994c-14d06fd2c634,Žale,46
b59656a4-b6e7-4b87-977c-078c59088a50,aa42017d-812a-4175-bc9b-0fec03b18931,717dda7e-d793-4697-8f60-b64ee8b1edc4,Gosposvetska,341
b59656a4-b6e7-4b87-977c-078c59088a50,aa42017d-812a-4175-bc9b-0fec03b18931,48b163cd-b819-4849-aee1-8b1da77657ab,Šentvid,242
b59656a4-b6e7-4b87-977c-078c59088a50,aa42017d-812a-4175-bc9b-0fec03b18931,a719a87c-4e93-4387-a6d1-2631a487f7e0,Ajdovščina,146
b59656a4-b6e7-4b87-977c-078c59088a50,aa42017d-812a-4175-bc9b-0fec03b18931,7bcbdcaa-00b9-47d4-8982-09da26cd7bcb,Zaloška,12
