zacetek_A,zacetek_B,srecanje_id,srecanje_ime,stevilo_korakov
7484317c-269f-425f-8118-23eedab4e5f1,48507e1a-32df-4552-9448-3b345760b75f,c22879e5-8e90-4540-9a74-5f139208e492,Friškovec,44
38b3abed-0592-407b-96c3-85a026f2e192,f4cfd904-bd11-4247-95df-32c4555a930f,f33b721f-a8a3-4aad-96f2-077da09ebaa6,Razstavišče,36
fb7704f0-d31e-4561-83e4-621a8c62654b,609f0950-bb8c-4eaf-a931-8575b8aff1ac,eb165f50-9c43-4b09-9658-469a16d3dc83,Kodeljevo,122
47637057-8d6a-4cf9-bd56-3ac90748fcc4,38b3abed-0592-407b-96c3-85a026f2e192,a719a87c-4e93-4387-a6d1-2631a487f7e0,Ajdovščina,59
d98335a0-1291-4d4c-be62-16b11c356575,3edd6057-3847-4c42-b8ec-6e89ff95793a,a719a87c-4e93-4387-a6d1-2631a487f7e0,Ajdovščina,86
379bc761-04b5-4227-be76-3b870fe3e69f,0dc86a8f-0f41-44c7-978c-e06cb63cbbcf,cee2862b-9b70-4880-8fa3-16c6d2efae1b,AMZS,138
609f0950-bb8c-4eaf-a931-8575b8aff1ac,a7177a3d-8db2-43fb-8910-f95857f0ed97,N/A,N/A,660
c22879e5-8e90-4540-9a74-5f139208e492,c87db9be-1fba-4102-a743-0ee4317dd5af,7fad8003-fb10-489d-bf8d-6d433310ad90,Nove Jarše,102
12304b99-9a07-485a-a101-eaca90495d48,4ca7ae7e-380b-45e3-81de-00ffab5bb531,717dda7e-d793-4697-8f60-b64ee8b1edc4,Gosposvetska,50
81f21fc1-3bd2-4d2a-b563-2d063479c68e,db13a26e-19d4-4b8a-a78a-01ef25d58834,fef200e9-4d98-425b-ab14-8110e2aa85d7,Drama,40
3c6ebf90-c611-4535-b2b0-22fba3f7649a,98fa3880-5936-4ec8-ba04-39c7ff9a0e6a,ecc4ae87-ae08-4b94-995c-452fdd94df7f,Privoz,95
2f18bcfa-6189-4de4-b06f-132d3392e7d6,3fbf6322-fb74-4a50-a81a-bfca73abc26b,fef200e9-4d98-425b-ab14-8110e2aa85d7,Drama,83
3edd6057-3847-4c42-b8ec-6e89ff95793a,e786b2df-34ed-4246-832e-7c3d538ac1f4,e6f5183b-c615-4f47-b4fb-204ee070e825,Bežigrad,67
1eadcdb9-60cd-47c9-8eec-527c3465a685,7fad8003-fb10-489d-bf8d-6d433310ad90,cdabf1ea-b04c-480a-8359-72c46e6864ab,Bežigrad,241
86a75ffc-a78f-401f-8991-2eb0371417b2,21764d19-62cc-49fd-bac9-403aeac6a6b9,a2ce7e6f-0f99-443a-a973-81a0b9c60261,Astra,187
a2ce7e6f-0f99-443a-a973-81a0b9c60261,47a3bd8a-72ae-4e20-b43f-10bfaf49012c,9b0074d2-2c92-4c01-830b-00be8e05b412,Cukrarna,138
e786b2df-34ed-4246-832e-7c3d538ac1f4,f4cfd904-bd11-4247-95df-32c4555a930f,5d7f28a6-2a2a-4333-aa06-48edfb652f86,Pošta,24
6559d555-672b-4633-8a81-0ae68fb963eb,f14a6236-8af2-47bf-9270-432377662a63,295616c0-387b-4f60-a337-7743cd6be04e,Bavarski dvor,305
c22879e5-8e90-4540-9a74-5f139208e492,ecc4ae87-ae08-4b94-995c-452fdd94df7f,c87db9be-1fba-4102-a743-0ee4317dd5af,Bavarski dvor,23
38b3abed-0592-407b-96c3-85a026f2e192,77dcd833-fa4d-4c5a-93b1-31284942e61d,ac3afe7d-a2b3-4d5d-9e6a-1d2412a3bc70,Litostrojska,243
48b163cd-b819-4849-aee1-8b1da77657ab,9746f277-af08-4cce-92fa-41da5eca8ac2,dfde6478-02b5-471b-a470-29cb0e84542f,Slovenija avto,425
38b3abed-0592-407b-96c3-85a026f2e192,3fbf6322-fb74-4a50-a81a-bfca73abc26b,f33b721f-a8a3-4aad-96f2-077da09ebaa6,Razstavišče,464
a0e0a21b-b8ce-4d76-bbc2-04e179367fee,3fbf6322-fb74-4a50-a81a-bfca73abc26b,a0e0a21b-b8ce-4d76-bbc2-04e179367fee,Šola Jarše,102
4e8ccfa1-b58c-4ee1-ad82-2e8a645071f3,295616c0-387b-4f60-a337-7743cd6be04e,1b3ddeca-a066-43ee-9ae5-8339628129c2,Žale,8
1dc99fbb-5496-4aab-a4b6-32e653ccc789,1eadcdb9-60cd-47c9-8eec-527c3465a685,c87db9be-1fba-4102-a743-0ee4317dd5af,Bavarski dvor,308
0dc86a8f-0f41-44c7-978c-e06cb63cbbcf,47637057-8d6a-4cf9-bd56-3ac90748fcc4,fb7704f0-d31e-4561-83e4-621a8c62654b,Kosmačeva,46
58db973d-ecbb-4aa6-a56c-c26aaff7f263,c87db9be-1fba-4102-a743-0ee4317dd5af,7fad8003-fb10-489d-bf8d-6d433310ad90,Nove Jarše,213
1b3ddeca-a066-43ee-9ae5-8339628129c2,91fb6c6e-49cf-49d3-97d4-6ae228f9bfa1,c87db9be-1fba-4102-a743-0ee4317dd5af,Bavarski dvor,238
e468b92f-fa4a-4819-bb11-37761deaf4ca,cee2862b-9b70-4880-8fa3-16c6d2efae1b,fef200e9-4d98-425b-ab14-8110e2aa85d7,Drama,146
609f0950-bb8c-4eaf-a931-8575b8aff1ac,ac3afe7d-a2b3-4d5d-9e6a-1d2412a3bc70,f33b721f-a8a3-4aad-96f2-077da09ebaa6,Razstavišče,191
294c40c4-18e4-4d92-a947-911a8623de89,6a89c110-a0f8-4b1a-87f0-33f49c0a658e,7fad8003-fb10-489d-bf8d-6d433310ad90,Nove Jarše,272
91fb6c6e-49cf-49d3-97d4-6ae228f9bfa1,ecc4ae87-ae08-4b94-995c-452fdd94df7f,f33b721f-a8a3-4aad-96f2-077da09ebaa6,Razstavišče,174
77dcd833-fa4d-4c5a-93b1-31284942e61d,1eadcdb9-60cd-47c9-8eec-527c3465a685,cdabf1ea-b04c-480a-8359-72c46e6864ab,Bežigrad,567
4d216485-ef41-45e7-9182-0c254644955c,d98335a0-1291-4d4c-be62-16b11c356575,c87db9be-1fba-4102-a743-0ee4317dd5af,Bavarski dvor,339
a0b1fb90-3f6a-4231-910a-18be192ac762,b59656a4-b6e7-4b87-977c-078c59088a50,484b5c91-1220-43ba-af79-84e712fcc46b,Slovenija avto,322
023d7b7a-b411-4e61-8746-b07f9e5c8f90,f15ddf31-fc11-41ba-988d-376c83e38f58,fef200e9-4d98-425b-ab14-8110e2aa85d7,Drama,259
1e157c31-d34d-4c2e-91b4-8c000c88f6dd,1b0f629f-acdb-4e94-8c54-018f4334ebf7,21764d19-62cc-49fd-bac9-403aeac6a6b9,Ježica,487
7484317c-269f-425f-8118-23eedab4e5f1,d4c51b31-46fd-4da8-ba15-8068e666d483,fef200e9-4d98-425b-ab14-8110e2aa85d7,Drama,6
9cfac7e2-9653-4e52-a6d3-27756d27f817,0dc86a8f-0f41-44c7-978c-e06cb63cbbcf,fef200e9-4d98-425b-ab14-8110e2aa85d7,Drama,55
9e109242-5aad-4fb7-b0c8-576eef8aa4e0,3c6ebf90-c611-4535-b2b0-22fba3f7649a,f33b721f-a8a3-4aad-96f2-077da09ebaa6,Razstavišče,99
ac3afe7d-a2b3-4d5d-9e6a-1d2412a3bc70,8598b85d-3e1d-4767-b72f-0c209038841f,aa42017d-812a-4175-bc9b-0fec03b18931,Ambrožev trg,587
aa42017d-812a-4175-bc9b-0fec03b18931,47637057-8d6a-4cf9-bd56-3ac90748fcc4,N/A,N/A,660
1dc99fbb-5496-4aab-a4b6-32e653ccc789,58db973d-ecbb-4aa6-a56c-c26aaff7f263,5d7f28a6-2a2a-4333-aa06-48edfb652f86,Pošta,407
1b3ddeca-a066-43ee-9ae5-8339628129c2,294c40c4-18e4-4d92-a947-911a8623de89,295616c0-387b-4f60-a337-7743cd6be04e,Bavarski dvor,55
c87db9be-1fba-4102-a743-0ee4317dd5af,4ca7ae7e-380b-45e3-81de-00ffab5bb531,c87db9be-1fba-4102-a743-0ee4317dd5af,Bavarski dvor,93
2f874852-bc80-4ff3-b6bf-a914e31251c8,7484317c-269f-425f-8118-23eedab4e5f1,a719a87c-4e93-4387-a6d1-2631a487f7e0,Ajdovščina,56
f15ddf31-fc11-41ba-988d-376c83e38f58,1035c6f7-304e-4329-a3b2-4eb5d985a577,093afa81-b65f-4182-bac3-afbc00558a9b,Koseze,131
1505c6fe-6080-424e-98d1-24c312cfacf3,a7177a3d-8db2-43fb-8910-f95857f0ed97,N/A,N/A,660
c0ff37c8-ac6c-4284-ad32-0ad29fd30dc2,6edebb46-d04f-45c4-99a4-100f7f0b2660,cee2862b-9b70-4880-8fa3-16c6d2efae1b,AMZS,82
7fad8003-fb10-489d-bf8d-6d433310ad90,ef31a8be-b01d-44cd-95cf-3db8e918af26,aa42017d-812a-4175-bc9b-0fec03b18931,Ambrožev trg,61
6182f8e8-c45e-4606-b4a4-d909bd44d2cc,2f18bcfa-6189-4de4-b06f-132d3392e7d6,f33b721f-a8a3-4aad-96f2-077da09ebaa6,Razstavišče,201
77dcd833-fa4d-4c5a-93b1-31284942e61d,609f0950-bb8c-4eaf-a931-8575b8aff1ac,f2b27cbd-5207-4281-8f67-6369d0c50a9b,Kodrova,16
2ec182e2-769f-427f-b9b5-c4118890cb96,277bc73c-e61d-4046-bcfd-31d6161c568e,295616c0-387b-4f60-a337-7743cd6be04e,Bavarski dvor,34
88cdd36c-03d2-4374-a22f-110dd9f75ea0,ecc4ae87-ae08-4b94-995c-452fdd94df7f,4d216485-ef41-45e7-9182-0c254644955c,Sava,32
cee2862b-9b70-4880-8fa3-16c6d2efae1b,ecc4ae87-ae08-4b94-995c-452fdd94df7f,98fa3880-5936-4ec8-ba04-39c7ff9a0e6a,Stara cerkev,542
8512e1be-4637-483b-a3e6-78ccc6d2c5b1,923bd774-0651-4e0a-8624-3acfb7ecd5ff,a719a87c-4e93-4387-a6d1-2631a487f7e0,Ajdovščina,16
21764d19-62cc-49fd-bac9-403aeac6a6b9,9bd3ee10-bc61-44e8-8cf3-a37cffd54da0,fef200e9-4d98-425b-ab14-8110e2aa85d7,Drama,243
f14a6236-8af2-47bf-9270-432377662a63,86a75ffc-a78f-401f-8991-2eb0371417b2,cdabf1ea-b04c-480a-8359-72c46e6864ab,Bežigrad,272
8512e1be-4637-483b-a3e6-78ccc6d2c5b1,21764d19-62cc-49fd-bac9-403aeac6a6b9,fef200e9-4d98-425b-ab14-8110e2aa85d7,Drama,190
8512e1be-4637-483b-a3e6-78ccc6d2c5b1,35aedf45-cca3-4f2f-931b-138d29d20fe9,7fad8003-fb10-489d-bf8d-6d433310ad90,Nove Jarše,54
9746f277-af08-4cce-92fa-41da5eca8ac2,c627c9f2-af02-4d83-969a-566719bb09e3,f33b721f-a8a3-4aad-96f2-077da09ebaa6,Razstavišče,59
ecc4ae87-ae08-4b94-995c-452fdd94df7f,9b0074d2-2c92-4c01-830b-00be8e05b412,5d7f28a6-2a2a-4333-aa06-48edfb652f86,Pošta,90
e0bcd677-6012-4c90-a884-44dffafdffec,dfde6478-02b5-471b-a470-29cb0e84542f,7fa32ea0-e884-435a-a81c-51bbd5cedf3e,Zaloška,114
0be237aa-4b91-4d2b-ac23-0cebac975a0d,6a89c110-a0f8-4b1a-87f0-33f49c0a658e,c87db9be-1fba-4102-a743-0ee4317dd5af,Bavarski dvor,91
ac3afe7d-a2b3-4d5d-9e6a-1d2412a3bc70,d98335a0-1291-4d4c-be62-16b11c356575,5d7f28a6-2a2a-4333-aa06-48edfb652f86,Pošta,459
1b0f629f-acdb-4e94-8c54-018f4334ebf7,9a1c4c65-df77-481f-87ad-56143f02a864,cdabf1ea-b04c-480a-8359-72c46e6864ab,Bežigrad,39
05643914-8ff7-4064-8737-2761d44a083f,0b4a072e-6c2d-4c71-ab80-2b7142df81de,295616c0-387b-4f60-a337-7743cd6be04e,Bavarski dvor,363
4ca7ae7e-380b-45e3-81de-00ffab5bb531,717dda7e-d793-4697-8f60-b64ee8b1edc4,b59656a4-b6e7-4b87-977c-078c59088a50,Hajdrihova,504
fb0042f8-d9e2-4916-b60a-38a026acf0c9,cdabf1ea-b04c-480a-8359-72c46e6864ab,1b3ddeca-a066-43ee-9ae5-8339628129c2,Žale,365
ef31a8be-b01d-44cd-95cf-3db8e918af26,3edd6057-3847-4c42-b8ec-6e89ff95793a,295616c0-387b-4f60-a337-7743cd6be04e,Bavarski dvor,129
2f874852-bc80-4ff3-b6bf-a914e31251c8,80c65758-5f25-4003-8d55-10ff96fe8310,9cfac7e2-9653-4e52-a6d3-27756d27f817,Kino Šiška,40
96d4c75b-6452-4c70-a31e-c234262ba38b,277bc73c-e61d-4046-bcfd-31d6161c568e,4ca7ae7e-380b-45e3-81de-00ffab5bb531,Yulon,190
35aedf45-cca3-4f2f-931b-138d29d20fe9,dfde6478-02b5-471b-a470-29cb0e84542f,bc66f88b-1412-44cb-b921-030d27335261,Sneberje,148
1eadcdb9-60cd-47c9-8eec-527c3465a685,db13a26e-19d4-4b8a-a78a-01ef25d58834,fef200e9-4d98-425b-ab14-8110e2aa85d7,Drama,72
e0bcd677-6012-4c90-a884-44dffafdffec,e6f5183b-c615-4f47-b4fb-204ee070e825,379bc761-04b5-4227-be76-3b870fe3e69f,Pot na Fužine,221
7fad8003-fb10-489d-bf8d-6d433310ad90,7484317c-269f-425f-8118-23eedab4e5f1,a719a87c-4e93-4387-a6d1-2631a487f7e0,Ajdovščina,438
eb165f50-9c43-4b09-9658-469a16d3dc83,6559d555-672b-4633-8a81-0ae68fb963eb,81f21fc1-3bd2-4d2a-b563-2d063479c68e,Štepanja vas,3
484b5c91-1220-43ba-af79-84e712fcc46b,6559d555-672b-4633-8a81-0ae68fb963eb,c87db9be-1fba-4102-a743-0ee4317dd5af,Bavarski dvor,12
d98335a0-1291-4d4c-be62-16b11c356575,e786b2df-34ed-4246-832e-7c3d538ac1f4,3c6ebf90-c611-4535-b2b0-22fba3f7649a,Štajerska,352
9e109242-5aad-4fb7-b0c8-576eef8aa4e0,8eeea585-6168-45b8-a5d4-336e61826043,717dda7e-d793-4697-8f60-b64ee8b1edc4,Gosposvetska,27
f4cfd904-bd11-4247-95df-32c4555a930f,5de6ff80-1352-43df-b5ec-1df59f2f492b,a719a87c-4e93-4387-a6d1-2631a487f7e0,Ajdovščina,29
9cfac7e2-9653-4e52-a6d3-27756d27f817,eb165f50-9c43-4b09-9658-469a16d3dc83,a719a87c-4e93-4387-a6d1-2631a487f7e0,Ajdovščina,89
f4cfd904-bd11-4247-95df-32c4555a930f,3c6ebf90-c611-4535-b2b0-22fba3f7649a,a719a87c-4e93-4387-a6d1-2631a487f7e0,Ajdovščina,48
609f0950-bb8c-4eaf-a931-8575b8aff1ac,a0b1fb90-3f6a-4231-910a-18be192ac762,c87db9be-1fba-4102-a743-0ee4317dd5af,Bavarski dvor,222
bc66f88b-1412-44cb-b921-030d27335261,c87db9be-1fba-4102-a743-0ee4317dd5af,f2b27cbd-5207-4281-8f67-6369d0c50a9b,Kodrova,92
6459bd02-d8f8-413e-9402-10b916f09a4f,271db19a-744b-41a0-869d-0c3e0e2cb6bf,ef31a8be-b01d-44cd-95cf-3db8e918af26,Emona,6
8589e5d1-21b4-4210-ad7a-4bf91f9a715d,bc66f88b-1412-44cb-b921-030d27335261,c22879e5-8e90-4540-9a74-5f139208e492,Friškovec,17
aa42017d-812a-4175-bc9b-0fec03b18931,ab987eb0-c970-4577-8db9-0cd507a6cab6,7fad8003-fb10-489d-bf8d-6d433310ad90,Nove Jarše,57
a2ce7e6f-0f99-443a-a973-81a0b9c60261,c5ec5e81-2ce4-452d-bd7a-595de4f8b34f,a0e0a21b-b8ce-4d76-bbc2-04e179367fee,Šola Jarše,312
484b5c91-1220-43ba-af79-84e712fcc46b,9b0074d2-2c92-4c01-830b-00be8e05b412,023d7b7a-b411-4e61-8746-b07f9e5c8f90,Ambrožev trg,104
1dc99fbb-5496-4aab-a4b6-32e653ccc789,5de6ff80-1352-43df-b5ec-1df59f2f492b,cdabf1ea-b04c-480a-8359-72c46e6864ab,Bežigrad,264
59ee5f7d-476b-4958-a922-2040a9308f3b,9e109242-5aad-4fb7-b0c8-576eef8aa4e0,a0e0a21b-b8ce-4d76-bbc2-04e179367fee,Šola Jarše,116
48b163cd-b819-4849-aee1-8b1da77657ab,9e109242-5aad-4fb7-b0c8-576eef8aa4e0,7fad8003-fb10-489d-bf8d-6d433310ad90,Nove Jarše,299
59ee5f7d-476b-4958-a922-2040a9308f3b,1035c6f7-304e-4329-a3b2-4eb5d985a577,093afa81-b65f-4182-bac3-afbc00558a9b,Koseze,559
48507e1a-32df-4552-9448-3b345760b75f,379bc761-04b5-4227-be76-3b870fe3e69f,a2ce7e6f-0f99-443a-a973-81a0b9c60261,Astra,126
c627c9f2-af02-4d83-969a-566719bb09e3,bc66f88b-1412-44cb-b921-030d27335261,295616c0-387b-4f60-a337-7743cd6be04e,Bavarski dvor,14
e6f5183b-c615-4f47-b4fb-204ee070e825,454817d3-3750-49c7-994c-14d06fd2c634,cdabf1ea-b04c-480a-8359-72c46e6864ab,Bežigrad,78
e9382efd-d64d-46b0-9a7d-a4e6a0188725,f4cfd904-bd11-4247-95df-32c4555a930f,f2b27cbd-5207-4281-8f67-6369d0c50a9b,Kodrova,166
3edd6057-3847-4c42-b8ec-6e89ff95793a,0be237aa-4b91-4d2b-ac23-0cebac975a0d,21764d19-62cc-49fd-bac9-403aeac6a6b9,Ježica,138
1b0f629f-acdb-4e94-8c54-018f4334ebf7,2f18bcfa-6189-4de4-b06f-132d3392e7d6,fef200e9-4d98-425b-ab14-8110e2aa85d7,Drama,62
3c6ebf90-c611-4535-b2b0-22fba3f7649a,9a1c4c65-df77-481f-87ad-56143f02a864,7bcbdcaa-00b9-47d4-8982-09da26cd7bcb,Zaloška,52
35aedf45-cca3-4f2f-931b-138d29d20fe9,4ca7ae7e-380b-45e3-81de-00ffab5bb531,295616c0-387b-4f60-a337-7743cd6be04e,Bavarski dvor,28
c627c9f2-af02-4d83-969a-566719bb09e3,4038e02e-f22f-4af0-ba4f-7aab855b53af,484b5c91-1220-43ba-af79-84e712fcc46b,Slovenija avto,4
e6f5183b-c615-4f47-b4fb-204ee070e825,91fb6c6e-49cf-49d3-97d4-6ae228f9bfa1,093afa81-b65f-4182-bac3-afbc00558a9b,Koseze,560
ac3afe7d-a2b3-4d5d-9e6a-1d2412a3bc70,2ec182e2-769f-427f-b9b5-c4118890cb96,a719a87c-4e93-4387-a6d1-2631a487f7e0,Ajdovščina,4
98fa3880-5936-4ec8-ba04-39c7ff9a0e6a,8598b85d-3e1d-4767-b72f-0c209038841f,295616c0-387b-4f60-a337-7743cd6be04e,Bavarski dvor,158
b59656a4-b6e7-4b87-977c-078c59088a50,277bc73c-e61d-4046-bcfd-31d6161c568e,f14a6236-8af2-47bf-9270-432377662a63,Viadukt,36
47637057-8d6a-4cf9-bd56-3ac90748fcc4,454817d3-3750-49c7-994c-14d06fd2c634,a719a87c-4e93-4387-a6d1-2631a487f7e0,Ajdovščina,363
d4c51b31-46fd-4da8-ba15-8068e666d483,c627c9f2-af02-4d83-969a-566719bb09e3,7fa32ea0-e884-435a-a81c-51bbd5cedf3e,Zaloška,178
769b7bc7-4f95-4bb2-9c99-37ba8e8b4bd5,48b163cd-b819-4849-aee1-8b1da77657ab,fef200e9-4d98-425b-ab14-8110e2aa85d7,Drama,70
e6f5183b-c615-4f47-b4fb-204ee070e825,9746f277-af08-4cce-92fa-41da5eca8ac2,f33b721f-a8a3-4aad-96f2-077da09ebaa6,Razstavišče,29
8598b85d-3e1d-4767-b72f-0c209038841f,35aedf45-cca3-4f2f-931b-138d29d20fe9,717dda7e-d793-4697-8f60-b64ee8b1edc4,Gosposvetska,45
9e109242-5aad-4fb7-b0c8-576eef8aa4e0,f33b721f-a8a3-4aad-96f2-077da09ebaa6,38b3abed-0592-407b-96c3-85a026f2e192,Dalmatinova,79
ac3afe7d-a2b3-4d5d-9e6a-1d2412a3bc70,1e157c31-d34d-4c2e-91b4-8c000c88f6dd,a719a87c-4e93-4387-a6d1-2631a487f7e0,Ajdovščina,162
023d7b7a-b411-4e61-8746-b07f9e5c8f90,abc9fd26-5442-468b-93b6-4d5eb76d0f1f,295616c0-387b-4f60-a337-7743cd6be04e,Bavarski dvor,156
48b163cd-b819-4849-aee1-8b1da77657ab,e786b2df-34ed-4246-832e-7c3d538ac1f4,fef200e9-4d98-425b-ab14-8110e2aa85d7,Drama,63
277bc73c-e61d-4046-bcfd-31d6161c568e,9cfac7e2-9653-4e52-a6d3-27756d27f817,6a89c110-a0f8-4b1a-87f0-33f49c0a658e,Šola Jarše,157
6459bd02-d8f8-413e-9402-10b916f09a4f,47637057-8d6a-4cf9-bd56-3ac90748fcc4,9bd3ee10-bc61-44e8-8cf3-a37cffd54da0,DOMŽALE kolodvor,116
ab987eb0-c970-4577-8db9-0cd507a6cab6,dfde6478-02b5-471b-a470-29cb0e84542f,aa42017d-812a-4175-bc9b-0fec03b18931,Ambrožev trg,47
2f874852-bc80-4ff3-b6bf-a914e31251c8,2f18bcfa-6189-4de4-b06f-132d3392e7d6,023d7b7a-b411-4e61-8746-b07f9e5c8f90,Ambrožev trg,18
223f660b-c391-4120-bf3c-7bf06781686b,2f874852-bc80-4ff3-b6bf-a914e31251c8,1b3ddeca-a066-43ee-9ae5-8339628129c2,Žale,584
f2b27cbd-5207-4281-8f67-6369d0c50a9b,6182f8e8-c45e-4606-b4a4-d909bd44d2cc,c87db9be-1fba-4102-a743-0ee4317dd5af,Bavarski dvor,338
48b163cd-b819-4849-aee1-8b1da77657ab,81f21fc1-3bd2-4d2a-b563-2d063479c68e,5d7f28a6-2a2a-4333-aa06-48edfb652f86,Pošta,56
aa42017d-812a-4175-bc9b-0fec03b18931,b59656a4-b6e7-4b87-977c-078c59088a50,5d7f28a6-2a2a-4333-aa06-48edfb652f86,Pošta,158
2f18bcfa-6189-4de4-b06f-132d3392e7d6,0b4a072e-6c2d-4c71-ab80-2b7142df81de,295616c0-387b-4f60-a337-7743cd6be04e,Bavarski dvor,40
48507e1a-32df-4552-9448-3b345760b75f,e786b2df-34ed-4246-832e-7c3d538ac1f4,fef200e9-4d98-425b-ab14-8110e2aa85d7,Drama,10
454817d3-3750-49c7-994c-14d06fd2c634,a2ce7e6f-0f99-443a-a973-81a0b9c60261,38b3abed-0592-407b-96c3-85a026f2e192,Dalmatinova,287
77dcd833-fa4d-4c5a-93b1-31284942e61d,aa42017d-812a-4175-bc9b-0fec03b18931,aa42017d-812a-4175-bc9b-0fec03b18931,Ambrožev trg,147
98fa3880-5936-4ec8-ba04-39c7ff9a0e6a,fef200e9-4d98-425b-ab14-8110e2aa85d7,295616c0-387b-4f60-a337-7743cd6be04e,Bavarski dvor,2
52e5adea-e194-4fc1-809c-1d6421f8f8db,1dc99fbb-5496-4aab-a4b6-32e653ccc789,717dda7e-d793-4697-8f60-b64ee8b1edc4,Gosposvetska,66
ef31a8be-b01d-44cd-95cf-3db8e918af26,277bc73c-e61d-4046-bcfd-31d6161c568e,295616c0-387b-4f60-a337-7743cd6be04e,Bavarski dvor,148
8c7fa045-888b-46d0-8189-6f82623bf481,295616c0-387b-4f60-a337-7743cd6be04e,5d7f28a6-2a2a-4333-aa06-48edfb652f86,Pošta,620
4038e02e-f22f-4af0-ba4f-7aab855b53af,3c6ebf90-c611-4535-b2b0-22fba3f7649a,b59656a4-b6e7-4b87-977c-078c59088a50,Hajdrihova,490
7fad8003-fb10-489d-bf8d-6d433310ad90,023d7b7a-b411-4e61-8746-b07f9e5c8f90,295616c0-387b-4f60-a337-7743cd6be04e,Bavarski dvor,483
1dc99fbb-5496-4aab-a4b6-32e653ccc789,454817d3-3750-49c7-994c-14d06fd2c634,a719a87c-4e93-4387-a6d1-2631a487f7e0,Ajdovščina,385
8598b85d-3e1d-4767-b72f-0c209038841f,e0bcd677-6012-4c90-a884-44dffafdffec,86a75ffc-a78f-401f-8991-2eb0371417b2,Studenec,40
1b3ddeca-a066-43ee-9ae5-8339628129c2,59ee5f7d-476b-4958-a922-2040a9308f3b,223f660b-c391-4120-bf3c-7bf06781686b,Tovorni kolodvor,47
b59656a4-b6e7-4b87-977c-078c59088a50,6182f8e8-c45e-4606-b4a4-d909bd44d2cc,fef200e9-4d98-425b-ab14-8110e2aa85d7,Drama,1
9e109242-5aad-4fb7-b0c8-576eef8aa4e0,0be237aa-4b91-4d2b-ac23-0cebac975a0d,484b5c91-1220-43ba-af79-84e712fcc46b,Slovenija avto,25
8512e1be-4637-483b-a3e6-78ccc6d2c5b1,86a75ffc-a78f-401f-8991-2eb0371417b2,5d7f28a6-2a2a-4333-aa06-48edfb652f86,Pošta,295
9e109242-5aad-4fb7-b0c8-576eef8aa4e0,e6f5183b-c615-4f47-b4fb-204ee070e825,a0e0a21b-b8ce-4d76-bbc2-04e179367fee,Šola Jarše,487
7c149b59-2bc6-45cb-95c8-69e18a0db627,769b7bc7-4f95-4bb2-9c99-37ba8e8b4bd5,a719a87c-4e93-4387-a6d1-2631a487f7e0,Ajdovščina,59
294c40c4-18e4-4d92-a947-911a8623de89,0dc86a8f-0f41-44c7-978c-e06cb63cbbcf,5d7f28a6-2a2a-4333-aa06-48edfb652f86,Pošta,9
c0ff37c8-ac6c-4284-ad32-0ad29fd30dc2,52e5adea-e194-4fc1-809c-1d6421f8f8db,aa42017d-812a-4175-bc9b-0fec03b18931,Ambrožev trg,17
c297ac70-8f43-4fbc-a8a4-366ddb883a8d,2f874852-bc80-4ff3-b6bf-a914e31251c8,c22879e5-8e90-4540-9a74-5f139208e492,Friškovec,237
6bd46cb7-9e5d-453a-878a-bcc38fb2a5f2,9cfac7e2-9653-4e52-a6d3-27756d27f817,fef200e9-4d98-425b-ab14-8110e2aa85d7,Drama,89
1e157c31-d34d-4c2e-91b4-8c000c88f6dd,91fb6c6e-49cf-49d3-97d4-6ae228f9bfa1,fef200e9-4d98-425b-ab14-8110e2aa85d7,Drama,52
38b3abed-0592-407b-96c3-85a026f2e192,7484317c-269f-425f-8118-23eedab4e5f1,295616c0-387b-4f60-a337-7743cd6be04e,Bavarski dvor,114
e786b2df-34ed-4246-832e-7c3d538ac1f4,9a14b0ec-f13a-46f0-8c4f-07d8b99241e2,c87db9be-1fba-4102-a743-0ee4317dd5af,Bavarski dvor,121
8512e1be-4637-483b-a3e6-78ccc6d2c5b1,1eadcdb9-60cd-47c9-8eec-527c3465a685,a2ce7e6f-0f99-443a-a973-81a0b9c60261,Astra,108
4ca7ae7e-380b-45e3-81de-00ffab5bb531,e9382efd-d64d-46b0-9a7d-a4e6a0188725,295616c0-387b-4f60-a337-7743cd6be04e,Bavarski dvor,520
8eeea585-6168-45b8-a5d4-336e61826043,80c65758-5f25-4003-8d55-10ff96fe8310,484b5c91-1220-43ba-af79-84e712fcc46b,Slovenija avto,146
592b37eb-8255-4758-ae8a-7cef98521013,592b37eb-8255-4758-ae8a-7cef98521013,6bd46cb7-9e5d-453a-878a-bcc38fb2a5f2,Sava,1
c5ec5e81-2ce4-452d-bd7a-595de4f8b34f,25cde952-4896-4977-b229-75e09b3e3661,fef200e9-4d98-425b-ab14-8110e2aa85d7,Drama,21
35aedf45-cca3-4f2f-931b-138d29d20fe9,86a75ffc-a78f-401f-8991-2eb0371417b2,N/A,N/A,660
58db973d-ecbb-4aa6-a56c-c26aaff7f263,4ca7ae7e-380b-45e3-81de-00ffab5bb531,c87db9be-1fba-4102-a743-0ee4317dd5af,Bavarski dvor,93
fb7704f0-d31e-4561-83e4-621a8c62654b,2ec182e2-769f-427f-b9b5-c4118890cb96,9cfac7e2-9653-4e52-a6d3-27756d27f817,Kino Šiška,67
c5ec5e81-2ce4-452d-bd7a-595de4f8b34f,6a89c110-a0f8-4b1a-87f0-33f49c0a658e,f33b721f-a8a3-4aad-96f2-077da09ebaa6,Razstavišče,6
9bd3ee10-bc61-44e8-8cf3-a37cffd54da0,6459bd02-d8f8-413e-9402-10b916f09a4f,c87db9be-1fba-4102-a743-0ee4317dd5af,Bavarski dvor,402
f33b721f-a8a3-4aad-96f2-077da09ebaa6,77dcd833-fa4d-4c5a-93b1-31284942e61d,5de84f88-3f32-4636-8c30-03cc267ecf37,Podvozna pot,301
47637057-8d6a-4cf9-bd56-3ac90748fcc4,cdabf1ea-b04c-480a-8359-72c46e6864ab,295616c0-387b-4f60-a337-7743cd6be04e,Bavarski dvor,422
4d216485-ef41-45e7-9182-0c254644955c,a7094427-e180-4deb-acaf-5d4488326e9e,7fad8003-fb10-489d-bf8d-6d433310ad90,Nove Jarše,3
9cfac7e2-9653-4e52-a6d3-27756d27f817,9b0074d2-2c92-4c01-830b-00be8e05b412,5d7f28a6-2a2a-4333-aa06-48edfb652f86,Pošta,98
52e5adea-e194-4fc1-809c-1d6421f8f8db,223f660b-c391-4120-bf3c-7bf06781686b,a0b1fb90-3f6a-4231-910a-18be192ac762,Flajšmanova,47
c627c9f2-af02-4d83-969a-566719bb09e3,c0ff37c8-ac6c-4284-ad32-0ad29fd30dc2,ef31a8be-b01d-44cd-95cf-3db8e918af26,Emona,348
88cdd36c-03d2-4374-a22f-110dd9f75ea0,ab987eb0-c970-4577-8db9-0cd507a6cab6,c87db9be-1fba-4102-a743-0ee4317dd5af,Bavarski dvor,89
ecc4ae87-ae08-4b94-995c-452fdd94df7f,0be237aa-4b91-4d2b-ac23-0cebac975a0d,295616c0-387b-4f60-a337-7743cd6be04e,Bavarski dvor,160
271db19a-744b-41a0-869d-0c3e0e2cb6bf,7c149b59-2bc6-45cb-95c8-69e18a0db627,f15ddf31-fc11-41ba-988d-376c83e38f58,Vodovodna,333
923bd774-0651-4e0a-8624-3acfb7ecd5ff,80c65758-5f25-4003-8d55-10ff96fe8310,484b5c91-1220-43ba-af79-84e712fcc46b,Slovenija avto,113
9a1c4c65-df77-481f-87ad-56143f02a864,05643914-8ff7-4064-8737-2761d44a083f,48b163cd-b819-4849-aee1-8b1da77657ab,Šentvid,1
e468b92f-fa4a-4819-bb11-37761deaf4ca,86a75ffc-a78f-401f-8991-2eb0371417b2,a719a87c-4e93-4387-a6d1-2631a487f7e0,Ajdovščina,160
609f0950-bb8c-4eaf-a931-8575b8aff1ac,2f874852-bc80-4ff3-b6bf-a914e31251c8,a719a87c-4e93-4387-a6d1-2631a487f7e0,Ajdovščina,23
52e5adea-e194-4fc1-809c-1d6421f8f8db,7310c006-62b8-4f94-bb9c-d5c26cb3faad,e6f5183b-c615-4f47-b4fb-204ee070e825,Bežigrad,372
c87db9be-1fba-4102-a743-0ee4317dd5af,2ec182e2-769f-427f-b9b5-c4118890cb96,a0e0a21b-b8ce-4d76-bbc2-04e179367fee,Šola Jarše,36
2ec182e2-769f-427f-b9b5-c4118890cb96,6edebb46-d04f-45c4-99a4-100f7f0b2660,f33b721f-a8a3-4aad-96f2-077da09ebaa6,Razstavišče,37
6182f8e8-c45e-4606-b4a4-d909bd44d2cc,38b3abed-0592-407b-96c3-85a026f2e192,a0b1fb90-3f6a-4231-910a-18be192ac762,Flajšmanova,40
277bc73c-e61d-4046-bcfd-31d6161c568e,8eeea585-6168-45b8-a5d4-336e61826043,fef200e9-4d98-425b-ab14-8110e2aa85d7,Drama,91
609f0950-bb8c-4eaf-a931-8575b8aff1ac,3fbf6322-fb74-4a50-a81a-bfca73abc26b,f2b27cbd-5207-4281-8f67-6369d0c50a9b,Kodrova,312
0b4a072e-6c2d-4c71-ab80-2b7142df81de,6edebb46-d04f-45c4-99a4-100f7f0b2660,a2ce7e6f-0f99-443a-a973-81a0b9c60261,Astra,611
5de6ff80-1352-43df-b5ec-1df59f2f492b,295616c0-387b-4f60-a337-7743cd6be04e,717dda7e-d793-4697-8f60-b64ee8b1edc4,Gosposvetska,9
3edd6057-3847-4c42-b8ec-6e89ff95793a,1b3ddeca-a066-43ee-9ae5-8339628129c2,a719a87c-4e93-4387-a6d1-2631a487f7e0,Ajdovščina,54
7fad8003-fb10-489d-bf8d-6d433310ad90,6edebb46-d04f-45c4-99a4-100f7f0b2660,295616c0-387b-4f60-a337-7743cd6be04e,Bavarski dvor,289
3fbf6322-fb74-4a50-a81a-bfca73abc26b,7fa32ea0-e884-435a-a81c-51bbd5cedf3e,7fad8003-fb10-489d-bf8d-6d433310ad90,Nove Jarše,232
dfde6478-02b5-471b-a470-29cb0e84542f,9bd3ee10-bc61-44e8-8cf3-a37cffd54da0,N/A,N/A,660
d4c51b31-46fd-4da8-ba15-8068e666d483,a7177a3d-8db2-43fb-8910-f95857f0ed97,N/A,N/A,660
c627c9f2-af02-4d83-969a-566719bb09e3,c297ac70-8f43-4fbc-a8a4-366ddb883a8d,c87db9be-1fba-4102-a743-0ee4317dd5af,Bavarski dvor,237
ef31a8be-b01d-44cd-95cf-3db8e918af26,c87db9be-1fba-4102-a743-0ee4317dd5af,5d7f28a6-2a2a-4333-aa06-48edfb652f86,Pošta,7
91fb6c6e-49cf-49d3-97d4-6ae228f9bfa1,e786b2df-34ed-4246-832e-7c3d538ac1f4,c87db9be-1fba-4102-a743-0ee4317dd5af,Bavarski dvor,67
6459bd02-d8f8-413e-9402-10b916f09a4f,c0ff37c8-ac6c-4284-ad32-0ad29fd30dc2,9cfac7e2-9653-4e52-a6d3-27756d27f817,Kino Šiška,248
80c65758-5f25-4003-8d55-10ff96fe8310,9cfac7e2-9653-4e52-a6d3-27756d27f817,fef200e9-4d98-425b-ab14-8110e2aa85d7,Drama,211
3edd6057-3847-4c42-b8ec-6e89ff95793a,8589e5d1-21b4-4210-ad7a-4bf91f9a715d,a719a87c-4e93-4387-a6d1-2631a487f7e0,Ajdovščina,82
9a1c4c65-df77-481f-87ad-56143f02a864,48b163cd-b819-4849-aee1-8b1da77657ab,f2b27cbd-5207-4281-8f67-6369d0c50a9b,Kodrova,22
86a75ffc-a78f-401f-8991-2eb0371417b2,3fbf6322-fb74-4a50-a81a-bfca73abc26b,N/A,N/A,660
8589e5d1-21b4-4210-ad7a-4bf91f9a715d,59ee5f7d-476b-4958-a922-2040a9308f3b,a719a87c-4e93-4387-a6d1-2631a487f7e0,Ajdovščina,7
f33b721f-a8a3-4aad-96f2-077da09ebaa6,81f21fc1-3bd2-4d2a-b563-2d063479c68e,c87db9be-1fba-4102-a743-0ee4317dd5af,Bavarski dvor,87
e468b92f-fa4a-4819-bb11-37761deaf4ca,5de84f88-3f32-4636-8c30-03cc267ecf37,fef200e9-4d98-425b-ab14-8110e2aa85d7,Drama,32
0dc86a8f-0f41-44c7-978c-e06cb63cbbcf,7fa32ea0-e884-435a-a81c-51bbd5cedf3e,295616c0-387b-4f60-a337-7743cd6be04e,Bavarski dvor,458
5de84f88-3f32-4636-8c30-03cc267ecf37,1035c6f7-304e-4329-a3b2-4eb5d985a577,717dda7e-d793-4697-8f60-b64ee8b1edc4,Gosposvetska,453
f14a6236-8af2-47bf-9270-432377662a63,aa42017d-812a-4175-bc9b-0fec03b18931,a719a87c-4e93-4387-a6d1-2631a487f7e0,Ajdovščina,136
9bd3ee10-bc61-44e8-8cf3-a37cffd54da0,0dc86a8f-0f41-44c7-978c-e06cb63cbbcf,1ce1c3a8-e0f6-4f90-b1aa-1448759d8b3c,Astra,579
484b5c91-1220-43ba-af79-84e712fcc46b,b59656a4-b6e7-4b87-977c-078c59088a50,295616c0-387b-4f60-a337-7743cd6be04e,Bavarski dvor,3
86a75ffc-a78f-401f-8991-2eb0371417b2,db13a26e-19d4-4b8a-a78a-01ef25d58834,295616c0-387b-4f60-a337-7743cd6be04e,Bavarski dvor,127
e468b92f-fa4a-4819-bb11-37761deaf4ca,b59656a4-b6e7-4b87-977c-078c59088a50,c87db9be-1fba-4102-a743-0ee4317dd5af,Bavarski dvor,88
717c914e-f928-4671-95f6-26c1ddb95799,454817d3-3750-49c7-994c-14d06fd2c634,295616c0-387b-4f60-a337-7743cd6be04e,Bavarski dvor,61
6559d555-672b-4633-8a81-0ae68fb963eb,fb0042f8-d9e2-4916-b60a-38a026acf0c9,a719a87c-4e93-4387-a6d1-2631a487f7e0,Ajdovščina,151
35aedf45-cca3-4f2f-931b-138d29d20fe9,35aedf45-cca3-4f2f-931b-138d29d20fe9,f33b721f-a8a3-4aad-96f2-077da09ebaa6,Razstavišče,28
c22879e5-8e90-4540-9a74-5f139208e492,25cde952-4896-4977-b229-75e09b3e3661,5d7f28a6-2a2a-4333-aa06-48edfb652f86,Pošta,57
d98335a0-1291-4d4c-be62-16b11c356575,c627c9f2-af02-4d83-969a-566719bb09e3,c87db9be-1fba-4102-a743-0ee4317dd5af,Bavarski dvor,114
4038e02e-f22f-4af0-ba4f-7aab855b53af,bc66f88b-1412-44cb-b921-030d27335261,295616c0-387b-4f60-a337-7743cd6be04e,Bavarski dvor,529
a0e0a21b-b8ce-4d76-bbc2-04e179367fee,fb0042f8-d9e2-4916-b60a-38a026acf0c9,c87db9be-1fba-4102-a743-0ee4317dd5af,Bavarski dvor,8
093afa81-b65f-4182-bac3-afbc00558a9b,db13a26e-19d4-4b8a-a78a-01ef25d58834,4038e02e-f22f-4af0-ba4f-7aab855b53af,Kneza Koclja,29
9a14b0ec-f13a-46f0-8c4f-07d8b99241e2,c0ff37c8-ac6c-4284-ad32-0ad29fd30dc2,295616c0-387b-4f60-a337-7743cd6be04e,Bavarski dvor,38
38b3abed-0592-407b-96c3-85a026f2e192,9a1c4c65-df77-481f-87ad-56143f02a864,c87db9be-1fba-4102-a743-0ee4317dd5af,Bavarski dvor,266
6a89c110-a0f8-4b1a-87f0-33f49c0a658e,023d7b7a-b411-4e61-8746-b07f9e5c8f90,a0e0a21b-b8ce-4d76-bbc2-04e179367fee,Šola Jarše,53
fb7704f0-d31e-4561-83e4-621a8c62654b,1505c6fe-6080-424e-98d1-24c312cfacf3,c87db9be-1fba-4102-a743-0ee4317dd5af,Bavarski dvor,117
dfde6478-02b5-471b-a470-29cb0e84542f,48507e1a-32df-4552-9448-3b345760b75f,9b0074d2-2c92-4c01-830b-00be8e05b412,Cukrarna,152
35aedf45-cca3-4f2f-931b-138d29d20fe9,1dc99fbb-5496-4aab-a4b6-32e653ccc789,c87db9be-1fba-4102-a743-0ee4317dd5af,Bavarski dvor,140
295616c0-387b-4f60-a337-7743cd6be04e,9b0074d2-2c92-4c01-830b-00be8e05b412,717dda7e-d793-4697-8f60-b64ee8b1edc4,Gosposvetska,20
3c6ebf90-c611-4535-b2b0-22fba3f7649a,9a1c4c65-df77-481f-87ad-56143f02a864,a719a87c-4e93-4387-a6d1-2631a487f7e0,Ajdovščina,5
f2b27cbd-5207-4281-8f67-6369d0c50a9b,8512e1be-4637-483b-a3e6-78ccc6d2c5b1,484b5c91-1220-43ba-af79-84e712fcc46b,Slovenija avto,63
3c6ebf90-c611-4535-b2b0-22fba3f7649a,f33b721f-a8a3-4aad-96f2-077da09ebaa6,a2ce7e6f-0f99-443a-a973-81a0b9c60261,Astra,242
59ee5f7d-476b-4958-a922-2040a9308f3b,7eb88e01-82e9-4af4-84d0-69c6ea9dc82c,9bd3ee10-bc61-44e8-8cf3-a37cffd54da0,DOMŽALE kolodvor,8
1eadcdb9-60cd-47c9-8eec-527c3465a685,a2f479c6-4c21-4923-b4ac-86f752507cee,N/A,N/A,660
9e109242-5aad-4fb7-b0c8-576eef8aa4e0,a0e0a21b-b8ce-4d76-bbc2-04e179367fee,a719a87c-4e93-4387-a6d1-2631a487f7e0,Ajdovščina,89
592b37eb-8255-4758-ae8a-7cef98521013,7bcbdcaa-00b9-47d4-8982-09da26cd7bcb,c87db9be-1fba-4102-a743-0ee4317dd5af,Bavarski dvor,280
1505c6fe-6080-424e-98d1-24c312cfacf3,a2ce7e6f-0f99-443a-a973-81a0b9c60261,a719a87c-4e93-4387-a6d1-2631a487f7e0,Ajdovščina,123
0be237aa-4b91-4d2b-ac23-0cebac975a0d,2ec182e2-769f-427f-b9b5-c4118890cb96,fef200e9-4d98-425b-ab14-8110e2aa85d7,Drama,197
91fb6c6e-49cf-49d3-97d4-6ae228f9bfa1,25cde952-4896-4977-b229-75e09b3e3661,ac3afe7d-a2b3-4d5d-9e6a-1d2412a3bc70,Litostrojska,191
6bd46cb7-9e5d-453a-878a-bcc38fb2a5f2,3fbf6322-fb74-4a50-a81a-bfca73abc26b,a719a87c-4e93-4387-a6d1-2631a487f7e0,Ajdovščina,106
f15ddf31-fc11-41ba-988d-376c83e38f58,86a75ffc-a78f-401f-8991-2eb0371417b2,c87db9be-1fba-4102-a743-0ee4317dd5af,Bavarski dvor,53
a7177a3d-8db2-43fb-8910-f95857f0ed97,f14a6236-8af2-47bf-9270-432377662a63,N/A,N/A,660
379bc761-04b5-4227-be76-3b870fe3e69f,cdabf1ea-b04c-480a-8359-72c46e6864ab,c87db9be-1fba-4102-a743-0ee4317dd5af,Bavarski dvor,140
9a1c4c65-df77-481f-87ad-56143f02a864,0b4a072e-6c2d-4c71-ab80-2b7142df81de,f33b721f-a8a3-4aad-96f2-077da09ebaa6,Razstavišče,185
1b3ddeca-a066-43ee-9ae5-8339628129c2,5de84f88-3f32-4636-8c30-03cc267ecf37,fef200e9-4d98-425b-ab14-8110e2aa85d7,Drama,171
5de6ff80-1352-43df-b5ec-1df59f2f492b,4e8ccfa1-b58c-4ee1-ad82-2e8a645071f3,717dda7e-d793-4697-8f60-b64ee8b1edc4,Gosposvetska,176
25cde952-4896-4977-b229-75e09b3e3661,9b0074d2-2c92-4c01-830b-00be8e05b412,fef200e9-4d98-425b-ab14-8110e2aa85d7,Drama,187
1505c6fe-6080-424e-98d1-24c312cfacf3,c297ac70-8f43-4fbc-a8a4-366ddb883a8d,295616c0-387b-4f60-a337-7743cd6be04e,Bavarski dvor,102
e786b2df-34ed-4246-832e-7c3d538ac1f4,294c40c4-18e4-4d92-a947-911a8623de89,7fa32ea0-e884-435a-a81c-51bbd5cedf3e,Zaloška,57
98b60d07-8054-441a-be44-be7aa24f4253,7484317c-269f-425f-8118-23eedab4e5f1,295616c0-387b-4f60-a337-7743cd6be04e,Bavarski dvor,64
3edd6057-3847-4c42-b8ec-6e89ff95793a,9a14b0ec-f13a-46f0-8c4f-07d8b99241e2,fef200e9-4d98-425b-ab14-8110e2aa85d7,Drama,95
88cdd36c-03d2-4374-a22f-110dd9f75ea0,2f874852-bc80-4ff3-b6bf-a914e31251c8,98fa3880-5936-4ec8-ba04-39c7ff9a0e6a,Stara cerkev,33
4ca7ae7e-380b-45e3-81de-00ffab5bb531,1eadcdb9-60cd-47c9-8eec-527c3465a685,N/A,N/A,660
6bd46cb7-9e5d-453a-878a-bcc38fb2a5f2,ef31a8be-b01d-44cd-95cf-3db8e918af26,77dcd833-fa4d-4c5a-93b1-31284942e61d,Šišenska,268
88cdd36c-03d2-4374-a22f-110dd9f75ea0,d4c51b31-46fd-4da8-ba15-8068e666d483,7fa32ea0-e884-435a-a81c-51bbd5cedf3e,Zaloška,561
a7177a3d-8db2-43fb-8910-f95857f0ed97,7bcbdcaa-00b9-47d4-8982-09da26cd7bcb,N/A,N/A,660
379bc761-04b5-4227-be76-3b870fe3e69f,f2b27cbd-5207-4281-8f67-6369d0c50a9b,295616c0-387b-4f60-a337-7743cd6be04e,Bavarski dvor,31
7bcbdcaa-00b9-47d4-8982-09da26cd7bcb,48507e1a-32df-4552-9448-3b345760b75f,c5ec5e81-2ce4-452d-bd7a-595de4f8b34f,Prušnikova,430
2f874852-bc80-4ff3-b6bf-a914e31251c8,1e157c31-d34d-4c2e-91b4-8c000c88f6dd,a2ce7e6f-0f99-443a-a973-81a0b9c60261,Astra,162
dfde6478-02b5-471b-a470-29cb0e84542f,fef200e9-4d98-425b-ab14-8110e2aa85d7,c87db9be-1fba-4102-a743-0ee4317dd5af,Bavarski dvor,127
f4cfd904-bd11-4247-95df-32c4555a930f,0be237aa-4b91-4d2b-ac23-0cebac975a0d,454817d3-3750-49c7-994c-14d06fd2c634,Žale,30
5cc8a08d-c0af-491f-9a9c-b8b4f5f23bc0,35aedf45-cca3-4f2f-931b-138d29d20fe9,1ce1c3a8-e0f6-4f90-b1aa-1448759d8b3c,Astra,431
3fbf6322-fb74-4a50-a81a-bfca73abc26b,ac3afe7d-a2b3-4d5d-9e6a-1d2412a3bc70,f2b27cbd-5207-4281-8f67-6369d0c50a9b,Kodrova,181
e9d9f622-7394-4c5c-9031-a41855a64aa7,f2b27cbd-5207-4281-8f67-6369d0c50a9b,fef200e9-4d98-425b-ab14-8110e2aa85d7,Drama,225
379bc761-04b5-4227-be76-3b870fe3e69f,7fa32ea0-e884-435a-a81c-51bbd5cedf3e,fef200e9-4d98-425b-ab14-8110e2aa85d7,Drama,580
1b0f629f-acdb-4e94-8c54-018f4334ebf7,38b3abed-0592-407b-96c3-85a026f2e192,1b3ddeca-a066-43ee-9ae5-8339628129c2,Žale,150
609f0950-bb8c-4eaf-a931-8575b8aff1ac,a0e0a21b-b8ce-4d76-bbc2-04e179367fee,5d7f28a6-2a2a-4333-aa06-48edfb652f86,Pošta,6
923bd774-0651-4e0a-8624-3acfb7ecd5ff,4038e02e-f22f-4af0-ba4f-7aab855b53af,1b3ddeca-a066-43ee-9ae5-8339628129c2,Žale,596
7310c006-62b8-4f94-bb9c-d5c26cb3faad,25cde952-4896-4977-b229-75e09b3e3661,c22879e5-8e90-4540-9a74-5f139208e492,Friškovec,182
c627c9f2-af02-4d83-969a-566719bb09e3,b59656a4-b6e7-4b87-977c-078c59088a50,8c7fa045-888b-46d0-8189-6f82623bf481,Poljanska,45
5de6ff80-1352-43df-b5ec-1df59f2f492b,609f0950-bb8c-4eaf-a931-8575b8aff1ac,N/A,N/A,660
1ce1c3a8-e0f6-4f90-b1aa-1448759d8b3c,35aedf45-cca3-4f2f-931b-138d29d20fe9,5d7f28a6-2a2a-4333-aa06-48edfb652f86,Pošta,255
223f660b-c391-4120-bf3c-7bf06781686b,48b163cd-b819-4849-aee1-8b1da77657ab,c87db9be-1fba-4102-a743-0ee4317dd5af,Bavarski dvor,273
88cdd36c-03d2-4374-a22f-110dd9f75ea0,2f18bcfa-6189-4de4-b06f-132d3392e7d6,c87db9be-1fba-4102-a743-0ee4317dd5af,Bavarski dvor,86
88cdd36c-03d2-4374-a22f-110dd9f75ea0,717c914e-f928-4671-95f6-26c1ddb95799,c87db9be-1fba-4102-a743-0ee4317dd5af,Bavarski dvor,121
9746f277-af08-4cce-92fa-41da5eca8ac2,609f0950-bb8c-4eaf-a931-8575b8aff1ac,c87db9be-1fba-4102-a743-0ee4317dd5af,Bavarski dvor,76
484b5c91-1220-43ba-af79-84e712fcc46b,7310c006-62b8-4f94-bb9c-d5c26cb3faad,c87db9be-1fba-4102-a743-0ee4317dd5af,Bavarski dvor,18
9bd3ee10-bc61-44e8-8cf3-a37cffd54da0,db13a26e-19d4-4b8a-a78a-01ef25d58834,5d7f28a6-2a2a-4333-aa06-48edfb652f86,Pošta,380
484b5c91-1220-43ba-af79-84e712fcc46b,8512e1be-4637-483b-a3e6-78ccc6d2c5b1,7fad8003-fb10-489d-bf8d-6d433310ad90,Nove Jarše,125
35aedf45-cca3-4f2f-931b-138d29d20fe9,e786b2df-34ed-4246-832e-7c3d538ac1f4,717dda7e-d793-4697-8f60-b64ee8b1edc4,Gosposvetska,387
8589e5d1-21b4-4210-ad7a-4bf91f9a715d,1b3ddeca-a066-43ee-9ae5-8339628129c2,c87db9be-1fba-4102-a743-0ee4317dd5af,Bavarski dvor,477
6459bd02-d8f8-413e-9402-10b916f09a4f,e6f5183b-c615-4f47-b4fb-204ee070e825,7fad8003-fb10-489d-bf8d-6d433310ad90,Nove Jarše,121
271db19a-744b-41a0-869d-0c3e0e2cb6bf,4e8ccfa1-b58c-4ee1-ad82-2e8a645071f3,a719a87c-4e93-4387-a6d1-2631a487f7e0,Ajdovščina,145
98fa3880-5936-4ec8-ba04-39c7ff9a0e6a,a719a87c-4e93-4387-a6d1-2631a487f7e0,a0e0a21b-b8ce-4d76-bbc2-04e179367fee,Šola Jarše,13
5de6ff80-1352-43df-b5ec-1df59f2f492b,a2f479c6-4c21-4923-b4ac-86f752507cee,N/A,N/A,660
9e109242-5aad-4fb7-b0c8-576eef8aa4e0,a2ce7e6f-0f99-443a-a973-81a0b9c60261,a719a87c-4e93-4387-a6d1-2631a487f7e0,Ajdovščina,20
4e8ccfa1-b58c-4ee1-ad82-2e8a645071f3,8eeea585-6168-45b8-a5d4-336e61826043,fef200e9-4d98-425b-ab14-8110e2aa85d7,Drama,132
4ca7ae7e-380b-45e3-81de-00ffab5bb531,6c56976b-4ae1-429f-bcab-0cfc37e3580d,c87db9be-1fba-4102-a743-0ee4317dd5af,Bavarski dvor,43
454817d3-3750-49c7-994c-14d06fd2c634,38b3abed-0592-407b-96c3-85a026f2e192,N/A,N/A,660
8589e5d1-21b4-4210-ad7a-4bf91f9a715d,96d4c75b-6452-4c70-a31e-c234262ba38b,c87db9be-1fba-4102-a743-0ee4317dd5af,Bavarski dvor,17
9cfac7e2-9653-4e52-a6d3-27756d27f817,c0ff37c8-ac6c-4284-ad32-0ad29fd30dc2,717dda7e-d793-4697-8f60-b64ee8b1edc4,Gosposvetska,151
7484317c-269f-425f-8118-23eedab4e5f1,c87db9be-1fba-4102-a743-0ee4317dd5af,a719a87c-4e93-4387-a6d1-2631a487f7e0,Ajdovščina,1
bc66f88b-1412-44cb-b921-030d27335261,fef200e9-4d98-425b-ab14-8110e2aa85d7,eb165f50-9c43-4b09-9658-469a16d3dc83,Kodeljevo,42
1ce1c3a8-e0f6-4f90-b1aa-1448759d8b3c,86a75ffc-a78f-401f-8991-2eb0371417b2,f33b721f-a8a3-4aad-96f2-077da09ebaa6,Razstavišče,100
2f18bcfa-6189-4de4-b06f-132d3392e7d6,3edd6057-3847-4c42-b8ec-6e89ff95793a,aa42017d-812a-4175-bc9b-0fec03b18931,Ambrožev trg,416
6459bd02-d8f8-413e-9402-10b916f09a4f,fef200e9-4d98-425b-ab14-8110e2aa85d7,cdabf1ea-b04c-480a-8359-72c46e6864ab,Bežigrad,103
77dcd833-fa4d-4c5a-93b1-31284942e61d,81f21fc1-3bd2-4d2a-b563-2d063479c68e,c87db9be-1fba-4102-a743-0ee4317dd5af,Bavarski dvor,323
923bd774-0651-4e0a-8624-3acfb7ecd5ff,abc9fd26-5442-468b-93b6-4d5eb76d0f1f,fef200e9-4d98-425b-ab14-8110e2aa85d7,Drama,148
769b7bc7-4f95-4bb2-9c99-37ba8e8b4bd5,b59656a4-b6e7-4b87-977c-078c59088a50,c87db9be-1fba-4102-a743-0ee4317dd5af,Bavarski dvor,246
ecc4ae87-ae08-4b94-995c-452fdd94df7f,1b0f629f-acdb-4e94-8c54-018f4334ebf7,295616c0-387b-4f60-a337-7743cd6be04e,Bavarski dvor,245
25cde952-4896-4977-b229-75e09b3e3661,7c149b59-2bc6-45cb-95c8-69e18a0db627,a0b1fb90-3f6a-4231-910a-18be192ac762,Flajšmanova,77
277bc73c-e61d-4046-bcfd-31d6161c568e,6c56976b-4ae1-429f-bcab-0cfc37e3580d,5d7f28a6-2a2a-4333-aa06-48edfb652f86,Pošta,409
7bcbdcaa-00b9-47d4-8982-09da26cd7bcb,5d7f28a6-2a2a-4333-aa06-48edfb652f86,7bcbdcaa-00b9-47d4-8982-09da26cd7bcb,Zaloška,532
8589e5d1-21b4-4210-ad7a-4bf91f9a715d,47a3bd8a-72ae-4e20-b43f-10bfaf49012c,a719a87c-4e93-4387-a6d1-2631a487f7e0,Ajdovščina,104
6bd46cb7-9e5d-453a-878a-bcc38fb2a5f2,c297ac70-8f43-4fbc-a8a4-366ddb883a8d,5d7f28a6-2a2a-4333-aa06-48edfb652f86,Pošta,371
91fb6c6e-49cf-49d3-97d4-6ae228f9bfa1,88cdd36c-03d2-4374-a22f-110dd9f75ea0,a0b1fb90-3f6a-4231-910a-18be192ac762,Flajšmanova,91
88cdd36c-03d2-4374-a22f-110dd9f75ea0,7bcbdcaa-00b9-47d4-8982-09da26cd7bcb,5d7f28a6-2a2a-4333-aa06-48edfb652f86,Pošta,42
fb7704f0-d31e-4561-83e4-621a8c62654b,c5ec5e81-2ce4-452d-bd7a-595de4f8b34f,484b5c91-1220-43ba-af79-84e712fcc46b,Slovenija avto,5
e9d9f622-7394-4c5c-9031-a41855a64aa7,a2ce7e6f-0f99-443a-a973-81a0b9c60261,a719a87c-4e93-4387-a6d1-2631a487f7e0,Ajdovščina,45
86a75ffc-a78f-401f-8991-2eb0371417b2,9746f277-af08-4cce-92fa-41da5eca8ac2,5d7f28a6-2a2a-4333-aa06-48edfb652f86,Pošta,14
1eadcdb9-60cd-47c9-8eec-527c3465a685,3edd6057-3847-4c42-b8ec-6e89ff95793a,295616c0-387b-4f60-a337-7743cd6be04e,Bavarski dvor,24
cdabf1ea-b04c-480a-8359-72c46e6864ab,25cde952-4896-4977-b229-75e09b3e3661,c87db9be-1fba-4102-a743-0ee4317dd5af,Bavarski dvor,242
7c149b59-2bc6-45cb-95c8-69e18a0db627,a0e0a21b-b8ce-4d76-bbc2-04e179367fee,eb165f50-9c43-4b09-9658-469a16d3dc83,Kodeljevo,53
e9d9f622-7394-4c5c-9031-a41855a64aa7,db13a26e-19d4-4b8a-a78a-01ef25d58834,1ce1c3a8-e0f6-4f90-b1aa-1448759d8b3c,Astra,56
aa42017d-812a-4175-bc9b-0fec03b18931,fb0042f8-d9e2-4916-b60a-38a026acf0c9,fef200e9-4d98-425b-ab14-8110e2aa85d7,Drama,142
454817d3-3750-49c7-994c-14d06fd2c634,3c6ebf90-c611-4535-b2b0-22fba3f7649a,cdabf1ea-b04c-480a-8359-72c46e6864ab,Bežigrad,2
c5ec5e81-2ce4-452d-bd7a-595de4f8b34f,e786b2df-34ed-4246-832e-7c3d538ac1f4,c87db9be-1fba-4102-a743-0ee4317dd5af,Bavarski dvor,27
6559d555-672b-4633-8a81-0ae68fb963eb,47637057-8d6a-4cf9-bd56-3ac90748fcc4,N/A,N/A,660
5de6ff80-1352-43df-b5ec-1df59f2f492b,48b163cd-b819-4849-aee1-8b1da77657ab,c87db9be-1fba-4102-a743-0ee4317dd5af,Bavarski dvor,84
8589e5d1-21b4-4210-ad7a-4bf91f9a715d,5d7f28a6-2a2a-4333-aa06-48edfb652f86,a719a87c-4e93-4387-a6d1-2631a487f7e0,Ajdovščina,131
e468b92f-fa4a-4819-bb11-37761deaf4ca,6c56976b-4ae1-429f-bcab-0cfc37e3580d,6a89c110-a0f8-4b1a-87f0-33f49c0a658e,Šola Jarše,44
0b4a072e-6c2d-4c71-ab80-2b7142df81de,223f660b-c391-4120-bf3c-7bf06781686b,a2ce7e6f-0f99-443a-a973-81a0b9c60261,Astra,83
fef200e9-4d98-425b-ab14-8110e2aa85d7,2388ce1f-c947-42d7-97f3-e01a7254c933,N/A,N/A,660
223f660b-c391-4120-bf3c-7bf06781686b,8589e5d1-21b4-4210-ad7a-4bf91f9a715d,717dda7e-d793-4697-8f60-b64ee8b1edc4,Gosposvetska,37
ef31a8be-b01d-44cd-95cf-3db8e918af26,48507e1a-32df-4552-9448-3b345760b75f,a2ce7e6f-0f99-443a-a973-81a0b9c60261,Astra,70
ac3afe7d-a2b3-4d5d-9e6a-1d2412a3bc70,1b3ddeca-a066-43ee-9ae5-8339628129c2,6459bd02-d8f8-413e-9402-10b916f09a4f,7. septembra,310
7c149b59-2bc6-45cb-95c8-69e18a0db627,c87db9be-1fba-4102-a743-0ee4317dd5af,484b5c91-1220-43ba-af79-84e712fcc46b,Slovenija avto,153
4ca7ae7e-380b-45e3-81de-00ffab5bb531,e9d9f622-7394-4c5c-9031-a41855a64aa7,a0e0a21b-b8ce-4d76-bbc2-04e179367fee,Šola Jarše,141
35aedf45-cca3-4f2f-931b-138d29d20fe9,f14a6236-8af2-47bf-9270-432377662a63,5d7f28a6-2a2a-4333-aa06-48edfb652f86,Pošta,123
6edebb46-d04f-45c4-99a4-100f7f0b2660,7eb88e01-82e9-4af4-84d0-69c6ea9dc82c,c87db9be-1fba-4102-a743-0ee4317dd5af,Bavarski dvor,98
5de6ff80-1352-43df-b5ec-1df59f2f492b,a7177a3d-8db2-43fb-8910-f95857f0ed97,N/A,N/A,660
4e8ccfa1-b58c-4ee1-ad82-2e8a645071f3,379bc761-04b5-4227-be76-3b870fe3e69f,484b5c91-1220-43ba-af79-84e712fcc46b,Slovenija avto,283
3c6ebf90-c611-4535-b2b0-22fba3f7649a,80c65758-5f25-4003-8d55-10ff96fe8310,c87db9be-1fba-4102-a743-0ee4317dd5af,Bavarski dvor,194
ef31a8be-b01d-44cd-95cf-3db8e918af26,8eeea585-6168-45b8-a5d4-336e61826043,295616c0-387b-4f60-a337-7743cd6be04e,Bavarski dvor,144
e0bcd677-6012-4c90-a884-44dffafdffec,fb0042f8-d9e2-4916-b60a-38a026acf0c9,9bd3ee10-bc61-44e8-8cf3-a37cffd54da0,DOMŽALE kolodvor,42
abc9fd26-5442-468b-93b6-4d5eb76d0f1f,8598b85d-3e1d-4767-b72f-0c209038841f,f33b721f-a8a3-4aad-96f2-077da09ebaa6,Razstavišče,75
1eadcdb9-60cd-47c9-8eec-527c3465a685,4e8ccfa1-b58c-4ee1-ad82-2e8a645071f3,a719a87c-4e93-4387-a6d1-2631a487f7e0,Ajdovščina,395
c627c9f2-af02-4d83-969a-566719bb09e3,2388ce1f-c947-42d7-97f3-e01a7254c933,N/A,N/A,660
5de84f88-3f32-4636-8c30-03cc267ecf37,a719a87c-4e93-4387-a6d1-2631a487f7e0,c87db9be-1fba-4102-a743-0ee4317dd5af,Bavarski dvor,71
96d4c75b-6452-4c70-a31e-c234262ba38b,7310c006-62b8-4f94-bb9c-d5c26cb3faad,a719a87c-4e93-4387-a6d1-2631a487f7e0,Ajdovščina,15
d98335a0-1291-4d4c-be62-16b11c356575,91fb6c6e-49cf-49d3-97d4-6ae228f9bfa1,717dda7e-d793-4697-8f60-b64ee8b1edc4,Gosposvetska,133
454817d3-3750-49c7-994c-14d06fd2c634,25cde952-4896-4977-b229-75e09b3e3661,295616c0-387b-4f60-a337-7743cd6be04e,Bavarski dvor,88
277bc73c-e61d-4046-bcfd-31d6161c568e,6edebb46-d04f-45c4-99a4-100f7f0b2660,98fa3880-5936-4ec8-ba04-39c7ff9a0e6a,Stara cerkev,242
c22879e5-8e90-4540-9a74-5f139208e492,52e5adea-e194-4fc1-809c-1d6421f8f8db,717dda7e-d793-4697-8f60-b64ee8b1edc4,Gosposvetska,304
023d7b7a-b411-4e61-8746-b07f9e5c8f90,38b3abed-0592-407b-96c3-85a026f2e192,717dda7e-d793-4697-8f60-b64ee8b1edc4,Gosposvetska,10
c5ec5e81-2ce4-452d-bd7a-595de4f8b34f,0dc86a8f-0f41-44c7-978c-e06cb63cbbcf,c87db9be-1fba-4102-a743-0ee4317dd5af,Bavarski dvor,27
db13a26e-19d4-4b8a-a78a-01ef25d58834,592b37eb-8255-4758-ae8a-7cef98521013,6bd46cb7-9e5d-453a-878a-bcc38fb2a5f2,Sava,1
77dcd833-fa4d-4c5a-93b1-31284942e61d,2f18bcfa-6189-4de4-b06f-132d3392e7d6,c87db9be-1fba-4102-a743-0ee4317dd5af,Bavarski dvor,484
a0b1fb90-3f6a-4231-910a-18be192ac762,277bc73c-e61d-4046-bcfd-31d6161c568e,a719a87c-4e93-4387-a6d1-2631a487f7e0,Ajdovščina,123
ab987eb0-c970-4577-8db9-0cd507a6cab6,769b7bc7-4f95-4bb2-9c99-37ba8e8b4bd5,fef200e9-4d98-425b-ab14-8110e2aa85d7,Drama,130
5cc8a08d-c0af-491f-9a9c-b8b4f5f23bc0,c297ac70-8f43-4fbc-a8a4-366ddb883a8d,a0b1fb90-3f6a-4231-910a-18be192ac762,Flajšmanova,50
c22879e5-8e90-4540-9a74-5f139208e492,223f660b-c391-4120-bf3c-7bf06781686b,c5ec5e81-2ce4-452d-bd7a-595de4f8b34f,Prušnikova,6
6559d555-672b-4633-8a81-0ae68fb963eb,1505c6fe-6080-424e-98d1-24c312cfacf3,717dda7e-d793-4697-8f60-b64ee8b1edc4,Gosposvetska,64
12304b99-9a07-485a-a101-eaca90495d48,923bd774-0651-4e0a-8624-3acfb7ecd5ff,a719a87c-4e93-4387-a6d1-2631a487f7e0,Ajdovščina,218
3edd6057-3847-4c42-b8ec-6e89ff95793a,47637057-8d6a-4cf9-bd56-3ac90748fcc4,295616c0-387b-4f60-a337-7743cd6be04e,Bavarski dvor,133
9b0074d2-2c92-4c01-830b-00be8e05b412,277bc73c-e61d-4046-bcfd-31d6161c568e,fef200e9-4d98-425b-ab14-8110e2aa85d7,Drama,197
294c40c4-18e4-4d92-a947-911a8623de89,2ec182e2-769f-427f-b9b5-c4118890cb96,c22879e5-8e90-4540-9a74-5f139208e492,Friškovec,34
6a89c110-a0f8-4b1a-87f0-33f49c0a658e,b59656a4-b6e7-4b87-977c-078c59088a50,fef200e9-4d98-425b-ab14-8110e2aa85d7,Drama,76
c0ff37c8-ac6c-4284-ad32-0ad29fd30dc2,2f874852-bc80-4ff3-b6bf-a914e31251c8,717dda7e-d793-4697-8f60-b64ee8b1edc4,Gosposvetska,67
1eadcdb9-60cd-47c9-8eec-527c3465a685,4038e02e-f22f-4af0-ba4f-7aab855b53af,fef200e9-4d98-425b-ab14-8110e2aa85d7,Drama,103
5de84f88-3f32-4636-8c30-03cc267ecf37,2f18bcfa-6189-4de4-b06f-132d3392e7d6,295616c0-387b-4f60-a337-7743cd6be04e,Bavarski dvor,105
2ec182e2-769f-427f-b9b5-c4118890cb96,023d7b7a-b411-4e61-8746-b07f9e5c8f90,c87db9be-1fba-4102-a743-0ee4317dd5af,Bavarski dvor,22
271db19a-744b-41a0-869d-0c3e0e2cb6bf,294c40c4-18e4-4d92-a947-911a8623de89,c5ec5e81-2ce4-452d-bd7a-595de4f8b34f,Prušnikova,97
abc9fd26-5442-468b-93b6-4d5eb76d0f1f,e0bcd677-6012-4c90-a884-44dffafdffec,295616c0-387b-4f60-a337-7743cd6be04e,Bavarski dvor,100
48b163cd-b819-4849-aee1-8b1da77657ab,8598b85d-3e1d-4767-b72f-0c209038841f,a719a87c-4e93-4387-a6d1-2631a487f7e0,Ajdovščina,354
48b163cd-b819-4849-aee1-8b1da77657ab,9a1c4c65-df77-481f-87ad-56143f02a864,7eb88e01-82e9-4af4-84d0-69c6ea9dc82c,Kolodvor,87
e0bcd677-6012-4c90-a884-44dffafdffec,f4cfd904-bd11-4247-95df-32c4555a930f,295616c0-387b-4f60-a337-7743cd6be04e,Bavarski dvor,17
f14a6236-8af2-47bf-9270-432377662a63,a7177a3d-8db2-43fb-8910-f95857f0ed97,N/A,N/A,660
80c65758-5f25-4003-8d55-10ff96fe8310,223f660b-c391-4120-bf3c-7bf06781686b,a0e0a21b-b8ce-4d76-bbc2-04e179367fee,Šola Jarše,49
c22879e5-8e90-4540-9a74-5f139208e492,88cdd36c-03d2-4374-a22f-110dd9f75ea0,0b4a072e-6c2d-4c71-ab80-2b7142df81de,Tivoli,433
48507e1a-32df-4552-9448-3b345760b75f,2388ce1f-c947-42d7-97f3-e01a7254c933,N/A,N/A,660
c87db9be-1fba-4102-a743-0ee4317dd5af,7bcbdcaa-00b9-47d4-8982-09da26cd7bcb,5d7f28a6-2a2a-4333-aa06-48edfb652f86,Pošta,136
98fa3880-5936-4ec8-ba04-39c7ff9a0e6a,4ca7ae7e-380b-45e3-81de-00ffab5bb531,fef200e9-4d98-425b-ab14-8110e2aa85d7,Drama,38
c627c9f2-af02-4d83-969a-566719bb09e3,e6f5183b-c615-4f47-b4fb-204ee070e825,c22879e5-8e90-4540-9a74-5f139208e492,Friškovec,299
7484317c-269f-425f-8118-23eedab4e5f1,4ca7ae7e-380b-45e3-81de-00ffab5bb531,c87db9be-1fba-4102-a743-0ee4317dd5af,Bavarski dvor,85
a0b1fb90-3f6a-4231-910a-18be192ac762,98fa3880-5936-4ec8-ba04-39c7ff9a0e6a,484b5c91-1220-43ba-af79-84e712fcc46b,Slovenija avto,201
c627c9f2-af02-4d83-969a-566719bb09e3,a2ce7e6f-0f99-443a-a973-81a0b9c60261,98fa3880-5936-4ec8-ba04-39c7ff9a0e6a,Stara cerkev,5
8512e1be-4637-483b-a3e6-78ccc6d2c5b1,ef31a8be-b01d-44cd-95cf-3db8e918af26,1ce1c3a8-e0f6-4f90-b1aa-1448759d8b3c,Astra,473
aa42017d-812a-4175-bc9b-0fec03b18931,fef200e9-4d98-425b-ab14-8110e2aa85d7,f33b721f-a8a3-4aad-96f2-077da09ebaa6,Razstavišče,8
35aedf45-cca3-4f2f-931b-138d29d20fe9,eb165f50-9c43-4b09-9658-469a16d3dc83,484b5c91-1220-43ba-af79-84e712fcc46b,Slovenija avto,169
a7177a3d-8db2-43fb-8910-f95857f0ed97,6c56976b-4ae1-429f-bcab-0cfc37e3580d,N/A,N/A,660
923bd774-0651-4e0a-8624-3acfb7ecd5ff,47637057-8d6a-4cf9-bd56-3ac90748fcc4,5d7f28a6-2a2a-4333-aa06-48edfb652f86,Pošta,493
c87db9be-1fba-4102-a743-0ee4317dd5af,e0bcd677-6012-4c90-a884-44dffafdffec,7fad8003-fb10-489d-bf8d-6d433310ad90,Nove Jarše,26
4038e02e-f22f-4af0-ba4f-7aab855b53af,8598b85d-3e1d-4767-b72f-0c209038841f,6bd46cb7-9e5d-453a-878a-bcc38fb2a5f2,Sava,12
fef200e9-4d98-425b-ab14-8110e2aa85d7,277bc73c-e61d-4046-bcfd-31d6161c568e,1ce1c3a8-e0f6-4f90-b1aa-1448759d8b3c,Astra,288
e468b92f-fa4a-4819-bb11-37761deaf4ca,7eb88e01-82e9-4af4-84d0-69c6ea9dc82c,5d7f28a6-2a2a-4333-aa06-48edfb652f86,Pošta,473
7bcbdcaa-00b9-47d4-8982-09da26cd7bcb,9a1c4c65-df77-481f-87ad-56143f02a864,a0e0a21b-b8ce-4d76-bbc2-04e179367fee,Šola Jarše,54
fb0042f8-d9e2-4916-b60a-38a026acf0c9,7c149b59-2bc6-45cb-95c8-69e18a0db627,a719a87c-4e93-4387-a6d1-2631a487f7e0,Ajdovščina,160
f33b721f-a8a3-4aad-96f2-077da09ebaa6,f2b27cbd-5207-4281-8f67-6369d0c50a9b,592b37eb-8255-4758-ae8a-7cef98521013,Rogovilc,30
a2f479c6-4c21-4923-b4ac-86f752507cee,98b60d07-8054-441a-be44-be7aa24f4253,N/A,N/A,660
ef31a8be-b01d-44cd-95cf-3db8e918af26,2f874852-bc80-4ff3-b6bf-a914e31251c8,a0b1fb90-3f6a-4231-910a-18be192ac762,Flajšmanova,374
1ce1c3a8-e0f6-4f90-b1aa-1448759d8b3c,eb165f50-9c43-4b09-9658-469a16d3dc83,9cfac7e2-9653-4e52-a6d3-27756d27f817,Kino Šiška,393
6bd46cb7-9e5d-453a-878a-bcc38fb2a5f2,38b3abed-0592-407b-96c3-85a026f2e192,592b37eb-8255-4758-ae8a-7cef98521013,Rogovilc,72
dfde6478-02b5-471b-a470-29cb0e84542f,5de84f88-3f32-4636-8c30-03cc267ecf37,4ca7ae7e-380b-45e3-81de-00ffab5bb531,Yulon,143
3c6ebf90-c611-4535-b2b0-22fba3f7649a,a0b1fb90-3f6a-4231-910a-18be192ac762,c87db9be-1fba-4102-a743-0ee4317dd5af,Bavarski dvor,138
1505c6fe-6080-424e-98d1-24c312cfacf3,c297ac70-8f43-4fbc-a8a4-366ddb883a8d,295616c0-387b-4f60-a337-7743cd6be04e,Bavarski dvor,93
9a14b0ec-f13a-46f0-8c4f-07d8b99241e2,86a75ffc-a78f-401f-8991-2eb0371417b2,7bcbdcaa-00b9-47d4-8982-09da26cd7bcb,Zaloška,27
dfde6478-02b5-471b-a470-29cb0e84542f,023d7b7a-b411-4e61-8746-b07f9e5c8f90,223f660b-c391-4120-bf3c-7bf06781686b,Tovorni kolodvor,161
1e157c31-d34d-4c2e-91b4-8c000c88f6dd,9cfac7e2-9653-4e52-a6d3-27756d27f817,c87db9be-1fba-4102-a743-0ee4317dd5af,Bavarski dvor,106
277bc73c-e61d-4046-bcfd-31d6161c568e,5de6ff80-1352-43df-b5ec-1df59f2f492b,f33b721f-a8a3-4aad-96f2-077da09ebaa6,Razstavišče,314
5cc8a08d-c0af-491f-9a9c-b8b4f5f23bc0,9746f277-af08-4cce-92fa-41da5eca8ac2,a719a87c-4e93-4387-a6d1-2631a487f7e0,Ajdovščina,150
9a1c4c65-df77-481f-87ad-56143f02a864,a719a87c-4e93-4387-a6d1-2631a487f7e0,f4cfd904-bd11-4247-95df-32c4555a930f,Klinični center,92
1b0f629f-acdb-4e94-8c54-018f4334ebf7,38b3abed-0592-407b-96c3-85a026f2e192,484b5c91-1220-43ba-af79-84e712fcc46b,Slovenija avto,58
d98335a0-1291-4d4c-be62-16b11c356575,1e157c31-d34d-4c2e-91b4-8c000c88f6dd,c87db9be-1fba-4102-a743-0ee4317dd5af,Bavarski dvor,74
9b0074d2-2c92-4c01-830b-00be8e05b412,484b5c91-1220-43ba-af79-84e712fcc46b,fef200e9-4d98-425b-ab14-8110e2aa85d7,Drama,160
12304b99-9a07-485a-a101-eaca90495d48,bc66f88b-1412-44cb-b921-030d27335261,7fa32ea0-e884-435a-a81c-51bbd5cedf3e,Zaloška,394
769b7bc7-4f95-4bb2-9c99-37ba8e8b4bd5,e9382efd-d64d-46b0-9a7d-a4e6a0188725,f33b721f-a8a3-4aad-96f2-077da09ebaa6,Razstavišče,15
379bc761-04b5-4227-be76-3b870fe3e69f,1b0f629f-acdb-4e94-8c54-018f4334ebf7,fef200e9-4d98-425b-ab14-8110e2aa85d7,Drama,428
1eadcdb9-60cd-47c9-8eec-527c3465a685,4ca7ae7e-380b-45e3-81de-00ffab5bb531,c87db9be-1fba-4102-a743-0ee4317dd5af,Bavarski dvor,168
ecc4ae87-ae08-4b94-995c-452fdd94df7f,f4cfd904-bd11-4247-95df-32c4555a930f,a0e0a21b-b8ce-4d76-bbc2-04e179367fee,Šola Jarše,251
294c40c4-18e4-4d92-a947-911a8623de89,c297ac70-8f43-4fbc-a8a4-366ddb883a8d,a719a87c-4e93-4387-a6d1-2631a487f7e0,Ajdovščina,259
a7094427-e180-4deb-acaf-5d4488326e9e,81f21fc1-3bd2-4d2a-b563-2d063479c68e,c87db9be-1fba-4102-a743-0ee4317dd5af,Bavarski dvor,330
7fa32ea0-e884-435a-a81c-51bbd5cedf3e,2f18bcfa-6189-4de4-b06f-132d3392e7d6,295616c0-387b-4f60-a337-7743cd6be04e,Bavarski dvor,93
1505c6fe-6080-424e-98d1-24c312cfacf3,484b5c91-1220-43ba-af79-84e712fcc46b,484b5c91-1220-43ba-af79-84e712fcc46b,Slovenija avto,73
a0e0a21b-b8ce-4d76-bbc2-04e179367fee,bc66f88b-1412-44cb-b921-030d27335261,9bd3ee10-bc61-44e8-8cf3-a37cffd54da0,DOMŽALE kolodvor,122
1b3ddeca-a066-43ee-9ae5-8339628129c2,a719a87c-4e93-4387-a6d1-2631a487f7e0,c87db9be-1fba-4102-a743-0ee4317dd5af,Bavarski dvor,234
ecc4ae87-ae08-4b94-995c-452fdd94df7f,277bc73c-e61d-4046-bcfd-31d6161c568e,6edebb46-d04f-45c4-99a4-100f7f0b2660,Zadvor,250
6a89c110-a0f8-4b1a-87f0-33f49c0a658e,d4c51b31-46fd-4da8-ba15-8068e666d483,fef200e9-4d98-425b-ab14-8110e2aa85d7,Drama,169
1ce1c3a8-e0f6-4f90-b1aa-1448759d8b3c,7fa32ea0-e884-435a-a81c-51bbd5cedf3e,484b5c91-1220-43ba-af79-84e712fcc46b,Slovenija avto,652
fb7704f0-d31e-4561-83e4-621a8c62654b,9a1c4c65-df77-481f-87ad-56143f02a864,c87db9be-1fba-4102-a743-0ee4317dd5af,Bavarski dvor,101
6559d555-672b-4633-8a81-0ae68fb963eb,1505c6fe-6080-424e-98d1-24c312cfacf3,a0e0a21b-b8ce-4d76-bbc2-04e179367fee,Šola Jarše,375
769b7bc7-4f95-4bb2-9c99-37ba8e8b4bd5,38b3abed-0592-407b-96c3-85a026f2e192,5d7f28a6-2a2a-4333-aa06-48edfb652f86,Pošta,567
e786b2df-34ed-4246-832e-7c3d538ac1f4,0be237aa-4b91-4d2b-ac23-0cebac975a0d,f33b721f-a8a3-4aad-96f2-077da09ebaa6,Razstavišče,159
8eeea585-6168-45b8-a5d4-336e61826043,e9382efd-d64d-46b0-9a7d-a4e6a0188725,f14a6236-8af2-47bf-9270-432377662a63,Viadukt,91
7484317c-269f-425f-8118-23eedab4e5f1,47a3bd8a-72ae-4e20-b43f-10bfaf49012c,98fa3880-5936-4ec8-ba04-39c7ff9a0e6a,Stara cerkev,452
3fbf6322-fb74-4a50-a81a-bfca73abc26b,52e5adea-e194-4fc1-809c-1d6421f8f8db,c87db9be-1fba-4102-a743-0ee4317dd5af,Bavarski dvor,226
a7094427-e180-4deb-acaf-5d4488326e9e,dfde6478-02b5-471b-a470-29cb0e84542f,295616c0-387b-4f60-a337-7743cd6be04e,Bavarski dvor,8
f15ddf31-fc11-41ba-988d-376c83e38f58,c22879e5-8e90-4540-9a74-5f139208e492,N/A,N/A,660
fef200e9-4d98-425b-ab14-8110e2aa85d7,9b0074d2-2c92-4c01-830b-00be8e05b412,a719a87c-4e93-4387-a6d1-2631a487f7e0,Ajdovščina,287
9a1c4c65-df77-481f-87ad-56143f02a864,a2ce7e6f-0f99-443a-a973-81a0b9c60261,295616c0-387b-4f60-a337-7743cd6be04e,Bavarski dvor,45
7bcbdcaa-00b9-47d4-8982-09da26cd7bcb,6bd46cb7-9e5d-453a-878a-bcc38fb2a5f2,5d7f28a6-2a2a-4333-aa06-48edfb652f86,Pošta,68
c22879e5-8e90-4540-9a74-5f139208e492,abc9fd26-5442-468b-93b6-4d5eb76d0f1f,7bcbdcaa-00b9-47d4-8982-09da26cd7bcb,Zaloška,165
7bcbdcaa-00b9-47d4-8982-09da26cd7bcb,6bd46cb7-9e5d-453a-878a-bcc38fb2a5f2,295616c0-387b-4f60-a337-7743cd6be04e,Bavarski dvor,235
ac3afe7d-a2b3-4d5d-9e6a-1d2412a3bc70,2388ce1f-c947-42d7-97f3-e01a7254c933,N/A,N/A,660
2f874852-bc80-4ff3-b6bf-a914e31251c8,5de6ff80-1352-43df-b5ec-1df59f2f492b,fef200e9-4d98-425b-ab14-8110e2aa85d7,Drama,304
454817d3-3750-49c7-994c-14d06fd2c634,d4c51b31-46fd-4da8-ba15-8068e666d483,1ce1c3a8-e0f6-4f90-b1aa-1448759d8b3c,Astra,23
81f21fc1-3bd2-4d2a-b563-2d063479c68e,c627c9f2-af02-4d83-969a-566719bb09e3,717dda7e-d793-4697-8f60-b64ee8b1edc4,Gosposvetska,169
5de84f88-3f32-4636-8c30-03cc267ecf37,6182f8e8-c45e-4606-b4a4-d909bd44d2cc,f33b721f-a8a3-4aad-96f2-077da09ebaa6,Razstavišče,32
6182f8e8-c45e-4606-b4a4-d909bd44d2cc,5de6ff80-1352-43df-b5ec-1df59f2f492b,fef200e9-4d98-425b-ab14-8110e2aa85d7,Drama,1
b59656a4-b6e7-4b87-977c-078c59088a50,8589e5d1-21b4-4210-ad7a-4bf91f9a715d,295616c0-387b-4f60-a337-7743cd6be04e,Bavarski dvor,44
77dcd833-fa4d-4c5a-93b1-31284942e61d,a2ce7e6f-0f99-443a-a973-81a0b9c60261,295616c0-387b-4f60-a337-7743cd6be04e,Bavarski dvor,13
f14a6236-8af2-47bf-9270-432377662a63,a2ce7e6f-0f99-443a-a973-81a0b9c60261,c87db9be-1fba-4102-a743-0ee4317dd5af,Bavarski dvor,2
7bcbdcaa-00b9-47d4-8982-09da26cd7bcb,277bc73c-e61d-4046-bcfd-31d6161c568e,295616c0-387b-4f60-a337-7743cd6be04e,Bavarski dvor,337
379bc761-04b5-4227-be76-3b870fe3e69f,7310c006-62b8-4f94-bb9c-d5c26cb3faad,7fa32ea0-e884-435a-a81c-51bbd5cedf3e,Zaloška,13
7fa32ea0-e884-435a-a81c-51bbd5cedf3e,c22879e5-8e90-4540-9a74-5f139208e492,295616c0-387b-4f60-a337-7743cd6be04e,Bavarski dvor,125
91fb6c6e-49cf-49d3-97d4-6ae228f9bfa1,484b5c91-1220-43ba-af79-84e712fcc46b,717dda7e-d793-4697-8f60-b64ee8b1edc4,Gosposvetska,279
223f660b-c391-4120-bf3c-7bf06781686b,717c914e-f928-4671-95f6-26c1ddb95799,295616c0-387b-4f60-a337-7743cd6be04e,Bavarski dvor,138
47637057-8d6a-4cf9-bd56-3ac90748fcc4,0be237aa-4b91-4d2b-ac23-0cebac975a0d,fef200e9-4d98-425b-ab14-8110e2aa85d7,Drama,250
bc66f88b-1412-44cb-b921-030d27335261,a7094427-e180-4deb-acaf-5d4488326e9e,7fa32ea0-e884-435a-a81c-51bbd5cedf3e,Zaloška,108
1035c6f7-304e-4329-a3b2-4eb5d985a577,717c914e-f928-4671-95f6-26c1ddb95799,c87db9be-1fba-4102-a743-0ee4317dd5af,Bavarski dvor,28
379bc761-04b5-4227-be76-3b870fe3e69f,dfde6478-02b5-471b-a470-29cb0e84542f,c87db9be-1fba-4102-a743-0ee4317dd5af,Bavarski dvor,16
1b3ddeca-a066-43ee-9ae5-8339628129c2,f2b27cbd-5207-4281-8f67-6369d0c50a9b,c87db9be-1fba-4102-a743-0ee4317dd5af,Bavarski dvor,5
1035c6f7-304e-4329-a3b2-4eb5d985a577,8512e1be-4637-483b-a3e6-78ccc6d2c5b1,6a89c110-a0f8-4b1a-87f0-33f49c0a658e,Šola Jarše,360
12304b99-9a07-485a-a101-eaca90495d48,6182f8e8-c45e-4606-b4a4-d909bd44d2cc,ecc4ae87-ae08-4b94-995c-452fdd94df7f,Privoz,75
9bd3ee10-bc61-44e8-8cf3-a37cffd54da0,c5ec5e81-2ce4-452d-bd7a-595de4f8b34f,a719a87c-4e93-4387-a6d1-2631a487f7e0,Ajdovščina,399
47637057-8d6a-4cf9-bd56-3ac90748fcc4,ab987eb0-c970-4577-8db9-0cd507a6cab6,6a89c110-a0f8-4b1a-87f0-33f49c0a658e,Šola Jarše,304
c627c9f2-af02-4d83-969a-566719bb09e3,3c6ebf90-c611-4535-b2b0-22fba3f7649a,7fa32ea0-e884-435a-a81c-51bbd5cedf3e,Zaloška,147
1b0f629f-acdb-4e94-8c54-018f4334ebf7,8c7fa045-888b-46d0-8189-6f82623bf481,717dda7e-d793-4697-8f60-b64ee8b1edc4,Gosposvetska,106
1dc99fbb-5496-4aab-a4b6-32e653ccc789,81f21fc1-3bd2-4d2a-b563-2d063479c68e,b59656a4-b6e7-4b87-977c-078c59088a50,Hajdrihova,195
3c6ebf90-c611-4535-b2b0-22fba3f7649a,81f21fc1-3bd2-4d2a-b563-2d063479c68e,77dcd833-fa4d-4c5a-93b1-31284942e61d,Šišenska,453
1b3ddeca-a066-43ee-9ae5-8339628129c2,c5ec5e81-2ce4-452d-bd7a-595de4f8b34f,f2b27cbd-5207-4281-8f67-6369d0c50a9b,Kodrova,226
7484317c-269f-425f-8118-23eedab4e5f1,379bc761-04b5-4227-be76-3b870fe3e69f,fef200e9-4d98-425b-ab14-8110e2aa85d7,Drama,55
96d4c75b-6452-4c70-a31e-c234262ba38b,c297ac70-8f43-4fbc-a8a4-366ddb883a8d,1b3ddeca-a066-43ee-9ae5-8339628129c2,Žale,8
bc66f88b-1412-44cb-b921-030d27335261,3c6ebf90-c611-4535-b2b0-22fba3f7649a,c22879e5-8e90-4540-9a74-5f139208e492,Friškovec,75
717c914e-f928-4671-95f6-26c1ddb95799,48507e1a-32df-4552-9448-3b345760b75f,f33b721f-a8a3-4aad-96f2-077da09ebaa6,Razstavišče,146
3fbf6322-fb74-4a50-a81a-bfca73abc26b,c297ac70-8f43-4fbc-a8a4-366ddb883a8d,c87db9be-1fba-4102-a743-0ee4317dd5af,Bavarski dvor,90
484b5c91-1220-43ba-af79-84e712fcc46b,96d4c75b-6452-4c70-a31e-c234262ba38b,f4cfd904-bd11-4247-95df-32c4555a930f,Klinični center,102
a7094427-e180-4deb-acaf-5d4488326e9e,c297ac70-8f43-4fbc-a8a4-366ddb883a8d,484b5c91-1220-43ba-af79-84e712fcc46b,Slovenija avto,203
9cfac7e2-9653-4e52-a6d3-27756d27f817,48b163cd-b819-4849-aee1-8b1da77657ab,c87db9be-1fba-4102-a743-0ee4317dd5af,Bavarski dvor,73
5cc8a08d-c0af-491f-9a9c-b8b4f5f23bc0,8589e5d1-21b4-4210-ad7a-4bf91f9a715d,fef200e9-4d98-425b-ab14-8110e2aa85d7,Drama,236
98b60d07-8054-441a-be44-be7aa24f4253,a7094427-e180-4deb-acaf-5d4488326e9e,fef200e9-4d98-425b-ab14-8110e2aa85d7,Drama,99
1eadcdb9-60cd-47c9-8eec-527c3465a685,2f18bcfa-6189-4de4-b06f-132d3392e7d6,277bc73c-e61d-4046-bcfd-31d6161c568e,Center Zalog,1
5de84f88-3f32-4636-8c30-03cc267ecf37,0b4a072e-6c2d-4c71-ab80-2b7142df81de,717dda7e-d793-4697-8f60-b64ee8b1edc4,Gosposvetska,597
dfde6478-02b5-471b-a470-29cb0e84542f,8589e5d1-21b4-4210-ad7a-4bf91f9a715d,295616c0-387b-4f60-a337-7743cd6be04e,Bavarski dvor,97
5de84f88-3f32-4636-8c30-03cc267ecf37,c87db9be-1fba-4102-a743-0ee4317dd5af,a719a87c-4e93-4387-a6d1-2631a487f7e0,Ajdovščina,17
9746f277-af08-4cce-92fa-41da5eca8ac2,1035c6f7-304e-4329-a3b2-4eb5d985a577,a719a87c-4e93-4387-a6d1-2631a487f7e0,Ajdovščina,252
223f660b-c391-4120-bf3c-7bf06781686b,4038e02e-f22f-4af0-ba4f-7aab855b53af,f33b721f-a8a3-4aad-96f2-077da09ebaa6,Razstavišče,252
d4c51b31-46fd-4da8-ba15-8068e666d483,c5ec5e81-2ce4-452d-bd7a-595de4f8b34f,fef200e9-4d98-425b-ab14-8110e2aa85d7,Drama,166
9a14b0ec-f13a-46f0-8c4f-07d8b99241e2,484b5c91-1220-43ba-af79-84e712fcc46b,7fa32ea0-e884-435a-a81c-51bbd5cedf3e,Zaloška,31
023d7b7a-b411-4e61-8746-b07f9e5c8f90,6559d555-672b-4633-8a81-0ae68fb963eb,295616c0-387b-4f60-a337-7743cd6be04e,Bavarski dvor,141
05643914-8ff7-4064-8737-2761d44a083f,609f0950-bb8c-4eaf-a931-8575b8aff1ac,7fa32ea0-e884-435a-a81c-51bbd5cedf3e,Zaloška,291
ab987eb0-c970-4577-8db9-0cd507a6cab6,0be237aa-4b91-4d2b-ac23-0cebac975a0d,7fa32ea0-e884-435a-a81c-51bbd5cedf3e,Zaloška,68
1dc99fbb-5496-4aab-a4b6-32e653ccc789,379bc761-04b5-4227-be76-3b870fe3e69f,a719a87c-4e93-4387-a6d1-2631a487f7e0,Ajdovščina,471
0dc86a8f-0f41-44c7-978c-e06cb63cbbcf,0dc86a8f-0f41-44c7-978c-e06cb63cbbcf,35aedf45-cca3-4f2f-931b-138d29d20fe9,MEDVODE,1
1505c6fe-6080-424e-98d1-24c312cfacf3,d98335a0-1291-4d4c-be62-16b11c356575,8598b85d-3e1d-4767-b72f-0c209038841f,Štepanja vas,9
9b0074d2-2c92-4c01-830b-00be8e05b412,eb165f50-9c43-4b09-9658-469a16d3dc83,7bcbdcaa-00b9-47d4-8982-09da26cd7bcb,Zaloška,426
f14a6236-8af2-47bf-9270-432377662a63,e9d9f622-7394-4c5c-9031-a41855a64aa7,717dda7e-d793-4697-8f60-b64ee8b1edc4,Gosposvetska,32
c22879e5-8e90-4540-9a74-5f139208e492,59ee5f7d-476b-4958-a922-2040a9308f3b,fef200e9-4d98-425b-ab14-8110e2aa85d7,Drama,67
769b7bc7-4f95-4bb2-9c99-37ba8e8b4bd5,a7177a3d-8db2-43fb-8910-f95857f0ed97,N/A,N/A,660
f2b27cbd-5207-4281-8f67-6369d0c50a9b,abc9fd26-5442-468b-93b6-4d5eb76d0f1f,a719a87c-4e93-4387-a6d1-2631a487f7e0,Ajdovščina,51
1e157c31-d34d-4c2e-91b4-8c000c88f6dd,ac3afe7d-a2b3-4d5d-9e6a-1d2412a3bc70,295616c0-387b-4f60-a337-7743cd6be04e,Bavarski dvor,56
cee2862b-9b70-4880-8fa3-16c6d2efae1b,4d216485-ef41-45e7-9182-0c254644955c,7310c006-62b8-4f94-bb9c-d5c26cb3faad,Polje,96
a2f479c6-4c21-4923-b4ac-86f752507cee,c0ff37c8-ac6c-4284-ad32-0ad29fd30dc2,N/A,N/A,660
aa42017d-812a-4175-bc9b-0fec03b18931,9cfac7e2-9653-4e52-a6d3-27756d27f817,295616c0-387b-4f60-a337-7743cd6be04e,Bavarski dvor,125
f2b27cbd-5207-4281-8f67-6369d0c50a9b,bc66f88b-1412-44cb-b921-030d27335261,223f660b-c391-4120-bf3c-7bf06781686b,Tovorni kolodvor,167
271db19a-744b-41a0-869d-0c3e0e2cb6bf,277bc73c-e61d-4046-bcfd-31d6161c568e,c87db9be-1fba-4102-a743-0ee4317dd5af,Bavarski dvor,39
21764d19-62cc-49fd-bac9-403aeac6a6b9,1035c6f7-304e-4329-a3b2-4eb5d985a577,484b5c91-1220-43ba-af79-84e712fcc46b,Slovenija avto,61
5de84f88-3f32-4636-8c30-03cc267ecf37,294c40c4-18e4-4d92-a947-911a8623de89,a719a87c-4e93-4387-a6d1-2631a487f7e0,Ajdovščina,163
e786b2df-34ed-4246-832e-7c3d538ac1f4,5de6ff80-1352-43df-b5ec-1df59f2f492b,f14a6236-8af2-47bf-9270-432377662a63,Viadukt,50
6bd46cb7-9e5d-453a-878a-bcc38fb2a5f2,f33b721f-a8a3-4aad-96f2-077da09ebaa6,f33b721f-a8a3-4aad-96f2-077da09ebaa6,Razstavišče,16
8589e5d1-21b4-4210-ad7a-4bf91f9a715d,a0e0a21b-b8ce-4d76-bbc2-04e179367fee,a0e0a21b-b8ce-4d76-bbc2-04e179367fee,Šola Jarše,16
277bc73c-e61d-4046-bcfd-31d6161c568e,fb7704f0-d31e-4561-83e4-621a8c62654b,fef200e9-4d98-425b-ab14-8110e2aa85d7,Drama,19
1dc99fbb-5496-4aab-a4b6-32e653ccc789,9b0074d2-2c92-4c01-830b-00be8e05b412,223f660b-c391-4120-bf3c-7bf06781686b,Tovorni kolodvor,202
4ca7ae7e-380b-45e3-81de-00ffab5bb531,91fb6c6e-49cf-49d3-97d4-6ae228f9bfa1,c87db9be-1fba-4102-a743-0ee4317dd5af,Bavarski dvor,90
5de6ff80-1352-43df-b5ec-1df59f2f492b,88cdd36c-03d2-4374-a22f-110dd9f75ea0,295616c0-387b-4f60-a337-7743cd6be04e,Bavarski dvor,269
ab987eb0-c970-4577-8db9-0cd507a6cab6,12304b99-9a07-485a-a101-eaca90495d48,a719a87c-4e93-4387-a6d1-2631a487f7e0,Ajdovščina,61
b59656a4-b6e7-4b87-977c-078c59088a50,1035c6f7-304e-4329-a3b2-4eb5d985a577,295616c0-387b-4f60-a337-7743cd6be04e,Bavarski dvor,207
aa42017d-812a-4175-bc9b-0fec03b18931,6edebb46-d04f-45c4-99a4-100f7f0b2660,c22879e5-8e90-4540-9a74-5f139208e492,Friškovec,143
0dc86a8f-0f41-44c7-978c-e06cb63cbbcf,aa42017d-812a-4175-bc9b-0fec03b18931,a719a87c-4e93-4387-a6d1-2631a487f7e0,Ajdovščina,273
717dda7e-d793-4697-8f60-b64ee8b1edc4,abc9fd26-5442-468b-93b6-4d5eb76d0f1f,fef200e9-4d98-425b-ab14-8110e2aa85d7,Drama,65
8589e5d1-21b4-4210-ad7a-4bf91f9a715d,294c40c4-18e4-4d92-a947-911a8623de89,295616c0-387b-4f60-a337-7743cd6be04e,Bavarski dvor,24
47637057-8d6a-4cf9-bd56-3ac90748fcc4,f15ddf31-fc11-41ba-988d-376c83e38f58,a719a87c-4e93-4387-a6d1-2631a487f7e0,Ajdovščina,15
6edebb46-d04f-45c4-99a4-100f7f0b2660,80c65758-5f25-4003-8d55-10ff96fe8310,f33b721f-a8a3-4aad-96f2-077da09ebaa6,Razstavišče,186
81f21fc1-3bd2-4d2a-b563-2d063479c68e,7bcbdcaa-00b9-47d4-8982-09da26cd7bcb,295616c0-387b-4f60-a337-7743cd6be04e,Bavarski dvor,100
9a14b0ec-f13a-46f0-8c4f-07d8b99241e2,c87db9be-1fba-4102-a743-0ee4317dd5af,aa42017d-812a-4175-bc9b-0fec03b18931,Ambrožev trg,300
454817d3-3750-49c7-994c-14d06fd2c634,ef31a8be-b01d-44cd-95cf-3db8e918af26,c87db9be-1fba-4102-a743-0ee4317dd5af,Bavarski dvor,54
1505c6fe-6080-424e-98d1-24c312cfacf3,9e109242-5aad-4fb7-b0c8-576eef8aa4e0,a719a87c-4e93-4387-a6d1-2631a487f7e0,Ajdovščina,337
fb0042f8-d9e2-4916-b60a-38a026acf0c9,e468b92f-fa4a-4819-bb11-37761deaf4ca,N/A,N/A,660
e9d9f622-7394-4c5c-9031-a41855a64aa7,21764d19-62cc-49fd-bac9-403aeac6a6b9,295616c0-387b-4f60-a337-7743cd6be04e,Bavarski dvor,439
9746f277-af08-4cce-92fa-41da5eca8ac2,0b4a072e-6c2d-4c71-ab80-2b7142df81de,98fa3880-5936-4ec8-ba04-39c7ff9a0e6a,Stara cerkev,32
0dc86a8f-0f41-44c7-978c-e06cb63cbbcf,5d7f28a6-2a2a-4333-aa06-48edfb652f86,295616c0-387b-4f60-a337-7743cd6be04e,Bavarski dvor,111
e786b2df-34ed-4246-832e-7c3d538ac1f4,e468b92f-fa4a-4819-bb11-37761deaf4ca,295616c0-387b-4f60-a337-7743cd6be04e,Bavarski dvor,8
a0b1fb90-3f6a-4231-910a-18be192ac762,923bd774-0651-4e0a-8624-3acfb7ecd5ff,c22879e5-8e90-4540-9a74-5f139208e492,Friškovec,166
923bd774-0651-4e0a-8624-3acfb7ecd5ff,c87db9be-1fba-4102-a743-0ee4317dd5af,a719a87c-4e93-4387-a6d1-2631a487f7e0,Ajdovščina,368
59ee5f7d-476b-4958-a922-2040a9308f3b,abc9fd26-5442-468b-93b6-4d5eb76d0f1f,c22879e5-8e90-4540-9a74-5f139208e492,Friškovec,89
ecc4ae87-ae08-4b94-995c-452fdd94df7f,8eeea585-6168-45b8-a5d4-336e61826043,7fa32ea0-e884-435a-a81c-51bbd5cedf3e,Zaloška,321
a0e0a21b-b8ce-4d76-bbc2-04e179367fee,4e8ccfa1-b58c-4ee1-ad82-2e8a645071f3,717dda7e-d793-4697-8f60-b64ee8b1edc4,Gosposvetska,261
21764d19-62cc-49fd-bac9-403aeac6a6b9,9b0074d2-2c92-4c01-830b-00be8e05b412,a719a87c-4e93-4387-a6d1-2631a487f7e0,Ajdovščina,96
8c7fa045-888b-46d0-8189-6f82623bf481,ac3afe7d-a2b3-4d5d-9e6a-1d2412a3bc70,c22879e5-8e90-4540-9a74-5f139208e492,Friškovec,51
6bd46cb7-9e5d-453a-878a-bcc38fb2a5f2,1eadcdb9-60cd-47c9-8eec-527c3465a685,5de84f88-3f32-4636-8c30-03cc267ecf37,Podvozna pot,140
47637057-8d6a-4cf9-bd56-3ac90748fcc4,ef31a8be-b01d-44cd-95cf-3db8e918af26,295616c0-387b-4f60-a337-7743cd6be04e,Bavarski dvor,393
db13a26e-19d4-4b8a-a78a-01ef25d58834,023d7b7a-b411-4e61-8746-b07f9e5c8f90,5d7f28a6-2a2a-4333-aa06-48edfb652f86,Pošta,35
e9382efd-d64d-46b0-9a7d-a4e6a0188725,023d7b7a-b411-4e61-8746-b07f9e5c8f90,a719a87c-4e93-4387-a6d1-2631a487f7e0,Ajdovščina,239
9a14b0ec-f13a-46f0-8c4f-07d8b99241e2,7eb88e01-82e9-4af4-84d0-69c6ea9dc82c,717dda7e-d793-4697-8f60-b64ee8b1edc4,Gosposvetska,278
c87db9be-1fba-4102-a743-0ee4317dd5af,98b60d07-8054-441a-be44-be7aa24f4253,295616c0-387b-4f60-a337-7743cd6be04e,Bavarski dvor,454
f15ddf31-fc11-41ba-988d-376c83e38f58,f15ddf31-fc11-41ba-988d-376c83e38f58,7eb88e01-82e9-4af4-84d0-69c6ea9dc82c,Kolodvor,16
7c149b59-2bc6-45cb-95c8-69e18a0db627,f15ddf31-fc11-41ba-988d-376c83e38f58,484b5c91-1220-43ba-af79-84e712fcc46b,Slovenija avto,201
fb7704f0-d31e-4561-83e4-621a8c62654b,1dc99fbb-5496-4aab-a4b6-32e653ccc789,c87db9be-1fba-4102-a743-0ee4317dd5af,Bavarski dvor,283
484b5c91-1220-43ba-af79-84e712fcc46b,86a75ffc-a78f-401f-8991-2eb0371417b2,295616c0-387b-4f60-a337-7743cd6be04e,Bavarski dvor,118
769b7bc7-4f95-4bb2-9c99-37ba8e8b4bd5,7fad8003-fb10-489d-bf8d-6d433310ad90,98fa3880-5936-4ec8-ba04-39c7ff9a0e6a,Stara cerkev,117
717c914e-f928-4671-95f6-26c1ddb95799,35aedf45-cca3-4f2f-931b-138d29d20fe9,f14a6236-8af2-47bf-9270-432377662a63,Viadukt,16
fb0042f8-d9e2-4916-b60a-38a026acf0c9,98fa3880-5936-4ec8-ba04-39c7ff9a0e6a,c87db9be-1fba-4102-a743-0ee4317dd5af,Bavarski dvor,598
21764d19-62cc-49fd-bac9-403aeac6a6b9,5de6ff80-1352-43df-b5ec-1df59f2f492b,cee2862b-9b70-4880-8fa3-16c6d2efae1b,AMZS,356
ecc4ae87-ae08-4b94-995c-452fdd94df7f,5d7f28a6-2a2a-4333-aa06-48edfb652f86,c87db9be-1fba-4102-a743-0ee4317dd5af,Bavarski dvor,642
fb7704f0-d31e-4561-83e4-621a8c62654b,a719a87c-4e93-4387-a6d1-2631a487f7e0,8589e5d1-21b4-4210-ad7a-4bf91f9a715d,Vižmarje,4
0be237aa-4b91-4d2b-ac23-0cebac975a0d,294c40c4-18e4-4d92-a947-911a8623de89,fef200e9-4d98-425b-ab14-8110e2aa85d7,Drama,29
80c65758-5f25-4003-8d55-10ff96fe8310,eb165f50-9c43-4b09-9658-469a16d3dc83,7fad8003-fb10-489d-bf8d-6d433310ad90,Nove Jarše,10
e0bcd677-6012-4c90-a884-44dffafdffec,9cfac7e2-9653-4e52-a6d3-27756d27f817,c87db9be-1fba-4102-a743-0ee4317dd5af,Bavarski dvor,147
fef200e9-4d98-425b-ab14-8110e2aa85d7,5de6ff80-1352-43df-b5ec-1df59f2f492b,c87db9be-1fba-4102-a743-0ee4317dd5af,Bavarski dvor,158
ab987eb0-c970-4577-8db9-0cd507a6cab6,8589e5d1-21b4-4210-ad7a-4bf91f9a715d,454817d3-3750-49c7-994c-14d06fd2c634,Žale,486
88cdd36c-03d2-4374-a22f-110dd9f75ea0,9e109242-5aad-4fb7-b0c8-576eef8aa4e0,98fa3880-5936-4ec8-ba04-39c7ff9a0e6a,Stara cerkev,193
7fad8003-fb10-489d-bf8d-6d433310ad90,1e157c31-d34d-4c2e-91b4-8c000c88f6dd,c87db9be-1fba-4102-a743-0ee4317dd5af,Bavarski dvor,26
8c7fa045-888b-46d0-8189-6f82623bf481,023d7b7a-b411-4e61-8746-b07f9e5c8f90,a2ce7e6f-0f99-443a-a973-81a0b9c60261,Astra,488
8eeea585-6168-45b8-a5d4-336e61826043,98b60d07-8054-441a-be44-be7aa24f4253,a719a87c-4e93-4387-a6d1-2631a487f7e0,Ajdovščina,7
2ec182e2-769f-427f-b9b5-c4118890cb96,f33b721f-a8a3-4aad-96f2-077da09ebaa6,c87db9be-1fba-4102-a743-0ee4317dd5af,Bavarski dvor,39
2f874852-bc80-4ff3-b6bf-a914e31251c8,0dc86a8f-0f41-44c7-978c-e06cb63cbbcf,4038e02e-f22f-4af0-ba4f-7aab855b53af,Kneza Koclja,190
923bd774-0651-4e0a-8624-3acfb7ecd5ff,6559d555-672b-4633-8a81-0ae68fb963eb,a719a87c-4e93-4387-a6d1-2631a487f7e0,Ajdovščina,83
0dc86a8f-0f41-44c7-978c-e06cb63cbbcf,7fad8003-fb10-489d-bf8d-6d433310ad90,fef200e9-4d98-425b-ab14-8110e2aa85d7,Drama,221
769b7bc7-4f95-4bb2-9c99-37ba8e8b4bd5,eb165f50-9c43-4b09-9658-469a16d3dc83,f4cfd904-bd11-4247-95df-32c4555a930f,Klinični center,96
4e8ccfa1-b58c-4ee1-ad82-2e8a645071f3,6a89c110-a0f8-4b1a-87f0-33f49c0a658e,5d7f28a6-2a2a-4333-aa06-48edfb652f86,Pošta,15
1ce1c3a8-e0f6-4f90-b1aa-1448759d8b3c,6a89c110-a0f8-4b1a-87f0-33f49c0a658e,9b0074d2-2c92-4c01-830b-00be8e05b412,Cukrarna,42
2f18bcfa-6189-4de4-b06f-132d3392e7d6,2f18bcfa-6189-4de4-b06f-132d3392e7d6,9a14b0ec-f13a-46f0-8c4f-07d8b99241e2,Cesta v Zavoglje,1
454817d3-3750-49c7-994c-14d06fd2c634,717c914e-f928-4671-95f6-26c1ddb95799,a719a87c-4e93-4387-a6d1-2631a487f7e0,Ajdovščina,185
4ca7ae7e-380b-45e3-81de-00ffab5bb531,295616c0-387b-4f60-a337-7743cd6be04e,a719a87c-4e93-4387-a6d1-2631a487f7e0,Ajdovščina,492
5cc8a08d-c0af-491f-9a9c-b8b4f5f23bc0,e786b2df-34ed-4246-832e-7c3d538ac1f4,1b3ddeca-a066-43ee-9ae5-8339628129c2,Žale,20
8512e1be-4637-483b-a3e6-78ccc6d2c5b1,12304b99-9a07-485a-a101-eaca90495d48,a719a87c-4e93-4387-a6d1-2631a487f7e0,Ajdovščina,257
80c65758-5f25-4003-8d55-10ff96fe8310,aa42017d-812a-4175-bc9b-0fec03b18931,a719a87c-4e93-4387-a6d1-2631a487f7e0,Ajdovščina,39
cee2862b-9b70-4880-8fa3-16c6d2efae1b,7fad8003-fb10-489d-bf8d-6d433310ad90,f4cfd904-bd11-4247-95df-32c4555a930f,Klinični center,55
2ec182e2-769f-427f-b9b5-c4118890cb96,c22879e5-8e90-4540-9a74-5f139208e492,1b3ddeca-a066-43ee-9ae5-8339628129c2,Žale,119
9bd3ee10-bc61-44e8-8cf3-a37cffd54da0,7484317c-269f-425f-8118-23eedab4e5f1,c87db9be-1fba-4102-a743-0ee4317dd5af,Bavarski dvor,29
a7094427-e180-4deb-acaf-5d4488326e9e,4d216485-ef41-45e7-9182-0c254644955c,c87db9be-1fba-4102-a743-0ee4317dd5af,Bavarski dvor,9
dfde6478-02b5-471b-a470-29cb0e84542f,9a14b0ec-f13a-46f0-8c4f-07d8b99241e2,fef200e9-4d98-425b-ab14-8110e2aa85d7,Drama,192
3fbf6322-fb74-4a50-a81a-bfca73abc26b,0b4a072e-6c2d-4c71-ab80-2b7142df81de,a719a87c-4e93-4387-a6d1-2631a487f7e0,Ajdovščina,133
f33b721f-a8a3-4aad-96f2-077da09ebaa6,98fa3880-5936-4ec8-ba04-39c7ff9a0e6a,86a75ffc-a78f-401f-8991-2eb0371417b2,Studenec,68
1ce1c3a8-e0f6-4f90-b1aa-1448759d8b3c,96d4c75b-6452-4c70-a31e-c234262ba38b,5d7f28a6-2a2a-4333-aa06-48edfb652f86,Pošta,87
d4c51b31-46fd-4da8-ba15-8068e666d483,bc66f88b-1412-44cb-b921-030d27335261,295616c0-387b-4f60-a337-7743cd6be04e,Bavarski dvor,7
8598b85d-3e1d-4767-b72f-0c209038841f,5d7f28a6-2a2a-4333-aa06-48edfb652f86,5d7f28a6-2a2a-4333-aa06-48edfb652f86,Pošta,376
12304b99-9a07-485a-a101-eaca90495d48,8589e5d1-21b4-4210-ad7a-4bf91f9a715d,a719a87c-4e93-4387-a6d1-2631a487f7e0,Ajdovščina,63
c87db9be-1fba-4102-a743-0ee4317dd5af,9bd3ee10-bc61-44e8-8cf3-a37cffd54da0,5d7f28a6-2a2a-4333-aa06-48edfb652f86,Pošta,37
e6f5183b-c615-4f47-b4fb-204ee070e825,1b3ddeca-a066-43ee-9ae5-8339628129c2,c5ec5e81-2ce4-452d-bd7a-595de4f8b34f,Prušnikova,527
7fa32ea0-e884-435a-a81c-51bbd5cedf3e,4ca7ae7e-380b-45e3-81de-00ffab5bb531,c87db9be-1fba-4102-a743-0ee4317dd5af,Bavarski dvor,77
6bd46cb7-9e5d-453a-878a-bcc38fb2a5f2,223f660b-c391-4120-bf3c-7bf06781686b,c87db9be-1fba-4102-a743-0ee4317dd5af,Bavarski dvor,256
1e157c31-d34d-4c2e-91b4-8c000c88f6dd,484b5c91-1220-43ba-af79-84e712fcc46b,cdabf1ea-b04c-480a-8359-72c46e6864ab,Bežigrad,131
e468b92f-fa4a-4819-bb11-37761deaf4ca,bc66f88b-1412-44cb-b921-030d27335261,c5ec5e81-2ce4-452d-bd7a-595de4f8b34f,Prušnikova,78
21764d19-62cc-49fd-bac9-403aeac6a6b9,a7094427-e180-4deb-acaf-5d4488326e9e,484b5c91-1220-43ba-af79-84e712fcc46b,Slovenija avto,204
1e157c31-d34d-4c2e-91b4-8c000c88f6dd,9a14b0ec-f13a-46f0-8c4f-07d8b99241e2,023d7b7a-b411-4e61-8746-b07f9e5c8f90,Ambrožev trg,54
ecc4ae87-ae08-4b94-995c-452fdd94df7f,1b3ddeca-a066-43ee-9ae5-8339628129c2,N/A,N/A,660
98b60d07-8054-441a-be44-be7aa24f4253,fb0042f8-d9e2-4916-b60a-38a026acf0c9,7fad8003-fb10-489d-bf8d-6d433310ad90,Nove Jarše,129
9b0074d2-2c92-4c01-830b-00be8e05b412,3c6ebf90-c611-4535-b2b0-22fba3f7649a,379bc761-04b5-4227-be76-3b870fe3e69f,Pot na Fužine,341
52e5adea-e194-4fc1-809c-1d6421f8f8db,e468b92f-fa4a-4819-bb11-37761deaf4ca,5d7f28a6-2a2a-4333-aa06-48edfb652f86,Pošta,100
f33b721f-a8a3-4aad-96f2-077da09ebaa6,0be237aa-4b91-4d2b-ac23-0cebac975a0d,c87db9be-1fba-4102-a743-0ee4317dd5af,Bavarski dvor,19
e0bcd677-6012-4c90-a884-44dffafdffec,98fa3880-5936-4ec8-ba04-39c7ff9a0e6a,b59656a4-b6e7-4b87-977c-078c59088a50,Hajdrihova,163
9bd3ee10-bc61-44e8-8cf3-a37cffd54da0,6bd46cb7-9e5d-453a-878a-bcc38fb2a5f2,N/A,N/A,660
25cde952-4896-4977-b229-75e09b3e3661,c297ac70-8f43-4fbc-a8a4-366ddb883a8d,295616c0-387b-4f60-a337-7743cd6be04e,Bavarski dvor,40
093afa81-b65f-4182-bac3-afbc00558a9b,b59656a4-b6e7-4b87-977c-078c59088a50,aa42017d-812a-4175-bc9b-0fec03b18931,Ambrožev trg,145
88cdd36c-03d2-4374-a22f-110dd9f75ea0,e6f5183b-c615-4f47-b4fb-204ee070e825,fef200e9-4d98-425b-ab14-8110e2aa85d7,Drama,71
5de84f88-3f32-4636-8c30-03cc267ecf37,fef200e9-4d98-425b-ab14-8110e2aa85d7,6182f8e8-c45e-4606-b4a4-d909bd44d2cc,Gornji trg,132
923bd774-0651-4e0a-8624-3acfb7ecd5ff,88cdd36c-03d2-4374-a22f-110dd9f75ea0,fef200e9-4d98-425b-ab14-8110e2aa85d7,Drama,238
48507e1a-32df-4552-9448-3b345760b75f,f33b721f-a8a3-4aad-96f2-077da09ebaa6,295616c0-387b-4f60-a337-7743cd6be04e,Bavarski dvor,109
e9d9f622-7394-4c5c-9031-a41855a64aa7,e468b92f-fa4a-4819-bb11-37761deaf4ca,295616c0-387b-4f60-a337-7743cd6be04e,Bavarski dvor,118
8eeea585-6168-45b8-a5d4-336e61826043,e9d9f622-7394-4c5c-9031-a41855a64aa7,295616c0-387b-4f60-a337-7743cd6be04e,Bavarski dvor,184
9746f277-af08-4cce-92fa-41da5eca8ac2,592b37eb-8255-4758-ae8a-7cef98521013,7bcbdcaa-00b9-47d4-8982-09da26cd7bcb,Zaloška,12
7fad8003-fb10-489d-bf8d-6d433310ad90,5de84f88-3f32-4636-8c30-03cc267ecf37,a0e0a21b-b8ce-4d76-bbc2-04e179367fee,Šola Jarše,187
59ee5f7d-476b-4958-a922-2040a9308f3b,80c65758-5f25-4003-8d55-10ff96fe8310,ef31a8be-b01d-44cd-95cf-3db8e918af26,Emona,261
abc9fd26-5442-468b-93b6-4d5eb76d0f1f,2388ce1f-c947-42d7-97f3-e01a7254c933,N/A,N/A,660
d98335a0-1291-4d4c-be62-16b11c356575,277bc73c-e61d-4046-bcfd-31d6161c568e,5d7f28a6-2a2a-4333-aa06-48edfb652f86,Pošta,264
7c149b59-2bc6-45cb-95c8-69e18a0db627,d98335a0-1291-4d4c-be62-16b11c356575,1b3ddeca-a066-43ee-9ae5-8339628129c2,Žale,21
c22879e5-8e90-4540-9a74-5f139208e492,77dcd833-fa4d-4c5a-93b1-31284942e61d,5d7f28a6-2a2a-4333-aa06-48edfb652f86,Pošta,25
f33b721f-a8a3-4aad-96f2-077da09ebaa6,379bc761-04b5-4227-be76-3b870fe3e69f,7fa32ea0-e884-435a-a81c-51bbd5cedf3e,Zaloška,13
717dda7e-d793-4697-8f60-b64ee8b1edc4,e6f5183b-c615-4f47-b4fb-204ee070e825,9cfac7e2-9653-4e52-a6d3-27756d27f817,Kino Šiška,135
9a1c4c65-df77-481f-87ad-56143f02a864,5de6ff80-1352-43df-b5ec-1df59f2f492b,295616c0-387b-4f60-a337-7743cd6be04e,Bavarski dvor,44
91fb6c6e-49cf-49d3-97d4-6ae228f9bfa1,2388ce1f-c947-42d7-97f3-e01a7254c933,N/A,N/A,660
86a75ffc-a78f-401f-8991-2eb0371417b2,25cde952-4896-4977-b229-75e09b3e3661,48b163cd-b819-4849-aee1-8b1da77657ab,Šentvid,110
1dc99fbb-5496-4aab-a4b6-32e653ccc789,35aedf45-cca3-4f2f-931b-138d29d20fe9,295616c0-387b-4f60-a337-7743cd6be04e,Bavarski dvor,17
f4cfd904-bd11-4247-95df-32c4555a930f,25cde952-4896-4977-b229-75e09b3e3661,N/A,N/A,660
023d7b7a-b411-4e61-8746-b07f9e5c8f90,9a1c4c65-df77-481f-87ad-56143f02a864,aa42017d-812a-4175-bc9b-0fec03b18931,Ambrožev trg,13
81f21fc1-3bd2-4d2a-b563-2d063479c68e,4d216485-ef41-45e7-9182-0c254644955c,5d7f28a6-2a2a-4333-aa06-48edfb652f86,Pošta,110
47637057-8d6a-4cf9-bd56-3ac90748fcc4,6182f8e8-c45e-4606-b4a4-d909bd44d2cc,c87db9be-1fba-4102-a743-0ee4317dd5af,Bavarski dvor,567
4ca7ae7e-380b-45e3-81de-00ffab5bb531,cee2862b-9b70-4880-8fa3-16c6d2efae1b,f33b721f-a8a3-4aad-96f2-077da09ebaa6,Razstavišče,8
98fa3880-5936-4ec8-ba04-39c7ff9a0e6a,717dda7e-d793-4697-8f60-b64ee8b1edc4,484b5c91-1220-43ba-af79-84e712fcc46b,Slovenija avto,140
7bcbdcaa-00b9-47d4-8982-09da26cd7bcb,1ce1c3a8-e0f6-4f90-b1aa-1448759d8b3c,5d7f28a6-2a2a-4333-aa06-48edfb652f86,Pošta,94
abc9fd26-5442-468b-93b6-4d5eb76d0f1f,0be237aa-4b91-4d2b-ac23-0cebac975a0d,f33b721f-a8a3-4aad-96f2-077da09ebaa6,Razstavišče,9
ecc4ae87-ae08-4b94-995c-452fdd94df7f,6a89c110-a0f8-4b1a-87f0-33f49c0a658e,7bcbdcaa-00b9-47d4-8982-09da26cd7bcb,Zaloška,240
9cfac7e2-9653-4e52-a6d3-27756d27f817,a0e0a21b-b8ce-4d76-bbc2-04e179367fee,5d7f28a6-2a2a-4333-aa06-48edfb652f86,Pošta,292
8512e1be-4637-483b-a3e6-78ccc6d2c5b1,ab987eb0-c970-4577-8db9-0cd507a6cab6,c5ec5e81-2ce4-452d-bd7a-595de4f8b34f,Prušnikova,116
c22879e5-8e90-4540-9a74-5f139208e492,a2f479c6-4c21-4923-b4ac-86f752507cee,N/A,N/A,660
1505c6fe-6080-424e-98d1-24c312cfacf3,484b5c91-1220-43ba-af79-84e712fcc46b,c87db9be-1fba-4102-a743-0ee4317dd5af,Bavarski dvor,315
7fad8003-fb10-489d-bf8d-6d433310ad90,ef31a8be-b01d-44cd-95cf-3db8e918af26,6182f8e8-c45e-4606-b4a4-d909bd44d2cc,Gornji trg,75
e9382efd-d64d-46b0-9a7d-a4e6a0188725,ef31a8be-b01d-44cd-95cf-3db8e918af26,295616c0-387b-4f60-a337-7743cd6be04e,Bavarski dvor,123
80c65758-5f25-4003-8d55-10ff96fe8310,c0ff37c8-ac6c-4284-ad32-0ad29fd30dc2,5d7f28a6-2a2a-4333-aa06-48edfb652f86,Pošta,337
7fad8003-fb10-489d-bf8d-6d433310ad90,dfde6478-02b5-471b-a470-29cb0e84542f,f33b721f-a8a3-4aad-96f2-077da09ebaa6,Razstavišče,305
609f0950-bb8c-4eaf-a931-8575b8aff1ac,f33b721f-a8a3-4aad-96f2-077da09ebaa6,f4cfd904-bd11-4247-95df-32c4555a930f,Klinični center,152
98b60d07-8054-441a-be44-be7aa24f4253,6182f8e8-c45e-4606-b4a4-d909bd44d2cc,a719a87c-4e93-4387-a6d1-2631a487f7e0,Ajdovščina,109
ac3afe7d-a2b3-4d5d-9e6a-1d2412a3bc70,9cfac7e2-9653-4e52-a6d3-27756d27f817,38b3abed-0592-407b-96c3-85a026f2e192,Dalmatinova,244
ecc4ae87-ae08-4b94-995c-452fdd94df7f,2ec182e2-769f-427f-b9b5-c4118890cb96,c87db9be-1fba-4102-a743-0ee4317dd5af,Bavarski dvor,202
bc66f88b-1412-44cb-b921-030d27335261,294c40c4-18e4-4d92-a947-911a8623de89,6182f8e8-c45e-4606-b4a4-d909bd44d2cc,Gornji trg,17
f14a6236-8af2-47bf-9270-432377662a63,80c65758-5f25-4003-8d55-10ff96fe8310,5d7f28a6-2a2a-4333-aa06-48edfb652f86,Pošta,28
35aedf45-cca3-4f2f-931b-138d29d20fe9,271db19a-744b-41a0-869d-0c3e0e2cb6bf,f33b721f-a8a3-4aad-96f2-077da09ebaa6,Razstavišče,54
cee2862b-9b70-4880-8fa3-16c6d2efae1b,fef200e9-4d98-425b-ab14-8110e2aa85d7,6a89c110-a0f8-4b1a-87f0-33f49c0a658e,Šola Jarše,392
1035c6f7-304e-4329-a3b2-4eb5d985a577,7fad8003-fb10-489d-bf8d-6d433310ad90,295616c0-387b-4f60-a337-7743cd6be04e,Bavarski dvor,21
1b3ddeca-a066-43ee-9ae5-8339628129c2,d4c51b31-46fd-4da8-ba15-8068e666d483,484b5c91-1220-43ba-af79-84e712fcc46b,Slovenija avto,216
05643914-8ff7-4064-8737-2761d44a083f,b59656a4-b6e7-4b87-977c-078c59088a50,5d7f28a6-2a2a-4333-aa06-48edfb652f86,Pošta,138
fef200e9-4d98-425b-ab14-8110e2aa85d7,1e157c31-d34d-4c2e-91b4-8c000c88f6dd,c87db9be-1fba-4102-a743-0ee4317dd5af,Bavarski dvor,188
aa42017d-812a-4175-bc9b-0fec03b18931,769b7bc7-4f95-4bb2-9c99-37ba8e8b4bd5,fef200e9-4d98-425b-ab14-8110e2aa85d7,Drama,46
4d216485-ef41-45e7-9182-0c254644955c,58db973d-ecbb-4aa6-a56c-c26aaff7f263,a719a87c-4e93-4387-a6d1-2631a487f7e0,Ajdovščina,45
9bd3ee10-bc61-44e8-8cf3-a37cffd54da0,ecc4ae87-ae08-4b94-995c-452fdd94df7f,484b5c91-1220-43ba-af79-84e712fcc46b,Slovenija avto,30
c87db9be-1fba-4102-a743-0ee4317dd5af,0be237aa-4b91-4d2b-ac23-0cebac975a0d,717dda7e-d793-4697-8f60-b64ee8b1edc4,Gosposvetska,128
b59656a4-b6e7-4b87-977c-078c59088a50,fb0042f8-d9e2-4916-b60a-38a026acf0c9,c87db9be-1fba-4102-a743-0ee4317dd5af,Bavarski dvor,623
5de84f88-3f32-4636-8c30-03cc267ecf37,f4cfd904-bd11-4247-95df-32c4555a930f,7fad8003-fb10-489d-bf8d-6d433310ad90,Nove Jarše,107
8c7fa045-888b-46d0-8189-6f82623bf481,9a1c4c65-df77-481f-87ad-56143f02a864,a719a87c-4e93-4387-a6d1-2631a487f7e0,Ajdovščina,38
271db19a-744b-41a0-869d-0c3e0e2cb6bf,a0e0a21b-b8ce-4d76-bbc2-04e179367fee,ef31a8be-b01d-44cd-95cf-3db8e918af26,Emona,5
4d216485-ef41-45e7-9182-0c254644955c,35aedf45-cca3-4f2f-931b-138d29d20fe9,c87db9be-1fba-4102-a743-0ee4317dd5af,Bavarski dvor,335
fb0042f8-d9e2-4916-b60a-38a026acf0c9,6c56976b-4ae1-429f-bcab-0cfc37e3580d,fef200e9-4d98-425b-ab14-8110e2aa85d7,Drama,27
379bc761-04b5-4227-be76-3b870fe3e69f,ab987eb0-c970-4577-8db9-0cd507a6cab6,a719a87c-4e93-4387-a6d1-2631a487f7e0,Ajdovščina,291
717dda7e-d793-4697-8f60-b64ee8b1edc4,9cfac7e2-9653-4e52-a6d3-27756d27f817,c87db9be-1fba-4102-a743-0ee4317dd5af,Bavarski dvor,573
fef200e9-4d98-425b-ab14-8110e2aa85d7,fb0042f8-d9e2-4916-b60a-38a026acf0c9,c87db9be-1fba-4102-a743-0ee4317dd5af,Bavarski dvor,187
9cfac7e2-9653-4e52-a6d3-27756d27f817,fef200e9-4d98-425b-ab14-8110e2aa85d7,fef200e9-4d98-425b-ab14-8110e2aa85d7,Drama,68
a719a87c-4e93-4387-a6d1-2631a487f7e0,271db19a-744b-41a0-869d-0c3e0e2cb6bf,fef200e9-4d98-425b-ab14-8110e2aa85d7,Drama,293
5cc8a08d-c0af-491f-9a9c-b8b4f5f23bc0,ecc4ae87-ae08-4b94-995c-452fdd94df7f,717dda7e-d793-4697-8f60-b64ee8b1edc4,Gosposvetska,129
bc66f88b-1412-44cb-b921-030d27335261,48507e1a-32df-4552-9448-3b345760b75f,fef200e9-4d98-425b-ab14-8110e2aa85d7,Drama,43
4e8ccfa1-b58c-4ee1-ad82-2e8a645071f3,e9d9f622-7394-4c5c-9031-a41855a64aa7,a719a87c-4e93-4387-a6d1-2631a487f7e0,Ajdovščina,206
9cfac7e2-9653-4e52-a6d3-27756d27f817,6bd46cb7-9e5d-453a-878a-bcc38fb2a5f2,f33b721f-a8a3-4aad-96f2-077da09ebaa6,Razstavišče,60
77dcd833-fa4d-4c5a-93b1-31284942e61d,769b7bc7-4f95-4bb2-9c99-37ba8e8b4bd5,N/A,N/A,660
6559d555-672b-4633-8a81-0ae68fb963eb,38b3abed-0592-407b-96c3-85a026f2e192,c87db9be-1fba-4102-a743-0ee4317dd5af,Bavarski dvor,12
2ec182e2-769f-427f-b9b5-c4118890cb96,9b0074d2-2c92-4c01-830b-00be8e05b412,295616c0-387b-4f60-a337-7743cd6be04e,Bavarski dvor,64
093afa81-b65f-4182-bac3-afbc00558a9b,223f660b-c391-4120-bf3c-7bf06781686b,484b5c91-1220-43ba-af79-84e712fcc46b,Slovenija avto,214
023d7b7a-b411-4e61-8746-b07f9e5c8f90,a0b1fb90-3f6a-4231-910a-18be192ac762,c87db9be-1fba-4102-a743-0ee4317dd5af,Bavarski dvor,26
093afa81-b65f-4182-bac3-afbc00558a9b,7c149b59-2bc6-45cb-95c8-69e18a0db627,c87db9be-1fba-4102-a743-0ee4317dd5af,Bavarski dvor,125
5de84f88-3f32-4636-8c30-03cc267ecf37,2ec182e2-769f-427f-b9b5-c4118890cb96,c87db9be-1fba-4102-a743-0ee4317dd5af,Bavarski dvor,269
48507e1a-32df-4552-9448-3b345760b75f,9e109242-5aad-4fb7-b0c8-576eef8aa4e0,a719a87c-4e93-4387-a6d1-2631a487f7e0,Ajdovščina,91
38b3abed-0592-407b-96c3-85a026f2e192,f4cfd904-bd11-4247-95df-32c4555a930f,c87db9be-1fba-4102-a743-0ee4317dd5af,Bavarski dvor,397
f15ddf31-fc11-41ba-988d-376c83e38f58,6c56976b-4ae1-429f-bcab-0cfc37e3580d,a719a87c-4e93-4387-a6d1-2631a487f7e0,Ajdovščina,39
98fa3880-5936-4ec8-ba04-39c7ff9a0e6a,81f21fc1-3bd2-4d2a-b563-2d063479c68e,454817d3-3750-49c7-994c-14d06fd2c634,Žale,62
1035c6f7-304e-4329-a3b2-4eb5d985a577,e9382efd-d64d-46b0-9a7d-a4e6a0188725,1ce1c3a8-e0f6-4f90-b1aa-1448759d8b3c,Astra,37
592b37eb-8255-4758-ae8a-7cef98521013,ef31a8be-b01d-44cd-95cf-3db8e918af26,9cfac7e2-9653-4e52-a6d3-27756d27f817,Kino Šiška,181
abc9fd26-5442-468b-93b6-4d5eb76d0f1f,2f874852-bc80-4ff3-b6bf-a914e31251c8,a2ce7e6f-0f99-443a-a973-81a0b9c60261,Astra,44
609f0950-bb8c-4eaf-a931-8575b8aff1ac,81f21fc1-3bd2-4d2a-b563-2d063479c68e,c297ac70-8f43-4fbc-a8a4-366ddb883a8d,Bonifacija,44
0dc86a8f-0f41-44c7-978c-e06cb63cbbcf,223f660b-c391-4120-bf3c-7bf06781686b,6a89c110-a0f8-4b1a-87f0-33f49c0a658e,Šola Jarše,47
25cde952-4896-4977-b229-75e09b3e3661,d4c51b31-46fd-4da8-ba15-8068e666d483,48b163cd-b819-4849-aee1-8b1da77657ab,Šentvid,52
277bc73c-e61d-4046-bcfd-31d6161c568e,dfde6478-02b5-471b-a470-29cb0e84542f,c87db9be-1fba-4102-a743-0ee4317dd5af,Bavarski dvor,362
25cde952-4896-4977-b229-75e09b3e3661,ecc4ae87-ae08-4b94-995c-452fdd94df7f,592b37eb-8255-4758-ae8a-7cef98521013,Rogovilc,87
8512e1be-4637-483b-a3e6-78ccc6d2c5b1,4ca7ae7e-380b-45e3-81de-00ffab5bb531,fef200e9-4d98-425b-ab14-8110e2aa85d7,Drama,556
7bcbdcaa-00b9-47d4-8982-09da26cd7bcb,592b37eb-8255-4758-ae8a-7cef98521013,cdabf1ea-b04c-480a-8359-72c46e6864ab,Bežigrad,127
5cc8a08d-c0af-491f-9a9c-b8b4f5f23bc0,1b3ddeca-a066-43ee-9ae5-8339628129c2,f33b721f-a8a3-4aad-96f2-077da09ebaa6,Razstavišče,29
9746f277-af08-4cce-92fa-41da5eca8ac2,6182f8e8-c45e-4606-b4a4-d909bd44d2cc,f33b721f-a8a3-4aad-96f2-077da09ebaa6,Razstavišče,6
7310c006-62b8-4f94-bb9c-d5c26cb3faad,77dcd833-fa4d-4c5a-93b1-31284942e61d,a719a87c-4e93-4387-a6d1-2631a487f7e0,Ajdovščina,425
88cdd36c-03d2-4374-a22f-110dd9f75ea0,9cfac7e2-9653-4e52-a6d3-27756d27f817,f4cfd904-bd11-4247-95df-32c4555a930f,Klinični center,105
1ce1c3a8-e0f6-4f90-b1aa-1448759d8b3c,db13a26e-19d4-4b8a-a78a-01ef25d58834,223f660b-c391-4120-bf3c-7bf06781686b,Tovorni kolodvor,212
c87db9be-1fba-4102-a743-0ee4317dd5af,e786b2df-34ed-4246-832e-7c3d538ac1f4,c87db9be-1fba-4102-a743-0ee4317dd5af,Bavarski dvor,480
6182f8e8-c45e-4606-b4a4-d909bd44d2cc,6c56976b-4ae1-429f-bcab-0cfc37e3580d,f33b721f-a8a3-4aad-96f2-077da09ebaa6,Razstavišče,216
9a14b0ec-f13a-46f0-8c4f-07d8b99241e2,f14a6236-8af2-47bf-9270-432377662a63,c87db9be-1fba-4102-a743-0ee4317dd5af,Bavarski dvor,39
717c914e-f928-4671-95f6-26c1ddb95799,25cde952-4896-4977-b229-75e09b3e3661,295616c0-387b-4f60-a337-7743cd6be04e,Bavarski dvor,26
609f0950-bb8c-4eaf-a931-8575b8aff1ac,8512e1be-4637-483b-a3e6-78ccc6d2c5b1,f33b721f-a8a3-4aad-96f2-077da09ebaa6,Razstavišče,2
4d216485-ef41-45e7-9182-0c254644955c,769b7bc7-4f95-4bb2-9c99-37ba8e8b4bd5,223f660b-c391-4120-bf3c-7bf06781686b,Tovorni kolodvor,67
a7177a3d-8db2-43fb-8910-f95857f0ed97,abc9fd26-5442-468b-93b6-4d5eb76d0f1f,N/A,N/A,660
1eadcdb9-60cd-47c9-8eec-527c3465a685,a7094427-e180-4deb-acaf-5d4488326e9e,fef200e9-4d98-425b-ab14-8110e2aa85d7,Drama,48
52e5adea-e194-4fc1-809c-1d6421f8f8db,1505c6fe-6080-424e-98d1-24c312cfacf3,7fa32ea0-e884-435a-a81c-51bbd5cedf3e,Zaloška,63
4e8ccfa1-b58c-4ee1-ad82-2e8a645071f3,0be237aa-4b91-4d2b-ac23-0cebac975a0d,717dda7e-d793-4697-8f60-b64ee8b1edc4,Gosposvetska,26
c87db9be-1fba-4102-a743-0ee4317dd5af,0b4a072e-6c2d-4c71-ab80-2b7142df81de,295616c0-387b-4f60-a337-7743cd6be04e,Bavarski dvor,215
8589e5d1-21b4-4210-ad7a-4bf91f9a715d,7fa32ea0-e884-435a-a81c-51bbd5cedf3e,f4cfd904-bd11-4247-95df-32c4555a930f,Klinični center,107
2388ce1f-c947-42d7-97f3-e01a7254c933,c87db9be-1fba-4102-a743-0ee4317dd5af,N/A,N/A,660
7310c006-62b8-4f94-bb9c-d5c26cb3faad,1ce1c3a8-e0f6-4f90-b1aa-1448759d8b3c,295616c0-387b-4f60-a337-7743cd6be04e,Bavarski dvor,31
12304b99-9a07-485a-a101-eaca90495d48,4d216485-ef41-45e7-9182-0c254644955c,fef200e9-4d98-425b-ab14-8110e2aa85d7,Drama,13
9a14b0ec-f13a-46f0-8c4f-07d8b99241e2,88cdd36c-03d2-4374-a22f-110dd9f75ea0,a719a87c-4e93-4387-a6d1-2631a487f7e0,Ajdovščina,99
fef200e9-4d98-425b-ab14-8110e2aa85d7,21764d19-62cc-49fd-bac9-403aeac6a6b9,e6f5183b-c615-4f47-b4fb-204ee070e825,Bežigrad,75
ab987eb0-c970-4577-8db9-0cd507a6cab6,cdabf1ea-b04c-480a-8359-72c46e6864ab,295616c0-387b-4f60-a337-7743cd6be04e,Bavarski dvor,181
9e109242-5aad-4fb7-b0c8-576eef8aa4e0,379bc761-04b5-4227-be76-3b870fe3e69f,295616c0-387b-4f60-a337-7743cd6be04e,Bavarski dvor,80
12304b99-9a07-485a-a101-eaca90495d48,f2b27cbd-5207-4281-8f67-6369d0c50a9b,c87db9be-1fba-4102-a743-0ee4317dd5af,Bavarski dvor,6
98b60d07-8054-441a-be44-be7aa24f4253,e6f5183b-c615-4f47-b4fb-204ee070e825,f33b721f-a8a3-4aad-96f2-077da09ebaa6,Razstavišče,131
a0b1fb90-3f6a-4231-910a-18be192ac762,12304b99-9a07-485a-a101-eaca90495d48,9cfac7e2-9653-4e52-a6d3-27756d27f817,Kino Šiška,287
fef200e9-4d98-425b-ab14-8110e2aa85d7,8598b85d-3e1d-4767-b72f-0c209038841f,f4cfd904-bd11-4247-95df-32c4555a930f,Klinični center,39
7c149b59-2bc6-45cb-95c8-69e18a0db627,48507e1a-32df-4552-9448-3b345760b75f,c87db9be-1fba-4102-a743-0ee4317dd5af,Bavarski dvor,115
7310c006-62b8-4f94-bb9c-d5c26cb3faad,c22879e5-8e90-4540-9a74-5f139208e492,a719a87c-4e93-4387-a6d1-2631a487f7e0,Ajdovščina,35
f4cfd904-bd11-4247-95df-32c4555a930f,c87db9be-1fba-4102-a743-0ee4317dd5af,fef200e9-4d98-425b-ab14-8110e2aa85d7,Drama,73
98fa3880-5936-4ec8-ba04-39c7ff9a0e6a,9e109242-5aad-4fb7-b0c8-576eef8aa4e0,2f874852-bc80-4ff3-b6bf-a914e31251c8,Savske stolpnice,73
e0bcd677-6012-4c90-a884-44dffafdffec,dfde6478-02b5-471b-a470-29cb0e84542f,5d7f28a6-2a2a-4333-aa06-48edfb652f86,Pošta,36
e6f5183b-c615-4f47-b4fb-204ee070e825,80c65758-5f25-4003-8d55-10ff96fe8310,f4cfd904-bd11-4247-95df-32c4555a930f,Klinični center,69
295616c0-387b-4f60-a337-7743cd6be04e,4e8ccfa1-b58c-4ee1-ad82-2e8a645071f3,7fad8003-fb10-489d-bf8d-6d433310ad90,Nove Jarše,134
a7177a3d-8db2-43fb-8910-f95857f0ed97,9b0074d2-2c92-4c01-830b-00be8e05b412,N/A,N/A,660
3edd6057-3847-4c42-b8ec-6e89ff95793a,48507e1a-32df-4552-9448-3b345760b75f,f14a6236-8af2-47bf-9270-432377662a63,Viadukt,6
ac3afe7d-a2b3-4d5d-9e6a-1d2412a3bc70,923bd774-0651-4e0a-8624-3acfb7ecd5ff,295616c0-387b-4f60-a337-7743cd6be04e,Bavarski dvor,31
9bd3ee10-bc61-44e8-8cf3-a37cffd54da0,6edebb46-d04f-45c4-99a4-100f7f0b2660,c87db9be-1fba-4102-a743-0ee4317dd5af,Bavarski dvor,8
7fad8003-fb10-489d-bf8d-6d433310ad90,47637057-8d6a-4cf9-bd56-3ac90748fcc4,98fa3880-5936-4ec8-ba04-39c7ff9a0e6a,Stara cerkev,208
5de84f88-3f32-4636-8c30-03cc267ecf37,35aedf45-cca3-4f2f-931b-138d29d20fe9,1b3ddeca-a066-43ee-9ae5-8339628129c2,Žale,614
1ce1c3a8-e0f6-4f90-b1aa-1448759d8b3c,9e109242-5aad-4fb7-b0c8-576eef8aa4e0,fef200e9-4d98-425b-ab14-8110e2aa85d7,Drama,41
7eb88e01-82e9-4af4-84d0-69c6ea9dc82c,592b37eb-8255-4758-ae8a-7cef98521013,717dda7e-d793-4697-8f60-b64ee8b1edc4,Gosposvetska,7
e786b2df-34ed-4246-832e-7c3d538ac1f4,9cfac7e2-9653-4e52-a6d3-27756d27f817,fef200e9-4d98-425b-ab14-8110e2aa85d7,Drama,178
023d7b7a-b411-4e61-8746-b07f9e5c8f90,db13a26e-19d4-4b8a-a78a-01ef25d58834,cdabf1ea-b04c-480a-8359-72c46e6864ab,Bežigrad,223
484b5c91-1220-43ba-af79-84e712fcc46b,aa42017d-812a-4175-bc9b-0fec03b18931,295616c0-387b-4f60-a337-7743cd6be04e,Bavarski dvor,170
271db19a-744b-41a0-869d-0c3e0e2cb6bf,223f660b-c391-4120-bf3c-7bf06781686b,295616c0-387b-4f60-a337-7743cd6be04e,Bavarski dvor,44
d4c51b31-46fd-4da8-ba15-8068e666d483,52e5adea-e194-4fc1-809c-1d6421f8f8db,c87db9be-1fba-4102-a743-0ee4317dd5af,Bavarski dvor,54
277bc73c-e61d-4046-bcfd-31d6161c568e,9746f277-af08-4cce-92fa-41da5eca8ac2,7fa32ea0-e884-435a-a81c-51bbd5cedf3e,Zaloška,129
4ca7ae7e-380b-45e3-81de-00ffab5bb531,9cfac7e2-9653-4e52-a6d3-27756d27f817,295616c0-387b-4f60-a337-7743cd6be04e,Bavarski dvor,112
294c40c4-18e4-4d92-a947-911a8623de89,1e157c31-d34d-4c2e-91b4-8c000c88f6dd,a2ce7e6f-0f99-443a-a973-81a0b9c60261,Astra,54
a2f479c6-4c21-4923-b4ac-86f752507cee,769b7bc7-4f95-4bb2-9c99-37ba8e8b4bd5,N/A,N/A,660
5d7f28a6-2a2a-4333-aa06-48edfb652f86,fef200e9-4d98-425b-ab14-8110e2aa85d7,fef200e9-4d98-425b-ab14-8110e2aa85d7,Drama,107
f2b27cbd-5207-4281-8f67-6369d0c50a9b,e9382efd-d64d-46b0-9a7d-a4e6a0188725,c87db9be-1fba-4102-a743-0ee4317dd5af,Bavarski dvor,9
9a14b0ec-f13a-46f0-8c4f-07d8b99241e2,023d7b7a-b411-4e61-8746-b07f9e5c8f90,484b5c91-1220-43ba-af79-84e712fcc46b,Slovenija avto,25
cee2862b-9b70-4880-8fa3-16c6d2efae1b,86a75ffc-a78f-401f-8991-2eb0371417b2,a0e0a21b-b8ce-4d76-bbc2-04e179367fee,Šola Jarše,284
38b3abed-0592-407b-96c3-85a026f2e192,023d7b7a-b411-4e61-8746-b07f9e5c8f90,295616c0-387b-4f60-a337-7743cd6be04e,Bavarski dvor,22
c5ec5e81-2ce4-452d-bd7a-595de4f8b34f,9bd3ee10-bc61-44e8-8cf3-a37cffd54da0,a719a87c-4e93-4387-a6d1-2631a487f7e0,Ajdovščina,275
8589e5d1-21b4-4210-ad7a-4bf91f9a715d,3c6ebf90-c611-4535-b2b0-22fba3f7649a,717dda7e-d793-4697-8f60-b64ee8b1edc4,Gosposvetska,37
fb0042f8-d9e2-4916-b60a-38a026acf0c9,b59656a4-b6e7-4b87-977c-078c59088a50,c87db9be-1fba-4102-a743-0ee4317dd5af,Bavarski dvor,90
609f0950-bb8c-4eaf-a931-8575b8aff1ac,6459bd02-d8f8-413e-9402-10b916f09a4f,c22879e5-8e90-4540-9a74-5f139208e492,Friškovec,281
5cc8a08d-c0af-491f-9a9c-b8b4f5f23bc0,6c56976b-4ae1-429f-bcab-0cfc37e3580d,295616c0-387b-4f60-a337-7743cd6be04e,Bavarski dvor,364
abc9fd26-5442-468b-93b6-4d5eb76d0f1f,8598b85d-3e1d-4767-b72f-0c209038841f,9cfac7e2-9653-4e52-a6d3-27756d27f817,Kino Šiška,108
294c40c4-18e4-4d92-a947-911a8623de89,db13a26e-19d4-4b8a-a78a-01ef25d58834,9cfac7e2-9653-4e52-a6d3-27756d27f817,Kino Šiška,45
c0ff37c8-ac6c-4284-ad32-0ad29fd30dc2,52e5adea-e194-4fc1-809c-1d6421f8f8db,6182f8e8-c45e-4606-b4a4-d909bd44d2cc,Gornji trg,36
9e109242-5aad-4fb7-b0c8-576eef8aa4e0,cdabf1ea-b04c-480a-8359-72c46e6864ab,N/A,N/A,660
5de84f88-3f32-4636-8c30-03cc267ecf37,dfde6478-02b5-471b-a470-29cb0e84542f,c87db9be-1fba-4102-a743-0ee4317dd5af,Bavarski dvor,523
bc66f88b-1412-44cb-b921-030d27335261,0be237aa-4b91-4d2b-ac23-0cebac975a0d,295616c0-387b-4f60-a337-7743cd6be04e,Bavarski dvor,73
1b0f629f-acdb-4e94-8c54-018f4334ebf7,86a75ffc-a78f-401f-8991-2eb0371417b2,a719a87c-4e93-4387-a6d1-2631a487f7e0,Ajdovščina,56
80c65758-5f25-4003-8d55-10ff96fe8310,e9382efd-d64d-46b0-9a7d-a4e6a0188725,295616c0-387b-4f60-a337-7743cd6be04e,Bavarski dvor,308
4038e02e-f22f-4af0-ba4f-7aab855b53af,1035c6f7-304e-4329-a3b2-4eb5d985a577,9cfac7e2-9653-4e52-a6d3-27756d27f817,Kino Šiška,302
d4c51b31-46fd-4da8-ba15-8068e666d483,5d7f28a6-2a2a-4333-aa06-48edfb652f86,c87db9be-1fba-4102-a743-0ee4317dd5af,Bavarski dvor,5
1b3ddeca-a066-43ee-9ae5-8339628129c2,abc9fd26-5442-468b-93b6-4d5eb76d0f1f,c87db9be-1fba-4102-a743-0ee4317dd5af,Bavarski dvor,36
77dcd833-fa4d-4c5a-93b1-31284942e61d,5de6ff80-1352-43df-b5ec-1df59f2f492b,f33b721f-a8a3-4aad-96f2-077da09ebaa6,Razstavišče,33
dfde6478-02b5-471b-a470-29cb0e84542f,f2b27cbd-5207-4281-8f67-6369d0c50a9b,717dda7e-d793-4697-8f60-b64ee8b1edc4,Gosposvetska,112
a7094427-e180-4deb-acaf-5d4488326e9e,9b0074d2-2c92-4c01-830b-00be8e05b412,484b5c91-1220-43ba-af79-84e712fcc46b,Slovenija avto,257
c5ec5e81-2ce4-452d-bd7a-595de4f8b34f,59ee5f7d-476b-4958-a922-2040a9308f3b,N/A,N/A,660
717dda7e-d793-4697-8f60-b64ee8b1edc4,6a89c110-a0f8-4b1a-87f0-33f49c0a658e,295616c0-387b-4f60-a337-7743cd6be04e,Bavarski dvor,22
8512e1be-4637-483b-a3e6-78ccc6d2c5b1,52e5adea-e194-4fc1-809c-1d6421f8f8db,a719a87c-4e93-4387-a6d1-2631a487f7e0,Ajdovščina,148
294c40c4-18e4-4d92-a947-911a8623de89,d98335a0-1291-4d4c-be62-16b11c356575,484b5c91-1220-43ba-af79-84e712fcc46b,Slovenija avto,17
d4c51b31-46fd-4da8-ba15-8068e666d483,5de84f88-3f32-4636-8c30-03cc267ecf37,fef200e9-4d98-425b-ab14-8110e2aa85d7,Drama,158
7484317c-269f-425f-8118-23eedab4e5f1,454817d3-3750-49c7-994c-14d06fd2c634,7fa32ea0-e884-435a-a81c-51bbd5cedf3e,Zaloška,285
f14a6236-8af2-47bf-9270-432377662a63,1505c6fe-6080-424e-98d1-24c312cfacf3,a2ce7e6f-0f99-443a-a973-81a0b9c60261,Astra,97
3edd6057-3847-4c42-b8ec-6e89ff95793a,e786b2df-34ed-4246-832e-7c3d538ac1f4,5d7f28a6-2a2a-4333-aa06-48edfb652f86,Pošta,61
923bd774-0651-4e0a-8624-3acfb7ecd5ff,0dc86a8f-0f41-44c7-978c-e06cb63cbbcf,295616c0-387b-4f60-a337-7743cd6be04e,Bavarski dvor,112
1eadcdb9-60cd-47c9-8eec-527c3465a685,f2b27cbd-5207-4281-8f67-6369d0c50a9b,5d7f28a6-2a2a-4333-aa06-48edfb652f86,Pošta,16
ef31a8be-b01d-44cd-95cf-3db8e918af26,769b7bc7-4f95-4bb2-9c99-37ba8e8b4bd5,c5ec5e81-2ce4-452d-bd7a-595de4f8b34f,Prušnikova,256
093afa81-b65f-4182-bac3-afbc00558a9b,d4c51b31-46fd-4da8-ba15-8068e666d483,f33b721f-a8a3-4aad-96f2-077da09ebaa6,Razstavišče,16
1dc99fbb-5496-4aab-a4b6-32e653ccc789,294c40c4-18e4-4d92-a947-911a8623de89,5d7f28a6-2a2a-4333-aa06-48edfb652f86,Pošta,250
12304b99-9a07-485a-a101-eaca90495d48,f33b721f-a8a3-4aad-96f2-077da09ebaa6,a719a87c-4e93-4387-a6d1-2631a487f7e0,Ajdovščina,151
8598b85d-3e1d-4767-b72f-0c209038841f,d4c51b31-46fd-4da8-ba15-8068e666d483,c22879e5-8e90-4540-9a74-5f139208e492,Friškovec,22
52e5adea-e194-4fc1-809c-1d6421f8f8db,ef31a8be-b01d-44cd-95cf-3db8e918af26,fef200e9-4d98-425b-ab14-8110e2aa85d7,Drama,261
4e8ccfa1-b58c-4ee1-ad82-2e8a645071f3,ecc4ae87-ae08-4b94-995c-452fdd94df7f,717dda7e-d793-4697-8f60-b64ee8b1edc4,Gosposvetska,603
1505c6fe-6080-424e-98d1-24c312cfacf3,1eadcdb9-60cd-47c9-8eec-527c3465a685,9b0074d2-2c92-4c01-830b-00be8e05b412,Cukrarna,134
fef200e9-4d98-425b-ab14-8110e2aa85d7,294c40c4-18e4-4d92-a947-911a8623de89,295616c0-387b-4f60-a337-7743cd6be04e,Bavarski dvor,320
48507e1a-32df-4552-9448-3b345760b75f,3c6ebf90-c611-4535-b2b0-22fba3f7649a,c87db9be-1fba-4102-a743-0ee4317dd5af,Bavarski dvor,225
f14a6236-8af2-47bf-9270-432377662a63,454817d3-3750-49c7-994c-14d06fd2c634,5de84f88-3f32-4636-8c30-03cc267ecf37,Podvozna pot,8
38b3abed-0592-407b-96c3-85a026f2e192,38b3abed-0592-407b-96c3-85a026f2e192,484b5c91-1220-43ba-af79-84e712fcc46b,Slovenija avto,215
86a75ffc-a78f-401f-8991-2eb0371417b2,98b60d07-8054-441a-be44-be7aa24f4253,c87db9be-1fba-4102-a743-0ee4317dd5af,Bavarski dvor,188
5d7f28a6-2a2a-4333-aa06-48edfb652f86,2ec182e2-769f-427f-b9b5-c4118890cb96,717dda7e-d793-4697-8f60-b64ee8b1edc4,Gosposvetska,140
4ca7ae7e-380b-45e3-81de-00ffab5bb531,3edd6057-3847-4c42-b8ec-6e89ff95793a,c87db9be-1fba-4102-a743-0ee4317dd5af,Bavarski dvor,26
8eeea585-6168-45b8-a5d4-336e61826043,1ce1c3a8-e0f6-4f90-b1aa-1448759d8b3c,77dcd833-fa4d-4c5a-93b1-31284942e61d,Šišenska,275
fb7704f0-d31e-4561-83e4-621a8c62654b,1035c6f7-304e-4329-a3b2-4eb5d985a577,fef200e9-4d98-425b-ab14-8110e2aa85d7,Drama,222
7c149b59-2bc6-45cb-95c8-69e18a0db627,6c56976b-4ae1-429f-bcab-0cfc37e3580d,295616c0-387b-4f60-a337-7743cd6be04e,Bavarski dvor,4
a2ce7e6f-0f99-443a-a973-81a0b9c60261,7fad8003-fb10-489d-bf8d-6d433310ad90,a719a87c-4e93-4387-a6d1-2631a487f7e0,Ajdovščina,32
abc9fd26-5442-468b-93b6-4d5eb76d0f1f,f2b27cbd-5207-4281-8f67-6369d0c50a9b,a2ce7e6f-0f99-443a-a973-81a0b9c60261,Astra,85
a719a87c-4e93-4387-a6d1-2631a487f7e0,7fa32ea0-e884-435a-a81c-51bbd5cedf3e,a719a87c-4e93-4387-a6d1-2631a487f7e0,Ajdovščina,70
d98335a0-1291-4d4c-be62-16b11c356575,295616c0-387b-4f60-a337-7743cd6be04e,cdabf1ea-b04c-480a-8359-72c46e6864ab,Bežigrad,113
4e8ccfa1-b58c-4ee1-ad82-2e8a645071f3,7fad8003-fb10-489d-bf8d-6d433310ad90,c87db9be-1fba-4102-a743-0ee4317dd5af,Bavarski dvor,94
5de6ff80-1352-43df-b5ec-1df59f2f492b,fb7704f0-d31e-4561-83e4-621a8c62654b,a719a87c-4e93-4387-a6d1-2631a487f7e0,Ajdovščina,73
4e8ccfa1-b58c-4ee1-ad82-2e8a645071f3,1505c6fe-6080-424e-98d1-24c312cfacf3,295616c0-387b-4f60-a337-7743cd6be04e,Bavarski dvor,160
4ca7ae7e-380b-45e3-81de-00ffab5bb531,0b4a072e-6c2d-4c71-ab80-2b7142df81de,7eb88e01-82e9-4af4-84d0-69c6ea9dc82c,Kolodvor,24
59ee5f7d-476b-4958-a922-2040a9308f3b,e9d9f622-7394-4c5c-9031-a41855a64aa7,a0b1fb90-3f6a-4231-910a-18be192ac762,Flajšmanova,339
ac3afe7d-a2b3-4d5d-9e6a-1d2412a3bc70,7c149b59-2bc6-45cb-95c8-69e18a0db627,c87db9be-1fba-4102-a743-0ee4317dd5af,Bavarski dvor,486
ef31a8be-b01d-44cd-95cf-3db8e918af26,48b163cd-b819-4849-aee1-8b1da77657ab,717dda7e-d793-4697-8f60-b64ee8b1edc4,Gosposvetska,58
9b0074d2-2c92-4c01-830b-00be8e05b412,6edebb46-d04f-45c4-99a4-100f7f0b2660,7fa32ea0-e884-435a-a81c-51bbd5cedf3e,Zaloška,6
1035c6f7-304e-4329-a3b2-4eb5d985a577,cdabf1ea-b04c-480a-8359-72c46e6864ab,295616c0-387b-4f60-a337-7743cd6be04e,Bavarski dvor,36
f4cfd904-bd11-4247-95df-32c4555a930f,a0b1fb90-3f6a-4231-910a-18be192ac762,f4cfd904-bd11-4247-95df-32c4555a930f,Klinični center,9
e9382efd-d64d-46b0-9a7d-a4e6a0188725,f2b27cbd-5207-4281-8f67-6369d0c50a9b,c87db9be-1fba-4102-a743-0ee4317dd5af,Bavarski dvor,184
b59656a4-b6e7-4b87-977c-078c59088a50,c297ac70-8f43-4fbc-a8a4-366ddb883a8d,5d7f28a6-2a2a-4333-aa06-48edfb652f86,Pošta,89
9746f277-af08-4cce-92fa-41da5eca8ac2,2388ce1f-c947-42d7-97f3-e01a7254c933,N/A,N/A,660
f33b721f-a8a3-4aad-96f2-077da09ebaa6,1b3ddeca-a066-43ee-9ae5-8339628129c2,f33b721f-a8a3-4aad-96f2-077da09ebaa6,Razstavišče,62
ab987eb0-c970-4577-8db9-0cd507a6cab6,4038e02e-f22f-4af0-ba4f-7aab855b53af,fef200e9-4d98-425b-ab14-8110e2aa85d7,Drama,9
4ca7ae7e-380b-45e3-81de-00ffab5bb531,f14a6236-8af2-47bf-9270-432377662a63,fef200e9-4d98-425b-ab14-8110e2aa85d7,Drama,157
ab987eb0-c970-4577-8db9-0cd507a6cab6,6559d555-672b-4633-8a81-0ae68fb963eb,4ca7ae7e-380b-45e3-81de-00ffab5bb531,Yulon,69
ef31a8be-b01d-44cd-95cf-3db8e918af26,769b7bc7-4f95-4bb2-9c99-37ba8e8b4bd5,7fad8003-fb10-489d-bf8d-6d433310ad90,Nove Jarše,29
d98335a0-1291-4d4c-be62-16b11c356575,484b5c91-1220-43ba-af79-84e712fcc46b,7fa32ea0-e884-435a-a81c-51bbd5cedf3e,Zaloška,232
77dcd833-fa4d-4c5a-93b1-31284942e61d,6bd46cb7-9e5d-453a-878a-bcc38fb2a5f2,6a89c110-a0f8-4b1a-87f0-33f49c0a658e,Šola Jarše,121
7eb88e01-82e9-4af4-84d0-69c6ea9dc82c,05643914-8ff7-4064-8737-2761d44a083f,c87db9be-1fba-4102-a743-0ee4317dd5af,Bavarski dvor,38
379bc761-04b5-4227-be76-3b870fe3e69f,7484317c-269f-425f-8118-23eedab4e5f1,6edebb46-d04f-45c4-99a4-100f7f0b2660,Zadvor,73
5de6ff80-1352-43df-b5ec-1df59f2f492b,f2b27cbd-5207-4281-8f67-6369d0c50a9b,fef200e9-4d98-425b-ab14-8110e2aa85d7,Drama,244
e0bcd677-6012-4c90-a884-44dffafdffec,c87db9be-1fba-4102-a743-0ee4317dd5af,a719a87c-4e93-4387-a6d1-2631a487f7e0,Ajdovščina,260
abc9fd26-5442-468b-93b6-4d5eb76d0f1f,0be237aa-4b91-4d2b-ac23-0cebac975a0d,454817d3-3750-49c7-994c-14d06fd2c634,Žale,211
ab987eb0-c970-4577-8db9-0cd507a6cab6,1035c6f7-304e-4329-a3b2-4eb5d985a577,1ce1c3a8-e0f6-4f90-b1aa-1448759d8b3c,Astra,22
e0bcd677-6012-4c90-a884-44dffafdffec,e9d9f622-7394-4c5c-9031-a41855a64aa7,98fa3880-5936-4ec8-ba04-39c7ff9a0e6a,Stara cerkev,307
592b37eb-8255-4758-ae8a-7cef98521013,1ce1c3a8-e0f6-4f90-b1aa-1448759d8b3c,592b37eb-8255-4758-ae8a-7cef98521013,Rogovilc,265
7bcbdcaa-00b9-47d4-8982-09da26cd7bcb,48507e1a-32df-4552-9448-3b345760b75f,7bcbdcaa-00b9-47d4-8982-09da26cd7bcb,Zaloška,73
eb165f50-9c43-4b09-9658-469a16d3dc83,1505c6fe-6080-424e-98d1-24c312cfacf3,295616c0-387b-4f60-a337-7743cd6be04e,Bavarski dvor,124
59ee5f7d-476b-4958-a922-2040a9308f3b,769b7bc7-4f95-4bb2-9c99-37ba8e8b4bd5,f33b721f-a8a3-4aad-96f2-077da09ebaa6,Razstavišče,132
c22879e5-8e90-4540-9a74-5f139208e492,1505c6fe-6080-424e-98d1-24c312cfacf3,N/A,N/A,660
277bc73c-e61d-4046-bcfd-31d6161c568e,b59656a4-b6e7-4b87-977c-078c59088a50,c87db9be-1fba-4102-a743-0ee4317dd5af,Bavarski dvor,34
271db19a-744b-41a0-869d-0c3e0e2cb6bf,6a89c110-a0f8-4b1a-87f0-33f49c0a658e,48b163cd-b819-4849-aee1-8b1da77657ab,Šentvid,91
1505c6fe-6080-424e-98d1-24c312cfacf3,1035c6f7-304e-4329-a3b2-4eb5d985a577,717dda7e-d793-4697-8f60-b64ee8b1edc4,Gosposvetska,552
8eeea585-6168-45b8-a5d4-336e61826043,6a89c110-a0f8-4b1a-87f0-33f49c0a658e,c22879e5-8e90-4540-9a74-5f139208e492,Friškovec,347
a2ce7e6f-0f99-443a-a973-81a0b9c60261,c627c9f2-af02-4d83-969a-566719bb09e3,f4cfd904-bd11-4247-95df-32c4555a930f,Klinični center,24
9b0074d2-2c92-4c01-830b-00be8e05b412,7310c006-62b8-4f94-bb9c-d5c26cb3faad,N/A,N/A,660
2f874852-bc80-4ff3-b6bf-a914e31251c8,8c7fa045-888b-46d0-8189-6f82623bf481,295616c0-387b-4f60-a337-7743cd6be04e,Bavarski dvor,202
c5ec5e81-2ce4-452d-bd7a-595de4f8b34f,c22879e5-8e90-4540-9a74-5f139208e492,77dcd833-fa4d-4c5a-93b1-31284942e61d,Šišenska,5
98b60d07-8054-441a-be44-be7aa24f4253,58db973d-ecbb-4aa6-a56c-c26aaff7f263,9bd3ee10-bc61-44e8-8cf3-a37cffd54da0,DOMŽALE kolodvor,29
454817d3-3750-49c7-994c-14d06fd2c634,abc9fd26-5442-468b-93b6-4d5eb76d0f1f,c87db9be-1fba-4102-a743-0ee4317dd5af,Bavarski dvor,31
e9382efd-d64d-46b0-9a7d-a4e6a0188725,21764d19-62cc-49fd-bac9-403aeac6a6b9,98fa3880-5936-4ec8-ba04-39c7ff9a0e6a,Stara cerkev,64
7fa32ea0-e884-435a-a81c-51bbd5cedf3e,96d4c75b-6452-4c70-a31e-c234262ba38b,1ce1c3a8-e0f6-4f90-b1aa-1448759d8b3c,Astra,404
47a3bd8a-72ae-4e20-b43f-10bfaf49012c,ecc4ae87-ae08-4b94-995c-452fdd94df7f,717dda7e-d793-4697-8f60-b64ee8b1edc4,Gosposvetska,65
484b5c91-1220-43ba-af79-84e712fcc46b,d4c51b31-46fd-4da8-ba15-8068e666d483,717dda7e-d793-4697-8f60-b64ee8b1edc4,Gosposvetska,185
f2b27cbd-5207-4281-8f67-6369d0c50a9b,a719a87c-4e93-4387-a6d1-2631a487f7e0,717dda7e-d793-4697-8f60-b64ee8b1edc4,Gosposvetska,47
48b163cd-b819-4849-aee1-8b1da77657ab,6559d555-672b-4633-8a81-0ae68fb963eb,295616c0-387b-4f60-a337-7743cd6be04e,Bavarski dvor,151
271db19a-744b-41a0-869d-0c3e0e2cb6bf,923bd774-0651-4e0a-8624-3acfb7ecd5ff,295616c0-387b-4f60-a337-7743cd6be04e,Bavarski dvor,368
9746f277-af08-4cce-92fa-41da5eca8ac2,8eeea585-6168-45b8-a5d4-336e61826043,c87db9be-1fba-4102-a743-0ee4317dd5af,Bavarski dvor,94
5cc8a08d-c0af-491f-9a9c-b8b4f5f23bc0,6182f8e8-c45e-4606-b4a4-d909bd44d2cc,c87db9be-1fba-4102-a743-0ee4317dd5af,Bavarski dvor,166
7bcbdcaa-00b9-47d4-8982-09da26cd7bcb,e468b92f-fa4a-4819-bb11-37761deaf4ca,a719a87c-4e93-4387-a6d1-2631a487f7e0,Ajdovščina,31
48507e1a-32df-4552-9448-3b345760b75f,ab987eb0-c970-4577-8db9-0cd507a6cab6,fef200e9-4d98-425b-ab14-8110e2aa85d7,Drama,225
12304b99-9a07-485a-a101-eaca90495d48,9746f277-af08-4cce-92fa-41da5eca8ac2,fef200e9-4d98-425b-ab14-8110e2aa85d7,Drama,365
1e157c31-d34d-4c2e-91b4-8c000c88f6dd,f15ddf31-fc11-41ba-988d-376c83e38f58,295616c0-387b-4f60-a337-7743cd6be04e,Bavarski dvor,74
9b0074d2-2c92-4c01-830b-00be8e05b412,6a89c110-a0f8-4b1a-87f0-33f49c0a658e,a719a87c-4e93-4387-a6d1-2631a487f7e0,Ajdovščina,103
5de84f88-3f32-4636-8c30-03cc267ecf37,4d216485-ef41-45e7-9182-0c254644955c,8598b85d-3e1d-4767-b72f-0c209038841f,Štepanja vas,123
9a1c4c65-df77-481f-87ad-56143f02a864,3fbf6322-fb74-4a50-a81a-bfca73abc26b,f14a6236-8af2-47bf-9270-432377662a63,Viadukt,586
271db19a-744b-41a0-869d-0c3e0e2cb6bf,ac3afe7d-a2b3-4d5d-9e6a-1d2412a3bc70,7eb88e01-82e9-4af4-84d0-69c6ea9dc82c,Kolodvor,184
1dc99fbb-5496-4aab-a4b6-32e653ccc789,48507e1a-32df-4552-9448-3b345760b75f,609f0950-bb8c-4eaf-a931-8575b8aff1ac,Savske stolpnice,430
fb0042f8-d9e2-4916-b60a-38a026acf0c9,c22879e5-8e90-4540-9a74-5f139208e492,a719a87c-4e93-4387-a6d1-2631a487f7e0,Ajdovščina,217
f33b721f-a8a3-4aad-96f2-077da09ebaa6,484b5c91-1220-43ba-af79-84e712fcc46b,295616c0-387b-4f60-a337-7743cd6be04e,Bavarski dvor,65
6459bd02-d8f8-413e-9402-10b916f09a4f,abc9fd26-5442-468b-93b6-4d5eb76d0f1f,a719a87c-4e93-4387-a6d1-2631a487f7e0,Ajdovščina,196
48b163cd-b819-4849-aee1-8b1da77657ab,294c40c4-18e4-4d92-a947-911a8623de89,454817d3-3750-49c7-994c-14d06fd2c634,Žale,107
454817d3-3750-49c7-994c-14d06fd2c634,1b3ddeca-a066-43ee-9ae5-8339628129c2,6a89c110-a0f8-4b1a-87f0-33f49c0a658e,Šola Jarše,144
98b60d07-8054-441a-be44-be7aa24f4253,12304b99-9a07-485a-a101-eaca90495d48,379bc761-04b5-4227-be76-3b870fe3e69f,Pot na Fužine,37
48b163cd-b819-4849-aee1-8b1da77657ab,ef31a8be-b01d-44cd-95cf-3db8e918af26,a719a87c-4e93-4387-a6d1-2631a487f7e0,Ajdovščina,96
e6f5183b-c615-4f47-b4fb-204ee070e825,e6f5183b-c615-4f47-b4fb-204ee070e825,295616c0-387b-4f60-a337-7743cd6be04e,Bavarski dvor,190
b59656a4-b6e7-4b87-977c-078c59088a50,a2ce7e6f-0f99-443a-a973-81a0b9c60261,fef200e9-4d98-425b-ab14-8110e2aa85d7,Drama,33
1ce1c3a8-e0f6-4f90-b1aa-1448759d8b3c,a0e0a21b-b8ce-4d76-bbc2-04e179367fee,a0e0a21b-b8ce-4d76-bbc2-04e179367fee,Šola Jarše,347
6edebb46-d04f-45c4-99a4-100f7f0b2660,e786b2df-34ed-4246-832e-7c3d538ac1f4,c87db9be-1fba-4102-a743-0ee4317dd5af,Bavarski dvor,88
f15ddf31-fc11-41ba-988d-376c83e38f58,b59656a4-b6e7-4b87-977c-078c59088a50,5de84f88-3f32-4636-8c30-03cc267ecf37,Podvozna pot,44
3fbf6322-fb74-4a50-a81a-bfca73abc26b,271db19a-744b-41a0-869d-0c3e0e2cb6bf,5d7f28a6-2a2a-4333-aa06-48edfb652f86,Pošta,281
4038e02e-f22f-4af0-ba4f-7aab855b53af,a0b1fb90-3f6a-4231-910a-18be192ac762,295616c0-387b-4f60-a337-7743cd6be04e,Bavarski dvor,179
bc66f88b-1412-44cb-b921-030d27335261,91fb6c6e-49cf-49d3-97d4-6ae228f9bfa1,98fa3880-5936-4ec8-ba04-39c7ff9a0e6a,Stara cerkev,317
ef31a8be-b01d-44cd-95cf-3db8e918af26,f15ddf31-fc11-41ba-988d-376c83e38f58,fef200e9-4d98-425b-ab14-8110e2aa85d7,Drama,54
4e8ccfa1-b58c-4ee1-ad82-2e8a645071f3,093afa81-b65f-4182-bac3-afbc00558a9b,295616c0-387b-4f60-a337-7743cd6be04e,Bavarski dvor,441
38b3abed-0592-407b-96c3-85a026f2e192,6c56976b-4ae1-429f-bcab-0cfc37e3580d,a719a87c-4e93-4387-a6d1-2631a487f7e0,Ajdovščina,55
ab987eb0-c970-4577-8db9-0cd507a6cab6,05643914-8ff7-4064-8737-2761d44a083f,a2ce7e6f-0f99-443a-a973-81a0b9c60261,Astra,234
bc66f88b-1412-44cb-b921-030d27335261,2f874852-bc80-4ff3-b6bf-a914e31251c8,fef200e9-4d98-425b-ab14-8110e2aa85d7,Drama,147
717dda7e-d793-4697-8f60-b64ee8b1edc4,f14a6236-8af2-47bf-9270-432377662a63,295616c0-387b-4f60-a337-7743cd6be04e,Bavarski dvor,48
717c914e-f928-4671-95f6-26c1ddb95799,9cfac7e2-9653-4e52-a6d3-27756d27f817,1ce1c3a8-e0f6-4f90-b1aa-1448759d8b3c,Astra,10
a7177a3d-8db2-43fb-8910-f95857f0ed97,96d4c75b-6452-4c70-a31e-c234262ba38b,N/A,N/A,660
4d216485-ef41-45e7-9182-0c254644955c,4e8ccfa1-b58c-4ee1-ad82-2e8a645071f3,c87db9be-1fba-4102-a743-0ee4317dd5af,Bavarski dvor,350
fef200e9-4d98-425b-ab14-8110e2aa85d7,48507e1a-32df-4552-9448-3b345760b75f,c87db9be-1fba-4102-a743-0ee4317dd5af,Bavarski dvor,90
277bc73c-e61d-4046-bcfd-31d6161c568e,25cde952-4896-4977-b229-75e09b3e3661,484b5c91-1220-43ba-af79-84e712fcc46b,Slovenija avto,44
c5ec5e81-2ce4-452d-bd7a-595de4f8b34f,25cde952-4896-4977-b229-75e09b3e3661,023d7b7a-b411-4e61-8746-b07f9e5c8f90,Ambrožev trg,283
454817d3-3750-49c7-994c-14d06fd2c634,9a1c4c65-df77-481f-87ad-56143f02a864,fef200e9-4d98-425b-ab14-8110e2aa85d7,Drama,18
e0bcd677-6012-4c90-a884-44dffafdffec,f2b27cbd-5207-4281-8f67-6369d0c50a9b,c87db9be-1fba-4102-a743-0ee4317dd5af,Bavarski dvor,273
7fa32ea0-e884-435a-a81c-51bbd5cedf3e,48b163cd-b819-4849-aee1-8b1da77657ab,7eb88e01-82e9-4af4-84d0-69c6ea9dc82c,Kolodvor,168
a2f479c6-4c21-4923-b4ac-86f752507cee,21764d19-62cc-49fd-bac9-403aeac6a6b9,N/A,N/A,660
a719a87c-4e93-4387-a6d1-2631a487f7e0,ab987eb0-c970-4577-8db9-0cd507a6cab6,fef200e9-4d98-425b-ab14-8110e2aa85d7,Drama,132
a7094427-e180-4deb-acaf-5d4488326e9e,769b7bc7-4f95-4bb2-9c99-37ba8e8b4bd5,fef200e9-4d98-425b-ab14-8110e2aa85d7,Drama,71
1505c6fe-6080-424e-98d1-24c312cfacf3,b59656a4-b6e7-4b87-977c-078c59088a50,a7094427-e180-4deb-acaf-5d4488326e9e,ZADOBROVA,160
21764d19-62cc-49fd-bac9-403aeac6a6b9,592b37eb-8255-4758-ae8a-7cef98521013,6a89c110-a0f8-4b1a-87f0-33f49c0a658e,Šola Jarše,89
fb0042f8-d9e2-4916-b60a-38a026acf0c9,3edd6057-3847-4c42-b8ec-6e89ff95793a,5de84f88-3f32-4636-8c30-03cc267ecf37,Podvozna pot,49
9e109242-5aad-4fb7-b0c8-576eef8aa4e0,4038e02e-f22f-4af0-ba4f-7aab855b53af,c87db9be-1fba-4102-a743-0ee4317dd5af,Bavarski dvor,127
ab987eb0-c970-4577-8db9-0cd507a6cab6,58db973d-ecbb-4aa6-a56c-c26aaff7f263,aa42017d-812a-4175-bc9b-0fec03b18931,Ambrožev trg,68
6a89c110-a0f8-4b1a-87f0-33f49c0a658e,88cdd36c-03d2-4374-a22f-110dd9f75ea0,a719a87c-4e93-4387-a6d1-2631a487f7e0,Ajdovščina,40
093afa81-b65f-4182-bac3-afbc00558a9b,0dc86a8f-0f41-44c7-978c-e06cb63cbbcf,a2ce7e6f-0f99-443a-a973-81a0b9c60261,Astra,108
e6f5183b-c615-4f47-b4fb-204ee070e825,a7177a3d-8db2-43fb-8910-f95857f0ed97,N/A,N/A,660
bc66f88b-1412-44cb-b921-030d27335261,eb165f50-9c43-4b09-9658-469a16d3dc83,f2b27cbd-5207-4281-8f67-6369d0c50a9b,Kodrova,497
8598b85d-3e1d-4767-b72f-0c209038841f,9b0074d2-2c92-4c01-830b-00be8e05b412,c22879e5-8e90-4540-9a74-5f139208e492,Friškovec,94
38b3abed-0592-407b-96c3-85a026f2e192,88cdd36c-03d2-4374-a22f-110dd9f75ea0,295616c0-387b-4f60-a337-7743cd6be04e,Bavarski dvor,308
1dc99fbb-5496-4aab-a4b6-32e653ccc789,ab987eb0-c970-4577-8db9-0cd507a6cab6,5d7f28a6-2a2a-4333-aa06-48edfb652f86,Pošta,171
9a1c4c65-df77-481f-87ad-56143f02a864,1eadcdb9-60cd-47c9-8eec-527c3465a685,295616c0-387b-4f60-a337-7743cd6be04e,Bavarski dvor,76
db13a26e-19d4-4b8a-a78a-01ef25d58834,5cc8a08d-c0af-491f-9a9c-b8b4f5f23bc0,295616c0-387b-4f60-a337-7743cd6be04e,Bavarski dvor,26
c0ff37c8-ac6c-4284-ad32-0ad29fd30dc2,7eb88e01-82e9-4af4-84d0-69c6ea9dc82c,fef200e9-4d98-425b-ab14-8110e2aa85d7,Drama,300
379bc761-04b5-4227-be76-3b870fe3e69f,e9d9f622-7394-4c5c-9031-a41855a64aa7,a719a87c-4e93-4387-a6d1-2631a487f7e0,Ajdovščina,649
7fa32ea0-e884-435a-a81c-51bbd5cedf3e,0dc86a8f-0f41-44c7-978c-e06cb63cbbcf,a719a87c-4e93-4387-a6d1-2631a487f7e0,Ajdovščina,83
1dc99fbb-5496-4aab-a4b6-32e653ccc789,59ee5f7d-476b-4958-a922-2040a9308f3b,a719a87c-4e93-4387-a6d1-2631a487f7e0,Ajdovščina,380
c22879e5-8e90-4540-9a74-5f139208e492,717c914e-f928-4671-95f6-26c1ddb95799,295616c0-387b-4f60-a337-7743cd6be04e,Bavarski dvor,533
ab987eb0-c970-4577-8db9-0cd507a6cab6,6bd46cb7-9e5d-453a-878a-bcc38fb2a5f2,9cfac7e2-9653-4e52-a6d3-27756d27f817,Kino Šiška,15
52e5adea-e194-4fc1-809c-1d6421f8f8db,fb0042f8-d9e2-4916-b60a-38a026acf0c9,5de84f88-3f32-4636-8c30-03cc267ecf37,Podvozna pot,613
12304b99-9a07-485a-a101-eaca90495d48,7310c006-62b8-4f94-bb9c-d5c26cb3faad,a0e0a21b-b8ce-4d76-bbc2-04e179367fee,Šola Jarše,80
3c6ebf90-c611-4535-b2b0-22fba3f7649a,5de84f88-3f32-4636-8c30-03cc267ecf37,f33b721f-a8a3-4aad-96f2-077da09ebaa6,Razstavišče,58
a7094427-e180-4deb-acaf-5d4488326e9e,7484317c-269f-425f-8118-23eedab4e5f1,a719a87c-4e93-4387-a6d1-2631a487f7e0,Ajdovščina,268
5d7f28a6-2a2a-4333-aa06-48edfb652f86,38b3abed-0592-407b-96c3-85a026f2e192,a719a87c-4e93-4387-a6d1-2631a487f7e0,Ajdovščina,298
f33b721f-a8a3-4aad-96f2-077da09ebaa6,2f874852-bc80-4ff3-b6bf-a914e31251c8,fef200e9-4d98-425b-ab14-8110e2aa85d7,Drama,130
9a14b0ec-f13a-46f0-8c4f-07d8b99241e2,023d7b7a-b411-4e61-8746-b07f9e5c8f90,717dda7e-d793-4697-8f60-b64ee8b1edc4,Gosposvetska,342
fef200e9-4d98-425b-ab14-8110e2aa85d7,9bd3ee10-bc61-44e8-8cf3-a37cffd54da0,7fad8003-fb10-489d-bf8d-6d433310ad90,Nove Jarše,213
a7094427-e180-4deb-acaf-5d4488326e9e,f15ddf31-fc11-41ba-988d-376c83e38f58,9a1c4c65-df77-481f-87ad-56143f02a864,Vižmarje,13
96d4c75b-6452-4c70-a31e-c234262ba38b,eb165f50-9c43-4b09-9658-469a16d3dc83,454817d3-3750-49c7-994c-14d06fd2c634,Žale,138
5cc8a08d-c0af-491f-9a9c-b8b4f5f23bc0,2ec182e2-769f-427f-b9b5-c4118890cb96,fef200e9-4d98-425b-ab14-8110e2aa85d7,Drama,95
f33b721f-a8a3-4aad-96f2-077da09ebaa6,c627c9f2-af02-4d83-969a-566719bb09e3,7fa32ea0-e884-435a-a81c-51bbd5cedf3e,Zaloška,98
769b7bc7-4f95-4bb2-9c99-37ba8e8b4bd5,db13a26e-19d4-4b8a-a78a-01ef25d58834,295616c0-387b-4f60-a337-7743cd6be04e,Bavarski dvor,53
05643914-8ff7-4064-8737-2761d44a083f,717c914e-f928-4671-95f6-26c1ddb95799,fef200e9-4d98-425b-ab14-8110e2aa85d7,Drama,137
c297ac70-8f43-4fbc-a8a4-366ddb883a8d,9cfac7e2-9653-4e52-a6d3-27756d27f817,c87db9be-1fba-4102-a743-0ee4317dd5af,Bavarski dvor,63
8512e1be-4637-483b-a3e6-78ccc6d2c5b1,f15ddf31-fc11-41ba-988d-376c83e38f58,f33b721f-a8a3-4aad-96f2-077da09ebaa6,Razstavišče,2
ecc4ae87-ae08-4b94-995c-452fdd94df7f,2388ce1f-c947-42d7-97f3-e01a7254c933,N/A,N/A,660
e468b92f-fa4a-4819-bb11-37761deaf4ca,a2f479c6-4c21-4923-b4ac-86f752507cee,N/A,N/A,660
f15ddf31-fc11-41ba-988d-376c83e38f58,d4c51b31-46fd-4da8-ba15-8068e666d483,717dda7e-d793-4697-8f60-b64ee8b1edc4,Gosposvetska,70
21764d19-62cc-49fd-bac9-403aeac6a6b9,7c149b59-2bc6-45cb-95c8-69e18a0db627,5d7f28a6-2a2a-4333-aa06-48edfb652f86,Pošta,18
a0b1fb90-3f6a-4231-910a-18be192ac762,80c65758-5f25-4003-8d55-10ff96fe8310,7fa32ea0-e884-435a-a81c-51bbd5cedf3e,Zaloška,2
7bcbdcaa-00b9-47d4-8982-09da26cd7bcb,b59656a4-b6e7-4b87-977c-078c59088a50,a719a87c-4e93-4387-a6d1-2631a487f7e0,Ajdovščina,35
e786b2df-34ed-4246-832e-7c3d538ac1f4,f2b27cbd-5207-4281-8f67-6369d0c50a9b,295616c0-387b-4f60-a337-7743cd6be04e,Bavarski dvor,65
295616c0-387b-4f60-a337-7743cd6be04e,3edd6057-3847-4c42-b8ec-6e89ff95793a,fef200e9-4d98-425b-ab14-8110e2aa85d7,Drama,85
a2ce7e6f-0f99-443a-a973-81a0b9c60261,a7177a3d-8db2-43fb-8910-f95857f0ed97,N/A,N/A,660
5de84f88-3f32-4636-8c30-03cc267ecf37,2ec182e2-769f-427f-b9b5-c4118890cb96,1ce1c3a8-e0f6-4f90-b1aa-1448759d8b3c,Astra,591
a0b1fb90-3f6a-4231-910a-18be192ac762,6459bd02-d8f8-413e-9402-10b916f09a4f,1ce1c3a8-e0f6-4f90-b1aa-1448759d8b3c,Astra,188
6182f8e8-c45e-4606-b4a4-d909bd44d2cc,a0e0a21b-b8ce-4d76-bbc2-04e179367fee,5d7f28a6-2a2a-4333-aa06-48edfb652f86,Pošta,170
8512e1be-4637-483b-a3e6-78ccc6d2c5b1,6559d555-672b-4633-8a81-0ae68fb963eb,c87db9be-1fba-4102-a743-0ee4317dd5af,Bavarski dvor,58
f2b27cbd-5207-4281-8f67-6369d0c50a9b,bc66f88b-1412-44cb-b921-030d27335261,a0b1fb90-3f6a-4231-910a-18be192ac762,Flajšmanova,116
ab987eb0-c970-4577-8db9-0cd507a6cab6,7bcbdcaa-00b9-47d4-8982-09da26cd7bcb,1b3ddeca-a066-43ee-9ae5-8339628129c2,Žale,480
4038e02e-f22f-4af0-ba4f-7aab855b53af,e786b2df-34ed-4246-832e-7c3d538ac1f4,a719a87c-4e93-4387-a6d1-2631a487f7e0,Ajdovščina,63
05643914-8ff7-4064-8737-2761d44a083f,db13a26e-19d4-4b8a-a78a-01ef25d58834,9cfac7e2-9653-4e52-a6d3-27756d27f817,Kino Šiška,258
8c7fa045-888b-46d0-8189-6f82623bf481,98b60d07-8054-441a-be44-be7aa24f4253,fef200e9-4d98-425b-ab14-8110e2aa85d7,Drama,267
6c56976b-4ae1-429f-bcab-0cfc37e3580d,81f21fc1-3bd2-4d2a-b563-2d063479c68e,fef200e9-4d98-425b-ab14-8110e2aa85d7,Drama,103
223f660b-c391-4120-bf3c-7bf06781686b,6459bd02-d8f8-413e-9402-10b916f09a4f,bc66f88b-1412-44cb-b921-030d27335261,Sneberje,25
a7094427-e180-4deb-acaf-5d4488326e9e,e9d9f622-7394-4c5c-9031-a41855a64aa7,c87db9be-1fba-4102-a743-0ee4317dd5af,Bavarski dvor,136
d98335a0-1291-4d4c-be62-16b11c356575,ecc4ae87-ae08-4b94-995c-452fdd94df7f,295616c0-387b-4f60-a337-7743cd6be04e,Bavarski dvor,77
295616c0-387b-4f60-a337-7743cd6be04e,abc9fd26-5442-468b-93b6-4d5eb76d0f1f,c22879e5-8e90-4540-9a74-5f139208e492,Friškovec,8
3c6ebf90-c611-4535-b2b0-22fba3f7649a,86a75ffc-a78f-401f-8991-2eb0371417b2,a719a87c-4e93-4387-a6d1-2631a487f7e0,Ajdovščina,333
12304b99-9a07-485a-a101-eaca90495d48,f4cfd904-bd11-4247-95df-32c4555a930f,a719a87c-4e93-4387-a6d1-2631a487f7e0,Ajdovščina,158
fb0042f8-d9e2-4916-b60a-38a026acf0c9,48507e1a-32df-4552-9448-3b345760b75f,295616c0-387b-4f60-a337-7743cd6be04e,Bavarski dvor,76
484b5c91-1220-43ba-af79-84e712fcc46b,5de84f88-3f32-4636-8c30-03cc267ecf37,295616c0-387b-4f60-a337-7743cd6be04e,Bavarski dvor,411
1b0f629f-acdb-4e94-8c54-018f4334ebf7,d98335a0-1291-4d4c-be62-16b11c356575,295616c0-387b-4f60-a337-7743cd6be04e,Bavarski dvor,247
923bd774-0651-4e0a-8624-3acfb7ecd5ff,f4cfd904-bd11-4247-95df-32c4555a930f,c87db9be-1fba-4102-a743-0ee4317dd5af,Bavarski dvor,52
f15ddf31-fc11-41ba-988d-376c83e38f58,b59656a4-b6e7-4b87-977c-078c59088a50,7310c006-62b8-4f94-bb9c-d5c26cb3faad,Polje,429
38b3abed-0592-407b-96c3-85a026f2e192,ef31a8be-b01d-44cd-95cf-3db8e918af26,484b5c91-1220-43ba-af79-84e712fcc46b,Slovenija avto,296
4e8ccfa1-b58c-4ee1-ad82-2e8a645071f3,2f874852-bc80-4ff3-b6bf-a914e31251c8,7fa32ea0-e884-435a-a81c-51bbd5cedf3e,Zaloška,8
271db19a-744b-41a0-869d-0c3e0e2cb6bf,7fa32ea0-e884-435a-a81c-51bbd5cedf3e,5d7f28a6-2a2a-4333-aa06-48edfb652f86,Pošta,30
eb165f50-9c43-4b09-9658-469a16d3dc83,093afa81-b65f-4182-bac3-afbc00558a9b,5d7f28a6-2a2a-4333-aa06-48edfb652f86,Pošta,370
1b3ddeca-a066-43ee-9ae5-8339628129c2,1035c6f7-304e-4329-a3b2-4eb5d985a577,5d7f28a6-2a2a-4333-aa06-48edfb652f86,Pošta,96
295616c0-387b-4f60-a337-7743cd6be04e,7310c006-62b8-4f94-bb9c-d5c26cb3faad,f33b721f-a8a3-4aad-96f2-077da09ebaa6,Razstavišče,70
1e157c31-d34d-4c2e-91b4-8c000c88f6dd,c87db9be-1fba-4102-a743-0ee4317dd5af,454817d3-3750-49c7-994c-14d06fd2c634,Žale,74
1e157c31-d34d-4c2e-91b4-8c000c88f6dd,cdabf1ea-b04c-480a-8359-72c46e6864ab,c87db9be-1fba-4102-a743-0ee4317dd5af,Bavarski dvor,75
d4c51b31-46fd-4da8-ba15-8068e666d483,6c56976b-4ae1-429f-bcab-0cfc37e3580d,295616c0-387b-4f60-a337-7743cd6be04e,Bavarski dvor,94
295616c0-387b-4f60-a337-7743cd6be04e,454817d3-3750-49c7-994c-14d06fd2c634,ef31a8be-b01d-44cd-95cf-3db8e918af26,Emona,88
abc9fd26-5442-468b-93b6-4d5eb76d0f1f,2ec182e2-769f-427f-b9b5-c4118890cb96,e6f5183b-c615-4f47-b4fb-204ee070e825,Bežigrad,120
1e157c31-d34d-4c2e-91b4-8c000c88f6dd,c87db9be-1fba-4102-a743-0ee4317dd5af,7fa32ea0-e884-435a-a81c-51bbd5cedf3e,Zaloška,78
4ca7ae7e-380b-45e3-81de-00ffab5bb531,38b3abed-0592-407b-96c3-85a026f2e192,454817d3-3750-49c7-994c-14d06fd2c634,Žale,375
f14a6236-8af2-47bf-9270-432377662a63,7eb88e01-82e9-4af4-84d0-69c6ea9dc82c,c5ec5e81-2ce4-452d-bd7a-595de4f8b34f,Prušnikova,264
294c40c4-18e4-4d92-a947-911a8623de89,a719a87c-4e93-4387-a6d1-2631a487f7e0,fef200e9-4d98-425b-ab14-8110e2aa85d7,Drama,5
9bd3ee10-bc61-44e8-8cf3-a37cffd54da0,2f874852-bc80-4ff3-b6bf-a914e31251c8,81f21fc1-3bd2-4d2a-b563-2d063479c68e,Štepanja vas,269
9bd3ee10-bc61-44e8-8cf3-a37cffd54da0,b59656a4-b6e7-4b87-977c-078c59088a50,86a75ffc-a78f-401f-8991-2eb0371417b2,Studenec,62
86a75ffc-a78f-401f-8991-2eb0371417b2,4ca7ae7e-380b-45e3-81de-00ffab5bb531,5d7f28a6-2a2a-4333-aa06-48edfb652f86,Pošta,70
05643914-8ff7-4064-8737-2761d44a083f,a0b1fb90-3f6a-4231-910a-18be192ac762,e6f5183b-c615-4f47-b4fb-204ee070e825,Bežigrad,437
a0e0a21b-b8ce-4d76-bbc2-04e179367fee,fb0042f8-d9e2-4916-b60a-38a026acf0c9,f33b721f-a8a3-4aad-96f2-077da09ebaa6,Razstavišče,150
59ee5f7d-476b-4958-a922-2040a9308f3b,7eb88e01-82e9-4af4-84d0-69c6ea9dc82c,717dda7e-d793-4697-8f60-b64ee8b1edc4,Gosposvetska,135
c627c9f2-af02-4d83-969a-566719bb09e3,4d216485-ef41-45e7-9182-0c254644955c,f15ddf31-fc11-41ba-988d-376c83e38f58,Vodovodna,134
1b0f629f-acdb-4e94-8c54-018f4334ebf7,0be237aa-4b91-4d2b-ac23-0cebac975a0d,484b5c91-1220-43ba-af79-84e712fcc46b,Slovenija avto,268
6559d555-672b-4633-8a81-0ae68fb963eb,9746f277-af08-4cce-92fa-41da5eca8ac2,295616c0-387b-4f60-a337-7743cd6be04e,Bavarski dvor,82
8c7fa045-888b-46d0-8189-6f82623bf481,86a75ffc-a78f-401f-8991-2eb0371417b2,fef200e9-4d98-425b-ab14-8110e2aa85d7,Drama,60
6bd46cb7-9e5d-453a-878a-bcc38fb2a5f2,80c65758-5f25-4003-8d55-10ff96fe8310,48507e1a-32df-4552-9448-3b345760b75f,Cesta na Vevče,39
c5ec5e81-2ce4-452d-bd7a-595de4f8b34f,9b0074d2-2c92-4c01-830b-00be8e05b412,c297ac70-8f43-4fbc-a8a4-366ddb883a8d,Bonifacija,99
db13a26e-19d4-4b8a-a78a-01ef25d58834,4e8ccfa1-b58c-4ee1-ad82-2e8a645071f3,295616c0-387b-4f60-a337-7743cd6be04e,Bavarski dvor,201
f2b27cbd-5207-4281-8f67-6369d0c50a9b,59ee5f7d-476b-4958-a922-2040a9308f3b,c87db9be-1fba-4102-a743-0ee4317dd5af,Bavarski dvor,353
c87db9be-1fba-4102-a743-0ee4317dd5af,c627c9f2-af02-4d83-969a-566719bb09e3,295616c0-387b-4f60-a337-7743cd6be04e,Bavarski dvor,66
ecc4ae87-ae08-4b94-995c-452fdd94df7f,58db973d-ecbb-4aa6-a56c-c26aaff7f263,7310c006-62b8-4f94-bb9c-d5c26cb3faad,Polje,240
277bc73c-e61d-4046-bcfd-31d6161c568e,e9382efd-d64d-46b0-9a7d-a4e6a0188725,f4cfd904-bd11-4247-95df-32c4555a930f,Klinični center,65
769b7bc7-4f95-4bb2-9c99-37ba8e8b4bd5,86a75ffc-a78f-401f-8991-2eb0371417b2,c87db9be-1fba-4102-a743-0ee4317dd5af,Bavarski dvor,496
96d4c75b-6452-4c70-a31e-c234262ba38b,ef31a8be-b01d-44cd-95cf-3db8e918af26,295616c0-387b-4f60-a337-7743cd6be04e,Bavarski dvor,75
d98335a0-1291-4d4c-be62-16b11c356575,e9d9f622-7394-4c5c-9031-a41855a64aa7,1ce1c3a8-e0f6-4f90-b1aa-1448759d8b3c,Astra,118
88cdd36c-03d2-4374-a22f-110dd9f75ea0,c5ec5e81-2ce4-452d-bd7a-595de4f8b34f,f2b27cbd-5207-4281-8f67-6369d0c50a9b,Kodrova,12
717c914e-f928-4671-95f6-26c1ddb95799,fef200e9-4d98-425b-ab14-8110e2aa85d7,7bcbdcaa-00b9-47d4-8982-09da26cd7bcb,Zaloška,281
48b163cd-b819-4849-aee1-8b1da77657ab,9bd3ee10-bc61-44e8-8cf3-a37cffd54da0,fef200e9-4d98-425b-ab14-8110e2aa85d7,Drama,486
e0bcd677-6012-4c90-a884-44dffafdffec,5d7f28a6-2a2a-4333-aa06-48edfb652f86,484b5c91-1220-43ba-af79-84e712fcc46b,Slovenija avto,270
a719a87c-4e93-4387-a6d1-2631a487f7e0,86a75ffc-a78f-401f-8991-2eb0371417b2,c87db9be-1fba-4102-a743-0ee4317dd5af,Bavarski dvor,14
f15ddf31-fc11-41ba-988d-376c83e38f58,2ec182e2-769f-427f-b9b5-c4118890cb96,c87db9be-1fba-4102-a743-0ee4317dd5af,Bavarski dvor,96
ac3afe7d-a2b3-4d5d-9e6a-1d2412a3bc70,ab987eb0-c970-4577-8db9-0cd507a6cab6,f33b721f-a8a3-4aad-96f2-077da09ebaa6,Razstavišče,262
9a1c4c65-df77-481f-87ad-56143f02a864,295616c0-387b-4f60-a337-7743cd6be04e,7c149b59-2bc6-45cb-95c8-69e18a0db627,Rusjanov trg,62
ac3afe7d-a2b3-4d5d-9e6a-1d2412a3bc70,0b4a072e-6c2d-4c71-ab80-2b7142df81de,a719a87c-4e93-4387-a6d1-2631a487f7e0,Ajdovščina,220
8eeea585-6168-45b8-a5d4-336e61826043,609f0950-bb8c-4eaf-a931-8575b8aff1ac,a0e0a21b-b8ce-4d76-bbc2-04e179367fee,Šola Jarše,25
d98335a0-1291-4d4c-be62-16b11c356575,9a14b0ec-f13a-46f0-8c4f-07d8b99241e2,cdabf1ea-b04c-480a-8359-72c46e6864ab,Bežigrad,103
5de6ff80-1352-43df-b5ec-1df59f2f492b,7484317c-269f-425f-8118-23eedab4e5f1,b59656a4-b6e7-4b87-977c-078c59088a50,Hajdrihova,88
717c914e-f928-4671-95f6-26c1ddb95799,a7177a3d-8db2-43fb-8910-f95857f0ed97,N/A,N/A,660
5de84f88-3f32-4636-8c30-03cc267ecf37,25cde952-4896-4977-b229-75e09b3e3661,717dda7e-d793-4697-8f60-b64ee8b1edc4,Gosposvetska,117
88cdd36c-03d2-4374-a22f-110dd9f75ea0,ac3afe7d-a2b3-4d5d-9e6a-1d2412a3bc70,c5ec5e81-2ce4-452d-bd7a-595de4f8b34f,Prušnikova,14
0be237aa-4b91-4d2b-ac23-0cebac975a0d,1b3ddeca-a066-43ee-9ae5-8339628129c2,484b5c91-1220-43ba-af79-84e712fcc46b,Slovenija avto,147
e468b92f-fa4a-4819-bb11-37761deaf4ca,1e157c31-d34d-4c2e-91b4-8c000c88f6dd,f14a6236-8af2-47bf-9270-432377662a63,Viadukt,56
05643914-8ff7-4064-8737-2761d44a083f,9b0074d2-2c92-4c01-830b-00be8e05b412,c22879e5-8e90-4540-9a74-5f139208e492,Friškovec,422
277bc73c-e61d-4046-bcfd-31d6161c568e,fb7704f0-d31e-4561-83e4-621a8c62654b,f33b721f-a8a3-4aad-96f2-077da09ebaa6,Razstavišče,21
47a3bd8a-72ae-4e20-b43f-10bfaf49012c,8512e1be-4637-483b-a3e6-78ccc6d2c5b1,717dda7e-d793-4697-8f60-b64ee8b1edc4,Gosposvetska,7
81f21fc1-3bd2-4d2a-b563-2d063479c68e,6559d555-672b-4633-8a81-0ae68fb963eb,b59656a4-b6e7-4b87-977c-078c59088a50,Hajdrihova,337
717dda7e-d793-4697-8f60-b64ee8b1edc4,a7094427-e180-4deb-acaf-5d4488326e9e,a0b1fb90-3f6a-4231-910a-18be192ac762,Flajšmanova,205
a0b1fb90-3f6a-4231-910a-18be192ac762,fef200e9-4d98-425b-ab14-8110e2aa85d7,7fad8003-fb10-489d-bf8d-6d433310ad90,Nove Jarše,24
8c7fa045-888b-46d0-8189-6f82623bf481,c5ec5e81-2ce4-452d-bd7a-595de4f8b34f,f14a6236-8af2-47bf-9270-432377662a63,Viadukt,218
48507e1a-32df-4552-9448-3b345760b75f,6459bd02-d8f8-413e-9402-10b916f09a4f,a719a87c-4e93-4387-a6d1-2631a487f7e0,Ajdovščina,15
1dc99fbb-5496-4aab-a4b6-32e653ccc789,2f18bcfa-6189-4de4-b06f-132d3392e7d6,7eb88e01-82e9-4af4-84d0-69c6ea9dc82c,Kolodvor,22
c627c9f2-af02-4d83-969a-566719bb09e3,a0e0a21b-b8ce-4d76-bbc2-04e179367fee,295616c0-387b-4f60-a337-7743cd6be04e,Bavarski dvor,15
1b3ddeca-a066-43ee-9ae5-8339628129c2,7fa32ea0-e884-435a-a81c-51bbd5cedf3e,5d7f28a6-2a2a-4333-aa06-48edfb652f86,Pošta,26
b59656a4-b6e7-4b87-977c-078c59088a50,b59656a4-b6e7-4b87-977c-078c59088a50,fef200e9-4d98-425b-ab14-8110e2aa85d7,Drama,1
88cdd36c-03d2-4374-a22f-110dd9f75ea0,3edd6057-3847-4c42-b8ec-6e89ff95793a,c87db9be-1fba-4102-a743-0ee4317dd5af,Bavarski dvor,171
ac3afe7d-a2b3-4d5d-9e6a-1d2412a3bc70,ab987eb0-c970-4577-8db9-0cd507a6cab6,8598b85d-3e1d-4767-b72f-0c209038841f,Štepanja vas,54
35aedf45-cca3-4f2f-931b-138d29d20fe9,25cde952-4896-4977-b229-75e09b3e3661,9a1c4c65-df77-481f-87ad-56143f02a864,Vižmarje,284
21764d19-62cc-49fd-bac9-403aeac6a6b9,e6f5183b-c615-4f47-b4fb-204ee070e825,295616c0-387b-4f60-a337-7743cd6be04e,Bavarski dvor,80
1eadcdb9-60cd-47c9-8eec-527c3465a685,38b3abed-0592-407b-96c3-85a026f2e192,295616c0-387b-4f60-a337-7743cd6be04e,Bavarski dvor,555
8c7fa045-888b-46d0-8189-6f82623bf481,a719a87c-4e93-4387-a6d1-2631a487f7e0,8598b85d-3e1d-4767-b72f-0c209038841f,Štepanja vas,3
aa42017d-812a-4175-bc9b-0fec03b18931,c87db9be-1fba-4102-a743-0ee4317dd5af,717dda7e-d793-4697-8f60-b64ee8b1edc4,Gosposvetska,1
ac3afe7d-a2b3-4d5d-9e6a-1d2412a3bc70,1ce1c3a8-e0f6-4f90-b1aa-1448759d8b3c,8598b85d-3e1d-4767-b72f-0c209038841f,Štepanja vas,53
8512e1be-4637-483b-a3e6-78ccc6d2c5b1,454817d3-3750-49c7-994c-14d06fd2c634,717dda7e-d793-4697-8f60-b64ee8b1edc4,Gosposvetska,63
fb0042f8-d9e2-4916-b60a-38a026acf0c9,2f18bcfa-6189-4de4-b06f-132d3392e7d6,86a75ffc-a78f-401f-8991-2eb0371417b2,Studenec,40
d4c51b31-46fd-4da8-ba15-8068e666d483,eb165f50-9c43-4b09-9658-469a16d3dc83,5d7f28a6-2a2a-4333-aa06-48edfb652f86,Pošta,36
c627c9f2-af02-4d83-969a-566719bb09e3,4d216485-ef41-45e7-9182-0c254644955c,717dda7e-d793-4697-8f60-b64ee8b1edc4,Gosposvetska,200
81f21fc1-3bd2-4d2a-b563-2d063479c68e,294c40c4-18e4-4d92-a947-911a8623de89,fef200e9-4d98-425b-ab14-8110e2aa85d7,Drama,95
923bd774-0651-4e0a-8624-3acfb7ecd5ff,6edebb46-d04f-45c4-99a4-100f7f0b2660,609f0950-bb8c-4eaf-a931-8575b8aff1ac,Savske stolpnice,225
d4c51b31-46fd-4da8-ba15-8068e666d483,4ca7ae7e-380b-45e3-81de-00ffab5bb531,7fa32ea0-e884-435a-a81c-51bbd5cedf3e,Zaloška,90
48b163cd-b819-4849-aee1-8b1da77657ab,e0bcd677-6012-4c90-a884-44dffafdffec,f33b721f-a8a3-4aad-96f2-077da09ebaa6,Razstavišče,284
db13a26e-19d4-4b8a-a78a-01ef25d58834,e786b2df-34ed-4246-832e-7c3d538ac1f4,a719a87c-4e93-4387-a6d1-2631a487f7e0,Ajdovščina,78
295616c0-387b-4f60-a337-7743cd6be04e,6bd46cb7-9e5d-453a-878a-bcc38fb2a5f2,484b5c91-1220-43ba-af79-84e712fcc46b,Slovenija avto,132
c0ff37c8-ac6c-4284-ad32-0ad29fd30dc2,1b0f629f-acdb-4e94-8c54-018f4334ebf7,98fa3880-5936-4ec8-ba04-39c7ff9a0e6a,Stara cerkev,22
48507e1a-32df-4552-9448-3b345760b75f,1e157c31-d34d-4c2e-91b4-8c000c88f6dd,N/A,N/A,660
7fad8003-fb10-489d-bf8d-6d433310ad90,5de6ff80-1352-43df-b5ec-1df59f2f492b,f4cfd904-bd11-4247-95df-32c4555a930f,Klinični center,365
ac3afe7d-a2b3-4d5d-9e6a-1d2412a3bc70,f15ddf31-fc11-41ba-988d-376c83e38f58,5d7f28a6-2a2a-4333-aa06-48edfb652f86,Pošta,128
4038e02e-f22f-4af0-ba4f-7aab855b53af,093afa81-b65f-4182-bac3-afbc00558a9b,fef200e9-4d98-425b-ab14-8110e2aa85d7,Drama,187
717dda7e-d793-4697-8f60-b64ee8b1edc4,aa42017d-812a-4175-bc9b-0fec03b18931,295616c0-387b-4f60-a337-7743cd6be04e,Bavarski dvor,341
717c914e-f928-4671-95f6-26c1ddb95799,1505c6fe-6080-424e-98d1-24c312cfacf3,fef200e9-4d98-425b-ab14-8110e2aa85d7,Drama,312
7fa32ea0-e884-435a-a81c-51bbd5cedf3e,0dc86a8f-0f41-44c7-978c-e06cb63cbbcf,484b5c91-1220-43ba-af79-84e712fcc46b,Slovenija avto,132
ef31a8be-b01d-44cd-95cf-3db8e918af26,271db19a-744b-41a0-869d-0c3e0e2cb6bf,295616c0-387b-4f60-a337-7743cd6be04e,Bavarski dvor,182
4e8ccfa1-b58c-4ee1-ad82-2e8a645071f3,96d4c75b-6452-4c70-a31e-c234262ba38b,fef200e9-4d98-425b-ab14-8110e2aa85d7,Drama,93
a7094427-e180-4deb-acaf-5d4488326e9e,aa42017d-812a-4175-bc9b-0fec03b18931,7fa32ea0-e884-435a-a81c-51bbd5cedf3e,Zaloška,115
3edd6057-3847-4c42-b8ec-6e89ff95793a,4d216485-ef41-45e7-9182-0c254644955c,f14a6236-8af2-47bf-9270-432377662a63,Viadukt,176
12304b99-9a07-485a-a101-eaca90495d48,c627c9f2-af02-4d83-969a-566719bb09e3,5d7f28a6-2a2a-4333-aa06-48edfb652f86,Pošta,479
25cde952-4896-4977-b229-75e09b3e3661,f4cfd904-bd11-4247-95df-32c4555a930f,cdabf1ea-b04c-480a-8359-72c46e6864ab,Bežigrad,228
47637057-8d6a-4cf9-bd56-3ac90748fcc4,3edd6057-3847-4c42-b8ec-6e89ff95793a,88cdd36c-03d2-4374-a22f-110dd9f75ea0,Kajuhova,52
3fbf6322-fb74-4a50-a81a-bfca73abc26b,4ca7ae7e-380b-45e3-81de-00ffab5bb531,c87db9be-1fba-4102-a743-0ee4317dd5af,Bavarski dvor,143
e9d9f622-7394-4c5c-9031-a41855a64aa7,98b60d07-8054-441a-be44-be7aa24f4253,88cdd36c-03d2-4374-a22f-110dd9f75ea0,Kajuhova,147
8eeea585-6168-45b8-a5d4-336e61826043,592b37eb-8255-4758-ae8a-7cef98521013,fef200e9-4d98-425b-ab14-8110e2aa85d7,Drama,36
f2b27cbd-5207-4281-8f67-6369d0c50a9b,1b0f629f-acdb-4e94-8c54-018f4334ebf7,7fa32ea0-e884-435a-a81c-51bbd5cedf3e,Zaloška,252
271db19a-744b-41a0-869d-0c3e0e2cb6bf,1b0f629f-acdb-4e94-8c54-018f4334ebf7,2f18bcfa-6189-4de4-b06f-132d3392e7d6,Besnica,3
48507e1a-32df-4552-9448-3b345760b75f,1dc99fbb-5496-4aab-a4b6-32e653ccc789,f14a6236-8af2-47bf-9270-432377662a63,Viadukt,7
2ec182e2-769f-427f-b9b5-c4118890cb96,3c6ebf90-c611-4535-b2b0-22fba3f7649a,5d7f28a6-2a2a-4333-aa06-48edfb652f86,Pošta,40
f2b27cbd-5207-4281-8f67-6369d0c50a9b,4ca7ae7e-380b-45e3-81de-00ffab5bb531,c87db9be-1fba-4102-a743-0ee4317dd5af,Bavarski dvor,38
88cdd36c-03d2-4374-a22f-110dd9f75ea0,6459bd02-d8f8-413e-9402-10b916f09a4f,c87db9be-1fba-4102-a743-0ee4317dd5af,Bavarski dvor,22
4d216485-ef41-45e7-9182-0c254644955c,f14a6236-8af2-47bf-9270-432377662a63,223f660b-c391-4120-bf3c-7bf06781686b,Tovorni kolodvor,226
8eeea585-6168-45b8-a5d4-336e61826043,5cc8a08d-c0af-491f-9a9c-b8b4f5f23bc0,023d7b7a-b411-4e61-8746-b07f9e5c8f90,Ambrožev trg,314
e9d9f622-7394-4c5c-9031-a41855a64aa7,6c56976b-4ae1-429f-bcab-0cfc37e3580d,c22879e5-8e90-4540-9a74-5f139208e492,Friškovec,9
223f660b-c391-4120-bf3c-7bf06781686b,9e109242-5aad-4fb7-b0c8-576eef8aa4e0,c22879e5-8e90-4540-9a74-5f139208e492,Friškovec,285
0dc86a8f-0f41-44c7-978c-e06cb63cbbcf,ef31a8be-b01d-44cd-95cf-3db8e918af26,f14a6236-8af2-47bf-9270-432377662a63,Viadukt,460
6bd46cb7-9e5d-453a-878a-bcc38fb2a5f2,c87db9be-1fba-4102-a743-0ee4317dd5af,8598b85d-3e1d-4767-b72f-0c209038841f,Štepanja vas,357
9b0074d2-2c92-4c01-830b-00be8e05b412,b59656a4-b6e7-4b87-977c-078c59088a50,717dda7e-d793-4697-8f60-b64ee8b1edc4,Gosposvetska,122
1ce1c3a8-e0f6-4f90-b1aa-1448759d8b3c,fb0042f8-d9e2-4916-b60a-38a026acf0c9,2ec182e2-769f-427f-b9b5-c4118890cb96,Stožice,198
81f21fc1-3bd2-4d2a-b563-2d063479c68e,1b3ddeca-a066-43ee-9ae5-8339628129c2,N/A,N/A,660
e9d9f622-7394-4c5c-9031-a41855a64aa7,58db973d-ecbb-4aa6-a56c-c26aaff7f263,717dda7e-d793-4697-8f60-b64ee8b1edc4,Gosposvetska,181
a0e0a21b-b8ce-4d76-bbc2-04e179367fee,1035c6f7-304e-4329-a3b2-4eb5d985a577,c87db9be-1fba-4102-a743-0ee4317dd5af,Bavarski dvor,204
e786b2df-34ed-4246-832e-7c3d538ac1f4,b59656a4-b6e7-4b87-977c-078c59088a50,295616c0-387b-4f60-a337-7743cd6be04e,Bavarski dvor,576
3fbf6322-fb74-4a50-a81a-bfca73abc26b,a0e0a21b-b8ce-4d76-bbc2-04e179367fee,295616c0-387b-4f60-a337-7743cd6be04e,Bavarski dvor,260
8c7fa045-888b-46d0-8189-6f82623bf481,bc66f88b-1412-44cb-b921-030d27335261,f33b721f-a8a3-4aad-96f2-077da09ebaa6,Razstavišče,156
9bd3ee10-bc61-44e8-8cf3-a37cffd54da0,77dcd833-fa4d-4c5a-93b1-31284942e61d,N/A,N/A,660
ac3afe7d-a2b3-4d5d-9e6a-1d2412a3bc70,271db19a-744b-41a0-869d-0c3e0e2cb6bf,a719a87c-4e93-4387-a6d1-2631a487f7e0,Ajdovščina,546
f14a6236-8af2-47bf-9270-432377662a63,c297ac70-8f43-4fbc-a8a4-366ddb883a8d,6a89c110-a0f8-4b1a-87f0-33f49c0a658e,Šola Jarše,382
05643914-8ff7-4064-8737-2761d44a083f,6559d555-672b-4633-8a81-0ae68fb963eb,c87db9be-1fba-4102-a743-0ee4317dd5af,Bavarski dvor,185
f2b27cbd-5207-4281-8f67-6369d0c50a9b,77dcd833-fa4d-4c5a-93b1-31284942e61d,f33b721f-a8a3-4aad-96f2-077da09ebaa6,Razstavišče,44
717c914e-f928-4671-95f6-26c1ddb95799,a2ce7e6f-0f99-443a-a973-81a0b9c60261,c87db9be-1fba-4102-a743-0ee4317dd5af,Bavarski dvor,39
ecc4ae87-ae08-4b94-995c-452fdd94df7f,38b3abed-0592-407b-96c3-85a026f2e192,c5ec5e81-2ce4-452d-bd7a-595de4f8b34f,Prušnikova,217
e9382efd-d64d-46b0-9a7d-a4e6a0188725,2ec182e2-769f-427f-b9b5-c4118890cb96,98fa3880-5936-4ec8-ba04-39c7ff9a0e6a,Stara cerkev,27
f14a6236-8af2-47bf-9270-432377662a63,223f660b-c391-4120-bf3c-7bf06781686b,295616c0-387b-4f60-a337-7743cd6be04e,Bavarski dvor,561
25cde952-4896-4977-b229-75e09b3e3661,dfde6478-02b5-471b-a470-29cb0e84542f,88cdd36c-03d2-4374-a22f-110dd9f75ea0,Kajuhova,133
abc9fd26-5442-468b-93b6-4d5eb76d0f1f,484b5c91-1220-43ba-af79-84e712fcc46b,484b5c91-1220-43ba-af79-84e712fcc46b,Slovenija avto,43
47637057-8d6a-4cf9-bd56-3ac90748fcc4,a7094427-e180-4deb-acaf-5d4488326e9e,5d7f28a6-2a2a-4333-aa06-48edfb652f86,Pošta,92
cdabf1ea-b04c-480a-8359-72c46e6864ab,a7094427-e180-4deb-acaf-5d4488326e9e,a0b1fb90-3f6a-4231-910a-18be192ac762,Flajšmanova,333
bc66f88b-1412-44cb-b921-030d27335261,47637057-8d6a-4cf9-bd56-3ac90748fcc4,a0b1fb90-3f6a-4231-910a-18be192ac762,Flajšmanova,131
f15ddf31-fc11-41ba-988d-376c83e38f58,c0ff37c8-ac6c-4284-ad32-0ad29fd30dc2,9bd3ee10-bc61-44e8-8cf3-a37cffd54da0,DOMŽALE kolodvor,88
7bcbdcaa-00b9-47d4-8982-09da26cd7bcb,aa42017d-812a-4175-bc9b-0fec03b18931,a0e0a21b-b8ce-4d76-bbc2-04e179367fee,Šola Jarše,58
86a75ffc-a78f-401f-8991-2eb0371417b2,fb7704f0-d31e-4561-83e4-621a8c62654b,5de84f88-3f32-4636-8c30-03cc267ecf37,Podvozna pot,38
4ca7ae7e-380b-45e3-81de-00ffab5bb531,e9382efd-d64d-46b0-9a7d-a4e6a0188725,717dda7e-d793-4697-8f60-b64ee8b1edc4,Gosposvetska,174
e468b92f-fa4a-4819-bb11-37761deaf4ca,f4cfd904-bd11-4247-95df-32c4555a930f,cdabf1ea-b04c-480a-8359-72c46e6864ab,Bežigrad,10
6559d555-672b-4633-8a81-0ae68fb963eb,2388ce1f-c947-42d7-97f3-e01a7254c933,N/A,N/A,660
6459bd02-d8f8-413e-9402-10b916f09a4f,48507e1a-32df-4552-9448-3b345760b75f,a719a87c-4e93-4387-a6d1-2631a487f7e0,Ajdovščina,63
223f660b-c391-4120-bf3c-7bf06781686b,0b4a072e-6c2d-4c71-ab80-2b7142df81de,7bcbdcaa-00b9-47d4-8982-09da26cd7bcb,Zaloška,115
eb165f50-9c43-4b09-9658-469a16d3dc83,48507e1a-32df-4552-9448-3b345760b75f,295616c0-387b-4f60-a337-7743cd6be04e,Bavarski dvor,42
8c7fa045-888b-46d0-8189-6f82623bf481,093afa81-b65f-4182-bac3-afbc00558a9b,N/A,N/A,660
1b0f629f-acdb-4e94-8c54-018f4334ebf7,7484317c-269f-425f-8118-23eedab4e5f1,fef200e9-4d98-425b-ab14-8110e2aa85d7,Drama,47
7eb88e01-82e9-4af4-84d0-69c6ea9dc82c,271db19a-744b-41a0-869d-0c3e0e2cb6bf,f14a6236-8af2-47bf-9270-432377662a63,Viadukt,488
e0bcd677-6012-4c90-a884-44dffafdffec,88cdd36c-03d2-4374-a22f-110dd9f75ea0,295616c0-387b-4f60-a337-7743cd6be04e,Bavarski dvor,63
cdabf1ea-b04c-480a-8359-72c46e6864ab,eb165f50-9c43-4b09-9658-469a16d3dc83,5d7f28a6-2a2a-4333-aa06-48edfb652f86,Pošta,499
023d7b7a-b411-4e61-8746-b07f9e5c8f90,47a3bd8a-72ae-4e20-b43f-10bfaf49012c,454817d3-3750-49c7-994c-14d06fd2c634,Žale,185
96d4c75b-6452-4c70-a31e-c234262ba38b,8eeea585-6168-45b8-a5d4-336e61826043,eb165f50-9c43-4b09-9658-469a16d3dc83,Kodeljevo,51
aa42017d-812a-4175-bc9b-0fec03b18931,38b3abed-0592-407b-96c3-85a026f2e192,fef200e9-4d98-425b-ab14-8110e2aa85d7,Drama,183
86a75ffc-a78f-401f-8991-2eb0371417b2,7fa32ea0-e884-435a-a81c-51bbd5cedf3e,a0b1fb90-3f6a-4231-910a-18be192ac762,Flajšmanova,294
484b5c91-1220-43ba-af79-84e712fcc46b,7eb88e01-82e9-4af4-84d0-69c6ea9dc82c,c87db9be-1fba-4102-a743-0ee4317dd5af,Bavarski dvor,12
91fb6c6e-49cf-49d3-97d4-6ae228f9bfa1,7eb88e01-82e9-4af4-84d0-69c6ea9dc82c,5d7f28a6-2a2a-4333-aa06-48edfb652f86,Pošta,401
59ee5f7d-476b-4958-a922-2040a9308f3b,fef200e9-4d98-425b-ab14-8110e2aa85d7,c87db9be-1fba-4102-a743-0ee4317dd5af,Bavarski dvor,26
f2b27cbd-5207-4281-8f67-6369d0c50a9b,4038e02e-f22f-4af0-ba4f-7aab855b53af,9cfac7e2-9653-4e52-a6d3-27756d27f817,Kino Šiška,290
38b3abed-0592-407b-96c3-85a026f2e192,1035c6f7-304e-4329-a3b2-4eb5d985a577,a719a87c-4e93-4387-a6d1-2631a487f7e0,Ajdovščina,135
6c56976b-4ae1-429f-bcab-0cfc37e3580d,c22879e5-8e90-4540-9a74-5f139208e492,N/A,N/A,660
aa42017d-812a-4175-bc9b-0fec03b18931,023d7b7a-b411-4e61-8746-b07f9e5c8f90,N/A,N/A,660
21764d19-62cc-49fd-bac9-403aeac6a6b9,484b5c91-1220-43ba-af79-84e712fcc46b,a0e0a21b-b8ce-4d76-bbc2-04e179367fee,Šola Jarše,582
91fb6c6e-49cf-49d3-97d4-6ae228f9bfa1,9e109242-5aad-4fb7-b0c8-576eef8aa4e0,cdabf1ea-b04c-480a-8359-72c46e6864ab,Bežigrad,38
25cde952-4896-4977-b229-75e09b3e3661,8589e5d1-21b4-4210-ad7a-4bf91f9a715d,295616c0-387b-4f60-a337-7743cd6be04e,Bavarski dvor,69
1dc99fbb-5496-4aab-a4b6-32e653ccc789,6559d555-672b-4633-8a81-0ae68fb963eb,f33b721f-a8a3-4aad-96f2-077da09ebaa6,Razstavišče,87
f4cfd904-bd11-4247-95df-32c4555a930f,aa42017d-812a-4175-bc9b-0fec03b18931,fef200e9-4d98-425b-ab14-8110e2aa85d7,Drama,31
7bcbdcaa-00b9-47d4-8982-09da26cd7bcb,1ce1c3a8-e0f6-4f90-b1aa-1448759d8b3c,5de6ff80-1352-43df-b5ec-1df59f2f492b,Pot na Rakovo jelšo,82
ecc4ae87-ae08-4b94-995c-452fdd94df7f,58db973d-ecbb-4aa6-a56c-c26aaff7f263,c87db9be-1fba-4102-a743-0ee4317dd5af,Bavarski dvor,321
2ec182e2-769f-427f-b9b5-c4118890cb96,1505c6fe-6080-424e-98d1-24c312cfacf3,f33b721f-a8a3-4aad-96f2-077da09ebaa6,Razstavišče,234
9a14b0ec-f13a-46f0-8c4f-07d8b99241e2,717c914e-f928-4671-95f6-26c1ddb95799,7fa32ea0-e884-435a-a81c-51bbd5cedf3e,Zaloška,116
52e5adea-e194-4fc1-809c-1d6421f8f8db,e9382efd-d64d-46b0-9a7d-a4e6a0188725,98fa3880-5936-4ec8-ba04-39c7ff9a0e6a,Stara cerkev,52
c87db9be-1fba-4102-a743-0ee4317dd5af,88cdd36c-03d2-4374-a22f-110dd9f75ea0,c87db9be-1fba-4102-a743-0ee4317dd5af,Bavarski dvor,328
8c7fa045-888b-46d0-8189-6f82623bf481,0dc86a8f-0f41-44c7-978c-e06cb63cbbcf,609f0950-bb8c-4eaf-a931-8575b8aff1ac,Savske stolpnice,140
a0e0a21b-b8ce-4d76-bbc2-04e179367fee,21764d19-62cc-49fd-bac9-403aeac6a6b9,c87db9be-1fba-4102-a743-0ee4317dd5af,Bavarski dvor,4
9b0074d2-2c92-4c01-830b-00be8e05b412,f14a6236-8af2-47bf-9270-432377662a63,c87db9be-1fba-4102-a743-0ee4317dd5af,Bavarski dvor,523
6559d555-672b-4633-8a81-0ae68fb963eb,bc66f88b-1412-44cb-b921-030d27335261,c87db9be-1fba-4102-a743-0ee4317dd5af,Bavarski dvor,19
a2ce7e6f-0f99-443a-a973-81a0b9c60261,2ec182e2-769f-427f-b9b5-c4118890cb96,717dda7e-d793-4697-8f60-b64ee8b1edc4,Gosposvetska,28
0dc86a8f-0f41-44c7-978c-e06cb63cbbcf,484b5c91-1220-43ba-af79-84e712fcc46b,f33b721f-a8a3-4aad-96f2-077da09ebaa6,Razstavišče,347
d98335a0-1291-4d4c-be62-16b11c356575,c0ff37c8-ac6c-4284-ad32-0ad29fd30dc2,fef200e9-4d98-425b-ab14-8110e2aa85d7,Drama,52
5de84f88-3f32-4636-8c30-03cc267ecf37,1b0f629f-acdb-4e94-8c54-018f4334ebf7,7fa32ea0-e884-435a-a81c-51bbd5cedf3e,Zaloška,99
98b60d07-8054-441a-be44-be7aa24f4253,a2f479c6-4c21-4923-b4ac-86f752507cee,N/A,N/A,660
093afa81-b65f-4182-bac3-afbc00558a9b,5de84f88-3f32-4636-8c30-03cc267ecf37,1b3ddeca-a066-43ee-9ae5-8339628129c2,Žale,7
a719a87c-4e93-4387-a6d1-2631a487f7e0,81f21fc1-3bd2-4d2a-b563-2d063479c68e,7fa32ea0-e884-435a-a81c-51bbd5cedf3e,Zaloška,383
1b0f629f-acdb-4e94-8c54-018f4334ebf7,4038e02e-f22f-4af0-ba4f-7aab855b53af,fef200e9-4d98-425b-ab14-8110e2aa85d7,Drama,225
e468b92f-fa4a-4819-bb11-37761deaf4ca,a7177a3d-8db2-43fb-8910-f95857f0ed97,N/A,N/A,660
c22879e5-8e90-4540-9a74-5f139208e492,717dda7e-d793-4697-8f60-b64ee8b1edc4,a719a87c-4e93-4387-a6d1-2631a487f7e0,Ajdovščina,33
4038e02e-f22f-4af0-ba4f-7aab855b53af,8c7fa045-888b-46d0-8189-6f82623bf481,1b3ddeca-a066-43ee-9ae5-8339628129c2,Žale,184
cee2862b-9b70-4880-8fa3-16c6d2efae1b,6edebb46-d04f-45c4-99a4-100f7f0b2660,eb165f50-9c43-4b09-9658-469a16d3dc83,Kodeljevo,234
f15ddf31-fc11-41ba-988d-376c83e38f58,6bd46cb7-9e5d-453a-878a-bcc38fb2a5f2,484b5c91-1220-43ba-af79-84e712fcc46b,Slovenija avto,36
4ca7ae7e-380b-45e3-81de-00ffab5bb531,f2b27cbd-5207-4281-8f67-6369d0c50a9b,7484317c-269f-425f-8118-23eedab4e5f1,Tivoli,17
f14a6236-8af2-47bf-9270-432377662a63,0b4a072e-6c2d-4c71-ab80-2b7142df81de,a719a87c-4e93-4387-a6d1-2631a487f7e0,Ajdovščina,3
91fb6c6e-49cf-49d3-97d4-6ae228f9bfa1,ac3afe7d-a2b3-4d5d-9e6a-1d2412a3bc70,295616c0-387b-4f60-a337-7743cd6be04e,Bavarski dvor,418
cee2862b-9b70-4880-8fa3-16c6d2efae1b,98fa3880-5936-4ec8-ba04-39c7ff9a0e6a,f14a6236-8af2-47bf-9270-432377662a63,Viadukt,9
58db973d-ecbb-4aa6-a56c-c26aaff7f263,d98335a0-1291-4d4c-be62-16b11c356575,a719a87c-4e93-4387-a6d1-2631a487f7e0,Ajdovščina,36
cdabf1ea-b04c-480a-8359-72c46e6864ab,48b163cd-b819-4849-aee1-8b1da77657ab,c87db9be-1fba-4102-a743-0ee4317dd5af,Bavarski dvor,41
f14a6236-8af2-47bf-9270-432377662a63,454817d3-3750-49c7-994c-14d06fd2c634,f33b721f-a8a3-4aad-96f2-077da09ebaa6,Razstavišče,24
fb0042f8-d9e2-4916-b60a-38a026acf0c9,98b60d07-8054-441a-be44-be7aa24f4253,fef200e9-4d98-425b-ab14-8110e2aa85d7,Drama,163
98fa3880-5936-4ec8-ba04-39c7ff9a0e6a,1eadcdb9-60cd-47c9-8eec-527c3465a685,fef200e9-4d98-425b-ab14-8110e2aa85d7,Drama,386
9a1c4c65-df77-481f-87ad-56143f02a864,6459bd02-d8f8-413e-9402-10b916f09a4f,484b5c91-1220-43ba-af79-84e712fcc46b,Slovenija avto,83
3fbf6322-fb74-4a50-a81a-bfca73abc26b,a2ce7e6f-0f99-443a-a973-81a0b9c60261,e9d9f622-7394-4c5c-9031-a41855a64aa7,Polje,403
0b4a072e-6c2d-4c71-ab80-2b7142df81de,2f874852-bc80-4ff3-b6bf-a914e31251c8,c87db9be-1fba-4102-a743-0ee4317dd5af,Bavarski dvor,28
8598b85d-3e1d-4767-b72f-0c209038841f,9bd3ee10-bc61-44e8-8cf3-a37cffd54da0,c22879e5-8e90-4540-9a74-5f139208e492,Friškovec,53
484b5c91-1220-43ba-af79-84e712fcc46b,ecc4ae87-ae08-4b94-995c-452fdd94df7f,c87db9be-1fba-4102-a743-0ee4317dd5af,Bavarski dvor,307
12304b99-9a07-485a-a101-eaca90495d48,9e109242-5aad-4fb7-b0c8-576eef8aa4e0,4ca7ae7e-380b-45e3-81de-00ffab5bb531,Yulon,125
223f660b-c391-4120-bf3c-7bf06781686b,98fa3880-5936-4ec8-ba04-39c7ff9a0e6a,c87db9be-1fba-4102-a743-0ee4317dd5af,Bavarski dvor,169
f15ddf31-fc11-41ba-988d-376c83e38f58,6edebb46-d04f-45c4-99a4-100f7f0b2660,295616c0-387b-4f60-a337-7743cd6be04e,Bavarski dvor,21
f15ddf31-fc11-41ba-988d-376c83e38f58,3edd6057-3847-4c42-b8ec-6e89ff95793a,295616c0-387b-4f60-a337-7743cd6be04e,Bavarski dvor,125
5de6ff80-1352-43df-b5ec-1df59f2f492b,ac3afe7d-a2b3-4d5d-9e6a-1d2412a3bc70,295616c0-387b-4f60-a337-7743cd6be04e,Bavarski dvor,111
48507e1a-32df-4552-9448-3b345760b75f,3edd6057-3847-4c42-b8ec-6e89ff95793a,5d7f28a6-2a2a-4333-aa06-48edfb652f86,Pošta,59
48b163cd-b819-4849-aee1-8b1da77657ab,4e8ccfa1-b58c-4ee1-ad82-2e8a645071f3,454817d3-3750-49c7-994c-14d06fd2c634,Žale,14
f33b721f-a8a3-4aad-96f2-077da09ebaa6,8589e5d1-21b4-4210-ad7a-4bf91f9a715d,81f21fc1-3bd2-4d2a-b563-2d063479c68e,Štepanja vas,173
6459bd02-d8f8-413e-9402-10b916f09a4f,c87db9be-1fba-4102-a743-0ee4317dd5af,a719a87c-4e93-4387-a6d1-2631a487f7e0,Ajdovščina,50
1b3ddeca-a066-43ee-9ae5-8339628129c2,9746f277-af08-4cce-92fa-41da5eca8ac2,c22879e5-8e90-4540-9a74-5f139208e492,Friškovec,66
cee2862b-9b70-4880-8fa3-16c6d2efae1b,05643914-8ff7-4064-8737-2761d44a083f,a0e0a21b-b8ce-4d76-bbc2-04e179367fee,Šola Jarše,73
cdabf1ea-b04c-480a-8359-72c46e6864ab,98b60d07-8054-441a-be44-be7aa24f4253,fef200e9-4d98-425b-ab14-8110e2aa85d7,Drama,112
4e8ccfa1-b58c-4ee1-ad82-2e8a645071f3,923bd774-0651-4e0a-8624-3acfb7ecd5ff,fef200e9-4d98-425b-ab14-8110e2aa85d7,Drama,80
6a89c110-a0f8-4b1a-87f0-33f49c0a658e,abc9fd26-5442-468b-93b6-4d5eb76d0f1f,6a89c110-a0f8-4b1a-87f0-33f49c0a658e,Šola Jarše,263
093afa81-b65f-4182-bac3-afbc00558a9b,aa42017d-812a-4175-bc9b-0fec03b18931,484b5c91-1220-43ba-af79-84e712fcc46b,Slovenija avto,128
f4cfd904-bd11-4247-95df-32c4555a930f,f4cfd904-bd11-4247-95df-32c4555a930f,7bcbdcaa-00b9-47d4-8982-09da26cd7bcb,Zaloška,1
5de6ff80-1352-43df-b5ec-1df59f2f492b,5d7f28a6-2a2a-4333-aa06-48edfb652f86,5d7f28a6-2a2a-4333-aa06-48edfb652f86,Pošta,100
e9382efd-d64d-46b0-9a7d-a4e6a0188725,bc66f88b-1412-44cb-b921-030d27335261,7bcbdcaa-00b9-47d4-8982-09da26cd7bcb,Zaloška,32
2f18bcfa-6189-4de4-b06f-132d3392e7d6,58db973d-ecbb-4aa6-a56c-c26aaff7f263,f33b721f-a8a3-4aad-96f2-077da09ebaa6,Razstavišče,33
c297ac70-8f43-4fbc-a8a4-366ddb883a8d,48507e1a-32df-4552-9448-3b345760b75f,9b0074d2-2c92-4c01-830b-00be8e05b412,Cukrarna,29
47a3bd8a-72ae-4e20-b43f-10bfaf49012c,609f0950-bb8c-4eaf-a931-8575b8aff1ac,cdabf1ea-b04c-480a-8359-72c46e6864ab,Bežigrad,142
7bcbdcaa-00b9-47d4-8982-09da26cd7bcb,77dcd833-fa4d-4c5a-93b1-31284942e61d,N/A,N/A,660
e786b2df-34ed-4246-832e-7c3d538ac1f4,4e8ccfa1-b58c-4ee1-ad82-2e8a645071f3,c22879e5-8e90-4540-9a74-5f139208e492,Friškovec,216
0dc86a8f-0f41-44c7-978c-e06cb63cbbcf,c22879e5-8e90-4540-9a74-5f139208e492,fef200e9-4d98-425b-ab14-8110e2aa85d7,Drama,74
1b0f629f-acdb-4e94-8c54-018f4334ebf7,295616c0-387b-4f60-a337-7743cd6be04e,f33b721f-a8a3-4aad-96f2-077da09ebaa6,Razstavišče,38
c297ac70-8f43-4fbc-a8a4-366ddb883a8d,35aedf45-cca3-4f2f-931b-138d29d20fe9,c5ec5e81-2ce4-452d-bd7a-595de4f8b34f,Prušnikova,65
ac3afe7d-a2b3-4d5d-9e6a-1d2412a3bc70,2388ce1f-c947-42d7-97f3-e01a7254c933,N/A,N/A,660
7c149b59-2bc6-45cb-95c8-69e18a0db627,8598b85d-3e1d-4767-b72f-0c209038841f,223f660b-c391-4120-bf3c-7bf06781686b,Tovorni kolodvor,249
454817d3-3750-49c7-994c-14d06fd2c634,ecc4ae87-ae08-4b94-995c-452fdd94df7f,295616c0-387b-4f60-a337-7743cd6be04e,Bavarski dvor,14
c297ac70-8f43-4fbc-a8a4-366ddb883a8d,f2b27cbd-5207-4281-8f67-6369d0c50a9b,N/A,N/A,660
e0bcd677-6012-4c90-a884-44dffafdffec,cee2862b-9b70-4880-8fa3-16c6d2efae1b,5d7f28a6-2a2a-4333-aa06-48edfb652f86,Pošta,239
a0b1fb90-3f6a-4231-910a-18be192ac762,9a1c4c65-df77-481f-87ad-56143f02a864,a719a87c-4e93-4387-a6d1-2631a487f7e0,Ajdovščina,114
c627c9f2-af02-4d83-969a-566719bb09e3,1035c6f7-304e-4329-a3b2-4eb5d985a577,fef200e9-4d98-425b-ab14-8110e2aa85d7,Drama,56
1ce1c3a8-e0f6-4f90-b1aa-1448759d8b3c,223f660b-c391-4120-bf3c-7bf06781686b,c87db9be-1fba-4102-a743-0ee4317dd5af,Bavarski dvor,53
f15ddf31-fc11-41ba-988d-376c83e38f58,88cdd36c-03d2-4374-a22f-110dd9f75ea0,N/A,N/A,660
484b5c91-1220-43ba-af79-84e712fcc46b,6182f8e8-c45e-4606-b4a4-d909bd44d2cc,98fa3880-5936-4ec8-ba04-39c7ff9a0e6a,Stara cerkev,330
7bcbdcaa-00b9-47d4-8982-09da26cd7bcb,7eb88e01-82e9-4af4-84d0-69c6ea9dc82c,c87db9be-1fba-4102-a743-0ee4317dd5af,Bavarski dvor,96
abc9fd26-5442-468b-93b6-4d5eb76d0f1f,271db19a-744b-41a0-869d-0c3e0e2cb6bf,c5ec5e81-2ce4-452d-bd7a-595de4f8b34f,Prušnikova,209
6559d555-672b-4633-8a81-0ae68fb963eb,277bc73c-e61d-4046-bcfd-31d6161c568e,48507e1a-32df-4552-9448-3b345760b75f,Cesta na Vevče,2
7484317c-269f-425f-8118-23eedab4e5f1,6459bd02-d8f8-413e-9402-10b916f09a4f,f33b721f-a8a3-4aad-96f2-077da09ebaa6,Razstavišče,100
271db19a-744b-41a0-869d-0c3e0e2cb6bf,2ec182e2-769f-427f-b9b5-c4118890cb96,a719a87c-4e93-4387-a6d1-2631a487f7e0,Ajdovščina,29
6c56976b-4ae1-429f-bcab-0cfc37e3580d,f2b27cbd-5207-4281-8f67-6369d0c50a9b,f15ddf31-fc11-41ba-988d-376c83e38f58,Vodovodna,92
3fbf6322-fb74-4a50-a81a-bfca73abc26b,35aedf45-cca3-4f2f-931b-138d29d20fe9,48b163cd-b819-4849-aee1-8b1da77657ab,Šentvid,2
38b3abed-0592-407b-96c3-85a026f2e192,717dda7e-d793-4697-8f60-b64ee8b1edc4,98fa3880-5936-4ec8-ba04-39c7ff9a0e6a,Stara cerkev,8
e9d9f622-7394-4c5c-9031-a41855a64aa7,a719a87c-4e93-4387-a6d1-2631a487f7e0,48b163cd-b819-4849-aee1-8b1da77657ab,Šentvid,158
abc9fd26-5442-468b-93b6-4d5eb76d0f1f,ab987eb0-c970-4577-8db9-0cd507a6cab6,f2b27cbd-5207-4281-8f67-6369d0c50a9b,Kodrova,74
a7094427-e180-4deb-acaf-5d4488326e9e,a7094427-e180-4deb-acaf-5d4488326e9e,1eadcdb9-60cd-47c9-8eec-527c3465a685,Polje,1
f2b27cbd-5207-4281-8f67-6369d0c50a9b,a2ce7e6f-0f99-443a-a973-81a0b9c60261,f33b721f-a8a3-4aad-96f2-077da09ebaa6,Razstavišče,578
88cdd36c-03d2-4374-a22f-110dd9f75ea0,e0bcd677-6012-4c90-a884-44dffafdffec,7fa32ea0-e884-435a-a81c-51bbd5cedf3e,Zaloška,3
294c40c4-18e4-4d92-a947-911a8623de89,ecc4ae87-ae08-4b94-995c-452fdd94df7f,c87db9be-1fba-4102-a743-0ee4317dd5af,Bavarski dvor,74
093afa81-b65f-4182-bac3-afbc00558a9b,8598b85d-3e1d-4767-b72f-0c209038841f,c87db9be-1fba-4102-a743-0ee4317dd5af,Bavarski dvor,77
f33b721f-a8a3-4aad-96f2-077da09ebaa6,fef200e9-4d98-425b-ab14-8110e2aa85d7,a719a87c-4e93-4387-a6d1-2631a487f7e0,Ajdovščina,139
0b4a072e-6c2d-4c71-ab80-2b7142df81de,21764d19-62cc-49fd-bac9-403aeac6a6b9,7fad8003-fb10-489d-bf8d-6d433310ad90,Nove Jarše,217
0be237aa-4b91-4d2b-ac23-0cebac975a0d,d4c51b31-46fd-4da8-ba15-8068e666d483,N/A,N/A,660
717c914e-f928-4671-95f6-26c1ddb95799,0be237aa-4b91-4d2b-ac23-0cebac975a0d,a719a87c-4e93-4387-a6d1-2631a487f7e0,Ajdovščina,69
abc9fd26-5442-468b-93b6-4d5eb76d0f1f,db13a26e-19d4-4b8a-a78a-01ef25d58834,a719a87c-4e93-4387-a6d1-2631a487f7e0,Ajdovščina,392
f15ddf31-fc11-41ba-988d-376c83e38f58,9b0074d2-2c92-4c01-830b-00be8e05b412,fef200e9-4d98-425b-ab14-8110e2aa85d7,Drama,98
fb0042f8-d9e2-4916-b60a-38a026acf0c9,1505c6fe-6080-424e-98d1-24c312cfacf3,717dda7e-d793-4697-8f60-b64ee8b1edc4,Gosposvetska,83
35aedf45-cca3-4f2f-931b-138d29d20fe9,db13a26e-19d4-4b8a-a78a-01ef25d58834,fef200e9-4d98-425b-ab14-8110e2aa85d7,Drama,207
3fbf6322-fb74-4a50-a81a-bfca73abc26b,a0e0a21b-b8ce-4d76-bbc2-04e179367fee,a719a87c-4e93-4387-a6d1-2631a487f7e0,Ajdovščina,330
abc9fd26-5442-468b-93b6-4d5eb76d0f1f,379bc761-04b5-4227-be76-3b870fe3e69f,fef200e9-4d98-425b-ab14-8110e2aa85d7,Drama,237
48507e1a-32df-4552-9448-3b345760b75f,ecc4ae87-ae08-4b94-995c-452fdd94df7f,c87db9be-1fba-4102-a743-0ee4317dd5af,Bavarski dvor,562
47637057-8d6a-4cf9-bd56-3ac90748fcc4,7310c006-62b8-4f94-bb9c-d5c26cb3faad,6a89c110-a0f8-4b1a-87f0-33f49c0a658e,Šola Jarše,219
6182f8e8-c45e-4606-b4a4-d909bd44d2cc,6a89c110-a0f8-4b1a-87f0-33f49c0a658e,e6f5183b-c615-4f47-b4fb-204ee070e825,Bežigrad,29
6a89c110-a0f8-4b1a-87f0-33f49c0a658e,0be237aa-4b91-4d2b-ac23-0cebac975a0d,f33b721f-a8a3-4aad-96f2-077da09ebaa6,Razstavišče,20
9746f277-af08-4cce-92fa-41da5eca8ac2,48507e1a-32df-4552-9448-3b345760b75f,fef200e9-4d98-425b-ab14-8110e2aa85d7,Drama,108
2f874852-bc80-4ff3-b6bf-a914e31251c8,8512e1be-4637-483b-a3e6-78ccc6d2c5b1,295616c0-387b-4f60-a337-7743cd6be04e,Bavarski dvor,458
1035c6f7-304e-4329-a3b2-4eb5d985a577,98b60d07-8054-441a-be44-be7aa24f4253,98fa3880-5936-4ec8-ba04-39c7ff9a0e6a,Stara cerkev,10
2f874852-bc80-4ff3-b6bf-a914e31251c8,3c6ebf90-c611-4535-b2b0-22fba3f7649a,5d7f28a6-2a2a-4333-aa06-48edfb652f86,Pošta,427
b59656a4-b6e7-4b87-977c-078c59088a50,7bcbdcaa-00b9-47d4-8982-09da26cd7bcb,c87db9be-1fba-4102-a743-0ee4317dd5af,Bavarski dvor,67
c297ac70-8f43-4fbc-a8a4-366ddb883a8d,2f18bcfa-6189-4de4-b06f-132d3392e7d6,f2b27cbd-5207-4281-8f67-6369d0c50a9b,Kodrova,472
05643914-8ff7-4064-8737-2761d44a083f,717dda7e-d793-4697-8f60-b64ee8b1edc4,c87db9be-1fba-4102-a743-0ee4317dd5af,Bavarski dvor,271
7bcbdcaa-00b9-47d4-8982-09da26cd7bcb,717dda7e-d793-4697-8f60-b64ee8b1edc4,c87db9be-1fba-4102-a743-0ee4317dd5af,Bavarski dvor,154
c627c9f2-af02-4d83-969a-566719bb09e3,9a1c4c65-df77-481f-87ad-56143f02a864,fef200e9-4d98-425b-ab14-8110e2aa85d7,Drama,193
9746f277-af08-4cce-92fa-41da5eca8ac2,25cde952-4896-4977-b229-75e09b3e3661,a2ce7e6f-0f99-443a-a973-81a0b9c60261,Astra,175
0dc86a8f-0f41-44c7-978c-e06cb63cbbcf,cdabf1ea-b04c-480a-8359-72c46e6864ab,f14a6236-8af2-47bf-9270-432377662a63,Viadukt,368
9bd3ee10-bc61-44e8-8cf3-a37cffd54da0,25cde952-4896-4977-b229-75e09b3e3661,c87db9be-1fba-4102-a743-0ee4317dd5af,Bavarski dvor,24
6559d555-672b-4633-8a81-0ae68fb963eb,454817d3-3750-49c7-994c-14d06fd2c634,c87db9be-1fba-4102-a743-0ee4317dd5af,Bavarski dvor,540
c22879e5-8e90-4540-9a74-5f139208e492,48507e1a-32df-4552-9448-3b345760b75f,fef200e9-4d98-425b-ab14-8110e2aa85d7,Drama,33
294c40c4-18e4-4d92-a947-911a8623de89,4ca7ae7e-380b-45e3-81de-00ffab5bb531,295616c0-387b-4f60-a337-7743cd6be04e,Bavarski dvor,101
923bd774-0651-4e0a-8624-3acfb7ecd5ff,a2ce7e6f-0f99-443a-a973-81a0b9c60261,484b5c91-1220-43ba-af79-84e712fcc46b,Slovenija avto,222
4e8ccfa1-b58c-4ee1-ad82-2e8a645071f3,ab987eb0-c970-4577-8db9-0cd507a6cab6,5d7f28a6-2a2a-4333-aa06-48edfb652f86,Pošta,119
8eeea585-6168-45b8-a5d4-336e61826043,5d7f28a6-2a2a-4333-aa06-48edfb652f86,a719a87c-4e93-4387-a6d1-2631a487f7e0,Ajdovščina,137
609f0950-bb8c-4eaf-a931-8575b8aff1ac,6bd46cb7-9e5d-453a-878a-bcc38fb2a5f2,fef200e9-4d98-425b-ab14-8110e2aa85d7,Drama,9
0dc86a8f-0f41-44c7-978c-e06cb63cbbcf,9bd3ee10-bc61-44e8-8cf3-a37cffd54da0,N/A,N/A,660
a7094427-e180-4deb-acaf-5d4488326e9e,dfde6478-02b5-471b-a470-29cb0e84542f,f33b721f-a8a3-4aad-96f2-077da09ebaa6,Razstavišče,166
2f874852-bc80-4ff3-b6bf-a914e31251c8,8598b85d-3e1d-4767-b72f-0c209038841f,9a1c4c65-df77-481f-87ad-56143f02a864,Vižmarje,49
c22879e5-8e90-4540-9a74-5f139208e492,9cfac7e2-9653-4e52-a6d3-27756d27f817,N/A,N/A,660
52e5adea-e194-4fc1-809c-1d6421f8f8db,4d216485-ef41-45e7-9182-0c254644955c,717dda7e-d793-4697-8f60-b64ee8b1edc4,Gosposvetska,109
f2b27cbd-5207-4281-8f67-6369d0c50a9b,592b37eb-8255-4758-ae8a-7cef98521013,fef200e9-4d98-425b-ab14-8110e2aa85d7,Drama,150
c5ec5e81-2ce4-452d-bd7a-595de4f8b34f,5de6ff80-1352-43df-b5ec-1df59f2f492b,c87db9be-1fba-4102-a743-0ee4317dd5af,Bavarski dvor,161
609f0950-bb8c-4eaf-a931-8575b8aff1ac,25cde952-4896-4977-b229-75e09b3e3661,a719a87c-4e93-4387-a6d1-2631a487f7e0,Ajdovščina,38
77dcd833-fa4d-4c5a-93b1-31284942e61d,7eb88e01-82e9-4af4-84d0-69c6ea9dc82c,484b5c91-1220-43ba-af79-84e712fcc46b,Slovenija avto,139
1505c6fe-6080-424e-98d1-24c312cfacf3,21764d19-62cc-49fd-bac9-403aeac6a6b9,f2b27cbd-5207-4281-8f67-6369d0c50a9b,Kodrova,177
3fbf6322-fb74-4a50-a81a-bfca73abc26b,e786b2df-34ed-4246-832e-7c3d538ac1f4,fef200e9-4d98-425b-ab14-8110e2aa85d7,Drama,98
717c914e-f928-4671-95f6-26c1ddb95799,6459bd02-d8f8-413e-9402-10b916f09a4f,ef31a8be-b01d-44cd-95cf-3db8e918af26,Emona,12
a0e0a21b-b8ce-4d76-bbc2-04e179367fee,6559d555-672b-4633-8a81-0ae68fb963eb,8598b85d-3e1d-4767-b72f-0c209038841f,Štepanja vas,43
c297ac70-8f43-4fbc-a8a4-366ddb883a8d,c5ec5e81-2ce4-452d-bd7a-595de4f8b34f,N/A,N/A,660
8512e1be-4637-483b-a3e6-78ccc6d2c5b1,88cdd36c-03d2-4374-a22f-110dd9f75ea0,38b3abed-0592-407b-96c3-85a026f2e192,Dalmatinova,84
7484317c-269f-425f-8118-23eedab4e5f1,35aedf45-cca3-4f2f-931b-138d29d20fe9,295616c0-387b-4f60-a337-7743cd6be04e,Bavarski dvor,167
e6f5183b-c615-4f47-b4fb-204ee070e825,4ca7ae7e-380b-45e3-81de-00ffab5bb531,023d7b7a-b411-4e61-8746-b07f9e5c8f90,Ambrožev trg,309
05643914-8ff7-4064-8737-2761d44a083f,f4cfd904-bd11-4247-95df-32c4555a930f,c87db9be-1fba-4102-a743-0ee4317dd5af,Bavarski dvor,130
aa42017d-812a-4175-bc9b-0fec03b18931,ef31a8be-b01d-44cd-95cf-3db8e918af26,a719a87c-4e93-4387-a6d1-2631a487f7e0,Ajdovščina,20
717dda7e-d793-4697-8f60-b64ee8b1edc4,1035c6f7-304e-4329-a3b2-4eb5d985a577,c87db9be-1fba-4102-a743-0ee4317dd5af,Bavarski dvor,192
7bcbdcaa-00b9-47d4-8982-09da26cd7bcb,717c914e-f928-4671-95f6-26c1ddb95799,c87db9be-1fba-4102-a743-0ee4317dd5af,Bavarski dvor,50
fb0042f8-d9e2-4916-b60a-38a026acf0c9,a7094427-e180-4deb-acaf-5d4488326e9e,c87db9be-1fba-4102-a743-0ee4317dd5af,Bavarski dvor,346
295616c0-387b-4f60-a337-7743cd6be04e,4d216485-ef41-45e7-9182-0c254644955c,6182f8e8-c45e-4606-b4a4-d909bd44d2cc,Gornji trg,58
484b5c91-1220-43ba-af79-84e712fcc46b,9746f277-af08-4cce-92fa-41da5eca8ac2,eb165f50-9c43-4b09-9658-469a16d3dc83,Kodeljevo,81
717dda7e-d793-4697-8f60-b64ee8b1edc4,717c914e-f928-4671-95f6-26c1ddb95799,295616c0-387b-4f60-a337-7743cd6be04e,Bavarski dvor,475
9b0074d2-2c92-4c01-830b-00be8e05b412,0dc86a8f-0f41-44c7-978c-e06cb63cbbcf,f33b721f-a8a3-4aad-96f2-077da09ebaa6,Razstavišče,73
1dc99fbb-5496-4aab-a4b6-32e653ccc789,e0bcd677-6012-4c90-a884-44dffafdffec,fef200e9-4d98-425b-ab14-8110e2aa85d7,Drama,264
ac3afe7d-a2b3-4d5d-9e6a-1d2412a3bc70,9e109242-5aad-4fb7-b0c8-576eef8aa4e0,a719a87c-4e93-4387-a6d1-2631a487f7e0,Ajdovščina,302
48b163cd-b819-4849-aee1-8b1da77657ab,6a89c110-a0f8-4b1a-87f0-33f49c0a658e,c87db9be-1fba-4102-a743-0ee4317dd5af,Bavarski dvor,149
9b0074d2-2c92-4c01-830b-00be8e05b412,a2f479c6-4c21-4923-b4ac-86f752507cee,N/A,N/A,660
9cfac7e2-9653-4e52-a6d3-27756d27f817,7fad8003-fb10-489d-bf8d-6d433310ad90,a719a87c-4e93-4387-a6d1-2631a487f7e0,Ajdovščina,8
e6f5183b-c615-4f47-b4fb-204ee070e825,98b60d07-8054-441a-be44-be7aa24f4253,295616c0-387b-4f60-a337-7743cd6be04e,Bavarski dvor,12
12304b99-9a07-485a-a101-eaca90495d48,4038e02e-f22f-4af0-ba4f-7aab855b53af,c5ec5e81-2ce4-452d-bd7a-595de4f8b34f,Prušnikova,11
717dda7e-d793-4697-8f60-b64ee8b1edc4,86a75ffc-a78f-401f-8991-2eb0371417b2,a719a87c-4e93-4387-a6d1-2631a487f7e0,Ajdovščina,205
9e109242-5aad-4fb7-b0c8-576eef8aa4e0,e468b92f-fa4a-4819-bb11-37761deaf4ca,fef200e9-4d98-425b-ab14-8110e2aa85d7,Drama,605
7fa32ea0-e884-435a-a81c-51bbd5cedf3e,e468b92f-fa4a-4819-bb11-37761deaf4ca,717dda7e-d793-4697-8f60-b64ee8b1edc4,Gosposvetska,9
abc9fd26-5442-468b-93b6-4d5eb76d0f1f,38b3abed-0592-407b-96c3-85a026f2e192,9e109242-5aad-4fb7-b0c8-576eef8aa4e0,VEVČE,316
25cde952-4896-4977-b229-75e09b3e3661,9a14b0ec-f13a-46f0-8c4f-07d8b99241e2,7fa32ea0-e884-435a-a81c-51bbd5cedf3e,Zaloška,38
717dda7e-d793-4697-8f60-b64ee8b1edc4,0dc86a8f-0f41-44c7-978c-e06cb63cbbcf,717dda7e-d793-4697-8f60-b64ee8b1edc4,Gosposvetska,50
db13a26e-19d4-4b8a-a78a-01ef25d58834,05643914-8ff7-4064-8737-2761d44a083f,fef200e9-4d98-425b-ab14-8110e2aa85d7,Drama,91
bc66f88b-1412-44cb-b921-030d27335261,6edebb46-d04f-45c4-99a4-100f7f0b2660,295616c0-387b-4f60-a337-7743cd6be04e,Bavarski dvor,74
ef31a8be-b01d-44cd-95cf-3db8e918af26,093afa81-b65f-4182-bac3-afbc00558a9b,1ce1c3a8-e0f6-4f90-b1aa-1448759d8b3c,Astra,197
e0bcd677-6012-4c90-a884-44dffafdffec,7eb88e01-82e9-4af4-84d0-69c6ea9dc82c,c87db9be-1fba-4102-a743-0ee4317dd5af,Bavarski dvor,383
52e5adea-e194-4fc1-809c-1d6421f8f8db,2ec182e2-769f-427f-b9b5-c4118890cb96,c22879e5-8e90-4540-9a74-5f139208e492,Friškovec,473
1dc99fbb-5496-4aab-a4b6-32e653ccc789,52e5adea-e194-4fc1-809c-1d6421f8f8db,c5ec5e81-2ce4-452d-bd7a-595de4f8b34f,Prušnikova,288
0dc86a8f-0f41-44c7-978c-e06cb63cbbcf,a0e0a21b-b8ce-4d76-bbc2-04e179367fee,fef200e9-4d98-425b-ab14-8110e2aa85d7,Drama,14
223f660b-c391-4120-bf3c-7bf06781686b,023d7b7a-b411-4e61-8746-b07f9e5c8f90,295616c0-387b-4f60-a337-7743cd6be04e,Bavarski dvor,129
25cde952-4896-4977-b229-75e09b3e3661,8512e1be-4637-483b-a3e6-78ccc6d2c5b1,7fa32ea0-e884-435a-a81c-51bbd5cedf3e,Zaloška,138
023d7b7a-b411-4e61-8746-b07f9e5c8f90,0be237aa-4b91-4d2b-ac23-0cebac975a0d,5d7f28a6-2a2a-4333-aa06-48edfb652f86,Pošta,257
295616c0-387b-4f60-a337-7743cd6be04e,4d216485-ef41-45e7-9182-0c254644955c,295616c0-387b-4f60-a337-7743cd6be04e,Bavarski dvor,93
cee2862b-9b70-4880-8fa3-16c6d2efae1b,7310c006-62b8-4f94-bb9c-d5c26cb3faad,a0e0a21b-b8ce-4d76-bbc2-04e179367fee,Šola Jarše,91
5d7f28a6-2a2a-4333-aa06-48edfb652f86,96d4c75b-6452-4c70-a31e-c234262ba38b,fef200e9-4d98-425b-ab14-8110e2aa85d7,Drama,47
c627c9f2-af02-4d83-969a-566719bb09e3,7fa32ea0-e884-435a-a81c-51bbd5cedf3e,86a75ffc-a78f-401f-8991-2eb0371417b2,Studenec,383
717c914e-f928-4671-95f6-26c1ddb95799,7eb88e01-82e9-4af4-84d0-69c6ea9dc82c,f33b721f-a8a3-4aad-96f2-077da09ebaa6,Razstavišče,92
7484317c-269f-425f-8118-23eedab4e5f1,6c56976b-4ae1-429f-bcab-0cfc37e3580d,fef200e9-4d98-425b-ab14-8110e2aa85d7,Drama,325
8598b85d-3e1d-4767-b72f-0c209038841f,6c56976b-4ae1-429f-bcab-0cfc37e3580d,7fad8003-fb10-489d-bf8d-6d433310ad90,Nove Jarše,28
aa42017d-812a-4175-bc9b-0fec03b18931,6a89c110-a0f8-4b1a-87f0-33f49c0a658e,f33b721f-a8a3-4aad-96f2-077da09ebaa6,Razstavišče,263
5cc8a08d-c0af-491f-9a9c-b8b4f5f23bc0,5cc8a08d-c0af-491f-9a9c-b8b4f5f23bc0,f2b27cbd-5207-4281-8f67-6369d0c50a9b,Kodrova,1
db13a26e-19d4-4b8a-a78a-01ef25d58834,59ee5f7d-476b-4958-a922-2040a9308f3b,c87db9be-1fba-4102-a743-0ee4317dd5af,Bavarski dvor,90
a7177a3d-8db2-43fb-8910-f95857f0ed97,96d4c75b-6452-4c70-a31e-c234262ba38b,N/A,N/A,660
80c65758-5f25-4003-8d55-10ff96fe8310,e786b2df-34ed-4246-832e-7c3d538ac1f4,c22879e5-8e90-4540-9a74-5f139208e492,Friškovec,226
48b163cd-b819-4849-aee1-8b1da77657ab,4038e02e-f22f-4af0-ba4f-7aab855b53af,484b5c91-1220-43ba-af79-84e712fcc46b,Slovenija avto,1
59ee5f7d-476b-4958-a922-2040a9308f3b,6459bd02-d8f8-413e-9402-10b916f09a4f,7fad8003-fb10-489d-bf8d-6d433310ad90,Nove Jarše,320
c5ec5e81-2ce4-452d-bd7a-595de4f8b34f,717c914e-f928-4671-95f6-26c1ddb95799,c87db9be-1fba-4102-a743-0ee4317dd5af,Bavarski dvor,32
9bd3ee10-bc61-44e8-8cf3-a37cffd54da0,21764d19-62cc-49fd-bac9-403aeac6a6b9,a719a87c-4e93-4387-a6d1-2631a487f7e0,Ajdovščina,236
6559d555-672b-4633-8a81-0ae68fb963eb,717dda7e-d793-4697-8f60-b64ee8b1edc4,fef200e9-4d98-425b-ab14-8110e2aa85d7,Drama,59
25cde952-4896-4977-b229-75e09b3e3661,1b0f629f-acdb-4e94-8c54-018f4334ebf7,6a89c110-a0f8-4b1a-87f0-33f49c0a658e,Šola Jarše,134
2f18bcfa-6189-4de4-b06f-132d3392e7d6,717dda7e-d793-4697-8f60-b64ee8b1edc4,4ca7ae7e-380b-45e3-81de-00ffab5bb531,Yulon,292
1dc99fbb-5496-4aab-a4b6-32e653ccc789,1b3ddeca-a066-43ee-9ae5-8339628129c2,295616c0-387b-4f60-a337-7743cd6be04e,Bavarski dvor,353
f15ddf31-fc11-41ba-988d-376c83e38f58,6a89c110-a0f8-4b1a-87f0-33f49c0a658e,454817d3-3750-49c7-994c-14d06fd2c634,Žale,167
b59656a4-b6e7-4b87-977c-078c59088a50,923bd774-0651-4e0a-8624-3acfb7ecd5ff,f33b721f-a8a3-4aad-96f2-077da09ebaa6,Razstavišče,93
4038e02e-f22f-4af0-ba4f-7aab855b53af,21764d19-62cc-49fd-bac9-403aeac6a6b9,f33b721f-a8a3-4aad-96f2-077da09ebaa6,Razstavišče,654
e9d9f622-7394-4c5c-9031-a41855a64aa7,1035c6f7-304e-4329-a3b2-4eb5d985a577,717dda7e-d793-4697-8f60-b64ee8b1edc4,Gosposvetska,85
c87db9be-1fba-4102-a743-0ee4317dd5af,1b0f629f-acdb-4e94-8c54-018f4334ebf7,295616c0-387b-4f60-a337-7743cd6be04e,Bavarski dvor,161
25cde952-4896-4977-b229-75e09b3e3661,2f874852-bc80-4ff3-b6bf-a914e31251c8,717dda7e-d793-4697-8f60-b64ee8b1edc4,Gosposvetska,81
e9382efd-d64d-46b0-9a7d-a4e6a0188725,7fa32ea0-e884-435a-a81c-51bbd5cedf3e,484b5c91-1220-43ba-af79-84e712fcc46b,Slovenija avto,10
7bcbdcaa-00b9-47d4-8982-09da26cd7bcb,6459bd02-d8f8-413e-9402-10b916f09a4f,295616c0-387b-4f60-a337-7743cd6be04e,Bavarski dvor,121
277bc73c-e61d-4046-bcfd-31d6161c568e,eb165f50-9c43-4b09-9658-469a16d3dc83,f4cfd904-bd11-4247-95df-32c4555a930f,Klinični center,172
1505c6fe-6080-424e-98d1-24c312cfacf3,769b7bc7-4f95-4bb2-9c99-37ba8e8b4bd5,7fad8003-fb10-489d-bf8d-6d433310ad90,Nove Jarše,12
1ce1c3a8-e0f6-4f90-b1aa-1448759d8b3c,6182f8e8-c45e-4606-b4a4-d909bd44d2cc,a2ce7e6f-0f99-443a-a973-81a0b9c60261,Astra,221
c5ec5e81-2ce4-452d-bd7a-595de4f8b34f,9a14b0ec-f13a-46f0-8c4f-07d8b99241e2,a719a87c-4e93-4387-a6d1-2631a487f7e0,Ajdovščina,7
bc66f88b-1412-44cb-b921-030d27335261,eb165f50-9c43-4b09-9658-469a16d3dc83,295616c0-387b-4f60-a337-7743cd6be04e,Bavarski dvor,351
609f0950-bb8c-4eaf-a931-8575b8aff1ac,093afa81-b65f-4182-bac3-afbc00558a9b,c87db9be-1fba-4102-a743-0ee4317dd5af,Bavarski dvor,77
9bd3ee10-bc61-44e8-8cf3-a37cffd54da0,fef200e9-4d98-425b-ab14-8110e2aa85d7,fef200e9-4d98-425b-ab14-8110e2aa85d7,Drama,65
e786b2df-34ed-4246-832e-7c3d538ac1f4,e468b92f-fa4a-4819-bb11-37761deaf4ca,b59656a4-b6e7-4b87-977c-078c59088a50,Hajdrihova,59
0b4a072e-6c2d-4c71-ab80-2b7142df81de,8c7fa045-888b-46d0-8189-6f82623bf481,1eadcdb9-60cd-47c9-8eec-527c3465a685,Polje,122
5de6ff80-1352-43df-b5ec-1df59f2f492b,271db19a-744b-41a0-869d-0c3e0e2cb6bf,fef200e9-4d98-425b-ab14-8110e2aa85d7,Drama,630
295616c0-387b-4f60-a337-7743cd6be04e,a0e0a21b-b8ce-4d76-bbc2-04e179367fee,a0b1fb90-3f6a-4231-910a-18be192ac762,Flajšmanova,202
c297ac70-8f43-4fbc-a8a4-366ddb883a8d,c297ac70-8f43-4fbc-a8a4-366ddb883a8d,769b7bc7-4f95-4bb2-9c99-37ba8e8b4bd5,D. MOST P+R,1
d4c51b31-46fd-4da8-ba15-8068e666d483,88cdd36c-03d2-4374-a22f-110dd9f75ea0,fef200e9-4d98-425b-ab14-8110e2aa85d7,Drama,367
48b163cd-b819-4849-aee1-8b1da77657ab,3edd6057-3847-4c42-b8ec-6e89ff95793a,484b5c91-1220-43ba-af79-84e712fcc46b,Slovenija avto,241
f4cfd904-bd11-4247-95df-32c4555a930f,1dc99fbb-5496-4aab-a4b6-32e653ccc789,f14a6236-8af2-47bf-9270-432377662a63,Viadukt,51
c5ec5e81-2ce4-452d-bd7a-595de4f8b34f,f14a6236-8af2-47bf-9270-432377662a63,c87db9be-1fba-4102-a743-0ee4317dd5af,Bavarski dvor,71
6edebb46-d04f-45c4-99a4-100f7f0b2660,9bd3ee10-bc61-44e8-8cf3-a37cffd54da0,484b5c91-1220-43ba-af79-84e712fcc46b,Slovenija avto,63
717dda7e-d793-4697-8f60-b64ee8b1edc4,6459bd02-d8f8-413e-9402-10b916f09a4f,c87db9be-1fba-4102-a743-0ee4317dd5af,Bavarski dvor,371
db13a26e-19d4-4b8a-a78a-01ef25d58834,48507e1a-32df-4552-9448-3b345760b75f,c87db9be-1fba-4102-a743-0ee4317dd5af,Bavarski dvor,9
223f660b-c391-4120-bf3c-7bf06781686b,223f660b-c391-4120-bf3c-7bf06781686b,295616c0-387b-4f60-a337-7743cd6be04e,Bavarski dvor,119
7310c006-62b8-4f94-bb9c-d5c26cb3faad,4ca7ae7e-380b-45e3-81de-00ffab5bb531,fb0042f8-d9e2-4916-b60a-38a026acf0c9,Leskoškova,1
3edd6057-3847-4c42-b8ec-6e89ff95793a,a7177a3d-8db2-43fb-8910-f95857f0ed97,N/A,N/A,660
0b4a072e-6c2d-4c71-ab80-2b7142df81de,a719a87c-4e93-4387-a6d1-2631a487f7e0,c87db9be-1fba-4102-a743-0ee4317dd5af,Bavarski dvor,466
47637057-8d6a-4cf9-bd56-3ac90748fcc4,2388ce1f-c947-42d7-97f3-e01a7254c933,N/A,N/A,660
223f660b-c391-4120-bf3c-7bf06781686b,6182f8e8-c45e-4606-b4a4-d909bd44d2cc,223f660b-c391-4120-bf3c-7bf06781686b,Tovorni kolodvor,74
9a14b0ec-f13a-46f0-8c4f-07d8b99241e2,0be237aa-4b91-4d2b-ac23-0cebac975a0d,c87db9be-1fba-4102-a743-0ee4317dd5af,Bavarski dvor,551
a0e0a21b-b8ce-4d76-bbc2-04e179367fee,aa42017d-812a-4175-bc9b-0fec03b18931,c5ec5e81-2ce4-452d-bd7a-595de4f8b34f,Prušnikova,648
717dda7e-d793-4697-8f60-b64ee8b1edc4,294c40c4-18e4-4d92-a947-911a8623de89,fef200e9-4d98-425b-ab14-8110e2aa85d7,Drama,320
023d7b7a-b411-4e61-8746-b07f9e5c8f90,c22879e5-8e90-4540-9a74-5f139208e492,5d7f28a6-2a2a-4333-aa06-48edfb652f86,Pošta,74
1b0f629f-acdb-4e94-8c54-018f4334ebf7,6182f8e8-c45e-4606-b4a4-d909bd44d2cc,295616c0-387b-4f60-a337-7743cd6be04e,Bavarski dvor,644
1ce1c3a8-e0f6-4f90-b1aa-1448759d8b3c,3c6ebf90-c611-4535-b2b0-22fba3f7649a,c87db9be-1fba-4102-a743-0ee4317dd5af,Bavarski dvor,188
1eadcdb9-60cd-47c9-8eec-527c3465a685,3fbf6322-fb74-4a50-a81a-bfca73abc26b,e6f5183b-c615-4f47-b4fb-204ee070e825,Bežigrad,169
91fb6c6e-49cf-49d3-97d4-6ae228f9bfa1,bc66f88b-1412-44cb-b921-030d27335261,f2b27cbd-5207-4281-8f67-6369d0c50a9b,Kodrova,160
e468b92f-fa4a-4819-bb11-37761deaf4ca,379bc761-04b5-4227-be76-3b870fe3e69f,f33b721f-a8a3-4aad-96f2-077da09ebaa6,Razstavišče,123
d4c51b31-46fd-4da8-ba15-8068e666d483,91fb6c6e-49cf-49d3-97d4-6ae228f9bfa1,aa42017d-812a-4175-bc9b-0fec03b18931,Ambrožev trg,6
5de84f88-3f32-4636-8c30-03cc267ecf37,f14a6236-8af2-47bf-9270-432377662a63,f14a6236-8af2-47bf-9270-432377662a63,Viadukt,123
98fa3880-5936-4ec8-ba04-39c7ff9a0e6a,05643914-8ff7-4064-8737-2761d44a083f,295616c0-387b-4f60-a337-7743cd6be04e,Bavarski dvor,49
47637057-8d6a-4cf9-bd56-3ac90748fcc4,8c7fa045-888b-46d0-8189-6f82623bf481,38b3abed-0592-407b-96c3-85a026f2e192,Dalmatinova,469
295616c0-387b-4f60-a337-7743cd6be04e,7fad8003-fb10-489d-bf8d-6d433310ad90,c22879e5-8e90-4540-9a74-5f139208e492,Friškovec,65
9a1c4c65-df77-481f-87ad-56143f02a864,c5ec5e81-2ce4-452d-bd7a-595de4f8b34f,f33b721f-a8a3-4aad-96f2-077da09ebaa6,Razstavišče,655
4d216485-ef41-45e7-9182-0c254644955c,8512e1be-4637-483b-a3e6-78ccc6d2c5b1,c22879e5-8e90-4540-9a74-5f139208e492,Friškovec,29
fb7704f0-d31e-4561-83e4-621a8c62654b,a7177a3d-8db2-43fb-8910-f95857f0ed97,N/A,N/A,660
bc66f88b-1412-44cb-b921-030d27335261,c22879e5-8e90-4540-9a74-5f139208e492,fef200e9-4d98-425b-ab14-8110e2aa85d7,Drama,124
58db973d-ecbb-4aa6-a56c-c26aaff7f263,a7177a3d-8db2-43fb-8910-f95857f0ed97,N/A,N/A,660
35aedf45-cca3-4f2f-931b-138d29d20fe9,277bc73c-e61d-4046-bcfd-31d6161c568e,717dda7e-d793-4697-8f60-b64ee8b1edc4,Gosposvetska,294
86a75ffc-a78f-401f-8991-2eb0371417b2,e0bcd677-6012-4c90-a884-44dffafdffec,f33b721f-a8a3-4aad-96f2-077da09ebaa6,Razstavišče,426
e468b92f-fa4a-4819-bb11-37761deaf4ca,7bcbdcaa-00b9-47d4-8982-09da26cd7bcb,295616c0-387b-4f60-a337-7743cd6be04e,Bavarski dvor,249
717dda7e-d793-4697-8f60-b64ee8b1edc4,e9d9f622-7394-4c5c-9031-a41855a64aa7,f33b721f-a8a3-4aad-96f2-077da09ebaa6,Razstavišče,305
2f18bcfa-6189-4de4-b06f-132d3392e7d6,223f660b-c391-4120-bf3c-7bf06781686b,f33b721f-a8a3-4aad-96f2-077da09ebaa6,Razstavišče,37
1b3ddeca-a066-43ee-9ae5-8339628129c2,223f660b-c391-4120-bf3c-7bf06781686b,f2b27cbd-5207-4281-8f67-6369d0c50a9b,Kodrova,20
86a75ffc-a78f-401f-8991-2eb0371417b2,5d7f28a6-2a2a-4333-aa06-48edfb652f86,fef200e9-4d98-425b-ab14-8110e2aa85d7,Drama,62
7c149b59-2bc6-45cb-95c8-69e18a0db627,1505c6fe-6080-424e-98d1-24c312cfacf3,717dda7e-d793-4697-8f60-b64ee8b1edc4,Gosposvetska,4
88cdd36c-03d2-4374-a22f-110dd9f75ea0,bc66f88b-1412-44cb-b921-030d27335261,c22879e5-8e90-4540-9a74-5f139208e492,Friškovec,553
4ca7ae7e-380b-45e3-81de-00ffab5bb531,48b163cd-b819-4849-aee1-8b1da77657ab,a0b1fb90-3f6a-4231-910a-18be192ac762,Flajšmanova,344
ac3afe7d-a2b3-4d5d-9e6a-1d2412a3bc70,7310c006-62b8-4f94-bb9c-d5c26cb3faad,5d7f28a6-2a2a-4333-aa06-48edfb652f86,Pošta,379
e9382efd-d64d-46b0-9a7d-a4e6a0188725,4038e02e-f22f-4af0-ba4f-7aab855b53af,c87db9be-1fba-4102-a743-0ee4317dd5af,Bavarski dvor,92
e468b92f-fa4a-4819-bb11-37761deaf4ca,cee2862b-9b70-4880-8fa3-16c6d2efae1b,f33b721f-a8a3-4aad-96f2-077da09ebaa6,Razstavišče,344
6559d555-672b-4633-8a81-0ae68fb963eb,294c40c4-18e4-4d92-a947-911a8623de89,a719a87c-4e93-4387-a6d1-2631a487f7e0,Ajdovščina,42
093afa81-b65f-4182-bac3-afbc00558a9b,7fa32ea0-e884-435a-a81c-51bbd5cedf3e,a719a87c-4e93-4387-a6d1-2631a487f7e0,Ajdovščina,336
ab987eb0-c970-4577-8db9-0cd507a6cab6,e0bcd677-6012-4c90-a884-44dffafdffec,f33b721f-a8a3-4aad-96f2-077da09ebaa6,Razstavišče,77
023d7b7a-b411-4e61-8746-b07f9e5c8f90,3edd6057-3847-4c42-b8ec-6e89ff95793a,cdabf1ea-b04c-480a-8359-72c46e6864ab,Bežigrad,117
91fb6c6e-49cf-49d3-97d4-6ae228f9bfa1,ecc4ae87-ae08-4b94-995c-452fdd94df7f,1ce1c3a8-e0f6-4f90-b1aa-1448759d8b3c,Astra,273
e786b2df-34ed-4246-832e-7c3d538ac1f4,a2ce7e6f-0f99-443a-a973-81a0b9c60261,7fa32ea0-e884-435a-a81c-51bbd5cedf3e,Zaloška,446
769b7bc7-4f95-4bb2-9c99-37ba8e8b4bd5,4d216485-ef41-45e7-9182-0c254644955c,5d7f28a6-2a2a-4333-aa06-48edfb652f86,Pošta,86
ef31a8be-b01d-44cd-95cf-3db8e918af26,0dc86a8f-0f41-44c7-978c-e06cb63cbbcf,c22879e5-8e90-4540-9a74-5f139208e492,Friškovec,102
35aedf45-cca3-4f2f-931b-138d29d20fe9,e6f5183b-c615-4f47-b4fb-204ee070e825,fef200e9-4d98-425b-ab14-8110e2aa85d7,Drama,126
7c149b59-2bc6-45cb-95c8-69e18a0db627,9e109242-5aad-4fb7-b0c8-576eef8aa4e0,c87db9be-1fba-4102-a743-0ee4317dd5af,Bavarski dvor,67
48b163cd-b819-4849-aee1-8b1da77657ab,fb7704f0-d31e-4561-83e4-621a8c62654b,484b5c91-1220-43ba-af79-84e712fcc46b,Slovenija avto,44
4038e02e-f22f-4af0-ba4f-7aab855b53af,d4c51b31-46fd-4da8-ba15-8068e666d483,9cfac7e2-9653-4e52-a6d3-27756d27f817,Kino Šiška,81
e9382efd-d64d-46b0-9a7d-a4e6a0188725,e468b92f-fa4a-4819-bb11-37761deaf4ca,N/A,N/A,660
cee2862b-9b70-4880-8fa3-16c6d2efae1b,7484317c-269f-425f-8118-23eedab4e5f1,N/A,N/A,660
923bd774-0651-4e0a-8624-3acfb7ecd5ff,3edd6057-3847-4c42-b8ec-6e89ff95793a,a719a87c-4e93-4387-a6d1-2631a487f7e0,Ajdovščina,156
9cfac7e2-9653-4e52-a6d3-27756d27f817,4e8ccfa1-b58c-4ee1-ad82-2e8a645071f3,fef200e9-4d98-425b-ab14-8110e2aa85d7,Drama,558
9b0074d2-2c92-4c01-830b-00be8e05b412,093afa81-b65f-4182-bac3-afbc00558a9b,c87db9be-1fba-4102-a743-0ee4317dd5af,Bavarski dvor,203
484b5c91-1220-43ba-af79-84e712fcc46b,47a3bd8a-72ae-4e20-b43f-10bfaf49012c,f33b721f-a8a3-4aad-96f2-077da09ebaa6,Razstavišče,367
fb0042f8-d9e2-4916-b60a-38a026acf0c9,cdabf1ea-b04c-480a-8359-72c46e6864ab,a2ce7e6f-0f99-443a-a973-81a0b9c60261,Astra,6
fb7704f0-d31e-4561-83e4-621a8c62654b,923bd774-0651-4e0a-8624-3acfb7ecd5ff,295616c0-387b-4f60-a337-7743cd6be04e,Bavarski dvor,290
a2f479c6-4c21-4923-b4ac-86f752507cee,db13a26e-19d4-4b8a-a78a-01ef25d58834,N/A,N/A,660
717dda7e-d793-4697-8f60-b64ee8b1edc4,25cde952-4896-4977-b229-75e09b3e3661,717dda7e-d793-4697-8f60-b64ee8b1edc4,Gosposvetska,17
1eadcdb9-60cd-47c9-8eec-527c3465a685,a0b1fb90-3f6a-4231-910a-18be192ac762,1ce1c3a8-e0f6-4f90-b1aa-1448759d8b3c,Astra,594
7fad8003-fb10-489d-bf8d-6d433310ad90,0dc86a8f-0f41-44c7-978c-e06cb63cbbcf,717dda7e-d793-4697-8f60-b64ee8b1edc4,Gosposvetska,336
fb7704f0-d31e-4561-83e4-621a8c62654b,77dcd833-fa4d-4c5a-93b1-31284942e61d,a719a87c-4e93-4387-a6d1-2631a487f7e0,Ajdovščina,69
7fa32ea0-e884-435a-a81c-51bbd5cedf3e,7eb88e01-82e9-4af4-84d0-69c6ea9dc82c,5de84f88-3f32-4636-8c30-03cc267ecf37,Podvozna pot,5
5de84f88-3f32-4636-8c30-03cc267ecf37,6bd46cb7-9e5d-453a-878a-bcc38fb2a5f2,7fad8003-fb10-489d-bf8d-6d433310ad90,Nove Jarše,53
7bcbdcaa-00b9-47d4-8982-09da26cd7bcb,0be237aa-4b91-4d2b-ac23-0cebac975a0d,38b3abed-0592-407b-96c3-85a026f2e192,Dalmatinova,431
1e157c31-d34d-4c2e-91b4-8c000c88f6dd,3fbf6322-fb74-4a50-a81a-bfca73abc26b,fef200e9-4d98-425b-ab14-8110e2aa85d7,Drama,116
8589e5d1-21b4-4210-ad7a-4bf91f9a715d,7310c006-62b8-4f94-bb9c-d5c26cb3faad,f33b721f-a8a3-4aad-96f2-077da09ebaa6,Razstavišče,122
c0ff37c8-ac6c-4284-ad32-0ad29fd30dc2,7eb88e01-82e9-4af4-84d0-69c6ea9dc82c,5d7f28a6-2a2a-4333-aa06-48edfb652f86,Pošta,440
d4c51b31-46fd-4da8-ba15-8068e666d483,7c149b59-2bc6-45cb-95c8-69e18a0db627,f33b721f-a8a3-4aad-96f2-077da09ebaa6,Razstavišče,336
1ce1c3a8-e0f6-4f90-b1aa-1448759d8b3c,a0b1fb90-3f6a-4231-910a-18be192ac762,a719a87c-4e93-4387-a6d1-2631a487f7e0,Ajdovščina,65
c5ec5e81-2ce4-452d-bd7a-595de4f8b34f,223f660b-c391-4120-bf3c-7bf06781686b,023d7b7a-b411-4e61-8746-b07f9e5c8f90,Ambrožev trg,71
7484317c-269f-425f-8118-23eedab4e5f1,023d7b7a-b411-4e61-8746-b07f9e5c8f90,5d7f28a6-2a2a-4333-aa06-48edfb652f86,Pošta,651
48b163cd-b819-4849-aee1-8b1da77657ab,a2ce7e6f-0f99-443a-a973-81a0b9c60261,7fa32ea0-e884-435a-a81c-51bbd5cedf3e,Zaloška,288
ab987eb0-c970-4577-8db9-0cd507a6cab6,98b60d07-8054-441a-be44-be7aa24f4253,f4cfd904-bd11-4247-95df-32c4555a930f,Klinični center,144
c22879e5-8e90-4540-9a74-5f139208e492,25cde952-4896-4977-b229-75e09b3e3661,454817d3-3750-49c7-994c-14d06fd2c634,Žale,66
8c7fa045-888b-46d0-8189-6f82623bf481,7eb88e01-82e9-4af4-84d0-69c6ea9dc82c,717dda7e-d793-4697-8f60-b64ee8b1edc4,Gosposvetska,8
5d7f28a6-2a2a-4333-aa06-48edfb652f86,91fb6c6e-49cf-49d3-97d4-6ae228f9bfa1,f33b721f-a8a3-4aad-96f2-077da09ebaa6,Razstavišče,461
2f874852-bc80-4ff3-b6bf-a914e31251c8,8eeea585-6168-45b8-a5d4-336e61826043,c5ec5e81-2ce4-452d-bd7a-595de4f8b34f,Prušnikova,23
db13a26e-19d4-4b8a-a78a-01ef25d58834,0be237aa-4b91-4d2b-ac23-0cebac975a0d,1505c6fe-6080-424e-98d1-24c312cfacf3,Pot na Rakovo jelšo,245
592b37eb-8255-4758-ae8a-7cef98521013,c0ff37c8-ac6c-4284-ad32-0ad29fd30dc2,295616c0-387b-4f60-a337-7743cd6be04e,Bavarski dvor,109
8589e5d1-21b4-4210-ad7a-4bf91f9a715d,3c6ebf90-c611-4535-b2b0-22fba3f7649a,295616c0-387b-4f60-a337-7743cd6be04e,Bavarski dvor,13
dfde6478-02b5-471b-a470-29cb0e84542f,cdabf1ea-b04c-480a-8359-72c46e6864ab,fef200e9-4d98-425b-ab14-8110e2aa85d7,Drama,43
c5ec5e81-2ce4-452d-bd7a-595de4f8b34f,a7177a3d-8db2-43fb-8910-f95857f0ed97,N/A,N/A,660
2f874852-bc80-4ff3-b6bf-a914e31251c8,923bd774-0651-4e0a-8624-3acfb7ecd5ff,fef200e9-4d98-425b-ab14-8110e2aa85d7,Drama,77
8c7fa045-888b-46d0-8189-6f82623bf481,c5ec5e81-2ce4-452d-bd7a-595de4f8b34f,484b5c91-1220-43ba-af79-84e712fcc46b,Slovenija avto,134
093afa81-b65f-4182-bac3-afbc00558a9b,91fb6c6e-49cf-49d3-97d4-6ae228f9bfa1,295616c0-387b-4f60-a337-7743cd6be04e,Bavarski dvor,506
6bd46cb7-9e5d-453a-878a-bcc38fb2a5f2,52e5adea-e194-4fc1-809c-1d6421f8f8db,a719a87c-4e93-4387-a6d1-2631a487f7e0,Ajdovščina,25
4e8ccfa1-b58c-4ee1-ad82-2e8a645071f3,8598b85d-3e1d-4767-b72f-0c209038841f,1ce1c3a8-e0f6-4f90-b1aa-1448759d8b3c,Astra,166
717dda7e-d793-4697-8f60-b64ee8b1edc4,9a1c4c65-df77-481f-87ad-56143f02a864,023d7b7a-b411-4e61-8746-b07f9e5c8f90,Ambrožev trg,19
923bd774-0651-4e0a-8624-3acfb7ecd5ff,6edebb46-d04f-45c4-99a4-100f7f0b2660,f33b721f-a8a3-4aad-96f2-077da09ebaa6,Razstavišče,156
12304b99-9a07-485a-a101-eaca90495d48,25cde952-4896-4977-b229-75e09b3e3661,c87db9be-1fba-4102-a743-0ee4317dd5af,Bavarski dvor,18
1e157c31-d34d-4c2e-91b4-8c000c88f6dd,c87db9be-1fba-4102-a743-0ee4317dd5af,f33b721f-a8a3-4aad-96f2-077da09ebaa6,Razstavišče,38
093afa81-b65f-4182-bac3-afbc00558a9b,80c65758-5f25-4003-8d55-10ff96fe8310,c87db9be-1fba-4102-a743-0ee4317dd5af,Bavarski dvor,242
b59656a4-b6e7-4b87-977c-078c59088a50,7bcbdcaa-00b9-47d4-8982-09da26cd7bcb,7fa32ea0-e884-435a-a81c-51bbd5cedf3e,Zaloška,98
52e5adea-e194-4fc1-809c-1d6421f8f8db,9cfac7e2-9653-4e52-a6d3-27756d27f817,5d7f28a6-2a2a-4333-aa06-48edfb652f86,Pošta,172
91fb6c6e-49cf-49d3-97d4-6ae228f9bfa1,271db19a-744b-41a0-869d-0c3e0e2cb6bf,5d7f28a6-2a2a-4333-aa06-48edfb652f86,Pošta,248
223f660b-c391-4120-bf3c-7bf06781686b,023d7b7a-b411-4e61-8746-b07f9e5c8f90,295616c0-387b-4f60-a337-7743cd6be04e,Bavarski dvor,119
295616c0-387b-4f60-a337-7743cd6be04e,96d4c75b-6452-4c70-a31e-c234262ba38b,a719a87c-4e93-4387-a6d1-2631a487f7e0,Ajdovščina,51
1505c6fe-6080-424e-98d1-24c312cfacf3,12304b99-9a07-485a-a101-eaca90495d48,295616c0-387b-4f60-a337-7743cd6be04e,Bavarski dvor,247
6bd46cb7-9e5d-453a-878a-bcc38fb2a5f2,1b0f629f-acdb-4e94-8c54-018f4334ebf7,a719a87c-4e93-4387-a6d1-2631a487f7e0,Ajdovščina,124
2ec182e2-769f-427f-b9b5-c4118890cb96,7c149b59-2bc6-45cb-95c8-69e18a0db627,295616c0-387b-4f60-a337-7743cd6be04e,Bavarski dvor,150
1b3ddeca-a066-43ee-9ae5-8339628129c2,8512e1be-4637-483b-a3e6-78ccc6d2c5b1,c22879e5-8e90-4540-9a74-5f139208e492,Friškovec,449
e6f5183b-c615-4f47-b4fb-204ee070e825,3edd6057-3847-4c42-b8ec-6e89ff95793a,f4cfd904-bd11-4247-95df-32c4555a930f,Klinični center,87
a719a87c-4e93-4387-a6d1-2631a487f7e0,aa42017d-812a-4175-bc9b-0fec03b18931,a0b1fb90-3f6a-4231-910a-18be192ac762,Flajšmanova,342
4038e02e-f22f-4af0-ba4f-7aab855b53af,717c914e-f928-4671-95f6-26c1ddb95799,5d7f28a6-2a2a-4333-aa06-48edfb652f86,Pošta,188
7310c006-62b8-4f94-bb9c-d5c26cb3faad,98fa3880-5936-4ec8-ba04-39c7ff9a0e6a,aa42017d-812a-4175-bc9b-0fec03b18931,Ambrožev trg,227
c87db9be-1fba-4102-a743-0ee4317dd5af,592b37eb-8255-4758-ae8a-7cef98521013,f2b27cbd-5207-4281-8f67-6369d0c50a9b,Kodrova,250
8512e1be-4637-483b-a3e6-78ccc6d2c5b1,f14a6236-8af2-47bf-9270-432377662a63,a719a87c-4e93-4387-a6d1-2631a487f7e0,Ajdovščina,169
6459bd02-d8f8-413e-9402-10b916f09a4f,e9d9f622-7394-4c5c-9031-a41855a64aa7,295616c0-387b-4f60-a337-7743cd6be04e,Bavarski dvor,42
223f660b-c391-4120-bf3c-7bf06781686b,271db19a-744b-41a0-869d-0c3e0e2cb6bf,a0e0a21b-b8ce-4d76-bbc2-04e179367fee,Šola Jarše,273
484b5c91-1220-43ba-af79-84e712fcc46b,9bd3ee10-bc61-44e8-8cf3-a37cffd54da0,a719a87c-4e93-4387-a6d1-2631a487f7e0,Ajdovščina,162
e468b92f-fa4a-4819-bb11-37761deaf4ca,cdabf1ea-b04c-480a-8359-72c46e6864ab,a0b1fb90-3f6a-4231-910a-18be192ac762,Flajšmanova,136
1035c6f7-304e-4329-a3b2-4eb5d985a577,e9d9f622-7394-4c5c-9031-a41855a64aa7,f33b721f-a8a3-4aad-96f2-077da09ebaa6,Razstavišče,10
2f18bcfa-6189-4de4-b06f-132d3392e7d6,fb7704f0-d31e-4561-83e4-621a8c62654b,eb165f50-9c43-4b09-9658-469a16d3dc83,Kodeljevo,179
bc66f88b-1412-44cb-b921-030d27335261,5de84f88-3f32-4636-8c30-03cc267ecf37,f33b721f-a8a3-4aad-96f2-077da09ebaa6,Razstavišče,75
48507e1a-32df-4552-9448-3b345760b75f,9e109242-5aad-4fb7-b0c8-576eef8aa4e0,c87db9be-1fba-4102-a743-0ee4317dd5af,Bavarski dvor,10
3c6ebf90-c611-4535-b2b0-22fba3f7649a,6bd46cb7-9e5d-453a-878a-bcc38fb2a5f2,295616c0-387b-4f60-a337-7743cd6be04e,Bavarski dvor,27
48507e1a-32df-4552-9448-3b345760b75f,1b0f629f-acdb-4e94-8c54-018f4334ebf7,9b0074d2-2c92-4c01-830b-00be8e05b412,Cukrarna,189
7bcbdcaa-00b9-47d4-8982-09da26cd7bcb,4e8ccfa1-b58c-4ee1-ad82-2e8a645071f3,7310c006-62b8-4f94-bb9c-d5c26cb3faad,Polje,5
0be237aa-4b91-4d2b-ac23-0cebac975a0d,7fa32ea0-e884-435a-a81c-51bbd5cedf3e,717dda7e-d793-4697-8f60-b64ee8b1edc4,Gosposvetska,16
05643914-8ff7-4064-8737-2761d44a083f,0dc86a8f-0f41-44c7-978c-e06cb63cbbcf,717c914e-f928-4671-95f6-26c1ddb95799,Cesta v Gorice,297
e786b2df-34ed-4246-832e-7c3d538ac1f4,2ec182e2-769f-427f-b9b5-c4118890cb96,f4cfd904-bd11-4247-95df-32c4555a930f,Klinični center,113
52e5adea-e194-4fc1-809c-1d6421f8f8db,1eadcdb9-60cd-47c9-8eec-527c3465a685,a719a87c-4e93-4387-a6d1-2631a487f7e0,Ajdovščina,79
7fa32ea0-e884-435a-a81c-51bbd5cedf3e,4d216485-ef41-45e7-9182-0c254644955c,295616c0-387b-4f60-a337-7743cd6be04e,Bavarski dvor,220
fb7704f0-d31e-4561-83e4-621a8c62654b,bc66f88b-1412-44cb-b921-030d27335261,f33b721f-a8a3-4aad-96f2-077da09ebaa6,Razstavišče,7
379bc761-04b5-4227-be76-3b870fe3e69f,1b3ddeca-a066-43ee-9ae5-8339628129c2,6459bd02-d8f8-413e-9402-10b916f09a4f,7. septembra,175
3fbf6322-fb74-4a50-a81a-bfca73abc26b,96d4c75b-6452-4c70-a31e-c234262ba38b,fef200e9-4d98-425b-ab14-8110e2aa85d7,Drama,247
8598b85d-3e1d-4767-b72f-0c209038841f,7c149b59-2bc6-45cb-95c8-69e18a0db627,c87db9be-1fba-4102-a743-0ee4317dd5af,Bavarski dvor,149
86a75ffc-a78f-401f-8991-2eb0371417b2,1ce1c3a8-e0f6-4f90-b1aa-1448759d8b3c,1ce1c3a8-e0f6-4f90-b1aa-1448759d8b3c,Astra,324
a0b1fb90-3f6a-4231-910a-18be192ac762,0b4a072e-6c2d-4c71-ab80-2b7142df81de,c87db9be-1fba-4102-a743-0ee4317dd5af,Bavarski dvor,227
7bcbdcaa-00b9-47d4-8982-09da26cd7bcb,5de6ff80-1352-43df-b5ec-1df59f2f492b,fef200e9-4d98-425b-ab14-8110e2aa85d7,Drama,205
223f660b-c391-4120-bf3c-7bf06781686b,9a14b0ec-f13a-46f0-8c4f-07d8b99241e2,023d7b7a-b411-4e61-8746-b07f9e5c8f90,Ambrožev trg,428
3edd6057-3847-4c42-b8ec-6e89ff95793a,4ca7ae7e-380b-45e3-81de-00ffab5bb531,7fad8003-fb10-489d-bf8d-6d433310ad90,Nove Jarše,2
38b3abed-0592-407b-96c3-85a026f2e192,1b0f629f-acdb-4e94-8c54-018f4334ebf7,7c149b59-2bc6-45cb-95c8-69e18a0db627,Rusjanov trg,138
77dcd833-fa4d-4c5a-93b1-31284942e61d,9b0074d2-2c92-4c01-830b-00be8e05b412,fef200e9-4d98-425b-ab14-8110e2aa85d7,Drama,313
c627c9f2-af02-4d83-969a-566719bb09e3,1b0f629f-acdb-4e94-8c54-018f4334ebf7,c87db9be-1fba-4102-a743-0ee4317dd5af,Bavarski dvor,49
277bc73c-e61d-4046-bcfd-31d6161c568e,1eadcdb9-60cd-47c9-8eec-527c3465a685,f4cfd904-bd11-4247-95df-32c4555a930f,Klinični center,44
35aedf45-cca3-4f2f-931b-138d29d20fe9,dfde6478-02b5-471b-a470-29cb0e84542f,5d7f28a6-2a2a-4333-aa06-48edfb652f86,Pošta,258
8c7fa045-888b-46d0-8189-6f82623bf481,96d4c75b-6452-4c70-a31e-c234262ba38b,c87db9be-1fba-4102-a743-0ee4317dd5af,Bavarski dvor,160
7eb88e01-82e9-4af4-84d0-69c6ea9dc82c,5cc8a08d-c0af-491f-9a9c-b8b4f5f23bc0,c87db9be-1fba-4102-a743-0ee4317dd5af,Bavarski dvor,141
f14a6236-8af2-47bf-9270-432377662a63,98b60d07-8054-441a-be44-be7aa24f4253,f33b721f-a8a3-4aad-96f2-077da09ebaa6,Razstavišče,25
b59656a4-b6e7-4b87-977c-078c59088a50,379bc761-04b5-4227-be76-3b870fe3e69f,98fa3880-5936-4ec8-ba04-39c7ff9a0e6a,Stara cerkev,53
0be237aa-4b91-4d2b-ac23-0cebac975a0d,0dc86a8f-0f41-44c7-978c-e06cb63cbbcf,N/A,N/A,660
f2b27cbd-5207-4281-8f67-6369d0c50a9b,5de84f88-3f32-4636-8c30-03cc267ecf37,c87db9be-1fba-4102-a743-0ee4317dd5af,Bavarski dvor,456
e786b2df-34ed-4246-832e-7c3d538ac1f4,717dda7e-d793-4697-8f60-b64ee8b1edc4,N/A,N/A,660
6bd46cb7-9e5d-453a-878a-bcc38fb2a5f2,c22879e5-8e90-4540-9a74-5f139208e492,f4cfd904-bd11-4247-95df-32c4555a930f,Klinični center,138
9a14b0ec-f13a-46f0-8c4f-07d8b99241e2,c297ac70-8f43-4fbc-a8a4-366ddb883a8d,a719a87c-4e93-4387-a6d1-2631a487f7e0,Ajdovščina,204
35aedf45-cca3-4f2f-931b-138d29d20fe9,f4cfd904-bd11-4247-95df-32c4555a930f,f33b721f-a8a3-4aad-96f2-077da09ebaa6,Razstavišče,405
e786b2df-34ed-4246-832e-7c3d538ac1f4,58db973d-ecbb-4aa6-a56c-c26aaff7f263,2ec182e2-769f-427f-b9b5-c4118890cb96,Stožice,68
91fb6c6e-49cf-49d3-97d4-6ae228f9bfa1,25cde952-4896-4977-b229-75e09b3e3661,295616c0-387b-4f60-a337-7743cd6be04e,Bavarski dvor,94
25cde952-4896-4977-b229-75e09b3e3661,6edebb46-d04f-45c4-99a4-100f7f0b2660,f33b721f-a8a3-4aad-96f2-077da09ebaa6,Razstavišče,43
9a1c4c65-df77-481f-87ad-56143f02a864,6c56976b-4ae1-429f-bcab-0cfc37e3580d,295616c0-387b-4f60-a337-7743cd6be04e,Bavarski dvor,59
21764d19-62cc-49fd-bac9-403aeac6a6b9,769b7bc7-4f95-4bb2-9c99-37ba8e8b4bd5,295616c0-387b-4f60-a337-7743cd6be04e,Bavarski dvor,39
ab987eb0-c970-4577-8db9-0cd507a6cab6,294c40c4-18e4-4d92-a947-911a8623de89,fef200e9-4d98-425b-ab14-8110e2aa85d7,Drama,213
2f874852-bc80-4ff3-b6bf-a914e31251c8,8598b85d-3e1d-4767-b72f-0c209038841f,295616c0-387b-4f60-a337-7743cd6be04e,Bavarski dvor,285
4d216485-ef41-45e7-9182-0c254644955c,98fa3880-5936-4ec8-ba04-39c7ff9a0e6a,5de84f88-3f32-4636-8c30-03cc267ecf37,Podvozna pot,164
3fbf6322-fb74-4a50-a81a-bfca73abc26b,7310c006-62b8-4f94-bb9c-d5c26cb3faad,fef200e9-4d98-425b-ab14-8110e2aa85d7,Drama,32
2388ce1f-c947-42d7-97f3-e01a7254c933,59ee5f7d-476b-4958-a922-2040a9308f3b,N/A,N/A,660
a7094427-e180-4deb-acaf-5d4488326e9e,8598b85d-3e1d-4767-b72f-0c209038841f,c87db9be-1fba-4102-a743-0ee4317dd5af,Bavarski dvor,35
7fa32ea0-e884-435a-a81c-51bbd5cedf3e,fb0042f8-d9e2-4916-b60a-38a026acf0c9,fef200e9-4d98-425b-ab14-8110e2aa85d7,Drama,88
80c65758-5f25-4003-8d55-10ff96fe8310,a0b1fb90-3f6a-4231-910a-18be192ac762,fb0042f8-d9e2-4916-b60a-38a026acf0c9,Leskoškova,128
7eb88e01-82e9-4af4-84d0-69c6ea9dc82c,48b163cd-b819-4849-aee1-8b1da77657ab,N/A,N/A,660
e9d9f622-7394-4c5c-9031-a41855a64aa7,6bd46cb7-9e5d-453a-878a-bcc38fb2a5f2,c87db9be-1fba-4102-a743-0ee4317dd5af,Bavarski dvor,173
6c56976b-4ae1-429f-bcab-0cfc37e3580d,fb0042f8-d9e2-4916-b60a-38a026acf0c9,N/A,N/A,660
dfde6478-02b5-471b-a470-29cb0e84542f,223f660b-c391-4120-bf3c-7bf06781686b,5d7f28a6-2a2a-4333-aa06-48edfb652f86,Pošta,43
47a3bd8a-72ae-4e20-b43f-10bfaf49012c,7c149b59-2bc6-45cb-95c8-69e18a0db627,N/A,N/A,660
3edd6057-3847-4c42-b8ec-6e89ff95793a,093afa81-b65f-4182-bac3-afbc00558a9b,f33b721f-a8a3-4aad-96f2-077da09ebaa6,Razstavišče,18
1dc99fbb-5496-4aab-a4b6-32e653ccc789,7c149b59-2bc6-45cb-95c8-69e18a0db627,a719a87c-4e93-4387-a6d1-2631a487f7e0,Ajdovščina,11
fef200e9-4d98-425b-ab14-8110e2aa85d7,d98335a0-1291-4d4c-be62-16b11c356575,f33b721f-a8a3-4aad-96f2-077da09ebaa6,Razstavišče,465
4e8ccfa1-b58c-4ee1-ad82-2e8a645071f3,023d7b7a-b411-4e61-8746-b07f9e5c8f90,aa42017d-812a-4175-bc9b-0fec03b18931,Ambrožev trg,5
47637057-8d6a-4cf9-bd56-3ac90748fcc4,c22879e5-8e90-4540-9a74-5f139208e492,484b5c91-1220-43ba-af79-84e712fcc46b,Slovenija avto,77
a7094427-e180-4deb-acaf-5d4488326e9e,86a75ffc-a78f-401f-8991-2eb0371417b2,8c7fa045-888b-46d0-8189-6f82623bf481,Poljanska,87
0dc86a8f-0f41-44c7-978c-e06cb63cbbcf,1dc99fbb-5496-4aab-a4b6-32e653ccc789,295616c0-387b-4f60-a337-7743cd6be04e,Bavarski dvor,236
1b3ddeca-a066-43ee-9ae5-8339628129c2,a7177a3d-8db2-43fb-8910-f95857f0ed97,N/A,N/A,660
81f21fc1-3bd2-4d2a-b563-2d063479c68e,48507e1a-32df-4552-9448-3b345760b75f,48b163cd-b819-4849-aee1-8b1da77657ab,Šentvid,418
0dc86a8f-0f41-44c7-978c-e06cb63cbbcf,609f0950-bb8c-4eaf-a931-8575b8aff1ac,7fad8003-fb10-489d-bf8d-6d433310ad90,Nove Jarše,72
a2f479c6-4c21-4923-b4ac-86f752507cee,a0e0a21b-b8ce-4d76-bbc2-04e179367fee,N/A,N/A,660
9b0074d2-2c92-4c01-830b-00be8e05b412,86a75ffc-a78f-401f-8991-2eb0371417b2,ac3afe7d-a2b3-4d5d-9e6a-1d2412a3bc70,Litostrojska,284
3c6ebf90-c611-4535-b2b0-22fba3f7649a,dfde6478-02b5-471b-a470-29cb0e84542f,5d7f28a6-2a2a-4333-aa06-48edfb652f86,Pošta,324
592b37eb-8255-4758-ae8a-7cef98521013,717c914e-f928-4671-95f6-26c1ddb95799,38b3abed-0592-407b-96c3-85a026f2e192,Dalmatinova,76
98b60d07-8054-441a-be44-be7aa24f4253,1505c6fe-6080-424e-98d1-24c312cfacf3,cee2862b-9b70-4880-8fa3-16c6d2efae1b,AMZS,14
db13a26e-19d4-4b8a-a78a-01ef25d58834,6edebb46-d04f-45c4-99a4-100f7f0b2660,38b3abed-0592-407b-96c3-85a026f2e192,Dalmatinova,89
aa42017d-812a-4175-bc9b-0fec03b18931,4d216485-ef41-45e7-9182-0c254644955c,fef200e9-4d98-425b-ab14-8110e2aa85d7,Drama,143
5d7f28a6-2a2a-4333-aa06-48edfb652f86,e468b92f-fa4a-4819-bb11-37761deaf4ca,cdabf1ea-b04c-480a-8359-72c46e6864ab,Bežigrad,56
5de84f88-3f32-4636-8c30-03cc267ecf37,7484317c-269f-425f-8118-23eedab4e5f1,7fa32ea0-e884-435a-a81c-51bbd5cedf3e,Zaloška,71
a0b1fb90-3f6a-4231-910a-18be192ac762,3c6ebf90-c611-4535-b2b0-22fba3f7649a,c87db9be-1fba-4102-a743-0ee4317dd5af,Bavarski dvor,4
7fad8003-fb10-489d-bf8d-6d433310ad90,379bc761-04b5-4227-be76-3b870fe3e69f,c22879e5-8e90-4540-9a74-5f139208e492,Friškovec,158
4ca7ae7e-380b-45e3-81de-00ffab5bb531,609f0950-bb8c-4eaf-a931-8575b8aff1ac,5d7f28a6-2a2a-4333-aa06-48edfb652f86,Pošta,21
8c7fa045-888b-46d0-8189-6f82623bf481,21764d19-62cc-49fd-bac9-403aeac6a6b9,c87db9be-1fba-4102-a743-0ee4317dd5af,Bavarski dvor,360
cee2862b-9b70-4880-8fa3-16c6d2efae1b,6559d555-672b-4633-8a81-0ae68fb963eb,aa42017d-812a-4175-bc9b-0fec03b18931,Ambrožev trg,197
0be237aa-4b91-4d2b-ac23-0cebac975a0d,f33b721f-a8a3-4aad-96f2-077da09ebaa6,a719a87c-4e93-4387-a6d1-2631a487f7e0,Ajdovščina,306
fb7704f0-d31e-4561-83e4-621a8c62654b,d98335a0-1291-4d4c-be62-16b11c356575,c22879e5-8e90-4540-9a74-5f139208e492,Friškovec,222
86a75ffc-a78f-401f-8991-2eb0371417b2,2f18bcfa-6189-4de4-b06f-132d3392e7d6,295616c0-387b-4f60-a337-7743cd6be04e,Bavarski dvor,183
8589e5d1-21b4-4210-ad7a-4bf91f9a715d,fef200e9-4d98-425b-ab14-8110e2aa85d7,c87db9be-1fba-4102-a743-0ee4317dd5af,Bavarski dvor,141
454817d3-3750-49c7-994c-14d06fd2c634,ef31a8be-b01d-44cd-95cf-3db8e918af26,c87db9be-1fba-4102-a743-0ee4317dd5af,Bavarski dvor,174
f15ddf31-fc11-41ba-988d-376c83e38f58,c22879e5-8e90-4540-9a74-5f139208e492,48b163cd-b819-4849-aee1-8b1da77657ab,Šentvid,106
dfde6478-02b5-471b-a470-29cb0e84542f,cee2862b-9b70-4880-8fa3-16c6d2efae1b,c87db9be-1fba-4102-a743-0ee4317dd5af,Bavarski dvor,385
eb165f50-9c43-4b09-9658-469a16d3dc83,ecc4ae87-ae08-4b94-995c-452fdd94df7f,f33b721f-a8a3-4aad-96f2-077da09ebaa6,Razstavišče,71
db13a26e-19d4-4b8a-a78a-01ef25d58834,6c56976b-4ae1-429f-bcab-0cfc37e3580d,454817d3-3750-49c7-994c-14d06fd2c634,Žale,50
9b0074d2-2c92-4c01-830b-00be8e05b412,3fbf6322-fb74-4a50-a81a-bfca73abc26b,7fa32ea0-e884-435a-a81c-51bbd5cedf3e,Zaloška,49
ab987eb0-c970-4577-8db9-0cd507a6cab6,96d4c75b-6452-4c70-a31e-c234262ba38b,717dda7e-d793-4697-8f60-b64ee8b1edc4,Gosposvetska,118
a2ce7e6f-0f99-443a-a973-81a0b9c60261,8512e1be-4637-483b-a3e6-78ccc6d2c5b1,dfde6478-02b5-471b-a470-29cb0e84542f,Slovenija avto,262
cee2862b-9b70-4880-8fa3-16c6d2efae1b,0dc86a8f-0f41-44c7-978c-e06cb63cbbcf,a719a87c-4e93-4387-a6d1-2631a487f7e0,Ajdovščina,202
8598b85d-3e1d-4767-b72f-0c209038841f,379bc761-04b5-4227-be76-3b870fe3e69f,f33b721f-a8a3-4aad-96f2-077da09ebaa6,Razstavišče,15
6edebb46-d04f-45c4-99a4-100f7f0b2660,fef200e9-4d98-425b-ab14-8110e2aa85d7,cdabf1ea-b04c-480a-8359-72c46e6864ab,Bežigrad,282
592b37eb-8255-4758-ae8a-7cef98521013,0be237aa-4b91-4d2b-ac23-0cebac975a0d,f33b721f-a8a3-4aad-96f2-077da09ebaa6,Razstavišče,67
7484317c-269f-425f-8118-23eedab4e5f1,b59656a4-b6e7-4b87-977c-078c59088a50,f33b721f-a8a3-4aad-96f2-077da09ebaa6,Razstavišče,24
294c40c4-18e4-4d92-a947-911a8623de89,1e157c31-d34d-4c2e-91b4-8c000c88f6dd,023d7b7a-b411-4e61-8746-b07f9e5c8f90,Ambrožev trg,189
12304b99-9a07-485a-a101-eaca90495d48,db13a26e-19d4-4b8a-a78a-01ef25d58834,c87db9be-1fba-4102-a743-0ee4317dd5af,Bavarski dvor,9
abc9fd26-5442-468b-93b6-4d5eb76d0f1f,e9d9f622-7394-4c5c-9031-a41855a64aa7,c87db9be-1fba-4102-a743-0ee4317dd5af,Bavarski dvor,515
2f874852-bc80-4ff3-b6bf-a914e31251c8,454817d3-3750-49c7-994c-14d06fd2c634,a0b1fb90-3f6a-4231-910a-18be192ac762,Flajšmanova,642
dfde6478-02b5-471b-a470-29cb0e84542f,cdabf1ea-b04c-480a-8359-72c46e6864ab,5d7f28a6-2a2a-4333-aa06-48edfb652f86,Pošta,115
717dda7e-d793-4697-8f60-b64ee8b1edc4,58db973d-ecbb-4aa6-a56c-c26aaff7f263,295616c0-387b-4f60-a337-7743cd6be04e,Bavarski dvor,90
81f21fc1-3bd2-4d2a-b563-2d063479c68e,717dda7e-d793-4697-8f60-b64ee8b1edc4,a719a87c-4e93-4387-a6d1-2631a487f7e0,Ajdovščina,95
5de84f88-3f32-4636-8c30-03cc267ecf37,c5ec5e81-2ce4-452d-bd7a-595de4f8b34f,717dda7e-d793-4697-8f60-b64ee8b1edc4,Gosposvetska,213
717c914e-f928-4671-95f6-26c1ddb95799,1505c6fe-6080-424e-98d1-24c312cfacf3,592b37eb-8255-4758-ae8a-7cef98521013,Rogovilc,160
1eadcdb9-60cd-47c9-8eec-527c3465a685,2ec182e2-769f-427f-b9b5-c4118890cb96,48b163cd-b819-4849-aee1-8b1da77657ab,Šentvid,135
b59656a4-b6e7-4b87-977c-078c59088a50,86a75ffc-a78f-401f-8991-2eb0371417b2,a0e0a21b-b8ce-4d76-bbc2-04e179367fee,Šola Jarše,65
25cde952-4896-4977-b229-75e09b3e3661,c5ec5e81-2ce4-452d-bd7a-595de4f8b34f,c87db9be-1fba-4102-a743-0ee4317dd5af,Bavarski dvor,477
05643914-8ff7-4064-8737-2761d44a083f,3fbf6322-fb74-4a50-a81a-bfca73abc26b,f4cfd904-bd11-4247-95df-32c4555a930f,Klinični center,179
8eeea585-6168-45b8-a5d4-336e61826043,4ca7ae7e-380b-45e3-81de-00ffab5bb531,295616c0-387b-4f60-a337-7743cd6be04e,Bavarski dvor,96
d4c51b31-46fd-4da8-ba15-8068e666d483,a0b1fb90-3f6a-4231-910a-18be192ac762,c87db9be-1fba-4102-a743-0ee4317dd5af,Bavarski dvor,110
ef31a8be-b01d-44cd-95cf-3db8e918af26,80c65758-5f25-4003-8d55-10ff96fe8310,81f21fc1-3bd2-4d2a-b563-2d063479c68e,Štepanja vas,1
484b5c91-1220-43ba-af79-84e712fcc46b,1b0f629f-acdb-4e94-8c54-018f4334ebf7,fef200e9-4d98-425b-ab14-8110e2aa85d7,Drama,80
023d7b7a-b411-4e61-8746-b07f9e5c8f90,e6f5183b-c615-4f47-b4fb-204ee070e825,f2b27cbd-5207-4281-8f67-6369d0c50a9b,Kodrova,101
2ec182e2-769f-427f-b9b5-c4118890cb96,c627c9f2-af02-4d83-969a-566719bb09e3,a719a87c-4e93-4387-a6d1-2631a487f7e0,Ajdovščina,165
717dda7e-d793-4697-8f60-b64ee8b1edc4,609f0950-bb8c-4eaf-a931-8575b8aff1ac,295616c0-387b-4f60-a337-7743cd6be04e,Bavarski dvor,188
98fa3880-5936-4ec8-ba04-39c7ff9a0e6a,5cc8a08d-c0af-491f-9a9c-b8b4f5f23bc0,f2b27cbd-5207-4281-8f67-6369d0c50a9b,Kodrova,20
cee2862b-9b70-4880-8fa3-16c6d2efae1b,295616c0-387b-4f60-a337-7743cd6be04e,c87db9be-1fba-4102-a743-0ee4317dd5af,Bavarski dvor,185
a2f479c6-4c21-4923-b4ac-86f752507cee,1eadcdb9-60cd-47c9-8eec-527c3465a685,N/A,N/A,660
4ca7ae7e-380b-45e3-81de-00ffab5bb531,c87db9be-1fba-4102-a743-0ee4317dd5af,fef200e9-4d98-425b-ab14-8110e2aa85d7,Drama,29
8eeea585-6168-45b8-a5d4-336e61826043,2ec182e2-769f-427f-b9b5-c4118890cb96,c87db9be-1fba-4102-a743-0ee4317dd5af,Bavarski dvor,340
a2ce7e6f-0f99-443a-a973-81a0b9c60261,1035c6f7-304e-4329-a3b2-4eb5d985a577,b59656a4-b6e7-4b87-977c-078c59088a50,Hajdrihova,120
59ee5f7d-476b-4958-a922-2040a9308f3b,48507e1a-32df-4552-9448-3b345760b75f,f33b721f-a8a3-4aad-96f2-077da09ebaa6,Razstavišče,20
6c56976b-4ae1-429f-bcab-0cfc37e3580d,f4cfd904-bd11-4247-95df-32c4555a930f,fef200e9-4d98-425b-ab14-8110e2aa85d7,Drama,298
7c149b59-2bc6-45cb-95c8-69e18a0db627,c5ec5e81-2ce4-452d-bd7a-595de4f8b34f,484b5c91-1220-43ba-af79-84e712fcc46b,Slovenija avto,208
9cfac7e2-9653-4e52-a6d3-27756d27f817,6459bd02-d8f8-413e-9402-10b916f09a4f,295616c0-387b-4f60-a337-7743cd6be04e,Bavarski dvor,326
0be237aa-4b91-4d2b-ac23-0cebac975a0d,609f0950-bb8c-4eaf-a931-8575b8aff1ac,a719a87c-4e93-4387-a6d1-2631a487f7e0,Ajdovščina,587
cdabf1ea-b04c-480a-8359-72c46e6864ab,6182f8e8-c45e-4606-b4a4-d909bd44d2cc,717dda7e-d793-4697-8f60-b64ee8b1edc4,Gosposvetska,271
9a1c4c65-df77-481f-87ad-56143f02a864,2f18bcfa-6189-4de4-b06f-132d3392e7d6,38b3abed-0592-407b-96c3-85a026f2e192,Dalmatinova,629
1e157c31-d34d-4c2e-91b4-8c000c88f6dd,2ec182e2-769f-427f-b9b5-c4118890cb96,f33b721f-a8a3-4aad-96f2-077da09ebaa6,Razstavišče,2
a0e0a21b-b8ce-4d76-bbc2-04e179367fee,1eadcdb9-60cd-47c9-8eec-527c3465a685,7fa32ea0-e884-435a-a81c-51bbd5cedf3e,Zaloška,353
093afa81-b65f-4182-bac3-afbc00558a9b,717c914e-f928-4671-95f6-26c1ddb95799,7310c006-62b8-4f94-bb9c-d5c26cb3faad,Polje,58
5de6ff80-1352-43df-b5ec-1df59f2f492b,4ca7ae7e-380b-45e3-81de-00ffab5bb531,717dda7e-d793-4697-8f60-b64ee8b1edc4,Gosposvetska,214
6bd46cb7-9e5d-453a-878a-bcc38fb2a5f2,e786b2df-34ed-4246-832e-7c3d538ac1f4,9bd3ee10-bc61-44e8-8cf3-a37cffd54da0,DOMŽALE kolodvor,284
4038e02e-f22f-4af0-ba4f-7aab855b53af,f15ddf31-fc11-41ba-988d-376c83e38f58,a719a87c-4e93-4387-a6d1-2631a487f7e0,Ajdovščina,4
47a3bd8a-72ae-4e20-b43f-10bfaf49012c,7c149b59-2bc6-45cb-95c8-69e18a0db627,c87db9be-1fba-4102-a743-0ee4317dd5af,Bavarski dvor,89
379bc761-04b5-4227-be76-3b870fe3e69f,769b7bc7-4f95-4bb2-9c99-37ba8e8b4bd5,N/A,N/A,660
4ca7ae7e-380b-45e3-81de-00ffab5bb531,f14a6236-8af2-47bf-9270-432377662a63,f2b27cbd-5207-4281-8f67-6369d0c50a9b,Kodrova,25
91fb6c6e-49cf-49d3-97d4-6ae228f9bfa1,c297ac70-8f43-4fbc-a8a4-366ddb883a8d,fef200e9-4d98-425b-ab14-8110e2aa85d7,Drama,27
223f660b-c391-4120-bf3c-7bf06781686b,1b3ddeca-a066-43ee-9ae5-8339628129c2,295616c0-387b-4f60-a337-7743cd6be04e,Bavarski dvor,136
8eeea585-6168-45b8-a5d4-336e61826043,1b3ddeca-a066-43ee-9ae5-8339628129c2,c87db9be-1fba-4102-a743-0ee4317dd5af,Bavarski dvor,36
c0ff37c8-ac6c-4284-ad32-0ad29fd30dc2,277bc73c-e61d-4046-bcfd-31d6161c568e,c87db9be-1fba-4102-a743-0ee4317dd5af,Bavarski dvor,54
023d7b7a-b411-4e61-8746-b07f9e5c8f90,59ee5f7d-476b-4958-a922-2040a9308f3b,48b163cd-b819-4849-aee1-8b1da77657ab,Šentvid,329
023d7b7a-b411-4e61-8746-b07f9e5c8f90,7c149b59-2bc6-45cb-95c8-69e18a0db627,4ca7ae7e-380b-45e3-81de-00ffab5bb531,Yulon,5
e468b92f-fa4a-4819-bb11-37761deaf4ca,8512e1be-4637-483b-a3e6-78ccc6d2c5b1,98fa3880-5936-4ec8-ba04-39c7ff9a0e6a,Stara cerkev,53
e786b2df-34ed-4246-832e-7c3d538ac1f4,c0ff37c8-ac6c-4284-ad32-0ad29fd30dc2,f4cfd904-bd11-4247-95df-32c4555a930f,Klinični center,98
7310c006-62b8-4f94-bb9c-d5c26cb3faad,2ec182e2-769f-427f-b9b5-c4118890cb96,fef200e9-4d98-425b-ab14-8110e2aa85d7,Drama,144
592b37eb-8255-4758-ae8a-7cef98521013,38b3abed-0592-407b-96c3-85a026f2e192,c87db9be-1fba-4102-a743-0ee4317dd5af,Bavarski dvor,37
81f21fc1-3bd2-4d2a-b563-2d063479c68e,ecc4ae87-ae08-4b94-995c-452fdd94df7f,fef200e9-4d98-425b-ab14-8110e2aa85d7,Drama,65
ab987eb0-c970-4577-8db9-0cd507a6cab6,81f21fc1-3bd2-4d2a-b563-2d063479c68e,c87db9be-1fba-4102-a743-0ee4317dd5af,Bavarski dvor,67
ef31a8be-b01d-44cd-95cf-3db8e918af26,3edd6057-3847-4c42-b8ec-6e89ff95793a,ef31a8be-b01d-44cd-95cf-3db8e918af26,Emona,98
86a75ffc-a78f-401f-8991-2eb0371417b2,7fad8003-fb10-489d-bf8d-6d433310ad90,fef200e9-4d98-425b-ab14-8110e2aa85d7,Drama,165
7eb88e01-82e9-4af4-84d0-69c6ea9dc82c,77dcd833-fa4d-4c5a-93b1-31284942e61d,fef200e9-4d98-425b-ab14-8110e2aa85d7,Drama,583
0b4a072e-6c2d-4c71-ab80-2b7142df81de,8eeea585-6168-45b8-a5d4-336e61826043,6a89c110-a0f8-4b1a-87f0-33f49c0a658e,Šola Jarše,65
f14a6236-8af2-47bf-9270-432377662a63,48507e1a-32df-4552-9448-3b345760b75f,7fa32ea0-e884-435a-a81c-51bbd5cedf3e,Zaloška,170
59ee5f7d-476b-4958-a922-2040a9308f3b,86a75ffc-a78f-401f-8991-2eb0371417b2,c87db9be-1fba-4102-a743-0ee4317dd5af,Bavarski dvor,153
e9d9f622-7394-4c5c-9031-a41855a64aa7,c627c9f2-af02-4d83-969a-566719bb09e3,N/A,N/A,660
2388ce1f-c947-42d7-97f3-e01a7254c933,eb165f50-9c43-4b09-9658-469a16d3dc83,N/A,N/A,660
454817d3-3750-49c7-994c-14d06fd2c634,c627c9f2-af02-4d83-969a-566719bb09e3,295616c0-387b-4f60-a337-7743cd6be04e,Bavarski dvor,46
5cc8a08d-c0af-491f-9a9c-b8b4f5f23bc0,c627c9f2-af02-4d83-969a-566719bb09e3,484b5c91-1220-43ba-af79-84e712fcc46b,Slovenija avto,113
52e5adea-e194-4fc1-809c-1d6421f8f8db,d4c51b31-46fd-4da8-ba15-8068e666d483,a0b1fb90-3f6a-4231-910a-18be192ac762,Flajšmanova,22
12304b99-9a07-485a-a101-eaca90495d48,fef200e9-4d98-425b-ab14-8110e2aa85d7,c87db9be-1fba-4102-a743-0ee4317dd5af,Bavarski dvor,135
8589e5d1-21b4-4210-ad7a-4bf91f9a715d,e468b92f-fa4a-4819-bb11-37761deaf4ca,295616c0-387b-4f60-a337-7743cd6be04e,Bavarski dvor,34
1b0f629f-acdb-4e94-8c54-018f4334ebf7,9b0074d2-2c92-4c01-830b-00be8e05b412,295616c0-387b-4f60-a337-7743cd6be04e,Bavarski dvor,11
1dc99fbb-5496-4aab-a4b6-32e653ccc789,8589e5d1-21b4-4210-ad7a-4bf91f9a715d,N/A,N/A,660
1eadcdb9-60cd-47c9-8eec-527c3465a685,5cc8a08d-c0af-491f-9a9c-b8b4f5f23bc0,c87db9be-1fba-4102-a743-0ee4317dd5af,Bavarski dvor,210
0dc86a8f-0f41-44c7-978c-e06cb63cbbcf,6a89c110-a0f8-4b1a-87f0-33f49c0a658e,295616c0-387b-4f60-a337-7743cd6be04e,Bavarski dvor,24
a0b1fb90-3f6a-4231-910a-18be192ac762,48507e1a-32df-4552-9448-3b345760b75f,fef200e9-4d98-425b-ab14-8110e2aa85d7,Drama,151
9b0074d2-2c92-4c01-830b-00be8e05b412,c5ec5e81-2ce4-452d-bd7a-595de4f8b34f,b59656a4-b6e7-4b87-977c-078c59088a50,Hajdrihova,522
c22879e5-8e90-4540-9a74-5f139208e492,12304b99-9a07-485a-a101-eaca90495d48,a0b1fb90-3f6a-4231-910a-18be192ac762,Flajšmanova,36
cdabf1ea-b04c-480a-8359-72c46e6864ab,9b0074d2-2c92-4c01-830b-00be8e05b412,7fa32ea0-e884-435a-a81c-51bbd5cedf3e,Zaloška,116
e786b2df-34ed-4246-832e-7c3d538ac1f4,6a89c110-a0f8-4b1a-87f0-33f49c0a658e,717dda7e-d793-4697-8f60-b64ee8b1edc4,Gosposvetska,116
aa42017d-812a-4175-bc9b-0fec03b18931,abc9fd26-5442-468b-93b6-4d5eb76d0f1f,484b5c91-1220-43ba-af79-84e712fcc46b,Slovenija avto,16
5cc8a08d-c0af-491f-9a9c-b8b4f5f23bc0,223f660b-c391-4120-bf3c-7bf06781686b,c87db9be-1fba-4102-a743-0ee4317dd5af,Bavarski dvor,231
80c65758-5f25-4003-8d55-10ff96fe8310,6bd46cb7-9e5d-453a-878a-bcc38fb2a5f2,023d7b7a-b411-4e61-8746-b07f9e5c8f90,Ambrožev trg,269
5d7f28a6-2a2a-4333-aa06-48edfb652f86,0b4a072e-6c2d-4c71-ab80-2b7142df81de,294c40c4-18e4-4d92-a947-911a8623de89,Veliki štradon,109
ef31a8be-b01d-44cd-95cf-3db8e918af26,2f874852-bc80-4ff3-b6bf-a914e31251c8,c87db9be-1fba-4102-a743-0ee4317dd5af,Bavarski dvor,154
769b7bc7-4f95-4bb2-9c99-37ba8e8b4bd5,91fb6c6e-49cf-49d3-97d4-6ae228f9bfa1,5d7f28a6-2a2a-4333-aa06-48edfb652f86,Pošta,239
6bd46cb7-9e5d-453a-878a-bcc38fb2a5f2,dfde6478-02b5-471b-a470-29cb0e84542f,c87db9be-1fba-4102-a743-0ee4317dd5af,Bavarski dvor,383
8c7fa045-888b-46d0-8189-6f82623bf481,d98335a0-1291-4d4c-be62-16b11c356575,fef200e9-4d98-425b-ab14-8110e2aa85d7,Drama,194
e468b92f-fa4a-4819-bb11-37761deaf4ca,58db973d-ecbb-4aa6-a56c-c26aaff7f263,7fa32ea0-e884-435a-a81c-51bbd5cedf3e,Zaloška,14
4e8ccfa1-b58c-4ee1-ad82-2e8a645071f3,484b5c91-1220-43ba-af79-84e712fcc46b,c5ec5e81-2ce4-452d-bd7a-595de4f8b34f,Prušnikova,17
6559d555-672b-4633-8a81-0ae68fb963eb,271db19a-744b-41a0-869d-0c3e0e2cb6bf,fef200e9-4d98-425b-ab14-8110e2aa85d7,Drama,462
3c6ebf90-c611-4535-b2b0-22fba3f7649a,e0bcd677-6012-4c90-a884-44dffafdffec,223f660b-c391-4120-bf3c-7bf06781686b,Tovorni kolodvor,16
81f21fc1-3bd2-4d2a-b563-2d063479c68e,ab987eb0-c970-4577-8db9-0cd507a6cab6,21764d19-62cc-49fd-bac9-403aeac6a6b9,Ježica,101
f2b27cbd-5207-4281-8f67-6369d0c50a9b,9b0074d2-2c92-4c01-830b-00be8e05b412,dfde6478-02b5-471b-a470-29cb0e84542f,Slovenija avto,85
a2f479c6-4c21-4923-b4ac-86f752507cee,0b4a072e-6c2d-4c71-ab80-2b7142df81de,N/A,N/A,660
294c40c4-18e4-4d92-a947-911a8623de89,379bc761-04b5-4227-be76-3b870fe3e69f,c87db9be-1fba-4102-a743-0ee4317dd5af,Bavarski dvor,60
4d216485-ef41-45e7-9182-0c254644955c,47637057-8d6a-4cf9-bd56-3ac90748fcc4,38b3abed-0592-407b-96c3-85a026f2e192,Dalmatinova,220
abc9fd26-5442-468b-93b6-4d5eb76d0f1f,9a14b0ec-f13a-46f0-8c4f-07d8b99241e2,N/A,N/A,660
c87db9be-1fba-4102-a743-0ee4317dd5af,4038e02e-f22f-4af0-ba4f-7aab855b53af,295616c0-387b-4f60-a337-7743cd6be04e,Bavarski dvor,92
e9d9f622-7394-4c5c-9031-a41855a64aa7,7c149b59-2bc6-45cb-95c8-69e18a0db627,f33b721f-a8a3-4aad-96f2-077da09ebaa6,Razstavišče,160
9a1c4c65-df77-481f-87ad-56143f02a864,f2b27cbd-5207-4281-8f67-6369d0c50a9b,a719a87c-4e93-4387-a6d1-2631a487f7e0,Ajdovščina,5
0dc86a8f-0f41-44c7-978c-e06cb63cbbcf,6a89c110-a0f8-4b1a-87f0-33f49c0a658e,fef200e9-4d98-425b-ab14-8110e2aa85d7,Drama,209
271db19a-744b-41a0-869d-0c3e0e2cb6bf,12304b99-9a07-485a-a101-eaca90495d48,2f18bcfa-6189-4de4-b06f-132d3392e7d6,Besnica,2
9a1c4c65-df77-481f-87ad-56143f02a864,58db973d-ecbb-4aa6-a56c-c26aaff7f263,295616c0-387b-4f60-a337-7743cd6be04e,Bavarski dvor,112
7bcbdcaa-00b9-47d4-8982-09da26cd7bcb,0be237aa-4b91-4d2b-ac23-0cebac975a0d,c87db9be-1fba-4102-a743-0ee4317dd5af,Bavarski dvor,13
8eeea585-6168-45b8-a5d4-336e61826043,1035c6f7-304e-4329-a3b2-4eb5d985a577,c87db9be-1fba-4102-a743-0ee4317dd5af,Bavarski dvor,177
a719a87c-4e93-4387-a6d1-2631a487f7e0,454817d3-3750-49c7-994c-14d06fd2c634,f4cfd904-bd11-4247-95df-32c4555a930f,Klinični center,278
7fad8003-fb10-489d-bf8d-6d433310ad90,7c149b59-2bc6-45cb-95c8-69e18a0db627,c87db9be-1fba-4102-a743-0ee4317dd5af,Bavarski dvor,41
6559d555-672b-4633-8a81-0ae68fb963eb,6182f8e8-c45e-4606-b4a4-d909bd44d2cc,a719a87c-4e93-4387-a6d1-2631a487f7e0,Ajdovščina,54
c5ec5e81-2ce4-452d-bd7a-595de4f8b34f,9a14b0ec-f13a-46f0-8c4f-07d8b99241e2,a719a87c-4e93-4387-a6d1-2631a487f7e0,Ajdovščina,173
ecc4ae87-ae08-4b94-995c-452fdd94df7f,4038e02e-f22f-4af0-ba4f-7aab855b53af,cdabf1ea-b04c-480a-8359-72c46e6864ab,Bežigrad,179
fb0042f8-d9e2-4916-b60a-38a026acf0c9,fb7704f0-d31e-4561-83e4-621a8c62654b,fef200e9-4d98-425b-ab14-8110e2aa85d7,Drama,148
dfde6478-02b5-471b-a470-29cb0e84542f,52e5adea-e194-4fc1-809c-1d6421f8f8db,c87db9be-1fba-4102-a743-0ee4317dd5af,Bavarski dvor,71
f4cfd904-bd11-4247-95df-32c4555a930f,9746f277-af08-4cce-92fa-41da5eca8ac2,c87db9be-1fba-4102-a743-0ee4317dd5af,Bavarski dvor,7
fb0042f8-d9e2-4916-b60a-38a026acf0c9,48b163cd-b819-4849-aee1-8b1da77657ab,295616c0-387b-4f60-a337-7743cd6be04e,Bavarski dvor,82
5de84f88-3f32-4636-8c30-03cc267ecf37,7bcbdcaa-00b9-47d4-8982-09da26cd7bcb,5d7f28a6-2a2a-4333-aa06-48edfb652f86,Pošta,443
1505c6fe-6080-424e-98d1-24c312cfacf3,a0e0a21b-b8ce-4d76-bbc2-04e179367fee,7fa32ea0-e884-435a-a81c-51bbd5cedf3e,Zaloška,359
7fad8003-fb10-489d-bf8d-6d433310ad90,769b7bc7-4f95-4bb2-9c99-37ba8e8b4bd5,fef200e9-4d98-425b-ab14-8110e2aa85d7,Drama,101
8eeea585-6168-45b8-a5d4-336e61826043,6182f8e8-c45e-4606-b4a4-d909bd44d2cc,eb165f50-9c43-4b09-9658-469a16d3dc83,Kodeljevo,195
38b3abed-0592-407b-96c3-85a026f2e192,6559d555-672b-4633-8a81-0ae68fb963eb,a719a87c-4e93-4387-a6d1-2631a487f7e0,Ajdovščina,468
3edd6057-3847-4c42-b8ec-6e89ff95793a,eb165f50-9c43-4b09-9658-469a16d3dc83,5d7f28a6-2a2a-4333-aa06-48edfb652f86,Pošta,64
9cfac7e2-9653-4e52-a6d3-27756d27f817,2f18bcfa-6189-4de4-b06f-132d3392e7d6,717dda7e-d793-4697-8f60-b64ee8b1edc4,Gosposvetska,55
91fb6c6e-49cf-49d3-97d4-6ae228f9bfa1,f4cfd904-bd11-4247-95df-32c4555a930f,ef31a8be-b01d-44cd-95cf-3db8e918af26,Emona,4
7eb88e01-82e9-4af4-84d0-69c6ea9dc82c,7310c006-62b8-4f94-bb9c-d5c26cb3faad,N/A,N/A,660
4038e02e-f22f-4af0-ba4f-7aab855b53af,c87db9be-1fba-4102-a743-0ee4317dd5af,484b5c91-1220-43ba-af79-84e712fcc46b,Slovenija avto,306
277bc73c-e61d-4046-bcfd-31d6161c568e,a0e0a21b-b8ce-4d76-bbc2-04e179367fee,fef200e9-4d98-425b-ab14-8110e2aa85d7,Drama,45
1035c6f7-304e-4329-a3b2-4eb5d985a577,5de84f88-3f32-4636-8c30-03cc267ecf37,8c7fa045-888b-46d0-8189-6f82623bf481,Poljanska,15
eb165f50-9c43-4b09-9658-469a16d3dc83,ef31a8be-b01d-44cd-95cf-3db8e918af26,N/A,N/A,660
98fa3880-5936-4ec8-ba04-39c7ff9a0e6a,0dc86a8f-0f41-44c7-978c-e06cb63cbbcf,f4cfd904-bd11-4247-95df-32c4555a930f,Klinični center,78
47a3bd8a-72ae-4e20-b43f-10bfaf49012c,c87db9be-1fba-4102-a743-0ee4317dd5af,717dda7e-d793-4697-8f60-b64ee8b1edc4,Gosposvetska,248
b59656a4-b6e7-4b87-977c-078c59088a50,1505c6fe-6080-424e-98d1-24c312cfacf3,fef200e9-4d98-425b-ab14-8110e2aa85d7,Drama,137
c5ec5e81-2ce4-452d-bd7a-595de4f8b34f,9a1c4c65-df77-481f-87ad-56143f02a864,223f660b-c391-4120-bf3c-7bf06781686b,Tovorni kolodvor,32
717dda7e-d793-4697-8f60-b64ee8b1edc4,6a89c110-a0f8-4b1a-87f0-33f49c0a658e,295616c0-387b-4f60-a337-7743cd6be04e,Bavarski dvor,42
e6f5183b-c615-4f47-b4fb-204ee070e825,a0e0a21b-b8ce-4d76-bbc2-04e179367fee,dfde6478-02b5-471b-a470-29cb0e84542f,Slovenija avto,153
aa42017d-812a-4175-bc9b-0fec03b18931,59ee5f7d-476b-4958-a922-2040a9308f3b,N/A,N/A,660
277bc73c-e61d-4046-bcfd-31d6161c568e,a7094427-e180-4deb-acaf-5d4488326e9e,c87db9be-1fba-4102-a743-0ee4317dd5af,Bavarski dvor,162
7eb88e01-82e9-4af4-84d0-69c6ea9dc82c,86a75ffc-a78f-401f-8991-2eb0371417b2,fef200e9-4d98-425b-ab14-8110e2aa85d7,Drama,101
1eadcdb9-60cd-47c9-8eec-527c3465a685,47a3bd8a-72ae-4e20-b43f-10bfaf49012c,fef200e9-4d98-425b-ab14-8110e2aa85d7,Drama,29
12304b99-9a07-485a-a101-eaca90495d48,38b3abed-0592-407b-96c3-85a026f2e192,a719a87c-4e93-4387-a6d1-2631a487f7e0,Ajdovščina,46
2ec182e2-769f-427f-b9b5-c4118890cb96,6bd46cb7-9e5d-453a-878a-bcc38fb2a5f2,9746f277-af08-4cce-92fa-41da5eca8ac2,BERIČEVO,38
77dcd833-fa4d-4c5a-93b1-31284942e61d,717dda7e-d793-4697-8f60-b64ee8b1edc4,c87db9be-1fba-4102-a743-0ee4317dd5af,Bavarski dvor,148
9746f277-af08-4cce-92fa-41da5eca8ac2,3fbf6322-fb74-4a50-a81a-bfca73abc26b,f4cfd904-bd11-4247-95df-32c4555a930f,Klinični center,174
a0e0a21b-b8ce-4d76-bbc2-04e179367fee,fef200e9-4d98-425b-ab14-8110e2aa85d7,295616c0-387b-4f60-a337-7743cd6be04e,Bavarski dvor,95
c0ff37c8-ac6c-4284-ad32-0ad29fd30dc2,5de84f88-3f32-4636-8c30-03cc267ecf37,7310c006-62b8-4f94-bb9c-d5c26cb3faad,Polje,74
c22879e5-8e90-4540-9a74-5f139208e492,7fad8003-fb10-489d-bf8d-6d433310ad90,21764d19-62cc-49fd-bac9-403aeac6a6b9,Ježica,19
5de6ff80-1352-43df-b5ec-1df59f2f492b,a0b1fb90-3f6a-4231-910a-18be192ac762,717dda7e-d793-4697-8f60-b64ee8b1edc4,Gosposvetska,382
a719a87c-4e93-4387-a6d1-2631a487f7e0,c297ac70-8f43-4fbc-a8a4-366ddb883a8d,c87db9be-1fba-4102-a743-0ee4317dd5af,Bavarski dvor,89
3fbf6322-fb74-4a50-a81a-bfca73abc26b,023d7b7a-b411-4e61-8746-b07f9e5c8f90,295616c0-387b-4f60-a337-7743cd6be04e,Bavarski dvor,27
4ca7ae7e-380b-45e3-81de-00ffab5bb531,21764d19-62cc-49fd-bac9-403aeac6a6b9,295616c0-387b-4f60-a337-7743cd6be04e,Bavarski dvor,43
db13a26e-19d4-4b8a-a78a-01ef25d58834,6edebb46-d04f-45c4-99a4-100f7f0b2660,7fa32ea0-e884-435a-a81c-51bbd5cedf3e,Zaloška,54
093afa81-b65f-4182-bac3-afbc00558a9b,2f874852-bc80-4ff3-b6bf-a914e31251c8,295616c0-387b-4f60-a337-7743cd6be04e,Bavarski dvor,360
3fbf6322-fb74-4a50-a81a-bfca73abc26b,769b7bc7-4f95-4bb2-9c99-37ba8e8b4bd5,a719a87c-4e93-4387-a6d1-2631a487f7e0,Ajdovščina,21
4ca7ae7e-380b-45e3-81de-00ffab5bb531,8eeea585-6168-45b8-a5d4-336e61826043,fef200e9-4d98-425b-ab14-8110e2aa85d7,Drama,19
38b3abed-0592-407b-96c3-85a026f2e192,294c40c4-18e4-4d92-a947-911a8623de89,2ec182e2-769f-427f-b9b5-c4118890cb96,Stožice,405
59ee5f7d-476b-4958-a922-2040a9308f3b,769b7bc7-4f95-4bb2-9c99-37ba8e8b4bd5,8c7fa045-888b-46d0-8189-6f82623bf481,Poljanska,99
a0e0a21b-b8ce-4d76-bbc2-04e179367fee,271db19a-744b-41a0-869d-0c3e0e2cb6bf,N/A,N/A,660
5de6ff80-1352-43df-b5ec-1df59f2f492b,f15ddf31-fc11-41ba-988d-376c83e38f58,db13a26e-19d4-4b8a-a78a-01ef25d58834,Ježica,98
717c914e-f928-4671-95f6-26c1ddb95799,98fa3880-5936-4ec8-ba04-39c7ff9a0e6a,f33b721f-a8a3-4aad-96f2-077da09ebaa6,Razstavišče,392
2f874852-bc80-4ff3-b6bf-a914e31251c8,1b0f629f-acdb-4e94-8c54-018f4334ebf7,fef200e9-4d98-425b-ab14-8110e2aa85d7,Drama,70
e9d9f622-7394-4c5c-9031-a41855a64aa7,f2b27cbd-5207-4281-8f67-6369d0c50a9b,295616c0-387b-4f60-a337-7743cd6be04e,Bavarski dvor,248
609f0950-bb8c-4eaf-a931-8575b8aff1ac,c627c9f2-af02-4d83-969a-566719bb09e3,5d7f28a6-2a2a-4333-aa06-48edfb652f86,Pošta,20
0b4a072e-6c2d-4c71-ab80-2b7142df81de,6a89c110-a0f8-4b1a-87f0-33f49c0a658e,c87db9be-1fba-4102-a743-0ee4317dd5af,Bavarski dvor,257
8512e1be-4637-483b-a3e6-78ccc6d2c5b1,6182f8e8-c45e-4606-b4a4-d909bd44d2cc,fef200e9-4d98-425b-ab14-8110e2aa85d7,Drama,54
4d216485-ef41-45e7-9182-0c254644955c,abc9fd26-5442-468b-93b6-4d5eb76d0f1f,fef200e9-4d98-425b-ab14-8110e2aa85d7,Drama,280
3fbf6322-fb74-4a50-a81a-bfca73abc26b,d98335a0-1291-4d4c-be62-16b11c356575,7fa32ea0-e884-435a-a81c-51bbd5cedf3e,Zaloška,540
2f874852-bc80-4ff3-b6bf-a914e31251c8,2f874852-bc80-4ff3-b6bf-a914e31251c8,1b3ddeca-a066-43ee-9ae5-8339628129c2,Žale,1
e786b2df-34ed-4246-832e-7c3d538ac1f4,7fad8003-fb10-489d-bf8d-6d433310ad90,c87db9be-1fba-4102-a743-0ee4317dd5af,Bavarski dvor,25
96d4c75b-6452-4c70-a31e-c234262ba38b,271db19a-744b-41a0-869d-0c3e0e2cb6bf,093afa81-b65f-4182-bac3-afbc00558a9b,Koseze,134
1b3ddeca-a066-43ee-9ae5-8339628129c2,e468b92f-fa4a-4819-bb11-37761deaf4ca,c87db9be-1fba-4102-a743-0ee4317dd5af,Bavarski dvor,170
9bd3ee10-bc61-44e8-8cf3-a37cffd54da0,ecc4ae87-ae08-4b94-995c-452fdd94df7f,295616c0-387b-4f60-a337-7743cd6be04e,Bavarski dvor,75
a0b1fb90-3f6a-4231-910a-18be192ac762,48507e1a-32df-4552-9448-3b345760b75f,379bc761-04b5-4227-be76-3b870fe3e69f,Pot na Fužine,71
3c6ebf90-c611-4535-b2b0-22fba3f7649a,35aedf45-cca3-4f2f-931b-138d29d20fe9,7fad8003-fb10-489d-bf8d-6d433310ad90,Nove Jarše,159
f2b27cbd-5207-4281-8f67-6369d0c50a9b,8eeea585-6168-45b8-a5d4-336e61826043,f15ddf31-fc11-41ba-988d-376c83e38f58,Vodovodna,114
9cfac7e2-9653-4e52-a6d3-27756d27f817,7eb88e01-82e9-4af4-84d0-69c6ea9dc82c,295616c0-387b-4f60-a337-7743cd6be04e,Bavarski dvor,77
223f660b-c391-4120-bf3c-7bf06781686b,023d7b7a-b411-4e61-8746-b07f9e5c8f90,295616c0-387b-4f60-a337-7743cd6be04e,Bavarski dvor,20
1eadcdb9-60cd-47c9-8eec-527c3465a685,6c56976b-4ae1-429f-bcab-0cfc37e3580d,c87db9be-1fba-4102-a743-0ee4317dd5af,Bavarski dvor,135
223f660b-c391-4120-bf3c-7bf06781686b,91fb6c6e-49cf-49d3-97d4-6ae228f9bfa1,a719a87c-4e93-4387-a6d1-2631a487f7e0,Ajdovščina,514
59ee5f7d-476b-4958-a922-2040a9308f3b,c87db9be-1fba-4102-a743-0ee4317dd5af,c87db9be-1fba-4102-a743-0ee4317dd5af,Bavarski dvor,103
ab987eb0-c970-4577-8db9-0cd507a6cab6,7310c006-62b8-4f94-bb9c-d5c26cb3faad,6182f8e8-c45e-4606-b4a4-d909bd44d2cc,Gornji trg,5
ac3afe7d-a2b3-4d5d-9e6a-1d2412a3bc70,47637057-8d6a-4cf9-bd56-3ac90748fcc4,6a89c110-a0f8-4b1a-87f0-33f49c0a658e,Šola Jarše,329
fef200e9-4d98-425b-ab14-8110e2aa85d7,91fb6c6e-49cf-49d3-97d4-6ae228f9bfa1,48b163cd-b819-4849-aee1-8b1da77657ab,Šentvid,64
52e5adea-e194-4fc1-809c-1d6421f8f8db,271db19a-744b-41a0-869d-0c3e0e2cb6bf,a719a87c-4e93-4387-a6d1-2631a487f7e0,Ajdovščina,135
4ca7ae7e-380b-45e3-81de-00ffab5bb531,271db19a-744b-41a0-869d-0c3e0e2cb6bf,295616c0-387b-4f60-a337-7743cd6be04e,Bavarski dvor,159
5de6ff80-1352-43df-b5ec-1df59f2f492b,6a89c110-a0f8-4b1a-87f0-33f49c0a658e,c87db9be-1fba-4102-a743-0ee4317dd5af,Bavarski dvor,66
a0e0a21b-b8ce-4d76-bbc2-04e179367fee,2388ce1f-c947-42d7-97f3-e01a7254c933,N/A,N/A,660
277bc73c-e61d-4046-bcfd-31d6161c568e,e786b2df-34ed-4246-832e-7c3d538ac1f4,295616c0-387b-4f60-a337-7743cd6be04e,Bavarski dvor,291
d4c51b31-46fd-4da8-ba15-8068e666d483,88cdd36c-03d2-4374-a22f-110dd9f75ea0,484b5c91-1220-43ba-af79-84e712fcc46b,Slovenija avto,260
1505c6fe-6080-424e-98d1-24c312cfacf3,c87db9be-1fba-4102-a743-0ee4317dd5af,5d7f28a6-2a2a-4333-aa06-48edfb652f86,Pošta,3
1035c6f7-304e-4329-a3b2-4eb5d985a577,5de6ff80-1352-43df-b5ec-1df59f2f492b,295616c0-387b-4f60-a337-7743cd6be04e,Bavarski dvor,27
a0e0a21b-b8ce-4d76-bbc2-04e179367fee,25cde952-4896-4977-b229-75e09b3e3661,8c7fa045-888b-46d0-8189-6f82623bf481,Poljanska,64
f4cfd904-bd11-4247-95df-32c4555a930f,2388ce1f-c947-42d7-97f3-e01a7254c933,N/A,N/A,660
12304b99-9a07-485a-a101-eaca90495d48,277bc73c-e61d-4046-bcfd-31d6161c568e,717dda7e-d793-4697-8f60-b64ee8b1edc4,Gosposvetska,327
c0ff37c8-ac6c-4284-ad32-0ad29fd30dc2,cdabf1ea-b04c-480a-8359-72c46e6864ab,7fad8003-fb10-489d-bf8d-6d433310ad90,Nove Jarše,34
05643914-8ff7-4064-8737-2761d44a083f,379bc761-04b5-4227-be76-3b870fe3e69f,88cdd36c-03d2-4374-a22f-110dd9f75ea0,Kajuhova,190
6559d555-672b-4633-8a81-0ae68fb963eb,3c6ebf90-c611-4535-b2b0-22fba3f7649a,295616c0-387b-4f60-a337-7743cd6be04e,Bavarski dvor,171
223f660b-c391-4120-bf3c-7bf06781686b,7eb88e01-82e9-4af4-84d0-69c6ea9dc82c,717dda7e-d793-4697-8f60-b64ee8b1edc4,Gosposvetska,29
f33b721f-a8a3-4aad-96f2-077da09ebaa6,7fa32ea0-e884-435a-a81c-51bbd5cedf3e,48b163cd-b819-4849-aee1-8b1da77657ab,Šentvid,654
f14a6236-8af2-47bf-9270-432377662a63,fef200e9-4d98-425b-ab14-8110e2aa85d7,a0e0a21b-b8ce-4d76-bbc2-04e179367fee,Šola Jarše,66
294c40c4-18e4-4d92-a947-911a8623de89,a7094427-e180-4deb-acaf-5d4488326e9e,c87db9be-1fba-4102-a743-0ee4317dd5af,Bavarski dvor,45
2f874852-bc80-4ff3-b6bf-a914e31251c8,cdabf1ea-b04c-480a-8359-72c46e6864ab,a719a87c-4e93-4387-a6d1-2631a487f7e0,Ajdovščina,329
ef31a8be-b01d-44cd-95cf-3db8e918af26,9746f277-af08-4cce-92fa-41da5eca8ac2,a0b1fb90-3f6a-4231-910a-18be192ac762,Flajšmanova,307
277bc73c-e61d-4046-bcfd-31d6161c568e,6182f8e8-c45e-4606-b4a4-d909bd44d2cc,4038e02e-f22f-4af0-ba4f-7aab855b53af,Kneza Koclja,494
e9d9f622-7394-4c5c-9031-a41855a64aa7,0dc86a8f-0f41-44c7-978c-e06cb63cbbcf,717dda7e-d793-4697-8f60-b64ee8b1edc4,Gosposvetska,57
3c6ebf90-c611-4535-b2b0-22fba3f7649a,c22879e5-8e90-4540-9a74-5f139208e492,5d7f28a6-2a2a-4333-aa06-48edfb652f86,Pošta,101
6c56976b-4ae1-429f-bcab-0cfc37e3580d,4e8ccfa1-b58c-4ee1-ad82-2e8a645071f3,fef200e9-4d98-425b-ab14-8110e2aa85d7,Drama,115
5d7f28a6-2a2a-4333-aa06-48edfb652f86,35aedf45-cca3-4f2f-931b-138d29d20fe9,N/A,N/A,660
f14a6236-8af2-47bf-9270-432377662a63,1eadcdb9-60cd-47c9-8eec-527c3465a685,f15ddf31-fc11-41ba-988d-376c83e38f58,Vodovodna,12
59ee5f7d-476b-4958-a922-2040a9308f3b,294c40c4-18e4-4d92-a947-911a8623de89,5d7f28a6-2a2a-4333-aa06-48edfb652f86,Pošta,335
5de6ff80-1352-43df-b5ec-1df59f2f492b,093afa81-b65f-4182-bac3-afbc00558a9b,7fad8003-fb10-489d-bf8d-6d433310ad90,Nove Jarše,10
5de6ff80-1352-43df-b5ec-1df59f2f492b,8598b85d-3e1d-4767-b72f-0c209038841f,295616c0-387b-4f60-a337-7743cd6be04e,Bavarski dvor,116
aa42017d-812a-4175-bc9b-0fec03b18931,f4cfd904-bd11-4247-95df-32c4555a930f,4038e02e-f22f-4af0-ba4f-7aab855b53af,Kneza Koclja,125
1e157c31-d34d-4c2e-91b4-8c000c88f6dd,2f874852-bc80-4ff3-b6bf-a914e31251c8,c87db9be-1fba-4102-a743-0ee4317dd5af,Bavarski dvor,40
7bcbdcaa-00b9-47d4-8982-09da26cd7bcb,e9382efd-d64d-46b0-9a7d-a4e6a0188725,717dda7e-d793-4697-8f60-b64ee8b1edc4,Gosposvetska,182
e0bcd677-6012-4c90-a884-44dffafdffec,f4cfd904-bd11-4247-95df-32c4555a930f,7fa32ea0-e884-435a-a81c-51bbd5cedf3e,Zaloška,149
1505c6fe-6080-424e-98d1-24c312cfacf3,ecc4ae87-ae08-4b94-995c-452fdd94df7f,fef200e9-4d98-425b-ab14-8110e2aa85d7,Drama,2
4038e02e-f22f-4af0-ba4f-7aab855b53af,9e109242-5aad-4fb7-b0c8-576eef8aa4e0,fef200e9-4d98-425b-ab14-8110e2aa85d7,Drama,96
5de84f88-3f32-4636-8c30-03cc267ecf37,6a89c110-a0f8-4b1a-87f0-33f49c0a658e,a719a87c-4e93-4387-a6d1-2631a487f7e0,Ajdovščina,34
7c149b59-2bc6-45cb-95c8-69e18a0db627,e786b2df-34ed-4246-832e-7c3d538ac1f4,f14a6236-8af2-47bf-9270-432377662a63,Viadukt,196
7fad8003-fb10-489d-bf8d-6d433310ad90,093afa81-b65f-4182-bac3-afbc00558a9b,c22879e5-8e90-4540-9a74-5f139208e492,Friškovec,70
3fbf6322-fb74-4a50-a81a-bfca73abc26b,0b4a072e-6c2d-4c71-ab80-2b7142df81de,fef200e9-4d98-425b-ab14-8110e2aa85d7,Drama,69
c5ec5e81-2ce4-452d-bd7a-595de4f8b34f,f2b27cbd-5207-4281-8f67-6369d0c50a9b,454817d3-3750-49c7-994c-14d06fd2c634,Žale,70
fb0042f8-d9e2-4916-b60a-38a026acf0c9,c627c9f2-af02-4d83-969a-566719bb09e3,e6f5183b-c615-4f47-b4fb-204ee070e825,Bežigrad,196
277bc73c-e61d-4046-bcfd-31d6161c568e,80c65758-5f25-4003-8d55-10ff96fe8310,7fa32ea0-e884-435a-a81c-51bbd5cedf3e,Zaloška,155
0be237aa-4b91-4d2b-ac23-0cebac975a0d,8c7fa045-888b-46d0-8189-6f82623bf481,fef200e9-4d98-425b-ab14-8110e2aa85d7,Drama,234
58db973d-ecbb-4aa6-a56c-c26aaff7f263,d4c51b31-46fd-4da8-ba15-8068e666d483,7fa32ea0-e884-435a-a81c-51bbd5cedf3e,Zaloška,127
a2f479c6-4c21-4923-b4ac-86f752507cee,294c40c4-18e4-4d92-a947-911a8623de89,N/A,N/A,660
a719a87c-4e93-4387-a6d1-2631a487f7e0,4038e02e-f22f-4af0-ba4f-7aab855b53af,f33b721f-a8a3-4aad-96f2-077da09ebaa6,Razstavišče,297
9a1c4c65-df77-481f-87ad-56143f02a864,e9382efd-d64d-46b0-9a7d-a4e6a0188725,fef200e9-4d98-425b-ab14-8110e2aa85d7,Drama,218
e468b92f-fa4a-4819-bb11-37761deaf4ca,59ee5f7d-476b-4958-a922-2040a9308f3b,fef200e9-4d98-425b-ab14-8110e2aa85d7,Drama,68
c297ac70-8f43-4fbc-a8a4-366ddb883a8d,769b7bc7-4f95-4bb2-9c99-37ba8e8b4bd5,c87db9be-1fba-4102-a743-0ee4317dd5af,Bavarski dvor,385
8598b85d-3e1d-4767-b72f-0c209038841f,5cc8a08d-c0af-491f-9a9c-b8b4f5f23bc0,f33b721f-a8a3-4aad-96f2-077da09ebaa6,Razstavišče,222
3edd6057-3847-4c42-b8ec-6e89ff95793a,fb7704f0-d31e-4561-83e4-621a8c62654b,cdabf1ea-b04c-480a-8359-72c46e6864ab,Bežigrad,9
4d216485-ef41-45e7-9182-0c254644955c,2f18bcfa-6189-4de4-b06f-132d3392e7d6,5d7f28a6-2a2a-4333-aa06-48edfb652f86,Pošta,22
e468b92f-fa4a-4819-bb11-37761deaf4ca,277bc73c-e61d-4046-bcfd-31d6161c568e,7310c006-62b8-4f94-bb9c-d5c26cb3faad,Polje,5
ef31a8be-b01d-44cd-95cf-3db8e918af26,59ee5f7d-476b-4958-a922-2040a9308f3b,f14a6236-8af2-47bf-9270-432377662a63,Viadukt,48
d98335a0-1291-4d4c-be62-16b11c356575,c297ac70-8f43-4fbc-a8a4-366ddb883a8d,a719a87c-4e93-4387-a6d1-2631a487f7e0,Ajdovščina,157
1eadcdb9-60cd-47c9-8eec-527c3465a685,c627c9f2-af02-4d83-969a-566719bb09e3,fef200e9-4d98-425b-ab14-8110e2aa85d7,Drama,14
77dcd833-fa4d-4c5a-93b1-31284942e61d,c627c9f2-af02-4d83-969a-566719bb09e3,484b5c91-1220-43ba-af79-84e712fcc46b,Slovenija avto,4
ef31a8be-b01d-44cd-95cf-3db8e918af26,f15ddf31-fc11-41ba-988d-376c83e38f58,295616c0-387b-4f60-a337-7743cd6be04e,Bavarski dvor,250
2f874852-bc80-4ff3-b6bf-a914e31251c8,8eeea585-6168-45b8-a5d4-336e61826043,295616c0-387b-4f60-a337-7743cd6be04e,Bavarski dvor,380
4ca7ae7e-380b-45e3-81de-00ffab5bb531,a7094427-e180-4deb-acaf-5d4488326e9e,a0e0a21b-b8ce-4d76-bbc2-04e179367fee,Šola Jarše,4
dfde6478-02b5-471b-a470-29cb0e84542f,294c40c4-18e4-4d92-a947-911a8623de89,5d7f28a6-2a2a-4333-aa06-48edfb652f86,Pošta,70
023d7b7a-b411-4e61-8746-b07f9e5c8f90,5de84f88-3f32-4636-8c30-03cc267ecf37,223f660b-c391-4120-bf3c-7bf06781686b,Tovorni kolodvor,176
a2ce7e6f-0f99-443a-a973-81a0b9c60261,7484317c-269f-425f-8118-23eedab4e5f1,a0b1fb90-3f6a-4231-910a-18be192ac762,Flajšmanova,158
4ca7ae7e-380b-45e3-81de-00ffab5bb531,6c56976b-4ae1-429f-bcab-0cfc37e3580d,a719a87c-4e93-4387-a6d1-2631a487f7e0,Ajdovščina,56
aa42017d-812a-4175-bc9b-0fec03b18931,379bc761-04b5-4227-be76-3b870fe3e69f,9a1c4c65-df77-481f-87ad-56143f02a864,Vižmarje,168
454817d3-3750-49c7-994c-14d06fd2c634,dfde6478-02b5-471b-a470-29cb0e84542f,a719a87c-4e93-4387-a6d1-2631a487f7e0,Ajdovščina,5
58db973d-ecbb-4aa6-a56c-c26aaff7f263,e9d9f622-7394-4c5c-9031-a41855a64aa7,fef200e9-4d98-425b-ab14-8110e2aa85d7,Drama,7
9a1c4c65-df77-481f-87ad-56143f02a864,0dc86a8f-0f41-44c7-978c-e06cb63cbbcf,295616c0-387b-4f60-a337-7743cd6be04e,Bavarski dvor,140
6559d555-672b-4633-8a81-0ae68fb963eb,c627c9f2-af02-4d83-969a-566719bb09e3,98fa3880-5936-4ec8-ba04-39c7ff9a0e6a,Stara cerkev,99
81f21fc1-3bd2-4d2a-b563-2d063479c68e,ac3afe7d-a2b3-4d5d-9e6a-1d2412a3bc70,a2ce7e6f-0f99-443a-a973-81a0b9c60261,Astra,100
484b5c91-1220-43ba-af79-84e712fcc46b,e6f5183b-c615-4f47-b4fb-204ee070e825,295616c0-387b-4f60-a337-7743cd6be04e,Bavarski dvor,499
8598b85d-3e1d-4767-b72f-0c209038841f,88cdd36c-03d2-4374-a22f-110dd9f75ea0,c87db9be-1fba-4102-a743-0ee4317dd5af,Bavarski dvor,646
7eb88e01-82e9-4af4-84d0-69c6ea9dc82c,2f18bcfa-6189-4de4-b06f-132d3392e7d6,295616c0-387b-4f60-a337-7743cd6be04e,Bavarski dvor,265
2f18bcfa-6189-4de4-b06f-132d3392e7d6,0be237aa-4b91-4d2b-ac23-0cebac975a0d,a719a87c-4e93-4387-a6d1-2631a487f7e0,Ajdovščina,83
6a89c110-a0f8-4b1a-87f0-33f49c0a658e,58db973d-ecbb-4aa6-a56c-c26aaff7f263,a719a87c-4e93-4387-a6d1-2631a487f7e0,Ajdovščina,78
769b7bc7-4f95-4bb2-9c99-37ba8e8b4bd5,9cfac7e2-9653-4e52-a6d3-27756d27f817,fef200e9-4d98-425b-ab14-8110e2aa85d7,Drama,33
f15ddf31-fc11-41ba-988d-376c83e38f58,98b60d07-8054-441a-be44-be7aa24f4253,f33b721f-a8a3-4aad-96f2-077da09ebaa6,Razstavišče,196
c627c9f2-af02-4d83-969a-566719bb09e3,86a75ffc-a78f-401f-8991-2eb0371417b2,a0b1fb90-3f6a-4231-910a-18be192ac762,Flajšmanova,135
0be237aa-4b91-4d2b-ac23-0cebac975a0d,4038e02e-f22f-4af0-ba4f-7aab855b53af,c87db9be-1fba-4102-a743-0ee4317dd5af,Bavarski dvor,43
88cdd36c-03d2-4374-a22f-110dd9f75ea0,c627c9f2-af02-4d83-969a-566719bb09e3,7fad8003-fb10-489d-bf8d-6d433310ad90,Nove Jarše,33
e9d9f622-7394-4c5c-9031-a41855a64aa7,1ce1c3a8-e0f6-4f90-b1aa-1448759d8b3c,a719a87c-4e93-4387-a6d1-2631a487f7e0,Ajdovščina,127
6182f8e8-c45e-4606-b4a4-d909bd44d2cc,f33b721f-a8a3-4aad-96f2-077da09ebaa6,f4cfd904-bd11-4247-95df-32c4555a930f,Klinični center,274
a0e0a21b-b8ce-4d76-bbc2-04e179367fee,86a75ffc-a78f-401f-8991-2eb0371417b2,1ce1c3a8-e0f6-4f90-b1aa-1448759d8b3c,Astra,421
98b60d07-8054-441a-be44-be7aa24f4253,48b163cd-b819-4849-aee1-8b1da77657ab,c87db9be-1fba-4102-a743-0ee4317dd5af,Bavarski dvor,93
8c7fa045-888b-46d0-8189-6f82623bf481,52e5adea-e194-4fc1-809c-1d6421f8f8db,fef200e9-4d98-425b-ab14-8110e2aa85d7,Drama,132
abc9fd26-5442-468b-93b6-4d5eb76d0f1f,e6f5183b-c615-4f47-b4fb-204ee070e825,7fad8003-fb10-489d-bf8d-6d433310ad90,Nove Jarše,295
35aedf45-cca3-4f2f-931b-138d29d20fe9,1eadcdb9-60cd-47c9-8eec-527c3465a685,717dda7e-d793-4697-8f60-b64ee8b1edc4,Gosposvetska,108
96d4c75b-6452-4c70-a31e-c234262ba38b,2f18bcfa-6189-4de4-b06f-132d3392e7d6,c87db9be-1fba-4102-a743-0ee4317dd5af,Bavarski dvor,9
48b163cd-b819-4849-aee1-8b1da77657ab,609f0950-bb8c-4eaf-a931-8575b8aff1ac,c87db9be-1fba-4102-a743-0ee4317dd5af,Bavarski dvor,107
9bd3ee10-bc61-44e8-8cf3-a37cffd54da0,f4cfd904-bd11-4247-95df-32c4555a930f,a0e0a21b-b8ce-4d76-bbc2-04e179367fee,Šola Jarše,322
a7177a3d-8db2-43fb-8910-f95857f0ed97,59ee5f7d-476b-4958-a922-2040a9308f3b,N/A,N/A,660
bc66f88b-1412-44cb-b921-030d27335261,21764d19-62cc-49fd-bac9-403aeac6a6b9,8598b85d-3e1d-4767-b72f-0c209038841f,Štepanja vas,21
a2ce7e6f-0f99-443a-a973-81a0b9c60261,3c6ebf90-c611-4535-b2b0-22fba3f7649a,a719a87c-4e93-4387-a6d1-2631a487f7e0,Ajdovščina,283
a2f479c6-4c21-4923-b4ac-86f752507cee,e9d9f622-7394-4c5c-9031-a41855a64aa7,N/A,N/A,660
f14a6236-8af2-47bf-9270-432377662a63,8598b85d-3e1d-4767-b72f-0c209038841f,a719a87c-4e93-4387-a6d1-2631a487f7e0,Ajdovščina,471
717c914e-f928-4671-95f6-26c1ddb95799,e9382efd-d64d-46b0-9a7d-a4e6a0188725,c87db9be-1fba-4102-a743-0ee4317dd5af,Bavarski dvor,123
48507e1a-32df-4552-9448-3b345760b75f,fb0042f8-d9e2-4916-b60a-38a026acf0c9,023d7b7a-b411-4e61-8746-b07f9e5c8f90,Ambrožev trg,193
f15ddf31-fc11-41ba-988d-376c83e38f58,98fa3880-5936-4ec8-ba04-39c7ff9a0e6a,a0e0a21b-b8ce-4d76-bbc2-04e179367fee,Šola Jarše,228
592b37eb-8255-4758-ae8a-7cef98521013,96d4c75b-6452-4c70-a31e-c234262ba38b,f33b721f-a8a3-4aad-96f2-077da09ebaa6,Razstavišče,8
6459bd02-d8f8-413e-9402-10b916f09a4f,9746f277-af08-4cce-92fa-41da5eca8ac2,295616c0-387b-4f60-a337-7743cd6be04e,Bavarski dvor,312
3edd6057-3847-4c42-b8ec-6e89ff95793a,8eeea585-6168-45b8-a5d4-336e61826043,c87db9be-1fba-4102-a743-0ee4317dd5af,Bavarski dvor,150
2ec182e2-769f-427f-b9b5-c4118890cb96,271db19a-744b-41a0-869d-0c3e0e2cb6bf,a0e0a21b-b8ce-4d76-bbc2-04e179367fee,Šola Jarše,27
7310c006-62b8-4f94-bb9c-d5c26cb3faad,91fb6c6e-49cf-49d3-97d4-6ae228f9bfa1,a719a87c-4e93-4387-a6d1-2631a487f7e0,Ajdovščina,159
2388ce1f-c947-42d7-97f3-e01a7254c933,7310c006-62b8-4f94-bb9c-d5c26cb3faad,N/A,N/A,660
0dc86a8f-0f41-44c7-978c-e06cb63cbbcf,379bc761-04b5-4227-be76-3b870fe3e69f,a0e0a21b-b8ce-4d76-bbc2-04e179367fee,Šola Jarše,39
7fa32ea0-e884-435a-a81c-51bbd5cedf3e,fef200e9-4d98-425b-ab14-8110e2aa85d7,a719a87c-4e93-4387-a6d1-2631a487f7e0,Ajdovščina,233
6559d555-672b-4633-8a81-0ae68fb963eb,47a3bd8a-72ae-4e20-b43f-10bfaf49012c,c87db9be-1fba-4102-a743-0ee4317dd5af,Bavarski dvor,456
f14a6236-8af2-47bf-9270-432377662a63,a2ce7e6f-0f99-443a-a973-81a0b9c60261,c87db9be-1fba-4102-a743-0ee4317dd5af,Bavarski dvor,2
9a1c4c65-df77-481f-87ad-56143f02a864,717c914e-f928-4671-95f6-26c1ddb95799,5d7f28a6-2a2a-4333-aa06-48edfb652f86,Pošta,197
3fbf6322-fb74-4a50-a81a-bfca73abc26b,35aedf45-cca3-4f2f-931b-138d29d20fe9,48b163cd-b819-4849-aee1-8b1da77657ab,Šentvid,2
9e109242-5aad-4fb7-b0c8-576eef8aa4e0,9cfac7e2-9653-4e52-a6d3-27756d27f817,5d7f28a6-2a2a-4333-aa06-48edfb652f86,Pošta,203
023d7b7a-b411-4e61-8746-b07f9e5c8f90,86a75ffc-a78f-401f-8991-2eb0371417b2,c87db9be-1fba-4102-a743-0ee4317dd5af,Bavarski dvor,334
294c40c4-18e4-4d92-a947-911a8623de89,c0ff37c8-ac6c-4284-ad32-0ad29fd30dc2,fef200e9-4d98-425b-ab14-8110e2aa85d7,Drama,194
2ec182e2-769f-427f-b9b5-c4118890cb96,8589e5d1-21b4-4210-ad7a-4bf91f9a715d,fef200e9-4d98-425b-ab14-8110e2aa85d7,Drama,87
b59656a4-b6e7-4b87-977c-078c59088a50,91fb6c6e-49cf-49d3-97d4-6ae228f9bfa1,c87db9be-1fba-4102-a743-0ee4317dd5af,Bavarski dvor,101
4ca7ae7e-380b-45e3-81de-00ffab5bb531,8589e5d1-21b4-4210-ad7a-4bf91f9a715d,cdabf1ea-b04c-480a-8359-72c46e6864ab,Bežigrad,169
05643914-8ff7-4064-8737-2761d44a083f,48b163cd-b819-4849-aee1-8b1da77657ab,c87db9be-1fba-4102-a743-0ee4317dd5af,Bavarski dvor,294
1eadcdb9-60cd-47c9-8eec-527c3465a685,9a14b0ec-f13a-46f0-8c4f-07d8b99241e2,9e109242-5aad-4fb7-b0c8-576eef8aa4e0,VEVČE,2
0be237aa-4b91-4d2b-ac23-0cebac975a0d,6559d555-672b-4633-8a81-0ae68fb963eb,5d7f28a6-2a2a-4333-aa06-48edfb652f86,Pošta,114
dfde6478-02b5-471b-a470-29cb0e84542f,fef200e9-4d98-425b-ab14-8110e2aa85d7,717dda7e-d793-4697-8f60-b64ee8b1edc4,Gosposvetska,192
e0bcd677-6012-4c90-a884-44dffafdffec,0b4a072e-6c2d-4c71-ab80-2b7142df81de,9a1c4c65-df77-481f-87ad-56143f02a864,Vižmarje,189
9bd3ee10-bc61-44e8-8cf3-a37cffd54da0,a2ce7e6f-0f99-443a-a973-81a0b9c60261,cdabf1ea-b04c-480a-8359-72c46e6864ab,Bežigrad,65
cdabf1ea-b04c-480a-8359-72c46e6864ab,8589e5d1-21b4-4210-ad7a-4bf91f9a715d,a719a87c-4e93-4387-a6d1-2631a487f7e0,Ajdovščina,92
6bd46cb7-9e5d-453a-878a-bcc38fb2a5f2,a7094427-e180-4deb-acaf-5d4488326e9e,a719a87c-4e93-4387-a6d1-2631a487f7e0,Ajdovščina,270
e786b2df-34ed-4246-832e-7c3d538ac1f4,3c6ebf90-c611-4535-b2b0-22fba3f7649a,f33b721f-a8a3-4aad-96f2-077da09ebaa6,Razstavišče,3
a0e0a21b-b8ce-4d76-bbc2-04e179367fee,a719a87c-4e93-4387-a6d1-2631a487f7e0,f33b721f-a8a3-4aad-96f2-077da09ebaa6,Razstavišče,312
80c65758-5f25-4003-8d55-10ff96fe8310,4ca7ae7e-380b-45e3-81de-00ffab5bb531,717dda7e-d793-4697-8f60-b64ee8b1edc4,Gosposvetska,404
2f874852-bc80-4ff3-b6bf-a914e31251c8,f2b27cbd-5207-4281-8f67-6369d0c50a9b,a719a87c-4e93-4387-a6d1-2631a487f7e0,Ajdovščina,221
80c65758-5f25-4003-8d55-10ff96fe8310,0dc86a8f-0f41-44c7-978c-e06cb63cbbcf,7bcbdcaa-00b9-47d4-8982-09da26cd7bcb,Zaloška,162
05643914-8ff7-4064-8737-2761d44a083f,f14a6236-8af2-47bf-9270-432377662a63,a719a87c-4e93-4387-a6d1-2631a487f7e0,Ajdovščina,11
91fb6c6e-49cf-49d3-97d4-6ae228f9bfa1,c0ff37c8-ac6c-4284-ad32-0ad29fd30dc2,c87db9be-1fba-4102-a743-0ee4317dd5af,Bavarski dvor,61
eb165f50-9c43-4b09-9658-469a16d3dc83,7eb88e01-82e9-4af4-84d0-69c6ea9dc82c,a719a87c-4e93-4387-a6d1-2631a487f7e0,Ajdovščina,16
1e157c31-d34d-4c2e-91b4-8c000c88f6dd,fb0042f8-d9e2-4916-b60a-38a026acf0c9,fef200e9-4d98-425b-ab14-8110e2aa85d7,Drama,171
dfde6478-02b5-471b-a470-29cb0e84542f,1ce1c3a8-e0f6-4f90-b1aa-1448759d8b3c,717dda7e-d793-4697-8f60-b64ee8b1edc4,Gosposvetska,100
8512e1be-4637-483b-a3e6-78ccc6d2c5b1,5cc8a08d-c0af-491f-9a9c-b8b4f5f23bc0,fef200e9-4d98-425b-ab14-8110e2aa85d7,Drama,57
023d7b7a-b411-4e61-8746-b07f9e5c8f90,1b3ddeca-a066-43ee-9ae5-8339628129c2,fef200e9-4d98-425b-ab14-8110e2aa85d7,Drama,135
ef31a8be-b01d-44cd-95cf-3db8e918af26,9e109242-5aad-4fb7-b0c8-576eef8aa4e0,88cdd36c-03d2-4374-a22f-110dd9f75ea0,Kajuhova,154
5cc8a08d-c0af-491f-9a9c-b8b4f5f23bc0,fef200e9-4d98-425b-ab14-8110e2aa85d7,023d7b7a-b411-4e61-8746-b07f9e5c8f90,Ambrožev trg,238
cee2862b-9b70-4880-8fa3-16c6d2efae1b,96d4c75b-6452-4c70-a31e-c234262ba38b,f14a6236-8af2-47bf-9270-432377662a63,Viadukt,32
a0e0a21b-b8ce-4d76-bbc2-04e179367fee,4038e02e-f22f-4af0-ba4f-7aab855b53af,c87db9be-1fba-4102-a743-0ee4317dd5af,Bavarski dvor,4
f2b27cbd-5207-4281-8f67-6369d0c50a9b,5de84f88-3f32-4636-8c30-03cc267ecf37,484b5c91-1220-43ba-af79-84e712fcc46b,Slovenija avto,100
5d7f28a6-2a2a-4333-aa06-48edfb652f86,a0e0a21b-b8ce-4d76-bbc2-04e179367fee,fef200e9-4d98-425b-ab14-8110e2aa85d7,Drama,184
96d4c75b-6452-4c70-a31e-c234262ba38b,e6f5183b-c615-4f47-b4fb-204ee070e825,5de84f88-3f32-4636-8c30-03cc267ecf37,Podvozna pot,197
a2f479c6-4c21-4923-b4ac-86f752507cee,d4c51b31-46fd-4da8-ba15-8068e666d483,N/A,N/A,660
e9d9f622-7394-4c5c-9031-a41855a64aa7,295616c0-387b-4f60-a337-7743cd6be04e,5d7f28a6-2a2a-4333-aa06-48edfb652f86,Pošta,13
bc66f88b-1412-44cb-b921-030d27335261,a2f479c6-4c21-4923-b4ac-86f752507cee,N/A,N/A,660
ab987eb0-c970-4577-8db9-0cd507a6cab6,717c914e-f928-4671-95f6-26c1ddb95799,454817d3-3750-49c7-994c-14d06fd2c634,Žale,265
cee2862b-9b70-4880-8fa3-16c6d2efae1b,3edd6057-3847-4c42-b8ec-6e89ff95793a,5d7f28a6-2a2a-4333-aa06-48edfb652f86,Pošta,87
1e157c31-d34d-4c2e-91b4-8c000c88f6dd,f2b27cbd-5207-4281-8f67-6369d0c50a9b,5d7f28a6-2a2a-4333-aa06-48edfb652f86,Pošta,22
f4cfd904-bd11-4247-95df-32c4555a930f,484b5c91-1220-43ba-af79-84e712fcc46b,f14a6236-8af2-47bf-9270-432377662a63,Viadukt,24
2ec182e2-769f-427f-b9b5-c4118890cb96,2f18bcfa-6189-4de4-b06f-132d3392e7d6,f2b27cbd-5207-4281-8f67-6369d0c50a9b,Kodrova,120
294c40c4-18e4-4d92-a947-911a8623de89,9bd3ee10-bc61-44e8-8cf3-a37cffd54da0,c87db9be-1fba-4102-a743-0ee4317dd5af,Bavarski dvor,188
769b7bc7-4f95-4bb2-9c99-37ba8e8b4bd5,923bd774-0651-4e0a-8624-3acfb7ecd5ff,fef200e9-4d98-425b-ab14-8110e2aa85d7,Drama,3
8c7fa045-888b-46d0-8189-6f82623bf481,e0bcd677-6012-4c90-a884-44dffafdffec,a719a87c-4e93-4387-a6d1-2631a487f7e0,Ajdovščina,74
47637057-8d6a-4cf9-bd56-3ac90748fcc4,4d216485-ef41-45e7-9182-0c254644955c,a719a87c-4e93-4387-a6d1-2631a487f7e0,Ajdovščina,159
48b163cd-b819-4849-aee1-8b1da77657ab,db13a26e-19d4-4b8a-a78a-01ef25d58834,fef200e9-4d98-425b-ab14-8110e2aa85d7,Drama,123
25cde952-4896-4977-b229-75e09b3e3661,a7177a3d-8db2-43fb-8910-f95857f0ed97,N/A,N/A,660
12304b99-9a07-485a-a101-eaca90495d48,f14a6236-8af2-47bf-9270-432377662a63,9cfac7e2-9653-4e52-a6d3-27756d27f817,Kino Šiška,41
6edebb46-d04f-45c4-99a4-100f7f0b2660,294c40c4-18e4-4d92-a947-911a8623de89,7bcbdcaa-00b9-47d4-8982-09da26cd7bcb,Zaloška,281
769b7bc7-4f95-4bb2-9c99-37ba8e8b4bd5,ef31a8be-b01d-44cd-95cf-3db8e918af26,fef200e9-4d98-425b-ab14-8110e2aa85d7,Drama,237
eb165f50-9c43-4b09-9658-469a16d3dc83,6182f8e8-c45e-4606-b4a4-d909bd44d2cc,c87db9be-1fba-4102-a743-0ee4317dd5af,Bavarski dvor,38
ac3afe7d-a2b3-4d5d-9e6a-1d2412a3bc70,271db19a-744b-41a0-869d-0c3e0e2cb6bf,717dda7e-d793-4697-8f60-b64ee8b1edc4,Gosposvetska,405
f14a6236-8af2-47bf-9270-432377662a63,1b0f629f-acdb-4e94-8c54-018f4334ebf7,c22879e5-8e90-4540-9a74-5f139208e492,Friškovec,166
5de84f88-3f32-4636-8c30-03cc267ecf37,fef200e9-4d98-425b-ab14-8110e2aa85d7,98fa3880-5936-4ec8-ba04-39c7ff9a0e6a,Stara cerkev,50
9bd3ee10-bc61-44e8-8cf3-a37cffd54da0,8512e1be-4637-483b-a3e6-78ccc6d2c5b1,c87db9be-1fba-4102-a743-0ee4317dd5af,Bavarski dvor,12
223f660b-c391-4120-bf3c-7bf06781686b,6459bd02-d8f8-413e-9402-10b916f09a4f,1ce1c3a8-e0f6-4f90-b1aa-1448759d8b3c,Astra,330
6edebb46-d04f-45c4-99a4-100f7f0b2660,91fb6c6e-49cf-49d3-97d4-6ae228f9bfa1,a719a87c-4e93-4387-a6d1-2631a487f7e0,Ajdovščina,26
81f21fc1-3bd2-4d2a-b563-2d063479c68e,91fb6c6e-49cf-49d3-97d4-6ae228f9bfa1,717dda7e-d793-4697-8f60-b64ee8b1edc4,Gosposvetska,199
a7177a3d-8db2-43fb-8910-f95857f0ed97,6559d555-672b-4633-8a81-0ae68fb963eb,N/A,N/A,660
f2b27cbd-5207-4281-8f67-6369d0c50a9b,f4cfd904-bd11-4247-95df-32c4555a930f,1b3ddeca-a066-43ee-9ae5-8339628129c2,Žale,74
6559d555-672b-4633-8a81-0ae68fb963eb,0b4a072e-6c2d-4c71-ab80-2b7142df81de,f33b721f-a8a3-4aad-96f2-077da09ebaa6,Razstavišče,228
eb165f50-9c43-4b09-9658-469a16d3dc83,98fa3880-5936-4ec8-ba04-39c7ff9a0e6a,c87db9be-1fba-4102-a743-0ee4317dd5af,Bavarski dvor,24
923bd774-0651-4e0a-8624-3acfb7ecd5ff,e0bcd677-6012-4c90-a884-44dffafdffec,295616c0-387b-4f60-a337-7743cd6be04e,Bavarski dvor,152
717c914e-f928-4671-95f6-26c1ddb95799,7fad8003-fb10-489d-bf8d-6d433310ad90,5d7f28a6-2a2a-4333-aa06-48edfb652f86,Pošta,516
a2ce7e6f-0f99-443a-a973-81a0b9c60261,86a75ffc-a78f-401f-8991-2eb0371417b2,5d7f28a6-2a2a-4333-aa06-48edfb652f86,Pošta,158
454817d3-3750-49c7-994c-14d06fd2c634,6bd46cb7-9e5d-453a-878a-bcc38fb2a5f2,023d7b7a-b411-4e61-8746-b07f9e5c8f90,Ambrožev trg,187
98b60d07-8054-441a-be44-be7aa24f4253,923bd774-0651-4e0a-8624-3acfb7ecd5ff,295616c0-387b-4f60-a337-7743cd6be04e,Bavarski dvor,86
5de6ff80-1352-43df-b5ec-1df59f2f492b,1ce1c3a8-e0f6-4f90-b1aa-1448759d8b3c,8c7fa045-888b-46d0-8189-6f82623bf481,Poljanska,14
58db973d-ecbb-4aa6-a56c-c26aaff7f263,eb165f50-9c43-4b09-9658-469a16d3dc83,81f21fc1-3bd2-4d2a-b563-2d063479c68e,Štepanja vas,17
80c65758-5f25-4003-8d55-10ff96fe8310,88cdd36c-03d2-4374-a22f-110dd9f75ea0,f4cfd904-bd11-4247-95df-32c4555a930f,Klinični center,606
c22879e5-8e90-4540-9a74-5f139208e492,38b3abed-0592-407b-96c3-85a026f2e192,5d7f28a6-2a2a-4333-aa06-48edfb652f86,Pošta,194
cee2862b-9b70-4880-8fa3-16c6d2efae1b,5d7f28a6-2a2a-4333-aa06-48edfb652f86,fef200e9-4d98-425b-ab14-8110e2aa85d7,Drama,165
7c149b59-2bc6-45cb-95c8-69e18a0db627,a7094427-e180-4deb-acaf-5d4488326e9e,f2b27cbd-5207-4281-8f67-6369d0c50a9b,Kodrova,78
e9d9f622-7394-4c5c-9031-a41855a64aa7,e786b2df-34ed-4246-832e-7c3d538ac1f4,c22879e5-8e90-4540-9a74-5f139208e492,Friškovec,61
98fa3880-5936-4ec8-ba04-39c7ff9a0e6a,c0ff37c8-ac6c-4284-ad32-0ad29fd30dc2,c87db9be-1fba-4102-a743-0ee4317dd5af,Bavarski dvor,198
1e157c31-d34d-4c2e-91b4-8c000c88f6dd,223f660b-c391-4120-bf3c-7bf06781686b,a0e0a21b-b8ce-4d76-bbc2-04e179367fee,Šola Jarše,41
bc66f88b-1412-44cb-b921-030d27335261,3c6ebf90-c611-4535-b2b0-22fba3f7649a,6182f8e8-c45e-4606-b4a4-d909bd44d2cc,Gornji trg,38
f4cfd904-bd11-4247-95df-32c4555a930f,1b0f629f-acdb-4e94-8c54-018f4334ebf7,a719a87c-4e93-4387-a6d1-2631a487f7e0,Ajdovščina,168
294c40c4-18e4-4d92-a947-911a8623de89,38b3abed-0592-407b-96c3-85a026f2e192,609f0950-bb8c-4eaf-a931-8575b8aff1ac,Savske stolpnice,118
3fbf6322-fb74-4a50-a81a-bfca73abc26b,023d7b7a-b411-4e61-8746-b07f9e5c8f90,fef200e9-4d98-425b-ab14-8110e2aa85d7,Drama,11
58db973d-ecbb-4aa6-a56c-c26aaff7f263,cdabf1ea-b04c-480a-8359-72c46e6864ab,9cfac7e2-9653-4e52-a6d3-27756d27f817,Kino Šiška,95
7bcbdcaa-00b9-47d4-8982-09da26cd7bcb,6459bd02-d8f8-413e-9402-10b916f09a4f,c87db9be-1fba-4102-a743-0ee4317dd5af,Bavarski dvor,248
1ce1c3a8-e0f6-4f90-b1aa-1448759d8b3c,12304b99-9a07-485a-a101-eaca90495d48,fef200e9-4d98-425b-ab14-8110e2aa85d7,Drama,223
f15ddf31-fc11-41ba-988d-376c83e38f58,923bd774-0651-4e0a-8624-3acfb7ecd5ff,a719a87c-4e93-4387-a6d1-2631a487f7e0,Ajdovščina,240
6a89c110-a0f8-4b1a-87f0-33f49c0a658e,8598b85d-3e1d-4767-b72f-0c209038841f,N/A,N/A,660
9a14b0ec-f13a-46f0-8c4f-07d8b99241e2,abc9fd26-5442-468b-93b6-4d5eb76d0f1f,717dda7e-d793-4697-8f60-b64ee8b1edc4,Gosposvetska,309
9b0074d2-2c92-4c01-830b-00be8e05b412,7fad8003-fb10-489d-bf8d-6d433310ad90,f33b721f-a8a3-4aad-96f2-077da09ebaa6,Razstavišče,161
db13a26e-19d4-4b8a-a78a-01ef25d58834,9e109242-5aad-4fb7-b0c8-576eef8aa4e0,a719a87c-4e93-4387-a6d1-2631a487f7e0,Ajdovščina,360
98b60d07-8054-441a-be44-be7aa24f4253,98fa3880-5936-4ec8-ba04-39c7ff9a0e6a,a2ce7e6f-0f99-443a-a973-81a0b9c60261,Astra,152
6559d555-672b-4633-8a81-0ae68fb963eb,fb0042f8-d9e2-4916-b60a-38a026acf0c9,c87db9be-1fba-4102-a743-0ee4317dd5af,Bavarski dvor,35
9b0074d2-2c92-4c01-830b-00be8e05b412,d4c51b31-46fd-4da8-ba15-8068e666d483,7fa32ea0-e884-435a-a81c-51bbd5cedf3e,Zaloška,7
cdabf1ea-b04c-480a-8359-72c46e6864ab,9e109242-5aad-4fb7-b0c8-576eef8aa4e0,484b5c91-1220-43ba-af79-84e712fcc46b,Slovenija avto,86
aa42017d-812a-4175-bc9b-0fec03b18931,05643914-8ff7-4064-8737-2761d44a083f,N/A,N/A,660
db13a26e-19d4-4b8a-a78a-01ef25d58834,c5ec5e81-2ce4-452d-bd7a-595de4f8b34f,a719a87c-4e93-4387-a6d1-2631a487f7e0,Ajdovščina,98
592b37eb-8255-4758-ae8a-7cef98521013,4ca7ae7e-380b-45e3-81de-00ffab5bb531,fef200e9-4d98-425b-ab14-8110e2aa85d7,Drama,298
8512e1be-4637-483b-a3e6-78ccc6d2c5b1,2ec182e2-769f-427f-b9b5-c4118890cb96,f33b721f-a8a3-4aad-96f2-077da09ebaa6,Razstavišče,340
98fa3880-5936-4ec8-ba04-39c7ff9a0e6a,9bd3ee10-bc61-44e8-8cf3-a37cffd54da0,484b5c91-1220-43ba-af79-84e712fcc46b,Slovenija avto,146
ac3afe7d-a2b3-4d5d-9e6a-1d2412a3bc70,8512e1be-4637-483b-a3e6-78ccc6d2c5b1,aa42017d-812a-4175-bc9b-0fec03b18931,Ambrožev trg,60
fb0042f8-d9e2-4916-b60a-38a026acf0c9,8c7fa045-888b-46d0-8189-6f82623bf481,a719a87c-4e93-4387-a6d1-2631a487f7e0,Ajdovščina,341
fb0042f8-d9e2-4916-b60a-38a026acf0c9,1505c6fe-6080-424e-98d1-24c312cfacf3,f4cfd904-bd11-4247-95df-32c4555a930f,Klinični center,60
4d216485-ef41-45e7-9182-0c254644955c,5de84f88-3f32-4636-8c30-03cc267ecf37,717dda7e-d793-4697-8f60-b64ee8b1edc4,Gosposvetska,203
1e157c31-d34d-4c2e-91b4-8c000c88f6dd,7bcbdcaa-00b9-47d4-8982-09da26cd7bcb,f33b721f-a8a3-4aad-96f2-077da09ebaa6,Razstavišče,293
e9d9f622-7394-4c5c-9031-a41855a64aa7,5d7f28a6-2a2a-4333-aa06-48edfb652f86,609f0950-bb8c-4eaf-a931-8575b8aff1ac,Savske stolpnice,41
25cde952-4896-4977-b229-75e09b3e3661,223f660b-c391-4120-bf3c-7bf06781686b,48b163cd-b819-4849-aee1-8b1da77657ab,Šentvid,43
a719a87c-4e93-4387-a6d1-2631a487f7e0,592b37eb-8255-4758-ae8a-7cef98521013,a719a87c-4e93-4387-a6d1-2631a487f7e0,Ajdovščina,231
aa42017d-812a-4175-bc9b-0fec03b18931,7eb88e01-82e9-4af4-84d0-69c6ea9dc82c,c87db9be-1fba-4102-a743-0ee4317dd5af,Bavarski dvor,19
1eadcdb9-60cd-47c9-8eec-527c3465a685,ac3afe7d-a2b3-4d5d-9e6a-1d2412a3bc70,fef200e9-4d98-425b-ab14-8110e2aa85d7,Drama,584
223f660b-c391-4120-bf3c-7bf06781686b,5de84f88-3f32-4636-8c30-03cc267ecf37,fef200e9-4d98-425b-ab14-8110e2aa85d7,Drama,345
38b3abed-0592-407b-96c3-85a026f2e192,96d4c75b-6452-4c70-a31e-c234262ba38b,c87db9be-1fba-4102-a743-0ee4317dd5af,Bavarski dvor,92
48b163cd-b819-4849-aee1-8b1da77657ab,4e8ccfa1-b58c-4ee1-ad82-2e8a645071f3,295616c0-387b-4f60-a337-7743cd6be04e,Bavarski dvor,64
e786b2df-34ed-4246-832e-7c3d538ac1f4,9cfac7e2-9653-4e52-a6d3-27756d27f817,N/A,N/A,660
a719a87c-4e93-4387-a6d1-2631a487f7e0,9a1c4c65-df77-481f-87ad-56143f02a864,295616c0-387b-4f60-a337-7743cd6be04e,Bavarski dvor,6
db13a26e-19d4-4b8a-a78a-01ef25d58834,0dc86a8f-0f41-44c7-978c-e06cb63cbbcf,a719a87c-4e93-4387-a6d1-2631a487f7e0,Ajdovščina,345
5cc8a08d-c0af-491f-9a9c-b8b4f5f23bc0,3c6ebf90-c611-4535-b2b0-22fba3f7649a,295616c0-387b-4f60-a337-7743cd6be04e,Bavarski dvor,230
c87db9be-1fba-4102-a743-0ee4317dd5af,8c7fa045-888b-46d0-8189-6f82623bf481,f33b721f-a8a3-4aad-96f2-077da09ebaa6,Razstavišče,84
5de84f88-3f32-4636-8c30-03cc267ecf37,35aedf45-cca3-4f2f-931b-138d29d20fe9,a719a87c-4e93-4387-a6d1-2631a487f7e0,Ajdovščina,212
7bcbdcaa-00b9-47d4-8982-09da26cd7bcb,3edd6057-3847-4c42-b8ec-6e89ff95793a,N/A,N/A,660
38b3abed-0592-407b-96c3-85a026f2e192,5d7f28a6-2a2a-4333-aa06-48edfb652f86,717dda7e-d793-4697-8f60-b64ee8b1edc4,Gosposvetska,63
6459bd02-d8f8-413e-9402-10b916f09a4f,4d216485-ef41-45e7-9182-0c254644955c,609f0950-bb8c-4eaf-a931-8575b8aff1ac,Savske stolpnice,119
aa42017d-812a-4175-bc9b-0fec03b18931,6559d555-672b-4633-8a81-0ae68fb963eb,9a1c4c65-df77-481f-87ad-56143f02a864,Vižmarje,51
9a1c4c65-df77-481f-87ad-56143f02a864,ac3afe7d-a2b3-4d5d-9e6a-1d2412a3bc70,6559d555-672b-4633-8a81-0ae68fb963eb,ZD POLJE,75
05643914-8ff7-4064-8737-2761d44a083f,1e157c31-d34d-4c2e-91b4-8c000c88f6dd,295616c0-387b-4f60-a337-7743cd6be04e,Bavarski dvor,216
454817d3-3750-49c7-994c-14d06fd2c634,1b0f629f-acdb-4e94-8c54-018f4334ebf7,fef200e9-4d98-425b-ab14-8110e2aa85d7,Drama,52
277bc73c-e61d-4046-bcfd-31d6161c568e,1b3ddeca-a066-43ee-9ae5-8339628129c2,f2b27cbd-5207-4281-8f67-6369d0c50a9b,Kodrova,267
9a14b0ec-f13a-46f0-8c4f-07d8b99241e2,ecc4ae87-ae08-4b94-995c-452fdd94df7f,484b5c91-1220-43ba-af79-84e712fcc46b,Slovenija avto,107
8512e1be-4637-483b-a3e6-78ccc6d2c5b1,96d4c75b-6452-4c70-a31e-c234262ba38b,fef200e9-4d98-425b-ab14-8110e2aa85d7,Drama,130
6a89c110-a0f8-4b1a-87f0-33f49c0a658e,7bcbdcaa-00b9-47d4-8982-09da26cd7bcb,717dda7e-d793-4697-8f60-b64ee8b1edc4,Gosposvetska,97
ab987eb0-c970-4577-8db9-0cd507a6cab6,f2b27cbd-5207-4281-8f67-6369d0c50a9b,N/A,N/A,660
6edebb46-d04f-45c4-99a4-100f7f0b2660,4ca7ae7e-380b-45e3-81de-00ffab5bb531,f4cfd904-bd11-4247-95df-32c4555a930f,Klinični center,305
e9382efd-d64d-46b0-9a7d-a4e6a0188725,5d7f28a6-2a2a-4333-aa06-48edfb652f86,484b5c91-1220-43ba-af79-84e712fcc46b,Slovenija avto,324
9a1c4c65-df77-481f-87ad-56143f02a864,c87db9be-1fba-4102-a743-0ee4317dd5af,c87db9be-1fba-4102-a743-0ee4317dd5af,Bavarski dvor,87
9a1c4c65-df77-481f-87ad-56143f02a864,59ee5f7d-476b-4958-a922-2040a9308f3b,f4cfd904-bd11-4247-95df-32c4555a930f,Klinični center,208
88cdd36c-03d2-4374-a22f-110dd9f75ea0,bc66f88b-1412-44cb-b921-030d27335261,c87db9be-1fba-4102-a743-0ee4317dd5af,Bavarski dvor,47
e9382efd-d64d-46b0-9a7d-a4e6a0188725,4d216485-ef41-45e7-9182-0c254644955c,c87db9be-1fba-4102-a743-0ee4317dd5af,Bavarski dvor,67
7c149b59-2bc6-45cb-95c8-69e18a0db627,a2ce7e6f-0f99-443a-a973-81a0b9c60261,98fa3880-5936-4ec8-ba04-39c7ff9a0e6a,Stara cerkev,163
db13a26e-19d4-4b8a-a78a-01ef25d58834,25cde952-4896-4977-b229-75e09b3e3661,fef200e9-4d98-425b-ab14-8110e2aa85d7,Drama,48
b59656a4-b6e7-4b87-977c-078c59088a50,c87db9be-1fba-4102-a743-0ee4317dd5af,5d7f28a6-2a2a-4333-aa06-48edfb652f86,Pošta,175
484b5c91-1220-43ba-af79-84e712fcc46b,277bc73c-e61d-4046-bcfd-31d6161c568e,a719a87c-4e93-4387-a6d1-2631a487f7e0,Ajdovščina,75
7bcbdcaa-00b9-47d4-8982-09da26cd7bcb,ac3afe7d-a2b3-4d5d-9e6a-1d2412a3bc70,N/A,N/A,660
25cde952-4896-4977-b229-75e09b3e3661,609f0950-bb8c-4eaf-a931-8575b8aff1ac,fef200e9-4d98-425b-ab14-8110e2aa85d7,Drama,17
7c149b59-2bc6-45cb-95c8-69e18a0db627,1b0f629f-acdb-4e94-8c54-018f4334ebf7,717dda7e-d793-4697-8f60-b64ee8b1edc4,Gosposvetska,163
8eeea585-6168-45b8-a5d4-336e61826043,6bd46cb7-9e5d-453a-878a-bcc38fb2a5f2,f4cfd904-bd11-4247-95df-32c4555a930f,Klinični center,101
48507e1a-32df-4552-9448-3b345760b75f,8589e5d1-21b4-4210-ad7a-4bf91f9a715d,fef200e9-4d98-425b-ab14-8110e2aa85d7,Drama,13
7eb88e01-82e9-4af4-84d0-69c6ea9dc82c,6182f8e8-c45e-4606-b4a4-d909bd44d2cc,98fa3880-5936-4ec8-ba04-39c7ff9a0e6a,Stara cerkev,392
9a14b0ec-f13a-46f0-8c4f-07d8b99241e2,47637057-8d6a-4cf9-bd56-3ac90748fcc4,a719a87c-4e93-4387-a6d1-2631a487f7e0,Ajdovščina,299
abc9fd26-5442-468b-93b6-4d5eb76d0f1f,52e5adea-e194-4fc1-809c-1d6421f8f8db,21764d19-62cc-49fd-bac9-403aeac6a6b9,Ježica,438
fef200e9-4d98-425b-ab14-8110e2aa85d7,9746f277-af08-4cce-92fa-41da5eca8ac2,fef200e9-4d98-425b-ab14-8110e2aa85d7,Drama,13
c627c9f2-af02-4d83-969a-566719bb09e3,0b4a072e-6c2d-4c71-ab80-2b7142df81de,21764d19-62cc-49fd-bac9-403aeac6a6b9,Ježica,475
05643914-8ff7-4064-8737-2761d44a083f,4038e02e-f22f-4af0-ba4f-7aab855b53af,c87db9be-1fba-4102-a743-0ee4317dd5af,Bavarski dvor,95
7c149b59-2bc6-45cb-95c8-69e18a0db627,5cc8a08d-c0af-491f-9a9c-b8b4f5f23bc0,c87db9be-1fba-4102-a743-0ee4317dd5af,Bavarski dvor,428
2ec182e2-769f-427f-b9b5-c4118890cb96,86a75ffc-a78f-401f-8991-2eb0371417b2,a2ce7e6f-0f99-443a-a973-81a0b9c60261,Astra,49
cee2862b-9b70-4880-8fa3-16c6d2efae1b,ef31a8be-b01d-44cd-95cf-3db8e918af26,N/A,N/A,660
35aedf45-cca3-4f2f-931b-138d29d20fe9,aa42017d-812a-4175-bc9b-0fec03b18931,fef200e9-4d98-425b-ab14-8110e2aa85d7,Drama,263
a2ce7e6f-0f99-443a-a973-81a0b9c60261,923bd774-0651-4e0a-8624-3acfb7ecd5ff,c87db9be-1fba-4102-a743-0ee4317dd5af,Bavarski dvor,165
9746f277-af08-4cce-92fa-41da5eca8ac2,e9382efd-d64d-46b0-9a7d-a4e6a0188725,5de84f88-3f32-4636-8c30-03cc267ecf37,Podvozna pot,369
e0bcd677-6012-4c90-a884-44dffafdffec,8589e5d1-21b4-4210-ad7a-4bf91f9a715d,ecc4ae87-ae08-4b94-995c-452fdd94df7f,Privoz,112
fb7704f0-d31e-4561-83e4-621a8c62654b,a7094427-e180-4deb-acaf-5d4488326e9e,a719a87c-4e93-4387-a6d1-2631a487f7e0,Ajdovščina,123
592b37eb-8255-4758-ae8a-7cef98521013,717c914e-f928-4671-95f6-26c1ddb95799,717dda7e-d793-4697-8f60-b64ee8b1edc4,Gosposvetska,64
9746f277-af08-4cce-92fa-41da5eca8ac2,717dda7e-d793-4697-8f60-b64ee8b1edc4,f33b721f-a8a3-4aad-96f2-077da09ebaa6,Razstavišče,6
592b37eb-8255-4758-ae8a-7cef98521013,0dc86a8f-0f41-44c7-978c-e06cb63cbbcf,a719a87c-4e93-4387-a6d1-2631a487f7e0,Ajdovščina,7
0dc86a8f-0f41-44c7-978c-e06cb63cbbcf,277bc73c-e61d-4046-bcfd-31d6161c568e,fef200e9-4d98-425b-ab14-8110e2aa85d7,Drama,81
9a14b0ec-f13a-46f0-8c4f-07d8b99241e2,5cc8a08d-c0af-491f-9a9c-b8b4f5f23bc0,N/A,N/A,660
454817d3-3750-49c7-994c-14d06fd2c634,1dc99fbb-5496-4aab-a4b6-32e653ccc789,9cfac7e2-9653-4e52-a6d3-27756d27f817,Kino Šiška,142
6c56976b-4ae1-429f-bcab-0cfc37e3580d,b59656a4-b6e7-4b87-977c-078c59088a50,a2ce7e6f-0f99-443a-a973-81a0b9c60261,Astra,250
98fa3880-5936-4ec8-ba04-39c7ff9a0e6a,0b4a072e-6c2d-4c71-ab80-2b7142df81de,fef200e9-4d98-425b-ab14-8110e2aa85d7,Drama,189
3c6ebf90-c611-4535-b2b0-22fba3f7649a,2f874852-bc80-4ff3-b6bf-a914e31251c8,a719a87c-4e93-4387-a6d1-2631a487f7e0,Ajdovščina,81
ecc4ae87-ae08-4b94-995c-452fdd94df7f,38b3abed-0592-407b-96c3-85a026f2e192,a719a87c-4e93-4387-a6d1-2631a487f7e0,Ajdovščina,193
4e8ccfa1-b58c-4ee1-ad82-2e8a645071f3,98b60d07-8054-441a-be44-be7aa24f4253,4ca7ae7e-380b-45e3-81de-00ffab5bb531,Yulon,24
c0ff37c8-ac6c-4284-ad32-0ad29fd30dc2,6bd46cb7-9e5d-453a-878a-bcc38fb2a5f2,fef200e9-4d98-425b-ab14-8110e2aa85d7,Drama,390
4ca7ae7e-380b-45e3-81de-00ffab5bb531,9cfac7e2-9653-4e52-a6d3-27756d27f817,b59656a4-b6e7-4b87-977c-078c59088a50,Hajdrihova,72
f15ddf31-fc11-41ba-988d-376c83e38f58,7310c006-62b8-4f94-bb9c-d5c26cb3faad,484b5c91-1220-43ba-af79-84e712fcc46b,Slovenija avto,324
58db973d-ecbb-4aa6-a56c-c26aaff7f263,98fa3880-5936-4ec8-ba04-39c7ff9a0e6a,7484317c-269f-425f-8118-23eedab4e5f1,Tivoli,1
ef31a8be-b01d-44cd-95cf-3db8e918af26,bc66f88b-1412-44cb-b921-030d27335261,295616c0-387b-4f60-a337-7743cd6be04e,Bavarski dvor,225
b59656a4-b6e7-4b87-977c-078c59088a50,2f18bcfa-6189-4de4-b06f-132d3392e7d6,cdabf1ea-b04c-480a-8359-72c46e6864ab,Bežigrad,8
c297ac70-8f43-4fbc-a8a4-366ddb883a8d,769b7bc7-4f95-4bb2-9c99-37ba8e8b4bd5,a719a87c-4e93-4387-a6d1-2631a487f7e0,Ajdovščina,154
c5ec5e81-2ce4-452d-bd7a-595de4f8b34f,47a3bd8a-72ae-4e20-b43f-10bfaf49012c,9a1c4c65-df77-481f-87ad-56143f02a864,Vižmarje,19
4038e02e-f22f-4af0-ba4f-7aab855b53af,b59656a4-b6e7-4b87-977c-078c59088a50,fef200e9-4d98-425b-ab14-8110e2aa85d7,Drama,363
e6f5183b-c615-4f47-b4fb-204ee070e825,484b5c91-1220-43ba-af79-84e712fcc46b,aa42017d-812a-4175-bc9b-0fec03b18931,Ambrožev trg,129
12304b99-9a07-485a-a101-eaca90495d48,6c56976b-4ae1-429f-bcab-0cfc37e3580d,a719a87c-4e93-4387-a6d1-2631a487f7e0,Ajdovščina,379
023d7b7a-b411-4e61-8746-b07f9e5c8f90,2f18bcfa-6189-4de4-b06f-132d3392e7d6,a719a87c-4e93-4387-a6d1-2631a487f7e0,Ajdovščina,415
38b3abed-0592-407b-96c3-85a026f2e192,88cdd36c-03d2-4374-a22f-110dd9f75ea0,f33b721f-a8a3-4aad-96f2-077da09ebaa6,Razstavišče,16
b59656a4-b6e7-4b87-977c-078c59088a50,1dc99fbb-5496-4aab-a4b6-32e653ccc789,c87db9be-1fba-4102-a743-0ee4317dd5af,Bavarski dvor,280
98fa3880-5936-4ec8-ba04-39c7ff9a0e6a,a0e0a21b-b8ce-4d76-bbc2-04e179367fee,1ce1c3a8-e0f6-4f90-b1aa-1448759d8b3c,Astra,3
ac3afe7d-a2b3-4d5d-9e6a-1d2412a3bc70,769b7bc7-4f95-4bb2-9c99-37ba8e8b4bd5,7fa32ea0-e884-435a-a81c-51bbd5cedf3e,Zaloška,185
88cdd36c-03d2-4374-a22f-110dd9f75ea0,592b37eb-8255-4758-ae8a-7cef98521013,a719a87c-4e93-4387-a6d1-2631a487f7e0,Ajdovščina,29
e468b92f-fa4a-4819-bb11-37761deaf4ca,5de6ff80-1352-43df-b5ec-1df59f2f492b,fef200e9-4d98-425b-ab14-8110e2aa85d7,Drama,18
5de6ff80-1352-43df-b5ec-1df59f2f492b,a2f479c6-4c21-4923-b4ac-86f752507cee,N/A,N/A,660
fef200e9-4d98-425b-ab14-8110e2aa85d7,db13a26e-19d4-4b8a-a78a-01ef25d58834,717dda7e-d793-4697-8f60-b64ee8b1edc4,Gosposvetska,93
47a3bd8a-72ae-4e20-b43f-10bfaf49012c,093afa81-b65f-4182-bac3-afbc00558a9b,N/A,N/A,660
21764d19-62cc-49fd-bac9-403aeac6a6b9,d4c51b31-46fd-4da8-ba15-8068e666d483,484b5c91-1220-43ba-af79-84e712fcc46b,Slovenija avto,45
e786b2df-34ed-4246-832e-7c3d538ac1f4,38b3abed-0592-407b-96c3-85a026f2e192,f33b721f-a8a3-4aad-96f2-077da09ebaa6,Razstavišče,28
9a1c4c65-df77-481f-87ad-56143f02a864,a2ce7e6f-0f99-443a-a973-81a0b9c60261,98fa3880-5936-4ec8-ba04-39c7ff9a0e6a,Stara cerkev,59
1035c6f7-304e-4329-a3b2-4eb5d985a577,923bd774-0651-4e0a-8624-3acfb7ecd5ff,7fa32ea0-e884-435a-a81c-51bbd5cedf3e,Zaloška,262
277bc73c-e61d-4046-bcfd-31d6161c568e,fb7704f0-d31e-4561-83e4-621a8c62654b,9cfac7e2-9653-4e52-a6d3-27756d27f817,Kino Šiška,180
9746f277-af08-4cce-92fa-41da5eca8ac2,c5ec5e81-2ce4-452d-bd7a-595de4f8b34f,a2ce7e6f-0f99-443a-a973-81a0b9c60261,Astra,5
86a75ffc-a78f-401f-8991-2eb0371417b2,e6f5183b-c615-4f47-b4fb-204ee070e825,f33b721f-a8a3-4aad-96f2-077da09ebaa6,Razstavišče,195
f2b27cbd-5207-4281-8f67-6369d0c50a9b,717dda7e-d793-4697-8f60-b64ee8b1edc4,7bcbdcaa-00b9-47d4-8982-09da26cd7bcb,Zaloška,181
12304b99-9a07-485a-a101-eaca90495d48,a7177a3d-8db2-43fb-8910-f95857f0ed97,N/A,N/A,660
8c7fa045-888b-46d0-8189-6f82623bf481,1ce1c3a8-e0f6-4f90-b1aa-1448759d8b3c,fef200e9-4d98-425b-ab14-8110e2aa85d7,Drama,135
6edebb46-d04f-45c4-99a4-100f7f0b2660,a7094427-e180-4deb-acaf-5d4488326e9e,717dda7e-d793-4697-8f60-b64ee8b1edc4,Gosposvetska,37
77dcd833-fa4d-4c5a-93b1-31284942e61d,48b163cd-b819-4849-aee1-8b1da77657ab,f33b721f-a8a3-4aad-96f2-077da09ebaa6,Razstavišče,37
88cdd36c-03d2-4374-a22f-110dd9f75ea0,1dc99fbb-5496-4aab-a4b6-32e653ccc789,fef200e9-4d98-425b-ab14-8110e2aa85d7,Drama,168
277bc73c-e61d-4046-bcfd-31d6161c568e,5de6ff80-1352-43df-b5ec-1df59f2f492b,f33b721f-a8a3-4aad-96f2-077da09ebaa6,Razstavišče,397
7fad8003-fb10-489d-bf8d-6d433310ad90,98b60d07-8054-441a-be44-be7aa24f4253,f4cfd904-bd11-4247-95df-32c4555a930f,Klinični center,291
d4c51b31-46fd-4da8-ba15-8068e666d483,35aedf45-cca3-4f2f-931b-138d29d20fe9,a719a87c-4e93-4387-a6d1-2631a487f7e0,Ajdovščina,477
0dc86a8f-0f41-44c7-978c-e06cb63cbbcf,e468b92f-fa4a-4819-bb11-37761deaf4ca,21764d19-62cc-49fd-bac9-403aeac6a6b9,Ježica,322
454817d3-3750-49c7-994c-14d06fd2c634,a2f479c6-4c21-4923-b4ac-86f752507cee,N/A,N/A,660
59ee5f7d-476b-4958-a922-2040a9308f3b,609f0950-bb8c-4eaf-a931-8575b8aff1ac,fef200e9-4d98-425b-ab14-8110e2aa85d7,Drama,29
88cdd36c-03d2-4374-a22f-110dd9f75ea0,a2f479c6-4c21-4923-b4ac-86f752507cee,N/A,N/A,660
e6f5183b-c615-4f47-b4fb-204ee070e825,9e109242-5aad-4fb7-b0c8-576eef8aa4e0,c87db9be-1fba-4102-a743-0ee4317dd5af,Bavarski dvor,6
454817d3-3750-49c7-994c-14d06fd2c634,bc66f88b-1412-44cb-b921-030d27335261,98fa3880-5936-4ec8-ba04-39c7ff9a0e6a,Stara cerkev,50
ab987eb0-c970-4577-8db9-0cd507a6cab6,769b7bc7-4f95-4bb2-9c99-37ba8e8b4bd5,484b5c91-1220-43ba-af79-84e712fcc46b,Slovenija avto,74
91fb6c6e-49cf-49d3-97d4-6ae228f9bfa1,d98335a0-1291-4d4c-be62-16b11c356575,a0b1fb90-3f6a-4231-910a-18be192ac762,Flajšmanova,168
e0bcd677-6012-4c90-a884-44dffafdffec,6c56976b-4ae1-429f-bcab-0cfc37e3580d,fef200e9-4d98-425b-ab14-8110e2aa85d7,Drama,123
aa42017d-812a-4175-bc9b-0fec03b18931,9e109242-5aad-4fb7-b0c8-576eef8aa4e0,1b3ddeca-a066-43ee-9ae5-8339628129c2,Žale,133
aa42017d-812a-4175-bc9b-0fec03b18931,e0bcd677-6012-4c90-a884-44dffafdffec,a719a87c-4e93-4387-a6d1-2631a487f7e0,Ajdovščina,230
1505c6fe-6080-424e-98d1-24c312cfacf3,52e5adea-e194-4fc1-809c-1d6421f8f8db,c87db9be-1fba-4102-a743-0ee4317dd5af,Bavarski dvor,209
fb7704f0-d31e-4561-83e4-621a8c62654b,cdabf1ea-b04c-480a-8359-72c46e6864ab,f33b721f-a8a3-4aad-96f2-077da09ebaa6,Razstavišče,310
8598b85d-3e1d-4767-b72f-0c209038841f,e468b92f-fa4a-4819-bb11-37761deaf4ca,9a14b0ec-f13a-46f0-8c4f-07d8b99241e2,Cesta v Zavoglje,3
295616c0-387b-4f60-a337-7743cd6be04e,fb0042f8-d9e2-4916-b60a-38a026acf0c9,7fad8003-fb10-489d-bf8d-6d433310ad90,Nove Jarše,25
05643914-8ff7-4064-8737-2761d44a083f,88cdd36c-03d2-4374-a22f-110dd9f75ea0,c87db9be-1fba-4102-a743-0ee4317dd5af,Bavarski dvor,137
592b37eb-8255-4758-ae8a-7cef98521013,8eeea585-6168-45b8-a5d4-336e61826043,c87db9be-1fba-4102-a743-0ee4317dd5af,Bavarski dvor,284
c87db9be-1fba-4102-a743-0ee4317dd5af,271db19a-744b-41a0-869d-0c3e0e2cb6bf,5d7f28a6-2a2a-4333-aa06-48edfb652f86,Pošta,326
592b37eb-8255-4758-ae8a-7cef98521013,d98335a0-1291-4d4c-be62-16b11c356575,717dda7e-d793-4697-8f60-b64ee8b1edc4,Gosposvetska,178
9a14b0ec-f13a-46f0-8c4f-07d8b99241e2,6c56976b-4ae1-429f-bcab-0cfc37e3580d,8598b85d-3e1d-4767-b72f-0c209038841f,Štepanja vas,220
0dc86a8f-0f41-44c7-978c-e06cb63cbbcf,7c149b59-2bc6-45cb-95c8-69e18a0db627,454817d3-3750-49c7-994c-14d06fd2c634,Žale,340
4d216485-ef41-45e7-9182-0c254644955c,a2ce7e6f-0f99-443a-a973-81a0b9c60261,c87db9be-1fba-4102-a743-0ee4317dd5af,Bavarski dvor,29
2ec182e2-769f-427f-b9b5-c4118890cb96,2f874852-bc80-4ff3-b6bf-a914e31251c8,1b3ddeca-a066-43ee-9ae5-8339628129c2,Žale,23
592b37eb-8255-4758-ae8a-7cef98521013,6edebb46-d04f-45c4-99a4-100f7f0b2660,a0e0a21b-b8ce-4d76-bbc2-04e179367fee,Šola Jarše,230
05643914-8ff7-4064-8737-2761d44a083f,0dc86a8f-0f41-44c7-978c-e06cb63cbbcf,f4cfd904-bd11-4247-95df-32c4555a930f,Klinični center,56
05643914-8ff7-4064-8737-2761d44a083f,48507e1a-32df-4552-9448-3b345760b75f,c87db9be-1fba-4102-a743-0ee4317dd5af,Bavarski dvor,302
52e5adea-e194-4fc1-809c-1d6421f8f8db,9bd3ee10-bc61-44e8-8cf3-a37cffd54da0,a0e0a21b-b8ce-4d76-bbc2-04e179367fee,Šola Jarše,153
25cde952-4896-4977-b229-75e09b3e3661,1b0f629f-acdb-4e94-8c54-018f4334ebf7,484b5c91-1220-43ba-af79-84e712fcc46b,Slovenija avto,77
3edd6057-3847-4c42-b8ec-6e89ff95793a,e468b92f-fa4a-4819-bb11-37761deaf4ca,ef31a8be-b01d-44cd-95cf-3db8e918af26,Emona,446
f2b27cbd-5207-4281-8f67-6369d0c50a9b,7fad8003-fb10-489d-bf8d-6d433310ad90,7fa32ea0-e884-435a-a81c-51bbd5cedf3e,Zaloška,510
9cfac7e2-9653-4e52-a6d3-27756d27f817,2f18bcfa-6189-4de4-b06f-132d3392e7d6,ef31a8be-b01d-44cd-95cf-3db8e918af26,Emona,150
7fa32ea0-e884-435a-a81c-51bbd5cedf3e,a2f479c6-4c21-4923-b4ac-86f752507cee,N/A,N/A,660
db13a26e-19d4-4b8a-a78a-01ef25d58834,a7177a3d-8db2-43fb-8910-f95857f0ed97,N/A,N/A,660
2388ce1f-c947-42d7-97f3-e01a7254c933,f33b721f-a8a3-4aad-96f2-077da09ebaa6,N/A,N/A,660
3fbf6322-fb74-4a50-a81a-bfca73abc26b,2f18bcfa-6189-4de4-b06f-132d3392e7d6,7c149b59-2bc6-45cb-95c8-69e18a0db627,Rusjanov trg,137
f33b721f-a8a3-4aad-96f2-077da09ebaa6,35aedf45-cca3-4f2f-931b-138d29d20fe9,295616c0-387b-4f60-a337-7743cd6be04e,Bavarski dvor,45
98b60d07-8054-441a-be44-be7aa24f4253,7eb88e01-82e9-4af4-84d0-69c6ea9dc82c,5d7f28a6-2a2a-4333-aa06-48edfb652f86,Pošta,389
9746f277-af08-4cce-92fa-41da5eca8ac2,4038e02e-f22f-4af0-ba4f-7aab855b53af,5d7f28a6-2a2a-4333-aa06-48edfb652f86,Pošta,12
ecc4ae87-ae08-4b94-995c-452fdd94df7f,9a14b0ec-f13a-46f0-8c4f-07d8b99241e2,7310c006-62b8-4f94-bb9c-d5c26cb3faad,Polje,104
c5ec5e81-2ce4-452d-bd7a-595de4f8b34f,1e157c31-d34d-4c2e-91b4-8c000c88f6dd,48b163cd-b819-4849-aee1-8b1da77657ab,Šentvid,184
093afa81-b65f-4182-bac3-afbc00558a9b,9b0074d2-2c92-4c01-830b-00be8e05b412,295616c0-387b-4f60-a337-7743cd6be04e,Bavarski dvor,89
717c914e-f928-4671-95f6-26c1ddb95799,6459bd02-d8f8-413e-9402-10b916f09a4f,6a89c110-a0f8-4b1a-87f0-33f49c0a658e,Šola Jarše,474
88cdd36c-03d2-4374-a22f-110dd9f75ea0,98fa3880-5936-4ec8-ba04-39c7ff9a0e6a,fef200e9-4d98-425b-ab14-8110e2aa85d7,Drama,35
9b0074d2-2c92-4c01-830b-00be8e05b412,c297ac70-8f43-4fbc-a8a4-366ddb883a8d,fef200e9-4d98-425b-ab14-8110e2aa85d7,Drama,199
c0ff37c8-ac6c-4284-ad32-0ad29fd30dc2,48b163cd-b819-4849-aee1-8b1da77657ab,295616c0-387b-4f60-a337-7743cd6be04e,Bavarski dvor,231
e6f5183b-c615-4f47-b4fb-204ee070e825,294c40c4-18e4-4d92-a947-911a8623de89,fef200e9-4d98-425b-ab14-8110e2aa85d7,Drama,142
4ca7ae7e-380b-45e3-81de-00ffab5bb531,81f21fc1-3bd2-4d2a-b563-2d063479c68e,fef200e9-4d98-425b-ab14-8110e2aa85d7,Drama,61
bc66f88b-1412-44cb-b921-030d27335261,023d7b7a-b411-4e61-8746-b07f9e5c8f90,cdabf1ea-b04c-480a-8359-72c46e6864ab,Bežigrad,113
717c914e-f928-4671-95f6-26c1ddb95799,88cdd36c-03d2-4374-a22f-110dd9f75ea0,c5ec5e81-2ce4-452d-bd7a-595de4f8b34f,Prušnikova,93
5de6ff80-1352-43df-b5ec-1df59f2f492b,db13a26e-19d4-4b8a-a78a-01ef25d58834,c87db9be-1fba-4102-a743-0ee4317dd5af,Bavarski dvor,164
8eeea585-6168-45b8-a5d4-336e61826043,a7177a3d-8db2-43fb-8910-f95857f0ed97,N/A,N/A,660
2ec182e2-769f-427f-b9b5-c4118890cb96,295616c0-387b-4f60-a337-7743cd6be04e,98fa3880-5936-4ec8-ba04-39c7ff9a0e6a,Stara cerkev,50
454817d3-3750-49c7-994c-14d06fd2c634,eb165f50-9c43-4b09-9658-469a16d3dc83,fef200e9-4d98-425b-ab14-8110e2aa85d7,Drama,367
271db19a-744b-41a0-869d-0c3e0e2cb6bf,6559d555-672b-4633-8a81-0ae68fb963eb,484b5c91-1220-43ba-af79-84e712fcc46b,Slovenija avto,197
c0ff37c8-ac6c-4284-ad32-0ad29fd30dc2,7fad8003-fb10-489d-bf8d-6d433310ad90,f33b721f-a8a3-4aad-96f2-077da09ebaa6,Razstavišče,73
1e157c31-d34d-4c2e-91b4-8c000c88f6dd,cee2862b-9b70-4880-8fa3-16c6d2efae1b,a719a87c-4e93-4387-a6d1-2631a487f7e0,Ajdovščina,318
2388ce1f-c947-42d7-97f3-e01a7254c933,3edd6057-3847-4c42-b8ec-6e89ff95793a,N/A,N/A,660
db13a26e-19d4-4b8a-a78a-01ef25d58834,7eb88e01-82e9-4af4-84d0-69c6ea9dc82c,f33b721f-a8a3-4aad-96f2-077da09ebaa6,Razstavišče,45
8eeea585-6168-45b8-a5d4-336e61826043,a2ce7e6f-0f99-443a-a973-81a0b9c60261,295616c0-387b-4f60-a337-7743cd6be04e,Bavarski dvor,199
98b60d07-8054-441a-be44-be7aa24f4253,47637057-8d6a-4cf9-bd56-3ac90748fcc4,295616c0-387b-4f60-a337-7743cd6be04e,Bavarski dvor,6
9e109242-5aad-4fb7-b0c8-576eef8aa4e0,98b60d07-8054-441a-be44-be7aa24f4253,a719a87c-4e93-4387-a6d1-2631a487f7e0,Ajdovščina,646
c5ec5e81-2ce4-452d-bd7a-595de4f8b34f,6edebb46-d04f-45c4-99a4-100f7f0b2660,c22879e5-8e90-4540-9a74-5f139208e492,Friškovec,477
e468b92f-fa4a-4819-bb11-37761deaf4ca,e9d9f622-7394-4c5c-9031-a41855a64aa7,a719a87c-4e93-4387-a6d1-2631a487f7e0,Ajdovščina,69
e9382efd-d64d-46b0-9a7d-a4e6a0188725,ef31a8be-b01d-44cd-95cf-3db8e918af26,fef200e9-4d98-425b-ab14-8110e2aa85d7,Drama,55
abc9fd26-5442-468b-93b6-4d5eb76d0f1f,6a89c110-a0f8-4b1a-87f0-33f49c0a658e,a719a87c-4e93-4387-a6d1-2631a487f7e0,Ajdovščina,199
277bc73c-e61d-4046-bcfd-31d6161c568e,5de84f88-3f32-4636-8c30-03cc267ecf37,c87db9be-1fba-4102-a743-0ee4317dd5af,Bavarski dvor,11
98fa3880-5936-4ec8-ba04-39c7ff9a0e6a,223f660b-c391-4120-bf3c-7bf06781686b,a719a87c-4e93-4387-a6d1-2631a487f7e0,Ajdovščina,22
277bc73c-e61d-4046-bcfd-31d6161c568e,fb7704f0-d31e-4561-83e4-621a8c62654b,c87db9be-1fba-4102-a743-0ee4317dd5af,Bavarski dvor,65
a0b1fb90-3f6a-4231-910a-18be192ac762,bc66f88b-1412-44cb-b921-030d27335261,a719a87c-4e93-4387-a6d1-2631a487f7e0,Ajdovščina,77
81f21fc1-3bd2-4d2a-b563-2d063479c68e,80c65758-5f25-4003-8d55-10ff96fe8310,5d7f28a6-2a2a-4333-aa06-48edfb652f86,Pošta,57
e786b2df-34ed-4246-832e-7c3d538ac1f4,1ce1c3a8-e0f6-4f90-b1aa-1448759d8b3c,295616c0-387b-4f60-a337-7743cd6be04e,Bavarski dvor,83
8eeea585-6168-45b8-a5d4-336e61826043,1b0f629f-acdb-4e94-8c54-018f4334ebf7,6182f8e8-c45e-4606-b4a4-d909bd44d2cc,Gornji trg,94
abc9fd26-5442-468b-93b6-4d5eb76d0f1f,023d7b7a-b411-4e61-8746-b07f9e5c8f90,N/A,N/A,660
6a89c110-a0f8-4b1a-87f0-33f49c0a658e,271db19a-744b-41a0-869d-0c3e0e2cb6bf,48507e1a-32df-4552-9448-3b345760b75f,Cesta na Vevče,6
9a14b0ec-f13a-46f0-8c4f-07d8b99241e2,023d7b7a-b411-4e61-8746-b07f9e5c8f90,5d7f28a6-2a2a-4333-aa06-48edfb652f86,Pošta,196
77dcd833-fa4d-4c5a-93b1-31284942e61d,f33b721f-a8a3-4aad-96f2-077da09ebaa6,f4cfd904-bd11-4247-95df-32c4555a930f,Klinični center,86
5cc8a08d-c0af-491f-9a9c-b8b4f5f23bc0,1b0f629f-acdb-4e94-8c54-018f4334ebf7,f33b721f-a8a3-4aad-96f2-077da09ebaa6,Razstavišče,80
5de6ff80-1352-43df-b5ec-1df59f2f492b,38b3abed-0592-407b-96c3-85a026f2e192,7fa32ea0-e884-435a-a81c-51bbd5cedf3e,Zaloška,7
fb7704f0-d31e-4561-83e4-621a8c62654b,484b5c91-1220-43ba-af79-84e712fcc46b,295616c0-387b-4f60-a337-7743cd6be04e,Bavarski dvor,332
6a89c110-a0f8-4b1a-87f0-33f49c0a658e,7eb88e01-82e9-4af4-84d0-69c6ea9dc82c,a0e0a21b-b8ce-4d76-bbc2-04e179367fee,Šola Jarše,63
1e157c31-d34d-4c2e-91b4-8c000c88f6dd,023d7b7a-b411-4e61-8746-b07f9e5c8f90,7fad8003-fb10-489d-bf8d-6d433310ad90,Nove Jarše,297
9e109242-5aad-4fb7-b0c8-576eef8aa4e0,e9382efd-d64d-46b0-9a7d-a4e6a0188725,a719a87c-4e93-4387-a6d1-2631a487f7e0,Ajdovščina,180
923bd774-0651-4e0a-8624-3acfb7ecd5ff,9746f277-af08-4cce-92fa-41da5eca8ac2,7fa32ea0-e884-435a-a81c-51bbd5cedf3e,Zaloška,362
4e8ccfa1-b58c-4ee1-ad82-2e8a645071f3,f2b27cbd-5207-4281-8f67-6369d0c50a9b,295616c0-387b-4f60-a337-7743cd6be04e,Bavarski dvor,173
592b37eb-8255-4758-ae8a-7cef98521013,4038e02e-f22f-4af0-ba4f-7aab855b53af,9a1c4c65-df77-481f-87ad-56143f02a864,Vižmarje,18
f15ddf31-fc11-41ba-988d-376c83e38f58,c297ac70-8f43-4fbc-a8a4-366ddb883a8d,5d7f28a6-2a2a-4333-aa06-48edfb652f86,Pošta,50
6a89c110-a0f8-4b1a-87f0-33f49c0a658e,a2ce7e6f-0f99-443a-a973-81a0b9c60261,N/A,N/A,660
7bcbdcaa-00b9-47d4-8982-09da26cd7bcb,96d4c75b-6452-4c70-a31e-c234262ba38b,a719a87c-4e93-4387-a6d1-2631a487f7e0,Ajdovščina,198
923bd774-0651-4e0a-8624-3acfb7ecd5ff,21764d19-62cc-49fd-bac9-403aeac6a6b9,c87db9be-1fba-4102-a743-0ee4317dd5af,Bavarski dvor,24
21764d19-62cc-49fd-bac9-403aeac6a6b9,d98335a0-1291-4d4c-be62-16b11c356575,7eb88e01-82e9-4af4-84d0-69c6ea9dc82c,Kolodvor,355
cee2862b-9b70-4880-8fa3-16c6d2efae1b,98fa3880-5936-4ec8-ba04-39c7ff9a0e6a,98fa3880-5936-4ec8-ba04-39c7ff9a0e6a,Stara cerkev,287
923bd774-0651-4e0a-8624-3acfb7ecd5ff,271db19a-744b-41a0-869d-0c3e0e2cb6bf,7fad8003-fb10-489d-bf8d-6d433310ad90,Nove Jarše,8
9cfac7e2-9653-4e52-a6d3-27756d27f817,88cdd36c-03d2-4374-a22f-110dd9f75ea0,f33b721f-a8a3-4aad-96f2-077da09ebaa6,Razstavišče,120
4d216485-ef41-45e7-9182-0c254644955c,e9d9f622-7394-4c5c-9031-a41855a64aa7,fef200e9-4d98-425b-ab14-8110e2aa85d7,Drama,15
4d216485-ef41-45e7-9182-0c254644955c,05643914-8ff7-4064-8737-2761d44a083f,717dda7e-d793-4697-8f60-b64ee8b1edc4,Gosposvetska,31
8589e5d1-21b4-4210-ad7a-4bf91f9a715d,96d4c75b-6452-4c70-a31e-c234262ba38b,a719a87c-4e93-4387-a6d1-2631a487f7e0,Ajdovščina,428
277bc73c-e61d-4046-bcfd-31d6161c568e,e9d9f622-7394-4c5c-9031-a41855a64aa7,a0e0a21b-b8ce-4d76-bbc2-04e179367fee,Šola Jarše,167
48b163cd-b819-4849-aee1-8b1da77657ab,c297ac70-8f43-4fbc-a8a4-366ddb883a8d,5d7f28a6-2a2a-4333-aa06-48edfb652f86,Pošta,278
fb7704f0-d31e-4561-83e4-621a8c62654b,7eb88e01-82e9-4af4-84d0-69c6ea9dc82c,f14a6236-8af2-47bf-9270-432377662a63,Viadukt,71
48507e1a-32df-4552-9448-3b345760b75f,e468b92f-fa4a-4819-bb11-37761deaf4ca,fef200e9-4d98-425b-ab14-8110e2aa85d7,Drama,71
e468b92f-fa4a-4819-bb11-37761deaf4ca,1dc99fbb-5496-4aab-a4b6-32e653ccc789,a719a87c-4e93-4387-a6d1-2631a487f7e0,Ajdovščina,314
1e157c31-d34d-4c2e-91b4-8c000c88f6dd,7bcbdcaa-00b9-47d4-8982-09da26cd7bcb,295616c0-387b-4f60-a337-7743cd6be04e,Bavarski dvor,21
1b3ddeca-a066-43ee-9ae5-8339628129c2,9746f277-af08-4cce-92fa-41da5eca8ac2,5d7f28a6-2a2a-4333-aa06-48edfb652f86,Pošta,128
1ce1c3a8-e0f6-4f90-b1aa-1448759d8b3c,a719a87c-4e93-4387-a6d1-2631a487f7e0,a2ce7e6f-0f99-443a-a973-81a0b9c60261,Astra,115
48b163cd-b819-4849-aee1-8b1da77657ab,25cde952-4896-4977-b229-75e09b3e3661,454817d3-3750-49c7-994c-14d06fd2c634,Žale,16
fb0042f8-d9e2-4916-b60a-38a026acf0c9,c627c9f2-af02-4d83-969a-566719bb09e3,a719a87c-4e93-4387-a6d1-2631a487f7e0,Ajdovščina,7
5d7f28a6-2a2a-4333-aa06-48edfb652f86,a0b1fb90-3f6a-4231-910a-18be192ac762,5d7f28a6-2a2a-4333-aa06-48edfb652f86,Pošta,48
1eadcdb9-60cd-47c9-8eec-527c3465a685,9746f277-af08-4cce-92fa-41da5eca8ac2,f33b721f-a8a3-4aad-96f2-077da09ebaa6,Razstavišče,185
5de84f88-3f32-4636-8c30-03cc267ecf37,c627c9f2-af02-4d83-969a-566719bb09e3,c87db9be-1fba-4102-a743-0ee4317dd5af,Bavarski dvor,342
e0bcd677-6012-4c90-a884-44dffafdffec,2ec182e2-769f-427f-b9b5-c4118890cb96,295616c0-387b-4f60-a337-7743cd6be04e,Bavarski dvor,392
6c56976b-4ae1-429f-bcab-0cfc37e3580d,52e5adea-e194-4fc1-809c-1d6421f8f8db,a719a87c-4e93-4387-a6d1-2631a487f7e0,Ajdovščina,79
8598b85d-3e1d-4767-b72f-0c209038841f,bc66f88b-1412-44cb-b921-030d27335261,a0e0a21b-b8ce-4d76-bbc2-04e179367fee,Šola Jarše,108
9bd3ee10-bc61-44e8-8cf3-a37cffd54da0,21764d19-62cc-49fd-bac9-403aeac6a6b9,fef200e9-4d98-425b-ab14-8110e2aa85d7,Drama,35
609f0950-bb8c-4eaf-a931-8575b8aff1ac,271db19a-744b-41a0-869d-0c3e0e2cb6bf,cdabf1ea-b04c-480a-8359-72c46e6864ab,Bežigrad,162
81f21fc1-3bd2-4d2a-b563-2d063479c68e,dfde6478-02b5-471b-a470-29cb0e84542f,484b5c91-1220-43ba-af79-84e712fcc46b,Slovenija avto,254
c5ec5e81-2ce4-452d-bd7a-595de4f8b34f,7310c006-62b8-4f94-bb9c-d5c26cb3faad,5d7f28a6-2a2a-4333-aa06-48edfb652f86,Pošta,296
96d4c75b-6452-4c70-a31e-c234262ba38b,1505c6fe-6080-424e-98d1-24c312cfacf3,aa42017d-812a-4175-bc9b-0fec03b18931,Ambrožev trg,97
e786b2df-34ed-4246-832e-7c3d538ac1f4,48507e1a-32df-4552-9448-3b345760b75f,5d7f28a6-2a2a-4333-aa06-48edfb652f86,Pošta,36
3edd6057-3847-4c42-b8ec-6e89ff95793a,9746f277-af08-4cce-92fa-41da5eca8ac2,295616c0-387b-4f60-a337-7743cd6be04e,Bavarski dvor,297
81f21fc1-3bd2-4d2a-b563-2d063479c68e,923bd774-0651-4e0a-8624-3acfb7ecd5ff,c87db9be-1fba-4102-a743-0ee4317dd5af,Bavarski dvor,27
7484317c-269f-425f-8118-23eedab4e5f1,1ce1c3a8-e0f6-4f90-b1aa-1448759d8b3c,c22879e5-8e90-4540-9a74-5f139208e492,Friškovec,421
e468b92f-fa4a-4819-bb11-37761deaf4ca,6182f8e8-c45e-4606-b4a4-d909bd44d2cc,7bcbdcaa-00b9-47d4-8982-09da26cd7bcb,Zaloška,34
b59656a4-b6e7-4b87-977c-078c59088a50,2f18bcfa-6189-4de4-b06f-132d3392e7d6,98fa3880-5936-4ec8-ba04-39c7ff9a0e6a,Stara cerkev,36
96d4c75b-6452-4c70-a31e-c234262ba38b,fb7704f0-d31e-4561-83e4-621a8c62654b,fef200e9-4d98-425b-ab14-8110e2aa85d7,Drama,22
223f660b-c391-4120-bf3c-7bf06781686b,f15ddf31-fc11-41ba-988d-376c83e38f58,c87db9be-1fba-4102-a743-0ee4317dd5af,Bavarski dvor,428
295616c0-387b-4f60-a337-7743cd6be04e,f15ddf31-fc11-41ba-988d-376c83e38f58,fef200e9-4d98-425b-ab14-8110e2aa85d7,Drama,258
80c65758-5f25-4003-8d55-10ff96fe8310,4e8ccfa1-b58c-4ee1-ad82-2e8a645071f3,c22879e5-8e90-4540-9a74-5f139208e492,Friškovec,477
86a75ffc-a78f-401f-8991-2eb0371417b2,2388ce1f-c947-42d7-97f3-e01a7254c933,N/A,N/A,660
48507e1a-32df-4552-9448-3b345760b75f,277bc73c-e61d-4046-bcfd-31d6161c568e,295616c0-387b-4f60-a337-7743cd6be04e,Bavarski dvor,118
8589e5d1-21b4-4210-ad7a-4bf91f9a715d,6182f8e8-c45e-4606-b4a4-d909bd44d2cc,fef200e9-4d98-425b-ab14-8110e2aa85d7,Drama,130
379bc761-04b5-4227-be76-3b870fe3e69f,6a89c110-a0f8-4b1a-87f0-33f49c0a658e,a0b1fb90-3f6a-4231-910a-18be192ac762,Flajšmanova,36
6edebb46-d04f-45c4-99a4-100f7f0b2660,59ee5f7d-476b-4958-a922-2040a9308f3b,a719a87c-4e93-4387-a6d1-2631a487f7e0,Ajdovščina,478
e6f5183b-c615-4f47-b4fb-204ee070e825,8eeea585-6168-45b8-a5d4-336e61826043,c87db9be-1fba-4102-a743-0ee4317dd5af,Bavarski dvor,613
4e8ccfa1-b58c-4ee1-ad82-2e8a645071f3,1ce1c3a8-e0f6-4f90-b1aa-1448759d8b3c,a2ce7e6f-0f99-443a-a973-81a0b9c60261,Astra,428
e786b2df-34ed-4246-832e-7c3d538ac1f4,ac3afe7d-a2b3-4d5d-9e6a-1d2412a3bc70,717dda7e-d793-4697-8f60-b64ee8b1edc4,Gosposvetska,157
6a89c110-a0f8-4b1a-87f0-33f49c0a658e,1035c6f7-304e-4329-a3b2-4eb5d985a577,7fa32ea0-e884-435a-a81c-51bbd5cedf3e,Zaloška,25
9a1c4c65-df77-481f-87ad-56143f02a864,1e157c31-d34d-4c2e-91b4-8c000c88f6dd,6a89c110-a0f8-4b1a-87f0-33f49c0a658e,Šola Jarše,90
7484317c-269f-425f-8118-23eedab4e5f1,47637057-8d6a-4cf9-bd56-3ac90748fcc4,a719a87c-4e93-4387-a6d1-2631a487f7e0,Ajdovščina,181
294c40c4-18e4-4d92-a947-911a8623de89,6a89c110-a0f8-4b1a-87f0-33f49c0a658e,c87db9be-1fba-4102-a743-0ee4317dd5af,Bavarski dvor,33
f2b27cbd-5207-4281-8f67-6369d0c50a9b,f2b27cbd-5207-4281-8f67-6369d0c50a9b,a0e0a21b-b8ce-4d76-bbc2-04e179367fee,Šola Jarše,1
717c914e-f928-4671-95f6-26c1ddb95799,6bd46cb7-9e5d-453a-878a-bcc38fb2a5f2,N/A,N/A,660
48b163cd-b819-4849-aee1-8b1da77657ab,ac3afe7d-a2b3-4d5d-9e6a-1d2412a3bc70,484b5c91-1220-43ba-af79-84e712fcc46b,Slovenija avto,1
9746f277-af08-4cce-92fa-41da5eca8ac2,1dc99fbb-5496-4aab-a4b6-32e653ccc789,9b0074d2-2c92-4c01-830b-00be8e05b412,Cukrarna,135
6182f8e8-c45e-4606-b4a4-d909bd44d2cc,9e109242-5aad-4fb7-b0c8-576eef8aa4e0,c87db9be-1fba-4102-a743-0ee4317dd5af,Bavarski dvor,154
cee2862b-9b70-4880-8fa3-16c6d2efae1b,a719a87c-4e93-4387-a6d1-2631a487f7e0,f2b27cbd-5207-4281-8f67-6369d0c50a9b,Kodrova,268
717c914e-f928-4671-95f6-26c1ddb95799,1e157c31-d34d-4c2e-91b4-8c000c88f6dd,a719a87c-4e93-4387-a6d1-2631a487f7e0,Ajdovščina,81
e786b2df-34ed-4246-832e-7c3d538ac1f4,25cde952-4896-4977-b229-75e09b3e3661,5d7f28a6-2a2a-4333-aa06-48edfb652f86,Pošta,38
9bd3ee10-bc61-44e8-8cf3-a37cffd54da0,25cde952-4896-4977-b229-75e09b3e3661,fef200e9-4d98-425b-ab14-8110e2aa85d7,Drama,12
1dc99fbb-5496-4aab-a4b6-32e653ccc789,3fbf6322-fb74-4a50-a81a-bfca73abc26b,5d7f28a6-2a2a-4333-aa06-48edfb652f86,Pošta,179
8598b85d-3e1d-4767-b72f-0c209038841f,9b0074d2-2c92-4c01-830b-00be8e05b412,5d7f28a6-2a2a-4333-aa06-48edfb652f86,Pošta,407
25cde952-4896-4977-b229-75e09b3e3661,8589e5d1-21b4-4210-ad7a-4bf91f9a715d,484b5c91-1220-43ba-af79-84e712fcc46b,Slovenija avto,96
d4c51b31-46fd-4da8-ba15-8068e666d483,7484317c-269f-425f-8118-23eedab4e5f1,db13a26e-19d4-4b8a-a78a-01ef25d58834,Ježica,62
8512e1be-4637-483b-a3e6-78ccc6d2c5b1,db13a26e-19d4-4b8a-a78a-01ef25d58834,cdabf1ea-b04c-480a-8359-72c46e6864ab,Bežigrad,69
a0e0a21b-b8ce-4d76-bbc2-04e179367fee,093afa81-b65f-4182-bac3-afbc00558a9b,fef200e9-4d98-425b-ab14-8110e2aa85d7,Drama,154
a2f479c6-4c21-4923-b4ac-86f752507cee,a7177a3d-8db2-43fb-8910-f95857f0ed97,N/A,N/A,660
c5ec5e81-2ce4-452d-bd7a-595de4f8b34f,ef31a8be-b01d-44cd-95cf-3db8e918af26,c87db9be-1fba-4102-a743-0ee4317dd5af,Bavarski dvor,290
6bd46cb7-9e5d-453a-878a-bcc38fb2a5f2,717c914e-f928-4671-95f6-26c1ddb95799,223f660b-c391-4120-bf3c-7bf06781686b,Tovorni kolodvor,142
6bd46cb7-9e5d-453a-878a-bcc38fb2a5f2,6459bd02-d8f8-413e-9402-10b916f09a4f,295616c0-387b-4f60-a337-7743cd6be04e,Bavarski dvor,218
a2f479c6-4c21-4923-b4ac-86f752507cee,223f660b-c391-4120-bf3c-7bf06781686b,N/A,N/A,660
717dda7e-d793-4697-8f60-b64ee8b1edc4,7fad8003-fb10-489d-bf8d-6d433310ad90,f33b721f-a8a3-4aad-96f2-077da09ebaa6,Razstavišče,114
5d7f28a6-2a2a-4333-aa06-48edfb652f86,9746f277-af08-4cce-92fa-41da5eca8ac2,c5ec5e81-2ce4-452d-bd7a-595de4f8b34f,Prušnikova,32
81f21fc1-3bd2-4d2a-b563-2d063479c68e,05643914-8ff7-4064-8737-2761d44a083f,8c7fa045-888b-46d0-8189-6f82623bf481,Poljanska,163
e468b92f-fa4a-4819-bb11-37761deaf4ca,0be237aa-4b91-4d2b-ac23-0cebac975a0d,a719a87c-4e93-4387-a6d1-2631a487f7e0,Ajdovščina,61
e786b2df-34ed-4246-832e-7c3d538ac1f4,21764d19-62cc-49fd-bac9-403aeac6a6b9,a2ce7e6f-0f99-443a-a973-81a0b9c60261,Astra,104
1505c6fe-6080-424e-98d1-24c312cfacf3,609f0950-bb8c-4eaf-a931-8575b8aff1ac,717dda7e-d793-4697-8f60-b64ee8b1edc4,Gosposvetska,29
a719a87c-4e93-4387-a6d1-2631a487f7e0,81f21fc1-3bd2-4d2a-b563-2d063479c68e,454817d3-3750-49c7-994c-14d06fd2c634,Žale,168
1b0f629f-acdb-4e94-8c54-018f4334ebf7,d98335a0-1291-4d4c-be62-16b11c356575,fef200e9-4d98-425b-ab14-8110e2aa85d7,Drama,11
f4cfd904-bd11-4247-95df-32c4555a930f,8512e1be-4637-483b-a3e6-78ccc6d2c5b1,295616c0-387b-4f60-a337-7743cd6be04e,Bavarski dvor,245
e786b2df-34ed-4246-832e-7c3d538ac1f4,8512e1be-4637-483b-a3e6-78ccc6d2c5b1,c5ec5e81-2ce4-452d-bd7a-595de4f8b34f,Prušnikova,234
ecc4ae87-ae08-4b94-995c-452fdd94df7f,e9d9f622-7394-4c5c-9031-a41855a64aa7,cdabf1ea-b04c-480a-8359-72c46e6864ab,Bežigrad,114
8c7fa045-888b-46d0-8189-6f82623bf481,0be237aa-4b91-4d2b-ac23-0cebac975a0d,c87db9be-1fba-4102-a743-0ee4317dd5af,Bavarski dvor,21
8512e1be-4637-483b-a3e6-78ccc6d2c5b1,923bd774-0651-4e0a-8624-3acfb7ecd5ff,a719a87c-4e93-4387-a6d1-2631a487f7e0,Ajdovščina,335
35aedf45-cca3-4f2f-931b-138d29d20fe9,0dc86a8f-0f41-44c7-978c-e06cb63cbbcf,48b163cd-b819-4849-aee1-8b1da77657ab,Šentvid,3
ab987eb0-c970-4577-8db9-0cd507a6cab6,0be237aa-4b91-4d2b-ac23-0cebac975a0d,c22879e5-8e90-4540-9a74-5f139208e492,Friškovec,59
58db973d-ecbb-4aa6-a56c-c26aaff7f263,d98335a0-1291-4d4c-be62-16b11c356575,7fad8003-fb10-489d-bf8d-6d433310ad90,Nove Jarše,182
86a75ffc-a78f-401f-8991-2eb0371417b2,1e157c31-d34d-4c2e-91b4-8c000c88f6dd,5d7f28a6-2a2a-4333-aa06-48edfb652f86,Pošta,17
1b0f629f-acdb-4e94-8c54-018f4334ebf7,f2b27cbd-5207-4281-8f67-6369d0c50a9b,7310c006-62b8-4f94-bb9c-d5c26cb3faad,Polje,8
80c65758-5f25-4003-8d55-10ff96fe8310,592b37eb-8255-4758-ae8a-7cef98521013,fef200e9-4d98-425b-ab14-8110e2aa85d7,Drama,351
093afa81-b65f-4182-bac3-afbc00558a9b,1dc99fbb-5496-4aab-a4b6-32e653ccc789,295616c0-387b-4f60-a337-7743cd6be04e,Bavarski dvor,51
a719a87c-4e93-4387-a6d1-2631a487f7e0,7fad8003-fb10-489d-bf8d-6d433310ad90,717dda7e-d793-4697-8f60-b64ee8b1edc4,Gosposvetska,7
0be237aa-4b91-4d2b-ac23-0cebac975a0d,c297ac70-8f43-4fbc-a8a4-366ddb883a8d,db13a26e-19d4-4b8a-a78a-01ef25d58834,Ježica,9
47a3bd8a-72ae-4e20-b43f-10bfaf49012c,2ec182e2-769f-427f-b9b5-c4118890cb96,4ca7ae7e-380b-45e3-81de-00ffab5bb531,Yulon,85
58db973d-ecbb-4aa6-a56c-c26aaff7f263,609f0950-bb8c-4eaf-a931-8575b8aff1ac,f33b721f-a8a3-4aad-96f2-077da09ebaa6,Razstavišče,131
e9d9f622-7394-4c5c-9031-a41855a64aa7,c0ff37c8-ac6c-4284-ad32-0ad29fd30dc2,295616c0-387b-4f60-a337-7743cd6be04e,Bavarski dvor,7
fef200e9-4d98-425b-ab14-8110e2aa85d7,769b7bc7-4f95-4bb2-9c99-37ba8e8b4bd5,a719a87c-4e93-4387-a6d1-2631a487f7e0,Ajdovščina,112
7310c006-62b8-4f94-bb9c-d5c26cb3faad,81f21fc1-3bd2-4d2a-b563-2d063479c68e,fef200e9-4d98-425b-ab14-8110e2aa85d7,Drama,140
05643914-8ff7-4064-8737-2761d44a083f,a0e0a21b-b8ce-4d76-bbc2-04e179367fee,a719a87c-4e93-4387-a6d1-2631a487f7e0,Ajdovščina,5
1b0f629f-acdb-4e94-8c54-018f4334ebf7,484b5c91-1220-43ba-af79-84e712fcc46b,a719a87c-4e93-4387-a6d1-2631a487f7e0,Ajdovščina,54
25cde952-4896-4977-b229-75e09b3e3661,2f18bcfa-6189-4de4-b06f-132d3392e7d6,1ce1c3a8-e0f6-4f90-b1aa-1448759d8b3c,Astra,148
a7177a3d-8db2-43fb-8910-f95857f0ed97,1035c6f7-304e-4329-a3b2-4eb5d985a577,N/A,N/A,660
1505c6fe-6080-424e-98d1-24c312cfacf3,2f874852-bc80-4ff3-b6bf-a914e31251c8,c22879e5-8e90-4540-9a74-5f139208e492,Friškovec,237
77dcd833-fa4d-4c5a-93b1-31284942e61d,98fa3880-5936-4ec8-ba04-39c7ff9a0e6a,a719a87c-4e93-4387-a6d1-2631a487f7e0,Ajdovščina,294
0dc86a8f-0f41-44c7-978c-e06cb63cbbcf,5de6ff80-1352-43df-b5ec-1df59f2f492b,98fa3880-5936-4ec8-ba04-39c7ff9a0e6a,Stara cerkev,599
b59656a4-b6e7-4b87-977c-078c59088a50,7bcbdcaa-00b9-47d4-8982-09da26cd7bcb,c87db9be-1fba-4102-a743-0ee4317dd5af,Bavarski dvor,362
3edd6057-3847-4c42-b8ec-6e89ff95793a,cee2862b-9b70-4880-8fa3-16c6d2efae1b,093afa81-b65f-4182-bac3-afbc00558a9b,Koseze,22
12304b99-9a07-485a-a101-eaca90495d48,9a14b0ec-f13a-46f0-8c4f-07d8b99241e2,N/A,N/A,660
6559d555-672b-4633-8a81-0ae68fb963eb,52e5adea-e194-4fc1-809c-1d6421f8f8db,c87db9be-1fba-4102-a743-0ee4317dd5af,Bavarski dvor,232
12304b99-9a07-485a-a101-eaca90495d48,9bd3ee10-bc61-44e8-8cf3-a37cffd54da0,295616c0-387b-4f60-a337-7743cd6be04e,Bavarski dvor,332
f14a6236-8af2-47bf-9270-432377662a63,023d7b7a-b411-4e61-8746-b07f9e5c8f90,fef200e9-4d98-425b-ab14-8110e2aa85d7,Drama,449
769b7bc7-4f95-4bb2-9c99-37ba8e8b4bd5,1eadcdb9-60cd-47c9-8eec-527c3465a685,1b3ddeca-a066-43ee-9ae5-8339628129c2,Žale,76
a7094427-e180-4deb-acaf-5d4488326e9e,379bc761-04b5-4227-be76-3b870fe3e69f,a719a87c-4e93-4387-a6d1-2631a487f7e0,Ajdovščina,393
0be237aa-4b91-4d2b-ac23-0cebac975a0d,592b37eb-8255-4758-ae8a-7cef98521013,6bd46cb7-9e5d-453a-878a-bcc38fb2a5f2,Sava,89
9a1c4c65-df77-481f-87ad-56143f02a864,9bd3ee10-bc61-44e8-8cf3-a37cffd54da0,cdabf1ea-b04c-480a-8359-72c46e6864ab,Bežigrad,407
fb0042f8-d9e2-4916-b60a-38a026acf0c9,21764d19-62cc-49fd-bac9-403aeac6a6b9,c87db9be-1fba-4102-a743-0ee4317dd5af,Bavarski dvor,154
47a3bd8a-72ae-4e20-b43f-10bfaf49012c,7bcbdcaa-00b9-47d4-8982-09da26cd7bcb,295616c0-387b-4f60-a337-7743cd6be04e,Bavarski dvor,355
769b7bc7-4f95-4bb2-9c99-37ba8e8b4bd5,47637057-8d6a-4cf9-bd56-3ac90748fcc4,295616c0-387b-4f60-a337-7743cd6be04e,Bavarski dvor,466
7fa32ea0-e884-435a-a81c-51bbd5cedf3e,b59656a4-b6e7-4b87-977c-078c59088a50,379bc761-04b5-4227-be76-3b870fe3e69f,Pot na Fužine,157
f33b721f-a8a3-4aad-96f2-077da09ebaa6,379bc761-04b5-4227-be76-3b870fe3e69f,c22879e5-8e90-4540-9a74-5f139208e492,Friškovec,131
c627c9f2-af02-4d83-969a-566719bb09e3,a7094427-e180-4deb-acaf-5d4488326e9e,N/A,N/A,660
2f18bcfa-6189-4de4-b06f-132d3392e7d6,bc66f88b-1412-44cb-b921-030d27335261,295616c0-387b-4f60-a337-7743cd6be04e,Bavarski dvor,25
f15ddf31-fc11-41ba-988d-376c83e38f58,2f18bcfa-6189-4de4-b06f-132d3392e7d6,295616c0-387b-4f60-a337-7743cd6be04e,Bavarski dvor,109
9746f277-af08-4cce-92fa-41da5eca8ac2,52e5adea-e194-4fc1-809c-1d6421f8f8db,N/A,N/A,660
294c40c4-18e4-4d92-a947-911a8623de89,6559d555-672b-4633-8a81-0ae68fb963eb,f14a6236-8af2-47bf-9270-432377662a63,Viadukt,576
e468b92f-fa4a-4819-bb11-37761deaf4ca,91fb6c6e-49cf-49d3-97d4-6ae228f9bfa1,8c7fa045-888b-46d0-8189-6f82623bf481,Poljanska,17
a7094427-e180-4deb-acaf-5d4488326e9e,6a89c110-a0f8-4b1a-87f0-33f49c0a658e,5d7f28a6-2a2a-4333-aa06-48edfb652f86,Pošta,135
4d216485-ef41-45e7-9182-0c254644955c,7484317c-269f-425f-8118-23eedab4e5f1,f33b721f-a8a3-4aad-96f2-077da09ebaa6,Razstavišče,64
1e157c31-d34d-4c2e-91b4-8c000c88f6dd,8eeea585-6168-45b8-a5d4-336e61826043,98fa3880-5936-4ec8-ba04-39c7ff9a0e6a,Stara cerkev,183
7484317c-269f-425f-8118-23eedab4e5f1,717c914e-f928-4671-95f6-26c1ddb95799,295616c0-387b-4f60-a337-7743cd6be04e,Bavarski dvor,53
8589e5d1-21b4-4210-ad7a-4bf91f9a715d,db13a26e-19d4-4b8a-a78a-01ef25d58834,N/A,N/A,660
abc9fd26-5442-468b-93b6-4d5eb76d0f1f,81f21fc1-3bd2-4d2a-b563-2d063479c68e,295616c0-387b-4f60-a337-7743cd6be04e,Bavarski dvor,57
1505c6fe-6080-424e-98d1-24c312cfacf3,81f21fc1-3bd2-4d2a-b563-2d063479c68e,a719a87c-4e93-4387-a6d1-2631a487f7e0,Ajdovščina,73
0be237aa-4b91-4d2b-ac23-0cebac975a0d,59ee5f7d-476b-4958-a922-2040a9308f3b,484b5c91-1220-43ba-af79-84e712fcc46b,Slovenija avto,121
9b0074d2-2c92-4c01-830b-00be8e05b412,f15ddf31-fc11-41ba-988d-376c83e38f58,c22879e5-8e90-4540-9a74-5f139208e492,Friškovec,306
a719a87c-4e93-4387-a6d1-2631a487f7e0,ecc4ae87-ae08-4b94-995c-452fdd94df7f,fef200e9-4d98-425b-ab14-8110e2aa85d7,Drama,90
0dc86a8f-0f41-44c7-978c-e06cb63cbbcf,52e5adea-e194-4fc1-809c-1d6421f8f8db,cee2862b-9b70-4880-8fa3-16c6d2efae1b,AMZS,209
093afa81-b65f-4182-bac3-afbc00558a9b,7bcbdcaa-00b9-47d4-8982-09da26cd7bcb,fef200e9-4d98-425b-ab14-8110e2aa85d7,Drama,405
9a14b0ec-f13a-46f0-8c4f-07d8b99241e2,e6f5183b-c615-4f47-b4fb-204ee070e825,a0e0a21b-b8ce-4d76-bbc2-04e179367fee,Šola Jarše,524
a0e0a21b-b8ce-4d76-bbc2-04e179367fee,1dc99fbb-5496-4aab-a4b6-32e653ccc789,N/A,N/A,660
1dc99fbb-5496-4aab-a4b6-32e653ccc789,2f18bcfa-6189-4de4-b06f-132d3392e7d6,484b5c91-1220-43ba-af79-84e712fcc46b,Slovenija avto,63
2f18bcfa-6189-4de4-b06f-132d3392e7d6,6559d555-672b-4633-8a81-0ae68fb963eb,7310c006-62b8-4f94-bb9c-d5c26cb3faad,Polje,3
7fa32ea0-e884-435a-a81c-51bbd5cedf3e,4e8ccfa1-b58c-4ee1-ad82-2e8a645071f3,295616c0-387b-4f60-a337-7743cd6be04e,Bavarski dvor,267
6bd46cb7-9e5d-453a-878a-bcc38fb2a5f2,c297ac70-8f43-4fbc-a8a4-366ddb883a8d,295616c0-387b-4f60-a337-7743cd6be04e,Bavarski dvor,456
9a1c4c65-df77-481f-87ad-56143f02a864,3fbf6322-fb74-4a50-a81a-bfca73abc26b,f33b721f-a8a3-4aad-96f2-077da09ebaa6,Razstavišče,23
48b163cd-b819-4849-aee1-8b1da77657ab,5de6ff80-1352-43df-b5ec-1df59f2f492b,a719a87c-4e93-4387-a6d1-2631a487f7e0,Ajdovščina,107
7fad8003-fb10-489d-bf8d-6d433310ad90,f15ddf31-fc11-41ba-988d-376c83e38f58,9cfac7e2-9653-4e52-a6d3-27756d27f817,Kino Šiška,50
52e5adea-e194-4fc1-809c-1d6421f8f8db,e468b92f-fa4a-4819-bb11-37761deaf4ca,295616c0-387b-4f60-a337-7743cd6be04e,Bavarski dvor,38
59ee5f7d-476b-4958-a922-2040a9308f3b,717dda7e-d793-4697-8f60-b64ee8b1edc4,1ce1c3a8-e0f6-4f90-b1aa-1448759d8b3c,Astra,42
6bd46cb7-9e5d-453a-878a-bcc38fb2a5f2,52e5adea-e194-4fc1-809c-1d6421f8f8db,7c149b59-2bc6-45cb-95c8-69e18a0db627,Rusjanov trg,160
6bd46cb7-9e5d-453a-878a-bcc38fb2a5f2,48b163cd-b819-4849-aee1-8b1da77657ab,a2ce7e6f-0f99-443a-a973-81a0b9c60261,Astra,333
58db973d-ecbb-4aa6-a56c-c26aaff7f263,05643914-8ff7-4064-8737-2761d44a083f,c87db9be-1fba-4102-a743-0ee4317dd5af,Bavarski dvor,427
48b163cd-b819-4849-aee1-8b1da77657ab,c627c9f2-af02-4d83-969a-566719bb09e3,223f660b-c391-4120-bf3c-7bf06781686b,Tovorni kolodvor,224
609f0950-bb8c-4eaf-a931-8575b8aff1ac,aa42017d-812a-4175-bc9b-0fec03b18931,c87db9be-1fba-4102-a743-0ee4317dd5af,Bavarski dvor,105
592b37eb-8255-4758-ae8a-7cef98521013,d98335a0-1291-4d4c-be62-16b11c356575,c87db9be-1fba-4102-a743-0ee4317dd5af,Bavarski dvor,155
8589e5d1-21b4-4210-ad7a-4bf91f9a715d,abc9fd26-5442-468b-93b6-4d5eb76d0f1f,a719a87c-4e93-4387-a6d1-2631a487f7e0,Ajdovščina,297
6c56976b-4ae1-429f-bcab-0cfc37e3580d,38b3abed-0592-407b-96c3-85a026f2e192,a0e0a21b-b8ce-4d76-bbc2-04e179367fee,Šola Jarše,196
ab987eb0-c970-4577-8db9-0cd507a6cab6,c297ac70-8f43-4fbc-a8a4-366ddb883a8d,c87db9be-1fba-4102-a743-0ee4317dd5af,Bavarski dvor,13
277bc73c-e61d-4046-bcfd-31d6161c568e,8c7fa045-888b-46d0-8189-6f82623bf481,a719a87c-4e93-4387-a6d1-2631a487f7e0,Ajdovščina,401
1ce1c3a8-e0f6-4f90-b1aa-1448759d8b3c,ac3afe7d-a2b3-4d5d-9e6a-1d2412a3bc70,a0e0a21b-b8ce-4d76-bbc2-04e179367fee,Šola Jarše,187
6c56976b-4ae1-429f-bcab-0cfc37e3580d,8598b85d-3e1d-4767-b72f-0c209038841f,N/A,N/A,660
271db19a-744b-41a0-869d-0c3e0e2cb6bf,f14a6236-8af2-47bf-9270-432377662a63,9a1c4c65-df77-481f-87ad-56143f02a864,Vižmarje,101
8eeea585-6168-45b8-a5d4-336e61826043,38b3abed-0592-407b-96c3-85a026f2e192,fef200e9-4d98-425b-ab14-8110e2aa85d7,Drama,153
a2f479c6-4c21-4923-b4ac-86f752507cee,21764d19-62cc-49fd-bac9-403aeac6a6b9,N/A,N/A,660
6182f8e8-c45e-4606-b4a4-d909bd44d2cc,f4cfd904-bd11-4247-95df-32c4555a930f,c87db9be-1fba-4102-a743-0ee4317dd5af,Bavarski dvor,233
cee2862b-9b70-4880-8fa3-16c6d2efae1b,e786b2df-34ed-4246-832e-7c3d538ac1f4,98fa3880-5936-4ec8-ba04-39c7ff9a0e6a,Stara cerkev,225
48507e1a-32df-4552-9448-3b345760b75f,21764d19-62cc-49fd-bac9-403aeac6a6b9,38b3abed-0592-407b-96c3-85a026f2e192,Dalmatinova,40
1e157c31-d34d-4c2e-91b4-8c000c88f6dd,5de84f88-3f32-4636-8c30-03cc267ecf37,eb165f50-9c43-4b09-9658-469a16d3dc83,Kodeljevo,417
295616c0-387b-4f60-a337-7743cd6be04e,379bc761-04b5-4227-be76-3b870fe3e69f,295616c0-387b-4f60-a337-7743cd6be04e,Bavarski dvor,231
3edd6057-3847-4c42-b8ec-6e89ff95793a,47a3bd8a-72ae-4e20-b43f-10bfaf49012c,717dda7e-d793-4697-8f60-b64ee8b1edc4,Gosposvetska,308
f4cfd904-bd11-4247-95df-32c4555a930f,bc66f88b-1412-44cb-b921-030d27335261,f33b721f-a8a3-4aad-96f2-077da09ebaa6,Razstavišče,71
b59656a4-b6e7-4b87-977c-078c59088a50,ab987eb0-c970-4577-8db9-0cd507a6cab6,484b5c91-1220-43ba-af79-84e712fcc46b,Slovenija avto,114
8589e5d1-21b4-4210-ad7a-4bf91f9a715d,295616c0-387b-4f60-a337-7743cd6be04e,c87db9be-1fba-4102-a743-0ee4317dd5af,Bavarski dvor,94
6edebb46-d04f-45c4-99a4-100f7f0b2660,7c149b59-2bc6-45cb-95c8-69e18a0db627,484b5c91-1220-43ba-af79-84e712fcc46b,Slovenija avto,61
6edebb46-d04f-45c4-99a4-100f7f0b2660,6559d555-672b-4633-8a81-0ae68fb963eb,295616c0-387b-4f60-a337-7743cd6be04e,Bavarski dvor,342
35aedf45-cca3-4f2f-931b-138d29d20fe9,a0e0a21b-b8ce-4d76-bbc2-04e179367fee,f33b721f-a8a3-4aad-96f2-077da09ebaa6,Razstavišče,76
4ca7ae7e-380b-45e3-81de-00ffab5bb531,a0e0a21b-b8ce-4d76-bbc2-04e179367fee,38b3abed-0592-407b-96c3-85a026f2e192,Dalmatinova,245
db13a26e-19d4-4b8a-a78a-01ef25d58834,12304b99-9a07-485a-a101-eaca90495d48,c87db9be-1fba-4102-a743-0ee4317dd5af,Bavarski dvor,220
6a89c110-a0f8-4b1a-87f0-33f49c0a658e,f14a6236-8af2-47bf-9270-432377662a63,fef200e9-4d98-425b-ab14-8110e2aa85d7,Drama,232
8589e5d1-21b4-4210-ad7a-4bf91f9a715d,a2ce7e6f-0f99-443a-a973-81a0b9c60261,6a89c110-a0f8-4b1a-87f0-33f49c0a658e,Šola Jarše,114
1ce1c3a8-e0f6-4f90-b1aa-1448759d8b3c,f4cfd904-bd11-4247-95df-32c4555a930f,c87db9be-1fba-4102-a743-0ee4317dd5af,Bavarski dvor,170
1b3ddeca-a066-43ee-9ae5-8339628129c2,25cde952-4896-4977-b229-75e09b3e3661,5d7f28a6-2a2a-4333-aa06-48edfb652f86,Pošta,359
4d216485-ef41-45e7-9182-0c254644955c,f4cfd904-bd11-4247-95df-32c4555a930f,295616c0-387b-4f60-a337-7743cd6be04e,Bavarski dvor,295
3edd6057-3847-4c42-b8ec-6e89ff95793a,1ce1c3a8-e0f6-4f90-b1aa-1448759d8b3c,5d7f28a6-2a2a-4333-aa06-48edfb652f86,Pošta,12
e9d9f622-7394-4c5c-9031-a41855a64aa7,5de6ff80-1352-43df-b5ec-1df59f2f492b,a719a87c-4e93-4387-a6d1-2631a487f7e0,Ajdovščina,13
023d7b7a-b411-4e61-8746-b07f9e5c8f90,7310c006-62b8-4f94-bb9c-d5c26cb3faad,c87db9be-1fba-4102-a743-0ee4317dd5af,Bavarski dvor,299
98b60d07-8054-441a-be44-be7aa24f4253,2388ce1f-c947-42d7-97f3-e01a7254c933,N/A,N/A,660
d4c51b31-46fd-4da8-ba15-8068e666d483,aa42017d-812a-4175-bc9b-0fec03b18931,5de84f88-3f32-4636-8c30-03cc267ecf37,Podvozna pot,380
1e157c31-d34d-4c2e-91b4-8c000c88f6dd,717c914e-f928-4671-95f6-26c1ddb95799,4038e02e-f22f-4af0-ba4f-7aab855b53af,Kneza Koclja,112
77dcd833-fa4d-4c5a-93b1-31284942e61d,4038e02e-f22f-4af0-ba4f-7aab855b53af,9cfac7e2-9653-4e52-a6d3-27756d27f817,Kino Šiška,400
05643914-8ff7-4064-8737-2761d44a083f,6182f8e8-c45e-4606-b4a4-d909bd44d2cc,f33b721f-a8a3-4aad-96f2-077da09ebaa6,Razstavišče,102
59ee5f7d-476b-4958-a922-2040a9308f3b,923bd774-0651-4e0a-8624-3acfb7ecd5ff,295616c0-387b-4f60-a337-7743cd6be04e,Bavarski dvor,199
e786b2df-34ed-4246-832e-7c3d538ac1f4,8eeea585-6168-45b8-a5d4-336e61826043,dfde6478-02b5-471b-a470-29cb0e84542f,Slovenija avto,51
592b37eb-8255-4758-ae8a-7cef98521013,b59656a4-b6e7-4b87-977c-078c59088a50,5d7f28a6-2a2a-4333-aa06-48edfb652f86,Pošta,45
1035c6f7-304e-4329-a3b2-4eb5d985a577,db13a26e-19d4-4b8a-a78a-01ef25d58834,a719a87c-4e93-4387-a6d1-2631a487f7e0,Ajdovščina,637
a0e0a21b-b8ce-4d76-bbc2-04e179367fee,1b0f629f-acdb-4e94-8c54-018f4334ebf7,f2b27cbd-5207-4281-8f67-6369d0c50a9b,Kodrova,25
a7094427-e180-4deb-acaf-5d4488326e9e,1dc99fbb-5496-4aab-a4b6-32e653ccc789,5d7f28a6-2a2a-4333-aa06-48edfb652f86,Pošta,135
2ec182e2-769f-427f-b9b5-c4118890cb96,7fa32ea0-e884-435a-a81c-51bbd5cedf3e,eb165f50-9c43-4b09-9658-469a16d3dc83,Kodeljevo,78
1dc99fbb-5496-4aab-a4b6-32e653ccc789,dfde6478-02b5-471b-a470-29cb0e84542f,717dda7e-d793-4697-8f60-b64ee8b1edc4,Gosposvetska,166
d98335a0-1291-4d4c-be62-16b11c356575,454817d3-3750-49c7-994c-14d06fd2c634,6182f8e8-c45e-4606-b4a4-d909bd44d2cc,Gornji trg,231
f2b27cbd-5207-4281-8f67-6369d0c50a9b,6559d555-672b-4633-8a81-0ae68fb963eb,5d7f28a6-2a2a-4333-aa06-48edfb652f86,Pošta,60
6bd46cb7-9e5d-453a-878a-bcc38fb2a5f2,9a14b0ec-f13a-46f0-8c4f-07d8b99241e2,c87db9be-1fba-4102-a743-0ee4317dd5af,Bavarski dvor,110
3edd6057-3847-4c42-b8ec-6e89ff95793a,295616c0-387b-4f60-a337-7743cd6be04e,c87db9be-1fba-4102-a743-0ee4317dd5af,Bavarski dvor,48
9e109242-5aad-4fb7-b0c8-576eef8aa4e0,35aedf45-cca3-4f2f-931b-138d29d20fe9,c87db9be-1fba-4102-a743-0ee4317dd5af,Bavarski dvor,46
923bd774-0651-4e0a-8624-3acfb7ecd5ff,f33b721f-a8a3-4aad-96f2-077da09ebaa6,295616c0-387b-4f60-a337-7743cd6be04e,Bavarski dvor,62
4038e02e-f22f-4af0-ba4f-7aab855b53af,1e157c31-d34d-4c2e-91b4-8c000c88f6dd,a719a87c-4e93-4387-a6d1-2631a487f7e0,Ajdovščina,4
9a14b0ec-f13a-46f0-8c4f-07d8b99241e2,f15ddf31-fc11-41ba-988d-376c83e38f58,c87db9be-1fba-4102-a743-0ee4317dd5af,Bavarski dvor,486
c297ac70-8f43-4fbc-a8a4-366ddb883a8d,7eb88e01-82e9-4af4-84d0-69c6ea9dc82c,fef200e9-4d98-425b-ab14-8110e2aa85d7,Drama,276
91fb6c6e-49cf-49d3-97d4-6ae228f9bfa1,8eeea585-6168-45b8-a5d4-336e61826043,fef200e9-4d98-425b-ab14-8110e2aa85d7,Drama,47
a2ce7e6f-0f99-443a-a973-81a0b9c60261,38b3abed-0592-407b-96c3-85a026f2e192,c87db9be-1fba-4102-a743-0ee4317dd5af,Bavarski dvor,72
609f0950-bb8c-4eaf-a931-8575b8aff1ac,47637057-8d6a-4cf9-bd56-3ac90748fcc4,295616c0-387b-4f60-a337-7743cd6be04e,Bavarski dvor,57
271db19a-744b-41a0-869d-0c3e0e2cb6bf,5d7f28a6-2a2a-4333-aa06-48edfb652f86,7fa32ea0-e884-435a-a81c-51bbd5cedf3e,Zaloška,11
923bd774-0651-4e0a-8624-3acfb7ecd5ff,58db973d-ecbb-4aa6-a56c-c26aaff7f263,fef200e9-4d98-425b-ab14-8110e2aa85d7,Drama,45
48507e1a-32df-4552-9448-3b345760b75f,093afa81-b65f-4182-bac3-afbc00558a9b,295616c0-387b-4f60-a337-7743cd6be04e,Bavarski dvor,19
f15ddf31-fc11-41ba-988d-376c83e38f58,2f874852-bc80-4ff3-b6bf-a914e31251c8,abc9fd26-5442-468b-93b6-4d5eb76d0f1f,BTC-Emporium,127
a0b1fb90-3f6a-4231-910a-18be192ac762,9bd3ee10-bc61-44e8-8cf3-a37cffd54da0,fef200e9-4d98-425b-ab14-8110e2aa85d7,Drama,533
9746f277-af08-4cce-92fa-41da5eca8ac2,a719a87c-4e93-4387-a6d1-2631a487f7e0,5d7f28a6-2a2a-4333-aa06-48edfb652f86,Pošta,32
3c6ebf90-c611-4535-b2b0-22fba3f7649a,db13a26e-19d4-4b8a-a78a-01ef25d58834,fef200e9-4d98-425b-ab14-8110e2aa85d7,Drama,138
8589e5d1-21b4-4210-ad7a-4bf91f9a715d,ef31a8be-b01d-44cd-95cf-3db8e918af26,5d7f28a6-2a2a-4333-aa06-48edfb652f86,Pošta,38
484b5c91-1220-43ba-af79-84e712fcc46b,35aedf45-cca3-4f2f-931b-138d29d20fe9,98fa3880-5936-4ec8-ba04-39c7ff9a0e6a,Stara cerkev,104
294c40c4-18e4-4d92-a947-911a8623de89,e786b2df-34ed-4246-832e-7c3d538ac1f4,fef200e9-4d98-425b-ab14-8110e2aa85d7,Drama,389
6182f8e8-c45e-4606-b4a4-d909bd44d2cc,0b4a072e-6c2d-4c71-ab80-2b7142df81de,N/A,N/A,660
bc66f88b-1412-44cb-b921-030d27335261,e786b2df-34ed-4246-832e-7c3d538ac1f4,093afa81-b65f-4182-bac3-afbc00558a9b,Koseze,64
9a1c4c65-df77-481f-87ad-56143f02a864,aa42017d-812a-4175-bc9b-0fec03b18931,7484317c-269f-425f-8118-23eedab4e5f1,Tivoli,76
80c65758-5f25-4003-8d55-10ff96fe8310,fb0042f8-d9e2-4916-b60a-38a026acf0c9,7fa32ea0-e884-435a-a81c-51bbd5cedf3e,Zaloška,421
9e109242-5aad-4fb7-b0c8-576eef8aa4e0,96d4c75b-6452-4c70-a31e-c234262ba38b,eb165f50-9c43-4b09-9658-469a16d3dc83,Kodeljevo,191
a2f479c6-4c21-4923-b4ac-86f752507cee,294c40c4-18e4-4d92-a947-911a8623de89,N/A,N/A,660
80c65758-5f25-4003-8d55-10ff96fe8310,1b0f629f-acdb-4e94-8c54-018f4334ebf7,f33b721f-a8a3-4aad-96f2-077da09ebaa6,Razstavišče,419
dfde6478-02b5-471b-a470-29cb0e84542f,923bd774-0651-4e0a-8624-3acfb7ecd5ff,fef200e9-4d98-425b-ab14-8110e2aa85d7,Drama,235
8512e1be-4637-483b-a3e6-78ccc6d2c5b1,d4c51b31-46fd-4da8-ba15-8068e666d483,N/A,N/A,660
5de6ff80-1352-43df-b5ec-1df59f2f492b,2f18bcfa-6189-4de4-b06f-132d3392e7d6,a719a87c-4e93-4387-a6d1-2631a487f7e0,Ajdovščina,66
ef31a8be-b01d-44cd-95cf-3db8e918af26,592b37eb-8255-4758-ae8a-7cef98521013,f33b721f-a8a3-4aad-96f2-077da09ebaa6,Razstavišče,324
eb165f50-9c43-4b09-9658-469a16d3dc83,3edd6057-3847-4c42-b8ec-6e89ff95793a,295616c0-387b-4f60-a337-7743cd6be04e,Bavarski dvor,54
1dc99fbb-5496-4aab-a4b6-32e653ccc789,c5ec5e81-2ce4-452d-bd7a-595de4f8b34f,c87db9be-1fba-4102-a743-0ee4317dd5af,Bavarski dvor,54
25cde952-4896-4977-b229-75e09b3e3661,4038e02e-f22f-4af0-ba4f-7aab855b53af,295616c0-387b-4f60-a337-7743cd6be04e,Bavarski dvor,366
9bd3ee10-bc61-44e8-8cf3-a37cffd54da0,0be237aa-4b91-4d2b-ac23-0cebac975a0d,295616c0-387b-4f60-a337-7743cd6be04e,Bavarski dvor,20
1ce1c3a8-e0f6-4f90-b1aa-1448759d8b3c,b59656a4-b6e7-4b87-977c-078c59088a50,c87db9be-1fba-4102-a743-0ee4317dd5af,Bavarski dvor,184
9cfac7e2-9653-4e52-a6d3-27756d27f817,2ec182e2-769f-427f-b9b5-c4118890cb96,c87db9be-1fba-4102-a743-0ee4317dd5af,Bavarski dvor,106
5d7f28a6-2a2a-4333-aa06-48edfb652f86,ef31a8be-b01d-44cd-95cf-3db8e918af26,c87db9be-1fba-4102-a743-0ee4317dd5af,Bavarski dvor,227
609f0950-bb8c-4eaf-a931-8575b8aff1ac,bc66f88b-1412-44cb-b921-030d27335261,fef200e9-4d98-425b-ab14-8110e2aa85d7,Drama,87
db13a26e-19d4-4b8a-a78a-01ef25d58834,cdabf1ea-b04c-480a-8359-72c46e6864ab,fef200e9-4d98-425b-ab14-8110e2aa85d7,Drama,16
f14a6236-8af2-47bf-9270-432377662a63,1ce1c3a8-e0f6-4f90-b1aa-1448759d8b3c,c87db9be-1fba-4102-a743-0ee4317dd5af,Bavarski dvor,320
f14a6236-8af2-47bf-9270-432377662a63,7c149b59-2bc6-45cb-95c8-69e18a0db627,717dda7e-d793-4697-8f60-b64ee8b1edc4,Gosposvetska,126
aa42017d-812a-4175-bc9b-0fec03b18931,6edebb46-d04f-45c4-99a4-100f7f0b2660,5d7f28a6-2a2a-4333-aa06-48edfb652f86,Pošta,221
f4cfd904-bd11-4247-95df-32c4555a930f,f15ddf31-fc11-41ba-988d-376c83e38f58,295616c0-387b-4f60-a337-7743cd6be04e,Bavarski dvor,59
a0e0a21b-b8ce-4d76-bbc2-04e179367fee,0be237aa-4b91-4d2b-ac23-0cebac975a0d,fef200e9-4d98-425b-ab14-8110e2aa85d7,Drama,167
58db973d-ecbb-4aa6-a56c-c26aaff7f263,4e8ccfa1-b58c-4ee1-ad82-2e8a645071f3,1b3ddeca-a066-43ee-9ae5-8339628129c2,Žale,96
58db973d-ecbb-4aa6-a56c-c26aaff7f263,c22879e5-8e90-4540-9a74-5f139208e492,a719a87c-4e93-4387-a6d1-2631a487f7e0,Ajdovščina,2
98fa3880-5936-4ec8-ba04-39c7ff9a0e6a,454817d3-3750-49c7-994c-14d06fd2c634,fef200e9-4d98-425b-ab14-8110e2aa85d7,Drama,28
f2b27cbd-5207-4281-8f67-6369d0c50a9b,4e8ccfa1-b58c-4ee1-ad82-2e8a645071f3,9a1c4c65-df77-481f-87ad-56143f02a864,Vižmarje,263
e9d9f622-7394-4c5c-9031-a41855a64aa7,86a75ffc-a78f-401f-8991-2eb0371417b2,fef200e9-4d98-425b-ab14-8110e2aa85d7,Drama,495
7fad8003-fb10-489d-bf8d-6d433310ad90,4e8ccfa1-b58c-4ee1-ad82-2e8a645071f3,ecc4ae87-ae08-4b94-995c-452fdd94df7f,Privoz,658
f14a6236-8af2-47bf-9270-432377662a63,1e157c31-d34d-4c2e-91b4-8c000c88f6dd,cee2862b-9b70-4880-8fa3-16c6d2efae1b,AMZS,270
2388ce1f-c947-42d7-97f3-e01a7254c933,6182f8e8-c45e-4606-b4a4-d909bd44d2cc,N/A,N/A,660
4038e02e-f22f-4af0-ba4f-7aab855b53af,717c914e-f928-4671-95f6-26c1ddb95799,fef200e9-4d98-425b-ab14-8110e2aa85d7,Drama,150
a7094427-e180-4deb-acaf-5d4488326e9e,717dda7e-d793-4697-8f60-b64ee8b1edc4,7bcbdcaa-00b9-47d4-8982-09da26cd7bcb,Zaloška,33
c5ec5e81-2ce4-452d-bd7a-595de4f8b34f,48b163cd-b819-4849-aee1-8b1da77657ab,N/A,N/A,660
379bc761-04b5-4227-be76-3b870fe3e69f,4038e02e-f22f-4af0-ba4f-7aab855b53af,c87db9be-1fba-4102-a743-0ee4317dd5af,Bavarski dvor,19
bc66f88b-1412-44cb-b921-030d27335261,12304b99-9a07-485a-a101-eaca90495d48,c87db9be-1fba-4102-a743-0ee4317dd5af,Bavarski dvor,52
35aedf45-cca3-4f2f-931b-138d29d20fe9,25cde952-4896-4977-b229-75e09b3e3661,48b163cd-b819-4849-aee1-8b1da77657ab,Šentvid,226
3edd6057-3847-4c42-b8ec-6e89ff95793a,38b3abed-0592-407b-96c3-85a026f2e192,a719a87c-4e93-4387-a6d1-2631a487f7e0,Ajdovščina,52
9b0074d2-2c92-4c01-830b-00be8e05b412,7310c006-62b8-4f94-bb9c-d5c26cb3faad,fef200e9-4d98-425b-ab14-8110e2aa85d7,Drama,38
a2f479c6-4c21-4923-b4ac-86f752507cee,223f660b-c391-4120-bf3c-7bf06781686b,N/A,N/A,660
47a3bd8a-72ae-4e20-b43f-10bfaf49012c,1b3ddeca-a066-43ee-9ae5-8339628129c2,6a89c110-a0f8-4b1a-87f0-33f49c0a658e,Šola Jarše,109
b59656a4-b6e7-4b87-977c-078c59088a50,923bd774-0651-4e0a-8624-3acfb7ecd5ff,4038e02e-f22f-4af0-ba4f-7aab855b53af,Kneza Koclja,72
e9d9f622-7394-4c5c-9031-a41855a64aa7,58db973d-ecbb-4aa6-a56c-c26aaff7f263,f4cfd904-bd11-4247-95df-32c4555a930f,Klinični center,11
05643914-8ff7-4064-8737-2761d44a083f,923bd774-0651-4e0a-8624-3acfb7ecd5ff,c87db9be-1fba-4102-a743-0ee4317dd5af,Bavarski dvor,14
86a75ffc-a78f-401f-8991-2eb0371417b2,f4cfd904-bd11-4247-95df-32c4555a930f,fef200e9-4d98-425b-ab14-8110e2aa85d7,Drama,240
5d7f28a6-2a2a-4333-aa06-48edfb652f86,47637057-8d6a-4cf9-bd56-3ac90748fcc4,6182f8e8-c45e-4606-b4a4-d909bd44d2cc,Gornji trg,62
e786b2df-34ed-4246-832e-7c3d538ac1f4,223f660b-c391-4120-bf3c-7bf06781686b,f33b721f-a8a3-4aad-96f2-077da09ebaa6,Razstavišče,101
5de84f88-3f32-4636-8c30-03cc267ecf37,e9382efd-d64d-46b0-9a7d-a4e6a0188725,c87db9be-1fba-4102-a743-0ee4317dd5af,Bavarski dvor,149
295616c0-387b-4f60-a337-7743cd6be04e,3edd6057-3847-4c42-b8ec-6e89ff95793a,f33b721f-a8a3-4aad-96f2-077da09ebaa6,Razstavišče,35
6459bd02-d8f8-413e-9402-10b916f09a4f,0be237aa-4b91-4d2b-ac23-0cebac975a0d,c87db9be-1fba-4102-a743-0ee4317dd5af,Bavarski dvor,258
c297ac70-8f43-4fbc-a8a4-366ddb883a8d,c22879e5-8e90-4540-9a74-5f139208e492,fef200e9-4d98-425b-ab14-8110e2aa85d7,Drama,223
fb0042f8-d9e2-4916-b60a-38a026acf0c9,769b7bc7-4f95-4bb2-9c99-37ba8e8b4bd5,fef200e9-4d98-425b-ab14-8110e2aa85d7,Drama,38
db13a26e-19d4-4b8a-a78a-01ef25d58834,ef31a8be-b01d-44cd-95cf-3db8e918af26,5d7f28a6-2a2a-4333-aa06-48edfb652f86,Pošta,198
484b5c91-1220-43ba-af79-84e712fcc46b,e468b92f-fa4a-4819-bb11-37761deaf4ca,c87db9be-1fba-4102-a743-0ee4317dd5af,Bavarski dvor,200
05643914-8ff7-4064-8737-2761d44a083f,cee2862b-9b70-4880-8fa3-16c6d2efae1b,6c56976b-4ae1-429f-bcab-0cfc37e3580d,Zgornji log,102
6459bd02-d8f8-413e-9402-10b916f09a4f,fef200e9-4d98-425b-ab14-8110e2aa85d7,f33b721f-a8a3-4aad-96f2-077da09ebaa6,Razstavišče,91
093afa81-b65f-4182-bac3-afbc00558a9b,717c914e-f928-4671-95f6-26c1ddb95799,295616c0-387b-4f60-a337-7743cd6be04e,Bavarski dvor,39
9cfac7e2-9653-4e52-a6d3-27756d27f817,e6f5183b-c615-4f47-b4fb-204ee070e825,fef200e9-4d98-425b-ab14-8110e2aa85d7,Drama,118
e0bcd677-6012-4c90-a884-44dffafdffec,fb0042f8-d9e2-4916-b60a-38a026acf0c9,c87db9be-1fba-4102-a743-0ee4317dd5af,Bavarski dvor,17
5cc8a08d-c0af-491f-9a9c-b8b4f5f23bc0,6182f8e8-c45e-4606-b4a4-d909bd44d2cc,5d7f28a6-2a2a-4333-aa06-48edfb652f86,Pošta,85
2f18bcfa-6189-4de4-b06f-132d3392e7d6,8512e1be-4637-483b-a3e6-78ccc6d2c5b1,f14a6236-8af2-47bf-9270-432377662a63,Viadukt,91
f2b27cbd-5207-4281-8f67-6369d0c50a9b,8589e5d1-21b4-4210-ad7a-4bf91f9a715d,a2ce7e6f-0f99-443a-a973-81a0b9c60261,Astra,319
1dc99fbb-5496-4aab-a4b6-32e653ccc789,3c6ebf90-c611-4535-b2b0-22fba3f7649a,c87db9be-1fba-4102-a743-0ee4317dd5af,Bavarski dvor,136
769b7bc7-4f95-4bb2-9c99-37ba8e8b4bd5,e9d9f622-7394-4c5c-9031-a41855a64aa7,5d7f28a6-2a2a-4333-aa06-48edfb652f86,Pošta,40
923bd774-0651-4e0a-8624-3acfb7ecd5ff,2ec182e2-769f-427f-b9b5-c4118890cb96,a719a87c-4e93-4387-a6d1-2631a487f7e0,Ajdovščina,137
8598b85d-3e1d-4767-b72f-0c209038841f,7c149b59-2bc6-45cb-95c8-69e18a0db627,295616c0-387b-4f60-a337-7743cd6be04e,Bavarski dvor,141
77dcd833-fa4d-4c5a-93b1-31284942e61d,5cc8a08d-c0af-491f-9a9c-b8b4f5f23bc0,f33b721f-a8a3-4aad-96f2-077da09ebaa6,Razstavišče,49
05643914-8ff7-4064-8737-2761d44a083f,48507e1a-32df-4552-9448-3b345760b75f,a0e0a21b-b8ce-4d76-bbc2-04e179367fee,Šola Jarše,374
7eb88e01-82e9-4af4-84d0-69c6ea9dc82c,023d7b7a-b411-4e61-8746-b07f9e5c8f90,5d7f28a6-2a2a-4333-aa06-48edfb652f86,Pošta,385
c297ac70-8f43-4fbc-a8a4-366ddb883a8d,8512e1be-4637-483b-a3e6-78ccc6d2c5b1,7fa32ea0-e884-435a-a81c-51bbd5cedf3e,Zaloška,232
4ca7ae7e-380b-45e3-81de-00ffab5bb531,0dc86a8f-0f41-44c7-978c-e06cb63cbbcf,f4cfd904-bd11-4247-95df-32c4555a930f,Klinični center,292
9746f277-af08-4cce-92fa-41da5eca8ac2,ecc4ae87-ae08-4b94-995c-452fdd94df7f,295616c0-387b-4f60-a337-7743cd6be04e,Bavarski dvor,172
a7177a3d-8db2-43fb-8910-f95857f0ed97,5de6ff80-1352-43df-b5ec-1df59f2f492b,N/A,N/A,660
e6f5183b-c615-4f47-b4fb-204ee070e825,379bc761-04b5-4227-be76-3b870fe3e69f,fef200e9-4d98-425b-ab14-8110e2aa85d7,Drama,134
88cdd36c-03d2-4374-a22f-110dd9f75ea0,295616c0-387b-4f60-a337-7743cd6be04e,fef200e9-4d98-425b-ab14-8110e2aa85d7,Drama,11
a0b1fb90-3f6a-4231-910a-18be192ac762,05643914-8ff7-4064-8737-2761d44a083f,a2ce7e6f-0f99-443a-a973-81a0b9c60261,Astra,77
fb7704f0-d31e-4561-83e4-621a8c62654b,12304b99-9a07-485a-a101-eaca90495d48,fef200e9-4d98-425b-ab14-8110e2aa85d7,Drama,124
05643914-8ff7-4064-8737-2761d44a083f,093afa81-b65f-4182-bac3-afbc00558a9b,295616c0-387b-4f60-a337-7743cd6be04e,Bavarski dvor,33
7c149b59-2bc6-45cb-95c8-69e18a0db627,0dc86a8f-0f41-44c7-978c-e06cb63cbbcf,a719a87c-4e93-4387-a6d1-2631a487f7e0,Ajdovščina,226
9e109242-5aad-4fb7-b0c8-576eef8aa4e0,609f0950-bb8c-4eaf-a931-8575b8aff1ac,c87db9be-1fba-4102-a743-0ee4317dd5af,Bavarski dvor,238
a7094427-e180-4deb-acaf-5d4488326e9e,58db973d-ecbb-4aa6-a56c-c26aaff7f263,f33b721f-a8a3-4aad-96f2-077da09ebaa6,Razstavišče,178
1b0f629f-acdb-4e94-8c54-018f4334ebf7,48b163cd-b819-4849-aee1-8b1da77657ab,fef200e9-4d98-425b-ab14-8110e2aa85d7,Drama,206
ef31a8be-b01d-44cd-95cf-3db8e918af26,f4cfd904-bd11-4247-95df-32c4555a930f,295616c0-387b-4f60-a337-7743cd6be04e,Bavarski dvor,99
277bc73c-e61d-4046-bcfd-31d6161c568e,a7177a3d-8db2-43fb-8910-f95857f0ed97,N/A,N/A,660
e468b92f-fa4a-4819-bb11-37761deaf4ca,2f874852-bc80-4ff3-b6bf-a914e31251c8,77dcd833-fa4d-4c5a-93b1-31284942e61d,Šišenska,207
98b60d07-8054-441a-be44-be7aa24f4253,91fb6c6e-49cf-49d3-97d4-6ae228f9bfa1,0be237aa-4b91-4d2b-ac23-0cebac975a0d,Cankarjev dom,139
8eeea585-6168-45b8-a5d4-336e61826043,7c149b59-2bc6-45cb-95c8-69e18a0db627,717dda7e-d793-4697-8f60-b64ee8b1edc4,Gosposvetska,37
21764d19-62cc-49fd-bac9-403aeac6a6b9,484b5c91-1220-43ba-af79-84e712fcc46b,88cdd36c-03d2-4374-a22f-110dd9f75ea0,Kajuhova,209
eb165f50-9c43-4b09-9658-469a16d3dc83,6559d555-672b-4633-8a81-0ae68fb963eb,aa42017d-812a-4175-bc9b-0fec03b18931,Ambrožev trg,44
2388ce1f-c947-42d7-97f3-e01a7254c933,81f21fc1-3bd2-4d2a-b563-2d063479c68e,N/A,N/A,660
6bd46cb7-9e5d-453a-878a-bcc38fb2a5f2,cdabf1ea-b04c-480a-8359-72c46e6864ab,fef200e9-4d98-425b-ab14-8110e2aa85d7,Drama,342
6bd46cb7-9e5d-453a-878a-bcc38fb2a5f2,9b0074d2-2c92-4c01-830b-00be8e05b412,f2b27cbd-5207-4281-8f67-6369d0c50a9b,Kodrova,338
023d7b7a-b411-4e61-8746-b07f9e5c8f90,db13a26e-19d4-4b8a-a78a-01ef25d58834,717dda7e-d793-4697-8f60-b64ee8b1edc4,Gosposvetska,660
aa42017d-812a-4175-bc9b-0fec03b18931,5cc8a08d-c0af-491f-9a9c-b8b4f5f23bc0,a719a87c-4e93-4387-a6d1-2631a487f7e0,Ajdovščina,115
a2f479c6-4c21-4923-b4ac-86f752507cee,2f18bcfa-6189-4de4-b06f-132d3392e7d6,N/A,N/A,660
023d7b7a-b411-4e61-8746-b07f9e5c8f90,9bd3ee10-bc61-44e8-8cf3-a37cffd54da0,c87db9be-1fba-4102-a743-0ee4317dd5af,Bavarski dvor,209
47637057-8d6a-4cf9-bd56-3ac90748fcc4,6559d555-672b-4633-8a81-0ae68fb963eb,717dda7e-d793-4697-8f60-b64ee8b1edc4,Gosposvetska,86
88cdd36c-03d2-4374-a22f-110dd9f75ea0,1035c6f7-304e-4329-a3b2-4eb5d985a577,fef200e9-4d98-425b-ab14-8110e2aa85d7,Drama,341
c87db9be-1fba-4102-a743-0ee4317dd5af,2f18bcfa-6189-4de4-b06f-132d3392e7d6,c87db9be-1fba-4102-a743-0ee4317dd5af,Bavarski dvor,155
f4cfd904-bd11-4247-95df-32c4555a930f,6459bd02-d8f8-413e-9402-10b916f09a4f,f33b721f-a8a3-4aad-96f2-077da09ebaa6,Razstavišče,284
6a89c110-a0f8-4b1a-87f0-33f49c0a658e,c87db9be-1fba-4102-a743-0ee4317dd5af,c87db9be-1fba-4102-a743-0ee4317dd5af,Bavarski dvor,103
7fa32ea0-e884-435a-a81c-51bbd5cedf3e,294c40c4-18e4-4d92-a947-911a8623de89,88cdd36c-03d2-4374-a22f-110dd9f75ea0,Kajuhova,158
db13a26e-19d4-4b8a-a78a-01ef25d58834,e9382efd-d64d-46b0-9a7d-a4e6a0188725,c87db9be-1fba-4102-a743-0ee4317dd5af,Bavarski dvor,127
6edebb46-d04f-45c4-99a4-100f7f0b2660,223f660b-c391-4120-bf3c-7bf06781686b,7fad8003-fb10-489d-bf8d-6d433310ad90,Nove Jarše,182
1b3ddeca-a066-43ee-9ae5-8339628129c2,77dcd833-fa4d-4c5a-93b1-31284942e61d,fef200e9-4d98-425b-ab14-8110e2aa85d7,Drama,173
d4c51b31-46fd-4da8-ba15-8068e666d483,fef200e9-4d98-425b-ab14-8110e2aa85d7,f33b721f-a8a3-4aad-96f2-077da09ebaa6,Razstavišče,82
52e5adea-e194-4fc1-809c-1d6421f8f8db,e9d9f622-7394-4c5c-9031-a41855a64aa7,c87db9be-1fba-4102-a743-0ee4317dd5af,Bavarski dvor,10
eb165f50-9c43-4b09-9658-469a16d3dc83,923bd774-0651-4e0a-8624-3acfb7ecd5ff,295616c0-387b-4f60-a337-7743cd6be04e,Bavarski dvor,128
277bc73c-e61d-4046-bcfd-31d6161c568e,9b0074d2-2c92-4c01-830b-00be8e05b412,484b5c91-1220-43ba-af79-84e712fcc46b,Slovenija avto,185
a7094427-e180-4deb-acaf-5d4488326e9e,48507e1a-32df-4552-9448-3b345760b75f,7310c006-62b8-4f94-bb9c-d5c26cb3faad,Polje,1
86a75ffc-a78f-401f-8991-2eb0371417b2,8512e1be-4637-483b-a3e6-78ccc6d2c5b1,295616c0-387b-4f60-a337-7743cd6be04e,Bavarski dvor,110
eb165f50-9c43-4b09-9658-469a16d3dc83,dfde6478-02b5-471b-a470-29cb0e84542f,c87db9be-1fba-4102-a743-0ee4317dd5af,Bavarski dvor,321
ecc4ae87-ae08-4b94-995c-452fdd94df7f,ab987eb0-c970-4577-8db9-0cd507a6cab6,5d7f28a6-2a2a-4333-aa06-48edfb652f86,Pošta,590
7eb88e01-82e9-4af4-84d0-69c6ea9dc82c,1ce1c3a8-e0f6-4f90-b1aa-1448759d8b3c,c22879e5-8e90-4540-9a74-5f139208e492,Friškovec,35
1505c6fe-6080-424e-98d1-24c312cfacf3,1505c6fe-6080-424e-98d1-24c312cfacf3,5de6ff80-1352-43df-b5ec-1df59f2f492b,Pot na Rakovo jelšo,1
e0bcd677-6012-4c90-a884-44dffafdffec,bc66f88b-1412-44cb-b921-030d27335261,cdabf1ea-b04c-480a-8359-72c46e6864ab,Bežigrad,49
fb7704f0-d31e-4561-83e4-621a8c62654b,ef31a8be-b01d-44cd-95cf-3db8e918af26,c87db9be-1fba-4102-a743-0ee4317dd5af,Bavarski dvor,237
8c7fa045-888b-46d0-8189-6f82623bf481,1035c6f7-304e-4329-a3b2-4eb5d985a577,295616c0-387b-4f60-a337-7743cd6be04e,Bavarski dvor,249
a0e0a21b-b8ce-4d76-bbc2-04e179367fee,a7177a3d-8db2-43fb-8910-f95857f0ed97,N/A,N/A,660
f14a6236-8af2-47bf-9270-432377662a63,5cc8a08d-c0af-491f-9a9c-b8b4f5f23bc0,454817d3-3750-49c7-994c-14d06fd2c634,Žale,25
6edebb46-d04f-45c4-99a4-100f7f0b2660,4038e02e-f22f-4af0-ba4f-7aab855b53af,f33b721f-a8a3-4aad-96f2-077da09ebaa6,Razstavišče,201
e786b2df-34ed-4246-832e-7c3d538ac1f4,6c56976b-4ae1-429f-bcab-0cfc37e3580d,2ec182e2-769f-427f-b9b5-c4118890cb96,Stožice,63
dfde6478-02b5-471b-a470-29cb0e84542f,a7177a3d-8db2-43fb-8910-f95857f0ed97,N/A,N/A,660
c0ff37c8-ac6c-4284-ad32-0ad29fd30dc2,ac3afe7d-a2b3-4d5d-9e6a-1d2412a3bc70,484b5c91-1220-43ba-af79-84e712fcc46b,Slovenija avto,122
48507e1a-32df-4552-9448-3b345760b75f,0b4a072e-6c2d-4c71-ab80-2b7142df81de,f33b721f-a8a3-4aad-96f2-077da09ebaa6,Razstavišče,110
9e109242-5aad-4fb7-b0c8-576eef8aa4e0,295616c0-387b-4f60-a337-7743cd6be04e,a719a87c-4e93-4387-a6d1-2631a487f7e0,Ajdovščina,117
294c40c4-18e4-4d92-a947-911a8623de89,1b0f629f-acdb-4e94-8c54-018f4334ebf7,c22879e5-8e90-4540-9a74-5f139208e492,Friškovec,321
717c914e-f928-4671-95f6-26c1ddb95799,db13a26e-19d4-4b8a-a78a-01ef25d58834,295616c0-387b-4f60-a337-7743cd6be04e,Bavarski dvor,194
eb165f50-9c43-4b09-9658-469a16d3dc83,769b7bc7-4f95-4bb2-9c99-37ba8e8b4bd5,1ce1c3a8-e0f6-4f90-b1aa-1448759d8b3c,Astra,212
7fa32ea0-e884-435a-a81c-51bbd5cedf3e,80c65758-5f25-4003-8d55-10ff96fe8310,a0e0a21b-b8ce-4d76-bbc2-04e179367fee,Šola Jarše,66
717dda7e-d793-4697-8f60-b64ee8b1edc4,cee2862b-9b70-4880-8fa3-16c6d2efae1b,c87db9be-1fba-4102-a743-0ee4317dd5af,Bavarski dvor,228
6edebb46-d04f-45c4-99a4-100f7f0b2660,ab987eb0-c970-4577-8db9-0cd507a6cab6,6182f8e8-c45e-4606-b4a4-d909bd44d2cc,Gornji trg,5
295616c0-387b-4f60-a337-7743cd6be04e,48507e1a-32df-4552-9448-3b345760b75f,295616c0-387b-4f60-a337-7743cd6be04e,Bavarski dvor,216
1b0f629f-acdb-4e94-8c54-018f4334ebf7,8eeea585-6168-45b8-a5d4-336e61826043,fef200e9-4d98-425b-ab14-8110e2aa85d7,Drama,52
8512e1be-4637-483b-a3e6-78ccc6d2c5b1,7fa32ea0-e884-435a-a81c-51bbd5cedf3e,a719a87c-4e93-4387-a6d1-2631a487f7e0,Ajdovščina,146
aa42017d-812a-4175-bc9b-0fec03b18931,4ca7ae7e-380b-45e3-81de-00ffab5bb531,717dda7e-d793-4697-8f60-b64ee8b1edc4,Gosposvetska,54
271db19a-744b-41a0-869d-0c3e0e2cb6bf,2ec182e2-769f-427f-b9b5-c4118890cb96,aa42017d-812a-4175-bc9b-0fec03b18931,Ambrožev trg,11
a7094427-e180-4deb-acaf-5d4488326e9e,023d7b7a-b411-4e61-8746-b07f9e5c8f90,c87db9be-1fba-4102-a743-0ee4317dd5af,Bavarski dvor,353
0be237aa-4b91-4d2b-ac23-0cebac975a0d,eb165f50-9c43-4b09-9658-469a16d3dc83,023d7b7a-b411-4e61-8746-b07f9e5c8f90,Ambrožev trg,22
9bd3ee10-bc61-44e8-8cf3-a37cffd54da0,a2f479c6-4c21-4923-b4ac-86f752507cee,N/A,N/A,660
379bc761-04b5-4227-be76-3b870fe3e69f,5d7f28a6-2a2a-4333-aa06-48edfb652f86,295616c0-387b-4f60-a337-7743cd6be04e,Bavarski dvor,103
81f21fc1-3bd2-4d2a-b563-2d063479c68e,a0e0a21b-b8ce-4d76-bbc2-04e179367fee,a719a87c-4e93-4387-a6d1-2631a487f7e0,Ajdovščina,7
98fa3880-5936-4ec8-ba04-39c7ff9a0e6a,7310c006-62b8-4f94-bb9c-d5c26cb3faad,c87db9be-1fba-4102-a743-0ee4317dd5af,Bavarski dvor,11
bc66f88b-1412-44cb-b921-030d27335261,294c40c4-18e4-4d92-a947-911a8623de89,fef200e9-4d98-425b-ab14-8110e2aa85d7,Drama,202
f33b721f-a8a3-4aad-96f2-077da09ebaa6,9e109242-5aad-4fb7-b0c8-576eef8aa4e0,c87db9be-1fba-4102-a743-0ee4317dd5af,Bavarski dvor,63
9e109242-5aad-4fb7-b0c8-576eef8aa4e0,a0e0a21b-b8ce-4d76-bbc2-04e179367fee,1ce1c3a8-e0f6-4f90-b1aa-1448759d8b3c,Astra,118
295616c0-387b-4f60-a337-7743cd6be04e,12304b99-9a07-485a-a101-eaca90495d48,fef200e9-4d98-425b-ab14-8110e2aa85d7,Drama,10
9bd3ee10-bc61-44e8-8cf3-a37cffd54da0,7310c006-62b8-4f94-bb9c-d5c26cb3faad,a719a87c-4e93-4387-a6d1-2631a487f7e0,Ajdovščina,132
923bd774-0651-4e0a-8624-3acfb7ecd5ff,9e109242-5aad-4fb7-b0c8-576eef8aa4e0,295616c0-387b-4f60-a337-7743cd6be04e,Bavarski dvor,177
80c65758-5f25-4003-8d55-10ff96fe8310,cdabf1ea-b04c-480a-8359-72c46e6864ab,cdabf1ea-b04c-480a-8359-72c46e6864ab,Bežigrad,46
5de6ff80-1352-43df-b5ec-1df59f2f492b,4d216485-ef41-45e7-9182-0c254644955c,023d7b7a-b411-4e61-8746-b07f9e5c8f90,Ambrožev trg,73
7c149b59-2bc6-45cb-95c8-69e18a0db627,717dda7e-d793-4697-8f60-b64ee8b1edc4,98fa3880-5936-4ec8-ba04-39c7ff9a0e6a,Stara cerkev,154
717c914e-f928-4671-95f6-26c1ddb95799,e6f5183b-c615-4f47-b4fb-204ee070e825,223f660b-c391-4120-bf3c-7bf06781686b,Tovorni kolodvor,89
abc9fd26-5442-468b-93b6-4d5eb76d0f1f,2388ce1f-c947-42d7-97f3-e01a7254c933,N/A,N/A,660
47a3bd8a-72ae-4e20-b43f-10bfaf49012c,ac3afe7d-a2b3-4d5d-9e6a-1d2412a3bc70,f33b721f-a8a3-4aad-96f2-077da09ebaa6,Razstavišče,187
a0b1fb90-3f6a-4231-910a-18be192ac762,88cdd36c-03d2-4374-a22f-110dd9f75ea0,fef200e9-4d98-425b-ab14-8110e2aa85d7,Drama,126
5de84f88-3f32-4636-8c30-03cc267ecf37,9e109242-5aad-4fb7-b0c8-576eef8aa4e0,454817d3-3750-49c7-994c-14d06fd2c634,Žale,84
9bd3ee10-bc61-44e8-8cf3-a37cffd54da0,8598b85d-3e1d-4767-b72f-0c209038841f,c87db9be-1fba-4102-a743-0ee4317dd5af,Bavarski dvor,12
98fa3880-5936-4ec8-ba04-39c7ff9a0e6a,c5ec5e81-2ce4-452d-bd7a-595de4f8b34f,fef200e9-4d98-425b-ab14-8110e2aa85d7,Drama,48
5d7f28a6-2a2a-4333-aa06-48edfb652f86,db13a26e-19d4-4b8a-a78a-01ef25d58834,454817d3-3750-49c7-994c-14d06fd2c634,Žale,25
6edebb46-d04f-45c4-99a4-100f7f0b2660,f4cfd904-bd11-4247-95df-32c4555a930f,7fa32ea0-e884-435a-a81c-51bbd5cedf3e,Zaloška,4
5d7f28a6-2a2a-4333-aa06-48edfb652f86,a7177a3d-8db2-43fb-8910-f95857f0ed97,N/A,N/A,660
3fbf6322-fb74-4a50-a81a-bfca73abc26b,8589e5d1-21b4-4210-ad7a-4bf91f9a715d,48b163cd-b819-4849-aee1-8b1da77657ab,Šentvid,2
1505c6fe-6080-424e-98d1-24c312cfacf3,f33b721f-a8a3-4aad-96f2-077da09ebaa6,a719a87c-4e93-4387-a6d1-2631a487f7e0,Ajdovščina,55
77dcd833-fa4d-4c5a-93b1-31284942e61d,aa42017d-812a-4175-bc9b-0fec03b18931,5d7f28a6-2a2a-4333-aa06-48edfb652f86,Pošta,14
9bd3ee10-bc61-44e8-8cf3-a37cffd54da0,1ce1c3a8-e0f6-4f90-b1aa-1448759d8b3c,7fa32ea0-e884-435a-a81c-51bbd5cedf3e,Zaloška,376
c87db9be-1fba-4102-a743-0ee4317dd5af,80c65758-5f25-4003-8d55-10ff96fe8310,fef200e9-4d98-425b-ab14-8110e2aa85d7,Drama,112
bc66f88b-1412-44cb-b921-030d27335261,ecc4ae87-ae08-4b94-995c-452fdd94df7f,5de84f88-3f32-4636-8c30-03cc267ecf37,Podvozna pot,596
277bc73c-e61d-4046-bcfd-31d6161c568e,0b4a072e-6c2d-4c71-ab80-2b7142df81de,a719a87c-4e93-4387-a6d1-2631a487f7e0,Ajdovščina,225
5cc8a08d-c0af-491f-9a9c-b8b4f5f23bc0,9cfac7e2-9653-4e52-a6d3-27756d27f817,923bd774-0651-4e0a-8624-3acfb7ecd5ff,Gornje Poljane,123
6c56976b-4ae1-429f-bcab-0cfc37e3580d,98b60d07-8054-441a-be44-be7aa24f4253,295616c0-387b-4f60-a337-7743cd6be04e,Bavarski dvor,90
9a14b0ec-f13a-46f0-8c4f-07d8b99241e2,d98335a0-1291-4d4c-be62-16b11c356575,a2ce7e6f-0f99-443a-a973-81a0b9c60261,Astra,30
86a75ffc-a78f-401f-8991-2eb0371417b2,fb0042f8-d9e2-4916-b60a-38a026acf0c9,fef200e9-4d98-425b-ab14-8110e2aa85d7,Drama,95
cee2862b-9b70-4880-8fa3-16c6d2efae1b,c87db9be-1fba-4102-a743-0ee4317dd5af,484b5c91-1220-43ba-af79-84e712fcc46b,Slovenija avto,455
ef31a8be-b01d-44cd-95cf-3db8e918af26,294c40c4-18e4-4d92-a947-911a8623de89,fef200e9-4d98-425b-ab14-8110e2aa85d7,Drama,39
0b4a072e-6c2d-4c71-ab80-2b7142df81de,c0ff37c8-ac6c-4284-ad32-0ad29fd30dc2,4038e02e-f22f-4af0-ba4f-7aab855b53af,Kneza Koclja,16
98fa3880-5936-4ec8-ba04-39c7ff9a0e6a,eb165f50-9c43-4b09-9658-469a16d3dc83,f33b721f-a8a3-4aad-96f2-077da09ebaa6,Razstavišče,60
717dda7e-d793-4697-8f60-b64ee8b1edc4,1505c6fe-6080-424e-98d1-24c312cfacf3,c87db9be-1fba-4102-a743-0ee4317dd5af,Bavarski dvor,141
609f0950-bb8c-4eaf-a931-8575b8aff1ac,cee2862b-9b70-4880-8fa3-16c6d2efae1b,f2b27cbd-5207-4281-8f67-6369d0c50a9b,Kodrova,28
e786b2df-34ed-4246-832e-7c3d538ac1f4,8c7fa045-888b-46d0-8189-6f82623bf481,c87db9be-1fba-4102-a743-0ee4317dd5af,Bavarski dvor,20
a2ce7e6f-0f99-443a-a973-81a0b9c60261,717dda7e-d793-4697-8f60-b64ee8b1edc4,9a1c4c65-df77-481f-87ad-56143f02a864,Vižmarje,373
aa42017d-812a-4175-bc9b-0fec03b18931,98fa3880-5936-4ec8-ba04-39c7ff9a0e6a,c87db9be-1fba-4102-a743-0ee4317dd5af,Bavarski dvor,20
484b5c91-1220-43ba-af79-84e712fcc46b,c22879e5-8e90-4540-9a74-5f139208e492,f4cfd904-bd11-4247-95df-32c4555a930f,Klinični center,354
6c56976b-4ae1-429f-bcab-0cfc37e3580d,8598b85d-3e1d-4767-b72f-0c209038841f,6a89c110-a0f8-4b1a-87f0-33f49c0a658e,Šola Jarše,111
96d4c75b-6452-4c70-a31e-c234262ba38b,e9382efd-d64d-46b0-9a7d-a4e6a0188725,f33b721f-a8a3-4aad-96f2-077da09ebaa6,Razstavišče,70
fb7704f0-d31e-4561-83e4-621a8c62654b,6459bd02-d8f8-413e-9402-10b916f09a4f,fef200e9-4d98-425b-ab14-8110e2aa85d7,Drama,102
bc66f88b-1412-44cb-b921-030d27335261,db13a26e-19d4-4b8a-a78a-01ef25d58834,c87db9be-1fba-4102-a743-0ee4317dd5af,Bavarski dvor,546
4ca7ae7e-380b-45e3-81de-00ffab5bb531,1dc99fbb-5496-4aab-a4b6-32e653ccc789,295616c0-387b-4f60-a337-7743cd6be04e,Bavarski dvor,246
38b3abed-0592-407b-96c3-85a026f2e192,454817d3-3750-49c7-994c-14d06fd2c634,295616c0-387b-4f60-a337-7743cd6be04e,Bavarski dvor,79
6edebb46-d04f-45c4-99a4-100f7f0b2660,2f18bcfa-6189-4de4-b06f-132d3392e7d6,295616c0-387b-4f60-a337-7743cd6be04e,Bavarski dvor,130
609f0950-bb8c-4eaf-a931-8575b8aff1ac,a2ce7e6f-0f99-443a-a973-81a0b9c60261,N/A,N/A,660
abc9fd26-5442-468b-93b6-4d5eb76d0f1f,7fa32ea0-e884-435a-a81c-51bbd5cedf3e,484b5c91-1220-43ba-af79-84e712fcc46b,Slovenija avto,129
cee2862b-9b70-4880-8fa3-16c6d2efae1b,f15ddf31-fc11-41ba-988d-376c83e38f58,c87db9be-1fba-4102-a743-0ee4317dd5af,Bavarski dvor,21
35aedf45-cca3-4f2f-931b-138d29d20fe9,aa42017d-812a-4175-bc9b-0fec03b18931,454817d3-3750-49c7-994c-14d06fd2c634,Žale,192
1e157c31-d34d-4c2e-91b4-8c000c88f6dd,1b3ddeca-a066-43ee-9ae5-8339628129c2,1eadcdb9-60cd-47c9-8eec-527c3465a685,Polje,113
0b4a072e-6c2d-4c71-ab80-2b7142df81de,5de84f88-3f32-4636-8c30-03cc267ecf37,21764d19-62cc-49fd-bac9-403aeac6a6b9,Ježica,88
98fa3880-5936-4ec8-ba04-39c7ff9a0e6a,8589e5d1-21b4-4210-ad7a-4bf91f9a715d,eb165f50-9c43-4b09-9658-469a16d3dc83,Kodeljevo,280
1eadcdb9-60cd-47c9-8eec-527c3465a685,023d7b7a-b411-4e61-8746-b07f9e5c8f90,7c149b59-2bc6-45cb-95c8-69e18a0db627,Rusjanov trg,5
ef31a8be-b01d-44cd-95cf-3db8e918af26,cdabf1ea-b04c-480a-8359-72c46e6864ab,295616c0-387b-4f60-a337-7743cd6be04e,Bavarski dvor,94
fb7704f0-d31e-4561-83e4-621a8c62654b,96d4c75b-6452-4c70-a31e-c234262ba38b,48b163cd-b819-4849-aee1-8b1da77657ab,Šentvid,172
a7177a3d-8db2-43fb-8910-f95857f0ed97,bc66f88b-1412-44cb-b921-030d27335261,N/A,N/A,660
6c56976b-4ae1-429f-bcab-0cfc37e3580d,fef200e9-4d98-425b-ab14-8110e2aa85d7,295616c0-387b-4f60-a337-7743cd6be04e,Bavarski dvor,231
f2b27cbd-5207-4281-8f67-6369d0c50a9b,ac3afe7d-a2b3-4d5d-9e6a-1d2412a3bc70,cdabf1ea-b04c-480a-8359-72c46e6864ab,Bežigrad,63
fb7704f0-d31e-4561-83e4-621a8c62654b,271db19a-744b-41a0-869d-0c3e0e2cb6bf,484b5c91-1220-43ba-af79-84e712fcc46b,Slovenija avto,138
80c65758-5f25-4003-8d55-10ff96fe8310,4d216485-ef41-45e7-9182-0c254644955c,9cfac7e2-9653-4e52-a6d3-27756d27f817,Kino Šiška,132
a2ce7e6f-0f99-443a-a973-81a0b9c60261,1b3ddeca-a066-43ee-9ae5-8339628129c2,717dda7e-d793-4697-8f60-b64ee8b1edc4,Gosposvetska,198
c87db9be-1fba-4102-a743-0ee4317dd5af,1e157c31-d34d-4c2e-91b4-8c000c88f6dd,7fa32ea0-e884-435a-a81c-51bbd5cedf3e,Zaloška,279
717c914e-f928-4671-95f6-26c1ddb95799,271db19a-744b-41a0-869d-0c3e0e2cb6bf,a719a87c-4e93-4387-a6d1-2631a487f7e0,Ajdovščina,168
58db973d-ecbb-4aa6-a56c-c26aaff7f263,59ee5f7d-476b-4958-a922-2040a9308f3b,295616c0-387b-4f60-a337-7743cd6be04e,Bavarski dvor,40
86a75ffc-a78f-401f-8991-2eb0371417b2,3fbf6322-fb74-4a50-a81a-bfca73abc26b,7bcbdcaa-00b9-47d4-8982-09da26cd7bcb,Zaloška,419
fb7704f0-d31e-4561-83e4-621a8c62654b,7fad8003-fb10-489d-bf8d-6d433310ad90,7fa32ea0-e884-435a-a81c-51bbd5cedf3e,Zaloška,14
7eb88e01-82e9-4af4-84d0-69c6ea9dc82c,9746f277-af08-4cce-92fa-41da5eca8ac2,a719a87c-4e93-4387-a6d1-2631a487f7e0,Ajdovščina,204
aa42017d-812a-4175-bc9b-0fec03b18931,a7177a3d-8db2-43fb-8910-f95857f0ed97,N/A,N/A,660
c22879e5-8e90-4540-9a74-5f139208e492,7bcbdcaa-00b9-47d4-8982-09da26cd7bcb,717dda7e-d793-4697-8f60-b64ee8b1edc4,Gosposvetska,117
1035c6f7-304e-4329-a3b2-4eb5d985a577,a2f479c6-4c21-4923-b4ac-86f752507cee,N/A,N/A,660
9a1c4c65-df77-481f-87ad-56143f02a864,d98335a0-1291-4d4c-be62-16b11c356575,a719a87c-4e93-4387-a6d1-2631a487f7e0,Ajdovščina,146
ecc4ae87-ae08-4b94-995c-452fdd94df7f,4038e02e-f22f-4af0-ba4f-7aab855b53af,fef200e9-4d98-425b-ab14-8110e2aa85d7,Drama,50
4038e02e-f22f-4af0-ba4f-7aab855b53af,fef200e9-4d98-425b-ab14-8110e2aa85d7,223f660b-c391-4120-bf3c-7bf06781686b,Tovorni kolodvor,211
bc66f88b-1412-44cb-b921-030d27335261,5cc8a08d-c0af-491f-9a9c-b8b4f5f23bc0,cdabf1ea-b04c-480a-8359-72c46e6864ab,Bežigrad,43
a7094427-e180-4deb-acaf-5d4488326e9e,1b3ddeca-a066-43ee-9ae5-8339628129c2,fef200e9-4d98-425b-ab14-8110e2aa85d7,Drama,230
023d7b7a-b411-4e61-8746-b07f9e5c8f90,7484317c-269f-425f-8118-23eedab4e5f1,c87db9be-1fba-4102-a743-0ee4317dd5af,Bavarski dvor,63
5cc8a08d-c0af-491f-9a9c-b8b4f5f23bc0,81f21fc1-3bd2-4d2a-b563-2d063479c68e,ef31a8be-b01d-44cd-95cf-3db8e918af26,Emona,165
769b7bc7-4f95-4bb2-9c99-37ba8e8b4bd5,d98335a0-1291-4d4c-be62-16b11c356575,c87db9be-1fba-4102-a743-0ee4317dd5af,Bavarski dvor,39
ef31a8be-b01d-44cd-95cf-3db8e918af26,b59656a4-b6e7-4b87-977c-078c59088a50,cdabf1ea-b04c-480a-8359-72c46e6864ab,Bežigrad,74
717dda7e-d793-4697-8f60-b64ee8b1edc4,9a14b0ec-f13a-46f0-8c4f-07d8b99241e2,88cdd36c-03d2-4374-a22f-110dd9f75ea0,Kajuhova,642
9cfac7e2-9653-4e52-a6d3-27756d27f817,77dcd833-fa4d-4c5a-93b1-31284942e61d,a719a87c-4e93-4387-a6d1-2631a487f7e0,Ajdovščina,77
ac3afe7d-a2b3-4d5d-9e6a-1d2412a3bc70,5d7f28a6-2a2a-4333-aa06-48edfb652f86,aa42017d-812a-4175-bc9b-0fec03b18931,Ambrožev trg,25
25cde952-4896-4977-b229-75e09b3e3661,a2f479c6-4c21-4923-b4ac-86f752507cee,N/A,N/A,660
3edd6057-3847-4c42-b8ec-6e89ff95793a,1dc99fbb-5496-4aab-a4b6-32e653ccc789,f33b721f-a8a3-4aad-96f2-077da09ebaa6,Razstavišče,287
c297ac70-8f43-4fbc-a8a4-366ddb883a8d,05643914-8ff7-4064-8737-2761d44a083f,f2b27cbd-5207-4281-8f67-6369d0c50a9b,Kodrova,418
d4c51b31-46fd-4da8-ba15-8068e666d483,6559d555-672b-4633-8a81-0ae68fb963eb,a2ce7e6f-0f99-443a-a973-81a0b9c60261,Astra,329
294c40c4-18e4-4d92-a947-911a8623de89,2388ce1f-c947-42d7-97f3-e01a7254c933,N/A,N/A,660
25cde952-4896-4977-b229-75e09b3e3661,e9382efd-d64d-46b0-9a7d-a4e6a0188725,a719a87c-4e93-4387-a6d1-2631a487f7e0,Ajdovščina,182
023d7b7a-b411-4e61-8746-b07f9e5c8f90,5d7f28a6-2a2a-4333-aa06-48edfb652f86,717dda7e-d793-4697-8f60-b64ee8b1edc4,Gosposvetska,14
6182f8e8-c45e-4606-b4a4-d909bd44d2cc,d4c51b31-46fd-4da8-ba15-8068e666d483,c87db9be-1fba-4102-a743-0ee4317dd5af,Bavarski dvor,40
9e109242-5aad-4fb7-b0c8-576eef8aa4e0,223f660b-c391-4120-bf3c-7bf06781686b,295616c0-387b-4f60-a337-7743cd6be04e,Bavarski dvor,17
8512e1be-4637-483b-a3e6-78ccc6d2c5b1,379bc761-04b5-4227-be76-3b870fe3e69f,c87db9be-1fba-4102-a743-0ee4317dd5af,Bavarski dvor,3
a2ce7e6f-0f99-443a-a973-81a0b9c60261,6559d555-672b-4633-8a81-0ae68fb963eb,295616c0-387b-4f60-a337-7743cd6be04e,Bavarski dvor,192
9a14b0ec-f13a-46f0-8c4f-07d8b99241e2,7fad8003-fb10-489d-bf8d-6d433310ad90,a719a87c-4e93-4387-a6d1-2631a487f7e0,Ajdovščina,107
1b3ddeca-a066-43ee-9ae5-8339628129c2,98fa3880-5936-4ec8-ba04-39c7ff9a0e6a,a719a87c-4e93-4387-a6d1-2631a487f7e0,Ajdovščina,52
609f0950-bb8c-4eaf-a931-8575b8aff1ac,1b0f629f-acdb-4e94-8c54-018f4334ebf7,ac3afe7d-a2b3-4d5d-9e6a-1d2412a3bc70,Litostrojska,185
c297ac70-8f43-4fbc-a8a4-366ddb883a8d,dfde6478-02b5-471b-a470-29cb0e84542f,c87db9be-1fba-4102-a743-0ee4317dd5af,Bavarski dvor,29
9746f277-af08-4cce-92fa-41da5eca8ac2,8512e1be-4637-483b-a3e6-78ccc6d2c5b1,fef200e9-4d98-425b-ab14-8110e2aa85d7,Drama,20
aa42017d-812a-4175-bc9b-0fec03b18931,e468b92f-fa4a-4819-bb11-37761deaf4ca,295616c0-387b-4f60-a337-7743cd6be04e,Bavarski dvor,464
484b5c91-1220-43ba-af79-84e712fcc46b,c627c9f2-af02-4d83-969a-566719bb09e3,N/A,N/A,660
2f18bcfa-6189-4de4-b06f-132d3392e7d6,8598b85d-3e1d-4767-b72f-0c209038841f,295616c0-387b-4f60-a337-7743cd6be04e,Bavarski dvor,164
379bc761-04b5-4227-be76-3b870fe3e69f,5de84f88-3f32-4636-8c30-03cc267ecf37,717dda7e-d793-4697-8f60-b64ee8b1edc4,Gosposvetska,80
d4c51b31-46fd-4da8-ba15-8068e666d483,6a89c110-a0f8-4b1a-87f0-33f49c0a658e,c87db9be-1fba-4102-a743-0ee4317dd5af,Bavarski dvor,25
abc9fd26-5442-468b-93b6-4d5eb76d0f1f,fb7704f0-d31e-4561-83e4-621a8c62654b,ef31a8be-b01d-44cd-95cf-3db8e918af26,Emona,550
96d4c75b-6452-4c70-a31e-c234262ba38b,769b7bc7-4f95-4bb2-9c99-37ba8e8b4bd5,fef200e9-4d98-425b-ab14-8110e2aa85d7,Drama,3
6c56976b-4ae1-429f-bcab-0cfc37e3580d,8eeea585-6168-45b8-a5d4-336e61826043,a719a87c-4e93-4387-a6d1-2631a487f7e0,Ajdovščina,215
6a89c110-a0f8-4b1a-87f0-33f49c0a658e,bc66f88b-1412-44cb-b921-030d27335261,7fad8003-fb10-489d-bf8d-6d433310ad90,Nove Jarše,1
91fb6c6e-49cf-49d3-97d4-6ae228f9bfa1,c5ec5e81-2ce4-452d-bd7a-595de4f8b34f,fef200e9-4d98-425b-ab14-8110e2aa85d7,Drama,45
769b7bc7-4f95-4bb2-9c99-37ba8e8b4bd5,4038e02e-f22f-4af0-ba4f-7aab855b53af,fef200e9-4d98-425b-ab14-8110e2aa85d7,Drama,123
1b3ddeca-a066-43ee-9ae5-8339628129c2,86a75ffc-a78f-401f-8991-2eb0371417b2,484b5c91-1220-43ba-af79-84e712fcc46b,Slovenija avto,22
9bd3ee10-bc61-44e8-8cf3-a37cffd54da0,0be237aa-4b91-4d2b-ac23-0cebac975a0d,484b5c91-1220-43ba-af79-84e712fcc46b,Slovenija avto,399
cdabf1ea-b04c-480a-8359-72c46e6864ab,454817d3-3750-49c7-994c-14d06fd2c634,5de84f88-3f32-4636-8c30-03cc267ecf37,Podvozna pot,161
f33b721f-a8a3-4aad-96f2-077da09ebaa6,ab987eb0-c970-4577-8db9-0cd507a6cab6,b59656a4-b6e7-4b87-977c-078c59088a50,Hajdrihova,91
81f21fc1-3bd2-4d2a-b563-2d063479c68e,2f874852-bc80-4ff3-b6bf-a914e31251c8,c22879e5-8e90-4540-9a74-5f139208e492,Friškovec,126
98fa3880-5936-4ec8-ba04-39c7ff9a0e6a,0dc86a8f-0f41-44c7-978c-e06cb63cbbcf,7fa32ea0-e884-435a-a81c-51bbd5cedf3e,Zaloška,81
fb7704f0-d31e-4561-83e4-621a8c62654b,a719a87c-4e93-4387-a6d1-2631a487f7e0,c87db9be-1fba-4102-a743-0ee4317dd5af,Bavarski dvor,27
6bd46cb7-9e5d-453a-878a-bcc38fb2a5f2,3edd6057-3847-4c42-b8ec-6e89ff95793a,c87db9be-1fba-4102-a743-0ee4317dd5af,Bavarski dvor,20
a0e0a21b-b8ce-4d76-bbc2-04e179367fee,e0bcd677-6012-4c90-a884-44dffafdffec,f4cfd904-bd11-4247-95df-32c4555a930f,Klinični center,323
769b7bc7-4f95-4bb2-9c99-37ba8e8b4bd5,96d4c75b-6452-4c70-a31e-c234262ba38b,fef200e9-4d98-425b-ab14-8110e2aa85d7,Drama,3
a2f479c6-4c21-4923-b4ac-86f752507cee,1dc99fbb-5496-4aab-a4b6-32e653ccc789,N/A,N/A,660
294c40c4-18e4-4d92-a947-911a8623de89,8589e5d1-21b4-4210-ad7a-4bf91f9a715d,295616c0-387b-4f60-a337-7743cd6be04e,Bavarski dvor,377
484b5c91-1220-43ba-af79-84e712fcc46b,eb165f50-9c43-4b09-9658-469a16d3dc83,c87db9be-1fba-4102-a743-0ee4317dd5af,Bavarski dvor,60
4e8ccfa1-b58c-4ee1-ad82-2e8a645071f3,a2f479c6-4c21-4923-b4ac-86f752507cee,N/A,N/A,660
4ca7ae7e-380b-45e3-81de-00ffab5bb531,0dc86a8f-0f41-44c7-978c-e06cb63cbbcf,6182f8e8-c45e-4606-b4a4-d909bd44d2cc,Gornji trg,273
a719a87c-4e93-4387-a6d1-2631a487f7e0,1505c6fe-6080-424e-98d1-24c312cfacf3,c87db9be-1fba-4102-a743-0ee4317dd5af,Bavarski dvor,32
ab987eb0-c970-4577-8db9-0cd507a6cab6,7c149b59-2bc6-45cb-95c8-69e18a0db627,a0e0a21b-b8ce-4d76-bbc2-04e179367fee,Šola Jarše,135
3c6ebf90-c611-4535-b2b0-22fba3f7649a,7484317c-269f-425f-8118-23eedab4e5f1,c87db9be-1fba-4102-a743-0ee4317dd5af,Bavarski dvor,421
7eb88e01-82e9-4af4-84d0-69c6ea9dc82c,9bd3ee10-bc61-44e8-8cf3-a37cffd54da0,5de84f88-3f32-4636-8c30-03cc267ecf37,Podvozna pot,83
98b60d07-8054-441a-be44-be7aa24f4253,3fbf6322-fb74-4a50-a81a-bfca73abc26b,484b5c91-1220-43ba-af79-84e712fcc46b,Slovenija avto,3
ab987eb0-c970-4577-8db9-0cd507a6cab6,2ec182e2-769f-427f-b9b5-c4118890cb96,093afa81-b65f-4182-bac3-afbc00558a9b,Koseze,92
9a14b0ec-f13a-46f0-8c4f-07d8b99241e2,cee2862b-9b70-4880-8fa3-16c6d2efae1b,N/A,N/A,660
dfde6478-02b5-471b-a470-29cb0e84542f,6459bd02-d8f8-413e-9402-10b916f09a4f,a0b1fb90-3f6a-4231-910a-18be192ac762,Flajšmanova,545
fb0042f8-d9e2-4916-b60a-38a026acf0c9,bc66f88b-1412-44cb-b921-030d27335261,f2b27cbd-5207-4281-8f67-6369d0c50a9b,Kodrova,2
ab987eb0-c970-4577-8db9-0cd507a6cab6,0be237aa-4b91-4d2b-ac23-0cebac975a0d,295616c0-387b-4f60-a337-7743cd6be04e,Bavarski dvor,395
47a3bd8a-72ae-4e20-b43f-10bfaf49012c,7bcbdcaa-00b9-47d4-8982-09da26cd7bcb,a719a87c-4e93-4387-a6d1-2631a487f7e0,Ajdovščina,159
6182f8e8-c45e-4606-b4a4-d909bd44d2cc,fb7704f0-d31e-4561-83e4-621a8c62654b,98fa3880-5936-4ec8-ba04-39c7ff9a0e6a,Stara cerkev,34
f2b27cbd-5207-4281-8f67-6369d0c50a9b,5cc8a08d-c0af-491f-9a9c-b8b4f5f23bc0,295616c0-387b-4f60-a337-7743cd6be04e,Bavarski dvor,168
7484317c-269f-425f-8118-23eedab4e5f1,25cde952-4896-4977-b229-75e09b3e3661,f33b721f-a8a3-4aad-96f2-077da09ebaa6,Razstavišče,28
7484317c-269f-425f-8118-23eedab4e5f1,81f21fc1-3bd2-4d2a-b563-2d063479c68e,fef200e9-4d98-425b-ab14-8110e2aa85d7,Drama,137
98b60d07-8054-441a-be44-be7aa24f4253,6a89c110-a0f8-4b1a-87f0-33f49c0a658e,c87db9be-1fba-4102-a743-0ee4317dd5af,Bavarski dvor,346
1035c6f7-304e-4329-a3b2-4eb5d985a577,4038e02e-f22f-4af0-ba4f-7aab855b53af,e6f5183b-c615-4f47-b4fb-204ee070e825,Bežigrad,44
d4c51b31-46fd-4da8-ba15-8068e666d483,58db973d-ecbb-4aa6-a56c-c26aaff7f263,c87db9be-1fba-4102-a743-0ee4317dd5af,Bavarski dvor,126
80c65758-5f25-4003-8d55-10ff96fe8310,1ce1c3a8-e0f6-4f90-b1aa-1448759d8b3c,7fad8003-fb10-489d-bf8d-6d433310ad90,Nove Jarše,269
6c56976b-4ae1-429f-bcab-0cfc37e3580d,223f660b-c391-4120-bf3c-7bf06781686b,fef200e9-4d98-425b-ab14-8110e2aa85d7,Drama,139
717dda7e-d793-4697-8f60-b64ee8b1edc4,1eadcdb9-60cd-47c9-8eec-527c3465a685,c87db9be-1fba-4102-a743-0ee4317dd5af,Bavarski dvor,186
4d216485-ef41-45e7-9182-0c254644955c,4038e02e-f22f-4af0-ba4f-7aab855b53af,N/A,N/A,660
1dc99fbb-5496-4aab-a4b6-32e653ccc789,8eeea585-6168-45b8-a5d4-336e61826043,c22879e5-8e90-4540-9a74-5f139208e492,Friškovec,28
25cde952-4896-4977-b229-75e09b3e3661,a7177a3d-8db2-43fb-8910-f95857f0ed97,N/A,N/A,660
81f21fc1-3bd2-4d2a-b563-2d063479c68e,0dc86a8f-0f41-44c7-978c-e06cb63cbbcf,fef200e9-4d98-425b-ab14-8110e2aa85d7,Drama,151
52e5adea-e194-4fc1-809c-1d6421f8f8db,4038e02e-f22f-4af0-ba4f-7aab855b53af,aa42017d-812a-4175-bc9b-0fec03b18931,Ambrožev trg,455
0be237aa-4b91-4d2b-ac23-0cebac975a0d,1505c6fe-6080-424e-98d1-24c312cfacf3,fef200e9-4d98-425b-ab14-8110e2aa85d7,Drama,179
6c56976b-4ae1-429f-bcab-0cfc37e3580d,8598b85d-3e1d-4767-b72f-0c209038841f,81f21fc1-3bd2-4d2a-b563-2d063479c68e,Štepanja vas,112
6bd46cb7-9e5d-453a-878a-bcc38fb2a5f2,223f660b-c391-4120-bf3c-7bf06781686b,223f660b-c391-4120-bf3c-7bf06781686b,Tovorni kolodvor,185
484b5c91-1220-43ba-af79-84e712fcc46b,f33b721f-a8a3-4aad-96f2-077da09ebaa6,a0b1fb90-3f6a-4231-910a-18be192ac762,Flajšmanova,239
48507e1a-32df-4552-9448-3b345760b75f,abc9fd26-5442-468b-93b6-4d5eb76d0f1f,f33b721f-a8a3-4aad-96f2-077da09ebaa6,Razstavišče,49
05643914-8ff7-4064-8737-2761d44a083f,3c6ebf90-c611-4535-b2b0-22fba3f7649a,ef31a8be-b01d-44cd-95cf-3db8e918af26,Emona,21
c87db9be-1fba-4102-a743-0ee4317dd5af,717c914e-f928-4671-95f6-26c1ddb95799,a719a87c-4e93-4387-a6d1-2631a487f7e0,Ajdovščina,91
6182f8e8-c45e-4606-b4a4-d909bd44d2cc,6182f8e8-c45e-4606-b4a4-d909bd44d2cc,fef200e9-4d98-425b-ab14-8110e2aa85d7,Drama,1
a2ce7e6f-0f99-443a-a973-81a0b9c60261,3c6ebf90-c611-4535-b2b0-22fba3f7649a,88cdd36c-03d2-4374-a22f-110dd9f75ea0,Kajuhova,250
48b163cd-b819-4849-aee1-8b1da77657ab,91fb6c6e-49cf-49d3-97d4-6ae228f9bfa1,5d7f28a6-2a2a-4333-aa06-48edfb652f86,Pošta,160
91fb6c6e-49cf-49d3-97d4-6ae228f9bfa1,88cdd36c-03d2-4374-a22f-110dd9f75ea0,484b5c91-1220-43ba-af79-84e712fcc46b,Slovenija avto,28
abc9fd26-5442-468b-93b6-4d5eb76d0f1f,4d216485-ef41-45e7-9182-0c254644955c,7310c006-62b8-4f94-bb9c-d5c26cb3faad,Polje,595
f4cfd904-bd11-4247-95df-32c4555a930f,7310c006-62b8-4f94-bb9c-d5c26cb3faad,7fad8003-fb10-489d-bf8d-6d433310ad90,Nove Jarše,134
98fa3880-5936-4ec8-ba04-39c7ff9a0e6a,7484317c-269f-425f-8118-23eedab4e5f1,5de84f88-3f32-4636-8c30-03cc267ecf37,Podvozna pot,53
6edebb46-d04f-45c4-99a4-100f7f0b2660,cee2862b-9b70-4880-8fa3-16c6d2efae1b,295616c0-387b-4f60-a337-7743cd6be04e,Bavarski dvor,27
abc9fd26-5442-468b-93b6-4d5eb76d0f1f,1b3ddeca-a066-43ee-9ae5-8339628129c2,7fad8003-fb10-489d-bf8d-6d433310ad90,Nove Jarše,82
21764d19-62cc-49fd-bac9-403aeac6a6b9,35aedf45-cca3-4f2f-931b-138d29d20fe9,5d7f28a6-2a2a-4333-aa06-48edfb652f86,Pošta,138
88cdd36c-03d2-4374-a22f-110dd9f75ea0,c22879e5-8e90-4540-9a74-5f139208e492,9e109242-5aad-4fb7-b0c8-576eef8aa4e0,VEVČE,91
abc9fd26-5442-468b-93b6-4d5eb76d0f1f,5d7f28a6-2a2a-4333-aa06-48edfb652f86,cdabf1ea-b04c-480a-8359-72c46e6864ab,Bežigrad,92
5d7f28a6-2a2a-4333-aa06-48edfb652f86,f2b27cbd-5207-4281-8f67-6369d0c50a9b,N/A,N/A,660
295616c0-387b-4f60-a337-7743cd6be04e,277bc73c-e61d-4046-bcfd-31d6161c568e,8c7fa045-888b-46d0-8189-6f82623bf481,Poljanska,62
484b5c91-1220-43ba-af79-84e712fcc46b,4e8ccfa1-b58c-4ee1-ad82-2e8a645071f3,c87db9be-1fba-4102-a743-0ee4317dd5af,Bavarski dvor,180
a2ce7e6f-0f99-443a-a973-81a0b9c60261,6459bd02-d8f8-413e-9402-10b916f09a4f,f33b721f-a8a3-4aad-96f2-077da09ebaa6,Razstavišče,1
1035c6f7-304e-4329-a3b2-4eb5d985a577,c0ff37c8-ac6c-4284-ad32-0ad29fd30dc2,N/A,N/A,660
1e157c31-d34d-4c2e-91b4-8c000c88f6dd,295616c0-387b-4f60-a337-7743cd6be04e,a719a87c-4e93-4387-a6d1-2631a487f7e0,Ajdovščina,159
6559d555-672b-4633-8a81-0ae68fb963eb,2f18bcfa-6189-4de4-b06f-132d3392e7d6,454817d3-3750-49c7-994c-14d06fd2c634,Žale,73
f2b27cbd-5207-4281-8f67-6369d0c50a9b,9b0074d2-2c92-4c01-830b-00be8e05b412,295616c0-387b-4f60-a337-7743cd6be04e,Bavarski dvor,26
7484317c-269f-425f-8118-23eedab4e5f1,1035c6f7-304e-4329-a3b2-4eb5d985a577,c87db9be-1fba-4102-a743-0ee4317dd5af,Bavarski dvor,13
8512e1be-4637-483b-a3e6-78ccc6d2c5b1,ecc4ae87-ae08-4b94-995c-452fdd94df7f,cee2862b-9b70-4880-8fa3-16c6d2efae1b,AMZS,96
1035c6f7-304e-4329-a3b2-4eb5d985a577,98fa3880-5936-4ec8-ba04-39c7ff9a0e6a,7fa32ea0-e884-435a-a81c-51bbd5cedf3e,Zaloška,9
aa42017d-812a-4175-bc9b-0fec03b18931,a0b1fb90-3f6a-4231-910a-18be192ac762,f33b721f-a8a3-4aad-96f2-077da09ebaa6,Razstavišče,77
dfde6478-02b5-471b-a470-29cb0e84542f,81f21fc1-3bd2-4d2a-b563-2d063479c68e,c87db9be-1fba-4102-a743-0ee4317dd5af,Bavarski dvor,116
7fa32ea0-e884-435a-a81c-51bbd5cedf3e,f14a6236-8af2-47bf-9270-432377662a63,fef200e9-4d98-425b-ab14-8110e2aa85d7,Drama,255
454817d3-3750-49c7-994c-14d06fd2c634,093afa81-b65f-4182-bac3-afbc00558a9b,6459bd02-d8f8-413e-9402-10b916f09a4f,7. septembra,579
21764d19-62cc-49fd-bac9-403aeac6a6b9,379bc761-04b5-4227-be76-3b870fe3e69f,295616c0-387b-4f60-a337-7743cd6be04e,Bavarski dvor,194
96d4c75b-6452-4c70-a31e-c234262ba38b,bc66f88b-1412-44cb-b921-030d27335261,a0b1fb90-3f6a-4231-910a-18be192ac762,Flajšmanova,68
3c6ebf90-c611-4535-b2b0-22fba3f7649a,9e109242-5aad-4fb7-b0c8-576eef8aa4e0,a719a87c-4e93-4387-a6d1-2631a487f7e0,Ajdovščina,56
cdabf1ea-b04c-480a-8359-72c46e6864ab,5de6ff80-1352-43df-b5ec-1df59f2f492b,717dda7e-d793-4697-8f60-b64ee8b1edc4,Gosposvetska,420
8eeea585-6168-45b8-a5d4-336e61826043,454817d3-3750-49c7-994c-14d06fd2c634,a0b1fb90-3f6a-4231-910a-18be192ac762,Flajšmanova,59
48b163cd-b819-4849-aee1-8b1da77657ab,717dda7e-d793-4697-8f60-b64ee8b1edc4,38b3abed-0592-407b-96c3-85a026f2e192,Dalmatinova,82
96d4c75b-6452-4c70-a31e-c234262ba38b,6edebb46-d04f-45c4-99a4-100f7f0b2660,c87db9be-1fba-4102-a743-0ee4317dd5af,Bavarski dvor,42
2f874852-bc80-4ff3-b6bf-a914e31251c8,8eeea585-6168-45b8-a5d4-336e61826043,fef200e9-4d98-425b-ab14-8110e2aa85d7,Drama,202
b59656a4-b6e7-4b87-977c-078c59088a50,3c6ebf90-c611-4535-b2b0-22fba3f7649a,7fad8003-fb10-489d-bf8d-6d433310ad90,Nove Jarše,230
4ca7ae7e-380b-45e3-81de-00ffab5bb531,0be237aa-4b91-4d2b-ac23-0cebac975a0d,c87db9be-1fba-4102-a743-0ee4317dd5af,Bavarski dvor,9
98fa3880-5936-4ec8-ba04-39c7ff9a0e6a,717dda7e-d793-4697-8f60-b64ee8b1edc4,c22879e5-8e90-4540-9a74-5f139208e492,Friškovec,85
7c149b59-2bc6-45cb-95c8-69e18a0db627,9bd3ee10-bc61-44e8-8cf3-a37cffd54da0,379bc761-04b5-4227-be76-3b870fe3e69f,Pot na Fužine,88
9bd3ee10-bc61-44e8-8cf3-a37cffd54da0,eb165f50-9c43-4b09-9658-469a16d3dc83,f4cfd904-bd11-4247-95df-32c4555a930f,Klinični center,303
484b5c91-1220-43ba-af79-84e712fcc46b,eb165f50-9c43-4b09-9658-469a16d3dc83,717dda7e-d793-4697-8f60-b64ee8b1edc4,Gosposvetska,224
a2ce7e6f-0f99-443a-a973-81a0b9c60261,fb0042f8-d9e2-4916-b60a-38a026acf0c9,f14a6236-8af2-47bf-9270-432377662a63,Viadukt,542
8c7fa045-888b-46d0-8189-6f82623bf481,9e109242-5aad-4fb7-b0c8-576eef8aa4e0,c5ec5e81-2ce4-452d-bd7a-595de4f8b34f,Prušnikova,76
023d7b7a-b411-4e61-8746-b07f9e5c8f90,6bd46cb7-9e5d-453a-878a-bcc38fb2a5f2,5d7f28a6-2a2a-4333-aa06-48edfb652f86,Pošta,113
47a3bd8a-72ae-4e20-b43f-10bfaf49012c,e468b92f-fa4a-4819-bb11-37761deaf4ca,7fa32ea0-e884-435a-a81c-51bbd5cedf3e,Zaloška,40
e6f5183b-c615-4f47-b4fb-204ee070e825,295616c0-387b-4f60-a337-7743cd6be04e,a719a87c-4e93-4387-a6d1-2631a487f7e0,Ajdovščina,193
1035c6f7-304e-4329-a3b2-4eb5d985a577,eb165f50-9c43-4b09-9658-469a16d3dc83,c87db9be-1fba-4102-a743-0ee4317dd5af,Bavarski dvor,243
769b7bc7-4f95-4bb2-9c99-37ba8e8b4bd5,1b0f629f-acdb-4e94-8c54-018f4334ebf7,fef200e9-4d98-425b-ab14-8110e2aa85d7,Drama,66
21764d19-62cc-49fd-bac9-403aeac6a6b9,aa42017d-812a-4175-bc9b-0fec03b18931,f4cfd904-bd11-4247-95df-32c4555a930f,Klinični center,72
e786b2df-34ed-4246-832e-7c3d538ac1f4,38b3abed-0592-407b-96c3-85a026f2e192,fb0042f8-d9e2-4916-b60a-38a026acf0c9,Leskoškova,285
9cfac7e2-9653-4e52-a6d3-27756d27f817,923bd774-0651-4e0a-8624-3acfb7ecd5ff,a719a87c-4e93-4387-a6d1-2631a487f7e0,Ajdovščina,71
717c914e-f928-4671-95f6-26c1ddb95799,21764d19-62cc-49fd-bac9-403aeac6a6b9,fef200e9-4d98-425b-ab14-8110e2aa85d7,Drama,52
38b3abed-0592-407b-96c3-85a026f2e192,9746f277-af08-4cce-92fa-41da5eca8ac2,295616c0-387b-4f60-a337-7743cd6be04e,Bavarski dvor,467
58db973d-ecbb-4aa6-a56c-c26aaff7f263,7bcbdcaa-00b9-47d4-8982-09da26cd7bcb,295616c0-387b-4f60-a337-7743cd6be04e,Bavarski dvor,92
abc9fd26-5442-468b-93b6-4d5eb76d0f1f,e786b2df-34ed-4246-832e-7c3d538ac1f4,a719a87c-4e93-4387-a6d1-2631a487f7e0,Ajdovščina,161
05643914-8ff7-4064-8737-2761d44a083f,a0e0a21b-b8ce-4d76-bbc2-04e179367fee,c87db9be-1fba-4102-a743-0ee4317dd5af,Bavarski dvor,247
aa42017d-812a-4175-bc9b-0fec03b18931,6459bd02-d8f8-413e-9402-10b916f09a4f,5d7f28a6-2a2a-4333-aa06-48edfb652f86,Pošta,163
e9d9f622-7394-4c5c-9031-a41855a64aa7,5de6ff80-1352-43df-b5ec-1df59f2f492b,fef200e9-4d98-425b-ab14-8110e2aa85d7,Drama,504
47637057-8d6a-4cf9-bd56-3ac90748fcc4,9a1c4c65-df77-481f-87ad-56143f02a864,6182f8e8-c45e-4606-b4a4-d909bd44d2cc,Gornji trg,68
6c56976b-4ae1-429f-bcab-0cfc37e3580d,48b163cd-b819-4849-aee1-8b1da77657ab,f4cfd904-bd11-4247-95df-32c4555a930f,Klinični center,135
093afa81-b65f-4182-bac3-afbc00558a9b,3c6ebf90-c611-4535-b2b0-22fba3f7649a,7fa32ea0-e884-435a-a81c-51bbd5cedf3e,Zaloška,80
db13a26e-19d4-4b8a-a78a-01ef25d58834,a2ce7e6f-0f99-443a-a973-81a0b9c60261,717dda7e-d793-4697-8f60-b64ee8b1edc4,Gosposvetska,138
38b3abed-0592-407b-96c3-85a026f2e192,5d7f28a6-2a2a-4333-aa06-48edfb652f86,7fa32ea0-e884-435a-a81c-51bbd5cedf3e,Zaloška,10
98b60d07-8054-441a-be44-be7aa24f4253,a7094427-e180-4deb-acaf-5d4488326e9e,c87db9be-1fba-4102-a743-0ee4317dd5af,Bavarski dvor,42
47a3bd8a-72ae-4e20-b43f-10bfaf49012c,86a75ffc-a78f-401f-8991-2eb0371417b2,379bc761-04b5-4227-be76-3b870fe3e69f,Pot na Fužine,615
3fbf6322-fb74-4a50-a81a-bfca73abc26b,271db19a-744b-41a0-869d-0c3e0e2cb6bf,c87db9be-1fba-4102-a743-0ee4317dd5af,Bavarski dvor,378
2388ce1f-c947-42d7-97f3-e01a7254c933,f15ddf31-fc11-41ba-988d-376c83e38f58,N/A,N/A,660
609f0950-bb8c-4eaf-a931-8575b8aff1ac,7c149b59-2bc6-45cb-95c8-69e18a0db627,295616c0-387b-4f60-a337-7743cd6be04e,Bavarski dvor,21
5de6ff80-1352-43df-b5ec-1df59f2f492b,35aedf45-cca3-4f2f-931b-138d29d20fe9,c87db9be-1fba-4102-a743-0ee4317dd5af,Bavarski dvor,10
81f21fc1-3bd2-4d2a-b563-2d063479c68e,9bd3ee10-bc61-44e8-8cf3-a37cffd54da0,c87db9be-1fba-4102-a743-0ee4317dd5af,Bavarski dvor,262
223f660b-c391-4120-bf3c-7bf06781686b,bc66f88b-1412-44cb-b921-030d27335261,717dda7e-d793-4697-8f60-b64ee8b1edc4,Gosposvetska,89
ef31a8be-b01d-44cd-95cf-3db8e918af26,c22879e5-8e90-4540-9a74-5f139208e492,295616c0-387b-4f60-a337-7743cd6be04e,Bavarski dvor,56
88cdd36c-03d2-4374-a22f-110dd9f75ea0,9b0074d2-2c92-4c01-830b-00be8e05b412,86a75ffc-a78f-401f-8991-2eb0371417b2,Studenec,4
6559d555-672b-4633-8a81-0ae68fb963eb,7310c006-62b8-4f94-bb9c-d5c26cb3faad,eb165f50-9c43-4b09-9658-469a16d3dc83,Kodeljevo,141
7bcbdcaa-00b9-47d4-8982-09da26cd7bcb,1ce1c3a8-e0f6-4f90-b1aa-1448759d8b3c,a719a87c-4e93-4387-a6d1-2631a487f7e0,Ajdovščina,50
fb7704f0-d31e-4561-83e4-621a8c62654b,ab987eb0-c970-4577-8db9-0cd507a6cab6,4ca7ae7e-380b-45e3-81de-00ffab5bb531,Yulon,79
1035c6f7-304e-4329-a3b2-4eb5d985a577,5d7f28a6-2a2a-4333-aa06-48edfb652f86,fef200e9-4d98-425b-ab14-8110e2aa85d7,Drama,61
c22879e5-8e90-4540-9a74-5f139208e492,0be237aa-4b91-4d2b-ac23-0cebac975a0d,fef200e9-4d98-425b-ab14-8110e2aa85d7,Drama,198
4038e02e-f22f-4af0-ba4f-7aab855b53af,8589e5d1-21b4-4210-ad7a-4bf91f9a715d,fef200e9-4d98-425b-ab14-8110e2aa85d7,Drama,167
e9d9f622-7394-4c5c-9031-a41855a64aa7,91fb6c6e-49cf-49d3-97d4-6ae228f9bfa1,4038e02e-f22f-4af0-ba4f-7aab855b53af,Kneza Koclja,119
dfde6478-02b5-471b-a470-29cb0e84542f,7484317c-269f-425f-8118-23eedab4e5f1,c87db9be-1fba-4102-a743-0ee4317dd5af,Bavarski dvor,370
2f18bcfa-6189-4de4-b06f-132d3392e7d6,c627c9f2-af02-4d83-969a-566719bb09e3,fef200e9-4d98-425b-ab14-8110e2aa85d7,Drama,347
2f18bcfa-6189-4de4-b06f-132d3392e7d6,609f0950-bb8c-4eaf-a931-8575b8aff1ac,484b5c91-1220-43ba-af79-84e712fcc46b,Slovenija avto,20
c627c9f2-af02-4d83-969a-566719bb09e3,3fbf6322-fb74-4a50-a81a-bfca73abc26b,484b5c91-1220-43ba-af79-84e712fcc46b,Slovenija avto,4
f4cfd904-bd11-4247-95df-32c4555a930f,379bc761-04b5-4227-be76-3b870fe3e69f,f33b721f-a8a3-4aad-96f2-077da09ebaa6,Razstavišče,47
e9d9f622-7394-4c5c-9031-a41855a64aa7,e9d9f622-7394-4c5c-9031-a41855a64aa7,a7094427-e180-4deb-acaf-5d4488326e9e,ZADOBROVA,1
d4c51b31-46fd-4da8-ba15-8068e666d483,8512e1be-4637-483b-a3e6-78ccc6d2c5b1,fef200e9-4d98-425b-ab14-8110e2aa85d7,Drama,406
379bc761-04b5-4227-be76-3b870fe3e69f,0b4a072e-6c2d-4c71-ab80-2b7142df81de,c87db9be-1fba-4102-a743-0ee4317dd5af,Bavarski dvor,92
fef200e9-4d98-425b-ab14-8110e2aa85d7,8512e1be-4637-483b-a3e6-78ccc6d2c5b1,8598b85d-3e1d-4767-b72f-0c209038841f,Štepanja vas,61
47637057-8d6a-4cf9-bd56-3ac90748fcc4,1ce1c3a8-e0f6-4f90-b1aa-1448759d8b3c,717dda7e-d793-4697-8f60-b64ee8b1edc4,Gosposvetska,422
2f18bcfa-6189-4de4-b06f-132d3392e7d6,81f21fc1-3bd2-4d2a-b563-2d063479c68e,f33b721f-a8a3-4aad-96f2-077da09ebaa6,Razstavišče,84
c627c9f2-af02-4d83-969a-566719bb09e3,7eb88e01-82e9-4af4-84d0-69c6ea9dc82c,a0e0a21b-b8ce-4d76-bbc2-04e179367fee,Šola Jarše,348
0be237aa-4b91-4d2b-ac23-0cebac975a0d,fb0042f8-d9e2-4916-b60a-38a026acf0c9,a719a87c-4e93-4387-a6d1-2631a487f7e0,Ajdovščina,44
ab987eb0-c970-4577-8db9-0cd507a6cab6,1e157c31-d34d-4c2e-91b4-8c000c88f6dd,fef200e9-4d98-425b-ab14-8110e2aa85d7,Drama,128
717c914e-f928-4671-95f6-26c1ddb95799,1b0f629f-acdb-4e94-8c54-018f4334ebf7,a719a87c-4e93-4387-a6d1-2631a487f7e0,Ajdovščina,106
abc9fd26-5442-468b-93b6-4d5eb76d0f1f,e6f5183b-c615-4f47-b4fb-204ee070e825,609f0950-bb8c-4eaf-a931-8575b8aff1ac,Savske stolpnice,306
5de6ff80-1352-43df-b5ec-1df59f2f492b,769b7bc7-4f95-4bb2-9c99-37ba8e8b4bd5,fef200e9-4d98-425b-ab14-8110e2aa85d7,Drama,343
023d7b7a-b411-4e61-8746-b07f9e5c8f90,ef31a8be-b01d-44cd-95cf-3db8e918af26,5d7f28a6-2a2a-4333-aa06-48edfb652f86,Pošta,421
7fa32ea0-e884-435a-a81c-51bbd5cedf3e,7fa32ea0-e884-435a-a81c-51bbd5cedf3e,023d7b7a-b411-4e61-8746-b07f9e5c8f90,Ambrožev trg,78
e0bcd677-6012-4c90-a884-44dffafdffec,454817d3-3750-49c7-994c-14d06fd2c634,c87db9be-1fba-4102-a743-0ee4317dd5af,Bavarski dvor,128
ac3afe7d-a2b3-4d5d-9e6a-1d2412a3bc70,717c914e-f928-4671-95f6-26c1ddb95799,a0b1fb90-3f6a-4231-910a-18be192ac762,Flajšmanova,210
6edebb46-d04f-45c4-99a4-100f7f0b2660,484b5c91-1220-43ba-af79-84e712fcc46b,023d7b7a-b411-4e61-8746-b07f9e5c8f90,Ambrožev trg,100
c87db9be-1fba-4102-a743-0ee4317dd5af,86a75ffc-a78f-401f-8991-2eb0371417b2,484b5c91-1220-43ba-af79-84e712fcc46b,Slovenija avto,344
223f660b-c391-4120-bf3c-7bf06781686b,0b4a072e-6c2d-4c71-ab80-2b7142df81de,295616c0-387b-4f60-a337-7743cd6be04e,Bavarski dvor,73
4d216485-ef41-45e7-9182-0c254644955c,e9d9f622-7394-4c5c-9031-a41855a64aa7,a719a87c-4e93-4387-a6d1-2631a487f7e0,Ajdovščina,115
fb0042f8-d9e2-4916-b60a-38a026acf0c9,7484317c-269f-425f-8118-23eedab4e5f1,e9d9f622-7394-4c5c-9031-a41855a64aa7,Polje,35
bc66f88b-1412-44cb-b921-030d27335261,9746f277-af08-4cce-92fa-41da5eca8ac2,1ce1c3a8-e0f6-4f90-b1aa-1448759d8b3c,Astra,319
0dc86a8f-0f41-44c7-978c-e06cb63cbbcf,fb0042f8-d9e2-4916-b60a-38a026acf0c9,f14a6236-8af2-47bf-9270-432377662a63,Viadukt,25
d4c51b31-46fd-4da8-ba15-8068e666d483,0b4a072e-6c2d-4c71-ab80-2b7142df81de,1ce1c3a8-e0f6-4f90-b1aa-1448759d8b3c,Astra,52
47637057-8d6a-4cf9-bd56-3ac90748fcc4,4e8ccfa1-b58c-4ee1-ad82-2e8a645071f3,fef200e9-4d98-425b-ab14-8110e2aa85d7,Drama,230
2f874852-bc80-4ff3-b6bf-a914e31251c8,769b7bc7-4f95-4bb2-9c99-37ba8e8b4bd5,6a89c110-a0f8-4b1a-87f0-33f49c0a658e,Šola Jarše,76
294c40c4-18e4-4d92-a947-911a8623de89,454817d3-3750-49c7-994c-14d06fd2c634,717dda7e-d793-4697-8f60-b64ee8b1edc4,Gosposvetska,112
a7177a3d-8db2-43fb-8910-f95857f0ed97,2f18bcfa-6189-4de4-b06f-132d3392e7d6,N/A,N/A,660
9b0074d2-2c92-4c01-830b-00be8e05b412,9a1c4c65-df77-481f-87ad-56143f02a864,c87db9be-1fba-4102-a743-0ee4317dd5af,Bavarski dvor,53
4e8ccfa1-b58c-4ee1-ad82-2e8a645071f3,0dc86a8f-0f41-44c7-978c-e06cb63cbbcf,5d7f28a6-2a2a-4333-aa06-48edfb652f86,Pošta,488
dfde6478-02b5-471b-a470-29cb0e84542f,8eeea585-6168-45b8-a5d4-336e61826043,7fa32ea0-e884-435a-a81c-51bbd5cedf3e,Zaloška,92
8512e1be-4637-483b-a3e6-78ccc6d2c5b1,c87db9be-1fba-4102-a743-0ee4317dd5af,a719a87c-4e93-4387-a6d1-2631a487f7e0,Ajdovščina,83
6c56976b-4ae1-429f-bcab-0cfc37e3580d,9746f277-af08-4cce-92fa-41da5eca8ac2,98fa3880-5936-4ec8-ba04-39c7ff9a0e6a,Stara cerkev,117
c5ec5e81-2ce4-452d-bd7a-595de4f8b34f,f14a6236-8af2-47bf-9270-432377662a63,c22879e5-8e90-4540-9a74-5f139208e492,Friškovec,75
5de84f88-3f32-4636-8c30-03cc267ecf37,9cfac7e2-9653-4e52-a6d3-27756d27f817,7fa32ea0-e884-435a-a81c-51bbd5cedf3e,Zaloška,309
e6f5183b-c615-4f47-b4fb-204ee070e825,294c40c4-18e4-4d92-a947-911a8623de89,c87db9be-1fba-4102-a743-0ee4317dd5af,Bavarski dvor,20
717c914e-f928-4671-95f6-26c1ddb95799,277bc73c-e61d-4046-bcfd-31d6161c568e,a719a87c-4e93-4387-a6d1-2631a487f7e0,Ajdovščina,55
a719a87c-4e93-4387-a6d1-2631a487f7e0,e6f5183b-c615-4f47-b4fb-204ee070e825,2ec182e2-769f-427f-b9b5-c4118890cb96,Stožice,155
8eeea585-6168-45b8-a5d4-336e61826043,a2f479c6-4c21-4923-b4ac-86f752507cee,N/A,N/A,660
f14a6236-8af2-47bf-9270-432377662a63,9b0074d2-2c92-4c01-830b-00be8e05b412,1e157c31-d34d-4c2e-91b4-8c000c88f6dd,Kardeljeva ploščad,18
9b0074d2-2c92-4c01-830b-00be8e05b412,ab987eb0-c970-4577-8db9-0cd507a6cab6,295616c0-387b-4f60-a337-7743cd6be04e,Bavarski dvor,156
6182f8e8-c45e-4606-b4a4-d909bd44d2cc,1b0f629f-acdb-4e94-8c54-018f4334ebf7,fef200e9-4d98-425b-ab14-8110e2aa85d7,Drama,15
c87db9be-1fba-4102-a743-0ee4317dd5af,717c914e-f928-4671-95f6-26c1ddb95799,7c149b59-2bc6-45cb-95c8-69e18a0db627,Rusjanov trg,42
dfde6478-02b5-471b-a470-29cb0e84542f,6bd46cb7-9e5d-453a-878a-bcc38fb2a5f2,fef200e9-4d98-425b-ab14-8110e2aa85d7,Drama,293
c5ec5e81-2ce4-452d-bd7a-595de4f8b34f,38b3abed-0592-407b-96c3-85a026f2e192,c87db9be-1fba-4102-a743-0ee4317dd5af,Bavarski dvor,198
47637057-8d6a-4cf9-bd56-3ac90748fcc4,12304b99-9a07-485a-a101-eaca90495d48,c87db9be-1fba-4102-a743-0ee4317dd5af,Bavarski dvor,29
1dc99fbb-5496-4aab-a4b6-32e653ccc789,c87db9be-1fba-4102-a743-0ee4317dd5af,295616c0-387b-4f60-a337-7743cd6be04e,Bavarski dvor,520
9746f277-af08-4cce-92fa-41da5eca8ac2,e9382efd-d64d-46b0-9a7d-a4e6a0188725,295616c0-387b-4f60-a337-7743cd6be04e,Bavarski dvor,224
6459bd02-d8f8-413e-9402-10b916f09a4f,9a1c4c65-df77-481f-87ad-56143f02a864,98fa3880-5936-4ec8-ba04-39c7ff9a0e6a,Stara cerkev,20
c297ac70-8f43-4fbc-a8a4-366ddb883a8d,a7094427-e180-4deb-acaf-5d4488326e9e,a719a87c-4e93-4387-a6d1-2631a487f7e0,Ajdovščina,222
1505c6fe-6080-424e-98d1-24c312cfacf3,a7094427-e180-4deb-acaf-5d4488326e9e,295616c0-387b-4f60-a337-7743cd6be04e,Bavarski dvor,153
58db973d-ecbb-4aa6-a56c-c26aaff7f263,e9382efd-d64d-46b0-9a7d-a4e6a0188725,295616c0-387b-4f60-a337-7743cd6be04e,Bavarski dvor,146
0be237aa-4b91-4d2b-ac23-0cebac975a0d,9e109242-5aad-4fb7-b0c8-576eef8aa4e0,717dda7e-d793-4697-8f60-b64ee8b1edc4,Gosposvetska,228
21764d19-62cc-49fd-bac9-403aeac6a6b9,bc66f88b-1412-44cb-b921-030d27335261,aa42017d-812a-4175-bc9b-0fec03b18931,Ambrožev trg,355
6a89c110-a0f8-4b1a-87f0-33f49c0a658e,db13a26e-19d4-4b8a-a78a-01ef25d58834,c5ec5e81-2ce4-452d-bd7a-595de4f8b34f,Prušnikova,156
9bd3ee10-bc61-44e8-8cf3-a37cffd54da0,5d7f28a6-2a2a-4333-aa06-48edfb652f86,fef200e9-4d98-425b-ab14-8110e2aa85d7,Drama,424
277bc73c-e61d-4046-bcfd-31d6161c568e,6a89c110-a0f8-4b1a-87f0-33f49c0a658e,fef200e9-4d98-425b-ab14-8110e2aa85d7,Drama,62
2ec182e2-769f-427f-b9b5-c4118890cb96,271db19a-744b-41a0-869d-0c3e0e2cb6bf,717c914e-f928-4671-95f6-26c1ddb95799,Cesta v Gorice,215
6bd46cb7-9e5d-453a-878a-bcc38fb2a5f2,6182f8e8-c45e-4606-b4a4-d909bd44d2cc,5d7f28a6-2a2a-4333-aa06-48edfb652f86,Pošta,335
35aedf45-cca3-4f2f-931b-138d29d20fe9,9746f277-af08-4cce-92fa-41da5eca8ac2,N/A,N/A,660
6559d555-672b-4633-8a81-0ae68fb963eb,bc66f88b-1412-44cb-b921-030d27335261,c87db9be-1fba-4102-a743-0ee4317dd5af,Bavarski dvor,106
6459bd02-d8f8-413e-9402-10b916f09a4f,2f874852-bc80-4ff3-b6bf-a914e31251c8,454817d3-3750-49c7-994c-14d06fd2c634,Žale,69
7bcbdcaa-00b9-47d4-8982-09da26cd7bcb,9a1c4c65-df77-481f-87ad-56143f02a864,f33b721f-a8a3-4aad-96f2-077da09ebaa6,Razstavišče,22
1dc99fbb-5496-4aab-a4b6-32e653ccc789,81f21fc1-3bd2-4d2a-b563-2d063479c68e,c87db9be-1fba-4102-a743-0ee4317dd5af,Bavarski dvor,581
38b3abed-0592-407b-96c3-85a026f2e192,0b4a072e-6c2d-4c71-ab80-2b7142df81de,fef200e9-4d98-425b-ab14-8110e2aa85d7,Drama,70
5cc8a08d-c0af-491f-9a9c-b8b4f5f23bc0,0b4a072e-6c2d-4c71-ab80-2b7142df81de,N/A,N/A,660
ef31a8be-b01d-44cd-95cf-3db8e918af26,eb165f50-9c43-4b09-9658-469a16d3dc83,fef200e9-4d98-425b-ab14-8110e2aa85d7,Drama,390
023d7b7a-b411-4e61-8746-b07f9e5c8f90,9a14b0ec-f13a-46f0-8c4f-07d8b99241e2,454817d3-3750-49c7-994c-14d06fd2c634,Žale,370
f2b27cbd-5207-4281-8f67-6369d0c50a9b,f4cfd904-bd11-4247-95df-32c4555a930f,295616c0-387b-4f60-a337-7743cd6be04e,Bavarski dvor,49
4038e02e-f22f-4af0-ba4f-7aab855b53af,9746f277-af08-4cce-92fa-41da5eca8ac2,eb165f50-9c43-4b09-9658-469a16d3dc83,Kodeljevo,147
717dda7e-d793-4697-8f60-b64ee8b1edc4,379bc761-04b5-4227-be76-3b870fe3e69f,fef200e9-4d98-425b-ab14-8110e2aa85d7,Drama,120
ac3afe7d-a2b3-4d5d-9e6a-1d2412a3bc70,cee2862b-9b70-4880-8fa3-16c6d2efae1b,a0e0a21b-b8ce-4d76-bbc2-04e179367fee,Šola Jarše,201
8c7fa045-888b-46d0-8189-6f82623bf481,6182f8e8-c45e-4606-b4a4-d909bd44d2cc,5d7f28a6-2a2a-4333-aa06-48edfb652f86,Pošta,141
1b0f629f-acdb-4e94-8c54-018f4334ebf7,2f18bcfa-6189-4de4-b06f-132d3392e7d6,7fa32ea0-e884-435a-a81c-51bbd5cedf3e,Zaloška,10
eb165f50-9c43-4b09-9658-469a16d3dc83,a719a87c-4e93-4387-a6d1-2631a487f7e0,295616c0-387b-4f60-a337-7743cd6be04e,Bavarski dvor,10
a2ce7e6f-0f99-443a-a973-81a0b9c60261,ac3afe7d-a2b3-4d5d-9e6a-1d2412a3bc70,717dda7e-d793-4697-8f60-b64ee8b1edc4,Gosposvetska,46
a2ce7e6f-0f99-443a-a973-81a0b9c60261,1ce1c3a8-e0f6-4f90-b1aa-1448759d8b3c,fef200e9-4d98-425b-ab14-8110e2aa85d7,Drama,16
7310c006-62b8-4f94-bb9c-d5c26cb3faad,a7177a3d-8db2-43fb-8910-f95857f0ed97,N/A,N/A,660
f14a6236-8af2-47bf-9270-432377662a63,e786b2df-34ed-4246-832e-7c3d538ac1f4,6182f8e8-c45e-4606-b4a4-d909bd44d2cc,Gornji trg,11
e6f5183b-c615-4f47-b4fb-204ee070e825,7c149b59-2bc6-45cb-95c8-69e18a0db627,c87db9be-1fba-4102-a743-0ee4317dd5af,Bavarski dvor,35
c297ac70-8f43-4fbc-a8a4-366ddb883a8d,dfde6478-02b5-471b-a470-29cb0e84542f,fef200e9-4d98-425b-ab14-8110e2aa85d7,Drama,123
2ec182e2-769f-427f-b9b5-c4118890cb96,52e5adea-e194-4fc1-809c-1d6421f8f8db,295616c0-387b-4f60-a337-7743cd6be04e,Bavarski dvor,124
e468b92f-fa4a-4819-bb11-37761deaf4ca,e468b92f-fa4a-4819-bb11-37761deaf4ca,2f18bcfa-6189-4de4-b06f-132d3392e7d6,Besnica,1
8c7fa045-888b-46d0-8189-6f82623bf481,2388ce1f-c947-42d7-97f3-e01a7254c933,N/A,N/A,660
47637057-8d6a-4cf9-bd56-3ac90748fcc4,4ca7ae7e-380b-45e3-81de-00ffab5bb531,c87db9be-1fba-4102-a743-0ee4317dd5af,Bavarski dvor,228
2f18bcfa-6189-4de4-b06f-132d3392e7d6,e468b92f-fa4a-4819-bb11-37761deaf4ca,1ce1c3a8-e0f6-4f90-b1aa-1448759d8b3c,Astra,67
12304b99-9a07-485a-a101-eaca90495d48,bc66f88b-1412-44cb-b921-030d27335261,5d7f28a6-2a2a-4333-aa06-48edfb652f86,Pošta,72
cdabf1ea-b04c-480a-8359-72c46e6864ab,1b0f629f-acdb-4e94-8c54-018f4334ebf7,c87db9be-1fba-4102-a743-0ee4317dd5af,Bavarski dvor,465
6182f8e8-c45e-4606-b4a4-d909bd44d2cc,a0e0a21b-b8ce-4d76-bbc2-04e179367fee,717dda7e-d793-4697-8f60-b64ee8b1edc4,Gosposvetska,104
4e8ccfa1-b58c-4ee1-ad82-2e8a645071f3,454817d3-3750-49c7-994c-14d06fd2c634,fef200e9-4d98-425b-ab14-8110e2aa85d7,Drama,47
6c56976b-4ae1-429f-bcab-0cfc37e3580d,59ee5f7d-476b-4958-a922-2040a9308f3b,N/A,N/A,660
717c914e-f928-4671-95f6-26c1ddb95799,d4c51b31-46fd-4da8-ba15-8068e666d483,7fa32ea0-e884-435a-a81c-51bbd5cedf3e,Zaloška,327
9a1c4c65-df77-481f-87ad-56143f02a864,91fb6c6e-49cf-49d3-97d4-6ae228f9bfa1,5d7f28a6-2a2a-4333-aa06-48edfb652f86,Pošta,7
295616c0-387b-4f60-a337-7743cd6be04e,96d4c75b-6452-4c70-a31e-c234262ba38b,484b5c91-1220-43ba-af79-84e712fcc46b,Slovenija avto,92
3edd6057-3847-4c42-b8ec-6e89ff95793a,223f660b-c391-4120-bf3c-7bf06781686b,fef200e9-4d98-425b-ab14-8110e2aa85d7,Drama,322
6459bd02-d8f8-413e-9402-10b916f09a4f,c87db9be-1fba-4102-a743-0ee4317dd5af,5d7f28a6-2a2a-4333-aa06-48edfb652f86,Pošta,237
35aedf45-cca3-4f2f-931b-138d29d20fe9,717dda7e-d793-4697-8f60-b64ee8b1edc4,c22879e5-8e90-4540-9a74-5f139208e492,Friškovec,141
8c7fa045-888b-46d0-8189-6f82623bf481,1b3ddeca-a066-43ee-9ae5-8339628129c2,N/A,N/A,660
9b0074d2-2c92-4c01-830b-00be8e05b412,47637057-8d6a-4cf9-bd56-3ac90748fcc4,295616c0-387b-4f60-a337-7743cd6be04e,Bavarski dvor,164
7310c006-62b8-4f94-bb9c-d5c26cb3faad,47a3bd8a-72ae-4e20-b43f-10bfaf49012c,295616c0-387b-4f60-a337-7743cd6be04e,Bavarski dvor,115
e9382efd-d64d-46b0-9a7d-a4e6a0188725,c0ff37c8-ac6c-4284-ad32-0ad29fd30dc2,5d7f28a6-2a2a-4333-aa06-48edfb652f86,Pošta,238
6182f8e8-c45e-4606-b4a4-d909bd44d2cc,f15ddf31-fc11-41ba-988d-376c83e38f58,5d7f28a6-2a2a-4333-aa06-48edfb652f86,Pošta,34
9a14b0ec-f13a-46f0-8c4f-07d8b99241e2,023d7b7a-b411-4e61-8746-b07f9e5c8f90,8598b85d-3e1d-4767-b72f-0c209038841f,Štepanja vas,13
a719a87c-4e93-4387-a6d1-2631a487f7e0,8eeea585-6168-45b8-a5d4-336e61826043,fef200e9-4d98-425b-ab14-8110e2aa85d7,Drama,360
717c914e-f928-4671-95f6-26c1ddb95799,4ca7ae7e-380b-45e3-81de-00ffab5bb531,7fa32ea0-e884-435a-a81c-51bbd5cedf3e,Zaloška,54
f2b27cbd-5207-4281-8f67-6369d0c50a9b,a2f479c6-4c21-4923-b4ac-86f752507cee,N/A,N/A,660
2f874852-bc80-4ff3-b6bf-a914e31251c8,a7094427-e180-4deb-acaf-5d4488326e9e,6a89c110-a0f8-4b1a-87f0-33f49c0a658e,Šola Jarše,26
b59656a4-b6e7-4b87-977c-078c59088a50,abc9fd26-5442-468b-93b6-4d5eb76d0f1f,717dda7e-d793-4697-8f60-b64ee8b1edc4,Gosposvetska,186
9746f277-af08-4cce-92fa-41da5eca8ac2,a0b1fb90-3f6a-4231-910a-18be192ac762,fef200e9-4d98-425b-ab14-8110e2aa85d7,Drama,28
4038e02e-f22f-4af0-ba4f-7aab855b53af,2ec182e2-769f-427f-b9b5-c4118890cb96,023d7b7a-b411-4e61-8746-b07f9e5c8f90,Ambrožev trg,346
eb165f50-9c43-4b09-9658-469a16d3dc83,ecc4ae87-ae08-4b94-995c-452fdd94df7f,a719a87c-4e93-4387-a6d1-2631a487f7e0,Ajdovščina,94
3fbf6322-fb74-4a50-a81a-bfca73abc26b,294c40c4-18e4-4d92-a947-911a8623de89,ac3afe7d-a2b3-4d5d-9e6a-1d2412a3bc70,Litostrojska,36
21764d19-62cc-49fd-bac9-403aeac6a6b9,ab987eb0-c970-4577-8db9-0cd507a6cab6,c87db9be-1fba-4102-a743-0ee4317dd5af,Bavarski dvor,153
3fbf6322-fb74-4a50-a81a-bfca73abc26b,db13a26e-19d4-4b8a-a78a-01ef25d58834,47a3bd8a-72ae-4e20-b43f-10bfaf49012c,Ob sotočju,183
88cdd36c-03d2-4374-a22f-110dd9f75ea0,e6f5183b-c615-4f47-b4fb-204ee070e825,a0b1fb90-3f6a-4231-910a-18be192ac762,Flajšmanova,35
db13a26e-19d4-4b8a-a78a-01ef25d58834,1b0f629f-acdb-4e94-8c54-018f4334ebf7,5d7f28a6-2a2a-4333-aa06-48edfb652f86,Pošta,13
f2b27cbd-5207-4281-8f67-6369d0c50a9b,f2b27cbd-5207-4281-8f67-6369d0c50a9b,a0e0a21b-b8ce-4d76-bbc2-04e179367fee,Šola Jarše,1
7310c006-62b8-4f94-bb9c-d5c26cb3faad,0b4a072e-6c2d-4c71-ab80-2b7142df81de,5d7f28a6-2a2a-4333-aa06-48edfb652f86,Pošta,153
c87db9be-1fba-4102-a743-0ee4317dd5af,2f874852-bc80-4ff3-b6bf-a914e31251c8,c87db9be-1fba-4102-a743-0ee4317dd5af,Bavarski dvor,15
3c6ebf90-c611-4535-b2b0-22fba3f7649a,271db19a-744b-41a0-869d-0c3e0e2cb6bf,c87db9be-1fba-4102-a743-0ee4317dd5af,Bavarski dvor,125
6182f8e8-c45e-4606-b4a4-d909bd44d2cc,77dcd833-fa4d-4c5a-93b1-31284942e61d,1ce1c3a8-e0f6-4f90-b1aa-1448759d8b3c,Astra,102
f4cfd904-bd11-4247-95df-32c4555a930f,a7177a3d-8db2-43fb-8910-f95857f0ed97,N/A,N/A,660
923bd774-0651-4e0a-8624-3acfb7ecd5ff,271db19a-744b-41a0-869d-0c3e0e2cb6bf,717dda7e-d793-4697-8f60-b64ee8b1edc4,Gosposvetska,342
717c914e-f928-4671-95f6-26c1ddb95799,7bcbdcaa-00b9-47d4-8982-09da26cd7bcb,295616c0-387b-4f60-a337-7743cd6be04e,Bavarski dvor,32
a2f479c6-4c21-4923-b4ac-86f752507cee,093afa81-b65f-4182-bac3-afbc00558a9b,N/A,N/A,660
5cc8a08d-c0af-491f-9a9c-b8b4f5f23bc0,48507e1a-32df-4552-9448-3b345760b75f,295616c0-387b-4f60-a337-7743cd6be04e,Bavarski dvor,281
093afa81-b65f-4182-bac3-afbc00558a9b,e468b92f-fa4a-4819-bb11-37761deaf4ca,7fa32ea0-e884-435a-a81c-51bbd5cedf3e,Zaloška,516
98b60d07-8054-441a-be44-be7aa24f4253,6edebb46-d04f-45c4-99a4-100f7f0b2660,a719a87c-4e93-4387-a6d1-2631a487f7e0,Ajdovščina,116
295616c0-387b-4f60-a337-7743cd6be04e,fb7704f0-d31e-4561-83e4-621a8c62654b,fef200e9-4d98-425b-ab14-8110e2aa85d7,Drama,373
9cfac7e2-9653-4e52-a6d3-27756d27f817,cee2862b-9b70-4880-8fa3-16c6d2efae1b,f33b721f-a8a3-4aad-96f2-077da09ebaa6,Razstavišče,398
769b7bc7-4f95-4bb2-9c99-37ba8e8b4bd5,7bcbdcaa-00b9-47d4-8982-09da26cd7bcb,5d7f28a6-2a2a-4333-aa06-48edfb652f86,Pošta,341
454817d3-3750-49c7-994c-14d06fd2c634,5de84f88-3f32-4636-8c30-03cc267ecf37,e9d9f622-7394-4c5c-9031-a41855a64aa7,Polje,42
6bd46cb7-9e5d-453a-878a-bcc38fb2a5f2,3fbf6322-fb74-4a50-a81a-bfca73abc26b,295616c0-387b-4f60-a337-7743cd6be04e,Bavarski dvor,171
b59656a4-b6e7-4b87-977c-078c59088a50,47637057-8d6a-4cf9-bd56-3ac90748fcc4,295616c0-387b-4f60-a337-7743cd6be04e,Bavarski dvor,38
454817d3-3750-49c7-994c-14d06fd2c634,dfde6478-02b5-471b-a470-29cb0e84542f,c87db9be-1fba-4102-a743-0ee4317dd5af,Bavarski dvor,84
3edd6057-3847-4c42-b8ec-6e89ff95793a,59ee5f7d-476b-4958-a922-2040a9308f3b,2f874852-bc80-4ff3-b6bf-a914e31251c8,Savske stolpnice,146
4d216485-ef41-45e7-9182-0c254644955c,81f21fc1-3bd2-4d2a-b563-2d063479c68e,484b5c91-1220-43ba-af79-84e712fcc46b,Slovenija avto,298
7bcbdcaa-00b9-47d4-8982-09da26cd7bcb,7c149b59-2bc6-45cb-95c8-69e18a0db627,N/A,N/A,660
96d4c75b-6452-4c70-a31e-c234262ba38b,98fa3880-5936-4ec8-ba04-39c7ff9a0e6a,5d7f28a6-2a2a-4333-aa06-48edfb652f86,Pošta,16
6a89c110-a0f8-4b1a-87f0-33f49c0a658e,3edd6057-3847-4c42-b8ec-6e89ff95793a,295616c0-387b-4f60-a337-7743cd6be04e,Bavarski dvor,71
48b163cd-b819-4849-aee1-8b1da77657ab,1ce1c3a8-e0f6-4f90-b1aa-1448759d8b3c,717dda7e-d793-4697-8f60-b64ee8b1edc4,Gosposvetska,135
fef200e9-4d98-425b-ab14-8110e2aa85d7,8eeea585-6168-45b8-a5d4-336e61826043,7bcbdcaa-00b9-47d4-8982-09da26cd7bcb,Zaloška,434
4038e02e-f22f-4af0-ba4f-7aab855b53af,0be237aa-4b91-4d2b-ac23-0cebac975a0d,fef200e9-4d98-425b-ab14-8110e2aa85d7,Drama,309
2f874852-bc80-4ff3-b6bf-a914e31251c8,96d4c75b-6452-4c70-a31e-c234262ba38b,c87db9be-1fba-4102-a743-0ee4317dd5af,Bavarski dvor,30
5de6ff80-1352-43df-b5ec-1df59f2f492b,ef31a8be-b01d-44cd-95cf-3db8e918af26,fef200e9-4d98-425b-ab14-8110e2aa85d7,Drama,149
81f21fc1-3bd2-4d2a-b563-2d063479c68e,9e109242-5aad-4fb7-b0c8-576eef8aa4e0,295616c0-387b-4f60-a337-7743cd6be04e,Bavarski dvor,38
8589e5d1-21b4-4210-ad7a-4bf91f9a715d,5cc8a08d-c0af-491f-9a9c-b8b4f5f23bc0,a719a87c-4e93-4387-a6d1-2631a487f7e0,Ajdovščina,45
717dda7e-d793-4697-8f60-b64ee8b1edc4,e786b2df-34ed-4246-832e-7c3d538ac1f4,c87db9be-1fba-4102-a743-0ee4317dd5af,Bavarski dvor,45
a7094427-e180-4deb-acaf-5d4488326e9e,fb7704f0-d31e-4561-83e4-621a8c62654b,48b163cd-b819-4849-aee1-8b1da77657ab,Šentvid,111
aa42017d-812a-4175-bc9b-0fec03b18931,8512e1be-4637-483b-a3e6-78ccc6d2c5b1,fef200e9-4d98-425b-ab14-8110e2aa85d7,Drama,78
592b37eb-8255-4758-ae8a-7cef98521013,e0bcd677-6012-4c90-a884-44dffafdffec,cdabf1ea-b04c-480a-8359-72c46e6864ab,Bežigrad,202
8598b85d-3e1d-4767-b72f-0c209038841f,0be237aa-4b91-4d2b-ac23-0cebac975a0d,c22879e5-8e90-4540-9a74-5f139208e492,Friškovec,269
5d7f28a6-2a2a-4333-aa06-48edfb652f86,7bcbdcaa-00b9-47d4-8982-09da26cd7bcb,9cfac7e2-9653-4e52-a6d3-27756d27f817,Kino Šiška,21
7eb88e01-82e9-4af4-84d0-69c6ea9dc82c,cdabf1ea-b04c-480a-8359-72c46e6864ab,f33b721f-a8a3-4aad-96f2-077da09ebaa6,Razstavišče,425
7310c006-62b8-4f94-bb9c-d5c26cb3faad,f33b721f-a8a3-4aad-96f2-077da09ebaa6,c87db9be-1fba-4102-a743-0ee4317dd5af,Bavarski dvor,141
6a89c110-a0f8-4b1a-87f0-33f49c0a658e,0b4a072e-6c2d-4c71-ab80-2b7142df81de,fef200e9-4d98-425b-ab14-8110e2aa85d7,Drama,48
f14a6236-8af2-47bf-9270-432377662a63,ac3afe7d-a2b3-4d5d-9e6a-1d2412a3bc70,1ce1c3a8-e0f6-4f90-b1aa-1448759d8b3c,Astra,23
e9382efd-d64d-46b0-9a7d-a4e6a0188725,8512e1be-4637-483b-a3e6-78ccc6d2c5b1,a719a87c-4e93-4387-a6d1-2631a487f7e0,Ajdovščina,32
769b7bc7-4f95-4bb2-9c99-37ba8e8b4bd5,484b5c91-1220-43ba-af79-84e712fcc46b,1ce1c3a8-e0f6-4f90-b1aa-1448759d8b3c,Astra,43
2ec182e2-769f-427f-b9b5-c4118890cb96,d4c51b31-46fd-4da8-ba15-8068e666d483,a719a87c-4e93-4387-a6d1-2631a487f7e0,Ajdovščina,258
9bd3ee10-bc61-44e8-8cf3-a37cffd54da0,bc66f88b-1412-44cb-b921-030d27335261,a719a87c-4e93-4387-a6d1-2631a487f7e0,Ajdovščina,64
98fa3880-5936-4ec8-ba04-39c7ff9a0e6a,0dc86a8f-0f41-44c7-978c-e06cb63cbbcf,f33b721f-a8a3-4aad-96f2-077da09ebaa6,Razstavišče,255
25cde952-4896-4977-b229-75e09b3e3661,1dc99fbb-5496-4aab-a4b6-32e653ccc789,295616c0-387b-4f60-a337-7743cd6be04e,Bavarski dvor,102
98fa3880-5936-4ec8-ba04-39c7ff9a0e6a,0be237aa-4b91-4d2b-ac23-0cebac975a0d,N/A,N/A,660
923bd774-0651-4e0a-8624-3acfb7ecd5ff,fef200e9-4d98-425b-ab14-8110e2aa85d7,295616c0-387b-4f60-a337-7743cd6be04e,Bavarski dvor,159
d4c51b31-46fd-4da8-ba15-8068e666d483,25cde952-4896-4977-b229-75e09b3e3661,1ce1c3a8-e0f6-4f90-b1aa-1448759d8b3c,Astra,13
7c149b59-2bc6-45cb-95c8-69e18a0db627,6a89c110-a0f8-4b1a-87f0-33f49c0a658e,7fa32ea0-e884-435a-a81c-51bbd5cedf3e,Zaloška,301
4038e02e-f22f-4af0-ba4f-7aab855b53af,f4cfd904-bd11-4247-95df-32c4555a930f,fb0042f8-d9e2-4916-b60a-38a026acf0c9,Leskoškova,263
a7177a3d-8db2-43fb-8910-f95857f0ed97,cdabf1ea-b04c-480a-8359-72c46e6864ab,N/A,N/A,660
48b163cd-b819-4849-aee1-8b1da77657ab,8589e5d1-21b4-4210-ad7a-4bf91f9a715d,a719a87c-4e93-4387-a6d1-2631a487f7e0,Ajdovščina,315
609f0950-bb8c-4eaf-a931-8575b8aff1ac,6459bd02-d8f8-413e-9402-10b916f09a4f,c87db9be-1fba-4102-a743-0ee4317dd5af,Bavarski dvor,59
3c6ebf90-c611-4535-b2b0-22fba3f7649a,7484317c-269f-425f-8118-23eedab4e5f1,717dda7e-d793-4697-8f60-b64ee8b1edc4,Gosposvetska,174
717c914e-f928-4671-95f6-26c1ddb95799,923bd774-0651-4e0a-8624-3acfb7ecd5ff,f33b721f-a8a3-4aad-96f2-077da09ebaa6,Razstavišče,18
294c40c4-18e4-4d92-a947-911a8623de89,35aedf45-cca3-4f2f-931b-138d29d20fe9,7fa32ea0-e884-435a-a81c-51bbd5cedf3e,Zaloška,243
717c914e-f928-4671-95f6-26c1ddb95799,5cc8a08d-c0af-491f-9a9c-b8b4f5f23bc0,fef200e9-4d98-425b-ab14-8110e2aa85d7,Drama,71
609f0950-bb8c-4eaf-a931-8575b8aff1ac,25cde952-4896-4977-b229-75e09b3e3661,cee2862b-9b70-4880-8fa3-16c6d2efae1b,AMZS,13
6459bd02-d8f8-413e-9402-10b916f09a4f,9cfac7e2-9653-4e52-a6d3-27756d27f817,a0b1fb90-3f6a-4231-910a-18be192ac762,Flajšmanova,314
295616c0-387b-4f60-a337-7743cd6be04e,1ce1c3a8-e0f6-4f90-b1aa-1448759d8b3c,f14a6236-8af2-47bf-9270-432377662a63,Viadukt,10
48507e1a-32df-4552-9448-3b345760b75f,4e8ccfa1-b58c-4ee1-ad82-2e8a645071f3,6182f8e8-c45e-4606-b4a4-d909bd44d2cc,Gornji trg,6
c0ff37c8-ac6c-4284-ad32-0ad29fd30dc2,cdabf1ea-b04c-480a-8359-72c46e6864ab,c87db9be-1fba-4102-a743-0ee4317dd5af,Bavarski dvor,439
a2ce7e6f-0f99-443a-a973-81a0b9c60261,3edd6057-3847-4c42-b8ec-6e89ff95793a,fef200e9-4d98-425b-ab14-8110e2aa85d7,Drama,68
271db19a-744b-41a0-869d-0c3e0e2cb6bf,a0b1fb90-3f6a-4231-910a-18be192ac762,c87db9be-1fba-4102-a743-0ee4317dd5af,Bavarski dvor,69
e9382efd-d64d-46b0-9a7d-a4e6a0188725,923bd774-0651-4e0a-8624-3acfb7ecd5ff,c22879e5-8e90-4540-9a74-5f139208e492,Friškovec,62
a2f479c6-4c21-4923-b4ac-86f752507cee,e0bcd677-6012-4c90-a884-44dffafdffec,N/A,N/A,660
277bc73c-e61d-4046-bcfd-31d6161c568e,77dcd833-fa4d-4c5a-93b1-31284942e61d,c87db9be-1fba-4102-a743-0ee4317dd5af,Bavarski dvor,8
2f18bcfa-6189-4de4-b06f-132d3392e7d6,6edebb46-d04f-45c4-99a4-100f7f0b2660,e6f5183b-c615-4f47-b4fb-204ee070e825,Bežigrad,18
ac3afe7d-a2b3-4d5d-9e6a-1d2412a3bc70,1e157c31-d34d-4c2e-91b4-8c000c88f6dd,a0e0a21b-b8ce-4d76-bbc2-04e179367fee,Šola Jarše,577
5de6ff80-1352-43df-b5ec-1df59f2f492b,e9d9f622-7394-4c5c-9031-a41855a64aa7,7fa32ea0-e884-435a-a81c-51bbd5cedf3e,Zaloška,280
a719a87c-4e93-4387-a6d1-2631a487f7e0,f33b721f-a8a3-4aad-96f2-077da09ebaa6,717dda7e-d793-4697-8f60-b64ee8b1edc4,Gosposvetska,71
0b4a072e-6c2d-4c71-ab80-2b7142df81de,1dc99fbb-5496-4aab-a4b6-32e653ccc789,c87db9be-1fba-4102-a743-0ee4317dd5af,Bavarski dvor,76
8c7fa045-888b-46d0-8189-6f82623bf481,dfde6478-02b5-471b-a470-29cb0e84542f,5d7f28a6-2a2a-4333-aa06-48edfb652f86,Pošta,135
59ee5f7d-476b-4958-a922-2040a9308f3b,484b5c91-1220-43ba-af79-84e712fcc46b,fef200e9-4d98-425b-ab14-8110e2aa85d7,Drama,660
9bd3ee10-bc61-44e8-8cf3-a37cffd54da0,6c56976b-4ae1-429f-bcab-0cfc37e3580d,5d7f28a6-2a2a-4333-aa06-48edfb652f86,Pošta,60
b59656a4-b6e7-4b87-977c-078c59088a50,c297ac70-8f43-4fbc-a8a4-366ddb883a8d,f33b721f-a8a3-4aad-96f2-077da09ebaa6,Razstavišče,82
2388ce1f-c947-42d7-97f3-e01a7254c933,c297ac70-8f43-4fbc-a8a4-366ddb883a8d,N/A,N/A,660
6a89c110-a0f8-4b1a-87f0-33f49c0a658e,a2f479c6-4c21-4923-b4ac-86f752507cee,N/A,N/A,660
fef200e9-4d98-425b-ab14-8110e2aa85d7,7c149b59-2bc6-45cb-95c8-69e18a0db627,f33b721f-a8a3-4aad-96f2-077da09ebaa6,Razstavišče,122
05643914-8ff7-4064-8737-2761d44a083f,a7177a3d-8db2-43fb-8910-f95857f0ed97,N/A,N/A,660
fb7704f0-d31e-4561-83e4-621a8c62654b,9e109242-5aad-4fb7-b0c8-576eef8aa4e0,c22879e5-8e90-4540-9a74-5f139208e492,Friškovec,31
e9d9f622-7394-4c5c-9031-a41855a64aa7,91fb6c6e-49cf-49d3-97d4-6ae228f9bfa1,ac3afe7d-a2b3-4d5d-9e6a-1d2412a3bc70,Litostrojska,89
923bd774-0651-4e0a-8624-3acfb7ecd5ff,58db973d-ecbb-4aa6-a56c-c26aaff7f263,c87db9be-1fba-4102-a743-0ee4317dd5af,Bavarski dvor,352
717dda7e-d793-4697-8f60-b64ee8b1edc4,7fad8003-fb10-489d-bf8d-6d433310ad90,c87db9be-1fba-4102-a743-0ee4317dd5af,Bavarski dvor,31
5de84f88-3f32-4636-8c30-03cc267ecf37,093afa81-b65f-4182-bac3-afbc00558a9b,f14a6236-8af2-47bf-9270-432377662a63,Viadukt,15
f14a6236-8af2-47bf-9270-432377662a63,5cc8a08d-c0af-491f-9a9c-b8b4f5f23bc0,c87db9be-1fba-4102-a743-0ee4317dd5af,Bavarski dvor,62
9e109242-5aad-4fb7-b0c8-576eef8aa4e0,9a14b0ec-f13a-46f0-8c4f-07d8b99241e2,7fa32ea0-e884-435a-a81c-51bbd5cedf3e,Zaloška,4
47637057-8d6a-4cf9-bd56-3ac90748fcc4,fef200e9-4d98-425b-ab14-8110e2aa85d7,a0e0a21b-b8ce-4d76-bbc2-04e179367fee,Šola Jarše,173
6bd46cb7-9e5d-453a-878a-bcc38fb2a5f2,ecc4ae87-ae08-4b94-995c-452fdd94df7f,c87db9be-1fba-4102-a743-0ee4317dd5af,Bavarski dvor,39
25cde952-4896-4977-b229-75e09b3e3661,dfde6478-02b5-471b-a470-29cb0e84542f,c87db9be-1fba-4102-a743-0ee4317dd5af,Bavarski dvor,248
e6f5183b-c615-4f47-b4fb-204ee070e825,6bd46cb7-9e5d-453a-878a-bcc38fb2a5f2,295616c0-387b-4f60-a337-7743cd6be04e,Bavarski dvor,174
ab987eb0-c970-4577-8db9-0cd507a6cab6,d4c51b31-46fd-4da8-ba15-8068e666d483,5d7f28a6-2a2a-4333-aa06-48edfb652f86,Pošta,45
98b60d07-8054-441a-be44-be7aa24f4253,dfde6478-02b5-471b-a470-29cb0e84542f,484b5c91-1220-43ba-af79-84e712fcc46b,Slovenija avto,3
48b163cd-b819-4849-aee1-8b1da77657ab,91fb6c6e-49cf-49d3-97d4-6ae228f9bfa1,5d7f28a6-2a2a-4333-aa06-48edfb652f86,Pošta,169
0be237aa-4b91-4d2b-ac23-0cebac975a0d,769b7bc7-4f95-4bb2-9c99-37ba8e8b4bd5,a0e0a21b-b8ce-4d76-bbc2-04e179367fee,Šola Jarše,356
d4c51b31-46fd-4da8-ba15-8068e666d483,6bd46cb7-9e5d-453a-878a-bcc38fb2a5f2,5d7f28a6-2a2a-4333-aa06-48edfb652f86,Pošta,55
8512e1be-4637-483b-a3e6-78ccc6d2c5b1,ab987eb0-c970-4577-8db9-0cd507a6cab6,717dda7e-d793-4697-8f60-b64ee8b1edc4,Gosposvetska,72
88cdd36c-03d2-4374-a22f-110dd9f75ea0,2388ce1f-c947-42d7-97f3-e01a7254c933,N/A,N/A,660
59ee5f7d-476b-4958-a922-2040a9308f3b,277bc73c-e61d-4046-bcfd-31d6161c568e,fef200e9-4d98-425b-ab14-8110e2aa85d7,Drama,412
223f660b-c391-4120-bf3c-7bf06781686b,2f874852-bc80-4ff3-b6bf-a914e31251c8,c87db9be-1fba-4102-a743-0ee4317dd5af,Bavarski dvor,96
3c6ebf90-c611-4535-b2b0-22fba3f7649a,c627c9f2-af02-4d83-969a-566719bb09e3,f33b721f-a8a3-4aad-96f2-077da09ebaa6,Razstavišče,11
6bd46cb7-9e5d-453a-878a-bcc38fb2a5f2,7c149b59-2bc6-45cb-95c8-69e18a0db627,5d7f28a6-2a2a-4333-aa06-48edfb652f86,Pošta,452
1505c6fe-6080-424e-98d1-24c312cfacf3,59ee5f7d-476b-4958-a922-2040a9308f3b,a2ce7e6f-0f99-443a-a973-81a0b9c60261,Astra,10
e786b2df-34ed-4246-832e-7c3d538ac1f4,717c914e-f928-4671-95f6-26c1ddb95799,f33b721f-a8a3-4aad-96f2-077da09ebaa6,Razstavišče,110
abc9fd26-5442-468b-93b6-4d5eb76d0f1f,023d7b7a-b411-4e61-8746-b07f9e5c8f90,295616c0-387b-4f60-a337-7743cd6be04e,Bavarski dvor,106
1035c6f7-304e-4329-a3b2-4eb5d985a577,769b7bc7-4f95-4bb2-9c99-37ba8e8b4bd5,aa42017d-812a-4175-bc9b-0fec03b18931,Ambrožev trg,17
6182f8e8-c45e-4606-b4a4-d909bd44d2cc,a2f479c6-4c21-4923-b4ac-86f752507cee,N/A,N/A,660
2f874852-bc80-4ff3-b6bf-a914e31251c8,8589e5d1-21b4-4210-ad7a-4bf91f9a715d,717dda7e-d793-4697-8f60-b64ee8b1edc4,Gosposvetska,53
47a3bd8a-72ae-4e20-b43f-10bfaf49012c,38b3abed-0592-407b-96c3-85a026f2e192,81f21fc1-3bd2-4d2a-b563-2d063479c68e,Štepanja vas,5
9a1c4c65-df77-481f-87ad-56143f02a864,769b7bc7-4f95-4bb2-9c99-37ba8e8b4bd5,f33b721f-a8a3-4aad-96f2-077da09ebaa6,Razstavišče,200
7fad8003-fb10-489d-bf8d-6d433310ad90,9e109242-5aad-4fb7-b0c8-576eef8aa4e0,295616c0-387b-4f60-a337-7743cd6be04e,Bavarski dvor,254
ab987eb0-c970-4577-8db9-0cd507a6cab6,8598b85d-3e1d-4767-b72f-0c209038841f,9e109242-5aad-4fb7-b0c8-576eef8aa4e0,VEVČE,209
5de84f88-3f32-4636-8c30-03cc267ecf37,1e157c31-d34d-4c2e-91b4-8c000c88f6dd,6182f8e8-c45e-4606-b4a4-d909bd44d2cc,Gornji trg,22
609f0950-bb8c-4eaf-a931-8575b8aff1ac,609f0950-bb8c-4eaf-a931-8575b8aff1ac,cdabf1ea-b04c-480a-8359-72c46e6864ab,Bežigrad,1
7484317c-269f-425f-8118-23eedab4e5f1,9a14b0ec-f13a-46f0-8c4f-07d8b99241e2,5d7f28a6-2a2a-4333-aa06-48edfb652f86,Pošta,201
e9d9f622-7394-4c5c-9031-a41855a64aa7,7eb88e01-82e9-4af4-84d0-69c6ea9dc82c,e6f5183b-c615-4f47-b4fb-204ee070e825,Bežigrad,110
294c40c4-18e4-4d92-a947-911a8623de89,c87db9be-1fba-4102-a743-0ee4317dd5af,a719a87c-4e93-4387-a6d1-2631a487f7e0,Ajdovščina,101
bc66f88b-1412-44cb-b921-030d27335261,295616c0-387b-4f60-a337-7743cd6be04e,98fa3880-5936-4ec8-ba04-39c7ff9a0e6a,Stara cerkev,213
e0bcd677-6012-4c90-a884-44dffafdffec,38b3abed-0592-407b-96c3-85a026f2e192,c87db9be-1fba-4102-a743-0ee4317dd5af,Bavarski dvor,118
379bc761-04b5-4227-be76-3b870fe3e69f,c627c9f2-af02-4d83-969a-566719bb09e3,1ce1c3a8-e0f6-4f90-b1aa-1448759d8b3c,Astra,90
c87db9be-1fba-4102-a743-0ee4317dd5af,c22879e5-8e90-4540-9a74-5f139208e492,295616c0-387b-4f60-a337-7743cd6be04e,Bavarski dvor,112
47a3bd8a-72ae-4e20-b43f-10bfaf49012c,1b0f629f-acdb-4e94-8c54-018f4334ebf7,484b5c91-1220-43ba-af79-84e712fcc46b,Slovenija avto,195
e0bcd677-6012-4c90-a884-44dffafdffec,1035c6f7-304e-4329-a3b2-4eb5d985a577,a0e0a21b-b8ce-4d76-bbc2-04e179367fee,Šola Jarše,277
9bd3ee10-bc61-44e8-8cf3-a37cffd54da0,1ce1c3a8-e0f6-4f90-b1aa-1448759d8b3c,5d7f28a6-2a2a-4333-aa06-48edfb652f86,Pošta,107
294c40c4-18e4-4d92-a947-911a8623de89,717dda7e-d793-4697-8f60-b64ee8b1edc4,5d7f28a6-2a2a-4333-aa06-48edfb652f86,Pošta,60
25cde952-4896-4977-b229-75e09b3e3661,484b5c91-1220-43ba-af79-84e712fcc46b,7bcbdcaa-00b9-47d4-8982-09da26cd7bcb,Zaloška,122
e9d9f622-7394-4c5c-9031-a41855a64aa7,f4cfd904-bd11-4247-95df-32c4555a930f,5d7f28a6-2a2a-4333-aa06-48edfb652f86,Pošta,61
923bd774-0651-4e0a-8624-3acfb7ecd5ff,8598b85d-3e1d-4767-b72f-0c209038841f,c87db9be-1fba-4102-a743-0ee4317dd5af,Bavarski dvor,340
8598b85d-3e1d-4767-b72f-0c209038841f,c87db9be-1fba-4102-a743-0ee4317dd5af,f14a6236-8af2-47bf-9270-432377662a63,Viadukt,614
c87db9be-1fba-4102-a743-0ee4317dd5af,eb165f50-9c43-4b09-9658-469a16d3dc83,fef200e9-4d98-425b-ab14-8110e2aa85d7,Drama,35
2f874852-bc80-4ff3-b6bf-a914e31251c8,c0ff37c8-ac6c-4284-ad32-0ad29fd30dc2,5d7f28a6-2a2a-4333-aa06-48edfb652f86,Pošta,86
47637057-8d6a-4cf9-bd56-3ac90748fcc4,6c56976b-4ae1-429f-bcab-0cfc37e3580d,38b3abed-0592-407b-96c3-85a026f2e192,Dalmatinova,251
7c149b59-2bc6-45cb-95c8-69e18a0db627,717c914e-f928-4671-95f6-26c1ddb95799,484b5c91-1220-43ba-af79-84e712fcc46b,Slovenija avto,167
271db19a-744b-41a0-869d-0c3e0e2cb6bf,6bd46cb7-9e5d-453a-878a-bcc38fb2a5f2,295616c0-387b-4f60-a337-7743cd6be04e,Bavarski dvor,178
023d7b7a-b411-4e61-8746-b07f9e5c8f90,923bd774-0651-4e0a-8624-3acfb7ecd5ff,295616c0-387b-4f60-a337-7743cd6be04e,Bavarski dvor,145
96d4c75b-6452-4c70-a31e-c234262ba38b,1505c6fe-6080-424e-98d1-24c312cfacf3,a719a87c-4e93-4387-a6d1-2631a487f7e0,Ajdovščina,107
48b163cd-b819-4849-aee1-8b1da77657ab,223f660b-c391-4120-bf3c-7bf06781686b,6bd46cb7-9e5d-453a-878a-bcc38fb2a5f2,Sava,175
db13a26e-19d4-4b8a-a78a-01ef25d58834,88cdd36c-03d2-4374-a22f-110dd9f75ea0,e6f5183b-c615-4f47-b4fb-204ee070e825,Bežigrad,290
80c65758-5f25-4003-8d55-10ff96fe8310,e9382efd-d64d-46b0-9a7d-a4e6a0188725,5d7f28a6-2a2a-4333-aa06-48edfb652f86,Pošta,339
6559d555-672b-4633-8a81-0ae68fb963eb,a0b1fb90-3f6a-4231-910a-18be192ac762,c87db9be-1fba-4102-a743-0ee4317dd5af,Bavarski dvor,210
6182f8e8-c45e-4606-b4a4-d909bd44d2cc,d98335a0-1291-4d4c-be62-16b11c356575,7fad8003-fb10-489d-bf8d-6d433310ad90,Nove Jarše,121
6459bd02-d8f8-413e-9402-10b916f09a4f,9cfac7e2-9653-4e52-a6d3-27756d27f817,a0b1fb90-3f6a-4231-910a-18be192ac762,Flajšmanova,366
5cc8a08d-c0af-491f-9a9c-b8b4f5f23bc0,1e157c31-d34d-4c2e-91b4-8c000c88f6dd,a719a87c-4e93-4387-a6d1-2631a487f7e0,Ajdovščina,186
48b163cd-b819-4849-aee1-8b1da77657ab,7bcbdcaa-00b9-47d4-8982-09da26cd7bcb,fef200e9-4d98-425b-ab14-8110e2aa85d7,Drama,20
58db973d-ecbb-4aa6-a56c-c26aaff7f263,a2ce7e6f-0f99-443a-a973-81a0b9c60261,7fa32ea0-e884-435a-a81c-51bbd5cedf3e,Zaloška,124
8589e5d1-21b4-4210-ad7a-4bf91f9a715d,fef200e9-4d98-425b-ab14-8110e2aa85d7,295616c0-387b-4f60-a337-7743cd6be04e,Bavarski dvor,45
21764d19-62cc-49fd-bac9-403aeac6a6b9,1eadcdb9-60cd-47c9-8eec-527c3465a685,N/A,N/A,660
6459bd02-d8f8-413e-9402-10b916f09a4f,4e8ccfa1-b58c-4ee1-ad82-2e8a645071f3,295616c0-387b-4f60-a337-7743cd6be04e,Bavarski dvor,256
7fad8003-fb10-489d-bf8d-6d433310ad90,81f21fc1-3bd2-4d2a-b563-2d063479c68e,05643914-8ff7-4064-8737-2761d44a083f,Tabor,39
8c7fa045-888b-46d0-8189-6f82623bf481,cdabf1ea-b04c-480a-8359-72c46e6864ab,7fa32ea0-e884-435a-a81c-51bbd5cedf3e,Zaloška,61
717dda7e-d793-4697-8f60-b64ee8b1edc4,4e8ccfa1-b58c-4ee1-ad82-2e8a645071f3,f33b721f-a8a3-4aad-96f2-077da09ebaa6,Razstavišče,86
6a89c110-a0f8-4b1a-87f0-33f49c0a658e,f15ddf31-fc11-41ba-988d-376c83e38f58,717dda7e-d793-4697-8f60-b64ee8b1edc4,Gosposvetska,297
80c65758-5f25-4003-8d55-10ff96fe8310,2f874852-bc80-4ff3-b6bf-a914e31251c8,fef200e9-4d98-425b-ab14-8110e2aa85d7,Drama,32
294c40c4-18e4-4d92-a947-911a8623de89,3fbf6322-fb74-4a50-a81a-bfca73abc26b,484b5c91-1220-43ba-af79-84e712fcc46b,Slovenija avto,572
023d7b7a-b411-4e61-8746-b07f9e5c8f90,d4c51b31-46fd-4da8-ba15-8068e666d483,7310c006-62b8-4f94-bb9c-d5c26cb3faad,Polje,286
e9382efd-d64d-46b0-9a7d-a4e6a0188725,2388ce1f-c947-42d7-97f3-e01a7254c933,N/A,N/A,660
717c914e-f928-4671-95f6-26c1ddb95799,ac3afe7d-a2b3-4d5d-9e6a-1d2412a3bc70,5d7f28a6-2a2a-4333-aa06-48edfb652f86,Pošta,78
e468b92f-fa4a-4819-bb11-37761deaf4ca,58db973d-ecbb-4aa6-a56c-c26aaff7f263,N/A,N/A,660
bc66f88b-1412-44cb-b921-030d27335261,dfde6478-02b5-471b-a470-29cb0e84542f,295616c0-387b-4f60-a337-7743cd6be04e,Bavarski dvor,130
3c6ebf90-c611-4535-b2b0-22fba3f7649a,0b4a072e-6c2d-4c71-ab80-2b7142df81de,f33b721f-a8a3-4aad-96f2-077da09ebaa6,Razstavišče,8
2f18bcfa-6189-4de4-b06f-132d3392e7d6,5de84f88-3f32-4636-8c30-03cc267ecf37,295616c0-387b-4f60-a337-7743cd6be04e,Bavarski dvor,91
e468b92f-fa4a-4819-bb11-37761deaf4ca,80c65758-5f25-4003-8d55-10ff96fe8310,5d7f28a6-2a2a-4333-aa06-48edfb652f86,Pošta,130
c5ec5e81-2ce4-452d-bd7a-595de4f8b34f,ab987eb0-c970-4577-8db9-0cd507a6cab6,c87db9be-1fba-4102-a743-0ee4317dd5af,Bavarski dvor,74
2f18bcfa-6189-4de4-b06f-132d3392e7d6,77dcd833-fa4d-4c5a-93b1-31284942e61d,295616c0-387b-4f60-a337-7743cd6be04e,Bavarski dvor,97
4ca7ae7e-380b-45e3-81de-00ffab5bb531,7fa32ea0-e884-435a-a81c-51bbd5cedf3e,454817d3-3750-49c7-994c-14d06fd2c634,Žale,594
1dc99fbb-5496-4aab-a4b6-32e653ccc789,0be237aa-4b91-4d2b-ac23-0cebac975a0d,c87db9be-1fba-4102-a743-0ee4317dd5af,Bavarski dvor,129
a0e0a21b-b8ce-4d76-bbc2-04e179367fee,9b0074d2-2c92-4c01-830b-00be8e05b412,717dda7e-d793-4697-8f60-b64ee8b1edc4,Gosposvetska,55
454817d3-3750-49c7-994c-14d06fd2c634,e6f5183b-c615-4f47-b4fb-204ee070e825,cdabf1ea-b04c-480a-8359-72c46e6864ab,Bežigrad,2
9a1c4c65-df77-481f-87ad-56143f02a864,0be237aa-4b91-4d2b-ac23-0cebac975a0d,023d7b7a-b411-4e61-8746-b07f9e5c8f90,Ambrožev trg,113
58db973d-ecbb-4aa6-a56c-c26aaff7f263,2388ce1f-c947-42d7-97f3-e01a7254c933,N/A,N/A,660
b59656a4-b6e7-4b87-977c-078c59088a50,769b7bc7-4f95-4bb2-9c99-37ba8e8b4bd5,379bc761-04b5-4227-be76-3b870fe3e69f,Pot na Fužine,169
8c7fa045-888b-46d0-8189-6f82623bf481,379bc761-04b5-4227-be76-3b870fe3e69f,484b5c91-1220-43ba-af79-84e712fcc46b,Slovenija avto,121
e468b92f-fa4a-4819-bb11-37761deaf4ca,f33b721f-a8a3-4aad-96f2-077da09ebaa6,c87db9be-1fba-4102-a743-0ee4317dd5af,Bavarski dvor,291
c627c9f2-af02-4d83-969a-566719bb09e3,8598b85d-3e1d-4767-b72f-0c209038841f,a719a87c-4e93-4387-a6d1-2631a487f7e0,Ajdovščina,26
6459bd02-d8f8-413e-9402-10b916f09a4f,093afa81-b65f-4182-bac3-afbc00558a9b,c87db9be-1fba-4102-a743-0ee4317dd5af,Bavarski dvor,50
1eadcdb9-60cd-47c9-8eec-527c3465a685,e786b2df-34ed-4246-832e-7c3d538ac1f4,8598b85d-3e1d-4767-b72f-0c209038841f,Štepanja vas,191
c627c9f2-af02-4d83-969a-566719bb09e3,294c40c4-18e4-4d92-a947-911a8623de89,f33b721f-a8a3-4aad-96f2-077da09ebaa6,Razstavišče,151
9a1c4c65-df77-481f-87ad-56143f02a864,c0ff37c8-ac6c-4284-ad32-0ad29fd30dc2,f4cfd904-bd11-4247-95df-32c4555a930f,Klinični center,61
2ec182e2-769f-427f-b9b5-c4118890cb96,a2ce7e6f-0f99-443a-a973-81a0b9c60261,295616c0-387b-4f60-a337-7743cd6be04e,Bavarski dvor,35
a719a87c-4e93-4387-a6d1-2631a487f7e0,9b0074d2-2c92-4c01-830b-00be8e05b412,5d7f28a6-2a2a-4333-aa06-48edfb652f86,Pošta,126
454817d3-3750-49c7-994c-14d06fd2c634,f15ddf31-fc11-41ba-988d-376c83e38f58,c87db9be-1fba-4102-a743-0ee4317dd5af,Bavarski dvor,3
a7094427-e180-4deb-acaf-5d4488326e9e,3fbf6322-fb74-4a50-a81a-bfca73abc26b,6bd46cb7-9e5d-453a-878a-bcc38fb2a5f2,Sava,161
fef200e9-4d98-425b-ab14-8110e2aa85d7,dfde6478-02b5-471b-a470-29cb0e84542f,a719a87c-4e93-4387-a6d1-2631a487f7e0,Ajdovščina,28
8589e5d1-21b4-4210-ad7a-4bf91f9a715d,fb0042f8-d9e2-4916-b60a-38a026acf0c9,4ca7ae7e-380b-45e3-81de-00ffab5bb531,Yulon,22
2f874852-bc80-4ff3-b6bf-a914e31251c8,a0e0a21b-b8ce-4d76-bbc2-04e179367fee,c87db9be-1fba-4102-a743-0ee4317dd5af,Bavarski dvor,528
9746f277-af08-4cce-92fa-41da5eca8ac2,7fad8003-fb10-489d-bf8d-6d433310ad90,6bd46cb7-9e5d-453a-878a-bcc38fb2a5f2,Sava,299
1e157c31-d34d-4c2e-91b4-8c000c88f6dd,7fa32ea0-e884-435a-a81c-51bbd5cedf3e,379bc761-04b5-4227-be76-3b870fe3e69f,Pot na Fužine,82
9b0074d2-2c92-4c01-830b-00be8e05b412,a0e0a21b-b8ce-4d76-bbc2-04e179367fee,484b5c91-1220-43ba-af79-84e712fcc46b,Slovenija avto,37
35aedf45-cca3-4f2f-931b-138d29d20fe9,d4c51b31-46fd-4da8-ba15-8068e666d483,c87db9be-1fba-4102-a743-0ee4317dd5af,Bavarski dvor,172
b59656a4-b6e7-4b87-977c-078c59088a50,923bd774-0651-4e0a-8624-3acfb7ecd5ff,a719a87c-4e93-4387-a6d1-2631a487f7e0,Ajdovščina,274
271db19a-744b-41a0-869d-0c3e0e2cb6bf,86a75ffc-a78f-401f-8991-2eb0371417b2,5d7f28a6-2a2a-4333-aa06-48edfb652f86,Pošta,52
cdabf1ea-b04c-480a-8359-72c46e6864ab,e468b92f-fa4a-4819-bb11-37761deaf4ca,fef200e9-4d98-425b-ab14-8110e2aa85d7,Drama,22
484b5c91-1220-43ba-af79-84e712fcc46b,295616c0-387b-4f60-a337-7743cd6be04e,c87db9be-1fba-4102-a743-0ee4317dd5af,Bavarski dvor,262
1ce1c3a8-e0f6-4f90-b1aa-1448759d8b3c,8eeea585-6168-45b8-a5d4-336e61826043,295616c0-387b-4f60-a337-7743cd6be04e,Bavarski dvor,489
6a89c110-a0f8-4b1a-87f0-33f49c0a658e,38b3abed-0592-407b-96c3-85a026f2e192,N/A,N/A,660
8c7fa045-888b-46d0-8189-6f82623bf481,a719a87c-4e93-4387-a6d1-2631a487f7e0,c87db9be-1fba-4102-a743-0ee4317dd5af,Bavarski dvor,400
5cc8a08d-c0af-491f-9a9c-b8b4f5f23bc0,cee2862b-9b70-4880-8fa3-16c6d2efae1b,5d7f28a6-2a2a-4333-aa06-48edfb652f86,Pošta,269
77dcd833-fa4d-4c5a-93b1-31284942e61d,1505c6fe-6080-424e-98d1-24c312cfacf3,a719a87c-4e93-4387-a6d1-2631a487f7e0,Ajdovščina,205
a2ce7e6f-0f99-443a-a973-81a0b9c60261,a719a87c-4e93-4387-a6d1-2631a487f7e0,a719a87c-4e93-4387-a6d1-2631a487f7e0,Ajdovščina,101
bc66f88b-1412-44cb-b921-030d27335261,609f0950-bb8c-4eaf-a931-8575b8aff1ac,1ce1c3a8-e0f6-4f90-b1aa-1448759d8b3c,Astra,204
ecc4ae87-ae08-4b94-995c-452fdd94df7f,1e157c31-d34d-4c2e-91b4-8c000c88f6dd,295616c0-387b-4f60-a337-7743cd6be04e,Bavarski dvor,60
2f874852-bc80-4ff3-b6bf-a914e31251c8,1dc99fbb-5496-4aab-a4b6-32e653ccc789,f33b721f-a8a3-4aad-96f2-077da09ebaa6,Razstavišče,538
f4cfd904-bd11-4247-95df-32c4555a930f,d98335a0-1291-4d4c-be62-16b11c356575,6a89c110-a0f8-4b1a-87f0-33f49c0a658e,Šola Jarše,44
7fad8003-fb10-489d-bf8d-6d433310ad90,6182f8e8-c45e-4606-b4a4-d909bd44d2cc,ef31a8be-b01d-44cd-95cf-3db8e918af26,Emona,246
6182f8e8-c45e-4606-b4a4-d909bd44d2cc,592b37eb-8255-4758-ae8a-7cef98521013,4038e02e-f22f-4af0-ba4f-7aab855b53af,Kneza Koclja,93
12304b99-9a07-485a-a101-eaca90495d48,484b5c91-1220-43ba-af79-84e712fcc46b,f33b721f-a8a3-4aad-96f2-077da09ebaa6,Razstavišče,48
e9382efd-d64d-46b0-9a7d-a4e6a0188725,e0bcd677-6012-4c90-a884-44dffafdffec,a0b1fb90-3f6a-4231-910a-18be192ac762,Flajšmanova,70
8eeea585-6168-45b8-a5d4-336e61826043,38b3abed-0592-407b-96c3-85a026f2e192,c87db9be-1fba-4102-a743-0ee4317dd5af,Bavarski dvor,319
6edebb46-d04f-45c4-99a4-100f7f0b2660,1dc99fbb-5496-4aab-a4b6-32e653ccc789,fef200e9-4d98-425b-ab14-8110e2aa85d7,Drama,603
6bd46cb7-9e5d-453a-878a-bcc38fb2a5f2,1eadcdb9-60cd-47c9-8eec-527c3465a685,fef200e9-4d98-425b-ab14-8110e2aa85d7,Drama,26
db13a26e-19d4-4b8a-a78a-01ef25d58834,1eadcdb9-60cd-47c9-8eec-527c3465a685,fef200e9-4d98-425b-ab14-8110e2aa85d7,Drama,135
4ca7ae7e-380b-45e3-81de-00ffab5bb531,592b37eb-8255-4758-ae8a-7cef98521013,7fa32ea0-e884-435a-a81c-51bbd5cedf3e,Zaloška,276
7484317c-269f-425f-8118-23eedab4e5f1,484b5c91-1220-43ba-af79-84e712fcc46b,484b5c91-1220-43ba-af79-84e712fcc46b,Slovenija avto,87
3edd6057-3847-4c42-b8ec-6e89ff95793a,4ca7ae7e-380b-45e3-81de-00ffab5bb531,5d7f28a6-2a2a-4333-aa06-48edfb652f86,Pošta,106
a7177a3d-8db2-43fb-8910-f95857f0ed97,cee2862b-9b70-4880-8fa3-16c6d2efae1b,N/A,N/A,660
c627c9f2-af02-4d83-969a-566719bb09e3,86a75ffc-a78f-401f-8991-2eb0371417b2,5de84f88-3f32-4636-8c30-03cc267ecf37,Podvozna pot,126
277bc73c-e61d-4046-bcfd-31d6161c568e,47a3bd8a-72ae-4e20-b43f-10bfaf49012c,717dda7e-d793-4697-8f60-b64ee8b1edc4,Gosposvetska,169
c627c9f2-af02-4d83-969a-566719bb09e3,3edd6057-3847-4c42-b8ec-6e89ff95793a,fef200e9-4d98-425b-ab14-8110e2aa85d7,Drama,35
5de84f88-3f32-4636-8c30-03cc267ecf37,7fa32ea0-e884-435a-a81c-51bbd5cedf3e,1ce1c3a8-e0f6-4f90-b1aa-1448759d8b3c,Astra,112
9cfac7e2-9653-4e52-a6d3-27756d27f817,a7177a3d-8db2-43fb-8910-f95857f0ed97,N/A,N/A,660
a2f479c6-4c21-4923-b4ac-86f752507cee,295616c0-387b-4f60-a337-7743cd6be04e,N/A,N/A,660
dfde6478-02b5-471b-a470-29cb0e84542f,f14a6236-8af2-47bf-9270-432377662a63,c87db9be-1fba-4102-a743-0ee4317dd5af,Bavarski dvor,268
c297ac70-8f43-4fbc-a8a4-366ddb883a8d,6a89c110-a0f8-4b1a-87f0-33f49c0a658e,295616c0-387b-4f60-a337-7743cd6be04e,Bavarski dvor,76
223f660b-c391-4120-bf3c-7bf06781686b,7310c006-62b8-4f94-bb9c-d5c26cb3faad,f33b721f-a8a3-4aad-96f2-077da09ebaa6,Razstavišče,79
4e8ccfa1-b58c-4ee1-ad82-2e8a645071f3,1dc99fbb-5496-4aab-a4b6-32e653ccc789,4038e02e-f22f-4af0-ba4f-7aab855b53af,Kneza Koclja,60
7484317c-269f-425f-8118-23eedab4e5f1,7c149b59-2bc6-45cb-95c8-69e18a0db627,fef200e9-4d98-425b-ab14-8110e2aa85d7,Drama,92
295616c0-387b-4f60-a337-7743cd6be04e,c297ac70-8f43-4fbc-a8a4-366ddb883a8d,a7094427-e180-4deb-acaf-5d4488326e9e,ZADOBROVA,60
db13a26e-19d4-4b8a-a78a-01ef25d58834,6559d555-672b-4633-8a81-0ae68fb963eb,295616c0-387b-4f60-a337-7743cd6be04e,Bavarski dvor,77
c87db9be-1fba-4102-a743-0ee4317dd5af,77dcd833-fa4d-4c5a-93b1-31284942e61d,223f660b-c391-4120-bf3c-7bf06781686b,Tovorni kolodvor,86
9e109242-5aad-4fb7-b0c8-576eef8aa4e0,d98335a0-1291-4d4c-be62-16b11c356575,fef200e9-4d98-425b-ab14-8110e2aa85d7,Drama,60
d4c51b31-46fd-4da8-ba15-8068e666d483,717c914e-f928-4671-95f6-26c1ddb95799,c87db9be-1fba-4102-a743-0ee4317dd5af,Bavarski dvor,267
717c914e-f928-4671-95f6-26c1ddb95799,6182f8e8-c45e-4606-b4a4-d909bd44d2cc,295616c0-387b-4f60-a337-7743cd6be04e,Bavarski dvor,83
59ee5f7d-476b-4958-a922-2040a9308f3b,c297ac70-8f43-4fbc-a8a4-366ddb883a8d,a2ce7e6f-0f99-443a-a973-81a0b9c60261,Astra,45
1eadcdb9-60cd-47c9-8eec-527c3465a685,9a1c4c65-df77-481f-87ad-56143f02a864,295616c0-387b-4f60-a337-7743cd6be04e,Bavarski dvor,73
38b3abed-0592-407b-96c3-85a026f2e192,f33b721f-a8a3-4aad-96f2-077da09ebaa6,5d7f28a6-2a2a-4333-aa06-48edfb652f86,Pošta,350
9e109242-5aad-4fb7-b0c8-576eef8aa4e0,abc9fd26-5442-468b-93b6-4d5eb76d0f1f,81f21fc1-3bd2-4d2a-b563-2d063479c68e,Štepanja vas,42
05643914-8ff7-4064-8737-2761d44a083f,484b5c91-1220-43ba-af79-84e712fcc46b,a0b1fb90-3f6a-4231-910a-18be192ac762,Flajšmanova,77
0b4a072e-6c2d-4c71-ab80-2b7142df81de,98b60d07-8054-441a-be44-be7aa24f4253,484b5c91-1220-43ba-af79-84e712fcc46b,Slovenija avto,6
47637057-8d6a-4cf9-bd56-3ac90748fcc4,7bcbdcaa-00b9-47d4-8982-09da26cd7bcb,c22879e5-8e90-4540-9a74-5f139208e492,Friškovec,346
96d4c75b-6452-4c70-a31e-c234262ba38b,e9d9f622-7394-4c5c-9031-a41855a64aa7,484b5c91-1220-43ba-af79-84e712fcc46b,Slovenija avto,78
717dda7e-d793-4697-8f60-b64ee8b1edc4,52e5adea-e194-4fc1-809c-1d6421f8f8db,c87db9be-1fba-4102-a743-0ee4317dd5af,Bavarski dvor,256
a2ce7e6f-0f99-443a-a973-81a0b9c60261,7fa32ea0-e884-435a-a81c-51bbd5cedf3e,f33b721f-a8a3-4aad-96f2-077da09ebaa6,Razstavišče,43
1eadcdb9-60cd-47c9-8eec-527c3465a685,0be237aa-4b91-4d2b-ac23-0cebac975a0d,c87db9be-1fba-4102-a743-0ee4317dd5af,Bavarski dvor,236
271db19a-744b-41a0-869d-0c3e0e2cb6bf,d98335a0-1291-4d4c-be62-16b11c356575,48b163cd-b819-4849-aee1-8b1da77657ab,Šentvid,19
e6f5183b-c615-4f47-b4fb-204ee070e825,a2ce7e6f-0f99-443a-a973-81a0b9c60261,aa42017d-812a-4175-bc9b-0fec03b18931,Ambrožev trg,148
2f874852-bc80-4ff3-b6bf-a914e31251c8,7eb88e01-82e9-4af4-84d0-69c6ea9dc82c,f14a6236-8af2-47bf-9270-432377662a63,Viadukt,161
2f874852-bc80-4ff3-b6bf-a914e31251c8,88cdd36c-03d2-4374-a22f-110dd9f75ea0,f33b721f-a8a3-4aad-96f2-077da09ebaa6,Razstavišče,640
f4cfd904-bd11-4247-95df-32c4555a930f,21764d19-62cc-49fd-bac9-403aeac6a6b9,21764d19-62cc-49fd-bac9-403aeac6a6b9,Ježica,145
6bd46cb7-9e5d-453a-878a-bcc38fb2a5f2,6a89c110-a0f8-4b1a-87f0-33f49c0a658e,295616c0-387b-4f60-a337-7743cd6be04e,Bavarski dvor,620
a7177a3d-8db2-43fb-8910-f95857f0ed97,ab987eb0-c970-4577-8db9-0cd507a6cab6,N/A,N/A,660
21764d19-62cc-49fd-bac9-403aeac6a6b9,9cfac7e2-9653-4e52-a6d3-27756d27f817,cdabf1ea-b04c-480a-8359-72c46e6864ab,Bežigrad,33
2388ce1f-c947-42d7-97f3-e01a7254c933,7484317c-269f-425f-8118-23eedab4e5f1,N/A,N/A,660
3edd6057-3847-4c42-b8ec-6e89ff95793a,fb7704f0-d31e-4561-83e4-621a8c62654b,a719a87c-4e93-4387-a6d1-2631a487f7e0,Ajdovščina,9
db13a26e-19d4-4b8a-a78a-01ef25d58834,48507e1a-32df-4552-9448-3b345760b75f,f33b721f-a8a3-4aad-96f2-077da09ebaa6,Razstavišče,98
91fb6c6e-49cf-49d3-97d4-6ae228f9bfa1,717c914e-f928-4671-95f6-26c1ddb95799,717dda7e-d793-4697-8f60-b64ee8b1edc4,Gosposvetska,215
769b7bc7-4f95-4bb2-9c99-37ba8e8b4bd5,d98335a0-1291-4d4c-be62-16b11c356575,a719a87c-4e93-4387-a6d1-2631a487f7e0,Ajdovščina,95
59ee5f7d-476b-4958-a922-2040a9308f3b,81f21fc1-3bd2-4d2a-b563-2d063479c68e,5d7f28a6-2a2a-4333-aa06-48edfb652f86,Pošta,257
a0b1fb90-3f6a-4231-910a-18be192ac762,a719a87c-4e93-4387-a6d1-2631a487f7e0,a0e0a21b-b8ce-4d76-bbc2-04e179367fee,Šola Jarše,33
d98335a0-1291-4d4c-be62-16b11c356575,769b7bc7-4f95-4bb2-9c99-37ba8e8b4bd5,484b5c91-1220-43ba-af79-84e712fcc46b,Slovenija avto,82
abc9fd26-5442-468b-93b6-4d5eb76d0f1f,717c914e-f928-4671-95f6-26c1ddb95799,5d7f28a6-2a2a-4333-aa06-48edfb652f86,Pošta,25
a719a87c-4e93-4387-a6d1-2631a487f7e0,a7177a3d-8db2-43fb-8910-f95857f0ed97,N/A,N/A,660
9bd3ee10-bc61-44e8-8cf3-a37cffd54da0,3fbf6322-fb74-4a50-a81a-bfca73abc26b,a0e0a21b-b8ce-4d76-bbc2-04e179367fee,Šola Jarše,60
a7094427-e180-4deb-acaf-5d4488326e9e,2388ce1f-c947-42d7-97f3-e01a7254c933,N/A,N/A,660
6c56976b-4ae1-429f-bcab-0cfc37e3580d,1ce1c3a8-e0f6-4f90-b1aa-1448759d8b3c,5d7f28a6-2a2a-4333-aa06-48edfb652f86,Pošta,17
a0b1fb90-3f6a-4231-910a-18be192ac762,a0b1fb90-3f6a-4231-910a-18be192ac762,295616c0-387b-4f60-a337-7743cd6be04e,Bavarski dvor,39
379bc761-04b5-4227-be76-3b870fe3e69f,1e157c31-d34d-4c2e-91b4-8c000c88f6dd,c87db9be-1fba-4102-a743-0ee4317dd5af,Bavarski dvor,3
7484317c-269f-425f-8118-23eedab4e5f1,a2f479c6-4c21-4923-b4ac-86f752507cee,N/A,N/A,660
05643914-8ff7-4064-8737-2761d44a083f,7c149b59-2bc6-45cb-95c8-69e18a0db627,c87db9be-1fba-4102-a743-0ee4317dd5af,Bavarski dvor,37
86a75ffc-a78f-401f-8991-2eb0371417b2,aa42017d-812a-4175-bc9b-0fec03b18931,88cdd36c-03d2-4374-a22f-110dd9f75ea0,Kajuhova,116
a7177a3d-8db2-43fb-8910-f95857f0ed97,6459bd02-d8f8-413e-9402-10b916f09a4f,N/A,N/A,660
9a14b0ec-f13a-46f0-8c4f-07d8b99241e2,f14a6236-8af2-47bf-9270-432377662a63,77dcd833-fa4d-4c5a-93b1-31284942e61d,Šišenska,125
1505c6fe-6080-424e-98d1-24c312cfacf3,f33b721f-a8a3-4aad-96f2-077da09ebaa6,5d7f28a6-2a2a-4333-aa06-48edfb652f86,Pošta,101
dfde6478-02b5-471b-a470-29cb0e84542f,ecc4ae87-ae08-4b94-995c-452fdd94df7f,98fa3880-5936-4ec8-ba04-39c7ff9a0e6a,Stara cerkev,6
a0b1fb90-3f6a-4231-910a-18be192ac762,454817d3-3750-49c7-994c-14d06fd2c634,a719a87c-4e93-4387-a6d1-2631a487f7e0,Ajdovščina,323
5de6ff80-1352-43df-b5ec-1df59f2f492b,f15ddf31-fc11-41ba-988d-376c83e38f58,fef200e9-4d98-425b-ab14-8110e2aa85d7,Drama,51
0b4a072e-6c2d-4c71-ab80-2b7142df81de,5de84f88-3f32-4636-8c30-03cc267ecf37,48507e1a-32df-4552-9448-3b345760b75f,Cesta na Vevče,25
e6f5183b-c615-4f47-b4fb-204ee070e825,5cc8a08d-c0af-491f-9a9c-b8b4f5f23bc0,f33b721f-a8a3-4aad-96f2-077da09ebaa6,Razstavišče,12
48b163cd-b819-4849-aee1-8b1da77657ab,21764d19-62cc-49fd-bac9-403aeac6a6b9,98fa3880-5936-4ec8-ba04-39c7ff9a0e6a,Stara cerkev,331
7bcbdcaa-00b9-47d4-8982-09da26cd7bcb,379bc761-04b5-4227-be76-3b870fe3e69f,717dda7e-d793-4697-8f60-b64ee8b1edc4,Gosposvetska,130
5de6ff80-1352-43df-b5ec-1df59f2f492b,1ce1c3a8-e0f6-4f90-b1aa-1448759d8b3c,c87db9be-1fba-4102-a743-0ee4317dd5af,Bavarski dvor,272
3fbf6322-fb74-4a50-a81a-bfca73abc26b,5d7f28a6-2a2a-4333-aa06-48edfb652f86,f33b721f-a8a3-4aad-96f2-077da09ebaa6,Razstavišče,179
a7094427-e180-4deb-acaf-5d4488326e9e,023d7b7a-b411-4e61-8746-b07f9e5c8f90,f33b721f-a8a3-4aad-96f2-077da09ebaa6,Razstavišče,25
6182f8e8-c45e-4606-b4a4-d909bd44d2cc,9a1c4c65-df77-481f-87ad-56143f02a864,fef200e9-4d98-425b-ab14-8110e2aa85d7,Drama,170
1dc99fbb-5496-4aab-a4b6-32e653ccc789,023d7b7a-b411-4e61-8746-b07f9e5c8f90,fef200e9-4d98-425b-ab14-8110e2aa85d7,Drama,22
38b3abed-0592-407b-96c3-85a026f2e192,b59656a4-b6e7-4b87-977c-078c59088a50,98fa3880-5936-4ec8-ba04-39c7ff9a0e6a,Stara cerkev,16
7c149b59-2bc6-45cb-95c8-69e18a0db627,e468b92f-fa4a-4819-bb11-37761deaf4ca,7fad8003-fb10-489d-bf8d-6d433310ad90,Nove Jarše,330
05643914-8ff7-4064-8737-2761d44a083f,9b0074d2-2c92-4c01-830b-00be8e05b412,fef200e9-4d98-425b-ab14-8110e2aa85d7,Drama,381
294c40c4-18e4-4d92-a947-911a8623de89,c87db9be-1fba-4102-a743-0ee4317dd5af,c87db9be-1fba-4102-a743-0ee4317dd5af,Bavarski dvor,53
d4c51b31-46fd-4da8-ba15-8068e666d483,81f21fc1-3bd2-4d2a-b563-2d063479c68e,fef200e9-4d98-425b-ab14-8110e2aa85d7,Drama,16
0be237aa-4b91-4d2b-ac23-0cebac975a0d,3edd6057-3847-4c42-b8ec-6e89ff95793a,c87db9be-1fba-4102-a743-0ee4317dd5af,Bavarski dvor,107
bc66f88b-1412-44cb-b921-030d27335261,e9382efd-d64d-46b0-9a7d-a4e6a0188725,484b5c91-1220-43ba-af79-84e712fcc46b,Slovenija avto,38
91fb6c6e-49cf-49d3-97d4-6ae228f9bfa1,47637057-8d6a-4cf9-bd56-3ac90748fcc4,a719a87c-4e93-4387-a6d1-2631a487f7e0,Ajdovščina,13
484b5c91-1220-43ba-af79-84e712fcc46b,717dda7e-d793-4697-8f60-b64ee8b1edc4,5de84f88-3f32-4636-8c30-03cc267ecf37,Podvozna pot,334
e9382efd-d64d-46b0-9a7d-a4e6a0188725,6a89c110-a0f8-4b1a-87f0-33f49c0a658e,f33b721f-a8a3-4aad-96f2-077da09ebaa6,Razstavišče,54
7c149b59-2bc6-45cb-95c8-69e18a0db627,a7094427-e180-4deb-acaf-5d4488326e9e,f33b721f-a8a3-4aad-96f2-077da09ebaa6,Razstavišče,283
c0ff37c8-ac6c-4284-ad32-0ad29fd30dc2,80c65758-5f25-4003-8d55-10ff96fe8310,7fad8003-fb10-489d-bf8d-6d433310ad90,Nove Jarše,301
8512e1be-4637-483b-a3e6-78ccc6d2c5b1,592b37eb-8255-4758-ae8a-7cef98521013,5d7f28a6-2a2a-4333-aa06-48edfb652f86,Pošta,159
023d7b7a-b411-4e61-8746-b07f9e5c8f90,7eb88e01-82e9-4af4-84d0-69c6ea9dc82c,5d7f28a6-2a2a-4333-aa06-48edfb652f86,Pošta,159
295616c0-387b-4f60-a337-7743cd6be04e,48b163cd-b819-4849-aee1-8b1da77657ab,6a89c110-a0f8-4b1a-87f0-33f49c0a658e,Šola Jarše,364
7484317c-269f-425f-8118-23eedab4e5f1,1035c6f7-304e-4329-a3b2-4eb5d985a577,fef200e9-4d98-425b-ab14-8110e2aa85d7,Drama,443
c22879e5-8e90-4540-9a74-5f139208e492,48507e1a-32df-4552-9448-3b345760b75f,fef200e9-4d98-425b-ab14-8110e2aa85d7,Drama,7
e9382efd-d64d-46b0-9a7d-a4e6a0188725,aa42017d-812a-4175-bc9b-0fec03b18931,f33b721f-a8a3-4aad-96f2-077da09ebaa6,Razstavišče,445
1e157c31-d34d-4c2e-91b4-8c000c88f6dd,1eadcdb9-60cd-47c9-8eec-527c3465a685,a719a87c-4e93-4387-a6d1-2631a487f7e0,Ajdovščina,159
717c914e-f928-4671-95f6-26c1ddb95799,0dc86a8f-0f41-44c7-978c-e06cb63cbbcf,fef200e9-4d98-425b-ab14-8110e2aa85d7,Drama,250
7484317c-269f-425f-8118-23eedab4e5f1,91fb6c6e-49cf-49d3-97d4-6ae228f9bfa1,c87db9be-1fba-4102-a743-0ee4317dd5af,Bavarski dvor,56
9e109242-5aad-4fb7-b0c8-576eef8aa4e0,7eb88e01-82e9-4af4-84d0-69c6ea9dc82c,9a1c4c65-df77-481f-87ad-56143f02a864,Vižmarje,53
21764d19-62cc-49fd-bac9-403aeac6a6b9,21764d19-62cc-49fd-bac9-403aeac6a6b9,2ec182e2-769f-427f-b9b5-c4118890cb96,Stožice,1
6459bd02-d8f8-413e-9402-10b916f09a4f,52e5adea-e194-4fc1-809c-1d6421f8f8db,c87db9be-1fba-4102-a743-0ee4317dd5af,Bavarski dvor,60
5de6ff80-1352-43df-b5ec-1df59f2f492b,8eeea585-6168-45b8-a5d4-336e61826043,295616c0-387b-4f60-a337-7743cd6be04e,Bavarski dvor,202
48b163cd-b819-4849-aee1-8b1da77657ab,e468b92f-fa4a-4819-bb11-37761deaf4ca,c87db9be-1fba-4102-a743-0ee4317dd5af,Bavarski dvor,44
3edd6057-3847-4c42-b8ec-6e89ff95793a,bc66f88b-1412-44cb-b921-030d27335261,f14a6236-8af2-47bf-9270-432377662a63,Viadukt,232
379bc761-04b5-4227-be76-3b870fe3e69f,1505c6fe-6080-424e-98d1-24c312cfacf3,717dda7e-d793-4697-8f60-b64ee8b1edc4,Gosposvetska,32
a0b1fb90-3f6a-4231-910a-18be192ac762,ac3afe7d-a2b3-4d5d-9e6a-1d2412a3bc70,9cfac7e2-9653-4e52-a6d3-27756d27f817,Kino Šiška,19
4ca7ae7e-380b-45e3-81de-00ffab5bb531,a0b1fb90-3f6a-4231-910a-18be192ac762,7310c006-62b8-4f94-bb9c-d5c26cb3faad,Polje,8
ecc4ae87-ae08-4b94-995c-452fdd94df7f,e9d9f622-7394-4c5c-9031-a41855a64aa7,fef200e9-4d98-425b-ab14-8110e2aa85d7,Drama,151
9bd3ee10-bc61-44e8-8cf3-a37cffd54da0,2388ce1f-c947-42d7-97f3-e01a7254c933,N/A,N/A,660
6459bd02-d8f8-413e-9402-10b916f09a4f,7fad8003-fb10-489d-bf8d-6d433310ad90,aa42017d-812a-4175-bc9b-0fec03b18931,Ambrožev trg,108
0be237aa-4b91-4d2b-ac23-0cebac975a0d,91fb6c6e-49cf-49d3-97d4-6ae228f9bfa1,295616c0-387b-4f60-a337-7743cd6be04e,Bavarski dvor,126
c5ec5e81-2ce4-452d-bd7a-595de4f8b34f,1505c6fe-6080-424e-98d1-24c312cfacf3,2ec182e2-769f-427f-b9b5-c4118890cb96,Stožice,94
8598b85d-3e1d-4767-b72f-0c209038841f,e6f5183b-c615-4f47-b4fb-204ee070e825,484b5c91-1220-43ba-af79-84e712fcc46b,Slovenija avto,16
0dc86a8f-0f41-44c7-978c-e06cb63cbbcf,35aedf45-cca3-4f2f-931b-138d29d20fe9,592b37eb-8255-4758-ae8a-7cef98521013,Rogovilc,280
47637057-8d6a-4cf9-bd56-3ac90748fcc4,295616c0-387b-4f60-a337-7743cd6be04e,a2ce7e6f-0f99-443a-a973-81a0b9c60261,Astra,143
77dcd833-fa4d-4c5a-93b1-31284942e61d,223f660b-c391-4120-bf3c-7bf06781686b,295616c0-387b-4f60-a337-7743cd6be04e,Bavarski dvor,203
0dc86a8f-0f41-44c7-978c-e06cb63cbbcf,8589e5d1-21b4-4210-ad7a-4bf91f9a715d,c87db9be-1fba-4102-a743-0ee4317dd5af,Bavarski dvor,50
0dc86a8f-0f41-44c7-978c-e06cb63cbbcf,98fa3880-5936-4ec8-ba04-39c7ff9a0e6a,295616c0-387b-4f60-a337-7743cd6be04e,Bavarski dvor,64
c627c9f2-af02-4d83-969a-566719bb09e3,271db19a-744b-41a0-869d-0c3e0e2cb6bf,f4cfd904-bd11-4247-95df-32c4555a930f,Klinični center,273
4ca7ae7e-380b-45e3-81de-00ffab5bb531,58db973d-ecbb-4aa6-a56c-c26aaff7f263,c87db9be-1fba-4102-a743-0ee4317dd5af,Bavarski dvor,406
5cc8a08d-c0af-491f-9a9c-b8b4f5f23bc0,1ce1c3a8-e0f6-4f90-b1aa-1448759d8b3c,c87db9be-1fba-4102-a743-0ee4317dd5af,Bavarski dvor,287
9cfac7e2-9653-4e52-a6d3-27756d27f817,77dcd833-fa4d-4c5a-93b1-31284942e61d,fef200e9-4d98-425b-ab14-8110e2aa85d7,Drama,67
5cc8a08d-c0af-491f-9a9c-b8b4f5f23bc0,ecc4ae87-ae08-4b94-995c-452fdd94df7f,7fa32ea0-e884-435a-a81c-51bbd5cedf3e,Zaloška,466
a2f479c6-4c21-4923-b4ac-86f752507cee,3edd6057-3847-4c42-b8ec-6e89ff95793a,N/A,N/A,660
86a75ffc-a78f-401f-8991-2eb0371417b2,6a89c110-a0f8-4b1a-87f0-33f49c0a658e,fef200e9-4d98-425b-ab14-8110e2aa85d7,Drama,30
77dcd833-fa4d-4c5a-93b1-31284942e61d,d98335a0-1291-4d4c-be62-16b11c356575,295616c0-387b-4f60-a337-7743cd6be04e,Bavarski dvor,214
25cde952-4896-4977-b229-75e09b3e3661,4038e02e-f22f-4af0-ba4f-7aab855b53af,7bcbdcaa-00b9-47d4-8982-09da26cd7bcb,Zaloška,49
cee2862b-9b70-4880-8fa3-16c6d2efae1b,717dda7e-d793-4697-8f60-b64ee8b1edc4,fef200e9-4d98-425b-ab14-8110e2aa85d7,Drama,55
7bcbdcaa-00b9-47d4-8982-09da26cd7bcb,277bc73c-e61d-4046-bcfd-31d6161c568e,c87db9be-1fba-4102-a743-0ee4317dd5af,Bavarski dvor,344
3fbf6322-fb74-4a50-a81a-bfca73abc26b,3fbf6322-fb74-4a50-a81a-bfca73abc26b,05643914-8ff7-4064-8737-2761d44a083f,Tabor,1
3c6ebf90-c611-4535-b2b0-22fba3f7649a,277bc73c-e61d-4046-bcfd-31d6161c568e,6bd46cb7-9e5d-453a-878a-bcc38fb2a5f2,Sava,344
6559d555-672b-4633-8a81-0ae68fb963eb,88cdd36c-03d2-4374-a22f-110dd9f75ea0,6a89c110-a0f8-4b1a-87f0-33f49c0a658e,Šola Jarše,209
c87db9be-1fba-4102-a743-0ee4317dd5af,9a14b0ec-f13a-46f0-8c4f-07d8b99241e2,6a89c110-a0f8-4b1a-87f0-33f49c0a658e,Šola Jarše,91
f33b721f-a8a3-4aad-96f2-077da09ebaa6,e9382efd-d64d-46b0-9a7d-a4e6a0188725,a719a87c-4e93-4387-a6d1-2631a487f7e0,Ajdovščina,149
3edd6057-3847-4c42-b8ec-6e89ff95793a,c297ac70-8f43-4fbc-a8a4-366ddb883a8d,c87db9be-1fba-4102-a743-0ee4317dd5af,Bavarski dvor,18
7bcbdcaa-00b9-47d4-8982-09da26cd7bcb,3c6ebf90-c611-4535-b2b0-22fba3f7649a,fef200e9-4d98-425b-ab14-8110e2aa85d7,Drama,199
2f874852-bc80-4ff3-b6bf-a914e31251c8,47637057-8d6a-4cf9-bd56-3ac90748fcc4,fef200e9-4d98-425b-ab14-8110e2aa85d7,Drama,20
77dcd833-fa4d-4c5a-93b1-31284942e61d,96d4c75b-6452-4c70-a31e-c234262ba38b,5d7f28a6-2a2a-4333-aa06-48edfb652f86,Pošta,25
1b3ddeca-a066-43ee-9ae5-8339628129c2,6182f8e8-c45e-4606-b4a4-d909bd44d2cc,c87db9be-1fba-4102-a743-0ee4317dd5af,Bavarski dvor,115
2ec182e2-769f-427f-b9b5-c4118890cb96,3c6ebf90-c611-4535-b2b0-22fba3f7649a,295616c0-387b-4f60-a337-7743cd6be04e,Bavarski dvor,84
91fb6c6e-49cf-49d3-97d4-6ae228f9bfa1,295616c0-387b-4f60-a337-7743cd6be04e,48b163cd-b819-4849-aee1-8b1da77657ab,Šentvid,57
c0ff37c8-ac6c-4284-ad32-0ad29fd30dc2,923bd774-0651-4e0a-8624-3acfb7ecd5ff,223f660b-c391-4120-bf3c-7bf06781686b,Tovorni kolodvor,24
8c7fa045-888b-46d0-8189-6f82623bf481,9746f277-af08-4cce-92fa-41da5eca8ac2,c87db9be-1fba-4102-a743-0ee4317dd5af,Bavarski dvor,7
a2f479c6-4c21-4923-b4ac-86f752507cee,1e157c31-d34d-4c2e-91b4-8c000c88f6dd,N/A,N/A,660
88cdd36c-03d2-4374-a22f-110dd9f75ea0,05643914-8ff7-4064-8737-2761d44a083f,fef200e9-4d98-425b-ab14-8110e2aa85d7,Drama,47
271db19a-744b-41a0-869d-0c3e0e2cb6bf,abc9fd26-5442-468b-93b6-4d5eb76d0f1f,f4cfd904-bd11-4247-95df-32c4555a930f,Klinični center,12
c0ff37c8-ac6c-4284-ad32-0ad29fd30dc2,aa42017d-812a-4175-bc9b-0fec03b18931,c5ec5e81-2ce4-452d-bd7a-595de4f8b34f,Prušnikova,46
25cde952-4896-4977-b229-75e09b3e3661,d4c51b31-46fd-4da8-ba15-8068e666d483,5d7f28a6-2a2a-4333-aa06-48edfb652f86,Pošta,36
fef200e9-4d98-425b-ab14-8110e2aa85d7,91fb6c6e-49cf-49d3-97d4-6ae228f9bfa1,484b5c91-1220-43ba-af79-84e712fcc46b,Slovenija avto,279
1b3ddeca-a066-43ee-9ae5-8339628129c2,0be237aa-4b91-4d2b-ac23-0cebac975a0d,a719a87c-4e93-4387-a6d1-2631a487f7e0,Ajdovščina,371
7c149b59-2bc6-45cb-95c8-69e18a0db627,ef31a8be-b01d-44cd-95cf-3db8e918af26,7fa32ea0-e884-435a-a81c-51bbd5cedf3e,Zaloška,2
294c40c4-18e4-4d92-a947-911a8623de89,1eadcdb9-60cd-47c9-8eec-527c3465a685,f33b721f-a8a3-4aad-96f2-077da09ebaa6,Razstavišče,105
3edd6057-3847-4c42-b8ec-6e89ff95793a,8eeea585-6168-45b8-a5d4-336e61826043,fef200e9-4d98-425b-ab14-8110e2aa85d7,Drama,35
a2ce7e6f-0f99-443a-a973-81a0b9c60261,3c6ebf90-c611-4535-b2b0-22fba3f7649a,fef200e9-4d98-425b-ab14-8110e2aa85d7,Drama,146
592b37eb-8255-4758-ae8a-7cef98521013,a2f479c6-4c21-4923-b4ac-86f752507cee,N/A,N/A,660
6bd46cb7-9e5d-453a-878a-bcc38fb2a5f2,0dc86a8f-0f41-44c7-978c-e06cb63cbbcf,5de84f88-3f32-4636-8c30-03cc267ecf37,Podvozna pot,78
c297ac70-8f43-4fbc-a8a4-366ddb883a8d,7fad8003-fb10-489d-bf8d-6d433310ad90,295616c0-387b-4f60-a337-7743cd6be04e,Bavarski dvor,6
ef31a8be-b01d-44cd-95cf-3db8e918af26,379bc761-04b5-4227-be76-3b870fe3e69f,5d7f28a6-2a2a-4333-aa06-48edfb652f86,Pošta,568
7c149b59-2bc6-45cb-95c8-69e18a0db627,25cde952-4896-4977-b229-75e09b3e3661,N/A,N/A,660
6182f8e8-c45e-4606-b4a4-d909bd44d2cc,a0e0a21b-b8ce-4d76-bbc2-04e179367fee,c5ec5e81-2ce4-452d-bd7a-595de4f8b34f,Prušnikova,506
98fa3880-5936-4ec8-ba04-39c7ff9a0e6a,2388ce1f-c947-42d7-97f3-e01a7254c933,N/A,N/A,660
6a89c110-a0f8-4b1a-87f0-33f49c0a658e,9b0074d2-2c92-4c01-830b-00be8e05b412,a719a87c-4e93-4387-a6d1-2631a487f7e0,Ajdovščina,90
2f18bcfa-6189-4de4-b06f-132d3392e7d6,47637057-8d6a-4cf9-bd56-3ac90748fcc4,295616c0-387b-4f60-a337-7743cd6be04e,Bavarski dvor,123
52e5adea-e194-4fc1-809c-1d6421f8f8db,dfde6478-02b5-471b-a470-29cb0e84542f,6a89c110-a0f8-4b1a-87f0-33f49c0a658e,Šola Jarše,117
81f21fc1-3bd2-4d2a-b563-2d063479c68e,7eb88e01-82e9-4af4-84d0-69c6ea9dc82c,f4cfd904-bd11-4247-95df-32c4555a930f,Klinični center,57
9bd3ee10-bc61-44e8-8cf3-a37cffd54da0,a0e0a21b-b8ce-4d76-bbc2-04e179367fee,7fad8003-fb10-489d-bf8d-6d433310ad90,Nove Jarše,491
d4c51b31-46fd-4da8-ba15-8068e666d483,fef200e9-4d98-425b-ab14-8110e2aa85d7,a719a87c-4e93-4387-a6d1-2631a487f7e0,Ajdovščina,197
e0bcd677-6012-4c90-a884-44dffafdffec,e786b2df-34ed-4246-832e-7c3d538ac1f4,1b3ddeca-a066-43ee-9ae5-8339628129c2,Žale,10
3edd6057-3847-4c42-b8ec-6e89ff95793a,cee2862b-9b70-4880-8fa3-16c6d2efae1b,5d7f28a6-2a2a-4333-aa06-48edfb652f86,Pošta,350
769b7bc7-4f95-4bb2-9c99-37ba8e8b4bd5,4d216485-ef41-45e7-9182-0c254644955c,fef200e9-4d98-425b-ab14-8110e2aa85d7,Drama,202
379bc761-04b5-4227-be76-3b870fe3e69f,a7094427-e180-4deb-acaf-5d4488326e9e,a0b1fb90-3f6a-4231-910a-18be192ac762,Flajšmanova,67
a2ce7e6f-0f99-443a-a973-81a0b9c60261,0dc86a8f-0f41-44c7-978c-e06cb63cbbcf,aa42017d-812a-4175-bc9b-0fec03b18931,Ambrožev trg,113
cee2862b-9b70-4880-8fa3-16c6d2efae1b,a2f479c6-4c21-4923-b4ac-86f752507cee,N/A,N/A,660
db13a26e-19d4-4b8a-a78a-01ef25d58834,a2f479c6-4c21-4923-b4ac-86f752507cee,N/A,N/A,660
81f21fc1-3bd2-4d2a-b563-2d063479c68e,1505c6fe-6080-424e-98d1-24c312cfacf3,223f660b-c391-4120-bf3c-7bf06781686b,Tovorni kolodvor,48
f15ddf31-fc11-41ba-988d-376c83e38f58,6a89c110-a0f8-4b1a-87f0-33f49c0a658e,fef200e9-4d98-425b-ab14-8110e2aa85d7,Drama,254
ecc4ae87-ae08-4b94-995c-452fdd94df7f,271db19a-744b-41a0-869d-0c3e0e2cb6bf,f2b27cbd-5207-4281-8f67-6369d0c50a9b,Kodrova,146
294c40c4-18e4-4d92-a947-911a8623de89,9b0074d2-2c92-4c01-830b-00be8e05b412,295616c0-387b-4f60-a337-7743cd6be04e,Bavarski dvor,152
ac3afe7d-a2b3-4d5d-9e6a-1d2412a3bc70,05643914-8ff7-4064-8737-2761d44a083f,295616c0-387b-4f60-a337-7743cd6be04e,Bavarski dvor,287
f2b27cbd-5207-4281-8f67-6369d0c50a9b,f33b721f-a8a3-4aad-96f2-077da09ebaa6,295616c0-387b-4f60-a337-7743cd6be04e,Bavarski dvor,255
2f18bcfa-6189-4de4-b06f-132d3392e7d6,47a3bd8a-72ae-4e20-b43f-10bfaf49012c,ef31a8be-b01d-44cd-95cf-3db8e918af26,Emona,3
e9d9f622-7394-4c5c-9031-a41855a64aa7,77dcd833-fa4d-4c5a-93b1-31284942e61d,7fad8003-fb10-489d-bf8d-6d433310ad90,Nove Jarše,599
1ce1c3a8-e0f6-4f90-b1aa-1448759d8b3c,47637057-8d6a-4cf9-bd56-3ac90748fcc4,f2b27cbd-5207-4281-8f67-6369d0c50a9b,Kodrova,354
1ce1c3a8-e0f6-4f90-b1aa-1448759d8b3c,80c65758-5f25-4003-8d55-10ff96fe8310,5d7f28a6-2a2a-4333-aa06-48edfb652f86,Pošta,56
db13a26e-19d4-4b8a-a78a-01ef25d58834,cdabf1ea-b04c-480a-8359-72c46e6864ab,c87db9be-1fba-4102-a743-0ee4317dd5af,Bavarski dvor,319
2388ce1f-c947-42d7-97f3-e01a7254c933,47a3bd8a-72ae-4e20-b43f-10bfaf49012c,N/A,N/A,660
db13a26e-19d4-4b8a-a78a-01ef25d58834,ab987eb0-c970-4577-8db9-0cd507a6cab6,295616c0-387b-4f60-a337-7743cd6be04e,Bavarski dvor,49
9746f277-af08-4cce-92fa-41da5eca8ac2,7484317c-269f-425f-8118-23eedab4e5f1,c22879e5-8e90-4540-9a74-5f139208e492,Friškovec,188
4038e02e-f22f-4af0-ba4f-7aab855b53af,2388ce1f-c947-42d7-97f3-e01a7254c933,N/A,N/A,660
5cc8a08d-c0af-491f-9a9c-b8b4f5f23bc0,db13a26e-19d4-4b8a-a78a-01ef25d58834,c87db9be-1fba-4102-a743-0ee4317dd5af,Bavarski dvor,138
769b7bc7-4f95-4bb2-9c99-37ba8e8b4bd5,91fb6c6e-49cf-49d3-97d4-6ae228f9bfa1,c87db9be-1fba-4102-a743-0ee4317dd5af,Bavarski dvor,74
cdabf1ea-b04c-480a-8359-72c46e6864ab,592b37eb-8255-4758-ae8a-7cef98521013,98fa3880-5936-4ec8-ba04-39c7ff9a0e6a,Stara cerkev,310
5de6ff80-1352-43df-b5ec-1df59f2f492b,b59656a4-b6e7-4b87-977c-078c59088a50,fef200e9-4d98-425b-ab14-8110e2aa85d7,Drama,1
c297ac70-8f43-4fbc-a8a4-366ddb883a8d,b59656a4-b6e7-4b87-977c-078c59088a50,c87db9be-1fba-4102-a743-0ee4317dd5af,Bavarski dvor,151
1b0f629f-acdb-4e94-8c54-018f4334ebf7,fb0042f8-d9e2-4916-b60a-38a026acf0c9,a719a87c-4e93-4387-a6d1-2631a487f7e0,Ajdovščina,93
96d4c75b-6452-4c70-a31e-c234262ba38b,6559d555-672b-4633-8a81-0ae68fb963eb,c22879e5-8e90-4540-9a74-5f139208e492,Friškovec,209
3fbf6322-fb74-4a50-a81a-bfca73abc26b,5d7f28a6-2a2a-4333-aa06-48edfb652f86,717dda7e-d793-4697-8f60-b64ee8b1edc4,Gosposvetska,134
1b0f629f-acdb-4e94-8c54-018f4334ebf7,98b60d07-8054-441a-be44-be7aa24f4253,c22879e5-8e90-4540-9a74-5f139208e492,Friškovec,300
454817d3-3750-49c7-994c-14d06fd2c634,12304b99-9a07-485a-a101-eaca90495d48,717dda7e-d793-4697-8f60-b64ee8b1edc4,Gosposvetska,111
77dcd833-fa4d-4c5a-93b1-31284942e61d,ac3afe7d-a2b3-4d5d-9e6a-1d2412a3bc70,f14a6236-8af2-47bf-9270-432377662a63,Viadukt,283
9a1c4c65-df77-481f-87ad-56143f02a864,fb7704f0-d31e-4561-83e4-621a8c62654b,295616c0-387b-4f60-a337-7743cd6be04e,Bavarski dvor,49
a0b1fb90-3f6a-4231-910a-18be192ac762,58db973d-ecbb-4aa6-a56c-c26aaff7f263,5d7f28a6-2a2a-4333-aa06-48edfb652f86,Pošta,87
fb7704f0-d31e-4561-83e4-621a8c62654b,fef200e9-4d98-425b-ab14-8110e2aa85d7,fef200e9-4d98-425b-ab14-8110e2aa85d7,Drama,174
8eeea585-6168-45b8-a5d4-336e61826043,e786b2df-34ed-4246-832e-7c3d538ac1f4,a0b1fb90-3f6a-4231-910a-18be192ac762,Flajšmanova,452
6459bd02-d8f8-413e-9402-10b916f09a4f,98fa3880-5936-4ec8-ba04-39c7ff9a0e6a,98fa3880-5936-4ec8-ba04-39c7ff9a0e6a,Stara cerkev,137
ac3afe7d-a2b3-4d5d-9e6a-1d2412a3bc70,9b0074d2-2c92-4c01-830b-00be8e05b412,a719a87c-4e93-4387-a6d1-2631a487f7e0,Ajdovščina,54
98fa3880-5936-4ec8-ba04-39c7ff9a0e6a,1eadcdb9-60cd-47c9-8eec-527c3465a685,c87db9be-1fba-4102-a743-0ee4317dd5af,Bavarski dvor,293
f4cfd904-bd11-4247-95df-32c4555a930f,3edd6057-3847-4c42-b8ec-6e89ff95793a,f33b721f-a8a3-4aad-96f2-077da09ebaa6,Razstavišče,29
1e157c31-d34d-4c2e-91b4-8c000c88f6dd,05643914-8ff7-4064-8737-2761d44a083f,5d7f28a6-2a2a-4333-aa06-48edfb652f86,Pošta,165
c5ec5e81-2ce4-452d-bd7a-595de4f8b34f,38b3abed-0592-407b-96c3-85a026f2e192,f33b721f-a8a3-4aad-96f2-077da09ebaa6,Razstavišče,146
d98335a0-1291-4d4c-be62-16b11c356575,7fad8003-fb10-489d-bf8d-6d433310ad90,295616c0-387b-4f60-a337-7743cd6be04e,Bavarski dvor,212
0b4a072e-6c2d-4c71-ab80-2b7142df81de,cee2862b-9b70-4880-8fa3-16c6d2efae1b,a2ce7e6f-0f99-443a-a973-81a0b9c60261,Astra,7
484b5c91-1220-43ba-af79-84e712fcc46b,9a14b0ec-f13a-46f0-8c4f-07d8b99241e2,7fad8003-fb10-489d-bf8d-6d433310ad90,Nove Jarše,265
7310c006-62b8-4f94-bb9c-d5c26cb3faad,5d7f28a6-2a2a-4333-aa06-48edfb652f86,c87db9be-1fba-4102-a743-0ee4317dd5af,Bavarski dvor,108
c297ac70-8f43-4fbc-a8a4-366ddb883a8d,ef31a8be-b01d-44cd-95cf-3db8e918af26,7bcbdcaa-00b9-47d4-8982-09da26cd7bcb,Zaloška,432
6bd46cb7-9e5d-453a-878a-bcc38fb2a5f2,2ec182e2-769f-427f-b9b5-c4118890cb96,f33b721f-a8a3-4aad-96f2-077da09ebaa6,Razstavišče,55
48b163cd-b819-4849-aee1-8b1da77657ab,1eadcdb9-60cd-47c9-8eec-527c3465a685,ecc4ae87-ae08-4b94-995c-452fdd94df7f,Privoz,132
d4c51b31-46fd-4da8-ba15-8068e666d483,ab987eb0-c970-4577-8db9-0cd507a6cab6,c87db9be-1fba-4102-a743-0ee4317dd5af,Bavarski dvor,56
3fbf6322-fb74-4a50-a81a-bfca73abc26b,093afa81-b65f-4182-bac3-afbc00558a9b,7c149b59-2bc6-45cb-95c8-69e18a0db627,Rusjanov trg,322
ac3afe7d-a2b3-4d5d-9e6a-1d2412a3bc70,2ec182e2-769f-427f-b9b5-c4118890cb96,7fa32ea0-e884-435a-a81c-51bbd5cedf3e,Zaloška,291
923bd774-0651-4e0a-8624-3acfb7ecd5ff,abc9fd26-5442-468b-93b6-4d5eb76d0f1f,a719a87c-4e93-4387-a6d1-2631a487f7e0,Ajdovščina,36
91fb6c6e-49cf-49d3-97d4-6ae228f9bfa1,86a75ffc-a78f-401f-8991-2eb0371417b2,9e109242-5aad-4fb7-b0c8-576eef8aa4e0,VEVČE,3
9e109242-5aad-4fb7-b0c8-576eef8aa4e0,fb0042f8-d9e2-4916-b60a-38a026acf0c9,5d7f28a6-2a2a-4333-aa06-48edfb652f86,Pošta,645
a7094427-e180-4deb-acaf-5d4488326e9e,aa42017d-812a-4175-bc9b-0fec03b18931,484b5c91-1220-43ba-af79-84e712fcc46b,Slovenija avto,313
609f0950-bb8c-4eaf-a931-8575b8aff1ac,47637057-8d6a-4cf9-bd56-3ac90748fcc4,fb0042f8-d9e2-4916-b60a-38a026acf0c9,Leskoškova,178
e0bcd677-6012-4c90-a884-44dffafdffec,aa42017d-812a-4175-bc9b-0fec03b18931,223f660b-c391-4120-bf3c-7bf06781686b,Tovorni kolodvor,78
a0e0a21b-b8ce-4d76-bbc2-04e179367fee,5cc8a08d-c0af-491f-9a9c-b8b4f5f23bc0,717dda7e-d793-4697-8f60-b64ee8b1edc4,Gosposvetska,370
c297ac70-8f43-4fbc-a8a4-366ddb883a8d,9cfac7e2-9653-4e52-a6d3-27756d27f817,ac3afe7d-a2b3-4d5d-9e6a-1d2412a3bc70,Litostrojska,488
7310c006-62b8-4f94-bb9c-d5c26cb3faad,eb165f50-9c43-4b09-9658-469a16d3dc83,f2b27cbd-5207-4281-8f67-6369d0c50a9b,Kodrova,70
ab987eb0-c970-4577-8db9-0cd507a6cab6,c297ac70-8f43-4fbc-a8a4-366ddb883a8d,f33b721f-a8a3-4aad-96f2-077da09ebaa6,Razstavišče,105
2f874852-bc80-4ff3-b6bf-a914e31251c8,717dda7e-d793-4697-8f60-b64ee8b1edc4,9a1c4c65-df77-481f-87ad-56143f02a864,Vižmarje,73
eb165f50-9c43-4b09-9658-469a16d3dc83,48507e1a-32df-4552-9448-3b345760b75f,fef200e9-4d98-425b-ab14-8110e2aa85d7,Drama,107
b59656a4-b6e7-4b87-977c-078c59088a50,59ee5f7d-476b-4958-a922-2040a9308f3b,a719a87c-4e93-4387-a6d1-2631a487f7e0,Ajdovščina,261
1ce1c3a8-e0f6-4f90-b1aa-1448759d8b3c,cdabf1ea-b04c-480a-8359-72c46e6864ab,fef200e9-4d98-425b-ab14-8110e2aa85d7,Drama,148
294c40c4-18e4-4d92-a947-911a8623de89,8c7fa045-888b-46d0-8189-6f82623bf481,a719a87c-4e93-4387-a6d1-2631a487f7e0,Ajdovščina,210
6edebb46-d04f-45c4-99a4-100f7f0b2660,d98335a0-1291-4d4c-be62-16b11c356575,c87db9be-1fba-4102-a743-0ee4317dd5af,Bavarski dvor,472
3edd6057-3847-4c42-b8ec-6e89ff95793a,1b3ddeca-a066-43ee-9ae5-8339628129c2,484b5c91-1220-43ba-af79-84e712fcc46b,Slovenija avto,451
77dcd833-fa4d-4c5a-93b1-31284942e61d,fef200e9-4d98-425b-ab14-8110e2aa85d7,223f660b-c391-4120-bf3c-7bf06781686b,Tovorni kolodvor,67
58db973d-ecbb-4aa6-a56c-c26aaff7f263,1035c6f7-304e-4329-a3b2-4eb5d985a577,aa42017d-812a-4175-bc9b-0fec03b18931,Ambrožev trg,147
454817d3-3750-49c7-994c-14d06fd2c634,2f874852-bc80-4ff3-b6bf-a914e31251c8,48b163cd-b819-4849-aee1-8b1da77657ab,Šentvid,454
9bd3ee10-bc61-44e8-8cf3-a37cffd54da0,5cc8a08d-c0af-491f-9a9c-b8b4f5f23bc0,a0e0a21b-b8ce-4d76-bbc2-04e179367fee,Šola Jarše,23
81f21fc1-3bd2-4d2a-b563-2d063479c68e,5de84f88-3f32-4636-8c30-03cc267ecf37,a2ce7e6f-0f99-443a-a973-81a0b9c60261,Astra,97
717dda7e-d793-4697-8f60-b64ee8b1edc4,f15ddf31-fc11-41ba-988d-376c83e38f58,295616c0-387b-4f60-a337-7743cd6be04e,Bavarski dvor,11
592b37eb-8255-4758-ae8a-7cef98521013,ecc4ae87-ae08-4b94-995c-452fdd94df7f,f33b721f-a8a3-4aad-96f2-077da09ebaa6,Razstavišče,654
52e5adea-e194-4fc1-809c-1d6421f8f8db,db13a26e-19d4-4b8a-a78a-01ef25d58834,c87db9be-1fba-4102-a743-0ee4317dd5af,Bavarski dvor,133
a2ce7e6f-0f99-443a-a973-81a0b9c60261,bc66f88b-1412-44cb-b921-030d27335261,023d7b7a-b411-4e61-8746-b07f9e5c8f90,Ambrožev trg,103
7fa32ea0-e884-435a-a81c-51bbd5cedf3e,3c6ebf90-c611-4535-b2b0-22fba3f7649a,47637057-8d6a-4cf9-bd56-3ac90748fcc4,Barje,28
e9382efd-d64d-46b0-9a7d-a4e6a0188725,2388ce1f-c947-42d7-97f3-e01a7254c933,N/A,N/A,660
e786b2df-34ed-4246-832e-7c3d538ac1f4,2ec182e2-769f-427f-b9b5-c4118890cb96,a719a87c-4e93-4387-a6d1-2631a487f7e0,Ajdovščina,233
5cc8a08d-c0af-491f-9a9c-b8b4f5f23bc0,b59656a4-b6e7-4b87-977c-078c59088a50,aa42017d-812a-4175-bc9b-0fec03b18931,Ambrožev trg,508
2ec182e2-769f-427f-b9b5-c4118890cb96,223f660b-c391-4120-bf3c-7bf06781686b,aa42017d-812a-4175-bc9b-0fec03b18931,Ambrožev trg,147
c5ec5e81-2ce4-452d-bd7a-595de4f8b34f,a719a87c-4e93-4387-a6d1-2631a487f7e0,295616c0-387b-4f60-a337-7743cd6be04e,Bavarski dvor,360
2388ce1f-c947-42d7-97f3-e01a7254c933,3c6ebf90-c611-4535-b2b0-22fba3f7649a,N/A,N/A,660
91fb6c6e-49cf-49d3-97d4-6ae228f9bfa1,98fa3880-5936-4ec8-ba04-39c7ff9a0e6a,a719a87c-4e93-4387-a6d1-2631a487f7e0,Ajdovščina,74
7fa32ea0-e884-435a-a81c-51bbd5cedf3e,35aedf45-cca3-4f2f-931b-138d29d20fe9,a0e0a21b-b8ce-4d76-bbc2-04e179367fee,Šola Jarše,76
a7094427-e180-4deb-acaf-5d4488326e9e,4e8ccfa1-b58c-4ee1-ad82-2e8a645071f3,48507e1a-32df-4552-9448-3b345760b75f,Cesta na Vevče,4
2388ce1f-c947-42d7-97f3-e01a7254c933,1dc99fbb-5496-4aab-a4b6-32e653ccc789,N/A,N/A,660
0b4a072e-6c2d-4c71-ab80-2b7142df81de,a0b1fb90-3f6a-4231-910a-18be192ac762,9b0074d2-2c92-4c01-830b-00be8e05b412,Cukrarna,410
86a75ffc-a78f-401f-8991-2eb0371417b2,48507e1a-32df-4552-9448-3b345760b75f,1dc99fbb-5496-4aab-a4b6-32e653ccc789,Center Zalog,3
cee2862b-9b70-4880-8fa3-16c6d2efae1b,6559d555-672b-4633-8a81-0ae68fb963eb,c87db9be-1fba-4102-a743-0ee4317dd5af,Bavarski dvor,26
9e109242-5aad-4fb7-b0c8-576eef8aa4e0,81f21fc1-3bd2-4d2a-b563-2d063479c68e,c87db9be-1fba-4102-a743-0ee4317dd5af,Bavarski dvor,85
6edebb46-d04f-45c4-99a4-100f7f0b2660,f14a6236-8af2-47bf-9270-432377662a63,f33b721f-a8a3-4aad-96f2-077da09ebaa6,Razstavišče,41
fef200e9-4d98-425b-ab14-8110e2aa85d7,3fbf6322-fb74-4a50-a81a-bfca73abc26b,a719a87c-4e93-4387-a6d1-2631a487f7e0,Ajdovščina,74
592b37eb-8255-4758-ae8a-7cef98521013,80c65758-5f25-4003-8d55-10ff96fe8310,b59656a4-b6e7-4b87-977c-078c59088a50,Hajdrihova,23
0be237aa-4b91-4d2b-ac23-0cebac975a0d,0dc86a8f-0f41-44c7-978c-e06cb63cbbcf,023d7b7a-b411-4e61-8746-b07f9e5c8f90,Ambrožev trg,130
47637057-8d6a-4cf9-bd56-3ac90748fcc4,e0bcd677-6012-4c90-a884-44dffafdffec,c87db9be-1fba-4102-a743-0ee4317dd5af,Bavarski dvor,110
2f18bcfa-6189-4de4-b06f-132d3392e7d6,ac3afe7d-a2b3-4d5d-9e6a-1d2412a3bc70,fef200e9-4d98-425b-ab14-8110e2aa85d7,Drama,9
5de6ff80-1352-43df-b5ec-1df59f2f492b,7c149b59-2bc6-45cb-95c8-69e18a0db627,295616c0-387b-4f60-a337-7743cd6be04e,Bavarski dvor,222
271db19a-744b-41a0-869d-0c3e0e2cb6bf,a2ce7e6f-0f99-443a-a973-81a0b9c60261,fef200e9-4d98-425b-ab14-8110e2aa85d7,Drama,55
ab987eb0-c970-4577-8db9-0cd507a6cab6,8589e5d1-21b4-4210-ad7a-4bf91f9a715d,c87db9be-1fba-4102-a743-0ee4317dd5af,Bavarski dvor,191
4e8ccfa1-b58c-4ee1-ad82-2e8a645071f3,e9382efd-d64d-46b0-9a7d-a4e6a0188725,5d7f28a6-2a2a-4333-aa06-48edfb652f86,Pošta,39
47637057-8d6a-4cf9-bd56-3ac90748fcc4,8eeea585-6168-45b8-a5d4-336e61826043,98fa3880-5936-4ec8-ba04-39c7ff9a0e6a,Stara cerkev,130
4d216485-ef41-45e7-9182-0c254644955c,21764d19-62cc-49fd-bac9-403aeac6a6b9,aa42017d-812a-4175-bc9b-0fec03b18931,Ambrožev trg,94
2f874852-bc80-4ff3-b6bf-a914e31251c8,1035c6f7-304e-4329-a3b2-4eb5d985a577,fef200e9-4d98-425b-ab14-8110e2aa85d7,Drama,211
e786b2df-34ed-4246-832e-7c3d538ac1f4,59ee5f7d-476b-4958-a922-2040a9308f3b,f33b721f-a8a3-4aad-96f2-077da09ebaa6,Razstavišče,374
c627c9f2-af02-4d83-969a-566719bb09e3,9a14b0ec-f13a-46f0-8c4f-07d8b99241e2,5de84f88-3f32-4636-8c30-03cc267ecf37,Podvozna pot,10
48507e1a-32df-4552-9448-3b345760b75f,1035c6f7-304e-4329-a3b2-4eb5d985a577,c22879e5-8e90-4540-9a74-5f139208e492,Friškovec,7
6a89c110-a0f8-4b1a-87f0-33f49c0a658e,294c40c4-18e4-4d92-a947-911a8623de89,c87db9be-1fba-4102-a743-0ee4317dd5af,Bavarski dvor,18
1035c6f7-304e-4329-a3b2-4eb5d985a577,12304b99-9a07-485a-a101-eaca90495d48,295616c0-387b-4f60-a337-7743cd6be04e,Bavarski dvor,202
1505c6fe-6080-424e-98d1-24c312cfacf3,05643914-8ff7-4064-8737-2761d44a083f,fef200e9-4d98-425b-ab14-8110e2aa85d7,Drama,182
9746f277-af08-4cce-92fa-41da5eca8ac2,8589e5d1-21b4-4210-ad7a-4bf91f9a715d,98fa3880-5936-4ec8-ba04-39c7ff9a0e6a,Stara cerkev,532
c22879e5-8e90-4540-9a74-5f139208e492,7bcbdcaa-00b9-47d4-8982-09da26cd7bcb,f33b721f-a8a3-4aad-96f2-077da09ebaa6,Razstavišče,117
0be237aa-4b91-4d2b-ac23-0cebac975a0d,1b3ddeca-a066-43ee-9ae5-8339628129c2,295616c0-387b-4f60-a337-7743cd6be04e,Bavarski dvor,29
4ca7ae7e-380b-45e3-81de-00ffab5bb531,ab987eb0-c970-4577-8db9-0cd507a6cab6,717dda7e-d793-4697-8f60-b64ee8b1edc4,Gosposvetska,574
023d7b7a-b411-4e61-8746-b07f9e5c8f90,77dcd833-fa4d-4c5a-93b1-31284942e61d,c87db9be-1fba-4102-a743-0ee4317dd5af,Bavarski dvor,472
484b5c91-1220-43ba-af79-84e712fcc46b,80c65758-5f25-4003-8d55-10ff96fe8310,295616c0-387b-4f60-a337-7743cd6be04e,Bavarski dvor,126
e0bcd677-6012-4c90-a884-44dffafdffec,80c65758-5f25-4003-8d55-10ff96fe8310,f2b27cbd-5207-4281-8f67-6369d0c50a9b,Kodrova,89
1b3ddeca-a066-43ee-9ae5-8339628129c2,c627c9f2-af02-4d83-969a-566719bb09e3,fef200e9-4d98-425b-ab14-8110e2aa85d7,Drama,72
923bd774-0651-4e0a-8624-3acfb7ecd5ff,6459bd02-d8f8-413e-9402-10b916f09a4f,fef200e9-4d98-425b-ab14-8110e2aa85d7,Drama,260
484b5c91-1220-43ba-af79-84e712fcc46b,21764d19-62cc-49fd-bac9-403aeac6a6b9,f14a6236-8af2-47bf-9270-432377662a63,Viadukt,74
bc66f88b-1412-44cb-b921-030d27335261,5de6ff80-1352-43df-b5ec-1df59f2f492b,717dda7e-d793-4697-8f60-b64ee8b1edc4,Gosposvetska,21
923bd774-0651-4e0a-8624-3acfb7ecd5ff,59ee5f7d-476b-4958-a922-2040a9308f3b,295616c0-387b-4f60-a337-7743cd6be04e,Bavarski dvor,13
1505c6fe-6080-424e-98d1-24c312cfacf3,a719a87c-4e93-4387-a6d1-2631a487f7e0,5d7f28a6-2a2a-4333-aa06-48edfb652f86,Pošta,229
05643914-8ff7-4064-8737-2761d44a083f,7484317c-269f-425f-8118-23eedab4e5f1,fef200e9-4d98-425b-ab14-8110e2aa85d7,Drama,175
6459bd02-d8f8-413e-9402-10b916f09a4f,9e109242-5aad-4fb7-b0c8-576eef8aa4e0,f33b721f-a8a3-4aad-96f2-077da09ebaa6,Razstavišče,97
f4cfd904-bd11-4247-95df-32c4555a930f,8512e1be-4637-483b-a3e6-78ccc6d2c5b1,fef200e9-4d98-425b-ab14-8110e2aa85d7,Drama,571
769b7bc7-4f95-4bb2-9c99-37ba8e8b4bd5,379bc761-04b5-4227-be76-3b870fe3e69f,fef200e9-4d98-425b-ab14-8110e2aa85d7,Drama,92
98b60d07-8054-441a-be44-be7aa24f4253,6edebb46-d04f-45c4-99a4-100f7f0b2660,484b5c91-1220-43ba-af79-84e712fcc46b,Slovenija avto,135
4038e02e-f22f-4af0-ba4f-7aab855b53af,25cde952-4896-4977-b229-75e09b3e3661,c87db9be-1fba-4102-a743-0ee4317dd5af,Bavarski dvor,63
923bd774-0651-4e0a-8624-3acfb7ecd5ff,1e157c31-d34d-4c2e-91b4-8c000c88f6dd,295616c0-387b-4f60-a337-7743cd6be04e,Bavarski dvor,52
ef31a8be-b01d-44cd-95cf-3db8e918af26,1b3ddeca-a066-43ee-9ae5-8339628129c2,b59656a4-b6e7-4b87-977c-078c59088a50,Hajdrihova,135
6edebb46-d04f-45c4-99a4-100f7f0b2660,2f874852-bc80-4ff3-b6bf-a914e31251c8,c22879e5-8e90-4540-9a74-5f139208e492,Friškovec,4
2f874852-bc80-4ff3-b6bf-a914e31251c8,47637057-8d6a-4cf9-bd56-3ac90748fcc4,295616c0-387b-4f60-a337-7743cd6be04e,Bavarski dvor,6
59ee5f7d-476b-4958-a922-2040a9308f3b,8eeea585-6168-45b8-a5d4-336e61826043,fef200e9-4d98-425b-ab14-8110e2aa85d7,Drama,329
1b0f629f-acdb-4e94-8c54-018f4334ebf7,35aedf45-cca3-4f2f-931b-138d29d20fe9,295616c0-387b-4f60-a337-7743cd6be04e,Bavarski dvor,550
223f660b-c391-4120-bf3c-7bf06781686b,7fad8003-fb10-489d-bf8d-6d433310ad90,717dda7e-d793-4697-8f60-b64ee8b1edc4,Gosposvetska,271
21764d19-62cc-49fd-bac9-403aeac6a6b9,eb165f50-9c43-4b09-9658-469a16d3dc83,a0b1fb90-3f6a-4231-910a-18be192ac762,Flajšmanova,332
96d4c75b-6452-4c70-a31e-c234262ba38b,769b7bc7-4f95-4bb2-9c99-37ba8e8b4bd5,fef200e9-4d98-425b-ab14-8110e2aa85d7,Drama,3
a719a87c-4e93-4387-a6d1-2631a487f7e0,a0b1fb90-3f6a-4231-910a-18be192ac762,295616c0-387b-4f60-a337-7743cd6be04e,Bavarski dvor,189
c297ac70-8f43-4fbc-a8a4-366ddb883a8d,769b7bc7-4f95-4bb2-9c99-37ba8e8b4bd5,023d7b7a-b411-4e61-8746-b07f9e5c8f90,Ambrožev trg,29
b59656a4-b6e7-4b87-977c-078c59088a50,6559d555-672b-4633-8a81-0ae68fb963eb,fb0042f8-d9e2-4916-b60a-38a026acf0c9,Leskoškova,321
a719a87c-4e93-4387-a6d1-2631a487f7e0,e468b92f-fa4a-4819-bb11-37761deaf4ca,7eb88e01-82e9-4af4-84d0-69c6ea9dc82c,Kolodvor,92
88cdd36c-03d2-4374-a22f-110dd9f75ea0,223f660b-c391-4120-bf3c-7bf06781686b,c5ec5e81-2ce4-452d-bd7a-595de4f8b34f,Prušnikova,98
5cc8a08d-c0af-491f-9a9c-b8b4f5f23bc0,c22879e5-8e90-4540-9a74-5f139208e492,48507e1a-32df-4552-9448-3b345760b75f,Cesta na Vevče,386
59ee5f7d-476b-4958-a922-2040a9308f3b,023d7b7a-b411-4e61-8746-b07f9e5c8f90,484b5c91-1220-43ba-af79-84e712fcc46b,Slovenija avto,154
7eb88e01-82e9-4af4-84d0-69c6ea9dc82c,88cdd36c-03d2-4374-a22f-110dd9f75ea0,c87db9be-1fba-4102-a743-0ee4317dd5af,Bavarski dvor,132
fb7704f0-d31e-4561-83e4-621a8c62654b,12304b99-9a07-485a-a101-eaca90495d48,a719a87c-4e93-4387-a6d1-2631a487f7e0,Ajdovščina,50
592b37eb-8255-4758-ae8a-7cef98521013,77dcd833-fa4d-4c5a-93b1-31284942e61d,a719a87c-4e93-4387-a6d1-2631a487f7e0,Ajdovščina,93
c22879e5-8e90-4540-9a74-5f139208e492,6c56976b-4ae1-429f-bcab-0cfc37e3580d,295616c0-387b-4f60-a337-7743cd6be04e,Bavarski dvor,159
2ec182e2-769f-427f-b9b5-c4118890cb96,7c149b59-2bc6-45cb-95c8-69e18a0db627,fef200e9-4d98-425b-ab14-8110e2aa85d7,Drama,386
023d7b7a-b411-4e61-8746-b07f9e5c8f90,2ec182e2-769f-427f-b9b5-c4118890cb96,7fa32ea0-e884-435a-a81c-51bbd5cedf3e,Zaloška,37
9a14b0ec-f13a-46f0-8c4f-07d8b99241e2,295616c0-387b-4f60-a337-7743cd6be04e,f33b721f-a8a3-4aad-96f2-077da09ebaa6,Razstavišče,155
1e157c31-d34d-4c2e-91b4-8c000c88f6dd,bc66f88b-1412-44cb-b921-030d27335261,717dda7e-d793-4697-8f60-b64ee8b1edc4,Gosposvetska,61
ab987eb0-c970-4577-8db9-0cd507a6cab6,98fa3880-5936-4ec8-ba04-39c7ff9a0e6a,fef200e9-4d98-425b-ab14-8110e2aa85d7,Drama,72
91fb6c6e-49cf-49d3-97d4-6ae228f9bfa1,7fad8003-fb10-489d-bf8d-6d433310ad90,N/A,N/A,660
1ce1c3a8-e0f6-4f90-b1aa-1448759d8b3c,484b5c91-1220-43ba-af79-84e712fcc46b,N/A,N/A,660
12304b99-9a07-485a-a101-eaca90495d48,6bd46cb7-9e5d-453a-878a-bcc38fb2a5f2,7eb88e01-82e9-4af4-84d0-69c6ea9dc82c,Kolodvor,284
6182f8e8-c45e-4606-b4a4-d909bd44d2cc,c87db9be-1fba-4102-a743-0ee4317dd5af,7fad8003-fb10-489d-bf8d-6d433310ad90,Nove Jarše,11
6182f8e8-c45e-4606-b4a4-d909bd44d2cc,1e157c31-d34d-4c2e-91b4-8c000c88f6dd,7fad8003-fb10-489d-bf8d-6d433310ad90,Nove Jarše,242
0b4a072e-6c2d-4c71-ab80-2b7142df81de,f33b721f-a8a3-4aad-96f2-077da09ebaa6,a719a87c-4e93-4387-a6d1-2631a487f7e0,Ajdovščina,101
91fb6c6e-49cf-49d3-97d4-6ae228f9bfa1,2388ce1f-c947-42d7-97f3-e01a7254c933,N/A,N/A,660
8eeea585-6168-45b8-a5d4-336e61826043,6edebb46-d04f-45c4-99a4-100f7f0b2660,484b5c91-1220-43ba-af79-84e712fcc46b,Slovenija avto,62
7484317c-269f-425f-8118-23eedab4e5f1,9a1c4c65-df77-481f-87ad-56143f02a864,717dda7e-d793-4697-8f60-b64ee8b1edc4,Gosposvetska,94
023d7b7a-b411-4e61-8746-b07f9e5c8f90,98b60d07-8054-441a-be44-be7aa24f4253,5d7f28a6-2a2a-4333-aa06-48edfb652f86,Pošta,58
0be237aa-4b91-4d2b-ac23-0cebac975a0d,ab987eb0-c970-4577-8db9-0cd507a6cab6,a719a87c-4e93-4387-a6d1-2631a487f7e0,Ajdovščina,502
abc9fd26-5442-468b-93b6-4d5eb76d0f1f,e9382efd-d64d-46b0-9a7d-a4e6a0188725,ecc4ae87-ae08-4b94-995c-452fdd94df7f,Privoz,44
3fbf6322-fb74-4a50-a81a-bfca73abc26b,c0ff37c8-ac6c-4284-ad32-0ad29fd30dc2,05643914-8ff7-4064-8737-2761d44a083f,Tabor,1
484b5c91-1220-43ba-af79-84e712fcc46b,c87db9be-1fba-4102-a743-0ee4317dd5af,bc66f88b-1412-44cb-b921-030d27335261,Sneberje,398
6459bd02-d8f8-413e-9402-10b916f09a4f,c297ac70-8f43-4fbc-a8a4-366ddb883a8d,5d7f28a6-2a2a-4333-aa06-48edfb652f86,Pošta,160
717c914e-f928-4671-95f6-26c1ddb95799,5d7f28a6-2a2a-4333-aa06-48edfb652f86,a719a87c-4e93-4387-a6d1-2631a487f7e0,Ajdovščina,631
277bc73c-e61d-4046-bcfd-31d6161c568e,48507e1a-32df-4552-9448-3b345760b75f,7c149b59-2bc6-45cb-95c8-69e18a0db627,Rusjanov trg,62
f15ddf31-fc11-41ba-988d-376c83e38f58,2ec182e2-769f-427f-b9b5-c4118890cb96,f33b721f-a8a3-4aad-96f2-077da09ebaa6,Razstavišče,2
48b163cd-b819-4849-aee1-8b1da77657ab,38b3abed-0592-407b-96c3-85a026f2e192,fef200e9-4d98-425b-ab14-8110e2aa85d7,Drama,182
0b4a072e-6c2d-4c71-ab80-2b7142df81de,9b0074d2-2c92-4c01-830b-00be8e05b412,N/A,N/A,660
db13a26e-19d4-4b8a-a78a-01ef25d58834,295616c0-387b-4f60-a337-7743cd6be04e,c87db9be-1fba-4102-a743-0ee4317dd5af,Bavarski dvor,199
eb165f50-9c43-4b09-9658-469a16d3dc83,5d7f28a6-2a2a-4333-aa06-48edfb652f86,295616c0-387b-4f60-a337-7743cd6be04e,Bavarski dvor,41
6182f8e8-c45e-4606-b4a4-d909bd44d2cc,db13a26e-19d4-4b8a-a78a-01ef25d58834,295616c0-387b-4f60-a337-7743cd6be04e,Bavarski dvor,28
05643914-8ff7-4064-8737-2761d44a083f,98b60d07-8054-441a-be44-be7aa24f4253,295616c0-387b-4f60-a337-7743cd6be04e,Bavarski dvor,292
5de84f88-3f32-4636-8c30-03cc267ecf37,9a14b0ec-f13a-46f0-8c4f-07d8b99241e2,fef200e9-4d98-425b-ab14-8110e2aa85d7,Drama,249
f33b721f-a8a3-4aad-96f2-077da09ebaa6,e9d9f622-7394-4c5c-9031-a41855a64aa7,f33b721f-a8a3-4aad-96f2-077da09ebaa6,Razstavišče,281
ecc4ae87-ae08-4b94-995c-452fdd94df7f,96d4c75b-6452-4c70-a31e-c234262ba38b,f33b721f-a8a3-4aad-96f2-077da09ebaa6,Razstavišče,105
e9382efd-d64d-46b0-9a7d-a4e6a0188725,c5ec5e81-2ce4-452d-bd7a-595de4f8b34f,c87db9be-1fba-4102-a743-0ee4317dd5af,Bavarski dvor,160
c0ff37c8-ac6c-4284-ad32-0ad29fd30dc2,ef31a8be-b01d-44cd-95cf-3db8e918af26,a0e0a21b-b8ce-4d76-bbc2-04e179367fee,Šola Jarše,386
1b0f629f-acdb-4e94-8c54-018f4334ebf7,9746f277-af08-4cce-92fa-41da5eca8ac2,295616c0-387b-4f60-a337-7743cd6be04e,Bavarski dvor,29
48507e1a-32df-4552-9448-3b345760b75f,35aedf45-cca3-4f2f-931b-138d29d20fe9,f33b721f-a8a3-4aad-96f2-077da09ebaa6,Razstavišče,73
cee2862b-9b70-4880-8fa3-16c6d2efae1b,59ee5f7d-476b-4958-a922-2040a9308f3b,b59656a4-b6e7-4b87-977c-078c59088a50,Hajdrihova,98
4038e02e-f22f-4af0-ba4f-7aab855b53af,4d216485-ef41-45e7-9182-0c254644955c,717dda7e-d793-4697-8f60-b64ee8b1edc4,Gosposvetska,57
4e8ccfa1-b58c-4ee1-ad82-2e8a645071f3,88cdd36c-03d2-4374-a22f-110dd9f75ea0,c87db9be-1fba-4102-a743-0ee4317dd5af,Bavarski dvor,49
8eeea585-6168-45b8-a5d4-336e61826043,fef200e9-4d98-425b-ab14-8110e2aa85d7,fef200e9-4d98-425b-ab14-8110e2aa85d7,Drama,12
379bc761-04b5-4227-be76-3b870fe3e69f,a7094427-e180-4deb-acaf-5d4488326e9e,a719a87c-4e93-4387-a6d1-2631a487f7e0,Ajdovščina,320
e786b2df-34ed-4246-832e-7c3d538ac1f4,769b7bc7-4f95-4bb2-9c99-37ba8e8b4bd5,f14a6236-8af2-47bf-9270-432377662a63,Viadukt,441
c627c9f2-af02-4d83-969a-566719bb09e3,592b37eb-8255-4758-ae8a-7cef98521013,a719a87c-4e93-4387-a6d1-2631a487f7e0,Ajdovščina,189
88cdd36c-03d2-4374-a22f-110dd9f75ea0,3c6ebf90-c611-4535-b2b0-22fba3f7649a,5d7f28a6-2a2a-4333-aa06-48edfb652f86,Pošta,13
6182f8e8-c45e-4606-b4a4-d909bd44d2cc,ecc4ae87-ae08-4b94-995c-452fdd94df7f,f4cfd904-bd11-4247-95df-32c4555a930f,Klinični center,126
fb7704f0-d31e-4561-83e4-621a8c62654b,4d216485-ef41-45e7-9182-0c254644955c,717dda7e-d793-4697-8f60-b64ee8b1edc4,Gosposvetska,188
e786b2df-34ed-4246-832e-7c3d538ac1f4,9e109242-5aad-4fb7-b0c8-576eef8aa4e0,fef200e9-4d98-425b-ab14-8110e2aa85d7,Drama,319
1505c6fe-6080-424e-98d1-24c312cfacf3,9e109242-5aad-4fb7-b0c8-576eef8aa4e0,a719a87c-4e93-4387-a6d1-2631a487f7e0,Ajdovščina,293
9a1c4c65-df77-481f-87ad-56143f02a864,e786b2df-34ed-4246-832e-7c3d538ac1f4,5d7f28a6-2a2a-4333-aa06-48edfb652f86,Pošta,53
8eeea585-6168-45b8-a5d4-336e61826043,7bcbdcaa-00b9-47d4-8982-09da26cd7bcb,023d7b7a-b411-4e61-8746-b07f9e5c8f90,Ambrožev trg,137
e786b2df-34ed-4246-832e-7c3d538ac1f4,ab987eb0-c970-4577-8db9-0cd507a6cab6,f33b721f-a8a3-4aad-96f2-077da09ebaa6,Razstavišče,178
5d7f28a6-2a2a-4333-aa06-48edfb652f86,4ca7ae7e-380b-45e3-81de-00ffab5bb531,717dda7e-d793-4697-8f60-b64ee8b1edc4,Gosposvetska,279
8589e5d1-21b4-4210-ad7a-4bf91f9a715d,3c6ebf90-c611-4535-b2b0-22fba3f7649a,9a1c4c65-df77-481f-87ad-56143f02a864,Vižmarje,18
35aedf45-cca3-4f2f-931b-138d29d20fe9,98fa3880-5936-4ec8-ba04-39c7ff9a0e6a,7310c006-62b8-4f94-bb9c-d5c26cb3faad,Polje,14
8eeea585-6168-45b8-a5d4-336e61826043,ecc4ae87-ae08-4b94-995c-452fdd94df7f,a719a87c-4e93-4387-a6d1-2631a487f7e0,Ajdovščina,154
9a14b0ec-f13a-46f0-8c4f-07d8b99241e2,2ec182e2-769f-427f-b9b5-c4118890cb96,295616c0-387b-4f60-a337-7743cd6be04e,Bavarski dvor,70
b59656a4-b6e7-4b87-977c-078c59088a50,8c7fa045-888b-46d0-8189-6f82623bf481,7fa32ea0-e884-435a-a81c-51bbd5cedf3e,Zaloška,161
2f874852-bc80-4ff3-b6bf-a914e31251c8,769b7bc7-4f95-4bb2-9c99-37ba8e8b4bd5,c87db9be-1fba-4102-a743-0ee4317dd5af,Bavarski dvor,210
ecc4ae87-ae08-4b94-995c-452fdd94df7f,295616c0-387b-4f60-a337-7743cd6be04e,c87db9be-1fba-4102-a743-0ee4317dd5af,Bavarski dvor,275
8c7fa045-888b-46d0-8189-6f82623bf481,7eb88e01-82e9-4af4-84d0-69c6ea9dc82c,a719a87c-4e93-4387-a6d1-2631a487f7e0,Ajdovščina,166
ac3afe7d-a2b3-4d5d-9e6a-1d2412a3bc70,0b4a072e-6c2d-4c71-ab80-2b7142df81de,a719a87c-4e93-4387-a6d1-2631a487f7e0,Ajdovščina,483
2f874852-bc80-4ff3-b6bf-a914e31251c8,3c6ebf90-c611-4535-b2b0-22fba3f7649a,c87db9be-1fba-4102-a743-0ee4317dd5af,Bavarski dvor,285
bc66f88b-1412-44cb-b921-030d27335261,d98335a0-1291-4d4c-be62-16b11c356575,f33b721f-a8a3-4aad-96f2-077da09ebaa6,Razstavišče,620
9e109242-5aad-4fb7-b0c8-576eef8aa4e0,f15ddf31-fc11-41ba-988d-376c83e38f58,c87db9be-1fba-4102-a743-0ee4317dd5af,Bavarski dvor,26
96d4c75b-6452-4c70-a31e-c234262ba38b,cee2862b-9b70-4880-8fa3-16c6d2efae1b,295616c0-387b-4f60-a337-7743cd6be04e,Bavarski dvor,48
9a14b0ec-f13a-46f0-8c4f-07d8b99241e2,a0e0a21b-b8ce-4d76-bbc2-04e179367fee,fef200e9-4d98-425b-ab14-8110e2aa85d7,Drama,41
05643914-8ff7-4064-8737-2761d44a083f,6182f8e8-c45e-4606-b4a4-d909bd44d2cc,6182f8e8-c45e-4606-b4a4-d909bd44d2cc,Gornji trg,141
7c149b59-2bc6-45cb-95c8-69e18a0db627,ef31a8be-b01d-44cd-95cf-3db8e918af26,5d7f28a6-2a2a-4333-aa06-48edfb652f86,Pošta,178
2388ce1f-c947-42d7-97f3-e01a7254c933,1eadcdb9-60cd-47c9-8eec-527c3465a685,N/A,N/A,660
1b3ddeca-a066-43ee-9ae5-8339628129c2,9a1c4c65-df77-481f-87ad-56143f02a864,7eb88e01-82e9-4af4-84d0-69c6ea9dc82c,Kolodvor,79
6c56976b-4ae1-429f-bcab-0cfc37e3580d,e6f5183b-c615-4f47-b4fb-204ee070e825,295616c0-387b-4f60-a337-7743cd6be04e,Bavarski dvor,192
592b37eb-8255-4758-ae8a-7cef98521013,6edebb46-d04f-45c4-99a4-100f7f0b2660,aa42017d-812a-4175-bc9b-0fec03b18931,Ambrožev trg,217
c22879e5-8e90-4540-9a74-5f139208e492,91fb6c6e-49cf-49d3-97d4-6ae228f9bfa1,fef200e9-4d98-425b-ab14-8110e2aa85d7,Drama,90
5de84f88-3f32-4636-8c30-03cc267ecf37,fb0042f8-d9e2-4916-b60a-38a026acf0c9,N/A,N/A,660
f2b27cbd-5207-4281-8f67-6369d0c50a9b,0dc86a8f-0f41-44c7-978c-e06cb63cbbcf,f33b721f-a8a3-4aad-96f2-077da09ebaa6,Razstavišče,22
e786b2df-34ed-4246-832e-7c3d538ac1f4,592b37eb-8255-4758-ae8a-7cef98521013,f33b721f-a8a3-4aad-96f2-077da09ebaa6,Razstavišče,292
cee2862b-9b70-4880-8fa3-16c6d2efae1b,9cfac7e2-9653-4e52-a6d3-27756d27f817,a0e0a21b-b8ce-4d76-bbc2-04e179367fee,Šola Jarše,186
ab987eb0-c970-4577-8db9-0cd507a6cab6,25cde952-4896-4977-b229-75e09b3e3661,7fad8003-fb10-489d-bf8d-6d433310ad90,Nove Jarše,67
80c65758-5f25-4003-8d55-10ff96fe8310,1dc99fbb-5496-4aab-a4b6-32e653ccc789,c87db9be-1fba-4102-a743-0ee4317dd5af,Bavarski dvor,203
1e157c31-d34d-4c2e-91b4-8c000c88f6dd,c627c9f2-af02-4d83-969a-566719bb09e3,295616c0-387b-4f60-a337-7743cd6be04e,Bavarski dvor,95
77dcd833-fa4d-4c5a-93b1-31284942e61d,f4cfd904-bd11-4247-95df-32c4555a930f,N/A,N/A,660
8512e1be-4637-483b-a3e6-78ccc6d2c5b1,2ec182e2-769f-427f-b9b5-c4118890cb96,a719a87c-4e93-4387-a6d1-2631a487f7e0,Ajdovščina,45
c0ff37c8-ac6c-4284-ad32-0ad29fd30dc2,717c914e-f928-4671-95f6-26c1ddb95799,295616c0-387b-4f60-a337-7743cd6be04e,Bavarski dvor,6
6a89c110-a0f8-4b1a-87f0-33f49c0a658e,4e8ccfa1-b58c-4ee1-ad82-2e8a645071f3,4038e02e-f22f-4af0-ba4f-7aab855b53af,Kneza Koclja,182
0b4a072e-6c2d-4c71-ab80-2b7142df81de,dfde6478-02b5-471b-a470-29cb0e84542f,484b5c91-1220-43ba-af79-84e712fcc46b,Slovenija avto,7
cdabf1ea-b04c-480a-8359-72c46e6864ab,6a89c110-a0f8-4b1a-87f0-33f49c0a658e,a719a87c-4e93-4387-a6d1-2631a487f7e0,Ajdovščina,445
05643914-8ff7-4064-8737-2761d44a083f,8c7fa045-888b-46d0-8189-6f82623bf481,f2b27cbd-5207-4281-8f67-6369d0c50a9b,Kodrova,20
2388ce1f-c947-42d7-97f3-e01a7254c933,609f0950-bb8c-4eaf-a931-8575b8aff1ac,N/A,N/A,660
12304b99-9a07-485a-a101-eaca90495d48,4e8ccfa1-b58c-4ee1-ad82-2e8a645071f3,717dda7e-d793-4697-8f60-b64ee8b1edc4,Gosposvetska,17
9a1c4c65-df77-481f-87ad-56143f02a864,8c7fa045-888b-46d0-8189-6f82623bf481,a719a87c-4e93-4387-a6d1-2631a487f7e0,Ajdovščina,75
2f874852-bc80-4ff3-b6bf-a914e31251c8,1b3ddeca-a066-43ee-9ae5-8339628129c2,295616c0-387b-4f60-a337-7743cd6be04e,Bavarski dvor,346
9cfac7e2-9653-4e52-a6d3-27756d27f817,db13a26e-19d4-4b8a-a78a-01ef25d58834,c87db9be-1fba-4102-a743-0ee4317dd5af,Bavarski dvor,270
f14a6236-8af2-47bf-9270-432377662a63,a0b1fb90-3f6a-4231-910a-18be192ac762,295616c0-387b-4f60-a337-7743cd6be04e,Bavarski dvor,98
3c6ebf90-c611-4535-b2b0-22fba3f7649a,0be237aa-4b91-4d2b-ac23-0cebac975a0d,484b5c91-1220-43ba-af79-84e712fcc46b,Slovenija avto,231
c5ec5e81-2ce4-452d-bd7a-595de4f8b34f,f4cfd904-bd11-4247-95df-32c4555a930f,e6f5183b-c615-4f47-b4fb-204ee070e825,Bežigrad,243
6c56976b-4ae1-429f-bcab-0cfc37e3580d,e0bcd677-6012-4c90-a884-44dffafdffec,9cfac7e2-9653-4e52-a6d3-27756d27f817,Kino Šiška,59
98fa3880-5936-4ec8-ba04-39c7ff9a0e6a,7fa32ea0-e884-435a-a81c-51bbd5cedf3e,c5ec5e81-2ce4-452d-bd7a-595de4f8b34f,Prušnikova,134
3edd6057-3847-4c42-b8ec-6e89ff95793a,4d216485-ef41-45e7-9182-0c254644955c,fef200e9-4d98-425b-ab14-8110e2aa85d7,Drama,12
f33b721f-a8a3-4aad-96f2-077da09ebaa6,277bc73c-e61d-4046-bcfd-31d6161c568e,295616c0-387b-4f60-a337-7743cd6be04e,Bavarski dvor,200
77dcd833-fa4d-4c5a-93b1-31284942e61d,88cdd36c-03d2-4374-a22f-110dd9f75ea0,a719a87c-4e93-4387-a6d1-2631a487f7e0,Ajdovščina,138
0be237aa-4b91-4d2b-ac23-0cebac975a0d,609f0950-bb8c-4eaf-a931-8575b8aff1ac,aa42017d-812a-4175-bc9b-0fec03b18931,Ambrožev trg,429
98fa3880-5936-4ec8-ba04-39c7ff9a0e6a,4d216485-ef41-45e7-9182-0c254644955c,c5ec5e81-2ce4-452d-bd7a-595de4f8b34f,Prušnikova,39
5de6ff80-1352-43df-b5ec-1df59f2f492b,717dda7e-d793-4697-8f60-b64ee8b1edc4,a0e0a21b-b8ce-4d76-bbc2-04e179367fee,Šola Jarše,204
25cde952-4896-4977-b229-75e09b3e3661,609f0950-bb8c-4eaf-a931-8575b8aff1ac,a719a87c-4e93-4387-a6d1-2631a487f7e0,Ajdovščina,45
a0e0a21b-b8ce-4d76-bbc2-04e179367fee,48507e1a-32df-4552-9448-3b345760b75f,c87db9be-1fba-4102-a743-0ee4317dd5af,Bavarski dvor,30
52e5adea-e194-4fc1-809c-1d6421f8f8db,e6f5183b-c615-4f47-b4fb-204ee070e825,a0e0a21b-b8ce-4d76-bbc2-04e179367fee,Šola Jarše,75
1b0f629f-acdb-4e94-8c54-018f4334ebf7,9a1c4c65-df77-481f-87ad-56143f02a864,295616c0-387b-4f60-a337-7743cd6be04e,Bavarski dvor,553
8c7fa045-888b-46d0-8189-6f82623bf481,7bcbdcaa-00b9-47d4-8982-09da26cd7bcb,295616c0-387b-4f60-a337-7743cd6be04e,Bavarski dvor,202
cee2862b-9b70-4880-8fa3-16c6d2efae1b,91fb6c6e-49cf-49d3-97d4-6ae228f9bfa1,295616c0-387b-4f60-a337-7743cd6be04e,Bavarski dvor,175
a2f479c6-4c21-4923-b4ac-86f752507cee,77dcd833-fa4d-4c5a-93b1-31284942e61d,N/A,N/A,660
ef31a8be-b01d-44cd-95cf-3db8e918af26,f33b721f-a8a3-4aad-96f2-077da09ebaa6,c87db9be-1fba-4102-a743-0ee4317dd5af,Bavarski dvor,71
e468b92f-fa4a-4819-bb11-37761deaf4ca,8eeea585-6168-45b8-a5d4-336e61826043,c87db9be-1fba-4102-a743-0ee4317dd5af,Bavarski dvor,306
3c6ebf90-c611-4535-b2b0-22fba3f7649a,e9d9f622-7394-4c5c-9031-a41855a64aa7,5d7f28a6-2a2a-4333-aa06-48edfb652f86,Pošta,473
bc66f88b-1412-44cb-b921-030d27335261,5cc8a08d-c0af-491f-9a9c-b8b4f5f23bc0,4ca7ae7e-380b-45e3-81de-00ffab5bb531,Yulon,200
7bcbdcaa-00b9-47d4-8982-09da26cd7bcb,717dda7e-d793-4697-8f60-b64ee8b1edc4,fef200e9-4d98-425b-ab14-8110e2aa85d7,Drama,149
e9d9f622-7394-4c5c-9031-a41855a64aa7,4ca7ae7e-380b-45e3-81de-00ffab5bb531,f4cfd904-bd11-4247-95df-32c4555a930f,Klinični center,340
db13a26e-19d4-4b8a-a78a-01ef25d58834,6459bd02-d8f8-413e-9402-10b916f09a4f,f2b27cbd-5207-4281-8f67-6369d0c50a9b,Kodrova,515
d98335a0-1291-4d4c-be62-16b11c356575,48b163cd-b819-4849-aee1-8b1da77657ab,c87db9be-1fba-4102-a743-0ee4317dd5af,Bavarski dvor,50
2f874852-bc80-4ff3-b6bf-a914e31251c8,59ee5f7d-476b-4958-a922-2040a9308f3b,a719a87c-4e93-4387-a6d1-2631a487f7e0,Ajdovščina,55
1035c6f7-304e-4329-a3b2-4eb5d985a577,8eeea585-6168-45b8-a5d4-336e61826043,a719a87c-4e93-4387-a6d1-2631a487f7e0,Ajdovščina,617
4d216485-ef41-45e7-9182-0c254644955c,35aedf45-cca3-4f2f-931b-138d29d20fe9,N/A,N/A,660
ac3afe7d-a2b3-4d5d-9e6a-1d2412a3bc70,0dc86a8f-0f41-44c7-978c-e06cb63cbbcf,fef200e9-4d98-425b-ab14-8110e2aa85d7,Drama,47
0dc86a8f-0f41-44c7-978c-e06cb63cbbcf,a2ce7e6f-0f99-443a-a973-81a0b9c60261,7fad8003-fb10-489d-bf8d-6d433310ad90,Nove Jarše,270
ab987eb0-c970-4577-8db9-0cd507a6cab6,fb7704f0-d31e-4561-83e4-621a8c62654b,c87db9be-1fba-4102-a743-0ee4317dd5af,Bavarski dvor,64
5de6ff80-1352-43df-b5ec-1df59f2f492b,4d216485-ef41-45e7-9182-0c254644955c,c87db9be-1fba-4102-a743-0ee4317dd5af,Bavarski dvor,8
fb0042f8-d9e2-4916-b60a-38a026acf0c9,59ee5f7d-476b-4958-a922-2040a9308f3b,f33b721f-a8a3-4aad-96f2-077da09ebaa6,Razstavišče,256
769b7bc7-4f95-4bb2-9c99-37ba8e8b4bd5,21764d19-62cc-49fd-bac9-403aeac6a6b9,7bcbdcaa-00b9-47d4-8982-09da26cd7bcb,Zaloška,238
e9382efd-d64d-46b0-9a7d-a4e6a0188725,c87db9be-1fba-4102-a743-0ee4317dd5af,923bd774-0651-4e0a-8624-3acfb7ecd5ff,Gornje Poljane,175
abc9fd26-5442-468b-93b6-4d5eb76d0f1f,96d4c75b-6452-4c70-a31e-c234262ba38b,c87db9be-1fba-4102-a743-0ee4317dd5af,Bavarski dvor,463
91fb6c6e-49cf-49d3-97d4-6ae228f9bfa1,cdabf1ea-b04c-480a-8359-72c46e6864ab,295616c0-387b-4f60-a337-7743cd6be04e,Bavarski dvor,216
86a75ffc-a78f-401f-8991-2eb0371417b2,f33b721f-a8a3-4aad-96f2-077da09ebaa6,fef200e9-4d98-425b-ab14-8110e2aa85d7,Drama,66
1e157c31-d34d-4c2e-91b4-8c000c88f6dd,58db973d-ecbb-4aa6-a56c-c26aaff7f263,cee2862b-9b70-4880-8fa3-16c6d2efae1b,AMZS,139
ab987eb0-c970-4577-8db9-0cd507a6cab6,5de6ff80-1352-43df-b5ec-1df59f2f492b,c87db9be-1fba-4102-a743-0ee4317dd5af,Bavarski dvor,307
1e157c31-d34d-4c2e-91b4-8c000c88f6dd,7eb88e01-82e9-4af4-84d0-69c6ea9dc82c,N/A,N/A,660
2388ce1f-c947-42d7-97f3-e01a7254c933,fb0042f8-d9e2-4916-b60a-38a026acf0c9,N/A,N/A,660
c0ff37c8-ac6c-4284-ad32-0ad29fd30dc2,a2f479c6-4c21-4923-b4ac-86f752507cee,N/A,N/A,660
d4c51b31-46fd-4da8-ba15-8068e666d483,6edebb46-d04f-45c4-99a4-100f7f0b2660,N/A,N/A,660
05643914-8ff7-4064-8737-2761d44a083f,7c149b59-2bc6-45cb-95c8-69e18a0db627,717dda7e-d793-4697-8f60-b64ee8b1edc4,Gosposvetska,67
f2b27cbd-5207-4281-8f67-6369d0c50a9b,7310c006-62b8-4f94-bb9c-d5c26cb3faad,5d7f28a6-2a2a-4333-aa06-48edfb652f86,Pošta,7
cdabf1ea-b04c-480a-8359-72c46e6864ab,1b3ddeca-a066-43ee-9ae5-8339628129c2,295616c0-387b-4f60-a337-7743cd6be04e,Bavarski dvor,44
a2ce7e6f-0f99-443a-a973-81a0b9c60261,4038e02e-f22f-4af0-ba4f-7aab855b53af,717dda7e-d793-4697-8f60-b64ee8b1edc4,Gosposvetska,74
2ec182e2-769f-427f-b9b5-c4118890cb96,7fad8003-fb10-489d-bf8d-6d433310ad90,c87db9be-1fba-4102-a743-0ee4317dd5af,Bavarski dvor,74
6c56976b-4ae1-429f-bcab-0cfc37e3580d,eb165f50-9c43-4b09-9658-469a16d3dc83,c87db9be-1fba-4102-a743-0ee4317dd5af,Bavarski dvor,87
2ec182e2-769f-427f-b9b5-c4118890cb96,fef200e9-4d98-425b-ab14-8110e2aa85d7,c5ec5e81-2ce4-452d-bd7a-595de4f8b34f,Prušnikova,185
6459bd02-d8f8-413e-9402-10b916f09a4f,fef200e9-4d98-425b-ab14-8110e2aa85d7,717dda7e-d793-4697-8f60-b64ee8b1edc4,Gosposvetska,210
1b0f629f-acdb-4e94-8c54-018f4334ebf7,6182f8e8-c45e-4606-b4a4-d909bd44d2cc,484b5c91-1220-43ba-af79-84e712fcc46b,Slovenija avto,37
21764d19-62cc-49fd-bac9-403aeac6a6b9,5cc8a08d-c0af-491f-9a9c-b8b4f5f23bc0,N/A,N/A,660
1b0f629f-acdb-4e94-8c54-018f4334ebf7,88cdd36c-03d2-4374-a22f-110dd9f75ea0,295616c0-387b-4f60-a337-7743cd6be04e,Bavarski dvor,28
48b163cd-b819-4849-aee1-8b1da77657ab,ecc4ae87-ae08-4b94-995c-452fdd94df7f,295616c0-387b-4f60-a337-7743cd6be04e,Bavarski dvor,63
7c149b59-2bc6-45cb-95c8-69e18a0db627,e6f5183b-c615-4f47-b4fb-204ee070e825,c87db9be-1fba-4102-a743-0ee4317dd5af,Bavarski dvor,175
b59656a4-b6e7-4b87-977c-078c59088a50,6182f8e8-c45e-4606-b4a4-d909bd44d2cc,fef200e9-4d98-425b-ab14-8110e2aa85d7,Drama,1
223f660b-c391-4120-bf3c-7bf06781686b,7fa32ea0-e884-435a-a81c-51bbd5cedf3e,295616c0-387b-4f60-a337-7743cd6be04e,Bavarski dvor,276
9bd3ee10-bc61-44e8-8cf3-a37cffd54da0,c87db9be-1fba-4102-a743-0ee4317dd5af,a0e0a21b-b8ce-4d76-bbc2-04e179367fee,Šola Jarše,32
a0e0a21b-b8ce-4d76-bbc2-04e179367fee,80c65758-5f25-4003-8d55-10ff96fe8310,295616c0-387b-4f60-a337-7743cd6be04e,Bavarski dvor,92
47a3bd8a-72ae-4e20-b43f-10bfaf49012c,379bc761-04b5-4227-be76-3b870fe3e69f,c87db9be-1fba-4102-a743-0ee4317dd5af,Bavarski dvor,318
c22879e5-8e90-4540-9a74-5f139208e492,25cde952-4896-4977-b229-75e09b3e3661,c87db9be-1fba-4102-a743-0ee4317dd5af,Bavarski dvor,178
8589e5d1-21b4-4210-ad7a-4bf91f9a715d,271db19a-744b-41a0-869d-0c3e0e2cb6bf,5d7f28a6-2a2a-4333-aa06-48edfb652f86,Pošta,20
c5ec5e81-2ce4-452d-bd7a-595de4f8b34f,c0ff37c8-ac6c-4284-ad32-0ad29fd30dc2,fef200e9-4d98-425b-ab14-8110e2aa85d7,Drama,203
7eb88e01-82e9-4af4-84d0-69c6ea9dc82c,2f18bcfa-6189-4de4-b06f-132d3392e7d6,484b5c91-1220-43ba-af79-84e712fcc46b,Slovenija avto,70
8eeea585-6168-45b8-a5d4-336e61826043,295616c0-387b-4f60-a337-7743cd6be04e,c87db9be-1fba-4102-a743-0ee4317dd5af,Bavarski dvor,207
6459bd02-d8f8-413e-9402-10b916f09a4f,3fbf6322-fb74-4a50-a81a-bfca73abc26b,a719a87c-4e93-4387-a6d1-2631a487f7e0,Ajdovščina,40
05643914-8ff7-4064-8737-2761d44a083f,e9382efd-d64d-46b0-9a7d-a4e6a0188725,98fa3880-5936-4ec8-ba04-39c7ff9a0e6a,Stara cerkev,327
484b5c91-1220-43ba-af79-84e712fcc46b,f2b27cbd-5207-4281-8f67-6369d0c50a9b,f33b721f-a8a3-4aad-96f2-077da09ebaa6,Razstavišče,189
aa42017d-812a-4175-bc9b-0fec03b18931,8512e1be-4637-483b-a3e6-78ccc6d2c5b1,5d7f28a6-2a2a-4333-aa06-48edfb652f86,Pošta,267
7c149b59-2bc6-45cb-95c8-69e18a0db627,ab987eb0-c970-4577-8db9-0cd507a6cab6,295616c0-387b-4f60-a337-7743cd6be04e,Bavarski dvor,276
023d7b7a-b411-4e61-8746-b07f9e5c8f90,f15ddf31-fc11-41ba-988d-376c83e38f58,fef200e9-4d98-425b-ab14-8110e2aa85d7,Drama,113
e0bcd677-6012-4c90-a884-44dffafdffec,aa42017d-812a-4175-bc9b-0fec03b18931,88cdd36c-03d2-4374-a22f-110dd9f75ea0,Kajuhova,136
e468b92f-fa4a-4819-bb11-37761deaf4ca,e786b2df-34ed-4246-832e-7c3d538ac1f4,0be237aa-4b91-4d2b-ac23-0cebac975a0d,Cankarjev dom,135
4e8ccfa1-b58c-4ee1-ad82-2e8a645071f3,b59656a4-b6e7-4b87-977c-078c59088a50,fb0042f8-d9e2-4916-b60a-38a026acf0c9,Leskoškova,30
271db19a-744b-41a0-869d-0c3e0e2cb6bf,fb7704f0-d31e-4561-83e4-621a8c62654b,fef200e9-4d98-425b-ab14-8110e2aa85d7,Drama,120
f33b721f-a8a3-4aad-96f2-077da09ebaa6,fb0042f8-d9e2-4916-b60a-38a026acf0c9,454817d3-3750-49c7-994c-14d06fd2c634,Žale,24
a2ce7e6f-0f99-443a-a973-81a0b9c60261,a719a87c-4e93-4387-a6d1-2631a487f7e0,7fa32ea0-e884-435a-a81c-51bbd5cedf3e,Zaloška,99
25cde952-4896-4977-b229-75e09b3e3661,7c149b59-2bc6-45cb-95c8-69e18a0db627,ef31a8be-b01d-44cd-95cf-3db8e918af26,Emona,37
52e5adea-e194-4fc1-809c-1d6421f8f8db,8eeea585-6168-45b8-a5d4-336e61826043,295616c0-387b-4f60-a337-7743cd6be04e,Bavarski dvor,15
c5ec5e81-2ce4-452d-bd7a-595de4f8b34f,52e5adea-e194-4fc1-809c-1d6421f8f8db,fef200e9-4d98-425b-ab14-8110e2aa85d7,Drama,105
7484317c-269f-425f-8118-23eedab4e5f1,35aedf45-cca3-4f2f-931b-138d29d20fe9,295616c0-387b-4f60-a337-7743cd6be04e,Bavarski dvor,63
4d216485-ef41-45e7-9182-0c254644955c,1e157c31-d34d-4c2e-91b4-8c000c88f6dd,7bcbdcaa-00b9-47d4-8982-09da26cd7bcb,Zaloška,159
3c6ebf90-c611-4535-b2b0-22fba3f7649a,1505c6fe-6080-424e-98d1-24c312cfacf3,c5ec5e81-2ce4-452d-bd7a-595de4f8b34f,Prušnikova,159
223f660b-c391-4120-bf3c-7bf06781686b,bc66f88b-1412-44cb-b921-030d27335261,a719a87c-4e93-4387-a6d1-2631a487f7e0,Ajdovščina,540
1ce1c3a8-e0f6-4f90-b1aa-1448759d8b3c,5de84f88-3f32-4636-8c30-03cc267ecf37,a719a87c-4e93-4387-a6d1-2631a487f7e0,Ajdovščina,192
6559d555-672b-4633-8a81-0ae68fb963eb,0dc86a8f-0f41-44c7-978c-e06cb63cbbcf,484b5c91-1220-43ba-af79-84e712fcc46b,Slovenija avto,176
48507e1a-32df-4552-9448-3b345760b75f,5de6ff80-1352-43df-b5ec-1df59f2f492b,c87db9be-1fba-4102-a743-0ee4317dd5af,Bavarski dvor,96
f14a6236-8af2-47bf-9270-432377662a63,47637057-8d6a-4cf9-bd56-3ac90748fcc4,f14a6236-8af2-47bf-9270-432377662a63,Viadukt,358
1e157c31-d34d-4c2e-91b4-8c000c88f6dd,8589e5d1-21b4-4210-ad7a-4bf91f9a715d,48b163cd-b819-4849-aee1-8b1da77657ab,Šentvid,154
fb0042f8-d9e2-4916-b60a-38a026acf0c9,7484317c-269f-425f-8118-23eedab4e5f1,fef200e9-4d98-425b-ab14-8110e2aa85d7,Drama,154
4e8ccfa1-b58c-4ee1-ad82-2e8a645071f3,1e157c31-d34d-4c2e-91b4-8c000c88f6dd,f14a6236-8af2-47bf-9270-432377662a63,Viadukt,113
1dc99fbb-5496-4aab-a4b6-32e653ccc789,fef200e9-4d98-425b-ab14-8110e2aa85d7,c87db9be-1fba-4102-a743-0ee4317dd5af,Bavarski dvor,226
6459bd02-d8f8-413e-9402-10b916f09a4f,2388ce1f-c947-42d7-97f3-e01a7254c933,N/A,N/A,660
7c149b59-2bc6-45cb-95c8-69e18a0db627,fb7704f0-d31e-4561-83e4-621a8c62654b,88cdd36c-03d2-4374-a22f-110dd9f75ea0,Kajuhova,42
a7177a3d-8db2-43fb-8910-f95857f0ed97,c0ff37c8-ac6c-4284-ad32-0ad29fd30dc2,N/A,N/A,660
e9382efd-d64d-46b0-9a7d-a4e6a0188725,a0b1fb90-3f6a-4231-910a-18be192ac762,f4cfd904-bd11-4247-95df-32c4555a930f,Klinični center,74
f2b27cbd-5207-4281-8f67-6369d0c50a9b,48b163cd-b819-4849-aee1-8b1da77657ab,484b5c91-1220-43ba-af79-84e712fcc46b,Slovenija avto,136
8512e1be-4637-483b-a3e6-78ccc6d2c5b1,cdabf1ea-b04c-480a-8359-72c46e6864ab,5d7f28a6-2a2a-4333-aa06-48edfb652f86,Pošta,27
5cc8a08d-c0af-491f-9a9c-b8b4f5f23bc0,1dc99fbb-5496-4aab-a4b6-32e653ccc789,717dda7e-d793-4697-8f60-b64ee8b1edc4,Gosposvetska,504
7c149b59-2bc6-45cb-95c8-69e18a0db627,12304b99-9a07-485a-a101-eaca90495d48,379bc761-04b5-4227-be76-3b870fe3e69f,Pot na Fužine,7
dfde6478-02b5-471b-a470-29cb0e84542f,3c6ebf90-c611-4535-b2b0-22fba3f7649a,c87db9be-1fba-4102-a743-0ee4317dd5af,Bavarski dvor,288
2f18bcfa-6189-4de4-b06f-132d3392e7d6,5de6ff80-1352-43df-b5ec-1df59f2f492b,717dda7e-d793-4697-8f60-b64ee8b1edc4,Gosposvetska,30
a0b1fb90-3f6a-4231-910a-18be192ac762,1dc99fbb-5496-4aab-a4b6-32e653ccc789,f14a6236-8af2-47bf-9270-432377662a63,Viadukt,8
9b0074d2-2c92-4c01-830b-00be8e05b412,9cfac7e2-9653-4e52-a6d3-27756d27f817,a719a87c-4e93-4387-a6d1-2631a487f7e0,Ajdovščina,167
6182f8e8-c45e-4606-b4a4-d909bd44d2cc,9cfac7e2-9653-4e52-a6d3-27756d27f817,4e8ccfa1-b58c-4ee1-ad82-2e8a645071f3,Sostro - 2,104
717c914e-f928-4671-95f6-26c1ddb95799,a7177a3d-8db2-43fb-8910-f95857f0ed97,N/A,N/A,660
c297ac70-8f43-4fbc-a8a4-366ddb883a8d,9a1c4c65-df77-481f-87ad-56143f02a864,7fad8003-fb10-489d-bf8d-6d433310ad90,Nove Jarše,433
e0bcd677-6012-4c90-a884-44dffafdffec,0be237aa-4b91-4d2b-ac23-0cebac975a0d,c87db9be-1fba-4102-a743-0ee4317dd5af,Bavarski dvor,57
aa42017d-812a-4175-bc9b-0fec03b18931,2f18bcfa-6189-4de4-b06f-132d3392e7d6,295616c0-387b-4f60-a337-7743cd6be04e,Bavarski dvor,40
fb0042f8-d9e2-4916-b60a-38a026acf0c9,81f21fc1-3bd2-4d2a-b563-2d063479c68e,f4cfd904-bd11-4247-95df-32c4555a930f,Klinični center,280
fb7704f0-d31e-4561-83e4-621a8c62654b,a719a87c-4e93-4387-a6d1-2631a487f7e0,f33b721f-a8a3-4aad-96f2-077da09ebaa6,Razstavišče,48
454817d3-3750-49c7-994c-14d06fd2c634,7c149b59-2bc6-45cb-95c8-69e18a0db627,c87db9be-1fba-4102-a743-0ee4317dd5af,Bavarski dvor,4
1035c6f7-304e-4329-a3b2-4eb5d985a577,aa42017d-812a-4175-bc9b-0fec03b18931,f33b721f-a8a3-4aad-96f2-077da09ebaa6,Razstavišče,111
d98335a0-1291-4d4c-be62-16b11c356575,4d216485-ef41-45e7-9182-0c254644955c,c87db9be-1fba-4102-a743-0ee4317dd5af,Bavarski dvor,48
7c149b59-2bc6-45cb-95c8-69e18a0db627,1eadcdb9-60cd-47c9-8eec-527c3465a685,f14a6236-8af2-47bf-9270-432377662a63,Viadukt,9
271db19a-744b-41a0-869d-0c3e0e2cb6bf,80c65758-5f25-4003-8d55-10ff96fe8310,c87db9be-1fba-4102-a743-0ee4317dd5af,Bavarski dvor,618
023d7b7a-b411-4e61-8746-b07f9e5c8f90,9e109242-5aad-4fb7-b0c8-576eef8aa4e0,c87db9be-1fba-4102-a743-0ee4317dd5af,Bavarski dvor,32
f14a6236-8af2-47bf-9270-432377662a63,db13a26e-19d4-4b8a-a78a-01ef25d58834,023d7b7a-b411-4e61-8746-b07f9e5c8f90,Ambrožev trg,120
47637057-8d6a-4cf9-bd56-3ac90748fcc4,58db973d-ecbb-4aa6-a56c-c26aaff7f263,295616c0-387b-4f60-a337-7743cd6be04e,Bavarski dvor,108
0dc86a8f-0f41-44c7-978c-e06cb63cbbcf,717dda7e-d793-4697-8f60-b64ee8b1edc4,a719a87c-4e93-4387-a6d1-2631a487f7e0,Ajdovščina,611
12304b99-9a07-485a-a101-eaca90495d48,fef200e9-4d98-425b-ab14-8110e2aa85d7,5d7f28a6-2a2a-4333-aa06-48edfb652f86,Pošta,66
52e5adea-e194-4fc1-809c-1d6421f8f8db,8eeea585-6168-45b8-a5d4-336e61826043,e6f5183b-c615-4f47-b4fb-204ee070e825,Bežigrad,187
47637057-8d6a-4cf9-bd56-3ac90748fcc4,9746f277-af08-4cce-92fa-41da5eca8ac2,f4cfd904-bd11-4247-95df-32c4555a930f,Klinični center,403
48b163cd-b819-4849-aee1-8b1da77657ab,294c40c4-18e4-4d92-a947-911a8623de89,4038e02e-f22f-4af0-ba4f-7aab855b53af,Kneza Koclja,21
98fa3880-5936-4ec8-ba04-39c7ff9a0e6a,ecc4ae87-ae08-4b94-995c-452fdd94df7f,1ce1c3a8-e0f6-4f90-b1aa-1448759d8b3c,Astra,185
fb0042f8-d9e2-4916-b60a-38a026acf0c9,c627c9f2-af02-4d83-969a-566719bb09e3,295616c0-387b-4f60-a337-7743cd6be04e,Bavarski dvor,148
c22879e5-8e90-4540-9a74-5f139208e492,dfde6478-02b5-471b-a470-29cb0e84542f,7fa32ea0-e884-435a-a81c-51bbd5cedf3e,Zaloška,634
5d7f28a6-2a2a-4333-aa06-48edfb652f86,6a89c110-a0f8-4b1a-87f0-33f49c0a658e,295616c0-387b-4f60-a337-7743cd6be04e,Bavarski dvor,100
80c65758-5f25-4003-8d55-10ff96fe8310,2ec182e2-769f-427f-b9b5-c4118890cb96,c87db9be-1fba-4102-a743-0ee4317dd5af,Bavarski dvor,121
a2f479c6-4c21-4923-b4ac-86f752507cee,cee2862b-9b70-4880-8fa3-16c6d2efae1b,N/A,N/A,660
4e8ccfa1-b58c-4ee1-ad82-2e8a645071f3,6459bd02-d8f8-413e-9402-10b916f09a4f,fef200e9-4d98-425b-ab14-8110e2aa85d7,Drama,434
7c149b59-2bc6-45cb-95c8-69e18a0db627,454817d3-3750-49c7-994c-14d06fd2c634,484b5c91-1220-43ba-af79-84e712fcc46b,Slovenija avto,86
f14a6236-8af2-47bf-9270-432377662a63,271db19a-744b-41a0-869d-0c3e0e2cb6bf,fef200e9-4d98-425b-ab14-8110e2aa85d7,Drama,180
e6f5183b-c615-4f47-b4fb-204ee070e825,f14a6236-8af2-47bf-9270-432377662a63,cdabf1ea-b04c-480a-8359-72c46e6864ab,Bežigrad,188
ac3afe7d-a2b3-4d5d-9e6a-1d2412a3bc70,294c40c4-18e4-4d92-a947-911a8623de89,295616c0-387b-4f60-a337-7743cd6be04e,Bavarski dvor,11
7310c006-62b8-4f94-bb9c-d5c26cb3faad,2f18bcfa-6189-4de4-b06f-132d3392e7d6,38b3abed-0592-407b-96c3-85a026f2e192,Dalmatinova,19
6459bd02-d8f8-413e-9402-10b916f09a4f,e786b2df-34ed-4246-832e-7c3d538ac1f4,9cfac7e2-9653-4e52-a6d3-27756d27f817,Kino Šiška,59
9a1c4c65-df77-481f-87ad-56143f02a864,7fa32ea0-e884-435a-a81c-51bbd5cedf3e,f33b721f-a8a3-4aad-96f2-077da09ebaa6,Razstavišče,49
fb7704f0-d31e-4561-83e4-621a8c62654b,4e8ccfa1-b58c-4ee1-ad82-2e8a645071f3,295616c0-387b-4f60-a337-7743cd6be04e,Bavarski dvor,118
9746f277-af08-4cce-92fa-41da5eca8ac2,592b37eb-8255-4758-ae8a-7cef98521013,fef200e9-4d98-425b-ab14-8110e2aa85d7,Drama,201
609f0950-bb8c-4eaf-a931-8575b8aff1ac,52e5adea-e194-4fc1-809c-1d6421f8f8db,c87db9be-1fba-4102-a743-0ee4317dd5af,Bavarski dvor,68
f33b721f-a8a3-4aad-96f2-077da09ebaa6,c22879e5-8e90-4540-9a74-5f139208e492,c87db9be-1fba-4102-a743-0ee4317dd5af,Bavarski dvor,1
48507e1a-32df-4552-9448-3b345760b75f,a2f479c6-4c21-4923-b4ac-86f752507cee,N/A,N/A,660
5de6ff80-1352-43df-b5ec-1df59f2f492b,e0bcd677-6012-4c90-a884-44dffafdffec,295616c0-387b-4f60-a337-7743cd6be04e,Bavarski dvor,178
5d7f28a6-2a2a-4333-aa06-48edfb652f86,fb0042f8-d9e2-4916-b60a-38a026acf0c9,c87db9be-1fba-4102-a743-0ee4317dd5af,Bavarski dvor,131
4e8ccfa1-b58c-4ee1-ad82-2e8a645071f3,484b5c91-1220-43ba-af79-84e712fcc46b,7bcbdcaa-00b9-47d4-8982-09da26cd7bcb,Zaloška,80
47637057-8d6a-4cf9-bd56-3ac90748fcc4,e468b92f-fa4a-4819-bb11-37761deaf4ca,c87db9be-1fba-4102-a743-0ee4317dd5af,Bavarski dvor,87
3c6ebf90-c611-4535-b2b0-22fba3f7649a,c297ac70-8f43-4fbc-a8a4-366ddb883a8d,7fad8003-fb10-489d-bf8d-6d433310ad90,Nove Jarše,189
1b3ddeca-a066-43ee-9ae5-8339628129c2,0be237aa-4b91-4d2b-ac23-0cebac975a0d,a719a87c-4e93-4387-a6d1-2631a487f7e0,Ajdovščina,199
717c914e-f928-4671-95f6-26c1ddb95799,484b5c91-1220-43ba-af79-84e712fcc46b,fef200e9-4d98-425b-ab14-8110e2aa85d7,Drama,177
e0bcd677-6012-4c90-a884-44dffafdffec,295616c0-387b-4f60-a337-7743cd6be04e,484b5c91-1220-43ba-af79-84e712fcc46b,Slovenija avto,147
9b0074d2-2c92-4c01-830b-00be8e05b412,6459bd02-d8f8-413e-9402-10b916f09a4f,98fa3880-5936-4ec8-ba04-39c7ff9a0e6a,Stara cerkev,353
5de6ff80-1352-43df-b5ec-1df59f2f492b,8598b85d-3e1d-4767-b72f-0c209038841f,f33b721f-a8a3-4aad-96f2-077da09ebaa6,Razstavišče,25
2f874852-bc80-4ff3-b6bf-a914e31251c8,4d216485-ef41-45e7-9182-0c254644955c,a0b1fb90-3f6a-4231-910a-18be192ac762,Flajšmanova,377
d98335a0-1291-4d4c-be62-16b11c356575,86a75ffc-a78f-401f-8991-2eb0371417b2,9cfac7e2-9653-4e52-a6d3-27756d27f817,Kino Šiška,35
2388ce1f-c947-42d7-97f3-e01a7254c933,7bcbdcaa-00b9-47d4-8982-09da26cd7bcb,N/A,N/A,660
98fa3880-5936-4ec8-ba04-39c7ff9a0e6a,25cde952-4896-4977-b229-75e09b3e3661,484b5c91-1220-43ba-af79-84e712fcc46b,Slovenija avto,117
58db973d-ecbb-4aa6-a56c-c26aaff7f263,fb0042f8-d9e2-4916-b60a-38a026acf0c9,295616c0-387b-4f60-a337-7743cd6be04e,Bavarski dvor,82
9a14b0ec-f13a-46f0-8c4f-07d8b99241e2,a7094427-e180-4deb-acaf-5d4488326e9e,98fa3880-5936-4ec8-ba04-39c7ff9a0e6a,Stara cerkev,224
abc9fd26-5442-468b-93b6-4d5eb76d0f1f,7eb88e01-82e9-4af4-84d0-69c6ea9dc82c,7bcbdcaa-00b9-47d4-8982-09da26cd7bcb,Zaloška,412
f15ddf31-fc11-41ba-988d-376c83e38f58,609f0950-bb8c-4eaf-a931-8575b8aff1ac,f33b721f-a8a3-4aad-96f2-077da09ebaa6,Razstavišče,2
294c40c4-18e4-4d92-a947-911a8623de89,592b37eb-8255-4758-ae8a-7cef98521013,f33b721f-a8a3-4aad-96f2-077da09ebaa6,Razstavišče,233
c22879e5-8e90-4540-9a74-5f139208e492,e468b92f-fa4a-4819-bb11-37761deaf4ca,f33b721f-a8a3-4aad-96f2-077da09ebaa6,Razstavišče,416
1b0f629f-acdb-4e94-8c54-018f4334ebf7,6edebb46-d04f-45c4-99a4-100f7f0b2660,6a89c110-a0f8-4b1a-87f0-33f49c0a658e,Šola Jarše,287
81f21fc1-3bd2-4d2a-b563-2d063479c68e,8589e5d1-21b4-4210-ad7a-4bf91f9a715d,cdabf1ea-b04c-480a-8359-72c46e6864ab,Bežigrad,230
023d7b7a-b411-4e61-8746-b07f9e5c8f90,8589e5d1-21b4-4210-ad7a-4bf91f9a715d,fef200e9-4d98-425b-ab14-8110e2aa85d7,Drama,11
59ee5f7d-476b-4958-a922-2040a9308f3b,9b0074d2-2c92-4c01-830b-00be8e05b412,f33b721f-a8a3-4aad-96f2-077da09ebaa6,Razstavišče,167
717dda7e-d793-4697-8f60-b64ee8b1edc4,a0e0a21b-b8ce-4d76-bbc2-04e179367fee,c87db9be-1fba-4102-a743-0ee4317dd5af,Bavarski dvor,281
0be237aa-4b91-4d2b-ac23-0cebac975a0d,7c149b59-2bc6-45cb-95c8-69e18a0db627,fef200e9-4d98-425b-ab14-8110e2aa85d7,Drama,553
c5ec5e81-2ce4-452d-bd7a-595de4f8b34f,717c914e-f928-4671-95f6-26c1ddb95799,N/A,N/A,660
ab987eb0-c970-4577-8db9-0cd507a6cab6,0be237aa-4b91-4d2b-ac23-0cebac975a0d,fef200e9-4d98-425b-ab14-8110e2aa85d7,Drama,218
8c7fa045-888b-46d0-8189-6f82623bf481,1ce1c3a8-e0f6-4f90-b1aa-1448759d8b3c,9cfac7e2-9653-4e52-a6d3-27756d27f817,Kino Šiška,25
d4c51b31-46fd-4da8-ba15-8068e666d483,1b3ddeca-a066-43ee-9ae5-8339628129c2,295616c0-387b-4f60-a337-7743cd6be04e,Bavarski dvor,547
9a14b0ec-f13a-46f0-8c4f-07d8b99241e2,6bd46cb7-9e5d-453a-878a-bcc38fb2a5f2,c87db9be-1fba-4102-a743-0ee4317dd5af,Bavarski dvor,103
0b4a072e-6c2d-4c71-ab80-2b7142df81de,223f660b-c391-4120-bf3c-7bf06781686b,295616c0-387b-4f60-a337-7743cd6be04e,Bavarski dvor,64
1e157c31-d34d-4c2e-91b4-8c000c88f6dd,a7177a3d-8db2-43fb-8910-f95857f0ed97,N/A,N/A,660
12304b99-9a07-485a-a101-eaca90495d48,e9382efd-d64d-46b0-9a7d-a4e6a0188725,c87db9be-1fba-4102-a743-0ee4317dd5af,Bavarski dvor,115
f2b27cbd-5207-4281-8f67-6369d0c50a9b,cee2862b-9b70-4880-8fa3-16c6d2efae1b,fef200e9-4d98-425b-ab14-8110e2aa85d7,Drama,103
c0ff37c8-ac6c-4284-ad32-0ad29fd30dc2,1eadcdb9-60cd-47c9-8eec-527c3465a685,c87db9be-1fba-4102-a743-0ee4317dd5af,Bavarski dvor,43
1b0f629f-acdb-4e94-8c54-018f4334ebf7,7fa32ea0-e884-435a-a81c-51bbd5cedf3e,7fa32ea0-e884-435a-a81c-51bbd5cedf3e,Zaloška,117
454817d3-3750-49c7-994c-14d06fd2c634,e9d9f622-7394-4c5c-9031-a41855a64aa7,fef200e9-4d98-425b-ab14-8110e2aa85d7,Drama,137
6459bd02-d8f8-413e-9402-10b916f09a4f,609f0950-bb8c-4eaf-a931-8575b8aff1ac,379bc761-04b5-4227-be76-3b870fe3e69f,Pot na Fužine,78
c87db9be-1fba-4102-a743-0ee4317dd5af,a2f479c6-4c21-4923-b4ac-86f752507cee,N/A,N/A,660
48507e1a-32df-4552-9448-3b345760b75f,47637057-8d6a-4cf9-bd56-3ac90748fcc4,5d7f28a6-2a2a-4333-aa06-48edfb652f86,Pošta,172
38b3abed-0592-407b-96c3-85a026f2e192,7bcbdcaa-00b9-47d4-8982-09da26cd7bcb,a719a87c-4e93-4387-a6d1-2631a487f7e0,Ajdovščina,41
7fad8003-fb10-489d-bf8d-6d433310ad90,96d4c75b-6452-4c70-a31e-c234262ba38b,aa42017d-812a-4175-bc9b-0fec03b18931,Ambrožev trg,134
a0b1fb90-3f6a-4231-910a-18be192ac762,a7094427-e180-4deb-acaf-5d4488326e9e,a719a87c-4e93-4387-a6d1-2631a487f7e0,Ajdovščina,125
c627c9f2-af02-4d83-969a-566719bb09e3,e0bcd677-6012-4c90-a884-44dffafdffec,f33b721f-a8a3-4aad-96f2-077da09ebaa6,Razstavišče,36
48b163cd-b819-4849-aee1-8b1da77657ab,bc66f88b-1412-44cb-b921-030d27335261,717dda7e-d793-4697-8f60-b64ee8b1edc4,Gosposvetska,116
1b3ddeca-a066-43ee-9ae5-8339628129c2,9bd3ee10-bc61-44e8-8cf3-a37cffd54da0,6182f8e8-c45e-4606-b4a4-d909bd44d2cc,Gornji trg,103
98fa3880-5936-4ec8-ba04-39c7ff9a0e6a,e9d9f622-7394-4c5c-9031-a41855a64aa7,5d7f28a6-2a2a-4333-aa06-48edfb652f86,Pošta,151
1eadcdb9-60cd-47c9-8eec-527c3465a685,223f660b-c391-4120-bf3c-7bf06781686b,484b5c91-1220-43ba-af79-84e712fcc46b,Slovenija avto,536
a0e0a21b-b8ce-4d76-bbc2-04e179367fee,ef31a8be-b01d-44cd-95cf-3db8e918af26,98fa3880-5936-4ec8-ba04-39c7ff9a0e6a,Stara cerkev,80
8512e1be-4637-483b-a3e6-78ccc6d2c5b1,769b7bc7-4f95-4bb2-9c99-37ba8e8b4bd5,609f0950-bb8c-4eaf-a931-8575b8aff1ac,Savske stolpnice,34
cee2862b-9b70-4880-8fa3-16c6d2efae1b,86a75ffc-a78f-401f-8991-2eb0371417b2,295616c0-387b-4f60-a337-7743cd6be04e,Bavarski dvor,22
59ee5f7d-476b-4958-a922-2040a9308f3b,7fad8003-fb10-489d-bf8d-6d433310ad90,fef200e9-4d98-425b-ab14-8110e2aa85d7,Drama,120
223f660b-c391-4120-bf3c-7bf06781686b,c627c9f2-af02-4d83-969a-566719bb09e3,4038e02e-f22f-4af0-ba4f-7aab855b53af,Kneza Koclja,494
6c56976b-4ae1-429f-bcab-0cfc37e3580d,91fb6c6e-49cf-49d3-97d4-6ae228f9bfa1,c87db9be-1fba-4102-a743-0ee4317dd5af,Bavarski dvor,440
c0ff37c8-ac6c-4284-ad32-0ad29fd30dc2,e9382efd-d64d-46b0-9a7d-a4e6a0188725,fef200e9-4d98-425b-ab14-8110e2aa85d7,Drama,24
47a3bd8a-72ae-4e20-b43f-10bfaf49012c,c22879e5-8e90-4540-9a74-5f139208e492,484b5c91-1220-43ba-af79-84e712fcc46b,Slovenija avto,123
91fb6c6e-49cf-49d3-97d4-6ae228f9bfa1,f2b27cbd-5207-4281-8f67-6369d0c50a9b,a719a87c-4e93-4387-a6d1-2631a487f7e0,Ajdovščina,324
223f660b-c391-4120-bf3c-7bf06781686b,9e109242-5aad-4fb7-b0c8-576eef8aa4e0,7c149b59-2bc6-45cb-95c8-69e18a0db627,Rusjanov trg,3
592b37eb-8255-4758-ae8a-7cef98521013,923bd774-0651-4e0a-8624-3acfb7ecd5ff,717dda7e-d793-4697-8f60-b64ee8b1edc4,Gosposvetska,248
77dcd833-fa4d-4c5a-93b1-31284942e61d,0b4a072e-6c2d-4c71-ab80-2b7142df81de,c87db9be-1fba-4102-a743-0ee4317dd5af,Bavarski dvor,254
1b3ddeca-a066-43ee-9ae5-8339628129c2,609f0950-bb8c-4eaf-a931-8575b8aff1ac,717dda7e-d793-4697-8f60-b64ee8b1edc4,Gosposvetska,144
484b5c91-1220-43ba-af79-84e712fcc46b,093afa81-b65f-4182-bac3-afbc00558a9b,cdabf1ea-b04c-480a-8359-72c46e6864ab,Bežigrad,288
0dc86a8f-0f41-44c7-978c-e06cb63cbbcf,0b4a072e-6c2d-4c71-ab80-2b7142df81de,N/A,N/A,660
2f874852-bc80-4ff3-b6bf-a914e31251c8,5d7f28a6-2a2a-4333-aa06-48edfb652f86,a2ce7e6f-0f99-443a-a973-81a0b9c60261,Astra,589
a2ce7e6f-0f99-443a-a973-81a0b9c60261,8598b85d-3e1d-4767-b72f-0c209038841f,fef200e9-4d98-425b-ab14-8110e2aa85d7,Drama,191
4e8ccfa1-b58c-4ee1-ad82-2e8a645071f3,e0bcd677-6012-4c90-a884-44dffafdffec,a719a87c-4e93-4387-a6d1-2631a487f7e0,Ajdovščina,89
e6f5183b-c615-4f47-b4fb-204ee070e825,d4c51b31-46fd-4da8-ba15-8068e666d483,fb0042f8-d9e2-4916-b60a-38a026acf0c9,Leskoškova,33
6182f8e8-c45e-4606-b4a4-d909bd44d2cc,9cfac7e2-9653-4e52-a6d3-27756d27f817,7bcbdcaa-00b9-47d4-8982-09da26cd7bcb,Zaloška,14
6182f8e8-c45e-4606-b4a4-d909bd44d2cc,a2ce7e6f-0f99-443a-a973-81a0b9c60261,c87db9be-1fba-4102-a743-0ee4317dd5af,Bavarski dvor,47
7eb88e01-82e9-4af4-84d0-69c6ea9dc82c,f15ddf31-fc11-41ba-988d-376c83e38f58,fef200e9-4d98-425b-ab14-8110e2aa85d7,Drama,402
f2b27cbd-5207-4281-8f67-6369d0c50a9b,c297ac70-8f43-4fbc-a8a4-366ddb883a8d,7484317c-269f-425f-8118-23eedab4e5f1,Tivoli,355
ab987eb0-c970-4577-8db9-0cd507a6cab6,25cde952-4896-4977-b229-75e09b3e3661,c87db9be-1fba-4102-a743-0ee4317dd5af,Bavarski dvor,62
7c149b59-2bc6-45cb-95c8-69e18a0db627,023d7b7a-b411-4e61-8746-b07f9e5c8f90,717dda7e-d793-4697-8f60-b64ee8b1edc4,Gosposvetska,127
2f874852-bc80-4ff3-b6bf-a914e31251c8,7eb88e01-82e9-4af4-84d0-69c6ea9dc82c,295616c0-387b-4f60-a337-7743cd6be04e,Bavarski dvor,219
9bd3ee10-bc61-44e8-8cf3-a37cffd54da0,223f660b-c391-4120-bf3c-7bf06781686b,a719a87c-4e93-4387-a6d1-2631a487f7e0,Ajdovščina,169
6182f8e8-c45e-4606-b4a4-d909bd44d2cc,f2b27cbd-5207-4281-8f67-6369d0c50a9b,cee2862b-9b70-4880-8fa3-16c6d2efae1b,AMZS,49
e9382efd-d64d-46b0-9a7d-a4e6a0188725,98fa3880-5936-4ec8-ba04-39c7ff9a0e6a,295616c0-387b-4f60-a337-7743cd6be04e,Bavarski dvor,244
9cfac7e2-9653-4e52-a6d3-27756d27f817,91fb6c6e-49cf-49d3-97d4-6ae228f9bfa1,a719a87c-4e93-4387-a6d1-2631a487f7e0,Ajdovščina,302
8598b85d-3e1d-4767-b72f-0c209038841f,8c7fa045-888b-46d0-8189-6f82623bf481,a719a87c-4e93-4387-a6d1-2631a487f7e0,Ajdovščina,128
05643914-8ff7-4064-8737-2761d44a083f,6182f8e8-c45e-4606-b4a4-d909bd44d2cc,cdabf1ea-b04c-480a-8359-72c46e6864ab,Bežigrad,18
2f874852-bc80-4ff3-b6bf-a914e31251c8,7c149b59-2bc6-45cb-95c8-69e18a0db627,f4cfd904-bd11-4247-95df-32c4555a930f,Klinični center,398
47637057-8d6a-4cf9-bd56-3ac90748fcc4,8512e1be-4637-483b-a3e6-78ccc6d2c5b1,1ce1c3a8-e0f6-4f90-b1aa-1448759d8b3c,Astra,316
717c914e-f928-4671-95f6-26c1ddb95799,a7094427-e180-4deb-acaf-5d4488326e9e,c87db9be-1fba-4102-a743-0ee4317dd5af,Bavarski dvor,235
dfde6478-02b5-471b-a470-29cb0e84542f,2f874852-bc80-4ff3-b6bf-a914e31251c8,5d7f28a6-2a2a-4333-aa06-48edfb652f86,Pošta,386
f2b27cbd-5207-4281-8f67-6369d0c50a9b,cdabf1ea-b04c-480a-8359-72c46e6864ab,ecc4ae87-ae08-4b94-995c-452fdd94df7f,Privoz,204
7bcbdcaa-00b9-47d4-8982-09da26cd7bcb,96d4c75b-6452-4c70-a31e-c234262ba38b,fef200e9-4d98-425b-ab14-8110e2aa85d7,Drama,340
5de84f88-3f32-4636-8c30-03cc267ecf37,f2b27cbd-5207-4281-8f67-6369d0c50a9b,295616c0-387b-4f60-a337-7743cd6be04e,Bavarski dvor,126
a719a87c-4e93-4387-a6d1-2631a487f7e0,6a89c110-a0f8-4b1a-87f0-33f49c0a658e,c5ec5e81-2ce4-452d-bd7a-595de4f8b34f,Prušnikova,76
47637057-8d6a-4cf9-bd56-3ac90748fcc4,48b163cd-b819-4849-aee1-8b1da77657ab,N/A,N/A,660
0be237aa-4b91-4d2b-ac23-0cebac975a0d,8589e5d1-21b4-4210-ad7a-4bf91f9a715d,a719a87c-4e93-4387-a6d1-2631a487f7e0,Ajdovščina,66
6a89c110-a0f8-4b1a-87f0-33f49c0a658e,1b0f629f-acdb-4e94-8c54-018f4334ebf7,98fa3880-5936-4ec8-ba04-39c7ff9a0e6a,Stara cerkev,154
7eb88e01-82e9-4af4-84d0-69c6ea9dc82c,c297ac70-8f43-4fbc-a8a4-366ddb883a8d,295616c0-387b-4f60-a337-7743cd6be04e,Bavarski dvor,395
093afa81-b65f-4182-bac3-afbc00558a9b,f4cfd904-bd11-4247-95df-32c4555a930f,c22879e5-8e90-4540-9a74-5f139208e492,Friškovec,16
1eadcdb9-60cd-47c9-8eec-527c3465a685,c22879e5-8e90-4540-9a74-5f139208e492,717dda7e-d793-4697-8f60-b64ee8b1edc4,Gosposvetska,23
7310c006-62b8-4f94-bb9c-d5c26cb3faad,48507e1a-32df-4552-9448-3b345760b75f,295616c0-387b-4f60-a337-7743cd6be04e,Bavarski dvor,247
6182f8e8-c45e-4606-b4a4-d909bd44d2cc,eb165f50-9c43-4b09-9658-469a16d3dc83,5d7f28a6-2a2a-4333-aa06-48edfb652f86,Pošta,191
2ec182e2-769f-427f-b9b5-c4118890cb96,c627c9f2-af02-4d83-969a-566719bb09e3,c87db9be-1fba-4102-a743-0ee4317dd5af,Bavarski dvor,257
6bd46cb7-9e5d-453a-878a-bcc38fb2a5f2,25cde952-4896-4977-b229-75e09b3e3661,484b5c91-1220-43ba-af79-84e712fcc46b,Slovenija avto,27
023d7b7a-b411-4e61-8746-b07f9e5c8f90,fef200e9-4d98-425b-ab14-8110e2aa85d7,454817d3-3750-49c7-994c-14d06fd2c634,Žale,5
277bc73c-e61d-4046-bcfd-31d6161c568e,98fa3880-5936-4ec8-ba04-39c7ff9a0e6a,484b5c91-1220-43ba-af79-84e712fcc46b,Slovenija avto,609
88cdd36c-03d2-4374-a22f-110dd9f75ea0,769b7bc7-4f95-4bb2-9c99-37ba8e8b4bd5,c87db9be-1fba-4102-a743-0ee4317dd5af,Bavarski dvor,162
4d216485-ef41-45e7-9182-0c254644955c,e786b2df-34ed-4246-832e-7c3d538ac1f4,c87db9be-1fba-4102-a743-0ee4317dd5af,Bavarski dvor,22
609f0950-bb8c-4eaf-a931-8575b8aff1ac,80c65758-5f25-4003-8d55-10ff96fe8310,a719a87c-4e93-4387-a6d1-2631a487f7e0,Ajdovščina,17
2f18bcfa-6189-4de4-b06f-132d3392e7d6,8598b85d-3e1d-4767-b72f-0c209038841f,98fa3880-5936-4ec8-ba04-39c7ff9a0e6a,Stara cerkev,175
e9d9f622-7394-4c5c-9031-a41855a64aa7,4e8ccfa1-b58c-4ee1-ad82-2e8a645071f3,cdabf1ea-b04c-480a-8359-72c46e6864ab,Bežigrad,72
295616c0-387b-4f60-a337-7743cd6be04e,80c65758-5f25-4003-8d55-10ff96fe8310,c87db9be-1fba-4102-a743-0ee4317dd5af,Bavarski dvor,12
98fa3880-5936-4ec8-ba04-39c7ff9a0e6a,db13a26e-19d4-4b8a-a78a-01ef25d58834,a719a87c-4e93-4387-a6d1-2631a487f7e0,Ajdovščina,104
e9d9f622-7394-4c5c-9031-a41855a64aa7,609f0950-bb8c-4eaf-a931-8575b8aff1ac,a2ce7e6f-0f99-443a-a973-81a0b9c60261,Astra,246
a0b1fb90-3f6a-4231-910a-18be192ac762,e6f5183b-c615-4f47-b4fb-204ee070e825,c87db9be-1fba-4102-a743-0ee4317dd5af,Bavarski dvor,26
1035c6f7-304e-4329-a3b2-4eb5d985a577,a7094427-e180-4deb-acaf-5d4488326e9e,98fa3880-5936-4ec8-ba04-39c7ff9a0e6a,Stara cerkev,253
6a89c110-a0f8-4b1a-87f0-33f49c0a658e,f15ddf31-fc11-41ba-988d-376c83e38f58,c87db9be-1fba-4102-a743-0ee4317dd5af,Bavarski dvor,72
5d7f28a6-2a2a-4333-aa06-48edfb652f86,769b7bc7-4f95-4bb2-9c99-37ba8e8b4bd5,f33b721f-a8a3-4aad-96f2-077da09ebaa6,Razstavišče,13
717c914e-f928-4671-95f6-26c1ddb95799,38b3abed-0592-407b-96c3-85a026f2e192,c87db9be-1fba-4102-a743-0ee4317dd5af,Bavarski dvor,122
3fbf6322-fb74-4a50-a81a-bfca73abc26b,88cdd36c-03d2-4374-a22f-110dd9f75ea0,86a75ffc-a78f-401f-8991-2eb0371417b2,Studenec,549
47637057-8d6a-4cf9-bd56-3ac90748fcc4,1dc99fbb-5496-4aab-a4b6-32e653ccc789,c87db9be-1fba-4102-a743-0ee4317dd5af,Bavarski dvor,35
9a14b0ec-f13a-46f0-8c4f-07d8b99241e2,223f660b-c391-4120-bf3c-7bf06781686b,717dda7e-d793-4697-8f60-b64ee8b1edc4,Gosposvetska,232
454817d3-3750-49c7-994c-14d06fd2c634,d98335a0-1291-4d4c-be62-16b11c356575,f4cfd904-bd11-4247-95df-32c4555a930f,Klinični center,291
c0ff37c8-ac6c-4284-ad32-0ad29fd30dc2,f33b721f-a8a3-4aad-96f2-077da09ebaa6,f4cfd904-bd11-4247-95df-32c4555a930f,Klinični center,98
a7094427-e180-4deb-acaf-5d4488326e9e,80c65758-5f25-4003-8d55-10ff96fe8310,1ce1c3a8-e0f6-4f90-b1aa-1448759d8b3c,Astra,213
7fa32ea0-e884-435a-a81c-51bbd5cedf3e,c5ec5e81-2ce4-452d-bd7a-595de4f8b34f,484b5c91-1220-43ba-af79-84e712fcc46b,Slovenija avto,12
bc66f88b-1412-44cb-b921-030d27335261,c87db9be-1fba-4102-a743-0ee4317dd5af,fef200e9-4d98-425b-ab14-8110e2aa85d7,Drama,69
6a89c110-a0f8-4b1a-87f0-33f49c0a658e,6559d555-672b-4633-8a81-0ae68fb963eb,9cfac7e2-9653-4e52-a6d3-27756d27f817,Kino Šiška,373
717c914e-f928-4671-95f6-26c1ddb95799,52e5adea-e194-4fc1-809c-1d6421f8f8db,c87db9be-1fba-4102-a743-0ee4317dd5af,Bavarski dvor,78
e468b92f-fa4a-4819-bb11-37761deaf4ca,c5ec5e81-2ce4-452d-bd7a-595de4f8b34f,48507e1a-32df-4552-9448-3b345760b75f,Cesta na Vevče,240
12304b99-9a07-485a-a101-eaca90495d48,fb0042f8-d9e2-4916-b60a-38a026acf0c9,47637057-8d6a-4cf9-bd56-3ac90748fcc4,Barje,457
12304b99-9a07-485a-a101-eaca90495d48,1b0f629f-acdb-4e94-8c54-018f4334ebf7,f33b721f-a8a3-4aad-96f2-077da09ebaa6,Razstavišče,138
6bd46cb7-9e5d-453a-878a-bcc38fb2a5f2,7eb88e01-82e9-4af4-84d0-69c6ea9dc82c,484b5c91-1220-43ba-af79-84e712fcc46b,Slovenija avto,30
294c40c4-18e4-4d92-a947-911a8623de89,6559d555-672b-4633-8a81-0ae68fb963eb,295616c0-387b-4f60-a337-7743cd6be04e,Bavarski dvor,8
d98335a0-1291-4d4c-be62-16b11c356575,b59656a4-b6e7-4b87-977c-078c59088a50,5d7f28a6-2a2a-4333-aa06-48edfb652f86,Pošta,69
48507e1a-32df-4552-9448-3b345760b75f,454817d3-3750-49c7-994c-14d06fd2c634,N/A,N/A,660
6459bd02-d8f8-413e-9402-10b916f09a4f,e786b2df-34ed-4246-832e-7c3d538ac1f4,c87db9be-1fba-4102-a743-0ee4317dd5af,Bavarski dvor,203
81f21fc1-3bd2-4d2a-b563-2d063479c68e,eb165f50-9c43-4b09-9658-469a16d3dc83,c87db9be-1fba-4102-a743-0ee4317dd5af,Bavarski dvor,219
98b60d07-8054-441a-be44-be7aa24f4253,05643914-8ff7-4064-8737-2761d44a083f,295616c0-387b-4f60-a337-7743cd6be04e,Bavarski dvor,305
609f0950-bb8c-4eaf-a931-8575b8aff1ac,77dcd833-fa4d-4c5a-93b1-31284942e61d,7bcbdcaa-00b9-47d4-8982-09da26cd7bcb,Zaloška,338
0be237aa-4b91-4d2b-ac23-0cebac975a0d,db13a26e-19d4-4b8a-a78a-01ef25d58834,a719a87c-4e93-4387-a6d1-2631a487f7e0,Ajdovščina,15
47a3bd8a-72ae-4e20-b43f-10bfaf49012c,3c6ebf90-c611-4535-b2b0-22fba3f7649a,b59656a4-b6e7-4b87-977c-078c59088a50,Hajdrihova,27
7fad8003-fb10-489d-bf8d-6d433310ad90,eb165f50-9c43-4b09-9658-469a16d3dc83,c87db9be-1fba-4102-a743-0ee4317dd5af,Bavarski dvor,107
277bc73c-e61d-4046-bcfd-31d6161c568e,3fbf6322-fb74-4a50-a81a-bfca73abc26b,5de84f88-3f32-4636-8c30-03cc267ecf37,Podvozna pot,251
2f874852-bc80-4ff3-b6bf-a914e31251c8,f33b721f-a8a3-4aad-96f2-077da09ebaa6,1ce1c3a8-e0f6-4f90-b1aa-1448759d8b3c,Astra,265
379bc761-04b5-4227-be76-3b870fe3e69f,c87db9be-1fba-4102-a743-0ee4317dd5af,5d7f28a6-2a2a-4333-aa06-48edfb652f86,Pošta,174
59ee5f7d-476b-4958-a922-2040a9308f3b,271db19a-744b-41a0-869d-0c3e0e2cb6bf,N/A,N/A,660
21764d19-62cc-49fd-bac9-403aeac6a6b9,1e157c31-d34d-4c2e-91b4-8c000c88f6dd,f33b721f-a8a3-4aad-96f2-077da09ebaa6,Razstavišče,273
ab987eb0-c970-4577-8db9-0cd507a6cab6,023d7b7a-b411-4e61-8746-b07f9e5c8f90,295616c0-387b-4f60-a337-7743cd6be04e,Bavarski dvor,103
6559d555-672b-4633-8a81-0ae68fb963eb,47637057-8d6a-4cf9-bd56-3ac90748fcc4,5de84f88-3f32-4636-8c30-03cc267ecf37,Podvozna pot,88
dfde6478-02b5-471b-a470-29cb0e84542f,12304b99-9a07-485a-a101-eaca90495d48,f33b721f-a8a3-4aad-96f2-077da09ebaa6,Razstavišče,399
7310c006-62b8-4f94-bb9c-d5c26cb3faad,eb165f50-9c43-4b09-9658-469a16d3dc83,fef200e9-4d98-425b-ab14-8110e2aa85d7,Drama,36
47a3bd8a-72ae-4e20-b43f-10bfaf49012c,f2b27cbd-5207-4281-8f67-6369d0c50a9b,c5ec5e81-2ce4-452d-bd7a-595de4f8b34f,Prušnikova,14
9746f277-af08-4cce-92fa-41da5eca8ac2,ef31a8be-b01d-44cd-95cf-3db8e918af26,fef200e9-4d98-425b-ab14-8110e2aa85d7,Drama,297
9746f277-af08-4cce-92fa-41da5eca8ac2,7c149b59-2bc6-45cb-95c8-69e18a0db627,fef200e9-4d98-425b-ab14-8110e2aa85d7,Drama,11
6a89c110-a0f8-4b1a-87f0-33f49c0a658e,e786b2df-34ed-4246-832e-7c3d538ac1f4,fef200e9-4d98-425b-ab14-8110e2aa85d7,Drama,111
f4cfd904-bd11-4247-95df-32c4555a930f,6459bd02-d8f8-413e-9402-10b916f09a4f,717dda7e-d793-4697-8f60-b64ee8b1edc4,Gosposvetska,48
5cc8a08d-c0af-491f-9a9c-b8b4f5f23bc0,8589e5d1-21b4-4210-ad7a-4bf91f9a715d,c87db9be-1fba-4102-a743-0ee4317dd5af,Bavarski dvor,325
9bd3ee10-bc61-44e8-8cf3-a37cffd54da0,ef31a8be-b01d-44cd-95cf-3db8e918af26,a719a87c-4e93-4387-a6d1-2631a487f7e0,Ajdovščina,185
9cfac7e2-9653-4e52-a6d3-27756d27f817,e786b2df-34ed-4246-832e-7c3d538ac1f4,a719a87c-4e93-4387-a6d1-2631a487f7e0,Ajdovščina,114
80c65758-5f25-4003-8d55-10ff96fe8310,38b3abed-0592-407b-96c3-85a026f2e192,a0e0a21b-b8ce-4d76-bbc2-04e179367fee,Šola Jarše,399
1035c6f7-304e-4329-a3b2-4eb5d985a577,1eadcdb9-60cd-47c9-8eec-527c3465a685,f33b721f-a8a3-4aad-96f2-077da09ebaa6,Razstavišče,38
6182f8e8-c45e-4606-b4a4-d909bd44d2cc,2ec182e2-769f-427f-b9b5-c4118890cb96,c87db9be-1fba-4102-a743-0ee4317dd5af,Bavarski dvor,377
d98335a0-1291-4d4c-be62-16b11c356575,1e157c31-d34d-4c2e-91b4-8c000c88f6dd,7fa32ea0-e884-435a-a81c-51bbd5cedf3e,Zaloška,19
eb165f50-9c43-4b09-9658-469a16d3dc83,ab987eb0-c970-4577-8db9-0cd507a6cab6,c87db9be-1fba-4102-a743-0ee4317dd5af,Bavarski dvor,39
f14a6236-8af2-47bf-9270-432377662a63,4d216485-ef41-45e7-9182-0c254644955c,a719a87c-4e93-4387-a6d1-2631a487f7e0,Ajdovščina,246
295616c0-387b-4f60-a337-7743cd6be04e,1505c6fe-6080-424e-98d1-24c312cfacf3,a719a87c-4e93-4387-a6d1-2631a487f7e0,Ajdovščina,391
a0b1fb90-3f6a-4231-910a-18be192ac762,5de84f88-3f32-4636-8c30-03cc267ecf37,f33b721f-a8a3-4aad-96f2-077da09ebaa6,Razstavišče,183
9746f277-af08-4cce-92fa-41da5eca8ac2,9e109242-5aad-4fb7-b0c8-576eef8aa4e0,fef200e9-4d98-425b-ab14-8110e2aa85d7,Drama,159
98fa3880-5936-4ec8-ba04-39c7ff9a0e6a,7484317c-269f-425f-8118-23eedab4e5f1,295616c0-387b-4f60-a337-7743cd6be04e,Bavarski dvor,32
ecc4ae87-ae08-4b94-995c-452fdd94df7f,1dc99fbb-5496-4aab-a4b6-32e653ccc789,484b5c91-1220-43ba-af79-84e712fcc46b,Slovenija avto,387
e6f5183b-c615-4f47-b4fb-204ee070e825,9a14b0ec-f13a-46f0-8c4f-07d8b99241e2,7fad8003-fb10-489d-bf8d-6d433310ad90,Nove Jarše,139
38b3abed-0592-407b-96c3-85a026f2e192,05643914-8ff7-4064-8737-2761d44a083f,093afa81-b65f-4182-bac3-afbc00558a9b,Koseze,77
7310c006-62b8-4f94-bb9c-d5c26cb3faad,52e5adea-e194-4fc1-809c-1d6421f8f8db,fef200e9-4d98-425b-ab14-8110e2aa85d7,Drama,629
2388ce1f-c947-42d7-97f3-e01a7254c933,923bd774-0651-4e0a-8624-3acfb7ecd5ff,N/A,N/A,660
1e157c31-d34d-4c2e-91b4-8c000c88f6dd,47a3bd8a-72ae-4e20-b43f-10bfaf49012c,98fa3880-5936-4ec8-ba04-39c7ff9a0e6a,Stara cerkev,299
88cdd36c-03d2-4374-a22f-110dd9f75ea0,8eeea585-6168-45b8-a5d4-336e61826043,9cfac7e2-9653-4e52-a6d3-27756d27f817,Kino Šiška,293
1dc99fbb-5496-4aab-a4b6-32e653ccc789,21764d19-62cc-49fd-bac9-403aeac6a6b9,717c914e-f928-4671-95f6-26c1ddb95799,Cesta v Gorice,380
7bcbdcaa-00b9-47d4-8982-09da26cd7bcb,0dc86a8f-0f41-44c7-978c-e06cb63cbbcf,a719a87c-4e93-4387-a6d1-2631a487f7e0,Ajdovščina,325
f4cfd904-bd11-4247-95df-32c4555a930f,c22879e5-8e90-4540-9a74-5f139208e492,295616c0-387b-4f60-a337-7743cd6be04e,Bavarski dvor,123
ac3afe7d-a2b3-4d5d-9e6a-1d2412a3bc70,4d216485-ef41-45e7-9182-0c254644955c,c87db9be-1fba-4102-a743-0ee4317dd5af,Bavarski dvor,205
ab987eb0-c970-4577-8db9-0cd507a6cab6,592b37eb-8255-4758-ae8a-7cef98521013,484b5c91-1220-43ba-af79-84e712fcc46b,Slovenija avto,121
295616c0-387b-4f60-a337-7743cd6be04e,4e8ccfa1-b58c-4ee1-ad82-2e8a645071f3,a0b1fb90-3f6a-4231-910a-18be192ac762,Flajšmanova,336
ac3afe7d-a2b3-4d5d-9e6a-1d2412a3bc70,ac3afe7d-a2b3-4d5d-9e6a-1d2412a3bc70,484b5c91-1220-43ba-af79-84e712fcc46b,Slovenija avto,1
6edebb46-d04f-45c4-99a4-100f7f0b2660,2388ce1f-c947-42d7-97f3-e01a7254c933,N/A,N/A,660
86a75ffc-a78f-401f-8991-2eb0371417b2,bc66f88b-1412-44cb-b921-030d27335261,a719a87c-4e93-4387-a6d1-2631a487f7e0,Ajdovščina,517
8512e1be-4637-483b-a3e6-78ccc6d2c5b1,1505c6fe-6080-424e-98d1-24c312cfacf3,295616c0-387b-4f60-a337-7743cd6be04e,Bavarski dvor,50
c297ac70-8f43-4fbc-a8a4-366ddb883a8d,91fb6c6e-49cf-49d3-97d4-6ae228f9bfa1,7fad8003-fb10-489d-bf8d-6d433310ad90,Nove Jarše,38
2f18bcfa-6189-4de4-b06f-132d3392e7d6,6459bd02-d8f8-413e-9402-10b916f09a4f,223f660b-c391-4120-bf3c-7bf06781686b,Tovorni kolodvor,132
6edebb46-d04f-45c4-99a4-100f7f0b2660,5cc8a08d-c0af-491f-9a9c-b8b4f5f23bc0,023d7b7a-b411-4e61-8746-b07f9e5c8f90,Ambrožev trg,274
a719a87c-4e93-4387-a6d1-2631a487f7e0,f33b721f-a8a3-4aad-96f2-077da09ebaa6,7bcbdcaa-00b9-47d4-8982-09da26cd7bcb,Zaloška,531
96d4c75b-6452-4c70-a31e-c234262ba38b,1b3ddeca-a066-43ee-9ae5-8339628129c2,295616c0-387b-4f60-a337-7743cd6be04e,Bavarski dvor,78
f15ddf31-fc11-41ba-988d-376c83e38f58,38b3abed-0592-407b-96c3-85a026f2e192,N/A,N/A,660
8512e1be-4637-483b-a3e6-78ccc6d2c5b1,5cc8a08d-c0af-491f-9a9c-b8b4f5f23bc0,a719a87c-4e93-4387-a6d1-2631a487f7e0,Ajdovščina,280
59ee5f7d-476b-4958-a922-2040a9308f3b,0be237aa-4b91-4d2b-ac23-0cebac975a0d,f33b721f-a8a3-4aad-96f2-077da09ebaa6,Razstavišče,76
bc66f88b-1412-44cb-b921-030d27335261,8eeea585-6168-45b8-a5d4-336e61826043,c22879e5-8e90-4540-9a74-5f139208e492,Friškovec,128
2388ce1f-c947-42d7-97f3-e01a7254c933,e9d9f622-7394-4c5c-9031-a41855a64aa7,N/A,N/A,660
6a89c110-a0f8-4b1a-87f0-33f49c0a658e,d4c51b31-46fd-4da8-ba15-8068e666d483,4ca7ae7e-380b-45e3-81de-00ffab5bb531,Yulon,146
c22879e5-8e90-4540-9a74-5f139208e492,ecc4ae87-ae08-4b94-995c-452fdd94df7f,6a89c110-a0f8-4b1a-87f0-33f49c0a658e,Šola Jarše,15
b59656a4-b6e7-4b87-977c-078c59088a50,1e157c31-d34d-4c2e-91b4-8c000c88f6dd,48b163cd-b819-4849-aee1-8b1da77657ab,Šentvid,390
6559d555-672b-4633-8a81-0ae68fb963eb,8c7fa045-888b-46d0-8189-6f82623bf481,6a89c110-a0f8-4b1a-87f0-33f49c0a658e,Šola Jarše,99
cee2862b-9b70-4880-8fa3-16c6d2efae1b,8598b85d-3e1d-4767-b72f-0c209038841f,769b7bc7-4f95-4bb2-9c99-37ba8e8b4bd5,D. MOST P+R,284
c87db9be-1fba-4102-a743-0ee4317dd5af,c22879e5-8e90-4540-9a74-5f139208e492,7fad8003-fb10-489d-bf8d-6d433310ad90,Nove Jarše,138
9e109242-5aad-4fb7-b0c8-576eef8aa4e0,9bd3ee10-bc61-44e8-8cf3-a37cffd54da0,c87db9be-1fba-4102-a743-0ee4317dd5af,Bavarski dvor,29
6bd46cb7-9e5d-453a-878a-bcc38fb2a5f2,aa42017d-812a-4175-bc9b-0fec03b18931,c87db9be-1fba-4102-a743-0ee4317dd5af,Bavarski dvor,218
bc66f88b-1412-44cb-b921-030d27335261,8c7fa045-888b-46d0-8189-6f82623bf481,a719a87c-4e93-4387-a6d1-2631a487f7e0,Ajdovščina,403
5d7f28a6-2a2a-4333-aa06-48edfb652f86,8589e5d1-21b4-4210-ad7a-4bf91f9a715d,77dcd833-fa4d-4c5a-93b1-31284942e61d,Šišenska,45
25cde952-4896-4977-b229-75e09b3e3661,f33b721f-a8a3-4aad-96f2-077da09ebaa6,5de84f88-3f32-4636-8c30-03cc267ecf37,Podvozna pot,71
7fa32ea0-e884-435a-a81c-51bbd5cedf3e,7310c006-62b8-4f94-bb9c-d5c26cb3faad,fef200e9-4d98-425b-ab14-8110e2aa85d7,Drama,51
1b3ddeca-a066-43ee-9ae5-8339628129c2,1e157c31-d34d-4c2e-91b4-8c000c88f6dd,484b5c91-1220-43ba-af79-84e712fcc46b,Slovenija avto,211
4d216485-ef41-45e7-9182-0c254644955c,e6f5183b-c615-4f47-b4fb-204ee070e825,7fa32ea0-e884-435a-a81c-51bbd5cedf3e,Zaloška,168
6559d555-672b-4633-8a81-0ae68fb963eb,454817d3-3750-49c7-994c-14d06fd2c634,7fa32ea0-e884-435a-a81c-51bbd5cedf3e,Zaloška,22
6182f8e8-c45e-4606-b4a4-d909bd44d2cc,86a75ffc-a78f-401f-8991-2eb0371417b2,5d7f28a6-2a2a-4333-aa06-48edfb652f86,Pošta,20
52e5adea-e194-4fc1-809c-1d6421f8f8db,a7094427-e180-4deb-acaf-5d4488326e9e,7eb88e01-82e9-4af4-84d0-69c6ea9dc82c,Kolodvor,19
1eadcdb9-60cd-47c9-8eec-527c3465a685,1ce1c3a8-e0f6-4f90-b1aa-1448759d8b3c,a719a87c-4e93-4387-a6d1-2631a487f7e0,Ajdovščina,386
7bcbdcaa-00b9-47d4-8982-09da26cd7bcb,2f874852-bc80-4ff3-b6bf-a914e31251c8,7fa32ea0-e884-435a-a81c-51bbd5cedf3e,Zaloška,4
7fad8003-fb10-489d-bf8d-6d433310ad90,ecc4ae87-ae08-4b94-995c-452fdd94df7f,295616c0-387b-4f60-a337-7743cd6be04e,Bavarski dvor,552
9746f277-af08-4cce-92fa-41da5eca8ac2,a7094427-e180-4deb-acaf-5d4488326e9e,c87db9be-1fba-4102-a743-0ee4317dd5af,Bavarski dvor,47
a7094427-e180-4deb-acaf-5d4488326e9e,5cc8a08d-c0af-491f-9a9c-b8b4f5f23bc0,7fa32ea0-e884-435a-a81c-51bbd5cedf3e,Zaloška,4
1035c6f7-304e-4329-a3b2-4eb5d985a577,1e157c31-d34d-4c2e-91b4-8c000c88f6dd,a0b1fb90-3f6a-4231-910a-18be192ac762,Flajšmanova,96
0b4a072e-6c2d-4c71-ab80-2b7142df81de,4038e02e-f22f-4af0-ba4f-7aab855b53af,c87db9be-1fba-4102-a743-0ee4317dd5af,Bavarski dvor,507
c87db9be-1fba-4102-a743-0ee4317dd5af,f15ddf31-fc11-41ba-988d-376c83e38f58,7310c006-62b8-4f94-bb9c-d5c26cb3faad,Polje,78
a0e0a21b-b8ce-4d76-bbc2-04e179367fee,717dda7e-d793-4697-8f60-b64ee8b1edc4,454817d3-3750-49c7-994c-14d06fd2c634,Žale,28
923bd774-0651-4e0a-8624-3acfb7ecd5ff,96d4c75b-6452-4c70-a31e-c234262ba38b,f33b721f-a8a3-4aad-96f2-077da09ebaa6,Razstavišče,223
e0bcd677-6012-4c90-a884-44dffafdffec,6a89c110-a0f8-4b1a-87f0-33f49c0a658e,f33b721f-a8a3-4aad-96f2-077da09ebaa6,Razstavišče,55
7310c006-62b8-4f94-bb9c-d5c26cb3faad,86a75ffc-a78f-401f-8991-2eb0371417b2,98fa3880-5936-4ec8-ba04-39c7ff9a0e6a,Stara cerkev,57
6edebb46-d04f-45c4-99a4-100f7f0b2660,9b0074d2-2c92-4c01-830b-00be8e05b412,fef200e9-4d98-425b-ab14-8110e2aa85d7,Drama,291
47637057-8d6a-4cf9-bd56-3ac90748fcc4,1035c6f7-304e-4329-a3b2-4eb5d985a577,cdabf1ea-b04c-480a-8359-72c46e6864ab,Bežigrad,131
88cdd36c-03d2-4374-a22f-110dd9f75ea0,c627c9f2-af02-4d83-969a-566719bb09e3,484b5c91-1220-43ba-af79-84e712fcc46b,Slovenija avto,51
6edebb46-d04f-45c4-99a4-100f7f0b2660,4d216485-ef41-45e7-9182-0c254644955c,98fa3880-5936-4ec8-ba04-39c7ff9a0e6a,Stara cerkev,260
81f21fc1-3bd2-4d2a-b563-2d063479c68e,6c56976b-4ae1-429f-bcab-0cfc37e3580d,48b163cd-b819-4849-aee1-8b1da77657ab,Šentvid,180
21764d19-62cc-49fd-bac9-403aeac6a6b9,5d7f28a6-2a2a-4333-aa06-48edfb652f86,5d7f28a6-2a2a-4333-aa06-48edfb652f86,Pošta,282
98b60d07-8054-441a-be44-be7aa24f4253,c0ff37c8-ac6c-4284-ad32-0ad29fd30dc2,484b5c91-1220-43ba-af79-84e712fcc46b,Slovenija avto,3
fef200e9-4d98-425b-ab14-8110e2aa85d7,609f0950-bb8c-4eaf-a931-8575b8aff1ac,98fa3880-5936-4ec8-ba04-39c7ff9a0e6a,Stara cerkev,35
59ee5f7d-476b-4958-a922-2040a9308f3b,923bd774-0651-4e0a-8624-3acfb7ecd5ff,98fa3880-5936-4ec8-ba04-39c7ff9a0e6a,Stara cerkev,193
1b3ddeca-a066-43ee-9ae5-8339628129c2,cee2862b-9b70-4880-8fa3-16c6d2efae1b,295616c0-387b-4f60-a337-7743cd6be04e,Bavarski dvor,54
717dda7e-d793-4697-8f60-b64ee8b1edc4,484b5c91-1220-43ba-af79-84e712fcc46b,484b5c91-1220-43ba-af79-84e712fcc46b,Slovenija avto,130
6edebb46-d04f-45c4-99a4-100f7f0b2660,2ec182e2-769f-427f-b9b5-c4118890cb96,7fad8003-fb10-489d-bf8d-6d433310ad90,Nove Jarše,102
7484317c-269f-425f-8118-23eedab4e5f1,fef200e9-4d98-425b-ab14-8110e2aa85d7,c87db9be-1fba-4102-a743-0ee4317dd5af,Bavarski dvor,214
a719a87c-4e93-4387-a6d1-2631a487f7e0,a719a87c-4e93-4387-a6d1-2631a487f7e0,9746f277-af08-4cce-92fa-41da5eca8ac2,BERIČEVO,61
59ee5f7d-476b-4958-a922-2040a9308f3b,47637057-8d6a-4cf9-bd56-3ac90748fcc4,1ce1c3a8-e0f6-4f90-b1aa-1448759d8b3c,Astra,479
294c40c4-18e4-4d92-a947-911a8623de89,6a89c110-a0f8-4b1a-87f0-33f49c0a658e,a719a87c-4e93-4387-a6d1-2631a487f7e0,Ajdovščina,224
7fad8003-fb10-489d-bf8d-6d433310ad90,5cc8a08d-c0af-491f-9a9c-b8b4f5f23bc0,f2b27cbd-5207-4281-8f67-6369d0c50a9b,Kodrova,1
0b4a072e-6c2d-4c71-ab80-2b7142df81de,96d4c75b-6452-4c70-a31e-c234262ba38b,7fa32ea0-e884-435a-a81c-51bbd5cedf3e,Zaloška,217
eb165f50-9c43-4b09-9658-469a16d3dc83,1b3ddeca-a066-43ee-9ae5-8339628129c2,c87db9be-1fba-4102-a743-0ee4317dd5af,Bavarski dvor,21
58db973d-ecbb-4aa6-a56c-c26aaff7f263,7eb88e01-82e9-4af4-84d0-69c6ea9dc82c,5d7f28a6-2a2a-4333-aa06-48edfb652f86,Pošta,257
dfde6478-02b5-471b-a470-29cb0e84542f,d4c51b31-46fd-4da8-ba15-8068e666d483,98fa3880-5936-4ec8-ba04-39c7ff9a0e6a,Stara cerkev,204
e9382efd-d64d-46b0-9a7d-a4e6a0188725,c22879e5-8e90-4540-9a74-5f139208e492,7fa32ea0-e884-435a-a81c-51bbd5cedf3e,Zaloška,75
f2b27cbd-5207-4281-8f67-6369d0c50a9b,717c914e-f928-4671-95f6-26c1ddb95799,c87db9be-1fba-4102-a743-0ee4317dd5af,Bavarski dvor,56
6559d555-672b-4633-8a81-0ae68fb963eb,db13a26e-19d4-4b8a-a78a-01ef25d58834,f2b27cbd-5207-4281-8f67-6369d0c50a9b,Kodrova,79
7c149b59-2bc6-45cb-95c8-69e18a0db627,1505c6fe-6080-424e-98d1-24c312cfacf3,295616c0-387b-4f60-a337-7743cd6be04e,Bavarski dvor,247
0be237aa-4b91-4d2b-ac23-0cebac975a0d,dfde6478-02b5-471b-a470-29cb0e84542f,38b3abed-0592-407b-96c3-85a026f2e192,Dalmatinova,36
7eb88e01-82e9-4af4-84d0-69c6ea9dc82c,6bd46cb7-9e5d-453a-878a-bcc38fb2a5f2,295616c0-387b-4f60-a337-7743cd6be04e,Bavarski dvor,125
05643914-8ff7-4064-8737-2761d44a083f,6559d555-672b-4633-8a81-0ae68fb963eb,5d7f28a6-2a2a-4333-aa06-48edfb652f86,Pošta,84
bc66f88b-1412-44cb-b921-030d27335261,6a89c110-a0f8-4b1a-87f0-33f49c0a658e,f33b721f-a8a3-4aad-96f2-077da09ebaa6,Razstavišče,78
96d4c75b-6452-4c70-a31e-c234262ba38b,1eadcdb9-60cd-47c9-8eec-527c3465a685,5d7f28a6-2a2a-4333-aa06-48edfb652f86,Pošta,223
f4cfd904-bd11-4247-95df-32c4555a930f,a0b1fb90-3f6a-4231-910a-18be192ac762,21764d19-62cc-49fd-bac9-403aeac6a6b9,Ježica,81
86a75ffc-a78f-401f-8991-2eb0371417b2,1e157c31-d34d-4c2e-91b4-8c000c88f6dd,c87db9be-1fba-4102-a743-0ee4317dd5af,Bavarski dvor,41
59ee5f7d-476b-4958-a922-2040a9308f3b,9746f277-af08-4cce-92fa-41da5eca8ac2,fef200e9-4d98-425b-ab14-8110e2aa85d7,Drama,300
ab987eb0-c970-4577-8db9-0cd507a6cab6,86a75ffc-a78f-401f-8991-2eb0371417b2,6bd46cb7-9e5d-453a-878a-bcc38fb2a5f2,Sava,14
277bc73c-e61d-4046-bcfd-31d6161c568e,bc66f88b-1412-44cb-b921-030d27335261,fef200e9-4d98-425b-ab14-8110e2aa85d7,Drama,227
9cfac7e2-9653-4e52-a6d3-27756d27f817,25cde952-4896-4977-b229-75e09b3e3661,c87db9be-1fba-4102-a743-0ee4317dd5af,Bavarski dvor,224
1ce1c3a8-e0f6-4f90-b1aa-1448759d8b3c,48b163cd-b819-4849-aee1-8b1da77657ab,c87db9be-1fba-4102-a743-0ee4317dd5af,Bavarski dvor,38
d4c51b31-46fd-4da8-ba15-8068e666d483,a0e0a21b-b8ce-4d76-bbc2-04e179367fee,9cfac7e2-9653-4e52-a6d3-27756d27f817,Kino Šiška,7
2f874852-bc80-4ff3-b6bf-a914e31251c8,59ee5f7d-476b-4958-a922-2040a9308f3b,c87db9be-1fba-4102-a743-0ee4317dd5af,Bavarski dvor,37
2f18bcfa-6189-4de4-b06f-132d3392e7d6,9746f277-af08-4cce-92fa-41da5eca8ac2,717dda7e-d793-4697-8f60-b64ee8b1edc4,Gosposvetska,84
91fb6c6e-49cf-49d3-97d4-6ae228f9bfa1,f4cfd904-bd11-4247-95df-32c4555a930f,ef31a8be-b01d-44cd-95cf-3db8e918af26,Emona,4
1b3ddeca-a066-43ee-9ae5-8339628129c2,454817d3-3750-49c7-994c-14d06fd2c634,c87db9be-1fba-4102-a743-0ee4317dd5af,Bavarski dvor,4
80c65758-5f25-4003-8d55-10ff96fe8310,35aedf45-cca3-4f2f-931b-138d29d20fe9,5d7f28a6-2a2a-4333-aa06-48edfb652f86,Pošta,49
aa42017d-812a-4175-bc9b-0fec03b18931,a0b1fb90-3f6a-4231-910a-18be192ac762,cdabf1ea-b04c-480a-8359-72c46e6864ab,Bežigrad,30
e468b92f-fa4a-4819-bb11-37761deaf4ca,cee2862b-9b70-4880-8fa3-16c6d2efae1b,c87db9be-1fba-4102-a743-0ee4317dd5af,Bavarski dvor,563
c0ff37c8-ac6c-4284-ad32-0ad29fd30dc2,1b3ddeca-a066-43ee-9ae5-8339628129c2,4ca7ae7e-380b-45e3-81de-00ffab5bb531,Yulon,92
8512e1be-4637-483b-a3e6-78ccc6d2c5b1,05643914-8ff7-4064-8737-2761d44a083f,98fa3880-5936-4ec8-ba04-39c7ff9a0e6a,Stara cerkev,56
a0e0a21b-b8ce-4d76-bbc2-04e179367fee,d4c51b31-46fd-4da8-ba15-8068e666d483,fef200e9-4d98-425b-ab14-8110e2aa85d7,Drama,36
f15ddf31-fc11-41ba-988d-376c83e38f58,1dc99fbb-5496-4aab-a4b6-32e653ccc789,295616c0-387b-4f60-a337-7743cd6be04e,Bavarski dvor,184
98fa3880-5936-4ec8-ba04-39c7ff9a0e6a,8589e5d1-21b4-4210-ad7a-4bf91f9a715d,a719a87c-4e93-4387-a6d1-2631a487f7e0,Ajdovščina,306
5d7f28a6-2a2a-4333-aa06-48edfb652f86,e6f5183b-c615-4f47-b4fb-204ee070e825,295616c0-387b-4f60-a337-7743cd6be04e,Bavarski dvor,500
ecc4ae87-ae08-4b94-995c-452fdd94df7f,c5ec5e81-2ce4-452d-bd7a-595de4f8b34f,c87db9be-1fba-4102-a743-0ee4317dd5af,Bavarski dvor,142
e9382efd-d64d-46b0-9a7d-a4e6a0188725,3edd6057-3847-4c42-b8ec-6e89ff95793a,N/A,N/A,660
cdabf1ea-b04c-480a-8359-72c46e6864ab,717dda7e-d793-4697-8f60-b64ee8b1edc4,ac3afe7d-a2b3-4d5d-9e6a-1d2412a3bc70,Litostrojska,7
e0bcd677-6012-4c90-a884-44dffafdffec,a0e0a21b-b8ce-4d76-bbc2-04e179367fee,a719a87c-4e93-4387-a6d1-2631a487f7e0,Ajdovščina,116
c22879e5-8e90-4540-9a74-5f139208e492,91fb6c6e-49cf-49d3-97d4-6ae228f9bfa1,b59656a4-b6e7-4b87-977c-078c59088a50,Hajdrihova,274
ab987eb0-c970-4577-8db9-0cd507a6cab6,a2f479c6-4c21-4923-b4ac-86f752507cee,N/A,N/A,660
9a14b0ec-f13a-46f0-8c4f-07d8b99241e2,bc66f88b-1412-44cb-b921-030d27335261,a2ce7e6f-0f99-443a-a973-81a0b9c60261,Astra,70
80c65758-5f25-4003-8d55-10ff96fe8310,1b0f629f-acdb-4e94-8c54-018f4334ebf7,717dda7e-d793-4697-8f60-b64ee8b1edc4,Gosposvetska,262
9a14b0ec-f13a-46f0-8c4f-07d8b99241e2,aa42017d-812a-4175-bc9b-0fec03b18931,5d7f28a6-2a2a-4333-aa06-48edfb652f86,Pošta,550
eb165f50-9c43-4b09-9658-469a16d3dc83,59ee5f7d-476b-4958-a922-2040a9308f3b,717dda7e-d793-4697-8f60-b64ee8b1edc4,Gosposvetska,6
0b4a072e-6c2d-4c71-ab80-2b7142df81de,a2ce7e6f-0f99-443a-a973-81a0b9c60261,c87db9be-1fba-4102-a743-0ee4317dd5af,Bavarski dvor,94
8598b85d-3e1d-4767-b72f-0c209038841f,6559d555-672b-4633-8a81-0ae68fb963eb,fef200e9-4d98-425b-ab14-8110e2aa85d7,Drama,137
4d216485-ef41-45e7-9182-0c254644955c,4038e02e-f22f-4af0-ba4f-7aab855b53af,fef200e9-4d98-425b-ab14-8110e2aa85d7,Drama,81
1e157c31-d34d-4c2e-91b4-8c000c88f6dd,4038e02e-f22f-4af0-ba4f-7aab855b53af,c87db9be-1fba-4102-a743-0ee4317dd5af,Bavarski dvor,308
a0b1fb90-3f6a-4231-910a-18be192ac762,223f660b-c391-4120-bf3c-7bf06781686b,5d7f28a6-2a2a-4333-aa06-48edfb652f86,Pošta,72
52e5adea-e194-4fc1-809c-1d6421f8f8db,ecc4ae87-ae08-4b94-995c-452fdd94df7f,609f0950-bb8c-4eaf-a931-8575b8aff1ac,Savske stolpnice,91
223f660b-c391-4120-bf3c-7bf06781686b,8eeea585-6168-45b8-a5d4-336e61826043,c87db9be-1fba-4102-a743-0ee4317dd5af,Bavarski dvor,308
592b37eb-8255-4758-ae8a-7cef98521013,59ee5f7d-476b-4958-a922-2040a9308f3b,f33b721f-a8a3-4aad-96f2-077da09ebaa6,Razstavišče,27
8589e5d1-21b4-4210-ad7a-4bf91f9a715d,48507e1a-32df-4552-9448-3b345760b75f,5d7f28a6-2a2a-4333-aa06-48edfb652f86,Pošta,21
c297ac70-8f43-4fbc-a8a4-366ddb883a8d,ab987eb0-c970-4577-8db9-0cd507a6cab6,fef200e9-4d98-425b-ab14-8110e2aa85d7,Drama,75
454817d3-3750-49c7-994c-14d06fd2c634,c22879e5-8e90-4540-9a74-5f139208e492,295616c0-387b-4f60-a337-7743cd6be04e,Bavarski dvor,50
eb165f50-9c43-4b09-9658-469a16d3dc83,5de6ff80-1352-43df-b5ec-1df59f2f492b,fef200e9-4d98-425b-ab14-8110e2aa85d7,Drama,321
05643914-8ff7-4064-8737-2761d44a083f,5d7f28a6-2a2a-4333-aa06-48edfb652f86,c87db9be-1fba-4102-a743-0ee4317dd5af,Bavarski dvor,162
5d7f28a6-2a2a-4333-aa06-48edfb652f86,48b163cd-b819-4849-aee1-8b1da77657ab,21764d19-62cc-49fd-bac9-403aeac6a6b9,Ježica,51
609f0950-bb8c-4eaf-a931-8575b8aff1ac,9bd3ee10-bc61-44e8-8cf3-a37cffd54da0,f2b27cbd-5207-4281-8f67-6369d0c50a9b,Kodrova,201
e468b92f-fa4a-4819-bb11-37761deaf4ca,12304b99-9a07-485a-a101-eaca90495d48,2f18bcfa-6189-4de4-b06f-132d3392e7d6,Besnica,1
5cc8a08d-c0af-491f-9a9c-b8b4f5f23bc0,d4c51b31-46fd-4da8-ba15-8068e666d483,295616c0-387b-4f60-a337-7743cd6be04e,Bavarski dvor,141
277bc73c-e61d-4046-bcfd-31d6161c568e,cee2862b-9b70-4880-8fa3-16c6d2efae1b,717dda7e-d793-4697-8f60-b64ee8b1edc4,Gosposvetska,146
81f21fc1-3bd2-4d2a-b563-2d063479c68e,7eb88e01-82e9-4af4-84d0-69c6ea9dc82c,cdabf1ea-b04c-480a-8359-72c46e6864ab,Bežigrad,262
1035c6f7-304e-4329-a3b2-4eb5d985a577,58db973d-ecbb-4aa6-a56c-c26aaff7f263,c87db9be-1fba-4102-a743-0ee4317dd5af,Bavarski dvor,61
717dda7e-d793-4697-8f60-b64ee8b1edc4,81f21fc1-3bd2-4d2a-b563-2d063479c68e,5de84f88-3f32-4636-8c30-03cc267ecf37,Podvozna pot,51
3edd6057-3847-4c42-b8ec-6e89ff95793a,609f0950-bb8c-4eaf-a931-8575b8aff1ac,379bc761-04b5-4227-be76-3b870fe3e69f,Pot na Fužine,118
5d7f28a6-2a2a-4333-aa06-48edfb652f86,a7177a3d-8db2-43fb-8910-f95857f0ed97,N/A,N/A,660
4e8ccfa1-b58c-4ee1-ad82-2e8a645071f3,9746f277-af08-4cce-92fa-41da5eca8ac2,c87db9be-1fba-4102-a743-0ee4317dd5af,Bavarski dvor,180
6bd46cb7-9e5d-453a-878a-bcc38fb2a5f2,9746f277-af08-4cce-92fa-41da5eca8ac2,5d7f28a6-2a2a-4333-aa06-48edfb652f86,Pošta,21
8589e5d1-21b4-4210-ad7a-4bf91f9a715d,9b0074d2-2c92-4c01-830b-00be8e05b412,295616c0-387b-4f60-a337-7743cd6be04e,Bavarski dvor,40
023d7b7a-b411-4e61-8746-b07f9e5c8f90,47a3bd8a-72ae-4e20-b43f-10bfaf49012c,eb165f50-9c43-4b09-9658-469a16d3dc83,Kodeljevo,1
6edebb46-d04f-45c4-99a4-100f7f0b2660,9bd3ee10-bc61-44e8-8cf3-a37cffd54da0,fef200e9-4d98-425b-ab14-8110e2aa85d7,Drama,212
80c65758-5f25-4003-8d55-10ff96fe8310,2f874852-bc80-4ff3-b6bf-a914e31251c8,717dda7e-d793-4697-8f60-b64ee8b1edc4,Gosposvetska,81
1b3ddeca-a066-43ee-9ae5-8339628129c2,9a14b0ec-f13a-46f0-8c4f-07d8b99241e2,a719a87c-4e93-4387-a6d1-2631a487f7e0,Ajdovščina,133
eb165f50-9c43-4b09-9658-469a16d3dc83,77dcd833-fa4d-4c5a-93b1-31284942e61d,a719a87c-4e93-4387-a6d1-2631a487f7e0,Ajdovščina,19
cdabf1ea-b04c-480a-8359-72c46e6864ab,35aedf45-cca3-4f2f-931b-138d29d20fe9,fef200e9-4d98-425b-ab14-8110e2aa85d7,Drama,270
c0ff37c8-ac6c-4284-ad32-0ad29fd30dc2,dfde6478-02b5-471b-a470-29cb0e84542f,98fa3880-5936-4ec8-ba04-39c7ff9a0e6a,Stara cerkev,131
8512e1be-4637-483b-a3e6-78ccc6d2c5b1,4ca7ae7e-380b-45e3-81de-00ffab5bb531,c87db9be-1fba-4102-a743-0ee4317dd5af,Bavarski dvor,53
295616c0-387b-4f60-a337-7743cd6be04e,7bcbdcaa-00b9-47d4-8982-09da26cd7bcb,c87db9be-1fba-4102-a743-0ee4317dd5af,Bavarski dvor,153
dfde6478-02b5-471b-a470-29cb0e84542f,7fad8003-fb10-489d-bf8d-6d433310ad90,c87db9be-1fba-4102-a743-0ee4317dd5af,Bavarski dvor,218
f15ddf31-fc11-41ba-988d-376c83e38f58,6c56976b-4ae1-429f-bcab-0cfc37e3580d,c87db9be-1fba-4102-a743-0ee4317dd5af,Bavarski dvor,198
717dda7e-d793-4697-8f60-b64ee8b1edc4,5d7f28a6-2a2a-4333-aa06-48edfb652f86,5d7f28a6-2a2a-4333-aa06-48edfb652f86,Pošta,545
81f21fc1-3bd2-4d2a-b563-2d063479c68e,3fbf6322-fb74-4a50-a81a-bfca73abc26b,295616c0-387b-4f60-a337-7743cd6be04e,Bavarski dvor,205
21764d19-62cc-49fd-bac9-403aeac6a6b9,7fad8003-fb10-489d-bf8d-6d433310ad90,295616c0-387b-4f60-a337-7743cd6be04e,Bavarski dvor,263
3fbf6322-fb74-4a50-a81a-bfca73abc26b,6182f8e8-c45e-4606-b4a4-d909bd44d2cc,a719a87c-4e93-4387-a6d1-2631a487f7e0,Ajdovščina,73
8598b85d-3e1d-4767-b72f-0c209038841f,9a14b0ec-f13a-46f0-8c4f-07d8b99241e2,fef200e9-4d98-425b-ab14-8110e2aa85d7,Drama,483
717c914e-f928-4671-95f6-26c1ddb95799,2388ce1f-c947-42d7-97f3-e01a7254c933,N/A,N/A,660
592b37eb-8255-4758-ae8a-7cef98521013,f33b721f-a8a3-4aad-96f2-077da09ebaa6,f2b27cbd-5207-4281-8f67-6369d0c50a9b,Kodrova,104
91fb6c6e-49cf-49d3-97d4-6ae228f9bfa1,48b163cd-b819-4849-aee1-8b1da77657ab,6bd46cb7-9e5d-453a-878a-bcc38fb2a5f2,Sava,492
7eb88e01-82e9-4af4-84d0-69c6ea9dc82c,2f18bcfa-6189-4de4-b06f-132d3392e7d6,a0e0a21b-b8ce-4d76-bbc2-04e179367fee,Šola Jarše,6
48b163cd-b819-4849-aee1-8b1da77657ab,9bd3ee10-bc61-44e8-8cf3-a37cffd54da0,c5ec5e81-2ce4-452d-bd7a-595de4f8b34f,Prušnikova,53
9b0074d2-2c92-4c01-830b-00be8e05b412,88cdd36c-03d2-4374-a22f-110dd9f75ea0,a719a87c-4e93-4387-a6d1-2631a487f7e0,Ajdovščina,218
454817d3-3750-49c7-994c-14d06fd2c634,9746f277-af08-4cce-92fa-41da5eca8ac2,c87db9be-1fba-4102-a743-0ee4317dd5af,Bavarski dvor,25
6bd46cb7-9e5d-453a-878a-bcc38fb2a5f2,a7094427-e180-4deb-acaf-5d4488326e9e,023d7b7a-b411-4e61-8746-b07f9e5c8f90,Ambrožev trg,446
379bc761-04b5-4227-be76-3b870fe3e69f,f15ddf31-fc11-41ba-988d-376c83e38f58,eb165f50-9c43-4b09-9658-469a16d3dc83,Kodeljevo,25
b59656a4-b6e7-4b87-977c-078c59088a50,1dc99fbb-5496-4aab-a4b6-32e653ccc789,c87db9be-1fba-4102-a743-0ee4317dd5af,Bavarski dvor,69
e9382efd-d64d-46b0-9a7d-a4e6a0188725,0b4a072e-6c2d-4c71-ab80-2b7142df81de,a719a87c-4e93-4387-a6d1-2631a487f7e0,Ajdovščina,130
a0b1fb90-3f6a-4231-910a-18be192ac762,3c6ebf90-c611-4535-b2b0-22fba3f7649a,717dda7e-d793-4697-8f60-b64ee8b1edc4,Gosposvetska,222
4ca7ae7e-380b-45e3-81de-00ffab5bb531,6edebb46-d04f-45c4-99a4-100f7f0b2660,5d7f28a6-2a2a-4333-aa06-48edfb652f86,Pošta,103
bc66f88b-1412-44cb-b921-030d27335261,e9d9f622-7394-4c5c-9031-a41855a64aa7,295616c0-387b-4f60-a337-7743cd6be04e,Bavarski dvor,48
4d216485-ef41-45e7-9182-0c254644955c,223f660b-c391-4120-bf3c-7bf06781686b,295616c0-387b-4f60-a337-7743cd6be04e,Bavarski dvor,21
6182f8e8-c45e-4606-b4a4-d909bd44d2cc,bc66f88b-1412-44cb-b921-030d27335261,454817d3-3750-49c7-994c-14d06fd2c634,Žale,143
717dda7e-d793-4697-8f60-b64ee8b1edc4,8512e1be-4637-483b-a3e6-78ccc6d2c5b1,fef200e9-4d98-425b-ab14-8110e2aa85d7,Drama,116
6a89c110-a0f8-4b1a-87f0-33f49c0a658e,9bd3ee10-bc61-44e8-8cf3-a37cffd54da0,5d7f28a6-2a2a-4333-aa06-48edfb652f86,Pošta,158
47a3bd8a-72ae-4e20-b43f-10bfaf49012c,6c56976b-4ae1-429f-bcab-0cfc37e3580d,c87db9be-1fba-4102-a743-0ee4317dd5af,Bavarski dvor,605
38b3abed-0592-407b-96c3-85a026f2e192,a719a87c-4e93-4387-a6d1-2631a487f7e0,454817d3-3750-49c7-994c-14d06fd2c634,Žale,515
223f660b-c391-4120-bf3c-7bf06781686b,7484317c-269f-425f-8118-23eedab4e5f1,f4cfd904-bd11-4247-95df-32c4555a930f,Klinični center,527
cdabf1ea-b04c-480a-8359-72c46e6864ab,2388ce1f-c947-42d7-97f3-e01a7254c933,N/A,N/A,660
769b7bc7-4f95-4bb2-9c99-37ba8e8b4bd5,58db973d-ecbb-4aa6-a56c-c26aaff7f263,5d7f28a6-2a2a-4333-aa06-48edfb652f86,Pošta,4
59ee5f7d-476b-4958-a922-2040a9308f3b,21764d19-62cc-49fd-bac9-403aeac6a6b9,f33b721f-a8a3-4aad-96f2-077da09ebaa6,Razstavišče,102
c87db9be-1fba-4102-a743-0ee4317dd5af,3edd6057-3847-4c42-b8ec-6e89ff95793a,f2b27cbd-5207-4281-8f67-6369d0c50a9b,Kodrova,195
5cc8a08d-c0af-491f-9a9c-b8b4f5f23bc0,db13a26e-19d4-4b8a-a78a-01ef25d58834,c87db9be-1fba-4102-a743-0ee4317dd5af,Bavarski dvor,6
d4c51b31-46fd-4da8-ba15-8068e666d483,1035c6f7-304e-4329-a3b2-4eb5d985a577,5d7f28a6-2a2a-4333-aa06-48edfb652f86,Pošta,484
1505c6fe-6080-424e-98d1-24c312cfacf3,e0bcd677-6012-4c90-a884-44dffafdffec,717dda7e-d793-4697-8f60-b64ee8b1edc4,Gosposvetska,33
8598b85d-3e1d-4767-b72f-0c209038841f,2f18bcfa-6189-4de4-b06f-132d3392e7d6,fef200e9-4d98-425b-ab14-8110e2aa85d7,Drama,82
77dcd833-fa4d-4c5a-93b1-31284942e61d,98b60d07-8054-441a-be44-be7aa24f4253,c87db9be-1fba-4102-a743-0ee4317dd5af,Bavarski dvor,25
769b7bc7-4f95-4bb2-9c99-37ba8e8b4bd5,023d7b7a-b411-4e61-8746-b07f9e5c8f90,c87db9be-1fba-4102-a743-0ee4317dd5af,Bavarski dvor,187
294c40c4-18e4-4d92-a947-911a8623de89,8eeea585-6168-45b8-a5d4-336e61826043,a719a87c-4e93-4387-a6d1-2631a487f7e0,Ajdovščina,195
2f18bcfa-6189-4de4-b06f-132d3392e7d6,294c40c4-18e4-4d92-a947-911a8623de89,717dda7e-d793-4697-8f60-b64ee8b1edc4,Gosposvetska,36
769b7bc7-4f95-4bb2-9c99-37ba8e8b4bd5,8589e5d1-21b4-4210-ad7a-4bf91f9a715d,fef200e9-4d98-425b-ab14-8110e2aa85d7,Drama,16
8c7fa045-888b-46d0-8189-6f82623bf481,38b3abed-0592-407b-96c3-85a026f2e192,023d7b7a-b411-4e61-8746-b07f9e5c8f90,Ambrožev trg,1
cdabf1ea-b04c-480a-8359-72c46e6864ab,8589e5d1-21b4-4210-ad7a-4bf91f9a715d,a0e0a21b-b8ce-4d76-bbc2-04e179367fee,Šola Jarše,234
277bc73c-e61d-4046-bcfd-31d6161c568e,58db973d-ecbb-4aa6-a56c-c26aaff7f263,88cdd36c-03d2-4374-a22f-110dd9f75ea0,Kajuhova,62
717dda7e-d793-4697-8f60-b64ee8b1edc4,f2b27cbd-5207-4281-8f67-6369d0c50a9b,c87db9be-1fba-4102-a743-0ee4317dd5af,Bavarski dvor,222
aa42017d-812a-4175-bc9b-0fec03b18931,80c65758-5f25-4003-8d55-10ff96fe8310,717dda7e-d793-4697-8f60-b64ee8b1edc4,Gosposvetska,4
5de6ff80-1352-43df-b5ec-1df59f2f492b,2f18bcfa-6189-4de4-b06f-132d3392e7d6,c87db9be-1fba-4102-a743-0ee4317dd5af,Bavarski dvor,24
e468b92f-fa4a-4819-bb11-37761deaf4ca,ecc4ae87-ae08-4b94-995c-452fdd94df7f,484b5c91-1220-43ba-af79-84e712fcc46b,Slovenija avto,51
5d7f28a6-2a2a-4333-aa06-48edfb652f86,3fbf6322-fb74-4a50-a81a-bfca73abc26b,eb165f50-9c43-4b09-9658-469a16d3dc83,Kodeljevo,381
9cfac7e2-9653-4e52-a6d3-27756d27f817,7eb88e01-82e9-4af4-84d0-69c6ea9dc82c,7fad8003-fb10-489d-bf8d-6d433310ad90,Nove Jarše,38
fb7704f0-d31e-4561-83e4-621a8c62654b,717c914e-f928-4671-95f6-26c1ddb95799,c87db9be-1fba-4102-a743-0ee4317dd5af,Bavarski dvor,446
12304b99-9a07-485a-a101-eaca90495d48,a0b1fb90-3f6a-4231-910a-18be192ac762,a719a87c-4e93-4387-a6d1-2631a487f7e0,Ajdovščina,31
9cfac7e2-9653-4e52-a6d3-27756d27f817,7fa32ea0-e884-435a-a81c-51bbd5cedf3e,295616c0-387b-4f60-a337-7743cd6be04e,Bavarski dvor,51
fb7704f0-d31e-4561-83e4-621a8c62654b,ef31a8be-b01d-44cd-95cf-3db8e918af26,5d7f28a6-2a2a-4333-aa06-48edfb652f86,Pošta,644
59ee5f7d-476b-4958-a922-2040a9308f3b,e9382efd-d64d-46b0-9a7d-a4e6a0188725,c87db9be-1fba-4102-a743-0ee4317dd5af,Bavarski dvor,130
e0bcd677-6012-4c90-a884-44dffafdffec,e9d9f622-7394-4c5c-9031-a41855a64aa7,c87db9be-1fba-4102-a743-0ee4317dd5af,Bavarski dvor,109
fef200e9-4d98-425b-ab14-8110e2aa85d7,f15ddf31-fc11-41ba-988d-376c83e38f58,c87db9be-1fba-4102-a743-0ee4317dd5af,Bavarski dvor,229
271db19a-744b-41a0-869d-0c3e0e2cb6bf,4038e02e-f22f-4af0-ba4f-7aab855b53af,f33b721f-a8a3-4aad-96f2-077da09ebaa6,Razstavišče,298
05643914-8ff7-4064-8737-2761d44a083f,1b0f629f-acdb-4e94-8c54-018f4334ebf7,c22879e5-8e90-4540-9a74-5f139208e492,Friškovec,16
2388ce1f-c947-42d7-97f3-e01a7254c933,47a3bd8a-72ae-4e20-b43f-10bfaf49012c,N/A,N/A,660
769b7bc7-4f95-4bb2-9c99-37ba8e8b4bd5,8598b85d-3e1d-4767-b72f-0c209038841f,a719a87c-4e93-4387-a6d1-2631a487f7e0,Ajdovščina,176
295616c0-387b-4f60-a337-7743cd6be04e,9a14b0ec-f13a-46f0-8c4f-07d8b99241e2,5d7f28a6-2a2a-4333-aa06-48edfb652f86,Pošta,97
c297ac70-8f43-4fbc-a8a4-366ddb883a8d,e786b2df-34ed-4246-832e-7c3d538ac1f4,c22879e5-8e90-4540-9a74-5f139208e492,Friškovec,177
a719a87c-4e93-4387-a6d1-2631a487f7e0,fef200e9-4d98-425b-ab14-8110e2aa85d7,a2ce7e6f-0f99-443a-a973-81a0b9c60261,Astra,266
35aedf45-cca3-4f2f-931b-138d29d20fe9,35aedf45-cca3-4f2f-931b-138d29d20fe9,9a1c4c65-df77-481f-87ad-56143f02a864,Vižmarje,1
9cfac7e2-9653-4e52-a6d3-27756d27f817,c0ff37c8-ac6c-4284-ad32-0ad29fd30dc2,717dda7e-d793-4697-8f60-b64ee8b1edc4,Gosposvetska,199
38b3abed-0592-407b-96c3-85a026f2e192,2f18bcfa-6189-4de4-b06f-132d3392e7d6,38b3abed-0592-407b-96c3-85a026f2e192,Dalmatinova,442
b59656a4-b6e7-4b87-977c-078c59088a50,8eeea585-6168-45b8-a5d4-336e61826043,295616c0-387b-4f60-a337-7743cd6be04e,Bavarski dvor,38
6459bd02-d8f8-413e-9402-10b916f09a4f,88cdd36c-03d2-4374-a22f-110dd9f75ea0,fef200e9-4d98-425b-ab14-8110e2aa85d7,Drama,184
ef31a8be-b01d-44cd-95cf-3db8e918af26,8512e1be-4637-483b-a3e6-78ccc6d2c5b1,a719a87c-4e93-4387-a6d1-2631a487f7e0,Ajdovščina,83
58db973d-ecbb-4aa6-a56c-c26aaff7f263,1505c6fe-6080-424e-98d1-24c312cfacf3,fef200e9-4d98-425b-ab14-8110e2aa85d7,Drama,91
3c6ebf90-c611-4535-b2b0-22fba3f7649a,769b7bc7-4f95-4bb2-9c99-37ba8e8b4bd5,484b5c91-1220-43ba-af79-84e712fcc46b,Slovenija avto,131
e9382efd-d64d-46b0-9a7d-a4e6a0188725,717dda7e-d793-4697-8f60-b64ee8b1edc4,ac3afe7d-a2b3-4d5d-9e6a-1d2412a3bc70,Litostrojska,90
4e8ccfa1-b58c-4ee1-ad82-2e8a645071f3,1035c6f7-304e-4329-a3b2-4eb5d985a577,a2ce7e6f-0f99-443a-a973-81a0b9c60261,Astra,410
2f18bcfa-6189-4de4-b06f-132d3392e7d6,9e109242-5aad-4fb7-b0c8-576eef8aa4e0,023d7b7a-b411-4e61-8746-b07f9e5c8f90,Ambrožev trg,152
2388ce1f-c947-42d7-97f3-e01a7254c933,b59656a4-b6e7-4b87-977c-078c59088a50,N/A,N/A,660
5de6ff80-1352-43df-b5ec-1df59f2f492b,f15ddf31-fc11-41ba-988d-376c83e38f58,fef200e9-4d98-425b-ab14-8110e2aa85d7,Drama,52
3edd6057-3847-4c42-b8ec-6e89ff95793a,6bd46cb7-9e5d-453a-878a-bcc38fb2a5f2,7fad8003-fb10-489d-bf8d-6d433310ad90,Nove Jarše,50
454817d3-3750-49c7-994c-14d06fd2c634,47a3bd8a-72ae-4e20-b43f-10bfaf49012c,1ce1c3a8-e0f6-4f90-b1aa-1448759d8b3c,Astra,33
8512e1be-4637-483b-a3e6-78ccc6d2c5b1,eb165f50-9c43-4b09-9658-469a16d3dc83,c87db9be-1fba-4102-a743-0ee4317dd5af,Bavarski dvor,224
1b3ddeca-a066-43ee-9ae5-8339628129c2,7eb88e01-82e9-4af4-84d0-69c6ea9dc82c,7fa32ea0-e884-435a-a81c-51bbd5cedf3e,Zaloška,7
769b7bc7-4f95-4bb2-9c99-37ba8e8b4bd5,9cfac7e2-9653-4e52-a6d3-27756d27f817,295616c0-387b-4f60-a337-7743cd6be04e,Bavarski dvor,217
35aedf45-cca3-4f2f-931b-138d29d20fe9,484b5c91-1220-43ba-af79-84e712fcc46b,1ce1c3a8-e0f6-4f90-b1aa-1448759d8b3c,Astra,72
223f660b-c391-4120-bf3c-7bf06781686b,80c65758-5f25-4003-8d55-10ff96fe8310,c87db9be-1fba-4102-a743-0ee4317dd5af,Bavarski dvor,16
3c6ebf90-c611-4535-b2b0-22fba3f7649a,abc9fd26-5442-468b-93b6-4d5eb76d0f1f,6a89c110-a0f8-4b1a-87f0-33f49c0a658e,Šola Jarše,211
717c914e-f928-4671-95f6-26c1ddb95799,c22879e5-8e90-4540-9a74-5f139208e492,a7094427-e180-4deb-acaf-5d4488326e9e,ZADOBROVA,403
c0ff37c8-ac6c-4284-ad32-0ad29fd30dc2,a2f479c6-4c21-4923-b4ac-86f752507cee,N/A,N/A,660
c87db9be-1fba-4102-a743-0ee4317dd5af,58db973d-ecbb-4aa6-a56c-c26aaff7f263,5d7f28a6-2a2a-4333-aa06-48edfb652f86,Pošta,144
379bc761-04b5-4227-be76-3b870fe3e69f,7fad8003-fb10-489d-bf8d-6d433310ad90,N/A,N/A,660
2ec182e2-769f-427f-b9b5-c4118890cb96,023d7b7a-b411-4e61-8746-b07f9e5c8f90,a2ce7e6f-0f99-443a-a973-81a0b9c60261,Astra,247
5cc8a08d-c0af-491f-9a9c-b8b4f5f23bc0,8512e1be-4637-483b-a3e6-78ccc6d2c5b1,c87db9be-1fba-4102-a743-0ee4317dd5af,Bavarski dvor,471
9cfac7e2-9653-4e52-a6d3-27756d27f817,25cde952-4896-4977-b229-75e09b3e3661,5d7f28a6-2a2a-4333-aa06-48edfb652f86,Pošta,12
1035c6f7-304e-4329-a3b2-4eb5d985a577,9bd3ee10-bc61-44e8-8cf3-a37cffd54da0,86a75ffc-a78f-401f-8991-2eb0371417b2,Studenec,79
6edebb46-d04f-45c4-99a4-100f7f0b2660,f4cfd904-bd11-4247-95df-32c4555a930f,48b163cd-b819-4849-aee1-8b1da77657ab,Šentvid,399
717c914e-f928-4671-95f6-26c1ddb95799,d98335a0-1291-4d4c-be62-16b11c356575,fef200e9-4d98-425b-ab14-8110e2aa85d7,Drama,34
e9382efd-d64d-46b0-9a7d-a4e6a0188725,05643914-8ff7-4064-8737-2761d44a083f,a0e0a21b-b8ce-4d76-bbc2-04e179367fee,Šola Jarše,109
d98335a0-1291-4d4c-be62-16b11c356575,86a75ffc-a78f-401f-8991-2eb0371417b2,c5ec5e81-2ce4-452d-bd7a-595de4f8b34f,Prušnikova,143
1035c6f7-304e-4329-a3b2-4eb5d985a577,3fbf6322-fb74-4a50-a81a-bfca73abc26b,c87db9be-1fba-4102-a743-0ee4317dd5af,Bavarski dvor,90
fb7704f0-d31e-4561-83e4-621a8c62654b,ac3afe7d-a2b3-4d5d-9e6a-1d2412a3bc70,295616c0-387b-4f60-a337-7743cd6be04e,Bavarski dvor,127
609f0950-bb8c-4eaf-a931-8575b8aff1ac,5de6ff80-1352-43df-b5ec-1df59f2f492b,295616c0-387b-4f60-a337-7743cd6be04e,Bavarski dvor,103
a2f479c6-4c21-4923-b4ac-86f752507cee,f4cfd904-bd11-4247-95df-32c4555a930f,N/A,N/A,660
2ec182e2-769f-427f-b9b5-c4118890cb96,093afa81-b65f-4182-bac3-afbc00558a9b,295616c0-387b-4f60-a337-7743cd6be04e,Bavarski dvor,192
609f0950-bb8c-4eaf-a931-8575b8aff1ac,ecc4ae87-ae08-4b94-995c-452fdd94df7f,c87db9be-1fba-4102-a743-0ee4317dd5af,Bavarski dvor,240
9b0074d2-2c92-4c01-830b-00be8e05b412,98b60d07-8054-441a-be44-be7aa24f4253,98fa3880-5936-4ec8-ba04-39c7ff9a0e6a,Stara cerkev,184
0dc86a8f-0f41-44c7-978c-e06cb63cbbcf,a719a87c-4e93-4387-a6d1-2631a487f7e0,fef200e9-4d98-425b-ab14-8110e2aa85d7,Drama,111
8c7fa045-888b-46d0-8189-6f82623bf481,8598b85d-3e1d-4767-b72f-0c209038841f,5d7f28a6-2a2a-4333-aa06-48edfb652f86,Pošta,454
e0bcd677-6012-4c90-a884-44dffafdffec,609f0950-bb8c-4eaf-a931-8575b8aff1ac,fef200e9-4d98-425b-ab14-8110e2aa85d7,Drama,132
294c40c4-18e4-4d92-a947-911a8623de89,77dcd833-fa4d-4c5a-93b1-31284942e61d,a719a87c-4e93-4387-a6d1-2631a487f7e0,Ajdovščina,214
769b7bc7-4f95-4bb2-9c99-37ba8e8b4bd5,48507e1a-32df-4552-9448-3b345760b75f,eb165f50-9c43-4b09-9658-469a16d3dc83,Kodeljevo,11
4e8ccfa1-b58c-4ee1-ad82-2e8a645071f3,923bd774-0651-4e0a-8624-3acfb7ecd5ff,N/A,N/A,660
3c6ebf90-c611-4535-b2b0-22fba3f7649a,379bc761-04b5-4227-be76-3b870fe3e69f,86a75ffc-a78f-401f-8991-2eb0371417b2,Studenec,196
4d216485-ef41-45e7-9182-0c254644955c,98fa3880-5936-4ec8-ba04-39c7ff9a0e6a,a719a87c-4e93-4387-a6d1-2631a487f7e0,Ajdovščina,211
923bd774-0651-4e0a-8624-3acfb7ecd5ff,9bd3ee10-bc61-44e8-8cf3-a37cffd54da0,295616c0-387b-4f60-a337-7743cd6be04e,Bavarski dvor,153
295616c0-387b-4f60-a337-7743cd6be04e,5d7f28a6-2a2a-4333-aa06-48edfb652f86,fef200e9-4d98-425b-ab14-8110e2aa85d7,Drama,270
aa42017d-812a-4175-bc9b-0fec03b18931,717c914e-f928-4671-95f6-26c1ddb95799,295616c0-387b-4f60-a337-7743cd6be04e,Bavarski dvor,10
e786b2df-34ed-4246-832e-7c3d538ac1f4,38b3abed-0592-407b-96c3-85a026f2e192,cdabf1ea-b04c-480a-8359-72c46e6864ab,Bežigrad,305
d98335a0-1291-4d4c-be62-16b11c356575,dfde6478-02b5-471b-a470-29cb0e84542f,c22879e5-8e90-4540-9a74-5f139208e492,Friškovec,118
5d7f28a6-2a2a-4333-aa06-48edfb652f86,e9382efd-d64d-46b0-9a7d-a4e6a0188725,5d7f28a6-2a2a-4333-aa06-48edfb652f86,Pošta,247
9746f277-af08-4cce-92fa-41da5eca8ac2,96d4c75b-6452-4c70-a31e-c234262ba38b,7fa32ea0-e884-435a-a81c-51bbd5cedf3e,Zaloška,345
7484317c-269f-425f-8118-23eedab4e5f1,1ce1c3a8-e0f6-4f90-b1aa-1448759d8b3c,cee2862b-9b70-4880-8fa3-16c6d2efae1b,AMZS,30
9cfac7e2-9653-4e52-a6d3-27756d27f817,3c6ebf90-c611-4535-b2b0-22fba3f7649a,717dda7e-d793-4697-8f60-b64ee8b1edc4,Gosposvetska,135
21764d19-62cc-49fd-bac9-403aeac6a6b9,295616c0-387b-4f60-a337-7743cd6be04e,fef200e9-4d98-425b-ab14-8110e2aa85d7,Drama,285
277bc73c-e61d-4046-bcfd-31d6161c568e,9cfac7e2-9653-4e52-a6d3-27756d27f817,f33b721f-a8a3-4aad-96f2-077da09ebaa6,Razstavišče,193
77dcd833-fa4d-4c5a-93b1-31284942e61d,91fb6c6e-49cf-49d3-97d4-6ae228f9bfa1,f33b721f-a8a3-4aad-96f2-077da09ebaa6,Razstavišče,77
023d7b7a-b411-4e61-8746-b07f9e5c8f90,9e109242-5aad-4fb7-b0c8-576eef8aa4e0,a719a87c-4e93-4387-a6d1-2631a487f7e0,Ajdovščina,394
aa42017d-812a-4175-bc9b-0fec03b18931,59ee5f7d-476b-4958-a922-2040a9308f3b,cdabf1ea-b04c-480a-8359-72c46e6864ab,Bežigrad,4
9a14b0ec-f13a-46f0-8c4f-07d8b99241e2,f4cfd904-bd11-4247-95df-32c4555a930f,f4cfd904-bd11-4247-95df-32c4555a930f,Klinični center,274
484b5c91-1220-43ba-af79-84e712fcc46b,05643914-8ff7-4064-8737-2761d44a083f,5de84f88-3f32-4636-8c30-03cc267ecf37,Podvozna pot,112
47a3bd8a-72ae-4e20-b43f-10bfaf49012c,eb165f50-9c43-4b09-9658-469a16d3dc83,f14a6236-8af2-47bf-9270-432377662a63,Viadukt,98
769b7bc7-4f95-4bb2-9c99-37ba8e8b4bd5,717dda7e-d793-4697-8f60-b64ee8b1edc4,717dda7e-d793-4697-8f60-b64ee8b1edc4,Gosposvetska,48
e6f5183b-c615-4f47-b4fb-204ee070e825,454817d3-3750-49c7-994c-14d06fd2c634,cdabf1ea-b04c-480a-8359-72c46e6864ab,Bežigrad,2
6182f8e8-c45e-4606-b4a4-d909bd44d2cc,e9d9f622-7394-4c5c-9031-a41855a64aa7,484b5c91-1220-43ba-af79-84e712fcc46b,Slovenija avto,327
48507e1a-32df-4552-9448-3b345760b75f,cee2862b-9b70-4880-8fa3-16c6d2efae1b,98fa3880-5936-4ec8-ba04-39c7ff9a0e6a,Stara cerkev,197
5d7f28a6-2a2a-4333-aa06-48edfb652f86,c5ec5e81-2ce4-452d-bd7a-595de4f8b34f,fef200e9-4d98-425b-ab14-8110e2aa85d7,Drama,551
eb165f50-9c43-4b09-9658-469a16d3dc83,1035c6f7-304e-4329-a3b2-4eb5d985a577,5d7f28a6-2a2a-4333-aa06-48edfb652f86,Pošta,578
609f0950-bb8c-4eaf-a931-8575b8aff1ac,dfde6478-02b5-471b-a470-29cb0e84542f,c87db9be-1fba-4102-a743-0ee4317dd5af,Bavarski dvor,145
5cc8a08d-c0af-491f-9a9c-b8b4f5f23bc0,a7094427-e180-4deb-acaf-5d4488326e9e,717dda7e-d793-4697-8f60-b64ee8b1edc4,Gosposvetska,40
592b37eb-8255-4758-ae8a-7cef98521013,3fbf6322-fb74-4a50-a81a-bfca73abc26b,fef200e9-4d98-425b-ab14-8110e2aa85d7,Drama,159
5de6ff80-1352-43df-b5ec-1df59f2f492b,6c56976b-4ae1-429f-bcab-0cfc37e3580d,fef200e9-4d98-425b-ab14-8110e2aa85d7,Drama,311
4ca7ae7e-380b-45e3-81de-00ffab5bb531,769b7bc7-4f95-4bb2-9c99-37ba8e8b4bd5,023d7b7a-b411-4e61-8746-b07f9e5c8f90,Ambrožev trg,152
80c65758-5f25-4003-8d55-10ff96fe8310,8598b85d-3e1d-4767-b72f-0c209038841f,9b0074d2-2c92-4c01-830b-00be8e05b412,Cukrarna,267
2f874852-bc80-4ff3-b6bf-a914e31251c8,223f660b-c391-4120-bf3c-7bf06781686b,a719a87c-4e93-4387-a6d1-2631a487f7e0,Ajdovščina,142
717dda7e-d793-4697-8f60-b64ee8b1edc4,9bd3ee10-bc61-44e8-8cf3-a37cffd54da0,7fa32ea0-e884-435a-a81c-51bbd5cedf3e,Zaloška,382
ecc4ae87-ae08-4b94-995c-452fdd94df7f,91fb6c6e-49cf-49d3-97d4-6ae228f9bfa1,717dda7e-d793-4697-8f60-b64ee8b1edc4,Gosposvetska,66
484b5c91-1220-43ba-af79-84e712fcc46b,223f660b-c391-4120-bf3c-7bf06781686b,c22879e5-8e90-4540-9a74-5f139208e492,Friškovec,84
3c6ebf90-c611-4535-b2b0-22fba3f7649a,5cc8a08d-c0af-491f-9a9c-b8b4f5f23bc0,c87db9be-1fba-4102-a743-0ee4317dd5af,Bavarski dvor,321
47a3bd8a-72ae-4e20-b43f-10bfaf49012c,ef31a8be-b01d-44cd-95cf-3db8e918af26,295616c0-387b-4f60-a337-7743cd6be04e,Bavarski dvor,148
f15ddf31-fc11-41ba-988d-376c83e38f58,9a1c4c65-df77-481f-87ad-56143f02a864,f33b721f-a8a3-4aad-96f2-077da09ebaa6,Razstavišče,38
d98335a0-1291-4d4c-be62-16b11c356575,f15ddf31-fc11-41ba-988d-376c83e38f58,c87db9be-1fba-4102-a743-0ee4317dd5af,Bavarski dvor,113
769b7bc7-4f95-4bb2-9c99-37ba8e8b4bd5,a0e0a21b-b8ce-4d76-bbc2-04e179367fee,5d7f28a6-2a2a-4333-aa06-48edfb652f86,Pošta,581
9a14b0ec-f13a-46f0-8c4f-07d8b99241e2,db13a26e-19d4-4b8a-a78a-01ef25d58834,fef200e9-4d98-425b-ab14-8110e2aa85d7,Drama,18
1e157c31-d34d-4c2e-91b4-8c000c88f6dd,fb7704f0-d31e-4561-83e4-621a8c62654b,98fa3880-5936-4ec8-ba04-39c7ff9a0e6a,Stara cerkev,6
9b0074d2-2c92-4c01-830b-00be8e05b412,093afa81-b65f-4182-bac3-afbc00558a9b,88cdd36c-03d2-4374-a22f-110dd9f75ea0,Kajuhova,73
96d4c75b-6452-4c70-a31e-c234262ba38b,2388ce1f-c947-42d7-97f3-e01a7254c933,N/A,N/A,660
38b3abed-0592-407b-96c3-85a026f2e192,58db973d-ecbb-4aa6-a56c-c26aaff7f263,295616c0-387b-4f60-a337-7743cd6be04e,Bavarski dvor,13
2f18bcfa-6189-4de4-b06f-132d3392e7d6,5de6ff80-1352-43df-b5ec-1df59f2f492b,c87db9be-1fba-4102-a743-0ee4317dd5af,Bavarski dvor,203
59ee5f7d-476b-4958-a922-2040a9308f3b,05643914-8ff7-4064-8737-2761d44a083f,fef200e9-4d98-425b-ab14-8110e2aa85d7,Drama,114
7484317c-269f-425f-8118-23eedab4e5f1,a2ce7e6f-0f99-443a-a973-81a0b9c60261,7fa32ea0-e884-435a-a81c-51bbd5cedf3e,Zaloška,86
59ee5f7d-476b-4958-a922-2040a9308f3b,7bcbdcaa-00b9-47d4-8982-09da26cd7bcb,717dda7e-d793-4697-8f60-b64ee8b1edc4,Gosposvetska,105
a2f479c6-4c21-4923-b4ac-86f752507cee,35aedf45-cca3-4f2f-931b-138d29d20fe9,N/A,N/A,660
9746f277-af08-4cce-92fa-41da5eca8ac2,7c149b59-2bc6-45cb-95c8-69e18a0db627,fef200e9-4d98-425b-ab14-8110e2aa85d7,Drama,20
484b5c91-1220-43ba-af79-84e712fcc46b,0be237aa-4b91-4d2b-ac23-0cebac975a0d,a719a87c-4e93-4387-a6d1-2631a487f7e0,Ajdovščina,52
8598b85d-3e1d-4767-b72f-0c209038841f,88cdd36c-03d2-4374-a22f-110dd9f75ea0,c22879e5-8e90-4540-9a74-5f139208e492,Friškovec,134
35aedf45-cca3-4f2f-931b-138d29d20fe9,b59656a4-b6e7-4b87-977c-078c59088a50,eb165f50-9c43-4b09-9658-469a16d3dc83,Kodeljevo,160
25cde952-4896-4977-b229-75e09b3e3661,a7094427-e180-4deb-acaf-5d4488326e9e,1ce1c3a8-e0f6-4f90-b1aa-1448759d8b3c,Astra,199
4038e02e-f22f-4af0-ba4f-7aab855b53af,4e8ccfa1-b58c-4ee1-ad82-2e8a645071f3,5d7f28a6-2a2a-4333-aa06-48edfb652f86,Pošta,60
454817d3-3750-49c7-994c-14d06fd2c634,fb7704f0-d31e-4561-83e4-621a8c62654b,484b5c91-1220-43ba-af79-84e712fcc46b,Slovenija avto,232
923bd774-0651-4e0a-8624-3acfb7ecd5ff,0be237aa-4b91-4d2b-ac23-0cebac975a0d,295616c0-387b-4f60-a337-7743cd6be04e,Bavarski dvor,382
21764d19-62cc-49fd-bac9-403aeac6a6b9,5de84f88-3f32-4636-8c30-03cc267ecf37,5d7f28a6-2a2a-4333-aa06-48edfb652f86,Pošta,115
47a3bd8a-72ae-4e20-b43f-10bfaf49012c,abc9fd26-5442-468b-93b6-4d5eb76d0f1f,609f0950-bb8c-4eaf-a931-8575b8aff1ac,Savske stolpnice,31
223f660b-c391-4120-bf3c-7bf06781686b,0be237aa-4b91-4d2b-ac23-0cebac975a0d,c87db9be-1fba-4102-a743-0ee4317dd5af,Bavarski dvor,77
717dda7e-d793-4697-8f60-b64ee8b1edc4,1505c6fe-6080-424e-98d1-24c312cfacf3,c87db9be-1fba-4102-a743-0ee4317dd5af,Bavarski dvor,503
21764d19-62cc-49fd-bac9-403aeac6a6b9,923bd774-0651-4e0a-8624-3acfb7ecd5ff,295616c0-387b-4f60-a337-7743cd6be04e,Bavarski dvor,154
295616c0-387b-4f60-a337-7743cd6be04e,1dc99fbb-5496-4aab-a4b6-32e653ccc789,a719a87c-4e93-4387-a6d1-2631a487f7e0,Ajdovščina,65
f2b27cbd-5207-4281-8f67-6369d0c50a9b,023d7b7a-b411-4e61-8746-b07f9e5c8f90,c87db9be-1fba-4102-a743-0ee4317dd5af,Bavarski dvor,46
2f874852-bc80-4ff3-b6bf-a914e31251c8,a2ce7e6f-0f99-443a-a973-81a0b9c60261,fef200e9-4d98-425b-ab14-8110e2aa85d7,Drama,77
98b60d07-8054-441a-be44-be7aa24f4253,c87db9be-1fba-4102-a743-0ee4317dd5af,c87db9be-1fba-4102-a743-0ee4317dd5af,Bavarski dvor,334
4ca7ae7e-380b-45e3-81de-00ffab5bb531,e6f5183b-c615-4f47-b4fb-204ee070e825,f33b721f-a8a3-4aad-96f2-077da09ebaa6,Razstavišče,192
bc66f88b-1412-44cb-b921-030d27335261,77dcd833-fa4d-4c5a-93b1-31284942e61d,7bcbdcaa-00b9-47d4-8982-09da26cd7bcb,Zaloška,457
295616c0-387b-4f60-a337-7743cd6be04e,1b3ddeca-a066-43ee-9ae5-8339628129c2,454817d3-3750-49c7-994c-14d06fd2c634,Žale,32
e0bcd677-6012-4c90-a884-44dffafdffec,8598b85d-3e1d-4767-b72f-0c209038841f,fef200e9-4d98-425b-ab14-8110e2aa85d7,Drama,204
77dcd833-fa4d-4c5a-93b1-31284942e61d,a7177a3d-8db2-43fb-8910-f95857f0ed97,N/A,N/A,660
db13a26e-19d4-4b8a-a78a-01ef25d58834,05643914-8ff7-4064-8737-2761d44a083f,38b3abed-0592-407b-96c3-85a026f2e192,Dalmatinova,167
abc9fd26-5442-468b-93b6-4d5eb76d0f1f,9a1c4c65-df77-481f-87ad-56143f02a864,f33b721f-a8a3-4aad-96f2-077da09ebaa6,Razstavišče,257
88cdd36c-03d2-4374-a22f-110dd9f75ea0,47a3bd8a-72ae-4e20-b43f-10bfaf49012c,N/A,N/A,660
a0b1fb90-3f6a-4231-910a-18be192ac762,f2b27cbd-5207-4281-8f67-6369d0c50a9b,a2ce7e6f-0f99-443a-a973-81a0b9c60261,Astra,364
b59656a4-b6e7-4b87-977c-078c59088a50,a2f479c6-4c21-4923-b4ac-86f752507cee,N/A,N/A,660
ecc4ae87-ae08-4b94-995c-452fdd94df7f,81f21fc1-3bd2-4d2a-b563-2d063479c68e,fef200e9-4d98-425b-ab14-8110e2aa85d7,Drama,81
294c40c4-18e4-4d92-a947-911a8623de89,25cde952-4896-4977-b229-75e09b3e3661,c87db9be-1fba-4102-a743-0ee4317dd5af,Bavarski dvor,598
80c65758-5f25-4003-8d55-10ff96fe8310,eb165f50-9c43-4b09-9658-469a16d3dc83,5d7f28a6-2a2a-4333-aa06-48edfb652f86,Pošta,354
81f21fc1-3bd2-4d2a-b563-2d063479c68e,25cde952-4896-4977-b229-75e09b3e3661,a0b1fb90-3f6a-4231-910a-18be192ac762,Flajšmanova,75
e9d9f622-7394-4c5c-9031-a41855a64aa7,ac3afe7d-a2b3-4d5d-9e6a-1d2412a3bc70,c87db9be-1fba-4102-a743-0ee4317dd5af,Bavarski dvor,224
e6f5183b-c615-4f47-b4fb-204ee070e825,35aedf45-cca3-4f2f-931b-138d29d20fe9,f4cfd904-bd11-4247-95df-32c4555a930f,Klinični center,172
7c149b59-2bc6-45cb-95c8-69e18a0db627,98b60d07-8054-441a-be44-be7aa24f4253,a2ce7e6f-0f99-443a-a973-81a0b9c60261,Astra,143
ab987eb0-c970-4577-8db9-0cd507a6cab6,6c56976b-4ae1-429f-bcab-0cfc37e3580d,454817d3-3750-49c7-994c-14d06fd2c634,Žale,109
0dc86a8f-0f41-44c7-978c-e06cb63cbbcf,d98335a0-1291-4d4c-be62-16b11c356575,295616c0-387b-4f60-a337-7743cd6be04e,Bavarski dvor,170
e468b92f-fa4a-4819-bb11-37761deaf4ca,7c149b59-2bc6-45cb-95c8-69e18a0db627,aa42017d-812a-4175-bc9b-0fec03b18931,Ambrožev trg,381
91fb6c6e-49cf-49d3-97d4-6ae228f9bfa1,3edd6057-3847-4c42-b8ec-6e89ff95793a,295616c0-387b-4f60-a337-7743cd6be04e,Bavarski dvor,152
e786b2df-34ed-4246-832e-7c3d538ac1f4,96d4c75b-6452-4c70-a31e-c234262ba38b,717dda7e-d793-4697-8f60-b64ee8b1edc4,Gosposvetska,312
47637057-8d6a-4cf9-bd56-3ac90748fcc4,1eadcdb9-60cd-47c9-8eec-527c3465a685,fef200e9-4d98-425b-ab14-8110e2aa85d7,Drama,232
6182f8e8-c45e-4606-b4a4-d909bd44d2cc,6559d555-672b-4633-8a81-0ae68fb963eb,717dda7e-d793-4697-8f60-b64ee8b1edc4,Gosposvetska,9
8589e5d1-21b4-4210-ad7a-4bf91f9a715d,379bc761-04b5-4227-be76-3b870fe3e69f,5d7f28a6-2a2a-4333-aa06-48edfb652f86,Pošta,20
1b3ddeca-a066-43ee-9ae5-8339628129c2,eb165f50-9c43-4b09-9658-469a16d3dc83,48b163cd-b819-4849-aee1-8b1da77657ab,Šentvid,38
1dc99fbb-5496-4aab-a4b6-32e653ccc789,9a1c4c65-df77-481f-87ad-56143f02a864,fef200e9-4d98-425b-ab14-8110e2aa85d7,Drama,53
6c56976b-4ae1-429f-bcab-0cfc37e3580d,8598b85d-3e1d-4767-b72f-0c209038841f,fef200e9-4d98-425b-ab14-8110e2aa85d7,Drama,33
7eb88e01-82e9-4af4-84d0-69c6ea9dc82c,9e109242-5aad-4fb7-b0c8-576eef8aa4e0,a719a87c-4e93-4387-a6d1-2631a487f7e0,Ajdovščina,11
1eadcdb9-60cd-47c9-8eec-527c3465a685,77dcd833-fa4d-4c5a-93b1-31284942e61d,c87db9be-1fba-4102-a743-0ee4317dd5af,Bavarski dvor,58
0be237aa-4b91-4d2b-ac23-0cebac975a0d,4ca7ae7e-380b-45e3-81de-00ffab5bb531,e6f5183b-c615-4f47-b4fb-204ee070e825,Bežigrad,164
5de6ff80-1352-43df-b5ec-1df59f2f492b,1b0f629f-acdb-4e94-8c54-018f4334ebf7,1e157c31-d34d-4c2e-91b4-8c000c88f6dd,Kardeljeva ploščad,44
2ec182e2-769f-427f-b9b5-c4118890cb96,47637057-8d6a-4cf9-bd56-3ac90748fcc4,c87db9be-1fba-4102-a743-0ee4317dd5af,Bavarski dvor,630
05643914-8ff7-4064-8737-2761d44a083f,6bd46cb7-9e5d-453a-878a-bcc38fb2a5f2,a2ce7e6f-0f99-443a-a973-81a0b9c60261,Astra,3
98b60d07-8054-441a-be44-be7aa24f4253,9a14b0ec-f13a-46f0-8c4f-07d8b99241e2,7fad8003-fb10-489d-bf8d-6d433310ad90,Nove Jarše,196
f15ddf31-fc11-41ba-988d-376c83e38f58,9b0074d2-2c92-4c01-830b-00be8e05b412,c87db9be-1fba-4102-a743-0ee4317dd5af,Bavarski dvor,343
0dc86a8f-0f41-44c7-978c-e06cb63cbbcf,3c6ebf90-c611-4535-b2b0-22fba3f7649a,c22879e5-8e90-4540-9a74-5f139208e492,Friškovec,355
2388ce1f-c947-42d7-97f3-e01a7254c933,6a89c110-a0f8-4b1a-87f0-33f49c0a658e,N/A,N/A,660
96d4c75b-6452-4c70-a31e-c234262ba38b,0dc86a8f-0f41-44c7-978c-e06cb63cbbcf,c87db9be-1fba-4102-a743-0ee4317dd5af,Bavarski dvor,58
4038e02e-f22f-4af0-ba4f-7aab855b53af,a0e0a21b-b8ce-4d76-bbc2-04e179367fee,5d7f28a6-2a2a-4333-aa06-48edfb652f86,Pošta,178
ef31a8be-b01d-44cd-95cf-3db8e918af26,ab987eb0-c970-4577-8db9-0cd507a6cab6,N/A,N/A,660
abc9fd26-5442-468b-93b6-4d5eb76d0f1f,a2f479c6-4c21-4923-b4ac-86f752507cee,N/A,N/A,660
a2ce7e6f-0f99-443a-a973-81a0b9c60261,e0bcd677-6012-4c90-a884-44dffafdffec,484b5c91-1220-43ba-af79-84e712fcc46b,Slovenija avto,360
e786b2df-34ed-4246-832e-7c3d538ac1f4,8512e1be-4637-483b-a3e6-78ccc6d2c5b1,N/A,N/A,660
717dda7e-d793-4697-8f60-b64ee8b1edc4,c627c9f2-af02-4d83-969a-566719bb09e3,c87db9be-1fba-4102-a743-0ee4317dd5af,Bavarski dvor,127
cdabf1ea-b04c-480a-8359-72c46e6864ab,db13a26e-19d4-4b8a-a78a-01ef25d58834,295616c0-387b-4f60-a337-7743cd6be04e,Bavarski dvor,501
98fa3880-5936-4ec8-ba04-39c7ff9a0e6a,d4c51b31-46fd-4da8-ba15-8068e666d483,1b3ddeca-a066-43ee-9ae5-8339628129c2,Žale,130
e0bcd677-6012-4c90-a884-44dffafdffec,9e109242-5aad-4fb7-b0c8-576eef8aa4e0,6edebb46-d04f-45c4-99a4-100f7f0b2660,Zadvor,24
91fb6c6e-49cf-49d3-97d4-6ae228f9bfa1,96d4c75b-6452-4c70-a31e-c234262ba38b,cee2862b-9b70-4880-8fa3-16c6d2efae1b,AMZS,181
4ca7ae7e-380b-45e3-81de-00ffab5bb531,271db19a-744b-41a0-869d-0c3e0e2cb6bf,a719a87c-4e93-4387-a6d1-2631a487f7e0,Ajdovščina,26
47637057-8d6a-4cf9-bd56-3ac90748fcc4,59ee5f7d-476b-4958-a922-2040a9308f3b,5d7f28a6-2a2a-4333-aa06-48edfb652f86,Pošta,302
717dda7e-d793-4697-8f60-b64ee8b1edc4,abc9fd26-5442-468b-93b6-4d5eb76d0f1f,484b5c91-1220-43ba-af79-84e712fcc46b,Slovenija avto,535
0be237aa-4b91-4d2b-ac23-0cebac975a0d,98fa3880-5936-4ec8-ba04-39c7ff9a0e6a,7fad8003-fb10-489d-bf8d-6d433310ad90,Nove Jarše,111
6c56976b-4ae1-429f-bcab-0cfc37e3580d,3c6ebf90-c611-4535-b2b0-22fba3f7649a,9b0074d2-2c92-4c01-830b-00be8e05b412,Cukrarna,116
86a75ffc-a78f-401f-8991-2eb0371417b2,5de84f88-3f32-4636-8c30-03cc267ecf37,484b5c91-1220-43ba-af79-84e712fcc46b,Slovenija avto,512
7484317c-269f-425f-8118-23eedab4e5f1,271db19a-744b-41a0-869d-0c3e0e2cb6bf,a0e0a21b-b8ce-4d76-bbc2-04e179367fee,Šola Jarše,140
e786b2df-34ed-4246-832e-7c3d538ac1f4,05643914-8ff7-4064-8737-2761d44a083f,38b3abed-0592-407b-96c3-85a026f2e192,Dalmatinova,5
a0b1fb90-3f6a-4231-910a-18be192ac762,379bc761-04b5-4227-be76-3b870fe3e69f,0be237aa-4b91-4d2b-ac23-0cebac975a0d,Cankarjev dom,53
4038e02e-f22f-4af0-ba4f-7aab855b53af,379bc761-04b5-4227-be76-3b870fe3e69f,dfde6478-02b5-471b-a470-29cb0e84542f,Slovenija avto,270
e9382efd-d64d-46b0-9a7d-a4e6a0188725,86a75ffc-a78f-401f-8991-2eb0371417b2,cdabf1ea-b04c-480a-8359-72c46e6864ab,Bežigrad,449
717c914e-f928-4671-95f6-26c1ddb95799,12304b99-9a07-485a-a101-eaca90495d48,a719a87c-4e93-4387-a6d1-2631a487f7e0,Ajdovščina,411
f4cfd904-bd11-4247-95df-32c4555a930f,454817d3-3750-49c7-994c-14d06fd2c634,N/A,N/A,660
cdabf1ea-b04c-480a-8359-72c46e6864ab,c22879e5-8e90-4540-9a74-5f139208e492,295616c0-387b-4f60-a337-7743cd6be04e,Bavarski dvor,376
eb165f50-9c43-4b09-9658-469a16d3dc83,52e5adea-e194-4fc1-809c-1d6421f8f8db,88cdd36c-03d2-4374-a22f-110dd9f75ea0,Kajuhova,137
9746f277-af08-4cce-92fa-41da5eca8ac2,cee2862b-9b70-4880-8fa3-16c6d2efae1b,f33b721f-a8a3-4aad-96f2-077da09ebaa6,Razstavišče,100
4ca7ae7e-380b-45e3-81de-00ffab5bb531,2f18bcfa-6189-4de4-b06f-132d3392e7d6,c87db9be-1fba-4102-a743-0ee4317dd5af,Bavarski dvor,122
21764d19-62cc-49fd-bac9-403aeac6a6b9,7bcbdcaa-00b9-47d4-8982-09da26cd7bcb,1b3ddeca-a066-43ee-9ae5-8339628129c2,Žale,70
12304b99-9a07-485a-a101-eaca90495d48,91fb6c6e-49cf-49d3-97d4-6ae228f9bfa1,295616c0-387b-4f60-a337-7743cd6be04e,Bavarski dvor,452
e9382efd-d64d-46b0-9a7d-a4e6a0188725,a7094427-e180-4deb-acaf-5d4488326e9e,7eb88e01-82e9-4af4-84d0-69c6ea9dc82c,Kolodvor,326
25cde952-4896-4977-b229-75e09b3e3661,9e109242-5aad-4fb7-b0c8-576eef8aa4e0,295616c0-387b-4f60-a337-7743cd6be04e,Bavarski dvor,13
7fa32ea0-e884-435a-a81c-51bbd5cedf3e,379bc761-04b5-4227-be76-3b870fe3e69f,9a1c4c65-df77-481f-87ad-56143f02a864,Vižmarje,266
6182f8e8-c45e-4606-b4a4-d909bd44d2cc,8c7fa045-888b-46d0-8189-6f82623bf481,1ce1c3a8-e0f6-4f90-b1aa-1448759d8b3c,Astra,227
81f21fc1-3bd2-4d2a-b563-2d063479c68e,609f0950-bb8c-4eaf-a931-8575b8aff1ac,7fa32ea0-e884-435a-a81c-51bbd5cedf3e,Zaloška,316
98fa3880-5936-4ec8-ba04-39c7ff9a0e6a,ecc4ae87-ae08-4b94-995c-452fdd94df7f,484b5c91-1220-43ba-af79-84e712fcc46b,Slovenija avto,37
e468b92f-fa4a-4819-bb11-37761deaf4ca,96d4c75b-6452-4c70-a31e-c234262ba38b,f33b721f-a8a3-4aad-96f2-077da09ebaa6,Razstavišče,398
717c914e-f928-4671-95f6-26c1ddb95799,093afa81-b65f-4182-bac3-afbc00558a9b,1e157c31-d34d-4c2e-91b4-8c000c88f6dd,Kardeljeva ploščad,316
cee2862b-9b70-4880-8fa3-16c6d2efae1b,2388ce1f-c947-42d7-97f3-e01a7254c933,N/A,N/A,660
7484317c-269f-425f-8118-23eedab4e5f1,3fbf6322-fb74-4a50-a81a-bfca73abc26b,fef200e9-4d98-425b-ab14-8110e2aa85d7,Drama,135
4ca7ae7e-380b-45e3-81de-00ffab5bb531,ecc4ae87-ae08-4b94-995c-452fdd94df7f,295616c0-387b-4f60-a337-7743cd6be04e,Bavarski dvor,19
25cde952-4896-4977-b229-75e09b3e3661,52e5adea-e194-4fc1-809c-1d6421f8f8db,c87db9be-1fba-4102-a743-0ee4317dd5af,Bavarski dvor,486
c0ff37c8-ac6c-4284-ad32-0ad29fd30dc2,f15ddf31-fc11-41ba-988d-376c83e38f58,c87db9be-1fba-4102-a743-0ee4317dd5af,Bavarski dvor,53
12304b99-9a07-485a-a101-eaca90495d48,769b7bc7-4f95-4bb2-9c99-37ba8e8b4bd5,fef200e9-4d98-425b-ab14-8110e2aa85d7,Drama,220
093afa81-b65f-4182-bac3-afbc00558a9b,2388ce1f-c947-42d7-97f3-e01a7254c933,N/A,N/A,660
ac3afe7d-a2b3-4d5d-9e6a-1d2412a3bc70,717dda7e-d793-4697-8f60-b64ee8b1edc4,fef200e9-4d98-425b-ab14-8110e2aa85d7,Drama,13
e9382efd-d64d-46b0-9a7d-a4e6a0188725,6459bd02-d8f8-413e-9402-10b916f09a4f,c22879e5-8e90-4540-9a74-5f139208e492,Friškovec,47
ab987eb0-c970-4577-8db9-0cd507a6cab6,47a3bd8a-72ae-4e20-b43f-10bfaf49012c,9bd3ee10-bc61-44e8-8cf3-a37cffd54da0,DOMŽALE kolodvor,79
295616c0-387b-4f60-a337-7743cd6be04e,4ca7ae7e-380b-45e3-81de-00ffab5bb531,7fa32ea0-e884-435a-a81c-51bbd5cedf3e,Zaloška,260
59ee5f7d-476b-4958-a922-2040a9308f3b,a7094427-e180-4deb-acaf-5d4488326e9e,f33b721f-a8a3-4aad-96f2-077da09ebaa6,Razstavišče,85
9cfac7e2-9653-4e52-a6d3-27756d27f817,48507e1a-32df-4552-9448-3b345760b75f,a719a87c-4e93-4387-a6d1-2631a487f7e0,Ajdovščina,122
f4cfd904-bd11-4247-95df-32c4555a930f,2f874852-bc80-4ff3-b6bf-a914e31251c8,c87db9be-1fba-4102-a743-0ee4317dd5af,Bavarski dvor,78
e468b92f-fa4a-4819-bb11-37761deaf4ca,1dc99fbb-5496-4aab-a4b6-32e653ccc789,fef200e9-4d98-425b-ab14-8110e2aa85d7,Drama,329
ef31a8be-b01d-44cd-95cf-3db8e918af26,96d4c75b-6452-4c70-a31e-c234262ba38b,5d7f28a6-2a2a-4333-aa06-48edfb652f86,Pošta,105
277bc73c-e61d-4046-bcfd-31d6161c568e,c627c9f2-af02-4d83-969a-566719bb09e3,454817d3-3750-49c7-994c-14d06fd2c634,Žale,46
38b3abed-0592-407b-96c3-85a026f2e192,9a14b0ec-f13a-46f0-8c4f-07d8b99241e2,e6f5183b-c615-4f47-b4fb-204ee070e825,Bežigrad,138
d98335a0-1291-4d4c-be62-16b11c356575,7310c006-62b8-4f94-bb9c-d5c26cb3faad,023d7b7a-b411-4e61-8746-b07f9e5c8f90,Ambrožev trg,213
58db973d-ecbb-4aa6-a56c-c26aaff7f263,3c6ebf90-c611-4535-b2b0-22fba3f7649a,223f660b-c391-4120-bf3c-7bf06781686b,Tovorni kolodvor,90
5d7f28a6-2a2a-4333-aa06-48edfb652f86,35aedf45-cca3-4f2f-931b-138d29d20fe9,fef200e9-4d98-425b-ab14-8110e2aa85d7,Drama,113
7eb88e01-82e9-4af4-84d0-69c6ea9dc82c,dfde6478-02b5-471b-a470-29cb0e84542f,7fa32ea0-e884-435a-a81c-51bbd5cedf3e,Zaloška,118
7fad8003-fb10-489d-bf8d-6d433310ad90,1505c6fe-6080-424e-98d1-24c312cfacf3,7fad8003-fb10-489d-bf8d-6d433310ad90,Nove Jarše,157
47637057-8d6a-4cf9-bd56-3ac90748fcc4,c627c9f2-af02-4d83-969a-566719bb09e3,295616c0-387b-4f60-a337-7743cd6be04e,Bavarski dvor,126
d4c51b31-46fd-4da8-ba15-8068e666d483,96d4c75b-6452-4c70-a31e-c234262ba38b,7fa32ea0-e884-435a-a81c-51bbd5cedf3e,Zaloška,27
c0ff37c8-ac6c-4284-ad32-0ad29fd30dc2,f15ddf31-fc11-41ba-988d-376c83e38f58,295616c0-387b-4f60-a337-7743cd6be04e,Bavarski dvor,37
05643914-8ff7-4064-8737-2761d44a083f,05643914-8ff7-4064-8737-2761d44a083f,295616c0-387b-4f60-a337-7743cd6be04e,Bavarski dvor,14
9cfac7e2-9653-4e52-a6d3-27756d27f817,9a1c4c65-df77-481f-87ad-56143f02a864,fef200e9-4d98-425b-ab14-8110e2aa85d7,Drama,34
48b163cd-b819-4849-aee1-8b1da77657ab,80c65758-5f25-4003-8d55-10ff96fe8310,5d7f28a6-2a2a-4333-aa06-48edfb652f86,Pošta,179
f4cfd904-bd11-4247-95df-32c4555a930f,9b0074d2-2c92-4c01-830b-00be8e05b412,484b5c91-1220-43ba-af79-84e712fcc46b,Slovenija avto,104
9cfac7e2-9653-4e52-a6d3-27756d27f817,a7094427-e180-4deb-acaf-5d4488326e9e,717dda7e-d793-4697-8f60-b64ee8b1edc4,Gosposvetska,15
c0ff37c8-ac6c-4284-ad32-0ad29fd30dc2,98fa3880-5936-4ec8-ba04-39c7ff9a0e6a,a719a87c-4e93-4387-a6d1-2631a487f7e0,Ajdovščina,117
91fb6c6e-49cf-49d3-97d4-6ae228f9bfa1,a719a87c-4e93-4387-a6d1-2631a487f7e0,fef200e9-4d98-425b-ab14-8110e2aa85d7,Drama,189
0b4a072e-6c2d-4c71-ab80-2b7142df81de,38b3abed-0592-407b-96c3-85a026f2e192,a0e0a21b-b8ce-4d76-bbc2-04e179367fee,Šola Jarše,435
3edd6057-3847-4c42-b8ec-6e89ff95793a,592b37eb-8255-4758-ae8a-7cef98521013,5d7f28a6-2a2a-4333-aa06-48edfb652f86,Pošta,220
9bd3ee10-bc61-44e8-8cf3-a37cffd54da0,bc66f88b-1412-44cb-b921-030d27335261,c22879e5-8e90-4540-9a74-5f139208e492,Friškovec,18
6459bd02-d8f8-413e-9402-10b916f09a4f,7bcbdcaa-00b9-47d4-8982-09da26cd7bcb,fef200e9-4d98-425b-ab14-8110e2aa85d7,Drama,99
4e8ccfa1-b58c-4ee1-ad82-2e8a645071f3,81f21fc1-3bd2-4d2a-b563-2d063479c68e,717dda7e-d793-4697-8f60-b64ee8b1edc4,Gosposvetska,75
1dc99fbb-5496-4aab-a4b6-32e653ccc789,093afa81-b65f-4182-bac3-afbc00558a9b,fef200e9-4d98-425b-ab14-8110e2aa85d7,Drama,116
b59656a4-b6e7-4b87-977c-078c59088a50,98b60d07-8054-441a-be44-be7aa24f4253,7eb88e01-82e9-4af4-84d0-69c6ea9dc82c,Kolodvor,519
6bd46cb7-9e5d-453a-878a-bcc38fb2a5f2,abc9fd26-5442-468b-93b6-4d5eb76d0f1f,923bd774-0651-4e0a-8624-3acfb7ecd5ff,Gornje Poljane,254
1dc99fbb-5496-4aab-a4b6-32e653ccc789,7fad8003-fb10-489d-bf8d-6d433310ad90,c87db9be-1fba-4102-a743-0ee4317dd5af,Bavarski dvor,509
717dda7e-d793-4697-8f60-b64ee8b1edc4,223f660b-c391-4120-bf3c-7bf06781686b,4038e02e-f22f-4af0-ba4f-7aab855b53af,Kneza Koclja,87
e9d9f622-7394-4c5c-9031-a41855a64aa7,1035c6f7-304e-4329-a3b2-4eb5d985a577,fef200e9-4d98-425b-ab14-8110e2aa85d7,Drama,136
6559d555-672b-4633-8a81-0ae68fb963eb,a7094427-e180-4deb-acaf-5d4488326e9e,c87db9be-1fba-4102-a743-0ee4317dd5af,Bavarski dvor,20
eb165f50-9c43-4b09-9658-469a16d3dc83,f2b27cbd-5207-4281-8f67-6369d0c50a9b,5d7f28a6-2a2a-4333-aa06-48edfb652f86,Pošta,361
47637057-8d6a-4cf9-bd56-3ac90748fcc4,9bd3ee10-bc61-44e8-8cf3-a37cffd54da0,c87db9be-1fba-4102-a743-0ee4317dd5af,Bavarski dvor,209
a2f479c6-4c21-4923-b4ac-86f752507cee,c297ac70-8f43-4fbc-a8a4-366ddb883a8d,N/A,N/A,660
6edebb46-d04f-45c4-99a4-100f7f0b2660,2f874852-bc80-4ff3-b6bf-a914e31251c8,fef200e9-4d98-425b-ab14-8110e2aa85d7,Drama,132
ecc4ae87-ae08-4b94-995c-452fdd94df7f,cdabf1ea-b04c-480a-8359-72c46e6864ab,295616c0-387b-4f60-a337-7743cd6be04e,Bavarski dvor,174
91fb6c6e-49cf-49d3-97d4-6ae228f9bfa1,2f874852-bc80-4ff3-b6bf-a914e31251c8,484b5c91-1220-43ba-af79-84e712fcc46b,Slovenija avto,64
a0b1fb90-3f6a-4231-910a-18be192ac762,ac3afe7d-a2b3-4d5d-9e6a-1d2412a3bc70,N/A,N/A,660
a7094427-e180-4deb-acaf-5d4488326e9e,1505c6fe-6080-424e-98d1-24c312cfacf3,N/A,N/A,660
9b0074d2-2c92-4c01-830b-00be8e05b412,c5ec5e81-2ce4-452d-bd7a-595de4f8b34f,fef200e9-4d98-425b-ab14-8110e2aa85d7,Drama,133
91fb6c6e-49cf-49d3-97d4-6ae228f9bfa1,277bc73c-e61d-4046-bcfd-31d6161c568e,7fa32ea0-e884-435a-a81c-51bbd5cedf3e,Zaloška,6
77dcd833-fa4d-4c5a-93b1-31284942e61d,2f874852-bc80-4ff3-b6bf-a914e31251c8,c87db9be-1fba-4102-a743-0ee4317dd5af,Bavarski dvor,408
717dda7e-d793-4697-8f60-b64ee8b1edc4,6459bd02-d8f8-413e-9402-10b916f09a4f,717dda7e-d793-4697-8f60-b64ee8b1edc4,Gosposvetska,59
484b5c91-1220-43ba-af79-84e712fcc46b,b59656a4-b6e7-4b87-977c-078c59088a50,609f0950-bb8c-4eaf-a931-8575b8aff1ac,Savske stolpnice,28
c5ec5e81-2ce4-452d-bd7a-595de4f8b34f,38b3abed-0592-407b-96c3-85a026f2e192,a719a87c-4e93-4387-a6d1-2631a487f7e0,Ajdovščina,241
47637057-8d6a-4cf9-bd56-3ac90748fcc4,12304b99-9a07-485a-a101-eaca90495d48,c22879e5-8e90-4540-9a74-5f139208e492,Friškovec,257
f33b721f-a8a3-4aad-96f2-077da09ebaa6,88cdd36c-03d2-4374-a22f-110dd9f75ea0,a719a87c-4e93-4387-a6d1-2631a487f7e0,Ajdovščina,134
38b3abed-0592-407b-96c3-85a026f2e192,81f21fc1-3bd2-4d2a-b563-2d063479c68e,6a89c110-a0f8-4b1a-87f0-33f49c0a658e,Šola Jarše,193
f15ddf31-fc11-41ba-988d-376c83e38f58,9b0074d2-2c92-4c01-830b-00be8e05b412,fef200e9-4d98-425b-ab14-8110e2aa85d7,Drama,45
8589e5d1-21b4-4210-ad7a-4bf91f9a715d,1eadcdb9-60cd-47c9-8eec-527c3465a685,5d7f28a6-2a2a-4333-aa06-48edfb652f86,Pošta,104
1b0f629f-acdb-4e94-8c54-018f4334ebf7,7310c006-62b8-4f94-bb9c-d5c26cb3faad,a2ce7e6f-0f99-443a-a973-81a0b9c60261,Astra,417
05643914-8ff7-4064-8737-2761d44a083f,f14a6236-8af2-47bf-9270-432377662a63,fef200e9-4d98-425b-ab14-8110e2aa85d7,Drama,40
7bcbdcaa-00b9-47d4-8982-09da26cd7bcb,1b0f629f-acdb-4e94-8c54-018f4334ebf7,fef200e9-4d98-425b-ab14-8110e2aa85d7,Drama,339
923bd774-0651-4e0a-8624-3acfb7ecd5ff,9e109242-5aad-4fb7-b0c8-576eef8aa4e0,295616c0-387b-4f60-a337-7743cd6be04e,Bavarski dvor,145
81f21fc1-3bd2-4d2a-b563-2d063479c68e,592b37eb-8255-4758-ae8a-7cef98521013,c87db9be-1fba-4102-a743-0ee4317dd5af,Bavarski dvor,369
ac3afe7d-a2b3-4d5d-9e6a-1d2412a3bc70,47a3bd8a-72ae-4e20-b43f-10bfaf49012c,7fad8003-fb10-489d-bf8d-6d433310ad90,Nove Jarše,198
4038e02e-f22f-4af0-ba4f-7aab855b53af,271db19a-744b-41a0-869d-0c3e0e2cb6bf,c87db9be-1fba-4102-a743-0ee4317dd5af,Bavarski dvor,60
38b3abed-0592-407b-96c3-85a026f2e192,a2ce7e6f-0f99-443a-a973-81a0b9c60261,5d7f28a6-2a2a-4333-aa06-48edfb652f86,Pošta,356
9cfac7e2-9653-4e52-a6d3-27756d27f817,21764d19-62cc-49fd-bac9-403aeac6a6b9,c87db9be-1fba-4102-a743-0ee4317dd5af,Bavarski dvor,102
f4cfd904-bd11-4247-95df-32c4555a930f,294c40c4-18e4-4d92-a947-911a8623de89,295616c0-387b-4f60-a337-7743cd6be04e,Bavarski dvor,197
f14a6236-8af2-47bf-9270-432377662a63,bc66f88b-1412-44cb-b921-030d27335261,295616c0-387b-4f60-a337-7743cd6be04e,Bavarski dvor,232
5d7f28a6-2a2a-4333-aa06-48edfb652f86,e9d9f622-7394-4c5c-9031-a41855a64aa7,a719a87c-4e93-4387-a6d1-2631a487f7e0,Ajdovščina,254
1e157c31-d34d-4c2e-91b4-8c000c88f6dd,4d216485-ef41-45e7-9182-0c254644955c,98fa3880-5936-4ec8-ba04-39c7ff9a0e6a,Stara cerkev,304
c627c9f2-af02-4d83-969a-566719bb09e3,609f0950-bb8c-4eaf-a931-8575b8aff1ac,484b5c91-1220-43ba-af79-84e712fcc46b,Slovenija avto,57
f33b721f-a8a3-4aad-96f2-077da09ebaa6,1b0f629f-acdb-4e94-8c54-018f4334ebf7,a0e0a21b-b8ce-4d76-bbc2-04e179367fee,Šola Jarše,66
769b7bc7-4f95-4bb2-9c99-37ba8e8b4bd5,a7094427-e180-4deb-acaf-5d4488326e9e,a0e0a21b-b8ce-4d76-bbc2-04e179367fee,Šola Jarše,412
7c149b59-2bc6-45cb-95c8-69e18a0db627,2f18bcfa-6189-4de4-b06f-132d3392e7d6,5d7f28a6-2a2a-4333-aa06-48edfb652f86,Pošta,316
77dcd833-fa4d-4c5a-93b1-31284942e61d,6c56976b-4ae1-429f-bcab-0cfc37e3580d,484b5c91-1220-43ba-af79-84e712fcc46b,Slovenija avto,390
6182f8e8-c45e-4606-b4a4-d909bd44d2cc,12304b99-9a07-485a-a101-eaca90495d48,c87db9be-1fba-4102-a743-0ee4317dd5af,Bavarski dvor,14
fef200e9-4d98-425b-ab14-8110e2aa85d7,379bc761-04b5-4227-be76-3b870fe3e69f,a719a87c-4e93-4387-a6d1-2631a487f7e0,Ajdovščina,25
21764d19-62cc-49fd-bac9-403aeac6a6b9,38b3abed-0592-407b-96c3-85a026f2e192,717dda7e-d793-4697-8f60-b64ee8b1edc4,Gosposvetska,53
3fbf6322-fb74-4a50-a81a-bfca73abc26b,4038e02e-f22f-4af0-ba4f-7aab855b53af,a0b1fb90-3f6a-4231-910a-18be192ac762,Flajšmanova,15
093afa81-b65f-4182-bac3-afbc00558a9b,c297ac70-8f43-4fbc-a8a4-366ddb883a8d,295616c0-387b-4f60-a337-7743cd6be04e,Bavarski dvor,128
295616c0-387b-4f60-a337-7743cd6be04e,e468b92f-fa4a-4819-bb11-37761deaf4ca,f33b721f-a8a3-4aad-96f2-077da09ebaa6,Razstavišče,117
1505c6fe-6080-424e-98d1-24c312cfacf3,9a1c4c65-df77-481f-87ad-56143f02a864,9a1c4c65-df77-481f-87ad-56143f02a864,Vižmarje,106
093afa81-b65f-4182-bac3-afbc00558a9b,eb165f50-9c43-4b09-9658-469a16d3dc83,7fa32ea0-e884-435a-a81c-51bbd5cedf3e,Zaloška,333
ab987eb0-c970-4577-8db9-0cd507a6cab6,3fbf6322-fb74-4a50-a81a-bfca73abc26b,6a89c110-a0f8-4b1a-87f0-33f49c0a658e,Šola Jarše,430
c297ac70-8f43-4fbc-a8a4-366ddb883a8d,ac3afe7d-a2b3-4d5d-9e6a-1d2412a3bc70,c87db9be-1fba-4102-a743-0ee4317dd5af,Bavarski dvor,345
6bd46cb7-9e5d-453a-878a-bcc38fb2a5f2,91fb6c6e-49cf-49d3-97d4-6ae228f9bfa1,c87db9be-1fba-4102-a743-0ee4317dd5af,Bavarski dvor,192
0b4a072e-6c2d-4c71-ab80-2b7142df81de,9746f277-af08-4cce-92fa-41da5eca8ac2,a719a87c-4e93-4387-a6d1-2631a487f7e0,Ajdovščina,34
2ec182e2-769f-427f-b9b5-c4118890cb96,d4c51b31-46fd-4da8-ba15-8068e666d483,484b5c91-1220-43ba-af79-84e712fcc46b,Slovenija avto,18
12304b99-9a07-485a-a101-eaca90495d48,abc9fd26-5442-468b-93b6-4d5eb76d0f1f,484b5c91-1220-43ba-af79-84e712fcc46b,Slovenija avto,120
8c7fa045-888b-46d0-8189-6f82623bf481,aa42017d-812a-4175-bc9b-0fec03b18931,295616c0-387b-4f60-a337-7743cd6be04e,Bavarski dvor,30
609f0950-bb8c-4eaf-a931-8575b8aff1ac,52e5adea-e194-4fc1-809c-1d6421f8f8db,c87db9be-1fba-4102-a743-0ee4317dd5af,Bavarski dvor,31
e6f5183b-c615-4f47-b4fb-204ee070e825,98b60d07-8054-441a-be44-be7aa24f4253,295616c0-387b-4f60-a337-7743cd6be04e,Bavarski dvor,195
4e8ccfa1-b58c-4ee1-ad82-2e8a645071f3,7bcbdcaa-00b9-47d4-8982-09da26cd7bcb,a719a87c-4e93-4387-a6d1-2631a487f7e0,Ajdovščina,156
25cde952-4896-4977-b229-75e09b3e3661,5de84f88-3f32-4636-8c30-03cc267ecf37,a719a87c-4e93-4387-a6d1-2631a487f7e0,Ajdovščina,148
a719a87c-4e93-4387-a6d1-2631a487f7e0,e786b2df-34ed-4246-832e-7c3d538ac1f4,98fa3880-5936-4ec8-ba04-39c7ff9a0e6a,Stara cerkev,87
484b5c91-1220-43ba-af79-84e712fcc46b,717c914e-f928-4671-95f6-26c1ddb95799,c87db9be-1fba-4102-a743-0ee4317dd5af,Bavarski dvor,351
0dc86a8f-0f41-44c7-978c-e06cb63cbbcf,4038e02e-f22f-4af0-ba4f-7aab855b53af,fef200e9-4d98-425b-ab14-8110e2aa85d7,Drama,103
717dda7e-d793-4697-8f60-b64ee8b1edc4,58db973d-ecbb-4aa6-a56c-c26aaff7f263,a719a87c-4e93-4387-a6d1-2631a487f7e0,Ajdovščina,93
454817d3-3750-49c7-994c-14d06fd2c634,7fa32ea0-e884-435a-a81c-51bbd5cedf3e,c87db9be-1fba-4102-a743-0ee4317dd5af,Bavarski dvor,194
6182f8e8-c45e-4606-b4a4-d909bd44d2cc,2ec182e2-769f-427f-b9b5-c4118890cb96,c87db9be-1fba-4102-a743-0ee4317dd5af,Bavarski dvor,54
fef200e9-4d98-425b-ab14-8110e2aa85d7,1035c6f7-304e-4329-a3b2-4eb5d985a577,cdabf1ea-b04c-480a-8359-72c46e6864ab,Bežigrad,136
47a3bd8a-72ae-4e20-b43f-10bfaf49012c,9a14b0ec-f13a-46f0-8c4f-07d8b99241e2,484b5c91-1220-43ba-af79-84e712fcc46b,Slovenija avto,22
0be237aa-4b91-4d2b-ac23-0cebac975a0d,38b3abed-0592-407b-96c3-85a026f2e192,a719a87c-4e93-4387-a6d1-2631a487f7e0,Ajdovščina,208
abc9fd26-5442-468b-93b6-4d5eb76d0f1f,5cc8a08d-c0af-491f-9a9c-b8b4f5f23bc0,c87db9be-1fba-4102-a743-0ee4317dd5af,Bavarski dvor,18
bc66f88b-1412-44cb-b921-030d27335261,6a89c110-a0f8-4b1a-87f0-33f49c0a658e,c22879e5-8e90-4540-9a74-5f139208e492,Friškovec,96
1b0f629f-acdb-4e94-8c54-018f4334ebf7,3edd6057-3847-4c42-b8ec-6e89ff95793a,a719a87c-4e93-4387-a6d1-2631a487f7e0,Ajdovščina,140
98fa3880-5936-4ec8-ba04-39c7ff9a0e6a,223f660b-c391-4120-bf3c-7bf06781686b,295616c0-387b-4f60-a337-7743cd6be04e,Bavarski dvor,151
5d7f28a6-2a2a-4333-aa06-48edfb652f86,e6f5183b-c615-4f47-b4fb-204ee070e825,c87db9be-1fba-4102-a743-0ee4317dd5af,Bavarski dvor,94
fef200e9-4d98-425b-ab14-8110e2aa85d7,9746f277-af08-4cce-92fa-41da5eca8ac2,295616c0-387b-4f60-a337-7743cd6be04e,Bavarski dvor,15
8eeea585-6168-45b8-a5d4-336e61826043,6182f8e8-c45e-4606-b4a4-d909bd44d2cc,1ce1c3a8-e0f6-4f90-b1aa-1448759d8b3c,Astra,45
7bcbdcaa-00b9-47d4-8982-09da26cd7bcb,cee2862b-9b70-4880-8fa3-16c6d2efae1b,a719a87c-4e93-4387-a6d1-2631a487f7e0,Ajdovščina,220
f4cfd904-bd11-4247-95df-32c4555a930f,9bd3ee10-bc61-44e8-8cf3-a37cffd54da0,7fad8003-fb10-489d-bf8d-6d433310ad90,Nove Jarše,66
223f660b-c391-4120-bf3c-7bf06781686b,98fa3880-5936-4ec8-ba04-39c7ff9a0e6a,c87db9be-1fba-4102-a743-0ee4317dd5af,Bavarski dvor,301
e0bcd677-6012-4c90-a884-44dffafdffec,48b163cd-b819-4849-aee1-8b1da77657ab,592b37eb-8255-4758-ae8a-7cef98521013,Rogovilc,518
7fad8003-fb10-489d-bf8d-6d433310ad90,294c40c4-18e4-4d92-a947-911a8623de89,a719a87c-4e93-4387-a6d1-2631a487f7e0,Ajdovščina,27
093afa81-b65f-4182-bac3-afbc00558a9b,1b3ddeca-a066-43ee-9ae5-8339628129c2,c22879e5-8e90-4540-9a74-5f139208e492,Friškovec,13
e9382efd-d64d-46b0-9a7d-a4e6a0188725,592b37eb-8255-4758-ae8a-7cef98521013,454817d3-3750-49c7-994c-14d06fd2c634,Žale,89
9746f277-af08-4cce-92fa-41da5eca8ac2,c5ec5e81-2ce4-452d-bd7a-595de4f8b34f,295616c0-387b-4f60-a337-7743cd6be04e,Bavarski dvor,641
7fad8003-fb10-489d-bf8d-6d433310ad90,fb7704f0-d31e-4561-83e4-621a8c62654b,295616c0-387b-4f60-a337-7743cd6be04e,Bavarski dvor,77
223f660b-c391-4120-bf3c-7bf06781686b,1ce1c3a8-e0f6-4f90-b1aa-1448759d8b3c,98fa3880-5936-4ec8-ba04-39c7ff9a0e6a,Stara cerkev,32
769b7bc7-4f95-4bb2-9c99-37ba8e8b4bd5,dfde6478-02b5-471b-a470-29cb0e84542f,ecc4ae87-ae08-4b94-995c-452fdd94df7f,Privoz,351
eb165f50-9c43-4b09-9658-469a16d3dc83,6edebb46-d04f-45c4-99a4-100f7f0b2660,295616c0-387b-4f60-a337-7743cd6be04e,Bavarski dvor,215
e468b92f-fa4a-4819-bb11-37761deaf4ca,4e8ccfa1-b58c-4ee1-ad82-2e8a645071f3,295616c0-387b-4f60-a337-7743cd6be04e,Bavarski dvor,94
6c56976b-4ae1-429f-bcab-0cfc37e3580d,4038e02e-f22f-4af0-ba4f-7aab855b53af,86a75ffc-a78f-401f-8991-2eb0371417b2,Studenec,17
7fad8003-fb10-489d-bf8d-6d433310ad90,e9382efd-d64d-46b0-9a7d-a4e6a0188725,c87db9be-1fba-4102-a743-0ee4317dd5af,Bavarski dvor,358
ac3afe7d-a2b3-4d5d-9e6a-1d2412a3bc70,a7094427-e180-4deb-acaf-5d4488326e9e,a719a87c-4e93-4387-a6d1-2631a487f7e0,Ajdovščina,42
4d216485-ef41-45e7-9182-0c254644955c,2388ce1f-c947-42d7-97f3-e01a7254c933,N/A,N/A,660
6459bd02-d8f8-413e-9402-10b916f09a4f,0be237aa-4b91-4d2b-ac23-0cebac975a0d,fef200e9-4d98-425b-ab14-8110e2aa85d7,Drama,251
96d4c75b-6452-4c70-a31e-c234262ba38b,a7094427-e180-4deb-acaf-5d4488326e9e,295616c0-387b-4f60-a337-7743cd6be04e,Bavarski dvor,178
295616c0-387b-4f60-a337-7743cd6be04e,aa42017d-812a-4175-bc9b-0fec03b18931,fef200e9-4d98-425b-ab14-8110e2aa85d7,Drama,73
7fa32ea0-e884-435a-a81c-51bbd5cedf3e,dfde6478-02b5-471b-a470-29cb0e84542f,a719a87c-4e93-4387-a6d1-2631a487f7e0,Ajdovščina,144
717dda7e-d793-4697-8f60-b64ee8b1edc4,a0b1fb90-3f6a-4231-910a-18be192ac762,c22879e5-8e90-4540-9a74-5f139208e492,Friškovec,99
1ce1c3a8-e0f6-4f90-b1aa-1448759d8b3c,294c40c4-18e4-4d92-a947-911a8623de89,923bd774-0651-4e0a-8624-3acfb7ecd5ff,Gornje Poljane,233
2388ce1f-c947-42d7-97f3-e01a7254c933,d4c51b31-46fd-4da8-ba15-8068e666d483,N/A,N/A,660
abc9fd26-5442-468b-93b6-4d5eb76d0f1f,35aedf45-cca3-4f2f-931b-138d29d20fe9,77dcd833-fa4d-4c5a-93b1-31284942e61d,Šišenska,71
6182f8e8-c45e-4606-b4a4-d909bd44d2cc,f33b721f-a8a3-4aad-96f2-077da09ebaa6,023d7b7a-b411-4e61-8746-b07f9e5c8f90,Ambrožev trg,9
91fb6c6e-49cf-49d3-97d4-6ae228f9bfa1,c87db9be-1fba-4102-a743-0ee4317dd5af,98fa3880-5936-4ec8-ba04-39c7ff9a0e6a,Stara cerkev,45
5de84f88-3f32-4636-8c30-03cc267ecf37,6559d555-672b-4633-8a81-0ae68fb963eb,7bcbdcaa-00b9-47d4-8982-09da26cd7bcb,Zaloška,34
52e5adea-e194-4fc1-809c-1d6421f8f8db,c627c9f2-af02-4d83-969a-566719bb09e3,5de84f88-3f32-4636-8c30-03cc267ecf37,Podvozna pot,647
4d216485-ef41-45e7-9182-0c254644955c,454817d3-3750-49c7-994c-14d06fd2c634,a719a87c-4e93-4387-a6d1-2631a487f7e0,Ajdovščina,21
88cdd36c-03d2-4374-a22f-110dd9f75ea0,0be237aa-4b91-4d2b-ac23-0cebac975a0d,5d7f28a6-2a2a-4333-aa06-48edfb652f86,Pošta,352
609f0950-bb8c-4eaf-a931-8575b8aff1ac,05643914-8ff7-4064-8737-2761d44a083f,1b3ddeca-a066-43ee-9ae5-8339628129c2,Žale,255
8512e1be-4637-483b-a3e6-78ccc6d2c5b1,5de6ff80-1352-43df-b5ec-1df59f2f492b,a719a87c-4e93-4387-a6d1-2631a487f7e0,Ajdovščina,67
fb7704f0-d31e-4561-83e4-621a8c62654b,c87db9be-1fba-4102-a743-0ee4317dd5af,5d7f28a6-2a2a-4333-aa06-48edfb652f86,Pošta,582
093afa81-b65f-4182-bac3-afbc00558a9b,ecc4ae87-ae08-4b94-995c-452fdd94df7f,fef200e9-4d98-425b-ab14-8110e2aa85d7,Drama,557
fb0042f8-d9e2-4916-b60a-38a026acf0c9,0dc86a8f-0f41-44c7-978c-e06cb63cbbcf,7fad8003-fb10-489d-bf8d-6d433310ad90,Nove Jarše,41
8512e1be-4637-483b-a3e6-78ccc6d2c5b1,c627c9f2-af02-4d83-969a-566719bb09e3,717dda7e-d793-4697-8f60-b64ee8b1edc4,Gosposvetska,83
eb165f50-9c43-4b09-9658-469a16d3dc83,7c149b59-2bc6-45cb-95c8-69e18a0db627,f14a6236-8af2-47bf-9270-432377662a63,Viadukt,160
8512e1be-4637-483b-a3e6-78ccc6d2c5b1,db13a26e-19d4-4b8a-a78a-01ef25d58834,5d7f28a6-2a2a-4333-aa06-48edfb652f86,Pošta,127
ab987eb0-c970-4577-8db9-0cd507a6cab6,8c7fa045-888b-46d0-8189-6f82623bf481,77dcd833-fa4d-4c5a-93b1-31284942e61d,Šišenska,13
f33b721f-a8a3-4aad-96f2-077da09ebaa6,5de6ff80-1352-43df-b5ec-1df59f2f492b,484b5c91-1220-43ba-af79-84e712fcc46b,Slovenija avto,86
f14a6236-8af2-47bf-9270-432377662a63,6bd46cb7-9e5d-453a-878a-bcc38fb2a5f2,7fad8003-fb10-489d-bf8d-6d433310ad90,Nove Jarše,335
ef31a8be-b01d-44cd-95cf-3db8e918af26,6182f8e8-c45e-4606-b4a4-d909bd44d2cc,5d7f28a6-2a2a-4333-aa06-48edfb652f86,Pošta,165
c0ff37c8-ac6c-4284-ad32-0ad29fd30dc2,484b5c91-1220-43ba-af79-84e712fcc46b,7fad8003-fb10-489d-bf8d-6d433310ad90,Nove Jarše,297
5de6ff80-1352-43df-b5ec-1df59f2f492b,454817d3-3750-49c7-994c-14d06fd2c634,b59656a4-b6e7-4b87-977c-078c59088a50,Hajdrihova,152
c87db9be-1fba-4102-a743-0ee4317dd5af,cee2862b-9b70-4880-8fa3-16c6d2efae1b,295616c0-387b-4f60-a337-7743cd6be04e,Bavarski dvor,117
e0bcd677-6012-4c90-a884-44dffafdffec,dfde6478-02b5-471b-a470-29cb0e84542f,c87db9be-1fba-4102-a743-0ee4317dd5af,Bavarski dvor,59
f33b721f-a8a3-4aad-96f2-077da09ebaa6,a7094427-e180-4deb-acaf-5d4488326e9e,fef200e9-4d98-425b-ab14-8110e2aa85d7,Drama,62
8eeea585-6168-45b8-a5d4-336e61826043,c0ff37c8-ac6c-4284-ad32-0ad29fd30dc2,7eb88e01-82e9-4af4-84d0-69c6ea9dc82c,Kolodvor,96
592b37eb-8255-4758-ae8a-7cef98521013,717dda7e-d793-4697-8f60-b64ee8b1edc4,295616c0-387b-4f60-a337-7743cd6be04e,Bavarski dvor,96
8512e1be-4637-483b-a3e6-78ccc6d2c5b1,6edebb46-d04f-45c4-99a4-100f7f0b2660,5d7f28a6-2a2a-4333-aa06-48edfb652f86,Pošta,529
59ee5f7d-476b-4958-a922-2040a9308f3b,8eeea585-6168-45b8-a5d4-336e61826043,c87db9be-1fba-4102-a743-0ee4317dd5af,Bavarski dvor,123
a2f479c6-4c21-4923-b4ac-86f752507cee,e0bcd677-6012-4c90-a884-44dffafdffec,N/A,N/A,660
21764d19-62cc-49fd-bac9-403aeac6a6b9,8eeea585-6168-45b8-a5d4-336e61826043,f33b721f-a8a3-4aad-96f2-077da09ebaa6,Razstavišče,55
5de84f88-3f32-4636-8c30-03cc267ecf37,1dc99fbb-5496-4aab-a4b6-32e653ccc789,454817d3-3750-49c7-994c-14d06fd2c634,Žale,7
d98335a0-1291-4d4c-be62-16b11c356575,c297ac70-8f43-4fbc-a8a4-366ddb883a8d,295616c0-387b-4f60-a337-7743cd6be04e,Bavarski dvor,80
52e5adea-e194-4fc1-809c-1d6421f8f8db,f2b27cbd-5207-4281-8f67-6369d0c50a9b,a719a87c-4e93-4387-a6d1-2631a487f7e0,Ajdovščina,120
d98335a0-1291-4d4c-be62-16b11c356575,ac3afe7d-a2b3-4d5d-9e6a-1d2412a3bc70,cdabf1ea-b04c-480a-8359-72c46e6864ab,Bežigrad,65
c297ac70-8f43-4fbc-a8a4-366ddb883a8d,7bcbdcaa-00b9-47d4-8982-09da26cd7bcb,7bcbdcaa-00b9-47d4-8982-09da26cd7bcb,Zaloška,35
d98335a0-1291-4d4c-be62-16b11c356575,8512e1be-4637-483b-a3e6-78ccc6d2c5b1,a719a87c-4e93-4387-a6d1-2631a487f7e0,Ajdovščina,467
47a3bd8a-72ae-4e20-b43f-10bfaf49012c,7310c006-62b8-4f94-bb9c-d5c26cb3faad,295616c0-387b-4f60-a337-7743cd6be04e,Bavarski dvor,197
454817d3-3750-49c7-994c-14d06fd2c634,25cde952-4896-4977-b229-75e09b3e3661,5d7f28a6-2a2a-4333-aa06-48edfb652f86,Pošta,334
98fa3880-5936-4ec8-ba04-39c7ff9a0e6a,aa42017d-812a-4175-bc9b-0fec03b18931,295616c0-387b-4f60-a337-7743cd6be04e,Bavarski dvor,67
bc66f88b-1412-44cb-b921-030d27335261,77dcd833-fa4d-4c5a-93b1-31284942e61d,fef200e9-4d98-425b-ab14-8110e2aa85d7,Drama,27
db13a26e-19d4-4b8a-a78a-01ef25d58834,05643914-8ff7-4064-8737-2761d44a083f,abc9fd26-5442-468b-93b6-4d5eb76d0f1f,BTC-Emporium,58
59ee5f7d-476b-4958-a922-2040a9308f3b,05643914-8ff7-4064-8737-2761d44a083f,454817d3-3750-49c7-994c-14d06fd2c634,Žale,260
59ee5f7d-476b-4958-a922-2040a9308f3b,6559d555-672b-4633-8a81-0ae68fb963eb,48b163cd-b819-4849-aee1-8b1da77657ab,Šentvid,41
4d216485-ef41-45e7-9182-0c254644955c,6bd46cb7-9e5d-453a-878a-bcc38fb2a5f2,a719a87c-4e93-4387-a6d1-2631a487f7e0,Ajdovščina,10
454817d3-3750-49c7-994c-14d06fd2c634,e786b2df-34ed-4246-832e-7c3d538ac1f4,1ce1c3a8-e0f6-4f90-b1aa-1448759d8b3c,Astra,465
fb7704f0-d31e-4561-83e4-621a8c62654b,454817d3-3750-49c7-994c-14d06fd2c634,N/A,N/A,660
8598b85d-3e1d-4767-b72f-0c209038841f,52e5adea-e194-4fc1-809c-1d6421f8f8db,717dda7e-d793-4697-8f60-b64ee8b1edc4,Gosposvetska,86
1e157c31-d34d-4c2e-91b4-8c000c88f6dd,5de6ff80-1352-43df-b5ec-1df59f2f492b,454817d3-3750-49c7-994c-14d06fd2c634,Žale,44
7c149b59-2bc6-45cb-95c8-69e18a0db627,3fbf6322-fb74-4a50-a81a-bfca73abc26b,7fad8003-fb10-489d-bf8d-6d433310ad90,Nove Jarše,72
2f18bcfa-6189-4de4-b06f-132d3392e7d6,271db19a-744b-41a0-869d-0c3e0e2cb6bf,f33b721f-a8a3-4aad-96f2-077da09ebaa6,Razstavišče,441
81f21fc1-3bd2-4d2a-b563-2d063479c68e,5cc8a08d-c0af-491f-9a9c-b8b4f5f23bc0,9a1c4c65-df77-481f-87ad-56143f02a864,Vižmarje,24
aa42017d-812a-4175-bc9b-0fec03b18931,77dcd833-fa4d-4c5a-93b1-31284942e61d,fef200e9-4d98-425b-ab14-8110e2aa85d7,Drama,140
d98335a0-1291-4d4c-be62-16b11c356575,484b5c91-1220-43ba-af79-84e712fcc46b,a0e0a21b-b8ce-4d76-bbc2-04e179367fee,Šola Jarše,47
592b37eb-8255-4758-ae8a-7cef98521013,9b0074d2-2c92-4c01-830b-00be8e05b412,1ce1c3a8-e0f6-4f90-b1aa-1448759d8b3c,Astra,427
abc9fd26-5442-468b-93b6-4d5eb76d0f1f,0b4a072e-6c2d-4c71-ab80-2b7142df81de,f33b721f-a8a3-4aad-96f2-077da09ebaa6,Razstavišče,499
a2ce7e6f-0f99-443a-a973-81a0b9c60261,223f660b-c391-4120-bf3c-7bf06781686b,5d7f28a6-2a2a-4333-aa06-48edfb652f86,Pošta,246
e6f5183b-c615-4f47-b4fb-204ee070e825,a2f479c6-4c21-4923-b4ac-86f752507cee,N/A,N/A,660
9746f277-af08-4cce-92fa-41da5eca8ac2,f14a6236-8af2-47bf-9270-432377662a63,81f21fc1-3bd2-4d2a-b563-2d063479c68e,Štepanja vas,410
1eadcdb9-60cd-47c9-8eec-527c3465a685,d4c51b31-46fd-4da8-ba15-8068e666d483,717dda7e-d793-4697-8f60-b64ee8b1edc4,Gosposvetska,54
454817d3-3750-49c7-994c-14d06fd2c634,7eb88e01-82e9-4af4-84d0-69c6ea9dc82c,484b5c91-1220-43ba-af79-84e712fcc46b,Slovenija avto,299
2f874852-bc80-4ff3-b6bf-a914e31251c8,c5ec5e81-2ce4-452d-bd7a-595de4f8b34f,7fad8003-fb10-489d-bf8d-6d433310ad90,Nove Jarše,21
59ee5f7d-476b-4958-a922-2040a9308f3b,77dcd833-fa4d-4c5a-93b1-31284942e61d,fef200e9-4d98-425b-ab14-8110e2aa85d7,Drama,176
4038e02e-f22f-4af0-ba4f-7aab855b53af,58db973d-ecbb-4aa6-a56c-c26aaff7f263,fef200e9-4d98-425b-ab14-8110e2aa85d7,Drama,107
7c149b59-2bc6-45cb-95c8-69e18a0db627,4038e02e-f22f-4af0-ba4f-7aab855b53af,a719a87c-4e93-4387-a6d1-2631a487f7e0,Ajdovščina,90
093afa81-b65f-4182-bac3-afbc00558a9b,5d7f28a6-2a2a-4333-aa06-48edfb652f86,f2b27cbd-5207-4281-8f67-6369d0c50a9b,Kodrova,10
093afa81-b65f-4182-bac3-afbc00558a9b,f33b721f-a8a3-4aad-96f2-077da09ebaa6,7bcbdcaa-00b9-47d4-8982-09da26cd7bcb,Zaloška,309
2388ce1f-c947-42d7-97f3-e01a7254c933,c5ec5e81-2ce4-452d-bd7a-595de4f8b34f,N/A,N/A,660
aa42017d-812a-4175-bc9b-0fec03b18931,9a14b0ec-f13a-46f0-8c4f-07d8b99241e2,717dda7e-d793-4697-8f60-b64ee8b1edc4,Gosposvetska,292
c0ff37c8-ac6c-4284-ad32-0ad29fd30dc2,ac3afe7d-a2b3-4d5d-9e6a-1d2412a3bc70,f33b721f-a8a3-4aad-96f2-077da09ebaa6,Razstavišče,43
cdabf1ea-b04c-480a-8359-72c46e6864ab,a0e0a21b-b8ce-4d76-bbc2-04e179367fee,7310c006-62b8-4f94-bb9c-d5c26cb3faad,Polje,22
d4c51b31-46fd-4da8-ba15-8068e666d483,8c7fa045-888b-46d0-8189-6f82623bf481,717dda7e-d793-4697-8f60-b64ee8b1edc4,Gosposvetska,52
ac3afe7d-a2b3-4d5d-9e6a-1d2412a3bc70,7484317c-269f-425f-8118-23eedab4e5f1,c87db9be-1fba-4102-a743-0ee4317dd5af,Bavarski dvor,138
277bc73c-e61d-4046-bcfd-31d6161c568e,e6f5183b-c615-4f47-b4fb-204ee070e825,c87db9be-1fba-4102-a743-0ee4317dd5af,Bavarski dvor,236
80c65758-5f25-4003-8d55-10ff96fe8310,294c40c4-18e4-4d92-a947-911a8623de89,6182f8e8-c45e-4606-b4a4-d909bd44d2cc,Gornji trg,4
4ca7ae7e-380b-45e3-81de-00ffab5bb531,7fad8003-fb10-489d-bf8d-6d433310ad90,295616c0-387b-4f60-a337-7743cd6be04e,Bavarski dvor,158
093afa81-b65f-4182-bac3-afbc00558a9b,379bc761-04b5-4227-be76-3b870fe3e69f,9bd3ee10-bc61-44e8-8cf3-a37cffd54da0,DOMŽALE kolodvor,325
f15ddf31-fc11-41ba-988d-376c83e38f58,1eadcdb9-60cd-47c9-8eec-527c3465a685,c87db9be-1fba-4102-a743-0ee4317dd5af,Bavarski dvor,78
1b0f629f-acdb-4e94-8c54-018f4334ebf7,717dda7e-d793-4697-8f60-b64ee8b1edc4,5d7f28a6-2a2a-4333-aa06-48edfb652f86,Pošta,337
a0e0a21b-b8ce-4d76-bbc2-04e179367fee,cdabf1ea-b04c-480a-8359-72c46e6864ab,f33b721f-a8a3-4aad-96f2-077da09ebaa6,Razstavišče,135
277bc73c-e61d-4046-bcfd-31d6161c568e,9746f277-af08-4cce-92fa-41da5eca8ac2,fef200e9-4d98-425b-ab14-8110e2aa85d7,Drama,11
47637057-8d6a-4cf9-bd56-3ac90748fcc4,7eb88e01-82e9-4af4-84d0-69c6ea9dc82c,cdabf1ea-b04c-480a-8359-72c46e6864ab,Bežigrad,67
48b163cd-b819-4849-aee1-8b1da77657ab,48b163cd-b819-4849-aee1-8b1da77657ab,ac3afe7d-a2b3-4d5d-9e6a-1d2412a3bc70,Litostrojska,1
c5ec5e81-2ce4-452d-bd7a-595de4f8b34f,81f21fc1-3bd2-4d2a-b563-2d063479c68e,38b3abed-0592-407b-96c3-85a026f2e192,Dalmatinova,75
1035c6f7-304e-4329-a3b2-4eb5d985a577,9a1c4c65-df77-481f-87ad-56143f02a864,a719a87c-4e93-4387-a6d1-2631a487f7e0,Ajdovščina,125
9bd3ee10-bc61-44e8-8cf3-a37cffd54da0,1b0f629f-acdb-4e94-8c54-018f4334ebf7,5d7f28a6-2a2a-4333-aa06-48edfb652f86,Pošta,47
3fbf6322-fb74-4a50-a81a-bfca73abc26b,9cfac7e2-9653-4e52-a6d3-27756d27f817,c87db9be-1fba-4102-a743-0ee4317dd5af,Bavarski dvor,213
38b3abed-0592-407b-96c3-85a026f2e192,5de84f88-3f32-4636-8c30-03cc267ecf37,7fa32ea0-e884-435a-a81c-51bbd5cedf3e,Zaloška,73
cee2862b-9b70-4880-8fa3-16c6d2efae1b,2f18bcfa-6189-4de4-b06f-132d3392e7d6,a0e0a21b-b8ce-4d76-bbc2-04e179367fee,Šola Jarše,7
923bd774-0651-4e0a-8624-3acfb7ecd5ff,1eadcdb9-60cd-47c9-8eec-527c3465a685,f33b721f-a8a3-4aad-96f2-077da09ebaa6,Razstavišče,11
a719a87c-4e93-4387-a6d1-2631a487f7e0,db13a26e-19d4-4b8a-a78a-01ef25d58834,609f0950-bb8c-4eaf-a931-8575b8aff1ac,Savske stolpnice,48
a7177a3d-8db2-43fb-8910-f95857f0ed97,5cc8a08d-c0af-491f-9a9c-b8b4f5f23bc0,N/A,N/A,660
7fad8003-fb10-489d-bf8d-6d433310ad90,35aedf45-cca3-4f2f-931b-138d29d20fe9,a719a87c-4e93-4387-a6d1-2631a487f7e0,Ajdovščina,6
4ca7ae7e-380b-45e3-81de-00ffab5bb531,9b0074d2-2c92-4c01-830b-00be8e05b412,295616c0-387b-4f60-a337-7743cd6be04e,Bavarski dvor,118
e468b92f-fa4a-4819-bb11-37761deaf4ca,6bd46cb7-9e5d-453a-878a-bcc38fb2a5f2,7fad8003-fb10-489d-bf8d-6d433310ad90,Nove Jarše,185
a0b1fb90-3f6a-4231-910a-18be192ac762,1b3ddeca-a066-43ee-9ae5-8339628129c2,98fa3880-5936-4ec8-ba04-39c7ff9a0e6a,Stara cerkev,349
8598b85d-3e1d-4767-b72f-0c209038841f,9bd3ee10-bc61-44e8-8cf3-a37cffd54da0,5d7f28a6-2a2a-4333-aa06-48edfb652f86,Pošta,52
f2b27cbd-5207-4281-8f67-6369d0c50a9b,1b0f629f-acdb-4e94-8c54-018f4334ebf7,c87db9be-1fba-4102-a743-0ee4317dd5af,Bavarski dvor,138
295616c0-387b-4f60-a337-7743cd6be04e,a719a87c-4e93-4387-a6d1-2631a487f7e0,38b3abed-0592-407b-96c3-85a026f2e192,Dalmatinova,491
aa42017d-812a-4175-bc9b-0fec03b18931,fb7704f0-d31e-4561-83e4-621a8c62654b,c87db9be-1fba-4102-a743-0ee4317dd5af,Bavarski dvor,41
ab987eb0-c970-4577-8db9-0cd507a6cab6,6a89c110-a0f8-4b1a-87f0-33f49c0a658e,c87db9be-1fba-4102-a743-0ee4317dd5af,Bavarski dvor,340
dfde6478-02b5-471b-a470-29cb0e84542f,5de6ff80-1352-43df-b5ec-1df59f2f492b,21764d19-62cc-49fd-bac9-403aeac6a6b9,Ježica,194
7fad8003-fb10-489d-bf8d-6d433310ad90,9bd3ee10-bc61-44e8-8cf3-a37cffd54da0,a7094427-e180-4deb-acaf-5d4488326e9e,ZADOBROVA,114
c627c9f2-af02-4d83-969a-566719bb09e3,6182f8e8-c45e-4606-b4a4-d909bd44d2cc,fef200e9-4d98-425b-ab14-8110e2aa85d7,Drama,192
5de6ff80-1352-43df-b5ec-1df59f2f492b,e468b92f-fa4a-4819-bb11-37761deaf4ca,f33b721f-a8a3-4aad-96f2-077da09ebaa6,Razstavišče,146
47637057-8d6a-4cf9-bd56-3ac90748fcc4,9cfac7e2-9653-4e52-a6d3-27756d27f817,c87db9be-1fba-4102-a743-0ee4317dd5af,Bavarski dvor,482
1ce1c3a8-e0f6-4f90-b1aa-1448759d8b3c,5d7f28a6-2a2a-4333-aa06-48edfb652f86,fef200e9-4d98-425b-ab14-8110e2aa85d7,Drama,189
4038e02e-f22f-4af0-ba4f-7aab855b53af,2f874852-bc80-4ff3-b6bf-a914e31251c8,1b3ddeca-a066-43ee-9ae5-8339628129c2,Žale,370
21764d19-62cc-49fd-bac9-403aeac6a6b9,c0ff37c8-ac6c-4284-ad32-0ad29fd30dc2,f14a6236-8af2-47bf-9270-432377662a63,Viadukt,297
7fad8003-fb10-489d-bf8d-6d433310ad90,7484317c-269f-425f-8118-23eedab4e5f1,7fa32ea0-e884-435a-a81c-51bbd5cedf3e,Zaloška,18
4d216485-ef41-45e7-9182-0c254644955c,98fa3880-5936-4ec8-ba04-39c7ff9a0e6a,a0b1fb90-3f6a-4231-910a-18be192ac762,Flajšmanova,222
0b4a072e-6c2d-4c71-ab80-2b7142df81de,47a3bd8a-72ae-4e20-b43f-10bfaf49012c,f2b27cbd-5207-4281-8f67-6369d0c50a9b,Kodrova,121
592b37eb-8255-4758-ae8a-7cef98521013,48507e1a-32df-4552-9448-3b345760b75f,7fa32ea0-e884-435a-a81c-51bbd5cedf3e,Zaloška,296
86a75ffc-a78f-401f-8991-2eb0371417b2,7fad8003-fb10-489d-bf8d-6d433310ad90,a719a87c-4e93-4387-a6d1-2631a487f7e0,Ajdovščina,259
98b60d07-8054-441a-be44-be7aa24f4253,abc9fd26-5442-468b-93b6-4d5eb76d0f1f,295616c0-387b-4f60-a337-7743cd6be04e,Bavarski dvor,22
6559d555-672b-4633-8a81-0ae68fb963eb,ecc4ae87-ae08-4b94-995c-452fdd94df7f,9cfac7e2-9653-4e52-a6d3-27756d27f817,Kino Šiška,423
4e8ccfa1-b58c-4ee1-ad82-2e8a645071f3,7484317c-269f-425f-8118-23eedab4e5f1,eb165f50-9c43-4b09-9658-469a16d3dc83,Kodeljevo,239
923bd774-0651-4e0a-8624-3acfb7ecd5ff,4d216485-ef41-45e7-9182-0c254644955c,a2ce7e6f-0f99-443a-a973-81a0b9c60261,Astra,216
6459bd02-d8f8-413e-9402-10b916f09a4f,47a3bd8a-72ae-4e20-b43f-10bfaf49012c,484b5c91-1220-43ba-af79-84e712fcc46b,Slovenija avto,35
a719a87c-4e93-4387-a6d1-2631a487f7e0,4038e02e-f22f-4af0-ba4f-7aab855b53af,c87db9be-1fba-4102-a743-0ee4317dd5af,Bavarski dvor,162
fb0042f8-d9e2-4916-b60a-38a026acf0c9,0dc86a8f-0f41-44c7-978c-e06cb63cbbcf,a719a87c-4e93-4387-a6d1-2631a487f7e0,Ajdovščina,28
86a75ffc-a78f-401f-8991-2eb0371417b2,c297ac70-8f43-4fbc-a8a4-366ddb883a8d,f33b721f-a8a3-4aad-96f2-077da09ebaa6,Razstavišče,185
ef31a8be-b01d-44cd-95cf-3db8e918af26,1b0f629f-acdb-4e94-8c54-018f4334ebf7,a719a87c-4e93-4387-a6d1-2631a487f7e0,Ajdovščina,133
8512e1be-4637-483b-a3e6-78ccc6d2c5b1,a719a87c-4e93-4387-a6d1-2631a487f7e0,7fa32ea0-e884-435a-a81c-51bbd5cedf3e,Zaloška,18
717dda7e-d793-4697-8f60-b64ee8b1edc4,86a75ffc-a78f-401f-8991-2eb0371417b2,98fa3880-5936-4ec8-ba04-39c7ff9a0e6a,Stara cerkev,51
a2f479c6-4c21-4923-b4ac-86f752507cee,5de84f88-3f32-4636-8c30-03cc267ecf37,N/A,N/A,660
52e5adea-e194-4fc1-809c-1d6421f8f8db,fb0042f8-d9e2-4916-b60a-38a026acf0c9,7fa32ea0-e884-435a-a81c-51bbd5cedf3e,Zaloška,175
4038e02e-f22f-4af0-ba4f-7aab855b53af,717c914e-f928-4671-95f6-26c1ddb95799,5d7f28a6-2a2a-4333-aa06-48edfb652f86,Pošta,22
cee2862b-9b70-4880-8fa3-16c6d2efae1b,cdabf1ea-b04c-480a-8359-72c46e6864ab,f14a6236-8af2-47bf-9270-432377662a63,Viadukt,134
9a14b0ec-f13a-46f0-8c4f-07d8b99241e2,48507e1a-32df-4552-9448-3b345760b75f,295616c0-387b-4f60-a337-7743cd6be04e,Bavarski dvor,195
717dda7e-d793-4697-8f60-b64ee8b1edc4,2f18bcfa-6189-4de4-b06f-132d3392e7d6,295616c0-387b-4f60-a337-7743cd6be04e,Bavarski dvor,72
52e5adea-e194-4fc1-809c-1d6421f8f8db,5cc8a08d-c0af-491f-9a9c-b8b4f5f23bc0,717dda7e-d793-4697-8f60-b64ee8b1edc4,Gosposvetska,67
a7177a3d-8db2-43fb-8910-f95857f0ed97,0dc86a8f-0f41-44c7-978c-e06cb63cbbcf,N/A,N/A,660
e468b92f-fa4a-4819-bb11-37761deaf4ca,9a14b0ec-f13a-46f0-8c4f-07d8b99241e2,98fa3880-5936-4ec8-ba04-39c7ff9a0e6a,Stara cerkev,196
023d7b7a-b411-4e61-8746-b07f9e5c8f90,c0ff37c8-ac6c-4284-ad32-0ad29fd30dc2,295616c0-387b-4f60-a337-7743cd6be04e,Bavarski dvor,487
0be237aa-4b91-4d2b-ac23-0cebac975a0d,2f18bcfa-6189-4de4-b06f-132d3392e7d6,8c7fa045-888b-46d0-8189-6f82623bf481,Poljanska,47
4d216485-ef41-45e7-9182-0c254644955c,c87db9be-1fba-4102-a743-0ee4317dd5af,a719a87c-4e93-4387-a6d1-2631a487f7e0,Ajdovščina,234
2ec182e2-769f-427f-b9b5-c4118890cb96,a2ce7e6f-0f99-443a-a973-81a0b9c60261,a719a87c-4e93-4387-a6d1-2631a487f7e0,Ajdovščina,250
bc66f88b-1412-44cb-b921-030d27335261,3fbf6322-fb74-4a50-a81a-bfca73abc26b,77dcd833-fa4d-4c5a-93b1-31284942e61d,Šišenska,125
f15ddf31-fc11-41ba-988d-376c83e38f58,cdabf1ea-b04c-480a-8359-72c46e6864ab,f33b721f-a8a3-4aad-96f2-077da09ebaa6,Razstavišče,109
9a1c4c65-df77-481f-87ad-56143f02a864,48507e1a-32df-4552-9448-3b345760b75f,aa42017d-812a-4175-bc9b-0fec03b18931,Ambrožev trg,412
eb165f50-9c43-4b09-9658-469a16d3dc83,abc9fd26-5442-468b-93b6-4d5eb76d0f1f,717dda7e-d793-4697-8f60-b64ee8b1edc4,Gosposvetska,48
6c56976b-4ae1-429f-bcab-0cfc37e3580d,e468b92f-fa4a-4819-bb11-37761deaf4ca,5d7f28a6-2a2a-4333-aa06-48edfb652f86,Pošta,56
1505c6fe-6080-424e-98d1-24c312cfacf3,1e157c31-d34d-4c2e-91b4-8c000c88f6dd,454817d3-3750-49c7-994c-14d06fd2c634,Žale,251
769b7bc7-4f95-4bb2-9c99-37ba8e8b4bd5,cdabf1ea-b04c-480a-8359-72c46e6864ab,fef200e9-4d98-425b-ab14-8110e2aa85d7,Drama,62
25cde952-4896-4977-b229-75e09b3e3661,c627c9f2-af02-4d83-969a-566719bb09e3,6a89c110-a0f8-4b1a-87f0-33f49c0a658e,Šola Jarše,478
eb165f50-9c43-4b09-9658-469a16d3dc83,609f0950-bb8c-4eaf-a931-8575b8aff1ac,cdabf1ea-b04c-480a-8359-72c46e6864ab,Bežigrad,268
6559d555-672b-4633-8a81-0ae68fb963eb,1b3ddeca-a066-43ee-9ae5-8339628129c2,f33b721f-a8a3-4aad-96f2-077da09ebaa6,Razstavišče,229
1dc99fbb-5496-4aab-a4b6-32e653ccc789,a719a87c-4e93-4387-a6d1-2631a487f7e0,7fad8003-fb10-489d-bf8d-6d433310ad90,Nove Jarše,29
fb7704f0-d31e-4561-83e4-621a8c62654b,c87db9be-1fba-4102-a743-0ee4317dd5af,98fa3880-5936-4ec8-ba04-39c7ff9a0e6a,Stara cerkev,196
98fa3880-5936-4ec8-ba04-39c7ff9a0e6a,6bd46cb7-9e5d-453a-878a-bcc38fb2a5f2,a2ce7e6f-0f99-443a-a973-81a0b9c60261,Astra,360
1505c6fe-6080-424e-98d1-24c312cfacf3,58db973d-ecbb-4aa6-a56c-c26aaff7f263,5d7f28a6-2a2a-4333-aa06-48edfb652f86,Pošta,185
3fbf6322-fb74-4a50-a81a-bfca73abc26b,1e157c31-d34d-4c2e-91b4-8c000c88f6dd,295616c0-387b-4f60-a337-7743cd6be04e,Bavarski dvor,228
277bc73c-e61d-4046-bcfd-31d6161c568e,38b3abed-0592-407b-96c3-85a026f2e192,5d7f28a6-2a2a-4333-aa06-48edfb652f86,Pošta,65
c297ac70-8f43-4fbc-a8a4-366ddb883a8d,8512e1be-4637-483b-a3e6-78ccc6d2c5b1,e6f5183b-c615-4f47-b4fb-204ee070e825,Bežigrad,150
a7094427-e180-4deb-acaf-5d4488326e9e,277bc73c-e61d-4046-bcfd-31d6161c568e,6bd46cb7-9e5d-453a-878a-bcc38fb2a5f2,Sava,126
9bd3ee10-bc61-44e8-8cf3-a37cffd54da0,47637057-8d6a-4cf9-bd56-3ac90748fcc4,295616c0-387b-4f60-a337-7743cd6be04e,Bavarski dvor,17
5d7f28a6-2a2a-4333-aa06-48edfb652f86,a2ce7e6f-0f99-443a-a973-81a0b9c60261,c87db9be-1fba-4102-a743-0ee4317dd5af,Bavarski dvor,34
6c56976b-4ae1-429f-bcab-0cfc37e3580d,923bd774-0651-4e0a-8624-3acfb7ecd5ff,484b5c91-1220-43ba-af79-84e712fcc46b,Slovenija avto,276
abc9fd26-5442-468b-93b6-4d5eb76d0f1f,c22879e5-8e90-4540-9a74-5f139208e492,fef200e9-4d98-425b-ab14-8110e2aa85d7,Drama,51
9b0074d2-2c92-4c01-830b-00be8e05b412,96d4c75b-6452-4c70-a31e-c234262ba38b,295616c0-387b-4f60-a337-7743cd6be04e,Bavarski dvor,435
e786b2df-34ed-4246-832e-7c3d538ac1f4,769b7bc7-4f95-4bb2-9c99-37ba8e8b4bd5,c87db9be-1fba-4102-a743-0ee4317dd5af,Bavarski dvor,161
e6f5183b-c615-4f47-b4fb-204ee070e825,fb7704f0-d31e-4561-83e4-621a8c62654b,093afa81-b65f-4182-bac3-afbc00558a9b,Koseze,37
8598b85d-3e1d-4767-b72f-0c209038841f,717c914e-f928-4671-95f6-26c1ddb95799,a719a87c-4e93-4387-a6d1-2631a487f7e0,Ajdovščina,305
12304b99-9a07-485a-a101-eaca90495d48,abc9fd26-5442-468b-93b6-4d5eb76d0f1f,c87db9be-1fba-4102-a743-0ee4317dd5af,Bavarski dvor,86
0be237aa-4b91-4d2b-ac23-0cebac975a0d,7fad8003-fb10-489d-bf8d-6d433310ad90,fef200e9-4d98-425b-ab14-8110e2aa85d7,Drama,582
fb0042f8-d9e2-4916-b60a-38a026acf0c9,9cfac7e2-9653-4e52-a6d3-27756d27f817,7fad8003-fb10-489d-bf8d-6d433310ad90,Nove Jarše,233
6182f8e8-c45e-4606-b4a4-d909bd44d2cc,91fb6c6e-49cf-49d3-97d4-6ae228f9bfa1,609f0950-bb8c-4eaf-a931-8575b8aff1ac,Savske stolpnice,41
5de84f88-3f32-4636-8c30-03cc267ecf37,4038e02e-f22f-4af0-ba4f-7aab855b53af,86a75ffc-a78f-401f-8991-2eb0371417b2,Studenec,69
ab987eb0-c970-4577-8db9-0cd507a6cab6,7310c006-62b8-4f94-bb9c-d5c26cb3faad,fef200e9-4d98-425b-ab14-8110e2aa85d7,Drama,215
c5ec5e81-2ce4-452d-bd7a-595de4f8b34f,a7177a3d-8db2-43fb-8910-f95857f0ed97,N/A,N/A,660
ab987eb0-c970-4577-8db9-0cd507a6cab6,4ca7ae7e-380b-45e3-81de-00ffab5bb531,a719a87c-4e93-4387-a6d1-2631a487f7e0,Ajdovščina,92
f15ddf31-fc11-41ba-988d-376c83e38f58,6a89c110-a0f8-4b1a-87f0-33f49c0a658e,6182f8e8-c45e-4606-b4a4-d909bd44d2cc,Gornji trg,79
379bc761-04b5-4227-be76-3b870fe3e69f,58db973d-ecbb-4aa6-a56c-c26aaff7f263,fef200e9-4d98-425b-ab14-8110e2aa85d7,Drama,74
7310c006-62b8-4f94-bb9c-d5c26cb3faad,9746f277-af08-4cce-92fa-41da5eca8ac2,ef31a8be-b01d-44cd-95cf-3db8e918af26,Emona,215
9b0074d2-2c92-4c01-830b-00be8e05b412,0b4a072e-6c2d-4c71-ab80-2b7142df81de,a719a87c-4e93-4387-a6d1-2631a487f7e0,Ajdovščina,27
48507e1a-32df-4552-9448-3b345760b75f,6a89c110-a0f8-4b1a-87f0-33f49c0a658e,7fa32ea0-e884-435a-a81c-51bbd5cedf3e,Zaloška,5
0dc86a8f-0f41-44c7-978c-e06cb63cbbcf,592b37eb-8255-4758-ae8a-7cef98521013,a719a87c-4e93-4387-a6d1-2631a487f7e0,Ajdovščina,576
b59656a4-b6e7-4b87-977c-078c59088a50,609f0950-bb8c-4eaf-a931-8575b8aff1ac,c87db9be-1fba-4102-a743-0ee4317dd5af,Bavarski dvor,194
96d4c75b-6452-4c70-a31e-c234262ba38b,7310c006-62b8-4f94-bb9c-d5c26cb3faad,fef200e9-4d98-425b-ab14-8110e2aa85d7,Drama,161
c87db9be-1fba-4102-a743-0ee4317dd5af,25cde952-4896-4977-b229-75e09b3e3661,5d7f28a6-2a2a-4333-aa06-48edfb652f86,Pošta,101
a7094427-e180-4deb-acaf-5d4488326e9e,f4cfd904-bd11-4247-95df-32c4555a930f,c22879e5-8e90-4540-9a74-5f139208e492,Friškovec,166
98fa3880-5936-4ec8-ba04-39c7ff9a0e6a,aa42017d-812a-4175-bc9b-0fec03b18931,f2b27cbd-5207-4281-8f67-6369d0c50a9b,Kodrova,97
4d216485-ef41-45e7-9182-0c254644955c,9bd3ee10-bc61-44e8-8cf3-a37cffd54da0,fef200e9-4d98-425b-ab14-8110e2aa85d7,Drama,499
7fa32ea0-e884-435a-a81c-51bbd5cedf3e,2ec182e2-769f-427f-b9b5-c4118890cb96,a719a87c-4e93-4387-a6d1-2631a487f7e0,Ajdovščina,198
eb165f50-9c43-4b09-9658-469a16d3dc83,2f18bcfa-6189-4de4-b06f-132d3392e7d6,a719a87c-4e93-4387-a6d1-2631a487f7e0,Ajdovščina,30
ef31a8be-b01d-44cd-95cf-3db8e918af26,3edd6057-3847-4c42-b8ec-6e89ff95793a,2f874852-bc80-4ff3-b6bf-a914e31251c8,Savske stolpnice,123
1dc99fbb-5496-4aab-a4b6-32e653ccc789,a719a87c-4e93-4387-a6d1-2631a487f7e0,a719a87c-4e93-4387-a6d1-2631a487f7e0,Ajdovščina,352
454817d3-3750-49c7-994c-14d06fd2c634,7484317c-269f-425f-8118-23eedab4e5f1,98fa3880-5936-4ec8-ba04-39c7ff9a0e6a,Stara cerkev,183
9b0074d2-2c92-4c01-830b-00be8e05b412,a2ce7e6f-0f99-443a-a973-81a0b9c60261,5d7f28a6-2a2a-4333-aa06-48edfb652f86,Pošta,163
47a3bd8a-72ae-4e20-b43f-10bfaf49012c,fb0042f8-d9e2-4916-b60a-38a026acf0c9,7fa32ea0-e884-435a-a81c-51bbd5cedf3e,Zaloška,5
4038e02e-f22f-4af0-ba4f-7aab855b53af,abc9fd26-5442-468b-93b6-4d5eb76d0f1f,7fad8003-fb10-489d-bf8d-6d433310ad90,Nove Jarše,9
a7094427-e180-4deb-acaf-5d4488326e9e,484b5c91-1220-43ba-af79-84e712fcc46b,N/A,N/A,660
fb7704f0-d31e-4561-83e4-621a8c62654b,fb0042f8-d9e2-4916-b60a-38a026acf0c9,c22879e5-8e90-4540-9a74-5f139208e492,Friškovec,320
7bcbdcaa-00b9-47d4-8982-09da26cd7bcb,d4c51b31-46fd-4da8-ba15-8068e666d483,ac3afe7d-a2b3-4d5d-9e6a-1d2412a3bc70,Litostrojska,167
e0bcd677-6012-4c90-a884-44dffafdffec,c0ff37c8-ac6c-4284-ad32-0ad29fd30dc2,7fa32ea0-e884-435a-a81c-51bbd5cedf3e,Zaloška,257
6c56976b-4ae1-429f-bcab-0cfc37e3580d,592b37eb-8255-4758-ae8a-7cef98521013,295616c0-387b-4f60-a337-7743cd6be04e,Bavarski dvor,174
a7094427-e180-4deb-acaf-5d4488326e9e,9a1c4c65-df77-481f-87ad-56143f02a864,c87db9be-1fba-4102-a743-0ee4317dd5af,Bavarski dvor,199
ef31a8be-b01d-44cd-95cf-3db8e918af26,e9d9f622-7394-4c5c-9031-a41855a64aa7,fef200e9-4d98-425b-ab14-8110e2aa85d7,Drama,90
7484317c-269f-425f-8118-23eedab4e5f1,8512e1be-4637-483b-a3e6-78ccc6d2c5b1,c22879e5-8e90-4540-9a74-5f139208e492,Friškovec,270
f33b721f-a8a3-4aad-96f2-077da09ebaa6,5de84f88-3f32-4636-8c30-03cc267ecf37,98fa3880-5936-4ec8-ba04-39c7ff9a0e6a,Stara cerkev,209
093afa81-b65f-4182-bac3-afbc00558a9b,eb165f50-9c43-4b09-9658-469a16d3dc83,295616c0-387b-4f60-a337-7743cd6be04e,Bavarski dvor,217
9bd3ee10-bc61-44e8-8cf3-a37cffd54da0,77dcd833-fa4d-4c5a-93b1-31284942e61d,c87db9be-1fba-4102-a743-0ee4317dd5af,Bavarski dvor,151
6edebb46-d04f-45c4-99a4-100f7f0b2660,e9382efd-d64d-46b0-9a7d-a4e6a0188725,c87db9be-1fba-4102-a743-0ee4317dd5af,Bavarski dvor,41
6559d555-672b-4633-8a81-0ae68fb963eb,f14a6236-8af2-47bf-9270-432377662a63,f33b721f-a8a3-4aad-96f2-077da09ebaa6,Razstavišče,166
9e109242-5aad-4fb7-b0c8-576eef8aa4e0,2388ce1f-c947-42d7-97f3-e01a7254c933,N/A,N/A,660
8598b85d-3e1d-4767-b72f-0c209038841f,a0b1fb90-3f6a-4231-910a-18be192ac762,ecc4ae87-ae08-4b94-995c-452fdd94df7f,Privoz,191
c297ac70-8f43-4fbc-a8a4-366ddb883a8d,e0bcd677-6012-4c90-a884-44dffafdffec,c87db9be-1fba-4102-a743-0ee4317dd5af,Bavarski dvor,85
454817d3-3750-49c7-994c-14d06fd2c634,717dda7e-d793-4697-8f60-b64ee8b1edc4,ef31a8be-b01d-44cd-95cf-3db8e918af26,Emona,13
05643914-8ff7-4064-8737-2761d44a083f,aa42017d-812a-4175-bc9b-0fec03b18931,98fa3880-5936-4ec8-ba04-39c7ff9a0e6a,Stara cerkev,3
3c6ebf90-c611-4535-b2b0-22fba3f7649a,277bc73c-e61d-4046-bcfd-31d6161c568e,093afa81-b65f-4182-bac3-afbc00558a9b,Koseze,358
cdabf1ea-b04c-480a-8359-72c46e6864ab,35aedf45-cca3-4f2f-931b-138d29d20fe9,fef200e9-4d98-425b-ab14-8110e2aa85d7,Drama,166
e9d9f622-7394-4c5c-9031-a41855a64aa7,cee2862b-9b70-4880-8fa3-16c6d2efae1b,7fa32ea0-e884-435a-a81c-51bbd5cedf3e,Zaloška,155
e9382efd-d64d-46b0-9a7d-a4e6a0188725,2f874852-bc80-4ff3-b6bf-a914e31251c8,1ce1c3a8-e0f6-4f90-b1aa-1448759d8b3c,Astra,79
093afa81-b65f-4182-bac3-afbc00558a9b,81f21fc1-3bd2-4d2a-b563-2d063479c68e,6a89c110-a0f8-4b1a-87f0-33f49c0a658e,Šola Jarše,79
d98335a0-1291-4d4c-be62-16b11c356575,12304b99-9a07-485a-a101-eaca90495d48,N/A,N/A,660
6182f8e8-c45e-4606-b4a4-d909bd44d2cc,a2f479c6-4c21-4923-b4ac-86f752507cee,N/A,N/A,660
c0ff37c8-ac6c-4284-ad32-0ad29fd30dc2,ab987eb0-c970-4577-8db9-0cd507a6cab6,c87db9be-1fba-4102-a743-0ee4317dd5af,Bavarski dvor,307
8589e5d1-21b4-4210-ad7a-4bf91f9a715d,21764d19-62cc-49fd-bac9-403aeac6a6b9,a0e0a21b-b8ce-4d76-bbc2-04e179367fee,Šola Jarše,160
7fa32ea0-e884-435a-a81c-51bbd5cedf3e,a719a87c-4e93-4387-a6d1-2631a487f7e0,c87db9be-1fba-4102-a743-0ee4317dd5af,Bavarski dvor,132
25cde952-4896-4977-b229-75e09b3e3661,b59656a4-b6e7-4b87-977c-078c59088a50,5d7f28a6-2a2a-4333-aa06-48edfb652f86,Pošta,642
c22879e5-8e90-4540-9a74-5f139208e492,48507e1a-32df-4552-9448-3b345760b75f,5d7f28a6-2a2a-4333-aa06-48edfb652f86,Pošta,8
8589e5d1-21b4-4210-ad7a-4bf91f9a715d,6a89c110-a0f8-4b1a-87f0-33f49c0a658e,3fbf6322-fb74-4a50-a81a-bfca73abc26b,Tacenski most,222
a719a87c-4e93-4387-a6d1-2631a487f7e0,db13a26e-19d4-4b8a-a78a-01ef25d58834,a719a87c-4e93-4387-a6d1-2631a487f7e0,Ajdovščina,198
8c7fa045-888b-46d0-8189-6f82623bf481,f2b27cbd-5207-4281-8f67-6369d0c50a9b,9cfac7e2-9653-4e52-a6d3-27756d27f817,Kino Šiška,553
ab987eb0-c970-4577-8db9-0cd507a6cab6,98b60d07-8054-441a-be44-be7aa24f4253,a719a87c-4e93-4387-a6d1-2631a487f7e0,Ajdovščina,421
7484317c-269f-425f-8118-23eedab4e5f1,1505c6fe-6080-424e-98d1-24c312cfacf3,3c6ebf90-c611-4535-b2b0-22fba3f7649a,Štajerska,99
3edd6057-3847-4c42-b8ec-6e89ff95793a,4e8ccfa1-b58c-4ee1-ad82-2e8a645071f3,a719a87c-4e93-4387-a6d1-2631a487f7e0,Ajdovščina,81
bc66f88b-1412-44cb-b921-030d27335261,48507e1a-32df-4552-9448-3b345760b75f,c87db9be-1fba-4102-a743-0ee4317dd5af,Bavarski dvor,8
4d216485-ef41-45e7-9182-0c254644955c,4d216485-ef41-45e7-9182-0c254644955c,c87db9be-1fba-4102-a743-0ee4317dd5af,Bavarski dvor,58
2f874852-bc80-4ff3-b6bf-a914e31251c8,6edebb46-d04f-45c4-99a4-100f7f0b2660,fef200e9-4d98-425b-ab14-8110e2aa85d7,Drama,502
91fb6c6e-49cf-49d3-97d4-6ae228f9bfa1,2388ce1f-c947-42d7-97f3-e01a7254c933,N/A,N/A,660
2f18bcfa-6189-4de4-b06f-132d3392e7d6,6c56976b-4ae1-429f-bcab-0cfc37e3580d,aa42017d-812a-4175-bc9b-0fec03b18931,Ambrožev trg,146
0dc86a8f-0f41-44c7-978c-e06cb63cbbcf,4ca7ae7e-380b-45e3-81de-00ffab5bb531,6c56976b-4ae1-429f-bcab-0cfc37e3580d,Zgornji log,123
717dda7e-d793-4697-8f60-b64ee8b1edc4,5d7f28a6-2a2a-4333-aa06-48edfb652f86,fef200e9-4d98-425b-ab14-8110e2aa85d7,Drama,49
05643914-8ff7-4064-8737-2761d44a083f,717c914e-f928-4671-95f6-26c1ddb95799,fef200e9-4d98-425b-ab14-8110e2aa85d7,Drama,212
a0b1fb90-3f6a-4231-910a-18be192ac762,47637057-8d6a-4cf9-bd56-3ac90748fcc4,295616c0-387b-4f60-a337-7743cd6be04e,Bavarski dvor,108
38b3abed-0592-407b-96c3-85a026f2e192,6182f8e8-c45e-4606-b4a4-d909bd44d2cc,a719a87c-4e93-4387-a6d1-2631a487f7e0,Ajdovščina,265
86a75ffc-a78f-401f-8991-2eb0371417b2,7fad8003-fb10-489d-bf8d-6d433310ad90,c87db9be-1fba-4102-a743-0ee4317dd5af,Bavarski dvor,130
cdabf1ea-b04c-480a-8359-72c46e6864ab,1b3ddeca-a066-43ee-9ae5-8339628129c2,98fa3880-5936-4ec8-ba04-39c7ff9a0e6a,Stara cerkev,249
5cc8a08d-c0af-491f-9a9c-b8b4f5f23bc0,e6f5183b-c615-4f47-b4fb-204ee070e825,c87db9be-1fba-4102-a743-0ee4317dd5af,Bavarski dvor,49
98fa3880-5936-4ec8-ba04-39c7ff9a0e6a,35aedf45-cca3-4f2f-931b-138d29d20fe9,c87db9be-1fba-4102-a743-0ee4317dd5af,Bavarski dvor,83
e9d9f622-7394-4c5c-9031-a41855a64aa7,1eadcdb9-60cd-47c9-8eec-527c3465a685,fef200e9-4d98-425b-ab14-8110e2aa85d7,Drama,134
77dcd833-fa4d-4c5a-93b1-31284942e61d,717dda7e-d793-4697-8f60-b64ee8b1edc4,a719a87c-4e93-4387-a6d1-2631a487f7e0,Ajdovščina,65
4038e02e-f22f-4af0-ba4f-7aab855b53af,294c40c4-18e4-4d92-a947-911a8623de89,5d7f28a6-2a2a-4333-aa06-48edfb652f86,Pošta,19
d98335a0-1291-4d4c-be62-16b11c356575,91fb6c6e-49cf-49d3-97d4-6ae228f9bfa1,484b5c91-1220-43ba-af79-84e712fcc46b,Slovenija avto,143
7bcbdcaa-00b9-47d4-8982-09da26cd7bcb,9a1c4c65-df77-481f-87ad-56143f02a864,a719a87c-4e93-4387-a6d1-2631a487f7e0,Ajdovščina,330
1ce1c3a8-e0f6-4f90-b1aa-1448759d8b3c,98b60d07-8054-441a-be44-be7aa24f4253,21764d19-62cc-49fd-bac9-403aeac6a6b9,Ježica,88
6559d555-672b-4633-8a81-0ae68fb963eb,9e109242-5aad-4fb7-b0c8-576eef8aa4e0,48b163cd-b819-4849-aee1-8b1da77657ab,Šentvid,247
7fad8003-fb10-489d-bf8d-6d433310ad90,379bc761-04b5-4227-be76-3b870fe3e69f,295616c0-387b-4f60-a337-7743cd6be04e,Bavarski dvor,11
484b5c91-1220-43ba-af79-84e712fcc46b,ef31a8be-b01d-44cd-95cf-3db8e918af26,c22879e5-8e90-4540-9a74-5f139208e492,Friškovec,73
8512e1be-4637-483b-a3e6-78ccc6d2c5b1,6a89c110-a0f8-4b1a-87f0-33f49c0a658e,295616c0-387b-4f60-a337-7743cd6be04e,Bavarski dvor,101
f14a6236-8af2-47bf-9270-432377662a63,47637057-8d6a-4cf9-bd56-3ac90748fcc4,f4cfd904-bd11-4247-95df-32c4555a930f,Klinični center,179
91fb6c6e-49cf-49d3-97d4-6ae228f9bfa1,2ec182e2-769f-427f-b9b5-c4118890cb96,fef200e9-4d98-425b-ab14-8110e2aa85d7,Drama,52
77dcd833-fa4d-4c5a-93b1-31284942e61d,a0e0a21b-b8ce-4d76-bbc2-04e179367fee,fef200e9-4d98-425b-ab14-8110e2aa85d7,Drama,509
fef200e9-4d98-425b-ab14-8110e2aa85d7,e0bcd677-6012-4c90-a884-44dffafdffec,a0b1fb90-3f6a-4231-910a-18be192ac762,Flajšmanova,104
5de6ff80-1352-43df-b5ec-1df59f2f492b,2f874852-bc80-4ff3-b6bf-a914e31251c8,a719a87c-4e93-4387-a6d1-2631a487f7e0,Ajdovščina,111
86a75ffc-a78f-401f-8991-2eb0371417b2,e0bcd677-6012-4c90-a884-44dffafdffec,295616c0-387b-4f60-a337-7743cd6be04e,Bavarski dvor,23
1ce1c3a8-e0f6-4f90-b1aa-1448759d8b3c,cdabf1ea-b04c-480a-8359-72c46e6864ab,295616c0-387b-4f60-a337-7743cd6be04e,Bavarski dvor,49
48b163cd-b819-4849-aee1-8b1da77657ab,7fad8003-fb10-489d-bf8d-6d433310ad90,c87db9be-1fba-4102-a743-0ee4317dd5af,Bavarski dvor,28
e9382efd-d64d-46b0-9a7d-a4e6a0188725,db13a26e-19d4-4b8a-a78a-01ef25d58834,484b5c91-1220-43ba-af79-84e712fcc46b,Slovenija avto,35
2f18bcfa-6189-4de4-b06f-132d3392e7d6,58db973d-ecbb-4aa6-a56c-c26aaff7f263,c87db9be-1fba-4102-a743-0ee4317dd5af,Bavarski dvor,11
0dc86a8f-0f41-44c7-978c-e06cb63cbbcf,f4cfd904-bd11-4247-95df-32c4555a930f,c87db9be-1fba-4102-a743-0ee4317dd5af,Bavarski dvor,74
1b3ddeca-a066-43ee-9ae5-8339628129c2,2f18bcfa-6189-4de4-b06f-132d3392e7d6,023d7b7a-b411-4e61-8746-b07f9e5c8f90,Ambrožev trg,19
454817d3-3750-49c7-994c-14d06fd2c634,3c6ebf90-c611-4535-b2b0-22fba3f7649a,c87db9be-1fba-4102-a743-0ee4317dd5af,Bavarski dvor,161
a2f479c6-4c21-4923-b4ac-86f752507cee,6182f8e8-c45e-4606-b4a4-d909bd44d2cc,N/A,N/A,660
1505c6fe-6080-424e-98d1-24c312cfacf3,4038e02e-f22f-4af0-ba4f-7aab855b53af,b59656a4-b6e7-4b87-977c-078c59088a50,Hajdrihova,119
6a89c110-a0f8-4b1a-87f0-33f49c0a658e,717dda7e-d793-4697-8f60-b64ee8b1edc4,98fa3880-5936-4ec8-ba04-39c7ff9a0e6a,Stara cerkev,90
91fb6c6e-49cf-49d3-97d4-6ae228f9bfa1,1dc99fbb-5496-4aab-a4b6-32e653ccc789,295616c0-387b-4f60-a337-7743cd6be04e,Bavarski dvor,419
98b60d07-8054-441a-be44-be7aa24f4253,7310c006-62b8-4f94-bb9c-d5c26cb3faad,cdabf1ea-b04c-480a-8359-72c46e6864ab,Bežigrad,88
6c56976b-4ae1-429f-bcab-0cfc37e3580d,c627c9f2-af02-4d83-969a-566719bb09e3,484b5c91-1220-43ba-af79-84e712fcc46b,Slovenija avto,11
023d7b7a-b411-4e61-8746-b07f9e5c8f90,717c914e-f928-4671-95f6-26c1ddb95799,223f660b-c391-4120-bf3c-7bf06781686b,Tovorni kolodvor,13
5de6ff80-1352-43df-b5ec-1df59f2f492b,dfde6478-02b5-471b-a470-29cb0e84542f,N/A,N/A,660
609f0950-bb8c-4eaf-a931-8575b8aff1ac,2f18bcfa-6189-4de4-b06f-132d3392e7d6,c87db9be-1fba-4102-a743-0ee4317dd5af,Bavarski dvor,189
c5ec5e81-2ce4-452d-bd7a-595de4f8b34f,48b163cd-b819-4849-aee1-8b1da77657ab,fef200e9-4d98-425b-ab14-8110e2aa85d7,Drama,338
6459bd02-d8f8-413e-9402-10b916f09a4f,e786b2df-34ed-4246-832e-7c3d538ac1f4,a719a87c-4e93-4387-a6d1-2631a487f7e0,Ajdovščina,43
81f21fc1-3bd2-4d2a-b563-2d063479c68e,7bcbdcaa-00b9-47d4-8982-09da26cd7bcb,9b0074d2-2c92-4c01-830b-00be8e05b412,Cukrarna,45
a2f479c6-4c21-4923-b4ac-86f752507cee,8512e1be-4637-483b-a3e6-78ccc6d2c5b1,N/A,N/A,660
379bc761-04b5-4227-be76-3b870fe3e69f,2f18bcfa-6189-4de4-b06f-132d3392e7d6,7fa32ea0-e884-435a-a81c-51bbd5cedf3e,Zaloška,46
7bcbdcaa-00b9-47d4-8982-09da26cd7bcb,2f18bcfa-6189-4de4-b06f-132d3392e7d6,c87db9be-1fba-4102-a743-0ee4317dd5af,Bavarski dvor,58
9a1c4c65-df77-481f-87ad-56143f02a864,f14a6236-8af2-47bf-9270-432377662a63,5d7f28a6-2a2a-4333-aa06-48edfb652f86,Pošta,92
e6f5183b-c615-4f47-b4fb-204ee070e825,8589e5d1-21b4-4210-ad7a-4bf91f9a715d,295616c0-387b-4f60-a337-7743cd6be04e,Bavarski dvor,314
6bd46cb7-9e5d-453a-878a-bcc38fb2a5f2,e0bcd677-6012-4c90-a884-44dffafdffec,c87db9be-1fba-4102-a743-0ee4317dd5af,Bavarski dvor,5
58db973d-ecbb-4aa6-a56c-c26aaff7f263,6c56976b-4ae1-429f-bcab-0cfc37e3580d,f4cfd904-bd11-4247-95df-32c4555a930f,Klinični center,204
3fbf6322-fb74-4a50-a81a-bfca73abc26b,98fa3880-5936-4ec8-ba04-39c7ff9a0e6a,c87db9be-1fba-4102-a743-0ee4317dd5af,Bavarski dvor,64
c22879e5-8e90-4540-9a74-5f139208e492,7eb88e01-82e9-4af4-84d0-69c6ea9dc82c,f2b27cbd-5207-4281-8f67-6369d0c50a9b,Kodrova,217
fb7704f0-d31e-4561-83e4-621a8c62654b,38b3abed-0592-407b-96c3-85a026f2e192,98fa3880-5936-4ec8-ba04-39c7ff9a0e6a,Stara cerkev,154
f14a6236-8af2-47bf-9270-432377662a63,3edd6057-3847-4c42-b8ec-6e89ff95793a,a0b1fb90-3f6a-4231-910a-18be192ac762,Flajšmanova,200
484b5c91-1220-43ba-af79-84e712fcc46b,023d7b7a-b411-4e61-8746-b07f9e5c8f90,7484317c-269f-425f-8118-23eedab4e5f1,Tivoli,80
c627c9f2-af02-4d83-969a-566719bb09e3,59ee5f7d-476b-4958-a922-2040a9308f3b,295616c0-387b-4f60-a337-7743cd6be04e,Bavarski dvor,54
8eeea585-6168-45b8-a5d4-336e61826043,f14a6236-8af2-47bf-9270-432377662a63,c87db9be-1fba-4102-a743-0ee4317dd5af,Bavarski dvor,314
1b3ddeca-a066-43ee-9ae5-8339628129c2,fb7704f0-d31e-4561-83e4-621a8c62654b,379bc761-04b5-4227-be76-3b870fe3e69f,Pot na Fužine,221
ab987eb0-c970-4577-8db9-0cd507a6cab6,98b60d07-8054-441a-be44-be7aa24f4253,295616c0-387b-4f60-a337-7743cd6be04e,Bavarski dvor,99
86a75ffc-a78f-401f-8991-2eb0371417b2,717dda7e-d793-4697-8f60-b64ee8b1edc4,a719a87c-4e93-4387-a6d1-2631a487f7e0,Ajdovščina,121
4d216485-ef41-45e7-9182-0c254644955c,47a3bd8a-72ae-4e20-b43f-10bfaf49012c,a719a87c-4e93-4387-a6d1-2631a487f7e0,Ajdovščina,278
91fb6c6e-49cf-49d3-97d4-6ae228f9bfa1,77dcd833-fa4d-4c5a-93b1-31284942e61d,295616c0-387b-4f60-a337-7743cd6be04e,Bavarski dvor,132
271db19a-744b-41a0-869d-0c3e0e2cb6bf,f14a6236-8af2-47bf-9270-432377662a63,e6f5183b-c615-4f47-b4fb-204ee070e825,Bežigrad,346
ac3afe7d-a2b3-4d5d-9e6a-1d2412a3bc70,35aedf45-cca3-4f2f-931b-138d29d20fe9,c87db9be-1fba-4102-a743-0ee4317dd5af,Bavarski dvor,293
6a89c110-a0f8-4b1a-87f0-33f49c0a658e,59ee5f7d-476b-4958-a922-2040a9308f3b,295616c0-387b-4f60-a337-7743cd6be04e,Bavarski dvor,15
dfde6478-02b5-471b-a470-29cb0e84542f,c627c9f2-af02-4d83-969a-566719bb09e3,7fad8003-fb10-489d-bf8d-6d433310ad90,Nove Jarše,18
c5ec5e81-2ce4-452d-bd7a-595de4f8b34f,2ec182e2-769f-427f-b9b5-c4118890cb96,c87db9be-1fba-4102-a743-0ee4317dd5af,Bavarski dvor,237
bc66f88b-1412-44cb-b921-030d27335261,6a89c110-a0f8-4b1a-87f0-33f49c0a658e,7fad8003-fb10-489d-bf8d-6d433310ad90,Nove Jarše,1
80c65758-5f25-4003-8d55-10ff96fe8310,9a14b0ec-f13a-46f0-8c4f-07d8b99241e2,d4c51b31-46fd-4da8-ba15-8068e666d483,Zadvor,1
e6f5183b-c615-4f47-b4fb-204ee070e825,1e157c31-d34d-4c2e-91b4-8c000c88f6dd,a2ce7e6f-0f99-443a-a973-81a0b9c60261,Astra,110
1b3ddeca-a066-43ee-9ae5-8339628129c2,ac3afe7d-a2b3-4d5d-9e6a-1d2412a3bc70,fef200e9-4d98-425b-ab14-8110e2aa85d7,Drama,121
7310c006-62b8-4f94-bb9c-d5c26cb3faad,a2ce7e6f-0f99-443a-a973-81a0b9c60261,fef200e9-4d98-425b-ab14-8110e2aa85d7,Drama,36
3c6ebf90-c611-4535-b2b0-22fba3f7649a,1dc99fbb-5496-4aab-a4b6-32e653ccc789,c5ec5e81-2ce4-452d-bd7a-595de4f8b34f,Prušnikova,9
f4cfd904-bd11-4247-95df-32c4555a930f,7310c006-62b8-4f94-bb9c-d5c26cb3faad,5d7f28a6-2a2a-4333-aa06-48edfb652f86,Pošta,396
8eeea585-6168-45b8-a5d4-336e61826043,9bd3ee10-bc61-44e8-8cf3-a37cffd54da0,fef200e9-4d98-425b-ab14-8110e2aa85d7,Drama,145
5de84f88-3f32-4636-8c30-03cc267ecf37,6182f8e8-c45e-4606-b4a4-d909bd44d2cc,923bd774-0651-4e0a-8624-3acfb7ecd5ff,Gornje Poljane,158
a719a87c-4e93-4387-a6d1-2631a487f7e0,7310c006-62b8-4f94-bb9c-d5c26cb3faad,a719a87c-4e93-4387-a6d1-2631a487f7e0,Ajdovščina,203
6bd46cb7-9e5d-453a-878a-bcc38fb2a5f2,c87db9be-1fba-4102-a743-0ee4317dd5af,88cdd36c-03d2-4374-a22f-110dd9f75ea0,Kajuhova,25
e6f5183b-c615-4f47-b4fb-204ee070e825,ac3afe7d-a2b3-4d5d-9e6a-1d2412a3bc70,c87db9be-1fba-4102-a743-0ee4317dd5af,Bavarski dvor,21
48b163cd-b819-4849-aee1-8b1da77657ab,25cde952-4896-4977-b229-75e09b3e3661,f33b721f-a8a3-4aad-96f2-077da09ebaa6,Razstavišče,110
7fad8003-fb10-489d-bf8d-6d433310ad90,c0ff37c8-ac6c-4284-ad32-0ad29fd30dc2,e6f5183b-c615-4f47-b4fb-204ee070e825,Bežigrad,70
21764d19-62cc-49fd-bac9-403aeac6a6b9,454817d3-3750-49c7-994c-14d06fd2c634,c87db9be-1fba-4102-a743-0ee4317dd5af,Bavarski dvor,20
9bd3ee10-bc61-44e8-8cf3-a37cffd54da0,f4cfd904-bd11-4247-95df-32c4555a930f,295616c0-387b-4f60-a337-7743cd6be04e,Bavarski dvor,70
8c7fa045-888b-46d0-8189-6f82623bf481,484b5c91-1220-43ba-af79-84e712fcc46b,f33b721f-a8a3-4aad-96f2-077da09ebaa6,Razstavišče,144
277bc73c-e61d-4046-bcfd-31d6161c568e,1b3ddeca-a066-43ee-9ae5-8339628129c2,fef200e9-4d98-425b-ab14-8110e2aa85d7,Drama,25
c297ac70-8f43-4fbc-a8a4-366ddb883a8d,923bd774-0651-4e0a-8624-3acfb7ecd5ff,a2ce7e6f-0f99-443a-a973-81a0b9c60261,Astra,476
717c914e-f928-4671-95f6-26c1ddb95799,52e5adea-e194-4fc1-809c-1d6421f8f8db,7310c006-62b8-4f94-bb9c-d5c26cb3faad,Polje,373
77dcd833-fa4d-4c5a-93b1-31284942e61d,592b37eb-8255-4758-ae8a-7cef98521013,fef200e9-4d98-425b-ab14-8110e2aa85d7,Drama,254
8512e1be-4637-483b-a3e6-78ccc6d2c5b1,c22879e5-8e90-4540-9a74-5f139208e492,fef200e9-4d98-425b-ab14-8110e2aa85d7,Drama,9
1b3ddeca-a066-43ee-9ae5-8339628129c2,59ee5f7d-476b-4958-a922-2040a9308f3b,cdabf1ea-b04c-480a-8359-72c46e6864ab,Bežigrad,3
38b3abed-0592-407b-96c3-85a026f2e192,a7094427-e180-4deb-acaf-5d4488326e9e,a719a87c-4e93-4387-a6d1-2631a487f7e0,Ajdovščina,189
7310c006-62b8-4f94-bb9c-d5c26cb3faad,f33b721f-a8a3-4aad-96f2-077da09ebaa6,484b5c91-1220-43ba-af79-84e712fcc46b,Slovenija avto,55
295616c0-387b-4f60-a337-7743cd6be04e,aa42017d-812a-4175-bc9b-0fec03b18931,fef200e9-4d98-425b-ab14-8110e2aa85d7,Drama,37
ab987eb0-c970-4577-8db9-0cd507a6cab6,4ca7ae7e-380b-45e3-81de-00ffab5bb531,a2ce7e6f-0f99-443a-a973-81a0b9c60261,Astra,34
1035c6f7-304e-4329-a3b2-4eb5d985a577,47a3bd8a-72ae-4e20-b43f-10bfaf49012c,a719a87c-4e93-4387-a6d1-2631a487f7e0,Ajdovščina,158
98fa3880-5936-4ec8-ba04-39c7ff9a0e6a,277bc73c-e61d-4046-bcfd-31d6161c568e,98fa3880-5936-4ec8-ba04-39c7ff9a0e6a,Stara cerkev,69
a0e0a21b-b8ce-4d76-bbc2-04e179367fee,c5ec5e81-2ce4-452d-bd7a-595de4f8b34f,2f874852-bc80-4ff3-b6bf-a914e31251c8,Savske stolpnice,117
9a1c4c65-df77-481f-87ad-56143f02a864,223f660b-c391-4120-bf3c-7bf06781686b,1ce1c3a8-e0f6-4f90-b1aa-1448759d8b3c,Astra,55
769b7bc7-4f95-4bb2-9c99-37ba8e8b4bd5,f4cfd904-bd11-4247-95df-32c4555a930f,a719a87c-4e93-4387-a6d1-2631a487f7e0,Ajdovščina,115
f15ddf31-fc11-41ba-988d-376c83e38f58,f15ddf31-fc11-41ba-988d-376c83e38f58,6459bd02-d8f8-413e-9402-10b916f09a4f,7. septembra,1
295616c0-387b-4f60-a337-7743cd6be04e,295616c0-387b-4f60-a337-7743cd6be04e,c87db9be-1fba-4102-a743-0ee4317dd5af,Bavarski dvor,19
9bd3ee10-bc61-44e8-8cf3-a37cffd54da0,db13a26e-19d4-4b8a-a78a-01ef25d58834,c87db9be-1fba-4102-a743-0ee4317dd5af,Bavarski dvor,69
8512e1be-4637-483b-a3e6-78ccc6d2c5b1,48507e1a-32df-4552-9448-3b345760b75f,c87db9be-1fba-4102-a743-0ee4317dd5af,Bavarski dvor,131
0b4a072e-6c2d-4c71-ab80-2b7142df81de,6559d555-672b-4633-8a81-0ae68fb963eb,295616c0-387b-4f60-a337-7743cd6be04e,Bavarski dvor,478
9b0074d2-2c92-4c01-830b-00be8e05b412,7bcbdcaa-00b9-47d4-8982-09da26cd7bcb,2ec182e2-769f-427f-b9b5-c4118890cb96,Stožice,47
9e109242-5aad-4fb7-b0c8-576eef8aa4e0,8598b85d-3e1d-4767-b72f-0c209038841f,c87db9be-1fba-4102-a743-0ee4317dd5af,Bavarski dvor,25
59ee5f7d-476b-4958-a922-2040a9308f3b,25cde952-4896-4977-b229-75e09b3e3661,295616c0-387b-4f60-a337-7743cd6be04e,Bavarski dvor,78
38b3abed-0592-407b-96c3-85a026f2e192,91fb6c6e-49cf-49d3-97d4-6ae228f9bfa1,f33b721f-a8a3-4aad-96f2-077da09ebaa6,Razstavišče,84
eb165f50-9c43-4b09-9658-469a16d3dc83,ac3afe7d-a2b3-4d5d-9e6a-1d2412a3bc70,295616c0-387b-4f60-a337-7743cd6be04e,Bavarski dvor,202
8512e1be-4637-483b-a3e6-78ccc6d2c5b1,ef31a8be-b01d-44cd-95cf-3db8e918af26,5de84f88-3f32-4636-8c30-03cc267ecf37,Podvozna pot,47
7fa32ea0-e884-435a-a81c-51bbd5cedf3e,f14a6236-8af2-47bf-9270-432377662a63,c22879e5-8e90-4540-9a74-5f139208e492,Friškovec,1
ab987eb0-c970-4577-8db9-0cd507a6cab6,1b0f629f-acdb-4e94-8c54-018f4334ebf7,7bcbdcaa-00b9-47d4-8982-09da26cd7bcb,Zaloška,221
fef200e9-4d98-425b-ab14-8110e2aa85d7,59ee5f7d-476b-4958-a922-2040a9308f3b,295616c0-387b-4f60-a337-7743cd6be04e,Bavarski dvor,349
9a1c4c65-df77-481f-87ad-56143f02a864,1b0f629f-acdb-4e94-8c54-018f4334ebf7,5d7f28a6-2a2a-4333-aa06-48edfb652f86,Pošta,59
80c65758-5f25-4003-8d55-10ff96fe8310,a2f479c6-4c21-4923-b4ac-86f752507cee,N/A,N/A,660
0dc86a8f-0f41-44c7-978c-e06cb63cbbcf,c87db9be-1fba-4102-a743-0ee4317dd5af,f33b721f-a8a3-4aad-96f2-077da09ebaa6,Razstavišče,108
ac3afe7d-a2b3-4d5d-9e6a-1d2412a3bc70,abc9fd26-5442-468b-93b6-4d5eb76d0f1f,1ce1c3a8-e0f6-4f90-b1aa-1448759d8b3c,Astra,365
9cfac7e2-9653-4e52-a6d3-27756d27f817,c627c9f2-af02-4d83-969a-566719bb09e3,a719a87c-4e93-4387-a6d1-2631a487f7e0,Ajdovščina,593
58db973d-ecbb-4aa6-a56c-c26aaff7f263,484b5c91-1220-43ba-af79-84e712fcc46b,9a1c4c65-df77-481f-87ad-56143f02a864,Vižmarje,179
c22879e5-8e90-4540-9a74-5f139208e492,25cde952-4896-4977-b229-75e09b3e3661,f33b721f-a8a3-4aad-96f2-077da09ebaa6,Razstavišče,179
9a1c4c65-df77-481f-87ad-56143f02a864,c22879e5-8e90-4540-9a74-5f139208e492,ac3afe7d-a2b3-4d5d-9e6a-1d2412a3bc70,Litostrojska,137
6459bd02-d8f8-413e-9402-10b916f09a4f,379bc761-04b5-4227-be76-3b870fe3e69f,295616c0-387b-4f60-a337-7743cd6be04e,Bavarski dvor,117
a7094427-e180-4deb-acaf-5d4488326e9e,0be237aa-4b91-4d2b-ac23-0cebac975a0d,a719a87c-4e93-4387-a6d1-2631a487f7e0,Ajdovščina,54
4038e02e-f22f-4af0-ba4f-7aab855b53af,e6f5183b-c615-4f47-b4fb-204ee070e825,8598b85d-3e1d-4767-b72f-0c209038841f,Štepanja vas,395
769b7bc7-4f95-4bb2-9c99-37ba8e8b4bd5,cee2862b-9b70-4880-8fa3-16c6d2efae1b,a719a87c-4e93-4387-a6d1-2631a487f7e0,Ajdovščina,464
7fad8003-fb10-489d-bf8d-6d433310ad90,8c7fa045-888b-46d0-8189-6f82623bf481,6a89c110-a0f8-4b1a-87f0-33f49c0a658e,Šola Jarše,261
e0bcd677-6012-4c90-a884-44dffafdffec,295616c0-387b-4f60-a337-7743cd6be04e,aa42017d-812a-4175-bc9b-0fec03b18931,Ambrožev trg,299
35aedf45-cca3-4f2f-931b-138d29d20fe9,38b3abed-0592-407b-96c3-85a026f2e192,a719a87c-4e93-4387-a6d1-2631a487f7e0,Ajdovščina,84
d98335a0-1291-4d4c-be62-16b11c356575,023d7b7a-b411-4e61-8746-b07f9e5c8f90,fef200e9-4d98-425b-ab14-8110e2aa85d7,Drama,15
c627c9f2-af02-4d83-969a-566719bb09e3,f4cfd904-bd11-4247-95df-32c4555a930f,6bd46cb7-9e5d-453a-878a-bcc38fb2a5f2,Sava,75
05643914-8ff7-4064-8737-2761d44a083f,c5ec5e81-2ce4-452d-bd7a-595de4f8b34f,5d7f28a6-2a2a-4333-aa06-48edfb652f86,Pošta,650
2ec182e2-769f-427f-b9b5-c4118890cb96,6459bd02-d8f8-413e-9402-10b916f09a4f,295616c0-387b-4f60-a337-7743cd6be04e,Bavarski dvor,15
454817d3-3750-49c7-994c-14d06fd2c634,0b4a072e-6c2d-4c71-ab80-2b7142df81de,7fad8003-fb10-489d-bf8d-6d433310ad90,Nove Jarše,42
6182f8e8-c45e-4606-b4a4-d909bd44d2cc,c87db9be-1fba-4102-a743-0ee4317dd5af,fef200e9-4d98-425b-ab14-8110e2aa85d7,Drama,40
1dc99fbb-5496-4aab-a4b6-32e653ccc789,e0bcd677-6012-4c90-a884-44dffafdffec,295616c0-387b-4f60-a337-7743cd6be04e,Bavarski dvor,259
6a89c110-a0f8-4b1a-87f0-33f49c0a658e,9b0074d2-2c92-4c01-830b-00be8e05b412,1ce1c3a8-e0f6-4f90-b1aa-1448759d8b3c,Astra,61
294c40c4-18e4-4d92-a947-911a8623de89,77dcd833-fa4d-4c5a-93b1-31284942e61d,a719a87c-4e93-4387-a6d1-2631a487f7e0,Ajdovščina,182
0be237aa-4b91-4d2b-ac23-0cebac975a0d,2f874852-bc80-4ff3-b6bf-a914e31251c8,f33b721f-a8a3-4aad-96f2-077da09ebaa6,Razstavišče,195
c627c9f2-af02-4d83-969a-566719bb09e3,6edebb46-d04f-45c4-99a4-100f7f0b2660,a719a87c-4e93-4387-a6d1-2631a487f7e0,Ajdovščina,159
9a1c4c65-df77-481f-87ad-56143f02a864,9746f277-af08-4cce-92fa-41da5eca8ac2,1ce1c3a8-e0f6-4f90-b1aa-1448759d8b3c,Astra,467
f15ddf31-fc11-41ba-988d-376c83e38f58,77dcd833-fa4d-4c5a-93b1-31284942e61d,295616c0-387b-4f60-a337-7743cd6be04e,Bavarski dvor,181
ef31a8be-b01d-44cd-95cf-3db8e918af26,1dc99fbb-5496-4aab-a4b6-32e653ccc789,7fa32ea0-e884-435a-a81c-51bbd5cedf3e,Zaloška,123
c0ff37c8-ac6c-4284-ad32-0ad29fd30dc2,38b3abed-0592-407b-96c3-85a026f2e192,c87db9be-1fba-4102-a743-0ee4317dd5af,Bavarski dvor,252
2ec182e2-769f-427f-b9b5-c4118890cb96,7310c006-62b8-4f94-bb9c-d5c26cb3faad,f4cfd904-bd11-4247-95df-32c4555a930f,Klinični center,12
9746f277-af08-4cce-92fa-41da5eca8ac2,abc9fd26-5442-468b-93b6-4d5eb76d0f1f,N/A,N/A,660
023d7b7a-b411-4e61-8746-b07f9e5c8f90,a7177a3d-8db2-43fb-8910-f95857f0ed97,N/A,N/A,660
98b60d07-8054-441a-be44-be7aa24f4253,cee2862b-9b70-4880-8fa3-16c6d2efae1b,295616c0-387b-4f60-a337-7743cd6be04e,Bavarski dvor,149
4038e02e-f22f-4af0-ba4f-7aab855b53af,6559d555-672b-4633-8a81-0ae68fb963eb,a719a87c-4e93-4387-a6d1-2631a487f7e0,Ajdovščina,169
a0b1fb90-3f6a-4231-910a-18be192ac762,0b4a072e-6c2d-4c71-ab80-2b7142df81de,295616c0-387b-4f60-a337-7743cd6be04e,Bavarski dvor,317
9bd3ee10-bc61-44e8-8cf3-a37cffd54da0,093afa81-b65f-4182-bac3-afbc00558a9b,223f660b-c391-4120-bf3c-7bf06781686b,Tovorni kolodvor,209
294c40c4-18e4-4d92-a947-911a8623de89,294c40c4-18e4-4d92-a947-911a8623de89,98fa3880-5936-4ec8-ba04-39c7ff9a0e6a,Stara cerkev,325
86a75ffc-a78f-401f-8991-2eb0371417b2,4d216485-ef41-45e7-9182-0c254644955c,f2b27cbd-5207-4281-8f67-6369d0c50a9b,Kodrova,219
769b7bc7-4f95-4bb2-9c99-37ba8e8b4bd5,8589e5d1-21b4-4210-ad7a-4bf91f9a715d,295616c0-387b-4f60-a337-7743cd6be04e,Bavarski dvor,163
f15ddf31-fc11-41ba-988d-376c83e38f58,aa42017d-812a-4175-bc9b-0fec03b18931,e6f5183b-c615-4f47-b4fb-204ee070e825,Bežigrad,30
1035c6f7-304e-4329-a3b2-4eb5d985a577,bc66f88b-1412-44cb-b921-030d27335261,N/A,N/A,660
c297ac70-8f43-4fbc-a8a4-366ddb883a8d,769b7bc7-4f95-4bb2-9c99-37ba8e8b4bd5,98fa3880-5936-4ec8-ba04-39c7ff9a0e6a,Stara cerkev,20
fb0042f8-d9e2-4916-b60a-38a026acf0c9,2f874852-bc80-4ff3-b6bf-a914e31251c8,295616c0-387b-4f60-a337-7743cd6be04e,Bavarski dvor,356
dfde6478-02b5-471b-a470-29cb0e84542f,9cfac7e2-9653-4e52-a6d3-27756d27f817,295616c0-387b-4f60-a337-7743cd6be04e,Bavarski dvor,181
f33b721f-a8a3-4aad-96f2-077da09ebaa6,e0bcd677-6012-4c90-a884-44dffafdffec,fef200e9-4d98-425b-ab14-8110e2aa85d7,Drama,261
80c65758-5f25-4003-8d55-10ff96fe8310,ecc4ae87-ae08-4b94-995c-452fdd94df7f,c87db9be-1fba-4102-a743-0ee4317dd5af,Bavarski dvor,99
1ce1c3a8-e0f6-4f90-b1aa-1448759d8b3c,3c6ebf90-c611-4535-b2b0-22fba3f7649a,cee2862b-9b70-4880-8fa3-16c6d2efae1b,AMZS,1
8598b85d-3e1d-4767-b72f-0c209038841f,9a14b0ec-f13a-46f0-8c4f-07d8b99241e2,fef200e9-4d98-425b-ab14-8110e2aa85d7,Drama,24
0be237aa-4b91-4d2b-ac23-0cebac975a0d,1ce1c3a8-e0f6-4f90-b1aa-1448759d8b3c,N/A,N/A,660
8598b85d-3e1d-4767-b72f-0c209038841f,a719a87c-4e93-4387-a6d1-2631a487f7e0,c87db9be-1fba-4102-a743-0ee4317dd5af,Bavarski dvor,35
bc66f88b-1412-44cb-b921-030d27335261,9e109242-5aad-4fb7-b0c8-576eef8aa4e0,f33b721f-a8a3-4aad-96f2-077da09ebaa6,Razstavišče,188
1b0f629f-acdb-4e94-8c54-018f4334ebf7,a2ce7e6f-0f99-443a-a973-81a0b9c60261,c87db9be-1fba-4102-a743-0ee4317dd5af,Bavarski dvor,152
3edd6057-3847-4c42-b8ec-6e89ff95793a,093afa81-b65f-4182-bac3-afbc00558a9b,dfde6478-02b5-471b-a470-29cb0e84542f,Slovenija avto,39
c0ff37c8-ac6c-4284-ad32-0ad29fd30dc2,98b60d07-8054-441a-be44-be7aa24f4253,484b5c91-1220-43ba-af79-84e712fcc46b,Slovenija avto,3
769b7bc7-4f95-4bb2-9c99-37ba8e8b4bd5,9e109242-5aad-4fb7-b0c8-576eef8aa4e0,fef200e9-4d98-425b-ab14-8110e2aa85d7,Drama,49
7eb88e01-82e9-4af4-84d0-69c6ea9dc82c,2f874852-bc80-4ff3-b6bf-a914e31251c8,ef31a8be-b01d-44cd-95cf-3db8e918af26,Emona,191
12304b99-9a07-485a-a101-eaca90495d48,05643914-8ff7-4064-8737-2761d44a083f,9b0074d2-2c92-4c01-830b-00be8e05b412,Cukrarna,132
cee2862b-9b70-4880-8fa3-16c6d2efae1b,88cdd36c-03d2-4374-a22f-110dd9f75ea0,a0b1fb90-3f6a-4231-910a-18be192ac762,Flajšmanova,196
21764d19-62cc-49fd-bac9-403aeac6a6b9,0b4a072e-6c2d-4c71-ab80-2b7142df81de,c87db9be-1fba-4102-a743-0ee4317dd5af,Bavarski dvor,118
9e109242-5aad-4fb7-b0c8-576eef8aa4e0,52e5adea-e194-4fc1-809c-1d6421f8f8db,f33b721f-a8a3-4aad-96f2-077da09ebaa6,Razstavišče,265
0be237aa-4b91-4d2b-ac23-0cebac975a0d,c297ac70-8f43-4fbc-a8a4-366ddb883a8d,295616c0-387b-4f60-a337-7743cd6be04e,Bavarski dvor,132
abc9fd26-5442-468b-93b6-4d5eb76d0f1f,e9d9f622-7394-4c5c-9031-a41855a64aa7,7fad8003-fb10-489d-bf8d-6d433310ad90,Nove Jarše,3
2388ce1f-c947-42d7-97f3-e01a7254c933,0dc86a8f-0f41-44c7-978c-e06cb63cbbcf,N/A,N/A,660
023d7b7a-b411-4e61-8746-b07f9e5c8f90,48507e1a-32df-4552-9448-3b345760b75f,fef200e9-4d98-425b-ab14-8110e2aa85d7,Drama,443
80c65758-5f25-4003-8d55-10ff96fe8310,1eadcdb9-60cd-47c9-8eec-527c3465a685,a719a87c-4e93-4387-a6d1-2631a487f7e0,Ajdovščina,186
47a3bd8a-72ae-4e20-b43f-10bfaf49012c,25cde952-4896-4977-b229-75e09b3e3661,223f660b-c391-4120-bf3c-7bf06781686b,Tovorni kolodvor,131
4038e02e-f22f-4af0-ba4f-7aab855b53af,271db19a-744b-41a0-869d-0c3e0e2cb6bf,c87db9be-1fba-4102-a743-0ee4317dd5af,Bavarski dvor,13
2f18bcfa-6189-4de4-b06f-132d3392e7d6,277bc73c-e61d-4046-bcfd-31d6161c568e,c87db9be-1fba-4102-a743-0ee4317dd5af,Bavarski dvor,406
f14a6236-8af2-47bf-9270-432377662a63,fb0042f8-d9e2-4916-b60a-38a026acf0c9,a0e0a21b-b8ce-4d76-bbc2-04e179367fee,Šola Jarše,130
91fb6c6e-49cf-49d3-97d4-6ae228f9bfa1,47a3bd8a-72ae-4e20-b43f-10bfaf49012c,717dda7e-d793-4697-8f60-b64ee8b1edc4,Gosposvetska,516
7bcbdcaa-00b9-47d4-8982-09da26cd7bcb,223f660b-c391-4120-bf3c-7bf06781686b,484b5c91-1220-43ba-af79-84e712fcc46b,Slovenija avto,146
6bd46cb7-9e5d-453a-878a-bcc38fb2a5f2,38b3abed-0592-407b-96c3-85a026f2e192,c87db9be-1fba-4102-a743-0ee4317dd5af,Bavarski dvor,358
c5ec5e81-2ce4-452d-bd7a-595de4f8b34f,4038e02e-f22f-4af0-ba4f-7aab855b53af,N/A,N/A,660
7bcbdcaa-00b9-47d4-8982-09da26cd7bcb,91fb6c6e-49cf-49d3-97d4-6ae228f9bfa1,a719a87c-4e93-4387-a6d1-2631a487f7e0,Ajdovščina,333
592b37eb-8255-4758-ae8a-7cef98521013,e9d9f622-7394-4c5c-9031-a41855a64aa7,7310c006-62b8-4f94-bb9c-d5c26cb3faad,Polje,261
7fa32ea0-e884-435a-a81c-51bbd5cedf3e,0b4a072e-6c2d-4c71-ab80-2b7142df81de,N/A,N/A,660
7fa32ea0-e884-435a-a81c-51bbd5cedf3e,717c914e-f928-4671-95f6-26c1ddb95799,5d7f28a6-2a2a-4333-aa06-48edfb652f86,Pošta,253
093afa81-b65f-4182-bac3-afbc00558a9b,f14a6236-8af2-47bf-9270-432377662a63,9bd3ee10-bc61-44e8-8cf3-a37cffd54da0,DOMŽALE kolodvor,81
ac3afe7d-a2b3-4d5d-9e6a-1d2412a3bc70,023d7b7a-b411-4e61-8746-b07f9e5c8f90,484b5c91-1220-43ba-af79-84e712fcc46b,Slovenija avto,155
a7094427-e180-4deb-acaf-5d4488326e9e,f2b27cbd-5207-4281-8f67-6369d0c50a9b,295616c0-387b-4f60-a337-7743cd6be04e,Bavarski dvor,469
db13a26e-19d4-4b8a-a78a-01ef25d58834,fb7704f0-d31e-4561-83e4-621a8c62654b,a719a87c-4e93-4387-a6d1-2631a487f7e0,Ajdovščina,118
f2b27cbd-5207-4281-8f67-6369d0c50a9b,f33b721f-a8a3-4aad-96f2-077da09ebaa6,c87db9be-1fba-4102-a743-0ee4317dd5af,Bavarski dvor,287
91fb6c6e-49cf-49d3-97d4-6ae228f9bfa1,7484317c-269f-425f-8118-23eedab4e5f1,c87db9be-1fba-4102-a743-0ee4317dd5af,Bavarski dvor,70
592b37eb-8255-4758-ae8a-7cef98521013,58db973d-ecbb-4aa6-a56c-c26aaff7f263,bc66f88b-1412-44cb-b921-030d27335261,Sneberje,57
e9d9f622-7394-4c5c-9031-a41855a64aa7,c5ec5e81-2ce4-452d-bd7a-595de4f8b34f,717dda7e-d793-4697-8f60-b64ee8b1edc4,Gosposvetska,287
9a14b0ec-f13a-46f0-8c4f-07d8b99241e2,25cde952-4896-4977-b229-75e09b3e3661,fef200e9-4d98-425b-ab14-8110e2aa85d7,Drama,34
9cfac7e2-9653-4e52-a6d3-27756d27f817,6bd46cb7-9e5d-453a-878a-bcc38fb2a5f2,1b3ddeca-a066-43ee-9ae5-8339628129c2,Žale,37
1eadcdb9-60cd-47c9-8eec-527c3465a685,52e5adea-e194-4fc1-809c-1d6421f8f8db,fef200e9-4d98-425b-ab14-8110e2aa85d7,Drama,61
f33b721f-a8a3-4aad-96f2-077da09ebaa6,5d7f28a6-2a2a-4333-aa06-48edfb652f86,5d7f28a6-2a2a-4333-aa06-48edfb652f86,Pošta,299
47a3bd8a-72ae-4e20-b43f-10bfaf49012c,5de84f88-3f32-4636-8c30-03cc267ecf37,295616c0-387b-4f60-a337-7743cd6be04e,Bavarski dvor,309
277bc73c-e61d-4046-bcfd-31d6161c568e,a0b1fb90-3f6a-4231-910a-18be192ac762,a719a87c-4e93-4387-a6d1-2631a487f7e0,Ajdovščina,53
0dc86a8f-0f41-44c7-978c-e06cb63cbbcf,7fa32ea0-e884-435a-a81c-51bbd5cedf3e,a719a87c-4e93-4387-a6d1-2631a487f7e0,Ajdovščina,442
86a75ffc-a78f-401f-8991-2eb0371417b2,a7177a3d-8db2-43fb-8910-f95857f0ed97,N/A,N/A,660
1b3ddeca-a066-43ee-9ae5-8339628129c2,923bd774-0651-4e0a-8624-3acfb7ecd5ff,a0e0a21b-b8ce-4d76-bbc2-04e179367fee,Šola Jarše,251
8c7fa045-888b-46d0-8189-6f82623bf481,f2b27cbd-5207-4281-8f67-6369d0c50a9b,c22879e5-8e90-4540-9a74-5f139208e492,Friškovec,128
8c7fa045-888b-46d0-8189-6f82623bf481,295616c0-387b-4f60-a337-7743cd6be04e,1b3ddeca-a066-43ee-9ae5-8339628129c2,Žale,145
f14a6236-8af2-47bf-9270-432377662a63,0b4a072e-6c2d-4c71-ab80-2b7142df81de,295616c0-387b-4f60-a337-7743cd6be04e,Bavarski dvor,162
e6f5183b-c615-4f47-b4fb-204ee070e825,ef31a8be-b01d-44cd-95cf-3db8e918af26,c87db9be-1fba-4102-a743-0ee4317dd5af,Bavarski dvor,40
9bd3ee10-bc61-44e8-8cf3-a37cffd54da0,dfde6478-02b5-471b-a470-29cb0e84542f,c87db9be-1fba-4102-a743-0ee4317dd5af,Bavarski dvor,158
98b60d07-8054-441a-be44-be7aa24f4253,8eeea585-6168-45b8-a5d4-336e61826043,7fad8003-fb10-489d-bf8d-6d433310ad90,Nove Jarše,53
271db19a-744b-41a0-869d-0c3e0e2cb6bf,bc66f88b-1412-44cb-b921-030d27335261,f33b721f-a8a3-4aad-96f2-077da09ebaa6,Razstavišče,229
7c149b59-2bc6-45cb-95c8-69e18a0db627,e786b2df-34ed-4246-832e-7c3d538ac1f4,295616c0-387b-4f60-a337-7743cd6be04e,Bavarski dvor,231
db13a26e-19d4-4b8a-a78a-01ef25d58834,f15ddf31-fc11-41ba-988d-376c83e38f58,fef200e9-4d98-425b-ab14-8110e2aa85d7,Drama,25
ac3afe7d-a2b3-4d5d-9e6a-1d2412a3bc70,9a14b0ec-f13a-46f0-8c4f-07d8b99241e2,717dda7e-d793-4697-8f60-b64ee8b1edc4,Gosposvetska,148
923bd774-0651-4e0a-8624-3acfb7ecd5ff,91fb6c6e-49cf-49d3-97d4-6ae228f9bfa1,4ca7ae7e-380b-45e3-81de-00ffab5bb531,Yulon,156
5de6ff80-1352-43df-b5ec-1df59f2f492b,2ec182e2-769f-427f-b9b5-c4118890cb96,a2ce7e6f-0f99-443a-a973-81a0b9c60261,Astra,140
bc66f88b-1412-44cb-b921-030d27335261,f14a6236-8af2-47bf-9270-432377662a63,fef200e9-4d98-425b-ab14-8110e2aa85d7,Drama,69
8589e5d1-21b4-4210-ad7a-4bf91f9a715d,98b60d07-8054-441a-be44-be7aa24f4253,484b5c91-1220-43ba-af79-84e712fcc46b,Slovenija avto,156
6bd46cb7-9e5d-453a-878a-bcc38fb2a5f2,0b4a072e-6c2d-4c71-ab80-2b7142df81de,484b5c91-1220-43ba-af79-84e712fcc46b,Slovenija avto,207
6bd46cb7-9e5d-453a-878a-bcc38fb2a5f2,88cdd36c-03d2-4374-a22f-110dd9f75ea0,1ce1c3a8-e0f6-4f90-b1aa-1448759d8b3c,Astra,48
9cfac7e2-9653-4e52-a6d3-27756d27f817,05643914-8ff7-4064-8737-2761d44a083f,484b5c91-1220-43ba-af79-84e712fcc46b,Slovenija avto,4
c22879e5-8e90-4540-9a74-5f139208e492,25cde952-4896-4977-b229-75e09b3e3661,295616c0-387b-4f60-a337-7743cd6be04e,Bavarski dvor,31
91fb6c6e-49cf-49d3-97d4-6ae228f9bfa1,7484317c-269f-425f-8118-23eedab4e5f1,fef200e9-4d98-425b-ab14-8110e2aa85d7,Drama,6
4d216485-ef41-45e7-9182-0c254644955c,295616c0-387b-4f60-a337-7743cd6be04e,fef200e9-4d98-425b-ab14-8110e2aa85d7,Drama,425
d4c51b31-46fd-4da8-ba15-8068e666d483,2388ce1f-c947-42d7-97f3-e01a7254c933,N/A,N/A,660
4ca7ae7e-380b-45e3-81de-00ffab5bb531,bc66f88b-1412-44cb-b921-030d27335261,7fad8003-fb10-489d-bf8d-6d433310ad90,Nove Jarše,468
484b5c91-1220-43ba-af79-84e712fcc46b,abc9fd26-5442-468b-93b6-4d5eb76d0f1f,5d7f28a6-2a2a-4333-aa06-48edfb652f86,Pošta,603
58db973d-ecbb-4aa6-a56c-c26aaff7f263,484b5c91-1220-43ba-af79-84e712fcc46b,717dda7e-d793-4697-8f60-b64ee8b1edc4,Gosposvetska,42
81f21fc1-3bd2-4d2a-b563-2d063479c68e,8512e1be-4637-483b-a3e6-78ccc6d2c5b1,c87db9be-1fba-4102-a743-0ee4317dd5af,Bavarski dvor,55
9e109242-5aad-4fb7-b0c8-576eef8aa4e0,cee2862b-9b70-4880-8fa3-16c6d2efae1b,a719a87c-4e93-4387-a6d1-2631a487f7e0,Ajdovščina,505
5d7f28a6-2a2a-4333-aa06-48edfb652f86,4ca7ae7e-380b-45e3-81de-00ffab5bb531,9a1c4c65-df77-481f-87ad-56143f02a864,Vižmarje,198
e786b2df-34ed-4246-832e-7c3d538ac1f4,e786b2df-34ed-4246-832e-7c3d538ac1f4,609f0950-bb8c-4eaf-a931-8575b8aff1ac,Savske stolpnice,1
c297ac70-8f43-4fbc-a8a4-366ddb883a8d,271db19a-744b-41a0-869d-0c3e0e2cb6bf,aa42017d-812a-4175-bc9b-0fec03b18931,Ambrožev trg,58
80c65758-5f25-4003-8d55-10ff96fe8310,295616c0-387b-4f60-a337-7743cd6be04e,fef200e9-4d98-425b-ab14-8110e2aa85d7,Drama,20
21764d19-62cc-49fd-bac9-403aeac6a6b9,0be237aa-4b91-4d2b-ac23-0cebac975a0d,c5ec5e81-2ce4-452d-bd7a-595de4f8b34f,Prušnikova,76
12304b99-9a07-485a-a101-eaca90495d48,0b4a072e-6c2d-4c71-ab80-2b7142df81de,295616c0-387b-4f60-a337-7743cd6be04e,Bavarski dvor,303
e9d9f622-7394-4c5c-9031-a41855a64aa7,1e157c31-d34d-4c2e-91b4-8c000c88f6dd,a719a87c-4e93-4387-a6d1-2631a487f7e0,Ajdovščina,217
59ee5f7d-476b-4958-a922-2040a9308f3b,e6f5183b-c615-4f47-b4fb-204ee070e825,N/A,N/A,660
e786b2df-34ed-4246-832e-7c3d538ac1f4,3edd6057-3847-4c42-b8ec-6e89ff95793a,c87db9be-1fba-4102-a743-0ee4317dd5af,Bavarski dvor,39
1b0f629f-acdb-4e94-8c54-018f4334ebf7,c627c9f2-af02-4d83-969a-566719bb09e3,484b5c91-1220-43ba-af79-84e712fcc46b,Slovenija avto,73
38b3abed-0592-407b-96c3-85a026f2e192,023d7b7a-b411-4e61-8746-b07f9e5c8f90,fef200e9-4d98-425b-ab14-8110e2aa85d7,Drama,102
ac3afe7d-a2b3-4d5d-9e6a-1d2412a3bc70,4038e02e-f22f-4af0-ba4f-7aab855b53af,484b5c91-1220-43ba-af79-84e712fcc46b,Slovenija avto,1
a0b1fb90-3f6a-4231-910a-18be192ac762,47637057-8d6a-4cf9-bd56-3ac90748fcc4,48b163cd-b819-4849-aee1-8b1da77657ab,Šentvid,133
4d216485-ef41-45e7-9182-0c254644955c,3fbf6322-fb74-4a50-a81a-bfca73abc26b,295616c0-387b-4f60-a337-7743cd6be04e,Bavarski dvor,25
a7177a3d-8db2-43fb-8910-f95857f0ed97,e786b2df-34ed-4246-832e-7c3d538ac1f4,N/A,N/A,660
fb0042f8-d9e2-4916-b60a-38a026acf0c9,c5ec5e81-2ce4-452d-bd7a-595de4f8b34f,c22879e5-8e90-4540-9a74-5f139208e492,Friškovec,439
47637057-8d6a-4cf9-bd56-3ac90748fcc4,223f660b-c391-4120-bf3c-7bf06781686b,a2ce7e6f-0f99-443a-a973-81a0b9c60261,Astra,162
4038e02e-f22f-4af0-ba4f-7aab855b53af,b59656a4-b6e7-4b87-977c-078c59088a50,484b5c91-1220-43ba-af79-84e712fcc46b,Slovenija avto,172
ecc4ae87-ae08-4b94-995c-452fdd94df7f,923bd774-0651-4e0a-8624-3acfb7ecd5ff,454817d3-3750-49c7-994c-14d06fd2c634,Žale,136
a2f479c6-4c21-4923-b4ac-86f752507cee,2388ce1f-c947-42d7-97f3-e01a7254c933,N/A,N/A,660
5de84f88-3f32-4636-8c30-03cc267ecf37,223f660b-c391-4120-bf3c-7bf06781686b,c87db9be-1fba-4102-a743-0ee4317dd5af,Bavarski dvor,491
c87db9be-1fba-4102-a743-0ee4317dd5af,4038e02e-f22f-4af0-ba4f-7aab855b53af,c5ec5e81-2ce4-452d-bd7a-595de4f8b34f,Prušnikova,60
7310c006-62b8-4f94-bb9c-d5c26cb3faad,717dda7e-d793-4697-8f60-b64ee8b1edc4,7bcbdcaa-00b9-47d4-8982-09da26cd7bcb,Zaloška,127
9b0074d2-2c92-4c01-830b-00be8e05b412,6c56976b-4ae1-429f-bcab-0cfc37e3580d,f4cfd904-bd11-4247-95df-32c4555a930f,Klinični center,41
7bcbdcaa-00b9-47d4-8982-09da26cd7bcb,9a14b0ec-f13a-46f0-8c4f-07d8b99241e2,c87db9be-1fba-4102-a743-0ee4317dd5af,Bavarski dvor,290
fef200e9-4d98-425b-ab14-8110e2aa85d7,379bc761-04b5-4227-be76-3b870fe3e69f,9a1c4c65-df77-481f-87ad-56143f02a864,Vižmarje,22
6182f8e8-c45e-4606-b4a4-d909bd44d2cc,2388ce1f-c947-42d7-97f3-e01a7254c933,N/A,N/A,660
2f18bcfa-6189-4de4-b06f-132d3392e7d6,e468b92f-fa4a-4819-bb11-37761deaf4ca,f33b721f-a8a3-4aad-96f2-077da09ebaa6,Razstavišče,184
294c40c4-18e4-4d92-a947-911a8623de89,9e109242-5aad-4fb7-b0c8-576eef8aa4e0,fef200e9-4d98-425b-ab14-8110e2aa85d7,Drama,140
80c65758-5f25-4003-8d55-10ff96fe8310,ecc4ae87-ae08-4b94-995c-452fdd94df7f,f33b721f-a8a3-4aad-96f2-077da09ebaa6,Razstavišče,559
cdabf1ea-b04c-480a-8359-72c46e6864ab,592b37eb-8255-4758-ae8a-7cef98521013,5d7f28a6-2a2a-4333-aa06-48edfb652f86,Pošta,424
295616c0-387b-4f60-a337-7743cd6be04e,2388ce1f-c947-42d7-97f3-e01a7254c933,N/A,N/A,660
f15ddf31-fc11-41ba-988d-376c83e38f58,e9d9f622-7394-4c5c-9031-a41855a64aa7,6a89c110-a0f8-4b1a-87f0-33f49c0a658e,Šola Jarše,82
86a75ffc-a78f-401f-8991-2eb0371417b2,4d216485-ef41-45e7-9182-0c254644955c,484b5c91-1220-43ba-af79-84e712fcc46b,Slovenija avto,58
223f660b-c391-4120-bf3c-7bf06781686b,295616c0-387b-4f60-a337-7743cd6be04e,cdabf1ea-b04c-480a-8359-72c46e6864ab,Bežigrad,25
b59656a4-b6e7-4b87-977c-078c59088a50,7c149b59-2bc6-45cb-95c8-69e18a0db627,cdabf1ea-b04c-480a-8359-72c46e6864ab,Bežigrad,183
05643914-8ff7-4064-8737-2761d44a083f,0b4a072e-6c2d-4c71-ab80-2b7142df81de,7fad8003-fb10-489d-bf8d-6d433310ad90,Nove Jarše,293
0be237aa-4b91-4d2b-ac23-0cebac975a0d,25cde952-4896-4977-b229-75e09b3e3661,bc66f88b-1412-44cb-b921-030d27335261,Sneberje,8
fef200e9-4d98-425b-ab14-8110e2aa85d7,f33b721f-a8a3-4aad-96f2-077da09ebaa6,c87db9be-1fba-4102-a743-0ee4317dd5af,Bavarski dvor,114
12304b99-9a07-485a-a101-eaca90495d48,52e5adea-e194-4fc1-809c-1d6421f8f8db,c87db9be-1fba-4102-a743-0ee4317dd5af,Bavarski dvor,358
38b3abed-0592-407b-96c3-85a026f2e192,717dda7e-d793-4697-8f60-b64ee8b1edc4,f33b721f-a8a3-4aad-96f2-077da09ebaa6,Razstavišče,92
592b37eb-8255-4758-ae8a-7cef98521013,7484317c-269f-425f-8118-23eedab4e5f1,454817d3-3750-49c7-994c-14d06fd2c634,Žale,108
484b5c91-1220-43ba-af79-84e712fcc46b,093afa81-b65f-4182-bac3-afbc00558a9b,a719a87c-4e93-4387-a6d1-2631a487f7e0,Ajdovščina,83
b59656a4-b6e7-4b87-977c-078c59088a50,023d7b7a-b411-4e61-8746-b07f9e5c8f90,5d7f28a6-2a2a-4333-aa06-48edfb652f86,Pošta,288
4ca7ae7e-380b-45e3-81de-00ffab5bb531,12304b99-9a07-485a-a101-eaca90495d48,5d7f28a6-2a2a-4333-aa06-48edfb652f86,Pošta,20
9e109242-5aad-4fb7-b0c8-576eef8aa4e0,7fa32ea0-e884-435a-a81c-51bbd5cedf3e,7eb88e01-82e9-4af4-84d0-69c6ea9dc82c,Kolodvor,113
f33b721f-a8a3-4aad-96f2-077da09ebaa6,c5ec5e81-2ce4-452d-bd7a-595de4f8b34f,223f660b-c391-4120-bf3c-7bf06781686b,Tovorni kolodvor,182
9e109242-5aad-4fb7-b0c8-576eef8aa4e0,52e5adea-e194-4fc1-809c-1d6421f8f8db,a719a87c-4e93-4387-a6d1-2631a487f7e0,Ajdovščina,105
c0ff37c8-ac6c-4284-ad32-0ad29fd30dc2,7fa32ea0-e884-435a-a81c-51bbd5cedf3e,295616c0-387b-4f60-a337-7743cd6be04e,Bavarski dvor,93
98fa3880-5936-4ec8-ba04-39c7ff9a0e6a,9b0074d2-2c92-4c01-830b-00be8e05b412,6a89c110-a0f8-4b1a-87f0-33f49c0a658e,Šola Jarše,27
023d7b7a-b411-4e61-8746-b07f9e5c8f90,48507e1a-32df-4552-9448-3b345760b75f,5d7f28a6-2a2a-4333-aa06-48edfb652f86,Pošta,67
6559d555-672b-4633-8a81-0ae68fb963eb,8589e5d1-21b4-4210-ad7a-4bf91f9a715d,7fad8003-fb10-489d-bf8d-6d433310ad90,Nove Jarše,200
d4c51b31-46fd-4da8-ba15-8068e666d483,379bc761-04b5-4227-be76-3b870fe3e69f,c87db9be-1fba-4102-a743-0ee4317dd5af,Bavarski dvor,232
a719a87c-4e93-4387-a6d1-2631a487f7e0,6559d555-672b-4633-8a81-0ae68fb963eb,5d7f28a6-2a2a-4333-aa06-48edfb652f86,Pošta,237
a2ce7e6f-0f99-443a-a973-81a0b9c60261,379bc761-04b5-4227-be76-3b870fe3e69f,7fa32ea0-e884-435a-a81c-51bbd5cedf3e,Zaloška,115
48507e1a-32df-4552-9448-3b345760b75f,8512e1be-4637-483b-a3e6-78ccc6d2c5b1,fef200e9-4d98-425b-ab14-8110e2aa85d7,Drama,30
1505c6fe-6080-424e-98d1-24c312cfacf3,1eadcdb9-60cd-47c9-8eec-527c3465a685,5d7f28a6-2a2a-4333-aa06-48edfb652f86,Pošta,38
2ec182e2-769f-427f-b9b5-c4118890cb96,6edebb46-d04f-45c4-99a4-100f7f0b2660,eb165f50-9c43-4b09-9658-469a16d3dc83,Kodeljevo,94
88cdd36c-03d2-4374-a22f-110dd9f75ea0,7bcbdcaa-00b9-47d4-8982-09da26cd7bcb,295616c0-387b-4f60-a337-7743cd6be04e,Bavarski dvor,108
6182f8e8-c45e-4606-b4a4-d909bd44d2cc,58db973d-ecbb-4aa6-a56c-c26aaff7f263,c87db9be-1fba-4102-a743-0ee4317dd5af,Bavarski dvor,453
cdabf1ea-b04c-480a-8359-72c46e6864ab,7bcbdcaa-00b9-47d4-8982-09da26cd7bcb,48b163cd-b819-4849-aee1-8b1da77657ab,Šentvid,194
88cdd36c-03d2-4374-a22f-110dd9f75ea0,6edebb46-d04f-45c4-99a4-100f7f0b2660,a719a87c-4e93-4387-a6d1-2631a487f7e0,Ajdovščina,256
58db973d-ecbb-4aa6-a56c-c26aaff7f263,6459bd02-d8f8-413e-9402-10b916f09a4f,5d7f28a6-2a2a-4333-aa06-48edfb652f86,Pošta,230
8512e1be-4637-483b-a3e6-78ccc6d2c5b1,21764d19-62cc-49fd-bac9-403aeac6a6b9,295616c0-387b-4f60-a337-7743cd6be04e,Bavarski dvor,233
9b0074d2-2c92-4c01-830b-00be8e05b412,294c40c4-18e4-4d92-a947-911a8623de89,c22879e5-8e90-4540-9a74-5f139208e492,Friškovec,105
77dcd833-fa4d-4c5a-93b1-31284942e61d,c297ac70-8f43-4fbc-a8a4-366ddb883a8d,f33b721f-a8a3-4aad-96f2-077da09ebaa6,Razstavišče,19
48b163cd-b819-4849-aee1-8b1da77657ab,9b0074d2-2c92-4c01-830b-00be8e05b412,f33b721f-a8a3-4aad-96f2-077da09ebaa6,Razstavišče,31
c627c9f2-af02-4d83-969a-566719bb09e3,b59656a4-b6e7-4b87-977c-078c59088a50,c22879e5-8e90-4540-9a74-5f139208e492,Friškovec,519
fb0042f8-d9e2-4916-b60a-38a026acf0c9,6a89c110-a0f8-4b1a-87f0-33f49c0a658e,f2b27cbd-5207-4281-8f67-6369d0c50a9b,Kodrova,2
1b0f629f-acdb-4e94-8c54-018f4334ebf7,8512e1be-4637-483b-a3e6-78ccc6d2c5b1,c87db9be-1fba-4102-a743-0ee4317dd5af,Bavarski dvor,521
2388ce1f-c947-42d7-97f3-e01a7254c933,7fad8003-fb10-489d-bf8d-6d433310ad90,N/A,N/A,660
e786b2df-34ed-4246-832e-7c3d538ac1f4,5cc8a08d-c0af-491f-9a9c-b8b4f5f23bc0,fef200e9-4d98-425b-ab14-8110e2aa85d7,Drama,302
1035c6f7-304e-4329-a3b2-4eb5d985a577,db13a26e-19d4-4b8a-a78a-01ef25d58834,223f660b-c391-4120-bf3c-7bf06781686b,Tovorni kolodvor,416
5de84f88-3f32-4636-8c30-03cc267ecf37,0dc86a8f-0f41-44c7-978c-e06cb63cbbcf,fb0042f8-d9e2-4916-b60a-38a026acf0c9,Leskoškova,177
3edd6057-3847-4c42-b8ec-6e89ff95793a,717dda7e-d793-4697-8f60-b64ee8b1edc4,717dda7e-d793-4697-8f60-b64ee8b1edc4,Gosposvetska,168
77dcd833-fa4d-4c5a-93b1-31284942e61d,b59656a4-b6e7-4b87-977c-078c59088a50,fef200e9-4d98-425b-ab14-8110e2aa85d7,Drama,196
8eeea585-6168-45b8-a5d4-336e61826043,2f874852-bc80-4ff3-b6bf-a914e31251c8,717dda7e-d793-4697-8f60-b64ee8b1edc4,Gosposvetska,207
e0bcd677-6012-4c90-a884-44dffafdffec,271db19a-744b-41a0-869d-0c3e0e2cb6bf,fef200e9-4d98-425b-ab14-8110e2aa85d7,Drama,21
52e5adea-e194-4fc1-809c-1d6421f8f8db,21764d19-62cc-49fd-bac9-403aeac6a6b9,c87db9be-1fba-4102-a743-0ee4317dd5af,Bavarski dvor,120
271db19a-744b-41a0-869d-0c3e0e2cb6bf,0be237aa-4b91-4d2b-ac23-0cebac975a0d,5d7f28a6-2a2a-4333-aa06-48edfb652f86,Pošta,218
e468b92f-fa4a-4819-bb11-37761deaf4ca,81f21fc1-3bd2-4d2a-b563-2d063479c68e,a719a87c-4e93-4387-a6d1-2631a487f7e0,Ajdovščina,138
ecc4ae87-ae08-4b94-995c-452fdd94df7f,3c6ebf90-c611-4535-b2b0-22fba3f7649a,47a3bd8a-72ae-4e20-b43f-10bfaf49012c,Ob sotočju,391
e0bcd677-6012-4c90-a884-44dffafdffec,6edebb46-d04f-45c4-99a4-100f7f0b2660,ef31a8be-b01d-44cd-95cf-3db8e918af26,Emona,229
592b37eb-8255-4758-ae8a-7cef98521013,2ec182e2-769f-427f-b9b5-c4118890cb96,484b5c91-1220-43ba-af79-84e712fcc46b,Slovenija avto,217
2388ce1f-c947-42d7-97f3-e01a7254c933,e468b92f-fa4a-4819-bb11-37761deaf4ca,N/A,N/A,660
2f874852-bc80-4ff3-b6bf-a914e31251c8,aa42017d-812a-4175-bc9b-0fec03b18931,a2ce7e6f-0f99-443a-a973-81a0b9c60261,Astra,4
fb7704f0-d31e-4561-83e4-621a8c62654b,8512e1be-4637-483b-a3e6-78ccc6d2c5b1,379bc761-04b5-4227-be76-3b870fe3e69f,Pot na Fužine,73
a719a87c-4e93-4387-a6d1-2631a487f7e0,d4c51b31-46fd-4da8-ba15-8068e666d483,5d7f28a6-2a2a-4333-aa06-48edfb652f86,Pošta,56
c22879e5-8e90-4540-9a74-5f139208e492,e468b92f-fa4a-4819-bb11-37761deaf4ca,a719a87c-4e93-4387-a6d1-2631a487f7e0,Ajdovščina,313
96d4c75b-6452-4c70-a31e-c234262ba38b,4e8ccfa1-b58c-4ee1-ad82-2e8a645071f3,023d7b7a-b411-4e61-8746-b07f9e5c8f90,Ambrožev trg,370
5d7f28a6-2a2a-4333-aa06-48edfb652f86,609f0950-bb8c-4eaf-a931-8575b8aff1ac,38b3abed-0592-407b-96c3-85a026f2e192,Dalmatinova,431
769b7bc7-4f95-4bb2-9c99-37ba8e8b4bd5,88cdd36c-03d2-4374-a22f-110dd9f75ea0,c87db9be-1fba-4102-a743-0ee4317dd5af,Bavarski dvor,73
1b0f629f-acdb-4e94-8c54-018f4334ebf7,db13a26e-19d4-4b8a-a78a-01ef25d58834,fef200e9-4d98-425b-ab14-8110e2aa85d7,Drama,305
98b60d07-8054-441a-be44-be7aa24f4253,7fa32ea0-e884-435a-a81c-51bbd5cedf3e,fef200e9-4d98-425b-ab14-8110e2aa85d7,Drama,232
f2b27cbd-5207-4281-8f67-6369d0c50a9b,db13a26e-19d4-4b8a-a78a-01ef25d58834,a719a87c-4e93-4387-a6d1-2631a487f7e0,Ajdovščina,368
48b163cd-b819-4849-aee1-8b1da77657ab,91fb6c6e-49cf-49d3-97d4-6ae228f9bfa1,a2ce7e6f-0f99-443a-a973-81a0b9c60261,Astra,273
db13a26e-19d4-4b8a-a78a-01ef25d58834,77dcd833-fa4d-4c5a-93b1-31284942e61d,484b5c91-1220-43ba-af79-84e712fcc46b,Slovenija avto,201
c87db9be-1fba-4102-a743-0ee4317dd5af,6c56976b-4ae1-429f-bcab-0cfc37e3580d,c5ec5e81-2ce4-452d-bd7a-595de4f8b34f,Prušnikova,195
fb0042f8-d9e2-4916-b60a-38a026acf0c9,f2b27cbd-5207-4281-8f67-6369d0c50a9b,c87db9be-1fba-4102-a743-0ee4317dd5af,Bavarski dvor,237
e6f5183b-c615-4f47-b4fb-204ee070e825,277bc73c-e61d-4046-bcfd-31d6161c568e,a0b1fb90-3f6a-4231-910a-18be192ac762,Flajšmanova,250
454817d3-3750-49c7-994c-14d06fd2c634,12304b99-9a07-485a-a101-eaca90495d48,c87db9be-1fba-4102-a743-0ee4317dd5af,Bavarski dvor,42
023d7b7a-b411-4e61-8746-b07f9e5c8f90,47637057-8d6a-4cf9-bd56-3ac90748fcc4,f2b27cbd-5207-4281-8f67-6369d0c50a9b,Kodrova,68
5cc8a08d-c0af-491f-9a9c-b8b4f5f23bc0,9a1c4c65-df77-481f-87ad-56143f02a864,f33b721f-a8a3-4aad-96f2-077da09ebaa6,Razstavišče,17
3fbf6322-fb74-4a50-a81a-bfca73abc26b,f33b721f-a8a3-4aad-96f2-077da09ebaa6,5d7f28a6-2a2a-4333-aa06-48edfb652f86,Pošta,98
c297ac70-8f43-4fbc-a8a4-366ddb883a8d,5de6ff80-1352-43df-b5ec-1df59f2f492b,7fad8003-fb10-489d-bf8d-6d433310ad90,Nove Jarše,10
9746f277-af08-4cce-92fa-41da5eca8ac2,7fad8003-fb10-489d-bf8d-6d433310ad90,fef200e9-4d98-425b-ab14-8110e2aa85d7,Drama,11
eb165f50-9c43-4b09-9658-469a16d3dc83,9a14b0ec-f13a-46f0-8c4f-07d8b99241e2,295616c0-387b-4f60-a337-7743cd6be04e,Bavarski dvor,64
c22879e5-8e90-4540-9a74-5f139208e492,023d7b7a-b411-4e61-8746-b07f9e5c8f90,484b5c91-1220-43ba-af79-84e712fcc46b,Slovenija avto,297
f33b721f-a8a3-4aad-96f2-077da09ebaa6,a2ce7e6f-0f99-443a-a973-81a0b9c60261,a719a87c-4e93-4387-a6d1-2631a487f7e0,Ajdovščina,53
9bd3ee10-bc61-44e8-8cf3-a37cffd54da0,e6f5183b-c615-4f47-b4fb-204ee070e825,e9d9f622-7394-4c5c-9031-a41855a64aa7,Polje,54
6182f8e8-c45e-4606-b4a4-d909bd44d2cc,717c914e-f928-4671-95f6-26c1ddb95799,295616c0-387b-4f60-a337-7743cd6be04e,Bavarski dvor,301
592b37eb-8255-4758-ae8a-7cef98521013,d98335a0-1291-4d4c-be62-16b11c356575,a719a87c-4e93-4387-a6d1-2631a487f7e0,Ajdovščina,68
1b0f629f-acdb-4e94-8c54-018f4334ebf7,295616c0-387b-4f60-a337-7743cd6be04e,7eb88e01-82e9-4af4-84d0-69c6ea9dc82c,Kolodvor,269
3fbf6322-fb74-4a50-a81a-bfca73abc26b,c22879e5-8e90-4540-9a74-5f139208e492,295616c0-387b-4f60-a337-7743cd6be04e,Bavarski dvor,89
8589e5d1-21b4-4210-ad7a-4bf91f9a715d,ecc4ae87-ae08-4b94-995c-452fdd94df7f,7fa32ea0-e884-435a-a81c-51bbd5cedf3e,Zaloška,114
7bcbdcaa-00b9-47d4-8982-09da26cd7bcb,8598b85d-3e1d-4767-b72f-0c209038841f,295616c0-387b-4f60-a337-7743cd6be04e,Bavarski dvor,328
db13a26e-19d4-4b8a-a78a-01ef25d58834,7fa32ea0-e884-435a-a81c-51bbd5cedf3e,c87db9be-1fba-4102-a743-0ee4317dd5af,Bavarski dvor,312
f2b27cbd-5207-4281-8f67-6369d0c50a9b,a7094427-e180-4deb-acaf-5d4488326e9e,295616c0-387b-4f60-a337-7743cd6be04e,Bavarski dvor,151
a719a87c-4e93-4387-a6d1-2631a487f7e0,fb7704f0-d31e-4561-83e4-621a8c62654b,a719a87c-4e93-4387-a6d1-2631a487f7e0,Ajdovščina,32
2f874852-bc80-4ff3-b6bf-a914e31251c8,f33b721f-a8a3-4aad-96f2-077da09ebaa6,454817d3-3750-49c7-994c-14d06fd2c634,Žale,242
609f0950-bb8c-4eaf-a931-8575b8aff1ac,9e109242-5aad-4fb7-b0c8-576eef8aa4e0,7fa32ea0-e884-435a-a81c-51bbd5cedf3e,Zaloška,137
f2b27cbd-5207-4281-8f67-6369d0c50a9b,86a75ffc-a78f-401f-8991-2eb0371417b2,5d7f28a6-2a2a-4333-aa06-48edfb652f86,Pošta,107
6559d555-672b-4633-8a81-0ae68fb963eb,e9382efd-d64d-46b0-9a7d-a4e6a0188725,484b5c91-1220-43ba-af79-84e712fcc46b,Slovenija avto,57
88cdd36c-03d2-4374-a22f-110dd9f75ea0,484b5c91-1220-43ba-af79-84e712fcc46b,c22879e5-8e90-4540-9a74-5f139208e492,Friškovec,47
4e8ccfa1-b58c-4ee1-ad82-2e8a645071f3,96d4c75b-6452-4c70-a31e-c234262ba38b,a719a87c-4e93-4387-a6d1-2631a487f7e0,Ajdovščina,107
f14a6236-8af2-47bf-9270-432377662a63,dfde6478-02b5-471b-a470-29cb0e84542f,fef200e9-4d98-425b-ab14-8110e2aa85d7,Drama,99
86a75ffc-a78f-401f-8991-2eb0371417b2,f33b721f-a8a3-4aad-96f2-077da09ebaa6,c87db9be-1fba-4102-a743-0ee4317dd5af,Bavarski dvor,250
9746f277-af08-4cce-92fa-41da5eca8ac2,7484317c-269f-425f-8118-23eedab4e5f1,fef200e9-4d98-425b-ab14-8110e2aa85d7,Drama,516
1035c6f7-304e-4329-a3b2-4eb5d985a577,a0e0a21b-b8ce-4d76-bbc2-04e179367fee,f33b721f-a8a3-4aad-96f2-077da09ebaa6,Razstavišče,15
ac3afe7d-a2b3-4d5d-9e6a-1d2412a3bc70,609f0950-bb8c-4eaf-a931-8575b8aff1ac,c22879e5-8e90-4540-9a74-5f139208e492,Friškovec,117
f2b27cbd-5207-4281-8f67-6369d0c50a9b,0b4a072e-6c2d-4c71-ab80-2b7142df81de,295616c0-387b-4f60-a337-7743cd6be04e,Bavarski dvor,197
59ee5f7d-476b-4958-a922-2040a9308f3b,c22879e5-8e90-4540-9a74-5f139208e492,N/A,N/A,660
5de84f88-3f32-4636-8c30-03cc267ecf37,e786b2df-34ed-4246-832e-7c3d538ac1f4,717dda7e-d793-4697-8f60-b64ee8b1edc4,Gosposvetska,94
35aedf45-cca3-4f2f-931b-138d29d20fe9,e9382efd-d64d-46b0-9a7d-a4e6a0188725,295616c0-387b-4f60-a337-7743cd6be04e,Bavarski dvor,88
fef200e9-4d98-425b-ab14-8110e2aa85d7,cee2862b-9b70-4880-8fa3-16c6d2efae1b,c87db9be-1fba-4102-a743-0ee4317dd5af,Bavarski dvor,155
48b163cd-b819-4849-aee1-8b1da77657ab,2f874852-bc80-4ff3-b6bf-a914e31251c8,7fad8003-fb10-489d-bf8d-6d433310ad90,Nove Jarše,223
1dc99fbb-5496-4aab-a4b6-32e653ccc789,6559d555-672b-4633-8a81-0ae68fb963eb,f14a6236-8af2-47bf-9270-432377662a63,Viadukt,274
a2ce7e6f-0f99-443a-a973-81a0b9c60261,05643914-8ff7-4064-8737-2761d44a083f,c87db9be-1fba-4102-a743-0ee4317dd5af,Bavarski dvor,65
717c914e-f928-4671-95f6-26c1ddb95799,6459bd02-d8f8-413e-9402-10b916f09a4f,cdabf1ea-b04c-480a-8359-72c46e6864ab,Bežigrad,66
6459bd02-d8f8-413e-9402-10b916f09a4f,f15ddf31-fc11-41ba-988d-376c83e38f58,a719a87c-4e93-4387-a6d1-2631a487f7e0,Ajdovščina,38
5de6ff80-1352-43df-b5ec-1df59f2f492b,9a1c4c65-df77-481f-87ad-56143f02a864,295616c0-387b-4f60-a337-7743cd6be04e,Bavarski dvor,58
295616c0-387b-4f60-a337-7743cd6be04e,6edebb46-d04f-45c4-99a4-100f7f0b2660,8598b85d-3e1d-4767-b72f-0c209038841f,Štepanja vas,443
88cdd36c-03d2-4374-a22f-110dd9f75ea0,1b3ddeca-a066-43ee-9ae5-8339628129c2,a0e0a21b-b8ce-4d76-bbc2-04e179367fee,Šola Jarše,98
295616c0-387b-4f60-a337-7743cd6be04e,9b0074d2-2c92-4c01-830b-00be8e05b412,fef200e9-4d98-425b-ab14-8110e2aa85d7,Drama,95
4038e02e-f22f-4af0-ba4f-7aab855b53af,592b37eb-8255-4758-ae8a-7cef98521013,c87db9be-1fba-4102-a743-0ee4317dd5af,Bavarski dvor,594
c22879e5-8e90-4540-9a74-5f139208e492,cdabf1ea-b04c-480a-8359-72c46e6864ab,fef200e9-4d98-425b-ab14-8110e2aa85d7,Drama,589
7eb88e01-82e9-4af4-84d0-69c6ea9dc82c,35aedf45-cca3-4f2f-931b-138d29d20fe9,fef200e9-4d98-425b-ab14-8110e2aa85d7,Drama,185
9cfac7e2-9653-4e52-a6d3-27756d27f817,48b163cd-b819-4849-aee1-8b1da77657ab,1ce1c3a8-e0f6-4f90-b1aa-1448759d8b3c,Astra,56
a2ce7e6f-0f99-443a-a973-81a0b9c60261,2388ce1f-c947-42d7-97f3-e01a7254c933,N/A,N/A,660
a2f479c6-4c21-4923-b4ac-86f752507cee,277bc73c-e61d-4046-bcfd-31d6161c568e,N/A,N/A,660
3edd6057-3847-4c42-b8ec-6e89ff95793a,cdabf1ea-b04c-480a-8359-72c46e6864ab,f2b27cbd-5207-4281-8f67-6369d0c50a9b,Kodrova,68
093afa81-b65f-4182-bac3-afbc00558a9b,769b7bc7-4f95-4bb2-9c99-37ba8e8b4bd5,a719a87c-4e93-4387-a6d1-2631a487f7e0,Ajdovščina,60
f15ddf31-fc11-41ba-988d-376c83e38f58,7eb88e01-82e9-4af4-84d0-69c6ea9dc82c,fef200e9-4d98-425b-ab14-8110e2aa85d7,Drama,48
5d7f28a6-2a2a-4333-aa06-48edfb652f86,609f0950-bb8c-4eaf-a931-8575b8aff1ac,295616c0-387b-4f60-a337-7743cd6be04e,Bavarski dvor,102
277bc73c-e61d-4046-bcfd-31d6161c568e,48b163cd-b819-4849-aee1-8b1da77657ab,a719a87c-4e93-4387-a6d1-2631a487f7e0,Ajdovščina,62
c627c9f2-af02-4d83-969a-566719bb09e3,9bd3ee10-bc61-44e8-8cf3-a37cffd54da0,fef200e9-4d98-425b-ab14-8110e2aa85d7,Drama,83
a7094427-e180-4deb-acaf-5d4488326e9e,25cde952-4896-4977-b229-75e09b3e3661,a719a87c-4e93-4387-a6d1-2631a487f7e0,Ajdovščina,540
e9382efd-d64d-46b0-9a7d-a4e6a0188725,db13a26e-19d4-4b8a-a78a-01ef25d58834,c87db9be-1fba-4102-a743-0ee4317dd5af,Bavarski dvor,174
86a75ffc-a78f-401f-8991-2eb0371417b2,717dda7e-d793-4697-8f60-b64ee8b1edc4,c87db9be-1fba-4102-a743-0ee4317dd5af,Bavarski dvor,329
e0bcd677-6012-4c90-a884-44dffafdffec,a0e0a21b-b8ce-4d76-bbc2-04e179367fee,f33b721f-a8a3-4aad-96f2-077da09ebaa6,Razstavišče,159
a719a87c-4e93-4387-a6d1-2631a487f7e0,7fa32ea0-e884-435a-a81c-51bbd5cedf3e,7bcbdcaa-00b9-47d4-8982-09da26cd7bcb,Zaloška,568
a2f479c6-4c21-4923-b4ac-86f752507cee,eb165f50-9c43-4b09-9658-469a16d3dc83,N/A,N/A,660
35aedf45-cca3-4f2f-931b-138d29d20fe9,c5ec5e81-2ce4-452d-bd7a-595de4f8b34f,c87db9be-1fba-4102-a743-0ee4317dd5af,Bavarski dvor,147
9cfac7e2-9653-4e52-a6d3-27756d27f817,5de84f88-3f32-4636-8c30-03cc267ecf37,c87db9be-1fba-4102-a743-0ee4317dd5af,Bavarski dvor,27
592b37eb-8255-4758-ae8a-7cef98521013,4038e02e-f22f-4af0-ba4f-7aab855b53af,7eb88e01-82e9-4af4-84d0-69c6ea9dc82c,Kolodvor,24
2f18bcfa-6189-4de4-b06f-132d3392e7d6,c5ec5e81-2ce4-452d-bd7a-595de4f8b34f,N/A,N/A,660
9bd3ee10-bc61-44e8-8cf3-a37cffd54da0,58db973d-ecbb-4aa6-a56c-c26aaff7f263,7fad8003-fb10-489d-bf8d-6d433310ad90,Nove Jarše,381
e9382efd-d64d-46b0-9a7d-a4e6a0188725,91fb6c6e-49cf-49d3-97d4-6ae228f9bfa1,a719a87c-4e93-4387-a6d1-2631a487f7e0,Ajdovščina,169
6a89c110-a0f8-4b1a-87f0-33f49c0a658e,48507e1a-32df-4552-9448-3b345760b75f,5d7f28a6-2a2a-4333-aa06-48edfb652f86,Pošta,47
769b7bc7-4f95-4bb2-9c99-37ba8e8b4bd5,592b37eb-8255-4758-ae8a-7cef98521013,c87db9be-1fba-4102-a743-0ee4317dd5af,Bavarski dvor,29
ac3afe7d-a2b3-4d5d-9e6a-1d2412a3bc70,b59656a4-b6e7-4b87-977c-078c59088a50,c87db9be-1fba-4102-a743-0ee4317dd5af,Bavarski dvor,40
4e8ccfa1-b58c-4ee1-ad82-2e8a645071f3,a2f479c6-4c21-4923-b4ac-86f752507cee,N/A,N/A,660
e0bcd677-6012-4c90-a884-44dffafdffec,ab987eb0-c970-4577-8db9-0cd507a6cab6,484b5c91-1220-43ba-af79-84e712fcc46b,Slovenija avto,484
7fa32ea0-e884-435a-a81c-51bbd5cedf3e,0be237aa-4b91-4d2b-ac23-0cebac975a0d,aa42017d-812a-4175-bc9b-0fec03b18931,Ambrožev trg,72
abc9fd26-5442-468b-93b6-4d5eb76d0f1f,98b60d07-8054-441a-be44-be7aa24f4253,a0e0a21b-b8ce-4d76-bbc2-04e179367fee,Šola Jarše,180
8512e1be-4637-483b-a3e6-78ccc6d2c5b1,fb0042f8-d9e2-4916-b60a-38a026acf0c9,f2b27cbd-5207-4281-8f67-6369d0c50a9b,Kodrova,64
592b37eb-8255-4758-ae8a-7cef98521013,81f21fc1-3bd2-4d2a-b563-2d063479c68e,f33b721f-a8a3-4aad-96f2-077da09ebaa6,Razstavišče,354
2f18bcfa-6189-4de4-b06f-132d3392e7d6,a0b1fb90-3f6a-4231-910a-18be192ac762,1505c6fe-6080-424e-98d1-24c312cfacf3,Pot na Rakovo jelšo,47
484b5c91-1220-43ba-af79-84e712fcc46b,47a3bd8a-72ae-4e20-b43f-10bfaf49012c,5d7f28a6-2a2a-4333-aa06-48edfb652f86,Pošta,22
fb7704f0-d31e-4561-83e4-621a8c62654b,9cfac7e2-9653-4e52-a6d3-27756d27f817,48b163cd-b819-4849-aee1-8b1da77657ab,Šentvid,4
f33b721f-a8a3-4aad-96f2-077da09ebaa6,96d4c75b-6452-4c70-a31e-c234262ba38b,295616c0-387b-4f60-a337-7743cd6be04e,Bavarski dvor,108
8589e5d1-21b4-4210-ad7a-4bf91f9a715d,4ca7ae7e-380b-45e3-81de-00ffab5bb531,fef200e9-4d98-425b-ab14-8110e2aa85d7,Drama,67
e9d9f622-7394-4c5c-9031-a41855a64aa7,295616c0-387b-4f60-a337-7743cd6be04e,f33b721f-a8a3-4aad-96f2-077da09ebaa6,Razstavišče,23
aa42017d-812a-4175-bc9b-0fec03b18931,81f21fc1-3bd2-4d2a-b563-2d063479c68e,6a89c110-a0f8-4b1a-87f0-33f49c0a658e,Šola Jarše,65
7484317c-269f-425f-8118-23eedab4e5f1,cee2862b-9b70-4880-8fa3-16c6d2efae1b,c87db9be-1fba-4102-a743-0ee4317dd5af,Bavarski dvor,108
1505c6fe-6080-424e-98d1-24c312cfacf3,454817d3-3750-49c7-994c-14d06fd2c634,c87db9be-1fba-4102-a743-0ee4317dd5af,Bavarski dvor,86
d98335a0-1291-4d4c-be62-16b11c356575,7310c006-62b8-4f94-bb9c-d5c26cb3faad,fef200e9-4d98-425b-ab14-8110e2aa85d7,Drama,82
88cdd36c-03d2-4374-a22f-110dd9f75ea0,f33b721f-a8a3-4aad-96f2-077da09ebaa6,c87db9be-1fba-4102-a743-0ee4317dd5af,Bavarski dvor,219
769b7bc7-4f95-4bb2-9c99-37ba8e8b4bd5,e0bcd677-6012-4c90-a884-44dffafdffec,295616c0-387b-4f60-a337-7743cd6be04e,Bavarski dvor,129
05643914-8ff7-4064-8737-2761d44a083f,3fbf6322-fb74-4a50-a81a-bfca73abc26b,N/A,N/A,660
717dda7e-d793-4697-8f60-b64ee8b1edc4,2f18bcfa-6189-4de4-b06f-132d3392e7d6,484b5c91-1220-43ba-af79-84e712fcc46b,Slovenija avto,491
7eb88e01-82e9-4af4-84d0-69c6ea9dc82c,717dda7e-d793-4697-8f60-b64ee8b1edc4,295616c0-387b-4f60-a337-7743cd6be04e,Bavarski dvor,160
f14a6236-8af2-47bf-9270-432377662a63,d4c51b31-46fd-4da8-ba15-8068e666d483,6182f8e8-c45e-4606-b4a4-d909bd44d2cc,Gornji trg,36
9e109242-5aad-4fb7-b0c8-576eef8aa4e0,9bd3ee10-bc61-44e8-8cf3-a37cffd54da0,7fad8003-fb10-489d-bf8d-6d433310ad90,Nove Jarše,266
4d216485-ef41-45e7-9182-0c254644955c,1ce1c3a8-e0f6-4f90-b1aa-1448759d8b3c,1ce1c3a8-e0f6-4f90-b1aa-1448759d8b3c,Astra,63
fb7704f0-d31e-4561-83e4-621a8c62654b,35aedf45-cca3-4f2f-931b-138d29d20fe9,c87db9be-1fba-4102-a743-0ee4317dd5af,Bavarski dvor,109
0be237aa-4b91-4d2b-ac23-0cebac975a0d,717c914e-f928-4671-95f6-26c1ddb95799,717dda7e-d793-4697-8f60-b64ee8b1edc4,Gosposvetska,458
1ce1c3a8-e0f6-4f90-b1aa-1448759d8b3c,52e5adea-e194-4fc1-809c-1d6421f8f8db,c87db9be-1fba-4102-a743-0ee4317dd5af,Bavarski dvor,80
ac3afe7d-a2b3-4d5d-9e6a-1d2412a3bc70,ac3afe7d-a2b3-4d5d-9e6a-1d2412a3bc70,484b5c91-1220-43ba-af79-84e712fcc46b,Slovenija avto,1
f4cfd904-bd11-4247-95df-32c4555a930f,4e8ccfa1-b58c-4ee1-ad82-2e8a645071f3,c87db9be-1fba-4102-a743-0ee4317dd5af,Bavarski dvor,189
6bd46cb7-9e5d-453a-878a-bcc38fb2a5f2,a2f479c6-4c21-4923-b4ac-86f752507cee,N/A,N/A,660
7c149b59-2bc6-45cb-95c8-69e18a0db627,c297ac70-8f43-4fbc-a8a4-366ddb883a8d,5d7f28a6-2a2a-4333-aa06-48edfb652f86,Pošta,529
2f18bcfa-6189-4de4-b06f-132d3392e7d6,35aedf45-cca3-4f2f-931b-138d29d20fe9,9b0074d2-2c92-4c01-830b-00be8e05b412,Cukrarna,28
48507e1a-32df-4552-9448-3b345760b75f,3c6ebf90-c611-4535-b2b0-22fba3f7649a,717dda7e-d793-4697-8f60-b64ee8b1edc4,Gosposvetska,399
bc66f88b-1412-44cb-b921-030d27335261,cee2862b-9b70-4880-8fa3-16c6d2efae1b,c87db9be-1fba-4102-a743-0ee4317dd5af,Bavarski dvor,520
2f18bcfa-6189-4de4-b06f-132d3392e7d6,4ca7ae7e-380b-45e3-81de-00ffab5bb531,f14a6236-8af2-47bf-9270-432377662a63,Viadukt,67
a7177a3d-8db2-43fb-8910-f95857f0ed97,6bd46cb7-9e5d-453a-878a-bcc38fb2a5f2,N/A,N/A,660
48b163cd-b819-4849-aee1-8b1da77657ab,f14a6236-8af2-47bf-9270-432377662a63,295616c0-387b-4f60-a337-7743cd6be04e,Bavarski dvor,138
f2b27cbd-5207-4281-8f67-6369d0c50a9b,6182f8e8-c45e-4606-b4a4-d909bd44d2cc,1b3ddeca-a066-43ee-9ae5-8339628129c2,Žale,59
fb0042f8-d9e2-4916-b60a-38a026acf0c9,7fad8003-fb10-489d-bf8d-6d433310ad90,295616c0-387b-4f60-a337-7743cd6be04e,Bavarski dvor,284
47a3bd8a-72ae-4e20-b43f-10bfaf49012c,e0bcd677-6012-4c90-a884-44dffafdffec,a719a87c-4e93-4387-a6d1-2631a487f7e0,Ajdovščina,74
88cdd36c-03d2-4374-a22f-110dd9f75ea0,bc66f88b-1412-44cb-b921-030d27335261,f2b27cbd-5207-4281-8f67-6369d0c50a9b,Kodrova,2
4038e02e-f22f-4af0-ba4f-7aab855b53af,271db19a-744b-41a0-869d-0c3e0e2cb6bf,295616c0-387b-4f60-a337-7743cd6be04e,Bavarski dvor,46
12304b99-9a07-485a-a101-eaca90495d48,dfde6478-02b5-471b-a470-29cb0e84542f,21764d19-62cc-49fd-bac9-403aeac6a6b9,Ježica,130
25cde952-4896-4977-b229-75e09b3e3661,609f0950-bb8c-4eaf-a931-8575b8aff1ac,7fad8003-fb10-489d-bf8d-6d433310ad90,Nove Jarše,157
e468b92f-fa4a-4819-bb11-37761deaf4ca,3fbf6322-fb74-4a50-a81a-bfca73abc26b,a719a87c-4e93-4387-a6d1-2631a487f7e0,Ajdovščina,358
8512e1be-4637-483b-a3e6-78ccc6d2c5b1,1b0f629f-acdb-4e94-8c54-018f4334ebf7,5d7f28a6-2a2a-4333-aa06-48edfb652f86,Pošta,86
f4cfd904-bd11-4247-95df-32c4555a930f,77dcd833-fa4d-4c5a-93b1-31284942e61d,f2b27cbd-5207-4281-8f67-6369d0c50a9b,Kodrova,40
9b0074d2-2c92-4c01-830b-00be8e05b412,eb165f50-9c43-4b09-9658-469a16d3dc83,c87db9be-1fba-4102-a743-0ee4317dd5af,Bavarski dvor,613
9a1c4c65-df77-481f-87ad-56143f02a864,5d7f28a6-2a2a-4333-aa06-48edfb652f86,fef200e9-4d98-425b-ab14-8110e2aa85d7,Drama,206
1b0f629f-acdb-4e94-8c54-018f4334ebf7,a2f479c6-4c21-4923-b4ac-86f752507cee,N/A,N/A,660
7bcbdcaa-00b9-47d4-8982-09da26cd7bcb,a719a87c-4e93-4387-a6d1-2631a487f7e0,5d7f28a6-2a2a-4333-aa06-48edfb652f86,Pošta,36
