zacetek_A,zacetek_B,srecanje_id,srecanje_ime,stevilo_korakov
69bc9f1c-507f-463c-ba5a-04500b319967,5f2b93f1-7933-45ed-915c-4488ab8d81b7,a719a87c-4e93-4387-a6d1-2631a487f7e0,Ajdovščina,1185
fcccf4af-4f16-4edc-ba5a-585c434593fe,39650ca1-d08c-4645-ac1a-6aed84eb45c5,c87db9be-1fba-4102-a743-0ee4317dd5af,Bavarski dvor,1438
c627c9f2-af02-4d83-969a-566719bb09e3,099976aa-17cc-45d3-add4-267985ab1533,N/A,N/A,4525
a3aeed02-8e36-4cb0-bb08-25cc4afda164,18d010ca-0244-4928-82cb-47af0836a1bb,f4cfd904-bd11-4247-95df-32c4555a930f,Klinični center,1671
0be53afd-2427-49b2-b70c-2ee3d89e9762,7ad774b6-172a-401b-b186-358aa2d560a2,8c7fa045-888b-46d0-8189-6f82623bf481,Poljanska,1859
76ec8af8-07c2-4d44-b0d8-a439d381913f,6c56976b-4ae1-429f-bcab-0cfc37e3580d,e9d9f622-7394-4c5c-9031-a41855a64aa7,Polje,237
aa113271-655f-423f-ad7e-4cfaba2eb739,1ceecd12-b005-4828-ad39-8f2aeb1ca228,484b5c91-1220-43ba-af79-84e712fcc46b,Slovenija avto,871
91fb6c6e-49cf-49d3-97d4-6ae228f9bfa1,6edebb46-d04f-45c4-99a4-100f7f0b2660,c87db9be-1fba-4102-a743-0ee4317dd5af,Bavarski dvor,155
1dc99fbb-5496-4aab-a4b6-32e653ccc789,c5ec5e81-2ce4-452d-bd7a-595de4f8b34f,a719a87c-4e93-4387-a6d1-2631a487f7e0,Ajdovščina,1077
ca575a45-9c95-4348-9245-8c75f70130b3,eaad1ba5-14a4-494f-80ae-65294c29a962,N/A,N/A,4525
b2dd1684-0848-40f7-b10e-8f74bb005f2f,dba19980-8ca1-4847-b9b5-8cd419374ae2,N/A,N/A,4525
7310c006-62b8-4f94-bb9c-d5c26cb3faad,a999f83e-4e6a-4ef9-9a10-e4a2c8a4a182,295616c0-387b-4f60-a337-7743cd6be04e,Bavarski dvor,133
9741988b-6723-480b-a419-8db7490d667a,4ab506fa-0fcd-431b-ace7-19ffa5f0576a,295616c0-387b-4f60-a337-7743cd6be04e,Bavarski dvor,3430
ac3afe7d-a2b3-4d5d-9e6a-1d2412a3bc70,c5ec5e81-2ce4-452d-bd7a-595de4f8b34f,ecc4ae87-ae08-4b94-995c-452fdd94df7f,Privoz,324
3f37b298-896a-40be-b2f5-6fe8154756c4,e2d3c37e-a7df-458e-9e5a-ea33ccf4c11b,9a1c4c65-df77-481f-87ad-56143f02a864,Vižmarje,2554
bfcba499-ce46-41b0-8268-966d74eccb20,33613e0e-f41c-4cee-804a-3942bf698e3e,fef200e9-4d98-425b-ab14-8110e2aa85d7,Drama,666
d7748049-2f69-4c77-a19b-96774a521ac1,86303165-4af4-4fcd-b0f9-43ed865454f4,fef200e9-4d98-425b-ab14-8110e2aa85d7,Drama,731
ea9d5fa9-af5a-4d39-96fd-626415048511,01d1f388-d915-4e9f-bc3d-4432a73a216e,fef200e9-4d98-425b-ab14-8110e2aa85d7,Drama,504
298fea2e-c58b-4d99-9350-2420c718d2cc,a7094427-e180-4deb-acaf-5d4488326e9e,a719a87c-4e93-4387-a6d1-2631a487f7e0,Ajdovščina,396
67c3adc1-a92d-4528-91ee-77d8b52574c6,9e0942f3-2c18-4891-9b51-9d95cc43af7a,N/A,N/A,4525
d4c51b31-46fd-4da8-ba15-8068e666d483,a26d9a94-effb-45ab-a27f-74076e9e5bdd,b59656a4-b6e7-4b87-977c-078c59088a50,Hajdrihova,1924
49f28358-bfda-458e-a4b3-a45f602765c1,5b184752-5bd2-43e3-9243-dfc8969d9065,N/A,N/A,4525
79d89180-8b07-4127-b7b4-1ac03d1cee9f,7310c006-62b8-4f94-bb9c-d5c26cb3faad,N/A,N/A,4525
29589594-5959-4efb-8dda-7348e4e500a0,154f3596-bbbb-4038-9ad7-c4b8b5288a02,a719a87c-4e93-4387-a6d1-2631a487f7e0,Ajdovščina,487
2628b04b-eaf2-4c5a-b7ac-837237162783,96d4c75b-6452-4c70-a31e-c234262ba38b,295616c0-387b-4f60-a337-7743cd6be04e,Bavarski dvor,1494
4fddf4a7-ad4e-4630-a5ca-3267955db548,0b90d258-764d-4c06-aab0-7074dbd54182,f33b721f-a8a3-4aad-96f2-077da09ebaa6,Razstavišče,1896
2d42d8e2-26a8-4a74-809c-f436d05c8a54,ea9d5fa9-af5a-4d39-96fd-626415048511,295616c0-387b-4f60-a337-7743cd6be04e,Bavarski dvor,1630
a52cd7ac-c11e-4c8b-94a5-1a12b32595da,47637057-8d6a-4cf9-bd56-3ac90748fcc4,484b5c91-1220-43ba-af79-84e712fcc46b,Slovenija avto,3231
f66a1f18-4c18-4317-b929-fb616cc7cebc,41c8c7eb-62ef-45d8-b5b1-221dd3c0022c,6559d555-672b-4633-8a81-0ae68fb963eb,ZD POLJE,319
4ac86a6a-874d-41a7-92a5-64ed733b7734,39650ca1-d08c-4645-ac1a-6aed84eb45c5,N/A,N/A,4525
2ec182e2-769f-427f-b9b5-c4118890cb96,51dbf10f-cf3b-4575-a8cc-d1080c1f9dde,7fa32ea0-e884-435a-a81c-51bbd5cedf3e,Zaloška,1079
ecc4ae87-ae08-4b94-995c-452fdd94df7f,36d25599-0bed-48a0-bcb4-134be8a959fe,fef200e9-4d98-425b-ab14-8110e2aa85d7,Drama,3144
7c149b59-2bc6-45cb-95c8-69e18a0db627,c969f066-aab5-466d-b4db-48e651a4a12e,fef200e9-4d98-425b-ab14-8110e2aa85d7,Drama,867
294c40c4-18e4-4d92-a947-911a8623de89,26ec9924-5586-4fd5-8b20-63f2d0a38d44,dfde6478-02b5-471b-a470-29cb0e84542f,Slovenija avto,286
e8b0d4a2-f65e-4aed-97b8-77ab0d07955a,a2b5023d-5ce8-420f-ad2a-b61c7a1902a8,fef200e9-4d98-425b-ab14-8110e2aa85d7,Drama,511
e90a68ac-02be-418f-8937-b9f1906274f2,67c3adc1-a92d-4528-91ee-77d8b52574c6,N/A,N/A,4525
154f3596-bbbb-4038-9ad7-c4b8b5288a02,36c4949b-403b-4a76-87e3-d67f51d655ef,98fa3880-5936-4ec8-ba04-39c7ff9a0e6a,Stara cerkev,1110
8589e5d1-21b4-4210-ad7a-4bf91f9a715d,184817a9-ca88-4c82-a40b-5768991da3df,c87db9be-1fba-4102-a743-0ee4317dd5af,Bavarski dvor,378
8677848c-55dd-4af4-b275-3074a3ff4846,54c591c0-7bbb-4489-9229-57b18f95827a,7fa32ea0-e884-435a-a81c-51bbd5cedf3e,Zaloška,2487
08071ba1-570f-487b-9a36-01a046fb2788,79d89180-8b07-4127-b7b4-1ac03d1cee9f,295616c0-387b-4f60-a337-7743cd6be04e,Bavarski dvor,299
698551c1-7bb2-4f7e-9701-23b7667e8594,92928953-a289-4a44-a653-b7b6b4f5e1c2,484b5c91-1220-43ba-af79-84e712fcc46b,Slovenija avto,665
8a5febd6-d44a-4c98-a221-46044548663d,9cc88862-270a-409a-b450-e0003c7930af,a719a87c-4e93-4387-a6d1-2631a487f7e0,Ajdovščina,564
192b7b6a-b138-4569-a4f3-86bef6b20810,cf94d70f-d211-4625-9037-014514562aa9,7fad8003-fb10-489d-bf8d-6d433310ad90,Nove Jarše,846
80c65758-5f25-4003-8d55-10ff96fe8310,8648bfde-9b0f-4a64-aced-fe63aa923879,295616c0-387b-4f60-a337-7743cd6be04e,Bavarski dvor,215
f11e48f8-4133-4c36-a36f-73b4f33d9592,298fea2e-c58b-4d99-9350-2420c718d2cc,N/A,N/A,4525
9a480b5e-0283-4130-a5e2-9d5e996caa4f,eb669f04-cfb6-4ea4-90c9-26eb551ecb45,6a89c110-a0f8-4b1a-87f0-33f49c0a658e,Šola Jarše,1165
3f01eb40-651e-4fad-aff9-2ee27f259f64,78c69686-64ed-437c-83b5-0e28733ed70c,7eb88e01-82e9-4af4-84d0-69c6ea9dc82c,Kolodvor,536
144ab380-6586-43ce-b216-2e66362b6eca,c0a064eb-b507-43c2-a6d2-0e9c5881f031,a719a87c-4e93-4387-a6d1-2631a487f7e0,Ajdovščina,888
db046e79-c658-433c-8812-157fd965a9f6,397418bc-78a7-45c9-b5cf-374fe21cee11,c87db9be-1fba-4102-a743-0ee4317dd5af,Bavarski dvor,1613
db046e79-c658-433c-8812-157fd965a9f6,3d0466c6-82f4-4a8e-ac5f-18d4dab794ac,f33b721f-a8a3-4aad-96f2-077da09ebaa6,Razstavišče,1351
4038e02e-f22f-4af0-ba4f-7aab855b53af,a4545f57-dab0-4ca0-9da3-5bc96d80f104,295616c0-387b-4f60-a337-7743cd6be04e,Bavarski dvor,981
f2b27cbd-5207-4281-8f67-6369d0c50a9b,5d1e404b-1606-457e-8d2b-4e3e80139532,a719a87c-4e93-4387-a6d1-2631a487f7e0,Ajdovščina,2249
7ad774b6-172a-401b-b186-358aa2d560a2,39650ca1-d08c-4645-ac1a-6aed84eb45c5,7eb88e01-82e9-4af4-84d0-69c6ea9dc82c,Kolodvor,90
d83ec579-9ab5-4e30-bedd-86613c234abd,ba846253-4c87-4120-8f1c-05a563bf3999,a719a87c-4e93-4387-a6d1-2631a487f7e0,Ajdovščina,3712
01d1f388-d915-4e9f-bc3d-4432a73a216e,cdbafa76-fd1b-45e0-bbd6-d6c1c6a141f9,023d7b7a-b411-4e61-8746-b07f9e5c8f90,Ambrožev trg,527
d861c2ce-106a-4b95-a4fc-2af355c0bbf0,58db973d-ecbb-4aa6-a56c-c26aaff7f263,ef31a8be-b01d-44cd-95cf-3db8e918af26,Emona,607
4e8ccfa1-b58c-4ee1-ad82-2e8a645071f3,77c4dfcc-1122-4896-9983-8a5bd11320de,a2ce7e6f-0f99-443a-a973-81a0b9c60261,Astra,3351
ed50f692-09f9-409e-b7d6-05ff7711de6b,62feeb73-9af7-43ee-8714-1b435ec20263,f4cfd904-bd11-4247-95df-32c4555a930f,Klinični center,1932
5f2b93f1-7933-45ed-915c-4488ab8d81b7,9741988b-6723-480b-a419-8db7490d667a,5d7f28a6-2a2a-4333-aa06-48edfb652f86,Pošta,2392
c9b2488c-cca9-4b84-83cb-638ef545c851,26ec9924-5586-4fd5-8b20-63f2d0a38d44,a719a87c-4e93-4387-a6d1-2631a487f7e0,Ajdovščina,1281
c8f784f8-ce92-4773-8d90-c6bed3513ce0,dfde6478-02b5-471b-a470-29cb0e84542f,N/A,N/A,4525
bf64b499-211b-4da8-ace2-f12a17608ae3,3edd6057-3847-4c42-b8ec-6e89ff95793a,c87db9be-1fba-4102-a743-0ee4317dd5af,Bavarski dvor,1030
53c3c8c9-2e64-4a8f-9afb-031b24c17d5a,55e3f615-be6c-43f4-9858-e199862771a4,295616c0-387b-4f60-a337-7743cd6be04e,Bavarski dvor,3515
ea91e672-f4a8-40cb-af62-214726551a93,6c773433-c487-49c5-a783-32c0e276ed7b,98fa3880-5936-4ec8-ba04-39c7ff9a0e6a,Stara cerkev,2355
d2f9bbec-4b03-49a8-af83-afe65fe07a0e,e8b0d4a2-f65e-4aed-97b8-77ab0d07955a,aa42017d-812a-4175-bc9b-0fec03b18931,Ambrožev trg,1223
4ec1b435-1683-4cd7-a4d0-688cc9f3b603,5560d06d-4058-473e-abba-099b05d7cf07,f2b27cbd-5207-4281-8f67-6369d0c50a9b,Kodrova,193
352f5cae-25c9-41c5-ab70-268bf64107f0,eb11d52f-300b-4648-a2e8-ed03db9ff7e2,N/A,N/A,4525
15eaf9b9-db6d-4586-9ad2-5bfa99719bfd,96d4c75b-6452-4c70-a31e-c234262ba38b,N/A,N/A,4525
9276fcfb-0f7e-4df3-b827-325600851526,d72032c7-d4b0-4eee-a87c-593985a42266,484b5c91-1220-43ba-af79-84e712fcc46b,Slovenija avto,358
4038e02e-f22f-4af0-ba4f-7aab855b53af,548dbdee-83b0-497b-acc1-e15b34899d42,fef200e9-4d98-425b-ab14-8110e2aa85d7,Drama,54
aa113271-655f-423f-ad7e-4cfaba2eb739,d98335a0-1291-4d4c-be62-16b11c356575,N/A,N/A,4525
aa42017d-812a-4175-bc9b-0fec03b18931,5930b5fe-26e2-4b69-bd1e-cdea021a0ab4,86a75ffc-a78f-401f-8991-2eb0371417b2,Studenec,2513
da834a23-5697-49bb-b3a1-7f277c8206bc,edc8bf1d-d4f1-4c5b-8112-e4fa71a02bae,f33b721f-a8a3-4aad-96f2-077da09ebaa6,Razstavišče,1230
e0c253d0-1de7-4add-ac75-8b16151fa462,7d628170-e2eb-47fd-9d3e-658acf78d7d3,N/A,N/A,4525
abc9fd26-5442-468b-93b6-4d5eb76d0f1f,a6fde748-bb91-465c-8665-20cbaed7df19,N/A,N/A,4525
9c17244c-0812-404b-b929-5cdc0591e421,2628b04b-eaf2-4c5a-b7ac-837237162783,c87db9be-1fba-4102-a743-0ee4317dd5af,Bavarski dvor,2241
0b9c5011-4f2d-4753-914f-500532b0dbeb,aa113271-655f-423f-ad7e-4cfaba2eb739,N/A,N/A,4525
219086ca-bdcb-4092-bd82-3d372b9b73ce,258aeffc-294a-4919-bfb0-34f90dc19892,fef200e9-4d98-425b-ab14-8110e2aa85d7,Drama,3800
b4b30b45-445a-4f70-bdf5-5ea7cdc98583,9e109242-5aad-4fb7-b0c8-576eef8aa4e0,c87db9be-1fba-4102-a743-0ee4317dd5af,Bavarski dvor,3687
e3321752-4498-4da3-801c-d54920b22eba,c6dd10bd-c21f-4a0c-9c7d-99e488a173d4,295616c0-387b-4f60-a337-7743cd6be04e,Bavarski dvor,773
596e3cfe-bd4c-4afa-ba4c-33172dba9be1,fac22b83-1bc0-4c12-8533-485b115409ef,7fa32ea0-e884-435a-a81c-51bbd5cedf3e,Zaloška,2658
295616c0-387b-4f60-a337-7743cd6be04e,79d89180-8b07-4127-b7b4-1ac03d1cee9f,c22879e5-8e90-4540-9a74-5f139208e492,Friškovec,241
7411cd45-83d2-40e6-89f6-5a0995e409cb,ec88f05d-3035-4f09-8560-72571bc0b125,N/A,N/A,4525
df63651e-45ab-4487-9429-9e604415b35c,60edf514-fd83-400b-b86f-881f7eff258b,48b163cd-b819-4849-aee1-8b1da77657ab,Šentvid,838
c2827897-b9fe-4bfc-b4ed-880f11a2359e,3c6ebf90-c611-4535-b2b0-22fba3f7649a,fef200e9-4d98-425b-ab14-8110e2aa85d7,Drama,272
1d7af067-e43b-4a98-953c-75f1b267d9ce,81a7167c-7913-442e-96c5-20dc6e25d74b,9cfac7e2-9653-4e52-a6d3-27756d27f817,Kino Šiška,1284
db13a26e-19d4-4b8a-a78a-01ef25d58834,9a938b49-ce1d-4e1c-a789-e316630ebc4f,c87db9be-1fba-4102-a743-0ee4317dd5af,Bavarski dvor,1449
e0f10330-ad34-453d-baf4-d6c601cb6cf8,3d2f3af0-3b48-4019-a861-ee4fff761a24,295616c0-387b-4f60-a337-7743cd6be04e,Bavarski dvor,4065
5c15a390-36b6-47a9-9d84-0c7160157c1d,01bc5983-63a7-4184-9986-32e5a5320684,5d7f28a6-2a2a-4333-aa06-48edfb652f86,Pošta,247
a3aeed02-8e36-4cb0-bb08-25cc4afda164,d7384760-d854-492d-87af-f342cab37fc1,5d7f28a6-2a2a-4333-aa06-48edfb652f86,Pošta,3658
7d579a55-27bc-49d0-a124-a5ed6233c55a,cee2862b-9b70-4880-8fa3-16c6d2efae1b,fef200e9-4d98-425b-ab14-8110e2aa85d7,Drama,1105
7bcbdcaa-00b9-47d4-8982-09da26cd7bcb,8589e5d1-21b4-4210-ad7a-4bf91f9a715d,f4cfd904-bd11-4247-95df-32c4555a930f,Klinični center,331
7c390857-8fc7-49b5-9c9d-e5535d360148,ac3afe7d-a2b3-4d5d-9e6a-1d2412a3bc70,N/A,N/A,4525
97788808-915f-4405-b54e-7ec5f95f7330,b0d473cd-f35e-4a30-8d0d-70f16b92e8e8,5d7f28a6-2a2a-4333-aa06-48edfb652f86,Pošta,238
7fad8003-fb10-489d-bf8d-6d433310ad90,d5102041-8282-4c77-a593-edac0d0d4a34,fef200e9-4d98-425b-ab14-8110e2aa85d7,Drama,3214
3a50f545-2fe2-45a0-8ed6-01635603efed,8e7a488b-cd48-4243-92b0-42792d0e3bc1,f4cfd904-bd11-4247-95df-32c4555a930f,Klinični center,652
98a75a4c-0ef8-4efa-8f0a-384fe8eafce0,26d86ffa-b8df-49aa-a9c0-5fa7d3cfba77,f33b721f-a8a3-4aad-96f2-077da09ebaa6,Razstavišče,647
4ec1b435-1683-4cd7-a4d0-688cc9f3b603,ba846253-4c87-4120-8f1c-05a563bf3999,aa42017d-812a-4175-bc9b-0fec03b18931,Ambrožev trg,1775
21a5f1e3-8ac0-4023-95ca-0a3ff54099aa,da9650a3-6ec7-4cdb-95f2-a68851587dfc,295616c0-387b-4f60-a337-7743cd6be04e,Bavarski dvor,142
befe0e87-b5fe-41ff-9a77-f65461eff28d,124ec397-421b-4737-bf71-09c9b1665a10,b59656a4-b6e7-4b87-977c-078c59088a50,Hajdrihova,1456
2e62f411-936d-4a10-96ed-2d8fe95d6d65,c969f066-aab5-466d-b4db-48e651a4a12e,fef200e9-4d98-425b-ab14-8110e2aa85d7,Drama,882
53ec687a-6f0c-4bb7-b1b4-606e7dcfada9,b47eac47-d897-4ba7-ab06-8e642cc8efe8,f33b721f-a8a3-4aad-96f2-077da09ebaa6,Razstavišče,432
45754ca7-bffd-4bcf-96df-952e59574dde,3f0c15b3-99bd-4c12-8f7a-df06c9536526,a2ce7e6f-0f99-443a-a973-81a0b9c60261,Astra,1484
9bd3ee10-bc61-44e8-8cf3-a37cffd54da0,34afe7f1-2d09-487f-983f-19c7dd5dae82,fef200e9-4d98-425b-ab14-8110e2aa85d7,Drama,37
1b3d51e8-8b5e-4b31-a63e-9d665243c2f1,11d74c00-da13-4cad-883e-c6dcf8edcbe8,b59656a4-b6e7-4b87-977c-078c59088a50,Hajdrihova,25
6c56976b-4ae1-429f-bcab-0cfc37e3580d,fc3967fb-5520-4fff-a819-f625242182e5,c87db9be-1fba-4102-a743-0ee4317dd5af,Bavarski dvor,411
c326e479-ccc3-4915-8788-3fa189d0143e,94712446-2421-4304-b4f1-3b3f82998713,5d7f28a6-2a2a-4333-aa06-48edfb652f86,Pošta,2209
d7a59d1b-dfe1-4fbb-96fc-14443b077516,81a7167c-7913-442e-96c5-20dc6e25d74b,aa42017d-812a-4175-bc9b-0fec03b18931,Ambrožev trg,3793
121b30dc-065b-4c76-aad2-a54a85c74d4d,38b3abed-0592-407b-96c3-85a026f2e192,abc9fd26-5442-468b-93b6-4d5eb76d0f1f,BTC-Emporium,387
59d96e2c-3ee3-4581-840a-3ddaf0003743,22c11486-1afa-491f-b9ab-162d88c8c44d,6a89c110-a0f8-4b1a-87f0-33f49c0a658e,Šola Jarše,1048
16578e36-c682-4083-bd29-4973445dc0fe,666e98e1-4a23-4204-a3e6-99110f8b3153,a719a87c-4e93-4387-a6d1-2631a487f7e0,Ajdovščina,782
ba681dbc-ea72-4685-ad98-c5ed496510e6,010c271e-49ca-45a5-91ac-8ba8d41ee7f3,a719a87c-4e93-4387-a6d1-2631a487f7e0,Ajdovščina,216
3f0c15b3-99bd-4c12-8f7a-df06c9536526,454817d3-3750-49c7-994c-14d06fd2c634,f33b721f-a8a3-4aad-96f2-077da09ebaa6,Razstavišče,719
d08c4884-9764-447f-9b79-0ef7a645222f,2ec182e2-769f-427f-b9b5-c4118890cb96,f33b721f-a8a3-4aad-96f2-077da09ebaa6,Razstavišče,1679
f958cead-e4c3-4743-834d-46de4a06a8c9,69f98a9c-d52d-423a-b44e-89b6320a7a88,N/A,N/A,4525
26d86ffa-b8df-49aa-a9c0-5fa7d3cfba77,592b37eb-8255-4758-ae8a-7cef98521013,1ce1c3a8-e0f6-4f90-b1aa-1448759d8b3c,Astra,940
1cc5f00f-c982-4016-8553-40a3da4f36ad,9c2e9262-7afe-44d3-8aaf-80afd45f9118,8c7fa045-888b-46d0-8189-6f82623bf481,Poljanska,2418
7f510cd8-4742-4dcf-95c0-16cde39c2e26,ba0f81e5-dfec-49bb-8d6b-d52618338640,3fbf6322-fb74-4a50-a81a-bfca73abc26b,Tacenski most,3
dc7b6fb3-15db-4c7e-9fa1-424943178ce6,459f82d2-cbe4-414b-b66b-0b794ea958ed,aa42017d-812a-4175-bc9b-0fec03b18931,Ambrožev trg,1758
6459bd02-d8f8-413e-9402-10b916f09a4f,7962e05c-ad8c-43e4-9db4-4b90f0c94596,2f874852-bc80-4ff3-b6bf-a914e31251c8,Savske stolpnice,2773
12cfc2b3-f8ff-444b-8d5f-15855e45e331,ea80411c-360d-4a33-861c-6533a1d67eef,c87db9be-1fba-4102-a743-0ee4317dd5af,Bavarski dvor,591
7fad8003-fb10-489d-bf8d-6d433310ad90,476b2caa-710a-47fe-9743-4d75d7ada5fb,fef200e9-4d98-425b-ab14-8110e2aa85d7,Drama,1164
f174a648-9e84-492d-9ccd-0756b49c773b,34afe7f1-2d09-487f-983f-19c7dd5dae82,N/A,N/A,4525
d5102041-8282-4c77-a593-edac0d0d4a34,bff8345d-1b72-4b41-8b8d-cb8a5483a2e4,c87db9be-1fba-4102-a743-0ee4317dd5af,Bavarski dvor,52
2e6c059c-0305-47bb-9ca8-00a2123039e9,4d216485-ef41-45e7-9182-0c254644955c,6a89c110-a0f8-4b1a-87f0-33f49c0a658e,Šola Jarše,817
117abbb4-5575-4020-aac4-2048f8d34b50,1eadcdb9-60cd-47c9-8eec-527c3465a685,295616c0-387b-4f60-a337-7743cd6be04e,Bavarski dvor,1047
0be237aa-4b91-4d2b-ac23-0cebac975a0d,5f6cb902-b824-4961-9ac2-75cf44a47055,295616c0-387b-4f60-a337-7743cd6be04e,Bavarski dvor,314
8fc42c89-96e2-4c69-a2b4-44d505f27ce9,a12cff7f-91e5-4f1e-be40-1a9b34ae792a,5d7f28a6-2a2a-4333-aa06-48edfb652f86,Pošta,1648
93928408-7b36-41f9-9b62-fec53e14b4e2,48b163cd-b819-4849-aee1-8b1da77657ab,f33b721f-a8a3-4aad-96f2-077da09ebaa6,Razstavišče,12
98b60d07-8054-441a-be44-be7aa24f4253,390d166c-b2fe-486c-bba5-38cd1ff64f48,fef200e9-4d98-425b-ab14-8110e2aa85d7,Drama,368
b0b32562-f5dc-4183-abba-5729adf98088,ec88f05d-3035-4f09-8560-72571bc0b125,fef200e9-4d98-425b-ab14-8110e2aa85d7,Drama,1579
5de84f88-3f32-4636-8c30-03cc267ecf37,163da3ae-0ab9-480e-b72d-16357e0a9061,c87db9be-1fba-4102-a743-0ee4317dd5af,Bavarski dvor,443
2f18bcfa-6189-4de4-b06f-132d3392e7d6,5a06b853-39a7-479d-ac40-fafa659fd896,5d7f28a6-2a2a-4333-aa06-48edfb652f86,Pošta,58
a12cff7f-91e5-4f1e-be40-1a9b34ae792a,eec159d0-4b1b-4706-9a5d-a00ddcbea9f5,0be237aa-4b91-4d2b-ac23-0cebac975a0d,Cankarjev dom,878
f14a6236-8af2-47bf-9270-432377662a63,233daca5-913b-4e10-bf34-18b1c8c77019,9b0074d2-2c92-4c01-830b-00be8e05b412,Cukrarna,655
0b9c5011-4f2d-4753-914f-500532b0dbeb,b4b30b45-445a-4f70-bdf5-5ea7cdc98583,N/A,N/A,4525
8a182298-1db3-4251-9cdb-a86efe72b8a7,6330ad8d-b582-4c92-bc7e-d3f206264f04,c87db9be-1fba-4102-a743-0ee4317dd5af,Bavarski dvor,1501
29589594-5959-4efb-8dda-7348e4e500a0,d98335a0-1291-4d4c-be62-16b11c356575,b59656a4-b6e7-4b87-977c-078c59088a50,Hajdrihova,215
73e6ef23-ef0c-41bf-9960-0e3078b94d23,60edf514-fd83-400b-b86f-881f7eff258b,c87db9be-1fba-4102-a743-0ee4317dd5af,Bavarski dvor,2867
44e58cea-6c90-467f-baf2-22ac161daafb,0810f07b-94d6-442f-b10d-bf8210c4ed47,a719a87c-4e93-4387-a6d1-2631a487f7e0,Ajdovščina,565
2a7d32ca-24a1-41ac-a273-0cbcdec59336,94712446-2421-4304-b4f1-3b3f82998713,023d7b7a-b411-4e61-8746-b07f9e5c8f90,Ambrožev trg,827
69f98a9c-d52d-423a-b44e-89b6320a7a88,78ef8af0-fd16-46b8-a5de-8d24b99638c8,c87db9be-1fba-4102-a743-0ee4317dd5af,Bavarski dvor,2431
95732ece-1658-4e11-9b5f-b6ae5552e638,294c40c4-18e4-4d92-a947-911a8623de89,1ce1c3a8-e0f6-4f90-b1aa-1448759d8b3c,Astra,2644
fdff5f9c-6c02-4fc1-a004-7032b17fa37a,45754ca7-bffd-4bcf-96df-952e59574dde,N/A,N/A,4525
15c71406-72b5-4681-8b1a-29eb30eb3f76,a12cff7f-91e5-4f1e-be40-1a9b34ae792a,98fa3880-5936-4ec8-ba04-39c7ff9a0e6a,Stara cerkev,2036
7d579a55-27bc-49d0-a124-a5ed6233c55a,d4c51b31-46fd-4da8-ba15-8068e666d483,N/A,N/A,4525
2ec182e2-769f-427f-b9b5-c4118890cb96,245bb1a4-ea6e-45b4-8331-b50983655326,295616c0-387b-4f60-a337-7743cd6be04e,Bavarski dvor,404
eb11d52f-300b-4648-a2e8-ed03db9ff7e2,31e6db90-ba65-4c49-90c0-317fb92596b3,N/A,N/A,4525
a6b87518-2a7f-4505-898f-245ebe23c909,67c3adc1-a92d-4528-91ee-77d8b52574c6,295616c0-387b-4f60-a337-7743cd6be04e,Bavarski dvor,1638
45303500-8b0e-4779-9abd-433b5f8b2838,0c3a77a7-d9eb-45c7-b722-1fafde29129c,f33b721f-a8a3-4aad-96f2-077da09ebaa6,Razstavišče,2519
6a774daa-3547-4128-b304-aa2d17d4391a,29336b94-2382-46dd-b2e6-4590dd689640,f2b27cbd-5207-4281-8f67-6369d0c50a9b,Kodrova,2651
acedfed0-a3ba-4fa3-8cd6-910783961f0a,5764ff17-c787-4918-b7bd-a2ed9c6d7dd1,f33b721f-a8a3-4aad-96f2-077da09ebaa6,Razstavišče,139
786a15d4-dd6b-42bb-a5c9-6ce994b5be9e,98239279-bb80-4070-965c-dc87525019e2,fef200e9-4d98-425b-ab14-8110e2aa85d7,Drama,749
46f20d33-601c-4ef6-b86c-7c2bb4af52fa,fcc58ff5-bf0b-44ce-b12b-75ecc493f24d,a719a87c-4e93-4387-a6d1-2631a487f7e0,Ajdovščina,2494
fb0042f8-d9e2-4916-b60a-38a026acf0c9,1b3d51e8-8b5e-4b31-a63e-9d665243c2f1,a719a87c-4e93-4387-a6d1-2631a487f7e0,Ajdovščina,495
a769d1e9-8727-4190-b56c-5cdd8a49333d,52407970-4547-4323-a632-8db4ed0b040f,c87db9be-1fba-4102-a743-0ee4317dd5af,Bavarski dvor,165
9dfc0a62-bf4d-4670-83d0-4e26a6e56b32,6182f8e8-c45e-4606-b4a4-d909bd44d2cc,5d7f28a6-2a2a-4333-aa06-48edfb652f86,Pošta,1495
94712446-2421-4304-b4f1-3b3f82998713,e66e813a-722d-40f8-9ee9-1470d07bc200,c87db9be-1fba-4102-a743-0ee4317dd5af,Bavarski dvor,864
16578e36-c682-4083-bd29-4973445dc0fe,192b7b6a-b138-4569-a4f3-86bef6b20810,a719a87c-4e93-4387-a6d1-2631a487f7e0,Ajdovščina,1486
1b3d51e8-8b5e-4b31-a63e-9d665243c2f1,7f45fe9c-917a-4571-9a74-9e940cd84f3c,N/A,N/A,4525
fac22b83-1bc0-4c12-8533-485b115409ef,8c7fa045-888b-46d0-8189-6f82623bf481,295616c0-387b-4f60-a337-7743cd6be04e,Bavarski dvor,3658
4a90e424-11ab-43a8-b7e9-1c4f42fe2b7c,dadea785-0c6b-4054-9882-37227de3df4b,N/A,N/A,4525
b7834e14-7e86-4df5-83ce-006c93c31c00,9fa0b90f-dba1-4eca-8802-589425d3e8fd,N/A,N/A,4525
87785aa3-128e-4f15-82b0-d8c3cfa6076f,c3188d8e-c2d3-40e5-acc2-14bef70a5ff4,fb0042f8-d9e2-4916-b60a-38a026acf0c9,Leskoškova,37
da9650a3-6ec7-4cdb-95f2-a68851587dfc,f2bac6f5-5bbc-4f15-acdd-014d86770ce9,5d7f28a6-2a2a-4333-aa06-48edfb652f86,Pošta,191
4c277b3f-c427-404b-ace3-2cd51656318f,c86d5f37-52ee-4e3a-99b5-b9554118c4d5,484b5c91-1220-43ba-af79-84e712fcc46b,Slovenija avto,909
592b37eb-8255-4758-ae8a-7cef98521013,24df120e-0d0c-4353-8dda-c7ef0dc3dd5c,N/A,N/A,4525
34ead609-4331-48ab-8e82-52dd70da9832,c6eab761-36e0-4bf8-88ed-48e594ed375b,a719a87c-4e93-4387-a6d1-2631a487f7e0,Ajdovščina,3284
9276fcfb-0f7e-4df3-b827-325600851526,91745353-dd19-49ee-beaf-332e546dcceb,c87db9be-1fba-4102-a743-0ee4317dd5af,Bavarski dvor,164
f1bc11ca-7516-447a-b826-7051c5306af7,e57aad1d-457e-401f-b26d-306b4fd836eb,cdabf1ea-b04c-480a-8359-72c46e6864ab,Bežigrad,470
bf64b499-211b-4da8-ace2-f12a17608ae3,824255dc-9be8-4f7b-9b69-2bd4e5a3fc27,295616c0-387b-4f60-a337-7743cd6be04e,Bavarski dvor,901
294c40c4-18e4-4d92-a947-911a8623de89,86a75ffc-a78f-401f-8991-2eb0371417b2,c87db9be-1fba-4102-a743-0ee4317dd5af,Bavarski dvor,397
af2956ba-d922-4ec4-bfa7-b623c29e8b3e,277bc73c-e61d-4046-bcfd-31d6161c568e,c8e0086c-0cef-4375-a471-72f3ae1e34fc,Strelišče,205
c32ef99a-6752-47fe-94eb-a5134c7110af,bd001f58-6e58-49e9-877f-1fa36964fbc2,1ce1c3a8-e0f6-4f90-b1aa-1448759d8b3c,Astra,6
d98335a0-1291-4d4c-be62-16b11c356575,ee3713fe-016c-47eb-96d1-f760c9d19010,c87db9be-1fba-4102-a743-0ee4317dd5af,Bavarski dvor,1359
0b90d258-764d-4c06-aab0-7074dbd54182,a112e799-e1b6-4dd2-b652-bd521dda7638,484b5c91-1220-43ba-af79-84e712fcc46b,Slovenija avto,449
379bc761-04b5-4227-be76-3b870fe3e69f,1a3351a1-563e-4174-b402-54bc0e2f5191,609f0950-bb8c-4eaf-a931-8575b8aff1ac,Savske stolpnice,1053
ba2b16a8-1273-45d2-8758-47b9694df9a6,36c4949b-403b-4a76-87e3-d67f51d655ef,295616c0-387b-4f60-a337-7743cd6be04e,Bavarski dvor,2626
108e7dc8-ca5d-4c91-9414-32a32a31b69a,99b82632-116f-421b-9320-d5a53e522155,N/A,N/A,4525
53c3c8c9-2e64-4a8f-9afb-031b24c17d5a,cdbafa76-fd1b-45e0-bbd6-d6c1c6a141f9,295616c0-387b-4f60-a337-7743cd6be04e,Bavarski dvor,1652
c8e0086c-0cef-4375-a471-72f3ae1e34fc,daf172e0-4dd9-4d5b-8287-67ad2034bced,5d7f28a6-2a2a-4333-aa06-48edfb652f86,Pošta,821
8f623f1d-48a7-46b5-9331-28a8dc980876,2d42d8e2-26a8-4a74-809c-f436d05c8a54,5d7f28a6-2a2a-4333-aa06-48edfb652f86,Pošta,964
0b9c5011-4f2d-4753-914f-500532b0dbeb,68c65382-15dc-465c-96b5-7f27af9d4a63,N/A,N/A,4525
be5fb719-eda2-4831-90c6-249248ea22dd,311a0b74-0787-484b-b414-8adf1cd4cf58,592b37eb-8255-4758-ae8a-7cef98521013,Rogovilc,1
fbd1dfb0-4a6f-4160-ad52-5ccb69530195,dba19980-8ca1-4847-b9b5-8cd419374ae2,N/A,N/A,4525
eee4abae-e720-4776-b6c7-0099d0119246,3203d037-a222-4092-8dd6-e8dfcd49a2c9,fef200e9-4d98-425b-ab14-8110e2aa85d7,Drama,169
64ea9f57-1f7f-465e-8721-55e26faee36a,b4634750-8d91-4625-b40d-1da9665e70f6,a719a87c-4e93-4387-a6d1-2631a487f7e0,Ajdovščina,1176
8f623f1d-48a7-46b5-9331-28a8dc980876,845b482b-dba1-4313-a476-e772691689cf,c87db9be-1fba-4102-a743-0ee4317dd5af,Bavarski dvor,1053
cdabf1ea-b04c-480a-8359-72c46e6864ab,300f1367-4ba4-4416-90e4-caa8f33e9144,N/A,N/A,4525
61485a1f-73a8-4dac-bcc7-6e4e53eb4b0f,6a89c110-a0f8-4b1a-87f0-33f49c0a658e,47a3bd8a-72ae-4e20-b43f-10bfaf49012c,Ob sotočju,957
45bff76d-bb00-455b-aa12-7ea49ad9a4f0,eb8e8d9a-a3d5-4ec1-9356-26e0e41912d1,f33b721f-a8a3-4aad-96f2-077da09ebaa6,Razstavišče,3886
3429cda2-6047-453c-bf54-952dfa6674c0,6bc92f4c-414c-456b-9150-d58a7689d26e,a2ce7e6f-0f99-443a-a973-81a0b9c60261,Astra,2721
9c3d9f7c-69df-4a48-8f1a-d25e7a922ac3,fc3967fb-5520-4fff-a819-f625242182e5,f2b27cbd-5207-4281-8f67-6369d0c50a9b,Kodrova,873
3f37b298-896a-40be-b2f5-6fe8154756c4,4d2fc228-0628-4897-8d77-3e71d500d36d,N/A,N/A,4525
294c40c4-18e4-4d92-a947-911a8623de89,28248670-5e08-4de2-8eab-e63933c0d61d,769b7bc7-4f95-4bb2-9c99-37ba8e8b4bd5,D. MOST P+R,2695
2c0475be-44e7-4f0f-a06d-2c1b4ca15677,8f56b058-1ae3-44f5-8600-4330f2264d78,c87db9be-1fba-4102-a743-0ee4317dd5af,Bavarski dvor,1989
245bb1a4-ea6e-45b4-8331-b50983655326,ba6f47bf-d346-4ccb-8669-13b974d863a6,717dda7e-d793-4697-8f60-b64ee8b1edc4,Gosposvetska,1097
46847a61-d68a-4d2c-ad76-18e043d41430,7c149b59-2bc6-45cb-95c8-69e18a0db627,6bd46cb7-9e5d-453a-878a-bcc38fb2a5f2,Sava,117
c32ef99a-6752-47fe-94eb-a5134c7110af,d123fde4-aa91-49c3-83df-5ebf12af4e59,5d7f28a6-2a2a-4333-aa06-48edfb652f86,Pošta,850
595ee2ab-3022-469d-a3e1-0c87d7dfb14d,d7d791d9-02e0-4369-be0c-1546fc2044a4,a719a87c-4e93-4387-a6d1-2631a487f7e0,Ajdovščina,377
5c9baa4c-9ee0-4263-be22-72f5a73c714d,1ef524bd-2bf3-4c47-add3-044374897443,f33b721f-a8a3-4aad-96f2-077da09ebaa6,Razstavišče,278
a6fde748-bb91-465c-8665-20cbaed7df19,4f21a18a-3cb0-4c6c-bb92-e7c8945fac1c,N/A,N/A,4525
d3283222-38a9-40e2-a485-180d1a33067c,edf94a12-03e9-4225-b6cc-aca0edf588a7,a719a87c-4e93-4387-a6d1-2631a487f7e0,Ajdovščina,16
7fdce743-a4be-44d7-8658-0a259a18ad30,72e6ae6e-bd4b-4946-a032-7ff9b8b41039,48b163cd-b819-4849-aee1-8b1da77657ab,Šentvid,182
5a2def68-fa57-4002-a942-e39bc2a87688,5c8bdb89-116a-4d5d-9db1-9be443070380,1ce1c3a8-e0f6-4f90-b1aa-1448759d8b3c,Astra,1621
ef005e77-f3b8-4171-b681-1294d0e4732b,33613e0e-f41c-4cee-804a-3942bf698e3e,769b7bc7-4f95-4bb2-9c99-37ba8e8b4bd5,D. MOST P+R,3760
bbfc6d44-94da-4cfd-b22a-368a2b11ce20,48c9ec48-2b87-4945-a077-808839f98e74,484b5c91-1220-43ba-af79-84e712fcc46b,Slovenija avto,2373
121b30dc-065b-4c76-aad2-a54a85c74d4d,2496479b-f855-403d-bce8-2a4d9988665d,5d7f28a6-2a2a-4333-aa06-48edfb652f86,Pošta,145
f5d8583f-6e9d-4996-b803-74bf3cd0b602,9cd1e7f8-8ccf-4469-bc25-25d138605c67,c87db9be-1fba-4102-a743-0ee4317dd5af,Bavarski dvor,1020
eee355cc-98a1-4f25-8bf9-0100856eda6e,2896bfa8-0586-4ed1-8d93-c5c6e1ff3d72,8c7fa045-888b-46d0-8189-6f82623bf481,Poljanska,258
eead721b-8996-4e73-a2f9-02dba20df4fa,294c40c4-18e4-4d92-a947-911a8623de89,295616c0-387b-4f60-a337-7743cd6be04e,Bavarski dvor,314
64ea9f57-1f7f-465e-8721-55e26faee36a,271db19a-744b-41a0-869d-0c3e0e2cb6bf,769b7bc7-4f95-4bb2-9c99-37ba8e8b4bd5,D. MOST P+R,3580
0b6c7b97-410c-48fa-be23-430c316f9b10,2388ce1f-c947-42d7-97f3-e01a7254c933,N/A,N/A,4525
6739536d-b334-46c6-ae80-4890afac7985,117abbb4-5575-4020-aac4-2048f8d34b50,a719a87c-4e93-4387-a6d1-2631a487f7e0,Ajdovščina,2294
d0790612-d161-4be4-953d-a7a0c33acf1e,52407970-4547-4323-a632-8db4ed0b040f,295616c0-387b-4f60-a337-7743cd6be04e,Bavarski dvor,889
2f18bcfa-6189-4de4-b06f-132d3392e7d6,70c51140-f3ee-4c89-a6e2-ed74dab89148,769b7bc7-4f95-4bb2-9c99-37ba8e8b4bd5,D. MOST P+R,848
b47eac47-d897-4ba7-ab06-8e642cc8efe8,98fa3880-5936-4ec8-ba04-39c7ff9a0e6a,7bcbdcaa-00b9-47d4-8982-09da26cd7bcb,Zaloška,72
4f681273-89fe-44f9-aaec-76950722cc52,093afa81-b65f-4182-bac3-afbc00558a9b,295616c0-387b-4f60-a337-7743cd6be04e,Bavarski dvor,535
0b9c5011-4f2d-4753-914f-500532b0dbeb,7fcb0952-c77f-44b5-adf3-0aa2a2b8550a,N/A,N/A,4525
f15ddf31-fc11-41ba-988d-376c83e38f58,f088dbda-3ab0-43c5-bcdf-c727725c05be,c87db9be-1fba-4102-a743-0ee4317dd5af,Bavarski dvor,729
b5e26d7f-8a91-4360-9811-2e8e05d27382,2d42d8e2-26a8-4a74-809c-f436d05c8a54,c22879e5-8e90-4540-9a74-5f139208e492,Friškovec,191
07b4c585-66cf-49d7-906c-50f1122c8e9e,fcfe6ac9-74b3-4c13-96b7-6041f1454813,a719a87c-4e93-4387-a6d1-2631a487f7e0,Ajdovščina,1130
300f1367-4ba4-4416-90e4-caa8f33e9144,5a2def68-fa57-4002-a942-e39bc2a87688,a719a87c-4e93-4387-a6d1-2631a487f7e0,Ajdovščina,1729
406d6bb7-147c-4853-a917-e5c437b025e6,862efb04-bcf5-493a-929d-242fb91ba5f6,6a89c110-a0f8-4b1a-87f0-33f49c0a658e,Šola Jarše,1778
c6eab761-36e0-4bf8-88ed-48e594ed375b,9c3d9f7c-69df-4a48-8f1a-d25e7a922ac3,fef200e9-4d98-425b-ab14-8110e2aa85d7,Drama,168
81b6f6ad-6dd6-4e3f-a0bd-754a65a3e57b,786a15d4-dd6b-42bb-a5c9-6ce994b5be9e,a719a87c-4e93-4387-a6d1-2631a487f7e0,Ajdovščina,3893
bf990a3a-96e9-42b7-9147-33e85bd24c05,521edd75-c364-480a-af9e-a1c9815b6dd7,N/A,N/A,4525
ecc4ae87-ae08-4b94-995c-452fdd94df7f,c87db9be-1fba-4102-a743-0ee4317dd5af,c87db9be-1fba-4102-a743-0ee4317dd5af,Bavarski dvor,2865
2f874852-bc80-4ff3-b6bf-a914e31251c8,ba0f81e5-dfec-49bb-8d6b-d52618338640,5d7f28a6-2a2a-4333-aa06-48edfb652f86,Pošta,134
28248670-5e08-4de2-8eab-e63933c0d61d,a6fde748-bb91-465c-8665-20cbaed7df19,N/A,N/A,4525
a1406782-3114-407c-8e35-35bcf5a1234b,f4c5028b-48a4-4d0e-a91c-81a858923ddd,1e157c31-d34d-4c2e-91b4-8c000c88f6dd,Kardeljeva ploščad,309
34f3ddda-e732-4b53-bfb2-8773b5cd6eac,476b2caa-710a-47fe-9743-4d75d7ada5fb,7fa32ea0-e884-435a-a81c-51bbd5cedf3e,Zaloška,2498
d8289ab1-f65d-4b3d-8b4b-55ada004f023,1f9fad8e-d59c-494c-bdd1-1983afacb755,N/A,N/A,4525
2323bf9e-1a47-4409-b9c8-398a035c8d12,60edf514-fd83-400b-b86f-881f7eff258b,023d7b7a-b411-4e61-8746-b07f9e5c8f90,Ambrožev trg,629
f9d70942-e517-4560-8655-99481edd2b95,8375ab17-e389-42b2-9b88-0210a049e321,454817d3-3750-49c7-994c-14d06fd2c634,Žale,1121
56dbd8ff-6ec8-4186-b46c-f74ddb5a304a,46847a61-d68a-4d2c-ad76-18e043d41430,fef200e9-4d98-425b-ab14-8110e2aa85d7,Drama,1350
51e04e1d-9ea1-432d-8b79-09e6c2a7be7b,d7748049-2f69-4c77-a19b-96774a521ac1,5d7f28a6-2a2a-4333-aa06-48edfb652f86,Pošta,1977
51dbf10f-cf3b-4575-a8cc-d1080c1f9dde,db9f7130-0bc2-4f3e-b8cd-07cfe96b1f8f,484b5c91-1220-43ba-af79-84e712fcc46b,Slovenija avto,2189
15eaf9b9-db6d-4586-9ad2-5bfa99719bfd,22c11486-1afa-491f-b9ab-162d88c8c44d,fef200e9-4d98-425b-ab14-8110e2aa85d7,Drama,1446
9cb18d2e-9bf3-436a-ab3a-7c52c5de1300,041e08cc-b1bd-4f2c-aa4e-a9aaf2837a28,e6f5183b-c615-4f47-b4fb-204ee070e825,Bežigrad,497
7c37b809-4d6d-497c-a53d-38663e91c088,fb7704f0-d31e-4561-83e4-621a8c62654b,fef200e9-4d98-425b-ab14-8110e2aa85d7,Drama,324
a719a87c-4e93-4387-a6d1-2631a487f7e0,4ed69cbb-d738-450c-be11-7d96cd50ee50,N/A,N/A,4525
8fc42c89-96e2-4c69-a2b4-44d505f27ce9,29589594-5959-4efb-8dda-7348e4e500a0,f33b721f-a8a3-4aad-96f2-077da09ebaa6,Razstavišče,2302
bb995fbb-29c8-4035-9503-ae33320833a8,f073b9d9-a3e3-4d04-a209-0db55377b79e,295616c0-387b-4f60-a337-7743cd6be04e,Bavarski dvor,138
2c0475be-44e7-4f0f-a06d-2c1b4ca15677,1ce1c3a8-e0f6-4f90-b1aa-1448759d8b3c,769b7bc7-4f95-4bb2-9c99-37ba8e8b4bd5,D. MOST P+R,397
a4545f57-dab0-4ca0-9da3-5bc96d80f104,7b822496-7ea4-4ce8-b78c-1d021c68a9ed,98fa3880-5936-4ec8-ba04-39c7ff9a0e6a,Stara cerkev,160
45e88013-1a7e-44a0-ab1f-bc0db6c6746f,1505c6fe-6080-424e-98d1-24c312cfacf3,a719a87c-4e93-4387-a6d1-2631a487f7e0,Ajdovščina,2839
98239279-bb80-4070-965c-dc87525019e2,2388ce1f-c947-42d7-97f3-e01a7254c933,N/A,N/A,4525
d8289ab1-f65d-4b3d-8b4b-55ada004f023,e0bcd677-6012-4c90-a884-44dffafdffec,fef200e9-4d98-425b-ab14-8110e2aa85d7,Drama,72
5d1e404b-1606-457e-8d2b-4e3e80139532,e78f256e-7218-4263-87b9-255bd90c9f49,N/A,N/A,4525
717dda7e-d793-4697-8f60-b64ee8b1edc4,184817a9-ca88-4c82-a40b-5768991da3df,f33b721f-a8a3-4aad-96f2-077da09ebaa6,Razstavišče,181
5cc8a08d-c0af-491f-9a9c-b8b4f5f23bc0,087e50b6-7677-4a85-802f-5694266fe38b,f33b721f-a8a3-4aad-96f2-077da09ebaa6,Razstavišče,314
3cb0ccbb-9b91-4d71-bd27-2acef732be4c,7fcb0952-c77f-44b5-adf3-0aa2a2b8550a,b59656a4-b6e7-4b87-977c-078c59088a50,Hajdrihova,1634
b2dd8b3a-3710-4f07-b735-4bd183bfaade,2cde6efe-5f53-44aa-8018-76f0ea2c86f8,769b7bc7-4f95-4bb2-9c99-37ba8e8b4bd5,D. MOST P+R,1217
ff8f71b7-06fe-47fe-8238-9af5ee1b1dfd,7d628170-e2eb-47fd-9d3e-658acf78d7d3,N/A,N/A,4525
87415b6b-7e7f-4b82-b78f-ef1a7db85282,a999f83e-4e6a-4ef9-9a10-e4a2c8a4a182,c87db9be-1fba-4102-a743-0ee4317dd5af,Bavarski dvor,2416
b7834e14-7e86-4df5-83ce-006c93c31c00,6182f8e8-c45e-4606-b4a4-d909bd44d2cc,769b7bc7-4f95-4bb2-9c99-37ba8e8b4bd5,D. MOST P+R,480
12618339-2c2d-49ec-b0e0-2517c11991f8,e3b51371-e289-45ef-83ca-1f4ffff25162,a719a87c-4e93-4387-a6d1-2631a487f7e0,Ajdovščina,1782
c124f317-217b-4b89-9597-393843de4f81,b905ae6a-f1e1-4057-8923-481902ed5a8e,cdabf1ea-b04c-480a-8359-72c46e6864ab,Bežigrad,551
32abc648-685c-47b0-bbc4-203371ec2699,ca575a45-9c95-4348-9245-8c75f70130b3,N/A,N/A,4525
95eee7e8-237d-4410-a9bf-00c6f88129c1,ff1f708c-989e-4cc5-8e75-02717b5f9744,98fa3880-5936-4ec8-ba04-39c7ff9a0e6a,Stara cerkev,811
219086ca-bdcb-4092-bd82-3d372b9b73ce,07bad99d-070a-42f7-8766-d11d42152623,a719a87c-4e93-4387-a6d1-2631a487f7e0,Ajdovščina,223
65e92ecc-800d-4962-a8bc-0f50f1107a5b,452f2b51-98fb-4a7c-bb0a-44577eb5e12b,c87db9be-1fba-4102-a743-0ee4317dd5af,Bavarski dvor,1591
36c4949b-403b-4a76-87e3-d67f51d655ef,295616c0-387b-4f60-a337-7743cd6be04e,a719a87c-4e93-4387-a6d1-2631a487f7e0,Ajdovščina,1674
7294875b-8482-484a-b04d-95b921612001,52e5d1c1-28c9-4ed2-b0ec-5bf7311be753,b59656a4-b6e7-4b87-977c-078c59088a50,Hajdrihova,2104
22c11486-1afa-491f-b9ab-162d88c8c44d,51e04e1d-9ea1-432d-8b79-09e6c2a7be7b,fef200e9-4d98-425b-ab14-8110e2aa85d7,Drama,359
ec88f05d-3035-4f09-8560-72571bc0b125,5cc8a08d-c0af-491f-9a9c-b8b4f5f23bc0,fef200e9-4d98-425b-ab14-8110e2aa85d7,Drama,486
6a774daa-3547-4128-b304-aa2d17d4391a,cdee8be6-e02c-4fb5-9752-be1bac08d90d,5d7f28a6-2a2a-4333-aa06-48edfb652f86,Pošta,656
a2ce7e6f-0f99-443a-a973-81a0b9c60261,d5d15a80-243b-49d7-a616-b3c3fb39e8af,f4cfd904-bd11-4247-95df-32c4555a930f,Klinični center,463
6340ea93-391e-45b9-94b0-56d1d7c87e20,5fa77d25-e7a3-42db-8cc9-52b612d5de19,295616c0-387b-4f60-a337-7743cd6be04e,Bavarski dvor,376
7fcb0952-c77f-44b5-adf3-0aa2a2b8550a,59faa0f0-34b1-47cd-ba3a-3b6f0d684c00,c87db9be-1fba-4102-a743-0ee4317dd5af,Bavarski dvor,132
65e92ecc-800d-4962-a8bc-0f50f1107a5b,862efb04-bcf5-493a-929d-242fb91ba5f6,5d7f28a6-2a2a-4333-aa06-48edfb652f86,Pošta,720
7c37b809-4d6d-497c-a53d-38663e91c088,4062cd22-b67a-4235-9980-0178b7add592,b59656a4-b6e7-4b87-977c-078c59088a50,Hajdrihova,364
0dc86a8f-0f41-44c7-978c-e06cb63cbbcf,2a7d32ca-24a1-41ac-a273-0cbcdec59336,fef200e9-4d98-425b-ab14-8110e2aa85d7,Drama,339
2e6c059c-0305-47bb-9ca8-00a2123039e9,65a6b01d-c9cf-4d4e-930c-5562156d7375,484b5c91-1220-43ba-af79-84e712fcc46b,Slovenija avto,2297
1dc99fbb-5496-4aab-a4b6-32e653ccc789,7ad25867-5c97-4f9f-9b1b-4966436f7fbf,c87db9be-1fba-4102-a743-0ee4317dd5af,Bavarski dvor,1520
9c3d9f7c-69df-4a48-8f1a-d25e7a922ac3,12618339-2c2d-49ec-b0e0-2517c11991f8,484b5c91-1220-43ba-af79-84e712fcc46b,Slovenija avto,729
8375ab17-e389-42b2-9b88-0210a049e321,35dbaf26-2fa4-45c4-87fc-81d1ff13b005,295616c0-387b-4f60-a337-7743cd6be04e,Bavarski dvor,107
8589e5d1-21b4-4210-ad7a-4bf91f9a715d,379bc761-04b5-4227-be76-3b870fe3e69f,fef200e9-4d98-425b-ab14-8110e2aa85d7,Drama,3539
923bd774-0651-4e0a-8624-3acfb7ecd5ff,de80f5fd-4572-4bb6-9e21-9860f5fa6b24,717dda7e-d793-4697-8f60-b64ee8b1edc4,Gosposvetska,1533
eb43a68a-54a5-4a37-b090-1329e2b4d830,ba59baf4-dd00-40a5-80e7-3eee6b9d8b09,N/A,N/A,4525
cddb3822-7daf-4cae-9cc3-6b191e81326b,36d25599-0bed-48a0-bcb4-134be8a959fe,N/A,N/A,4525
1b0f629f-acdb-4e94-8c54-018f4334ebf7,aee8e842-6083-48a7-b14f-cc3d112537bb,717dda7e-d793-4697-8f60-b64ee8b1edc4,Gosposvetska,1125
332abe37-33b8-4142-9edd-4ebd9e52eaf7,108e7dc8-ca5d-4c91-9414-32a32a31b69a,N/A,N/A,4525
8fbf17ab-413b-442c-9c6a-0eb8873a4755,69f98a9c-d52d-423a-b44e-89b6320a7a88,a719a87c-4e93-4387-a6d1-2631a487f7e0,Ajdovščina,66
8dde1a7b-e3ec-4675-8409-2a2c4ae696c7,8a5febd6-d44a-4c98-a221-46044548663d,5d7f28a6-2a2a-4333-aa06-48edfb652f86,Pošta,858
e3b51371-e289-45ef-83ca-1f4ffff25162,2188a1bc-ce7a-4450-bd4f-871538578244,a719a87c-4e93-4387-a6d1-2631a487f7e0,Ajdovščina,690
e65047c0-c01e-4727-b466-78e107c81ee4,9c3d9f7c-69df-4a48-8f1a-d25e7a922ac3,295616c0-387b-4f60-a337-7743cd6be04e,Bavarski dvor,1047
093afa81-b65f-4182-bac3-afbc00558a9b,fac22b83-1bc0-4c12-8533-485b115409ef,fef200e9-4d98-425b-ab14-8110e2aa85d7,Drama,1862
8375ab17-e389-42b2-9b88-0210a049e321,98239279-bb80-4070-965c-dc87525019e2,f33b721f-a8a3-4aad-96f2-077da09ebaa6,Razstavišče,91
d06c6c8a-c136-4b7a-9c13-b26ba0c04029,34ead609-4331-48ab-8e82-52dd70da9832,a0b1fb90-3f6a-4231-910a-18be192ac762,Flajšmanova,156
754e8f1f-a5ba-4281-8f31-fb3357744cd2,5a89967e-5654-49f6-84ca-59f7f9035444,fef200e9-4d98-425b-ab14-8110e2aa85d7,Drama,759
476b2caa-710a-47fe-9743-4d75d7ada5fb,c969f066-aab5-466d-b4db-48e651a4a12e,295616c0-387b-4f60-a337-7743cd6be04e,Bavarski dvor,2122
596e3cfe-bd4c-4afa-ba4c-33172dba9be1,41c8c7eb-62ef-45d8-b5b1-221dd3c0022c,cdabf1ea-b04c-480a-8359-72c46e6864ab,Bežigrad,256
fa96d420-d1af-4ad0-bf6a-4544deb1c5eb,98a94a2a-894f-4ff0-9967-1dd986bf0cfd,a2ce7e6f-0f99-443a-a973-81a0b9c60261,Astra,833
abc9fd26-5442-468b-93b6-4d5eb76d0f1f,bd6d732b-65aa-4b59-be82-6ce1301e70d5,c87db9be-1fba-4102-a743-0ee4317dd5af,Bavarski dvor,1185
d2e3d9f5-0203-49a4-8ea1-455e2434a347,16578e36-c682-4083-bd29-4973445dc0fe,N/A,N/A,4525
43df2657-d56f-4fc4-8c40-49180cbbe90c,dc7b6fb3-15db-4c7e-9fa1-424943178ce6,717dda7e-d793-4697-8f60-b64ee8b1edc4,Gosposvetska,1590
a12ab184-fb4b-449f-9884-88e0a1672e64,72e6ae6e-bd4b-4946-a032-7ff9b8b41039,295616c0-387b-4f60-a337-7743cd6be04e,Bavarski dvor,107
030363e5-99a3-401f-96db-a16a340ace21,b5400e28-b0c3-4a02-9da2-084c465bd1d3,9cfac7e2-9653-4e52-a6d3-27756d27f817,Kino Šiška,658
099976aa-17cc-45d3-add4-267985ab1533,9cc88862-270a-409a-b450-e0003c7930af,a719a87c-4e93-4387-a6d1-2631a487f7e0,Ajdovščina,590
d6ae97e7-23b5-48d6-a9fa-2a2624e9f434,bf990a3a-96e9-42b7-9147-33e85bd24c05,c87db9be-1fba-4102-a743-0ee4317dd5af,Bavarski dvor,3546
f14a6236-8af2-47bf-9270-432377662a63,235d7e56-4520-4691-b7d9-7588f7306e1d,fef200e9-4d98-425b-ab14-8110e2aa85d7,Drama,1609
010c271e-49ca-45a5-91ac-8ba8d41ee7f3,d3a06374-ab12-456b-9c00-55461af341fa,484b5c91-1220-43ba-af79-84e712fcc46b,Slovenija avto,2675
edc8bf1d-d4f1-4c5b-8112-e4fa71a02bae,7ad25867-5c97-4f9f-9b1b-4966436f7fbf,484b5c91-1220-43ba-af79-84e712fcc46b,Slovenija avto,1351
f1bc11ca-7516-447a-b826-7051c5306af7,7484317c-269f-425f-8118-23eedab4e5f1,f4cfd904-bd11-4247-95df-32c4555a930f,Klinični center,2227
099976aa-17cc-45d3-add4-267985ab1533,b9edd39a-4f64-4553-869e-bb77e617b9b8,6bd46cb7-9e5d-453a-878a-bcc38fb2a5f2,Sava,4029
a999f83e-4e6a-4ef9-9a10-e4a2c8a4a182,eb8e8d9a-a3d5-4ec1-9356-26e0e41912d1,a0e0a21b-b8ce-4d76-bbc2-04e179367fee,Šola Jarše,1335
c0ff37c8-ac6c-4284-ad32-0ad29fd30dc2,7c37b809-4d6d-497c-a53d-38663e91c088,5d7f28a6-2a2a-4333-aa06-48edfb652f86,Pošta,2148
cd2cdf5f-a758-494c-8b1f-2de4ac913723,339ec74c-f45b-4f23-98b8-7ac67486ff6d,N/A,N/A,4525
1536cb2e-acd3-49cb-8f06-bb8cd40c0c02,a2947722-2e6f-48dd-9c31-ff36356676fa,c87db9be-1fba-4102-a743-0ee4317dd5af,Bavarski dvor,278
2edaabef-ed43-4b87-ba95-a5600c33250f,235d7e56-4520-4691-b7d9-7588f7306e1d,fef200e9-4d98-425b-ab14-8110e2aa85d7,Drama,285
0b9c5011-4f2d-4753-914f-500532b0dbeb,f088dbda-3ab0-43c5-bcdf-c727725c05be,N/A,N/A,4525
dc6b96b1-d0fa-4d03-ac2b-8eba5bb97ba2,a378ce5e-57ce-4c52-b219-568674b5cd5e,5d7f28a6-2a2a-4333-aa06-48edfb652f86,Pošta,506
54c591c0-7bbb-4489-9229-57b18f95827a,e73c7113-cb4a-4cd5-8df9-ffc5fd86590a,769b7bc7-4f95-4bb2-9c99-37ba8e8b4bd5,D. MOST P+R,526
5de6ff80-1352-43df-b5ec-1df59f2f492b,6d344016-1b93-4ff7-80a8-8cde0b57bd1c,N/A,N/A,4525
311a0b74-0787-484b-b414-8adf1cd4cf58,807c11ba-4b3a-4e2b-82b5-abf5864fa4bc,a719a87c-4e93-4387-a6d1-2631a487f7e0,Ajdovščina,897
c71e1e0c-780a-4d46-8b33-09aebbbcfcd8,192b7b6a-b138-4569-a4f3-86bef6b20810,a0e0a21b-b8ce-4d76-bbc2-04e179367fee,Šola Jarše,868
c70ad4c4-6c37-4f31-83aa-921dc8bc15a4,9f6048f0-5c5e-4773-915e-4ee05d200e27,295616c0-387b-4f60-a337-7743cd6be04e,Bavarski dvor,768
6bc92f4c-414c-456b-9150-d58a7689d26e,7fcb0952-c77f-44b5-adf3-0aa2a2b8550a,5d7f28a6-2a2a-4333-aa06-48edfb652f86,Pošta,604
a4545f57-dab0-4ca0-9da3-5bc96d80f104,a999f83e-4e6a-4ef9-9a10-e4a2c8a4a182,c87db9be-1fba-4102-a743-0ee4317dd5af,Bavarski dvor,282
12cfc2b3-f8ff-444b-8d5f-15855e45e331,d07152fd-014c-481b-a5f2-8949066499e8,N/A,N/A,4525
8561e9fb-03e0-46f1-802d-b376d26a8ea5,d17294f3-5b6c-4313-9243-3f38557967cf,c87db9be-1fba-4102-a743-0ee4317dd5af,Bavarski dvor,2217
92928953-a289-4a44-a653-b7b6b4f5e1c2,79325942-629a-4766-a34a-525f8edf8cc5,c87db9be-1fba-4102-a743-0ee4317dd5af,Bavarski dvor,701
aee8e842-6083-48a7-b14f-cc3d112537bb,c297ac70-8f43-4fbc-a8a4-366ddb883a8d,b59656a4-b6e7-4b87-977c-078c59088a50,Hajdrihova,3358
06e4802d-2c96-4556-bd95-35e0a2bb030c,6c773433-c487-49c5-a783-32c0e276ed7b,N/A,N/A,4525
9e109242-5aad-4fb7-b0c8-576eef8aa4e0,abc9fd26-5442-468b-93b6-4d5eb76d0f1f,1b3ddeca-a066-43ee-9ae5-8339628129c2,Žale,2374
e468b92f-fa4a-4819-bb11-37761deaf4ca,07bad99d-070a-42f7-8766-d11d42152623,fef200e9-4d98-425b-ab14-8110e2aa85d7,Drama,221
9ab2717b-1396-4885-bb5b-9857d7195d0d,af820908-f71f-4c46-82c2-e7616f9c21fb,223f660b-c391-4120-bf3c-7bf06781686b,Tovorni kolodvor,2799
0c3a77a7-d9eb-45c7-b722-1fafde29129c,1c214818-5471-4d2a-a7b2-33464ffacdad,223f660b-c391-4120-bf3c-7bf06781686b,Tovorni kolodvor,384
92928953-a289-4a44-a653-b7b6b4f5e1c2,548a85bd-f15f-427b-ad90-43cb50e9e31a,5d7f28a6-2a2a-4333-aa06-48edfb652f86,Pošta,745
0dc86a8f-0f41-44c7-978c-e06cb63cbbcf,47283e27-c588-411c-9303-30a6f0beeaef,6a89c110-a0f8-4b1a-87f0-33f49c0a658e,Šola Jarše,327
7fa32ea0-e884-435a-a81c-51bbd5cedf3e,4ca7ae7e-380b-45e3-81de-00ffab5bb531,f33b721f-a8a3-4aad-96f2-077da09ebaa6,Razstavišče,446
f14a6236-8af2-47bf-9270-432377662a63,d07152fd-014c-481b-a5f2-8949066499e8,N/A,N/A,4525
2beb7011-982a-4349-be22-addf1c3bdec7,862efb04-bcf5-493a-929d-242fb91ba5f6,c87db9be-1fba-4102-a743-0ee4317dd5af,Bavarski dvor,840
98f728a3-94a6-4911-98d7-64ab88097036,d4fd9934-5253-4ab8-a779-3e9e2a30c5b7,N/A,N/A,4525
8dde1a7b-e3ec-4675-8409-2a2c4ae696c7,c326e479-ccc3-4915-8788-3fa189d0143e,c87db9be-1fba-4102-a743-0ee4317dd5af,Bavarski dvor,1334
8f623f1d-48a7-46b5-9331-28a8dc980876,1f9fad8e-d59c-494c-bdd1-1983afacb755,fef200e9-4d98-425b-ab14-8110e2aa85d7,Drama,420
45bff76d-bb00-455b-aa12-7ea49ad9a4f0,b60d686c-3b89-447c-93f6-2837d9af3d02,a719a87c-4e93-4387-a6d1-2631a487f7e0,Ajdovščina,487
99b82632-116f-421b-9320-d5a53e522155,5dcffe2a-1c73-4f7c-bdac-4084bb5201aa,f4cfd904-bd11-4247-95df-32c4555a930f,Klinični center,4255
1308dcf9-a9e1-4e54-95c9-0f2afaac889b,7b687edb-dc47-4b68-a13e-34713cababe9,a719a87c-4e93-4387-a6d1-2631a487f7e0,Ajdovščina,1573
609f0950-bb8c-4eaf-a931-8575b8aff1ac,b91edda3-a147-4599-bebf-85e145de085b,c87db9be-1fba-4102-a743-0ee4317dd5af,Bavarski dvor,3135
d27a7320-71d6-48bc-a4f5-0f3e239575b8,9cd1e7f8-8ccf-4469-bc25-25d138605c67,295616c0-387b-4f60-a337-7743cd6be04e,Bavarski dvor,183
d5735919-60bb-4720-a695-9f5155a4f109,66a82f60-b1d1-4251-a715-178300014f18,a719a87c-4e93-4387-a6d1-2631a487f7e0,Ajdovščina,2936
d5961b09-f5e8-4a0b-9bbb-2515ff0a8376,b6816891-4b0d-4bda-8e12-176194efaefe,fef200e9-4d98-425b-ab14-8110e2aa85d7,Drama,2855
163da3ae-0ab9-480e-b72d-16357e0a9061,91fb6c6e-49cf-49d3-97d4-6ae228f9bfa1,c87db9be-1fba-4102-a743-0ee4317dd5af,Bavarski dvor,2322
447a37f6-2be6-45a3-8ae0-6982aa53cafb,58db973d-ecbb-4aa6-a56c-c26aaff7f263,c22879e5-8e90-4540-9a74-5f139208e492,Friškovec,81
08506f21-8675-4972-a359-ba9412a1da49,40fcc1b9-2c42-4db8-bd48-d431efc8a3fd,a719a87c-4e93-4387-a6d1-2631a487f7e0,Ajdovščina,2239
a8af1032-30bf-4f7b-a921-28d2f712fd24,219086ca-bdcb-4092-bd82-3d372b9b73ce,717dda7e-d793-4697-8f60-b64ee8b1edc4,Gosposvetska,422
f1d7dbc8-d84b-4550-a3bd-e4748a677e9d,eee4abae-e720-4776-b6c7-0099d0119246,f4cfd904-bd11-4247-95df-32c4555a930f,Klinični center,347
1dc99fbb-5496-4aab-a4b6-32e653ccc789,fd0e405e-d5e5-45fc-8911-e48a178ad4a9,a0e0a21b-b8ce-4d76-bbc2-04e179367fee,Šola Jarše,4344
e9035f9a-28be-450a-a30c-7178134ff26b,96d4c75b-6452-4c70-a31e-c234262ba38b,9cfac7e2-9653-4e52-a6d3-27756d27f817,Kino Šiška,351
d5102041-8282-4c77-a593-edac0d0d4a34,99b82632-116f-421b-9320-d5a53e522155,f33b721f-a8a3-4aad-96f2-077da09ebaa6,Razstavišče,4102
1aa7e441-8646-4d1d-88bd-ab004758ffc4,f2bac6f5-5bbc-4f15-acdd-014d86770ce9,N/A,N/A,4525
42bcfbad-96b8-4ce2-96f3-07694e1bcfe2,8f56b058-1ae3-44f5-8600-4330f2264d78,N/A,N/A,4525
0614b134-0950-4f6b-bc8f-fb73a0881bc1,e65047c0-c01e-4727-b466-78e107c81ee4,f33b721f-a8a3-4aad-96f2-077da09ebaa6,Razstavišče,2581
2e62f411-936d-4a10-96ed-2d8fe95d6d65,9b9d2948-7538-409c-9bfc-42c0b74c41a8,f2b27cbd-5207-4281-8f67-6369d0c50a9b,Kodrova,752
bff8345d-1b72-4b41-8b8d-cb8a5483a2e4,de80f5fd-4572-4bb6-9e21-9860f5fa6b24,717dda7e-d793-4697-8f60-b64ee8b1edc4,Gosposvetska,219
4d2fc228-0628-4897-8d77-3e71d500d36d,45bff76d-bb00-455b-aa12-7ea49ad9a4f0,c87db9be-1fba-4102-a743-0ee4317dd5af,Bavarski dvor,1525
8f56b058-1ae3-44f5-8600-4330f2264d78,aa3ce006-1975-496a-abc6-a98ec5e87652,f4cfd904-bd11-4247-95df-32c4555a930f,Klinični center,692
7484317c-269f-425f-8118-23eedab4e5f1,fef200e9-4d98-425b-ab14-8110e2aa85d7,a719a87c-4e93-4387-a6d1-2631a487f7e0,Ajdovščina,465
1c8efa00-4587-4efc-a10d-794e9d885857,8a182298-1db3-4251-9cdb-a86efe72b8a7,N/A,N/A,4525
5d7f28a6-2a2a-4333-aa06-48edfb652f86,2e6c059c-0305-47bb-9ca8-00a2123039e9,7eb88e01-82e9-4af4-84d0-69c6ea9dc82c,Kolodvor,714
6559d555-672b-4633-8a81-0ae68fb963eb,bc19ad1c-00fc-47f1-926e-ddeb12f686ba,N/A,N/A,4525
30e58784-86f6-4d93-8630-3cc3fc93c6f3,60d91c8b-d5a9-4ef4-927c-e241bc31f81a,N/A,N/A,4525
1eca3479-6e2c-4f21-bf45-4db410041181,d27a7320-71d6-48bc-a4f5-0f3e239575b8,N/A,N/A,4525
fcc58ff5-bf0b-44ce-b12b-75ecc493f24d,b2dd1684-0848-40f7-b10e-8f74bb005f2f,N/A,N/A,4525
d17294f3-5b6c-4313-9243-3f38557967cf,9e0942f3-2c18-4891-9b51-9d95cc43af7a,7fad8003-fb10-489d-bf8d-6d433310ad90,Nove Jarše,315
223f660b-c391-4120-bf3c-7bf06781686b,d4c51b31-46fd-4da8-ba15-8068e666d483,f33b721f-a8a3-4aad-96f2-077da09ebaa6,Razstavišče,2052
fcc58ff5-bf0b-44ce-b12b-75ecc493f24d,3203d037-a222-4092-8dd6-e8dfcd49a2c9,c87db9be-1fba-4102-a743-0ee4317dd5af,Bavarski dvor,711
91fb6c6e-49cf-49d3-97d4-6ae228f9bfa1,d123fde4-aa91-49c3-83df-5ebf12af4e59,f33b721f-a8a3-4aad-96f2-077da09ebaa6,Razstavišče,2458
e3321752-4498-4da3-801c-d54920b22eba,505865ea-cdea-4042-bdb2-b2f4f03889cb,f33b721f-a8a3-4aad-96f2-077da09ebaa6,Razstavišče,3263
538ab00b-ee39-44e8-b5a4-62c2c6215bf6,53f8224f-99e5-4c34-9f77-3621bbe9ce99,7c149b59-2bc6-45cb-95c8-69e18a0db627,Rusjanov trg,185
5ddf10c0-90a5-4dbf-992c-23c0505674aa,98b60d07-8054-441a-be44-be7aa24f4253,295616c0-387b-4f60-a337-7743cd6be04e,Bavarski dvor,338
b4766c35-4ab9-4af3-aa76-1b1f40735685,11d74c00-da13-4cad-883e-c6dcf8edcbe8,f4cfd904-bd11-4247-95df-32c4555a930f,Klinični center,1622
01d1f388-d915-4e9f-bc3d-4432a73a216e,896f7627-7c1c-4742-a40a-6aadb85fe206,48b163cd-b819-4849-aee1-8b1da77657ab,Šentvid,3855
8441d439-8d1d-40b8-b3d5-7b9c56848b43,b4634750-8d91-4625-b40d-1da9665e70f6,a719a87c-4e93-4387-a6d1-2631a487f7e0,Ajdovščina,583
c2827897-b9fe-4bfc-b4ed-880f11a2359e,eb11d52f-300b-4648-a2e8-ed03db9ff7e2,N/A,N/A,4525
a52cd7ac-c11e-4c8b-94a5-1a12b32595da,ca8cbe57-95dc-4326-9c06-b60a87b981b1,6a89c110-a0f8-4b1a-87f0-33f49c0a658e,Šola Jarše,624
7d628170-e2eb-47fd-9d3e-658acf78d7d3,d06c6c8a-c136-4b7a-9c13-b26ba0c04029,N/A,N/A,4525
44e58cea-6c90-467f-baf2-22ac161daafb,e786b2df-34ed-4246-832e-7c3d538ac1f4,f33b721f-a8a3-4aad-96f2-077da09ebaa6,Razstavišče,1298
95eee7e8-237d-4410-a9bf-00c6f88129c1,52c437c8-73ae-4db5-ac31-8e7cf5104826,N/A,N/A,4525
b698a890-05b8-40f6-a3a6-4f4c0a820f97,093afa81-b65f-4182-bac3-afbc00558a9b,N/A,N/A,4525
eb165f50-9c43-4b09-9658-469a16d3dc83,d9437903-d95a-49e6-9743-12b2b964e04c,c87db9be-1fba-4102-a743-0ee4317dd5af,Bavarski dvor,707
3c6ebf90-c611-4535-b2b0-22fba3f7649a,0b90d258-764d-4c06-aab0-7074dbd54182,fef200e9-4d98-425b-ab14-8110e2aa85d7,Drama,2983
363e4763-df83-4814-99d2-879d448d5910,9e0942f3-2c18-4891-9b51-9d95cc43af7a,093afa81-b65f-4182-bac3-afbc00558a9b,Koseze,694
fac22b83-1bc0-4c12-8533-485b115409ef,47283e27-c588-411c-9303-30a6f0beeaef,7fa32ea0-e884-435a-a81c-51bbd5cedf3e,Zaloška,4458
1907a46a-4559-43ec-8363-03fe35d30725,c8e0086c-0cef-4375-a471-72f3ae1e34fc,6bd46cb7-9e5d-453a-878a-bcc38fb2a5f2,Sava,3270
45e88013-1a7e-44a0-ab1f-bc0db6c6746f,9afb36ea-c2ae-4bbb-9644-3a6c65bb1c7d,484b5c91-1220-43ba-af79-84e712fcc46b,Slovenija avto,4153
eba0daca-3696-4f72-a1dd-5f7b5fd02a63,aa844493-50b0-4b91-b331-f4297d2ae6a8,N/A,N/A,4525
845b482b-dba1-4313-a476-e772691689cf,13d6dac7-dc00-416e-a8c0-0d6967e4014e,b59656a4-b6e7-4b87-977c-078c59088a50,Hajdrihova,908
47637057-8d6a-4cf9-bd56-3ac90748fcc4,eaad1ba5-14a4-494f-80ae-65294c29a962,c87db9be-1fba-4102-a743-0ee4317dd5af,Bavarski dvor,910
476c1b24-6f2f-4727-b610-645c50493814,121b30dc-065b-4c76-aad2-a54a85c74d4d,77dcd833-fa4d-4c5a-93b1-31284942e61d,Šišenska,546
b6816891-4b0d-4bda-8e12-176194efaefe,ef005e77-f3b8-4171-b681-1294d0e4732b,N/A,N/A,4525
07b4c585-66cf-49d7-906c-50f1122c8e9e,300f1367-4ba4-4416-90e4-caa8f33e9144,b59656a4-b6e7-4b87-977c-078c59088a50,Hajdrihova,4273
47637057-8d6a-4cf9-bd56-3ac90748fcc4,2d6504e9-c938-417e-9b55-32d6514bc744,77dcd833-fa4d-4c5a-93b1-31284942e61d,Šišenska,88
bd6d732b-65aa-4b59-be82-6ce1301e70d5,3f996624-8134-4eec-9742-70111db659c1,a719a87c-4e93-4387-a6d1-2631a487f7e0,Ajdovščina,1082
023d7b7a-b411-4e61-8746-b07f9e5c8f90,3f0c15b3-99bd-4c12-8f7a-df06c9536526,f33b721f-a8a3-4aad-96f2-077da09ebaa6,Razstavišče,1415
cf6f67f5-f7df-4462-828b-481134217fad,1b0f629f-acdb-4e94-8c54-018f4334ebf7,5d7f28a6-2a2a-4333-aa06-48edfb652f86,Pošta,966
3fbf6322-fb74-4a50-a81a-bfca73abc26b,1f9fad8e-d59c-494c-bdd1-1983afacb755,379bc761-04b5-4227-be76-3b870fe3e69f,Pot na Fužine,1703
ca575a45-9c95-4348-9245-8c75f70130b3,dc6b96b1-d0fa-4d03-ac2b-8eba5bb97ba2,N/A,N/A,4525
3f996624-8134-4eec-9742-70111db659c1,5c246f67-4431-4968-8d64-2ae4b823e360,c87db9be-1fba-4102-a743-0ee4317dd5af,Bavarski dvor,602
476b2caa-710a-47fe-9743-4d75d7ada5fb,60ccc570-3714-410b-aa31-43d3a4c593c8,a719a87c-4e93-4387-a6d1-2631a487f7e0,Ajdovščina,815
7e780e7f-3665-4ec7-a910-eaf6e9d82551,da623aed-094d-4c3c-9766-9f0aba0f40f6,c87db9be-1fba-4102-a743-0ee4317dd5af,Bavarski dvor,2046
44e58cea-6c90-467f-baf2-22ac161daafb,938c9405-72bb-4acd-bace-a75abcf2f9cb,a719a87c-4e93-4387-a6d1-2631a487f7e0,Ajdovščina,4216
ea9d5fa9-af5a-4d39-96fd-626415048511,7e0c8a32-21cb-46dc-8e50-9c4675dfa322,9a1c4c65-df77-481f-87ad-56143f02a864,Vižmarje,506
5764ff17-c787-4918-b7bd-a2ed9c6d7dd1,e4635b94-348c-4c69-be85-1160488e5e43,1b3ddeca-a066-43ee-9ae5-8339628129c2,Žale,316
ac3afe7d-a2b3-4d5d-9e6a-1d2412a3bc70,298fea2e-c58b-4d99-9350-2420c718d2cc,a719a87c-4e93-4387-a6d1-2631a487f7e0,Ajdovščina,327
eaad1ba5-14a4-494f-80ae-65294c29a962,6c773433-c487-49c5-a783-32c0e276ed7b,f33b721f-a8a3-4aad-96f2-077da09ebaa6,Razstavišče,1120
36c7bbd0-50d7-4b5d-b9b3-9dadd37ac50b,c6dd10bd-c21f-4a0c-9c7d-99e488a173d4,fef200e9-4d98-425b-ab14-8110e2aa85d7,Drama,2204
2388ce1f-c947-42d7-97f3-e01a7254c933,f8da5156-e545-47ed-a811-2242f41f5593,N/A,N/A,4525
d17294f3-5b6c-4313-9243-3f38557967cf,889e3719-7d29-4888-b690-5a1531d2930e,N/A,N/A,4525
51e04e1d-9ea1-432d-8b79-09e6c2a7be7b,4a74b966-4fbf-41ab-8e1b-276f3f14fc49,c87db9be-1fba-4102-a743-0ee4317dd5af,Bavarski dvor,2007
30c30bf5-75c4-4dc0-995f-4679ef54d37c,a7094427-e180-4deb-acaf-5d4488326e9e,ecc4ae87-ae08-4b94-995c-452fdd94df7f,Privoz,1113
ef91fd44-5651-4fd4-b6f8-619fdef9da7b,298fea2e-c58b-4d99-9350-2420c718d2cc,f33b721f-a8a3-4aad-96f2-077da09ebaa6,Razstavišče,45
c297ac70-8f43-4fbc-a8a4-366ddb883a8d,d3283222-38a9-40e2-a485-180d1a33067c,b59656a4-b6e7-4b87-977c-078c59088a50,Hajdrihova,356
d0790612-d161-4be4-953d-a7a0c33acf1e,404f8444-540d-4d82-a355-30a6a8bec797,6a89c110-a0f8-4b1a-87f0-33f49c0a658e,Šola Jarše,1600
d2ff7ae5-59fc-4894-aa50-a7f16b5e3534,5881f75e-9383-49b0-811d-04c864ba1605,a719a87c-4e93-4387-a6d1-2631a487f7e0,Ajdovščina,390
3c143688-247f-41cc-960d-f5e37b874c3a,769b7bc7-4f95-4bb2-9c99-37ba8e8b4bd5,N/A,N/A,4525
a5eb15d2-f0cb-46a6-b888-6a9aad6bc5b6,34f3ddda-e732-4b53-bfb2-8773b5cd6eac,c87db9be-1fba-4102-a743-0ee4317dd5af,Bavarski dvor,767
78ef8af0-fd16-46b8-a5de-8d24b99638c8,e90a68ac-02be-418f-8937-b9f1906274f2,N/A,N/A,4525
f174a648-9e84-492d-9ccd-0756b49c773b,ab0d4ded-a428-4133-a6c8-0f2caac0a5ae,c87db9be-1fba-4102-a743-0ee4317dd5af,Bavarski dvor,3407
4bd4913f-8597-4ea0-b219-4e9b15dcbb62,53ec687a-6f0c-4bb7-b1b4-606e7dcfada9,fef200e9-4d98-425b-ab14-8110e2aa85d7,Drama,192
0334e79e-7a89-44e9-a463-5af813e64a40,96d4c75b-6452-4c70-a31e-c234262ba38b,f33b721f-a8a3-4aad-96f2-077da09ebaa6,Razstavišče,2345
88cdd36c-03d2-4374-a22f-110dd9f75ea0,1d62c3f1-903c-4350-a349-80c4573b3cdc,c87db9be-1fba-4102-a743-0ee4317dd5af,Bavarski dvor,1148
08071ba1-570f-487b-9a36-01a046fb2788,156a6f62-9a67-4cf0-ad56-85a343c77cd2,f33b721f-a8a3-4aad-96f2-077da09ebaa6,Razstavišče,1039
10449641-799e-4ee4-a712-a6e3a9aefc27,717c914e-f928-4671-95f6-26c1ddb95799,1ce1c3a8-e0f6-4f90-b1aa-1448759d8b3c,Astra,1936
862efb04-bcf5-493a-929d-242fb91ba5f6,6330ad8d-b582-4c92-bc7e-d3f206264f04,7fa32ea0-e884-435a-a81c-51bbd5cedf3e,Zaloška,2019
a52cd7ac-c11e-4c8b-94a5-1a12b32595da,51dbf10f-cf3b-4575-a8cc-d1080c1f9dde,c87db9be-1fba-4102-a743-0ee4317dd5af,Bavarski dvor,1391
7a256ec6-bb93-47eb-af92-ea62941c1dc6,68075aa0-144c-4f6e-93ef-e93dfc35df78,a719a87c-4e93-4387-a6d1-2631a487f7e0,Ajdovščina,1479
f9d70942-e517-4560-8655-99481edd2b95,baab981f-b707-4b2e-8291-6175f7ceb255,eb165f50-9c43-4b09-9658-469a16d3dc83,Kodeljevo,937
712ee105-4fab-498a-af5c-496ca9830f5f,f9d70942-e517-4560-8655-99481edd2b95,N/A,N/A,4525
1505c6fe-6080-424e-98d1-24c312cfacf3,9143c575-806f-4ba0-81bc-8199f0b0b4d0,c87db9be-1fba-4102-a743-0ee4317dd5af,Bavarski dvor,3013
2388ce1f-c947-42d7-97f3-e01a7254c933,459f82d2-cbe4-414b-b66b-0b794ea958ed,N/A,N/A,4525
18d010ca-0244-4928-82cb-47af0836a1bb,0b90d258-764d-4c06-aab0-7074dbd54182,295616c0-387b-4f60-a337-7743cd6be04e,Bavarski dvor,164
a9473958-e505-4c16-8498-486b06a47856,87415b6b-7e7f-4b82-b78f-ef1a7db85282,a719a87c-4e93-4387-a6d1-2631a487f7e0,Ajdovščina,288
0334e79e-7a89-44e9-a463-5af813e64a40,ef005e77-f3b8-4171-b681-1294d0e4732b,N/A,N/A,4525
306dcdea-b1ce-4357-ba5e-fa82293630df,b5e26d7f-8a91-4360-9811-2e8e05d27382,5d7f28a6-2a2a-4333-aa06-48edfb652f86,Pošta,1100
d06c6c8a-c136-4b7a-9c13-b26ba0c04029,567980fa-7783-411d-9c67-55b44d753880,c87db9be-1fba-4102-a743-0ee4317dd5af,Bavarski dvor,1249
c3534bc6-7bfd-43be-b46a-2b0fced57ab8,476b2caa-710a-47fe-9743-4d75d7ada5fb,609f0950-bb8c-4eaf-a931-8575b8aff1ac,Savske stolpnice,2888
ba59baf4-dd00-40a5-80e7-3eee6b9d8b09,10d57057-b305-4b7a-806b-3373014db962,98fa3880-5936-4ec8-ba04-39c7ff9a0e6a,Stara cerkev,1041
64ea9f57-1f7f-465e-8721-55e26faee36a,ea80411c-360d-4a33-861c-6533a1d67eef,fef200e9-4d98-425b-ab14-8110e2aa85d7,Drama,6
785ad018-d0fe-4628-b188-15f6dc71b38e,1a1ee974-5091-4fa7-96a2-0c2508892aa3,N/A,N/A,4525
daf172e0-4dd9-4d5b-8287-67ad2034bced,e74131c6-ac2f-477b-9693-10bb5ab9f24b,N/A,N/A,4525
bbfc6d44-94da-4cfd-b22a-368a2b11ce20,51dbf10f-cf3b-4575-a8cc-d1080c1f9dde,a0b1fb90-3f6a-4231-910a-18be192ac762,Flajšmanova,232
7411cd45-83d2-40e6-89f6-5a0995e409cb,595ee2ab-3022-469d-a3e1-0c87d7dfb14d,N/A,N/A,4525
627be449-8b6a-40f4-a57c-09ccdacccb66,30cf2ed7-2cf0-4764-ab64-78206968d5ba,7fa32ea0-e884-435a-a81c-51bbd5cedf3e,Zaloška,1490
d9437903-d95a-49e6-9743-12b2b964e04c,cdee8be6-e02c-4fb5-9752-be1bac08d90d,N/A,N/A,4525
c15a2be8-fc53-427d-9cc6-a50bb305f68d,2e6c059c-0305-47bb-9ca8-00a2123039e9,f33b721f-a8a3-4aad-96f2-077da09ebaa6,Razstavišče,2187
156a6f62-9a67-4cf0-ad56-85a343c77cd2,ff74fc01-faf6-4a78-a782-d8365538e7de,N/A,N/A,4525
8512e1be-4637-483b-a3e6-78ccc6d2c5b1,6e7cab20-d7e3-474f-9a5e-f1e0ca6fae53,295616c0-387b-4f60-a337-7743cd6be04e,Bavarski dvor,1329
45bff76d-bb00-455b-aa12-7ea49ad9a4f0,cf5259af-d324-497e-b508-84fe92961eb1,N/A,N/A,4525
e9089f7d-853e-4375-8ecb-0db96fcc60e6,e2d3c37e-a7df-458e-9e5a-ea33ccf4c11b,484b5c91-1220-43ba-af79-84e712fcc46b,Slovenija avto,1722
2496479b-f855-403d-bce8-2a4d9988665d,e73c7113-cb4a-4cd5-8df9-ffc5fd86590a,f33b721f-a8a3-4aad-96f2-077da09ebaa6,Razstavišče,393
b60d686c-3b89-447c-93f6-2837d9af3d02,7eb88e01-82e9-4af4-84d0-69c6ea9dc82c,f33b721f-a8a3-4aad-96f2-077da09ebaa6,Razstavišče,19
25ad5579-f6a0-4f35-a0c9-0678b41e9dde,efecc3aa-ae68-4374-bc24-334280abcf3f,a719a87c-4e93-4387-a6d1-2631a487f7e0,Ajdovščina,2954
0a4b6359-22f0-4caa-b4a8-f4edb97a0825,35aedf45-cca3-4f2f-931b-138d29d20fe9,5d7f28a6-2a2a-4333-aa06-48edfb652f86,Pošta,1351
1308dcf9-a9e1-4e54-95c9-0f2afaac889b,727cab27-5e8e-4c5e-ba27-449822a45ee7,b59656a4-b6e7-4b87-977c-078c59088a50,Hajdrihova,398
9fa0b90f-dba1-4eca-8802-589425d3e8fd,666e98e1-4a23-4204-a3e6-99110f8b3153,2f874852-bc80-4ff3-b6bf-a914e31251c8,Savske stolpnice,715
9b85d4b0-c594-4e0e-9ce2-d0986256c270,eb8e8d9a-a3d5-4ec1-9356-26e0e41912d1,c87db9be-1fba-4102-a743-0ee4317dd5af,Bavarski dvor,2569
3866c761-7fa4-4a4a-b913-75569da498d9,233daca5-913b-4e10-bf34-18b1c8c77019,a719a87c-4e93-4387-a6d1-2631a487f7e0,Ajdovščina,166
7d1d9e60-8a7d-4e50-86e5-f3a42a99d837,406d6bb7-147c-4853-a917-e5c437b025e6,N/A,N/A,4525
093afa81-b65f-4182-bac3-afbc00558a9b,9f01f25f-9a5b-459a-96da-222ef81faf51,1ce1c3a8-e0f6-4f90-b1aa-1448759d8b3c,Astra,243
ee03ecf6-db6d-4ecc-90cd-5b3afc8afb91,66943a7c-28b4-40a6-a996-21aa0b968435,295616c0-387b-4f60-a337-7743cd6be04e,Bavarski dvor,267
cbf8e64b-fd0d-48ec-8fb1-03b298cc13b3,61926b26-d777-483f-ae79-86766c48793b,a719a87c-4e93-4387-a6d1-2631a487f7e0,Ajdovščina,1779
cecad767-51e5-4683-bf56-e6e342f8d1e0,dc7b6fb3-15db-4c7e-9fa1-424943178ce6,295616c0-387b-4f60-a337-7743cd6be04e,Bavarski dvor,657
cf94d70f-d211-4625-9037-014514562aa9,b59656a4-b6e7-4b87-977c-078c59088a50,769b7bc7-4f95-4bb2-9c99-37ba8e8b4bd5,D. MOST P+R,2320
34ead609-4331-48ab-8e82-52dd70da9832,d5d15a80-243b-49d7-a616-b3c3fb39e8af,c87db9be-1fba-4102-a743-0ee4317dd5af,Bavarski dvor,1169
d4d4230a-5247-4071-baa4-463321d9d934,277bc73c-e61d-4046-bcfd-31d6161c568e,98fa3880-5936-4ec8-ba04-39c7ff9a0e6a,Stara cerkev,228
5dcffe2a-1c73-4f7c-bdac-4084bb5201aa,16ae0a39-ff9a-4aee-88b5-34502255fab4,5d7f28a6-2a2a-4333-aa06-48edfb652f86,Pošta,189
af820908-f71f-4c46-82c2-e7616f9c21fb,ee3713fe-016c-47eb-96d1-f760c9d19010,454817d3-3750-49c7-994c-14d06fd2c634,Žale,50
2c0475be-44e7-4f0f-a06d-2c1b4ca15677,70bba1e8-3ea8-46fe-ace3-f75b04e37605,ef31a8be-b01d-44cd-95cf-3db8e918af26,Emona,1552
e2499103-6634-4d8e-87a8-68dc5ef6340c,baab981f-b707-4b2e-8291-6175f7ceb255,N/A,N/A,4525
d08c4884-9764-447f-9b79-0ef7a645222f,7a52a73a-cc0e-4c61-b9bc-306157727e1c,98fa3880-5936-4ec8-ba04-39c7ff9a0e6a,Stara cerkev,2025
f496ecc3-28fe-4361-9da8-428bbf3bd672,3866c761-7fa4-4a4a-b913-75569da498d9,5d7f28a6-2a2a-4333-aa06-48edfb652f86,Pošta,2670
7e0c8a32-21cb-46dc-8e50-9c4675dfa322,6459bd02-d8f8-413e-9402-10b916f09a4f,c87db9be-1fba-4102-a743-0ee4317dd5af,Bavarski dvor,618
dfd33168-046e-49af-9428-b9394f98667c,2f874852-bc80-4ff3-b6bf-a914e31251c8,a719a87c-4e93-4387-a6d1-2631a487f7e0,Ajdovščina,3061
410b424b-5f4d-4137-bc20-7d1f328540a3,28248670-5e08-4de2-8eab-e63933c0d61d,f2b27cbd-5207-4281-8f67-6369d0c50a9b,Kodrova,2395
2265e4de-a537-4f97-882b-c94c24aabfb0,1f9fad8e-d59c-494c-bdd1-1983afacb755,769b7bc7-4f95-4bb2-9c99-37ba8e8b4bd5,D. MOST P+R,1067
030363e5-99a3-401f-96db-a16a340ace21,a26d9a94-effb-45ab-a27f-74076e9e5bdd,f33b721f-a8a3-4aad-96f2-077da09ebaa6,Razstavišče,153
29096931-9d98-487f-bd0a-b0767611e561,12618339-2c2d-49ec-b0e0-2517c11991f8,769b7bc7-4f95-4bb2-9c99-37ba8e8b4bd5,D. MOST P+R,1235
c2827897-b9fe-4bfc-b4ed-880f11a2359e,88cdd36c-03d2-4374-a22f-110dd9f75ea0,eb165f50-9c43-4b09-9658-469a16d3dc83,Kodeljevo,1657
d3283222-38a9-40e2-a485-180d1a33067c,bb1ac8b9-5cb2-49f2-8d5c-d7fe4afdd5dd,fef200e9-4d98-425b-ab14-8110e2aa85d7,Drama,196
d4d4230a-5247-4071-baa4-463321d9d934,53c3c8c9-2e64-4a8f-9afb-031b24c17d5a,8c7fa045-888b-46d0-8189-6f82623bf481,Poljanska,2751
d123fde4-aa91-49c3-83df-5ebf12af4e59,d83ec579-9ab5-4e30-bedd-86613c234abd,a719a87c-4e93-4387-a6d1-2631a487f7e0,Ajdovščina,201
9c57d59a-53f8-4a16-b279-2ab1745ea230,609f0950-bb8c-4eaf-a931-8575b8aff1ac,1ce1c3a8-e0f6-4f90-b1aa-1448759d8b3c,Astra,224
68075aa0-144c-4f6e-93ef-e93dfc35df78,c969f066-aab5-466d-b4db-48e651a4a12e,fef200e9-4d98-425b-ab14-8110e2aa85d7,Drama,1132
d4c51b31-46fd-4da8-ba15-8068e666d483,144ab380-6586-43ce-b216-2e66362b6eca,295616c0-387b-4f60-a337-7743cd6be04e,Bavarski dvor,802
484b5c91-1220-43ba-af79-84e712fcc46b,42bcfbad-96b8-4ce2-96f3-07694e1bcfe2,N/A,N/A,4525
0b6960bb-2431-48c3-9e64-3cbf5c57ea96,7ea32e84-b8d9-498b-9f03-5a66990012b9,717dda7e-d793-4697-8f60-b64ee8b1edc4,Gosposvetska,2218
9a14b0ec-f13a-46f0-8c4f-07d8b99241e2,d06c6c8a-c136-4b7a-9c13-b26ba0c04029,9cfac7e2-9653-4e52-a6d3-27756d27f817,Kino Šiška,365
108e7dc8-ca5d-4c91-9414-32a32a31b69a,397418bc-78a7-45c9-b5cf-374fe21cee11,N/A,N/A,4525
10449641-799e-4ee4-a712-a6e3a9aefc27,eaad1ba5-14a4-494f-80ae-65294c29a962,0be237aa-4b91-4d2b-ac23-0cebac975a0d,Cankarjev dom,1036
b2dd8b3a-3710-4f07-b735-4bd183bfaade,4a90e424-11ab-43a8-b7e9-1c4f42fe2b7c,7fa32ea0-e884-435a-a81c-51bbd5cedf3e,Zaloška,1380
d27a7320-71d6-48bc-a4f5-0f3e239575b8,4a74b966-4fbf-41ab-8e1b-276f3f14fc49,8c7fa045-888b-46d0-8189-6f82623bf481,Poljanska,1990
ff1f708c-989e-4cc5-8e75-02717b5f9744,5bc3addd-b076-4c60-b850-39f90e674b75,484b5c91-1220-43ba-af79-84e712fcc46b,Slovenija avto,43
dba19980-8ca1-4847-b9b5-8cd419374ae2,c22879e5-8e90-4540-9a74-5f139208e492,N/A,N/A,4525
2fafda56-e44d-4e08-8503-90e6bf75e19d,dc7b6fb3-15db-4c7e-9fa1-424943178ce6,295616c0-387b-4f60-a337-7743cd6be04e,Bavarski dvor,24
81f21fc1-3bd2-4d2a-b563-2d063479c68e,5764ff17-c787-4918-b7bd-a2ed9c6d7dd1,a719a87c-4e93-4387-a6d1-2631a487f7e0,Ajdovščina,3554
c6dd10bd-c21f-4a0c-9c7d-99e488a173d4,b4b30b45-445a-4f70-bdf5-5ea7cdc98583,aa42017d-812a-4175-bc9b-0fec03b18931,Ambrožev trg,3912
e8d0bfd1-b300-4eae-8f85-79266066bb3c,5b2cb528-ba33-461a-aee5-54e2ed8c3758,N/A,N/A,4525
a8a92762-af25-42a7-98dd-9846f8b33e09,277bc73c-e61d-4046-bcfd-31d6161c568e,N/A,N/A,4525
c568fe2e-477f-4af2-ad68-cb8111f361d0,58db973d-ecbb-4aa6-a56c-c26aaff7f263,5d7f28a6-2a2a-4333-aa06-48edfb652f86,Pošta,642
94c6598b-7303-42e1-94d5-156d7a25f630,f174a648-9e84-492d-9ccd-0756b49c773b,7fad8003-fb10-489d-bf8d-6d433310ad90,Nove Jarše,247
219086ca-bdcb-4092-bd82-3d372b9b73ce,5c9baa4c-9ee0-4263-be22-72f5a73c714d,a719a87c-4e93-4387-a6d1-2631a487f7e0,Ajdovščina,1959
306dcdea-b1ce-4357-ba5e-fa82293630df,d6ae97e7-23b5-48d6-a9fa-2a2624e9f434,f14a6236-8af2-47bf-9270-432377662a63,Viadukt,670
95732ece-1658-4e11-9b5f-b6ae5552e638,34afe7f1-2d09-487f-983f-19c7dd5dae82,f33b721f-a8a3-4aad-96f2-077da09ebaa6,Razstavišče,2034
ae3f312a-4242-4a42-8df2-5990505a7747,8fbf17ab-413b-442c-9c6a-0eb8873a4755,769b7bc7-4f95-4bb2-9c99-37ba8e8b4bd5,D. MOST P+R,1392
b47eac47-d897-4ba7-ab06-8e642cc8efe8,efecc3aa-ae68-4374-bc24-334280abcf3f,f33b721f-a8a3-4aad-96f2-077da09ebaa6,Razstavišče,101
ed50f692-09f9-409e-b7d6-05ff7711de6b,5bc3addd-b076-4c60-b850-39f90e674b75,N/A,N/A,4525
aaedd82f-0c53-425d-92cf-96e50bd20518,785ad018-d0fe-4628-b188-15f6dc71b38e,2ec182e2-769f-427f-b9b5-c4118890cb96,Stožice,575
26ec9924-5586-4fd5-8b20-63f2d0a38d44,521edd75-c364-480a-af9e-a1c9815b6dd7,f33b721f-a8a3-4aad-96f2-077da09ebaa6,Razstavišče,2325
ccd8a655-468b-4728-a26d-7981bbdd7dec,592b37eb-8255-4758-ae8a-7cef98521013,5d7f28a6-2a2a-4333-aa06-48edfb652f86,Pošta,697
4062cd22-b67a-4235-9980-0178b7add592,66eec6a2-dfde-4d98-b690-e47f200367fd,f33b721f-a8a3-4aad-96f2-077da09ebaa6,Razstavišče,185
a3aeed02-8e36-4cb0-bb08-25cc4afda164,bd001f58-6e58-49e9-877f-1fa36964fbc2,5d7f28a6-2a2a-4333-aa06-48edfb652f86,Pošta,48
51e04e1d-9ea1-432d-8b79-09e6c2a7be7b,b59656a4-b6e7-4b87-977c-078c59088a50,c22879e5-8e90-4540-9a74-5f139208e492,Friškovec,51
306dcdea-b1ce-4357-ba5e-fa82293630df,769b7bc7-4f95-4bb2-9c99-37ba8e8b4bd5,5d7f28a6-2a2a-4333-aa06-48edfb652f86,Pošta,75
86303165-4af4-4fcd-b0f9-43ed865454f4,277bc73c-e61d-4046-bcfd-31d6161c568e,295616c0-387b-4f60-a337-7743cd6be04e,Bavarski dvor,82
7b687edb-dc47-4b68-a13e-34713cababe9,aa844493-50b0-4b91-b331-f4297d2ae6a8,f33b721f-a8a3-4aad-96f2-077da09ebaa6,Razstavišče,632
b60d686c-3b89-447c-93f6-2837d9af3d02,2d6504e9-c938-417e-9b55-32d6514bc744,b59656a4-b6e7-4b87-977c-078c59088a50,Hajdrihova,338
65a6b01d-c9cf-4d4e-930c-5562156d7375,4fddf4a7-ad4e-4630-a5ca-3267955db548,769b7bc7-4f95-4bb2-9c99-37ba8e8b4bd5,D. MOST P+R,608
d5961b09-f5e8-4a0b-9bbb-2515ff0a8376,d987aa3a-ae4a-42f6-bc9b-79c41dcf055a,5d7f28a6-2a2a-4333-aa06-48edfb652f86,Pošta,62
f14a6236-8af2-47bf-9270-432377662a63,7276f267-9837-4c56-aad3-f8cd555060da,f33b721f-a8a3-4aad-96f2-077da09ebaa6,Razstavišče,1720
e65047c0-c01e-4727-b466-78e107c81ee4,b8533150-cf69-441a-8fc4-18f39cbef16b,f33b721f-a8a3-4aad-96f2-077da09ebaa6,Razstavišče,141
7bcbdcaa-00b9-47d4-8982-09da26cd7bcb,8e7a488b-cd48-4243-92b0-42792d0e3bc1,295616c0-387b-4f60-a337-7743cd6be04e,Bavarski dvor,17
8b5f91a6-23b7-4786-96f9-a80c6d668e18,5be3b187-5735-4444-bee7-0665f60e6c83,cdabf1ea-b04c-480a-8359-72c46e6864ab,Bežigrad,3074
f4e99ece-e89e-4322-80c6-5a91df65f64e,9a938b49-ce1d-4e1c-a789-e316630ebc4f,c87db9be-1fba-4102-a743-0ee4317dd5af,Bavarski dvor,872
bb1ac8b9-5cb2-49f2-8d5c-d7fe4afdd5dd,97788808-915f-4405-b54e-7ec5f95f7330,f33b721f-a8a3-4aad-96f2-077da09ebaa6,Razstavišče,1627
d7a59d1b-dfe1-4fbb-96fc-14443b077516,36c4949b-403b-4a76-87e3-d67f51d655ef,c22879e5-8e90-4540-9a74-5f139208e492,Friškovec,1334
3f01eb40-651e-4fad-aff9-2ee27f259f64,845b482b-dba1-4313-a476-e772691689cf,c87db9be-1fba-4102-a743-0ee4317dd5af,Bavarski dvor,57
8512e1be-4637-483b-a3e6-78ccc6d2c5b1,fac22b83-1bc0-4c12-8533-485b115409ef,fef200e9-4d98-425b-ab14-8110e2aa85d7,Drama,2878
acedfed0-a3ba-4fa3-8cd6-910783961f0a,6afef238-01cd-4ad0-859d-2056b5d4a63f,c87db9be-1fba-4102-a743-0ee4317dd5af,Bavarski dvor,363
4a90e424-11ab-43a8-b7e9-1c4f42fe2b7c,0b9c5011-4f2d-4753-914f-500532b0dbeb,N/A,N/A,4525
2edaabef-ed43-4b87-ba95-a5600c33250f,5f2b93f1-7933-45ed-915c-4488ab8d81b7,295616c0-387b-4f60-a337-7743cd6be04e,Bavarski dvor,147
fcc58ff5-bf0b-44ce-b12b-75ecc493f24d,12cfc2b3-f8ff-444b-8d5f-15855e45e331,a719a87c-4e93-4387-a6d1-2631a487f7e0,Ajdovščina,1950
8d5e4aed-59fb-47c9-8559-5bf11b7ddca0,786a15d4-dd6b-42bb-a5c9-6ce994b5be9e,f33b721f-a8a3-4aad-96f2-077da09ebaa6,Razstavišče,393
2496479b-f855-403d-bce8-2a4d9988665d,21fba303-9465-42e6-8942-eaff85a2b40c,295616c0-387b-4f60-a337-7743cd6be04e,Bavarski dvor,2622
0e79ef8c-f692-4e29-a37e-4a81cbb3d410,0a4b6359-22f0-4caa-b4a8-f4edb97a0825,295616c0-387b-4f60-a337-7743cd6be04e,Bavarski dvor,805
1a3351a1-563e-4174-b402-54bc0e2f5191,b5400e28-b0c3-4a02-9da2-084c465bd1d3,c87db9be-1fba-4102-a743-0ee4317dd5af,Bavarski dvor,623
ad966374-a37d-443a-9a3e-ec85ca28231f,84578591-7543-4105-8465-9df30256360d,f2b27cbd-5207-4281-8f67-6369d0c50a9b,Kodrova,1668
10d57057-b305-4b7a-806b-3373014db962,4a95f1f8-a457-4dcf-bd1f-6307d4300ea0,c87db9be-1fba-4102-a743-0ee4317dd5af,Bavarski dvor,140
d2e3d9f5-0203-49a4-8ea1-455e2434a347,298fea2e-c58b-4d99-9350-2420c718d2cc,N/A,N/A,4525
4ac86a6a-874d-41a7-92a5-64ed733b7734,17f7d178-41b3-41f9-a545-cbfc22a0a5f1,8c7fa045-888b-46d0-8189-6f82623bf481,Poljanska,1699
26ec9924-5586-4fd5-8b20-63f2d0a38d44,58db973d-ecbb-4aa6-a56c-c26aaff7f263,f33b721f-a8a3-4aad-96f2-077da09ebaa6,Razstavišče,848
69bc9f1c-507f-463c-ba5a-04500b319967,befe0e87-b5fe-41ff-9a77-f65461eff28d,7fa32ea0-e884-435a-a81c-51bbd5cedf3e,Zaloška,393
4d216485-ef41-45e7-9182-0c254644955c,dadea785-0c6b-4054-9882-37227de3df4b,5d7f28a6-2a2a-4333-aa06-48edfb652f86,Pošta,288
a112e799-e1b6-4dd2-b652-bd521dda7638,c71e1e0c-780a-4d46-8b33-09aebbbcfcd8,295616c0-387b-4f60-a337-7743cd6be04e,Bavarski dvor,4261
ccd8a655-468b-4728-a26d-7981bbdd7dec,1b27d65a-1008-4bc9-928e-f6cb43b03804,fef200e9-4d98-425b-ab14-8110e2aa85d7,Drama,1116
d861c2ce-106a-4b95-a4fc-2af355c0bbf0,9afb36ea-c2ae-4bbb-9644-3a6c65bb1c7d,717dda7e-d793-4697-8f60-b64ee8b1edc4,Gosposvetska,3918
83a62071-0161-47a2-b745-eafb5e945632,cecad767-51e5-4683-bf56-e6e342f8d1e0,c87db9be-1fba-4102-a743-0ee4317dd5af,Bavarski dvor,1352
144ab380-6586-43ce-b216-2e66362b6eca,29096931-9d98-487f-bd0a-b0767611e561,769b7bc7-4f95-4bb2-9c99-37ba8e8b4bd5,D. MOST P+R,776
5930b5fe-26e2-4b69-bd1e-cdea021a0ab4,a12ab184-fb4b-449f-9884-88e0a1672e64,a719a87c-4e93-4387-a6d1-2631a487f7e0,Ajdovščina,512
d17294f3-5b6c-4313-9243-3f38557967cf,cee2862b-9b70-4880-8fa3-16c6d2efae1b,c87db9be-1fba-4102-a743-0ee4317dd5af,Bavarski dvor,1568
af820908-f71f-4c46-82c2-e7616f9c21fb,0d50a4a8-a88d-4468-b562-73e51937e1c5,9cfac7e2-9653-4e52-a6d3-27756d27f817,Kino Šiška,1366
a769d1e9-8727-4190-b56c-5cdd8a49333d,8fbf17ab-413b-442c-9c6a-0eb8873a4755,aa42017d-812a-4175-bc9b-0fec03b18931,Ambrožev trg,2733
8fc42c89-96e2-4c69-a2b4-44d505f27ce9,659ee31d-ae12-4498-8507-28579d322e32,N/A,N/A,4525
6739536d-b334-46c6-ae80-4890afac7985,363e4763-df83-4814-99d2-879d448d5910,a719a87c-4e93-4387-a6d1-2631a487f7e0,Ajdovščina,3359
56dbd8ff-6ec8-4186-b46c-f74ddb5a304a,52e5d1c1-28c9-4ed2-b0ec-5bf7311be753,295616c0-387b-4f60-a337-7743cd6be04e,Bavarski dvor,3070
4d216485-ef41-45e7-9182-0c254644955c,df63651e-45ab-4487-9429-9e604415b35c,295616c0-387b-4f60-a337-7743cd6be04e,Bavarski dvor,187
0e79ef8c-f692-4e29-a37e-4a81cbb3d410,dadea785-0c6b-4054-9882-37227de3df4b,b59656a4-b6e7-4b87-977c-078c59088a50,Hajdrihova,1499
912792ae-7f7e-4295-8064-38ea96a5dc4a,68c65382-15dc-465c-96b5-7f27af9d4a63,N/A,N/A,4525
5f6cb902-b824-4961-9ac2-75cf44a47055,454817d3-3750-49c7-994c-14d06fd2c634,295616c0-387b-4f60-a337-7743cd6be04e,Bavarski dvor,277
d72d58c2-b9a9-4dd5-b741-17e986d925c8,16d19639-a788-4df6-a168-6f8c3652ded7,f33b721f-a8a3-4aad-96f2-077da09ebaa6,Razstavišče,3668
c93954aa-7aad-4fca-9f7a-721d37f0474e,cd5497dc-20a4-40b3-9adf-b380de5d9f16,f33b721f-a8a3-4aad-96f2-077da09ebaa6,Razstavišče,2364
ed50f692-09f9-409e-b7d6-05ff7711de6b,9e90940e-cf99-4112-87ec-7cbb6331509a,c87db9be-1fba-4102-a743-0ee4317dd5af,Bavarski dvor,196
7d628170-e2eb-47fd-9d3e-658acf78d7d3,d7d791d9-02e0-4369-be0c-1546fc2044a4,N/A,N/A,4525
5a2def68-fa57-4002-a942-e39bc2a87688,f8da5156-e545-47ed-a811-2242f41f5593,a719a87c-4e93-4387-a6d1-2631a487f7e0,Ajdovščina,2988
aa844493-50b0-4b91-b331-f4297d2ae6a8,e66e813a-722d-40f8-9ee9-1470d07bc200,484b5c91-1220-43ba-af79-84e712fcc46b,Slovenija avto,325
2e6c059c-0305-47bb-9ca8-00a2123039e9,311a0b74-0787-484b-b414-8adf1cd4cf58,717dda7e-d793-4697-8f60-b64ee8b1edc4,Gosposvetska,233
c627c9f2-af02-4d83-969a-566719bb09e3,2628ca4f-8797-4672-aca9-47b325c58aac,N/A,N/A,4525
cdabf1ea-b04c-480a-8359-72c46e6864ab,7ad774b6-172a-401b-b186-358aa2d560a2,717dda7e-d793-4697-8f60-b64ee8b1edc4,Gosposvetska,51
a1406782-3114-407c-8e35-35bcf5a1234b,e0bcd677-6012-4c90-a884-44dffafdffec,f4cfd904-bd11-4247-95df-32c4555a930f,Klinični center,2364
c6dd10bd-c21f-4a0c-9c7d-99e488a173d4,45b36327-9a1a-4cd5-8261-53217326b22f,7fa32ea0-e884-435a-a81c-51bbd5cedf3e,Zaloška,472
c15a2be8-fc53-427d-9cc6-a50bb305f68d,9c3d9f7c-69df-4a48-8f1a-d25e7a922ac3,5d7f28a6-2a2a-4333-aa06-48edfb652f86,Pošta,283
f9d70942-e517-4560-8655-99481edd2b95,7558099b-08a3-43bc-8056-49bcc5900a03,f33b721f-a8a3-4aad-96f2-077da09ebaa6,Razstavišče,844
1a3351a1-563e-4174-b402-54bc0e2f5191,f5e84751-7377-402c-974c-53276e422e70,717dda7e-d793-4697-8f60-b64ee8b1edc4,Gosposvetska,183
78ef8af0-fd16-46b8-a5de-8d24b99638c8,b0d473cd-f35e-4a30-8d0d-70f16b92e8e8,c87db9be-1fba-4102-a743-0ee4317dd5af,Bavarski dvor,2111
65a6b01d-c9cf-4d4e-930c-5562156d7375,2265e4de-a537-4f97-882b-c94c24aabfb0,5d7f28a6-2a2a-4333-aa06-48edfb652f86,Pošta,3394
12cfc2b3-f8ff-444b-8d5f-15855e45e331,feb89b92-366d-4f50-a509-40c7baba8cf0,5d7f28a6-2a2a-4333-aa06-48edfb652f86,Pošta,595
b4766c35-4ab9-4af3-aa76-1b1f40735685,31e6db90-ba65-4c49-90c0-317fb92596b3,c22879e5-8e90-4540-9a74-5f139208e492,Friškovec,2078
b5e26d7f-8a91-4360-9811-2e8e05d27382,c5527a65-5265-43de-b703-7c7d494d190c,f2b27cbd-5207-4281-8f67-6369d0c50a9b,Kodrova,2508
f2fc2702-e9da-4c36-b6fc-9f52199e4574,6a0b25cc-428e-47b5-831a-e89facfa7f26,fef200e9-4d98-425b-ab14-8110e2aa85d7,Drama,1306
2e62f411-936d-4a10-96ed-2d8fe95d6d65,392949a1-1ada-4196-9073-6f392638ca49,5d7f28a6-2a2a-4333-aa06-48edfb652f86,Pošta,1012
154f3596-bbbb-4038-9ad7-c4b8b5288a02,4a95f1f8-a457-4dcf-bd1f-6307d4300ea0,295616c0-387b-4f60-a337-7743cd6be04e,Bavarski dvor,1113
0c5f69a6-97c7-4053-bc0b-3f09dbf72f46,ba59baf4-dd00-40a5-80e7-3eee6b9d8b09,a2ce7e6f-0f99-443a-a973-81a0b9c60261,Astra,4298
0df2ffa6-b1c8-44d0-900c-8b23b37794df,bf990a3a-96e9-42b7-9147-33e85bd24c05,b59656a4-b6e7-4b87-977c-078c59088a50,Hajdrihova,2518
55f1ae46-11e5-4270-991f-f09dae6c58bf,29589594-5959-4efb-8dda-7348e4e500a0,9cfac7e2-9653-4e52-a6d3-27756d27f817,Kino Šiška,1382
fcc58ff5-bf0b-44ce-b12b-75ecc493f24d,595ee2ab-3022-469d-a3e1-0c87d7dfb14d,abc9fd26-5442-468b-93b6-4d5eb76d0f1f,BTC-Emporium,334
7c166e7c-6fe0-44bd-b124-0013473f227a,e333d90d-3eef-4d82-9e00-ebe693e2f389,f2b27cbd-5207-4281-8f67-6369d0c50a9b,Kodrova,230
2c87f988-902b-4b35-91da-5437a58759f5,815a2c5e-19a1-41b0-bca4-69dca8912326,f4cfd904-bd11-4247-95df-32c4555a930f,Klinični center,1777
1308dcf9-a9e1-4e54-95c9-0f2afaac889b,815a2c5e-19a1-41b0-bca4-69dca8912326,77dcd833-fa4d-4c5a-93b1-31284942e61d,Šišenska,485
6c773433-c487-49c5-a783-32c0e276ed7b,db046e79-c658-433c-8812-157fd965a9f6,fef200e9-4d98-425b-ab14-8110e2aa85d7,Drama,2418
80c65758-5f25-4003-8d55-10ff96fe8310,c6eab761-36e0-4bf8-88ed-48e594ed375b,295616c0-387b-4f60-a337-7743cd6be04e,Bavarski dvor,1977
3d0466c6-82f4-4a8e-ac5f-18d4dab794ac,5bc3addd-b076-4c60-b850-39f90e674b75,5d7f28a6-2a2a-4333-aa06-48edfb652f86,Pošta,738
87415b6b-7e7f-4b82-b78f-ef1a7db85282,6182f8e8-c45e-4606-b4a4-d909bd44d2cc,5d7f28a6-2a2a-4333-aa06-48edfb652f86,Pošta,96
9b4a7d21-709f-4462-b602-c77d975df9e7,ee837fd9-7a5c-4f14-bbd7-a46f14eb07c5,8598b85d-3e1d-4767-b72f-0c209038841f,Štepanja vas,385
5f6cb902-b824-4961-9ac2-75cf44a47055,52c437c8-73ae-4db5-ac31-8e7cf5104826,N/A,N/A,4525
87415b6b-7e7f-4b82-b78f-ef1a7db85282,c969f066-aab5-466d-b4db-48e651a4a12e,c87db9be-1fba-4102-a743-0ee4317dd5af,Bavarski dvor,3192
e2499103-6634-4d8e-87a8-68dc5ef6340c,4ab506fa-0fcd-431b-ace7-19ffa5f0576a,484b5c91-1220-43ba-af79-84e712fcc46b,Slovenija avto,1598
f088dbda-3ab0-43c5-bcdf-c727725c05be,cf22c7c2-776f-4bd7-ae1a-dc4f25983c19,769b7bc7-4f95-4bb2-9c99-37ba8e8b4bd5,D. MOST P+R,347
a0e0a21b-b8ce-4d76-bbc2-04e179367fee,5d1e404b-1606-457e-8d2b-4e3e80139532,454817d3-3750-49c7-994c-14d06fd2c634,Žale,1122
07bad99d-070a-42f7-8766-d11d42152623,cdee8be6-e02c-4fb5-9752-be1bac08d90d,f33b721f-a8a3-4aad-96f2-077da09ebaa6,Razstavišče,2755
bfcba499-ce46-41b0-8268-966d74eccb20,52407970-4547-4323-a632-8db4ed0b040f,c87db9be-1fba-4102-a743-0ee4317dd5af,Bavarski dvor,1366
ed50f692-09f9-409e-b7d6-05ff7711de6b,36c4949b-403b-4a76-87e3-d67f51d655ef,eb165f50-9c43-4b09-9658-469a16d3dc83,Kodeljevo,658
70231f13-be88-4e3a-a89a-5b4f436984d2,30e58784-86f6-4d93-8630-3cc3fc93c6f3,c87db9be-1fba-4102-a743-0ee4317dd5af,Bavarski dvor,997
b59656a4-b6e7-4b87-977c-078c59088a50,e7789f42-0ad7-44d1-974b-42a3f4957291,295616c0-387b-4f60-a337-7743cd6be04e,Bavarski dvor,1248
404f8444-540d-4d82-a355-30a6a8bec797,86a75ffc-a78f-401f-8991-2eb0371417b2,295616c0-387b-4f60-a337-7743cd6be04e,Bavarski dvor,2377
f5d8583f-6e9d-4996-b803-74bf3cd0b602,1b0f629f-acdb-4e94-8c54-018f4334ebf7,8c7fa045-888b-46d0-8189-6f82623bf481,Poljanska,1255
41c8c7eb-62ef-45d8-b5b1-221dd3c0022c,86a75ffc-a78f-401f-8991-2eb0371417b2,f2b27cbd-5207-4281-8f67-6369d0c50a9b,Kodrova,3020
294c40c4-18e4-4d92-a947-911a8623de89,404f8444-540d-4d82-a355-30a6a8bec797,ecc4ae87-ae08-4b94-995c-452fdd94df7f,Privoz,1814
4f681273-89fe-44f9-aaec-76950722cc52,87415b6b-7e7f-4b82-b78f-ef1a7db85282,1ce1c3a8-e0f6-4f90-b1aa-1448759d8b3c,Astra,3187
2cde6efe-5f53-44aa-8018-76f0ea2c86f8,ccd8a655-468b-4728-a26d-7981bbdd7dec,N/A,N/A,4525
acd87210-4e04-49b4-884b-1fe11c453bf4,6a774daa-3547-4128-b304-aa2d17d4391a,N/A,N/A,4525
c71e1e0c-780a-4d46-8b33-09aebbbcfcd8,d9f26e1a-77fc-48b0-a024-93fd38eb88a4,a719a87c-4e93-4387-a6d1-2631a487f7e0,Ajdovščina,442
d5735919-60bb-4720-a695-9f5155a4f109,7554bb81-1144-4263-999d-f6e358d808fe,f33b721f-a8a3-4aad-96f2-077da09ebaa6,Razstavišče,1134
2f18bcfa-6189-4de4-b06f-132d3392e7d6,392949a1-1ada-4196-9073-6f392638ca49,a0e0a21b-b8ce-4d76-bbc2-04e179367fee,Šola Jarše,916
2323bf9e-1a47-4409-b9c8-398a035c8d12,1b3ddeca-a066-43ee-9ae5-8339628129c2,5d7f28a6-2a2a-4333-aa06-48edfb652f86,Pošta,39
e7789f42-0ad7-44d1-974b-42a3f4957291,1b3d51e8-8b5e-4b31-a63e-9d665243c2f1,b59656a4-b6e7-4b87-977c-078c59088a50,Hajdrihova,1553
66012072-6b6b-4775-8001-0887d18e09a3,795c157e-21e0-4115-85aa-93c227e3420f,295616c0-387b-4f60-a337-7743cd6be04e,Bavarski dvor,1753
97627b9b-fa2e-461a-97ea-a15df7599598,219086ca-bdcb-4092-bd82-3d372b9b73ce,923bd774-0651-4e0a-8624-3acfb7ecd5ff,Gornje Poljane,609
95eee7e8-237d-4410-a9bf-00c6f88129c1,fd0e405e-d5e5-45fc-8911-e48a178ad4a9,f33b721f-a8a3-4aad-96f2-077da09ebaa6,Razstavišče,260
a12ab184-fb4b-449f-9884-88e0a1672e64,5764ff17-c787-4918-b7bd-a2ed9c6d7dd1,a0b1fb90-3f6a-4231-910a-18be192ac762,Flajšmanova,1775
3f0c15b3-99bd-4c12-8f7a-df06c9536526,219086ca-bdcb-4092-bd82-3d372b9b73ce,N/A,N/A,4525
efecc3aa-ae68-4374-bc24-334280abcf3f,6a74977a-a26d-42b4-a60b-8dabc726e57d,c87db9be-1fba-4102-a743-0ee4317dd5af,Bavarski dvor,262
fc3967fb-5520-4fff-a819-f625242182e5,da623aed-094d-4c3c-9766-9f0aba0f40f6,717dda7e-d793-4697-8f60-b64ee8b1edc4,Gosposvetska,402
1e157c31-d34d-4c2e-91b4-8c000c88f6dd,d5102041-8282-4c77-a593-edac0d0d4a34,295616c0-387b-4f60-a337-7743cd6be04e,Bavarski dvor,2109
e3b51371-e289-45ef-83ca-1f4ffff25162,f9d70942-e517-4560-8655-99481edd2b95,fef200e9-4d98-425b-ab14-8110e2aa85d7,Drama,2521
0eca6015-5429-4289-a76c-4ec9ef707e67,2fafda56-e44d-4e08-8503-90e6bf75e19d,7fa32ea0-e884-435a-a81c-51bbd5cedf3e,Zaloška,729
e786b2df-34ed-4246-832e-7c3d538ac1f4,d5d15a80-243b-49d7-a616-b3c3fb39e8af,295616c0-387b-4f60-a337-7743cd6be04e,Bavarski dvor,92
e333d90d-3eef-4d82-9e00-ebe693e2f389,9afb36ea-c2ae-4bbb-9644-3a6c65bb1c7d,ecc4ae87-ae08-4b94-995c-452fdd94df7f,Privoz,813
9a938b49-ce1d-4e1c-a789-e316630ebc4f,9c2e9262-7afe-44d3-8aaf-80afd45f9118,4e8ccfa1-b58c-4ee1-ad82-2e8a645071f3,Sostro - 2,4108
219086ca-bdcb-4092-bd82-3d372b9b73ce,b91edda3-a147-4599-bebf-85e145de085b,f2b27cbd-5207-4281-8f67-6369d0c50a9b,Kodrova,713
7fcb0952-c77f-44b5-adf3-0aa2a2b8550a,390d166c-b2fe-486c-bba5-38cd1ff64f48,295616c0-387b-4f60-a337-7743cd6be04e,Bavarski dvor,312
1eadcdb9-60cd-47c9-8eec-527c3465a685,a6b87518-2a7f-4505-898f-245ebe23c909,5de84f88-3f32-4636-8c30-03cc267ecf37,Podvozna pot,1971
12cfc2b3-f8ff-444b-8d5f-15855e45e331,45bff76d-bb00-455b-aa12-7ea49ad9a4f0,717dda7e-d793-4697-8f60-b64ee8b1edc4,Gosposvetska,1346
cce39cbe-6961-433a-a787-64fbf602f470,9583dbdd-06fd-411e-88dd-af8f89e2caaa,fb0042f8-d9e2-4916-b60a-38a026acf0c9,Leskoškova,1683
d119c3e9-7f2c-4d40-97a4-ccc6b4bb2951,27788b38-4743-4e04-9b9c-94faeeeb2d34,a719a87c-4e93-4387-a6d1-2631a487f7e0,Ajdovščina,654
eb669f04-cfb6-4ea4-90c9-26eb551ecb45,caac4c1a-13e4-4afa-b467-65d90a8fbd44,ef31a8be-b01d-44cd-95cf-3db8e918af26,Emona,1974
9276fcfb-0f7e-4df3-b827-325600851526,aa31554f-8623-42db-aedd-ad9a8f562e4c,717dda7e-d793-4697-8f60-b64ee8b1edc4,Gosposvetska,167
98fa3880-5936-4ec8-ba04-39c7ff9a0e6a,9c57d59a-53f8-4a16-b279-2ab1745ea230,769b7bc7-4f95-4bb2-9c99-37ba8e8b4bd5,D. MOST P+R,1990
548dbdee-83b0-497b-acc1-e15b34899d42,557f714a-6f4a-4c98-8c5a-d74fa34b2adb,c87db9be-1fba-4102-a743-0ee4317dd5af,Bavarski dvor,390
7b41ca8e-2e41-4572-aa5c-1d80375e8835,10d57057-b305-4b7a-806b-3373014db962,c87db9be-1fba-4102-a743-0ee4317dd5af,Bavarski dvor,201
538ab00b-ee39-44e8-b5a4-62c2c6215bf6,ff8f71b7-06fe-47fe-8238-9af5ee1b1dfd,f4cfd904-bd11-4247-95df-32c4555a930f,Klinični center,1201
ee03ecf6-db6d-4ecc-90cd-5b3afc8afb91,845b482b-dba1-4313-a476-e772691689cf,5d7f28a6-2a2a-4333-aa06-48edfb652f86,Pošta,325
37fc313d-1f45-49c9-9059-4f96f44a6682,baab981f-b707-4b2e-8291-6175f7ceb255,5d7f28a6-2a2a-4333-aa06-48edfb652f86,Pošta,468
659ee31d-ae12-4498-8507-28579d322e32,94c6598b-7303-42e1-94d5-156d7a25f630,fef200e9-4d98-425b-ab14-8110e2aa85d7,Drama,719
c326e479-ccc3-4915-8788-3fa189d0143e,b5273abc-dfeb-49a2-9607-249bf6415e4b,c87db9be-1fba-4102-a743-0ee4317dd5af,Bavarski dvor,398
b47eac47-d897-4ba7-ab06-8e642cc8efe8,ba681dbc-ea72-4685-ad98-c5ed496510e6,295616c0-387b-4f60-a337-7743cd6be04e,Bavarski dvor,4341
1c0c01ee-6258-4328-9d01-489eb421a8d9,0eca6015-5429-4289-a76c-4ec9ef707e67,717dda7e-d793-4697-8f60-b64ee8b1edc4,Gosposvetska,74
4b847ac2-4c41-4fc1-a497-9ce4deaab8b1,5764ff17-c787-4918-b7bd-a2ed9c6d7dd1,fef200e9-4d98-425b-ab14-8110e2aa85d7,Drama,1968
a9796806-8cd3-4b76-bf8c-4340aec35c9e,6a89c110-a0f8-4b1a-87f0-33f49c0a658e,c87db9be-1fba-4102-a743-0ee4317dd5af,Bavarski dvor,1600
c3188d8e-c2d3-40e5-acc2-14bef70a5ff4,c93954aa-7aad-4fca-9f7a-721d37f0474e,c87db9be-1fba-4102-a743-0ee4317dd5af,Bavarski dvor,183
548dbdee-83b0-497b-acc1-e15b34899d42,022ef61f-a226-42e8-b11d-30cf9f9a6688,fef200e9-4d98-425b-ab14-8110e2aa85d7,Drama,902
43e01b7e-be2c-4282-be1b-9f628ca67327,f088dbda-3ab0-43c5-bcdf-c727725c05be,295616c0-387b-4f60-a337-7743cd6be04e,Bavarski dvor,1137
13ceaf6c-9650-45c3-b449-64a0e5094d18,d5735919-60bb-4720-a695-9f5155a4f109,295616c0-387b-4f60-a337-7743cd6be04e,Bavarski dvor,817
406d6bb7-147c-4853-a917-e5c437b025e6,3866c761-7fa4-4a4a-b913-75569da498d9,a719a87c-4e93-4387-a6d1-2631a487f7e0,Ajdovščina,104
ef005e77-f3b8-4171-b681-1294d0e4732b,41489be9-b3b7-4cbe-90f8-af1a435b2676,f33b721f-a8a3-4aad-96f2-077da09ebaa6,Razstavišče,532
4ed69cbb-d738-450c-be11-7d96cd50ee50,91745353-dd19-49ee-beaf-332e546dcceb,a719a87c-4e93-4387-a6d1-2631a487f7e0,Ajdovščina,1839
61f19c68-2d5e-4d76-bdd4-28709a347b5b,9746f277-af08-4cce-92fa-41da5eca8ac2,a719a87c-4e93-4387-a6d1-2631a487f7e0,Ajdovščina,899
0df2ffa6-b1c8-44d0-900c-8b23b37794df,53806659-b339-4e68-af4a-4325c16b6026,98fa3880-5936-4ec8-ba04-39c7ff9a0e6a,Stara cerkev,131
a6b87518-2a7f-4505-898f-245ebe23c909,37fc313d-1f45-49c9-9059-4f96f44a6682,295616c0-387b-4f60-a337-7743cd6be04e,Bavarski dvor,1657
8375ab17-e389-42b2-9b88-0210a049e321,87785aa3-128e-4f15-82b0-d8c3cfa6076f,c297ac70-8f43-4fbc-a8a4-366ddb883a8d,Bonifacija,137
cdee8be6-e02c-4fb5-9752-be1bac08d90d,363e4763-df83-4814-99d2-879d448d5910,6c56976b-4ae1-429f-bcab-0cfc37e3580d,Zgornji log,2913
60ccc570-3714-410b-aa31-43d3a4c593c8,8b5f91a6-23b7-4786-96f9-a80c6d668e18,N/A,N/A,4525
07bad99d-070a-42f7-8766-d11d42152623,59faa0f0-34b1-47cd-ba3a-3b6f0d684c00,b59656a4-b6e7-4b87-977c-078c59088a50,Hajdrihova,546
6932c2e0-ff32-4170-b519-fba88e29c147,666bd186-7a9a-4e20-a466-e7b1918dda9b,295616c0-387b-4f60-a337-7743cd6be04e,Bavarski dvor,2893
1d7af067-e43b-4a98-953c-75f1b267d9ce,379bc761-04b5-4227-be76-3b870fe3e69f,769b7bc7-4f95-4bb2-9c99-37ba8e8b4bd5,D. MOST P+R,816
6a89c110-a0f8-4b1a-87f0-33f49c0a658e,3d9e90f6-2b67-4f24-9cc4-7c2063a08410,f33b721f-a8a3-4aad-96f2-077da09ebaa6,Razstavišče,1491
ba2b16a8-1273-45d2-8758-47b9694df9a6,3d0466c6-82f4-4a8e-ac5f-18d4dab794ac,f33b721f-a8a3-4aad-96f2-077da09ebaa6,Razstavišče,1128
ef005e77-f3b8-4171-b681-1294d0e4732b,59d96e2c-3ee3-4581-840a-3ddaf0003743,b59656a4-b6e7-4b87-977c-078c59088a50,Hajdrihova,988
dac8d2a7-89e4-4aec-948d-00db4833ce7c,16ae0a39-ff9a-4aee-88b5-34502255fab4,295616c0-387b-4f60-a337-7743cd6be04e,Bavarski dvor,2212
9e90940e-cf99-4112-87ec-7cbb6331509a,7c390857-8fc7-49b5-9c9d-e5535d360148,N/A,N/A,4525
a2b5023d-5ce8-420f-ad2a-b61c7a1902a8,34f3ddda-e732-4b53-bfb2-8773b5cd6eac,fef200e9-4d98-425b-ab14-8110e2aa85d7,Drama,648
d17294f3-5b6c-4313-9243-3f38557967cf,e6f5183b-c615-4f47-b4fb-204ee070e825,484b5c91-1220-43ba-af79-84e712fcc46b,Slovenija avto,1740
36c4949b-403b-4a76-87e3-d67f51d655ef,4ed69cbb-d738-450c-be11-7d96cd50ee50,7eb88e01-82e9-4af4-84d0-69c6ea9dc82c,Kolodvor,3640
3fbf6322-fb74-4a50-a81a-bfca73abc26b,3f0c15b3-99bd-4c12-8f7a-df06c9536526,484b5c91-1220-43ba-af79-84e712fcc46b,Slovenija avto,1214
e74131c6-ac2f-477b-9693-10bb5ab9f24b,41489be9-b3b7-4cbe-90f8-af1a435b2676,N/A,N/A,4525
c627c9f2-af02-4d83-969a-566719bb09e3,5a89967e-5654-49f6-84ca-59f7f9035444,769b7bc7-4f95-4bb2-9c99-37ba8e8b4bd5,D. MOST P+R,507
6d2a7c2e-5938-433e-a691-b9bc28767675,fa96d420-d1af-4ad0-bf6a-4544deb1c5eb,295616c0-387b-4f60-a337-7743cd6be04e,Bavarski dvor,727
f5e84751-7377-402c-974c-53276e422e70,c31b32c6-1ec2-48e9-9929-356fd0253540,c87db9be-1fba-4102-a743-0ee4317dd5af,Bavarski dvor,2898
4d57f6bd-7ba7-4f07-8aa1-ecac0b09e8db,108e7dc8-ca5d-4c91-9414-32a32a31b69a,N/A,N/A,4525
1e2641bc-b0b2-448e-8ad2-e52891fa4c5f,eead721b-8996-4e73-a2f9-02dba20df4fa,N/A,N/A,4525
dd57f39b-be0f-479e-bc35-5bd2edf98ff2,ea80411c-360d-4a33-861c-6533a1d67eef,f33b721f-a8a3-4aad-96f2-077da09ebaa6,Razstavišče,1117
7554bb81-1144-4263-999d-f6e358d808fe,7554bb81-1144-4263-999d-f6e358d808fe,271db19a-744b-41a0-869d-0c3e0e2cb6bf,Besnica,1
be5fb719-eda2-4831-90c6-249248ea22dd,ee7e3c65-72e8-465e-a9a3-a9370ec1f314,769b7bc7-4f95-4bb2-9c99-37ba8e8b4bd5,D. MOST P+R,74
6559d555-672b-4633-8a81-0ae68fb963eb,3d9e90f6-2b67-4f24-9cc4-7c2063a08410,fef200e9-4d98-425b-ab14-8110e2aa85d7,Drama,1125
124ec397-421b-4737-bf71-09c9b1665a10,87415b6b-7e7f-4b82-b78f-ef1a7db85282,fef200e9-4d98-425b-ab14-8110e2aa85d7,Drama,1067
e74131c6-ac2f-477b-9693-10bb5ab9f24b,294c40c4-18e4-4d92-a947-911a8623de89,N/A,N/A,4525
258aeffc-294a-4919-bfb0-34f90dc19892,81f21fc1-3bd2-4d2a-b563-2d063479c68e,N/A,N/A,4525
c93954aa-7aad-4fca-9f7a-721d37f0474e,cd5497dc-20a4-40b3-9adf-b380de5d9f16,7fa32ea0-e884-435a-a81c-51bbd5cedf3e,Zaloška,794
163da3ae-0ab9-480e-b72d-16357e0a9061,12304b99-9a07-485a-a101-eaca90495d48,c87db9be-1fba-4102-a743-0ee4317dd5af,Bavarski dvor,118
6a89c110-a0f8-4b1a-87f0-33f49c0a658e,a769d1e9-8727-4190-b56c-5cdd8a49333d,c87db9be-1fba-4102-a743-0ee4317dd5af,Bavarski dvor,482
dc7b6fb3-15db-4c7e-9fa1-424943178ce6,e8b0d4a2-f65e-4aed-97b8-77ab0d07955a,a719a87c-4e93-4387-a6d1-2631a487f7e0,Ajdovščina,1308
5c15a390-36b6-47a9-9d84-0c7160157c1d,22c11486-1afa-491f-b9ab-162d88c8c44d,fb0042f8-d9e2-4916-b60a-38a026acf0c9,Leskoškova,570
c124f317-217b-4b89-9597-393843de4f81,36d25599-0bed-48a0-bcb4-134be8a959fe,8598b85d-3e1d-4767-b72f-0c209038841f,Štepanja vas,1277
efecc3aa-ae68-4374-bc24-334280abcf3f,eb11d52f-300b-4648-a2e8-ed03db9ff7e2,N/A,N/A,4525
ac3afe7d-a2b3-4d5d-9e6a-1d2412a3bc70,15af3c66-ad74-4f41-92f7-92e2ff72a51d,fef200e9-4d98-425b-ab14-8110e2aa85d7,Drama,2156
ee095f27-439e-42e7-9e5c-e77b0903c31f,eb11d52f-300b-4648-a2e8-ed03db9ff7e2,N/A,N/A,4525
0b6c7b97-410c-48fa-be23-430c316f9b10,1df1835b-cfd3-40e7-9466-9c9d43642bed,295616c0-387b-4f60-a337-7743cd6be04e,Bavarski dvor,166
4682c5fd-08cb-4af1-a3e2-6f1ee880a52d,0df2ffa6-b1c8-44d0-900c-8b23b37794df,1ce1c3a8-e0f6-4f90-b1aa-1448759d8b3c,Astra,2822
1b27d65a-1008-4bc9-928e-f6cb43b03804,fbd1dfb0-4a6f-4160-ad52-5ccb69530195,5d7f28a6-2a2a-4333-aa06-48edfb652f86,Pošta,193
bd6d732b-65aa-4b59-be82-6ce1301e70d5,b698a890-05b8-40f6-a3a6-4f4c0a820f97,N/A,N/A,4525
a4545f57-dab0-4ca0-9da3-5bc96d80f104,f66a1f18-4c18-4317-b929-fb616cc7cebc,4e8ccfa1-b58c-4ee1-ad82-2e8a645071f3,Sostro - 2,7
0c5f69a6-97c7-4053-bc0b-3f09dbf72f46,8f623f1d-48a7-46b5-9331-28a8dc980876,c22879e5-8e90-4540-9a74-5f139208e492,Friškovec,43
15eaf9b9-db6d-4586-9ad2-5bfa99719bfd,592b37eb-8255-4758-ae8a-7cef98521013,b59656a4-b6e7-4b87-977c-078c59088a50,Hajdrihova,1448
d9df365b-7e54-4d22-b2e9-3b548d48ad59,87415b6b-7e7f-4b82-b78f-ef1a7db85282,c87db9be-1fba-4102-a743-0ee4317dd5af,Bavarski dvor,758
91fb6c6e-49cf-49d3-97d4-6ae228f9bfa1,02e96186-e90a-4171-8869-082486f7da1d,N/A,N/A,4525
f2bac6f5-5bbc-4f15-acdd-014d86770ce9,07bad99d-070a-42f7-8766-d11d42152623,c87db9be-1fba-4102-a743-0ee4317dd5af,Bavarski dvor,473
cab36767-e95a-4f60-978e-92490f2517b2,41489be9-b3b7-4cbe-90f8-af1a435b2676,769b7bc7-4f95-4bb2-9c99-37ba8e8b4bd5,D. MOST P+R,187
66943a7c-28b4-40a6-a996-21aa0b968435,d17294f3-5b6c-4313-9243-3f38557967cf,b59656a4-b6e7-4b87-977c-078c59088a50,Hajdrihova,269
f174a648-9e84-492d-9ccd-0756b49c773b,1f207e67-adf9-4da6-b107-3b58051d9990,e6f5183b-c615-4f47-b4fb-204ee070e825,Bežigrad,1225
f2bac6f5-5bbc-4f15-acdd-014d86770ce9,bd6d732b-65aa-4b59-be82-6ce1301e70d5,a719a87c-4e93-4387-a6d1-2631a487f7e0,Ajdovščina,2668
53806659-b339-4e68-af4a-4325c16b6026,d5d15a80-243b-49d7-a616-b3c3fb39e8af,295616c0-387b-4f60-a337-7743cd6be04e,Bavarski dvor,889
7f510cd8-4742-4dcf-95c0-16cde39c2e26,567980fa-7783-411d-9c67-55b44d753880,295616c0-387b-4f60-a337-7743cd6be04e,Bavarski dvor,219
f073b9d9-a3e3-4d04-a209-0db55377b79e,0be53afd-2427-49b2-b70c-2ee3d89e9762,fef200e9-4d98-425b-ab14-8110e2aa85d7,Drama,172
44e58cea-6c90-467f-baf2-22ac161daafb,db13a26e-19d4-4b8a-a78a-01ef25d58834,77dcd833-fa4d-4c5a-93b1-31284942e61d,Šišenska,829
28248670-5e08-4de2-8eab-e63933c0d61d,3fbf6322-fb74-4a50-a81a-bfca73abc26b,7fa32ea0-e884-435a-a81c-51bbd5cedf3e,Zaloška,3208
ee7e3c65-72e8-465e-a9a3-a9370ec1f314,9c2e9262-7afe-44d3-8aaf-80afd45f9118,N/A,N/A,4525
7ea32e84-b8d9-498b-9f03-5a66990012b9,c8f784f8-ce92-4773-8d90-c6bed3513ce0,N/A,N/A,4525
55f1ae46-11e5-4270-991f-f09dae6c58bf,9cb18d2e-9bf3-436a-ab3a-7c52c5de1300,a0b1fb90-3f6a-4231-910a-18be192ac762,Flajšmanova,2812
d9224caa-d582-4152-88e0-be720677fe16,7ea32e84-b8d9-498b-9f03-5a66990012b9,295616c0-387b-4f60-a337-7743cd6be04e,Bavarski dvor,3613
76f20fbf-afc4-4c7d-b51c-14f0878b38d8,e786b2df-34ed-4246-832e-7c3d538ac1f4,295616c0-387b-4f60-a337-7743cd6be04e,Bavarski dvor,350
192b7b6a-b138-4569-a4f3-86bef6b20810,02c61e3f-2d2e-4b42-b695-bbd3cc672f6b,f2b27cbd-5207-4281-8f67-6369d0c50a9b,Kodrova,6
0e79ef8c-f692-4e29-a37e-4a81cbb3d410,cecad767-51e5-4683-bf56-e6e342f8d1e0,484b5c91-1220-43ba-af79-84e712fcc46b,Slovenija avto,715
15bb8af1-183e-4ec8-81f7-1fc6e81beb30,53806659-b339-4e68-af4a-4325c16b6026,a0b1fb90-3f6a-4231-910a-18be192ac762,Flajšmanova,267
71480129-1108-4659-bb1b-d62897a81d02,b4b7f450-4397-42d2-9d1e-39f786eecc2e,484b5c91-1220-43ba-af79-84e712fcc46b,Slovenija avto,1390
eee4abae-e720-4776-b6c7-0099d0119246,0fb83496-463c-4123-97c6-669efe614d26,f4cfd904-bd11-4247-95df-32c4555a930f,Klinični center,442
d7d791d9-02e0-4369-be0c-1546fc2044a4,521edd75-c364-480a-af9e-a1c9815b6dd7,fef200e9-4d98-425b-ab14-8110e2aa85d7,Drama,254
b2dd1684-0848-40f7-b10e-8f74bb005f2f,7e780e7f-3665-4ec7-a910-eaf6e9d82551,N/A,N/A,4525
97627b9b-fa2e-461a-97ea-a15df7599598,ab0d4ded-a428-4133-a6c8-0f2caac0a5ae,7fad8003-fb10-489d-bf8d-6d433310ad90,Nove Jarše,1029
2c87f988-902b-4b35-91da-5437a58759f5,0dc86a8f-0f41-44c7-978c-e06cb63cbbcf,c5ec5e81-2ce4-452d-bd7a-595de4f8b34f,Prušnikova,1418
bfcba499-ce46-41b0-8268-966d74eccb20,ef3024a8-1d7f-4cf5-ad3b-74528eaa9c51,c87db9be-1fba-4102-a743-0ee4317dd5af,Bavarski dvor,1166
a1406782-3114-407c-8e35-35bcf5a1234b,1ceecd12-b005-4828-ad39-8f2aeb1ca228,717dda7e-d793-4697-8f60-b64ee8b1edc4,Gosposvetska,1774
4ac86a6a-874d-41a7-92a5-64ed733b7734,25cde952-4896-4977-b229-75e09b3e3661,c87db9be-1fba-4102-a743-0ee4317dd5af,Bavarski dvor,405
1f207e67-adf9-4da6-b107-3b58051d9990,b7b7ac00-59bb-41eb-833d-ad309d24e68a,a719a87c-4e93-4387-a6d1-2631a487f7e0,Ajdovščina,2556
76ec8af8-07c2-4d44-b0d8-a439d381913f,3f996624-8134-4eec-9742-70111db659c1,8c7fa045-888b-46d0-8189-6f82623bf481,Poljanska,1700
c568fe2e-477f-4af2-ad68-cb8111f361d0,d5735919-60bb-4720-a695-9f5155a4f109,c87db9be-1fba-4102-a743-0ee4317dd5af,Bavarski dvor,3445
ba6f47bf-d346-4ccb-8669-13b974d863a6,f07c916c-6fc6-4acf-a334-0ab0d3c4f57f,a719a87c-4e93-4387-a6d1-2631a487f7e0,Ajdovščina,623
e3321752-4498-4da3-801c-d54920b22eba,62d0c5a7-1692-43ef-b6e2-31f514362629,717dda7e-d793-4697-8f60-b64ee8b1edc4,Gosposvetska,122
53806659-b339-4e68-af4a-4325c16b6026,d2ff7ae5-59fc-4894-aa50-a7f16b5e3534,c22879e5-8e90-4540-9a74-5f139208e492,Friškovec,501
476b2caa-710a-47fe-9743-4d75d7ada5fb,fb0042f8-d9e2-4916-b60a-38a026acf0c9,5d7f28a6-2a2a-4333-aa06-48edfb652f86,Pošta,189
ef005e77-f3b8-4171-b681-1294d0e4732b,093afa81-b65f-4182-bac3-afbc00558a9b,a719a87c-4e93-4387-a6d1-2631a487f7e0,Ajdovščina,1055
32ff2d5b-61ae-415b-941b-aeb1be1b5052,66eec6a2-dfde-4d98-b690-e47f200367fd,a719a87c-4e93-4387-a6d1-2631a487f7e0,Ajdovščina,84
a1406782-3114-407c-8e35-35bcf5a1234b,e57aad1d-457e-401f-b26d-306b4fd836eb,295616c0-387b-4f60-a337-7743cd6be04e,Bavarski dvor,462
ccccee29-6fc7-4a86-b492-7f36a8e817db,34ead609-4331-48ab-8e82-52dd70da9832,N/A,N/A,4525
557f714a-6f4a-4c98-8c5a-d74fa34b2adb,9b9d2948-7538-409c-9bfc-42c0b74c41a8,a719a87c-4e93-4387-a6d1-2631a487f7e0,Ajdovščina,191
6edebb46-d04f-45c4-99a4-100f7f0b2660,bd001f58-6e58-49e9-877f-1fa36964fbc2,295616c0-387b-4f60-a337-7743cd6be04e,Bavarski dvor,250
fef200e9-4d98-425b-ab14-8110e2aa85d7,1632ee87-59dd-4367-bf10-9d13aa688e82,717dda7e-d793-4697-8f60-b64ee8b1edc4,Gosposvetska,3699
feb89b92-366d-4f50-a509-40c7baba8cf0,318d4398-e152-498b-b4ff-1344c67adba6,21764d19-62cc-49fd-bac9-403aeac6a6b9,Ježica,661
3d0466c6-82f4-4a8e-ac5f-18d4dab794ac,c326e479-ccc3-4915-8788-3fa189d0143e,717dda7e-d793-4697-8f60-b64ee8b1edc4,Gosposvetska,51
6459bd02-d8f8-413e-9402-10b916f09a4f,32abc648-685c-47b0-bbc4-203371ec2699,7fad8003-fb10-489d-bf8d-6d433310ad90,Nove Jarše,1216
51e04e1d-9ea1-432d-8b79-09e6c2a7be7b,258aeffc-294a-4919-bfb0-34f90dc19892,48b163cd-b819-4849-aee1-8b1da77657ab,Šentvid,886
1b3ddeca-a066-43ee-9ae5-8339628129c2,7c390857-8fc7-49b5-9c9d-e5535d360148,N/A,N/A,4525
717dda7e-d793-4697-8f60-b64ee8b1edc4,e786b2df-34ed-4246-832e-7c3d538ac1f4,6459bd02-d8f8-413e-9402-10b916f09a4f,7. septembra,102
08071ba1-570f-487b-9a36-01a046fb2788,24ab9d18-4fb9-4e7e-b48c-d5cdc9cd1305,fef200e9-4d98-425b-ab14-8110e2aa85d7,Drama,66
d83ec579-9ab5-4e30-bedd-86613c234abd,100da88e-4c5f-4188-bd11-d4f3fc80fb74,fef200e9-4d98-425b-ab14-8110e2aa85d7,Drama,2941
0c3a77a7-d9eb-45c7-b722-1fafde29129c,81b6f6ad-6dd6-4e3f-a0bd-754a65a3e57b,769b7bc7-4f95-4bb2-9c99-37ba8e8b4bd5,D. MOST P+R,598
7276f267-9837-4c56-aad3-f8cd555060da,1d7af067-e43b-4a98-953c-75f1b267d9ce,f33b721f-a8a3-4aad-96f2-077da09ebaa6,Razstavišče,133
c297ac70-8f43-4fbc-a8a4-366ddb883a8d,1eadcdb9-60cd-47c9-8eec-527c3465a685,38b3abed-0592-407b-96c3-85a026f2e192,Dalmatinova,87
d9df1ba3-6820-4fcb-b561-9cb7a60dd463,b9edd39a-4f64-4553-869e-bb77e617b9b8,38b3abed-0592-407b-96c3-85a026f2e192,Dalmatinova,4069
9b0074d2-2c92-4c01-830b-00be8e05b412,a7094427-e180-4deb-acaf-5d4488326e9e,f33b721f-a8a3-4aad-96f2-077da09ebaa6,Razstavišče,314
e9035f9a-28be-450a-a30c-7178134ff26b,77c4dfcc-1122-4896-9983-8a5bd11320de,c87db9be-1fba-4102-a743-0ee4317dd5af,Bavarski dvor,2454
df973089-967d-4446-916c-260e9e8fec83,9583dbdd-06fd-411e-88dd-af8f89e2caaa,c87db9be-1fba-4102-a743-0ee4317dd5af,Bavarski dvor,1553
ff1f708c-989e-4cc5-8e75-02717b5f9744,d5d15a80-243b-49d7-a616-b3c3fb39e8af,fef200e9-4d98-425b-ab14-8110e2aa85d7,Drama,62
023d7b7a-b411-4e61-8746-b07f9e5c8f90,5f6cb902-b824-4961-9ac2-75cf44a47055,fef200e9-4d98-425b-ab14-8110e2aa85d7,Drama,2119
dc7b6fb3-15db-4c7e-9fa1-424943178ce6,8fc42c89-96e2-4c69-a2b4-44d505f27ce9,c87db9be-1fba-4102-a743-0ee4317dd5af,Bavarski dvor,843
65a6b01d-c9cf-4d4e-930c-5562156d7375,1b27d65a-1008-4bc9-928e-f6cb43b03804,6a89c110-a0f8-4b1a-87f0-33f49c0a658e,Šola Jarše,2281
53c3c8c9-2e64-4a8f-9afb-031b24c17d5a,aa42017d-812a-4175-bc9b-0fec03b18931,a719a87c-4e93-4387-a6d1-2631a487f7e0,Ajdovščina,1131
c6dd10bd-c21f-4a0c-9c7d-99e488a173d4,cf6f67f5-f7df-4462-828b-481134217fad,aa42017d-812a-4175-bc9b-0fec03b18931,Ambrožev trg,2176
c1606675-dd38-4952-914b-6ca64fd56b7b,08506f21-8675-4972-a359-ba9412a1da49,a719a87c-4e93-4387-a6d1-2631a487f7e0,Ajdovščina,1816
7a52a73a-cc0e-4c61-b9bc-306157727e1c,2265e4de-a537-4f97-882b-c94c24aabfb0,5d7f28a6-2a2a-4333-aa06-48edfb652f86,Pošta,1741
21a5f1e3-8ac0-4023-95ca-0a3ff54099aa,7ba233b7-a50a-497d-8135-dd8dabf93ff5,9b0074d2-2c92-4c01-830b-00be8e05b412,Cukrarna,816
12cfc2b3-f8ff-444b-8d5f-15855e45e331,ef4a63e8-d956-4f09-80bd-8e4699418652,N/A,N/A,4525
4062cd22-b67a-4235-9980-0178b7add592,a769d1e9-8727-4190-b56c-5cdd8a49333d,1ce1c3a8-e0f6-4f90-b1aa-1448759d8b3c,Astra,365
fc3967fb-5520-4fff-a819-f625242182e5,e786b2df-34ed-4246-832e-7c3d538ac1f4,fef200e9-4d98-425b-ab14-8110e2aa85d7,Drama,2253
aa3ce006-1975-496a-abc6-a98ec5e87652,fcec9e7a-1c9e-4214-96dd-d071550349e6,c87db9be-1fba-4102-a743-0ee4317dd5af,Bavarski dvor,3912
51dbf10f-cf3b-4575-a8cc-d1080c1f9dde,bdd68b01-e9a1-4270-be50-8b5c7bd39a1c,98fa3880-5936-4ec8-ba04-39c7ff9a0e6a,Stara cerkev,1206
cdee8be6-e02c-4fb5-9752-be1bac08d90d,58cd6196-8ac4-4803-be8b-1c0d2fb52528,f2b27cbd-5207-4281-8f67-6369d0c50a9b,Kodrova,9
43e01b7e-be2c-4282-be1b-9f628ca67327,69f98a9c-d52d-423a-b44e-89b6320a7a88,6182f8e8-c45e-4606-b4a4-d909bd44d2cc,Gornji trg,357
912792ae-7f7e-4295-8064-38ea96a5dc4a,c93954aa-7aad-4fca-9f7a-721d37f0474e,N/A,N/A,4525
d5d15a80-243b-49d7-a616-b3c3fb39e8af,807c11ba-4b3a-4e2b-82b5-abf5864fa4bc,295616c0-387b-4f60-a337-7743cd6be04e,Bavarski dvor,2126
a9473958-e505-4c16-8498-486b06a47856,666bd186-7a9a-4e20-a466-e7b1918dda9b,fef200e9-4d98-425b-ab14-8110e2aa85d7,Drama,2058
397418bc-78a7-45c9-b5cf-374fe21cee11,98a94a2a-894f-4ff0-9967-1dd986bf0cfd,5de84f88-3f32-4636-8c30-03cc267ecf37,Podvozna pot,1947
278a9d60-64c7-4bfa-aad0-24068aa760af,938c9405-72bb-4acd-bace-a75abcf2f9cb,a719a87c-4e93-4387-a6d1-2631a487f7e0,Ajdovščina,303
15c71406-72b5-4681-8b1a-29eb30eb3f76,30e58784-86f6-4d93-8630-3cc3fc93c6f3,7310c006-62b8-4f94-bb9c-d5c26cb3faad,Polje,2647
eec159d0-4b1b-4706-9a5d-a00ddcbea9f5,29336b94-2382-46dd-b2e6-4590dd689640,a719a87c-4e93-4387-a6d1-2631a487f7e0,Ajdovščina,1078
66943a7c-28b4-40a6-a996-21aa0b968435,34ead609-4331-48ab-8e82-52dd70da9832,c87db9be-1fba-4102-a743-0ee4317dd5af,Bavarski dvor,1192
0dc86a8f-0f41-44c7-978c-e06cb63cbbcf,65a6b01d-c9cf-4d4e-930c-5562156d7375,c87db9be-1fba-4102-a743-0ee4317dd5af,Bavarski dvor,99
e9089f7d-853e-4375-8ecb-0db96fcc60e6,edc8bf1d-d4f1-4c5b-8112-e4fa71a02bae,cdabf1ea-b04c-480a-8359-72c46e6864ab,Bežigrad,120
c93954aa-7aad-4fca-9f7a-721d37f0474e,5b184752-5bd2-43e3-9243-dfc8969d9065,a719a87c-4e93-4387-a6d1-2631a487f7e0,Ajdovščina,785
b0d473cd-f35e-4a30-8d0d-70f16b92e8e8,666e98e1-4a23-4204-a3e6-99110f8b3153,fef200e9-4d98-425b-ab14-8110e2aa85d7,Drama,31
111b2cdc-67ca-47bc-a8eb-8a4c6a0674d9,6d2a7c2e-5938-433e-a691-b9bc28767675,a719a87c-4e93-4387-a6d1-2631a487f7e0,Ajdovščina,2027
e0c253d0-1de7-4add-ac75-8b16151fa462,e8b0d4a2-f65e-4aed-97b8-77ab0d07955a,454817d3-3750-49c7-994c-14d06fd2c634,Žale,1534
1f02ab68-e4a0-4783-ae8a-39ccd679f2cc,d987aa3a-ae4a-42f6-bc9b-79c41dcf055a,fb0042f8-d9e2-4916-b60a-38a026acf0c9,Leskoškova,2523
7ea32e84-b8d9-498b-9f03-5a66990012b9,bfcba499-ce46-41b0-8268-966d74eccb20,c87db9be-1fba-4102-a743-0ee4317dd5af,Bavarski dvor,1439
169789c5-0251-47a6-800a-74ff3dffe04d,0614b134-0950-4f6b-bc8f-fb73a0881bc1,aa42017d-812a-4175-bc9b-0fec03b18931,Ambrožev trg,13
9ab2717b-1396-4885-bb5b-9857d7195d0d,7fad8003-fb10-489d-bf8d-6d433310ad90,023d7b7a-b411-4e61-8746-b07f9e5c8f90,Ambrožev trg,1323
2beb7011-982a-4349-be22-addf1c3bdec7,b59656a4-b6e7-4b87-977c-078c59088a50,98fa3880-5936-4ec8-ba04-39c7ff9a0e6a,Stara cerkev,196
bb995fbb-29c8-4035-9503-ae33320833a8,d7384760-d854-492d-87af-f342cab37fc1,7fa32ea0-e884-435a-a81c-51bbd5cedf3e,Zaloška,4242
0b4a072e-6c2d-4c71-ab80-2b7142df81de,f8da5156-e545-47ed-a811-2242f41f5593,c87db9be-1fba-4102-a743-0ee4317dd5af,Bavarski dvor,2006
9746f277-af08-4cce-92fa-41da5eca8ac2,3d0466c6-82f4-4a8e-ac5f-18d4dab794ac,cdabf1ea-b04c-480a-8359-72c46e6864ab,Bežigrad,235
2628ca4f-8797-4672-aca9-47b325c58aac,4bd4913f-8597-4ea0-b219-4e9b15dcbb62,295616c0-387b-4f60-a337-7743cd6be04e,Bavarski dvor,1107
d5102041-8282-4c77-a593-edac0d0d4a34,be5fb719-eda2-4831-90c6-249248ea22dd,fef200e9-4d98-425b-ab14-8110e2aa85d7,Drama,191
24ab9d18-4fb9-4e7e-b48c-d5cdc9cd1305,35dbaf26-2fa4-45c4-87fc-81d1ff13b005,6a89c110-a0f8-4b1a-87f0-33f49c0a658e,Šola Jarše,137
3c143688-247f-41cc-960d-f5e37b874c3a,ca8cbe57-95dc-4326-9c06-b60a87b981b1,5d7f28a6-2a2a-4333-aa06-48edfb652f86,Pošta,615
4ca7ae7e-380b-45e3-81de-00ffab5bb531,47a3bd8a-72ae-4e20-b43f-10bfaf49012c,295616c0-387b-4f60-a337-7743cd6be04e,Bavarski dvor,4391
ef91fd44-5651-4fd4-b6f8-619fdef9da7b,4b847ac2-4c41-4fc1-a497-9ce4deaab8b1,f33b721f-a8a3-4aad-96f2-077da09ebaa6,Razstavišče,4269
7bcbdcaa-00b9-47d4-8982-09da26cd7bcb,9cfac7e2-9653-4e52-a6d3-27756d27f817,295616c0-387b-4f60-a337-7743cd6be04e,Bavarski dvor,485
163da3ae-0ab9-480e-b72d-16357e0a9061,13ceaf6c-9650-45c3-b449-64a0e5094d18,295616c0-387b-4f60-a337-7743cd6be04e,Bavarski dvor,433
8648bfde-9b0f-4a64-aced-fe63aa923879,8561e9fb-03e0-46f1-802d-b376d26a8ea5,c87db9be-1fba-4102-a743-0ee4317dd5af,Bavarski dvor,341
d987aa3a-ae4a-42f6-bc9b-79c41dcf055a,769b7bc7-4f95-4bb2-9c99-37ba8e8b4bd5,N/A,N/A,4525
912792ae-7f7e-4295-8064-38ea96a5dc4a,aa9cc3b9-7c6c-4e45-b91a-1e0494fbf15e,N/A,N/A,4525
6672b8cb-e56d-420a-a5e7-fc86e8aa3647,a2ce7e6f-0f99-443a-a973-81a0b9c60261,N/A,N/A,4525
e3b51371-e289-45ef-83ca-1f4ffff25162,596e3cfe-bd4c-4afa-ba4c-33172dba9be1,c87db9be-1fba-4102-a743-0ee4317dd5af,Bavarski dvor,2738
76ec8af8-07c2-4d44-b0d8-a439d381913f,53806659-b339-4e68-af4a-4325c16b6026,N/A,N/A,4525
53c3c8c9-2e64-4a8f-9afb-031b24c17d5a,ad966374-a37d-443a-9a3e-ec85ca28231f,f2b27cbd-5207-4281-8f67-6369d0c50a9b,Kodrova,644
2628ca4f-8797-4672-aca9-47b325c58aac,cad3370f-7a28-4a47-8d5a-187adab3ca21,295616c0-387b-4f60-a337-7743cd6be04e,Bavarski dvor,1122
e97befb6-5dc6-4603-ad5e-3aa96b4b2221,7310c006-62b8-4f94-bb9c-d5c26cb3faad,7fad8003-fb10-489d-bf8d-6d433310ad90,Nove Jarše,6
5b2cb528-ba33-461a-aee5-54e2ed8c3758,9e90940e-cf99-4112-87ec-7cbb6331509a,N/A,N/A,4525
f2bac6f5-5bbc-4f15-acdd-014d86770ce9,ba0f81e5-dfec-49bb-8d6b-d52618338640,fef200e9-4d98-425b-ab14-8110e2aa85d7,Drama,881
7554bb81-1144-4263-999d-f6e358d808fe,dc6b96b1-d0fa-4d03-ac2b-8eba5bb97ba2,c87db9be-1fba-4102-a743-0ee4317dd5af,Bavarski dvor,291
db046e79-c658-433c-8812-157fd965a9f6,79d89180-8b07-4127-b7b4-1ac03d1cee9f,c87db9be-1fba-4102-a743-0ee4317dd5af,Bavarski dvor,1540
6a0b25cc-428e-47b5-831a-e89facfa7f26,311a0b74-0787-484b-b414-8adf1cd4cf58,N/A,N/A,4525
a1406782-3114-407c-8e35-35bcf5a1234b,99b82632-116f-421b-9320-d5a53e522155,N/A,N/A,4525
1035c6f7-304e-4329-a3b2-4eb5d985a577,8c7fa045-888b-46d0-8189-6f82623bf481,a719a87c-4e93-4387-a6d1-2631a487f7e0,Ajdovščina,1308
44e58cea-6c90-467f-baf2-22ac161daafb,d6ae97e7-23b5-48d6-a9fa-2a2624e9f434,5d7f28a6-2a2a-4333-aa06-48edfb652f86,Pošta,369
98a94a2a-894f-4ff0-9967-1dd986bf0cfd,639551cf-fe23-4363-8ccd-655bc5d4119e,9e109242-5aad-4fb7-b0c8-576eef8aa4e0,VEVČE,951
cdbafa76-fd1b-45e0-bbd6-d6c1c6a141f9,698551c1-7bb2-4f7e-9701-23b7667e8594,717dda7e-d793-4697-8f60-b64ee8b1edc4,Gosposvetska,1561
783196f2-97cd-4265-bb9a-b13aa8bb6a0b,ba846253-4c87-4120-8f1c-05a563bf3999,N/A,N/A,4525
eb43a68a-54a5-4a37-b090-1329e2b4d830,9b0074d2-2c92-4c01-830b-00be8e05b412,fef200e9-4d98-425b-ab14-8110e2aa85d7,Drama,2056
caac4c1a-13e4-4afa-b467-65d90a8fbd44,06e4802d-2c96-4556-bd95-35e0a2bb030c,N/A,N/A,4525
6afef238-01cd-4ad0-859d-2056b5d4a63f,2628b04b-eaf2-4c5a-b7ac-837237162783,a719a87c-4e93-4387-a6d1-2631a487f7e0,Ajdovščina,549
c3188d8e-c2d3-40e5-acc2-14bef70a5ff4,fac22b83-1bc0-4c12-8533-485b115409ef,484b5c91-1220-43ba-af79-84e712fcc46b,Slovenija avto,551
f33b721f-a8a3-4aad-96f2-077da09ebaa6,3d9e90f6-2b67-4f24-9cc4-7c2063a08410,N/A,N/A,4525
d123fde4-aa91-49c3-83df-5ebf12af4e59,18d010ca-0244-4928-82cb-47af0836a1bb,21764d19-62cc-49fd-bac9-403aeac6a6b9,Ježica,574
154f3596-bbbb-4038-9ad7-c4b8b5288a02,1eadcdb9-60cd-47c9-8eec-527c3465a685,295616c0-387b-4f60-a337-7743cd6be04e,Bavarski dvor,124
fbd1dfb0-4a6f-4160-ad52-5ccb69530195,3d0466c6-82f4-4a8e-ac5f-18d4dab794ac,aa42017d-812a-4175-bc9b-0fec03b18931,Ambrožev trg,1009
98fa3880-5936-4ec8-ba04-39c7ff9a0e6a,0614b134-0950-4f6b-bc8f-fb73a0881bc1,295616c0-387b-4f60-a337-7743cd6be04e,Bavarski dvor,3640
108e7dc8-ca5d-4c91-9414-32a32a31b69a,1eca3479-6e2c-4f21-bf45-4db410041181,N/A,N/A,4525
f11e48f8-4133-4c36-a36f-73b4f33d9592,845b482b-dba1-4313-a476-e772691689cf,1b3ddeca-a066-43ee-9ae5-8339628129c2,Žale,468
f66a1f18-4c18-4317-b929-fb616cc7cebc,48507e1a-32df-4552-9448-3b345760b75f,a719a87c-4e93-4387-a6d1-2631a487f7e0,Ajdovščina,295
a4545f57-dab0-4ca0-9da3-5bc96d80f104,eb669f04-cfb6-4ea4-90c9-26eb551ecb45,454817d3-3750-49c7-994c-14d06fd2c634,Žale,599
98a75a4c-0ef8-4efa-8f0a-384fe8eafce0,ff8f71b7-06fe-47fe-8238-9af5ee1b1dfd,fef200e9-4d98-425b-ab14-8110e2aa85d7,Drama,1389
22c11486-1afa-491f-b9ab-162d88c8c44d,e78f256e-7218-4263-87b9-255bd90c9f49,c87db9be-1fba-4102-a743-0ee4317dd5af,Bavarski dvor,1988
4682c5fd-08cb-4af1-a3e2-6f1ee880a52d,ef4a63e8-d956-4f09-80bd-8e4699418652,N/A,N/A,4525
7962e05c-ad8c-43e4-9db4-4b90f0c94596,7add6fa5-bfd5-4d9c-841b-d9856088ede9,295616c0-387b-4f60-a337-7743cd6be04e,Bavarski dvor,163
c1606675-dd38-4952-914b-6ca64fd56b7b,4e8ccfa1-b58c-4ee1-ad82-2e8a645071f3,295616c0-387b-4f60-a337-7743cd6be04e,Bavarski dvor,2328
4b847ac2-4c41-4fc1-a497-9ce4deaab8b1,4d57f6bd-7ba7-4f07-8aa1-ecac0b09e8db,6182f8e8-c45e-4606-b4a4-d909bd44d2cc,Gornji trg,1410
98239279-bb80-4070-965c-dc87525019e2,1b3dce90-170f-4176-b47b-2b50b9407e82,295616c0-387b-4f60-a337-7743cd6be04e,Bavarski dvor,3096
47252dc3-dbd8-43df-898b-0a3fb27ffc93,b2dd1684-0848-40f7-b10e-8f74bb005f2f,N/A,N/A,4525
a7177a3d-8db2-43fb-8910-f95857f0ed97,33613e0e-f41c-4cee-804a-3942bf698e3e,N/A,N/A,4525
d987aa3a-ae4a-42f6-bc9b-79c41dcf055a,41c8c7eb-62ef-45d8-b5b1-221dd3c0022c,295616c0-387b-4f60-a337-7743cd6be04e,Bavarski dvor,196
2c0475be-44e7-4f0f-a06d-2c1b4ca15677,d861c2ce-106a-4b95-a4fc-2af355c0bbf0,4d216485-ef41-45e7-9182-0c254644955c,Sava,2592
0e79ef8c-f692-4e29-a37e-4a81cbb3d410,d2f9bbec-4b03-49a8-af83-afe65fe07a0e,fef200e9-4d98-425b-ab14-8110e2aa85d7,Drama,337
96d4c75b-6452-4c70-a31e-c234262ba38b,22c11486-1afa-491f-b9ab-162d88c8c44d,a719a87c-4e93-4387-a6d1-2631a487f7e0,Ajdovščina,1544
eb11d52f-300b-4648-a2e8-ed03db9ff7e2,6932c2e0-ff32-4170-b519-fba88e29c147,N/A,N/A,4525
fcfe6ac9-74b3-4c13-96b7-6041f1454813,f2bac6f5-5bbc-4f15-acdd-014d86770ce9,a719a87c-4e93-4387-a6d1-2631a487f7e0,Ajdovščina,198
91745353-dd19-49ee-beaf-332e546dcceb,aa3ce006-1975-496a-abc6-a98ec5e87652,7fa32ea0-e884-435a-a81c-51bbd5cedf3e,Zaloška,1043
60edf514-fd83-400b-b86f-881f7eff258b,7d1d9e60-8a7d-4e50-86e5-f3a42a99d837,N/A,N/A,4525
fcccf4af-4f16-4edc-ba5a-585c434593fe,7ad25867-5c97-4f9f-9b1b-4966436f7fbf,c87db9be-1fba-4102-a743-0ee4317dd5af,Bavarski dvor,2537
0b4a072e-6c2d-4c71-ab80-2b7142df81de,311a0b74-0787-484b-b414-8adf1cd4cf58,f33b721f-a8a3-4aad-96f2-077da09ebaa6,Razstavišče,2798
a112e799-e1b6-4dd2-b652-bd521dda7638,ae3f312a-4242-4a42-8df2-5990505a7747,a719a87c-4e93-4387-a6d1-2631a487f7e0,Ajdovščina,877
f073b9d9-a3e3-4d04-a209-0db55377b79e,41c8c7eb-62ef-45d8-b5b1-221dd3c0022c,5de84f88-3f32-4636-8c30-03cc267ecf37,Podvozna pot,2164
2fafda56-e44d-4e08-8503-90e6bf75e19d,9807573b-8821-40e4-b891-a5cea6e23b3d,fb0042f8-d9e2-4916-b60a-38a026acf0c9,Leskoškova,612
66eec6a2-dfde-4d98-b690-e47f200367fd,5b184752-5bd2-43e3-9243-dfc8969d9065,fef200e9-4d98-425b-ab14-8110e2aa85d7,Drama,1199
eefb30b4-8049-4128-89f5-bb359b1c93b0,d07152fd-014c-481b-a5f2-8949066499e8,N/A,N/A,4525
3edd6057-3847-4c42-b8ec-6e89ff95793a,ca575a45-9c95-4348-9245-8c75f70130b3,N/A,N/A,4525
bb995fbb-29c8-4035-9503-ae33320833a8,11d74c00-da13-4cad-883e-c6dcf8edcbe8,fef200e9-4d98-425b-ab14-8110e2aa85d7,Drama,2227
f66a1f18-4c18-4317-b929-fb616cc7cebc,111b2cdc-67ca-47bc-a8eb-8a4c6a0674d9,c87db9be-1fba-4102-a743-0ee4317dd5af,Bavarski dvor,2116
930fed8f-1d4d-40c6-9a3b-53697263a0f2,6330ad8d-b582-4c92-bc7e-d3f206264f04,fef200e9-4d98-425b-ab14-8110e2aa85d7,Drama,1428
8b5f91a6-23b7-4786-96f9-a80c6d668e18,c627c9f2-af02-4d83-969a-566719bb09e3,3fbf6322-fb74-4a50-a81a-bfca73abc26b,Tacenski most,5
125d4928-6b97-4a4b-af34-a2d1564c029c,12618339-2c2d-49ec-b0e0-2517c11991f8,1ce1c3a8-e0f6-4f90-b1aa-1448759d8b3c,Astra,192
379bc761-04b5-4227-be76-3b870fe3e69f,53ec687a-6f0c-4bb7-b1b4-606e7dcfada9,ecc4ae87-ae08-4b94-995c-452fdd94df7f,Privoz,952
df973089-967d-4446-916c-260e9e8fec83,fa96d420-d1af-4ad0-bf6a-4544deb1c5eb,c87db9be-1fba-4102-a743-0ee4317dd5af,Bavarski dvor,3341
58cd6196-8ac4-4803-be8b-1c0d2fb52528,bea274aa-277a-403d-ab2f-a0342b28882e,a719a87c-4e93-4387-a6d1-2631a487f7e0,Ajdovščina,1900
8589e5d1-21b4-4210-ad7a-4bf91f9a715d,ea91e672-f4a8-40cb-af62-214726551a93,609f0950-bb8c-4eaf-a931-8575b8aff1ac,Savske stolpnice,249
ef4a63e8-d956-4f09-80bd-8e4699418652,18d010ca-0244-4928-82cb-47af0836a1bb,N/A,N/A,4525
b60d686c-3b89-447c-93f6-2837d9af3d02,22ef2062-46f0-4a46-8d9a-6ceb7b7f45bc,a719a87c-4e93-4387-a6d1-2631a487f7e0,Ajdovščina,2587
eba0daca-3696-4f72-a1dd-5f7b5fd02a63,1f4702d4-6b02-4ad3-aa9b-118ff9aa3474,N/A,N/A,4525
b7834e14-7e86-4df5-83ce-006c93c31c00,bea274aa-277a-403d-ab2f-a0342b28882e,769b7bc7-4f95-4bb2-9c99-37ba8e8b4bd5,D. MOST P+R,1948
9a480b5e-0283-4130-a5e2-9d5e996caa4f,e4635b94-348c-4c69-be85-1160488e5e43,ecc4ae87-ae08-4b94-995c-452fdd94df7f,Privoz,916
5b184752-5bd2-43e3-9243-dfc8969d9065,a41f5786-6b70-4224-bcde-e6fbaac4c21b,1ce1c3a8-e0f6-4f90-b1aa-1448759d8b3c,Astra,429
c20233f2-94bc-4c21-9d2a-9b129b668487,087e50b6-7677-4a85-802f-5694266fe38b,5d7f28a6-2a2a-4333-aa06-48edfb652f86,Pošta,1660
121b30dc-065b-4c76-aad2-a54a85c74d4d,42bcfbad-96b8-4ce2-96f3-07694e1bcfe2,N/A,N/A,4525
093afa81-b65f-4182-bac3-afbc00558a9b,9e0942f3-2c18-4891-9b51-9d95cc43af7a,295616c0-387b-4f60-a337-7743cd6be04e,Bavarski dvor,201
4e8ccfa1-b58c-4ee1-ad82-2e8a645071f3,d4fd9934-5253-4ab8-a779-3e9e2a30c5b7,N/A,N/A,4525
245bb1a4-ea6e-45b4-8331-b50983655326,52e5adea-e194-4fc1-809c-1d6421f8f8db,a2ce7e6f-0f99-443a-a973-81a0b9c60261,Astra,2478
1c214818-5471-4d2a-a7b2-33464ffacdad,524d67dd-fbb0-4f6a-9199-f095123044ab,7fa32ea0-e884-435a-a81c-51bbd5cedf3e,Zaloška,492
ed50f692-09f9-409e-b7d6-05ff7711de6b,7a52a73a-cc0e-4c61-b9bc-306157727e1c,a719a87c-4e93-4387-a6d1-2631a487f7e0,Ajdovščina,780
8e7a488b-cd48-4243-92b0-42792d0e3bc1,6672b8cb-e56d-420a-a5e7-fc86e8aa3647,N/A,N/A,4525
31e6db90-ba65-4c49-90c0-317fb92596b3,754e8f1f-a5ba-4281-8f31-fb3357744cd2,609f0950-bb8c-4eaf-a931-8575b8aff1ac,Savske stolpnice,93
d2f9bbec-4b03-49a8-af83-afe65fe07a0e,627be449-8b6a-40f4-a57c-09ccdacccb66,fef200e9-4d98-425b-ab14-8110e2aa85d7,Drama,1010
639551cf-fe23-4363-8ccd-655bc5d4119e,8dde1a7b-e3ec-4675-8409-2a2c4ae696c7,295616c0-387b-4f60-a337-7743cd6be04e,Bavarski dvor,1136
daf172e0-4dd9-4d5b-8287-67ad2034bced,219086ca-bdcb-4092-bd82-3d372b9b73ce,fef200e9-4d98-425b-ab14-8110e2aa85d7,Drama,1616
ea80411c-360d-4a33-861c-6533a1d67eef,30e58784-86f6-4d93-8630-3cc3fc93c6f3,c87db9be-1fba-4102-a743-0ee4317dd5af,Bavarski dvor,4048
f1d7dbc8-d84b-4550-a3bd-e4748a677e9d,1faa072c-478b-4656-8df3-84167a9a4bbb,fef200e9-4d98-425b-ab14-8110e2aa85d7,Drama,192
bd1396f2-4dc8-4695-9bf1-c601157100d8,b4766c35-4ab9-4af3-aa76-1b1f40735685,c87db9be-1fba-4102-a743-0ee4317dd5af,Bavarski dvor,1061
4ac86a6a-874d-41a7-92a5-64ed733b7734,eead721b-8996-4e73-a2f9-02dba20df4fa,c87db9be-1fba-4102-a743-0ee4317dd5af,Bavarski dvor,827
79d89180-8b07-4127-b7b4-1ac03d1cee9f,b56664c0-1dc1-42c5-b10b-52c3fb0dd042,b59656a4-b6e7-4b87-977c-078c59088a50,Hajdrihova,820
3c143688-247f-41cc-960d-f5e37b874c3a,9e0942f3-2c18-4891-9b51-9d95cc43af7a,f33b721f-a8a3-4aad-96f2-077da09ebaa6,Razstavišče,1121
5ddf10c0-90a5-4dbf-992c-23c0505674aa,311a0b74-0787-484b-b414-8adf1cd4cf58,1b3ddeca-a066-43ee-9ae5-8339628129c2,Žale,16
ecc4ae87-ae08-4b94-995c-452fdd94df7f,ff74fc01-faf6-4a78-a782-d8365538e7de,N/A,N/A,4525
84578591-7543-4105-8465-9df30256360d,1f02ab68-e4a0-4783-ae8a-39ccd679f2cc,717dda7e-d793-4697-8f60-b64ee8b1edc4,Gosposvetska,293
1e2641bc-b0b2-448e-8ad2-e52891fa4c5f,010c271e-49ca-45a5-91ac-8ba8d41ee7f3,N/A,N/A,4525
9741988b-6723-480b-a419-8db7490d667a,eba0daca-3696-4f72-a1dd-5f7b5fd02a63,N/A,N/A,4525
8598b85d-3e1d-4767-b72f-0c209038841f,dc6b96b1-d0fa-4d03-ac2b-8eba5bb97ba2,a719a87c-4e93-4387-a6d1-2631a487f7e0,Ajdovščina,1144
a6b87518-2a7f-4505-898f-245ebe23c909,bd1a0fbd-1593-4552-a76f-681c59333d6b,c87db9be-1fba-4102-a743-0ee4317dd5af,Bavarski dvor,749
60edf514-fd83-400b-b86f-881f7eff258b,548a85bd-f15f-427b-ad90-43cb50e9e31a,a719a87c-4e93-4387-a6d1-2631a487f7e0,Ajdovščina,3746
95732ece-1658-4e11-9b5f-b6ae5552e638,98f728a3-94a6-4911-98d7-64ab88097036,b59656a4-b6e7-4b87-977c-078c59088a50,Hajdrihova,1382
ba6f47bf-d346-4ccb-8669-13b974d863a6,25c85d19-456c-4188-b563-15ad467a54c7,c87db9be-1fba-4102-a743-0ee4317dd5af,Bavarski dvor,1393
bd001f58-6e58-49e9-877f-1fa36964fbc2,86a75ffc-a78f-401f-8991-2eb0371417b2,379bc761-04b5-4227-be76-3b870fe3e69f,Pot na Fužine,1526
06e4802d-2c96-4556-bd95-35e0a2bb030c,6a0b25cc-428e-47b5-831a-e89facfa7f26,N/A,N/A,4525
edf94a12-03e9-4225-b6cc-aca0edf588a7,b4634750-8d91-4625-b40d-1da9665e70f6,295616c0-387b-4f60-a337-7743cd6be04e,Bavarski dvor,194
5c9baa4c-9ee0-4263-be22-72f5a73c714d,6a74977a-a26d-42b4-a60b-8dabc726e57d,21764d19-62cc-49fd-bac9-403aeac6a6b9,Ježica,40
6672b8cb-e56d-420a-a5e7-fc86e8aa3647,392949a1-1ada-4196-9073-6f392638ca49,N/A,N/A,4525
de80f5fd-4572-4bb6-9e21-9860f5fa6b24,58db973d-ecbb-4aa6-a56c-c26aaff7f263,1ce1c3a8-e0f6-4f90-b1aa-1448759d8b3c,Astra,1888
5764ff17-c787-4918-b7bd-a2ed9c6d7dd1,1ceecd12-b005-4828-ad39-8f2aeb1ca228,5d7f28a6-2a2a-4333-aa06-48edfb652f86,Pošta,3034
76ec8af8-07c2-4d44-b0d8-a439d381913f,53c3c8c9-2e64-4a8f-9afb-031b24c17d5a,295616c0-387b-4f60-a337-7743cd6be04e,Bavarski dvor,2293
c22879e5-8e90-4540-9a74-5f139208e492,2fafda56-e44d-4e08-8503-90e6bf75e19d,c87db9be-1fba-4102-a743-0ee4317dd5af,Bavarski dvor,139
769b7bc7-4f95-4bb2-9c99-37ba8e8b4bd5,0bb103e4-c4a6-4c4c-a13d-217ab4e6dfd3,c87db9be-1fba-4102-a743-0ee4317dd5af,Bavarski dvor,1022
c8e0086c-0cef-4375-a471-72f3ae1e34fc,a0b1fb90-3f6a-4231-910a-18be192ac762,295616c0-387b-4f60-a337-7743cd6be04e,Bavarski dvor,586
cd2cdf5f-a758-494c-8b1f-2de4ac913723,5c15a390-36b6-47a9-9d84-0c7160157c1d,N/A,N/A,4525
feb89b92-366d-4f50-a509-40c7baba8cf0,9e0942f3-2c18-4891-9b51-9d95cc43af7a,295616c0-387b-4f60-a337-7743cd6be04e,Bavarski dvor,224
f958cead-e4c3-4743-834d-46de4a06a8c9,a6b87518-2a7f-4505-898f-245ebe23c909,7fa32ea0-e884-435a-a81c-51bbd5cedf3e,Zaloška,1244
1f9fad8e-d59c-494c-bdd1-1983afacb755,ab4e1412-1ac4-4864-8833-c1ddf48bec20,98fa3880-5936-4ec8-ba04-39c7ff9a0e6a,Stara cerkev,525
b4766c35-4ab9-4af3-aa76-1b1f40735685,25c85d19-456c-4188-b563-15ad467a54c7,c87db9be-1fba-4102-a743-0ee4317dd5af,Bavarski dvor,54
521edd75-c364-480a-af9e-a1c9815b6dd7,7b687edb-dc47-4b68-a13e-34713cababe9,b59656a4-b6e7-4b87-977c-078c59088a50,Hajdrihova,579
7c37b809-4d6d-497c-a53d-38663e91c088,96d4c75b-6452-4c70-a31e-c234262ba38b,295616c0-387b-4f60-a337-7743cd6be04e,Bavarski dvor,271
666bd186-7a9a-4e20-a466-e7b1918dda9b,406d6bb7-147c-4853-a917-e5c437b025e6,223f660b-c391-4120-bf3c-7bf06781686b,Tovorni kolodvor,2071
16578e36-c682-4083-bd29-4973445dc0fe,2388ce1f-c947-42d7-97f3-e01a7254c933,N/A,N/A,4525
1df1835b-cfd3-40e7-9466-9c9d43642bed,acedfed0-a3ba-4fa3-8cd6-910783961f0a,1eadcdb9-60cd-47c9-8eec-527c3465a685,Polje,642
d83ec579-9ab5-4e30-bedd-86613c234abd,6459bd02-d8f8-413e-9402-10b916f09a4f,295616c0-387b-4f60-a337-7743cd6be04e,Bavarski dvor,454
1907a46a-4559-43ec-8363-03fe35d30725,f0661242-947b-4937-a9ce-d2a135cd62a7,N/A,N/A,4525
a12ab184-fb4b-449f-9884-88e0a1672e64,a8a92762-af25-42a7-98dd-9846f8b33e09,N/A,N/A,4525
548dbdee-83b0-497b-acc1-e15b34899d42,1c0ae078-cca7-40c8-aeda-1187a12ddfee,f33b721f-a8a3-4aad-96f2-077da09ebaa6,Razstavišče,365
2388ce1f-c947-42d7-97f3-e01a7254c933,7d1d9e60-8a7d-4e50-86e5-f3a42a99d837,N/A,N/A,4525
cddb3822-7daf-4cae-9cc3-6b191e81326b,d9df365b-7e54-4d22-b2e9-3b548d48ad59,a719a87c-4e93-4387-a6d1-2631a487f7e0,Ajdovščina,1641
7e0c8a32-21cb-46dc-8e50-9c4675dfa322,fbd1dfb0-4a6f-4160-ad52-5ccb69530195,98fa3880-5936-4ec8-ba04-39c7ff9a0e6a,Stara cerkev,144
6672b8cb-e56d-420a-a5e7-fc86e8aa3647,1e157c31-d34d-4c2e-91b4-8c000c88f6dd,N/A,N/A,4525
609f0950-bb8c-4eaf-a931-8575b8aff1ac,7558099b-08a3-43bc-8056-49bcc5900a03,6a89c110-a0f8-4b1a-87f0-33f49c0a658e,Šola Jarše,576
9b85d4b0-c594-4e0e-9ce2-d0986256c270,e90a68ac-02be-418f-8937-b9f1906274f2,N/A,N/A,4525
8677848c-55dd-4af4-b275-3074a3ff4846,698551c1-7bb2-4f7e-9701-23b7667e8594,295616c0-387b-4f60-a337-7743cd6be04e,Bavarski dvor,1417
25c85d19-456c-4188-b563-15ad467a54c7,21a5f1e3-8ac0-4023-95ca-0a3ff54099aa,a719a87c-4e93-4387-a6d1-2631a487f7e0,Ajdovščina,299
d3283222-38a9-40e2-a485-180d1a33067c,c93954aa-7aad-4fca-9f7a-721d37f0474e,b59656a4-b6e7-4b87-977c-078c59088a50,Hajdrihova,840
45bff76d-bb00-455b-aa12-7ea49ad9a4f0,5de84f88-3f32-4636-8c30-03cc267ecf37,769b7bc7-4f95-4bb2-9c99-37ba8e8b4bd5,D. MOST P+R,497
ccccee29-6fc7-4a86-b492-7f36a8e817db,717dda7e-d793-4697-8f60-b64ee8b1edc4,N/A,N/A,4525
41c8c7eb-62ef-45d8-b5b1-221dd3c0022c,2a7d32ca-24a1-41ac-a273-0cbcdec59336,5de84f88-3f32-4636-8c30-03cc267ecf37,Podvozna pot,724
7b41ca8e-2e41-4572-aa5c-1d80375e8835,9cb18d2e-9bf3-436a-ab3a-7c52c5de1300,N/A,N/A,4525
aee8e842-6083-48a7-b14f-cc3d112537bb,0ff94f7b-275b-4cc4-bb27-e00842f5ad87,8c7fa045-888b-46d0-8189-6f82623bf481,Poljanska,1456
277bc73c-e61d-4046-bcfd-31d6161c568e,786a15d4-dd6b-42bb-a5c9-6ce994b5be9e,c87db9be-1fba-4102-a743-0ee4317dd5af,Bavarski dvor,1546
08506f21-8675-4972-a359-ba9412a1da49,5b184752-5bd2-43e3-9243-dfc8969d9065,9cfac7e2-9653-4e52-a6d3-27756d27f817,Kino Šiška,881
ccccee29-6fc7-4a86-b492-7f36a8e817db,6d2a7c2e-5938-433e-a691-b9bc28767675,N/A,N/A,4525
55e3f615-be6c-43f4-9858-e199862771a4,e78f256e-7218-4263-87b9-255bd90c9f49,5d7f28a6-2a2a-4333-aa06-48edfb652f86,Pošta,2693
1dc99fbb-5496-4aab-a4b6-32e653ccc789,121b30dc-065b-4c76-aad2-a54a85c74d4d,7bcbdcaa-00b9-47d4-8982-09da26cd7bcb,Zaloška,120
06e4802d-2c96-4556-bd95-35e0a2bb030c,ab987eb0-c970-4577-8db9-0cd507a6cab6,N/A,N/A,4525
7c166e7c-6fe0-44bd-b124-0013473f227a,b2cf1f2c-3c77-4a23-891f-3cdbcda92f19,c87db9be-1fba-4102-a743-0ee4317dd5af,Bavarski dvor,954
c70ad4c4-6c37-4f31-83aa-921dc8bc15a4,5d7f28a6-2a2a-4333-aa06-48edfb652f86,295616c0-387b-4f60-a337-7743cd6be04e,Bavarski dvor,352
c31b32c6-1ec2-48e9-9929-356fd0253540,454817d3-3750-49c7-994c-14d06fd2c634,c87db9be-1fba-4102-a743-0ee4317dd5af,Bavarski dvor,1886
72e6ae6e-bd4b-4946-a032-7ff9b8b41039,80c65758-5f25-4003-8d55-10ff96fe8310,5d7f28a6-2a2a-4333-aa06-48edfb652f86,Pošta,2627
33613e0e-f41c-4cee-804a-3942bf698e3e,b7834e14-7e86-4df5-83ce-006c93c31c00,fef200e9-4d98-425b-ab14-8110e2aa85d7,Drama,909
02c61e3f-2d2e-4b42-b695-bbd3cc672f6b,0810f07b-94d6-442f-b10d-bf8210c4ed47,a2ce7e6f-0f99-443a-a973-81a0b9c60261,Astra,879
d98335a0-1291-4d4c-be62-16b11c356575,a769d1e9-8727-4190-b56c-5cdd8a49333d,fef200e9-4d98-425b-ab14-8110e2aa85d7,Drama,1198
9583dbdd-06fd-411e-88dd-af8f89e2caaa,4bd4913f-8597-4ea0-b219-4e9b15dcbb62,295616c0-387b-4f60-a337-7743cd6be04e,Bavarski dvor,4416
9c2e9262-7afe-44d3-8aaf-80afd45f9118,48b163cd-b819-4849-aee1-8b1da77657ab,c87db9be-1fba-4102-a743-0ee4317dd5af,Bavarski dvor,69
1035c6f7-304e-4329-a3b2-4eb5d985a577,7310c006-62b8-4f94-bb9c-d5c26cb3faad,c87db9be-1fba-4102-a743-0ee4317dd5af,Bavarski dvor,1441
7310c006-62b8-4f94-bb9c-d5c26cb3faad,295616c0-387b-4f60-a337-7743cd6be04e,a719a87c-4e93-4387-a6d1-2631a487f7e0,Ajdovščina,2665
77dcd833-fa4d-4c5a-93b1-31284942e61d,476b2caa-710a-47fe-9743-4d75d7ada5fb,7fad8003-fb10-489d-bf8d-6d433310ad90,Nove Jarše,38
c8e0086c-0cef-4375-a471-72f3ae1e34fc,52c437c8-73ae-4db5-ac31-8e7cf5104826,N/A,N/A,4525
aa9cc3b9-7c6c-4e45-b91a-1e0494fbf15e,54c591c0-7bbb-4489-9229-57b18f95827a,c87db9be-1fba-4102-a743-0ee4317dd5af,Bavarski dvor,1261
40fcc1b9-2c42-4db8-bd48-d431efc8a3fd,8a224b7d-24ae-4c7b-8318-f66ac8cc078b,a2ce7e6f-0f99-443a-a973-81a0b9c60261,Astra,387
36c4949b-403b-4a76-87e3-d67f51d655ef,88cdd36c-03d2-4374-a22f-110dd9f75ea0,N/A,N/A,4525
538ab00b-ee39-44e8-b5a4-62c2c6215bf6,5a2def68-fa57-4002-a942-e39bc2a87688,295616c0-387b-4f60-a337-7743cd6be04e,Bavarski dvor,847
093afa81-b65f-4182-bac3-afbc00558a9b,06348c07-2fb0-4dfb-a938-aaef614a7f68,98fa3880-5936-4ec8-ba04-39c7ff9a0e6a,Stara cerkev,11
f1bc11ca-7516-447a-b826-7051c5306af7,25ad5579-f6a0-4f35-a0c9-0678b41e9dde,c87db9be-1fba-4102-a743-0ee4317dd5af,Bavarski dvor,885
da834a23-5697-49bb-b3a1-7f277c8206bc,e65047c0-c01e-4727-b466-78e107c81ee4,295616c0-387b-4f60-a337-7743cd6be04e,Bavarski dvor,1196
51dbf10f-cf3b-4575-a8cc-d1080c1f9dde,6a74977a-a26d-42b4-a60b-8dabc726e57d,8598b85d-3e1d-4767-b72f-0c209038841f,Štepanja vas,2711
f174a648-9e84-492d-9ccd-0756b49c773b,acd87210-4e04-49b4-884b-1fe11c453bf4,N/A,N/A,4525
32ff2d5b-61ae-415b-941b-aeb1be1b5052,39650ca1-d08c-4645-ac1a-6aed84eb45c5,N/A,N/A,4525
46f20d33-601c-4ef6-b86c-7c2bb4af52fa,eead721b-8996-4e73-a2f9-02dba20df4fa,a0e0a21b-b8ce-4d76-bbc2-04e179367fee,Šola Jarše,1205
030363e5-99a3-401f-96db-a16a340ace21,7e0c8a32-21cb-46dc-8e50-9c4675dfa322,295616c0-387b-4f60-a337-7743cd6be04e,Bavarski dvor,397
7558099b-08a3-43bc-8056-49bcc5900a03,1ce1c3a8-e0f6-4f90-b1aa-1448759d8b3c,023d7b7a-b411-4e61-8746-b07f9e5c8f90,Ambrožev trg,2563
60d91c8b-d5a9-4ef4-927c-e241bc31f81a,1b0f629f-acdb-4e94-8c54-018f4334ebf7,N/A,N/A,4525
70231f13-be88-4e3a-a89a-5b4f436984d2,5aeac892-889f-4c5a-8fde-67e6ac096242,8598b85d-3e1d-4767-b72f-0c209038841f,Štepanja vas,4353
33613e0e-f41c-4cee-804a-3942bf698e3e,2628ca4f-8797-4672-aca9-47b325c58aac,4038e02e-f22f-4af0-ba4f-7aab855b53af,Kneza Koclja,402
6340ea93-391e-45b9-94b0-56d1d7c87e20,9cb18d2e-9bf3-436a-ab3a-7c52c5de1300,c87db9be-1fba-4102-a743-0ee4317dd5af,Bavarski dvor,647
cf22c7c2-776f-4bd7-ae1a-dc4f25983c19,f2fc2702-e9da-4c36-b6fc-9f52199e4574,7eb88e01-82e9-4af4-84d0-69c6ea9dc82c,Kolodvor,1986
eb165f50-9c43-4b09-9658-469a16d3dc83,34afe7f1-2d09-487f-983f-19c7dd5dae82,c87db9be-1fba-4102-a743-0ee4317dd5af,Bavarski dvor,1971
30e58784-86f6-4d93-8630-3cc3fc93c6f3,cbf8e64b-fd0d-48ec-8fb1-03b298cc13b3,N/A,N/A,4525
c0fb12dd-8cab-40da-a3aa-e8de9c6d09ed,c2827897-b9fe-4bfc-b4ed-880f11a2359e,b59656a4-b6e7-4b87-977c-078c59088a50,Hajdrihova,655
5c8bdb89-116a-4d5d-9db1-9be443070380,f2920a77-6c6c-494d-96b7-2a8caf8f374f,717dda7e-d793-4697-8f60-b64ee8b1edc4,Gosposvetska,1476
46f20d33-601c-4ef6-b86c-7c2bb4af52fa,5cc8a08d-c0af-491f-9a9c-b8b4f5f23bc0,f33b721f-a8a3-4aad-96f2-077da09ebaa6,Razstavišče,764
91fb6c6e-49cf-49d3-97d4-6ae228f9bfa1,c31b32c6-1ec2-48e9-9929-356fd0253540,717dda7e-d793-4697-8f60-b64ee8b1edc4,Gosposvetska,363
1c0c01ee-6258-4328-9d01-489eb421a8d9,2496479b-f855-403d-bce8-2a4d9988665d,N/A,N/A,4525
1069d764-9345-425d-8c4d-12d6ffa1fde1,3f0c15b3-99bd-4c12-8f7a-df06c9536526,c87db9be-1fba-4102-a743-0ee4317dd5af,Bavarski dvor,3743
a999f83e-4e6a-4ef9-9a10-e4a2c8a4a182,2154edb8-16e2-4334-8878-9e38abcdf06a,b59656a4-b6e7-4b87-977c-078c59088a50,Hajdrihova,953
521edd75-c364-480a-af9e-a1c9815b6dd7,100da88e-4c5f-4188-bd11-d4f3fc80fb74,9cfac7e2-9653-4e52-a6d3-27756d27f817,Kino Šiška,172
452f2b51-98fb-4a7c-bb0a-44577eb5e12b,406d6bb7-147c-4853-a917-e5c437b025e6,c87db9be-1fba-4102-a743-0ee4317dd5af,Bavarski dvor,130
d123fde4-aa91-49c3-83df-5ebf12af4e59,92928953-a289-4a44-a653-b7b6b4f5e1c2,f33b721f-a8a3-4aad-96f2-077da09ebaa6,Razstavišče,2697
5f6cb902-b824-4961-9ac2-75cf44a47055,72e6ae6e-bd4b-4946-a032-7ff9b8b41039,fef200e9-4d98-425b-ab14-8110e2aa85d7,Drama,589
ea80411c-360d-4a33-861c-6533a1d67eef,233daca5-913b-4e10-bf34-18b1c8c77019,5d7f28a6-2a2a-4333-aa06-48edfb652f86,Pošta,202
d5961b09-f5e8-4a0b-9bbb-2515ff0a8376,91b76764-87af-4b90-89dd-60f0046f7cc0,a2ce7e6f-0f99-443a-a973-81a0b9c60261,Astra,3843
d27a7320-71d6-48bc-a4f5-0f3e239575b8,099976aa-17cc-45d3-add4-267985ab1533,b59656a4-b6e7-4b87-977c-078c59088a50,Hajdrihova,660
5764ff17-c787-4918-b7bd-a2ed9c6d7dd1,de80f5fd-4572-4bb6-9e21-9860f5fa6b24,769b7bc7-4f95-4bb2-9c99-37ba8e8b4bd5,D. MOST P+R,1294
f11e48f8-4133-4c36-a36f-73b4f33d9592,8fbf17ab-413b-442c-9c6a-0eb8873a4755,6a89c110-a0f8-4b1a-87f0-33f49c0a658e,Šola Jarše,1627
07bad99d-070a-42f7-8766-d11d42152623,441545fb-7a0c-4555-aea8-01cbe6c14ea3,b59656a4-b6e7-4b87-977c-078c59088a50,Hajdrihova,997
55e3f615-be6c-43f4-9858-e199862771a4,6932c2e0-ff32-4170-b519-fba88e29c147,484b5c91-1220-43ba-af79-84e712fcc46b,Slovenija avto,341
d8289ab1-f65d-4b3d-8b4b-55ada004f023,8fbf17ab-413b-442c-9c6a-0eb8873a4755,484b5c91-1220-43ba-af79-84e712fcc46b,Slovenija avto,3829
ba846253-4c87-4120-8f1c-05a563bf3999,eba0daca-3696-4f72-a1dd-5f7b5fd02a63,N/A,N/A,4525
b905ae6a-f1e1-4057-8923-481902ed5a8e,cad3370f-7a28-4a47-8d5a-187adab3ca21,a719a87c-4e93-4387-a6d1-2631a487f7e0,Ajdovščina,2991
17f7d178-41b3-41f9-a545-cbfc22a0a5f1,7fad8003-fb10-489d-bf8d-6d433310ad90,7fa32ea0-e884-435a-a81c-51bbd5cedf3e,Zaloška,158
ba846253-4c87-4120-8f1c-05a563bf3999,d72032c7-d4b0-4eee-a87c-593985a42266,9cfac7e2-9653-4e52-a6d3-27756d27f817,Kino Šiška,934
4b847ac2-4c41-4fc1-a497-9ce4deaab8b1,56dbd8ff-6ec8-4186-b46c-f74ddb5a304a,a719a87c-4e93-4387-a6d1-2631a487f7e0,Ajdovščina,1830
ec88f05d-3035-4f09-8560-72571bc0b125,45754ca7-bffd-4bcf-96df-952e59574dde,N/A,N/A,4525
65e92ecc-800d-4962-a8bc-0f50f1107a5b,6a89c110-a0f8-4b1a-87f0-33f49c0a658e,454817d3-3750-49c7-994c-14d06fd2c634,Žale,653
c6c83930-96af-4cbe-93bf-072a618502a4,476c1b24-6f2f-4727-b610-645c50493814,295616c0-387b-4f60-a337-7743cd6be04e,Bavarski dvor,1959
dfde6478-02b5-471b-a470-29cb0e84542f,15eaf9b9-db6d-4586-9ad2-5bfa99719bfd,a719a87c-4e93-4387-a6d1-2631a487f7e0,Ajdovščina,1175
8c7fa045-888b-46d0-8189-6f82623bf481,4682c5fd-08cb-4af1-a3e2-6f1ee880a52d,98fa3880-5936-4ec8-ba04-39c7ff9a0e6a,Stara cerkev,1283
7294875b-8482-484a-b04d-95b921612001,9a480b5e-0283-4130-a5e2-9d5e996caa4f,484b5c91-1220-43ba-af79-84e712fcc46b,Slovenija avto,1184
acedfed0-a3ba-4fa3-8cd6-910783961f0a,edf94a12-03e9-4225-b6cc-aca0edf588a7,f14a6236-8af2-47bf-9270-432377662a63,Viadukt,1621
26d86ffa-b8df-49aa-a9c0-5fa7d3cfba77,4ac86a6a-874d-41a7-92a5-64ed733b7734,717dda7e-d793-4697-8f60-b64ee8b1edc4,Gosposvetska,1026
e73c7113-cb4a-4cd5-8df9-ffc5fd86590a,a719a87c-4e93-4387-a6d1-2631a487f7e0,f33b721f-a8a3-4aad-96f2-077da09ebaa6,Razstavišče,1356
d08c4884-9764-447f-9b79-0ef7a645222f,b2cf1f2c-3c77-4a23-891f-3cdbcda92f19,fef200e9-4d98-425b-ab14-8110e2aa85d7,Drama,384
5d91512b-af7f-4bbe-9dde-17f402fbf590,77c4dfcc-1122-4896-9983-8a5bd11320de,fef200e9-4d98-425b-ab14-8110e2aa85d7,Drama,221
97d3e896-2af7-40f9-bfbf-59cf3fcbf93a,d72032c7-d4b0-4eee-a87c-593985a42266,a719a87c-4e93-4387-a6d1-2631a487f7e0,Ajdovščina,3249
5dcffe2a-1c73-4f7c-bdac-4084bb5201aa,e0bcd677-6012-4c90-a884-44dffafdffec,N/A,N/A,4525
391bf42a-68a3-400a-baea-0c708f327325,ca8cbe57-95dc-4326-9c06-b60a87b981b1,c87db9be-1fba-4102-a743-0ee4317dd5af,Bavarski dvor,189
fef200e9-4d98-425b-ab14-8110e2aa85d7,6e7cab20-d7e3-474f-9a5e-f1e0ca6fae53,N/A,N/A,4525
aa113271-655f-423f-ad7e-4cfaba2eb739,318d4398-e152-498b-b4ff-1344c67adba6,4038e02e-f22f-4af0-ba4f-7aab855b53af,Kneza Koclja,1968
df63651e-45ab-4487-9429-9e604415b35c,0810f07b-94d6-442f-b10d-bf8210c4ed47,5d7f28a6-2a2a-4333-aa06-48edfb652f86,Pošta,1480
862efb04-bcf5-493a-929d-242fb91ba5f6,59faa0f0-34b1-47cd-ba3a-3b6f0d684c00,fef200e9-4d98-425b-ab14-8110e2aa85d7,Drama,1560
ab987eb0-c970-4577-8db9-0cd507a6cab6,21a5f1e3-8ac0-4023-95ca-0a3ff54099aa,c5ec5e81-2ce4-452d-bd7a-595de4f8b34f,Prušnikova,120
390d166c-b2fe-486c-bba5-38cd1ff64f48,9143c575-806f-4ba0-81bc-8199f0b0b4d0,6182f8e8-c45e-4606-b4a4-d909bd44d2cc,Gornji trg,1435
1e4be02a-ac61-41bc-b9b5-1ef7850313ed,b2dd8b3a-3710-4f07-b735-4bd183bfaade,a719a87c-4e93-4387-a6d1-2631a487f7e0,Ajdovščina,452
88cdd36c-03d2-4374-a22f-110dd9f75ea0,ab624858-605d-48c6-a660-d54c2e037a91,N/A,N/A,4525
ef91fd44-5651-4fd4-b6f8-619fdef9da7b,62feeb73-9af7-43ee-8714-1b435ec20263,295616c0-387b-4f60-a337-7743cd6be04e,Bavarski dvor,861
ab4e1412-1ac4-4864-8833-c1ddf48bec20,e73c7113-cb4a-4cd5-8df9-ffc5fd86590a,c87db9be-1fba-4102-a743-0ee4317dd5af,Bavarski dvor,2946
1df1835b-cfd3-40e7-9466-9c9d43642bed,4a90e424-11ab-43a8-b7e9-1c4f42fe2b7c,295616c0-387b-4f60-a337-7743cd6be04e,Bavarski dvor,2911
785ad018-d0fe-4628-b188-15f6dc71b38e,ba681dbc-ea72-4685-ad98-c5ed496510e6,f33b721f-a8a3-4aad-96f2-077da09ebaa6,Razstavišče,177
2388ce1f-c947-42d7-97f3-e01a7254c933,b5400e28-b0c3-4a02-9da2-084c465bd1d3,N/A,N/A,4525
4682c5fd-08cb-4af1-a3e2-6f1ee880a52d,454817d3-3750-49c7-994c-14d06fd2c634,0be237aa-4b91-4d2b-ac23-0cebac975a0d,Cankarjev dom,1120
98a75a4c-0ef8-4efa-8f0a-384fe8eafce0,01d1f388-d915-4e9f-bc3d-4432a73a216e,7fa32ea0-e884-435a-a81c-51bbd5cedf3e,Zaloška,3158
2f874852-bc80-4ff3-b6bf-a914e31251c8,6182f8e8-c45e-4606-b4a4-d909bd44d2cc,5d7f28a6-2a2a-4333-aa06-48edfb652f86,Pošta,3885
35dbaf26-2fa4-45c4-87fc-81d1ff13b005,117abbb4-5575-4020-aac4-2048f8d34b50,fef200e9-4d98-425b-ab14-8110e2aa85d7,Drama,395
c6c83930-96af-4cbe-93bf-072a618502a4,c3188d8e-c2d3-40e5-acc2-14bef70a5ff4,769b7bc7-4f95-4bb2-9c99-37ba8e8b4bd5,D. MOST P+R,1654
121b30dc-065b-4c76-aad2-a54a85c74d4d,d72032c7-d4b0-4eee-a87c-593985a42266,a719a87c-4e93-4387-a6d1-2631a487f7e0,Ajdovščina,782
e4635b94-348c-4c69-be85-1160488e5e43,cd5497dc-20a4-40b3-9adf-b380de5d9f16,295616c0-387b-4f60-a337-7743cd6be04e,Bavarski dvor,866
7c166e7c-6fe0-44bd-b124-0013473f227a,4a74b966-4fbf-41ab-8e1b-276f3f14fc49,a719a87c-4e93-4387-a6d1-2631a487f7e0,Ajdovščina,1325
521edd75-c364-480a-af9e-a1c9815b6dd7,712ee105-4fab-498a-af5c-496ca9830f5f,5d7f28a6-2a2a-4333-aa06-48edfb652f86,Pošta,2072
1b3d51e8-8b5e-4b31-a63e-9d665243c2f1,8f623f1d-48a7-46b5-9331-28a8dc980876,c87db9be-1fba-4102-a743-0ee4317dd5af,Bavarski dvor,538
9cb18d2e-9bf3-436a-ab3a-7c52c5de1300,c5ec5e81-2ce4-452d-bd7a-595de4f8b34f,769b7bc7-4f95-4bb2-9c99-37ba8e8b4bd5,D. MOST P+R,1854
923bd774-0651-4e0a-8624-3acfb7ecd5ff,ee3713fe-016c-47eb-96d1-f760c9d19010,5d7f28a6-2a2a-4333-aa06-48edfb652f86,Pošta,2159
0a4b6359-22f0-4caa-b4a8-f4edb97a0825,ea91e672-f4a8-40cb-af62-214726551a93,484b5c91-1220-43ba-af79-84e712fcc46b,Slovenija avto,1977
363564a6-9938-4bf5-8928-1cd191e9c2ef,be5fb719-eda2-4831-90c6-249248ea22dd,f33b721f-a8a3-4aad-96f2-077da09ebaa6,Razstavišče,538
ff74fc01-faf6-4a78-a782-d8365538e7de,ca575a45-9c95-4348-9245-8c75f70130b3,a7177a3d-8db2-43fb-8910-f95857f0ed97,Škocjan,12
1b27d65a-1008-4bc9-928e-f6cb43b03804,f174a648-9e84-492d-9ccd-0756b49c773b,fef200e9-4d98-425b-ab14-8110e2aa85d7,Drama,433
95be8f74-3ed5-4cf1-aabc-b1c0027ea628,3a50f545-2fe2-45a0-8ed6-01635603efed,N/A,N/A,4525
9b4a7d21-709f-4462-b602-c77d975df9e7,639551cf-fe23-4363-8ccd-655bc5d4119e,c87db9be-1fba-4102-a743-0ee4317dd5af,Bavarski dvor,473
bea9f247-4e88-4d7c-9387-8cd9342acb8c,a6b87518-2a7f-4505-898f-245ebe23c909,c87db9be-1fba-4102-a743-0ee4317dd5af,Bavarski dvor,522
6a89c110-a0f8-4b1a-87f0-33f49c0a658e,7c390857-8fc7-49b5-9c9d-e5535d360148,N/A,N/A,4525
7c166e7c-6fe0-44bd-b124-0013473f227a,da623aed-094d-4c3c-9766-9f0aba0f40f6,fef200e9-4d98-425b-ab14-8110e2aa85d7,Drama,421
4bd4913f-8597-4ea0-b219-4e9b15dcbb62,5de6ff80-1352-43df-b5ec-1df59f2f492b,7eb88e01-82e9-4af4-84d0-69c6ea9dc82c,Kolodvor,101
7b822496-7ea4-4ce8-b78c-1d021c68a9ed,e468b92f-fa4a-4819-bb11-37761deaf4ca,f33b721f-a8a3-4aad-96f2-077da09ebaa6,Razstavišče,1647
1c0c01ee-6258-4328-9d01-489eb421a8d9,52407970-4547-4323-a632-8db4ed0b040f,fef200e9-4d98-425b-ab14-8110e2aa85d7,Drama,1103
8f623f1d-48a7-46b5-9331-28a8dc980876,36c7bbd0-50d7-4b5d-b9b3-9dadd37ac50b,c87db9be-1fba-4102-a743-0ee4317dd5af,Bavarski dvor,286
b2cf1f2c-3c77-4a23-891f-3cdbcda92f19,5a2def68-fa57-4002-a942-e39bc2a87688,c22879e5-8e90-4540-9a74-5f139208e492,Friškovec,265
5f2b93f1-7933-45ed-915c-4488ab8d81b7,0b6960bb-2431-48c3-9e64-3cbf5c57ea96,N/A,N/A,4525
d987aa3a-ae4a-42f6-bc9b-79c41dcf055a,4038e02e-f22f-4af0-ba4f-7aab855b53af,a0e0a21b-b8ce-4d76-bbc2-04e179367fee,Šola Jarše,174
bf64b499-211b-4da8-ace2-f12a17608ae3,3f0c15b3-99bd-4c12-8f7a-df06c9536526,b59656a4-b6e7-4b87-977c-078c59088a50,Hajdrihova,246
4b456495-fb29-4ff3-b48b-4090bc51514e,e9382efd-d64d-46b0-9a7d-a4e6a0188725,a0b1fb90-3f6a-4231-910a-18be192ac762,Flajšmanova,341
5881f75e-9383-49b0-811d-04c864ba1605,022ef61f-a226-42e8-b11d-30cf9f9a6688,c87db9be-1fba-4102-a743-0ee4317dd5af,Bavarski dvor,80
717dda7e-d793-4697-8f60-b64ee8b1edc4,627be449-8b6a-40f4-a57c-09ccdacccb66,f33b721f-a8a3-4aad-96f2-077da09ebaa6,Razstavišče,1514
a8af1032-30bf-4f7b-a921-28d2f712fd24,e57aad1d-457e-401f-b26d-306b4fd836eb,a719a87c-4e93-4387-a6d1-2631a487f7e0,Ajdovščina,893
b56664c0-1dc1-42c5-b10b-52c3fb0dd042,61485a1f-73a8-4dac-bcc7-6e4e53eb4b0f,fef200e9-4d98-425b-ab14-8110e2aa85d7,Drama,1120
48c9ec48-2b87-4945-a077-808839f98e74,cad3370f-7a28-4a47-8d5a-187adab3ca21,48b163cd-b819-4849-aee1-8b1da77657ab,Šentvid,2010
5de84f88-3f32-4636-8c30-03cc267ecf37,7bcbdcaa-00b9-47d4-8982-09da26cd7bcb,ac3afe7d-a2b3-4d5d-9e6a-1d2412a3bc70,Litostrojska,338
d06c6c8a-c136-4b7a-9c13-b26ba0c04029,be5fb719-eda2-4831-90c6-249248ea22dd,c87db9be-1fba-4102-a743-0ee4317dd5af,Bavarski dvor,702
34ead609-4331-48ab-8e82-52dd70da9832,97627b9b-fa2e-461a-97ea-a15df7599598,9a1c4c65-df77-481f-87ad-56143f02a864,Vižmarje,3483
35dbaf26-2fa4-45c4-87fc-81d1ff13b005,e8d0bfd1-b300-4eae-8f85-79266066bb3c,a0b1fb90-3f6a-4231-910a-18be192ac762,Flajšmanova,100
1e157c31-d34d-4c2e-91b4-8c000c88f6dd,7a52a73a-cc0e-4c61-b9bc-306157727e1c,aa42017d-812a-4175-bc9b-0fec03b18931,Ambrožev trg,1919
24df120e-0d0c-4353-8dda-c7ef0dc3dd5c,a2f479c6-4c21-4923-b4ac-86f752507cee,N/A,N/A,4525
db13a26e-19d4-4b8a-a78a-01ef25d58834,121b30dc-065b-4c76-aad2-a54a85c74d4d,5d7f28a6-2a2a-4333-aa06-48edfb652f86,Pošta,2834
476b2caa-710a-47fe-9743-4d75d7ada5fb,45bff76d-bb00-455b-aa12-7ea49ad9a4f0,f4cfd904-bd11-4247-95df-32c4555a930f,Klinični center,182
caac4c1a-13e4-4afa-b467-65d90a8fbd44,55f1ae46-11e5-4270-991f-f09dae6c58bf,c87db9be-1fba-4102-a743-0ee4317dd5af,Bavarski dvor,400
392949a1-1ada-4196-9073-6f392638ca49,8a224b7d-24ae-4c7b-8318-f66ac8cc078b,fef200e9-4d98-425b-ab14-8110e2aa85d7,Drama,319
659ee31d-ae12-4498-8507-28579d322e32,0bb103e4-c4a6-4c4c-a13d-217ab4e6dfd3,fef200e9-4d98-425b-ab14-8110e2aa85d7,Drama,1878
d4c25d68-c340-431b-a646-7680fe0cefee,9cfac7e2-9653-4e52-a6d3-27756d27f817,a0b1fb90-3f6a-4231-910a-18be192ac762,Flajšmanova,1511
8a224b7d-24ae-4c7b-8318-f66ac8cc078b,cbf8e64b-fd0d-48ec-8fb1-03b298cc13b3,295616c0-387b-4f60-a337-7743cd6be04e,Bavarski dvor,3931
548a85bd-f15f-427b-ad90-43cb50e9e31a,ee3713fe-016c-47eb-96d1-f760c9d19010,fef200e9-4d98-425b-ab14-8110e2aa85d7,Drama,2335
8d775324-59ca-429e-ad7e-8d522c52dbdd,45754ca7-bffd-4bcf-96df-952e59574dde,295616c0-387b-4f60-a337-7743cd6be04e,Bavarski dvor,29
b6816891-4b0d-4bda-8e12-176194efaefe,48c9ec48-2b87-4945-a077-808839f98e74,c87db9be-1fba-4102-a743-0ee4317dd5af,Bavarski dvor,1923
9c57d59a-53f8-4a16-b279-2ab1745ea230,9cc88862-270a-409a-b450-e0003c7930af,f33b721f-a8a3-4aad-96f2-077da09ebaa6,Razstavišče,3403
36d25599-0bed-48a0-bcb4-134be8a959fe,2c0475be-44e7-4f0f-a06d-2c1b4ca15677,b59656a4-b6e7-4b87-977c-078c59088a50,Hajdrihova,1665
2838f674-f6e9-4eb5-a99c-1d0ac7903ca1,f15ddf31-fc11-41ba-988d-376c83e38f58,295616c0-387b-4f60-a337-7743cd6be04e,Bavarski dvor,1855
32ff2d5b-61ae-415b-941b-aeb1be1b5052,67c3adc1-a92d-4528-91ee-77d8b52574c6,N/A,N/A,4525
e1e80207-5c23-47c0-a63a-121003b22807,245bb1a4-ea6e-45b4-8331-b50983655326,f33b721f-a8a3-4aad-96f2-077da09ebaa6,Razstavišče,1767
0bb103e4-c4a6-4c4c-a13d-217ab4e6dfd3,484b5c91-1220-43ba-af79-84e712fcc46b,f4cfd904-bd11-4247-95df-32c4555a930f,Klinični center,2385
6a0b25cc-428e-47b5-831a-e89facfa7f26,e333d90d-3eef-4d82-9e00-ebe693e2f389,21764d19-62cc-49fd-bac9-403aeac6a6b9,Ježica,2948
5b59d508-0860-4f50-b5ab-72a79046b488,67c3adc1-a92d-4528-91ee-77d8b52574c6,fef200e9-4d98-425b-ab14-8110e2aa85d7,Drama,117
7b822496-7ea4-4ce8-b78c-1d021c68a9ed,fcfe6ac9-74b3-4c13-96b7-6041f1454813,a719a87c-4e93-4387-a6d1-2631a487f7e0,Ajdovščina,133
e6f5183b-c615-4f47-b4fb-204ee070e825,a378ce5e-57ce-4c52-b219-568674b5cd5e,5d7f28a6-2a2a-4333-aa06-48edfb652f86,Pošta,4282
2496479b-f855-403d-bce8-2a4d9988665d,ef005e77-f3b8-4171-b681-1294d0e4732b,21764d19-62cc-49fd-bac9-403aeac6a6b9,Ježica,1937
10449641-799e-4ee4-a712-a6e3a9aefc27,1308dcf9-a9e1-4e54-95c9-0f2afaac889b,5d7f28a6-2a2a-4333-aa06-48edfb652f86,Pošta,343
b6816891-4b0d-4bda-8e12-176194efaefe,98f728a3-94a6-4911-98d7-64ab88097036,fef200e9-4d98-425b-ab14-8110e2aa85d7,Drama,353
521edd75-c364-480a-af9e-a1c9815b6dd7,e7789f42-0ad7-44d1-974b-42a3f4957291,fef200e9-4d98-425b-ab14-8110e2aa85d7,Drama,246
698551c1-7bb2-4f7e-9701-23b7667e8594,b2dd8b3a-3710-4f07-b735-4bd183bfaade,fef200e9-4d98-425b-ab14-8110e2aa85d7,Drama,2075
11d74c00-da13-4cad-883e-c6dcf8edcbe8,f2fc2702-e9da-4c36-b6fc-9f52199e4574,a719a87c-4e93-4387-a6d1-2631a487f7e0,Ajdovščina,671
1eadcdb9-60cd-47c9-8eec-527c3465a685,acd87210-4e04-49b4-884b-1fe11c453bf4,N/A,N/A,4525
ba846253-4c87-4120-8f1c-05a563bf3999,73e6ef23-ef0c-41bf-9960-0e3078b94d23,cdabf1ea-b04c-480a-8359-72c46e6864ab,Bežigrad,2060
476c1b24-6f2f-4727-b610-645c50493814,0760a037-cd94-4936-89b6-45ce9bd19917,f33b721f-a8a3-4aad-96f2-077da09ebaa6,Razstavišče,145
5b184752-5bd2-43e3-9243-dfc8969d9065,dba19980-8ca1-4847-b9b5-8cd419374ae2,N/A,N/A,4525
bb1ac8b9-5cb2-49f2-8d5c-d7fe4afdd5dd,2323bf9e-1a47-4409-b9c8-398a035c8d12,c87db9be-1fba-4102-a743-0ee4317dd5af,Bavarski dvor,1346
3c6ebf90-c611-4535-b2b0-22fba3f7649a,505865ea-cdea-4042-bdb2-b2f4f03889cb,c87db9be-1fba-4102-a743-0ee4317dd5af,Bavarski dvor,21
5fa77d25-e7a3-42db-8cc9-52b612d5de19,6cc5af3b-67ea-47f3-9e8a-10946c32b906,N/A,N/A,4525
16578e36-c682-4083-bd29-4973445dc0fe,cf6f67f5-f7df-4462-828b-481134217fad,295616c0-387b-4f60-a337-7743cd6be04e,Bavarski dvor,1948
88cdd36c-03d2-4374-a22f-110dd9f75ea0,35aedf45-cca3-4f2f-931b-138d29d20fe9,c87db9be-1fba-4102-a743-0ee4317dd5af,Bavarski dvor,728
c31b32c6-1ec2-48e9-9929-356fd0253540,106bdc28-f0fe-4f13-b4ad-6c6a630550b5,6559d555-672b-4633-8a81-0ae68fb963eb,ZD POLJE,1700
7b41ca8e-2e41-4572-aa5c-1d80375e8835,4a74b966-4fbf-41ab-8e1b-276f3f14fc49,fb0042f8-d9e2-4916-b60a-38a026acf0c9,Leskoškova,1576
d861c2ce-106a-4b95-a4fc-2af355c0bbf0,6e7cab20-d7e3-474f-9a5e-f1e0ca6fae53,98fa3880-5936-4ec8-ba04-39c7ff9a0e6a,Stara cerkev,118
d861c2ce-106a-4b95-a4fc-2af355c0bbf0,9bb1ed3b-5a6f-43c7-afaf-ba2b60ca1a7a,N/A,N/A,4525
1e157c31-d34d-4c2e-91b4-8c000c88f6dd,cf6f67f5-f7df-4462-828b-481134217fad,fef200e9-4d98-425b-ab14-8110e2aa85d7,Drama,345
5bc3addd-b076-4c60-b850-39f90e674b75,53806659-b339-4e68-af4a-4325c16b6026,fef200e9-4d98-425b-ab14-8110e2aa85d7,Drama,107
8f56b058-1ae3-44f5-8600-4330f2264d78,fbd1dfb0-4a6f-4160-ad52-5ccb69530195,6182f8e8-c45e-4606-b4a4-d909bd44d2cc,Gornji trg,2086
030363e5-99a3-401f-96db-a16a340ace21,33613e0e-f41c-4cee-804a-3942bf698e3e,6182f8e8-c45e-4606-b4a4-d909bd44d2cc,Gornji trg,1157
18d010ca-0244-4928-82cb-47af0836a1bb,31e6db90-ba65-4c49-90c0-317fb92596b3,295616c0-387b-4f60-a337-7743cd6be04e,Bavarski dvor,2398
53c3c8c9-2e64-4a8f-9afb-031b24c17d5a,b4634750-8d91-4625-b40d-1da9665e70f6,f2b27cbd-5207-4281-8f67-6369d0c50a9b,Kodrova,308
125d4928-6b97-4a4b-af34-a2d1564c029c,5b59d508-0860-4f50-b5ab-72a79046b488,fef200e9-4d98-425b-ab14-8110e2aa85d7,Drama,172
08506f21-8675-4972-a359-ba9412a1da49,92928953-a289-4a44-a653-b7b6b4f5e1c2,295616c0-387b-4f60-a337-7743cd6be04e,Bavarski dvor,102
aa42017d-812a-4175-bc9b-0fec03b18931,60edf514-fd83-400b-b86f-881f7eff258b,a719a87c-4e93-4387-a6d1-2631a487f7e0,Ajdovščina,364
e57aad1d-457e-401f-b26d-306b4fd836eb,a12cff7f-91e5-4f1e-be40-1a9b34ae792a,1ce1c3a8-e0f6-4f90-b1aa-1448759d8b3c,Astra,1862
80c65758-5f25-4003-8d55-10ff96fe8310,f5d8583f-6e9d-4996-b803-74bf3cd0b602,b59656a4-b6e7-4b87-977c-078c59088a50,Hajdrihova,1140
b7834e14-7e86-4df5-83ce-006c93c31c00,1b3d51e8-8b5e-4b31-a63e-9d665243c2f1,fef200e9-4d98-425b-ab14-8110e2aa85d7,Drama,1175
c71e1e0c-780a-4d46-8b33-09aebbbcfcd8,7e0c8a32-21cb-46dc-8e50-9c4675dfa322,f33b721f-a8a3-4aad-96f2-077da09ebaa6,Razstavišče,1409
ee7e3c65-72e8-465e-a9a3-a9370ec1f314,aa42017d-812a-4175-bc9b-0fec03b18931,fef200e9-4d98-425b-ab14-8110e2aa85d7,Drama,247
e9035f9a-28be-450a-a30c-7178134ff26b,e8d0bfd1-b300-4eae-8f85-79266066bb3c,c22879e5-8e90-4540-9a74-5f139208e492,Friškovec,460
9afb36ea-c2ae-4bbb-9644-3a6c65bb1c7d,a378ce5e-57ce-4c52-b219-568674b5cd5e,295616c0-387b-4f60-a337-7743cd6be04e,Bavarski dvor,1886
815a2c5e-19a1-41b0-bca4-69dca8912326,ba681dbc-ea72-4685-ad98-c5ed496510e6,N/A,N/A,4525
d9df365b-7e54-4d22-b2e9-3b548d48ad59,60ccc570-3714-410b-aa31-43d3a4c593c8,c87db9be-1fba-4102-a743-0ee4317dd5af,Bavarski dvor,1360
bb606ad8-8a10-4034-9862-60cc177d2455,fb7704f0-d31e-4561-83e4-621a8c62654b,N/A,N/A,4525
d2e3d9f5-0203-49a4-8ea1-455e2434a347,61926b26-d777-483f-ae79-86766c48793b,N/A,N/A,4525
25c85d19-456c-4188-b563-15ad467a54c7,db13a26e-19d4-4b8a-a78a-01ef25d58834,c87db9be-1fba-4102-a743-0ee4317dd5af,Bavarski dvor,2659
24ab9d18-4fb9-4e7e-b48c-d5cdc9cd1305,d4c25d68-c340-431b-a646-7680fe0cefee,c87db9be-1fba-4102-a743-0ee4317dd5af,Bavarski dvor,58
edf94a12-03e9-4225-b6cc-aca0edf588a7,5dcffe2a-1c73-4f7c-bdac-4084bb5201aa,1e157c31-d34d-4c2e-91b4-8c000c88f6dd,Kardeljeva ploščad,1192
4e8ccfa1-b58c-4ee1-ad82-2e8a645071f3,e2499103-6634-4d8e-87a8-68dc5ef6340c,5d7f28a6-2a2a-4333-aa06-48edfb652f86,Pošta,227
4f681273-89fe-44f9-aaec-76950722cc52,0334e79e-7a89-44e9-a463-5af813e64a40,fef200e9-4d98-425b-ab14-8110e2aa85d7,Drama,1126
192b7b6a-b138-4569-a4f3-86bef6b20810,717c914e-f928-4671-95f6-26c1ddb95799,6a89c110-a0f8-4b1a-87f0-33f49c0a658e,Šola Jarše,801
6182f8e8-c45e-4606-b4a4-d909bd44d2cc,2beb7011-982a-4349-be22-addf1c3bdec7,484b5c91-1220-43ba-af79-84e712fcc46b,Slovenija avto,1763
6c56976b-4ae1-429f-bcab-0cfc37e3580d,67d66d40-e8ba-4bc0-a9cf-814dce3ccbea,fef200e9-4d98-425b-ab14-8110e2aa85d7,Drama,4207
83a62071-0161-47a2-b745-eafb5e945632,baab981f-b707-4b2e-8291-6175f7ceb255,9cfac7e2-9653-4e52-a6d3-27756d27f817,Kino Šiška,1332
25c85d19-456c-4188-b563-15ad467a54c7,af820908-f71f-4c46-82c2-e7616f9c21fb,9cfac7e2-9653-4e52-a6d3-27756d27f817,Kino Šiška,1151
7d628170-e2eb-47fd-9d3e-658acf78d7d3,bbe542ee-a3f6-43cf-b23a-077c28b7d19a,N/A,N/A,4525
6cc5af3b-67ea-47f3-9e8a-10946c32b906,c20233f2-94bc-4c21-9d2a-9b129b668487,N/A,N/A,4525
59d96e2c-3ee3-4581-840a-3ddaf0003743,c8f784f8-ce92-4773-8d90-c6bed3513ce0,N/A,N/A,4525
eb11d52f-300b-4648-a2e8-ed03db9ff7e2,e73c7113-cb4a-4cd5-8df9-ffc5fd86590a,N/A,N/A,4525
f0661242-947b-4937-a9ce-d2a135cd62a7,cddb3822-7daf-4cae-9cc3-6b191e81326b,fef200e9-4d98-425b-ab14-8110e2aa85d7,Drama,551
a7177a3d-8db2-43fb-8910-f95857f0ed97,8f623f1d-48a7-46b5-9331-28a8dc980876,N/A,N/A,4525
aee8e842-6083-48a7-b14f-cc3d112537bb,4a74b966-4fbf-41ab-8e1b-276f3f14fc49,717dda7e-d793-4697-8f60-b64ee8b1edc4,Gosposvetska,2717
e0bcd677-6012-4c90-a884-44dffafdffec,98b60d07-8054-441a-be44-be7aa24f4253,38b3abed-0592-407b-96c3-85a026f2e192,Dalmatinova,751
cc9cbd94-6da7-41ff-a728-cfd4b47dfcc0,e9d9f622-7394-4c5c-9031-a41855a64aa7,48b163cd-b819-4849-aee1-8b1da77657ab,Šentvid,1785
dac8d2a7-89e4-4aec-948d-00db4833ce7c,c5527a65-5265-43de-b703-7c7d494d190c,48b163cd-b819-4849-aee1-8b1da77657ab,Šentvid,2722
45754ca7-bffd-4bcf-96df-952e59574dde,156a6f62-9a67-4cf0-ad56-85a343c77cd2,5d7f28a6-2a2a-4333-aa06-48edfb652f86,Pošta,835
59faa0f0-34b1-47cd-ba3a-3b6f0d684c00,d98335a0-1291-4d4c-be62-16b11c356575,6182f8e8-c45e-4606-b4a4-d909bd44d2cc,Gornji trg,292
476b2caa-710a-47fe-9743-4d75d7ada5fb,97627b9b-fa2e-461a-97ea-a15df7599598,98fa3880-5936-4ec8-ba04-39c7ff9a0e6a,Stara cerkev,284
66012072-6b6b-4775-8001-0887d18e09a3,c8f784f8-ce92-4773-8d90-c6bed3513ce0,N/A,N/A,4525
97627b9b-fa2e-461a-97ea-a15df7599598,d6ae97e7-23b5-48d6-a9fa-2a2624e9f434,6182f8e8-c45e-4606-b4a4-d909bd44d2cc,Gornji trg,1541
c8f784f8-ce92-4773-8d90-c6bed3513ce0,16d19639-a788-4df6-a168-6f8c3652ded7,N/A,N/A,4525
815a2c5e-19a1-41b0-bca4-69dca8912326,1c0ae078-cca7-40c8-aeda-1187a12ddfee,5d7f28a6-2a2a-4333-aa06-48edfb652f86,Pošta,268
b91edda3-a147-4599-bebf-85e145de085b,9807573b-8821-40e4-b891-a5cea6e23b3d,a719a87c-4e93-4387-a6d1-2631a487f7e0,Ajdovščina,9
111b2cdc-67ca-47bc-a8eb-8a4c6a0674d9,459f82d2-cbe4-414b-b66b-0b794ea958ed,295616c0-387b-4f60-a337-7743cd6be04e,Bavarski dvor,637
a4545f57-dab0-4ca0-9da3-5bc96d80f104,d3a06374-ab12-456b-9c00-55461af341fa,5d7f28a6-2a2a-4333-aa06-48edfb652f86,Pošta,616
9276fcfb-0f7e-4df3-b827-325600851526,88cdd36c-03d2-4374-a22f-110dd9f75ea0,6a89c110-a0f8-4b1a-87f0-33f49c0a658e,Šola Jarše,4
6afef238-01cd-4ad0-859d-2056b5d4a63f,7310c006-62b8-4f94-bb9c-d5c26cb3faad,c87db9be-1fba-4102-a743-0ee4317dd5af,Bavarski dvor,4522
7a52a73a-cc0e-4c61-b9bc-306157727e1c,3f0c15b3-99bd-4c12-8f7a-df06c9536526,c87db9be-1fba-4102-a743-0ee4317dd5af,Bavarski dvor,505
29589594-5959-4efb-8dda-7348e4e500a0,2e62f411-936d-4a10-96ed-2d8fe95d6d65,fef200e9-4d98-425b-ab14-8110e2aa85d7,Drama,1540
3a50f545-2fe2-45a0-8ed6-01635603efed,c969f066-aab5-466d-b4db-48e651a4a12e,a719a87c-4e93-4387-a6d1-2631a487f7e0,Ajdovščina,3440
a7af0c5d-2297-40e2-a6e0-506f6aadba0a,339ec74c-f45b-4f23-98b8-7ac67486ff6d,b59656a4-b6e7-4b87-977c-078c59088a50,Hajdrihova,1305
a33e6b1f-de56-43aa-9a52-f7064636ab79,4d57f6bd-7ba7-4f07-8aa1-ecac0b09e8db,fef200e9-4d98-425b-ab14-8110e2aa85d7,Drama,67
9583dbdd-06fd-411e-88dd-af8f89e2caaa,c969f066-aab5-466d-b4db-48e651a4a12e,295616c0-387b-4f60-a337-7743cd6be04e,Bavarski dvor,2966
824255dc-9be8-4f7b-9b69-2bd4e5a3fc27,eec159d0-4b1b-4706-9a5d-a00ddcbea9f5,295616c0-387b-4f60-a337-7743cd6be04e,Bavarski dvor,3020
08071ba1-570f-487b-9a36-01a046fb2788,0dc86a8f-0f41-44c7-978c-e06cb63cbbcf,295616c0-387b-4f60-a337-7743cd6be04e,Bavarski dvor,476
4d57f6bd-7ba7-4f07-8aa1-ecac0b09e8db,bc19ad1c-00fc-47f1-926e-ddeb12f686ba,295616c0-387b-4f60-a337-7743cd6be04e,Bavarski dvor,891
d867fec1-5147-43db-b004-08d2797f50e3,39650ca1-d08c-4645-ac1a-6aed84eb45c5,c87db9be-1fba-4102-a743-0ee4317dd5af,Bavarski dvor,4280
fb662324-f307-452f-9b00-0275dadfd382,acedfed0-a3ba-4fa3-8cd6-910783961f0a,21764d19-62cc-49fd-bac9-403aeac6a6b9,Ježica,1596
5c246f67-4431-4968-8d64-2ae4b823e360,452f2b51-98fb-4a7c-bb0a-44577eb5e12b,b59656a4-b6e7-4b87-977c-078c59088a50,Hajdrihova,1665
595ee2ab-3022-469d-a3e1-0c87d7dfb14d,1a1ee974-5091-4fa7-96a2-0c2508892aa3,cdabf1ea-b04c-480a-8359-72c46e6864ab,Bežigrad,870
2f874852-bc80-4ff3-b6bf-a914e31251c8,c71e1e0c-780a-4d46-8b33-09aebbbcfcd8,f4cfd904-bd11-4247-95df-32c4555a930f,Klinični center,2353
596e3cfe-bd4c-4afa-ba4c-33172dba9be1,49f28358-bfda-458e-a4b3-a45f602765c1,N/A,N/A,4525
3fbf6322-fb74-4a50-a81a-bfca73abc26b,27788b38-4743-4e04-9b9c-94faeeeb2d34,c87db9be-1fba-4102-a743-0ee4317dd5af,Bavarski dvor,2009
b2dd8b3a-3710-4f07-b735-4bd183bfaade,476c1b24-6f2f-4727-b610-645c50493814,295616c0-387b-4f60-a337-7743cd6be04e,Bavarski dvor,374
29096931-9d98-487f-bd0a-b0767611e561,f414efd9-d697-4bbe-abb6-c9e09fd73514,N/A,N/A,4525
5dcffe2a-1c73-4f7c-bdac-4084bb5201aa,99b82632-116f-421b-9320-d5a53e522155,c87db9be-1fba-4102-a743-0ee4317dd5af,Bavarski dvor,277
c31b32c6-1ec2-48e9-9929-356fd0253540,9e0942f3-2c18-4891-9b51-9d95cc43af7a,6182f8e8-c45e-4606-b4a4-d909bd44d2cc,Gornji trg,2321
91745353-dd19-49ee-beaf-332e546dcceb,37fc313d-1f45-49c9-9059-4f96f44a6682,9cfac7e2-9653-4e52-a6d3-27756d27f817,Kino Šiška,2602
66a82f60-b1d1-4251-a715-178300014f18,1536cb2e-acd3-49cb-8f06-bb8cd40c0c02,c87db9be-1fba-4102-a743-0ee4317dd5af,Bavarski dvor,2459
3f01eb40-651e-4fad-aff9-2ee27f259f64,52e5adea-e194-4fc1-809c-1d6421f8f8db,a719a87c-4e93-4387-a6d1-2631a487f7e0,Ajdovščina,1452
12304b99-9a07-485a-a101-eaca90495d48,8fc42c89-96e2-4c69-a2b4-44d505f27ce9,6182f8e8-c45e-4606-b4a4-d909bd44d2cc,Gornji trg,1652
d4d4230a-5247-4071-baa4-463321d9d934,47637057-8d6a-4cf9-bd56-3ac90748fcc4,295616c0-387b-4f60-a337-7743cd6be04e,Bavarski dvor,299
2f874852-bc80-4ff3-b6bf-a914e31251c8,1b3d51e8-8b5e-4b31-a63e-9d665243c2f1,609f0950-bb8c-4eaf-a931-8575b8aff1ac,Savske stolpnice,4
dac8d2a7-89e4-4aec-948d-00db4833ce7c,363e4763-df83-4814-99d2-879d448d5910,717dda7e-d793-4697-8f60-b64ee8b1edc4,Gosposvetska,212
d9a82add-03d0-47d8-9f35-117b7a5ded44,b0d473cd-f35e-4a30-8d0d-70f16b92e8e8,dfde6478-02b5-471b-a470-29cb0e84542f,Slovenija avto,1186
452f2b51-98fb-4a7c-bb0a-44577eb5e12b,39b60288-c9ac-4bc2-825b-524dec52182d,295616c0-387b-4f60-a337-7743cd6be04e,Bavarski dvor,1324
4abe5e63-5707-4ef0-acda-ab2c52749afe,d7d43617-ef41-4f9e-bbad-670d515d926a,N/A,N/A,4525
b5e26d7f-8a91-4360-9811-2e8e05d27382,32abc648-685c-47b0-bbc4-203371ec2699,ef31a8be-b01d-44cd-95cf-3db8e918af26,Emona,4066
27788b38-4743-4e04-9b9c-94faeeeb2d34,8dde1a7b-e3ec-4675-8409-2a2c4ae696c7,295616c0-387b-4f60-a337-7743cd6be04e,Bavarski dvor,223
f66a1f18-4c18-4317-b929-fb616cc7cebc,4ac86a6a-874d-41a7-92a5-64ed733b7734,7fad8003-fb10-489d-bf8d-6d433310ad90,Nove Jarše,537
f4cfd904-bd11-4247-95df-32c4555a930f,d72032c7-d4b0-4eee-a87c-593985a42266,98fa3880-5936-4ec8-ba04-39c7ff9a0e6a,Stara cerkev,2899
5aeac892-889f-4c5a-8fde-67e6ac096242,075a6b29-66cb-409f-89fe-37d50669eff4,2ec182e2-769f-427f-b9b5-c4118890cb96,Stožice,2875
79a5bacd-8b59-4d83-99e8-26e3c5b1490b,b6816891-4b0d-4bda-8e12-176194efaefe,717dda7e-d793-4697-8f60-b64ee8b1edc4,Gosposvetska,2258
5e732249-14ec-4efe-bae1-7f9ca722f7ae,c3534bc6-7bfd-43be-b46a-2b0fced57ab8,N/A,N/A,4525
712ee105-4fab-498a-af5c-496ca9830f5f,4bd4913f-8597-4ea0-b219-4e9b15dcbb62,c87db9be-1fba-4102-a743-0ee4317dd5af,Bavarski dvor,909
9dfc0a62-bf4d-4670-83d0-4e26a6e56b32,62feeb73-9af7-43ee-8714-1b435ec20263,5d7f28a6-2a2a-4333-aa06-48edfb652f86,Pošta,2781
c6eab761-36e0-4bf8-88ed-48e594ed375b,e9035f9a-28be-450a-a30c-7178134ff26b,295616c0-387b-4f60-a337-7743cd6be04e,Bavarski dvor,1747
216a26dc-11c2-432b-b099-0d55d508b7fa,86a75ffc-a78f-401f-8991-2eb0371417b2,295616c0-387b-4f60-a337-7743cd6be04e,Bavarski dvor,1295
b6816891-4b0d-4bda-8e12-176194efaefe,1035c6f7-304e-4329-a3b2-4eb5d985a577,N/A,N/A,4525
27788b38-4743-4e04-9b9c-94faeeeb2d34,9807573b-8821-40e4-b891-a5cea6e23b3d,c87db9be-1fba-4102-a743-0ee4317dd5af,Bavarski dvor,1866
f1b7471e-db71-49da-846d-1232cb3e8f8f,815a2c5e-19a1-41b0-bca4-69dca8912326,c87db9be-1fba-4102-a743-0ee4317dd5af,Bavarski dvor,832
67c3adc1-a92d-4528-91ee-77d8b52574c6,0b6960bb-2431-48c3-9e64-3cbf5c57ea96,a719a87c-4e93-4387-a6d1-2631a487f7e0,Ajdovščina,1059
da656f17-9723-4cbe-a008-823cbad17c28,7fa32ea0-e884-435a-a81c-51bbd5cedf3e,a719a87c-4e93-4387-a6d1-2631a487f7e0,Ajdovščina,343
a1406782-3114-407c-8e35-35bcf5a1234b,4ab506fa-0fcd-431b-ace7-19ffa5f0576a,5d7f28a6-2a2a-4333-aa06-48edfb652f86,Pošta,618
e82569a6-73f3-4002-b7b5-0f83ee167535,60d91c8b-d5a9-4ef4-927c-e241bc31f81a,717dda7e-d793-4697-8f60-b64ee8b1edc4,Gosposvetska,515
454817d3-3750-49c7-994c-14d06fd2c634,b4b7f450-4397-42d2-9d1e-39f786eecc2e,f33b721f-a8a3-4aad-96f2-077da09ebaa6,Razstavišče,2194
aee8e842-6083-48a7-b14f-cc3d112537bb,8441d439-8d1d-40b8-b3d5-7b9c56848b43,88cdd36c-03d2-4374-a22f-110dd9f75ea0,Kajuhova,2296
192b7b6a-b138-4569-a4f3-86bef6b20810,a769d1e9-8727-4190-b56c-5cdd8a49333d,717dda7e-d793-4697-8f60-b64ee8b1edc4,Gosposvetska,92
6a89c110-a0f8-4b1a-87f0-33f49c0a658e,e26da28a-b9c3-41b8-b57f-87b289b38e08,295616c0-387b-4f60-a337-7743cd6be04e,Bavarski dvor,1840
7c37b809-4d6d-497c-a53d-38663e91c088,caac4c1a-13e4-4afa-b467-65d90a8fbd44,db13a26e-19d4-4b8a-a78a-01ef25d58834,Ježica,962
46a50a09-9bae-460b-a7b6-457d288c5a9f,271db19a-744b-41a0-869d-0c3e0e2cb6bf,N/A,N/A,4525
311a0b74-0787-484b-b414-8adf1cd4cf58,f2b27cbd-5207-4281-8f67-6369d0c50a9b,fef200e9-4d98-425b-ab14-8110e2aa85d7,Drama,2812
717c914e-f928-4671-95f6-26c1ddb95799,7554bb81-1144-4263-999d-f6e358d808fe,c87db9be-1fba-4102-a743-0ee4317dd5af,Bavarski dvor,1298
5be3b187-5735-4444-bee7-0665f60e6c83,8375ab17-e389-42b2-9b88-0210a049e321,295616c0-387b-4f60-a337-7743cd6be04e,Bavarski dvor,759
a7094427-e180-4deb-acaf-5d4488326e9e,1f02ab68-e4a0-4783-ae8a-39ccd679f2cc,21764d19-62cc-49fd-bac9-403aeac6a6b9,Ježica,1666
ef005e77-f3b8-4171-b681-1294d0e4732b,c9b2488c-cca9-4b84-83cb-638ef545c851,c87db9be-1fba-4102-a743-0ee4317dd5af,Bavarski dvor,275
46a50a09-9bae-460b-a7b6-457d288c5a9f,ca8cbe57-95dc-4326-9c06-b60a87b981b1,N/A,N/A,4525
6a774daa-3547-4128-b304-aa2d17d4391a,eaad1ba5-14a4-494f-80ae-65294c29a962,a719a87c-4e93-4387-a6d1-2631a487f7e0,Ajdovščina,1746
d72032c7-d4b0-4eee-a87c-593985a42266,e65047c0-c01e-4727-b466-78e107c81ee4,5d7f28a6-2a2a-4333-aa06-48edfb652f86,Pošta,171
0df2ffa6-b1c8-44d0-900c-8b23b37794df,81f21fc1-3bd2-4d2a-b563-2d063479c68e,f33b721f-a8a3-4aad-96f2-077da09ebaa6,Razstavišče,1106
73e6ef23-ef0c-41bf-9960-0e3078b94d23,294c40c4-18e4-4d92-a947-911a8623de89,a719a87c-4e93-4387-a6d1-2631a487f7e0,Ajdovščina,314
144ab380-6586-43ce-b216-2e66362b6eca,278a9d60-64c7-4bfa-aad0-24068aa760af,f33b721f-a8a3-4aad-96f2-077da09ebaa6,Razstavišče,272
125d4928-6b97-4a4b-af34-a2d1564c029c,2628b04b-eaf2-4c5a-b7ac-837237162783,ecc4ae87-ae08-4b94-995c-452fdd94df7f,Privoz,428
99b82632-116f-421b-9320-d5a53e522155,29589594-5959-4efb-8dda-7348e4e500a0,b59656a4-b6e7-4b87-977c-078c59088a50,Hajdrihova,522
30c30bf5-75c4-4dc0-995f-4679ef54d37c,1c0c01ee-6258-4328-9d01-489eb421a8d9,5d7f28a6-2a2a-4333-aa06-48edfb652f86,Pošta,2144
fc3967fb-5520-4fff-a819-f625242182e5,f5d8583f-6e9d-4996-b803-74bf3cd0b602,295616c0-387b-4f60-a337-7743cd6be04e,Bavarski dvor,2297
ab4e1412-1ac4-4864-8833-c1ddf48bec20,95eee7e8-237d-4410-a9bf-00c6f88129c1,48b163cd-b819-4849-aee1-8b1da77657ab,Šentvid,744
bc19ad1c-00fc-47f1-926e-ddeb12f686ba,9cc88862-270a-409a-b450-e0003c7930af,717dda7e-d793-4697-8f60-b64ee8b1edc4,Gosposvetska,902
216a26dc-11c2-432b-b099-0d55d508b7fa,627be449-8b6a-40f4-a57c-09ccdacccb66,295616c0-387b-4f60-a337-7743cd6be04e,Bavarski dvor,522
76ec8af8-07c2-4d44-b0d8-a439d381913f,70bba1e8-3ea8-46fe-ace3-f75b04e37605,379bc761-04b5-4227-be76-3b870fe3e69f,Pot na Fužine,2052
d9224caa-d582-4152-88e0-be720677fe16,91b76764-87af-4b90-89dd-60f0046f7cc0,769b7bc7-4f95-4bb2-9c99-37ba8e8b4bd5,D. MOST P+R,481
1e157c31-d34d-4c2e-91b4-8c000c88f6dd,72e6ae6e-bd4b-4946-a032-7ff9b8b41039,f4cfd904-bd11-4247-95df-32c4555a930f,Klinični center,1158
db046e79-c658-433c-8812-157fd965a9f6,b91edda3-a147-4599-bebf-85e145de085b,5d7f28a6-2a2a-4333-aa06-48edfb652f86,Pošta,481
01d1f388-d915-4e9f-bc3d-4432a73a216e,3f996624-8134-4eec-9742-70111db659c1,a2ce7e6f-0f99-443a-a973-81a0b9c60261,Astra,1059
13ceaf6c-9650-45c3-b449-64a0e5094d18,712ee105-4fab-498a-af5c-496ca9830f5f,c87db9be-1fba-4102-a743-0ee4317dd5af,Bavarski dvor,2095
40fcc1b9-2c42-4db8-bd48-d431efc8a3fd,43e01b7e-be2c-4282-be1b-9f628ca67327,769b7bc7-4f95-4bb2-9c99-37ba8e8b4bd5,D. MOST P+R,4028
ef3024a8-1d7f-4cf5-ad3b-74528eaa9c51,108e7dc8-ca5d-4c91-9414-32a32a31b69a,N/A,N/A,4525
339ec74c-f45b-4f23-98b8-7ac67486ff6d,2ec182e2-769f-427f-b9b5-c4118890cb96,48507e1a-32df-4552-9448-3b345760b75f,Cesta na Vevče,340
4d216485-ef41-45e7-9182-0c254644955c,69bc9f1c-507f-463c-ba5a-04500b319967,48b163cd-b819-4849-aee1-8b1da77657ab,Šentvid,340
32ff2d5b-61ae-415b-941b-aeb1be1b5052,5cc8a08d-c0af-491f-9a9c-b8b4f5f23bc0,dfde6478-02b5-471b-a470-29cb0e84542f,Slovenija avto,2904
4a95f1f8-a457-4dcf-bd1f-6307d4300ea0,b2dd1684-0848-40f7-b10e-8f74bb005f2f,N/A,N/A,4525
311a0b74-0787-484b-b414-8adf1cd4cf58,d6ae97e7-23b5-48d6-a9fa-2a2624e9f434,21764d19-62cc-49fd-bac9-403aeac6a6b9,Ježica,1864
db046e79-c658-433c-8812-157fd965a9f6,66943a7c-28b4-40a6-a996-21aa0b968435,c87db9be-1fba-4102-a743-0ee4317dd5af,Bavarski dvor,1276
2d6504e9-c938-417e-9b55-32d6514bc744,fb0042f8-d9e2-4916-b60a-38a026acf0c9,fef200e9-4d98-425b-ab14-8110e2aa85d7,Drama,1061
c3534bc6-7bfd-43be-b46a-2b0fced57ab8,f9d70942-e517-4560-8655-99481edd2b95,fef200e9-4d98-425b-ab14-8110e2aa85d7,Drama,1575
fef200e9-4d98-425b-ab14-8110e2aa85d7,a2947722-2e6f-48dd-9c31-ff36356676fa,295616c0-387b-4f60-a337-7743cd6be04e,Bavarski dvor,3417
ef3024a8-1d7f-4cf5-ad3b-74528eaa9c51,d9df365b-7e54-4d22-b2e9-3b548d48ad59,295616c0-387b-4f60-a337-7743cd6be04e,Bavarski dvor,1942
b9edd39a-4f64-4553-869e-bb77e617b9b8,9b85d4b0-c594-4e0e-9ce2-d0986256c270,f33b721f-a8a3-4aad-96f2-077da09ebaa6,Razstavišče,1105
16578e36-c682-4083-bd29-4973445dc0fe,0e79ef8c-f692-4e29-a37e-4a81cbb3d410,484b5c91-1220-43ba-af79-84e712fcc46b,Slovenija avto,1513
43df2657-d56f-4fc4-8c40-49180cbbe90c,2d6504e9-c938-417e-9b55-32d6514bc744,f33b721f-a8a3-4aad-96f2-077da09ebaa6,Razstavišče,551
9afb36ea-c2ae-4bbb-9644-3a6c65bb1c7d,e786b2df-34ed-4246-832e-7c3d538ac1f4,fef200e9-4d98-425b-ab14-8110e2aa85d7,Drama,377
acedfed0-a3ba-4fa3-8cd6-910783961f0a,a12cff7f-91e5-4f1e-be40-1a9b34ae792a,769b7bc7-4f95-4bb2-9c99-37ba8e8b4bd5,D. MOST P+R,1775
bf64b499-211b-4da8-ace2-f12a17608ae3,ba0f81e5-dfec-49bb-8d6b-d52618338640,f4cfd904-bd11-4247-95df-32c4555a930f,Klinični center,2395
8677848c-55dd-4af4-b275-3074a3ff4846,7ad25867-5c97-4f9f-9b1b-4966436f7fbf,f33b721f-a8a3-4aad-96f2-077da09ebaa6,Razstavišče,641
d4c25d68-c340-431b-a646-7680fe0cefee,769b7bc7-4f95-4bb2-9c99-37ba8e8b4bd5,7fa32ea0-e884-435a-a81c-51bbd5cedf3e,Zaloška,1493
2388ce1f-c947-42d7-97f3-e01a7254c933,c15a2be8-fc53-427d-9cc6-a50bb305f68d,N/A,N/A,4525
a8a92762-af25-42a7-98dd-9846f8b33e09,9c2e9262-7afe-44d3-8aaf-80afd45f9118,N/A,N/A,4525
0b6c7b97-410c-48fa-be23-430c316f9b10,a7094427-e180-4deb-acaf-5d4488326e9e,cee2862b-9b70-4880-8fa3-16c6d2efae1b,AMZS,1014
698551c1-7bb2-4f7e-9701-23b7667e8594,1f9fad8e-d59c-494c-bdd1-1983afacb755,295616c0-387b-4f60-a337-7743cd6be04e,Bavarski dvor,505
44e58cea-6c90-467f-baf2-22ac161daafb,0810f07b-94d6-442f-b10d-bf8210c4ed47,295616c0-387b-4f60-a337-7743cd6be04e,Bavarski dvor,2994
cee2862b-9b70-4880-8fa3-16c6d2efae1b,a999f83e-4e6a-4ef9-9a10-e4a2c8a4a182,f33b721f-a8a3-4aad-96f2-077da09ebaa6,Razstavišče,869
1536cb2e-acd3-49cb-8f06-bb8cd40c0c02,a5eb15d2-f0cb-46a6-b888-6a9aad6bc5b6,769b7bc7-4f95-4bb2-9c99-37ba8e8b4bd5,D. MOST P+R,1325
5d1e404b-1606-457e-8d2b-4e3e80139532,56dbd8ff-6ec8-4186-b46c-f74ddb5a304a,c87db9be-1fba-4102-a743-0ee4317dd5af,Bavarski dvor,932
ff8f71b7-06fe-47fe-8238-9af5ee1b1dfd,f1bc11ca-7516-447a-b826-7051c5306af7,295616c0-387b-4f60-a337-7743cd6be04e,Bavarski dvor,186
6a89c110-a0f8-4b1a-87f0-33f49c0a658e,d987aa3a-ae4a-42f6-bc9b-79c41dcf055a,N/A,N/A,4525
01bc5983-63a7-4184-9986-32e5a5320684,7d003bd3-5fae-4076-b952-9f734651720f,c22879e5-8e90-4540-9a74-5f139208e492,Friškovec,1950
69bc9f1c-507f-463c-ba5a-04500b319967,1c214818-5471-4d2a-a7b2-33464ffacdad,f33b721f-a8a3-4aad-96f2-077da09ebaa6,Razstavišče,24
f1d7dbc8-d84b-4550-a3bd-e4748a677e9d,e468b92f-fa4a-4819-bb11-37761deaf4ca,295616c0-387b-4f60-a337-7743cd6be04e,Bavarski dvor,148
cf6f67f5-f7df-4462-828b-481134217fad,6340ea93-391e-45b9-94b0-56d1d7c87e20,fef200e9-4d98-425b-ab14-8110e2aa85d7,Drama,952
108e7dc8-ca5d-4c91-9414-32a32a31b69a,55e3f615-be6c-43f4-9858-e199862771a4,N/A,N/A,4525
505865ea-cdea-4042-bdb2-b2f4f03889cb,e8b0d4a2-f65e-4aed-97b8-77ab0d07955a,b59656a4-b6e7-4b87-977c-078c59088a50,Hajdrihova,412
163da3ae-0ab9-480e-b72d-16357e0a9061,041e08cc-b1bd-4f2c-aa4e-a9aaf2837a28,f33b721f-a8a3-4aad-96f2-077da09ebaa6,Razstavišče,1200
4f21a18a-3cb0-4c6c-bb92-e7c8945fac1c,fef200e9-4d98-425b-ab14-8110e2aa85d7,c87db9be-1fba-4102-a743-0ee4317dd5af,Bavarski dvor,4132
d6ae97e7-23b5-48d6-a9fa-2a2624e9f434,eb8e8d9a-a3d5-4ec1-9356-26e0e41912d1,5d7f28a6-2a2a-4333-aa06-48edfb652f86,Pošta,2373
ef005e77-f3b8-4171-b681-1294d0e4732b,98239279-bb80-4070-965c-dc87525019e2,1ce1c3a8-e0f6-4f90-b1aa-1448759d8b3c,Astra,2317
87785aa3-128e-4f15-82b0-d8c3cfa6076f,0df2ffa6-b1c8-44d0-900c-8b23b37794df,fef200e9-4d98-425b-ab14-8110e2aa85d7,Drama,1824
b4ffcb65-e60f-478d-806b-e7ae83f1a39d,7c390857-8fc7-49b5-9c9d-e5535d360148,N/A,N/A,4525
0b90d258-764d-4c06-aab0-7074dbd54182,441545fb-7a0c-4555-aea8-01cbe6c14ea3,N/A,N/A,4525
16d19639-a788-4df6-a168-6f8c3652ded7,0c3a77a7-d9eb-45c7-b722-1fafde29129c,fef200e9-4d98-425b-ab14-8110e2aa85d7,Drama,1343
7b822496-7ea4-4ce8-b78c-1d021c68a9ed,f174a648-9e84-492d-9ccd-0756b49c773b,5de84f88-3f32-4636-8c30-03cc267ecf37,Podvozna pot,865
a9473958-e505-4c16-8498-486b06a47856,16d19639-a788-4df6-a168-6f8c3652ded7,295616c0-387b-4f60-a337-7743cd6be04e,Bavarski dvor,264
3f996624-8134-4eec-9742-70111db659c1,4a95f1f8-a457-4dcf-bd1f-6307d4300ea0,717dda7e-d793-4697-8f60-b64ee8b1edc4,Gosposvetska,335
2154edb8-16e2-4334-8878-9e38abcdf06a,9cfac7e2-9653-4e52-a6d3-27756d27f817,c87db9be-1fba-4102-a743-0ee4317dd5af,Bavarski dvor,223
91b76764-87af-4b90-89dd-60f0046f7cc0,d6ae97e7-23b5-48d6-a9fa-2a2624e9f434,295616c0-387b-4f60-a337-7743cd6be04e,Bavarski dvor,94
7b687edb-dc47-4b68-a13e-34713cababe9,eb165f50-9c43-4b09-9658-469a16d3dc83,c87db9be-1fba-4102-a743-0ee4317dd5af,Bavarski dvor,122
f4e99ece-e89e-4322-80c6-5a91df65f64e,ef005e77-f3b8-4171-b681-1294d0e4732b,c87db9be-1fba-4102-a743-0ee4317dd5af,Bavarski dvor,100
717c914e-f928-4671-95f6-26c1ddb95799,c969f066-aab5-466d-b4db-48e651a4a12e,5de84f88-3f32-4636-8c30-03cc267ecf37,Podvozna pot,190
81b6f6ad-6dd6-4e3f-a0bd-754a65a3e57b,3866c761-7fa4-4a4a-b913-75569da498d9,484b5c91-1220-43ba-af79-84e712fcc46b,Slovenija avto,3811
98a75a4c-0ef8-4efa-8f0a-384fe8eafce0,46a50a09-9bae-460b-a7b6-457d288c5a9f,N/A,N/A,4525
a9796806-8cd3-4b76-bf8c-4340aec35c9e,56dbd8ff-6ec8-4186-b46c-f74ddb5a304a,7c149b59-2bc6-45cb-95c8-69e18a0db627,Rusjanov trg,757
87785aa3-128e-4f15-82b0-d8c3cfa6076f,e3b51371-e289-45ef-83ca-1f4ffff25162,9cfac7e2-9653-4e52-a6d3-27756d27f817,Kino Šiška,1837
121b30dc-065b-4c76-aad2-a54a85c74d4d,b47eac47-d897-4ba7-ab06-8e642cc8efe8,295616c0-387b-4f60-a337-7743cd6be04e,Bavarski dvor,3273
25cde952-4896-4977-b229-75e09b3e3661,7bcbdcaa-00b9-47d4-8982-09da26cd7bcb,6edebb46-d04f-45c4-99a4-100f7f0b2660,Zadvor,1286
10449641-799e-4ee4-a712-a6e3a9aefc27,eaad1ba5-14a4-494f-80ae-65294c29a962,c87db9be-1fba-4102-a743-0ee4317dd5af,Bavarski dvor,347
d5102041-8282-4c77-a593-edac0d0d4a34,9741988b-6723-480b-a419-8db7490d667a,N/A,N/A,4525
c86d5f37-52ee-4e3a-99b5-b9554118c4d5,b4b30b45-445a-4f70-bdf5-5ea7cdc98583,5d7f28a6-2a2a-4333-aa06-48edfb652f86,Pošta,1317
aa844493-50b0-4b91-b331-f4297d2ae6a8,98fa3880-5936-4ec8-ba04-39c7ff9a0e6a,f14a6236-8af2-47bf-9270-432377662a63,Viadukt,1091
dac8d2a7-89e4-4aec-948d-00db4833ce7c,21764d19-62cc-49fd-bac9-403aeac6a6b9,295616c0-387b-4f60-a337-7743cd6be04e,Bavarski dvor,2798
124ec397-421b-4737-bf71-09c9b1665a10,47283e27-c588-411c-9303-30a6f0beeaef,fef200e9-4d98-425b-ab14-8110e2aa85d7,Drama,1268
a2947722-2e6f-48dd-9c31-ff36356676fa,1a1ee974-5091-4fa7-96a2-0c2508892aa3,c87db9be-1fba-4102-a743-0ee4317dd5af,Bavarski dvor,69
e3b51371-e289-45ef-83ca-1f4ffff25162,a2b5023d-5ce8-420f-ad2a-b61c7a1902a8,a719a87c-4e93-4387-a6d1-2631a487f7e0,Ajdovščina,2583
4ed69cbb-d738-450c-be11-7d96cd50ee50,406d6bb7-147c-4853-a917-e5c437b025e6,295616c0-387b-4f60-a337-7743cd6be04e,Bavarski dvor,1651
30e58784-86f6-4d93-8630-3cc3fc93c6f3,a33e6b1f-de56-43aa-9a52-f7064636ab79,295616c0-387b-4f60-a337-7743cd6be04e,Bavarski dvor,997
9f6048f0-5c5e-4773-915e-4ee05d200e27,30131bc3-a0f7-4cfc-9e4d-552b325c0ba7,f33b721f-a8a3-4aad-96f2-077da09ebaa6,Razstavišče,978
5ddf10c0-90a5-4dbf-992c-23c0505674aa,aa844493-50b0-4b91-b331-f4297d2ae6a8,c22879e5-8e90-4540-9a74-5f139208e492,Friškovec,1933
169789c5-0251-47a6-800a-74ff3dffe04d,53f8224f-99e5-4c34-9f77-3621bbe9ce99,7c149b59-2bc6-45cb-95c8-69e18a0db627,Rusjanov trg,1109
8a224b7d-24ae-4c7b-8318-f66ac8cc078b,52e5adea-e194-4fc1-809c-1d6421f8f8db,c87db9be-1fba-4102-a743-0ee4317dd5af,Bavarski dvor,4070
294c40c4-18e4-4d92-a947-911a8623de89,a41f5786-6b70-4224-bcde-e6fbaac4c21b,f4cfd904-bd11-4247-95df-32c4555a930f,Klinični center,876
b4b7f450-4397-42d2-9d1e-39f786eecc2e,c627c9f2-af02-4d83-969a-566719bb09e3,f33b721f-a8a3-4aad-96f2-077da09ebaa6,Razstavišče,679
ee095f27-439e-42e7-9e5c-e77b0903c31f,cf94d70f-d211-4625-9037-014514562aa9,98fa3880-5936-4ec8-ba04-39c7ff9a0e6a,Stara cerkev,921
48c9ec48-2b87-4945-a077-808839f98e74,3203d037-a222-4092-8dd6-e8dfcd49a2c9,f33b721f-a8a3-4aad-96f2-077da09ebaa6,Razstavišče,248
cad3370f-7a28-4a47-8d5a-187adab3ca21,16d19639-a788-4df6-a168-6f8c3652ded7,c87db9be-1fba-4102-a743-0ee4317dd5af,Bavarski dvor,69
e3321752-4498-4da3-801c-d54920b22eba,8b5f91a6-23b7-4786-96f9-a80c6d668e18,484b5c91-1220-43ba-af79-84e712fcc46b,Slovenija avto,654
a0b1fb90-3f6a-4231-910a-18be192ac762,e9382efd-d64d-46b0-9a7d-a4e6a0188725,N/A,N/A,4525
cf94d70f-d211-4625-9037-014514562aa9,784bebe9-c0c7-46eb-943d-0b1808ffd5ac,c87db9be-1fba-4102-a743-0ee4317dd5af,Bavarski dvor,576
041e08cc-b1bd-4f2c-aa4e-a9aaf2837a28,eb669f04-cfb6-4ea4-90c9-26eb551ecb45,5d7f28a6-2a2a-4333-aa06-48edfb652f86,Pošta,533
aa31554f-8623-42db-aedd-ad9a8f562e4c,d17294f3-5b6c-4313-9243-3f38557967cf,a719a87c-4e93-4387-a6d1-2631a487f7e0,Ajdovščina,44
8a5febd6-d44a-4c98-a221-46044548663d,68075aa0-144c-4f6e-93ef-e93dfc35df78,fef200e9-4d98-425b-ab14-8110e2aa85d7,Drama,1406
66a82f60-b1d1-4251-a715-178300014f18,acd87210-4e04-49b4-884b-1fe11c453bf4,N/A,N/A,4525
7a52a73a-cc0e-4c61-b9bc-306157727e1c,81b6f6ad-6dd6-4e3f-a0bd-754a65a3e57b,717dda7e-d793-4697-8f60-b64ee8b1edc4,Gosposvetska,1095
7bcbdcaa-00b9-47d4-8982-09da26cd7bcb,35aedf45-cca3-4f2f-931b-138d29d20fe9,7fad8003-fb10-489d-bf8d-6d433310ad90,Nove Jarše,2453
ab987eb0-c970-4577-8db9-0cd507a6cab6,627be449-8b6a-40f4-a57c-09ccdacccb66,7c149b59-2bc6-45cb-95c8-69e18a0db627,Rusjanov trg,382
595ee2ab-3022-469d-a3e1-0c87d7dfb14d,bbe542ee-a3f6-43cf-b23a-077c28b7d19a,1b3ddeca-a066-43ee-9ae5-8339628129c2,Žale,199
37fc313d-1f45-49c9-9059-4f96f44a6682,a6fde748-bb91-465c-8665-20cbaed7df19,N/A,N/A,4525
3c6ebf90-c611-4535-b2b0-22fba3f7649a,befe0e87-b5fe-41ff-9a77-f65461eff28d,484b5c91-1220-43ba-af79-84e712fcc46b,Slovenija avto,358
fb7704f0-d31e-4561-83e4-621a8c62654b,e786b2df-34ed-4246-832e-7c3d538ac1f4,a0b1fb90-3f6a-4231-910a-18be192ac762,Flajšmanova,2633
9b4a7d21-709f-4462-b602-c77d975df9e7,64ea9f57-1f7f-465e-8721-55e26faee36a,295616c0-387b-4f60-a337-7743cd6be04e,Bavarski dvor,887
1b3d51e8-8b5e-4b31-a63e-9d665243c2f1,94712446-2421-4304-b4f1-3b3f82998713,a719a87c-4e93-4387-a6d1-2631a487f7e0,Ajdovščina,2231
9dfc0a62-bf4d-4670-83d0-4e26a6e56b32,c6c83930-96af-4cbe-93bf-072a618502a4,5d7f28a6-2a2a-4333-aa06-48edfb652f86,Pošta,3049
813b7c8c-5236-405a-bb0d-092a5d93c2a6,bd1396f2-4dc8-4695-9bf1-c601157100d8,N/A,N/A,4525
cdbafa76-fd1b-45e0-bbd6-d6c1c6a141f9,124ec397-421b-4737-bf71-09c9b1665a10,f15ddf31-fc11-41ba-988d-376c83e38f58,Vodovodna,112
a9473958-e505-4c16-8498-486b06a47856,5930b5fe-26e2-4b69-bd1e-cdea021a0ab4,717dda7e-d793-4697-8f60-b64ee8b1edc4,Gosposvetska,4286
e3b51371-e289-45ef-83ca-1f4ffff25162,f784b27a-1509-4eec-bd52-6beee2b9530b,c87db9be-1fba-4102-a743-0ee4317dd5af,Bavarski dvor,1666
e6f5183b-c615-4f47-b4fb-204ee070e825,fc3967fb-5520-4fff-a819-f625242182e5,fef200e9-4d98-425b-ab14-8110e2aa85d7,Drama,1437
25cde952-4896-4977-b229-75e09b3e3661,9143c575-806f-4ba0-81bc-8199f0b0b4d0,N/A,N/A,4525
61485a1f-73a8-4dac-bcc7-6e4e53eb4b0f,786a15d4-dd6b-42bb-a5c9-6ce994b5be9e,a719a87c-4e93-4387-a6d1-2631a487f7e0,Ajdovščina,17
3f0c15b3-99bd-4c12-8f7a-df06c9536526,9a480b5e-0283-4130-a5e2-9d5e996caa4f,717dda7e-d793-4697-8f60-b64ee8b1edc4,Gosposvetska,727
4f21a18a-3cb0-4c6c-bb92-e7c8945fac1c,81f21fc1-3bd2-4d2a-b563-2d063479c68e,a719a87c-4e93-4387-a6d1-2631a487f7e0,Ajdovščina,109
2a7d32ca-24a1-41ac-a273-0cbcdec59336,d72d58c2-b9a9-4dd5-b741-17e986d925c8,a2ce7e6f-0f99-443a-a973-81a0b9c60261,Astra,254
a52cd7ac-c11e-4c8b-94a5-1a12b32595da,0b6c7b97-410c-48fa-be23-430c316f9b10,7bcbdcaa-00b9-47d4-8982-09da26cd7bcb,Zaloška,2602
cce39cbe-6961-433a-a787-64fbf602f470,f15ddf31-fc11-41ba-988d-376c83e38f58,ecc4ae87-ae08-4b94-995c-452fdd94df7f,Privoz,116
66943a7c-28b4-40a6-a996-21aa0b968435,47252dc3-dbd8-43df-898b-0a3fb27ffc93,609f0950-bb8c-4eaf-a931-8575b8aff1ac,Savske stolpnice,1156
807c11ba-4b3a-4e2b-82b5-abf5864fa4bc,8a182298-1db3-4251-9cdb-a86efe72b8a7,295616c0-387b-4f60-a337-7743cd6be04e,Bavarski dvor,680
1069d764-9345-425d-8c4d-12d6ffa1fde1,7d628170-e2eb-47fd-9d3e-658acf78d7d3,N/A,N/A,4525
216a26dc-11c2-432b-b099-0d55d508b7fa,68075aa0-144c-4f6e-93ef-e93dfc35df78,769b7bc7-4f95-4bb2-9c99-37ba8e8b4bd5,D. MOST P+R,250
c71e1e0c-780a-4d46-8b33-09aebbbcfcd8,2c46416a-d66e-469c-a342-898a93f5b2f0,fef200e9-4d98-425b-ab14-8110e2aa85d7,Drama,403
f1d7dbc8-d84b-4550-a3bd-e4748a677e9d,d5735919-60bb-4720-a695-9f5155a4f109,a719a87c-4e93-4387-a6d1-2631a487f7e0,Ajdovščina,684
404f8444-540d-4d82-a355-30a6a8bec797,b4b7f450-4397-42d2-9d1e-39f786eecc2e,a719a87c-4e93-4387-a6d1-2631a487f7e0,Ajdovščina,3070
56dbd8ff-6ec8-4186-b46c-f74ddb5a304a,912792ae-7f7e-4295-8064-38ea96a5dc4a,N/A,N/A,4525
7bcbdcaa-00b9-47d4-8982-09da26cd7bcb,1308dcf9-a9e1-4e54-95c9-0f2afaac889b,fb0042f8-d9e2-4916-b60a-38a026acf0c9,Leskoškova,4125
8561e9fb-03e0-46f1-802d-b376d26a8ea5,d5735919-60bb-4720-a695-9f5155a4f109,e6f5183b-c615-4f47-b4fb-204ee070e825,Bežigrad,723
ac3afe7d-a2b3-4d5d-9e6a-1d2412a3bc70,f5e84751-7377-402c-974c-53276e422e70,a719a87c-4e93-4387-a6d1-2631a487f7e0,Ajdovščina,391
e8d0bfd1-b300-4eae-8f85-79266066bb3c,5560d06d-4058-473e-abba-099b05d7cf07,a719a87c-4e93-4387-a6d1-2631a487f7e0,Ajdovščina,349
8a5febd6-d44a-4c98-a221-46044548663d,ef91fd44-5651-4fd4-b6f8-619fdef9da7b,N/A,N/A,4525
5a2def68-fa57-4002-a942-e39bc2a87688,da656f17-9723-4cbe-a008-823cbad17c28,N/A,N/A,4525
58db973d-ecbb-4aa6-a56c-c26aaff7f263,5a06b853-39a7-479d-ac40-fafa659fd896,8c7fa045-888b-46d0-8189-6f82623bf481,Poljanska,885
2c0475be-44e7-4f0f-a06d-2c1b4ca15677,ba59baf4-dd00-40a5-80e7-3eee6b9d8b09,a2ce7e6f-0f99-443a-a973-81a0b9c60261,Astra,371
754e8f1f-a5ba-4281-8f31-fb3357744cd2,7294875b-8482-484a-b04d-95b921612001,7eb88e01-82e9-4af4-84d0-69c6ea9dc82c,Kolodvor,430
62b17644-b4a6-412f-9e03-79bbaf339717,03375155-45fb-4565-b392-2349fcb199ea,98fa3880-5936-4ec8-ba04-39c7ff9a0e6a,Stara cerkev,763
7558099b-08a3-43bc-8056-49bcc5900a03,d72d58c2-b9a9-4dd5-b741-17e986d925c8,c87db9be-1fba-4102-a743-0ee4317dd5af,Bavarski dvor,571
4a95f1f8-a457-4dcf-bd1f-6307d4300ea0,391bf42a-68a3-400a-baea-0c708f327325,fef200e9-4d98-425b-ab14-8110e2aa85d7,Drama,1190
1a1ee974-5091-4fa7-96a2-0c2508892aa3,7484317c-269f-425f-8118-23eedab4e5f1,7eb88e01-82e9-4af4-84d0-69c6ea9dc82c,Kolodvor,429
62feeb73-9af7-43ee-8714-1b435ec20263,6bc92f4c-414c-456b-9150-d58a7689d26e,717dda7e-d793-4697-8f60-b64ee8b1edc4,Gosposvetska,1981
01bc5983-63a7-4184-9986-32e5a5320684,8e7a488b-cd48-4243-92b0-42792d0e3bc1,N/A,N/A,4525
ab987eb0-c970-4577-8db9-0cd507a6cab6,813b7c8c-5236-405a-bb0d-092a5d93c2a6,b59656a4-b6e7-4b87-977c-078c59088a50,Hajdrihova,1282
8f623f1d-48a7-46b5-9331-28a8dc980876,105e10e7-fbab-4f99-94c9-178c25630b42,fef200e9-4d98-425b-ab14-8110e2aa85d7,Drama,186
d9437903-d95a-49e6-9743-12b2b964e04c,36c4949b-403b-4a76-87e3-d67f51d655ef,769b7bc7-4f95-4bb2-9c99-37ba8e8b4bd5,D. MOST P+R,798
ad966374-a37d-443a-9a3e-ec85ca28231f,f2fc2702-e9da-4c36-b6fc-9f52199e4574,c87db9be-1fba-4102-a743-0ee4317dd5af,Bavarski dvor,4334
93928408-7b36-41f9-9b62-fec53e14b4e2,249f3d10-f5f0-467b-8f60-f35fd62d9054,ecc4ae87-ae08-4b94-995c-452fdd94df7f,Privoz,940
e65047c0-c01e-4727-b466-78e107c81ee4,46a50a09-9bae-460b-a7b6-457d288c5a9f,N/A,N/A,4525
9b9d2948-7538-409c-9bfc-42c0b74c41a8,28248670-5e08-4de2-8eab-e63933c0d61d,cdabf1ea-b04c-480a-8359-72c46e6864ab,Bežigrad,236
3cb0ccbb-9b91-4d71-bd27-2acef732be4c,6a0b25cc-428e-47b5-831a-e89facfa7f26,N/A,N/A,4525
30e58784-86f6-4d93-8630-3cc3fc93c6f3,fcec9e7a-1c9e-4214-96dd-d071550349e6,c87db9be-1fba-4102-a743-0ee4317dd5af,Bavarski dvor,1023
cd5497dc-20a4-40b3-9adf-b380de5d9f16,bb995fbb-29c8-4035-9503-ae33320833a8,b59656a4-b6e7-4b87-977c-078c59088a50,Hajdrihova,1464
bd6d732b-65aa-4b59-be82-6ce1301e70d5,9f6048f0-5c5e-4773-915e-4ee05d200e27,9cfac7e2-9653-4e52-a6d3-27756d27f817,Kino Šiška,328
21a5f1e3-8ac0-4023-95ca-0a3ff54099aa,56dbd8ff-6ec8-4186-b46c-f74ddb5a304a,c87db9be-1fba-4102-a743-0ee4317dd5af,Bavarski dvor,2241
6330ad8d-b582-4c92-bc7e-d3f206264f04,9143c575-806f-4ba0-81bc-8199f0b0b4d0,fef200e9-4d98-425b-ab14-8110e2aa85d7,Drama,706
22c11486-1afa-491f-b9ab-162d88c8c44d,2265e4de-a537-4f97-882b-c94c24aabfb0,295616c0-387b-4f60-a337-7743cd6be04e,Bavarski dvor,136
87415b6b-7e7f-4b82-b78f-ef1a7db85282,15bb8af1-183e-4ec8-81f7-1fc6e81beb30,295616c0-387b-4f60-a337-7743cd6be04e,Bavarski dvor,331
5be3b187-5735-4444-bee7-0665f60e6c83,6afef238-01cd-4ad0-859d-2056b5d4a63f,fef200e9-4d98-425b-ab14-8110e2aa85d7,Drama,717
aa3ce006-1975-496a-abc6-a98ec5e87652,a6fde748-bb91-465c-8665-20cbaed7df19,N/A,N/A,4525
d27a7320-71d6-48bc-a4f5-0f3e239575b8,6672b8cb-e56d-420a-a5e7-fc86e8aa3647,N/A,N/A,4525
16ae0a39-ff9a-4aee-88b5-34502255fab4,8d5e4aed-59fb-47c9-8559-5bf11b7ddca0,295616c0-387b-4f60-a337-7743cd6be04e,Bavarski dvor,3021
8d5e4aed-59fb-47c9-8559-5bf11b7ddca0,8b5f91a6-23b7-4786-96f9-a80c6d668e18,295616c0-387b-4f60-a337-7743cd6be04e,Bavarski dvor,791
5764ff17-c787-4918-b7bd-a2ed9c6d7dd1,1c8efa00-4587-4efc-a10d-794e9d885857,N/A,N/A,4525
52c437c8-73ae-4db5-ac31-8e7cf5104826,c15a2be8-fc53-427d-9cc6-a50bb305f68d,N/A,N/A,4525
5de84f88-3f32-4636-8c30-03cc267ecf37,4abe5e63-5707-4ef0-acda-ab2c52749afe,c22879e5-8e90-4540-9a74-5f139208e492,Friškovec,1961
1c8efa00-4587-4efc-a10d-794e9d885857,caac4c1a-13e4-4afa-b467-65d90a8fbd44,N/A,N/A,4525
a3aeed02-8e36-4cb0-bb08-25cc4afda164,125d4928-6b97-4a4b-af34-a2d1564c029c,c87db9be-1fba-4102-a743-0ee4317dd5af,Bavarski dvor,1268
72e6ae6e-bd4b-4946-a032-7ff9b8b41039,91745353-dd19-49ee-beaf-332e546dcceb,a719a87c-4e93-4387-a6d1-2631a487f7e0,Ajdovščina,291
093afa81-b65f-4182-bac3-afbc00558a9b,98a94a2a-894f-4ff0-9967-1dd986bf0cfd,484b5c91-1220-43ba-af79-84e712fcc46b,Slovenija avto,3
9ab2717b-1396-4885-bb5b-9857d7195d0d,406d6bb7-147c-4853-a917-e5c437b025e6,c87db9be-1fba-4102-a743-0ee4317dd5af,Bavarski dvor,2781
d4d4230a-5247-4071-baa4-463321d9d934,e8d0bfd1-b300-4eae-8f85-79266066bb3c,N/A,N/A,4525
0fb83496-463c-4123-97c6-669efe614d26,7fad8003-fb10-489d-bf8d-6d433310ad90,a719a87c-4e93-4387-a6d1-2631a487f7e0,Ajdovščina,2072
c1606675-dd38-4952-914b-6ca64fd56b7b,3f0c15b3-99bd-4c12-8f7a-df06c9536526,c22879e5-8e90-4540-9a74-5f139208e492,Friškovec,1573
b7834e14-7e86-4df5-83ce-006c93c31c00,2d6504e9-c938-417e-9b55-32d6514bc744,fef200e9-4d98-425b-ab14-8110e2aa85d7,Drama,208
659ee31d-ae12-4498-8507-28579d322e32,567980fa-7783-411d-9c67-55b44d753880,88cdd36c-03d2-4374-a22f-110dd9f75ea0,Kajuhova,466
e0bcd677-6012-4c90-a884-44dffafdffec,73e6ef23-ef0c-41bf-9960-0e3078b94d23,fef200e9-4d98-425b-ab14-8110e2aa85d7,Drama,91
2c46416a-d66e-469c-a342-898a93f5b2f0,666e98e1-4a23-4204-a3e6-99110f8b3153,769b7bc7-4f95-4bb2-9c99-37ba8e8b4bd5,D. MOST P+R,499
f1b7471e-db71-49da-846d-1232cb3e8f8f,1907a46a-4559-43ec-8363-03fe35d30725,717dda7e-d793-4697-8f60-b64ee8b1edc4,Gosposvetska,470
32ff2d5b-61ae-415b-941b-aeb1be1b5052,a6b87518-2a7f-4505-898f-245ebe23c909,fef200e9-4d98-425b-ab14-8110e2aa85d7,Drama,1797
61485a1f-73a8-4dac-bcc7-6e4e53eb4b0f,52c437c8-73ae-4db5-ac31-8e7cf5104826,N/A,N/A,4525
bd1396f2-4dc8-4695-9bf1-c601157100d8,48c9ec48-2b87-4945-a077-808839f98e74,c87db9be-1fba-4102-a743-0ee4317dd5af,Bavarski dvor,733
d7d791d9-02e0-4369-be0c-1546fc2044a4,2d42d8e2-26a8-4a74-809c-f436d05c8a54,9b0074d2-2c92-4c01-830b-00be8e05b412,Cukrarna,1289
9b9d2948-7538-409c-9bfc-42c0b74c41a8,d06c6c8a-c136-4b7a-9c13-b26ba0c04029,a719a87c-4e93-4387-a6d1-2631a487f7e0,Ajdovščina,1369
192b7b6a-b138-4569-a4f3-86bef6b20810,acd87210-4e04-49b4-884b-1fe11c453bf4,N/A,N/A,4525
5a06b853-39a7-479d-ac40-fafa659fd896,c32ef99a-6752-47fe-94eb-a5134c7110af,454817d3-3750-49c7-994c-14d06fd2c634,Žale,78
8f623f1d-48a7-46b5-9331-28a8dc980876,1faa072c-478b-4656-8df3-84167a9a4bbb,c22879e5-8e90-4540-9a74-5f139208e492,Friškovec,768
1ef524bd-2bf3-4c47-add3-044374897443,db046e79-c658-433c-8812-157fd965a9f6,38b3abed-0592-407b-96c3-85a026f2e192,Dalmatinova,1543
6e7cab20-d7e3-474f-9a5e-f1e0ca6fae53,08f2fb98-afdf-4961-b419-1bca7f5568ab,295616c0-387b-4f60-a337-7743cd6be04e,Bavarski dvor,4190
55f1ae46-11e5-4270-991f-f09dae6c58bf,ee095f27-439e-42e7-9e5c-e77b0903c31f,5d7f28a6-2a2a-4333-aa06-48edfb652f86,Pošta,749
c87db9be-1fba-4102-a743-0ee4317dd5af,25ad5579-f6a0-4f35-a0c9-0678b41e9dde,484b5c91-1220-43ba-af79-84e712fcc46b,Slovenija avto,407
e9035f9a-28be-450a-a30c-7178134ff26b,f2bac6f5-5bbc-4f15-acdd-014d86770ce9,N/A,N/A,4525
d50b2bdb-481b-4e58-ada6-47a028fc6382,4a95f1f8-a457-4dcf-bd1f-6307d4300ea0,88cdd36c-03d2-4374-a22f-110dd9f75ea0,Kajuhova,123
2cde6efe-5f53-44aa-8018-76f0ea2c86f8,1ceecd12-b005-4828-ad39-8f2aeb1ca228,9cfac7e2-9653-4e52-a6d3-27756d27f817,Kino Šiška,2637
476c1b24-6f2f-4727-b610-645c50493814,d9a82add-03d0-47d8-9f35-117b7a5ded44,717dda7e-d793-4697-8f60-b64ee8b1edc4,Gosposvetska,1483
52c437c8-73ae-4db5-ac31-8e7cf5104826,4bd4913f-8597-4ea0-b219-4e9b15dcbb62,N/A,N/A,4525
cf22c7c2-776f-4bd7-ae1a-dc4f25983c19,c15a2be8-fc53-427d-9cc6-a50bb305f68d,5de84f88-3f32-4636-8c30-03cc267ecf37,Podvozna pot,118
78c69686-64ed-437c-83b5-0e28733ed70c,7ba233b7-a50a-497d-8135-dd8dabf93ff5,295616c0-387b-4f60-a337-7743cd6be04e,Bavarski dvor,1570
1eadcdb9-60cd-47c9-8eec-527c3465a685,6a774daa-3547-4128-b304-aa2d17d4391a,f4cfd904-bd11-4247-95df-32c4555a930f,Klinični center,2053
81f21fc1-3bd2-4d2a-b563-2d063479c68e,8375ab17-e389-42b2-9b88-0210a049e321,093afa81-b65f-4182-bac3-afbc00558a9b,Koseze,133
93928408-7b36-41f9-9b62-fec53e14b4e2,0ff94f7b-275b-4cc4-bb27-e00842f5ad87,c87db9be-1fba-4102-a743-0ee4317dd5af,Bavarski dvor,282
5dcffe2a-1c73-4f7c-bdac-4084bb5201aa,e65047c0-c01e-4727-b466-78e107c81ee4,f33b721f-a8a3-4aad-96f2-077da09ebaa6,Razstavišče,426
86303165-4af4-4fcd-b0f9-43ed865454f4,786a15d4-dd6b-42bb-a5c9-6ce994b5be9e,4038e02e-f22f-4af0-ba4f-7aab855b53af,Kneza Koclja,427
4fddf4a7-ad4e-4630-a5ca-3267955db548,67d66d40-e8ba-4bc0-a9cf-814dce3ccbea,5d7f28a6-2a2a-4333-aa06-48edfb652f86,Pošta,1799
5560d06d-4058-473e-abba-099b05d7cf07,6559d555-672b-4633-8a81-0ae68fb963eb,223f660b-c391-4120-bf3c-7bf06781686b,Tovorni kolodvor,2194
9741988b-6723-480b-a419-8db7490d667a,9845a6f7-ba79-4f3d-b6ae-969651ef6001,5d7f28a6-2a2a-4333-aa06-48edfb652f86,Pošta,1128
95eee7e8-237d-4410-a9bf-00c6f88129c1,845b482b-dba1-4313-a476-e772691689cf,a719a87c-4e93-4387-a6d1-2631a487f7e0,Ajdovščina,3295
36d25599-0bed-48a0-bcb4-134be8a959fe,59d96e2c-3ee3-4581-840a-3ddaf0003743,6a89c110-a0f8-4b1a-87f0-33f49c0a658e,Šola Jarše,93
62feeb73-9af7-43ee-8714-1b435ec20263,e26da28a-b9c3-41b8-b57f-87b289b38e08,fef200e9-4d98-425b-ab14-8110e2aa85d7,Drama,145
29336b94-2382-46dd-b2e6-4590dd689640,5560d06d-4058-473e-abba-099b05d7cf07,5d7f28a6-2a2a-4333-aa06-48edfb652f86,Pošta,1411
eaad1ba5-14a4-494f-80ae-65294c29a962,fcec9e7a-1c9e-4214-96dd-d071550349e6,fef200e9-4d98-425b-ab14-8110e2aa85d7,Drama,2880
7a52a73a-cc0e-4c61-b9bc-306157727e1c,1035c6f7-304e-4329-a3b2-4eb5d985a577,6a89c110-a0f8-4b1a-87f0-33f49c0a658e,Šola Jarše,394
c32ef99a-6752-47fe-94eb-a5134c7110af,dba19980-8ca1-4847-b9b5-8cd419374ae2,N/A,N/A,4525
29336b94-2382-46dd-b2e6-4590dd689640,e6f5183b-c615-4f47-b4fb-204ee070e825,a719a87c-4e93-4387-a6d1-2631a487f7e0,Ajdovščina,817
97627b9b-fa2e-461a-97ea-a15df7599598,9b4a7d21-709f-4462-b602-c77d975df9e7,295616c0-387b-4f60-a337-7743cd6be04e,Bavarski dvor,905
62d0c5a7-1692-43ef-b6e2-31f514362629,cecad767-51e5-4683-bf56-e6e342f8d1e0,fef200e9-4d98-425b-ab14-8110e2aa85d7,Drama,1924
1069d764-9345-425d-8c4d-12d6ffa1fde1,9746f277-af08-4cce-92fa-41da5eca8ac2,6a89c110-a0f8-4b1a-87f0-33f49c0a658e,Šola Jarše,899
7fa32ea0-e884-435a-a81c-51bbd5cedf3e,117abbb4-5575-4020-aac4-2048f8d34b50,295616c0-387b-4f60-a337-7743cd6be04e,Bavarski dvor,266
01d1f388-d915-4e9f-bc3d-4432a73a216e,9cfac7e2-9653-4e52-a6d3-27756d27f817,769b7bc7-4f95-4bb2-9c99-37ba8e8b4bd5,D. MOST P+R,35
e0c253d0-1de7-4add-ac75-8b16151fa462,cc9cbd94-6da7-41ff-a728-cfd4b47dfcc0,c22879e5-8e90-4540-9a74-5f139208e492,Friškovec,3072
79a5bacd-8b59-4d83-99e8-26e3c5b1490b,ef91fd44-5651-4fd4-b6f8-619fdef9da7b,fef200e9-4d98-425b-ab14-8110e2aa85d7,Drama,2926
1b3d51e8-8b5e-4b31-a63e-9d665243c2f1,ba2b16a8-1273-45d2-8758-47b9694df9a6,484b5c91-1220-43ba-af79-84e712fcc46b,Slovenija avto,3445
d5735919-60bb-4720-a695-9f5155a4f109,51dbf10f-cf3b-4575-a8cc-d1080c1f9dde,f14a6236-8af2-47bf-9270-432377662a63,Viadukt,353
0d50a4a8-a88d-4468-b562-73e51937e1c5,db13a26e-19d4-4b8a-a78a-01ef25d58834,N/A,N/A,4525
2628ca4f-8797-4672-aca9-47b325c58aac,b6816891-4b0d-4bda-8e12-176194efaefe,769b7bc7-4f95-4bb2-9c99-37ba8e8b4bd5,D. MOST P+R,713
ad966374-a37d-443a-9a3e-ec85ca28231f,6bd46cb7-9e5d-453a-878a-bcc38fb2a5f2,f4cfd904-bd11-4247-95df-32c4555a930f,Klinični center,1057
edc8bf1d-d4f1-4c5b-8112-e4fa71a02bae,1aa7e441-8646-4d1d-88bd-ab004758ffc4,8c7fa045-888b-46d0-8189-6f82623bf481,Poljanska,1248
08f2fb98-afdf-4961-b419-1bca7f5568ab,e468b92f-fa4a-4819-bb11-37761deaf4ca,1eadcdb9-60cd-47c9-8eec-527c3465a685,Polje,508
862efb04-bcf5-493a-929d-242fb91ba5f6,a3aeed02-8e36-4cb0-bb08-25cc4afda164,48b163cd-b819-4849-aee1-8b1da77657ab,Šentvid,1773
235d7e56-4520-4691-b7d9-7588f7306e1d,5fe363f3-8297-448b-bde3-08f690c92d1b,1ce1c3a8-e0f6-4f90-b1aa-1448759d8b3c,Astra,2099
2fafda56-e44d-4e08-8503-90e6bf75e19d,0a4b6359-22f0-4caa-b4a8-f4edb97a0825,717dda7e-d793-4697-8f60-b64ee8b1edc4,Gosposvetska,210
223f660b-c391-4120-bf3c-7bf06781686b,e1e80207-5c23-47c0-a63a-121003b22807,769b7bc7-4f95-4bb2-9c99-37ba8e8b4bd5,D. MOST P+R,1168
ba6f47bf-d346-4ccb-8669-13b974d863a6,c297ac70-8f43-4fbc-a8a4-366ddb883a8d,f33b721f-a8a3-4aad-96f2-077da09ebaa6,Razstavišče,2056
452f2b51-98fb-4a7c-bb0a-44577eb5e12b,7962e05c-ad8c-43e4-9db4-4b90f0c94596,N/A,N/A,4525
efecc3aa-ae68-4374-bc24-334280abcf3f,56dbd8ff-6ec8-4186-b46c-f74ddb5a304a,5d7f28a6-2a2a-4333-aa06-48edfb652f86,Pošta,2926
2896bfa8-0586-4ed1-8d93-c5c6e1ff3d72,2bf898b0-1247-4e84-87e2-2e044e580c8f,769b7bc7-4f95-4bb2-9c99-37ba8e8b4bd5,D. MOST P+R,3588
b5273abc-dfeb-49a2-9607-249bf6415e4b,f2b27cbd-5207-4281-8f67-6369d0c50a9b,a719a87c-4e93-4387-a6d1-2631a487f7e0,Ajdovščina,1881
0b9c5011-4f2d-4753-914f-500532b0dbeb,1b3d51e8-8b5e-4b31-a63e-9d665243c2f1,N/A,N/A,4525
48b163cd-b819-4849-aee1-8b1da77657ab,22c11486-1afa-491f-b9ab-162d88c8c44d,f33b721f-a8a3-4aad-96f2-077da09ebaa6,Razstavišče,637
8a182298-1db3-4251-9cdb-a86efe72b8a7,bd6d732b-65aa-4b59-be82-6ce1301e70d5,fef200e9-4d98-425b-ab14-8110e2aa85d7,Drama,1108
46a50a09-9bae-460b-a7b6-457d288c5a9f,98f728a3-94a6-4911-98d7-64ab88097036,N/A,N/A,4525
5a2def68-fa57-4002-a942-e39bc2a87688,29336b94-2382-46dd-b2e6-4590dd689640,a719a87c-4e93-4387-a6d1-2631a487f7e0,Ajdovščina,17
a4545f57-dab0-4ca0-9da3-5bc96d80f104,e0f10330-ad34-453d-baf4-d6c601cb6cf8,f33b721f-a8a3-4aad-96f2-077da09ebaa6,Razstavišče,509
3c143688-247f-41cc-960d-f5e37b874c3a,1f02ab68-e4a0-4783-ae8a-39ccd679f2cc,fef200e9-4d98-425b-ab14-8110e2aa85d7,Drama,874
8441d439-8d1d-40b8-b3d5-7b9c56848b43,7276f267-9837-4c56-aad3-f8cd555060da,c87db9be-1fba-4102-a743-0ee4317dd5af,Bavarski dvor,2094
2ec182e2-769f-427f-b9b5-c4118890cb96,33613e0e-f41c-4cee-804a-3942bf698e3e,6a89c110-a0f8-4b1a-87f0-33f49c0a658e,Šola Jarše,2574
ab0d4ded-a428-4133-a6c8-0f2caac0a5ae,a1795ee0-9147-4a5c-bb11-f60a809f690e,N/A,N/A,4525
b829062a-2644-4350-b998-74522d9e85d8,d867fec1-5147-43db-b004-08d2797f50e3,5d7f28a6-2a2a-4333-aa06-48edfb652f86,Pošta,4509
61f19c68-2d5e-4d76-bdd4-28709a347b5b,2e62f411-936d-4a10-96ed-2d8fe95d6d65,f33b721f-a8a3-4aad-96f2-077da09ebaa6,Razstavišče,1783
3f0c15b3-99bd-4c12-8f7a-df06c9536526,15bb8af1-183e-4ec8-81f7-1fc6e81beb30,f33b721f-a8a3-4aad-96f2-077da09ebaa6,Razstavišče,709
3a50f545-2fe2-45a0-8ed6-01635603efed,6c773433-c487-49c5-a783-32c0e276ed7b,5d7f28a6-2a2a-4333-aa06-48edfb652f86,Pošta,1214
f5dc05ab-b5cf-4f25-a85b-f346876311cb,bf990a3a-96e9-42b7-9147-33e85bd24c05,cdabf1ea-b04c-480a-8359-72c46e6864ab,Bežigrad,285
2b223d0c-f8ec-4970-815c-bfe26c3ffc09,cb05ea76-5fc1-4162-b432-a914b63604d0,769b7bc7-4f95-4bb2-9c99-37ba8e8b4bd5,D. MOST P+R,655
e82569a6-73f3-4002-b7b5-0f83ee167535,9741988b-6723-480b-a419-8db7490d667a,717dda7e-d793-4697-8f60-b64ee8b1edc4,Gosposvetska,499
d119c3e9-7f2c-4d40-97a4-ccc6b4bb2951,15af3c66-ad74-4f41-92f7-92e2ff72a51d,c87db9be-1fba-4102-a743-0ee4317dd5af,Bavarski dvor,612
ba846253-4c87-4120-8f1c-05a563bf3999,7fdce743-a4be-44d7-8658-0a259a18ad30,769b7bc7-4f95-4bb2-9c99-37ba8e8b4bd5,D. MOST P+R,352
f73d3fb2-082c-4518-8af2-45de5490df4e,7a52a73a-cc0e-4c61-b9bc-306157727e1c,7bcbdcaa-00b9-47d4-8982-09da26cd7bcb,Zaloška,750
ab987eb0-c970-4577-8db9-0cd507a6cab6,5764ff17-c787-4918-b7bd-a2ed9c6d7dd1,c87db9be-1fba-4102-a743-0ee4317dd5af,Bavarski dvor,2781
0d50a4a8-a88d-4468-b562-73e51937e1c5,f088dbda-3ab0-43c5-bcdf-c727725c05be,48b163cd-b819-4849-aee1-8b1da77657ab,Šentvid,1675
b7b7ac00-59bb-41eb-833d-ad309d24e68a,d9df1ba3-6820-4fcb-b561-9cb7a60dd463,a719a87c-4e93-4387-a6d1-2631a487f7e0,Ajdovščina,53
aaedd82f-0c53-425d-92cf-96e50bd20518,c6c83930-96af-4cbe-93bf-072a618502a4,c87db9be-1fba-4102-a743-0ee4317dd5af,Bavarski dvor,353
7484317c-269f-425f-8118-23eedab4e5f1,a41f5786-6b70-4224-bcde-e6fbaac4c21b,717dda7e-d793-4697-8f60-b64ee8b1edc4,Gosposvetska,2646
f073b9d9-a3e3-4d04-a209-0db55377b79e,f073b9d9-a3e3-4d04-a209-0db55377b79e,9b85d4b0-c594-4e0e-9ce2-d0986256c270,Tavčarjeva,1
476c1b24-6f2f-4727-b610-645c50493814,ad966374-a37d-443a-9a3e-ec85ca28231f,295616c0-387b-4f60-a337-7743cd6be04e,Bavarski dvor,227
86a75ffc-a78f-401f-8991-2eb0371417b2,98fa3880-5936-4ec8-ba04-39c7ff9a0e6a,f33b721f-a8a3-4aad-96f2-077da09ebaa6,Razstavišče,836
52e5adea-e194-4fc1-809c-1d6421f8f8db,b0b32562-f5dc-4183-abba-5729adf98088,cee2862b-9b70-4880-8fa3-16c6d2efae1b,AMZS,625
3edd6057-3847-4c42-b8ec-6e89ff95793a,a5eb15d2-f0cb-46a6-b888-6a9aad6bc5b6,ef31a8be-b01d-44cd-95cf-3db8e918af26,Emona,30
e7789f42-0ad7-44d1-974b-42a3f4957291,9b4a7d21-709f-4462-b602-c77d975df9e7,fef200e9-4d98-425b-ab14-8110e2aa85d7,Drama,153
ee03ecf6-db6d-4ecc-90cd-5b3afc8afb91,93928408-7b36-41f9-9b62-fec53e14b4e2,5d7f28a6-2a2a-4333-aa06-48edfb652f86,Pošta,429
249f3d10-f5f0-467b-8f60-f35fd62d9054,099976aa-17cc-45d3-add4-267985ab1533,a0b1fb90-3f6a-4231-910a-18be192ac762,Flajšmanova,1432
2edaabef-ed43-4b87-ba95-a5600c33250f,332abe37-33b8-4142-9edd-4ebd9e52eaf7,c87db9be-1fba-4102-a743-0ee4317dd5af,Bavarski dvor,623
61f19c68-2d5e-4d76-bdd4-28709a347b5b,f07c916c-6fc6-4acf-a334-0ab0d3c4f57f,5d7f28a6-2a2a-4333-aa06-48edfb652f86,Pošta,1571
dc7b6fb3-15db-4c7e-9fa1-424943178ce6,c3534bc6-7bfd-43be-b46a-2b0fced57ab8,a719a87c-4e93-4387-a6d1-2631a487f7e0,Ajdovščina,122
2838f674-f6e9-4eb5-a99c-1d0ac7903ca1,b9edd39a-4f64-4553-869e-bb77e617b9b8,f2b27cbd-5207-4281-8f67-6369d0c50a9b,Kodrova,1246
a9796806-8cd3-4b76-bf8c-4340aec35c9e,9b85d4b0-c594-4e0e-9ce2-d0986256c270,c87db9be-1fba-4102-a743-0ee4317dd5af,Bavarski dvor,1429
7558099b-08a3-43bc-8056-49bcc5900a03,930fed8f-1d4d-40c6-9a3b-53697263a0f2,f33b721f-a8a3-4aad-96f2-077da09ebaa6,Razstavišče,1629
4062cd22-b67a-4235-9980-0178b7add592,70c51140-f3ee-4c89-a6e2-ed74dab89148,fef200e9-4d98-425b-ab14-8110e2aa85d7,Drama,705
8dde1a7b-e3ec-4675-8409-2a2c4ae696c7,2d42d8e2-26a8-4a74-809c-f436d05c8a54,a2ce7e6f-0f99-443a-a973-81a0b9c60261,Astra,1717
7a52a73a-cc0e-4c61-b9bc-306157727e1c,b4b30b45-445a-4f70-bdf5-5ea7cdc98583,fef200e9-4d98-425b-ab14-8110e2aa85d7,Drama,396
cf94d70f-d211-4625-9037-014514562aa9,96d4c75b-6452-4c70-a31e-c234262ba38b,N/A,N/A,4525
0be237aa-4b91-4d2b-ac23-0cebac975a0d,be5fb719-eda2-4831-90c6-249248ea22dd,a719a87c-4e93-4387-a6d1-2631a487f7e0,Ajdovščina,593
ee095f27-439e-42e7-9e5c-e77b0903c31f,b91edda3-a147-4599-bebf-85e145de085b,fef200e9-4d98-425b-ab14-8110e2aa85d7,Drama,728
29336b94-2382-46dd-b2e6-4590dd689640,6459bd02-d8f8-413e-9402-10b916f09a4f,8c7fa045-888b-46d0-8189-6f82623bf481,Poljanska,145
7fcb0952-c77f-44b5-adf3-0aa2a2b8550a,6a774daa-3547-4128-b304-aa2d17d4391a,c87db9be-1fba-4102-a743-0ee4317dd5af,Bavarski dvor,1781
86a75ffc-a78f-401f-8991-2eb0371417b2,39650ca1-d08c-4645-ac1a-6aed84eb45c5,484b5c91-1220-43ba-af79-84e712fcc46b,Slovenija avto,498
8598b85d-3e1d-4767-b72f-0c209038841f,7a52a73a-cc0e-4c61-b9bc-306157727e1c,379bc761-04b5-4227-be76-3b870fe3e69f,Pot na Fužine,3022
ad966374-a37d-443a-9a3e-ec85ca28231f,1a3351a1-563e-4174-b402-54bc0e2f5191,fef200e9-4d98-425b-ab14-8110e2aa85d7,Drama,1153
5f6cb902-b824-4961-9ac2-75cf44a47055,b59656a4-b6e7-4b87-977c-078c59088a50,295616c0-387b-4f60-a337-7743cd6be04e,Bavarski dvor,1813
fd0e405e-d5e5-45fc-8911-e48a178ad4a9,c87db9be-1fba-4102-a743-0ee4317dd5af,5de84f88-3f32-4636-8c30-03cc267ecf37,Podvozna pot,209
d867fec1-5147-43db-b004-08d2797f50e3,22c11486-1afa-491f-b9ab-162d88c8c44d,f2b27cbd-5207-4281-8f67-6369d0c50a9b,Kodrova,3661
eee355cc-98a1-4f25-8bf9-0100856eda6e,21764d19-62cc-49fd-bac9-403aeac6a6b9,484b5c91-1220-43ba-af79-84e712fcc46b,Slovenija avto,431
9b4a7d21-709f-4462-b602-c77d975df9e7,4a95f1f8-a457-4dcf-bd1f-6307d4300ea0,fef200e9-4d98-425b-ab14-8110e2aa85d7,Drama,1685
61926b26-d777-483f-ae79-86766c48793b,a9473958-e505-4c16-8498-486b06a47856,fef200e9-4d98-425b-ab14-8110e2aa85d7,Drama,1928
81a7167c-7913-442e-96c5-20dc6e25d74b,259de009-1345-4169-920b-baeaceade993,6bd46cb7-9e5d-453a-878a-bcc38fb2a5f2,Sava,4260
eb11d52f-300b-4648-a2e8-ed03db9ff7e2,521edd75-c364-480a-af9e-a1c9815b6dd7,N/A,N/A,4525
0b4a072e-6c2d-4c71-ab80-2b7142df81de,abc9fd26-5442-468b-93b6-4d5eb76d0f1f,fef200e9-4d98-425b-ab14-8110e2aa85d7,Drama,3610
6afef238-01cd-4ad0-859d-2056b5d4a63f,627be449-8b6a-40f4-a57c-09ccdacccb66,f33b721f-a8a3-4aad-96f2-077da09ebaa6,Razstavišče,2859
10d57057-b305-4b7a-806b-3373014db962,d2ff7ae5-59fc-4894-aa50-a7f16b5e3534,b59656a4-b6e7-4b87-977c-078c59088a50,Hajdrihova,1340
6e7cab20-d7e3-474f-9a5e-f1e0ca6fae53,cf22c7c2-776f-4bd7-ae1a-dc4f25983c19,769b7bc7-4f95-4bb2-9c99-37ba8e8b4bd5,D. MOST P+R,179
154f3596-bbbb-4038-9ad7-c4b8b5288a02,21fba303-9465-42e6-8942-eaff85a2b40c,b59656a4-b6e7-4b87-977c-078c59088a50,Hajdrihova,2057
7bcbdcaa-00b9-47d4-8982-09da26cd7bcb,2c46416a-d66e-469c-a342-898a93f5b2f0,6a89c110-a0f8-4b1a-87f0-33f49c0a658e,Šola Jarše,2886
66012072-6b6b-4775-8001-0887d18e09a3,53806659-b339-4e68-af4a-4325c16b6026,9b0074d2-2c92-4c01-830b-00be8e05b412,Cukrarna,2516
9cc88862-270a-409a-b450-e0003c7930af,754e8f1f-a5ba-4281-8f31-fb3357744cd2,5d7f28a6-2a2a-4333-aa06-48edfb652f86,Pošta,578
9e0942f3-2c18-4891-9b51-9d95cc43af7a,35dbaf26-2fa4-45c4-87fc-81d1ff13b005,769b7bc7-4f95-4bb2-9c99-37ba8e8b4bd5,D. MOST P+R,1422
a8a92762-af25-42a7-98dd-9846f8b33e09,6d344016-1b93-4ff7-80a8-8cde0b57bd1c,N/A,N/A,4525
1b3ddeca-a066-43ee-9ae5-8339628129c2,3fbf6322-fb74-4a50-a81a-bfca73abc26b,295616c0-387b-4f60-a337-7743cd6be04e,Bavarski dvor,481
786a15d4-dd6b-42bb-a5c9-6ce994b5be9e,c71e1e0c-780a-4d46-8b33-09aebbbcfcd8,9e109242-5aad-4fb7-b0c8-576eef8aa4e0,VEVČE,3959
9e90940e-cf99-4112-87ec-7cbb6331509a,81b6f6ad-6dd6-4e3f-a0bd-754a65a3e57b,c87db9be-1fba-4102-a743-0ee4317dd5af,Bavarski dvor,2731
1f207e67-adf9-4da6-b107-3b58051d9990,d2f9bbec-4b03-49a8-af83-afe65fe07a0e,b59656a4-b6e7-4b87-977c-078c59088a50,Hajdrihova,1458
f2920a77-6c6c-494d-96b7-2a8caf8f374f,80c65758-5f25-4003-8d55-10ff96fe8310,b59656a4-b6e7-4b87-977c-078c59088a50,Hajdrihova,4404
ea9d5fa9-af5a-4d39-96fd-626415048511,a0e0a21b-b8ce-4d76-bbc2-04e179367fee,f4cfd904-bd11-4247-95df-32c4555a930f,Klinični center,740
7e780e7f-3665-4ec7-a910-eaf6e9d82551,70bba1e8-3ea8-46fe-ace3-f75b04e37605,6a89c110-a0f8-4b1a-87f0-33f49c0a658e,Šola Jarše,168
01d1f388-d915-4e9f-bc3d-4432a73a216e,ac3afe7d-a2b3-4d5d-9e6a-1d2412a3bc70,295616c0-387b-4f60-a337-7743cd6be04e,Bavarski dvor,1167
46a50a09-9bae-460b-a7b6-457d288c5a9f,352f5cae-25c9-41c5-ab70-268bf64107f0,N/A,N/A,4525
5de84f88-3f32-4636-8c30-03cc267ecf37,4d57f6bd-7ba7-4f07-8aa1-ecac0b09e8db,484b5c91-1220-43ba-af79-84e712fcc46b,Slovenija avto,1747
c6c83930-96af-4cbe-93bf-072a618502a4,6efecef0-52ba-4a47-9991-9bab5ce31340,379bc761-04b5-4227-be76-3b870fe3e69f,Pot na Fužine,87
5fa77d25-e7a3-42db-8cc9-52b612d5de19,9b4a7d21-709f-4462-b602-c77d975df9e7,5d7f28a6-2a2a-4333-aa06-48edfb652f86,Pošta,888
eefb30b4-8049-4128-89f5-bb359b1c93b0,6a0b25cc-428e-47b5-831a-e89facfa7f26,f33b721f-a8a3-4aad-96f2-077da09ebaa6,Razstavišče,2889
c326e479-ccc3-4915-8788-3fa189d0143e,271db19a-744b-41a0-869d-0c3e0e2cb6bf,a2ce7e6f-0f99-443a-a973-81a0b9c60261,Astra,2718
5b59d508-0860-4f50-b5ab-72a79046b488,9dfc0a62-bf4d-4670-83d0-4e26a6e56b32,fef200e9-4d98-425b-ab14-8110e2aa85d7,Drama,1134
1e4be02a-ac61-41bc-b9b5-1ef7850313ed,169789c5-0251-47a6-800a-74ff3dffe04d,98fa3880-5936-4ec8-ba04-39c7ff9a0e6a,Stara cerkev,2934
bdd68b01-e9a1-4270-be50-8b5c7bd39a1c,d7d43617-ef41-4f9e-bbad-670d515d926a,f33b721f-a8a3-4aad-96f2-077da09ebaa6,Razstavišče,1309
a1795ee0-9147-4a5c-bb11-f60a809f690e,cab36767-e95a-4f60-978e-92490f2517b2,5d7f28a6-2a2a-4333-aa06-48edfb652f86,Pošta,2620
295616c0-387b-4f60-a337-7743cd6be04e,c6eab761-36e0-4bf8-88ed-48e594ed375b,5d7f28a6-2a2a-4333-aa06-48edfb652f86,Pošta,1835
c8e0086c-0cef-4375-a471-72f3ae1e34fc,b47eac47-d897-4ba7-ab06-8e642cc8efe8,a719a87c-4e93-4387-a6d1-2631a487f7e0,Ajdovščina,34
1907a46a-4559-43ec-8363-03fe35d30725,0c6d0a32-5673-45fa-9d50-04d8039cbda1,fef200e9-4d98-425b-ab14-8110e2aa85d7,Drama,4000
0810f07b-94d6-442f-b10d-bf8210c4ed47,f07c916c-6fc6-4acf-a334-0ab0d3c4f57f,609f0950-bb8c-4eaf-a931-8575b8aff1ac,Savske stolpnice,318
484b5c91-1220-43ba-af79-84e712fcc46b,666bd186-7a9a-4e20-a466-e7b1918dda9b,6bd46cb7-9e5d-453a-878a-bcc38fb2a5f2,Sava,276
6a774daa-3547-4128-b304-aa2d17d4391a,07b4c585-66cf-49d7-906c-50f1122c8e9e,f33b721f-a8a3-4aad-96f2-077da09ebaa6,Razstavišče,728
df973089-967d-4446-916c-260e9e8fec83,862efb04-bcf5-493a-929d-242fb91ba5f6,98fa3880-5936-4ec8-ba04-39c7ff9a0e6a,Stara cerkev,3167
1536cb2e-acd3-49cb-8f06-bb8cd40c0c02,6330ad8d-b582-4c92-bc7e-d3f206264f04,N/A,N/A,4525
71480129-1108-4659-bb1b-d62897a81d02,a4545f57-dab0-4ca0-9da3-5bc96d80f104,N/A,N/A,4525
70231f13-be88-4e3a-a89a-5b4f436984d2,baab981f-b707-4b2e-8291-6175f7ceb255,fef200e9-4d98-425b-ab14-8110e2aa85d7,Drama,649
ad8a76cf-4386-44b3-9156-490c502e4bc4,b91edda3-a147-4599-bebf-85e145de085b,a2ce7e6f-0f99-443a-a973-81a0b9c60261,Astra,3990
e3321752-4498-4da3-801c-d54920b22eba,8512e1be-4637-483b-a3e6-78ccc6d2c5b1,9cfac7e2-9653-4e52-a6d3-27756d27f817,Kino Šiška,595
d7a59d1b-dfe1-4fbb-96fc-14443b077516,3f0c15b3-99bd-4c12-8f7a-df06c9536526,a2ce7e6f-0f99-443a-a973-81a0b9c60261,Astra,1120
05643914-8ff7-4064-8737-2761d44a083f,cb05ea76-5fc1-4162-b432-a914b63604d0,c8e0086c-0cef-4375-a471-72f3ae1e34fc,Strelišče,3813
7d1d9e60-8a7d-4e50-86e5-f3a42a99d837,4038e02e-f22f-4af0-ba4f-7aab855b53af,N/A,N/A,4525
022ef61f-a226-42e8-b11d-30cf9f9a6688,f4e99ece-e89e-4322-80c6-5a91df65f64e,a2ce7e6f-0f99-443a-a973-81a0b9c60261,Astra,3844
2d42d8e2-26a8-4a74-809c-f436d05c8a54,e9382efd-d64d-46b0-9a7d-a4e6a0188725,c87db9be-1fba-4102-a743-0ee4317dd5af,Bavarski dvor,702
27788b38-4743-4e04-9b9c-94faeeeb2d34,fcc58ff5-bf0b-44ce-b12b-75ecc493f24d,7eb88e01-82e9-4af4-84d0-69c6ea9dc82c,Kolodvor,851
12cfc2b3-f8ff-444b-8d5f-15855e45e331,69bc9f1c-507f-463c-ba5a-04500b319967,1ce1c3a8-e0f6-4f90-b1aa-1448759d8b3c,Astra,526
d27a7320-71d6-48bc-a4f5-0f3e239575b8,c2827897-b9fe-4bfc-b4ed-880f11a2359e,1ce1c3a8-e0f6-4f90-b1aa-1448759d8b3c,Astra,267
68075aa0-144c-4f6e-93ef-e93dfc35df78,ef91fd44-5651-4fd4-b6f8-619fdef9da7b,a719a87c-4e93-4387-a6d1-2631a487f7e0,Ajdovščina,2636
8589e5d1-21b4-4210-ad7a-4bf91f9a715d,fa96d420-d1af-4ad0-bf6a-4544deb1c5eb,c87db9be-1fba-4102-a743-0ee4317dd5af,Bavarski dvor,600
f73d3fb2-082c-4518-8af2-45de5490df4e,7c37b809-4d6d-497c-a53d-38663e91c088,6182f8e8-c45e-4606-b4a4-d909bd44d2cc,Gornji trg,522
5293859e-2ea2-4ad3-9781-884672606464,6330ad8d-b582-4c92-bc7e-d3f206264f04,717dda7e-d793-4697-8f60-b64ee8b1edc4,Gosposvetska,3623
6a74977a-a26d-42b4-a60b-8dabc726e57d,e78f256e-7218-4263-87b9-255bd90c9f49,fef200e9-4d98-425b-ab14-8110e2aa85d7,Drama,2411
452f2b51-98fb-4a7c-bb0a-44577eb5e12b,f174a648-9e84-492d-9ccd-0756b49c773b,717dda7e-d793-4697-8f60-b64ee8b1edc4,Gosposvetska,1069
b4634750-8d91-4625-b40d-1da9665e70f6,a12ab184-fb4b-449f-9884-88e0a1672e64,c22879e5-8e90-4540-9a74-5f139208e492,Friškovec,52
ab624858-605d-48c6-a660-d54c2e037a91,b0b32562-f5dc-4183-abba-5729adf98088,N/A,N/A,4525
4abe5e63-5707-4ef0-acda-ab2c52749afe,ff74fc01-faf6-4a78-a782-d8365538e7de,N/A,N/A,4525
61485a1f-73a8-4dac-bcc7-6e4e53eb4b0f,8441d439-8d1d-40b8-b3d5-7b9c56848b43,fef200e9-4d98-425b-ab14-8110e2aa85d7,Drama,150
a12ab184-fb4b-449f-9884-88e0a1672e64,0c5f69a6-97c7-4053-bc0b-3f09dbf72f46,f33b721f-a8a3-4aad-96f2-077da09ebaa6,Razstavišče,875
e4635b94-348c-4c69-be85-1160488e5e43,86a75ffc-a78f-401f-8991-2eb0371417b2,a719a87c-4e93-4387-a6d1-2631a487f7e0,Ajdovščina,149
6bd46cb7-9e5d-453a-878a-bcc38fb2a5f2,9741988b-6723-480b-a419-8db7490d667a,f33b721f-a8a3-4aad-96f2-077da09ebaa6,Razstavišče,128
9dfc0a62-bf4d-4670-83d0-4e26a6e56b32,feb89b92-366d-4f50-a509-40c7baba8cf0,295616c0-387b-4f60-a337-7743cd6be04e,Bavarski dvor,1507
76f20fbf-afc4-4c7d-b51c-14f0878b38d8,44e58cea-6c90-467f-baf2-22ac161daafb,295616c0-387b-4f60-a337-7743cd6be04e,Bavarski dvor,1727
7ba233b7-a50a-497d-8135-dd8dabf93ff5,93928408-7b36-41f9-9b62-fec53e14b4e2,aa42017d-812a-4175-bc9b-0fec03b18931,Ambrožev trg,3310
2ec182e2-769f-427f-b9b5-c4118890cb96,1b27d65a-1008-4bc9-928e-f6cb43b03804,5d7f28a6-2a2a-4333-aa06-48edfb652f86,Pošta,394
5cc8a08d-c0af-491f-9a9c-b8b4f5f23bc0,46a50a09-9bae-460b-a7b6-457d288c5a9f,N/A,N/A,4525
de80f5fd-4572-4bb6-9e21-9860f5fa6b24,da834a23-5697-49bb-b3a1-7f277c8206bc,c87db9be-1fba-4102-a743-0ee4317dd5af,Bavarski dvor,1143
6559d555-672b-4633-8a81-0ae68fb963eb,7c37b809-4d6d-497c-a53d-38663e91c088,295616c0-387b-4f60-a337-7743cd6be04e,Bavarski dvor,4343
6afef238-01cd-4ad0-859d-2056b5d4a63f,1e2641bc-b0b2-448e-8ad2-e52891fa4c5f,N/A,N/A,4525
ea80411c-360d-4a33-861c-6533a1d67eef,1faa072c-478b-4656-8df3-84167a9a4bbb,N/A,N/A,4525
4ac86a6a-874d-41a7-92a5-64ed733b7734,33613e0e-f41c-4cee-804a-3942bf698e3e,fef200e9-4d98-425b-ab14-8110e2aa85d7,Drama,2658
2cde6efe-5f53-44aa-8018-76f0ea2c86f8,91745353-dd19-49ee-beaf-332e546dcceb,f4cfd904-bd11-4247-95df-32c4555a930f,Klinični center,596
15c71406-72b5-4681-8b1a-29eb30eb3f76,6330ad8d-b582-4c92-bc7e-d3f206264f04,b59656a4-b6e7-4b87-977c-078c59088a50,Hajdrihova,880
4b847ac2-4c41-4fc1-a497-9ce4deaab8b1,e9089f7d-853e-4375-8ecb-0db96fcc60e6,f33b721f-a8a3-4aad-96f2-077da09ebaa6,Razstavišče,1002
1f02ab68-e4a0-4783-ae8a-39ccd679f2cc,7d628170-e2eb-47fd-9d3e-658acf78d7d3,N/A,N/A,4525
44e58cea-6c90-467f-baf2-22ac161daafb,ba2b16a8-1273-45d2-8758-47b9694df9a6,a719a87c-4e93-4387-a6d1-2631a487f7e0,Ajdovščina,235
46847a61-d68a-4d2c-ad76-18e043d41430,0b9c5011-4f2d-4753-914f-500532b0dbeb,N/A,N/A,4525
86303165-4af4-4fcd-b0f9-43ed865454f4,c86d5f37-52ee-4e3a-99b5-b9554118c4d5,a719a87c-4e93-4387-a6d1-2631a487f7e0,Ajdovščina,1297
60edf514-fd83-400b-b86f-881f7eff258b,69f98a9c-d52d-423a-b44e-89b6320a7a88,fef200e9-4d98-425b-ab14-8110e2aa85d7,Drama,503
9583dbdd-06fd-411e-88dd-af8f89e2caaa,0760a037-cd94-4936-89b6-45ce9bd19917,717dda7e-d793-4697-8f60-b64ee8b1edc4,Gosposvetska,504
ac3afe7d-a2b3-4d5d-9e6a-1d2412a3bc70,108e7dc8-ca5d-4c91-9414-32a32a31b69a,N/A,N/A,4525
5a2def68-fa57-4002-a942-e39bc2a87688,8598b85d-3e1d-4767-b72f-0c209038841f,aa42017d-812a-4175-bc9b-0fec03b18931,Ambrožev trg,796
f5d8583f-6e9d-4996-b803-74bf3cd0b602,22ef2062-46f0-4a46-8d9a-6ceb7b7f45bc,fef200e9-4d98-425b-ab14-8110e2aa85d7,Drama,4320
e468b92f-fa4a-4819-bb11-37761deaf4ca,baab981f-b707-4b2e-8291-6175f7ceb255,f33b721f-a8a3-4aad-96f2-077da09ebaa6,Razstavišče,4069
a9473958-e505-4c16-8498-486b06a47856,c87db9be-1fba-4102-a743-0ee4317dd5af,1ce1c3a8-e0f6-4f90-b1aa-1448759d8b3c,Astra,2629
95732ece-1658-4e11-9b5f-b6ae5552e638,83a62071-0161-47a2-b745-eafb5e945632,98fa3880-5936-4ec8-ba04-39c7ff9a0e6a,Stara cerkev,2728
1dc99fbb-5496-4aab-a4b6-32e653ccc789,ea91e672-f4a8-40cb-af62-214726551a93,717dda7e-d793-4697-8f60-b64ee8b1edc4,Gosposvetska,190
46a50a09-9bae-460b-a7b6-457d288c5a9f,67c3adc1-a92d-4528-91ee-77d8b52574c6,N/A,N/A,4525
87785aa3-128e-4f15-82b0-d8c3cfa6076f,154f3596-bbbb-4038-9ad7-c4b8b5288a02,N/A,N/A,4525
c87db9be-1fba-4102-a743-0ee4317dd5af,f5e84751-7377-402c-974c-53276e422e70,6bd46cb7-9e5d-453a-878a-bcc38fb2a5f2,Sava,1640
ab624858-605d-48c6-a660-d54c2e037a91,7962e05c-ad8c-43e4-9db4-4b90f0c94596,N/A,N/A,4525
ecc4ae87-ae08-4b94-995c-452fdd94df7f,bbe542ee-a3f6-43cf-b23a-077c28b7d19a,e6f5183b-c615-4f47-b4fb-204ee070e825,Bežigrad,1017
041e08cc-b1bd-4f2c-aa4e-a9aaf2837a28,7962e05c-ad8c-43e4-9db4-4b90f0c94596,c87db9be-1fba-4102-a743-0ee4317dd5af,Bavarski dvor,754
8a224b7d-24ae-4c7b-8318-f66ac8cc078b,6efecef0-52ba-4a47-9991-9bab5ce31340,c87db9be-1fba-4102-a743-0ee4317dd5af,Bavarski dvor,341
d4c51b31-46fd-4da8-ba15-8068e666d483,80c65758-5f25-4003-8d55-10ff96fe8310,a719a87c-4e93-4387-a6d1-2631a487f7e0,Ajdovščina,2195
5881f75e-9383-49b0-811d-04c864ba1605,a2947722-2e6f-48dd-9c31-ff36356676fa,5de84f88-3f32-4636-8c30-03cc267ecf37,Podvozna pot,1020
a6b87518-2a7f-4505-898f-245ebe23c909,4d57f6bd-7ba7-4f07-8aa1-ecac0b09e8db,cdabf1ea-b04c-480a-8359-72c46e6864ab,Bežigrad,1390
fd0e405e-d5e5-45fc-8911-e48a178ad4a9,a378ce5e-57ce-4c52-b219-568674b5cd5e,fef200e9-4d98-425b-ab14-8110e2aa85d7,Drama,1256
70bba1e8-3ea8-46fe-ace3-f75b04e37605,b6816891-4b0d-4bda-8e12-176194efaefe,a2ce7e6f-0f99-443a-a973-81a0b9c60261,Astra,634
219086ca-bdcb-4092-bd82-3d372b9b73ce,5c8bdb89-116a-4d5d-9db1-9be443070380,023d7b7a-b411-4e61-8746-b07f9e5c8f90,Ambrožev trg,2338
52e5adea-e194-4fc1-809c-1d6421f8f8db,17f7d178-41b3-41f9-a545-cbfc22a0a5f1,a0e0a21b-b8ce-4d76-bbc2-04e179367fee,Šola Jarše,30
5f6cb902-b824-4961-9ac2-75cf44a47055,ab624858-605d-48c6-a660-d54c2e037a91,N/A,N/A,4525
eaad1ba5-14a4-494f-80ae-65294c29a962,277bc73c-e61d-4046-bcfd-31d6161c568e,a2ce7e6f-0f99-443a-a973-81a0b9c60261,Astra,3250
97788808-915f-4405-b54e-7ec5f95f7330,595ee2ab-3022-469d-a3e1-0c87d7dfb14d,7fad8003-fb10-489d-bf8d-6d433310ad90,Nove Jarše,2387
66eec6a2-dfde-4d98-b690-e47f200367fd,30c30bf5-75c4-4dc0-995f-4679ef54d37c,fef200e9-4d98-425b-ab14-8110e2aa85d7,Drama,3071
34ead609-4331-48ab-8e82-52dd70da9832,bc66f88b-1412-44cb-b921-030d27335261,717dda7e-d793-4697-8f60-b64ee8b1edc4,Gosposvetska,1068
f496ecc3-28fe-4361-9da8-428bbf3bd672,e786b2df-34ed-4246-832e-7c3d538ac1f4,295616c0-387b-4f60-a337-7743cd6be04e,Bavarski dvor,374
1632ee87-59dd-4367-bf10-9d13aa688e82,3fbf6322-fb74-4a50-a81a-bfca73abc26b,5d7f28a6-2a2a-4333-aa06-48edfb652f86,Pošta,2173
524d67dd-fbb0-4f6a-9199-f095123044ab,4bd4913f-8597-4ea0-b219-4e9b15dcbb62,7bcbdcaa-00b9-47d4-8982-09da26cd7bcb,Zaloška,733
2cde6efe-5f53-44aa-8018-76f0ea2c86f8,3d0466c6-82f4-4a8e-ac5f-18d4dab794ac,6182f8e8-c45e-4606-b4a4-d909bd44d2cc,Gornji trg,722
7294875b-8482-484a-b04d-95b921612001,4d2fc228-0628-4897-8d77-3e71d500d36d,b59656a4-b6e7-4b87-977c-078c59088a50,Hajdrihova,297
8b5f91a6-23b7-4786-96f9-a80c6d668e18,6559d555-672b-4633-8a81-0ae68fb963eb,a719a87c-4e93-4387-a6d1-2631a487f7e0,Ajdovščina,2434
e3b51371-e289-45ef-83ca-1f4ffff25162,d08c4884-9764-447f-9b79-0ef7a645222f,c87db9be-1fba-4102-a743-0ee4317dd5af,Bavarski dvor,2496
c32ef99a-6752-47fe-94eb-a5134c7110af,6739536d-b334-46c6-ae80-4890afac7985,5d7f28a6-2a2a-4333-aa06-48edfb652f86,Pošta,365
0b90d258-764d-4c06-aab0-7074dbd54182,7bcbdcaa-00b9-47d4-8982-09da26cd7bcb,484b5c91-1220-43ba-af79-84e712fcc46b,Slovenija avto,1200
fd0e405e-d5e5-45fc-8911-e48a178ad4a9,2bf898b0-1247-4e84-87e2-2e044e580c8f,295616c0-387b-4f60-a337-7743cd6be04e,Bavarski dvor,392
edc8bf1d-d4f1-4c5b-8112-e4fa71a02bae,639551cf-fe23-4363-8ccd-655bc5d4119e,1ce1c3a8-e0f6-4f90-b1aa-1448759d8b3c,Astra,1980
e0c253d0-1de7-4add-ac75-8b16151fa462,befe0e87-b5fe-41ff-9a77-f65461eff28d,48b163cd-b819-4849-aee1-8b1da77657ab,Šentvid,624
cdabf1ea-b04c-480a-8359-72c46e6864ab,295616c0-387b-4f60-a337-7743cd6be04e,9cfac7e2-9653-4e52-a6d3-27756d27f817,Kino Šiška,116
a6fde748-bb91-465c-8665-20cbaed7df19,2e6c059c-0305-47bb-9ca8-00a2123039e9,N/A,N/A,4525
18d010ca-0244-4928-82cb-47af0836a1bb,76f20fbf-afc4-4c7d-b51c-14f0878b38d8,b59656a4-b6e7-4b87-977c-078c59088a50,Hajdrihova,3030
b2dd8b3a-3710-4f07-b735-4bd183bfaade,1eca3479-6e2c-4f21-bf45-4db410041181,N/A,N/A,4525
9cd1e7f8-8ccf-4469-bc25-25d138605c67,ab624858-605d-48c6-a660-d54c2e037a91,N/A,N/A,4525
3f996624-8134-4eec-9742-70111db659c1,e9d9f622-7394-4c5c-9031-a41855a64aa7,a2ce7e6f-0f99-443a-a973-81a0b9c60261,Astra,3148
a9796806-8cd3-4b76-bf8c-4340aec35c9e,5bc3addd-b076-4c60-b850-39f90e674b75,f33b721f-a8a3-4aad-96f2-077da09ebaa6,Razstavišče,2944
9741988b-6723-480b-a419-8db7490d667a,59ee5f7d-476b-4958-a922-2040a9308f3b,769b7bc7-4f95-4bb2-9c99-37ba8e8b4bd5,D. MOST P+R,3307
813b7c8c-5236-405a-bb0d-092a5d93c2a6,b829062a-2644-4350-b998-74522d9e85d8,295616c0-387b-4f60-a337-7743cd6be04e,Bavarski dvor,888
4c277b3f-c427-404b-ace3-2cd51656318f,5fa77d25-e7a3-42db-8cc9-52b612d5de19,fef200e9-4d98-425b-ab14-8110e2aa85d7,Drama,3465
a7af0c5d-2297-40e2-a6e0-506f6aadba0a,97627b9b-fa2e-461a-97ea-a15df7599598,c87db9be-1fba-4102-a743-0ee4317dd5af,Bavarski dvor,3486
0b6960bb-2431-48c3-9e64-3cbf5c57ea96,ba0f81e5-dfec-49bb-8d6b-d52618338640,fb0042f8-d9e2-4916-b60a-38a026acf0c9,Leskoškova,1367
6672b8cb-e56d-420a-a5e7-fc86e8aa3647,2188a1bc-ce7a-4450-bd4f-871538578244,N/A,N/A,4525
7f510cd8-4742-4dcf-95c0-16cde39c2e26,233daca5-913b-4e10-bf34-18b1c8c77019,aa42017d-812a-4175-bc9b-0fec03b18931,Ambrožev trg,222
1b0f629f-acdb-4e94-8c54-018f4334ebf7,277bc73c-e61d-4046-bcfd-31d6161c568e,48b163cd-b819-4849-aee1-8b1da77657ab,Šentvid,306
f414efd9-d697-4bbe-abb6-c9e09fd73514,a41f5786-6b70-4224-bcde-e6fbaac4c21b,N/A,N/A,4525
4f681273-89fe-44f9-aaec-76950722cc52,447a37f6-2be6-45a3-8ae0-6982aa53cafb,a2ce7e6f-0f99-443a-a973-81a0b9c60261,Astra,586
bea9f247-4e88-4d7c-9387-8cd9342acb8c,7a256ec6-bb93-47eb-af92-ea62941c1dc6,a719a87c-4e93-4387-a6d1-2631a487f7e0,Ajdovščina,328
51dbf10f-cf3b-4575-a8cc-d1080c1f9dde,d9f26e1a-77fc-48b0-a024-93fd38eb88a4,c87db9be-1fba-4102-a743-0ee4317dd5af,Bavarski dvor,2102
100da88e-4c5f-4188-bd11-d4f3fc80fb74,7e780e7f-3665-4ec7-a910-eaf6e9d82551,N/A,N/A,4525
233daca5-913b-4e10-bf34-18b1c8c77019,795c157e-21e0-4115-85aa-93c227e3420f,6182f8e8-c45e-4606-b4a4-d909bd44d2cc,Gornji trg,129
9583dbdd-06fd-411e-88dd-af8f89e2caaa,0b6960bb-2431-48c3-9e64-3cbf5c57ea96,5d7f28a6-2a2a-4333-aa06-48edfb652f86,Pošta,1491
452bfd80-e8bd-470b-bc4a-981e1b37ffd7,fb0042f8-d9e2-4916-b60a-38a026acf0c9,N/A,N/A,4525
022ef61f-a226-42e8-b11d-30cf9f9a6688,84578591-7543-4105-8465-9df30256360d,e6f5183b-c615-4f47-b4fb-204ee070e825,Bežigrad,4140
7fdce743-a4be-44d7-8658-0a259a18ad30,98a94a2a-894f-4ff0-9967-1dd986bf0cfd,9b0074d2-2c92-4c01-830b-00be8e05b412,Cukrarna,162
2265e4de-a537-4f97-882b-c94c24aabfb0,9b4a7d21-709f-4462-b602-c77d975df9e7,f33b721f-a8a3-4aad-96f2-077da09ebaa6,Razstavišče,944
923bd774-0651-4e0a-8624-3acfb7ecd5ff,ba0f81e5-dfec-49bb-8d6b-d52618338640,c87db9be-1fba-4102-a743-0ee4317dd5af,Bavarski dvor,1286
2323bf9e-1a47-4409-b9c8-398a035c8d12,a2b5023d-5ce8-420f-ad2a-b61c7a1902a8,6182f8e8-c45e-4606-b4a4-d909bd44d2cc,Gornji trg,321
ad8a76cf-4386-44b3-9156-490c502e4bc4,f496ecc3-28fe-4361-9da8-428bbf3bd672,5d7f28a6-2a2a-4333-aa06-48edfb652f86,Pošta,794
390d166c-b2fe-486c-bba5-38cd1ff64f48,117abbb4-5575-4020-aac4-2048f8d34b50,7fa32ea0-e884-435a-a81c-51bbd5cedf3e,Zaloška,318
b5273abc-dfeb-49a2-9607-249bf6415e4b,1dc99fbb-5496-4aab-a4b6-32e653ccc789,769b7bc7-4f95-4bb2-9c99-37ba8e8b4bd5,D. MOST P+R,3408
fcec9e7a-1c9e-4214-96dd-d071550349e6,f33b721f-a8a3-4aad-96f2-077da09ebaa6,a719a87c-4e93-4387-a6d1-2631a487f7e0,Ajdovščina,439
6559d555-672b-4633-8a81-0ae68fb963eb,712ee105-4fab-498a-af5c-496ca9830f5f,fef200e9-4d98-425b-ab14-8110e2aa85d7,Drama,421
7c149b59-2bc6-45cb-95c8-69e18a0db627,db046e79-c658-433c-8812-157fd965a9f6,fef200e9-4d98-425b-ab14-8110e2aa85d7,Drama,1471
02c61e3f-2d2e-4b42-b695-bbd3cc672f6b,bb1ac8b9-5cb2-49f2-8d5c-d7fe4afdd5dd,dfde6478-02b5-471b-a470-29cb0e84542f,Slovenija avto,1819
4d2fc228-0628-4897-8d77-3e71d500d36d,d3a06374-ab12-456b-9c00-55461af341fa,ecc4ae87-ae08-4b94-995c-452fdd94df7f,Privoz,490
6459bd02-d8f8-413e-9402-10b916f09a4f,2d6504e9-c938-417e-9b55-32d6514bc744,717dda7e-d793-4697-8f60-b64ee8b1edc4,Gosposvetska,2331
2c0475be-44e7-4f0f-a06d-2c1b4ca15677,2d6504e9-c938-417e-9b55-32d6514bc744,295616c0-387b-4f60-a337-7743cd6be04e,Bavarski dvor,1155
eb165f50-9c43-4b09-9658-469a16d3dc83,0760a037-cd94-4936-89b6-45ce9bd19917,6182f8e8-c45e-4606-b4a4-d909bd44d2cc,Gornji trg,3575
b589ddd3-5a31-4fe1-915f-44347b4c0a1a,5bc3addd-b076-4c60-b850-39f90e674b75,295616c0-387b-4f60-a337-7743cd6be04e,Bavarski dvor,3544
c8f784f8-ce92-4773-8d90-c6bed3513ce0,67d66d40-e8ba-4bc0-a9cf-814dce3ccbea,N/A,N/A,4525
0c5f69a6-97c7-4053-bc0b-3f09dbf72f46,98a75a4c-0ef8-4efa-8f0a-384fe8eafce0,a719a87c-4e93-4387-a6d1-2631a487f7e0,Ajdovščina,488
a9796806-8cd3-4b76-bf8c-4340aec35c9e,5293859e-2ea2-4ad3-9781-884672606464,7bcbdcaa-00b9-47d4-8982-09da26cd7bcb,Zaloška,438
10449641-799e-4ee4-a712-a6e3a9aefc27,79a5bacd-8b59-4d83-99e8-26e3c5b1490b,N/A,N/A,4525
1d7af067-e43b-4a98-953c-75f1b267d9ce,d7384760-d854-492d-87af-f342cab37fc1,c87db9be-1fba-4102-a743-0ee4317dd5af,Bavarski dvor,913
b5400e28-b0c3-4a02-9da2-084c465bd1d3,fbd1dfb0-4a6f-4160-ad52-5ccb69530195,295616c0-387b-4f60-a337-7743cd6be04e,Bavarski dvor,685
0eca6015-5429-4289-a76c-4ec9ef707e67,c0e6a237-3879-4336-88b6-5af51408cc7e,484b5c91-1220-43ba-af79-84e712fcc46b,Slovenija avto,82
c6dd10bd-c21f-4a0c-9c7d-99e488a173d4,05bd4cbd-b014-4cfd-8ca9-3c82b0a59114,5d7f28a6-2a2a-4333-aa06-48edfb652f86,Pošta,405
2838f674-f6e9-4eb5-a99c-1d0ac7903ca1,25cde952-4896-4977-b229-75e09b3e3661,db13a26e-19d4-4b8a-a78a-01ef25d58834,Ježica,1766
cbf8e64b-fd0d-48ec-8fb1-03b298cc13b3,6a774daa-3547-4128-b304-aa2d17d4391a,f4cfd904-bd11-4247-95df-32c4555a930f,Klinični center,257
d8289ab1-f65d-4b3d-8b4b-55ada004f023,d867fec1-5147-43db-b004-08d2797f50e3,b59656a4-b6e7-4b87-977c-078c59088a50,Hajdrihova,52
a6fde748-bb91-465c-8665-20cbaed7df19,a378ce5e-57ce-4c52-b219-568674b5cd5e,N/A,N/A,4525
ab987eb0-c970-4577-8db9-0cd507a6cab6,1c214818-5471-4d2a-a7b2-33464ffacdad,21764d19-62cc-49fd-bac9-403aeac6a6b9,Ježica,2795
25ad5579-f6a0-4f35-a0c9-0678b41e9dde,59d96e2c-3ee3-4581-840a-3ddaf0003743,c87db9be-1fba-4102-a743-0ee4317dd5af,Bavarski dvor,348
144ab380-6586-43ce-b216-2e66362b6eca,ee837fd9-7a5c-4f14-bbd7-a46f14eb07c5,295616c0-387b-4f60-a337-7743cd6be04e,Bavarski dvor,694
aee8e842-6083-48a7-b14f-cc3d112537bb,bd1396f2-4dc8-4695-9bf1-c601157100d8,b59656a4-b6e7-4b87-977c-078c59088a50,Hajdrihova,3630
9cd1e7f8-8ccf-4469-bc25-25d138605c67,06e4802d-2c96-4556-bd95-35e0a2bb030c,N/A,N/A,4525
ee03ecf6-db6d-4ecc-90cd-5b3afc8afb91,ba0f81e5-dfec-49bb-8d6b-d52618338640,1ce1c3a8-e0f6-4f90-b1aa-1448759d8b3c,Astra,801
163da3ae-0ab9-480e-b72d-16357e0a9061,79a5bacd-8b59-4d83-99e8-26e3c5b1490b,a2ce7e6f-0f99-443a-a973-81a0b9c60261,Astra,1989
923bd774-0651-4e0a-8624-3acfb7ecd5ff,0c3a77a7-d9eb-45c7-b722-1fafde29129c,a2ce7e6f-0f99-443a-a973-81a0b9c60261,Astra,793
557f714a-6f4a-4c98-8c5a-d74fa34b2adb,e1e80207-5c23-47c0-a63a-121003b22807,c87db9be-1fba-4102-a743-0ee4317dd5af,Bavarski dvor,386
441545fb-7a0c-4555-aea8-01cbe6c14ea3,bfcba499-ce46-41b0-8268-966d74eccb20,98fa3880-5936-4ec8-ba04-39c7ff9a0e6a,Stara cerkev,1592
cc9cbd94-6da7-41ff-a728-cfd4b47dfcc0,0760a037-cd94-4936-89b6-45ce9bd19917,a719a87c-4e93-4387-a6d1-2631a487f7e0,Ajdovščina,813
2fafda56-e44d-4e08-8503-90e6bf75e19d,d72d58c2-b9a9-4dd5-b741-17e986d925c8,cdabf1ea-b04c-480a-8359-72c46e6864ab,Bežigrad,534
c9b2488c-cca9-4b84-83cb-638ef545c851,f4e99ece-e89e-4322-80c6-5a91df65f64e,f33b721f-a8a3-4aad-96f2-077da09ebaa6,Razstavišče,662
c3188d8e-c2d3-40e5-acc2-14bef70a5ff4,f2920a77-6c6c-494d-96b7-2a8caf8f374f,fef200e9-4d98-425b-ab14-8110e2aa85d7,Drama,1534
5a06b853-39a7-479d-ac40-fafa659fd896,12304b99-9a07-485a-a101-eaca90495d48,8598b85d-3e1d-4767-b72f-0c209038841f,Štepanja vas,1059
9b85d4b0-c594-4e0e-9ce2-d0986256c270,ed50f692-09f9-409e-b7d6-05ff7711de6b,5d7f28a6-2a2a-4333-aa06-48edfb652f86,Pošta,3248
595ee2ab-3022-469d-a3e1-0c87d7dfb14d,eb43a68a-54a5-4a37-b090-1329e2b4d830,9cfac7e2-9653-4e52-a6d3-27756d27f817,Kino Šiška,3359
76f20fbf-afc4-4c7d-b51c-14f0878b38d8,cdabf1ea-b04c-480a-8359-72c46e6864ab,ecc4ae87-ae08-4b94-995c-452fdd94df7f,Privoz,987
60ccc570-3714-410b-aa31-43d3a4c593c8,fd0e405e-d5e5-45fc-8911-e48a178ad4a9,fef200e9-4d98-425b-ab14-8110e2aa85d7,Drama,1049
98fa3880-5936-4ec8-ba04-39c7ff9a0e6a,ef3024a8-1d7f-4cf5-ad3b-74528eaa9c51,a2ce7e6f-0f99-443a-a973-81a0b9c60261,Astra,1015
e468b92f-fa4a-4819-bb11-37761deaf4ca,e78f256e-7218-4263-87b9-255bd90c9f49,fef200e9-4d98-425b-ab14-8110e2aa85d7,Drama,198
59d96e2c-3ee3-4581-840a-3ddaf0003743,8c7fa045-888b-46d0-8189-6f82623bf481,5d7f28a6-2a2a-4333-aa06-48edfb652f86,Pošta,755
7554bb81-1144-4263-999d-f6e358d808fe,ef3024a8-1d7f-4cf5-ad3b-74528eaa9c51,295616c0-387b-4f60-a337-7743cd6be04e,Bavarski dvor,85
295616c0-387b-4f60-a337-7743cd6be04e,9ab2717b-1396-4885-bb5b-9857d7195d0d,a719a87c-4e93-4387-a6d1-2631a487f7e0,Ajdovščina,2895
0b6960bb-2431-48c3-9e64-3cbf5c57ea96,1505c6fe-6080-424e-98d1-24c312cfacf3,484b5c91-1220-43ba-af79-84e712fcc46b,Slovenija avto,501
a2b5023d-5ce8-420f-ad2a-b61c7a1902a8,69bc9f1c-507f-463c-ba5a-04500b319967,769b7bc7-4f95-4bb2-9c99-37ba8e8b4bd5,D. MOST P+R,850
3203d037-a222-4092-8dd6-e8dfcd49a2c9,af2956ba-d922-4ec4-bfa7-b623c29e8b3e,e6f5183b-c615-4f47-b4fb-204ee070e825,Bežigrad,2248
121b30dc-065b-4c76-aad2-a54a85c74d4d,2d6504e9-c938-417e-9b55-32d6514bc744,c87db9be-1fba-4102-a743-0ee4317dd5af,Bavarski dvor,23
3d8122ff-0840-4811-a5ad-c4702fc70269,813b7c8c-5236-405a-bb0d-092a5d93c2a6,fef200e9-4d98-425b-ab14-8110e2aa85d7,Drama,831
524d67dd-fbb0-4f6a-9199-f095123044ab,1505c6fe-6080-424e-98d1-24c312cfacf3,295616c0-387b-4f60-a337-7743cd6be04e,Bavarski dvor,2242
f1bc11ca-7516-447a-b826-7051c5306af7,259de009-1345-4169-920b-baeaceade993,c87db9be-1fba-4102-a743-0ee4317dd5af,Bavarski dvor,449
06e4802d-2c96-4556-bd95-35e0a2bb030c,c93954aa-7aad-4fca-9f7a-721d37f0474e,N/A,N/A,4525
7e0c8a32-21cb-46dc-8e50-9c4675dfa322,e333d90d-3eef-4d82-9e00-ebe693e2f389,c87db9be-1fba-4102-a743-0ee4317dd5af,Bavarski dvor,1274
144ab380-6586-43ce-b216-2e66362b6eca,807c11ba-4b3a-4e2b-82b5-abf5864fa4bc,c87db9be-1fba-4102-a743-0ee4317dd5af,Bavarski dvor,1191
c5527a65-5265-43de-b703-7c7d494d190c,392949a1-1ada-4196-9073-6f392638ca49,a719a87c-4e93-4387-a6d1-2631a487f7e0,Ajdovščina,1395
022ef61f-a226-42e8-b11d-30cf9f9a6688,1035c6f7-304e-4329-a3b2-4eb5d985a577,1ce1c3a8-e0f6-4f90-b1aa-1448759d8b3c,Astra,2480
87785aa3-128e-4f15-82b0-d8c3cfa6076f,70c51140-f3ee-4c89-a6e2-ed74dab89148,N/A,N/A,4525
c15a2be8-fc53-427d-9cc6-a50bb305f68d,d4c25d68-c340-431b-a646-7680fe0cefee,a719a87c-4e93-4387-a6d1-2631a487f7e0,Ajdovščina,509
300f1367-4ba4-4416-90e4-caa8f33e9144,117abbb4-5575-4020-aac4-2048f8d34b50,fef200e9-4d98-425b-ab14-8110e2aa85d7,Drama,3752
b905ae6a-f1e1-4057-8923-481902ed5a8e,754e8f1f-a5ba-4281-8f31-fb3357744cd2,a719a87c-4e93-4387-a6d1-2631a487f7e0,Ajdovščina,148
b91edda3-a147-4599-bebf-85e145de085b,294c40c4-18e4-4d92-a947-911a8623de89,f33b721f-a8a3-4aad-96f2-077da09ebaa6,Razstavišče,1924
a12ab184-fb4b-449f-9884-88e0a1672e64,d08c4884-9764-447f-9b79-0ef7a645222f,N/A,N/A,4525
459f82d2-cbe4-414b-b66b-0b794ea958ed,f15ddf31-fc11-41ba-988d-376c83e38f58,a719a87c-4e93-4387-a6d1-2631a487f7e0,Ajdovščina,53
6d2a7c2e-5938-433e-a691-b9bc28767675,9741988b-6723-480b-a419-8db7490d667a,c87db9be-1fba-4102-a743-0ee4317dd5af,Bavarski dvor,2641
d9df1ba3-6820-4fcb-b561-9cb7a60dd463,521edd75-c364-480a-af9e-a1c9815b6dd7,6182f8e8-c45e-4606-b4a4-d909bd44d2cc,Gornji trg,3522
0810f07b-94d6-442f-b10d-bf8210c4ed47,d7a59d1b-dfe1-4fbb-96fc-14443b077516,a0b1fb90-3f6a-4231-910a-18be192ac762,Flajšmanova,488
4c08e174-6890-4c5d-9eec-15686971f909,bf990a3a-96e9-42b7-9147-33e85bd24c05,N/A,N/A,4525
cf5259af-d324-497e-b508-84fe92961eb1,5293859e-2ea2-4ad3-9781-884672606464,N/A,N/A,4525
ff8f71b7-06fe-47fe-8238-9af5ee1b1dfd,b4634750-8d91-4625-b40d-1da9665e70f6,c87db9be-1fba-4102-a743-0ee4317dd5af,Bavarski dvor,2047
38b3abed-0592-407b-96c3-85a026f2e192,daf172e0-4dd9-4d5b-8287-67ad2034bced,5d7f28a6-2a2a-4333-aa06-48edfb652f86,Pošta,111
cec37fa8-0d4a-4e80-a259-2fa91b68463d,de80f5fd-4572-4bb6-9e21-9860f5fa6b24,f33b721f-a8a3-4aad-96f2-077da09ebaa6,Razstavišče,2017
62d0c5a7-1692-43ef-b6e2-31f514362629,6672b8cb-e56d-420a-a5e7-fc86e8aa3647,N/A,N/A,4525
1e2641bc-b0b2-448e-8ad2-e52891fa4c5f,9e0942f3-2c18-4891-9b51-9d95cc43af7a,N/A,N/A,4525
5de6ff80-1352-43df-b5ec-1df59f2f492b,bbe542ee-a3f6-43cf-b23a-077c28b7d19a,484b5c91-1220-43ba-af79-84e712fcc46b,Slovenija avto,348
bc66f88b-1412-44cb-b921-030d27335261,45303500-8b0e-4779-9abd-433b5f8b2838,N/A,N/A,4525
1632ee87-59dd-4367-bf10-9d13aa688e82,6a774daa-3547-4128-b304-aa2d17d4391a,9cfac7e2-9653-4e52-a6d3-27756d27f817,Kino Šiška,536
a8af1032-30bf-4f7b-a921-28d2f712fd24,7ad25867-5c97-4f9f-9b1b-4966436f7fbf,f33b721f-a8a3-4aad-96f2-077da09ebaa6,Razstavišče,1647
099976aa-17cc-45d3-add4-267985ab1533,46847a61-d68a-4d2c-ad76-18e043d41430,a719a87c-4e93-4387-a6d1-2631a487f7e0,Ajdovščina,328
8677848c-55dd-4af4-b275-3074a3ff4846,f2fc2702-e9da-4c36-b6fc-9f52199e4574,a719a87c-4e93-4387-a6d1-2631a487f7e0,Ajdovščina,2883
daf172e0-4dd9-4d5b-8287-67ad2034bced,10449641-799e-4ee4-a712-a6e3a9aefc27,717dda7e-d793-4697-8f60-b64ee8b1edc4,Gosposvetska,3177
68075aa0-144c-4f6e-93ef-e93dfc35df78,397418bc-78a7-45c9-b5cf-374fe21cee11,a719a87c-4e93-4387-a6d1-2631a487f7e0,Ajdovščina,326
d9224caa-d582-4152-88e0-be720677fe16,0334e79e-7a89-44e9-a463-5af813e64a40,717dda7e-d793-4697-8f60-b64ee8b1edc4,Gosposvetska,1596
93928408-7b36-41f9-9b62-fec53e14b4e2,e6f5183b-c615-4f47-b4fb-204ee070e825,c87db9be-1fba-4102-a743-0ee4317dd5af,Bavarski dvor,943
2496479b-f855-403d-bce8-2a4d9988665d,45e88013-1a7e-44a0-ab1f-bc0db6c6746f,c87db9be-1fba-4102-a743-0ee4317dd5af,Bavarski dvor,410
ba2b16a8-1273-45d2-8758-47b9694df9a6,e65047c0-c01e-4727-b466-78e107c81ee4,eb165f50-9c43-4b09-9658-469a16d3dc83,Kodeljevo,1779
769b7bc7-4f95-4bb2-9c99-37ba8e8b4bd5,717c914e-f928-4671-95f6-26c1ddb95799,7fad8003-fb10-489d-bf8d-6d433310ad90,Nove Jarše,335
2188a1bc-ce7a-4450-bd4f-871538578244,66012072-6b6b-4775-8001-0887d18e09a3,fef200e9-4d98-425b-ab14-8110e2aa85d7,Drama,915
1069d764-9345-425d-8c4d-12d6ffa1fde1,62d0c5a7-1692-43ef-b6e2-31f514362629,c87db9be-1fba-4102-a743-0ee4317dd5af,Bavarski dvor,523
81a7167c-7913-442e-96c5-20dc6e25d74b,784bebe9-c0c7-46eb-943d-0b1808ffd5ac,fef200e9-4d98-425b-ab14-8110e2aa85d7,Drama,1493
5b184752-5bd2-43e3-9243-dfc8969d9065,3cb0ccbb-9b91-4d71-bd27-2acef732be4c,f33b721f-a8a3-4aad-96f2-077da09ebaa6,Razstavišče,139
45754ca7-bffd-4bcf-96df-952e59574dde,61926b26-d777-483f-ae79-86766c48793b,5de84f88-3f32-4636-8c30-03cc267ecf37,Podvozna pot,221
769b7bc7-4f95-4bb2-9c99-37ba8e8b4bd5,7ba233b7-a50a-497d-8135-dd8dabf93ff5,c87db9be-1fba-4102-a743-0ee4317dd5af,Bavarski dvor,540
62d0c5a7-1692-43ef-b6e2-31f514362629,08506f21-8675-4972-a359-ba9412a1da49,N/A,N/A,4525
01d1f388-d915-4e9f-bc3d-4432a73a216e,1536cb2e-acd3-49cb-8f06-bb8cd40c0c02,4038e02e-f22f-4af0-ba4f-7aab855b53af,Kneza Koclja,3
b698a890-05b8-40f6-a3a6-4f4c0a820f97,3203d037-a222-4092-8dd6-e8dfcd49a2c9,N/A,N/A,4525
eefb30b4-8049-4128-89f5-bb359b1c93b0,5be3b187-5735-4444-bee7-0665f60e6c83,c87db9be-1fba-4102-a743-0ee4317dd5af,Bavarski dvor,577
15eaf9b9-db6d-4586-9ad2-5bfa99719bfd,18d010ca-0244-4928-82cb-47af0836a1bb,295616c0-387b-4f60-a337-7743cd6be04e,Bavarski dvor,45
3866c761-7fa4-4a4a-b913-75569da498d9,61485a1f-73a8-4dac-bcc7-6e4e53eb4b0f,295616c0-387b-4f60-a337-7743cd6be04e,Bavarski dvor,43
4d2fc228-0628-4897-8d77-3e71d500d36d,b829062a-2644-4350-b998-74522d9e85d8,769b7bc7-4f95-4bb2-9c99-37ba8e8b4bd5,D. MOST P+R,982
83a62071-0161-47a2-b745-eafb5e945632,2edaabef-ed43-4b87-ba95-a5600c33250f,484b5c91-1220-43ba-af79-84e712fcc46b,Slovenija avto,4375
da834a23-5697-49bb-b3a1-7f277c8206bc,78ef8af0-fd16-46b8-a5de-8d24b99638c8,c87db9be-1fba-4102-a743-0ee4317dd5af,Bavarski dvor,45
d7d43617-ef41-4f9e-bbad-670d515d926a,fbd1dfb0-4a6f-4160-ad52-5ccb69530195,c87db9be-1fba-4102-a743-0ee4317dd5af,Bavarski dvor,203
f1bc11ca-7516-447a-b826-7051c5306af7,0dc86a8f-0f41-44c7-978c-e06cb63cbbcf,717dda7e-d793-4697-8f60-b64ee8b1edc4,Gosposvetska,1153
4a90e424-11ab-43a8-b7e9-1c4f42fe2b7c,f2b27cbd-5207-4281-8f67-6369d0c50a9b,c87db9be-1fba-4102-a743-0ee4317dd5af,Bavarski dvor,1586
49f28358-bfda-458e-a4b3-a45f602765c1,ad966374-a37d-443a-9a3e-ec85ca28231f,N/A,N/A,4525
15eaf9b9-db6d-4586-9ad2-5bfa99719bfd,98f728a3-94a6-4911-98d7-64ab88097036,a719a87c-4e93-4387-a6d1-2631a487f7e0,Ajdovščina,318
bb1ac8b9-5cb2-49f2-8d5c-d7fe4afdd5dd,b698a890-05b8-40f6-a3a6-4f4c0a820f97,N/A,N/A,4525
58db973d-ecbb-4aa6-a56c-c26aaff7f263,eee4abae-e720-4776-b6c7-0099d0119246,c87db9be-1fba-4102-a743-0ee4317dd5af,Bavarski dvor,100
2b223d0c-f8ec-4970-815c-bfe26c3ffc09,223f660b-c391-4120-bf3c-7bf06781686b,c87db9be-1fba-4102-a743-0ee4317dd5af,Bavarski dvor,239
2c87f988-902b-4b35-91da-5437a58759f5,45b36327-9a1a-4cd5-8261-53217326b22f,a719a87c-4e93-4387-a6d1-2631a487f7e0,Ajdovščina,1620
1ce1c3a8-e0f6-4f90-b1aa-1448759d8b3c,c1606675-dd38-4952-914b-6ca64fd56b7b,7fa32ea0-e884-435a-a81c-51bbd5cedf3e,Zaloška,1234
271db19a-744b-41a0-869d-0c3e0e2cb6bf,32abc648-685c-47b0-bbc4-203371ec2699,5d7f28a6-2a2a-4333-aa06-48edfb652f86,Pošta,458
43e01b7e-be2c-4282-be1b-9f628ca67327,15eaf9b9-db6d-4586-9ad2-5bfa99719bfd,e6f5183b-c615-4f47-b4fb-204ee070e825,Bežigrad,1924
78c69686-64ed-437c-83b5-0e28733ed70c,ab624858-605d-48c6-a660-d54c2e037a91,N/A,N/A,4525
9f6048f0-5c5e-4773-915e-4ee05d200e27,f958cead-e4c3-4743-834d-46de4a06a8c9,N/A,N/A,4525
e97befb6-5dc6-4603-ad5e-3aa96b4b2221,845b482b-dba1-4313-a476-e772691689cf,f33b721f-a8a3-4aad-96f2-077da09ebaa6,Razstavišče,335
c0fb12dd-8cab-40da-a3aa-e8de9c6d09ed,4b456495-fb29-4ff3-b48b-4090bc51514e,f33b721f-a8a3-4aad-96f2-077da09ebaa6,Razstavišče,1011
f73d3fb2-082c-4518-8af2-45de5490df4e,d987aa3a-ae4a-42f6-bc9b-79c41dcf055a,fef200e9-4d98-425b-ab14-8110e2aa85d7,Drama,439
da834a23-5697-49bb-b3a1-7f277c8206bc,7962e05c-ad8c-43e4-9db4-4b90f0c94596,717dda7e-d793-4697-8f60-b64ee8b1edc4,Gosposvetska,1714
70bba1e8-3ea8-46fe-ace3-f75b04e37605,bea9f247-4e88-4d7c-9387-8cd9342acb8c,f33b721f-a8a3-4aad-96f2-077da09ebaa6,Razstavišče,408
041e08cc-b1bd-4f2c-aa4e-a9aaf2837a28,c568fe2e-477f-4af2-ad68-cb8111f361d0,a719a87c-4e93-4387-a6d1-2631a487f7e0,Ajdovščina,2268
100da88e-4c5f-4188-bd11-d4f3fc80fb74,78ef8af0-fd16-46b8-a5de-8d24b99638c8,aa42017d-812a-4175-bc9b-0fec03b18931,Ambrožev trg,25
8e7a488b-cd48-4243-92b0-42792d0e3bc1,dc7b6fb3-15db-4c7e-9fa1-424943178ce6,295616c0-387b-4f60-a337-7743cd6be04e,Bavarski dvor,371
938c9405-72bb-4acd-bace-a75abcf2f9cb,c969f066-aab5-466d-b4db-48e651a4a12e,cdabf1ea-b04c-480a-8359-72c46e6864ab,Bežigrad,1427
52e5d1c1-28c9-4ed2-b0ec-5bf7311be753,d3283222-38a9-40e2-a485-180d1a33067c,295616c0-387b-4f60-a337-7743cd6be04e,Bavarski dvor,142
d9df365b-7e54-4d22-b2e9-3b548d48ad59,81f21fc1-3bd2-4d2a-b563-2d063479c68e,48b163cd-b819-4849-aee1-8b1da77657ab,Šentvid,1709
c3534bc6-7bfd-43be-b46a-2b0fced57ab8,eead721b-8996-4e73-a2f9-02dba20df4fa,5d7f28a6-2a2a-4333-aa06-48edfb652f86,Pošta,507
70bba1e8-3ea8-46fe-ace3-f75b04e37605,df63651e-45ab-4487-9429-9e604415b35c,6a89c110-a0f8-4b1a-87f0-33f49c0a658e,Šola Jarše,534
391bf42a-68a3-400a-baea-0c708f327325,7fdce743-a4be-44d7-8658-0a259a18ad30,fef200e9-4d98-425b-ab14-8110e2aa85d7,Drama,549
f5d8583f-6e9d-4996-b803-74bf3cd0b602,8375ab17-e389-42b2-9b88-0210a049e321,b59656a4-b6e7-4b87-977c-078c59088a50,Hajdrihova,692
592b37eb-8255-4758-ae8a-7cef98521013,eee355cc-98a1-4f25-8bf9-0100856eda6e,295616c0-387b-4f60-a337-7743cd6be04e,Bavarski dvor,396
81b6f6ad-6dd6-4e3f-a0bd-754a65a3e57b,f2b27cbd-5207-4281-8f67-6369d0c50a9b,7eb88e01-82e9-4af4-84d0-69c6ea9dc82c,Kolodvor,2131
d17294f3-5b6c-4313-9243-3f38557967cf,9583dbdd-06fd-411e-88dd-af8f89e2caaa,295616c0-387b-4f60-a337-7743cd6be04e,Bavarski dvor,1310
b2dd8b3a-3710-4f07-b735-4bd183bfaade,1d7af067-e43b-4a98-953c-75f1b267d9ce,eb165f50-9c43-4b09-9658-469a16d3dc83,Kodeljevo,2310
77c4dfcc-1122-4896-9983-8a5bd11320de,45e88013-1a7e-44a0-ab1f-bc0db6c6746f,N/A,N/A,4525
ab4e1412-1ac4-4864-8833-c1ddf48bec20,0b6960bb-2431-48c3-9e64-3cbf5c57ea96,fef200e9-4d98-425b-ab14-8110e2aa85d7,Drama,2018
4b456495-fb29-4ff3-b48b-4090bc51514e,bb606ad8-8a10-4034-9862-60cc177d2455,fef200e9-4d98-425b-ab14-8110e2aa85d7,Drama,1459
d7d791d9-02e0-4369-be0c-1546fc2044a4,815a2c5e-19a1-41b0-bca4-69dca8912326,c87db9be-1fba-4102-a743-0ee4317dd5af,Bavarski dvor,759
4b847ac2-4c41-4fc1-a497-9ce4deaab8b1,659ee31d-ae12-4498-8507-28579d322e32,88cdd36c-03d2-4374-a22f-110dd9f75ea0,Kajuhova,352
2cde6efe-5f53-44aa-8018-76f0ea2c86f8,259de009-1345-4169-920b-baeaceade993,8598b85d-3e1d-4767-b72f-0c209038841f,Štepanja vas,511
b47eac47-d897-4ba7-ab06-8e642cc8efe8,784bebe9-c0c7-46eb-943d-0b1808ffd5ac,fef200e9-4d98-425b-ab14-8110e2aa85d7,Drama,1730
aa844493-50b0-4b91-b331-f4297d2ae6a8,de80f5fd-4572-4bb6-9e21-9860f5fa6b24,6182f8e8-c45e-4606-b4a4-d909bd44d2cc,Gornji trg,975
fb662324-f307-452f-9b00-0275dadfd382,219086ca-bdcb-4092-bd82-3d372b9b73ce,c87db9be-1fba-4102-a743-0ee4317dd5af,Bavarski dvor,2946
a12ab184-fb4b-449f-9884-88e0a1672e64,4ca9e64c-29ad-4391-a6f2-7e1ae022d5bf,f14a6236-8af2-47bf-9270-432377662a63,Viadukt,2607
a5eb15d2-f0cb-46a6-b888-6a9aad6bc5b6,b7834e14-7e86-4df5-83ce-006c93c31c00,295616c0-387b-4f60-a337-7743cd6be04e,Bavarski dvor,2355
ac3afe7d-a2b3-4d5d-9e6a-1d2412a3bc70,1308dcf9-a9e1-4e54-95c9-0f2afaac889b,fb0042f8-d9e2-4916-b60a-38a026acf0c9,Leskoškova,513
404f8444-540d-4d82-a355-30a6a8bec797,769b7bc7-4f95-4bb2-9c99-37ba8e8b4bd5,8c7fa045-888b-46d0-8189-6f82623bf481,Poljanska,984
0e79ef8c-f692-4e29-a37e-4a81cbb3d410,3f996624-8134-4eec-9742-70111db659c1,717dda7e-d793-4697-8f60-b64ee8b1edc4,Gosposvetska,1072
76ec8af8-07c2-4d44-b0d8-a439d381913f,4a90e424-11ab-43a8-b7e9-1c4f42fe2b7c,295616c0-387b-4f60-a337-7743cd6be04e,Bavarski dvor,559
06348c07-2fb0-4dfb-a938-aaef614a7f68,5b2cb528-ba33-461a-aee5-54e2ed8c3758,N/A,N/A,4525
bfcba499-ce46-41b0-8268-966d74eccb20,7fa32ea0-e884-435a-a81c-51bbd5cedf3e,c87db9be-1fba-4102-a743-0ee4317dd5af,Bavarski dvor,2818
c15a2be8-fc53-427d-9cc6-a50bb305f68d,62d0c5a7-1692-43ef-b6e2-31f514362629,295616c0-387b-4f60-a337-7743cd6be04e,Bavarski dvor,1239
87785aa3-128e-4f15-82b0-d8c3cfa6076f,eb43a68a-54a5-4a37-b090-1329e2b4d830,a719a87c-4e93-4387-a6d1-2631a487f7e0,Ajdovščina,239
67c3adc1-a92d-4528-91ee-77d8b52574c6,a0b1fb90-3f6a-4231-910a-18be192ac762,f4cfd904-bd11-4247-95df-32c4555a930f,Klinični center,795
fb0042f8-d9e2-4916-b60a-38a026acf0c9,d8289ab1-f65d-4b3d-8b4b-55ada004f023,fef200e9-4d98-425b-ab14-8110e2aa85d7,Drama,1560
d9224caa-d582-4152-88e0-be720677fe16,9afb36ea-c2ae-4bbb-9644-3a6c65bb1c7d,c87db9be-1fba-4102-a743-0ee4317dd5af,Bavarski dvor,70
9dfc0a62-bf4d-4670-83d0-4e26a6e56b32,c31b32c6-1ec2-48e9-9929-356fd0253540,aa42017d-812a-4175-bc9b-0fec03b18931,Ambrožev trg,158
94c6598b-7303-42e1-94d5-156d7a25f630,67c3adc1-a92d-4528-91ee-77d8b52574c6,5d7f28a6-2a2a-4333-aa06-48edfb652f86,Pošta,685
b0d473cd-f35e-4a30-8d0d-70f16b92e8e8,1eca3479-6e2c-4f21-bf45-4db410041181,N/A,N/A,4525
e0c253d0-1de7-4add-ac75-8b16151fa462,7276f267-9837-4c56-aad3-f8cd555060da,c87db9be-1fba-4102-a743-0ee4317dd5af,Bavarski dvor,3546
b698a890-05b8-40f6-a3a6-4f4c0a820f97,1b3d51e8-8b5e-4b31-a63e-9d665243c2f1,N/A,N/A,4525
65a6b01d-c9cf-4d4e-930c-5562156d7375,ad8a76cf-4386-44b3-9156-490c502e4bc4,c87db9be-1fba-4102-a743-0ee4317dd5af,Bavarski dvor,2236
b589ddd3-5a31-4fe1-915f-44347b4c0a1a,9cc88862-270a-409a-b450-e0003c7930af,c87db9be-1fba-4102-a743-0ee4317dd5af,Bavarski dvor,1341
6559d555-672b-4633-8a81-0ae68fb963eb,7554bb81-1144-4263-999d-f6e358d808fe,f33b721f-a8a3-4aad-96f2-077da09ebaa6,Razstavišče,750
ef31a8be-b01d-44cd-95cf-3db8e918af26,c3188d8e-c2d3-40e5-acc2-14bef70a5ff4,a719a87c-4e93-4387-a6d1-2631a487f7e0,Ajdovščina,179
b698a890-05b8-40f6-a3a6-4f4c0a820f97,4b847ac2-4c41-4fc1-a497-9ce4deaab8b1,N/A,N/A,4525
fc3967fb-5520-4fff-a819-f625242182e5,98fa3880-5936-4ec8-ba04-39c7ff9a0e6a,6a89c110-a0f8-4b1a-87f0-33f49c0a658e,Šola Jarše,2421
5be3b187-5735-4444-bee7-0665f60e6c83,1b0f629f-acdb-4e94-8c54-018f4334ebf7,a719a87c-4e93-4387-a6d1-2631a487f7e0,Ajdovščina,2060
11d74c00-da13-4cad-883e-c6dcf8edcbe8,557f714a-6f4a-4c98-8c5a-d74fa34b2adb,c87db9be-1fba-4102-a743-0ee4317dd5af,Bavarski dvor,2284
79a5bacd-8b59-4d83-99e8-26e3c5b1490b,c6eab761-36e0-4bf8-88ed-48e594ed375b,a719a87c-4e93-4387-a6d1-2631a487f7e0,Ajdovščina,368
1df1835b-cfd3-40e7-9466-9c9d43642bed,f4e99ece-e89e-4322-80c6-5a91df65f64e,f33b721f-a8a3-4aad-96f2-077da09ebaa6,Razstavišče,1897
0d50a4a8-a88d-4468-b562-73e51937e1c5,8d5e4aed-59fb-47c9-8559-5bf11b7ddca0,a719a87c-4e93-4387-a6d1-2631a487f7e0,Ajdovščina,59
7ad774b6-172a-401b-b186-358aa2d560a2,7d579a55-27bc-49d0-a124-a5ed6233c55a,aa42017d-812a-4175-bc9b-0fec03b18931,Ambrožev trg,4487
5a89967e-5654-49f6-84ca-59f7f9035444,5b184752-5bd2-43e3-9243-dfc8969d9065,7bcbdcaa-00b9-47d4-8982-09da26cd7bcb,Zaloška,2405
1505c6fe-6080-424e-98d1-24c312cfacf3,169789c5-0251-47a6-800a-74ff3dffe04d,295616c0-387b-4f60-a337-7743cd6be04e,Bavarski dvor,924
192b7b6a-b138-4569-a4f3-86bef6b20810,4d57f6bd-7ba7-4f07-8aa1-ecac0b09e8db,a719a87c-4e93-4387-a6d1-2631a487f7e0,Ajdovščina,452
339ec74c-f45b-4f23-98b8-7ac67486ff6d,258aeffc-294a-4919-bfb0-34f90dc19892,a719a87c-4e93-4387-a6d1-2631a487f7e0,Ajdovščina,1134
7f45fe9c-917a-4571-9a74-9e940cd84f3c,c93954aa-7aad-4fca-9f7a-721d37f0474e,f33b721f-a8a3-4aad-96f2-077da09ebaa6,Razstavišče,3175
c3534bc6-7bfd-43be-b46a-2b0fced57ab8,3febe187-31d6-4229-be07-78ff782ca972,295616c0-387b-4f60-a337-7743cd6be04e,Bavarski dvor,107
938c9405-72bb-4acd-bace-a75abcf2f9cb,807c11ba-4b3a-4e2b-82b5-abf5864fa4bc,c87db9be-1fba-4102-a743-0ee4317dd5af,Bavarski dvor,2008
ee837fd9-7a5c-4f14-bbd7-a46f14eb07c5,e3321752-4498-4da3-801c-d54920b22eba,609f0950-bb8c-4eaf-a931-8575b8aff1ac,Savske stolpnice,4432
0be53afd-2427-49b2-b70c-2ee3d89e9762,ba59baf4-dd00-40a5-80e7-3eee6b9d8b09,9a1c4c65-df77-481f-87ad-56143f02a864,Vižmarje,3982
e333d90d-3eef-4d82-9e00-ebe693e2f389,6459bd02-d8f8-413e-9402-10b916f09a4f,295616c0-387b-4f60-a337-7743cd6be04e,Bavarski dvor,2313
a2f479c6-4c21-4923-b4ac-86f752507cee,298fea2e-c58b-4d99-9350-2420c718d2cc,N/A,N/A,4525
9f6048f0-5c5e-4773-915e-4ee05d200e27,30cf2ed7-2cf0-4764-ab64-78206968d5ba,9cfac7e2-9653-4e52-a6d3-27756d27f817,Kino Šiška,546
aa42017d-812a-4175-bc9b-0fec03b18931,c0fb12dd-8cab-40da-a3aa-e8de9c6d09ed,fef200e9-4d98-425b-ab14-8110e2aa85d7,Drama,589
e6f5183b-c615-4f47-b4fb-204ee070e825,ccccee29-6fc7-4a86-b492-7f36a8e817db,N/A,N/A,4525
ee7e3c65-72e8-465e-a9a3-a9370ec1f314,a7094427-e180-4deb-acaf-5d4488326e9e,fef200e9-4d98-425b-ab14-8110e2aa85d7,Drama,1557
ba2b16a8-1273-45d2-8758-47b9694df9a6,0df2ffa6-b1c8-44d0-900c-8b23b37794df,379bc761-04b5-4227-be76-3b870fe3e69f,Pot na Fužine,1359
af820908-f71f-4c46-82c2-e7616f9c21fb,48c9ec48-2b87-4945-a077-808839f98e74,5d7f28a6-2a2a-4333-aa06-48edfb652f86,Pošta,1971
0be237aa-4b91-4d2b-ac23-0cebac975a0d,f496ecc3-28fe-4361-9da8-428bbf3bd672,c87db9be-1fba-4102-a743-0ee4317dd5af,Bavarski dvor,1619
8589e5d1-21b4-4210-ad7a-4bf91f9a715d,1b3d51e8-8b5e-4b31-a63e-9d665243c2f1,717dda7e-d793-4697-8f60-b64ee8b1edc4,Gosposvetska,1068
b698a890-05b8-40f6-a3a6-4f4c0a820f97,45303500-8b0e-4779-9abd-433b5f8b2838,N/A,N/A,4525
7fdce743-a4be-44d7-8658-0a259a18ad30,6bd46cb7-9e5d-453a-878a-bcc38fb2a5f2,f33b721f-a8a3-4aad-96f2-077da09ebaa6,Razstavišče,871
0fb83496-463c-4123-97c6-669efe614d26,2e62f411-936d-4a10-96ed-2d8fe95d6d65,N/A,N/A,4525
4ca7ae7e-380b-45e3-81de-00ffab5bb531,2cde6efe-5f53-44aa-8018-76f0ea2c86f8,f33b721f-a8a3-4aad-96f2-077da09ebaa6,Razstavišče,1189
7276f267-9837-4c56-aad3-f8cd555060da,2154edb8-16e2-4334-8878-9e38abcdf06a,093afa81-b65f-4182-bac3-afbc00558a9b,Koseze,3696
c22879e5-8e90-4540-9a74-5f139208e492,16d19639-a788-4df6-a168-6f8c3652ded7,7bcbdcaa-00b9-47d4-8982-09da26cd7bcb,Zaloška,553
12618339-2c2d-49ec-b0e0-2517c11991f8,245bb1a4-ea6e-45b4-8331-b50983655326,7fa32ea0-e884-435a-a81c-51bbd5cedf3e,Zaloška,1507
6efecef0-52ba-4a47-9991-9bab5ce31340,5560d06d-4058-473e-abba-099b05d7cf07,c87db9be-1fba-4102-a743-0ee4317dd5af,Bavarski dvor,150
c2827897-b9fe-4bfc-b4ed-880f11a2359e,ba0f81e5-dfec-49bb-8d6b-d52618338640,c87db9be-1fba-4102-a743-0ee4317dd5af,Bavarski dvor,325
b5273abc-dfeb-49a2-9607-249bf6415e4b,d0790612-d161-4be4-953d-a7a0c33acf1e,a719a87c-4e93-4387-a6d1-2631a487f7e0,Ajdovščina,1334
de80f5fd-4572-4bb6-9e21-9860f5fa6b24,e74131c6-ac2f-477b-9693-10bb5ab9f24b,N/A,N/A,4525
9afb36ea-c2ae-4bbb-9644-3a6c65bb1c7d,53ec687a-6f0c-4bb7-b1b4-606e7dcfada9,8598b85d-3e1d-4767-b72f-0c209038841f,Štepanja vas,272
1f4702d4-6b02-4ad3-aa9b-118ff9aa3474,e9089f7d-853e-4375-8ecb-0db96fcc60e6,c87db9be-1fba-4102-a743-0ee4317dd5af,Bavarski dvor,812
8c7fa045-888b-46d0-8189-6f82623bf481,f174a648-9e84-492d-9ccd-0756b49c773b,295616c0-387b-4f60-a337-7743cd6be04e,Bavarski dvor,1037
9c2e9262-7afe-44d3-8aaf-80afd45f9118,cf22c7c2-776f-4bd7-ae1a-dc4f25983c19,f4cfd904-bd11-4247-95df-32c4555a930f,Klinični center,3572
f2b27cbd-5207-4281-8f67-6369d0c50a9b,216a26dc-11c2-432b-b099-0d55d508b7fa,295616c0-387b-4f60-a337-7743cd6be04e,Bavarski dvor,3228
d9a82add-03d0-47d8-9f35-117b7a5ded44,a378ce5e-57ce-4c52-b219-568674b5cd5e,fef200e9-4d98-425b-ab14-8110e2aa85d7,Drama,893
c31b32c6-1ec2-48e9-9929-356fd0253540,66a82f60-b1d1-4251-a715-178300014f18,N/A,N/A,4525
121b30dc-065b-4c76-aad2-a54a85c74d4d,45bff76d-bb00-455b-aa12-7ea49ad9a4f0,e6f5183b-c615-4f47-b4fb-204ee070e825,Bežigrad,1607
1f207e67-adf9-4da6-b107-3b58051d9990,32abc648-685c-47b0-bbc4-203371ec2699,295616c0-387b-4f60-a337-7743cd6be04e,Bavarski dvor,144
404f8444-540d-4d82-a355-30a6a8bec797,aaedd82f-0c53-425d-92cf-96e50bd20518,N/A,N/A,4525
21fba303-9465-42e6-8942-eaff85a2b40c,91b76764-87af-4b90-89dd-60f0046f7cc0,a719a87c-4e93-4387-a6d1-2631a487f7e0,Ajdovščina,2121
e2d3c37e-a7df-458e-9e5a-ea33ccf4c11b,78c69686-64ed-437c-83b5-0e28733ed70c,f33b721f-a8a3-4aad-96f2-077da09ebaa6,Razstavišče,3031
cf6f67f5-f7df-4462-828b-481134217fad,124ec397-421b-4737-bf71-09c9b1665a10,f4cfd904-bd11-4247-95df-32c4555a930f,Klinični center,716
a33e6b1f-de56-43aa-9a52-f7064636ab79,46847a61-d68a-4d2c-ad76-18e043d41430,N/A,N/A,4525
5c9baa4c-9ee0-4263-be22-72f5a73c714d,aa31554f-8623-42db-aedd-ad9a8f562e4c,c87db9be-1fba-4102-a743-0ee4317dd5af,Bavarski dvor,377
83a62071-0161-47a2-b745-eafb5e945632,7f45fe9c-917a-4571-9a74-9e940cd84f3c,a719a87c-4e93-4387-a6d1-2631a487f7e0,Ajdovščina,1074
a7af0c5d-2297-40e2-a6e0-506f6aadba0a,093afa81-b65f-4182-bac3-afbc00558a9b,N/A,N/A,4525
98f728a3-94a6-4911-98d7-64ab88097036,f1d7dbc8-d84b-4550-a3bd-e4748a677e9d,7fa32ea0-e884-435a-a81c-51bbd5cedf3e,Zaloška,1194
9276fcfb-0f7e-4df3-b827-325600851526,59d96e2c-3ee3-4581-840a-3ddaf0003743,f2b27cbd-5207-4281-8f67-6369d0c50a9b,Kodrova,65
a4545f57-dab0-4ca0-9da3-5bc96d80f104,d9224caa-d582-4152-88e0-be720677fe16,b59656a4-b6e7-4b87-977c-078c59088a50,Hajdrihova,1998
d2e3d9f5-0203-49a4-8ea1-455e2434a347,da834a23-5697-49bb-b3a1-7f277c8206bc,N/A,N/A,4525
3fbf6322-fb74-4a50-a81a-bfca73abc26b,b5400e28-b0c3-4a02-9da2-084c465bd1d3,a2ce7e6f-0f99-443a-a973-81a0b9c60261,Astra,2542
38b3abed-0592-407b-96c3-85a026f2e192,5c38ad77-8124-42b3-810f-04703daec8b4,5d7f28a6-2a2a-4333-aa06-48edfb652f86,Pošta,706
3c143688-247f-41cc-960d-f5e37b874c3a,77dcd833-fa4d-4c5a-93b1-31284942e61d,7fad8003-fb10-489d-bf8d-6d433310ad90,Nove Jarše,1091
5de84f88-3f32-4636-8c30-03cc267ecf37,70231f13-be88-4e3a-a89a-5b4f436984d2,a719a87c-4e93-4387-a6d1-2631a487f7e0,Ajdovščina,183
306dcdea-b1ce-4357-ba5e-fa82293630df,219086ca-bdcb-4092-bd82-3d372b9b73ce,f4cfd904-bd11-4247-95df-32c4555a930f,Klinični center,62
a7af0c5d-2297-40e2-a6e0-506f6aadba0a,4d2fc228-0628-4897-8d77-3e71d500d36d,c87db9be-1fba-4102-a743-0ee4317dd5af,Bavarski dvor,3332
3203d037-a222-4092-8dd6-e8dfcd49a2c9,acd87210-4e04-49b4-884b-1fe11c453bf4,N/A,N/A,4525
c3188d8e-c2d3-40e5-acc2-14bef70a5ff4,9143c575-806f-4ba0-81bc-8199f0b0b4d0,6182f8e8-c45e-4606-b4a4-d909bd44d2cc,Gornji trg,52
97627b9b-fa2e-461a-97ea-a15df7599598,404f8444-540d-4d82-a355-30a6a8bec797,a719a87c-4e93-4387-a6d1-2631a487f7e0,Ajdovščina,1961
639551cf-fe23-4363-8ccd-655bc5d4119e,fcc58ff5-bf0b-44ce-b12b-75ecc493f24d,c87db9be-1fba-4102-a743-0ee4317dd5af,Bavarski dvor,1021
3f996624-8134-4eec-9742-70111db659c1,9741988b-6723-480b-a419-8db7490d667a,fef200e9-4d98-425b-ab14-8110e2aa85d7,Drama,3667
cddb3822-7daf-4cae-9cc3-6b191e81326b,45bff76d-bb00-455b-aa12-7ea49ad9a4f0,a719a87c-4e93-4387-a6d1-2631a487f7e0,Ajdovščina,124
d50b2bdb-481b-4e58-ada6-47a028fc6382,29096931-9d98-487f-bd0a-b0767611e561,f33b721f-a8a3-4aad-96f2-077da09ebaa6,Razstavišče,1322
40fcc1b9-2c42-4db8-bd48-d431efc8a3fd,47283e27-c588-411c-9303-30a6f0beeaef,c87db9be-1fba-4102-a743-0ee4317dd5af,Bavarski dvor,2573
7a256ec6-bb93-47eb-af92-ea62941c1dc6,bb606ad8-8a10-4034-9862-60cc177d2455,21764d19-62cc-49fd-bac9-403aeac6a6b9,Ježica,476
79325942-629a-4766-a34a-525f8edf8cc5,61485a1f-73a8-4dac-bcc7-6e4e53eb4b0f,fef200e9-4d98-425b-ab14-8110e2aa85d7,Drama,962
15bb8af1-183e-4ec8-81f7-1fc6e81beb30,2fafda56-e44d-4e08-8503-90e6bf75e19d,f33b721f-a8a3-4aad-96f2-077da09ebaa6,Razstavišče,1635
a5eb15d2-f0cb-46a6-b888-6a9aad6bc5b6,9e109242-5aad-4fb7-b0c8-576eef8aa4e0,295616c0-387b-4f60-a337-7743cd6be04e,Bavarski dvor,1031
97627b9b-fa2e-461a-97ea-a15df7599598,192b7b6a-b138-4569-a4f3-86bef6b20810,023d7b7a-b411-4e61-8746-b07f9e5c8f90,Ambrožev trg,3687
0c6d0a32-5673-45fa-9d50-04d8039cbda1,9afb36ea-c2ae-4bbb-9644-3a6c65bb1c7d,769b7bc7-4f95-4bb2-9c99-37ba8e8b4bd5,D. MOST P+R,1541
6a89c110-a0f8-4b1a-87f0-33f49c0a658e,5f6cb902-b824-4961-9ac2-75cf44a47055,9cfac7e2-9653-4e52-a6d3-27756d27f817,Kino Šiška,46
b47eac47-d897-4ba7-ab06-8e642cc8efe8,cab36767-e95a-4f60-978e-92490f2517b2,f4cfd904-bd11-4247-95df-32c4555a930f,Klinični center,2247
2b223d0c-f8ec-4970-815c-bfe26c3ffc09,7fdce743-a4be-44d7-8658-0a259a18ad30,N/A,N/A,4525
c5ec5e81-2ce4-452d-bd7a-595de4f8b34f,30131bc3-a0f7-4cfc-9e4d-552b325c0ba7,c87db9be-1fba-4102-a743-0ee4317dd5af,Bavarski dvor,2769
d9437903-d95a-49e6-9743-12b2b964e04c,5c8bdb89-116a-4d5d-9db1-9be443070380,c87db9be-1fba-4102-a743-0ee4317dd5af,Bavarski dvor,454
54c591c0-7bbb-4489-9229-57b18f95827a,a2ce7e6f-0f99-443a-a973-81a0b9c60261,1ce1c3a8-e0f6-4f90-b1aa-1448759d8b3c,Astra,1440
712ee105-4fab-498a-af5c-496ca9830f5f,cdbafa76-fd1b-45e0-bbd6-d6c1c6a141f9,fef200e9-4d98-425b-ab14-8110e2aa85d7,Drama,534
7fad8003-fb10-489d-bf8d-6d433310ad90,727cab27-5e8e-4c5e-ba27-449822a45ee7,295616c0-387b-4f60-a337-7743cd6be04e,Bavarski dvor,159
36c7bbd0-50d7-4b5d-b9b3-9dadd37ac50b,2c87f988-902b-4b35-91da-5437a58759f5,a719a87c-4e93-4387-a6d1-2631a487f7e0,Ajdovščina,130
a1406782-3114-407c-8e35-35bcf5a1234b,36d25599-0bed-48a0-bcb4-134be8a959fe,454817d3-3750-49c7-994c-14d06fd2c634,Žale,1733
39b60288-c9ac-4bc2-825b-524dec52182d,db13a26e-19d4-4b8a-a78a-01ef25d58834,295616c0-387b-4f60-a337-7743cd6be04e,Bavarski dvor,3070
ba59baf4-dd00-40a5-80e7-3eee6b9d8b09,fdff5f9c-6c02-4fc1-a004-7032b17fa37a,f33b721f-a8a3-4aad-96f2-077da09ebaa6,Razstavišče,235
35aedf45-cca3-4f2f-931b-138d29d20fe9,8677848c-55dd-4af4-b275-3074a3ff4846,a719a87c-4e93-4387-a6d1-2631a487f7e0,Ajdovščina,2258
7962e05c-ad8c-43e4-9db4-4b90f0c94596,e8b0d4a2-f65e-4aed-97b8-77ab0d07955a,a719a87c-4e93-4387-a6d1-2631a487f7e0,Ajdovščina,1128
1907a46a-4559-43ec-8363-03fe35d30725,f66a1f18-4c18-4317-b929-fb616cc7cebc,b59656a4-b6e7-4b87-977c-078c59088a50,Hajdrihova,212
2154edb8-16e2-4334-8878-9e38abcdf06a,278a9d60-64c7-4bfa-aad0-24068aa760af,c87db9be-1fba-4102-a743-0ee4317dd5af,Bavarski dvor,3363
1b0f629f-acdb-4e94-8c54-018f4334ebf7,1b3dce90-170f-4176-b47b-2b50b9407e82,a719a87c-4e93-4387-a6d1-2631a487f7e0,Ajdovščina,2332
53c3c8c9-2e64-4a8f-9afb-031b24c17d5a,105e10e7-fbab-4f99-94c9-178c25630b42,c22879e5-8e90-4540-9a74-5f139208e492,Friškovec,115
df63651e-45ab-4487-9429-9e604415b35c,fac22b83-1bc0-4c12-8533-485b115409ef,c87db9be-1fba-4102-a743-0ee4317dd5af,Bavarski dvor,199
e4635b94-348c-4c69-be85-1160488e5e43,ea91e672-f4a8-40cb-af62-214726551a93,c87db9be-1fba-4102-a743-0ee4317dd5af,Bavarski dvor,2377
1ceecd12-b005-4828-ad39-8f2aeb1ca228,784bebe9-c0c7-46eb-943d-0b1808ffd5ac,295616c0-387b-4f60-a337-7743cd6be04e,Bavarski dvor,394
0df2ffa6-b1c8-44d0-900c-8b23b37794df,b60d686c-3b89-447c-93f6-2837d9af3d02,f4cfd904-bd11-4247-95df-32c4555a930f,Klinični center,889
ee3713fe-016c-47eb-96d1-f760c9d19010,fcc58ff5-bf0b-44ce-b12b-75ecc493f24d,ef31a8be-b01d-44cd-95cf-3db8e918af26,Emona,1748
8a224b7d-24ae-4c7b-8318-f66ac8cc078b,c86d5f37-52ee-4e3a-99b5-b9554118c4d5,7fa32ea0-e884-435a-a81c-51bbd5cedf3e,Zaloška,1892
d72032c7-d4b0-4eee-a87c-593985a42266,a4545f57-dab0-4ca0-9da3-5bc96d80f104,f33b721f-a8a3-4aad-96f2-077da09ebaa6,Razstavišče,64
b4634750-8d91-4625-b40d-1da9665e70f6,a52cd7ac-c11e-4c8b-94a5-1a12b32595da,N/A,N/A,4525
1dc99fbb-5496-4aab-a4b6-32e653ccc789,e6f5183b-c615-4f47-b4fb-204ee070e825,484b5c91-1220-43ba-af79-84e712fcc46b,Slovenija avto,1278
4afd573d-abb7-4209-9b28-5c34811eb3ef,98b60d07-8054-441a-be44-be7aa24f4253,295616c0-387b-4f60-a337-7743cd6be04e,Bavarski dvor,721
c15a2be8-fc53-427d-9cc6-a50bb305f68d,01d1f388-d915-4e9f-bc3d-4432a73a216e,484b5c91-1220-43ba-af79-84e712fcc46b,Slovenija avto,4
b0d473cd-f35e-4a30-8d0d-70f16b92e8e8,7a52a73a-cc0e-4c61-b9bc-306157727e1c,7bcbdcaa-00b9-47d4-8982-09da26cd7bcb,Zaloška,155
1c0c01ee-6258-4328-9d01-489eb421a8d9,3f996624-8134-4eec-9742-70111db659c1,f2b27cbd-5207-4281-8f67-6369d0c50a9b,Kodrova,2887
6bc92f4c-414c-456b-9150-d58a7689d26e,e9035f9a-28be-450a-a30c-7178134ff26b,f33b721f-a8a3-4aad-96f2-077da09ebaa6,Razstavišče,2694
d9224caa-d582-4152-88e0-be720677fe16,6e7cab20-d7e3-474f-9a5e-f1e0ca6fae53,fef200e9-4d98-425b-ab14-8110e2aa85d7,Drama,672
d0790612-d161-4be4-953d-a7a0c33acf1e,300f1367-4ba4-4416-90e4-caa8f33e9144,a719a87c-4e93-4387-a6d1-2631a487f7e0,Ajdovščina,607
26ec9924-5586-4fd5-8b20-63f2d0a38d44,391bf42a-68a3-400a-baea-0c708f327325,a719a87c-4e93-4387-a6d1-2631a487f7e0,Ajdovščina,247
1069d764-9345-425d-8c4d-12d6ffa1fde1,b47eac47-d897-4ba7-ab06-8e642cc8efe8,f4cfd904-bd11-4247-95df-32c4555a930f,Klinični center,184
8598b85d-3e1d-4767-b72f-0c209038841f,fb662324-f307-452f-9b00-0275dadfd382,ac3afe7d-a2b3-4d5d-9e6a-1d2412a3bc70,Litostrojska,1823
6182f8e8-c45e-4606-b4a4-d909bd44d2cc,7b41ca8e-2e41-4572-aa5c-1d80375e8835,db13a26e-19d4-4b8a-a78a-01ef25d58834,Ježica,2125
edf94a12-03e9-4225-b6cc-aca0edf588a7,cdabf1ea-b04c-480a-8359-72c46e6864ab,295616c0-387b-4f60-a337-7743cd6be04e,Bavarski dvor,316
6932c2e0-ff32-4170-b519-fba88e29c147,29589594-5959-4efb-8dda-7348e4e500a0,ef31a8be-b01d-44cd-95cf-3db8e918af26,Emona,1186
124ec397-421b-4737-bf71-09c9b1665a10,bb606ad8-8a10-4034-9862-60cc177d2455,a719a87c-4e93-4387-a6d1-2631a487f7e0,Ajdovščina,2011
d4fd9934-5253-4ab8-a779-3e9e2a30c5b7,294c40c4-18e4-4d92-a947-911a8623de89,N/A,N/A,4525
7ea32e84-b8d9-498b-9f03-5a66990012b9,2265e4de-a537-4f97-882b-c94c24aabfb0,c87db9be-1fba-4102-a743-0ee4317dd5af,Bavarski dvor,366
30cf2ed7-2cf0-4764-ab64-78206968d5ba,8b5f91a6-23b7-4786-96f9-a80c6d668e18,295616c0-387b-4f60-a337-7743cd6be04e,Bavarski dvor,1138
3f996624-8134-4eec-9742-70111db659c1,dfde6478-02b5-471b-a470-29cb0e84542f,c87db9be-1fba-4102-a743-0ee4317dd5af,Bavarski dvor,786
2838f674-f6e9-4eb5-a99c-1d0ac7903ca1,bc19ad1c-00fc-47f1-926e-ddeb12f686ba,c87db9be-1fba-4102-a743-0ee4317dd5af,Bavarski dvor,107
f11e48f8-4133-4c36-a36f-73b4f33d9592,9b9d2948-7538-409c-9bfc-42c0b74c41a8,a719a87c-4e93-4387-a6d1-2631a487f7e0,Ajdovščina,2982
48507e1a-32df-4552-9448-3b345760b75f,476c1b24-6f2f-4727-b610-645c50493814,1b3ddeca-a066-43ee-9ae5-8339628129c2,Žale,988
98b60d07-8054-441a-be44-be7aa24f4253,258aeffc-294a-4919-bfb0-34f90dc19892,295616c0-387b-4f60-a337-7743cd6be04e,Bavarski dvor,1364
cf22c7c2-776f-4bd7-ae1a-dc4f25983c19,769b7bc7-4f95-4bb2-9c99-37ba8e8b4bd5,7eb88e01-82e9-4af4-84d0-69c6ea9dc82c,Kolodvor,2960
c8f784f8-ce92-4773-8d90-c6bed3513ce0,233daca5-913b-4e10-bf34-18b1c8c77019,N/A,N/A,4525
54c591c0-7bbb-4489-9229-57b18f95827a,d3283222-38a9-40e2-a485-180d1a33067c,cdabf1ea-b04c-480a-8359-72c46e6864ab,Bežigrad,1161
2265e4de-a537-4f97-882b-c94c24aabfb0,7ba233b7-a50a-497d-8135-dd8dabf93ff5,fef200e9-4d98-425b-ab14-8110e2aa85d7,Drama,3471
de80f5fd-4572-4bb6-9e21-9860f5fa6b24,44e58cea-6c90-467f-baf2-22ac161daafb,a719a87c-4e93-4387-a6d1-2631a487f7e0,Ajdovščina,842
d83ec579-9ab5-4e30-bedd-86613c234abd,121b30dc-065b-4c76-aad2-a54a85c74d4d,c87db9be-1fba-4102-a743-0ee4317dd5af,Bavarski dvor,2806
d861c2ce-106a-4b95-a4fc-2af355c0bbf0,3d8122ff-0840-4811-a5ad-c4702fc70269,f33b721f-a8a3-4aad-96f2-077da09ebaa6,Razstavišče,737
306dcdea-b1ce-4357-ba5e-fa82293630df,ab0d4ded-a428-4133-a6c8-0f2caac0a5ae,f33b721f-a8a3-4aad-96f2-077da09ebaa6,Razstavišče,934
91fb6c6e-49cf-49d3-97d4-6ae228f9bfa1,91fb6c6e-49cf-49d3-97d4-6ae228f9bfa1,a5eb15d2-f0cb-46a6-b888-6a9aad6bc5b6,Sadinja vas,1
b60d686c-3b89-447c-93f6-2837d9af3d02,67d66d40-e8ba-4bc0-a9cf-814dce3ccbea,cdabf1ea-b04c-480a-8359-72c46e6864ab,Bežigrad,3771
83a62071-0161-47a2-b745-eafb5e945632,0c5f69a6-97c7-4053-bc0b-3f09dbf72f46,a0b1fb90-3f6a-4231-910a-18be192ac762,Flajšmanova,2441
59faa0f0-34b1-47cd-ba3a-3b6f0d684c00,ba6f47bf-d346-4ccb-8669-13b974d863a6,454817d3-3750-49c7-994c-14d06fd2c634,Žale,997
eb165f50-9c43-4b09-9658-469a16d3dc83,dac8d2a7-89e4-4aec-948d-00db4833ce7c,fef200e9-4d98-425b-ab14-8110e2aa85d7,Drama,998
6a89c110-a0f8-4b1a-87f0-33f49c0a658e,d9224caa-d582-4152-88e0-be720677fe16,b59656a4-b6e7-4b87-977c-078c59088a50,Hajdrihova,1471
5aeac892-889f-4c5a-8fde-67e6ac096242,d5102041-8282-4c77-a593-edac0d0d4a34,769b7bc7-4f95-4bb2-9c99-37ba8e8b4bd5,D. MOST P+R,106
da9650a3-6ec7-4cdb-95f2-a68851587dfc,3c143688-247f-41cc-960d-f5e37b874c3a,295616c0-387b-4f60-a337-7743cd6be04e,Bavarski dvor,655
25cde952-4896-4977-b229-75e09b3e3661,300f1367-4ba4-4416-90e4-caa8f33e9144,484b5c91-1220-43ba-af79-84e712fcc46b,Slovenija avto,4032
cecad767-51e5-4683-bf56-e6e342f8d1e0,390d166c-b2fe-486c-bba5-38cd1ff64f48,c87db9be-1fba-4102-a743-0ee4317dd5af,Bavarski dvor,1637
c0e6a237-3879-4336-88b6-5af51408cc7e,68c65382-15dc-465c-96b5-7f27af9d4a63,N/A,N/A,4525
ea80411c-360d-4a33-861c-6533a1d67eef,acd87210-4e04-49b4-884b-1fe11c453bf4,N/A,N/A,4525
cab36767-e95a-4f60-978e-92490f2517b2,fcc58ff5-bf0b-44ce-b12b-75ecc493f24d,c87db9be-1fba-4102-a743-0ee4317dd5af,Bavarski dvor,3009
f496ecc3-28fe-4361-9da8-428bbf3bd672,47283e27-c588-411c-9303-30a6f0beeaef,c87db9be-1fba-4102-a743-0ee4317dd5af,Bavarski dvor,613
8589e5d1-21b4-4210-ad7a-4bf91f9a715d,6d2a7c2e-5938-433e-a691-b9bc28767675,295616c0-387b-4f60-a337-7743cd6be04e,Bavarski dvor,2936
c8f784f8-ce92-4773-8d90-c6bed3513ce0,98239279-bb80-4070-965c-dc87525019e2,N/A,N/A,4525
2a7d32ca-24a1-41ac-a273-0cbcdec59336,6cc5af3b-67ea-47f3-9e8a-10946c32b906,N/A,N/A,4525
712ee105-4fab-498a-af5c-496ca9830f5f,6a0b25cc-428e-47b5-831a-e89facfa7f26,c22879e5-8e90-4540-9a74-5f139208e492,Friškovec,1115
ca8cbe57-95dc-4326-9c06-b60a87b981b1,6324e337-5778-492a-9e9c-57e3ad5c4710,c87db9be-1fba-4102-a743-0ee4317dd5af,Bavarski dvor,1101
ee837fd9-7a5c-4f14-bbd7-a46f14eb07c5,8dde1a7b-e3ec-4675-8409-2a2c4ae696c7,f33b721f-a8a3-4aad-96f2-077da09ebaa6,Razstavišče,1034
dba19980-8ca1-4847-b9b5-8cd419374ae2,8b5f91a6-23b7-4786-96f9-a80c6d668e18,N/A,N/A,4525
912792ae-7f7e-4295-8064-38ea96a5dc4a,5cc8a08d-c0af-491f-9a9c-b8b4f5f23bc0,N/A,N/A,4525
7bcbdcaa-00b9-47d4-8982-09da26cd7bcb,5dcffe2a-1c73-4f7c-bdac-4084bb5201aa,f14a6236-8af2-47bf-9270-432377662a63,Viadukt,237
f1bc11ca-7516-447a-b826-7051c5306af7,d987aa3a-ae4a-42f6-bc9b-79c41dcf055a,769b7bc7-4f95-4bb2-9c99-37ba8e8b4bd5,D. MOST P+R,2954
65a6b01d-c9cf-4d4e-930c-5562156d7375,cb05ea76-5fc1-4162-b432-a914b63604d0,a719a87c-4e93-4387-a6d1-2631a487f7e0,Ajdovščina,1446
83a62071-0161-47a2-b745-eafb5e945632,1cc5f00f-c982-4016-8553-40a3da4f36ad,5d7f28a6-2a2a-4333-aa06-48edfb652f86,Pošta,589
6a774daa-3547-4128-b304-aa2d17d4391a,0ff94f7b-275b-4cc4-bb27-e00842f5ad87,717dda7e-d793-4697-8f60-b64ee8b1edc4,Gosposvetska,820
a12cff7f-91e5-4f1e-be40-1a9b34ae792a,5dcffe2a-1c73-4f7c-bdac-4084bb5201aa,a2ce7e6f-0f99-443a-a973-81a0b9c60261,Astra,591
b47eac47-d897-4ba7-ab06-8e642cc8efe8,100da88e-4c5f-4188-bd11-d4f3fc80fb74,a0e0a21b-b8ce-4d76-bbc2-04e179367fee,Šola Jarše,83
538ab00b-ee39-44e8-b5a4-62c2c6215bf6,69f98a9c-d52d-423a-b44e-89b6320a7a88,a0b1fb90-3f6a-4231-910a-18be192ac762,Flajšmanova,326
58cd6196-8ac4-4803-be8b-1c0d2fb52528,03375155-45fb-4565-b392-2349fcb199ea,N/A,N/A,4525
ee3713fe-016c-47eb-96d1-f760c9d19010,55e3f615-be6c-43f4-9858-e199862771a4,a719a87c-4e93-4387-a6d1-2631a487f7e0,Ajdovščina,3943
aa42017d-812a-4175-bc9b-0fec03b18931,075a6b29-66cb-409f-89fe-37d50669eff4,295616c0-387b-4f60-a337-7743cd6be04e,Bavarski dvor,46
9c2e9262-7afe-44d3-8aaf-80afd45f9118,d3a6cbf3-65f0-4db8-9a10-1460763eac8e,c87db9be-1fba-4102-a743-0ee4317dd5af,Bavarski dvor,1675
163da3ae-0ab9-480e-b72d-16357e0a9061,d7a59d1b-dfe1-4fbb-96fc-14443b077516,a719a87c-4e93-4387-a6d1-2631a487f7e0,Ajdovščina,1449
896f7627-7c1c-4742-a40a-6aadb85fe206,105e10e7-fbab-4f99-94c9-178c25630b42,9a1c4c65-df77-481f-87ad-56143f02a864,Vižmarje,124
6a774daa-3547-4128-b304-aa2d17d4391a,7bcbdcaa-00b9-47d4-8982-09da26cd7bcb,295616c0-387b-4f60-a337-7743cd6be04e,Bavarski dvor,401
29336b94-2382-46dd-b2e6-4590dd689640,339ec74c-f45b-4f23-98b8-7ac67486ff6d,717dda7e-d793-4697-8f60-b64ee8b1edc4,Gosposvetska,1029
b0d473cd-f35e-4a30-8d0d-70f16b92e8e8,da9650a3-6ec7-4cdb-95f2-a68851587dfc,fef200e9-4d98-425b-ab14-8110e2aa85d7,Drama,895
12304b99-9a07-485a-a101-eaca90495d48,d5102041-8282-4c77-a593-edac0d0d4a34,223f660b-c391-4120-bf3c-7bf06781686b,Tovorni kolodvor,1122
d08c4884-9764-447f-9b79-0ef7a645222f,2d6504e9-c938-417e-9b55-32d6514bc744,fef200e9-4d98-425b-ab14-8110e2aa85d7,Drama,64
106bdc28-f0fe-4f13-b4ad-6c6a630550b5,52e5adea-e194-4fc1-809c-1d6421f8f8db,N/A,N/A,4525
66943a7c-28b4-40a6-a996-21aa0b968435,1505c6fe-6080-424e-98d1-24c312cfacf3,295616c0-387b-4f60-a337-7743cd6be04e,Bavarski dvor,1222
e74131c6-ac2f-477b-9693-10bb5ab9f24b,08071ba1-570f-487b-9a36-01a046fb2788,N/A,N/A,4525
ff8f71b7-06fe-47fe-8238-9af5ee1b1dfd,659ee31d-ae12-4498-8507-28579d322e32,c87db9be-1fba-4102-a743-0ee4317dd5af,Bavarski dvor,1603
62feeb73-9af7-43ee-8714-1b435ec20263,ab4e1412-1ac4-4864-8833-c1ddf48bec20,fef200e9-4d98-425b-ab14-8110e2aa85d7,Drama,880
80c65758-5f25-4003-8d55-10ff96fe8310,441545fb-7a0c-4555-aea8-01cbe6c14ea3,a719a87c-4e93-4387-a6d1-2631a487f7e0,Ajdovščina,1121
4ca9e64c-29ad-4391-a6f2-7e1ae022d5bf,dba19980-8ca1-4847-b9b5-8cd419374ae2,N/A,N/A,4525
784bebe9-c0c7-46eb-943d-0b1808ffd5ac,452f2b51-98fb-4a7c-bb0a-44577eb5e12b,a719a87c-4e93-4387-a6d1-2631a487f7e0,Ajdovščina,452
32ff2d5b-61ae-415b-941b-aeb1be1b5052,cddb3822-7daf-4cae-9cc3-6b191e81326b,c22879e5-8e90-4540-9a74-5f139208e492,Friškovec,185
db9f7130-0bc2-4f3e-b8cd-07cfe96b1f8f,d987aa3a-ae4a-42f6-bc9b-79c41dcf055a,a719a87c-4e93-4387-a6d1-2631a487f7e0,Ajdovščina,454
4abe5e63-5707-4ef0-acda-ab2c52749afe,8dde1a7b-e3ec-4675-8409-2a2c4ae696c7,295616c0-387b-4f60-a337-7743cd6be04e,Bavarski dvor,132
ec88f05d-3035-4f09-8560-72571bc0b125,7ea32e84-b8d9-498b-9f03-5a66990012b9,N/A,N/A,4525
cdbafa76-fd1b-45e0-bbd6-d6c1c6a141f9,390d166c-b2fe-486c-bba5-38cd1ff64f48,N/A,N/A,4525
6c773433-c487-49c5-a783-32c0e276ed7b,baab981f-b707-4b2e-8291-6175f7ceb255,a719a87c-4e93-4387-a6d1-2631a487f7e0,Ajdovščina,461
1f4702d4-6b02-4ad3-aa9b-118ff9aa3474,29336b94-2382-46dd-b2e6-4590dd689640,f33b721f-a8a3-4aad-96f2-077da09ebaa6,Razstavišče,1246
35aedf45-cca3-4f2f-931b-138d29d20fe9,fcccf4af-4f16-4edc-ba5a-585c434593fe,fef200e9-4d98-425b-ab14-8110e2aa85d7,Drama,169
4ac86a6a-874d-41a7-92a5-64ed733b7734,9276fcfb-0f7e-4df3-b827-325600851526,6182f8e8-c45e-4606-b4a4-d909bd44d2cc,Gornji trg,1892
8d767444-3983-4409-bda1-d298b52c7bfe,627be449-8b6a-40f4-a57c-09ccdacccb66,c87db9be-1fba-4102-a743-0ee4317dd5af,Bavarski dvor,2267
79a5bacd-8b59-4d83-99e8-26e3c5b1490b,d6ae97e7-23b5-48d6-a9fa-2a2624e9f434,fef200e9-4d98-425b-ab14-8110e2aa85d7,Drama,1317
363e4763-df83-4814-99d2-879d448d5910,bd1a0fbd-1593-4552-a76f-681c59333d6b,fef200e9-4d98-425b-ab14-8110e2aa85d7,Drama,2087
889e3719-7d29-4888-b690-5a1531d2930e,f4cfd904-bd11-4247-95df-32c4555a930f,295616c0-387b-4f60-a337-7743cd6be04e,Bavarski dvor,327
a378ce5e-57ce-4c52-b219-568674b5cd5e,5de6ff80-1352-43df-b5ec-1df59f2f492b,c87db9be-1fba-4102-a743-0ee4317dd5af,Bavarski dvor,526
5c38ad77-8124-42b3-810f-04703daec8b4,43e01b7e-be2c-4282-be1b-9f628ca67327,a719a87c-4e93-4387-a6d1-2631a487f7e0,Ajdovščina,1006
61f19c68-2d5e-4d76-bdd4-28709a347b5b,8dde1a7b-e3ec-4675-8409-2a2c4ae696c7,9cfac7e2-9653-4e52-a6d3-27756d27f817,Kino Šiška,1858
08071ba1-570f-487b-9a36-01a046fb2788,bbfc6d44-94da-4cfd-b22a-368a2b11ce20,a0b1fb90-3f6a-4231-910a-18be192ac762,Flajšmanova,44
cb05ea76-5fc1-4162-b432-a914b63604d0,8e7a488b-cd48-4243-92b0-42792d0e3bc1,f33b721f-a8a3-4aad-96f2-077da09ebaa6,Razstavišče,1475
22ef2062-46f0-4a46-8d9a-6ceb7b7f45bc,79d89180-8b07-4127-b7b4-1ac03d1cee9f,fef200e9-4d98-425b-ab14-8110e2aa85d7,Drama,1043
a12cff7f-91e5-4f1e-be40-1a9b34ae792a,cd2cdf5f-a758-494c-8b1f-2de4ac913723,N/A,N/A,4525
30e58784-86f6-4d93-8630-3cc3fc93c6f3,55f1ae46-11e5-4270-991f-f09dae6c58bf,6182f8e8-c45e-4606-b4a4-d909bd44d2cc,Gornji trg,2137
1b0f629f-acdb-4e94-8c54-018f4334ebf7,379bc761-04b5-4227-be76-3b870fe3e69f,7c149b59-2bc6-45cb-95c8-69e18a0db627,Rusjanov trg,317
4ac86a6a-874d-41a7-92a5-64ed733b7734,538ab00b-ee39-44e8-b5a4-62c2c6215bf6,6bd46cb7-9e5d-453a-878a-bcc38fb2a5f2,Sava,640
d0790612-d161-4be4-953d-a7a0c33acf1e,c70ad4c4-6c37-4f31-83aa-921dc8bc15a4,N/A,N/A,4525
b5273abc-dfeb-49a2-9607-249bf6415e4b,4c08e174-6890-4c5d-9eec-15686971f909,N/A,N/A,4525
1b3ddeca-a066-43ee-9ae5-8339628129c2,b905ae6a-f1e1-4057-8923-481902ed5a8e,c87db9be-1fba-4102-a743-0ee4317dd5af,Bavarski dvor,745
7b687edb-dc47-4b68-a13e-34713cababe9,4e8ccfa1-b58c-4ee1-ad82-2e8a645071f3,fef200e9-4d98-425b-ab14-8110e2aa85d7,Drama,176
d5d15a80-243b-49d7-a616-b3c3fb39e8af,feb89b92-366d-4f50-a509-40c7baba8cf0,a719a87c-4e93-4387-a6d1-2631a487f7e0,Ajdovščina,91
18d010ca-0244-4928-82cb-47af0836a1bb,93928408-7b36-41f9-9b62-fec53e14b4e2,c87db9be-1fba-4102-a743-0ee4317dd5af,Bavarski dvor,671
8512e1be-4637-483b-a3e6-78ccc6d2c5b1,1035c6f7-304e-4329-a3b2-4eb5d985a577,fef200e9-4d98-425b-ab14-8110e2aa85d7,Drama,784
0bb103e4-c4a6-4c4c-a13d-217ab4e6dfd3,e57aad1d-457e-401f-b26d-306b4fd836eb,717dda7e-d793-4697-8f60-b64ee8b1edc4,Gosposvetska,1094
53806659-b339-4e68-af4a-4325c16b6026,34f3ddda-e732-4b53-bfb2-8773b5cd6eac,484b5c91-1220-43ba-af79-84e712fcc46b,Slovenija avto,1369
59ee5f7d-476b-4958-a922-2040a9308f3b,51e04e1d-9ea1-432d-8b79-09e6c2a7be7b,N/A,N/A,4525
0df2ffa6-b1c8-44d0-900c-8b23b37794df,c5527a65-5265-43de-b703-7c7d494d190c,fef200e9-4d98-425b-ab14-8110e2aa85d7,Drama,1947
454817d3-3750-49c7-994c-14d06fd2c634,4f21a18a-3cb0-4c6c-bb92-e7c8945fac1c,21764d19-62cc-49fd-bac9-403aeac6a6b9,Ježica,2365
f11e48f8-4133-4c36-a36f-73b4f33d9592,ba2b16a8-1273-45d2-8758-47b9694df9a6,fef200e9-4d98-425b-ab14-8110e2aa85d7,Drama,1727
7c390857-8fc7-49b5-9c9d-e5535d360148,9583dbdd-06fd-411e-88dd-af8f89e2caaa,N/A,N/A,4525
ba681dbc-ea72-4685-ad98-c5ed496510e6,e26da28a-b9c3-41b8-b57f-87b289b38e08,a719a87c-4e93-4387-a6d1-2631a487f7e0,Ajdovščina,1788
9a14b0ec-f13a-46f0-8c4f-07d8b99241e2,b4634750-8d91-4625-b40d-1da9665e70f6,a719a87c-4e93-4387-a6d1-2631a487f7e0,Ajdovščina,275
219086ca-bdcb-4092-bd82-3d372b9b73ce,d2e3d9f5-0203-49a4-8ea1-455e2434a347,N/A,N/A,4525
8eeea585-6168-45b8-a5d4-336e61826043,f784b27a-1509-4eec-bd52-6beee2b9530b,c87db9be-1fba-4102-a743-0ee4317dd5af,Bavarski dvor,2903
17f7d178-41b3-41f9-a545-cbfc22a0a5f1,bbe542ee-a3f6-43cf-b23a-077c28b7d19a,717dda7e-d793-4697-8f60-b64ee8b1edc4,Gosposvetska,155
05bd4cbd-b014-4cfd-8ca9-3c82b0a59114,0b6960bb-2431-48c3-9e64-3cbf5c57ea96,a719a87c-4e93-4387-a6d1-2631a487f7e0,Ajdovščina,311
aaedd82f-0c53-425d-92cf-96e50bd20518,7ad774b6-172a-401b-b186-358aa2d560a2,48b163cd-b819-4849-aee1-8b1da77657ab,Šentvid,1723
4d216485-ef41-45e7-9182-0c254644955c,3d8122ff-0840-4811-a5ad-c4702fc70269,f33b721f-a8a3-4aad-96f2-077da09ebaa6,Razstavišče,659
48b163cd-b819-4849-aee1-8b1da77657ab,1f4702d4-6b02-4ad3-aa9b-118ff9aa3474,717dda7e-d793-4697-8f60-b64ee8b1edc4,Gosposvetska,218
d9224caa-d582-4152-88e0-be720677fe16,45b36327-9a1a-4cd5-8261-53217326b22f,N/A,N/A,4525
2e6c059c-0305-47bb-9ca8-00a2123039e9,8598b85d-3e1d-4767-b72f-0c209038841f,8c7fa045-888b-46d0-8189-6f82623bf481,Poljanska,911
0c5f69a6-97c7-4053-bc0b-3f09dbf72f46,fb7704f0-d31e-4561-83e4-621a8c62654b,5d7f28a6-2a2a-4333-aa06-48edfb652f86,Pošta,1187
6340ea93-391e-45b9-94b0-56d1d7c87e20,163da3ae-0ab9-480e-b72d-16357e0a9061,1b3ddeca-a066-43ee-9ae5-8339628129c2,Žale,1133
aa3ce006-1975-496a-abc6-a98ec5e87652,69bc9f1c-507f-463c-ba5a-04500b319967,295616c0-387b-4f60-a337-7743cd6be04e,Bavarski dvor,186
e78f256e-7218-4263-87b9-255bd90c9f49,392949a1-1ada-4196-9073-6f392638ca49,c87db9be-1fba-4102-a743-0ee4317dd5af,Bavarski dvor,408
c31b32c6-1ec2-48e9-9929-356fd0253540,1e2641bc-b0b2-448e-8ad2-e52891fa4c5f,N/A,N/A,4525
3d2f3af0-3b48-4019-a861-ee4fff761a24,a33e6b1f-de56-43aa-9a52-f7064636ab79,c87db9be-1fba-4102-a743-0ee4317dd5af,Bavarski dvor,574
6d344016-1b93-4ff7-80a8-8cde0b57bd1c,4038e02e-f22f-4af0-ba4f-7aab855b53af,c87db9be-1fba-4102-a743-0ee4317dd5af,Bavarski dvor,494
dc7b6fb3-15db-4c7e-9fa1-424943178ce6,ab624858-605d-48c6-a660-d54c2e037a91,N/A,N/A,4525
44e58cea-6c90-467f-baf2-22ac161daafb,81b6f6ad-6dd6-4e3f-a0bd-754a65a3e57b,fef200e9-4d98-425b-ab14-8110e2aa85d7,Drama,4075
24df120e-0d0c-4353-8dda-c7ef0dc3dd5c,f5d8583f-6e9d-4996-b803-74bf3cd0b602,b59656a4-b6e7-4b87-977c-078c59088a50,Hajdrihova,2663
e0bcd677-6012-4c90-a884-44dffafdffec,4ed69cbb-d738-450c-be11-7d96cd50ee50,5d7f28a6-2a2a-4333-aa06-48edfb652f86,Pošta,909
39650ca1-d08c-4645-ac1a-6aed84eb45c5,f07c916c-6fc6-4acf-a334-0ab0d3c4f57f,fef200e9-4d98-425b-ab14-8110e2aa85d7,Drama,1000
7f510cd8-4742-4dcf-95c0-16cde39c2e26,1d62c3f1-903c-4350-a349-80c4573b3cdc,f14a6236-8af2-47bf-9270-432377662a63,Viadukt,529
d5d15a80-243b-49d7-a616-b3c3fb39e8af,698551c1-7bb2-4f7e-9701-23b7667e8594,c87db9be-1fba-4102-a743-0ee4317dd5af,Bavarski dvor,374
769b7bc7-4f95-4bb2-9c99-37ba8e8b4bd5,acd87210-4e04-49b4-884b-1fe11c453bf4,N/A,N/A,4525
91745353-dd19-49ee-beaf-332e546dcceb,ba846253-4c87-4120-8f1c-05a563bf3999,fef200e9-4d98-425b-ab14-8110e2aa85d7,Drama,116
c87db9be-1fba-4102-a743-0ee4317dd5af,0bb103e4-c4a6-4c4c-a13d-217ab4e6dfd3,769b7bc7-4f95-4bb2-9c99-37ba8e8b4bd5,D. MOST P+R,2642
d867fec1-5147-43db-b004-08d2797f50e3,7b41ca8e-2e41-4572-aa5c-1d80375e8835,88cdd36c-03d2-4374-a22f-110dd9f75ea0,Kajuhova,1169
923bd774-0651-4e0a-8624-3acfb7ecd5ff,f14a6236-8af2-47bf-9270-432377662a63,717dda7e-d793-4697-8f60-b64ee8b1edc4,Gosposvetska,104
4f21a18a-3cb0-4c6c-bb92-e7c8945fac1c,5f6cb902-b824-4961-9ac2-75cf44a47055,f33b721f-a8a3-4aad-96f2-077da09ebaa6,Razstavišče,1134
52e5d1c1-28c9-4ed2-b0ec-5bf7311be753,ef91fd44-5651-4fd4-b6f8-619fdef9da7b,c87db9be-1fba-4102-a743-0ee4317dd5af,Bavarski dvor,2632
6932c2e0-ff32-4170-b519-fba88e29c147,30e58784-86f6-4d93-8630-3cc3fc93c6f3,N/A,N/A,4525
ccccee29-6fc7-4a86-b492-7f36a8e817db,e9035f9a-28be-450a-a30c-7178134ff26b,N/A,N/A,4525
13d6dac7-dc00-416e-a8c0-0d6967e4014e,dadea785-0c6b-4054-9882-37227de3df4b,fef200e9-4d98-425b-ab14-8110e2aa85d7,Drama,1629
e1e80207-5c23-47c0-a63a-121003b22807,0be237aa-4b91-4d2b-ac23-0cebac975a0d,8c7fa045-888b-46d0-8189-6f82623bf481,Poljanska,2058
d08c4884-9764-447f-9b79-0ef7a645222f,4ab506fa-0fcd-431b-ace7-19ffa5f0576a,c87db9be-1fba-4102-a743-0ee4317dd5af,Bavarski dvor,20
52e5d1c1-28c9-4ed2-b0ec-5bf7311be753,461045f0-a82c-45c0-af66-71b25f3f0e1a,b59656a4-b6e7-4b87-977c-078c59088a50,Hajdrihova,170
1c0c01ee-6258-4328-9d01-489eb421a8d9,f33b721f-a8a3-4aad-96f2-077da09ebaa6,b59656a4-b6e7-4b87-977c-078c59088a50,Hajdrihova,2523
0a4b6359-22f0-4caa-b4a8-f4edb97a0825,eee4abae-e720-4776-b6c7-0099d0119246,609f0950-bb8c-4eaf-a931-8575b8aff1ac,Savske stolpnice,2674
ba59baf4-dd00-40a5-80e7-3eee6b9d8b09,5881f75e-9383-49b0-811d-04c864ba1605,f4cfd904-bd11-4247-95df-32c4555a930f,Klinični center,945
1c214818-5471-4d2a-a7b2-33464ffacdad,c8f784f8-ce92-4773-8d90-c6bed3513ce0,N/A,N/A,4525
b60d686c-3b89-447c-93f6-2837d9af3d02,548a85bd-f15f-427b-ad90-43cb50e9e31a,f4cfd904-bd11-4247-95df-32c4555a930f,Klinični center,9
94c6598b-7303-42e1-94d5-156d7a25f630,cbf8e64b-fd0d-48ec-8fb1-03b298cc13b3,609f0950-bb8c-4eaf-a931-8575b8aff1ac,Savske stolpnice,238
b56664c0-1dc1-42c5-b10b-52c3fb0dd042,ca575a45-9c95-4348-9245-8c75f70130b3,N/A,N/A,4525
c5527a65-5265-43de-b703-7c7d494d190c,e0c253d0-1de7-4add-ac75-8b16151fa462,9cfac7e2-9653-4e52-a6d3-27756d27f817,Kino Šiška,1398
4d216485-ef41-45e7-9182-0c254644955c,dc7b6fb3-15db-4c7e-9fa1-424943178ce6,295616c0-387b-4f60-a337-7743cd6be04e,Bavarski dvor,1201
d06c6c8a-c136-4b7a-9c13-b26ba0c04029,d9df365b-7e54-4d22-b2e9-3b548d48ad59,c5ec5e81-2ce4-452d-bd7a-595de4f8b34f,Prušnikova,1300
acedfed0-a3ba-4fa3-8cd6-910783961f0a,a769d1e9-8727-4190-b56c-5cdd8a49333d,be5fb719-eda2-4831-90c6-249248ea22dd,ČRNUČE,118
d6ae97e7-23b5-48d6-a9fa-2a2624e9f434,a2947722-2e6f-48dd-9c31-ff36356676fa,a719a87c-4e93-4387-a6d1-2631a487f7e0,Ajdovščina,1102
65e92ecc-800d-4962-a8bc-0f50f1107a5b,9e109242-5aad-4fb7-b0c8-576eef8aa4e0,c87db9be-1fba-4102-a743-0ee4317dd5af,Bavarski dvor,949
1308dcf9-a9e1-4e54-95c9-0f2afaac889b,45bff76d-bb00-455b-aa12-7ea49ad9a4f0,c87db9be-1fba-4102-a743-0ee4317dd5af,Bavarski dvor,1551
ea9d5fa9-af5a-4d39-96fd-626415048511,eec159d0-4b1b-4706-9a5d-a00ddcbea9f5,9cfac7e2-9653-4e52-a6d3-27756d27f817,Kino Šiška,515
94712446-2421-4304-b4f1-3b3f82998713,271db19a-744b-41a0-869d-0c3e0e2cb6bf,295616c0-387b-4f60-a337-7743cd6be04e,Bavarski dvor,3642
9276fcfb-0f7e-4df3-b827-325600851526,6c56976b-4ae1-429f-bcab-0cfc37e3580d,6182f8e8-c45e-4606-b4a4-d909bd44d2cc,Gornji trg,676
bbfc6d44-94da-4cfd-b22a-368a2b11ce20,44e58cea-6c90-467f-baf2-22ac161daafb,7fa32ea0-e884-435a-a81c-51bbd5cedf3e,Zaloška,543
3429cda2-6047-453c-bf54-952dfa6674c0,91fb6c6e-49cf-49d3-97d4-6ae228f9bfa1,7eb88e01-82e9-4af4-84d0-69c6ea9dc82c,Kolodvor,3850
81b6f6ad-6dd6-4e3f-a0bd-754a65a3e57b,9b9d2948-7538-409c-9bfc-42c0b74c41a8,a719a87c-4e93-4387-a6d1-2631a487f7e0,Ajdovščina,2600
813b7c8c-5236-405a-bb0d-092a5d93c2a6,69bc9f1c-507f-463c-ba5a-04500b319967,717dda7e-d793-4697-8f60-b64ee8b1edc4,Gosposvetska,10
cf6f67f5-f7df-4462-828b-481134217fad,4c277b3f-c427-404b-ace3-2cd51656318f,fef200e9-4d98-425b-ab14-8110e2aa85d7,Drama,552
0b90d258-764d-4c06-aab0-7074dbd54182,86303165-4af4-4fcd-b0f9-43ed865454f4,6a89c110-a0f8-4b1a-87f0-33f49c0a658e,Šola Jarše,195
6bd46cb7-9e5d-453a-878a-bcc38fb2a5f2,fd0e405e-d5e5-45fc-8911-e48a178ad4a9,f33b721f-a8a3-4aad-96f2-077da09ebaa6,Razstavišče,393
f784b27a-1509-4eec-bd52-6beee2b9530b,219086ca-bdcb-4092-bd82-3d372b9b73ce,717dda7e-d793-4697-8f60-b64ee8b1edc4,Gosposvetska,2330
7b822496-7ea4-4ce8-b78c-1d021c68a9ed,b5e26d7f-8a91-4360-9811-2e8e05d27382,7fad8003-fb10-489d-bf8d-6d433310ad90,Nove Jarše,3042
d5d15a80-243b-49d7-a616-b3c3fb39e8af,6559d555-672b-4633-8a81-0ae68fb963eb,c87db9be-1fba-4102-a743-0ee4317dd5af,Bavarski dvor,702
1ce1c3a8-e0f6-4f90-b1aa-1448759d8b3c,36c4949b-403b-4a76-87e3-d67f51d655ef,N/A,N/A,4525
0be237aa-4b91-4d2b-ac23-0cebac975a0d,a719a87c-4e93-4387-a6d1-2631a487f7e0,fef200e9-4d98-425b-ab14-8110e2aa85d7,Drama,770
cf5259af-d324-497e-b508-84fe92961eb1,edc8bf1d-d4f1-4c5b-8112-e4fa71a02bae,N/A,N/A,4525
4e8ccfa1-b58c-4ee1-ad82-2e8a645071f3,f528b363-1484-456c-835b-1e08dc31ef8e,f4cfd904-bd11-4247-95df-32c4555a930f,Klinični center,1019
ca8cbe57-95dc-4326-9c06-b60a87b981b1,a12cff7f-91e5-4f1e-be40-1a9b34ae792a,a719a87c-4e93-4387-a6d1-2631a487f7e0,Ajdovščina,669
117abbb4-5575-4020-aac4-2048f8d34b50,9ab2717b-1396-4885-bb5b-9857d7195d0d,c87db9be-1fba-4102-a743-0ee4317dd5af,Bavarski dvor,3093
2cde6efe-5f53-44aa-8018-76f0ea2c86f8,29589594-5959-4efb-8dda-7348e4e500a0,f33b721f-a8a3-4aad-96f2-077da09ebaa6,Razstavišče,660
97788808-915f-4405-b54e-7ec5f95f7330,c87db9be-1fba-4102-a743-0ee4317dd5af,5d7f28a6-2a2a-4333-aa06-48edfb652f86,Pošta,967
cad3370f-7a28-4a47-8d5a-187adab3ca21,d4fd9934-5253-4ab8-a779-3e9e2a30c5b7,N/A,N/A,4525
bea9f247-4e88-4d7c-9387-8cd9342acb8c,67d66d40-e8ba-4bc0-a9cf-814dce3ccbea,8c7fa045-888b-46d0-8189-6f82623bf481,Poljanska,323
2628ca4f-8797-4672-aca9-47b325c58aac,a0e0a21b-b8ce-4d76-bbc2-04e179367fee,295616c0-387b-4f60-a337-7743cd6be04e,Bavarski dvor,565
51dbf10f-cf3b-4575-a8cc-d1080c1f9dde,5c246f67-4431-4968-8d64-2ae4b823e360,f33b721f-a8a3-4aad-96f2-077da09ebaa6,Razstavišče,772
59d96e2c-3ee3-4581-840a-3ddaf0003743,d9f26e1a-77fc-48b0-a024-93fd38eb88a4,6a89c110-a0f8-4b1a-87f0-33f49c0a658e,Šola Jarše,50
093afa81-b65f-4182-bac3-afbc00558a9b,4d2fc228-0628-4897-8d77-3e71d500d36d,c22879e5-8e90-4540-9a74-5f139208e492,Friškovec,3090
befe0e87-b5fe-41ff-9a77-f65461eff28d,5de84f88-3f32-4636-8c30-03cc267ecf37,c87db9be-1fba-4102-a743-0ee4317dd5af,Bavarski dvor,4228
595ee2ab-3022-469d-a3e1-0c87d7dfb14d,a0b1fb90-3f6a-4231-910a-18be192ac762,6a89c110-a0f8-4b1a-87f0-33f49c0a658e,Šola Jarše,579
156a6f62-9a67-4cf0-ad56-85a343c77cd2,4c08e174-6890-4c5d-9eec-15686971f909,N/A,N/A,4525
8561e9fb-03e0-46f1-802d-b376d26a8ea5,67c3adc1-a92d-4528-91ee-77d8b52574c6,9a1c4c65-df77-481f-87ad-56143f02a864,Vižmarje,882
0c6d0a32-5673-45fa-9d50-04d8039cbda1,43e01b7e-be2c-4282-be1b-9f628ca67327,5d7f28a6-2a2a-4333-aa06-48edfb652f86,Pošta,3077
3866c761-7fa4-4a4a-b913-75569da498d9,c32ef99a-6752-47fe-94eb-a5134c7110af,295616c0-387b-4f60-a337-7743cd6be04e,Bavarski dvor,1375
783196f2-97cd-4265-bb9a-b13aa8bb6a0b,f088dbda-3ab0-43c5-bcdf-c727725c05be,fef200e9-4d98-425b-ab14-8110e2aa85d7,Drama,1301
e7789f42-0ad7-44d1-974b-42a3f4957291,9e0942f3-2c18-4891-9b51-9d95cc43af7a,f33b721f-a8a3-4aad-96f2-077da09ebaa6,Razstavišče,343
48c9ec48-2b87-4945-a077-808839f98e74,824255dc-9be8-4f7b-9b69-2bd4e5a3fc27,2f874852-bc80-4ff3-b6bf-a914e31251c8,Savske stolpnice,1114
aaedd82f-0c53-425d-92cf-96e50bd20518,62b17644-b4a6-412f-9e03-79bbaf339717,769b7bc7-4f95-4bb2-9c99-37ba8e8b4bd5,D. MOST P+R,1022
34ead609-4331-48ab-8e82-52dd70da9832,0614b134-0950-4f6b-bc8f-fb73a0881bc1,b59656a4-b6e7-4b87-977c-078c59088a50,Hajdrihova,184
6edebb46-d04f-45c4-99a4-100f7f0b2660,79325942-629a-4766-a34a-525f8edf8cc5,a719a87c-4e93-4387-a6d1-2631a487f7e0,Ajdovščina,118
6bd46cb7-9e5d-453a-878a-bcc38fb2a5f2,a112e799-e1b6-4dd2-b652-bd521dda7638,484b5c91-1220-43ba-af79-84e712fcc46b,Slovenija avto,1455
53c3c8c9-2e64-4a8f-9afb-031b24c17d5a,65a6b01d-c9cf-4d4e-930c-5562156d7375,5d7f28a6-2a2a-4333-aa06-48edfb652f86,Pošta,456
fdff5f9c-6c02-4fc1-a004-7032b17fa37a,022ef61f-a226-42e8-b11d-30cf9f9a6688,8598b85d-3e1d-4767-b72f-0c209038841f,Štepanja vas,1550
fb662324-f307-452f-9b00-0275dadfd382,a769d1e9-8727-4190-b56c-5cdd8a49333d,6a89c110-a0f8-4b1a-87f0-33f49c0a658e,Šola Jarše,332
53c3c8c9-2e64-4a8f-9afb-031b24c17d5a,fb7704f0-d31e-4561-83e4-621a8c62654b,a719a87c-4e93-4387-a6d1-2631a487f7e0,Ajdovščina,1205
c568fe2e-477f-4af2-ad68-cb8111f361d0,845b482b-dba1-4313-a476-e772691689cf,769b7bc7-4f95-4bb2-9c99-37ba8e8b4bd5,D. MOST P+R,2392
1ceecd12-b005-4828-ad39-8f2aeb1ca228,cddb3822-7daf-4cae-9cc3-6b191e81326b,295616c0-387b-4f60-a337-7743cd6be04e,Bavarski dvor,1437
e333d90d-3eef-4d82-9e00-ebe693e2f389,28248670-5e08-4de2-8eab-e63933c0d61d,7c149b59-2bc6-45cb-95c8-69e18a0db627,Rusjanov trg,4091
476b2caa-710a-47fe-9743-4d75d7ada5fb,459f82d2-cbe4-414b-b66b-0b794ea958ed,c87db9be-1fba-4102-a743-0ee4317dd5af,Bavarski dvor,3884
f07c916c-6fc6-4acf-a334-0ab0d3c4f57f,55f1ae46-11e5-4270-991f-f09dae6c58bf,fef200e9-4d98-425b-ab14-8110e2aa85d7,Drama,1277
ea80411c-360d-4a33-861c-6533a1d67eef,311a0b74-0787-484b-b414-8adf1cd4cf58,c22879e5-8e90-4540-9a74-5f139208e492,Friškovec,2195
1dc99fbb-5496-4aab-a4b6-32e653ccc789,aaedd82f-0c53-425d-92cf-96e50bd20518,N/A,N/A,4525
100da88e-4c5f-4188-bd11-d4f3fc80fb74,b589ddd3-5a31-4fe1-915f-44347b4c0a1a,b59656a4-b6e7-4b87-977c-078c59088a50,Hajdrihova,228
1e157c31-d34d-4c2e-91b4-8c000c88f6dd,1ceecd12-b005-4828-ad39-8f2aeb1ca228,fef200e9-4d98-425b-ab14-8110e2aa85d7,Drama,1284
2b223d0c-f8ec-4970-815c-bfe26c3ffc09,cdee8be6-e02c-4fb5-9752-be1bac08d90d,fef200e9-4d98-425b-ab14-8110e2aa85d7,Drama,211
ef91fd44-5651-4fd4-b6f8-619fdef9da7b,ff1f708c-989e-4cc5-8e75-02717b5f9744,769b7bc7-4f95-4bb2-9c99-37ba8e8b4bd5,D. MOST P+R,1801
bc66f88b-1412-44cb-b921-030d27335261,fb662324-f307-452f-9b00-0275dadfd382,5d7f28a6-2a2a-4333-aa06-48edfb652f86,Pošta,2749
91b76764-87af-4b90-89dd-60f0046f7cc0,efecc3aa-ae68-4374-bc24-334280abcf3f,295616c0-387b-4f60-a337-7743cd6be04e,Bavarski dvor,359
69f98a9c-d52d-423a-b44e-89b6320a7a88,7d579a55-27bc-49d0-a124-a5ed6233c55a,fef200e9-4d98-425b-ab14-8110e2aa85d7,Drama,369
87415b6b-7e7f-4b82-b78f-ef1a7db85282,87415b6b-7e7f-4b82-b78f-ef1a7db85282,9b4a7d21-709f-4462-b602-c77d975df9e7,Pri Dogonivar,1
fbd1dfb0-4a6f-4160-ad52-5ccb69530195,6672b8cb-e56d-420a-a5e7-fc86e8aa3647,N/A,N/A,4525
66943a7c-28b4-40a6-a996-21aa0b968435,ff8f71b7-06fe-47fe-8238-9af5ee1b1dfd,f33b721f-a8a3-4aad-96f2-077da09ebaa6,Razstavišče,1221
79325942-629a-4766-a34a-525f8edf8cc5,bfcba499-ce46-41b0-8268-966d74eccb20,2ec182e2-769f-427f-b9b5-c4118890cb96,Stožice,275
c8e0086c-0cef-4375-a471-72f3ae1e34fc,d17294f3-5b6c-4313-9243-3f38557967cf,21764d19-62cc-49fd-bac9-403aeac6a6b9,Ježica,348
609f0950-bb8c-4eaf-a931-8575b8aff1ac,61926b26-d777-483f-ae79-86766c48793b,c87db9be-1fba-4102-a743-0ee4317dd5af,Bavarski dvor,3182
ee095f27-439e-42e7-9e5c-e77b0903c31f,245bb1a4-ea6e-45b4-8331-b50983655326,a719a87c-4e93-4387-a6d1-2631a487f7e0,Ajdovščina,700
ee837fd9-7a5c-4f14-bbd7-a46f14eb07c5,ecc4ae87-ae08-4b94-995c-452fdd94df7f,f2b27cbd-5207-4281-8f67-6369d0c50a9b,Kodrova,741
c8e0086c-0cef-4375-a471-72f3ae1e34fc,53ec687a-6f0c-4bb7-b1b4-606e7dcfada9,5d7f28a6-2a2a-4333-aa06-48edfb652f86,Pošta,682
dadea785-0c6b-4054-9882-37227de3df4b,786a15d4-dd6b-42bb-a5c9-6ce994b5be9e,fef200e9-4d98-425b-ab14-8110e2aa85d7,Drama,865
da623aed-094d-4c3c-9766-9f0aba0f40f6,cd5497dc-20a4-40b3-9adf-b380de5d9f16,223f660b-c391-4120-bf3c-7bf06781686b,Tovorni kolodvor,2224
ef31a8be-b01d-44cd-95cf-3db8e918af26,55e3f615-be6c-43f4-9858-e199862771a4,a2ce7e6f-0f99-443a-a973-81a0b9c60261,Astra,1473
8f623f1d-48a7-46b5-9331-28a8dc980876,af820908-f71f-4c46-82c2-e7616f9c21fb,fef200e9-4d98-425b-ab14-8110e2aa85d7,Drama,3517
cdabf1ea-b04c-480a-8359-72c46e6864ab,093afa81-b65f-4182-bac3-afbc00558a9b,484b5c91-1220-43ba-af79-84e712fcc46b,Slovenija avto,582
93928408-7b36-41f9-9b62-fec53e14b4e2,bc19ad1c-00fc-47f1-926e-ddeb12f686ba,c87db9be-1fba-4102-a743-0ee4317dd5af,Bavarski dvor,3670
1cc5f00f-c982-4016-8553-40a3da4f36ad,a2ce7e6f-0f99-443a-a973-81a0b9c60261,f33b721f-a8a3-4aad-96f2-077da09ebaa6,Razstavišče,392
cee2862b-9b70-4880-8fa3-16c6d2efae1b,d9224caa-d582-4152-88e0-be720677fe16,295616c0-387b-4f60-a337-7743cd6be04e,Bavarski dvor,1221
91745353-dd19-49ee-beaf-332e546dcceb,4ac86a6a-874d-41a7-92a5-64ed733b7734,6182f8e8-c45e-4606-b4a4-d909bd44d2cc,Gornji trg,1410
fb662324-f307-452f-9b00-0275dadfd382,6cc5af3b-67ea-47f3-9e8a-10946c32b906,N/A,N/A,4525
111b2cdc-67ca-47bc-a8eb-8a4c6a0674d9,98fa3880-5936-4ec8-ba04-39c7ff9a0e6a,c87db9be-1fba-4102-a743-0ee4317dd5af,Bavarski dvor,3397
c1606675-dd38-4952-914b-6ca64fd56b7b,78ef8af0-fd16-46b8-a5de-8d24b99638c8,5d7f28a6-2a2a-4333-aa06-48edfb652f86,Pošta,1263
9afb36ea-c2ae-4bbb-9644-3a6c65bb1c7d,d5961b09-f5e8-4a0b-9bbb-2515ff0a8376,5d7f28a6-2a2a-4333-aa06-48edfb652f86,Pošta,1971
8a182298-1db3-4251-9cdb-a86efe72b8a7,f07c916c-6fc6-4acf-a334-0ab0d3c4f57f,5d7f28a6-2a2a-4333-aa06-48edfb652f86,Pošta,791
4b847ac2-4c41-4fc1-a497-9ce4deaab8b1,6a89c110-a0f8-4b1a-87f0-33f49c0a658e,a719a87c-4e93-4387-a6d1-2631a487f7e0,Ajdovščina,760
66943a7c-28b4-40a6-a996-21aa0b968435,95732ece-1658-4e11-9b5f-b6ae5552e638,484b5c91-1220-43ba-af79-84e712fcc46b,Slovenija avto,1275
e468b92f-fa4a-4819-bb11-37761deaf4ca,f528b363-1484-456c-835b-1e08dc31ef8e,a719a87c-4e93-4387-a6d1-2631a487f7e0,Ajdovščina,1779
21764d19-62cc-49fd-bac9-403aeac6a6b9,1eadcdb9-60cd-47c9-8eec-527c3465a685,5d7f28a6-2a2a-4333-aa06-48edfb652f86,Pošta,2027
a0e0a21b-b8ce-4d76-bbc2-04e179367fee,f5dc05ab-b5cf-4f25-a85b-f346876311cb,717dda7e-d793-4697-8f60-b64ee8b1edc4,Gosposvetska,1563
294c40c4-18e4-4d92-a947-911a8623de89,30131bc3-a0f7-4cfc-9e4d-552b325c0ba7,a719a87c-4e93-4387-a6d1-2631a487f7e0,Ajdovščina,327
1308dcf9-a9e1-4e54-95c9-0f2afaac889b,fcccf4af-4f16-4edc-ba5a-585c434593fe,6bd46cb7-9e5d-453a-878a-bcc38fb2a5f2,Sava,143
51dbf10f-cf3b-4575-a8cc-d1080c1f9dde,1a3351a1-563e-4174-b402-54bc0e2f5191,769b7bc7-4f95-4bb2-9c99-37ba8e8b4bd5,D. MOST P+R,56
8a5febd6-d44a-4c98-a221-46044548663d,ab0d4ded-a428-4133-a6c8-0f2caac0a5ae,a719a87c-4e93-4387-a6d1-2631a487f7e0,Ajdovščina,1428
bb1ac8b9-5cb2-49f2-8d5c-d7fe4afdd5dd,e3321752-4498-4da3-801c-d54920b22eba,N/A,N/A,4525
c2827897-b9fe-4bfc-b4ed-880f11a2359e,12618339-2c2d-49ec-b0e0-2517c11991f8,fef200e9-4d98-425b-ab14-8110e2aa85d7,Drama,637
16d19639-a788-4df6-a168-6f8c3652ded7,1c8efa00-4587-4efc-a10d-794e9d885857,N/A,N/A,4525
824255dc-9be8-4f7b-9b69-2bd4e5a3fc27,f15ddf31-fc11-41ba-988d-376c83e38f58,295616c0-387b-4f60-a337-7743cd6be04e,Bavarski dvor,591
8598b85d-3e1d-4767-b72f-0c209038841f,9cd1e7f8-8ccf-4469-bc25-25d138605c67,N/A,N/A,4525
67c3adc1-a92d-4528-91ee-77d8b52574c6,40fcc1b9-2c42-4db8-bd48-d431efc8a3fd,8598b85d-3e1d-4767-b72f-0c209038841f,Štepanja vas,1415
5c9baa4c-9ee0-4263-be22-72f5a73c714d,7bcbdcaa-00b9-47d4-8982-09da26cd7bcb,c87db9be-1fba-4102-a743-0ee4317dd5af,Bavarski dvor,1573
8f56b058-1ae3-44f5-8600-4330f2264d78,595ee2ab-3022-469d-a3e1-0c87d7dfb14d,454817d3-3750-49c7-994c-14d06fd2c634,Žale,2315
3fbf6322-fb74-4a50-a81a-bfca73abc26b,2e62f411-936d-4a10-96ed-2d8fe95d6d65,b59656a4-b6e7-4b87-977c-078c59088a50,Hajdrihova,194
1df1835b-cfd3-40e7-9466-9c9d43642bed,02e96186-e90a-4171-8869-082486f7da1d,N/A,N/A,4525
7276f267-9837-4c56-aad3-f8cd555060da,6324e337-5778-492a-9e9c-57e3ad5c4710,484b5c91-1220-43ba-af79-84e712fcc46b,Slovenija avto,198
659ee31d-ae12-4498-8507-28579d322e32,fcec9e7a-1c9e-4214-96dd-d071550349e6,7eb88e01-82e9-4af4-84d0-69c6ea9dc82c,Kolodvor,744
43df2657-d56f-4fc4-8c40-49180cbbe90c,b2dd8b3a-3710-4f07-b735-4bd183bfaade,c22879e5-8e90-4540-9a74-5f139208e492,Friškovec,3456
3f0c15b3-99bd-4c12-8f7a-df06c9536526,dfde6478-02b5-471b-a470-29cb0e84542f,a2ce7e6f-0f99-443a-a973-81a0b9c60261,Astra,3329
fcfe6ac9-74b3-4c13-96b7-6041f1454813,454817d3-3750-49c7-994c-14d06fd2c634,c87db9be-1fba-4102-a743-0ee4317dd5af,Bavarski dvor,1845
eb165f50-9c43-4b09-9658-469a16d3dc83,ba846253-4c87-4120-8f1c-05a563bf3999,717dda7e-d793-4697-8f60-b64ee8b1edc4,Gosposvetska,155
2388ce1f-c947-42d7-97f3-e01a7254c933,7eb88e01-82e9-4af4-84d0-69c6ea9dc82c,N/A,N/A,4525
6340ea93-391e-45b9-94b0-56d1d7c87e20,783196f2-97cd-4265-bb9a-b13aa8bb6a0b,484b5c91-1220-43ba-af79-84e712fcc46b,Slovenija avto,2357
d3283222-38a9-40e2-a485-180d1a33067c,eb43a68a-54a5-4a37-b090-1329e2b4d830,5d7f28a6-2a2a-4333-aa06-48edfb652f86,Pošta,1993
754e8f1f-a5ba-4281-8f31-fb3357744cd2,45754ca7-bffd-4bcf-96df-952e59574dde,295616c0-387b-4f60-a337-7743cd6be04e,Bavarski dvor,819
e90a68ac-02be-418f-8937-b9f1906274f2,1cc5f00f-c982-4016-8553-40a3da4f36ad,N/A,N/A,4525
8dde1a7b-e3ec-4675-8409-2a2c4ae696c7,3c6ebf90-c611-4535-b2b0-22fba3f7649a,b59656a4-b6e7-4b87-977c-078c59088a50,Hajdrihova,1142
392949a1-1ada-4196-9073-6f392638ca49,34ead609-4331-48ab-8e82-52dd70da9832,a719a87c-4e93-4387-a6d1-2631a487f7e0,Ajdovščina,442
36c4949b-403b-4a76-87e3-d67f51d655ef,c5ec5e81-2ce4-452d-bd7a-595de4f8b34f,769b7bc7-4f95-4bb2-9c99-37ba8e8b4bd5,D. MOST P+R,3302
0b6c7b97-410c-48fa-be23-430c316f9b10,10449641-799e-4ee4-a712-a6e3a9aefc27,1ce1c3a8-e0f6-4f90-b1aa-1448759d8b3c,Astra,443
a112e799-e1b6-4dd2-b652-bd521dda7638,dfde6478-02b5-471b-a470-29cb0e84542f,fef200e9-4d98-425b-ab14-8110e2aa85d7,Drama,1394
484b5c91-1220-43ba-af79-84e712fcc46b,1536cb2e-acd3-49cb-8f06-bb8cd40c0c02,295616c0-387b-4f60-a337-7743cd6be04e,Bavarski dvor,339
9ab2717b-1396-4885-bb5b-9857d7195d0d,21fba303-9465-42e6-8942-eaff85a2b40c,48b163cd-b819-4849-aee1-8b1da77657ab,Šentvid,249
3d2f3af0-3b48-4019-a861-ee4fff761a24,fac22b83-1bc0-4c12-8533-485b115409ef,48b163cd-b819-4849-aee1-8b1da77657ab,Šentvid,821
cbf8e64b-fd0d-48ec-8fb1-03b298cc13b3,c2827897-b9fe-4bfc-b4ed-880f11a2359e,c8e0086c-0cef-4375-a471-72f3ae1e34fc,Strelišče,497
b4ffcb65-e60f-478d-806b-e7ae83f1a39d,259de009-1345-4169-920b-baeaceade993,fef200e9-4d98-425b-ab14-8110e2aa85d7,Drama,221
cdee8be6-e02c-4fb5-9752-be1bac08d90d,53ec687a-6f0c-4bb7-b1b4-606e7dcfada9,a0e0a21b-b8ce-4d76-bbc2-04e179367fee,Šola Jarše,1184
9c57d59a-53f8-4a16-b279-2ab1745ea230,1df1835b-cfd3-40e7-9466-9c9d43642bed,295616c0-387b-4f60-a337-7743cd6be04e,Bavarski dvor,1203
43e01b7e-be2c-4282-be1b-9f628ca67327,5d7f28a6-2a2a-4333-aa06-48edfb652f86,295616c0-387b-4f60-a337-7743cd6be04e,Bavarski dvor,1101
ee7e3c65-72e8-465e-a9a3-a9370ec1f314,16d19639-a788-4df6-a168-6f8c3652ded7,295616c0-387b-4f60-a337-7743cd6be04e,Bavarski dvor,2722
0be53afd-2427-49b2-b70c-2ee3d89e9762,ed50f692-09f9-409e-b7d6-05ff7711de6b,fef200e9-4d98-425b-ab14-8110e2aa85d7,Drama,80
d8ff7b2c-baf6-4a1a-97c5-0871b823caab,0ff94f7b-275b-4cc4-bb27-e00842f5ad87,N/A,N/A,4525
61f19c68-2d5e-4d76-bdd4-28709a347b5b,783196f2-97cd-4265-bb9a-b13aa8bb6a0b,295616c0-387b-4f60-a337-7743cd6be04e,Bavarski dvor,2445
25ad5579-f6a0-4f35-a0c9-0678b41e9dde,53806659-b339-4e68-af4a-4325c16b6026,c22879e5-8e90-4540-9a74-5f139208e492,Friškovec,705
3d8122ff-0840-4811-a5ad-c4702fc70269,30131bc3-a0f7-4cfc-9e4d-552b325c0ba7,4038e02e-f22f-4af0-ba4f-7aab855b53af,Kneza Koclja,2980
b91edda3-a147-4599-bebf-85e145de085b,df63651e-45ab-4487-9429-9e604415b35c,c87db9be-1fba-4102-a743-0ee4317dd5af,Bavarski dvor,329
9143c575-806f-4ba0-81bc-8199f0b0b4d0,91fb6c6e-49cf-49d3-97d4-6ae228f9bfa1,N/A,N/A,4525
5de6ff80-1352-43df-b5ec-1df59f2f492b,9bd3ee10-bc61-44e8-8cf3-a37cffd54da0,98fa3880-5936-4ec8-ba04-39c7ff9a0e6a,Stara cerkev,621
6324e337-5778-492a-9e9c-57e3ad5c4710,bc19ad1c-00fc-47f1-926e-ddeb12f686ba,295616c0-387b-4f60-a337-7743cd6be04e,Bavarski dvor,267
c8f784f8-ce92-4773-8d90-c6bed3513ce0,61f19c68-2d5e-4d76-bdd4-28709a347b5b,N/A,N/A,4525
154f3596-bbbb-4038-9ad7-c4b8b5288a02,1b0f629f-acdb-4e94-8c54-018f4334ebf7,b59656a4-b6e7-4b87-977c-078c59088a50,Hajdrihova,1184
41489be9-b3b7-4cbe-90f8-af1a435b2676,e0f10330-ad34-453d-baf4-d6c601cb6cf8,717dda7e-d793-4697-8f60-b64ee8b1edc4,Gosposvetska,66
76f20fbf-afc4-4c7d-b51c-14f0878b38d8,af2956ba-d922-4ec4-bfa7-b623c29e8b3e,48b163cd-b819-4849-aee1-8b1da77657ab,Šentvid,1637
76ec8af8-07c2-4d44-b0d8-a439d381913f,c0fb12dd-8cab-40da-a3aa-e8de9c6d09ed,5de84f88-3f32-4636-8c30-03cc267ecf37,Podvozna pot,790
e73c7113-cb4a-4cd5-8df9-ffc5fd86590a,e3b51371-e289-45ef-83ca-1f4ffff25162,fef200e9-4d98-425b-ab14-8110e2aa85d7,Drama,1192
311a0b74-0787-484b-b414-8adf1cd4cf58,223f660b-c391-4120-bf3c-7bf06781686b,1dc99fbb-5496-4aab-a4b6-32e653ccc789,Center Zalog,2416
1df1835b-cfd3-40e7-9466-9c9d43642bed,d08c4884-9764-447f-9b79-0ef7a645222f,eb165f50-9c43-4b09-9658-469a16d3dc83,Kodeljevo,431
60d91c8b-d5a9-4ef4-927c-e241bc31f81a,524d67dd-fbb0-4f6a-9199-f095123044ab,484b5c91-1220-43ba-af79-84e712fcc46b,Slovenija avto,2910
1e157c31-d34d-4c2e-91b4-8c000c88f6dd,4e8ccfa1-b58c-4ee1-ad82-2e8a645071f3,a719a87c-4e93-4387-a6d1-2631a487f7e0,Ajdovščina,3226
98a94a2a-894f-4ff0-9967-1dd986bf0cfd,f1bc11ca-7516-447a-b826-7051c5306af7,023d7b7a-b411-4e61-8746-b07f9e5c8f90,Ambrožev trg,3215
8a182298-1db3-4251-9cdb-a86efe72b8a7,8589e5d1-21b4-4210-ad7a-4bf91f9a715d,5d7f28a6-2a2a-4333-aa06-48edfb652f86,Pošta,1277
4a90e424-11ab-43a8-b7e9-1c4f42fe2b7c,219086ca-bdcb-4092-bd82-3d372b9b73ce,9a1c4c65-df77-481f-87ad-56143f02a864,Vižmarje,96
dba19980-8ca1-4847-b9b5-8cd419374ae2,7bcbdcaa-00b9-47d4-8982-09da26cd7bcb,N/A,N/A,4525
1f207e67-adf9-4da6-b107-3b58051d9990,dfd33168-046e-49af-9428-b9394f98667c,6bd46cb7-9e5d-453a-878a-bcc38fb2a5f2,Sava,71
1f207e67-adf9-4da6-b107-3b58051d9990,9e0942f3-2c18-4891-9b51-9d95cc43af7a,484b5c91-1220-43ba-af79-84e712fcc46b,Slovenija avto,958
d4d4230a-5247-4071-baa4-463321d9d934,1cc5f00f-c982-4016-8553-40a3da4f36ad,5d7f28a6-2a2a-4333-aa06-48edfb652f86,Pošta,457
010c271e-49ca-45a5-91ac-8ba8d41ee7f3,3c6ebf90-c611-4535-b2b0-22fba3f7649a,f33b721f-a8a3-4aad-96f2-077da09ebaa6,Razstavišče,1661
91b76764-87af-4b90-89dd-60f0046f7cc0,34afe7f1-2d09-487f-983f-19c7dd5dae82,295616c0-387b-4f60-a337-7743cd6be04e,Bavarski dvor,672
3f0c15b3-99bd-4c12-8f7a-df06c9536526,6afef238-01cd-4ad0-859d-2056b5d4a63f,f14a6236-8af2-47bf-9270-432377662a63,Viadukt,883
c32ef99a-6752-47fe-94eb-a5134c7110af,d9f26e1a-77fc-48b0-a024-93fd38eb88a4,454817d3-3750-49c7-994c-14d06fd2c634,Žale,2728
02c61e3f-2d2e-4b42-b695-bbd3cc672f6b,6672b8cb-e56d-420a-a5e7-fc86e8aa3647,N/A,N/A,4525
ae3f312a-4242-4a42-8df2-5990505a7747,7d1d9e60-8a7d-4e50-86e5-f3a42a99d837,N/A,N/A,4525
807c11ba-4b3a-4e2b-82b5-abf5864fa4bc,4afd573d-abb7-4209-9b28-5c34811eb3ef,f33b721f-a8a3-4aad-96f2-077da09ebaa6,Razstavišče,431
15af3c66-ad74-4f41-92f7-92e2ff72a51d,f2fc2702-e9da-4c36-b6fc-9f52199e4574,fef200e9-4d98-425b-ab14-8110e2aa85d7,Drama,2204
c20233f2-94bc-4c21-9d2a-9b129b668487,f0661242-947b-4937-a9ce-d2a135cd62a7,5d7f28a6-2a2a-4333-aa06-48edfb652f86,Pošta,386
717dda7e-d793-4697-8f60-b64ee8b1edc4,b2cf1f2c-3c77-4a23-891f-3cdbcda92f19,f33b721f-a8a3-4aad-96f2-077da09ebaa6,Razstavišče,1328
5b2cb528-ba33-461a-aee5-54e2ed8c3758,bd1a0fbd-1593-4552-a76f-681c59333d6b,N/A,N/A,4525
dd57f39b-be0f-479e-bc35-5bd2edf98ff2,30131bc3-a0f7-4cfc-9e4d-552b325c0ba7,a719a87c-4e93-4387-a6d1-2631a487f7e0,Ajdovščina,2112
ee7e3c65-72e8-465e-a9a3-a9370ec1f314,59d96e2c-3ee3-4581-840a-3ddaf0003743,f4cfd904-bd11-4247-95df-32c4555a930f,Klinični center,1203
32abc648-685c-47b0-bbc4-203371ec2699,e2d3c37e-a7df-458e-9e5a-ea33ccf4c11b,f33b721f-a8a3-4aad-96f2-077da09ebaa6,Razstavišče,872
4a74b966-4fbf-41ab-8e1b-276f3f14fc49,717c914e-f928-4671-95f6-26c1ddb95799,717dda7e-d793-4697-8f60-b64ee8b1edc4,Gosposvetska,4120
995cbd67-507b-4c32-b794-0ff48e0a3de9,f4c5028b-48a4-4d0e-a91c-81a858923ddd,5d7f28a6-2a2a-4333-aa06-48edfb652f86,Pošta,3089
5a2def68-fa57-4002-a942-e39bc2a87688,7b822496-7ea4-4ce8-b78c-1d021c68a9ed,fef200e9-4d98-425b-ab14-8110e2aa85d7,Drama,880
659ee31d-ae12-4498-8507-28579d322e32,bbe542ee-a3f6-43cf-b23a-077c28b7d19a,5d7f28a6-2a2a-4333-aa06-48edfb652f86,Pošta,1471
e9089f7d-853e-4375-8ecb-0db96fcc60e6,c124f317-217b-4b89-9597-393843de4f81,fef200e9-4d98-425b-ab14-8110e2aa85d7,Drama,317
70c51140-f3ee-4c89-a6e2-ed74dab89148,041e08cc-b1bd-4f2c-aa4e-a9aaf2837a28,f33b721f-a8a3-4aad-96f2-077da09ebaa6,Razstavišče,1222
f1bc11ca-7516-447a-b826-7051c5306af7,1b0f629f-acdb-4e94-8c54-018f4334ebf7,f33b721f-a8a3-4aad-96f2-077da09ebaa6,Razstavišče,1456
8589e5d1-21b4-4210-ad7a-4bf91f9a715d,d50b2bdb-481b-4e58-ada6-47a028fc6382,f4cfd904-bd11-4247-95df-32c4555a930f,Klinični center,334
d0790612-d161-4be4-953d-a7a0c33acf1e,96d4c75b-6452-4c70-a31e-c234262ba38b,c87db9be-1fba-4102-a743-0ee4317dd5af,Bavarski dvor,2665
461045f0-a82c-45c0-af66-71b25f3f0e1a,0dc86a8f-0f41-44c7-978c-e06cb63cbbcf,1dc99fbb-5496-4aab-a4b6-32e653ccc789,Center Zalog,447
b5273abc-dfeb-49a2-9607-249bf6415e4b,e4635b94-348c-4c69-be85-1160488e5e43,21764d19-62cc-49fd-bac9-403aeac6a6b9,Ježica,290
28248670-5e08-4de2-8eab-e63933c0d61d,4b847ac2-4c41-4fc1-a497-9ce4deaab8b1,c8e0086c-0cef-4375-a471-72f3ae1e34fc,Strelišče,1521
d9df1ba3-6820-4fcb-b561-9cb7a60dd463,36c4949b-403b-4a76-87e3-d67f51d655ef,a2ce7e6f-0f99-443a-a973-81a0b9c60261,Astra,4446
c71e1e0c-780a-4d46-8b33-09aebbbcfcd8,4ac86a6a-874d-41a7-92a5-64ed733b7734,cdabf1ea-b04c-480a-8359-72c46e6864ab,Bežigrad,4414
912792ae-7f7e-4295-8064-38ea96a5dc4a,1c0c01ee-6258-4328-9d01-489eb421a8d9,N/A,N/A,4525
69f98a9c-d52d-423a-b44e-89b6320a7a88,c6dd10bd-c21f-4a0c-9c7d-99e488a173d4,295616c0-387b-4f60-a337-7743cd6be04e,Bavarski dvor,1155
f14a6236-8af2-47bf-9270-432377662a63,ef3024a8-1d7f-4cf5-ad3b-74528eaa9c51,a719a87c-4e93-4387-a6d1-2631a487f7e0,Ajdovščina,171
5a2def68-fa57-4002-a942-e39bc2a87688,9c3d9f7c-69df-4a48-8f1a-d25e7a922ac3,fef200e9-4d98-425b-ab14-8110e2aa85d7,Drama,2014
f5d8583f-6e9d-4996-b803-74bf3cd0b602,ba0f81e5-dfec-49bb-8d6b-d52618338640,fef200e9-4d98-425b-ab14-8110e2aa85d7,Drama,75
8375ab17-e389-42b2-9b88-0210a049e321,557f714a-6f4a-4c98-8c5a-d74fa34b2adb,5d7f28a6-2a2a-4333-aa06-48edfb652f86,Pošta,691
889e3719-7d29-4888-b690-5a1531d2930e,f14a6236-8af2-47bf-9270-432377662a63,c87db9be-1fba-4102-a743-0ee4317dd5af,Bavarski dvor,1150
a378ce5e-57ce-4c52-b219-568674b5cd5e,7f45fe9c-917a-4571-9a74-9e940cd84f3c,fef200e9-4d98-425b-ab14-8110e2aa85d7,Drama,2990
ba846253-4c87-4120-8f1c-05a563bf3999,0b4a072e-6c2d-4c71-ab80-2b7142df81de,a2ce7e6f-0f99-443a-a973-81a0b9c60261,Astra,94
5c15a390-36b6-47a9-9d84-0c7160157c1d,da623aed-094d-4c3c-9766-9f0aba0f40f6,c87db9be-1fba-4102-a743-0ee4317dd5af,Bavarski dvor,1774
15c71406-72b5-4681-8b1a-29eb30eb3f76,45bff76d-bb00-455b-aa12-7ea49ad9a4f0,a719a87c-4e93-4387-a6d1-2631a487f7e0,Ajdovščina,429
6edebb46-d04f-45c4-99a4-100f7f0b2660,a4545f57-dab0-4ca0-9da3-5bc96d80f104,023d7b7a-b411-4e61-8746-b07f9e5c8f90,Ambrožev trg,2913
5881f75e-9383-49b0-811d-04c864ba1605,eee355cc-98a1-4f25-8bf9-0100856eda6e,7fa32ea0-e884-435a-a81c-51bbd5cedf3e,Zaloška,335
45bff76d-bb00-455b-aa12-7ea49ad9a4f0,2628ca4f-8797-4672-aca9-47b325c58aac,9cfac7e2-9653-4e52-a6d3-27756d27f817,Kino Šiška,2747
ec88f05d-3035-4f09-8560-72571bc0b125,e7789f42-0ad7-44d1-974b-42a3f4957291,b59656a4-b6e7-4b87-977c-078c59088a50,Hajdrihova,514
3203d037-a222-4092-8dd6-e8dfcd49a2c9,c6c83930-96af-4cbe-93bf-072a618502a4,a719a87c-4e93-4387-a6d1-2631a487f7e0,Ajdovščina,1807
31e6db90-ba65-4c49-90c0-317fb92596b3,1c0c01ee-6258-4328-9d01-489eb421a8d9,fef200e9-4d98-425b-ab14-8110e2aa85d7,Drama,2024
16578e36-c682-4083-bd29-4973445dc0fe,37fc313d-1f45-49c9-9059-4f96f44a6682,eb165f50-9c43-4b09-9658-469a16d3dc83,Kodeljevo,249
15eaf9b9-db6d-4586-9ad2-5bfa99719bfd,abc9fd26-5442-468b-93b6-4d5eb76d0f1f,f33b721f-a8a3-4aad-96f2-077da09ebaa6,Razstavišče,258
5be3b187-5735-4444-bee7-0665f60e6c83,79325942-629a-4766-a34a-525f8edf8cc5,c87db9be-1fba-4102-a743-0ee4317dd5af,Bavarski dvor,1972
041e08cc-b1bd-4f2c-aa4e-a9aaf2837a28,5a06b853-39a7-479d-ac40-fafa659fd896,a719a87c-4e93-4387-a6d1-2631a487f7e0,Ajdovščina,2371
b91edda3-a147-4599-bebf-85e145de085b,505865ea-cdea-4042-bdb2-b2f4f03889cb,aa42017d-812a-4175-bc9b-0fec03b18931,Ambrožev trg,441
91b76764-87af-4b90-89dd-60f0046f7cc0,58cd6196-8ac4-4803-be8b-1c0d2fb52528,c87db9be-1fba-4102-a743-0ee4317dd5af,Bavarski dvor,118
1eadcdb9-60cd-47c9-8eec-527c3465a685,dc7b6fb3-15db-4c7e-9fa1-424943178ce6,a719a87c-4e93-4387-a6d1-2631a487f7e0,Ajdovščina,532
5f2b93f1-7933-45ed-915c-4488ab8d81b7,65a6b01d-c9cf-4d4e-930c-5562156d7375,a0b1fb90-3f6a-4231-910a-18be192ac762,Flajšmanova,3258
08f2fb98-afdf-4961-b419-1bca7f5568ab,28248670-5e08-4de2-8eab-e63933c0d61d,a0b1fb90-3f6a-4231-910a-18be192ac762,Flajšmanova,779
c1606675-dd38-4952-914b-6ca64fd56b7b,d98335a0-1291-4d4c-be62-16b11c356575,717dda7e-d793-4697-8f60-b64ee8b1edc4,Gosposvetska,339
07bad99d-070a-42f7-8766-d11d42152623,0eca6015-5429-4289-a76c-4ec9ef707e67,a719a87c-4e93-4387-a6d1-2631a487f7e0,Ajdovščina,1649
c568fe2e-477f-4af2-ad68-cb8111f361d0,b59656a4-b6e7-4b87-977c-078c59088a50,c22879e5-8e90-4540-9a74-5f139208e492,Friškovec,138
32abc648-685c-47b0-bbc4-203371ec2699,98a75a4c-0ef8-4efa-8f0a-384fe8eafce0,b59656a4-b6e7-4b87-977c-078c59088a50,Hajdrihova,254
f9d70942-e517-4560-8655-99481edd2b95,b5273abc-dfeb-49a2-9607-249bf6415e4b,a719a87c-4e93-4387-a6d1-2631a487f7e0,Ajdovščina,2654
2188a1bc-ce7a-4450-bd4f-871538578244,1a1ee974-5091-4fa7-96a2-0c2508892aa3,f14a6236-8af2-47bf-9270-432377662a63,Viadukt,1344
e9089f7d-853e-4375-8ecb-0db96fcc60e6,15eaf9b9-db6d-4586-9ad2-5bfa99719bfd,c87db9be-1fba-4102-a743-0ee4317dd5af,Bavarski dvor,2324
7411cd45-83d2-40e6-89f6-5a0995e409cb,8dde1a7b-e3ec-4675-8409-2a2c4ae696c7,N/A,N/A,4525
16578e36-c682-4083-bd29-4973445dc0fe,7fcb0952-c77f-44b5-adf3-0aa2a2b8550a,f33b721f-a8a3-4aad-96f2-077da09ebaa6,Razstavišče,2128
6324e337-5778-492a-9e9c-57e3ad5c4710,3febe187-31d6-4229-be07-78ff782ca972,295616c0-387b-4f60-a337-7743cd6be04e,Bavarski dvor,184
d4d4230a-5247-4071-baa4-463321d9d934,5c246f67-4431-4968-8d64-2ae4b823e360,48b163cd-b819-4849-aee1-8b1da77657ab,Šentvid,339
77c4dfcc-1122-4896-9983-8a5bd11320de,59ee5f7d-476b-4958-a922-2040a9308f3b,86a75ffc-a78f-401f-8991-2eb0371417b2,Studenec,4019
8512e1be-4637-483b-a3e6-78ccc6d2c5b1,a33e6b1f-de56-43aa-9a52-f7064636ab79,b59656a4-b6e7-4b87-977c-078c59088a50,Hajdrihova,94
bf990a3a-96e9-42b7-9147-33e85bd24c05,48c9ec48-2b87-4945-a077-808839f98e74,295616c0-387b-4f60-a337-7743cd6be04e,Bavarski dvor,3532
121b30dc-065b-4c76-aad2-a54a85c74d4d,ba0f81e5-dfec-49bb-8d6b-d52618338640,5d7f28a6-2a2a-4333-aa06-48edfb652f86,Pošta,51
42bcfbad-96b8-4ce2-96f3-07694e1bcfe2,3a50f545-2fe2-45a0-8ed6-01635603efed,N/A,N/A,4525
1536cb2e-acd3-49cb-8f06-bb8cd40c0c02,2188a1bc-ce7a-4450-bd4f-871538578244,484b5c91-1220-43ba-af79-84e712fcc46b,Slovenija avto,600
7276f267-9837-4c56-aad3-f8cd555060da,47637057-8d6a-4cf9-bd56-3ac90748fcc4,fef200e9-4d98-425b-ab14-8110e2aa85d7,Drama,1447
7bcbdcaa-00b9-47d4-8982-09da26cd7bcb,595ee2ab-3022-469d-a3e1-0c87d7dfb14d,f14a6236-8af2-47bf-9270-432377662a63,Viadukt,1977
f2920a77-6c6c-494d-96b7-2a8caf8f374f,92928953-a289-4a44-a653-b7b6b4f5e1c2,c87db9be-1fba-4102-a743-0ee4317dd5af,Bavarski dvor,1931
223f660b-c391-4120-bf3c-7bf06781686b,7fad8003-fb10-489d-bf8d-6d433310ad90,6a89c110-a0f8-4b1a-87f0-33f49c0a658e,Šola Jarše,2191
815a2c5e-19a1-41b0-bca4-69dca8912326,94c6598b-7303-42e1-94d5-156d7a25f630,484b5c91-1220-43ba-af79-84e712fcc46b,Slovenija avto,731
5c8bdb89-116a-4d5d-9db1-9be443070380,98fa3880-5936-4ec8-ba04-39c7ff9a0e6a,7fa32ea0-e884-435a-a81c-51bbd5cedf3e,Zaloška,1045
47a3bd8a-72ae-4e20-b43f-10bfaf49012c,f66a1f18-4c18-4317-b929-fb616cc7cebc,484b5c91-1220-43ba-af79-84e712fcc46b,Slovenija avto,4409
30c30bf5-75c4-4dc0-995f-4679ef54d37c,97d3e896-2af7-40f9-bfbf-59cf3fcbf93a,N/A,N/A,4525
5bc3addd-b076-4c60-b850-39f90e674b75,ff1f708c-989e-4cc5-8e75-02717b5f9744,f33b721f-a8a3-4aad-96f2-077da09ebaa6,Razstavišče,1667
a26d9a94-effb-45ab-a27f-74076e9e5bdd,f0661242-947b-4937-a9ce-d2a135cd62a7,295616c0-387b-4f60-a337-7743cd6be04e,Bavarski dvor,1048
eba0daca-3696-4f72-a1dd-5f7b5fd02a63,7fcb0952-c77f-44b5-adf3-0aa2a2b8550a,N/A,N/A,4525
5ddf10c0-90a5-4dbf-992c-23c0505674aa,3febe187-31d6-4229-be07-78ff782ca972,c87db9be-1fba-4102-a743-0ee4317dd5af,Bavarski dvor,161
b56664c0-1dc1-42c5-b10b-52c3fb0dd042,754e8f1f-a5ba-4281-8f31-fb3357744cd2,fef200e9-4d98-425b-ab14-8110e2aa85d7,Drama,958
daf172e0-4dd9-4d5b-8287-67ad2034bced,aa844493-50b0-4b91-b331-f4297d2ae6a8,f33b721f-a8a3-4aad-96f2-077da09ebaa6,Razstavišče,1473
ad8a76cf-4386-44b3-9156-490c502e4bc4,592b37eb-8255-4758-ae8a-7cef98521013,N/A,N/A,4525
aa9cc3b9-7c6c-4e45-b91a-1e0494fbf15e,dd57f39b-be0f-479e-bc35-5bd2edf98ff2,7fa32ea0-e884-435a-a81c-51bbd5cedf3e,Zaloška,2049
1df1835b-cfd3-40e7-9466-9c9d43642bed,4ca7ae7e-380b-45e3-81de-00ffab5bb531,f14a6236-8af2-47bf-9270-432377662a63,Viadukt,3557
785ad018-d0fe-4628-b188-15f6dc71b38e,48e907fd-e868-47cd-8cac-74c7d4582944,e6f5183b-c615-4f47-b4fb-204ee070e825,Bežigrad,712
daf172e0-4dd9-4d5b-8287-67ad2034bced,d5961b09-f5e8-4a0b-9bbb-2515ff0a8376,N/A,N/A,4525
da9650a3-6ec7-4cdb-95f2-a68851587dfc,bd001f58-6e58-49e9-877f-1fa36964fbc2,484b5c91-1220-43ba-af79-84e712fcc46b,Slovenija avto,493
6bc92f4c-414c-456b-9150-d58a7689d26e,2388ce1f-c947-42d7-97f3-e01a7254c933,N/A,N/A,4525
a41f5786-6b70-4224-bcde-e6fbaac4c21b,c93954aa-7aad-4fca-9f7a-721d37f0474e,7bcbdcaa-00b9-47d4-8982-09da26cd7bcb,Zaloška,1216
010c271e-49ca-45a5-91ac-8ba8d41ee7f3,930fed8f-1d4d-40c6-9a3b-53697263a0f2,717dda7e-d793-4697-8f60-b64ee8b1edc4,Gosposvetska,2683
c8f784f8-ce92-4773-8d90-c6bed3513ce0,8d5e4aed-59fb-47c9-8559-5bf11b7ddca0,N/A,N/A,4525
6c56976b-4ae1-429f-bcab-0cfc37e3580d,edc8bf1d-d4f1-4c5b-8112-e4fa71a02bae,c87db9be-1fba-4102-a743-0ee4317dd5af,Bavarski dvor,3249
e73c7113-cb4a-4cd5-8df9-ffc5fd86590a,4d2fc228-0628-4897-8d77-3e71d500d36d,295616c0-387b-4f60-a337-7743cd6be04e,Bavarski dvor,52
d08c4884-9764-447f-9b79-0ef7a645222f,785ad018-d0fe-4628-b188-15f6dc71b38e,5d7f28a6-2a2a-4333-aa06-48edfb652f86,Pošta,4073
404f8444-540d-4d82-a355-30a6a8bec797,3edd6057-3847-4c42-b8ec-6e89ff95793a,c87db9be-1fba-4102-a743-0ee4317dd5af,Bavarski dvor,1290
77c4dfcc-1122-4896-9983-8a5bd11320de,a2947722-2e6f-48dd-9c31-ff36356676fa,f4cfd904-bd11-4247-95df-32c4555a930f,Klinični center,180
79d89180-8b07-4127-b7b4-1ac03d1cee9f,595ee2ab-3022-469d-a3e1-0c87d7dfb14d,9b0074d2-2c92-4c01-830b-00be8e05b412,Cukrarna,2327
d3a6cbf3-65f0-4db8-9a10-1460763eac8e,0dc86a8f-0f41-44c7-978c-e06cb63cbbcf,6182f8e8-c45e-4606-b4a4-d909bd44d2cc,Gornji trg,90
c8f784f8-ce92-4773-8d90-c6bed3513ce0,1ef524bd-2bf3-4c47-add3-044374897443,N/A,N/A,4525
b4b7f450-4397-42d2-9d1e-39f786eecc2e,c3188d8e-c2d3-40e5-acc2-14bef70a5ff4,9b0074d2-2c92-4c01-830b-00be8e05b412,Cukrarna,1473
099976aa-17cc-45d3-add4-267985ab1533,86303165-4af4-4fcd-b0f9-43ed865454f4,fef200e9-4d98-425b-ab14-8110e2aa85d7,Drama,569
ab4e1412-1ac4-4864-8833-c1ddf48bec20,4a95f1f8-a457-4dcf-bd1f-6307d4300ea0,295616c0-387b-4f60-a337-7743cd6be04e,Bavarski dvor,741
35aedf45-cca3-4f2f-931b-138d29d20fe9,91b76764-87af-4b90-89dd-60f0046f7cc0,c87db9be-1fba-4102-a743-0ee4317dd5af,Bavarski dvor,850
fb662324-f307-452f-9b00-0275dadfd382,ab4e1412-1ac4-4864-8833-c1ddf48bec20,b59656a4-b6e7-4b87-977c-078c59088a50,Hajdrihova,480
9845a6f7-ba79-4f3d-b6ae-969651ef6001,f496ecc3-28fe-4361-9da8-428bbf3bd672,454817d3-3750-49c7-994c-14d06fd2c634,Žale,2916
5293859e-2ea2-4ad3-9781-884672606464,813b7c8c-5236-405a-bb0d-092a5d93c2a6,f14a6236-8af2-47bf-9270-432377662a63,Viadukt,703
a7af0c5d-2297-40e2-a6e0-506f6aadba0a,f1b7471e-db71-49da-846d-1232cb3e8f8f,b59656a4-b6e7-4b87-977c-078c59088a50,Hajdrihova,3218
cc9cbd94-6da7-41ff-a728-cfd4b47dfcc0,0c3a77a7-d9eb-45c7-b722-1fafde29129c,484b5c91-1220-43ba-af79-84e712fcc46b,Slovenija avto,493
66943a7c-28b4-40a6-a996-21aa0b968435,0a4b6359-22f0-4caa-b4a8-f4edb97a0825,a719a87c-4e93-4387-a6d1-2631a487f7e0,Ajdovščina,267
dd57f39b-be0f-479e-bc35-5bd2edf98ff2,a7094427-e180-4deb-acaf-5d4488326e9e,c87db9be-1fba-4102-a743-0ee4317dd5af,Bavarski dvor,174
c2827897-b9fe-4bfc-b4ed-880f11a2359e,363564a6-9938-4bf5-8928-1cd191e9c2ef,a2ce7e6f-0f99-443a-a973-81a0b9c60261,Astra,3594
01d1f388-d915-4e9f-bc3d-4432a73a216e,bc19ad1c-00fc-47f1-926e-ddeb12f686ba,a0b1fb90-3f6a-4231-910a-18be192ac762,Flajšmanova,2878
d7384760-d854-492d-87af-f342cab37fc1,524d67dd-fbb0-4f6a-9199-f095123044ab,a719a87c-4e93-4387-a6d1-2631a487f7e0,Ajdovščina,1780
100da88e-4c5f-4188-bd11-d4f3fc80fb74,48e907fd-e868-47cd-8cac-74c7d4582944,f33b721f-a8a3-4aad-96f2-077da09ebaa6,Razstavišče,1254
c71e1e0c-780a-4d46-8b33-09aebbbcfcd8,c93954aa-7aad-4fca-9f7a-721d37f0474e,fef200e9-4d98-425b-ab14-8110e2aa85d7,Drama,907
1035c6f7-304e-4329-a3b2-4eb5d985a577,70c51140-f3ee-4c89-a6e2-ed74dab89148,295616c0-387b-4f60-a337-7743cd6be04e,Bavarski dvor,2671
459f82d2-cbe4-414b-b66b-0b794ea958ed,bff8345d-1b72-4b41-8b8d-cb8a5483a2e4,295616c0-387b-4f60-a337-7743cd6be04e,Bavarski dvor,3137
c0fb12dd-8cab-40da-a3aa-e8de9c6d09ed,87415b6b-7e7f-4b82-b78f-ef1a7db85282,6182f8e8-c45e-4606-b4a4-d909bd44d2cc,Gornji trg,809
da9650a3-6ec7-4cdb-95f2-a68851587dfc,d2f9bbec-4b03-49a8-af83-afe65fe07a0e,5d7f28a6-2a2a-4333-aa06-48edfb652f86,Pošta,1470
59ee5f7d-476b-4958-a922-2040a9308f3b,bfcba499-ce46-41b0-8268-966d74eccb20,b59656a4-b6e7-4b87-977c-078c59088a50,Hajdrihova,1320
548a85bd-f15f-427b-ad90-43cb50e9e31a,e8b0d4a2-f65e-4aed-97b8-77ab0d07955a,a719a87c-4e93-4387-a6d1-2631a487f7e0,Ajdovščina,1086
1c0ae078-cca7-40c8-aeda-1187a12ddfee,923bd774-0651-4e0a-8624-3acfb7ecd5ff,7fad8003-fb10-489d-bf8d-6d433310ad90,Nove Jarše,3222
95732ece-1658-4e11-9b5f-b6ae5552e638,88cdd36c-03d2-4374-a22f-110dd9f75ea0,5d7f28a6-2a2a-4333-aa06-48edfb652f86,Pošta,235
6932c2e0-ff32-4170-b519-fba88e29c147,1c0ae078-cca7-40c8-aeda-1187a12ddfee,c87db9be-1fba-4102-a743-0ee4317dd5af,Bavarski dvor,523
60ccc570-3714-410b-aa31-43d3a4c593c8,1b3d51e8-8b5e-4b31-a63e-9d665243c2f1,a2ce7e6f-0f99-443a-a973-81a0b9c60261,Astra,1136
8e7a488b-cd48-4243-92b0-42792d0e3bc1,ff1f708c-989e-4cc5-8e75-02717b5f9744,a719a87c-4e93-4387-a6d1-2631a487f7e0,Ajdovščina,1370
7bcbdcaa-00b9-47d4-8982-09da26cd7bcb,edf94a12-03e9-4225-b6cc-aca0edf588a7,a719a87c-4e93-4387-a6d1-2631a487f7e0,Ajdovščina,418
557f714a-6f4a-4c98-8c5a-d74fa34b2adb,dd57f39b-be0f-479e-bc35-5bd2edf98ff2,b59656a4-b6e7-4b87-977c-078c59088a50,Hajdrihova,1569
717dda7e-d793-4697-8f60-b64ee8b1edc4,f784b27a-1509-4eec-bd52-6beee2b9530b,c87db9be-1fba-4102-a743-0ee4317dd5af,Bavarski dvor,1312
0b4a072e-6c2d-4c71-ab80-2b7142df81de,fb0042f8-d9e2-4916-b60a-38a026acf0c9,a719a87c-4e93-4387-a6d1-2631a487f7e0,Ajdovščina,2689
9bb1ed3b-5a6f-43c7-afaf-ba2b60ca1a7a,cee2862b-9b70-4880-8fa3-16c6d2efae1b,a719a87c-4e93-4387-a6d1-2631a487f7e0,Ajdovščina,2954
8677848c-55dd-4af4-b275-3074a3ff4846,06e4802d-2c96-4556-bd95-35e0a2bb030c,N/A,N/A,4525
c6c83930-96af-4cbe-93bf-072a618502a4,7484317c-269f-425f-8118-23eedab4e5f1,a719a87c-4e93-4387-a6d1-2631a487f7e0,Ajdovščina,623
fcc58ff5-bf0b-44ce-b12b-75ecc493f24d,53c3c8c9-2e64-4a8f-9afb-031b24c17d5a,a719a87c-4e93-4387-a6d1-2631a487f7e0,Ajdovščina,1814
5fa77d25-e7a3-42db-8cc9-52b612d5de19,595ee2ab-3022-469d-a3e1-0c87d7dfb14d,7fa32ea0-e884-435a-a81c-51bbd5cedf3e,Zaloška,156
3edd6057-3847-4c42-b8ec-6e89ff95793a,379bc761-04b5-4227-be76-3b870fe3e69f,a719a87c-4e93-4387-a6d1-2631a487f7e0,Ajdovščina,1221
fcccf4af-4f16-4edc-ba5a-585c434593fe,5d91512b-af7f-4bbe-9dde-17f402fbf590,1ce1c3a8-e0f6-4f90-b1aa-1448759d8b3c,Astra,4377
baab981f-b707-4b2e-8291-6175f7ceb255,1f02ab68-e4a0-4783-ae8a-39ccd679f2cc,b59656a4-b6e7-4b87-977c-078c59088a50,Hajdrihova,1502
c8f784f8-ce92-4773-8d90-c6bed3513ce0,e8b0d4a2-f65e-4aed-97b8-77ab0d07955a,N/A,N/A,4525
6d2a7c2e-5938-433e-a691-b9bc28767675,4a90e424-11ab-43a8-b7e9-1c4f42fe2b7c,769b7bc7-4f95-4bb2-9c99-37ba8e8b4bd5,D. MOST P+R,1861
5dcffe2a-1c73-4f7c-bdac-4084bb5201aa,b5273abc-dfeb-49a2-9607-249bf6415e4b,f33b721f-a8a3-4aad-96f2-077da09ebaa6,Razstavišče,637
08071ba1-570f-487b-9a36-01a046fb2788,a3aeed02-8e36-4cb0-bb08-25cc4afda164,fb0042f8-d9e2-4916-b60a-38a026acf0c9,Leskoškova,4435
7add6fa5-bfd5-4d9c-841b-d9856088ede9,bbfc6d44-94da-4cfd-b22a-368a2b11ce20,98fa3880-5936-4ec8-ba04-39c7ff9a0e6a,Stara cerkev,1640
bb1ac8b9-5cb2-49f2-8d5c-d7fe4afdd5dd,4afd573d-abb7-4209-9b28-5c34811eb3ef,3fbf6322-fb74-4a50-a81a-bfca73abc26b,Tacenski most,4128
db046e79-c658-433c-8812-157fd965a9f6,a7177a3d-8db2-43fb-8910-f95857f0ed97,N/A,N/A,4525
4d216485-ef41-45e7-9182-0c254644955c,d06c6c8a-c136-4b7a-9c13-b26ba0c04029,88cdd36c-03d2-4374-a22f-110dd9f75ea0,Kajuhova,264
d3a6cbf3-65f0-4db8-9a10-1460763eac8e,041e08cc-b1bd-4f2c-aa4e-a9aaf2837a28,ecc4ae87-ae08-4b94-995c-452fdd94df7f,Privoz,804
86303165-4af4-4fcd-b0f9-43ed865454f4,9b9d2948-7538-409c-9bfc-42c0b74c41a8,769b7bc7-4f95-4bb2-9c99-37ba8e8b4bd5,D. MOST P+R,29
2c87f988-902b-4b35-91da-5437a58759f5,627be449-8b6a-40f4-a57c-09ccdacccb66,717dda7e-d793-4697-8f60-b64ee8b1edc4,Gosposvetska,2671
7f510cd8-4742-4dcf-95c0-16cde39c2e26,b7b7ac00-59bb-41eb-833d-ad309d24e68a,fef200e9-4d98-425b-ab14-8110e2aa85d7,Drama,1540
4abe5e63-5707-4ef0-acda-ab2c52749afe,7add6fa5-bfd5-4d9c-841b-d9856088ede9,9cfac7e2-9653-4e52-a6d3-27756d27f817,Kino Šiška,527
9c57d59a-53f8-4a16-b279-2ab1745ea230,aa9cc3b9-7c6c-4e45-b91a-1e0494fbf15e,N/A,N/A,4525
717c914e-f928-4671-95f6-26c1ddb95799,f174a648-9e84-492d-9ccd-0756b49c773b,dfde6478-02b5-471b-a470-29cb0e84542f,Slovenija avto,2420
1b3ddeca-a066-43ee-9ae5-8339628129c2,d5102041-8282-4c77-a593-edac0d0d4a34,7fa32ea0-e884-435a-a81c-51bbd5cedf3e,Zaloška,158
fc3967fb-5520-4fff-a819-f625242182e5,7fcb0952-c77f-44b5-adf3-0aa2a2b8550a,a719a87c-4e93-4387-a6d1-2631a487f7e0,Ajdovščina,2872
64ea9f57-1f7f-465e-8721-55e26faee36a,f528b363-1484-456c-835b-1e08dc31ef8e,a719a87c-4e93-4387-a6d1-2631a487f7e0,Ajdovščina,173
1df1835b-cfd3-40e7-9466-9c9d43642bed,639551cf-fe23-4363-8ccd-655bc5d4119e,5d7f28a6-2a2a-4333-aa06-48edfb652f86,Pošta,3354
30cf2ed7-2cf0-4764-ab64-78206968d5ba,52e5adea-e194-4fc1-809c-1d6421f8f8db,484b5c91-1220-43ba-af79-84e712fcc46b,Slovenija avto,761
cecad767-51e5-4683-bf56-e6e342f8d1e0,45754ca7-bffd-4bcf-96df-952e59574dde,a719a87c-4e93-4387-a6d1-2631a487f7e0,Ajdovščina,1135
c0ff37c8-ac6c-4284-ad32-0ad29fd30dc2,3203d037-a222-4092-8dd6-e8dfcd49a2c9,5d7f28a6-2a2a-4333-aa06-48edfb652f86,Pošta,713
1536cb2e-acd3-49cb-8f06-bb8cd40c0c02,7a52a73a-cc0e-4c61-b9bc-306157727e1c,c87db9be-1fba-4102-a743-0ee4317dd5af,Bavarski dvor,1357
9cd1e7f8-8ccf-4469-bc25-25d138605c67,bb995fbb-29c8-4035-9503-ae33320833a8,a719a87c-4e93-4387-a6d1-2631a487f7e0,Ajdovščina,262
c0ff37c8-ac6c-4284-ad32-0ad29fd30dc2,b829062a-2644-4350-b998-74522d9e85d8,8c7fa045-888b-46d0-8189-6f82623bf481,Poljanska,510
7b41ca8e-2e41-4572-aa5c-1d80375e8835,d3283222-38a9-40e2-a485-180d1a33067c,fef200e9-4d98-425b-ab14-8110e2aa85d7,Drama,3386
1b27d65a-1008-4bc9-928e-f6cb43b03804,d2ff7ae5-59fc-4894-aa50-a7f16b5e3534,f33b721f-a8a3-4aad-96f2-077da09ebaa6,Razstavišče,1866
f2bac6f5-5bbc-4f15-acdd-014d86770ce9,47283e27-c588-411c-9303-30a6f0beeaef,f33b721f-a8a3-4aad-96f2-077da09ebaa6,Razstavišče,2455
69bc9f1c-507f-463c-ba5a-04500b319967,5f2b93f1-7933-45ed-915c-4488ab8d81b7,f4cfd904-bd11-4247-95df-32c4555a930f,Klinični center,54
eba0daca-3696-4f72-a1dd-5f7b5fd02a63,087e50b6-7677-4a85-802f-5694266fe38b,N/A,N/A,4525
9f01f25f-9a5b-459a-96da-222ef81faf51,80c65758-5f25-4003-8d55-10ff96fe8310,295616c0-387b-4f60-a337-7743cd6be04e,Bavarski dvor,1124
45303500-8b0e-4779-9abd-433b5f8b2838,e0bcd677-6012-4c90-a884-44dffafdffec,1ce1c3a8-e0f6-4f90-b1aa-1448759d8b3c,Astra,4524
815a2c5e-19a1-41b0-bca4-69dca8912326,d7d43617-ef41-4f9e-bbad-670d515d926a,a719a87c-4e93-4387-a6d1-2631a487f7e0,Ajdovščina,3167
fcc58ff5-bf0b-44ce-b12b-75ecc493f24d,d5961b09-f5e8-4a0b-9bbb-2515ff0a8376,f33b721f-a8a3-4aad-96f2-077da09ebaa6,Razstavišče,902
8441d439-8d1d-40b8-b3d5-7b9c56848b43,627be449-8b6a-40f4-a57c-09ccdacccb66,5de84f88-3f32-4636-8c30-03cc267ecf37,Podvozna pot,109
34ead609-4331-48ab-8e82-52dd70da9832,5a06b853-39a7-479d-ac40-fafa659fd896,6a89c110-a0f8-4b1a-87f0-33f49c0a658e,Šola Jarše,2716
d72032c7-d4b0-4eee-a87c-593985a42266,10d57057-b305-4b7a-806b-3373014db962,a719a87c-4e93-4387-a6d1-2631a487f7e0,Ajdovščina,1915
1e157c31-d34d-4c2e-91b4-8c000c88f6dd,eaad1ba5-14a4-494f-80ae-65294c29a962,a0b1fb90-3f6a-4231-910a-18be192ac762,Flajšmanova,1508
f1fd2bad-eba9-4046-a7b9-34e8d1d423f5,acd87210-4e04-49b4-884b-1fe11c453bf4,N/A,N/A,4525
ba2b16a8-1273-45d2-8758-47b9694df9a6,7ad25867-5c97-4f9f-9b1b-4966436f7fbf,5d7f28a6-2a2a-4333-aa06-48edfb652f86,Pošta,74
02c61e3f-2d2e-4b42-b695-bbd3cc672f6b,befe0e87-b5fe-41ff-9a77-f65461eff28d,fef200e9-4d98-425b-ab14-8110e2aa85d7,Drama,3771
fcc58ff5-bf0b-44ce-b12b-75ecc493f24d,f9d70942-e517-4560-8655-99481edd2b95,295616c0-387b-4f60-a337-7743cd6be04e,Bavarski dvor,1448
1505c6fe-6080-424e-98d1-24c312cfacf3,8fbf17ab-413b-442c-9c6a-0eb8873a4755,c22879e5-8e90-4540-9a74-5f139208e492,Friškovec,2943
9e109242-5aad-4fb7-b0c8-576eef8aa4e0,786a15d4-dd6b-42bb-a5c9-6ce994b5be9e,fef200e9-4d98-425b-ab14-8110e2aa85d7,Drama,1065
9a14b0ec-f13a-46f0-8c4f-07d8b99241e2,b7834e14-7e86-4df5-83ce-006c93c31c00,6bd46cb7-9e5d-453a-878a-bcc38fb2a5f2,Sava,1042
7a52a73a-cc0e-4c61-b9bc-306157727e1c,72e6ae6e-bd4b-4946-a032-7ff9b8b41039,717dda7e-d793-4697-8f60-b64ee8b1edc4,Gosposvetska,34
9a938b49-ce1d-4e1c-a789-e316630ebc4f,9cfac7e2-9653-4e52-a6d3-27756d27f817,fef200e9-4d98-425b-ab14-8110e2aa85d7,Drama,1364
f5d8583f-6e9d-4996-b803-74bf3cd0b602,fc3967fb-5520-4fff-a819-f625242182e5,7fa32ea0-e884-435a-a81c-51bbd5cedf3e,Zaloška,386
7b41ca8e-2e41-4572-aa5c-1d80375e8835,01d1f388-d915-4e9f-bc3d-4432a73a216e,ecc4ae87-ae08-4b94-995c-452fdd94df7f,Privoz,496
2cde6efe-5f53-44aa-8018-76f0ea2c86f8,fa96d420-d1af-4ad0-bf6a-4544deb1c5eb,717dda7e-d793-4697-8f60-b64ee8b1edc4,Gosposvetska,1108
b56664c0-1dc1-42c5-b10b-52c3fb0dd042,8589e5d1-21b4-4210-ad7a-4bf91f9a715d,a719a87c-4e93-4387-a6d1-2631a487f7e0,Ajdovščina,897
813b7c8c-5236-405a-bb0d-092a5d93c2a6,eb11d52f-300b-4648-a2e8-ed03db9ff7e2,N/A,N/A,4525
c9b2488c-cca9-4b84-83cb-638ef545c851,1c8efa00-4587-4efc-a10d-794e9d885857,N/A,N/A,4525
77dcd833-fa4d-4c5a-93b1-31284942e61d,15c71406-72b5-4681-8b1a-29eb30eb3f76,295616c0-387b-4f60-a337-7743cd6be04e,Bavarski dvor,798
754e8f1f-a5ba-4281-8f31-fb3357744cd2,f5e84751-7377-402c-974c-53276e422e70,b59656a4-b6e7-4b87-977c-078c59088a50,Hajdrihova,288
39b60288-c9ac-4bc2-825b-524dec52182d,5de6ff80-1352-43df-b5ec-1df59f2f492b,5d7f28a6-2a2a-4333-aa06-48edfb652f86,Pošta,309
ff74fc01-faf6-4a78-a782-d8365538e7de,9cfac7e2-9653-4e52-a6d3-27756d27f817,N/A,N/A,4525
e1e80207-5c23-47c0-a63a-121003b22807,abc9fd26-5442-468b-93b6-4d5eb76d0f1f,a0b1fb90-3f6a-4231-910a-18be192ac762,Flajšmanova,513
6a0b25cc-428e-47b5-831a-e89facfa7f26,bd1a0fbd-1593-4552-a76f-681c59333d6b,a719a87c-4e93-4387-a6d1-2631a487f7e0,Ajdovščina,2240
d4d4230a-5247-4071-baa4-463321d9d934,ccd8a655-468b-4728-a26d-7981bbdd7dec,cdabf1ea-b04c-480a-8359-72c46e6864ab,Bežigrad,763
245bb1a4-ea6e-45b4-8331-b50983655326,bbe542ee-a3f6-43cf-b23a-077c28b7d19a,484b5c91-1220-43ba-af79-84e712fcc46b,Slovenija avto,142
e2499103-6634-4d8e-87a8-68dc5ef6340c,fdff5f9c-6c02-4fc1-a004-7032b17fa37a,c87db9be-1fba-4102-a743-0ee4317dd5af,Bavarski dvor,787
aaedd82f-0c53-425d-92cf-96e50bd20518,dc7b6fb3-15db-4c7e-9fa1-424943178ce6,c87db9be-1fba-4102-a743-0ee4317dd5af,Bavarski dvor,134
52c437c8-73ae-4db5-ac31-8e7cf5104826,96d4c75b-6452-4c70-a31e-c234262ba38b,N/A,N/A,4525
a8a92762-af25-42a7-98dd-9846f8b33e09,815a2c5e-19a1-41b0-bca4-69dca8912326,N/A,N/A,4525
06348c07-2fb0-4dfb-a938-aaef614a7f68,298fea2e-c58b-4d99-9350-2420c718d2cc,769b7bc7-4f95-4bb2-9c99-37ba8e8b4bd5,D. MOST P+R,675
459f82d2-cbe4-414b-b66b-0b794ea958ed,15eaf9b9-db6d-4586-9ad2-5bfa99719bfd,a719a87c-4e93-4387-a6d1-2631a487f7e0,Ajdovščina,742
c22879e5-8e90-4540-9a74-5f139208e492,f4cfd904-bd11-4247-95df-32c4555a930f,769b7bc7-4f95-4bb2-9c99-37ba8e8b4bd5,D. MOST P+R,1555
2323bf9e-1a47-4409-b9c8-398a035c8d12,4b847ac2-4c41-4fc1-a497-9ce4deaab8b1,a719a87c-4e93-4387-a6d1-2631a487f7e0,Ajdovščina,297
156a6f62-9a67-4cf0-ad56-85a343c77cd2,e26da28a-b9c3-41b8-b57f-87b289b38e08,a719a87c-4e93-4387-a6d1-2631a487f7e0,Ajdovščina,3444
80c65758-5f25-4003-8d55-10ff96fe8310,4ed69cbb-d738-450c-be11-7d96cd50ee50,295616c0-387b-4f60-a337-7743cd6be04e,Bavarski dvor,1353
bc19ad1c-00fc-47f1-926e-ddeb12f686ba,2e62f411-936d-4a10-96ed-2d8fe95d6d65,c87db9be-1fba-4102-a743-0ee4317dd5af,Bavarski dvor,61
03375155-45fb-4565-b392-2349fcb199ea,0b6c7b97-410c-48fa-be23-430c316f9b10,c87db9be-1fba-4102-a743-0ee4317dd5af,Bavarski dvor,3460
b698a890-05b8-40f6-a3a6-4f4c0a820f97,aa113271-655f-423f-ad7e-4cfaba2eb739,N/A,N/A,4525
fcfe6ac9-74b3-4c13-96b7-6041f1454813,666e98e1-4a23-4204-a3e6-99110f8b3153,a2ce7e6f-0f99-443a-a973-81a0b9c60261,Astra,1459
dac8d2a7-89e4-4aec-948d-00db4833ce7c,88cdd36c-03d2-4374-a22f-110dd9f75ea0,6a89c110-a0f8-4b1a-87f0-33f49c0a658e,Šola Jarše,4177
bf990a3a-96e9-42b7-9147-33e85bd24c05,4a74b966-4fbf-41ab-8e1b-276f3f14fc49,c87db9be-1fba-4102-a743-0ee4317dd5af,Bavarski dvor,2049
35aedf45-cca3-4f2f-931b-138d29d20fe9,5560d06d-4058-473e-abba-099b05d7cf07,a719a87c-4e93-4387-a6d1-2631a487f7e0,Ajdovščina,1422
c3188d8e-c2d3-40e5-acc2-14bef70a5ff4,cdbafa76-fd1b-45e0-bbd6-d6c1c6a141f9,6c56976b-4ae1-429f-bcab-0cfc37e3580d,Zgornji log,980
7294875b-8482-484a-b04d-95b921612001,d2e3d9f5-0203-49a4-8ea1-455e2434a347,N/A,N/A,4525
1eadcdb9-60cd-47c9-8eec-527c3465a685,c969f066-aab5-466d-b4db-48e651a4a12e,484b5c91-1220-43ba-af79-84e712fcc46b,Slovenija avto,839
44e58cea-6c90-467f-baf2-22ac161daafb,91fb6c6e-49cf-49d3-97d4-6ae228f9bfa1,5d7f28a6-2a2a-4333-aa06-48edfb652f86,Pošta,630
8eeea585-6168-45b8-a5d4-336e61826043,106bdc28-f0fe-4f13-b4ad-6c6a630550b5,48b163cd-b819-4849-aee1-8b1da77657ab,Šentvid,320
223f660b-c391-4120-bf3c-7bf06781686b,d4c51b31-46fd-4da8-ba15-8068e666d483,a719a87c-4e93-4387-a6d1-2631a487f7e0,Ajdovščina,4276
e82569a6-73f3-4002-b7b5-0f83ee167535,44e58cea-6c90-467f-baf2-22ac161daafb,48507e1a-32df-4552-9448-3b345760b75f,Cesta na Vevče,1389
363e4763-df83-4814-99d2-879d448d5910,62b17644-b4a6-412f-9e03-79bbaf339717,48b163cd-b819-4849-aee1-8b1da77657ab,Šentvid,2259
e0bcd677-6012-4c90-a884-44dffafdffec,9dfc0a62-bf4d-4670-83d0-4e26a6e56b32,454817d3-3750-49c7-994c-14d06fd2c634,Žale,2292
15c71406-72b5-4681-8b1a-29eb30eb3f76,f958cead-e4c3-4743-834d-46de4a06a8c9,295616c0-387b-4f60-a337-7743cd6be04e,Bavarski dvor,2799
62feeb73-9af7-43ee-8714-1b435ec20263,3d0466c6-82f4-4a8e-ac5f-18d4dab794ac,f33b721f-a8a3-4aad-96f2-077da09ebaa6,Razstavišče,561
97627b9b-fa2e-461a-97ea-a15df7599598,6c773433-c487-49c5-a783-32c0e276ed7b,295616c0-387b-4f60-a337-7743cd6be04e,Bavarski dvor,2896
66eec6a2-dfde-4d98-b690-e47f200367fd,8f56b058-1ae3-44f5-8600-4330f2264d78,a2ce7e6f-0f99-443a-a973-81a0b9c60261,Astra,1042
4062cd22-b67a-4235-9980-0178b7add592,9cfac7e2-9653-4e52-a6d3-27756d27f817,f33b721f-a8a3-4aad-96f2-077da09ebaa6,Razstavišče,1127
7fa32ea0-e884-435a-a81c-51bbd5cedf3e,a769d1e9-8727-4190-b56c-5cdd8a49333d,1ce1c3a8-e0f6-4f90-b1aa-1448759d8b3c,Astra,2342
a12cff7f-91e5-4f1e-be40-1a9b34ae792a,96d4c75b-6452-4c70-a31e-c234262ba38b,N/A,N/A,4525
01d1f388-d915-4e9f-bc3d-4432a73a216e,ed50f692-09f9-409e-b7d6-05ff7711de6b,a719a87c-4e93-4387-a6d1-2631a487f7e0,Ajdovščina,2818
7962e05c-ad8c-43e4-9db4-4b90f0c94596,7add6fa5-bfd5-4d9c-841b-d9856088ede9,N/A,N/A,4525
d4c25d68-c340-431b-a646-7680fe0cefee,896f7627-7c1c-4742-a40a-6aadb85fe206,717dda7e-d793-4697-8f60-b64ee8b1edc4,Gosposvetska,1805
609f0950-bb8c-4eaf-a931-8575b8aff1ac,fef200e9-4d98-425b-ab14-8110e2aa85d7,b59656a4-b6e7-4b87-977c-078c59088a50,Hajdrihova,1145
5764ff17-c787-4918-b7bd-a2ed9c6d7dd1,5930b5fe-26e2-4b69-bd1e-cdea021a0ab4,b59656a4-b6e7-4b87-977c-078c59088a50,Hajdrihova,270
3febe187-31d6-4229-be07-78ff782ca972,1505c6fe-6080-424e-98d1-24c312cfacf3,cdabf1ea-b04c-480a-8359-72c46e6864ab,Bežigrad,4040
29589594-5959-4efb-8dda-7348e4e500a0,ee837fd9-7a5c-4f14-bbd7-a46f14eb07c5,a0b1fb90-3f6a-4231-910a-18be192ac762,Flajšmanova,1317
548a85bd-f15f-427b-ad90-43cb50e9e31a,52e5d1c1-28c9-4ed2-b0ec-5bf7311be753,fef200e9-4d98-425b-ab14-8110e2aa85d7,Drama,27
c15a2be8-fc53-427d-9cc6-a50bb305f68d,fb662324-f307-452f-9b00-0275dadfd382,a0b1fb90-3f6a-4231-910a-18be192ac762,Flajšmanova,2300
1df1835b-cfd3-40e7-9466-9c9d43642bed,fcccf4af-4f16-4edc-ba5a-585c434593fe,9cfac7e2-9653-4e52-a6d3-27756d27f817,Kino Šiška,184
16d19639-a788-4df6-a168-6f8c3652ded7,55f1ae46-11e5-4270-991f-f09dae6c58bf,717dda7e-d793-4697-8f60-b64ee8b1edc4,Gosposvetska,3328
5b184752-5bd2-43e3-9243-dfc8969d9065,889e3719-7d29-4888-b690-5a1531d2930e,c87db9be-1fba-4102-a743-0ee4317dd5af,Bavarski dvor,446
c5ec5e81-2ce4-452d-bd7a-595de4f8b34f,f414efd9-d697-4bbe-abb6-c9e09fd73514,N/A,N/A,4525
0dc86a8f-0f41-44c7-978c-e06cb63cbbcf,53806659-b339-4e68-af4a-4325c16b6026,484b5c91-1220-43ba-af79-84e712fcc46b,Slovenija avto,2222
3f0c15b3-99bd-4c12-8f7a-df06c9536526,53ec687a-6f0c-4bb7-b1b4-606e7dcfada9,5d7f28a6-2a2a-4333-aa06-48edfb652f86,Pošta,411
b56664c0-1dc1-42c5-b10b-52c3fb0dd042,36c7bbd0-50d7-4b5d-b9b3-9dadd37ac50b,98fa3880-5936-4ec8-ba04-39c7ff9a0e6a,Stara cerkev,539
95732ece-1658-4e11-9b5f-b6ae5552e638,ff74fc01-faf6-4a78-a782-d8365538e7de,N/A,N/A,4525
233daca5-913b-4e10-bf34-18b1c8c77019,106bdc28-f0fe-4f13-b4ad-6c6a630550b5,e6f5183b-c615-4f47-b4fb-204ee070e825,Bežigrad,478
dba19980-8ca1-4847-b9b5-8cd419374ae2,352f5cae-25c9-41c5-ab70-268bf64107f0,N/A,N/A,4525
6932c2e0-ff32-4170-b519-fba88e29c147,9583dbdd-06fd-411e-88dd-af8f89e2caaa,b59656a4-b6e7-4b87-977c-078c59088a50,Hajdrihova,1498
d9df1ba3-6820-4fcb-b561-9cb7a60dd463,6324e337-5778-492a-9e9c-57e3ad5c4710,a2ce7e6f-0f99-443a-a973-81a0b9c60261,Astra,813
86a75ffc-a78f-401f-8991-2eb0371417b2,6e7cab20-d7e3-474f-9a5e-f1e0ca6fae53,98fa3880-5936-4ec8-ba04-39c7ff9a0e6a,Stara cerkev,500
404f8444-540d-4d82-a355-30a6a8bec797,c0ff37c8-ac6c-4284-ad32-0ad29fd30dc2,a719a87c-4e93-4387-a6d1-2631a487f7e0,Ajdovščina,735
10449641-799e-4ee4-a712-a6e3a9aefc27,1b3ddeca-a066-43ee-9ae5-8339628129c2,e6f5183b-c615-4f47-b4fb-204ee070e825,Bežigrad,289
bea9f247-4e88-4d7c-9387-8cd9342acb8c,fd0e405e-d5e5-45fc-8911-e48a178ad4a9,484b5c91-1220-43ba-af79-84e712fcc46b,Slovenija avto,2851
94712446-2421-4304-b4f1-3b3f82998713,f66a1f18-4c18-4317-b929-fb616cc7cebc,5d7f28a6-2a2a-4333-aa06-48edfb652f86,Pošta,2904
f2b27cbd-5207-4281-8f67-6369d0c50a9b,97627b9b-fa2e-461a-97ea-a15df7599598,fef200e9-4d98-425b-ab14-8110e2aa85d7,Drama,3244
05643914-8ff7-4064-8737-2761d44a083f,c8f784f8-ce92-4773-8d90-c6bed3513ce0,N/A,N/A,4525
08071ba1-570f-487b-9a36-01a046fb2788,05643914-8ff7-4064-8737-2761d44a083f,f33b721f-a8a3-4aad-96f2-077da09ebaa6,Razstavišče,3811
7a52a73a-cc0e-4c61-b9bc-306157727e1c,7b687edb-dc47-4b68-a13e-34713cababe9,b59656a4-b6e7-4b87-977c-078c59088a50,Hajdrihova,699
4ab506fa-0fcd-431b-ace7-19ffa5f0576a,0c3a77a7-d9eb-45c7-b722-1fafde29129c,5d7f28a6-2a2a-4333-aa06-48edfb652f86,Pošta,165
1b3d51e8-8b5e-4b31-a63e-9d665243c2f1,e4635b94-348c-4c69-be85-1160488e5e43,f33b721f-a8a3-4aad-96f2-077da09ebaa6,Razstavišče,448
b2cf1f2c-3c77-4a23-891f-3cdbcda92f19,d50b2bdb-481b-4e58-ada6-47a028fc6382,717dda7e-d793-4697-8f60-b64ee8b1edc4,Gosposvetska,155
10449641-799e-4ee4-a712-a6e3a9aefc27,ea9d5fa9-af5a-4d39-96fd-626415048511,fb0042f8-d9e2-4916-b60a-38a026acf0c9,Leskoškova,74
abc9fd26-5442-468b-93b6-4d5eb76d0f1f,a12cff7f-91e5-4f1e-be40-1a9b34ae792a,1ce1c3a8-e0f6-4f90-b1aa-1448759d8b3c,Astra,660
f1fd2bad-eba9-4046-a7b9-34e8d1d423f5,548dbdee-83b0-497b-acc1-e15b34899d42,c87db9be-1fba-4102-a743-0ee4317dd5af,Bavarski dvor,1706
156a6f62-9a67-4cf0-ad56-85a343c77cd2,9e0942f3-2c18-4891-9b51-9d95cc43af7a,5d7f28a6-2a2a-4333-aa06-48edfb652f86,Pošta,984
ad8a76cf-4386-44b3-9156-490c502e4bc4,6459bd02-d8f8-413e-9402-10b916f09a4f,c87db9be-1fba-4102-a743-0ee4317dd5af,Bavarski dvor,638
ef005e77-f3b8-4171-b681-1294d0e4732b,e1e80207-5c23-47c0-a63a-121003b22807,6a89c110-a0f8-4b1a-87f0-33f49c0a658e,Šola Jarše,361
7fad8003-fb10-489d-bf8d-6d433310ad90,7f510cd8-4742-4dcf-95c0-16cde39c2e26,fef200e9-4d98-425b-ab14-8110e2aa85d7,Drama,1215
5f6cb902-b824-4961-9ac2-75cf44a47055,896f7627-7c1c-4742-a40a-6aadb85fe206,b59656a4-b6e7-4b87-977c-078c59088a50,Hajdrihova,2454
98b60d07-8054-441a-be44-be7aa24f4253,2d6504e9-c938-417e-9b55-32d6514bc744,c87db9be-1fba-4102-a743-0ee4317dd5af,Bavarski dvor,931
98a94a2a-894f-4ff0-9967-1dd986bf0cfd,041e08cc-b1bd-4f2c-aa4e-a9aaf2837a28,a719a87c-4e93-4387-a6d1-2631a487f7e0,Ajdovščina,2839
163da3ae-0ab9-480e-b72d-16357e0a9061,ba0f81e5-dfec-49bb-8d6b-d52618338640,769b7bc7-4f95-4bb2-9c99-37ba8e8b4bd5,D. MOST P+R,717
33613e0e-f41c-4cee-804a-3942bf698e3e,4d216485-ef41-45e7-9182-0c254644955c,484b5c91-1220-43ba-af79-84e712fcc46b,Slovenija avto,777
1e157c31-d34d-4c2e-91b4-8c000c88f6dd,3866c761-7fa4-4a4a-b913-75569da498d9,a719a87c-4e93-4387-a6d1-2631a487f7e0,Ajdovščina,779
2388ce1f-c947-42d7-97f3-e01a7254c933,b698a890-05b8-40f6-a3a6-4f4c0a820f97,N/A,N/A,4525
2188a1bc-ce7a-4450-bd4f-871538578244,48507e1a-32df-4552-9448-3b345760b75f,f2b27cbd-5207-4281-8f67-6369d0c50a9b,Kodrova,1187
3febe187-31d6-4229-be07-78ff782ca972,70bba1e8-3ea8-46fe-ace3-f75b04e37605,a719a87c-4e93-4387-a6d1-2631a487f7e0,Ajdovščina,701
815a2c5e-19a1-41b0-bca4-69dca8912326,845b482b-dba1-4313-a476-e772691689cf,484b5c91-1220-43ba-af79-84e712fcc46b,Slovenija avto,3467
ca8cbe57-95dc-4326-9c06-b60a87b981b1,48b163cd-b819-4849-aee1-8b1da77657ab,9a1c4c65-df77-481f-87ad-56143f02a864,Vižmarje,337
cd5497dc-20a4-40b3-9adf-b380de5d9f16,7a256ec6-bb93-47eb-af92-ea62941c1dc6,N/A,N/A,4525
a0b1fb90-3f6a-4231-910a-18be192ac762,e786b2df-34ed-4246-832e-7c3d538ac1f4,1ce1c3a8-e0f6-4f90-b1aa-1448759d8b3c,Astra,116
01bc5983-63a7-4184-9986-32e5a5320684,3f996624-8134-4eec-9742-70111db659c1,f33b721f-a8a3-4aad-96f2-077da09ebaa6,Razstavišče,284
efecc3aa-ae68-4374-bc24-334280abcf3f,c3534bc6-7bfd-43be-b46a-2b0fced57ab8,7fad8003-fb10-489d-bf8d-6d433310ad90,Nove Jarše,1242
33613e0e-f41c-4cee-804a-3942bf698e3e,46a50a09-9bae-460b-a7b6-457d288c5a9f,N/A,N/A,4525
659ee31d-ae12-4498-8507-28579d322e32,c6eab761-36e0-4bf8-88ed-48e594ed375b,f14a6236-8af2-47bf-9270-432377662a63,Viadukt,2510
eb43a68a-54a5-4a37-b090-1329e2b4d830,b829062a-2644-4350-b998-74522d9e85d8,fef200e9-4d98-425b-ab14-8110e2aa85d7,Drama,4502
c22879e5-8e90-4540-9a74-5f139208e492,d4c25d68-c340-431b-a646-7680fe0cefee,f33b721f-a8a3-4aad-96f2-077da09ebaa6,Razstavišče,3616
97788808-915f-4405-b54e-7ec5f95f7330,d5735919-60bb-4720-a695-9f5155a4f109,98fa3880-5936-4ec8-ba04-39c7ff9a0e6a,Stara cerkev,306
bd1a0fbd-1593-4552-a76f-681c59333d6b,1505c6fe-6080-424e-98d1-24c312cfacf3,N/A,N/A,4525
e7789f42-0ad7-44d1-974b-42a3f4957291,0b9c5011-4f2d-4753-914f-500532b0dbeb,N/A,N/A,4525
5fa77d25-e7a3-42db-8cc9-52b612d5de19,9e90940e-cf99-4112-87ec-7cbb6331509a,cdabf1ea-b04c-480a-8359-72c46e6864ab,Bežigrad,1241
aa3ce006-1975-496a-abc6-a98ec5e87652,35aedf45-cca3-4f2f-931b-138d29d20fe9,fef200e9-4d98-425b-ab14-8110e2aa85d7,Drama,835
7f510cd8-4742-4dcf-95c0-16cde39c2e26,557f714a-6f4a-4c98-8c5a-d74fa34b2adb,5d7f28a6-2a2a-4333-aa06-48edfb652f86,Pošta,172
111b2cdc-67ca-47bc-a8eb-8a4c6a0674d9,1ceecd12-b005-4828-ad39-8f2aeb1ca228,fef200e9-4d98-425b-ab14-8110e2aa85d7,Drama,325
075a6b29-66cb-409f-89fe-37d50669eff4,78ef8af0-fd16-46b8-a5de-8d24b99638c8,fef200e9-4d98-425b-ab14-8110e2aa85d7,Drama,4005
a9473958-e505-4c16-8498-486b06a47856,ea91e672-f4a8-40cb-af62-214726551a93,fef200e9-4d98-425b-ab14-8110e2aa85d7,Drama,746
4d57f6bd-7ba7-4f07-8aa1-ecac0b09e8db,77c4dfcc-1122-4896-9983-8a5bd11320de,fef200e9-4d98-425b-ab14-8110e2aa85d7,Drama,1427
1f207e67-adf9-4da6-b107-3b58051d9990,eb8e8d9a-a3d5-4ec1-9356-26e0e41912d1,fef200e9-4d98-425b-ab14-8110e2aa85d7,Drama,670
52e5d1c1-28c9-4ed2-b0ec-5bf7311be753,d123fde4-aa91-49c3-83df-5ebf12af4e59,c87db9be-1fba-4102-a743-0ee4317dd5af,Bavarski dvor,795
d3a06374-ab12-456b-9c00-55461af341fa,62d0c5a7-1692-43ef-b6e2-31f514362629,fef200e9-4d98-425b-ab14-8110e2aa85d7,Drama,1069
b6816891-4b0d-4bda-8e12-176194efaefe,041e08cc-b1bd-4f2c-aa4e-a9aaf2837a28,7fad8003-fb10-489d-bf8d-6d433310ad90,Nove Jarše,1362
ef005e77-f3b8-4171-b681-1294d0e4732b,ef005e77-f3b8-4171-b681-1294d0e4732b,717c914e-f928-4671-95f6-26c1ddb95799,Cesta v Gorice,1
45bff76d-bb00-455b-aa12-7ea49ad9a4f0,07bad99d-070a-42f7-8766-d11d42152623,7eb88e01-82e9-4af4-84d0-69c6ea9dc82c,Kolodvor,640
dc6b96b1-d0fa-4d03-ac2b-8eba5bb97ba2,48507e1a-32df-4552-9448-3b345760b75f,f33b721f-a8a3-4aad-96f2-077da09ebaa6,Razstavišče,1010
5be3b187-5735-4444-bee7-0665f60e6c83,3f996624-8134-4eec-9742-70111db659c1,f33b721f-a8a3-4aad-96f2-077da09ebaa6,Razstavišče,1673
a999f83e-4e6a-4ef9-9a10-e4a2c8a4a182,baab981f-b707-4b2e-8291-6175f7ceb255,295616c0-387b-4f60-a337-7743cd6be04e,Bavarski dvor,1118
dc7b6fb3-15db-4c7e-9fa1-424943178ce6,ef005e77-f3b8-4171-b681-1294d0e4732b,aa42017d-812a-4175-bc9b-0fec03b18931,Ambrožev trg,3153
acd87210-4e04-49b4-884b-1fe11c453bf4,69f98a9c-d52d-423a-b44e-89b6320a7a88,N/A,N/A,4525
28248670-5e08-4de2-8eab-e63933c0d61d,163da3ae-0ab9-480e-b72d-16357e0a9061,a719a87c-4e93-4387-a6d1-2631a487f7e0,Ajdovščina,2259
70c51140-f3ee-4c89-a6e2-ed74dab89148,52e5adea-e194-4fc1-809c-1d6421f8f8db,c87db9be-1fba-4102-a743-0ee4317dd5af,Bavarski dvor,1027
459f82d2-cbe4-414b-b66b-0b794ea958ed,2f874852-bc80-4ff3-b6bf-a914e31251c8,21764d19-62cc-49fd-bac9-403aeac6a6b9,Ježica,942
e7789f42-0ad7-44d1-974b-42a3f4957291,aa42017d-812a-4175-bc9b-0fec03b18931,7fa32ea0-e884-435a-a81c-51bbd5cedf3e,Zaloška,1513
0810f07b-94d6-442f-b10d-bf8210c4ed47,ad8a76cf-4386-44b3-9156-490c502e4bc4,295616c0-387b-4f60-a337-7743cd6be04e,Bavarski dvor,1858
53f8224f-99e5-4c34-9f77-3621bbe9ce99,e66e813a-722d-40f8-9ee9-1470d07bc200,295616c0-387b-4f60-a337-7743cd6be04e,Bavarski dvor,1269
f5dc05ab-b5cf-4f25-a85b-f346876311cb,a1795ee0-9147-4a5c-bb11-f60a809f690e,5d7f28a6-2a2a-4333-aa06-48edfb652f86,Pošta,874
72e6ae6e-bd4b-4946-a032-7ff9b8b41039,1a3351a1-563e-4174-b402-54bc0e2f5191,6bd46cb7-9e5d-453a-878a-bcc38fb2a5f2,Sava,2836
8a5febd6-d44a-4c98-a221-46044548663d,dc6b96b1-d0fa-4d03-ac2b-8eba5bb97ba2,295616c0-387b-4f60-a337-7743cd6be04e,Bavarski dvor,1925
5a89967e-5654-49f6-84ca-59f7f9035444,7a256ec6-bb93-47eb-af92-ea62941c1dc6,a719a87c-4e93-4387-a6d1-2631a487f7e0,Ajdovščina,2117
b7834e14-7e86-4df5-83ce-006c93c31c00,cecad767-51e5-4683-bf56-e6e342f8d1e0,aa42017d-812a-4175-bc9b-0fec03b18931,Ambrožev trg,2121
81f21fc1-3bd2-4d2a-b563-2d063479c68e,0a4b6359-22f0-4caa-b4a8-f4edb97a0825,N/A,N/A,4525
318d4398-e152-498b-b4ff-1344c67adba6,105e10e7-fbab-4f99-94c9-178c25630b42,295616c0-387b-4f60-a337-7743cd6be04e,Bavarski dvor,2721
11d74c00-da13-4cad-883e-c6dcf8edcbe8,1dc99fbb-5496-4aab-a4b6-32e653ccc789,fef200e9-4d98-425b-ab14-8110e2aa85d7,Drama,362
da834a23-5697-49bb-b3a1-7f277c8206bc,f088dbda-3ab0-43c5-bcdf-c727725c05be,c87db9be-1fba-4102-a743-0ee4317dd5af,Bavarski dvor,1615
7962e05c-ad8c-43e4-9db4-4b90f0c94596,2d6504e9-c938-417e-9b55-32d6514bc744,ac3afe7d-a2b3-4d5d-9e6a-1d2412a3bc70,Litostrojska,1466
9583dbdd-06fd-411e-88dd-af8f89e2caaa,79325942-629a-4766-a34a-525f8edf8cc5,fef200e9-4d98-425b-ab14-8110e2aa85d7,Drama,1300
da623aed-094d-4c3c-9766-9f0aba0f40f6,b7b7ac00-59bb-41eb-833d-ad309d24e68a,fef200e9-4d98-425b-ab14-8110e2aa85d7,Drama,3593
813b7c8c-5236-405a-bb0d-092a5d93c2a6,9845a6f7-ba79-4f3d-b6ae-969651ef6001,484b5c91-1220-43ba-af79-84e712fcc46b,Slovenija avto,739
da656f17-9723-4cbe-a008-823cbad17c28,6a774daa-3547-4128-b304-aa2d17d4391a,f2b27cbd-5207-4281-8f67-6369d0c50a9b,Kodrova,2732
51dbf10f-cf3b-4575-a8cc-d1080c1f9dde,258aeffc-294a-4919-bfb0-34f90dc19892,a719a87c-4e93-4387-a6d1-2631a487f7e0,Ajdovščina,771
0614b134-0950-4f6b-bc8f-fb73a0881bc1,c3188d8e-c2d3-40e5-acc2-14bef70a5ff4,717dda7e-d793-4697-8f60-b64ee8b1edc4,Gosposvetska,1983
3edd6057-3847-4c42-b8ec-6e89ff95793a,521edd75-c364-480a-af9e-a1c9815b6dd7,484b5c91-1220-43ba-af79-84e712fcc46b,Slovenija avto,2958
521edd75-c364-480a-af9e-a1c9815b6dd7,930fed8f-1d4d-40c6-9a3b-53697263a0f2,f33b721f-a8a3-4aad-96f2-077da09ebaa6,Razstavišče,4488
a2ce7e6f-0f99-443a-a973-81a0b9c60261,d83ec579-9ab5-4e30-bedd-86613c234abd,7484317c-269f-425f-8118-23eedab4e5f1,Tivoli,1815
930fed8f-1d4d-40c6-9a3b-53697263a0f2,7310c006-62b8-4f94-bb9c-d5c26cb3faad,1eadcdb9-60cd-47c9-8eec-527c3465a685,Polje,2267
7310c006-62b8-4f94-bb9c-d5c26cb3faad,e90a68ac-02be-418f-8937-b9f1906274f2,N/A,N/A,4525
093afa81-b65f-4182-bac3-afbc00558a9b,7c37b809-4d6d-497c-a53d-38663e91c088,5de84f88-3f32-4636-8c30-03cc267ecf37,Podvozna pot,429
2edaabef-ed43-4b87-ba95-a5600c33250f,7f45fe9c-917a-4571-9a74-9e940cd84f3c,fef200e9-4d98-425b-ab14-8110e2aa85d7,Drama,342
9cfac7e2-9653-4e52-a6d3-27756d27f817,70bba1e8-3ea8-46fe-ace3-f75b04e37605,717dda7e-d793-4697-8f60-b64ee8b1edc4,Gosposvetska,1543
bfcba499-ce46-41b0-8268-966d74eccb20,233daca5-913b-4e10-bf34-18b1c8c77019,6182f8e8-c45e-4606-b4a4-d909bd44d2cc,Gornji trg,1961
ea91e672-f4a8-40cb-af62-214726551a93,8eeea585-6168-45b8-a5d4-336e61826043,8c7fa045-888b-46d0-8189-6f82623bf481,Poljanska,2423
1b0f629f-acdb-4e94-8c54-018f4334ebf7,2628ca4f-8797-4672-aca9-47b325c58aac,5d7f28a6-2a2a-4333-aa06-48edfb652f86,Pošta,241
300f1367-4ba4-4416-90e4-caa8f33e9144,2a7d32ca-24a1-41ac-a273-0cbcdec59336,f33b721f-a8a3-4aad-96f2-077da09ebaa6,Razstavišče,1337
6324e337-5778-492a-9e9c-57e3ad5c4710,441545fb-7a0c-4555-aea8-01cbe6c14ea3,379bc761-04b5-4227-be76-3b870fe3e69f,Pot na Fužine,4204
bb606ad8-8a10-4034-9862-60cc177d2455,b5400e28-b0c3-4a02-9da2-084c465bd1d3,c87db9be-1fba-4102-a743-0ee4317dd5af,Bavarski dvor,2037
9746f277-af08-4cce-92fa-41da5eca8ac2,cecad767-51e5-4683-bf56-e6e342f8d1e0,48b163cd-b819-4849-aee1-8b1da77657ab,Šentvid,1302
4ed69cbb-d738-450c-be11-7d96cd50ee50,2e62f411-936d-4a10-96ed-2d8fe95d6d65,a719a87c-4e93-4387-a6d1-2631a487f7e0,Ajdovščina,844
7ad25867-5c97-4f9f-9b1b-4966436f7fbf,2c0475be-44e7-4f0f-a06d-2c1b4ca15677,5de84f88-3f32-4636-8c30-03cc267ecf37,Podvozna pot,2341
b5400e28-b0c3-4a02-9da2-084c465bd1d3,87785aa3-128e-4f15-82b0-d8c3cfa6076f,a719a87c-4e93-4387-a6d1-2631a487f7e0,Ajdovščina,1475
dfd33168-046e-49af-9428-b9394f98667c,db9f7130-0bc2-4f3e-b8cd-07cfe96b1f8f,5d7f28a6-2a2a-4333-aa06-48edfb652f86,Pošta,1637
d3283222-38a9-40e2-a485-180d1a33067c,42bcfbad-96b8-4ce2-96f3-07694e1bcfe2,N/A,N/A,4525
cad3370f-7a28-4a47-8d5a-187adab3ca21,d4c25d68-c340-431b-a646-7680fe0cefee,f33b721f-a8a3-4aad-96f2-077da09ebaa6,Razstavišče,623
bb995fbb-29c8-4035-9503-ae33320833a8,17f7d178-41b3-41f9-a545-cbfc22a0a5f1,N/A,N/A,4525
98a75a4c-0ef8-4efa-8f0a-384fe8eafce0,a2947722-2e6f-48dd-9c31-ff36356676fa,fef200e9-4d98-425b-ab14-8110e2aa85d7,Drama,58
59d96e2c-3ee3-4581-840a-3ddaf0003743,9a938b49-ce1d-4e1c-a789-e316630ebc4f,f33b721f-a8a3-4aad-96f2-077da09ebaa6,Razstavišče,59
5d1e404b-1606-457e-8d2b-4e3e80139532,d5961b09-f5e8-4a0b-9bbb-2515ff0a8376,47637057-8d6a-4cf9-bd56-3ac90748fcc4,Barje,1537
fac22b83-1bc0-4c12-8533-485b115409ef,2496479b-f855-403d-bce8-2a4d9988665d,c87db9be-1fba-4102-a743-0ee4317dd5af,Bavarski dvor,3983
785ad018-d0fe-4628-b188-15f6dc71b38e,106bdc28-f0fe-4f13-b4ad-6c6a630550b5,a719a87c-4e93-4387-a6d1-2631a487f7e0,Ajdovščina,1611
7c149b59-2bc6-45cb-95c8-69e18a0db627,784bebe9-c0c7-46eb-943d-0b1808ffd5ac,295616c0-387b-4f60-a337-7743cd6be04e,Bavarski dvor,39
7b687edb-dc47-4b68-a13e-34713cababe9,11d74c00-da13-4cad-883e-c6dcf8edcbe8,fef200e9-4d98-425b-ab14-8110e2aa85d7,Drama,1498
95eee7e8-237d-4410-a9bf-00c6f88129c1,52e5adea-e194-4fc1-809c-1d6421f8f8db,fef200e9-4d98-425b-ab14-8110e2aa85d7,Drama,2708
4f681273-89fe-44f9-aaec-76950722cc52,e6f5183b-c615-4f47-b4fb-204ee070e825,484b5c91-1220-43ba-af79-84e712fcc46b,Slovenija avto,581
1069d764-9345-425d-8c4d-12d6ffa1fde1,108e7dc8-ca5d-4c91-9414-32a32a31b69a,N/A,N/A,4525
8fc42c89-96e2-4c69-a2b4-44d505f27ce9,d861c2ce-106a-4b95-a4fc-2af355c0bbf0,a719a87c-4e93-4387-a6d1-2631a487f7e0,Ajdovščina,68
8589e5d1-21b4-4210-ad7a-4bf91f9a715d,ee837fd9-7a5c-4f14-bbd7-a46f14eb07c5,a719a87c-4e93-4387-a6d1-2631a487f7e0,Ajdovščina,1179
95be8f74-3ed5-4cf1-aabc-b1c0027ea628,06e4802d-2c96-4556-bd95-35e0a2bb030c,a7177a3d-8db2-43fb-8910-f95857f0ed97,Škocjan,5
447a37f6-2be6-45a3-8ae0-6982aa53cafb,9741988b-6723-480b-a419-8db7490d667a,c87db9be-1fba-4102-a743-0ee4317dd5af,Bavarski dvor,277
c22879e5-8e90-4540-9a74-5f139208e492,e9d9f622-7394-4c5c-9031-a41855a64aa7,f33b721f-a8a3-4aad-96f2-077da09ebaa6,Razstavišče,2325
6324e337-5778-492a-9e9c-57e3ad5c4710,36c4949b-403b-4a76-87e3-d67f51d655ef,f33b721f-a8a3-4aad-96f2-077da09ebaa6,Razstavišče,168
318d4398-e152-498b-b4ff-1344c67adba6,70c51140-f3ee-4c89-a6e2-ed74dab89148,295616c0-387b-4f60-a337-7743cd6be04e,Bavarski dvor,1005
6330ad8d-b582-4c92-bc7e-d3f206264f04,cecad767-51e5-4683-bf56-e6e342f8d1e0,e6f5183b-c615-4f47-b4fb-204ee070e825,Bežigrad,1657
8512e1be-4637-483b-a3e6-78ccc6d2c5b1,1b27d65a-1008-4bc9-928e-f6cb43b03804,2ec182e2-769f-427f-b9b5-c4118890cb96,Stožice,2357
34ead609-4331-48ab-8e82-52dd70da9832,d08c4884-9764-447f-9b79-0ef7a645222f,c87db9be-1fba-4102-a743-0ee4317dd5af,Bavarski dvor,1461
52e5d1c1-28c9-4ed2-b0ec-5bf7311be753,cf22c7c2-776f-4bd7-ae1a-dc4f25983c19,a719a87c-4e93-4387-a6d1-2631a487f7e0,Ajdovščina,1510
d7d791d9-02e0-4369-be0c-1546fc2044a4,08071ba1-570f-487b-9a36-01a046fb2788,a719a87c-4e93-4387-a6d1-2631a487f7e0,Ajdovščina,2479
4b456495-fb29-4ff3-b48b-4090bc51514e,29589594-5959-4efb-8dda-7348e4e500a0,a719a87c-4e93-4387-a6d1-2631a487f7e0,Ajdovščina,4134
a1406782-3114-407c-8e35-35bcf5a1234b,52e5d1c1-28c9-4ed2-b0ec-5bf7311be753,a2ce7e6f-0f99-443a-a973-81a0b9c60261,Astra,2473
093afa81-b65f-4182-bac3-afbc00558a9b,bbfc6d44-94da-4cfd-b22a-368a2b11ce20,295616c0-387b-4f60-a337-7743cd6be04e,Bavarski dvor,1349
6932c2e0-ff32-4170-b519-fba88e29c147,a12cff7f-91e5-4f1e-be40-1a9b34ae792a,9b0074d2-2c92-4c01-830b-00be8e05b412,Cukrarna,1126
023d7b7a-b411-4e61-8746-b07f9e5c8f90,d7748049-2f69-4c77-a19b-96774a521ac1,c22879e5-8e90-4540-9a74-5f139208e492,Friškovec,236
bd001f58-6e58-49e9-877f-1fa36964fbc2,eee355cc-98a1-4f25-8bf9-0100856eda6e,717dda7e-d793-4697-8f60-b64ee8b1edc4,Gosposvetska,3504
1ef524bd-2bf3-4c47-add3-044374897443,16d19639-a788-4df6-a168-6f8c3652ded7,f4cfd904-bd11-4247-95df-32c4555a930f,Klinični center,661
7d579a55-27bc-49d0-a124-a5ed6233c55a,21fba303-9465-42e6-8942-eaff85a2b40c,fef200e9-4d98-425b-ab14-8110e2aa85d7,Drama,4413
6c773433-c487-49c5-a783-32c0e276ed7b,a8af1032-30bf-4f7b-a921-28d2f712fd24,9a1c4c65-df77-481f-87ad-56143f02a864,Vižmarje,432
d2f9bbec-4b03-49a8-af83-afe65fe07a0e,bff8345d-1b72-4b41-8b8d-cb8a5483a2e4,aa42017d-812a-4175-bc9b-0fec03b18931,Ambrožev trg,1190
cf22c7c2-776f-4bd7-ae1a-dc4f25983c19,17f7d178-41b3-41f9-a545-cbfc22a0a5f1,N/A,N/A,4525
d3a6cbf3-65f0-4db8-9a10-1460763eac8e,67c3adc1-a92d-4528-91ee-77d8b52574c6,5d7f28a6-2a2a-4333-aa06-48edfb652f86,Pošta,220
2a7d32ca-24a1-41ac-a273-0cbcdec59336,26d86ffa-b8df-49aa-a9c0-5fa7d3cfba77,c87db9be-1fba-4102-a743-0ee4317dd5af,Bavarski dvor,2347
121b30dc-065b-4c76-aad2-a54a85c74d4d,363564a6-9938-4bf5-8928-1cd191e9c2ef,fef200e9-4d98-425b-ab14-8110e2aa85d7,Drama,73
bea9f247-4e88-4d7c-9387-8cd9342acb8c,099976aa-17cc-45d3-add4-267985ab1533,7bcbdcaa-00b9-47d4-8982-09da26cd7bcb,Zaloška,901
b56664c0-1dc1-42c5-b10b-52c3fb0dd042,f1b7471e-db71-49da-846d-1232cb3e8f8f,223f660b-c391-4120-bf3c-7bf06781686b,Tovorni kolodvor,645
0be53afd-2427-49b2-b70c-2ee3d89e9762,813b7c8c-5236-405a-bb0d-092a5d93c2a6,c87db9be-1fba-4102-a743-0ee4317dd5af,Bavarski dvor,1640
fb7704f0-d31e-4561-83e4-621a8c62654b,97627b9b-fa2e-461a-97ea-a15df7599598,N/A,N/A,4525
6bd46cb7-9e5d-453a-878a-bcc38fb2a5f2,3d8122ff-0840-4811-a5ad-c4702fc70269,fef200e9-4d98-425b-ab14-8110e2aa85d7,Drama,830
a2ce7e6f-0f99-443a-a973-81a0b9c60261,8d767444-3983-4409-bda1-d298b52c7bfe,a719a87c-4e93-4387-a6d1-2631a487f7e0,Ajdovščina,989
d5102041-8282-4c77-a593-edac0d0d4a34,8d775324-59ca-429e-ad7e-8d522c52dbdd,023d7b7a-b411-4e61-8746-b07f9e5c8f90,Ambrožev trg,868
06348c07-2fb0-4dfb-a938-aaef614a7f68,2188a1bc-ce7a-4450-bd4f-871538578244,c87db9be-1fba-4102-a743-0ee4317dd5af,Bavarski dvor,456
47a3bd8a-72ae-4e20-b43f-10bfaf49012c,69f98a9c-d52d-423a-b44e-89b6320a7a88,8512e1be-4637-483b-a3e6-78ccc6d2c5b1,Navje,645
91745353-dd19-49ee-beaf-332e546dcceb,32ff2d5b-61ae-415b-941b-aeb1be1b5052,4038e02e-f22f-4af0-ba4f-7aab855b53af,Kneza Koclja,3021
2628ca4f-8797-4672-aca9-47b325c58aac,5a89967e-5654-49f6-84ca-59f7f9035444,c22879e5-8e90-4540-9a74-5f139208e492,Friškovec,3186
9741988b-6723-480b-a419-8db7490d667a,4d216485-ef41-45e7-9182-0c254644955c,093afa81-b65f-4182-bac3-afbc00558a9b,Koseze,1798
68075aa0-144c-4f6e-93ef-e93dfc35df78,d6ae97e7-23b5-48d6-a9fa-2a2624e9f434,454817d3-3750-49c7-994c-14d06fd2c634,Žale,845
48507e1a-32df-4552-9448-3b345760b75f,b56664c0-1dc1-42c5-b10b-52c3fb0dd042,aa42017d-812a-4175-bc9b-0fec03b18931,Ambrožev trg,375
117abbb4-5575-4020-aac4-2048f8d34b50,e2d3c37e-a7df-458e-9e5a-ea33ccf4c11b,c87db9be-1fba-4102-a743-0ee4317dd5af,Bavarski dvor,46
ee095f27-439e-42e7-9e5c-e77b0903c31f,feb89b92-366d-4f50-a509-40c7baba8cf0,a0e0a21b-b8ce-4d76-bbc2-04e179367fee,Šola Jarše,3004
e0bcd677-6012-4c90-a884-44dffafdffec,5d91512b-af7f-4bbe-9dde-17f402fbf590,ef31a8be-b01d-44cd-95cf-3db8e918af26,Emona,2038
58db973d-ecbb-4aa6-a56c-c26aaff7f263,f4c5028b-48a4-4d0e-a91c-81a858923ddd,484b5c91-1220-43ba-af79-84e712fcc46b,Slovenija avto,847
9845a6f7-ba79-4f3d-b6ae-969651ef6001,717c914e-f928-4671-95f6-26c1ddb95799,295616c0-387b-4f60-a337-7743cd6be04e,Bavarski dvor,1944
a2b5023d-5ce8-420f-ad2a-b61c7a1902a8,15af3c66-ad74-4f41-92f7-92e2ff72a51d,f33b721f-a8a3-4aad-96f2-077da09ebaa6,Razstavišče,2748
e8d0bfd1-b300-4eae-8f85-79266066bb3c,6afef238-01cd-4ad0-859d-2056b5d4a63f,093afa81-b65f-4182-bac3-afbc00558a9b,Koseze,1244
08f2fb98-afdf-4961-b419-1bca7f5568ab,2838f674-f6e9-4eb5-a99c-1d0ac7903ca1,b59656a4-b6e7-4b87-977c-078c59088a50,Hajdrihova,641
bbfc6d44-94da-4cfd-b22a-368a2b11ce20,0be53afd-2427-49b2-b70c-2ee3d89e9762,769b7bc7-4f95-4bb2-9c99-37ba8e8b4bd5,D. MOST P+R,280
2edaabef-ed43-4b87-ba95-a5600c33250f,d72032c7-d4b0-4eee-a87c-593985a42266,6a89c110-a0f8-4b1a-87f0-33f49c0a658e,Šola Jarše,534
1e2641bc-b0b2-448e-8ad2-e52891fa4c5f,524d67dd-fbb0-4f6a-9199-f095123044ab,N/A,N/A,4525
2d42d8e2-26a8-4a74-809c-f436d05c8a54,30131bc3-a0f7-4cfc-9e4d-552b325c0ba7,5d7f28a6-2a2a-4333-aa06-48edfb652f86,Pošta,889
9a938b49-ce1d-4e1c-a789-e316630ebc4f,7add6fa5-bfd5-4d9c-841b-d9856088ede9,717dda7e-d793-4697-8f60-b64ee8b1edc4,Gosposvetska,1032
c326e479-ccc3-4915-8788-3fa189d0143e,c71e1e0c-780a-4d46-8b33-09aebbbcfcd8,295616c0-387b-4f60-a337-7743cd6be04e,Bavarski dvor,3567
dfde6478-02b5-471b-a470-29cb0e84542f,7310c006-62b8-4f94-bb9c-d5c26cb3faad,295616c0-387b-4f60-a337-7743cd6be04e,Bavarski dvor,998
e9089f7d-853e-4375-8ecb-0db96fcc60e6,3febe187-31d6-4229-be07-78ff782ca972,295616c0-387b-4f60-a337-7743cd6be04e,Bavarski dvor,321
bb606ad8-8a10-4034-9862-60cc177d2455,1536cb2e-acd3-49cb-8f06-bb8cd40c0c02,023d7b7a-b411-4e61-8746-b07f9e5c8f90,Ambrožev trg,1160
aa9cc3b9-7c6c-4e45-b91a-1e0494fbf15e,9dfc0a62-bf4d-4670-83d0-4e26a6e56b32,5d7f28a6-2a2a-4333-aa06-48edfb652f86,Pošta,2092
baab981f-b707-4b2e-8291-6175f7ceb255,259de009-1345-4169-920b-baeaceade993,f33b721f-a8a3-4aad-96f2-077da09ebaa6,Razstavišče,2490
3f01eb40-651e-4fad-aff9-2ee27f259f64,ba681dbc-ea72-4685-ad98-c5ed496510e6,a719a87c-4e93-4387-a6d1-2631a487f7e0,Ajdovščina,1565
1ef524bd-2bf3-4c47-add3-044374897443,cd2cdf5f-a758-494c-8b1f-2de4ac913723,N/A,N/A,4525
a6b87518-2a7f-4505-898f-245ebe23c909,cc9cbd94-6da7-41ff-a728-cfd4b47dfcc0,fef200e9-4d98-425b-ab14-8110e2aa85d7,Drama,823
fd0e405e-d5e5-45fc-8911-e48a178ad4a9,f73d3fb2-082c-4518-8af2-45de5490df4e,9cfac7e2-9653-4e52-a6d3-27756d27f817,Kino Šiška,2023
35dbaf26-2fa4-45c4-87fc-81d1ff13b005,9fa0b90f-dba1-4eca-8802-589425d3e8fd,c87db9be-1fba-4102-a743-0ee4317dd5af,Bavarski dvor,107
5a89967e-5654-49f6-84ca-59f7f9035444,01bc5983-63a7-4184-9986-32e5a5320684,N/A,N/A,4525
ef91fd44-5651-4fd4-b6f8-619fdef9da7b,c31b32c6-1ec2-48e9-9929-356fd0253540,N/A,N/A,4525
a112e799-e1b6-4dd2-b652-bd521dda7638,ef005e77-f3b8-4171-b681-1294d0e4732b,fef200e9-4d98-425b-ab14-8110e2aa85d7,Drama,2492
15af3c66-ad74-4f41-92f7-92e2ff72a51d,659ee31d-ae12-4498-8507-28579d322e32,295616c0-387b-4f60-a337-7743cd6be04e,Bavarski dvor,656
11d74c00-da13-4cad-883e-c6dcf8edcbe8,4bd4913f-8597-4ea0-b219-4e9b15dcbb62,484b5c91-1220-43ba-af79-84e712fcc46b,Slovenija avto,1160
d5735919-60bb-4720-a695-9f5155a4f109,d5961b09-f5e8-4a0b-9bbb-2515ff0a8376,fef200e9-4d98-425b-ab14-8110e2aa85d7,Drama,2145
98f728a3-94a6-4911-98d7-64ab88097036,c32ef99a-6752-47fe-94eb-a5134c7110af,6bd46cb7-9e5d-453a-878a-bcc38fb2a5f2,Sava,3237
ef3024a8-1d7f-4cf5-ad3b-74528eaa9c51,be5fb719-eda2-4831-90c6-249248ea22dd,7310c006-62b8-4f94-bb9c-d5c26cb3faad,Polje,618
a0e0a21b-b8ce-4d76-bbc2-04e179367fee,5a06b853-39a7-479d-ac40-fafa659fd896,cdabf1ea-b04c-480a-8359-72c46e6864ab,Bežigrad,1794
bb995fbb-29c8-4035-9503-ae33320833a8,592b37eb-8255-4758-ae8a-7cef98521013,ecc4ae87-ae08-4b94-995c-452fdd94df7f,Privoz,1386
3a50f545-2fe2-45a0-8ed6-01635603efed,07b4c585-66cf-49d7-906c-50f1122c8e9e,295616c0-387b-4f60-a337-7743cd6be04e,Bavarski dvor,27
b8533150-cf69-441a-8fc4-18f39cbef16b,258aeffc-294a-4919-bfb0-34f90dc19892,cee2862b-9b70-4880-8fa3-16c6d2efae1b,AMZS,1085
91fb6c6e-49cf-49d3-97d4-6ae228f9bfa1,5aeac892-889f-4c5a-8fde-67e6ac096242,295616c0-387b-4f60-a337-7743cd6be04e,Bavarski dvor,2774
7ea32e84-b8d9-498b-9f03-5a66990012b9,0be53afd-2427-49b2-b70c-2ee3d89e9762,c87db9be-1fba-4102-a743-0ee4317dd5af,Bavarski dvor,316
aee8e842-6083-48a7-b14f-cc3d112537bb,3866c761-7fa4-4a4a-b913-75569da498d9,c87db9be-1fba-4102-a743-0ee4317dd5af,Bavarski dvor,782
452f2b51-98fb-4a7c-bb0a-44577eb5e12b,6d2a7c2e-5938-433e-a691-b9bc28767675,c87db9be-1fba-4102-a743-0ee4317dd5af,Bavarski dvor,2015
1eca3479-6e2c-4f21-bf45-4db410041181,79a5bacd-8b59-4d83-99e8-26e3c5b1490b,N/A,N/A,4525
22ef2062-46f0-4a46-8d9a-6ceb7b7f45bc,97d3e896-2af7-40f9-bfbf-59cf3fcbf93a,fef200e9-4d98-425b-ab14-8110e2aa85d7,Drama,3025
15af3c66-ad74-4f41-92f7-92e2ff72a51d,862efb04-bcf5-493a-929d-242fb91ba5f6,fef200e9-4d98-425b-ab14-8110e2aa85d7,Drama,1512
4a90e424-11ab-43a8-b7e9-1c4f42fe2b7c,94c6598b-7303-42e1-94d5-156d7a25f630,717dda7e-d793-4697-8f60-b64ee8b1edc4,Gosposvetska,180
0b9c5011-4f2d-4753-914f-500532b0dbeb,98239279-bb80-4070-965c-dc87525019e2,N/A,N/A,4525
cf22c7c2-776f-4bd7-ae1a-dc4f25983c19,223f660b-c391-4120-bf3c-7bf06781686b,N/A,N/A,4525
111b2cdc-67ca-47bc-a8eb-8a4c6a0674d9,b698a890-05b8-40f6-a3a6-4f4c0a820f97,N/A,N/A,4525
45303500-8b0e-4779-9abd-433b5f8b2838,298fea2e-c58b-4d99-9350-2420c718d2cc,f33b721f-a8a3-4aad-96f2-077da09ebaa6,Razstavišče,95
2c46416a-d66e-469c-a342-898a93f5b2f0,2bf898b0-1247-4e84-87e2-2e044e580c8f,484b5c91-1220-43ba-af79-84e712fcc46b,Slovenija avto,264
aa42017d-812a-4175-bc9b-0fec03b18931,7c149b59-2bc6-45cb-95c8-69e18a0db627,fef200e9-4d98-425b-ab14-8110e2aa85d7,Drama,1333
d987aa3a-ae4a-42f6-bc9b-79c41dcf055a,2c87f988-902b-4b35-91da-5437a58759f5,f33b721f-a8a3-4aad-96f2-077da09ebaa6,Razstavišče,368
7d579a55-27bc-49d0-a124-a5ed6233c55a,1f9fad8e-d59c-494c-bdd1-1983afacb755,a2ce7e6f-0f99-443a-a973-81a0b9c60261,Astra,595
e0f10330-ad34-453d-baf4-d6c601cb6cf8,96d4c75b-6452-4c70-a31e-c234262ba38b,f33b721f-a8a3-4aad-96f2-077da09ebaa6,Razstavišče,834
f5e84751-7377-402c-974c-53276e422e70,60d91c8b-d5a9-4ef4-927c-e241bc31f81a,2ec182e2-769f-427f-b9b5-c4118890cb96,Stožice,61
ecc4ae87-ae08-4b94-995c-452fdd94df7f,dfd33168-046e-49af-9428-b9394f98667c,6bd46cb7-9e5d-453a-878a-bcc38fb2a5f2,Sava,452
36c4949b-403b-4a76-87e3-d67f51d655ef,8e7a488b-cd48-4243-92b0-42792d0e3bc1,5d7f28a6-2a2a-4333-aa06-48edfb652f86,Pošta,179
bbfc6d44-94da-4cfd-b22a-368a2b11ce20,862efb04-bcf5-493a-929d-242fb91ba5f6,717c914e-f928-4671-95f6-26c1ddb95799,Cesta v Gorice,1883
0c5f69a6-97c7-4053-bc0b-3f09dbf72f46,61485a1f-73a8-4dac-bcc7-6e4e53eb4b0f,295616c0-387b-4f60-a337-7743cd6be04e,Bavarski dvor,4406
ee3713fe-016c-47eb-96d1-f760c9d19010,39650ca1-d08c-4645-ac1a-6aed84eb45c5,fef200e9-4d98-425b-ab14-8110e2aa85d7,Drama,1035
7c37b809-4d6d-497c-a53d-38663e91c088,bea274aa-277a-403d-ab2f-a0342b28882e,c87db9be-1fba-4102-a743-0ee4317dd5af,Bavarski dvor,357
e9d9f622-7394-4c5c-9031-a41855a64aa7,d3a6cbf3-65f0-4db8-9a10-1460763eac8e,38b3abed-0592-407b-96c3-85a026f2e192,Dalmatinova,2288
98b60d07-8054-441a-be44-be7aa24f4253,454817d3-3750-49c7-994c-14d06fd2c634,5d7f28a6-2a2a-4333-aa06-48edfb652f86,Pošta,625
c31b32c6-1ec2-48e9-9929-356fd0253540,5930b5fe-26e2-4b69-bd1e-cdea021a0ab4,c22879e5-8e90-4540-9a74-5f139208e492,Friškovec,135
4ca9e64c-29ad-4391-a6f2-7e1ae022d5bf,c5527a65-5265-43de-b703-7c7d494d190c,5d7f28a6-2a2a-4333-aa06-48edfb652f86,Pošta,1274
9cc88862-270a-409a-b450-e0003c7930af,f73d3fb2-082c-4518-8af2-45de5490df4e,fef200e9-4d98-425b-ab14-8110e2aa85d7,Drama,995
824255dc-9be8-4f7b-9b69-2bd4e5a3fc27,278a9d60-64c7-4bfa-aad0-24068aa760af,f33b721f-a8a3-4aad-96f2-077da09ebaa6,Razstavišče,1988
3203d037-a222-4092-8dd6-e8dfcd49a2c9,af2956ba-d922-4ec4-bfa7-b623c29e8b3e,a719a87c-4e93-4387-a6d1-2631a487f7e0,Ajdovščina,4323
7ea32e84-b8d9-498b-9f03-5a66990012b9,5de6ff80-1352-43df-b5ec-1df59f2f492b,295616c0-387b-4f60-a337-7743cd6be04e,Bavarski dvor,364
1a1ee974-5091-4fa7-96a2-0c2508892aa3,d5102041-8282-4c77-a593-edac0d0d4a34,484b5c91-1220-43ba-af79-84e712fcc46b,Slovenija avto,737
ab987eb0-c970-4577-8db9-0cd507a6cab6,6efecef0-52ba-4a47-9991-9bab5ce31340,717dda7e-d793-4697-8f60-b64ee8b1edc4,Gosposvetska,1392
6739536d-b334-46c6-ae80-4890afac7985,45e88013-1a7e-44a0-ab1f-bc0db6c6746f,9a1c4c65-df77-481f-87ad-56143f02a864,Vižmarje,727
ba846253-4c87-4120-8f1c-05a563bf3999,a9473958-e505-4c16-8498-486b06a47856,b59656a4-b6e7-4b87-977c-078c59088a50,Hajdrihova,92
c124f317-217b-4b89-9597-393843de4f81,fb662324-f307-452f-9b00-0275dadfd382,717dda7e-d793-4697-8f60-b64ee8b1edc4,Gosposvetska,153
2896bfa8-0586-4ed1-8d93-c5c6e1ff3d72,d7d43617-ef41-4f9e-bbad-670d515d926a,c87db9be-1fba-4102-a743-0ee4317dd5af,Bavarski dvor,1866
e82569a6-73f3-4002-b7b5-0f83ee167535,53806659-b339-4e68-af4a-4325c16b6026,21764d19-62cc-49fd-bac9-403aeac6a6b9,Ježica,1683
32abc648-685c-47b0-bbc4-203371ec2699,9cb18d2e-9bf3-436a-ab3a-7c52c5de1300,295616c0-387b-4f60-a337-7743cd6be04e,Bavarski dvor,917
2cde6efe-5f53-44aa-8018-76f0ea2c86f8,6d344016-1b93-4ff7-80a8-8cde0b57bd1c,fef200e9-4d98-425b-ab14-8110e2aa85d7,Drama,1836
41489be9-b3b7-4cbe-90f8-af1a435b2676,67c3adc1-a92d-4528-91ee-77d8b52574c6,c87db9be-1fba-4102-a743-0ee4317dd5af,Bavarski dvor,894
4d2fc228-0628-4897-8d77-3e71d500d36d,023d7b7a-b411-4e61-8746-b07f9e5c8f90,a719a87c-4e93-4387-a6d1-2631a487f7e0,Ajdovščina,832
f5e84751-7377-402c-974c-53276e422e70,06348c07-2fb0-4dfb-a938-aaef614a7f68,c87db9be-1fba-4102-a743-0ee4317dd5af,Bavarski dvor,3180
ac3afe7d-a2b3-4d5d-9e6a-1d2412a3bc70,e786b2df-34ed-4246-832e-7c3d538ac1f4,f33b721f-a8a3-4aad-96f2-077da09ebaa6,Razstavišče,2066
923bd774-0651-4e0a-8624-3acfb7ecd5ff,0b4a072e-6c2d-4c71-ab80-2b7142df81de,c87db9be-1fba-4102-a743-0ee4317dd5af,Bavarski dvor,1321
12304b99-9a07-485a-a101-eaca90495d48,f73d3fb2-082c-4518-8af2-45de5490df4e,1ce1c3a8-e0f6-4f90-b1aa-1448759d8b3c,Astra,2820
aaedd82f-0c53-425d-92cf-96e50bd20518,754e8f1f-a5ba-4281-8f31-fb3357744cd2,7bcbdcaa-00b9-47d4-8982-09da26cd7bcb,Zaloška,30
ecc4ae87-ae08-4b94-995c-452fdd94df7f,86a75ffc-a78f-401f-8991-2eb0371417b2,c87db9be-1fba-4102-a743-0ee4317dd5af,Bavarski dvor,460
cbf8e64b-fd0d-48ec-8fb1-03b298cc13b3,9b0074d2-2c92-4c01-830b-00be8e05b412,f33b721f-a8a3-4aad-96f2-077da09ebaa6,Razstavišče,512
c3534bc6-7bfd-43be-b46a-2b0fced57ab8,66012072-6b6b-4775-8001-0887d18e09a3,fef200e9-4d98-425b-ab14-8110e2aa85d7,Drama,516
1b3dce90-170f-4176-b47b-2b50b9407e82,a2b5023d-5ce8-420f-ad2a-b61c7a1902a8,a719a87c-4e93-4387-a6d1-2631a487f7e0,Ajdovščina,1104
1d62c3f1-903c-4350-a349-80c4573b3cdc,4ec1b435-1683-4cd7-a4d0-688cc9f3b603,98fa3880-5936-4ec8-ba04-39c7ff9a0e6a,Stara cerkev,335
7c37b809-4d6d-497c-a53d-38663e91c088,47637057-8d6a-4cf9-bd56-3ac90748fcc4,295616c0-387b-4f60-a337-7743cd6be04e,Bavarski dvor,1634
6e7cab20-d7e3-474f-9a5e-f1e0ca6fae53,1f207e67-adf9-4da6-b107-3b58051d9990,c87db9be-1fba-4102-a743-0ee4317dd5af,Bavarski dvor,407
21a5f1e3-8ac0-4023-95ca-0a3ff54099aa,9fa0b90f-dba1-4eca-8802-589425d3e8fd,98fa3880-5936-4ec8-ba04-39c7ff9a0e6a,Stara cerkev,1978
698551c1-7bb2-4f7e-9701-23b7667e8594,9a14b0ec-f13a-46f0-8c4f-07d8b99241e2,f4cfd904-bd11-4247-95df-32c4555a930f,Klinični center,669
d08c4884-9764-447f-9b79-0ef7a645222f,34afe7f1-2d09-487f-983f-19c7dd5dae82,N/A,N/A,4525
1c214818-5471-4d2a-a7b2-33464ffacdad,391bf42a-68a3-400a-baea-0c708f327325,N/A,N/A,4525
0c5f69a6-97c7-4053-bc0b-3f09dbf72f46,da656f17-9723-4cbe-a008-823cbad17c28,f14a6236-8af2-47bf-9270-432377662a63,Viadukt,457
7310c006-62b8-4f94-bb9c-d5c26cb3faad,1ef524bd-2bf3-4c47-add3-044374897443,b59656a4-b6e7-4b87-977c-078c59088a50,Hajdrihova,541
a999f83e-4e6a-4ef9-9a10-e4a2c8a4a182,9ab2717b-1396-4885-bb5b-9857d7195d0d,fef200e9-4d98-425b-ab14-8110e2aa85d7,Drama,280
363e4763-df83-4814-99d2-879d448d5910,223f660b-c391-4120-bf3c-7bf06781686b,cdabf1ea-b04c-480a-8359-72c46e6864ab,Bežigrad,835
1faa072c-478b-4656-8df3-84167a9a4bbb,e1e80207-5c23-47c0-a63a-121003b22807,fef200e9-4d98-425b-ab14-8110e2aa85d7,Drama,2909
1f9fad8e-d59c-494c-bdd1-1983afacb755,e97befb6-5dc6-4603-ad5e-3aa96b4b2221,5d7f28a6-2a2a-4333-aa06-48edfb652f86,Pošta,1001
95eee7e8-237d-4410-a9bf-00c6f88129c1,7c149b59-2bc6-45cb-95c8-69e18a0db627,c87db9be-1fba-4102-a743-0ee4317dd5af,Bavarski dvor,2226
b4ffcb65-e60f-478d-806b-e7ae83f1a39d,d72032c7-d4b0-4eee-a87c-593985a42266,1ce1c3a8-e0f6-4f90-b1aa-1448759d8b3c,Astra,764
9583dbdd-06fd-411e-88dd-af8f89e2caaa,1505c6fe-6080-424e-98d1-24c312cfacf3,7fa32ea0-e884-435a-a81c-51bbd5cedf3e,Zaloška,2554
ea91e672-f4a8-40cb-af62-214726551a93,9c2e9262-7afe-44d3-8aaf-80afd45f9118,c87db9be-1fba-4102-a743-0ee4317dd5af,Bavarski dvor,1002
815a2c5e-19a1-41b0-bca4-69dca8912326,9cb18d2e-9bf3-436a-ab3a-7c52c5de1300,717dda7e-d793-4697-8f60-b64ee8b1edc4,Gosposvetska,2430
7e780e7f-3665-4ec7-a910-eaf6e9d82551,7ad25867-5c97-4f9f-9b1b-4966436f7fbf,5d7f28a6-2a2a-4333-aa06-48edfb652f86,Pošta,3273
1d62c3f1-903c-4350-a349-80c4573b3cdc,0df2ffa6-b1c8-44d0-900c-8b23b37794df,484b5c91-1220-43ba-af79-84e712fcc46b,Slovenija avto,25
e82569a6-73f3-4002-b7b5-0f83ee167535,a6b87518-2a7f-4505-898f-245ebe23c909,5d7f28a6-2a2a-4333-aa06-48edfb652f86,Pošta,488
2f18bcfa-6189-4de4-b06f-132d3392e7d6,1a3351a1-563e-4174-b402-54bc0e2f5191,47a3bd8a-72ae-4e20-b43f-10bfaf49012c,Ob sotočju,650
86a75ffc-a78f-401f-8991-2eb0371417b2,813b7c8c-5236-405a-bb0d-092a5d93c2a6,484b5c91-1220-43ba-af79-84e712fcc46b,Slovenija avto,3797
f073b9d9-a3e3-4d04-a209-0db55377b79e,59ee5f7d-476b-4958-a922-2040a9308f3b,f33b721f-a8a3-4aad-96f2-077da09ebaa6,Razstavišče,118
5881f75e-9383-49b0-811d-04c864ba1605,56dbd8ff-6ec8-4186-b46c-f74ddb5a304a,48b163cd-b819-4849-aee1-8b1da77657ab,Šentvid,14
441545fb-7a0c-4555-aea8-01cbe6c14ea3,b4ffcb65-e60f-478d-806b-e7ae83f1a39d,a719a87c-4e93-4387-a6d1-2631a487f7e0,Ajdovščina,67
db046e79-c658-433c-8812-157fd965a9f6,219086ca-bdcb-4092-bd82-3d372b9b73ce,fef200e9-4d98-425b-ab14-8110e2aa85d7,Drama,490
769b7bc7-4f95-4bb2-9c99-37ba8e8b4bd5,1ce1c3a8-e0f6-4f90-b1aa-1448759d8b3c,c87db9be-1fba-4102-a743-0ee4317dd5af,Bavarski dvor,1045
a769d1e9-8727-4190-b56c-5cdd8a49333d,2b223d0c-f8ec-4970-815c-bfe26c3ffc09,295616c0-387b-4f60-a337-7743cd6be04e,Bavarski dvor,1779
f2bac6f5-5bbc-4f15-acdd-014d86770ce9,c5ec5e81-2ce4-452d-bd7a-595de4f8b34f,8c7fa045-888b-46d0-8189-6f82623bf481,Poljanska,2657
c3534bc6-7bfd-43be-b46a-2b0fced57ab8,cbf8e64b-fd0d-48ec-8fb1-03b298cc13b3,N/A,N/A,4525
a41f5786-6b70-4224-bcde-e6fbaac4c21b,278a9d60-64c7-4bfa-aad0-24068aa760af,fef200e9-4d98-425b-ab14-8110e2aa85d7,Drama,91
bbfc6d44-94da-4cfd-b22a-368a2b11ce20,45b36327-9a1a-4cd5-8261-53217326b22f,6a89c110-a0f8-4b1a-87f0-33f49c0a658e,Šola Jarše,1915
2b223d0c-f8ec-4970-815c-bfe26c3ffc09,7e0c8a32-21cb-46dc-8e50-9c4675dfa322,b59656a4-b6e7-4b87-977c-078c59088a50,Hajdrihova,84
5d1e404b-1606-457e-8d2b-4e3e80139532,1035c6f7-304e-4329-a3b2-4eb5d985a577,a719a87c-4e93-4387-a6d1-2631a487f7e0,Ajdovščina,563
34afe7f1-2d09-487f-983f-19c7dd5dae82,111b2cdc-67ca-47bc-a8eb-8a4c6a0674d9,c87db9be-1fba-4102-a743-0ee4317dd5af,Bavarski dvor,182
68075aa0-144c-4f6e-93ef-e93dfc35df78,1ce1c3a8-e0f6-4f90-b1aa-1448759d8b3c,5d7f28a6-2a2a-4333-aa06-48edfb652f86,Pošta,637
dd57f39b-be0f-479e-bc35-5bd2edf98ff2,192b7b6a-b138-4569-a4f3-86bef6b20810,717dda7e-d793-4697-8f60-b64ee8b1edc4,Gosposvetska,2300
59ee5f7d-476b-4958-a922-2040a9308f3b,21fba303-9465-42e6-8942-eaff85a2b40c,a719a87c-4e93-4387-a6d1-2631a487f7e0,Ajdovščina,244
0eca6015-5429-4289-a76c-4ec9ef707e67,45754ca7-bffd-4bcf-96df-952e59574dde,98fa3880-5936-4ec8-ba04-39c7ff9a0e6a,Stara cerkev,742
e57aad1d-457e-401f-b26d-306b4fd836eb,e74131c6-ac2f-477b-9693-10bb5ab9f24b,N/A,N/A,4525
b8533150-cf69-441a-8fc4-18f39cbef16b,84578591-7543-4105-8465-9df30256360d,e6f5183b-c615-4f47-b4fb-204ee070e825,Bežigrad,1902
8f56b058-1ae3-44f5-8600-4330f2264d78,25ad5579-f6a0-4f35-a0c9-0678b41e9dde,fef200e9-4d98-425b-ab14-8110e2aa85d7,Drama,1025
b4ffcb65-e60f-478d-806b-e7ae83f1a39d,db9f7130-0bc2-4f3e-b8cd-07cfe96b1f8f,5d7f28a6-2a2a-4333-aa06-48edfb652f86,Pošta,2074
b0b32562-f5dc-4183-abba-5729adf98088,339ec74c-f45b-4f23-98b8-7ac67486ff6d,295616c0-387b-4f60-a337-7743cd6be04e,Bavarski dvor,3240
30c30bf5-75c4-4dc0-995f-4679ef54d37c,548dbdee-83b0-497b-acc1-e15b34899d42,f4cfd904-bd11-4247-95df-32c4555a930f,Klinični center,516
249f3d10-f5f0-467b-8f60-f35fd62d9054,154f3596-bbbb-4038-9ad7-c4b8b5288a02,6a89c110-a0f8-4b1a-87f0-33f49c0a658e,Šola Jarše,1359
98f728a3-94a6-4911-98d7-64ab88097036,938c9405-72bb-4acd-bace-a75abcf2f9cb,295616c0-387b-4f60-a337-7743cd6be04e,Bavarski dvor,1242
5c38ad77-8124-42b3-810f-04703daec8b4,4038e02e-f22f-4af0-ba4f-7aab855b53af,fef200e9-4d98-425b-ab14-8110e2aa85d7,Drama,1098
f33b721f-a8a3-4aad-96f2-077da09ebaa6,d123fde4-aa91-49c3-83df-5ebf12af4e59,fef200e9-4d98-425b-ab14-8110e2aa85d7,Drama,573
b5400e28-b0c3-4a02-9da2-084c465bd1d3,d4c51b31-46fd-4da8-ba15-8068e666d483,454817d3-3750-49c7-994c-14d06fd2c634,Žale,347
010c271e-49ca-45a5-91ac-8ba8d41ee7f3,0b6c7b97-410c-48fa-be23-430c316f9b10,c87db9be-1fba-4102-a743-0ee4317dd5af,Bavarski dvor,1563
666bd186-7a9a-4e20-a466-e7b1918dda9b,aa31554f-8623-42db-aedd-ad9a8f562e4c,5d7f28a6-2a2a-4333-aa06-48edfb652f86,Pošta,3419
9f01f25f-9a5b-459a-96da-222ef81faf51,3cb0ccbb-9b91-4d71-bd27-2acef732be4c,5d7f28a6-2a2a-4333-aa06-48edfb652f86,Pošta,730
2e6c059c-0305-47bb-9ca8-00a2123039e9,d9224caa-d582-4152-88e0-be720677fe16,5d7f28a6-2a2a-4333-aa06-48edfb652f86,Pošta,2026
538ab00b-ee39-44e8-b5a4-62c2c6215bf6,30e58784-86f6-4d93-8630-3cc3fc93c6f3,a719a87c-4e93-4387-a6d1-2631a487f7e0,Ajdovščina,3085
271db19a-744b-41a0-869d-0c3e0e2cb6bf,05bd4cbd-b014-4cfd-8ca9-3c82b0a59114,c87db9be-1fba-4102-a743-0ee4317dd5af,Bavarski dvor,427
1f9fad8e-d59c-494c-bdd1-1983afacb755,9583dbdd-06fd-411e-88dd-af8f89e2caaa,6182f8e8-c45e-4606-b4a4-d909bd44d2cc,Gornji trg,443
a2ce7e6f-0f99-443a-a973-81a0b9c60261,2265e4de-a537-4f97-882b-c94c24aabfb0,a0b1fb90-3f6a-4231-910a-18be192ac762,Flajšmanova,625
ee095f27-439e-42e7-9e5c-e77b0903c31f,49f28358-bfda-458e-a4b3-a45f602765c1,N/A,N/A,4525
5d7f28a6-2a2a-4333-aa06-48edfb652f86,9143c575-806f-4ba0-81bc-8199f0b0b4d0,717dda7e-d793-4697-8f60-b64ee8b1edc4,Gosposvetska,828
cb05ea76-5fc1-4162-b432-a914b63604d0,4d216485-ef41-45e7-9182-0c254644955c,a719a87c-4e93-4387-a6d1-2631a487f7e0,Ajdovščina,945
923bd774-0651-4e0a-8624-3acfb7ecd5ff,76ec8af8-07c2-4d44-b0d8-a439d381913f,484b5c91-1220-43ba-af79-84e712fcc46b,Slovenija avto,278
9276fcfb-0f7e-4df3-b827-325600851526,f1b7471e-db71-49da-846d-1232cb3e8f8f,5d7f28a6-2a2a-4333-aa06-48edfb652f86,Pošta,924
21764d19-62cc-49fd-bac9-403aeac6a6b9,9a480b5e-0283-4130-a5e2-9d5e996caa4f,f33b721f-a8a3-4aad-96f2-077da09ebaa6,Razstavišče,503
639551cf-fe23-4363-8ccd-655bc5d4119e,d4d4230a-5247-4071-baa4-463321d9d934,fef200e9-4d98-425b-ab14-8110e2aa85d7,Drama,2066
97788808-915f-4405-b54e-7ec5f95f7330,108e7dc8-ca5d-4c91-9414-32a32a31b69a,N/A,N/A,4525
e2499103-6634-4d8e-87a8-68dc5ef6340c,1e4be02a-ac61-41bc-b9b5-1ef7850313ed,fef200e9-4d98-425b-ab14-8110e2aa85d7,Drama,1119
fb7704f0-d31e-4561-83e4-621a8c62654b,cf22c7c2-776f-4bd7-ae1a-dc4f25983c19,484b5c91-1220-43ba-af79-84e712fcc46b,Slovenija avto,523
72e6ae6e-bd4b-4946-a032-7ff9b8b41039,fcec9e7a-1c9e-4214-96dd-d071550349e6,7fad8003-fb10-489d-bf8d-6d433310ad90,Nove Jarše,2508
ec88f05d-3035-4f09-8560-72571bc0b125,2323bf9e-1a47-4409-b9c8-398a035c8d12,295616c0-387b-4f60-a337-7743cd6be04e,Bavarski dvor,578
f174a648-9e84-492d-9ccd-0756b49c773b,bd1a0fbd-1593-4552-a76f-681c59333d6b,fef200e9-4d98-425b-ab14-8110e2aa85d7,Drama,522
2f874852-bc80-4ff3-b6bf-a914e31251c8,9c2e9262-7afe-44d3-8aaf-80afd45f9118,9b0074d2-2c92-4c01-830b-00be8e05b412,Cukrarna,926
f15ddf31-fc11-41ba-988d-376c83e38f58,7c166e7c-6fe0-44bd-b124-0013473f227a,aa42017d-812a-4175-bc9b-0fec03b18931,Ambrožev trg,507
64ea9f57-1f7f-465e-8721-55e26faee36a,4ab506fa-0fcd-431b-ace7-19ffa5f0576a,5d7f28a6-2a2a-4333-aa06-48edfb652f86,Pošta,1362
1cc5f00f-c982-4016-8553-40a3da4f36ad,abc9fd26-5442-468b-93b6-4d5eb76d0f1f,c87db9be-1fba-4102-a743-0ee4317dd5af,Bavarski dvor,2799
1f4702d4-6b02-4ad3-aa9b-118ff9aa3474,0b9c5011-4f2d-4753-914f-500532b0dbeb,N/A,N/A,4525
d4d4230a-5247-4071-baa4-463321d9d934,318d4398-e152-498b-b4ff-1344c67adba6,48b163cd-b819-4849-aee1-8b1da77657ab,Šentvid,2392
fcccf4af-4f16-4edc-ba5a-585c434593fe,2d6504e9-c938-417e-9b55-32d6514bc744,fef200e9-4d98-425b-ab14-8110e2aa85d7,Drama,46
bc66f88b-1412-44cb-b921-030d27335261,117abbb4-5575-4020-aac4-2048f8d34b50,7eb88e01-82e9-4af4-84d0-69c6ea9dc82c,Kolodvor,1481
9143c575-806f-4ba0-81bc-8199f0b0b4d0,a6b87518-2a7f-4505-898f-245ebe23c909,fef200e9-4d98-425b-ab14-8110e2aa85d7,Drama,2750
1035c6f7-304e-4329-a3b2-4eb5d985a577,548a85bd-f15f-427b-ad90-43cb50e9e31a,b59656a4-b6e7-4b87-977c-078c59088a50,Hajdrihova,1472
46f20d33-601c-4ef6-b86c-7c2bb4af52fa,53806659-b339-4e68-af4a-4325c16b6026,717dda7e-d793-4697-8f60-b64ee8b1edc4,Gosposvetska,74
d987aa3a-ae4a-42f6-bc9b-79c41dcf055a,db9f7130-0bc2-4f3e-b8cd-07cfe96b1f8f,4038e02e-f22f-4af0-ba4f-7aab855b53af,Kneza Koclja,20
a2b5023d-5ce8-420f-ad2a-b61c7a1902a8,c3534bc6-7bfd-43be-b46a-2b0fced57ab8,fef200e9-4d98-425b-ab14-8110e2aa85d7,Drama,1568
8fbf17ab-413b-442c-9c6a-0eb8873a4755,05bd4cbd-b014-4cfd-8ca9-3c82b0a59114,c5ec5e81-2ce4-452d-bd7a-595de4f8b34f,Prušnikova,1681
f4cfd904-bd11-4247-95df-32c4555a930f,1308dcf9-a9e1-4e54-95c9-0f2afaac889b,295616c0-387b-4f60-a337-7743cd6be04e,Bavarski dvor,2033
efecc3aa-ae68-4374-bc24-334280abcf3f,ba6f47bf-d346-4ccb-8669-13b974d863a6,N/A,N/A,4525
79a5bacd-8b59-4d83-99e8-26e3c5b1490b,5dcffe2a-1c73-4f7c-bdac-4084bb5201aa,N/A,N/A,4525
717c914e-f928-4671-95f6-26c1ddb95799,7484317c-269f-425f-8118-23eedab4e5f1,b59656a4-b6e7-4b87-977c-078c59088a50,Hajdrihova,217
8fc42c89-96e2-4c69-a2b4-44d505f27ce9,ca575a45-9c95-4348-9245-8c75f70130b3,N/A,N/A,4525
81b6f6ad-6dd6-4e3f-a0bd-754a65a3e57b,91fb6c6e-49cf-49d3-97d4-6ae228f9bfa1,484b5c91-1220-43ba-af79-84e712fcc46b,Slovenija avto,619
30e58784-86f6-4d93-8630-3cc3fc93c6f3,08506f21-8675-4972-a359-ba9412a1da49,fef200e9-4d98-425b-ab14-8110e2aa85d7,Drama,2626
a52cd7ac-c11e-4c8b-94a5-1a12b32595da,ccd8a655-468b-4728-a26d-7981bbdd7dec,88cdd36c-03d2-4374-a22f-110dd9f75ea0,Kajuhova,1105
24df120e-0d0c-4353-8dda-c7ef0dc3dd5c,f174a648-9e84-492d-9ccd-0756b49c773b,N/A,N/A,4525
f1d7dbc8-d84b-4550-a3bd-e4748a677e9d,b7b7ac00-59bb-41eb-833d-ad309d24e68a,c87db9be-1fba-4102-a743-0ee4317dd5af,Bavarski dvor,67
567980fa-7783-411d-9c67-55b44d753880,4e8ccfa1-b58c-4ee1-ad82-2e8a645071f3,7fad8003-fb10-489d-bf8d-6d433310ad90,Nove Jarše,278
8648bfde-9b0f-4a64-aced-fe63aa923879,d5735919-60bb-4720-a695-9f5155a4f109,9b0074d2-2c92-4c01-830b-00be8e05b412,Cukrarna,2542
6d344016-1b93-4ff7-80a8-8cde0b57bd1c,6672b8cb-e56d-420a-a5e7-fc86e8aa3647,N/A,N/A,4525
b2dd1684-0848-40f7-b10e-8f74bb005f2f,7fad8003-fb10-489d-bf8d-6d433310ad90,N/A,N/A,4525
91745353-dd19-49ee-beaf-332e546dcceb,77c4dfcc-1122-4896-9983-8a5bd11320de,b59656a4-b6e7-4b87-977c-078c59088a50,Hajdrihova,2409
48507e1a-32df-4552-9448-3b345760b75f,56dbd8ff-6ec8-4186-b46c-f74ddb5a304a,fef200e9-4d98-425b-ab14-8110e2aa85d7,Drama,1841
9fa0b90f-dba1-4eca-8802-589425d3e8fd,5d91512b-af7f-4bbe-9dde-17f402fbf590,295616c0-387b-4f60-a337-7743cd6be04e,Bavarski dvor,4100
ecc4ae87-ae08-4b94-995c-452fdd94df7f,300f1367-4ba4-4416-90e4-caa8f33e9144,a719a87c-4e93-4387-a6d1-2631a487f7e0,Ajdovščina,50
76f20fbf-afc4-4c7d-b51c-14f0878b38d8,4fddf4a7-ad4e-4630-a5ca-3267955db548,N/A,N/A,4525
f1bc11ca-7516-447a-b826-7051c5306af7,9cc88862-270a-409a-b450-e0003c7930af,f33b721f-a8a3-4aad-96f2-077da09ebaa6,Razstavišče,1684
f414efd9-d697-4bbe-abb6-c9e09fd73514,258aeffc-294a-4919-bfb0-34f90dc19892,N/A,N/A,4525
eee4abae-e720-4776-b6c7-0099d0119246,59faa0f0-34b1-47cd-ba3a-3b6f0d684c00,9cfac7e2-9653-4e52-a6d3-27756d27f817,Kino Šiška,24
36c4949b-403b-4a76-87e3-d67f51d655ef,f496ecc3-28fe-4361-9da8-428bbf3bd672,9cfac7e2-9653-4e52-a6d3-27756d27f817,Kino Šiška,540
10449641-799e-4ee4-a712-a6e3a9aefc27,889e3719-7d29-4888-b690-5a1531d2930e,c87db9be-1fba-4102-a743-0ee4317dd5af,Bavarski dvor,1988
bb606ad8-8a10-4034-9862-60cc177d2455,9276fcfb-0f7e-4df3-b827-325600851526,6a89c110-a0f8-4b1a-87f0-33f49c0a658e,Šola Jarše,1730
ea91e672-f4a8-40cb-af62-214726551a93,bd001f58-6e58-49e9-877f-1fa36964fbc2,484b5c91-1220-43ba-af79-84e712fcc46b,Slovenija avto,1576
a3aeed02-8e36-4cb0-bb08-25cc4afda164,c0ff37c8-ac6c-4284-ad32-0ad29fd30dc2,48b163cd-b819-4849-aee1-8b1da77657ab,Šentvid,1079
1308dcf9-a9e1-4e54-95c9-0f2afaac889b,391bf42a-68a3-400a-baea-0c708f327325,f33b721f-a8a3-4aad-96f2-077da09ebaa6,Razstavišče,1531
87785aa3-128e-4f15-82b0-d8c3cfa6076f,3d9e90f6-2b67-4f24-9cc4-7c2063a08410,f33b721f-a8a3-4aad-96f2-077da09ebaa6,Razstavišče,51
5fe363f3-8297-448b-bde3-08f690c92d1b,d3a6cbf3-65f0-4db8-9a10-1460763eac8e,f33b721f-a8a3-4aad-96f2-077da09ebaa6,Razstavišče,629
46847a61-d68a-4d2c-ad76-18e043d41430,a378ce5e-57ce-4c52-b219-568674b5cd5e,c87db9be-1fba-4102-a743-0ee4317dd5af,Bavarski dvor,1339
77c4dfcc-1122-4896-9983-8a5bd11320de,51e04e1d-9ea1-432d-8b79-09e6c2a7be7b,fef200e9-4d98-425b-ab14-8110e2aa85d7,Drama,787
da9650a3-6ec7-4cdb-95f2-a68851587dfc,25c85d19-456c-4188-b563-15ad467a54c7,295616c0-387b-4f60-a337-7743cd6be04e,Bavarski dvor,1584
81f21fc1-3bd2-4d2a-b563-2d063479c68e,06348c07-2fb0-4dfb-a938-aaef614a7f68,295616c0-387b-4f60-a337-7743cd6be04e,Bavarski dvor,89
59ee5f7d-476b-4958-a922-2040a9308f3b,83a62071-0161-47a2-b745-eafb5e945632,fef200e9-4d98-425b-ab14-8110e2aa85d7,Drama,4188
08f2fb98-afdf-4961-b419-1bca7f5568ab,0b6960bb-2431-48c3-9e64-3cbf5c57ea96,ef31a8be-b01d-44cd-95cf-3db8e918af26,Emona,242
0b9c5011-4f2d-4753-914f-500532b0dbeb,452f2b51-98fb-4a7c-bb0a-44577eb5e12b,N/A,N/A,4525
6c56976b-4ae1-429f-bcab-0cfc37e3580d,7c37b809-4d6d-497c-a53d-38663e91c088,5d7f28a6-2a2a-4333-aa06-48edfb652f86,Pošta,1008
47252dc3-dbd8-43df-898b-0a3fb27ffc93,0dc86a8f-0f41-44c7-978c-e06cb63cbbcf,717dda7e-d793-4697-8f60-b64ee8b1edc4,Gosposvetska,792
e333d90d-3eef-4d82-9e00-ebe693e2f389,125d4928-6b97-4a4b-af34-a2d1564c029c,fef200e9-4d98-425b-ab14-8110e2aa85d7,Drama,1017
406d6bb7-147c-4853-a917-e5c437b025e6,eba0daca-3696-4f72-a1dd-5f7b5fd02a63,N/A,N/A,4525
fa96d420-d1af-4ad0-bf6a-4544deb1c5eb,34f3ddda-e732-4b53-bfb2-8773b5cd6eac,769b7bc7-4f95-4bb2-9c99-37ba8e8b4bd5,D. MOST P+R,2429
5881f75e-9383-49b0-811d-04c864ba1605,71480129-1108-4659-bb1b-d62897a81d02,454817d3-3750-49c7-994c-14d06fd2c634,Žale,849
c2827897-b9fe-4bfc-b4ed-880f11a2359e,81f21fc1-3bd2-4d2a-b563-2d063479c68e,b59656a4-b6e7-4b87-977c-078c59088a50,Hajdrihova,1325
cbf8e64b-fd0d-48ec-8fb1-03b298cc13b3,b91edda3-a147-4599-bebf-85e145de085b,295616c0-387b-4f60-a337-7743cd6be04e,Bavarski dvor,478
eb165f50-9c43-4b09-9658-469a16d3dc83,ee095f27-439e-42e7-9e5c-e77b0903c31f,c87db9be-1fba-4102-a743-0ee4317dd5af,Bavarski dvor,3413
4c277b3f-c427-404b-ace3-2cd51656318f,48507e1a-32df-4552-9448-3b345760b75f,fef200e9-4d98-425b-ab14-8110e2aa85d7,Drama,3519
6efecef0-52ba-4a47-9991-9bab5ce31340,07b4c585-66cf-49d7-906c-50f1122c8e9e,fef200e9-4d98-425b-ab14-8110e2aa85d7,Drama,214
45303500-8b0e-4779-9abd-433b5f8b2838,ed50f692-09f9-409e-b7d6-05ff7711de6b,6182f8e8-c45e-4606-b4a4-d909bd44d2cc,Gornji trg,1442
30cf2ed7-2cf0-4764-ab64-78206968d5ba,7ea32e84-b8d9-498b-9f03-5a66990012b9,f33b721f-a8a3-4aad-96f2-077da09ebaa6,Razstavišče,4233
53f8224f-99e5-4c34-9f77-3621bbe9ce99,392949a1-1ada-4196-9073-6f392638ca49,c87db9be-1fba-4102-a743-0ee4317dd5af,Bavarski dvor,812
52e5d1c1-28c9-4ed2-b0ec-5bf7311be753,e26da28a-b9c3-41b8-b57f-87b289b38e08,fef200e9-4d98-425b-ab14-8110e2aa85d7,Drama,639
100da88e-4c5f-4188-bd11-d4f3fc80fb74,2d6504e9-c938-417e-9b55-32d6514bc744,295616c0-387b-4f60-a337-7743cd6be04e,Bavarski dvor,1187
a12cff7f-91e5-4f1e-be40-1a9b34ae792a,76ec8af8-07c2-4d44-b0d8-a439d381913f,c87db9be-1fba-4102-a743-0ee4317dd5af,Bavarski dvor,1497
4fddf4a7-ad4e-4630-a5ca-3267955db548,1b3dce90-170f-4176-b47b-2b50b9407e82,484b5c91-1220-43ba-af79-84e712fcc46b,Slovenija avto,631
223f660b-c391-4120-bf3c-7bf06781686b,8b5f91a6-23b7-4786-96f9-a80c6d668e18,9b0074d2-2c92-4c01-830b-00be8e05b412,Cukrarna,495
dadea785-0c6b-4054-9882-37227de3df4b,8fbf17ab-413b-442c-9c6a-0eb8873a4755,c22879e5-8e90-4540-9a74-5f139208e492,Friškovec,661
2388ce1f-c947-42d7-97f3-e01a7254c933,10d57057-b305-4b7a-806b-3373014db962,N/A,N/A,4525
249f3d10-f5f0-467b-8f60-f35fd62d9054,d3a06374-ab12-456b-9c00-55461af341fa,295616c0-387b-4f60-a337-7743cd6be04e,Bavarski dvor,1959
62feeb73-9af7-43ee-8714-1b435ec20263,d123fde4-aa91-49c3-83df-5ebf12af4e59,b59656a4-b6e7-4b87-977c-078c59088a50,Hajdrihova,1429
88cdd36c-03d2-4374-a22f-110dd9f75ea0,16d19639-a788-4df6-a168-6f8c3652ded7,98fa3880-5936-4ec8-ba04-39c7ff9a0e6a,Stara cerkev,569
6a0b25cc-428e-47b5-831a-e89facfa7f26,d7d791d9-02e0-4369-be0c-1546fc2044a4,8c7fa045-888b-46d0-8189-6f82623bf481,Poljanska,2651
2388ce1f-c947-42d7-97f3-e01a7254c933,4ca9e64c-29ad-4391-a6f2-7e1ae022d5bf,N/A,N/A,4525
66eec6a2-dfde-4d98-b690-e47f200367fd,ee095f27-439e-42e7-9e5c-e77b0903c31f,b59656a4-b6e7-4b87-977c-078c59088a50,Hajdrihova,2645
bff8345d-1b72-4b41-8b8d-cb8a5483a2e4,0be237aa-4b91-4d2b-ac23-0cebac975a0d,c87db9be-1fba-4102-a743-0ee4317dd5af,Bavarski dvor,4333
410b424b-5f4d-4137-bc20-7d1f328540a3,2154edb8-16e2-4334-8878-9e38abcdf06a,6182f8e8-c45e-4606-b4a4-d909bd44d2cc,Gornji trg,978
c568fe2e-477f-4af2-ad68-cb8111f361d0,0df2ffa6-b1c8-44d0-900c-8b23b37794df,a0b1fb90-3f6a-4231-910a-18be192ac762,Flajšmanova,270
5881f75e-9383-49b0-811d-04c864ba1605,7a52a73a-cc0e-4c61-b9bc-306157727e1c,484b5c91-1220-43ba-af79-84e712fcc46b,Slovenija avto,1609
d9f26e1a-77fc-48b0-a024-93fd38eb88a4,0b90d258-764d-4c06-aab0-7074dbd54182,023d7b7a-b411-4e61-8746-b07f9e5c8f90,Ambrožev trg,1179
9143c575-806f-4ba0-81bc-8199f0b0b4d0,f174a648-9e84-492d-9ccd-0756b49c773b,6182f8e8-c45e-4606-b4a4-d909bd44d2cc,Gornji trg,630
5fe363f3-8297-448b-bde3-08f690c92d1b,33613e0e-f41c-4cee-804a-3942bf698e3e,295616c0-387b-4f60-a337-7743cd6be04e,Bavarski dvor,728
9807573b-8821-40e4-b891-a5cea6e23b3d,32abc648-685c-47b0-bbc4-203371ec2699,484b5c91-1220-43ba-af79-84e712fcc46b,Slovenija avto,1144
79d89180-8b07-4127-b7b4-1ac03d1cee9f,1a3351a1-563e-4174-b402-54bc0e2f5191,9cfac7e2-9653-4e52-a6d3-27756d27f817,Kino Šiška,759
912792ae-7f7e-4295-8064-38ea96a5dc4a,169789c5-0251-47a6-800a-74ff3dffe04d,N/A,N/A,4525
6a89c110-a0f8-4b1a-87f0-33f49c0a658e,f073b9d9-a3e3-4d04-a209-0db55377b79e,c87db9be-1fba-4102-a743-0ee4317dd5af,Bavarski dvor,19
2a7d32ca-24a1-41ac-a273-0cbcdec59336,c93954aa-7aad-4fca-9f7a-721d37f0474e,aa42017d-812a-4175-bc9b-0fec03b18931,Ambrožev trg,1831
815a2c5e-19a1-41b0-bca4-69dca8912326,77c4dfcc-1122-4896-9983-8a5bd11320de,b59656a4-b6e7-4b87-977c-078c59088a50,Hajdrihova,502
b0d473cd-f35e-4a30-8d0d-70f16b92e8e8,1a3351a1-563e-4174-b402-54bc0e2f5191,c87db9be-1fba-4102-a743-0ee4317dd5af,Bavarski dvor,725
2bf898b0-1247-4e84-87e2-2e044e580c8f,e468b92f-fa4a-4819-bb11-37761deaf4ca,c87db9be-1fba-4102-a743-0ee4317dd5af,Bavarski dvor,483
27788b38-4743-4e04-9b9c-94faeeeb2d34,bc19ad1c-00fc-47f1-926e-ddeb12f686ba,295616c0-387b-4f60-a337-7743cd6be04e,Bavarski dvor,3694
81b6f6ad-6dd6-4e3f-a0bd-754a65a3e57b,fbd1dfb0-4a6f-4160-ad52-5ccb69530195,a719a87c-4e93-4387-a6d1-2631a487f7e0,Ajdovščina,78
5a06b853-39a7-479d-ac40-fafa659fd896,9cd1e7f8-8ccf-4469-bc25-25d138605c67,N/A,N/A,4525
397418bc-78a7-45c9-b5cf-374fe21cee11,2e62f411-936d-4a10-96ed-2d8fe95d6d65,fef200e9-4d98-425b-ab14-8110e2aa85d7,Drama,130
2265e4de-a537-4f97-882b-c94c24aabfb0,d7d791d9-02e0-4369-be0c-1546fc2044a4,7fa32ea0-e884-435a-a81c-51bbd5cedf3e,Zaloška,1407
48c9ec48-2b87-4945-a077-808839f98e74,cad3370f-7a28-4a47-8d5a-187adab3ca21,c87db9be-1fba-4102-a743-0ee4317dd5af,Bavarski dvor,3207
15af3c66-ad74-4f41-92f7-92e2ff72a51d,edc8bf1d-d4f1-4c5b-8112-e4fa71a02bae,88cdd36c-03d2-4374-a22f-110dd9f75ea0,Kajuhova,1136
2323bf9e-1a47-4409-b9c8-398a035c8d12,aa113271-655f-423f-ad7e-4cfaba2eb739,f33b721f-a8a3-4aad-96f2-077da09ebaa6,Razstavišče,242
6c56976b-4ae1-429f-bcab-0cfc37e3580d,fc3967fb-5520-4fff-a819-f625242182e5,f33b721f-a8a3-4aad-96f2-077da09ebaa6,Razstavišče,494
ab987eb0-c970-4577-8db9-0cd507a6cab6,b0b32562-f5dc-4183-abba-5729adf98088,295616c0-387b-4f60-a337-7743cd6be04e,Bavarski dvor,2992
8fbf17ab-413b-442c-9c6a-0eb8873a4755,af820908-f71f-4c46-82c2-e7616f9c21fb,fef200e9-4d98-425b-ab14-8110e2aa85d7,Drama,1747
a6b87518-2a7f-4505-898f-245ebe23c909,e7789f42-0ad7-44d1-974b-42a3f4957291,6182f8e8-c45e-4606-b4a4-d909bd44d2cc,Gornji trg,27
4ca9e64c-29ad-4391-a6f2-7e1ae022d5bf,e1e80207-5c23-47c0-a63a-121003b22807,5d7f28a6-2a2a-4333-aa06-48edfb652f86,Pošta,530
66eec6a2-dfde-4d98-b690-e47f200367fd,f2920a77-6c6c-494d-96b7-2a8caf8f374f,c87db9be-1fba-4102-a743-0ee4317dd5af,Bavarski dvor,85
d6ae97e7-23b5-48d6-a9fa-2a2624e9f434,21fba303-9465-42e6-8942-eaff85a2b40c,1ce1c3a8-e0f6-4f90-b1aa-1448759d8b3c,Astra,1996
d987aa3a-ae4a-42f6-bc9b-79c41dcf055a,e333d90d-3eef-4d82-9e00-ebe693e2f389,484b5c91-1220-43ba-af79-84e712fcc46b,Slovenija avto,4033
d9a82add-03d0-47d8-9f35-117b7a5ded44,9a480b5e-0283-4130-a5e2-9d5e996caa4f,454817d3-3750-49c7-994c-14d06fd2c634,Žale,199
938c9405-72bb-4acd-bace-a75abcf2f9cb,3edd6057-3847-4c42-b8ec-6e89ff95793a,295616c0-387b-4f60-a337-7743cd6be04e,Bavarski dvor,20
08506f21-8675-4972-a359-ba9412a1da49,9c3d9f7c-69df-4a48-8f1a-d25e7a922ac3,769b7bc7-4f95-4bb2-9c99-37ba8e8b4bd5,D. MOST P+R,4157
1e157c31-d34d-4c2e-91b4-8c000c88f6dd,2c0475be-44e7-4f0f-a06d-2c1b4ca15677,cdabf1ea-b04c-480a-8359-72c46e6864ab,Bežigrad,631
1aa7e441-8646-4d1d-88bd-ab004758ffc4,a2b5023d-5ce8-420f-ad2a-b61c7a1902a8,f14a6236-8af2-47bf-9270-432377662a63,Viadukt,2012
7b687edb-dc47-4b68-a13e-34713cababe9,bb606ad8-8a10-4034-9862-60cc177d2455,4d216485-ef41-45e7-9182-0c254644955c,Sava,2751
af2956ba-d922-4ec4-bfa7-b623c29e8b3e,659ee31d-ae12-4498-8507-28579d322e32,eb165f50-9c43-4b09-9658-469a16d3dc83,Kodeljevo,3415
5de84f88-3f32-4636-8c30-03cc267ecf37,af820908-f71f-4c46-82c2-e7616f9c21fb,fef200e9-4d98-425b-ab14-8110e2aa85d7,Drama,854
54c591c0-7bbb-4489-9229-57b18f95827a,352f5cae-25c9-41c5-ab70-268bf64107f0,f33b721f-a8a3-4aad-96f2-077da09ebaa6,Razstavišče,113
379bc761-04b5-4227-be76-3b870fe3e69f,235d7e56-4520-4691-b7d9-7588f7306e1d,484b5c91-1220-43ba-af79-84e712fcc46b,Slovenija avto,472
ea91e672-f4a8-40cb-af62-214726551a93,9143c575-806f-4ba0-81bc-8199f0b0b4d0,5d7f28a6-2a2a-4333-aa06-48edfb652f86,Pošta,1852
0614b134-0950-4f6b-bc8f-fb73a0881bc1,548a85bd-f15f-427b-ad90-43cb50e9e31a,295616c0-387b-4f60-a337-7743cd6be04e,Bavarski dvor,3640
8f623f1d-48a7-46b5-9331-28a8dc980876,b60d686c-3b89-447c-93f6-2837d9af3d02,c87db9be-1fba-4102-a743-0ee4317dd5af,Bavarski dvor,3949
b829062a-2644-4350-b998-74522d9e85d8,d867fec1-5147-43db-b004-08d2797f50e3,295616c0-387b-4f60-a337-7743cd6be04e,Bavarski dvor,6
5fe363f3-8297-448b-bde3-08f690c92d1b,e97befb6-5dc6-4603-ad5e-3aa96b4b2221,1ce1c3a8-e0f6-4f90-b1aa-1448759d8b3c,Astra,135
6cc5af3b-67ea-47f3-9e8a-10946c32b906,cec37fa8-0d4a-4e80-a259-2fa91b68463d,N/A,N/A,4525
e2d3c37e-a7df-458e-9e5a-ea33ccf4c11b,95732ece-1658-4e11-9b5f-b6ae5552e638,fef200e9-4d98-425b-ab14-8110e2aa85d7,Drama,1414
1f207e67-adf9-4da6-b107-3b58051d9990,1eca3479-6e2c-4f21-bf45-4db410041181,N/A,N/A,4525
c31b32c6-1ec2-48e9-9929-356fd0253540,d8289ab1-f65d-4b3d-8b4b-55ada004f023,c22879e5-8e90-4540-9a74-5f139208e492,Friškovec,1498
eec159d0-4b1b-4706-9a5d-a00ddcbea9f5,524d67dd-fbb0-4f6a-9199-f095123044ab,b59656a4-b6e7-4b87-977c-078c59088a50,Hajdrihova,30
9afb36ea-c2ae-4bbb-9644-3a6c65bb1c7d,783196f2-97cd-4265-bb9a-b13aa8bb6a0b,2ec182e2-769f-427f-b9b5-c4118890cb96,Stožice,135
15c71406-72b5-4681-8b1a-29eb30eb3f76,5a89967e-5654-49f6-84ca-59f7f9035444,a719a87c-4e93-4387-a6d1-2631a487f7e0,Ajdovščina,621
6a74977a-a26d-42b4-a60b-8dabc726e57d,fb662324-f307-452f-9b00-0275dadfd382,484b5c91-1220-43ba-af79-84e712fcc46b,Slovenija avto,2063
36c7bbd0-50d7-4b5d-b9b3-9dadd37ac50b,cf5259af-d324-497e-b508-84fe92961eb1,N/A,N/A,4525
363564a6-9938-4bf5-8928-1cd191e9c2ef,5fe363f3-8297-448b-bde3-08f690c92d1b,769b7bc7-4f95-4bb2-9c99-37ba8e8b4bd5,D. MOST P+R,213
d2e3d9f5-0203-49a4-8ea1-455e2434a347,099976aa-17cc-45d3-add4-267985ab1533,N/A,N/A,4525
b6816891-4b0d-4bda-8e12-176194efaefe,22c11486-1afa-491f-b9ab-162d88c8c44d,295616c0-387b-4f60-a337-7743cd6be04e,Bavarski dvor,1405
2265e4de-a537-4f97-882b-c94c24aabfb0,78c69686-64ed-437c-83b5-0e28733ed70c,717dda7e-d793-4697-8f60-b64ee8b1edc4,Gosposvetska,4169
fc3967fb-5520-4fff-a819-f625242182e5,69bc9f1c-507f-463c-ba5a-04500b319967,295616c0-387b-4f60-a337-7743cd6be04e,Bavarski dvor,332
70231f13-be88-4e3a-a89a-5b4f436984d2,61f19c68-2d5e-4d76-bdd4-28709a347b5b,fef200e9-4d98-425b-ab14-8110e2aa85d7,Drama,2274
4038e02e-f22f-4af0-ba4f-7aab855b53af,abc9fd26-5442-468b-93b6-4d5eb76d0f1f,295616c0-387b-4f60-a337-7743cd6be04e,Bavarski dvor,405
ec88f05d-3035-4f09-8560-72571bc0b125,d867fec1-5147-43db-b004-08d2797f50e3,fef200e9-4d98-425b-ab14-8110e2aa85d7,Drama,1440
b60d686c-3b89-447c-93f6-2837d9af3d02,73e6ef23-ef0c-41bf-9960-0e3078b94d23,9a1c4c65-df77-481f-87ad-56143f02a864,Vižmarje,986
d6ae97e7-23b5-48d6-a9fa-2a2624e9f434,61f19c68-2d5e-4d76-bdd4-28709a347b5b,6182f8e8-c45e-4606-b4a4-d909bd44d2cc,Gornji trg,194
aa844493-50b0-4b91-b331-f4297d2ae6a8,ea9d5fa9-af5a-4d39-96fd-626415048511,a719a87c-4e93-4387-a6d1-2631a487f7e0,Ajdovščina,485
0334e79e-7a89-44e9-a463-5af813e64a40,4d2fc228-0628-4897-8d77-3e71d500d36d,5d7f28a6-2a2a-4333-aa06-48edfb652f86,Pošta,3090
ff74fc01-faf6-4a78-a782-d8365538e7de,b8533150-cf69-441a-8fc4-18f39cbef16b,N/A,N/A,4525
9f01f25f-9a5b-459a-96da-222ef81faf51,b2dd1684-0848-40f7-b10e-8f74bb005f2f,N/A,N/A,4525
352f5cae-25c9-41c5-ab70-268bf64107f0,390d166c-b2fe-486c-bba5-38cd1ff64f48,f33b721f-a8a3-4aad-96f2-077da09ebaa6,Razstavišče,116
a0b1fb90-3f6a-4231-910a-18be192ac762,ca575a45-9c95-4348-9245-8c75f70130b3,N/A,N/A,4525
484b5c91-1220-43ba-af79-84e712fcc46b,3d2f3af0-3b48-4019-a861-ee4fff761a24,a2ce7e6f-0f99-443a-a973-81a0b9c60261,Astra,1157
5f6cb902-b824-4961-9ac2-75cf44a47055,3f01eb40-651e-4fad-aff9-2ee27f259f64,eb165f50-9c43-4b09-9658-469a16d3dc83,Kodeljevo,356
dd57f39b-be0f-479e-bc35-5bd2edf98ff2,44e58cea-6c90-467f-baf2-22ac161daafb,a719a87c-4e93-4387-a6d1-2631a487f7e0,Ajdovščina,1350
154f3596-bbbb-4038-9ad7-c4b8b5288a02,9143c575-806f-4ba0-81bc-8199f0b0b4d0,a2ce7e6f-0f99-443a-a973-81a0b9c60261,Astra,1615
9276fcfb-0f7e-4df3-b827-325600851526,a719a87c-4e93-4387-a6d1-2631a487f7e0,a719a87c-4e93-4387-a6d1-2631a487f7e0,Ajdovščina,144
76f20fbf-afc4-4c7d-b51c-14f0878b38d8,2f874852-bc80-4ff3-b6bf-a914e31251c8,f33b721f-a8a3-4aad-96f2-077da09ebaa6,Razstavišče,110
108e7dc8-ca5d-4c91-9414-32a32a31b69a,2f874852-bc80-4ff3-b6bf-a914e31251c8,N/A,N/A,4525
b6816891-4b0d-4bda-8e12-176194efaefe,45bff76d-bb00-455b-aa12-7ea49ad9a4f0,c87db9be-1fba-4102-a743-0ee4317dd5af,Bavarski dvor,655
0be237aa-4b91-4d2b-ac23-0cebac975a0d,cee2862b-9b70-4880-8fa3-16c6d2efae1b,295616c0-387b-4f60-a337-7743cd6be04e,Bavarski dvor,1143
d2e3d9f5-0203-49a4-8ea1-455e2434a347,37fc313d-1f45-49c9-9059-4f96f44a6682,N/A,N/A,4525
bf64b499-211b-4da8-ace2-f12a17608ae3,cee2862b-9b70-4880-8fa3-16c6d2efae1b,8598b85d-3e1d-4767-b72f-0c209038841f,Štepanja vas,2770
023d7b7a-b411-4e61-8746-b07f9e5c8f90,47a3bd8a-72ae-4e20-b43f-10bfaf49012c,a0b1fb90-3f6a-4231-910a-18be192ac762,Flajšmanova,2238
95be8f74-3ed5-4cf1-aabc-b1c0027ea628,36c4949b-403b-4a76-87e3-d67f51d655ef,N/A,N/A,4525
1aa7e441-8646-4d1d-88bd-ab004758ffc4,8d5e4aed-59fb-47c9-8559-5bf11b7ddca0,295616c0-387b-4f60-a337-7743cd6be04e,Bavarski dvor,1176
98a94a2a-894f-4ff0-9967-1dd986bf0cfd,9e90940e-cf99-4112-87ec-7cbb6331509a,223f660b-c391-4120-bf3c-7bf06781686b,Tovorni kolodvor,904
9a938b49-ce1d-4e1c-a789-e316630ebc4f,fdff5f9c-6c02-4fc1-a004-7032b17fa37a,f33b721f-a8a3-4aad-96f2-077da09ebaa6,Razstavišče,2219
b4ffcb65-e60f-478d-806b-e7ae83f1a39d,e82569a6-73f3-4002-b7b5-0f83ee167535,fef200e9-4d98-425b-ab14-8110e2aa85d7,Drama,3030
15af3c66-ad74-4f41-92f7-92e2ff72a51d,ca575a45-9c95-4348-9245-8c75f70130b3,N/A,N/A,4525
bd001f58-6e58-49e9-877f-1fa36964fbc2,f11e48f8-4133-4c36-a36f-73b4f33d9592,c87db9be-1fba-4102-a743-0ee4317dd5af,Bavarski dvor,1976
ff1f708c-989e-4cc5-8e75-02717b5f9744,2896bfa8-0586-4ed1-8d93-c5c6e1ff3d72,c87db9be-1fba-4102-a743-0ee4317dd5af,Bavarski dvor,278
121b30dc-065b-4c76-aad2-a54a85c74d4d,aa9cc3b9-7c6c-4e45-b91a-1e0494fbf15e,c87db9be-1fba-4102-a743-0ee4317dd5af,Bavarski dvor,354
eb43a68a-54a5-4a37-b090-1329e2b4d830,eb43a68a-54a5-4a37-b090-1329e2b4d830,61485a1f-73a8-4dac-bcc7-6e4e53eb4b0f,Slovenijales,1
5d1e404b-1606-457e-8d2b-4e3e80139532,05bd4cbd-b014-4cfd-8ca9-3c82b0a59114,295616c0-387b-4f60-a337-7743cd6be04e,Bavarski dvor,715
35aedf45-cca3-4f2f-931b-138d29d20fe9,1eca3479-6e2c-4f21-bf45-4db410041181,N/A,N/A,4525
10d57057-b305-4b7a-806b-3373014db962,ab624858-605d-48c6-a660-d54c2e037a91,N/A,N/A,4525
ee7e3c65-72e8-465e-a9a3-a9370ec1f314,1faa072c-478b-4656-8df3-84167a9a4bbb,c87db9be-1fba-4102-a743-0ee4317dd5af,Bavarski dvor,4118
34afe7f1-2d09-487f-983f-19c7dd5dae82,6330ad8d-b582-4c92-bc7e-d3f206264f04,ecc4ae87-ae08-4b94-995c-452fdd94df7f,Privoz,34
245bb1a4-ea6e-45b4-8331-b50983655326,dd57f39b-be0f-479e-bc35-5bd2edf98ff2,c87db9be-1fba-4102-a743-0ee4317dd5af,Bavarski dvor,598
95be8f74-3ed5-4cf1-aabc-b1c0027ea628,783196f2-97cd-4265-bb9a-b13aa8bb6a0b,N/A,N/A,4525
2323bf9e-1a47-4409-b9c8-398a035c8d12,96d4c75b-6452-4c70-a31e-c234262ba38b,fef200e9-4d98-425b-ab14-8110e2aa85d7,Drama,599
666e98e1-4a23-4204-a3e6-99110f8b3153,fc3967fb-5520-4fff-a819-f625242182e5,717dda7e-d793-4697-8f60-b64ee8b1edc4,Gosposvetska,1227
94c6598b-7303-42e1-94d5-156d7a25f630,9807573b-8821-40e4-b891-a5cea6e23b3d,f15ddf31-fc11-41ba-988d-376c83e38f58,Vodovodna,1202
cf6f67f5-f7df-4462-828b-481134217fad,0fb83496-463c-4123-97c6-669efe614d26,fef200e9-4d98-425b-ab14-8110e2aa85d7,Drama,1117
b4ffcb65-e60f-478d-806b-e7ae83f1a39d,6efecef0-52ba-4a47-9991-9bab5ce31340,9b0074d2-2c92-4c01-830b-00be8e05b412,Cukrarna,2573
f073b9d9-a3e3-4d04-a209-0db55377b79e,a999f83e-4e6a-4ef9-9a10-e4a2c8a4a182,a719a87c-4e93-4387-a6d1-2631a487f7e0,Ajdovščina,290
29589594-5959-4efb-8dda-7348e4e500a0,b4b30b45-445a-4f70-bdf5-5ea7cdc98583,cdabf1ea-b04c-480a-8359-72c46e6864ab,Bežigrad,54
65a6b01d-c9cf-4d4e-930c-5562156d7375,8fc42c89-96e2-4c69-a2b4-44d505f27ce9,717dda7e-d793-4697-8f60-b64ee8b1edc4,Gosposvetska,1288
9c17244c-0812-404b-b929-5cdc0591e421,f1fd2bad-eba9-4046-a7b9-34e8d1d423f5,N/A,N/A,4525
59ee5f7d-476b-4958-a922-2040a9308f3b,6330ad8d-b582-4c92-bc7e-d3f206264f04,c87db9be-1fba-4102-a743-0ee4317dd5af,Bavarski dvor,2683
2ec182e2-769f-427f-b9b5-c4118890cb96,78ef8af0-fd16-46b8-a5de-8d24b99638c8,295616c0-387b-4f60-a337-7743cd6be04e,Bavarski dvor,212
a0b1fb90-3f6a-4231-910a-18be192ac762,0b6c7b97-410c-48fa-be23-430c316f9b10,c87db9be-1fba-4102-a743-0ee4317dd5af,Bavarski dvor,2333
a378ce5e-57ce-4c52-b219-568674b5cd5e,e65047c0-c01e-4727-b466-78e107c81ee4,484b5c91-1220-43ba-af79-84e712fcc46b,Slovenija avto,1898
8dde1a7b-e3ec-4675-8409-2a2c4ae696c7,b2dd8b3a-3710-4f07-b735-4bd183bfaade,295616c0-387b-4f60-a337-7743cd6be04e,Bavarski dvor,792
cf94d70f-d211-4625-9037-014514562aa9,d3a6cbf3-65f0-4db8-9a10-1460763eac8e,f4cfd904-bd11-4247-95df-32c4555a930f,Klinični center,3747
306dcdea-b1ce-4357-ba5e-fa82293630df,e4635b94-348c-4c69-be85-1160488e5e43,98fa3880-5936-4ec8-ba04-39c7ff9a0e6a,Stara cerkev,2145
eb669f04-cfb6-4ea4-90c9-26eb551ecb45,0d50a4a8-a88d-4468-b562-73e51937e1c5,fef200e9-4d98-425b-ab14-8110e2aa85d7,Drama,712
5dcffe2a-1c73-4f7c-bdac-4084bb5201aa,bea274aa-277a-403d-ab2f-a0342b28882e,a0e0a21b-b8ce-4d76-bbc2-04e179367fee,Šola Jarše,2008
67c3adc1-a92d-4528-91ee-77d8b52574c6,a2ce7e6f-0f99-443a-a973-81a0b9c60261,295616c0-387b-4f60-a337-7743cd6be04e,Bavarski dvor,31
07b4c585-66cf-49d7-906c-50f1122c8e9e,d3a06374-ab12-456b-9c00-55461af341fa,fef200e9-4d98-425b-ab14-8110e2aa85d7,Drama,955
d2e3d9f5-0203-49a4-8ea1-455e2434a347,4bd4913f-8597-4ea0-b219-4e9b15dcbb62,N/A,N/A,4525
8d767444-3983-4409-bda1-d298b52c7bfe,813b7c8c-5236-405a-bb0d-092a5d93c2a6,N/A,N/A,4525
216a26dc-11c2-432b-b099-0d55d508b7fa,81a7167c-7913-442e-96c5-20dc6e25d74b,295616c0-387b-4f60-a337-7743cd6be04e,Bavarski dvor,929
1eca3479-6e2c-4f21-bf45-4db410041181,06e4802d-2c96-4556-bd95-35e0a2bb030c,N/A,N/A,4525
8677848c-55dd-4af4-b275-3074a3ff4846,98a94a2a-894f-4ff0-9967-1dd986bf0cfd,7fa32ea0-e884-435a-a81c-51bbd5cedf3e,Zaloška,1347
889e3719-7d29-4888-b690-5a1531d2930e,5c15a390-36b6-47a9-9d84-0c7160157c1d,a2ce7e6f-0f99-443a-a973-81a0b9c60261,Astra,2286
11d74c00-da13-4cad-883e-c6dcf8edcbe8,7d579a55-27bc-49d0-a124-a5ed6233c55a,N/A,N/A,4525
9f01f25f-9a5b-459a-96da-222ef81faf51,7b822496-7ea4-4ce8-b78c-1d021c68a9ed,295616c0-387b-4f60-a337-7743cd6be04e,Bavarski dvor,227
27788b38-4743-4e04-9b9c-94faeeeb2d34,15c71406-72b5-4681-8b1a-29eb30eb3f76,48b163cd-b819-4849-aee1-8b1da77657ab,Šentvid,318
2fafda56-e44d-4e08-8503-90e6bf75e19d,3f996624-8134-4eec-9742-70111db659c1,c5ec5e81-2ce4-452d-bd7a-595de4f8b34f,Prušnikova,621
f33b721f-a8a3-4aad-96f2-077da09ebaa6,62feeb73-9af7-43ee-8714-1b435ec20263,a2ce7e6f-0f99-443a-a973-81a0b9c60261,Astra,2027
8375ab17-e389-42b2-9b88-0210a049e321,d08c4884-9764-447f-9b79-0ef7a645222f,c87db9be-1fba-4102-a743-0ee4317dd5af,Bavarski dvor,618
32abc648-685c-47b0-bbc4-203371ec2699,f73d3fb2-082c-4518-8af2-45de5490df4e,6182f8e8-c45e-4606-b4a4-d909bd44d2cc,Gornji trg,329
9e90940e-cf99-4112-87ec-7cbb6331509a,dc6b96b1-d0fa-4d03-ac2b-8eba5bb97ba2,295616c0-387b-4f60-a337-7743cd6be04e,Bavarski dvor,1368
f33b721f-a8a3-4aad-96f2-077da09ebaa6,0fb83496-463c-4123-97c6-669efe614d26,5d7f28a6-2a2a-4333-aa06-48edfb652f86,Pošta,642
156a6f62-9a67-4cf0-ad56-85a343c77cd2,698551c1-7bb2-4f7e-9701-23b7667e8594,c87db9be-1fba-4102-a743-0ee4317dd5af,Bavarski dvor,612
f33b721f-a8a3-4aad-96f2-077da09ebaa6,12cfc2b3-f8ff-444b-8d5f-15855e45e331,295616c0-387b-4f60-a337-7743cd6be04e,Bavarski dvor,634
4d216485-ef41-45e7-9182-0c254644955c,9fa0b90f-dba1-4eca-8802-589425d3e8fd,f14a6236-8af2-47bf-9270-432377662a63,Viadukt,3004
0eca6015-5429-4289-a76c-4ec9ef707e67,c3188d8e-c2d3-40e5-acc2-14bef70a5ff4,c87db9be-1fba-4102-a743-0ee4317dd5af,Bavarski dvor,570
f496ecc3-28fe-4361-9da8-428bbf3bd672,d8289ab1-f65d-4b3d-8b4b-55ada004f023,5d7f28a6-2a2a-4333-aa06-48edfb652f86,Pošta,438
c6c83930-96af-4cbe-93bf-072a618502a4,cc9cbd94-6da7-41ff-a728-cfd4b47dfcc0,5d7f28a6-2a2a-4333-aa06-48edfb652f86,Pošta,2029
e65047c0-c01e-4727-b466-78e107c81ee4,66eec6a2-dfde-4d98-b690-e47f200367fd,c87db9be-1fba-4102-a743-0ee4317dd5af,Bavarski dvor,3354
87415b6b-7e7f-4b82-b78f-ef1a7db85282,595ee2ab-3022-469d-a3e1-0c87d7dfb14d,c87db9be-1fba-4102-a743-0ee4317dd5af,Bavarski dvor,1743
da656f17-9723-4cbe-a008-823cbad17c28,06348c07-2fb0-4dfb-a938-aaef614a7f68,N/A,N/A,4525
d0790612-d161-4be4-953d-a7a0c33acf1e,595ee2ab-3022-469d-a3e1-0c87d7dfb14d,4ca7ae7e-380b-45e3-81de-00ffab5bb531,Yulon,1973
a2947722-2e6f-48dd-9c31-ff36356676fa,938c9405-72bb-4acd-bace-a75abcf2f9cb,f4cfd904-bd11-4247-95df-32c4555a930f,Klinični center,63
f174a648-9e84-492d-9ccd-0756b49c773b,e57aad1d-457e-401f-b26d-306b4fd836eb,7eb88e01-82e9-4af4-84d0-69c6ea9dc82c,Kolodvor,673
49f28358-bfda-458e-a4b3-a45f602765c1,d7d791d9-02e0-4369-be0c-1546fc2044a4,N/A,N/A,4525
235d7e56-4520-4691-b7d9-7588f7306e1d,33613e0e-f41c-4cee-804a-3942bf698e3e,7bcbdcaa-00b9-47d4-8982-09da26cd7bcb,Zaloška,78
dfd33168-046e-49af-9428-b9394f98667c,79325942-629a-4766-a34a-525f8edf8cc5,c87db9be-1fba-4102-a743-0ee4317dd5af,Bavarski dvor,561
6c773433-c487-49c5-a783-32c0e276ed7b,783196f2-97cd-4265-bb9a-b13aa8bb6a0b,7fa32ea0-e884-435a-a81c-51bbd5cedf3e,Zaloška,119
10449641-799e-4ee4-a712-a6e3a9aefc27,c9b2488c-cca9-4b84-83cb-638ef545c851,a719a87c-4e93-4387-a6d1-2631a487f7e0,Ajdovščina,4365
47252dc3-dbd8-43df-898b-0a3fb27ffc93,8fbf17ab-413b-442c-9c6a-0eb8873a4755,295616c0-387b-4f60-a337-7743cd6be04e,Bavarski dvor,2754
c8e0086c-0cef-4375-a471-72f3ae1e34fc,7f510cd8-4742-4dcf-95c0-16cde39c2e26,a719a87c-4e93-4387-a6d1-2631a487f7e0,Ajdovščina,809
e9089f7d-853e-4375-8ecb-0db96fcc60e6,fcec9e7a-1c9e-4214-96dd-d071550349e6,cee2862b-9b70-4880-8fa3-16c6d2efae1b,AMZS,167
6d2a7c2e-5938-433e-a691-b9bc28767675,6182f8e8-c45e-4606-b4a4-d909bd44d2cc,a719a87c-4e93-4387-a6d1-2631a487f7e0,Ajdovščina,1269
9e90940e-cf99-4112-87ec-7cbb6331509a,76f20fbf-afc4-4c7d-b51c-14f0878b38d8,a719a87c-4e93-4387-a6d1-2631a487f7e0,Ajdovščina,79
8c7fa045-888b-46d0-8189-6f82623bf481,7fa32ea0-e884-435a-a81c-51bbd5cedf3e,f33b721f-a8a3-4aad-96f2-077da09ebaa6,Razstavišče,3643
538ab00b-ee39-44e8-b5a4-62c2c6215bf6,0c6d0a32-5673-45fa-9d50-04d8039cbda1,c22879e5-8e90-4540-9a74-5f139208e492,Friškovec,2042
0fb83496-463c-4123-97c6-669efe614d26,9e0942f3-2c18-4891-9b51-9d95cc43af7a,295616c0-387b-4f60-a337-7743cd6be04e,Bavarski dvor,64
ea9d5fa9-af5a-4d39-96fd-626415048511,d9a82add-03d0-47d8-9f35-117b7a5ded44,295616c0-387b-4f60-a337-7743cd6be04e,Bavarski dvor,1245
cb05ea76-5fc1-4162-b432-a914b63604d0,d9a82add-03d0-47d8-9f35-117b7a5ded44,1ce1c3a8-e0f6-4f90-b1aa-1448759d8b3c,Astra,294
59faa0f0-34b1-47cd-ba3a-3b6f0d684c00,223f660b-c391-4120-bf3c-7bf06781686b,295616c0-387b-4f60-a337-7743cd6be04e,Bavarski dvor,488
da623aed-094d-4c3c-9766-9f0aba0f40f6,bd1396f2-4dc8-4695-9bf1-c601157100d8,a719a87c-4e93-4387-a6d1-2631a487f7e0,Ajdovščina,354
bb995fbb-29c8-4035-9503-ae33320833a8,c20233f2-94bc-4c21-9d2a-9b129b668487,484b5c91-1220-43ba-af79-84e712fcc46b,Slovenija avto,213
ba681dbc-ea72-4685-ad98-c5ed496510e6,e333d90d-3eef-4d82-9e00-ebe693e2f389,21764d19-62cc-49fd-bac9-403aeac6a6b9,Ježica,111
bb995fbb-29c8-4035-9503-ae33320833a8,5c38ad77-8124-42b3-810f-04703daec8b4,c87db9be-1fba-4102-a743-0ee4317dd5af,Bavarski dvor,1921
3c6ebf90-c611-4535-b2b0-22fba3f7649a,b4b30b45-445a-4f70-bdf5-5ea7cdc98583,1ce1c3a8-e0f6-4f90-b1aa-1448759d8b3c,Astra,2774
1907a46a-4559-43ec-8363-03fe35d30725,727cab27-5e8e-4c5e-ba27-449822a45ee7,f4cfd904-bd11-4247-95df-32c4555a930f,Klinični center,1262
eb11d52f-300b-4648-a2e8-ed03db9ff7e2,11d74c00-da13-4cad-883e-c6dcf8edcbe8,N/A,N/A,4525
6bc92f4c-414c-456b-9150-d58a7689d26e,07b4c585-66cf-49d7-906c-50f1122c8e9e,295616c0-387b-4f60-a337-7743cd6be04e,Bavarski dvor,1002
7a52a73a-cc0e-4c61-b9bc-306157727e1c,7411cd45-83d2-40e6-89f6-5a0995e409cb,N/A,N/A,4525
a1406782-3114-407c-8e35-35bcf5a1234b,125d4928-6b97-4a4b-af34-a2d1564c029c,98fa3880-5936-4ec8-ba04-39c7ff9a0e6a,Stara cerkev,2945
0fb83496-463c-4123-97c6-669efe614d26,7f45fe9c-917a-4571-9a74-9e940cd84f3c,7310c006-62b8-4f94-bb9c-d5c26cb3faad,Polje,3232
4c277b3f-c427-404b-ace3-2cd51656318f,e333d90d-3eef-4d82-9e00-ebe693e2f389,a719a87c-4e93-4387-a6d1-2631a487f7e0,Ajdovščina,818
df973089-967d-4446-916c-260e9e8fec83,4f21a18a-3cb0-4c6c-bb92-e7c8945fac1c,9a1c4c65-df77-481f-87ad-56143f02a864,Vižmarje,1310
f66a1f18-4c18-4317-b929-fb616cc7cebc,aa9cc3b9-7c6c-4e45-b91a-1e0494fbf15e,1ce1c3a8-e0f6-4f90-b1aa-1448759d8b3c,Astra,1787
ba0f81e5-dfec-49bb-8d6b-d52618338640,4b847ac2-4c41-4fc1-a497-9ce4deaab8b1,3c6ebf90-c611-4535-b2b0-22fba3f7649a,Štajerska,529
efecc3aa-ae68-4374-bc24-334280abcf3f,8441d439-8d1d-40b8-b3d5-7b9c56848b43,6a89c110-a0f8-4b1a-87f0-33f49c0a658e,Šola Jarše,234
35dbaf26-2fa4-45c4-87fc-81d1ff13b005,5b59d508-0860-4f50-b5ab-72a79046b488,0be237aa-4b91-4d2b-ac23-0cebac975a0d,Cankarjev dom,78
37fc313d-1f45-49c9-9059-4f96f44a6682,7fad8003-fb10-489d-bf8d-6d433310ad90,f33b721f-a8a3-4aad-96f2-077da09ebaa6,Razstavišče,392
47637057-8d6a-4cf9-bd56-3ac90748fcc4,60ccc570-3714-410b-aa31-43d3a4c593c8,fef200e9-4d98-425b-ab14-8110e2aa85d7,Drama,1665
58cd6196-8ac4-4803-be8b-1c0d2fb52528,b2dd8b3a-3710-4f07-b735-4bd183bfaade,fef200e9-4d98-425b-ab14-8110e2aa85d7,Drama,662
db13a26e-19d4-4b8a-a78a-01ef25d58834,d17294f3-5b6c-4313-9243-3f38557967cf,5d7f28a6-2a2a-4333-aa06-48edfb652f86,Pošta,1776
785ad018-d0fe-4628-b188-15f6dc71b38e,461045f0-a82c-45c0-af66-71b25f3f0e1a,a719a87c-4e93-4387-a6d1-2631a487f7e0,Ajdovščina,613
106bdc28-f0fe-4f13-b4ad-6c6a630550b5,16d19639-a788-4df6-a168-6f8c3652ded7,fef200e9-4d98-425b-ab14-8110e2aa85d7,Drama,743
e9089f7d-853e-4375-8ecb-0db96fcc60e6,aaedd82f-0c53-425d-92cf-96e50bd20518,N/A,N/A,4525
d83ec579-9ab5-4e30-bedd-86613c234abd,06e4802d-2c96-4556-bd95-35e0a2bb030c,N/A,N/A,4525
39650ca1-d08c-4645-ac1a-6aed84eb45c5,25cde952-4896-4977-b229-75e09b3e3661,a2ce7e6f-0f99-443a-a973-81a0b9c60261,Astra,3587
b60d686c-3b89-447c-93f6-2837d9af3d02,0c6d0a32-5673-45fa-9d50-04d8039cbda1,c87db9be-1fba-4102-a743-0ee4317dd5af,Bavarski dvor,4224
f1bc11ca-7516-447a-b826-7051c5306af7,e3b51371-e289-45ef-83ca-1f4ffff25162,5d7f28a6-2a2a-4333-aa06-48edfb652f86,Pošta,3232
b2dd1684-0848-40f7-b10e-8f74bb005f2f,33613e0e-f41c-4cee-804a-3942bf698e3e,N/A,N/A,4525
b5e26d7f-8a91-4360-9811-2e8e05d27382,e74131c6-ac2f-477b-9693-10bb5ab9f24b,N/A,N/A,4525
813b7c8c-5236-405a-bb0d-092a5d93c2a6,2154edb8-16e2-4334-8878-9e38abcdf06a,86a75ffc-a78f-401f-8991-2eb0371417b2,Studenec,263
0c5f69a6-97c7-4053-bc0b-3f09dbf72f46,61926b26-d777-483f-ae79-86766c48793b,7fa32ea0-e884-435a-a81c-51bbd5cedf3e,Zaloška,1947
712ee105-4fab-498a-af5c-496ca9830f5f,557f714a-6f4a-4c98-8c5a-d74fa34b2adb,6182f8e8-c45e-4606-b4a4-d909bd44d2cc,Gornji trg,753
6a0b25cc-428e-47b5-831a-e89facfa7f26,07b4c585-66cf-49d7-906c-50f1122c8e9e,c22879e5-8e90-4540-9a74-5f139208e492,Friškovec,1198
41c8c7eb-62ef-45d8-b5b1-221dd3c0022c,a2f479c6-4c21-4923-b4ac-86f752507cee,N/A,N/A,4525
9807573b-8821-40e4-b891-a5cea6e23b3d,2628ca4f-8797-4672-aca9-47b325c58aac,295616c0-387b-4f60-a337-7743cd6be04e,Bavarski dvor,1653
9e0942f3-2c18-4891-9b51-9d95cc43af7a,8598b85d-3e1d-4767-b72f-0c209038841f,c87db9be-1fba-4102-a743-0ee4317dd5af,Bavarski dvor,404
52407970-4547-4323-a632-8db4ed0b040f,12618339-2c2d-49ec-b0e0-2517c11991f8,98fa3880-5936-4ec8-ba04-39c7ff9a0e6a,Stara cerkev,3211
7ba233b7-a50a-497d-8135-dd8dabf93ff5,eb8e8d9a-a3d5-4ec1-9356-26e0e41912d1,f2b27cbd-5207-4281-8f67-6369d0c50a9b,Kodrova,20
406d6bb7-147c-4853-a917-e5c437b025e6,298fea2e-c58b-4d99-9350-2420c718d2cc,a719a87c-4e93-4387-a6d1-2631a487f7e0,Ajdovščina,251
271db19a-744b-41a0-869d-0c3e0e2cb6bf,9e109242-5aad-4fb7-b0c8-576eef8aa4e0,5d7f28a6-2a2a-4333-aa06-48edfb652f86,Pošta,1224
7e780e7f-3665-4ec7-a910-eaf6e9d82551,6edebb46-d04f-45c4-99a4-100f7f0b2660,c87db9be-1fba-4102-a743-0ee4317dd5af,Bavarski dvor,1939
379bc761-04b5-4227-be76-3b870fe3e69f,e82569a6-73f3-4002-b7b5-0f83ee167535,7fa32ea0-e884-435a-a81c-51bbd5cedf3e,Zaloška,2189
9b0074d2-2c92-4c01-830b-00be8e05b412,d5961b09-f5e8-4a0b-9bbb-2515ff0a8376,c87db9be-1fba-4102-a743-0ee4317dd5af,Bavarski dvor,595
24ab9d18-4fb9-4e7e-b48c-d5cdc9cd1305,cb05ea76-5fc1-4162-b432-a914b63604d0,N/A,N/A,4525
bc66f88b-1412-44cb-b921-030d27335261,7294875b-8482-484a-b04d-95b921612001,N/A,N/A,4525
bea274aa-277a-403d-ab2f-a0342b28882e,2628ca4f-8797-4672-aca9-47b325c58aac,a719a87c-4e93-4387-a6d1-2631a487f7e0,Ajdovščina,1327
f5d8583f-6e9d-4996-b803-74bf3cd0b602,0334e79e-7a89-44e9-a463-5af813e64a40,a719a87c-4e93-4387-a6d1-2631a487f7e0,Ajdovščina,1201
42bcfbad-96b8-4ce2-96f3-07694e1bcfe2,36d25599-0bed-48a0-bcb4-134be8a959fe,N/A,N/A,4525
4c277b3f-c427-404b-ace3-2cd51656318f,21a5f1e3-8ac0-4023-95ca-0a3ff54099aa,f33b721f-a8a3-4aad-96f2-077da09ebaa6,Razstavišče,1371
fbd1dfb0-4a6f-4160-ad52-5ccb69530195,69bc9f1c-507f-463c-ba5a-04500b319967,77dcd833-fa4d-4c5a-93b1-31284942e61d,Šišenska,712
7d1d9e60-8a7d-4e50-86e5-f3a42a99d837,8eeea585-6168-45b8-a5d4-336e61826043,N/A,N/A,4525
5de84f88-3f32-4636-8c30-03cc267ecf37,55e3f615-be6c-43f4-9858-e199862771a4,fef200e9-4d98-425b-ab14-8110e2aa85d7,Drama,2595
cf5259af-d324-497e-b508-84fe92961eb1,2265e4de-a537-4f97-882b-c94c24aabfb0,N/A,N/A,4525
e0f10330-ad34-453d-baf4-d6c601cb6cf8,1d7af067-e43b-4a98-953c-75f1b267d9ce,7c149b59-2bc6-45cb-95c8-69e18a0db627,Rusjanov trg,1064
30e58784-86f6-4d93-8630-3cc3fc93c6f3,94712446-2421-4304-b4f1-3b3f82998713,c87db9be-1fba-4102-a743-0ee4317dd5af,Bavarski dvor,3010
e97befb6-5dc6-4603-ad5e-3aa96b4b2221,5c246f67-4431-4968-8d64-2ae4b823e360,7bcbdcaa-00b9-47d4-8982-09da26cd7bcb,Zaloška,35
1aa7e441-8646-4d1d-88bd-ab004758ffc4,feb89b92-366d-4f50-a509-40c7baba8cf0,f2b27cbd-5207-4281-8f67-6369d0c50a9b,Kodrova,349
10449641-799e-4ee4-a712-a6e3a9aefc27,2628b04b-eaf2-4c5a-b7ac-837237162783,c87db9be-1fba-4102-a743-0ee4317dd5af,Bavarski dvor,2369
8eeea585-6168-45b8-a5d4-336e61826043,192b7b6a-b138-4569-a4f3-86bef6b20810,f4cfd904-bd11-4247-95df-32c4555a930f,Klinični center,2544
0614b134-0950-4f6b-bc8f-fb73a0881bc1,9c2e9262-7afe-44d3-8aaf-80afd45f9118,98fa3880-5936-4ec8-ba04-39c7ff9a0e6a,Stara cerkev,245
32ff2d5b-61ae-415b-941b-aeb1be1b5052,e0f10330-ad34-453d-baf4-d6c601cb6cf8,769b7bc7-4f95-4bb2-9c99-37ba8e8b4bd5,D. MOST P+R,2512
352f5cae-25c9-41c5-ab70-268bf64107f0,5881f75e-9383-49b0-811d-04c864ba1605,a0e0a21b-b8ce-4d76-bbc2-04e179367fee,Šola Jarše,939
98a94a2a-894f-4ff0-9967-1dd986bf0cfd,d5102041-8282-4c77-a593-edac0d0d4a34,a719a87c-4e93-4387-a6d1-2631a487f7e0,Ajdovščina,1422
59ee5f7d-476b-4958-a922-2040a9308f3b,bb995fbb-29c8-4035-9503-ae33320833a8,c87db9be-1fba-4102-a743-0ee4317dd5af,Bavarski dvor,1187
76ec8af8-07c2-4d44-b0d8-a439d381913f,567980fa-7783-411d-9c67-55b44d753880,c87db9be-1fba-4102-a743-0ee4317dd5af,Bavarski dvor,1712
5a2def68-fa57-4002-a942-e39bc2a87688,d9df365b-7e54-4d22-b2e9-3b548d48ad59,295616c0-387b-4f60-a337-7743cd6be04e,Bavarski dvor,2056
9bd3ee10-bc61-44e8-8cf3-a37cffd54da0,e4635b94-348c-4c69-be85-1160488e5e43,5d7f28a6-2a2a-4333-aa06-48edfb652f86,Pošta,295
f174a648-9e84-492d-9ccd-0756b49c773b,f14a6236-8af2-47bf-9270-432377662a63,484b5c91-1220-43ba-af79-84e712fcc46b,Slovenija avto,257
249f3d10-f5f0-467b-8f60-f35fd62d9054,16ae0a39-ff9a-4aee-88b5-34502255fab4,c87db9be-1fba-4102-a743-0ee4317dd5af,Bavarski dvor,1857
bdd68b01-e9a1-4270-be50-8b5c7bd39a1c,c5527a65-5265-43de-b703-7c7d494d190c,769b7bc7-4f95-4bb2-9c99-37ba8e8b4bd5,D. MOST P+R,3307
1e2641bc-b0b2-448e-8ad2-e52891fa4c5f,938c9405-72bb-4acd-bace-a75abcf2f9cb,N/A,N/A,4525
1536cb2e-acd3-49cb-8f06-bb8cd40c0c02,8d775324-59ca-429e-ad7e-8d522c52dbdd,295616c0-387b-4f60-a337-7743cd6be04e,Bavarski dvor,1401
9c2e9262-7afe-44d3-8aaf-80afd45f9118,c0fb12dd-8cab-40da-a3aa-e8de9c6d09ed,592b37eb-8255-4758-ae8a-7cef98521013,Rogovilc,279
befe0e87-b5fe-41ff-9a77-f65461eff28d,d83ec579-9ab5-4e30-bedd-86613c234abd,6182f8e8-c45e-4606-b4a4-d909bd44d2cc,Gornji trg,1453
60ccc570-3714-410b-aa31-43d3a4c593c8,e78f256e-7218-4263-87b9-255bd90c9f49,N/A,N/A,4525
13ceaf6c-9650-45c3-b449-64a0e5094d18,a8a92762-af25-42a7-98dd-9846f8b33e09,N/A,N/A,4525
a3aeed02-8e36-4cb0-bb08-25cc4afda164,e82569a6-73f3-4002-b7b5-0f83ee167535,295616c0-387b-4f60-a337-7743cd6be04e,Bavarski dvor,3782
567980fa-7783-411d-9c67-55b44d753880,d4c25d68-c340-431b-a646-7680fe0cefee,fef200e9-4d98-425b-ab14-8110e2aa85d7,Drama,585
1035c6f7-304e-4329-a3b2-4eb5d985a577,5a89967e-5654-49f6-84ca-59f7f9035444,223f660b-c391-4120-bf3c-7bf06781686b,Tovorni kolodvor,1218
dadea785-0c6b-4054-9882-37227de3df4b,1632ee87-59dd-4367-bf10-9d13aa688e82,ecc4ae87-ae08-4b94-995c-452fdd94df7f,Privoz,64
8d767444-3983-4409-bda1-d298b52c7bfe,15bb8af1-183e-4ec8-81f7-1fc6e81beb30,N/A,N/A,4525
42bcfbad-96b8-4ce2-96f3-07694e1bcfe2,39b60288-c9ac-4bc2-825b-524dec52182d,N/A,N/A,4525
d7a59d1b-dfe1-4fbb-96fc-14443b077516,70231f13-be88-4e3a-a89a-5b4f436984d2,c87db9be-1fba-4102-a743-0ee4317dd5af,Bavarski dvor,2119
29336b94-2382-46dd-b2e6-4590dd689640,169789c5-0251-47a6-800a-74ff3dffe04d,c87db9be-1fba-4102-a743-0ee4317dd5af,Bavarski dvor,4473
32abc648-685c-47b0-bbc4-203371ec2699,3866c761-7fa4-4a4a-b913-75569da498d9,ef31a8be-b01d-44cd-95cf-3db8e918af26,Emona,2497
d27a7320-71d6-48bc-a4f5-0f3e239575b8,639551cf-fe23-4363-8ccd-655bc5d4119e,7fa32ea0-e884-435a-a81c-51bbd5cedf3e,Zaloška,3474
2a7d32ca-24a1-41ac-a273-0cbcdec59336,712ee105-4fab-498a-af5c-496ca9830f5f,c87db9be-1fba-4102-a743-0ee4317dd5af,Bavarski dvor,719
b589ddd3-5a31-4fe1-915f-44347b4c0a1a,666bd186-7a9a-4e20-a466-e7b1918dda9b,fef200e9-4d98-425b-ab14-8110e2aa85d7,Drama,97
169789c5-0251-47a6-800a-74ff3dffe04d,d17294f3-5b6c-4313-9243-3f38557967cf,c87db9be-1fba-4102-a743-0ee4317dd5af,Bavarski dvor,877
5881f75e-9383-49b0-811d-04c864ba1605,278a9d60-64c7-4bfa-aad0-24068aa760af,f33b721f-a8a3-4aad-96f2-077da09ebaa6,Razstavišče,1011
0c3a77a7-d9eb-45c7-b722-1fafde29129c,93928408-7b36-41f9-9b62-fec53e14b4e2,fef200e9-4d98-425b-ab14-8110e2aa85d7,Drama,28
daf172e0-4dd9-4d5b-8287-67ad2034bced,36c7bbd0-50d7-4b5d-b9b3-9dadd37ac50b,48b163cd-b819-4849-aee1-8b1da77657ab,Šentvid,455
32ff2d5b-61ae-415b-941b-aeb1be1b5052,d8ff7b2c-baf6-4a1a-97c5-0871b823caab,N/A,N/A,4525
2bf898b0-1247-4e84-87e2-2e044e580c8f,12618339-2c2d-49ec-b0e0-2517c11991f8,7fa32ea0-e884-435a-a81c-51bbd5cedf3e,Zaloška,160
67c3adc1-a92d-4528-91ee-77d8b52574c6,5a89967e-5654-49f6-84ca-59f7f9035444,eb165f50-9c43-4b09-9658-469a16d3dc83,Kodeljevo,1498
a1795ee0-9147-4a5c-bb11-f60a809f690e,49f28358-bfda-458e-a4b3-a45f602765c1,N/A,N/A,4525
15af3c66-ad74-4f41-92f7-92e2ff72a51d,0760a037-cd94-4936-89b6-45ce9bd19917,484b5c91-1220-43ba-af79-84e712fcc46b,Slovenija avto,1547
e9035f9a-28be-450a-a30c-7178134ff26b,8d775324-59ca-429e-ad7e-8d522c52dbdd,295616c0-387b-4f60-a337-7743cd6be04e,Bavarski dvor,1268
a5eb15d2-f0cb-46a6-b888-6a9aad6bc5b6,e786b2df-34ed-4246-832e-7c3d538ac1f4,ac3afe7d-a2b3-4d5d-9e6a-1d2412a3bc70,Litostrojska,381
f2fc2702-e9da-4c36-b6fc-9f52199e4574,83a62071-0161-47a2-b745-eafb5e945632,295616c0-387b-4f60-a337-7743cd6be04e,Bavarski dvor,66
f4e99ece-e89e-4322-80c6-5a91df65f64e,bf64b499-211b-4da8-ace2-f12a17608ae3,c87db9be-1fba-4102-a743-0ee4317dd5af,Bavarski dvor,718
66a82f60-b1d1-4251-a715-178300014f18,a12ab184-fb4b-449f-9884-88e0a1672e64,fb0042f8-d9e2-4916-b60a-38a026acf0c9,Leskoškova,829
ea91e672-f4a8-40cb-af62-214726551a93,cd2cdf5f-a758-494c-8b1f-2de4ac913723,N/A,N/A,4525
a1795ee0-9147-4a5c-bb11-f60a809f690e,cce39cbe-6961-433a-a787-64fbf602f470,a719a87c-4e93-4387-a6d1-2631a487f7e0,Ajdovščina,225
d6ae97e7-23b5-48d6-a9fa-2a2624e9f434,023d7b7a-b411-4e61-8746-b07f9e5c8f90,fef200e9-4d98-425b-ab14-8110e2aa85d7,Drama,2826
32ff2d5b-61ae-415b-941b-aeb1be1b5052,b4766c35-4ab9-4af3-aa76-1b1f40735685,b59656a4-b6e7-4b87-977c-078c59088a50,Hajdrihova,932
15bb8af1-183e-4ec8-81f7-1fc6e81beb30,f1d7dbc8-d84b-4550-a3bd-e4748a677e9d,9cfac7e2-9653-4e52-a6d3-27756d27f817,Kino Šiška,1794
62feeb73-9af7-43ee-8714-1b435ec20263,e333d90d-3eef-4d82-9e00-ebe693e2f389,fef200e9-4d98-425b-ab14-8110e2aa85d7,Drama,15
61926b26-d777-483f-ae79-86766c48793b,a769d1e9-8727-4190-b56c-5cdd8a49333d,fef200e9-4d98-425b-ab14-8110e2aa85d7,Drama,3454
397418bc-78a7-45c9-b5cf-374fe21cee11,461045f0-a82c-45c0-af66-71b25f3f0e1a,5d7f28a6-2a2a-4333-aa06-48edfb652f86,Pošta,1107
67d66d40-e8ba-4bc0-a9cf-814dce3ccbea,727cab27-5e8e-4c5e-ba27-449822a45ee7,717dda7e-d793-4697-8f60-b64ee8b1edc4,Gosposvetska,1804
5a89967e-5654-49f6-84ca-59f7f9035444,43df2657-d56f-4fc4-8c40-49180cbbe90c,c87db9be-1fba-4102-a743-0ee4317dd5af,Bavarski dvor,1182
12618339-2c2d-49ec-b0e0-2517c11991f8,08f2fb98-afdf-4961-b419-1bca7f5568ab,c87db9be-1fba-4102-a743-0ee4317dd5af,Bavarski dvor,122
717dda7e-d793-4697-8f60-b64ee8b1edc4,8a5febd6-d44a-4c98-a221-46044548663d,7c149b59-2bc6-45cb-95c8-69e18a0db627,Rusjanov trg,2009
7ba233b7-a50a-497d-8135-dd8dabf93ff5,b5273abc-dfeb-49a2-9607-249bf6415e4b,f33b721f-a8a3-4aad-96f2-077da09ebaa6,Razstavišče,1373
65e92ecc-800d-4962-a8bc-0f50f1107a5b,9c17244c-0812-404b-b929-5cdc0591e421,5d7f28a6-2a2a-4333-aa06-48edfb652f86,Pošta,647
e0bcd677-6012-4c90-a884-44dffafdffec,9746f277-af08-4cce-92fa-41da5eca8ac2,295616c0-387b-4f60-a337-7743cd6be04e,Bavarski dvor,1816
eec159d0-4b1b-4706-9a5d-a00ddcbea9f5,94712446-2421-4304-b4f1-3b3f82998713,484b5c91-1220-43ba-af79-84e712fcc46b,Slovenija avto,699
95732ece-1658-4e11-9b5f-b6ae5552e638,b7b7ac00-59bb-41eb-833d-ad309d24e68a,295616c0-387b-4f60-a337-7743cd6be04e,Bavarski dvor,4109
befe0e87-b5fe-41ff-9a77-f65461eff28d,2a7d32ca-24a1-41ac-a273-0cbcdec59336,f33b721f-a8a3-4aad-96f2-077da09ebaa6,Razstavišče,1026
77c4dfcc-1122-4896-9983-8a5bd11320de,bb1ac8b9-5cb2-49f2-8d5c-d7fe4afdd5dd,8c7fa045-888b-46d0-8189-6f82623bf481,Poljanska,270
5de6ff80-1352-43df-b5ec-1df59f2f492b,0b6c7b97-410c-48fa-be23-430c316f9b10,9cfac7e2-9653-4e52-a6d3-27756d27f817,Kino Šiška,94
ef4a63e8-d956-4f09-80bd-8e4699418652,d3a06374-ab12-456b-9c00-55461af341fa,N/A,N/A,4525
65e92ecc-800d-4962-a8bc-0f50f1107a5b,bdd68b01-e9a1-4270-be50-8b5c7bd39a1c,c87db9be-1fba-4102-a743-0ee4317dd5af,Bavarski dvor,3504
b4b7f450-4397-42d2-9d1e-39f786eecc2e,9746f277-af08-4cce-92fa-41da5eca8ac2,dfde6478-02b5-471b-a470-29cb0e84542f,Slovenija avto,1187
38b3abed-0592-407b-96c3-85a026f2e192,4fddf4a7-ad4e-4630-a5ca-3267955db548,fef200e9-4d98-425b-ab14-8110e2aa85d7,Drama,1027
d5d15a80-243b-49d7-a616-b3c3fb39e8af,ab4e1412-1ac4-4864-8833-c1ddf48bec20,a719a87c-4e93-4387-a6d1-2631a487f7e0,Ajdovščina,148
0c6d0a32-5673-45fa-9d50-04d8039cbda1,5b184752-5bd2-43e3-9243-dfc8969d9065,a0e0a21b-b8ce-4d76-bbc2-04e179367fee,Šola Jarše,1712
ef31a8be-b01d-44cd-95cf-3db8e918af26,5f6cb902-b824-4961-9ac2-75cf44a47055,1ce1c3a8-e0f6-4f90-b1aa-1448759d8b3c,Astra,1075
97d3e896-2af7-40f9-bfbf-59cf3fcbf93a,1f02ab68-e4a0-4783-ae8a-39ccd679f2cc,c87db9be-1fba-4102-a743-0ee4317dd5af,Bavarski dvor,3647
f1fd2bad-eba9-4046-a7b9-34e8d1d423f5,f14a6236-8af2-47bf-9270-432377662a63,295616c0-387b-4f60-a337-7743cd6be04e,Bavarski dvor,1041
2cde6efe-5f53-44aa-8018-76f0ea2c86f8,aa9cc3b9-7c6c-4e45-b91a-1e0494fbf15e,c22879e5-8e90-4540-9a74-5f139208e492,Friškovec,717
a2947722-2e6f-48dd-9c31-ff36356676fa,97d3e896-2af7-40f9-bfbf-59cf3fcbf93a,ef31a8be-b01d-44cd-95cf-3db8e918af26,Emona,1343
447a37f6-2be6-45a3-8ae0-6982aa53cafb,eb11d52f-300b-4648-a2e8-ed03db9ff7e2,N/A,N/A,4525
3d8122ff-0840-4811-a5ad-c4702fc70269,7e780e7f-3665-4ec7-a910-eaf6e9d82551,6182f8e8-c45e-4606-b4a4-d909bd44d2cc,Gornji trg,2491
16d19639-a788-4df6-a168-6f8c3652ded7,ae3f312a-4242-4a42-8df2-5990505a7747,a719a87c-4e93-4387-a6d1-2631a487f7e0,Ajdovščina,2237
8561e9fb-03e0-46f1-802d-b376d26a8ea5,6cc5af3b-67ea-47f3-9e8a-10946c32b906,N/A,N/A,4525
1b27d65a-1008-4bc9-928e-f6cb43b03804,7c37b809-4d6d-497c-a53d-38663e91c088,f4cfd904-bd11-4247-95df-32c4555a930f,Klinični center,2695
edf94a12-03e9-4225-b6cc-aca0edf588a7,379bc761-04b5-4227-be76-3b870fe3e69f,f33b721f-a8a3-4aad-96f2-077da09ebaa6,Razstavišče,4487
5a89967e-5654-49f6-84ca-59f7f9035444,f8da5156-e545-47ed-a811-2242f41f5593,7c149b59-2bc6-45cb-95c8-69e18a0db627,Rusjanov trg,297
d123fde4-aa91-49c3-83df-5ebf12af4e59,91b76764-87af-4b90-89dd-60f0046f7cc0,c87db9be-1fba-4102-a743-0ee4317dd5af,Bavarski dvor,1343
332abe37-33b8-4142-9edd-4ebd9e52eaf7,e9382efd-d64d-46b0-9a7d-a4e6a0188725,c87db9be-1fba-4102-a743-0ee4317dd5af,Bavarski dvor,283
7a256ec6-bb93-47eb-af92-ea62941c1dc6,24df120e-0d0c-4353-8dda-c7ef0dc3dd5c,fef200e9-4d98-425b-ab14-8110e2aa85d7,Drama,3330
34afe7f1-2d09-487f-983f-19c7dd5dae82,524d67dd-fbb0-4f6a-9199-f095123044ab,a719a87c-4e93-4387-a6d1-2631a487f7e0,Ajdovščina,880
befe0e87-b5fe-41ff-9a77-f65461eff28d,ba681dbc-ea72-4685-ad98-c5ed496510e6,c87db9be-1fba-4102-a743-0ee4317dd5af,Bavarski dvor,2813
01bc5983-63a7-4184-9986-32e5a5320684,30131bc3-a0f7-4cfc-9e4d-552b325c0ba7,21764d19-62cc-49fd-bac9-403aeac6a6b9,Ježica,1378
f496ecc3-28fe-4361-9da8-428bbf3bd672,51e04e1d-9ea1-432d-8b79-09e6c2a7be7b,fef200e9-4d98-425b-ab14-8110e2aa85d7,Drama,1973
f33b721f-a8a3-4aad-96f2-077da09ebaa6,4d2fc228-0628-4897-8d77-3e71d500d36d,295616c0-387b-4f60-a337-7743cd6be04e,Bavarski dvor,638
7d628170-e2eb-47fd-9d3e-658acf78d7d3,c5527a65-5265-43de-b703-7c7d494d190c,N/A,N/A,4525
55f1ae46-11e5-4270-991f-f09dae6c58bf,1f4702d4-6b02-4ad3-aa9b-118ff9aa3474,fef200e9-4d98-425b-ab14-8110e2aa85d7,Drama,197
154f3596-bbbb-4038-9ad7-c4b8b5288a02,77dcd833-fa4d-4c5a-93b1-31284942e61d,cee2862b-9b70-4880-8fa3-16c6d2efae1b,AMZS,911
1d62c3f1-903c-4350-a349-80c4573b3cdc,889e3719-7d29-4888-b690-5a1531d2930e,023d7b7a-b411-4e61-8746-b07f9e5c8f90,Ambrožev trg,929
8441d439-8d1d-40b8-b3d5-7b9c56848b43,e2499103-6634-4d8e-87a8-68dc5ef6340c,295616c0-387b-4f60-a337-7743cd6be04e,Bavarski dvor,373
b0b32562-f5dc-4183-abba-5729adf98088,538ab00b-ee39-44e8-b5a4-62c2c6215bf6,fef200e9-4d98-425b-ab14-8110e2aa85d7,Drama,721
923bd774-0651-4e0a-8624-3acfb7ecd5ff,ea80411c-360d-4a33-861c-6533a1d67eef,093afa81-b65f-4182-bac3-afbc00558a9b,Koseze,3124
5bc3addd-b076-4c60-b850-39f90e674b75,0fb83496-463c-4123-97c6-669efe614d26,769b7bc7-4f95-4bb2-9c99-37ba8e8b4bd5,D. MOST P+R,503
aaedd82f-0c53-425d-92cf-96e50bd20518,30131bc3-a0f7-4cfc-9e4d-552b325c0ba7,295616c0-387b-4f60-a337-7743cd6be04e,Bavarski dvor,76
8fbf17ab-413b-442c-9c6a-0eb8873a4755,dba19980-8ca1-4847-b9b5-8cd419374ae2,N/A,N/A,4525
81a7167c-7913-442e-96c5-20dc6e25d74b,9cb18d2e-9bf3-436a-ab3a-7c52c5de1300,5d7f28a6-2a2a-4333-aa06-48edfb652f86,Pošta,1461
78c69686-64ed-437c-83b5-0e28733ed70c,55f1ae46-11e5-4270-991f-f09dae6c58bf,a719a87c-4e93-4387-a6d1-2631a487f7e0,Ajdovščina,181
0760a037-cd94-4936-89b6-45ce9bd19917,29096931-9d98-487f-bd0a-b0767611e561,f33b721f-a8a3-4aad-96f2-077da09ebaa6,Razstavišče,377
d3283222-38a9-40e2-a485-180d1a33067c,1035c6f7-304e-4329-a3b2-4eb5d985a577,c87db9be-1fba-4102-a743-0ee4317dd5af,Bavarski dvor,1960
d861c2ce-106a-4b95-a4fc-2af355c0bbf0,9c3d9f7c-69df-4a48-8f1a-d25e7a922ac3,295616c0-387b-4f60-a337-7743cd6be04e,Bavarski dvor,787
a1406782-3114-407c-8e35-35bcf5a1234b,712ee105-4fab-498a-af5c-496ca9830f5f,295616c0-387b-4f60-a337-7743cd6be04e,Bavarski dvor,1383
c0a064eb-b507-43c2-a6d2-0e9c5881f031,6182f8e8-c45e-4606-b4a4-d909bd44d2cc,295616c0-387b-4f60-a337-7743cd6be04e,Bavarski dvor,229
96d4c75b-6452-4c70-a31e-c234262ba38b,51dbf10f-cf3b-4575-a8cc-d1080c1f9dde,484b5c91-1220-43ba-af79-84e712fcc46b,Slovenija avto,2534
15eaf9b9-db6d-4586-9ad2-5bfa99719bfd,f4e99ece-e89e-4322-80c6-5a91df65f64e,fef200e9-4d98-425b-ab14-8110e2aa85d7,Drama,1816
fb662324-f307-452f-9b00-0275dadfd382,17f7d178-41b3-41f9-a545-cbfc22a0a5f1,6bd46cb7-9e5d-453a-878a-bcc38fb2a5f2,Sava,1314
8a182298-1db3-4251-9cdb-a86efe72b8a7,2628b04b-eaf2-4c5a-b7ac-837237162783,8c7fa045-888b-46d0-8189-6f82623bf481,Poljanska,931
30c30bf5-75c4-4dc0-995f-4679ef54d37c,a8a92762-af25-42a7-98dd-9846f8b33e09,N/A,N/A,4525
912792ae-7f7e-4295-8064-38ea96a5dc4a,995cbd67-507b-4c32-b794-0ff48e0a3de9,N/A,N/A,4525
46847a61-d68a-4d2c-ad76-18e043d41430,1b3d51e8-8b5e-4b31-a63e-9d665243c2f1,N/A,N/A,4525
f73d3fb2-082c-4518-8af2-45de5490df4e,98a75a4c-0ef8-4efa-8f0a-384fe8eafce0,769b7bc7-4f95-4bb2-9c99-37ba8e8b4bd5,D. MOST P+R,168
8dde1a7b-e3ec-4675-8409-2a2c4ae696c7,d5102041-8282-4c77-a593-edac0d0d4a34,f33b721f-a8a3-4aad-96f2-077da09ebaa6,Razstavišče,2051
25ad5579-f6a0-4f35-a0c9-0678b41e9dde,0be53afd-2427-49b2-b70c-2ee3d89e9762,c87db9be-1fba-4102-a743-0ee4317dd5af,Bavarski dvor,625
21fba303-9465-42e6-8942-eaff85a2b40c,6afef238-01cd-4ad0-859d-2056b5d4a63f,N/A,N/A,4525
889e3719-7d29-4888-b690-5a1531d2930e,fef200e9-4d98-425b-ab14-8110e2aa85d7,a719a87c-4e93-4387-a6d1-2631a487f7e0,Ajdovščina,550
e1e80207-5c23-47c0-a63a-121003b22807,4a95f1f8-a457-4dcf-bd1f-6307d4300ea0,c22879e5-8e90-4540-9a74-5f139208e492,Friškovec,93
3203d037-a222-4092-8dd6-e8dfcd49a2c9,61485a1f-73a8-4dac-bcc7-6e4e53eb4b0f,717dda7e-d793-4697-8f60-b64ee8b1edc4,Gosposvetska,907
13d6dac7-dc00-416e-a8c0-0d6967e4014e,fcec9e7a-1c9e-4214-96dd-d071550349e6,295616c0-387b-4f60-a337-7743cd6be04e,Bavarski dvor,375
12618339-2c2d-49ec-b0e0-2517c11991f8,d4fd9934-5253-4ab8-a779-3e9e2a30c5b7,N/A,N/A,4525
b4634750-8d91-4625-b40d-1da9665e70f6,0614b134-0950-4f6b-bc8f-fb73a0881bc1,c87db9be-1fba-4102-a743-0ee4317dd5af,Bavarski dvor,1538
7a52a73a-cc0e-4c61-b9bc-306157727e1c,2496479b-f855-403d-bce8-2a4d9988665d,c87db9be-1fba-4102-a743-0ee4317dd5af,Bavarski dvor,481
61485a1f-73a8-4dac-bcc7-6e4e53eb4b0f,406d6bb7-147c-4853-a917-e5c437b025e6,fef200e9-4d98-425b-ab14-8110e2aa85d7,Drama,3057
b829062a-2644-4350-b998-74522d9e85d8,6a89c110-a0f8-4b1a-87f0-33f49c0a658e,a719a87c-4e93-4387-a6d1-2631a487f7e0,Ajdovščina,2725
a12cff7f-91e5-4f1e-be40-1a9b34ae792a,eb11d52f-300b-4648-a2e8-ed03db9ff7e2,N/A,N/A,4525
bff8345d-1b72-4b41-8b8d-cb8a5483a2e4,eb8e8d9a-a3d5-4ec1-9356-26e0e41912d1,f33b721f-a8a3-4aad-96f2-077da09ebaa6,Razstavišče,730
b91edda3-a147-4599-bebf-85e145de085b,cad3370f-7a28-4a47-8d5a-187adab3ca21,484b5c91-1220-43ba-af79-84e712fcc46b,Slovenija avto,1252
5c8bdb89-116a-4d5d-9db1-9be443070380,c5527a65-5265-43de-b703-7c7d494d190c,a719a87c-4e93-4387-a6d1-2631a487f7e0,Ajdovščina,111
666e98e1-4a23-4204-a3e6-99110f8b3153,79325942-629a-4766-a34a-525f8edf8cc5,923bd774-0651-4e0a-8624-3acfb7ecd5ff,Gornje Poljane,96
d867fec1-5147-43db-b004-08d2797f50e3,efecc3aa-ae68-4374-bc24-334280abcf3f,a719a87c-4e93-4387-a6d1-2631a487f7e0,Ajdovščina,249
8eeea585-6168-45b8-a5d4-336e61826043,daf172e0-4dd9-4d5b-8287-67ad2034bced,a719a87c-4e93-4387-a6d1-2631a487f7e0,Ajdovščina,2660
d5961b09-f5e8-4a0b-9bbb-2515ff0a8376,bd6d732b-65aa-4b59-be82-6ce1301e70d5,5d7f28a6-2a2a-4333-aa06-48edfb652f86,Pošta,181
8561e9fb-03e0-46f1-802d-b376d26a8ea5,1a3351a1-563e-4174-b402-54bc0e2f5191,9b0074d2-2c92-4c01-830b-00be8e05b412,Cukrarna,1803
5fe363f3-8297-448b-bde3-08f690c92d1b,815a2c5e-19a1-41b0-bca4-69dca8912326,c87db9be-1fba-4102-a743-0ee4317dd5af,Bavarski dvor,2328
81a7167c-7913-442e-96c5-20dc6e25d74b,77c4dfcc-1122-4896-9983-8a5bd11320de,1ce1c3a8-e0f6-4f90-b1aa-1448759d8b3c,Astra,1691
ba681dbc-ea72-4685-ad98-c5ed496510e6,8598b85d-3e1d-4767-b72f-0c209038841f,N/A,N/A,4525
363564a6-9938-4bf5-8928-1cd191e9c2ef,c8e0086c-0cef-4375-a471-72f3ae1e34fc,fef200e9-4d98-425b-ab14-8110e2aa85d7,Drama,1926
c6dd10bd-c21f-4a0c-9c7d-99e488a173d4,34f3ddda-e732-4b53-bfb2-8773b5cd6eac,ef31a8be-b01d-44cd-95cf-3db8e918af26,Emona,935
cce39cbe-6961-433a-a787-64fbf602f470,c22879e5-8e90-4540-9a74-5f139208e492,f33b721f-a8a3-4aad-96f2-077da09ebaa6,Razstavišče,1134
e3b51371-e289-45ef-83ca-1f4ffff25162,1eadcdb9-60cd-47c9-8eec-527c3465a685,295616c0-387b-4f60-a337-7743cd6be04e,Bavarski dvor,1997
6bd46cb7-9e5d-453a-878a-bcc38fb2a5f2,f4e99ece-e89e-4322-80c6-5a91df65f64e,295616c0-387b-4f60-a337-7743cd6be04e,Bavarski dvor,2107
0b9c5011-4f2d-4753-914f-500532b0dbeb,2896bfa8-0586-4ed1-8d93-c5c6e1ff3d72,N/A,N/A,4525
8648bfde-9b0f-4a64-aced-fe63aa923879,c1606675-dd38-4952-914b-6ca64fd56b7b,3fbf6322-fb74-4a50-a81a-bfca73abc26b,Tacenski most,3108
15bb8af1-183e-4ec8-81f7-1fc6e81beb30,ba2b16a8-1273-45d2-8758-47b9694df9a6,484b5c91-1220-43ba-af79-84e712fcc46b,Slovenija avto,1183
3fbf6322-fb74-4a50-a81a-bfca73abc26b,36c4949b-403b-4a76-87e3-d67f51d655ef,1ce1c3a8-e0f6-4f90-b1aa-1448759d8b3c,Astra,4177
476c1b24-6f2f-4727-b610-645c50493814,447a37f6-2be6-45a3-8ae0-6982aa53cafb,N/A,N/A,4525
154f3596-bbbb-4038-9ad7-c4b8b5288a02,717dda7e-d793-4697-8f60-b64ee8b1edc4,717dda7e-d793-4697-8f60-b64ee8b1edc4,Gosposvetska,1958
ba2b16a8-1273-45d2-8758-47b9694df9a6,26d86ffa-b8df-49aa-a9c0-5fa7d3cfba77,295616c0-387b-4f60-a337-7743cd6be04e,Bavarski dvor,16
d4d4230a-5247-4071-baa4-463321d9d934,15c71406-72b5-4681-8b1a-29eb30eb3f76,ef31a8be-b01d-44cd-95cf-3db8e918af26,Emona,2327
8441d439-8d1d-40b8-b3d5-7b9c56848b43,e3321752-4498-4da3-801c-d54920b22eba,c87db9be-1fba-4102-a743-0ee4317dd5af,Bavarski dvor,2017
e0f10330-ad34-453d-baf4-d6c601cb6cf8,4bd4913f-8597-4ea0-b219-4e9b15dcbb62,c87db9be-1fba-4102-a743-0ee4317dd5af,Bavarski dvor,193
9e109242-5aad-4fb7-b0c8-576eef8aa4e0,8f56b058-1ae3-44f5-8600-4330f2264d78,c87db9be-1fba-4102-a743-0ee4317dd5af,Bavarski dvor,2606
2323bf9e-1a47-4409-b9c8-398a035c8d12,c124f317-217b-4b89-9597-393843de4f81,f33b721f-a8a3-4aad-96f2-077da09ebaa6,Razstavišče,709
73e6ef23-ef0c-41bf-9960-0e3078b94d23,dadea785-0c6b-4054-9882-37227de3df4b,6182f8e8-c45e-4606-b4a4-d909bd44d2cc,Gornji trg,14
bb1ac8b9-5cb2-49f2-8d5c-d7fe4afdd5dd,aa113271-655f-423f-ad7e-4cfaba2eb739,7fa32ea0-e884-435a-a81c-51bbd5cedf3e,Zaloška,1418
5de84f88-3f32-4636-8c30-03cc267ecf37,77c4dfcc-1122-4896-9983-8a5bd11320de,N/A,N/A,4525
889e3719-7d29-4888-b690-5a1531d2930e,79d89180-8b07-4127-b7b4-1ac03d1cee9f,295616c0-387b-4f60-a337-7743cd6be04e,Bavarski dvor,610
9e90940e-cf99-4112-87ec-7cbb6331509a,e1e80207-5c23-47c0-a63a-121003b22807,f33b721f-a8a3-4aad-96f2-077da09ebaa6,Razstavišče,1215
40fcc1b9-2c42-4db8-bd48-d431efc8a3fd,9b9d2948-7538-409c-9bfc-42c0b74c41a8,a719a87c-4e93-4387-a6d1-2631a487f7e0,Ajdovščina,862
25c85d19-456c-4188-b563-15ad467a54c7,3fbf6322-fb74-4a50-a81a-bfca73abc26b,48b163cd-b819-4849-aee1-8b1da77657ab,Šentvid,2050
4d57f6bd-7ba7-4f07-8aa1-ecac0b09e8db,c0a064eb-b507-43c2-a6d2-0e9c5881f031,a719a87c-4e93-4387-a6d1-2631a487f7e0,Ajdovščina,865
9fa0b90f-dba1-4eca-8802-589425d3e8fd,f8da5156-e545-47ed-a811-2242f41f5593,a2ce7e6f-0f99-443a-a973-81a0b9c60261,Astra,1446
4ed69cbb-d738-450c-be11-7d96cd50ee50,105e10e7-fbab-4f99-94c9-178c25630b42,c87db9be-1fba-4102-a743-0ee4317dd5af,Bavarski dvor,764
16ae0a39-ff9a-4aee-88b5-34502255fab4,9e109242-5aad-4fb7-b0c8-576eef8aa4e0,dfde6478-02b5-471b-a470-29cb0e84542f,Slovenija avto,369
7962e05c-ad8c-43e4-9db4-4b90f0c94596,05bd4cbd-b014-4cfd-8ca9-3c82b0a59114,c87db9be-1fba-4102-a743-0ee4317dd5af,Bavarski dvor,1125
b47eac47-d897-4ba7-ab06-8e642cc8efe8,11d74c00-da13-4cad-883e-c6dcf8edcbe8,81f21fc1-3bd2-4d2a-b563-2d063479c68e,Štepanja vas,2723
1ceecd12-b005-4828-ad39-8f2aeb1ca228,b59656a4-b6e7-4b87-977c-078c59088a50,f33b721f-a8a3-4aad-96f2-077da09ebaa6,Razstavišče,4152
dac8d2a7-89e4-4aec-948d-00db4833ce7c,3d9e90f6-2b67-4f24-9cc4-7c2063a08410,a719a87c-4e93-4387-a6d1-2631a487f7e0,Ajdovščina,4477
0b9c5011-4f2d-4753-914f-500532b0dbeb,7558099b-08a3-43bc-8056-49bcc5900a03,N/A,N/A,4525
aa113271-655f-423f-ad7e-4cfaba2eb739,9c3d9f7c-69df-4a48-8f1a-d25e7a922ac3,c87db9be-1fba-4102-a743-0ee4317dd5af,Bavarski dvor,1866
b4634750-8d91-4625-b40d-1da9665e70f6,ca8cbe57-95dc-4326-9c06-b60a87b981b1,fef200e9-4d98-425b-ab14-8110e2aa85d7,Drama,536
c31b32c6-1ec2-48e9-9929-356fd0253540,43e01b7e-be2c-4282-be1b-9f628ca67327,fef200e9-4d98-425b-ab14-8110e2aa85d7,Drama,2305
10d57057-b305-4b7a-806b-3373014db962,8a224b7d-24ae-4c7b-8318-f66ac8cc078b,f4cfd904-bd11-4247-95df-32c4555a930f,Klinični center,290
5560d06d-4058-473e-abba-099b05d7cf07,65e92ecc-800d-4962-a8bc-0f50f1107a5b,6edebb46-d04f-45c4-99a4-100f7f0b2660,Zadvor,1900
3d2f3af0-3b48-4019-a861-ee4fff761a24,5a06b853-39a7-479d-ac40-fafa659fd896,717dda7e-d793-4697-8f60-b64ee8b1edc4,Gosposvetska,1336
71480129-1108-4659-bb1b-d62897a81d02,5b59d508-0860-4f50-b5ab-72a79046b488,769b7bc7-4f95-4bb2-9c99-37ba8e8b4bd5,D. MOST P+R,945
f5d8583f-6e9d-4996-b803-74bf3cd0b602,da623aed-094d-4c3c-9766-9f0aba0f40f6,295616c0-387b-4f60-a337-7743cd6be04e,Bavarski dvor,2858
87785aa3-128e-4f15-82b0-d8c3cfa6076f,54c591c0-7bbb-4489-9229-57b18f95827a,ac3afe7d-a2b3-4d5d-9e6a-1d2412a3bc70,Litostrojska,723
f2bac6f5-5bbc-4f15-acdd-014d86770ce9,eb11d52f-300b-4648-a2e8-ed03db9ff7e2,N/A,N/A,4525
bc66f88b-1412-44cb-b921-030d27335261,d17294f3-5b6c-4313-9243-3f38557967cf,7fad8003-fb10-489d-bf8d-6d433310ad90,Nove Jarše,1144
fa96d420-d1af-4ad0-bf6a-4544deb1c5eb,666bd186-7a9a-4e20-a466-e7b1918dda9b,223f660b-c391-4120-bf3c-7bf06781686b,Tovorni kolodvor,829
1e2641bc-b0b2-448e-8ad2-e52891fa4c5f,cab36767-e95a-4f60-978e-92490f2517b2,N/A,N/A,4525
bd001f58-6e58-49e9-877f-1fa36964fbc2,666bd186-7a9a-4e20-a466-e7b1918dda9b,f33b721f-a8a3-4aad-96f2-077da09ebaa6,Razstavišče,1031
67d66d40-e8ba-4bc0-a9cf-814dce3ccbea,32ff2d5b-61ae-415b-941b-aeb1be1b5052,a719a87c-4e93-4387-a6d1-2631a487f7e0,Ajdovščina,2965
79325942-629a-4766-a34a-525f8edf8cc5,0a4b6359-22f0-4caa-b4a8-f4edb97a0825,a0b1fb90-3f6a-4231-910a-18be192ac762,Flajšmanova,557
0fb83496-463c-4123-97c6-669efe614d26,cab36767-e95a-4f60-978e-92490f2517b2,484b5c91-1220-43ba-af79-84e712fcc46b,Slovenija avto,2418
86a75ffc-a78f-401f-8991-2eb0371417b2,5c38ad77-8124-42b3-810f-04703daec8b4,c87db9be-1fba-4102-a743-0ee4317dd5af,Bavarski dvor,553
1e157c31-d34d-4c2e-91b4-8c000c88f6dd,34f3ddda-e732-4b53-bfb2-8773b5cd6eac,f33b721f-a8a3-4aad-96f2-077da09ebaa6,Razstavišče,1715
eaad1ba5-14a4-494f-80ae-65294c29a962,28248670-5e08-4de2-8eab-e63933c0d61d,a719a87c-4e93-4387-a6d1-2631a487f7e0,Ajdovščina,1013
b5273abc-dfeb-49a2-9607-249bf6415e4b,b4766c35-4ab9-4af3-aa76-1b1f40735685,fef200e9-4d98-425b-ab14-8110e2aa85d7,Drama,1864
b0b32562-f5dc-4183-abba-5729adf98088,fac22b83-1bc0-4c12-8533-485b115409ef,a719a87c-4e93-4387-a6d1-2631a487f7e0,Ajdovščina,266
fef200e9-4d98-425b-ab14-8110e2aa85d7,cce39cbe-6961-433a-a787-64fbf602f470,295616c0-387b-4f60-a337-7743cd6be04e,Bavarski dvor,2024
45e88013-1a7e-44a0-ab1f-bc0db6c6746f,d5961b09-f5e8-4a0b-9bbb-2515ff0a8376,a719a87c-4e93-4387-a6d1-2631a487f7e0,Ajdovščina,92
108e7dc8-ca5d-4c91-9414-32a32a31b69a,da834a23-5697-49bb-b3a1-7f277c8206bc,N/A,N/A,4525
505865ea-cdea-4042-bdb2-b2f4f03889cb,9cb18d2e-9bf3-436a-ab3a-7c52c5de1300,21764d19-62cc-49fd-bac9-403aeac6a6b9,Ježica,759
889e3719-7d29-4888-b690-5a1531d2930e,a4545f57-dab0-4ca0-9da3-5bc96d80f104,c87db9be-1fba-4102-a743-0ee4317dd5af,Bavarski dvor,682
39650ca1-d08c-4645-ac1a-6aed84eb45c5,a9473958-e505-4c16-8498-486b06a47856,cee2862b-9b70-4880-8fa3-16c6d2efae1b,AMZS,472
6c773433-c487-49c5-a783-32c0e276ed7b,bf64b499-211b-4da8-ace2-f12a17608ae3,c87db9be-1fba-4102-a743-0ee4317dd5af,Bavarski dvor,997
8dde1a7b-e3ec-4675-8409-2a2c4ae696c7,0dc86a8f-0f41-44c7-978c-e06cb63cbbcf,379bc761-04b5-4227-be76-3b870fe3e69f,Pot na Fužine,319
eaad1ba5-14a4-494f-80ae-65294c29a962,cdee8be6-e02c-4fb5-9752-be1bac08d90d,769b7bc7-4f95-4bb2-9c99-37ba8e8b4bd5,D. MOST P+R,2444
332abe37-33b8-4142-9edd-4ebd9e52eaf7,db9f7130-0bc2-4f3e-b8cd-07cfe96b1f8f,c87db9be-1fba-4102-a743-0ee4317dd5af,Bavarski dvor,1529
b589ddd3-5a31-4fe1-915f-44347b4c0a1a,d5102041-8282-4c77-a593-edac0d0d4a34,9a1c4c65-df77-481f-87ad-56143f02a864,Vižmarje,284
7b41ca8e-2e41-4572-aa5c-1d80375e8835,3a50f545-2fe2-45a0-8ed6-01635603efed,f33b721f-a8a3-4aad-96f2-077da09ebaa6,Razstavišče,2469
f5e84751-7377-402c-974c-53276e422e70,8fc42c89-96e2-4c69-a2b4-44d505f27ce9,295616c0-387b-4f60-a337-7743cd6be04e,Bavarski dvor,2421
277bc73c-e61d-4046-bcfd-31d6161c568e,65a6b01d-c9cf-4d4e-930c-5562156d7375,b59656a4-b6e7-4b87-977c-078c59088a50,Hajdrihova,3256
9afb36ea-c2ae-4bbb-9644-3a6c65bb1c7d,a52cd7ac-c11e-4c8b-94a5-1a12b32595da,717dda7e-d793-4697-8f60-b64ee8b1edc4,Gosposvetska,1956
397418bc-78a7-45c9-b5cf-374fe21cee11,8d767444-3983-4409-bda1-d298b52c7bfe,769b7bc7-4f95-4bb2-9c99-37ba8e8b4bd5,D. MOST P+R,3241
06348c07-2fb0-4dfb-a938-aaef614a7f68,786a15d4-dd6b-42bb-a5c9-6ce994b5be9e,aa42017d-812a-4175-bc9b-0fec03b18931,Ambrožev trg,456
9cc88862-270a-409a-b450-e0003c7930af,39650ca1-d08c-4645-ac1a-6aed84eb45c5,295616c0-387b-4f60-a337-7743cd6be04e,Bavarski dvor,867
441545fb-7a0c-4555-aea8-01cbe6c14ea3,79d89180-8b07-4127-b7b4-1ac03d1cee9f,295616c0-387b-4f60-a337-7743cd6be04e,Bavarski dvor,170
a9796806-8cd3-4b76-bf8c-4340aec35c9e,4a74b966-4fbf-41ab-8e1b-276f3f14fc49,a719a87c-4e93-4387-a6d1-2631a487f7e0,Ajdovščina,741
4ec1b435-1683-4cd7-a4d0-688cc9f3b603,a7af0c5d-2297-40e2-a6e0-506f6aadba0a,98fa3880-5936-4ec8-ba04-39c7ff9a0e6a,Stara cerkev,252
67d66d40-e8ba-4bc0-a9cf-814dce3ccbea,b0d473cd-f35e-4a30-8d0d-70f16b92e8e8,7fad8003-fb10-489d-bf8d-6d433310ad90,Nove Jarše,3043
a2f479c6-4c21-4923-b4ac-86f752507cee,eb165f50-9c43-4b09-9658-469a16d3dc83,N/A,N/A,4525
7484317c-269f-425f-8118-23eedab4e5f1,87785aa3-128e-4f15-82b0-d8c3cfa6076f,f33b721f-a8a3-4aad-96f2-077da09ebaa6,Razstavišče,1437
923bd774-0651-4e0a-8624-3acfb7ecd5ff,5e732249-14ec-4efe-bae1-7f9ca722f7ae,N/A,N/A,4525
d123fde4-aa91-49c3-83df-5ebf12af4e59,c0e6a237-3879-4336-88b6-5af51408cc7e,c87db9be-1fba-4102-a743-0ee4317dd5af,Bavarski dvor,210
c9b2488c-cca9-4b84-83cb-638ef545c851,7a256ec6-bb93-47eb-af92-ea62941c1dc6,N/A,N/A,4525
363564a6-9938-4bf5-8928-1cd191e9c2ef,60ccc570-3714-410b-aa31-43d3a4c593c8,6a89c110-a0f8-4b1a-87f0-33f49c0a658e,Šola Jarše,1911
2d6504e9-c938-417e-9b55-32d6514bc744,15c71406-72b5-4681-8b1a-29eb30eb3f76,a0b1fb90-3f6a-4231-910a-18be192ac762,Flajšmanova,2063
363e4763-df83-4814-99d2-879d448d5910,08f2fb98-afdf-4961-b419-1bca7f5568ab,7fad8003-fb10-489d-bf8d-6d433310ad90,Nove Jarše,171
f2bac6f5-5bbc-4f15-acdd-014d86770ce9,d5735919-60bb-4720-a695-9f5155a4f109,f33b721f-a8a3-4aad-96f2-077da09ebaa6,Razstavišče,4028
db9f7130-0bc2-4f3e-b8cd-07cfe96b1f8f,d9df1ba3-6820-4fcb-b561-9cb7a60dd463,295616c0-387b-4f60-a337-7743cd6be04e,Bavarski dvor,4217
c87db9be-1fba-4102-a743-0ee4317dd5af,538ab00b-ee39-44e8-b5a4-62c2c6215bf6,923bd774-0651-4e0a-8624-3acfb7ecd5ff,Gornje Poljane,534
c20233f2-94bc-4c21-9d2a-9b129b668487,2edaabef-ed43-4b87-ba95-a5600c33250f,2ec182e2-769f-427f-b9b5-c4118890cb96,Stožice,3751
300f1367-4ba4-4416-90e4-caa8f33e9144,61f19c68-2d5e-4d76-bdd4-28709a347b5b,093afa81-b65f-4182-bac3-afbc00558a9b,Koseze,14
6a774daa-3547-4128-b304-aa2d17d4391a,35dbaf26-2fa4-45c4-87fc-81d1ff13b005,c87db9be-1fba-4102-a743-0ee4317dd5af,Bavarski dvor,2827
4ab506fa-0fcd-431b-ace7-19ffa5f0576a,ef005e77-f3b8-4171-b681-1294d0e4732b,484b5c91-1220-43ba-af79-84e712fcc46b,Slovenija avto,931
35dbaf26-2fa4-45c4-87fc-81d1ff13b005,8441d439-8d1d-40b8-b3d5-7b9c56848b43,c87db9be-1fba-4102-a743-0ee4317dd5af,Bavarski dvor,323
3d8122ff-0840-4811-a5ad-c4702fc70269,d98335a0-1291-4d4c-be62-16b11c356575,9b0074d2-2c92-4c01-830b-00be8e05b412,Cukrarna,4352
eb8e8d9a-a3d5-4ec1-9356-26e0e41912d1,a5eb15d2-f0cb-46a6-b888-6a9aad6bc5b6,7fa32ea0-e884-435a-a81c-51bbd5cedf3e,Zaloška,865
97d3e896-2af7-40f9-bfbf-59cf3fcbf93a,1a3351a1-563e-4174-b402-54bc0e2f5191,fef200e9-4d98-425b-ab14-8110e2aa85d7,Drama,414
02e96186-e90a-4171-8869-082486f7da1d,8589e5d1-21b4-4210-ad7a-4bf91f9a715d,N/A,N/A,4525
ecc4ae87-ae08-4b94-995c-452fdd94df7f,6324e337-5778-492a-9e9c-57e3ad5c4710,fef200e9-4d98-425b-ab14-8110e2aa85d7,Drama,868
a2ce7e6f-0f99-443a-a973-81a0b9c60261,1dc99fbb-5496-4aab-a4b6-32e653ccc789,f14a6236-8af2-47bf-9270-432377662a63,Viadukt,1757
8e7a488b-cd48-4243-92b0-42792d0e3bc1,0614b134-0950-4f6b-bc8f-fb73a0881bc1,484b5c91-1220-43ba-af79-84e712fcc46b,Slovenija avto,967
bfcba499-ce46-41b0-8268-966d74eccb20,3d0466c6-82f4-4a8e-ac5f-18d4dab794ac,N/A,N/A,4525
c3534bc6-7bfd-43be-b46a-2b0fced57ab8,d8289ab1-f65d-4b3d-8b4b-55ada004f023,295616c0-387b-4f60-a337-7743cd6be04e,Bavarski dvor,475
c3534bc6-7bfd-43be-b46a-2b0fced57ab8,7b687edb-dc47-4b68-a13e-34713cababe9,a719a87c-4e93-4387-a6d1-2631a487f7e0,Ajdovščina,1272
2388ce1f-c947-42d7-97f3-e01a7254c933,2a7d32ca-24a1-41ac-a273-0cbcdec59336,N/A,N/A,4525
73e6ef23-ef0c-41bf-9960-0e3078b94d23,71480129-1108-4659-bb1b-d62897a81d02,5d7f28a6-2a2a-4333-aa06-48edfb652f86,Pošta,1901
339ec74c-f45b-4f23-98b8-7ac67486ff6d,a7094427-e180-4deb-acaf-5d4488326e9e,a2ce7e6f-0f99-443a-a973-81a0b9c60261,Astra,1191
dac8d2a7-89e4-4aec-948d-00db4833ce7c,8b5f91a6-23b7-4786-96f9-a80c6d668e18,a719a87c-4e93-4387-a6d1-2631a487f7e0,Ajdovščina,2992
91b76764-87af-4b90-89dd-60f0046f7cc0,92928953-a289-4a44-a653-b7b6b4f5e1c2,a719a87c-4e93-4387-a6d1-2631a487f7e0,Ajdovščina,2732
7a256ec6-bb93-47eb-af92-ea62941c1dc6,a112e799-e1b6-4dd2-b652-bd521dda7638,fef200e9-4d98-425b-ab14-8110e2aa85d7,Drama,1483
8589e5d1-21b4-4210-ad7a-4bf91f9a715d,5b59d508-0860-4f50-b5ab-72a79046b488,295616c0-387b-4f60-a337-7743cd6be04e,Bavarski dvor,3247
9583dbdd-06fd-411e-88dd-af8f89e2caaa,2188a1bc-ce7a-4450-bd4f-871538578244,295616c0-387b-4f60-a337-7743cd6be04e,Bavarski dvor,444
2154edb8-16e2-4334-8878-9e38abcdf06a,4fddf4a7-ad4e-4630-a5ca-3267955db548,fef200e9-4d98-425b-ab14-8110e2aa85d7,Drama,1140
e78f256e-7218-4263-87b9-255bd90c9f49,9b85d4b0-c594-4e0e-9ce2-d0986256c270,f14a6236-8af2-47bf-9270-432377662a63,Viadukt,446
a2b5023d-5ce8-420f-ad2a-b61c7a1902a8,2bf898b0-1247-4e84-87e2-2e044e580c8f,6bd46cb7-9e5d-453a-878a-bcc38fb2a5f2,Sava,357
0df2ffa6-b1c8-44d0-900c-8b23b37794df,dadea785-0c6b-4054-9882-37227de3df4b,N/A,N/A,4525
0334e79e-7a89-44e9-a463-5af813e64a40,38b3abed-0592-407b-96c3-85a026f2e192,38b3abed-0592-407b-96c3-85a026f2e192,Dalmatinova,780
01bc5983-63a7-4184-9986-32e5a5320684,2d42d8e2-26a8-4a74-809c-f436d05c8a54,c87db9be-1fba-4102-a743-0ee4317dd5af,Bavarski dvor,1330
e2499103-6634-4d8e-87a8-68dc5ef6340c,1df1835b-cfd3-40e7-9466-9c9d43642bed,a719a87c-4e93-4387-a6d1-2631a487f7e0,Ajdovščina,731
da834a23-5697-49bb-b3a1-7f277c8206bc,e1e80207-5c23-47c0-a63a-121003b22807,a719a87c-4e93-4387-a6d1-2631a487f7e0,Ajdovščina,2557
1f4702d4-6b02-4ad3-aa9b-118ff9aa3474,07b4c585-66cf-49d7-906c-50f1122c8e9e,aa42017d-812a-4175-bc9b-0fec03b18931,Ambrožev trg,102
01d1f388-d915-4e9f-bc3d-4432a73a216e,3866c761-7fa4-4a4a-b913-75569da498d9,f33b721f-a8a3-4aad-96f2-077da09ebaa6,Razstavišče,4078
0eca6015-5429-4289-a76c-4ec9ef707e67,609f0950-bb8c-4eaf-a931-8575b8aff1ac,6a89c110-a0f8-4b1a-87f0-33f49c0a658e,Šola Jarše,2664
d5102041-8282-4c77-a593-edac0d0d4a34,609f0950-bb8c-4eaf-a931-8575b8aff1ac,c87db9be-1fba-4102-a743-0ee4317dd5af,Bavarski dvor,119
192b7b6a-b138-4569-a4f3-86bef6b20810,2496479b-f855-403d-bce8-2a4d9988665d,a719a87c-4e93-4387-a6d1-2631a487f7e0,Ajdovščina,1809
1eadcdb9-60cd-47c9-8eec-527c3465a685,16ae0a39-ff9a-4aee-88b5-34502255fab4,88cdd36c-03d2-4374-a22f-110dd9f75ea0,Kajuhova,3915
53f8224f-99e5-4c34-9f77-3621bbe9ce99,1c0ae078-cca7-40c8-aeda-1187a12ddfee,9a1c4c65-df77-481f-87ad-56143f02a864,Vižmarje,2197
48b163cd-b819-4849-aee1-8b1da77657ab,93928408-7b36-41f9-9b62-fec53e14b4e2,a0e0a21b-b8ce-4d76-bbc2-04e179367fee,Šola Jarše,883
c0fb12dd-8cab-40da-a3aa-e8de9c6d09ed,5b59d508-0860-4f50-b5ab-72a79046b488,9cfac7e2-9653-4e52-a6d3-27756d27f817,Kino Šiška,920
5d91512b-af7f-4bbe-9dde-17f402fbf590,fb7704f0-d31e-4561-83e4-621a8c62654b,9b0074d2-2c92-4c01-830b-00be8e05b412,Cukrarna,253
25ad5579-f6a0-4f35-a0c9-0678b41e9dde,bb995fbb-29c8-4035-9503-ae33320833a8,f33b721f-a8a3-4aad-96f2-077da09ebaa6,Razstavišče,1711
7d579a55-27bc-49d0-a124-a5ed6233c55a,813b7c8c-5236-405a-bb0d-092a5d93c2a6,f33b721f-a8a3-4aad-96f2-077da09ebaa6,Razstavišče,467
06e4802d-2c96-4556-bd95-35e0a2bb030c,8d767444-3983-4409-bda1-d298b52c7bfe,N/A,N/A,4525
98a94a2a-894f-4ff0-9967-1dd986bf0cfd,6a89c110-a0f8-4b1a-87f0-33f49c0a658e,6182f8e8-c45e-4606-b4a4-d909bd44d2cc,Gornji trg,1856
d72d58c2-b9a9-4dd5-b741-17e986d925c8,d6ae97e7-23b5-48d6-a9fa-2a2624e9f434,fef200e9-4d98-425b-ab14-8110e2aa85d7,Drama,1432
a999f83e-4e6a-4ef9-9a10-e4a2c8a4a182,698551c1-7bb2-4f7e-9701-23b7667e8594,e8d0bfd1-b300-4eae-8f85-79266066bb3c,Medvoška a.p.,4
567980fa-7783-411d-9c67-55b44d753880,912792ae-7f7e-4295-8064-38ea96a5dc4a,N/A,N/A,4525
f088dbda-3ab0-43c5-bcdf-c727725c05be,3d0466c6-82f4-4a8e-ac5f-18d4dab794ac,a2ce7e6f-0f99-443a-a973-81a0b9c60261,Astra,466
ccccee29-6fc7-4a86-b492-7f36a8e817db,2b223d0c-f8ec-4970-815c-bfe26c3ffc09,N/A,N/A,4525
fbd1dfb0-4a6f-4160-ad52-5ccb69530195,e9089f7d-853e-4375-8ecb-0db96fcc60e6,fef200e9-4d98-425b-ab14-8110e2aa85d7,Drama,1130
5d7f28a6-2a2a-4333-aa06-48edfb652f86,f2fc2702-e9da-4c36-b6fc-9f52199e4574,c87db9be-1fba-4102-a743-0ee4317dd5af,Bavarski dvor,428
fd0e405e-d5e5-45fc-8911-e48a178ad4a9,32abc648-685c-47b0-bbc4-203371ec2699,295616c0-387b-4f60-a337-7743cd6be04e,Bavarski dvor,2666
46f20d33-601c-4ef6-b86c-7c2bb4af52fa,717dda7e-d793-4697-8f60-b64ee8b1edc4,a719a87c-4e93-4387-a6d1-2631a487f7e0,Ajdovščina,780
311a0b74-0787-484b-b414-8adf1cd4cf58,1b27d65a-1008-4bc9-928e-f6cb43b03804,7eb88e01-82e9-4af4-84d0-69c6ea9dc82c,Kolodvor,1707
3f996624-8134-4eec-9742-70111db659c1,02c61e3f-2d2e-4b42-b695-bbd3cc672f6b,f33b721f-a8a3-4aad-96f2-077da09ebaa6,Razstavišče,524
889e3719-7d29-4888-b690-5a1531d2930e,58cd6196-8ac4-4803-be8b-1c0d2fb52528,fef200e9-4d98-425b-ab14-8110e2aa85d7,Drama,682
a999f83e-4e6a-4ef9-9a10-e4a2c8a4a182,dfd33168-046e-49af-9428-b9394f98667c,c87db9be-1fba-4102-a743-0ee4317dd5af,Bavarski dvor,2622
1e157c31-d34d-4c2e-91b4-8c000c88f6dd,cddb3822-7daf-4cae-9cc3-6b191e81326b,454817d3-3750-49c7-994c-14d06fd2c634,Žale,311
ea91e672-f4a8-40cb-af62-214726551a93,bff8345d-1b72-4b41-8b8d-cb8a5483a2e4,c87db9be-1fba-4102-a743-0ee4317dd5af,Bavarski dvor,3115
12cfc2b3-f8ff-444b-8d5f-15855e45e331,f1b7471e-db71-49da-846d-1232cb3e8f8f,fef200e9-4d98-425b-ab14-8110e2aa85d7,Drama,520
1c0c01ee-6258-4328-9d01-489eb421a8d9,0b9c5011-4f2d-4753-914f-500532b0dbeb,N/A,N/A,4525
c70ad4c4-6c37-4f31-83aa-921dc8bc15a4,8d767444-3983-4409-bda1-d298b52c7bfe,c87db9be-1fba-4102-a743-0ee4317dd5af,Bavarski dvor,758
7c37b809-4d6d-497c-a53d-38663e91c088,d8289ab1-f65d-4b3d-8b4b-55ada004f023,484b5c91-1220-43ba-af79-84e712fcc46b,Slovenija avto,1997
1e4be02a-ac61-41bc-b9b5-1ef7850313ed,d9df1ba3-6820-4fcb-b561-9cb7a60dd463,N/A,N/A,4525
a769d1e9-8727-4190-b56c-5cdd8a49333d,192b7b6a-b138-4569-a4f3-86bef6b20810,e6f5183b-c615-4f47-b4fb-204ee070e825,Bežigrad,2953
f33b721f-a8a3-4aad-96f2-077da09ebaa6,6672b8cb-e56d-420a-a5e7-fc86e8aa3647,N/A,N/A,4525
8f56b058-1ae3-44f5-8600-4330f2264d78,fcccf4af-4f16-4edc-ba5a-585c434593fe,f33b721f-a8a3-4aad-96f2-077da09ebaa6,Razstavišče,305
9a1c4c65-df77-481f-87ad-56143f02a864,4d216485-ef41-45e7-9182-0c254644955c,6a89c110-a0f8-4b1a-87f0-33f49c0a658e,Šola Jarše,1959
cec37fa8-0d4a-4e80-a259-2fa91b68463d,d06c6c8a-c136-4b7a-9c13-b26ba0c04029,295616c0-387b-4f60-a337-7743cd6be04e,Bavarski dvor,903
fb7704f0-d31e-4561-83e4-621a8c62654b,5fe363f3-8297-448b-bde3-08f690c92d1b,a0b1fb90-3f6a-4231-910a-18be192ac762,Flajšmanova,1805
1b0f629f-acdb-4e94-8c54-018f4334ebf7,cec37fa8-0d4a-4e80-a259-2fa91b68463d,1eadcdb9-60cd-47c9-8eec-527c3465a685,Polje,2280
b47eac47-d897-4ba7-ab06-8e642cc8efe8,98239279-bb80-4070-965c-dc87525019e2,a719a87c-4e93-4387-a6d1-2631a487f7e0,Ajdovščina,1053
639551cf-fe23-4363-8ccd-655bc5d4119e,298fea2e-c58b-4d99-9350-2420c718d2cc,fef200e9-4d98-425b-ab14-8110e2aa85d7,Drama,3616
0d50a4a8-a88d-4468-b562-73e51937e1c5,249f3d10-f5f0-467b-8f60-f35fd62d9054,717dda7e-d793-4697-8f60-b64ee8b1edc4,Gosposvetska,1533
6edebb46-d04f-45c4-99a4-100f7f0b2660,bf990a3a-96e9-42b7-9147-33e85bd24c05,N/A,N/A,4525
0ff94f7b-275b-4cc4-bb27-e00842f5ad87,d7a59d1b-dfe1-4fbb-96fc-14443b077516,a2ce7e6f-0f99-443a-a973-81a0b9c60261,Astra,1913
144ab380-6586-43ce-b216-2e66362b6eca,65e92ecc-800d-4962-a8bc-0f50f1107a5b,N/A,N/A,4525
ef3024a8-1d7f-4cf5-ad3b-74528eaa9c51,e74131c6-ac2f-477b-9693-10bb5ab9f24b,N/A,N/A,4525
cdee8be6-e02c-4fb5-9752-be1bac08d90d,db046e79-c658-433c-8812-157fd965a9f6,98fa3880-5936-4ec8-ba04-39c7ff9a0e6a,Stara cerkev,2404
34f3ddda-e732-4b53-bfb2-8773b5cd6eac,24df120e-0d0c-4353-8dda-c7ef0dc3dd5c,N/A,N/A,4525
7d1d9e60-8a7d-4e50-86e5-f3a42a99d837,824255dc-9be8-4f7b-9b69-2bd4e5a3fc27,N/A,N/A,4525
0b6c7b97-410c-48fa-be23-430c316f9b10,1907a46a-4559-43ec-8363-03fe35d30725,717dda7e-d793-4697-8f60-b64ee8b1edc4,Gosposvetska,1693
7294875b-8482-484a-b04d-95b921612001,311a0b74-0787-484b-b414-8adf1cd4cf58,f33b721f-a8a3-4aad-96f2-077da09ebaa6,Razstavišče,392
e82569a6-73f3-4002-b7b5-0f83ee167535,5b184752-5bd2-43e3-9243-dfc8969d9065,N/A,N/A,4525
d5d15a80-243b-49d7-a616-b3c3fb39e8af,7a256ec6-bb93-47eb-af92-ea62941c1dc6,f4cfd904-bd11-4247-95df-32c4555a930f,Klinični center,354
666bd186-7a9a-4e20-a466-e7b1918dda9b,d98335a0-1291-4d4c-be62-16b11c356575,86a75ffc-a78f-401f-8991-2eb0371417b2,Studenec,105
7c390857-8fc7-49b5-9c9d-e5535d360148,5b2cb528-ba33-461a-aee5-54e2ed8c3758,N/A,N/A,4525
5ddf10c0-90a5-4dbf-992c-23c0505674aa,f33b721f-a8a3-4aad-96f2-077da09ebaa6,c87db9be-1fba-4102-a743-0ee4317dd5af,Bavarski dvor,4462
37fc313d-1f45-49c9-9059-4f96f44a6682,87785aa3-128e-4f15-82b0-d8c3cfa6076f,b59656a4-b6e7-4b87-977c-078c59088a50,Hajdrihova,2191
87415b6b-7e7f-4b82-b78f-ef1a7db85282,c20233f2-94bc-4c21-9d2a-9b129b668487,N/A,N/A,4525
99b82632-116f-421b-9320-d5a53e522155,896f7627-7c1c-4742-a40a-6aadb85fe206,f33b721f-a8a3-4aad-96f2-077da09ebaa6,Razstavišče,3444
bb995fbb-29c8-4035-9503-ae33320833a8,ab987eb0-c970-4577-8db9-0cd507a6cab6,c87db9be-1fba-4102-a743-0ee4317dd5af,Bavarski dvor,1314
1ef524bd-2bf3-4c47-add3-044374897443,6a74977a-a26d-42b4-a60b-8dabc726e57d,fef200e9-4d98-425b-ab14-8110e2aa85d7,Drama,2895
807c11ba-4b3a-4e2b-82b5-abf5864fa4bc,105e10e7-fbab-4f99-94c9-178c25630b42,N/A,N/A,4525
d2e3d9f5-0203-49a4-8ea1-455e2434a347,5e732249-14ec-4efe-bae1-7f9ca722f7ae,N/A,N/A,4525
77dcd833-fa4d-4c5a-93b1-31284942e61d,c124f317-217b-4b89-9597-393843de4f81,b59656a4-b6e7-4b87-977c-078c59088a50,Hajdrihova,199
81f21fc1-3bd2-4d2a-b563-2d063479c68e,093afa81-b65f-4182-bac3-afbc00558a9b,a719a87c-4e93-4387-a6d1-2631a487f7e0,Ajdovščina,1866
26ec9924-5586-4fd5-8b20-63f2d0a38d44,95eee7e8-237d-4410-a9bf-00c6f88129c1,c22879e5-8e90-4540-9a74-5f139208e492,Friškovec,20
f174a648-9e84-492d-9ccd-0756b49c773b,2a7d32ca-24a1-41ac-a273-0cbcdec59336,ecc4ae87-ae08-4b94-995c-452fdd94df7f,Privoz,3195
62feeb73-9af7-43ee-8714-1b435ec20263,e333d90d-3eef-4d82-9e00-ebe693e2f389,fef200e9-4d98-425b-ab14-8110e2aa85d7,Drama,15
4f681273-89fe-44f9-aaec-76950722cc52,a2947722-2e6f-48dd-9c31-ff36356676fa,fef200e9-4d98-425b-ab14-8110e2aa85d7,Drama,2267
51e04e1d-9ea1-432d-8b79-09e6c2a7be7b,5d7f28a6-2a2a-4333-aa06-48edfb652f86,f4cfd904-bd11-4247-95df-32c4555a930f,Klinični center,680
2c46416a-d66e-469c-a342-898a93f5b2f0,0b90d258-764d-4c06-aab0-7074dbd54182,8c7fa045-888b-46d0-8189-6f82623bf481,Poljanska,3601
363e4763-df83-4814-99d2-879d448d5910,410b424b-5f4d-4137-bc20-7d1f328540a3,a719a87c-4e93-4387-a6d1-2631a487f7e0,Ajdovščina,998
5de6ff80-1352-43df-b5ec-1df59f2f492b,daf172e0-4dd9-4d5b-8287-67ad2034bced,a0b1fb90-3f6a-4231-910a-18be192ac762,Flajšmanova,698
c70ad4c4-6c37-4f31-83aa-921dc8bc15a4,36c4949b-403b-4a76-87e3-d67f51d655ef,295616c0-387b-4f60-a337-7743cd6be04e,Bavarski dvor,3062
4a74b966-4fbf-41ab-8e1b-276f3f14fc49,d17294f3-5b6c-4313-9243-3f38557967cf,a719a87c-4e93-4387-a6d1-2631a487f7e0,Ajdovščina,1909
5fe363f3-8297-448b-bde3-08f690c92d1b,c32ef99a-6752-47fe-94eb-a5134c7110af,6edebb46-d04f-45c4-99a4-100f7f0b2660,Zadvor,3619
61f19c68-2d5e-4d76-bdd4-28709a347b5b,70c51140-f3ee-4c89-a6e2-ed74dab89148,c87db9be-1fba-4102-a743-0ee4317dd5af,Bavarski dvor,1874
e2d3c37e-a7df-458e-9e5a-ea33ccf4c11b,a8af1032-30bf-4f7b-a921-28d2f712fd24,295616c0-387b-4f60-a337-7743cd6be04e,Bavarski dvor,112
b0d473cd-f35e-4a30-8d0d-70f16b92e8e8,c15a2be8-fc53-427d-9cc6-a50bb305f68d,295616c0-387b-4f60-a337-7743cd6be04e,Bavarski dvor,3587
3429cda2-6047-453c-bf54-952dfa6674c0,5d7f28a6-2a2a-4333-aa06-48edfb652f86,c87db9be-1fba-4102-a743-0ee4317dd5af,Bavarski dvor,524
cf94d70f-d211-4625-9037-014514562aa9,5ddf10c0-90a5-4dbf-992c-23c0505674aa,454817d3-3750-49c7-994c-14d06fd2c634,Žale,1062
6932c2e0-ff32-4170-b519-fba88e29c147,5a89967e-5654-49f6-84ca-59f7f9035444,fef200e9-4d98-425b-ab14-8110e2aa85d7,Drama,1002
7b822496-7ea4-4ce8-b78c-1d021c68a9ed,aa3ce006-1975-496a-abc6-a98ec5e87652,5d7f28a6-2a2a-4333-aa06-48edfb652f86,Pošta,1157
862efb04-bcf5-493a-929d-242fb91ba5f6,6efecef0-52ba-4a47-9991-9bab5ce31340,c87db9be-1fba-4102-a743-0ee4317dd5af,Bavarski dvor,577
0e79ef8c-f692-4e29-a37e-4a81cbb3d410,7a256ec6-bb93-47eb-af92-ea62941c1dc6,295616c0-387b-4f60-a337-7743cd6be04e,Bavarski dvor,162
aa42017d-812a-4175-bc9b-0fec03b18931,62d0c5a7-1692-43ef-b6e2-31f514362629,c87db9be-1fba-4102-a743-0ee4317dd5af,Bavarski dvor,339
9bd3ee10-bc61-44e8-8cf3-a37cffd54da0,5c9baa4c-9ee0-4263-be22-72f5a73c714d,2ec182e2-769f-427f-b9b5-c4118890cb96,Stožice,3738
727cab27-5e8e-4c5e-ba27-449822a45ee7,5ddf10c0-90a5-4dbf-992c-23c0505674aa,N/A,N/A,4525
dba19980-8ca1-4847-b9b5-8cd419374ae2,d17294f3-5b6c-4313-9243-3f38557967cf,N/A,N/A,4525
c6eab761-36e0-4bf8-88ed-48e594ed375b,2628b04b-eaf2-4c5a-b7ac-837237162783,717dda7e-d793-4697-8f60-b64ee8b1edc4,Gosposvetska,1993
259de009-1345-4169-920b-baeaceade993,1f9fad8e-d59c-494c-bdd1-1983afacb755,9cfac7e2-9653-4e52-a6d3-27756d27f817,Kino Šiška,1698
862efb04-bcf5-493a-929d-242fb91ba5f6,c32ef99a-6752-47fe-94eb-a5134c7110af,38b3abed-0592-407b-96c3-85a026f2e192,Dalmatinova,1664
3cb0ccbb-9b91-4d71-bd27-2acef732be4c,bf64b499-211b-4da8-ace2-f12a17608ae3,5cc8a08d-c0af-491f-9a9c-b8b4f5f23bc0,BTC-Emporium,2345
bf990a3a-96e9-42b7-9147-33e85bd24c05,0c3a77a7-d9eb-45c7-b722-1fafde29129c,769b7bc7-4f95-4bb2-9c99-37ba8e8b4bd5,D. MOST P+R,1184
d4d4230a-5247-4071-baa4-463321d9d934,07b4c585-66cf-49d7-906c-50f1122c8e9e,717dda7e-d793-4697-8f60-b64ee8b1edc4,Gosposvetska,270
8fbf17ab-413b-442c-9c6a-0eb8873a4755,12304b99-9a07-485a-a101-eaca90495d48,e6f5183b-c615-4f47-b4fb-204ee070e825,Bežigrad,599
ee03ecf6-db6d-4ecc-90cd-5b3afc8afb91,9bd3ee10-bc61-44e8-8cf3-a37cffd54da0,9a1c4c65-df77-481f-87ad-56143f02a864,Vižmarje,2244
6c56976b-4ae1-429f-bcab-0cfc37e3580d,eaad1ba5-14a4-494f-80ae-65294c29a962,c87db9be-1fba-4102-a743-0ee4317dd5af,Bavarski dvor,439
a2b5023d-5ce8-420f-ad2a-b61c7a1902a8,1035c6f7-304e-4329-a3b2-4eb5d985a577,484b5c91-1220-43ba-af79-84e712fcc46b,Slovenija avto,889
392949a1-1ada-4196-9073-6f392638ca49,6340ea93-391e-45b9-94b0-56d1d7c87e20,7fad8003-fb10-489d-bf8d-6d433310ad90,Nove Jarše,2069
0a4b6359-22f0-4caa-b4a8-f4edb97a0825,bea9f247-4e88-4d7c-9387-8cd9342acb8c,38b3abed-0592-407b-96c3-85a026f2e192,Dalmatinova,232
dc7b6fb3-15db-4c7e-9fa1-424943178ce6,daf172e0-4dd9-4d5b-8287-67ad2034bced,c87db9be-1fba-4102-a743-0ee4317dd5af,Bavarski dvor,1568
075a6b29-66cb-409f-89fe-37d50669eff4,b2cf1f2c-3c77-4a23-891f-3cdbcda92f19,fef200e9-4d98-425b-ab14-8110e2aa85d7,Drama,99
11d74c00-da13-4cad-883e-c6dcf8edcbe8,59faa0f0-34b1-47cd-ba3a-3b6f0d684c00,5d7f28a6-2a2a-4333-aa06-48edfb652f86,Pošta,841
4c08e174-6890-4c5d-9eec-15686971f909,91b76764-87af-4b90-89dd-60f0046f7cc0,N/A,N/A,4525
a769d1e9-8727-4190-b56c-5cdd8a49333d,e97befb6-5dc6-4603-ad5e-3aa96b4b2221,f4cfd904-bd11-4247-95df-32c4555a930f,Klinični center,1225
dac8d2a7-89e4-4aec-948d-00db4833ce7c,216a26dc-11c2-432b-b099-0d55d508b7fa,fef200e9-4d98-425b-ab14-8110e2aa85d7,Drama,2734
5881f75e-9383-49b0-811d-04c864ba1605,fdff5f9c-6c02-4fc1-a004-7032b17fa37a,c87db9be-1fba-4102-a743-0ee4317dd5af,Bavarski dvor,2578
83a62071-0161-47a2-b745-eafb5e945632,b5e26d7f-8a91-4360-9811-2e8e05d27382,a719a87c-4e93-4387-a6d1-2631a487f7e0,Ajdovščina,4329
a1795ee0-9147-4a5c-bb11-f60a809f690e,783196f2-97cd-4265-bb9a-b13aa8bb6a0b,9cfac7e2-9653-4e52-a6d3-27756d27f817,Kino Šiška,2523
d123fde4-aa91-49c3-83df-5ebf12af4e59,4abe5e63-5707-4ef0-acda-ab2c52749afe,717dda7e-d793-4697-8f60-b64ee8b1edc4,Gosposvetska,596
9276fcfb-0f7e-4df3-b827-325600851526,5be3b187-5735-4444-bee7-0665f60e6c83,f14a6236-8af2-47bf-9270-432377662a63,Viadukt,775
d0790612-d161-4be4-953d-a7a0c33acf1e,5f6cb902-b824-4961-9ac2-75cf44a47055,5d7f28a6-2a2a-4333-aa06-48edfb652f86,Pošta,576
8a182298-1db3-4251-9cdb-a86efe72b8a7,7484317c-269f-425f-8118-23eedab4e5f1,f4cfd904-bd11-4247-95df-32c4555a930f,Klinični center,2634
363564a6-9938-4bf5-8928-1cd191e9c2ef,48c9ec48-2b87-4945-a077-808839f98e74,N/A,N/A,4525
ba0f81e5-dfec-49bb-8d6b-d52618338640,a8a92762-af25-42a7-98dd-9846f8b33e09,N/A,N/A,4525
0b90d258-764d-4c06-aab0-7074dbd54182,862efb04-bcf5-493a-929d-242fb91ba5f6,b59656a4-b6e7-4b87-977c-078c59088a50,Hajdrihova,1430
ff1f708c-989e-4cc5-8e75-02717b5f9744,47252dc3-dbd8-43df-898b-0a3fb27ffc93,5d7f28a6-2a2a-4333-aa06-48edfb652f86,Pošta,373
995cbd67-507b-4c32-b794-0ff48e0a3de9,d06c6c8a-c136-4b7a-9c13-b26ba0c04029,7fa32ea0-e884-435a-a81c-51bbd5cedf3e,Zaloška,1164
b6816891-4b0d-4bda-8e12-176194efaefe,c70ad4c4-6c37-4f31-83aa-921dc8bc15a4,295616c0-387b-4f60-a337-7743cd6be04e,Bavarski dvor,110
66a82f60-b1d1-4251-a715-178300014f18,d123fde4-aa91-49c3-83df-5ebf12af4e59,a719a87c-4e93-4387-a6d1-2631a487f7e0,Ajdovščina,1923
6a89c110-a0f8-4b1a-87f0-33f49c0a658e,923bd774-0651-4e0a-8624-3acfb7ecd5ff,86a75ffc-a78f-401f-8991-2eb0371417b2,Studenec,1738
02c61e3f-2d2e-4b42-b695-bbd3cc672f6b,16ae0a39-ff9a-4aee-88b5-34502255fab4,f33b721f-a8a3-4aad-96f2-077da09ebaa6,Razstavišče,395
5de6ff80-1352-43df-b5ec-1df59f2f492b,b8533150-cf69-441a-8fc4-18f39cbef16b,769b7bc7-4f95-4bb2-9c99-37ba8e8b4bd5,D. MOST P+R,824
01d1f388-d915-4e9f-bc3d-4432a73a216e,0ff94f7b-275b-4cc4-bb27-e00842f5ad87,295616c0-387b-4f60-a337-7743cd6be04e,Bavarski dvor,1282
7276f267-9837-4c56-aad3-f8cd555060da,5930b5fe-26e2-4b69-bd1e-cdea021a0ab4,48507e1a-32df-4552-9448-3b345760b75f,Cesta na Vevče,1768
e0bcd677-6012-4c90-a884-44dffafdffec,59faa0f0-34b1-47cd-ba3a-3b6f0d684c00,c87db9be-1fba-4102-a743-0ee4317dd5af,Bavarski dvor,1671
223f660b-c391-4120-bf3c-7bf06781686b,eb11d52f-300b-4648-a2e8-ed03db9ff7e2,N/A,N/A,4525
169789c5-0251-47a6-800a-74ff3dffe04d,10449641-799e-4ee4-a712-a6e3a9aefc27,5d7f28a6-2a2a-4333-aa06-48edfb652f86,Pošta,133
2b223d0c-f8ec-4970-815c-bfe26c3ffc09,712ee105-4fab-498a-af5c-496ca9830f5f,a719a87c-4e93-4387-a6d1-2631a487f7e0,Ajdovščina,1298
55e3f615-be6c-43f4-9858-e199862771a4,271db19a-744b-41a0-869d-0c3e0e2cb6bf,ecc4ae87-ae08-4b94-995c-452fdd94df7f,Privoz,1266
7f45fe9c-917a-4571-9a74-9e940cd84f3c,c71e1e0c-780a-4d46-8b33-09aebbbcfcd8,223f660b-c391-4120-bf3c-7bf06781686b,Tovorni kolodvor,650
0fb83496-463c-4123-97c6-669efe614d26,1cc5f00f-c982-4016-8553-40a3da4f36ad,9cfac7e2-9653-4e52-a6d3-27756d27f817,Kino Šiška,140
5c246f67-4431-4968-8d64-2ae4b823e360,f73d3fb2-082c-4518-8af2-45de5490df4e,c22879e5-8e90-4540-9a74-5f139208e492,Friškovec,2024
219086ca-bdcb-4092-bd82-3d372b9b73ce,58cd6196-8ac4-4803-be8b-1c0d2fb52528,769b7bc7-4f95-4bb2-9c99-37ba8e8b4bd5,D. MOST P+R,2846
5a06b853-39a7-479d-ac40-fafa659fd896,c93954aa-7aad-4fca-9f7a-721d37f0474e,295616c0-387b-4f60-a337-7743cd6be04e,Bavarski dvor,253
bbe542ee-a3f6-43cf-b23a-077c28b7d19a,b91edda3-a147-4599-bebf-85e145de085b,8c7fa045-888b-46d0-8189-6f82623bf481,Poljanska,426
12618339-2c2d-49ec-b0e0-2517c11991f8,caac4c1a-13e4-4afa-b467-65d90a8fbd44,c87db9be-1fba-4102-a743-0ee4317dd5af,Bavarski dvor,1809
ab987eb0-c970-4577-8db9-0cd507a6cab6,96d4c75b-6452-4c70-a31e-c234262ba38b,c87db9be-1fba-4102-a743-0ee4317dd5af,Bavarski dvor,684
2388ce1f-c947-42d7-97f3-e01a7254c933,bc19ad1c-00fc-47f1-926e-ddeb12f686ba,N/A,N/A,4525
e0f10330-ad34-453d-baf4-d6c601cb6cf8,0810f07b-94d6-442f-b10d-bf8210c4ed47,aa42017d-812a-4175-bc9b-0fec03b18931,Ambrožev trg,503
5d7f28a6-2a2a-4333-aa06-48edfb652f86,bf64b499-211b-4da8-ace2-f12a17608ae3,fef200e9-4d98-425b-ab14-8110e2aa85d7,Drama,230
1ceecd12-b005-4828-ad39-8f2aeb1ca228,6bd46cb7-9e5d-453a-878a-bcc38fb2a5f2,98fa3880-5936-4ec8-ba04-39c7ff9a0e6a,Stara cerkev,1845
0a4b6359-22f0-4caa-b4a8-f4edb97a0825,94712446-2421-4304-b4f1-3b3f82998713,a719a87c-4e93-4387-a6d1-2631a487f7e0,Ajdovščina,2929
caac4c1a-13e4-4afa-b467-65d90a8fbd44,5930b5fe-26e2-4b69-bd1e-cdea021a0ab4,a719a87c-4e93-4387-a6d1-2631a487f7e0,Ajdovščina,1214
53c3c8c9-2e64-4a8f-9afb-031b24c17d5a,4d2fc228-0628-4897-8d77-3e71d500d36d,c87db9be-1fba-4102-a743-0ee4317dd5af,Bavarski dvor,256
51e04e1d-9ea1-432d-8b79-09e6c2a7be7b,4ec1b435-1683-4cd7-a4d0-688cc9f3b603,f33b721f-a8a3-4aad-96f2-077da09ebaa6,Razstavišče,856
e2499103-6634-4d8e-87a8-68dc5ef6340c,43e01b7e-be2c-4282-be1b-9f628ca67327,c87db9be-1fba-4102-a743-0ee4317dd5af,Bavarski dvor,391
5dcffe2a-1c73-4f7c-bdac-4084bb5201aa,05643914-8ff7-4064-8737-2761d44a083f,c87db9be-1fba-4102-a743-0ee4317dd5af,Bavarski dvor,2418
216a26dc-11c2-432b-b099-0d55d508b7fa,505865ea-cdea-4042-bdb2-b2f4f03889cb,N/A,N/A,4525
df63651e-45ab-4487-9429-9e604415b35c,a0b1fb90-3f6a-4231-910a-18be192ac762,5d7f28a6-2a2a-4333-aa06-48edfb652f86,Pošta,513
48b163cd-b819-4849-aee1-8b1da77657ab,c568fe2e-477f-4af2-ad68-cb8111f361d0,c87db9be-1fba-4102-a743-0ee4317dd5af,Bavarski dvor,1416
d123fde4-aa91-49c3-83df-5ebf12af4e59,33613e0e-f41c-4cee-804a-3942bf698e3e,a719a87c-4e93-4387-a6d1-2631a487f7e0,Ajdovščina,380
29096931-9d98-487f-bd0a-b0767611e561,2896bfa8-0586-4ed1-8d93-c5c6e1ff3d72,484b5c91-1220-43ba-af79-84e712fcc46b,Slovenija avto,2355
b91edda3-a147-4599-bebf-85e145de085b,c3188d8e-c2d3-40e5-acc2-14bef70a5ff4,295616c0-387b-4f60-a337-7743cd6be04e,Bavarski dvor,2144
1c0ae078-cca7-40c8-aeda-1187a12ddfee,5ddf10c0-90a5-4dbf-992c-23c0505674aa,c87db9be-1fba-4102-a743-0ee4317dd5af,Bavarski dvor,2023
9741988b-6723-480b-a419-8db7490d667a,08071ba1-570f-487b-9a36-01a046fb2788,7fa32ea0-e884-435a-a81c-51bbd5cedf3e,Zaloška,343
53f8224f-99e5-4c34-9f77-3621bbe9ce99,1a1ee974-5091-4fa7-96a2-0c2508892aa3,N/A,N/A,4525
9c57d59a-53f8-4a16-b279-2ab1745ea230,abc9fd26-5442-468b-93b6-4d5eb76d0f1f,b59656a4-b6e7-4b87-977c-078c59088a50,Hajdrihova,227
8fbf17ab-413b-442c-9c6a-0eb8873a4755,dd57f39b-be0f-479e-bc35-5bd2edf98ff2,a719a87c-4e93-4387-a6d1-2631a487f7e0,Ajdovščina,733
abc9fd26-5442-468b-93b6-4d5eb76d0f1f,dfd33168-046e-49af-9428-b9394f98667c,a719a87c-4e93-4387-a6d1-2631a487f7e0,Ajdovščina,427
f0661242-947b-4937-a9ce-d2a135cd62a7,5b59d508-0860-4f50-b5ab-72a79046b488,f33b721f-a8a3-4aad-96f2-077da09ebaa6,Razstavišče,294
edc8bf1d-d4f1-4c5b-8112-e4fa71a02bae,d50b2bdb-481b-4e58-ada6-47a028fc6382,295616c0-387b-4f60-a337-7743cd6be04e,Bavarski dvor,430
26ec9924-5586-4fd5-8b20-63f2d0a38d44,29589594-5959-4efb-8dda-7348e4e500a0,c87db9be-1fba-4102-a743-0ee4317dd5af,Bavarski dvor,137
5fa77d25-e7a3-42db-8cc9-52b612d5de19,ad966374-a37d-443a-9a3e-ec85ca28231f,N/A,N/A,4525
a999f83e-4e6a-4ef9-9a10-e4a2c8a4a182,666e98e1-4a23-4204-a3e6-99110f8b3153,c87db9be-1fba-4102-a743-0ee4317dd5af,Bavarski dvor,2629
e8d0bfd1-b300-4eae-8f85-79266066bb3c,29336b94-2382-46dd-b2e6-4590dd689640,717dda7e-d793-4697-8f60-b64ee8b1edc4,Gosposvetska,991
e3b51371-e289-45ef-83ca-1f4ffff25162,79325942-629a-4766-a34a-525f8edf8cc5,fef200e9-4d98-425b-ab14-8110e2aa85d7,Drama,195
4e8ccfa1-b58c-4ee1-ad82-2e8a645071f3,ad966374-a37d-443a-9a3e-ec85ca28231f,fef200e9-4d98-425b-ab14-8110e2aa85d7,Drama,839
a8af1032-30bf-4f7b-a921-28d2f712fd24,f2fc2702-e9da-4c36-b6fc-9f52199e4574,379bc761-04b5-4227-be76-3b870fe3e69f,Pot na Fužine,1789
01d1f388-d915-4e9f-bc3d-4432a73a216e,b6816891-4b0d-4bda-8e12-176194efaefe,1ce1c3a8-e0f6-4f90-b1aa-1448759d8b3c,Astra,537
24ab9d18-4fb9-4e7e-b48c-d5cdc9cd1305,075a6b29-66cb-409f-89fe-37d50669eff4,a0b1fb90-3f6a-4231-910a-18be192ac762,Flajšmanova,62
d3283222-38a9-40e2-a485-180d1a33067c,af2956ba-d922-4ec4-bfa7-b623c29e8b3e,fef200e9-4d98-425b-ab14-8110e2aa85d7,Drama,880
099976aa-17cc-45d3-add4-267985ab1533,b4634750-8d91-4625-b40d-1da9665e70f6,769b7bc7-4f95-4bb2-9c99-37ba8e8b4bd5,D. MOST P+R,1027
acd87210-4e04-49b4-884b-1fe11c453bf4,eba0daca-3696-4f72-a1dd-5f7b5fd02a63,N/A,N/A,4525
5aeac892-889f-4c5a-8fde-67e6ac096242,d123fde4-aa91-49c3-83df-5ebf12af4e59,295616c0-387b-4f60-a337-7743cd6be04e,Bavarski dvor,2903
bfcba499-ce46-41b0-8268-966d74eccb20,1eca3479-6e2c-4f21-bf45-4db410041181,N/A,N/A,4525
233daca5-913b-4e10-bf34-18b1c8c77019,7411cd45-83d2-40e6-89f6-5a0995e409cb,N/A,N/A,4525
87415b6b-7e7f-4b82-b78f-ef1a7db85282,29096931-9d98-487f-bd0a-b0767611e561,7fa32ea0-e884-435a-a81c-51bbd5cedf3e,Zaloška,86
52407970-4547-4323-a632-8db4ed0b040f,698551c1-7bb2-4f7e-9701-23b7667e8594,cee2862b-9b70-4880-8fa3-16c6d2efae1b,AMZS,599
65e92ecc-800d-4962-a8bc-0f50f1107a5b,ea9d5fa9-af5a-4d39-96fd-626415048511,1e157c31-d34d-4c2e-91b4-8c000c88f6dd,Kardeljeva ploščad,2040
271db19a-744b-41a0-869d-0c3e0e2cb6bf,98239279-bb80-4070-965c-dc87525019e2,9cfac7e2-9653-4e52-a6d3-27756d27f817,Kino Šiška,982
06348c07-2fb0-4dfb-a938-aaef614a7f68,bc66f88b-1412-44cb-b921-030d27335261,7fad8003-fb10-489d-bf8d-6d433310ad90,Nove Jarše,143
1069d764-9345-425d-8c4d-12d6ffa1fde1,5930b5fe-26e2-4b69-bd1e-cdea021a0ab4,a719a87c-4e93-4387-a6d1-2631a487f7e0,Ajdovščina,818
83a62071-0161-47a2-b745-eafb5e945632,5de6ff80-1352-43df-b5ec-1df59f2f492b,c87db9be-1fba-4102-a743-0ee4317dd5af,Bavarski dvor,981
754e8f1f-a5ba-4281-8f31-fb3357744cd2,fdff5f9c-6c02-4fc1-a004-7032b17fa37a,f33b721f-a8a3-4aad-96f2-077da09ebaa6,Razstavišče,417
3d8122ff-0840-4811-a5ad-c4702fc70269,07b4c585-66cf-49d7-906c-50f1122c8e9e,fef200e9-4d98-425b-ab14-8110e2aa85d7,Drama,3453
fcfe6ac9-74b3-4c13-96b7-6041f1454813,7c37b809-4d6d-497c-a53d-38663e91c088,f33b721f-a8a3-4aad-96f2-077da09ebaa6,Razstavišče,343
1df1835b-cfd3-40e7-9466-9c9d43642bed,c87db9be-1fba-4102-a743-0ee4317dd5af,5d7f28a6-2a2a-4333-aa06-48edfb652f86,Pošta,1278
0bb103e4-c4a6-4c4c-a13d-217ab4e6dfd3,a26d9a94-effb-45ab-a27f-74076e9e5bdd,c87db9be-1fba-4102-a743-0ee4317dd5af,Bavarski dvor,2729
807c11ba-4b3a-4e2b-82b5-abf5864fa4bc,dc6b96b1-d0fa-4d03-ac2b-8eba5bb97ba2,fef200e9-4d98-425b-ab14-8110e2aa85d7,Drama,430
1c214818-5471-4d2a-a7b2-33464ffacdad,5aeac892-889f-4c5a-8fde-67e6ac096242,295616c0-387b-4f60-a337-7743cd6be04e,Bavarski dvor,1457
31e6db90-ba65-4c49-90c0-317fb92596b3,fd0e405e-d5e5-45fc-8911-e48a178ad4a9,a719a87c-4e93-4387-a6d1-2631a487f7e0,Ajdovščina,536
9cd1e7f8-8ccf-4469-bc25-25d138605c67,30cf2ed7-2cf0-4764-ab64-78206968d5ba,6182f8e8-c45e-4606-b4a4-d909bd44d2cc,Gornji trg,25
bb1ac8b9-5cb2-49f2-8d5c-d7fe4afdd5dd,eee355cc-98a1-4f25-8bf9-0100856eda6e,484b5c91-1220-43ba-af79-84e712fcc46b,Slovenija avto,2133
47637057-8d6a-4cf9-bd56-3ac90748fcc4,7411cd45-83d2-40e6-89f6-5a0995e409cb,N/A,N/A,4525
91b76764-87af-4b90-89dd-60f0046f7cc0,94c6598b-7303-42e1-94d5-156d7a25f630,aa42017d-812a-4175-bc9b-0fec03b18931,Ambrožev trg,4035
030363e5-99a3-401f-96db-a16a340ace21,9c57d59a-53f8-4a16-b279-2ab1745ea230,f14a6236-8af2-47bf-9270-432377662a63,Viadukt,2937
7558099b-08a3-43bc-8056-49bcc5900a03,0c5f69a6-97c7-4053-bc0b-3f09dbf72f46,454817d3-3750-49c7-994c-14d06fd2c634,Žale,3207
12cfc2b3-f8ff-444b-8d5f-15855e45e331,7fdce743-a4be-44d7-8658-0a259a18ad30,fef200e9-4d98-425b-ab14-8110e2aa85d7,Drama,2167
16d19639-a788-4df6-a168-6f8c3652ded7,1308dcf9-a9e1-4e54-95c9-0f2afaac889b,a2ce7e6f-0f99-443a-a973-81a0b9c60261,Astra,192
d6ae97e7-23b5-48d6-a9fa-2a2624e9f434,807c11ba-4b3a-4e2b-82b5-abf5864fa4bc,fef200e9-4d98-425b-ab14-8110e2aa85d7,Drama,1944
69bc9f1c-507f-463c-ba5a-04500b319967,1e157c31-d34d-4c2e-91b4-8c000c88f6dd,88cdd36c-03d2-4374-a22f-110dd9f75ea0,Kajuhova,2054
441545fb-7a0c-4555-aea8-01cbe6c14ea3,61f19c68-2d5e-4d76-bdd4-28709a347b5b,295616c0-387b-4f60-a337-7743cd6be04e,Bavarski dvor,2750
3f0c15b3-99bd-4c12-8f7a-df06c9536526,76f20fbf-afc4-4c7d-b51c-14f0878b38d8,295616c0-387b-4f60-a337-7743cd6be04e,Bavarski dvor,1266
59ee5f7d-476b-4958-a922-2040a9308f3b,da834a23-5697-49bb-b3a1-7f277c8206bc,dfde6478-02b5-471b-a470-29cb0e84542f,Slovenija avto,1445
7fad8003-fb10-489d-bf8d-6d433310ad90,a26d9a94-effb-45ab-a27f-74076e9e5bdd,5d7f28a6-2a2a-4333-aa06-48edfb652f86,Pošta,2703
70231f13-be88-4e3a-a89a-5b4f436984d2,cc9cbd94-6da7-41ff-a728-cfd4b47dfcc0,c87db9be-1fba-4102-a743-0ee4317dd5af,Bavarski dvor,178
d7d43617-ef41-4f9e-bbad-670d515d926a,219086ca-bdcb-4092-bd82-3d372b9b73ce,7fad8003-fb10-489d-bf8d-6d433310ad90,Nove Jarše,3152
5dcffe2a-1c73-4f7c-bdac-4084bb5201aa,a2947722-2e6f-48dd-9c31-ff36356676fa,a719a87c-4e93-4387-a6d1-2631a487f7e0,Ajdovščina,417
cee2862b-9b70-4880-8fa3-16c6d2efae1b,0b90d258-764d-4c06-aab0-7074dbd54182,5d7f28a6-2a2a-4333-aa06-48edfb652f86,Pošta,3487
8f623f1d-48a7-46b5-9331-28a8dc980876,995cbd67-507b-4c32-b794-0ff48e0a3de9,295616c0-387b-4f60-a337-7743cd6be04e,Bavarski dvor,411
184817a9-ca88-4c82-a40b-5768991da3df,de80f5fd-4572-4bb6-9e21-9860f5fa6b24,a719a87c-4e93-4387-a6d1-2631a487f7e0,Ajdovščina,1164
cab36767-e95a-4f60-978e-92490f2517b2,46f20d33-601c-4ef6-b86c-7c2bb4af52fa,7fa32ea0-e884-435a-a81c-51bbd5cedf3e,Zaloška,463
13ceaf6c-9650-45c3-b449-64a0e5094d18,39b60288-c9ac-4bc2-825b-524dec52182d,cdabf1ea-b04c-480a-8359-72c46e6864ab,Bežigrad,1702
0334e79e-7a89-44e9-a463-5af813e64a40,91b76764-87af-4b90-89dd-60f0046f7cc0,a719a87c-4e93-4387-a6d1-2631a487f7e0,Ajdovščina,715
9bd3ee10-bc61-44e8-8cf3-a37cffd54da0,9276fcfb-0f7e-4df3-b827-325600851526,a2ce7e6f-0f99-443a-a973-81a0b9c60261,Astra,372
cd5497dc-20a4-40b3-9adf-b380de5d9f16,e333d90d-3eef-4d82-9e00-ebe693e2f389,c87db9be-1fba-4102-a743-0ee4317dd5af,Bavarski dvor,1104
0bb103e4-c4a6-4c4c-a13d-217ab4e6dfd3,2896bfa8-0586-4ed1-8d93-c5c6e1ff3d72,cdabf1ea-b04c-480a-8359-72c46e6864ab,Bežigrad,1395
1e2641bc-b0b2-448e-8ad2-e52891fa4c5f,4062cd22-b67a-4235-9980-0178b7add592,N/A,N/A,4525
441545fb-7a0c-4555-aea8-01cbe6c14ea3,e3321752-4498-4da3-801c-d54920b22eba,5d7f28a6-2a2a-4333-aa06-48edfb652f86,Pošta,816
55e3f615-be6c-43f4-9858-e199862771a4,f33b721f-a8a3-4aad-96f2-077da09ebaa6,717dda7e-d793-4697-8f60-b64ee8b1edc4,Gosposvetska,347
51dbf10f-cf3b-4575-a8cc-d1080c1f9dde,84578591-7543-4105-8465-9df30256360d,f33b721f-a8a3-4aad-96f2-077da09ebaa6,Razstavišče,93
d2f9bbec-4b03-49a8-af83-afe65fe07a0e,66eec6a2-dfde-4d98-b690-e47f200367fd,N/A,N/A,4525
108e7dc8-ca5d-4c91-9414-32a32a31b69a,d06c6c8a-c136-4b7a-9c13-b26ba0c04029,N/A,N/A,4525
4a95f1f8-a457-4dcf-bd1f-6307d4300ea0,bb1ac8b9-5cb2-49f2-8d5c-d7fe4afdd5dd,c87db9be-1fba-4102-a743-0ee4317dd5af,Bavarski dvor,48
25cde952-4896-4977-b229-75e09b3e3661,2265e4de-a537-4f97-882b-c94c24aabfb0,295616c0-387b-4f60-a337-7743cd6be04e,Bavarski dvor,2463
1f9fad8e-d59c-494c-bdd1-1983afacb755,f07c916c-6fc6-4acf-a334-0ab0d3c4f57f,b59656a4-b6e7-4b87-977c-078c59088a50,Hajdrihova,319
295616c0-387b-4f60-a337-7743cd6be04e,c326e479-ccc3-4915-8788-3fa189d0143e,295616c0-387b-4f60-a337-7743cd6be04e,Bavarski dvor,4480
5c15a390-36b6-47a9-9d84-0c7160157c1d,8c7fa045-888b-46d0-8189-6f82623bf481,717dda7e-d793-4697-8f60-b64ee8b1edc4,Gosposvetska,342
0334e79e-7a89-44e9-a463-5af813e64a40,a2b5023d-5ce8-420f-ad2a-b61c7a1902a8,295616c0-387b-4f60-a337-7743cd6be04e,Bavarski dvor,1332
459f82d2-cbe4-414b-b66b-0b794ea958ed,df63651e-45ab-4487-9429-9e604415b35c,f4cfd904-bd11-4247-95df-32c4555a930f,Klinični center,2570
aaedd82f-0c53-425d-92cf-96e50bd20518,ae3f312a-4242-4a42-8df2-5990505a7747,b59656a4-b6e7-4b87-977c-078c59088a50,Hajdrihova,240
d3a6cbf3-65f0-4db8-9a10-1460763eac8e,ad8a76cf-4386-44b3-9156-490c502e4bc4,c87db9be-1fba-4102-a743-0ee4317dd5af,Bavarski dvor,98
d8ff7b2c-baf6-4a1a-97c5-0871b823caab,99b82632-116f-421b-9320-d5a53e522155,N/A,N/A,4525
30131bc3-a0f7-4cfc-9e4d-552b325c0ba7,e6f5183b-c615-4f47-b4fb-204ee070e825,454817d3-3750-49c7-994c-14d06fd2c634,Žale,3746
cce39cbe-6961-433a-a787-64fbf602f470,1f4702d4-6b02-4ad3-aa9b-118ff9aa3474,48b163cd-b819-4849-aee1-8b1da77657ab,Šentvid,1789
c3534bc6-7bfd-43be-b46a-2b0fced57ab8,459f82d2-cbe4-414b-b66b-0b794ea958ed,fef200e9-4d98-425b-ab14-8110e2aa85d7,Drama,1622
edc8bf1d-d4f1-4c5b-8112-e4fa71a02bae,05bd4cbd-b014-4cfd-8ca9-3c82b0a59114,N/A,N/A,4525
093afa81-b65f-4182-bac3-afbc00558a9b,99b82632-116f-421b-9320-d5a53e522155,fef200e9-4d98-425b-ab14-8110e2aa85d7,Drama,245
7f510cd8-4742-4dcf-95c0-16cde39c2e26,c3534bc6-7bfd-43be-b46a-2b0fced57ab8,a719a87c-4e93-4387-a6d1-2631a487f7e0,Ajdovščina,1645
6d2a7c2e-5938-433e-a691-b9bc28767675,6cc5af3b-67ea-47f3-9e8a-10946c32b906,N/A,N/A,4525
91b76764-87af-4b90-89dd-60f0046f7cc0,b2cf1f2c-3c77-4a23-891f-3cdbcda92f19,a0b1fb90-3f6a-4231-910a-18be192ac762,Flajšmanova,2834
fb0042f8-d9e2-4916-b60a-38a026acf0c9,a2f479c6-4c21-4923-b4ac-86f752507cee,N/A,N/A,4525
ef3024a8-1d7f-4cf5-ad3b-74528eaa9c51,391bf42a-68a3-400a-baea-0c708f327325,f4cfd904-bd11-4247-95df-32c4555a930f,Klinični center,1191
a8af1032-30bf-4f7b-a921-28d2f712fd24,278a9d60-64c7-4bfa-aad0-24068aa760af,a719a87c-4e93-4387-a6d1-2631a487f7e0,Ajdovščina,1571
46a50a09-9bae-460b-a7b6-457d288c5a9f,1b3dce90-170f-4176-b47b-2b50b9407e82,N/A,N/A,4525
bd6d732b-65aa-4b59-be82-6ce1301e70d5,befe0e87-b5fe-41ff-9a77-f65461eff28d,c22879e5-8e90-4540-9a74-5f139208e492,Friškovec,390
66943a7c-28b4-40a6-a996-21aa0b968435,7d003bd3-5fae-4076-b952-9f734651720f,295616c0-387b-4f60-a337-7743cd6be04e,Bavarski dvor,2184
0eca6015-5429-4289-a76c-4ec9ef707e67,6bd46cb7-9e5d-453a-878a-bcc38fb2a5f2,f15ddf31-fc11-41ba-988d-376c83e38f58,Vodovodna,357
bbfc6d44-94da-4cfd-b22a-368a2b11ce20,73e6ef23-ef0c-41bf-9960-0e3078b94d23,8598b85d-3e1d-4767-b72f-0c209038841f,Štepanja vas,1308
daf172e0-4dd9-4d5b-8287-67ad2034bced,b698a890-05b8-40f6-a3a6-4f4c0a820f97,N/A,N/A,4525
97627b9b-fa2e-461a-97ea-a15df7599598,cf5259af-d324-497e-b508-84fe92961eb1,N/A,N/A,4525
51e04e1d-9ea1-432d-8b79-09e6c2a7be7b,52e5adea-e194-4fc1-809c-1d6421f8f8db,a719a87c-4e93-4387-a6d1-2631a487f7e0,Ajdovščina,2253
aa9cc3b9-7c6c-4e45-b91a-1e0494fbf15e,163da3ae-0ab9-480e-b72d-16357e0a9061,fef200e9-4d98-425b-ab14-8110e2aa85d7,Drama,987
ef31a8be-b01d-44cd-95cf-3db8e918af26,eb11d52f-300b-4648-a2e8-ed03db9ff7e2,N/A,N/A,4525
60ccc570-3714-410b-aa31-43d3a4c593c8,7d579a55-27bc-49d0-a124-a5ed6233c55a,c22879e5-8e90-4540-9a74-5f139208e492,Friškovec,262
9e109242-5aad-4fb7-b0c8-576eef8aa4e0,dba19980-8ca1-4847-b9b5-8cd419374ae2,N/A,N/A,4525
2896bfa8-0586-4ed1-8d93-c5c6e1ff3d72,7310c006-62b8-4f94-bb9c-d5c26cb3faad,6459bd02-d8f8-413e-9402-10b916f09a4f,7. septembra,347
dfde6478-02b5-471b-a470-29cb0e84542f,2323bf9e-1a47-4409-b9c8-398a035c8d12,a2ce7e6f-0f99-443a-a973-81a0b9c60261,Astra,2699
7c149b59-2bc6-45cb-95c8-69e18a0db627,8a224b7d-24ae-4c7b-8318-f66ac8cc078b,c87db9be-1fba-4102-a743-0ee4317dd5af,Bavarski dvor,1227
7fdce743-a4be-44d7-8658-0a259a18ad30,c0e6a237-3879-4336-88b6-5af51408cc7e,2ec182e2-769f-427f-b9b5-c4118890cb96,Stožice,476
5ddf10c0-90a5-4dbf-992c-23c0505674aa,4038e02e-f22f-4af0-ba4f-7aab855b53af,a719a87c-4e93-4387-a6d1-2631a487f7e0,Ajdovščina,2227
15eaf9b9-db6d-4586-9ad2-5bfa99719bfd,46847a61-d68a-4d2c-ad76-18e043d41430,8598b85d-3e1d-4767-b72f-0c209038841f,Štepanja vas,1320
eee4abae-e720-4776-b6c7-0099d0119246,391bf42a-68a3-400a-baea-0c708f327325,5d7f28a6-2a2a-4333-aa06-48edfb652f86,Pošta,1029
bd1396f2-4dc8-4695-9bf1-c601157100d8,48b163cd-b819-4849-aee1-8b1da77657ab,c87db9be-1fba-4102-a743-0ee4317dd5af,Bavarski dvor,3160
807c11ba-4b3a-4e2b-82b5-abf5864fa4bc,2cde6efe-5f53-44aa-8018-76f0ea2c86f8,c87db9be-1fba-4102-a743-0ee4317dd5af,Bavarski dvor,62
4ed69cbb-d738-450c-be11-7d96cd50ee50,f174a648-9e84-492d-9ccd-0756b49c773b,N/A,N/A,4525
4a74b966-4fbf-41ab-8e1b-276f3f14fc49,45303500-8b0e-4779-9abd-433b5f8b2838,484b5c91-1220-43ba-af79-84e712fcc46b,Slovenija avto,1341
98239279-bb80-4070-965c-dc87525019e2,9807573b-8821-40e4-b891-a5cea6e23b3d,717dda7e-d793-4697-8f60-b64ee8b1edc4,Gosposvetska,1358
34afe7f1-2d09-487f-983f-19c7dd5dae82,d3a6cbf3-65f0-4db8-9a10-1460763eac8e,c22879e5-8e90-4540-9a74-5f139208e492,Friškovec,2344
7ba233b7-a50a-497d-8135-dd8dabf93ff5,7bcbdcaa-00b9-47d4-8982-09da26cd7bcb,717dda7e-d793-4697-8f60-b64ee8b1edc4,Gosposvetska,1886
edc8bf1d-d4f1-4c5b-8112-e4fa71a02bae,ba2b16a8-1273-45d2-8758-47b9694df9a6,c87db9be-1fba-4102-a743-0ee4317dd5af,Bavarski dvor,4392
2b223d0c-f8ec-4970-815c-bfe26c3ffc09,b905ae6a-f1e1-4057-8923-481902ed5a8e,fef200e9-4d98-425b-ab14-8110e2aa85d7,Drama,1711
0ff94f7b-275b-4cc4-bb27-e00842f5ad87,e74131c6-ac2f-477b-9693-10bb5ab9f24b,N/A,N/A,4525
4d2fc228-0628-4897-8d77-3e71d500d36d,a7094427-e180-4deb-acaf-5d4488326e9e,ecc4ae87-ae08-4b94-995c-452fdd94df7f,Privoz,418
447a37f6-2be6-45a3-8ae0-6982aa53cafb,bb995fbb-29c8-4035-9503-ae33320833a8,295616c0-387b-4f60-a337-7743cd6be04e,Bavarski dvor,799
452f2b51-98fb-4a7c-bb0a-44577eb5e12b,acd87210-4e04-49b4-884b-1fe11c453bf4,N/A,N/A,4525
37fc313d-1f45-49c9-9059-4f96f44a6682,99b82632-116f-421b-9320-d5a53e522155,fef200e9-4d98-425b-ab14-8110e2aa85d7,Drama,2394
e97befb6-5dc6-4603-ad5e-3aa96b4b2221,ef31a8be-b01d-44cd-95cf-3db8e918af26,6bd46cb7-9e5d-453a-878a-bcc38fb2a5f2,Sava,128
8a182298-1db3-4251-9cdb-a86efe72b8a7,548a85bd-f15f-427b-ad90-43cb50e9e31a,295616c0-387b-4f60-a337-7743cd6be04e,Bavarski dvor,322
6672b8cb-e56d-420a-a5e7-fc86e8aa3647,6cc5af3b-67ea-47f3-9e8a-10946c32b906,N/A,N/A,4525
9cd1e7f8-8ccf-4469-bc25-25d138605c67,c0a064eb-b507-43c2-a6d2-0e9c5881f031,a719a87c-4e93-4387-a6d1-2631a487f7e0,Ajdovščina,789
55f1ae46-11e5-4270-991f-f09dae6c58bf,5fe363f3-8297-448b-bde3-08f690c92d1b,a2ce7e6f-0f99-443a-a973-81a0b9c60261,Astra,1024
c568fe2e-477f-4af2-ad68-cb8111f361d0,bbe542ee-a3f6-43cf-b23a-077c28b7d19a,295616c0-387b-4f60-a337-7743cd6be04e,Bavarski dvor,359
9f6048f0-5c5e-4773-915e-4ee05d200e27,0810f07b-94d6-442f-b10d-bf8210c4ed47,47a3bd8a-72ae-4e20-b43f-10bfaf49012c,Ob sotočju,312
ccd8a655-468b-4728-a26d-7981bbdd7dec,53f8224f-99e5-4c34-9f77-3621bbe9ce99,c87db9be-1fba-4102-a743-0ee4317dd5af,Bavarski dvor,1770
5560d06d-4058-473e-abba-099b05d7cf07,cf5259af-d324-497e-b508-84fe92961eb1,N/A,N/A,4525
4ec1b435-1683-4cd7-a4d0-688cc9f3b603,d7748049-2f69-4c77-a19b-96774a521ac1,N/A,N/A,4525
fb7704f0-d31e-4561-83e4-621a8c62654b,2fafda56-e44d-4e08-8503-90e6bf75e19d,a2ce7e6f-0f99-443a-a973-81a0b9c60261,Astra,1191
e65047c0-c01e-4727-b466-78e107c81ee4,c8f784f8-ce92-4773-8d90-c6bed3513ce0,N/A,N/A,4525
2628ca4f-8797-4672-aca9-47b325c58aac,db9f7130-0bc2-4f3e-b8cd-07cfe96b1f8f,cdabf1ea-b04c-480a-8359-72c46e6864ab,Bežigrad,81
26ec9924-5586-4fd5-8b20-63f2d0a38d44,9f6048f0-5c5e-4773-915e-4ee05d200e27,N/A,N/A,4525
121b30dc-065b-4c76-aad2-a54a85c74d4d,c3534bc6-7bfd-43be-b46a-2b0fced57ab8,N/A,N/A,4525
219086ca-bdcb-4092-bd82-3d372b9b73ce,79a5bacd-8b59-4d83-99e8-26e3c5b1490b,N/A,N/A,4525
99b82632-116f-421b-9320-d5a53e522155,d4fd9934-5253-4ab8-a779-3e9e2a30c5b7,N/A,N/A,4525
40fcc1b9-2c42-4db8-bd48-d431efc8a3fd,bf990a3a-96e9-42b7-9147-33e85bd24c05,c87db9be-1fba-4102-a743-0ee4317dd5af,Bavarski dvor,1805
712ee105-4fab-498a-af5c-496ca9830f5f,bd6d732b-65aa-4b59-be82-6ce1301e70d5,c87db9be-1fba-4102-a743-0ee4317dd5af,Bavarski dvor,1223
53c3c8c9-2e64-4a8f-9afb-031b24c17d5a,184817a9-ca88-4c82-a40b-5768991da3df,c87db9be-1fba-4102-a743-0ee4317dd5af,Bavarski dvor,1093
2bf898b0-1247-4e84-87e2-2e044e580c8f,22ef2062-46f0-4a46-8d9a-6ceb7b7f45bc,98fa3880-5936-4ec8-ba04-39c7ff9a0e6a,Stara cerkev,1638
c2827897-b9fe-4bfc-b4ed-880f11a2359e,bf64b499-211b-4da8-ace2-f12a17608ae3,769b7bc7-4f95-4bb2-9c99-37ba8e8b4bd5,D. MOST P+R,1449
5c246f67-4431-4968-8d64-2ae4b823e360,235d7e56-4520-4691-b7d9-7588f7306e1d,fef200e9-4d98-425b-ab14-8110e2aa85d7,Drama,618
7c37b809-4d6d-497c-a53d-38663e91c088,eb165f50-9c43-4b09-9658-469a16d3dc83,c87db9be-1fba-4102-a743-0ee4317dd5af,Bavarski dvor,1549
259de009-1345-4169-920b-baeaceade993,d9f26e1a-77fc-48b0-a024-93fd38eb88a4,a719a87c-4e93-4387-a6d1-2631a487f7e0,Ajdovščina,461
3a50f545-2fe2-45a0-8ed6-01635603efed,4abe5e63-5707-4ef0-acda-ab2c52749afe,769b7bc7-4f95-4bb2-9c99-37ba8e8b4bd5,D. MOST P+R,1136
25c85d19-456c-4188-b563-15ad467a54c7,70bba1e8-3ea8-46fe-ace3-f75b04e37605,7fa32ea0-e884-435a-a81c-51bbd5cedf3e,Zaloška,4237
ab624858-605d-48c6-a660-d54c2e037a91,2c0475be-44e7-4f0f-a06d-2c1b4ca15677,N/A,N/A,4525
c31b32c6-1ec2-48e9-9929-356fd0253540,717c914e-f928-4671-95f6-26c1ddb95799,f33b721f-a8a3-4aad-96f2-077da09ebaa6,Razstavišče,89
8fbf17ab-413b-442c-9c6a-0eb8873a4755,b4ffcb65-e60f-478d-806b-e7ae83f1a39d,a719a87c-4e93-4387-a6d1-2631a487f7e0,Ajdovščina,16
aa844493-50b0-4b91-b331-f4297d2ae6a8,769b7bc7-4f95-4bb2-9c99-37ba8e8b4bd5,379bc761-04b5-4227-be76-3b870fe3e69f,Pot na Fužine,1539
d2ff7ae5-59fc-4894-aa50-a7f16b5e3534,7eb88e01-82e9-4af4-84d0-69c6ea9dc82c,f33b721f-a8a3-4aad-96f2-077da09ebaa6,Razstavišče,1813
2496479b-f855-403d-bce8-2a4d9988665d,48e907fd-e868-47cd-8cac-74c7d4582944,1ce1c3a8-e0f6-4f90-b1aa-1448759d8b3c,Astra,611
8677848c-55dd-4af4-b275-3074a3ff4846,cce39cbe-6961-433a-a787-64fbf602f470,295616c0-387b-4f60-a337-7743cd6be04e,Bavarski dvor,846
65e92ecc-800d-4962-a8bc-0f50f1107a5b,2f874852-bc80-4ff3-b6bf-a914e31251c8,fef200e9-4d98-425b-ab14-8110e2aa85d7,Drama,4472
08071ba1-570f-487b-9a36-01a046fb2788,cf94d70f-d211-4625-9037-014514562aa9,c87db9be-1fba-4102-a743-0ee4317dd5af,Bavarski dvor,144
e66e813a-722d-40f8-9ee9-1470d07bc200,a33e6b1f-de56-43aa-9a52-f7064636ab79,717dda7e-d793-4697-8f60-b64ee8b1edc4,Gosposvetska,2459
b60d686c-3b89-447c-93f6-2837d9af3d02,bd6d732b-65aa-4b59-be82-6ce1301e70d5,48b163cd-b819-4849-aee1-8b1da77657ab,Šentvid,743
b56664c0-1dc1-42c5-b10b-52c3fb0dd042,d4fd9934-5253-4ab8-a779-3e9e2a30c5b7,N/A,N/A,4525
cf22c7c2-776f-4bd7-ae1a-dc4f25983c19,da834a23-5697-49bb-b3a1-7f277c8206bc,f33b721f-a8a3-4aad-96f2-077da09ebaa6,Razstavišče,605
eead721b-8996-4e73-a2f9-02dba20df4fa,4a74b966-4fbf-41ab-8e1b-276f3f14fc49,fef200e9-4d98-425b-ab14-8110e2aa85d7,Drama,2741
1eca3479-6e2c-4f21-bf45-4db410041181,ee03ecf6-db6d-4ecc-90cd-5b3afc8afb91,N/A,N/A,4525
476c1b24-6f2f-4727-b610-645c50493814,8512e1be-4637-483b-a3e6-78ccc6d2c5b1,fef200e9-4d98-425b-ab14-8110e2aa85d7,Drama,345
cee2862b-9b70-4880-8fa3-16c6d2efae1b,c32ef99a-6752-47fe-94eb-a5134c7110af,223f660b-c391-4120-bf3c-7bf06781686b,Tovorni kolodvor,574
392949a1-1ada-4196-9073-6f392638ca49,ee03ecf6-db6d-4ecc-90cd-5b3afc8afb91,2ec182e2-769f-427f-b9b5-c4118890cb96,Stožice,775
c568fe2e-477f-4af2-ad68-cb8111f361d0,609f0950-bb8c-4eaf-a931-8575b8aff1ac,295616c0-387b-4f60-a337-7743cd6be04e,Bavarski dvor,139
d2f9bbec-4b03-49a8-af83-afe65fe07a0e,5ddf10c0-90a5-4dbf-992c-23c0505674aa,c87db9be-1fba-4102-a743-0ee4317dd5af,Bavarski dvor,2810
ee7e3c65-72e8-465e-a9a3-a9370ec1f314,2d42d8e2-26a8-4a74-809c-f436d05c8a54,7eb88e01-82e9-4af4-84d0-69c6ea9dc82c,Kolodvor,1940
41489be9-b3b7-4cbe-90f8-af1a435b2676,7fad8003-fb10-489d-bf8d-6d433310ad90,c87db9be-1fba-4102-a743-0ee4317dd5af,Bavarski dvor,1408
c5ec5e81-2ce4-452d-bd7a-595de4f8b34f,a52cd7ac-c11e-4c8b-94a5-1a12b32595da,a2ce7e6f-0f99-443a-a973-81a0b9c60261,Astra,408
1f207e67-adf9-4da6-b107-3b58051d9990,dd57f39b-be0f-479e-bc35-5bd2edf98ff2,a2ce7e6f-0f99-443a-a973-81a0b9c60261,Astra,550
61485a1f-73a8-4dac-bcc7-6e4e53eb4b0f,9cc88862-270a-409a-b450-e0003c7930af,717dda7e-d793-4697-8f60-b64ee8b1edc4,Gosposvetska,1351
e26da28a-b9c3-41b8-b57f-87b289b38e08,b5e26d7f-8a91-4360-9811-2e8e05d27382,f33b721f-a8a3-4aad-96f2-077da09ebaa6,Razstavišče,357
c32ef99a-6752-47fe-94eb-a5134c7110af,c9b2488c-cca9-4b84-83cb-638ef545c851,c87db9be-1fba-4102-a743-0ee4317dd5af,Bavarski dvor,2338
56dbd8ff-6ec8-4186-b46c-f74ddb5a304a,51dbf10f-cf3b-4575-a8cc-d1080c1f9dde,7fa32ea0-e884-435a-a81c-51bbd5cedf3e,Zaloška,3938
c22879e5-8e90-4540-9a74-5f139208e492,441545fb-7a0c-4555-aea8-01cbe6c14ea3,c87db9be-1fba-4102-a743-0ee4317dd5af,Bavarski dvor,531
c2827897-b9fe-4bfc-b4ed-880f11a2359e,d123fde4-aa91-49c3-83df-5ebf12af4e59,c87db9be-1fba-4102-a743-0ee4317dd5af,Bavarski dvor,603
d4c51b31-46fd-4da8-ba15-8068e666d483,0fb83496-463c-4123-97c6-669efe614d26,a2ce7e6f-0f99-443a-a973-81a0b9c60261,Astra,2422
108e7dc8-ca5d-4c91-9414-32a32a31b69a,824255dc-9be8-4f7b-9b69-2bd4e5a3fc27,N/A,N/A,4525
25ad5579-f6a0-4f35-a0c9-0678b41e9dde,813b7c8c-5236-405a-bb0d-092a5d93c2a6,a2ce7e6f-0f99-443a-a973-81a0b9c60261,Astra,165
bb606ad8-8a10-4034-9862-60cc177d2455,ff1f708c-989e-4cc5-8e75-02717b5f9744,484b5c91-1220-43ba-af79-84e712fcc46b,Slovenija avto,1835
26ec9924-5586-4fd5-8b20-63f2d0a38d44,6a89c110-a0f8-4b1a-87f0-33f49c0a658e,8c7fa045-888b-46d0-8189-6f82623bf481,Poljanska,3361
7eb88e01-82e9-4af4-84d0-69c6ea9dc82c,105e10e7-fbab-4f99-94c9-178c25630b42,fef200e9-4d98-425b-ab14-8110e2aa85d7,Drama,1250
0be53afd-2427-49b2-b70c-2ee3d89e9762,f174a648-9e84-492d-9ccd-0756b49c773b,fef200e9-4d98-425b-ab14-8110e2aa85d7,Drama,989
c8e0086c-0cef-4375-a471-72f3ae1e34fc,5b2cb528-ba33-461a-aee5-54e2ed8c3758,N/A,N/A,4525
ad8a76cf-4386-44b3-9156-490c502e4bc4,6672b8cb-e56d-420a-a5e7-fc86e8aa3647,N/A,N/A,4525
5c15a390-36b6-47a9-9d84-0c7160157c1d,24df120e-0d0c-4353-8dda-c7ef0dc3dd5c,b59656a4-b6e7-4b87-977c-078c59088a50,Hajdrihova,221
45303500-8b0e-4779-9abd-433b5f8b2838,4a90e424-11ab-43a8-b7e9-1c4f42fe2b7c,N/A,N/A,4525
24ab9d18-4fb9-4e7e-b48c-d5cdc9cd1305,67c3adc1-a92d-4528-91ee-77d8b52574c6,295616c0-387b-4f60-a337-7743cd6be04e,Bavarski dvor,3257
af820908-f71f-4c46-82c2-e7616f9c21fb,05bd4cbd-b014-4cfd-8ca9-3c82b0a59114,cdabf1ea-b04c-480a-8359-72c46e6864ab,Bežigrad,1704
d06c6c8a-c136-4b7a-9c13-b26ba0c04029,aa844493-50b0-4b91-b331-f4297d2ae6a8,fef200e9-4d98-425b-ab14-8110e2aa85d7,Drama,638
cd5497dc-20a4-40b3-9adf-b380de5d9f16,2628ca4f-8797-4672-aca9-47b325c58aac,c87db9be-1fba-4102-a743-0ee4317dd5af,Bavarski dvor,2850
452bfd80-e8bd-470b-bc4a-981e1b37ffd7,f073b9d9-a3e3-4d04-a209-0db55377b79e,7eb88e01-82e9-4af4-84d0-69c6ea9dc82c,Kolodvor,1613
fb662324-f307-452f-9b00-0275dadfd382,86a75ffc-a78f-401f-8991-2eb0371417b2,a719a87c-4e93-4387-a6d1-2631a487f7e0,Ajdovščina,658
52c437c8-73ae-4db5-ac31-8e7cf5104826,78c69686-64ed-437c-83b5-0e28733ed70c,N/A,N/A,4525
d9f26e1a-77fc-48b0-a024-93fd38eb88a4,ab624858-605d-48c6-a660-d54c2e037a91,N/A,N/A,4525
784bebe9-c0c7-46eb-943d-0b1808ffd5ac,51e04e1d-9ea1-432d-8b79-09e6c2a7be7b,295616c0-387b-4f60-a337-7743cd6be04e,Bavarski dvor,3551
da9650a3-6ec7-4cdb-95f2-a68851587dfc,7a256ec6-bb93-47eb-af92-ea62941c1dc6,c87db9be-1fba-4102-a743-0ee4317dd5af,Bavarski dvor,3772
d72032c7-d4b0-4eee-a87c-593985a42266,15eaf9b9-db6d-4586-9ad2-5bfa99719bfd,f33b721f-a8a3-4aad-96f2-077da09ebaa6,Razstavišče,672
294c40c4-18e4-4d92-a947-911a8623de89,ff1f708c-989e-4cc5-8e75-02717b5f9744,717dda7e-d793-4697-8f60-b64ee8b1edc4,Gosposvetska,1221
717dda7e-d793-4697-8f60-b64ee8b1edc4,5293859e-2ea2-4ad3-9781-884672606464,fef200e9-4d98-425b-ab14-8110e2aa85d7,Drama,739
aa42017d-812a-4175-bc9b-0fec03b18931,cf5259af-d324-497e-b508-84fe92961eb1,N/A,N/A,4525
783196f2-97cd-4265-bb9a-b13aa8bb6a0b,02e96186-e90a-4171-8869-082486f7da1d,N/A,N/A,4525
e26da28a-b9c3-41b8-b57f-87b289b38e08,ff74fc01-faf6-4a78-a782-d8365538e7de,N/A,N/A,4525
ea80411c-360d-4a33-861c-6533a1d67eef,ecc4ae87-ae08-4b94-995c-452fdd94df7f,98fa3880-5936-4ec8-ba04-39c7ff9a0e6a,Stara cerkev,790
32ff2d5b-61ae-415b-941b-aeb1be1b5052,7c37b809-4d6d-497c-a53d-38663e91c088,295616c0-387b-4f60-a337-7743cd6be04e,Bavarski dvor,138
f414efd9-d697-4bbe-abb6-c9e09fd73514,cab36767-e95a-4f60-978e-92490f2517b2,N/A,N/A,4525
8c7fa045-888b-46d0-8189-6f82623bf481,b2dd1684-0848-40f7-b10e-8f74bb005f2f,N/A,N/A,4525
d4d4230a-5247-4071-baa4-463321d9d934,5dcffe2a-1c73-4f7c-bdac-4084bb5201aa,717dda7e-d793-4697-8f60-b64ee8b1edc4,Gosposvetska,1235
1f02ab68-e4a0-4783-ae8a-39ccd679f2cc,befe0e87-b5fe-41ff-9a77-f65461eff28d,a719a87c-4e93-4387-a6d1-2631a487f7e0,Ajdovščina,2042
5a2def68-fa57-4002-a942-e39bc2a87688,192b7b6a-b138-4569-a4f3-86bef6b20810,c87db9be-1fba-4102-a743-0ee4317dd5af,Bavarski dvor,1413
2c0475be-44e7-4f0f-a06d-2c1b4ca15677,7c390857-8fc7-49b5-9c9d-e5535d360148,N/A,N/A,4525
5b59d508-0860-4f50-b5ab-72a79046b488,ad966374-a37d-443a-9a3e-ec85ca28231f,717dda7e-d793-4697-8f60-b64ee8b1edc4,Gosposvetska,1276
5a2def68-fa57-4002-a942-e39bc2a87688,7d628170-e2eb-47fd-9d3e-658acf78d7d3,N/A,N/A,4525
47a3bd8a-72ae-4e20-b43f-10bfaf49012c,7d1d9e60-8a7d-4e50-86e5-f3a42a99d837,N/A,N/A,4525
b0b32562-f5dc-4183-abba-5729adf98088,db13a26e-19d4-4b8a-a78a-01ef25d58834,c87db9be-1fba-4102-a743-0ee4317dd5af,Bavarski dvor,1774
93928408-7b36-41f9-9b62-fec53e14b4e2,fb7704f0-d31e-4561-83e4-621a8c62654b,a719a87c-4e93-4387-a6d1-2631a487f7e0,Ajdovščina,542
c326e479-ccc3-4915-8788-3fa189d0143e,60d91c8b-d5a9-4ef4-927c-e241bc31f81a,5d7f28a6-2a2a-4333-aa06-48edfb652f86,Pošta,993
de80f5fd-4572-4bb6-9e21-9860f5fa6b24,d4c25d68-c340-431b-a646-7680fe0cefee,379bc761-04b5-4227-be76-3b870fe3e69f,Pot na Fužine,1788
aa31554f-8623-42db-aedd-ad9a8f562e4c,95732ece-1658-4e11-9b5f-b6ae5552e638,fef200e9-4d98-425b-ab14-8110e2aa85d7,Drama,65
98b60d07-8054-441a-be44-be7aa24f4253,6340ea93-391e-45b9-94b0-56d1d7c87e20,717dda7e-d793-4697-8f60-b64ee8b1edc4,Gosposvetska,4201
6d2a7c2e-5938-433e-a691-b9bc28767675,e1e80207-5c23-47c0-a63a-121003b22807,fef200e9-4d98-425b-ab14-8110e2aa85d7,Drama,2788
2b223d0c-f8ec-4970-815c-bfe26c3ffc09,f11e48f8-4133-4c36-a36f-73b4f33d9592,5d7f28a6-2a2a-4333-aa06-48edfb652f86,Pošta,257
0be53afd-2427-49b2-b70c-2ee3d89e9762,1d7af067-e43b-4a98-953c-75f1b267d9ce,a719a87c-4e93-4387-a6d1-2631a487f7e0,Ajdovščina,638
48c9ec48-2b87-4945-a077-808839f98e74,39650ca1-d08c-4645-ac1a-6aed84eb45c5,295616c0-387b-4f60-a337-7743cd6be04e,Bavarski dvor,2812
2beb7011-982a-4349-be22-addf1c3bdec7,a0e0a21b-b8ce-4d76-bbc2-04e179367fee,f33b721f-a8a3-4aad-96f2-077da09ebaa6,Razstavišče,380
61f19c68-2d5e-4d76-bdd4-28709a347b5b,f5e84751-7377-402c-974c-53276e422e70,fef200e9-4d98-425b-ab14-8110e2aa85d7,Drama,83
8561e9fb-03e0-46f1-802d-b376d26a8ea5,ab987eb0-c970-4577-8db9-0cd507a6cab6,b59656a4-b6e7-4b87-977c-078c59088a50,Hajdrihova,808
47637057-8d6a-4cf9-bd56-3ac90748fcc4,3f37b298-896a-40be-b2f5-6fe8154756c4,N/A,N/A,4525
4d57f6bd-7ba7-4f07-8aa1-ecac0b09e8db,5c15a390-36b6-47a9-9d84-0c7160157c1d,cee2862b-9b70-4880-8fa3-16c6d2efae1b,AMZS,3934
7d579a55-27bc-49d0-a124-a5ed6233c55a,a12ab184-fb4b-449f-9884-88e0a1672e64,c87db9be-1fba-4102-a743-0ee4317dd5af,Bavarski dvor,109
0b6960bb-2431-48c3-9e64-3cbf5c57ea96,124ec397-421b-4737-bf71-09c9b1665a10,a719a87c-4e93-4387-a6d1-2631a487f7e0,Ajdovščina,274
91b76764-87af-4b90-89dd-60f0046f7cc0,0760a037-cd94-4936-89b6-45ce9bd19917,fef200e9-4d98-425b-ab14-8110e2aa85d7,Drama,136
10d57057-b305-4b7a-806b-3373014db962,5f6cb902-b824-4961-9ac2-75cf44a47055,c87db9be-1fba-4102-a743-0ee4317dd5af,Bavarski dvor,717
023d7b7a-b411-4e61-8746-b07f9e5c8f90,05643914-8ff7-4064-8737-2761d44a083f,a719a87c-4e93-4387-a6d1-2631a487f7e0,Ajdovščina,605
3d0466c6-82f4-4a8e-ac5f-18d4dab794ac,eba0daca-3696-4f72-a1dd-5f7b5fd02a63,N/A,N/A,4525
fcfe6ac9-74b3-4c13-96b7-6041f1454813,815a2c5e-19a1-41b0-bca4-69dca8912326,fef200e9-4d98-425b-ab14-8110e2aa85d7,Drama,447
c22879e5-8e90-4540-9a74-5f139208e492,233daca5-913b-4e10-bf34-18b1c8c77019,6bd46cb7-9e5d-453a-878a-bcc38fb2a5f2,Sava,1205
f8da5156-e545-47ed-a811-2242f41f5593,5b184752-5bd2-43e3-9243-dfc8969d9065,c87db9be-1fba-4102-a743-0ee4317dd5af,Bavarski dvor,198
5930b5fe-26e2-4b69-bd1e-cdea021a0ab4,538ab00b-ee39-44e8-b5a4-62c2c6215bf6,98fa3880-5936-4ec8-ba04-39c7ff9a0e6a,Stara cerkev,2589
111b2cdc-67ca-47bc-a8eb-8a4c6a0674d9,c1606675-dd38-4952-914b-6ca64fd56b7b,7eb88e01-82e9-4af4-84d0-69c6ea9dc82c,Kolodvor,171
d123fde4-aa91-49c3-83df-5ebf12af4e59,117abbb4-5575-4020-aac4-2048f8d34b50,223f660b-c391-4120-bf3c-7bf06781686b,Tovorni kolodvor,4102
ba6f47bf-d346-4ccb-8669-13b974d863a6,dac8d2a7-89e4-4aec-948d-00db4833ce7c,f33b721f-a8a3-4aad-96f2-077da09ebaa6,Razstavišče,145
245bb1a4-ea6e-45b4-8331-b50983655326,1e2641bc-b0b2-448e-8ad2-e52891fa4c5f,N/A,N/A,4525
4ca9e64c-29ad-4391-a6f2-7e1ae022d5bf,66012072-6b6b-4775-8001-0887d18e09a3,5d7f28a6-2a2a-4333-aa06-48edfb652f86,Pošta,89
121b30dc-065b-4c76-aad2-a54a85c74d4d,ecc4ae87-ae08-4b94-995c-452fdd94df7f,c8e0086c-0cef-4375-a471-72f3ae1e34fc,Strelišče,1696
4ac86a6a-874d-41a7-92a5-64ed733b7734,45754ca7-bffd-4bcf-96df-952e59574dde,2f874852-bc80-4ff3-b6bf-a914e31251c8,Savske stolpnice,1595
de80f5fd-4572-4bb6-9e21-9860f5fa6b24,6c773433-c487-49c5-a783-32c0e276ed7b,c87db9be-1fba-4102-a743-0ee4317dd5af,Bavarski dvor,1280
7294875b-8482-484a-b04d-95b921612001,f14a6236-8af2-47bf-9270-432377662a63,295616c0-387b-4f60-a337-7743cd6be04e,Bavarski dvor,1074
9276fcfb-0f7e-4df3-b827-325600851526,813b7c8c-5236-405a-bb0d-092a5d93c2a6,717dda7e-d793-4697-8f60-b64ee8b1edc4,Gosposvetska,1126
4d2fc228-0628-4897-8d77-3e71d500d36d,edf94a12-03e9-4225-b6cc-aca0edf588a7,295616c0-387b-4f60-a337-7743cd6be04e,Bavarski dvor,1169
db046e79-c658-433c-8812-157fd965a9f6,c71e1e0c-780a-4d46-8b33-09aebbbcfcd8,7bcbdcaa-00b9-47d4-8982-09da26cd7bcb,Zaloška,1739
294c40c4-18e4-4d92-a947-911a8623de89,7310c006-62b8-4f94-bb9c-d5c26cb3faad,c22879e5-8e90-4540-9a74-5f139208e492,Friškovec,1063
07b4c585-66cf-49d7-906c-50f1122c8e9e,96d4c75b-6452-4c70-a31e-c234262ba38b,48b163cd-b819-4849-aee1-8b1da77657ab,Šentvid,786
91745353-dd19-49ee-beaf-332e546dcceb,dc7b6fb3-15db-4c7e-9fa1-424943178ce6,923bd774-0651-4e0a-8624-3acfb7ecd5ff,Gornje Poljane,1972
4d216485-ef41-45e7-9182-0c254644955c,6a0b25cc-428e-47b5-831a-e89facfa7f26,717dda7e-d793-4697-8f60-b64ee8b1edc4,Gosposvetska,280
78ef8af0-fd16-46b8-a5de-8d24b99638c8,ea9d5fa9-af5a-4d39-96fd-626415048511,6a89c110-a0f8-4b1a-87f0-33f49c0a658e,Šola Jarše,2419
26ec9924-5586-4fd5-8b20-63f2d0a38d44,f14a6236-8af2-47bf-9270-432377662a63,f33b721f-a8a3-4aad-96f2-077da09ebaa6,Razstavišče,1375
46f20d33-601c-4ef6-b86c-7c2bb4af52fa,84578591-7543-4105-8465-9df30256360d,9cfac7e2-9653-4e52-a6d3-27756d27f817,Kino Šiška,515
1ce1c3a8-e0f6-4f90-b1aa-1448759d8b3c,4ed69cbb-d738-450c-be11-7d96cd50ee50,f33b721f-a8a3-4aad-96f2-077da09ebaa6,Razstavišče,4036
97627b9b-fa2e-461a-97ea-a15df7599598,f1bc11ca-7516-447a-b826-7051c5306af7,c87db9be-1fba-4102-a743-0ee4317dd5af,Bavarski dvor,3395
459f82d2-cbe4-414b-b66b-0b794ea958ed,8375ab17-e389-42b2-9b88-0210a049e321,N/A,N/A,4525
45b36327-9a1a-4cd5-8261-53217326b22f,f73d3fb2-082c-4518-8af2-45de5490df4e,c87db9be-1fba-4102-a743-0ee4317dd5af,Bavarski dvor,788
52c437c8-73ae-4db5-ac31-8e7cf5104826,9c3d9f7c-69df-4a48-8f1a-d25e7a922ac3,N/A,N/A,4525
c326e479-ccc3-4915-8788-3fa189d0143e,b56664c0-1dc1-42c5-b10b-52c3fb0dd042,98fa3880-5936-4ec8-ba04-39c7ff9a0e6a,Stara cerkev,1481
16d19639-a788-4df6-a168-6f8c3652ded7,4afd573d-abb7-4209-9b28-5c34811eb3ef,N/A,N/A,4525
eb43a68a-54a5-4a37-b090-1329e2b4d830,d7a59d1b-dfe1-4fbb-96fc-14443b077516,023d7b7a-b411-4e61-8746-b07f9e5c8f90,Ambrožev trg,862
2bf898b0-1247-4e84-87e2-2e044e580c8f,5a89967e-5654-49f6-84ca-59f7f9035444,484b5c91-1220-43ba-af79-84e712fcc46b,Slovenija avto,355
45303500-8b0e-4779-9abd-433b5f8b2838,8d775324-59ca-429e-ad7e-8d522c52dbdd,717dda7e-d793-4697-8f60-b64ee8b1edc4,Gosposvetska,1702
67c3adc1-a92d-4528-91ee-77d8b52574c6,64ea9f57-1f7f-465e-8721-55e26faee36a,a719a87c-4e93-4387-a6d1-2631a487f7e0,Ajdovščina,93
d2f9bbec-4b03-49a8-af83-afe65fe07a0e,c0fb12dd-8cab-40da-a3aa-e8de9c6d09ed,295616c0-387b-4f60-a337-7743cd6be04e,Bavarski dvor,2657
39650ca1-d08c-4645-ac1a-6aed84eb45c5,9e0942f3-2c18-4891-9b51-9d95cc43af7a,7fa32ea0-e884-435a-a81c-51bbd5cedf3e,Zaloška,2538
379bc761-04b5-4227-be76-3b870fe3e69f,815a2c5e-19a1-41b0-bca4-69dca8912326,f4cfd904-bd11-4247-95df-32c4555a930f,Klinični center,1381
70c51140-f3ee-4c89-a6e2-ed74dab89148,36d25599-0bed-48a0-bcb4-134be8a959fe,1ce1c3a8-e0f6-4f90-b1aa-1448759d8b3c,Astra,1658
d9a82add-03d0-47d8-9f35-117b7a5ded44,9c57d59a-53f8-4a16-b279-2ab1745ea230,fef200e9-4d98-425b-ab14-8110e2aa85d7,Drama,1330
627be449-8b6a-40f4-a57c-09ccdacccb66,609f0950-bb8c-4eaf-a931-8575b8aff1ac,295616c0-387b-4f60-a337-7743cd6be04e,Bavarski dvor,1804
ee095f27-439e-42e7-9e5c-e77b0903c31f,e2499103-6634-4d8e-87a8-68dc5ef6340c,f33b721f-a8a3-4aad-96f2-077da09ebaa6,Razstavišče,1719
0eca6015-5429-4289-a76c-4ec9ef707e67,7d003bd3-5fae-4076-b952-9f734651720f,fef200e9-4d98-425b-ab14-8110e2aa85d7,Drama,34
a1795ee0-9147-4a5c-bb11-f60a809f690e,c0fb12dd-8cab-40da-a3aa-e8de9c6d09ed,a719a87c-4e93-4387-a6d1-2631a487f7e0,Ajdovščina,1352
0334e79e-7a89-44e9-a463-5af813e64a40,bb606ad8-8a10-4034-9862-60cc177d2455,fef200e9-4d98-425b-ab14-8110e2aa85d7,Drama,3631
46847a61-d68a-4d2c-ad76-18e043d41430,16d19639-a788-4df6-a168-6f8c3652ded7,a0e0a21b-b8ce-4d76-bbc2-04e179367fee,Šola Jarše,3645
86303165-4af4-4fcd-b0f9-43ed865454f4,02c61e3f-2d2e-4b42-b695-bbd3cc672f6b,6182f8e8-c45e-4606-b4a4-d909bd44d2cc,Gornji trg,2060
184817a9-ca88-4c82-a40b-5768991da3df,fdff5f9c-6c02-4fc1-a004-7032b17fa37a,f14a6236-8af2-47bf-9270-432377662a63,Viadukt,1206
ecc4ae87-ae08-4b94-995c-452fdd94df7f,d72032c7-d4b0-4eee-a87c-593985a42266,88cdd36c-03d2-4374-a22f-110dd9f75ea0,Kajuhova,713
d5102041-8282-4c77-a593-edac0d0d4a34,aa31554f-8623-42db-aedd-ad9a8f562e4c,aa42017d-812a-4175-bc9b-0fec03b18931,Ambrožev trg,2461
2f874852-bc80-4ff3-b6bf-a914e31251c8,a2f479c6-4c21-4923-b4ac-86f752507cee,N/A,N/A,4525
01bc5983-63a7-4184-9986-32e5a5320684,087e50b6-7677-4a85-802f-5694266fe38b,9a1c4c65-df77-481f-87ad-56143f02a864,Vižmarje,2291
56dbd8ff-6ec8-4186-b46c-f74ddb5a304a,baab981f-b707-4b2e-8291-6175f7ceb255,98fa3880-5936-4ec8-ba04-39c7ff9a0e6a,Stara cerkev,1064
5d1e404b-1606-457e-8d2b-4e3e80139532,2cde6efe-5f53-44aa-8018-76f0ea2c86f8,38b3abed-0592-407b-96c3-85a026f2e192,Dalmatinova,1858
a2947722-2e6f-48dd-9c31-ff36356676fa,9cfac7e2-9653-4e52-a6d3-27756d27f817,a719a87c-4e93-4387-a6d1-2631a487f7e0,Ajdovščina,1893
505865ea-cdea-4042-bdb2-b2f4f03889cb,01d1f388-d915-4e9f-bc3d-4432a73a216e,f33b721f-a8a3-4aad-96f2-077da09ebaa6,Razstavišče,3927
a3aeed02-8e36-4cb0-bb08-25cc4afda164,9c2e9262-7afe-44d3-8aaf-80afd45f9118,a719a87c-4e93-4387-a6d1-2631a487f7e0,Ajdovščina,920
41489be9-b3b7-4cbe-90f8-af1a435b2676,7ad25867-5c97-4f9f-9b1b-4966436f7fbf,N/A,N/A,4525
35aedf45-cca3-4f2f-931b-138d29d20fe9,f1fd2bad-eba9-4046-a7b9-34e8d1d423f5,5d7f28a6-2a2a-4333-aa06-48edfb652f86,Pošta,1022
b7834e14-7e86-4df5-83ce-006c93c31c00,53f8224f-99e5-4c34-9f77-3621bbe9ce99,b59656a4-b6e7-4b87-977c-078c59088a50,Hajdrihova,446
61485a1f-73a8-4dac-bcc7-6e4e53eb4b0f,8e7a488b-cd48-4243-92b0-42792d0e3bc1,5d7f28a6-2a2a-4333-aa06-48edfb652f86,Pošta,1264
7f510cd8-4742-4dcf-95c0-16cde39c2e26,fd0e405e-d5e5-45fc-8911-e48a178ad4a9,484b5c91-1220-43ba-af79-84e712fcc46b,Slovenija avto,313
c568fe2e-477f-4af2-ad68-cb8111f361d0,60edf514-fd83-400b-b86f-881f7eff258b,7fad8003-fb10-489d-bf8d-6d433310ad90,Nove Jarše,1646
b829062a-2644-4350-b998-74522d9e85d8,61926b26-d777-483f-ae79-86766c48793b,98fa3880-5936-4ec8-ba04-39c7ff9a0e6a,Stara cerkev,178
219086ca-bdcb-4092-bd82-3d372b9b73ce,ba6f47bf-d346-4ccb-8669-13b974d863a6,717dda7e-d793-4697-8f60-b64ee8b1edc4,Gosposvetska,19
452bfd80-e8bd-470b-bc4a-981e1b37ffd7,d4c25d68-c340-431b-a646-7680fe0cefee,a2ce7e6f-0f99-443a-a973-81a0b9c60261,Astra,179
7e780e7f-3665-4ec7-a910-eaf6e9d82551,8375ab17-e389-42b2-9b88-0210a049e321,a719a87c-4e93-4387-a6d1-2631a487f7e0,Ajdovščina,3993
889e3719-7d29-4888-b690-5a1531d2930e,3a50f545-2fe2-45a0-8ed6-01635603efed,fef200e9-4d98-425b-ab14-8110e2aa85d7,Drama,625
712ee105-4fab-498a-af5c-496ca9830f5f,21fba303-9465-42e6-8942-eaff85a2b40c,7fa32ea0-e884-435a-a81c-51bbd5cedf3e,Zaloška,1653
2bf898b0-1247-4e84-87e2-2e044e580c8f,ca8cbe57-95dc-4326-9c06-b60a87b981b1,c87db9be-1fba-4102-a743-0ee4317dd5af,Bavarski dvor,4102
dc6b96b1-d0fa-4d03-ac2b-8eba5bb97ba2,923bd774-0651-4e0a-8624-3acfb7ecd5ff,48b163cd-b819-4849-aee1-8b1da77657ab,Šentvid,177
f2fc2702-e9da-4c36-b6fc-9f52199e4574,339ec74c-f45b-4f23-98b8-7ac67486ff6d,N/A,N/A,4525
b4ffcb65-e60f-478d-806b-e7ae83f1a39d,9b85d4b0-c594-4e0e-9ce2-d0986256c270,a2ce7e6f-0f99-443a-a973-81a0b9c60261,Astra,395
7ad774b6-172a-401b-b186-358aa2d560a2,8eeea585-6168-45b8-a5d4-336e61826043,295616c0-387b-4f60-a337-7743cd6be04e,Bavarski dvor,1983
76ec8af8-07c2-4d44-b0d8-a439d381913f,8598b85d-3e1d-4767-b72f-0c209038841f,1b3ddeca-a066-43ee-9ae5-8339628129c2,Žale,3665
db13a26e-19d4-4b8a-a78a-01ef25d58834,f15ddf31-fc11-41ba-988d-376c83e38f58,f33b721f-a8a3-4aad-96f2-077da09ebaa6,Razstavišče,606
ea9d5fa9-af5a-4d39-96fd-626415048511,db9f7130-0bc2-4f3e-b8cd-07cfe96b1f8f,9a1c4c65-df77-481f-87ad-56143f02a864,Vižmarje,132
aa113271-655f-423f-ad7e-4cfaba2eb739,5881f75e-9383-49b0-811d-04c864ba1605,N/A,N/A,4525
12618339-2c2d-49ec-b0e0-2517c11991f8,ba681dbc-ea72-4685-ad98-c5ed496510e6,a719a87c-4e93-4387-a6d1-2631a487f7e0,Ajdovščina,1208
7ad774b6-172a-401b-b186-358aa2d560a2,06348c07-2fb0-4dfb-a938-aaef614a7f68,f14a6236-8af2-47bf-9270-432377662a63,Viadukt,518
609f0950-bb8c-4eaf-a931-8575b8aff1ac,21fba303-9465-42e6-8942-eaff85a2b40c,717dda7e-d793-4697-8f60-b64ee8b1edc4,Gosposvetska,835
52e5adea-e194-4fc1-809c-1d6421f8f8db,d987aa3a-ae4a-42f6-bc9b-79c41dcf055a,b59656a4-b6e7-4b87-977c-078c59088a50,Hajdrihova,2496
e4635b94-348c-4c69-be85-1160488e5e43,592b37eb-8255-4758-ae8a-7cef98521013,f33b721f-a8a3-4aad-96f2-077da09ebaa6,Razstavišče,1721
16ae0a39-ff9a-4aee-88b5-34502255fab4,cee2862b-9b70-4880-8fa3-16c6d2efae1b,cdabf1ea-b04c-480a-8359-72c46e6864ab,Bežigrad,750
70231f13-be88-4e3a-a89a-5b4f436984d2,ccccee29-6fc7-4a86-b492-7f36a8e817db,N/A,N/A,4525
5d7f28a6-2a2a-4333-aa06-48edfb652f86,d06c6c8a-c136-4b7a-9c13-b26ba0c04029,ecc4ae87-ae08-4b94-995c-452fdd94df7f,Privoz,872
e57aad1d-457e-401f-b26d-306b4fd836eb,441545fb-7a0c-4555-aea8-01cbe6c14ea3,c22879e5-8e90-4540-9a74-5f139208e492,Friškovec,2827
16ae0a39-ff9a-4aee-88b5-34502255fab4,15af3c66-ad74-4f41-92f7-92e2ff72a51d,295616c0-387b-4f60-a337-7743cd6be04e,Bavarski dvor,1775
d7a59d1b-dfe1-4fbb-96fc-14443b077516,c6dd10bd-c21f-4a0c-9c7d-99e488a173d4,38b3abed-0592-407b-96c3-85a026f2e192,Dalmatinova,794
b8533150-cf69-441a-8fc4-18f39cbef16b,099976aa-17cc-45d3-add4-267985ab1533,c22879e5-8e90-4540-9a74-5f139208e492,Friškovec,1219
53f8224f-99e5-4c34-9f77-3621bbe9ce99,68075aa0-144c-4f6e-93ef-e93dfc35df78,a2ce7e6f-0f99-443a-a973-81a0b9c60261,Astra,511
277bc73c-e61d-4046-bcfd-31d6161c568e,5a06b853-39a7-479d-ac40-fafa659fd896,5d7f28a6-2a2a-4333-aa06-48edfb652f86,Pošta,2493
fcc58ff5-bf0b-44ce-b12b-75ecc493f24d,47252dc3-dbd8-43df-898b-0a3fb27ffc93,4038e02e-f22f-4af0-ba4f-7aab855b53af,Kneza Koclja,2093
223f660b-c391-4120-bf3c-7bf06781686b,befe0e87-b5fe-41ff-9a77-f65461eff28d,a2ce7e6f-0f99-443a-a973-81a0b9c60261,Astra,1978
9bd3ee10-bc61-44e8-8cf3-a37cffd54da0,eee355cc-98a1-4f25-8bf9-0100856eda6e,b59656a4-b6e7-4b87-977c-078c59088a50,Hajdrihova,314
9b0074d2-2c92-4c01-830b-00be8e05b412,05643914-8ff7-4064-8737-2761d44a083f,6bd46cb7-9e5d-453a-878a-bcc38fb2a5f2,Sava,569
d861c2ce-106a-4b95-a4fc-2af355c0bbf0,d07152fd-014c-481b-a5f2-8949066499e8,N/A,N/A,4525
9b85d4b0-c594-4e0e-9ce2-d0986256c270,12304b99-9a07-485a-a101-eaca90495d48,c87db9be-1fba-4102-a743-0ee4317dd5af,Bavarski dvor,2721
111b2cdc-67ca-47bc-a8eb-8a4c6a0674d9,3c6ebf90-c611-4535-b2b0-22fba3f7649a,484b5c91-1220-43ba-af79-84e712fcc46b,Slovenija avto,250
d9437903-d95a-49e6-9743-12b2b964e04c,18d010ca-0244-4928-82cb-47af0836a1bb,86a75ffc-a78f-401f-8991-2eb0371417b2,Studenec,4442
ccd8a655-468b-4728-a26d-7981bbdd7dec,39650ca1-d08c-4645-ac1a-6aed84eb45c5,fef200e9-4d98-425b-ab14-8110e2aa85d7,Drama,136
fdff5f9c-6c02-4fc1-a004-7032b17fa37a,ee095f27-439e-42e7-9e5c-e77b0903c31f,b59656a4-b6e7-4b87-977c-078c59088a50,Hajdrihova,4203
5f6cb902-b824-4961-9ac2-75cf44a47055,2c87f988-902b-4b35-91da-5437a58759f5,f2b27cbd-5207-4281-8f67-6369d0c50a9b,Kodrova,307
68075aa0-144c-4f6e-93ef-e93dfc35df78,727cab27-5e8e-4c5e-ba27-449822a45ee7,769b7bc7-4f95-4bb2-9c99-37ba8e8b4bd5,D. MOST P+R,1775
37fc313d-1f45-49c9-9059-4f96f44a6682,a26d9a94-effb-45ab-a27f-74076e9e5bdd,c87db9be-1fba-4102-a743-0ee4317dd5af,Bavarski dvor,116
f496ecc3-28fe-4361-9da8-428bbf3bd672,6340ea93-391e-45b9-94b0-56d1d7c87e20,c87db9be-1fba-4102-a743-0ee4317dd5af,Bavarski dvor,3596
f4e99ece-e89e-4322-80c6-5a91df65f64e,7eb88e01-82e9-4af4-84d0-69c6ea9dc82c,5d7f28a6-2a2a-4333-aa06-48edfb652f86,Pošta,1456
5c8bdb89-116a-4d5d-9db1-9be443070380,cd2cdf5f-a758-494c-8b1f-2de4ac913723,N/A,N/A,4525
9276fcfb-0f7e-4df3-b827-325600851526,e7789f42-0ad7-44d1-974b-42a3f4957291,c87db9be-1fba-4102-a743-0ee4317dd5af,Bavarski dvor,1777
363e4763-df83-4814-99d2-879d448d5910,08f2fb98-afdf-4961-b419-1bca7f5568ab,c87db9be-1fba-4102-a743-0ee4317dd5af,Bavarski dvor,1364
d7384760-d854-492d-87af-f342cab37fc1,e3321752-4498-4da3-801c-d54920b22eba,295616c0-387b-4f60-a337-7743cd6be04e,Bavarski dvor,912
eee355cc-98a1-4f25-8bf9-0100856eda6e,f5dc05ab-b5cf-4f25-a85b-f346876311cb,b59656a4-b6e7-4b87-977c-078c59088a50,Hajdrihova,245
9cfac7e2-9653-4e52-a6d3-27756d27f817,d27a7320-71d6-48bc-a4f5-0f3e239575b8,c87db9be-1fba-4102-a743-0ee4317dd5af,Bavarski dvor,2845
eee355cc-98a1-4f25-8bf9-0100856eda6e,0a4b6359-22f0-4caa-b4a8-f4edb97a0825,6a89c110-a0f8-4b1a-87f0-33f49c0a658e,Šola Jarše,3848
c5527a65-5265-43de-b703-7c7d494d190c,ee837fd9-7a5c-4f14-bbd7-a46f14eb07c5,a719a87c-4e93-4387-a6d1-2631a487f7e0,Ajdovščina,338
8c7fa045-888b-46d0-8189-6f82623bf481,de80f5fd-4572-4bb6-9e21-9860f5fa6b24,c87db9be-1fba-4102-a743-0ee4317dd5af,Bavarski dvor,592
c8f784f8-ce92-4773-8d90-c6bed3513ce0,c3534bc6-7bfd-43be-b46a-2b0fced57ab8,N/A,N/A,4525
278a9d60-64c7-4bfa-aad0-24068aa760af,6330ad8d-b582-4c92-bc7e-d3f206264f04,a2ce7e6f-0f99-443a-a973-81a0b9c60261,Astra,723
f2920a77-6c6c-494d-96b7-2a8caf8f374f,f1b7471e-db71-49da-846d-1232cb3e8f8f,c87db9be-1fba-4102-a743-0ee4317dd5af,Bavarski dvor,810
eefb30b4-8049-4128-89f5-bb359b1c93b0,5cc8a08d-c0af-491f-9a9c-b8b4f5f23bc0,aa42017d-812a-4175-bc9b-0fec03b18931,Ambrožev trg,737
a26d9a94-effb-45ab-a27f-74076e9e5bdd,21a5f1e3-8ac0-4023-95ca-0a3ff54099aa,8589e5d1-21b4-4210-ad7a-4bf91f9a715d,Vižmarje,335
7c390857-8fc7-49b5-9c9d-e5535d360148,f07c916c-6fc6-4acf-a334-0ab0d3c4f57f,N/A,N/A,4525
78ef8af0-fd16-46b8-a5de-8d24b99638c8,eefb30b4-8049-4128-89f5-bb359b1c93b0,223f660b-c391-4120-bf3c-7bf06781686b,Tovorni kolodvor,1869
d7a59d1b-dfe1-4fbb-96fc-14443b077516,1b3d51e8-8b5e-4b31-a63e-9d665243c2f1,295616c0-387b-4f60-a337-7743cd6be04e,Bavarski dvor,501
68c65382-15dc-465c-96b5-7f27af9d4a63,c8e0086c-0cef-4375-a471-72f3ae1e34fc,c87db9be-1fba-4102-a743-0ee4317dd5af,Bavarski dvor,630
cf22c7c2-776f-4bd7-ae1a-dc4f25983c19,ea9d5fa9-af5a-4d39-96fd-626415048511,a719a87c-4e93-4387-a6d1-2631a487f7e0,Ajdovščina,972
bfcba499-ce46-41b0-8268-966d74eccb20,e1e80207-5c23-47c0-a63a-121003b22807,5d7f28a6-2a2a-4333-aa06-48edfb652f86,Pošta,2935
5b59d508-0860-4f50-b5ab-72a79046b488,5b184752-5bd2-43e3-9243-dfc8969d9065,295616c0-387b-4f60-a337-7743cd6be04e,Bavarski dvor,4317
df973089-967d-4446-916c-260e9e8fec83,b5400e28-b0c3-4a02-9da2-084c465bd1d3,a719a87c-4e93-4387-a6d1-2631a487f7e0,Ajdovščina,760
484b5c91-1220-43ba-af79-84e712fcc46b,ee03ecf6-db6d-4ecc-90cd-5b3afc8afb91,f4cfd904-bd11-4247-95df-32c4555a930f,Klinični center,1289
b829062a-2644-4350-b998-74522d9e85d8,d08c4884-9764-447f-9b79-0ef7a645222f,f33b721f-a8a3-4aad-96f2-077da09ebaa6,Razstavišče,3267
2388ce1f-c947-42d7-97f3-e01a7254c933,717c914e-f928-4671-95f6-26c1ddb95799,N/A,N/A,4525
d06c6c8a-c136-4b7a-9c13-b26ba0c04029,f2bac6f5-5bbc-4f15-acdd-014d86770ce9,fef200e9-4d98-425b-ab14-8110e2aa85d7,Drama,1571
294c40c4-18e4-4d92-a947-911a8623de89,1b3dce90-170f-4176-b47b-2b50b9407e82,b59656a4-b6e7-4b87-977c-078c59088a50,Hajdrihova,101
bc66f88b-1412-44cb-b921-030d27335261,300f1367-4ba4-4416-90e4-caa8f33e9144,a719a87c-4e93-4387-a6d1-2631a487f7e0,Ajdovščina,1202
36d25599-0bed-48a0-bcb4-134be8a959fe,476c1b24-6f2f-4727-b610-645c50493814,fef200e9-4d98-425b-ab14-8110e2aa85d7,Drama,301
e9089f7d-853e-4375-8ecb-0db96fcc60e6,666bd186-7a9a-4e20-a466-e7b1918dda9b,a719a87c-4e93-4387-a6d1-2631a487f7e0,Ajdovščina,1979
306dcdea-b1ce-4357-ba5e-fa82293630df,d06c6c8a-c136-4b7a-9c13-b26ba0c04029,295616c0-387b-4f60-a337-7743cd6be04e,Bavarski dvor,713
fac22b83-1bc0-4c12-8533-485b115409ef,4ac86a6a-874d-41a7-92a5-64ed733b7734,c8e0086c-0cef-4375-a471-72f3ae1e34fc,Strelišče,847
6edebb46-d04f-45c4-99a4-100f7f0b2660,1f207e67-adf9-4da6-b107-3b58051d9990,5d7f28a6-2a2a-4333-aa06-48edfb652f86,Pošta,1166
1e157c31-d34d-4c2e-91b4-8c000c88f6dd,7411cd45-83d2-40e6-89f6-5a0995e409cb,N/A,N/A,4525
c71e1e0c-780a-4d46-8b33-09aebbbcfcd8,0fb83496-463c-4123-97c6-669efe614d26,454817d3-3750-49c7-994c-14d06fd2c634,Žale,2481
4bd4913f-8597-4ea0-b219-4e9b15dcbb62,0334e79e-7a89-44e9-a463-5af813e64a40,48b163cd-b819-4849-aee1-8b1da77657ab,Šentvid,64
b4b7f450-4397-42d2-9d1e-39f786eecc2e,a0b1fb90-3f6a-4231-910a-18be192ac762,bc66f88b-1412-44cb-b921-030d27335261,Sneberje,15
d6ae97e7-23b5-48d6-a9fa-2a2624e9f434,f4c5028b-48a4-4d0e-a91c-81a858923ddd,295616c0-387b-4f60-a337-7743cd6be04e,Bavarski dvor,541
86a75ffc-a78f-401f-8991-2eb0371417b2,db046e79-c658-433c-8812-157fd965a9f6,c87db9be-1fba-4102-a743-0ee4317dd5af,Bavarski dvor,1515
391bf42a-68a3-400a-baea-0c708f327325,22ef2062-46f0-4a46-8d9a-6ceb7b7f45bc,5d7f28a6-2a2a-4333-aa06-48edfb652f86,Pošta,263
d7a59d1b-dfe1-4fbb-96fc-14443b077516,295616c0-387b-4f60-a337-7743cd6be04e,N/A,N/A,4525
b589ddd3-5a31-4fe1-915f-44347b4c0a1a,5fa77d25-e7a3-42db-8cc9-52b612d5de19,c87db9be-1fba-4102-a743-0ee4317dd5af,Bavarski dvor,1612
1505c6fe-6080-424e-98d1-24c312cfacf3,76ec8af8-07c2-4d44-b0d8-a439d381913f,295616c0-387b-4f60-a337-7743cd6be04e,Bavarski dvor,2214
48c9ec48-2b87-4945-a077-808839f98e74,ab4e1412-1ac4-4864-8833-c1ddf48bec20,c87db9be-1fba-4102-a743-0ee4317dd5af,Bavarski dvor,16
271db19a-744b-41a0-869d-0c3e0e2cb6bf,5293859e-2ea2-4ad3-9781-884672606464,295616c0-387b-4f60-a337-7743cd6be04e,Bavarski dvor,331
8512e1be-4637-483b-a3e6-78ccc6d2c5b1,07bad99d-070a-42f7-8766-d11d42152623,5d7f28a6-2a2a-4333-aa06-48edfb652f86,Pošta,443
b0d473cd-f35e-4a30-8d0d-70f16b92e8e8,106bdc28-f0fe-4f13-b4ad-6c6a630550b5,6182f8e8-c45e-4606-b4a4-d909bd44d2cc,Gornji trg,1502
10d57057-b305-4b7a-806b-3373014db962,d8ff7b2c-baf6-4a1a-97c5-0871b823caab,N/A,N/A,4525
f073b9d9-a3e3-4d04-a209-0db55377b79e,befe0e87-b5fe-41ff-9a77-f65461eff28d,a719a87c-4e93-4387-a6d1-2631a487f7e0,Ajdovščina,1741
184817a9-ca88-4c82-a40b-5768991da3df,bb606ad8-8a10-4034-9862-60cc177d2455,484b5c91-1220-43ba-af79-84e712fcc46b,Slovenija avto,985
d4c51b31-46fd-4da8-ba15-8068e666d483,b7834e14-7e86-4df5-83ce-006c93c31c00,717dda7e-d793-4697-8f60-b64ee8b1edc4,Gosposvetska,1631
cb05ea76-5fc1-4162-b432-a914b63604d0,f784b27a-1509-4eec-bd52-6beee2b9530b,a719a87c-4e93-4387-a6d1-2631a487f7e0,Ajdovščina,1151
8589e5d1-21b4-4210-ad7a-4bf91f9a715d,dfde6478-02b5-471b-a470-29cb0e84542f,e6f5183b-c615-4f47-b4fb-204ee070e825,Bežigrad,3216
97d3e896-2af7-40f9-bfbf-59cf3fcbf93a,ef31a8be-b01d-44cd-95cf-3db8e918af26,5d7f28a6-2a2a-4333-aa06-48edfb652f86,Pošta,376
43df2657-d56f-4fc4-8c40-49180cbbe90c,1c0ae078-cca7-40c8-aeda-1187a12ddfee,295616c0-387b-4f60-a337-7743cd6be04e,Bavarski dvor,1207
cddb3822-7daf-4cae-9cc3-6b191e81326b,9583dbdd-06fd-411e-88dd-af8f89e2caaa,7c149b59-2bc6-45cb-95c8-69e18a0db627,Rusjanov trg,3299
f4cfd904-bd11-4247-95df-32c4555a930f,0b6c7b97-410c-48fa-be23-430c316f9b10,a2ce7e6f-0f99-443a-a973-81a0b9c60261,Astra,531
a6fde748-bb91-465c-8665-20cbaed7df19,1ce1c3a8-e0f6-4f90-b1aa-1448759d8b3c,N/A,N/A,4525
b4b30b45-445a-4f70-bdf5-5ea7cdc98583,a769d1e9-8727-4190-b56c-5cdd8a49333d,c87db9be-1fba-4102-a743-0ee4317dd5af,Bavarski dvor,2298
7e780e7f-3665-4ec7-a910-eaf6e9d82551,91b76764-87af-4b90-89dd-60f0046f7cc0,c87db9be-1fba-4102-a743-0ee4317dd5af,Bavarski dvor,1111
f2bac6f5-5bbc-4f15-acdd-014d86770ce9,8d775324-59ca-429e-ad7e-8d522c52dbdd,N/A,N/A,4525
278a9d60-64c7-4bfa-aad0-24068aa760af,40fcc1b9-2c42-4db8-bd48-d431efc8a3fd,8c7fa045-888b-46d0-8189-6f82623bf481,Poljanska,238
5dcffe2a-1c73-4f7c-bdac-4084bb5201aa,eb669f04-cfb6-4ea4-90c9-26eb551ecb45,a719a87c-4e93-4387-a6d1-2631a487f7e0,Ajdovščina,134
0b90d258-764d-4c06-aab0-7074dbd54182,cc9cbd94-6da7-41ff-a728-cfd4b47dfcc0,c87db9be-1fba-4102-a743-0ee4317dd5af,Bavarski dvor,297
6bd46cb7-9e5d-453a-878a-bcc38fb2a5f2,1d62c3f1-903c-4350-a349-80c4573b3cdc,fef200e9-4d98-425b-ab14-8110e2aa85d7,Drama,2053
6459bd02-d8f8-413e-9402-10b916f09a4f,84578591-7543-4105-8465-9df30256360d,a0b1fb90-3f6a-4231-910a-18be192ac762,Flajšmanova,246
9cfac7e2-9653-4e52-a6d3-27756d27f817,278a9d60-64c7-4bfa-aad0-24068aa760af,f33b721f-a8a3-4aad-96f2-077da09ebaa6,Razstavišče,295
2fafda56-e44d-4e08-8503-90e6bf75e19d,8561e9fb-03e0-46f1-802d-b376d26a8ea5,a719a87c-4e93-4387-a6d1-2631a487f7e0,Ajdovščina,371
d7384760-d854-492d-87af-f342cab37fc1,6c773433-c487-49c5-a783-32c0e276ed7b,c87db9be-1fba-4102-a743-0ee4317dd5af,Bavarski dvor,2366
9e0942f3-2c18-4891-9b51-9d95cc43af7a,66012072-6b6b-4775-8001-0887d18e09a3,295616c0-387b-4f60-a337-7743cd6be04e,Bavarski dvor,3450
b4b7f450-4397-42d2-9d1e-39f786eecc2e,26ec9924-5586-4fd5-8b20-63f2d0a38d44,5de84f88-3f32-4636-8c30-03cc267ecf37,Podvozna pot,230
5d1e404b-1606-457e-8d2b-4e3e80139532,7558099b-08a3-43bc-8056-49bcc5900a03,295616c0-387b-4f60-a337-7743cd6be04e,Bavarski dvor,647
3f0c15b3-99bd-4c12-8f7a-df06c9536526,3429cda2-6047-453c-bf54-952dfa6674c0,1ce1c3a8-e0f6-4f90-b1aa-1448759d8b3c,Astra,3163
521edd75-c364-480a-af9e-a1c9815b6dd7,4afd573d-abb7-4209-9b28-5c34811eb3ef,N/A,N/A,4525
cd5497dc-20a4-40b3-9adf-b380de5d9f16,52e5adea-e194-4fc1-809c-1d6421f8f8db,769b7bc7-4f95-4bb2-9c99-37ba8e8b4bd5,D. MOST P+R,3509
4fddf4a7-ad4e-4630-a5ca-3267955db548,c0ff37c8-ac6c-4284-ad32-0ad29fd30dc2,cdabf1ea-b04c-480a-8359-72c46e6864ab,Bežigrad,1792
c8e0086c-0cef-4375-a471-72f3ae1e34fc,1dc99fbb-5496-4aab-a4b6-32e653ccc789,aa42017d-812a-4175-bc9b-0fec03b18931,Ambrožev trg,950
f8da5156-e545-47ed-a811-2242f41f5593,86a75ffc-a78f-401f-8991-2eb0371417b2,fef200e9-4d98-425b-ab14-8110e2aa85d7,Drama,2572
e2d3c37e-a7df-458e-9e5a-ea33ccf4c11b,8677848c-55dd-4af4-b275-3074a3ff4846,a2ce7e6f-0f99-443a-a973-81a0b9c60261,Astra,1033
e786b2df-34ed-4246-832e-7c3d538ac1f4,cad3370f-7a28-4a47-8d5a-187adab3ca21,6182f8e8-c45e-4606-b4a4-d909bd44d2cc,Gornji trg,30
24df120e-0d0c-4353-8dda-c7ef0dc3dd5c,8d775324-59ca-429e-ad7e-8d522c52dbdd,e6f5183b-c615-4f47-b4fb-204ee070e825,Bežigrad,1134
edf94a12-03e9-4225-b6cc-aca0edf588a7,216a26dc-11c2-432b-b099-0d55d508b7fa,a2ce7e6f-0f99-443a-a973-81a0b9c60261,Astra,3634
d8289ab1-f65d-4b3d-8b4b-55ada004f023,f2b27cbd-5207-4281-8f67-6369d0c50a9b,5d7f28a6-2a2a-4333-aa06-48edfb652f86,Pošta,1166
cec37fa8-0d4a-4e80-a259-2fa91b68463d,d987aa3a-ae4a-42f6-bc9b-79c41dcf055a,a719a87c-4e93-4387-a6d1-2631a487f7e0,Ajdovščina,836
03375155-45fb-4565-b392-2349fcb199ea,538ab00b-ee39-44e8-b5a4-62c2c6215bf6,5d7f28a6-2a2a-4333-aa06-48edfb652f86,Pošta,1778
03375155-45fb-4565-b392-2349fcb199ea,1f207e67-adf9-4da6-b107-3b58051d9990,f33b721f-a8a3-4aad-96f2-077da09ebaa6,Razstavišče,727
2e62f411-936d-4a10-96ed-2d8fe95d6d65,022ef61f-a226-42e8-b11d-30cf9f9a6688,5d7f28a6-2a2a-4333-aa06-48edfb652f86,Pošta,2738
48507e1a-32df-4552-9448-3b345760b75f,609f0950-bb8c-4eaf-a931-8575b8aff1ac,f33b721f-a8a3-4aad-96f2-077da09ebaa6,Razstavišče,1037
eee355cc-98a1-4f25-8bf9-0100856eda6e,67d66d40-e8ba-4bc0-a9cf-814dce3ccbea,c87db9be-1fba-4102-a743-0ee4317dd5af,Bavarski dvor,3599
10d57057-b305-4b7a-806b-3373014db962,7add6fa5-bfd5-4d9c-841b-d9856088ede9,ecc4ae87-ae08-4b94-995c-452fdd94df7f,Privoz,1291
da834a23-5697-49bb-b3a1-7f277c8206bc,6bd46cb7-9e5d-453a-878a-bcc38fb2a5f2,c87db9be-1fba-4102-a743-0ee4317dd5af,Bavarski dvor,1762
bd1396f2-4dc8-4695-9bf1-c601157100d8,7f45fe9c-917a-4571-9a74-9e940cd84f3c,N/A,N/A,4525
41489be9-b3b7-4cbe-90f8-af1a435b2676,37fc313d-1f45-49c9-9059-4f96f44a6682,aa42017d-812a-4175-bc9b-0fec03b18931,Ambrožev trg,917
9b4a7d21-709f-4462-b602-c77d975df9e7,da9650a3-6ec7-4cdb-95f2-a68851587dfc,N/A,N/A,4525
79d89180-8b07-4127-b7b4-1ac03d1cee9f,d2ff7ae5-59fc-4894-aa50-a7f16b5e3534,c87db9be-1fba-4102-a743-0ee4317dd5af,Bavarski dvor,71
785ad018-d0fe-4628-b188-15f6dc71b38e,ff1f708c-989e-4cc5-8e75-02717b5f9744,295616c0-387b-4f60-a337-7743cd6be04e,Bavarski dvor,243
ff8f71b7-06fe-47fe-8238-9af5ee1b1dfd,13ceaf6c-9650-45c3-b449-64a0e5094d18,c87db9be-1fba-4102-a743-0ee4317dd5af,Bavarski dvor,1869
7554bb81-1144-4263-999d-f6e358d808fe,8e7a488b-cd48-4243-92b0-42792d0e3bc1,a719a87c-4e93-4387-a6d1-2631a487f7e0,Ajdovščina,1320
3203d037-a222-4092-8dd6-e8dfcd49a2c9,0be53afd-2427-49b2-b70c-2ee3d89e9762,295616c0-387b-4f60-a337-7743cd6be04e,Bavarski dvor,948
ea9d5fa9-af5a-4d39-96fd-626415048511,a999f83e-4e6a-4ef9-9a10-e4a2c8a4a182,fef200e9-4d98-425b-ab14-8110e2aa85d7,Drama,900
712ee105-4fab-498a-af5c-496ca9830f5f,2bf898b0-1247-4e84-87e2-2e044e580c8f,379bc761-04b5-4227-be76-3b870fe3e69f,Pot na Fužine,1013
a8af1032-30bf-4f7b-a921-28d2f712fd24,2188a1bc-ce7a-4450-bd4f-871538578244,1ce1c3a8-e0f6-4f90-b1aa-1448759d8b3c,Astra,3463
3f0c15b3-99bd-4c12-8f7a-df06c9536526,3f01eb40-651e-4fad-aff9-2ee27f259f64,N/A,N/A,4525
f4c5028b-48a4-4d0e-a91c-81a858923ddd,ba0f81e5-dfec-49bb-8d6b-d52618338640,6182f8e8-c45e-4606-b4a4-d909bd44d2cc,Gornji trg,487
121b30dc-065b-4c76-aad2-a54a85c74d4d,41c8c7eb-62ef-45d8-b5b1-221dd3c0022c,5d7f28a6-2a2a-4333-aa06-48edfb652f86,Pošta,840
769b7bc7-4f95-4bb2-9c99-37ba8e8b4bd5,8512e1be-4637-483b-a3e6-78ccc6d2c5b1,fef200e9-4d98-425b-ab14-8110e2aa85d7,Drama,3910
da623aed-094d-4c3c-9766-9f0aba0f40f6,25ad5579-f6a0-4f35-a0c9-0678b41e9dde,484b5c91-1220-43ba-af79-84e712fcc46b,Slovenija avto,1355
b56664c0-1dc1-42c5-b10b-52c3fb0dd042,7554bb81-1144-4263-999d-f6e358d808fe,fef200e9-4d98-425b-ab14-8110e2aa85d7,Drama,330
56dbd8ff-6ec8-4186-b46c-f74ddb5a304a,30131bc3-a0f7-4cfc-9e4d-552b325c0ba7,9cfac7e2-9653-4e52-a6d3-27756d27f817,Kino Šiška,1643
233daca5-913b-4e10-bf34-18b1c8c77019,023d7b7a-b411-4e61-8746-b07f9e5c8f90,592b37eb-8255-4758-ae8a-7cef98521013,Rogovilc,1109
6a774daa-3547-4128-b304-aa2d17d4391a,a112e799-e1b6-4dd2-b652-bd521dda7638,fef200e9-4d98-425b-ab14-8110e2aa85d7,Drama,464
bf990a3a-96e9-42b7-9147-33e85bd24c05,bea9f247-4e88-4d7c-9387-8cd9342acb8c,295616c0-387b-4f60-a337-7743cd6be04e,Bavarski dvor,196
8fc42c89-96e2-4c69-a2b4-44d505f27ce9,69f98a9c-d52d-423a-b44e-89b6320a7a88,8c7fa045-888b-46d0-8189-6f82623bf481,Poljanska,2365
47283e27-c588-411c-9303-30a6f0beeaef,075a6b29-66cb-409f-89fe-37d50669eff4,98fa3880-5936-4ec8-ba04-39c7ff9a0e6a,Stara cerkev,497
117abbb4-5575-4020-aac4-2048f8d34b50,cf22c7c2-776f-4bd7-ae1a-dc4f25983c19,fef200e9-4d98-425b-ab14-8110e2aa85d7,Drama,1529
94c6598b-7303-42e1-94d5-156d7a25f630,9b4a7d21-709f-4462-b602-c77d975df9e7,a719a87c-4e93-4387-a6d1-2631a487f7e0,Ajdovščina,185
2beb7011-982a-4349-be22-addf1c3bdec7,7eb88e01-82e9-4af4-84d0-69c6ea9dc82c,c87db9be-1fba-4102-a743-0ee4317dd5af,Bavarski dvor,3259
66a82f60-b1d1-4251-a715-178300014f18,184817a9-ca88-4c82-a40b-5768991da3df,fef200e9-4d98-425b-ab14-8110e2aa85d7,Drama,1836
5560d06d-4058-473e-abba-099b05d7cf07,2188a1bc-ce7a-4450-bd4f-871538578244,f4cfd904-bd11-4247-95df-32c4555a930f,Klinični center,2358
a7af0c5d-2297-40e2-a6e0-506f6aadba0a,ca8cbe57-95dc-4326-9c06-b60a87b981b1,5d7f28a6-2a2a-4333-aa06-48edfb652f86,Pošta,1956
cf94d70f-d211-4625-9037-014514562aa9,acd87210-4e04-49b4-884b-1fe11c453bf4,N/A,N/A,4525
59d96e2c-3ee3-4581-840a-3ddaf0003743,bff8345d-1b72-4b41-8b8d-cb8a5483a2e4,5d7f28a6-2a2a-4333-aa06-48edfb652f86,Pošta,1125
94712446-2421-4304-b4f1-3b3f82998713,117abbb4-5575-4020-aac4-2048f8d34b50,f33b721f-a8a3-4aad-96f2-077da09ebaa6,Razstavišče,1225
117abbb4-5575-4020-aac4-2048f8d34b50,7fdce743-a4be-44d7-8658-0a259a18ad30,fef200e9-4d98-425b-ab14-8110e2aa85d7,Drama,3285
717c914e-f928-4671-95f6-26c1ddb95799,47a3bd8a-72ae-4e20-b43f-10bfaf49012c,8598b85d-3e1d-4767-b72f-0c209038841f,Štepanja vas,130
4062cd22-b67a-4235-9980-0178b7add592,7558099b-08a3-43bc-8056-49bcc5900a03,a0b1fb90-3f6a-4231-910a-18be192ac762,Flajšmanova,2347
4682c5fd-08cb-4af1-a3e2-6f1ee880a52d,249f3d10-f5f0-467b-8f60-f35fd62d9054,a2ce7e6f-0f99-443a-a973-81a0b9c60261,Astra,617
32ff2d5b-61ae-415b-941b-aeb1be1b5052,e74131c6-ac2f-477b-9693-10bb5ab9f24b,N/A,N/A,4525
6bc92f4c-414c-456b-9150-d58a7689d26e,3d9e90f6-2b67-4f24-9cc4-7c2063a08410,484b5c91-1220-43ba-af79-84e712fcc46b,Slovenija avto,149
3edd6057-3847-4c42-b8ec-6e89ff95793a,2f18bcfa-6189-4de4-b06f-132d3392e7d6,5d7f28a6-2a2a-4333-aa06-48edfb652f86,Pošta,3273
7d003bd3-5fae-4076-b952-9f734651720f,84578591-7543-4105-8465-9df30256360d,717dda7e-d793-4697-8f60-b64ee8b1edc4,Gosposvetska,172
12cfc2b3-f8ff-444b-8d5f-15855e45e331,5c8bdb89-116a-4d5d-9db1-9be443070380,f4cfd904-bd11-4247-95df-32c4555a930f,Klinični center,1023
cee2862b-9b70-4880-8fa3-16c6d2efae1b,1cc5f00f-c982-4016-8553-40a3da4f36ad,eb165f50-9c43-4b09-9658-469a16d3dc83,Kodeljevo,1639
ed50f692-09f9-409e-b7d6-05ff7711de6b,83a62071-0161-47a2-b745-eafb5e945632,484b5c91-1220-43ba-af79-84e712fcc46b,Slovenija avto,1049
34f3ddda-e732-4b53-bfb2-8773b5cd6eac,e2d3c37e-a7df-458e-9e5a-ea33ccf4c11b,592b37eb-8255-4758-ae8a-7cef98521013,Rogovilc,1815
306dcdea-b1ce-4357-ba5e-fa82293630df,9143c575-806f-4ba0-81bc-8199f0b0b4d0,5d7f28a6-2a2a-4333-aa06-48edfb652f86,Pošta,849
9a1c4c65-df77-481f-87ad-56143f02a864,410b424b-5f4d-4137-bc20-7d1f328540a3,093afa81-b65f-4182-bac3-afbc00558a9b,Koseze,1724
9f6048f0-5c5e-4773-915e-4ee05d200e27,c124f317-217b-4b89-9597-393843de4f81,379bc761-04b5-4227-be76-3b870fe3e69f,Pot na Fužine,4058
093afa81-b65f-4182-bac3-afbc00558a9b,9afb36ea-c2ae-4bbb-9644-3a6c65bb1c7d,aa42017d-812a-4175-bc9b-0fec03b18931,Ambrožev trg,3641
712ee105-4fab-498a-af5c-496ca9830f5f,c326e479-ccc3-4915-8788-3fa189d0143e,5d7f28a6-2a2a-4333-aa06-48edfb652f86,Pošta,1555
b47eac47-d897-4ba7-ab06-8e642cc8efe8,4abe5e63-5707-4ef0-acda-ab2c52749afe,c87db9be-1fba-4102-a743-0ee4317dd5af,Bavarski dvor,752
7a52a73a-cc0e-4c61-b9bc-306157727e1c,f4c5028b-48a4-4d0e-a91c-81a858923ddd,88cdd36c-03d2-4374-a22f-110dd9f75ea0,Kajuhova,912
a9796806-8cd3-4b76-bf8c-4340aec35c9e,717c914e-f928-4671-95f6-26c1ddb95799,a719a87c-4e93-4387-a6d1-2631a487f7e0,Ajdovščina,2894
0be53afd-2427-49b2-b70c-2ee3d89e9762,2beb7011-982a-4349-be22-addf1c3bdec7,a719a87c-4e93-4387-a6d1-2631a487f7e0,Ajdovščina,734
eefb30b4-8049-4128-89f5-bb359b1c93b0,8677848c-55dd-4af4-b275-3074a3ff4846,5d7f28a6-2a2a-4333-aa06-48edfb652f86,Pošta,964
452f2b51-98fb-4a7c-bb0a-44577eb5e12b,47252dc3-dbd8-43df-898b-0a3fb27ffc93,9cfac7e2-9653-4e52-a6d3-27756d27f817,Kino Šiška,223
5560d06d-4058-473e-abba-099b05d7cf07,f2bac6f5-5bbc-4f15-acdd-014d86770ce9,c87db9be-1fba-4102-a743-0ee4317dd5af,Bavarski dvor,668
d9224caa-d582-4152-88e0-be720677fe16,39650ca1-d08c-4645-ac1a-6aed84eb45c5,717dda7e-d793-4697-8f60-b64ee8b1edc4,Gosposvetska,436
70c51140-f3ee-4c89-a6e2-ed74dab89148,339ec74c-f45b-4f23-98b8-7ac67486ff6d,484b5c91-1220-43ba-af79-84e712fcc46b,Slovenija avto,202
41c8c7eb-62ef-45d8-b5b1-221dd3c0022c,c0fb12dd-8cab-40da-a3aa-e8de9c6d09ed,N/A,N/A,4525
f0661242-947b-4937-a9ce-d2a135cd62a7,9746f277-af08-4cce-92fa-41da5eca8ac2,1e157c31-d34d-4c2e-91b4-8c000c88f6dd,Kardeljeva ploščad,2480
aa113271-655f-423f-ad7e-4cfaba2eb739,f1b7471e-db71-49da-846d-1232cb3e8f8f,6459bd02-d8f8-413e-9402-10b916f09a4f,7. septembra,701
1b3dce90-170f-4176-b47b-2b50b9407e82,f07c916c-6fc6-4acf-a334-0ab0d3c4f57f,c87db9be-1fba-4102-a743-0ee4317dd5af,Bavarski dvor,628
ef4a63e8-d956-4f09-80bd-8e4699418652,7ba233b7-a50a-497d-8135-dd8dabf93ff5,N/A,N/A,4525
67c3adc1-a92d-4528-91ee-77d8b52574c6,a2947722-2e6f-48dd-9c31-ff36356676fa,a719a87c-4e93-4387-a6d1-2631a487f7e0,Ajdovščina,3025
e57aad1d-457e-401f-b26d-306b4fd836eb,67c3adc1-a92d-4528-91ee-77d8b52574c6,c87db9be-1fba-4102-a743-0ee4317dd5af,Bavarski dvor,2415
d9df1ba3-6820-4fcb-b561-9cb7a60dd463,70231f13-be88-4e3a-a89a-5b4f436984d2,c87db9be-1fba-4102-a743-0ee4317dd5af,Bavarski dvor,1669
c6c83930-96af-4cbe-93bf-072a618502a4,7c37b809-4d6d-497c-a53d-38663e91c088,a719a87c-4e93-4387-a6d1-2631a487f7e0,Ajdovščina,370
9b85d4b0-c594-4e0e-9ce2-d0986256c270,39650ca1-d08c-4645-ac1a-6aed84eb45c5,a0b1fb90-3f6a-4231-910a-18be192ac762,Flajšmanova,1464
023d7b7a-b411-4e61-8746-b07f9e5c8f90,26d86ffa-b8df-49aa-a9c0-5fa7d3cfba77,5d7f28a6-2a2a-4333-aa06-48edfb652f86,Pošta,572
eb11d52f-300b-4648-a2e8-ed03db9ff7e2,d7d43617-ef41-4f9e-bbad-670d515d926a,N/A,N/A,4525
b5e26d7f-8a91-4360-9811-2e8e05d27382,d7384760-d854-492d-87af-f342cab37fc1,ac3afe7d-a2b3-4d5d-9e6a-1d2412a3bc70,Litostrojska,40
6edebb46-d04f-45c4-99a4-100f7f0b2660,505865ea-cdea-4042-bdb2-b2f4f03889cb,fef200e9-4d98-425b-ab14-8110e2aa85d7,Drama,142
15af3c66-ad74-4f41-92f7-92e2ff72a51d,32abc648-685c-47b0-bbc4-203371ec2699,88cdd36c-03d2-4374-a22f-110dd9f75ea0,Kajuhova,2545
e6f5183b-c615-4f47-b4fb-204ee070e825,100da88e-4c5f-4188-bd11-d4f3fc80fb74,98fa3880-5936-4ec8-ba04-39c7ff9a0e6a,Stara cerkev,142
5f6cb902-b824-4961-9ac2-75cf44a47055,1d62c3f1-903c-4350-a349-80c4573b3cdc,fef200e9-4d98-425b-ab14-8110e2aa85d7,Drama,212
d5961b09-f5e8-4a0b-9bbb-2515ff0a8376,0eca6015-5429-4289-a76c-4ec9ef707e67,a719a87c-4e93-4387-a6d1-2631a487f7e0,Ajdovščina,370
eb11d52f-300b-4648-a2e8-ed03db9ff7e2,397418bc-78a7-45c9-b5cf-374fe21cee11,N/A,N/A,4525
f174a648-9e84-492d-9ccd-0756b49c773b,a2b5023d-5ce8-420f-ad2a-b61c7a1902a8,c5ec5e81-2ce4-452d-bd7a-595de4f8b34f,Prušnikova,245
e9382efd-d64d-46b0-9a7d-a4e6a0188725,ea9d5fa9-af5a-4d39-96fd-626415048511,fef200e9-4d98-425b-ab14-8110e2aa85d7,Drama,1829
b589ddd3-5a31-4fe1-915f-44347b4c0a1a,3d9e90f6-2b67-4f24-9cc4-7c2063a08410,f4cfd904-bd11-4247-95df-32c4555a930f,Klinični center,215
ee3713fe-016c-47eb-96d1-f760c9d19010,d50b2bdb-481b-4e58-ada6-47a028fc6382,9cfac7e2-9653-4e52-a6d3-27756d27f817,Kino Šiška,1712
a5eb15d2-f0cb-46a6-b888-6a9aad6bc5b6,156a6f62-9a67-4cf0-ad56-85a343c77cd2,454817d3-3750-49c7-994c-14d06fd2c634,Žale,3289
397418bc-78a7-45c9-b5cf-374fe21cee11,66eec6a2-dfde-4d98-b690-e47f200367fd,295616c0-387b-4f60-a337-7743cd6be04e,Bavarski dvor,530
2c87f988-902b-4b35-91da-5437a58759f5,fef200e9-4d98-425b-ab14-8110e2aa85d7,9a1c4c65-df77-481f-87ad-56143f02a864,Vižmarje,817
9cc88862-270a-409a-b450-e0003c7930af,7d1d9e60-8a7d-4e50-86e5-f3a42a99d837,N/A,N/A,4525
eefb30b4-8049-4128-89f5-bb359b1c93b0,4b847ac2-4c41-4fc1-a497-9ce4deaab8b1,a719a87c-4e93-4387-a6d1-2631a487f7e0,Ajdovščina,1132
1b27d65a-1008-4bc9-928e-f6cb43b03804,35aedf45-cca3-4f2f-931b-138d29d20fe9,769b7bc7-4f95-4bb2-9c99-37ba8e8b4bd5,D. MOST P+R,742
6e7cab20-d7e3-474f-9a5e-f1e0ca6fae53,219086ca-bdcb-4092-bd82-3d372b9b73ce,db13a26e-19d4-4b8a-a78a-01ef25d58834,Ježica,981
41c8c7eb-62ef-45d8-b5b1-221dd3c0022c,51e04e1d-9ea1-432d-8b79-09e6c2a7be7b,fef200e9-4d98-425b-ab14-8110e2aa85d7,Drama,409
5c8bdb89-116a-4d5d-9db1-9be443070380,4ca7ae7e-380b-45e3-81de-00ffab5bb531,c87db9be-1fba-4102-a743-0ee4317dd5af,Bavarski dvor,3347
4bd4913f-8597-4ea0-b219-4e9b15dcbb62,ba59baf4-dd00-40a5-80e7-3eee6b9d8b09,7bcbdcaa-00b9-47d4-8982-09da26cd7bcb,Zaloška,3343
22ef2062-46f0-4a46-8d9a-6ceb7b7f45bc,b589ddd3-5a31-4fe1-915f-44347b4c0a1a,f33b721f-a8a3-4aad-96f2-077da09ebaa6,Razstavišče,138
5a2def68-fa57-4002-a942-e39bc2a87688,b2dd1684-0848-40f7-b10e-8f74bb005f2f,N/A,N/A,4525
e82569a6-73f3-4002-b7b5-0f83ee167535,05bd4cbd-b014-4cfd-8ca9-3c82b0a59114,295616c0-387b-4f60-a337-7743cd6be04e,Bavarski dvor,330
105e10e7-fbab-4f99-94c9-178c25630b42,a1795ee0-9147-4a5c-bb11-f60a809f690e,N/A,N/A,4525
b60d686c-3b89-447c-93f6-2837d9af3d02,b829062a-2644-4350-b998-74522d9e85d8,cdabf1ea-b04c-480a-8359-72c46e6864ab,Bežigrad,935
6182f8e8-c45e-4606-b4a4-d909bd44d2cc,76f20fbf-afc4-4c7d-b51c-14f0878b38d8,295616c0-387b-4f60-a337-7743cd6be04e,Bavarski dvor,1093
d3a6cbf3-65f0-4db8-9a10-1460763eac8e,fcccf4af-4f16-4edc-ba5a-585c434593fe,a719a87c-4e93-4387-a6d1-2631a487f7e0,Ajdovščina,3353
3f0c15b3-99bd-4c12-8f7a-df06c9536526,65e92ecc-800d-4962-a8bc-0f50f1107a5b,fef200e9-4d98-425b-ab14-8110e2aa85d7,Drama,2602
f0661242-947b-4937-a9ce-d2a135cd62a7,9c57d59a-53f8-4a16-b279-2ab1745ea230,c87db9be-1fba-4102-a743-0ee4317dd5af,Bavarski dvor,608
6d2a7c2e-5938-433e-a691-b9bc28767675,34afe7f1-2d09-487f-983f-19c7dd5dae82,c22879e5-8e90-4540-9a74-5f139208e492,Friškovec,1601
26d86ffa-b8df-49aa-a9c0-5fa7d3cfba77,ff1f708c-989e-4cc5-8e75-02717b5f9744,fef200e9-4d98-425b-ab14-8110e2aa85d7,Drama,3942
6340ea93-391e-45b9-94b0-56d1d7c87e20,184817a9-ca88-4c82-a40b-5768991da3df,8c7fa045-888b-46d0-8189-6f82623bf481,Poljanska,516
9cfac7e2-9653-4e52-a6d3-27756d27f817,93928408-7b36-41f9-9b62-fec53e14b4e2,f33b721f-a8a3-4aad-96f2-077da09ebaa6,Razstavišče,2454
d06c6c8a-c136-4b7a-9c13-b26ba0c04029,1d62c3f1-903c-4350-a349-80c4573b3cdc,fef200e9-4d98-425b-ab14-8110e2aa85d7,Drama,3948
ba846253-4c87-4120-8f1c-05a563bf3999,4a74b966-4fbf-41ab-8e1b-276f3f14fc49,5d7f28a6-2a2a-4333-aa06-48edfb652f86,Pošta,1358
acedfed0-a3ba-4fa3-8cd6-910783961f0a,25cde952-4896-4977-b229-75e09b3e3661,fef200e9-4d98-425b-ab14-8110e2aa85d7,Drama,2171
ba59baf4-dd00-40a5-80e7-3eee6b9d8b09,a1406782-3114-407c-8e35-35bcf5a1234b,484b5c91-1220-43ba-af79-84e712fcc46b,Slovenija avto,2008
9e0942f3-2c18-4891-9b51-9d95cc43af7a,2f874852-bc80-4ff3-b6bf-a914e31251c8,fef200e9-4d98-425b-ab14-8110e2aa85d7,Drama,1259
d119c3e9-7f2c-4d40-97a4-ccc6b4bb2951,2e62f411-936d-4a10-96ed-2d8fe95d6d65,f33b721f-a8a3-4aad-96f2-077da09ebaa6,Razstavišče,1598
e97befb6-5dc6-4603-ad5e-3aa96b4b2221,edc8bf1d-d4f1-4c5b-8112-e4fa71a02bae,a719a87c-4e93-4387-a6d1-2631a487f7e0,Ajdovščina,4353
dba19980-8ca1-4847-b9b5-8cd419374ae2,e9d9f622-7394-4c5c-9031-a41855a64aa7,N/A,N/A,4525
dfde6478-02b5-471b-a470-29cb0e84542f,8512e1be-4637-483b-a3e6-78ccc6d2c5b1,769b7bc7-4f95-4bb2-9c99-37ba8e8b4bd5,D. MOST P+R,727
f174a648-9e84-492d-9ccd-0756b49c773b,912792ae-7f7e-4295-8064-38ea96a5dc4a,N/A,N/A,4525
30e58784-86f6-4d93-8630-3cc3fc93c6f3,ba2b16a8-1273-45d2-8758-47b9694df9a6,717dda7e-d793-4697-8f60-b64ee8b1edc4,Gosposvetska,2446
5560d06d-4058-473e-abba-099b05d7cf07,3a50f545-2fe2-45a0-8ed6-01635603efed,fef200e9-4d98-425b-ab14-8110e2aa85d7,Drama,279
48507e1a-32df-4552-9448-3b345760b75f,192b7b6a-b138-4569-a4f3-86bef6b20810,f4cfd904-bd11-4247-95df-32c4555a930f,Klinični center,354
36d25599-0bed-48a0-bcb4-134be8a959fe,d4c51b31-46fd-4da8-ba15-8068e666d483,454817d3-3750-49c7-994c-14d06fd2c634,Žale,572
cee2862b-9b70-4880-8fa3-16c6d2efae1b,70231f13-be88-4e3a-a89a-5b4f436984d2,fef200e9-4d98-425b-ab14-8110e2aa85d7,Drama,980
aaedd82f-0c53-425d-92cf-96e50bd20518,46a50a09-9bae-460b-a7b6-457d288c5a9f,N/A,N/A,4525
ab624858-605d-48c6-a660-d54c2e037a91,70c51140-f3ee-4c89-a6e2-ed74dab89148,N/A,N/A,4525
698551c1-7bb2-4f7e-9701-23b7667e8594,39b60288-c9ac-4bc2-825b-524dec52182d,N/A,N/A,4525
e333d90d-3eef-4d82-9e00-ebe693e2f389,3cb0ccbb-9b91-4d71-bd27-2acef732be4c,3c6ebf90-c611-4535-b2b0-22fba3f7649a,Štajerska,1436
9741988b-6723-480b-a419-8db7490d667a,1d62c3f1-903c-4350-a349-80c4573b3cdc,7fad8003-fb10-489d-bf8d-6d433310ad90,Nove Jarše,1977
28248670-5e08-4de2-8eab-e63933c0d61d,2a7d32ca-24a1-41ac-a273-0cbcdec59336,717dda7e-d793-4697-8f60-b64ee8b1edc4,Gosposvetska,506
7f45fe9c-917a-4571-9a74-9e940cd84f3c,3f996624-8134-4eec-9742-70111db659c1,484b5c91-1220-43ba-af79-84e712fcc46b,Slovenija avto,427
db9f7130-0bc2-4f3e-b8cd-07cfe96b1f8f,a2f479c6-4c21-4923-b4ac-86f752507cee,N/A,N/A,4525
0c5f69a6-97c7-4053-bc0b-3f09dbf72f46,29096931-9d98-487f-bd0a-b0767611e561,b59656a4-b6e7-4b87-977c-078c59088a50,Hajdrihova,1076
f784b27a-1509-4eec-bd52-6beee2b9530b,47a3bd8a-72ae-4e20-b43f-10bfaf49012c,a719a87c-4e93-4387-a6d1-2631a487f7e0,Ajdovščina,389
e6f5183b-c615-4f47-b4fb-204ee070e825,2d42d8e2-26a8-4a74-809c-f436d05c8a54,295616c0-387b-4f60-a337-7743cd6be04e,Bavarski dvor,2279
824255dc-9be8-4f7b-9b69-2bd4e5a3fc27,ca575a45-9c95-4348-9245-8c75f70130b3,N/A,N/A,4525
96d4c75b-6452-4c70-a31e-c234262ba38b,0c3a77a7-d9eb-45c7-b722-1fafde29129c,fef200e9-4d98-425b-ab14-8110e2aa85d7,Drama,1724
22ef2062-46f0-4a46-8d9a-6ceb7b7f45bc,2154edb8-16e2-4334-8878-9e38abcdf06a,fef200e9-4d98-425b-ab14-8110e2aa85d7,Drama,428
baab981f-b707-4b2e-8291-6175f7ceb255,30c30bf5-75c4-4dc0-995f-4679ef54d37c,f33b721f-a8a3-4aad-96f2-077da09ebaa6,Razstavišče,3884
17f7d178-41b3-41f9-a545-cbfc22a0a5f1,2ec182e2-769f-427f-b9b5-c4118890cb96,c87db9be-1fba-4102-a743-0ee4317dd5af,Bavarski dvor,675
62b17644-b4a6-412f-9e03-79bbaf339717,52e5d1c1-28c9-4ed2-b0ec-5bf7311be753,a719a87c-4e93-4387-a6d1-2631a487f7e0,Ajdovščina,1249
a6fde748-bb91-465c-8665-20cbaed7df19,6a0b25cc-428e-47b5-831a-e89facfa7f26,N/A,N/A,4525
595ee2ab-3022-469d-a3e1-0c87d7dfb14d,1a1ee974-5091-4fa7-96a2-0c2508892aa3,ecc4ae87-ae08-4b94-995c-452fdd94df7f,Privoz,3207
1c214818-5471-4d2a-a7b2-33464ffacdad,f414efd9-d697-4bbe-abb6-c9e09fd73514,N/A,N/A,4525
3febe187-31d6-4229-be07-78ff782ca972,f073b9d9-a3e3-4d04-a209-0db55377b79e,c87db9be-1fba-4102-a743-0ee4317dd5af,Bavarski dvor,731
f088dbda-3ab0-43c5-bcdf-c727725c05be,896f7627-7c1c-4742-a40a-6aadb85fe206,c87db9be-1fba-4102-a743-0ee4317dd5af,Bavarski dvor,624
505865ea-cdea-4042-bdb2-b2f4f03889cb,db9f7130-0bc2-4f3e-b8cd-07cfe96b1f8f,6182f8e8-c45e-4606-b4a4-d909bd44d2cc,Gornji trg,924
548a85bd-f15f-427b-ad90-43cb50e9e31a,e9d9f622-7394-4c5c-9031-a41855a64aa7,c87db9be-1fba-4102-a743-0ee4317dd5af,Bavarski dvor,197
5ddf10c0-90a5-4dbf-992c-23c0505674aa,9a938b49-ce1d-4e1c-a789-e316630ebc4f,c87db9be-1fba-4102-a743-0ee4317dd5af,Bavarski dvor,416
1d7af067-e43b-4a98-953c-75f1b267d9ce,36c4949b-403b-4a76-87e3-d67f51d655ef,484b5c91-1220-43ba-af79-84e712fcc46b,Slovenija avto,48
98239279-bb80-4070-965c-dc87525019e2,6d2a7c2e-5938-433e-a691-b9bc28767675,295616c0-387b-4f60-a337-7743cd6be04e,Bavarski dvor,2907
b5400e28-b0c3-4a02-9da2-084c465bd1d3,e2499103-6634-4d8e-87a8-68dc5ef6340c,717dda7e-d793-4697-8f60-b64ee8b1edc4,Gosposvetska,2254
9b0074d2-2c92-4c01-830b-00be8e05b412,81a7167c-7913-442e-96c5-20dc6e25d74b,717dda7e-d793-4697-8f60-b64ee8b1edc4,Gosposvetska,986
339ec74c-f45b-4f23-98b8-7ac67486ff6d,311a0b74-0787-484b-b414-8adf1cd4cf58,a719a87c-4e93-4387-a6d1-2631a487f7e0,Ajdovščina,364
2e62f411-936d-4a10-96ed-2d8fe95d6d65,6559d555-672b-4633-8a81-0ae68fb963eb,f33b721f-a8a3-4aad-96f2-077da09ebaa6,Razstavišče,681
5c38ad77-8124-42b3-810f-04703daec8b4,ea80411c-360d-4a33-861c-6533a1d67eef,a719a87c-4e93-4387-a6d1-2631a487f7e0,Ajdovščina,4484
754e8f1f-a5ba-4281-8f31-fb3357744cd2,ba59baf4-dd00-40a5-80e7-3eee6b9d8b09,484b5c91-1220-43ba-af79-84e712fcc46b,Slovenija avto,1471
c5527a65-5265-43de-b703-7c7d494d190c,452f2b51-98fb-4a7c-bb0a-44577eb5e12b,f33b721f-a8a3-4aad-96f2-077da09ebaa6,Razstavišče,4277
5fe363f3-8297-448b-bde3-08f690c92d1b,91fb6c6e-49cf-49d3-97d4-6ae228f9bfa1,769b7bc7-4f95-4bb2-9c99-37ba8e8b4bd5,D. MOST P+R,3289
1c8efa00-4587-4efc-a10d-794e9d885857,e97befb6-5dc6-4603-ad5e-3aa96b4b2221,N/A,N/A,4525
feb89b92-366d-4f50-a509-40c7baba8cf0,52c437c8-73ae-4db5-ac31-8e7cf5104826,N/A,N/A,4525
9c3d9f7c-69df-4a48-8f1a-d25e7a922ac3,363564a6-9938-4bf5-8928-1cd191e9c2ef,f33b721f-a8a3-4aad-96f2-077da09ebaa6,Razstavišče,896
54c591c0-7bbb-4489-9229-57b18f95827a,2bf898b0-1247-4e84-87e2-2e044e580c8f,c87db9be-1fba-4102-a743-0ee4317dd5af,Bavarski dvor,960
eba0daca-3696-4f72-a1dd-5f7b5fd02a63,aee8e842-6083-48a7-b14f-cc3d112537bb,N/A,N/A,4525
e2d3c37e-a7df-458e-9e5a-ea33ccf4c11b,c969f066-aab5-466d-b4db-48e651a4a12e,295616c0-387b-4f60-a337-7743cd6be04e,Bavarski dvor,687
ab0d4ded-a428-4133-a6c8-0f2caac0a5ae,6e7cab20-d7e3-474f-9a5e-f1e0ca6fae53,fef200e9-4d98-425b-ab14-8110e2aa85d7,Drama,81
cb05ea76-5fc1-4162-b432-a914b63604d0,075a6b29-66cb-409f-89fe-37d50669eff4,b59656a4-b6e7-4b87-977c-078c59088a50,Hajdrihova,998
f1bc11ca-7516-447a-b826-7051c5306af7,94c6598b-7303-42e1-94d5-156d7a25f630,fef200e9-4d98-425b-ab14-8110e2aa85d7,Drama,162
9a1c4c65-df77-481f-87ad-56143f02a864,d5d15a80-243b-49d7-a616-b3c3fb39e8af,5d7f28a6-2a2a-4333-aa06-48edfb652f86,Pošta,3020
c22879e5-8e90-4540-9a74-5f139208e492,111b2cdc-67ca-47bc-a8eb-8a4c6a0674d9,f2b27cbd-5207-4281-8f67-6369d0c50a9b,Kodrova,3477
91b76764-87af-4b90-89dd-60f0046f7cc0,c87db9be-1fba-4102-a743-0ee4317dd5af,f33b721f-a8a3-4aad-96f2-077da09ebaa6,Razstavišče,280
a4545f57-dab0-4ca0-9da3-5bc96d80f104,3f0c15b3-99bd-4c12-8f7a-df06c9536526,a719a87c-4e93-4387-a6d1-2631a487f7e0,Ajdovščina,740
d07152fd-014c-481b-a5f2-8949066499e8,86a75ffc-a78f-401f-8991-2eb0371417b2,N/A,N/A,4525
0810f07b-94d6-442f-b10d-bf8210c4ed47,d119c3e9-7f2c-4d40-97a4-ccc6b4bb2951,454817d3-3750-49c7-994c-14d06fd2c634,Žale,1485
7f45fe9c-917a-4571-9a74-9e940cd84f3c,7c37b809-4d6d-497c-a53d-38663e91c088,5d7f28a6-2a2a-4333-aa06-48edfb652f86,Pošta,600
59faa0f0-34b1-47cd-ba3a-3b6f0d684c00,7fad8003-fb10-489d-bf8d-6d433310ad90,a0e0a21b-b8ce-4d76-bbc2-04e179367fee,Šola Jarše,246
9746f277-af08-4cce-92fa-41da5eca8ac2,f1fd2bad-eba9-4046-a7b9-34e8d1d423f5,c87db9be-1fba-4102-a743-0ee4317dd5af,Bavarski dvor,1896
21a5f1e3-8ac0-4023-95ca-0a3ff54099aa,1b3dce90-170f-4176-b47b-2b50b9407e82,a719a87c-4e93-4387-a6d1-2631a487f7e0,Ajdovščina,2024
87415b6b-7e7f-4b82-b78f-ef1a7db85282,61485a1f-73a8-4dac-bcc7-6e4e53eb4b0f,a2ce7e6f-0f99-443a-a973-81a0b9c60261,Astra,459
c22879e5-8e90-4540-9a74-5f139208e492,727cab27-5e8e-4c5e-ba27-449822a45ee7,fef200e9-4d98-425b-ab14-8110e2aa85d7,Drama,1262
81f21fc1-3bd2-4d2a-b563-2d063479c68e,d9df365b-7e54-4d22-b2e9-3b548d48ad59,a719a87c-4e93-4387-a6d1-2631a487f7e0,Ajdovščina,643
bf990a3a-96e9-42b7-9147-33e85bd24c05,2bf898b0-1247-4e84-87e2-2e044e580c8f,N/A,N/A,4525
3c143688-247f-41cc-960d-f5e37b874c3a,e73c7113-cb4a-4cd5-8df9-ffc5fd86590a,88cdd36c-03d2-4374-a22f-110dd9f75ea0,Kajuhova,1700
a2f479c6-4c21-4923-b4ac-86f752507cee,a33e6b1f-de56-43aa-9a52-f7064636ab79,N/A,N/A,4525
ee095f27-439e-42e7-9e5c-e77b0903c31f,bb606ad8-8a10-4034-9862-60cc177d2455,7bcbdcaa-00b9-47d4-8982-09da26cd7bcb,Zaloška,3856
923bd774-0651-4e0a-8624-3acfb7ecd5ff,08506f21-8675-4972-a359-ba9412a1da49,c87db9be-1fba-4102-a743-0ee4317dd5af,Bavarski dvor,1228
f5d8583f-6e9d-4996-b803-74bf3cd0b602,1cc5f00f-c982-4016-8553-40a3da4f36ad,38b3abed-0592-407b-96c3-85a026f2e192,Dalmatinova,66
1b0f629f-acdb-4e94-8c54-018f4334ebf7,bff8345d-1b72-4b41-8b8d-cb8a5483a2e4,295616c0-387b-4f60-a337-7743cd6be04e,Bavarski dvor,484
245bb1a4-ea6e-45b4-8331-b50983655326,ca8cbe57-95dc-4326-9c06-b60a87b981b1,f33b721f-a8a3-4aad-96f2-077da09ebaa6,Razstavišče,1212
f4e99ece-e89e-4322-80c6-5a91df65f64e,0eca6015-5429-4289-a76c-4ec9ef707e67,295616c0-387b-4f60-a337-7743cd6be04e,Bavarski dvor,3113
2e62f411-936d-4a10-96ed-2d8fe95d6d65,2838f674-f6e9-4eb5-a99c-1d0ac7903ca1,aa42017d-812a-4175-bc9b-0fec03b18931,Ambrožev trg,1549
6bd46cb7-9e5d-453a-878a-bcc38fb2a5f2,0be237aa-4b91-4d2b-ac23-0cebac975a0d,fef200e9-4d98-425b-ab14-8110e2aa85d7,Drama,1553
9bb1ed3b-5a6f-43c7-afaf-ba2b60ca1a7a,44e58cea-6c90-467f-baf2-22ac161daafb,6a89c110-a0f8-4b1a-87f0-33f49c0a658e,Šola Jarše,100
ccd8a655-468b-4728-a26d-7981bbdd7dec,1c0ae078-cca7-40c8-aeda-1187a12ddfee,fef200e9-4d98-425b-ab14-8110e2aa85d7,Drama,243
1a3351a1-563e-4174-b402-54bc0e2f5191,1c8efa00-4587-4efc-a10d-794e9d885857,N/A,N/A,4525
ba2b16a8-1273-45d2-8758-47b9694df9a6,4b847ac2-4c41-4fc1-a497-9ce4deaab8b1,fef200e9-4d98-425b-ab14-8110e2aa85d7,Drama,3299
087e50b6-7677-4a85-802f-5694266fe38b,023d7b7a-b411-4e61-8746-b07f9e5c8f90,c87db9be-1fba-4102-a743-0ee4317dd5af,Bavarski dvor,2513
2cde6efe-5f53-44aa-8018-76f0ea2c86f8,43df2657-d56f-4fc4-8c40-49180cbbe90c,6a89c110-a0f8-4b1a-87f0-33f49c0a658e,Šola Jarše,1214
ba846253-4c87-4120-8f1c-05a563bf3999,a7094427-e180-4deb-acaf-5d4488326e9e,c87db9be-1fba-4102-a743-0ee4317dd5af,Bavarski dvor,3991
f1d7dbc8-d84b-4550-a3bd-e4748a677e9d,41c8c7eb-62ef-45d8-b5b1-221dd3c0022c,5cc8a08d-c0af-491f-9a9c-b8b4f5f23bc0,BTC-Emporium,106
9afb36ea-c2ae-4bbb-9644-3a6c65bb1c7d,c32ef99a-6752-47fe-94eb-a5134c7110af,a719a87c-4e93-4387-a6d1-2631a487f7e0,Ajdovščina,1209
c6c83930-96af-4cbe-93bf-072a618502a4,c15a2be8-fc53-427d-9cc6-a50bb305f68d,454817d3-3750-49c7-994c-14d06fd2c634,Žale,2541
2e6c059c-0305-47bb-9ca8-00a2123039e9,548dbdee-83b0-497b-acc1-e15b34899d42,6182f8e8-c45e-4606-b4a4-d909bd44d2cc,Gornji trg,896
4ed69cbb-d738-450c-be11-7d96cd50ee50,258aeffc-294a-4919-bfb0-34f90dc19892,c87db9be-1fba-4102-a743-0ee4317dd5af,Bavarski dvor,1737
2e62f411-936d-4a10-96ed-2d8fe95d6d65,d0790612-d161-4be4-953d-a7a0c33acf1e,295616c0-387b-4f60-a337-7743cd6be04e,Bavarski dvor,611
258aeffc-294a-4919-bfb0-34f90dc19892,70c51140-f3ee-4c89-a6e2-ed74dab89148,a2ce7e6f-0f99-443a-a973-81a0b9c60261,Astra,2229
d123fde4-aa91-49c3-83df-5ebf12af4e59,25ad5579-f6a0-4f35-a0c9-0678b41e9dde,295616c0-387b-4f60-a337-7743cd6be04e,Bavarski dvor,3689
22ef2062-46f0-4a46-8d9a-6ceb7b7f45bc,461045f0-a82c-45c0-af66-71b25f3f0e1a,7fa32ea0-e884-435a-a81c-51bbd5cedf3e,Zaloška,2210
8a224b7d-24ae-4c7b-8318-f66ac8cc078b,f5d8583f-6e9d-4996-b803-74bf3cd0b602,a719a87c-4e93-4387-a6d1-2631a487f7e0,Ajdovščina,3379
0be237aa-4b91-4d2b-ac23-0cebac975a0d,717dda7e-d793-4697-8f60-b64ee8b1edc4,7fa32ea0-e884-435a-a81c-51bbd5cedf3e,Zaloška,1265
e78f256e-7218-4263-87b9-255bd90c9f49,6edebb46-d04f-45c4-99a4-100f7f0b2660,fef200e9-4d98-425b-ab14-8110e2aa85d7,Drama,271
1632ee87-59dd-4367-bf10-9d13aa688e82,c70ad4c4-6c37-4f31-83aa-921dc8bc15a4,c87db9be-1fba-4102-a743-0ee4317dd5af,Bavarski dvor,2080
1e157c31-d34d-4c2e-91b4-8c000c88f6dd,fac22b83-1bc0-4c12-8533-485b115409ef,c87db9be-1fba-4102-a743-0ee4317dd5af,Bavarski dvor,3675
59faa0f0-34b1-47cd-ba3a-3b6f0d684c00,0bb103e4-c4a6-4c4c-a13d-217ab4e6dfd3,295616c0-387b-4f60-a337-7743cd6be04e,Bavarski dvor,812
d9f26e1a-77fc-48b0-a024-93fd38eb88a4,c32ef99a-6752-47fe-94eb-a5134c7110af,N/A,N/A,4525
da834a23-5697-49bb-b3a1-7f277c8206bc,6c56976b-4ae1-429f-bcab-0cfc37e3580d,5d7f28a6-2a2a-4333-aa06-48edfb652f86,Pošta,661
b5273abc-dfeb-49a2-9607-249bf6415e4b,47283e27-c588-411c-9303-30a6f0beeaef,f33b721f-a8a3-4aad-96f2-077da09ebaa6,Razstavišče,74
41489be9-b3b7-4cbe-90f8-af1a435b2676,7b687edb-dc47-4b68-a13e-34713cababe9,c22879e5-8e90-4540-9a74-5f139208e492,Friškovec,1532
e786b2df-34ed-4246-832e-7c3d538ac1f4,a7177a3d-8db2-43fb-8910-f95857f0ed97,N/A,N/A,4525
a1406782-3114-407c-8e35-35bcf5a1234b,52e5adea-e194-4fc1-809c-1d6421f8f8db,N/A,N/A,4525
8fc42c89-96e2-4c69-a2b4-44d505f27ce9,1df1835b-cfd3-40e7-9466-9c9d43642bed,a719a87c-4e93-4387-a6d1-2631a487f7e0,Ajdovščina,880
51dbf10f-cf3b-4575-a8cc-d1080c1f9dde,ab624858-605d-48c6-a660-d54c2e037a91,N/A,N/A,4525
caac4c1a-13e4-4afa-b467-65d90a8fbd44,cb05ea76-5fc1-4162-b432-a914b63604d0,fef200e9-4d98-425b-ab14-8110e2aa85d7,Drama,526
79325942-629a-4766-a34a-525f8edf8cc5,fb0042f8-d9e2-4916-b60a-38a026acf0c9,d98335a0-1291-4d4c-be62-16b11c356575,Božičeva,884
ba0f81e5-dfec-49bb-8d6b-d52618338640,98a75a4c-0ef8-4efa-8f0a-384fe8eafce0,a719a87c-4e93-4387-a6d1-2631a487f7e0,Ajdovščina,3735
ba2b16a8-1273-45d2-8758-47b9694df9a6,6edebb46-d04f-45c4-99a4-100f7f0b2660,fef200e9-4d98-425b-ab14-8110e2aa85d7,Drama,99
5c8bdb89-116a-4d5d-9db1-9be443070380,60d91c8b-d5a9-4ef4-927c-e241bc31f81a,023d7b7a-b411-4e61-8746-b07f9e5c8f90,Ambrožev trg,535
d7d43617-ef41-4f9e-bbad-670d515d926a,10d57057-b305-4b7a-806b-3373014db962,c87db9be-1fba-4102-a743-0ee4317dd5af,Bavarski dvor,983
da9650a3-6ec7-4cdb-95f2-a68851587dfc,379bc761-04b5-4227-be76-3b870fe3e69f,c297ac70-8f43-4fbc-a8a4-366ddb883a8d,Bonifacija,814
6c773433-c487-49c5-a783-32c0e276ed7b,4a74b966-4fbf-41ab-8e1b-276f3f14fc49,7fa32ea0-e884-435a-a81c-51bbd5cedf3e,Zaloška,1546
e78f256e-7218-4263-87b9-255bd90c9f49,a12ab184-fb4b-449f-9884-88e0a1672e64,f33b721f-a8a3-4aad-96f2-077da09ebaa6,Razstavišče,1731
bfcba499-ce46-41b0-8268-966d74eccb20,6739536d-b334-46c6-ae80-4890afac7985,295616c0-387b-4f60-a337-7743cd6be04e,Bavarski dvor,401
67d66d40-e8ba-4bc0-a9cf-814dce3ccbea,9143c575-806f-4ba0-81bc-8199f0b0b4d0,cee2862b-9b70-4880-8fa3-16c6d2efae1b,AMZS,99
106bdc28-f0fe-4f13-b4ad-6c6a630550b5,f8da5156-e545-47ed-a811-2242f41f5593,a719a87c-4e93-4387-a6d1-2631a487f7e0,Ajdovščina,1689
39b60288-c9ac-4bc2-825b-524dec52182d,5b2cb528-ba33-461a-aee5-54e2ed8c3758,N/A,N/A,4525
d72032c7-d4b0-4eee-a87c-593985a42266,e26da28a-b9c3-41b8-b57f-87b289b38e08,a719a87c-4e93-4387-a6d1-2631a487f7e0,Ajdovščina,405
447a37f6-2be6-45a3-8ae0-6982aa53cafb,a999f83e-4e6a-4ef9-9a10-e4a2c8a4a182,fef200e9-4d98-425b-ab14-8110e2aa85d7,Drama,136
c87db9be-1fba-4102-a743-0ee4317dd5af,041e08cc-b1bd-4f2c-aa4e-a9aaf2837a28,b59656a4-b6e7-4b87-977c-078c59088a50,Hajdrihova,2529
666bd186-7a9a-4e20-a466-e7b1918dda9b,c297ac70-8f43-4fbc-a8a4-366ddb883a8d,N/A,N/A,4525
11d74c00-da13-4cad-883e-c6dcf8edcbe8,aa3ce006-1975-496a-abc6-a98ec5e87652,a0b1fb90-3f6a-4231-910a-18be192ac762,Flajšmanova,1152
59d96e2c-3ee3-4581-840a-3ddaf0003743,223f660b-c391-4120-bf3c-7bf06781686b,717dda7e-d793-4697-8f60-b64ee8b1edc4,Gosposvetska,310
fb662324-f307-452f-9b00-0275dadfd382,392949a1-1ada-4196-9073-6f392638ca49,b59656a4-b6e7-4b87-977c-078c59088a50,Hajdrihova,3056
7ad774b6-172a-401b-b186-358aa2d560a2,163da3ae-0ab9-480e-b72d-16357e0a9061,a719a87c-4e93-4387-a6d1-2631a487f7e0,Ajdovščina,1871
ea80411c-360d-4a33-861c-6533a1d67eef,01d1f388-d915-4e9f-bc3d-4432a73a216e,295616c0-387b-4f60-a337-7743cd6be04e,Bavarski dvor,9
f784b27a-1509-4eec-bd52-6beee2b9530b,ccccee29-6fc7-4a86-b492-7f36a8e817db,N/A,N/A,4525
46f20d33-601c-4ef6-b86c-7c2bb4af52fa,bfcba499-ce46-41b0-8268-966d74eccb20,c87db9be-1fba-4102-a743-0ee4317dd5af,Bavarski dvor,872
f414efd9-d697-4bbe-abb6-c9e09fd73514,5b59d508-0860-4f50-b5ab-72a79046b488,N/A,N/A,4525
b4b30b45-445a-4f70-bdf5-5ea7cdc98583,d08c4884-9764-447f-9b79-0ef7a645222f,fef200e9-4d98-425b-ab14-8110e2aa85d7,Drama,2444
4ec1b435-1683-4cd7-a4d0-688cc9f3b603,567980fa-7783-411d-9c67-55b44d753880,295616c0-387b-4f60-a337-7743cd6be04e,Bavarski dvor,1279
4b847ac2-4c41-4fc1-a497-9ce4deaab8b1,2188a1bc-ce7a-4450-bd4f-871538578244,023d7b7a-b411-4e61-8746-b07f9e5c8f90,Ambrožev trg,28
c5527a65-5265-43de-b703-7c7d494d190c,0b4a072e-6c2d-4c71-ab80-2b7142df81de,b59656a4-b6e7-4b87-977c-078c59088a50,Hajdrihova,302
e90a68ac-02be-418f-8937-b9f1906274f2,995cbd67-507b-4c32-b794-0ff48e0a3de9,N/A,N/A,4525
ee095f27-439e-42e7-9e5c-e77b0903c31f,2bf898b0-1247-4e84-87e2-2e044e580c8f,f33b721f-a8a3-4aad-96f2-077da09ebaa6,Razstavišče,693
34afe7f1-2d09-487f-983f-19c7dd5dae82,6c773433-c487-49c5-a783-32c0e276ed7b,fef200e9-4d98-425b-ab14-8110e2aa85d7,Drama,2119
6cc5af3b-67ea-47f3-9e8a-10946c32b906,7f510cd8-4742-4dcf-95c0-16cde39c2e26,N/A,N/A,4525
58cd6196-8ac4-4803-be8b-1c0d2fb52528,9bd3ee10-bc61-44e8-8cf3-a37cffd54da0,b59656a4-b6e7-4b87-977c-078c59088a50,Hajdrihova,3143
e3b51371-e289-45ef-83ca-1f4ffff25162,08071ba1-570f-487b-9a36-01a046fb2788,717dda7e-d793-4697-8f60-b64ee8b1edc4,Gosposvetska,1240
aa9cc3b9-7c6c-4e45-b91a-1e0494fbf15e,bbe542ee-a3f6-43cf-b23a-077c28b7d19a,484b5c91-1220-43ba-af79-84e712fcc46b,Slovenija avto,153
f1fd2bad-eba9-4046-a7b9-34e8d1d423f5,b4766c35-4ab9-4af3-aa76-1b1f40735685,f33b721f-a8a3-4aad-96f2-077da09ebaa6,Razstavišče,784
2a7d32ca-24a1-41ac-a273-0cbcdec59336,b60d686c-3b89-447c-93f6-2837d9af3d02,c87db9be-1fba-4102-a743-0ee4317dd5af,Bavarski dvor,1348
43df2657-d56f-4fc4-8c40-49180cbbe90c,476c1b24-6f2f-4727-b610-645c50493814,a719a87c-4e93-4387-a6d1-2631a487f7e0,Ajdovščina,55
67c3adc1-a92d-4528-91ee-77d8b52574c6,48e907fd-e868-47cd-8cac-74c7d4582944,a719a87c-4e93-4387-a6d1-2631a487f7e0,Ajdovščina,568
fc3967fb-5520-4fff-a819-f625242182e5,37fc313d-1f45-49c9-9059-4f96f44a6682,f4cfd904-bd11-4247-95df-32c4555a930f,Klinični center,477
3cb0ccbb-9b91-4d71-bd27-2acef732be4c,36c7bbd0-50d7-4b5d-b9b3-9dadd37ac50b,fef200e9-4d98-425b-ab14-8110e2aa85d7,Drama,162
08071ba1-570f-487b-9a36-01a046fb2788,d7748049-2f69-4c77-a19b-96774a521ac1,717dda7e-d793-4697-8f60-b64ee8b1edc4,Gosposvetska,2303
6182f8e8-c45e-4606-b4a4-d909bd44d2cc,08506f21-8675-4972-a359-ba9412a1da49,a719a87c-4e93-4387-a6d1-2631a487f7e0,Ajdovščina,1380
a6b87518-2a7f-4505-898f-245ebe23c909,a719a87c-4e93-4387-a6d1-2631a487f7e0,fef200e9-4d98-425b-ab14-8110e2aa85d7,Drama,248
2896bfa8-0586-4ed1-8d93-c5c6e1ff3d72,d07152fd-014c-481b-a5f2-8949066499e8,N/A,N/A,4525
65a6b01d-c9cf-4d4e-930c-5562156d7375,dac8d2a7-89e4-4aec-948d-00db4833ce7c,c87db9be-1fba-4102-a743-0ee4317dd5af,Bavarski dvor,4016
041e08cc-b1bd-4f2c-aa4e-a9aaf2837a28,ef005e77-f3b8-4171-b681-1294d0e4732b,a719a87c-4e93-4387-a6d1-2631a487f7e0,Ajdovščina,4445
bb995fbb-29c8-4035-9503-ae33320833a8,ff74fc01-faf6-4a78-a782-d8365538e7de,N/A,N/A,4525
9afb36ea-c2ae-4bbb-9644-3a6c65bb1c7d,d3a6cbf3-65f0-4db8-9a10-1460763eac8e,fef200e9-4d98-425b-ab14-8110e2aa85d7,Drama,760
25ad5579-f6a0-4f35-a0c9-0678b41e9dde,8d767444-3983-4409-bda1-d298b52c7bfe,717dda7e-d793-4697-8f60-b64ee8b1edc4,Gosposvetska,82
5be3b187-5735-4444-bee7-0665f60e6c83,ad966374-a37d-443a-9a3e-ec85ca28231f,N/A,N/A,4525
b5e26d7f-8a91-4360-9811-2e8e05d27382,d7748049-2f69-4c77-a19b-96774a521ac1,c87db9be-1fba-4102-a743-0ee4317dd5af,Bavarski dvor,438
ea91e672-f4a8-40cb-af62-214726551a93,51dbf10f-cf3b-4575-a8cc-d1080c1f9dde,f4cfd904-bd11-4247-95df-32c4555a930f,Klinični center,4010
d7d791d9-02e0-4369-be0c-1546fc2044a4,f5e84751-7377-402c-974c-53276e422e70,0be237aa-4b91-4d2b-ac23-0cebac975a0d,Cankarjev dom,3059
18d010ca-0244-4928-82cb-47af0836a1bb,68c65382-15dc-465c-96b5-7f27af9d4a63,b59656a4-b6e7-4b87-977c-078c59088a50,Hajdrihova,45
7c37b809-4d6d-497c-a53d-38663e91c088,bdd68b01-e9a1-4270-be50-8b5c7bd39a1c,f33b721f-a8a3-4aad-96f2-077da09ebaa6,Razstavišče,72
163da3ae-0ab9-480e-b72d-16357e0a9061,5b59d508-0860-4f50-b5ab-72a79046b488,c87db9be-1fba-4102-a743-0ee4317dd5af,Bavarski dvor,44
ee095f27-439e-42e7-9e5c-e77b0903c31f,32abc648-685c-47b0-bbc4-203371ec2699,f33b721f-a8a3-4aad-96f2-077da09ebaa6,Razstavišče,1538
c568fe2e-477f-4af2-ad68-cb8111f361d0,995cbd67-507b-4c32-b794-0ff48e0a3de9,1ce1c3a8-e0f6-4f90-b1aa-1448759d8b3c,Astra,214
47637057-8d6a-4cf9-bd56-3ac90748fcc4,4ab506fa-0fcd-431b-ace7-19ffa5f0576a,c87db9be-1fba-4102-a743-0ee4317dd5af,Bavarski dvor,1575
62d0c5a7-1692-43ef-b6e2-31f514362629,0b90d258-764d-4c06-aab0-7074dbd54182,fef200e9-4d98-425b-ab14-8110e2aa85d7,Drama,1096
538ab00b-ee39-44e8-b5a4-62c2c6215bf6,441545fb-7a0c-4555-aea8-01cbe6c14ea3,2ec182e2-769f-427f-b9b5-c4118890cb96,Stožice,1409
c627c9f2-af02-4d83-969a-566719bb09e3,dfd33168-046e-49af-9428-b9394f98667c,a719a87c-4e93-4387-a6d1-2631a487f7e0,Ajdovščina,1137
25c85d19-456c-4188-b563-15ad467a54c7,b91edda3-a147-4599-bebf-85e145de085b,c87db9be-1fba-4102-a743-0ee4317dd5af,Bavarski dvor,1223
cdabf1ea-b04c-480a-8359-72c46e6864ab,4abe5e63-5707-4ef0-acda-ab2c52749afe,c87db9be-1fba-4102-a743-0ee4317dd5af,Bavarski dvor,1052
77c4dfcc-1122-4896-9983-8a5bd11320de,aa9cc3b9-7c6c-4e45-b91a-1e0494fbf15e,8598b85d-3e1d-4767-b72f-0c209038841f,Štepanja vas,62
cf6f67f5-f7df-4462-828b-481134217fad,18d010ca-0244-4928-82cb-47af0836a1bb,a719a87c-4e93-4387-a6d1-2631a487f7e0,Ajdovščina,16
4f21a18a-3cb0-4c6c-bb92-e7c8945fac1c,9f01f25f-9a5b-459a-96da-222ef81faf51,c87db9be-1fba-4102-a743-0ee4317dd5af,Bavarski dvor,1015
9dfc0a62-bf4d-4670-83d0-4e26a6e56b32,144ab380-6586-43ce-b216-2e66362b6eca,295616c0-387b-4f60-a337-7743cd6be04e,Bavarski dvor,346
da656f17-9723-4cbe-a008-823cbad17c28,0b90d258-764d-4c06-aab0-7074dbd54182,98fa3880-5936-4ec8-ba04-39c7ff9a0e6a,Stara cerkev,506
2d6504e9-c938-417e-9b55-32d6514bc744,91b76764-87af-4b90-89dd-60f0046f7cc0,a2ce7e6f-0f99-443a-a973-81a0b9c60261,Astra,1089
d27a7320-71d6-48bc-a4f5-0f3e239575b8,87415b6b-7e7f-4b82-b78f-ef1a7db85282,5d7f28a6-2a2a-4333-aa06-48edfb652f86,Pošta,2623
e82569a6-73f3-4002-b7b5-0f83ee167535,66943a7c-28b4-40a6-a996-21aa0b968435,f33b721f-a8a3-4aad-96f2-077da09ebaa6,Razstavišče,681
98fa3880-5936-4ec8-ba04-39c7ff9a0e6a,0dc86a8f-0f41-44c7-978c-e06cb63cbbcf,cdabf1ea-b04c-480a-8359-72c46e6864ab,Bežigrad,2368
0b6c7b97-410c-48fa-be23-430c316f9b10,7fcb0952-c77f-44b5-adf3-0aa2a2b8550a,717dda7e-d793-4697-8f60-b64ee8b1edc4,Gosposvetska,784
30e58784-86f6-4d93-8630-3cc3fc93c6f3,406d6bb7-147c-4853-a917-e5c437b025e6,48b163cd-b819-4849-aee1-8b1da77657ab,Šentvid,1816
8648bfde-9b0f-4a64-aced-fe63aa923879,a7177a3d-8db2-43fb-8910-f95857f0ed97,N/A,N/A,4525
3429cda2-6047-453c-bf54-952dfa6674c0,548a85bd-f15f-427b-ad90-43cb50e9e31a,N/A,N/A,4525
2beb7011-982a-4349-be22-addf1c3bdec7,9b0074d2-2c92-4c01-830b-00be8e05b412,7fa32ea0-e884-435a-a81c-51bbd5cedf3e,Zaloška,832
9a480b5e-0283-4130-a5e2-9d5e996caa4f,ecc4ae87-ae08-4b94-995c-452fdd94df7f,c87db9be-1fba-4102-a743-0ee4317dd5af,Bavarski dvor,620
2d42d8e2-26a8-4a74-809c-f436d05c8a54,76f20fbf-afc4-4c7d-b51c-14f0878b38d8,f33b721f-a8a3-4aad-96f2-077da09ebaa6,Razstavišče,746
d987aa3a-ae4a-42f6-bc9b-79c41dcf055a,e8b0d4a2-f65e-4aed-97b8-77ab0d07955a,N/A,N/A,4525
efecc3aa-ae68-4374-bc24-334280abcf3f,8d767444-3983-4409-bda1-d298b52c7bfe,5d7f28a6-2a2a-4333-aa06-48edfb652f86,Pošta,1279
69f98a9c-d52d-423a-b44e-89b6320a7a88,0df2ffa6-b1c8-44d0-900c-8b23b37794df,484b5c91-1220-43ba-af79-84e712fcc46b,Slovenija avto,596
66a82f60-b1d1-4251-a715-178300014f18,af2956ba-d922-4ec4-bfa7-b623c29e8b3e,a0e0a21b-b8ce-4d76-bbc2-04e179367fee,Šola Jarše,1406
769b7bc7-4f95-4bb2-9c99-37ba8e8b4bd5,0614b134-0950-4f6b-bc8f-fb73a0881bc1,717dda7e-d793-4697-8f60-b64ee8b1edc4,Gosposvetska,133
452f2b51-98fb-4a7c-bb0a-44577eb5e12b,45b36327-9a1a-4cd5-8261-53217326b22f,c87db9be-1fba-4102-a743-0ee4317dd5af,Bavarski dvor,911
d8ff7b2c-baf6-4a1a-97c5-0871b823caab,a1406782-3114-407c-8e35-35bcf5a1234b,N/A,N/A,4525
6afef238-01cd-4ad0-859d-2056b5d4a63f,3f37b298-896a-40be-b2f5-6fe8154756c4,a719a87c-4e93-4387-a6d1-2631a487f7e0,Ajdovščina,2732
0c3a77a7-d9eb-45c7-b722-1fafde29129c,8512e1be-4637-483b-a3e6-78ccc6d2c5b1,7fa32ea0-e884-435a-a81c-51bbd5cedf3e,Zaloška,3470
b7b7ac00-59bb-41eb-833d-ad309d24e68a,c124f317-217b-4b89-9597-393843de4f81,9cfac7e2-9653-4e52-a6d3-27756d27f817,Kino Šiška,273
339ec74c-f45b-4f23-98b8-7ac67486ff6d,54c591c0-7bbb-4489-9229-57b18f95827a,f33b721f-a8a3-4aad-96f2-077da09ebaa6,Razstavišče,2286
824255dc-9be8-4f7b-9b69-2bd4e5a3fc27,81f21fc1-3bd2-4d2a-b563-2d063479c68e,a719a87c-4e93-4387-a6d1-2631a487f7e0,Ajdovščina,433
78c69686-64ed-437c-83b5-0e28733ed70c,f33b721f-a8a3-4aad-96f2-077da09ebaa6,a2ce7e6f-0f99-443a-a973-81a0b9c60261,Astra,2067
01bc5983-63a7-4184-9986-32e5a5320684,1c8efa00-4587-4efc-a10d-794e9d885857,N/A,N/A,4525
d08c4884-9764-447f-9b79-0ef7a645222f,c0ff37c8-ac6c-4284-ad32-0ad29fd30dc2,N/A,N/A,4525
e333d90d-3eef-4d82-9e00-ebe693e2f389,6efecef0-52ba-4a47-9991-9bab5ce31340,fef200e9-4d98-425b-ab14-8110e2aa85d7,Drama,146
68c65382-15dc-465c-96b5-7f27af9d4a63,2cde6efe-5f53-44aa-8018-76f0ea2c86f8,5d7f28a6-2a2a-4333-aa06-48edfb652f86,Pošta,1297
3c6ebf90-c611-4535-b2b0-22fba3f7649a,08f2fb98-afdf-4961-b419-1bca7f5568ab,5d7f28a6-2a2a-4333-aa06-48edfb652f86,Pošta,2486
c20233f2-94bc-4c21-9d2a-9b129b668487,0614b134-0950-4f6b-bc8f-fb73a0881bc1,c22879e5-8e90-4540-9a74-5f139208e492,Friškovec,148
b4b7f450-4397-42d2-9d1e-39f786eecc2e,d4c51b31-46fd-4da8-ba15-8068e666d483,N/A,N/A,4525
46f20d33-601c-4ef6-b86c-7c2bb4af52fa,7eb88e01-82e9-4af4-84d0-69c6ea9dc82c,f33b721f-a8a3-4aad-96f2-077da09ebaa6,Razstavišče,324
e90a68ac-02be-418f-8937-b9f1906274f2,c2827897-b9fe-4bfc-b4ed-880f11a2359e,N/A,N/A,4525
6efecef0-52ba-4a47-9991-9bab5ce31340,1f9fad8e-d59c-494c-bdd1-1983afacb755,a719a87c-4e93-4387-a6d1-2631a487f7e0,Ajdovščina,1624
e78f256e-7218-4263-87b9-255bd90c9f49,9583dbdd-06fd-411e-88dd-af8f89e2caaa,fef200e9-4d98-425b-ab14-8110e2aa85d7,Drama,937
dc6b96b1-d0fa-4d03-ac2b-8eba5bb97ba2,d06c6c8a-c136-4b7a-9c13-b26ba0c04029,769b7bc7-4f95-4bb2-9c99-37ba8e8b4bd5,D. MOST P+R,2219
d3a06374-ab12-456b-9c00-55461af341fa,9e90940e-cf99-4112-87ec-7cbb6331509a,ecc4ae87-ae08-4b94-995c-452fdd94df7f,Privoz,183
9cc88862-270a-409a-b450-e0003c7930af,af820908-f71f-4c46-82c2-e7616f9c21fb,a719a87c-4e93-4387-a6d1-2631a487f7e0,Ajdovščina,310
0760a037-cd94-4936-89b6-45ce9bd19917,d4c51b31-46fd-4da8-ba15-8068e666d483,fef200e9-4d98-425b-ab14-8110e2aa85d7,Drama,476
48e907fd-e868-47cd-8cac-74c7d4582944,05643914-8ff7-4064-8737-2761d44a083f,fef200e9-4d98-425b-ab14-8110e2aa85d7,Drama,290
7e780e7f-3665-4ec7-a910-eaf6e9d82551,45bff76d-bb00-455b-aa12-7ea49ad9a4f0,5d7f28a6-2a2a-4333-aa06-48edfb652f86,Pošta,1685
815a2c5e-19a1-41b0-bca4-69dca8912326,c5527a65-5265-43de-b703-7c7d494d190c,093afa81-b65f-4182-bac3-afbc00558a9b,Koseze,313
5de84f88-3f32-4636-8c30-03cc267ecf37,9e109242-5aad-4fb7-b0c8-576eef8aa4e0,295616c0-387b-4f60-a337-7743cd6be04e,Bavarski dvor,171
bf64b499-211b-4da8-ace2-f12a17608ae3,07bad99d-070a-42f7-8766-d11d42152623,295616c0-387b-4f60-a337-7743cd6be04e,Bavarski dvor,3749
97d3e896-2af7-40f9-bfbf-59cf3fcbf93a,34ead609-4331-48ab-8e82-52dd70da9832,9cfac7e2-9653-4e52-a6d3-27756d27f817,Kino Šiška,844
9c2e9262-7afe-44d3-8aaf-80afd45f9118,666e98e1-4a23-4204-a3e6-99110f8b3153,b59656a4-b6e7-4b87-977c-078c59088a50,Hajdrihova,474
d07152fd-014c-481b-a5f2-8949066499e8,e786b2df-34ed-4246-832e-7c3d538ac1f4,N/A,N/A,4525
1eca3479-6e2c-4f21-bf45-4db410041181,ee837fd9-7a5c-4f14-bbd7-a46f14eb07c5,N/A,N/A,4525
2154edb8-16e2-4334-8878-9e38abcdf06a,9cc88862-270a-409a-b450-e0003c7930af,cdabf1ea-b04c-480a-8359-72c46e6864ab,Bežigrad,67
60ccc570-3714-410b-aa31-43d3a4c593c8,bd1a0fbd-1593-4552-a76f-681c59333d6b,N/A,N/A,4525
ee3713fe-016c-47eb-96d1-f760c9d19010,97d3e896-2af7-40f9-bfbf-59cf3fcbf93a,a0e0a21b-b8ce-4d76-bbc2-04e179367fee,Šola Jarše,495
7a256ec6-bb93-47eb-af92-ea62941c1dc6,30e58784-86f6-4d93-8630-3cc3fc93c6f3,295616c0-387b-4f60-a337-7743cd6be04e,Bavarski dvor,1028
98f728a3-94a6-4911-98d7-64ab88097036,1069d764-9345-425d-8c4d-12d6ffa1fde1,N/A,N/A,4525
e3321752-4498-4da3-801c-d54920b22eba,6d344016-1b93-4ff7-80a8-8cde0b57bd1c,fef200e9-4d98-425b-ab14-8110e2aa85d7,Drama,716
0a4b6359-22f0-4caa-b4a8-f4edb97a0825,62d0c5a7-1692-43ef-b6e2-31f514362629,fef200e9-4d98-425b-ab14-8110e2aa85d7,Drama,1258
a8a92762-af25-42a7-98dd-9846f8b33e09,1a1ee974-5091-4fa7-96a2-0c2508892aa3,N/A,N/A,4525
4abe5e63-5707-4ef0-acda-ab2c52749afe,d06c6c8a-c136-4b7a-9c13-b26ba0c04029,295616c0-387b-4f60-a337-7743cd6be04e,Bavarski dvor,1128
e2499103-6634-4d8e-87a8-68dc5ef6340c,e9089f7d-853e-4375-8ecb-0db96fcc60e6,f33b721f-a8a3-4aad-96f2-077da09ebaa6,Razstavišče,2501
66943a7c-28b4-40a6-a996-21aa0b968435,f1b7471e-db71-49da-846d-1232cb3e8f8f,c87db9be-1fba-4102-a743-0ee4317dd5af,Bavarski dvor,368
8a182298-1db3-4251-9cdb-a86efe72b8a7,60d91c8b-d5a9-4ef4-927c-e241bc31f81a,7fa32ea0-e884-435a-a81c-51bbd5cedf3e,Zaloška,1160
aa3ce006-1975-496a-abc6-a98ec5e87652,5b59d508-0860-4f50-b5ab-72a79046b488,c87db9be-1fba-4102-a743-0ee4317dd5af,Bavarski dvor,527
7fdce743-a4be-44d7-8658-0a259a18ad30,659ee31d-ae12-4498-8507-28579d322e32,6a89c110-a0f8-4b1a-87f0-33f49c0a658e,Šola Jarše,4409
52407970-4547-4323-a632-8db4ed0b040f,4f21a18a-3cb0-4c6c-bb92-e7c8945fac1c,484b5c91-1220-43ba-af79-84e712fcc46b,Slovenija avto,42
7554bb81-1144-4263-999d-f6e358d808fe,d98335a0-1291-4d4c-be62-16b11c356575,717dda7e-d793-4697-8f60-b64ee8b1edc4,Gosposvetska,1760
9f01f25f-9a5b-459a-96da-222ef81faf51,60d91c8b-d5a9-4ef4-927c-e241bc31f81a,f33b721f-a8a3-4aad-96f2-077da09ebaa6,Razstavišče,411
3866c761-7fa4-4a4a-b913-75569da498d9,9e109242-5aad-4fb7-b0c8-576eef8aa4e0,c87db9be-1fba-4102-a743-0ee4317dd5af,Bavarski dvor,1839
df973089-967d-4446-916c-260e9e8fec83,d3a6cbf3-65f0-4db8-9a10-1460763eac8e,7eb88e01-82e9-4af4-84d0-69c6ea9dc82c,Kolodvor,497
d2e3d9f5-0203-49a4-8ea1-455e2434a347,698551c1-7bb2-4f7e-9701-23b7667e8594,N/A,N/A,4525
3fbf6322-fb74-4a50-a81a-bfca73abc26b,300f1367-4ba4-4416-90e4-caa8f33e9144,5d7f28a6-2a2a-4333-aa06-48edfb652f86,Pošta,641
a2947722-2e6f-48dd-9c31-ff36356676fa,91745353-dd19-49ee-beaf-332e546dcceb,484b5c91-1220-43ba-af79-84e712fcc46b,Slovenija avto,463
46a50a09-9bae-460b-a7b6-457d288c5a9f,fb662324-f307-452f-9b00-0275dadfd382,N/A,N/A,4525
8fc42c89-96e2-4c69-a2b4-44d505f27ce9,3edd6057-3847-4c42-b8ec-6e89ff95793a,a719a87c-4e93-4387-a6d1-2631a487f7e0,Ajdovščina,318
1e2641bc-b0b2-448e-8ad2-e52891fa4c5f,295616c0-387b-4f60-a337-7743cd6be04e,N/A,N/A,4525
754e8f1f-a5ba-4281-8f31-fb3357744cd2,aa844493-50b0-4b91-b331-f4297d2ae6a8,484b5c91-1220-43ba-af79-84e712fcc46b,Slovenija avto,806
7a52a73a-cc0e-4c61-b9bc-306157727e1c,041e08cc-b1bd-4f2c-aa4e-a9aaf2837a28,7fa32ea0-e884-435a-a81c-51bbd5cedf3e,Zaloška,1696
5764ff17-c787-4918-b7bd-a2ed9c6d7dd1,2d42d8e2-26a8-4a74-809c-f436d05c8a54,7fad8003-fb10-489d-bf8d-6d433310ad90,Nove Jarše,4065
b5e26d7f-8a91-4360-9811-2e8e05d27382,0b90d258-764d-4c06-aab0-7074dbd54182,9b0074d2-2c92-4c01-830b-00be8e05b412,Cukrarna,1351
77dcd833-fa4d-4c5a-93b1-31284942e61d,0c6d0a32-5673-45fa-9d50-04d8039cbda1,769b7bc7-4f95-4bb2-9c99-37ba8e8b4bd5,D. MOST P+R,2413
1a3351a1-563e-4174-b402-54bc0e2f5191,30c30bf5-75c4-4dc0-995f-4679ef54d37c,f33b721f-a8a3-4aad-96f2-077da09ebaa6,Razstavišče,854
bc19ad1c-00fc-47f1-926e-ddeb12f686ba,eee355cc-98a1-4f25-8bf9-0100856eda6e,ecc4ae87-ae08-4b94-995c-452fdd94df7f,Privoz,3372
d123fde4-aa91-49c3-83df-5ebf12af4e59,42bcfbad-96b8-4ce2-96f3-07694e1bcfe2,N/A,N/A,4525
311a0b74-0787-484b-b414-8adf1cd4cf58,c1606675-dd38-4952-914b-6ca64fd56b7b,9a1c4c65-df77-481f-87ad-56143f02a864,Vižmarje,607
ff74fc01-faf6-4a78-a782-d8365538e7de,862efb04-bcf5-493a-929d-242fb91ba5f6,N/A,N/A,4525
484b5c91-1220-43ba-af79-84e712fcc46b,24df120e-0d0c-4353-8dda-c7ef0dc3dd5c,f4cfd904-bd11-4247-95df-32c4555a930f,Klinični center,423
9583dbdd-06fd-411e-88dd-af8f89e2caaa,6672b8cb-e56d-420a-a5e7-fc86e8aa3647,N/A,N/A,4525
410b424b-5f4d-4137-bc20-7d1f328540a3,aee8e842-6083-48a7-b14f-cc3d112537bb,c87db9be-1fba-4102-a743-0ee4317dd5af,Bavarski dvor,1335
8c7fa045-888b-46d0-8189-6f82623bf481,5b184752-5bd2-43e3-9243-dfc8969d9065,fef200e9-4d98-425b-ab14-8110e2aa85d7,Drama,1073
023d7b7a-b411-4e61-8746-b07f9e5c8f90,592b37eb-8255-4758-ae8a-7cef98521013,2f874852-bc80-4ff3-b6bf-a914e31251c8,Savske stolpnice,2355
01d1f388-d915-4e9f-bc3d-4432a73a216e,d3a06374-ab12-456b-9c00-55461af341fa,fef200e9-4d98-425b-ab14-8110e2aa85d7,Drama,2467
4ed69cbb-d738-450c-be11-7d96cd50ee50,66012072-6b6b-4775-8001-0887d18e09a3,b59656a4-b6e7-4b87-977c-078c59088a50,Hajdrihova,304
9746f277-af08-4cce-92fa-41da5eca8ac2,39650ca1-d08c-4645-ac1a-6aed84eb45c5,295616c0-387b-4f60-a337-7743cd6be04e,Bavarski dvor,461
58cd6196-8ac4-4803-be8b-1c0d2fb52528,1d62c3f1-903c-4350-a349-80c4573b3cdc,2f874852-bc80-4ff3-b6bf-a914e31251c8,Savske stolpnice,431
a2947722-2e6f-48dd-9c31-ff36356676fa,ff1f708c-989e-4cc5-8e75-02717b5f9744,a0e0a21b-b8ce-4d76-bbc2-04e179367fee,Šola Jarše,1342
53c3c8c9-2e64-4a8f-9afb-031b24c17d5a,21764d19-62cc-49fd-bac9-403aeac6a6b9,N/A,N/A,4525
c0fb12dd-8cab-40da-a3aa-e8de9c6d09ed,4ca9e64c-29ad-4391-a6f2-7e1ae022d5bf,295616c0-387b-4f60-a337-7743cd6be04e,Bavarski dvor,227
f33b721f-a8a3-4aad-96f2-077da09ebaa6,4682c5fd-08cb-4af1-a3e2-6f1ee880a52d,295616c0-387b-4f60-a337-7743cd6be04e,Bavarski dvor,2329
fac22b83-1bc0-4c12-8533-485b115409ef,b4b7f450-4397-42d2-9d1e-39f786eecc2e,295616c0-387b-4f60-a337-7743cd6be04e,Bavarski dvor,3742
db046e79-c658-433c-8812-157fd965a9f6,bd1a0fbd-1593-4552-a76f-681c59333d6b,7c149b59-2bc6-45cb-95c8-69e18a0db627,Rusjanov trg,748
a12ab184-fb4b-449f-9884-88e0a1672e64,0ff94f7b-275b-4cc4-bb27-e00842f5ad87,fef200e9-4d98-425b-ab14-8110e2aa85d7,Drama,395
88cdd36c-03d2-4374-a22f-110dd9f75ea0,e73c7113-cb4a-4cd5-8df9-ffc5fd86590a,c87db9be-1fba-4102-a743-0ee4317dd5af,Bavarski dvor,1647
278a9d60-64c7-4bfa-aad0-24068aa760af,97d3e896-2af7-40f9-bfbf-59cf3fcbf93a,98fa3880-5936-4ec8-ba04-39c7ff9a0e6a,Stara cerkev,2152
c0e6a237-3879-4336-88b6-5af51408cc7e,99b82632-116f-421b-9320-d5a53e522155,5d7f28a6-2a2a-4333-aa06-48edfb652f86,Pošta,1234
1c214818-5471-4d2a-a7b2-33464ffacdad,5881f75e-9383-49b0-811d-04c864ba1605,5de84f88-3f32-4636-8c30-03cc267ecf37,Podvozna pot,1783
53f8224f-99e5-4c34-9f77-3621bbe9ce99,7f510cd8-4742-4dcf-95c0-16cde39c2e26,3c6ebf90-c611-4535-b2b0-22fba3f7649a,Štajerska,1222
dc7b6fb3-15db-4c7e-9fa1-424943178ce6,e2d3c37e-a7df-458e-9e5a-ea33ccf4c11b,9cfac7e2-9653-4e52-a6d3-27756d27f817,Kino Šiška,1039
ba0f81e5-dfec-49bb-8d6b-d52618338640,1f02ab68-e4a0-4783-ae8a-39ccd679f2cc,a719a87c-4e93-4387-a6d1-2631a487f7e0,Ajdovščina,1804
4ca7ae7e-380b-45e3-81de-00ffab5bb531,5cc8a08d-c0af-491f-9a9c-b8b4f5f23bc0,769b7bc7-4f95-4bb2-9c99-37ba8e8b4bd5,D. MOST P+R,131
8d767444-3983-4409-bda1-d298b52c7bfe,311a0b74-0787-484b-b414-8adf1cd4cf58,N/A,N/A,4525
727cab27-5e8e-4c5e-ba27-449822a45ee7,b0d473cd-f35e-4a30-8d0d-70f16b92e8e8,295616c0-387b-4f60-a337-7743cd6be04e,Bavarski dvor,418
698551c1-7bb2-4f7e-9701-23b7667e8594,6a774daa-3547-4128-b304-aa2d17d4391a,769b7bc7-4f95-4bb2-9c99-37ba8e8b4bd5,D. MOST P+R,443
9746f277-af08-4cce-92fa-41da5eca8ac2,fef200e9-4d98-425b-ab14-8110e2aa85d7,6a89c110-a0f8-4b1a-87f0-33f49c0a658e,Šola Jarše,120
824255dc-9be8-4f7b-9b69-2bd4e5a3fc27,6340ea93-391e-45b9-94b0-56d1d7c87e20,a719a87c-4e93-4387-a6d1-2631a487f7e0,Ajdovščina,1819
8589e5d1-21b4-4210-ad7a-4bf91f9a715d,8d5e4aed-59fb-47c9-8559-5bf11b7ddca0,295616c0-387b-4f60-a337-7743cd6be04e,Bavarski dvor,895
995cbd67-507b-4c32-b794-0ff48e0a3de9,dba19980-8ca1-4847-b9b5-8cd419374ae2,N/A,N/A,4525
6cc5af3b-67ea-47f3-9e8a-10946c32b906,c32ef99a-6752-47fe-94eb-a5134c7110af,N/A,N/A,4525
4ed69cbb-d738-450c-be11-7d96cd50ee50,f0661242-947b-4937-a9ce-d2a135cd62a7,5d7f28a6-2a2a-4333-aa06-48edfb652f86,Pošta,2232
af2956ba-d922-4ec4-bfa7-b623c29e8b3e,2d6504e9-c938-417e-9b55-32d6514bc744,21764d19-62cc-49fd-bac9-403aeac6a6b9,Ježica,322
1b3ddeca-a066-43ee-9ae5-8339628129c2,fb7704f0-d31e-4561-83e4-621a8c62654b,5d7f28a6-2a2a-4333-aa06-48edfb652f86,Pošta,1280
88cdd36c-03d2-4374-a22f-110dd9f75ea0,447a37f6-2be6-45a3-8ae0-6982aa53cafb,fef200e9-4d98-425b-ab14-8110e2aa85d7,Drama,228
d27a7320-71d6-48bc-a4f5-0f3e239575b8,d119c3e9-7f2c-4d40-97a4-ccc6b4bb2951,N/A,N/A,4525
baab981f-b707-4b2e-8291-6175f7ceb255,9a1c4c65-df77-481f-87ad-56143f02a864,9e109242-5aad-4fb7-b0c8-576eef8aa4e0,VEVČE,937
a0e0a21b-b8ce-4d76-bbc2-04e179367fee,dadea785-0c6b-4054-9882-37227de3df4b,b59656a4-b6e7-4b87-977c-078c59088a50,Hajdrihova,1117
d08c4884-9764-447f-9b79-0ef7a645222f,6a774daa-3547-4128-b304-aa2d17d4391a,47637057-8d6a-4cf9-bd56-3ac90748fcc4,Barje,1263
51e04e1d-9ea1-432d-8b79-09e6c2a7be7b,4ec1b435-1683-4cd7-a4d0-688cc9f3b603,c87db9be-1fba-4102-a743-0ee4317dd5af,Bavarski dvor,742
a378ce5e-57ce-4c52-b219-568674b5cd5e,52407970-4547-4323-a632-8db4ed0b040f,f33b721f-a8a3-4aad-96f2-077da09ebaa6,Razstavišče,812
5560d06d-4058-473e-abba-099b05d7cf07,40fcc1b9-2c42-4db8-bd48-d431efc8a3fd,N/A,N/A,4525
930fed8f-1d4d-40c6-9a3b-53697263a0f2,aaedd82f-0c53-425d-92cf-96e50bd20518,c22879e5-8e90-4540-9a74-5f139208e492,Friškovec,3875
3866c761-7fa4-4a4a-b913-75569da498d9,07bad99d-070a-42f7-8766-d11d42152623,c87db9be-1fba-4102-a743-0ee4317dd5af,Bavarski dvor,1244
4d57f6bd-7ba7-4f07-8aa1-ecac0b09e8db,ba59baf4-dd00-40a5-80e7-3eee6b9d8b09,c87db9be-1fba-4102-a743-0ee4317dd5af,Bavarski dvor,48
2bf898b0-1247-4e84-87e2-2e044e580c8f,d5d15a80-243b-49d7-a616-b3c3fb39e8af,c87db9be-1fba-4102-a743-0ee4317dd5af,Bavarski dvor,1559
441545fb-7a0c-4555-aea8-01cbe6c14ea3,6330ad8d-b582-4c92-bc7e-d3f206264f04,717dda7e-d793-4697-8f60-b64ee8b1edc4,Gosposvetska,1155
36c7bbd0-50d7-4b5d-b9b3-9dadd37ac50b,5881f75e-9383-49b0-811d-04c864ba1605,295616c0-387b-4f60-a337-7743cd6be04e,Bavarski dvor,1560
659ee31d-ae12-4498-8507-28579d322e32,bea9f247-4e88-4d7c-9387-8cd9342acb8c,7fa32ea0-e884-435a-a81c-51bbd5cedf3e,Zaloška,865
8512e1be-4637-483b-a3e6-78ccc6d2c5b1,6a0b25cc-428e-47b5-831a-e89facfa7f26,2ec182e2-769f-427f-b9b5-c4118890cb96,Stožice,971
b2cf1f2c-3c77-4a23-891f-3cdbcda92f19,2beb7011-982a-4349-be22-addf1c3bdec7,295616c0-387b-4f60-a337-7743cd6be04e,Bavarski dvor,1781
98b60d07-8054-441a-be44-be7aa24f4253,093afa81-b65f-4182-bac3-afbc00558a9b,295616c0-387b-4f60-a337-7743cd6be04e,Bavarski dvor,692
10d57057-b305-4b7a-806b-3373014db962,78c69686-64ed-437c-83b5-0e28733ed70c,e6f5183b-c615-4f47-b4fb-204ee070e825,Bežigrad,4233
08f2fb98-afdf-4961-b419-1bca7f5568ab,32abc648-685c-47b0-bbc4-203371ec2699,f33b721f-a8a3-4aad-96f2-077da09ebaa6,Razstavišče,294
8a224b7d-24ae-4c7b-8318-f66ac8cc078b,8eeea585-6168-45b8-a5d4-336e61826043,c87db9be-1fba-4102-a743-0ee4317dd5af,Bavarski dvor,2926
3a50f545-2fe2-45a0-8ed6-01635603efed,ef3024a8-1d7f-4cf5-ad3b-74528eaa9c51,f33b721f-a8a3-4aad-96f2-077da09ebaa6,Razstavišče,2301
15af3c66-ad74-4f41-92f7-92e2ff72a51d,df63651e-45ab-4487-9429-9e604415b35c,b59656a4-b6e7-4b87-977c-078c59088a50,Hajdrihova,1617
47a3bd8a-72ae-4e20-b43f-10bfaf49012c,1b27d65a-1008-4bc9-928e-f6cb43b03804,dfde6478-02b5-471b-a470-29cb0e84542f,Slovenija avto,1513
8dde1a7b-e3ec-4675-8409-2a2c4ae696c7,4682c5fd-08cb-4af1-a3e2-6f1ee880a52d,5d7f28a6-2a2a-4333-aa06-48edfb652f86,Pošta,1452
219086ca-bdcb-4092-bd82-3d372b9b73ce,d9a82add-03d0-47d8-9f35-117b7a5ded44,5de84f88-3f32-4636-8c30-03cc267ecf37,Podvozna pot,8
eb165f50-9c43-4b09-9658-469a16d3dc83,02e96186-e90a-4171-8869-082486f7da1d,N/A,N/A,4525
30e58784-86f6-4d93-8630-3cc3fc93c6f3,dfd33168-046e-49af-9428-b9394f98667c,5d7f28a6-2a2a-4333-aa06-48edfb652f86,Pošta,3228
d867fec1-5147-43db-b004-08d2797f50e3,f0661242-947b-4937-a9ce-d2a135cd62a7,769b7bc7-4f95-4bb2-9c99-37ba8e8b4bd5,D. MOST P+R,327
1b27d65a-1008-4bc9-928e-f6cb43b03804,d50b2bdb-481b-4e58-ada6-47a028fc6382,295616c0-387b-4f60-a337-7743cd6be04e,Bavarski dvor,934
923bd774-0651-4e0a-8624-3acfb7ecd5ff,66012072-6b6b-4775-8001-0887d18e09a3,c87db9be-1fba-4102-a743-0ee4317dd5af,Bavarski dvor,2296
7484317c-269f-425f-8118-23eedab4e5f1,02c61e3f-2d2e-4b42-b695-bbd3cc672f6b,fef200e9-4d98-425b-ab14-8110e2aa85d7,Drama,888
35aedf45-cca3-4f2f-931b-138d29d20fe9,332abe37-33b8-4142-9edd-4ebd9e52eaf7,295616c0-387b-4f60-a337-7743cd6be04e,Bavarski dvor,160
f2b27cbd-5207-4281-8f67-6369d0c50a9b,86a75ffc-a78f-401f-8991-2eb0371417b2,6a89c110-a0f8-4b1a-87f0-33f49c0a658e,Šola Jarše,1930
acd87210-4e04-49b4-884b-1fe11c453bf4,a1406782-3114-407c-8e35-35bcf5a1234b,N/A,N/A,4525
2d42d8e2-26a8-4a74-809c-f436d05c8a54,15af3c66-ad74-4f41-92f7-92e2ff72a51d,a719a87c-4e93-4387-a6d1-2631a487f7e0,Ajdovščina,720
592b37eb-8255-4758-ae8a-7cef98521013,1eadcdb9-60cd-47c9-8eec-527c3465a685,484b5c91-1220-43ba-af79-84e712fcc46b,Slovenija avto,1214
c2827897-b9fe-4bfc-b4ed-880f11a2359e,889e3719-7d29-4888-b690-5a1531d2930e,98fa3880-5936-4ec8-ba04-39c7ff9a0e6a,Stara cerkev,4017
d5102041-8282-4c77-a593-edac0d0d4a34,1b3dce90-170f-4176-b47b-2b50b9407e82,5de84f88-3f32-4636-8c30-03cc267ecf37,Podvozna pot,948
c969f066-aab5-466d-b4db-48e651a4a12e,72e6ae6e-bd4b-4946-a032-7ff9b8b41039,7fad8003-fb10-489d-bf8d-6d433310ad90,Nove Jarše,2165
4d57f6bd-7ba7-4f07-8aa1-ecac0b09e8db,91b76764-87af-4b90-89dd-60f0046f7cc0,a0e0a21b-b8ce-4d76-bbc2-04e179367fee,Šola Jarše,112
33613e0e-f41c-4cee-804a-3942bf698e3e,6672b8cb-e56d-420a-a5e7-fc86e8aa3647,N/A,N/A,4525
0c6d0a32-5673-45fa-9d50-04d8039cbda1,b7834e14-7e86-4df5-83ce-006c93c31c00,b59656a4-b6e7-4b87-977c-078c59088a50,Hajdrihova,240
ba681dbc-ea72-4685-ad98-c5ed496510e6,fcec9e7a-1c9e-4214-96dd-d071550349e6,484b5c91-1220-43ba-af79-84e712fcc46b,Slovenija avto,1107
f2920a77-6c6c-494d-96b7-2a8caf8f374f,9f6048f0-5c5e-4773-915e-4ee05d200e27,5d7f28a6-2a2a-4333-aa06-48edfb652f86,Pošta,579
4ab506fa-0fcd-431b-ace7-19ffa5f0576a,e0c253d0-1de7-4add-ac75-8b16151fa462,295616c0-387b-4f60-a337-7743cd6be04e,Bavarski dvor,779
5560d06d-4058-473e-abba-099b05d7cf07,fcec9e7a-1c9e-4214-96dd-d071550349e6,295616c0-387b-4f60-a337-7743cd6be04e,Bavarski dvor,3325
cee2862b-9b70-4880-8fa3-16c6d2efae1b,68c65382-15dc-465c-96b5-7f27af9d4a63,295616c0-387b-4f60-a337-7743cd6be04e,Bavarski dvor,1427
79d89180-8b07-4127-b7b4-1ac03d1cee9f,fdff5f9c-6c02-4fc1-a004-7032b17fa37a,c87db9be-1fba-4102-a743-0ee4317dd5af,Bavarski dvor,1201
5b2cb528-ba33-461a-aee5-54e2ed8c3758,2d6504e9-c938-417e-9b55-32d6514bc744,N/A,N/A,4525
2ec182e2-769f-427f-b9b5-c4118890cb96,6182f8e8-c45e-4606-b4a4-d909bd44d2cc,N/A,N/A,4525
f1fd2bad-eba9-4046-a7b9-34e8d1d423f5,ba59baf4-dd00-40a5-80e7-3eee6b9d8b09,295616c0-387b-4f60-a337-7743cd6be04e,Bavarski dvor,306
65e92ecc-800d-4962-a8bc-0f50f1107a5b,379bc761-04b5-4227-be76-3b870fe3e69f,fef200e9-4d98-425b-ab14-8110e2aa85d7,Drama,3627
21764d19-62cc-49fd-bac9-403aeac6a6b9,d7d791d9-02e0-4369-be0c-1546fc2044a4,f33b721f-a8a3-4aad-96f2-077da09ebaa6,Razstavišče,2871
cc9cbd94-6da7-41ff-a728-cfd4b47dfcc0,0d50a4a8-a88d-4468-b562-73e51937e1c5,cdabf1ea-b04c-480a-8359-72c46e6864ab,Bežigrad,1310
abc9fd26-5442-468b-93b6-4d5eb76d0f1f,c93954aa-7aad-4fca-9f7a-721d37f0474e,c22879e5-8e90-4540-9a74-5f139208e492,Friškovec,4166
6739536d-b334-46c6-ae80-4890afac7985,15bb8af1-183e-4ec8-81f7-1fc6e81beb30,484b5c91-1220-43ba-af79-84e712fcc46b,Slovenija avto,146
e4635b94-348c-4c69-be85-1160488e5e43,f07c916c-6fc6-4acf-a334-0ab0d3c4f57f,5d7f28a6-2a2a-4333-aa06-48edfb652f86,Pošta,2603
7558099b-08a3-43bc-8056-49bcc5900a03,5560d06d-4058-473e-abba-099b05d7cf07,5d7f28a6-2a2a-4333-aa06-48edfb652f86,Pošta,1208
86303165-4af4-4fcd-b0f9-43ed865454f4,795c157e-21e0-4115-85aa-93c227e3420f,c87db9be-1fba-4102-a743-0ee4317dd5af,Bavarski dvor,1470
4ab506fa-0fcd-431b-ace7-19ffa5f0576a,c93954aa-7aad-4fca-9f7a-721d37f0474e,c87db9be-1fba-4102-a743-0ee4317dd5af,Bavarski dvor,2559
91fb6c6e-49cf-49d3-97d4-6ae228f9bfa1,fcc58ff5-bf0b-44ce-b12b-75ecc493f24d,f4cfd904-bd11-4247-95df-32c4555a930f,Klinični center,712
36d25599-0bed-48a0-bcb4-134be8a959fe,c87db9be-1fba-4102-a743-0ee4317dd5af,c87db9be-1fba-4102-a743-0ee4317dd5af,Bavarski dvor,1248
5fa77d25-e7a3-42db-8cc9-52b612d5de19,ff8f71b7-06fe-47fe-8238-9af5ee1b1dfd,592b37eb-8255-4758-ae8a-7cef98521013,Rogovilc,740
e8b0d4a2-f65e-4aed-97b8-77ab0d07955a,f174a648-9e84-492d-9ccd-0756b49c773b,c87db9be-1fba-4102-a743-0ee4317dd5af,Bavarski dvor,1326
7fad8003-fb10-489d-bf8d-6d433310ad90,a0b1fb90-3f6a-4231-910a-18be192ac762,fef200e9-4d98-425b-ab14-8110e2aa85d7,Drama,396
4f681273-89fe-44f9-aaec-76950722cc52,9f01f25f-9a5b-459a-96da-222ef81faf51,c87db9be-1fba-4102-a743-0ee4317dd5af,Bavarski dvor,1543
a2b5023d-5ce8-420f-ad2a-b61c7a1902a8,58cd6196-8ac4-4803-be8b-1c0d2fb52528,7fa32ea0-e884-435a-a81c-51bbd5cedf3e,Zaloška,295
9b4a7d21-709f-4462-b602-c77d975df9e7,235d7e56-4520-4691-b7d9-7588f7306e1d,N/A,N/A,4525
1a3351a1-563e-4174-b402-54bc0e2f5191,397418bc-78a7-45c9-b5cf-374fe21cee11,f33b721f-a8a3-4aad-96f2-077da09ebaa6,Razstavišče,1024
524d67dd-fbb0-4f6a-9199-f095123044ab,461045f0-a82c-45c0-af66-71b25f3f0e1a,295616c0-387b-4f60-a337-7743cd6be04e,Bavarski dvor,161
476c1b24-6f2f-4727-b610-645c50493814,e786b2df-34ed-4246-832e-7c3d538ac1f4,dfde6478-02b5-471b-a470-29cb0e84542f,Slovenija avto,1979
b4b30b45-445a-4f70-bdf5-5ea7cdc98583,b0d473cd-f35e-4a30-8d0d-70f16b92e8e8,N/A,N/A,4525
caac4c1a-13e4-4afa-b467-65d90a8fbd44,fd0e405e-d5e5-45fc-8911-e48a178ad4a9,9cfac7e2-9653-4e52-a6d3-27756d27f817,Kino Šiška,145
1e4be02a-ac61-41bc-b9b5-1ef7850313ed,406d6bb7-147c-4853-a917-e5c437b025e6,295616c0-387b-4f60-a337-7743cd6be04e,Bavarski dvor,31
154f3596-bbbb-4038-9ad7-c4b8b5288a02,05643914-8ff7-4064-8737-2761d44a083f,a719a87c-4e93-4387-a6d1-2631a487f7e0,Ajdovščina,1919
233daca5-913b-4e10-bf34-18b1c8c77019,dba19980-8ca1-4847-b9b5-8cd419374ae2,N/A,N/A,4525
406d6bb7-147c-4853-a917-e5c437b025e6,3d2f3af0-3b48-4019-a861-ee4fff761a24,5d7f28a6-2a2a-4333-aa06-48edfb652f86,Pošta,2814
8b5f91a6-23b7-4786-96f9-a80c6d668e18,5ddf10c0-90a5-4dbf-992c-23c0505674aa,6459bd02-d8f8-413e-9402-10b916f09a4f,7. septembra,1501
4abe5e63-5707-4ef0-acda-ab2c52749afe,a999f83e-4e6a-4ef9-9a10-e4a2c8a4a182,484b5c91-1220-43ba-af79-84e712fcc46b,Slovenija avto,424
d83ec579-9ab5-4e30-bedd-86613c234abd,5560d06d-4058-473e-abba-099b05d7cf07,7fa32ea0-e884-435a-a81c-51bbd5cedf3e,Zaloška,2114
94712446-2421-4304-b4f1-3b3f82998713,a9796806-8cd3-4b76-bf8c-4340aec35c9e,c87db9be-1fba-4102-a743-0ee4317dd5af,Bavarski dvor,342
cdbafa76-fd1b-45e0-bbd6-d6c1c6a141f9,55e3f615-be6c-43f4-9858-e199862771a4,a7094427-e180-4deb-acaf-5d4488326e9e,ZADOBROVA,1877
1f207e67-adf9-4da6-b107-3b58051d9990,0334e79e-7a89-44e9-a463-5af813e64a40,c87db9be-1fba-4102-a743-0ee4317dd5af,Bavarski dvor,3736
cddb3822-7daf-4cae-9cc3-6b191e81326b,ab0d4ded-a428-4133-a6c8-0f2caac0a5ae,c87db9be-1fba-4102-a743-0ee4317dd5af,Bavarski dvor,918
5b59d508-0860-4f50-b5ab-72a79046b488,c93954aa-7aad-4fca-9f7a-721d37f0474e,5d7f28a6-2a2a-4333-aa06-48edfb652f86,Pošta,2652
a1795ee0-9147-4a5c-bb11-f60a809f690e,aaedd82f-0c53-425d-92cf-96e50bd20518,c87db9be-1fba-4102-a743-0ee4317dd5af,Bavarski dvor,4149
36c4949b-403b-4a76-87e3-d67f51d655ef,111b2cdc-67ca-47bc-a8eb-8a4c6a0674d9,fef200e9-4d98-425b-ab14-8110e2aa85d7,Drama,84
3d9e90f6-2b67-4f24-9cc4-7c2063a08410,0b6960bb-2431-48c3-9e64-3cbf5c57ea96,c87db9be-1fba-4102-a743-0ee4317dd5af,Bavarski dvor,3689
557f714a-6f4a-4c98-8c5a-d74fa34b2adb,ab4e1412-1ac4-4864-8833-c1ddf48bec20,c22879e5-8e90-4540-9a74-5f139208e492,Friškovec,1731
5de84f88-3f32-4636-8c30-03cc267ecf37,538ab00b-ee39-44e8-b5a4-62c2c6215bf6,a719a87c-4e93-4387-a6d1-2631a487f7e0,Ajdovščina,960
c0fb12dd-8cab-40da-a3aa-e8de9c6d09ed,1eadcdb9-60cd-47c9-8eec-527c3465a685,a719a87c-4e93-4387-a6d1-2631a487f7e0,Ajdovščina,127
ab987eb0-c970-4577-8db9-0cd507a6cab6,4ac86a6a-874d-41a7-92a5-64ed733b7734,295616c0-387b-4f60-a337-7743cd6be04e,Bavarski dvor,18
60d91c8b-d5a9-4ef4-927c-e241bc31f81a,8b5f91a6-23b7-4786-96f9-a80c6d668e18,295616c0-387b-4f60-a337-7743cd6be04e,Bavarski dvor,3162
06e4802d-2c96-4556-bd95-35e0a2bb030c,a769d1e9-8727-4190-b56c-5cdd8a49333d,N/A,N/A,4525
e786b2df-34ed-4246-832e-7c3d538ac1f4,1f4702d4-6b02-4ad3-aa9b-118ff9aa3474,484b5c91-1220-43ba-af79-84e712fcc46b,Slovenija avto,1761
1e4be02a-ac61-41bc-b9b5-1ef7850313ed,a41f5786-6b70-4224-bcde-e6fbaac4c21b,7fad8003-fb10-489d-bf8d-6d433310ad90,Nove Jarše,2148
627be449-8b6a-40f4-a57c-09ccdacccb66,6559d555-672b-4633-8a81-0ae68fb963eb,N/A,N/A,4525
7fdce743-a4be-44d7-8658-0a259a18ad30,98a94a2a-894f-4ff0-9967-1dd986bf0cfd,c87db9be-1fba-4102-a743-0ee4317dd5af,Bavarski dvor,1240
548a85bd-f15f-427b-ad90-43cb50e9e31a,ba681dbc-ea72-4685-ad98-c5ed496510e6,f33b721f-a8a3-4aad-96f2-077da09ebaa6,Razstavišče,1521
391bf42a-68a3-400a-baea-0c708f327325,b7834e14-7e86-4df5-83ce-006c93c31c00,c87db9be-1fba-4102-a743-0ee4317dd5af,Bavarski dvor,1729
fb662324-f307-452f-9b00-0275dadfd382,07b4c585-66cf-49d7-906c-50f1122c8e9e,c87db9be-1fba-4102-a743-0ee4317dd5af,Bavarski dvor,77
2d6504e9-c938-417e-9b55-32d6514bc744,9746f277-af08-4cce-92fa-41da5eca8ac2,6bd46cb7-9e5d-453a-878a-bcc38fb2a5f2,Sava,307
0e79ef8c-f692-4e29-a37e-4a81cbb3d410,daf172e0-4dd9-4d5b-8287-67ad2034bced,7fad8003-fb10-489d-bf8d-6d433310ad90,Nove Jarše,302
5c38ad77-8124-42b3-810f-04703daec8b4,98b60d07-8054-441a-be44-be7aa24f4253,1ce1c3a8-e0f6-4f90-b1aa-1448759d8b3c,Astra,2099
8375ab17-e389-42b2-9b88-0210a049e321,447a37f6-2be6-45a3-8ae0-6982aa53cafb,f33b721f-a8a3-4aad-96f2-077da09ebaa6,Razstavišče,1965
07bad99d-070a-42f7-8766-d11d42152623,dba19980-8ca1-4847-b9b5-8cd419374ae2,N/A,N/A,4525
86a75ffc-a78f-401f-8991-2eb0371417b2,feb89b92-366d-4f50-a509-40c7baba8cf0,7fad8003-fb10-489d-bf8d-6d433310ad90,Nove Jarše,3032
db13a26e-19d4-4b8a-a78a-01ef25d58834,1c0ae078-cca7-40c8-aeda-1187a12ddfee,6459bd02-d8f8-413e-9402-10b916f09a4f,7. septembra,606
5fe363f3-8297-448b-bde3-08f690c92d1b,e82569a6-73f3-4002-b7b5-0f83ee167535,f33b721f-a8a3-4aad-96f2-077da09ebaa6,Razstavišče,870
5bc3addd-b076-4c60-b850-39f90e674b75,d9df365b-7e54-4d22-b2e9-3b548d48ad59,295616c0-387b-4f60-a337-7743cd6be04e,Bavarski dvor,2850
bf64b499-211b-4da8-ace2-f12a17608ae3,eee355cc-98a1-4f25-8bf9-0100856eda6e,a719a87c-4e93-4387-a6d1-2631a487f7e0,Ajdovščina,1601
f1bc11ca-7516-447a-b826-7051c5306af7,44e58cea-6c90-467f-baf2-22ac161daafb,fef200e9-4d98-425b-ab14-8110e2aa85d7,Drama,269
1c214818-5471-4d2a-a7b2-33464ffacdad,8a5febd6-d44a-4c98-a221-46044548663d,fef200e9-4d98-425b-ab14-8110e2aa85d7,Drama,1509
12cfc2b3-f8ff-444b-8d5f-15855e45e331,94c6598b-7303-42e1-94d5-156d7a25f630,379bc761-04b5-4227-be76-3b870fe3e69f,Pot na Fužine,1188
d7384760-d854-492d-87af-f342cab37fc1,1308dcf9-a9e1-4e54-95c9-0f2afaac889b,223f660b-c391-4120-bf3c-7bf06781686b,Tovorni kolodvor,47
294c40c4-18e4-4d92-a947-911a8623de89,6340ea93-391e-45b9-94b0-56d1d7c87e20,9cfac7e2-9653-4e52-a6d3-27756d27f817,Kino Šiška,2783
505865ea-cdea-4042-bdb2-b2f4f03889cb,1a1ee974-5091-4fa7-96a2-0c2508892aa3,a719a87c-4e93-4387-a6d1-2631a487f7e0,Ajdovščina,669
8f623f1d-48a7-46b5-9331-28a8dc980876,16d19639-a788-4df6-a168-6f8c3652ded7,295616c0-387b-4f60-a337-7743cd6be04e,Bavarski dvor,1014
c5527a65-5265-43de-b703-7c7d494d190c,d9df1ba3-6820-4fcb-b561-9cb7a60dd463,f33b721f-a8a3-4aad-96f2-077da09ebaa6,Razstavišče,986
6edebb46-d04f-45c4-99a4-100f7f0b2660,94c6598b-7303-42e1-94d5-156d7a25f630,fef200e9-4d98-425b-ab14-8110e2aa85d7,Drama,946
aa31554f-8623-42db-aedd-ad9a8f562e4c,bb1ac8b9-5cb2-49f2-8d5c-d7fe4afdd5dd,9a1c4c65-df77-481f-87ad-56143f02a864,Vižmarje,433
58cd6196-8ac4-4803-be8b-1c0d2fb52528,2bf898b0-1247-4e84-87e2-2e044e580c8f,fef200e9-4d98-425b-ab14-8110e2aa85d7,Drama,292
1c8efa00-4587-4efc-a10d-794e9d885857,c969f066-aab5-466d-b4db-48e651a4a12e,N/A,N/A,4525
66943a7c-28b4-40a6-a996-21aa0b968435,37fc313d-1f45-49c9-9059-4f96f44a6682,47a3bd8a-72ae-4e20-b43f-10bfaf49012c,Ob sotočju,1511
fa96d420-d1af-4ad0-bf6a-4544deb1c5eb,5293859e-2ea2-4ad3-9781-884672606464,9cfac7e2-9653-4e52-a6d3-27756d27f817,Kino Šiška,3867
b8533150-cf69-441a-8fc4-18f39cbef16b,1b0f629f-acdb-4e94-8c54-018f4334ebf7,295616c0-387b-4f60-a337-7743cd6be04e,Bavarski dvor,831
b56664c0-1dc1-42c5-b10b-52c3fb0dd042,9cfac7e2-9653-4e52-a6d3-27756d27f817,98fa3880-5936-4ec8-ba04-39c7ff9a0e6a,Stara cerkev,1111
6a89c110-a0f8-4b1a-87f0-33f49c0a658e,7f45fe9c-917a-4571-9a74-9e940cd84f3c,ac3afe7d-a2b3-4d5d-9e6a-1d2412a3bc70,Litostrojska,1734
72e6ae6e-bd4b-4946-a032-7ff9b8b41039,2bf898b0-1247-4e84-87e2-2e044e580c8f,9b0074d2-2c92-4c01-830b-00be8e05b412,Cukrarna,3397
249f3d10-f5f0-467b-8f60-f35fd62d9054,22c11486-1afa-491f-b9ab-162d88c8c44d,a719a87c-4e93-4387-a6d1-2631a487f7e0,Ajdovščina,2268
eb43a68a-54a5-4a37-b090-1329e2b4d830,d17294f3-5b6c-4313-9243-3f38557967cf,fef200e9-4d98-425b-ab14-8110e2aa85d7,Drama,1740
b905ae6a-f1e1-4057-8923-481902ed5a8e,6e7cab20-d7e3-474f-9a5e-f1e0ca6fae53,a719a87c-4e93-4387-a6d1-2631a487f7e0,Ajdovščina,156
041e08cc-b1bd-4f2c-aa4e-a9aaf2837a28,d9df1ba3-6820-4fcb-b561-9cb7a60dd463,c87db9be-1fba-4102-a743-0ee4317dd5af,Bavarski dvor,505
1eadcdb9-60cd-47c9-8eec-527c3465a685,51dbf10f-cf3b-4575-a8cc-d1080c1f9dde,717dda7e-d793-4697-8f60-b64ee8b1edc4,Gosposvetska,20
eb11d52f-300b-4648-a2e8-ed03db9ff7e2,9b4a7d21-709f-4462-b602-c77d975df9e7,N/A,N/A,4525
dfd33168-046e-49af-9428-b9394f98667c,1f02ab68-e4a0-4783-ae8a-39ccd679f2cc,fef200e9-4d98-425b-ab14-8110e2aa85d7,Drama,1088
b7834e14-7e86-4df5-83ce-006c93c31c00,8e7a488b-cd48-4243-92b0-42792d0e3bc1,fef200e9-4d98-425b-ab14-8110e2aa85d7,Drama,154
92928953-a289-4a44-a653-b7b6b4f5e1c2,72e6ae6e-bd4b-4946-a032-7ff9b8b41039,a719a87c-4e93-4387-a6d1-2631a487f7e0,Ajdovščina,691
52407970-4547-4323-a632-8db4ed0b040f,c6dd10bd-c21f-4a0c-9c7d-99e488a173d4,a719a87c-4e93-4387-a6d1-2631a487f7e0,Ajdovščina,1537
7f510cd8-4742-4dcf-95c0-16cde39c2e26,26ec9924-5586-4fd5-8b20-63f2d0a38d44,c87db9be-1fba-4102-a743-0ee4317dd5af,Bavarski dvor,655
cce39cbe-6961-433a-a787-64fbf602f470,cf94d70f-d211-4625-9037-014514562aa9,5d7f28a6-2a2a-4333-aa06-48edfb652f86,Pošta,857
8375ab17-e389-42b2-9b88-0210a049e321,7d628170-e2eb-47fd-9d3e-658acf78d7d3,N/A,N/A,4525
1536cb2e-acd3-49cb-8f06-bb8cd40c0c02,d7d791d9-02e0-4369-be0c-1546fc2044a4,f14a6236-8af2-47bf-9270-432377662a63,Viadukt,450
4038e02e-f22f-4af0-ba4f-7aab855b53af,79325942-629a-4766-a34a-525f8edf8cc5,295616c0-387b-4f60-a337-7743cd6be04e,Bavarski dvor,3033
121b30dc-065b-4c76-aad2-a54a85c74d4d,d2f9bbec-4b03-49a8-af83-afe65fe07a0e,c87db9be-1fba-4102-a743-0ee4317dd5af,Bavarski dvor,2604
9ab2717b-1396-4885-bb5b-9857d7195d0d,bbe542ee-a3f6-43cf-b23a-077c28b7d19a,fef200e9-4d98-425b-ab14-8110e2aa85d7,Drama,591
a0e0a21b-b8ce-4d76-bbc2-04e179367fee,d861c2ce-106a-4b95-a4fc-2af355c0bbf0,f33b721f-a8a3-4aad-96f2-077da09ebaa6,Razstavišče,1264
a12ab184-fb4b-449f-9884-88e0a1672e64,4ab506fa-0fcd-431b-ace7-19ffa5f0576a,295616c0-387b-4f60-a337-7743cd6be04e,Bavarski dvor,2090
461045f0-a82c-45c0-af66-71b25f3f0e1a,69bc9f1c-507f-463c-ba5a-04500b319967,a719a87c-4e93-4387-a6d1-2631a487f7e0,Ajdovščina,961
25c85d19-456c-4188-b563-15ad467a54c7,29096931-9d98-487f-bd0a-b0767611e561,c87db9be-1fba-4102-a743-0ee4317dd5af,Bavarski dvor,661
b7834e14-7e86-4df5-83ce-006c93c31c00,121b30dc-065b-4c76-aad2-a54a85c74d4d,6182f8e8-c45e-4606-b4a4-d909bd44d2cc,Gornji trg,1888
95eee7e8-237d-4410-a9bf-00c6f88129c1,235d7e56-4520-4691-b7d9-7588f7306e1d,fef200e9-4d98-425b-ab14-8110e2aa85d7,Drama,1875
30131bc3-a0f7-4cfc-9e4d-552b325c0ba7,cec37fa8-0d4a-4e80-a259-2fa91b68463d,295616c0-387b-4f60-a337-7743cd6be04e,Bavarski dvor,2596
8648bfde-9b0f-4a64-aced-fe63aa923879,e333d90d-3eef-4d82-9e00-ebe693e2f389,769b7bc7-4f95-4bb2-9c99-37ba8e8b4bd5,D. MOST P+R,480
5d91512b-af7f-4bbe-9dde-17f402fbf590,5dcffe2a-1c73-4f7c-bdac-4084bb5201aa,a719a87c-4e93-4387-a6d1-2631a487f7e0,Ajdovščina,4484
454817d3-3750-49c7-994c-14d06fd2c634,feb89b92-366d-4f50-a509-40c7baba8cf0,c87db9be-1fba-4102-a743-0ee4317dd5af,Bavarski dvor,1592
8a5febd6-d44a-4c98-a221-46044548663d,824255dc-9be8-4f7b-9b69-2bd4e5a3fc27,295616c0-387b-4f60-a337-7743cd6be04e,Bavarski dvor,93
b2cf1f2c-3c77-4a23-891f-3cdbcda92f19,3203d037-a222-4092-8dd6-e8dfcd49a2c9,fef200e9-4d98-425b-ab14-8110e2aa85d7,Drama,675
aa113271-655f-423f-ad7e-4cfaba2eb739,02e96186-e90a-4171-8869-082486f7da1d,N/A,N/A,4525
ab987eb0-c970-4577-8db9-0cd507a6cab6,ff1f708c-989e-4cc5-8e75-02717b5f9744,295616c0-387b-4f60-a337-7743cd6be04e,Bavarski dvor,325
95be8f74-3ed5-4cf1-aabc-b1c0027ea628,35aedf45-cca3-4f2f-931b-138d29d20fe9,N/A,N/A,4525
7fad8003-fb10-489d-bf8d-6d433310ad90,105e10e7-fbab-4f99-94c9-178c25630b42,c22879e5-8e90-4540-9a74-5f139208e492,Friškovec,765
a41f5786-6b70-4224-bcde-e6fbaac4c21b,da656f17-9723-4cbe-a008-823cbad17c28,b59656a4-b6e7-4b87-977c-078c59088a50,Hajdrihova,1366
bff8345d-1b72-4b41-8b8d-cb8a5483a2e4,df973089-967d-4446-916c-260e9e8fec83,1ce1c3a8-e0f6-4f90-b1aa-1448759d8b3c,Astra,944
c32ef99a-6752-47fe-94eb-a5134c7110af,786a15d4-dd6b-42bb-a5c9-6ce994b5be9e,1b3ddeca-a066-43ee-9ae5-8339628129c2,Žale,1295
278a9d60-64c7-4bfa-aad0-24068aa760af,fcec9e7a-1c9e-4214-96dd-d071550349e6,c87db9be-1fba-4102-a743-0ee4317dd5af,Bavarski dvor,1204
ab987eb0-c970-4577-8db9-0cd507a6cab6,1c0ae078-cca7-40c8-aeda-1187a12ddfee,fef200e9-4d98-425b-ab14-8110e2aa85d7,Drama,587
1536cb2e-acd3-49cb-8f06-bb8cd40c0c02,d7a59d1b-dfe1-4fbb-96fc-14443b077516,c87db9be-1fba-4102-a743-0ee4317dd5af,Bavarski dvor,37
ef4a63e8-d956-4f09-80bd-8e4699418652,548a85bd-f15f-427b-ad90-43cb50e9e31a,N/A,N/A,4525
cdee8be6-e02c-4fb5-9752-be1bac08d90d,1ef524bd-2bf3-4c47-add3-044374897443,c87db9be-1fba-4102-a743-0ee4317dd5af,Bavarski dvor,2209
717dda7e-d793-4697-8f60-b64ee8b1edc4,c9b2488c-cca9-4b84-83cb-638ef545c851,fef200e9-4d98-425b-ab14-8110e2aa85d7,Drama,1377
eead721b-8996-4e73-a2f9-02dba20df4fa,cc9cbd94-6da7-41ff-a728-cfd4b47dfcc0,717dda7e-d793-4697-8f60-b64ee8b1edc4,Gosposvetska,1955
d5d15a80-243b-49d7-a616-b3c3fb39e8af,1069d764-9345-425d-8c4d-12d6ffa1fde1,a719a87c-4e93-4387-a6d1-2631a487f7e0,Ajdovščina,161
aaedd82f-0c53-425d-92cf-96e50bd20518,298fea2e-c58b-4d99-9350-2420c718d2cc,fef200e9-4d98-425b-ab14-8110e2aa85d7,Drama,1862
bdd68b01-e9a1-4270-be50-8b5c7bd39a1c,2896bfa8-0586-4ed1-8d93-c5c6e1ff3d72,f4cfd904-bd11-4247-95df-32c4555a930f,Klinični center,78
f1bc11ca-7516-447a-b826-7051c5306af7,698551c1-7bb2-4f7e-9701-23b7667e8594,f33b721f-a8a3-4aad-96f2-077da09ebaa6,Razstavišče,1132
12cfc2b3-f8ff-444b-8d5f-15855e45e331,2838f674-f6e9-4eb5-a99c-1d0ac7903ca1,717dda7e-d793-4697-8f60-b64ee8b1edc4,Gosposvetska,2215
698551c1-7bb2-4f7e-9701-23b7667e8594,b905ae6a-f1e1-4057-8923-481902ed5a8e,c87db9be-1fba-4102-a743-0ee4317dd5af,Bavarski dvor,36
22ef2062-46f0-4a46-8d9a-6ceb7b7f45bc,923bd774-0651-4e0a-8624-3acfb7ecd5ff,5d7f28a6-2a2a-4333-aa06-48edfb652f86,Pošta,2129
30c30bf5-75c4-4dc0-995f-4679ef54d37c,13ceaf6c-9650-45c3-b449-64a0e5094d18,c87db9be-1fba-4102-a743-0ee4317dd5af,Bavarski dvor,1730
1ef524bd-2bf3-4c47-add3-044374897443,f1b7471e-db71-49da-846d-1232cb3e8f8f,5d7f28a6-2a2a-4333-aa06-48edfb652f86,Pošta,4085
318d4398-e152-498b-b4ff-1344c67adba6,e468b92f-fa4a-4819-bb11-37761deaf4ca,295616c0-387b-4f60-a337-7743cd6be04e,Bavarski dvor,2056
233daca5-913b-4e10-bf34-18b1c8c77019,9b0074d2-2c92-4c01-830b-00be8e05b412,fef200e9-4d98-425b-ab14-8110e2aa85d7,Drama,3532
aa113271-655f-423f-ad7e-4cfaba2eb739,9e0942f3-2c18-4891-9b51-9d95cc43af7a,c87db9be-1fba-4102-a743-0ee4317dd5af,Bavarski dvor,4285
666e98e1-4a23-4204-a3e6-99110f8b3153,54c591c0-7bbb-4489-9229-57b18f95827a,717dda7e-d793-4697-8f60-b64ee8b1edc4,Gosposvetska,859
c6dd10bd-c21f-4a0c-9c7d-99e488a173d4,c70ad4c4-6c37-4f31-83aa-921dc8bc15a4,eb165f50-9c43-4b09-9658-469a16d3dc83,Kodeljevo,2241
d7a59d1b-dfe1-4fbb-96fc-14443b077516,83a62071-0161-47a2-b745-eafb5e945632,ac3afe7d-a2b3-4d5d-9e6a-1d2412a3bc70,Litostrojska,1340
42bcfbad-96b8-4ce2-96f3-07694e1bcfe2,53ec687a-6f0c-4bb7-b1b4-606e7dcfada9,N/A,N/A,4525
2188a1bc-ce7a-4450-bd4f-871538578244,f66a1f18-4c18-4317-b929-fb616cc7cebc,e6f5183b-c615-4f47-b4fb-204ee070e825,Bežigrad,1116
38b3abed-0592-407b-96c3-85a026f2e192,392949a1-1ada-4196-9073-6f392638ca49,8c7fa045-888b-46d0-8189-6f82623bf481,Poljanska,1789
a6b87518-2a7f-4505-898f-245ebe23c909,786a15d4-dd6b-42bb-a5c9-6ce994b5be9e,a719a87c-4e93-4387-a6d1-2631a487f7e0,Ajdovščina,66
1c0ae078-cca7-40c8-aeda-1187a12ddfee,df63651e-45ab-4487-9429-9e604415b35c,6bd46cb7-9e5d-453a-878a-bcc38fb2a5f2,Sava,1173
ef4a63e8-d956-4f09-80bd-8e4699418652,edf94a12-03e9-4225-b6cc-aca0edf588a7,N/A,N/A,4525
9ab2717b-1396-4885-bb5b-9857d7195d0d,0b6c7b97-410c-48fa-be23-430c316f9b10,aa42017d-812a-4175-bc9b-0fec03b18931,Ambrožev trg,469
f4e99ece-e89e-4322-80c6-5a91df65f64e,cec37fa8-0d4a-4e80-a259-2fa91b68463d,N/A,N/A,4525
eee4abae-e720-4776-b6c7-0099d0119246,d7a59d1b-dfe1-4fbb-96fc-14443b077516,a0b1fb90-3f6a-4231-910a-18be192ac762,Flajšmanova,857
e78f256e-7218-4263-87b9-255bd90c9f49,f73d3fb2-082c-4518-8af2-45de5490df4e,223f660b-c391-4120-bf3c-7bf06781686b,Tovorni kolodvor,124
d5961b09-f5e8-4a0b-9bbb-2515ff0a8376,595ee2ab-3022-469d-a3e1-0c87d7dfb14d,98fa3880-5936-4ec8-ba04-39c7ff9a0e6a,Stara cerkev,1453
79a5bacd-8b59-4d83-99e8-26e3c5b1490b,0bb103e4-c4a6-4c4c-a13d-217ab4e6dfd3,295616c0-387b-4f60-a337-7743cd6be04e,Bavarski dvor,689
56dbd8ff-6ec8-4186-b46c-f74ddb5a304a,219086ca-bdcb-4092-bd82-3d372b9b73ce,fef200e9-4d98-425b-ab14-8110e2aa85d7,Drama,3301
b0b32562-f5dc-4183-abba-5729adf98088,441545fb-7a0c-4555-aea8-01cbe6c14ea3,c87db9be-1fba-4102-a743-0ee4317dd5af,Bavarski dvor,2365
4f681273-89fe-44f9-aaec-76950722cc52,9f01f25f-9a5b-459a-96da-222ef81faf51,f33b721f-a8a3-4aad-96f2-077da09ebaa6,Razstavišče,343
d72d58c2-b9a9-4dd5-b741-17e986d925c8,39650ca1-d08c-4645-ac1a-6aed84eb45c5,N/A,N/A,4525
c93954aa-7aad-4fca-9f7a-721d37f0474e,5b184752-5bd2-43e3-9243-dfc8969d9065,b59656a4-b6e7-4b87-977c-078c59088a50,Hajdrihova,2165
53f8224f-99e5-4c34-9f77-3621bbe9ce99,bfcba499-ce46-41b0-8268-966d74eccb20,f33b721f-a8a3-4aad-96f2-077da09ebaa6,Razstavišče,1042
a769d1e9-8727-4190-b56c-5cdd8a49333d,f414efd9-d697-4bbe-abb6-c9e09fd73514,N/A,N/A,4525
a7094427-e180-4deb-acaf-5d4488326e9e,0e79ef8c-f692-4e29-a37e-4a81cbb3d410,a719a87c-4e93-4387-a6d1-2631a487f7e0,Ajdovščina,355
b7834e14-7e86-4df5-83ce-006c93c31c00,fc3967fb-5520-4fff-a819-f625242182e5,717dda7e-d793-4697-8f60-b64ee8b1edc4,Gosposvetska,689
e786b2df-34ed-4246-832e-7c3d538ac1f4,c71e1e0c-780a-4d46-8b33-09aebbbcfcd8,6182f8e8-c45e-4606-b4a4-d909bd44d2cc,Gornji trg,1769
eb669f04-cfb6-4ea4-90c9-26eb551ecb45,ba846253-4c87-4120-8f1c-05a563bf3999,c87db9be-1fba-4102-a743-0ee4317dd5af,Bavarski dvor,1368
8dde1a7b-e3ec-4675-8409-2a2c4ae696c7,b59656a4-b6e7-4b87-977c-078c59088a50,8c7fa045-888b-46d0-8189-6f82623bf481,Poljanska,2917
785ad018-d0fe-4628-b188-15f6dc71b38e,6932c2e0-ff32-4170-b519-fba88e29c147,a0b1fb90-3f6a-4231-910a-18be192ac762,Flajšmanova,3031
6efecef0-52ba-4a47-9991-9bab5ce31340,01bc5983-63a7-4184-9986-32e5a5320684,717dda7e-d793-4697-8f60-b64ee8b1edc4,Gosposvetska,3410
5764ff17-c787-4918-b7bd-a2ed9c6d7dd1,9143c575-806f-4ba0-81bc-8199f0b0b4d0,fef200e9-4d98-425b-ab14-8110e2aa85d7,Drama,719
e0c253d0-1de7-4add-ac75-8b16151fa462,0e79ef8c-f692-4e29-a37e-4a81cbb3d410,7bcbdcaa-00b9-47d4-8982-09da26cd7bcb,Zaloška,536
d0790612-d161-4be4-953d-a7a0c33acf1e,a7094427-e180-4deb-acaf-5d4488326e9e,a719a87c-4e93-4387-a6d1-2631a487f7e0,Ajdovščina,834
2edaabef-ed43-4b87-ba95-a5600c33250f,06e4802d-2c96-4556-bd95-35e0a2bb030c,N/A,N/A,4525
6a774daa-3547-4128-b304-aa2d17d4391a,4ca9e64c-29ad-4391-a6f2-7e1ae022d5bf,295616c0-387b-4f60-a337-7743cd6be04e,Bavarski dvor,128
2ec182e2-769f-427f-b9b5-c4118890cb96,1035c6f7-304e-4329-a3b2-4eb5d985a577,769b7bc7-4f95-4bb2-9c99-37ba8e8b4bd5,D. MOST P+R,1701
ea91e672-f4a8-40cb-af62-214726551a93,271db19a-744b-41a0-869d-0c3e0e2cb6bf,5d7f28a6-2a2a-4333-aa06-48edfb652f86,Pošta,2456
b5400e28-b0c3-4a02-9da2-084c465bd1d3,52e5d1c1-28c9-4ed2-b0ec-5bf7311be753,a719a87c-4e93-4387-a6d1-2631a487f7e0,Ajdovščina,451
e90a68ac-02be-418f-8937-b9f1906274f2,4038e02e-f22f-4af0-ba4f-7aab855b53af,N/A,N/A,4525
88cdd36c-03d2-4374-a22f-110dd9f75ea0,29589594-5959-4efb-8dda-7348e4e500a0,295616c0-387b-4f60-a337-7743cd6be04e,Bavarski dvor,395
1cc5f00f-c982-4016-8553-40a3da4f36ad,3d2f3af0-3b48-4019-a861-ee4fff761a24,f33b721f-a8a3-4aad-96f2-077da09ebaa6,Razstavišče,245
524d67dd-fbb0-4f6a-9199-f095123044ab,bc66f88b-1412-44cb-b921-030d27335261,484b5c91-1220-43ba-af79-84e712fcc46b,Slovenija avto,39
298fea2e-c58b-4d99-9350-2420c718d2cc,62feeb73-9af7-43ee-8714-1b435ec20263,c22879e5-8e90-4540-9a74-5f139208e492,Friškovec,1399
fcccf4af-4f16-4edc-ba5a-585c434593fe,2265e4de-a537-4f97-882b-c94c24aabfb0,a719a87c-4e93-4387-a6d1-2631a487f7e0,Ajdovščina,2212
a12ab184-fb4b-449f-9884-88e0a1672e64,7558099b-08a3-43bc-8056-49bcc5900a03,eb165f50-9c43-4b09-9658-469a16d3dc83,Kodeljevo,118
cecad767-51e5-4683-bf56-e6e342f8d1e0,16d19639-a788-4df6-a168-6f8c3652ded7,295616c0-387b-4f60-a337-7743cd6be04e,Bavarski dvor,652
c87db9be-1fba-4102-a743-0ee4317dd5af,0e79ef8c-f692-4e29-a37e-4a81cbb3d410,N/A,N/A,4525
0810f07b-94d6-442f-b10d-bf8210c4ed47,59ee5f7d-476b-4958-a922-2040a9308f3b,c87db9be-1fba-4102-a743-0ee4317dd5af,Bavarski dvor,456
d27a7320-71d6-48bc-a4f5-0f3e239575b8,d27a7320-71d6-48bc-a4f5-0f3e239575b8,ea91e672-f4a8-40cb-af62-214726551a93,Šmartno,1
79325942-629a-4766-a34a-525f8edf8cc5,d3a06374-ab12-456b-9c00-55461af341fa,fef200e9-4d98-425b-ab14-8110e2aa85d7,Drama,242
9cb18d2e-9bf3-436a-ab3a-7c52c5de1300,66943a7c-28b4-40a6-a996-21aa0b968435,9a1c4c65-df77-481f-87ad-56143f02a864,Vižmarje,767
245bb1a4-ea6e-45b4-8331-b50983655326,a12ab184-fb4b-449f-9884-88e0a1672e64,eb165f50-9c43-4b09-9658-469a16d3dc83,Kodeljevo,550
2beb7011-982a-4349-be22-addf1c3bdec7,43e01b7e-be2c-4282-be1b-9f628ca67327,a719a87c-4e93-4387-a6d1-2631a487f7e0,Ajdovščina,2107
8375ab17-e389-42b2-9b88-0210a049e321,bd001f58-6e58-49e9-877f-1fa36964fbc2,c87db9be-1fba-4102-a743-0ee4317dd5af,Bavarski dvor,804
99b82632-116f-421b-9320-d5a53e522155,bd6d732b-65aa-4b59-be82-6ce1301e70d5,b59656a4-b6e7-4b87-977c-078c59088a50,Hajdrihova,4501
b56664c0-1dc1-42c5-b10b-52c3fb0dd042,d7d43617-ef41-4f9e-bbad-670d515d926a,c87db9be-1fba-4102-a743-0ee4317dd5af,Bavarski dvor,178
aa844493-50b0-4b91-b331-f4297d2ae6a8,22ef2062-46f0-4a46-8d9a-6ceb7b7f45bc,48b163cd-b819-4849-aee1-8b1da77657ab,Šentvid,1965
e333d90d-3eef-4d82-9e00-ebe693e2f389,2fafda56-e44d-4e08-8503-90e6bf75e19d,c22879e5-8e90-4540-9a74-5f139208e492,Friškovec,2504
95732ece-1658-4e11-9b5f-b6ae5552e638,ba2b16a8-1273-45d2-8758-47b9694df9a6,a719a87c-4e93-4387-a6d1-2631a487f7e0,Ajdovščina,3668
339ec74c-f45b-4f23-98b8-7ac67486ff6d,72e6ae6e-bd4b-4946-a032-7ff9b8b41039,7fad8003-fb10-489d-bf8d-6d433310ad90,Nove Jarše,378
cdee8be6-e02c-4fb5-9752-be1bac08d90d,609f0950-bb8c-4eaf-a931-8575b8aff1ac,717dda7e-d793-4697-8f60-b64ee8b1edc4,Gosposvetska,174
8fc42c89-96e2-4c69-a2b4-44d505f27ce9,ab624858-605d-48c6-a660-d54c2e037a91,N/A,N/A,4525
7554bb81-1144-4263-999d-f6e358d808fe,8648bfde-9b0f-4a64-aced-fe63aa923879,aa42017d-812a-4175-bc9b-0fec03b18931,Ambrožev trg,996
53c3c8c9-2e64-4a8f-9afb-031b24c17d5a,6182f8e8-c45e-4606-b4a4-d909bd44d2cc,N/A,N/A,4525
7fdce743-a4be-44d7-8658-0a259a18ad30,59faa0f0-34b1-47cd-ba3a-3b6f0d684c00,fef200e9-4d98-425b-ab14-8110e2aa85d7,Drama,3253
f11e48f8-4133-4c36-a36f-73b4f33d9592,79325942-629a-4766-a34a-525f8edf8cc5,295616c0-387b-4f60-a337-7743cd6be04e,Bavarski dvor,17
f11e48f8-4133-4c36-a36f-73b4f33d9592,3f0c15b3-99bd-4c12-8f7a-df06c9536526,5d7f28a6-2a2a-4333-aa06-48edfb652f86,Pošta,3075
6bc92f4c-414c-456b-9150-d58a7689d26e,ee095f27-439e-42e7-9e5c-e77b0903c31f,N/A,N/A,4525
46f20d33-601c-4ef6-b86c-7c2bb4af52fa,390d166c-b2fe-486c-bba5-38cd1ff64f48,c87db9be-1fba-4102-a743-0ee4317dd5af,Bavarski dvor,3701
391bf42a-68a3-400a-baea-0c708f327325,0ff94f7b-275b-4cc4-bb27-e00842f5ad87,fef200e9-4d98-425b-ab14-8110e2aa85d7,Drama,4056
95be8f74-3ed5-4cf1-aabc-b1c0027ea628,3d9e90f6-2b67-4f24-9cc4-7c2063a08410,N/A,N/A,4525
76f20fbf-afc4-4c7d-b51c-14f0878b38d8,7ea32e84-b8d9-498b-9f03-5a66990012b9,717dda7e-d793-4697-8f60-b64ee8b1edc4,Gosposvetska,481
5dcffe2a-1c73-4f7c-bdac-4084bb5201aa,caac4c1a-13e4-4afa-b467-65d90a8fbd44,b59656a4-b6e7-4b87-977c-078c59088a50,Hajdrihova,538
d83ec579-9ab5-4e30-bedd-86613c234abd,78ef8af0-fd16-46b8-a5de-8d24b99638c8,379bc761-04b5-4227-be76-3b870fe3e69f,Pot na Fužine,2055
5a06b853-39a7-479d-ac40-fafa659fd896,49f28358-bfda-458e-a4b3-a45f602765c1,N/A,N/A,4525
a8a92762-af25-42a7-98dd-9846f8b33e09,bc19ad1c-00fc-47f1-926e-ddeb12f686ba,N/A,N/A,4525
1b3ddeca-a066-43ee-9ae5-8339628129c2,35aedf45-cca3-4f2f-931b-138d29d20fe9,7bcbdcaa-00b9-47d4-8982-09da26cd7bcb,Zaloška,3247
a7177a3d-8db2-43fb-8910-f95857f0ed97,18d010ca-0244-4928-82cb-47af0836a1bb,N/A,N/A,4525
97788808-915f-4405-b54e-7ec5f95f7330,332abe37-33b8-4142-9edd-4ebd9e52eaf7,f33b721f-a8a3-4aad-96f2-077da09ebaa6,Razstavišče,54
0614b134-0950-4f6b-bc8f-fb73a0881bc1,96d4c75b-6452-4c70-a31e-c234262ba38b,f33b721f-a8a3-4aad-96f2-077da09ebaa6,Razstavišče,490
7b41ca8e-2e41-4572-aa5c-1d80375e8835,1f4702d4-6b02-4ad3-aa9b-118ff9aa3474,f33b721f-a8a3-4aad-96f2-077da09ebaa6,Razstavišče,1740
befe0e87-b5fe-41ff-9a77-f65461eff28d,79325942-629a-4766-a34a-525f8edf8cc5,7eb88e01-82e9-4af4-84d0-69c6ea9dc82c,Kolodvor,1323
bff8345d-1b72-4b41-8b8d-cb8a5483a2e4,18d010ca-0244-4928-82cb-47af0836a1bb,c87db9be-1fba-4102-a743-0ee4317dd5af,Bavarski dvor,1051
2e6c059c-0305-47bb-9ca8-00a2123039e9,8fc42c89-96e2-4c69-a2b4-44d505f27ce9,c87db9be-1fba-4102-a743-0ee4317dd5af,Bavarski dvor,556
16ae0a39-ff9a-4aee-88b5-34502255fab4,25cde952-4896-4977-b229-75e09b3e3661,a719a87c-4e93-4387-a6d1-2631a487f7e0,Ajdovščina,3866
6c56976b-4ae1-429f-bcab-0cfc37e3580d,aa42017d-812a-4175-bc9b-0fec03b18931,fef200e9-4d98-425b-ab14-8110e2aa85d7,Drama,142
01bc5983-63a7-4184-9986-32e5a5320684,cf5259af-d324-497e-b508-84fe92961eb1,N/A,N/A,4525
55e3f615-be6c-43f4-9858-e199862771a4,97d3e896-2af7-40f9-bfbf-59cf3fcbf93a,c87db9be-1fba-4102-a743-0ee4317dd5af,Bavarski dvor,802
3f01eb40-651e-4fad-aff9-2ee27f259f64,a999f83e-4e6a-4ef9-9a10-e4a2c8a4a182,fef200e9-4d98-425b-ab14-8110e2aa85d7,Drama,498
5a89967e-5654-49f6-84ca-59f7f9035444,0c5f69a6-97c7-4053-bc0b-3f09dbf72f46,f4cfd904-bd11-4247-95df-32c4555a930f,Klinični center,748
0810f07b-94d6-442f-b10d-bf8210c4ed47,8e7a488b-cd48-4243-92b0-42792d0e3bc1,7fad8003-fb10-489d-bf8d-6d433310ad90,Nove Jarše,3827
5a89967e-5654-49f6-84ca-59f7f9035444,b0d473cd-f35e-4a30-8d0d-70f16b92e8e8,N/A,N/A,4525
aa9cc3b9-7c6c-4e45-b91a-1e0494fbf15e,96d4c75b-6452-4c70-a31e-c234262ba38b,e6f5183b-c615-4f47-b4fb-204ee070e825,Bežigrad,1245
c86d5f37-52ee-4e3a-99b5-b9554118c4d5,6e7cab20-d7e3-474f-9a5e-f1e0ca6fae53,N/A,N/A,4525
1d62c3f1-903c-4350-a349-80c4573b3cdc,02e96186-e90a-4171-8869-082486f7da1d,N/A,N/A,4525
81f21fc1-3bd2-4d2a-b563-2d063479c68e,108e7dc8-ca5d-4c91-9414-32a32a31b69a,N/A,N/A,4525
01d1f388-d915-4e9f-bc3d-4432a73a216e,7d579a55-27bc-49d0-a124-a5ed6233c55a,7c149b59-2bc6-45cb-95c8-69e18a0db627,Rusjanov trg,596
36c4949b-403b-4a76-87e3-d67f51d655ef,c32ef99a-6752-47fe-94eb-a5134c7110af,295616c0-387b-4f60-a337-7743cd6be04e,Bavarski dvor,2383
3203d037-a222-4092-8dd6-e8dfcd49a2c9,d9df1ba3-6820-4fcb-b561-9cb7a60dd463,a2ce7e6f-0f99-443a-a973-81a0b9c60261,Astra,1226
b5400e28-b0c3-4a02-9da2-084c465bd1d3,dc7b6fb3-15db-4c7e-9fa1-424943178ce6,e6f5183b-c615-4f47-b4fb-204ee070e825,Bežigrad,1662
b5273abc-dfeb-49a2-9607-249bf6415e4b,e9035f9a-28be-450a-a30c-7178134ff26b,c87db9be-1fba-4102-a743-0ee4317dd5af,Bavarski dvor,435
1f9fad8e-d59c-494c-bdd1-1983afacb755,3d9e90f6-2b67-4f24-9cc4-7c2063a08410,cdabf1ea-b04c-480a-8359-72c46e6864ab,Bežigrad,1645
26d86ffa-b8df-49aa-a9c0-5fa7d3cfba77,889e3719-7d29-4888-b690-5a1531d2930e,5d7f28a6-2a2a-4333-aa06-48edfb652f86,Pošta,2583
ca8cbe57-95dc-4326-9c06-b60a87b981b1,eb669f04-cfb6-4ea4-90c9-26eb551ecb45,fef200e9-4d98-425b-ab14-8110e2aa85d7,Drama,3168
b4766c35-4ab9-4af3-aa76-1b1f40735685,5de6ff80-1352-43df-b5ec-1df59f2f492b,c87db9be-1fba-4102-a743-0ee4317dd5af,Bavarski dvor,567
5ddf10c0-90a5-4dbf-992c-23c0505674aa,219086ca-bdcb-4092-bd82-3d372b9b73ce,a719a87c-4e93-4387-a6d1-2631a487f7e0,Ajdovščina,133
0df2ffa6-b1c8-44d0-900c-8b23b37794df,22c11486-1afa-491f-b9ab-162d88c8c44d,484b5c91-1220-43ba-af79-84e712fcc46b,Slovenija avto,313
8648bfde-9b0f-4a64-aced-fe63aa923879,4ec1b435-1683-4cd7-a4d0-688cc9f3b603,717dda7e-d793-4697-8f60-b64ee8b1edc4,Gosposvetska,1804
100da88e-4c5f-4188-bd11-d4f3fc80fb74,332abe37-33b8-4142-9edd-4ebd9e52eaf7,f2b27cbd-5207-4281-8f67-6369d0c50a9b,Kodrova,144
9cb18d2e-9bf3-436a-ab3a-7c52c5de1300,d83ec579-9ab5-4e30-bedd-86613c234abd,fef200e9-4d98-425b-ab14-8110e2aa85d7,Drama,1051
8375ab17-e389-42b2-9b88-0210a049e321,0d50a4a8-a88d-4468-b562-73e51937e1c5,21764d19-62cc-49fd-bac9-403aeac6a6b9,Ježica,2697
258aeffc-294a-4919-bfb0-34f90dc19892,e8b0d4a2-f65e-4aed-97b8-77ab0d07955a,aa42017d-812a-4175-bc9b-0fec03b18931,Ambrožev trg,194
5c15a390-36b6-47a9-9d84-0c7160157c1d,124ec397-421b-4737-bf71-09c9b1665a10,fef200e9-4d98-425b-ab14-8110e2aa85d7,Drama,1140
8598b85d-3e1d-4767-b72f-0c209038841f,2d6504e9-c938-417e-9b55-32d6514bc744,N/A,N/A,4525
98fa3880-5936-4ec8-ba04-39c7ff9a0e6a,b6816891-4b0d-4bda-8e12-176194efaefe,484b5c91-1220-43ba-af79-84e712fcc46b,Slovenija avto,370
5fe363f3-8297-448b-bde3-08f690c92d1b,a8a92762-af25-42a7-98dd-9846f8b33e09,N/A,N/A,4525
4d57f6bd-7ba7-4f07-8aa1-ecac0b09e8db,bc19ad1c-00fc-47f1-926e-ddeb12f686ba,a719a87c-4e93-4387-a6d1-2631a487f7e0,Ajdovščina,1179
e0c253d0-1de7-4add-ac75-8b16151fa462,392949a1-1ada-4196-9073-6f392638ca49,N/A,N/A,4525
233daca5-913b-4e10-bf34-18b1c8c77019,ba59baf4-dd00-40a5-80e7-3eee6b9d8b09,7c149b59-2bc6-45cb-95c8-69e18a0db627,Rusjanov trg,2404
3d9e90f6-2b67-4f24-9cc4-7c2063a08410,cdbafa76-fd1b-45e0-bbd6-d6c1c6a141f9,5d7f28a6-2a2a-4333-aa06-48edfb652f86,Pošta,130
d3a6cbf3-65f0-4db8-9a10-1460763eac8e,22ef2062-46f0-4a46-8d9a-6ceb7b7f45bc,5d7f28a6-2a2a-4333-aa06-48edfb652f86,Pošta,322
5d1e404b-1606-457e-8d2b-4e3e80139532,47a3bd8a-72ae-4e20-b43f-10bfaf49012c,9cfac7e2-9653-4e52-a6d3-27756d27f817,Kino Šiška,478
7411cd45-83d2-40e6-89f6-5a0995e409cb,318d4398-e152-498b-b4ff-1344c67adba6,N/A,N/A,4525
ba0f81e5-dfec-49bb-8d6b-d52618338640,60d91c8b-d5a9-4ef4-927c-e241bc31f81a,8c7fa045-888b-46d0-8189-6f82623bf481,Poljanska,2138
5a89967e-5654-49f6-84ca-59f7f9035444,7b41ca8e-2e41-4572-aa5c-1d80375e8835,271db19a-744b-41a0-869d-0c3e0e2cb6bf,Besnica,8
b589ddd3-5a31-4fe1-915f-44347b4c0a1a,59ee5f7d-476b-4958-a922-2040a9308f3b,c87db9be-1fba-4102-a743-0ee4317dd5af,Bavarski dvor,3117
6edebb46-d04f-45c4-99a4-100f7f0b2660,5d1e404b-1606-457e-8d2b-4e3e80139532,5d7f28a6-2a2a-4333-aa06-48edfb652f86,Pošta,615
c87db9be-1fba-4102-a743-0ee4317dd5af,ccd8a655-468b-4728-a26d-7981bbdd7dec,7484317c-269f-425f-8118-23eedab4e5f1,Tivoli,3485
9143c575-806f-4ba0-81bc-8199f0b0b4d0,e786b2df-34ed-4246-832e-7c3d538ac1f4,fb0042f8-d9e2-4916-b60a-38a026acf0c9,Leskoškova,660
c627c9f2-af02-4d83-969a-566719bb09e3,277bc73c-e61d-4046-bcfd-31d6161c568e,7fa32ea0-e884-435a-a81c-51bbd5cedf3e,Zaloška,1651
53806659-b339-4e68-af4a-4325c16b6026,e90a68ac-02be-418f-8937-b9f1906274f2,N/A,N/A,4525
4fddf4a7-ad4e-4630-a5ca-3267955db548,9a480b5e-0283-4130-a5e2-9d5e996caa4f,c87db9be-1fba-4102-a743-0ee4317dd5af,Bavarski dvor,2784
a6b87518-2a7f-4505-898f-245ebe23c909,9b85d4b0-c594-4e0e-9ce2-d0986256c270,98fa3880-5936-4ec8-ba04-39c7ff9a0e6a,Stara cerkev,724
ec88f05d-3035-4f09-8560-72571bc0b125,b2dd1684-0848-40f7-b10e-8f74bb005f2f,N/A,N/A,4525
7d628170-e2eb-47fd-9d3e-658acf78d7d3,01d1f388-d915-4e9f-bc3d-4432a73a216e,N/A,N/A,4525
125d4928-6b97-4a4b-af34-a2d1564c029c,163da3ae-0ab9-480e-b72d-16357e0a9061,fef200e9-4d98-425b-ab14-8110e2aa85d7,Drama,2890
7276f267-9837-4c56-aad3-f8cd555060da,219086ca-bdcb-4092-bd82-3d372b9b73ce,c87db9be-1fba-4102-a743-0ee4317dd5af,Bavarski dvor,283
cbf8e64b-fd0d-48ec-8fb1-03b298cc13b3,35aedf45-cca3-4f2f-931b-138d29d20fe9,38b3abed-0592-407b-96c3-85a026f2e192,Dalmatinova,2272
441545fb-7a0c-4555-aea8-01cbe6c14ea3,68c65382-15dc-465c-96b5-7f27af9d4a63,295616c0-387b-4f60-a337-7743cd6be04e,Bavarski dvor,826
cdbafa76-fd1b-45e0-bbd6-d6c1c6a141f9,ad8a76cf-4386-44b3-9156-490c502e4bc4,295616c0-387b-4f60-a337-7743cd6be04e,Bavarski dvor,927
596e3cfe-bd4c-4afa-ba4c-33172dba9be1,64ea9f57-1f7f-465e-8721-55e26faee36a,N/A,N/A,4525
d5d15a80-243b-49d7-a616-b3c3fb39e8af,6bc92f4c-414c-456b-9150-d58a7689d26e,N/A,N/A,4525
2323bf9e-1a47-4409-b9c8-398a035c8d12,030363e5-99a3-401f-96db-a16a340ace21,5d7f28a6-2a2a-4333-aa06-48edfb652f86,Pošta,2167
a999f83e-4e6a-4ef9-9a10-e4a2c8a4a182,eaad1ba5-14a4-494f-80ae-65294c29a962,98fa3880-5936-4ec8-ba04-39c7ff9a0e6a,Stara cerkev,1242
7add6fa5-bfd5-4d9c-841b-d9856088ede9,f784b27a-1509-4eec-bd52-6beee2b9530b,fef200e9-4d98-425b-ab14-8110e2aa85d7,Drama,27
5b2cb528-ba33-461a-aee5-54e2ed8c3758,d9a82add-03d0-47d8-9f35-117b7a5ded44,N/A,N/A,4525
aa3ce006-1975-496a-abc6-a98ec5e87652,9807573b-8821-40e4-b891-a5cea6e23b3d,c87db9be-1fba-4102-a743-0ee4317dd5af,Bavarski dvor,812
b2dd1684-0848-40f7-b10e-8f74bb005f2f,595ee2ab-3022-469d-a3e1-0c87d7dfb14d,N/A,N/A,4525
4062cd22-b67a-4235-9980-0178b7add592,a4545f57-dab0-4ca0-9da3-5bc96d80f104,9cfac7e2-9653-4e52-a6d3-27756d27f817,Kino Šiška,658
16d19639-a788-4df6-a168-6f8c3652ded7,0be53afd-2427-49b2-b70c-2ee3d89e9762,f33b721f-a8a3-4aad-96f2-077da09ebaa6,Razstavišče,798
39b60288-c9ac-4bc2-825b-524dec52182d,8fc42c89-96e2-4c69-a2b4-44d505f27ce9,b59656a4-b6e7-4b87-977c-078c59088a50,Hajdrihova,208
caac4c1a-13e4-4afa-b467-65d90a8fbd44,59d96e2c-3ee3-4581-840a-3ddaf0003743,8598b85d-3e1d-4767-b72f-0c209038841f,Štepanja vas,3094
379bc761-04b5-4227-be76-3b870fe3e69f,cce39cbe-6961-433a-a787-64fbf602f470,N/A,N/A,4525
2628b04b-eaf2-4c5a-b7ac-837237162783,b6816891-4b0d-4bda-8e12-176194efaefe,295616c0-387b-4f60-a337-7743cd6be04e,Bavarski dvor,226
7eb88e01-82e9-4af4-84d0-69c6ea9dc82c,156a6f62-9a67-4cf0-ad56-85a343c77cd2,a719a87c-4e93-4387-a6d1-2631a487f7e0,Ajdovščina,770
8b5f91a6-23b7-4786-96f9-a80c6d668e18,bff8345d-1b72-4b41-8b8d-cb8a5483a2e4,295616c0-387b-4f60-a337-7743cd6be04e,Bavarski dvor,993
295616c0-387b-4f60-a337-7743cd6be04e,ac3afe7d-a2b3-4d5d-9e6a-1d2412a3bc70,9cfac7e2-9653-4e52-a6d3-27756d27f817,Kino Šiška,566
0810f07b-94d6-442f-b10d-bf8210c4ed47,410b424b-5f4d-4137-bc20-7d1f328540a3,9a1c4c65-df77-481f-87ad-56143f02a864,Vižmarje,390
a12ab184-fb4b-449f-9884-88e0a1672e64,e0f10330-ad34-453d-baf4-d6c601cb6cf8,a719a87c-4e93-4387-a6d1-2631a487f7e0,Ajdovščina,3466
f8da5156-e545-47ed-a811-2242f41f5593,7558099b-08a3-43bc-8056-49bcc5900a03,98fa3880-5936-4ec8-ba04-39c7ff9a0e6a,Stara cerkev,4402
ba846253-4c87-4120-8f1c-05a563bf3999,a0b1fb90-3f6a-4231-910a-18be192ac762,f33b721f-a8a3-4aad-96f2-077da09ebaa6,Razstavišče,1248
3c143688-247f-41cc-960d-f5e37b874c3a,d27a7320-71d6-48bc-a4f5-0f3e239575b8,a719a87c-4e93-4387-a6d1-2631a487f7e0,Ajdovščina,606
cdee8be6-e02c-4fb5-9752-be1bac08d90d,5293859e-2ea2-4ad3-9781-884672606464,N/A,N/A,4525
524d67dd-fbb0-4f6a-9199-f095123044ab,995cbd67-507b-4c32-b794-0ff48e0a3de9,295616c0-387b-4f60-a337-7743cd6be04e,Bavarski dvor,447
c5ec5e81-2ce4-452d-bd7a-595de4f8b34f,bea9f247-4e88-4d7c-9387-8cd9342acb8c,7c149b59-2bc6-45cb-95c8-69e18a0db627,Rusjanov trg,2830
d861c2ce-106a-4b95-a4fc-2af355c0bbf0,2628ca4f-8797-4672-aca9-47b325c58aac,295616c0-387b-4f60-a337-7743cd6be04e,Bavarski dvor,1457
a4545f57-dab0-4ca0-9da3-5bc96d80f104,e0f10330-ad34-453d-baf4-d6c601cb6cf8,a2ce7e6f-0f99-443a-a973-81a0b9c60261,Astra,234
cec37fa8-0d4a-4e80-a259-2fa91b68463d,192b7b6a-b138-4569-a4f3-86bef6b20810,c87db9be-1fba-4102-a743-0ee4317dd5af,Bavarski dvor,245
24ab9d18-4fb9-4e7e-b48c-d5cdc9cd1305,e9035f9a-28be-450a-a30c-7178134ff26b,6a89c110-a0f8-4b1a-87f0-33f49c0a658e,Šola Jarše,724
f2bac6f5-5bbc-4f15-acdd-014d86770ce9,666e98e1-4a23-4204-a3e6-99110f8b3153,717dda7e-d793-4697-8f60-b64ee8b1edc4,Gosposvetska,551
1f4702d4-6b02-4ad3-aa9b-118ff9aa3474,9a480b5e-0283-4130-a5e2-9d5e996caa4f,a719a87c-4e93-4387-a6d1-2631a487f7e0,Ajdovščina,1346
a6fde748-bb91-465c-8665-20cbaed7df19,befe0e87-b5fe-41ff-9a77-f65461eff28d,N/A,N/A,4525
9c2e9262-7afe-44d3-8aaf-80afd45f9118,68075aa0-144c-4f6e-93ef-e93dfc35df78,295616c0-387b-4f60-a337-7743cd6be04e,Bavarski dvor,1051
f8da5156-e545-47ed-a811-2242f41f5593,fbd1dfb0-4a6f-4160-ad52-5ccb69530195,295616c0-387b-4f60-a337-7743cd6be04e,Bavarski dvor,81
1f207e67-adf9-4da6-b107-3b58051d9990,f2b27cbd-5207-4281-8f67-6369d0c50a9b,fef200e9-4d98-425b-ab14-8110e2aa85d7,Drama,1287
bf64b499-211b-4da8-ace2-f12a17608ae3,783196f2-97cd-4265-bb9a-b13aa8bb6a0b,fef200e9-4d98-425b-ab14-8110e2aa85d7,Drama,4159
72e6ae6e-bd4b-4946-a032-7ff9b8b41039,67c3adc1-a92d-4528-91ee-77d8b52574c6,5d7f28a6-2a2a-4333-aa06-48edfb652f86,Pošta,83
21fba303-9465-42e6-8942-eaff85a2b40c,cf5259af-d324-497e-b508-84fe92961eb1,N/A,N/A,4525
ab4e1412-1ac4-4864-8833-c1ddf48bec20,8598b85d-3e1d-4767-b72f-0c209038841f,484b5c91-1220-43ba-af79-84e712fcc46b,Slovenija avto,3511
c568fe2e-477f-4af2-ad68-cb8111f361d0,5764ff17-c787-4918-b7bd-a2ed9c6d7dd1,fef200e9-4d98-425b-ab14-8110e2aa85d7,Drama,827
1505c6fe-6080-424e-98d1-24c312cfacf3,824255dc-9be8-4f7b-9b69-2bd4e5a3fc27,a2ce7e6f-0f99-443a-a973-81a0b9c60261,Astra,98
2cde6efe-5f53-44aa-8018-76f0ea2c86f8,db13a26e-19d4-4b8a-a78a-01ef25d58834,a719a87c-4e93-4387-a6d1-2631a487f7e0,Ajdovščina,802
9dfc0a62-bf4d-4670-83d0-4e26a6e56b32,233daca5-913b-4e10-bf34-18b1c8c77019,9cfac7e2-9653-4e52-a6d3-27756d27f817,Kino Šiška,397
0b9c5011-4f2d-4753-914f-500532b0dbeb,0b9c5011-4f2d-4753-914f-500532b0dbeb,912792ae-7f7e-4295-8064-38ea96a5dc4a,Zagradec pri Grosupljem,1
c326e479-ccc3-4915-8788-3fa189d0143e,ef3024a8-1d7f-4cf5-ad3b-74528eaa9c51,a719a87c-4e93-4387-a6d1-2631a487f7e0,Ajdovščina,2087
5fa77d25-e7a3-42db-8cc9-52b612d5de19,62b17644-b4a6-412f-9e03-79bbaf339717,295616c0-387b-4f60-a337-7743cd6be04e,Bavarski dvor,4090
45b36327-9a1a-4cd5-8261-53217326b22f,22c11486-1afa-491f-b9ab-162d88c8c44d,295616c0-387b-4f60-a337-7743cd6be04e,Bavarski dvor,835
10449641-799e-4ee4-a712-a6e3a9aefc27,22c11486-1afa-491f-b9ab-162d88c8c44d,6182f8e8-c45e-4606-b4a4-d909bd44d2cc,Gornji trg,181
60d91c8b-d5a9-4ef4-927c-e241bc31f81a,67c3adc1-a92d-4528-91ee-77d8b52574c6,454817d3-3750-49c7-994c-14d06fd2c634,Žale,1002
1069d764-9345-425d-8c4d-12d6ffa1fde1,9e90940e-cf99-4112-87ec-7cbb6331509a,N/A,N/A,4525
71480129-1108-4659-bb1b-d62897a81d02,e3321752-4498-4da3-801c-d54920b22eba,9cfac7e2-9653-4e52-a6d3-27756d27f817,Kino Šiška,3804
2b223d0c-f8ec-4970-815c-bfe26c3ffc09,51e04e1d-9ea1-432d-8b79-09e6c2a7be7b,N/A,N/A,4525
d987aa3a-ae4a-42f6-bc9b-79c41dcf055a,c9b2488c-cca9-4b84-83cb-638ef545c851,a2ce7e6f-0f99-443a-a973-81a0b9c60261,Astra,1494
65a6b01d-c9cf-4d4e-930c-5562156d7375,46a50a09-9bae-460b-a7b6-457d288c5a9f,N/A,N/A,4525
f1d7dbc8-d84b-4550-a3bd-e4748a677e9d,2c46416a-d66e-469c-a342-898a93f5b2f0,5d7f28a6-2a2a-4333-aa06-48edfb652f86,Pošta,3336
25ad5579-f6a0-4f35-a0c9-0678b41e9dde,98239279-bb80-4070-965c-dc87525019e2,717dda7e-d793-4697-8f60-b64ee8b1edc4,Gosposvetska,1614
5c8bdb89-116a-4d5d-9db1-9be443070380,91fb6c6e-49cf-49d3-97d4-6ae228f9bfa1,9cfac7e2-9653-4e52-a6d3-27756d27f817,Kino Šiška,960
d6ae97e7-23b5-48d6-a9fa-2a2624e9f434,91fb6c6e-49cf-49d3-97d4-6ae228f9bfa1,295616c0-387b-4f60-a337-7743cd6be04e,Bavarski dvor,4346
784bebe9-c0c7-46eb-943d-0b1808ffd5ac,022ef61f-a226-42e8-b11d-30cf9f9a6688,a719a87c-4e93-4387-a6d1-2631a487f7e0,Ajdovščina,1252
59faa0f0-34b1-47cd-ba3a-3b6f0d684c00,a9473958-e505-4c16-8498-486b06a47856,295616c0-387b-4f60-a337-7743cd6be04e,Bavarski dvor,2836
e65047c0-c01e-4727-b466-78e107c81ee4,f07c916c-6fc6-4acf-a334-0ab0d3c4f57f,6bd46cb7-9e5d-453a-878a-bcc38fb2a5f2,Sava,4462
233daca5-913b-4e10-bf34-18b1c8c77019,55f1ae46-11e5-4270-991f-f09dae6c58bf,a2ce7e6f-0f99-443a-a973-81a0b9c60261,Astra,1879
2c0475be-44e7-4f0f-a06d-2c1b4ca15677,52407970-4547-4323-a632-8db4ed0b040f,c87db9be-1fba-4102-a743-0ee4317dd5af,Bavarski dvor,848
8589e5d1-21b4-4210-ad7a-4bf91f9a715d,c1606675-dd38-4952-914b-6ca64fd56b7b,717dda7e-d793-4697-8f60-b64ee8b1edc4,Gosposvetska,1383
da834a23-5697-49bb-b3a1-7f277c8206bc,b0b32562-f5dc-4183-abba-5729adf98088,N/A,N/A,4525
100da88e-4c5f-4188-bd11-d4f3fc80fb74,a7094427-e180-4deb-acaf-5d4488326e9e,fef200e9-4d98-425b-ab14-8110e2aa85d7,Drama,265
f4c5028b-48a4-4d0e-a91c-81a858923ddd,cec37fa8-0d4a-4e80-a259-2fa91b68463d,295616c0-387b-4f60-a337-7743cd6be04e,Bavarski dvor,636
1d7af067-e43b-4a98-953c-75f1b267d9ce,d7d791d9-02e0-4369-be0c-1546fc2044a4,c87db9be-1fba-4102-a743-0ee4317dd5af,Bavarski dvor,2212
295616c0-387b-4f60-a337-7743cd6be04e,392949a1-1ada-4196-9073-6f392638ca49,c87db9be-1fba-4102-a743-0ee4317dd5af,Bavarski dvor,2119
d119c3e9-7f2c-4d40-97a4-ccc6b4bb2951,c1606675-dd38-4952-914b-6ca64fd56b7b,fef200e9-4d98-425b-ab14-8110e2aa85d7,Drama,510
66a82f60-b1d1-4251-a715-178300014f18,13d6dac7-dc00-416e-a8c0-0d6967e4014e,88cdd36c-03d2-4374-a22f-110dd9f75ea0,Kajuhova,3809
2154edb8-16e2-4334-8878-9e38abcdf06a,e9d9f622-7394-4c5c-9031-a41855a64aa7,5d7f28a6-2a2a-4333-aa06-48edfb652f86,Pošta,641
cf6f67f5-f7df-4462-828b-481134217fad,a7094427-e180-4deb-acaf-5d4488326e9e,ecc4ae87-ae08-4b94-995c-452fdd94df7f,Privoz,971
9cb18d2e-9bf3-436a-ab3a-7c52c5de1300,a719a87c-4e93-4387-a6d1-2631a487f7e0,295616c0-387b-4f60-a337-7743cd6be04e,Bavarski dvor,310
47637057-8d6a-4cf9-bd56-3ac90748fcc4,dadea785-0c6b-4054-9882-37227de3df4b,c87db9be-1fba-4102-a743-0ee4317dd5af,Bavarski dvor,821
c627c9f2-af02-4d83-969a-566719bb09e3,6cc5af3b-67ea-47f3-9e8a-10946c32b906,N/A,N/A,4525
fb662324-f307-452f-9b00-0275dadfd382,f8da5156-e545-47ed-a811-2242f41f5593,1ce1c3a8-e0f6-4f90-b1aa-1448759d8b3c,Astra,471
acd87210-4e04-49b4-884b-1fe11c453bf4,392949a1-1ada-4196-9073-6f392638ca49,N/A,N/A,4525
7c390857-8fc7-49b5-9c9d-e5535d360148,7fad8003-fb10-489d-bf8d-6d433310ad90,N/A,N/A,4525
609f0950-bb8c-4eaf-a931-8575b8aff1ac,7d628170-e2eb-47fd-9d3e-658acf78d7d3,N/A,N/A,4525
53806659-b339-4e68-af4a-4325c16b6026,ef4a63e8-d956-4f09-80bd-8e4699418652,N/A,N/A,4525
f15ddf31-fc11-41ba-988d-376c83e38f58,79d89180-8b07-4127-b7b4-1ac03d1cee9f,a719a87c-4e93-4387-a6d1-2631a487f7e0,Ajdovščina,592
8fc42c89-96e2-4c69-a2b4-44d505f27ce9,48e907fd-e868-47cd-8cac-74c7d4582944,c87db9be-1fba-4102-a743-0ee4317dd5af,Bavarski dvor,111
ab987eb0-c970-4577-8db9-0cd507a6cab6,c6dd10bd-c21f-4a0c-9c7d-99e488a173d4,c87db9be-1fba-4102-a743-0ee4317dd5af,Bavarski dvor,890
7c390857-8fc7-49b5-9c9d-e5535d360148,60ccc570-3714-410b-aa31-43d3a4c593c8,N/A,N/A,4525
f528b363-1484-456c-835b-1e08dc31ef8e,7b687edb-dc47-4b68-a13e-34713cababe9,N/A,N/A,4525
ab987eb0-c970-4577-8db9-0cd507a6cab6,1b3dce90-170f-4176-b47b-2b50b9407e82,f33b721f-a8a3-4aad-96f2-077da09ebaa6,Razstavišče,914
2a7d32ca-24a1-41ac-a273-0cbcdec59336,ab624858-605d-48c6-a660-d54c2e037a91,N/A,N/A,4525
e3321752-4498-4da3-801c-d54920b22eba,ea80411c-360d-4a33-861c-6533a1d67eef,c87db9be-1fba-4102-a743-0ee4317dd5af,Bavarski dvor,89
5c38ad77-8124-42b3-810f-04703daec8b4,4c277b3f-c427-404b-ace3-2cd51656318f,b59656a4-b6e7-4b87-977c-078c59088a50,Hajdrihova,1305
4c08e174-6890-4c5d-9eec-15686971f909,219086ca-bdcb-4092-bd82-3d372b9b73ce,N/A,N/A,4525
e7789f42-0ad7-44d1-974b-42a3f4957291,eead721b-8996-4e73-a2f9-02dba20df4fa,N/A,N/A,4525
a769d1e9-8727-4190-b56c-5cdd8a49333d,6e7cab20-d7e3-474f-9a5e-f1e0ca6fae53,fef200e9-4d98-425b-ab14-8110e2aa85d7,Drama,610
59ee5f7d-476b-4958-a922-2040a9308f3b,fa96d420-d1af-4ad0-bf6a-4544deb1c5eb,c87db9be-1fba-4102-a743-0ee4317dd5af,Bavarski dvor,1868
12cfc2b3-f8ff-444b-8d5f-15855e45e331,c70ad4c4-6c37-4f31-83aa-921dc8bc15a4,ecc4ae87-ae08-4b94-995c-452fdd94df7f,Privoz,727
1eadcdb9-60cd-47c9-8eec-527c3465a685,9a14b0ec-f13a-46f0-8c4f-07d8b99241e2,f33b721f-a8a3-4aad-96f2-077da09ebaa6,Razstavišče,999
ea91e672-f4a8-40cb-af62-214726551a93,0ff94f7b-275b-4cc4-bb27-e00842f5ad87,454817d3-3750-49c7-994c-14d06fd2c634,Žale,1535
54c591c0-7bbb-4489-9229-57b18f95827a,6a0b25cc-428e-47b5-831a-e89facfa7f26,b59656a4-b6e7-4b87-977c-078c59088a50,Hajdrihova,1476
9741988b-6723-480b-a419-8db7490d667a,ee837fd9-7a5c-4f14-bbd7-a46f14eb07c5,77dcd833-fa4d-4c5a-93b1-31284942e61d,Šišenska,1519
6cc5af3b-67ea-47f3-9e8a-10946c32b906,29589594-5959-4efb-8dda-7348e4e500a0,N/A,N/A,4525
271db19a-744b-41a0-869d-0c3e0e2cb6bf,c568fe2e-477f-4af2-ad68-cb8111f361d0,a719a87c-4e93-4387-a6d1-2631a487f7e0,Ajdovščina,533
f07c916c-6fc6-4acf-a334-0ab0d3c4f57f,5cc8a08d-c0af-491f-9a9c-b8b4f5f23bc0,295616c0-387b-4f60-a337-7743cd6be04e,Bavarski dvor,753
58cd6196-8ac4-4803-be8b-1c0d2fb52528,108e7dc8-ca5d-4c91-9414-32a32a31b69a,N/A,N/A,4525
0a4b6359-22f0-4caa-b4a8-f4edb97a0825,1b3dce90-170f-4176-b47b-2b50b9407e82,fef200e9-4d98-425b-ab14-8110e2aa85d7,Drama,1384
4a74b966-4fbf-41ab-8e1b-276f3f14fc49,18d010ca-0244-4928-82cb-47af0836a1bb,fef200e9-4d98-425b-ab14-8110e2aa85d7,Drama,125
52e5adea-e194-4fc1-809c-1d6421f8f8db,98f728a3-94a6-4911-98d7-64ab88097036,f33b721f-a8a3-4aad-96f2-077da09ebaa6,Razstavišče,1334
9cfac7e2-9653-4e52-a6d3-27756d27f817,bd6d732b-65aa-4b59-be82-6ce1301e70d5,c87db9be-1fba-4102-a743-0ee4317dd5af,Bavarski dvor,71
100da88e-4c5f-4188-bd11-d4f3fc80fb74,eb165f50-9c43-4b09-9658-469a16d3dc83,295616c0-387b-4f60-a337-7743cd6be04e,Bavarski dvor,176
9b0074d2-2c92-4c01-830b-00be8e05b412,cbf8e64b-fd0d-48ec-8fb1-03b298cc13b3,c87db9be-1fba-4102-a743-0ee4317dd5af,Bavarski dvor,2760
f5e84751-7377-402c-974c-53276e422e70,7294875b-8482-484a-b04d-95b921612001,717dda7e-d793-4697-8f60-b64ee8b1edc4,Gosposvetska,2522
3a50f545-2fe2-45a0-8ed6-01635603efed,88cdd36c-03d2-4374-a22f-110dd9f75ea0,769b7bc7-4f95-4bb2-9c99-37ba8e8b4bd5,D. MOST P+R,4409
60d91c8b-d5a9-4ef4-927c-e241bc31f81a,459f82d2-cbe4-414b-b66b-0b794ea958ed,a2ce7e6f-0f99-443a-a973-81a0b9c60261,Astra,647
461045f0-a82c-45c0-af66-71b25f3f0e1a,010c271e-49ca-45a5-91ac-8ba8d41ee7f3,295616c0-387b-4f60-a337-7743cd6be04e,Bavarski dvor,4261
27788b38-4743-4e04-9b9c-94faeeeb2d34,c3534bc6-7bfd-43be-b46a-2b0fced57ab8,N/A,N/A,4525
010c271e-49ca-45a5-91ac-8ba8d41ee7f3,39650ca1-d08c-4645-ac1a-6aed84eb45c5,cdabf1ea-b04c-480a-8359-72c46e6864ab,Bežigrad,3119
5a89967e-5654-49f6-84ca-59f7f9035444,8589e5d1-21b4-4210-ad7a-4bf91f9a715d,a0e0a21b-b8ce-4d76-bbc2-04e179367fee,Šola Jarše,2348
2bf898b0-1247-4e84-87e2-2e044e580c8f,c0fb12dd-8cab-40da-a3aa-e8de9c6d09ed,b59656a4-b6e7-4b87-977c-078c59088a50,Hajdrihova,891
72e6ae6e-bd4b-4946-a032-7ff9b8b41039,0c3a77a7-d9eb-45c7-b722-1fafde29129c,6a89c110-a0f8-4b1a-87f0-33f49c0a658e,Šola Jarše,828
0b9c5011-4f2d-4753-914f-500532b0dbeb,a769d1e9-8727-4190-b56c-5cdd8a49333d,N/A,N/A,4525
06e4802d-2c96-4556-bd95-35e0a2bb030c,1e4be02a-ac61-41bc-b9b5-1ef7850313ed,N/A,N/A,4525
79d89180-8b07-4127-b7b4-1ac03d1cee9f,a7af0c5d-2297-40e2-a6e0-506f6aadba0a,717dda7e-d793-4697-8f60-b64ee8b1edc4,Gosposvetska,302
65a6b01d-c9cf-4d4e-930c-5562156d7375,845b482b-dba1-4313-a476-e772691689cf,b59656a4-b6e7-4b87-977c-078c59088a50,Hajdrihova,184
7310c006-62b8-4f94-bb9c-d5c26cb3faad,2628ca4f-8797-4672-aca9-47b325c58aac,769b7bc7-4f95-4bb2-9c99-37ba8e8b4bd5,D. MOST P+R,135
b905ae6a-f1e1-4057-8923-481902ed5a8e,56dbd8ff-6ec8-4186-b46c-f74ddb5a304a,98fa3880-5936-4ec8-ba04-39c7ff9a0e6a,Stara cerkev,2035
521edd75-c364-480a-af9e-a1c9815b6dd7,bf64b499-211b-4da8-ace2-f12a17608ae3,fef200e9-4d98-425b-ab14-8110e2aa85d7,Drama,2366
9a14b0ec-f13a-46f0-8c4f-07d8b99241e2,6a89c110-a0f8-4b1a-87f0-33f49c0a658e,c87db9be-1fba-4102-a743-0ee4317dd5af,Bavarski dvor,647
eee4abae-e720-4776-b6c7-0099d0119246,d5735919-60bb-4720-a695-9f5155a4f109,295616c0-387b-4f60-a337-7743cd6be04e,Bavarski dvor,807
bc66f88b-1412-44cb-b921-030d27335261,38b3abed-0592-407b-96c3-85a026f2e192,295616c0-387b-4f60-a337-7743cd6be04e,Bavarski dvor,1379
f73d3fb2-082c-4518-8af2-45de5490df4e,60d91c8b-d5a9-4ef4-927c-e241bc31f81a,b59656a4-b6e7-4b87-977c-078c59088a50,Hajdrihova,751
0b6c7b97-410c-48fa-be23-430c316f9b10,2496479b-f855-403d-bce8-2a4d9988665d,aa42017d-812a-4175-bc9b-0fec03b18931,Ambrožev trg,440
79d89180-8b07-4127-b7b4-1ac03d1cee9f,98a75a4c-0ef8-4efa-8f0a-384fe8eafce0,295616c0-387b-4f60-a337-7743cd6be04e,Bavarski dvor,354
075a6b29-66cb-409f-89fe-37d50669eff4,f66a1f18-4c18-4317-b929-fb616cc7cebc,7fa32ea0-e884-435a-a81c-51bbd5cedf3e,Zaloška,1783
fcc58ff5-bf0b-44ce-b12b-75ecc493f24d,b829062a-2644-4350-b998-74522d9e85d8,484b5c91-1220-43ba-af79-84e712fcc46b,Slovenija avto,3304
075a6b29-66cb-409f-89fe-37d50669eff4,c0fb12dd-8cab-40da-a3aa-e8de9c6d09ed,1ce1c3a8-e0f6-4f90-b1aa-1448759d8b3c,Astra,4212
f784b27a-1509-4eec-bd52-6beee2b9530b,8dde1a7b-e3ec-4675-8409-2a2c4ae696c7,a719a87c-4e93-4387-a6d1-2631a487f7e0,Ajdovščina,1644
5a89967e-5654-49f6-84ca-59f7f9035444,824255dc-9be8-4f7b-9b69-2bd4e5a3fc27,5d7f28a6-2a2a-4333-aa06-48edfb652f86,Pošta,317
f07c916c-6fc6-4acf-a334-0ab0d3c4f57f,6739536d-b334-46c6-ae80-4890afac7985,c87db9be-1fba-4102-a743-0ee4317dd5af,Bavarski dvor,548
43e01b7e-be2c-4282-be1b-9f628ca67327,02e96186-e90a-4171-8869-082486f7da1d,N/A,N/A,4525
29336b94-2382-46dd-b2e6-4590dd689640,c0e6a237-3879-4336-88b6-5af51408cc7e,5d7f28a6-2a2a-4333-aa06-48edfb652f86,Pošta,970
d9224caa-d582-4152-88e0-be720677fe16,ee095f27-439e-42e7-9e5c-e77b0903c31f,eb165f50-9c43-4b09-9658-469a16d3dc83,Kodeljevo,485
b91edda3-a147-4599-bebf-85e145de085b,22ef2062-46f0-4a46-8d9a-6ceb7b7f45bc,N/A,N/A,4525
abc9fd26-5442-468b-93b6-4d5eb76d0f1f,2b223d0c-f8ec-4970-815c-bfe26c3ffc09,295616c0-387b-4f60-a337-7743cd6be04e,Bavarski dvor,14
af820908-f71f-4c46-82c2-e7616f9c21fb,1df1835b-cfd3-40e7-9466-9c9d43642bed,c87db9be-1fba-4102-a743-0ee4317dd5af,Bavarski dvor,1215
df973089-967d-4446-916c-260e9e8fec83,216a26dc-11c2-432b-b099-0d55d508b7fa,769b7bc7-4f95-4bb2-9c99-37ba8e8b4bd5,D. MOST P+R,1417
3a50f545-2fe2-45a0-8ed6-01635603efed,d8ff7b2c-baf6-4a1a-97c5-0871b823caab,N/A,N/A,4525
b60d686c-3b89-447c-93f6-2837d9af3d02,93928408-7b36-41f9-9b62-fec53e14b4e2,5d7f28a6-2a2a-4333-aa06-48edfb652f86,Pošta,1225
4f681273-89fe-44f9-aaec-76950722cc52,4ca7ae7e-380b-45e3-81de-00ffab5bb531,f33b721f-a8a3-4aad-96f2-077da09ebaa6,Razstavišče,221
91fb6c6e-49cf-49d3-97d4-6ae228f9bfa1,bbfc6d44-94da-4cfd-b22a-368a2b11ce20,484b5c91-1220-43ba-af79-84e712fcc46b,Slovenija avto,1524
68c65382-15dc-465c-96b5-7f27af9d4a63,7ad774b6-172a-401b-b186-358aa2d560a2,fef200e9-4d98-425b-ab14-8110e2aa85d7,Drama,3270
397418bc-78a7-45c9-b5cf-374fe21cee11,b9edd39a-4f64-4553-869e-bb77e617b9b8,a719a87c-4e93-4387-a6d1-2631a487f7e0,Ajdovščina,420
08071ba1-570f-487b-9a36-01a046fb2788,3f996624-8134-4eec-9742-70111db659c1,fef200e9-4d98-425b-ab14-8110e2aa85d7,Drama,3148
1a3351a1-563e-4174-b402-54bc0e2f5191,79a5bacd-8b59-4d83-99e8-26e3c5b1490b,9a1c4c65-df77-481f-87ad-56143f02a864,Vižmarje,1233
32ff2d5b-61ae-415b-941b-aeb1be1b5052,306dcdea-b1ce-4357-ba5e-fa82293630df,c87db9be-1fba-4102-a743-0ee4317dd5af,Bavarski dvor,1595
02c61e3f-2d2e-4b42-b695-bbd3cc672f6b,db046e79-c658-433c-8812-157fd965a9f6,b59656a4-b6e7-4b87-977c-078c59088a50,Hajdrihova,2019
d3283222-38a9-40e2-a485-180d1a33067c,b829062a-2644-4350-b998-74522d9e85d8,N/A,N/A,4525
a1406782-3114-407c-8e35-35bcf5a1234b,1069d764-9345-425d-8c4d-12d6ffa1fde1,fef200e9-4d98-425b-ab14-8110e2aa85d7,Drama,3871
9b9d2948-7538-409c-9bfc-42c0b74c41a8,edf94a12-03e9-4225-b6cc-aca0edf588a7,c87db9be-1fba-4102-a743-0ee4317dd5af,Bavarski dvor,164
08071ba1-570f-487b-9a36-01a046fb2788,d3a6cbf3-65f0-4db8-9a10-1460763eac8e,c87db9be-1fba-4102-a743-0ee4317dd5af,Bavarski dvor,956
ab4e1412-1ac4-4864-8833-c1ddf48bec20,08506f21-8675-4972-a359-ba9412a1da49,5d7f28a6-2a2a-4333-aa06-48edfb652f86,Pošta,613
769b7bc7-4f95-4bb2-9c99-37ba8e8b4bd5,70bba1e8-3ea8-46fe-ace3-f75b04e37605,f4cfd904-bd11-4247-95df-32c4555a930f,Klinični center,1326
6cc5af3b-67ea-47f3-9e8a-10946c32b906,72e6ae6e-bd4b-4946-a032-7ff9b8b41039,N/A,N/A,4525
0b6960bb-2431-48c3-9e64-3cbf5c57ea96,2188a1bc-ce7a-4450-bd4f-871538578244,6182f8e8-c45e-4606-b4a4-d909bd44d2cc,Gornji trg,785
6efecef0-52ba-4a47-9991-9bab5ce31340,d2f9bbec-4b03-49a8-af83-afe65fe07a0e,N/A,N/A,4525
f66a1f18-4c18-4317-b929-fb616cc7cebc,29589594-5959-4efb-8dda-7348e4e500a0,a0b1fb90-3f6a-4231-910a-18be192ac762,Flajšmanova,647
05bd4cbd-b014-4cfd-8ca9-3c82b0a59114,e2d3c37e-a7df-458e-9e5a-ea33ccf4c11b,6bd46cb7-9e5d-453a-878a-bcc38fb2a5f2,Sava,1163
9afb36ea-c2ae-4bbb-9644-3a6c65bb1c7d,5764ff17-c787-4918-b7bd-a2ed9c6d7dd1,769b7bc7-4f95-4bb2-9c99-37ba8e8b4bd5,D. MOST P+R,1477
4f681273-89fe-44f9-aaec-76950722cc52,eb43a68a-54a5-4a37-b090-1329e2b4d830,f33b721f-a8a3-4aad-96f2-077da09ebaa6,Razstavišče,709
8d5e4aed-59fb-47c9-8559-5bf11b7ddca0,d4fd9934-5253-4ab8-a779-3e9e2a30c5b7,N/A,N/A,4525
eead721b-8996-4e73-a2f9-02dba20df4fa,0d50a4a8-a88d-4468-b562-73e51937e1c5,6a89c110-a0f8-4b1a-87f0-33f49c0a658e,Šola Jarše,2096
c1606675-dd38-4952-914b-6ca64fd56b7b,8677848c-55dd-4af4-b275-3074a3ff4846,fef200e9-4d98-425b-ab14-8110e2aa85d7,Drama,2448
3d8122ff-0840-4811-a5ad-c4702fc70269,cf94d70f-d211-4625-9037-014514562aa9,48b163cd-b819-4849-aee1-8b1da77657ab,Šentvid,102
30131bc3-a0f7-4cfc-9e4d-552b325c0ba7,5cc8a08d-c0af-491f-9a9c-b8b4f5f23bc0,9cfac7e2-9653-4e52-a6d3-27756d27f817,Kino Šiška,1695
c9b2488c-cca9-4b84-83cb-638ef545c851,d9a82add-03d0-47d8-9f35-117b7a5ded44,9a1c4c65-df77-481f-87ad-56143f02a864,Vižmarje,595
d72032c7-d4b0-4eee-a87c-593985a42266,9cfac7e2-9653-4e52-a6d3-27756d27f817,f33b721f-a8a3-4aad-96f2-077da09ebaa6,Razstavišče,2472
a0b1fb90-3f6a-4231-910a-18be192ac762,f496ecc3-28fe-4361-9da8-428bbf3bd672,98fa3880-5936-4ec8-ba04-39c7ff9a0e6a,Stara cerkev,544
1f9fad8e-d59c-494c-bdd1-1983afacb755,62feeb73-9af7-43ee-8714-1b435ec20263,c22879e5-8e90-4540-9a74-5f139208e492,Friškovec,895
05bd4cbd-b014-4cfd-8ca9-3c82b0a59114,bdd68b01-e9a1-4270-be50-8b5c7bd39a1c,7fa32ea0-e884-435a-a81c-51bbd5cedf3e,Zaloška,478
b60d686c-3b89-447c-93f6-2837d9af3d02,1536cb2e-acd3-49cb-8f06-bb8cd40c0c02,717dda7e-d793-4697-8f60-b64ee8b1edc4,Gosposvetska,803
77c4dfcc-1122-4896-9983-8a5bd11320de,b4634750-8d91-4625-b40d-1da9665e70f6,48b163cd-b819-4849-aee1-8b1da77657ab,Šentvid,2919
cce39cbe-6961-433a-a787-64fbf602f470,010c271e-49ca-45a5-91ac-8ba8d41ee7f3,fef200e9-4d98-425b-ab14-8110e2aa85d7,Drama,449
5be3b187-5735-4444-bee7-0665f60e6c83,d0790612-d161-4be4-953d-a7a0c33acf1e,484b5c91-1220-43ba-af79-84e712fcc46b,Slovenija avto,648
69f98a9c-d52d-423a-b44e-89b6320a7a88,4b847ac2-4c41-4fc1-a497-9ce4deaab8b1,f14a6236-8af2-47bf-9270-432377662a63,Viadukt,85
eba0daca-3696-4f72-a1dd-5f7b5fd02a63,e0f10330-ad34-453d-baf4-d6c601cb6cf8,N/A,N/A,4525
9a14b0ec-f13a-46f0-8c4f-07d8b99241e2,e4635b94-348c-4c69-be85-1160488e5e43,454817d3-3750-49c7-994c-14d06fd2c634,Žale,780
a1795ee0-9147-4a5c-bb11-f60a809f690e,ca575a45-9c95-4348-9245-8c75f70130b3,N/A,N/A,4525
e65047c0-c01e-4727-b466-78e107c81ee4,245bb1a4-ea6e-45b4-8331-b50983655326,88cdd36c-03d2-4374-a22f-110dd9f75ea0,Kajuhova,1656
fcfe6ac9-74b3-4c13-96b7-6041f1454813,81a7167c-7913-442e-96c5-20dc6e25d74b,38b3abed-0592-407b-96c3-85a026f2e192,Dalmatinova,2726
a999f83e-4e6a-4ef9-9a10-e4a2c8a4a182,8441d439-8d1d-40b8-b3d5-7b9c56848b43,295616c0-387b-4f60-a337-7743cd6be04e,Bavarski dvor,2841
21a5f1e3-8ac0-4023-95ca-0a3ff54099aa,2c87f988-902b-4b35-91da-5437a58759f5,295616c0-387b-4f60-a337-7743cd6be04e,Bavarski dvor,2638
acd87210-4e04-49b4-884b-1fe11c453bf4,f088dbda-3ab0-43c5-bcdf-c727725c05be,N/A,N/A,4525
e786b2df-34ed-4246-832e-7c3d538ac1f4,a6fde748-bb91-465c-8665-20cbaed7df19,N/A,N/A,4525
d861c2ce-106a-4b95-a4fc-2af355c0bbf0,f528b363-1484-456c-835b-1e08dc31ef8e,5d7f28a6-2a2a-4333-aa06-48edfb652f86,Pošta,281
7d1d9e60-8a7d-4e50-86e5-f3a42a99d837,dba19980-8ca1-4847-b9b5-8cd419374ae2,N/A,N/A,4525
9807573b-8821-40e4-b891-a5cea6e23b3d,930fed8f-1d4d-40c6-9a3b-53697263a0f2,f33b721f-a8a3-4aad-96f2-077da09ebaa6,Razstavišče,2517
e65047c0-c01e-4727-b466-78e107c81ee4,48e907fd-e868-47cd-8cac-74c7d4582944,fef200e9-4d98-425b-ab14-8110e2aa85d7,Drama,3307
c8e0086c-0cef-4375-a471-72f3ae1e34fc,c86d5f37-52ee-4e3a-99b5-b9554118c4d5,c87db9be-1fba-4102-a743-0ee4317dd5af,Bavarski dvor,3738
bc66f88b-1412-44cb-b921-030d27335261,e786b2df-34ed-4246-832e-7c3d538ac1f4,5d7f28a6-2a2a-4333-aa06-48edfb652f86,Pošta,923
318d4398-e152-498b-b4ff-1344c67adba6,1ceecd12-b005-4828-ad39-8f2aeb1ca228,295616c0-387b-4f60-a337-7743cd6be04e,Bavarski dvor,204
35dbaf26-2fa4-45c4-87fc-81d1ff13b005,93928408-7b36-41f9-9b62-fec53e14b4e2,c87db9be-1fba-4102-a743-0ee4317dd5af,Bavarski dvor,1399
98a75a4c-0ef8-4efa-8f0a-384fe8eafce0,f2bac6f5-5bbc-4f15-acdd-014d86770ce9,c87db9be-1fba-4102-a743-0ee4317dd5af,Bavarski dvor,314
7d1d9e60-8a7d-4e50-86e5-f3a42a99d837,a8af1032-30bf-4f7b-a921-28d2f712fd24,N/A,N/A,4525
a0e0a21b-b8ce-4d76-bbc2-04e179367fee,10449641-799e-4ee4-a712-a6e3a9aefc27,c87db9be-1fba-4102-a743-0ee4317dd5af,Bavarski dvor,1484
a52cd7ac-c11e-4c8b-94a5-1a12b32595da,41c8c7eb-62ef-45d8-b5b1-221dd3c0022c,fef200e9-4d98-425b-ab14-8110e2aa85d7,Drama,1466
627be449-8b6a-40f4-a57c-09ccdacccb66,7294875b-8482-484a-b04d-95b921612001,aa42017d-812a-4175-bc9b-0fec03b18931,Ambrožev trg,2192
81b6f6ad-6dd6-4e3f-a0bd-754a65a3e57b,7294875b-8482-484a-b04d-95b921612001,295616c0-387b-4f60-a337-7743cd6be04e,Bavarski dvor,2996
cf22c7c2-776f-4bd7-ae1a-dc4f25983c19,b4ffcb65-e60f-478d-806b-e7ae83f1a39d,a719a87c-4e93-4387-a6d1-2631a487f7e0,Ajdovščina,1261
023d7b7a-b411-4e61-8746-b07f9e5c8f90,13d6dac7-dc00-416e-a8c0-0d6967e4014e,295616c0-387b-4f60-a337-7743cd6be04e,Bavarski dvor,3965
9b4a7d21-709f-4462-b602-c77d975df9e7,441545fb-7a0c-4555-aea8-01cbe6c14ea3,5d7f28a6-2a2a-4333-aa06-48edfb652f86,Pošta,1387
6d2a7c2e-5938-433e-a691-b9bc28767675,f5e84751-7377-402c-974c-53276e422e70,5d7f28a6-2a2a-4333-aa06-48edfb652f86,Pošta,908
d2e3d9f5-0203-49a4-8ea1-455e2434a347,f1b7471e-db71-49da-846d-1232cb3e8f8f,N/A,N/A,4525
84578591-7543-4105-8465-9df30256360d,4d216485-ef41-45e7-9182-0c254644955c,a719a87c-4e93-4387-a6d1-2631a487f7e0,Ajdovščina,2503
69bc9f1c-507f-463c-ba5a-04500b319967,16578e36-c682-4083-bd29-4973445dc0fe,a719a87c-4e93-4387-a6d1-2631a487f7e0,Ajdovščina,927
6c56976b-4ae1-429f-bcab-0cfc37e3580d,eb8e8d9a-a3d5-4ec1-9356-26e0e41912d1,295616c0-387b-4f60-a337-7743cd6be04e,Bavarski dvor,362
9c3d9f7c-69df-4a48-8f1a-d25e7a922ac3,81a7167c-7913-442e-96c5-20dc6e25d74b,5d7f28a6-2a2a-4333-aa06-48edfb652f86,Pošta,3737
1e157c31-d34d-4c2e-91b4-8c000c88f6dd,7c37b809-4d6d-497c-a53d-38663e91c088,7fa32ea0-e884-435a-a81c-51bbd5cedf3e,Zaloška,1005
ba846253-4c87-4120-8f1c-05a563bf3999,c3534bc6-7bfd-43be-b46a-2b0fced57ab8,aa42017d-812a-4175-bc9b-0fec03b18931,Ambrožev trg,73
5764ff17-c787-4918-b7bd-a2ed9c6d7dd1,a2ce7e6f-0f99-443a-a973-81a0b9c60261,a719a87c-4e93-4387-a6d1-2631a487f7e0,Ajdovščina,1455
2265e4de-a537-4f97-882b-c94c24aabfb0,223f660b-c391-4120-bf3c-7bf06781686b,a719a87c-4e93-4387-a6d1-2631a487f7e0,Ajdovščina,915
78c69686-64ed-437c-83b5-0e28733ed70c,0e79ef8c-f692-4e29-a37e-4a81cbb3d410,c87db9be-1fba-4102-a743-0ee4317dd5af,Bavarski dvor,407
4bd4913f-8597-4ea0-b219-4e9b15dcbb62,46847a61-d68a-4d2c-ad76-18e043d41430,fef200e9-4d98-425b-ab14-8110e2aa85d7,Drama,2747
a26d9a94-effb-45ab-a27f-74076e9e5bdd,2bf898b0-1247-4e84-87e2-2e044e580c8f,db13a26e-19d4-4b8a-a78a-01ef25d58834,Ježica,3465
db13a26e-19d4-4b8a-a78a-01ef25d58834,f5dc05ab-b5cf-4f25-a85b-f346876311cb,c87db9be-1fba-4102-a743-0ee4317dd5af,Bavarski dvor,1807
259de009-1345-4169-920b-baeaceade993,15eaf9b9-db6d-4586-9ad2-5bfa99719bfd,1ce1c3a8-e0f6-4f90-b1aa-1448759d8b3c,Astra,56
1035c6f7-304e-4329-a3b2-4eb5d985a577,3c6ebf90-c611-4535-b2b0-22fba3f7649a,fef200e9-4d98-425b-ab14-8110e2aa85d7,Drama,531
cecad767-51e5-4683-bf56-e6e342f8d1e0,d7384760-d854-492d-87af-f342cab37fc1,c87db9be-1fba-4102-a743-0ee4317dd5af,Bavarski dvor,2248
e2499103-6634-4d8e-87a8-68dc5ef6340c,7fa32ea0-e884-435a-a81c-51bbd5cedf3e,fef200e9-4d98-425b-ab14-8110e2aa85d7,Drama,1597
51dbf10f-cf3b-4575-a8cc-d1080c1f9dde,9f01f25f-9a5b-459a-96da-222ef81faf51,N/A,N/A,4525
dfd33168-046e-49af-9428-b9394f98667c,33613e0e-f41c-4cee-804a-3942bf698e3e,a719a87c-4e93-4387-a6d1-2631a487f7e0,Ajdovščina,400
c6eab761-36e0-4bf8-88ed-48e594ed375b,5293859e-2ea2-4ad3-9781-884672606464,N/A,N/A,4525
363564a6-9938-4bf5-8928-1cd191e9c2ef,3c143688-247f-41cc-960d-f5e37b874c3a,a719a87c-4e93-4387-a6d1-2631a487f7e0,Ajdovščina,1141
712ee105-4fab-498a-af5c-496ca9830f5f,18d010ca-0244-4928-82cb-47af0836a1bb,f33b721f-a8a3-4aad-96f2-077da09ebaa6,Razstavišče,886
4c277b3f-c427-404b-ace3-2cd51656318f,2c46416a-d66e-469c-a342-898a93f5b2f0,c87db9be-1fba-4102-a743-0ee4317dd5af,Bavarski dvor,508
43df2657-d56f-4fc4-8c40-49180cbbe90c,69bc9f1c-507f-463c-ba5a-04500b319967,N/A,N/A,4525
8e7a488b-cd48-4243-92b0-42792d0e3bc1,30e58784-86f6-4d93-8630-3cc3fc93c6f3,98fa3880-5936-4ec8-ba04-39c7ff9a0e6a,Stara cerkev,438
e0f10330-ad34-453d-baf4-d6c601cb6cf8,64ea9f57-1f7f-465e-8721-55e26faee36a,98fa3880-5936-4ec8-ba04-39c7ff9a0e6a,Stara cerkev,470
a41f5786-6b70-4224-bcde-e6fbaac4c21b,38b3abed-0592-407b-96c3-85a026f2e192,N/A,N/A,4525
fd0e405e-d5e5-45fc-8911-e48a178ad4a9,e82569a6-73f3-4002-b7b5-0f83ee167535,fef200e9-4d98-425b-ab14-8110e2aa85d7,Drama,110
100da88e-4c5f-4188-bd11-d4f3fc80fb74,5881f75e-9383-49b0-811d-04c864ba1605,N/A,N/A,4525
15bb8af1-183e-4ec8-81f7-1fc6e81beb30,d4c25d68-c340-431b-a646-7680fe0cefee,a2ce7e6f-0f99-443a-a973-81a0b9c60261,Astra,433
6bc92f4c-414c-456b-9150-d58a7689d26e,2ec182e2-769f-427f-b9b5-c4118890cb96,f4cfd904-bd11-4247-95df-32c4555a930f,Klinični center,1669
eb43a68a-54a5-4a37-b090-1329e2b4d830,b47eac47-d897-4ba7-ab06-8e642cc8efe8,769b7bc7-4f95-4bb2-9c99-37ba8e8b4bd5,D. MOST P+R,538
8a224b7d-24ae-4c7b-8318-f66ac8cc078b,e333d90d-3eef-4d82-9e00-ebe693e2f389,5d7f28a6-2a2a-4333-aa06-48edfb652f86,Pošta,1600
3f996624-8134-4eec-9742-70111db659c1,1035c6f7-304e-4329-a3b2-4eb5d985a577,c87db9be-1fba-4102-a743-0ee4317dd5af,Bavarski dvor,4035
ba2b16a8-1273-45d2-8758-47b9694df9a6,6a89c110-a0f8-4b1a-87f0-33f49c0a658e,48b163cd-b819-4849-aee1-8b1da77657ab,Šentvid,595
7f45fe9c-917a-4571-9a74-9e940cd84f3c,eaad1ba5-14a4-494f-80ae-65294c29a962,717dda7e-d793-4697-8f60-b64ee8b1edc4,Gosposvetska,2711
f1bc11ca-7516-447a-b826-7051c5306af7,d83ec579-9ab5-4e30-bedd-86613c234abd,c87db9be-1fba-4102-a743-0ee4317dd5af,Bavarski dvor,3024
eee355cc-98a1-4f25-8bf9-0100856eda6e,76f20fbf-afc4-4c7d-b51c-14f0878b38d8,fef200e9-4d98-425b-ab14-8110e2aa85d7,Drama,173
b60d686c-3b89-447c-93f6-2837d9af3d02,32ff2d5b-61ae-415b-941b-aeb1be1b5052,1ce1c3a8-e0f6-4f90-b1aa-1448759d8b3c,Astra,2816
4a74b966-4fbf-41ab-8e1b-276f3f14fc49,1308dcf9-a9e1-4e54-95c9-0f2afaac889b,484b5c91-1220-43ba-af79-84e712fcc46b,Slovenija avto,412
666e98e1-4a23-4204-a3e6-99110f8b3153,f088dbda-3ab0-43c5-bcdf-c727725c05be,769b7bc7-4f95-4bb2-9c99-37ba8e8b4bd5,D. MOST P+R,1356
fbd1dfb0-4a6f-4160-ad52-5ccb69530195,7fad8003-fb10-489d-bf8d-6d433310ad90,f2b27cbd-5207-4281-8f67-6369d0c50a9b,Kodrova,1323
a6fde748-bb91-465c-8665-20cbaed7df19,ea9d5fa9-af5a-4d39-96fd-626415048511,N/A,N/A,4525
f9d70942-e517-4560-8655-99481edd2b95,666e98e1-4a23-4204-a3e6-99110f8b3153,295616c0-387b-4f60-a337-7743cd6be04e,Bavarski dvor,196
9c3d9f7c-69df-4a48-8f1a-d25e7a922ac3,87415b6b-7e7f-4b82-b78f-ef1a7db85282,c87db9be-1fba-4102-a743-0ee4317dd5af,Bavarski dvor,3359
f2920a77-6c6c-494d-96b7-2a8caf8f374f,69bc9f1c-507f-463c-ba5a-04500b319967,dfde6478-02b5-471b-a470-29cb0e84542f,Slovenija avto,3168
80c65758-5f25-4003-8d55-10ff96fe8310,ad8a76cf-4386-44b3-9156-490c502e4bc4,fef200e9-4d98-425b-ab14-8110e2aa85d7,Drama,3382
cd2cdf5f-a758-494c-8b1f-2de4ac913723,db9f7130-0bc2-4f3e-b8cd-07cfe96b1f8f,N/A,N/A,4525
b5273abc-dfeb-49a2-9607-249bf6415e4b,d0790612-d161-4be4-953d-a7a0c33acf1e,N/A,N/A,4525
9c57d59a-53f8-4a16-b279-2ab1745ea230,a5eb15d2-f0cb-46a6-b888-6a9aad6bc5b6,f14a6236-8af2-47bf-9270-432377662a63,Viadukt,1217
b0d473cd-f35e-4a30-8d0d-70f16b92e8e8,daf172e0-4dd9-4d5b-8287-67ad2034bced,6182f8e8-c45e-4606-b4a4-d909bd44d2cc,Gornji trg,2222
acd87210-4e04-49b4-884b-1fe11c453bf4,a12cff7f-91e5-4f1e-be40-1a9b34ae792a,N/A,N/A,4525
8589e5d1-21b4-4210-ad7a-4bf91f9a715d,4b847ac2-4c41-4fc1-a497-9ce4deaab8b1,c87db9be-1fba-4102-a743-0ee4317dd5af,Bavarski dvor,90
f5dc05ab-b5cf-4f25-a85b-f346876311cb,b5e26d7f-8a91-4360-9811-2e8e05d27382,8c7fa045-888b-46d0-8189-6f82623bf481,Poljanska,795
b905ae6a-f1e1-4057-8923-481902ed5a8e,7ba233b7-a50a-497d-8135-dd8dabf93ff5,c87db9be-1fba-4102-a743-0ee4317dd5af,Bavarski dvor,2484
e8b0d4a2-f65e-4aed-97b8-77ab0d07955a,32abc648-685c-47b0-bbc4-203371ec2699,c22879e5-8e90-4540-9a74-5f139208e492,Friškovec,1211
bf64b499-211b-4da8-ace2-f12a17608ae3,61926b26-d777-483f-ae79-86766c48793b,295616c0-387b-4f60-a337-7743cd6be04e,Bavarski dvor,956
eba0daca-3696-4f72-a1dd-5f7b5fd02a63,91fb6c6e-49cf-49d3-97d4-6ae228f9bfa1,N/A,N/A,4525
eaad1ba5-14a4-494f-80ae-65294c29a962,1f4702d4-6b02-4ad3-aa9b-118ff9aa3474,9a1c4c65-df77-481f-87ad-56143f02a864,Vižmarje,1975
ee7e3c65-72e8-465e-a9a3-a9370ec1f314,f2bac6f5-5bbc-4f15-acdd-014d86770ce9,48b163cd-b819-4849-aee1-8b1da77657ab,Šentvid,2277
592b37eb-8255-4758-ae8a-7cef98521013,ba2b16a8-1273-45d2-8758-47b9694df9a6,5d7f28a6-2a2a-4333-aa06-48edfb652f86,Pošta,207
39b60288-c9ac-4bc2-825b-524dec52182d,391bf42a-68a3-400a-baea-0c708f327325,6459bd02-d8f8-413e-9402-10b916f09a4f,7. septembra,765
7ea32e84-b8d9-498b-9f03-5a66990012b9,a8af1032-30bf-4f7b-a921-28d2f712fd24,295616c0-387b-4f60-a337-7743cd6be04e,Bavarski dvor,2251
b2dd8b3a-3710-4f07-b735-4bd183bfaade,3d0466c6-82f4-4a8e-ac5f-18d4dab794ac,8c7fa045-888b-46d0-8189-6f82623bf481,Poljanska,2474
25c85d19-456c-4188-b563-15ad467a54c7,7558099b-08a3-43bc-8056-49bcc5900a03,N/A,N/A,4525
2beb7011-982a-4349-be22-addf1c3bdec7,24df120e-0d0c-4353-8dda-c7ef0dc3dd5c,7bcbdcaa-00b9-47d4-8982-09da26cd7bcb,Zaloška,1047
56dbd8ff-6ec8-4186-b46c-f74ddb5a304a,a7177a3d-8db2-43fb-8910-f95857f0ed97,N/A,N/A,4525
d4c25d68-c340-431b-a646-7680fe0cefee,bb606ad8-8a10-4034-9862-60cc177d2455,f33b721f-a8a3-4aad-96f2-077da09ebaa6,Razstavišče,3962
030363e5-99a3-401f-96db-a16a340ace21,c124f317-217b-4b89-9597-393843de4f81,5d7f28a6-2a2a-4333-aa06-48edfb652f86,Pošta,3627
