zacetek_A,zacetek_B,srecanje_id,srecanje_ime,stevilo_korakov
889e3719-7d29-4888-b690-5a1531d2930e,3429cda2-6047-453c-bf54-952dfa6674c0,9a938b49-ce1d-4e1c-a789-e316630ebc4f,Poliklinika,1282
889e3719-7d29-4888-b690-5a1531d2930e,3429cda2-6047-453c-bf54-952dfa6674c0,9bb1ed3b-5a6f-43c7-afaf-ba2b60ca1a7a,Aškerčeva,18
889e3719-7d29-4888-b690-5a1531d2930e,3429cda2-6047-453c-bf54-952dfa6674c0,5d7f28a6-2a2a-4333-aa06-48edfb652f86,Pošta,1147
889e3719-7d29-4888-b690-5a1531d2930e,3429cda2-6047-453c-bf54-952dfa6674c0,e57aad1d-457e-401f-b26d-306b4fd836eb,Kašeljska,391
889e3719-7d29-4888-b690-5a1531d2930e,3429cda2-6047-453c-bf54-952dfa6674c0,b905ae6a-f1e1-4057-8923-481902ed5a8e,Konzorcij,1051
889e3719-7d29-4888-b690-5a1531d2930e,3429cda2-6047-453c-bf54-952dfa6674c0,4062cd22-b67a-4235-9980-0178b7add592,Drama,16
889e3719-7d29-4888-b690-5a1531d2930e,3429cda2-6047-453c-bf54-952dfa6674c0,95eee7e8-237d-4410-a9bf-00c6f88129c1,Cukrarna,89
889e3719-7d29-4888-b690-5a1531d2930e,3429cda2-6047-453c-bf54-952dfa6674c0,9afb36ea-c2ae-4bbb-9644-3a6c65bb1c7d,Kino Šiška,289
889e3719-7d29-4888-b690-5a1531d2930e,3429cda2-6047-453c-bf54-952dfa6674c0,fef200e9-4d98-425b-ab14-8110e2aa85d7,Drama,7
889e3719-7d29-4888-b690-5a1531d2930e,3429cda2-6047-453c-bf54-952dfa6674c0,f2920a77-6c6c-494d-96b7-2a8caf8f374f,Mirje,290
889e3719-7d29-4888-b690-5a1531d2930e,3429cda2-6047-453c-bf54-952dfa6674c0,abc9fd26-5442-468b-93b6-4d5eb76d0f1f,BTC-Emporium,1813
889e3719-7d29-4888-b690-5a1531d2930e,3429cda2-6047-453c-bf54-952dfa6674c0,fef200e9-4d98-425b-ab14-8110e2aa85d7,Drama,1669
889e3719-7d29-4888-b690-5a1531d2930e,3429cda2-6047-453c-bf54-952dfa6674c0,bea274aa-277a-403d-ab2f-a0342b28882e,Križanke,2601
889e3719-7d29-4888-b690-5a1531d2930e,3429cda2-6047-453c-bf54-952dfa6674c0,f073b9d9-a3e3-4d04-a209-0db55377b79e,Zmajski most,817
889e3719-7d29-4888-b690-5a1531d2930e,3429cda2-6047-453c-bf54-952dfa6674c0,d72032c7-d4b0-4eee-a87c-593985a42266,Tobačna,695
889e3719-7d29-4888-b690-5a1531d2930e,3429cda2-6047-453c-bf54-952dfa6674c0,a12ab184-fb4b-449f-9884-88e0a1672e64,Tbilisijska,214
889e3719-7d29-4888-b690-5a1531d2930e,3429cda2-6047-453c-bf54-952dfa6674c0,c8e0086c-0cef-4375-a471-72f3ae1e34fc,Strelišče,135
889e3719-7d29-4888-b690-5a1531d2930e,3429cda2-6047-453c-bf54-952dfa6674c0,11d74c00-da13-4cad-883e-c6dcf8edcbe8,Aleja,527
889e3719-7d29-4888-b690-5a1531d2930e,3429cda2-6047-453c-bf54-952dfa6674c0,6a74977a-a26d-42b4-a60b-8dabc726e57d,Gornji Rudnik,104
889e3719-7d29-4888-b690-5a1531d2930e,3429cda2-6047-453c-bf54-952dfa6674c0,25ad5579-f6a0-4f35-a0c9-0678b41e9dde,Križanke,865
889e3719-7d29-4888-b690-5a1531d2930e,3429cda2-6047-453c-bf54-952dfa6674c0,c124f317-217b-4b89-9597-393843de4f81,Nusdorferjeva,676
889e3719-7d29-4888-b690-5a1531d2930e,3429cda2-6047-453c-bf54-952dfa6674c0,c87db9be-1fba-4102-a743-0ee4317dd5af,Bavarski dvor,1615
889e3719-7d29-4888-b690-5a1531d2930e,3429cda2-6047-453c-bf54-952dfa6674c0,d50b2bdb-481b-4e58-ada6-47a028fc6382,BTC-tržnica,553
889e3719-7d29-4888-b690-5a1531d2930e,3429cda2-6047-453c-bf54-952dfa6674c0,fef200e9-4d98-425b-ab14-8110e2aa85d7,Drama,106
889e3719-7d29-4888-b690-5a1531d2930e,3429cda2-6047-453c-bf54-952dfa6674c0,fef200e9-4d98-425b-ab14-8110e2aa85d7,Drama,914
889e3719-7d29-4888-b690-5a1531d2930e,3429cda2-6047-453c-bf54-952dfa6674c0,25ad5579-f6a0-4f35-a0c9-0678b41e9dde,Križanke,517
889e3719-7d29-4888-b690-5a1531d2930e,3429cda2-6047-453c-bf54-952dfa6674c0,7310c006-62b8-4f94-bb9c-d5c26cb3faad,Polje,1385
889e3719-7d29-4888-b690-5a1531d2930e,3429cda2-6047-453c-bf54-952dfa6674c0,c124f317-217b-4b89-9597-393843de4f81,Nusdorferjeva,1097
889e3719-7d29-4888-b690-5a1531d2930e,3429cda2-6047-453c-bf54-952dfa6674c0,484b5c91-1220-43ba-af79-84e712fcc46b,Slovenija avto,919
889e3719-7d29-4888-b690-5a1531d2930e,3429cda2-6047-453c-bf54-952dfa6674c0,4c277b3f-c427-404b-ace3-2cd51656318f,Tehnounion,584
889e3719-7d29-4888-b690-5a1531d2930e,3429cda2-6047-453c-bf54-952dfa6674c0,d5102041-8282-4c77-a593-edac0d0d4a34,Cukrarna,358
889e3719-7d29-4888-b690-5a1531d2930e,3429cda2-6047-453c-bf54-952dfa6674c0,4062cd22-b67a-4235-9980-0178b7add592,Drama,1338
889e3719-7d29-4888-b690-5a1531d2930e,3429cda2-6047-453c-bf54-952dfa6674c0,b905ae6a-f1e1-4057-8923-481902ed5a8e,Konzorcij,1179
889e3719-7d29-4888-b690-5a1531d2930e,3429cda2-6047-453c-bf54-952dfa6674c0,659ee31d-ae12-4498-8507-28579d322e32,Vič Glince,1383
889e3719-7d29-4888-b690-5a1531d2930e,3429cda2-6047-453c-bf54-952dfa6674c0,d72032c7-d4b0-4eee-a87c-593985a42266,Tobačna,132
889e3719-7d29-4888-b690-5a1531d2930e,3429cda2-6047-453c-bf54-952dfa6674c0,a719a87c-4e93-4387-a6d1-2631a487f7e0,Ajdovščina,173
889e3719-7d29-4888-b690-5a1531d2930e,3429cda2-6047-453c-bf54-952dfa6674c0,f07c916c-6fc6-4acf-a334-0ab0d3c4f57f,Središka,1185
889e3719-7d29-4888-b690-5a1531d2930e,3429cda2-6047-453c-bf54-952dfa6674c0,9afb36ea-c2ae-4bbb-9644-3a6c65bb1c7d,Kino Šiška,379
889e3719-7d29-4888-b690-5a1531d2930e,3429cda2-6047-453c-bf54-952dfa6674c0,b905ae6a-f1e1-4057-8923-481902ed5a8e,Konzorcij,95
889e3719-7d29-4888-b690-5a1531d2930e,3429cda2-6047-453c-bf54-952dfa6674c0,e66e813a-722d-40f8-9ee9-1470d07bc200,Tobačna,90
889e3719-7d29-4888-b690-5a1531d2930e,3429cda2-6047-453c-bf54-952dfa6674c0,087e50b6-7677-4a85-802f-5694266fe38b,Aškerčeva,263
889e3719-7d29-4888-b690-5a1531d2930e,3429cda2-6047-453c-bf54-952dfa6674c0,b905ae6a-f1e1-4057-8923-481902ed5a8e,Konzorcij,112
889e3719-7d29-4888-b690-5a1531d2930e,3429cda2-6047-453c-bf54-952dfa6674c0,bea274aa-277a-403d-ab2f-a0342b28882e,Križanke,2078
889e3719-7d29-4888-b690-5a1531d2930e,3429cda2-6047-453c-bf54-952dfa6674c0,d72032c7-d4b0-4eee-a87c-593985a42266,Tobačna,493
889e3719-7d29-4888-b690-5a1531d2930e,3429cda2-6047-453c-bf54-952dfa6674c0,f784b27a-1509-4eec-bd52-6beee2b9530b,Kamnogoriška,792
889e3719-7d29-4888-b690-5a1531d2930e,3429cda2-6047-453c-bf54-952dfa6674c0,fef200e9-4d98-425b-ab14-8110e2aa85d7,Drama,1573
889e3719-7d29-4888-b690-5a1531d2930e,3429cda2-6047-453c-bf54-952dfa6674c0,77dcd833-fa4d-4c5a-93b1-31284942e61d,Šišenska,1015
889e3719-7d29-4888-b690-5a1531d2930e,3429cda2-6047-453c-bf54-952dfa6674c0,9cfac7e2-9653-4e52-a6d3-27756d27f817,Kino Šiška,405
889e3719-7d29-4888-b690-5a1531d2930e,3429cda2-6047-453c-bf54-952dfa6674c0,b905ae6a-f1e1-4057-8923-481902ed5a8e,Konzorcij,345
889e3719-7d29-4888-b690-5a1531d2930e,3429cda2-6047-453c-bf54-952dfa6674c0,fef200e9-4d98-425b-ab14-8110e2aa85d7,Drama,1297
889e3719-7d29-4888-b690-5a1531d2930e,3429cda2-6047-453c-bf54-952dfa6674c0,25ad5579-f6a0-4f35-a0c9-0678b41e9dde,Križanke,7
889e3719-7d29-4888-b690-5a1531d2930e,3429cda2-6047-453c-bf54-952dfa6674c0,9cfac7e2-9653-4e52-a6d3-27756d27f817,Kino Šiška,2386
889e3719-7d29-4888-b690-5a1531d2930e,3429cda2-6047-453c-bf54-952dfa6674c0,25ad5579-f6a0-4f35-a0c9-0678b41e9dde,Križanke,344
889e3719-7d29-4888-b690-5a1531d2930e,3429cda2-6047-453c-bf54-952dfa6674c0,8c7fa045-888b-46d0-8189-6f82623bf481,Poljanska,403
889e3719-7d29-4888-b690-5a1531d2930e,3429cda2-6047-453c-bf54-952dfa6674c0,a719a87c-4e93-4387-a6d1-2631a487f7e0,Ajdovščina,600
889e3719-7d29-4888-b690-5a1531d2930e,3429cda2-6047-453c-bf54-952dfa6674c0,087e50b6-7677-4a85-802f-5694266fe38b,Aškerčeva,1595
889e3719-7d29-4888-b690-5a1531d2930e,3429cda2-6047-453c-bf54-952dfa6674c0,b905ae6a-f1e1-4057-8923-481902ed5a8e,Konzorcij,2114
889e3719-7d29-4888-b690-5a1531d2930e,3429cda2-6047-453c-bf54-952dfa6674c0,6efecef0-52ba-4a47-9991-9bab5ce31340,Ajdovščina,2034
889e3719-7d29-4888-b690-5a1531d2930e,3429cda2-6047-453c-bf54-952dfa6674c0,c0a064eb-b507-43c2-a6d2-0e9c5881f031,Središka,1281
889e3719-7d29-4888-b690-5a1531d2930e,3429cda2-6047-453c-bf54-952dfa6674c0,25ad5579-f6a0-4f35-a0c9-0678b41e9dde,Križanke,32
889e3719-7d29-4888-b690-5a1531d2930e,3429cda2-6047-453c-bf54-952dfa6674c0,3429cda2-6047-453c-bf54-952dfa6674c0,Klinični center,1475
889e3719-7d29-4888-b690-5a1531d2930e,3429cda2-6047-453c-bf54-952dfa6674c0,12618339-2c2d-49ec-b0e0-2517c11991f8,Mirje,3501
889e3719-7d29-4888-b690-5a1531d2930e,3429cda2-6047-453c-bf54-952dfa6674c0,484b5c91-1220-43ba-af79-84e712fcc46b,Slovenija avto,382
889e3719-7d29-4888-b690-5a1531d2930e,3429cda2-6047-453c-bf54-952dfa6674c0,7fa32ea0-e884-435a-a81c-51bbd5cedf3e,Zaloška,819
889e3719-7d29-4888-b690-5a1531d2930e,3429cda2-6047-453c-bf54-952dfa6674c0,c8e0086c-0cef-4375-a471-72f3ae1e34fc,Strelišče,1596
889e3719-7d29-4888-b690-5a1531d2930e,3429cda2-6047-453c-bf54-952dfa6674c0,d72032c7-d4b0-4eee-a87c-593985a42266,Tobačna,34
889e3719-7d29-4888-b690-5a1531d2930e,3429cda2-6047-453c-bf54-952dfa6674c0,4f681273-89fe-44f9-aaec-76950722cc52,Študentsko naselje,905
889e3719-7d29-4888-b690-5a1531d2930e,3429cda2-6047-453c-bf54-952dfa6674c0,786a15d4-dd6b-42bb-a5c9-6ce994b5be9e,Omersova,758
889e3719-7d29-4888-b690-5a1531d2930e,3429cda2-6047-453c-bf54-952dfa6674c0,c8e0086c-0cef-4375-a471-72f3ae1e34fc,Strelišče,1312
889e3719-7d29-4888-b690-5a1531d2930e,3429cda2-6047-453c-bf54-952dfa6674c0,6a774daa-3547-4128-b304-aa2d17d4391a,Dolnice,3770
889e3719-7d29-4888-b690-5a1531d2930e,3429cda2-6047-453c-bf54-952dfa6674c0,4062cd22-b67a-4235-9980-0178b7add592,Drama,351
889e3719-7d29-4888-b690-5a1531d2930e,3429cda2-6047-453c-bf54-952dfa6674c0,9845a6f7-ba79-4f3d-b6ae-969651ef6001,Tomačevska,62
889e3719-7d29-4888-b690-5a1531d2930e,3429cda2-6047-453c-bf54-952dfa6674c0,f073b9d9-a3e3-4d04-a209-0db55377b79e,Zmajski most,289
889e3719-7d29-4888-b690-5a1531d2930e,3429cda2-6047-453c-bf54-952dfa6674c0,fef200e9-4d98-425b-ab14-8110e2aa85d7,Drama,80
889e3719-7d29-4888-b690-5a1531d2930e,3429cda2-6047-453c-bf54-952dfa6674c0,a719a87c-4e93-4387-a6d1-2631a487f7e0,Ajdovščina,2911
889e3719-7d29-4888-b690-5a1531d2930e,3429cda2-6047-453c-bf54-952dfa6674c0,c87db9be-1fba-4102-a743-0ee4317dd5af,Bavarski dvor,271
889e3719-7d29-4888-b690-5a1531d2930e,3429cda2-6047-453c-bf54-952dfa6674c0,d72032c7-d4b0-4eee-a87c-593985a42266,Tobačna,364
889e3719-7d29-4888-b690-5a1531d2930e,3429cda2-6047-453c-bf54-952dfa6674c0,d72032c7-d4b0-4eee-a87c-593985a42266,Tobačna,17
889e3719-7d29-4888-b690-5a1531d2930e,3429cda2-6047-453c-bf54-952dfa6674c0,17f7d178-41b3-41f9-a545-cbfc22a0a5f1,Nusdorferjeva,801
889e3719-7d29-4888-b690-5a1531d2930e,3429cda2-6047-453c-bf54-952dfa6674c0,9a938b49-ce1d-4e1c-a789-e316630ebc4f,Poliklinika,132
889e3719-7d29-4888-b690-5a1531d2930e,3429cda2-6047-453c-bf54-952dfa6674c0,c22879e5-8e90-4540-9a74-5f139208e492,Friškovec,71
889e3719-7d29-4888-b690-5a1531d2930e,3429cda2-6047-453c-bf54-952dfa6674c0,aa42017d-812a-4175-bc9b-0fec03b18931,Ambrožev trg,642
889e3719-7d29-4888-b690-5a1531d2930e,3429cda2-6047-453c-bf54-952dfa6674c0,b905ae6a-f1e1-4057-8923-481902ed5a8e,Konzorcij,188
889e3719-7d29-4888-b690-5a1531d2930e,3429cda2-6047-453c-bf54-952dfa6674c0,b905ae6a-f1e1-4057-8923-481902ed5a8e,Konzorcij,481
889e3719-7d29-4888-b690-5a1531d2930e,3429cda2-6047-453c-bf54-952dfa6674c0,25ad5579-f6a0-4f35-a0c9-0678b41e9dde,Križanke,2939
889e3719-7d29-4888-b690-5a1531d2930e,3429cda2-6047-453c-bf54-952dfa6674c0,b829062a-2644-4350-b998-74522d9e85d8,Lutkovno gl.,27
889e3719-7d29-4888-b690-5a1531d2930e,3429cda2-6047-453c-bf54-952dfa6674c0,295616c0-387b-4f60-a337-7743cd6be04e,Bavarski dvor,2126
889e3719-7d29-4888-b690-5a1531d2930e,3429cda2-6047-453c-bf54-952dfa6674c0,b905ae6a-f1e1-4057-8923-481902ed5a8e,Konzorcij,201
889e3719-7d29-4888-b690-5a1531d2930e,3429cda2-6047-453c-bf54-952dfa6674c0,4bd4913f-8597-4ea0-b219-4e9b15dcbb62,Jarše,883
889e3719-7d29-4888-b690-5a1531d2930e,3429cda2-6047-453c-bf54-952dfa6674c0,b905ae6a-f1e1-4057-8923-481902ed5a8e,Konzorcij,363
889e3719-7d29-4888-b690-5a1531d2930e,3429cda2-6047-453c-bf54-952dfa6674c0,4062cd22-b67a-4235-9980-0178b7add592,Drama,28
889e3719-7d29-4888-b690-5a1531d2930e,3429cda2-6047-453c-bf54-952dfa6674c0,6182f8e8-c45e-4606-b4a4-d909bd44d2cc,Gornji trg,1655
889e3719-7d29-4888-b690-5a1531d2930e,3429cda2-6047-453c-bf54-952dfa6674c0,fef200e9-4d98-425b-ab14-8110e2aa85d7,Drama,80
889e3719-7d29-4888-b690-5a1531d2930e,3429cda2-6047-453c-bf54-952dfa6674c0,6182f8e8-c45e-4606-b4a4-d909bd44d2cc,Gornji trg,2129
889e3719-7d29-4888-b690-5a1531d2930e,3429cda2-6047-453c-bf54-952dfa6674c0,d50b2bdb-481b-4e58-ada6-47a028fc6382,BTC-tržnica,691
889e3719-7d29-4888-b690-5a1531d2930e,3429cda2-6047-453c-bf54-952dfa6674c0,fef200e9-4d98-425b-ab14-8110e2aa85d7,Drama,402
889e3719-7d29-4888-b690-5a1531d2930e,3429cda2-6047-453c-bf54-952dfa6674c0,67c3adc1-a92d-4528-91ee-77d8b52574c6,Poliklinika,134
889e3719-7d29-4888-b690-5a1531d2930e,3429cda2-6047-453c-bf54-952dfa6674c0,f2b27cbd-5207-4281-8f67-6369d0c50a9b,Kodrova,1512
889e3719-7d29-4888-b690-5a1531d2930e,3429cda2-6047-453c-bf54-952dfa6674c0,f073b9d9-a3e3-4d04-a209-0db55377b79e,Zmajski most,697
889e3719-7d29-4888-b690-5a1531d2930e,3429cda2-6047-453c-bf54-952dfa6674c0,25c85d19-456c-4188-b563-15ad467a54c7,Vič,85
889e3719-7d29-4888-b690-5a1531d2930e,3429cda2-6047-453c-bf54-952dfa6674c0,505865ea-cdea-4042-bdb2-b2f4f03889cb,ŠTEPANJSKO NAS.,390
889e3719-7d29-4888-b690-5a1531d2930e,3429cda2-6047-453c-bf54-952dfa6674c0,25ad5579-f6a0-4f35-a0c9-0678b41e9dde,Križanke,1507
889e3719-7d29-4888-b690-5a1531d2930e,3429cda2-6047-453c-bf54-952dfa6674c0,fef200e9-4d98-425b-ab14-8110e2aa85d7,Drama,956
889e3719-7d29-4888-b690-5a1531d2930e,3429cda2-6047-453c-bf54-952dfa6674c0,087e50b6-7677-4a85-802f-5694266fe38b,Aškerčeva,385
889e3719-7d29-4888-b690-5a1531d2930e,3429cda2-6047-453c-bf54-952dfa6674c0,4062cd22-b67a-4235-9980-0178b7add592,Drama,704
889e3719-7d29-4888-b690-5a1531d2930e,3429cda2-6047-453c-bf54-952dfa6674c0,fef200e9-4d98-425b-ab14-8110e2aa85d7,Drama,165
889e3719-7d29-4888-b690-5a1531d2930e,3429cda2-6047-453c-bf54-952dfa6674c0,86a75ffc-a78f-401f-8991-2eb0371417b2,Studenec,896
889e3719-7d29-4888-b690-5a1531d2930e,3429cda2-6047-453c-bf54-952dfa6674c0,bea274aa-277a-403d-ab2f-a0342b28882e,Križanke,1168
889e3719-7d29-4888-b690-5a1531d2930e,3429cda2-6047-453c-bf54-952dfa6674c0,a719a87c-4e93-4387-a6d1-2631a487f7e0,Ajdovščina,804
889e3719-7d29-4888-b690-5a1531d2930e,3429cda2-6047-453c-bf54-952dfa6674c0,88cdd36c-03d2-4374-a22f-110dd9f75ea0,Kajuhova,212
889e3719-7d29-4888-b690-5a1531d2930e,3429cda2-6047-453c-bf54-952dfa6674c0,717dda7e-d793-4697-8f60-b64ee8b1edc4,Gosposvetska,379
889e3719-7d29-4888-b690-5a1531d2930e,3429cda2-6047-453c-bf54-952dfa6674c0,fb7704f0-d31e-4561-83e4-621a8c62654b,Kosmačeva,1312
889e3719-7d29-4888-b690-5a1531d2930e,3429cda2-6047-453c-bf54-952dfa6674c0,1ce1c3a8-e0f6-4f90-b1aa-1448759d8b3c,Astra,451
889e3719-7d29-4888-b690-5a1531d2930e,3429cda2-6047-453c-bf54-952dfa6674c0,b905ae6a-f1e1-4057-8923-481902ed5a8e,Konzorcij,1338
889e3719-7d29-4888-b690-5a1531d2930e,3429cda2-6047-453c-bf54-952dfa6674c0,62d0c5a7-1692-43ef-b6e2-31f514362629,Škofljica žaga,84
889e3719-7d29-4888-b690-5a1531d2930e,3429cda2-6047-453c-bf54-952dfa6674c0,4062cd22-b67a-4235-9980-0178b7add592,Drama,1705
889e3719-7d29-4888-b690-5a1531d2930e,3429cda2-6047-453c-bf54-952dfa6674c0,fef200e9-4d98-425b-ab14-8110e2aa85d7,Drama,38
889e3719-7d29-4888-b690-5a1531d2930e,3429cda2-6047-453c-bf54-952dfa6674c0,0eca6015-5429-4289-a76c-4ec9ef707e67,BTC-Merkur,471
889e3719-7d29-4888-b690-5a1531d2930e,3429cda2-6047-453c-bf54-952dfa6674c0,77dcd833-fa4d-4c5a-93b1-31284942e61d,Šišenska,756
889e3719-7d29-4888-b690-5a1531d2930e,3429cda2-6047-453c-bf54-952dfa6674c0,fef200e9-4d98-425b-ab14-8110e2aa85d7,Drama,386
889e3719-7d29-4888-b690-5a1531d2930e,3429cda2-6047-453c-bf54-952dfa6674c0,f14a6236-8af2-47bf-9270-432377662a63,Viadukt,177
889e3719-7d29-4888-b690-5a1531d2930e,3429cda2-6047-453c-bf54-952dfa6674c0,c5ec5e81-2ce4-452d-bd7a-595de4f8b34f,Prušnikova,1914
889e3719-7d29-4888-b690-5a1531d2930e,3429cda2-6047-453c-bf54-952dfa6674c0,9a1c4c65-df77-481f-87ad-56143f02a864,Vižmarje,736
889e3719-7d29-4888-b690-5a1531d2930e,3429cda2-6047-453c-bf54-952dfa6674c0,fef200e9-4d98-425b-ab14-8110e2aa85d7,Drama,181
889e3719-7d29-4888-b690-5a1531d2930e,3429cda2-6047-453c-bf54-952dfa6674c0,484b5c91-1220-43ba-af79-84e712fcc46b,Slovenija avto,638
889e3719-7d29-4888-b690-5a1531d2930e,3429cda2-6047-453c-bf54-952dfa6674c0,087e50b6-7677-4a85-802f-5694266fe38b,Aškerčeva,390
889e3719-7d29-4888-b690-5a1531d2930e,3429cda2-6047-453c-bf54-952dfa6674c0,ab4e1412-1ac4-4864-8833-c1ddf48bec20,Bratislavska,384
889e3719-7d29-4888-b690-5a1531d2930e,3429cda2-6047-453c-bf54-952dfa6674c0,fef200e9-4d98-425b-ab14-8110e2aa85d7,Drama,782
889e3719-7d29-4888-b690-5a1531d2930e,3429cda2-6047-453c-bf54-952dfa6674c0,16578e36-c682-4083-bd29-4973445dc0fe,Gosposvetska,144
889e3719-7d29-4888-b690-5a1531d2930e,3429cda2-6047-453c-bf54-952dfa6674c0,7fa32ea0-e884-435a-a81c-51bbd5cedf3e,Zaloška,1681
889e3719-7d29-4888-b690-5a1531d2930e,3429cda2-6047-453c-bf54-952dfa6674c0,4062cd22-b67a-4235-9980-0178b7add592,Drama,938
889e3719-7d29-4888-b690-5a1531d2930e,3429cda2-6047-453c-bf54-952dfa6674c0,ecc4ae87-ae08-4b94-995c-452fdd94df7f,Privoz,186
889e3719-7d29-4888-b690-5a1531d2930e,3429cda2-6047-453c-bf54-952dfa6674c0,6182f8e8-c45e-4606-b4a4-d909bd44d2cc,Gornji trg,1024
889e3719-7d29-4888-b690-5a1531d2930e,3429cda2-6047-453c-bf54-952dfa6674c0,9741988b-6723-480b-a419-8db7490d667a,Rakovnik,2183
889e3719-7d29-4888-b690-5a1531d2930e,3429cda2-6047-453c-bf54-952dfa6674c0,a719a87c-4e93-4387-a6d1-2631a487f7e0,Ajdovščina,2311
889e3719-7d29-4888-b690-5a1531d2930e,3429cda2-6047-453c-bf54-952dfa6674c0,8eeea585-6168-45b8-a5d4-336e61826043,Zapuže,439
889e3719-7d29-4888-b690-5a1531d2930e,3429cda2-6047-453c-bf54-952dfa6674c0,fef200e9-4d98-425b-ab14-8110e2aa85d7,Drama,409
889e3719-7d29-4888-b690-5a1531d2930e,3429cda2-6047-453c-bf54-952dfa6674c0,4062cd22-b67a-4235-9980-0178b7add592,Drama,152
889e3719-7d29-4888-b690-5a1531d2930e,3429cda2-6047-453c-bf54-952dfa6674c0,aa42017d-812a-4175-bc9b-0fec03b18931,Ambrožev trg,806
889e3719-7d29-4888-b690-5a1531d2930e,3429cda2-6047-453c-bf54-952dfa6674c0,a719a87c-4e93-4387-a6d1-2631a487f7e0,Ajdovščina,1369
889e3719-7d29-4888-b690-5a1531d2930e,3429cda2-6047-453c-bf54-952dfa6674c0,484b5c91-1220-43ba-af79-84e712fcc46b,Slovenija avto,1205
889e3719-7d29-4888-b690-5a1531d2930e,3429cda2-6047-453c-bf54-952dfa6674c0,bea274aa-277a-403d-ab2f-a0342b28882e,Križanke,16
889e3719-7d29-4888-b690-5a1531d2930e,3429cda2-6047-453c-bf54-952dfa6674c0,d987aa3a-ae4a-42f6-bc9b-79c41dcf055a,Kosmačeva,1350
889e3719-7d29-4888-b690-5a1531d2930e,3429cda2-6047-453c-bf54-952dfa6674c0,a719a87c-4e93-4387-a6d1-2631a487f7e0,Ajdovščina,466
889e3719-7d29-4888-b690-5a1531d2930e,3429cda2-6047-453c-bf54-952dfa6674c0,fef200e9-4d98-425b-ab14-8110e2aa85d7,Drama,54
889e3719-7d29-4888-b690-5a1531d2930e,3429cda2-6047-453c-bf54-952dfa6674c0,16578e36-c682-4083-bd29-4973445dc0fe,Gosposvetska,510
889e3719-7d29-4888-b690-5a1531d2930e,3429cda2-6047-453c-bf54-952dfa6674c0,4062cd22-b67a-4235-9980-0178b7add592,Drama,386
889e3719-7d29-4888-b690-5a1531d2930e,3429cda2-6047-453c-bf54-952dfa6674c0,9bb1ed3b-5a6f-43c7-afaf-ba2b60ca1a7a,Aškerčeva,1719
889e3719-7d29-4888-b690-5a1531d2930e,3429cda2-6047-453c-bf54-952dfa6674c0,68075aa0-144c-4f6e-93ef-e93dfc35df78,ZALOG,328
889e3719-7d29-4888-b690-5a1531d2930e,3429cda2-6047-453c-bf54-952dfa6674c0,8677848c-55dd-4af4-b275-3074a3ff4846,Vrhovci,239
889e3719-7d29-4888-b690-5a1531d2930e,3429cda2-6047-453c-bf54-952dfa6674c0,fef200e9-4d98-425b-ab14-8110e2aa85d7,Drama,429
889e3719-7d29-4888-b690-5a1531d2930e,3429cda2-6047-453c-bf54-952dfa6674c0,f2b27cbd-5207-4281-8f67-6369d0c50a9b,Kodrova,1722
889e3719-7d29-4888-b690-5a1531d2930e,3429cda2-6047-453c-bf54-952dfa6674c0,fef200e9-4d98-425b-ab14-8110e2aa85d7,Drama,8
889e3719-7d29-4888-b690-5a1531d2930e,3429cda2-6047-453c-bf54-952dfa6674c0,d72032c7-d4b0-4eee-a87c-593985a42266,Tobačna,45
889e3719-7d29-4888-b690-5a1531d2930e,3429cda2-6047-453c-bf54-952dfa6674c0,7c166e7c-6fe0-44bd-b124-0013473f227a,Petrol,1194
889e3719-7d29-4888-b690-5a1531d2930e,3429cda2-6047-453c-bf54-952dfa6674c0,a719a87c-4e93-4387-a6d1-2631a487f7e0,Ajdovščina,657
889e3719-7d29-4888-b690-5a1531d2930e,3429cda2-6047-453c-bf54-952dfa6674c0,9b85d4b0-c594-4e0e-9ce2-d0986256c270,Tavčarjeva,25
889e3719-7d29-4888-b690-5a1531d2930e,3429cda2-6047-453c-bf54-952dfa6674c0,4062cd22-b67a-4235-9980-0178b7add592,Drama,859
889e3719-7d29-4888-b690-5a1531d2930e,3429cda2-6047-453c-bf54-952dfa6674c0,8f56b058-1ae3-44f5-8600-4330f2264d78,Privoz,1409
889e3719-7d29-4888-b690-5a1531d2930e,3429cda2-6047-453c-bf54-952dfa6674c0,12618339-2c2d-49ec-b0e0-2517c11991f8,Mirje,1460
889e3719-7d29-4888-b690-5a1531d2930e,3429cda2-6047-453c-bf54-952dfa6674c0,4062cd22-b67a-4235-9980-0178b7add592,Drama,685
889e3719-7d29-4888-b690-5a1531d2930e,3429cda2-6047-453c-bf54-952dfa6674c0,e66e813a-722d-40f8-9ee9-1470d07bc200,Tobačna,1308
889e3719-7d29-4888-b690-5a1531d2930e,3429cda2-6047-453c-bf54-952dfa6674c0,9bb1ed3b-5a6f-43c7-afaf-ba2b60ca1a7a,Aškerčeva,146
889e3719-7d29-4888-b690-5a1531d2930e,3429cda2-6047-453c-bf54-952dfa6674c0,fef200e9-4d98-425b-ab14-8110e2aa85d7,Drama,497
889e3719-7d29-4888-b690-5a1531d2930e,3429cda2-6047-453c-bf54-952dfa6674c0,3429cda2-6047-453c-bf54-952dfa6674c0,Klinični center,845
889e3719-7d29-4888-b690-5a1531d2930e,3429cda2-6047-453c-bf54-952dfa6674c0,023d7b7a-b411-4e61-8746-b07f9e5c8f90,Ambrožev trg,1158
889e3719-7d29-4888-b690-5a1531d2930e,3429cda2-6047-453c-bf54-952dfa6674c0,fef200e9-4d98-425b-ab14-8110e2aa85d7,Drama,68
889e3719-7d29-4888-b690-5a1531d2930e,3429cda2-6047-453c-bf54-952dfa6674c0,5d7f28a6-2a2a-4333-aa06-48edfb652f86,Pošta,689
889e3719-7d29-4888-b690-5a1531d2930e,3429cda2-6047-453c-bf54-952dfa6674c0,8f56b058-1ae3-44f5-8600-4330f2264d78,Privoz,93
889e3719-7d29-4888-b690-5a1531d2930e,3429cda2-6047-453c-bf54-952dfa6674c0,8a224b7d-24ae-4c7b-8318-f66ac8cc078b,Zakrajškova,1596
889e3719-7d29-4888-b690-5a1531d2930e,3429cda2-6047-453c-bf54-952dfa6674c0,dfde6478-02b5-471b-a470-29cb0e84542f,Slovenija avto,747
889e3719-7d29-4888-b690-5a1531d2930e,3429cda2-6047-453c-bf54-952dfa6674c0,f07c916c-6fc6-4acf-a334-0ab0d3c4f57f,Središka,2583
889e3719-7d29-4888-b690-5a1531d2930e,3429cda2-6047-453c-bf54-952dfa6674c0,087e50b6-7677-4a85-802f-5694266fe38b,Aškerčeva,718
889e3719-7d29-4888-b690-5a1531d2930e,3429cda2-6047-453c-bf54-952dfa6674c0,4f21a18a-3cb0-4c6c-bb92-e7c8945fac1c,Bratov Učakar,745
889e3719-7d29-4888-b690-5a1531d2930e,3429cda2-6047-453c-bf54-952dfa6674c0,25ad5579-f6a0-4f35-a0c9-0678b41e9dde,Križanke,703
889e3719-7d29-4888-b690-5a1531d2930e,3429cda2-6047-453c-bf54-952dfa6674c0,6182f8e8-c45e-4606-b4a4-d909bd44d2cc,Gornji trg,367
889e3719-7d29-4888-b690-5a1531d2930e,3429cda2-6047-453c-bf54-952dfa6674c0,c5ec5e81-2ce4-452d-bd7a-595de4f8b34f,Prušnikova,347
889e3719-7d29-4888-b690-5a1531d2930e,3429cda2-6047-453c-bf54-952dfa6674c0,c87db9be-1fba-4102-a743-0ee4317dd5af,Bavarski dvor,666
889e3719-7d29-4888-b690-5a1531d2930e,3429cda2-6047-453c-bf54-952dfa6674c0,fef200e9-4d98-425b-ab14-8110e2aa85d7,Drama,299
889e3719-7d29-4888-b690-5a1531d2930e,3429cda2-6047-453c-bf54-952dfa6674c0,9b85d4b0-c594-4e0e-9ce2-d0986256c270,Tavčarjeva,1649
889e3719-7d29-4888-b690-5a1531d2930e,3429cda2-6047-453c-bf54-952dfa6674c0,4062cd22-b67a-4235-9980-0178b7add592,Drama,3237
889e3719-7d29-4888-b690-5a1531d2930e,3429cda2-6047-453c-bf54-952dfa6674c0,4062cd22-b67a-4235-9980-0178b7add592,Drama,838
889e3719-7d29-4888-b690-5a1531d2930e,3429cda2-6047-453c-bf54-952dfa6674c0,9e109242-5aad-4fb7-b0c8-576eef8aa4e0,VEVČE,82
889e3719-7d29-4888-b690-5a1531d2930e,3429cda2-6047-453c-bf54-952dfa6674c0,16578e36-c682-4083-bd29-4973445dc0fe,Gosposvetska,181
889e3719-7d29-4888-b690-5a1531d2930e,3429cda2-6047-453c-bf54-952dfa6674c0,cee2862b-9b70-4880-8fa3-16c6d2efae1b,AMZS,117
889e3719-7d29-4888-b690-5a1531d2930e,3429cda2-6047-453c-bf54-952dfa6674c0,923bd774-0651-4e0a-8624-3acfb7ecd5ff,Gornje Poljane,227
889e3719-7d29-4888-b690-5a1531d2930e,3429cda2-6047-453c-bf54-952dfa6674c0,d72032c7-d4b0-4eee-a87c-593985a42266,Tobačna,398
889e3719-7d29-4888-b690-5a1531d2930e,3429cda2-6047-453c-bf54-952dfa6674c0,609f0950-bb8c-4eaf-a931-8575b8aff1ac,Savske stolpnice,116
889e3719-7d29-4888-b690-5a1531d2930e,3429cda2-6047-453c-bf54-952dfa6674c0,6182f8e8-c45e-4606-b4a4-d909bd44d2cc,Gornji trg,728
889e3719-7d29-4888-b690-5a1531d2930e,3429cda2-6047-453c-bf54-952dfa6674c0,5d7f28a6-2a2a-4333-aa06-48edfb652f86,Pošta,426
889e3719-7d29-4888-b690-5a1531d2930e,3429cda2-6047-453c-bf54-952dfa6674c0,38b3abed-0592-407b-96c3-85a026f2e192,Dalmatinova,2393
889e3719-7d29-4888-b690-5a1531d2930e,3429cda2-6047-453c-bf54-952dfa6674c0,5d7f28a6-2a2a-4333-aa06-48edfb652f86,Pošta,566
889e3719-7d29-4888-b690-5a1531d2930e,3429cda2-6047-453c-bf54-952dfa6674c0,1b3ddeca-a066-43ee-9ae5-8339628129c2,Žale,471
889e3719-7d29-4888-b690-5a1531d2930e,3429cda2-6047-453c-bf54-952dfa6674c0,3429cda2-6047-453c-bf54-952dfa6674c0,Klinični center,2102
889e3719-7d29-4888-b690-5a1531d2930e,3429cda2-6047-453c-bf54-952dfa6674c0,c87db9be-1fba-4102-a743-0ee4317dd5af,Bavarski dvor,283
889e3719-7d29-4888-b690-5a1531d2930e,3429cda2-6047-453c-bf54-952dfa6674c0,ecc4ae87-ae08-4b94-995c-452fdd94df7f,Privoz,536
889e3719-7d29-4888-b690-5a1531d2930e,3429cda2-6047-453c-bf54-952dfa6674c0,f14a6236-8af2-47bf-9270-432377662a63,Viadukt,617
889e3719-7d29-4888-b690-5a1531d2930e,3429cda2-6047-453c-bf54-952dfa6674c0,aa42017d-812a-4175-bc9b-0fec03b18931,Ambrožev trg,515
889e3719-7d29-4888-b690-5a1531d2930e,3429cda2-6047-453c-bf54-952dfa6674c0,48e907fd-e868-47cd-8cac-74c7d4582944,Poljanska,1875
889e3719-7d29-4888-b690-5a1531d2930e,3429cda2-6047-453c-bf54-952dfa6674c0,N/A,N/A,4525
889e3719-7d29-4888-b690-5a1531d2930e,3429cda2-6047-453c-bf54-952dfa6674c0,d72032c7-d4b0-4eee-a87c-593985a42266,Tobačna,1016
889e3719-7d29-4888-b690-5a1531d2930e,3429cda2-6047-453c-bf54-952dfa6674c0,404f8444-540d-4d82-a355-30a6a8bec797,Viško polje,81
889e3719-7d29-4888-b690-5a1531d2930e,3429cda2-6047-453c-bf54-952dfa6674c0,6559d555-672b-4633-8a81-0ae68fb963eb,ZD POLJE,142
889e3719-7d29-4888-b690-5a1531d2930e,3429cda2-6047-453c-bf54-952dfa6674c0,77dcd833-fa4d-4c5a-93b1-31284942e61d,Šišenska,877
889e3719-7d29-4888-b690-5a1531d2930e,3429cda2-6047-453c-bf54-952dfa6674c0,fef200e9-4d98-425b-ab14-8110e2aa85d7,Drama,831
889e3719-7d29-4888-b690-5a1531d2930e,3429cda2-6047-453c-bf54-952dfa6674c0,d72032c7-d4b0-4eee-a87c-593985a42266,Tobačna,1679
889e3719-7d29-4888-b690-5a1531d2930e,3429cda2-6047-453c-bf54-952dfa6674c0,a719a87c-4e93-4387-a6d1-2631a487f7e0,Ajdovščina,1047
889e3719-7d29-4888-b690-5a1531d2930e,3429cda2-6047-453c-bf54-952dfa6674c0,25ad5579-f6a0-4f35-a0c9-0678b41e9dde,Križanke,1248
889e3719-7d29-4888-b690-5a1531d2930e,3429cda2-6047-453c-bf54-952dfa6674c0,eb165f50-9c43-4b09-9658-469a16d3dc83,Kodeljevo,169
889e3719-7d29-4888-b690-5a1531d2930e,3429cda2-6047-453c-bf54-952dfa6674c0,4062cd22-b67a-4235-9980-0178b7add592,Drama,345
889e3719-7d29-4888-b690-5a1531d2930e,3429cda2-6047-453c-bf54-952dfa6674c0,f2b27cbd-5207-4281-8f67-6369d0c50a9b,Kodrova,1437
889e3719-7d29-4888-b690-5a1531d2930e,3429cda2-6047-453c-bf54-952dfa6674c0,16578e36-c682-4083-bd29-4973445dc0fe,Gosposvetska,1261
889e3719-7d29-4888-b690-5a1531d2930e,3429cda2-6047-453c-bf54-952dfa6674c0,b91edda3-a147-4599-bebf-85e145de085b,Živalski vrt-ZOO,1240
889e3719-7d29-4888-b690-5a1531d2930e,3429cda2-6047-453c-bf54-952dfa6674c0,8f56b058-1ae3-44f5-8600-4330f2264d78,Privoz,36
889e3719-7d29-4888-b690-5a1531d2930e,3429cda2-6047-453c-bf54-952dfa6674c0,16578e36-c682-4083-bd29-4973445dc0fe,Gosposvetska,219
889e3719-7d29-4888-b690-5a1531d2930e,3429cda2-6047-453c-bf54-952dfa6674c0,b60d686c-3b89-447c-93f6-2837d9af3d02,Ziherlova,934
889e3719-7d29-4888-b690-5a1531d2930e,3429cda2-6047-453c-bf54-952dfa6674c0,d72032c7-d4b0-4eee-a87c-593985a42266,Tobačna,171
889e3719-7d29-4888-b690-5a1531d2930e,3429cda2-6047-453c-bf54-952dfa6674c0,7fa32ea0-e884-435a-a81c-51bbd5cedf3e,Zaloška,78
889e3719-7d29-4888-b690-5a1531d2930e,3429cda2-6047-453c-bf54-952dfa6674c0,fef200e9-4d98-425b-ab14-8110e2aa85d7,Drama,2610
889e3719-7d29-4888-b690-5a1531d2930e,3429cda2-6047-453c-bf54-952dfa6674c0,4062cd22-b67a-4235-9980-0178b7add592,Drama,2018
889e3719-7d29-4888-b690-5a1531d2930e,3429cda2-6047-453c-bf54-952dfa6674c0,25ad5579-f6a0-4f35-a0c9-0678b41e9dde,Križanke,5
889e3719-7d29-4888-b690-5a1531d2930e,3429cda2-6047-453c-bf54-952dfa6674c0,b905ae6a-f1e1-4057-8923-481902ed5a8e,Konzorcij,822
889e3719-7d29-4888-b690-5a1531d2930e,3429cda2-6047-453c-bf54-952dfa6674c0,1f9fad8e-d59c-494c-bdd1-1983afacb755,Kodrova,33
889e3719-7d29-4888-b690-5a1531d2930e,3429cda2-6047-453c-bf54-952dfa6674c0,6182f8e8-c45e-4606-b4a4-d909bd44d2cc,Gornji trg,197
889e3719-7d29-4888-b690-5a1531d2930e,3429cda2-6047-453c-bf54-952dfa6674c0,bbe542ee-a3f6-43cf-b23a-077c28b7d19a,BTC-tržnica,498
889e3719-7d29-4888-b690-5a1531d2930e,3429cda2-6047-453c-bf54-952dfa6674c0,d72032c7-d4b0-4eee-a87c-593985a42266,Tobačna,38
889e3719-7d29-4888-b690-5a1531d2930e,3429cda2-6047-453c-bf54-952dfa6674c0,fef200e9-4d98-425b-ab14-8110e2aa85d7,Drama,121
889e3719-7d29-4888-b690-5a1531d2930e,3429cda2-6047-453c-bf54-952dfa6674c0,0bb103e4-c4a6-4c4c-a13d-217ab4e6dfd3,Cesta na Vevče,377
889e3719-7d29-4888-b690-5a1531d2930e,3429cda2-6047-453c-bf54-952dfa6674c0,6182f8e8-c45e-4606-b4a4-d909bd44d2cc,Gornji trg,900
889e3719-7d29-4888-b690-5a1531d2930e,3429cda2-6047-453c-bf54-952dfa6674c0,6a74977a-a26d-42b4-a60b-8dabc726e57d,Gornji Rudnik,844
889e3719-7d29-4888-b690-5a1531d2930e,3429cda2-6047-453c-bf54-952dfa6674c0,484b5c91-1220-43ba-af79-84e712fcc46b,Slovenija avto,1171
889e3719-7d29-4888-b690-5a1531d2930e,3429cda2-6047-453c-bf54-952dfa6674c0,b905ae6a-f1e1-4057-8923-481902ed5a8e,Konzorcij,443
889e3719-7d29-4888-b690-5a1531d2930e,3429cda2-6047-453c-bf54-952dfa6674c0,fcccf4af-4f16-4edc-ba5a-585c434593fe,ZD Polje,123
889e3719-7d29-4888-b690-5a1531d2930e,3429cda2-6047-453c-bf54-952dfa6674c0,25ad5579-f6a0-4f35-a0c9-0678b41e9dde,Križanke,255
889e3719-7d29-4888-b690-5a1531d2930e,3429cda2-6047-453c-bf54-952dfa6674c0,25ad5579-f6a0-4f35-a0c9-0678b41e9dde,Križanke,369
889e3719-7d29-4888-b690-5a1531d2930e,3429cda2-6047-453c-bf54-952dfa6674c0,b905ae6a-f1e1-4057-8923-481902ed5a8e,Konzorcij,297
889e3719-7d29-4888-b690-5a1531d2930e,3429cda2-6047-453c-bf54-952dfa6674c0,4062cd22-b67a-4235-9980-0178b7add592,Drama,814
889e3719-7d29-4888-b690-5a1531d2930e,3429cda2-6047-453c-bf54-952dfa6674c0,9b0074d2-2c92-4c01-830b-00be8e05b412,Cukrarna,249
889e3719-7d29-4888-b690-5a1531d2930e,3429cda2-6047-453c-bf54-952dfa6674c0,4062cd22-b67a-4235-9980-0178b7add592,Drama,205
889e3719-7d29-4888-b690-5a1531d2930e,3429cda2-6047-453c-bf54-952dfa6674c0,318d4398-e152-498b-b4ff-1344c67adba6,Razstavišče,204
889e3719-7d29-4888-b690-5a1531d2930e,3429cda2-6047-453c-bf54-952dfa6674c0,5d7f28a6-2a2a-4333-aa06-48edfb652f86,Pošta,682
889e3719-7d29-4888-b690-5a1531d2930e,3429cda2-6047-453c-bf54-952dfa6674c0,fef200e9-4d98-425b-ab14-8110e2aa85d7,Drama,927
889e3719-7d29-4888-b690-5a1531d2930e,3429cda2-6047-453c-bf54-952dfa6674c0,d72032c7-d4b0-4eee-a87c-593985a42266,Tobačna,463
889e3719-7d29-4888-b690-5a1531d2930e,3429cda2-6047-453c-bf54-952dfa6674c0,aa42017d-812a-4175-bc9b-0fec03b18931,Ambrožev trg,710
889e3719-7d29-4888-b690-5a1531d2930e,3429cda2-6047-453c-bf54-952dfa6674c0,4062cd22-b67a-4235-9980-0178b7add592,Drama,1221
889e3719-7d29-4888-b690-5a1531d2930e,3429cda2-6047-453c-bf54-952dfa6674c0,7fa32ea0-e884-435a-a81c-51bbd5cedf3e,Zaloška,1386
889e3719-7d29-4888-b690-5a1531d2930e,3429cda2-6047-453c-bf54-952dfa6674c0,1c0ae078-cca7-40c8-aeda-1187a12ddfee,Remiza,1036
889e3719-7d29-4888-b690-5a1531d2930e,3429cda2-6047-453c-bf54-952dfa6674c0,295616c0-387b-4f60-a337-7743cd6be04e,Bavarski dvor,67
889e3719-7d29-4888-b690-5a1531d2930e,3429cda2-6047-453c-bf54-952dfa6674c0,4062cd22-b67a-4235-9980-0178b7add592,Drama,410
889e3719-7d29-4888-b690-5a1531d2930e,3429cda2-6047-453c-bf54-952dfa6674c0,bea274aa-277a-403d-ab2f-a0342b28882e,Križanke,663
889e3719-7d29-4888-b690-5a1531d2930e,3429cda2-6047-453c-bf54-952dfa6674c0,295616c0-387b-4f60-a337-7743cd6be04e,Bavarski dvor,1454
889e3719-7d29-4888-b690-5a1531d2930e,3429cda2-6047-453c-bf54-952dfa6674c0,a719a87c-4e93-4387-a6d1-2631a487f7e0,Ajdovščina,342
889e3719-7d29-4888-b690-5a1531d2930e,3429cda2-6047-453c-bf54-952dfa6674c0,4062cd22-b67a-4235-9980-0178b7add592,Drama,1088
889e3719-7d29-4888-b690-5a1531d2930e,3429cda2-6047-453c-bf54-952dfa6674c0,7a256ec6-bb93-47eb-af92-ea62941c1dc6,Večna pot,271
889e3719-7d29-4888-b690-5a1531d2930e,3429cda2-6047-453c-bf54-952dfa6674c0,fef200e9-4d98-425b-ab14-8110e2aa85d7,Drama,387
889e3719-7d29-4888-b690-5a1531d2930e,3429cda2-6047-453c-bf54-952dfa6674c0,cab36767-e95a-4f60-978e-92490f2517b2,Hrvatski trg,612
889e3719-7d29-4888-b690-5a1531d2930e,3429cda2-6047-453c-bf54-952dfa6674c0,fef200e9-4d98-425b-ab14-8110e2aa85d7,Drama,448
889e3719-7d29-4888-b690-5a1531d2930e,3429cda2-6047-453c-bf54-952dfa6674c0,fef200e9-4d98-425b-ab14-8110e2aa85d7,Drama,183
889e3719-7d29-4888-b690-5a1531d2930e,3429cda2-6047-453c-bf54-952dfa6674c0,15c71406-72b5-4681-8b1a-29eb30eb3f76,Kristalna palača,360
889e3719-7d29-4888-b690-5a1531d2930e,3429cda2-6047-453c-bf54-952dfa6674c0,b905ae6a-f1e1-4057-8923-481902ed5a8e,Konzorcij,71
889e3719-7d29-4888-b690-5a1531d2930e,3429cda2-6047-453c-bf54-952dfa6674c0,34afe7f1-2d09-487f-983f-19c7dd5dae82,Brglezov štradon,625
889e3719-7d29-4888-b690-5a1531d2930e,3429cda2-6047-453c-bf54-952dfa6674c0,b905ae6a-f1e1-4057-8923-481902ed5a8e,Konzorcij,44
889e3719-7d29-4888-b690-5a1531d2930e,3429cda2-6047-453c-bf54-952dfa6674c0,aa42017d-812a-4175-bc9b-0fec03b18931,Ambrožev trg,735
889e3719-7d29-4888-b690-5a1531d2930e,3429cda2-6047-453c-bf54-952dfa6674c0,fef200e9-4d98-425b-ab14-8110e2aa85d7,Drama,6
889e3719-7d29-4888-b690-5a1531d2930e,3429cda2-6047-453c-bf54-952dfa6674c0,0b4a072e-6c2d-4c71-ab80-2b7142df81de,Tivoli,300
889e3719-7d29-4888-b690-5a1531d2930e,3429cda2-6047-453c-bf54-952dfa6674c0,a719a87c-4e93-4387-a6d1-2631a487f7e0,Ajdovščina,22
889e3719-7d29-4888-b690-5a1531d2930e,3429cda2-6047-453c-bf54-952dfa6674c0,7a52a73a-cc0e-4c61-b9bc-306157727e1c,Tržnica Moste,235
889e3719-7d29-4888-b690-5a1531d2930e,3429cda2-6047-453c-bf54-952dfa6674c0,4062cd22-b67a-4235-9980-0178b7add592,Drama,46
889e3719-7d29-4888-b690-5a1531d2930e,3429cda2-6047-453c-bf54-952dfa6674c0,8f56b058-1ae3-44f5-8600-4330f2264d78,Privoz,270
889e3719-7d29-4888-b690-5a1531d2930e,3429cda2-6047-453c-bf54-952dfa6674c0,b905ae6a-f1e1-4057-8923-481902ed5a8e,Konzorcij,964
889e3719-7d29-4888-b690-5a1531d2930e,3429cda2-6047-453c-bf54-952dfa6674c0,25ad5579-f6a0-4f35-a0c9-0678b41e9dde,Križanke,474
889e3719-7d29-4888-b690-5a1531d2930e,3429cda2-6047-453c-bf54-952dfa6674c0,16578e36-c682-4083-bd29-4973445dc0fe,Gosposvetska,522
889e3719-7d29-4888-b690-5a1531d2930e,3429cda2-6047-453c-bf54-952dfa6674c0,4062cd22-b67a-4235-9980-0178b7add592,Drama,13
889e3719-7d29-4888-b690-5a1531d2930e,3429cda2-6047-453c-bf54-952dfa6674c0,60ccc570-3714-410b-aa31-43d3a4c593c8,Tržnica Moste,2540
889e3719-7d29-4888-b690-5a1531d2930e,3429cda2-6047-453c-bf54-952dfa6674c0,9b85d4b0-c594-4e0e-9ce2-d0986256c270,Tavčarjeva,790
889e3719-7d29-4888-b690-5a1531d2930e,3429cda2-6047-453c-bf54-952dfa6674c0,38b3abed-0592-407b-96c3-85a026f2e192,Dalmatinova,191
889e3719-7d29-4888-b690-5a1531d2930e,3429cda2-6047-453c-bf54-952dfa6674c0,f33b721f-a8a3-4aad-96f2-077da09ebaa6,Razstavišče,1462
889e3719-7d29-4888-b690-5a1531d2930e,3429cda2-6047-453c-bf54-952dfa6674c0,b60d686c-3b89-447c-93f6-2837d9af3d02,Ziherlova,55
889e3719-7d29-4888-b690-5a1531d2930e,3429cda2-6047-453c-bf54-952dfa6674c0,b905ae6a-f1e1-4057-8923-481902ed5a8e,Konzorcij,834
889e3719-7d29-4888-b690-5a1531d2930e,3429cda2-6047-453c-bf54-952dfa6674c0,48507e1a-32df-4552-9448-3b345760b75f,Cesta na Vevče,2234
889e3719-7d29-4888-b690-5a1531d2930e,3429cda2-6047-453c-bf54-952dfa6674c0,5d7f28a6-2a2a-4333-aa06-48edfb652f86,Pošta,231
889e3719-7d29-4888-b690-5a1531d2930e,3429cda2-6047-453c-bf54-952dfa6674c0,c124f317-217b-4b89-9597-393843de4f81,Nusdorferjeva,247
889e3719-7d29-4888-b690-5a1531d2930e,3429cda2-6047-453c-bf54-952dfa6674c0,eead721b-8996-4e73-a2f9-02dba20df4fa,Ilirska,437
889e3719-7d29-4888-b690-5a1531d2930e,3429cda2-6047-453c-bf54-952dfa6674c0,a719a87c-4e93-4387-a6d1-2631a487f7e0,Ajdovščina,400
889e3719-7d29-4888-b690-5a1531d2930e,3429cda2-6047-453c-bf54-952dfa6674c0,25ad5579-f6a0-4f35-a0c9-0678b41e9dde,Križanke,549
889e3719-7d29-4888-b690-5a1531d2930e,3429cda2-6047-453c-bf54-952dfa6674c0,8eeea585-6168-45b8-a5d4-336e61826043,Zapuže,1962
889e3719-7d29-4888-b690-5a1531d2930e,3429cda2-6047-453c-bf54-952dfa6674c0,bea274aa-277a-403d-ab2f-a0342b28882e,Križanke,2274
889e3719-7d29-4888-b690-5a1531d2930e,3429cda2-6047-453c-bf54-952dfa6674c0,6182f8e8-c45e-4606-b4a4-d909bd44d2cc,Gornji trg,1810
889e3719-7d29-4888-b690-5a1531d2930e,3429cda2-6047-453c-bf54-952dfa6674c0,fef200e9-4d98-425b-ab14-8110e2aa85d7,Drama,558
889e3719-7d29-4888-b690-5a1531d2930e,3429cda2-6047-453c-bf54-952dfa6674c0,1632ee87-59dd-4367-bf10-9d13aa688e82,Tržnica Koseze,108
889e3719-7d29-4888-b690-5a1531d2930e,3429cda2-6047-453c-bf54-952dfa6674c0,6edebb46-d04f-45c4-99a4-100f7f0b2660,Zadvor,376
889e3719-7d29-4888-b690-5a1531d2930e,3429cda2-6047-453c-bf54-952dfa6674c0,bea274aa-277a-403d-ab2f-a0342b28882e,Križanke,449
889e3719-7d29-4888-b690-5a1531d2930e,3429cda2-6047-453c-bf54-952dfa6674c0,51dbf10f-cf3b-4575-a8cc-d1080c1f9dde,Silos,792
889e3719-7d29-4888-b690-5a1531d2930e,3429cda2-6047-453c-bf54-952dfa6674c0,c87db9be-1fba-4102-a743-0ee4317dd5af,Bavarski dvor,610
889e3719-7d29-4888-b690-5a1531d2930e,3429cda2-6047-453c-bf54-952dfa6674c0,4062cd22-b67a-4235-9980-0178b7add592,Drama,1801
889e3719-7d29-4888-b690-5a1531d2930e,3429cda2-6047-453c-bf54-952dfa6674c0,4062cd22-b67a-4235-9980-0178b7add592,Drama,46
889e3719-7d29-4888-b690-5a1531d2930e,3429cda2-6047-453c-bf54-952dfa6674c0,9a938b49-ce1d-4e1c-a789-e316630ebc4f,Poliklinika,2870
889e3719-7d29-4888-b690-5a1531d2930e,3429cda2-6047-453c-bf54-952dfa6674c0,a2ce7e6f-0f99-443a-a973-81a0b9c60261,Astra,1952
889e3719-7d29-4888-b690-5a1531d2930e,3429cda2-6047-453c-bf54-952dfa6674c0,bea274aa-277a-403d-ab2f-a0342b28882e,Križanke,382
889e3719-7d29-4888-b690-5a1531d2930e,3429cda2-6047-453c-bf54-952dfa6674c0,d3a6cbf3-65f0-4db8-9a10-1460763eac8e,Hrušica,190
889e3719-7d29-4888-b690-5a1531d2930e,3429cda2-6047-453c-bf54-952dfa6674c0,5d7f28a6-2a2a-4333-aa06-48edfb652f86,Pošta,292
889e3719-7d29-4888-b690-5a1531d2930e,3429cda2-6047-453c-bf54-952dfa6674c0,0b4a072e-6c2d-4c71-ab80-2b7142df81de,Tivoli,1110
889e3719-7d29-4888-b690-5a1531d2930e,3429cda2-6047-453c-bf54-952dfa6674c0,c87db9be-1fba-4102-a743-0ee4317dd5af,Bavarski dvor,383
889e3719-7d29-4888-b690-5a1531d2930e,3429cda2-6047-453c-bf54-952dfa6674c0,f14a6236-8af2-47bf-9270-432377662a63,Viadukt,1173
889e3719-7d29-4888-b690-5a1531d2930e,3429cda2-6047-453c-bf54-952dfa6674c0,cbf8e64b-fd0d-48ec-8fb1-03b298cc13b3,Savsko naselje,152
889e3719-7d29-4888-b690-5a1531d2930e,3429cda2-6047-453c-bf54-952dfa6674c0,9b85d4b0-c594-4e0e-9ce2-d0986256c270,Tavčarjeva,133
889e3719-7d29-4888-b690-5a1531d2930e,3429cda2-6047-453c-bf54-952dfa6674c0,4062cd22-b67a-4235-9980-0178b7add592,Drama,1200
889e3719-7d29-4888-b690-5a1531d2930e,3429cda2-6047-453c-bf54-952dfa6674c0,25ad5579-f6a0-4f35-a0c9-0678b41e9dde,Križanke,66
889e3719-7d29-4888-b690-5a1531d2930e,3429cda2-6047-453c-bf54-952dfa6674c0,abc9fd26-5442-468b-93b6-4d5eb76d0f1f,BTC-Emporium,1246
889e3719-7d29-4888-b690-5a1531d2930e,3429cda2-6047-453c-bf54-952dfa6674c0,b905ae6a-f1e1-4057-8923-481902ed5a8e,Konzorcij,1680
889e3719-7d29-4888-b690-5a1531d2930e,3429cda2-6047-453c-bf54-952dfa6674c0,ef91fd44-5651-4fd4-b6f8-619fdef9da7b,Hajdrihova,64
889e3719-7d29-4888-b690-5a1531d2930e,3429cda2-6047-453c-bf54-952dfa6674c0,4062cd22-b67a-4235-9980-0178b7add592,Drama,456
889e3719-7d29-4888-b690-5a1531d2930e,3429cda2-6047-453c-bf54-952dfa6674c0,b905ae6a-f1e1-4057-8923-481902ed5a8e,Konzorcij,97
889e3719-7d29-4888-b690-5a1531d2930e,3429cda2-6047-453c-bf54-952dfa6674c0,cbf8e64b-fd0d-48ec-8fb1-03b298cc13b3,Savsko naselje,299
889e3719-7d29-4888-b690-5a1531d2930e,3429cda2-6047-453c-bf54-952dfa6674c0,5d7f28a6-2a2a-4333-aa06-48edfb652f86,Pošta,432
889e3719-7d29-4888-b690-5a1531d2930e,3429cda2-6047-453c-bf54-952dfa6674c0,5cc8a08d-c0af-491f-9a9c-b8b4f5f23bc0,BTC-Emporium,394
889e3719-7d29-4888-b690-5a1531d2930e,3429cda2-6047-453c-bf54-952dfa6674c0,25ad5579-f6a0-4f35-a0c9-0678b41e9dde,Križanke,59
889e3719-7d29-4888-b690-5a1531d2930e,3429cda2-6047-453c-bf54-952dfa6674c0,4062cd22-b67a-4235-9980-0178b7add592,Drama,103
889e3719-7d29-4888-b690-5a1531d2930e,3429cda2-6047-453c-bf54-952dfa6674c0,fef200e9-4d98-425b-ab14-8110e2aa85d7,Drama,774
889e3719-7d29-4888-b690-5a1531d2930e,3429cda2-6047-453c-bf54-952dfa6674c0,25ad5579-f6a0-4f35-a0c9-0678b41e9dde,Križanke,723
889e3719-7d29-4888-b690-5a1531d2930e,3429cda2-6047-453c-bf54-952dfa6674c0,4062cd22-b67a-4235-9980-0178b7add592,Drama,510
889e3719-7d29-4888-b690-5a1531d2930e,3429cda2-6047-453c-bf54-952dfa6674c0,484b5c91-1220-43ba-af79-84e712fcc46b,Slovenija avto,893
889e3719-7d29-4888-b690-5a1531d2930e,3429cda2-6047-453c-bf54-952dfa6674c0,023d7b7a-b411-4e61-8746-b07f9e5c8f90,Ambrožev trg,53
889e3719-7d29-4888-b690-5a1531d2930e,3429cda2-6047-453c-bf54-952dfa6674c0,d98335a0-1291-4d4c-be62-16b11c356575,Božičeva,651
889e3719-7d29-4888-b690-5a1531d2930e,3429cda2-6047-453c-bf54-952dfa6674c0,e57aad1d-457e-401f-b26d-306b4fd836eb,Kašeljska,793
889e3719-7d29-4888-b690-5a1531d2930e,3429cda2-6047-453c-bf54-952dfa6674c0,7bcbdcaa-00b9-47d4-8982-09da26cd7bcb,Zaloška,548
889e3719-7d29-4888-b690-5a1531d2930e,3429cda2-6047-453c-bf54-952dfa6674c0,7fa32ea0-e884-435a-a81c-51bbd5cedf3e,Zaloška,250
889e3719-7d29-4888-b690-5a1531d2930e,3429cda2-6047-453c-bf54-952dfa6674c0,cab36767-e95a-4f60-978e-92490f2517b2,Hrvatski trg,984
889e3719-7d29-4888-b690-5a1531d2930e,3429cda2-6047-453c-bf54-952dfa6674c0,fef200e9-4d98-425b-ab14-8110e2aa85d7,Drama,157
889e3719-7d29-4888-b690-5a1531d2930e,3429cda2-6047-453c-bf54-952dfa6674c0,36d25599-0bed-48a0-bcb4-134be8a959fe,Emona,430
889e3719-7d29-4888-b690-5a1531d2930e,3429cda2-6047-453c-bf54-952dfa6674c0,fef200e9-4d98-425b-ab14-8110e2aa85d7,Drama,6
889e3719-7d29-4888-b690-5a1531d2930e,3429cda2-6047-453c-bf54-952dfa6674c0,d5102041-8282-4c77-a593-edac0d0d4a34,Cukrarna,1220
889e3719-7d29-4888-b690-5a1531d2930e,3429cda2-6047-453c-bf54-952dfa6674c0,38b3abed-0592-407b-96c3-85a026f2e192,Dalmatinova,304
889e3719-7d29-4888-b690-5a1531d2930e,3429cda2-6047-453c-bf54-952dfa6674c0,16578e36-c682-4083-bd29-4973445dc0fe,Gosposvetska,720
889e3719-7d29-4888-b690-5a1531d2930e,3429cda2-6047-453c-bf54-952dfa6674c0,8f56b058-1ae3-44f5-8600-4330f2264d78,Privoz,615
889e3719-7d29-4888-b690-5a1531d2930e,3429cda2-6047-453c-bf54-952dfa6674c0,47a3bd8a-72ae-4e20-b43f-10bfaf49012c,Ob sotočju,1210
889e3719-7d29-4888-b690-5a1531d2930e,3429cda2-6047-453c-bf54-952dfa6674c0,9b85d4b0-c594-4e0e-9ce2-d0986256c270,Tavčarjeva,954
889e3719-7d29-4888-b690-5a1531d2930e,3429cda2-6047-453c-bf54-952dfa6674c0,e66e813a-722d-40f8-9ee9-1470d07bc200,Tobačna,123
889e3719-7d29-4888-b690-5a1531d2930e,3429cda2-6047-453c-bf54-952dfa6674c0,ecc4ae87-ae08-4b94-995c-452fdd94df7f,Privoz,19
889e3719-7d29-4888-b690-5a1531d2930e,3429cda2-6047-453c-bf54-952dfa6674c0,38b3abed-0592-407b-96c3-85a026f2e192,Dalmatinova,107
889e3719-7d29-4888-b690-5a1531d2930e,3429cda2-6047-453c-bf54-952dfa6674c0,aa42017d-812a-4175-bc9b-0fec03b18931,Ambrožev trg,1730
889e3719-7d29-4888-b690-5a1531d2930e,3429cda2-6047-453c-bf54-952dfa6674c0,557f714a-6f4a-4c98-8c5a-d74fa34b2adb,Hrvatski trg,132
889e3719-7d29-4888-b690-5a1531d2930e,3429cda2-6047-453c-bf54-952dfa6674c0,6182f8e8-c45e-4606-b4a4-d909bd44d2cc,Gornji trg,456
889e3719-7d29-4888-b690-5a1531d2930e,3429cda2-6047-453c-bf54-952dfa6674c0,295616c0-387b-4f60-a337-7743cd6be04e,Bavarski dvor,1892
889e3719-7d29-4888-b690-5a1531d2930e,3429cda2-6047-453c-bf54-952dfa6674c0,36d25599-0bed-48a0-bcb4-134be8a959fe,Emona,952
889e3719-7d29-4888-b690-5a1531d2930e,3429cda2-6047-453c-bf54-952dfa6674c0,e9d9f622-7394-4c5c-9031-a41855a64aa7,Polje,212
889e3719-7d29-4888-b690-5a1531d2930e,3429cda2-6047-453c-bf54-952dfa6674c0,6182f8e8-c45e-4606-b4a4-d909bd44d2cc,Gornji trg,2003
889e3719-7d29-4888-b690-5a1531d2930e,3429cda2-6047-453c-bf54-952dfa6674c0,b905ae6a-f1e1-4057-8923-481902ed5a8e,Konzorcij,297
889e3719-7d29-4888-b690-5a1531d2930e,3429cda2-6047-453c-bf54-952dfa6674c0,a719a87c-4e93-4387-a6d1-2631a487f7e0,Ajdovščina,2846
889e3719-7d29-4888-b690-5a1531d2930e,3429cda2-6047-453c-bf54-952dfa6674c0,698551c1-7bb2-4f7e-9701-23b7667e8594,Novo naselje,257
889e3719-7d29-4888-b690-5a1531d2930e,3429cda2-6047-453c-bf54-952dfa6674c0,a719a87c-4e93-4387-a6d1-2631a487f7e0,Ajdovščina,877
889e3719-7d29-4888-b690-5a1531d2930e,3429cda2-6047-453c-bf54-952dfa6674c0,a4545f57-dab0-4ca0-9da3-5bc96d80f104,Vevče,1224
889e3719-7d29-4888-b690-5a1531d2930e,3429cda2-6047-453c-bf54-952dfa6674c0,7bcbdcaa-00b9-47d4-8982-09da26cd7bcb,Zaloška,1942
889e3719-7d29-4888-b690-5a1531d2930e,3429cda2-6047-453c-bf54-952dfa6674c0,fef200e9-4d98-425b-ab14-8110e2aa85d7,Drama,2968
889e3719-7d29-4888-b690-5a1531d2930e,3429cda2-6047-453c-bf54-952dfa6674c0,fef200e9-4d98-425b-ab14-8110e2aa85d7,Drama,79
889e3719-7d29-4888-b690-5a1531d2930e,3429cda2-6047-453c-bf54-952dfa6674c0,fef200e9-4d98-425b-ab14-8110e2aa85d7,Drama,1219
889e3719-7d29-4888-b690-5a1531d2930e,3429cda2-6047-453c-bf54-952dfa6674c0,a719a87c-4e93-4387-a6d1-2631a487f7e0,Ajdovščina,480
889e3719-7d29-4888-b690-5a1531d2930e,3429cda2-6047-453c-bf54-952dfa6674c0,a719a87c-4e93-4387-a6d1-2631a487f7e0,Ajdovščina,843
889e3719-7d29-4888-b690-5a1531d2930e,3429cda2-6047-453c-bf54-952dfa6674c0,25ad5579-f6a0-4f35-a0c9-0678b41e9dde,Križanke,101
889e3719-7d29-4888-b690-5a1531d2930e,3429cda2-6047-453c-bf54-952dfa6674c0,295616c0-387b-4f60-a337-7743cd6be04e,Bavarski dvor,1193
889e3719-7d29-4888-b690-5a1531d2930e,3429cda2-6047-453c-bf54-952dfa6674c0,f174a648-9e84-492d-9ccd-0756b49c773b,Capuder,1625
889e3719-7d29-4888-b690-5a1531d2930e,3429cda2-6047-453c-bf54-952dfa6674c0,b59656a4-b6e7-4b87-977c-078c59088a50,Hajdrihova,1830
889e3719-7d29-4888-b690-5a1531d2930e,3429cda2-6047-453c-bf54-952dfa6674c0,b905ae6a-f1e1-4057-8923-481902ed5a8e,Konzorcij,1814
889e3719-7d29-4888-b690-5a1531d2930e,3429cda2-6047-453c-bf54-952dfa6674c0,7a52a73a-cc0e-4c61-b9bc-306157727e1c,Tržnica Moste,515
889e3719-7d29-4888-b690-5a1531d2930e,3429cda2-6047-453c-bf54-952dfa6674c0,fef200e9-4d98-425b-ab14-8110e2aa85d7,Drama,956
889e3719-7d29-4888-b690-5a1531d2930e,3429cda2-6047-453c-bf54-952dfa6674c0,fef200e9-4d98-425b-ab14-8110e2aa85d7,Drama,67
889e3719-7d29-4888-b690-5a1531d2930e,3429cda2-6047-453c-bf54-952dfa6674c0,9b85d4b0-c594-4e0e-9ce2-d0986256c270,Tavčarjeva,360
889e3719-7d29-4888-b690-5a1531d2930e,3429cda2-6047-453c-bf54-952dfa6674c0,fef200e9-4d98-425b-ab14-8110e2aa85d7,Drama,141
889e3719-7d29-4888-b690-5a1531d2930e,3429cda2-6047-453c-bf54-952dfa6674c0,cab36767-e95a-4f60-978e-92490f2517b2,Hrvatski trg,36
889e3719-7d29-4888-b690-5a1531d2930e,3429cda2-6047-453c-bf54-952dfa6674c0,5d7f28a6-2a2a-4333-aa06-48edfb652f86,Pošta,504
889e3719-7d29-4888-b690-5a1531d2930e,3429cda2-6047-453c-bf54-952dfa6674c0,4062cd22-b67a-4235-9980-0178b7add592,Drama,176
889e3719-7d29-4888-b690-5a1531d2930e,3429cda2-6047-453c-bf54-952dfa6674c0,f33b721f-a8a3-4aad-96f2-077da09ebaa6,Razstavišče,875
889e3719-7d29-4888-b690-5a1531d2930e,3429cda2-6047-453c-bf54-952dfa6674c0,b905ae6a-f1e1-4057-8923-481902ed5a8e,Konzorcij,391
889e3719-7d29-4888-b690-5a1531d2930e,3429cda2-6047-453c-bf54-952dfa6674c0,cdabf1ea-b04c-480a-8359-72c46e6864ab,Bežigrad,219
889e3719-7d29-4888-b690-5a1531d2930e,3429cda2-6047-453c-bf54-952dfa6674c0,fef200e9-4d98-425b-ab14-8110e2aa85d7,Drama,626
889e3719-7d29-4888-b690-5a1531d2930e,3429cda2-6047-453c-bf54-952dfa6674c0,0b4a072e-6c2d-4c71-ab80-2b7142df81de,Tivoli,179
889e3719-7d29-4888-b690-5a1531d2930e,3429cda2-6047-453c-bf54-952dfa6674c0,a719a87c-4e93-4387-a6d1-2631a487f7e0,Ajdovščina,222
889e3719-7d29-4888-b690-5a1531d2930e,3429cda2-6047-453c-bf54-952dfa6674c0,cab36767-e95a-4f60-978e-92490f2517b2,Hrvatski trg,42
889e3719-7d29-4888-b690-5a1531d2930e,3429cda2-6047-453c-bf54-952dfa6674c0,4038e02e-f22f-4af0-ba4f-7aab855b53af,Kneza Koclja,2119
889e3719-7d29-4888-b690-5a1531d2930e,3429cda2-6047-453c-bf54-952dfa6674c0,5d7f28a6-2a2a-4333-aa06-48edfb652f86,Pošta,1723
889e3719-7d29-4888-b690-5a1531d2930e,3429cda2-6047-453c-bf54-952dfa6674c0,087e50b6-7677-4a85-802f-5694266fe38b,Aškerčeva,1038
889e3719-7d29-4888-b690-5a1531d2930e,3429cda2-6047-453c-bf54-952dfa6674c0,b905ae6a-f1e1-4057-8923-481902ed5a8e,Konzorcij,106
889e3719-7d29-4888-b690-5a1531d2930e,3429cda2-6047-453c-bf54-952dfa6674c0,9f01f25f-9a5b-459a-96da-222ef81faf51,Trata,160
889e3719-7d29-4888-b690-5a1531d2930e,3429cda2-6047-453c-bf54-952dfa6674c0,25ad5579-f6a0-4f35-a0c9-0678b41e9dde,Križanke,1364
889e3719-7d29-4888-b690-5a1531d2930e,3429cda2-6047-453c-bf54-952dfa6674c0,aa42017d-812a-4175-bc9b-0fec03b18931,Ambrožev trg,1535
889e3719-7d29-4888-b690-5a1531d2930e,3429cda2-6047-453c-bf54-952dfa6674c0,ef91fd44-5651-4fd4-b6f8-619fdef9da7b,Hajdrihova,1596
889e3719-7d29-4888-b690-5a1531d2930e,3429cda2-6047-453c-bf54-952dfa6674c0,105e10e7-fbab-4f99-94c9-178c25630b42,Brodarjev trg,491
889e3719-7d29-4888-b690-5a1531d2930e,3429cda2-6047-453c-bf54-952dfa6674c0,4062cd22-b67a-4235-9980-0178b7add592,Drama,347
889e3719-7d29-4888-b690-5a1531d2930e,3429cda2-6047-453c-bf54-952dfa6674c0,f2b27cbd-5207-4281-8f67-6369d0c50a9b,Kodrova,628
889e3719-7d29-4888-b690-5a1531d2930e,3429cda2-6047-453c-bf54-952dfa6674c0,fef200e9-4d98-425b-ab14-8110e2aa85d7,Drama,618
889e3719-7d29-4888-b690-5a1531d2930e,3429cda2-6047-453c-bf54-952dfa6674c0,f2b27cbd-5207-4281-8f67-6369d0c50a9b,Kodrova,1013
889e3719-7d29-4888-b690-5a1531d2930e,3429cda2-6047-453c-bf54-952dfa6674c0,8f56b058-1ae3-44f5-8600-4330f2264d78,Privoz,15
889e3719-7d29-4888-b690-5a1531d2930e,3429cda2-6047-453c-bf54-952dfa6674c0,38b3abed-0592-407b-96c3-85a026f2e192,Dalmatinova,483
889e3719-7d29-4888-b690-5a1531d2930e,3429cda2-6047-453c-bf54-952dfa6674c0,fef200e9-4d98-425b-ab14-8110e2aa85d7,Drama,508
889e3719-7d29-4888-b690-5a1531d2930e,3429cda2-6047-453c-bf54-952dfa6674c0,fef200e9-4d98-425b-ab14-8110e2aa85d7,Drama,152
889e3719-7d29-4888-b690-5a1531d2930e,3429cda2-6047-453c-bf54-952dfa6674c0,fef200e9-4d98-425b-ab14-8110e2aa85d7,Drama,48
889e3719-7d29-4888-b690-5a1531d2930e,3429cda2-6047-453c-bf54-952dfa6674c0,5d7f28a6-2a2a-4333-aa06-48edfb652f86,Pošta,129
889e3719-7d29-4888-b690-5a1531d2930e,3429cda2-6047-453c-bf54-952dfa6674c0,fef200e9-4d98-425b-ab14-8110e2aa85d7,Drama,507
889e3719-7d29-4888-b690-5a1531d2930e,3429cda2-6047-453c-bf54-952dfa6674c0,4062cd22-b67a-4235-9980-0178b7add592,Drama,422
889e3719-7d29-4888-b690-5a1531d2930e,3429cda2-6047-453c-bf54-952dfa6674c0,aa42017d-812a-4175-bc9b-0fec03b18931,Ambrožev trg,1512
889e3719-7d29-4888-b690-5a1531d2930e,3429cda2-6047-453c-bf54-952dfa6674c0,fef200e9-4d98-425b-ab14-8110e2aa85d7,Drama,436
889e3719-7d29-4888-b690-5a1531d2930e,3429cda2-6047-453c-bf54-952dfa6674c0,c87db9be-1fba-4102-a743-0ee4317dd5af,Bavarski dvor,536
889e3719-7d29-4888-b690-5a1531d2930e,3429cda2-6047-453c-bf54-952dfa6674c0,16578e36-c682-4083-bd29-4973445dc0fe,Gosposvetska,480
889e3719-7d29-4888-b690-5a1531d2930e,3429cda2-6047-453c-bf54-952dfa6674c0,13ceaf6c-9650-45c3-b449-64a0e5094d18,Murkova,773
889e3719-7d29-4888-b690-5a1531d2930e,3429cda2-6047-453c-bf54-952dfa6674c0,4062cd22-b67a-4235-9980-0178b7add592,Drama,862
889e3719-7d29-4888-b690-5a1531d2930e,3429cda2-6047-453c-bf54-952dfa6674c0,e66e813a-722d-40f8-9ee9-1470d07bc200,Tobačna,660
889e3719-7d29-4888-b690-5a1531d2930e,3429cda2-6047-453c-bf54-952dfa6674c0,2154edb8-16e2-4334-8878-9e38abcdf06a,Zavrh,263
889e3719-7d29-4888-b690-5a1531d2930e,3429cda2-6047-453c-bf54-952dfa6674c0,b905ae6a-f1e1-4057-8923-481902ed5a8e,Konzorcij,15
889e3719-7d29-4888-b690-5a1531d2930e,3429cda2-6047-453c-bf54-952dfa6674c0,16578e36-c682-4083-bd29-4973445dc0fe,Gosposvetska,527
889e3719-7d29-4888-b690-5a1531d2930e,3429cda2-6047-453c-bf54-952dfa6674c0,cab36767-e95a-4f60-978e-92490f2517b2,Hrvatski trg,351
889e3719-7d29-4888-b690-5a1531d2930e,3429cda2-6047-453c-bf54-952dfa6674c0,923bd774-0651-4e0a-8624-3acfb7ecd5ff,Gornje Poljane,1021
889e3719-7d29-4888-b690-5a1531d2930e,3429cda2-6047-453c-bf54-952dfa6674c0,2d6504e9-c938-417e-9b55-32d6514bc744,Kristalna palača,291
889e3719-7d29-4888-b690-5a1531d2930e,3429cda2-6047-453c-bf54-952dfa6674c0,fef200e9-4d98-425b-ab14-8110e2aa85d7,Drama,1820
889e3719-7d29-4888-b690-5a1531d2930e,3429cda2-6047-453c-bf54-952dfa6674c0,f2b27cbd-5207-4281-8f67-6369d0c50a9b,Kodrova,168
889e3719-7d29-4888-b690-5a1531d2930e,3429cda2-6047-453c-bf54-952dfa6674c0,f2920a77-6c6c-494d-96b7-2a8caf8f374f,Mirje,1108
889e3719-7d29-4888-b690-5a1531d2930e,3429cda2-6047-453c-bf54-952dfa6674c0,3fbf6322-fb74-4a50-a81a-bfca73abc26b,Tacenski most,2166
889e3719-7d29-4888-b690-5a1531d2930e,3429cda2-6047-453c-bf54-952dfa6674c0,ecc4ae87-ae08-4b94-995c-452fdd94df7f,Privoz,195
889e3719-7d29-4888-b690-5a1531d2930e,3429cda2-6047-453c-bf54-952dfa6674c0,6182f8e8-c45e-4606-b4a4-d909bd44d2cc,Gornji trg,294
889e3719-7d29-4888-b690-5a1531d2930e,3429cda2-6047-453c-bf54-952dfa6674c0,f2b27cbd-5207-4281-8f67-6369d0c50a9b,Kodrova,1144
889e3719-7d29-4888-b690-5a1531d2930e,3429cda2-6047-453c-bf54-952dfa6674c0,a719a87c-4e93-4387-a6d1-2631a487f7e0,Ajdovščina,541
889e3719-7d29-4888-b690-5a1531d2930e,3429cda2-6047-453c-bf54-952dfa6674c0,4062cd22-b67a-4235-9980-0178b7add592,Drama,570
889e3719-7d29-4888-b690-5a1531d2930e,3429cda2-6047-453c-bf54-952dfa6674c0,087e50b6-7677-4a85-802f-5694266fe38b,Aškerčeva,390
889e3719-7d29-4888-b690-5a1531d2930e,3429cda2-6047-453c-bf54-952dfa6674c0,484b5c91-1220-43ba-af79-84e712fcc46b,Slovenija avto,174
889e3719-7d29-4888-b690-5a1531d2930e,3429cda2-6047-453c-bf54-952dfa6674c0,0a4b6359-22f0-4caa-b4a8-f4edb97a0825,Pot Rdečega križa,1397
889e3719-7d29-4888-b690-5a1531d2930e,3429cda2-6047-453c-bf54-952dfa6674c0,8589e5d1-21b4-4210-ad7a-4bf91f9a715d,Vižmarje,1140
889e3719-7d29-4888-b690-5a1531d2930e,3429cda2-6047-453c-bf54-952dfa6674c0,4062cd22-b67a-4235-9980-0178b7add592,Drama,1281
889e3719-7d29-4888-b690-5a1531d2930e,3429cda2-6047-453c-bf54-952dfa6674c0,5d7f28a6-2a2a-4333-aa06-48edfb652f86,Pošta,39
889e3719-7d29-4888-b690-5a1531d2930e,3429cda2-6047-453c-bf54-952dfa6674c0,216a26dc-11c2-432b-b099-0d55d508b7fa,Cesta v Gorice,58
889e3719-7d29-4888-b690-5a1531d2930e,3429cda2-6047-453c-bf54-952dfa6674c0,fef200e9-4d98-425b-ab14-8110e2aa85d7,Drama,1056
889e3719-7d29-4888-b690-5a1531d2930e,3429cda2-6047-453c-bf54-952dfa6674c0,fef200e9-4d98-425b-ab14-8110e2aa85d7,Drama,1455
889e3719-7d29-4888-b690-5a1531d2930e,3429cda2-6047-453c-bf54-952dfa6674c0,c87db9be-1fba-4102-a743-0ee4317dd5af,Bavarski dvor,1170
889e3719-7d29-4888-b690-5a1531d2930e,3429cda2-6047-453c-bf54-952dfa6674c0,fb0042f8-d9e2-4916-b60a-38a026acf0c9,Leskoškova,1684
889e3719-7d29-4888-b690-5a1531d2930e,3429cda2-6047-453c-bf54-952dfa6674c0,95eee7e8-237d-4410-a9bf-00c6f88129c1,Cukrarna,2252
889e3719-7d29-4888-b690-5a1531d2930e,3429cda2-6047-453c-bf54-952dfa6674c0,7fad8003-fb10-489d-bf8d-6d433310ad90,Nove Jarše,201
889e3719-7d29-4888-b690-5a1531d2930e,3429cda2-6047-453c-bf54-952dfa6674c0,fef200e9-4d98-425b-ab14-8110e2aa85d7,Drama,1438
889e3719-7d29-4888-b690-5a1531d2930e,3429cda2-6047-453c-bf54-952dfa6674c0,8375ab17-e389-42b2-9b88-0210a049e321,Bonifacija,323
889e3719-7d29-4888-b690-5a1531d2930e,3429cda2-6047-453c-bf54-952dfa6674c0,a719a87c-4e93-4387-a6d1-2631a487f7e0,Ajdovščina,410
889e3719-7d29-4888-b690-5a1531d2930e,3429cda2-6047-453c-bf54-952dfa6674c0,25ad5579-f6a0-4f35-a0c9-0678b41e9dde,Križanke,49
889e3719-7d29-4888-b690-5a1531d2930e,3429cda2-6047-453c-bf54-952dfa6674c0,94c6598b-7303-42e1-94d5-156d7a25f630,Gerbičeva,402
889e3719-7d29-4888-b690-5a1531d2930e,3429cda2-6047-453c-bf54-952dfa6674c0,68075aa0-144c-4f6e-93ef-e93dfc35df78,ZALOG,522
889e3719-7d29-4888-b690-5a1531d2930e,3429cda2-6047-453c-bf54-952dfa6674c0,21764d19-62cc-49fd-bac9-403aeac6a6b9,Ježica,443
889e3719-7d29-4888-b690-5a1531d2930e,3429cda2-6047-453c-bf54-952dfa6674c0,fac22b83-1bc0-4c12-8533-485b115409ef,Bolnica,175
889e3719-7d29-4888-b690-5a1531d2930e,3429cda2-6047-453c-bf54-952dfa6674c0,9bb1ed3b-5a6f-43c7-afaf-ba2b60ca1a7a,Aškerčeva,3226
889e3719-7d29-4888-b690-5a1531d2930e,3429cda2-6047-453c-bf54-952dfa6674c0,7310c006-62b8-4f94-bb9c-d5c26cb3faad,Polje,133
889e3719-7d29-4888-b690-5a1531d2930e,3429cda2-6047-453c-bf54-952dfa6674c0,2d6504e9-c938-417e-9b55-32d6514bc744,Kristalna palača,299
889e3719-7d29-4888-b690-5a1531d2930e,3429cda2-6047-453c-bf54-952dfa6674c0,aa42017d-812a-4175-bc9b-0fec03b18931,Ambrožev trg,541
889e3719-7d29-4888-b690-5a1531d2930e,3429cda2-6047-453c-bf54-952dfa6674c0,d72032c7-d4b0-4eee-a87c-593985a42266,Tobačna,617
889e3719-7d29-4888-b690-5a1531d2930e,3429cda2-6047-453c-bf54-952dfa6674c0,fef200e9-4d98-425b-ab14-8110e2aa85d7,Drama,198
889e3719-7d29-4888-b690-5a1531d2930e,3429cda2-6047-453c-bf54-952dfa6674c0,79325942-629a-4766-a34a-525f8edf8cc5,Podgora,230
889e3719-7d29-4888-b690-5a1531d2930e,3429cda2-6047-453c-bf54-952dfa6674c0,f07c916c-6fc6-4acf-a334-0ab0d3c4f57f,Središka,596
889e3719-7d29-4888-b690-5a1531d2930e,3429cda2-6047-453c-bf54-952dfa6674c0,a378ce5e-57ce-4c52-b219-568674b5cd5e,Gornji trg,827
889e3719-7d29-4888-b690-5a1531d2930e,3429cda2-6047-453c-bf54-952dfa6674c0,12618339-2c2d-49ec-b0e0-2517c11991f8,Mirje,12
889e3719-7d29-4888-b690-5a1531d2930e,3429cda2-6047-453c-bf54-952dfa6674c0,8c7fa045-888b-46d0-8189-6f82623bf481,Poljanska,517
889e3719-7d29-4888-b690-5a1531d2930e,3429cda2-6047-453c-bf54-952dfa6674c0,38b3abed-0592-407b-96c3-85a026f2e192,Dalmatinova,1582
889e3719-7d29-4888-b690-5a1531d2930e,3429cda2-6047-453c-bf54-952dfa6674c0,6bd46cb7-9e5d-453a-878a-bcc38fb2a5f2,Sava,2232
889e3719-7d29-4888-b690-5a1531d2930e,3429cda2-6047-453c-bf54-952dfa6674c0,c87db9be-1fba-4102-a743-0ee4317dd5af,Bavarski dvor,297
889e3719-7d29-4888-b690-5a1531d2930e,3429cda2-6047-453c-bf54-952dfa6674c0,484b5c91-1220-43ba-af79-84e712fcc46b,Slovenija avto,932
889e3719-7d29-4888-b690-5a1531d2930e,3429cda2-6047-453c-bf54-952dfa6674c0,aa42017d-812a-4175-bc9b-0fec03b18931,Ambrožev trg,1548
889e3719-7d29-4888-b690-5a1531d2930e,3429cda2-6047-453c-bf54-952dfa6674c0,16578e36-c682-4083-bd29-4973445dc0fe,Gosposvetska,1673
889e3719-7d29-4888-b690-5a1531d2930e,3429cda2-6047-453c-bf54-952dfa6674c0,a719a87c-4e93-4387-a6d1-2631a487f7e0,Ajdovščina,144
889e3719-7d29-4888-b690-5a1531d2930e,3429cda2-6047-453c-bf54-952dfa6674c0,bea274aa-277a-403d-ab2f-a0342b28882e,Križanke,59
889e3719-7d29-4888-b690-5a1531d2930e,3429cda2-6047-453c-bf54-952dfa6674c0,9b85d4b0-c594-4e0e-9ce2-d0986256c270,Tavčarjeva,1216
889e3719-7d29-4888-b690-5a1531d2930e,3429cda2-6047-453c-bf54-952dfa6674c0,bea274aa-277a-403d-ab2f-a0342b28882e,Križanke,117
889e3719-7d29-4888-b690-5a1531d2930e,3429cda2-6047-453c-bf54-952dfa6674c0,c124f317-217b-4b89-9597-393843de4f81,Nusdorferjeva,718
889e3719-7d29-4888-b690-5a1531d2930e,3429cda2-6047-453c-bf54-952dfa6674c0,4062cd22-b67a-4235-9980-0178b7add592,Drama,937
889e3719-7d29-4888-b690-5a1531d2930e,3429cda2-6047-453c-bf54-952dfa6674c0,6a89c110-a0f8-4b1a-87f0-33f49c0a658e,Šola Jarše,3700
889e3719-7d29-4888-b690-5a1531d2930e,3429cda2-6047-453c-bf54-952dfa6674c0,6182f8e8-c45e-4606-b4a4-d909bd44d2cc,Gornji trg,2545
889e3719-7d29-4888-b690-5a1531d2930e,3429cda2-6047-453c-bf54-952dfa6674c0,bea274aa-277a-403d-ab2f-a0342b28882e,Križanke,1601
889e3719-7d29-4888-b690-5a1531d2930e,3429cda2-6047-453c-bf54-952dfa6674c0,0b4a072e-6c2d-4c71-ab80-2b7142df81de,Tivoli,78
889e3719-7d29-4888-b690-5a1531d2930e,3429cda2-6047-453c-bf54-952dfa6674c0,9bb1ed3b-5a6f-43c7-afaf-ba2b60ca1a7a,Aškerčeva,142
889e3719-7d29-4888-b690-5a1531d2930e,3429cda2-6047-453c-bf54-952dfa6674c0,fef200e9-4d98-425b-ab14-8110e2aa85d7,Drama,555
889e3719-7d29-4888-b690-5a1531d2930e,3429cda2-6047-453c-bf54-952dfa6674c0,fef200e9-4d98-425b-ab14-8110e2aa85d7,Drama,371
889e3719-7d29-4888-b690-5a1531d2930e,3429cda2-6047-453c-bf54-952dfa6674c0,9bb1ed3b-5a6f-43c7-afaf-ba2b60ca1a7a,Aškerčeva,609
889e3719-7d29-4888-b690-5a1531d2930e,3429cda2-6047-453c-bf54-952dfa6674c0,4062cd22-b67a-4235-9980-0178b7add592,Drama,24
889e3719-7d29-4888-b690-5a1531d2930e,3429cda2-6047-453c-bf54-952dfa6674c0,25ad5579-f6a0-4f35-a0c9-0678b41e9dde,Križanke,101
889e3719-7d29-4888-b690-5a1531d2930e,3429cda2-6047-453c-bf54-952dfa6674c0,9a938b49-ce1d-4e1c-a789-e316630ebc4f,Poliklinika,368
889e3719-7d29-4888-b690-5a1531d2930e,3429cda2-6047-453c-bf54-952dfa6674c0,a719a87c-4e93-4387-a6d1-2631a487f7e0,Ajdovščina,93
889e3719-7d29-4888-b690-5a1531d2930e,3429cda2-6047-453c-bf54-952dfa6674c0,0be237aa-4b91-4d2b-ac23-0cebac975a0d,Cankarjev dom,615
889e3719-7d29-4888-b690-5a1531d2930e,3429cda2-6047-453c-bf54-952dfa6674c0,e57aad1d-457e-401f-b26d-306b4fd836eb,Kašeljska,1204
889e3719-7d29-4888-b690-5a1531d2930e,3429cda2-6047-453c-bf54-952dfa6674c0,eead721b-8996-4e73-a2f9-02dba20df4fa,Ilirska,206
889e3719-7d29-4888-b690-5a1531d2930e,3429cda2-6047-453c-bf54-952dfa6674c0,5d7f28a6-2a2a-4333-aa06-48edfb652f86,Pošta,655
889e3719-7d29-4888-b690-5a1531d2930e,3429cda2-6047-453c-bf54-952dfa6674c0,fef200e9-4d98-425b-ab14-8110e2aa85d7,Drama,72
889e3719-7d29-4888-b690-5a1531d2930e,3429cda2-6047-453c-bf54-952dfa6674c0,4062cd22-b67a-4235-9980-0178b7add592,Drama,446
889e3719-7d29-4888-b690-5a1531d2930e,3429cda2-6047-453c-bf54-952dfa6674c0,f14a6236-8af2-47bf-9270-432377662a63,Viadukt,86
889e3719-7d29-4888-b690-5a1531d2930e,3429cda2-6047-453c-bf54-952dfa6674c0,a719a87c-4e93-4387-a6d1-2631a487f7e0,Ajdovščina,8
889e3719-7d29-4888-b690-5a1531d2930e,3429cda2-6047-453c-bf54-952dfa6674c0,6182f8e8-c45e-4606-b4a4-d909bd44d2cc,Gornji trg,23
889e3719-7d29-4888-b690-5a1531d2930e,3429cda2-6047-453c-bf54-952dfa6674c0,4062cd22-b67a-4235-9980-0178b7add592,Drama,2994
889e3719-7d29-4888-b690-5a1531d2930e,3429cda2-6047-453c-bf54-952dfa6674c0,a719a87c-4e93-4387-a6d1-2631a487f7e0,Ajdovščina,1292
889e3719-7d29-4888-b690-5a1531d2930e,3429cda2-6047-453c-bf54-952dfa6674c0,fef200e9-4d98-425b-ab14-8110e2aa85d7,Drama,1623
889e3719-7d29-4888-b690-5a1531d2930e,3429cda2-6047-453c-bf54-952dfa6674c0,fef200e9-4d98-425b-ab14-8110e2aa85d7,Drama,377
889e3719-7d29-4888-b690-5a1531d2930e,3429cda2-6047-453c-bf54-952dfa6674c0,9afb36ea-c2ae-4bbb-9644-3a6c65bb1c7d,Kino Šiška,420
889e3719-7d29-4888-b690-5a1531d2930e,3429cda2-6047-453c-bf54-952dfa6674c0,3429cda2-6047-453c-bf54-952dfa6674c0,Klinični center,3030
889e3719-7d29-4888-b690-5a1531d2930e,3429cda2-6047-453c-bf54-952dfa6674c0,087e50b6-7677-4a85-802f-5694266fe38b,Aškerčeva,2001
889e3719-7d29-4888-b690-5a1531d2930e,3429cda2-6047-453c-bf54-952dfa6674c0,25ad5579-f6a0-4f35-a0c9-0678b41e9dde,Križanke,276
889e3719-7d29-4888-b690-5a1531d2930e,3429cda2-6047-453c-bf54-952dfa6674c0,b905ae6a-f1e1-4057-8923-481902ed5a8e,Konzorcij,894
889e3719-7d29-4888-b690-5a1531d2930e,3429cda2-6047-453c-bf54-952dfa6674c0,6a0b25cc-428e-47b5-831a-e89facfa7f26,Ziherlova,24
889e3719-7d29-4888-b690-5a1531d2930e,3429cda2-6047-453c-bf54-952dfa6674c0,6182f8e8-c45e-4606-b4a4-d909bd44d2cc,Gornji trg,45
889e3719-7d29-4888-b690-5a1531d2930e,3429cda2-6047-453c-bf54-952dfa6674c0,ecc4ae87-ae08-4b94-995c-452fdd94df7f,Privoz,2491
889e3719-7d29-4888-b690-5a1531d2930e,3429cda2-6047-453c-bf54-952dfa6674c0,c87db9be-1fba-4102-a743-0ee4317dd5af,Bavarski dvor,409
889e3719-7d29-4888-b690-5a1531d2930e,3429cda2-6047-453c-bf54-952dfa6674c0,1907a46a-4559-43ec-8363-03fe35d30725,Rudnik,681
889e3719-7d29-4888-b690-5a1531d2930e,3429cda2-6047-453c-bf54-952dfa6674c0,25ad5579-f6a0-4f35-a0c9-0678b41e9dde,Križanke,849
889e3719-7d29-4888-b690-5a1531d2930e,3429cda2-6047-453c-bf54-952dfa6674c0,4062cd22-b67a-4235-9980-0178b7add592,Drama,181
889e3719-7d29-4888-b690-5a1531d2930e,3429cda2-6047-453c-bf54-952dfa6674c0,5d7f28a6-2a2a-4333-aa06-48edfb652f86,Pošta,1425
889e3719-7d29-4888-b690-5a1531d2930e,3429cda2-6047-453c-bf54-952dfa6674c0,cab36767-e95a-4f60-978e-92490f2517b2,Hrvatski trg,141
889e3719-7d29-4888-b690-5a1531d2930e,3429cda2-6047-453c-bf54-952dfa6674c0,2d6504e9-c938-417e-9b55-32d6514bc744,Kristalna palača,1051
889e3719-7d29-4888-b690-5a1531d2930e,3429cda2-6047-453c-bf54-952dfa6674c0,98fa3880-5936-4ec8-ba04-39c7ff9a0e6a,Stara cerkev,1783
889e3719-7d29-4888-b690-5a1531d2930e,3429cda2-6047-453c-bf54-952dfa6674c0,bea274aa-277a-403d-ab2f-a0342b28882e,Križanke,1103
889e3719-7d29-4888-b690-5a1531d2930e,3429cda2-6047-453c-bf54-952dfa6674c0,c87db9be-1fba-4102-a743-0ee4317dd5af,Bavarski dvor,2607
889e3719-7d29-4888-b690-5a1531d2930e,3429cda2-6047-453c-bf54-952dfa6674c0,4062cd22-b67a-4235-9980-0178b7add592,Drama,460
889e3719-7d29-4888-b690-5a1531d2930e,3429cda2-6047-453c-bf54-952dfa6674c0,fef200e9-4d98-425b-ab14-8110e2aa85d7,Drama,246
889e3719-7d29-4888-b690-5a1531d2930e,3429cda2-6047-453c-bf54-952dfa6674c0,54c591c0-7bbb-4489-9229-57b18f95827a,Stara cerkev,1726
889e3719-7d29-4888-b690-5a1531d2930e,3429cda2-6047-453c-bf54-952dfa6674c0,e66e813a-722d-40f8-9ee9-1470d07bc200,Tobačna,653
889e3719-7d29-4888-b690-5a1531d2930e,3429cda2-6047-453c-bf54-952dfa6674c0,813b7c8c-5236-405a-bb0d-092a5d93c2a6,Kavčičeva,432
889e3719-7d29-4888-b690-5a1531d2930e,3429cda2-6047-453c-bf54-952dfa6674c0,16578e36-c682-4083-bd29-4973445dc0fe,Gosposvetska,1855
889e3719-7d29-4888-b690-5a1531d2930e,3429cda2-6047-453c-bf54-952dfa6674c0,4062cd22-b67a-4235-9980-0178b7add592,Drama,1087
889e3719-7d29-4888-b690-5a1531d2930e,3429cda2-6047-453c-bf54-952dfa6674c0,aa42017d-812a-4175-bc9b-0fec03b18931,Ambrožev trg,561
889e3719-7d29-4888-b690-5a1531d2930e,3429cda2-6047-453c-bf54-952dfa6674c0,ecc4ae87-ae08-4b94-995c-452fdd94df7f,Privoz,28
889e3719-7d29-4888-b690-5a1531d2930e,3429cda2-6047-453c-bf54-952dfa6674c0,4062cd22-b67a-4235-9980-0178b7add592,Drama,108
889e3719-7d29-4888-b690-5a1531d2930e,3429cda2-6047-453c-bf54-952dfa6674c0,4062cd22-b67a-4235-9980-0178b7add592,Drama,2151
889e3719-7d29-4888-b690-5a1531d2930e,3429cda2-6047-453c-bf54-952dfa6674c0,95eee7e8-237d-4410-a9bf-00c6f88129c1,Cukrarna,317
889e3719-7d29-4888-b690-5a1531d2930e,3429cda2-6047-453c-bf54-952dfa6674c0,aa42017d-812a-4175-bc9b-0fec03b18931,Ambrožev trg,347
889e3719-7d29-4888-b690-5a1531d2930e,3429cda2-6047-453c-bf54-952dfa6674c0,3429cda2-6047-453c-bf54-952dfa6674c0,Klinični center,956
889e3719-7d29-4888-b690-5a1531d2930e,3429cda2-6047-453c-bf54-952dfa6674c0,a719a87c-4e93-4387-a6d1-2631a487f7e0,Ajdovščina,349
889e3719-7d29-4888-b690-5a1531d2930e,3429cda2-6047-453c-bf54-952dfa6674c0,6efecef0-52ba-4a47-9991-9bab5ce31340,Ajdovščina,1847
889e3719-7d29-4888-b690-5a1531d2930e,3429cda2-6047-453c-bf54-952dfa6674c0,ecc4ae87-ae08-4b94-995c-452fdd94df7f,Privoz,1816
889e3719-7d29-4888-b690-5a1531d2930e,3429cda2-6047-453c-bf54-952dfa6674c0,9741988b-6723-480b-a419-8db7490d667a,Rakovnik,617
889e3719-7d29-4888-b690-5a1531d2930e,3429cda2-6047-453c-bf54-952dfa6674c0,fef200e9-4d98-425b-ab14-8110e2aa85d7,Drama,438
889e3719-7d29-4888-b690-5a1531d2930e,3429cda2-6047-453c-bf54-952dfa6674c0,8fbf17ab-413b-442c-9c6a-0eb8873a4755,Kovinarska,753
889e3719-7d29-4888-b690-5a1531d2930e,3429cda2-6047-453c-bf54-952dfa6674c0,47252dc3-dbd8-43df-898b-0a3fb27ffc93,Pod Golovcem,401
889e3719-7d29-4888-b690-5a1531d2930e,3429cda2-6047-453c-bf54-952dfa6674c0,087e50b6-7677-4a85-802f-5694266fe38b,Aškerčeva,1215
889e3719-7d29-4888-b690-5a1531d2930e,3429cda2-6047-453c-bf54-952dfa6674c0,557f714a-6f4a-4c98-8c5a-d74fa34b2adb,Hrvatski trg,51
889e3719-7d29-4888-b690-5a1531d2930e,3429cda2-6047-453c-bf54-952dfa6674c0,2f874852-bc80-4ff3-b6bf-a914e31251c8,Savske stolpnice,86
889e3719-7d29-4888-b690-5a1531d2930e,3429cda2-6047-453c-bf54-952dfa6674c0,ecc4ae87-ae08-4b94-995c-452fdd94df7f,Privoz,521
889e3719-7d29-4888-b690-5a1531d2930e,3429cda2-6047-453c-bf54-952dfa6674c0,bbe542ee-a3f6-43cf-b23a-077c28b7d19a,BTC-tržnica,1208
889e3719-7d29-4888-b690-5a1531d2930e,3429cda2-6047-453c-bf54-952dfa6674c0,9bb1ed3b-5a6f-43c7-afaf-ba2b60ca1a7a,Aškerčeva,1782
889e3719-7d29-4888-b690-5a1531d2930e,3429cda2-6047-453c-bf54-952dfa6674c0,25ad5579-f6a0-4f35-a0c9-0678b41e9dde,Križanke,61
889e3719-7d29-4888-b690-5a1531d2930e,3429cda2-6047-453c-bf54-952dfa6674c0,6182f8e8-c45e-4606-b4a4-d909bd44d2cc,Gornji trg,880
889e3719-7d29-4888-b690-5a1531d2930e,3429cda2-6047-453c-bf54-952dfa6674c0,a719a87c-4e93-4387-a6d1-2631a487f7e0,Ajdovščina,1187
889e3719-7d29-4888-b690-5a1531d2930e,3429cda2-6047-453c-bf54-952dfa6674c0,bea274aa-277a-403d-ab2f-a0342b28882e,Križanke,590
889e3719-7d29-4888-b690-5a1531d2930e,3429cda2-6047-453c-bf54-952dfa6674c0,4062cd22-b67a-4235-9980-0178b7add592,Drama,137
889e3719-7d29-4888-b690-5a1531d2930e,3429cda2-6047-453c-bf54-952dfa6674c0,02c61e3f-2d2e-4b42-b695-bbd3cc672f6b,Leskoškova,145
889e3719-7d29-4888-b690-5a1531d2930e,3429cda2-6047-453c-bf54-952dfa6674c0,d72032c7-d4b0-4eee-a87c-593985a42266,Tobačna,951
889e3719-7d29-4888-b690-5a1531d2930e,3429cda2-6047-453c-bf54-952dfa6674c0,9b85d4b0-c594-4e0e-9ce2-d0986256c270,Tavčarjeva,168
889e3719-7d29-4888-b690-5a1531d2930e,3429cda2-6047-453c-bf54-952dfa6674c0,a719a87c-4e93-4387-a6d1-2631a487f7e0,Ajdovščina,558
889e3719-7d29-4888-b690-5a1531d2930e,3429cda2-6047-453c-bf54-952dfa6674c0,b5e26d7f-8a91-4360-9811-2e8e05d27382,Bratov Babnik,3964
889e3719-7d29-4888-b690-5a1531d2930e,3429cda2-6047-453c-bf54-952dfa6674c0,b905ae6a-f1e1-4057-8923-481902ed5a8e,Konzorcij,1408
889e3719-7d29-4888-b690-5a1531d2930e,3429cda2-6047-453c-bf54-952dfa6674c0,16578e36-c682-4083-bd29-4973445dc0fe,Gosposvetska,2938
889e3719-7d29-4888-b690-5a1531d2930e,3429cda2-6047-453c-bf54-952dfa6674c0,d72032c7-d4b0-4eee-a87c-593985a42266,Tobačna,1347
889e3719-7d29-4888-b690-5a1531d2930e,3429cda2-6047-453c-bf54-952dfa6674c0,0be237aa-4b91-4d2b-ac23-0cebac975a0d,Cankarjev dom,412
889e3719-7d29-4888-b690-5a1531d2930e,3429cda2-6047-453c-bf54-952dfa6674c0,c124f317-217b-4b89-9597-393843de4f81,Nusdorferjeva,556
889e3719-7d29-4888-b690-5a1531d2930e,3429cda2-6047-453c-bf54-952dfa6674c0,c87db9be-1fba-4102-a743-0ee4317dd5af,Bavarski dvor,156
889e3719-7d29-4888-b690-5a1531d2930e,3429cda2-6047-453c-bf54-952dfa6674c0,f33b721f-a8a3-4aad-96f2-077da09ebaa6,Razstavišče,2047
889e3719-7d29-4888-b690-5a1531d2930e,3429cda2-6047-453c-bf54-952dfa6674c0,169789c5-0251-47a6-800a-74ff3dffe04d,Hrastje,433
889e3719-7d29-4888-b690-5a1531d2930e,3429cda2-6047-453c-bf54-952dfa6674c0,557f714a-6f4a-4c98-8c5a-d74fa34b2adb,Hrvatski trg,59
889e3719-7d29-4888-b690-5a1531d2930e,3429cda2-6047-453c-bf54-952dfa6674c0,f2b27cbd-5207-4281-8f67-6369d0c50a9b,Kodrova,2142
889e3719-7d29-4888-b690-5a1531d2930e,3429cda2-6047-453c-bf54-952dfa6674c0,a719a87c-4e93-4387-a6d1-2631a487f7e0,Ajdovščina,188
889e3719-7d29-4888-b690-5a1531d2930e,3429cda2-6047-453c-bf54-952dfa6674c0,a0b1fb90-3f6a-4231-910a-18be192ac762,Flajšmanova,1300
889e3719-7d29-4888-b690-5a1531d2930e,3429cda2-6047-453c-bf54-952dfa6674c0,66a82f60-b1d1-4251-a715-178300014f18,Studenec,597
889e3719-7d29-4888-b690-5a1531d2930e,3429cda2-6047-453c-bf54-952dfa6674c0,9bb1ed3b-5a6f-43c7-afaf-ba2b60ca1a7a,Aškerčeva,297
889e3719-7d29-4888-b690-5a1531d2930e,3429cda2-6047-453c-bf54-952dfa6674c0,12618339-2c2d-49ec-b0e0-2517c11991f8,Mirje,76
889e3719-7d29-4888-b690-5a1531d2930e,3429cda2-6047-453c-bf54-952dfa6674c0,fcfe6ac9-74b3-4c13-96b7-6041f1454813,Kamnogoriška,1659
889e3719-7d29-4888-b690-5a1531d2930e,3429cda2-6047-453c-bf54-952dfa6674c0,4062cd22-b67a-4235-9980-0178b7add592,Drama,817
889e3719-7d29-4888-b690-5a1531d2930e,3429cda2-6047-453c-bf54-952dfa6674c0,77dcd833-fa4d-4c5a-93b1-31284942e61d,Šišenska,33
889e3719-7d29-4888-b690-5a1531d2930e,3429cda2-6047-453c-bf54-952dfa6674c0,fef200e9-4d98-425b-ab14-8110e2aa85d7,Drama,369
889e3719-7d29-4888-b690-5a1531d2930e,3429cda2-6047-453c-bf54-952dfa6674c0,16578e36-c682-4083-bd29-4973445dc0fe,Gosposvetska,278
889e3719-7d29-4888-b690-5a1531d2930e,3429cda2-6047-453c-bf54-952dfa6674c0,9cfac7e2-9653-4e52-a6d3-27756d27f817,Kino Šiška,609
889e3719-7d29-4888-b690-5a1531d2930e,3429cda2-6047-453c-bf54-952dfa6674c0,25ad5579-f6a0-4f35-a0c9-0678b41e9dde,Križanke,166
889e3719-7d29-4888-b690-5a1531d2930e,3429cda2-6047-453c-bf54-952dfa6674c0,4062cd22-b67a-4235-9980-0178b7add592,Drama,76
889e3719-7d29-4888-b690-5a1531d2930e,3429cda2-6047-453c-bf54-952dfa6674c0,4062cd22-b67a-4235-9980-0178b7add592,Drama,1268
889e3719-7d29-4888-b690-5a1531d2930e,3429cda2-6047-453c-bf54-952dfa6674c0,923bd774-0651-4e0a-8624-3acfb7ecd5ff,Gornje Poljane,169
889e3719-7d29-4888-b690-5a1531d2930e,3429cda2-6047-453c-bf54-952dfa6674c0,e66e813a-722d-40f8-9ee9-1470d07bc200,Tobačna,19
889e3719-7d29-4888-b690-5a1531d2930e,3429cda2-6047-453c-bf54-952dfa6674c0,484b5c91-1220-43ba-af79-84e712fcc46b,Slovenija avto,146
889e3719-7d29-4888-b690-5a1531d2930e,3429cda2-6047-453c-bf54-952dfa6674c0,fef200e9-4d98-425b-ab14-8110e2aa85d7,Drama,1876
889e3719-7d29-4888-b690-5a1531d2930e,3429cda2-6047-453c-bf54-952dfa6674c0,b905ae6a-f1e1-4057-8923-481902ed5a8e,Konzorcij,565
889e3719-7d29-4888-b690-5a1531d2930e,3429cda2-6047-453c-bf54-952dfa6674c0,a719a87c-4e93-4387-a6d1-2631a487f7e0,Ajdovščina,733
889e3719-7d29-4888-b690-5a1531d2930e,3429cda2-6047-453c-bf54-952dfa6674c0,a719a87c-4e93-4387-a6d1-2631a487f7e0,Ajdovščina,296
889e3719-7d29-4888-b690-5a1531d2930e,3429cda2-6047-453c-bf54-952dfa6674c0,4062cd22-b67a-4235-9980-0178b7add592,Drama,406
889e3719-7d29-4888-b690-5a1531d2930e,3429cda2-6047-453c-bf54-952dfa6674c0,023d7b7a-b411-4e61-8746-b07f9e5c8f90,Ambrožev trg,848
889e3719-7d29-4888-b690-5a1531d2930e,3429cda2-6047-453c-bf54-952dfa6674c0,a2ce7e6f-0f99-443a-a973-81a0b9c60261,Astra,1401
889e3719-7d29-4888-b690-5a1531d2930e,3429cda2-6047-453c-bf54-952dfa6674c0,fef200e9-4d98-425b-ab14-8110e2aa85d7,Drama,181
889e3719-7d29-4888-b690-5a1531d2930e,3429cda2-6047-453c-bf54-952dfa6674c0,15c71406-72b5-4681-8b1a-29eb30eb3f76,Kristalna palača,558
889e3719-7d29-4888-b690-5a1531d2930e,3429cda2-6047-453c-bf54-952dfa6674c0,25ad5579-f6a0-4f35-a0c9-0678b41e9dde,Križanke,535
889e3719-7d29-4888-b690-5a1531d2930e,3429cda2-6047-453c-bf54-952dfa6674c0,6182f8e8-c45e-4606-b4a4-d909bd44d2cc,Gornji trg,93
889e3719-7d29-4888-b690-5a1531d2930e,3429cda2-6047-453c-bf54-952dfa6674c0,b829062a-2644-4350-b998-74522d9e85d8,Lutkovno gl.,410
889e3719-7d29-4888-b690-5a1531d2930e,3429cda2-6047-453c-bf54-952dfa6674c0,ef91fd44-5651-4fd4-b6f8-619fdef9da7b,Hajdrihova,65
889e3719-7d29-4888-b690-5a1531d2930e,3429cda2-6047-453c-bf54-952dfa6674c0,d5102041-8282-4c77-a593-edac0d0d4a34,Cukrarna,426
889e3719-7d29-4888-b690-5a1531d2930e,3429cda2-6047-453c-bf54-952dfa6674c0,c87db9be-1fba-4102-a743-0ee4317dd5af,Bavarski dvor,641
889e3719-7d29-4888-b690-5a1531d2930e,3429cda2-6047-453c-bf54-952dfa6674c0,e66e813a-722d-40f8-9ee9-1470d07bc200,Tobačna,398
889e3719-7d29-4888-b690-5a1531d2930e,3429cda2-6047-453c-bf54-952dfa6674c0,9a14b0ec-f13a-46f0-8c4f-07d8b99241e2,Cesta v Zavoglje,441
889e3719-7d29-4888-b690-5a1531d2930e,3429cda2-6047-453c-bf54-952dfa6674c0,4062cd22-b67a-4235-9980-0178b7add592,Drama,1602
889e3719-7d29-4888-b690-5a1531d2930e,3429cda2-6047-453c-bf54-952dfa6674c0,087e50b6-7677-4a85-802f-5694266fe38b,Aškerčeva,23
889e3719-7d29-4888-b690-5a1531d2930e,3429cda2-6047-453c-bf54-952dfa6674c0,6182f8e8-c45e-4606-b4a4-d909bd44d2cc,Gornji trg,4253
889e3719-7d29-4888-b690-5a1531d2930e,3429cda2-6047-453c-bf54-952dfa6674c0,bea274aa-277a-403d-ab2f-a0342b28882e,Križanke,163
889e3719-7d29-4888-b690-5a1531d2930e,3429cda2-6047-453c-bf54-952dfa6674c0,1e157c31-d34d-4c2e-91b4-8c000c88f6dd,Kardeljeva ploščad,571
889e3719-7d29-4888-b690-5a1531d2930e,3429cda2-6047-453c-bf54-952dfa6674c0,fef200e9-4d98-425b-ab14-8110e2aa85d7,Drama,337
889e3719-7d29-4888-b690-5a1531d2930e,3429cda2-6047-453c-bf54-952dfa6674c0,6efecef0-52ba-4a47-9991-9bab5ce31340,Ajdovščina,16
889e3719-7d29-4888-b690-5a1531d2930e,3429cda2-6047-453c-bf54-952dfa6674c0,6182f8e8-c45e-4606-b4a4-d909bd44d2cc,Gornji trg,88
889e3719-7d29-4888-b690-5a1531d2930e,3429cda2-6047-453c-bf54-952dfa6674c0,fef200e9-4d98-425b-ab14-8110e2aa85d7,Drama,24
889e3719-7d29-4888-b690-5a1531d2930e,3429cda2-6047-453c-bf54-952dfa6674c0,a719a87c-4e93-4387-a6d1-2631a487f7e0,Ajdovščina,510
889e3719-7d29-4888-b690-5a1531d2930e,3429cda2-6047-453c-bf54-952dfa6674c0,dd57f39b-be0f-479e-bc35-5bd2edf98ff2,Bolnica,188
889e3719-7d29-4888-b690-5a1531d2930e,3429cda2-6047-453c-bf54-952dfa6674c0,484b5c91-1220-43ba-af79-84e712fcc46b,Slovenija avto,533
889e3719-7d29-4888-b690-5a1531d2930e,3429cda2-6047-453c-bf54-952dfa6674c0,6182f8e8-c45e-4606-b4a4-d909bd44d2cc,Gornji trg,643
889e3719-7d29-4888-b690-5a1531d2930e,3429cda2-6047-453c-bf54-952dfa6674c0,bbe542ee-a3f6-43cf-b23a-077c28b7d19a,BTC-tržnica,435
889e3719-7d29-4888-b690-5a1531d2930e,3429cda2-6047-453c-bf54-952dfa6674c0,fef200e9-4d98-425b-ab14-8110e2aa85d7,Drama,37
889e3719-7d29-4888-b690-5a1531d2930e,3429cda2-6047-453c-bf54-952dfa6674c0,25ad5579-f6a0-4f35-a0c9-0678b41e9dde,Križanke,33
889e3719-7d29-4888-b690-5a1531d2930e,3429cda2-6047-453c-bf54-952dfa6674c0,16578e36-c682-4083-bd29-4973445dc0fe,Gosposvetska,791
889e3719-7d29-4888-b690-5a1531d2930e,3429cda2-6047-453c-bf54-952dfa6674c0,aa42017d-812a-4175-bc9b-0fec03b18931,Ambrožev trg,1322
889e3719-7d29-4888-b690-5a1531d2930e,3429cda2-6047-453c-bf54-952dfa6674c0,f1b7471e-db71-49da-846d-1232cb3e8f8f,Rožna dolina,2690
889e3719-7d29-4888-b690-5a1531d2930e,3429cda2-6047-453c-bf54-952dfa6674c0,36d25599-0bed-48a0-bcb4-134be8a959fe,Emona,125
889e3719-7d29-4888-b690-5a1531d2930e,3429cda2-6047-453c-bf54-952dfa6674c0,5cc8a08d-c0af-491f-9a9c-b8b4f5f23bc0,BTC-Emporium,572
889e3719-7d29-4888-b690-5a1531d2930e,3429cda2-6047-453c-bf54-952dfa6674c0,ac3afe7d-a2b3-4d5d-9e6a-1d2412a3bc70,Litostrojska,1648
889e3719-7d29-4888-b690-5a1531d2930e,3429cda2-6047-453c-bf54-952dfa6674c0,c5ec5e81-2ce4-452d-bd7a-595de4f8b34f,Prušnikova,856
889e3719-7d29-4888-b690-5a1531d2930e,3429cda2-6047-453c-bf54-952dfa6674c0,9741988b-6723-480b-a419-8db7490d667a,Rakovnik,295
889e3719-7d29-4888-b690-5a1531d2930e,3429cda2-6047-453c-bf54-952dfa6674c0,25ad5579-f6a0-4f35-a0c9-0678b41e9dde,Križanke,295
889e3719-7d29-4888-b690-5a1531d2930e,3429cda2-6047-453c-bf54-952dfa6674c0,25ad5579-f6a0-4f35-a0c9-0678b41e9dde,Križanke,326
889e3719-7d29-4888-b690-5a1531d2930e,3429cda2-6047-453c-bf54-952dfa6674c0,aa42017d-812a-4175-bc9b-0fec03b18931,Ambrožev trg,2742
889e3719-7d29-4888-b690-5a1531d2930e,3429cda2-6047-453c-bf54-952dfa6674c0,a719a87c-4e93-4387-a6d1-2631a487f7e0,Ajdovščina,115
889e3719-7d29-4888-b690-5a1531d2930e,3429cda2-6047-453c-bf54-952dfa6674c0,a719a87c-4e93-4387-a6d1-2631a487f7e0,Ajdovščina,332
889e3719-7d29-4888-b690-5a1531d2930e,3429cda2-6047-453c-bf54-952dfa6674c0,dc6b96b1-d0fa-4d03-ac2b-8eba5bb97ba2,Peruzzijeva,404
889e3719-7d29-4888-b690-5a1531d2930e,3429cda2-6047-453c-bf54-952dfa6674c0,25ad5579-f6a0-4f35-a0c9-0678b41e9dde,Križanke,487
889e3719-7d29-4888-b690-5a1531d2930e,3429cda2-6047-453c-bf54-952dfa6674c0,ee7e3c65-72e8-465e-a9a3-a9370ec1f314,Vevče Papirnica,678
889e3719-7d29-4888-b690-5a1531d2930e,3429cda2-6047-453c-bf54-952dfa6674c0,4062cd22-b67a-4235-9980-0178b7add592,Drama,269
889e3719-7d29-4888-b690-5a1531d2930e,3429cda2-6047-453c-bf54-952dfa6674c0,60ccc570-3714-410b-aa31-43d3a4c593c8,Tržnica Moste,234
889e3719-7d29-4888-b690-5a1531d2930e,3429cda2-6047-453c-bf54-952dfa6674c0,bea274aa-277a-403d-ab2f-a0342b28882e,Križanke,771
889e3719-7d29-4888-b690-5a1531d2930e,3429cda2-6047-453c-bf54-952dfa6674c0,bea274aa-277a-403d-ab2f-a0342b28882e,Križanke,790
889e3719-7d29-4888-b690-5a1531d2930e,3429cda2-6047-453c-bf54-952dfa6674c0,9b85d4b0-c594-4e0e-9ce2-d0986256c270,Tavčarjeva,1010
889e3719-7d29-4888-b690-5a1531d2930e,3429cda2-6047-453c-bf54-952dfa6674c0,f2920a77-6c6c-494d-96b7-2a8caf8f374f,Mirje,137
889e3719-7d29-4888-b690-5a1531d2930e,3429cda2-6047-453c-bf54-952dfa6674c0,7fa32ea0-e884-435a-a81c-51bbd5cedf3e,Zaloška,502
889e3719-7d29-4888-b690-5a1531d2930e,3429cda2-6047-453c-bf54-952dfa6674c0,d5102041-8282-4c77-a593-edac0d0d4a34,Cukrarna,706
889e3719-7d29-4888-b690-5a1531d2930e,3429cda2-6047-453c-bf54-952dfa6674c0,bea274aa-277a-403d-ab2f-a0342b28882e,Križanke,12
889e3719-7d29-4888-b690-5a1531d2930e,3429cda2-6047-453c-bf54-952dfa6674c0,9807573b-8821-40e4-b891-a5cea6e23b3d,Trata,388
889e3719-7d29-4888-b690-5a1531d2930e,3429cda2-6047-453c-bf54-952dfa6674c0,c87db9be-1fba-4102-a743-0ee4317dd5af,Bavarski dvor,846
889e3719-7d29-4888-b690-5a1531d2930e,3429cda2-6047-453c-bf54-952dfa6674c0,e7789f42-0ad7-44d1-974b-42a3f4957291,Strelišče,873
889e3719-7d29-4888-b690-5a1531d2930e,3429cda2-6047-453c-bf54-952dfa6674c0,4062cd22-b67a-4235-9980-0178b7add592,Drama,602
889e3719-7d29-4888-b690-5a1531d2930e,3429cda2-6047-453c-bf54-952dfa6674c0,fef200e9-4d98-425b-ab14-8110e2aa85d7,Drama,1344
889e3719-7d29-4888-b690-5a1531d2930e,3429cda2-6047-453c-bf54-952dfa6674c0,d72032c7-d4b0-4eee-a87c-593985a42266,Tobačna,36
889e3719-7d29-4888-b690-5a1531d2930e,3429cda2-6047-453c-bf54-952dfa6674c0,f2bac6f5-5bbc-4f15-acdd-014d86770ce9,Kneza Koclja,59
889e3719-7d29-4888-b690-5a1531d2930e,3429cda2-6047-453c-bf54-952dfa6674c0,fef200e9-4d98-425b-ab14-8110e2aa85d7,Drama,986
889e3719-7d29-4888-b690-5a1531d2930e,3429cda2-6047-453c-bf54-952dfa6674c0,2edaabef-ed43-4b87-ba95-a5600c33250f,Bratov Židan,384
889e3719-7d29-4888-b690-5a1531d2930e,3429cda2-6047-453c-bf54-952dfa6674c0,fef200e9-4d98-425b-ab14-8110e2aa85d7,Drama,2027
889e3719-7d29-4888-b690-5a1531d2930e,3429cda2-6047-453c-bf54-952dfa6674c0,9b85d4b0-c594-4e0e-9ce2-d0986256c270,Tavčarjeva,606
889e3719-7d29-4888-b690-5a1531d2930e,3429cda2-6047-453c-bf54-952dfa6674c0,25ad5579-f6a0-4f35-a0c9-0678b41e9dde,Križanke,141
889e3719-7d29-4888-b690-5a1531d2930e,3429cda2-6047-453c-bf54-952dfa6674c0,edc8bf1d-d4f1-4c5b-8112-e4fa71a02bae,I. Kobilca,1362
889e3719-7d29-4888-b690-5a1531d2930e,3429cda2-6047-453c-bf54-952dfa6674c0,b905ae6a-f1e1-4057-8923-481902ed5a8e,Konzorcij,124
889e3719-7d29-4888-b690-5a1531d2930e,3429cda2-6047-453c-bf54-952dfa6674c0,9cd1e7f8-8ccf-4469-bc25-25d138605c67,Akademija,679
889e3719-7d29-4888-b690-5a1531d2930e,3429cda2-6047-453c-bf54-952dfa6674c0,4062cd22-b67a-4235-9980-0178b7add592,Drama,107
889e3719-7d29-4888-b690-5a1531d2930e,3429cda2-6047-453c-bf54-952dfa6674c0,b59656a4-b6e7-4b87-977c-078c59088a50,Hajdrihova,177
889e3719-7d29-4888-b690-5a1531d2930e,3429cda2-6047-453c-bf54-952dfa6674c0,4062cd22-b67a-4235-9980-0178b7add592,Drama,1122
889e3719-7d29-4888-b690-5a1531d2930e,3429cda2-6047-453c-bf54-952dfa6674c0,12618339-2c2d-49ec-b0e0-2517c11991f8,Mirje,845
889e3719-7d29-4888-b690-5a1531d2930e,3429cda2-6047-453c-bf54-952dfa6674c0,b905ae6a-f1e1-4057-8923-481902ed5a8e,Konzorcij,119
889e3719-7d29-4888-b690-5a1531d2930e,3429cda2-6047-453c-bf54-952dfa6674c0,d72032c7-d4b0-4eee-a87c-593985a42266,Tobačna,655
889e3719-7d29-4888-b690-5a1531d2930e,3429cda2-6047-453c-bf54-952dfa6674c0,295616c0-387b-4f60-a337-7743cd6be04e,Bavarski dvor,396
889e3719-7d29-4888-b690-5a1531d2930e,3429cda2-6047-453c-bf54-952dfa6674c0,6182f8e8-c45e-4606-b4a4-d909bd44d2cc,Gornji trg,718
889e3719-7d29-4888-b690-5a1531d2930e,3429cda2-6047-453c-bf54-952dfa6674c0,fef200e9-4d98-425b-ab14-8110e2aa85d7,Drama,38
889e3719-7d29-4888-b690-5a1531d2930e,3429cda2-6047-453c-bf54-952dfa6674c0,98fa3880-5936-4ec8-ba04-39c7ff9a0e6a,Stara cerkev,416
889e3719-7d29-4888-b690-5a1531d2930e,3429cda2-6047-453c-bf54-952dfa6674c0,38b3abed-0592-407b-96c3-85a026f2e192,Dalmatinova,87
889e3719-7d29-4888-b690-5a1531d2930e,3429cda2-6047-453c-bf54-952dfa6674c0,4062cd22-b67a-4235-9980-0178b7add592,Drama,96
889e3719-7d29-4888-b690-5a1531d2930e,3429cda2-6047-453c-bf54-952dfa6674c0,38b3abed-0592-407b-96c3-85a026f2e192,Dalmatinova,219
889e3719-7d29-4888-b690-5a1531d2930e,3429cda2-6047-453c-bf54-952dfa6674c0,ecc4ae87-ae08-4b94-995c-452fdd94df7f,Privoz,485
889e3719-7d29-4888-b690-5a1531d2930e,3429cda2-6047-453c-bf54-952dfa6674c0,N/A,N/A,4525
889e3719-7d29-4888-b690-5a1531d2930e,3429cda2-6047-453c-bf54-952dfa6674c0,484b5c91-1220-43ba-af79-84e712fcc46b,Slovenija avto,728
889e3719-7d29-4888-b690-5a1531d2930e,3429cda2-6047-453c-bf54-952dfa6674c0,4062cd22-b67a-4235-9980-0178b7add592,Drama,101
889e3719-7d29-4888-b690-5a1531d2930e,3429cda2-6047-453c-bf54-952dfa6674c0,5d7f28a6-2a2a-4333-aa06-48edfb652f86,Pošta,98
889e3719-7d29-4888-b690-5a1531d2930e,3429cda2-6047-453c-bf54-952dfa6674c0,a719a87c-4e93-4387-a6d1-2631a487f7e0,Ajdovščina,203
889e3719-7d29-4888-b690-5a1531d2930e,3429cda2-6047-453c-bf54-952dfa6674c0,fef200e9-4d98-425b-ab14-8110e2aa85d7,Drama,593
889e3719-7d29-4888-b690-5a1531d2930e,3429cda2-6047-453c-bf54-952dfa6674c0,98fa3880-5936-4ec8-ba04-39c7ff9a0e6a,Stara cerkev,32
889e3719-7d29-4888-b690-5a1531d2930e,3429cda2-6047-453c-bf54-952dfa6674c0,6182f8e8-c45e-4606-b4a4-d909bd44d2cc,Gornji trg,244
889e3719-7d29-4888-b690-5a1531d2930e,3429cda2-6047-453c-bf54-952dfa6674c0,c87db9be-1fba-4102-a743-0ee4317dd5af,Bavarski dvor,2853
889e3719-7d29-4888-b690-5a1531d2930e,3429cda2-6047-453c-bf54-952dfa6674c0,fef200e9-4d98-425b-ab14-8110e2aa85d7,Drama,579
889e3719-7d29-4888-b690-5a1531d2930e,3429cda2-6047-453c-bf54-952dfa6674c0,a719a87c-4e93-4387-a6d1-2631a487f7e0,Ajdovščina,209
889e3719-7d29-4888-b690-5a1531d2930e,3429cda2-6047-453c-bf54-952dfa6674c0,659ee31d-ae12-4498-8507-28579d322e32,Vič Glince,1258
889e3719-7d29-4888-b690-5a1531d2930e,3429cda2-6047-453c-bf54-952dfa6674c0,454817d3-3750-49c7-994c-14d06fd2c634,Žale,361
889e3719-7d29-4888-b690-5a1531d2930e,3429cda2-6047-453c-bf54-952dfa6674c0,7310c006-62b8-4f94-bb9c-d5c26cb3faad,Polje,685
889e3719-7d29-4888-b690-5a1531d2930e,3429cda2-6047-453c-bf54-952dfa6674c0,717dda7e-d793-4697-8f60-b64ee8b1edc4,Gosposvetska,709
889e3719-7d29-4888-b690-5a1531d2930e,3429cda2-6047-453c-bf54-952dfa6674c0,f07c916c-6fc6-4acf-a334-0ab0d3c4f57f,Središka,552
889e3719-7d29-4888-b690-5a1531d2930e,3429cda2-6047-453c-bf54-952dfa6674c0,087e50b6-7677-4a85-802f-5694266fe38b,Aškerčeva,109
889e3719-7d29-4888-b690-5a1531d2930e,3429cda2-6047-453c-bf54-952dfa6674c0,9b85d4b0-c594-4e0e-9ce2-d0986256c270,Tavčarjeva,676
889e3719-7d29-4888-b690-5a1531d2930e,3429cda2-6047-453c-bf54-952dfa6674c0,bea274aa-277a-403d-ab2f-a0342b28882e,Križanke,1409
889e3719-7d29-4888-b690-5a1531d2930e,3429cda2-6047-453c-bf54-952dfa6674c0,ac3afe7d-a2b3-4d5d-9e6a-1d2412a3bc70,Litostrojska,247
889e3719-7d29-4888-b690-5a1531d2930e,3429cda2-6047-453c-bf54-952dfa6674c0,9b85d4b0-c594-4e0e-9ce2-d0986256c270,Tavčarjeva,1749
889e3719-7d29-4888-b690-5a1531d2930e,3429cda2-6047-453c-bf54-952dfa6674c0,fef200e9-4d98-425b-ab14-8110e2aa85d7,Drama,169
889e3719-7d29-4888-b690-5a1531d2930e,3429cda2-6047-453c-bf54-952dfa6674c0,d9f26e1a-77fc-48b0-a024-93fd38eb88a4,SOSTRO,1176
889e3719-7d29-4888-b690-5a1531d2930e,3429cda2-6047-453c-bf54-952dfa6674c0,41489be9-b3b7-4cbe-90f8-af1a435b2676,Orlova,503
889e3719-7d29-4888-b690-5a1531d2930e,3429cda2-6047-453c-bf54-952dfa6674c0,4062cd22-b67a-4235-9980-0178b7add592,Drama,4239
889e3719-7d29-4888-b690-5a1531d2930e,3429cda2-6047-453c-bf54-952dfa6674c0,6182f8e8-c45e-4606-b4a4-d909bd44d2cc,Gornji trg,1516
889e3719-7d29-4888-b690-5a1531d2930e,3429cda2-6047-453c-bf54-952dfa6674c0,f4cfd904-bd11-4247-95df-32c4555a930f,Klinični center,29
889e3719-7d29-4888-b690-5a1531d2930e,3429cda2-6047-453c-bf54-952dfa6674c0,5cc8a08d-c0af-491f-9a9c-b8b4f5f23bc0,BTC-Emporium,179
889e3719-7d29-4888-b690-5a1531d2930e,3429cda2-6047-453c-bf54-952dfa6674c0,717dda7e-d793-4697-8f60-b64ee8b1edc4,Gosposvetska,255
889e3719-7d29-4888-b690-5a1531d2930e,3429cda2-6047-453c-bf54-952dfa6674c0,5d1e404b-1606-457e-8d2b-4e3e80139532,Topniška,875
889e3719-7d29-4888-b690-5a1531d2930e,3429cda2-6047-453c-bf54-952dfa6674c0,a378ce5e-57ce-4c52-b219-568674b5cd5e,Gornji trg,4037
889e3719-7d29-4888-b690-5a1531d2930e,3429cda2-6047-453c-bf54-952dfa6674c0,cec37fa8-0d4a-4e80-a259-2fa91b68463d,Goropečnikova,266
889e3719-7d29-4888-b690-5a1531d2930e,3429cda2-6047-453c-bf54-952dfa6674c0,35aedf45-cca3-4f2f-931b-138d29d20fe9,MEDVODE,681
889e3719-7d29-4888-b690-5a1531d2930e,3429cda2-6047-453c-bf54-952dfa6674c0,5cc8a08d-c0af-491f-9a9c-b8b4f5f23bc0,BTC-Emporium,1531
889e3719-7d29-4888-b690-5a1531d2930e,3429cda2-6047-453c-bf54-952dfa6674c0,17f7d178-41b3-41f9-a545-cbfc22a0a5f1,Nusdorferjeva,3227
889e3719-7d29-4888-b690-5a1531d2930e,3429cda2-6047-453c-bf54-952dfa6674c0,aa42017d-812a-4175-bc9b-0fec03b18931,Ambrožev trg,1070
889e3719-7d29-4888-b690-5a1531d2930e,3429cda2-6047-453c-bf54-952dfa6674c0,9afb36ea-c2ae-4bbb-9644-3a6c65bb1c7d,Kino Šiška,1551
889e3719-7d29-4888-b690-5a1531d2930e,3429cda2-6047-453c-bf54-952dfa6674c0,b56664c0-1dc1-42c5-b10b-52c3fb0dd042,Galjevica,1214
889e3719-7d29-4888-b690-5a1531d2930e,3429cda2-6047-453c-bf54-952dfa6674c0,12618339-2c2d-49ec-b0e0-2517c11991f8,Mirje,877
889e3719-7d29-4888-b690-5a1531d2930e,3429cda2-6047-453c-bf54-952dfa6674c0,6182f8e8-c45e-4606-b4a4-d909bd44d2cc,Gornji trg,717
889e3719-7d29-4888-b690-5a1531d2930e,3429cda2-6047-453c-bf54-952dfa6674c0,bea274aa-277a-403d-ab2f-a0342b28882e,Križanke,1211
889e3719-7d29-4888-b690-5a1531d2930e,3429cda2-6047-453c-bf54-952dfa6674c0,fef200e9-4d98-425b-ab14-8110e2aa85d7,Drama,40
889e3719-7d29-4888-b690-5a1531d2930e,3429cda2-6047-453c-bf54-952dfa6674c0,bea274aa-277a-403d-ab2f-a0342b28882e,Križanke,85
889e3719-7d29-4888-b690-5a1531d2930e,3429cda2-6047-453c-bf54-952dfa6674c0,aa42017d-812a-4175-bc9b-0fec03b18931,Ambrožev trg,398
889e3719-7d29-4888-b690-5a1531d2930e,3429cda2-6047-453c-bf54-952dfa6674c0,712ee105-4fab-498a-af5c-496ca9830f5f,Viadukt,2525
889e3719-7d29-4888-b690-5a1531d2930e,3429cda2-6047-453c-bf54-952dfa6674c0,26d86ffa-b8df-49aa-a9c0-5fa7d3cfba77,Draveljska gmajna,141
889e3719-7d29-4888-b690-5a1531d2930e,3429cda2-6047-453c-bf54-952dfa6674c0,1eadcdb9-60cd-47c9-8eec-527c3465a685,Polje,1713
889e3719-7d29-4888-b690-5a1531d2930e,3429cda2-6047-453c-bf54-952dfa6674c0,c87db9be-1fba-4102-a743-0ee4317dd5af,Bavarski dvor,1413
889e3719-7d29-4888-b690-5a1531d2930e,3429cda2-6047-453c-bf54-952dfa6674c0,9b0074d2-2c92-4c01-830b-00be8e05b412,Cukrarna,70
889e3719-7d29-4888-b690-5a1531d2930e,3429cda2-6047-453c-bf54-952dfa6674c0,e9382efd-d64d-46b0-9a7d-a4e6a0188725,Omersova,1009
889e3719-7d29-4888-b690-5a1531d2930e,3429cda2-6047-453c-bf54-952dfa6674c0,484b5c91-1220-43ba-af79-84e712fcc46b,Slovenija avto,1914
889e3719-7d29-4888-b690-5a1531d2930e,3429cda2-6047-453c-bf54-952dfa6674c0,6182f8e8-c45e-4606-b4a4-d909bd44d2cc,Gornji trg,240
889e3719-7d29-4888-b690-5a1531d2930e,3429cda2-6047-453c-bf54-952dfa6674c0,d72032c7-d4b0-4eee-a87c-593985a42266,Tobačna,256
889e3719-7d29-4888-b690-5a1531d2930e,3429cda2-6047-453c-bf54-952dfa6674c0,a719a87c-4e93-4387-a6d1-2631a487f7e0,Ajdovščina,770
889e3719-7d29-4888-b690-5a1531d2930e,3429cda2-6047-453c-bf54-952dfa6674c0,d72032c7-d4b0-4eee-a87c-593985a42266,Tobačna,299
889e3719-7d29-4888-b690-5a1531d2930e,3429cda2-6047-453c-bf54-952dfa6674c0,4062cd22-b67a-4235-9980-0178b7add592,Drama,1159
889e3719-7d29-4888-b690-5a1531d2930e,3429cda2-6047-453c-bf54-952dfa6674c0,c124f317-217b-4b89-9597-393843de4f81,Nusdorferjeva,1026
889e3719-7d29-4888-b690-5a1531d2930e,3429cda2-6047-453c-bf54-952dfa6674c0,5d7f28a6-2a2a-4333-aa06-48edfb652f86,Pošta,288
889e3719-7d29-4888-b690-5a1531d2930e,3429cda2-6047-453c-bf54-952dfa6674c0,fef200e9-4d98-425b-ab14-8110e2aa85d7,Drama,699
889e3719-7d29-4888-b690-5a1531d2930e,3429cda2-6047-453c-bf54-952dfa6674c0,f14a6236-8af2-47bf-9270-432377662a63,Viadukt,1137
889e3719-7d29-4888-b690-5a1531d2930e,3429cda2-6047-453c-bf54-952dfa6674c0,fef200e9-4d98-425b-ab14-8110e2aa85d7,Drama,912
889e3719-7d29-4888-b690-5a1531d2930e,3429cda2-6047-453c-bf54-952dfa6674c0,4062cd22-b67a-4235-9980-0178b7add592,Drama,2076
889e3719-7d29-4888-b690-5a1531d2930e,3429cda2-6047-453c-bf54-952dfa6674c0,fef200e9-4d98-425b-ab14-8110e2aa85d7,Drama,38
889e3719-7d29-4888-b690-5a1531d2930e,3429cda2-6047-453c-bf54-952dfa6674c0,b60d686c-3b89-447c-93f6-2837d9af3d02,Ziherlova,88
889e3719-7d29-4888-b690-5a1531d2930e,3429cda2-6047-453c-bf54-952dfa6674c0,c87db9be-1fba-4102-a743-0ee4317dd5af,Bavarski dvor,445
889e3719-7d29-4888-b690-5a1531d2930e,3429cda2-6047-453c-bf54-952dfa6674c0,277bc73c-e61d-4046-bcfd-31d6161c568e,Center Zalog,1221
889e3719-7d29-4888-b690-5a1531d2930e,3429cda2-6047-453c-bf54-952dfa6674c0,557f714a-6f4a-4c98-8c5a-d74fa34b2adb,Hrvatski trg,760
889e3719-7d29-4888-b690-5a1531d2930e,3429cda2-6047-453c-bf54-952dfa6674c0,ecc4ae87-ae08-4b94-995c-452fdd94df7f,Privoz,221
889e3719-7d29-4888-b690-5a1531d2930e,3429cda2-6047-453c-bf54-952dfa6674c0,af2956ba-d922-4ec4-bfa7-b623c29e8b3e,Kompas,384
889e3719-7d29-4888-b690-5a1531d2930e,3429cda2-6047-453c-bf54-952dfa6674c0,4062cd22-b67a-4235-9980-0178b7add592,Drama,983
889e3719-7d29-4888-b690-5a1531d2930e,3429cda2-6047-453c-bf54-952dfa6674c0,4ca7ae7e-380b-45e3-81de-00ffab5bb531,Yulon,1625
889e3719-7d29-4888-b690-5a1531d2930e,3429cda2-6047-453c-bf54-952dfa6674c0,9b85d4b0-c594-4e0e-9ce2-d0986256c270,Tavčarjeva,526
889e3719-7d29-4888-b690-5a1531d2930e,3429cda2-6047-453c-bf54-952dfa6674c0,fef200e9-4d98-425b-ab14-8110e2aa85d7,Drama,10
889e3719-7d29-4888-b690-5a1531d2930e,3429cda2-6047-453c-bf54-952dfa6674c0,fef200e9-4d98-425b-ab14-8110e2aa85d7,Drama,273
889e3719-7d29-4888-b690-5a1531d2930e,3429cda2-6047-453c-bf54-952dfa6674c0,9845a6f7-ba79-4f3d-b6ae-969651ef6001,Tomačevska,544
889e3719-7d29-4888-b690-5a1531d2930e,3429cda2-6047-453c-bf54-952dfa6674c0,38b3abed-0592-407b-96c3-85a026f2e192,Dalmatinova,71
889e3719-7d29-4888-b690-5a1531d2930e,3429cda2-6047-453c-bf54-952dfa6674c0,38b3abed-0592-407b-96c3-85a026f2e192,Dalmatinova,651
889e3719-7d29-4888-b690-5a1531d2930e,3429cda2-6047-453c-bf54-952dfa6674c0,15c71406-72b5-4681-8b1a-29eb30eb3f76,Kristalna palača,868
889e3719-7d29-4888-b690-5a1531d2930e,3429cda2-6047-453c-bf54-952dfa6674c0,ef91fd44-5651-4fd4-b6f8-619fdef9da7b,Hajdrihova,258
889e3719-7d29-4888-b690-5a1531d2930e,3429cda2-6047-453c-bf54-952dfa6674c0,62d0c5a7-1692-43ef-b6e2-31f514362629,Škofljica žaga,529
889e3719-7d29-4888-b690-5a1531d2930e,3429cda2-6047-453c-bf54-952dfa6674c0,9e109242-5aad-4fb7-b0c8-576eef8aa4e0,VEVČE,2880
889e3719-7d29-4888-b690-5a1531d2930e,3429cda2-6047-453c-bf54-952dfa6674c0,5d7f28a6-2a2a-4333-aa06-48edfb652f86,Pošta,1183
889e3719-7d29-4888-b690-5a1531d2930e,3429cda2-6047-453c-bf54-952dfa6674c0,88cdd36c-03d2-4374-a22f-110dd9f75ea0,Kajuhova,949
889e3719-7d29-4888-b690-5a1531d2930e,3429cda2-6047-453c-bf54-952dfa6674c0,b905ae6a-f1e1-4057-8923-481902ed5a8e,Konzorcij,3064
889e3719-7d29-4888-b690-5a1531d2930e,3429cda2-6047-453c-bf54-952dfa6674c0,fef200e9-4d98-425b-ab14-8110e2aa85d7,Drama,102
889e3719-7d29-4888-b690-5a1531d2930e,3429cda2-6047-453c-bf54-952dfa6674c0,4062cd22-b67a-4235-9980-0178b7add592,Drama,41
889e3719-7d29-4888-b690-5a1531d2930e,3429cda2-6047-453c-bf54-952dfa6674c0,4062cd22-b67a-4235-9980-0178b7add592,Drama,633
889e3719-7d29-4888-b690-5a1531d2930e,3429cda2-6047-453c-bf54-952dfa6674c0,16578e36-c682-4083-bd29-4973445dc0fe,Gosposvetska,22
889e3719-7d29-4888-b690-5a1531d2930e,3429cda2-6047-453c-bf54-952dfa6674c0,4062cd22-b67a-4235-9980-0178b7add592,Drama,35
889e3719-7d29-4888-b690-5a1531d2930e,3429cda2-6047-453c-bf54-952dfa6674c0,38b3abed-0592-407b-96c3-85a026f2e192,Dalmatinova,1210
889e3719-7d29-4888-b690-5a1531d2930e,3429cda2-6047-453c-bf54-952dfa6674c0,a378ce5e-57ce-4c52-b219-568674b5cd5e,Gornji trg,75
889e3719-7d29-4888-b690-5a1531d2930e,3429cda2-6047-453c-bf54-952dfa6674c0,bea274aa-277a-403d-ab2f-a0342b28882e,Križanke,105
889e3719-7d29-4888-b690-5a1531d2930e,3429cda2-6047-453c-bf54-952dfa6674c0,484b5c91-1220-43ba-af79-84e712fcc46b,Slovenija avto,663
889e3719-7d29-4888-b690-5a1531d2930e,3429cda2-6047-453c-bf54-952dfa6674c0,fef200e9-4d98-425b-ab14-8110e2aa85d7,Drama,633
889e3719-7d29-4888-b690-5a1531d2930e,3429cda2-6047-453c-bf54-952dfa6674c0,b905ae6a-f1e1-4057-8923-481902ed5a8e,Konzorcij,459
889e3719-7d29-4888-b690-5a1531d2930e,3429cda2-6047-453c-bf54-952dfa6674c0,fef200e9-4d98-425b-ab14-8110e2aa85d7,Drama,184
889e3719-7d29-4888-b690-5a1531d2930e,3429cda2-6047-453c-bf54-952dfa6674c0,16578e36-c682-4083-bd29-4973445dc0fe,Gosposvetska,593
889e3719-7d29-4888-b690-5a1531d2930e,3429cda2-6047-453c-bf54-952dfa6674c0,fef200e9-4d98-425b-ab14-8110e2aa85d7,Drama,1312
889e3719-7d29-4888-b690-5a1531d2930e,3429cda2-6047-453c-bf54-952dfa6674c0,9a938b49-ce1d-4e1c-a789-e316630ebc4f,Poliklinika,1169
889e3719-7d29-4888-b690-5a1531d2930e,3429cda2-6047-453c-bf54-952dfa6674c0,16578e36-c682-4083-bd29-4973445dc0fe,Gosposvetska,238
889e3719-7d29-4888-b690-5a1531d2930e,3429cda2-6047-453c-bf54-952dfa6674c0,fef200e9-4d98-425b-ab14-8110e2aa85d7,Drama,10
889e3719-7d29-4888-b690-5a1531d2930e,3429cda2-6047-453c-bf54-952dfa6674c0,f073b9d9-a3e3-4d04-a209-0db55377b79e,Zmajski most,46
889e3719-7d29-4888-b690-5a1531d2930e,3429cda2-6047-453c-bf54-952dfa6674c0,fef200e9-4d98-425b-ab14-8110e2aa85d7,Drama,141
889e3719-7d29-4888-b690-5a1531d2930e,3429cda2-6047-453c-bf54-952dfa6674c0,889e3719-7d29-4888-b690-5a1531d2930e,Jadranska,34
889e3719-7d29-4888-b690-5a1531d2930e,3429cda2-6047-453c-bf54-952dfa6674c0,a2ce7e6f-0f99-443a-a973-81a0b9c60261,Astra,1306
889e3719-7d29-4888-b690-5a1531d2930e,3429cda2-6047-453c-bf54-952dfa6674c0,3429cda2-6047-453c-bf54-952dfa6674c0,Klinični center,267
889e3719-7d29-4888-b690-5a1531d2930e,3429cda2-6047-453c-bf54-952dfa6674c0,c0fb12dd-8cab-40da-a3aa-e8de9c6d09ed,Rusjanov trg,517
889e3719-7d29-4888-b690-5a1531d2930e,3429cda2-6047-453c-bf54-952dfa6674c0,bbe542ee-a3f6-43cf-b23a-077c28b7d19a,BTC-tržnica,661
889e3719-7d29-4888-b690-5a1531d2930e,3429cda2-6047-453c-bf54-952dfa6674c0,639551cf-fe23-4363-8ccd-655bc5d4119e,Zmajski most,1501
889e3719-7d29-4888-b690-5a1531d2930e,3429cda2-6047-453c-bf54-952dfa6674c0,6a74977a-a26d-42b4-a60b-8dabc726e57d,Gornji Rudnik,502
889e3719-7d29-4888-b690-5a1531d2930e,3429cda2-6047-453c-bf54-952dfa6674c0,fcec9e7a-1c9e-4214-96dd-d071550349e6,Zgornja Šiška,372
889e3719-7d29-4888-b690-5a1531d2930e,3429cda2-6047-453c-bf54-952dfa6674c0,c297ac70-8f43-4fbc-a8a4-366ddb883a8d,Bonifacija,1325
889e3719-7d29-4888-b690-5a1531d2930e,3429cda2-6047-453c-bf54-952dfa6674c0,af2956ba-d922-4ec4-bfa7-b623c29e8b3e,Kompas,1250
889e3719-7d29-4888-b690-5a1531d2930e,3429cda2-6047-453c-bf54-952dfa6674c0,9b85d4b0-c594-4e0e-9ce2-d0986256c270,Tavčarjeva,277
889e3719-7d29-4888-b690-5a1531d2930e,3429cda2-6047-453c-bf54-952dfa6674c0,c87db9be-1fba-4102-a743-0ee4317dd5af,Bavarski dvor,313
889e3719-7d29-4888-b690-5a1531d2930e,3429cda2-6047-453c-bf54-952dfa6674c0,67d66d40-e8ba-4bc0-a9cf-814dce3ccbea,Jadranska,576
889e3719-7d29-4888-b690-5a1531d2930e,3429cda2-6047-453c-bf54-952dfa6674c0,105e10e7-fbab-4f99-94c9-178c25630b42,Brodarjev trg,110
889e3719-7d29-4888-b690-5a1531d2930e,3429cda2-6047-453c-bf54-952dfa6674c0,4062cd22-b67a-4235-9980-0178b7add592,Drama,7
889e3719-7d29-4888-b690-5a1531d2930e,3429cda2-6047-453c-bf54-952dfa6674c0,087e50b6-7677-4a85-802f-5694266fe38b,Aškerčeva,124
889e3719-7d29-4888-b690-5a1531d2930e,3429cda2-6047-453c-bf54-952dfa6674c0,4062cd22-b67a-4235-9980-0178b7add592,Drama,1065
889e3719-7d29-4888-b690-5a1531d2930e,3429cda2-6047-453c-bf54-952dfa6674c0,9276fcfb-0f7e-4df3-b827-325600851526,Topniška,1076
889e3719-7d29-4888-b690-5a1531d2930e,3429cda2-6047-453c-bf54-952dfa6674c0,4062cd22-b67a-4235-9980-0178b7add592,Drama,283
889e3719-7d29-4888-b690-5a1531d2930e,3429cda2-6047-453c-bf54-952dfa6674c0,9b85d4b0-c594-4e0e-9ce2-d0986256c270,Tavčarjeva,256
889e3719-7d29-4888-b690-5a1531d2930e,3429cda2-6047-453c-bf54-952dfa6674c0,fef200e9-4d98-425b-ab14-8110e2aa85d7,Drama,224
889e3719-7d29-4888-b690-5a1531d2930e,3429cda2-6047-453c-bf54-952dfa6674c0,f14a6236-8af2-47bf-9270-432377662a63,Viadukt,570
889e3719-7d29-4888-b690-5a1531d2930e,3429cda2-6047-453c-bf54-952dfa6674c0,fef200e9-4d98-425b-ab14-8110e2aa85d7,Drama,426
889e3719-7d29-4888-b690-5a1531d2930e,3429cda2-6047-453c-bf54-952dfa6674c0,712ee105-4fab-498a-af5c-496ca9830f5f,Viadukt,1979
889e3719-7d29-4888-b690-5a1531d2930e,3429cda2-6047-453c-bf54-952dfa6674c0,6182f8e8-c45e-4606-b4a4-d909bd44d2cc,Gornji trg,721
889e3719-7d29-4888-b690-5a1531d2930e,3429cda2-6047-453c-bf54-952dfa6674c0,4062cd22-b67a-4235-9980-0178b7add592,Drama,254
889e3719-7d29-4888-b690-5a1531d2930e,3429cda2-6047-453c-bf54-952dfa6674c0,f14a6236-8af2-47bf-9270-432377662a63,Viadukt,499
889e3719-7d29-4888-b690-5a1531d2930e,3429cda2-6047-453c-bf54-952dfa6674c0,4062cd22-b67a-4235-9980-0178b7add592,Drama,28
889e3719-7d29-4888-b690-5a1531d2930e,3429cda2-6047-453c-bf54-952dfa6674c0,4062cd22-b67a-4235-9980-0178b7add592,Drama,1464
889e3719-7d29-4888-b690-5a1531d2930e,3429cda2-6047-453c-bf54-952dfa6674c0,4062cd22-b67a-4235-9980-0178b7add592,Drama,2996
889e3719-7d29-4888-b690-5a1531d2930e,3429cda2-6047-453c-bf54-952dfa6674c0,a378ce5e-57ce-4c52-b219-568674b5cd5e,Gornji trg,702
889e3719-7d29-4888-b690-5a1531d2930e,3429cda2-6047-453c-bf54-952dfa6674c0,639551cf-fe23-4363-8ccd-655bc5d4119e,Zmajski most,22
889e3719-7d29-4888-b690-5a1531d2930e,3429cda2-6047-453c-bf54-952dfa6674c0,0eca6015-5429-4289-a76c-4ec9ef707e67,BTC-Merkur,130
889e3719-7d29-4888-b690-5a1531d2930e,3429cda2-6047-453c-bf54-952dfa6674c0,c22879e5-8e90-4540-9a74-5f139208e492,Friškovec,240
889e3719-7d29-4888-b690-5a1531d2930e,3429cda2-6047-453c-bf54-952dfa6674c0,fdff5f9c-6c02-4fc1-a004-7032b17fa37a,Murkova,1483
889e3719-7d29-4888-b690-5a1531d2930e,3429cda2-6047-453c-bf54-952dfa6674c0,38b3abed-0592-407b-96c3-85a026f2e192,Dalmatinova,108
889e3719-7d29-4888-b690-5a1531d2930e,3429cda2-6047-453c-bf54-952dfa6674c0,ecc4ae87-ae08-4b94-995c-452fdd94df7f,Privoz,1855
889e3719-7d29-4888-b690-5a1531d2930e,3429cda2-6047-453c-bf54-952dfa6674c0,34afe7f1-2d09-487f-983f-19c7dd5dae82,Brglezov štradon,1643
889e3719-7d29-4888-b690-5a1531d2930e,3429cda2-6047-453c-bf54-952dfa6674c0,c124f317-217b-4b89-9597-393843de4f81,Nusdorferjeva,357
889e3719-7d29-4888-b690-5a1531d2930e,3429cda2-6047-453c-bf54-952dfa6674c0,4062cd22-b67a-4235-9980-0178b7add592,Drama,316
889e3719-7d29-4888-b690-5a1531d2930e,3429cda2-6047-453c-bf54-952dfa6674c0,fef200e9-4d98-425b-ab14-8110e2aa85d7,Drama,113
889e3719-7d29-4888-b690-5a1531d2930e,3429cda2-6047-453c-bf54-952dfa6674c0,fef200e9-4d98-425b-ab14-8110e2aa85d7,Drama,444
889e3719-7d29-4888-b690-5a1531d2930e,3429cda2-6047-453c-bf54-952dfa6674c0,639551cf-fe23-4363-8ccd-655bc5d4119e,Zmajski most,1333
889e3719-7d29-4888-b690-5a1531d2930e,3429cda2-6047-453c-bf54-952dfa6674c0,fef200e9-4d98-425b-ab14-8110e2aa85d7,Drama,191
889e3719-7d29-4888-b690-5a1531d2930e,3429cda2-6047-453c-bf54-952dfa6674c0,9b0074d2-2c92-4c01-830b-00be8e05b412,Cukrarna,277
889e3719-7d29-4888-b690-5a1531d2930e,3429cda2-6047-453c-bf54-952dfa6674c0,b905ae6a-f1e1-4057-8923-481902ed5a8e,Konzorcij,1502
889e3719-7d29-4888-b690-5a1531d2930e,3429cda2-6047-453c-bf54-952dfa6674c0,fef200e9-4d98-425b-ab14-8110e2aa85d7,Drama,820
889e3719-7d29-4888-b690-5a1531d2930e,3429cda2-6047-453c-bf54-952dfa6674c0,9c17244c-0812-404b-b929-5cdc0591e421,Podmornica,693
889e3719-7d29-4888-b690-5a1531d2930e,3429cda2-6047-453c-bf54-952dfa6674c0,5d7f28a6-2a2a-4333-aa06-48edfb652f86,Pošta,131
889e3719-7d29-4888-b690-5a1531d2930e,3429cda2-6047-453c-bf54-952dfa6674c0,aa42017d-812a-4175-bc9b-0fec03b18931,Ambrožev trg,39
889e3719-7d29-4888-b690-5a1531d2930e,3429cda2-6047-453c-bf54-952dfa6674c0,bea274aa-277a-403d-ab2f-a0342b28882e,Križanke,28
889e3719-7d29-4888-b690-5a1531d2930e,3429cda2-6047-453c-bf54-952dfa6674c0,ef91fd44-5651-4fd4-b6f8-619fdef9da7b,Hajdrihova,97
889e3719-7d29-4888-b690-5a1531d2930e,3429cda2-6047-453c-bf54-952dfa6674c0,4062cd22-b67a-4235-9980-0178b7add592,Drama,110
889e3719-7d29-4888-b690-5a1531d2930e,3429cda2-6047-453c-bf54-952dfa6674c0,25ad5579-f6a0-4f35-a0c9-0678b41e9dde,Križanke,1211
889e3719-7d29-4888-b690-5a1531d2930e,3429cda2-6047-453c-bf54-952dfa6674c0,fef200e9-4d98-425b-ab14-8110e2aa85d7,Drama,1388
889e3719-7d29-4888-b690-5a1531d2930e,3429cda2-6047-453c-bf54-952dfa6674c0,306dcdea-b1ce-4357-ba5e-fa82293630df,Kolodvor,667
889e3719-7d29-4888-b690-5a1531d2930e,3429cda2-6047-453c-bf54-952dfa6674c0,f2b27cbd-5207-4281-8f67-6369d0c50a9b,Kodrova,578
889e3719-7d29-4888-b690-5a1531d2930e,3429cda2-6047-453c-bf54-952dfa6674c0,4062cd22-b67a-4235-9980-0178b7add592,Drama,26
889e3719-7d29-4888-b690-5a1531d2930e,3429cda2-6047-453c-bf54-952dfa6674c0,8c7fa045-888b-46d0-8189-6f82623bf481,Poljanska,172
889e3719-7d29-4888-b690-5a1531d2930e,3429cda2-6047-453c-bf54-952dfa6674c0,712ee105-4fab-498a-af5c-496ca9830f5f,Viadukt,181
889e3719-7d29-4888-b690-5a1531d2930e,3429cda2-6047-453c-bf54-952dfa6674c0,b905ae6a-f1e1-4057-8923-481902ed5a8e,Konzorcij,885
889e3719-7d29-4888-b690-5a1531d2930e,3429cda2-6047-453c-bf54-952dfa6674c0,9bb1ed3b-5a6f-43c7-afaf-ba2b60ca1a7a,Aškerčeva,98
889e3719-7d29-4888-b690-5a1531d2930e,3429cda2-6047-453c-bf54-952dfa6674c0,712ee105-4fab-498a-af5c-496ca9830f5f,Viadukt,320
889e3719-7d29-4888-b690-5a1531d2930e,3429cda2-6047-453c-bf54-952dfa6674c0,fcccf4af-4f16-4edc-ba5a-585c434593fe,ZD Polje,301
889e3719-7d29-4888-b690-5a1531d2930e,3429cda2-6047-453c-bf54-952dfa6674c0,9b0074d2-2c92-4c01-830b-00be8e05b412,Cukrarna,15
889e3719-7d29-4888-b690-5a1531d2930e,3429cda2-6047-453c-bf54-952dfa6674c0,fef200e9-4d98-425b-ab14-8110e2aa85d7,Drama,33
889e3719-7d29-4888-b690-5a1531d2930e,3429cda2-6047-453c-bf54-952dfa6674c0,5d7f28a6-2a2a-4333-aa06-48edfb652f86,Pošta,176
889e3719-7d29-4888-b690-5a1531d2930e,3429cda2-6047-453c-bf54-952dfa6674c0,48e907fd-e868-47cd-8cac-74c7d4582944,Poljanska,239
889e3719-7d29-4888-b690-5a1531d2930e,3429cda2-6047-453c-bf54-952dfa6674c0,25ad5579-f6a0-4f35-a0c9-0678b41e9dde,Križanke,33
889e3719-7d29-4888-b690-5a1531d2930e,3429cda2-6047-453c-bf54-952dfa6674c0,ecc4ae87-ae08-4b94-995c-452fdd94df7f,Privoz,551
889e3719-7d29-4888-b690-5a1531d2930e,3429cda2-6047-453c-bf54-952dfa6674c0,7bcbdcaa-00b9-47d4-8982-09da26cd7bcb,Zaloška,197
889e3719-7d29-4888-b690-5a1531d2930e,3429cda2-6047-453c-bf54-952dfa6674c0,fef200e9-4d98-425b-ab14-8110e2aa85d7,Drama,405
889e3719-7d29-4888-b690-5a1531d2930e,3429cda2-6047-453c-bf54-952dfa6674c0,0df2ffa6-b1c8-44d0-900c-8b23b37794df,Spodnji Rudnik,135
889e3719-7d29-4888-b690-5a1531d2930e,3429cda2-6047-453c-bf54-952dfa6674c0,5d7f28a6-2a2a-4333-aa06-48edfb652f86,Pošta,17
889e3719-7d29-4888-b690-5a1531d2930e,3429cda2-6047-453c-bf54-952dfa6674c0,7a52a73a-cc0e-4c61-b9bc-306157727e1c,Tržnica Moste,557
889e3719-7d29-4888-b690-5a1531d2930e,3429cda2-6047-453c-bf54-952dfa6674c0,c87db9be-1fba-4102-a743-0ee4317dd5af,Bavarski dvor,332
889e3719-7d29-4888-b690-5a1531d2930e,3429cda2-6047-453c-bf54-952dfa6674c0,d50b2bdb-481b-4e58-ada6-47a028fc6382,BTC-tržnica,975
889e3719-7d29-4888-b690-5a1531d2930e,3429cda2-6047-453c-bf54-952dfa6674c0,fef200e9-4d98-425b-ab14-8110e2aa85d7,Drama,596
889e3719-7d29-4888-b690-5a1531d2930e,3429cda2-6047-453c-bf54-952dfa6674c0,48b163cd-b819-4849-aee1-8b1da77657ab,Šentvid,978
889e3719-7d29-4888-b690-5a1531d2930e,3429cda2-6047-453c-bf54-952dfa6674c0,e9382efd-d64d-46b0-9a7d-a4e6a0188725,Omersova,498
889e3719-7d29-4888-b690-5a1531d2930e,3429cda2-6047-453c-bf54-952dfa6674c0,e6f5183b-c615-4f47-b4fb-204ee070e825,Bežigrad,197
889e3719-7d29-4888-b690-5a1531d2930e,3429cda2-6047-453c-bf54-952dfa6674c0,6a89c110-a0f8-4b1a-87f0-33f49c0a658e,Šola Jarše,328
889e3719-7d29-4888-b690-5a1531d2930e,3429cda2-6047-453c-bf54-952dfa6674c0,fef200e9-4d98-425b-ab14-8110e2aa85d7,Drama,259
889e3719-7d29-4888-b690-5a1531d2930e,3429cda2-6047-453c-bf54-952dfa6674c0,a719a87c-4e93-4387-a6d1-2631a487f7e0,Ajdovščina,717
889e3719-7d29-4888-b690-5a1531d2930e,3429cda2-6047-453c-bf54-952dfa6674c0,5d7f28a6-2a2a-4333-aa06-48edfb652f86,Pošta,79
889e3719-7d29-4888-b690-5a1531d2930e,3429cda2-6047-453c-bf54-952dfa6674c0,6330ad8d-b582-4c92-bc7e-d3f206264f04,Tehnounion,1028
889e3719-7d29-4888-b690-5a1531d2930e,3429cda2-6047-453c-bf54-952dfa6674c0,bf64b499-211b-4da8-ace2-f12a17608ae3,ŠTEPANJSKO NAS.,1352
889e3719-7d29-4888-b690-5a1531d2930e,3429cda2-6047-453c-bf54-952dfa6674c0,4062cd22-b67a-4235-9980-0178b7add592,Drama,916
889e3719-7d29-4888-b690-5a1531d2930e,3429cda2-6047-453c-bf54-952dfa6674c0,d119c3e9-7f2c-4d40-97a4-ccc6b4bb2951,Archinetova,409
889e3719-7d29-4888-b690-5a1531d2930e,3429cda2-6047-453c-bf54-952dfa6674c0,fef200e9-4d98-425b-ab14-8110e2aa85d7,Drama,3616
889e3719-7d29-4888-b690-5a1531d2930e,3429cda2-6047-453c-bf54-952dfa6674c0,feb89b92-366d-4f50-a509-40c7baba8cf0,Brodarjev trg,2744
889e3719-7d29-4888-b690-5a1531d2930e,3429cda2-6047-453c-bf54-952dfa6674c0,277bc73c-e61d-4046-bcfd-31d6161c568e,Center Zalog,264
889e3719-7d29-4888-b690-5a1531d2930e,3429cda2-6047-453c-bf54-952dfa6674c0,16578e36-c682-4083-bd29-4973445dc0fe,Gosposvetska,800
889e3719-7d29-4888-b690-5a1531d2930e,3429cda2-6047-453c-bf54-952dfa6674c0,fef200e9-4d98-425b-ab14-8110e2aa85d7,Drama,705
889e3719-7d29-4888-b690-5a1531d2930e,3429cda2-6047-453c-bf54-952dfa6674c0,fef200e9-4d98-425b-ab14-8110e2aa85d7,Drama,1135
889e3719-7d29-4888-b690-5a1531d2930e,3429cda2-6047-453c-bf54-952dfa6674c0,fef200e9-4d98-425b-ab14-8110e2aa85d7,Drama,91
889e3719-7d29-4888-b690-5a1531d2930e,3429cda2-6047-453c-bf54-952dfa6674c0,fef200e9-4d98-425b-ab14-8110e2aa85d7,Drama,215
889e3719-7d29-4888-b690-5a1531d2930e,3429cda2-6047-453c-bf54-952dfa6674c0,a719a87c-4e93-4387-a6d1-2631a487f7e0,Ajdovščina,238
889e3719-7d29-4888-b690-5a1531d2930e,3429cda2-6047-453c-bf54-952dfa6674c0,a378ce5e-57ce-4c52-b219-568674b5cd5e,Gornji trg,410
889e3719-7d29-4888-b690-5a1531d2930e,3429cda2-6047-453c-bf54-952dfa6674c0,25cde952-4896-4977-b229-75e09b3e3661,Chengdujska,688
889e3719-7d29-4888-b690-5a1531d2930e,3429cda2-6047-453c-bf54-952dfa6674c0,fef200e9-4d98-425b-ab14-8110e2aa85d7,Drama,111
889e3719-7d29-4888-b690-5a1531d2930e,3429cda2-6047-453c-bf54-952dfa6674c0,cab36767-e95a-4f60-978e-92490f2517b2,Hrvatski trg,163
889e3719-7d29-4888-b690-5a1531d2930e,3429cda2-6047-453c-bf54-952dfa6674c0,5d7f28a6-2a2a-4333-aa06-48edfb652f86,Pošta,73
889e3719-7d29-4888-b690-5a1531d2930e,3429cda2-6047-453c-bf54-952dfa6674c0,aa42017d-812a-4175-bc9b-0fec03b18931,Ambrožev trg,254
889e3719-7d29-4888-b690-5a1531d2930e,3429cda2-6047-453c-bf54-952dfa6674c0,f2b27cbd-5207-4281-8f67-6369d0c50a9b,Kodrova,2830
889e3719-7d29-4888-b690-5a1531d2930e,3429cda2-6047-453c-bf54-952dfa6674c0,4062cd22-b67a-4235-9980-0178b7add592,Drama,1557
889e3719-7d29-4888-b690-5a1531d2930e,3429cda2-6047-453c-bf54-952dfa6674c0,9bb1ed3b-5a6f-43c7-afaf-ba2b60ca1a7a,Aškerčeva,956
889e3719-7d29-4888-b690-5a1531d2930e,3429cda2-6047-453c-bf54-952dfa6674c0,67c3adc1-a92d-4528-91ee-77d8b52574c6,Poliklinika,1543
889e3719-7d29-4888-b690-5a1531d2930e,3429cda2-6047-453c-bf54-952dfa6674c0,N/A,N/A,4525
889e3719-7d29-4888-b690-5a1531d2930e,3429cda2-6047-453c-bf54-952dfa6674c0,712ee105-4fab-498a-af5c-496ca9830f5f,Viadukt,627
889e3719-7d29-4888-b690-5a1531d2930e,3429cda2-6047-453c-bf54-952dfa6674c0,824255dc-9be8-4f7b-9b69-2bd4e5a3fc27,Pohorskega bataljona,241
889e3719-7d29-4888-b690-5a1531d2930e,3429cda2-6047-453c-bf54-952dfa6674c0,9bb1ed3b-5a6f-43c7-afaf-ba2b60ca1a7a,Aškerčeva,17
889e3719-7d29-4888-b690-5a1531d2930e,3429cda2-6047-453c-bf54-952dfa6674c0,4062cd22-b67a-4235-9980-0178b7add592,Drama,333
889e3719-7d29-4888-b690-5a1531d2930e,3429cda2-6047-453c-bf54-952dfa6674c0,717c914e-f928-4671-95f6-26c1ddb95799,Cesta v Gorice,57
889e3719-7d29-4888-b690-5a1531d2930e,3429cda2-6047-453c-bf54-952dfa6674c0,fef200e9-4d98-425b-ab14-8110e2aa85d7,Drama,1130
889e3719-7d29-4888-b690-5a1531d2930e,3429cda2-6047-453c-bf54-952dfa6674c0,7eb88e01-82e9-4af4-84d0-69c6ea9dc82c,Kolodvor,108
889e3719-7d29-4888-b690-5a1531d2930e,3429cda2-6047-453c-bf54-952dfa6674c0,48507e1a-32df-4552-9448-3b345760b75f,Cesta na Vevče,254
889e3719-7d29-4888-b690-5a1531d2930e,3429cda2-6047-453c-bf54-952dfa6674c0,3429cda2-6047-453c-bf54-952dfa6674c0,Klinični center,1873
889e3719-7d29-4888-b690-5a1531d2930e,3429cda2-6047-453c-bf54-952dfa6674c0,ecc4ae87-ae08-4b94-995c-452fdd94df7f,Privoz,11
889e3719-7d29-4888-b690-5a1531d2930e,3429cda2-6047-453c-bf54-952dfa6674c0,aa42017d-812a-4175-bc9b-0fec03b18931,Ambrožev trg,2884
889e3719-7d29-4888-b690-5a1531d2930e,3429cda2-6047-453c-bf54-952dfa6674c0,1eadcdb9-60cd-47c9-8eec-527c3465a685,Polje,39
889e3719-7d29-4888-b690-5a1531d2930e,3429cda2-6047-453c-bf54-952dfa6674c0,4062cd22-b67a-4235-9980-0178b7add592,Drama,1797
889e3719-7d29-4888-b690-5a1531d2930e,3429cda2-6047-453c-bf54-952dfa6674c0,c87db9be-1fba-4102-a743-0ee4317dd5af,Bavarski dvor,422
889e3719-7d29-4888-b690-5a1531d2930e,3429cda2-6047-453c-bf54-952dfa6674c0,4062cd22-b67a-4235-9980-0178b7add592,Drama,163
889e3719-7d29-4888-b690-5a1531d2930e,3429cda2-6047-453c-bf54-952dfa6674c0,a719a87c-4e93-4387-a6d1-2631a487f7e0,Ajdovščina,869
889e3719-7d29-4888-b690-5a1531d2930e,3429cda2-6047-453c-bf54-952dfa6674c0,f73d3fb2-082c-4518-8af2-45de5490df4e,LITOSTROJ,1017
889e3719-7d29-4888-b690-5a1531d2930e,3429cda2-6047-453c-bf54-952dfa6674c0,f33b721f-a8a3-4aad-96f2-077da09ebaa6,Razstavišče,2479
889e3719-7d29-4888-b690-5a1531d2930e,3429cda2-6047-453c-bf54-952dfa6674c0,5dcffe2a-1c73-4f7c-bdac-4084bb5201aa,Peruzzijeva,713
889e3719-7d29-4888-b690-5a1531d2930e,3429cda2-6047-453c-bf54-952dfa6674c0,59d96e2c-3ee3-4581-840a-3ddaf0003743,Osenjakova,462
889e3719-7d29-4888-b690-5a1531d2930e,3429cda2-6047-453c-bf54-952dfa6674c0,5cc8a08d-c0af-491f-9a9c-b8b4f5f23bc0,BTC-Emporium,1097
889e3719-7d29-4888-b690-5a1531d2930e,3429cda2-6047-453c-bf54-952dfa6674c0,4062cd22-b67a-4235-9980-0178b7add592,Drama,209
889e3719-7d29-4888-b690-5a1531d2930e,3429cda2-6047-453c-bf54-952dfa6674c0,dfde6478-02b5-471b-a470-29cb0e84542f,Slovenija avto,1222
889e3719-7d29-4888-b690-5a1531d2930e,3429cda2-6047-453c-bf54-952dfa6674c0,fef200e9-4d98-425b-ab14-8110e2aa85d7,Drama,1932
889e3719-7d29-4888-b690-5a1531d2930e,3429cda2-6047-453c-bf54-952dfa6674c0,9c3d9f7c-69df-4a48-8f1a-d25e7a922ac3,Škofljica Petkovšek,333
889e3719-7d29-4888-b690-5a1531d2930e,3429cda2-6047-453c-bf54-952dfa6674c0,fef200e9-4d98-425b-ab14-8110e2aa85d7,Drama,218
889e3719-7d29-4888-b690-5a1531d2930e,3429cda2-6047-453c-bf54-952dfa6674c0,4062cd22-b67a-4235-9980-0178b7add592,Drama,819
889e3719-7d29-4888-b690-5a1531d2930e,3429cda2-6047-453c-bf54-952dfa6674c0,feb89b92-366d-4f50-a509-40c7baba8cf0,Brodarjev trg,230
889e3719-7d29-4888-b690-5a1531d2930e,3429cda2-6047-453c-bf54-952dfa6674c0,c1606675-dd38-4952-914b-6ca64fd56b7b,Rudnik,885
889e3719-7d29-4888-b690-5a1531d2930e,3429cda2-6047-453c-bf54-952dfa6674c0,fdff5f9c-6c02-4fc1-a004-7032b17fa37a,Murkova,544
889e3719-7d29-4888-b690-5a1531d2930e,3429cda2-6047-453c-bf54-952dfa6674c0,a9796806-8cd3-4b76-bf8c-4340aec35c9e,Lutkovno gl.,38
889e3719-7d29-4888-b690-5a1531d2930e,3429cda2-6047-453c-bf54-952dfa6674c0,a719a87c-4e93-4387-a6d1-2631a487f7e0,Ajdovščina,223
889e3719-7d29-4888-b690-5a1531d2930e,3429cda2-6047-453c-bf54-952dfa6674c0,d72032c7-d4b0-4eee-a87c-593985a42266,Tobačna,249
889e3719-7d29-4888-b690-5a1531d2930e,3429cda2-6047-453c-bf54-952dfa6674c0,26d86ffa-b8df-49aa-a9c0-5fa7d3cfba77,Draveljska gmajna,642
889e3719-7d29-4888-b690-5a1531d2930e,3429cda2-6047-453c-bf54-952dfa6674c0,25ad5579-f6a0-4f35-a0c9-0678b41e9dde,Križanke,352
889e3719-7d29-4888-b690-5a1531d2930e,3429cda2-6047-453c-bf54-952dfa6674c0,9b85d4b0-c594-4e0e-9ce2-d0986256c270,Tavčarjeva,149
889e3719-7d29-4888-b690-5a1531d2930e,3429cda2-6047-453c-bf54-952dfa6674c0,b905ae6a-f1e1-4057-8923-481902ed5a8e,Konzorcij,12
889e3719-7d29-4888-b690-5a1531d2930e,3429cda2-6047-453c-bf54-952dfa6674c0,79d89180-8b07-4127-b7b4-1ac03d1cee9f,Kompas,1018
889e3719-7d29-4888-b690-5a1531d2930e,3429cda2-6047-453c-bf54-952dfa6674c0,b829062a-2644-4350-b998-74522d9e85d8,Lutkovno gl.,218
889e3719-7d29-4888-b690-5a1531d2930e,3429cda2-6047-453c-bf54-952dfa6674c0,fef200e9-4d98-425b-ab14-8110e2aa85d7,Drama,1198
889e3719-7d29-4888-b690-5a1531d2930e,3429cda2-6047-453c-bf54-952dfa6674c0,f14a6236-8af2-47bf-9270-432377662a63,Viadukt,783
889e3719-7d29-4888-b690-5a1531d2930e,3429cda2-6047-453c-bf54-952dfa6674c0,15c71406-72b5-4681-8b1a-29eb30eb3f76,Kristalna palača,1121
889e3719-7d29-4888-b690-5a1531d2930e,3429cda2-6047-453c-bf54-952dfa6674c0,6efecef0-52ba-4a47-9991-9bab5ce31340,Ajdovščina,219
889e3719-7d29-4888-b690-5a1531d2930e,3429cda2-6047-453c-bf54-952dfa6674c0,087e50b6-7677-4a85-802f-5694266fe38b,Aškerčeva,230
889e3719-7d29-4888-b690-5a1531d2930e,3429cda2-6047-453c-bf54-952dfa6674c0,fef200e9-4d98-425b-ab14-8110e2aa85d7,Drama,274
889e3719-7d29-4888-b690-5a1531d2930e,3429cda2-6047-453c-bf54-952dfa6674c0,4062cd22-b67a-4235-9980-0178b7add592,Drama,1544
889e3719-7d29-4888-b690-5a1531d2930e,3429cda2-6047-453c-bf54-952dfa6674c0,7fa32ea0-e884-435a-a81c-51bbd5cedf3e,Zaloška,192
889e3719-7d29-4888-b690-5a1531d2930e,3429cda2-6047-453c-bf54-952dfa6674c0,9b0074d2-2c92-4c01-830b-00be8e05b412,Cukrarna,499
889e3719-7d29-4888-b690-5a1531d2930e,3429cda2-6047-453c-bf54-952dfa6674c0,fef200e9-4d98-425b-ab14-8110e2aa85d7,Drama,369
889e3719-7d29-4888-b690-5a1531d2930e,3429cda2-6047-453c-bf54-952dfa6674c0,fef200e9-4d98-425b-ab14-8110e2aa85d7,Drama,3528
889e3719-7d29-4888-b690-5a1531d2930e,3429cda2-6047-453c-bf54-952dfa6674c0,dd57f39b-be0f-479e-bc35-5bd2edf98ff2,Bolnica,1693
889e3719-7d29-4888-b690-5a1531d2930e,3429cda2-6047-453c-bf54-952dfa6674c0,aa42017d-812a-4175-bc9b-0fec03b18931,Ambrožev trg,42
889e3719-7d29-4888-b690-5a1531d2930e,3429cda2-6047-453c-bf54-952dfa6674c0,fef200e9-4d98-425b-ab14-8110e2aa85d7,Drama,258
889e3719-7d29-4888-b690-5a1531d2930e,3429cda2-6047-453c-bf54-952dfa6674c0,4062cd22-b67a-4235-9980-0178b7add592,Drama,290
889e3719-7d29-4888-b690-5a1531d2930e,3429cda2-6047-453c-bf54-952dfa6674c0,c0a064eb-b507-43c2-a6d2-0e9c5881f031,Središka,435
889e3719-7d29-4888-b690-5a1531d2930e,3429cda2-6047-453c-bf54-952dfa6674c0,fef200e9-4d98-425b-ab14-8110e2aa85d7,Drama,101
889e3719-7d29-4888-b690-5a1531d2930e,3429cda2-6047-453c-bf54-952dfa6674c0,b905ae6a-f1e1-4057-8923-481902ed5a8e,Konzorcij,2198
889e3719-7d29-4888-b690-5a1531d2930e,3429cda2-6047-453c-bf54-952dfa6674c0,ccd8a655-468b-4728-a26d-7981bbdd7dec,Zg. Gameljne,734
889e3719-7d29-4888-b690-5a1531d2930e,3429cda2-6047-453c-bf54-952dfa6674c0,b905ae6a-f1e1-4057-8923-481902ed5a8e,Konzorcij,70
889e3719-7d29-4888-b690-5a1531d2930e,3429cda2-6047-453c-bf54-952dfa6674c0,f2b27cbd-5207-4281-8f67-6369d0c50a9b,Kodrova,656
889e3719-7d29-4888-b690-5a1531d2930e,3429cda2-6047-453c-bf54-952dfa6674c0,5d7f28a6-2a2a-4333-aa06-48edfb652f86,Pošta,230
889e3719-7d29-4888-b690-5a1531d2930e,3429cda2-6047-453c-bf54-952dfa6674c0,a719a87c-4e93-4387-a6d1-2631a487f7e0,Ajdovščina,178
889e3719-7d29-4888-b690-5a1531d2930e,3429cda2-6047-453c-bf54-952dfa6674c0,36d25599-0bed-48a0-bcb4-134be8a959fe,Emona,721
889e3719-7d29-4888-b690-5a1531d2930e,3429cda2-6047-453c-bf54-952dfa6674c0,a719a87c-4e93-4387-a6d1-2631a487f7e0,Ajdovščina,118
889e3719-7d29-4888-b690-5a1531d2930e,3429cda2-6047-453c-bf54-952dfa6674c0,a378ce5e-57ce-4c52-b219-568674b5cd5e,Gornji trg,552
889e3719-7d29-4888-b690-5a1531d2930e,3429cda2-6047-453c-bf54-952dfa6674c0,b589ddd3-5a31-4fe1-915f-44347b4c0a1a,Bratov Učakar,1647
889e3719-7d29-4888-b690-5a1531d2930e,3429cda2-6047-453c-bf54-952dfa6674c0,b905ae6a-f1e1-4057-8923-481902ed5a8e,Konzorcij,1341
889e3719-7d29-4888-b690-5a1531d2930e,3429cda2-6047-453c-bf54-952dfa6674c0,16578e36-c682-4083-bd29-4973445dc0fe,Gosposvetska,192
889e3719-7d29-4888-b690-5a1531d2930e,3429cda2-6047-453c-bf54-952dfa6674c0,7fa32ea0-e884-435a-a81c-51bbd5cedf3e,Zaloška,256
889e3719-7d29-4888-b690-5a1531d2930e,3429cda2-6047-453c-bf54-952dfa6674c0,9b85d4b0-c594-4e0e-9ce2-d0986256c270,Tavčarjeva,76
889e3719-7d29-4888-b690-5a1531d2930e,3429cda2-6047-453c-bf54-952dfa6674c0,fef200e9-4d98-425b-ab14-8110e2aa85d7,Drama,1975
889e3719-7d29-4888-b690-5a1531d2930e,3429cda2-6047-453c-bf54-952dfa6674c0,d72032c7-d4b0-4eee-a87c-593985a42266,Tobačna,1399
889e3719-7d29-4888-b690-5a1531d2930e,3429cda2-6047-453c-bf54-952dfa6674c0,9b85d4b0-c594-4e0e-9ce2-d0986256c270,Tavčarjeva,159
889e3719-7d29-4888-b690-5a1531d2930e,3429cda2-6047-453c-bf54-952dfa6674c0,48e907fd-e868-47cd-8cac-74c7d4582944,Poljanska,1230
889e3719-7d29-4888-b690-5a1531d2930e,3429cda2-6047-453c-bf54-952dfa6674c0,b905ae6a-f1e1-4057-8923-481902ed5a8e,Konzorcij,751
889e3719-7d29-4888-b690-5a1531d2930e,3429cda2-6047-453c-bf54-952dfa6674c0,c0fb12dd-8cab-40da-a3aa-e8de9c6d09ed,Rusjanov trg,553
889e3719-7d29-4888-b690-5a1531d2930e,3429cda2-6047-453c-bf54-952dfa6674c0,a719a87c-4e93-4387-a6d1-2631a487f7e0,Ajdovščina,254
889e3719-7d29-4888-b690-5a1531d2930e,3429cda2-6047-453c-bf54-952dfa6674c0,25ad5579-f6a0-4f35-a0c9-0678b41e9dde,Križanke,329
889e3719-7d29-4888-b690-5a1531d2930e,3429cda2-6047-453c-bf54-952dfa6674c0,12618339-2c2d-49ec-b0e0-2517c11991f8,Mirje,17
889e3719-7d29-4888-b690-5a1531d2930e,3429cda2-6047-453c-bf54-952dfa6674c0,bea274aa-277a-403d-ab2f-a0342b28882e,Križanke,1450
889e3719-7d29-4888-b690-5a1531d2930e,3429cda2-6047-453c-bf54-952dfa6674c0,fef200e9-4d98-425b-ab14-8110e2aa85d7,Drama,235
889e3719-7d29-4888-b690-5a1531d2930e,3429cda2-6047-453c-bf54-952dfa6674c0,b905ae6a-f1e1-4057-8923-481902ed5a8e,Konzorcij,1141
889e3719-7d29-4888-b690-5a1531d2930e,3429cda2-6047-453c-bf54-952dfa6674c0,b829062a-2644-4350-b998-74522d9e85d8,Lutkovno gl.,412
889e3719-7d29-4888-b690-5a1531d2930e,3429cda2-6047-453c-bf54-952dfa6674c0,25ad5579-f6a0-4f35-a0c9-0678b41e9dde,Križanke,9
889e3719-7d29-4888-b690-5a1531d2930e,3429cda2-6047-453c-bf54-952dfa6674c0,f14a6236-8af2-47bf-9270-432377662a63,Viadukt,282
889e3719-7d29-4888-b690-5a1531d2930e,3429cda2-6047-453c-bf54-952dfa6674c0,889e3719-7d29-4888-b690-5a1531d2930e,Jadranska,75
889e3719-7d29-4888-b690-5a1531d2930e,3429cda2-6047-453c-bf54-952dfa6674c0,8f56b058-1ae3-44f5-8600-4330f2264d78,Privoz,76
889e3719-7d29-4888-b690-5a1531d2930e,3429cda2-6047-453c-bf54-952dfa6674c0,1faa072c-478b-4656-8df3-84167a9a4bbb,Dravlje,2679
889e3719-7d29-4888-b690-5a1531d2930e,3429cda2-6047-453c-bf54-952dfa6674c0,a719a87c-4e93-4387-a6d1-2631a487f7e0,Ajdovščina,223
889e3719-7d29-4888-b690-5a1531d2930e,3429cda2-6047-453c-bf54-952dfa6674c0,36d25599-0bed-48a0-bcb4-134be8a959fe,Emona,243
889e3719-7d29-4888-b690-5a1531d2930e,3429cda2-6047-453c-bf54-952dfa6674c0,b905ae6a-f1e1-4057-8923-481902ed5a8e,Konzorcij,1019
889e3719-7d29-4888-b690-5a1531d2930e,3429cda2-6047-453c-bf54-952dfa6674c0,17f7d178-41b3-41f9-a545-cbfc22a0a5f1,Nusdorferjeva,497
889e3719-7d29-4888-b690-5a1531d2930e,3429cda2-6047-453c-bf54-952dfa6674c0,9bb1ed3b-5a6f-43c7-afaf-ba2b60ca1a7a,Aškerčeva,262
889e3719-7d29-4888-b690-5a1531d2930e,3429cda2-6047-453c-bf54-952dfa6674c0,a9796806-8cd3-4b76-bf8c-4340aec35c9e,Lutkovno gl.,333
889e3719-7d29-4888-b690-5a1531d2930e,3429cda2-6047-453c-bf54-952dfa6674c0,fef200e9-4d98-425b-ab14-8110e2aa85d7,Drama,670
889e3719-7d29-4888-b690-5a1531d2930e,3429cda2-6047-453c-bf54-952dfa6674c0,fef200e9-4d98-425b-ab14-8110e2aa85d7,Drama,82
889e3719-7d29-4888-b690-5a1531d2930e,3429cda2-6047-453c-bf54-952dfa6674c0,9b85d4b0-c594-4e0e-9ce2-d0986256c270,Tavčarjeva,1168
889e3719-7d29-4888-b690-5a1531d2930e,3429cda2-6047-453c-bf54-952dfa6674c0,b905ae6a-f1e1-4057-8923-481902ed5a8e,Konzorcij,1174
889e3719-7d29-4888-b690-5a1531d2930e,3429cda2-6047-453c-bf54-952dfa6674c0,7310c006-62b8-4f94-bb9c-d5c26cb3faad,Polje,296
889e3719-7d29-4888-b690-5a1531d2930e,3429cda2-6047-453c-bf54-952dfa6674c0,a719a87c-4e93-4387-a6d1-2631a487f7e0,Ajdovščina,289
889e3719-7d29-4888-b690-5a1531d2930e,3429cda2-6047-453c-bf54-952dfa6674c0,f14a6236-8af2-47bf-9270-432377662a63,Viadukt,1957
889e3719-7d29-4888-b690-5a1531d2930e,3429cda2-6047-453c-bf54-952dfa6674c0,af2956ba-d922-4ec4-bfa7-b623c29e8b3e,Kompas,424
889e3719-7d29-4888-b690-5a1531d2930e,3429cda2-6047-453c-bf54-952dfa6674c0,6182f8e8-c45e-4606-b4a4-d909bd44d2cc,Gornji trg,173
889e3719-7d29-4888-b690-5a1531d2930e,3429cda2-6047-453c-bf54-952dfa6674c0,7310c006-62b8-4f94-bb9c-d5c26cb3faad,Polje,2017
889e3719-7d29-4888-b690-5a1531d2930e,3429cda2-6047-453c-bf54-952dfa6674c0,9bb1ed3b-5a6f-43c7-afaf-ba2b60ca1a7a,Aškerčeva,871
889e3719-7d29-4888-b690-5a1531d2930e,3429cda2-6047-453c-bf54-952dfa6674c0,6bd46cb7-9e5d-453a-878a-bcc38fb2a5f2,Sava,2396
889e3719-7d29-4888-b690-5a1531d2930e,3429cda2-6047-453c-bf54-952dfa6674c0,fef200e9-4d98-425b-ab14-8110e2aa85d7,Drama,7
889e3719-7d29-4888-b690-5a1531d2930e,3429cda2-6047-453c-bf54-952dfa6674c0,392949a1-1ada-4196-9073-6f392638ca49,Bratislavska,509
889e3719-7d29-4888-b690-5a1531d2930e,3429cda2-6047-453c-bf54-952dfa6674c0,b905ae6a-f1e1-4057-8923-481902ed5a8e,Konzorcij,20
889e3719-7d29-4888-b690-5a1531d2930e,3429cda2-6047-453c-bf54-952dfa6674c0,2d6504e9-c938-417e-9b55-32d6514bc744,Kristalna palača,360
889e3719-7d29-4888-b690-5a1531d2930e,3429cda2-6047-453c-bf54-952dfa6674c0,9bb1ed3b-5a6f-43c7-afaf-ba2b60ca1a7a,Aškerčeva,623
889e3719-7d29-4888-b690-5a1531d2930e,3429cda2-6047-453c-bf54-952dfa6674c0,fef200e9-4d98-425b-ab14-8110e2aa85d7,Drama,1642
889e3719-7d29-4888-b690-5a1531d2930e,3429cda2-6047-453c-bf54-952dfa6674c0,17f7d178-41b3-41f9-a545-cbfc22a0a5f1,Nusdorferjeva,156
889e3719-7d29-4888-b690-5a1531d2930e,3429cda2-6047-453c-bf54-952dfa6674c0,6559d555-672b-4633-8a81-0ae68fb963eb,ZD POLJE,151
889e3719-7d29-4888-b690-5a1531d2930e,3429cda2-6047-453c-bf54-952dfa6674c0,77c4dfcc-1122-4896-9983-8a5bd11320de,Dravlje,996
889e3719-7d29-4888-b690-5a1531d2930e,3429cda2-6047-453c-bf54-952dfa6674c0,9b85d4b0-c594-4e0e-9ce2-d0986256c270,Tavčarjeva,32
889e3719-7d29-4888-b690-5a1531d2930e,3429cda2-6047-453c-bf54-952dfa6674c0,c87db9be-1fba-4102-a743-0ee4317dd5af,Bavarski dvor,902
889e3719-7d29-4888-b690-5a1531d2930e,3429cda2-6047-453c-bf54-952dfa6674c0,5764ff17-c787-4918-b7bd-a2ed9c6d7dd1,RUDNIK,4066
889e3719-7d29-4888-b690-5a1531d2930e,3429cda2-6047-453c-bf54-952dfa6674c0,f4cfd904-bd11-4247-95df-32c4555a930f,Klinični center,152
889e3719-7d29-4888-b690-5a1531d2930e,3429cda2-6047-453c-bf54-952dfa6674c0,f07c916c-6fc6-4acf-a334-0ab0d3c4f57f,Središka,1019
889e3719-7d29-4888-b690-5a1531d2930e,3429cda2-6047-453c-bf54-952dfa6674c0,fef200e9-4d98-425b-ab14-8110e2aa85d7,Drama,742
889e3719-7d29-4888-b690-5a1531d2930e,3429cda2-6047-453c-bf54-952dfa6674c0,bbe542ee-a3f6-43cf-b23a-077c28b7d19a,BTC-tržnica,1232
889e3719-7d29-4888-b690-5a1531d2930e,3429cda2-6047-453c-bf54-952dfa6674c0,404f8444-540d-4d82-a355-30a6a8bec797,Viško polje,1599
889e3719-7d29-4888-b690-5a1531d2930e,3429cda2-6047-453c-bf54-952dfa6674c0,a719a87c-4e93-4387-a6d1-2631a487f7e0,Ajdovščina,89
889e3719-7d29-4888-b690-5a1531d2930e,3429cda2-6047-453c-bf54-952dfa6674c0,fef200e9-4d98-425b-ab14-8110e2aa85d7,Drama,915
889e3719-7d29-4888-b690-5a1531d2930e,3429cda2-6047-453c-bf54-952dfa6674c0,8c7fa045-888b-46d0-8189-6f82623bf481,Poljanska,1215
889e3719-7d29-4888-b690-5a1531d2930e,3429cda2-6047-453c-bf54-952dfa6674c0,bea274aa-277a-403d-ab2f-a0342b28882e,Križanke,1644
889e3719-7d29-4888-b690-5a1531d2930e,3429cda2-6047-453c-bf54-952dfa6674c0,bea274aa-277a-403d-ab2f-a0342b28882e,Križanke,172
889e3719-7d29-4888-b690-5a1531d2930e,3429cda2-6047-453c-bf54-952dfa6674c0,a719a87c-4e93-4387-a6d1-2631a487f7e0,Ajdovščina,705
889e3719-7d29-4888-b690-5a1531d2930e,3429cda2-6047-453c-bf54-952dfa6674c0,a9796806-8cd3-4b76-bf8c-4340aec35c9e,Lutkovno gl.,3395
889e3719-7d29-4888-b690-5a1531d2930e,3429cda2-6047-453c-bf54-952dfa6674c0,bbe542ee-a3f6-43cf-b23a-077c28b7d19a,BTC-tržnica,1746
889e3719-7d29-4888-b690-5a1531d2930e,3429cda2-6047-453c-bf54-952dfa6674c0,8f56b058-1ae3-44f5-8600-4330f2264d78,Privoz,927
889e3719-7d29-4888-b690-5a1531d2930e,3429cda2-6047-453c-bf54-952dfa6674c0,cab36767-e95a-4f60-978e-92490f2517b2,Hrvatski trg,1050
889e3719-7d29-4888-b690-5a1531d2930e,3429cda2-6047-453c-bf54-952dfa6674c0,fef200e9-4d98-425b-ab14-8110e2aa85d7,Drama,440
889e3719-7d29-4888-b690-5a1531d2930e,3429cda2-6047-453c-bf54-952dfa6674c0,087e50b6-7677-4a85-802f-5694266fe38b,Aškerčeva,940
889e3719-7d29-4888-b690-5a1531d2930e,3429cda2-6047-453c-bf54-952dfa6674c0,ab4e1412-1ac4-4864-8833-c1ddf48bec20,Bratislavska,265
889e3719-7d29-4888-b690-5a1531d2930e,3429cda2-6047-453c-bf54-952dfa6674c0,fef200e9-4d98-425b-ab14-8110e2aa85d7,Drama,7
889e3719-7d29-4888-b690-5a1531d2930e,3429cda2-6047-453c-bf54-952dfa6674c0,48507e1a-32df-4552-9448-3b345760b75f,Cesta na Vevče,149
889e3719-7d29-4888-b690-5a1531d2930e,3429cda2-6047-453c-bf54-952dfa6674c0,639551cf-fe23-4363-8ccd-655bc5d4119e,Zmajski most,1120
889e3719-7d29-4888-b690-5a1531d2930e,3429cda2-6047-453c-bf54-952dfa6674c0,8c7fa045-888b-46d0-8189-6f82623bf481,Poljanska,10
889e3719-7d29-4888-b690-5a1531d2930e,3429cda2-6047-453c-bf54-952dfa6674c0,77dcd833-fa4d-4c5a-93b1-31284942e61d,Šišenska,191
889e3719-7d29-4888-b690-5a1531d2930e,3429cda2-6047-453c-bf54-952dfa6674c0,4062cd22-b67a-4235-9980-0178b7add592,Drama,1559
889e3719-7d29-4888-b690-5a1531d2930e,3429cda2-6047-453c-bf54-952dfa6674c0,16578e36-c682-4083-bd29-4973445dc0fe,Gosposvetska,697
889e3719-7d29-4888-b690-5a1531d2930e,3429cda2-6047-453c-bf54-952dfa6674c0,fef200e9-4d98-425b-ab14-8110e2aa85d7,Drama,67
889e3719-7d29-4888-b690-5a1531d2930e,3429cda2-6047-453c-bf54-952dfa6674c0,f2b27cbd-5207-4281-8f67-6369d0c50a9b,Kodrova,213
889e3719-7d29-4888-b690-5a1531d2930e,3429cda2-6047-453c-bf54-952dfa6674c0,a378ce5e-57ce-4c52-b219-568674b5cd5e,Gornji trg,835
889e3719-7d29-4888-b690-5a1531d2930e,3429cda2-6047-453c-bf54-952dfa6674c0,fef200e9-4d98-425b-ab14-8110e2aa85d7,Drama,799
889e3719-7d29-4888-b690-5a1531d2930e,3429cda2-6047-453c-bf54-952dfa6674c0,bea274aa-277a-403d-ab2f-a0342b28882e,Križanke,120
889e3719-7d29-4888-b690-5a1531d2930e,3429cda2-6047-453c-bf54-952dfa6674c0,7fa32ea0-e884-435a-a81c-51bbd5cedf3e,Zaloška,309
889e3719-7d29-4888-b690-5a1531d2930e,3429cda2-6047-453c-bf54-952dfa6674c0,fef200e9-4d98-425b-ab14-8110e2aa85d7,Drama,1663
889e3719-7d29-4888-b690-5a1531d2930e,3429cda2-6047-453c-bf54-952dfa6674c0,a12ab184-fb4b-449f-9884-88e0a1672e64,Tbilisijska,25
889e3719-7d29-4888-b690-5a1531d2930e,3429cda2-6047-453c-bf54-952dfa6674c0,6182f8e8-c45e-4606-b4a4-d909bd44d2cc,Gornji trg,41
889e3719-7d29-4888-b690-5a1531d2930e,3429cda2-6047-453c-bf54-952dfa6674c0,25ad5579-f6a0-4f35-a0c9-0678b41e9dde,Križanke,690
889e3719-7d29-4888-b690-5a1531d2930e,3429cda2-6047-453c-bf54-952dfa6674c0,fef200e9-4d98-425b-ab14-8110e2aa85d7,Drama,33
889e3719-7d29-4888-b690-5a1531d2930e,3429cda2-6047-453c-bf54-952dfa6674c0,94c6598b-7303-42e1-94d5-156d7a25f630,Gerbičeva,1114
889e3719-7d29-4888-b690-5a1531d2930e,3429cda2-6047-453c-bf54-952dfa6674c0,38b3abed-0592-407b-96c3-85a026f2e192,Dalmatinova,1251
889e3719-7d29-4888-b690-5a1531d2930e,3429cda2-6047-453c-bf54-952dfa6674c0,c87db9be-1fba-4102-a743-0ee4317dd5af,Bavarski dvor,266
889e3719-7d29-4888-b690-5a1531d2930e,3429cda2-6047-453c-bf54-952dfa6674c0,a719a87c-4e93-4387-a6d1-2631a487f7e0,Ajdovščina,1173
889e3719-7d29-4888-b690-5a1531d2930e,3429cda2-6047-453c-bf54-952dfa6674c0,b905ae6a-f1e1-4057-8923-481902ed5a8e,Konzorcij,2668
889e3719-7d29-4888-b690-5a1531d2930e,3429cda2-6047-453c-bf54-952dfa6674c0,8f56b058-1ae3-44f5-8600-4330f2264d78,Privoz,503
889e3719-7d29-4888-b690-5a1531d2930e,3429cda2-6047-453c-bf54-952dfa6674c0,fef200e9-4d98-425b-ab14-8110e2aa85d7,Drama,88
889e3719-7d29-4888-b690-5a1531d2930e,3429cda2-6047-453c-bf54-952dfa6674c0,fef200e9-4d98-425b-ab14-8110e2aa85d7,Drama,2454
889e3719-7d29-4888-b690-5a1531d2930e,3429cda2-6047-453c-bf54-952dfa6674c0,087e50b6-7677-4a85-802f-5694266fe38b,Aškerčeva,627
889e3719-7d29-4888-b690-5a1531d2930e,3429cda2-6047-453c-bf54-952dfa6674c0,639551cf-fe23-4363-8ccd-655bc5d4119e,Zmajski most,981
889e3719-7d29-4888-b690-5a1531d2930e,3429cda2-6047-453c-bf54-952dfa6674c0,9bb1ed3b-5a6f-43c7-afaf-ba2b60ca1a7a,Aškerčeva,1394
889e3719-7d29-4888-b690-5a1531d2930e,3429cda2-6047-453c-bf54-952dfa6674c0,d72032c7-d4b0-4eee-a87c-593985a42266,Tobačna,603
889e3719-7d29-4888-b690-5a1531d2930e,3429cda2-6047-453c-bf54-952dfa6674c0,f2920a77-6c6c-494d-96b7-2a8caf8f374f,Mirje,35
889e3719-7d29-4888-b690-5a1531d2930e,3429cda2-6047-453c-bf54-952dfa6674c0,4062cd22-b67a-4235-9980-0178b7add592,Drama,15
889e3719-7d29-4888-b690-5a1531d2930e,3429cda2-6047-453c-bf54-952dfa6674c0,d72032c7-d4b0-4eee-a87c-593985a42266,Tobačna,2728
889e3719-7d29-4888-b690-5a1531d2930e,3429cda2-6047-453c-bf54-952dfa6674c0,a719a87c-4e93-4387-a6d1-2631a487f7e0,Ajdovščina,997
889e3719-7d29-4888-b690-5a1531d2930e,3429cda2-6047-453c-bf54-952dfa6674c0,fef200e9-4d98-425b-ab14-8110e2aa85d7,Drama,878
889e3719-7d29-4888-b690-5a1531d2930e,3429cda2-6047-453c-bf54-952dfa6674c0,25ad5579-f6a0-4f35-a0c9-0678b41e9dde,Križanke,3568
889e3719-7d29-4888-b690-5a1531d2930e,3429cda2-6047-453c-bf54-952dfa6674c0,4062cd22-b67a-4235-9980-0178b7add592,Drama,62
889e3719-7d29-4888-b690-5a1531d2930e,3429cda2-6047-453c-bf54-952dfa6674c0,c87db9be-1fba-4102-a743-0ee4317dd5af,Bavarski dvor,312
889e3719-7d29-4888-b690-5a1531d2930e,3429cda2-6047-453c-bf54-952dfa6674c0,f528b363-1484-456c-835b-1e08dc31ef8e,Gornji Rudnik,1179
889e3719-7d29-4888-b690-5a1531d2930e,3429cda2-6047-453c-bf54-952dfa6674c0,4062cd22-b67a-4235-9980-0178b7add592,Drama,1046
889e3719-7d29-4888-b690-5a1531d2930e,3429cda2-6047-453c-bf54-952dfa6674c0,fef200e9-4d98-425b-ab14-8110e2aa85d7,Drama,175
889e3719-7d29-4888-b690-5a1531d2930e,3429cda2-6047-453c-bf54-952dfa6674c0,b905ae6a-f1e1-4057-8923-481902ed5a8e,Konzorcij,364
889e3719-7d29-4888-b690-5a1531d2930e,3429cda2-6047-453c-bf54-952dfa6674c0,4062cd22-b67a-4235-9980-0178b7add592,Drama,3743
889e3719-7d29-4888-b690-5a1531d2930e,3429cda2-6047-453c-bf54-952dfa6674c0,bea274aa-277a-403d-ab2f-a0342b28882e,Križanke,621
889e3719-7d29-4888-b690-5a1531d2930e,3429cda2-6047-453c-bf54-952dfa6674c0,c5ec5e81-2ce4-452d-bd7a-595de4f8b34f,Prušnikova,327
889e3719-7d29-4888-b690-5a1531d2930e,3429cda2-6047-453c-bf54-952dfa6674c0,62d0c5a7-1692-43ef-b6e2-31f514362629,Škofljica žaga,291
889e3719-7d29-4888-b690-5a1531d2930e,3429cda2-6047-453c-bf54-952dfa6674c0,5c9baa4c-9ee0-4263-be22-72f5a73c714d,Škofljica Petkovšek,1059
889e3719-7d29-4888-b690-5a1531d2930e,3429cda2-6047-453c-bf54-952dfa6674c0,ecc4ae87-ae08-4b94-995c-452fdd94df7f,Privoz,2978
889e3719-7d29-4888-b690-5a1531d2930e,3429cda2-6047-453c-bf54-952dfa6674c0,21764d19-62cc-49fd-bac9-403aeac6a6b9,Ježica,282
889e3719-7d29-4888-b690-5a1531d2930e,3429cda2-6047-453c-bf54-952dfa6674c0,36d25599-0bed-48a0-bcb4-134be8a959fe,Emona,544
889e3719-7d29-4888-b690-5a1531d2930e,3429cda2-6047-453c-bf54-952dfa6674c0,a378ce5e-57ce-4c52-b219-568674b5cd5e,Gornji trg,18
889e3719-7d29-4888-b690-5a1531d2930e,3429cda2-6047-453c-bf54-952dfa6674c0,b905ae6a-f1e1-4057-8923-481902ed5a8e,Konzorcij,546
889e3719-7d29-4888-b690-5a1531d2930e,3429cda2-6047-453c-bf54-952dfa6674c0,16578e36-c682-4083-bd29-4973445dc0fe,Gosposvetska,1527
889e3719-7d29-4888-b690-5a1531d2930e,3429cda2-6047-453c-bf54-952dfa6674c0,a0e0a21b-b8ce-4d76-bbc2-04e179367fee,Šola Jarše,220
889e3719-7d29-4888-b690-5a1531d2930e,3429cda2-6047-453c-bf54-952dfa6674c0,fef200e9-4d98-425b-ab14-8110e2aa85d7,Drama,1226
889e3719-7d29-4888-b690-5a1531d2930e,3429cda2-6047-453c-bf54-952dfa6674c0,a378ce5e-57ce-4c52-b219-568674b5cd5e,Gornji trg,2015
889e3719-7d29-4888-b690-5a1531d2930e,3429cda2-6047-453c-bf54-952dfa6674c0,8fbf17ab-413b-442c-9c6a-0eb8873a4755,Kovinarska,765
889e3719-7d29-4888-b690-5a1531d2930e,3429cda2-6047-453c-bf54-952dfa6674c0,9bb1ed3b-5a6f-43c7-afaf-ba2b60ca1a7a,Aškerčeva,106
889e3719-7d29-4888-b690-5a1531d2930e,3429cda2-6047-453c-bf54-952dfa6674c0,fef200e9-4d98-425b-ab14-8110e2aa85d7,Drama,6
889e3719-7d29-4888-b690-5a1531d2930e,3429cda2-6047-453c-bf54-952dfa6674c0,ac3afe7d-a2b3-4d5d-9e6a-1d2412a3bc70,Litostrojska,1693
889e3719-7d29-4888-b690-5a1531d2930e,3429cda2-6047-453c-bf54-952dfa6674c0,b905ae6a-f1e1-4057-8923-481902ed5a8e,Konzorcij,316
889e3719-7d29-4888-b690-5a1531d2930e,3429cda2-6047-453c-bf54-952dfa6674c0,b905ae6a-f1e1-4057-8923-481902ed5a8e,Konzorcij,250
889e3719-7d29-4888-b690-5a1531d2930e,3429cda2-6047-453c-bf54-952dfa6674c0,d72032c7-d4b0-4eee-a87c-593985a42266,Tobačna,234
889e3719-7d29-4888-b690-5a1531d2930e,3429cda2-6047-453c-bf54-952dfa6674c0,fef200e9-4d98-425b-ab14-8110e2aa85d7,Drama,181
889e3719-7d29-4888-b690-5a1531d2930e,3429cda2-6047-453c-bf54-952dfa6674c0,fef200e9-4d98-425b-ab14-8110e2aa85d7,Drama,823
889e3719-7d29-4888-b690-5a1531d2930e,3429cda2-6047-453c-bf54-952dfa6674c0,a719a87c-4e93-4387-a6d1-2631a487f7e0,Ajdovščina,65
889e3719-7d29-4888-b690-5a1531d2930e,3429cda2-6047-453c-bf54-952dfa6674c0,712ee105-4fab-498a-af5c-496ca9830f5f,Viadukt,240
889e3719-7d29-4888-b690-5a1531d2930e,3429cda2-6047-453c-bf54-952dfa6674c0,b905ae6a-f1e1-4057-8923-481902ed5a8e,Konzorcij,160
889e3719-7d29-4888-b690-5a1531d2930e,3429cda2-6047-453c-bf54-952dfa6674c0,25cde952-4896-4977-b229-75e09b3e3661,Chengdujska,532
889e3719-7d29-4888-b690-5a1531d2930e,3429cda2-6047-453c-bf54-952dfa6674c0,105e10e7-fbab-4f99-94c9-178c25630b42,Brodarjev trg,134
889e3719-7d29-4888-b690-5a1531d2930e,3429cda2-6047-453c-bf54-952dfa6674c0,a719a87c-4e93-4387-a6d1-2631a487f7e0,Ajdovščina,18
889e3719-7d29-4888-b690-5a1531d2930e,3429cda2-6047-453c-bf54-952dfa6674c0,b905ae6a-f1e1-4057-8923-481902ed5a8e,Konzorcij,84
889e3719-7d29-4888-b690-5a1531d2930e,3429cda2-6047-453c-bf54-952dfa6674c0,e786b2df-34ed-4246-832e-7c3d538ac1f4,Kranjčeva,396
889e3719-7d29-4888-b690-5a1531d2930e,3429cda2-6047-453c-bf54-952dfa6674c0,38b3abed-0592-407b-96c3-85a026f2e192,Dalmatinova,103
889e3719-7d29-4888-b690-5a1531d2930e,3429cda2-6047-453c-bf54-952dfa6674c0,339ec74c-f45b-4f23-98b8-7ac67486ff6d,Krimska,84
889e3719-7d29-4888-b690-5a1531d2930e,3429cda2-6047-453c-bf54-952dfa6674c0,fef200e9-4d98-425b-ab14-8110e2aa85d7,Drama,613
889e3719-7d29-4888-b690-5a1531d2930e,3429cda2-6047-453c-bf54-952dfa6674c0,4062cd22-b67a-4235-9980-0178b7add592,Drama,2036
889e3719-7d29-4888-b690-5a1531d2930e,3429cda2-6047-453c-bf54-952dfa6674c0,c87db9be-1fba-4102-a743-0ee4317dd5af,Bavarski dvor,2191
889e3719-7d29-4888-b690-5a1531d2930e,3429cda2-6047-453c-bf54-952dfa6674c0,48b163cd-b819-4849-aee1-8b1da77657ab,Šentvid,2399
889e3719-7d29-4888-b690-5a1531d2930e,3429cda2-6047-453c-bf54-952dfa6674c0,4062cd22-b67a-4235-9980-0178b7add592,Drama,73
889e3719-7d29-4888-b690-5a1531d2930e,3429cda2-6047-453c-bf54-952dfa6674c0,fac22b83-1bc0-4c12-8533-485b115409ef,Bolnica,33
889e3719-7d29-4888-b690-5a1531d2930e,3429cda2-6047-453c-bf54-952dfa6674c0,fef200e9-4d98-425b-ab14-8110e2aa85d7,Drama,252
889e3719-7d29-4888-b690-5a1531d2930e,3429cda2-6047-453c-bf54-952dfa6674c0,9bb1ed3b-5a6f-43c7-afaf-ba2b60ca1a7a,Aškerčeva,2794
889e3719-7d29-4888-b690-5a1531d2930e,3429cda2-6047-453c-bf54-952dfa6674c0,8eeea585-6168-45b8-a5d4-336e61826043,Zapuže,84
889e3719-7d29-4888-b690-5a1531d2930e,3429cda2-6047-453c-bf54-952dfa6674c0,2bf898b0-1247-4e84-87e2-2e044e580c8f,Tovorni kolodvor,482
889e3719-7d29-4888-b690-5a1531d2930e,3429cda2-6047-453c-bf54-952dfa6674c0,16578e36-c682-4083-bd29-4973445dc0fe,Gosposvetska,542
889e3719-7d29-4888-b690-5a1531d2930e,3429cda2-6047-453c-bf54-952dfa6674c0,a719a87c-4e93-4387-a6d1-2631a487f7e0,Ajdovščina,1016
889e3719-7d29-4888-b690-5a1531d2930e,3429cda2-6047-453c-bf54-952dfa6674c0,c87db9be-1fba-4102-a743-0ee4317dd5af,Bavarski dvor,1257
889e3719-7d29-4888-b690-5a1531d2930e,3429cda2-6047-453c-bf54-952dfa6674c0,4062cd22-b67a-4235-9980-0178b7add592,Drama,740
889e3719-7d29-4888-b690-5a1531d2930e,3429cda2-6047-453c-bf54-952dfa6674c0,c1606675-dd38-4952-914b-6ca64fd56b7b,Rudnik,371
889e3719-7d29-4888-b690-5a1531d2930e,3429cda2-6047-453c-bf54-952dfa6674c0,023d7b7a-b411-4e61-8746-b07f9e5c8f90,Ambrožev trg,1178
889e3719-7d29-4888-b690-5a1531d2930e,3429cda2-6047-453c-bf54-952dfa6674c0,6c56976b-4ae1-429f-bcab-0cfc37e3580d,Zgornji log,71
889e3719-7d29-4888-b690-5a1531d2930e,3429cda2-6047-453c-bf54-952dfa6674c0,fef200e9-4d98-425b-ab14-8110e2aa85d7,Drama,463
889e3719-7d29-4888-b690-5a1531d2930e,3429cda2-6047-453c-bf54-952dfa6674c0,484b5c91-1220-43ba-af79-84e712fcc46b,Slovenija avto,1056
889e3719-7d29-4888-b690-5a1531d2930e,3429cda2-6047-453c-bf54-952dfa6674c0,6182f8e8-c45e-4606-b4a4-d909bd44d2cc,Gornji trg,411
889e3719-7d29-4888-b690-5a1531d2930e,3429cda2-6047-453c-bf54-952dfa6674c0,fef200e9-4d98-425b-ab14-8110e2aa85d7,Drama,6
889e3719-7d29-4888-b690-5a1531d2930e,3429cda2-6047-453c-bf54-952dfa6674c0,4062cd22-b67a-4235-9980-0178b7add592,Drama,1142
889e3719-7d29-4888-b690-5a1531d2930e,3429cda2-6047-453c-bf54-952dfa6674c0,b905ae6a-f1e1-4057-8923-481902ed5a8e,Konzorcij,1317
889e3719-7d29-4888-b690-5a1531d2930e,3429cda2-6047-453c-bf54-952dfa6674c0,a719a87c-4e93-4387-a6d1-2631a487f7e0,Ajdovščina,772
889e3719-7d29-4888-b690-5a1531d2930e,3429cda2-6047-453c-bf54-952dfa6674c0,aa42017d-812a-4175-bc9b-0fec03b18931,Ambrožev trg,1789
889e3719-7d29-4888-b690-5a1531d2930e,3429cda2-6047-453c-bf54-952dfa6674c0,4062cd22-b67a-4235-9980-0178b7add592,Drama,1630
889e3719-7d29-4888-b690-5a1531d2930e,3429cda2-6047-453c-bf54-952dfa6674c0,fef200e9-4d98-425b-ab14-8110e2aa85d7,Drama,836
889e3719-7d29-4888-b690-5a1531d2930e,3429cda2-6047-453c-bf54-952dfa6674c0,2838f674-f6e9-4eb5-a99c-1d0ac7903ca1,NOVE JARŠE,2454
889e3719-7d29-4888-b690-5a1531d2930e,3429cda2-6047-453c-bf54-952dfa6674c0,a719a87c-4e93-4387-a6d1-2631a487f7e0,Ajdovščina,1587
889e3719-7d29-4888-b690-5a1531d2930e,3429cda2-6047-453c-bf54-952dfa6674c0,71480129-1108-4659-bb1b-d62897a81d02,Polje-kolodvor,135
889e3719-7d29-4888-b690-5a1531d2930e,3429cda2-6047-453c-bf54-952dfa6674c0,1907a46a-4559-43ec-8363-03fe35d30725,Rudnik,180
889e3719-7d29-4888-b690-5a1531d2930e,3429cda2-6047-453c-bf54-952dfa6674c0,95eee7e8-237d-4410-a9bf-00c6f88129c1,Cukrarna,237
889e3719-7d29-4888-b690-5a1531d2930e,3429cda2-6047-453c-bf54-952dfa6674c0,fef200e9-4d98-425b-ab14-8110e2aa85d7,Drama,299
889e3719-7d29-4888-b690-5a1531d2930e,3429cda2-6047-453c-bf54-952dfa6674c0,fb0042f8-d9e2-4916-b60a-38a026acf0c9,Leskoškova,502
889e3719-7d29-4888-b690-5a1531d2930e,3429cda2-6047-453c-bf54-952dfa6674c0,6efecef0-52ba-4a47-9991-9bab5ce31340,Ajdovščina,21
889e3719-7d29-4888-b690-5a1531d2930e,3429cda2-6047-453c-bf54-952dfa6674c0,fef200e9-4d98-425b-ab14-8110e2aa85d7,Drama,3223
889e3719-7d29-4888-b690-5a1531d2930e,3429cda2-6047-453c-bf54-952dfa6674c0,fef200e9-4d98-425b-ab14-8110e2aa85d7,Drama,1329
889e3719-7d29-4888-b690-5a1531d2930e,3429cda2-6047-453c-bf54-952dfa6674c0,77dcd833-fa4d-4c5a-93b1-31284942e61d,Šišenska,1085
889e3719-7d29-4888-b690-5a1531d2930e,3429cda2-6047-453c-bf54-952dfa6674c0,a2ce7e6f-0f99-443a-a973-81a0b9c60261,Astra,726
889e3719-7d29-4888-b690-5a1531d2930e,3429cda2-6047-453c-bf54-952dfa6674c0,fcccf4af-4f16-4edc-ba5a-585c434593fe,ZD Polje,106
889e3719-7d29-4888-b690-5a1531d2930e,3429cda2-6047-453c-bf54-952dfa6674c0,95eee7e8-237d-4410-a9bf-00c6f88129c1,Cukrarna,1195
889e3719-7d29-4888-b690-5a1531d2930e,3429cda2-6047-453c-bf54-952dfa6674c0,b905ae6a-f1e1-4057-8923-481902ed5a8e,Konzorcij,113
889e3719-7d29-4888-b690-5a1531d2930e,3429cda2-6047-453c-bf54-952dfa6674c0,4bd4913f-8597-4ea0-b219-4e9b15dcbb62,Jarše,300
889e3719-7d29-4888-b690-5a1531d2930e,3429cda2-6047-453c-bf54-952dfa6674c0,16578e36-c682-4083-bd29-4973445dc0fe,Gosposvetska,80
889e3719-7d29-4888-b690-5a1531d2930e,3429cda2-6047-453c-bf54-952dfa6674c0,a719a87c-4e93-4387-a6d1-2631a487f7e0,Ajdovščina,497
889e3719-7d29-4888-b690-5a1531d2930e,3429cda2-6047-453c-bf54-952dfa6674c0,58cd6196-8ac4-4803-be8b-1c0d2fb52528,Kašeljska,408
889e3719-7d29-4888-b690-5a1531d2930e,3429cda2-6047-453c-bf54-952dfa6674c0,79325942-629a-4766-a34a-525f8edf8cc5,Podgora,256
889e3719-7d29-4888-b690-5a1531d2930e,3429cda2-6047-453c-bf54-952dfa6674c0,fef200e9-4d98-425b-ab14-8110e2aa85d7,Drama,375
889e3719-7d29-4888-b690-5a1531d2930e,3429cda2-6047-453c-bf54-952dfa6674c0,2b223d0c-f8ec-4970-815c-bfe26c3ffc09,Na klancu,512
889e3719-7d29-4888-b690-5a1531d2930e,3429cda2-6047-453c-bf54-952dfa6674c0,a719a87c-4e93-4387-a6d1-2631a487f7e0,Ajdovščina,302
889e3719-7d29-4888-b690-5a1531d2930e,3429cda2-6047-453c-bf54-952dfa6674c0,9b85d4b0-c594-4e0e-9ce2-d0986256c270,Tavčarjeva,761
889e3719-7d29-4888-b690-5a1531d2930e,3429cda2-6047-453c-bf54-952dfa6674c0,c87db9be-1fba-4102-a743-0ee4317dd5af,Bavarski dvor,298
889e3719-7d29-4888-b690-5a1531d2930e,3429cda2-6047-453c-bf54-952dfa6674c0,295616c0-387b-4f60-a337-7743cd6be04e,Bavarski dvor,1747
889e3719-7d29-4888-b690-5a1531d2930e,3429cda2-6047-453c-bf54-952dfa6674c0,9a938b49-ce1d-4e1c-a789-e316630ebc4f,Poliklinika,283
889e3719-7d29-4888-b690-5a1531d2930e,3429cda2-6047-453c-bf54-952dfa6674c0,fb7704f0-d31e-4561-83e4-621a8c62654b,Kosmačeva,2065
889e3719-7d29-4888-b690-5a1531d2930e,3429cda2-6047-453c-bf54-952dfa6674c0,b905ae6a-f1e1-4057-8923-481902ed5a8e,Konzorcij,46
889e3719-7d29-4888-b690-5a1531d2930e,3429cda2-6047-453c-bf54-952dfa6674c0,22ef2062-46f0-4a46-8d9a-6ceb7b7f45bc,Ilirska,1226
889e3719-7d29-4888-b690-5a1531d2930e,3429cda2-6047-453c-bf54-952dfa6674c0,4062cd22-b67a-4235-9980-0178b7add592,Drama,125
889e3719-7d29-4888-b690-5a1531d2930e,3429cda2-6047-453c-bf54-952dfa6674c0,6182f8e8-c45e-4606-b4a4-d909bd44d2cc,Gornji trg,153
889e3719-7d29-4888-b690-5a1531d2930e,3429cda2-6047-453c-bf54-952dfa6674c0,ad966374-a37d-443a-9a3e-ec85ca28231f,Pod Rožnikom,554
889e3719-7d29-4888-b690-5a1531d2930e,3429cda2-6047-453c-bf54-952dfa6674c0,fef200e9-4d98-425b-ab14-8110e2aa85d7,Drama,288
889e3719-7d29-4888-b690-5a1531d2930e,3429cda2-6047-453c-bf54-952dfa6674c0,f4cfd904-bd11-4247-95df-32c4555a930f,Klinični center,241
889e3719-7d29-4888-b690-5a1531d2930e,3429cda2-6047-453c-bf54-952dfa6674c0,8f56b058-1ae3-44f5-8600-4330f2264d78,Privoz,1126
889e3719-7d29-4888-b690-5a1531d2930e,3429cda2-6047-453c-bf54-952dfa6674c0,087e50b6-7677-4a85-802f-5694266fe38b,Aškerčeva,133
889e3719-7d29-4888-b690-5a1531d2930e,3429cda2-6047-453c-bf54-952dfa6674c0,4062cd22-b67a-4235-9980-0178b7add592,Drama,708
889e3719-7d29-4888-b690-5a1531d2930e,3429cda2-6047-453c-bf54-952dfa6674c0,b829062a-2644-4350-b998-74522d9e85d8,Lutkovno gl.,11
889e3719-7d29-4888-b690-5a1531d2930e,3429cda2-6047-453c-bf54-952dfa6674c0,3429cda2-6047-453c-bf54-952dfa6674c0,Klinični center,554
889e3719-7d29-4888-b690-5a1531d2930e,3429cda2-6047-453c-bf54-952dfa6674c0,e66e813a-722d-40f8-9ee9-1470d07bc200,Tobačna,1111
889e3719-7d29-4888-b690-5a1531d2930e,3429cda2-6047-453c-bf54-952dfa6674c0,5f2b93f1-7933-45ed-915c-4488ab8d81b7,Ižanska,640
889e3719-7d29-4888-b690-5a1531d2930e,3429cda2-6047-453c-bf54-952dfa6674c0,c87db9be-1fba-4102-a743-0ee4317dd5af,Bavarski dvor,1494
889e3719-7d29-4888-b690-5a1531d2930e,3429cda2-6047-453c-bf54-952dfa6674c0,9a938b49-ce1d-4e1c-a789-e316630ebc4f,Poliklinika,2170
889e3719-7d29-4888-b690-5a1531d2930e,3429cda2-6047-453c-bf54-952dfa6674c0,eead721b-8996-4e73-a2f9-02dba20df4fa,Ilirska,1895
889e3719-7d29-4888-b690-5a1531d2930e,3429cda2-6047-453c-bf54-952dfa6674c0,484b5c91-1220-43ba-af79-84e712fcc46b,Slovenija avto,882
889e3719-7d29-4888-b690-5a1531d2930e,3429cda2-6047-453c-bf54-952dfa6674c0,4062cd22-b67a-4235-9980-0178b7add592,Drama,1699
889e3719-7d29-4888-b690-5a1531d2930e,3429cda2-6047-453c-bf54-952dfa6674c0,a378ce5e-57ce-4c52-b219-568674b5cd5e,Gornji trg,1781
889e3719-7d29-4888-b690-5a1531d2930e,3429cda2-6047-453c-bf54-952dfa6674c0,f2b27cbd-5207-4281-8f67-6369d0c50a9b,Kodrova,760
889e3719-7d29-4888-b690-5a1531d2930e,3429cda2-6047-453c-bf54-952dfa6674c0,c8e0086c-0cef-4375-a471-72f3ae1e34fc,Strelišče,358
889e3719-7d29-4888-b690-5a1531d2930e,3429cda2-6047-453c-bf54-952dfa6674c0,a0e0a21b-b8ce-4d76-bbc2-04e179367fee,Šola Jarše,1654
889e3719-7d29-4888-b690-5a1531d2930e,3429cda2-6047-453c-bf54-952dfa6674c0,25ad5579-f6a0-4f35-a0c9-0678b41e9dde,Križanke,295
889e3719-7d29-4888-b690-5a1531d2930e,3429cda2-6047-453c-bf54-952dfa6674c0,38b3abed-0592-407b-96c3-85a026f2e192,Dalmatinova,242
889e3719-7d29-4888-b690-5a1531d2930e,3429cda2-6047-453c-bf54-952dfa6674c0,bea274aa-277a-403d-ab2f-a0342b28882e,Križanke,288
889e3719-7d29-4888-b690-5a1531d2930e,3429cda2-6047-453c-bf54-952dfa6674c0,1b3ddeca-a066-43ee-9ae5-8339628129c2,Žale,58
889e3719-7d29-4888-b690-5a1531d2930e,3429cda2-6047-453c-bf54-952dfa6674c0,4062cd22-b67a-4235-9980-0178b7add592,Drama,9
889e3719-7d29-4888-b690-5a1531d2930e,3429cda2-6047-453c-bf54-952dfa6674c0,0bb103e4-c4a6-4c4c-a13d-217ab4e6dfd3,Cesta na Vevče,404
889e3719-7d29-4888-b690-5a1531d2930e,3429cda2-6047-453c-bf54-952dfa6674c0,ef31a8be-b01d-44cd-95cf-3db8e918af26,Emona,1133
889e3719-7d29-4888-b690-5a1531d2930e,3429cda2-6047-453c-bf54-952dfa6674c0,5d7f28a6-2a2a-4333-aa06-48edfb652f86,Pošta,113
889e3719-7d29-4888-b690-5a1531d2930e,3429cda2-6047-453c-bf54-952dfa6674c0,5d7f28a6-2a2a-4333-aa06-48edfb652f86,Pošta,1754
889e3719-7d29-4888-b690-5a1531d2930e,3429cda2-6047-453c-bf54-952dfa6674c0,fef200e9-4d98-425b-ab14-8110e2aa85d7,Drama,1214
889e3719-7d29-4888-b690-5a1531d2930e,3429cda2-6047-453c-bf54-952dfa6674c0,f14a6236-8af2-47bf-9270-432377662a63,Viadukt,95
889e3719-7d29-4888-b690-5a1531d2930e,3429cda2-6047-453c-bf54-952dfa6674c0,fef200e9-4d98-425b-ab14-8110e2aa85d7,Drama,27
889e3719-7d29-4888-b690-5a1531d2930e,3429cda2-6047-453c-bf54-952dfa6674c0,26d86ffa-b8df-49aa-a9c0-5fa7d3cfba77,Draveljska gmajna,601
889e3719-7d29-4888-b690-5a1531d2930e,3429cda2-6047-453c-bf54-952dfa6674c0,bea274aa-277a-403d-ab2f-a0342b28882e,Križanke,410
889e3719-7d29-4888-b690-5a1531d2930e,3429cda2-6047-453c-bf54-952dfa6674c0,fef200e9-4d98-425b-ab14-8110e2aa85d7,Drama,381
889e3719-7d29-4888-b690-5a1531d2930e,3429cda2-6047-453c-bf54-952dfa6674c0,d72032c7-d4b0-4eee-a87c-593985a42266,Tobačna,116
889e3719-7d29-4888-b690-5a1531d2930e,3429cda2-6047-453c-bf54-952dfa6674c0,4062cd22-b67a-4235-9980-0178b7add592,Drama,1243
889e3719-7d29-4888-b690-5a1531d2930e,3429cda2-6047-453c-bf54-952dfa6674c0,5d7f28a6-2a2a-4333-aa06-48edfb652f86,Pošta,73
889e3719-7d29-4888-b690-5a1531d2930e,3429cda2-6047-453c-bf54-952dfa6674c0,bea274aa-277a-403d-ab2f-a0342b28882e,Križanke,464
889e3719-7d29-4888-b690-5a1531d2930e,3429cda2-6047-453c-bf54-952dfa6674c0,3429cda2-6047-453c-bf54-952dfa6674c0,Klinični center,53
889e3719-7d29-4888-b690-5a1531d2930e,3429cda2-6047-453c-bf54-952dfa6674c0,6182f8e8-c45e-4606-b4a4-d909bd44d2cc,Gornji trg,90
889e3719-7d29-4888-b690-5a1531d2930e,3429cda2-6047-453c-bf54-952dfa6674c0,c124f317-217b-4b89-9597-393843de4f81,Nusdorferjeva,835
889e3719-7d29-4888-b690-5a1531d2930e,3429cda2-6047-453c-bf54-952dfa6674c0,1c0ae078-cca7-40c8-aeda-1187a12ddfee,Remiza,663
889e3719-7d29-4888-b690-5a1531d2930e,3429cda2-6047-453c-bf54-952dfa6674c0,fef200e9-4d98-425b-ab14-8110e2aa85d7,Drama,588
889e3719-7d29-4888-b690-5a1531d2930e,3429cda2-6047-453c-bf54-952dfa6674c0,bea274aa-277a-403d-ab2f-a0342b28882e,Križanke,1098
889e3719-7d29-4888-b690-5a1531d2930e,3429cda2-6047-453c-bf54-952dfa6674c0,fef200e9-4d98-425b-ab14-8110e2aa85d7,Drama,270
889e3719-7d29-4888-b690-5a1531d2930e,3429cda2-6047-453c-bf54-952dfa6674c0,4062cd22-b67a-4235-9980-0178b7add592,Drama,66
889e3719-7d29-4888-b690-5a1531d2930e,3429cda2-6047-453c-bf54-952dfa6674c0,f33b721f-a8a3-4aad-96f2-077da09ebaa6,Razstavišče,1793
889e3719-7d29-4888-b690-5a1531d2930e,3429cda2-6047-453c-bf54-952dfa6674c0,9b0074d2-2c92-4c01-830b-00be8e05b412,Cukrarna,1885
889e3719-7d29-4888-b690-5a1531d2930e,3429cda2-6047-453c-bf54-952dfa6674c0,4062cd22-b67a-4235-9980-0178b7add592,Drama,79
889e3719-7d29-4888-b690-5a1531d2930e,3429cda2-6047-453c-bf54-952dfa6674c0,5d7f28a6-2a2a-4333-aa06-48edfb652f86,Pošta,153
889e3719-7d29-4888-b690-5a1531d2930e,3429cda2-6047-453c-bf54-952dfa6674c0,4062cd22-b67a-4235-9980-0178b7add592,Drama,30
889e3719-7d29-4888-b690-5a1531d2930e,3429cda2-6047-453c-bf54-952dfa6674c0,b905ae6a-f1e1-4057-8923-481902ed5a8e,Konzorcij,1514
889e3719-7d29-4888-b690-5a1531d2930e,3429cda2-6047-453c-bf54-952dfa6674c0,cab36767-e95a-4f60-978e-92490f2517b2,Hrvatski trg,270
889e3719-7d29-4888-b690-5a1531d2930e,3429cda2-6047-453c-bf54-952dfa6674c0,5ddf10c0-90a5-4dbf-992c-23c0505674aa,Podgora,2171
889e3719-7d29-4888-b690-5a1531d2930e,3429cda2-6047-453c-bf54-952dfa6674c0,484b5c91-1220-43ba-af79-84e712fcc46b,Slovenija avto,512
889e3719-7d29-4888-b690-5a1531d2930e,3429cda2-6047-453c-bf54-952dfa6674c0,a719a87c-4e93-4387-a6d1-2631a487f7e0,Ajdovščina,517
889e3719-7d29-4888-b690-5a1531d2930e,3429cda2-6047-453c-bf54-952dfa6674c0,25ad5579-f6a0-4f35-a0c9-0678b41e9dde,Križanke,24
889e3719-7d29-4888-b690-5a1531d2930e,3429cda2-6047-453c-bf54-952dfa6674c0,25ad5579-f6a0-4f35-a0c9-0678b41e9dde,Križanke,148
889e3719-7d29-4888-b690-5a1531d2930e,3429cda2-6047-453c-bf54-952dfa6674c0,bea274aa-277a-403d-ab2f-a0342b28882e,Križanke,615
889e3719-7d29-4888-b690-5a1531d2930e,3429cda2-6047-453c-bf54-952dfa6674c0,c0fb12dd-8cab-40da-a3aa-e8de9c6d09ed,Rusjanov trg,1049
889e3719-7d29-4888-b690-5a1531d2930e,3429cda2-6047-453c-bf54-952dfa6674c0,16578e36-c682-4083-bd29-4973445dc0fe,Gosposvetska,3605
889e3719-7d29-4888-b690-5a1531d2930e,3429cda2-6047-453c-bf54-952dfa6674c0,a719a87c-4e93-4387-a6d1-2631a487f7e0,Ajdovščina,1453
889e3719-7d29-4888-b690-5a1531d2930e,3429cda2-6047-453c-bf54-952dfa6674c0,4062cd22-b67a-4235-9980-0178b7add592,Drama,1384
889e3719-7d29-4888-b690-5a1531d2930e,3429cda2-6047-453c-bf54-952dfa6674c0,7bcbdcaa-00b9-47d4-8982-09da26cd7bcb,Zaloška,74
889e3719-7d29-4888-b690-5a1531d2930e,3429cda2-6047-453c-bf54-952dfa6674c0,25cde952-4896-4977-b229-75e09b3e3661,Chengdujska,772
889e3719-7d29-4888-b690-5a1531d2930e,3429cda2-6047-453c-bf54-952dfa6674c0,a719a87c-4e93-4387-a6d1-2631a487f7e0,Ajdovščina,451
889e3719-7d29-4888-b690-5a1531d2930e,3429cda2-6047-453c-bf54-952dfa6674c0,d123fde4-aa91-49c3-83df-5ebf12af4e59,Oval,954
889e3719-7d29-4888-b690-5a1531d2930e,3429cda2-6047-453c-bf54-952dfa6674c0,4062cd22-b67a-4235-9980-0178b7add592,Drama,246
889e3719-7d29-4888-b690-5a1531d2930e,3429cda2-6047-453c-bf54-952dfa6674c0,fef200e9-4d98-425b-ab14-8110e2aa85d7,Drama,657
889e3719-7d29-4888-b690-5a1531d2930e,3429cda2-6047-453c-bf54-952dfa6674c0,f4cfd904-bd11-4247-95df-32c4555a930f,Klinični center,60
889e3719-7d29-4888-b690-5a1531d2930e,3429cda2-6047-453c-bf54-952dfa6674c0,9a480b5e-0283-4130-a5e2-9d5e996caa4f,Litostrojska,189
889e3719-7d29-4888-b690-5a1531d2930e,3429cda2-6047-453c-bf54-952dfa6674c0,5d7f28a6-2a2a-4333-aa06-48edfb652f86,Pošta,69
889e3719-7d29-4888-b690-5a1531d2930e,3429cda2-6047-453c-bf54-952dfa6674c0,fef200e9-4d98-425b-ab14-8110e2aa85d7,Drama,1829
889e3719-7d29-4888-b690-5a1531d2930e,3429cda2-6047-453c-bf54-952dfa6674c0,b905ae6a-f1e1-4057-8923-481902ed5a8e,Konzorcij,93
889e3719-7d29-4888-b690-5a1531d2930e,3429cda2-6047-453c-bf54-952dfa6674c0,2d6504e9-c938-417e-9b55-32d6514bc744,Kristalna palača,1082
889e3719-7d29-4888-b690-5a1531d2930e,3429cda2-6047-453c-bf54-952dfa6674c0,d72032c7-d4b0-4eee-a87c-593985a42266,Tobačna,444
889e3719-7d29-4888-b690-5a1531d2930e,3429cda2-6047-453c-bf54-952dfa6674c0,16578e36-c682-4083-bd29-4973445dc0fe,Gosposvetska,1181
889e3719-7d29-4888-b690-5a1531d2930e,3429cda2-6047-453c-bf54-952dfa6674c0,b905ae6a-f1e1-4057-8923-481902ed5a8e,Konzorcij,470
889e3719-7d29-4888-b690-5a1531d2930e,3429cda2-6047-453c-bf54-952dfa6674c0,77dcd833-fa4d-4c5a-93b1-31284942e61d,Šišenska,1023
889e3719-7d29-4888-b690-5a1531d2930e,3429cda2-6047-453c-bf54-952dfa6674c0,087e50b6-7677-4a85-802f-5694266fe38b,Aškerčeva,113
889e3719-7d29-4888-b690-5a1531d2930e,3429cda2-6047-453c-bf54-952dfa6674c0,e66e813a-722d-40f8-9ee9-1470d07bc200,Tobačna,900
889e3719-7d29-4888-b690-5a1531d2930e,3429cda2-6047-453c-bf54-952dfa6674c0,9bb1ed3b-5a6f-43c7-afaf-ba2b60ca1a7a,Aškerčeva,17
889e3719-7d29-4888-b690-5a1531d2930e,3429cda2-6047-453c-bf54-952dfa6674c0,4062cd22-b67a-4235-9980-0178b7add592,Drama,132
889e3719-7d29-4888-b690-5a1531d2930e,3429cda2-6047-453c-bf54-952dfa6674c0,fef200e9-4d98-425b-ab14-8110e2aa85d7,Drama,97
889e3719-7d29-4888-b690-5a1531d2930e,3429cda2-6047-453c-bf54-952dfa6674c0,5d7f28a6-2a2a-4333-aa06-48edfb652f86,Pošta,1424
889e3719-7d29-4888-b690-5a1531d2930e,3429cda2-6047-453c-bf54-952dfa6674c0,fef200e9-4d98-425b-ab14-8110e2aa85d7,Drama,1011
889e3719-7d29-4888-b690-5a1531d2930e,3429cda2-6047-453c-bf54-952dfa6674c0,a719a87c-4e93-4387-a6d1-2631a487f7e0,Ajdovščina,523
889e3719-7d29-4888-b690-5a1531d2930e,3429cda2-6047-453c-bf54-952dfa6674c0,9cd1e7f8-8ccf-4469-bc25-25d138605c67,Akademija,164
889e3719-7d29-4888-b690-5a1531d2930e,3429cda2-6047-453c-bf54-952dfa6674c0,1ce1c3a8-e0f6-4f90-b1aa-1448759d8b3c,Astra,183
889e3719-7d29-4888-b690-5a1531d2930e,3429cda2-6047-453c-bf54-952dfa6674c0,fef200e9-4d98-425b-ab14-8110e2aa85d7,Drama,3009
889e3719-7d29-4888-b690-5a1531d2930e,3429cda2-6047-453c-bf54-952dfa6674c0,8a224b7d-24ae-4c7b-8318-f66ac8cc078b,Zakrajškova,1113
889e3719-7d29-4888-b690-5a1531d2930e,3429cda2-6047-453c-bf54-952dfa6674c0,fef200e9-4d98-425b-ab14-8110e2aa85d7,Drama,512
889e3719-7d29-4888-b690-5a1531d2930e,3429cda2-6047-453c-bf54-952dfa6674c0,fef200e9-4d98-425b-ab14-8110e2aa85d7,Drama,1407
889e3719-7d29-4888-b690-5a1531d2930e,3429cda2-6047-453c-bf54-952dfa6674c0,4062cd22-b67a-4235-9980-0178b7add592,Drama,2034
889e3719-7d29-4888-b690-5a1531d2930e,3429cda2-6047-453c-bf54-952dfa6674c0,fef200e9-4d98-425b-ab14-8110e2aa85d7,Drama,1058
889e3719-7d29-4888-b690-5a1531d2930e,3429cda2-6047-453c-bf54-952dfa6674c0,9bb1ed3b-5a6f-43c7-afaf-ba2b60ca1a7a,Aškerčeva,752
889e3719-7d29-4888-b690-5a1531d2930e,3429cda2-6047-453c-bf54-952dfa6674c0,b905ae6a-f1e1-4057-8923-481902ed5a8e,Konzorcij,1451
889e3719-7d29-4888-b690-5a1531d2930e,3429cda2-6047-453c-bf54-952dfa6674c0,c87db9be-1fba-4102-a743-0ee4317dd5af,Bavarski dvor,614
889e3719-7d29-4888-b690-5a1531d2930e,3429cda2-6047-453c-bf54-952dfa6674c0,5d7f28a6-2a2a-4333-aa06-48edfb652f86,Pošta,818
889e3719-7d29-4888-b690-5a1531d2930e,3429cda2-6047-453c-bf54-952dfa6674c0,a719a87c-4e93-4387-a6d1-2631a487f7e0,Ajdovščina,1038
889e3719-7d29-4888-b690-5a1531d2930e,3429cda2-6047-453c-bf54-952dfa6674c0,a719a87c-4e93-4387-a6d1-2631a487f7e0,Ajdovščina,769
889e3719-7d29-4888-b690-5a1531d2930e,3429cda2-6047-453c-bf54-952dfa6674c0,bea274aa-277a-403d-ab2f-a0342b28882e,Križanke,177
889e3719-7d29-4888-b690-5a1531d2930e,3429cda2-6047-453c-bf54-952dfa6674c0,379bc761-04b5-4227-be76-3b870fe3e69f,Pot na Fužine,28
889e3719-7d29-4888-b690-5a1531d2930e,3429cda2-6047-453c-bf54-952dfa6674c0,9a480b5e-0283-4130-a5e2-9d5e996caa4f,Litostrojska,638
889e3719-7d29-4888-b690-5a1531d2930e,3429cda2-6047-453c-bf54-952dfa6674c0,154f3596-bbbb-4038-9ad7-c4b8b5288a02,Stadion,1978
889e3719-7d29-4888-b690-5a1531d2930e,3429cda2-6047-453c-bf54-952dfa6674c0,4062cd22-b67a-4235-9980-0178b7add592,Drama,820
889e3719-7d29-4888-b690-5a1531d2930e,3429cda2-6047-453c-bf54-952dfa6674c0,093afa81-b65f-4182-bac3-afbc00558a9b,Koseze,3314
889e3719-7d29-4888-b690-5a1531d2930e,3429cda2-6047-453c-bf54-952dfa6674c0,4062cd22-b67a-4235-9980-0178b7add592,Drama,217
889e3719-7d29-4888-b690-5a1531d2930e,3429cda2-6047-453c-bf54-952dfa6674c0,25ad5579-f6a0-4f35-a0c9-0678b41e9dde,Križanke,69
889e3719-7d29-4888-b690-5a1531d2930e,3429cda2-6047-453c-bf54-952dfa6674c0,5d7f28a6-2a2a-4333-aa06-48edfb652f86,Pošta,1811
889e3719-7d29-4888-b690-5a1531d2930e,3429cda2-6047-453c-bf54-952dfa6674c0,fef200e9-4d98-425b-ab14-8110e2aa85d7,Drama,2554
889e3719-7d29-4888-b690-5a1531d2930e,3429cda2-6047-453c-bf54-952dfa6674c0,a719a87c-4e93-4387-a6d1-2631a487f7e0,Ajdovščina,2479
889e3719-7d29-4888-b690-5a1531d2930e,3429cda2-6047-453c-bf54-952dfa6674c0,d72032c7-d4b0-4eee-a87c-593985a42266,Tobačna,1326
889e3719-7d29-4888-b690-5a1531d2930e,3429cda2-6047-453c-bf54-952dfa6674c0,9b85d4b0-c594-4e0e-9ce2-d0986256c270,Tavčarjeva,435
889e3719-7d29-4888-b690-5a1531d2930e,3429cda2-6047-453c-bf54-952dfa6674c0,c87db9be-1fba-4102-a743-0ee4317dd5af,Bavarski dvor,612
889e3719-7d29-4888-b690-5a1531d2930e,3429cda2-6047-453c-bf54-952dfa6674c0,fef200e9-4d98-425b-ab14-8110e2aa85d7,Drama,1199
889e3719-7d29-4888-b690-5a1531d2930e,3429cda2-6047-453c-bf54-952dfa6674c0,b829062a-2644-4350-b998-74522d9e85d8,Lutkovno gl.,113
889e3719-7d29-4888-b690-5a1531d2930e,3429cda2-6047-453c-bf54-952dfa6674c0,5d7f28a6-2a2a-4333-aa06-48edfb652f86,Pošta,715
889e3719-7d29-4888-b690-5a1531d2930e,3429cda2-6047-453c-bf54-952dfa6674c0,5cc8a08d-c0af-491f-9a9c-b8b4f5f23bc0,BTC-Emporium,608
889e3719-7d29-4888-b690-5a1531d2930e,3429cda2-6047-453c-bf54-952dfa6674c0,a719a87c-4e93-4387-a6d1-2631a487f7e0,Ajdovščina,166
889e3719-7d29-4888-b690-5a1531d2930e,3429cda2-6047-453c-bf54-952dfa6674c0,fef200e9-4d98-425b-ab14-8110e2aa85d7,Drama,501
889e3719-7d29-4888-b690-5a1531d2930e,3429cda2-6047-453c-bf54-952dfa6674c0,087e50b6-7677-4a85-802f-5694266fe38b,Aškerčeva,129
889e3719-7d29-4888-b690-5a1531d2930e,3429cda2-6047-453c-bf54-952dfa6674c0,cbf8e64b-fd0d-48ec-8fb1-03b298cc13b3,Savsko naselje,460
889e3719-7d29-4888-b690-5a1531d2930e,3429cda2-6047-453c-bf54-952dfa6674c0,fef200e9-4d98-425b-ab14-8110e2aa85d7,Drama,1396
889e3719-7d29-4888-b690-5a1531d2930e,3429cda2-6047-453c-bf54-952dfa6674c0,bea274aa-277a-403d-ab2f-a0342b28882e,Križanke,505
889e3719-7d29-4888-b690-5a1531d2930e,3429cda2-6047-453c-bf54-952dfa6674c0,2d6504e9-c938-417e-9b55-32d6514bc744,Kristalna palača,253
889e3719-7d29-4888-b690-5a1531d2930e,3429cda2-6047-453c-bf54-952dfa6674c0,4062cd22-b67a-4235-9980-0178b7add592,Drama,994
889e3719-7d29-4888-b690-5a1531d2930e,3429cda2-6047-453c-bf54-952dfa6674c0,d72032c7-d4b0-4eee-a87c-593985a42266,Tobačna,803
889e3719-7d29-4888-b690-5a1531d2930e,3429cda2-6047-453c-bf54-952dfa6674c0,fef200e9-4d98-425b-ab14-8110e2aa85d7,Drama,354
889e3719-7d29-4888-b690-5a1531d2930e,3429cda2-6047-453c-bf54-952dfa6674c0,fef200e9-4d98-425b-ab14-8110e2aa85d7,Drama,98
889e3719-7d29-4888-b690-5a1531d2930e,3429cda2-6047-453c-bf54-952dfa6674c0,087e50b6-7677-4a85-802f-5694266fe38b,Aškerčeva,45
889e3719-7d29-4888-b690-5a1531d2930e,3429cda2-6047-453c-bf54-952dfa6674c0,fef200e9-4d98-425b-ab14-8110e2aa85d7,Drama,36
889e3719-7d29-4888-b690-5a1531d2930e,3429cda2-6047-453c-bf54-952dfa6674c0,25ad5579-f6a0-4f35-a0c9-0678b41e9dde,Križanke,447
889e3719-7d29-4888-b690-5a1531d2930e,3429cda2-6047-453c-bf54-952dfa6674c0,ecc4ae87-ae08-4b94-995c-452fdd94df7f,Privoz,57
889e3719-7d29-4888-b690-5a1531d2930e,3429cda2-6047-453c-bf54-952dfa6674c0,16578e36-c682-4083-bd29-4973445dc0fe,Gosposvetska,85
889e3719-7d29-4888-b690-5a1531d2930e,3429cda2-6047-453c-bf54-952dfa6674c0,c87db9be-1fba-4102-a743-0ee4317dd5af,Bavarski dvor,470
889e3719-7d29-4888-b690-5a1531d2930e,3429cda2-6047-453c-bf54-952dfa6674c0,5d7f28a6-2a2a-4333-aa06-48edfb652f86,Pošta,149
889e3719-7d29-4888-b690-5a1531d2930e,3429cda2-6047-453c-bf54-952dfa6674c0,b829062a-2644-4350-b998-74522d9e85d8,Lutkovno gl.,732
889e3719-7d29-4888-b690-5a1531d2930e,3429cda2-6047-453c-bf54-952dfa6674c0,3429cda2-6047-453c-bf54-952dfa6674c0,Klinični center,320
889e3719-7d29-4888-b690-5a1531d2930e,3429cda2-6047-453c-bf54-952dfa6674c0,aa42017d-812a-4175-bc9b-0fec03b18931,Ambrožev trg,142
889e3719-7d29-4888-b690-5a1531d2930e,3429cda2-6047-453c-bf54-952dfa6674c0,295616c0-387b-4f60-a337-7743cd6be04e,Bavarski dvor,2153
889e3719-7d29-4888-b690-5a1531d2930e,3429cda2-6047-453c-bf54-952dfa6674c0,c87db9be-1fba-4102-a743-0ee4317dd5af,Bavarski dvor,106
889e3719-7d29-4888-b690-5a1531d2930e,3429cda2-6047-453c-bf54-952dfa6674c0,fef200e9-4d98-425b-ab14-8110e2aa85d7,Drama,1891
889e3719-7d29-4888-b690-5a1531d2930e,3429cda2-6047-453c-bf54-952dfa6674c0,9807573b-8821-40e4-b891-a5cea6e23b3d,Trata,1149
889e3719-7d29-4888-b690-5a1531d2930e,3429cda2-6047-453c-bf54-952dfa6674c0,aa42017d-812a-4175-bc9b-0fec03b18931,Ambrožev trg,134
889e3719-7d29-4888-b690-5a1531d2930e,3429cda2-6047-453c-bf54-952dfa6674c0,a719a87c-4e93-4387-a6d1-2631a487f7e0,Ajdovščina,313
889e3719-7d29-4888-b690-5a1531d2930e,3429cda2-6047-453c-bf54-952dfa6674c0,294c40c4-18e4-4d92-a947-911a8623de89,Veliki štradon,38
889e3719-7d29-4888-b690-5a1531d2930e,3429cda2-6047-453c-bf54-952dfa6674c0,39650ca1-d08c-4645-ac1a-6aed84eb45c5,Obrtna cona,844
889e3719-7d29-4888-b690-5a1531d2930e,3429cda2-6047-453c-bf54-952dfa6674c0,17f7d178-41b3-41f9-a545-cbfc22a0a5f1,Nusdorferjeva,2043
889e3719-7d29-4888-b690-5a1531d2930e,3429cda2-6047-453c-bf54-952dfa6674c0,dc6b96b1-d0fa-4d03-ac2b-8eba5bb97ba2,Peruzzijeva,258
889e3719-7d29-4888-b690-5a1531d2930e,3429cda2-6047-453c-bf54-952dfa6674c0,b829062a-2644-4350-b998-74522d9e85d8,Lutkovno gl.,2363
889e3719-7d29-4888-b690-5a1531d2930e,3429cda2-6047-453c-bf54-952dfa6674c0,cab36767-e95a-4f60-978e-92490f2517b2,Hrvatski trg,40
889e3719-7d29-4888-b690-5a1531d2930e,3429cda2-6047-453c-bf54-952dfa6674c0,7fad8003-fb10-489d-bf8d-6d433310ad90,Nove Jarše,483
889e3719-7d29-4888-b690-5a1531d2930e,3429cda2-6047-453c-bf54-952dfa6674c0,4062cd22-b67a-4235-9980-0178b7add592,Drama,1466
889e3719-7d29-4888-b690-5a1531d2930e,3429cda2-6047-453c-bf54-952dfa6674c0,7ad774b6-172a-401b-b186-358aa2d560a2,Jarše,813
889e3719-7d29-4888-b690-5a1531d2930e,3429cda2-6047-453c-bf54-952dfa6674c0,9f01f25f-9a5b-459a-96da-222ef81faf51,Trata,832
889e3719-7d29-4888-b690-5a1531d2930e,3429cda2-6047-453c-bf54-952dfa6674c0,6a89c110-a0f8-4b1a-87f0-33f49c0a658e,Šola Jarše,100
889e3719-7d29-4888-b690-5a1531d2930e,3429cda2-6047-453c-bf54-952dfa6674c0,b59656a4-b6e7-4b87-977c-078c59088a50,Hajdrihova,2373
889e3719-7d29-4888-b690-5a1531d2930e,3429cda2-6047-453c-bf54-952dfa6674c0,25cde952-4896-4977-b229-75e09b3e3661,Chengdujska,1198
889e3719-7d29-4888-b690-5a1531d2930e,3429cda2-6047-453c-bf54-952dfa6674c0,cbf8e64b-fd0d-48ec-8fb1-03b298cc13b3,Savsko naselje,181
889e3719-7d29-4888-b690-5a1531d2930e,3429cda2-6047-453c-bf54-952dfa6674c0,484b5c91-1220-43ba-af79-84e712fcc46b,Slovenija avto,4076
889e3719-7d29-4888-b690-5a1531d2930e,3429cda2-6047-453c-bf54-952dfa6674c0,4062cd22-b67a-4235-9980-0178b7add592,Drama,1071
889e3719-7d29-4888-b690-5a1531d2930e,3429cda2-6047-453c-bf54-952dfa6674c0,fef200e9-4d98-425b-ab14-8110e2aa85d7,Drama,595
889e3719-7d29-4888-b690-5a1531d2930e,3429cda2-6047-453c-bf54-952dfa6674c0,fef200e9-4d98-425b-ab14-8110e2aa85d7,Drama,6
889e3719-7d29-4888-b690-5a1531d2930e,3429cda2-6047-453c-bf54-952dfa6674c0,fef200e9-4d98-425b-ab14-8110e2aa85d7,Drama,175
889e3719-7d29-4888-b690-5a1531d2930e,3429cda2-6047-453c-bf54-952dfa6674c0,12618339-2c2d-49ec-b0e0-2517c11991f8,Mirje,60
889e3719-7d29-4888-b690-5a1531d2930e,3429cda2-6047-453c-bf54-952dfa6674c0,087e50b6-7677-4a85-802f-5694266fe38b,Aškerčeva,1186
889e3719-7d29-4888-b690-5a1531d2930e,3429cda2-6047-453c-bf54-952dfa6674c0,9c17244c-0812-404b-b929-5cdc0591e421,Podmornica,810
889e3719-7d29-4888-b690-5a1531d2930e,3429cda2-6047-453c-bf54-952dfa6674c0,087e50b6-7677-4a85-802f-5694266fe38b,Aškerčeva,675
889e3719-7d29-4888-b690-5a1531d2930e,3429cda2-6047-453c-bf54-952dfa6674c0,8c7fa045-888b-46d0-8189-6f82623bf481,Poljanska,1549
889e3719-7d29-4888-b690-5a1531d2930e,3429cda2-6047-453c-bf54-952dfa6674c0,bea274aa-277a-403d-ab2f-a0342b28882e,Križanke,169
889e3719-7d29-4888-b690-5a1531d2930e,3429cda2-6047-453c-bf54-952dfa6674c0,06348c07-2fb0-4dfb-a938-aaef614a7f68,Andreja Bitenca,133
889e3719-7d29-4888-b690-5a1531d2930e,3429cda2-6047-453c-bf54-952dfa6674c0,cb05ea76-5fc1-4162-b432-a914b63604d0,Spar,554
889e3719-7d29-4888-b690-5a1531d2930e,3429cda2-6047-453c-bf54-952dfa6674c0,b905ae6a-f1e1-4057-8923-481902ed5a8e,Konzorcij,265
889e3719-7d29-4888-b690-5a1531d2930e,3429cda2-6047-453c-bf54-952dfa6674c0,bea274aa-277a-403d-ab2f-a0342b28882e,Križanke,2595
889e3719-7d29-4888-b690-5a1531d2930e,3429cda2-6047-453c-bf54-952dfa6674c0,7ad774b6-172a-401b-b186-358aa2d560a2,Jarše,302
889e3719-7d29-4888-b690-5a1531d2930e,3429cda2-6047-453c-bf54-952dfa6674c0,15c71406-72b5-4681-8b1a-29eb30eb3f76,Kristalna palača,457
889e3719-7d29-4888-b690-5a1531d2930e,3429cda2-6047-453c-bf54-952dfa6674c0,fef200e9-4d98-425b-ab14-8110e2aa85d7,Drama,37
889e3719-7d29-4888-b690-5a1531d2930e,3429cda2-6047-453c-bf54-952dfa6674c0,b905ae6a-f1e1-4057-8923-481902ed5a8e,Konzorcij,234
889e3719-7d29-4888-b690-5a1531d2930e,3429cda2-6047-453c-bf54-952dfa6674c0,4062cd22-b67a-4235-9980-0178b7add592,Drama,4366
889e3719-7d29-4888-b690-5a1531d2930e,3429cda2-6047-453c-bf54-952dfa6674c0,f2b27cbd-5207-4281-8f67-6369d0c50a9b,Kodrova,1319
889e3719-7d29-4888-b690-5a1531d2930e,3429cda2-6047-453c-bf54-952dfa6674c0,087e50b6-7677-4a85-802f-5694266fe38b,Aškerčeva,1092
889e3719-7d29-4888-b690-5a1531d2930e,3429cda2-6047-453c-bf54-952dfa6674c0,5de84f88-3f32-4636-8c30-03cc267ecf37,Podvozna pot,1953
889e3719-7d29-4888-b690-5a1531d2930e,3429cda2-6047-453c-bf54-952dfa6674c0,bea274aa-277a-403d-ab2f-a0342b28882e,Križanke,986
889e3719-7d29-4888-b690-5a1531d2930e,3429cda2-6047-453c-bf54-952dfa6674c0,093afa81-b65f-4182-bac3-afbc00558a9b,Koseze,753
889e3719-7d29-4888-b690-5a1531d2930e,3429cda2-6047-453c-bf54-952dfa6674c0,023d7b7a-b411-4e61-8746-b07f9e5c8f90,Ambrožev trg,349
889e3719-7d29-4888-b690-5a1531d2930e,3429cda2-6047-453c-bf54-952dfa6674c0,d72032c7-d4b0-4eee-a87c-593985a42266,Tobačna,500
889e3719-7d29-4888-b690-5a1531d2930e,3429cda2-6047-453c-bf54-952dfa6674c0,484b5c91-1220-43ba-af79-84e712fcc46b,Slovenija avto,568
889e3719-7d29-4888-b690-5a1531d2930e,3429cda2-6047-453c-bf54-952dfa6674c0,4062cd22-b67a-4235-9980-0178b7add592,Drama,213
889e3719-7d29-4888-b690-5a1531d2930e,3429cda2-6047-453c-bf54-952dfa6674c0,4062cd22-b67a-4235-9980-0178b7add592,Drama,294
889e3719-7d29-4888-b690-5a1531d2930e,3429cda2-6047-453c-bf54-952dfa6674c0,aa42017d-812a-4175-bc9b-0fec03b18931,Ambrožev trg,252
889e3719-7d29-4888-b690-5a1531d2930e,3429cda2-6047-453c-bf54-952dfa6674c0,fa96d420-d1af-4ad0-bf6a-4544deb1c5eb,Streliška,507
889e3719-7d29-4888-b690-5a1531d2930e,3429cda2-6047-453c-bf54-952dfa6674c0,b905ae6a-f1e1-4057-8923-481902ed5a8e,Konzorcij,1581
889e3719-7d29-4888-b690-5a1531d2930e,3429cda2-6047-453c-bf54-952dfa6674c0,b905ae6a-f1e1-4057-8923-481902ed5a8e,Konzorcij,83
889e3719-7d29-4888-b690-5a1531d2930e,3429cda2-6047-453c-bf54-952dfa6674c0,9a938b49-ce1d-4e1c-a789-e316630ebc4f,Poliklinika,686
889e3719-7d29-4888-b690-5a1531d2930e,3429cda2-6047-453c-bf54-952dfa6674c0,4062cd22-b67a-4235-9980-0178b7add592,Drama,645
889e3719-7d29-4888-b690-5a1531d2930e,3429cda2-6047-453c-bf54-952dfa6674c0,6182f8e8-c45e-4606-b4a4-d909bd44d2cc,Gornji trg,475
889e3719-7d29-4888-b690-5a1531d2930e,3429cda2-6047-453c-bf54-952dfa6674c0,a719a87c-4e93-4387-a6d1-2631a487f7e0,Ajdovščina,220
889e3719-7d29-4888-b690-5a1531d2930e,3429cda2-6047-453c-bf54-952dfa6674c0,c124f317-217b-4b89-9597-393843de4f81,Nusdorferjeva,1393
889e3719-7d29-4888-b690-5a1531d2930e,3429cda2-6047-453c-bf54-952dfa6674c0,c87db9be-1fba-4102-a743-0ee4317dd5af,Bavarski dvor,545
889e3719-7d29-4888-b690-5a1531d2930e,3429cda2-6047-453c-bf54-952dfa6674c0,48e907fd-e868-47cd-8cac-74c7d4582944,Poljanska,172
889e3719-7d29-4888-b690-5a1531d2930e,3429cda2-6047-453c-bf54-952dfa6674c0,557f714a-6f4a-4c98-8c5a-d74fa34b2adb,Hrvatski trg,60
889e3719-7d29-4888-b690-5a1531d2930e,3429cda2-6047-453c-bf54-952dfa6674c0,4062cd22-b67a-4235-9980-0178b7add592,Drama,2827
889e3719-7d29-4888-b690-5a1531d2930e,3429cda2-6047-453c-bf54-952dfa6674c0,d4c51b31-46fd-4da8-ba15-8068e666d483,Zadvor,780
889e3719-7d29-4888-b690-5a1531d2930e,3429cda2-6047-453c-bf54-952dfa6674c0,36d25599-0bed-48a0-bcb4-134be8a959fe,Emona,356
889e3719-7d29-4888-b690-5a1531d2930e,3429cda2-6047-453c-bf54-952dfa6674c0,c87db9be-1fba-4102-a743-0ee4317dd5af,Bavarski dvor,1158
889e3719-7d29-4888-b690-5a1531d2930e,3429cda2-6047-453c-bf54-952dfa6674c0,fef200e9-4d98-425b-ab14-8110e2aa85d7,Drama,3385
889e3719-7d29-4888-b690-5a1531d2930e,3429cda2-6047-453c-bf54-952dfa6674c0,c87db9be-1fba-4102-a743-0ee4317dd5af,Bavarski dvor,532
889e3719-7d29-4888-b690-5a1531d2930e,3429cda2-6047-453c-bf54-952dfa6674c0,b905ae6a-f1e1-4057-8923-481902ed5a8e,Konzorcij,493
889e3719-7d29-4888-b690-5a1531d2930e,3429cda2-6047-453c-bf54-952dfa6674c0,38b3abed-0592-407b-96c3-85a026f2e192,Dalmatinova,1551
889e3719-7d29-4888-b690-5a1531d2930e,3429cda2-6047-453c-bf54-952dfa6674c0,fef200e9-4d98-425b-ab14-8110e2aa85d7,Drama,9
889e3719-7d29-4888-b690-5a1531d2930e,3429cda2-6047-453c-bf54-952dfa6674c0,22ef2062-46f0-4a46-8d9a-6ceb7b7f45bc,Ilirska,1089
889e3719-7d29-4888-b690-5a1531d2930e,3429cda2-6047-453c-bf54-952dfa6674c0,c1606675-dd38-4952-914b-6ca64fd56b7b,Rudnik,548
889e3719-7d29-4888-b690-5a1531d2930e,3429cda2-6047-453c-bf54-952dfa6674c0,eead721b-8996-4e73-a2f9-02dba20df4fa,Ilirska,1066
889e3719-7d29-4888-b690-5a1531d2930e,3429cda2-6047-453c-bf54-952dfa6674c0,bea274aa-277a-403d-ab2f-a0342b28882e,Križanke,637
889e3719-7d29-4888-b690-5a1531d2930e,3429cda2-6047-453c-bf54-952dfa6674c0,4a90e424-11ab-43a8-b7e9-1c4f42fe2b7c,Pod Hribom,677
889e3719-7d29-4888-b690-5a1531d2930e,3429cda2-6047-453c-bf54-952dfa6674c0,ecc4ae87-ae08-4b94-995c-452fdd94df7f,Privoz,339
889e3719-7d29-4888-b690-5a1531d2930e,3429cda2-6047-453c-bf54-952dfa6674c0,67c3adc1-a92d-4528-91ee-77d8b52574c6,Poliklinika,727
889e3719-7d29-4888-b690-5a1531d2930e,3429cda2-6047-453c-bf54-952dfa6674c0,f33b721f-a8a3-4aad-96f2-077da09ebaa6,Razstavišče,387
889e3719-7d29-4888-b690-5a1531d2930e,3429cda2-6047-453c-bf54-952dfa6674c0,f5d8583f-6e9d-4996-b803-74bf3cd0b602,Letališka,90
889e3719-7d29-4888-b690-5a1531d2930e,3429cda2-6047-453c-bf54-952dfa6674c0,295616c0-387b-4f60-a337-7743cd6be04e,Bavarski dvor,2276
889e3719-7d29-4888-b690-5a1531d2930e,3429cda2-6047-453c-bf54-952dfa6674c0,fc3967fb-5520-4fff-a819-f625242182e5,Cankarjev dom,822
889e3719-7d29-4888-b690-5a1531d2930e,3429cda2-6047-453c-bf54-952dfa6674c0,9cd1e7f8-8ccf-4469-bc25-25d138605c67,Akademija,859
889e3719-7d29-4888-b690-5a1531d2930e,3429cda2-6047-453c-bf54-952dfa6674c0,2628b04b-eaf2-4c5a-b7ac-837237162783,Na Žalah,578
889e3719-7d29-4888-b690-5a1531d2930e,3429cda2-6047-453c-bf54-952dfa6674c0,5d7f28a6-2a2a-4333-aa06-48edfb652f86,Pošta,172
889e3719-7d29-4888-b690-5a1531d2930e,3429cda2-6047-453c-bf54-952dfa6674c0,557f714a-6f4a-4c98-8c5a-d74fa34b2adb,Hrvatski trg,462
889e3719-7d29-4888-b690-5a1531d2930e,3429cda2-6047-453c-bf54-952dfa6674c0,d72032c7-d4b0-4eee-a87c-593985a42266,Tobačna,380
889e3719-7d29-4888-b690-5a1531d2930e,3429cda2-6047-453c-bf54-952dfa6674c0,cdabf1ea-b04c-480a-8359-72c46e6864ab,Bežigrad,2182
889e3719-7d29-4888-b690-5a1531d2930e,3429cda2-6047-453c-bf54-952dfa6674c0,fef200e9-4d98-425b-ab14-8110e2aa85d7,Drama,463
889e3719-7d29-4888-b690-5a1531d2930e,3429cda2-6047-453c-bf54-952dfa6674c0,77dcd833-fa4d-4c5a-93b1-31284942e61d,Šišenska,120
889e3719-7d29-4888-b690-5a1531d2930e,3429cda2-6047-453c-bf54-952dfa6674c0,25ad5579-f6a0-4f35-a0c9-0678b41e9dde,Križanke,1208
889e3719-7d29-4888-b690-5a1531d2930e,3429cda2-6047-453c-bf54-952dfa6674c0,4062cd22-b67a-4235-9980-0178b7add592,Drama,106
889e3719-7d29-4888-b690-5a1531d2930e,3429cda2-6047-453c-bf54-952dfa6674c0,4062cd22-b67a-4235-9980-0178b7add592,Drama,40
889e3719-7d29-4888-b690-5a1531d2930e,3429cda2-6047-453c-bf54-952dfa6674c0,fef200e9-4d98-425b-ab14-8110e2aa85d7,Drama,899
889e3719-7d29-4888-b690-5a1531d2930e,3429cda2-6047-453c-bf54-952dfa6674c0,fef200e9-4d98-425b-ab14-8110e2aa85d7,Drama,10
889e3719-7d29-4888-b690-5a1531d2930e,3429cda2-6047-453c-bf54-952dfa6674c0,7294875b-8482-484a-b04d-95b921612001,Vič,1745
889e3719-7d29-4888-b690-5a1531d2930e,3429cda2-6047-453c-bf54-952dfa6674c0,6182f8e8-c45e-4606-b4a4-d909bd44d2cc,Gornji trg,689
889e3719-7d29-4888-b690-5a1531d2930e,3429cda2-6047-453c-bf54-952dfa6674c0,5d7f28a6-2a2a-4333-aa06-48edfb652f86,Pošta,213
889e3719-7d29-4888-b690-5a1531d2930e,3429cda2-6047-453c-bf54-952dfa6674c0,bf64b499-211b-4da8-ace2-f12a17608ae3,ŠTEPANJSKO NAS.,4300
889e3719-7d29-4888-b690-5a1531d2930e,3429cda2-6047-453c-bf54-952dfa6674c0,6c56976b-4ae1-429f-bcab-0cfc37e3580d,Zgornji log,593
889e3719-7d29-4888-b690-5a1531d2930e,3429cda2-6047-453c-bf54-952dfa6674c0,98fa3880-5936-4ec8-ba04-39c7ff9a0e6a,Stara cerkev,419
889e3719-7d29-4888-b690-5a1531d2930e,3429cda2-6047-453c-bf54-952dfa6674c0,c87db9be-1fba-4102-a743-0ee4317dd5af,Bavarski dvor,398
889e3719-7d29-4888-b690-5a1531d2930e,3429cda2-6047-453c-bf54-952dfa6674c0,786a15d4-dd6b-42bb-a5c9-6ce994b5be9e,Omersova,566
889e3719-7d29-4888-b690-5a1531d2930e,3429cda2-6047-453c-bf54-952dfa6674c0,fef200e9-4d98-425b-ab14-8110e2aa85d7,Drama,33
889e3719-7d29-4888-b690-5a1531d2930e,3429cda2-6047-453c-bf54-952dfa6674c0,f33b721f-a8a3-4aad-96f2-077da09ebaa6,Razstavišče,304
889e3719-7d29-4888-b690-5a1531d2930e,3429cda2-6047-453c-bf54-952dfa6674c0,9b85d4b0-c594-4e0e-9ce2-d0986256c270,Tavčarjeva,134
889e3719-7d29-4888-b690-5a1531d2930e,3429cda2-6047-453c-bf54-952dfa6674c0,4062cd22-b67a-4235-9980-0178b7add592,Drama,2418
889e3719-7d29-4888-b690-5a1531d2930e,3429cda2-6047-453c-bf54-952dfa6674c0,4062cd22-b67a-4235-9980-0178b7add592,Drama,574
889e3719-7d29-4888-b690-5a1531d2930e,3429cda2-6047-453c-bf54-952dfa6674c0,fef200e9-4d98-425b-ab14-8110e2aa85d7,Drama,556
889e3719-7d29-4888-b690-5a1531d2930e,3429cda2-6047-453c-bf54-952dfa6674c0,4062cd22-b67a-4235-9980-0178b7add592,Drama,358
889e3719-7d29-4888-b690-5a1531d2930e,3429cda2-6047-453c-bf54-952dfa6674c0,bd1396f2-4dc8-4695-9bf1-c601157100d8,Preglov trg,260
889e3719-7d29-4888-b690-5a1531d2930e,3429cda2-6047-453c-bf54-952dfa6674c0,f528b363-1484-456c-835b-1e08dc31ef8e,Gornji Rudnik,1230
889e3719-7d29-4888-b690-5a1531d2930e,3429cda2-6047-453c-bf54-952dfa6674c0,9bb1ed3b-5a6f-43c7-afaf-ba2b60ca1a7a,Aškerčeva,1447
889e3719-7d29-4888-b690-5a1531d2930e,3429cda2-6047-453c-bf54-952dfa6674c0,6182f8e8-c45e-4606-b4a4-d909bd44d2cc,Gornji trg,117
889e3719-7d29-4888-b690-5a1531d2930e,3429cda2-6047-453c-bf54-952dfa6674c0,9741988b-6723-480b-a419-8db7490d667a,Rakovnik,1216
889e3719-7d29-4888-b690-5a1531d2930e,3429cda2-6047-453c-bf54-952dfa6674c0,a719a87c-4e93-4387-a6d1-2631a487f7e0,Ajdovščina,231
889e3719-7d29-4888-b690-5a1531d2930e,3429cda2-6047-453c-bf54-952dfa6674c0,94c6598b-7303-42e1-94d5-156d7a25f630,Gerbičeva,1450
889e3719-7d29-4888-b690-5a1531d2930e,3429cda2-6047-453c-bf54-952dfa6674c0,a719a87c-4e93-4387-a6d1-2631a487f7e0,Ajdovščina,1534
889e3719-7d29-4888-b690-5a1531d2930e,3429cda2-6047-453c-bf54-952dfa6674c0,9a480b5e-0283-4130-a5e2-9d5e996caa4f,Litostrojska,204
889e3719-7d29-4888-b690-5a1531d2930e,3429cda2-6047-453c-bf54-952dfa6674c0,b60d686c-3b89-447c-93f6-2837d9af3d02,Ziherlova,52
889e3719-7d29-4888-b690-5a1531d2930e,3429cda2-6047-453c-bf54-952dfa6674c0,cbf8e64b-fd0d-48ec-8fb1-03b298cc13b3,Savsko naselje,2371
889e3719-7d29-4888-b690-5a1531d2930e,3429cda2-6047-453c-bf54-952dfa6674c0,fef200e9-4d98-425b-ab14-8110e2aa85d7,Drama,2002
889e3719-7d29-4888-b690-5a1531d2930e,3429cda2-6047-453c-bf54-952dfa6674c0,4062cd22-b67a-4235-9980-0178b7add592,Drama,320
889e3719-7d29-4888-b690-5a1531d2930e,3429cda2-6047-453c-bf54-952dfa6674c0,4062cd22-b67a-4235-9980-0178b7add592,Drama,1295
889e3719-7d29-4888-b690-5a1531d2930e,3429cda2-6047-453c-bf54-952dfa6674c0,38b3abed-0592-407b-96c3-85a026f2e192,Dalmatinova,30
889e3719-7d29-4888-b690-5a1531d2930e,3429cda2-6047-453c-bf54-952dfa6674c0,f073b9d9-a3e3-4d04-a209-0db55377b79e,Zmajski most,10
889e3719-7d29-4888-b690-5a1531d2930e,3429cda2-6047-453c-bf54-952dfa6674c0,c87db9be-1fba-4102-a743-0ee4317dd5af,Bavarski dvor,202
889e3719-7d29-4888-b690-5a1531d2930e,3429cda2-6047-453c-bf54-952dfa6674c0,295616c0-387b-4f60-a337-7743cd6be04e,Bavarski dvor,759
889e3719-7d29-4888-b690-5a1531d2930e,3429cda2-6047-453c-bf54-952dfa6674c0,ecc4ae87-ae08-4b94-995c-452fdd94df7f,Privoz,131
889e3719-7d29-4888-b690-5a1531d2930e,3429cda2-6047-453c-bf54-952dfa6674c0,fef200e9-4d98-425b-ab14-8110e2aa85d7,Drama,1439
889e3719-7d29-4888-b690-5a1531d2930e,3429cda2-6047-453c-bf54-952dfa6674c0,4062cd22-b67a-4235-9980-0178b7add592,Drama,1562
889e3719-7d29-4888-b690-5a1531d2930e,3429cda2-6047-453c-bf54-952dfa6674c0,a719a87c-4e93-4387-a6d1-2631a487f7e0,Ajdovščina,172
889e3719-7d29-4888-b690-5a1531d2930e,3429cda2-6047-453c-bf54-952dfa6674c0,b905ae6a-f1e1-4057-8923-481902ed5a8e,Konzorcij,691
889e3719-7d29-4888-b690-5a1531d2930e,3429cda2-6047-453c-bf54-952dfa6674c0,c87db9be-1fba-4102-a743-0ee4317dd5af,Bavarski dvor,35
889e3719-7d29-4888-b690-5a1531d2930e,3429cda2-6047-453c-bf54-952dfa6674c0,fef200e9-4d98-425b-ab14-8110e2aa85d7,Drama,46
889e3719-7d29-4888-b690-5a1531d2930e,3429cda2-6047-453c-bf54-952dfa6674c0,c5ec5e81-2ce4-452d-bd7a-595de4f8b34f,Prušnikova,444
889e3719-7d29-4888-b690-5a1531d2930e,3429cda2-6047-453c-bf54-952dfa6674c0,4062cd22-b67a-4235-9980-0178b7add592,Drama,190
889e3719-7d29-4888-b690-5a1531d2930e,3429cda2-6047-453c-bf54-952dfa6674c0,6a74977a-a26d-42b4-a60b-8dabc726e57d,Gornji Rudnik,97
889e3719-7d29-4888-b690-5a1531d2930e,3429cda2-6047-453c-bf54-952dfa6674c0,38b3abed-0592-407b-96c3-85a026f2e192,Dalmatinova,2741
889e3719-7d29-4888-b690-5a1531d2930e,3429cda2-6047-453c-bf54-952dfa6674c0,087e50b6-7677-4a85-802f-5694266fe38b,Aškerčeva,82
889e3719-7d29-4888-b690-5a1531d2930e,3429cda2-6047-453c-bf54-952dfa6674c0,f1d7dbc8-d84b-4550-a3bd-e4748a677e9d,Trnovo,1072
889e3719-7d29-4888-b690-5a1531d2930e,3429cda2-6047-453c-bf54-952dfa6674c0,6c56976b-4ae1-429f-bcab-0cfc37e3580d,Zgornji log,1784
889e3719-7d29-4888-b690-5a1531d2930e,3429cda2-6047-453c-bf54-952dfa6674c0,b59656a4-b6e7-4b87-977c-078c59088a50,Hajdrihova,266
889e3719-7d29-4888-b690-5a1531d2930e,3429cda2-6047-453c-bf54-952dfa6674c0,bd1a0fbd-1593-4552-a76f-681c59333d6b,Savsko naselje,1001
889e3719-7d29-4888-b690-5a1531d2930e,3429cda2-6047-453c-bf54-952dfa6674c0,fef200e9-4d98-425b-ab14-8110e2aa85d7,Drama,81
889e3719-7d29-4888-b690-5a1531d2930e,3429cda2-6047-453c-bf54-952dfa6674c0,87785aa3-128e-4f15-82b0-d8c3cfa6076f,Spodnji Rudnik,375
889e3719-7d29-4888-b690-5a1531d2930e,3429cda2-6047-453c-bf54-952dfa6674c0,fef200e9-4d98-425b-ab14-8110e2aa85d7,Drama,1331
889e3719-7d29-4888-b690-5a1531d2930e,3429cda2-6047-453c-bf54-952dfa6674c0,c124f317-217b-4b89-9597-393843de4f81,Nusdorferjeva,392
889e3719-7d29-4888-b690-5a1531d2930e,3429cda2-6047-453c-bf54-952dfa6674c0,e66e813a-722d-40f8-9ee9-1470d07bc200,Tobačna,1136
889e3719-7d29-4888-b690-5a1531d2930e,3429cda2-6047-453c-bf54-952dfa6674c0,c87db9be-1fba-4102-a743-0ee4317dd5af,Bavarski dvor,1170
889e3719-7d29-4888-b690-5a1531d2930e,3429cda2-6047-453c-bf54-952dfa6674c0,4062cd22-b67a-4235-9980-0178b7add592,Drama,477
889e3719-7d29-4888-b690-5a1531d2930e,3429cda2-6047-453c-bf54-952dfa6674c0,16578e36-c682-4083-bd29-4973445dc0fe,Gosposvetska,87
889e3719-7d29-4888-b690-5a1531d2930e,3429cda2-6047-453c-bf54-952dfa6674c0,f2b27cbd-5207-4281-8f67-6369d0c50a9b,Kodrova,880
889e3719-7d29-4888-b690-5a1531d2930e,3429cda2-6047-453c-bf54-952dfa6674c0,7484317c-269f-425f-8118-23eedab4e5f1,Tivoli,57
889e3719-7d29-4888-b690-5a1531d2930e,3429cda2-6047-453c-bf54-952dfa6674c0,4062cd22-b67a-4235-9980-0178b7add592,Drama,916
889e3719-7d29-4888-b690-5a1531d2930e,3429cda2-6047-453c-bf54-952dfa6674c0,9845a6f7-ba79-4f3d-b6ae-969651ef6001,Tomačevska,711
889e3719-7d29-4888-b690-5a1531d2930e,3429cda2-6047-453c-bf54-952dfa6674c0,48507e1a-32df-4552-9448-3b345760b75f,Cesta na Vevče,1701
889e3719-7d29-4888-b690-5a1531d2930e,3429cda2-6047-453c-bf54-952dfa6674c0,f07c916c-6fc6-4acf-a334-0ab0d3c4f57f,Središka,204
889e3719-7d29-4888-b690-5a1531d2930e,3429cda2-6047-453c-bf54-952dfa6674c0,d72032c7-d4b0-4eee-a87c-593985a42266,Tobačna,70
889e3719-7d29-4888-b690-5a1531d2930e,3429cda2-6047-453c-bf54-952dfa6674c0,f5d8583f-6e9d-4996-b803-74bf3cd0b602,Letališka,271
889e3719-7d29-4888-b690-5a1531d2930e,3429cda2-6047-453c-bf54-952dfa6674c0,b829062a-2644-4350-b998-74522d9e85d8,Lutkovno gl.,160
889e3719-7d29-4888-b690-5a1531d2930e,3429cda2-6047-453c-bf54-952dfa6674c0,5d7f28a6-2a2a-4333-aa06-48edfb652f86,Pošta,133
889e3719-7d29-4888-b690-5a1531d2930e,3429cda2-6047-453c-bf54-952dfa6674c0,fef200e9-4d98-425b-ab14-8110e2aa85d7,Drama,280
889e3719-7d29-4888-b690-5a1531d2930e,3429cda2-6047-453c-bf54-952dfa6674c0,ecc4ae87-ae08-4b94-995c-452fdd94df7f,Privoz,1146
889e3719-7d29-4888-b690-5a1531d2930e,3429cda2-6047-453c-bf54-952dfa6674c0,d72032c7-d4b0-4eee-a87c-593985a42266,Tobačna,957
889e3719-7d29-4888-b690-5a1531d2930e,3429cda2-6047-453c-bf54-952dfa6674c0,25ad5579-f6a0-4f35-a0c9-0678b41e9dde,Križanke,1250
889e3719-7d29-4888-b690-5a1531d2930e,3429cda2-6047-453c-bf54-952dfa6674c0,c87db9be-1fba-4102-a743-0ee4317dd5af,Bavarski dvor,593
889e3719-7d29-4888-b690-5a1531d2930e,3429cda2-6047-453c-bf54-952dfa6674c0,67c3adc1-a92d-4528-91ee-77d8b52574c6,Poliklinika,328
889e3719-7d29-4888-b690-5a1531d2930e,3429cda2-6047-453c-bf54-952dfa6674c0,6c56976b-4ae1-429f-bcab-0cfc37e3580d,Zgornji log,32
889e3719-7d29-4888-b690-5a1531d2930e,3429cda2-6047-453c-bf54-952dfa6674c0,fef200e9-4d98-425b-ab14-8110e2aa85d7,Drama,396
889e3719-7d29-4888-b690-5a1531d2930e,3429cda2-6047-453c-bf54-952dfa6674c0,f14a6236-8af2-47bf-9270-432377662a63,Viadukt,33
889e3719-7d29-4888-b690-5a1531d2930e,3429cda2-6047-453c-bf54-952dfa6674c0,6182f8e8-c45e-4606-b4a4-d909bd44d2cc,Gornji trg,1043
889e3719-7d29-4888-b690-5a1531d2930e,3429cda2-6047-453c-bf54-952dfa6674c0,379bc761-04b5-4227-be76-3b870fe3e69f,Pot na Fužine,214
889e3719-7d29-4888-b690-5a1531d2930e,3429cda2-6047-453c-bf54-952dfa6674c0,f2b27cbd-5207-4281-8f67-6369d0c50a9b,Kodrova,162
889e3719-7d29-4888-b690-5a1531d2930e,3429cda2-6047-453c-bf54-952dfa6674c0,4062cd22-b67a-4235-9980-0178b7add592,Drama,1571
889e3719-7d29-4888-b690-5a1531d2930e,3429cda2-6047-453c-bf54-952dfa6674c0,38b3abed-0592-407b-96c3-85a026f2e192,Dalmatinova,1349
889e3719-7d29-4888-b690-5a1531d2930e,3429cda2-6047-453c-bf54-952dfa6674c0,21fba303-9465-42e6-8942-eaff85a2b40c,Zidarjevec 2,107
889e3719-7d29-4888-b690-5a1531d2930e,3429cda2-6047-453c-bf54-952dfa6674c0,ecc4ae87-ae08-4b94-995c-452fdd94df7f,Privoz,52
889e3719-7d29-4888-b690-5a1531d2930e,3429cda2-6047-453c-bf54-952dfa6674c0,fef200e9-4d98-425b-ab14-8110e2aa85d7,Drama,3225
889e3719-7d29-4888-b690-5a1531d2930e,3429cda2-6047-453c-bf54-952dfa6674c0,fdff5f9c-6c02-4fc1-a004-7032b17fa37a,Murkova,2054
889e3719-7d29-4888-b690-5a1531d2930e,3429cda2-6047-453c-bf54-952dfa6674c0,25ad5579-f6a0-4f35-a0c9-0678b41e9dde,Križanke,22
889e3719-7d29-4888-b690-5a1531d2930e,3429cda2-6047-453c-bf54-952dfa6674c0,fef200e9-4d98-425b-ab14-8110e2aa85d7,Drama,51
889e3719-7d29-4888-b690-5a1531d2930e,3429cda2-6047-453c-bf54-952dfa6674c0,5f2b93f1-7933-45ed-915c-4488ab8d81b7,Ižanska,354
889e3719-7d29-4888-b690-5a1531d2930e,3429cda2-6047-453c-bf54-952dfa6674c0,087e50b6-7677-4a85-802f-5694266fe38b,Aškerčeva,138
889e3719-7d29-4888-b690-5a1531d2930e,3429cda2-6047-453c-bf54-952dfa6674c0,087e50b6-7677-4a85-802f-5694266fe38b,Aškerčeva,729
889e3719-7d29-4888-b690-5a1531d2930e,3429cda2-6047-453c-bf54-952dfa6674c0,6182f8e8-c45e-4606-b4a4-d909bd44d2cc,Gornji trg,112
889e3719-7d29-4888-b690-5a1531d2930e,3429cda2-6047-453c-bf54-952dfa6674c0,fef200e9-4d98-425b-ab14-8110e2aa85d7,Drama,827
889e3719-7d29-4888-b690-5a1531d2930e,3429cda2-6047-453c-bf54-952dfa6674c0,6182f8e8-c45e-4606-b4a4-d909bd44d2cc,Gornji trg,12
889e3719-7d29-4888-b690-5a1531d2930e,3429cda2-6047-453c-bf54-952dfa6674c0,fef200e9-4d98-425b-ab14-8110e2aa85d7,Drama,607
889e3719-7d29-4888-b690-5a1531d2930e,3429cda2-6047-453c-bf54-952dfa6674c0,25ad5579-f6a0-4f35-a0c9-0678b41e9dde,Križanke,1400
889e3719-7d29-4888-b690-5a1531d2930e,3429cda2-6047-453c-bf54-952dfa6674c0,fef200e9-4d98-425b-ab14-8110e2aa85d7,Drama,72
889e3719-7d29-4888-b690-5a1531d2930e,3429cda2-6047-453c-bf54-952dfa6674c0,48e907fd-e868-47cd-8cac-74c7d4582944,Poljanska,221
889e3719-7d29-4888-b690-5a1531d2930e,3429cda2-6047-453c-bf54-952dfa6674c0,6182f8e8-c45e-4606-b4a4-d909bd44d2cc,Gornji trg,304
889e3719-7d29-4888-b690-5a1531d2930e,3429cda2-6047-453c-bf54-952dfa6674c0,fef200e9-4d98-425b-ab14-8110e2aa85d7,Drama,82
889e3719-7d29-4888-b690-5a1531d2930e,3429cda2-6047-453c-bf54-952dfa6674c0,a719a87c-4e93-4387-a6d1-2631a487f7e0,Ajdovščina,642
889e3719-7d29-4888-b690-5a1531d2930e,3429cda2-6047-453c-bf54-952dfa6674c0,087e50b6-7677-4a85-802f-5694266fe38b,Aškerčeva,29
889e3719-7d29-4888-b690-5a1531d2930e,3429cda2-6047-453c-bf54-952dfa6674c0,f2bac6f5-5bbc-4f15-acdd-014d86770ce9,Kneza Koclja,468
889e3719-7d29-4888-b690-5a1531d2930e,3429cda2-6047-453c-bf54-952dfa6674c0,c0a064eb-b507-43c2-a6d2-0e9c5881f031,Središka,1715
889e3719-7d29-4888-b690-5a1531d2930e,3429cda2-6047-453c-bf54-952dfa6674c0,3429cda2-6047-453c-bf54-952dfa6674c0,Klinični center,2486
889e3719-7d29-4888-b690-5a1531d2930e,3429cda2-6047-453c-bf54-952dfa6674c0,bea274aa-277a-403d-ab2f-a0342b28882e,Križanke,147
889e3719-7d29-4888-b690-5a1531d2930e,3429cda2-6047-453c-bf54-952dfa6674c0,a719a87c-4e93-4387-a6d1-2631a487f7e0,Ajdovščina,1159
889e3719-7d29-4888-b690-5a1531d2930e,3429cda2-6047-453c-bf54-952dfa6674c0,9b85d4b0-c594-4e0e-9ce2-d0986256c270,Tavčarjeva,307
889e3719-7d29-4888-b690-5a1531d2930e,3429cda2-6047-453c-bf54-952dfa6674c0,c87db9be-1fba-4102-a743-0ee4317dd5af,Bavarski dvor,1339
889e3719-7d29-4888-b690-5a1531d2930e,3429cda2-6047-453c-bf54-952dfa6674c0,f2920a77-6c6c-494d-96b7-2a8caf8f374f,Mirje,170
889e3719-7d29-4888-b690-5a1531d2930e,3429cda2-6047-453c-bf54-952dfa6674c0,b829062a-2644-4350-b998-74522d9e85d8,Lutkovno gl.,221
889e3719-7d29-4888-b690-5a1531d2930e,3429cda2-6047-453c-bf54-952dfa6674c0,4062cd22-b67a-4235-9980-0178b7add592,Drama,577
889e3719-7d29-4888-b690-5a1531d2930e,3429cda2-6047-453c-bf54-952dfa6674c0,c87db9be-1fba-4102-a743-0ee4317dd5af,Bavarski dvor,2915
889e3719-7d29-4888-b690-5a1531d2930e,3429cda2-6047-453c-bf54-952dfa6674c0,fef200e9-4d98-425b-ab14-8110e2aa85d7,Drama,1092
889e3719-7d29-4888-b690-5a1531d2930e,3429cda2-6047-453c-bf54-952dfa6674c0,fef200e9-4d98-425b-ab14-8110e2aa85d7,Drama,1349
889e3719-7d29-4888-b690-5a1531d2930e,3429cda2-6047-453c-bf54-952dfa6674c0,48e907fd-e868-47cd-8cac-74c7d4582944,Poljanska,751
889e3719-7d29-4888-b690-5a1531d2930e,3429cda2-6047-453c-bf54-952dfa6674c0,25ad5579-f6a0-4f35-a0c9-0678b41e9dde,Križanke,961
889e3719-7d29-4888-b690-5a1531d2930e,3429cda2-6047-453c-bf54-952dfa6674c0,fef200e9-4d98-425b-ab14-8110e2aa85d7,Drama,633
889e3719-7d29-4888-b690-5a1531d2930e,3429cda2-6047-453c-bf54-952dfa6674c0,4062cd22-b67a-4235-9980-0178b7add592,Drama,895
889e3719-7d29-4888-b690-5a1531d2930e,3429cda2-6047-453c-bf54-952dfa6674c0,6932c2e0-ff32-4170-b519-fba88e29c147,Cesta XV,147
889e3719-7d29-4888-b690-5a1531d2930e,3429cda2-6047-453c-bf54-952dfa6674c0,25ad5579-f6a0-4f35-a0c9-0678b41e9dde,Križanke,23
889e3719-7d29-4888-b690-5a1531d2930e,3429cda2-6047-453c-bf54-952dfa6674c0,2d6504e9-c938-417e-9b55-32d6514bc744,Kristalna palača,512
889e3719-7d29-4888-b690-5a1531d2930e,3429cda2-6047-453c-bf54-952dfa6674c0,fef200e9-4d98-425b-ab14-8110e2aa85d7,Drama,35
889e3719-7d29-4888-b690-5a1531d2930e,3429cda2-6047-453c-bf54-952dfa6674c0,d72032c7-d4b0-4eee-a87c-593985a42266,Tobačna,991
889e3719-7d29-4888-b690-5a1531d2930e,3429cda2-6047-453c-bf54-952dfa6674c0,9b0074d2-2c92-4c01-830b-00be8e05b412,Cukrarna,210
889e3719-7d29-4888-b690-5a1531d2930e,3429cda2-6047-453c-bf54-952dfa6674c0,c8e0086c-0cef-4375-a471-72f3ae1e34fc,Strelišče,640
889e3719-7d29-4888-b690-5a1531d2930e,3429cda2-6047-453c-bf54-952dfa6674c0,a378ce5e-57ce-4c52-b219-568674b5cd5e,Gornji trg,951
889e3719-7d29-4888-b690-5a1531d2930e,3429cda2-6047-453c-bf54-952dfa6674c0,4062cd22-b67a-4235-9980-0178b7add592,Drama,1152
889e3719-7d29-4888-b690-5a1531d2930e,3429cda2-6047-453c-bf54-952dfa6674c0,f33b721f-a8a3-4aad-96f2-077da09ebaa6,Razstavišče,536
889e3719-7d29-4888-b690-5a1531d2930e,3429cda2-6047-453c-bf54-952dfa6674c0,ecc4ae87-ae08-4b94-995c-452fdd94df7f,Privoz,123
889e3719-7d29-4888-b690-5a1531d2930e,3429cda2-6047-453c-bf54-952dfa6674c0,25ad5579-f6a0-4f35-a0c9-0678b41e9dde,Križanke,82
889e3719-7d29-4888-b690-5a1531d2930e,3429cda2-6047-453c-bf54-952dfa6674c0,712ee105-4fab-498a-af5c-496ca9830f5f,Viadukt,418
889e3719-7d29-4888-b690-5a1531d2930e,3429cda2-6047-453c-bf54-952dfa6674c0,8c7fa045-888b-46d0-8189-6f82623bf481,Poljanska,491
889e3719-7d29-4888-b690-5a1531d2930e,3429cda2-6047-453c-bf54-952dfa6674c0,b905ae6a-f1e1-4057-8923-481902ed5a8e,Konzorcij,799
889e3719-7d29-4888-b690-5a1531d2930e,3429cda2-6047-453c-bf54-952dfa6674c0,717c914e-f928-4671-95f6-26c1ddb95799,Cesta v Gorice,267
889e3719-7d29-4888-b690-5a1531d2930e,3429cda2-6047-453c-bf54-952dfa6674c0,fef200e9-4d98-425b-ab14-8110e2aa85d7,Drama,165
889e3719-7d29-4888-b690-5a1531d2930e,3429cda2-6047-453c-bf54-952dfa6674c0,8c7fa045-888b-46d0-8189-6f82623bf481,Poljanska,25
889e3719-7d29-4888-b690-5a1531d2930e,3429cda2-6047-453c-bf54-952dfa6674c0,521edd75-c364-480a-af9e-a1c9815b6dd7,Gasilska brigada,95
889e3719-7d29-4888-b690-5a1531d2930e,3429cda2-6047-453c-bf54-952dfa6674c0,9bb1ed3b-5a6f-43c7-afaf-ba2b60ca1a7a,Aškerčeva,298
889e3719-7d29-4888-b690-5a1531d2930e,3429cda2-6047-453c-bf54-952dfa6674c0,a719a87c-4e93-4387-a6d1-2631a487f7e0,Ajdovščina,87
889e3719-7d29-4888-b690-5a1531d2930e,3429cda2-6047-453c-bf54-952dfa6674c0,fef200e9-4d98-425b-ab14-8110e2aa85d7,Drama,175
889e3719-7d29-4888-b690-5a1531d2930e,3429cda2-6047-453c-bf54-952dfa6674c0,22ef2062-46f0-4a46-8d9a-6ceb7b7f45bc,Ilirska,786
889e3719-7d29-4888-b690-5a1531d2930e,3429cda2-6047-453c-bf54-952dfa6674c0,a719a87c-4e93-4387-a6d1-2631a487f7e0,Ajdovščina,518
889e3719-7d29-4888-b690-5a1531d2930e,3429cda2-6047-453c-bf54-952dfa6674c0,e66e813a-722d-40f8-9ee9-1470d07bc200,Tobačna,44
889e3719-7d29-4888-b690-5a1531d2930e,3429cda2-6047-453c-bf54-952dfa6674c0,38b3abed-0592-407b-96c3-85a026f2e192,Dalmatinova,1238
889e3719-7d29-4888-b690-5a1531d2930e,3429cda2-6047-453c-bf54-952dfa6674c0,abc9fd26-5442-468b-93b6-4d5eb76d0f1f,BTC-Emporium,91
889e3719-7d29-4888-b690-5a1531d2930e,3429cda2-6047-453c-bf54-952dfa6674c0,ecc4ae87-ae08-4b94-995c-452fdd94df7f,Privoz,68
889e3719-7d29-4888-b690-5a1531d2930e,3429cda2-6047-453c-bf54-952dfa6674c0,154f3596-bbbb-4038-9ad7-c4b8b5288a02,Stadion,1567
889e3719-7d29-4888-b690-5a1531d2930e,3429cda2-6047-453c-bf54-952dfa6674c0,9b0074d2-2c92-4c01-830b-00be8e05b412,Cukrarna,384
889e3719-7d29-4888-b690-5a1531d2930e,3429cda2-6047-453c-bf54-952dfa6674c0,6559d555-672b-4633-8a81-0ae68fb963eb,ZD POLJE,631
889e3719-7d29-4888-b690-5a1531d2930e,3429cda2-6047-453c-bf54-952dfa6674c0,a719a87c-4e93-4387-a6d1-2631a487f7e0,Ajdovščina,81
889e3719-7d29-4888-b690-5a1531d2930e,3429cda2-6047-453c-bf54-952dfa6674c0,81f21fc1-3bd2-4d2a-b563-2d063479c68e,Štepanja vas,895
889e3719-7d29-4888-b690-5a1531d2930e,3429cda2-6047-453c-bf54-952dfa6674c0,087e50b6-7677-4a85-802f-5694266fe38b,Aškerčeva,479
889e3719-7d29-4888-b690-5a1531d2930e,3429cda2-6047-453c-bf54-952dfa6674c0,25ad5579-f6a0-4f35-a0c9-0678b41e9dde,Križanke,231
889e3719-7d29-4888-b690-5a1531d2930e,3429cda2-6047-453c-bf54-952dfa6674c0,4062cd22-b67a-4235-9980-0178b7add592,Drama,2035
889e3719-7d29-4888-b690-5a1531d2930e,3429cda2-6047-453c-bf54-952dfa6674c0,fb0042f8-d9e2-4916-b60a-38a026acf0c9,Leskoškova,57
889e3719-7d29-4888-b690-5a1531d2930e,3429cda2-6047-453c-bf54-952dfa6674c0,d50b2bdb-481b-4e58-ada6-47a028fc6382,BTC-tržnica,785
889e3719-7d29-4888-b690-5a1531d2930e,3429cda2-6047-453c-bf54-952dfa6674c0,48b163cd-b819-4849-aee1-8b1da77657ab,Šentvid,501
889e3719-7d29-4888-b690-5a1531d2930e,3429cda2-6047-453c-bf54-952dfa6674c0,4062cd22-b67a-4235-9980-0178b7add592,Drama,1451
889e3719-7d29-4888-b690-5a1531d2930e,3429cda2-6047-453c-bf54-952dfa6674c0,8c7fa045-888b-46d0-8189-6f82623bf481,Poljanska,844
889e3719-7d29-4888-b690-5a1531d2930e,3429cda2-6047-453c-bf54-952dfa6674c0,ef91fd44-5651-4fd4-b6f8-619fdef9da7b,Hajdrihova,269
889e3719-7d29-4888-b690-5a1531d2930e,3429cda2-6047-453c-bf54-952dfa6674c0,5d7f28a6-2a2a-4333-aa06-48edfb652f86,Pošta,71
889e3719-7d29-4888-b690-5a1531d2930e,3429cda2-6047-453c-bf54-952dfa6674c0,277bc73c-e61d-4046-bcfd-31d6161c568e,Center Zalog,1192
889e3719-7d29-4888-b690-5a1531d2930e,3429cda2-6047-453c-bf54-952dfa6674c0,4062cd22-b67a-4235-9980-0178b7add592,Drama,1804
889e3719-7d29-4888-b690-5a1531d2930e,3429cda2-6047-453c-bf54-952dfa6674c0,fef200e9-4d98-425b-ab14-8110e2aa85d7,Drama,212
889e3719-7d29-4888-b690-5a1531d2930e,3429cda2-6047-453c-bf54-952dfa6674c0,f2bac6f5-5bbc-4f15-acdd-014d86770ce9,Kneza Koclja,281
889e3719-7d29-4888-b690-5a1531d2930e,3429cda2-6047-453c-bf54-952dfa6674c0,16578e36-c682-4083-bd29-4973445dc0fe,Gosposvetska,268
889e3719-7d29-4888-b690-5a1531d2930e,3429cda2-6047-453c-bf54-952dfa6674c0,16578e36-c682-4083-bd29-4973445dc0fe,Gosposvetska,1312
889e3719-7d29-4888-b690-5a1531d2930e,3429cda2-6047-453c-bf54-952dfa6674c0,cab36767-e95a-4f60-978e-92490f2517b2,Hrvatski trg,470
889e3719-7d29-4888-b690-5a1531d2930e,3429cda2-6047-453c-bf54-952dfa6674c0,fef200e9-4d98-425b-ab14-8110e2aa85d7,Drama,491
889e3719-7d29-4888-b690-5a1531d2930e,3429cda2-6047-453c-bf54-952dfa6674c0,a378ce5e-57ce-4c52-b219-568674b5cd5e,Gornji trg,3559
889e3719-7d29-4888-b690-5a1531d2930e,3429cda2-6047-453c-bf54-952dfa6674c0,4062cd22-b67a-4235-9980-0178b7add592,Drama,24
889e3719-7d29-4888-b690-5a1531d2930e,3429cda2-6047-453c-bf54-952dfa6674c0,77dcd833-fa4d-4c5a-93b1-31284942e61d,Šišenska,745
889e3719-7d29-4888-b690-5a1531d2930e,3429cda2-6047-453c-bf54-952dfa6674c0,4062cd22-b67a-4235-9980-0178b7add592,Drama,643
889e3719-7d29-4888-b690-5a1531d2930e,3429cda2-6047-453c-bf54-952dfa6674c0,cab36767-e95a-4f60-978e-92490f2517b2,Hrvatski trg,1190
889e3719-7d29-4888-b690-5a1531d2930e,3429cda2-6047-453c-bf54-952dfa6674c0,a719a87c-4e93-4387-a6d1-2631a487f7e0,Ajdovščina,18
889e3719-7d29-4888-b690-5a1531d2930e,3429cda2-6047-453c-bf54-952dfa6674c0,5d7f28a6-2a2a-4333-aa06-48edfb652f86,Pošta,269
889e3719-7d29-4888-b690-5a1531d2930e,3429cda2-6047-453c-bf54-952dfa6674c0,5d7f28a6-2a2a-4333-aa06-48edfb652f86,Pošta,234
889e3719-7d29-4888-b690-5a1531d2930e,3429cda2-6047-453c-bf54-952dfa6674c0,d72032c7-d4b0-4eee-a87c-593985a42266,Tobačna,42
889e3719-7d29-4888-b690-5a1531d2930e,3429cda2-6047-453c-bf54-952dfa6674c0,4062cd22-b67a-4235-9980-0178b7add592,Drama,1484
889e3719-7d29-4888-b690-5a1531d2930e,3429cda2-6047-453c-bf54-952dfa6674c0,c8e0086c-0cef-4375-a471-72f3ae1e34fc,Strelišče,1867
889e3719-7d29-4888-b690-5a1531d2930e,3429cda2-6047-453c-bf54-952dfa6674c0,7fa32ea0-e884-435a-a81c-51bbd5cedf3e,Zaloška,1281
889e3719-7d29-4888-b690-5a1531d2930e,3429cda2-6047-453c-bf54-952dfa6674c0,6182f8e8-c45e-4606-b4a4-d909bd44d2cc,Gornji trg,310
889e3719-7d29-4888-b690-5a1531d2930e,3429cda2-6047-453c-bf54-952dfa6674c0,1cc5f00f-c982-4016-8553-40a3da4f36ad,Dobrunjska c.,1047
889e3719-7d29-4888-b690-5a1531d2930e,3429cda2-6047-453c-bf54-952dfa6674c0,484b5c91-1220-43ba-af79-84e712fcc46b,Slovenija avto,708
889e3719-7d29-4888-b690-5a1531d2930e,3429cda2-6047-453c-bf54-952dfa6674c0,4062cd22-b67a-4235-9980-0178b7add592,Drama,218
889e3719-7d29-4888-b690-5a1531d2930e,3429cda2-6047-453c-bf54-952dfa6674c0,9a938b49-ce1d-4e1c-a789-e316630ebc4f,Poliklinika,1759
889e3719-7d29-4888-b690-5a1531d2930e,3429cda2-6047-453c-bf54-952dfa6674c0,fef200e9-4d98-425b-ab14-8110e2aa85d7,Drama,285
889e3719-7d29-4888-b690-5a1531d2930e,3429cda2-6047-453c-bf54-952dfa6674c0,454817d3-3750-49c7-994c-14d06fd2c634,Žale,471
889e3719-7d29-4888-b690-5a1531d2930e,3429cda2-6047-453c-bf54-952dfa6674c0,b60d686c-3b89-447c-93f6-2837d9af3d02,Ziherlova,414
889e3719-7d29-4888-b690-5a1531d2930e,3429cda2-6047-453c-bf54-952dfa6674c0,f4cfd904-bd11-4247-95df-32c4555a930f,Klinični center,177
889e3719-7d29-4888-b690-5a1531d2930e,3429cda2-6047-453c-bf54-952dfa6674c0,fef200e9-4d98-425b-ab14-8110e2aa85d7,Drama,826
889e3719-7d29-4888-b690-5a1531d2930e,3429cda2-6047-453c-bf54-952dfa6674c0,5d1e404b-1606-457e-8d2b-4e3e80139532,Topniška,227
889e3719-7d29-4888-b690-5a1531d2930e,3429cda2-6047-453c-bf54-952dfa6674c0,f2b27cbd-5207-4281-8f67-6369d0c50a9b,Kodrova,577
889e3719-7d29-4888-b690-5a1531d2930e,3429cda2-6047-453c-bf54-952dfa6674c0,4062cd22-b67a-4235-9980-0178b7add592,Drama,7
889e3719-7d29-4888-b690-5a1531d2930e,3429cda2-6047-453c-bf54-952dfa6674c0,d72032c7-d4b0-4eee-a87c-593985a42266,Tobačna,537
889e3719-7d29-4888-b690-5a1531d2930e,3429cda2-6047-453c-bf54-952dfa6674c0,25ad5579-f6a0-4f35-a0c9-0678b41e9dde,Križanke,346
889e3719-7d29-4888-b690-5a1531d2930e,3429cda2-6047-453c-bf54-952dfa6674c0,f2b27cbd-5207-4281-8f67-6369d0c50a9b,Kodrova,312
889e3719-7d29-4888-b690-5a1531d2930e,3429cda2-6047-453c-bf54-952dfa6674c0,b905ae6a-f1e1-4057-8923-481902ed5a8e,Konzorcij,1363
889e3719-7d29-4888-b690-5a1531d2930e,3429cda2-6047-453c-bf54-952dfa6674c0,69bc9f1c-507f-463c-ba5a-04500b319967,Ilovica,566
889e3719-7d29-4888-b690-5a1531d2930e,3429cda2-6047-453c-bf54-952dfa6674c0,4062cd22-b67a-4235-9980-0178b7add592,Drama,122
889e3719-7d29-4888-b690-5a1531d2930e,3429cda2-6047-453c-bf54-952dfa6674c0,4062cd22-b67a-4235-9980-0178b7add592,Drama,296
889e3719-7d29-4888-b690-5a1531d2930e,3429cda2-6047-453c-bf54-952dfa6674c0,e66e813a-722d-40f8-9ee9-1470d07bc200,Tobačna,79
889e3719-7d29-4888-b690-5a1531d2930e,3429cda2-6047-453c-bf54-952dfa6674c0,7fa32ea0-e884-435a-a81c-51bbd5cedf3e,Zaloška,1446
889e3719-7d29-4888-b690-5a1531d2930e,3429cda2-6047-453c-bf54-952dfa6674c0,9b0074d2-2c92-4c01-830b-00be8e05b412,Cukrarna,385
889e3719-7d29-4888-b690-5a1531d2930e,3429cda2-6047-453c-bf54-952dfa6674c0,fef200e9-4d98-425b-ab14-8110e2aa85d7,Drama,549
889e3719-7d29-4888-b690-5a1531d2930e,3429cda2-6047-453c-bf54-952dfa6674c0,aa42017d-812a-4175-bc9b-0fec03b18931,Ambrožev trg,1689
889e3719-7d29-4888-b690-5a1531d2930e,3429cda2-6047-453c-bf54-952dfa6674c0,484b5c91-1220-43ba-af79-84e712fcc46b,Slovenija avto,343
889e3719-7d29-4888-b690-5a1531d2930e,3429cda2-6047-453c-bf54-952dfa6674c0,f2fc2702-e9da-4c36-b6fc-9f52199e4574,Rakovnik,66
889e3719-7d29-4888-b690-5a1531d2930e,3429cda2-6047-453c-bf54-952dfa6674c0,4062cd22-b67a-4235-9980-0178b7add592,Drama,38
889e3719-7d29-4888-b690-5a1531d2930e,3429cda2-6047-453c-bf54-952dfa6674c0,48b163cd-b819-4849-aee1-8b1da77657ab,Šentvid,748
889e3719-7d29-4888-b690-5a1531d2930e,3429cda2-6047-453c-bf54-952dfa6674c0,fef200e9-4d98-425b-ab14-8110e2aa85d7,Drama,178
889e3719-7d29-4888-b690-5a1531d2930e,3429cda2-6047-453c-bf54-952dfa6674c0,4062cd22-b67a-4235-9980-0178b7add592,Drama,653
889e3719-7d29-4888-b690-5a1531d2930e,3429cda2-6047-453c-bf54-952dfa6674c0,192b7b6a-b138-4569-a4f3-86bef6b20810,Letališka,191
889e3719-7d29-4888-b690-5a1531d2930e,3429cda2-6047-453c-bf54-952dfa6674c0,47a3bd8a-72ae-4e20-b43f-10bfaf49012c,Ob sotočju,77
889e3719-7d29-4888-b690-5a1531d2930e,3429cda2-6047-453c-bf54-952dfa6674c0,7fad8003-fb10-489d-bf8d-6d433310ad90,Nove Jarše,962
889e3719-7d29-4888-b690-5a1531d2930e,3429cda2-6047-453c-bf54-952dfa6674c0,a2ce7e6f-0f99-443a-a973-81a0b9c60261,Astra,84
889e3719-7d29-4888-b690-5a1531d2930e,3429cda2-6047-453c-bf54-952dfa6674c0,4062cd22-b67a-4235-9980-0178b7add592,Drama,1938
889e3719-7d29-4888-b690-5a1531d2930e,3429cda2-6047-453c-bf54-952dfa6674c0,38b3abed-0592-407b-96c3-85a026f2e192,Dalmatinova,30
889e3719-7d29-4888-b690-5a1531d2930e,3429cda2-6047-453c-bf54-952dfa6674c0,aa42017d-812a-4175-bc9b-0fec03b18931,Ambrožev trg,588
889e3719-7d29-4888-b690-5a1531d2930e,3429cda2-6047-453c-bf54-952dfa6674c0,f4cfd904-bd11-4247-95df-32c4555a930f,Klinični center,72
889e3719-7d29-4888-b690-5a1531d2930e,3429cda2-6047-453c-bf54-952dfa6674c0,fef200e9-4d98-425b-ab14-8110e2aa85d7,Drama,1859
889e3719-7d29-4888-b690-5a1531d2930e,3429cda2-6047-453c-bf54-952dfa6674c0,dd57f39b-be0f-479e-bc35-5bd2edf98ff2,Bolnica,927
889e3719-7d29-4888-b690-5a1531d2930e,3429cda2-6047-453c-bf54-952dfa6674c0,b905ae6a-f1e1-4057-8923-481902ed5a8e,Konzorcij,107
889e3719-7d29-4888-b690-5a1531d2930e,3429cda2-6047-453c-bf54-952dfa6674c0,fef200e9-4d98-425b-ab14-8110e2aa85d7,Drama,13
889e3719-7d29-4888-b690-5a1531d2930e,3429cda2-6047-453c-bf54-952dfa6674c0,N/A,N/A,4525
889e3719-7d29-4888-b690-5a1531d2930e,3429cda2-6047-453c-bf54-952dfa6674c0,12618339-2c2d-49ec-b0e0-2517c11991f8,Mirje,3096
889e3719-7d29-4888-b690-5a1531d2930e,3429cda2-6047-453c-bf54-952dfa6674c0,4062cd22-b67a-4235-9980-0178b7add592,Drama,606
889e3719-7d29-4888-b690-5a1531d2930e,3429cda2-6047-453c-bf54-952dfa6674c0,fef200e9-4d98-425b-ab14-8110e2aa85d7,Drama,1487
889e3719-7d29-4888-b690-5a1531d2930e,3429cda2-6047-453c-bf54-952dfa6674c0,9845a6f7-ba79-4f3d-b6ae-969651ef6001,Tomačevska,1002
889e3719-7d29-4888-b690-5a1531d2930e,3429cda2-6047-453c-bf54-952dfa6674c0,fef200e9-4d98-425b-ab14-8110e2aa85d7,Drama,2108
889e3719-7d29-4888-b690-5a1531d2930e,3429cda2-6047-453c-bf54-952dfa6674c0,4062cd22-b67a-4235-9980-0178b7add592,Drama,899
889e3719-7d29-4888-b690-5a1531d2930e,3429cda2-6047-453c-bf54-952dfa6674c0,3429cda2-6047-453c-bf54-952dfa6674c0,Klinični center,3124
889e3719-7d29-4888-b690-5a1531d2930e,3429cda2-6047-453c-bf54-952dfa6674c0,fef200e9-4d98-425b-ab14-8110e2aa85d7,Drama,485
889e3719-7d29-4888-b690-5a1531d2930e,3429cda2-6047-453c-bf54-952dfa6674c0,fef200e9-4d98-425b-ab14-8110e2aa85d7,Drama,523
889e3719-7d29-4888-b690-5a1531d2930e,3429cda2-6047-453c-bf54-952dfa6674c0,c87db9be-1fba-4102-a743-0ee4317dd5af,Bavarski dvor,20
889e3719-7d29-4888-b690-5a1531d2930e,3429cda2-6047-453c-bf54-952dfa6674c0,a719a87c-4e93-4387-a6d1-2631a487f7e0,Ajdovščina,583
889e3719-7d29-4888-b690-5a1531d2930e,3429cda2-6047-453c-bf54-952dfa6674c0,7310c006-62b8-4f94-bb9c-d5c26cb3faad,Polje,439
889e3719-7d29-4888-b690-5a1531d2930e,3429cda2-6047-453c-bf54-952dfa6674c0,a0e0a21b-b8ce-4d76-bbc2-04e179367fee,Šola Jarše,662
889e3719-7d29-4888-b690-5a1531d2930e,3429cda2-6047-453c-bf54-952dfa6674c0,eaad1ba5-14a4-494f-80ae-65294c29a962,Rožna dolina,1490
889e3719-7d29-4888-b690-5a1531d2930e,3429cda2-6047-453c-bf54-952dfa6674c0,769b7bc7-4f95-4bb2-9c99-37ba8e8b4bd5,D. MOST P+R,404
889e3719-7d29-4888-b690-5a1531d2930e,3429cda2-6047-453c-bf54-952dfa6674c0,4062cd22-b67a-4235-9980-0178b7add592,Drama,17
889e3719-7d29-4888-b690-5a1531d2930e,3429cda2-6047-453c-bf54-952dfa6674c0,fef200e9-4d98-425b-ab14-8110e2aa85d7,Drama,55
889e3719-7d29-4888-b690-5a1531d2930e,3429cda2-6047-453c-bf54-952dfa6674c0,6efecef0-52ba-4a47-9991-9bab5ce31340,Ajdovščina,103
889e3719-7d29-4888-b690-5a1531d2930e,3429cda2-6047-453c-bf54-952dfa6674c0,61926b26-d777-483f-ae79-86766c48793b,Tržnica Koseze,101
889e3719-7d29-4888-b690-5a1531d2930e,3429cda2-6047-453c-bf54-952dfa6674c0,15c71406-72b5-4681-8b1a-29eb30eb3f76,Kristalna palača,1253
889e3719-7d29-4888-b690-5a1531d2930e,3429cda2-6047-453c-bf54-952dfa6674c0,79d89180-8b07-4127-b7b4-1ac03d1cee9f,Kompas,2463
889e3719-7d29-4888-b690-5a1531d2930e,3429cda2-6047-453c-bf54-952dfa6674c0,a719a87c-4e93-4387-a6d1-2631a487f7e0,Ajdovščina,168
889e3719-7d29-4888-b690-5a1531d2930e,3429cda2-6047-453c-bf54-952dfa6674c0,bea274aa-277a-403d-ab2f-a0342b28882e,Križanke,886
889e3719-7d29-4888-b690-5a1531d2930e,3429cda2-6047-453c-bf54-952dfa6674c0,7c149b59-2bc6-45cb-95c8-69e18a0db627,Rusjanov trg,96
889e3719-7d29-4888-b690-5a1531d2930e,3429cda2-6047-453c-bf54-952dfa6674c0,fef200e9-4d98-425b-ab14-8110e2aa85d7,Drama,22
889e3719-7d29-4888-b690-5a1531d2930e,3429cda2-6047-453c-bf54-952dfa6674c0,38b3abed-0592-407b-96c3-85a026f2e192,Dalmatinova,342
889e3719-7d29-4888-b690-5a1531d2930e,3429cda2-6047-453c-bf54-952dfa6674c0,9b85d4b0-c594-4e0e-9ce2-d0986256c270,Tavčarjeva,432
889e3719-7d29-4888-b690-5a1531d2930e,3429cda2-6047-453c-bf54-952dfa6674c0,25ad5579-f6a0-4f35-a0c9-0678b41e9dde,Križanke,75
889e3719-7d29-4888-b690-5a1531d2930e,3429cda2-6047-453c-bf54-952dfa6674c0,9bb1ed3b-5a6f-43c7-afaf-ba2b60ca1a7a,Aškerčeva,83
889e3719-7d29-4888-b690-5a1531d2930e,3429cda2-6047-453c-bf54-952dfa6674c0,fef200e9-4d98-425b-ab14-8110e2aa85d7,Drama,164
889e3719-7d29-4888-b690-5a1531d2930e,3429cda2-6047-453c-bf54-952dfa6674c0,a719a87c-4e93-4387-a6d1-2631a487f7e0,Ajdovščina,1200
889e3719-7d29-4888-b690-5a1531d2930e,3429cda2-6047-453c-bf54-952dfa6674c0,b905ae6a-f1e1-4057-8923-481902ed5a8e,Konzorcij,44
889e3719-7d29-4888-b690-5a1531d2930e,3429cda2-6047-453c-bf54-952dfa6674c0,25ad5579-f6a0-4f35-a0c9-0678b41e9dde,Križanke,619
889e3719-7d29-4888-b690-5a1531d2930e,3429cda2-6047-453c-bf54-952dfa6674c0,fef200e9-4d98-425b-ab14-8110e2aa85d7,Drama,987
889e3719-7d29-4888-b690-5a1531d2930e,3429cda2-6047-453c-bf54-952dfa6674c0,295616c0-387b-4f60-a337-7743cd6be04e,Bavarski dvor,260
889e3719-7d29-4888-b690-5a1531d2930e,3429cda2-6047-453c-bf54-952dfa6674c0,b905ae6a-f1e1-4057-8923-481902ed5a8e,Konzorcij,319
889e3719-7d29-4888-b690-5a1531d2930e,3429cda2-6047-453c-bf54-952dfa6674c0,f73d3fb2-082c-4518-8af2-45de5490df4e,LITOSTROJ,1587
889e3719-7d29-4888-b690-5a1531d2930e,3429cda2-6047-453c-bf54-952dfa6674c0,a719a87c-4e93-4387-a6d1-2631a487f7e0,Ajdovščina,1017
889e3719-7d29-4888-b690-5a1531d2930e,3429cda2-6047-453c-bf54-952dfa6674c0,48507e1a-32df-4552-9448-3b345760b75f,Cesta na Vevče,1274
889e3719-7d29-4888-b690-5a1531d2930e,3429cda2-6047-453c-bf54-952dfa6674c0,60ccc570-3714-410b-aa31-43d3a4c593c8,Tržnica Moste,1627
889e3719-7d29-4888-b690-5a1531d2930e,3429cda2-6047-453c-bf54-952dfa6674c0,5d7f28a6-2a2a-4333-aa06-48edfb652f86,Pošta,554
889e3719-7d29-4888-b690-5a1531d2930e,3429cda2-6047-453c-bf54-952dfa6674c0,9b85d4b0-c594-4e0e-9ce2-d0986256c270,Tavčarjeva,546
889e3719-7d29-4888-b690-5a1531d2930e,3429cda2-6047-453c-bf54-952dfa6674c0,4c277b3f-c427-404b-ace3-2cd51656318f,Tehnounion,1555
889e3719-7d29-4888-b690-5a1531d2930e,3429cda2-6047-453c-bf54-952dfa6674c0,25ad5579-f6a0-4f35-a0c9-0678b41e9dde,Križanke,287
889e3719-7d29-4888-b690-5a1531d2930e,3429cda2-6047-453c-bf54-952dfa6674c0,b829062a-2644-4350-b998-74522d9e85d8,Lutkovno gl.,476
889e3719-7d29-4888-b690-5a1531d2930e,3429cda2-6047-453c-bf54-952dfa6674c0,c0e6a237-3879-4336-88b6-5af51408cc7e,AMZS,1552
889e3719-7d29-4888-b690-5a1531d2930e,3429cda2-6047-453c-bf54-952dfa6674c0,7fa32ea0-e884-435a-a81c-51bbd5cedf3e,Zaloška,2013
889e3719-7d29-4888-b690-5a1531d2930e,3429cda2-6047-453c-bf54-952dfa6674c0,9bb1ed3b-5a6f-43c7-afaf-ba2b60ca1a7a,Aškerčeva,464
889e3719-7d29-4888-b690-5a1531d2930e,3429cda2-6047-453c-bf54-952dfa6674c0,5d7f28a6-2a2a-4333-aa06-48edfb652f86,Pošta,296
889e3719-7d29-4888-b690-5a1531d2930e,3429cda2-6047-453c-bf54-952dfa6674c0,c87db9be-1fba-4102-a743-0ee4317dd5af,Bavarski dvor,2410
889e3719-7d29-4888-b690-5a1531d2930e,3429cda2-6047-453c-bf54-952dfa6674c0,fef200e9-4d98-425b-ab14-8110e2aa85d7,Drama,13
889e3719-7d29-4888-b690-5a1531d2930e,3429cda2-6047-453c-bf54-952dfa6674c0,3429cda2-6047-453c-bf54-952dfa6674c0,Klinični center,67
889e3719-7d29-4888-b690-5a1531d2930e,3429cda2-6047-453c-bf54-952dfa6674c0,c87db9be-1fba-4102-a743-0ee4317dd5af,Bavarski dvor,860
889e3719-7d29-4888-b690-5a1531d2930e,3429cda2-6047-453c-bf54-952dfa6674c0,111b2cdc-67ca-47bc-a8eb-8a4c6a0674d9,Tabor,324
889e3719-7d29-4888-b690-5a1531d2930e,3429cda2-6047-453c-bf54-952dfa6674c0,8f56b058-1ae3-44f5-8600-4330f2264d78,Privoz,876
889e3719-7d29-4888-b690-5a1531d2930e,3429cda2-6047-453c-bf54-952dfa6674c0,fef200e9-4d98-425b-ab14-8110e2aa85d7,Drama,475
889e3719-7d29-4888-b690-5a1531d2930e,3429cda2-6047-453c-bf54-952dfa6674c0,4062cd22-b67a-4235-9980-0178b7add592,Drama,1274
889e3719-7d29-4888-b690-5a1531d2930e,3429cda2-6047-453c-bf54-952dfa6674c0,bd1a0fbd-1593-4552-a76f-681c59333d6b,Savsko naselje,243
889e3719-7d29-4888-b690-5a1531d2930e,3429cda2-6047-453c-bf54-952dfa6674c0,4062cd22-b67a-4235-9980-0178b7add592,Drama,27
889e3719-7d29-4888-b690-5a1531d2930e,3429cda2-6047-453c-bf54-952dfa6674c0,7fa32ea0-e884-435a-a81c-51bbd5cedf3e,Zaloška,267
889e3719-7d29-4888-b690-5a1531d2930e,3429cda2-6047-453c-bf54-952dfa6674c0,55f1ae46-11e5-4270-991f-f09dae6c58bf,Kodeljevo,111
889e3719-7d29-4888-b690-5a1531d2930e,3429cda2-6047-453c-bf54-952dfa6674c0,a719a87c-4e93-4387-a6d1-2631a487f7e0,Ajdovščina,803
889e3719-7d29-4888-b690-5a1531d2930e,3429cda2-6047-453c-bf54-952dfa6674c0,9bb1ed3b-5a6f-43c7-afaf-ba2b60ca1a7a,Aškerčeva,145
889e3719-7d29-4888-b690-5a1531d2930e,3429cda2-6047-453c-bf54-952dfa6674c0,fef200e9-4d98-425b-ab14-8110e2aa85d7,Drama,2002
889e3719-7d29-4888-b690-5a1531d2930e,3429cda2-6047-453c-bf54-952dfa6674c0,fef200e9-4d98-425b-ab14-8110e2aa85d7,Drama,523
889e3719-7d29-4888-b690-5a1531d2930e,3429cda2-6047-453c-bf54-952dfa6674c0,a719a87c-4e93-4387-a6d1-2631a487f7e0,Ajdovščina,1497
889e3719-7d29-4888-b690-5a1531d2930e,3429cda2-6047-453c-bf54-952dfa6674c0,c22879e5-8e90-4540-9a74-5f139208e492,Friškovec,237
889e3719-7d29-4888-b690-5a1531d2930e,3429cda2-6047-453c-bf54-952dfa6674c0,fef200e9-4d98-425b-ab14-8110e2aa85d7,Drama,62
889e3719-7d29-4888-b690-5a1531d2930e,3429cda2-6047-453c-bf54-952dfa6674c0,4038e02e-f22f-4af0-ba4f-7aab855b53af,Kneza Koclja,1200
889e3719-7d29-4888-b690-5a1531d2930e,3429cda2-6047-453c-bf54-952dfa6674c0,d72032c7-d4b0-4eee-a87c-593985a42266,Tobačna,80
889e3719-7d29-4888-b690-5a1531d2930e,3429cda2-6047-453c-bf54-952dfa6674c0,4062cd22-b67a-4235-9980-0178b7add592,Drama,742
889e3719-7d29-4888-b690-5a1531d2930e,3429cda2-6047-453c-bf54-952dfa6674c0,5d7f28a6-2a2a-4333-aa06-48edfb652f86,Pošta,683
889e3719-7d29-4888-b690-5a1531d2930e,3429cda2-6047-453c-bf54-952dfa6674c0,a378ce5e-57ce-4c52-b219-568674b5cd5e,Gornji trg,68
889e3719-7d29-4888-b690-5a1531d2930e,3429cda2-6047-453c-bf54-952dfa6674c0,454817d3-3750-49c7-994c-14d06fd2c634,Žale,46
889e3719-7d29-4888-b690-5a1531d2930e,3429cda2-6047-453c-bf54-952dfa6674c0,fef200e9-4d98-425b-ab14-8110e2aa85d7,Drama,761
889e3719-7d29-4888-b690-5a1531d2930e,3429cda2-6047-453c-bf54-952dfa6674c0,fef200e9-4d98-425b-ab14-8110e2aa85d7,Drama,1141
889e3719-7d29-4888-b690-5a1531d2930e,3429cda2-6047-453c-bf54-952dfa6674c0,557f714a-6f4a-4c98-8c5a-d74fa34b2adb,Hrvatski trg,723
889e3719-7d29-4888-b690-5a1531d2930e,3429cda2-6047-453c-bf54-952dfa6674c0,b905ae6a-f1e1-4057-8923-481902ed5a8e,Konzorcij,104
889e3719-7d29-4888-b690-5a1531d2930e,3429cda2-6047-453c-bf54-952dfa6674c0,f33b721f-a8a3-4aad-96f2-077da09ebaa6,Razstavišče,363
889e3719-7d29-4888-b690-5a1531d2930e,3429cda2-6047-453c-bf54-952dfa6674c0,eead721b-8996-4e73-a2f9-02dba20df4fa,Ilirska,653
889e3719-7d29-4888-b690-5a1531d2930e,3429cda2-6047-453c-bf54-952dfa6674c0,4062cd22-b67a-4235-9980-0178b7add592,Drama,228
889e3719-7d29-4888-b690-5a1531d2930e,3429cda2-6047-453c-bf54-952dfa6674c0,4bd4913f-8597-4ea0-b219-4e9b15dcbb62,Jarše,230
889e3719-7d29-4888-b690-5a1531d2930e,3429cda2-6047-453c-bf54-952dfa6674c0,a9796806-8cd3-4b76-bf8c-4340aec35c9e,Lutkovno gl.,253
889e3719-7d29-4888-b690-5a1531d2930e,3429cda2-6047-453c-bf54-952dfa6674c0,a719a87c-4e93-4387-a6d1-2631a487f7e0,Ajdovščina,614
889e3719-7d29-4888-b690-5a1531d2930e,3429cda2-6047-453c-bf54-952dfa6674c0,fef200e9-4d98-425b-ab14-8110e2aa85d7,Drama,27
889e3719-7d29-4888-b690-5a1531d2930e,3429cda2-6047-453c-bf54-952dfa6674c0,4062cd22-b67a-4235-9980-0178b7add592,Drama,398
889e3719-7d29-4888-b690-5a1531d2930e,3429cda2-6047-453c-bf54-952dfa6674c0,7310c006-62b8-4f94-bb9c-d5c26cb3faad,Polje,321
889e3719-7d29-4888-b690-5a1531d2930e,3429cda2-6047-453c-bf54-952dfa6674c0,b905ae6a-f1e1-4057-8923-481902ed5a8e,Konzorcij,95
889e3719-7d29-4888-b690-5a1531d2930e,3429cda2-6047-453c-bf54-952dfa6674c0,bea274aa-277a-403d-ab2f-a0342b28882e,Križanke,18
889e3719-7d29-4888-b690-5a1531d2930e,3429cda2-6047-453c-bf54-952dfa6674c0,4062cd22-b67a-4235-9980-0178b7add592,Drama,1339
889e3719-7d29-4888-b690-5a1531d2930e,3429cda2-6047-453c-bf54-952dfa6674c0,bea274aa-277a-403d-ab2f-a0342b28882e,Križanke,1023
889e3719-7d29-4888-b690-5a1531d2930e,3429cda2-6047-453c-bf54-952dfa6674c0,f528b363-1484-456c-835b-1e08dc31ef8e,Gornji Rudnik,645
889e3719-7d29-4888-b690-5a1531d2930e,3429cda2-6047-453c-bf54-952dfa6674c0,ef31a8be-b01d-44cd-95cf-3db8e918af26,Emona,925
889e3719-7d29-4888-b690-5a1531d2930e,3429cda2-6047-453c-bf54-952dfa6674c0,a719a87c-4e93-4387-a6d1-2631a487f7e0,Ajdovščina,180
889e3719-7d29-4888-b690-5a1531d2930e,3429cda2-6047-453c-bf54-952dfa6674c0,105e10e7-fbab-4f99-94c9-178c25630b42,Brodarjev trg,681
889e3719-7d29-4888-b690-5a1531d2930e,3429cda2-6047-453c-bf54-952dfa6674c0,b59656a4-b6e7-4b87-977c-078c59088a50,Hajdrihova,891
889e3719-7d29-4888-b690-5a1531d2930e,3429cda2-6047-453c-bf54-952dfa6674c0,5d7f28a6-2a2a-4333-aa06-48edfb652f86,Pošta,55
889e3719-7d29-4888-b690-5a1531d2930e,3429cda2-6047-453c-bf54-952dfa6674c0,6182f8e8-c45e-4606-b4a4-d909bd44d2cc,Gornji trg,508
889e3719-7d29-4888-b690-5a1531d2930e,3429cda2-6047-453c-bf54-952dfa6674c0,4062cd22-b67a-4235-9980-0178b7add592,Drama,685
889e3719-7d29-4888-b690-5a1531d2930e,3429cda2-6047-453c-bf54-952dfa6674c0,a719a87c-4e93-4387-a6d1-2631a487f7e0,Ajdovščina,1213
889e3719-7d29-4888-b690-5a1531d2930e,3429cda2-6047-453c-bf54-952dfa6674c0,4062cd22-b67a-4235-9980-0178b7add592,Drama,153
889e3719-7d29-4888-b690-5a1531d2930e,3429cda2-6047-453c-bf54-952dfa6674c0,8eeea585-6168-45b8-a5d4-336e61826043,Zapuže,1239
889e3719-7d29-4888-b690-5a1531d2930e,3429cda2-6047-453c-bf54-952dfa6674c0,47252dc3-dbd8-43df-898b-0a3fb27ffc93,Pod Golovcem,151
889e3719-7d29-4888-b690-5a1531d2930e,3429cda2-6047-453c-bf54-952dfa6674c0,4062cd22-b67a-4235-9980-0178b7add592,Drama,1160
889e3719-7d29-4888-b690-5a1531d2930e,3429cda2-6047-453c-bf54-952dfa6674c0,9b85d4b0-c594-4e0e-9ce2-d0986256c270,Tavčarjeva,976
889e3719-7d29-4888-b690-5a1531d2930e,3429cda2-6047-453c-bf54-952dfa6674c0,a719a87c-4e93-4387-a6d1-2631a487f7e0,Ajdovščina,254
889e3719-7d29-4888-b690-5a1531d2930e,3429cda2-6047-453c-bf54-952dfa6674c0,8eeea585-6168-45b8-a5d4-336e61826043,Zapuže,594
889e3719-7d29-4888-b690-5a1531d2930e,3429cda2-6047-453c-bf54-952dfa6674c0,16578e36-c682-4083-bd29-4973445dc0fe,Gosposvetska,395
889e3719-7d29-4888-b690-5a1531d2930e,3429cda2-6047-453c-bf54-952dfa6674c0,fef200e9-4d98-425b-ab14-8110e2aa85d7,Drama,1742
889e3719-7d29-4888-b690-5a1531d2930e,3429cda2-6047-453c-bf54-952dfa6674c0,48b163cd-b819-4849-aee1-8b1da77657ab,Šentvid,3601
889e3719-7d29-4888-b690-5a1531d2930e,3429cda2-6047-453c-bf54-952dfa6674c0,8a224b7d-24ae-4c7b-8318-f66ac8cc078b,Zakrajškova,968
889e3719-7d29-4888-b690-5a1531d2930e,3429cda2-6047-453c-bf54-952dfa6674c0,25ad5579-f6a0-4f35-a0c9-0678b41e9dde,Križanke,26
889e3719-7d29-4888-b690-5a1531d2930e,3429cda2-6047-453c-bf54-952dfa6674c0,fef200e9-4d98-425b-ab14-8110e2aa85d7,Drama,1956
889e3719-7d29-4888-b690-5a1531d2930e,3429cda2-6047-453c-bf54-952dfa6674c0,d72032c7-d4b0-4eee-a87c-593985a42266,Tobačna,75
889e3719-7d29-4888-b690-5a1531d2930e,3429cda2-6047-453c-bf54-952dfa6674c0,105e10e7-fbab-4f99-94c9-178c25630b42,Brodarjev trg,930
889e3719-7d29-4888-b690-5a1531d2930e,3429cda2-6047-453c-bf54-952dfa6674c0,bea274aa-277a-403d-ab2f-a0342b28882e,Križanke,135
889e3719-7d29-4888-b690-5a1531d2930e,3429cda2-6047-453c-bf54-952dfa6674c0,b905ae6a-f1e1-4057-8923-481902ed5a8e,Konzorcij,193
889e3719-7d29-4888-b690-5a1531d2930e,3429cda2-6047-453c-bf54-952dfa6674c0,eee4abae-e720-4776-b6c7-0099d0119246,Ruski car,1696
889e3719-7d29-4888-b690-5a1531d2930e,3429cda2-6047-453c-bf54-952dfa6674c0,fef200e9-4d98-425b-ab14-8110e2aa85d7,Drama,668
889e3719-7d29-4888-b690-5a1531d2930e,3429cda2-6047-453c-bf54-952dfa6674c0,087e50b6-7677-4a85-802f-5694266fe38b,Aškerčeva,9
889e3719-7d29-4888-b690-5a1531d2930e,3429cda2-6047-453c-bf54-952dfa6674c0,7bcbdcaa-00b9-47d4-8982-09da26cd7bcb,Zaloška,606
889e3719-7d29-4888-b690-5a1531d2930e,3429cda2-6047-453c-bf54-952dfa6674c0,b905ae6a-f1e1-4057-8923-481902ed5a8e,Konzorcij,1313
889e3719-7d29-4888-b690-5a1531d2930e,3429cda2-6047-453c-bf54-952dfa6674c0,f2b27cbd-5207-4281-8f67-6369d0c50a9b,Kodrova,436
889e3719-7d29-4888-b690-5a1531d2930e,3429cda2-6047-453c-bf54-952dfa6674c0,4bd4913f-8597-4ea0-b219-4e9b15dcbb62,Jarše,852
889e3719-7d29-4888-b690-5a1531d2930e,3429cda2-6047-453c-bf54-952dfa6674c0,4062cd22-b67a-4235-9980-0178b7add592,Drama,414
889e3719-7d29-4888-b690-5a1531d2930e,3429cda2-6047-453c-bf54-952dfa6674c0,fef200e9-4d98-425b-ab14-8110e2aa85d7,Drama,166
889e3719-7d29-4888-b690-5a1531d2930e,3429cda2-6047-453c-bf54-952dfa6674c0,eb669f04-cfb6-4ea4-90c9-26eb551ecb45,Bilečanska,295
889e3719-7d29-4888-b690-5a1531d2930e,3429cda2-6047-453c-bf54-952dfa6674c0,6c56976b-4ae1-429f-bcab-0cfc37e3580d,Zgornji log,188
889e3719-7d29-4888-b690-5a1531d2930e,3429cda2-6047-453c-bf54-952dfa6674c0,a378ce5e-57ce-4c52-b219-568674b5cd5e,Gornji trg,608
889e3719-7d29-4888-b690-5a1531d2930e,3429cda2-6047-453c-bf54-952dfa6674c0,f528b363-1484-456c-835b-1e08dc31ef8e,Gornji Rudnik,65
889e3719-7d29-4888-b690-5a1531d2930e,3429cda2-6047-453c-bf54-952dfa6674c0,25ad5579-f6a0-4f35-a0c9-0678b41e9dde,Križanke,31
889e3719-7d29-4888-b690-5a1531d2930e,3429cda2-6047-453c-bf54-952dfa6674c0,ba846253-4c87-4120-8f1c-05a563bf3999,Nove Žale,174
889e3719-7d29-4888-b690-5a1531d2930e,3429cda2-6047-453c-bf54-952dfa6674c0,a719a87c-4e93-4387-a6d1-2631a487f7e0,Ajdovščina,307
889e3719-7d29-4888-b690-5a1531d2930e,3429cda2-6047-453c-bf54-952dfa6674c0,4062cd22-b67a-4235-9980-0178b7add592,Drama,1080
889e3719-7d29-4888-b690-5a1531d2930e,3429cda2-6047-453c-bf54-952dfa6674c0,fef200e9-4d98-425b-ab14-8110e2aa85d7,Drama,38
889e3719-7d29-4888-b690-5a1531d2930e,3429cda2-6047-453c-bf54-952dfa6674c0,fef200e9-4d98-425b-ab14-8110e2aa85d7,Drama,1838
889e3719-7d29-4888-b690-5a1531d2930e,3429cda2-6047-453c-bf54-952dfa6674c0,c87db9be-1fba-4102-a743-0ee4317dd5af,Bavarski dvor,1084
889e3719-7d29-4888-b690-5a1531d2930e,3429cda2-6047-453c-bf54-952dfa6674c0,16578e36-c682-4083-bd29-4973445dc0fe,Gosposvetska,900
889e3719-7d29-4888-b690-5a1531d2930e,3429cda2-6047-453c-bf54-952dfa6674c0,fef200e9-4d98-425b-ab14-8110e2aa85d7,Drama,461
889e3719-7d29-4888-b690-5a1531d2930e,3429cda2-6047-453c-bf54-952dfa6674c0,4062cd22-b67a-4235-9980-0178b7add592,Drama,269
889e3719-7d29-4888-b690-5a1531d2930e,3429cda2-6047-453c-bf54-952dfa6674c0,4062cd22-b67a-4235-9980-0178b7add592,Drama,456
889e3719-7d29-4888-b690-5a1531d2930e,3429cda2-6047-453c-bf54-952dfa6674c0,a719a87c-4e93-4387-a6d1-2631a487f7e0,Ajdovščina,898
889e3719-7d29-4888-b690-5a1531d2930e,3429cda2-6047-453c-bf54-952dfa6674c0,95eee7e8-237d-4410-a9bf-00c6f88129c1,Cukrarna,618
889e3719-7d29-4888-b690-5a1531d2930e,3429cda2-6047-453c-bf54-952dfa6674c0,25ad5579-f6a0-4f35-a0c9-0678b41e9dde,Križanke,779
889e3719-7d29-4888-b690-5a1531d2930e,3429cda2-6047-453c-bf54-952dfa6674c0,d3a06374-ab12-456b-9c00-55461af341fa,Na Žalah,982
889e3719-7d29-4888-b690-5a1531d2930e,3429cda2-6047-453c-bf54-952dfa6674c0,5fa77d25-e7a3-42db-8cc9-52b612d5de19,Preglov trg,731
889e3719-7d29-4888-b690-5a1531d2930e,3429cda2-6047-453c-bf54-952dfa6674c0,484b5c91-1220-43ba-af79-84e712fcc46b,Slovenija avto,2751
889e3719-7d29-4888-b690-5a1531d2930e,3429cda2-6047-453c-bf54-952dfa6674c0,16578e36-c682-4083-bd29-4973445dc0fe,Gosposvetska,1213
889e3719-7d29-4888-b690-5a1531d2930e,3429cda2-6047-453c-bf54-952dfa6674c0,fef200e9-4d98-425b-ab14-8110e2aa85d7,Drama,441
889e3719-7d29-4888-b690-5a1531d2930e,3429cda2-6047-453c-bf54-952dfa6674c0,fef200e9-4d98-425b-ab14-8110e2aa85d7,Drama,8
889e3719-7d29-4888-b690-5a1531d2930e,3429cda2-6047-453c-bf54-952dfa6674c0,484b5c91-1220-43ba-af79-84e712fcc46b,Slovenija avto,723
889e3719-7d29-4888-b690-5a1531d2930e,3429cda2-6047-453c-bf54-952dfa6674c0,7a256ec6-bb93-47eb-af92-ea62941c1dc6,Večna pot,526
889e3719-7d29-4888-b690-5a1531d2930e,3429cda2-6047-453c-bf54-952dfa6674c0,fef200e9-4d98-425b-ab14-8110e2aa85d7,Drama,78
889e3719-7d29-4888-b690-5a1531d2930e,3429cda2-6047-453c-bf54-952dfa6674c0,6182f8e8-c45e-4606-b4a4-d909bd44d2cc,Gornji trg,457
889e3719-7d29-4888-b690-5a1531d2930e,3429cda2-6047-453c-bf54-952dfa6674c0,484b5c91-1220-43ba-af79-84e712fcc46b,Slovenija avto,56
889e3719-7d29-4888-b690-5a1531d2930e,3429cda2-6047-453c-bf54-952dfa6674c0,087e50b6-7677-4a85-802f-5694266fe38b,Aškerčeva,1130
889e3719-7d29-4888-b690-5a1531d2930e,3429cda2-6047-453c-bf54-952dfa6674c0,25ad5579-f6a0-4f35-a0c9-0678b41e9dde,Križanke,633
889e3719-7d29-4888-b690-5a1531d2930e,3429cda2-6047-453c-bf54-952dfa6674c0,c124f317-217b-4b89-9597-393843de4f81,Nusdorferjeva,1304
889e3719-7d29-4888-b690-5a1531d2930e,3429cda2-6047-453c-bf54-952dfa6674c0,25ad5579-f6a0-4f35-a0c9-0678b41e9dde,Križanke,112
889e3719-7d29-4888-b690-5a1531d2930e,3429cda2-6047-453c-bf54-952dfa6674c0,557f714a-6f4a-4c98-8c5a-d74fa34b2adb,Hrvatski trg,744
889e3719-7d29-4888-b690-5a1531d2930e,3429cda2-6047-453c-bf54-952dfa6674c0,16578e36-c682-4083-bd29-4973445dc0fe,Gosposvetska,62
889e3719-7d29-4888-b690-5a1531d2930e,3429cda2-6047-453c-bf54-952dfa6674c0,f2bac6f5-5bbc-4f15-acdd-014d86770ce9,Kneza Koclja,618
889e3719-7d29-4888-b690-5a1531d2930e,3429cda2-6047-453c-bf54-952dfa6674c0,717dda7e-d793-4697-8f60-b64ee8b1edc4,Gosposvetska,328
889e3719-7d29-4888-b690-5a1531d2930e,3429cda2-6047-453c-bf54-952dfa6674c0,fef200e9-4d98-425b-ab14-8110e2aa85d7,Drama,24
889e3719-7d29-4888-b690-5a1531d2930e,3429cda2-6047-453c-bf54-952dfa6674c0,295616c0-387b-4f60-a337-7743cd6be04e,Bavarski dvor,3330
889e3719-7d29-4888-b690-5a1531d2930e,3429cda2-6047-453c-bf54-952dfa6674c0,1cc5f00f-c982-4016-8553-40a3da4f36ad,Dobrunjska c.,370
889e3719-7d29-4888-b690-5a1531d2930e,3429cda2-6047-453c-bf54-952dfa6674c0,fef200e9-4d98-425b-ab14-8110e2aa85d7,Drama,126
889e3719-7d29-4888-b690-5a1531d2930e,3429cda2-6047-453c-bf54-952dfa6674c0,9b0074d2-2c92-4c01-830b-00be8e05b412,Cukrarna,270
889e3719-7d29-4888-b690-5a1531d2930e,3429cda2-6047-453c-bf54-952dfa6674c0,4062cd22-b67a-4235-9980-0178b7add592,Drama,351
889e3719-7d29-4888-b690-5a1531d2930e,3429cda2-6047-453c-bf54-952dfa6674c0,fef200e9-4d98-425b-ab14-8110e2aa85d7,Drama,108
889e3719-7d29-4888-b690-5a1531d2930e,3429cda2-6047-453c-bf54-952dfa6674c0,7fad8003-fb10-489d-bf8d-6d433310ad90,Nove Jarše,715
889e3719-7d29-4888-b690-5a1531d2930e,3429cda2-6047-453c-bf54-952dfa6674c0,eead721b-8996-4e73-a2f9-02dba20df4fa,Ilirska,177
889e3719-7d29-4888-b690-5a1531d2930e,3429cda2-6047-453c-bf54-952dfa6674c0,a719a87c-4e93-4387-a6d1-2631a487f7e0,Ajdovščina,520
889e3719-7d29-4888-b690-5a1531d2930e,3429cda2-6047-453c-bf54-952dfa6674c0,ee837fd9-7a5c-4f14-bbd7-a46f14eb07c5,Glonarjeva,155
889e3719-7d29-4888-b690-5a1531d2930e,3429cda2-6047-453c-bf54-952dfa6674c0,8598b85d-3e1d-4767-b72f-0c209038841f,Štepanja vas,481
889e3719-7d29-4888-b690-5a1531d2930e,3429cda2-6047-453c-bf54-952dfa6674c0,a719a87c-4e93-4387-a6d1-2631a487f7e0,Ajdovščina,1024
889e3719-7d29-4888-b690-5a1531d2930e,3429cda2-6047-453c-bf54-952dfa6674c0,5d7f28a6-2a2a-4333-aa06-48edfb652f86,Pošta,15
889e3719-7d29-4888-b690-5a1531d2930e,3429cda2-6047-453c-bf54-952dfa6674c0,fef200e9-4d98-425b-ab14-8110e2aa85d7,Drama,6
889e3719-7d29-4888-b690-5a1531d2930e,3429cda2-6047-453c-bf54-952dfa6674c0,c124f317-217b-4b89-9597-393843de4f81,Nusdorferjeva,1609
889e3719-7d29-4888-b690-5a1531d2930e,3429cda2-6047-453c-bf54-952dfa6674c0,f2b27cbd-5207-4281-8f67-6369d0c50a9b,Kodrova,927
889e3719-7d29-4888-b690-5a1531d2930e,3429cda2-6047-453c-bf54-952dfa6674c0,1b3ddeca-a066-43ee-9ae5-8339628129c2,Žale,525
889e3719-7d29-4888-b690-5a1531d2930e,3429cda2-6047-453c-bf54-952dfa6674c0,f2920a77-6c6c-494d-96b7-2a8caf8f374f,Mirje,2921
889e3719-7d29-4888-b690-5a1531d2930e,3429cda2-6047-453c-bf54-952dfa6674c0,8375ab17-e389-42b2-9b88-0210a049e321,Bonifacija,114
889e3719-7d29-4888-b690-5a1531d2930e,3429cda2-6047-453c-bf54-952dfa6674c0,9bb1ed3b-5a6f-43c7-afaf-ba2b60ca1a7a,Aškerčeva,49
889e3719-7d29-4888-b690-5a1531d2930e,3429cda2-6047-453c-bf54-952dfa6674c0,f33b721f-a8a3-4aad-96f2-077da09ebaa6,Razstavišče,1041
889e3719-7d29-4888-b690-5a1531d2930e,3429cda2-6047-453c-bf54-952dfa6674c0,9bb1ed3b-5a6f-43c7-afaf-ba2b60ca1a7a,Aškerčeva,1569
889e3719-7d29-4888-b690-5a1531d2930e,3429cda2-6047-453c-bf54-952dfa6674c0,fef200e9-4d98-425b-ab14-8110e2aa85d7,Drama,187
889e3719-7d29-4888-b690-5a1531d2930e,3429cda2-6047-453c-bf54-952dfa6674c0,95eee7e8-237d-4410-a9bf-00c6f88129c1,Cukrarna,116
889e3719-7d29-4888-b690-5a1531d2930e,3429cda2-6047-453c-bf54-952dfa6674c0,712ee105-4fab-498a-af5c-496ca9830f5f,Viadukt,411
889e3719-7d29-4888-b690-5a1531d2930e,3429cda2-6047-453c-bf54-952dfa6674c0,dc7b6fb3-15db-4c7e-9fa1-424943178ce6,LETALIŠKA P+R,854
889e3719-7d29-4888-b690-5a1531d2930e,3429cda2-6047-453c-bf54-952dfa6674c0,5d7f28a6-2a2a-4333-aa06-48edfb652f86,Pošta,255
889e3719-7d29-4888-b690-5a1531d2930e,3429cda2-6047-453c-bf54-952dfa6674c0,4062cd22-b67a-4235-9980-0178b7add592,Drama,853
889e3719-7d29-4888-b690-5a1531d2930e,3429cda2-6047-453c-bf54-952dfa6674c0,25ad5579-f6a0-4f35-a0c9-0678b41e9dde,Križanke,210
889e3719-7d29-4888-b690-5a1531d2930e,3429cda2-6047-453c-bf54-952dfa6674c0,557f714a-6f4a-4c98-8c5a-d74fa34b2adb,Hrvatski trg,110
889e3719-7d29-4888-b690-5a1531d2930e,3429cda2-6047-453c-bf54-952dfa6674c0,4062cd22-b67a-4235-9980-0178b7add592,Drama,1545
889e3719-7d29-4888-b690-5a1531d2930e,3429cda2-6047-453c-bf54-952dfa6674c0,6182f8e8-c45e-4606-b4a4-d909bd44d2cc,Gornji trg,1200
889e3719-7d29-4888-b690-5a1531d2930e,3429cda2-6047-453c-bf54-952dfa6674c0,25ad5579-f6a0-4f35-a0c9-0678b41e9dde,Križanke,1237
889e3719-7d29-4888-b690-5a1531d2930e,3429cda2-6047-453c-bf54-952dfa6674c0,639551cf-fe23-4363-8ccd-655bc5d4119e,Zmajski most,340
889e3719-7d29-4888-b690-5a1531d2930e,3429cda2-6047-453c-bf54-952dfa6674c0,fef200e9-4d98-425b-ab14-8110e2aa85d7,Drama,989
889e3719-7d29-4888-b690-5a1531d2930e,3429cda2-6047-453c-bf54-952dfa6674c0,454817d3-3750-49c7-994c-14d06fd2c634,Žale,1041
889e3719-7d29-4888-b690-5a1531d2930e,3429cda2-6047-453c-bf54-952dfa6674c0,6182f8e8-c45e-4606-b4a4-d909bd44d2cc,Gornji trg,80
889e3719-7d29-4888-b690-5a1531d2930e,3429cda2-6047-453c-bf54-952dfa6674c0,c8e0086c-0cef-4375-a471-72f3ae1e34fc,Strelišče,388
889e3719-7d29-4888-b690-5a1531d2930e,3429cda2-6047-453c-bf54-952dfa6674c0,79d89180-8b07-4127-b7b4-1ac03d1cee9f,Kompas,1125
889e3719-7d29-4888-b690-5a1531d2930e,3429cda2-6047-453c-bf54-952dfa6674c0,fef200e9-4d98-425b-ab14-8110e2aa85d7,Drama,83
889e3719-7d29-4888-b690-5a1531d2930e,3429cda2-6047-453c-bf54-952dfa6674c0,4062cd22-b67a-4235-9980-0178b7add592,Drama,62
889e3719-7d29-4888-b690-5a1531d2930e,3429cda2-6047-453c-bf54-952dfa6674c0,7310c006-62b8-4f94-bb9c-d5c26cb3faad,Polje,295
889e3719-7d29-4888-b690-5a1531d2930e,3429cda2-6047-453c-bf54-952dfa6674c0,a719a87c-4e93-4387-a6d1-2631a487f7e0,Ajdovščina,700
889e3719-7d29-4888-b690-5a1531d2930e,3429cda2-6047-453c-bf54-952dfa6674c0,bd1a0fbd-1593-4552-a76f-681c59333d6b,Savsko naselje,554
889e3719-7d29-4888-b690-5a1531d2930e,3429cda2-6047-453c-bf54-952dfa6674c0,379bc761-04b5-4227-be76-3b870fe3e69f,Pot na Fužine,187
889e3719-7d29-4888-b690-5a1531d2930e,3429cda2-6047-453c-bf54-952dfa6674c0,454817d3-3750-49c7-994c-14d06fd2c634,Žale,427
889e3719-7d29-4888-b690-5a1531d2930e,3429cda2-6047-453c-bf54-952dfa6674c0,a378ce5e-57ce-4c52-b219-568674b5cd5e,Gornji trg,53
889e3719-7d29-4888-b690-5a1531d2930e,3429cda2-6047-453c-bf54-952dfa6674c0,95732ece-1658-4e11-9b5f-b6ae5552e638,Zapuže,2121
889e3719-7d29-4888-b690-5a1531d2930e,3429cda2-6047-453c-bf54-952dfa6674c0,9b85d4b0-c594-4e0e-9ce2-d0986256c270,Tavčarjeva,682
889e3719-7d29-4888-b690-5a1531d2930e,3429cda2-6047-453c-bf54-952dfa6674c0,c0a064eb-b507-43c2-a6d2-0e9c5881f031,Središka,99
889e3719-7d29-4888-b690-5a1531d2930e,3429cda2-6047-453c-bf54-952dfa6674c0,b59656a4-b6e7-4b87-977c-078c59088a50,Hajdrihova,1276
889e3719-7d29-4888-b690-5a1531d2930e,3429cda2-6047-453c-bf54-952dfa6674c0,c5ec5e81-2ce4-452d-bd7a-595de4f8b34f,Prušnikova,306
889e3719-7d29-4888-b690-5a1531d2930e,3429cda2-6047-453c-bf54-952dfa6674c0,223f660b-c391-4120-bf3c-7bf06781686b,Tovorni kolodvor,136
889e3719-7d29-4888-b690-5a1531d2930e,3429cda2-6047-453c-bf54-952dfa6674c0,25ad5579-f6a0-4f35-a0c9-0678b41e9dde,Križanke,1576
889e3719-7d29-4888-b690-5a1531d2930e,3429cda2-6047-453c-bf54-952dfa6674c0,38b3abed-0592-407b-96c3-85a026f2e192,Dalmatinova,810
889e3719-7d29-4888-b690-5a1531d2930e,3429cda2-6047-453c-bf54-952dfa6674c0,6182f8e8-c45e-4606-b4a4-d909bd44d2cc,Gornji trg,607
889e3719-7d29-4888-b690-5a1531d2930e,3429cda2-6047-453c-bf54-952dfa6674c0,717dda7e-d793-4697-8f60-b64ee8b1edc4,Gosposvetska,904
889e3719-7d29-4888-b690-5a1531d2930e,3429cda2-6047-453c-bf54-952dfa6674c0,b905ae6a-f1e1-4057-8923-481902ed5a8e,Konzorcij,370
889e3719-7d29-4888-b690-5a1531d2930e,3429cda2-6047-453c-bf54-952dfa6674c0,a719a87c-4e93-4387-a6d1-2631a487f7e0,Ajdovščina,215
889e3719-7d29-4888-b690-5a1531d2930e,3429cda2-6047-453c-bf54-952dfa6674c0,a719a87c-4e93-4387-a6d1-2631a487f7e0,Ajdovščina,207
889e3719-7d29-4888-b690-5a1531d2930e,3429cda2-6047-453c-bf54-952dfa6674c0,c87db9be-1fba-4102-a743-0ee4317dd5af,Bavarski dvor,24
889e3719-7d29-4888-b690-5a1531d2930e,3429cda2-6047-453c-bf54-952dfa6674c0,9ab2717b-1396-4885-bb5b-9857d7195d0d,Sostro - 2,495
889e3719-7d29-4888-b690-5a1531d2930e,3429cda2-6047-453c-bf54-952dfa6674c0,4062cd22-b67a-4235-9980-0178b7add592,Drama,31
889e3719-7d29-4888-b690-5a1531d2930e,3429cda2-6047-453c-bf54-952dfa6674c0,f4cfd904-bd11-4247-95df-32c4555a930f,Klinični center,394
889e3719-7d29-4888-b690-5a1531d2930e,3429cda2-6047-453c-bf54-952dfa6674c0,7fad8003-fb10-489d-bf8d-6d433310ad90,Nove Jarše,326
889e3719-7d29-4888-b690-5a1531d2930e,3429cda2-6047-453c-bf54-952dfa6674c0,4062cd22-b67a-4235-9980-0178b7add592,Drama,1223
889e3719-7d29-4888-b690-5a1531d2930e,3429cda2-6047-453c-bf54-952dfa6674c0,fef200e9-4d98-425b-ab14-8110e2aa85d7,Drama,52
889e3719-7d29-4888-b690-5a1531d2930e,3429cda2-6047-453c-bf54-952dfa6674c0,f4cfd904-bd11-4247-95df-32c4555a930f,Klinični center,2397
889e3719-7d29-4888-b690-5a1531d2930e,3429cda2-6047-453c-bf54-952dfa6674c0,79325942-629a-4766-a34a-525f8edf8cc5,Podgora,1433
889e3719-7d29-4888-b690-5a1531d2930e,3429cda2-6047-453c-bf54-952dfa6674c0,c87db9be-1fba-4102-a743-0ee4317dd5af,Bavarski dvor,769
889e3719-7d29-4888-b690-5a1531d2930e,3429cda2-6047-453c-bf54-952dfa6674c0,67c3adc1-a92d-4528-91ee-77d8b52574c6,Poliklinika,1136
889e3719-7d29-4888-b690-5a1531d2930e,3429cda2-6047-453c-bf54-952dfa6674c0,7484317c-269f-425f-8118-23eedab4e5f1,Tivoli,974
889e3719-7d29-4888-b690-5a1531d2930e,3429cda2-6047-453c-bf54-952dfa6674c0,fef200e9-4d98-425b-ab14-8110e2aa85d7,Drama,111
889e3719-7d29-4888-b690-5a1531d2930e,3429cda2-6047-453c-bf54-952dfa6674c0,484b5c91-1220-43ba-af79-84e712fcc46b,Slovenija avto,143
889e3719-7d29-4888-b690-5a1531d2930e,3429cda2-6047-453c-bf54-952dfa6674c0,38b3abed-0592-407b-96c3-85a026f2e192,Dalmatinova,103
889e3719-7d29-4888-b690-5a1531d2930e,3429cda2-6047-453c-bf54-952dfa6674c0,bea274aa-277a-403d-ab2f-a0342b28882e,Križanke,769
889e3719-7d29-4888-b690-5a1531d2930e,3429cda2-6047-453c-bf54-952dfa6674c0,0bb103e4-c4a6-4c4c-a13d-217ab4e6dfd3,Cesta na Vevče,1405
889e3719-7d29-4888-b690-5a1531d2930e,3429cda2-6047-453c-bf54-952dfa6674c0,9c3d9f7c-69df-4a48-8f1a-d25e7a922ac3,Škofljica Petkovšek,383
889e3719-7d29-4888-b690-5a1531d2930e,3429cda2-6047-453c-bf54-952dfa6674c0,fef200e9-4d98-425b-ab14-8110e2aa85d7,Drama,59
889e3719-7d29-4888-b690-5a1531d2930e,3429cda2-6047-453c-bf54-952dfa6674c0,9bb1ed3b-5a6f-43c7-afaf-ba2b60ca1a7a,Aškerčeva,1370
889e3719-7d29-4888-b690-5a1531d2930e,3429cda2-6047-453c-bf54-952dfa6674c0,dd57f39b-be0f-479e-bc35-5bd2edf98ff2,Bolnica,101
889e3719-7d29-4888-b690-5a1531d2930e,3429cda2-6047-453c-bf54-952dfa6674c0,a378ce5e-57ce-4c52-b219-568674b5cd5e,Gornji trg,937
889e3719-7d29-4888-b690-5a1531d2930e,3429cda2-6047-453c-bf54-952dfa6674c0,aa42017d-812a-4175-bc9b-0fec03b18931,Ambrožev trg,213
889e3719-7d29-4888-b690-5a1531d2930e,3429cda2-6047-453c-bf54-952dfa6674c0,b905ae6a-f1e1-4057-8923-481902ed5a8e,Konzorcij,141
889e3719-7d29-4888-b690-5a1531d2930e,3429cda2-6047-453c-bf54-952dfa6674c0,b905ae6a-f1e1-4057-8923-481902ed5a8e,Konzorcij,454
889e3719-7d29-4888-b690-5a1531d2930e,3429cda2-6047-453c-bf54-952dfa6674c0,bd001f58-6e58-49e9-877f-1fa36964fbc2,Na jami,804
889e3719-7d29-4888-b690-5a1531d2930e,3429cda2-6047-453c-bf54-952dfa6674c0,b905ae6a-f1e1-4057-8923-481902ed5a8e,Konzorcij,3196
889e3719-7d29-4888-b690-5a1531d2930e,3429cda2-6047-453c-bf54-952dfa6674c0,bea274aa-277a-403d-ab2f-a0342b28882e,Križanke,113
889e3719-7d29-4888-b690-5a1531d2930e,3429cda2-6047-453c-bf54-952dfa6674c0,16578e36-c682-4083-bd29-4973445dc0fe,Gosposvetska,241
889e3719-7d29-4888-b690-5a1531d2930e,3429cda2-6047-453c-bf54-952dfa6674c0,4062cd22-b67a-4235-9980-0178b7add592,Drama,7
889e3719-7d29-4888-b690-5a1531d2930e,3429cda2-6047-453c-bf54-952dfa6674c0,4062cd22-b67a-4235-9980-0178b7add592,Drama,409
889e3719-7d29-4888-b690-5a1531d2930e,3429cda2-6047-453c-bf54-952dfa6674c0,dd57f39b-be0f-479e-bc35-5bd2edf98ff2,Bolnica,283
889e3719-7d29-4888-b690-5a1531d2930e,3429cda2-6047-453c-bf54-952dfa6674c0,0eca6015-5429-4289-a76c-4ec9ef707e67,BTC-Merkur,1863
889e3719-7d29-4888-b690-5a1531d2930e,3429cda2-6047-453c-bf54-952dfa6674c0,d72032c7-d4b0-4eee-a87c-593985a42266,Tobačna,121
889e3719-7d29-4888-b690-5a1531d2930e,3429cda2-6047-453c-bf54-952dfa6674c0,557f714a-6f4a-4c98-8c5a-d74fa34b2adb,Hrvatski trg,212
889e3719-7d29-4888-b690-5a1531d2930e,3429cda2-6047-453c-bf54-952dfa6674c0,a719a87c-4e93-4387-a6d1-2631a487f7e0,Ajdovščina,1605
889e3719-7d29-4888-b690-5a1531d2930e,3429cda2-6047-453c-bf54-952dfa6674c0,4062cd22-b67a-4235-9980-0178b7add592,Drama,1330
889e3719-7d29-4888-b690-5a1531d2930e,3429cda2-6047-453c-bf54-952dfa6674c0,fef200e9-4d98-425b-ab14-8110e2aa85d7,Drama,2539
889e3719-7d29-4888-b690-5a1531d2930e,3429cda2-6047-453c-bf54-952dfa6674c0,4062cd22-b67a-4235-9980-0178b7add592,Drama,965
889e3719-7d29-4888-b690-5a1531d2930e,3429cda2-6047-453c-bf54-952dfa6674c0,f2b27cbd-5207-4281-8f67-6369d0c50a9b,Kodrova,461
889e3719-7d29-4888-b690-5a1531d2930e,3429cda2-6047-453c-bf54-952dfa6674c0,1b3ddeca-a066-43ee-9ae5-8339628129c2,Žale,459
889e3719-7d29-4888-b690-5a1531d2930e,3429cda2-6047-453c-bf54-952dfa6674c0,17f7d178-41b3-41f9-a545-cbfc22a0a5f1,Nusdorferjeva,345
889e3719-7d29-4888-b690-5a1531d2930e,3429cda2-6047-453c-bf54-952dfa6674c0,f528b363-1484-456c-835b-1e08dc31ef8e,Gornji Rudnik,709
889e3719-7d29-4888-b690-5a1531d2930e,3429cda2-6047-453c-bf54-952dfa6674c0,d72032c7-d4b0-4eee-a87c-593985a42266,Tobačna,792
889e3719-7d29-4888-b690-5a1531d2930e,3429cda2-6047-453c-bf54-952dfa6674c0,087e50b6-7677-4a85-802f-5694266fe38b,Aškerčeva,516
889e3719-7d29-4888-b690-5a1531d2930e,3429cda2-6047-453c-bf54-952dfa6674c0,4062cd22-b67a-4235-9980-0178b7add592,Drama,13
889e3719-7d29-4888-b690-5a1531d2930e,3429cda2-6047-453c-bf54-952dfa6674c0,9b85d4b0-c594-4e0e-9ce2-d0986256c270,Tavčarjeva,590
889e3719-7d29-4888-b690-5a1531d2930e,3429cda2-6047-453c-bf54-952dfa6674c0,7c149b59-2bc6-45cb-95c8-69e18a0db627,Rusjanov trg,81
889e3719-7d29-4888-b690-5a1531d2930e,3429cda2-6047-453c-bf54-952dfa6674c0,d72032c7-d4b0-4eee-a87c-593985a42266,Tobačna,14
889e3719-7d29-4888-b690-5a1531d2930e,3429cda2-6047-453c-bf54-952dfa6674c0,f2920a77-6c6c-494d-96b7-2a8caf8f374f,Mirje,8
889e3719-7d29-4888-b690-5a1531d2930e,3429cda2-6047-453c-bf54-952dfa6674c0,4038e02e-f22f-4af0-ba4f-7aab855b53af,Kneza Koclja,1283
889e3719-7d29-4888-b690-5a1531d2930e,3429cda2-6047-453c-bf54-952dfa6674c0,fef200e9-4d98-425b-ab14-8110e2aa85d7,Drama,52
889e3719-7d29-4888-b690-5a1531d2930e,3429cda2-6047-453c-bf54-952dfa6674c0,9b9d2948-7538-409c-9bfc-42c0b74c41a8,Zakrajškova,935
889e3719-7d29-4888-b690-5a1531d2930e,3429cda2-6047-453c-bf54-952dfa6674c0,4062cd22-b67a-4235-9980-0178b7add592,Drama,7
889e3719-7d29-4888-b690-5a1531d2930e,3429cda2-6047-453c-bf54-952dfa6674c0,d72032c7-d4b0-4eee-a87c-593985a42266,Tobačna,910
889e3719-7d29-4888-b690-5a1531d2930e,3429cda2-6047-453c-bf54-952dfa6674c0,fef200e9-4d98-425b-ab14-8110e2aa85d7,Drama,1129
889e3719-7d29-4888-b690-5a1531d2930e,3429cda2-6047-453c-bf54-952dfa6674c0,38b3abed-0592-407b-96c3-85a026f2e192,Dalmatinova,465
889e3719-7d29-4888-b690-5a1531d2930e,3429cda2-6047-453c-bf54-952dfa6674c0,54c591c0-7bbb-4489-9229-57b18f95827a,Stara cerkev,1007
889e3719-7d29-4888-b690-5a1531d2930e,3429cda2-6047-453c-bf54-952dfa6674c0,fef200e9-4d98-425b-ab14-8110e2aa85d7,Drama,43
889e3719-7d29-4888-b690-5a1531d2930e,3429cda2-6047-453c-bf54-952dfa6674c0,4062cd22-b67a-4235-9980-0178b7add592,Drama,1587
889e3719-7d29-4888-b690-5a1531d2930e,3429cda2-6047-453c-bf54-952dfa6674c0,484b5c91-1220-43ba-af79-84e712fcc46b,Slovenija avto,539
889e3719-7d29-4888-b690-5a1531d2930e,3429cda2-6047-453c-bf54-952dfa6674c0,35dbaf26-2fa4-45c4-87fc-81d1ff13b005,Tbilisijska,1640
889e3719-7d29-4888-b690-5a1531d2930e,3429cda2-6047-453c-bf54-952dfa6674c0,38b3abed-0592-407b-96c3-85a026f2e192,Dalmatinova,616
889e3719-7d29-4888-b690-5a1531d2930e,3429cda2-6047-453c-bf54-952dfa6674c0,47a3bd8a-72ae-4e20-b43f-10bfaf49012c,Ob sotočju,626
889e3719-7d29-4888-b690-5a1531d2930e,3429cda2-6047-453c-bf54-952dfa6674c0,f784b27a-1509-4eec-bd52-6beee2b9530b,Kamnogoriška,1805
889e3719-7d29-4888-b690-5a1531d2930e,3429cda2-6047-453c-bf54-952dfa6674c0,1ce1c3a8-e0f6-4f90-b1aa-1448759d8b3c,Astra,71
889e3719-7d29-4888-b690-5a1531d2930e,3429cda2-6047-453c-bf54-952dfa6674c0,0ff94f7b-275b-4cc4-bb27-e00842f5ad87,Hrušica,160
889e3719-7d29-4888-b690-5a1531d2930e,3429cda2-6047-453c-bf54-952dfa6674c0,a719a87c-4e93-4387-a6d1-2631a487f7e0,Ajdovščina,1826
889e3719-7d29-4888-b690-5a1531d2930e,3429cda2-6047-453c-bf54-952dfa6674c0,48e907fd-e868-47cd-8cac-74c7d4582944,Poljanska,1256
889e3719-7d29-4888-b690-5a1531d2930e,3429cda2-6047-453c-bf54-952dfa6674c0,7310c006-62b8-4f94-bb9c-d5c26cb3faad,Polje,346
889e3719-7d29-4888-b690-5a1531d2930e,3429cda2-6047-453c-bf54-952dfa6674c0,bea274aa-277a-403d-ab2f-a0342b28882e,Križanke,88
889e3719-7d29-4888-b690-5a1531d2930e,3429cda2-6047-453c-bf54-952dfa6674c0,5d7f28a6-2a2a-4333-aa06-48edfb652f86,Pošta,62
889e3719-7d29-4888-b690-5a1531d2930e,3429cda2-6047-453c-bf54-952dfa6674c0,fef200e9-4d98-425b-ab14-8110e2aa85d7,Drama,223
889e3719-7d29-4888-b690-5a1531d2930e,3429cda2-6047-453c-bf54-952dfa6674c0,7fa32ea0-e884-435a-a81c-51bbd5cedf3e,Zaloška,110
889e3719-7d29-4888-b690-5a1531d2930e,3429cda2-6047-453c-bf54-952dfa6674c0,1c0ae078-cca7-40c8-aeda-1187a12ddfee,Remiza,3252
889e3719-7d29-4888-b690-5a1531d2930e,3429cda2-6047-453c-bf54-952dfa6674c0,fef200e9-4d98-425b-ab14-8110e2aa85d7,Drama,84
889e3719-7d29-4888-b690-5a1531d2930e,3429cda2-6047-453c-bf54-952dfa6674c0,fcfe6ac9-74b3-4c13-96b7-6041f1454813,Kamnogoriška,603
889e3719-7d29-4888-b690-5a1531d2930e,3429cda2-6047-453c-bf54-952dfa6674c0,484b5c91-1220-43ba-af79-84e712fcc46b,Slovenija avto,405
889e3719-7d29-4888-b690-5a1531d2930e,3429cda2-6047-453c-bf54-952dfa6674c0,48b163cd-b819-4849-aee1-8b1da77657ab,Šentvid,529
889e3719-7d29-4888-b690-5a1531d2930e,3429cda2-6047-453c-bf54-952dfa6674c0,bea274aa-277a-403d-ab2f-a0342b28882e,Križanke,2354
889e3719-7d29-4888-b690-5a1531d2930e,3429cda2-6047-453c-bf54-952dfa6674c0,454817d3-3750-49c7-994c-14d06fd2c634,Žale,223
889e3719-7d29-4888-b690-5a1531d2930e,3429cda2-6047-453c-bf54-952dfa6674c0,087e50b6-7677-4a85-802f-5694266fe38b,Aškerčeva,1486
889e3719-7d29-4888-b690-5a1531d2930e,3429cda2-6047-453c-bf54-952dfa6674c0,a719a87c-4e93-4387-a6d1-2631a487f7e0,Ajdovščina,1485
889e3719-7d29-4888-b690-5a1531d2930e,3429cda2-6047-453c-bf54-952dfa6674c0,cdee8be6-e02c-4fb5-9752-be1bac08d90d,Kavčičeva,504
889e3719-7d29-4888-b690-5a1531d2930e,3429cda2-6047-453c-bf54-952dfa6674c0,b905ae6a-f1e1-4057-8923-481902ed5a8e,Konzorcij,920
889e3719-7d29-4888-b690-5a1531d2930e,3429cda2-6047-453c-bf54-952dfa6674c0,a719a87c-4e93-4387-a6d1-2631a487f7e0,Ajdovščina,435
889e3719-7d29-4888-b690-5a1531d2930e,3429cda2-6047-453c-bf54-952dfa6674c0,79a5bacd-8b59-4d83-99e8-26e3c5b1490b,Osenjakova,261
889e3719-7d29-4888-b690-5a1531d2930e,3429cda2-6047-453c-bf54-952dfa6674c0,6182f8e8-c45e-4606-b4a4-d909bd44d2cc,Gornji trg,282
889e3719-7d29-4888-b690-5a1531d2930e,3429cda2-6047-453c-bf54-952dfa6674c0,eead721b-8996-4e73-a2f9-02dba20df4fa,Ilirska,599
889e3719-7d29-4888-b690-5a1531d2930e,3429cda2-6047-453c-bf54-952dfa6674c0,c124f317-217b-4b89-9597-393843de4f81,Nusdorferjeva,1221
889e3719-7d29-4888-b690-5a1531d2930e,3429cda2-6047-453c-bf54-952dfa6674c0,9b85d4b0-c594-4e0e-9ce2-d0986256c270,Tavčarjeva,3351
889e3719-7d29-4888-b690-5a1531d2930e,3429cda2-6047-453c-bf54-952dfa6674c0,d98335a0-1291-4d4c-be62-16b11c356575,Božičeva,423
889e3719-7d29-4888-b690-5a1531d2930e,3429cda2-6047-453c-bf54-952dfa6674c0,fef200e9-4d98-425b-ab14-8110e2aa85d7,Drama,639
889e3719-7d29-4888-b690-5a1531d2930e,3429cda2-6047-453c-bf54-952dfa6674c0,087e50b6-7677-4a85-802f-5694266fe38b,Aškerčeva,47
889e3719-7d29-4888-b690-5a1531d2930e,3429cda2-6047-453c-bf54-952dfa6674c0,aa42017d-812a-4175-bc9b-0fec03b18931,Ambrožev trg,110
889e3719-7d29-4888-b690-5a1531d2930e,3429cda2-6047-453c-bf54-952dfa6674c0,9b85d4b0-c594-4e0e-9ce2-d0986256c270,Tavčarjeva,1632
889e3719-7d29-4888-b690-5a1531d2930e,3429cda2-6047-453c-bf54-952dfa6674c0,b905ae6a-f1e1-4057-8923-481902ed5a8e,Konzorcij,775
889e3719-7d29-4888-b690-5a1531d2930e,3429cda2-6047-453c-bf54-952dfa6674c0,5d7f28a6-2a2a-4333-aa06-48edfb652f86,Pošta,551
889e3719-7d29-4888-b690-5a1531d2930e,3429cda2-6047-453c-bf54-952dfa6674c0,a719a87c-4e93-4387-a6d1-2631a487f7e0,Ajdovščina,1202
889e3719-7d29-4888-b690-5a1531d2930e,3429cda2-6047-453c-bf54-952dfa6674c0,fef200e9-4d98-425b-ab14-8110e2aa85d7,Drama,688
889e3719-7d29-4888-b690-5a1531d2930e,3429cda2-6047-453c-bf54-952dfa6674c0,ecc4ae87-ae08-4b94-995c-452fdd94df7f,Privoz,1304
889e3719-7d29-4888-b690-5a1531d2930e,3429cda2-6047-453c-bf54-952dfa6674c0,fb0042f8-d9e2-4916-b60a-38a026acf0c9,Leskoškova,741
889e3719-7d29-4888-b690-5a1531d2930e,3429cda2-6047-453c-bf54-952dfa6674c0,4062cd22-b67a-4235-9980-0178b7add592,Drama,780
889e3719-7d29-4888-b690-5a1531d2930e,3429cda2-6047-453c-bf54-952dfa6674c0,a719a87c-4e93-4387-a6d1-2631a487f7e0,Ajdovščina,1094
889e3719-7d29-4888-b690-5a1531d2930e,3429cda2-6047-453c-bf54-952dfa6674c0,ecc4ae87-ae08-4b94-995c-452fdd94df7f,Privoz,279
889e3719-7d29-4888-b690-5a1531d2930e,3429cda2-6047-453c-bf54-952dfa6674c0,fef200e9-4d98-425b-ab14-8110e2aa85d7,Drama,219
889e3719-7d29-4888-b690-5a1531d2930e,3429cda2-6047-453c-bf54-952dfa6674c0,4062cd22-b67a-4235-9980-0178b7add592,Drama,468
889e3719-7d29-4888-b690-5a1531d2930e,3429cda2-6047-453c-bf54-952dfa6674c0,023d7b7a-b411-4e61-8746-b07f9e5c8f90,Ambrožev trg,399
889e3719-7d29-4888-b690-5a1531d2930e,3429cda2-6047-453c-bf54-952dfa6674c0,bea274aa-277a-403d-ab2f-a0342b28882e,Križanke,2636
889e3719-7d29-4888-b690-5a1531d2930e,3429cda2-6047-453c-bf54-952dfa6674c0,25ad5579-f6a0-4f35-a0c9-0678b41e9dde,Križanke,394
889e3719-7d29-4888-b690-5a1531d2930e,3429cda2-6047-453c-bf54-952dfa6674c0,a719a87c-4e93-4387-a6d1-2631a487f7e0,Ajdovščina,324
889e3719-7d29-4888-b690-5a1531d2930e,3429cda2-6047-453c-bf54-952dfa6674c0,fef200e9-4d98-425b-ab14-8110e2aa85d7,Drama,764
889e3719-7d29-4888-b690-5a1531d2930e,3429cda2-6047-453c-bf54-952dfa6674c0,16578e36-c682-4083-bd29-4973445dc0fe,Gosposvetska,151
889e3719-7d29-4888-b690-5a1531d2930e,3429cda2-6047-453c-bf54-952dfa6674c0,fef200e9-4d98-425b-ab14-8110e2aa85d7,Drama,143
889e3719-7d29-4888-b690-5a1531d2930e,3429cda2-6047-453c-bf54-952dfa6674c0,d7384760-d854-492d-87af-f342cab37fc1,Brinje,241
889e3719-7d29-4888-b690-5a1531d2930e,3429cda2-6047-453c-bf54-952dfa6674c0,92928953-a289-4a44-a653-b7b6b4f5e1c2,Zeleni gaj,341
889e3719-7d29-4888-b690-5a1531d2930e,3429cda2-6047-453c-bf54-952dfa6674c0,fef200e9-4d98-425b-ab14-8110e2aa85d7,Drama,532
889e3719-7d29-4888-b690-5a1531d2930e,3429cda2-6047-453c-bf54-952dfa6674c0,fef200e9-4d98-425b-ab14-8110e2aa85d7,Drama,322
889e3719-7d29-4888-b690-5a1531d2930e,3429cda2-6047-453c-bf54-952dfa6674c0,d72032c7-d4b0-4eee-a87c-593985a42266,Tobačna,53
889e3719-7d29-4888-b690-5a1531d2930e,3429cda2-6047-453c-bf54-952dfa6674c0,4062cd22-b67a-4235-9980-0178b7add592,Drama,824
889e3719-7d29-4888-b690-5a1531d2930e,3429cda2-6047-453c-bf54-952dfa6674c0,47a3bd8a-72ae-4e20-b43f-10bfaf49012c,Ob sotočju,43
889e3719-7d29-4888-b690-5a1531d2930e,3429cda2-6047-453c-bf54-952dfa6674c0,94c6598b-7303-42e1-94d5-156d7a25f630,Gerbičeva,411
889e3719-7d29-4888-b690-5a1531d2930e,3429cda2-6047-453c-bf54-952dfa6674c0,a378ce5e-57ce-4c52-b219-568674b5cd5e,Gornji trg,463
889e3719-7d29-4888-b690-5a1531d2930e,3429cda2-6047-453c-bf54-952dfa6674c0,98fa3880-5936-4ec8-ba04-39c7ff9a0e6a,Stara cerkev,2420
889e3719-7d29-4888-b690-5a1531d2930e,3429cda2-6047-453c-bf54-952dfa6674c0,087e50b6-7677-4a85-802f-5694266fe38b,Aškerčeva,2800
889e3719-7d29-4888-b690-5a1531d2930e,3429cda2-6047-453c-bf54-952dfa6674c0,fef200e9-4d98-425b-ab14-8110e2aa85d7,Drama,494
889e3719-7d29-4888-b690-5a1531d2930e,3429cda2-6047-453c-bf54-952dfa6674c0,5d7f28a6-2a2a-4333-aa06-48edfb652f86,Pošta,725
889e3719-7d29-4888-b690-5a1531d2930e,3429cda2-6047-453c-bf54-952dfa6674c0,25ad5579-f6a0-4f35-a0c9-0678b41e9dde,Križanke,1494
889e3719-7d29-4888-b690-5a1531d2930e,3429cda2-6047-453c-bf54-952dfa6674c0,6182f8e8-c45e-4606-b4a4-d909bd44d2cc,Gornji trg,598
889e3719-7d29-4888-b690-5a1531d2930e,3429cda2-6047-453c-bf54-952dfa6674c0,aa42017d-812a-4175-bc9b-0fec03b18931,Ambrožev trg,400
889e3719-7d29-4888-b690-5a1531d2930e,3429cda2-6047-453c-bf54-952dfa6674c0,4062cd22-b67a-4235-9980-0178b7add592,Drama,27
889e3719-7d29-4888-b690-5a1531d2930e,3429cda2-6047-453c-bf54-952dfa6674c0,9b85d4b0-c594-4e0e-9ce2-d0986256c270,Tavčarjeva,392
889e3719-7d29-4888-b690-5a1531d2930e,3429cda2-6047-453c-bf54-952dfa6674c0,95eee7e8-237d-4410-a9bf-00c6f88129c1,Cukrarna,1062
889e3719-7d29-4888-b690-5a1531d2930e,3429cda2-6047-453c-bf54-952dfa6674c0,4062cd22-b67a-4235-9980-0178b7add592,Drama,43
889e3719-7d29-4888-b690-5a1531d2930e,3429cda2-6047-453c-bf54-952dfa6674c0,639551cf-fe23-4363-8ccd-655bc5d4119e,Zmajski most,283
889e3719-7d29-4888-b690-5a1531d2930e,3429cda2-6047-453c-bf54-952dfa6674c0,45754ca7-bffd-4bcf-96df-952e59574dde,Ledena dvorana Zalog,409
889e3719-7d29-4888-b690-5a1531d2930e,3429cda2-6047-453c-bf54-952dfa6674c0,9cd1e7f8-8ccf-4469-bc25-25d138605c67,Akademija,2803
889e3719-7d29-4888-b690-5a1531d2930e,3429cda2-6047-453c-bf54-952dfa6674c0,df63651e-45ab-4487-9429-9e604415b35c,Prušnikova,84
889e3719-7d29-4888-b690-5a1531d2930e,3429cda2-6047-453c-bf54-952dfa6674c0,fef200e9-4d98-425b-ab14-8110e2aa85d7,Drama,1853
889e3719-7d29-4888-b690-5a1531d2930e,3429cda2-6047-453c-bf54-952dfa6674c0,4062cd22-b67a-4235-9980-0178b7add592,Drama,7
889e3719-7d29-4888-b690-5a1531d2930e,3429cda2-6047-453c-bf54-952dfa6674c0,1f9fad8e-d59c-494c-bdd1-1983afacb755,Kodrova,1036
889e3719-7d29-4888-b690-5a1531d2930e,3429cda2-6047-453c-bf54-952dfa6674c0,feb89b92-366d-4f50-a509-40c7baba8cf0,Brodarjev trg,897
889e3719-7d29-4888-b690-5a1531d2930e,3429cda2-6047-453c-bf54-952dfa6674c0,d72032c7-d4b0-4eee-a87c-593985a42266,Tobačna,326
889e3719-7d29-4888-b690-5a1531d2930e,3429cda2-6047-453c-bf54-952dfa6674c0,27788b38-4743-4e04-9b9c-94faeeeb2d34,Pot heroja Trtnika,1023
889e3719-7d29-4888-b690-5a1531d2930e,3429cda2-6047-453c-bf54-952dfa6674c0,fcec9e7a-1c9e-4214-96dd-d071550349e6,Zgornja Šiška,403
889e3719-7d29-4888-b690-5a1531d2930e,3429cda2-6047-453c-bf54-952dfa6674c0,5d7f28a6-2a2a-4333-aa06-48edfb652f86,Pošta,2976
889e3719-7d29-4888-b690-5a1531d2930e,3429cda2-6047-453c-bf54-952dfa6674c0,d72032c7-d4b0-4eee-a87c-593985a42266,Tobačna,384
889e3719-7d29-4888-b690-5a1531d2930e,3429cda2-6047-453c-bf54-952dfa6674c0,fef200e9-4d98-425b-ab14-8110e2aa85d7,Drama,291
889e3719-7d29-4888-b690-5a1531d2930e,3429cda2-6047-453c-bf54-952dfa6674c0,7a52a73a-cc0e-4c61-b9bc-306157727e1c,Tržnica Moste,886
889e3719-7d29-4888-b690-5a1531d2930e,3429cda2-6047-453c-bf54-952dfa6674c0,fef200e9-4d98-425b-ab14-8110e2aa85d7,Drama,530
889e3719-7d29-4888-b690-5a1531d2930e,3429cda2-6047-453c-bf54-952dfa6674c0,e9d9f622-7394-4c5c-9031-a41855a64aa7,Polje,1138
889e3719-7d29-4888-b690-5a1531d2930e,3429cda2-6047-453c-bf54-952dfa6674c0,b905ae6a-f1e1-4057-8923-481902ed5a8e,Konzorcij,829
889e3719-7d29-4888-b690-5a1531d2930e,3429cda2-6047-453c-bf54-952dfa6674c0,8f56b058-1ae3-44f5-8600-4330f2264d78,Privoz,196
889e3719-7d29-4888-b690-5a1531d2930e,3429cda2-6047-453c-bf54-952dfa6674c0,ad966374-a37d-443a-9a3e-ec85ca28231f,Pod Rožnikom,1174
889e3719-7d29-4888-b690-5a1531d2930e,3429cda2-6047-453c-bf54-952dfa6674c0,bea274aa-277a-403d-ab2f-a0342b28882e,Križanke,250
889e3719-7d29-4888-b690-5a1531d2930e,3429cda2-6047-453c-bf54-952dfa6674c0,a719a87c-4e93-4387-a6d1-2631a487f7e0,Ajdovščina,133
889e3719-7d29-4888-b690-5a1531d2930e,3429cda2-6047-453c-bf54-952dfa6674c0,6182f8e8-c45e-4606-b4a4-d909bd44d2cc,Gornji trg,1226
889e3719-7d29-4888-b690-5a1531d2930e,3429cda2-6047-453c-bf54-952dfa6674c0,4062cd22-b67a-4235-9980-0178b7add592,Drama,1507
889e3719-7d29-4888-b690-5a1531d2930e,3429cda2-6047-453c-bf54-952dfa6674c0,bd1396f2-4dc8-4695-9bf1-c601157100d8,Preglov trg,1072
889e3719-7d29-4888-b690-5a1531d2930e,3429cda2-6047-453c-bf54-952dfa6674c0,9b85d4b0-c594-4e0e-9ce2-d0986256c270,Tavčarjeva,821
889e3719-7d29-4888-b690-5a1531d2930e,3429cda2-6047-453c-bf54-952dfa6674c0,d72032c7-d4b0-4eee-a87c-593985a42266,Tobačna,1263
889e3719-7d29-4888-b690-5a1531d2930e,3429cda2-6047-453c-bf54-952dfa6674c0,4062cd22-b67a-4235-9980-0178b7add592,Drama,17
889e3719-7d29-4888-b690-5a1531d2930e,3429cda2-6047-453c-bf54-952dfa6674c0,bea274aa-277a-403d-ab2f-a0342b28882e,Križanke,1880
889e3719-7d29-4888-b690-5a1531d2930e,3429cda2-6047-453c-bf54-952dfa6674c0,5d7f28a6-2a2a-4333-aa06-48edfb652f86,Pošta,29
889e3719-7d29-4888-b690-5a1531d2930e,3429cda2-6047-453c-bf54-952dfa6674c0,c87db9be-1fba-4102-a743-0ee4317dd5af,Bavarski dvor,239
889e3719-7d29-4888-b690-5a1531d2930e,3429cda2-6047-453c-bf54-952dfa6674c0,02c61e3f-2d2e-4b42-b695-bbd3cc672f6b,Leskoškova,262
889e3719-7d29-4888-b690-5a1531d2930e,3429cda2-6047-453c-bf54-952dfa6674c0,d50b2bdb-481b-4e58-ada6-47a028fc6382,BTC-tržnica,1222
889e3719-7d29-4888-b690-5a1531d2930e,3429cda2-6047-453c-bf54-952dfa6674c0,b905ae6a-f1e1-4057-8923-481902ed5a8e,Konzorcij,621
889e3719-7d29-4888-b690-5a1531d2930e,3429cda2-6047-453c-bf54-952dfa6674c0,38b3abed-0592-407b-96c3-85a026f2e192,Dalmatinova,2358
889e3719-7d29-4888-b690-5a1531d2930e,3429cda2-6047-453c-bf54-952dfa6674c0,b905ae6a-f1e1-4057-8923-481902ed5a8e,Konzorcij,289
889e3719-7d29-4888-b690-5a1531d2930e,3429cda2-6047-453c-bf54-952dfa6674c0,c22879e5-8e90-4540-9a74-5f139208e492,Friškovec,368
889e3719-7d29-4888-b690-5a1531d2930e,3429cda2-6047-453c-bf54-952dfa6674c0,b589ddd3-5a31-4fe1-915f-44347b4c0a1a,Bratov Učakar,944
889e3719-7d29-4888-b690-5a1531d2930e,3429cda2-6047-453c-bf54-952dfa6674c0,484b5c91-1220-43ba-af79-84e712fcc46b,Slovenija avto,2443
889e3719-7d29-4888-b690-5a1531d2930e,3429cda2-6047-453c-bf54-952dfa6674c0,f15ddf31-fc11-41ba-988d-376c83e38f58,Vodovodna,340
889e3719-7d29-4888-b690-5a1531d2930e,3429cda2-6047-453c-bf54-952dfa6674c0,4062cd22-b67a-4235-9980-0178b7add592,Drama,67
889e3719-7d29-4888-b690-5a1531d2930e,3429cda2-6047-453c-bf54-952dfa6674c0,25ad5579-f6a0-4f35-a0c9-0678b41e9dde,Križanke,1093
889e3719-7d29-4888-b690-5a1531d2930e,3429cda2-6047-453c-bf54-952dfa6674c0,b829062a-2644-4350-b998-74522d9e85d8,Lutkovno gl.,117
889e3719-7d29-4888-b690-5a1531d2930e,3429cda2-6047-453c-bf54-952dfa6674c0,16578e36-c682-4083-bd29-4973445dc0fe,Gosposvetska,563
889e3719-7d29-4888-b690-5a1531d2930e,3429cda2-6047-453c-bf54-952dfa6674c0,6182f8e8-c45e-4606-b4a4-d909bd44d2cc,Gornji trg,2039
889e3719-7d29-4888-b690-5a1531d2930e,3429cda2-6047-453c-bf54-952dfa6674c0,fef200e9-4d98-425b-ab14-8110e2aa85d7,Drama,1108
889e3719-7d29-4888-b690-5a1531d2930e,3429cda2-6047-453c-bf54-952dfa6674c0,cab36767-e95a-4f60-978e-92490f2517b2,Hrvatski trg,464
889e3719-7d29-4888-b690-5a1531d2930e,3429cda2-6047-453c-bf54-952dfa6674c0,087e50b6-7677-4a85-802f-5694266fe38b,Aškerčeva,1202
889e3719-7d29-4888-b690-5a1531d2930e,3429cda2-6047-453c-bf54-952dfa6674c0,48e907fd-e868-47cd-8cac-74c7d4582944,Poljanska,1198
889e3719-7d29-4888-b690-5a1531d2930e,3429cda2-6047-453c-bf54-952dfa6674c0,a719a87c-4e93-4387-a6d1-2631a487f7e0,Ajdovščina,86
889e3719-7d29-4888-b690-5a1531d2930e,3429cda2-6047-453c-bf54-952dfa6674c0,fef200e9-4d98-425b-ab14-8110e2aa85d7,Drama,2634
889e3719-7d29-4888-b690-5a1531d2930e,3429cda2-6047-453c-bf54-952dfa6674c0,557f714a-6f4a-4c98-8c5a-d74fa34b2adb,Hrvatski trg,242
889e3719-7d29-4888-b690-5a1531d2930e,3429cda2-6047-453c-bf54-952dfa6674c0,6182f8e8-c45e-4606-b4a4-d909bd44d2cc,Gornji trg,1994
889e3719-7d29-4888-b690-5a1531d2930e,3429cda2-6047-453c-bf54-952dfa6674c0,f14a6236-8af2-47bf-9270-432377662a63,Viadukt,564
889e3719-7d29-4888-b690-5a1531d2930e,3429cda2-6047-453c-bf54-952dfa6674c0,e57aad1d-457e-401f-b26d-306b4fd836eb,Kašeljska,288
889e3719-7d29-4888-b690-5a1531d2930e,3429cda2-6047-453c-bf54-952dfa6674c0,a719a87c-4e93-4387-a6d1-2631a487f7e0,Ajdovščina,266
889e3719-7d29-4888-b690-5a1531d2930e,3429cda2-6047-453c-bf54-952dfa6674c0,48e907fd-e868-47cd-8cac-74c7d4582944,Poljanska,654
889e3719-7d29-4888-b690-5a1531d2930e,3429cda2-6047-453c-bf54-952dfa6674c0,4062cd22-b67a-4235-9980-0178b7add592,Drama,1406
889e3719-7d29-4888-b690-5a1531d2930e,3429cda2-6047-453c-bf54-952dfa6674c0,f4cfd904-bd11-4247-95df-32c4555a930f,Klinični center,99
889e3719-7d29-4888-b690-5a1531d2930e,3429cda2-6047-453c-bf54-952dfa6674c0,bf64b499-211b-4da8-ace2-f12a17608ae3,ŠTEPANJSKO NAS.,59
889e3719-7d29-4888-b690-5a1531d2930e,3429cda2-6047-453c-bf54-952dfa6674c0,fef200e9-4d98-425b-ab14-8110e2aa85d7,Drama,2733
889e3719-7d29-4888-b690-5a1531d2930e,3429cda2-6047-453c-bf54-952dfa6674c0,454817d3-3750-49c7-994c-14d06fd2c634,Žale,1352
889e3719-7d29-4888-b690-5a1531d2930e,3429cda2-6047-453c-bf54-952dfa6674c0,5d7f28a6-2a2a-4333-aa06-48edfb652f86,Pošta,942
889e3719-7d29-4888-b690-5a1531d2930e,3429cda2-6047-453c-bf54-952dfa6674c0,1eadcdb9-60cd-47c9-8eec-527c3465a685,Polje,796
889e3719-7d29-4888-b690-5a1531d2930e,3429cda2-6047-453c-bf54-952dfa6674c0,ac3afe7d-a2b3-4d5d-9e6a-1d2412a3bc70,Litostrojska,1600
889e3719-7d29-4888-b690-5a1531d2930e,3429cda2-6047-453c-bf54-952dfa6674c0,16578e36-c682-4083-bd29-4973445dc0fe,Gosposvetska,216
889e3719-7d29-4888-b690-5a1531d2930e,3429cda2-6047-453c-bf54-952dfa6674c0,53ec687a-6f0c-4bb7-b1b4-606e7dcfada9,IMP,65
889e3719-7d29-4888-b690-5a1531d2930e,3429cda2-6047-453c-bf54-952dfa6674c0,fef200e9-4d98-425b-ab14-8110e2aa85d7,Drama,143
889e3719-7d29-4888-b690-5a1531d2930e,3429cda2-6047-453c-bf54-952dfa6674c0,d72032c7-d4b0-4eee-a87c-593985a42266,Tobačna,421
889e3719-7d29-4888-b690-5a1531d2930e,3429cda2-6047-453c-bf54-952dfa6674c0,4062cd22-b67a-4235-9980-0178b7add592,Drama,948
889e3719-7d29-4888-b690-5a1531d2930e,3429cda2-6047-453c-bf54-952dfa6674c0,ecc4ae87-ae08-4b94-995c-452fdd94df7f,Privoz,1494
889e3719-7d29-4888-b690-5a1531d2930e,3429cda2-6047-453c-bf54-952dfa6674c0,9bb1ed3b-5a6f-43c7-afaf-ba2b60ca1a7a,Aškerčeva,482
889e3719-7d29-4888-b690-5a1531d2930e,3429cda2-6047-453c-bf54-952dfa6674c0,bea274aa-277a-403d-ab2f-a0342b28882e,Križanke,176
889e3719-7d29-4888-b690-5a1531d2930e,3429cda2-6047-453c-bf54-952dfa6674c0,c87db9be-1fba-4102-a743-0ee4317dd5af,Bavarski dvor,112
889e3719-7d29-4888-b690-5a1531d2930e,3429cda2-6047-453c-bf54-952dfa6674c0,fef200e9-4d98-425b-ab14-8110e2aa85d7,Drama,163
889e3719-7d29-4888-b690-5a1531d2930e,3429cda2-6047-453c-bf54-952dfa6674c0,ef91fd44-5651-4fd4-b6f8-619fdef9da7b,Hajdrihova,54
889e3719-7d29-4888-b690-5a1531d2930e,3429cda2-6047-453c-bf54-952dfa6674c0,a719a87c-4e93-4387-a6d1-2631a487f7e0,Ajdovščina,238
889e3719-7d29-4888-b690-5a1531d2930e,3429cda2-6047-453c-bf54-952dfa6674c0,f073b9d9-a3e3-4d04-a209-0db55377b79e,Zmajski most,743
889e3719-7d29-4888-b690-5a1531d2930e,3429cda2-6047-453c-bf54-952dfa6674c0,4062cd22-b67a-4235-9980-0178b7add592,Drama,1933
889e3719-7d29-4888-b690-5a1531d2930e,3429cda2-6047-453c-bf54-952dfa6674c0,4062cd22-b67a-4235-9980-0178b7add592,Drama,200
889e3719-7d29-4888-b690-5a1531d2930e,3429cda2-6047-453c-bf54-952dfa6674c0,fef200e9-4d98-425b-ab14-8110e2aa85d7,Drama,117
889e3719-7d29-4888-b690-5a1531d2930e,3429cda2-6047-453c-bf54-952dfa6674c0,5d7f28a6-2a2a-4333-aa06-48edfb652f86,Pošta,2876
889e3719-7d29-4888-b690-5a1531d2930e,3429cda2-6047-453c-bf54-952dfa6674c0,12618339-2c2d-49ec-b0e0-2517c11991f8,Mirje,64
889e3719-7d29-4888-b690-5a1531d2930e,3429cda2-6047-453c-bf54-952dfa6674c0,3429cda2-6047-453c-bf54-952dfa6674c0,Klinični center,331
889e3719-7d29-4888-b690-5a1531d2930e,3429cda2-6047-453c-bf54-952dfa6674c0,b829062a-2644-4350-b998-74522d9e85d8,Lutkovno gl.,1592
889e3719-7d29-4888-b690-5a1531d2930e,3429cda2-6047-453c-bf54-952dfa6674c0,4038e02e-f22f-4af0-ba4f-7aab855b53af,Kneza Koclja,635
889e3719-7d29-4888-b690-5a1531d2930e,3429cda2-6047-453c-bf54-952dfa6674c0,db046e79-c658-433c-8812-157fd965a9f6,Galjevica,1509
889e3719-7d29-4888-b690-5a1531d2930e,3429cda2-6047-453c-bf54-952dfa6674c0,a9796806-8cd3-4b76-bf8c-4340aec35c9e,Lutkovno gl.,1431
889e3719-7d29-4888-b690-5a1531d2930e,3429cda2-6047-453c-bf54-952dfa6674c0,fef200e9-4d98-425b-ab14-8110e2aa85d7,Drama,326
889e3719-7d29-4888-b690-5a1531d2930e,3429cda2-6047-453c-bf54-952dfa6674c0,54c591c0-7bbb-4489-9229-57b18f95827a,Stara cerkev,1691
889e3719-7d29-4888-b690-5a1531d2930e,3429cda2-6047-453c-bf54-952dfa6674c0,5d7f28a6-2a2a-4333-aa06-48edfb652f86,Pošta,366
889e3719-7d29-4888-b690-5a1531d2930e,3429cda2-6047-453c-bf54-952dfa6674c0,6182f8e8-c45e-4606-b4a4-d909bd44d2cc,Gornji trg,798
889e3719-7d29-4888-b690-5a1531d2930e,3429cda2-6047-453c-bf54-952dfa6674c0,41489be9-b3b7-4cbe-90f8-af1a435b2676,Orlova,93
889e3719-7d29-4888-b690-5a1531d2930e,3429cda2-6047-453c-bf54-952dfa6674c0,bea274aa-277a-403d-ab2f-a0342b28882e,Križanke,59
889e3719-7d29-4888-b690-5a1531d2930e,3429cda2-6047-453c-bf54-952dfa6674c0,aa42017d-812a-4175-bc9b-0fec03b18931,Ambrožev trg,295
889e3719-7d29-4888-b690-5a1531d2930e,3429cda2-6047-453c-bf54-952dfa6674c0,5d7f28a6-2a2a-4333-aa06-48edfb652f86,Pošta,78
889e3719-7d29-4888-b690-5a1531d2930e,3429cda2-6047-453c-bf54-952dfa6674c0,4062cd22-b67a-4235-9980-0178b7add592,Drama,367
889e3719-7d29-4888-b690-5a1531d2930e,3429cda2-6047-453c-bf54-952dfa6674c0,9c3d9f7c-69df-4a48-8f1a-d25e7a922ac3,Škofljica Petkovšek,275
889e3719-7d29-4888-b690-5a1531d2930e,3429cda2-6047-453c-bf54-952dfa6674c0,fef200e9-4d98-425b-ab14-8110e2aa85d7,Drama,1085
889e3719-7d29-4888-b690-5a1531d2930e,3429cda2-6047-453c-bf54-952dfa6674c0,a378ce5e-57ce-4c52-b219-568674b5cd5e,Gornji trg,368
889e3719-7d29-4888-b690-5a1531d2930e,3429cda2-6047-453c-bf54-952dfa6674c0,77dcd833-fa4d-4c5a-93b1-31284942e61d,Šišenska,1017
889e3719-7d29-4888-b690-5a1531d2930e,3429cda2-6047-453c-bf54-952dfa6674c0,295616c0-387b-4f60-a337-7743cd6be04e,Bavarski dvor,70
889e3719-7d29-4888-b690-5a1531d2930e,3429cda2-6047-453c-bf54-952dfa6674c0,98f728a3-94a6-4911-98d7-64ab88097036,Lavrica,55
889e3719-7d29-4888-b690-5a1531d2930e,3429cda2-6047-453c-bf54-952dfa6674c0,4062cd22-b67a-4235-9980-0178b7add592,Drama,75
889e3719-7d29-4888-b690-5a1531d2930e,3429cda2-6047-453c-bf54-952dfa6674c0,4062cd22-b67a-4235-9980-0178b7add592,Drama,1153
889e3719-7d29-4888-b690-5a1531d2930e,3429cda2-6047-453c-bf54-952dfa6674c0,6a0b25cc-428e-47b5-831a-e89facfa7f26,Ziherlova,168
889e3719-7d29-4888-b690-5a1531d2930e,3429cda2-6047-453c-bf54-952dfa6674c0,25ad5579-f6a0-4f35-a0c9-0678b41e9dde,Križanke,28
889e3719-7d29-4888-b690-5a1531d2930e,3429cda2-6047-453c-bf54-952dfa6674c0,c87db9be-1fba-4102-a743-0ee4317dd5af,Bavarski dvor,855
889e3719-7d29-4888-b690-5a1531d2930e,3429cda2-6047-453c-bf54-952dfa6674c0,fef200e9-4d98-425b-ab14-8110e2aa85d7,Drama,654
889e3719-7d29-4888-b690-5a1531d2930e,3429cda2-6047-453c-bf54-952dfa6674c0,769b7bc7-4f95-4bb2-9c99-37ba8e8b4bd5,D. MOST P+R,1773
889e3719-7d29-4888-b690-5a1531d2930e,3429cda2-6047-453c-bf54-952dfa6674c0,f073b9d9-a3e3-4d04-a209-0db55377b79e,Zmajski most,481
889e3719-7d29-4888-b690-5a1531d2930e,3429cda2-6047-453c-bf54-952dfa6674c0,b60d686c-3b89-447c-93f6-2837d9af3d02,Ziherlova,899
889e3719-7d29-4888-b690-5a1531d2930e,3429cda2-6047-453c-bf54-952dfa6674c0,192b7b6a-b138-4569-a4f3-86bef6b20810,Letališka,3948
889e3719-7d29-4888-b690-5a1531d2930e,3429cda2-6047-453c-bf54-952dfa6674c0,fef200e9-4d98-425b-ab14-8110e2aa85d7,Drama,161
889e3719-7d29-4888-b690-5a1531d2930e,3429cda2-6047-453c-bf54-952dfa6674c0,d72032c7-d4b0-4eee-a87c-593985a42266,Tobačna,4065
889e3719-7d29-4888-b690-5a1531d2930e,3429cda2-6047-453c-bf54-952dfa6674c0,bea274aa-277a-403d-ab2f-a0342b28882e,Križanke,13
889e3719-7d29-4888-b690-5a1531d2930e,3429cda2-6047-453c-bf54-952dfa6674c0,5d7f28a6-2a2a-4333-aa06-48edfb652f86,Pošta,654
889e3719-7d29-4888-b690-5a1531d2930e,3429cda2-6047-453c-bf54-952dfa6674c0,c0fb12dd-8cab-40da-a3aa-e8de9c6d09ed,Rusjanov trg,1467
889e3719-7d29-4888-b690-5a1531d2930e,3429cda2-6047-453c-bf54-952dfa6674c0,a719a87c-4e93-4387-a6d1-2631a487f7e0,Ajdovščina,801
889e3719-7d29-4888-b690-5a1531d2930e,3429cda2-6047-453c-bf54-952dfa6674c0,9c17244c-0812-404b-b929-5cdc0591e421,Podmornica,866
889e3719-7d29-4888-b690-5a1531d2930e,3429cda2-6047-453c-bf54-952dfa6674c0,a719a87c-4e93-4387-a6d1-2631a487f7e0,Ajdovščina,1594
889e3719-7d29-4888-b690-5a1531d2930e,3429cda2-6047-453c-bf54-952dfa6674c0,6182f8e8-c45e-4606-b4a4-d909bd44d2cc,Gornji trg,887
889e3719-7d29-4888-b690-5a1531d2930e,3429cda2-6047-453c-bf54-952dfa6674c0,5fa77d25-e7a3-42db-8cc9-52b612d5de19,Preglov trg,685
889e3719-7d29-4888-b690-5a1531d2930e,3429cda2-6047-453c-bf54-952dfa6674c0,d72032c7-d4b0-4eee-a87c-593985a42266,Tobačna,3196
889e3719-7d29-4888-b690-5a1531d2930e,3429cda2-6047-453c-bf54-952dfa6674c0,bea274aa-277a-403d-ab2f-a0342b28882e,Križanke,137
889e3719-7d29-4888-b690-5a1531d2930e,3429cda2-6047-453c-bf54-952dfa6674c0,4062cd22-b67a-4235-9980-0178b7add592,Drama,317
889e3719-7d29-4888-b690-5a1531d2930e,3429cda2-6047-453c-bf54-952dfa6674c0,11d74c00-da13-4cad-883e-c6dcf8edcbe8,Aleja,134
889e3719-7d29-4888-b690-5a1531d2930e,3429cda2-6047-453c-bf54-952dfa6674c0,aa42017d-812a-4175-bc9b-0fec03b18931,Ambrožev trg,380
889e3719-7d29-4888-b690-5a1531d2930e,3429cda2-6047-453c-bf54-952dfa6674c0,b905ae6a-f1e1-4057-8923-481902ed5a8e,Konzorcij,41
889e3719-7d29-4888-b690-5a1531d2930e,3429cda2-6047-453c-bf54-952dfa6674c0,fef200e9-4d98-425b-ab14-8110e2aa85d7,Drama,182
889e3719-7d29-4888-b690-5a1531d2930e,3429cda2-6047-453c-bf54-952dfa6674c0,b905ae6a-f1e1-4057-8923-481902ed5a8e,Konzorcij,9
889e3719-7d29-4888-b690-5a1531d2930e,3429cda2-6047-453c-bf54-952dfa6674c0,4062cd22-b67a-4235-9980-0178b7add592,Drama,637
889e3719-7d29-4888-b690-5a1531d2930e,3429cda2-6047-453c-bf54-952dfa6674c0,f4cfd904-bd11-4247-95df-32c4555a930f,Klinični center,1594
889e3719-7d29-4888-b690-5a1531d2930e,3429cda2-6047-453c-bf54-952dfa6674c0,717dda7e-d793-4697-8f60-b64ee8b1edc4,Gosposvetska,747
889e3719-7d29-4888-b690-5a1531d2930e,3429cda2-6047-453c-bf54-952dfa6674c0,f784b27a-1509-4eec-bd52-6beee2b9530b,Kamnogoriška,663
889e3719-7d29-4888-b690-5a1531d2930e,3429cda2-6047-453c-bf54-952dfa6674c0,557f714a-6f4a-4c98-8c5a-d74fa34b2adb,Hrvatski trg,914
889e3719-7d29-4888-b690-5a1531d2930e,3429cda2-6047-453c-bf54-952dfa6674c0,bea274aa-277a-403d-ab2f-a0342b28882e,Križanke,357
889e3719-7d29-4888-b690-5a1531d2930e,3429cda2-6047-453c-bf54-952dfa6674c0,8c7fa045-888b-46d0-8189-6f82623bf481,Poljanska,164
889e3719-7d29-4888-b690-5a1531d2930e,3429cda2-6047-453c-bf54-952dfa6674c0,fef200e9-4d98-425b-ab14-8110e2aa85d7,Drama,35
889e3719-7d29-4888-b690-5a1531d2930e,3429cda2-6047-453c-bf54-952dfa6674c0,a719a87c-4e93-4387-a6d1-2631a487f7e0,Ajdovščina,305
889e3719-7d29-4888-b690-5a1531d2930e,3429cda2-6047-453c-bf54-952dfa6674c0,3429cda2-6047-453c-bf54-952dfa6674c0,Klinični center,145
889e3719-7d29-4888-b690-5a1531d2930e,3429cda2-6047-453c-bf54-952dfa6674c0,5d7f28a6-2a2a-4333-aa06-48edfb652f86,Pošta,177
889e3719-7d29-4888-b690-5a1531d2930e,3429cda2-6047-453c-bf54-952dfa6674c0,4062cd22-b67a-4235-9980-0178b7add592,Drama,1156
889e3719-7d29-4888-b690-5a1531d2930e,3429cda2-6047-453c-bf54-952dfa6674c0,fef200e9-4d98-425b-ab14-8110e2aa85d7,Drama,38
889e3719-7d29-4888-b690-5a1531d2930e,3429cda2-6047-453c-bf54-952dfa6674c0,cab36767-e95a-4f60-978e-92490f2517b2,Hrvatski trg,491
889e3719-7d29-4888-b690-5a1531d2930e,3429cda2-6047-453c-bf54-952dfa6674c0,71480129-1108-4659-bb1b-d62897a81d02,Polje-kolodvor,217
889e3719-7d29-4888-b690-5a1531d2930e,3429cda2-6047-453c-bf54-952dfa6674c0,bbe542ee-a3f6-43cf-b23a-077c28b7d19a,BTC-tržnica,354
889e3719-7d29-4888-b690-5a1531d2930e,3429cda2-6047-453c-bf54-952dfa6674c0,38b3abed-0592-407b-96c3-85a026f2e192,Dalmatinova,46
889e3719-7d29-4888-b690-5a1531d2930e,3429cda2-6047-453c-bf54-952dfa6674c0,76ec8af8-07c2-4d44-b0d8-a439d381913f,Medno,692
889e3719-7d29-4888-b690-5a1531d2930e,3429cda2-6047-453c-bf54-952dfa6674c0,087e50b6-7677-4a85-802f-5694266fe38b,Aškerčeva,98
889e3719-7d29-4888-b690-5a1531d2930e,3429cda2-6047-453c-bf54-952dfa6674c0,8eeea585-6168-45b8-a5d4-336e61826043,Zapuže,921
889e3719-7d29-4888-b690-5a1531d2930e,3429cda2-6047-453c-bf54-952dfa6674c0,4062cd22-b67a-4235-9980-0178b7add592,Drama,188
889e3719-7d29-4888-b690-5a1531d2930e,3429cda2-6047-453c-bf54-952dfa6674c0,4062cd22-b67a-4235-9980-0178b7add592,Drama,381
889e3719-7d29-4888-b690-5a1531d2930e,3429cda2-6047-453c-bf54-952dfa6674c0,6182f8e8-c45e-4606-b4a4-d909bd44d2cc,Gornji trg,1901
889e3719-7d29-4888-b690-5a1531d2930e,3429cda2-6047-453c-bf54-952dfa6674c0,12618339-2c2d-49ec-b0e0-2517c11991f8,Mirje,2132
889e3719-7d29-4888-b690-5a1531d2930e,3429cda2-6047-453c-bf54-952dfa6674c0,5d7f28a6-2a2a-4333-aa06-48edfb652f86,Pošta,102
889e3719-7d29-4888-b690-5a1531d2930e,3429cda2-6047-453c-bf54-952dfa6674c0,a719a87c-4e93-4387-a6d1-2631a487f7e0,Ajdovščina,1073
889e3719-7d29-4888-b690-5a1531d2930e,3429cda2-6047-453c-bf54-952dfa6674c0,d72032c7-d4b0-4eee-a87c-593985a42266,Tobačna,890
889e3719-7d29-4888-b690-5a1531d2930e,3429cda2-6047-453c-bf54-952dfa6674c0,fef200e9-4d98-425b-ab14-8110e2aa85d7,Drama,134
889e3719-7d29-4888-b690-5a1531d2930e,3429cda2-6047-453c-bf54-952dfa6674c0,557f714a-6f4a-4c98-8c5a-d74fa34b2adb,Hrvatski trg,865
889e3719-7d29-4888-b690-5a1531d2930e,3429cda2-6047-453c-bf54-952dfa6674c0,4062cd22-b67a-4235-9980-0178b7add592,Drama,92
889e3719-7d29-4888-b690-5a1531d2930e,3429cda2-6047-453c-bf54-952dfa6674c0,557f714a-6f4a-4c98-8c5a-d74fa34b2adb,Hrvatski trg,1113
889e3719-7d29-4888-b690-5a1531d2930e,3429cda2-6047-453c-bf54-952dfa6674c0,16578e36-c682-4083-bd29-4973445dc0fe,Gosposvetska,2133
889e3719-7d29-4888-b690-5a1531d2930e,3429cda2-6047-453c-bf54-952dfa6674c0,bea274aa-277a-403d-ab2f-a0342b28882e,Križanke,1031
889e3719-7d29-4888-b690-5a1531d2930e,3429cda2-6047-453c-bf54-952dfa6674c0,fef200e9-4d98-425b-ab14-8110e2aa85d7,Drama,1014
889e3719-7d29-4888-b690-5a1531d2930e,3429cda2-6047-453c-bf54-952dfa6674c0,59faa0f0-34b1-47cd-ba3a-3b6f0d684c00,Žito,156
889e3719-7d29-4888-b690-5a1531d2930e,3429cda2-6047-453c-bf54-952dfa6674c0,d7748049-2f69-4c77-a19b-96774a521ac1,Prekmurska,608
889e3719-7d29-4888-b690-5a1531d2930e,3429cda2-6047-453c-bf54-952dfa6674c0,9b85d4b0-c594-4e0e-9ce2-d0986256c270,Tavčarjeva,369
889e3719-7d29-4888-b690-5a1531d2930e,3429cda2-6047-453c-bf54-952dfa6674c0,1b3ddeca-a066-43ee-9ae5-8339628129c2,Žale,1330
889e3719-7d29-4888-b690-5a1531d2930e,3429cda2-6047-453c-bf54-952dfa6674c0,25ad5579-f6a0-4f35-a0c9-0678b41e9dde,Križanke,156
889e3719-7d29-4888-b690-5a1531d2930e,3429cda2-6047-453c-bf54-952dfa6674c0,48e907fd-e868-47cd-8cac-74c7d4582944,Poljanska,118
889e3719-7d29-4888-b690-5a1531d2930e,3429cda2-6047-453c-bf54-952dfa6674c0,fef200e9-4d98-425b-ab14-8110e2aa85d7,Drama,774
889e3719-7d29-4888-b690-5a1531d2930e,3429cda2-6047-453c-bf54-952dfa6674c0,fef200e9-4d98-425b-ab14-8110e2aa85d7,Drama,306
889e3719-7d29-4888-b690-5a1531d2930e,3429cda2-6047-453c-bf54-952dfa6674c0,4062cd22-b67a-4235-9980-0178b7add592,Drama,1870
889e3719-7d29-4888-b690-5a1531d2930e,3429cda2-6047-453c-bf54-952dfa6674c0,16578e36-c682-4083-bd29-4973445dc0fe,Gosposvetska,828
889e3719-7d29-4888-b690-5a1531d2930e,3429cda2-6047-453c-bf54-952dfa6674c0,fef200e9-4d98-425b-ab14-8110e2aa85d7,Drama,543
889e3719-7d29-4888-b690-5a1531d2930e,3429cda2-6047-453c-bf54-952dfa6674c0,4062cd22-b67a-4235-9980-0178b7add592,Drama,68
889e3719-7d29-4888-b690-5a1531d2930e,3429cda2-6047-453c-bf54-952dfa6674c0,fef200e9-4d98-425b-ab14-8110e2aa85d7,Drama,3105
889e3719-7d29-4888-b690-5a1531d2930e,3429cda2-6047-453c-bf54-952dfa6674c0,fef200e9-4d98-425b-ab14-8110e2aa85d7,Drama,82
889e3719-7d29-4888-b690-5a1531d2930e,3429cda2-6047-453c-bf54-952dfa6674c0,a2ce7e6f-0f99-443a-a973-81a0b9c60261,Astra,93
889e3719-7d29-4888-b690-5a1531d2930e,3429cda2-6047-453c-bf54-952dfa6674c0,717dda7e-d793-4697-8f60-b64ee8b1edc4,Gosposvetska,1638
889e3719-7d29-4888-b690-5a1531d2930e,3429cda2-6047-453c-bf54-952dfa6674c0,fef200e9-4d98-425b-ab14-8110e2aa85d7,Drama,952
889e3719-7d29-4888-b690-5a1531d2930e,3429cda2-6047-453c-bf54-952dfa6674c0,4062cd22-b67a-4235-9980-0178b7add592,Drama,998
889e3719-7d29-4888-b690-5a1531d2930e,3429cda2-6047-453c-bf54-952dfa6674c0,3429cda2-6047-453c-bf54-952dfa6674c0,Klinični center,219
889e3719-7d29-4888-b690-5a1531d2930e,3429cda2-6047-453c-bf54-952dfa6674c0,4062cd22-b67a-4235-9980-0178b7add592,Drama,115
889e3719-7d29-4888-b690-5a1531d2930e,3429cda2-6047-453c-bf54-952dfa6674c0,7c149b59-2bc6-45cb-95c8-69e18a0db627,Rusjanov trg,160
889e3719-7d29-4888-b690-5a1531d2930e,3429cda2-6047-453c-bf54-952dfa6674c0,bea274aa-277a-403d-ab2f-a0342b28882e,Križanke,176
889e3719-7d29-4888-b690-5a1531d2930e,3429cda2-6047-453c-bf54-952dfa6674c0,ecc4ae87-ae08-4b94-995c-452fdd94df7f,Privoz,442
889e3719-7d29-4888-b690-5a1531d2930e,3429cda2-6047-453c-bf54-952dfa6674c0,fef200e9-4d98-425b-ab14-8110e2aa85d7,Drama,283
889e3719-7d29-4888-b690-5a1531d2930e,3429cda2-6047-453c-bf54-952dfa6674c0,9b0074d2-2c92-4c01-830b-00be8e05b412,Cukrarna,897
889e3719-7d29-4888-b690-5a1531d2930e,3429cda2-6047-453c-bf54-952dfa6674c0,7d579a55-27bc-49d0-a124-a5ed6233c55a,Tacenski most,3931
889e3719-7d29-4888-b690-5a1531d2930e,3429cda2-6047-453c-bf54-952dfa6674c0,c87db9be-1fba-4102-a743-0ee4317dd5af,Bavarski dvor,1043
889e3719-7d29-4888-b690-5a1531d2930e,3429cda2-6047-453c-bf54-952dfa6674c0,9afb36ea-c2ae-4bbb-9644-3a6c65bb1c7d,Kino Šiška,3671
889e3719-7d29-4888-b690-5a1531d2930e,3429cda2-6047-453c-bf54-952dfa6674c0,1eadcdb9-60cd-47c9-8eec-527c3465a685,Polje,875
889e3719-7d29-4888-b690-5a1531d2930e,3429cda2-6047-453c-bf54-952dfa6674c0,a719a87c-4e93-4387-a6d1-2631a487f7e0,Ajdovščina,1211
889e3719-7d29-4888-b690-5a1531d2930e,3429cda2-6047-453c-bf54-952dfa6674c0,b905ae6a-f1e1-4057-8923-481902ed5a8e,Konzorcij,110
889e3719-7d29-4888-b690-5a1531d2930e,3429cda2-6047-453c-bf54-952dfa6674c0,1b3ddeca-a066-43ee-9ae5-8339628129c2,Žale,1185
889e3719-7d29-4888-b690-5a1531d2930e,3429cda2-6047-453c-bf54-952dfa6674c0,4062cd22-b67a-4235-9980-0178b7add592,Drama,9
889e3719-7d29-4888-b690-5a1531d2930e,3429cda2-6047-453c-bf54-952dfa6674c0,fef200e9-4d98-425b-ab14-8110e2aa85d7,Drama,1575
889e3719-7d29-4888-b690-5a1531d2930e,3429cda2-6047-453c-bf54-952dfa6674c0,4062cd22-b67a-4235-9980-0178b7add592,Drama,1521
889e3719-7d29-4888-b690-5a1531d2930e,3429cda2-6047-453c-bf54-952dfa6674c0,e786b2df-34ed-4246-832e-7c3d538ac1f4,Kranjčeva,758
889e3719-7d29-4888-b690-5a1531d2930e,3429cda2-6047-453c-bf54-952dfa6674c0,f33b721f-a8a3-4aad-96f2-077da09ebaa6,Razstavišče,203
889e3719-7d29-4888-b690-5a1531d2930e,3429cda2-6047-453c-bf54-952dfa6674c0,fef200e9-4d98-425b-ab14-8110e2aa85d7,Drama,70
889e3719-7d29-4888-b690-5a1531d2930e,3429cda2-6047-453c-bf54-952dfa6674c0,59faa0f0-34b1-47cd-ba3a-3b6f0d684c00,Žito,916
889e3719-7d29-4888-b690-5a1531d2930e,3429cda2-6047-453c-bf54-952dfa6674c0,16578e36-c682-4083-bd29-4973445dc0fe,Gosposvetska,979
889e3719-7d29-4888-b690-5a1531d2930e,3429cda2-6047-453c-bf54-952dfa6674c0,eead721b-8996-4e73-a2f9-02dba20df4fa,Ilirska,1738
889e3719-7d29-4888-b690-5a1531d2930e,3429cda2-6047-453c-bf54-952dfa6674c0,N/A,N/A,4525
889e3719-7d29-4888-b690-5a1531d2930e,3429cda2-6047-453c-bf54-952dfa6674c0,fef200e9-4d98-425b-ab14-8110e2aa85d7,Drama,860
889e3719-7d29-4888-b690-5a1531d2930e,3429cda2-6047-453c-bf54-952dfa6674c0,16578e36-c682-4083-bd29-4973445dc0fe,Gosposvetska,1876
889e3719-7d29-4888-b690-5a1531d2930e,3429cda2-6047-453c-bf54-952dfa6674c0,a2ce7e6f-0f99-443a-a973-81a0b9c60261,Astra,153
889e3719-7d29-4888-b690-5a1531d2930e,3429cda2-6047-453c-bf54-952dfa6674c0,17f7d178-41b3-41f9-a545-cbfc22a0a5f1,Nusdorferjeva,1172
889e3719-7d29-4888-b690-5a1531d2930e,3429cda2-6047-453c-bf54-952dfa6674c0,a378ce5e-57ce-4c52-b219-568674b5cd5e,Gornji trg,417
889e3719-7d29-4888-b690-5a1531d2930e,3429cda2-6047-453c-bf54-952dfa6674c0,4038e02e-f22f-4af0-ba4f-7aab855b53af,Kneza Koclja,247
889e3719-7d29-4888-b690-5a1531d2930e,3429cda2-6047-453c-bf54-952dfa6674c0,fef200e9-4d98-425b-ab14-8110e2aa85d7,Drama,60
889e3719-7d29-4888-b690-5a1531d2930e,3429cda2-6047-453c-bf54-952dfa6674c0,1eadcdb9-60cd-47c9-8eec-527c3465a685,Polje,459
889e3719-7d29-4888-b690-5a1531d2930e,3429cda2-6047-453c-bf54-952dfa6674c0,9cfac7e2-9653-4e52-a6d3-27756d27f817,Kino Šiška,547
889e3719-7d29-4888-b690-5a1531d2930e,3429cda2-6047-453c-bf54-952dfa6674c0,ac3afe7d-a2b3-4d5d-9e6a-1d2412a3bc70,Litostrojska,234
889e3719-7d29-4888-b690-5a1531d2930e,3429cda2-6047-453c-bf54-952dfa6674c0,28248670-5e08-4de2-8eab-e63933c0d61d,Podmornica,53
889e3719-7d29-4888-b690-5a1531d2930e,3429cda2-6047-453c-bf54-952dfa6674c0,fef200e9-4d98-425b-ab14-8110e2aa85d7,Drama,169
889e3719-7d29-4888-b690-5a1531d2930e,3429cda2-6047-453c-bf54-952dfa6674c0,557f714a-6f4a-4c98-8c5a-d74fa34b2adb,Hrvatski trg,51
889e3719-7d29-4888-b690-5a1531d2930e,3429cda2-6047-453c-bf54-952dfa6674c0,0e79ef8c-f692-4e29-a37e-4a81cbb3d410,Vič Glince,68
889e3719-7d29-4888-b690-5a1531d2930e,3429cda2-6047-453c-bf54-952dfa6674c0,d72032c7-d4b0-4eee-a87c-593985a42266,Tobačna,431
889e3719-7d29-4888-b690-5a1531d2930e,3429cda2-6047-453c-bf54-952dfa6674c0,4062cd22-b67a-4235-9980-0178b7add592,Drama,175
889e3719-7d29-4888-b690-5a1531d2930e,3429cda2-6047-453c-bf54-952dfa6674c0,a9796806-8cd3-4b76-bf8c-4340aec35c9e,Lutkovno gl.,99
889e3719-7d29-4888-b690-5a1531d2930e,3429cda2-6047-453c-bf54-952dfa6674c0,fef200e9-4d98-425b-ab14-8110e2aa85d7,Drama,412
889e3719-7d29-4888-b690-5a1531d2930e,3429cda2-6047-453c-bf54-952dfa6674c0,a9473958-e505-4c16-8498-486b06a47856,Čebelarska,1105
889e3719-7d29-4888-b690-5a1531d2930e,3429cda2-6047-453c-bf54-952dfa6674c0,5d7f28a6-2a2a-4333-aa06-48edfb652f86,Pošta,244
889e3719-7d29-4888-b690-5a1531d2930e,3429cda2-6047-453c-bf54-952dfa6674c0,4062cd22-b67a-4235-9980-0178b7add592,Drama,144
889e3719-7d29-4888-b690-5a1531d2930e,3429cda2-6047-453c-bf54-952dfa6674c0,c8e0086c-0cef-4375-a471-72f3ae1e34fc,Strelišče,774
889e3719-7d29-4888-b690-5a1531d2930e,3429cda2-6047-453c-bf54-952dfa6674c0,bbe542ee-a3f6-43cf-b23a-077c28b7d19a,BTC-tržnica,706
889e3719-7d29-4888-b690-5a1531d2930e,3429cda2-6047-453c-bf54-952dfa6674c0,4062cd22-b67a-4235-9980-0178b7add592,Drama,448
889e3719-7d29-4888-b690-5a1531d2930e,3429cda2-6047-453c-bf54-952dfa6674c0,9b85d4b0-c594-4e0e-9ce2-d0986256c270,Tavčarjeva,1349
889e3719-7d29-4888-b690-5a1531d2930e,3429cda2-6047-453c-bf54-952dfa6674c0,fcccf4af-4f16-4edc-ba5a-585c434593fe,ZD Polje,539
889e3719-7d29-4888-b690-5a1531d2930e,3429cda2-6047-453c-bf54-952dfa6674c0,dd57f39b-be0f-479e-bc35-5bd2edf98ff2,Bolnica,1013
889e3719-7d29-4888-b690-5a1531d2930e,3429cda2-6047-453c-bf54-952dfa6674c0,a378ce5e-57ce-4c52-b219-568674b5cd5e,Gornji trg,194
889e3719-7d29-4888-b690-5a1531d2930e,3429cda2-6047-453c-bf54-952dfa6674c0,86a75ffc-a78f-401f-8991-2eb0371417b2,Studenec,259
889e3719-7d29-4888-b690-5a1531d2930e,3429cda2-6047-453c-bf54-952dfa6674c0,N/A,N/A,4525
889e3719-7d29-4888-b690-5a1531d2930e,3429cda2-6047-453c-bf54-952dfa6674c0,fcc58ff5-bf0b-44ce-b12b-75ecc493f24d,Petrol,426
889e3719-7d29-4888-b690-5a1531d2930e,3429cda2-6047-453c-bf54-952dfa6674c0,fef200e9-4d98-425b-ab14-8110e2aa85d7,Drama,534
889e3719-7d29-4888-b690-5a1531d2930e,3429cda2-6047-453c-bf54-952dfa6674c0,f33b721f-a8a3-4aad-96f2-077da09ebaa6,Razstavišče,979
889e3719-7d29-4888-b690-5a1531d2930e,3429cda2-6047-453c-bf54-952dfa6674c0,a719a87c-4e93-4387-a6d1-2631a487f7e0,Ajdovščina,526
889e3719-7d29-4888-b690-5a1531d2930e,3429cda2-6047-453c-bf54-952dfa6674c0,bea274aa-277a-403d-ab2f-a0342b28882e,Križanke,242
889e3719-7d29-4888-b690-5a1531d2930e,3429cda2-6047-453c-bf54-952dfa6674c0,2d6504e9-c938-417e-9b55-32d6514bc744,Kristalna palača,1012
889e3719-7d29-4888-b690-5a1531d2930e,3429cda2-6047-453c-bf54-952dfa6674c0,fef200e9-4d98-425b-ab14-8110e2aa85d7,Drama,988
889e3719-7d29-4888-b690-5a1531d2930e,3429cda2-6047-453c-bf54-952dfa6674c0,b905ae6a-f1e1-4057-8923-481902ed5a8e,Konzorcij,15
889e3719-7d29-4888-b690-5a1531d2930e,3429cda2-6047-453c-bf54-952dfa6674c0,bea274aa-277a-403d-ab2f-a0342b28882e,Križanke,208
889e3719-7d29-4888-b690-5a1531d2930e,3429cda2-6047-453c-bf54-952dfa6674c0,b905ae6a-f1e1-4057-8923-481902ed5a8e,Konzorcij,232
889e3719-7d29-4888-b690-5a1531d2930e,3429cda2-6047-453c-bf54-952dfa6674c0,a719a87c-4e93-4387-a6d1-2631a487f7e0,Ajdovščina,1408
889e3719-7d29-4888-b690-5a1531d2930e,3429cda2-6047-453c-bf54-952dfa6674c0,8a224b7d-24ae-4c7b-8318-f66ac8cc078b,Zakrajškova,991
889e3719-7d29-4888-b690-5a1531d2930e,3429cda2-6047-453c-bf54-952dfa6674c0,25ad5579-f6a0-4f35-a0c9-0678b41e9dde,Križanke,2671
889e3719-7d29-4888-b690-5a1531d2930e,3429cda2-6047-453c-bf54-952dfa6674c0,d72032c7-d4b0-4eee-a87c-593985a42266,Tobačna,204
889e3719-7d29-4888-b690-5a1531d2930e,3429cda2-6047-453c-bf54-952dfa6674c0,21764d19-62cc-49fd-bac9-403aeac6a6b9,Ježica,253
889e3719-7d29-4888-b690-5a1531d2930e,3429cda2-6047-453c-bf54-952dfa6674c0,a719a87c-4e93-4387-a6d1-2631a487f7e0,Ajdovščina,2263
889e3719-7d29-4888-b690-5a1531d2930e,3429cda2-6047-453c-bf54-952dfa6674c0,fef200e9-4d98-425b-ab14-8110e2aa85d7,Drama,779
889e3719-7d29-4888-b690-5a1531d2930e,3429cda2-6047-453c-bf54-952dfa6674c0,47a3bd8a-72ae-4e20-b43f-10bfaf49012c,Ob sotočju,440
889e3719-7d29-4888-b690-5a1531d2930e,3429cda2-6047-453c-bf54-952dfa6674c0,9b85d4b0-c594-4e0e-9ce2-d0986256c270,Tavčarjeva,1226
889e3719-7d29-4888-b690-5a1531d2930e,3429cda2-6047-453c-bf54-952dfa6674c0,bea274aa-277a-403d-ab2f-a0342b28882e,Križanke,61
889e3719-7d29-4888-b690-5a1531d2930e,3429cda2-6047-453c-bf54-952dfa6674c0,a378ce5e-57ce-4c52-b219-568674b5cd5e,Gornji trg,140
889e3719-7d29-4888-b690-5a1531d2930e,3429cda2-6047-453c-bf54-952dfa6674c0,aa42017d-812a-4175-bc9b-0fec03b18931,Ambrožev trg,538
889e3719-7d29-4888-b690-5a1531d2930e,3429cda2-6047-453c-bf54-952dfa6674c0,97627b9b-fa2e-461a-97ea-a15df7599598,Pot Rdečega križa,282
889e3719-7d29-4888-b690-5a1531d2930e,3429cda2-6047-453c-bf54-952dfa6674c0,16578e36-c682-4083-bd29-4973445dc0fe,Gosposvetska,391
889e3719-7d29-4888-b690-5a1531d2930e,3429cda2-6047-453c-bf54-952dfa6674c0,fef200e9-4d98-425b-ab14-8110e2aa85d7,Drama,3561
889e3719-7d29-4888-b690-5a1531d2930e,3429cda2-6047-453c-bf54-952dfa6674c0,fef200e9-4d98-425b-ab14-8110e2aa85d7,Drama,79
889e3719-7d29-4888-b690-5a1531d2930e,3429cda2-6047-453c-bf54-952dfa6674c0,4062cd22-b67a-4235-9980-0178b7add592,Drama,128
889e3719-7d29-4888-b690-5a1531d2930e,3429cda2-6047-453c-bf54-952dfa6674c0,4062cd22-b67a-4235-9980-0178b7add592,Drama,173
889e3719-7d29-4888-b690-5a1531d2930e,3429cda2-6047-453c-bf54-952dfa6674c0,f5e84751-7377-402c-974c-53276e422e70,Na klancu,290
889e3719-7d29-4888-b690-5a1531d2930e,3429cda2-6047-453c-bf54-952dfa6674c0,6182f8e8-c45e-4606-b4a4-d909bd44d2cc,Gornji trg,555
889e3719-7d29-4888-b690-5a1531d2930e,3429cda2-6047-453c-bf54-952dfa6674c0,25ad5579-f6a0-4f35-a0c9-0678b41e9dde,Križanke,312
889e3719-7d29-4888-b690-5a1531d2930e,3429cda2-6047-453c-bf54-952dfa6674c0,5a2def68-fa57-4002-a942-e39bc2a87688,Koseze,1155
889e3719-7d29-4888-b690-5a1531d2930e,3429cda2-6047-453c-bf54-952dfa6674c0,f2b27cbd-5207-4281-8f67-6369d0c50a9b,Kodrova,1904
889e3719-7d29-4888-b690-5a1531d2930e,3429cda2-6047-453c-bf54-952dfa6674c0,eead721b-8996-4e73-a2f9-02dba20df4fa,Ilirska,2236
889e3719-7d29-4888-b690-5a1531d2930e,3429cda2-6047-453c-bf54-952dfa6674c0,e66e813a-722d-40f8-9ee9-1470d07bc200,Tobačna,1423
889e3719-7d29-4888-b690-5a1531d2930e,3429cda2-6047-453c-bf54-952dfa6674c0,da656f17-9723-4cbe-a008-823cbad17c28,Dolgi most,937
889e3719-7d29-4888-b690-5a1531d2930e,3429cda2-6047-453c-bf54-952dfa6674c0,ecc4ae87-ae08-4b94-995c-452fdd94df7f,Privoz,109
889e3719-7d29-4888-b690-5a1531d2930e,3429cda2-6047-453c-bf54-952dfa6674c0,4d216485-ef41-45e7-9182-0c254644955c,Sava,592
889e3719-7d29-4888-b690-5a1531d2930e,3429cda2-6047-453c-bf54-952dfa6674c0,023d7b7a-b411-4e61-8746-b07f9e5c8f90,Ambrožev trg,236
889e3719-7d29-4888-b690-5a1531d2930e,3429cda2-6047-453c-bf54-952dfa6674c0,cab36767-e95a-4f60-978e-92490f2517b2,Hrvatski trg,587
889e3719-7d29-4888-b690-5a1531d2930e,3429cda2-6047-453c-bf54-952dfa6674c0,98a94a2a-894f-4ff0-9967-1dd986bf0cfd,Litostroj,709
889e3719-7d29-4888-b690-5a1531d2930e,3429cda2-6047-453c-bf54-952dfa6674c0,feb89b92-366d-4f50-a509-40c7baba8cf0,Brodarjev trg,3997
889e3719-7d29-4888-b690-5a1531d2930e,3429cda2-6047-453c-bf54-952dfa6674c0,25ad5579-f6a0-4f35-a0c9-0678b41e9dde,Križanke,50
889e3719-7d29-4888-b690-5a1531d2930e,3429cda2-6047-453c-bf54-952dfa6674c0,46f20d33-601c-4ef6-b86c-7c2bb4af52fa,Ježkova,144
889e3719-7d29-4888-b690-5a1531d2930e,3429cda2-6047-453c-bf54-952dfa6674c0,639551cf-fe23-4363-8ccd-655bc5d4119e,Zmajski most,1620
889e3719-7d29-4888-b690-5a1531d2930e,3429cda2-6047-453c-bf54-952dfa6674c0,9b85d4b0-c594-4e0e-9ce2-d0986256c270,Tavčarjeva,1353
889e3719-7d29-4888-b690-5a1531d2930e,3429cda2-6047-453c-bf54-952dfa6674c0,ecc4ae87-ae08-4b94-995c-452fdd94df7f,Privoz,26
889e3719-7d29-4888-b690-5a1531d2930e,3429cda2-6047-453c-bf54-952dfa6674c0,fef200e9-4d98-425b-ab14-8110e2aa85d7,Drama,2315
889e3719-7d29-4888-b690-5a1531d2930e,3429cda2-6047-453c-bf54-952dfa6674c0,b829062a-2644-4350-b998-74522d9e85d8,Lutkovno gl.,1261
889e3719-7d29-4888-b690-5a1531d2930e,3429cda2-6047-453c-bf54-952dfa6674c0,fef200e9-4d98-425b-ab14-8110e2aa85d7,Drama,9
889e3719-7d29-4888-b690-5a1531d2930e,3429cda2-6047-453c-bf54-952dfa6674c0,4062cd22-b67a-4235-9980-0178b7add592,Drama,501
889e3719-7d29-4888-b690-5a1531d2930e,3429cda2-6047-453c-bf54-952dfa6674c0,c87db9be-1fba-4102-a743-0ee4317dd5af,Bavarski dvor,696
889e3719-7d29-4888-b690-5a1531d2930e,3429cda2-6047-453c-bf54-952dfa6674c0,9cb18d2e-9bf3-436a-ab3a-7c52c5de1300,Rašica,828
889e3719-7d29-4888-b690-5a1531d2930e,3429cda2-6047-453c-bf54-952dfa6674c0,a719a87c-4e93-4387-a6d1-2631a487f7e0,Ajdovščina,314
889e3719-7d29-4888-b690-5a1531d2930e,3429cda2-6047-453c-bf54-952dfa6674c0,41489be9-b3b7-4cbe-90f8-af1a435b2676,Orlova,720
889e3719-7d29-4888-b690-5a1531d2930e,3429cda2-6047-453c-bf54-952dfa6674c0,0be237aa-4b91-4d2b-ac23-0cebac975a0d,Cankarjev dom,56
889e3719-7d29-4888-b690-5a1531d2930e,3429cda2-6047-453c-bf54-952dfa6674c0,fef200e9-4d98-425b-ab14-8110e2aa85d7,Drama,247
889e3719-7d29-4888-b690-5a1531d2930e,3429cda2-6047-453c-bf54-952dfa6674c0,feb89b92-366d-4f50-a509-40c7baba8cf0,Brodarjev trg,193
889e3719-7d29-4888-b690-5a1531d2930e,3429cda2-6047-453c-bf54-952dfa6674c0,087e50b6-7677-4a85-802f-5694266fe38b,Aškerčeva,47
889e3719-7d29-4888-b690-5a1531d2930e,3429cda2-6047-453c-bf54-952dfa6674c0,295616c0-387b-4f60-a337-7743cd6be04e,Bavarski dvor,325
889e3719-7d29-4888-b690-5a1531d2930e,3429cda2-6047-453c-bf54-952dfa6674c0,f2b27cbd-5207-4281-8f67-6369d0c50a9b,Kodrova,663
889e3719-7d29-4888-b690-5a1531d2930e,3429cda2-6047-453c-bf54-952dfa6674c0,25ad5579-f6a0-4f35-a0c9-0678b41e9dde,Križanke,2087
889e3719-7d29-4888-b690-5a1531d2930e,3429cda2-6047-453c-bf54-952dfa6674c0,4062cd22-b67a-4235-9980-0178b7add592,Drama,270
889e3719-7d29-4888-b690-5a1531d2930e,3429cda2-6047-453c-bf54-952dfa6674c0,8589e5d1-21b4-4210-ad7a-4bf91f9a715d,Vižmarje,848
889e3719-7d29-4888-b690-5a1531d2930e,3429cda2-6047-453c-bf54-952dfa6674c0,0b4a072e-6c2d-4c71-ab80-2b7142df81de,Tivoli,2228
889e3719-7d29-4888-b690-5a1531d2930e,3429cda2-6047-453c-bf54-952dfa6674c0,a719a87c-4e93-4387-a6d1-2631a487f7e0,Ajdovščina,2961
889e3719-7d29-4888-b690-5a1531d2930e,3429cda2-6047-453c-bf54-952dfa6674c0,9bb1ed3b-5a6f-43c7-afaf-ba2b60ca1a7a,Aškerčeva,203
889e3719-7d29-4888-b690-5a1531d2930e,3429cda2-6047-453c-bf54-952dfa6674c0,3c6ebf90-c611-4535-b2b0-22fba3f7649a,Štajerska,314
889e3719-7d29-4888-b690-5a1531d2930e,3429cda2-6047-453c-bf54-952dfa6674c0,f2b27cbd-5207-4281-8f67-6369d0c50a9b,Kodrova,345
889e3719-7d29-4888-b690-5a1531d2930e,3429cda2-6047-453c-bf54-952dfa6674c0,379bc761-04b5-4227-be76-3b870fe3e69f,Pot na Fužine,185
889e3719-7d29-4888-b690-5a1531d2930e,3429cda2-6047-453c-bf54-952dfa6674c0,6182f8e8-c45e-4606-b4a4-d909bd44d2cc,Gornji trg,970
889e3719-7d29-4888-b690-5a1531d2930e,3429cda2-6047-453c-bf54-952dfa6674c0,aa42017d-812a-4175-bc9b-0fec03b18931,Ambrožev trg,1327
889e3719-7d29-4888-b690-5a1531d2930e,3429cda2-6047-453c-bf54-952dfa6674c0,4062cd22-b67a-4235-9980-0178b7add592,Drama,247
889e3719-7d29-4888-b690-5a1531d2930e,3429cda2-6047-453c-bf54-952dfa6674c0,b905ae6a-f1e1-4057-8923-481902ed5a8e,Konzorcij,300
889e3719-7d29-4888-b690-5a1531d2930e,3429cda2-6047-453c-bf54-952dfa6674c0,a378ce5e-57ce-4c52-b219-568674b5cd5e,Gornji trg,798
889e3719-7d29-4888-b690-5a1531d2930e,3429cda2-6047-453c-bf54-952dfa6674c0,fef200e9-4d98-425b-ab14-8110e2aa85d7,Drama,35
889e3719-7d29-4888-b690-5a1531d2930e,3429cda2-6047-453c-bf54-952dfa6674c0,c124f317-217b-4b89-9597-393843de4f81,Nusdorferjeva,321
889e3719-7d29-4888-b690-5a1531d2930e,3429cda2-6047-453c-bf54-952dfa6674c0,f33b721f-a8a3-4aad-96f2-077da09ebaa6,Razstavišče,1878
889e3719-7d29-4888-b690-5a1531d2930e,3429cda2-6047-453c-bf54-952dfa6674c0,a719a87c-4e93-4387-a6d1-2631a487f7e0,Ajdovščina,61
889e3719-7d29-4888-b690-5a1531d2930e,3429cda2-6047-453c-bf54-952dfa6674c0,d9a82add-03d0-47d8-9f35-117b7a5ded44,Gerbičeva,59
889e3719-7d29-4888-b690-5a1531d2930e,3429cda2-6047-453c-bf54-952dfa6674c0,48e907fd-e868-47cd-8cac-74c7d4582944,Poljanska,544
889e3719-7d29-4888-b690-5a1531d2930e,3429cda2-6047-453c-bf54-952dfa6674c0,484b5c91-1220-43ba-af79-84e712fcc46b,Slovenija avto,211
889e3719-7d29-4888-b690-5a1531d2930e,3429cda2-6047-453c-bf54-952dfa6674c0,9bb1ed3b-5a6f-43c7-afaf-ba2b60ca1a7a,Aškerčeva,395
889e3719-7d29-4888-b690-5a1531d2930e,3429cda2-6047-453c-bf54-952dfa6674c0,f14a6236-8af2-47bf-9270-432377662a63,Viadukt,338
889e3719-7d29-4888-b690-5a1531d2930e,3429cda2-6047-453c-bf54-952dfa6674c0,f14a6236-8af2-47bf-9270-432377662a63,Viadukt,469
889e3719-7d29-4888-b690-5a1531d2930e,3429cda2-6047-453c-bf54-952dfa6674c0,6c56976b-4ae1-429f-bcab-0cfc37e3580d,Zgornji log,1137
889e3719-7d29-4888-b690-5a1531d2930e,3429cda2-6047-453c-bf54-952dfa6674c0,c87db9be-1fba-4102-a743-0ee4317dd5af,Bavarski dvor,2089
889e3719-7d29-4888-b690-5a1531d2930e,3429cda2-6047-453c-bf54-952dfa6674c0,79325942-629a-4766-a34a-525f8edf8cc5,Podgora,1971
889e3719-7d29-4888-b690-5a1531d2930e,3429cda2-6047-453c-bf54-952dfa6674c0,4062cd22-b67a-4235-9980-0178b7add592,Drama,232
889e3719-7d29-4888-b690-5a1531d2930e,3429cda2-6047-453c-bf54-952dfa6674c0,25ad5579-f6a0-4f35-a0c9-0678b41e9dde,Križanke,336
889e3719-7d29-4888-b690-5a1531d2930e,3429cda2-6047-453c-bf54-952dfa6674c0,fef200e9-4d98-425b-ab14-8110e2aa85d7,Drama,61
889e3719-7d29-4888-b690-5a1531d2930e,3429cda2-6047-453c-bf54-952dfa6674c0,023d7b7a-b411-4e61-8746-b07f9e5c8f90,Ambrožev trg,1259
889e3719-7d29-4888-b690-5a1531d2930e,3429cda2-6047-453c-bf54-952dfa6674c0,dfde6478-02b5-471b-a470-29cb0e84542f,Slovenija avto,1002
889e3719-7d29-4888-b690-5a1531d2930e,3429cda2-6047-453c-bf54-952dfa6674c0,5d7f28a6-2a2a-4333-aa06-48edfb652f86,Pošta,295
889e3719-7d29-4888-b690-5a1531d2930e,3429cda2-6047-453c-bf54-952dfa6674c0,b905ae6a-f1e1-4057-8923-481902ed5a8e,Konzorcij,215
889e3719-7d29-4888-b690-5a1531d2930e,3429cda2-6047-453c-bf54-952dfa6674c0,fac22b83-1bc0-4c12-8533-485b115409ef,Bolnica,604
889e3719-7d29-4888-b690-5a1531d2930e,3429cda2-6047-453c-bf54-952dfa6674c0,6efecef0-52ba-4a47-9991-9bab5ce31340,Ajdovščina,326
889e3719-7d29-4888-b690-5a1531d2930e,3429cda2-6047-453c-bf54-952dfa6674c0,9bb1ed3b-5a6f-43c7-afaf-ba2b60ca1a7a,Aškerčeva,158
889e3719-7d29-4888-b690-5a1531d2930e,3429cda2-6047-453c-bf54-952dfa6674c0,6739536d-b334-46c6-ae80-4890afac7985,Lavrica,638
889e3719-7d29-4888-b690-5a1531d2930e,3429cda2-6047-453c-bf54-952dfa6674c0,6559d555-672b-4633-8a81-0ae68fb963eb,ZD POLJE,286
889e3719-7d29-4888-b690-5a1531d2930e,3429cda2-6047-453c-bf54-952dfa6674c0,717dda7e-d793-4697-8f60-b64ee8b1edc4,Gosposvetska,262
889e3719-7d29-4888-b690-5a1531d2930e,3429cda2-6047-453c-bf54-952dfa6674c0,fef200e9-4d98-425b-ab14-8110e2aa85d7,Drama,56
889e3719-7d29-4888-b690-5a1531d2930e,3429cda2-6047-453c-bf54-952dfa6674c0,f33b721f-a8a3-4aad-96f2-077da09ebaa6,Razstavišče,93
889e3719-7d29-4888-b690-5a1531d2930e,3429cda2-6047-453c-bf54-952dfa6674c0,6a74977a-a26d-42b4-a60b-8dabc726e57d,Gornji Rudnik,302
889e3719-7d29-4888-b690-5a1531d2930e,3429cda2-6047-453c-bf54-952dfa6674c0,ac3afe7d-a2b3-4d5d-9e6a-1d2412a3bc70,Litostrojska,2825
889e3719-7d29-4888-b690-5a1531d2930e,3429cda2-6047-453c-bf54-952dfa6674c0,a26d9a94-effb-45ab-a27f-74076e9e5bdd,Jurečič,431
889e3719-7d29-4888-b690-5a1531d2930e,3429cda2-6047-453c-bf54-952dfa6674c0,bc66f88b-1412-44cb-b921-030d27335261,Sneberje,633
889e3719-7d29-4888-b690-5a1531d2930e,3429cda2-6047-453c-bf54-952dfa6674c0,4062cd22-b67a-4235-9980-0178b7add592,Drama,948
889e3719-7d29-4888-b690-5a1531d2930e,3429cda2-6047-453c-bf54-952dfa6674c0,a719a87c-4e93-4387-a6d1-2631a487f7e0,Ajdovščina,1475
889e3719-7d29-4888-b690-5a1531d2930e,3429cda2-6047-453c-bf54-952dfa6674c0,557f714a-6f4a-4c98-8c5a-d74fa34b2adb,Hrvatski trg,318
889e3719-7d29-4888-b690-5a1531d2930e,3429cda2-6047-453c-bf54-952dfa6674c0,12618339-2c2d-49ec-b0e0-2517c11991f8,Mirje,13
889e3719-7d29-4888-b690-5a1531d2930e,3429cda2-6047-453c-bf54-952dfa6674c0,a719a87c-4e93-4387-a6d1-2631a487f7e0,Ajdovščina,2478
889e3719-7d29-4888-b690-5a1531d2930e,3429cda2-6047-453c-bf54-952dfa6674c0,9b85d4b0-c594-4e0e-9ce2-d0986256c270,Tavčarjeva,250
889e3719-7d29-4888-b690-5a1531d2930e,3429cda2-6047-453c-bf54-952dfa6674c0,fef200e9-4d98-425b-ab14-8110e2aa85d7,Drama,1566
889e3719-7d29-4888-b690-5a1531d2930e,3429cda2-6047-453c-bf54-952dfa6674c0,bea274aa-277a-403d-ab2f-a0342b28882e,Križanke,1051
889e3719-7d29-4888-b690-5a1531d2930e,3429cda2-6047-453c-bf54-952dfa6674c0,d2ff7ae5-59fc-4894-aa50-a7f16b5e3534,Ižanska,2301
889e3719-7d29-4888-b690-5a1531d2930e,3429cda2-6047-453c-bf54-952dfa6674c0,fef200e9-4d98-425b-ab14-8110e2aa85d7,Drama,49
889e3719-7d29-4888-b690-5a1531d2930e,3429cda2-6047-453c-bf54-952dfa6674c0,4062cd22-b67a-4235-9980-0178b7add592,Drama,142
889e3719-7d29-4888-b690-5a1531d2930e,3429cda2-6047-453c-bf54-952dfa6674c0,38b3abed-0592-407b-96c3-85a026f2e192,Dalmatinova,230
889e3719-7d29-4888-b690-5a1531d2930e,3429cda2-6047-453c-bf54-952dfa6674c0,b905ae6a-f1e1-4057-8923-481902ed5a8e,Konzorcij,1850
889e3719-7d29-4888-b690-5a1531d2930e,3429cda2-6047-453c-bf54-952dfa6674c0,8d767444-3983-4409-bda1-d298b52c7bfe,Študa polje,260
889e3719-7d29-4888-b690-5a1531d2930e,3429cda2-6047-453c-bf54-952dfa6674c0,d72032c7-d4b0-4eee-a87c-593985a42266,Tobačna,56
889e3719-7d29-4888-b690-5a1531d2930e,3429cda2-6047-453c-bf54-952dfa6674c0,4062cd22-b67a-4235-9980-0178b7add592,Drama,118
889e3719-7d29-4888-b690-5a1531d2930e,3429cda2-6047-453c-bf54-952dfa6674c0,4038e02e-f22f-4af0-ba4f-7aab855b53af,Kneza Koclja,2032
889e3719-7d29-4888-b690-5a1531d2930e,3429cda2-6047-453c-bf54-952dfa6674c0,fef200e9-4d98-425b-ab14-8110e2aa85d7,Drama,1058
889e3719-7d29-4888-b690-5a1531d2930e,3429cda2-6047-453c-bf54-952dfa6674c0,fef200e9-4d98-425b-ab14-8110e2aa85d7,Drama,211
889e3719-7d29-4888-b690-5a1531d2930e,3429cda2-6047-453c-bf54-952dfa6674c0,6182f8e8-c45e-4606-b4a4-d909bd44d2cc,Gornji trg,68
889e3719-7d29-4888-b690-5a1531d2930e,3429cda2-6047-453c-bf54-952dfa6674c0,bbe542ee-a3f6-43cf-b23a-077c28b7d19a,BTC-tržnica,207
889e3719-7d29-4888-b690-5a1531d2930e,3429cda2-6047-453c-bf54-952dfa6674c0,7484317c-269f-425f-8118-23eedab4e5f1,Tivoli,508
889e3719-7d29-4888-b690-5a1531d2930e,3429cda2-6047-453c-bf54-952dfa6674c0,fef200e9-4d98-425b-ab14-8110e2aa85d7,Drama,1689
889e3719-7d29-4888-b690-5a1531d2930e,3429cda2-6047-453c-bf54-952dfa6674c0,c124f317-217b-4b89-9597-393843de4f81,Nusdorferjeva,329
889e3719-7d29-4888-b690-5a1531d2930e,3429cda2-6047-453c-bf54-952dfa6674c0,cab36767-e95a-4f60-978e-92490f2517b2,Hrvatski trg,250
889e3719-7d29-4888-b690-5a1531d2930e,3429cda2-6047-453c-bf54-952dfa6674c0,17f7d178-41b3-41f9-a545-cbfc22a0a5f1,Nusdorferjeva,621
889e3719-7d29-4888-b690-5a1531d2930e,3429cda2-6047-453c-bf54-952dfa6674c0,087e50b6-7677-4a85-802f-5694266fe38b,Aškerčeva,478
889e3719-7d29-4888-b690-5a1531d2930e,3429cda2-6047-453c-bf54-952dfa6674c0,4062cd22-b67a-4235-9980-0178b7add592,Drama,497
889e3719-7d29-4888-b690-5a1531d2930e,3429cda2-6047-453c-bf54-952dfa6674c0,26d86ffa-b8df-49aa-a9c0-5fa7d3cfba77,Draveljska gmajna,428
889e3719-7d29-4888-b690-5a1531d2930e,3429cda2-6047-453c-bf54-952dfa6674c0,712ee105-4fab-498a-af5c-496ca9830f5f,Viadukt,155
889e3719-7d29-4888-b690-5a1531d2930e,3429cda2-6047-453c-bf54-952dfa6674c0,d7a59d1b-dfe1-4fbb-96fc-14443b077516,Vevče Papirnica,242
889e3719-7d29-4888-b690-5a1531d2930e,3429cda2-6047-453c-bf54-952dfa6674c0,9a1c4c65-df77-481f-87ad-56143f02a864,Vižmarje,336
889e3719-7d29-4888-b690-5a1531d2930e,3429cda2-6047-453c-bf54-952dfa6674c0,fef200e9-4d98-425b-ab14-8110e2aa85d7,Drama,611
889e3719-7d29-4888-b690-5a1531d2930e,3429cda2-6047-453c-bf54-952dfa6674c0,ecc4ae87-ae08-4b94-995c-452fdd94df7f,Privoz,596
889e3719-7d29-4888-b690-5a1531d2930e,3429cda2-6047-453c-bf54-952dfa6674c0,4bd4913f-8597-4ea0-b219-4e9b15dcbb62,Jarše,550
889e3719-7d29-4888-b690-5a1531d2930e,3429cda2-6047-453c-bf54-952dfa6674c0,38b3abed-0592-407b-96c3-85a026f2e192,Dalmatinova,440
889e3719-7d29-4888-b690-5a1531d2930e,3429cda2-6047-453c-bf54-952dfa6674c0,cdabf1ea-b04c-480a-8359-72c46e6864ab,Bežigrad,3056
889e3719-7d29-4888-b690-5a1531d2930e,3429cda2-6047-453c-bf54-952dfa6674c0,dfde6478-02b5-471b-a470-29cb0e84542f,Slovenija avto,1048
889e3719-7d29-4888-b690-5a1531d2930e,3429cda2-6047-453c-bf54-952dfa6674c0,7484317c-269f-425f-8118-23eedab4e5f1,Tivoli,245
889e3719-7d29-4888-b690-5a1531d2930e,3429cda2-6047-453c-bf54-952dfa6674c0,7a52a73a-cc0e-4c61-b9bc-306157727e1c,Tržnica Moste,1236
889e3719-7d29-4888-b690-5a1531d2930e,3429cda2-6047-453c-bf54-952dfa6674c0,fef200e9-4d98-425b-ab14-8110e2aa85d7,Drama,1039
889e3719-7d29-4888-b690-5a1531d2930e,3429cda2-6047-453c-bf54-952dfa6674c0,fef200e9-4d98-425b-ab14-8110e2aa85d7,Drama,60
889e3719-7d29-4888-b690-5a1531d2930e,3429cda2-6047-453c-bf54-952dfa6674c0,a719a87c-4e93-4387-a6d1-2631a487f7e0,Ajdovščina,2117
889e3719-7d29-4888-b690-5a1531d2930e,3429cda2-6047-453c-bf54-952dfa6674c0,fef200e9-4d98-425b-ab14-8110e2aa85d7,Drama,804
889e3719-7d29-4888-b690-5a1531d2930e,3429cda2-6047-453c-bf54-952dfa6674c0,5d7f28a6-2a2a-4333-aa06-48edfb652f86,Pošta,210
889e3719-7d29-4888-b690-5a1531d2930e,3429cda2-6047-453c-bf54-952dfa6674c0,38b3abed-0592-407b-96c3-85a026f2e192,Dalmatinova,534
889e3719-7d29-4888-b690-5a1531d2930e,3429cda2-6047-453c-bf54-952dfa6674c0,7c149b59-2bc6-45cb-95c8-69e18a0db627,Rusjanov trg,1095
889e3719-7d29-4888-b690-5a1531d2930e,3429cda2-6047-453c-bf54-952dfa6674c0,fef200e9-4d98-425b-ab14-8110e2aa85d7,Drama,328
889e3719-7d29-4888-b690-5a1531d2930e,3429cda2-6047-453c-bf54-952dfa6674c0,16578e36-c682-4083-bd29-4973445dc0fe,Gosposvetska,2519
889e3719-7d29-4888-b690-5a1531d2930e,3429cda2-6047-453c-bf54-952dfa6674c0,16578e36-c682-4083-bd29-4973445dc0fe,Gosposvetska,1372
889e3719-7d29-4888-b690-5a1531d2930e,3429cda2-6047-453c-bf54-952dfa6674c0,9b85d4b0-c594-4e0e-9ce2-d0986256c270,Tavčarjeva,1580
889e3719-7d29-4888-b690-5a1531d2930e,3429cda2-6047-453c-bf54-952dfa6674c0,0810f07b-94d6-442f-b10d-bf8210c4ed47,Draveljska gmajna,441
889e3719-7d29-4888-b690-5a1531d2930e,3429cda2-6047-453c-bf54-952dfa6674c0,4f21a18a-3cb0-4c6c-bb92-e7c8945fac1c,Bratov Učakar,208
889e3719-7d29-4888-b690-5a1531d2930e,3429cda2-6047-453c-bf54-952dfa6674c0,a719a87c-4e93-4387-a6d1-2631a487f7e0,Ajdovščina,1377
889e3719-7d29-4888-b690-5a1531d2930e,3429cda2-6047-453c-bf54-952dfa6674c0,a378ce5e-57ce-4c52-b219-568674b5cd5e,Gornji trg,91
889e3719-7d29-4888-b690-5a1531d2930e,3429cda2-6047-453c-bf54-952dfa6674c0,fef200e9-4d98-425b-ab14-8110e2aa85d7,Drama,6
889e3719-7d29-4888-b690-5a1531d2930e,3429cda2-6047-453c-bf54-952dfa6674c0,8c7fa045-888b-46d0-8189-6f82623bf481,Poljanska,357
889e3719-7d29-4888-b690-5a1531d2930e,3429cda2-6047-453c-bf54-952dfa6674c0,4062cd22-b67a-4235-9980-0178b7add592,Drama,823
889e3719-7d29-4888-b690-5a1531d2930e,3429cda2-6047-453c-bf54-952dfa6674c0,fef200e9-4d98-425b-ab14-8110e2aa85d7,Drama,441
889e3719-7d29-4888-b690-5a1531d2930e,3429cda2-6047-453c-bf54-952dfa6674c0,7fad8003-fb10-489d-bf8d-6d433310ad90,Nove Jarše,390
889e3719-7d29-4888-b690-5a1531d2930e,3429cda2-6047-453c-bf54-952dfa6674c0,bd1a0fbd-1593-4552-a76f-681c59333d6b,Savsko naselje,755
889e3719-7d29-4888-b690-5a1531d2930e,3429cda2-6047-453c-bf54-952dfa6674c0,a9796806-8cd3-4b76-bf8c-4340aec35c9e,Lutkovno gl.,264
889e3719-7d29-4888-b690-5a1531d2930e,3429cda2-6047-453c-bf54-952dfa6674c0,105e10e7-fbab-4f99-94c9-178c25630b42,Brodarjev trg,109
889e3719-7d29-4888-b690-5a1531d2930e,3429cda2-6047-453c-bf54-952dfa6674c0,5d7f28a6-2a2a-4333-aa06-48edfb652f86,Pošta,466
889e3719-7d29-4888-b690-5a1531d2930e,3429cda2-6047-453c-bf54-952dfa6674c0,ecc4ae87-ae08-4b94-995c-452fdd94df7f,Privoz,1069
889e3719-7d29-4888-b690-5a1531d2930e,3429cda2-6047-453c-bf54-952dfa6674c0,N/A,N/A,4525
889e3719-7d29-4888-b690-5a1531d2930e,3429cda2-6047-453c-bf54-952dfa6674c0,fef200e9-4d98-425b-ab14-8110e2aa85d7,Drama,596
889e3719-7d29-4888-b690-5a1531d2930e,3429cda2-6047-453c-bf54-952dfa6674c0,aa42017d-812a-4175-bc9b-0fec03b18931,Ambrožev trg,46
889e3719-7d29-4888-b690-5a1531d2930e,3429cda2-6047-453c-bf54-952dfa6674c0,61926b26-d777-483f-ae79-86766c48793b,Tržnica Koseze,681
889e3719-7d29-4888-b690-5a1531d2930e,3429cda2-6047-453c-bf54-952dfa6674c0,6182f8e8-c45e-4606-b4a4-d909bd44d2cc,Gornji trg,815
889e3719-7d29-4888-b690-5a1531d2930e,3429cda2-6047-453c-bf54-952dfa6674c0,f2920a77-6c6c-494d-96b7-2a8caf8f374f,Mirje,1899
889e3719-7d29-4888-b690-5a1531d2930e,3429cda2-6047-453c-bf54-952dfa6674c0,fef200e9-4d98-425b-ab14-8110e2aa85d7,Drama,250
889e3719-7d29-4888-b690-5a1531d2930e,3429cda2-6047-453c-bf54-952dfa6674c0,a9796806-8cd3-4b76-bf8c-4340aec35c9e,Lutkovno gl.,264
889e3719-7d29-4888-b690-5a1531d2930e,3429cda2-6047-453c-bf54-952dfa6674c0,a9796806-8cd3-4b76-bf8c-4340aec35c9e,Lutkovno gl.,147
889e3719-7d29-4888-b690-5a1531d2930e,3429cda2-6047-453c-bf54-952dfa6674c0,bd1a0fbd-1593-4552-a76f-681c59333d6b,Savsko naselje,679
889e3719-7d29-4888-b690-5a1531d2930e,3429cda2-6047-453c-bf54-952dfa6674c0,4062cd22-b67a-4235-9980-0178b7add592,Drama,131
889e3719-7d29-4888-b690-5a1531d2930e,3429cda2-6047-453c-bf54-952dfa6674c0,6182f8e8-c45e-4606-b4a4-d909bd44d2cc,Gornji trg,19
889e3719-7d29-4888-b690-5a1531d2930e,3429cda2-6047-453c-bf54-952dfa6674c0,bbe542ee-a3f6-43cf-b23a-077c28b7d19a,BTC-tržnica,89
889e3719-7d29-4888-b690-5a1531d2930e,3429cda2-6047-453c-bf54-952dfa6674c0,4d216485-ef41-45e7-9182-0c254644955c,Sava,1632
889e3719-7d29-4888-b690-5a1531d2930e,3429cda2-6047-453c-bf54-952dfa6674c0,4062cd22-b67a-4235-9980-0178b7add592,Drama,3397
889e3719-7d29-4888-b690-5a1531d2930e,3429cda2-6047-453c-bf54-952dfa6674c0,fef200e9-4d98-425b-ab14-8110e2aa85d7,Drama,553
889e3719-7d29-4888-b690-5a1531d2930e,3429cda2-6047-453c-bf54-952dfa6674c0,bea274aa-277a-403d-ab2f-a0342b28882e,Križanke,178
889e3719-7d29-4888-b690-5a1531d2930e,3429cda2-6047-453c-bf54-952dfa6674c0,6efecef0-52ba-4a47-9991-9bab5ce31340,Ajdovščina,901
889e3719-7d29-4888-b690-5a1531d2930e,3429cda2-6047-453c-bf54-952dfa6674c0,c124f317-217b-4b89-9597-393843de4f81,Nusdorferjeva,200
889e3719-7d29-4888-b690-5a1531d2930e,3429cda2-6047-453c-bf54-952dfa6674c0,b905ae6a-f1e1-4057-8923-481902ed5a8e,Konzorcij,1625
889e3719-7d29-4888-b690-5a1531d2930e,3429cda2-6047-453c-bf54-952dfa6674c0,fef200e9-4d98-425b-ab14-8110e2aa85d7,Drama,51
889e3719-7d29-4888-b690-5a1531d2930e,3429cda2-6047-453c-bf54-952dfa6674c0,a719a87c-4e93-4387-a6d1-2631a487f7e0,Ajdovščina,246
889e3719-7d29-4888-b690-5a1531d2930e,3429cda2-6047-453c-bf54-952dfa6674c0,aa42017d-812a-4175-bc9b-0fec03b18931,Ambrožev trg,1056
889e3719-7d29-4888-b690-5a1531d2930e,3429cda2-6047-453c-bf54-952dfa6674c0,16578e36-c682-4083-bd29-4973445dc0fe,Gosposvetska,229
889e3719-7d29-4888-b690-5a1531d2930e,3429cda2-6047-453c-bf54-952dfa6674c0,eead721b-8996-4e73-a2f9-02dba20df4fa,Ilirska,388
889e3719-7d29-4888-b690-5a1531d2930e,3429cda2-6047-453c-bf54-952dfa6674c0,fef200e9-4d98-425b-ab14-8110e2aa85d7,Drama,612
889e3719-7d29-4888-b690-5a1531d2930e,3429cda2-6047-453c-bf54-952dfa6674c0,fef200e9-4d98-425b-ab14-8110e2aa85d7,Drama,1308
889e3719-7d29-4888-b690-5a1531d2930e,3429cda2-6047-453c-bf54-952dfa6674c0,9b85d4b0-c594-4e0e-9ce2-d0986256c270,Tavčarjeva,3178
889e3719-7d29-4888-b690-5a1531d2930e,3429cda2-6047-453c-bf54-952dfa6674c0,7294875b-8482-484a-b04d-95b921612001,Vič,524
889e3719-7d29-4888-b690-5a1531d2930e,3429cda2-6047-453c-bf54-952dfa6674c0,6182f8e8-c45e-4606-b4a4-d909bd44d2cc,Gornji trg,2122
889e3719-7d29-4888-b690-5a1531d2930e,3429cda2-6047-453c-bf54-952dfa6674c0,b905ae6a-f1e1-4057-8923-481902ed5a8e,Konzorcij,624
889e3719-7d29-4888-b690-5a1531d2930e,3429cda2-6047-453c-bf54-952dfa6674c0,fef200e9-4d98-425b-ab14-8110e2aa85d7,Drama,974
889e3719-7d29-4888-b690-5a1531d2930e,3429cda2-6047-453c-bf54-952dfa6674c0,4038e02e-f22f-4af0-ba4f-7aab855b53af,Kneza Koclja,281
889e3719-7d29-4888-b690-5a1531d2930e,3429cda2-6047-453c-bf54-952dfa6674c0,a378ce5e-57ce-4c52-b219-568674b5cd5e,Gornji trg,398
889e3719-7d29-4888-b690-5a1531d2930e,3429cda2-6047-453c-bf54-952dfa6674c0,25ad5579-f6a0-4f35-a0c9-0678b41e9dde,Križanke,756
889e3719-7d29-4888-b690-5a1531d2930e,3429cda2-6047-453c-bf54-952dfa6674c0,58cd6196-8ac4-4803-be8b-1c0d2fb52528,Kašeljska,416
889e3719-7d29-4888-b690-5a1531d2930e,3429cda2-6047-453c-bf54-952dfa6674c0,aa42017d-812a-4175-bc9b-0fec03b18931,Ambrožev trg,497
889e3719-7d29-4888-b690-5a1531d2930e,3429cda2-6047-453c-bf54-952dfa6674c0,fef200e9-4d98-425b-ab14-8110e2aa85d7,Drama,833
889e3719-7d29-4888-b690-5a1531d2930e,3429cda2-6047-453c-bf54-952dfa6674c0,484b5c91-1220-43ba-af79-84e712fcc46b,Slovenija avto,591
889e3719-7d29-4888-b690-5a1531d2930e,3429cda2-6047-453c-bf54-952dfa6674c0,4062cd22-b67a-4235-9980-0178b7add592,Drama,848
889e3719-7d29-4888-b690-5a1531d2930e,3429cda2-6047-453c-bf54-952dfa6674c0,fef200e9-4d98-425b-ab14-8110e2aa85d7,Drama,1279
889e3719-7d29-4888-b690-5a1531d2930e,3429cda2-6047-453c-bf54-952dfa6674c0,aa113271-655f-423f-ad7e-4cfaba2eb739,Pod Urhom,849
889e3719-7d29-4888-b690-5a1531d2930e,3429cda2-6047-453c-bf54-952dfa6674c0,48507e1a-32df-4552-9448-3b345760b75f,Cesta na Vevče,604
889e3719-7d29-4888-b690-5a1531d2930e,3429cda2-6047-453c-bf54-952dfa6674c0,5d7f28a6-2a2a-4333-aa06-48edfb652f86,Pošta,853
889e3719-7d29-4888-b690-5a1531d2930e,3429cda2-6047-453c-bf54-952dfa6674c0,4062cd22-b67a-4235-9980-0178b7add592,Drama,100
889e3719-7d29-4888-b690-5a1531d2930e,3429cda2-6047-453c-bf54-952dfa6674c0,f33b721f-a8a3-4aad-96f2-077da09ebaa6,Razstavišče,71
889e3719-7d29-4888-b690-5a1531d2930e,3429cda2-6047-453c-bf54-952dfa6674c0,4062cd22-b67a-4235-9980-0178b7add592,Drama,1977
889e3719-7d29-4888-b690-5a1531d2930e,3429cda2-6047-453c-bf54-952dfa6674c0,484b5c91-1220-43ba-af79-84e712fcc46b,Slovenija avto,1115
889e3719-7d29-4888-b690-5a1531d2930e,3429cda2-6047-453c-bf54-952dfa6674c0,fef200e9-4d98-425b-ab14-8110e2aa85d7,Drama,1379
889e3719-7d29-4888-b690-5a1531d2930e,3429cda2-6047-453c-bf54-952dfa6674c0,c87db9be-1fba-4102-a743-0ee4317dd5af,Bavarski dvor,295
889e3719-7d29-4888-b690-5a1531d2930e,3429cda2-6047-453c-bf54-952dfa6674c0,fef200e9-4d98-425b-ab14-8110e2aa85d7,Drama,31
889e3719-7d29-4888-b690-5a1531d2930e,3429cda2-6047-453c-bf54-952dfa6674c0,0be237aa-4b91-4d2b-ac23-0cebac975a0d,Cankarjev dom,1646
889e3719-7d29-4888-b690-5a1531d2930e,3429cda2-6047-453c-bf54-952dfa6674c0,8c7fa045-888b-46d0-8189-6f82623bf481,Poljanska,1179
889e3719-7d29-4888-b690-5a1531d2930e,3429cda2-6047-453c-bf54-952dfa6674c0,aa42017d-812a-4175-bc9b-0fec03b18931,Ambrožev trg,540
889e3719-7d29-4888-b690-5a1531d2930e,3429cda2-6047-453c-bf54-952dfa6674c0,fef200e9-4d98-425b-ab14-8110e2aa85d7,Drama,801
889e3719-7d29-4888-b690-5a1531d2930e,3429cda2-6047-453c-bf54-952dfa6674c0,4062cd22-b67a-4235-9980-0178b7add592,Drama,23
889e3719-7d29-4888-b690-5a1531d2930e,3429cda2-6047-453c-bf54-952dfa6674c0,a0e0a21b-b8ce-4d76-bbc2-04e179367fee,Šola Jarše,94
889e3719-7d29-4888-b690-5a1531d2930e,3429cda2-6047-453c-bf54-952dfa6674c0,fef200e9-4d98-425b-ab14-8110e2aa85d7,Drama,1865
889e3719-7d29-4888-b690-5a1531d2930e,3429cda2-6047-453c-bf54-952dfa6674c0,38b3abed-0592-407b-96c3-85a026f2e192,Dalmatinova,1936
889e3719-7d29-4888-b690-5a1531d2930e,3429cda2-6047-453c-bf54-952dfa6674c0,4062cd22-b67a-4235-9980-0178b7add592,Drama,2112
889e3719-7d29-4888-b690-5a1531d2930e,3429cda2-6047-453c-bf54-952dfa6674c0,c87db9be-1fba-4102-a743-0ee4317dd5af,Bavarski dvor,290
889e3719-7d29-4888-b690-5a1531d2930e,3429cda2-6047-453c-bf54-952dfa6674c0,a719a87c-4e93-4387-a6d1-2631a487f7e0,Ajdovščina,446
889e3719-7d29-4888-b690-5a1531d2930e,3429cda2-6047-453c-bf54-952dfa6674c0,b905ae6a-f1e1-4057-8923-481902ed5a8e,Konzorcij,253
889e3719-7d29-4888-b690-5a1531d2930e,3429cda2-6047-453c-bf54-952dfa6674c0,a719a87c-4e93-4387-a6d1-2631a487f7e0,Ajdovščina,762
889e3719-7d29-4888-b690-5a1531d2930e,3429cda2-6047-453c-bf54-952dfa6674c0,f073b9d9-a3e3-4d04-a209-0db55377b79e,Zmajski most,461
889e3719-7d29-4888-b690-5a1531d2930e,3429cda2-6047-453c-bf54-952dfa6674c0,67c3adc1-a92d-4528-91ee-77d8b52574c6,Poliklinika,186
889e3719-7d29-4888-b690-5a1531d2930e,3429cda2-6047-453c-bf54-952dfa6674c0,1b3ddeca-a066-43ee-9ae5-8339628129c2,Žale,481
889e3719-7d29-4888-b690-5a1531d2930e,3429cda2-6047-453c-bf54-952dfa6674c0,47283e27-c588-411c-9303-30a6f0beeaef,Zgornji log,60
889e3719-7d29-4888-b690-5a1531d2930e,3429cda2-6047-453c-bf54-952dfa6674c0,38b3abed-0592-407b-96c3-85a026f2e192,Dalmatinova,2380
889e3719-7d29-4888-b690-5a1531d2930e,3429cda2-6047-453c-bf54-952dfa6674c0,ecc4ae87-ae08-4b94-995c-452fdd94df7f,Privoz,727
889e3719-7d29-4888-b690-5a1531d2930e,3429cda2-6047-453c-bf54-952dfa6674c0,a378ce5e-57ce-4c52-b219-568674b5cd5e,Gornji trg,162
889e3719-7d29-4888-b690-5a1531d2930e,3429cda2-6047-453c-bf54-952dfa6674c0,b905ae6a-f1e1-4057-8923-481902ed5a8e,Konzorcij,23
889e3719-7d29-4888-b690-5a1531d2930e,3429cda2-6047-453c-bf54-952dfa6674c0,bea274aa-277a-403d-ab2f-a0342b28882e,Križanke,2656
889e3719-7d29-4888-b690-5a1531d2930e,3429cda2-6047-453c-bf54-952dfa6674c0,fef200e9-4d98-425b-ab14-8110e2aa85d7,Drama,1023
889e3719-7d29-4888-b690-5a1531d2930e,3429cda2-6047-453c-bf54-952dfa6674c0,ecc4ae87-ae08-4b94-995c-452fdd94df7f,Privoz,156
889e3719-7d29-4888-b690-5a1531d2930e,3429cda2-6047-453c-bf54-952dfa6674c0,4062cd22-b67a-4235-9980-0178b7add592,Drama,2658
889e3719-7d29-4888-b690-5a1531d2930e,3429cda2-6047-453c-bf54-952dfa6674c0,ef91fd44-5651-4fd4-b6f8-619fdef9da7b,Hajdrihova,112
889e3719-7d29-4888-b690-5a1531d2930e,3429cda2-6047-453c-bf54-952dfa6674c0,38b3abed-0592-407b-96c3-85a026f2e192,Dalmatinova,529
889e3719-7d29-4888-b690-5a1531d2930e,3429cda2-6047-453c-bf54-952dfa6674c0,fef200e9-4d98-425b-ab14-8110e2aa85d7,Drama,551
889e3719-7d29-4888-b690-5a1531d2930e,3429cda2-6047-453c-bf54-952dfa6674c0,f33b721f-a8a3-4aad-96f2-077da09ebaa6,Razstavišče,2854
889e3719-7d29-4888-b690-5a1531d2930e,3429cda2-6047-453c-bf54-952dfa6674c0,4062cd22-b67a-4235-9980-0178b7add592,Drama,178
889e3719-7d29-4888-b690-5a1531d2930e,3429cda2-6047-453c-bf54-952dfa6674c0,25ad5579-f6a0-4f35-a0c9-0678b41e9dde,Križanke,560
889e3719-7d29-4888-b690-5a1531d2930e,3429cda2-6047-453c-bf54-952dfa6674c0,4062cd22-b67a-4235-9980-0178b7add592,Drama,600
889e3719-7d29-4888-b690-5a1531d2930e,3429cda2-6047-453c-bf54-952dfa6674c0,0b4a072e-6c2d-4c71-ab80-2b7142df81de,Tivoli,225
889e3719-7d29-4888-b690-5a1531d2930e,3429cda2-6047-453c-bf54-952dfa6674c0,25ad5579-f6a0-4f35-a0c9-0678b41e9dde,Križanke,20
889e3719-7d29-4888-b690-5a1531d2930e,3429cda2-6047-453c-bf54-952dfa6674c0,25ad5579-f6a0-4f35-a0c9-0678b41e9dde,Križanke,726
889e3719-7d29-4888-b690-5a1531d2930e,3429cda2-6047-453c-bf54-952dfa6674c0,f4cfd904-bd11-4247-95df-32c4555a930f,Klinični center,949
889e3719-7d29-4888-b690-5a1531d2930e,3429cda2-6047-453c-bf54-952dfa6674c0,7fa32ea0-e884-435a-a81c-51bbd5cedf3e,Zaloška,2682
889e3719-7d29-4888-b690-5a1531d2930e,3429cda2-6047-453c-bf54-952dfa6674c0,fef200e9-4d98-425b-ab14-8110e2aa85d7,Drama,18
889e3719-7d29-4888-b690-5a1531d2930e,3429cda2-6047-453c-bf54-952dfa6674c0,25ad5579-f6a0-4f35-a0c9-0678b41e9dde,Križanke,92
889e3719-7d29-4888-b690-5a1531d2930e,3429cda2-6047-453c-bf54-952dfa6674c0,0e79ef8c-f692-4e29-a37e-4a81cbb3d410,Vič Glince,183
889e3719-7d29-4888-b690-5a1531d2930e,3429cda2-6047-453c-bf54-952dfa6674c0,fef200e9-4d98-425b-ab14-8110e2aa85d7,Drama,2455
889e3719-7d29-4888-b690-5a1531d2930e,3429cda2-6047-453c-bf54-952dfa6674c0,a719a87c-4e93-4387-a6d1-2631a487f7e0,Ajdovščina,3275
889e3719-7d29-4888-b690-5a1531d2930e,3429cda2-6047-453c-bf54-952dfa6674c0,a719a87c-4e93-4387-a6d1-2631a487f7e0,Ajdovščina,1120
889e3719-7d29-4888-b690-5a1531d2930e,3429cda2-6047-453c-bf54-952dfa6674c0,fef200e9-4d98-425b-ab14-8110e2aa85d7,Drama,120
889e3719-7d29-4888-b690-5a1531d2930e,3429cda2-6047-453c-bf54-952dfa6674c0,d72032c7-d4b0-4eee-a87c-593985a42266,Tobačna,16
889e3719-7d29-4888-b690-5a1531d2930e,3429cda2-6047-453c-bf54-952dfa6674c0,a719a87c-4e93-4387-a6d1-2631a487f7e0,Ajdovščina,90
889e3719-7d29-4888-b690-5a1531d2930e,3429cda2-6047-453c-bf54-952dfa6674c0,fef200e9-4d98-425b-ab14-8110e2aa85d7,Drama,580
889e3719-7d29-4888-b690-5a1531d2930e,3429cda2-6047-453c-bf54-952dfa6674c0,087e50b6-7677-4a85-802f-5694266fe38b,Aškerčeva,2115
889e3719-7d29-4888-b690-5a1531d2930e,3429cda2-6047-453c-bf54-952dfa6674c0,9bb1ed3b-5a6f-43c7-afaf-ba2b60ca1a7a,Aškerčeva,223
889e3719-7d29-4888-b690-5a1531d2930e,3429cda2-6047-453c-bf54-952dfa6674c0,b905ae6a-f1e1-4057-8923-481902ed5a8e,Konzorcij,2155
889e3719-7d29-4888-b690-5a1531d2930e,3429cda2-6047-453c-bf54-952dfa6674c0,cab36767-e95a-4f60-978e-92490f2517b2,Hrvatski trg,279
889e3719-7d29-4888-b690-5a1531d2930e,3429cda2-6047-453c-bf54-952dfa6674c0,6932c2e0-ff32-4170-b519-fba88e29c147,Cesta XV,400
889e3719-7d29-4888-b690-5a1531d2930e,3429cda2-6047-453c-bf54-952dfa6674c0,fef200e9-4d98-425b-ab14-8110e2aa85d7,Drama,6
889e3719-7d29-4888-b690-5a1531d2930e,3429cda2-6047-453c-bf54-952dfa6674c0,c0fb12dd-8cab-40da-a3aa-e8de9c6d09ed,Rusjanov trg,1013
889e3719-7d29-4888-b690-5a1531d2930e,3429cda2-6047-453c-bf54-952dfa6674c0,9bb1ed3b-5a6f-43c7-afaf-ba2b60ca1a7a,Aškerčeva,595
889e3719-7d29-4888-b690-5a1531d2930e,3429cda2-6047-453c-bf54-952dfa6674c0,5d7f28a6-2a2a-4333-aa06-48edfb652f86,Pošta,108
889e3719-7d29-4888-b690-5a1531d2930e,3429cda2-6047-453c-bf54-952dfa6674c0,4062cd22-b67a-4235-9980-0178b7add592,Drama,658
889e3719-7d29-4888-b690-5a1531d2930e,3429cda2-6047-453c-bf54-952dfa6674c0,639551cf-fe23-4363-8ccd-655bc5d4119e,Zmajski most,50
889e3719-7d29-4888-b690-5a1531d2930e,3429cda2-6047-453c-bf54-952dfa6674c0,5d7f28a6-2a2a-4333-aa06-48edfb652f86,Pošta,92
889e3719-7d29-4888-b690-5a1531d2930e,3429cda2-6047-453c-bf54-952dfa6674c0,aa42017d-812a-4175-bc9b-0fec03b18931,Ambrožev trg,514
889e3719-7d29-4888-b690-5a1531d2930e,3429cda2-6047-453c-bf54-952dfa6674c0,67d66d40-e8ba-4bc0-a9cf-814dce3ccbea,Jadranska,2264
889e3719-7d29-4888-b690-5a1531d2930e,3429cda2-6047-453c-bf54-952dfa6674c0,25ad5579-f6a0-4f35-a0c9-0678b41e9dde,Križanke,1170
889e3719-7d29-4888-b690-5a1531d2930e,3429cda2-6047-453c-bf54-952dfa6674c0,c124f317-217b-4b89-9597-393843de4f81,Nusdorferjeva,2536
889e3719-7d29-4888-b690-5a1531d2930e,3429cda2-6047-453c-bf54-952dfa6674c0,4062cd22-b67a-4235-9980-0178b7add592,Drama,35
889e3719-7d29-4888-b690-5a1531d2930e,3429cda2-6047-453c-bf54-952dfa6674c0,4062cd22-b67a-4235-9980-0178b7add592,Drama,243
889e3719-7d29-4888-b690-5a1531d2930e,3429cda2-6047-453c-bf54-952dfa6674c0,c8e0086c-0cef-4375-a471-72f3ae1e34fc,Strelišče,62
889e3719-7d29-4888-b690-5a1531d2930e,3429cda2-6047-453c-bf54-952dfa6674c0,4062cd22-b67a-4235-9980-0178b7add592,Drama,1315
889e3719-7d29-4888-b690-5a1531d2930e,3429cda2-6047-453c-bf54-952dfa6674c0,38b3abed-0592-407b-96c3-85a026f2e192,Dalmatinova,782
889e3719-7d29-4888-b690-5a1531d2930e,3429cda2-6047-453c-bf54-952dfa6674c0,484b5c91-1220-43ba-af79-84e712fcc46b,Slovenija avto,326
889e3719-7d29-4888-b690-5a1531d2930e,3429cda2-6047-453c-bf54-952dfa6674c0,fef200e9-4d98-425b-ab14-8110e2aa85d7,Drama,2432
889e3719-7d29-4888-b690-5a1531d2930e,3429cda2-6047-453c-bf54-952dfa6674c0,c8e0086c-0cef-4375-a471-72f3ae1e34fc,Strelišče,31
889e3719-7d29-4888-b690-5a1531d2930e,3429cda2-6047-453c-bf54-952dfa6674c0,4062cd22-b67a-4235-9980-0178b7add592,Drama,22
889e3719-7d29-4888-b690-5a1531d2930e,3429cda2-6047-453c-bf54-952dfa6674c0,b905ae6a-f1e1-4057-8923-481902ed5a8e,Konzorcij,12
889e3719-7d29-4888-b690-5a1531d2930e,3429cda2-6047-453c-bf54-952dfa6674c0,c87db9be-1fba-4102-a743-0ee4317dd5af,Bavarski dvor,431
889e3719-7d29-4888-b690-5a1531d2930e,3429cda2-6047-453c-bf54-952dfa6674c0,9bb1ed3b-5a6f-43c7-afaf-ba2b60ca1a7a,Aškerčeva,670
889e3719-7d29-4888-b690-5a1531d2930e,3429cda2-6047-453c-bf54-952dfa6674c0,5d7f28a6-2a2a-4333-aa06-48edfb652f86,Pošta,937
889e3719-7d29-4888-b690-5a1531d2930e,3429cda2-6047-453c-bf54-952dfa6674c0,717c914e-f928-4671-95f6-26c1ddb95799,Cesta v Gorice,376
889e3719-7d29-4888-b690-5a1531d2930e,3429cda2-6047-453c-bf54-952dfa6674c0,9bb1ed3b-5a6f-43c7-afaf-ba2b60ca1a7a,Aškerčeva,37
889e3719-7d29-4888-b690-5a1531d2930e,3429cda2-6047-453c-bf54-952dfa6674c0,16578e36-c682-4083-bd29-4973445dc0fe,Gosposvetska,873
889e3719-7d29-4888-b690-5a1531d2930e,3429cda2-6047-453c-bf54-952dfa6674c0,9bb1ed3b-5a6f-43c7-afaf-ba2b60ca1a7a,Aškerčeva,301
889e3719-7d29-4888-b690-5a1531d2930e,3429cda2-6047-453c-bf54-952dfa6674c0,9bb1ed3b-5a6f-43c7-afaf-ba2b60ca1a7a,Aškerčeva,519
889e3719-7d29-4888-b690-5a1531d2930e,3429cda2-6047-453c-bf54-952dfa6674c0,484b5c91-1220-43ba-af79-84e712fcc46b,Slovenija avto,989
889e3719-7d29-4888-b690-5a1531d2930e,3429cda2-6047-453c-bf54-952dfa6674c0,6182f8e8-c45e-4606-b4a4-d909bd44d2cc,Gornji trg,1397
889e3719-7d29-4888-b690-5a1531d2930e,3429cda2-6047-453c-bf54-952dfa6674c0,9bb1ed3b-5a6f-43c7-afaf-ba2b60ca1a7a,Aškerčeva,55
889e3719-7d29-4888-b690-5a1531d2930e,3429cda2-6047-453c-bf54-952dfa6674c0,bd1a0fbd-1593-4552-a76f-681c59333d6b,Savsko naselje,86
889e3719-7d29-4888-b690-5a1531d2930e,3429cda2-6047-453c-bf54-952dfa6674c0,25ad5579-f6a0-4f35-a0c9-0678b41e9dde,Križanke,161
889e3719-7d29-4888-b690-5a1531d2930e,3429cda2-6047-453c-bf54-952dfa6674c0,b905ae6a-f1e1-4057-8923-481902ed5a8e,Konzorcij,682
889e3719-7d29-4888-b690-5a1531d2930e,3429cda2-6047-453c-bf54-952dfa6674c0,67c3adc1-a92d-4528-91ee-77d8b52574c6,Poliklinika,281
889e3719-7d29-4888-b690-5a1531d2930e,3429cda2-6047-453c-bf54-952dfa6674c0,fef200e9-4d98-425b-ab14-8110e2aa85d7,Drama,3095
889e3719-7d29-4888-b690-5a1531d2930e,3429cda2-6047-453c-bf54-952dfa6674c0,6182f8e8-c45e-4606-b4a4-d909bd44d2cc,Gornji trg,34
889e3719-7d29-4888-b690-5a1531d2930e,3429cda2-6047-453c-bf54-952dfa6674c0,0b6960bb-2431-48c3-9e64-3cbf5c57ea96,Hrastje,752
889e3719-7d29-4888-b690-5a1531d2930e,3429cda2-6047-453c-bf54-952dfa6674c0,a719a87c-4e93-4387-a6d1-2631a487f7e0,Ajdovščina,2333
889e3719-7d29-4888-b690-5a1531d2930e,3429cda2-6047-453c-bf54-952dfa6674c0,8598b85d-3e1d-4767-b72f-0c209038841f,Štepanja vas,517
889e3719-7d29-4888-b690-5a1531d2930e,3429cda2-6047-453c-bf54-952dfa6674c0,aa42017d-812a-4175-bc9b-0fec03b18931,Ambrožev trg,754
889e3719-7d29-4888-b690-5a1531d2930e,3429cda2-6047-453c-bf54-952dfa6674c0,bea274aa-277a-403d-ab2f-a0342b28882e,Križanke,624
889e3719-7d29-4888-b690-5a1531d2930e,3429cda2-6047-453c-bf54-952dfa6674c0,b905ae6a-f1e1-4057-8923-481902ed5a8e,Konzorcij,63
889e3719-7d29-4888-b690-5a1531d2930e,3429cda2-6047-453c-bf54-952dfa6674c0,e7789f42-0ad7-44d1-974b-42a3f4957291,Strelišče,1848
889e3719-7d29-4888-b690-5a1531d2930e,3429cda2-6047-453c-bf54-952dfa6674c0,fef200e9-4d98-425b-ab14-8110e2aa85d7,Drama,619
889e3719-7d29-4888-b690-5a1531d2930e,3429cda2-6047-453c-bf54-952dfa6674c0,fef200e9-4d98-425b-ab14-8110e2aa85d7,Drama,2353
889e3719-7d29-4888-b690-5a1531d2930e,3429cda2-6047-453c-bf54-952dfa6674c0,25ad5579-f6a0-4f35-a0c9-0678b41e9dde,Križanke,301
889e3719-7d29-4888-b690-5a1531d2930e,3429cda2-6047-453c-bf54-952dfa6674c0,7a52a73a-cc0e-4c61-b9bc-306157727e1c,Tržnica Moste,891
889e3719-7d29-4888-b690-5a1531d2930e,3429cda2-6047-453c-bf54-952dfa6674c0,fef200e9-4d98-425b-ab14-8110e2aa85d7,Drama,22
889e3719-7d29-4888-b690-5a1531d2930e,3429cda2-6047-453c-bf54-952dfa6674c0,b905ae6a-f1e1-4057-8923-481902ed5a8e,Konzorcij,1057
889e3719-7d29-4888-b690-5a1531d2930e,3429cda2-6047-453c-bf54-952dfa6674c0,ecc4ae87-ae08-4b94-995c-452fdd94df7f,Privoz,77
889e3719-7d29-4888-b690-5a1531d2930e,3429cda2-6047-453c-bf54-952dfa6674c0,e9d9f622-7394-4c5c-9031-a41855a64aa7,Polje,256
889e3719-7d29-4888-b690-5a1531d2930e,3429cda2-6047-453c-bf54-952dfa6674c0,087e50b6-7677-4a85-802f-5694266fe38b,Aškerčeva,688
889e3719-7d29-4888-b690-5a1531d2930e,3429cda2-6047-453c-bf54-952dfa6674c0,38b3abed-0592-407b-96c3-85a026f2e192,Dalmatinova,798
889e3719-7d29-4888-b690-5a1531d2930e,3429cda2-6047-453c-bf54-952dfa6674c0,f5e84751-7377-402c-974c-53276e422e70,Na klancu,782
889e3719-7d29-4888-b690-5a1531d2930e,3429cda2-6047-453c-bf54-952dfa6674c0,60ccc570-3714-410b-aa31-43d3a4c593c8,Tržnica Moste,498
889e3719-7d29-4888-b690-5a1531d2930e,3429cda2-6047-453c-bf54-952dfa6674c0,ecc4ae87-ae08-4b94-995c-452fdd94df7f,Privoz,38
889e3719-7d29-4888-b690-5a1531d2930e,3429cda2-6047-453c-bf54-952dfa6674c0,8eeea585-6168-45b8-a5d4-336e61826043,Zapuže,413
889e3719-7d29-4888-b690-5a1531d2930e,3429cda2-6047-453c-bf54-952dfa6674c0,bea274aa-277a-403d-ab2f-a0342b28882e,Križanke,187
889e3719-7d29-4888-b690-5a1531d2930e,3429cda2-6047-453c-bf54-952dfa6674c0,16578e36-c682-4083-bd29-4973445dc0fe,Gosposvetska,569
889e3719-7d29-4888-b690-5a1531d2930e,3429cda2-6047-453c-bf54-952dfa6674c0,bea274aa-277a-403d-ab2f-a0342b28882e,Križanke,741
889e3719-7d29-4888-b690-5a1531d2930e,3429cda2-6047-453c-bf54-952dfa6674c0,8c7fa045-888b-46d0-8189-6f82623bf481,Poljanska,244
889e3719-7d29-4888-b690-5a1531d2930e,3429cda2-6047-453c-bf54-952dfa6674c0,7fad8003-fb10-489d-bf8d-6d433310ad90,Nove Jarše,434
889e3719-7d29-4888-b690-5a1531d2930e,3429cda2-6047-453c-bf54-952dfa6674c0,454817d3-3750-49c7-994c-14d06fd2c634,Žale,1156
889e3719-7d29-4888-b690-5a1531d2930e,3429cda2-6047-453c-bf54-952dfa6674c0,9b9d2948-7538-409c-9bfc-42c0b74c41a8,Zakrajškova,916
889e3719-7d29-4888-b690-5a1531d2930e,3429cda2-6047-453c-bf54-952dfa6674c0,9f01f25f-9a5b-459a-96da-222ef81faf51,Trata,632
889e3719-7d29-4888-b690-5a1531d2930e,3429cda2-6047-453c-bf54-952dfa6674c0,98fa3880-5936-4ec8-ba04-39c7ff9a0e6a,Stara cerkev,206
889e3719-7d29-4888-b690-5a1531d2930e,3429cda2-6047-453c-bf54-952dfa6674c0,f2920a77-6c6c-494d-96b7-2a8caf8f374f,Mirje,694
889e3719-7d29-4888-b690-5a1531d2930e,3429cda2-6047-453c-bf54-952dfa6674c0,38b3abed-0592-407b-96c3-85a026f2e192,Dalmatinova,99
889e3719-7d29-4888-b690-5a1531d2930e,3429cda2-6047-453c-bf54-952dfa6674c0,e9382efd-d64d-46b0-9a7d-a4e6a0188725,Omersova,2086
889e3719-7d29-4888-b690-5a1531d2930e,3429cda2-6047-453c-bf54-952dfa6674c0,fef200e9-4d98-425b-ab14-8110e2aa85d7,Drama,1160
889e3719-7d29-4888-b690-5a1531d2930e,3429cda2-6047-453c-bf54-952dfa6674c0,8589e5d1-21b4-4210-ad7a-4bf91f9a715d,Vižmarje,1302
889e3719-7d29-4888-b690-5a1531d2930e,3429cda2-6047-453c-bf54-952dfa6674c0,38b3abed-0592-407b-96c3-85a026f2e192,Dalmatinova,1443
889e3719-7d29-4888-b690-5a1531d2930e,3429cda2-6047-453c-bf54-952dfa6674c0,7ad774b6-172a-401b-b186-358aa2d560a2,Jarše,163
889e3719-7d29-4888-b690-5a1531d2930e,3429cda2-6047-453c-bf54-952dfa6674c0,9bb1ed3b-5a6f-43c7-afaf-ba2b60ca1a7a,Aškerčeva,813
889e3719-7d29-4888-b690-5a1531d2930e,3429cda2-6047-453c-bf54-952dfa6674c0,4062cd22-b67a-4235-9980-0178b7add592,Drama,141
889e3719-7d29-4888-b690-5a1531d2930e,3429cda2-6047-453c-bf54-952dfa6674c0,087e50b6-7677-4a85-802f-5694266fe38b,Aškerčeva,993
889e3719-7d29-4888-b690-5a1531d2930e,3429cda2-6047-453c-bf54-952dfa6674c0,4062cd22-b67a-4235-9980-0178b7add592,Drama,563
889e3719-7d29-4888-b690-5a1531d2930e,3429cda2-6047-453c-bf54-952dfa6674c0,9a938b49-ce1d-4e1c-a789-e316630ebc4f,Poliklinika,750
889e3719-7d29-4888-b690-5a1531d2930e,3429cda2-6047-453c-bf54-952dfa6674c0,22ef2062-46f0-4a46-8d9a-6ceb7b7f45bc,Ilirska,98
889e3719-7d29-4888-b690-5a1531d2930e,3429cda2-6047-453c-bf54-952dfa6674c0,5cc8a08d-c0af-491f-9a9c-b8b4f5f23bc0,BTC-Emporium,1026
889e3719-7d29-4888-b690-5a1531d2930e,3429cda2-6047-453c-bf54-952dfa6674c0,4062cd22-b67a-4235-9980-0178b7add592,Drama,459
889e3719-7d29-4888-b690-5a1531d2930e,3429cda2-6047-453c-bf54-952dfa6674c0,df63651e-45ab-4487-9429-9e604415b35c,Prušnikova,713
889e3719-7d29-4888-b690-5a1531d2930e,3429cda2-6047-453c-bf54-952dfa6674c0,dadea785-0c6b-4054-9882-37227de3df4b,Pošta Dobrunje,1089
889e3719-7d29-4888-b690-5a1531d2930e,3429cda2-6047-453c-bf54-952dfa6674c0,4062cd22-b67a-4235-9980-0178b7add592,Drama,869
889e3719-7d29-4888-b690-5a1531d2930e,3429cda2-6047-453c-bf54-952dfa6674c0,4062cd22-b67a-4235-9980-0178b7add592,Drama,2283
889e3719-7d29-4888-b690-5a1531d2930e,3429cda2-6047-453c-bf54-952dfa6674c0,a719a87c-4e93-4387-a6d1-2631a487f7e0,Ajdovščina,1021
889e3719-7d29-4888-b690-5a1531d2930e,3429cda2-6047-453c-bf54-952dfa6674c0,3429cda2-6047-453c-bf54-952dfa6674c0,Klinični center,471
889e3719-7d29-4888-b690-5a1531d2930e,3429cda2-6047-453c-bf54-952dfa6674c0,25ad5579-f6a0-4f35-a0c9-0678b41e9dde,Križanke,16
889e3719-7d29-4888-b690-5a1531d2930e,3429cda2-6047-453c-bf54-952dfa6674c0,16578e36-c682-4083-bd29-4973445dc0fe,Gosposvetska,751
889e3719-7d29-4888-b690-5a1531d2930e,3429cda2-6047-453c-bf54-952dfa6674c0,6182f8e8-c45e-4606-b4a4-d909bd44d2cc,Gornji trg,260
889e3719-7d29-4888-b690-5a1531d2930e,3429cda2-6047-453c-bf54-952dfa6674c0,8598b85d-3e1d-4767-b72f-0c209038841f,Štepanja vas,56
889e3719-7d29-4888-b690-5a1531d2930e,3429cda2-6047-453c-bf54-952dfa6674c0,17f7d178-41b3-41f9-a545-cbfc22a0a5f1,Nusdorferjeva,62
889e3719-7d29-4888-b690-5a1531d2930e,3429cda2-6047-453c-bf54-952dfa6674c0,60ccc570-3714-410b-aa31-43d3a4c593c8,Tržnica Moste,2332
889e3719-7d29-4888-b690-5a1531d2930e,3429cda2-6047-453c-bf54-952dfa6674c0,9bb1ed3b-5a6f-43c7-afaf-ba2b60ca1a7a,Aškerčeva,92
889e3719-7d29-4888-b690-5a1531d2930e,3429cda2-6047-453c-bf54-952dfa6674c0,bea274aa-277a-403d-ab2f-a0342b28882e,Križanke,487
889e3719-7d29-4888-b690-5a1531d2930e,3429cda2-6047-453c-bf54-952dfa6674c0,c124f317-217b-4b89-9597-393843de4f81,Nusdorferjeva,421
889e3719-7d29-4888-b690-5a1531d2930e,3429cda2-6047-453c-bf54-952dfa6674c0,fef200e9-4d98-425b-ab14-8110e2aa85d7,Drama,32
889e3719-7d29-4888-b690-5a1531d2930e,3429cda2-6047-453c-bf54-952dfa6674c0,fef200e9-4d98-425b-ab14-8110e2aa85d7,Drama,187
889e3719-7d29-4888-b690-5a1531d2930e,3429cda2-6047-453c-bf54-952dfa6674c0,cc9cbd94-6da7-41ff-a728-cfd4b47dfcc0,Pod Urhom,248
889e3719-7d29-4888-b690-5a1531d2930e,3429cda2-6047-453c-bf54-952dfa6674c0,cc9cbd94-6da7-41ff-a728-cfd4b47dfcc0,Pod Urhom,71
889e3719-7d29-4888-b690-5a1531d2930e,3429cda2-6047-453c-bf54-952dfa6674c0,a719a87c-4e93-4387-a6d1-2631a487f7e0,Ajdovščina,1258
889e3719-7d29-4888-b690-5a1531d2930e,3429cda2-6047-453c-bf54-952dfa6674c0,8f56b058-1ae3-44f5-8600-4330f2264d78,Privoz,217
889e3719-7d29-4888-b690-5a1531d2930e,3429cda2-6047-453c-bf54-952dfa6674c0,fef200e9-4d98-425b-ab14-8110e2aa85d7,Drama,73
889e3719-7d29-4888-b690-5a1531d2930e,3429cda2-6047-453c-bf54-952dfa6674c0,a719a87c-4e93-4387-a6d1-2631a487f7e0,Ajdovščina,762
889e3719-7d29-4888-b690-5a1531d2930e,3429cda2-6047-453c-bf54-952dfa6674c0,25ad5579-f6a0-4f35-a0c9-0678b41e9dde,Križanke,55
889e3719-7d29-4888-b690-5a1531d2930e,3429cda2-6047-453c-bf54-952dfa6674c0,087e50b6-7677-4a85-802f-5694266fe38b,Aškerčeva,386
889e3719-7d29-4888-b690-5a1531d2930e,3429cda2-6047-453c-bf54-952dfa6674c0,4062cd22-b67a-4235-9980-0178b7add592,Drama,2459
889e3719-7d29-4888-b690-5a1531d2930e,3429cda2-6047-453c-bf54-952dfa6674c0,fef200e9-4d98-425b-ab14-8110e2aa85d7,Drama,14
889e3719-7d29-4888-b690-5a1531d2930e,3429cda2-6047-453c-bf54-952dfa6674c0,77dcd833-fa4d-4c5a-93b1-31284942e61d,Šišenska,799
889e3719-7d29-4888-b690-5a1531d2930e,3429cda2-6047-453c-bf54-952dfa6674c0,3429cda2-6047-453c-bf54-952dfa6674c0,Klinični center,188
889e3719-7d29-4888-b690-5a1531d2930e,3429cda2-6047-453c-bf54-952dfa6674c0,9a938b49-ce1d-4e1c-a789-e316630ebc4f,Poliklinika,1419
889e3719-7d29-4888-b690-5a1531d2930e,3429cda2-6047-453c-bf54-952dfa6674c0,5d7f28a6-2a2a-4333-aa06-48edfb652f86,Pošta,133
889e3719-7d29-4888-b690-5a1531d2930e,3429cda2-6047-453c-bf54-952dfa6674c0,fef200e9-4d98-425b-ab14-8110e2aa85d7,Drama,434
889e3719-7d29-4888-b690-5a1531d2930e,3429cda2-6047-453c-bf54-952dfa6674c0,6182f8e8-c45e-4606-b4a4-d909bd44d2cc,Gornji trg,399
889e3719-7d29-4888-b690-5a1531d2930e,3429cda2-6047-453c-bf54-952dfa6674c0,b905ae6a-f1e1-4057-8923-481902ed5a8e,Konzorcij,248
889e3719-7d29-4888-b690-5a1531d2930e,3429cda2-6047-453c-bf54-952dfa6674c0,a719a87c-4e93-4387-a6d1-2631a487f7e0,Ajdovščina,550
889e3719-7d29-4888-b690-5a1531d2930e,3429cda2-6047-453c-bf54-952dfa6674c0,484b5c91-1220-43ba-af79-84e712fcc46b,Slovenija avto,45
889e3719-7d29-4888-b690-5a1531d2930e,3429cda2-6047-453c-bf54-952dfa6674c0,c87db9be-1fba-4102-a743-0ee4317dd5af,Bavarski dvor,517
889e3719-7d29-4888-b690-5a1531d2930e,3429cda2-6047-453c-bf54-952dfa6674c0,4062cd22-b67a-4235-9980-0178b7add592,Drama,188
889e3719-7d29-4888-b690-5a1531d2930e,3429cda2-6047-453c-bf54-952dfa6674c0,d27a7320-71d6-48bc-a4f5-0f3e239575b8,Tacen,1527
889e3719-7d29-4888-b690-5a1531d2930e,3429cda2-6047-453c-bf54-952dfa6674c0,a719a87c-4e93-4387-a6d1-2631a487f7e0,Ajdovščina,922
889e3719-7d29-4888-b690-5a1531d2930e,3429cda2-6047-453c-bf54-952dfa6674c0,fef200e9-4d98-425b-ab14-8110e2aa85d7,Drama,4022
889e3719-7d29-4888-b690-5a1531d2930e,3429cda2-6047-453c-bf54-952dfa6674c0,e66e813a-722d-40f8-9ee9-1470d07bc200,Tobačna,256
889e3719-7d29-4888-b690-5a1531d2930e,3429cda2-6047-453c-bf54-952dfa6674c0,ecc4ae87-ae08-4b94-995c-452fdd94df7f,Privoz,1860
889e3719-7d29-4888-b690-5a1531d2930e,3429cda2-6047-453c-bf54-952dfa6674c0,8dde1a7b-e3ec-4675-8409-2a2c4ae696c7,MESTNI LOG,47
889e3719-7d29-4888-b690-5a1531d2930e,3429cda2-6047-453c-bf54-952dfa6674c0,0b4a072e-6c2d-4c71-ab80-2b7142df81de,Tivoli,738
889e3719-7d29-4888-b690-5a1531d2930e,3429cda2-6047-453c-bf54-952dfa6674c0,67c3adc1-a92d-4528-91ee-77d8b52574c6,Poliklinika,2324
889e3719-7d29-4888-b690-5a1531d2930e,3429cda2-6047-453c-bf54-952dfa6674c0,ecc4ae87-ae08-4b94-995c-452fdd94df7f,Privoz,145
889e3719-7d29-4888-b690-5a1531d2930e,3429cda2-6047-453c-bf54-952dfa6674c0,484b5c91-1220-43ba-af79-84e712fcc46b,Slovenija avto,81
889e3719-7d29-4888-b690-5a1531d2930e,3429cda2-6047-453c-bf54-952dfa6674c0,d5102041-8282-4c77-a593-edac0d0d4a34,Cukrarna,1327
889e3719-7d29-4888-b690-5a1531d2930e,3429cda2-6047-453c-bf54-952dfa6674c0,2d6504e9-c938-417e-9b55-32d6514bc744,Kristalna palača,131
889e3719-7d29-4888-b690-5a1531d2930e,3429cda2-6047-453c-bf54-952dfa6674c0,bea274aa-277a-403d-ab2f-a0342b28882e,Križanke,21
889e3719-7d29-4888-b690-5a1531d2930e,3429cda2-6047-453c-bf54-952dfa6674c0,105e10e7-fbab-4f99-94c9-178c25630b42,Brodarjev trg,467
889e3719-7d29-4888-b690-5a1531d2930e,3429cda2-6047-453c-bf54-952dfa6674c0,454817d3-3750-49c7-994c-14d06fd2c634,Žale,249
889e3719-7d29-4888-b690-5a1531d2930e,3429cda2-6047-453c-bf54-952dfa6674c0,087e50b6-7677-4a85-802f-5694266fe38b,Aškerčeva,1173
889e3719-7d29-4888-b690-5a1531d2930e,3429cda2-6047-453c-bf54-952dfa6674c0,023d7b7a-b411-4e61-8746-b07f9e5c8f90,Ambrožev trg,854
889e3719-7d29-4888-b690-5a1531d2930e,3429cda2-6047-453c-bf54-952dfa6674c0,02c61e3f-2d2e-4b42-b695-bbd3cc672f6b,Leskoškova,208
889e3719-7d29-4888-b690-5a1531d2930e,3429cda2-6047-453c-bf54-952dfa6674c0,717dda7e-d793-4697-8f60-b64ee8b1edc4,Gosposvetska,2739
889e3719-7d29-4888-b690-5a1531d2930e,3429cda2-6047-453c-bf54-952dfa6674c0,7fa32ea0-e884-435a-a81c-51bbd5cedf3e,Zaloška,2381
889e3719-7d29-4888-b690-5a1531d2930e,3429cda2-6047-453c-bf54-952dfa6674c0,4062cd22-b67a-4235-9980-0178b7add592,Drama,148
889e3719-7d29-4888-b690-5a1531d2930e,3429cda2-6047-453c-bf54-952dfa6674c0,77dcd833-fa4d-4c5a-93b1-31284942e61d,Šišenska,119
889e3719-7d29-4888-b690-5a1531d2930e,3429cda2-6047-453c-bf54-952dfa6674c0,c87db9be-1fba-4102-a743-0ee4317dd5af,Bavarski dvor,814
889e3719-7d29-4888-b690-5a1531d2930e,3429cda2-6047-453c-bf54-952dfa6674c0,b905ae6a-f1e1-4057-8923-481902ed5a8e,Konzorcij,947
889e3719-7d29-4888-b690-5a1531d2930e,3429cda2-6047-453c-bf54-952dfa6674c0,fef200e9-4d98-425b-ab14-8110e2aa85d7,Drama,333
889e3719-7d29-4888-b690-5a1531d2930e,3429cda2-6047-453c-bf54-952dfa6674c0,fef200e9-4d98-425b-ab14-8110e2aa85d7,Drama,1724
889e3719-7d29-4888-b690-5a1531d2930e,3429cda2-6047-453c-bf54-952dfa6674c0,16578e36-c682-4083-bd29-4973445dc0fe,Gosposvetska,245
889e3719-7d29-4888-b690-5a1531d2930e,3429cda2-6047-453c-bf54-952dfa6674c0,7fad8003-fb10-489d-bf8d-6d433310ad90,Nove Jarše,229
889e3719-7d29-4888-b690-5a1531d2930e,3429cda2-6047-453c-bf54-952dfa6674c0,N/A,N/A,4525
889e3719-7d29-4888-b690-5a1531d2930e,3429cda2-6047-453c-bf54-952dfa6674c0,4062cd22-b67a-4235-9980-0178b7add592,Drama,642
889e3719-7d29-4888-b690-5a1531d2930e,3429cda2-6047-453c-bf54-952dfa6674c0,d72032c7-d4b0-4eee-a87c-593985a42266,Tobačna,154
889e3719-7d29-4888-b690-5a1531d2930e,3429cda2-6047-453c-bf54-952dfa6674c0,a719a87c-4e93-4387-a6d1-2631a487f7e0,Ajdovščina,843
889e3719-7d29-4888-b690-5a1531d2930e,3429cda2-6047-453c-bf54-952dfa6674c0,a2ce7e6f-0f99-443a-a973-81a0b9c60261,Astra,526
889e3719-7d29-4888-b690-5a1531d2930e,3429cda2-6047-453c-bf54-952dfa6674c0,f07c916c-6fc6-4acf-a334-0ab0d3c4f57f,Središka,206
889e3719-7d29-4888-b690-5a1531d2930e,3429cda2-6047-453c-bf54-952dfa6674c0,25cde952-4896-4977-b229-75e09b3e3661,Chengdujska,1102
889e3719-7d29-4888-b690-5a1531d2930e,3429cda2-6047-453c-bf54-952dfa6674c0,fef200e9-4d98-425b-ab14-8110e2aa85d7,Drama,2336
889e3719-7d29-4888-b690-5a1531d2930e,3429cda2-6047-453c-bf54-952dfa6674c0,17f7d178-41b3-41f9-a545-cbfc22a0a5f1,Nusdorferjeva,1239
889e3719-7d29-4888-b690-5a1531d2930e,3429cda2-6047-453c-bf54-952dfa6674c0,c568fe2e-477f-4af2-ad68-cb8111f361d0,Jamnikarjeva,555
889e3719-7d29-4888-b690-5a1531d2930e,3429cda2-6047-453c-bf54-952dfa6674c0,16578e36-c682-4083-bd29-4973445dc0fe,Gosposvetska,1725
889e3719-7d29-4888-b690-5a1531d2930e,3429cda2-6047-453c-bf54-952dfa6674c0,fef200e9-4d98-425b-ab14-8110e2aa85d7,Drama,475
889e3719-7d29-4888-b690-5a1531d2930e,3429cda2-6047-453c-bf54-952dfa6674c0,17f7d178-41b3-41f9-a545-cbfc22a0a5f1,Nusdorferjeva,1819
889e3719-7d29-4888-b690-5a1531d2930e,3429cda2-6047-453c-bf54-952dfa6674c0,b905ae6a-f1e1-4057-8923-481902ed5a8e,Konzorcij,6
889e3719-7d29-4888-b690-5a1531d2930e,3429cda2-6047-453c-bf54-952dfa6674c0,a719a87c-4e93-4387-a6d1-2631a487f7e0,Ajdovščina,85
889e3719-7d29-4888-b690-5a1531d2930e,3429cda2-6047-453c-bf54-952dfa6674c0,fef200e9-4d98-425b-ab14-8110e2aa85d7,Drama,2014
889e3719-7d29-4888-b690-5a1531d2930e,3429cda2-6047-453c-bf54-952dfa6674c0,46f20d33-601c-4ef6-b86c-7c2bb4af52fa,Ježkova,378
889e3719-7d29-4888-b690-5a1531d2930e,3429cda2-6047-453c-bf54-952dfa6674c0,c124f317-217b-4b89-9597-393843de4f81,Nusdorferjeva,688
889e3719-7d29-4888-b690-5a1531d2930e,3429cda2-6047-453c-bf54-952dfa6674c0,c87db9be-1fba-4102-a743-0ee4317dd5af,Bavarski dvor,349
889e3719-7d29-4888-b690-5a1531d2930e,3429cda2-6047-453c-bf54-952dfa6674c0,5d7f28a6-2a2a-4333-aa06-48edfb652f86,Pošta,40
889e3719-7d29-4888-b690-5a1531d2930e,3429cda2-6047-453c-bf54-952dfa6674c0,48e907fd-e868-47cd-8cac-74c7d4582944,Poljanska,193
889e3719-7d29-4888-b690-5a1531d2930e,3429cda2-6047-453c-bf54-952dfa6674c0,fef200e9-4d98-425b-ab14-8110e2aa85d7,Drama,1064
889e3719-7d29-4888-b690-5a1531d2930e,3429cda2-6047-453c-bf54-952dfa6674c0,8c7fa045-888b-46d0-8189-6f82623bf481,Poljanska,307
889e3719-7d29-4888-b690-5a1531d2930e,3429cda2-6047-453c-bf54-952dfa6674c0,38b3abed-0592-407b-96c3-85a026f2e192,Dalmatinova,334
889e3719-7d29-4888-b690-5a1531d2930e,3429cda2-6047-453c-bf54-952dfa6674c0,fef200e9-4d98-425b-ab14-8110e2aa85d7,Drama,69
889e3719-7d29-4888-b690-5a1531d2930e,3429cda2-6047-453c-bf54-952dfa6674c0,c124f317-217b-4b89-9597-393843de4f81,Nusdorferjeva,691
889e3719-7d29-4888-b690-5a1531d2930e,3429cda2-6047-453c-bf54-952dfa6674c0,9b85d4b0-c594-4e0e-9ce2-d0986256c270,Tavčarjeva,158
889e3719-7d29-4888-b690-5a1531d2930e,3429cda2-6047-453c-bf54-952dfa6674c0,ecc4ae87-ae08-4b94-995c-452fdd94df7f,Privoz,104
889e3719-7d29-4888-b690-5a1531d2930e,3429cda2-6047-453c-bf54-952dfa6674c0,ecc4ae87-ae08-4b94-995c-452fdd94df7f,Privoz,1221
889e3719-7d29-4888-b690-5a1531d2930e,3429cda2-6047-453c-bf54-952dfa6674c0,cdabf1ea-b04c-480a-8359-72c46e6864ab,Bežigrad,633
889e3719-7d29-4888-b690-5a1531d2930e,3429cda2-6047-453c-bf54-952dfa6674c0,f784b27a-1509-4eec-bd52-6beee2b9530b,Kamnogoriška,548
889e3719-7d29-4888-b690-5a1531d2930e,3429cda2-6047-453c-bf54-952dfa6674c0,a719a87c-4e93-4387-a6d1-2631a487f7e0,Ajdovščina,710
889e3719-7d29-4888-b690-5a1531d2930e,3429cda2-6047-453c-bf54-952dfa6674c0,98fa3880-5936-4ec8-ba04-39c7ff9a0e6a,Stara cerkev,1776
889e3719-7d29-4888-b690-5a1531d2930e,3429cda2-6047-453c-bf54-952dfa6674c0,fef200e9-4d98-425b-ab14-8110e2aa85d7,Drama,298
889e3719-7d29-4888-b690-5a1531d2930e,3429cda2-6047-453c-bf54-952dfa6674c0,4062cd22-b67a-4235-9980-0178b7add592,Drama,36
889e3719-7d29-4888-b690-5a1531d2930e,3429cda2-6047-453c-bf54-952dfa6674c0,15c71406-72b5-4681-8b1a-29eb30eb3f76,Kristalna palača,594
889e3719-7d29-4888-b690-5a1531d2930e,3429cda2-6047-453c-bf54-952dfa6674c0,c87db9be-1fba-4102-a743-0ee4317dd5af,Bavarski dvor,226
889e3719-7d29-4888-b690-5a1531d2930e,3429cda2-6047-453c-bf54-952dfa6674c0,95eee7e8-237d-4410-a9bf-00c6f88129c1,Cukrarna,326
889e3719-7d29-4888-b690-5a1531d2930e,3429cda2-6047-453c-bf54-952dfa6674c0,b905ae6a-f1e1-4057-8923-481902ed5a8e,Konzorcij,2341
889e3719-7d29-4888-b690-5a1531d2930e,3429cda2-6047-453c-bf54-952dfa6674c0,c22879e5-8e90-4540-9a74-5f139208e492,Friškovec,397
889e3719-7d29-4888-b690-5a1531d2930e,3429cda2-6047-453c-bf54-952dfa6674c0,1b3ddeca-a066-43ee-9ae5-8339628129c2,Žale,790
889e3719-7d29-4888-b690-5a1531d2930e,3429cda2-6047-453c-bf54-952dfa6674c0,4062cd22-b67a-4235-9980-0178b7add592,Drama,113
889e3719-7d29-4888-b690-5a1531d2930e,3429cda2-6047-453c-bf54-952dfa6674c0,4062cd22-b67a-4235-9980-0178b7add592,Drama,344
889e3719-7d29-4888-b690-5a1531d2930e,3429cda2-6047-453c-bf54-952dfa6674c0,fef200e9-4d98-425b-ab14-8110e2aa85d7,Drama,1033
889e3719-7d29-4888-b690-5a1531d2930e,3429cda2-6047-453c-bf54-952dfa6674c0,9cfac7e2-9653-4e52-a6d3-27756d27f817,Kino Šiška,540
889e3719-7d29-4888-b690-5a1531d2930e,3429cda2-6047-453c-bf54-952dfa6674c0,8f56b058-1ae3-44f5-8600-4330f2264d78,Privoz,837
889e3719-7d29-4888-b690-5a1531d2930e,3429cda2-6047-453c-bf54-952dfa6674c0,fef200e9-4d98-425b-ab14-8110e2aa85d7,Drama,226
889e3719-7d29-4888-b690-5a1531d2930e,3429cda2-6047-453c-bf54-952dfa6674c0,25cde952-4896-4977-b229-75e09b3e3661,Chengdujska,1289
889e3719-7d29-4888-b690-5a1531d2930e,3429cda2-6047-453c-bf54-952dfa6674c0,ecc4ae87-ae08-4b94-995c-452fdd94df7f,Privoz,1468
889e3719-7d29-4888-b690-5a1531d2930e,3429cda2-6047-453c-bf54-952dfa6674c0,a9796806-8cd3-4b76-bf8c-4340aec35c9e,Lutkovno gl.,127
889e3719-7d29-4888-b690-5a1531d2930e,3429cda2-6047-453c-bf54-952dfa6674c0,9b0074d2-2c92-4c01-830b-00be8e05b412,Cukrarna,12
889e3719-7d29-4888-b690-5a1531d2930e,3429cda2-6047-453c-bf54-952dfa6674c0,2c87f988-902b-4b35-91da-5437a58759f5,Šentjakob,72
889e3719-7d29-4888-b690-5a1531d2930e,3429cda2-6047-453c-bf54-952dfa6674c0,fef200e9-4d98-425b-ab14-8110e2aa85d7,Drama,11
889e3719-7d29-4888-b690-5a1531d2930e,3429cda2-6047-453c-bf54-952dfa6674c0,712ee105-4fab-498a-af5c-496ca9830f5f,Viadukt,1628
889e3719-7d29-4888-b690-5a1531d2930e,3429cda2-6047-453c-bf54-952dfa6674c0,fef200e9-4d98-425b-ab14-8110e2aa85d7,Drama,489
889e3719-7d29-4888-b690-5a1531d2930e,3429cda2-6047-453c-bf54-952dfa6674c0,9bb1ed3b-5a6f-43c7-afaf-ba2b60ca1a7a,Aškerčeva,27
889e3719-7d29-4888-b690-5a1531d2930e,3429cda2-6047-453c-bf54-952dfa6674c0,ad966374-a37d-443a-9a3e-ec85ca28231f,Pod Rožnikom,824
889e3719-7d29-4888-b690-5a1531d2930e,3429cda2-6047-453c-bf54-952dfa6674c0,bd001f58-6e58-49e9-877f-1fa36964fbc2,Na jami,2344
889e3719-7d29-4888-b690-5a1531d2930e,3429cda2-6047-453c-bf54-952dfa6674c0,5ddf10c0-90a5-4dbf-992c-23c0505674aa,Podgora,1381
889e3719-7d29-4888-b690-5a1531d2930e,3429cda2-6047-453c-bf54-952dfa6674c0,38b3abed-0592-407b-96c3-85a026f2e192,Dalmatinova,302
889e3719-7d29-4888-b690-5a1531d2930e,3429cda2-6047-453c-bf54-952dfa6674c0,ecc4ae87-ae08-4b94-995c-452fdd94df7f,Privoz,461
889e3719-7d29-4888-b690-5a1531d2930e,3429cda2-6047-453c-bf54-952dfa6674c0,5d7f28a6-2a2a-4333-aa06-48edfb652f86,Pošta,9
889e3719-7d29-4888-b690-5a1531d2930e,3429cda2-6047-453c-bf54-952dfa6674c0,9b85d4b0-c594-4e0e-9ce2-d0986256c270,Tavčarjeva,339
889e3719-7d29-4888-b690-5a1531d2930e,3429cda2-6047-453c-bf54-952dfa6674c0,639551cf-fe23-4363-8ccd-655bc5d4119e,Zmajski most,617
889e3719-7d29-4888-b690-5a1531d2930e,3429cda2-6047-453c-bf54-952dfa6674c0,b905ae6a-f1e1-4057-8923-481902ed5a8e,Konzorcij,244
889e3719-7d29-4888-b690-5a1531d2930e,3429cda2-6047-453c-bf54-952dfa6674c0,4062cd22-b67a-4235-9980-0178b7add592,Drama,24
889e3719-7d29-4888-b690-5a1531d2930e,3429cda2-6047-453c-bf54-952dfa6674c0,4062cd22-b67a-4235-9980-0178b7add592,Drama,1316
889e3719-7d29-4888-b690-5a1531d2930e,3429cda2-6047-453c-bf54-952dfa6674c0,a719a87c-4e93-4387-a6d1-2631a487f7e0,Ajdovščina,324
889e3719-7d29-4888-b690-5a1531d2930e,3429cda2-6047-453c-bf54-952dfa6674c0,7310c006-62b8-4f94-bb9c-d5c26cb3faad,Polje,398
889e3719-7d29-4888-b690-5a1531d2930e,3429cda2-6047-453c-bf54-952dfa6674c0,88cdd36c-03d2-4374-a22f-110dd9f75ea0,Kajuhova,135
889e3719-7d29-4888-b690-5a1531d2930e,3429cda2-6047-453c-bf54-952dfa6674c0,889e3719-7d29-4888-b690-5a1531d2930e,Jadranska,18
889e3719-7d29-4888-b690-5a1531d2930e,3429cda2-6047-453c-bf54-952dfa6674c0,a719a87c-4e93-4387-a6d1-2631a487f7e0,Ajdovščina,983
889e3719-7d29-4888-b690-5a1531d2930e,3429cda2-6047-453c-bf54-952dfa6674c0,6182f8e8-c45e-4606-b4a4-d909bd44d2cc,Gornji trg,1254
889e3719-7d29-4888-b690-5a1531d2930e,3429cda2-6047-453c-bf54-952dfa6674c0,c124f317-217b-4b89-9597-393843de4f81,Nusdorferjeva,171
889e3719-7d29-4888-b690-5a1531d2930e,3429cda2-6047-453c-bf54-952dfa6674c0,fef200e9-4d98-425b-ab14-8110e2aa85d7,Drama,572
889e3719-7d29-4888-b690-5a1531d2930e,3429cda2-6047-453c-bf54-952dfa6674c0,fef200e9-4d98-425b-ab14-8110e2aa85d7,Drama,2068
889e3719-7d29-4888-b690-5a1531d2930e,3429cda2-6047-453c-bf54-952dfa6674c0,ab4e1412-1ac4-4864-8833-c1ddf48bec20,Bratislavska,201
889e3719-7d29-4888-b690-5a1531d2930e,3429cda2-6047-453c-bf54-952dfa6674c0,25ad5579-f6a0-4f35-a0c9-0678b41e9dde,Križanke,1026
889e3719-7d29-4888-b690-5a1531d2930e,3429cda2-6047-453c-bf54-952dfa6674c0,6efecef0-52ba-4a47-9991-9bab5ce31340,Ajdovščina,539
889e3719-7d29-4888-b690-5a1531d2930e,3429cda2-6047-453c-bf54-952dfa6674c0,16578e36-c682-4083-bd29-4973445dc0fe,Gosposvetska,132
889e3719-7d29-4888-b690-5a1531d2930e,3429cda2-6047-453c-bf54-952dfa6674c0,38b3abed-0592-407b-96c3-85a026f2e192,Dalmatinova,814
889e3719-7d29-4888-b690-5a1531d2930e,3429cda2-6047-453c-bf54-952dfa6674c0,b589ddd3-5a31-4fe1-915f-44347b4c0a1a,Bratov Učakar,290
889e3719-7d29-4888-b690-5a1531d2930e,3429cda2-6047-453c-bf54-952dfa6674c0,eead721b-8996-4e73-a2f9-02dba20df4fa,Ilirska,2269
889e3719-7d29-4888-b690-5a1531d2930e,3429cda2-6047-453c-bf54-952dfa6674c0,ac3afe7d-a2b3-4d5d-9e6a-1d2412a3bc70,Litostrojska,2373
889e3719-7d29-4888-b690-5a1531d2930e,3429cda2-6047-453c-bf54-952dfa6674c0,25ad5579-f6a0-4f35-a0c9-0678b41e9dde,Križanke,529
889e3719-7d29-4888-b690-5a1531d2930e,3429cda2-6047-453c-bf54-952dfa6674c0,4062cd22-b67a-4235-9980-0178b7add592,Drama,933
889e3719-7d29-4888-b690-5a1531d2930e,3429cda2-6047-453c-bf54-952dfa6674c0,fef200e9-4d98-425b-ab14-8110e2aa85d7,Drama,39
889e3719-7d29-4888-b690-5a1531d2930e,3429cda2-6047-453c-bf54-952dfa6674c0,17f7d178-41b3-41f9-a545-cbfc22a0a5f1,Nusdorferjeva,1015
889e3719-7d29-4888-b690-5a1531d2930e,3429cda2-6047-453c-bf54-952dfa6674c0,c87db9be-1fba-4102-a743-0ee4317dd5af,Bavarski dvor,115
889e3719-7d29-4888-b690-5a1531d2930e,3429cda2-6047-453c-bf54-952dfa6674c0,e66e813a-722d-40f8-9ee9-1470d07bc200,Tobačna,563
889e3719-7d29-4888-b690-5a1531d2930e,3429cda2-6047-453c-bf54-952dfa6674c0,9cfac7e2-9653-4e52-a6d3-27756d27f817,Kino Šiška,372
889e3719-7d29-4888-b690-5a1531d2930e,3429cda2-6047-453c-bf54-952dfa6674c0,a378ce5e-57ce-4c52-b219-568674b5cd5e,Gornji trg,491
889e3719-7d29-4888-b690-5a1531d2930e,3429cda2-6047-453c-bf54-952dfa6674c0,6182f8e8-c45e-4606-b4a4-d909bd44d2cc,Gornji trg,929
889e3719-7d29-4888-b690-5a1531d2930e,3429cda2-6047-453c-bf54-952dfa6674c0,557f714a-6f4a-4c98-8c5a-d74fa34b2adb,Hrvatski trg,1304
889e3719-7d29-4888-b690-5a1531d2930e,3429cda2-6047-453c-bf54-952dfa6674c0,fef200e9-4d98-425b-ab14-8110e2aa85d7,Drama,9
889e3719-7d29-4888-b690-5a1531d2930e,3429cda2-6047-453c-bf54-952dfa6674c0,fef200e9-4d98-425b-ab14-8110e2aa85d7,Drama,89
889e3719-7d29-4888-b690-5a1531d2930e,3429cda2-6047-453c-bf54-952dfa6674c0,b829062a-2644-4350-b998-74522d9e85d8,Lutkovno gl.,453
889e3719-7d29-4888-b690-5a1531d2930e,3429cda2-6047-453c-bf54-952dfa6674c0,c124f317-217b-4b89-9597-393843de4f81,Nusdorferjeva,705
889e3719-7d29-4888-b690-5a1531d2930e,3429cda2-6047-453c-bf54-952dfa6674c0,86a75ffc-a78f-401f-8991-2eb0371417b2,Studenec,342
889e3719-7d29-4888-b690-5a1531d2930e,3429cda2-6047-453c-bf54-952dfa6674c0,4062cd22-b67a-4235-9980-0178b7add592,Drama,14
889e3719-7d29-4888-b690-5a1531d2930e,3429cda2-6047-453c-bf54-952dfa6674c0,c87db9be-1fba-4102-a743-0ee4317dd5af,Bavarski dvor,140
889e3719-7d29-4888-b690-5a1531d2930e,3429cda2-6047-453c-bf54-952dfa6674c0,aa42017d-812a-4175-bc9b-0fec03b18931,Ambrožev trg,445
889e3719-7d29-4888-b690-5a1531d2930e,3429cda2-6047-453c-bf54-952dfa6674c0,1c0ae078-cca7-40c8-aeda-1187a12ddfee,Remiza,1179
889e3719-7d29-4888-b690-5a1531d2930e,3429cda2-6047-453c-bf54-952dfa6674c0,4062cd22-b67a-4235-9980-0178b7add592,Drama,682
889e3719-7d29-4888-b690-5a1531d2930e,3429cda2-6047-453c-bf54-952dfa6674c0,087e50b6-7677-4a85-802f-5694266fe38b,Aškerčeva,810
889e3719-7d29-4888-b690-5a1531d2930e,3429cda2-6047-453c-bf54-952dfa6674c0,6182f8e8-c45e-4606-b4a4-d909bd44d2cc,Gornji trg,987
889e3719-7d29-4888-b690-5a1531d2930e,3429cda2-6047-453c-bf54-952dfa6674c0,0b4a072e-6c2d-4c71-ab80-2b7142df81de,Tivoli,826
889e3719-7d29-4888-b690-5a1531d2930e,3429cda2-6047-453c-bf54-952dfa6674c0,eb165f50-9c43-4b09-9658-469a16d3dc83,Kodeljevo,621
889e3719-7d29-4888-b690-5a1531d2930e,3429cda2-6047-453c-bf54-952dfa6674c0,fef200e9-4d98-425b-ab14-8110e2aa85d7,Drama,23
889e3719-7d29-4888-b690-5a1531d2930e,3429cda2-6047-453c-bf54-952dfa6674c0,fef200e9-4d98-425b-ab14-8110e2aa85d7,Drama,1152
889e3719-7d29-4888-b690-5a1531d2930e,3429cda2-6047-453c-bf54-952dfa6674c0,77dcd833-fa4d-4c5a-93b1-31284942e61d,Šišenska,624
889e3719-7d29-4888-b690-5a1531d2930e,3429cda2-6047-453c-bf54-952dfa6674c0,cab36767-e95a-4f60-978e-92490f2517b2,Hrvatski trg,661
889e3719-7d29-4888-b690-5a1531d2930e,3429cda2-6047-453c-bf54-952dfa6674c0,938c9405-72bb-4acd-bace-a75abcf2f9cb,Na jami,275
889e3719-7d29-4888-b690-5a1531d2930e,3429cda2-6047-453c-bf54-952dfa6674c0,fef200e9-4d98-425b-ab14-8110e2aa85d7,Drama,2103
889e3719-7d29-4888-b690-5a1531d2930e,3429cda2-6047-453c-bf54-952dfa6674c0,aa42017d-812a-4175-bc9b-0fec03b18931,Ambrožev trg,2155
889e3719-7d29-4888-b690-5a1531d2930e,3429cda2-6047-453c-bf54-952dfa6674c0,e66e813a-722d-40f8-9ee9-1470d07bc200,Tobačna,576
889e3719-7d29-4888-b690-5a1531d2930e,3429cda2-6047-453c-bf54-952dfa6674c0,b905ae6a-f1e1-4057-8923-481902ed5a8e,Konzorcij,1088
889e3719-7d29-4888-b690-5a1531d2930e,3429cda2-6047-453c-bf54-952dfa6674c0,5d7f28a6-2a2a-4333-aa06-48edfb652f86,Pošta,26
889e3719-7d29-4888-b690-5a1531d2930e,3429cda2-6047-453c-bf54-952dfa6674c0,9b85d4b0-c594-4e0e-9ce2-d0986256c270,Tavčarjeva,479
889e3719-7d29-4888-b690-5a1531d2930e,3429cda2-6047-453c-bf54-952dfa6674c0,5d7f28a6-2a2a-4333-aa06-48edfb652f86,Pošta,3047
889e3719-7d29-4888-b690-5a1531d2930e,3429cda2-6047-453c-bf54-952dfa6674c0,fef200e9-4d98-425b-ab14-8110e2aa85d7,Drama,20
889e3719-7d29-4888-b690-5a1531d2930e,3429cda2-6047-453c-bf54-952dfa6674c0,52e5adea-e194-4fc1-809c-1d6421f8f8db,Kovinarska,339
889e3719-7d29-4888-b690-5a1531d2930e,3429cda2-6047-453c-bf54-952dfa6674c0,c87db9be-1fba-4102-a743-0ee4317dd5af,Bavarski dvor,2241
889e3719-7d29-4888-b690-5a1531d2930e,3429cda2-6047-453c-bf54-952dfa6674c0,4062cd22-b67a-4235-9980-0178b7add592,Drama,1470
889e3719-7d29-4888-b690-5a1531d2930e,3429cda2-6047-453c-bf54-952dfa6674c0,5d7f28a6-2a2a-4333-aa06-48edfb652f86,Pošta,93
889e3719-7d29-4888-b690-5a1531d2930e,3429cda2-6047-453c-bf54-952dfa6674c0,087e50b6-7677-4a85-802f-5694266fe38b,Aškerčeva,24
889e3719-7d29-4888-b690-5a1531d2930e,3429cda2-6047-453c-bf54-952dfa6674c0,8c7fa045-888b-46d0-8189-6f82623bf481,Poljanska,180
889e3719-7d29-4888-b690-5a1531d2930e,3429cda2-6047-453c-bf54-952dfa6674c0,4062cd22-b67a-4235-9980-0178b7add592,Drama,339
889e3719-7d29-4888-b690-5a1531d2930e,3429cda2-6047-453c-bf54-952dfa6674c0,f073b9d9-a3e3-4d04-a209-0db55377b79e,Zmajski most,225
889e3719-7d29-4888-b690-5a1531d2930e,3429cda2-6047-453c-bf54-952dfa6674c0,bea274aa-277a-403d-ab2f-a0342b28882e,Križanke,777
889e3719-7d29-4888-b690-5a1531d2930e,3429cda2-6047-453c-bf54-952dfa6674c0,538ab00b-ee39-44e8-b5a4-62c2c6215bf6,Zeleni gaj,828
889e3719-7d29-4888-b690-5a1531d2930e,3429cda2-6047-453c-bf54-952dfa6674c0,d72032c7-d4b0-4eee-a87c-593985a42266,Tobačna,12
889e3719-7d29-4888-b690-5a1531d2930e,3429cda2-6047-453c-bf54-952dfa6674c0,25ad5579-f6a0-4f35-a0c9-0678b41e9dde,Križanke,1285
889e3719-7d29-4888-b690-5a1531d2930e,3429cda2-6047-453c-bf54-952dfa6674c0,fef200e9-4d98-425b-ab14-8110e2aa85d7,Drama,1897
889e3719-7d29-4888-b690-5a1531d2930e,3429cda2-6047-453c-bf54-952dfa6674c0,fef200e9-4d98-425b-ab14-8110e2aa85d7,Drama,10
889e3719-7d29-4888-b690-5a1531d2930e,3429cda2-6047-453c-bf54-952dfa6674c0,16578e36-c682-4083-bd29-4973445dc0fe,Gosposvetska,166
889e3719-7d29-4888-b690-5a1531d2930e,3429cda2-6047-453c-bf54-952dfa6674c0,5d7f28a6-2a2a-4333-aa06-48edfb652f86,Pošta,1228
889e3719-7d29-4888-b690-5a1531d2930e,3429cda2-6047-453c-bf54-952dfa6674c0,d72032c7-d4b0-4eee-a87c-593985a42266,Tobačna,269
889e3719-7d29-4888-b690-5a1531d2930e,3429cda2-6047-453c-bf54-952dfa6674c0,fef200e9-4d98-425b-ab14-8110e2aa85d7,Drama,294
889e3719-7d29-4888-b690-5a1531d2930e,3429cda2-6047-453c-bf54-952dfa6674c0,c87db9be-1fba-4102-a743-0ee4317dd5af,Bavarski dvor,621
889e3719-7d29-4888-b690-5a1531d2930e,3429cda2-6047-453c-bf54-952dfa6674c0,fef200e9-4d98-425b-ab14-8110e2aa85d7,Drama,1259
889e3719-7d29-4888-b690-5a1531d2930e,3429cda2-6047-453c-bf54-952dfa6674c0,cdabf1ea-b04c-480a-8359-72c46e6864ab,Bežigrad,243
889e3719-7d29-4888-b690-5a1531d2930e,3429cda2-6047-453c-bf54-952dfa6674c0,b829062a-2644-4350-b998-74522d9e85d8,Lutkovno gl.,1948
889e3719-7d29-4888-b690-5a1531d2930e,3429cda2-6047-453c-bf54-952dfa6674c0,9bb1ed3b-5a6f-43c7-afaf-ba2b60ca1a7a,Aškerčeva,577
889e3719-7d29-4888-b690-5a1531d2930e,3429cda2-6047-453c-bf54-952dfa6674c0,7fa32ea0-e884-435a-a81c-51bbd5cedf3e,Zaloška,46
889e3719-7d29-4888-b690-5a1531d2930e,3429cda2-6047-453c-bf54-952dfa6674c0,4062cd22-b67a-4235-9980-0178b7add592,Drama,119
889e3719-7d29-4888-b690-5a1531d2930e,3429cda2-6047-453c-bf54-952dfa6674c0,d9a82add-03d0-47d8-9f35-117b7a5ded44,Gerbičeva,1175
889e3719-7d29-4888-b690-5a1531d2930e,3429cda2-6047-453c-bf54-952dfa6674c0,639551cf-fe23-4363-8ccd-655bc5d4119e,Zmajski most,73
889e3719-7d29-4888-b690-5a1531d2930e,3429cda2-6047-453c-bf54-952dfa6674c0,639551cf-fe23-4363-8ccd-655bc5d4119e,Zmajski most,129
889e3719-7d29-4888-b690-5a1531d2930e,3429cda2-6047-453c-bf54-952dfa6674c0,4062cd22-b67a-4235-9980-0178b7add592,Drama,181
889e3719-7d29-4888-b690-5a1531d2930e,3429cda2-6047-453c-bf54-952dfa6674c0,4ca7ae7e-380b-45e3-81de-00ffab5bb531,Yulon,1544
889e3719-7d29-4888-b690-5a1531d2930e,3429cda2-6047-453c-bf54-952dfa6674c0,ecc4ae87-ae08-4b94-995c-452fdd94df7f,Privoz,1104
889e3719-7d29-4888-b690-5a1531d2930e,3429cda2-6047-453c-bf54-952dfa6674c0,26d86ffa-b8df-49aa-a9c0-5fa7d3cfba77,Draveljska gmajna,1381
889e3719-7d29-4888-b690-5a1531d2930e,3429cda2-6047-453c-bf54-952dfa6674c0,41489be9-b3b7-4cbe-90f8-af1a435b2676,Orlova,606
889e3719-7d29-4888-b690-5a1531d2930e,3429cda2-6047-453c-bf54-952dfa6674c0,6afef238-01cd-4ad0-859d-2056b5d4a63f,KPL,749
889e3719-7d29-4888-b690-5a1531d2930e,3429cda2-6047-453c-bf54-952dfa6674c0,087e50b6-7677-4a85-802f-5694266fe38b,Aškerčeva,56
889e3719-7d29-4888-b690-5a1531d2930e,3429cda2-6047-453c-bf54-952dfa6674c0,a719a87c-4e93-4387-a6d1-2631a487f7e0,Ajdovščina,822
889e3719-7d29-4888-b690-5a1531d2930e,3429cda2-6047-453c-bf54-952dfa6674c0,4062cd22-b67a-4235-9980-0178b7add592,Drama,1042
889e3719-7d29-4888-b690-5a1531d2930e,3429cda2-6047-453c-bf54-952dfa6674c0,aa42017d-812a-4175-bc9b-0fec03b18931,Ambrožev trg,146
889e3719-7d29-4888-b690-5a1531d2930e,3429cda2-6047-453c-bf54-952dfa6674c0,a719a87c-4e93-4387-a6d1-2631a487f7e0,Ajdovščina,2546
889e3719-7d29-4888-b690-5a1531d2930e,3429cda2-6047-453c-bf54-952dfa6674c0,fef200e9-4d98-425b-ab14-8110e2aa85d7,Drama,1312
889e3719-7d29-4888-b690-5a1531d2930e,3429cda2-6047-453c-bf54-952dfa6674c0,f07c916c-6fc6-4acf-a334-0ab0d3c4f57f,Središka,261
889e3719-7d29-4888-b690-5a1531d2930e,3429cda2-6047-453c-bf54-952dfa6674c0,bea274aa-277a-403d-ab2f-a0342b28882e,Križanke,246
889e3719-7d29-4888-b690-5a1531d2930e,3429cda2-6047-453c-bf54-952dfa6674c0,379bc761-04b5-4227-be76-3b870fe3e69f,Pot na Fužine,1380
889e3719-7d29-4888-b690-5a1531d2930e,3429cda2-6047-453c-bf54-952dfa6674c0,a378ce5e-57ce-4c52-b219-568674b5cd5e,Gornji trg,359
889e3719-7d29-4888-b690-5a1531d2930e,3429cda2-6047-453c-bf54-952dfa6674c0,c124f317-217b-4b89-9597-393843de4f81,Nusdorferjeva,96
889e3719-7d29-4888-b690-5a1531d2930e,3429cda2-6047-453c-bf54-952dfa6674c0,25ad5579-f6a0-4f35-a0c9-0678b41e9dde,Križanke,156
889e3719-7d29-4888-b690-5a1531d2930e,3429cda2-6047-453c-bf54-952dfa6674c0,b905ae6a-f1e1-4057-8923-481902ed5a8e,Konzorcij,788
889e3719-7d29-4888-b690-5a1531d2930e,3429cda2-6047-453c-bf54-952dfa6674c0,4062cd22-b67a-4235-9980-0178b7add592,Drama,761
889e3719-7d29-4888-b690-5a1531d2930e,3429cda2-6047-453c-bf54-952dfa6674c0,bea274aa-277a-403d-ab2f-a0342b28882e,Križanke,109
889e3719-7d29-4888-b690-5a1531d2930e,3429cda2-6047-453c-bf54-952dfa6674c0,1eadcdb9-60cd-47c9-8eec-527c3465a685,Polje,2300
889e3719-7d29-4888-b690-5a1531d2930e,3429cda2-6047-453c-bf54-952dfa6674c0,9afb36ea-c2ae-4bbb-9644-3a6c65bb1c7d,Kino Šiška,1807
889e3719-7d29-4888-b690-5a1531d2930e,3429cda2-6047-453c-bf54-952dfa6674c0,557f714a-6f4a-4c98-8c5a-d74fa34b2adb,Hrvatski trg,18
889e3719-7d29-4888-b690-5a1531d2930e,3429cda2-6047-453c-bf54-952dfa6674c0,fef200e9-4d98-425b-ab14-8110e2aa85d7,Drama,15
889e3719-7d29-4888-b690-5a1531d2930e,3429cda2-6047-453c-bf54-952dfa6674c0,4062cd22-b67a-4235-9980-0178b7add592,Drama,1123
889e3719-7d29-4888-b690-5a1531d2930e,3429cda2-6047-453c-bf54-952dfa6674c0,17f7d178-41b3-41f9-a545-cbfc22a0a5f1,Nusdorferjeva,820
889e3719-7d29-4888-b690-5a1531d2930e,3429cda2-6047-453c-bf54-952dfa6674c0,b829062a-2644-4350-b998-74522d9e85d8,Lutkovno gl.,1531
889e3719-7d29-4888-b690-5a1531d2930e,3429cda2-6047-453c-bf54-952dfa6674c0,c124f317-217b-4b89-9597-393843de4f81,Nusdorferjeva,178
889e3719-7d29-4888-b690-5a1531d2930e,3429cda2-6047-453c-bf54-952dfa6674c0,25ad5579-f6a0-4f35-a0c9-0678b41e9dde,Križanke,53
889e3719-7d29-4888-b690-5a1531d2930e,3429cda2-6047-453c-bf54-952dfa6674c0,aa42017d-812a-4175-bc9b-0fec03b18931,Ambrožev trg,651
889e3719-7d29-4888-b690-5a1531d2930e,3429cda2-6047-453c-bf54-952dfa6674c0,17f7d178-41b3-41f9-a545-cbfc22a0a5f1,Nusdorferjeva,679
889e3719-7d29-4888-b690-5a1531d2930e,3429cda2-6047-453c-bf54-952dfa6674c0,b829062a-2644-4350-b998-74522d9e85d8,Lutkovno gl.,441
889e3719-7d29-4888-b690-5a1531d2930e,3429cda2-6047-453c-bf54-952dfa6674c0,aa42017d-812a-4175-bc9b-0fec03b18931,Ambrožev trg,479
889e3719-7d29-4888-b690-5a1531d2930e,3429cda2-6047-453c-bf54-952dfa6674c0,fef200e9-4d98-425b-ab14-8110e2aa85d7,Drama,217
889e3719-7d29-4888-b690-5a1531d2930e,3429cda2-6047-453c-bf54-952dfa6674c0,81f21fc1-3bd2-4d2a-b563-2d063479c68e,Štepanja vas,1122
889e3719-7d29-4888-b690-5a1531d2930e,3429cda2-6047-453c-bf54-952dfa6674c0,26d86ffa-b8df-49aa-a9c0-5fa7d3cfba77,Draveljska gmajna,199
889e3719-7d29-4888-b690-5a1531d2930e,3429cda2-6047-453c-bf54-952dfa6674c0,484b5c91-1220-43ba-af79-84e712fcc46b,Slovenija avto,46
889e3719-7d29-4888-b690-5a1531d2930e,3429cda2-6047-453c-bf54-952dfa6674c0,a719a87c-4e93-4387-a6d1-2631a487f7e0,Ajdovščina,872
889e3719-7d29-4888-b690-5a1531d2930e,3429cda2-6047-453c-bf54-952dfa6674c0,fef200e9-4d98-425b-ab14-8110e2aa85d7,Drama,45
889e3719-7d29-4888-b690-5a1531d2930e,3429cda2-6047-453c-bf54-952dfa6674c0,379bc761-04b5-4227-be76-3b870fe3e69f,Pot na Fužine,302
889e3719-7d29-4888-b690-5a1531d2930e,3429cda2-6047-453c-bf54-952dfa6674c0,c22879e5-8e90-4540-9a74-5f139208e492,Friškovec,727
889e3719-7d29-4888-b690-5a1531d2930e,3429cda2-6047-453c-bf54-952dfa6674c0,4d216485-ef41-45e7-9182-0c254644955c,Sava,97
889e3719-7d29-4888-b690-5a1531d2930e,3429cda2-6047-453c-bf54-952dfa6674c0,7fad8003-fb10-489d-bf8d-6d433310ad90,Nove Jarše,1229
889e3719-7d29-4888-b690-5a1531d2930e,3429cda2-6047-453c-bf54-952dfa6674c0,5d7f28a6-2a2a-4333-aa06-48edfb652f86,Pošta,15
889e3719-7d29-4888-b690-5a1531d2930e,3429cda2-6047-453c-bf54-952dfa6674c0,4062cd22-b67a-4235-9980-0178b7add592,Drama,221
889e3719-7d29-4888-b690-5a1531d2930e,3429cda2-6047-453c-bf54-952dfa6674c0,ecc4ae87-ae08-4b94-995c-452fdd94df7f,Privoz,76
889e3719-7d29-4888-b690-5a1531d2930e,3429cda2-6047-453c-bf54-952dfa6674c0,25ad5579-f6a0-4f35-a0c9-0678b41e9dde,Križanke,2808
889e3719-7d29-4888-b690-5a1531d2930e,3429cda2-6047-453c-bf54-952dfa6674c0,fef200e9-4d98-425b-ab14-8110e2aa85d7,Drama,351
889e3719-7d29-4888-b690-5a1531d2930e,3429cda2-6047-453c-bf54-952dfa6674c0,4062cd22-b67a-4235-9980-0178b7add592,Drama,981
889e3719-7d29-4888-b690-5a1531d2930e,3429cda2-6047-453c-bf54-952dfa6674c0,4062cd22-b67a-4235-9980-0178b7add592,Drama,1541
889e3719-7d29-4888-b690-5a1531d2930e,3429cda2-6047-453c-bf54-952dfa6674c0,a719a87c-4e93-4387-a6d1-2631a487f7e0,Ajdovščina,381
889e3719-7d29-4888-b690-5a1531d2930e,3429cda2-6047-453c-bf54-952dfa6674c0,6182f8e8-c45e-4606-b4a4-d909bd44d2cc,Gornji trg,38
889e3719-7d29-4888-b690-5a1531d2930e,3429cda2-6047-453c-bf54-952dfa6674c0,4062cd22-b67a-4235-9980-0178b7add592,Drama,2060
889e3719-7d29-4888-b690-5a1531d2930e,3429cda2-6047-453c-bf54-952dfa6674c0,ecc4ae87-ae08-4b94-995c-452fdd94df7f,Privoz,679
889e3719-7d29-4888-b690-5a1531d2930e,3429cda2-6047-453c-bf54-952dfa6674c0,4062cd22-b67a-4235-9980-0178b7add592,Drama,714
889e3719-7d29-4888-b690-5a1531d2930e,3429cda2-6047-453c-bf54-952dfa6674c0,7bcbdcaa-00b9-47d4-8982-09da26cd7bcb,Zaloška,1726
889e3719-7d29-4888-b690-5a1531d2930e,3429cda2-6047-453c-bf54-952dfa6674c0,abc9fd26-5442-468b-93b6-4d5eb76d0f1f,BTC-Emporium,112
889e3719-7d29-4888-b690-5a1531d2930e,3429cda2-6047-453c-bf54-952dfa6674c0,fef200e9-4d98-425b-ab14-8110e2aa85d7,Drama,243
889e3719-7d29-4888-b690-5a1531d2930e,3429cda2-6047-453c-bf54-952dfa6674c0,07bad99d-070a-42f7-8766-d11d42152623,Prekmurska,1650
889e3719-7d29-4888-b690-5a1531d2930e,3429cda2-6047-453c-bf54-952dfa6674c0,59faa0f0-34b1-47cd-ba3a-3b6f0d684c00,Žito,626
889e3719-7d29-4888-b690-5a1531d2930e,3429cda2-6047-453c-bf54-952dfa6674c0,4062cd22-b67a-4235-9980-0178b7add592,Drama,635
889e3719-7d29-4888-b690-5a1531d2930e,3429cda2-6047-453c-bf54-952dfa6674c0,3429cda2-6047-453c-bf54-952dfa6674c0,Klinični center,1874
889e3719-7d29-4888-b690-5a1531d2930e,3429cda2-6047-453c-bf54-952dfa6674c0,25ad5579-f6a0-4f35-a0c9-0678b41e9dde,Križanke,533
889e3719-7d29-4888-b690-5a1531d2930e,3429cda2-6047-453c-bf54-952dfa6674c0,e66e813a-722d-40f8-9ee9-1470d07bc200,Tobačna,1059
889e3719-7d29-4888-b690-5a1531d2930e,3429cda2-6047-453c-bf54-952dfa6674c0,ecc4ae87-ae08-4b94-995c-452fdd94df7f,Privoz,1181
889e3719-7d29-4888-b690-5a1531d2930e,3429cda2-6047-453c-bf54-952dfa6674c0,55f1ae46-11e5-4270-991f-f09dae6c58bf,Kodeljevo,1418
889e3719-7d29-4888-b690-5a1531d2930e,3429cda2-6047-453c-bf54-952dfa6674c0,3429cda2-6047-453c-bf54-952dfa6674c0,Klinični center,309
889e3719-7d29-4888-b690-5a1531d2930e,3429cda2-6047-453c-bf54-952dfa6674c0,ecc4ae87-ae08-4b94-995c-452fdd94df7f,Privoz,268
889e3719-7d29-4888-b690-5a1531d2930e,3429cda2-6047-453c-bf54-952dfa6674c0,c22879e5-8e90-4540-9a74-5f139208e492,Friškovec,56
889e3719-7d29-4888-b690-5a1531d2930e,3429cda2-6047-453c-bf54-952dfa6674c0,4062cd22-b67a-4235-9980-0178b7add592,Drama,332
889e3719-7d29-4888-b690-5a1531d2930e,3429cda2-6047-453c-bf54-952dfa6674c0,da656f17-9723-4cbe-a008-823cbad17c28,Dolgi most,52
889e3719-7d29-4888-b690-5a1531d2930e,3429cda2-6047-453c-bf54-952dfa6674c0,5d7f28a6-2a2a-4333-aa06-48edfb652f86,Pošta,975
889e3719-7d29-4888-b690-5a1531d2930e,3429cda2-6047-453c-bf54-952dfa6674c0,4062cd22-b67a-4235-9980-0178b7add592,Drama,2868
889e3719-7d29-4888-b690-5a1531d2930e,3429cda2-6047-453c-bf54-952dfa6674c0,087e50b6-7677-4a85-802f-5694266fe38b,Aškerčeva,3436
889e3719-7d29-4888-b690-5a1531d2930e,3429cda2-6047-453c-bf54-952dfa6674c0,a719a87c-4e93-4387-a6d1-2631a487f7e0,Ajdovščina,76
889e3719-7d29-4888-b690-5a1531d2930e,3429cda2-6047-453c-bf54-952dfa6674c0,fef200e9-4d98-425b-ab14-8110e2aa85d7,Drama,1481
889e3719-7d29-4888-b690-5a1531d2930e,3429cda2-6047-453c-bf54-952dfa6674c0,fef200e9-4d98-425b-ab14-8110e2aa85d7,Drama,6
889e3719-7d29-4888-b690-5a1531d2930e,3429cda2-6047-453c-bf54-952dfa6674c0,2d6504e9-c938-417e-9b55-32d6514bc744,Kristalna palača,359
889e3719-7d29-4888-b690-5a1531d2930e,3429cda2-6047-453c-bf54-952dfa6674c0,5d7f28a6-2a2a-4333-aa06-48edfb652f86,Pošta,1505
889e3719-7d29-4888-b690-5a1531d2930e,3429cda2-6047-453c-bf54-952dfa6674c0,ecc4ae87-ae08-4b94-995c-452fdd94df7f,Privoz,169
889e3719-7d29-4888-b690-5a1531d2930e,3429cda2-6047-453c-bf54-952dfa6674c0,eb8e8d9a-a3d5-4ec1-9356-26e0e41912d1,Pot v mejah,1438
889e3719-7d29-4888-b690-5a1531d2930e,3429cda2-6047-453c-bf54-952dfa6674c0,3429cda2-6047-453c-bf54-952dfa6674c0,Klinični center,279
889e3719-7d29-4888-b690-5a1531d2930e,3429cda2-6047-453c-bf54-952dfa6674c0,b905ae6a-f1e1-4057-8923-481902ed5a8e,Konzorcij,414
889e3719-7d29-4888-b690-5a1531d2930e,3429cda2-6047-453c-bf54-952dfa6674c0,fef200e9-4d98-425b-ab14-8110e2aa85d7,Drama,363
889e3719-7d29-4888-b690-5a1531d2930e,3429cda2-6047-453c-bf54-952dfa6674c0,9b85d4b0-c594-4e0e-9ce2-d0986256c270,Tavčarjeva,287
889e3719-7d29-4888-b690-5a1531d2930e,3429cda2-6047-453c-bf54-952dfa6674c0,6a74977a-a26d-42b4-a60b-8dabc726e57d,Gornji Rudnik,570
889e3719-7d29-4888-b690-5a1531d2930e,3429cda2-6047-453c-bf54-952dfa6674c0,a719a87c-4e93-4387-a6d1-2631a487f7e0,Ajdovščina,631
889e3719-7d29-4888-b690-5a1531d2930e,3429cda2-6047-453c-bf54-952dfa6674c0,6a74977a-a26d-42b4-a60b-8dabc726e57d,Gornji Rudnik,1054
889e3719-7d29-4888-b690-5a1531d2930e,3429cda2-6047-453c-bf54-952dfa6674c0,484b5c91-1220-43ba-af79-84e712fcc46b,Slovenija avto,1452
889e3719-7d29-4888-b690-5a1531d2930e,3429cda2-6047-453c-bf54-952dfa6674c0,7fa32ea0-e884-435a-a81c-51bbd5cedf3e,Zaloška,1084
889e3719-7d29-4888-b690-5a1531d2930e,3429cda2-6047-453c-bf54-952dfa6674c0,c87db9be-1fba-4102-a743-0ee4317dd5af,Bavarski dvor,237
889e3719-7d29-4888-b690-5a1531d2930e,3429cda2-6047-453c-bf54-952dfa6674c0,67c3adc1-a92d-4528-91ee-77d8b52574c6,Poliklinika,526
889e3719-7d29-4888-b690-5a1531d2930e,3429cda2-6047-453c-bf54-952dfa6674c0,fef200e9-4d98-425b-ab14-8110e2aa85d7,Drama,57
889e3719-7d29-4888-b690-5a1531d2930e,3429cda2-6047-453c-bf54-952dfa6674c0,717dda7e-d793-4697-8f60-b64ee8b1edc4,Gosposvetska,356
889e3719-7d29-4888-b690-5a1531d2930e,3429cda2-6047-453c-bf54-952dfa6674c0,087e50b6-7677-4a85-802f-5694266fe38b,Aškerčeva,277
889e3719-7d29-4888-b690-5a1531d2930e,3429cda2-6047-453c-bf54-952dfa6674c0,a719a87c-4e93-4387-a6d1-2631a487f7e0,Ajdovščina,4300
889e3719-7d29-4888-b690-5a1531d2930e,3429cda2-6047-453c-bf54-952dfa6674c0,bf64b499-211b-4da8-ace2-f12a17608ae3,ŠTEPANJSKO NAS.,568
889e3719-7d29-4888-b690-5a1531d2930e,3429cda2-6047-453c-bf54-952dfa6674c0,4062cd22-b67a-4235-9980-0178b7add592,Drama,1638
889e3719-7d29-4888-b690-5a1531d2930e,3429cda2-6047-453c-bf54-952dfa6674c0,4062cd22-b67a-4235-9980-0178b7add592,Drama,32
889e3719-7d29-4888-b690-5a1531d2930e,3429cda2-6047-453c-bf54-952dfa6674c0,fef200e9-4d98-425b-ab14-8110e2aa85d7,Drama,53
889e3719-7d29-4888-b690-5a1531d2930e,3429cda2-6047-453c-bf54-952dfa6674c0,5d7f28a6-2a2a-4333-aa06-48edfb652f86,Pošta,2386
889e3719-7d29-4888-b690-5a1531d2930e,3429cda2-6047-453c-bf54-952dfa6674c0,8f56b058-1ae3-44f5-8600-4330f2264d78,Privoz,704
889e3719-7d29-4888-b690-5a1531d2930e,3429cda2-6047-453c-bf54-952dfa6674c0,bd1a0fbd-1593-4552-a76f-681c59333d6b,Savsko naselje,2411
889e3719-7d29-4888-b690-5a1531d2930e,3429cda2-6047-453c-bf54-952dfa6674c0,f073b9d9-a3e3-4d04-a209-0db55377b79e,Zmajski most,50
889e3719-7d29-4888-b690-5a1531d2930e,3429cda2-6047-453c-bf54-952dfa6674c0,5d7f28a6-2a2a-4333-aa06-48edfb652f86,Pošta,17
889e3719-7d29-4888-b690-5a1531d2930e,3429cda2-6047-453c-bf54-952dfa6674c0,484b5c91-1220-43ba-af79-84e712fcc46b,Slovenija avto,178
889e3719-7d29-4888-b690-5a1531d2930e,3429cda2-6047-453c-bf54-952dfa6674c0,b905ae6a-f1e1-4057-8923-481902ed5a8e,Konzorcij,15
889e3719-7d29-4888-b690-5a1531d2930e,3429cda2-6047-453c-bf54-952dfa6674c0,4062cd22-b67a-4235-9980-0178b7add592,Drama,543
889e3719-7d29-4888-b690-5a1531d2930e,3429cda2-6047-453c-bf54-952dfa6674c0,fef200e9-4d98-425b-ab14-8110e2aa85d7,Drama,373
889e3719-7d29-4888-b690-5a1531d2930e,3429cda2-6047-453c-bf54-952dfa6674c0,087e50b6-7677-4a85-802f-5694266fe38b,Aškerčeva,46
889e3719-7d29-4888-b690-5a1531d2930e,3429cda2-6047-453c-bf54-952dfa6674c0,5d7f28a6-2a2a-4333-aa06-48edfb652f86,Pošta,349
889e3719-7d29-4888-b690-5a1531d2930e,3429cda2-6047-453c-bf54-952dfa6674c0,f4cfd904-bd11-4247-95df-32c4555a930f,Klinični center,57
889e3719-7d29-4888-b690-5a1531d2930e,3429cda2-6047-453c-bf54-952dfa6674c0,0eca6015-5429-4289-a76c-4ec9ef707e67,BTC-Merkur,470
889e3719-7d29-4888-b690-5a1531d2930e,3429cda2-6047-453c-bf54-952dfa6674c0,7310c006-62b8-4f94-bb9c-d5c26cb3faad,Polje,571
889e3719-7d29-4888-b690-5a1531d2930e,3429cda2-6047-453c-bf54-952dfa6674c0,9b85d4b0-c594-4e0e-9ce2-d0986256c270,Tavčarjeva,261
889e3719-7d29-4888-b690-5a1531d2930e,3429cda2-6047-453c-bf54-952dfa6674c0,f14a6236-8af2-47bf-9270-432377662a63,Viadukt,953
889e3719-7d29-4888-b690-5a1531d2930e,3429cda2-6047-453c-bf54-952dfa6674c0,bea274aa-277a-403d-ab2f-a0342b28882e,Križanke,1686
889e3719-7d29-4888-b690-5a1531d2930e,3429cda2-6047-453c-bf54-952dfa6674c0,a378ce5e-57ce-4c52-b219-568674b5cd5e,Gornji trg,88
889e3719-7d29-4888-b690-5a1531d2930e,3429cda2-6047-453c-bf54-952dfa6674c0,ef91fd44-5651-4fd4-b6f8-619fdef9da7b,Hajdrihova,1054
889e3719-7d29-4888-b690-5a1531d2930e,3429cda2-6047-453c-bf54-952dfa6674c0,9cfac7e2-9653-4e52-a6d3-27756d27f817,Kino Šiška,1040
889e3719-7d29-4888-b690-5a1531d2930e,3429cda2-6047-453c-bf54-952dfa6674c0,ecc4ae87-ae08-4b94-995c-452fdd94df7f,Privoz,695
889e3719-7d29-4888-b690-5a1531d2930e,3429cda2-6047-453c-bf54-952dfa6674c0,a719a87c-4e93-4387-a6d1-2631a487f7e0,Ajdovščina,663
889e3719-7d29-4888-b690-5a1531d2930e,3429cda2-6047-453c-bf54-952dfa6674c0,25ad5579-f6a0-4f35-a0c9-0678b41e9dde,Križanke,246
889e3719-7d29-4888-b690-5a1531d2930e,3429cda2-6047-453c-bf54-952dfa6674c0,fef200e9-4d98-425b-ab14-8110e2aa85d7,Drama,650
889e3719-7d29-4888-b690-5a1531d2930e,3429cda2-6047-453c-bf54-952dfa6674c0,087e50b6-7677-4a85-802f-5694266fe38b,Aškerčeva,516
889e3719-7d29-4888-b690-5a1531d2930e,3429cda2-6047-453c-bf54-952dfa6674c0,5d7f28a6-2a2a-4333-aa06-48edfb652f86,Pošta,306
889e3719-7d29-4888-b690-5a1531d2930e,3429cda2-6047-453c-bf54-952dfa6674c0,a719a87c-4e93-4387-a6d1-2631a487f7e0,Ajdovščina,479
889e3719-7d29-4888-b690-5a1531d2930e,3429cda2-6047-453c-bf54-952dfa6674c0,9a1c4c65-df77-481f-87ad-56143f02a864,Vižmarje,1016
889e3719-7d29-4888-b690-5a1531d2930e,3429cda2-6047-453c-bf54-952dfa6674c0,b905ae6a-f1e1-4057-8923-481902ed5a8e,Konzorcij,360
889e3719-7d29-4888-b690-5a1531d2930e,3429cda2-6047-453c-bf54-952dfa6674c0,4062cd22-b67a-4235-9980-0178b7add592,Drama,1331
889e3719-7d29-4888-b690-5a1531d2930e,3429cda2-6047-453c-bf54-952dfa6674c0,fef200e9-4d98-425b-ab14-8110e2aa85d7,Drama,1225
889e3719-7d29-4888-b690-5a1531d2930e,3429cda2-6047-453c-bf54-952dfa6674c0,6182f8e8-c45e-4606-b4a4-d909bd44d2cc,Gornji trg,488
889e3719-7d29-4888-b690-5a1531d2930e,3429cda2-6047-453c-bf54-952dfa6674c0,b905ae6a-f1e1-4057-8923-481902ed5a8e,Konzorcij,1147
889e3719-7d29-4888-b690-5a1531d2930e,3429cda2-6047-453c-bf54-952dfa6674c0,a0b1fb90-3f6a-4231-910a-18be192ac762,Flajšmanova,603
889e3719-7d29-4888-b690-5a1531d2930e,3429cda2-6047-453c-bf54-952dfa6674c0,fef200e9-4d98-425b-ab14-8110e2aa85d7,Drama,2241
889e3719-7d29-4888-b690-5a1531d2930e,3429cda2-6047-453c-bf54-952dfa6674c0,38b3abed-0592-407b-96c3-85a026f2e192,Dalmatinova,609
889e3719-7d29-4888-b690-5a1531d2930e,3429cda2-6047-453c-bf54-952dfa6674c0,b905ae6a-f1e1-4057-8923-481902ed5a8e,Konzorcij,574
889e3719-7d29-4888-b690-5a1531d2930e,3429cda2-6047-453c-bf54-952dfa6674c0,9bb1ed3b-5a6f-43c7-afaf-ba2b60ca1a7a,Aškerčeva,31
889e3719-7d29-4888-b690-5a1531d2930e,3429cda2-6047-453c-bf54-952dfa6674c0,4062cd22-b67a-4235-9980-0178b7add592,Drama,447
889e3719-7d29-4888-b690-5a1531d2930e,3429cda2-6047-453c-bf54-952dfa6674c0,fef200e9-4d98-425b-ab14-8110e2aa85d7,Drama,79
889e3719-7d29-4888-b690-5a1531d2930e,3429cda2-6047-453c-bf54-952dfa6674c0,8f56b058-1ae3-44f5-8600-4330f2264d78,Privoz,277
889e3719-7d29-4888-b690-5a1531d2930e,3429cda2-6047-453c-bf54-952dfa6674c0,484b5c91-1220-43ba-af79-84e712fcc46b,Slovenija avto,1369
889e3719-7d29-4888-b690-5a1531d2930e,3429cda2-6047-453c-bf54-952dfa6674c0,d72032c7-d4b0-4eee-a87c-593985a42266,Tobačna,10
889e3719-7d29-4888-b690-5a1531d2930e,3429cda2-6047-453c-bf54-952dfa6674c0,c8e0086c-0cef-4375-a471-72f3ae1e34fc,Strelišče,243
889e3719-7d29-4888-b690-5a1531d2930e,3429cda2-6047-453c-bf54-952dfa6674c0,d72032c7-d4b0-4eee-a87c-593985a42266,Tobačna,1987
889e3719-7d29-4888-b690-5a1531d2930e,3429cda2-6047-453c-bf54-952dfa6674c0,8f56b058-1ae3-44f5-8600-4330f2264d78,Privoz,210
889e3719-7d29-4888-b690-5a1531d2930e,3429cda2-6047-453c-bf54-952dfa6674c0,7310c006-62b8-4f94-bb9c-d5c26cb3faad,Polje,638
889e3719-7d29-4888-b690-5a1531d2930e,3429cda2-6047-453c-bf54-952dfa6674c0,d3a06374-ab12-456b-9c00-55461af341fa,Na Žalah,361
889e3719-7d29-4888-b690-5a1531d2930e,3429cda2-6047-453c-bf54-952dfa6674c0,cab36767-e95a-4f60-978e-92490f2517b2,Hrvatski trg,814
889e3719-7d29-4888-b690-5a1531d2930e,3429cda2-6047-453c-bf54-952dfa6674c0,5d7f28a6-2a2a-4333-aa06-48edfb652f86,Pošta,670
889e3719-7d29-4888-b690-5a1531d2930e,3429cda2-6047-453c-bf54-952dfa6674c0,25ad5579-f6a0-4f35-a0c9-0678b41e9dde,Križanke,239
889e3719-7d29-4888-b690-5a1531d2930e,3429cda2-6047-453c-bf54-952dfa6674c0,306dcdea-b1ce-4357-ba5e-fa82293630df,Kolodvor,2984
889e3719-7d29-4888-b690-5a1531d2930e,3429cda2-6047-453c-bf54-952dfa6674c0,9b0074d2-2c92-4c01-830b-00be8e05b412,Cukrarna,511
889e3719-7d29-4888-b690-5a1531d2930e,3429cda2-6047-453c-bf54-952dfa6674c0,d72032c7-d4b0-4eee-a87c-593985a42266,Tobačna,31
889e3719-7d29-4888-b690-5a1531d2930e,3429cda2-6047-453c-bf54-952dfa6674c0,b905ae6a-f1e1-4057-8923-481902ed5a8e,Konzorcij,251
889e3719-7d29-4888-b690-5a1531d2930e,3429cda2-6047-453c-bf54-952dfa6674c0,6932c2e0-ff32-4170-b519-fba88e29c147,Cesta XV,2319
889e3719-7d29-4888-b690-5a1531d2930e,3429cda2-6047-453c-bf54-952dfa6674c0,fef200e9-4d98-425b-ab14-8110e2aa85d7,Drama,2013
889e3719-7d29-4888-b690-5a1531d2930e,3429cda2-6047-453c-bf54-952dfa6674c0,b905ae6a-f1e1-4057-8923-481902ed5a8e,Konzorcij,99
889e3719-7d29-4888-b690-5a1531d2930e,3429cda2-6047-453c-bf54-952dfa6674c0,7962e05c-ad8c-43e4-9db4-4b90f0c94596,Murgle,355
889e3719-7d29-4888-b690-5a1531d2930e,3429cda2-6047-453c-bf54-952dfa6674c0,a9796806-8cd3-4b76-bf8c-4340aec35c9e,Lutkovno gl.,991
889e3719-7d29-4888-b690-5a1531d2930e,3429cda2-6047-453c-bf54-952dfa6674c0,a719a87c-4e93-4387-a6d1-2631a487f7e0,Ajdovščina,533
889e3719-7d29-4888-b690-5a1531d2930e,3429cda2-6047-453c-bf54-952dfa6674c0,087e50b6-7677-4a85-802f-5694266fe38b,Aškerčeva,617
889e3719-7d29-4888-b690-5a1531d2930e,3429cda2-6047-453c-bf54-952dfa6674c0,ecc4ae87-ae08-4b94-995c-452fdd94df7f,Privoz,111
889e3719-7d29-4888-b690-5a1531d2930e,3429cda2-6047-453c-bf54-952dfa6674c0,4062cd22-b67a-4235-9980-0178b7add592,Drama,428
889e3719-7d29-4888-b690-5a1531d2930e,3429cda2-6047-453c-bf54-952dfa6674c0,ecc4ae87-ae08-4b94-995c-452fdd94df7f,Privoz,591
889e3719-7d29-4888-b690-5a1531d2930e,3429cda2-6047-453c-bf54-952dfa6674c0,7310c006-62b8-4f94-bb9c-d5c26cb3faad,Polje,384
889e3719-7d29-4888-b690-5a1531d2930e,3429cda2-6047-453c-bf54-952dfa6674c0,b905ae6a-f1e1-4057-8923-481902ed5a8e,Konzorcij,865
889e3719-7d29-4888-b690-5a1531d2930e,3429cda2-6047-453c-bf54-952dfa6674c0,9b0074d2-2c92-4c01-830b-00be8e05b412,Cukrarna,53
889e3719-7d29-4888-b690-5a1531d2930e,3429cda2-6047-453c-bf54-952dfa6674c0,1faa072c-478b-4656-8df3-84167a9a4bbb,Dravlje,266
889e3719-7d29-4888-b690-5a1531d2930e,3429cda2-6047-453c-bf54-952dfa6674c0,fef200e9-4d98-425b-ab14-8110e2aa85d7,Drama,583
889e3719-7d29-4888-b690-5a1531d2930e,3429cda2-6047-453c-bf54-952dfa6674c0,25ad5579-f6a0-4f35-a0c9-0678b41e9dde,Križanke,505
889e3719-7d29-4888-b690-5a1531d2930e,3429cda2-6047-453c-bf54-952dfa6674c0,1eadcdb9-60cd-47c9-8eec-527c3465a685,Polje,1720
889e3719-7d29-4888-b690-5a1531d2930e,3429cda2-6047-453c-bf54-952dfa6674c0,25ad5579-f6a0-4f35-a0c9-0678b41e9dde,Križanke,771
889e3719-7d29-4888-b690-5a1531d2930e,3429cda2-6047-453c-bf54-952dfa6674c0,2b223d0c-f8ec-4970-815c-bfe26c3ffc09,Na klancu,170
889e3719-7d29-4888-b690-5a1531d2930e,3429cda2-6047-453c-bf54-952dfa6674c0,9bb1ed3b-5a6f-43c7-afaf-ba2b60ca1a7a,Aškerčeva,2462
889e3719-7d29-4888-b690-5a1531d2930e,3429cda2-6047-453c-bf54-952dfa6674c0,bbe542ee-a3f6-43cf-b23a-077c28b7d19a,BTC-tržnica,606
889e3719-7d29-4888-b690-5a1531d2930e,3429cda2-6047-453c-bf54-952dfa6674c0,294c40c4-18e4-4d92-a947-911a8623de89,Veliki štradon,1415
889e3719-7d29-4888-b690-5a1531d2930e,3429cda2-6047-453c-bf54-952dfa6674c0,9cfac7e2-9653-4e52-a6d3-27756d27f817,Kino Šiška,447
889e3719-7d29-4888-b690-5a1531d2930e,3429cda2-6047-453c-bf54-952dfa6674c0,ecc4ae87-ae08-4b94-995c-452fdd94df7f,Privoz,474
889e3719-7d29-4888-b690-5a1531d2930e,3429cda2-6047-453c-bf54-952dfa6674c0,c87db9be-1fba-4102-a743-0ee4317dd5af,Bavarski dvor,162
889e3719-7d29-4888-b690-5a1531d2930e,3429cda2-6047-453c-bf54-952dfa6674c0,f14a6236-8af2-47bf-9270-432377662a63,Viadukt,228
889e3719-7d29-4888-b690-5a1531d2930e,3429cda2-6047-453c-bf54-952dfa6674c0,a719a87c-4e93-4387-a6d1-2631a487f7e0,Ajdovščina,4503
889e3719-7d29-4888-b690-5a1531d2930e,3429cda2-6047-453c-bf54-952dfa6674c0,9a1c4c65-df77-481f-87ad-56143f02a864,Vižmarje,3855
889e3719-7d29-4888-b690-5a1531d2930e,3429cda2-6047-453c-bf54-952dfa6674c0,9b85d4b0-c594-4e0e-9ce2-d0986256c270,Tavčarjeva,382
889e3719-7d29-4888-b690-5a1531d2930e,3429cda2-6047-453c-bf54-952dfa6674c0,b60d686c-3b89-447c-93f6-2837d9af3d02,Ziherlova,47
889e3719-7d29-4888-b690-5a1531d2930e,3429cda2-6047-453c-bf54-952dfa6674c0,ecc4ae87-ae08-4b94-995c-452fdd94df7f,Privoz,33
889e3719-7d29-4888-b690-5a1531d2930e,3429cda2-6047-453c-bf54-952dfa6674c0,fef200e9-4d98-425b-ab14-8110e2aa85d7,Drama,376
889e3719-7d29-4888-b690-5a1531d2930e,3429cda2-6047-453c-bf54-952dfa6674c0,dfde6478-02b5-471b-a470-29cb0e84542f,Slovenija avto,293
889e3719-7d29-4888-b690-5a1531d2930e,3429cda2-6047-453c-bf54-952dfa6674c0,4062cd22-b67a-4235-9980-0178b7add592,Drama,30
889e3719-7d29-4888-b690-5a1531d2930e,3429cda2-6047-453c-bf54-952dfa6674c0,16578e36-c682-4083-bd29-4973445dc0fe,Gosposvetska,67
889e3719-7d29-4888-b690-5a1531d2930e,3429cda2-6047-453c-bf54-952dfa6674c0,639551cf-fe23-4363-8ccd-655bc5d4119e,Zmajski most,1339
889e3719-7d29-4888-b690-5a1531d2930e,3429cda2-6047-453c-bf54-952dfa6674c0,e66e813a-722d-40f8-9ee9-1470d07bc200,Tobačna,10
889e3719-7d29-4888-b690-5a1531d2930e,3429cda2-6047-453c-bf54-952dfa6674c0,9a1c4c65-df77-481f-87ad-56143f02a864,Vižmarje,268
889e3719-7d29-4888-b690-5a1531d2930e,3429cda2-6047-453c-bf54-952dfa6674c0,5d7f28a6-2a2a-4333-aa06-48edfb652f86,Pošta,40
889e3719-7d29-4888-b690-5a1531d2930e,3429cda2-6047-453c-bf54-952dfa6674c0,4062cd22-b67a-4235-9980-0178b7add592,Drama,1036
889e3719-7d29-4888-b690-5a1531d2930e,3429cda2-6047-453c-bf54-952dfa6674c0,7484317c-269f-425f-8118-23eedab4e5f1,Tivoli,1955
889e3719-7d29-4888-b690-5a1531d2930e,3429cda2-6047-453c-bf54-952dfa6674c0,c87db9be-1fba-4102-a743-0ee4317dd5af,Bavarski dvor,412
889e3719-7d29-4888-b690-5a1531d2930e,3429cda2-6047-453c-bf54-952dfa6674c0,9bb1ed3b-5a6f-43c7-afaf-ba2b60ca1a7a,Aškerčeva,986
889e3719-7d29-4888-b690-5a1531d2930e,3429cda2-6047-453c-bf54-952dfa6674c0,38b3abed-0592-407b-96c3-85a026f2e192,Dalmatinova,768
889e3719-7d29-4888-b690-5a1531d2930e,3429cda2-6047-453c-bf54-952dfa6674c0,4bd4913f-8597-4ea0-b219-4e9b15dcbb62,Jarše,438
889e3719-7d29-4888-b690-5a1531d2930e,3429cda2-6047-453c-bf54-952dfa6674c0,eead721b-8996-4e73-a2f9-02dba20df4fa,Ilirska,927
889e3719-7d29-4888-b690-5a1531d2930e,3429cda2-6047-453c-bf54-952dfa6674c0,9bb1ed3b-5a6f-43c7-afaf-ba2b60ca1a7a,Aškerčeva,74
889e3719-7d29-4888-b690-5a1531d2930e,3429cda2-6047-453c-bf54-952dfa6674c0,087e50b6-7677-4a85-802f-5694266fe38b,Aškerčeva,619
889e3719-7d29-4888-b690-5a1531d2930e,3429cda2-6047-453c-bf54-952dfa6674c0,c87db9be-1fba-4102-a743-0ee4317dd5af,Bavarski dvor,641
889e3719-7d29-4888-b690-5a1531d2930e,3429cda2-6047-453c-bf54-952dfa6674c0,105e10e7-fbab-4f99-94c9-178c25630b42,Brodarjev trg,992
889e3719-7d29-4888-b690-5a1531d2930e,3429cda2-6047-453c-bf54-952dfa6674c0,fef200e9-4d98-425b-ab14-8110e2aa85d7,Drama,1786
889e3719-7d29-4888-b690-5a1531d2930e,3429cda2-6047-453c-bf54-952dfa6674c0,717dda7e-d793-4697-8f60-b64ee8b1edc4,Gosposvetska,809
889e3719-7d29-4888-b690-5a1531d2930e,3429cda2-6047-453c-bf54-952dfa6674c0,fef200e9-4d98-425b-ab14-8110e2aa85d7,Drama,227
889e3719-7d29-4888-b690-5a1531d2930e,3429cda2-6047-453c-bf54-952dfa6674c0,fef200e9-4d98-425b-ab14-8110e2aa85d7,Drama,590
889e3719-7d29-4888-b690-5a1531d2930e,3429cda2-6047-453c-bf54-952dfa6674c0,e66e813a-722d-40f8-9ee9-1470d07bc200,Tobačna,901
889e3719-7d29-4888-b690-5a1531d2930e,3429cda2-6047-453c-bf54-952dfa6674c0,1c0ae078-cca7-40c8-aeda-1187a12ddfee,Remiza,780
889e3719-7d29-4888-b690-5a1531d2930e,3429cda2-6047-453c-bf54-952dfa6674c0,c87db9be-1fba-4102-a743-0ee4317dd5af,Bavarski dvor,70
889e3719-7d29-4888-b690-5a1531d2930e,3429cda2-6047-453c-bf54-952dfa6674c0,fef200e9-4d98-425b-ab14-8110e2aa85d7,Drama,1309
889e3719-7d29-4888-b690-5a1531d2930e,3429cda2-6047-453c-bf54-952dfa6674c0,454817d3-3750-49c7-994c-14d06fd2c634,Žale,527
889e3719-7d29-4888-b690-5a1531d2930e,3429cda2-6047-453c-bf54-952dfa6674c0,5d7f28a6-2a2a-4333-aa06-48edfb652f86,Pošta,31
889e3719-7d29-4888-b690-5a1531d2930e,3429cda2-6047-453c-bf54-952dfa6674c0,0b4a072e-6c2d-4c71-ab80-2b7142df81de,Tivoli,529
889e3719-7d29-4888-b690-5a1531d2930e,3429cda2-6047-453c-bf54-952dfa6674c0,25ad5579-f6a0-4f35-a0c9-0678b41e9dde,Križanke,16
889e3719-7d29-4888-b690-5a1531d2930e,3429cda2-6047-453c-bf54-952dfa6674c0,fef200e9-4d98-425b-ab14-8110e2aa85d7,Drama,2320
889e3719-7d29-4888-b690-5a1531d2930e,3429cda2-6047-453c-bf54-952dfa6674c0,a719a87c-4e93-4387-a6d1-2631a487f7e0,Ajdovščina,303
889e3719-7d29-4888-b690-5a1531d2930e,3429cda2-6047-453c-bf54-952dfa6674c0,fef200e9-4d98-425b-ab14-8110e2aa85d7,Drama,6
889e3719-7d29-4888-b690-5a1531d2930e,3429cda2-6047-453c-bf54-952dfa6674c0,8598b85d-3e1d-4767-b72f-0c209038841f,Štepanja vas,120
889e3719-7d29-4888-b690-5a1531d2930e,3429cda2-6047-453c-bf54-952dfa6674c0,557f714a-6f4a-4c98-8c5a-d74fa34b2adb,Hrvatski trg,353
889e3719-7d29-4888-b690-5a1531d2930e,3429cda2-6047-453c-bf54-952dfa6674c0,12618339-2c2d-49ec-b0e0-2517c11991f8,Mirje,584
889e3719-7d29-4888-b690-5a1531d2930e,3429cda2-6047-453c-bf54-952dfa6674c0,f2bac6f5-5bbc-4f15-acdd-014d86770ce9,Kneza Koclja,151
889e3719-7d29-4888-b690-5a1531d2930e,3429cda2-6047-453c-bf54-952dfa6674c0,4062cd22-b67a-4235-9980-0178b7add592,Drama,224
889e3719-7d29-4888-b690-5a1531d2930e,3429cda2-6047-453c-bf54-952dfa6674c0,5d7f28a6-2a2a-4333-aa06-48edfb652f86,Pošta,102
889e3719-7d29-4888-b690-5a1531d2930e,3429cda2-6047-453c-bf54-952dfa6674c0,fef200e9-4d98-425b-ab14-8110e2aa85d7,Drama,991
889e3719-7d29-4888-b690-5a1531d2930e,3429cda2-6047-453c-bf54-952dfa6674c0,476b2caa-710a-47fe-9743-4d75d7ada5fb,Čebelarska,96
889e3719-7d29-4888-b690-5a1531d2930e,3429cda2-6047-453c-bf54-952dfa6674c0,6182f8e8-c45e-4606-b4a4-d909bd44d2cc,Gornji trg,829
889e3719-7d29-4888-b690-5a1531d2930e,3429cda2-6047-453c-bf54-952dfa6674c0,38b3abed-0592-407b-96c3-85a026f2e192,Dalmatinova,108
889e3719-7d29-4888-b690-5a1531d2930e,3429cda2-6047-453c-bf54-952dfa6674c0,b905ae6a-f1e1-4057-8923-481902ed5a8e,Konzorcij,790
889e3719-7d29-4888-b690-5a1531d2930e,3429cda2-6047-453c-bf54-952dfa6674c0,6182f8e8-c45e-4606-b4a4-d909bd44d2cc,Gornji trg,806
889e3719-7d29-4888-b690-5a1531d2930e,3429cda2-6047-453c-bf54-952dfa6674c0,2628b04b-eaf2-4c5a-b7ac-837237162783,Na Žalah,427
889e3719-7d29-4888-b690-5a1531d2930e,3429cda2-6047-453c-bf54-952dfa6674c0,ef91fd44-5651-4fd4-b6f8-619fdef9da7b,Hajdrihova,13
889e3719-7d29-4888-b690-5a1531d2930e,3429cda2-6047-453c-bf54-952dfa6674c0,4062cd22-b67a-4235-9980-0178b7add592,Drama,1357
889e3719-7d29-4888-b690-5a1531d2930e,3429cda2-6047-453c-bf54-952dfa6674c0,4062cd22-b67a-4235-9980-0178b7add592,Drama,180
889e3719-7d29-4888-b690-5a1531d2930e,3429cda2-6047-453c-bf54-952dfa6674c0,f33b721f-a8a3-4aad-96f2-077da09ebaa6,Razstavišče,671
889e3719-7d29-4888-b690-5a1531d2930e,3429cda2-6047-453c-bf54-952dfa6674c0,fef200e9-4d98-425b-ab14-8110e2aa85d7,Drama,161
889e3719-7d29-4888-b690-5a1531d2930e,3429cda2-6047-453c-bf54-952dfa6674c0,fef200e9-4d98-425b-ab14-8110e2aa85d7,Drama,2937
889e3719-7d29-4888-b690-5a1531d2930e,3429cda2-6047-453c-bf54-952dfa6674c0,d5102041-8282-4c77-a593-edac0d0d4a34,Cukrarna,1423
889e3719-7d29-4888-b690-5a1531d2930e,3429cda2-6047-453c-bf54-952dfa6674c0,fef200e9-4d98-425b-ab14-8110e2aa85d7,Drama,30
889e3719-7d29-4888-b690-5a1531d2930e,3429cda2-6047-453c-bf54-952dfa6674c0,c87db9be-1fba-4102-a743-0ee4317dd5af,Bavarski dvor,129
889e3719-7d29-4888-b690-5a1531d2930e,3429cda2-6047-453c-bf54-952dfa6674c0,d72032c7-d4b0-4eee-a87c-593985a42266,Tobačna,470
889e3719-7d29-4888-b690-5a1531d2930e,3429cda2-6047-453c-bf54-952dfa6674c0,9b85d4b0-c594-4e0e-9ce2-d0986256c270,Tavčarjeva,644
889e3719-7d29-4888-b690-5a1531d2930e,3429cda2-6047-453c-bf54-952dfa6674c0,a0b1fb90-3f6a-4231-910a-18be192ac762,Flajšmanova,256
889e3719-7d29-4888-b690-5a1531d2930e,3429cda2-6047-453c-bf54-952dfa6674c0,ecc4ae87-ae08-4b94-995c-452fdd94df7f,Privoz,1350
889e3719-7d29-4888-b690-5a1531d2930e,3429cda2-6047-453c-bf54-952dfa6674c0,d72032c7-d4b0-4eee-a87c-593985a42266,Tobačna,880
889e3719-7d29-4888-b690-5a1531d2930e,3429cda2-6047-453c-bf54-952dfa6674c0,fef200e9-4d98-425b-ab14-8110e2aa85d7,Drama,1287
889e3719-7d29-4888-b690-5a1531d2930e,3429cda2-6047-453c-bf54-952dfa6674c0,fef200e9-4d98-425b-ab14-8110e2aa85d7,Drama,3620
889e3719-7d29-4888-b690-5a1531d2930e,3429cda2-6047-453c-bf54-952dfa6674c0,bea274aa-277a-403d-ab2f-a0342b28882e,Križanke,78
889e3719-7d29-4888-b690-5a1531d2930e,3429cda2-6047-453c-bf54-952dfa6674c0,6182f8e8-c45e-4606-b4a4-d909bd44d2cc,Gornji trg,451
889e3719-7d29-4888-b690-5a1531d2930e,3429cda2-6047-453c-bf54-952dfa6674c0,aa42017d-812a-4175-bc9b-0fec03b18931,Ambrožev trg,179
889e3719-7d29-4888-b690-5a1531d2930e,3429cda2-6047-453c-bf54-952dfa6674c0,25ad5579-f6a0-4f35-a0c9-0678b41e9dde,Križanke,69
889e3719-7d29-4888-b690-5a1531d2930e,3429cda2-6047-453c-bf54-952dfa6674c0,8c7fa045-888b-46d0-8189-6f82623bf481,Poljanska,614
889e3719-7d29-4888-b690-5a1531d2930e,3429cda2-6047-453c-bf54-952dfa6674c0,087e50b6-7677-4a85-802f-5694266fe38b,Aškerčeva,1756
889e3719-7d29-4888-b690-5a1531d2930e,3429cda2-6047-453c-bf54-952dfa6674c0,6182f8e8-c45e-4606-b4a4-d909bd44d2cc,Gornji trg,301
889e3719-7d29-4888-b690-5a1531d2930e,3429cda2-6047-453c-bf54-952dfa6674c0,bbe542ee-a3f6-43cf-b23a-077c28b7d19a,BTC-tržnica,616
889e3719-7d29-4888-b690-5a1531d2930e,3429cda2-6047-453c-bf54-952dfa6674c0,eead721b-8996-4e73-a2f9-02dba20df4fa,Ilirska,145
889e3719-7d29-4888-b690-5a1531d2930e,3429cda2-6047-453c-bf54-952dfa6674c0,105e10e7-fbab-4f99-94c9-178c25630b42,Brodarjev trg,251
889e3719-7d29-4888-b690-5a1531d2930e,3429cda2-6047-453c-bf54-952dfa6674c0,fef200e9-4d98-425b-ab14-8110e2aa85d7,Drama,1074
889e3719-7d29-4888-b690-5a1531d2930e,3429cda2-6047-453c-bf54-952dfa6674c0,1faa072c-478b-4656-8df3-84167a9a4bbb,Dravlje,798
889e3719-7d29-4888-b690-5a1531d2930e,3429cda2-6047-453c-bf54-952dfa6674c0,fef200e9-4d98-425b-ab14-8110e2aa85d7,Drama,917
889e3719-7d29-4888-b690-5a1531d2930e,3429cda2-6047-453c-bf54-952dfa6674c0,59faa0f0-34b1-47cd-ba3a-3b6f0d684c00,Žito,1105
889e3719-7d29-4888-b690-5a1531d2930e,3429cda2-6047-453c-bf54-952dfa6674c0,25ad5579-f6a0-4f35-a0c9-0678b41e9dde,Križanke,13
889e3719-7d29-4888-b690-5a1531d2930e,3429cda2-6047-453c-bf54-952dfa6674c0,0b4a072e-6c2d-4c71-ab80-2b7142df81de,Tivoli,1432
889e3719-7d29-4888-b690-5a1531d2930e,3429cda2-6047-453c-bf54-952dfa6674c0,fef200e9-4d98-425b-ab14-8110e2aa85d7,Drama,97
889e3719-7d29-4888-b690-5a1531d2930e,3429cda2-6047-453c-bf54-952dfa6674c0,4062cd22-b67a-4235-9980-0178b7add592,Drama,169
889e3719-7d29-4888-b690-5a1531d2930e,3429cda2-6047-453c-bf54-952dfa6674c0,17f7d178-41b3-41f9-a545-cbfc22a0a5f1,Nusdorferjeva,689
889e3719-7d29-4888-b690-5a1531d2930e,3429cda2-6047-453c-bf54-952dfa6674c0,6a0b25cc-428e-47b5-831a-e89facfa7f26,Ziherlova,502
889e3719-7d29-4888-b690-5a1531d2930e,3429cda2-6047-453c-bf54-952dfa6674c0,557f714a-6f4a-4c98-8c5a-d74fa34b2adb,Hrvatski trg,376
889e3719-7d29-4888-b690-5a1531d2930e,3429cda2-6047-453c-bf54-952dfa6674c0,807c11ba-4b3a-4e2b-82b5-abf5864fa4bc,Pot na Fužine,419
889e3719-7d29-4888-b690-5a1531d2930e,3429cda2-6047-453c-bf54-952dfa6674c0,f2920a77-6c6c-494d-96b7-2a8caf8f374f,Mirje,1074
889e3719-7d29-4888-b690-5a1531d2930e,3429cda2-6047-453c-bf54-952dfa6674c0,7fa32ea0-e884-435a-a81c-51bbd5cedf3e,Zaloška,796
889e3719-7d29-4888-b690-5a1531d2930e,3429cda2-6047-453c-bf54-952dfa6674c0,17f7d178-41b3-41f9-a545-cbfc22a0a5f1,Nusdorferjeva,3231
889e3719-7d29-4888-b690-5a1531d2930e,3429cda2-6047-453c-bf54-952dfa6674c0,d5102041-8282-4c77-a593-edac0d0d4a34,Cukrarna,616
889e3719-7d29-4888-b690-5a1531d2930e,3429cda2-6047-453c-bf54-952dfa6674c0,b905ae6a-f1e1-4057-8923-481902ed5a8e,Konzorcij,69
889e3719-7d29-4888-b690-5a1531d2930e,3429cda2-6047-453c-bf54-952dfa6674c0,f2fc2702-e9da-4c36-b6fc-9f52199e4574,Rakovnik,234
889e3719-7d29-4888-b690-5a1531d2930e,3429cda2-6047-453c-bf54-952dfa6674c0,484b5c91-1220-43ba-af79-84e712fcc46b,Slovenija avto,770
889e3719-7d29-4888-b690-5a1531d2930e,3429cda2-6047-453c-bf54-952dfa6674c0,25ad5579-f6a0-4f35-a0c9-0678b41e9dde,Križanke,436
889e3719-7d29-4888-b690-5a1531d2930e,3429cda2-6047-453c-bf54-952dfa6674c0,fef200e9-4d98-425b-ab14-8110e2aa85d7,Drama,1006
889e3719-7d29-4888-b690-5a1531d2930e,3429cda2-6047-453c-bf54-952dfa6674c0,3429cda2-6047-453c-bf54-952dfa6674c0,Klinični center,562
889e3719-7d29-4888-b690-5a1531d2930e,3429cda2-6047-453c-bf54-952dfa6674c0,b589ddd3-5a31-4fe1-915f-44347b4c0a1a,Bratov Učakar,859
889e3719-7d29-4888-b690-5a1531d2930e,3429cda2-6047-453c-bf54-952dfa6674c0,7bcbdcaa-00b9-47d4-8982-09da26cd7bcb,Zaloška,513
889e3719-7d29-4888-b690-5a1531d2930e,3429cda2-6047-453c-bf54-952dfa6674c0,aa42017d-812a-4175-bc9b-0fec03b18931,Ambrožev trg,24
889e3719-7d29-4888-b690-5a1531d2930e,3429cda2-6047-453c-bf54-952dfa6674c0,ac3afe7d-a2b3-4d5d-9e6a-1d2412a3bc70,Litostrojska,591
889e3719-7d29-4888-b690-5a1531d2930e,3429cda2-6047-453c-bf54-952dfa6674c0,cce39cbe-6961-433a-a787-64fbf602f470,Livada,964
889e3719-7d29-4888-b690-5a1531d2930e,3429cda2-6047-453c-bf54-952dfa6674c0,7fa32ea0-e884-435a-a81c-51bbd5cedf3e,Zaloška,262
889e3719-7d29-4888-b690-5a1531d2930e,3429cda2-6047-453c-bf54-952dfa6674c0,8c7fa045-888b-46d0-8189-6f82623bf481,Poljanska,223
889e3719-7d29-4888-b690-5a1531d2930e,3429cda2-6047-453c-bf54-952dfa6674c0,4062cd22-b67a-4235-9980-0178b7add592,Drama,142
889e3719-7d29-4888-b690-5a1531d2930e,3429cda2-6047-453c-bf54-952dfa6674c0,aa42017d-812a-4175-bc9b-0fec03b18931,Ambrožev trg,672
889e3719-7d29-4888-b690-5a1531d2930e,3429cda2-6047-453c-bf54-952dfa6674c0,4062cd22-b67a-4235-9980-0178b7add592,Drama,613
889e3719-7d29-4888-b690-5a1531d2930e,3429cda2-6047-453c-bf54-952dfa6674c0,dc7b6fb3-15db-4c7e-9fa1-424943178ce6,LETALIŠKA P+R,2804
889e3719-7d29-4888-b690-5a1531d2930e,3429cda2-6047-453c-bf54-952dfa6674c0,5fa77d25-e7a3-42db-8cc9-52b612d5de19,Preglov trg,974
889e3719-7d29-4888-b690-5a1531d2930e,3429cda2-6047-453c-bf54-952dfa6674c0,38b3abed-0592-407b-96c3-85a026f2e192,Dalmatinova,271
889e3719-7d29-4888-b690-5a1531d2930e,3429cda2-6047-453c-bf54-952dfa6674c0,N/A,N/A,4525
889e3719-7d29-4888-b690-5a1531d2930e,3429cda2-6047-453c-bf54-952dfa6674c0,12618339-2c2d-49ec-b0e0-2517c11991f8,Mirje,133
889e3719-7d29-4888-b690-5a1531d2930e,3429cda2-6047-453c-bf54-952dfa6674c0,c0a064eb-b507-43c2-a6d2-0e9c5881f031,Središka,543
889e3719-7d29-4888-b690-5a1531d2930e,3429cda2-6047-453c-bf54-952dfa6674c0,f4cfd904-bd11-4247-95df-32c4555a930f,Klinični center,52
889e3719-7d29-4888-b690-5a1531d2930e,3429cda2-6047-453c-bf54-952dfa6674c0,16578e36-c682-4083-bd29-4973445dc0fe,Gosposvetska,78
889e3719-7d29-4888-b690-5a1531d2930e,3429cda2-6047-453c-bf54-952dfa6674c0,b589ddd3-5a31-4fe1-915f-44347b4c0a1a,Bratov Učakar,1864
889e3719-7d29-4888-b690-5a1531d2930e,3429cda2-6047-453c-bf54-952dfa6674c0,e9d9f622-7394-4c5c-9031-a41855a64aa7,Polje,732
889e3719-7d29-4888-b690-5a1531d2930e,3429cda2-6047-453c-bf54-952dfa6674c0,fef200e9-4d98-425b-ab14-8110e2aa85d7,Drama,264
889e3719-7d29-4888-b690-5a1531d2930e,3429cda2-6047-453c-bf54-952dfa6674c0,8598b85d-3e1d-4767-b72f-0c209038841f,Štepanja vas,676
889e3719-7d29-4888-b690-5a1531d2930e,3429cda2-6047-453c-bf54-952dfa6674c0,bea274aa-277a-403d-ab2f-a0342b28882e,Križanke,415
889e3719-7d29-4888-b690-5a1531d2930e,3429cda2-6047-453c-bf54-952dfa6674c0,fef200e9-4d98-425b-ab14-8110e2aa85d7,Drama,1655
889e3719-7d29-4888-b690-5a1531d2930e,3429cda2-6047-453c-bf54-952dfa6674c0,f2b27cbd-5207-4281-8f67-6369d0c50a9b,Kodrova,763
889e3719-7d29-4888-b690-5a1531d2930e,3429cda2-6047-453c-bf54-952dfa6674c0,6182f8e8-c45e-4606-b4a4-d909bd44d2cc,Gornji trg,189
889e3719-7d29-4888-b690-5a1531d2930e,3429cda2-6047-453c-bf54-952dfa6674c0,aa42017d-812a-4175-bc9b-0fec03b18931,Ambrožev trg,689
889e3719-7d29-4888-b690-5a1531d2930e,3429cda2-6047-453c-bf54-952dfa6674c0,f073b9d9-a3e3-4d04-a209-0db55377b79e,Zmajski most,91
889e3719-7d29-4888-b690-5a1531d2930e,3429cda2-6047-453c-bf54-952dfa6674c0,0bb103e4-c4a6-4c4c-a13d-217ab4e6dfd3,Cesta na Vevče,140
889e3719-7d29-4888-b690-5a1531d2930e,3429cda2-6047-453c-bf54-952dfa6674c0,e66e813a-722d-40f8-9ee9-1470d07bc200,Tobačna,31
889e3719-7d29-4888-b690-5a1531d2930e,3429cda2-6047-453c-bf54-952dfa6674c0,7a52a73a-cc0e-4c61-b9bc-306157727e1c,Tržnica Moste,1035
889e3719-7d29-4888-b690-5a1531d2930e,3429cda2-6047-453c-bf54-952dfa6674c0,5d7f28a6-2a2a-4333-aa06-48edfb652f86,Pošta,43
889e3719-7d29-4888-b690-5a1531d2930e,3429cda2-6047-453c-bf54-952dfa6674c0,093afa81-b65f-4182-bac3-afbc00558a9b,Koseze,2293
889e3719-7d29-4888-b690-5a1531d2930e,3429cda2-6047-453c-bf54-952dfa6674c0,ecc4ae87-ae08-4b94-995c-452fdd94df7f,Privoz,422
889e3719-7d29-4888-b690-5a1531d2930e,3429cda2-6047-453c-bf54-952dfa6674c0,a719a87c-4e93-4387-a6d1-2631a487f7e0,Ajdovščina,36
889e3719-7d29-4888-b690-5a1531d2930e,3429cda2-6047-453c-bf54-952dfa6674c0,f33b721f-a8a3-4aad-96f2-077da09ebaa6,Razstavišče,612
889e3719-7d29-4888-b690-5a1531d2930e,3429cda2-6047-453c-bf54-952dfa6674c0,9c17244c-0812-404b-b929-5cdc0591e421,Podmornica,242
889e3719-7d29-4888-b690-5a1531d2930e,3429cda2-6047-453c-bf54-952dfa6674c0,b905ae6a-f1e1-4057-8923-481902ed5a8e,Konzorcij,1691
889e3719-7d29-4888-b690-5a1531d2930e,3429cda2-6047-453c-bf54-952dfa6674c0,fef200e9-4d98-425b-ab14-8110e2aa85d7,Drama,30
889e3719-7d29-4888-b690-5a1531d2930e,3429cda2-6047-453c-bf54-952dfa6674c0,5fa77d25-e7a3-42db-8cc9-52b612d5de19,Preglov trg,578
889e3719-7d29-4888-b690-5a1531d2930e,3429cda2-6047-453c-bf54-952dfa6674c0,a719a87c-4e93-4387-a6d1-2631a487f7e0,Ajdovščina,1114
889e3719-7d29-4888-b690-5a1531d2930e,3429cda2-6047-453c-bf54-952dfa6674c0,b905ae6a-f1e1-4057-8923-481902ed5a8e,Konzorcij,655
889e3719-7d29-4888-b690-5a1531d2930e,3429cda2-6047-453c-bf54-952dfa6674c0,5dcffe2a-1c73-4f7c-bdac-4084bb5201aa,Peruzzijeva,85
889e3719-7d29-4888-b690-5a1531d2930e,3429cda2-6047-453c-bf54-952dfa6674c0,25ad5579-f6a0-4f35-a0c9-0678b41e9dde,Križanke,21
889e3719-7d29-4888-b690-5a1531d2930e,3429cda2-6047-453c-bf54-952dfa6674c0,ecc4ae87-ae08-4b94-995c-452fdd94df7f,Privoz,214
889e3719-7d29-4888-b690-5a1531d2930e,3429cda2-6047-453c-bf54-952dfa6674c0,bea274aa-277a-403d-ab2f-a0342b28882e,Križanke,694
889e3719-7d29-4888-b690-5a1531d2930e,3429cda2-6047-453c-bf54-952dfa6674c0,aa42017d-812a-4175-bc9b-0fec03b18931,Ambrožev trg,584
889e3719-7d29-4888-b690-5a1531d2930e,3429cda2-6047-453c-bf54-952dfa6674c0,48e907fd-e868-47cd-8cac-74c7d4582944,Poljanska,110
889e3719-7d29-4888-b690-5a1531d2930e,3429cda2-6047-453c-bf54-952dfa6674c0,ef31a8be-b01d-44cd-95cf-3db8e918af26,Emona,959
889e3719-7d29-4888-b690-5a1531d2930e,3429cda2-6047-453c-bf54-952dfa6674c0,fef200e9-4d98-425b-ab14-8110e2aa85d7,Drama,286
889e3719-7d29-4888-b690-5a1531d2930e,3429cda2-6047-453c-bf54-952dfa6674c0,9b85d4b0-c594-4e0e-9ce2-d0986256c270,Tavčarjeva,470
889e3719-7d29-4888-b690-5a1531d2930e,3429cda2-6047-453c-bf54-952dfa6674c0,ecc4ae87-ae08-4b94-995c-452fdd94df7f,Privoz,812
889e3719-7d29-4888-b690-5a1531d2930e,3429cda2-6047-453c-bf54-952dfa6674c0,484b5c91-1220-43ba-af79-84e712fcc46b,Slovenija avto,162
889e3719-7d29-4888-b690-5a1531d2930e,3429cda2-6047-453c-bf54-952dfa6674c0,557f714a-6f4a-4c98-8c5a-d74fa34b2adb,Hrvatski trg,264
889e3719-7d29-4888-b690-5a1531d2930e,3429cda2-6047-453c-bf54-952dfa6674c0,25ad5579-f6a0-4f35-a0c9-0678b41e9dde,Križanke,28
889e3719-7d29-4888-b690-5a1531d2930e,3429cda2-6047-453c-bf54-952dfa6674c0,38b3abed-0592-407b-96c3-85a026f2e192,Dalmatinova,367
889e3719-7d29-4888-b690-5a1531d2930e,3429cda2-6047-453c-bf54-952dfa6674c0,4062cd22-b67a-4235-9980-0178b7add592,Drama,1128
889e3719-7d29-4888-b690-5a1531d2930e,3429cda2-6047-453c-bf54-952dfa6674c0,8c7fa045-888b-46d0-8189-6f82623bf481,Poljanska,33
889e3719-7d29-4888-b690-5a1531d2930e,3429cda2-6047-453c-bf54-952dfa6674c0,a378ce5e-57ce-4c52-b219-568674b5cd5e,Gornji trg,321
889e3719-7d29-4888-b690-5a1531d2930e,3429cda2-6047-453c-bf54-952dfa6674c0,16578e36-c682-4083-bd29-4973445dc0fe,Gosposvetska,1044
889e3719-7d29-4888-b690-5a1531d2930e,3429cda2-6047-453c-bf54-952dfa6674c0,b905ae6a-f1e1-4057-8923-481902ed5a8e,Konzorcij,211
889e3719-7d29-4888-b690-5a1531d2930e,3429cda2-6047-453c-bf54-952dfa6674c0,b59656a4-b6e7-4b87-977c-078c59088a50,Hajdrihova,48
889e3719-7d29-4888-b690-5a1531d2930e,3429cda2-6047-453c-bf54-952dfa6674c0,c87db9be-1fba-4102-a743-0ee4317dd5af,Bavarski dvor,118
889e3719-7d29-4888-b690-5a1531d2930e,3429cda2-6047-453c-bf54-952dfa6674c0,67c3adc1-a92d-4528-91ee-77d8b52574c6,Poliklinika,1301
889e3719-7d29-4888-b690-5a1531d2930e,3429cda2-6047-453c-bf54-952dfa6674c0,087e50b6-7677-4a85-802f-5694266fe38b,Aškerčeva,979
889e3719-7d29-4888-b690-5a1531d2930e,3429cda2-6047-453c-bf54-952dfa6674c0,557f714a-6f4a-4c98-8c5a-d74fa34b2adb,Hrvatski trg,30
889e3719-7d29-4888-b690-5a1531d2930e,3429cda2-6047-453c-bf54-952dfa6674c0,fef200e9-4d98-425b-ab14-8110e2aa85d7,Drama,985
889e3719-7d29-4888-b690-5a1531d2930e,3429cda2-6047-453c-bf54-952dfa6674c0,4062cd22-b67a-4235-9980-0178b7add592,Drama,9
889e3719-7d29-4888-b690-5a1531d2930e,3429cda2-6047-453c-bf54-952dfa6674c0,5d7f28a6-2a2a-4333-aa06-48edfb652f86,Pošta,283
889e3719-7d29-4888-b690-5a1531d2930e,3429cda2-6047-453c-bf54-952dfa6674c0,2ec182e2-769f-427f-b9b5-c4118890cb96,Stožice,905
889e3719-7d29-4888-b690-5a1531d2930e,3429cda2-6047-453c-bf54-952dfa6674c0,484b5c91-1220-43ba-af79-84e712fcc46b,Slovenija avto,463
889e3719-7d29-4888-b690-5a1531d2930e,3429cda2-6047-453c-bf54-952dfa6674c0,fef200e9-4d98-425b-ab14-8110e2aa85d7,Drama,219
889e3719-7d29-4888-b690-5a1531d2930e,3429cda2-6047-453c-bf54-952dfa6674c0,aa42017d-812a-4175-bc9b-0fec03b18931,Ambrožev trg,536
889e3719-7d29-4888-b690-5a1531d2930e,3429cda2-6047-453c-bf54-952dfa6674c0,f33b721f-a8a3-4aad-96f2-077da09ebaa6,Razstavišče,40
889e3719-7d29-4888-b690-5a1531d2930e,3429cda2-6047-453c-bf54-952dfa6674c0,b905ae6a-f1e1-4057-8923-481902ed5a8e,Konzorcij,35
889e3719-7d29-4888-b690-5a1531d2930e,3429cda2-6047-453c-bf54-952dfa6674c0,4062cd22-b67a-4235-9980-0178b7add592,Drama,78
889e3719-7d29-4888-b690-5a1531d2930e,3429cda2-6047-453c-bf54-952dfa6674c0,a719a87c-4e93-4387-a6d1-2631a487f7e0,Ajdovščina,802
889e3719-7d29-4888-b690-5a1531d2930e,3429cda2-6047-453c-bf54-952dfa6674c0,48507e1a-32df-4552-9448-3b345760b75f,Cesta na Vevče,1336
889e3719-7d29-4888-b690-5a1531d2930e,3429cda2-6047-453c-bf54-952dfa6674c0,1eadcdb9-60cd-47c9-8eec-527c3465a685,Polje,586
889e3719-7d29-4888-b690-5a1531d2930e,3429cda2-6047-453c-bf54-952dfa6674c0,88cdd36c-03d2-4374-a22f-110dd9f75ea0,Kajuhova,542
889e3719-7d29-4888-b690-5a1531d2930e,3429cda2-6047-453c-bf54-952dfa6674c0,087e50b6-7677-4a85-802f-5694266fe38b,Aškerčeva,217
889e3719-7d29-4888-b690-5a1531d2930e,3429cda2-6047-453c-bf54-952dfa6674c0,9b85d4b0-c594-4e0e-9ce2-d0986256c270,Tavčarjeva,209
889e3719-7d29-4888-b690-5a1531d2930e,3429cda2-6047-453c-bf54-952dfa6674c0,8c7fa045-888b-46d0-8189-6f82623bf481,Poljanska,173
889e3719-7d29-4888-b690-5a1531d2930e,3429cda2-6047-453c-bf54-952dfa6674c0,8598b85d-3e1d-4767-b72f-0c209038841f,Štepanja vas,25
889e3719-7d29-4888-b690-5a1531d2930e,3429cda2-6047-453c-bf54-952dfa6674c0,a1406782-3114-407c-8e35-35bcf5a1234b,Bolnica P. Držaja,264
889e3719-7d29-4888-b690-5a1531d2930e,3429cda2-6047-453c-bf54-952dfa6674c0,fef200e9-4d98-425b-ab14-8110e2aa85d7,Drama,245
889e3719-7d29-4888-b690-5a1531d2930e,3429cda2-6047-453c-bf54-952dfa6674c0,6182f8e8-c45e-4606-b4a4-d909bd44d2cc,Gornji trg,212
889e3719-7d29-4888-b690-5a1531d2930e,3429cda2-6047-453c-bf54-952dfa6674c0,4062cd22-b67a-4235-9980-0178b7add592,Drama,2399
889e3719-7d29-4888-b690-5a1531d2930e,3429cda2-6047-453c-bf54-952dfa6674c0,a719a87c-4e93-4387-a6d1-2631a487f7e0,Ajdovščina,4242
889e3719-7d29-4888-b690-5a1531d2930e,3429cda2-6047-453c-bf54-952dfa6674c0,a9796806-8cd3-4b76-bf8c-4340aec35c9e,Lutkovno gl.,104
889e3719-7d29-4888-b690-5a1531d2930e,3429cda2-6047-453c-bf54-952dfa6674c0,8f56b058-1ae3-44f5-8600-4330f2264d78,Privoz,86
889e3719-7d29-4888-b690-5a1531d2930e,3429cda2-6047-453c-bf54-952dfa6674c0,f14a6236-8af2-47bf-9270-432377662a63,Viadukt,611
889e3719-7d29-4888-b690-5a1531d2930e,3429cda2-6047-453c-bf54-952dfa6674c0,fef200e9-4d98-425b-ab14-8110e2aa85d7,Drama,263
889e3719-7d29-4888-b690-5a1531d2930e,3429cda2-6047-453c-bf54-952dfa6674c0,daf172e0-4dd9-4d5b-8287-67ad2034bced,Stadion,969
889e3719-7d29-4888-b690-5a1531d2930e,3429cda2-6047-453c-bf54-952dfa6674c0,1ceecd12-b005-4828-ad39-8f2aeb1ca228,Iški most,2602
889e3719-7d29-4888-b690-5a1531d2930e,3429cda2-6047-453c-bf54-952dfa6674c0,bea274aa-277a-403d-ab2f-a0342b28882e,Križanke,788
889e3719-7d29-4888-b690-5a1531d2930e,3429cda2-6047-453c-bf54-952dfa6674c0,d72032c7-d4b0-4eee-a87c-593985a42266,Tobačna,367
889e3719-7d29-4888-b690-5a1531d2930e,3429cda2-6047-453c-bf54-952dfa6674c0,786a15d4-dd6b-42bb-a5c9-6ce994b5be9e,Omersova,203
889e3719-7d29-4888-b690-5a1531d2930e,3429cda2-6047-453c-bf54-952dfa6674c0,fef200e9-4d98-425b-ab14-8110e2aa85d7,Drama,1015
889e3719-7d29-4888-b690-5a1531d2930e,3429cda2-6047-453c-bf54-952dfa6674c0,ecc4ae87-ae08-4b94-995c-452fdd94df7f,Privoz,70
889e3719-7d29-4888-b690-5a1531d2930e,3429cda2-6047-453c-bf54-952dfa6674c0,c8e0086c-0cef-4375-a471-72f3ae1e34fc,Strelišče,2464
889e3719-7d29-4888-b690-5a1531d2930e,3429cda2-6047-453c-bf54-952dfa6674c0,5d7f28a6-2a2a-4333-aa06-48edfb652f86,Pošta,660
889e3719-7d29-4888-b690-5a1531d2930e,3429cda2-6047-453c-bf54-952dfa6674c0,8c7fa045-888b-46d0-8189-6f82623bf481,Poljanska,30
889e3719-7d29-4888-b690-5a1531d2930e,3429cda2-6047-453c-bf54-952dfa6674c0,fef200e9-4d98-425b-ab14-8110e2aa85d7,Drama,326
889e3719-7d29-4888-b690-5a1531d2930e,3429cda2-6047-453c-bf54-952dfa6674c0,0b4a072e-6c2d-4c71-ab80-2b7142df81de,Tivoli,1210
889e3719-7d29-4888-b690-5a1531d2930e,3429cda2-6047-453c-bf54-952dfa6674c0,4062cd22-b67a-4235-9980-0178b7add592,Drama,192
889e3719-7d29-4888-b690-5a1531d2930e,3429cda2-6047-453c-bf54-952dfa6674c0,a719a87c-4e93-4387-a6d1-2631a487f7e0,Ajdovščina,304
889e3719-7d29-4888-b690-5a1531d2930e,3429cda2-6047-453c-bf54-952dfa6674c0,dfde6478-02b5-471b-a470-29cb0e84542f,Slovenija avto,150
889e3719-7d29-4888-b690-5a1531d2930e,3429cda2-6047-453c-bf54-952dfa6674c0,4062cd22-b67a-4235-9980-0178b7add592,Drama,115
889e3719-7d29-4888-b690-5a1531d2930e,3429cda2-6047-453c-bf54-952dfa6674c0,a719a87c-4e93-4387-a6d1-2631a487f7e0,Ajdovščina,695
889e3719-7d29-4888-b690-5a1531d2930e,3429cda2-6047-453c-bf54-952dfa6674c0,f2b27cbd-5207-4281-8f67-6369d0c50a9b,Kodrova,720
889e3719-7d29-4888-b690-5a1531d2930e,3429cda2-6047-453c-bf54-952dfa6674c0,fef200e9-4d98-425b-ab14-8110e2aa85d7,Drama,2567
889e3719-7d29-4888-b690-5a1531d2930e,3429cda2-6047-453c-bf54-952dfa6674c0,fef200e9-4d98-425b-ab14-8110e2aa85d7,Drama,208
889e3719-7d29-4888-b690-5a1531d2930e,3429cda2-6047-453c-bf54-952dfa6674c0,023d7b7a-b411-4e61-8746-b07f9e5c8f90,Ambrožev trg,890
889e3719-7d29-4888-b690-5a1531d2930e,3429cda2-6047-453c-bf54-952dfa6674c0,bea274aa-277a-403d-ab2f-a0342b28882e,Križanke,399
889e3719-7d29-4888-b690-5a1531d2930e,3429cda2-6047-453c-bf54-952dfa6674c0,48e907fd-e868-47cd-8cac-74c7d4582944,Poljanska,1541
889e3719-7d29-4888-b690-5a1531d2930e,3429cda2-6047-453c-bf54-952dfa6674c0,79325942-629a-4766-a34a-525f8edf8cc5,Podgora,377
889e3719-7d29-4888-b690-5a1531d2930e,3429cda2-6047-453c-bf54-952dfa6674c0,557f714a-6f4a-4c98-8c5a-d74fa34b2adb,Hrvatski trg,245
889e3719-7d29-4888-b690-5a1531d2930e,3429cda2-6047-453c-bf54-952dfa6674c0,4062cd22-b67a-4235-9980-0178b7add592,Drama,2577
889e3719-7d29-4888-b690-5a1531d2930e,3429cda2-6047-453c-bf54-952dfa6674c0,bea274aa-277a-403d-ab2f-a0342b28882e,Križanke,1424
889e3719-7d29-4888-b690-5a1531d2930e,3429cda2-6047-453c-bf54-952dfa6674c0,bea274aa-277a-403d-ab2f-a0342b28882e,Križanke,785
889e3719-7d29-4888-b690-5a1531d2930e,3429cda2-6047-453c-bf54-952dfa6674c0,c87db9be-1fba-4102-a743-0ee4317dd5af,Bavarski dvor,440
889e3719-7d29-4888-b690-5a1531d2930e,3429cda2-6047-453c-bf54-952dfa6674c0,4062cd22-b67a-4235-9980-0178b7add592,Drama,950
889e3719-7d29-4888-b690-5a1531d2930e,3429cda2-6047-453c-bf54-952dfa6674c0,c8e0086c-0cef-4375-a471-72f3ae1e34fc,Strelišče,383
889e3719-7d29-4888-b690-5a1531d2930e,3429cda2-6047-453c-bf54-952dfa6674c0,aa42017d-812a-4175-bc9b-0fec03b18931,Ambrožev trg,47
889e3719-7d29-4888-b690-5a1531d2930e,3429cda2-6047-453c-bf54-952dfa6674c0,2d6504e9-c938-417e-9b55-32d6514bc744,Kristalna palača,584
889e3719-7d29-4888-b690-5a1531d2930e,3429cda2-6047-453c-bf54-952dfa6674c0,fef200e9-4d98-425b-ab14-8110e2aa85d7,Drama,835
889e3719-7d29-4888-b690-5a1531d2930e,3429cda2-6047-453c-bf54-952dfa6674c0,b905ae6a-f1e1-4057-8923-481902ed5a8e,Konzorcij,829
889e3719-7d29-4888-b690-5a1531d2930e,3429cda2-6047-453c-bf54-952dfa6674c0,f073b9d9-a3e3-4d04-a209-0db55377b79e,Zmajski most,621
889e3719-7d29-4888-b690-5a1531d2930e,3429cda2-6047-453c-bf54-952dfa6674c0,717dda7e-d793-4697-8f60-b64ee8b1edc4,Gosposvetska,771
889e3719-7d29-4888-b690-5a1531d2930e,3429cda2-6047-453c-bf54-952dfa6674c0,f14a6236-8af2-47bf-9270-432377662a63,Viadukt,1088
889e3719-7d29-4888-b690-5a1531d2930e,3429cda2-6047-453c-bf54-952dfa6674c0,ecc4ae87-ae08-4b94-995c-452fdd94df7f,Privoz,86
889e3719-7d29-4888-b690-5a1531d2930e,3429cda2-6047-453c-bf54-952dfa6674c0,17f7d178-41b3-41f9-a545-cbfc22a0a5f1,Nusdorferjeva,721
889e3719-7d29-4888-b690-5a1531d2930e,3429cda2-6047-453c-bf54-952dfa6674c0,9a1c4c65-df77-481f-87ad-56143f02a864,Vižmarje,1378
889e3719-7d29-4888-b690-5a1531d2930e,3429cda2-6047-453c-bf54-952dfa6674c0,5fa77d25-e7a3-42db-8cc9-52b612d5de19,Preglov trg,31
889e3719-7d29-4888-b690-5a1531d2930e,3429cda2-6047-453c-bf54-952dfa6674c0,4062cd22-b67a-4235-9980-0178b7add592,Drama,731
889e3719-7d29-4888-b690-5a1531d2930e,3429cda2-6047-453c-bf54-952dfa6674c0,4062cd22-b67a-4235-9980-0178b7add592,Drama,118
889e3719-7d29-4888-b690-5a1531d2930e,3429cda2-6047-453c-bf54-952dfa6674c0,087e50b6-7677-4a85-802f-5694266fe38b,Aškerčeva,346
889e3719-7d29-4888-b690-5a1531d2930e,3429cda2-6047-453c-bf54-952dfa6674c0,a378ce5e-57ce-4c52-b219-568674b5cd5e,Gornji trg,394
889e3719-7d29-4888-b690-5a1531d2930e,3429cda2-6047-453c-bf54-952dfa6674c0,8c7fa045-888b-46d0-8189-6f82623bf481,Poljanska,482
889e3719-7d29-4888-b690-5a1531d2930e,3429cda2-6047-453c-bf54-952dfa6674c0,ef91fd44-5651-4fd4-b6f8-619fdef9da7b,Hajdrihova,267
889e3719-7d29-4888-b690-5a1531d2930e,3429cda2-6047-453c-bf54-952dfa6674c0,1907a46a-4559-43ec-8363-03fe35d30725,Rudnik,87
889e3719-7d29-4888-b690-5a1531d2930e,3429cda2-6047-453c-bf54-952dfa6674c0,4062cd22-b67a-4235-9980-0178b7add592,Drama,1718
889e3719-7d29-4888-b690-5a1531d2930e,3429cda2-6047-453c-bf54-952dfa6674c0,7bcbdcaa-00b9-47d4-8982-09da26cd7bcb,Zaloška,1252
889e3719-7d29-4888-b690-5a1531d2930e,3429cda2-6047-453c-bf54-952dfa6674c0,b905ae6a-f1e1-4057-8923-481902ed5a8e,Konzorcij,1799
889e3719-7d29-4888-b690-5a1531d2930e,3429cda2-6047-453c-bf54-952dfa6674c0,4062cd22-b67a-4235-9980-0178b7add592,Drama,229
889e3719-7d29-4888-b690-5a1531d2930e,3429cda2-6047-453c-bf54-952dfa6674c0,51dbf10f-cf3b-4575-a8cc-d1080c1f9dde,Silos,338
889e3719-7d29-4888-b690-5a1531d2930e,3429cda2-6047-453c-bf54-952dfa6674c0,4062cd22-b67a-4235-9980-0178b7add592,Drama,690
889e3719-7d29-4888-b690-5a1531d2930e,3429cda2-6047-453c-bf54-952dfa6674c0,bd1396f2-4dc8-4695-9bf1-c601157100d8,Preglov trg,262
889e3719-7d29-4888-b690-5a1531d2930e,3429cda2-6047-453c-bf54-952dfa6674c0,dd57f39b-be0f-479e-bc35-5bd2edf98ff2,Bolnica,1522
889e3719-7d29-4888-b690-5a1531d2930e,3429cda2-6047-453c-bf54-952dfa6674c0,105e10e7-fbab-4f99-94c9-178c25630b42,Brodarjev trg,955
889e3719-7d29-4888-b690-5a1531d2930e,3429cda2-6047-453c-bf54-952dfa6674c0,25ad5579-f6a0-4f35-a0c9-0678b41e9dde,Križanke,2626
889e3719-7d29-4888-b690-5a1531d2930e,3429cda2-6047-453c-bf54-952dfa6674c0,4062cd22-b67a-4235-9980-0178b7add592,Drama,895
889e3719-7d29-4888-b690-5a1531d2930e,3429cda2-6047-453c-bf54-952dfa6674c0,1faa072c-478b-4656-8df3-84167a9a4bbb,Dravlje,1265
889e3719-7d29-4888-b690-5a1531d2930e,3429cda2-6047-453c-bf54-952dfa6674c0,5d7f28a6-2a2a-4333-aa06-48edfb652f86,Pošta,38
889e3719-7d29-4888-b690-5a1531d2930e,3429cda2-6047-453c-bf54-952dfa6674c0,bea274aa-277a-403d-ab2f-a0342b28882e,Križanke,216
889e3719-7d29-4888-b690-5a1531d2930e,3429cda2-6047-453c-bf54-952dfa6674c0,4062cd22-b67a-4235-9980-0178b7add592,Drama,245
889e3719-7d29-4888-b690-5a1531d2930e,3429cda2-6047-453c-bf54-952dfa6674c0,fef200e9-4d98-425b-ab14-8110e2aa85d7,Drama,6
889e3719-7d29-4888-b690-5a1531d2930e,3429cda2-6047-453c-bf54-952dfa6674c0,a719a87c-4e93-4387-a6d1-2631a487f7e0,Ajdovščina,167
889e3719-7d29-4888-b690-5a1531d2930e,3429cda2-6047-453c-bf54-952dfa6674c0,b905ae6a-f1e1-4057-8923-481902ed5a8e,Konzorcij,24
889e3719-7d29-4888-b690-5a1531d2930e,3429cda2-6047-453c-bf54-952dfa6674c0,77dcd833-fa4d-4c5a-93b1-31284942e61d,Šišenska,226
889e3719-7d29-4888-b690-5a1531d2930e,3429cda2-6047-453c-bf54-952dfa6674c0,fef200e9-4d98-425b-ab14-8110e2aa85d7,Drama,970
889e3719-7d29-4888-b690-5a1531d2930e,3429cda2-6047-453c-bf54-952dfa6674c0,5d7f28a6-2a2a-4333-aa06-48edfb652f86,Pošta,429
889e3719-7d29-4888-b690-5a1531d2930e,3429cda2-6047-453c-bf54-952dfa6674c0,9b85d4b0-c594-4e0e-9ce2-d0986256c270,Tavčarjeva,19
889e3719-7d29-4888-b690-5a1531d2930e,3429cda2-6047-453c-bf54-952dfa6674c0,397418bc-78a7-45c9-b5cf-374fe21cee11,Akademija,1433
889e3719-7d29-4888-b690-5a1531d2930e,3429cda2-6047-453c-bf54-952dfa6674c0,aa42017d-812a-4175-bc9b-0fec03b18931,Ambrožev trg,1568
889e3719-7d29-4888-b690-5a1531d2930e,3429cda2-6047-453c-bf54-952dfa6674c0,fef200e9-4d98-425b-ab14-8110e2aa85d7,Drama,261
889e3719-7d29-4888-b690-5a1531d2930e,3429cda2-6047-453c-bf54-952dfa6674c0,d72032c7-d4b0-4eee-a87c-593985a42266,Tobačna,35
889e3719-7d29-4888-b690-5a1531d2930e,3429cda2-6047-453c-bf54-952dfa6674c0,a719a87c-4e93-4387-a6d1-2631a487f7e0,Ajdovščina,382
889e3719-7d29-4888-b690-5a1531d2930e,3429cda2-6047-453c-bf54-952dfa6674c0,fef200e9-4d98-425b-ab14-8110e2aa85d7,Drama,214
889e3719-7d29-4888-b690-5a1531d2930e,3429cda2-6047-453c-bf54-952dfa6674c0,4062cd22-b67a-4235-9980-0178b7add592,Drama,89
889e3719-7d29-4888-b690-5a1531d2930e,3429cda2-6047-453c-bf54-952dfa6674c0,216a26dc-11c2-432b-b099-0d55d508b7fa,Cesta v Gorice,498
889e3719-7d29-4888-b690-5a1531d2930e,3429cda2-6047-453c-bf54-952dfa6674c0,cce39cbe-6961-433a-a787-64fbf602f470,Livada,2176
889e3719-7d29-4888-b690-5a1531d2930e,3429cda2-6047-453c-bf54-952dfa6674c0,bd1396f2-4dc8-4695-9bf1-c601157100d8,Preglov trg,326
889e3719-7d29-4888-b690-5a1531d2930e,3429cda2-6047-453c-bf54-952dfa6674c0,484b5c91-1220-43ba-af79-84e712fcc46b,Slovenija avto,1562
889e3719-7d29-4888-b690-5a1531d2930e,3429cda2-6047-453c-bf54-952dfa6674c0,94c6598b-7303-42e1-94d5-156d7a25f630,Gerbičeva,52
889e3719-7d29-4888-b690-5a1531d2930e,3429cda2-6047-453c-bf54-952dfa6674c0,9cd1e7f8-8ccf-4469-bc25-25d138605c67,Akademija,558
889e3719-7d29-4888-b690-5a1531d2930e,3429cda2-6047-453c-bf54-952dfa6674c0,bbe542ee-a3f6-43cf-b23a-077c28b7d19a,BTC-tržnica,1219
889e3719-7d29-4888-b690-5a1531d2930e,3429cda2-6047-453c-bf54-952dfa6674c0,48e907fd-e868-47cd-8cac-74c7d4582944,Poljanska,215
889e3719-7d29-4888-b690-5a1531d2930e,3429cda2-6047-453c-bf54-952dfa6674c0,fef200e9-4d98-425b-ab14-8110e2aa85d7,Drama,1647
889e3719-7d29-4888-b690-5a1531d2930e,3429cda2-6047-453c-bf54-952dfa6674c0,fef200e9-4d98-425b-ab14-8110e2aa85d7,Drama,685
889e3719-7d29-4888-b690-5a1531d2930e,3429cda2-6047-453c-bf54-952dfa6674c0,38b3abed-0592-407b-96c3-85a026f2e192,Dalmatinova,1174
889e3719-7d29-4888-b690-5a1531d2930e,3429cda2-6047-453c-bf54-952dfa6674c0,38b3abed-0592-407b-96c3-85a026f2e192,Dalmatinova,695
889e3719-7d29-4888-b690-5a1531d2930e,3429cda2-6047-453c-bf54-952dfa6674c0,aa42017d-812a-4175-bc9b-0fec03b18931,Ambrožev trg,81
889e3719-7d29-4888-b690-5a1531d2930e,3429cda2-6047-453c-bf54-952dfa6674c0,bea274aa-277a-403d-ab2f-a0342b28882e,Križanke,286
889e3719-7d29-4888-b690-5a1531d2930e,3429cda2-6047-453c-bf54-952dfa6674c0,5d7f28a6-2a2a-4333-aa06-48edfb652f86,Pošta,517
889e3719-7d29-4888-b690-5a1531d2930e,3429cda2-6047-453c-bf54-952dfa6674c0,6182f8e8-c45e-4606-b4a4-d909bd44d2cc,Gornji trg,173
889e3719-7d29-4888-b690-5a1531d2930e,3429cda2-6047-453c-bf54-952dfa6674c0,bea274aa-277a-403d-ab2f-a0342b28882e,Križanke,350
889e3719-7d29-4888-b690-5a1531d2930e,3429cda2-6047-453c-bf54-952dfa6674c0,9a938b49-ce1d-4e1c-a789-e316630ebc4f,Poliklinika,702
889e3719-7d29-4888-b690-5a1531d2930e,3429cda2-6047-453c-bf54-952dfa6674c0,25ad5579-f6a0-4f35-a0c9-0678b41e9dde,Križanke,610
889e3719-7d29-4888-b690-5a1531d2930e,3429cda2-6047-453c-bf54-952dfa6674c0,9b4a7d21-709f-4462-b602-c77d975df9e7,Pri Dogonivar,934
889e3719-7d29-4888-b690-5a1531d2930e,3429cda2-6047-453c-bf54-952dfa6674c0,0b4a072e-6c2d-4c71-ab80-2b7142df81de,Tivoli,1265
889e3719-7d29-4888-b690-5a1531d2930e,3429cda2-6047-453c-bf54-952dfa6674c0,fef200e9-4d98-425b-ab14-8110e2aa85d7,Drama,1529
889e3719-7d29-4888-b690-5a1531d2930e,3429cda2-6047-453c-bf54-952dfa6674c0,8c7fa045-888b-46d0-8189-6f82623bf481,Poljanska,254
889e3719-7d29-4888-b690-5a1531d2930e,3429cda2-6047-453c-bf54-952dfa6674c0,4062cd22-b67a-4235-9980-0178b7add592,Drama,35
889e3719-7d29-4888-b690-5a1531d2930e,3429cda2-6047-453c-bf54-952dfa6674c0,fef200e9-4d98-425b-ab14-8110e2aa85d7,Drama,652
889e3719-7d29-4888-b690-5a1531d2930e,3429cda2-6047-453c-bf54-952dfa6674c0,f2920a77-6c6c-494d-96b7-2a8caf8f374f,Mirje,241
889e3719-7d29-4888-b690-5a1531d2930e,3429cda2-6047-453c-bf54-952dfa6674c0,5d7f28a6-2a2a-4333-aa06-48edfb652f86,Pošta,577
889e3719-7d29-4888-b690-5a1531d2930e,3429cda2-6047-453c-bf54-952dfa6674c0,b905ae6a-f1e1-4057-8923-481902ed5a8e,Konzorcij,1946
889e3719-7d29-4888-b690-5a1531d2930e,3429cda2-6047-453c-bf54-952dfa6674c0,a719a87c-4e93-4387-a6d1-2631a487f7e0,Ajdovščina,336
889e3719-7d29-4888-b690-5a1531d2930e,3429cda2-6047-453c-bf54-952dfa6674c0,bea274aa-277a-403d-ab2f-a0342b28882e,Križanke,25
889e3719-7d29-4888-b690-5a1531d2930e,3429cda2-6047-453c-bf54-952dfa6674c0,fef200e9-4d98-425b-ab14-8110e2aa85d7,Drama,986
889e3719-7d29-4888-b690-5a1531d2930e,3429cda2-6047-453c-bf54-952dfa6674c0,b905ae6a-f1e1-4057-8923-481902ed5a8e,Konzorcij,469
889e3719-7d29-4888-b690-5a1531d2930e,3429cda2-6047-453c-bf54-952dfa6674c0,fef200e9-4d98-425b-ab14-8110e2aa85d7,Drama,322
889e3719-7d29-4888-b690-5a1531d2930e,3429cda2-6047-453c-bf54-952dfa6674c0,aa42017d-812a-4175-bc9b-0fec03b18931,Ambrožev trg,454
889e3719-7d29-4888-b690-5a1531d2930e,3429cda2-6047-453c-bf54-952dfa6674c0,4062cd22-b67a-4235-9980-0178b7add592,Drama,663
889e3719-7d29-4888-b690-5a1531d2930e,3429cda2-6047-453c-bf54-952dfa6674c0,77dcd833-fa4d-4c5a-93b1-31284942e61d,Šišenska,396
889e3719-7d29-4888-b690-5a1531d2930e,3429cda2-6047-453c-bf54-952dfa6674c0,bd1396f2-4dc8-4695-9bf1-c601157100d8,Preglov trg,732
889e3719-7d29-4888-b690-5a1531d2930e,3429cda2-6047-453c-bf54-952dfa6674c0,a719a87c-4e93-4387-a6d1-2631a487f7e0,Ajdovščina,727
889e3719-7d29-4888-b690-5a1531d2930e,3429cda2-6047-453c-bf54-952dfa6674c0,d72032c7-d4b0-4eee-a87c-593985a42266,Tobačna,291
889e3719-7d29-4888-b690-5a1531d2930e,3429cda2-6047-453c-bf54-952dfa6674c0,aa42017d-812a-4175-bc9b-0fec03b18931,Ambrožev trg,3502
889e3719-7d29-4888-b690-5a1531d2930e,3429cda2-6047-453c-bf54-952dfa6674c0,fef200e9-4d98-425b-ab14-8110e2aa85d7,Drama,296
889e3719-7d29-4888-b690-5a1531d2930e,3429cda2-6047-453c-bf54-952dfa6674c0,0760a037-cd94-4936-89b6-45ce9bd19917,Mercator,684
889e3719-7d29-4888-b690-5a1531d2930e,3429cda2-6047-453c-bf54-952dfa6674c0,a719a87c-4e93-4387-a6d1-2631a487f7e0,Ajdovščina,19
889e3719-7d29-4888-b690-5a1531d2930e,3429cda2-6047-453c-bf54-952dfa6674c0,4062cd22-b67a-4235-9980-0178b7add592,Drama,417
889e3719-7d29-4888-b690-5a1531d2930e,3429cda2-6047-453c-bf54-952dfa6674c0,9a938b49-ce1d-4e1c-a789-e316630ebc4f,Poliklinika,1299
889e3719-7d29-4888-b690-5a1531d2930e,3429cda2-6047-453c-bf54-952dfa6674c0,fef200e9-4d98-425b-ab14-8110e2aa85d7,Drama,658
889e3719-7d29-4888-b690-5a1531d2930e,3429cda2-6047-453c-bf54-952dfa6674c0,9bb1ed3b-5a6f-43c7-afaf-ba2b60ca1a7a,Aškerčeva,193
889e3719-7d29-4888-b690-5a1531d2930e,3429cda2-6047-453c-bf54-952dfa6674c0,fef200e9-4d98-425b-ab14-8110e2aa85d7,Drama,59
889e3719-7d29-4888-b690-5a1531d2930e,3429cda2-6047-453c-bf54-952dfa6674c0,d72032c7-d4b0-4eee-a87c-593985a42266,Tobačna,411
889e3719-7d29-4888-b690-5a1531d2930e,3429cda2-6047-453c-bf54-952dfa6674c0,b905ae6a-f1e1-4057-8923-481902ed5a8e,Konzorcij,1830
889e3719-7d29-4888-b690-5a1531d2930e,3429cda2-6047-453c-bf54-952dfa6674c0,f2b27cbd-5207-4281-8f67-6369d0c50a9b,Kodrova,568
889e3719-7d29-4888-b690-5a1531d2930e,3429cda2-6047-453c-bf54-952dfa6674c0,fef200e9-4d98-425b-ab14-8110e2aa85d7,Drama,49
889e3719-7d29-4888-b690-5a1531d2930e,3429cda2-6047-453c-bf54-952dfa6674c0,fef200e9-4d98-425b-ab14-8110e2aa85d7,Drama,46
889e3719-7d29-4888-b690-5a1531d2930e,3429cda2-6047-453c-bf54-952dfa6674c0,fef200e9-4d98-425b-ab14-8110e2aa85d7,Drama,370
889e3719-7d29-4888-b690-5a1531d2930e,3429cda2-6047-453c-bf54-952dfa6674c0,fef200e9-4d98-425b-ab14-8110e2aa85d7,Drama,111
889e3719-7d29-4888-b690-5a1531d2930e,3429cda2-6047-453c-bf54-952dfa6674c0,9b85d4b0-c594-4e0e-9ce2-d0986256c270,Tavčarjeva,672
889e3719-7d29-4888-b690-5a1531d2930e,3429cda2-6047-453c-bf54-952dfa6674c0,a378ce5e-57ce-4c52-b219-568674b5cd5e,Gornji trg,26
889e3719-7d29-4888-b690-5a1531d2930e,3429cda2-6047-453c-bf54-952dfa6674c0,86a75ffc-a78f-401f-8991-2eb0371417b2,Studenec,825
889e3719-7d29-4888-b690-5a1531d2930e,3429cda2-6047-453c-bf54-952dfa6674c0,b905ae6a-f1e1-4057-8923-481902ed5a8e,Konzorcij,1377
889e3719-7d29-4888-b690-5a1531d2930e,3429cda2-6047-453c-bf54-952dfa6674c0,fef200e9-4d98-425b-ab14-8110e2aa85d7,Drama,3359
889e3719-7d29-4888-b690-5a1531d2930e,3429cda2-6047-453c-bf54-952dfa6674c0,1907a46a-4559-43ec-8363-03fe35d30725,Rudnik,386
889e3719-7d29-4888-b690-5a1531d2930e,3429cda2-6047-453c-bf54-952dfa6674c0,fef200e9-4d98-425b-ab14-8110e2aa85d7,Drama,1221
889e3719-7d29-4888-b690-5a1531d2930e,3429cda2-6047-453c-bf54-952dfa6674c0,5d7f28a6-2a2a-4333-aa06-48edfb652f86,Pošta,1007
889e3719-7d29-4888-b690-5a1531d2930e,3429cda2-6047-453c-bf54-952dfa6674c0,b905ae6a-f1e1-4057-8923-481902ed5a8e,Konzorcij,26
889e3719-7d29-4888-b690-5a1531d2930e,3429cda2-6047-453c-bf54-952dfa6674c0,7fa32ea0-e884-435a-a81c-51bbd5cedf3e,Zaloška,1256
889e3719-7d29-4888-b690-5a1531d2930e,3429cda2-6047-453c-bf54-952dfa6674c0,ecc4ae87-ae08-4b94-995c-452fdd94df7f,Privoz,18
889e3719-7d29-4888-b690-5a1531d2930e,3429cda2-6047-453c-bf54-952dfa6674c0,d5961b09-f5e8-4a0b-9bbb-2515ff0a8376,Ob daljnovodu,203
889e3719-7d29-4888-b690-5a1531d2930e,3429cda2-6047-453c-bf54-952dfa6674c0,b59656a4-b6e7-4b87-977c-078c59088a50,Hajdrihova,61
889e3719-7d29-4888-b690-5a1531d2930e,3429cda2-6047-453c-bf54-952dfa6674c0,b905ae6a-f1e1-4057-8923-481902ed5a8e,Konzorcij,532
889e3719-7d29-4888-b690-5a1531d2930e,3429cda2-6047-453c-bf54-952dfa6674c0,9afb36ea-c2ae-4bbb-9644-3a6c65bb1c7d,Kino Šiška,479
889e3719-7d29-4888-b690-5a1531d2930e,3429cda2-6047-453c-bf54-952dfa6674c0,25ad5579-f6a0-4f35-a0c9-0678b41e9dde,Križanke,834
889e3719-7d29-4888-b690-5a1531d2930e,3429cda2-6047-453c-bf54-952dfa6674c0,1c0ae078-cca7-40c8-aeda-1187a12ddfee,Remiza,1169
889e3719-7d29-4888-b690-5a1531d2930e,3429cda2-6047-453c-bf54-952dfa6674c0,4062cd22-b67a-4235-9980-0178b7add592,Drama,228
889e3719-7d29-4888-b690-5a1531d2930e,3429cda2-6047-453c-bf54-952dfa6674c0,4062cd22-b67a-4235-9980-0178b7add592,Drama,275
889e3719-7d29-4888-b690-5a1531d2930e,3429cda2-6047-453c-bf54-952dfa6674c0,bbe542ee-a3f6-43cf-b23a-077c28b7d19a,BTC-tržnica,474
889e3719-7d29-4888-b690-5a1531d2930e,3429cda2-6047-453c-bf54-952dfa6674c0,6182f8e8-c45e-4606-b4a4-d909bd44d2cc,Gornji trg,16
889e3719-7d29-4888-b690-5a1531d2930e,3429cda2-6047-453c-bf54-952dfa6674c0,a378ce5e-57ce-4c52-b219-568674b5cd5e,Gornji trg,386
889e3719-7d29-4888-b690-5a1531d2930e,3429cda2-6047-453c-bf54-952dfa6674c0,8589e5d1-21b4-4210-ad7a-4bf91f9a715d,Vižmarje,1258
889e3719-7d29-4888-b690-5a1531d2930e,3429cda2-6047-453c-bf54-952dfa6674c0,4062cd22-b67a-4235-9980-0178b7add592,Drama,368
889e3719-7d29-4888-b690-5a1531d2930e,3429cda2-6047-453c-bf54-952dfa6674c0,484b5c91-1220-43ba-af79-84e712fcc46b,Slovenija avto,245
889e3719-7d29-4888-b690-5a1531d2930e,3429cda2-6047-453c-bf54-952dfa6674c0,a719a87c-4e93-4387-a6d1-2631a487f7e0,Ajdovščina,535
889e3719-7d29-4888-b690-5a1531d2930e,3429cda2-6047-453c-bf54-952dfa6674c0,bea274aa-277a-403d-ab2f-a0342b28882e,Križanke,752
889e3719-7d29-4888-b690-5a1531d2930e,3429cda2-6047-453c-bf54-952dfa6674c0,459f82d2-cbe4-414b-b66b-0b794ea958ed,Smelt,387
889e3719-7d29-4888-b690-5a1531d2930e,3429cda2-6047-453c-bf54-952dfa6674c0,9bb1ed3b-5a6f-43c7-afaf-ba2b60ca1a7a,Aškerčeva,1483
889e3719-7d29-4888-b690-5a1531d2930e,3429cda2-6047-453c-bf54-952dfa6674c0,17f7d178-41b3-41f9-a545-cbfc22a0a5f1,Nusdorferjeva,298
889e3719-7d29-4888-b690-5a1531d2930e,3429cda2-6047-453c-bf54-952dfa6674c0,36d25599-0bed-48a0-bcb4-134be8a959fe,Emona,49
889e3719-7d29-4888-b690-5a1531d2930e,3429cda2-6047-453c-bf54-952dfa6674c0,fef200e9-4d98-425b-ab14-8110e2aa85d7,Drama,2768
889e3719-7d29-4888-b690-5a1531d2930e,3429cda2-6047-453c-bf54-952dfa6674c0,484b5c91-1220-43ba-af79-84e712fcc46b,Slovenija avto,624
889e3719-7d29-4888-b690-5a1531d2930e,3429cda2-6047-453c-bf54-952dfa6674c0,4062cd22-b67a-4235-9980-0178b7add592,Drama,1044
889e3719-7d29-4888-b690-5a1531d2930e,3429cda2-6047-453c-bf54-952dfa6674c0,d2ff7ae5-59fc-4894-aa50-a7f16b5e3534,Ižanska,2623
889e3719-7d29-4888-b690-5a1531d2930e,3429cda2-6047-453c-bf54-952dfa6674c0,f4cfd904-bd11-4247-95df-32c4555a930f,Klinični center,675
889e3719-7d29-4888-b690-5a1531d2930e,3429cda2-6047-453c-bf54-952dfa6674c0,1c0ae078-cca7-40c8-aeda-1187a12ddfee,Remiza,1690
889e3719-7d29-4888-b690-5a1531d2930e,3429cda2-6047-453c-bf54-952dfa6674c0,4062cd22-b67a-4235-9980-0178b7add592,Drama,1220
889e3719-7d29-4888-b690-5a1531d2930e,3429cda2-6047-453c-bf54-952dfa6674c0,dd57f39b-be0f-479e-bc35-5bd2edf98ff2,Bolnica,403
889e3719-7d29-4888-b690-5a1531d2930e,3429cda2-6047-453c-bf54-952dfa6674c0,4038e02e-f22f-4af0-ba4f-7aab855b53af,Kneza Koclja,269
889e3719-7d29-4888-b690-5a1531d2930e,3429cda2-6047-453c-bf54-952dfa6674c0,5dcffe2a-1c73-4f7c-bdac-4084bb5201aa,Peruzzijeva,2294
889e3719-7d29-4888-b690-5a1531d2930e,3429cda2-6047-453c-bf54-952dfa6674c0,4062cd22-b67a-4235-9980-0178b7add592,Drama,24
889e3719-7d29-4888-b690-5a1531d2930e,3429cda2-6047-453c-bf54-952dfa6674c0,25ad5579-f6a0-4f35-a0c9-0678b41e9dde,Križanke,396
889e3719-7d29-4888-b690-5a1531d2930e,3429cda2-6047-453c-bf54-952dfa6674c0,47a3bd8a-72ae-4e20-b43f-10bfaf49012c,Ob sotočju,1107
889e3719-7d29-4888-b690-5a1531d2930e,3429cda2-6047-453c-bf54-952dfa6674c0,9bb1ed3b-5a6f-43c7-afaf-ba2b60ca1a7a,Aškerčeva,315
889e3719-7d29-4888-b690-5a1531d2930e,3429cda2-6047-453c-bf54-952dfa6674c0,5d7f28a6-2a2a-4333-aa06-48edfb652f86,Pošta,686
889e3719-7d29-4888-b690-5a1531d2930e,3429cda2-6047-453c-bf54-952dfa6674c0,cdabf1ea-b04c-480a-8359-72c46e6864ab,Bežigrad,76
889e3719-7d29-4888-b690-5a1531d2930e,3429cda2-6047-453c-bf54-952dfa6674c0,4062cd22-b67a-4235-9980-0178b7add592,Drama,219
889e3719-7d29-4888-b690-5a1531d2930e,3429cda2-6047-453c-bf54-952dfa6674c0,0614b134-0950-4f6b-bc8f-fb73a0881bc1,Gornje Poljane,846
889e3719-7d29-4888-b690-5a1531d2930e,3429cda2-6047-453c-bf54-952dfa6674c0,c87db9be-1fba-4102-a743-0ee4317dd5af,Bavarski dvor,147
889e3719-7d29-4888-b690-5a1531d2930e,3429cda2-6047-453c-bf54-952dfa6674c0,087e50b6-7677-4a85-802f-5694266fe38b,Aškerčeva,196
889e3719-7d29-4888-b690-5a1531d2930e,3429cda2-6047-453c-bf54-952dfa6674c0,0b6960bb-2431-48c3-9e64-3cbf5c57ea96,Hrastje,511
889e3719-7d29-4888-b690-5a1531d2930e,3429cda2-6047-453c-bf54-952dfa6674c0,b905ae6a-f1e1-4057-8923-481902ed5a8e,Konzorcij,37
889e3719-7d29-4888-b690-5a1531d2930e,3429cda2-6047-453c-bf54-952dfa6674c0,bea274aa-277a-403d-ab2f-a0342b28882e,Križanke,718
889e3719-7d29-4888-b690-5a1531d2930e,3429cda2-6047-453c-bf54-952dfa6674c0,5d7f28a6-2a2a-4333-aa06-48edfb652f86,Pošta,1708
889e3719-7d29-4888-b690-5a1531d2930e,3429cda2-6047-453c-bf54-952dfa6674c0,9f01f25f-9a5b-459a-96da-222ef81faf51,Trata,629
889e3719-7d29-4888-b690-5a1531d2930e,3429cda2-6047-453c-bf54-952dfa6674c0,b905ae6a-f1e1-4057-8923-481902ed5a8e,Konzorcij,850
889e3719-7d29-4888-b690-5a1531d2930e,3429cda2-6047-453c-bf54-952dfa6674c0,454817d3-3750-49c7-994c-14d06fd2c634,Žale,552
889e3719-7d29-4888-b690-5a1531d2930e,3429cda2-6047-453c-bf54-952dfa6674c0,fef200e9-4d98-425b-ab14-8110e2aa85d7,Drama,1097
889e3719-7d29-4888-b690-5a1531d2930e,3429cda2-6047-453c-bf54-952dfa6674c0,6182f8e8-c45e-4606-b4a4-d909bd44d2cc,Gornji trg,1164
889e3719-7d29-4888-b690-5a1531d2930e,3429cda2-6047-453c-bf54-952dfa6674c0,1b3ddeca-a066-43ee-9ae5-8339628129c2,Žale,339
889e3719-7d29-4888-b690-5a1531d2930e,3429cda2-6047-453c-bf54-952dfa6674c0,538ab00b-ee39-44e8-b5a4-62c2c6215bf6,Zeleni gaj,2048
889e3719-7d29-4888-b690-5a1531d2930e,3429cda2-6047-453c-bf54-952dfa6674c0,a719a87c-4e93-4387-a6d1-2631a487f7e0,Ajdovščina,977
889e3719-7d29-4888-b690-5a1531d2930e,3429cda2-6047-453c-bf54-952dfa6674c0,4062cd22-b67a-4235-9980-0178b7add592,Drama,91
889e3719-7d29-4888-b690-5a1531d2930e,3429cda2-6047-453c-bf54-952dfa6674c0,48e907fd-e868-47cd-8cac-74c7d4582944,Poljanska,1549
889e3719-7d29-4888-b690-5a1531d2930e,3429cda2-6047-453c-bf54-952dfa6674c0,22ef2062-46f0-4a46-8d9a-6ceb7b7f45bc,Ilirska,4286
889e3719-7d29-4888-b690-5a1531d2930e,3429cda2-6047-453c-bf54-952dfa6674c0,712ee105-4fab-498a-af5c-496ca9830f5f,Viadukt,93
889e3719-7d29-4888-b690-5a1531d2930e,3429cda2-6047-453c-bf54-952dfa6674c0,fef200e9-4d98-425b-ab14-8110e2aa85d7,Drama,85
889e3719-7d29-4888-b690-5a1531d2930e,3429cda2-6047-453c-bf54-952dfa6674c0,557f714a-6f4a-4c98-8c5a-d74fa34b2adb,Hrvatski trg,141
889e3719-7d29-4888-b690-5a1531d2930e,3429cda2-6047-453c-bf54-952dfa6674c0,aa42017d-812a-4175-bc9b-0fec03b18931,Ambrožev trg,742
889e3719-7d29-4888-b690-5a1531d2930e,3429cda2-6047-453c-bf54-952dfa6674c0,f2b27cbd-5207-4281-8f67-6369d0c50a9b,Kodrova,691
889e3719-7d29-4888-b690-5a1531d2930e,3429cda2-6047-453c-bf54-952dfa6674c0,f2bac6f5-5bbc-4f15-acdd-014d86770ce9,Kneza Koclja,531
889e3719-7d29-4888-b690-5a1531d2930e,3429cda2-6047-453c-bf54-952dfa6674c0,86a75ffc-a78f-401f-8991-2eb0371417b2,Studenec,749
889e3719-7d29-4888-b690-5a1531d2930e,3429cda2-6047-453c-bf54-952dfa6674c0,4062cd22-b67a-4235-9980-0178b7add592,Drama,1174
889e3719-7d29-4888-b690-5a1531d2930e,3429cda2-6047-453c-bf54-952dfa6674c0,9a938b49-ce1d-4e1c-a789-e316630ebc4f,Poliklinika,712
889e3719-7d29-4888-b690-5a1531d2930e,3429cda2-6047-453c-bf54-952dfa6674c0,9a1c4c65-df77-481f-87ad-56143f02a864,Vižmarje,297
889e3719-7d29-4888-b690-5a1531d2930e,3429cda2-6047-453c-bf54-952dfa6674c0,b905ae6a-f1e1-4057-8923-481902ed5a8e,Konzorcij,70
889e3719-7d29-4888-b690-5a1531d2930e,3429cda2-6047-453c-bf54-952dfa6674c0,4062cd22-b67a-4235-9980-0178b7add592,Drama,139
889e3719-7d29-4888-b690-5a1531d2930e,3429cda2-6047-453c-bf54-952dfa6674c0,4062cd22-b67a-4235-9980-0178b7add592,Drama,985
889e3719-7d29-4888-b690-5a1531d2930e,3429cda2-6047-453c-bf54-952dfa6674c0,fef200e9-4d98-425b-ab14-8110e2aa85d7,Drama,397
889e3719-7d29-4888-b690-5a1531d2930e,3429cda2-6047-453c-bf54-952dfa6674c0,fc3967fb-5520-4fff-a819-f625242182e5,Cankarjev dom,2069
889e3719-7d29-4888-b690-5a1531d2930e,3429cda2-6047-453c-bf54-952dfa6674c0,b905ae6a-f1e1-4057-8923-481902ed5a8e,Konzorcij,1541
889e3719-7d29-4888-b690-5a1531d2930e,3429cda2-6047-453c-bf54-952dfa6674c0,1eadcdb9-60cd-47c9-8eec-527c3465a685,Polje,637
889e3719-7d29-4888-b690-5a1531d2930e,3429cda2-6047-453c-bf54-952dfa6674c0,16578e36-c682-4083-bd29-4973445dc0fe,Gosposvetska,97
889e3719-7d29-4888-b690-5a1531d2930e,3429cda2-6047-453c-bf54-952dfa6674c0,bd1a0fbd-1593-4552-a76f-681c59333d6b,Savsko naselje,619
889e3719-7d29-4888-b690-5a1531d2930e,3429cda2-6047-453c-bf54-952dfa6674c0,bea274aa-277a-403d-ab2f-a0342b28882e,Križanke,1474
889e3719-7d29-4888-b690-5a1531d2930e,3429cda2-6047-453c-bf54-952dfa6674c0,b2cf1f2c-3c77-4a23-891f-3cdbcda92f19,Škofljica žaga,269
889e3719-7d29-4888-b690-5a1531d2930e,3429cda2-6047-453c-bf54-952dfa6674c0,a719a87c-4e93-4387-a6d1-2631a487f7e0,Ajdovščina,28
889e3719-7d29-4888-b690-5a1531d2930e,3429cda2-6047-453c-bf54-952dfa6674c0,f2b27cbd-5207-4281-8f67-6369d0c50a9b,Kodrova,1338
889e3719-7d29-4888-b690-5a1531d2930e,3429cda2-6047-453c-bf54-952dfa6674c0,379bc761-04b5-4227-be76-3b870fe3e69f,Pot na Fužine,1180
889e3719-7d29-4888-b690-5a1531d2930e,3429cda2-6047-453c-bf54-952dfa6674c0,N/A,N/A,4525
889e3719-7d29-4888-b690-5a1531d2930e,3429cda2-6047-453c-bf54-952dfa6674c0,9b85d4b0-c594-4e0e-9ce2-d0986256c270,Tavčarjeva,465
889e3719-7d29-4888-b690-5a1531d2930e,3429cda2-6047-453c-bf54-952dfa6674c0,8598b85d-3e1d-4767-b72f-0c209038841f,Štepanja vas,444
889e3719-7d29-4888-b690-5a1531d2930e,3429cda2-6047-453c-bf54-952dfa6674c0,4062cd22-b67a-4235-9980-0178b7add592,Drama,2053
889e3719-7d29-4888-b690-5a1531d2930e,3429cda2-6047-453c-bf54-952dfa6674c0,5f2b93f1-7933-45ed-915c-4488ab8d81b7,Ižanska,22
889e3719-7d29-4888-b690-5a1531d2930e,3429cda2-6047-453c-bf54-952dfa6674c0,4062cd22-b67a-4235-9980-0178b7add592,Drama,289
889e3719-7d29-4888-b690-5a1531d2930e,3429cda2-6047-453c-bf54-952dfa6674c0,a719a87c-4e93-4387-a6d1-2631a487f7e0,Ajdovščina,590
889e3719-7d29-4888-b690-5a1531d2930e,3429cda2-6047-453c-bf54-952dfa6674c0,aa42017d-812a-4175-bc9b-0fec03b18931,Ambrožev trg,15
889e3719-7d29-4888-b690-5a1531d2930e,3429cda2-6047-453c-bf54-952dfa6674c0,4062cd22-b67a-4235-9980-0178b7add592,Drama,569
889e3719-7d29-4888-b690-5a1531d2930e,3429cda2-6047-453c-bf54-952dfa6674c0,cab36767-e95a-4f60-978e-92490f2517b2,Hrvatski trg,2127
889e3719-7d29-4888-b690-5a1531d2930e,3429cda2-6047-453c-bf54-952dfa6674c0,9b85d4b0-c594-4e0e-9ce2-d0986256c270,Tavčarjeva,1405
889e3719-7d29-4888-b690-5a1531d2930e,3429cda2-6047-453c-bf54-952dfa6674c0,eead721b-8996-4e73-a2f9-02dba20df4fa,Ilirska,669
889e3719-7d29-4888-b690-5a1531d2930e,3429cda2-6047-453c-bf54-952dfa6674c0,8f56b058-1ae3-44f5-8600-4330f2264d78,Privoz,15
889e3719-7d29-4888-b690-5a1531d2930e,3429cda2-6047-453c-bf54-952dfa6674c0,d72032c7-d4b0-4eee-a87c-593985a42266,Tobačna,358
889e3719-7d29-4888-b690-5a1531d2930e,3429cda2-6047-453c-bf54-952dfa6674c0,16578e36-c682-4083-bd29-4973445dc0fe,Gosposvetska,1550
889e3719-7d29-4888-b690-5a1531d2930e,3429cda2-6047-453c-bf54-952dfa6674c0,fef200e9-4d98-425b-ab14-8110e2aa85d7,Drama,505
889e3719-7d29-4888-b690-5a1531d2930e,3429cda2-6047-453c-bf54-952dfa6674c0,f4cfd904-bd11-4247-95df-32c4555a930f,Klinični center,999
889e3719-7d29-4888-b690-5a1531d2930e,3429cda2-6047-453c-bf54-952dfa6674c0,484b5c91-1220-43ba-af79-84e712fcc46b,Slovenija avto,137
889e3719-7d29-4888-b690-5a1531d2930e,3429cda2-6047-453c-bf54-952dfa6674c0,5d7f28a6-2a2a-4333-aa06-48edfb652f86,Pošta,420
889e3719-7d29-4888-b690-5a1531d2930e,3429cda2-6047-453c-bf54-952dfa6674c0,023d7b7a-b411-4e61-8746-b07f9e5c8f90,Ambrožev trg,25
889e3719-7d29-4888-b690-5a1531d2930e,3429cda2-6047-453c-bf54-952dfa6674c0,ef91fd44-5651-4fd4-b6f8-619fdef9da7b,Hajdrihova,182
889e3719-7d29-4888-b690-5a1531d2930e,3429cda2-6047-453c-bf54-952dfa6674c0,f14a6236-8af2-47bf-9270-432377662a63,Viadukt,951
889e3719-7d29-4888-b690-5a1531d2930e,3429cda2-6047-453c-bf54-952dfa6674c0,16578e36-c682-4083-bd29-4973445dc0fe,Gosposvetska,543
889e3719-7d29-4888-b690-5a1531d2930e,3429cda2-6047-453c-bf54-952dfa6674c0,77dcd833-fa4d-4c5a-93b1-31284942e61d,Šišenska,430
889e3719-7d29-4888-b690-5a1531d2930e,3429cda2-6047-453c-bf54-952dfa6674c0,0bb103e4-c4a6-4c4c-a13d-217ab4e6dfd3,Cesta na Vevče,321
889e3719-7d29-4888-b690-5a1531d2930e,3429cda2-6047-453c-bf54-952dfa6674c0,4062cd22-b67a-4235-9980-0178b7add592,Drama,138
889e3719-7d29-4888-b690-5a1531d2930e,3429cda2-6047-453c-bf54-952dfa6674c0,4062cd22-b67a-4235-9980-0178b7add592,Drama,1192
889e3719-7d29-4888-b690-5a1531d2930e,3429cda2-6047-453c-bf54-952dfa6674c0,7fad8003-fb10-489d-bf8d-6d433310ad90,Nove Jarše,1692
889e3719-7d29-4888-b690-5a1531d2930e,3429cda2-6047-453c-bf54-952dfa6674c0,24ab9d18-4fb9-4e7e-b48c-d5cdc9cd1305,Agrokombinatska,1283
889e3719-7d29-4888-b690-5a1531d2930e,3429cda2-6047-453c-bf54-952dfa6674c0,16578e36-c682-4083-bd29-4973445dc0fe,Gosposvetska,512
889e3719-7d29-4888-b690-5a1531d2930e,3429cda2-6047-453c-bf54-952dfa6674c0,f14a6236-8af2-47bf-9270-432377662a63,Viadukt,95
889e3719-7d29-4888-b690-5a1531d2930e,3429cda2-6047-453c-bf54-952dfa6674c0,b905ae6a-f1e1-4057-8923-481902ed5a8e,Konzorcij,862
889e3719-7d29-4888-b690-5a1531d2930e,3429cda2-6047-453c-bf54-952dfa6674c0,4062cd22-b67a-4235-9980-0178b7add592,Drama,1607
889e3719-7d29-4888-b690-5a1531d2930e,3429cda2-6047-453c-bf54-952dfa6674c0,fef200e9-4d98-425b-ab14-8110e2aa85d7,Drama,4303
889e3719-7d29-4888-b690-5a1531d2930e,3429cda2-6047-453c-bf54-952dfa6674c0,fef200e9-4d98-425b-ab14-8110e2aa85d7,Drama,6
889e3719-7d29-4888-b690-5a1531d2930e,3429cda2-6047-453c-bf54-952dfa6674c0,48e907fd-e868-47cd-8cac-74c7d4582944,Poljanska,12
889e3719-7d29-4888-b690-5a1531d2930e,3429cda2-6047-453c-bf54-952dfa6674c0,295616c0-387b-4f60-a337-7743cd6be04e,Bavarski dvor,430
889e3719-7d29-4888-b690-5a1531d2930e,3429cda2-6047-453c-bf54-952dfa6674c0,5d7f28a6-2a2a-4333-aa06-48edfb652f86,Pošta,1772
889e3719-7d29-4888-b690-5a1531d2930e,3429cda2-6047-453c-bf54-952dfa6674c0,b905ae6a-f1e1-4057-8923-481902ed5a8e,Konzorcij,846
889e3719-7d29-4888-b690-5a1531d2930e,3429cda2-6047-453c-bf54-952dfa6674c0,fef200e9-4d98-425b-ab14-8110e2aa85d7,Drama,257
889e3719-7d29-4888-b690-5a1531d2930e,3429cda2-6047-453c-bf54-952dfa6674c0,a719a87c-4e93-4387-a6d1-2631a487f7e0,Ajdovščina,1444
889e3719-7d29-4888-b690-5a1531d2930e,3429cda2-6047-453c-bf54-952dfa6674c0,3429cda2-6047-453c-bf54-952dfa6674c0,Klinični center,275
889e3719-7d29-4888-b690-5a1531d2930e,3429cda2-6047-453c-bf54-952dfa6674c0,d119c3e9-7f2c-4d40-97a4-ccc6b4bb2951,Archinetova,650
889e3719-7d29-4888-b690-5a1531d2930e,3429cda2-6047-453c-bf54-952dfa6674c0,fef200e9-4d98-425b-ab14-8110e2aa85d7,Drama,270
889e3719-7d29-4888-b690-5a1531d2930e,3429cda2-6047-453c-bf54-952dfa6674c0,c87db9be-1fba-4102-a743-0ee4317dd5af,Bavarski dvor,87
889e3719-7d29-4888-b690-5a1531d2930e,3429cda2-6047-453c-bf54-952dfa6674c0,fef200e9-4d98-425b-ab14-8110e2aa85d7,Drama,1046
889e3719-7d29-4888-b690-5a1531d2930e,3429cda2-6047-453c-bf54-952dfa6674c0,88cdd36c-03d2-4374-a22f-110dd9f75ea0,Kajuhova,531
889e3719-7d29-4888-b690-5a1531d2930e,3429cda2-6047-453c-bf54-952dfa6674c0,093afa81-b65f-4182-bac3-afbc00558a9b,Koseze,2206
889e3719-7d29-4888-b690-5a1531d2930e,3429cda2-6047-453c-bf54-952dfa6674c0,bd1396f2-4dc8-4695-9bf1-c601157100d8,Preglov trg,353
889e3719-7d29-4888-b690-5a1531d2930e,3429cda2-6047-453c-bf54-952dfa6674c0,16578e36-c682-4083-bd29-4973445dc0fe,Gosposvetska,610
889e3719-7d29-4888-b690-5a1531d2930e,3429cda2-6047-453c-bf54-952dfa6674c0,4062cd22-b67a-4235-9980-0178b7add592,Drama,439
889e3719-7d29-4888-b690-5a1531d2930e,3429cda2-6047-453c-bf54-952dfa6674c0,fef200e9-4d98-425b-ab14-8110e2aa85d7,Drama,162
889e3719-7d29-4888-b690-5a1531d2930e,3429cda2-6047-453c-bf54-952dfa6674c0,6c56976b-4ae1-429f-bcab-0cfc37e3580d,Zgornji log,385
889e3719-7d29-4888-b690-5a1531d2930e,3429cda2-6047-453c-bf54-952dfa6674c0,f784b27a-1509-4eec-bd52-6beee2b9530b,Kamnogoriška,198
889e3719-7d29-4888-b690-5a1531d2930e,3429cda2-6047-453c-bf54-952dfa6674c0,6182f8e8-c45e-4606-b4a4-d909bd44d2cc,Gornji trg,752
889e3719-7d29-4888-b690-5a1531d2930e,3429cda2-6047-453c-bf54-952dfa6674c0,d72032c7-d4b0-4eee-a87c-593985a42266,Tobačna,57
889e3719-7d29-4888-b690-5a1531d2930e,3429cda2-6047-453c-bf54-952dfa6674c0,557f714a-6f4a-4c98-8c5a-d74fa34b2adb,Hrvatski trg,668
889e3719-7d29-4888-b690-5a1531d2930e,3429cda2-6047-453c-bf54-952dfa6674c0,8fbf17ab-413b-442c-9c6a-0eb8873a4755,Kovinarska,1435
889e3719-7d29-4888-b690-5a1531d2930e,3429cda2-6047-453c-bf54-952dfa6674c0,4062cd22-b67a-4235-9980-0178b7add592,Drama,50
889e3719-7d29-4888-b690-5a1531d2930e,3429cda2-6047-453c-bf54-952dfa6674c0,fef200e9-4d98-425b-ab14-8110e2aa85d7,Drama,355
889e3719-7d29-4888-b690-5a1531d2930e,3429cda2-6047-453c-bf54-952dfa6674c0,fef200e9-4d98-425b-ab14-8110e2aa85d7,Drama,74
889e3719-7d29-4888-b690-5a1531d2930e,3429cda2-6047-453c-bf54-952dfa6674c0,fcc58ff5-bf0b-44ce-b12b-75ecc493f24d,Petrol,349
889e3719-7d29-4888-b690-5a1531d2930e,3429cda2-6047-453c-bf54-952dfa6674c0,b829062a-2644-4350-b998-74522d9e85d8,Lutkovno gl.,682
889e3719-7d29-4888-b690-5a1531d2930e,3429cda2-6047-453c-bf54-952dfa6674c0,fef200e9-4d98-425b-ab14-8110e2aa85d7,Drama,831
889e3719-7d29-4888-b690-5a1531d2930e,3429cda2-6047-453c-bf54-952dfa6674c0,fef200e9-4d98-425b-ab14-8110e2aa85d7,Drama,711
889e3719-7d29-4888-b690-5a1531d2930e,3429cda2-6047-453c-bf54-952dfa6674c0,b59656a4-b6e7-4b87-977c-078c59088a50,Hajdrihova,34
889e3719-7d29-4888-b690-5a1531d2930e,3429cda2-6047-453c-bf54-952dfa6674c0,6bc92f4c-414c-456b-9150-d58a7689d26e,Jana Husa,30
889e3719-7d29-4888-b690-5a1531d2930e,3429cda2-6047-453c-bf54-952dfa6674c0,4062cd22-b67a-4235-9980-0178b7add592,Drama,2224
889e3719-7d29-4888-b690-5a1531d2930e,3429cda2-6047-453c-bf54-952dfa6674c0,454817d3-3750-49c7-994c-14d06fd2c634,Žale,101
889e3719-7d29-4888-b690-5a1531d2930e,3429cda2-6047-453c-bf54-952dfa6674c0,a719a87c-4e93-4387-a6d1-2631a487f7e0,Ajdovščina,1866
889e3719-7d29-4888-b690-5a1531d2930e,3429cda2-6047-453c-bf54-952dfa6674c0,4afd573d-abb7-4209-9b28-5c34811eb3ef,Lavrica pri Malči,689
889e3719-7d29-4888-b690-5a1531d2930e,3429cda2-6047-453c-bf54-952dfa6674c0,fef200e9-4d98-425b-ab14-8110e2aa85d7,Drama,175
889e3719-7d29-4888-b690-5a1531d2930e,3429cda2-6047-453c-bf54-952dfa6674c0,fef200e9-4d98-425b-ab14-8110e2aa85d7,Drama,508
889e3719-7d29-4888-b690-5a1531d2930e,3429cda2-6047-453c-bf54-952dfa6674c0,6182f8e8-c45e-4606-b4a4-d909bd44d2cc,Gornji trg,27
889e3719-7d29-4888-b690-5a1531d2930e,3429cda2-6047-453c-bf54-952dfa6674c0,ecc4ae87-ae08-4b94-995c-452fdd94df7f,Privoz,305
889e3719-7d29-4888-b690-5a1531d2930e,3429cda2-6047-453c-bf54-952dfa6674c0,b59656a4-b6e7-4b87-977c-078c59088a50,Hajdrihova,314
889e3719-7d29-4888-b690-5a1531d2930e,3429cda2-6047-453c-bf54-952dfa6674c0,98fa3880-5936-4ec8-ba04-39c7ff9a0e6a,Stara cerkev,154
889e3719-7d29-4888-b690-5a1531d2930e,3429cda2-6047-453c-bf54-952dfa6674c0,25ad5579-f6a0-4f35-a0c9-0678b41e9dde,Križanke,276
889e3719-7d29-4888-b690-5a1531d2930e,3429cda2-6047-453c-bf54-952dfa6674c0,b905ae6a-f1e1-4057-8923-481902ed5a8e,Konzorcij,87
889e3719-7d29-4888-b690-5a1531d2930e,3429cda2-6047-453c-bf54-952dfa6674c0,ecc4ae87-ae08-4b94-995c-452fdd94df7f,Privoz,36
889e3719-7d29-4888-b690-5a1531d2930e,3429cda2-6047-453c-bf54-952dfa6674c0,5d7f28a6-2a2a-4333-aa06-48edfb652f86,Pošta,152
889e3719-7d29-4888-b690-5a1531d2930e,3429cda2-6047-453c-bf54-952dfa6674c0,379bc761-04b5-4227-be76-3b870fe3e69f,Pot na Fužine,529
889e3719-7d29-4888-b690-5a1531d2930e,3429cda2-6047-453c-bf54-952dfa6674c0,484b5c91-1220-43ba-af79-84e712fcc46b,Slovenija avto,409
889e3719-7d29-4888-b690-5a1531d2930e,3429cda2-6047-453c-bf54-952dfa6674c0,fef200e9-4d98-425b-ab14-8110e2aa85d7,Drama,310
889e3719-7d29-4888-b690-5a1531d2930e,3429cda2-6047-453c-bf54-952dfa6674c0,4062cd22-b67a-4235-9980-0178b7add592,Drama,1355
889e3719-7d29-4888-b690-5a1531d2930e,3429cda2-6047-453c-bf54-952dfa6674c0,b905ae6a-f1e1-4057-8923-481902ed5a8e,Konzorcij,365
889e3719-7d29-4888-b690-5a1531d2930e,3429cda2-6047-453c-bf54-952dfa6674c0,cdee8be6-e02c-4fb5-9752-be1bac08d90d,Kavčičeva,32
889e3719-7d29-4888-b690-5a1531d2930e,3429cda2-6047-453c-bf54-952dfa6674c0,f4cfd904-bd11-4247-95df-32c4555a930f,Klinični center,276
889e3719-7d29-4888-b690-5a1531d2930e,3429cda2-6047-453c-bf54-952dfa6674c0,e7789f42-0ad7-44d1-974b-42a3f4957291,Strelišče,350
889e3719-7d29-4888-b690-5a1531d2930e,3429cda2-6047-453c-bf54-952dfa6674c0,a9796806-8cd3-4b76-bf8c-4340aec35c9e,Lutkovno gl.,459
889e3719-7d29-4888-b690-5a1531d2930e,3429cda2-6047-453c-bf54-952dfa6674c0,9a1c4c65-df77-481f-87ad-56143f02a864,Vižmarje,1025
889e3719-7d29-4888-b690-5a1531d2930e,3429cda2-6047-453c-bf54-952dfa6674c0,4062cd22-b67a-4235-9980-0178b7add592,Drama,1055
889e3719-7d29-4888-b690-5a1531d2930e,3429cda2-6047-453c-bf54-952dfa6674c0,4062cd22-b67a-4235-9980-0178b7add592,Drama,1907
889e3719-7d29-4888-b690-5a1531d2930e,3429cda2-6047-453c-bf54-952dfa6674c0,bea274aa-277a-403d-ab2f-a0342b28882e,Križanke,717
889e3719-7d29-4888-b690-5a1531d2930e,3429cda2-6047-453c-bf54-952dfa6674c0,9b85d4b0-c594-4e0e-9ce2-d0986256c270,Tavčarjeva,33
889e3719-7d29-4888-b690-5a1531d2930e,3429cda2-6047-453c-bf54-952dfa6674c0,4062cd22-b67a-4235-9980-0178b7add592,Drama,527
889e3719-7d29-4888-b690-5a1531d2930e,3429cda2-6047-453c-bf54-952dfa6674c0,c87db9be-1fba-4102-a743-0ee4317dd5af,Bavarski dvor,1394
889e3719-7d29-4888-b690-5a1531d2930e,3429cda2-6047-453c-bf54-952dfa6674c0,fef200e9-4d98-425b-ab14-8110e2aa85d7,Drama,146
889e3719-7d29-4888-b690-5a1531d2930e,3429cda2-6047-453c-bf54-952dfa6674c0,fb0042f8-d9e2-4916-b60a-38a026acf0c9,Leskoškova,562
889e3719-7d29-4888-b690-5a1531d2930e,3429cda2-6047-453c-bf54-952dfa6674c0,aa42017d-812a-4175-bc9b-0fec03b18931,Ambrožev trg,2328
889e3719-7d29-4888-b690-5a1531d2930e,3429cda2-6047-453c-bf54-952dfa6674c0,b905ae6a-f1e1-4057-8923-481902ed5a8e,Konzorcij,15
889e3719-7d29-4888-b690-5a1531d2930e,3429cda2-6047-453c-bf54-952dfa6674c0,df63651e-45ab-4487-9429-9e604415b35c,Prušnikova,529
889e3719-7d29-4888-b690-5a1531d2930e,3429cda2-6047-453c-bf54-952dfa6674c0,88cdd36c-03d2-4374-a22f-110dd9f75ea0,Kajuhova,2027
889e3719-7d29-4888-b690-5a1531d2930e,3429cda2-6047-453c-bf54-952dfa6674c0,8f56b058-1ae3-44f5-8600-4330f2264d78,Privoz,771
889e3719-7d29-4888-b690-5a1531d2930e,3429cda2-6047-453c-bf54-952dfa6674c0,bea274aa-277a-403d-ab2f-a0342b28882e,Križanke,100
889e3719-7d29-4888-b690-5a1531d2930e,3429cda2-6047-453c-bf54-952dfa6674c0,3429cda2-6047-453c-bf54-952dfa6674c0,Klinični center,263
889e3719-7d29-4888-b690-5a1531d2930e,3429cda2-6047-453c-bf54-952dfa6674c0,4062cd22-b67a-4235-9980-0178b7add592,Drama,1598
889e3719-7d29-4888-b690-5a1531d2930e,3429cda2-6047-453c-bf54-952dfa6674c0,b2cf1f2c-3c77-4a23-891f-3cdbcda92f19,Škofljica žaga,338
889e3719-7d29-4888-b690-5a1531d2930e,3429cda2-6047-453c-bf54-952dfa6674c0,b905ae6a-f1e1-4057-8923-481902ed5a8e,Konzorcij,629
889e3719-7d29-4888-b690-5a1531d2930e,3429cda2-6047-453c-bf54-952dfa6674c0,4062cd22-b67a-4235-9980-0178b7add592,Drama,719
889e3719-7d29-4888-b690-5a1531d2930e,3429cda2-6047-453c-bf54-952dfa6674c0,379bc761-04b5-4227-be76-3b870fe3e69f,Pot na Fužine,991
889e3719-7d29-4888-b690-5a1531d2930e,3429cda2-6047-453c-bf54-952dfa6674c0,6182f8e8-c45e-4606-b4a4-d909bd44d2cc,Gornji trg,3399
889e3719-7d29-4888-b690-5a1531d2930e,3429cda2-6047-453c-bf54-952dfa6674c0,fef200e9-4d98-425b-ab14-8110e2aa85d7,Drama,38
889e3719-7d29-4888-b690-5a1531d2930e,3429cda2-6047-453c-bf54-952dfa6674c0,a378ce5e-57ce-4c52-b219-568674b5cd5e,Gornji trg,599
889e3719-7d29-4888-b690-5a1531d2930e,3429cda2-6047-453c-bf54-952dfa6674c0,087e50b6-7677-4a85-802f-5694266fe38b,Aškerčeva,880
889e3719-7d29-4888-b690-5a1531d2930e,3429cda2-6047-453c-bf54-952dfa6674c0,eead721b-8996-4e73-a2f9-02dba20df4fa,Ilirska,641
889e3719-7d29-4888-b690-5a1531d2930e,3429cda2-6047-453c-bf54-952dfa6674c0,6182f8e8-c45e-4606-b4a4-d909bd44d2cc,Gornji trg,743
889e3719-7d29-4888-b690-5a1531d2930e,3429cda2-6047-453c-bf54-952dfa6674c0,ecc4ae87-ae08-4b94-995c-452fdd94df7f,Privoz,1332
889e3719-7d29-4888-b690-5a1531d2930e,3429cda2-6047-453c-bf54-952dfa6674c0,fef200e9-4d98-425b-ab14-8110e2aa85d7,Drama,1185
889e3719-7d29-4888-b690-5a1531d2930e,3429cda2-6047-453c-bf54-952dfa6674c0,9bb1ed3b-5a6f-43c7-afaf-ba2b60ca1a7a,Aškerčeva,311
889e3719-7d29-4888-b690-5a1531d2930e,3429cda2-6047-453c-bf54-952dfa6674c0,ecc4ae87-ae08-4b94-995c-452fdd94df7f,Privoz,747
889e3719-7d29-4888-b690-5a1531d2930e,3429cda2-6047-453c-bf54-952dfa6674c0,5d7f28a6-2a2a-4333-aa06-48edfb652f86,Pošta,61
889e3719-7d29-4888-b690-5a1531d2930e,3429cda2-6047-453c-bf54-952dfa6674c0,4062cd22-b67a-4235-9980-0178b7add592,Drama,626
889e3719-7d29-4888-b690-5a1531d2930e,3429cda2-6047-453c-bf54-952dfa6674c0,fef200e9-4d98-425b-ab14-8110e2aa85d7,Drama,3608
889e3719-7d29-4888-b690-5a1531d2930e,3429cda2-6047-453c-bf54-952dfa6674c0,9bb1ed3b-5a6f-43c7-afaf-ba2b60ca1a7a,Aškerčeva,942
889e3719-7d29-4888-b690-5a1531d2930e,3429cda2-6047-453c-bf54-952dfa6674c0,6182f8e8-c45e-4606-b4a4-d909bd44d2cc,Gornji trg,221
889e3719-7d29-4888-b690-5a1531d2930e,3429cda2-6047-453c-bf54-952dfa6674c0,4062cd22-b67a-4235-9980-0178b7add592,Drama,499
889e3719-7d29-4888-b690-5a1531d2930e,3429cda2-6047-453c-bf54-952dfa6674c0,8f56b058-1ae3-44f5-8600-4330f2264d78,Privoz,724
889e3719-7d29-4888-b690-5a1531d2930e,3429cda2-6047-453c-bf54-952dfa6674c0,5d7f28a6-2a2a-4333-aa06-48edfb652f86,Pošta,777
889e3719-7d29-4888-b690-5a1531d2930e,3429cda2-6047-453c-bf54-952dfa6674c0,fb7704f0-d31e-4561-83e4-621a8c62654b,Kosmačeva,874
889e3719-7d29-4888-b690-5a1531d2930e,3429cda2-6047-453c-bf54-952dfa6674c0,d72032c7-d4b0-4eee-a87c-593985a42266,Tobačna,445
889e3719-7d29-4888-b690-5a1531d2930e,3429cda2-6047-453c-bf54-952dfa6674c0,087e50b6-7677-4a85-802f-5694266fe38b,Aškerčeva,209
889e3719-7d29-4888-b690-5a1531d2930e,3429cda2-6047-453c-bf54-952dfa6674c0,c124f317-217b-4b89-9597-393843de4f81,Nusdorferjeva,905
889e3719-7d29-4888-b690-5a1531d2930e,3429cda2-6047-453c-bf54-952dfa6674c0,8589e5d1-21b4-4210-ad7a-4bf91f9a715d,Vižmarje,715
889e3719-7d29-4888-b690-5a1531d2930e,3429cda2-6047-453c-bf54-952dfa6674c0,9bb1ed3b-5a6f-43c7-afaf-ba2b60ca1a7a,Aškerčeva,204
889e3719-7d29-4888-b690-5a1531d2930e,3429cda2-6047-453c-bf54-952dfa6674c0,fef200e9-4d98-425b-ab14-8110e2aa85d7,Drama,683
889e3719-7d29-4888-b690-5a1531d2930e,3429cda2-6047-453c-bf54-952dfa6674c0,9bb1ed3b-5a6f-43c7-afaf-ba2b60ca1a7a,Aškerčeva,156
889e3719-7d29-4888-b690-5a1531d2930e,3429cda2-6047-453c-bf54-952dfa6674c0,fef200e9-4d98-425b-ab14-8110e2aa85d7,Drama,1287
889e3719-7d29-4888-b690-5a1531d2930e,3429cda2-6047-453c-bf54-952dfa6674c0,bea274aa-277a-403d-ab2f-a0342b28882e,Križanke,598
889e3719-7d29-4888-b690-5a1531d2930e,3429cda2-6047-453c-bf54-952dfa6674c0,9a938b49-ce1d-4e1c-a789-e316630ebc4f,Poliklinika,1627
889e3719-7d29-4888-b690-5a1531d2930e,3429cda2-6047-453c-bf54-952dfa6674c0,a719a87c-4e93-4387-a6d1-2631a487f7e0,Ajdovščina,99
889e3719-7d29-4888-b690-5a1531d2930e,3429cda2-6047-453c-bf54-952dfa6674c0,fef200e9-4d98-425b-ab14-8110e2aa85d7,Drama,206
889e3719-7d29-4888-b690-5a1531d2930e,3429cda2-6047-453c-bf54-952dfa6674c0,f4cfd904-bd11-4247-95df-32c4555a930f,Klinični center,1216
889e3719-7d29-4888-b690-5a1531d2930e,3429cda2-6047-453c-bf54-952dfa6674c0,f073b9d9-a3e3-4d04-a209-0db55377b79e,Zmajski most,170
889e3719-7d29-4888-b690-5a1531d2930e,3429cda2-6047-453c-bf54-952dfa6674c0,0a4b6359-22f0-4caa-b4a8-f4edb97a0825,Pot Rdečega križa,287
889e3719-7d29-4888-b690-5a1531d2930e,3429cda2-6047-453c-bf54-952dfa6674c0,0e79ef8c-f692-4e29-a37e-4a81cbb3d410,Vič Glince,1003
889e3719-7d29-4888-b690-5a1531d2930e,3429cda2-6047-453c-bf54-952dfa6674c0,fef200e9-4d98-425b-ab14-8110e2aa85d7,Drama,1575
889e3719-7d29-4888-b690-5a1531d2930e,3429cda2-6047-453c-bf54-952dfa6674c0,cbf8e64b-fd0d-48ec-8fb1-03b298cc13b3,Savsko naselje,1335
889e3719-7d29-4888-b690-5a1531d2930e,3429cda2-6047-453c-bf54-952dfa6674c0,fef200e9-4d98-425b-ab14-8110e2aa85d7,Drama,52
889e3719-7d29-4888-b690-5a1531d2930e,3429cda2-6047-453c-bf54-952dfa6674c0,fef200e9-4d98-425b-ab14-8110e2aa85d7,Drama,510
889e3719-7d29-4888-b690-5a1531d2930e,3429cda2-6047-453c-bf54-952dfa6674c0,d72032c7-d4b0-4eee-a87c-593985a42266,Tobačna,579
889e3719-7d29-4888-b690-5a1531d2930e,3429cda2-6047-453c-bf54-952dfa6674c0,4062cd22-b67a-4235-9980-0178b7add592,Drama,176
889e3719-7d29-4888-b690-5a1531d2930e,3429cda2-6047-453c-bf54-952dfa6674c0,7a52a73a-cc0e-4c61-b9bc-306157727e1c,Tržnica Moste,1388
889e3719-7d29-4888-b690-5a1531d2930e,3429cda2-6047-453c-bf54-952dfa6674c0,25ad5579-f6a0-4f35-a0c9-0678b41e9dde,Križanke,762
889e3719-7d29-4888-b690-5a1531d2930e,3429cda2-6047-453c-bf54-952dfa6674c0,0b4a072e-6c2d-4c71-ab80-2b7142df81de,Tivoli,102
889e3719-7d29-4888-b690-5a1531d2930e,3429cda2-6047-453c-bf54-952dfa6674c0,fef200e9-4d98-425b-ab14-8110e2aa85d7,Drama,831
889e3719-7d29-4888-b690-5a1531d2930e,3429cda2-6047-453c-bf54-952dfa6674c0,9b85d4b0-c594-4e0e-9ce2-d0986256c270,Tavčarjeva,684
889e3719-7d29-4888-b690-5a1531d2930e,3429cda2-6047-453c-bf54-952dfa6674c0,47252dc3-dbd8-43df-898b-0a3fb27ffc93,Pod Golovcem,2458
889e3719-7d29-4888-b690-5a1531d2930e,3429cda2-6047-453c-bf54-952dfa6674c0,fef200e9-4d98-425b-ab14-8110e2aa85d7,Drama,616
889e3719-7d29-4888-b690-5a1531d2930e,3429cda2-6047-453c-bf54-952dfa6674c0,9bb1ed3b-5a6f-43c7-afaf-ba2b60ca1a7a,Aškerčeva,2784
889e3719-7d29-4888-b690-5a1531d2930e,3429cda2-6047-453c-bf54-952dfa6674c0,16578e36-c682-4083-bd29-4973445dc0fe,Gosposvetska,247
889e3719-7d29-4888-b690-5a1531d2930e,3429cda2-6047-453c-bf54-952dfa6674c0,7a52a73a-cc0e-4c61-b9bc-306157727e1c,Tržnica Moste,189
889e3719-7d29-4888-b690-5a1531d2930e,3429cda2-6047-453c-bf54-952dfa6674c0,d5102041-8282-4c77-a593-edac0d0d4a34,Cukrarna,285
889e3719-7d29-4888-b690-5a1531d2930e,3429cda2-6047-453c-bf54-952dfa6674c0,ecc4ae87-ae08-4b94-995c-452fdd94df7f,Privoz,902
889e3719-7d29-4888-b690-5a1531d2930e,3429cda2-6047-453c-bf54-952dfa6674c0,889e3719-7d29-4888-b690-5a1531d2930e,Jadranska,86
889e3719-7d29-4888-b690-5a1531d2930e,3429cda2-6047-453c-bf54-952dfa6674c0,25ad5579-f6a0-4f35-a0c9-0678b41e9dde,Križanke,812
889e3719-7d29-4888-b690-5a1531d2930e,3429cda2-6047-453c-bf54-952dfa6674c0,397418bc-78a7-45c9-b5cf-374fe21cee11,Akademija,4324
889e3719-7d29-4888-b690-5a1531d2930e,3429cda2-6047-453c-bf54-952dfa6674c0,ecc4ae87-ae08-4b94-995c-452fdd94df7f,Privoz,1048
889e3719-7d29-4888-b690-5a1531d2930e,3429cda2-6047-453c-bf54-952dfa6674c0,fef200e9-4d98-425b-ab14-8110e2aa85d7,Drama,92
889e3719-7d29-4888-b690-5a1531d2930e,3429cda2-6047-453c-bf54-952dfa6674c0,25ad5579-f6a0-4f35-a0c9-0678b41e9dde,Križanke,42
889e3719-7d29-4888-b690-5a1531d2930e,3429cda2-6047-453c-bf54-952dfa6674c0,505865ea-cdea-4042-bdb2-b2f4f03889cb,ŠTEPANJSKO NAS.,55
889e3719-7d29-4888-b690-5a1531d2930e,3429cda2-6047-453c-bf54-952dfa6674c0,a719a87c-4e93-4387-a6d1-2631a487f7e0,Ajdovščina,603
889e3719-7d29-4888-b690-5a1531d2930e,3429cda2-6047-453c-bf54-952dfa6674c0,fef200e9-4d98-425b-ab14-8110e2aa85d7,Drama,36
889e3719-7d29-4888-b690-5a1531d2930e,3429cda2-6047-453c-bf54-952dfa6674c0,fef200e9-4d98-425b-ab14-8110e2aa85d7,Drama,1384
889e3719-7d29-4888-b690-5a1531d2930e,3429cda2-6047-453c-bf54-952dfa6674c0,4062cd22-b67a-4235-9980-0178b7add592,Drama,158
889e3719-7d29-4888-b690-5a1531d2930e,3429cda2-6047-453c-bf54-952dfa6674c0,a719a87c-4e93-4387-a6d1-2631a487f7e0,Ajdovščina,959
889e3719-7d29-4888-b690-5a1531d2930e,3429cda2-6047-453c-bf54-952dfa6674c0,557f714a-6f4a-4c98-8c5a-d74fa34b2adb,Hrvatski trg,1943
889e3719-7d29-4888-b690-5a1531d2930e,3429cda2-6047-453c-bf54-952dfa6674c0,25ad5579-f6a0-4f35-a0c9-0678b41e9dde,Križanke,1402
889e3719-7d29-4888-b690-5a1531d2930e,3429cda2-6047-453c-bf54-952dfa6674c0,b905ae6a-f1e1-4057-8923-481902ed5a8e,Konzorcij,329
889e3719-7d29-4888-b690-5a1531d2930e,3429cda2-6047-453c-bf54-952dfa6674c0,ecc4ae87-ae08-4b94-995c-452fdd94df7f,Privoz,173
889e3719-7d29-4888-b690-5a1531d2930e,3429cda2-6047-453c-bf54-952dfa6674c0,3429cda2-6047-453c-bf54-952dfa6674c0,Klinični center,121
889e3719-7d29-4888-b690-5a1531d2930e,3429cda2-6047-453c-bf54-952dfa6674c0,a378ce5e-57ce-4c52-b219-568674b5cd5e,Gornji trg,1133
889e3719-7d29-4888-b690-5a1531d2930e,3429cda2-6047-453c-bf54-952dfa6674c0,b905ae6a-f1e1-4057-8923-481902ed5a8e,Konzorcij,965
889e3719-7d29-4888-b690-5a1531d2930e,3429cda2-6047-453c-bf54-952dfa6674c0,3c6ebf90-c611-4535-b2b0-22fba3f7649a,Štajerska,267
889e3719-7d29-4888-b690-5a1531d2930e,3429cda2-6047-453c-bf54-952dfa6674c0,2f874852-bc80-4ff3-b6bf-a914e31251c8,Savske stolpnice,295
889e3719-7d29-4888-b690-5a1531d2930e,3429cda2-6047-453c-bf54-952dfa6674c0,a9796806-8cd3-4b76-bf8c-4340aec35c9e,Lutkovno gl.,1250
889e3719-7d29-4888-b690-5a1531d2930e,3429cda2-6047-453c-bf54-952dfa6674c0,391bf42a-68a3-400a-baea-0c708f327325,Kamna Gorica,771
889e3719-7d29-4888-b690-5a1531d2930e,3429cda2-6047-453c-bf54-952dfa6674c0,N/A,N/A,4525
889e3719-7d29-4888-b690-5a1531d2930e,3429cda2-6047-453c-bf54-952dfa6674c0,294c40c4-18e4-4d92-a947-911a8623de89,Veliki štradon,176
889e3719-7d29-4888-b690-5a1531d2930e,3429cda2-6047-453c-bf54-952dfa6674c0,c22879e5-8e90-4540-9a74-5f139208e492,Friškovec,3658
889e3719-7d29-4888-b690-5a1531d2930e,3429cda2-6047-453c-bf54-952dfa6674c0,N/A,N/A,4525
889e3719-7d29-4888-b690-5a1531d2930e,3429cda2-6047-453c-bf54-952dfa6674c0,ecc4ae87-ae08-4b94-995c-452fdd94df7f,Privoz,1197
889e3719-7d29-4888-b690-5a1531d2930e,3429cda2-6047-453c-bf54-952dfa6674c0,fef200e9-4d98-425b-ab14-8110e2aa85d7,Drama,190
889e3719-7d29-4888-b690-5a1531d2930e,3429cda2-6047-453c-bf54-952dfa6674c0,8f56b058-1ae3-44f5-8600-4330f2264d78,Privoz,23
889e3719-7d29-4888-b690-5a1531d2930e,3429cda2-6047-453c-bf54-952dfa6674c0,b905ae6a-f1e1-4057-8923-481902ed5a8e,Konzorcij,900
889e3719-7d29-4888-b690-5a1531d2930e,3429cda2-6047-453c-bf54-952dfa6674c0,c87db9be-1fba-4102-a743-0ee4317dd5af,Bavarski dvor,817
889e3719-7d29-4888-b690-5a1531d2930e,3429cda2-6047-453c-bf54-952dfa6674c0,9cfac7e2-9653-4e52-a6d3-27756d27f817,Kino Šiška,210
889e3719-7d29-4888-b690-5a1531d2930e,3429cda2-6047-453c-bf54-952dfa6674c0,e66e813a-722d-40f8-9ee9-1470d07bc200,Tobačna,157
889e3719-7d29-4888-b690-5a1531d2930e,3429cda2-6047-453c-bf54-952dfa6674c0,087e50b6-7677-4a85-802f-5694266fe38b,Aškerčeva,505
889e3719-7d29-4888-b690-5a1531d2930e,3429cda2-6047-453c-bf54-952dfa6674c0,41c8c7eb-62ef-45d8-b5b1-221dd3c0022c,Tbilisijska,1258
889e3719-7d29-4888-b690-5a1531d2930e,3429cda2-6047-453c-bf54-952dfa6674c0,fef200e9-4d98-425b-ab14-8110e2aa85d7,Drama,199
889e3719-7d29-4888-b690-5a1531d2930e,3429cda2-6047-453c-bf54-952dfa6674c0,fef200e9-4d98-425b-ab14-8110e2aa85d7,Drama,6
889e3719-7d29-4888-b690-5a1531d2930e,3429cda2-6047-453c-bf54-952dfa6674c0,61f19c68-2d5e-4d76-bdd4-28709a347b5b,Spar,553
889e3719-7d29-4888-b690-5a1531d2930e,3429cda2-6047-453c-bf54-952dfa6674c0,557f714a-6f4a-4c98-8c5a-d74fa34b2adb,Hrvatski trg,551
889e3719-7d29-4888-b690-5a1531d2930e,3429cda2-6047-453c-bf54-952dfa6674c0,f2920a77-6c6c-494d-96b7-2a8caf8f374f,Mirje,123
889e3719-7d29-4888-b690-5a1531d2930e,3429cda2-6047-453c-bf54-952dfa6674c0,d72032c7-d4b0-4eee-a87c-593985a42266,Tobačna,1369
889e3719-7d29-4888-b690-5a1531d2930e,3429cda2-6047-453c-bf54-952dfa6674c0,9a480b5e-0283-4130-a5e2-9d5e996caa4f,Litostrojska,205
889e3719-7d29-4888-b690-5a1531d2930e,3429cda2-6047-453c-bf54-952dfa6674c0,4062cd22-b67a-4235-9980-0178b7add592,Drama,381
889e3719-7d29-4888-b690-5a1531d2930e,3429cda2-6047-453c-bf54-952dfa6674c0,717c914e-f928-4671-95f6-26c1ddb95799,Cesta v Gorice,731
889e3719-7d29-4888-b690-5a1531d2930e,3429cda2-6047-453c-bf54-952dfa6674c0,8f56b058-1ae3-44f5-8600-4330f2264d78,Privoz,549
889e3719-7d29-4888-b690-5a1531d2930e,3429cda2-6047-453c-bf54-952dfa6674c0,fef200e9-4d98-425b-ab14-8110e2aa85d7,Drama,446
889e3719-7d29-4888-b690-5a1531d2930e,3429cda2-6047-453c-bf54-952dfa6674c0,4bd4913f-8597-4ea0-b219-4e9b15dcbb62,Jarše,484
889e3719-7d29-4888-b690-5a1531d2930e,3429cda2-6047-453c-bf54-952dfa6674c0,6c56976b-4ae1-429f-bcab-0cfc37e3580d,Zgornji log,1454
889e3719-7d29-4888-b690-5a1531d2930e,3429cda2-6047-453c-bf54-952dfa6674c0,9bb1ed3b-5a6f-43c7-afaf-ba2b60ca1a7a,Aškerčeva,20
889e3719-7d29-4888-b690-5a1531d2930e,3429cda2-6047-453c-bf54-952dfa6674c0,4062cd22-b67a-4235-9980-0178b7add592,Drama,854
889e3719-7d29-4888-b690-5a1531d2930e,3429cda2-6047-453c-bf54-952dfa6674c0,16578e36-c682-4083-bd29-4973445dc0fe,Gosposvetska,240
889e3719-7d29-4888-b690-5a1531d2930e,3429cda2-6047-453c-bf54-952dfa6674c0,484b5c91-1220-43ba-af79-84e712fcc46b,Slovenija avto,1199
889e3719-7d29-4888-b690-5a1531d2930e,3429cda2-6047-453c-bf54-952dfa6674c0,f2b27cbd-5207-4281-8f67-6369d0c50a9b,Kodrova,549
889e3719-7d29-4888-b690-5a1531d2930e,3429cda2-6047-453c-bf54-952dfa6674c0,25ad5579-f6a0-4f35-a0c9-0678b41e9dde,Križanke,68
889e3719-7d29-4888-b690-5a1531d2930e,3429cda2-6047-453c-bf54-952dfa6674c0,fb7704f0-d31e-4561-83e4-621a8c62654b,Kosmačeva,1571
889e3719-7d29-4888-b690-5a1531d2930e,3429cda2-6047-453c-bf54-952dfa6674c0,4062cd22-b67a-4235-9980-0178b7add592,Drama,74
889e3719-7d29-4888-b690-5a1531d2930e,3429cda2-6047-453c-bf54-952dfa6674c0,557f714a-6f4a-4c98-8c5a-d74fa34b2adb,Hrvatski trg,1591
889e3719-7d29-4888-b690-5a1531d2930e,3429cda2-6047-453c-bf54-952dfa6674c0,98fa3880-5936-4ec8-ba04-39c7ff9a0e6a,Stara cerkev,756
889e3719-7d29-4888-b690-5a1531d2930e,3429cda2-6047-453c-bf54-952dfa6674c0,25ad5579-f6a0-4f35-a0c9-0678b41e9dde,Križanke,1559
889e3719-7d29-4888-b690-5a1531d2930e,3429cda2-6047-453c-bf54-952dfa6674c0,9bb1ed3b-5a6f-43c7-afaf-ba2b60ca1a7a,Aškerčeva,27
889e3719-7d29-4888-b690-5a1531d2930e,3429cda2-6047-453c-bf54-952dfa6674c0,b905ae6a-f1e1-4057-8923-481902ed5a8e,Konzorcij,1780
889e3719-7d29-4888-b690-5a1531d2930e,3429cda2-6047-453c-bf54-952dfa6674c0,c124f317-217b-4b89-9597-393843de4f81,Nusdorferjeva,431
889e3719-7d29-4888-b690-5a1531d2930e,3429cda2-6047-453c-bf54-952dfa6674c0,f073b9d9-a3e3-4d04-a209-0db55377b79e,Zmajski most,579
889e3719-7d29-4888-b690-5a1531d2930e,3429cda2-6047-453c-bf54-952dfa6674c0,ac3afe7d-a2b3-4d5d-9e6a-1d2412a3bc70,Litostrojska,96
889e3719-7d29-4888-b690-5a1531d2930e,3429cda2-6047-453c-bf54-952dfa6674c0,4062cd22-b67a-4235-9980-0178b7add592,Drama,790
889e3719-7d29-4888-b690-5a1531d2930e,3429cda2-6047-453c-bf54-952dfa6674c0,fef200e9-4d98-425b-ab14-8110e2aa85d7,Drama,61
889e3719-7d29-4888-b690-5a1531d2930e,3429cda2-6047-453c-bf54-952dfa6674c0,fef200e9-4d98-425b-ab14-8110e2aa85d7,Drama,164
889e3719-7d29-4888-b690-5a1531d2930e,3429cda2-6047-453c-bf54-952dfa6674c0,fef200e9-4d98-425b-ab14-8110e2aa85d7,Drama,1645
889e3719-7d29-4888-b690-5a1531d2930e,3429cda2-6047-453c-bf54-952dfa6674c0,e57aad1d-457e-401f-b26d-306b4fd836eb,Kašeljska,765
889e3719-7d29-4888-b690-5a1531d2930e,3429cda2-6047-453c-bf54-952dfa6674c0,c1606675-dd38-4952-914b-6ca64fd56b7b,Rudnik,28
889e3719-7d29-4888-b690-5a1531d2930e,3429cda2-6047-453c-bf54-952dfa6674c0,5d7f28a6-2a2a-4333-aa06-48edfb652f86,Pošta,930
889e3719-7d29-4888-b690-5a1531d2930e,3429cda2-6047-453c-bf54-952dfa6674c0,fef200e9-4d98-425b-ab14-8110e2aa85d7,Drama,3378
889e3719-7d29-4888-b690-5a1531d2930e,3429cda2-6047-453c-bf54-952dfa6674c0,0bb103e4-c4a6-4c4c-a13d-217ab4e6dfd3,Cesta na Vevče,1346
889e3719-7d29-4888-b690-5a1531d2930e,3429cda2-6047-453c-bf54-952dfa6674c0,a378ce5e-57ce-4c52-b219-568674b5cd5e,Gornji trg,491
889e3719-7d29-4888-b690-5a1531d2930e,3429cda2-6047-453c-bf54-952dfa6674c0,9bb1ed3b-5a6f-43c7-afaf-ba2b60ca1a7a,Aškerčeva,55
889e3719-7d29-4888-b690-5a1531d2930e,3429cda2-6047-453c-bf54-952dfa6674c0,d72032c7-d4b0-4eee-a87c-593985a42266,Tobačna,293
889e3719-7d29-4888-b690-5a1531d2930e,3429cda2-6047-453c-bf54-952dfa6674c0,295616c0-387b-4f60-a337-7743cd6be04e,Bavarski dvor,630
889e3719-7d29-4888-b690-5a1531d2930e,3429cda2-6047-453c-bf54-952dfa6674c0,bea274aa-277a-403d-ab2f-a0342b28882e,Križanke,745
889e3719-7d29-4888-b690-5a1531d2930e,3429cda2-6047-453c-bf54-952dfa6674c0,0df2ffa6-b1c8-44d0-900c-8b23b37794df,Spodnji Rudnik,803
889e3719-7d29-4888-b690-5a1531d2930e,3429cda2-6047-453c-bf54-952dfa6674c0,bea274aa-277a-403d-ab2f-a0342b28882e,Križanke,148
889e3719-7d29-4888-b690-5a1531d2930e,3429cda2-6047-453c-bf54-952dfa6674c0,4062cd22-b67a-4235-9980-0178b7add592,Drama,215
889e3719-7d29-4888-b690-5a1531d2930e,3429cda2-6047-453c-bf54-952dfa6674c0,fef200e9-4d98-425b-ab14-8110e2aa85d7,Drama,60
889e3719-7d29-4888-b690-5a1531d2930e,3429cda2-6047-453c-bf54-952dfa6674c0,bea274aa-277a-403d-ab2f-a0342b28882e,Križanke,77
889e3719-7d29-4888-b690-5a1531d2930e,3429cda2-6047-453c-bf54-952dfa6674c0,7558099b-08a3-43bc-8056-49bcc5900a03,Cesta v Bizovik,134
889e3719-7d29-4888-b690-5a1531d2930e,3429cda2-6047-453c-bf54-952dfa6674c0,16578e36-c682-4083-bd29-4973445dc0fe,Gosposvetska,47
889e3719-7d29-4888-b690-5a1531d2930e,3429cda2-6047-453c-bf54-952dfa6674c0,4062cd22-b67a-4235-9980-0178b7add592,Drama,232
889e3719-7d29-4888-b690-5a1531d2930e,3429cda2-6047-453c-bf54-952dfa6674c0,a2ce7e6f-0f99-443a-a973-81a0b9c60261,Astra,385
889e3719-7d29-4888-b690-5a1531d2930e,3429cda2-6047-453c-bf54-952dfa6674c0,fef200e9-4d98-425b-ab14-8110e2aa85d7,Drama,857
889e3719-7d29-4888-b690-5a1531d2930e,3429cda2-6047-453c-bf54-952dfa6674c0,cab36767-e95a-4f60-978e-92490f2517b2,Hrvatski trg,1375
889e3719-7d29-4888-b690-5a1531d2930e,3429cda2-6047-453c-bf54-952dfa6674c0,a719a87c-4e93-4387-a6d1-2631a487f7e0,Ajdovščina,302
889e3719-7d29-4888-b690-5a1531d2930e,3429cda2-6047-453c-bf54-952dfa6674c0,b905ae6a-f1e1-4057-8923-481902ed5a8e,Konzorcij,1288
889e3719-7d29-4888-b690-5a1531d2930e,3429cda2-6047-453c-bf54-952dfa6674c0,fef200e9-4d98-425b-ab14-8110e2aa85d7,Drama,1807
889e3719-7d29-4888-b690-5a1531d2930e,3429cda2-6047-453c-bf54-952dfa6674c0,b905ae6a-f1e1-4057-8923-481902ed5a8e,Konzorcij,1318
889e3719-7d29-4888-b690-5a1531d2930e,3429cda2-6047-453c-bf54-952dfa6674c0,38b3abed-0592-407b-96c3-85a026f2e192,Dalmatinova,609
889e3719-7d29-4888-b690-5a1531d2930e,3429cda2-6047-453c-bf54-952dfa6674c0,25ad5579-f6a0-4f35-a0c9-0678b41e9dde,Križanke,100
889e3719-7d29-4888-b690-5a1531d2930e,3429cda2-6047-453c-bf54-952dfa6674c0,d72032c7-d4b0-4eee-a87c-593985a42266,Tobačna,1658
889e3719-7d29-4888-b690-5a1531d2930e,3429cda2-6047-453c-bf54-952dfa6674c0,cab36767-e95a-4f60-978e-92490f2517b2,Hrvatski trg,111
889e3719-7d29-4888-b690-5a1531d2930e,3429cda2-6047-453c-bf54-952dfa6674c0,e66e813a-722d-40f8-9ee9-1470d07bc200,Tobačna,1913
889e3719-7d29-4888-b690-5a1531d2930e,3429cda2-6047-453c-bf54-952dfa6674c0,8c7fa045-888b-46d0-8189-6f82623bf481,Poljanska,342
889e3719-7d29-4888-b690-5a1531d2930e,3429cda2-6047-453c-bf54-952dfa6674c0,f2920a77-6c6c-494d-96b7-2a8caf8f374f,Mirje,1071
889e3719-7d29-4888-b690-5a1531d2930e,3429cda2-6047-453c-bf54-952dfa6674c0,52e5adea-e194-4fc1-809c-1d6421f8f8db,Kovinarska,1600
889e3719-7d29-4888-b690-5a1531d2930e,3429cda2-6047-453c-bf54-952dfa6674c0,98fa3880-5936-4ec8-ba04-39c7ff9a0e6a,Stara cerkev,141
889e3719-7d29-4888-b690-5a1531d2930e,3429cda2-6047-453c-bf54-952dfa6674c0,aa42017d-812a-4175-bc9b-0fec03b18931,Ambrožev trg,97
889e3719-7d29-4888-b690-5a1531d2930e,3429cda2-6047-453c-bf54-952dfa6674c0,16578e36-c682-4083-bd29-4973445dc0fe,Gosposvetska,345
889e3719-7d29-4888-b690-5a1531d2930e,3429cda2-6047-453c-bf54-952dfa6674c0,dfde6478-02b5-471b-a470-29cb0e84542f,Slovenija avto,614
889e3719-7d29-4888-b690-5a1531d2930e,3429cda2-6047-453c-bf54-952dfa6674c0,4062cd22-b67a-4235-9980-0178b7add592,Drama,150
889e3719-7d29-4888-b690-5a1531d2930e,3429cda2-6047-453c-bf54-952dfa6674c0,4062cd22-b67a-4235-9980-0178b7add592,Drama,186
889e3719-7d29-4888-b690-5a1531d2930e,3429cda2-6047-453c-bf54-952dfa6674c0,5d7f28a6-2a2a-4333-aa06-48edfb652f86,Pošta,1249
889e3719-7d29-4888-b690-5a1531d2930e,3429cda2-6047-453c-bf54-952dfa6674c0,a9796806-8cd3-4b76-bf8c-4340aec35c9e,Lutkovno gl.,1141
889e3719-7d29-4888-b690-5a1531d2930e,3429cda2-6047-453c-bf54-952dfa6674c0,9b85d4b0-c594-4e0e-9ce2-d0986256c270,Tavčarjeva,28
889e3719-7d29-4888-b690-5a1531d2930e,3429cda2-6047-453c-bf54-952dfa6674c0,cab36767-e95a-4f60-978e-92490f2517b2,Hrvatski trg,1879
889e3719-7d29-4888-b690-5a1531d2930e,3429cda2-6047-453c-bf54-952dfa6674c0,d72032c7-d4b0-4eee-a87c-593985a42266,Tobačna,43
889e3719-7d29-4888-b690-5a1531d2930e,3429cda2-6047-453c-bf54-952dfa6674c0,3429cda2-6047-453c-bf54-952dfa6674c0,Klinični center,2119
889e3719-7d29-4888-b690-5a1531d2930e,3429cda2-6047-453c-bf54-952dfa6674c0,bd1396f2-4dc8-4695-9bf1-c601157100d8,Preglov trg,3155
889e3719-7d29-4888-b690-5a1531d2930e,3429cda2-6047-453c-bf54-952dfa6674c0,a719a87c-4e93-4387-a6d1-2631a487f7e0,Ajdovščina,110
889e3719-7d29-4888-b690-5a1531d2930e,3429cda2-6047-453c-bf54-952dfa6674c0,b59656a4-b6e7-4b87-977c-078c59088a50,Hajdrihova,979
889e3719-7d29-4888-b690-5a1531d2930e,3429cda2-6047-453c-bf54-952dfa6674c0,295616c0-387b-4f60-a337-7743cd6be04e,Bavarski dvor,1249
889e3719-7d29-4888-b690-5a1531d2930e,3429cda2-6047-453c-bf54-952dfa6674c0,c87db9be-1fba-4102-a743-0ee4317dd5af,Bavarski dvor,1509
889e3719-7d29-4888-b690-5a1531d2930e,3429cda2-6047-453c-bf54-952dfa6674c0,c5ec5e81-2ce4-452d-bd7a-595de4f8b34f,Prušnikova,233
889e3719-7d29-4888-b690-5a1531d2930e,3429cda2-6047-453c-bf54-952dfa6674c0,fef200e9-4d98-425b-ab14-8110e2aa85d7,Drama,975
889e3719-7d29-4888-b690-5a1531d2930e,3429cda2-6047-453c-bf54-952dfa6674c0,8f56b058-1ae3-44f5-8600-4330f2264d78,Privoz,56
889e3719-7d29-4888-b690-5a1531d2930e,3429cda2-6047-453c-bf54-952dfa6674c0,b59656a4-b6e7-4b87-977c-078c59088a50,Hajdrihova,127
889e3719-7d29-4888-b690-5a1531d2930e,3429cda2-6047-453c-bf54-952dfa6674c0,0bb103e4-c4a6-4c4c-a13d-217ab4e6dfd3,Cesta na Vevče,516
889e3719-7d29-4888-b690-5a1531d2930e,3429cda2-6047-453c-bf54-952dfa6674c0,087e50b6-7677-4a85-802f-5694266fe38b,Aškerčeva,1783
889e3719-7d29-4888-b690-5a1531d2930e,3429cda2-6047-453c-bf54-952dfa6674c0,16578e36-c682-4083-bd29-4973445dc0fe,Gosposvetska,697
889e3719-7d29-4888-b690-5a1531d2930e,3429cda2-6047-453c-bf54-952dfa6674c0,fef200e9-4d98-425b-ab14-8110e2aa85d7,Drama,62
889e3719-7d29-4888-b690-5a1531d2930e,3429cda2-6047-453c-bf54-952dfa6674c0,087e50b6-7677-4a85-802f-5694266fe38b,Aškerčeva,293
889e3719-7d29-4888-b690-5a1531d2930e,3429cda2-6047-453c-bf54-952dfa6674c0,94c6598b-7303-42e1-94d5-156d7a25f630,Gerbičeva,44
889e3719-7d29-4888-b690-5a1531d2930e,3429cda2-6047-453c-bf54-952dfa6674c0,fef200e9-4d98-425b-ab14-8110e2aa85d7,Drama,30
889e3719-7d29-4888-b690-5a1531d2930e,3429cda2-6047-453c-bf54-952dfa6674c0,ac3afe7d-a2b3-4d5d-9e6a-1d2412a3bc70,Litostrojska,1262
889e3719-7d29-4888-b690-5a1531d2930e,3429cda2-6047-453c-bf54-952dfa6674c0,277bc73c-e61d-4046-bcfd-31d6161c568e,Center Zalog,947
889e3719-7d29-4888-b690-5a1531d2930e,3429cda2-6047-453c-bf54-952dfa6674c0,25ad5579-f6a0-4f35-a0c9-0678b41e9dde,Križanke,565
889e3719-7d29-4888-b690-5a1531d2930e,3429cda2-6047-453c-bf54-952dfa6674c0,cf6f67f5-f7df-4462-828b-481134217fad,Žito,712
889e3719-7d29-4888-b690-5a1531d2930e,3429cda2-6047-453c-bf54-952dfa6674c0,b905ae6a-f1e1-4057-8923-481902ed5a8e,Konzorcij,187
889e3719-7d29-4888-b690-5a1531d2930e,3429cda2-6047-453c-bf54-952dfa6674c0,9a938b49-ce1d-4e1c-a789-e316630ebc4f,Poliklinika,92
889e3719-7d29-4888-b690-5a1531d2930e,3429cda2-6047-453c-bf54-952dfa6674c0,4038e02e-f22f-4af0-ba4f-7aab855b53af,Kneza Koclja,731
889e3719-7d29-4888-b690-5a1531d2930e,3429cda2-6047-453c-bf54-952dfa6674c0,0e79ef8c-f692-4e29-a37e-4a81cbb3d410,Vič Glince,257
889e3719-7d29-4888-b690-5a1531d2930e,3429cda2-6047-453c-bf54-952dfa6674c0,fef200e9-4d98-425b-ab14-8110e2aa85d7,Drama,699
889e3719-7d29-4888-b690-5a1531d2930e,3429cda2-6047-453c-bf54-952dfa6674c0,379bc761-04b5-4227-be76-3b870fe3e69f,Pot na Fužine,1364
889e3719-7d29-4888-b690-5a1531d2930e,3429cda2-6047-453c-bf54-952dfa6674c0,0b4a072e-6c2d-4c71-ab80-2b7142df81de,Tivoli,1495
889e3719-7d29-4888-b690-5a1531d2930e,3429cda2-6047-453c-bf54-952dfa6674c0,4062cd22-b67a-4235-9980-0178b7add592,Drama,115
889e3719-7d29-4888-b690-5a1531d2930e,3429cda2-6047-453c-bf54-952dfa6674c0,c124f317-217b-4b89-9597-393843de4f81,Nusdorferjeva,166
889e3719-7d29-4888-b690-5a1531d2930e,3429cda2-6047-453c-bf54-952dfa6674c0,fef200e9-4d98-425b-ab14-8110e2aa85d7,Drama,1478
889e3719-7d29-4888-b690-5a1531d2930e,3429cda2-6047-453c-bf54-952dfa6674c0,af2956ba-d922-4ec4-bfa7-b623c29e8b3e,Kompas,202
889e3719-7d29-4888-b690-5a1531d2930e,3429cda2-6047-453c-bf54-952dfa6674c0,9b85d4b0-c594-4e0e-9ce2-d0986256c270,Tavčarjeva,3884
889e3719-7d29-4888-b690-5a1531d2930e,3429cda2-6047-453c-bf54-952dfa6674c0,bea274aa-277a-403d-ab2f-a0342b28882e,Križanke,1738
889e3719-7d29-4888-b690-5a1531d2930e,3429cda2-6047-453c-bf54-952dfa6674c0,e7789f42-0ad7-44d1-974b-42a3f4957291,Strelišče,725
889e3719-7d29-4888-b690-5a1531d2930e,3429cda2-6047-453c-bf54-952dfa6674c0,d72032c7-d4b0-4eee-a87c-593985a42266,Tobačna,304
889e3719-7d29-4888-b690-5a1531d2930e,3429cda2-6047-453c-bf54-952dfa6674c0,16578e36-c682-4083-bd29-4973445dc0fe,Gosposvetska,256
889e3719-7d29-4888-b690-5a1531d2930e,3429cda2-6047-453c-bf54-952dfa6674c0,c1606675-dd38-4952-914b-6ca64fd56b7b,Rudnik,51
889e3719-7d29-4888-b690-5a1531d2930e,3429cda2-6047-453c-bf54-952dfa6674c0,3429cda2-6047-453c-bf54-952dfa6674c0,Klinični center,692
889e3719-7d29-4888-b690-5a1531d2930e,3429cda2-6047-453c-bf54-952dfa6674c0,98fa3880-5936-4ec8-ba04-39c7ff9a0e6a,Stara cerkev,159
889e3719-7d29-4888-b690-5a1531d2930e,3429cda2-6047-453c-bf54-952dfa6674c0,bea274aa-277a-403d-ab2f-a0342b28882e,Križanke,520
889e3719-7d29-4888-b690-5a1531d2930e,3429cda2-6047-453c-bf54-952dfa6674c0,023d7b7a-b411-4e61-8746-b07f9e5c8f90,Ambrožev trg,500
889e3719-7d29-4888-b690-5a1531d2930e,3429cda2-6047-453c-bf54-952dfa6674c0,813b7c8c-5236-405a-bb0d-092a5d93c2a6,Kavčičeva,733
889e3719-7d29-4888-b690-5a1531d2930e,3429cda2-6047-453c-bf54-952dfa6674c0,b905ae6a-f1e1-4057-8923-481902ed5a8e,Konzorcij,52
889e3719-7d29-4888-b690-5a1531d2930e,3429cda2-6047-453c-bf54-952dfa6674c0,60ccc570-3714-410b-aa31-43d3a4c593c8,Tržnica Moste,380
889e3719-7d29-4888-b690-5a1531d2930e,3429cda2-6047-453c-bf54-952dfa6674c0,fef200e9-4d98-425b-ab14-8110e2aa85d7,Drama,143
889e3719-7d29-4888-b690-5a1531d2930e,3429cda2-6047-453c-bf54-952dfa6674c0,f528b363-1484-456c-835b-1e08dc31ef8e,Gornji Rudnik,3333
889e3719-7d29-4888-b690-5a1531d2930e,3429cda2-6047-453c-bf54-952dfa6674c0,c87db9be-1fba-4102-a743-0ee4317dd5af,Bavarski dvor,470
889e3719-7d29-4888-b690-5a1531d2930e,3429cda2-6047-453c-bf54-952dfa6674c0,9bb1ed3b-5a6f-43c7-afaf-ba2b60ca1a7a,Aškerčeva,1115
889e3719-7d29-4888-b690-5a1531d2930e,3429cda2-6047-453c-bf54-952dfa6674c0,25ad5579-f6a0-4f35-a0c9-0678b41e9dde,Križanke,1027
889e3719-7d29-4888-b690-5a1531d2930e,3429cda2-6047-453c-bf54-952dfa6674c0,25ad5579-f6a0-4f35-a0c9-0678b41e9dde,Križanke,641
889e3719-7d29-4888-b690-5a1531d2930e,3429cda2-6047-453c-bf54-952dfa6674c0,9a480b5e-0283-4130-a5e2-9d5e996caa4f,Litostrojska,2854
889e3719-7d29-4888-b690-5a1531d2930e,3429cda2-6047-453c-bf54-952dfa6674c0,fef200e9-4d98-425b-ab14-8110e2aa85d7,Drama,161
889e3719-7d29-4888-b690-5a1531d2930e,3429cda2-6047-453c-bf54-952dfa6674c0,6efecef0-52ba-4a47-9991-9bab5ce31340,Ajdovščina,98
889e3719-7d29-4888-b690-5a1531d2930e,3429cda2-6047-453c-bf54-952dfa6674c0,aa42017d-812a-4175-bc9b-0fec03b18931,Ambrožev trg,902
889e3719-7d29-4888-b690-5a1531d2930e,3429cda2-6047-453c-bf54-952dfa6674c0,cab36767-e95a-4f60-978e-92490f2517b2,Hrvatski trg,803
889e3719-7d29-4888-b690-5a1531d2930e,3429cda2-6047-453c-bf54-952dfa6674c0,9bb1ed3b-5a6f-43c7-afaf-ba2b60ca1a7a,Aškerčeva,183
889e3719-7d29-4888-b690-5a1531d2930e,3429cda2-6047-453c-bf54-952dfa6674c0,17f7d178-41b3-41f9-a545-cbfc22a0a5f1,Nusdorferjeva,521
889e3719-7d29-4888-b690-5a1531d2930e,3429cda2-6047-453c-bf54-952dfa6674c0,b905ae6a-f1e1-4057-8923-481902ed5a8e,Konzorcij,684
889e3719-7d29-4888-b690-5a1531d2930e,3429cda2-6047-453c-bf54-952dfa6674c0,fef200e9-4d98-425b-ab14-8110e2aa85d7,Drama,26
889e3719-7d29-4888-b690-5a1531d2930e,3429cda2-6047-453c-bf54-952dfa6674c0,4062cd22-b67a-4235-9980-0178b7add592,Drama,543
889e3719-7d29-4888-b690-5a1531d2930e,3429cda2-6047-453c-bf54-952dfa6674c0,f14a6236-8af2-47bf-9270-432377662a63,Viadukt,145
889e3719-7d29-4888-b690-5a1531d2930e,3429cda2-6047-453c-bf54-952dfa6674c0,087e50b6-7677-4a85-802f-5694266fe38b,Aškerčeva,59
889e3719-7d29-4888-b690-5a1531d2930e,3429cda2-6047-453c-bf54-952dfa6674c0,295616c0-387b-4f60-a337-7743cd6be04e,Bavarski dvor,397
889e3719-7d29-4888-b690-5a1531d2930e,3429cda2-6047-453c-bf54-952dfa6674c0,aa42017d-812a-4175-bc9b-0fec03b18931,Ambrožev trg,702
889e3719-7d29-4888-b690-5a1531d2930e,3429cda2-6047-453c-bf54-952dfa6674c0,a9796806-8cd3-4b76-bf8c-4340aec35c9e,Lutkovno gl.,2057
889e3719-7d29-4888-b690-5a1531d2930e,3429cda2-6047-453c-bf54-952dfa6674c0,48507e1a-32df-4552-9448-3b345760b75f,Cesta na Vevče,411
889e3719-7d29-4888-b690-5a1531d2930e,3429cda2-6047-453c-bf54-952dfa6674c0,ef31a8be-b01d-44cd-95cf-3db8e918af26,Emona,2712
889e3719-7d29-4888-b690-5a1531d2930e,3429cda2-6047-453c-bf54-952dfa6674c0,fef200e9-4d98-425b-ab14-8110e2aa85d7,Drama,58
889e3719-7d29-4888-b690-5a1531d2930e,3429cda2-6047-453c-bf54-952dfa6674c0,fef200e9-4d98-425b-ab14-8110e2aa85d7,Drama,591
889e3719-7d29-4888-b690-5a1531d2930e,3429cda2-6047-453c-bf54-952dfa6674c0,099976aa-17cc-45d3-add4-267985ab1533,Draga,1550
889e3719-7d29-4888-b690-5a1531d2930e,3429cda2-6047-453c-bf54-952dfa6674c0,4038e02e-f22f-4af0-ba4f-7aab855b53af,Kneza Koclja,194
889e3719-7d29-4888-b690-5a1531d2930e,3429cda2-6047-453c-bf54-952dfa6674c0,91b76764-87af-4b90-89dd-60f0046f7cc0,Tomačevska,1296
889e3719-7d29-4888-b690-5a1531d2930e,3429cda2-6047-453c-bf54-952dfa6674c0,ecc4ae87-ae08-4b94-995c-452fdd94df7f,Privoz,891
889e3719-7d29-4888-b690-5a1531d2930e,3429cda2-6047-453c-bf54-952dfa6674c0,d72032c7-d4b0-4eee-a87c-593985a42266,Tobačna,152
889e3719-7d29-4888-b690-5a1531d2930e,3429cda2-6047-453c-bf54-952dfa6674c0,075a6b29-66cb-409f-89fe-37d50669eff4,Elma,176
889e3719-7d29-4888-b690-5a1531d2930e,3429cda2-6047-453c-bf54-952dfa6674c0,4062cd22-b67a-4235-9980-0178b7add592,Drama,759
889e3719-7d29-4888-b690-5a1531d2930e,3429cda2-6047-453c-bf54-952dfa6674c0,f1b7471e-db71-49da-846d-1232cb3e8f8f,Rožna dolina,1956
889e3719-7d29-4888-b690-5a1531d2930e,3429cda2-6047-453c-bf54-952dfa6674c0,087e50b6-7677-4a85-802f-5694266fe38b,Aškerčeva,183
889e3719-7d29-4888-b690-5a1531d2930e,3429cda2-6047-453c-bf54-952dfa6674c0,2d6504e9-c938-417e-9b55-32d6514bc744,Kristalna palača,386
889e3719-7d29-4888-b690-5a1531d2930e,3429cda2-6047-453c-bf54-952dfa6674c0,fef200e9-4d98-425b-ab14-8110e2aa85d7,Drama,6
889e3719-7d29-4888-b690-5a1531d2930e,3429cda2-6047-453c-bf54-952dfa6674c0,fef200e9-4d98-425b-ab14-8110e2aa85d7,Drama,448
889e3719-7d29-4888-b690-5a1531d2930e,3429cda2-6047-453c-bf54-952dfa6674c0,c87db9be-1fba-4102-a743-0ee4317dd5af,Bavarski dvor,381
889e3719-7d29-4888-b690-5a1531d2930e,3429cda2-6047-453c-bf54-952dfa6674c0,b905ae6a-f1e1-4057-8923-481902ed5a8e,Konzorcij,424
889e3719-7d29-4888-b690-5a1531d2930e,3429cda2-6047-453c-bf54-952dfa6674c0,cdee8be6-e02c-4fb5-9752-be1bac08d90d,Kavčičeva,617
889e3719-7d29-4888-b690-5a1531d2930e,3429cda2-6047-453c-bf54-952dfa6674c0,67c3adc1-a92d-4528-91ee-77d8b52574c6,Poliklinika,398
889e3719-7d29-4888-b690-5a1531d2930e,3429cda2-6047-453c-bf54-952dfa6674c0,4062cd22-b67a-4235-9980-0178b7add592,Drama,150
889e3719-7d29-4888-b690-5a1531d2930e,3429cda2-6047-453c-bf54-952dfa6674c0,12618339-2c2d-49ec-b0e0-2517c11991f8,Mirje,509
889e3719-7d29-4888-b690-5a1531d2930e,3429cda2-6047-453c-bf54-952dfa6674c0,cab36767-e95a-4f60-978e-92490f2517b2,Hrvatski trg,141
889e3719-7d29-4888-b690-5a1531d2930e,3429cda2-6047-453c-bf54-952dfa6674c0,d987aa3a-ae4a-42f6-bc9b-79c41dcf055a,Kosmačeva,971
889e3719-7d29-4888-b690-5a1531d2930e,3429cda2-6047-453c-bf54-952dfa6674c0,b905ae6a-f1e1-4057-8923-481902ed5a8e,Konzorcij,642
889e3719-7d29-4888-b690-5a1531d2930e,3429cda2-6047-453c-bf54-952dfa6674c0,fef200e9-4d98-425b-ab14-8110e2aa85d7,Drama,107
889e3719-7d29-4888-b690-5a1531d2930e,3429cda2-6047-453c-bf54-952dfa6674c0,bea274aa-277a-403d-ab2f-a0342b28882e,Križanke,531
889e3719-7d29-4888-b690-5a1531d2930e,3429cda2-6047-453c-bf54-952dfa6674c0,0810f07b-94d6-442f-b10d-bf8210c4ed47,Draveljska gmajna,1386
889e3719-7d29-4888-b690-5a1531d2930e,3429cda2-6047-453c-bf54-952dfa6674c0,4062cd22-b67a-4235-9980-0178b7add592,Drama,363
889e3719-7d29-4888-b690-5a1531d2930e,3429cda2-6047-453c-bf54-952dfa6674c0,1eadcdb9-60cd-47c9-8eec-527c3465a685,Polje,170
889e3719-7d29-4888-b690-5a1531d2930e,3429cda2-6047-453c-bf54-952dfa6674c0,4038e02e-f22f-4af0-ba4f-7aab855b53af,Kneza Koclja,354
889e3719-7d29-4888-b690-5a1531d2930e,3429cda2-6047-453c-bf54-952dfa6674c0,fef200e9-4d98-425b-ab14-8110e2aa85d7,Drama,974
889e3719-7d29-4888-b690-5a1531d2930e,3429cda2-6047-453c-bf54-952dfa6674c0,cab36767-e95a-4f60-978e-92490f2517b2,Hrvatski trg,1784
889e3719-7d29-4888-b690-5a1531d2930e,3429cda2-6047-453c-bf54-952dfa6674c0,fef200e9-4d98-425b-ab14-8110e2aa85d7,Drama,582
889e3719-7d29-4888-b690-5a1531d2930e,3429cda2-6047-453c-bf54-952dfa6674c0,fef200e9-4d98-425b-ab14-8110e2aa85d7,Drama,755
889e3719-7d29-4888-b690-5a1531d2930e,3429cda2-6047-453c-bf54-952dfa6674c0,2ec182e2-769f-427f-b9b5-c4118890cb96,Stožice,3140
889e3719-7d29-4888-b690-5a1531d2930e,3429cda2-6047-453c-bf54-952dfa6674c0,0be237aa-4b91-4d2b-ac23-0cebac975a0d,Cankarjev dom,349
889e3719-7d29-4888-b690-5a1531d2930e,3429cda2-6047-453c-bf54-952dfa6674c0,a719a87c-4e93-4387-a6d1-2631a487f7e0,Ajdovščina,91
889e3719-7d29-4888-b690-5a1531d2930e,3429cda2-6047-453c-bf54-952dfa6674c0,d72032c7-d4b0-4eee-a87c-593985a42266,Tobačna,72
889e3719-7d29-4888-b690-5a1531d2930e,3429cda2-6047-453c-bf54-952dfa6674c0,25ad5579-f6a0-4f35-a0c9-0678b41e9dde,Križanke,983
889e3719-7d29-4888-b690-5a1531d2930e,3429cda2-6047-453c-bf54-952dfa6674c0,4bd4913f-8597-4ea0-b219-4e9b15dcbb62,Jarše,1947
889e3719-7d29-4888-b690-5a1531d2930e,3429cda2-6047-453c-bf54-952dfa6674c0,a9796806-8cd3-4b76-bf8c-4340aec35c9e,Lutkovno gl.,337
889e3719-7d29-4888-b690-5a1531d2930e,3429cda2-6047-453c-bf54-952dfa6674c0,bd1a0fbd-1593-4552-a76f-681c59333d6b,Savsko naselje,56
889e3719-7d29-4888-b690-5a1531d2930e,3429cda2-6047-453c-bf54-952dfa6674c0,25ad5579-f6a0-4f35-a0c9-0678b41e9dde,Križanke,729
889e3719-7d29-4888-b690-5a1531d2930e,3429cda2-6047-453c-bf54-952dfa6674c0,6182f8e8-c45e-4606-b4a4-d909bd44d2cc,Gornji trg,460
889e3719-7d29-4888-b690-5a1531d2930e,3429cda2-6047-453c-bf54-952dfa6674c0,fef200e9-4d98-425b-ab14-8110e2aa85d7,Drama,12
889e3719-7d29-4888-b690-5a1531d2930e,3429cda2-6047-453c-bf54-952dfa6674c0,fef200e9-4d98-425b-ab14-8110e2aa85d7,Drama,858
889e3719-7d29-4888-b690-5a1531d2930e,3429cda2-6047-453c-bf54-952dfa6674c0,a719a87c-4e93-4387-a6d1-2631a487f7e0,Ajdovščina,1179
889e3719-7d29-4888-b690-5a1531d2930e,3429cda2-6047-453c-bf54-952dfa6674c0,61f19c68-2d5e-4d76-bdd4-28709a347b5b,Spar,987
889e3719-7d29-4888-b690-5a1531d2930e,3429cda2-6047-453c-bf54-952dfa6674c0,4062cd22-b67a-4235-9980-0178b7add592,Drama,1308
889e3719-7d29-4888-b690-5a1531d2930e,3429cda2-6047-453c-bf54-952dfa6674c0,91b76764-87af-4b90-89dd-60f0046f7cc0,Tomačevska,140
889e3719-7d29-4888-b690-5a1531d2930e,3429cda2-6047-453c-bf54-952dfa6674c0,8c7fa045-888b-46d0-8189-6f82623bf481,Poljanska,912
889e3719-7d29-4888-b690-5a1531d2930e,3429cda2-6047-453c-bf54-952dfa6674c0,fef200e9-4d98-425b-ab14-8110e2aa85d7,Drama,207
889e3719-7d29-4888-b690-5a1531d2930e,3429cda2-6047-453c-bf54-952dfa6674c0,e66e813a-722d-40f8-9ee9-1470d07bc200,Tobačna,753
889e3719-7d29-4888-b690-5a1531d2930e,3429cda2-6047-453c-bf54-952dfa6674c0,4038e02e-f22f-4af0-ba4f-7aab855b53af,Kneza Koclja,255
889e3719-7d29-4888-b690-5a1531d2930e,3429cda2-6047-453c-bf54-952dfa6674c0,fef200e9-4d98-425b-ab14-8110e2aa85d7,Drama,736
889e3719-7d29-4888-b690-5a1531d2930e,3429cda2-6047-453c-bf54-952dfa6674c0,fef200e9-4d98-425b-ab14-8110e2aa85d7,Drama,2309
889e3719-7d29-4888-b690-5a1531d2930e,3429cda2-6047-453c-bf54-952dfa6674c0,5d7f28a6-2a2a-4333-aa06-48edfb652f86,Pošta,308
889e3719-7d29-4888-b690-5a1531d2930e,3429cda2-6047-453c-bf54-952dfa6674c0,25ad5579-f6a0-4f35-a0c9-0678b41e9dde,Križanke,1444
889e3719-7d29-4888-b690-5a1531d2930e,3429cda2-6047-453c-bf54-952dfa6674c0,25ad5579-f6a0-4f35-a0c9-0678b41e9dde,Križanke,1066
889e3719-7d29-4888-b690-5a1531d2930e,3429cda2-6047-453c-bf54-952dfa6674c0,aa42017d-812a-4175-bc9b-0fec03b18931,Ambrožev trg,70
889e3719-7d29-4888-b690-5a1531d2930e,3429cda2-6047-453c-bf54-952dfa6674c0,7bcbdcaa-00b9-47d4-8982-09da26cd7bcb,Zaloška,1874
889e3719-7d29-4888-b690-5a1531d2930e,3429cda2-6047-453c-bf54-952dfa6674c0,f2920a77-6c6c-494d-96b7-2a8caf8f374f,Mirje,500
889e3719-7d29-4888-b690-5a1531d2930e,3429cda2-6047-453c-bf54-952dfa6674c0,b905ae6a-f1e1-4057-8923-481902ed5a8e,Konzorcij,2408
889e3719-7d29-4888-b690-5a1531d2930e,3429cda2-6047-453c-bf54-952dfa6674c0,bd1396f2-4dc8-4695-9bf1-c601157100d8,Preglov trg,424
889e3719-7d29-4888-b690-5a1531d2930e,3429cda2-6047-453c-bf54-952dfa6674c0,4062cd22-b67a-4235-9980-0178b7add592,Drama,68
889e3719-7d29-4888-b690-5a1531d2930e,3429cda2-6047-453c-bf54-952dfa6674c0,fef200e9-4d98-425b-ab14-8110e2aa85d7,Drama,30
889e3719-7d29-4888-b690-5a1531d2930e,3429cda2-6047-453c-bf54-952dfa6674c0,eead721b-8996-4e73-a2f9-02dba20df4fa,Ilirska,132
889e3719-7d29-4888-b690-5a1531d2930e,3429cda2-6047-453c-bf54-952dfa6674c0,e73c7113-cb4a-4cd5-8df9-ffc5fd86590a,Dragomelj - 1,209
889e3719-7d29-4888-b690-5a1531d2930e,3429cda2-6047-453c-bf54-952dfa6674c0,fef200e9-4d98-425b-ab14-8110e2aa85d7,Drama,577
889e3719-7d29-4888-b690-5a1531d2930e,3429cda2-6047-453c-bf54-952dfa6674c0,b829062a-2644-4350-b998-74522d9e85d8,Lutkovno gl.,945
889e3719-7d29-4888-b690-5a1531d2930e,3429cda2-6047-453c-bf54-952dfa6674c0,4062cd22-b67a-4235-9980-0178b7add592,Drama,832
889e3719-7d29-4888-b690-5a1531d2930e,3429cda2-6047-453c-bf54-952dfa6674c0,8c7fa045-888b-46d0-8189-6f82623bf481,Poljanska,246
889e3719-7d29-4888-b690-5a1531d2930e,3429cda2-6047-453c-bf54-952dfa6674c0,25ad5579-f6a0-4f35-a0c9-0678b41e9dde,Križanke,13
889e3719-7d29-4888-b690-5a1531d2930e,3429cda2-6047-453c-bf54-952dfa6674c0,9bb1ed3b-5a6f-43c7-afaf-ba2b60ca1a7a,Aškerčeva,17
889e3719-7d29-4888-b690-5a1531d2930e,3429cda2-6047-453c-bf54-952dfa6674c0,bea274aa-277a-403d-ab2f-a0342b28882e,Križanke,155
889e3719-7d29-4888-b690-5a1531d2930e,3429cda2-6047-453c-bf54-952dfa6674c0,3c143688-247f-41cc-960d-f5e37b874c3a,Črnuče,1579
889e3719-7d29-4888-b690-5a1531d2930e,3429cda2-6047-453c-bf54-952dfa6674c0,25ad5579-f6a0-4f35-a0c9-0678b41e9dde,Križanke,497
889e3719-7d29-4888-b690-5a1531d2930e,3429cda2-6047-453c-bf54-952dfa6674c0,fef200e9-4d98-425b-ab14-8110e2aa85d7,Drama,1786
889e3719-7d29-4888-b690-5a1531d2930e,3429cda2-6047-453c-bf54-952dfa6674c0,bea274aa-277a-403d-ab2f-a0342b28882e,Križanke,22
889e3719-7d29-4888-b690-5a1531d2930e,3429cda2-6047-453c-bf54-952dfa6674c0,25ad5579-f6a0-4f35-a0c9-0678b41e9dde,Križanke,2368
889e3719-7d29-4888-b690-5a1531d2930e,3429cda2-6047-453c-bf54-952dfa6674c0,b905ae6a-f1e1-4057-8923-481902ed5a8e,Konzorcij,106
889e3719-7d29-4888-b690-5a1531d2930e,3429cda2-6047-453c-bf54-952dfa6674c0,47252dc3-dbd8-43df-898b-0a3fb27ffc93,Pod Golovcem,454
889e3719-7d29-4888-b690-5a1531d2930e,3429cda2-6047-453c-bf54-952dfa6674c0,a9796806-8cd3-4b76-bf8c-4340aec35c9e,Lutkovno gl.,704
889e3719-7d29-4888-b690-5a1531d2930e,3429cda2-6047-453c-bf54-952dfa6674c0,b905ae6a-f1e1-4057-8923-481902ed5a8e,Konzorcij,288
889e3719-7d29-4888-b690-5a1531d2930e,3429cda2-6047-453c-bf54-952dfa6674c0,60ccc570-3714-410b-aa31-43d3a4c593c8,Tržnica Moste,381
889e3719-7d29-4888-b690-5a1531d2930e,3429cda2-6047-453c-bf54-952dfa6674c0,fef200e9-4d98-425b-ab14-8110e2aa85d7,Drama,186
889e3719-7d29-4888-b690-5a1531d2930e,3429cda2-6047-453c-bf54-952dfa6674c0,16578e36-c682-4083-bd29-4973445dc0fe,Gosposvetska,2643
889e3719-7d29-4888-b690-5a1531d2930e,3429cda2-6047-453c-bf54-952dfa6674c0,c5ec5e81-2ce4-452d-bd7a-595de4f8b34f,Prušnikova,411
889e3719-7d29-4888-b690-5a1531d2930e,3429cda2-6047-453c-bf54-952dfa6674c0,087e50b6-7677-4a85-802f-5694266fe38b,Aškerčeva,1320
889e3719-7d29-4888-b690-5a1531d2930e,3429cda2-6047-453c-bf54-952dfa6674c0,8f56b058-1ae3-44f5-8600-4330f2264d78,Privoz,1685
889e3719-7d29-4888-b690-5a1531d2930e,3429cda2-6047-453c-bf54-952dfa6674c0,8598b85d-3e1d-4767-b72f-0c209038841f,Štepanja vas,890
889e3719-7d29-4888-b690-5a1531d2930e,3429cda2-6047-453c-bf54-952dfa6674c0,cab36767-e95a-4f60-978e-92490f2517b2,Hrvatski trg,253
889e3719-7d29-4888-b690-5a1531d2930e,3429cda2-6047-453c-bf54-952dfa6674c0,3429cda2-6047-453c-bf54-952dfa6674c0,Klinični center,910
889e3719-7d29-4888-b690-5a1531d2930e,3429cda2-6047-453c-bf54-952dfa6674c0,9b0074d2-2c92-4c01-830b-00be8e05b412,Cukrarna,277
889e3719-7d29-4888-b690-5a1531d2930e,3429cda2-6047-453c-bf54-952dfa6674c0,e66e813a-722d-40f8-9ee9-1470d07bc200,Tobačna,1110
889e3719-7d29-4888-b690-5a1531d2930e,3429cda2-6047-453c-bf54-952dfa6674c0,bea274aa-277a-403d-ab2f-a0342b28882e,Križanke,445
889e3719-7d29-4888-b690-5a1531d2930e,3429cda2-6047-453c-bf54-952dfa6674c0,4bd4913f-8597-4ea0-b219-4e9b15dcbb62,Jarše,221
889e3719-7d29-4888-b690-5a1531d2930e,3429cda2-6047-453c-bf54-952dfa6674c0,eead721b-8996-4e73-a2f9-02dba20df4fa,Ilirska,329
889e3719-7d29-4888-b690-5a1531d2930e,3429cda2-6047-453c-bf54-952dfa6674c0,087e50b6-7677-4a85-802f-5694266fe38b,Aškerčeva,143
889e3719-7d29-4888-b690-5a1531d2930e,3429cda2-6047-453c-bf54-952dfa6674c0,f073b9d9-a3e3-4d04-a209-0db55377b79e,Zmajski most,908
889e3719-7d29-4888-b690-5a1531d2930e,3429cda2-6047-453c-bf54-952dfa6674c0,fef200e9-4d98-425b-ab14-8110e2aa85d7,Drama,264
889e3719-7d29-4888-b690-5a1531d2930e,3429cda2-6047-453c-bf54-952dfa6674c0,ecc4ae87-ae08-4b94-995c-452fdd94df7f,Privoz,1279
889e3719-7d29-4888-b690-5a1531d2930e,3429cda2-6047-453c-bf54-952dfa6674c0,f073b9d9-a3e3-4d04-a209-0db55377b79e,Zmajski most,113
889e3719-7d29-4888-b690-5a1531d2930e,3429cda2-6047-453c-bf54-952dfa6674c0,5d7f28a6-2a2a-4333-aa06-48edfb652f86,Pošta,13
889e3719-7d29-4888-b690-5a1531d2930e,3429cda2-6047-453c-bf54-952dfa6674c0,fb7704f0-d31e-4561-83e4-621a8c62654b,Kosmačeva,1451
889e3719-7d29-4888-b690-5a1531d2930e,3429cda2-6047-453c-bf54-952dfa6674c0,fef200e9-4d98-425b-ab14-8110e2aa85d7,Drama,854
889e3719-7d29-4888-b690-5a1531d2930e,3429cda2-6047-453c-bf54-952dfa6674c0,1b3d51e8-8b5e-4b31-a63e-9d665243c2f1,Nove Žale,399
889e3719-7d29-4888-b690-5a1531d2930e,3429cda2-6047-453c-bf54-952dfa6674c0,f2b27cbd-5207-4281-8f67-6369d0c50a9b,Kodrova,159
889e3719-7d29-4888-b690-5a1531d2930e,3429cda2-6047-453c-bf54-952dfa6674c0,8598b85d-3e1d-4767-b72f-0c209038841f,Štepanja vas,851
889e3719-7d29-4888-b690-5a1531d2930e,3429cda2-6047-453c-bf54-952dfa6674c0,25ad5579-f6a0-4f35-a0c9-0678b41e9dde,Križanke,2669
889e3719-7d29-4888-b690-5a1531d2930e,3429cda2-6047-453c-bf54-952dfa6674c0,a719a87c-4e93-4387-a6d1-2631a487f7e0,Ajdovščina,1204
889e3719-7d29-4888-b690-5a1531d2930e,3429cda2-6047-453c-bf54-952dfa6674c0,f33b721f-a8a3-4aad-96f2-077da09ebaa6,Razstavišče,653
889e3719-7d29-4888-b690-5a1531d2930e,3429cda2-6047-453c-bf54-952dfa6674c0,3429cda2-6047-453c-bf54-952dfa6674c0,Klinični center,21
889e3719-7d29-4888-b690-5a1531d2930e,3429cda2-6047-453c-bf54-952dfa6674c0,b905ae6a-f1e1-4057-8923-481902ed5a8e,Konzorcij,85
889e3719-7d29-4888-b690-5a1531d2930e,3429cda2-6047-453c-bf54-952dfa6674c0,4062cd22-b67a-4235-9980-0178b7add592,Drama,594
889e3719-7d29-4888-b690-5a1531d2930e,3429cda2-6047-453c-bf54-952dfa6674c0,a12ab184-fb4b-449f-9884-88e0a1672e64,Tbilisijska,117
889e3719-7d29-4888-b690-5a1531d2930e,3429cda2-6047-453c-bf54-952dfa6674c0,8c7fa045-888b-46d0-8189-6f82623bf481,Poljanska,509
889e3719-7d29-4888-b690-5a1531d2930e,3429cda2-6047-453c-bf54-952dfa6674c0,eead721b-8996-4e73-a2f9-02dba20df4fa,Ilirska,1615
889e3719-7d29-4888-b690-5a1531d2930e,3429cda2-6047-453c-bf54-952dfa6674c0,fef200e9-4d98-425b-ab14-8110e2aa85d7,Drama,1127
889e3719-7d29-4888-b690-5a1531d2930e,3429cda2-6047-453c-bf54-952dfa6674c0,d72032c7-d4b0-4eee-a87c-593985a42266,Tobačna,57
889e3719-7d29-4888-b690-5a1531d2930e,3429cda2-6047-453c-bf54-952dfa6674c0,a719a87c-4e93-4387-a6d1-2631a487f7e0,Ajdovščina,317
889e3719-7d29-4888-b690-5a1531d2930e,3429cda2-6047-453c-bf54-952dfa6674c0,38b3abed-0592-407b-96c3-85a026f2e192,Dalmatinova,126
889e3719-7d29-4888-b690-5a1531d2930e,3429cda2-6047-453c-bf54-952dfa6674c0,6182f8e8-c45e-4606-b4a4-d909bd44d2cc,Gornji trg,1130
889e3719-7d29-4888-b690-5a1531d2930e,3429cda2-6047-453c-bf54-952dfa6674c0,ecc4ae87-ae08-4b94-995c-452fdd94df7f,Privoz,1611
889e3719-7d29-4888-b690-5a1531d2930e,3429cda2-6047-453c-bf54-952dfa6674c0,6182f8e8-c45e-4606-b4a4-d909bd44d2cc,Gornji trg,908
889e3719-7d29-4888-b690-5a1531d2930e,3429cda2-6047-453c-bf54-952dfa6674c0,cab36767-e95a-4f60-978e-92490f2517b2,Hrvatski trg,65
889e3719-7d29-4888-b690-5a1531d2930e,3429cda2-6047-453c-bf54-952dfa6674c0,c87db9be-1fba-4102-a743-0ee4317dd5af,Bavarski dvor,440
889e3719-7d29-4888-b690-5a1531d2930e,3429cda2-6047-453c-bf54-952dfa6674c0,fef200e9-4d98-425b-ab14-8110e2aa85d7,Drama,803
889e3719-7d29-4888-b690-5a1531d2930e,3429cda2-6047-453c-bf54-952dfa6674c0,8f56b058-1ae3-44f5-8600-4330f2264d78,Privoz,292
889e3719-7d29-4888-b690-5a1531d2930e,3429cda2-6047-453c-bf54-952dfa6674c0,b905ae6a-f1e1-4057-8923-481902ed5a8e,Konzorcij,1029
889e3719-7d29-4888-b690-5a1531d2930e,3429cda2-6047-453c-bf54-952dfa6674c0,c568fe2e-477f-4af2-ad68-cb8111f361d0,Jamnikarjeva,1517
889e3719-7d29-4888-b690-5a1531d2930e,3429cda2-6047-453c-bf54-952dfa6674c0,fef200e9-4d98-425b-ab14-8110e2aa85d7,Drama,84
889e3719-7d29-4888-b690-5a1531d2930e,3429cda2-6047-453c-bf54-952dfa6674c0,fef200e9-4d98-425b-ab14-8110e2aa85d7,Drama,4052
889e3719-7d29-4888-b690-5a1531d2930e,3429cda2-6047-453c-bf54-952dfa6674c0,a719a87c-4e93-4387-a6d1-2631a487f7e0,Ajdovščina,1926
889e3719-7d29-4888-b690-5a1531d2930e,3429cda2-6047-453c-bf54-952dfa6674c0,28248670-5e08-4de2-8eab-e63933c0d61d,Podmornica,535
889e3719-7d29-4888-b690-5a1531d2930e,3429cda2-6047-453c-bf54-952dfa6674c0,4062cd22-b67a-4235-9980-0178b7add592,Drama,987
889e3719-7d29-4888-b690-5a1531d2930e,3429cda2-6047-453c-bf54-952dfa6674c0,9b85d4b0-c594-4e0e-9ce2-d0986256c270,Tavčarjeva,176
889e3719-7d29-4888-b690-5a1531d2930e,3429cda2-6047-453c-bf54-952dfa6674c0,a9796806-8cd3-4b76-bf8c-4340aec35c9e,Lutkovno gl.,621
889e3719-7d29-4888-b690-5a1531d2930e,3429cda2-6047-453c-bf54-952dfa6674c0,5c9baa4c-9ee0-4263-be22-72f5a73c714d,Škofljica Petkovšek,361
889e3719-7d29-4888-b690-5a1531d2930e,3429cda2-6047-453c-bf54-952dfa6674c0,25ad5579-f6a0-4f35-a0c9-0678b41e9dde,Križanke,220
889e3719-7d29-4888-b690-5a1531d2930e,3429cda2-6047-453c-bf54-952dfa6674c0,dfde6478-02b5-471b-a470-29cb0e84542f,Slovenija avto,234
889e3719-7d29-4888-b690-5a1531d2930e,3429cda2-6047-453c-bf54-952dfa6674c0,fef200e9-4d98-425b-ab14-8110e2aa85d7,Drama,1629
889e3719-7d29-4888-b690-5a1531d2930e,3429cda2-6047-453c-bf54-952dfa6674c0,b905ae6a-f1e1-4057-8923-481902ed5a8e,Konzorcij,998
889e3719-7d29-4888-b690-5a1531d2930e,3429cda2-6047-453c-bf54-952dfa6674c0,25ad5579-f6a0-4f35-a0c9-0678b41e9dde,Križanke,87
889e3719-7d29-4888-b690-5a1531d2930e,3429cda2-6047-453c-bf54-952dfa6674c0,505865ea-cdea-4042-bdb2-b2f4f03889cb,ŠTEPANJSKO NAS.,62
889e3719-7d29-4888-b690-5a1531d2930e,3429cda2-6047-453c-bf54-952dfa6674c0,16578e36-c682-4083-bd29-4973445dc0fe,Gosposvetska,273
889e3719-7d29-4888-b690-5a1531d2930e,3429cda2-6047-453c-bf54-952dfa6674c0,ecc4ae87-ae08-4b94-995c-452fdd94df7f,Privoz,212
889e3719-7d29-4888-b690-5a1531d2930e,3429cda2-6047-453c-bf54-952dfa6674c0,25ad5579-f6a0-4f35-a0c9-0678b41e9dde,Križanke,224
889e3719-7d29-4888-b690-5a1531d2930e,3429cda2-6047-453c-bf54-952dfa6674c0,28248670-5e08-4de2-8eab-e63933c0d61d,Podmornica,264
889e3719-7d29-4888-b690-5a1531d2930e,3429cda2-6047-453c-bf54-952dfa6674c0,92928953-a289-4a44-a653-b7b6b4f5e1c2,Zeleni gaj,734
889e3719-7d29-4888-b690-5a1531d2930e,3429cda2-6047-453c-bf54-952dfa6674c0,fef200e9-4d98-425b-ab14-8110e2aa85d7,Drama,32
889e3719-7d29-4888-b690-5a1531d2930e,3429cda2-6047-453c-bf54-952dfa6674c0,4bd4913f-8597-4ea0-b219-4e9b15dcbb62,Jarše,649
889e3719-7d29-4888-b690-5a1531d2930e,3429cda2-6047-453c-bf54-952dfa6674c0,318d4398-e152-498b-b4ff-1344c67adba6,Razstavišče,854
889e3719-7d29-4888-b690-5a1531d2930e,3429cda2-6047-453c-bf54-952dfa6674c0,087e50b6-7677-4a85-802f-5694266fe38b,Aškerčeva,41
889e3719-7d29-4888-b690-5a1531d2930e,3429cda2-6047-453c-bf54-952dfa6674c0,f073b9d9-a3e3-4d04-a209-0db55377b79e,Zmajski most,16
889e3719-7d29-4888-b690-5a1531d2930e,3429cda2-6047-453c-bf54-952dfa6674c0,6932c2e0-ff32-4170-b519-fba88e29c147,Cesta XV,269
889e3719-7d29-4888-b690-5a1531d2930e,3429cda2-6047-453c-bf54-952dfa6674c0,15c71406-72b5-4681-8b1a-29eb30eb3f76,Kristalna palača,205
889e3719-7d29-4888-b690-5a1531d2930e,3429cda2-6047-453c-bf54-952dfa6674c0,d5102041-8282-4c77-a593-edac0d0d4a34,Cukrarna,560
889e3719-7d29-4888-b690-5a1531d2930e,3429cda2-6047-453c-bf54-952dfa6674c0,fef200e9-4d98-425b-ab14-8110e2aa85d7,Drama,1277
889e3719-7d29-4888-b690-5a1531d2930e,3429cda2-6047-453c-bf54-952dfa6674c0,6182f8e8-c45e-4606-b4a4-d909bd44d2cc,Gornji trg,38
889e3719-7d29-4888-b690-5a1531d2930e,3429cda2-6047-453c-bf54-952dfa6674c0,d867fec1-5147-43db-b004-08d2797f50e3,Pod Golovcem,629
889e3719-7d29-4888-b690-5a1531d2930e,3429cda2-6047-453c-bf54-952dfa6674c0,95732ece-1658-4e11-9b5f-b6ae5552e638,Zapuže,1106
889e3719-7d29-4888-b690-5a1531d2930e,3429cda2-6047-453c-bf54-952dfa6674c0,484b5c91-1220-43ba-af79-84e712fcc46b,Slovenija avto,936
889e3719-7d29-4888-b690-5a1531d2930e,3429cda2-6047-453c-bf54-952dfa6674c0,fef200e9-4d98-425b-ab14-8110e2aa85d7,Drama,8
889e3719-7d29-4888-b690-5a1531d2930e,3429cda2-6047-453c-bf54-952dfa6674c0,9b0074d2-2c92-4c01-830b-00be8e05b412,Cukrarna,889
889e3719-7d29-4888-b690-5a1531d2930e,3429cda2-6047-453c-bf54-952dfa6674c0,1907a46a-4559-43ec-8363-03fe35d30725,Rudnik,1103
889e3719-7d29-4888-b690-5a1531d2930e,3429cda2-6047-453c-bf54-952dfa6674c0,88cdd36c-03d2-4374-a22f-110dd9f75ea0,Kajuhova,128
889e3719-7d29-4888-b690-5a1531d2930e,3429cda2-6047-453c-bf54-952dfa6674c0,aa42017d-812a-4175-bc9b-0fec03b18931,Ambrožev trg,840
889e3719-7d29-4888-b690-5a1531d2930e,3429cda2-6047-453c-bf54-952dfa6674c0,ef31a8be-b01d-44cd-95cf-3db8e918af26,Emona,150
889e3719-7d29-4888-b690-5a1531d2930e,3429cda2-6047-453c-bf54-952dfa6674c0,38b3abed-0592-407b-96c3-85a026f2e192,Dalmatinova,2485
889e3719-7d29-4888-b690-5a1531d2930e,3429cda2-6047-453c-bf54-952dfa6674c0,8f56b058-1ae3-44f5-8600-4330f2264d78,Privoz,100
889e3719-7d29-4888-b690-5a1531d2930e,3429cda2-6047-453c-bf54-952dfa6674c0,938c9405-72bb-4acd-bace-a75abcf2f9cb,Na jami,1609
889e3719-7d29-4888-b690-5a1531d2930e,3429cda2-6047-453c-bf54-952dfa6674c0,b905ae6a-f1e1-4057-8923-481902ed5a8e,Konzorcij,3233
889e3719-7d29-4888-b690-5a1531d2930e,3429cda2-6047-453c-bf54-952dfa6674c0,7ea32e84-b8d9-498b-9f03-5a66990012b9,Rožičeva,1138
889e3719-7d29-4888-b690-5a1531d2930e,3429cda2-6047-453c-bf54-952dfa6674c0,5d7f28a6-2a2a-4333-aa06-48edfb652f86,Pošta,29
889e3719-7d29-4888-b690-5a1531d2930e,3429cda2-6047-453c-bf54-952dfa6674c0,397418bc-78a7-45c9-b5cf-374fe21cee11,Akademija,70
889e3719-7d29-4888-b690-5a1531d2930e,3429cda2-6047-453c-bf54-952dfa6674c0,4062cd22-b67a-4235-9980-0178b7add592,Drama,15
889e3719-7d29-4888-b690-5a1531d2930e,3429cda2-6047-453c-bf54-952dfa6674c0,8f56b058-1ae3-44f5-8600-4330f2264d78,Privoz,247
889e3719-7d29-4888-b690-5a1531d2930e,3429cda2-6047-453c-bf54-952dfa6674c0,524d67dd-fbb0-4f6a-9199-f095123044ab,Kamna Gorica,1038
889e3719-7d29-4888-b690-5a1531d2930e,3429cda2-6047-453c-bf54-952dfa6674c0,54c591c0-7bbb-4489-9229-57b18f95827a,Stara cerkev,592
889e3719-7d29-4888-b690-5a1531d2930e,3429cda2-6047-453c-bf54-952dfa6674c0,16578e36-c682-4083-bd29-4973445dc0fe,Gosposvetska,151
889e3719-7d29-4888-b690-5a1531d2930e,3429cda2-6047-453c-bf54-952dfa6674c0,a719a87c-4e93-4387-a6d1-2631a487f7e0,Ajdovščina,481
889e3719-7d29-4888-b690-5a1531d2930e,3429cda2-6047-453c-bf54-952dfa6674c0,fef200e9-4d98-425b-ab14-8110e2aa85d7,Drama,272
889e3719-7d29-4888-b690-5a1531d2930e,3429cda2-6047-453c-bf54-952dfa6674c0,4062cd22-b67a-4235-9980-0178b7add592,Drama,644
889e3719-7d29-4888-b690-5a1531d2930e,3429cda2-6047-453c-bf54-952dfa6674c0,4062cd22-b67a-4235-9980-0178b7add592,Drama,379
889e3719-7d29-4888-b690-5a1531d2930e,3429cda2-6047-453c-bf54-952dfa6674c0,c124f317-217b-4b89-9597-393843de4f81,Nusdorferjeva,388
889e3719-7d29-4888-b690-5a1531d2930e,3429cda2-6047-453c-bf54-952dfa6674c0,c87db9be-1fba-4102-a743-0ee4317dd5af,Bavarski dvor,491
889e3719-7d29-4888-b690-5a1531d2930e,3429cda2-6047-453c-bf54-952dfa6674c0,11d74c00-da13-4cad-883e-c6dcf8edcbe8,Aleja,94
889e3719-7d29-4888-b690-5a1531d2930e,3429cda2-6047-453c-bf54-952dfa6674c0,0be237aa-4b91-4d2b-ac23-0cebac975a0d,Cankarjev dom,177
889e3719-7d29-4888-b690-5a1531d2930e,3429cda2-6047-453c-bf54-952dfa6674c0,fef200e9-4d98-425b-ab14-8110e2aa85d7,Drama,128
889e3719-7d29-4888-b690-5a1531d2930e,3429cda2-6047-453c-bf54-952dfa6674c0,25ad5579-f6a0-4f35-a0c9-0678b41e9dde,Križanke,746
889e3719-7d29-4888-b690-5a1531d2930e,3429cda2-6047-453c-bf54-952dfa6674c0,ee7e3c65-72e8-465e-a9a3-a9370ec1f314,Vevče Papirnica,428
889e3719-7d29-4888-b690-5a1531d2930e,3429cda2-6047-453c-bf54-952dfa6674c0,6182f8e8-c45e-4606-b4a4-d909bd44d2cc,Gornji trg,113
889e3719-7d29-4888-b690-5a1531d2930e,3429cda2-6047-453c-bf54-952dfa6674c0,16578e36-c682-4083-bd29-4973445dc0fe,Gosposvetska,157
889e3719-7d29-4888-b690-5a1531d2930e,3429cda2-6047-453c-bf54-952dfa6674c0,25ad5579-f6a0-4f35-a0c9-0678b41e9dde,Križanke,3202
889e3719-7d29-4888-b690-5a1531d2930e,3429cda2-6047-453c-bf54-952dfa6674c0,6a0b25cc-428e-47b5-831a-e89facfa7f26,Ziherlova,328
889e3719-7d29-4888-b690-5a1531d2930e,3429cda2-6047-453c-bf54-952dfa6674c0,a9796806-8cd3-4b76-bf8c-4340aec35c9e,Lutkovno gl.,413
889e3719-7d29-4888-b690-5a1531d2930e,3429cda2-6047-453c-bf54-952dfa6674c0,4062cd22-b67a-4235-9980-0178b7add592,Drama,51
889e3719-7d29-4888-b690-5a1531d2930e,3429cda2-6047-453c-bf54-952dfa6674c0,9bb1ed3b-5a6f-43c7-afaf-ba2b60ca1a7a,Aškerčeva,34
889e3719-7d29-4888-b690-5a1531d2930e,3429cda2-6047-453c-bf54-952dfa6674c0,7484317c-269f-425f-8118-23eedab4e5f1,Tivoli,21
889e3719-7d29-4888-b690-5a1531d2930e,3429cda2-6047-453c-bf54-952dfa6674c0,12618339-2c2d-49ec-b0e0-2517c11991f8,Mirje,300
889e3719-7d29-4888-b690-5a1531d2930e,3429cda2-6047-453c-bf54-952dfa6674c0,fef200e9-4d98-425b-ab14-8110e2aa85d7,Drama,201
889e3719-7d29-4888-b690-5a1531d2930e,3429cda2-6047-453c-bf54-952dfa6674c0,4062cd22-b67a-4235-9980-0178b7add592,Drama,928
889e3719-7d29-4888-b690-5a1531d2930e,3429cda2-6047-453c-bf54-952dfa6674c0,fef200e9-4d98-425b-ab14-8110e2aa85d7,Drama,98
889e3719-7d29-4888-b690-5a1531d2930e,3429cda2-6047-453c-bf54-952dfa6674c0,25ad5579-f6a0-4f35-a0c9-0678b41e9dde,Križanke,484
889e3719-7d29-4888-b690-5a1531d2930e,3429cda2-6047-453c-bf54-952dfa6674c0,25ad5579-f6a0-4f35-a0c9-0678b41e9dde,Križanke,512
889e3719-7d29-4888-b690-5a1531d2930e,3429cda2-6047-453c-bf54-952dfa6674c0,fef200e9-4d98-425b-ab14-8110e2aa85d7,Drama,504
889e3719-7d29-4888-b690-5a1531d2930e,3429cda2-6047-453c-bf54-952dfa6674c0,ecc4ae87-ae08-4b94-995c-452fdd94df7f,Privoz,531
889e3719-7d29-4888-b690-5a1531d2930e,3429cda2-6047-453c-bf54-952dfa6674c0,639551cf-fe23-4363-8ccd-655bc5d4119e,Zmajski most,330
889e3719-7d29-4888-b690-5a1531d2930e,3429cda2-6047-453c-bf54-952dfa6674c0,9b85d4b0-c594-4e0e-9ce2-d0986256c270,Tavčarjeva,419
889e3719-7d29-4888-b690-5a1531d2930e,3429cda2-6047-453c-bf54-952dfa6674c0,59faa0f0-34b1-47cd-ba3a-3b6f0d684c00,Žito,115
889e3719-7d29-4888-b690-5a1531d2930e,3429cda2-6047-453c-bf54-952dfa6674c0,fef200e9-4d98-425b-ab14-8110e2aa85d7,Drama,445
889e3719-7d29-4888-b690-5a1531d2930e,3429cda2-6047-453c-bf54-952dfa6674c0,12618339-2c2d-49ec-b0e0-2517c11991f8,Mirje,62
889e3719-7d29-4888-b690-5a1531d2930e,3429cda2-6047-453c-bf54-952dfa6674c0,454817d3-3750-49c7-994c-14d06fd2c634,Žale,2439
889e3719-7d29-4888-b690-5a1531d2930e,3429cda2-6047-453c-bf54-952dfa6674c0,0bb103e4-c4a6-4c4c-a13d-217ab4e6dfd3,Cesta na Vevče,3528
889e3719-7d29-4888-b690-5a1531d2930e,3429cda2-6047-453c-bf54-952dfa6674c0,4062cd22-b67a-4235-9980-0178b7add592,Drama,119
889e3719-7d29-4888-b690-5a1531d2930e,3429cda2-6047-453c-bf54-952dfa6674c0,d72032c7-d4b0-4eee-a87c-593985a42266,Tobačna,273
889e3719-7d29-4888-b690-5a1531d2930e,3429cda2-6047-453c-bf54-952dfa6674c0,c87db9be-1fba-4102-a743-0ee4317dd5af,Bavarski dvor,1832
889e3719-7d29-4888-b690-5a1531d2930e,3429cda2-6047-453c-bf54-952dfa6674c0,4062cd22-b67a-4235-9980-0178b7add592,Drama,14
889e3719-7d29-4888-b690-5a1531d2930e,3429cda2-6047-453c-bf54-952dfa6674c0,5d7f28a6-2a2a-4333-aa06-48edfb652f86,Pošta,2935
889e3719-7d29-4888-b690-5a1531d2930e,3429cda2-6047-453c-bf54-952dfa6674c0,c87db9be-1fba-4102-a743-0ee4317dd5af,Bavarski dvor,843
889e3719-7d29-4888-b690-5a1531d2930e,3429cda2-6047-453c-bf54-952dfa6674c0,60ccc570-3714-410b-aa31-43d3a4c593c8,Tržnica Moste,363
889e3719-7d29-4888-b690-5a1531d2930e,3429cda2-6047-453c-bf54-952dfa6674c0,e66e813a-722d-40f8-9ee9-1470d07bc200,Tobačna,11
889e3719-7d29-4888-b690-5a1531d2930e,3429cda2-6047-453c-bf54-952dfa6674c0,4062cd22-b67a-4235-9980-0178b7add592,Drama,51
889e3719-7d29-4888-b690-5a1531d2930e,3429cda2-6047-453c-bf54-952dfa6674c0,4062cd22-b67a-4235-9980-0178b7add592,Drama,33
889e3719-7d29-4888-b690-5a1531d2930e,3429cda2-6047-453c-bf54-952dfa6674c0,f073b9d9-a3e3-4d04-a209-0db55377b79e,Zmajski most,283
889e3719-7d29-4888-b690-5a1531d2930e,3429cda2-6047-453c-bf54-952dfa6674c0,4062cd22-b67a-4235-9980-0178b7add592,Drama,103
889e3719-7d29-4888-b690-5a1531d2930e,3429cda2-6047-453c-bf54-952dfa6674c0,aa42017d-812a-4175-bc9b-0fec03b18931,Ambrožev trg,1746
889e3719-7d29-4888-b690-5a1531d2930e,3429cda2-6047-453c-bf54-952dfa6674c0,fef200e9-4d98-425b-ab14-8110e2aa85d7,Drama,2685
889e3719-7d29-4888-b690-5a1531d2930e,3429cda2-6047-453c-bf54-952dfa6674c0,16578e36-c682-4083-bd29-4973445dc0fe,Gosposvetska,1787
889e3719-7d29-4888-b690-5a1531d2930e,3429cda2-6047-453c-bf54-952dfa6674c0,e66e813a-722d-40f8-9ee9-1470d07bc200,Tobačna,55
889e3719-7d29-4888-b690-5a1531d2930e,3429cda2-6047-453c-bf54-952dfa6674c0,a378ce5e-57ce-4c52-b219-568674b5cd5e,Gornji trg,76
889e3719-7d29-4888-b690-5a1531d2930e,3429cda2-6047-453c-bf54-952dfa6674c0,b905ae6a-f1e1-4057-8923-481902ed5a8e,Konzorcij,248
889e3719-7d29-4888-b690-5a1531d2930e,3429cda2-6047-453c-bf54-952dfa6674c0,a719a87c-4e93-4387-a6d1-2631a487f7e0,Ajdovščina,631
889e3719-7d29-4888-b690-5a1531d2930e,3429cda2-6047-453c-bf54-952dfa6674c0,5d7f28a6-2a2a-4333-aa06-48edfb652f86,Pošta,90
889e3719-7d29-4888-b690-5a1531d2930e,3429cda2-6047-453c-bf54-952dfa6674c0,d5102041-8282-4c77-a593-edac0d0d4a34,Cukrarna,212
889e3719-7d29-4888-b690-5a1531d2930e,3429cda2-6047-453c-bf54-952dfa6674c0,9b85d4b0-c594-4e0e-9ce2-d0986256c270,Tavčarjeva,469
889e3719-7d29-4888-b690-5a1531d2930e,3429cda2-6047-453c-bf54-952dfa6674c0,fb0042f8-d9e2-4916-b60a-38a026acf0c9,Leskoškova,3458
889e3719-7d29-4888-b690-5a1531d2930e,3429cda2-6047-453c-bf54-952dfa6674c0,25ad5579-f6a0-4f35-a0c9-0678b41e9dde,Križanke,9
889e3719-7d29-4888-b690-5a1531d2930e,3429cda2-6047-453c-bf54-952dfa6674c0,16578e36-c682-4083-bd29-4973445dc0fe,Gosposvetska,461
889e3719-7d29-4888-b690-5a1531d2930e,3429cda2-6047-453c-bf54-952dfa6674c0,fb7704f0-d31e-4561-83e4-621a8c62654b,Kosmačeva,198
889e3719-7d29-4888-b690-5a1531d2930e,3429cda2-6047-453c-bf54-952dfa6674c0,25ad5579-f6a0-4f35-a0c9-0678b41e9dde,Križanke,11
889e3719-7d29-4888-b690-5a1531d2930e,3429cda2-6047-453c-bf54-952dfa6674c0,16578e36-c682-4083-bd29-4973445dc0fe,Gosposvetska,1110
889e3719-7d29-4888-b690-5a1531d2930e,3429cda2-6047-453c-bf54-952dfa6674c0,4bd4913f-8597-4ea0-b219-4e9b15dcbb62,Jarše,362
889e3719-7d29-4888-b690-5a1531d2930e,3429cda2-6047-453c-bf54-952dfa6674c0,5d7f28a6-2a2a-4333-aa06-48edfb652f86,Pošta,744
889e3719-7d29-4888-b690-5a1531d2930e,3429cda2-6047-453c-bf54-952dfa6674c0,5c9baa4c-9ee0-4263-be22-72f5a73c714d,Škofljica Petkovšek,1228
889e3719-7d29-4888-b690-5a1531d2930e,3429cda2-6047-453c-bf54-952dfa6674c0,25ad5579-f6a0-4f35-a0c9-0678b41e9dde,Križanke,1028
889e3719-7d29-4888-b690-5a1531d2930e,3429cda2-6047-453c-bf54-952dfa6674c0,5d7f28a6-2a2a-4333-aa06-48edfb652f86,Pošta,260
889e3719-7d29-4888-b690-5a1531d2930e,3429cda2-6047-453c-bf54-952dfa6674c0,c0a064eb-b507-43c2-a6d2-0e9c5881f031,Središka,216
889e3719-7d29-4888-b690-5a1531d2930e,3429cda2-6047-453c-bf54-952dfa6674c0,4062cd22-b67a-4235-9980-0178b7add592,Drama,33
889e3719-7d29-4888-b690-5a1531d2930e,3429cda2-6047-453c-bf54-952dfa6674c0,5d7f28a6-2a2a-4333-aa06-48edfb652f86,Pošta,225
889e3719-7d29-4888-b690-5a1531d2930e,3429cda2-6047-453c-bf54-952dfa6674c0,7bcbdcaa-00b9-47d4-8982-09da26cd7bcb,Zaloška,1591
889e3719-7d29-4888-b690-5a1531d2930e,3429cda2-6047-453c-bf54-952dfa6674c0,3429cda2-6047-453c-bf54-952dfa6674c0,Klinični center,344
889e3719-7d29-4888-b690-5a1531d2930e,3429cda2-6047-453c-bf54-952dfa6674c0,4038e02e-f22f-4af0-ba4f-7aab855b53af,Kneza Koclja,531
889e3719-7d29-4888-b690-5a1531d2930e,3429cda2-6047-453c-bf54-952dfa6674c0,48e907fd-e868-47cd-8cac-74c7d4582944,Poljanska,1320
889e3719-7d29-4888-b690-5a1531d2930e,3429cda2-6047-453c-bf54-952dfa6674c0,25ad5579-f6a0-4f35-a0c9-0678b41e9dde,Križanke,289
889e3719-7d29-4888-b690-5a1531d2930e,3429cda2-6047-453c-bf54-952dfa6674c0,9bb1ed3b-5a6f-43c7-afaf-ba2b60ca1a7a,Aškerčeva,386
889e3719-7d29-4888-b690-5a1531d2930e,3429cda2-6047-453c-bf54-952dfa6674c0,f33b721f-a8a3-4aad-96f2-077da09ebaa6,Razstavišče,168
889e3719-7d29-4888-b690-5a1531d2930e,3429cda2-6047-453c-bf54-952dfa6674c0,4062cd22-b67a-4235-9980-0178b7add592,Drama,414
889e3719-7d29-4888-b690-5a1531d2930e,3429cda2-6047-453c-bf54-952dfa6674c0,f4cfd904-bd11-4247-95df-32c4555a930f,Klinični center,172
889e3719-7d29-4888-b690-5a1531d2930e,3429cda2-6047-453c-bf54-952dfa6674c0,712ee105-4fab-498a-af5c-496ca9830f5f,Viadukt,435
889e3719-7d29-4888-b690-5a1531d2930e,3429cda2-6047-453c-bf54-952dfa6674c0,fef200e9-4d98-425b-ab14-8110e2aa85d7,Drama,83
889e3719-7d29-4888-b690-5a1531d2930e,3429cda2-6047-453c-bf54-952dfa6674c0,4062cd22-b67a-4235-9980-0178b7add592,Drama,62
889e3719-7d29-4888-b690-5a1531d2930e,3429cda2-6047-453c-bf54-952dfa6674c0,4062cd22-b67a-4235-9980-0178b7add592,Drama,464
889e3719-7d29-4888-b690-5a1531d2930e,3429cda2-6047-453c-bf54-952dfa6674c0,a719a87c-4e93-4387-a6d1-2631a487f7e0,Ajdovščina,10
889e3719-7d29-4888-b690-5a1531d2930e,3429cda2-6047-453c-bf54-952dfa6674c0,f073b9d9-a3e3-4d04-a209-0db55377b79e,Zmajski most,15
889e3719-7d29-4888-b690-5a1531d2930e,3429cda2-6047-453c-bf54-952dfa6674c0,fef200e9-4d98-425b-ab14-8110e2aa85d7,Drama,559
889e3719-7d29-4888-b690-5a1531d2930e,3429cda2-6047-453c-bf54-952dfa6674c0,7a52a73a-cc0e-4c61-b9bc-306157727e1c,Tržnica Moste,212
889e3719-7d29-4888-b690-5a1531d2930e,3429cda2-6047-453c-bf54-952dfa6674c0,47283e27-c588-411c-9303-30a6f0beeaef,Zgornji log,50
889e3719-7d29-4888-b690-5a1531d2930e,3429cda2-6047-453c-bf54-952dfa6674c0,f2bac6f5-5bbc-4f15-acdd-014d86770ce9,Kneza Koclja,1321
889e3719-7d29-4888-b690-5a1531d2930e,3429cda2-6047-453c-bf54-952dfa6674c0,fef200e9-4d98-425b-ab14-8110e2aa85d7,Drama,637
889e3719-7d29-4888-b690-5a1531d2930e,3429cda2-6047-453c-bf54-952dfa6674c0,fef200e9-4d98-425b-ab14-8110e2aa85d7,Drama,497
889e3719-7d29-4888-b690-5a1531d2930e,3429cda2-6047-453c-bf54-952dfa6674c0,ecc4ae87-ae08-4b94-995c-452fdd94df7f,Privoz,258
889e3719-7d29-4888-b690-5a1531d2930e,3429cda2-6047-453c-bf54-952dfa6674c0,fef200e9-4d98-425b-ab14-8110e2aa85d7,Drama,2082
889e3719-7d29-4888-b690-5a1531d2930e,3429cda2-6047-453c-bf54-952dfa6674c0,b4634750-8d91-4625-b40d-1da9665e70f6,Podpeč 1,1172
889e3719-7d29-4888-b690-5a1531d2930e,3429cda2-6047-453c-bf54-952dfa6674c0,5d7f28a6-2a2a-4333-aa06-48edfb652f86,Pošta,438
889e3719-7d29-4888-b690-5a1531d2930e,3429cda2-6047-453c-bf54-952dfa6674c0,d4c25d68-c340-431b-a646-7680fe0cefee,Pržanec,1621
889e3719-7d29-4888-b690-5a1531d2930e,3429cda2-6047-453c-bf54-952dfa6674c0,f784b27a-1509-4eec-bd52-6beee2b9530b,Kamnogoriška,431
889e3719-7d29-4888-b690-5a1531d2930e,3429cda2-6047-453c-bf54-952dfa6674c0,fef200e9-4d98-425b-ab14-8110e2aa85d7,Drama,161
889e3719-7d29-4888-b690-5a1531d2930e,3429cda2-6047-453c-bf54-952dfa6674c0,3429cda2-6047-453c-bf54-952dfa6674c0,Klinični center,720
889e3719-7d29-4888-b690-5a1531d2930e,3429cda2-6047-453c-bf54-952dfa6674c0,f07c916c-6fc6-4acf-a334-0ab0d3c4f57f,Središka,438
889e3719-7d29-4888-b690-5a1531d2930e,3429cda2-6047-453c-bf54-952dfa6674c0,bea274aa-277a-403d-ab2f-a0342b28882e,Križanke,20
889e3719-7d29-4888-b690-5a1531d2930e,3429cda2-6047-453c-bf54-952dfa6674c0,25ad5579-f6a0-4f35-a0c9-0678b41e9dde,Križanke,106
889e3719-7d29-4888-b690-5a1531d2930e,3429cda2-6047-453c-bf54-952dfa6674c0,a9796806-8cd3-4b76-bf8c-4340aec35c9e,Lutkovno gl.,15
889e3719-7d29-4888-b690-5a1531d2930e,3429cda2-6047-453c-bf54-952dfa6674c0,fef200e9-4d98-425b-ab14-8110e2aa85d7,Drama,223
889e3719-7d29-4888-b690-5a1531d2930e,3429cda2-6047-453c-bf54-952dfa6674c0,5d7f28a6-2a2a-4333-aa06-48edfb652f86,Pošta,1605
889e3719-7d29-4888-b690-5a1531d2930e,3429cda2-6047-453c-bf54-952dfa6674c0,e66e813a-722d-40f8-9ee9-1470d07bc200,Tobačna,776
889e3719-7d29-4888-b690-5a1531d2930e,3429cda2-6047-453c-bf54-952dfa6674c0,484b5c91-1220-43ba-af79-84e712fcc46b,Slovenija avto,146
889e3719-7d29-4888-b690-5a1531d2930e,3429cda2-6047-453c-bf54-952dfa6674c0,9bb1ed3b-5a6f-43c7-afaf-ba2b60ca1a7a,Aškerčeva,654
889e3719-7d29-4888-b690-5a1531d2930e,3429cda2-6047-453c-bf54-952dfa6674c0,35dbaf26-2fa4-45c4-87fc-81d1ff13b005,Tbilisijska,1022
889e3719-7d29-4888-b690-5a1531d2930e,3429cda2-6047-453c-bf54-952dfa6674c0,9bb1ed3b-5a6f-43c7-afaf-ba2b60ca1a7a,Aškerčeva,674
889e3719-7d29-4888-b690-5a1531d2930e,3429cda2-6047-453c-bf54-952dfa6674c0,c87db9be-1fba-4102-a743-0ee4317dd5af,Bavarski dvor,387
889e3719-7d29-4888-b690-5a1531d2930e,3429cda2-6047-453c-bf54-952dfa6674c0,f784b27a-1509-4eec-bd52-6beee2b9530b,Kamnogoriška,376
889e3719-7d29-4888-b690-5a1531d2930e,3429cda2-6047-453c-bf54-952dfa6674c0,25ad5579-f6a0-4f35-a0c9-0678b41e9dde,Križanke,5
889e3719-7d29-4888-b690-5a1531d2930e,3429cda2-6047-453c-bf54-952dfa6674c0,7c149b59-2bc6-45cb-95c8-69e18a0db627,Rusjanov trg,1344
889e3719-7d29-4888-b690-5a1531d2930e,3429cda2-6047-453c-bf54-952dfa6674c0,9b85d4b0-c594-4e0e-9ce2-d0986256c270,Tavčarjeva,420
889e3719-7d29-4888-b690-5a1531d2930e,3429cda2-6047-453c-bf54-952dfa6674c0,4062cd22-b67a-4235-9980-0178b7add592,Drama,133
889e3719-7d29-4888-b690-5a1531d2930e,3429cda2-6047-453c-bf54-952dfa6674c0,b905ae6a-f1e1-4057-8923-481902ed5a8e,Konzorcij,1374
889e3719-7d29-4888-b690-5a1531d2930e,3429cda2-6047-453c-bf54-952dfa6674c0,eead721b-8996-4e73-a2f9-02dba20df4fa,Ilirska,382
889e3719-7d29-4888-b690-5a1531d2930e,3429cda2-6047-453c-bf54-952dfa6674c0,fef200e9-4d98-425b-ab14-8110e2aa85d7,Drama,1200
889e3719-7d29-4888-b690-5a1531d2930e,3429cda2-6047-453c-bf54-952dfa6674c0,a719a87c-4e93-4387-a6d1-2631a487f7e0,Ajdovščina,1076
889e3719-7d29-4888-b690-5a1531d2930e,3429cda2-6047-453c-bf54-952dfa6674c0,4062cd22-b67a-4235-9980-0178b7add592,Drama,155
889e3719-7d29-4888-b690-5a1531d2930e,3429cda2-6047-453c-bf54-952dfa6674c0,f073b9d9-a3e3-4d04-a209-0db55377b79e,Zmajski most,204
889e3719-7d29-4888-b690-5a1531d2930e,3429cda2-6047-453c-bf54-952dfa6674c0,bea274aa-277a-403d-ab2f-a0342b28882e,Križanke,7
889e3719-7d29-4888-b690-5a1531d2930e,3429cda2-6047-453c-bf54-952dfa6674c0,a9796806-8cd3-4b76-bf8c-4340aec35c9e,Lutkovno gl.,316
889e3719-7d29-4888-b690-5a1531d2930e,3429cda2-6047-453c-bf54-952dfa6674c0,33613e0e-f41c-4cee-804a-3942bf698e3e,Iški most,817
889e3719-7d29-4888-b690-5a1531d2930e,3429cda2-6047-453c-bf54-952dfa6674c0,fef200e9-4d98-425b-ab14-8110e2aa85d7,Drama,336
889e3719-7d29-4888-b690-5a1531d2930e,3429cda2-6047-453c-bf54-952dfa6674c0,b60d686c-3b89-447c-93f6-2837d9af3d02,Ziherlova,449
889e3719-7d29-4888-b690-5a1531d2930e,3429cda2-6047-453c-bf54-952dfa6674c0,1632ee87-59dd-4367-bf10-9d13aa688e82,Tržnica Koseze,587
889e3719-7d29-4888-b690-5a1531d2930e,3429cda2-6047-453c-bf54-952dfa6674c0,6182f8e8-c45e-4606-b4a4-d909bd44d2cc,Gornji trg,29
889e3719-7d29-4888-b690-5a1531d2930e,3429cda2-6047-453c-bf54-952dfa6674c0,bea274aa-277a-403d-ab2f-a0342b28882e,Križanke,214
889e3719-7d29-4888-b690-5a1531d2930e,3429cda2-6047-453c-bf54-952dfa6674c0,47a3bd8a-72ae-4e20-b43f-10bfaf49012c,Ob sotočju,679
889e3719-7d29-4888-b690-5a1531d2930e,3429cda2-6047-453c-bf54-952dfa6674c0,295616c0-387b-4f60-a337-7743cd6be04e,Bavarski dvor,2055
889e3719-7d29-4888-b690-5a1531d2930e,3429cda2-6047-453c-bf54-952dfa6674c0,a719a87c-4e93-4387-a6d1-2631a487f7e0,Ajdovščina,983
889e3719-7d29-4888-b690-5a1531d2930e,3429cda2-6047-453c-bf54-952dfa6674c0,88cdd36c-03d2-4374-a22f-110dd9f75ea0,Kajuhova,2808
889e3719-7d29-4888-b690-5a1531d2930e,3429cda2-6047-453c-bf54-952dfa6674c0,4ed69cbb-d738-450c-be11-7d96cd50ee50,Livada,1535
889e3719-7d29-4888-b690-5a1531d2930e,3429cda2-6047-453c-bf54-952dfa6674c0,5f2b93f1-7933-45ed-915c-4488ab8d81b7,Ižanska,1199
889e3719-7d29-4888-b690-5a1531d2930e,3429cda2-6047-453c-bf54-952dfa6674c0,bea274aa-277a-403d-ab2f-a0342b28882e,Križanke,300
889e3719-7d29-4888-b690-5a1531d2930e,3429cda2-6047-453c-bf54-952dfa6674c0,f073b9d9-a3e3-4d04-a209-0db55377b79e,Zmajski most,1027
889e3719-7d29-4888-b690-5a1531d2930e,3429cda2-6047-453c-bf54-952dfa6674c0,6182f8e8-c45e-4606-b4a4-d909bd44d2cc,Gornji trg,552
889e3719-7d29-4888-b690-5a1531d2930e,3429cda2-6047-453c-bf54-952dfa6674c0,7310c006-62b8-4f94-bb9c-d5c26cb3faad,Polje,1728
889e3719-7d29-4888-b690-5a1531d2930e,3429cda2-6047-453c-bf54-952dfa6674c0,67c3adc1-a92d-4528-91ee-77d8b52574c6,Poliklinika,246
889e3719-7d29-4888-b690-5a1531d2930e,3429cda2-6047-453c-bf54-952dfa6674c0,c124f317-217b-4b89-9597-393843de4f81,Nusdorferjeva,30
889e3719-7d29-4888-b690-5a1531d2930e,3429cda2-6047-453c-bf54-952dfa6674c0,0b4a072e-6c2d-4c71-ab80-2b7142df81de,Tivoli,521
889e3719-7d29-4888-b690-5a1531d2930e,3429cda2-6047-453c-bf54-952dfa6674c0,b905ae6a-f1e1-4057-8923-481902ed5a8e,Konzorcij,2441
889e3719-7d29-4888-b690-5a1531d2930e,3429cda2-6047-453c-bf54-952dfa6674c0,fef200e9-4d98-425b-ab14-8110e2aa85d7,Drama,20
889e3719-7d29-4888-b690-5a1531d2930e,3429cda2-6047-453c-bf54-952dfa6674c0,ecc4ae87-ae08-4b94-995c-452fdd94df7f,Privoz,229
889e3719-7d29-4888-b690-5a1531d2930e,3429cda2-6047-453c-bf54-952dfa6674c0,b60d686c-3b89-447c-93f6-2837d9af3d02,Ziherlova,1112
889e3719-7d29-4888-b690-5a1531d2930e,3429cda2-6047-453c-bf54-952dfa6674c0,9bb1ed3b-5a6f-43c7-afaf-ba2b60ca1a7a,Aškerčeva,778
889e3719-7d29-4888-b690-5a1531d2930e,3429cda2-6047-453c-bf54-952dfa6674c0,eead721b-8996-4e73-a2f9-02dba20df4fa,Ilirska,1327
889e3719-7d29-4888-b690-5a1531d2930e,3429cda2-6047-453c-bf54-952dfa6674c0,4062cd22-b67a-4235-9980-0178b7add592,Drama,173
889e3719-7d29-4888-b690-5a1531d2930e,3429cda2-6047-453c-bf54-952dfa6674c0,fef200e9-4d98-425b-ab14-8110e2aa85d7,Drama,228
889e3719-7d29-4888-b690-5a1531d2930e,3429cda2-6047-453c-bf54-952dfa6674c0,087e50b6-7677-4a85-802f-5694266fe38b,Aškerčeva,840
889e3719-7d29-4888-b690-5a1531d2930e,3429cda2-6047-453c-bf54-952dfa6674c0,e66e813a-722d-40f8-9ee9-1470d07bc200,Tobačna,362
889e3719-7d29-4888-b690-5a1531d2930e,3429cda2-6047-453c-bf54-952dfa6674c0,25ad5579-f6a0-4f35-a0c9-0678b41e9dde,Križanke,1541
889e3719-7d29-4888-b690-5a1531d2930e,3429cda2-6047-453c-bf54-952dfa6674c0,fef200e9-4d98-425b-ab14-8110e2aa85d7,Drama,834
889e3719-7d29-4888-b690-5a1531d2930e,3429cda2-6047-453c-bf54-952dfa6674c0,6afef238-01cd-4ad0-859d-2056b5d4a63f,KPL,847
889e3719-7d29-4888-b690-5a1531d2930e,3429cda2-6047-453c-bf54-952dfa6674c0,d72032c7-d4b0-4eee-a87c-593985a42266,Tobačna,416
889e3719-7d29-4888-b690-5a1531d2930e,3429cda2-6047-453c-bf54-952dfa6674c0,5d7f28a6-2a2a-4333-aa06-48edfb652f86,Pošta,337
889e3719-7d29-4888-b690-5a1531d2930e,3429cda2-6047-453c-bf54-952dfa6674c0,391bf42a-68a3-400a-baea-0c708f327325,Kamna Gorica,643
889e3719-7d29-4888-b690-5a1531d2930e,3429cda2-6047-453c-bf54-952dfa6674c0,5fa77d25-e7a3-42db-8cc9-52b612d5de19,Preglov trg,651
889e3719-7d29-4888-b690-5a1531d2930e,3429cda2-6047-453c-bf54-952dfa6674c0,557f714a-6f4a-4c98-8c5a-d74fa34b2adb,Hrvatski trg,142
889e3719-7d29-4888-b690-5a1531d2930e,3429cda2-6047-453c-bf54-952dfa6674c0,d5102041-8282-4c77-a593-edac0d0d4a34,Cukrarna,426
889e3719-7d29-4888-b690-5a1531d2930e,3429cda2-6047-453c-bf54-952dfa6674c0,7c149b59-2bc6-45cb-95c8-69e18a0db627,Rusjanov trg,1604
889e3719-7d29-4888-b690-5a1531d2930e,3429cda2-6047-453c-bf54-952dfa6674c0,c124f317-217b-4b89-9597-393843de4f81,Nusdorferjeva,122
889e3719-7d29-4888-b690-5a1531d2930e,3429cda2-6047-453c-bf54-952dfa6674c0,c87db9be-1fba-4102-a743-0ee4317dd5af,Bavarski dvor,924
889e3719-7d29-4888-b690-5a1531d2930e,3429cda2-6047-453c-bf54-952dfa6674c0,6182f8e8-c45e-4606-b4a4-d909bd44d2cc,Gornji trg,339
889e3719-7d29-4888-b690-5a1531d2930e,3429cda2-6047-453c-bf54-952dfa6674c0,c8e0086c-0cef-4375-a471-72f3ae1e34fc,Strelišče,627
889e3719-7d29-4888-b690-5a1531d2930e,3429cda2-6047-453c-bf54-952dfa6674c0,4062cd22-b67a-4235-9980-0178b7add592,Drama,101
889e3719-7d29-4888-b690-5a1531d2930e,3429cda2-6047-453c-bf54-952dfa6674c0,fef200e9-4d98-425b-ab14-8110e2aa85d7,Drama,23
889e3719-7d29-4888-b690-5a1531d2930e,3429cda2-6047-453c-bf54-952dfa6674c0,5d7f28a6-2a2a-4333-aa06-48edfb652f86,Pošta,1268
889e3719-7d29-4888-b690-5a1531d2930e,3429cda2-6047-453c-bf54-952dfa6674c0,f2920a77-6c6c-494d-96b7-2a8caf8f374f,Mirje,224
889e3719-7d29-4888-b690-5a1531d2930e,3429cda2-6047-453c-bf54-952dfa6674c0,fef200e9-4d98-425b-ab14-8110e2aa85d7,Drama,310
889e3719-7d29-4888-b690-5a1531d2930e,3429cda2-6047-453c-bf54-952dfa6674c0,fef200e9-4d98-425b-ab14-8110e2aa85d7,Drama,173
889e3719-7d29-4888-b690-5a1531d2930e,3429cda2-6047-453c-bf54-952dfa6674c0,7fad8003-fb10-489d-bf8d-6d433310ad90,Nove Jarše,551
889e3719-7d29-4888-b690-5a1531d2930e,3429cda2-6047-453c-bf54-952dfa6674c0,e66e813a-722d-40f8-9ee9-1470d07bc200,Tobačna,1544
889e3719-7d29-4888-b690-5a1531d2930e,3429cda2-6047-453c-bf54-952dfa6674c0,abc9fd26-5442-468b-93b6-4d5eb76d0f1f,BTC-Emporium,1281
889e3719-7d29-4888-b690-5a1531d2930e,3429cda2-6047-453c-bf54-952dfa6674c0,25ad5579-f6a0-4f35-a0c9-0678b41e9dde,Križanke,396
889e3719-7d29-4888-b690-5a1531d2930e,3429cda2-6047-453c-bf54-952dfa6674c0,a719a87c-4e93-4387-a6d1-2631a487f7e0,Ajdovščina,1345
889e3719-7d29-4888-b690-5a1531d2930e,3429cda2-6047-453c-bf54-952dfa6674c0,02c61e3f-2d2e-4b42-b695-bbd3cc672f6b,Leskoškova,160
889e3719-7d29-4888-b690-5a1531d2930e,3429cda2-6047-453c-bf54-952dfa6674c0,77dcd833-fa4d-4c5a-93b1-31284942e61d,Šišenska,806
889e3719-7d29-4888-b690-5a1531d2930e,3429cda2-6047-453c-bf54-952dfa6674c0,4062cd22-b67a-4235-9980-0178b7add592,Drama,163
889e3719-7d29-4888-b690-5a1531d2930e,3429cda2-6047-453c-bf54-952dfa6674c0,b829062a-2644-4350-b998-74522d9e85d8,Lutkovno gl.,807
889e3719-7d29-4888-b690-5a1531d2930e,3429cda2-6047-453c-bf54-952dfa6674c0,ecc4ae87-ae08-4b94-995c-452fdd94df7f,Privoz,556
889e3719-7d29-4888-b690-5a1531d2930e,3429cda2-6047-453c-bf54-952dfa6674c0,a719a87c-4e93-4387-a6d1-2631a487f7e0,Ajdovščina,783
889e3719-7d29-4888-b690-5a1531d2930e,3429cda2-6047-453c-bf54-952dfa6674c0,3429cda2-6047-453c-bf54-952dfa6674c0,Klinični center,1095
889e3719-7d29-4888-b690-5a1531d2930e,3429cda2-6047-453c-bf54-952dfa6674c0,c87db9be-1fba-4102-a743-0ee4317dd5af,Bavarski dvor,59
889e3719-7d29-4888-b690-5a1531d2930e,3429cda2-6047-453c-bf54-952dfa6674c0,bea274aa-277a-403d-ab2f-a0342b28882e,Križanke,360
889e3719-7d29-4888-b690-5a1531d2930e,3429cda2-6047-453c-bf54-952dfa6674c0,9b0074d2-2c92-4c01-830b-00be8e05b412,Cukrarna,911
889e3719-7d29-4888-b690-5a1531d2930e,3429cda2-6047-453c-bf54-952dfa6674c0,6182f8e8-c45e-4606-b4a4-d909bd44d2cc,Gornji trg,1577
889e3719-7d29-4888-b690-5a1531d2930e,3429cda2-6047-453c-bf54-952dfa6674c0,484b5c91-1220-43ba-af79-84e712fcc46b,Slovenija avto,2530
889e3719-7d29-4888-b690-5a1531d2930e,3429cda2-6047-453c-bf54-952dfa6674c0,c87db9be-1fba-4102-a743-0ee4317dd5af,Bavarski dvor,120
889e3719-7d29-4888-b690-5a1531d2930e,3429cda2-6047-453c-bf54-952dfa6674c0,fef200e9-4d98-425b-ab14-8110e2aa85d7,Drama,69
889e3719-7d29-4888-b690-5a1531d2930e,3429cda2-6047-453c-bf54-952dfa6674c0,a0e0a21b-b8ce-4d76-bbc2-04e179367fee,Šola Jarše,540
889e3719-7d29-4888-b690-5a1531d2930e,3429cda2-6047-453c-bf54-952dfa6674c0,fef200e9-4d98-425b-ab14-8110e2aa85d7,Drama,15
889e3719-7d29-4888-b690-5a1531d2930e,3429cda2-6047-453c-bf54-952dfa6674c0,4062cd22-b67a-4235-9980-0178b7add592,Drama,2083
889e3719-7d29-4888-b690-5a1531d2930e,3429cda2-6047-453c-bf54-952dfa6674c0,fef200e9-4d98-425b-ab14-8110e2aa85d7,Drama,209
889e3719-7d29-4888-b690-5a1531d2930e,3429cda2-6047-453c-bf54-952dfa6674c0,25ad5579-f6a0-4f35-a0c9-0678b41e9dde,Križanke,253
889e3719-7d29-4888-b690-5a1531d2930e,3429cda2-6047-453c-bf54-952dfa6674c0,c22879e5-8e90-4540-9a74-5f139208e492,Friškovec,92
889e3719-7d29-4888-b690-5a1531d2930e,3429cda2-6047-453c-bf54-952dfa6674c0,9bb1ed3b-5a6f-43c7-afaf-ba2b60ca1a7a,Aškerčeva,207
889e3719-7d29-4888-b690-5a1531d2930e,3429cda2-6047-453c-bf54-952dfa6674c0,a9796806-8cd3-4b76-bf8c-4340aec35c9e,Lutkovno gl.,168
889e3719-7d29-4888-b690-5a1531d2930e,3429cda2-6047-453c-bf54-952dfa6674c0,2b223d0c-f8ec-4970-815c-bfe26c3ffc09,Na klancu,3088
889e3719-7d29-4888-b690-5a1531d2930e,3429cda2-6047-453c-bf54-952dfa6674c0,7484317c-269f-425f-8118-23eedab4e5f1,Tivoli,185
889e3719-7d29-4888-b690-5a1531d2930e,3429cda2-6047-453c-bf54-952dfa6674c0,c87db9be-1fba-4102-a743-0ee4317dd5af,Bavarski dvor,1705
889e3719-7d29-4888-b690-5a1531d2930e,3429cda2-6047-453c-bf54-952dfa6674c0,7310c006-62b8-4f94-bb9c-d5c26cb3faad,Polje,259
889e3719-7d29-4888-b690-5a1531d2930e,3429cda2-6047-453c-bf54-952dfa6674c0,639551cf-fe23-4363-8ccd-655bc5d4119e,Zmajski most,3331
889e3719-7d29-4888-b690-5a1531d2930e,3429cda2-6047-453c-bf54-952dfa6674c0,fef200e9-4d98-425b-ab14-8110e2aa85d7,Drama,186
889e3719-7d29-4888-b690-5a1531d2930e,3429cda2-6047-453c-bf54-952dfa6674c0,023d7b7a-b411-4e61-8746-b07f9e5c8f90,Ambrožev trg,641
889e3719-7d29-4888-b690-5a1531d2930e,3429cda2-6047-453c-bf54-952dfa6674c0,fef200e9-4d98-425b-ab14-8110e2aa85d7,Drama,570
889e3719-7d29-4888-b690-5a1531d2930e,3429cda2-6047-453c-bf54-952dfa6674c0,295616c0-387b-4f60-a337-7743cd6be04e,Bavarski dvor,172
889e3719-7d29-4888-b690-5a1531d2930e,3429cda2-6047-453c-bf54-952dfa6674c0,6182f8e8-c45e-4606-b4a4-d909bd44d2cc,Gornji trg,571
889e3719-7d29-4888-b690-5a1531d2930e,3429cda2-6047-453c-bf54-952dfa6674c0,94c6598b-7303-42e1-94d5-156d7a25f630,Gerbičeva,752
889e3719-7d29-4888-b690-5a1531d2930e,3429cda2-6047-453c-bf54-952dfa6674c0,fef200e9-4d98-425b-ab14-8110e2aa85d7,Drama,158
889e3719-7d29-4888-b690-5a1531d2930e,3429cda2-6047-453c-bf54-952dfa6674c0,a719a87c-4e93-4387-a6d1-2631a487f7e0,Ajdovščina,55
889e3719-7d29-4888-b690-5a1531d2930e,3429cda2-6047-453c-bf54-952dfa6674c0,a378ce5e-57ce-4c52-b219-568674b5cd5e,Gornji trg,1756
889e3719-7d29-4888-b690-5a1531d2930e,3429cda2-6047-453c-bf54-952dfa6674c0,aa42017d-812a-4175-bc9b-0fec03b18931,Ambrožev trg,2617
889e3719-7d29-4888-b690-5a1531d2930e,3429cda2-6047-453c-bf54-952dfa6674c0,fef200e9-4d98-425b-ab14-8110e2aa85d7,Drama,108
889e3719-7d29-4888-b690-5a1531d2930e,3429cda2-6047-453c-bf54-952dfa6674c0,fef200e9-4d98-425b-ab14-8110e2aa85d7,Drama,107
889e3719-7d29-4888-b690-5a1531d2930e,3429cda2-6047-453c-bf54-952dfa6674c0,bea274aa-277a-403d-ab2f-a0342b28882e,Križanke,372
889e3719-7d29-4888-b690-5a1531d2930e,3429cda2-6047-453c-bf54-952dfa6674c0,N/A,N/A,4525
889e3719-7d29-4888-b690-5a1531d2930e,3429cda2-6047-453c-bf54-952dfa6674c0,f2b27cbd-5207-4281-8f67-6369d0c50a9b,Kodrova,583
889e3719-7d29-4888-b690-5a1531d2930e,3429cda2-6047-453c-bf54-952dfa6674c0,6c56976b-4ae1-429f-bcab-0cfc37e3580d,Zgornji log,24
889e3719-7d29-4888-b690-5a1531d2930e,3429cda2-6047-453c-bf54-952dfa6674c0,b829062a-2644-4350-b998-74522d9e85d8,Lutkovno gl.,67
889e3719-7d29-4888-b690-5a1531d2930e,3429cda2-6047-453c-bf54-952dfa6674c0,023d7b7a-b411-4e61-8746-b07f9e5c8f90,Ambrožev trg,27
889e3719-7d29-4888-b690-5a1531d2930e,3429cda2-6047-453c-bf54-952dfa6674c0,25ad5579-f6a0-4f35-a0c9-0678b41e9dde,Križanke,598
889e3719-7d29-4888-b690-5a1531d2930e,3429cda2-6047-453c-bf54-952dfa6674c0,f14a6236-8af2-47bf-9270-432377662a63,Viadukt,1998
889e3719-7d29-4888-b690-5a1531d2930e,3429cda2-6047-453c-bf54-952dfa6674c0,bea274aa-277a-403d-ab2f-a0342b28882e,Križanke,1353
889e3719-7d29-4888-b690-5a1531d2930e,3429cda2-6047-453c-bf54-952dfa6674c0,fef200e9-4d98-425b-ab14-8110e2aa85d7,Drama,103
889e3719-7d29-4888-b690-5a1531d2930e,3429cda2-6047-453c-bf54-952dfa6674c0,c0fb12dd-8cab-40da-a3aa-e8de9c6d09ed,Rusjanov trg,71
889e3719-7d29-4888-b690-5a1531d2930e,3429cda2-6047-453c-bf54-952dfa6674c0,bea274aa-277a-403d-ab2f-a0342b28882e,Križanke,38
889e3719-7d29-4888-b690-5a1531d2930e,3429cda2-6047-453c-bf54-952dfa6674c0,087e50b6-7677-4a85-802f-5694266fe38b,Aškerčeva,19
889e3719-7d29-4888-b690-5a1531d2930e,3429cda2-6047-453c-bf54-952dfa6674c0,17f7d178-41b3-41f9-a545-cbfc22a0a5f1,Nusdorferjeva,96
889e3719-7d29-4888-b690-5a1531d2930e,3429cda2-6047-453c-bf54-952dfa6674c0,16578e36-c682-4083-bd29-4973445dc0fe,Gosposvetska,1181
889e3719-7d29-4888-b690-5a1531d2930e,3429cda2-6047-453c-bf54-952dfa6674c0,6182f8e8-c45e-4606-b4a4-d909bd44d2cc,Gornji trg,389
889e3719-7d29-4888-b690-5a1531d2930e,3429cda2-6047-453c-bf54-952dfa6674c0,557f714a-6f4a-4c98-8c5a-d74fa34b2adb,Hrvatski trg,158
889e3719-7d29-4888-b690-5a1531d2930e,3429cda2-6047-453c-bf54-952dfa6674c0,fef200e9-4d98-425b-ab14-8110e2aa85d7,Drama,873
889e3719-7d29-4888-b690-5a1531d2930e,3429cda2-6047-453c-bf54-952dfa6674c0,4062cd22-b67a-4235-9980-0178b7add592,Drama,284
889e3719-7d29-4888-b690-5a1531d2930e,3429cda2-6047-453c-bf54-952dfa6674c0,c87db9be-1fba-4102-a743-0ee4317dd5af,Bavarski dvor,608
889e3719-7d29-4888-b690-5a1531d2930e,3429cda2-6047-453c-bf54-952dfa6674c0,fef200e9-4d98-425b-ab14-8110e2aa85d7,Drama,238
889e3719-7d29-4888-b690-5a1531d2930e,3429cda2-6047-453c-bf54-952dfa6674c0,a378ce5e-57ce-4c52-b219-568674b5cd5e,Gornji trg,79
889e3719-7d29-4888-b690-5a1531d2930e,3429cda2-6047-453c-bf54-952dfa6674c0,a719a87c-4e93-4387-a6d1-2631a487f7e0,Ajdovščina,899
889e3719-7d29-4888-b690-5a1531d2930e,3429cda2-6047-453c-bf54-952dfa6674c0,c87db9be-1fba-4102-a743-0ee4317dd5af,Bavarski dvor,91
889e3719-7d29-4888-b690-5a1531d2930e,3429cda2-6047-453c-bf54-952dfa6674c0,e66e813a-722d-40f8-9ee9-1470d07bc200,Tobačna,316
889e3719-7d29-4888-b690-5a1531d2930e,3429cda2-6047-453c-bf54-952dfa6674c0,7c149b59-2bc6-45cb-95c8-69e18a0db627,Rusjanov trg,368
889e3719-7d29-4888-b690-5a1531d2930e,3429cda2-6047-453c-bf54-952dfa6674c0,d9a82add-03d0-47d8-9f35-117b7a5ded44,Gerbičeva,25
889e3719-7d29-4888-b690-5a1531d2930e,3429cda2-6047-453c-bf54-952dfa6674c0,4062cd22-b67a-4235-9980-0178b7add592,Drama,1267
889e3719-7d29-4888-b690-5a1531d2930e,3429cda2-6047-453c-bf54-952dfa6674c0,5dcffe2a-1c73-4f7c-bdac-4084bb5201aa,Peruzzijeva,143
889e3719-7d29-4888-b690-5a1531d2930e,3429cda2-6047-453c-bf54-952dfa6674c0,5dcffe2a-1c73-4f7c-bdac-4084bb5201aa,Peruzzijeva,613
889e3719-7d29-4888-b690-5a1531d2930e,3429cda2-6047-453c-bf54-952dfa6674c0,a719a87c-4e93-4387-a6d1-2631a487f7e0,Ajdovščina,1203
889e3719-7d29-4888-b690-5a1531d2930e,3429cda2-6047-453c-bf54-952dfa6674c0,dc7b6fb3-15db-4c7e-9fa1-424943178ce6,LETALIŠKA P+R,1949
889e3719-7d29-4888-b690-5a1531d2930e,3429cda2-6047-453c-bf54-952dfa6674c0,1a3351a1-563e-4174-b402-54bc0e2f5191,Archinetova,1052
889e3719-7d29-4888-b690-5a1531d2930e,3429cda2-6047-453c-bf54-952dfa6674c0,d72032c7-d4b0-4eee-a87c-593985a42266,Tobačna,610
889e3719-7d29-4888-b690-5a1531d2930e,3429cda2-6047-453c-bf54-952dfa6674c0,d72032c7-d4b0-4eee-a87c-593985a42266,Tobačna,189
889e3719-7d29-4888-b690-5a1531d2930e,3429cda2-6047-453c-bf54-952dfa6674c0,8c7fa045-888b-46d0-8189-6f82623bf481,Poljanska,1269
889e3719-7d29-4888-b690-5a1531d2930e,3429cda2-6047-453c-bf54-952dfa6674c0,6182f8e8-c45e-4606-b4a4-d909bd44d2cc,Gornji trg,444
889e3719-7d29-4888-b690-5a1531d2930e,3429cda2-6047-453c-bf54-952dfa6674c0,295616c0-387b-4f60-a337-7743cd6be04e,Bavarski dvor,447
889e3719-7d29-4888-b690-5a1531d2930e,3429cda2-6047-453c-bf54-952dfa6674c0,fef200e9-4d98-425b-ab14-8110e2aa85d7,Drama,916
889e3719-7d29-4888-b690-5a1531d2930e,3429cda2-6047-453c-bf54-952dfa6674c0,a0b1fb90-3f6a-4231-910a-18be192ac762,Flajšmanova,809
889e3719-7d29-4888-b690-5a1531d2930e,3429cda2-6047-453c-bf54-952dfa6674c0,9cfac7e2-9653-4e52-a6d3-27756d27f817,Kino Šiška,689
889e3719-7d29-4888-b690-5a1531d2930e,3429cda2-6047-453c-bf54-952dfa6674c0,295616c0-387b-4f60-a337-7743cd6be04e,Bavarski dvor,1667
889e3719-7d29-4888-b690-5a1531d2930e,3429cda2-6047-453c-bf54-952dfa6674c0,fef200e9-4d98-425b-ab14-8110e2aa85d7,Drama,354
889e3719-7d29-4888-b690-5a1531d2930e,3429cda2-6047-453c-bf54-952dfa6674c0,25ad5579-f6a0-4f35-a0c9-0678b41e9dde,Križanke,639
889e3719-7d29-4888-b690-5a1531d2930e,3429cda2-6047-453c-bf54-952dfa6674c0,1632ee87-59dd-4367-bf10-9d13aa688e82,Tržnica Koseze,117
889e3719-7d29-4888-b690-5a1531d2930e,3429cda2-6047-453c-bf54-952dfa6674c0,6a0b25cc-428e-47b5-831a-e89facfa7f26,Ziherlova,1640
889e3719-7d29-4888-b690-5a1531d2930e,3429cda2-6047-453c-bf54-952dfa6674c0,4062cd22-b67a-4235-9980-0178b7add592,Drama,663
889e3719-7d29-4888-b690-5a1531d2930e,3429cda2-6047-453c-bf54-952dfa6674c0,fef200e9-4d98-425b-ab14-8110e2aa85d7,Drama,35
889e3719-7d29-4888-b690-5a1531d2930e,3429cda2-6047-453c-bf54-952dfa6674c0,fef200e9-4d98-425b-ab14-8110e2aa85d7,Drama,266
889e3719-7d29-4888-b690-5a1531d2930e,3429cda2-6047-453c-bf54-952dfa6674c0,379bc761-04b5-4227-be76-3b870fe3e69f,Pot na Fužine,49
889e3719-7d29-4888-b690-5a1531d2930e,3429cda2-6047-453c-bf54-952dfa6674c0,fef200e9-4d98-425b-ab14-8110e2aa85d7,Drama,697
889e3719-7d29-4888-b690-5a1531d2930e,3429cda2-6047-453c-bf54-952dfa6674c0,4062cd22-b67a-4235-9980-0178b7add592,Drama,1397
889e3719-7d29-4888-b690-5a1531d2930e,3429cda2-6047-453c-bf54-952dfa6674c0,fef200e9-4d98-425b-ab14-8110e2aa85d7,Drama,55
889e3719-7d29-4888-b690-5a1531d2930e,3429cda2-6047-453c-bf54-952dfa6674c0,a378ce5e-57ce-4c52-b219-568674b5cd5e,Gornji trg,376
889e3719-7d29-4888-b690-5a1531d2930e,3429cda2-6047-453c-bf54-952dfa6674c0,fef200e9-4d98-425b-ab14-8110e2aa85d7,Drama,124
889e3719-7d29-4888-b690-5a1531d2930e,3429cda2-6047-453c-bf54-952dfa6674c0,f073b9d9-a3e3-4d04-a209-0db55377b79e,Zmajski most,910
889e3719-7d29-4888-b690-5a1531d2930e,3429cda2-6047-453c-bf54-952dfa6674c0,4062cd22-b67a-4235-9980-0178b7add592,Drama,114
889e3719-7d29-4888-b690-5a1531d2930e,3429cda2-6047-453c-bf54-952dfa6674c0,fef200e9-4d98-425b-ab14-8110e2aa85d7,Drama,322
889e3719-7d29-4888-b690-5a1531d2930e,3429cda2-6047-453c-bf54-952dfa6674c0,fef200e9-4d98-425b-ab14-8110e2aa85d7,Drama,1019
889e3719-7d29-4888-b690-5a1531d2930e,3429cda2-6047-453c-bf54-952dfa6674c0,9b0074d2-2c92-4c01-830b-00be8e05b412,Cukrarna,75
889e3719-7d29-4888-b690-5a1531d2930e,3429cda2-6047-453c-bf54-952dfa6674c0,88cdd36c-03d2-4374-a22f-110dd9f75ea0,Kajuhova,2940
889e3719-7d29-4888-b690-5a1531d2930e,3429cda2-6047-453c-bf54-952dfa6674c0,a719a87c-4e93-4387-a6d1-2631a487f7e0,Ajdovščina,10
889e3719-7d29-4888-b690-5a1531d2930e,3429cda2-6047-453c-bf54-952dfa6674c0,fef200e9-4d98-425b-ab14-8110e2aa85d7,Drama,155
889e3719-7d29-4888-b690-5a1531d2930e,3429cda2-6047-453c-bf54-952dfa6674c0,4062cd22-b67a-4235-9980-0178b7add592,Drama,644
889e3719-7d29-4888-b690-5a1531d2930e,3429cda2-6047-453c-bf54-952dfa6674c0,717dda7e-d793-4697-8f60-b64ee8b1edc4,Gosposvetska,104
889e3719-7d29-4888-b690-5a1531d2930e,3429cda2-6047-453c-bf54-952dfa6674c0,6c56976b-4ae1-429f-bcab-0cfc37e3580d,Zgornji log,126
889e3719-7d29-4888-b690-5a1531d2930e,3429cda2-6047-453c-bf54-952dfa6674c0,eb8e8d9a-a3d5-4ec1-9356-26e0e41912d1,Pot v mejah,351
889e3719-7d29-4888-b690-5a1531d2930e,3429cda2-6047-453c-bf54-952dfa6674c0,16578e36-c682-4083-bd29-4973445dc0fe,Gosposvetska,36
889e3719-7d29-4888-b690-5a1531d2930e,3429cda2-6047-453c-bf54-952dfa6674c0,9b0074d2-2c92-4c01-830b-00be8e05b412,Cukrarna,10
889e3719-7d29-4888-b690-5a1531d2930e,3429cda2-6047-453c-bf54-952dfa6674c0,a3aeed02-8e36-4cb0-bb08-25cc4afda164,Rašica,540
889e3719-7d29-4888-b690-5a1531d2930e,3429cda2-6047-453c-bf54-952dfa6674c0,bd1a0fbd-1593-4552-a76f-681c59333d6b,Savsko naselje,943
889e3719-7d29-4888-b690-5a1531d2930e,3429cda2-6047-453c-bf54-952dfa6674c0,b905ae6a-f1e1-4057-8923-481902ed5a8e,Konzorcij,33
889e3719-7d29-4888-b690-5a1531d2930e,3429cda2-6047-453c-bf54-952dfa6674c0,b2cf1f2c-3c77-4a23-891f-3cdbcda92f19,Škofljica žaga,133
889e3719-7d29-4888-b690-5a1531d2930e,3429cda2-6047-453c-bf54-952dfa6674c0,7fdce743-a4be-44d7-8658-0a259a18ad30,Stožice,1229
889e3719-7d29-4888-b690-5a1531d2930e,3429cda2-6047-453c-bf54-952dfa6674c0,fef200e9-4d98-425b-ab14-8110e2aa85d7,Drama,163
889e3719-7d29-4888-b690-5a1531d2930e,3429cda2-6047-453c-bf54-952dfa6674c0,25ad5579-f6a0-4f35-a0c9-0678b41e9dde,Križanke,387
889e3719-7d29-4888-b690-5a1531d2930e,3429cda2-6047-453c-bf54-952dfa6674c0,fef200e9-4d98-425b-ab14-8110e2aa85d7,Drama,847
889e3719-7d29-4888-b690-5a1531d2930e,3429cda2-6047-453c-bf54-952dfa6674c0,c87db9be-1fba-4102-a743-0ee4317dd5af,Bavarski dvor,177
889e3719-7d29-4888-b690-5a1531d2930e,3429cda2-6047-453c-bf54-952dfa6674c0,5d7f28a6-2a2a-4333-aa06-48edfb652f86,Pošta,56
889e3719-7d29-4888-b690-5a1531d2930e,3429cda2-6047-453c-bf54-952dfa6674c0,f2920a77-6c6c-494d-96b7-2a8caf8f374f,Mirje,2646
889e3719-7d29-4888-b690-5a1531d2930e,3429cda2-6047-453c-bf54-952dfa6674c0,a719a87c-4e93-4387-a6d1-2631a487f7e0,Ajdovščina,1971
889e3719-7d29-4888-b690-5a1531d2930e,3429cda2-6047-453c-bf54-952dfa6674c0,b829062a-2644-4350-b998-74522d9e85d8,Lutkovno gl.,754
889e3719-7d29-4888-b690-5a1531d2930e,3429cda2-6047-453c-bf54-952dfa6674c0,bea274aa-277a-403d-ab2f-a0342b28882e,Križanke,2266
889e3719-7d29-4888-b690-5a1531d2930e,3429cda2-6047-453c-bf54-952dfa6674c0,16578e36-c682-4083-bd29-4973445dc0fe,Gosposvetska,617
889e3719-7d29-4888-b690-5a1531d2930e,3429cda2-6047-453c-bf54-952dfa6674c0,25ad5579-f6a0-4f35-a0c9-0678b41e9dde,Križanke,1805
889e3719-7d29-4888-b690-5a1531d2930e,3429cda2-6047-453c-bf54-952dfa6674c0,d17294f3-5b6c-4313-9243-3f38557967cf,Tabor,1467
889e3719-7d29-4888-b690-5a1531d2930e,3429cda2-6047-453c-bf54-952dfa6674c0,fef200e9-4d98-425b-ab14-8110e2aa85d7,Drama,258
889e3719-7d29-4888-b690-5a1531d2930e,3429cda2-6047-453c-bf54-952dfa6674c0,3429cda2-6047-453c-bf54-952dfa6674c0,Klinični center,54
889e3719-7d29-4888-b690-5a1531d2930e,3429cda2-6047-453c-bf54-952dfa6674c0,33613e0e-f41c-4cee-804a-3942bf698e3e,Iški most,931
889e3719-7d29-4888-b690-5a1531d2930e,3429cda2-6047-453c-bf54-952dfa6674c0,fef200e9-4d98-425b-ab14-8110e2aa85d7,Drama,389
889e3719-7d29-4888-b690-5a1531d2930e,3429cda2-6047-453c-bf54-952dfa6674c0,4f681273-89fe-44f9-aaec-76950722cc52,Študentsko naselje,521
889e3719-7d29-4888-b690-5a1531d2930e,3429cda2-6047-453c-bf54-952dfa6674c0,25ad5579-f6a0-4f35-a0c9-0678b41e9dde,Križanke,963
889e3719-7d29-4888-b690-5a1531d2930e,3429cda2-6047-453c-bf54-952dfa6674c0,4062cd22-b67a-4235-9980-0178b7add592,Drama,1503
889e3719-7d29-4888-b690-5a1531d2930e,3429cda2-6047-453c-bf54-952dfa6674c0,aa42017d-812a-4175-bc9b-0fec03b18931,Ambrožev trg,698
889e3719-7d29-4888-b690-5a1531d2930e,3429cda2-6047-453c-bf54-952dfa6674c0,e66e813a-722d-40f8-9ee9-1470d07bc200,Tobačna,36
889e3719-7d29-4888-b690-5a1531d2930e,3429cda2-6047-453c-bf54-952dfa6674c0,923bd774-0651-4e0a-8624-3acfb7ecd5ff,Gornje Poljane,246
889e3719-7d29-4888-b690-5a1531d2930e,3429cda2-6047-453c-bf54-952dfa6674c0,fef200e9-4d98-425b-ab14-8110e2aa85d7,Drama,2891
889e3719-7d29-4888-b690-5a1531d2930e,3429cda2-6047-453c-bf54-952dfa6674c0,a378ce5e-57ce-4c52-b219-568674b5cd5e,Gornji trg,2046
889e3719-7d29-4888-b690-5a1531d2930e,3429cda2-6047-453c-bf54-952dfa6674c0,7962e05c-ad8c-43e4-9db4-4b90f0c94596,Murgle,486
889e3719-7d29-4888-b690-5a1531d2930e,3429cda2-6047-453c-bf54-952dfa6674c0,25ad5579-f6a0-4f35-a0c9-0678b41e9dde,Križanke,95
889e3719-7d29-4888-b690-5a1531d2930e,3429cda2-6047-453c-bf54-952dfa6674c0,5d7f28a6-2a2a-4333-aa06-48edfb652f86,Pošta,418
889e3719-7d29-4888-b690-5a1531d2930e,3429cda2-6047-453c-bf54-952dfa6674c0,fef200e9-4d98-425b-ab14-8110e2aa85d7,Drama,1345
889e3719-7d29-4888-b690-5a1531d2930e,3429cda2-6047-453c-bf54-952dfa6674c0,4062cd22-b67a-4235-9980-0178b7add592,Drama,1255
889e3719-7d29-4888-b690-5a1531d2930e,3429cda2-6047-453c-bf54-952dfa6674c0,a719a87c-4e93-4387-a6d1-2631a487f7e0,Ajdovščina,1286
889e3719-7d29-4888-b690-5a1531d2930e,3429cda2-6047-453c-bf54-952dfa6674c0,fef200e9-4d98-425b-ab14-8110e2aa85d7,Drama,40
889e3719-7d29-4888-b690-5a1531d2930e,3429cda2-6047-453c-bf54-952dfa6674c0,dfde6478-02b5-471b-a470-29cb0e84542f,Slovenija avto,1403
889e3719-7d29-4888-b690-5a1531d2930e,3429cda2-6047-453c-bf54-952dfa6674c0,3429cda2-6047-453c-bf54-952dfa6674c0,Klinični center,726
889e3719-7d29-4888-b690-5a1531d2930e,3429cda2-6047-453c-bf54-952dfa6674c0,2d6504e9-c938-417e-9b55-32d6514bc744,Kristalna palača,487
889e3719-7d29-4888-b690-5a1531d2930e,3429cda2-6047-453c-bf54-952dfa6674c0,fef200e9-4d98-425b-ab14-8110e2aa85d7,Drama,363
889e3719-7d29-4888-b690-5a1531d2930e,3429cda2-6047-453c-bf54-952dfa6674c0,fef200e9-4d98-425b-ab14-8110e2aa85d7,Drama,51
889e3719-7d29-4888-b690-5a1531d2930e,3429cda2-6047-453c-bf54-952dfa6674c0,9bb1ed3b-5a6f-43c7-afaf-ba2b60ca1a7a,Aškerčeva,1314
889e3719-7d29-4888-b690-5a1531d2930e,3429cda2-6047-453c-bf54-952dfa6674c0,fef200e9-4d98-425b-ab14-8110e2aa85d7,Drama,61
889e3719-7d29-4888-b690-5a1531d2930e,3429cda2-6047-453c-bf54-952dfa6674c0,fef200e9-4d98-425b-ab14-8110e2aa85d7,Drama,82
889e3719-7d29-4888-b690-5a1531d2930e,3429cda2-6047-453c-bf54-952dfa6674c0,9a938b49-ce1d-4e1c-a789-e316630ebc4f,Poliklinika,583
889e3719-7d29-4888-b690-5a1531d2930e,3429cda2-6047-453c-bf54-952dfa6674c0,4062cd22-b67a-4235-9980-0178b7add592,Drama,524
889e3719-7d29-4888-b690-5a1531d2930e,3429cda2-6047-453c-bf54-952dfa6674c0,48507e1a-32df-4552-9448-3b345760b75f,Cesta na Vevče,240
889e3719-7d29-4888-b690-5a1531d2930e,3429cda2-6047-453c-bf54-952dfa6674c0,105e10e7-fbab-4f99-94c9-178c25630b42,Brodarjev trg,709
889e3719-7d29-4888-b690-5a1531d2930e,3429cda2-6047-453c-bf54-952dfa6674c0,aa42017d-812a-4175-bc9b-0fec03b18931,Ambrožev trg,147
889e3719-7d29-4888-b690-5a1531d2930e,3429cda2-6047-453c-bf54-952dfa6674c0,6182f8e8-c45e-4606-b4a4-d909bd44d2cc,Gornji trg,450
889e3719-7d29-4888-b690-5a1531d2930e,3429cda2-6047-453c-bf54-952dfa6674c0,97788808-915f-4405-b54e-7ec5f95f7330,TRNOVO,273
889e3719-7d29-4888-b690-5a1531d2930e,3429cda2-6047-453c-bf54-952dfa6674c0,cab36767-e95a-4f60-978e-92490f2517b2,Hrvatski trg,970
889e3719-7d29-4888-b690-5a1531d2930e,3429cda2-6047-453c-bf54-952dfa6674c0,bea274aa-277a-403d-ab2f-a0342b28882e,Križanke,2655
889e3719-7d29-4888-b690-5a1531d2930e,3429cda2-6047-453c-bf54-952dfa6674c0,7eb88e01-82e9-4af4-84d0-69c6ea9dc82c,Kolodvor,62
889e3719-7d29-4888-b690-5a1531d2930e,3429cda2-6047-453c-bf54-952dfa6674c0,a719a87c-4e93-4387-a6d1-2631a487f7e0,Ajdovščina,965
889e3719-7d29-4888-b690-5a1531d2930e,3429cda2-6047-453c-bf54-952dfa6674c0,557f714a-6f4a-4c98-8c5a-d74fa34b2adb,Hrvatski trg,89
889e3719-7d29-4888-b690-5a1531d2930e,3429cda2-6047-453c-bf54-952dfa6674c0,4062cd22-b67a-4235-9980-0178b7add592,Drama,350
889e3719-7d29-4888-b690-5a1531d2930e,3429cda2-6047-453c-bf54-952dfa6674c0,ecc4ae87-ae08-4b94-995c-452fdd94df7f,Privoz,409
889e3719-7d29-4888-b690-5a1531d2930e,3429cda2-6047-453c-bf54-952dfa6674c0,a3aeed02-8e36-4cb0-bb08-25cc4afda164,Rašica,246
889e3719-7d29-4888-b690-5a1531d2930e,3429cda2-6047-453c-bf54-952dfa6674c0,5d7f28a6-2a2a-4333-aa06-48edfb652f86,Pošta,202
889e3719-7d29-4888-b690-5a1531d2930e,3429cda2-6047-453c-bf54-952dfa6674c0,fef200e9-4d98-425b-ab14-8110e2aa85d7,Drama,51
889e3719-7d29-4888-b690-5a1531d2930e,3429cda2-6047-453c-bf54-952dfa6674c0,fef200e9-4d98-425b-ab14-8110e2aa85d7,Drama,1512
889e3719-7d29-4888-b690-5a1531d2930e,3429cda2-6047-453c-bf54-952dfa6674c0,feb89b92-366d-4f50-a509-40c7baba8cf0,Brodarjev trg,399
889e3719-7d29-4888-b690-5a1531d2930e,3429cda2-6047-453c-bf54-952dfa6674c0,fef200e9-4d98-425b-ab14-8110e2aa85d7,Drama,23
889e3719-7d29-4888-b690-5a1531d2930e,3429cda2-6047-453c-bf54-952dfa6674c0,9b85d4b0-c594-4e0e-9ce2-d0986256c270,Tavčarjeva,1950
889e3719-7d29-4888-b690-5a1531d2930e,3429cda2-6047-453c-bf54-952dfa6674c0,f073b9d9-a3e3-4d04-a209-0db55377b79e,Zmajski most,466
889e3719-7d29-4888-b690-5a1531d2930e,3429cda2-6047-453c-bf54-952dfa6674c0,a719a87c-4e93-4387-a6d1-2631a487f7e0,Ajdovščina,648
889e3719-7d29-4888-b690-5a1531d2930e,3429cda2-6047-453c-bf54-952dfa6674c0,3429cda2-6047-453c-bf54-952dfa6674c0,Klinični center,1005
889e3719-7d29-4888-b690-5a1531d2930e,3429cda2-6047-453c-bf54-952dfa6674c0,fef200e9-4d98-425b-ab14-8110e2aa85d7,Drama,177
889e3719-7d29-4888-b690-5a1531d2930e,3429cda2-6047-453c-bf54-952dfa6674c0,fef200e9-4d98-425b-ab14-8110e2aa85d7,Drama,940
889e3719-7d29-4888-b690-5a1531d2930e,3429cda2-6047-453c-bf54-952dfa6674c0,bbe542ee-a3f6-43cf-b23a-077c28b7d19a,BTC-tržnica,1049
889e3719-7d29-4888-b690-5a1531d2930e,3429cda2-6047-453c-bf54-952dfa6674c0,fef200e9-4d98-425b-ab14-8110e2aa85d7,Drama,506
889e3719-7d29-4888-b690-5a1531d2930e,3429cda2-6047-453c-bf54-952dfa6674c0,fef200e9-4d98-425b-ab14-8110e2aa85d7,Drama,435
889e3719-7d29-4888-b690-5a1531d2930e,3429cda2-6047-453c-bf54-952dfa6674c0,4062cd22-b67a-4235-9980-0178b7add592,Drama,147
889e3719-7d29-4888-b690-5a1531d2930e,3429cda2-6047-453c-bf54-952dfa6674c0,454817d3-3750-49c7-994c-14d06fd2c634,Žale,3493
889e3719-7d29-4888-b690-5a1531d2930e,3429cda2-6047-453c-bf54-952dfa6674c0,6182f8e8-c45e-4606-b4a4-d909bd44d2cc,Gornji trg,559
889e3719-7d29-4888-b690-5a1531d2930e,3429cda2-6047-453c-bf54-952dfa6674c0,9b0074d2-2c92-4c01-830b-00be8e05b412,Cukrarna,17
889e3719-7d29-4888-b690-5a1531d2930e,3429cda2-6047-453c-bf54-952dfa6674c0,a719a87c-4e93-4387-a6d1-2631a487f7e0,Ajdovščina,1822
889e3719-7d29-4888-b690-5a1531d2930e,3429cda2-6047-453c-bf54-952dfa6674c0,1f9fad8e-d59c-494c-bdd1-1983afacb755,Kodrova,265
889e3719-7d29-4888-b690-5a1531d2930e,3429cda2-6047-453c-bf54-952dfa6674c0,41489be9-b3b7-4cbe-90f8-af1a435b2676,Orlova,712
889e3719-7d29-4888-b690-5a1531d2930e,3429cda2-6047-453c-bf54-952dfa6674c0,a719a87c-4e93-4387-a6d1-2631a487f7e0,Ajdovščina,2716
889e3719-7d29-4888-b690-5a1531d2930e,3429cda2-6047-453c-bf54-952dfa6674c0,48b163cd-b819-4849-aee1-8b1da77657ab,Šentvid,1360
889e3719-7d29-4888-b690-5a1531d2930e,3429cda2-6047-453c-bf54-952dfa6674c0,a719a87c-4e93-4387-a6d1-2631a487f7e0,Ajdovščina,329
889e3719-7d29-4888-b690-5a1531d2930e,3429cda2-6047-453c-bf54-952dfa6674c0,b905ae6a-f1e1-4057-8923-481902ed5a8e,Konzorcij,259
889e3719-7d29-4888-b690-5a1531d2930e,3429cda2-6047-453c-bf54-952dfa6674c0,9845a6f7-ba79-4f3d-b6ae-969651ef6001,Tomačevska,1918
889e3719-7d29-4888-b690-5a1531d2930e,3429cda2-6047-453c-bf54-952dfa6674c0,9bd3ee10-bc61-44e8-8cf3-a37cffd54da0,DOMŽALE kolodvor,915
889e3719-7d29-4888-b690-5a1531d2930e,3429cda2-6047-453c-bf54-952dfa6674c0,4062cd22-b67a-4235-9980-0178b7add592,Drama,1888
889e3719-7d29-4888-b690-5a1531d2930e,3429cda2-6047-453c-bf54-952dfa6674c0,6efecef0-52ba-4a47-9991-9bab5ce31340,Ajdovščina,634
889e3719-7d29-4888-b690-5a1531d2930e,3429cda2-6047-453c-bf54-952dfa6674c0,fef200e9-4d98-425b-ab14-8110e2aa85d7,Drama,6
889e3719-7d29-4888-b690-5a1531d2930e,3429cda2-6047-453c-bf54-952dfa6674c0,d72032c7-d4b0-4eee-a87c-593985a42266,Tobačna,90
889e3719-7d29-4888-b690-5a1531d2930e,3429cda2-6047-453c-bf54-952dfa6674c0,95eee7e8-237d-4410-a9bf-00c6f88129c1,Cukrarna,67
889e3719-7d29-4888-b690-5a1531d2930e,3429cda2-6047-453c-bf54-952dfa6674c0,9b0074d2-2c92-4c01-830b-00be8e05b412,Cukrarna,1292
889e3719-7d29-4888-b690-5a1531d2930e,3429cda2-6047-453c-bf54-952dfa6674c0,bea274aa-277a-403d-ab2f-a0342b28882e,Križanke,1396
889e3719-7d29-4888-b690-5a1531d2930e,3429cda2-6047-453c-bf54-952dfa6674c0,a378ce5e-57ce-4c52-b219-568674b5cd5e,Gornji trg,344
889e3719-7d29-4888-b690-5a1531d2930e,3429cda2-6047-453c-bf54-952dfa6674c0,4ed69cbb-d738-450c-be11-7d96cd50ee50,Livada,1735
889e3719-7d29-4888-b690-5a1531d2930e,3429cda2-6047-453c-bf54-952dfa6674c0,5764ff17-c787-4918-b7bd-a2ed9c6d7dd1,RUDNIK,1152
889e3719-7d29-4888-b690-5a1531d2930e,3429cda2-6047-453c-bf54-952dfa6674c0,5d7f28a6-2a2a-4333-aa06-48edfb652f86,Pošta,175
889e3719-7d29-4888-b690-5a1531d2930e,3429cda2-6047-453c-bf54-952dfa6674c0,4062cd22-b67a-4235-9980-0178b7add592,Drama,38
889e3719-7d29-4888-b690-5a1531d2930e,3429cda2-6047-453c-bf54-952dfa6674c0,25ad5579-f6a0-4f35-a0c9-0678b41e9dde,Križanke,45
889e3719-7d29-4888-b690-5a1531d2930e,3429cda2-6047-453c-bf54-952dfa6674c0,4062cd22-b67a-4235-9980-0178b7add592,Drama,422
889e3719-7d29-4888-b690-5a1531d2930e,3429cda2-6047-453c-bf54-952dfa6674c0,5d7f28a6-2a2a-4333-aa06-48edfb652f86,Pošta,57
889e3719-7d29-4888-b690-5a1531d2930e,3429cda2-6047-453c-bf54-952dfa6674c0,0bb103e4-c4a6-4c4c-a13d-217ab4e6dfd3,Cesta na Vevče,244
889e3719-7d29-4888-b690-5a1531d2930e,3429cda2-6047-453c-bf54-952dfa6674c0,557f714a-6f4a-4c98-8c5a-d74fa34b2adb,Hrvatski trg,1142
889e3719-7d29-4888-b690-5a1531d2930e,3429cda2-6047-453c-bf54-952dfa6674c0,087e50b6-7677-4a85-802f-5694266fe38b,Aškerčeva,14
889e3719-7d29-4888-b690-5a1531d2930e,3429cda2-6047-453c-bf54-952dfa6674c0,61f19c68-2d5e-4d76-bdd4-28709a347b5b,Spar,291
889e3719-7d29-4888-b690-5a1531d2930e,3429cda2-6047-453c-bf54-952dfa6674c0,ecc4ae87-ae08-4b94-995c-452fdd94df7f,Privoz,1312
889e3719-7d29-4888-b690-5a1531d2930e,3429cda2-6047-453c-bf54-952dfa6674c0,da9650a3-6ec7-4cdb-95f2-a68851587dfc,Primožev ovinek,1685
889e3719-7d29-4888-b690-5a1531d2930e,3429cda2-6047-453c-bf54-952dfa6674c0,4062cd22-b67a-4235-9980-0178b7add592,Drama,442
889e3719-7d29-4888-b690-5a1531d2930e,3429cda2-6047-453c-bf54-952dfa6674c0,ef31a8be-b01d-44cd-95cf-3db8e918af26,Emona,105
889e3719-7d29-4888-b690-5a1531d2930e,3429cda2-6047-453c-bf54-952dfa6674c0,a719a87c-4e93-4387-a6d1-2631a487f7e0,Ajdovščina,172
889e3719-7d29-4888-b690-5a1531d2930e,3429cda2-6047-453c-bf54-952dfa6674c0,4062cd22-b67a-4235-9980-0178b7add592,Drama,245
889e3719-7d29-4888-b690-5a1531d2930e,3429cda2-6047-453c-bf54-952dfa6674c0,295616c0-387b-4f60-a337-7743cd6be04e,Bavarski dvor,3100
889e3719-7d29-4888-b690-5a1531d2930e,3429cda2-6047-453c-bf54-952dfa6674c0,7c37b809-4d6d-497c-a53d-38663e91c088,Bizovik,415
889e3719-7d29-4888-b690-5a1531d2930e,3429cda2-6047-453c-bf54-952dfa6674c0,fef200e9-4d98-425b-ab14-8110e2aa85d7,Drama,296
889e3719-7d29-4888-b690-5a1531d2930e,3429cda2-6047-453c-bf54-952dfa6674c0,fef200e9-4d98-425b-ab14-8110e2aa85d7,Drama,677
889e3719-7d29-4888-b690-5a1531d2930e,3429cda2-6047-453c-bf54-952dfa6674c0,4062cd22-b67a-4235-9980-0178b7add592,Drama,79
889e3719-7d29-4888-b690-5a1531d2930e,3429cda2-6047-453c-bf54-952dfa6674c0,b829062a-2644-4350-b998-74522d9e85d8,Lutkovno gl.,783
889e3719-7d29-4888-b690-5a1531d2930e,3429cda2-6047-453c-bf54-952dfa6674c0,712ee105-4fab-498a-af5c-496ca9830f5f,Viadukt,629
889e3719-7d29-4888-b690-5a1531d2930e,3429cda2-6047-453c-bf54-952dfa6674c0,bf64b499-211b-4da8-ace2-f12a17608ae3,ŠTEPANJSKO NAS.,53
889e3719-7d29-4888-b690-5a1531d2930e,3429cda2-6047-453c-bf54-952dfa6674c0,bea274aa-277a-403d-ab2f-a0342b28882e,Križanke,2824
889e3719-7d29-4888-b690-5a1531d2930e,3429cda2-6047-453c-bf54-952dfa6674c0,9bb1ed3b-5a6f-43c7-afaf-ba2b60ca1a7a,Aškerčeva,1160
889e3719-7d29-4888-b690-5a1531d2930e,3429cda2-6047-453c-bf54-952dfa6674c0,4062cd22-b67a-4235-9980-0178b7add592,Drama,767
889e3719-7d29-4888-b690-5a1531d2930e,3429cda2-6047-453c-bf54-952dfa6674c0,62d0c5a7-1692-43ef-b6e2-31f514362629,Škofljica žaga,1309
889e3719-7d29-4888-b690-5a1531d2930e,3429cda2-6047-453c-bf54-952dfa6674c0,fef200e9-4d98-425b-ab14-8110e2aa85d7,Drama,18
889e3719-7d29-4888-b690-5a1531d2930e,3429cda2-6047-453c-bf54-952dfa6674c0,eb165f50-9c43-4b09-9658-469a16d3dc83,Kodeljevo,194
889e3719-7d29-4888-b690-5a1531d2930e,3429cda2-6047-453c-bf54-952dfa6674c0,f33b721f-a8a3-4aad-96f2-077da09ebaa6,Razstavišče,1390
889e3719-7d29-4888-b690-5a1531d2930e,3429cda2-6047-453c-bf54-952dfa6674c0,a9796806-8cd3-4b76-bf8c-4340aec35c9e,Lutkovno gl.,141
889e3719-7d29-4888-b690-5a1531d2930e,3429cda2-6047-453c-bf54-952dfa6674c0,a719a87c-4e93-4387-a6d1-2631a487f7e0,Ajdovščina,982
889e3719-7d29-4888-b690-5a1531d2930e,3429cda2-6047-453c-bf54-952dfa6674c0,ecc4ae87-ae08-4b94-995c-452fdd94df7f,Privoz,1547
889e3719-7d29-4888-b690-5a1531d2930e,3429cda2-6047-453c-bf54-952dfa6674c0,b905ae6a-f1e1-4057-8923-481902ed5a8e,Konzorcij,45
889e3719-7d29-4888-b690-5a1531d2930e,3429cda2-6047-453c-bf54-952dfa6674c0,25ad5579-f6a0-4f35-a0c9-0678b41e9dde,Križanke,104
889e3719-7d29-4888-b690-5a1531d2930e,3429cda2-6047-453c-bf54-952dfa6674c0,505865ea-cdea-4042-bdb2-b2f4f03889cb,ŠTEPANJSKO NAS.,2690
889e3719-7d29-4888-b690-5a1531d2930e,3429cda2-6047-453c-bf54-952dfa6674c0,17f7d178-41b3-41f9-a545-cbfc22a0a5f1,Nusdorferjeva,446
889e3719-7d29-4888-b690-5a1531d2930e,3429cda2-6047-453c-bf54-952dfa6674c0,b905ae6a-f1e1-4057-8923-481902ed5a8e,Konzorcij,655
889e3719-7d29-4888-b690-5a1531d2930e,3429cda2-6047-453c-bf54-952dfa6674c0,105e10e7-fbab-4f99-94c9-178c25630b42,Brodarjev trg,229
889e3719-7d29-4888-b690-5a1531d2930e,3429cda2-6047-453c-bf54-952dfa6674c0,N/A,N/A,4525
889e3719-7d29-4888-b690-5a1531d2930e,3429cda2-6047-453c-bf54-952dfa6674c0,ac3afe7d-a2b3-4d5d-9e6a-1d2412a3bc70,Litostrojska,1474
889e3719-7d29-4888-b690-5a1531d2930e,3429cda2-6047-453c-bf54-952dfa6674c0,25ad5579-f6a0-4f35-a0c9-0678b41e9dde,Križanke,550
889e3719-7d29-4888-b690-5a1531d2930e,3429cda2-6047-453c-bf54-952dfa6674c0,087e50b6-7677-4a85-802f-5694266fe38b,Aškerčeva,2253
889e3719-7d29-4888-b690-5a1531d2930e,3429cda2-6047-453c-bf54-952dfa6674c0,f073b9d9-a3e3-4d04-a209-0db55377b79e,Zmajski most,742
889e3719-7d29-4888-b690-5a1531d2930e,3429cda2-6047-453c-bf54-952dfa6674c0,b905ae6a-f1e1-4057-8923-481902ed5a8e,Konzorcij,234
889e3719-7d29-4888-b690-5a1531d2930e,3429cda2-6047-453c-bf54-952dfa6674c0,fef200e9-4d98-425b-ab14-8110e2aa85d7,Drama,60
889e3719-7d29-4888-b690-5a1531d2930e,3429cda2-6047-453c-bf54-952dfa6674c0,c87db9be-1fba-4102-a743-0ee4317dd5af,Bavarski dvor,214
889e3719-7d29-4888-b690-5a1531d2930e,3429cda2-6047-453c-bf54-952dfa6674c0,48b163cd-b819-4849-aee1-8b1da77657ab,Šentvid,958
889e3719-7d29-4888-b690-5a1531d2930e,3429cda2-6047-453c-bf54-952dfa6674c0,c87db9be-1fba-4102-a743-0ee4317dd5af,Bavarski dvor,588
889e3719-7d29-4888-b690-5a1531d2930e,3429cda2-6047-453c-bf54-952dfa6674c0,4062cd22-b67a-4235-9980-0178b7add592,Drama,2961
889e3719-7d29-4888-b690-5a1531d2930e,3429cda2-6047-453c-bf54-952dfa6674c0,4038e02e-f22f-4af0-ba4f-7aab855b53af,Kneza Koclja,163
889e3719-7d29-4888-b690-5a1531d2930e,3429cda2-6047-453c-bf54-952dfa6674c0,38b3abed-0592-407b-96c3-85a026f2e192,Dalmatinova,454
889e3719-7d29-4888-b690-5a1531d2930e,3429cda2-6047-453c-bf54-952dfa6674c0,fef200e9-4d98-425b-ab14-8110e2aa85d7,Drama,182
889e3719-7d29-4888-b690-5a1531d2930e,3429cda2-6047-453c-bf54-952dfa6674c0,8c7fa045-888b-46d0-8189-6f82623bf481,Poljanska,170
889e3719-7d29-4888-b690-5a1531d2930e,3429cda2-6047-453c-bf54-952dfa6674c0,6a89c110-a0f8-4b1a-87f0-33f49c0a658e,Šola Jarše,1119
889e3719-7d29-4888-b690-5a1531d2930e,3429cda2-6047-453c-bf54-952dfa6674c0,4062cd22-b67a-4235-9980-0178b7add592,Drama,937
889e3719-7d29-4888-b690-5a1531d2930e,3429cda2-6047-453c-bf54-952dfa6674c0,306dcdea-b1ce-4357-ba5e-fa82293630df,Kolodvor,28
889e3719-7d29-4888-b690-5a1531d2930e,3429cda2-6047-453c-bf54-952dfa6674c0,fcec9e7a-1c9e-4214-96dd-d071550349e6,Zgornja Šiška,1652
889e3719-7d29-4888-b690-5a1531d2930e,3429cda2-6047-453c-bf54-952dfa6674c0,f4cfd904-bd11-4247-95df-32c4555a930f,Klinični center,188
889e3719-7d29-4888-b690-5a1531d2930e,3429cda2-6047-453c-bf54-952dfa6674c0,0810f07b-94d6-442f-b10d-bf8210c4ed47,Draveljska gmajna,825
889e3719-7d29-4888-b690-5a1531d2930e,3429cda2-6047-453c-bf54-952dfa6674c0,fef200e9-4d98-425b-ab14-8110e2aa85d7,Drama,780
889e3719-7d29-4888-b690-5a1531d2930e,3429cda2-6047-453c-bf54-952dfa6674c0,38b3abed-0592-407b-96c3-85a026f2e192,Dalmatinova,80
889e3719-7d29-4888-b690-5a1531d2930e,3429cda2-6047-453c-bf54-952dfa6674c0,aa42017d-812a-4175-bc9b-0fec03b18931,Ambrožev trg,3188
889e3719-7d29-4888-b690-5a1531d2930e,3429cda2-6047-453c-bf54-952dfa6674c0,c124f317-217b-4b89-9597-393843de4f81,Nusdorferjeva,2726
889e3719-7d29-4888-b690-5a1531d2930e,3429cda2-6047-453c-bf54-952dfa6674c0,c0a064eb-b507-43c2-a6d2-0e9c5881f031,Središka,2321
889e3719-7d29-4888-b690-5a1531d2930e,3429cda2-6047-453c-bf54-952dfa6674c0,087e50b6-7677-4a85-802f-5694266fe38b,Aškerčeva,561
889e3719-7d29-4888-b690-5a1531d2930e,3429cda2-6047-453c-bf54-952dfa6674c0,fef200e9-4d98-425b-ab14-8110e2aa85d7,Drama,420
889e3719-7d29-4888-b690-5a1531d2930e,3429cda2-6047-453c-bf54-952dfa6674c0,c87db9be-1fba-4102-a743-0ee4317dd5af,Bavarski dvor,473
889e3719-7d29-4888-b690-5a1531d2930e,3429cda2-6047-453c-bf54-952dfa6674c0,6182f8e8-c45e-4606-b4a4-d909bd44d2cc,Gornji trg,330
889e3719-7d29-4888-b690-5a1531d2930e,3429cda2-6047-453c-bf54-952dfa6674c0,b905ae6a-f1e1-4057-8923-481902ed5a8e,Konzorcij,629
889e3719-7d29-4888-b690-5a1531d2930e,3429cda2-6047-453c-bf54-952dfa6674c0,ecc4ae87-ae08-4b94-995c-452fdd94df7f,Privoz,1501
889e3719-7d29-4888-b690-5a1531d2930e,3429cda2-6047-453c-bf54-952dfa6674c0,fef200e9-4d98-425b-ab14-8110e2aa85d7,Drama,560
889e3719-7d29-4888-b690-5a1531d2930e,3429cda2-6047-453c-bf54-952dfa6674c0,eb669f04-cfb6-4ea4-90c9-26eb551ecb45,Bilečanska,798
889e3719-7d29-4888-b690-5a1531d2930e,3429cda2-6047-453c-bf54-952dfa6674c0,17f7d178-41b3-41f9-a545-cbfc22a0a5f1,Nusdorferjeva,344
889e3719-7d29-4888-b690-5a1531d2930e,3429cda2-6047-453c-bf54-952dfa6674c0,d72032c7-d4b0-4eee-a87c-593985a42266,Tobačna,2986
889e3719-7d29-4888-b690-5a1531d2930e,3429cda2-6047-453c-bf54-952dfa6674c0,a719a87c-4e93-4387-a6d1-2631a487f7e0,Ajdovščina,472
889e3719-7d29-4888-b690-5a1531d2930e,3429cda2-6047-453c-bf54-952dfa6674c0,d72032c7-d4b0-4eee-a87c-593985a42266,Tobačna,77
889e3719-7d29-4888-b690-5a1531d2930e,3429cda2-6047-453c-bf54-952dfa6674c0,fef200e9-4d98-425b-ab14-8110e2aa85d7,Drama,1255
889e3719-7d29-4888-b690-5a1531d2930e,3429cda2-6047-453c-bf54-952dfa6674c0,d72032c7-d4b0-4eee-a87c-593985a42266,Tobačna,2994
889e3719-7d29-4888-b690-5a1531d2930e,3429cda2-6047-453c-bf54-952dfa6674c0,25ad5579-f6a0-4f35-a0c9-0678b41e9dde,Križanke,635
889e3719-7d29-4888-b690-5a1531d2930e,3429cda2-6047-453c-bf54-952dfa6674c0,9bb1ed3b-5a6f-43c7-afaf-ba2b60ca1a7a,Aškerčeva,71
889e3719-7d29-4888-b690-5a1531d2930e,3429cda2-6047-453c-bf54-952dfa6674c0,fef200e9-4d98-425b-ab14-8110e2aa85d7,Drama,1341
889e3719-7d29-4888-b690-5a1531d2930e,3429cda2-6047-453c-bf54-952dfa6674c0,aa42017d-812a-4175-bc9b-0fec03b18931,Ambrožev trg,465
889e3719-7d29-4888-b690-5a1531d2930e,3429cda2-6047-453c-bf54-952dfa6674c0,bea274aa-277a-403d-ab2f-a0342b28882e,Križanke,39
889e3719-7d29-4888-b690-5a1531d2930e,3429cda2-6047-453c-bf54-952dfa6674c0,9bb1ed3b-5a6f-43c7-afaf-ba2b60ca1a7a,Aškerčeva,202
889e3719-7d29-4888-b690-5a1531d2930e,3429cda2-6047-453c-bf54-952dfa6674c0,105e10e7-fbab-4f99-94c9-178c25630b42,Brodarjev trg,646
889e3719-7d29-4888-b690-5a1531d2930e,3429cda2-6047-453c-bf54-952dfa6674c0,087e50b6-7677-4a85-802f-5694266fe38b,Aškerčeva,1344
889e3719-7d29-4888-b690-5a1531d2930e,3429cda2-6047-453c-bf54-952dfa6674c0,f33b721f-a8a3-4aad-96f2-077da09ebaa6,Razstavišče,182
889e3719-7d29-4888-b690-5a1531d2930e,3429cda2-6047-453c-bf54-952dfa6674c0,6932c2e0-ff32-4170-b519-fba88e29c147,Cesta XV,1201
889e3719-7d29-4888-b690-5a1531d2930e,3429cda2-6047-453c-bf54-952dfa6674c0,b905ae6a-f1e1-4057-8923-481902ed5a8e,Konzorcij,1302
889e3719-7d29-4888-b690-5a1531d2930e,3429cda2-6047-453c-bf54-952dfa6674c0,fef200e9-4d98-425b-ab14-8110e2aa85d7,Drama,149
889e3719-7d29-4888-b690-5a1531d2930e,3429cda2-6047-453c-bf54-952dfa6674c0,4062cd22-b67a-4235-9980-0178b7add592,Drama,227
889e3719-7d29-4888-b690-5a1531d2930e,3429cda2-6047-453c-bf54-952dfa6674c0,38b3abed-0592-407b-96c3-85a026f2e192,Dalmatinova,1895
889e3719-7d29-4888-b690-5a1531d2930e,3429cda2-6047-453c-bf54-952dfa6674c0,07bad99d-070a-42f7-8766-d11d42152623,Prekmurska,937
889e3719-7d29-4888-b690-5a1531d2930e,3429cda2-6047-453c-bf54-952dfa6674c0,5d7f28a6-2a2a-4333-aa06-48edfb652f86,Pošta,520
889e3719-7d29-4888-b690-5a1531d2930e,3429cda2-6047-453c-bf54-952dfa6674c0,fef200e9-4d98-425b-ab14-8110e2aa85d7,Drama,765
889e3719-7d29-4888-b690-5a1531d2930e,3429cda2-6047-453c-bf54-952dfa6674c0,ecc4ae87-ae08-4b94-995c-452fdd94df7f,Privoz,499
889e3719-7d29-4888-b690-5a1531d2930e,3429cda2-6047-453c-bf54-952dfa6674c0,6182f8e8-c45e-4606-b4a4-d909bd44d2cc,Gornji trg,66
889e3719-7d29-4888-b690-5a1531d2930e,3429cda2-6047-453c-bf54-952dfa6674c0,25ad5579-f6a0-4f35-a0c9-0678b41e9dde,Križanke,47
889e3719-7d29-4888-b690-5a1531d2930e,3429cda2-6047-453c-bf54-952dfa6674c0,17f7d178-41b3-41f9-a545-cbfc22a0a5f1,Nusdorferjeva,666
889e3719-7d29-4888-b690-5a1531d2930e,3429cda2-6047-453c-bf54-952dfa6674c0,b905ae6a-f1e1-4057-8923-481902ed5a8e,Konzorcij,108
889e3719-7d29-4888-b690-5a1531d2930e,3429cda2-6047-453c-bf54-952dfa6674c0,bea274aa-277a-403d-ab2f-a0342b28882e,Križanke,179
889e3719-7d29-4888-b690-5a1531d2930e,3429cda2-6047-453c-bf54-952dfa6674c0,f4cfd904-bd11-4247-95df-32c4555a930f,Klinični center,1304
889e3719-7d29-4888-b690-5a1531d2930e,3429cda2-6047-453c-bf54-952dfa6674c0,eead721b-8996-4e73-a2f9-02dba20df4fa,Ilirska,1268
889e3719-7d29-4888-b690-5a1531d2930e,3429cda2-6047-453c-bf54-952dfa6674c0,e66e813a-722d-40f8-9ee9-1470d07bc200,Tobačna,1152
889e3719-7d29-4888-b690-5a1531d2930e,3429cda2-6047-453c-bf54-952dfa6674c0,f2b27cbd-5207-4281-8f67-6369d0c50a9b,Kodrova,249
889e3719-7d29-4888-b690-5a1531d2930e,3429cda2-6047-453c-bf54-952dfa6674c0,7fa32ea0-e884-435a-a81c-51bbd5cedf3e,Zaloška,4217
889e3719-7d29-4888-b690-5a1531d2930e,3429cda2-6047-453c-bf54-952dfa6674c0,bbe542ee-a3f6-43cf-b23a-077c28b7d19a,BTC-tržnica,763
889e3719-7d29-4888-b690-5a1531d2930e,3429cda2-6047-453c-bf54-952dfa6674c0,4062cd22-b67a-4235-9980-0178b7add592,Drama,3744
889e3719-7d29-4888-b690-5a1531d2930e,3429cda2-6047-453c-bf54-952dfa6674c0,4062cd22-b67a-4235-9980-0178b7add592,Drama,995
889e3719-7d29-4888-b690-5a1531d2930e,3429cda2-6047-453c-bf54-952dfa6674c0,4062cd22-b67a-4235-9980-0178b7add592,Drama,104
889e3719-7d29-4888-b690-5a1531d2930e,3429cda2-6047-453c-bf54-952dfa6674c0,5764ff17-c787-4918-b7bd-a2ed9c6d7dd1,RUDNIK,259
889e3719-7d29-4888-b690-5a1531d2930e,3429cda2-6047-453c-bf54-952dfa6674c0,81f21fc1-3bd2-4d2a-b563-2d063479c68e,Štepanja vas,1051
889e3719-7d29-4888-b690-5a1531d2930e,3429cda2-6047-453c-bf54-952dfa6674c0,f4cfd904-bd11-4247-95df-32c4555a930f,Klinični center,1342
889e3719-7d29-4888-b690-5a1531d2930e,3429cda2-6047-453c-bf54-952dfa6674c0,4062cd22-b67a-4235-9980-0178b7add592,Drama,349
889e3719-7d29-4888-b690-5a1531d2930e,3429cda2-6047-453c-bf54-952dfa6674c0,a719a87c-4e93-4387-a6d1-2631a487f7e0,Ajdovščina,105
889e3719-7d29-4888-b690-5a1531d2930e,3429cda2-6047-453c-bf54-952dfa6674c0,5d7f28a6-2a2a-4333-aa06-48edfb652f86,Pošta,1253
889e3719-7d29-4888-b690-5a1531d2930e,3429cda2-6047-453c-bf54-952dfa6674c0,38b3abed-0592-407b-96c3-85a026f2e192,Dalmatinova,1298
889e3719-7d29-4888-b690-5a1531d2930e,3429cda2-6047-453c-bf54-952dfa6674c0,4062cd22-b67a-4235-9980-0178b7add592,Drama,23
889e3719-7d29-4888-b690-5a1531d2930e,3429cda2-6047-453c-bf54-952dfa6674c0,5d7f28a6-2a2a-4333-aa06-48edfb652f86,Pošta,382
889e3719-7d29-4888-b690-5a1531d2930e,3429cda2-6047-453c-bf54-952dfa6674c0,4062cd22-b67a-4235-9980-0178b7add592,Drama,395
889e3719-7d29-4888-b690-5a1531d2930e,3429cda2-6047-453c-bf54-952dfa6674c0,f33b721f-a8a3-4aad-96f2-077da09ebaa6,Razstavišče,1347
889e3719-7d29-4888-b690-5a1531d2930e,3429cda2-6047-453c-bf54-952dfa6674c0,f073b9d9-a3e3-4d04-a209-0db55377b79e,Zmajski most,360
889e3719-7d29-4888-b690-5a1531d2930e,3429cda2-6047-453c-bf54-952dfa6674c0,557f714a-6f4a-4c98-8c5a-d74fa34b2adb,Hrvatski trg,835
889e3719-7d29-4888-b690-5a1531d2930e,3429cda2-6047-453c-bf54-952dfa6674c0,b905ae6a-f1e1-4057-8923-481902ed5a8e,Konzorcij,1397
889e3719-7d29-4888-b690-5a1531d2930e,3429cda2-6047-453c-bf54-952dfa6674c0,b905ae6a-f1e1-4057-8923-481902ed5a8e,Konzorcij,24
889e3719-7d29-4888-b690-5a1531d2930e,3429cda2-6047-453c-bf54-952dfa6674c0,a719a87c-4e93-4387-a6d1-2631a487f7e0,Ajdovščina,778
889e3719-7d29-4888-b690-5a1531d2930e,3429cda2-6047-453c-bf54-952dfa6674c0,4062cd22-b67a-4235-9980-0178b7add592,Drama,2694
889e3719-7d29-4888-b690-5a1531d2930e,3429cda2-6047-453c-bf54-952dfa6674c0,48e907fd-e868-47cd-8cac-74c7d4582944,Poljanska,13
889e3719-7d29-4888-b690-5a1531d2930e,3429cda2-6047-453c-bf54-952dfa6674c0,f073b9d9-a3e3-4d04-a209-0db55377b79e,Zmajski most,253
889e3719-7d29-4888-b690-5a1531d2930e,3429cda2-6047-453c-bf54-952dfa6674c0,95eee7e8-237d-4410-a9bf-00c6f88129c1,Cukrarna,346
889e3719-7d29-4888-b690-5a1531d2930e,3429cda2-6047-453c-bf54-952dfa6674c0,fef200e9-4d98-425b-ab14-8110e2aa85d7,Drama,196
889e3719-7d29-4888-b690-5a1531d2930e,3429cda2-6047-453c-bf54-952dfa6674c0,0eca6015-5429-4289-a76c-4ec9ef707e67,BTC-Merkur,1207
889e3719-7d29-4888-b690-5a1531d2930e,3429cda2-6047-453c-bf54-952dfa6674c0,98fa3880-5936-4ec8-ba04-39c7ff9a0e6a,Stara cerkev,1033
889e3719-7d29-4888-b690-5a1531d2930e,3429cda2-6047-453c-bf54-952dfa6674c0,9cfac7e2-9653-4e52-a6d3-27756d27f817,Kino Šiška,872
889e3719-7d29-4888-b690-5a1531d2930e,3429cda2-6047-453c-bf54-952dfa6674c0,fef200e9-4d98-425b-ab14-8110e2aa85d7,Drama,1840
889e3719-7d29-4888-b690-5a1531d2930e,3429cda2-6047-453c-bf54-952dfa6674c0,d72032c7-d4b0-4eee-a87c-593985a42266,Tobačna,43
889e3719-7d29-4888-b690-5a1531d2930e,3429cda2-6047-453c-bf54-952dfa6674c0,3429cda2-6047-453c-bf54-952dfa6674c0,Klinični center,126
889e3719-7d29-4888-b690-5a1531d2930e,3429cda2-6047-453c-bf54-952dfa6674c0,aa42017d-812a-4175-bc9b-0fec03b18931,Ambrožev trg,343
889e3719-7d29-4888-b690-5a1531d2930e,3429cda2-6047-453c-bf54-952dfa6674c0,505865ea-cdea-4042-bdb2-b2f4f03889cb,ŠTEPANJSKO NAS.,295
889e3719-7d29-4888-b690-5a1531d2930e,3429cda2-6047-453c-bf54-952dfa6674c0,4062cd22-b67a-4235-9980-0178b7add592,Drama,1196
889e3719-7d29-4888-b690-5a1531d2930e,3429cda2-6047-453c-bf54-952dfa6674c0,25ad5579-f6a0-4f35-a0c9-0678b41e9dde,Križanke,135
889e3719-7d29-4888-b690-5a1531d2930e,3429cda2-6047-453c-bf54-952dfa6674c0,24ab9d18-4fb9-4e7e-b48c-d5cdc9cd1305,Agrokombinatska,776
889e3719-7d29-4888-b690-5a1531d2930e,3429cda2-6047-453c-bf54-952dfa6674c0,7bcbdcaa-00b9-47d4-8982-09da26cd7bcb,Zaloška,165
889e3719-7d29-4888-b690-5a1531d2930e,3429cda2-6047-453c-bf54-952dfa6674c0,N/A,N/A,4525
889e3719-7d29-4888-b690-5a1531d2930e,3429cda2-6047-453c-bf54-952dfa6674c0,404f8444-540d-4d82-a355-30a6a8bec797,Viško polje,41
889e3719-7d29-4888-b690-5a1531d2930e,3429cda2-6047-453c-bf54-952dfa6674c0,f4cfd904-bd11-4247-95df-32c4555a930f,Klinični center,310
889e3719-7d29-4888-b690-5a1531d2930e,3429cda2-6047-453c-bf54-952dfa6674c0,6182f8e8-c45e-4606-b4a4-d909bd44d2cc,Gornji trg,25
889e3719-7d29-4888-b690-5a1531d2930e,3429cda2-6047-453c-bf54-952dfa6674c0,8f56b058-1ae3-44f5-8600-4330f2264d78,Privoz,521
889e3719-7d29-4888-b690-5a1531d2930e,3429cda2-6047-453c-bf54-952dfa6674c0,fef200e9-4d98-425b-ab14-8110e2aa85d7,Drama,99
889e3719-7d29-4888-b690-5a1531d2930e,3429cda2-6047-453c-bf54-952dfa6674c0,fcec9e7a-1c9e-4214-96dd-d071550349e6,Zgornja Šiška,237
889e3719-7d29-4888-b690-5a1531d2930e,3429cda2-6047-453c-bf54-952dfa6674c0,fef200e9-4d98-425b-ab14-8110e2aa85d7,Drama,505
889e3719-7d29-4888-b690-5a1531d2930e,3429cda2-6047-453c-bf54-952dfa6674c0,0810f07b-94d6-442f-b10d-bf8210c4ed47,Draveljska gmajna,695
889e3719-7d29-4888-b690-5a1531d2930e,3429cda2-6047-453c-bf54-952dfa6674c0,bea274aa-277a-403d-ab2f-a0342b28882e,Križanke,266
889e3719-7d29-4888-b690-5a1531d2930e,3429cda2-6047-453c-bf54-952dfa6674c0,fef200e9-4d98-425b-ab14-8110e2aa85d7,Drama,1207
889e3719-7d29-4888-b690-5a1531d2930e,3429cda2-6047-453c-bf54-952dfa6674c0,c8e0086c-0cef-4375-a471-72f3ae1e34fc,Strelišče,153
889e3719-7d29-4888-b690-5a1531d2930e,3429cda2-6047-453c-bf54-952dfa6674c0,f33b721f-a8a3-4aad-96f2-077da09ebaa6,Razstavišče,167
889e3719-7d29-4888-b690-5a1531d2930e,3429cda2-6047-453c-bf54-952dfa6674c0,60ccc570-3714-410b-aa31-43d3a4c593c8,Tržnica Moste,139
889e3719-7d29-4888-b690-5a1531d2930e,3429cda2-6047-453c-bf54-952dfa6674c0,c124f317-217b-4b89-9597-393843de4f81,Nusdorferjeva,660
889e3719-7d29-4888-b690-5a1531d2930e,3429cda2-6047-453c-bf54-952dfa6674c0,d72032c7-d4b0-4eee-a87c-593985a42266,Tobačna,12
889e3719-7d29-4888-b690-5a1531d2930e,3429cda2-6047-453c-bf54-952dfa6674c0,c87db9be-1fba-4102-a743-0ee4317dd5af,Bavarski dvor,586
889e3719-7d29-4888-b690-5a1531d2930e,3429cda2-6047-453c-bf54-952dfa6674c0,e7789f42-0ad7-44d1-974b-42a3f4957291,Strelišče,651
889e3719-7d29-4888-b690-5a1531d2930e,3429cda2-6047-453c-bf54-952dfa6674c0,4062cd22-b67a-4235-9980-0178b7add592,Drama,51
889e3719-7d29-4888-b690-5a1531d2930e,3429cda2-6047-453c-bf54-952dfa6674c0,16578e36-c682-4083-bd29-4973445dc0fe,Gosposvetska,322
889e3719-7d29-4888-b690-5a1531d2930e,3429cda2-6047-453c-bf54-952dfa6674c0,6182f8e8-c45e-4606-b4a4-d909bd44d2cc,Gornji trg,50
889e3719-7d29-4888-b690-5a1531d2930e,3429cda2-6047-453c-bf54-952dfa6674c0,feb89b92-366d-4f50-a509-40c7baba8cf0,Brodarjev trg,47
889e3719-7d29-4888-b690-5a1531d2930e,3429cda2-6047-453c-bf54-952dfa6674c0,fef200e9-4d98-425b-ab14-8110e2aa85d7,Drama,1174
889e3719-7d29-4888-b690-5a1531d2930e,3429cda2-6047-453c-bf54-952dfa6674c0,a719a87c-4e93-4387-a6d1-2631a487f7e0,Ajdovščina,15
889e3719-7d29-4888-b690-5a1531d2930e,3429cda2-6047-453c-bf54-952dfa6674c0,8375ab17-e389-42b2-9b88-0210a049e321,Bonifacija,417
889e3719-7d29-4888-b690-5a1531d2930e,3429cda2-6047-453c-bf54-952dfa6674c0,55f1ae46-11e5-4270-991f-f09dae6c58bf,Kodeljevo,315
889e3719-7d29-4888-b690-5a1531d2930e,3429cda2-6047-453c-bf54-952dfa6674c0,fef200e9-4d98-425b-ab14-8110e2aa85d7,Drama,497
889e3719-7d29-4888-b690-5a1531d2930e,3429cda2-6047-453c-bf54-952dfa6674c0,3429cda2-6047-453c-bf54-952dfa6674c0,Klinični center,290
889e3719-7d29-4888-b690-5a1531d2930e,3429cda2-6047-453c-bf54-952dfa6674c0,249f3d10-f5f0-467b-8f60-f35fd62d9054,Iška vas šola,1143
889e3719-7d29-4888-b690-5a1531d2930e,3429cda2-6047-453c-bf54-952dfa6674c0,b905ae6a-f1e1-4057-8923-481902ed5a8e,Konzorcij,936
889e3719-7d29-4888-b690-5a1531d2930e,3429cda2-6047-453c-bf54-952dfa6674c0,7c166e7c-6fe0-44bd-b124-0013473f227a,Petrol,630
889e3719-7d29-4888-b690-5a1531d2930e,3429cda2-6047-453c-bf54-952dfa6674c0,feb89b92-366d-4f50-a509-40c7baba8cf0,Brodarjev trg,224
889e3719-7d29-4888-b690-5a1531d2930e,3429cda2-6047-453c-bf54-952dfa6674c0,fef200e9-4d98-425b-ab14-8110e2aa85d7,Drama,31
889e3719-7d29-4888-b690-5a1531d2930e,3429cda2-6047-453c-bf54-952dfa6674c0,fef200e9-4d98-425b-ab14-8110e2aa85d7,Drama,369
889e3719-7d29-4888-b690-5a1531d2930e,3429cda2-6047-453c-bf54-952dfa6674c0,ecc4ae87-ae08-4b94-995c-452fdd94df7f,Privoz,1021
889e3719-7d29-4888-b690-5a1531d2930e,3429cda2-6047-453c-bf54-952dfa6674c0,c87db9be-1fba-4102-a743-0ee4317dd5af,Bavarski dvor,430
889e3719-7d29-4888-b690-5a1531d2930e,3429cda2-6047-453c-bf54-952dfa6674c0,6182f8e8-c45e-4606-b4a4-d909bd44d2cc,Gornji trg,988
889e3719-7d29-4888-b690-5a1531d2930e,3429cda2-6047-453c-bf54-952dfa6674c0,8f56b058-1ae3-44f5-8600-4330f2264d78,Privoz,731
889e3719-7d29-4888-b690-5a1531d2930e,3429cda2-6047-453c-bf54-952dfa6674c0,c1606675-dd38-4952-914b-6ca64fd56b7b,Rudnik,435
889e3719-7d29-4888-b690-5a1531d2930e,3429cda2-6047-453c-bf54-952dfa6674c0,9bb1ed3b-5a6f-43c7-afaf-ba2b60ca1a7a,Aškerčeva,541
889e3719-7d29-4888-b690-5a1531d2930e,3429cda2-6047-453c-bf54-952dfa6674c0,4062cd22-b67a-4235-9980-0178b7add592,Drama,608
889e3719-7d29-4888-b690-5a1531d2930e,3429cda2-6047-453c-bf54-952dfa6674c0,a9796806-8cd3-4b76-bf8c-4340aec35c9e,Lutkovno gl.,562
889e3719-7d29-4888-b690-5a1531d2930e,3429cda2-6047-453c-bf54-952dfa6674c0,5d7f28a6-2a2a-4333-aa06-48edfb652f86,Pošta,431
889e3719-7d29-4888-b690-5a1531d2930e,3429cda2-6047-453c-bf54-952dfa6674c0,295616c0-387b-4f60-a337-7743cd6be04e,Bavarski dvor,1234
889e3719-7d29-4888-b690-5a1531d2930e,3429cda2-6047-453c-bf54-952dfa6674c0,N/A,N/A,4525
889e3719-7d29-4888-b690-5a1531d2930e,3429cda2-6047-453c-bf54-952dfa6674c0,ecc4ae87-ae08-4b94-995c-452fdd94df7f,Privoz,244
889e3719-7d29-4888-b690-5a1531d2930e,3429cda2-6047-453c-bf54-952dfa6674c0,9cfac7e2-9653-4e52-a6d3-27756d27f817,Kino Šiška,115
889e3719-7d29-4888-b690-5a1531d2930e,3429cda2-6047-453c-bf54-952dfa6674c0,f4cfd904-bd11-4247-95df-32c4555a930f,Klinični center,405
889e3719-7d29-4888-b690-5a1531d2930e,3429cda2-6047-453c-bf54-952dfa6674c0,476b2caa-710a-47fe-9743-4d75d7ada5fb,Čebelarska,76
889e3719-7d29-4888-b690-5a1531d2930e,3429cda2-6047-453c-bf54-952dfa6674c0,4062cd22-b67a-4235-9980-0178b7add592,Drama,154
889e3719-7d29-4888-b690-5a1531d2930e,3429cda2-6047-453c-bf54-952dfa6674c0,16578e36-c682-4083-bd29-4973445dc0fe,Gosposvetska,233
889e3719-7d29-4888-b690-5a1531d2930e,3429cda2-6047-453c-bf54-952dfa6674c0,9bb1ed3b-5a6f-43c7-afaf-ba2b60ca1a7a,Aškerčeva,157
889e3719-7d29-4888-b690-5a1531d2930e,3429cda2-6047-453c-bf54-952dfa6674c0,a12ab184-fb4b-449f-9884-88e0a1672e64,Tbilisijska,754
889e3719-7d29-4888-b690-5a1531d2930e,3429cda2-6047-453c-bf54-952dfa6674c0,d867fec1-5147-43db-b004-08d2797f50e3,Pod Golovcem,814
889e3719-7d29-4888-b690-5a1531d2930e,3429cda2-6047-453c-bf54-952dfa6674c0,9bb1ed3b-5a6f-43c7-afaf-ba2b60ca1a7a,Aškerčeva,3758
889e3719-7d29-4888-b690-5a1531d2930e,3429cda2-6047-453c-bf54-952dfa6674c0,d72032c7-d4b0-4eee-a87c-593985a42266,Tobačna,1251
889e3719-7d29-4888-b690-5a1531d2930e,3429cda2-6047-453c-bf54-952dfa6674c0,c8e0086c-0cef-4375-a471-72f3ae1e34fc,Strelišče,1992
889e3719-7d29-4888-b690-5a1531d2930e,3429cda2-6047-453c-bf54-952dfa6674c0,b905ae6a-f1e1-4057-8923-481902ed5a8e,Konzorcij,3371
889e3719-7d29-4888-b690-5a1531d2930e,3429cda2-6047-453c-bf54-952dfa6674c0,4062cd22-b67a-4235-9980-0178b7add592,Drama,817
889e3719-7d29-4888-b690-5a1531d2930e,3429cda2-6047-453c-bf54-952dfa6674c0,318d4398-e152-498b-b4ff-1344c67adba6,Razstavišče,798
889e3719-7d29-4888-b690-5a1531d2930e,3429cda2-6047-453c-bf54-952dfa6674c0,eead721b-8996-4e73-a2f9-02dba20df4fa,Ilirska,625
889e3719-7d29-4888-b690-5a1531d2930e,3429cda2-6047-453c-bf54-952dfa6674c0,295616c0-387b-4f60-a337-7743cd6be04e,Bavarski dvor,3149
889e3719-7d29-4888-b690-5a1531d2930e,3429cda2-6047-453c-bf54-952dfa6674c0,4062cd22-b67a-4235-9980-0178b7add592,Drama,2737
889e3719-7d29-4888-b690-5a1531d2930e,3429cda2-6047-453c-bf54-952dfa6674c0,717dda7e-d793-4697-8f60-b64ee8b1edc4,Gosposvetska,832
889e3719-7d29-4888-b690-5a1531d2930e,3429cda2-6047-453c-bf54-952dfa6674c0,9b85d4b0-c594-4e0e-9ce2-d0986256c270,Tavčarjeva,1508
889e3719-7d29-4888-b690-5a1531d2930e,3429cda2-6047-453c-bf54-952dfa6674c0,01d1f388-d915-4e9f-bc3d-4432a73a216e,Večna pot,588
889e3719-7d29-4888-b690-5a1531d2930e,3429cda2-6047-453c-bf54-952dfa6674c0,ecc4ae87-ae08-4b94-995c-452fdd94df7f,Privoz,29
889e3719-7d29-4888-b690-5a1531d2930e,3429cda2-6047-453c-bf54-952dfa6674c0,c0fb12dd-8cab-40da-a3aa-e8de9c6d09ed,Rusjanov trg,329
889e3719-7d29-4888-b690-5a1531d2930e,3429cda2-6047-453c-bf54-952dfa6674c0,16d19639-a788-4df6-a168-6f8c3652ded7,Chengdujska,411
889e3719-7d29-4888-b690-5a1531d2930e,3429cda2-6047-453c-bf54-952dfa6674c0,fef200e9-4d98-425b-ab14-8110e2aa85d7,Drama,38
889e3719-7d29-4888-b690-5a1531d2930e,3429cda2-6047-453c-bf54-952dfa6674c0,fef200e9-4d98-425b-ab14-8110e2aa85d7,Drama,1119
889e3719-7d29-4888-b690-5a1531d2930e,3429cda2-6047-453c-bf54-952dfa6674c0,25ad5579-f6a0-4f35-a0c9-0678b41e9dde,Križanke,291
889e3719-7d29-4888-b690-5a1531d2930e,3429cda2-6047-453c-bf54-952dfa6674c0,7bcbdcaa-00b9-47d4-8982-09da26cd7bcb,Zaloška,1429
889e3719-7d29-4888-b690-5a1531d2930e,3429cda2-6047-453c-bf54-952dfa6674c0,16578e36-c682-4083-bd29-4973445dc0fe,Gosposvetska,1508
889e3719-7d29-4888-b690-5a1531d2930e,3429cda2-6047-453c-bf54-952dfa6674c0,3429cda2-6047-453c-bf54-952dfa6674c0,Klinični center,2226
889e3719-7d29-4888-b690-5a1531d2930e,3429cda2-6047-453c-bf54-952dfa6674c0,17f7d178-41b3-41f9-a545-cbfc22a0a5f1,Nusdorferjeva,251
889e3719-7d29-4888-b690-5a1531d2930e,3429cda2-6047-453c-bf54-952dfa6674c0,aa42017d-812a-4175-bc9b-0fec03b18931,Ambrožev trg,676
889e3719-7d29-4888-b690-5a1531d2930e,3429cda2-6047-453c-bf54-952dfa6674c0,4062cd22-b67a-4235-9980-0178b7add592,Drama,26
889e3719-7d29-4888-b690-5a1531d2930e,3429cda2-6047-453c-bf54-952dfa6674c0,fef200e9-4d98-425b-ab14-8110e2aa85d7,Drama,55
889e3719-7d29-4888-b690-5a1531d2930e,3429cda2-6047-453c-bf54-952dfa6674c0,05643914-8ff7-4064-8737-2761d44a083f,Tabor,892
889e3719-7d29-4888-b690-5a1531d2930e,3429cda2-6047-453c-bf54-952dfa6674c0,e7789f42-0ad7-44d1-974b-42a3f4957291,Strelišče,844
889e3719-7d29-4888-b690-5a1531d2930e,3429cda2-6047-453c-bf54-952dfa6674c0,f528b363-1484-456c-835b-1e08dc31ef8e,Gornji Rudnik,4033
889e3719-7d29-4888-b690-5a1531d2930e,3429cda2-6047-453c-bf54-952dfa6674c0,6c56976b-4ae1-429f-bcab-0cfc37e3580d,Zgornji log,57
889e3719-7d29-4888-b690-5a1531d2930e,3429cda2-6047-453c-bf54-952dfa6674c0,6182f8e8-c45e-4606-b4a4-d909bd44d2cc,Gornji trg,9
889e3719-7d29-4888-b690-5a1531d2930e,3429cda2-6047-453c-bf54-952dfa6674c0,bd1396f2-4dc8-4695-9bf1-c601157100d8,Preglov trg,1974
889e3719-7d29-4888-b690-5a1531d2930e,3429cda2-6047-453c-bf54-952dfa6674c0,1f9fad8e-d59c-494c-bdd1-1983afacb755,Kodrova,493
889e3719-7d29-4888-b690-5a1531d2930e,3429cda2-6047-453c-bf54-952dfa6674c0,eb8e8d9a-a3d5-4ec1-9356-26e0e41912d1,Pot v mejah,241
889e3719-7d29-4888-b690-5a1531d2930e,3429cda2-6047-453c-bf54-952dfa6674c0,557f714a-6f4a-4c98-8c5a-d74fa34b2adb,Hrvatski trg,594
889e3719-7d29-4888-b690-5a1531d2930e,3429cda2-6047-453c-bf54-952dfa6674c0,fef200e9-4d98-425b-ab14-8110e2aa85d7,Drama,410
889e3719-7d29-4888-b690-5a1531d2930e,3429cda2-6047-453c-bf54-952dfa6674c0,35aedf45-cca3-4f2f-931b-138d29d20fe9,MEDVODE,303
889e3719-7d29-4888-b690-5a1531d2930e,3429cda2-6047-453c-bf54-952dfa6674c0,16578e36-c682-4083-bd29-4973445dc0fe,Gosposvetska,587
889e3719-7d29-4888-b690-5a1531d2930e,3429cda2-6047-453c-bf54-952dfa6674c0,557f714a-6f4a-4c98-8c5a-d74fa34b2adb,Hrvatski trg,1763
889e3719-7d29-4888-b690-5a1531d2930e,3429cda2-6047-453c-bf54-952dfa6674c0,4062cd22-b67a-4235-9980-0178b7add592,Drama,105
889e3719-7d29-4888-b690-5a1531d2930e,3429cda2-6047-453c-bf54-952dfa6674c0,fef200e9-4d98-425b-ab14-8110e2aa85d7,Drama,1394
889e3719-7d29-4888-b690-5a1531d2930e,3429cda2-6047-453c-bf54-952dfa6674c0,fef200e9-4d98-425b-ab14-8110e2aa85d7,Drama,859
889e3719-7d29-4888-b690-5a1531d2930e,3429cda2-6047-453c-bf54-952dfa6674c0,c0a064eb-b507-43c2-a6d2-0e9c5881f031,Središka,1399
889e3719-7d29-4888-b690-5a1531d2930e,3429cda2-6047-453c-bf54-952dfa6674c0,0b4a072e-6c2d-4c71-ab80-2b7142df81de,Tivoli,286
889e3719-7d29-4888-b690-5a1531d2930e,3429cda2-6047-453c-bf54-952dfa6674c0,fdff5f9c-6c02-4fc1-a004-7032b17fa37a,Murkova,427
889e3719-7d29-4888-b690-5a1531d2930e,3429cda2-6047-453c-bf54-952dfa6674c0,b905ae6a-f1e1-4057-8923-481902ed5a8e,Konzorcij,57
889e3719-7d29-4888-b690-5a1531d2930e,3429cda2-6047-453c-bf54-952dfa6674c0,47a3bd8a-72ae-4e20-b43f-10bfaf49012c,Ob sotočju,2324
889e3719-7d29-4888-b690-5a1531d2930e,3429cda2-6047-453c-bf54-952dfa6674c0,087e50b6-7677-4a85-802f-5694266fe38b,Aškerčeva,17
889e3719-7d29-4888-b690-5a1531d2930e,3429cda2-6047-453c-bf54-952dfa6674c0,8fbf17ab-413b-442c-9c6a-0eb8873a4755,Kovinarska,1747
889e3719-7d29-4888-b690-5a1531d2930e,3429cda2-6047-453c-bf54-952dfa6674c0,c124f317-217b-4b89-9597-393843de4f81,Nusdorferjeva,333
889e3719-7d29-4888-b690-5a1531d2930e,3429cda2-6047-453c-bf54-952dfa6674c0,9bb1ed3b-5a6f-43c7-afaf-ba2b60ca1a7a,Aškerčeva,1597
889e3719-7d29-4888-b690-5a1531d2930e,3429cda2-6047-453c-bf54-952dfa6674c0,ecc4ae87-ae08-4b94-995c-452fdd94df7f,Privoz,709
889e3719-7d29-4888-b690-5a1531d2930e,3429cda2-6047-453c-bf54-952dfa6674c0,a719a87c-4e93-4387-a6d1-2631a487f7e0,Ajdovščina,65
889e3719-7d29-4888-b690-5a1531d2930e,3429cda2-6047-453c-bf54-952dfa6674c0,38b3abed-0592-407b-96c3-85a026f2e192,Dalmatinova,2444
889e3719-7d29-4888-b690-5a1531d2930e,3429cda2-6047-453c-bf54-952dfa6674c0,3429cda2-6047-453c-bf54-952dfa6674c0,Klinični center,1840
889e3719-7d29-4888-b690-5a1531d2930e,3429cda2-6047-453c-bf54-952dfa6674c0,b59656a4-b6e7-4b87-977c-078c59088a50,Hajdrihova,1329
889e3719-7d29-4888-b690-5a1531d2930e,3429cda2-6047-453c-bf54-952dfa6674c0,087e50b6-7677-4a85-802f-5694266fe38b,Aškerčeva,1343
889e3719-7d29-4888-b690-5a1531d2930e,3429cda2-6047-453c-bf54-952dfa6674c0,5d7f28a6-2a2a-4333-aa06-48edfb652f86,Pošta,514
889e3719-7d29-4888-b690-5a1531d2930e,3429cda2-6047-453c-bf54-952dfa6674c0,fef200e9-4d98-425b-ab14-8110e2aa85d7,Drama,3236
889e3719-7d29-4888-b690-5a1531d2930e,3429cda2-6047-453c-bf54-952dfa6674c0,fef200e9-4d98-425b-ab14-8110e2aa85d7,Drama,157
889e3719-7d29-4888-b690-5a1531d2930e,3429cda2-6047-453c-bf54-952dfa6674c0,cdabf1ea-b04c-480a-8359-72c46e6864ab,Bežigrad,164
889e3719-7d29-4888-b690-5a1531d2930e,3429cda2-6047-453c-bf54-952dfa6674c0,4062cd22-b67a-4235-9980-0178b7add592,Drama,2517
889e3719-7d29-4888-b690-5a1531d2930e,3429cda2-6047-453c-bf54-952dfa6674c0,5d7f28a6-2a2a-4333-aa06-48edfb652f86,Pošta,580
889e3719-7d29-4888-b690-5a1531d2930e,3429cda2-6047-453c-bf54-952dfa6674c0,4062cd22-b67a-4235-9980-0178b7add592,Drama,322
889e3719-7d29-4888-b690-5a1531d2930e,3429cda2-6047-453c-bf54-952dfa6674c0,f33b721f-a8a3-4aad-96f2-077da09ebaa6,Razstavišče,376
889e3719-7d29-4888-b690-5a1531d2930e,3429cda2-6047-453c-bf54-952dfa6674c0,087e50b6-7677-4a85-802f-5694266fe38b,Aškerčeva,1932
889e3719-7d29-4888-b690-5a1531d2930e,3429cda2-6047-453c-bf54-952dfa6674c0,4062cd22-b67a-4235-9980-0178b7add592,Drama,401
889e3719-7d29-4888-b690-5a1531d2930e,3429cda2-6047-453c-bf54-952dfa6674c0,b829062a-2644-4350-b998-74522d9e85d8,Lutkovno gl.,1218
889e3719-7d29-4888-b690-5a1531d2930e,3429cda2-6047-453c-bf54-952dfa6674c0,21a5f1e3-8ac0-4023-95ca-0a3ff54099aa,Mestni log,2357
889e3719-7d29-4888-b690-5a1531d2930e,3429cda2-6047-453c-bf54-952dfa6674c0,f14a6236-8af2-47bf-9270-432377662a63,Viadukt,709
889e3719-7d29-4888-b690-5a1531d2930e,3429cda2-6047-453c-bf54-952dfa6674c0,fef200e9-4d98-425b-ab14-8110e2aa85d7,Drama,348
889e3719-7d29-4888-b690-5a1531d2930e,3429cda2-6047-453c-bf54-952dfa6674c0,bea274aa-277a-403d-ab2f-a0342b28882e,Križanke,889
889e3719-7d29-4888-b690-5a1531d2930e,3429cda2-6047-453c-bf54-952dfa6674c0,a719a87c-4e93-4387-a6d1-2631a487f7e0,Ajdovščina,423
889e3719-7d29-4888-b690-5a1531d2930e,3429cda2-6047-453c-bf54-952dfa6674c0,ac3afe7d-a2b3-4d5d-9e6a-1d2412a3bc70,Litostrojska,1914
889e3719-7d29-4888-b690-5a1531d2930e,3429cda2-6047-453c-bf54-952dfa6674c0,8f56b058-1ae3-44f5-8600-4330f2264d78,Privoz,1655
889e3719-7d29-4888-b690-5a1531d2930e,3429cda2-6047-453c-bf54-952dfa6674c0,d72032c7-d4b0-4eee-a87c-593985a42266,Tobačna,125
889e3719-7d29-4888-b690-5a1531d2930e,3429cda2-6047-453c-bf54-952dfa6674c0,a719a87c-4e93-4387-a6d1-2631a487f7e0,Ajdovščina,492
889e3719-7d29-4888-b690-5a1531d2930e,3429cda2-6047-453c-bf54-952dfa6674c0,7fa32ea0-e884-435a-a81c-51bbd5cedf3e,Zaloška,263
889e3719-7d29-4888-b690-5a1531d2930e,3429cda2-6047-453c-bf54-952dfa6674c0,fef200e9-4d98-425b-ab14-8110e2aa85d7,Drama,447
889e3719-7d29-4888-b690-5a1531d2930e,3429cda2-6047-453c-bf54-952dfa6674c0,fef200e9-4d98-425b-ab14-8110e2aa85d7,Drama,130
889e3719-7d29-4888-b690-5a1531d2930e,3429cda2-6047-453c-bf54-952dfa6674c0,38b3abed-0592-407b-96c3-85a026f2e192,Dalmatinova,754
889e3719-7d29-4888-b690-5a1531d2930e,3429cda2-6047-453c-bf54-952dfa6674c0,e7789f42-0ad7-44d1-974b-42a3f4957291,Strelišče,36
889e3719-7d29-4888-b690-5a1531d2930e,3429cda2-6047-453c-bf54-952dfa6674c0,4062cd22-b67a-4235-9980-0178b7add592,Drama,396
889e3719-7d29-4888-b690-5a1531d2930e,3429cda2-6047-453c-bf54-952dfa6674c0,9b0074d2-2c92-4c01-830b-00be8e05b412,Cukrarna,267
889e3719-7d29-4888-b690-5a1531d2930e,3429cda2-6047-453c-bf54-952dfa6674c0,fef200e9-4d98-425b-ab14-8110e2aa85d7,Drama,1525
889e3719-7d29-4888-b690-5a1531d2930e,3429cda2-6047-453c-bf54-952dfa6674c0,7bcbdcaa-00b9-47d4-8982-09da26cd7bcb,Zaloška,78
889e3719-7d29-4888-b690-5a1531d2930e,3429cda2-6047-453c-bf54-952dfa6674c0,4062cd22-b67a-4235-9980-0178b7add592,Drama,2052
889e3719-7d29-4888-b690-5a1531d2930e,3429cda2-6047-453c-bf54-952dfa6674c0,b589ddd3-5a31-4fe1-915f-44347b4c0a1a,Bratov Učakar,2340
889e3719-7d29-4888-b690-5a1531d2930e,3429cda2-6047-453c-bf54-952dfa6674c0,b905ae6a-f1e1-4057-8923-481902ed5a8e,Konzorcij,325
889e3719-7d29-4888-b690-5a1531d2930e,3429cda2-6047-453c-bf54-952dfa6674c0,d119c3e9-7f2c-4d40-97a4-ccc6b4bb2951,Archinetova,1235
889e3719-7d29-4888-b690-5a1531d2930e,3429cda2-6047-453c-bf54-952dfa6674c0,6c56976b-4ae1-429f-bcab-0cfc37e3580d,Zgornji log,34
889e3719-7d29-4888-b690-5a1531d2930e,3429cda2-6047-453c-bf54-952dfa6674c0,fef200e9-4d98-425b-ab14-8110e2aa85d7,Drama,105
889e3719-7d29-4888-b690-5a1531d2930e,3429cda2-6047-453c-bf54-952dfa6674c0,b905ae6a-f1e1-4057-8923-481902ed5a8e,Konzorcij,178
889e3719-7d29-4888-b690-5a1531d2930e,3429cda2-6047-453c-bf54-952dfa6674c0,b905ae6a-f1e1-4057-8923-481902ed5a8e,Konzorcij,388
889e3719-7d29-4888-b690-5a1531d2930e,3429cda2-6047-453c-bf54-952dfa6674c0,9b85d4b0-c594-4e0e-9ce2-d0986256c270,Tavčarjeva,316
889e3719-7d29-4888-b690-5a1531d2930e,3429cda2-6047-453c-bf54-952dfa6674c0,fef200e9-4d98-425b-ab14-8110e2aa85d7,Drama,254
889e3719-7d29-4888-b690-5a1531d2930e,3429cda2-6047-453c-bf54-952dfa6674c0,8f56b058-1ae3-44f5-8600-4330f2264d78,Privoz,96
889e3719-7d29-4888-b690-5a1531d2930e,3429cda2-6047-453c-bf54-952dfa6674c0,5d7f28a6-2a2a-4333-aa06-48edfb652f86,Pošta,464
889e3719-7d29-4888-b690-5a1531d2930e,3429cda2-6047-453c-bf54-952dfa6674c0,8f56b058-1ae3-44f5-8600-4330f2264d78,Privoz,360
889e3719-7d29-4888-b690-5a1531d2930e,3429cda2-6047-453c-bf54-952dfa6674c0,07bad99d-070a-42f7-8766-d11d42152623,Prekmurska,1092
889e3719-7d29-4888-b690-5a1531d2930e,3429cda2-6047-453c-bf54-952dfa6674c0,9b0074d2-2c92-4c01-830b-00be8e05b412,Cukrarna,1917
889e3719-7d29-4888-b690-5a1531d2930e,3429cda2-6047-453c-bf54-952dfa6674c0,77c4dfcc-1122-4896-9983-8a5bd11320de,Dravlje,2991
889e3719-7d29-4888-b690-5a1531d2930e,3429cda2-6047-453c-bf54-952dfa6674c0,cab36767-e95a-4f60-978e-92490f2517b2,Hrvatski trg,235
889e3719-7d29-4888-b690-5a1531d2930e,3429cda2-6047-453c-bf54-952dfa6674c0,1faa072c-478b-4656-8df3-84167a9a4bbb,Dravlje,819
889e3719-7d29-4888-b690-5a1531d2930e,3429cda2-6047-453c-bf54-952dfa6674c0,454817d3-3750-49c7-994c-14d06fd2c634,Žale,1187
889e3719-7d29-4888-b690-5a1531d2930e,3429cda2-6047-453c-bf54-952dfa6674c0,ecc4ae87-ae08-4b94-995c-452fdd94df7f,Privoz,81
889e3719-7d29-4888-b690-5a1531d2930e,3429cda2-6047-453c-bf54-952dfa6674c0,fef200e9-4d98-425b-ab14-8110e2aa85d7,Drama,967
889e3719-7d29-4888-b690-5a1531d2930e,3429cda2-6047-453c-bf54-952dfa6674c0,bea274aa-277a-403d-ab2f-a0342b28882e,Križanke,89
889e3719-7d29-4888-b690-5a1531d2930e,3429cda2-6047-453c-bf54-952dfa6674c0,484b5c91-1220-43ba-af79-84e712fcc46b,Slovenija avto,1600
889e3719-7d29-4888-b690-5a1531d2930e,3429cda2-6047-453c-bf54-952dfa6674c0,4062cd22-b67a-4235-9980-0178b7add592,Drama,2021
889e3719-7d29-4888-b690-5a1531d2930e,3429cda2-6047-453c-bf54-952dfa6674c0,a719a87c-4e93-4387-a6d1-2631a487f7e0,Ajdovščina,1498
889e3719-7d29-4888-b690-5a1531d2930e,3429cda2-6047-453c-bf54-952dfa6674c0,fef200e9-4d98-425b-ab14-8110e2aa85d7,Drama,1219
889e3719-7d29-4888-b690-5a1531d2930e,3429cda2-6047-453c-bf54-952dfa6674c0,38b3abed-0592-407b-96c3-85a026f2e192,Dalmatinova,357
889e3719-7d29-4888-b690-5a1531d2930e,3429cda2-6047-453c-bf54-952dfa6674c0,087e50b6-7677-4a85-802f-5694266fe38b,Aškerčeva,28
889e3719-7d29-4888-b690-5a1531d2930e,3429cda2-6047-453c-bf54-952dfa6674c0,9b85d4b0-c594-4e0e-9ce2-d0986256c270,Tavčarjeva,17
889e3719-7d29-4888-b690-5a1531d2930e,3429cda2-6047-453c-bf54-952dfa6674c0,9a480b5e-0283-4130-a5e2-9d5e996caa4f,Litostrojska,337
889e3719-7d29-4888-b690-5a1531d2930e,3429cda2-6047-453c-bf54-952dfa6674c0,a719a87c-4e93-4387-a6d1-2631a487f7e0,Ajdovščina,456
889e3719-7d29-4888-b690-5a1531d2930e,3429cda2-6047-453c-bf54-952dfa6674c0,7310c006-62b8-4f94-bb9c-d5c26cb3faad,Polje,1412
889e3719-7d29-4888-b690-5a1531d2930e,3429cda2-6047-453c-bf54-952dfa6674c0,4062cd22-b67a-4235-9980-0178b7add592,Drama,450
889e3719-7d29-4888-b690-5a1531d2930e,3429cda2-6047-453c-bf54-952dfa6674c0,N/A,N/A,4525
889e3719-7d29-4888-b690-5a1531d2930e,3429cda2-6047-453c-bf54-952dfa6674c0,a719a87c-4e93-4387-a6d1-2631a487f7e0,Ajdovščina,1570
889e3719-7d29-4888-b690-5a1531d2930e,3429cda2-6047-453c-bf54-952dfa6674c0,25ad5579-f6a0-4f35-a0c9-0678b41e9dde,Križanke,35
889e3719-7d29-4888-b690-5a1531d2930e,3429cda2-6047-453c-bf54-952dfa6674c0,9bb1ed3b-5a6f-43c7-afaf-ba2b60ca1a7a,Aškerčeva,1481
889e3719-7d29-4888-b690-5a1531d2930e,3429cda2-6047-453c-bf54-952dfa6674c0,d72032c7-d4b0-4eee-a87c-593985a42266,Tobačna,767
889e3719-7d29-4888-b690-5a1531d2930e,3429cda2-6047-453c-bf54-952dfa6674c0,07bad99d-070a-42f7-8766-d11d42152623,Prekmurska,510
889e3719-7d29-4888-b690-5a1531d2930e,3429cda2-6047-453c-bf54-952dfa6674c0,9b85d4b0-c594-4e0e-9ce2-d0986256c270,Tavčarjeva,459
889e3719-7d29-4888-b690-5a1531d2930e,3429cda2-6047-453c-bf54-952dfa6674c0,bea274aa-277a-403d-ab2f-a0342b28882e,Križanke,1101
889e3719-7d29-4888-b690-5a1531d2930e,3429cda2-6047-453c-bf54-952dfa6674c0,c87db9be-1fba-4102-a743-0ee4317dd5af,Bavarski dvor,472
889e3719-7d29-4888-b690-5a1531d2930e,3429cda2-6047-453c-bf54-952dfa6674c0,9bb1ed3b-5a6f-43c7-afaf-ba2b60ca1a7a,Aškerčeva,109
889e3719-7d29-4888-b690-5a1531d2930e,3429cda2-6047-453c-bf54-952dfa6674c0,5d7f28a6-2a2a-4333-aa06-48edfb652f86,Pošta,1024
889e3719-7d29-4888-b690-5a1531d2930e,3429cda2-6047-453c-bf54-952dfa6674c0,ccd8a655-468b-4728-a26d-7981bbdd7dec,Zg. Gameljne,631
889e3719-7d29-4888-b690-5a1531d2930e,3429cda2-6047-453c-bf54-952dfa6674c0,b905ae6a-f1e1-4057-8923-481902ed5a8e,Konzorcij,686
889e3719-7d29-4888-b690-5a1531d2930e,3429cda2-6047-453c-bf54-952dfa6674c0,24ab9d18-4fb9-4e7e-b48c-d5cdc9cd1305,Agrokombinatska,984
889e3719-7d29-4888-b690-5a1531d2930e,3429cda2-6047-453c-bf54-952dfa6674c0,6a0b25cc-428e-47b5-831a-e89facfa7f26,Ziherlova,394
889e3719-7d29-4888-b690-5a1531d2930e,3429cda2-6047-453c-bf54-952dfa6674c0,bea274aa-277a-403d-ab2f-a0342b28882e,Križanke,1938
889e3719-7d29-4888-b690-5a1531d2930e,3429cda2-6047-453c-bf54-952dfa6674c0,505865ea-cdea-4042-bdb2-b2f4f03889cb,ŠTEPANJSKO NAS.,190
889e3719-7d29-4888-b690-5a1531d2930e,3429cda2-6047-453c-bf54-952dfa6674c0,a719a87c-4e93-4387-a6d1-2631a487f7e0,Ajdovščina,149
889e3719-7d29-4888-b690-5a1531d2930e,3429cda2-6047-453c-bf54-952dfa6674c0,16578e36-c682-4083-bd29-4973445dc0fe,Gosposvetska,1502
889e3719-7d29-4888-b690-5a1531d2930e,3429cda2-6047-453c-bf54-952dfa6674c0,b905ae6a-f1e1-4057-8923-481902ed5a8e,Konzorcij,204
889e3719-7d29-4888-b690-5a1531d2930e,3429cda2-6047-453c-bf54-952dfa6674c0,fb0042f8-d9e2-4916-b60a-38a026acf0c9,Leskoškova,1150
889e3719-7d29-4888-b690-5a1531d2930e,3429cda2-6047-453c-bf54-952dfa6674c0,fef200e9-4d98-425b-ab14-8110e2aa85d7,Drama,189
889e3719-7d29-4888-b690-5a1531d2930e,3429cda2-6047-453c-bf54-952dfa6674c0,25ad5579-f6a0-4f35-a0c9-0678b41e9dde,Križanke,1736
889e3719-7d29-4888-b690-5a1531d2930e,3429cda2-6047-453c-bf54-952dfa6674c0,f073b9d9-a3e3-4d04-a209-0db55377b79e,Zmajski most,14
889e3719-7d29-4888-b690-5a1531d2930e,3429cda2-6047-453c-bf54-952dfa6674c0,9a938b49-ce1d-4e1c-a789-e316630ebc4f,Poliklinika,652
889e3719-7d29-4888-b690-5a1531d2930e,3429cda2-6047-453c-bf54-952dfa6674c0,98f728a3-94a6-4911-98d7-64ab88097036,Lavrica,178
889e3719-7d29-4888-b690-5a1531d2930e,3429cda2-6047-453c-bf54-952dfa6674c0,88cdd36c-03d2-4374-a22f-110dd9f75ea0,Kajuhova,1103
889e3719-7d29-4888-b690-5a1531d2930e,3429cda2-6047-453c-bf54-952dfa6674c0,023d7b7a-b411-4e61-8746-b07f9e5c8f90,Ambrožev trg,3195
889e3719-7d29-4888-b690-5a1531d2930e,3429cda2-6047-453c-bf54-952dfa6674c0,b905ae6a-f1e1-4057-8923-481902ed5a8e,Konzorcij,878
889e3719-7d29-4888-b690-5a1531d2930e,3429cda2-6047-453c-bf54-952dfa6674c0,98fa3880-5936-4ec8-ba04-39c7ff9a0e6a,Stara cerkev,308
889e3719-7d29-4888-b690-5a1531d2930e,3429cda2-6047-453c-bf54-952dfa6674c0,fef200e9-4d98-425b-ab14-8110e2aa85d7,Drama,945
889e3719-7d29-4888-b690-5a1531d2930e,3429cda2-6047-453c-bf54-952dfa6674c0,1907a46a-4559-43ec-8363-03fe35d30725,Rudnik,304
889e3719-7d29-4888-b690-5a1531d2930e,3429cda2-6047-453c-bf54-952dfa6674c0,9a938b49-ce1d-4e1c-a789-e316630ebc4f,Poliklinika,35
889e3719-7d29-4888-b690-5a1531d2930e,3429cda2-6047-453c-bf54-952dfa6674c0,484b5c91-1220-43ba-af79-84e712fcc46b,Slovenija avto,371
889e3719-7d29-4888-b690-5a1531d2930e,3429cda2-6047-453c-bf54-952dfa6674c0,8c7fa045-888b-46d0-8189-6f82623bf481,Poljanska,854
889e3719-7d29-4888-b690-5a1531d2930e,3429cda2-6047-453c-bf54-952dfa6674c0,0be237aa-4b91-4d2b-ac23-0cebac975a0d,Cankarjev dom,185
889e3719-7d29-4888-b690-5a1531d2930e,3429cda2-6047-453c-bf54-952dfa6674c0,087e50b6-7677-4a85-802f-5694266fe38b,Aškerčeva,1183
889e3719-7d29-4888-b690-5a1531d2930e,3429cda2-6047-453c-bf54-952dfa6674c0,4062cd22-b67a-4235-9980-0178b7add592,Drama,1075
889e3719-7d29-4888-b690-5a1531d2930e,3429cda2-6047-453c-bf54-952dfa6674c0,a719a87c-4e93-4387-a6d1-2631a487f7e0,Ajdovščina,119
889e3719-7d29-4888-b690-5a1531d2930e,3429cda2-6047-453c-bf54-952dfa6674c0,295616c0-387b-4f60-a337-7743cd6be04e,Bavarski dvor,587
889e3719-7d29-4888-b690-5a1531d2930e,3429cda2-6047-453c-bf54-952dfa6674c0,fef200e9-4d98-425b-ab14-8110e2aa85d7,Drama,304
889e3719-7d29-4888-b690-5a1531d2930e,3429cda2-6047-453c-bf54-952dfa6674c0,f4cfd904-bd11-4247-95df-32c4555a930f,Klinični center,137
889e3719-7d29-4888-b690-5a1531d2930e,3429cda2-6047-453c-bf54-952dfa6674c0,dd57f39b-be0f-479e-bc35-5bd2edf98ff2,Bolnica,684
889e3719-7d29-4888-b690-5a1531d2930e,3429cda2-6047-453c-bf54-952dfa6674c0,feb89b92-366d-4f50-a509-40c7baba8cf0,Brodarjev trg,30
889e3719-7d29-4888-b690-5a1531d2930e,3429cda2-6047-453c-bf54-952dfa6674c0,16578e36-c682-4083-bd29-4973445dc0fe,Gosposvetska,1578
889e3719-7d29-4888-b690-5a1531d2930e,3429cda2-6047-453c-bf54-952dfa6674c0,59ee5f7d-476b-4958-a922-2040a9308f3b,Kranjčeva,629
889e3719-7d29-4888-b690-5a1531d2930e,3429cda2-6047-453c-bf54-952dfa6674c0,b905ae6a-f1e1-4057-8923-481902ed5a8e,Konzorcij,1240
889e3719-7d29-4888-b690-5a1531d2930e,3429cda2-6047-453c-bf54-952dfa6674c0,fef200e9-4d98-425b-ab14-8110e2aa85d7,Drama,675
889e3719-7d29-4888-b690-5a1531d2930e,3429cda2-6047-453c-bf54-952dfa6674c0,16578e36-c682-4083-bd29-4973445dc0fe,Gosposvetska,642
889e3719-7d29-4888-b690-5a1531d2930e,3429cda2-6047-453c-bf54-952dfa6674c0,ecc4ae87-ae08-4b94-995c-452fdd94df7f,Privoz,2239
889e3719-7d29-4888-b690-5a1531d2930e,3429cda2-6047-453c-bf54-952dfa6674c0,505865ea-cdea-4042-bdb2-b2f4f03889cb,ŠTEPANJSKO NAS.,164
889e3719-7d29-4888-b690-5a1531d2930e,3429cda2-6047-453c-bf54-952dfa6674c0,db046e79-c658-433c-8812-157fd965a9f6,Galjevica,1561
889e3719-7d29-4888-b690-5a1531d2930e,3429cda2-6047-453c-bf54-952dfa6674c0,bea274aa-277a-403d-ab2f-a0342b28882e,Križanke,279
889e3719-7d29-4888-b690-5a1531d2930e,3429cda2-6047-453c-bf54-952dfa6674c0,a719a87c-4e93-4387-a6d1-2631a487f7e0,Ajdovščina,358
889e3719-7d29-4888-b690-5a1531d2930e,3429cda2-6047-453c-bf54-952dfa6674c0,07bad99d-070a-42f7-8766-d11d42152623,Prekmurska,528
889e3719-7d29-4888-b690-5a1531d2930e,3429cda2-6047-453c-bf54-952dfa6674c0,fef200e9-4d98-425b-ab14-8110e2aa85d7,Drama,285
889e3719-7d29-4888-b690-5a1531d2930e,3429cda2-6047-453c-bf54-952dfa6674c0,4062cd22-b67a-4235-9980-0178b7add592,Drama,544
889e3719-7d29-4888-b690-5a1531d2930e,3429cda2-6047-453c-bf54-952dfa6674c0,fef200e9-4d98-425b-ab14-8110e2aa85d7,Drama,240
889e3719-7d29-4888-b690-5a1531d2930e,3429cda2-6047-453c-bf54-952dfa6674c0,25ad5579-f6a0-4f35-a0c9-0678b41e9dde,Križanke,280
889e3719-7d29-4888-b690-5a1531d2930e,3429cda2-6047-453c-bf54-952dfa6674c0,a719a87c-4e93-4387-a6d1-2631a487f7e0,Ajdovščina,445
889e3719-7d29-4888-b690-5a1531d2930e,3429cda2-6047-453c-bf54-952dfa6674c0,d27a7320-71d6-48bc-a4f5-0f3e239575b8,Tacen,535
889e3719-7d29-4888-b690-5a1531d2930e,3429cda2-6047-453c-bf54-952dfa6674c0,c87db9be-1fba-4102-a743-0ee4317dd5af,Bavarski dvor,1151
889e3719-7d29-4888-b690-5a1531d2930e,3429cda2-6047-453c-bf54-952dfa6674c0,a719a87c-4e93-4387-a6d1-2631a487f7e0,Ajdovščina,248
889e3719-7d29-4888-b690-5a1531d2930e,3429cda2-6047-453c-bf54-952dfa6674c0,c87db9be-1fba-4102-a743-0ee4317dd5af,Bavarski dvor,909
889e3719-7d29-4888-b690-5a1531d2930e,3429cda2-6047-453c-bf54-952dfa6674c0,a719a87c-4e93-4387-a6d1-2631a487f7e0,Ajdovščina,284
889e3719-7d29-4888-b690-5a1531d2930e,3429cda2-6047-453c-bf54-952dfa6674c0,087e50b6-7677-4a85-802f-5694266fe38b,Aškerčeva,658
889e3719-7d29-4888-b690-5a1531d2930e,3429cda2-6047-453c-bf54-952dfa6674c0,25ad5579-f6a0-4f35-a0c9-0678b41e9dde,Križanke,57
889e3719-7d29-4888-b690-5a1531d2930e,3429cda2-6047-453c-bf54-952dfa6674c0,087e50b6-7677-4a85-802f-5694266fe38b,Aškerčeva,270
889e3719-7d29-4888-b690-5a1531d2930e,3429cda2-6047-453c-bf54-952dfa6674c0,9b0074d2-2c92-4c01-830b-00be8e05b412,Cukrarna,1411
889e3719-7d29-4888-b690-5a1531d2930e,3429cda2-6047-453c-bf54-952dfa6674c0,452bfd80-e8bd-470b-bc4a-981e1b37ffd7,Kodeljevo,1127
889e3719-7d29-4888-b690-5a1531d2930e,3429cda2-6047-453c-bf54-952dfa6674c0,16578e36-c682-4083-bd29-4973445dc0fe,Gosposvetska,758
889e3719-7d29-4888-b690-5a1531d2930e,3429cda2-6047-453c-bf54-952dfa6674c0,fef200e9-4d98-425b-ab14-8110e2aa85d7,Drama,2032
889e3719-7d29-4888-b690-5a1531d2930e,3429cda2-6047-453c-bf54-952dfa6674c0,4062cd22-b67a-4235-9980-0178b7add592,Drama,1588
889e3719-7d29-4888-b690-5a1531d2930e,3429cda2-6047-453c-bf54-952dfa6674c0,dfde6478-02b5-471b-a470-29cb0e84542f,Slovenija avto,684
889e3719-7d29-4888-b690-5a1531d2930e,3429cda2-6047-453c-bf54-952dfa6674c0,a719a87c-4e93-4387-a6d1-2631a487f7e0,Ajdovščina,1021
889e3719-7d29-4888-b690-5a1531d2930e,3429cda2-6047-453c-bf54-952dfa6674c0,02c61e3f-2d2e-4b42-b695-bbd3cc672f6b,Leskoškova,828
889e3719-7d29-4888-b690-5a1531d2930e,3429cda2-6047-453c-bf54-952dfa6674c0,55f1ae46-11e5-4270-991f-f09dae6c58bf,Kodeljevo,426
889e3719-7d29-4888-b690-5a1531d2930e,3429cda2-6047-453c-bf54-952dfa6674c0,1a3351a1-563e-4174-b402-54bc0e2f5191,Archinetova,497
889e3719-7d29-4888-b690-5a1531d2930e,3429cda2-6047-453c-bf54-952dfa6674c0,a12ab184-fb4b-449f-9884-88e0a1672e64,Tbilisijska,32
889e3719-7d29-4888-b690-5a1531d2930e,3429cda2-6047-453c-bf54-952dfa6674c0,aa42017d-812a-4175-bc9b-0fec03b18931,Ambrožev trg,362
889e3719-7d29-4888-b690-5a1531d2930e,3429cda2-6047-453c-bf54-952dfa6674c0,fef200e9-4d98-425b-ab14-8110e2aa85d7,Drama,12
889e3719-7d29-4888-b690-5a1531d2930e,3429cda2-6047-453c-bf54-952dfa6674c0,5d7f28a6-2a2a-4333-aa06-48edfb652f86,Pošta,594
889e3719-7d29-4888-b690-5a1531d2930e,3429cda2-6047-453c-bf54-952dfa6674c0,557f714a-6f4a-4c98-8c5a-d74fa34b2adb,Hrvatski trg,2590
889e3719-7d29-4888-b690-5a1531d2930e,3429cda2-6047-453c-bf54-952dfa6674c0,7fa32ea0-e884-435a-a81c-51bbd5cedf3e,Zaloška,634
889e3719-7d29-4888-b690-5a1531d2930e,3429cda2-6047-453c-bf54-952dfa6674c0,e66e813a-722d-40f8-9ee9-1470d07bc200,Tobačna,478
889e3719-7d29-4888-b690-5a1531d2930e,3429cda2-6047-453c-bf54-952dfa6674c0,38b3abed-0592-407b-96c3-85a026f2e192,Dalmatinova,351
889e3719-7d29-4888-b690-5a1531d2930e,3429cda2-6047-453c-bf54-952dfa6674c0,ef91fd44-5651-4fd4-b6f8-619fdef9da7b,Hajdrihova,99
889e3719-7d29-4888-b690-5a1531d2930e,3429cda2-6047-453c-bf54-952dfa6674c0,0bb103e4-c4a6-4c4c-a13d-217ab4e6dfd3,Cesta na Vevče,555
889e3719-7d29-4888-b690-5a1531d2930e,3429cda2-6047-453c-bf54-952dfa6674c0,eb165f50-9c43-4b09-9658-469a16d3dc83,Kodeljevo,2328
889e3719-7d29-4888-b690-5a1531d2930e,3429cda2-6047-453c-bf54-952dfa6674c0,c87db9be-1fba-4102-a743-0ee4317dd5af,Bavarski dvor,2378
889e3719-7d29-4888-b690-5a1531d2930e,3429cda2-6047-453c-bf54-952dfa6674c0,4ca7ae7e-380b-45e3-81de-00ffab5bb531,Yulon,428
889e3719-7d29-4888-b690-5a1531d2930e,3429cda2-6047-453c-bf54-952dfa6674c0,9e109242-5aad-4fb7-b0c8-576eef8aa4e0,VEVČE,1059
889e3719-7d29-4888-b690-5a1531d2930e,3429cda2-6047-453c-bf54-952dfa6674c0,a719a87c-4e93-4387-a6d1-2631a487f7e0,Ajdovščina,119
889e3719-7d29-4888-b690-5a1531d2930e,3429cda2-6047-453c-bf54-952dfa6674c0,4bd4913f-8597-4ea0-b219-4e9b15dcbb62,Jarše,138
889e3719-7d29-4888-b690-5a1531d2930e,3429cda2-6047-453c-bf54-952dfa6674c0,c87db9be-1fba-4102-a743-0ee4317dd5af,Bavarski dvor,1900
889e3719-7d29-4888-b690-5a1531d2930e,3429cda2-6047-453c-bf54-952dfa6674c0,b905ae6a-f1e1-4057-8923-481902ed5a8e,Konzorcij,171
889e3719-7d29-4888-b690-5a1531d2930e,3429cda2-6047-453c-bf54-952dfa6674c0,9b85d4b0-c594-4e0e-9ce2-d0986256c270,Tavčarjeva,884
889e3719-7d29-4888-b690-5a1531d2930e,3429cda2-6047-453c-bf54-952dfa6674c0,f4cfd904-bd11-4247-95df-32c4555a930f,Klinični center,2209
889e3719-7d29-4888-b690-5a1531d2930e,3429cda2-6047-453c-bf54-952dfa6674c0,fef200e9-4d98-425b-ab14-8110e2aa85d7,Drama,1055
889e3719-7d29-4888-b690-5a1531d2930e,3429cda2-6047-453c-bf54-952dfa6674c0,4062cd22-b67a-4235-9980-0178b7add592,Drama,31
889e3719-7d29-4888-b690-5a1531d2930e,3429cda2-6047-453c-bf54-952dfa6674c0,a719a87c-4e93-4387-a6d1-2631a487f7e0,Ajdovščina,2687
889e3719-7d29-4888-b690-5a1531d2930e,3429cda2-6047-453c-bf54-952dfa6674c0,77dcd833-fa4d-4c5a-93b1-31284942e61d,Šišenska,370
889e3719-7d29-4888-b690-5a1531d2930e,3429cda2-6047-453c-bf54-952dfa6674c0,ee837fd9-7a5c-4f14-bbd7-a46f14eb07c5,Glonarjeva,72
889e3719-7d29-4888-b690-5a1531d2930e,3429cda2-6047-453c-bf54-952dfa6674c0,fef200e9-4d98-425b-ab14-8110e2aa85d7,Drama,6
889e3719-7d29-4888-b690-5a1531d2930e,3429cda2-6047-453c-bf54-952dfa6674c0,fef200e9-4d98-425b-ab14-8110e2aa85d7,Drama,4233
889e3719-7d29-4888-b690-5a1531d2930e,3429cda2-6047-453c-bf54-952dfa6674c0,a719a87c-4e93-4387-a6d1-2631a487f7e0,Ajdovščina,1060
889e3719-7d29-4888-b690-5a1531d2930e,3429cda2-6047-453c-bf54-952dfa6674c0,4062cd22-b67a-4235-9980-0178b7add592,Drama,999
889e3719-7d29-4888-b690-5a1531d2930e,3429cda2-6047-453c-bf54-952dfa6674c0,557f714a-6f4a-4c98-8c5a-d74fa34b2adb,Hrvatski trg,112
889e3719-7d29-4888-b690-5a1531d2930e,3429cda2-6047-453c-bf54-952dfa6674c0,bea274aa-277a-403d-ab2f-a0342b28882e,Križanke,65
889e3719-7d29-4888-b690-5a1531d2930e,3429cda2-6047-453c-bf54-952dfa6674c0,5d7f28a6-2a2a-4333-aa06-48edfb652f86,Pošta,1608
889e3719-7d29-4888-b690-5a1531d2930e,3429cda2-6047-453c-bf54-952dfa6674c0,4062cd22-b67a-4235-9980-0178b7add592,Drama,491
889e3719-7d29-4888-b690-5a1531d2930e,3429cda2-6047-453c-bf54-952dfa6674c0,4062cd22-b67a-4235-9980-0178b7add592,Drama,1085
889e3719-7d29-4888-b690-5a1531d2930e,3429cda2-6047-453c-bf54-952dfa6674c0,5d7f28a6-2a2a-4333-aa06-48edfb652f86,Pošta,1691
889e3719-7d29-4888-b690-5a1531d2930e,3429cda2-6047-453c-bf54-952dfa6674c0,aa42017d-812a-4175-bc9b-0fec03b18931,Ambrožev trg,567
889e3719-7d29-4888-b690-5a1531d2930e,3429cda2-6047-453c-bf54-952dfa6674c0,9741988b-6723-480b-a419-8db7490d667a,Rakovnik,251
889e3719-7d29-4888-b690-5a1531d2930e,3429cda2-6047-453c-bf54-952dfa6674c0,9b0074d2-2c92-4c01-830b-00be8e05b412,Cukrarna,149
889e3719-7d29-4888-b690-5a1531d2930e,3429cda2-6047-453c-bf54-952dfa6674c0,e9382efd-d64d-46b0-9a7d-a4e6a0188725,Omersova,264
889e3719-7d29-4888-b690-5a1531d2930e,3429cda2-6047-453c-bf54-952dfa6674c0,b905ae6a-f1e1-4057-8923-481902ed5a8e,Konzorcij,1002
889e3719-7d29-4888-b690-5a1531d2930e,3429cda2-6047-453c-bf54-952dfa6674c0,9b85d4b0-c594-4e0e-9ce2-d0986256c270,Tavčarjeva,861
889e3719-7d29-4888-b690-5a1531d2930e,3429cda2-6047-453c-bf54-952dfa6674c0,087e50b6-7677-4a85-802f-5694266fe38b,Aškerčeva,129
889e3719-7d29-4888-b690-5a1531d2930e,3429cda2-6047-453c-bf54-952dfa6674c0,5f2b93f1-7933-45ed-915c-4488ab8d81b7,Ižanska,73
889e3719-7d29-4888-b690-5a1531d2930e,3429cda2-6047-453c-bf54-952dfa6674c0,6182f8e8-c45e-4606-b4a4-d909bd44d2cc,Gornji trg,302
889e3719-7d29-4888-b690-5a1531d2930e,3429cda2-6047-453c-bf54-952dfa6674c0,b56664c0-1dc1-42c5-b10b-52c3fb0dd042,Galjevica,365
889e3719-7d29-4888-b690-5a1531d2930e,3429cda2-6047-453c-bf54-952dfa6674c0,16578e36-c682-4083-bd29-4973445dc0fe,Gosposvetska,1427
889e3719-7d29-4888-b690-5a1531d2930e,3429cda2-6047-453c-bf54-952dfa6674c0,087e50b6-7677-4a85-802f-5694266fe38b,Aškerčeva,1776
889e3719-7d29-4888-b690-5a1531d2930e,3429cda2-6047-453c-bf54-952dfa6674c0,8f56b058-1ae3-44f5-8600-4330f2264d78,Privoz,2572
889e3719-7d29-4888-b690-5a1531d2930e,3429cda2-6047-453c-bf54-952dfa6674c0,eaad1ba5-14a4-494f-80ae-65294c29a962,Rožna dolina,715
889e3719-7d29-4888-b690-5a1531d2930e,3429cda2-6047-453c-bf54-952dfa6674c0,4062cd22-b67a-4235-9980-0178b7add592,Drama,1111
889e3719-7d29-4888-b690-5a1531d2930e,3429cda2-6047-453c-bf54-952dfa6674c0,f14a6236-8af2-47bf-9270-432377662a63,Viadukt,1191
889e3719-7d29-4888-b690-5a1531d2930e,3429cda2-6047-453c-bf54-952dfa6674c0,bea274aa-277a-403d-ab2f-a0342b28882e,Križanke,796
889e3719-7d29-4888-b690-5a1531d2930e,3429cda2-6047-453c-bf54-952dfa6674c0,023d7b7a-b411-4e61-8746-b07f9e5c8f90,Ambrožev trg,1608
889e3719-7d29-4888-b690-5a1531d2930e,3429cda2-6047-453c-bf54-952dfa6674c0,087e50b6-7677-4a85-802f-5694266fe38b,Aškerčeva,354
889e3719-7d29-4888-b690-5a1531d2930e,3429cda2-6047-453c-bf54-952dfa6674c0,aa42017d-812a-4175-bc9b-0fec03b18931,Ambrožev trg,424
889e3719-7d29-4888-b690-5a1531d2930e,3429cda2-6047-453c-bf54-952dfa6674c0,4062cd22-b67a-4235-9980-0178b7add592,Drama,859
889e3719-7d29-4888-b690-5a1531d2930e,3429cda2-6047-453c-bf54-952dfa6674c0,17f7d178-41b3-41f9-a545-cbfc22a0a5f1,Nusdorferjeva,269
889e3719-7d29-4888-b690-5a1531d2930e,3429cda2-6047-453c-bf54-952dfa6674c0,4062cd22-b67a-4235-9980-0178b7add592,Drama,570
889e3719-7d29-4888-b690-5a1531d2930e,3429cda2-6047-453c-bf54-952dfa6674c0,4062cd22-b67a-4235-9980-0178b7add592,Drama,622
889e3719-7d29-4888-b690-5a1531d2930e,3429cda2-6047-453c-bf54-952dfa6674c0,b905ae6a-f1e1-4057-8923-481902ed5a8e,Konzorcij,1053
889e3719-7d29-4888-b690-5a1531d2930e,3429cda2-6047-453c-bf54-952dfa6674c0,f528b363-1484-456c-835b-1e08dc31ef8e,Gornji Rudnik,2518
889e3719-7d29-4888-b690-5a1531d2930e,3429cda2-6047-453c-bf54-952dfa6674c0,b829062a-2644-4350-b998-74522d9e85d8,Lutkovno gl.,967
889e3719-7d29-4888-b690-5a1531d2930e,3429cda2-6047-453c-bf54-952dfa6674c0,fef200e9-4d98-425b-ab14-8110e2aa85d7,Drama,323
889e3719-7d29-4888-b690-5a1531d2930e,3429cda2-6047-453c-bf54-952dfa6674c0,fef200e9-4d98-425b-ab14-8110e2aa85d7,Drama,37
889e3719-7d29-4888-b690-5a1531d2930e,3429cda2-6047-453c-bf54-952dfa6674c0,4062cd22-b67a-4235-9980-0178b7add592,Drama,885
889e3719-7d29-4888-b690-5a1531d2930e,3429cda2-6047-453c-bf54-952dfa6674c0,277bc73c-e61d-4046-bcfd-31d6161c568e,Center Zalog,644
889e3719-7d29-4888-b690-5a1531d2930e,3429cda2-6047-453c-bf54-952dfa6674c0,d72032c7-d4b0-4eee-a87c-593985a42266,Tobačna,100
889e3719-7d29-4888-b690-5a1531d2930e,3429cda2-6047-453c-bf54-952dfa6674c0,a378ce5e-57ce-4c52-b219-568674b5cd5e,Gornji trg,1052
889e3719-7d29-4888-b690-5a1531d2930e,3429cda2-6047-453c-bf54-952dfa6674c0,c87db9be-1fba-4102-a743-0ee4317dd5af,Bavarski dvor,572
889e3719-7d29-4888-b690-5a1531d2930e,3429cda2-6047-453c-bf54-952dfa6674c0,9b85d4b0-c594-4e0e-9ce2-d0986256c270,Tavčarjeva,126
889e3719-7d29-4888-b690-5a1531d2930e,3429cda2-6047-453c-bf54-952dfa6674c0,38b3abed-0592-407b-96c3-85a026f2e192,Dalmatinova,24
889e3719-7d29-4888-b690-5a1531d2930e,3429cda2-6047-453c-bf54-952dfa6674c0,38b3abed-0592-407b-96c3-85a026f2e192,Dalmatinova,769
889e3719-7d29-4888-b690-5a1531d2930e,3429cda2-6047-453c-bf54-952dfa6674c0,d72032c7-d4b0-4eee-a87c-593985a42266,Tobačna,316
889e3719-7d29-4888-b690-5a1531d2930e,3429cda2-6047-453c-bf54-952dfa6674c0,fef200e9-4d98-425b-ab14-8110e2aa85d7,Drama,864
889e3719-7d29-4888-b690-5a1531d2930e,3429cda2-6047-453c-bf54-952dfa6674c0,9a1c4c65-df77-481f-87ad-56143f02a864,Vižmarje,165
889e3719-7d29-4888-b690-5a1531d2930e,3429cda2-6047-453c-bf54-952dfa6674c0,4062cd22-b67a-4235-9980-0178b7add592,Drama,296
889e3719-7d29-4888-b690-5a1531d2930e,3429cda2-6047-453c-bf54-952dfa6674c0,bd1a0fbd-1593-4552-a76f-681c59333d6b,Savsko naselje,937
889e3719-7d29-4888-b690-5a1531d2930e,3429cda2-6047-453c-bf54-952dfa6674c0,a719a87c-4e93-4387-a6d1-2631a487f7e0,Ajdovščina,100
889e3719-7d29-4888-b690-5a1531d2930e,3429cda2-6047-453c-bf54-952dfa6674c0,5d7f28a6-2a2a-4333-aa06-48edfb652f86,Pošta,360
889e3719-7d29-4888-b690-5a1531d2930e,3429cda2-6047-453c-bf54-952dfa6674c0,ef91fd44-5651-4fd4-b6f8-619fdef9da7b,Hajdrihova,331
889e3719-7d29-4888-b690-5a1531d2930e,3429cda2-6047-453c-bf54-952dfa6674c0,1907a46a-4559-43ec-8363-03fe35d30725,Rudnik,644
889e3719-7d29-4888-b690-5a1531d2930e,3429cda2-6047-453c-bf54-952dfa6674c0,0b6960bb-2431-48c3-9e64-3cbf5c57ea96,Hrastje,153
889e3719-7d29-4888-b690-5a1531d2930e,3429cda2-6047-453c-bf54-952dfa6674c0,4062cd22-b67a-4235-9980-0178b7add592,Drama,2310
889e3719-7d29-4888-b690-5a1531d2930e,3429cda2-6047-453c-bf54-952dfa6674c0,4062cd22-b67a-4235-9980-0178b7add592,Drama,36
889e3719-7d29-4888-b690-5a1531d2930e,3429cda2-6047-453c-bf54-952dfa6674c0,b905ae6a-f1e1-4057-8923-481902ed5a8e,Konzorcij,64
889e3719-7d29-4888-b690-5a1531d2930e,3429cda2-6047-453c-bf54-952dfa6674c0,a9473958-e505-4c16-8498-486b06a47856,Čebelarska,182
889e3719-7d29-4888-b690-5a1531d2930e,3429cda2-6047-453c-bf54-952dfa6674c0,4062cd22-b67a-4235-9980-0178b7add592,Drama,670
889e3719-7d29-4888-b690-5a1531d2930e,3429cda2-6047-453c-bf54-952dfa6674c0,717dda7e-d793-4697-8f60-b64ee8b1edc4,Gosposvetska,836
889e3719-7d29-4888-b690-5a1531d2930e,3429cda2-6047-453c-bf54-952dfa6674c0,fef200e9-4d98-425b-ab14-8110e2aa85d7,Drama,973
889e3719-7d29-4888-b690-5a1531d2930e,3429cda2-6047-453c-bf54-952dfa6674c0,37fc313d-1f45-49c9-9059-4f96f44a6682,Zgornja Šiška,293
889e3719-7d29-4888-b690-5a1531d2930e,3429cda2-6047-453c-bf54-952dfa6674c0,c124f317-217b-4b89-9597-393843de4f81,Nusdorferjeva,300
889e3719-7d29-4888-b690-5a1531d2930e,3429cda2-6047-453c-bf54-952dfa6674c0,f33b721f-a8a3-4aad-96f2-077da09ebaa6,Razstavišče,636
889e3719-7d29-4888-b690-5a1531d2930e,3429cda2-6047-453c-bf54-952dfa6674c0,5d7f28a6-2a2a-4333-aa06-48edfb652f86,Pošta,1034
889e3719-7d29-4888-b690-5a1531d2930e,3429cda2-6047-453c-bf54-952dfa6674c0,105e10e7-fbab-4f99-94c9-178c25630b42,Brodarjev trg,1564
889e3719-7d29-4888-b690-5a1531d2930e,3429cda2-6047-453c-bf54-952dfa6674c0,639551cf-fe23-4363-8ccd-655bc5d4119e,Zmajski most,487
889e3719-7d29-4888-b690-5a1531d2930e,3429cda2-6047-453c-bf54-952dfa6674c0,d72032c7-d4b0-4eee-a87c-593985a42266,Tobačna,42
889e3719-7d29-4888-b690-5a1531d2930e,3429cda2-6047-453c-bf54-952dfa6674c0,95eee7e8-237d-4410-a9bf-00c6f88129c1,Cukrarna,309
889e3719-7d29-4888-b690-5a1531d2930e,3429cda2-6047-453c-bf54-952dfa6674c0,16578e36-c682-4083-bd29-4973445dc0fe,Gosposvetska,98
889e3719-7d29-4888-b690-5a1531d2930e,3429cda2-6047-453c-bf54-952dfa6674c0,c124f317-217b-4b89-9597-393843de4f81,Nusdorferjeva,221
889e3719-7d29-4888-b690-5a1531d2930e,3429cda2-6047-453c-bf54-952dfa6674c0,52e5adea-e194-4fc1-809c-1d6421f8f8db,Kovinarska,520
889e3719-7d29-4888-b690-5a1531d2930e,3429cda2-6047-453c-bf54-952dfa6674c0,3429cda2-6047-453c-bf54-952dfa6674c0,Klinični center,245
889e3719-7d29-4888-b690-5a1531d2930e,3429cda2-6047-453c-bf54-952dfa6674c0,4062cd22-b67a-4235-9980-0178b7add592,Drama,1055
889e3719-7d29-4888-b690-5a1531d2930e,3429cda2-6047-453c-bf54-952dfa6674c0,fef200e9-4d98-425b-ab14-8110e2aa85d7,Drama,9
889e3719-7d29-4888-b690-5a1531d2930e,3429cda2-6047-453c-bf54-952dfa6674c0,8c7fa045-888b-46d0-8189-6f82623bf481,Poljanska,1471
889e3719-7d29-4888-b690-5a1531d2930e,3429cda2-6047-453c-bf54-952dfa6674c0,36d25599-0bed-48a0-bcb4-134be8a959fe,Emona,18
889e3719-7d29-4888-b690-5a1531d2930e,3429cda2-6047-453c-bf54-952dfa6674c0,a378ce5e-57ce-4c52-b219-568674b5cd5e,Gornji trg,57
889e3719-7d29-4888-b690-5a1531d2930e,3429cda2-6047-453c-bf54-952dfa6674c0,fef200e9-4d98-425b-ab14-8110e2aa85d7,Drama,174
889e3719-7d29-4888-b690-5a1531d2930e,3429cda2-6047-453c-bf54-952dfa6674c0,9b85d4b0-c594-4e0e-9ce2-d0986256c270,Tavčarjeva,270
889e3719-7d29-4888-b690-5a1531d2930e,3429cda2-6047-453c-bf54-952dfa6674c0,bea274aa-277a-403d-ab2f-a0342b28882e,Križanke,61
889e3719-7d29-4888-b690-5a1531d2930e,3429cda2-6047-453c-bf54-952dfa6674c0,6182f8e8-c45e-4606-b4a4-d909bd44d2cc,Gornji trg,136
889e3719-7d29-4888-b690-5a1531d2930e,3429cda2-6047-453c-bf54-952dfa6674c0,fef200e9-4d98-425b-ab14-8110e2aa85d7,Drama,290
889e3719-7d29-4888-b690-5a1531d2930e,3429cda2-6047-453c-bf54-952dfa6674c0,f33b721f-a8a3-4aad-96f2-077da09ebaa6,Razstavišče,405
889e3719-7d29-4888-b690-5a1531d2930e,3429cda2-6047-453c-bf54-952dfa6674c0,896f7627-7c1c-4742-a40a-6aadb85fe206,Viško polje,855
889e3719-7d29-4888-b690-5a1531d2930e,3429cda2-6047-453c-bf54-952dfa6674c0,b905ae6a-f1e1-4057-8923-481902ed5a8e,Konzorcij,679
889e3719-7d29-4888-b690-5a1531d2930e,3429cda2-6047-453c-bf54-952dfa6674c0,087e50b6-7677-4a85-802f-5694266fe38b,Aškerčeva,354
889e3719-7d29-4888-b690-5a1531d2930e,3429cda2-6047-453c-bf54-952dfa6674c0,fef200e9-4d98-425b-ab14-8110e2aa85d7,Drama,1811
889e3719-7d29-4888-b690-5a1531d2930e,3429cda2-6047-453c-bf54-952dfa6674c0,fef200e9-4d98-425b-ab14-8110e2aa85d7,Drama,2152
889e3719-7d29-4888-b690-5a1531d2930e,3429cda2-6047-453c-bf54-952dfa6674c0,5d7f28a6-2a2a-4333-aa06-48edfb652f86,Pošta,49
889e3719-7d29-4888-b690-5a1531d2930e,3429cda2-6047-453c-bf54-952dfa6674c0,b905ae6a-f1e1-4057-8923-481902ed5a8e,Konzorcij,318
889e3719-7d29-4888-b690-5a1531d2930e,3429cda2-6047-453c-bf54-952dfa6674c0,9b85d4b0-c594-4e0e-9ce2-d0986256c270,Tavčarjeva,2165
889e3719-7d29-4888-b690-5a1531d2930e,3429cda2-6047-453c-bf54-952dfa6674c0,0bb103e4-c4a6-4c4c-a13d-217ab4e6dfd3,Cesta na Vevče,659
889e3719-7d29-4888-b690-5a1531d2930e,3429cda2-6047-453c-bf54-952dfa6674c0,b59656a4-b6e7-4b87-977c-078c59088a50,Hajdrihova,143
889e3719-7d29-4888-b690-5a1531d2930e,3429cda2-6047-453c-bf54-952dfa6674c0,1c0ae078-cca7-40c8-aeda-1187a12ddfee,Remiza,480
889e3719-7d29-4888-b690-5a1531d2930e,3429cda2-6047-453c-bf54-952dfa6674c0,98fa3880-5936-4ec8-ba04-39c7ff9a0e6a,Stara cerkev,1634
889e3719-7d29-4888-b690-5a1531d2930e,3429cda2-6047-453c-bf54-952dfa6674c0,c87db9be-1fba-4102-a743-0ee4317dd5af,Bavarski dvor,136
889e3719-7d29-4888-b690-5a1531d2930e,3429cda2-6047-453c-bf54-952dfa6674c0,a719a87c-4e93-4387-a6d1-2631a487f7e0,Ajdovščina,1358
889e3719-7d29-4888-b690-5a1531d2930e,3429cda2-6047-453c-bf54-952dfa6674c0,eead721b-8996-4e73-a2f9-02dba20df4fa,Ilirska,28
889e3719-7d29-4888-b690-5a1531d2930e,3429cda2-6047-453c-bf54-952dfa6674c0,d72032c7-d4b0-4eee-a87c-593985a42266,Tobačna,32
889e3719-7d29-4888-b690-5a1531d2930e,3429cda2-6047-453c-bf54-952dfa6674c0,9b85d4b0-c594-4e0e-9ce2-d0986256c270,Tavčarjeva,1160
889e3719-7d29-4888-b690-5a1531d2930e,3429cda2-6047-453c-bf54-952dfa6674c0,4062cd22-b67a-4235-9980-0178b7add592,Drama,854
889e3719-7d29-4888-b690-5a1531d2930e,3429cda2-6047-453c-bf54-952dfa6674c0,aa42017d-812a-4175-bc9b-0fec03b18931,Ambrožev trg,310
889e3719-7d29-4888-b690-5a1531d2930e,3429cda2-6047-453c-bf54-952dfa6674c0,a378ce5e-57ce-4c52-b219-568674b5cd5e,Gornji trg,904
889e3719-7d29-4888-b690-5a1531d2930e,3429cda2-6047-453c-bf54-952dfa6674c0,b59656a4-b6e7-4b87-977c-078c59088a50,Hajdrihova,483
889e3719-7d29-4888-b690-5a1531d2930e,3429cda2-6047-453c-bf54-952dfa6674c0,521edd75-c364-480a-af9e-a1c9815b6dd7,Gasilska brigada,771
889e3719-7d29-4888-b690-5a1531d2930e,3429cda2-6047-453c-bf54-952dfa6674c0,5d7f28a6-2a2a-4333-aa06-48edfb652f86,Pošta,8
889e3719-7d29-4888-b690-5a1531d2930e,3429cda2-6047-453c-bf54-952dfa6674c0,c0fb12dd-8cab-40da-a3aa-e8de9c6d09ed,Rusjanov trg,846
889e3719-7d29-4888-b690-5a1531d2930e,3429cda2-6047-453c-bf54-952dfa6674c0,1f9fad8e-d59c-494c-bdd1-1983afacb755,Kodrova,589
889e3719-7d29-4888-b690-5a1531d2930e,3429cda2-6047-453c-bf54-952dfa6674c0,f2b27cbd-5207-4281-8f67-6369d0c50a9b,Kodrova,1592
889e3719-7d29-4888-b690-5a1531d2930e,3429cda2-6047-453c-bf54-952dfa6674c0,25ad5579-f6a0-4f35-a0c9-0678b41e9dde,Križanke,717
889e3719-7d29-4888-b690-5a1531d2930e,3429cda2-6047-453c-bf54-952dfa6674c0,fef200e9-4d98-425b-ab14-8110e2aa85d7,Drama,1130
889e3719-7d29-4888-b690-5a1531d2930e,3429cda2-6047-453c-bf54-952dfa6674c0,d72032c7-d4b0-4eee-a87c-593985a42266,Tobačna,37
889e3719-7d29-4888-b690-5a1531d2930e,3429cda2-6047-453c-bf54-952dfa6674c0,a719a87c-4e93-4387-a6d1-2631a487f7e0,Ajdovščina,253
889e3719-7d29-4888-b690-5a1531d2930e,3429cda2-6047-453c-bf54-952dfa6674c0,4062cd22-b67a-4235-9980-0178b7add592,Drama,817
889e3719-7d29-4888-b690-5a1531d2930e,3429cda2-6047-453c-bf54-952dfa6674c0,295616c0-387b-4f60-a337-7743cd6be04e,Bavarski dvor,2918
889e3719-7d29-4888-b690-5a1531d2930e,3429cda2-6047-453c-bf54-952dfa6674c0,b905ae6a-f1e1-4057-8923-481902ed5a8e,Konzorcij,689
889e3719-7d29-4888-b690-5a1531d2930e,3429cda2-6047-453c-bf54-952dfa6674c0,f2b27cbd-5207-4281-8f67-6369d0c50a9b,Kodrova,320
889e3719-7d29-4888-b690-5a1531d2930e,3429cda2-6047-453c-bf54-952dfa6674c0,d72032c7-d4b0-4eee-a87c-593985a42266,Tobačna,1764
889e3719-7d29-4888-b690-5a1531d2930e,3429cda2-6047-453c-bf54-952dfa6674c0,25ad5579-f6a0-4f35-a0c9-0678b41e9dde,Križanke,1036
889e3719-7d29-4888-b690-5a1531d2930e,3429cda2-6047-453c-bf54-952dfa6674c0,60ccc570-3714-410b-aa31-43d3a4c593c8,Tržnica Moste,414
889e3719-7d29-4888-b690-5a1531d2930e,3429cda2-6047-453c-bf54-952dfa6674c0,5d7f28a6-2a2a-4333-aa06-48edfb652f86,Pošta,1489
889e3719-7d29-4888-b690-5a1531d2930e,3429cda2-6047-453c-bf54-952dfa6674c0,c8e0086c-0cef-4375-a471-72f3ae1e34fc,Strelišče,2430
889e3719-7d29-4888-b690-5a1531d2930e,3429cda2-6047-453c-bf54-952dfa6674c0,c87db9be-1fba-4102-a743-0ee4317dd5af,Bavarski dvor,1177
889e3719-7d29-4888-b690-5a1531d2930e,3429cda2-6047-453c-bf54-952dfa6674c0,c8e0086c-0cef-4375-a471-72f3ae1e34fc,Strelišče,446
889e3719-7d29-4888-b690-5a1531d2930e,3429cda2-6047-453c-bf54-952dfa6674c0,d72032c7-d4b0-4eee-a87c-593985a42266,Tobačna,41
889e3719-7d29-4888-b690-5a1531d2930e,3429cda2-6047-453c-bf54-952dfa6674c0,6182f8e8-c45e-4606-b4a4-d909bd44d2cc,Gornji trg,553
889e3719-7d29-4888-b690-5a1531d2930e,3429cda2-6047-453c-bf54-952dfa6674c0,17f7d178-41b3-41f9-a545-cbfc22a0a5f1,Nusdorferjeva,909
889e3719-7d29-4888-b690-5a1531d2930e,3429cda2-6047-453c-bf54-952dfa6674c0,ef91fd44-5651-4fd4-b6f8-619fdef9da7b,Hajdrihova,311
889e3719-7d29-4888-b690-5a1531d2930e,3429cda2-6047-453c-bf54-952dfa6674c0,7fa32ea0-e884-435a-a81c-51bbd5cedf3e,Zaloška,201
889e3719-7d29-4888-b690-5a1531d2930e,3429cda2-6047-453c-bf54-952dfa6674c0,a719a87c-4e93-4387-a6d1-2631a487f7e0,Ajdovščina,128
889e3719-7d29-4888-b690-5a1531d2930e,3429cda2-6047-453c-bf54-952dfa6674c0,484b5c91-1220-43ba-af79-84e712fcc46b,Slovenija avto,111
889e3719-7d29-4888-b690-5a1531d2930e,3429cda2-6047-453c-bf54-952dfa6674c0,087e50b6-7677-4a85-802f-5694266fe38b,Aškerčeva,355
889e3719-7d29-4888-b690-5a1531d2930e,3429cda2-6047-453c-bf54-952dfa6674c0,f4cfd904-bd11-4247-95df-32c4555a930f,Klinični center,415
889e3719-7d29-4888-b690-5a1531d2930e,3429cda2-6047-453c-bf54-952dfa6674c0,16578e36-c682-4083-bd29-4973445dc0fe,Gosposvetska,288
889e3719-7d29-4888-b690-5a1531d2930e,3429cda2-6047-453c-bf54-952dfa6674c0,fef200e9-4d98-425b-ab14-8110e2aa85d7,Drama,15
889e3719-7d29-4888-b690-5a1531d2930e,3429cda2-6047-453c-bf54-952dfa6674c0,fef200e9-4d98-425b-ab14-8110e2aa85d7,Drama,22
889e3719-7d29-4888-b690-5a1531d2930e,3429cda2-6047-453c-bf54-952dfa6674c0,4062cd22-b67a-4235-9980-0178b7add592,Drama,1572
889e3719-7d29-4888-b690-5a1531d2930e,3429cda2-6047-453c-bf54-952dfa6674c0,087e50b6-7677-4a85-802f-5694266fe38b,Aškerčeva,82
889e3719-7d29-4888-b690-5a1531d2930e,3429cda2-6047-453c-bf54-952dfa6674c0,4062cd22-b67a-4235-9980-0178b7add592,Drama,70
889e3719-7d29-4888-b690-5a1531d2930e,3429cda2-6047-453c-bf54-952dfa6674c0,cab36767-e95a-4f60-978e-92490f2517b2,Hrvatski trg,1293
889e3719-7d29-4888-b690-5a1531d2930e,3429cda2-6047-453c-bf54-952dfa6674c0,4062cd22-b67a-4235-9980-0178b7add592,Drama,134
889e3719-7d29-4888-b690-5a1531d2930e,3429cda2-6047-453c-bf54-952dfa6674c0,4062cd22-b67a-4235-9980-0178b7add592,Drama,1190
889e3719-7d29-4888-b690-5a1531d2930e,3429cda2-6047-453c-bf54-952dfa6674c0,ecc4ae87-ae08-4b94-995c-452fdd94df7f,Privoz,1824
889e3719-7d29-4888-b690-5a1531d2930e,3429cda2-6047-453c-bf54-952dfa6674c0,36d25599-0bed-48a0-bcb4-134be8a959fe,Emona,93
889e3719-7d29-4888-b690-5a1531d2930e,3429cda2-6047-453c-bf54-952dfa6674c0,4062cd22-b67a-4235-9980-0178b7add592,Drama,742
889e3719-7d29-4888-b690-5a1531d2930e,3429cda2-6047-453c-bf54-952dfa6674c0,0b4a072e-6c2d-4c71-ab80-2b7142df81de,Tivoli,581
889e3719-7d29-4888-b690-5a1531d2930e,3429cda2-6047-453c-bf54-952dfa6674c0,c124f317-217b-4b89-9597-393843de4f81,Nusdorferjeva,1532
889e3719-7d29-4888-b690-5a1531d2930e,3429cda2-6047-453c-bf54-952dfa6674c0,fef200e9-4d98-425b-ab14-8110e2aa85d7,Drama,1230
889e3719-7d29-4888-b690-5a1531d2930e,3429cda2-6047-453c-bf54-952dfa6674c0,47252dc3-dbd8-43df-898b-0a3fb27ffc93,Pod Golovcem,439
889e3719-7d29-4888-b690-5a1531d2930e,3429cda2-6047-453c-bf54-952dfa6674c0,4038e02e-f22f-4af0-ba4f-7aab855b53af,Kneza Koclja,1924
889e3719-7d29-4888-b690-5a1531d2930e,3429cda2-6047-453c-bf54-952dfa6674c0,fef200e9-4d98-425b-ab14-8110e2aa85d7,Drama,316
889e3719-7d29-4888-b690-5a1531d2930e,3429cda2-6047-453c-bf54-952dfa6674c0,48e907fd-e868-47cd-8cac-74c7d4582944,Poljanska,1363
889e3719-7d29-4888-b690-5a1531d2930e,3429cda2-6047-453c-bf54-952dfa6674c0,fef200e9-4d98-425b-ab14-8110e2aa85d7,Drama,1462
889e3719-7d29-4888-b690-5a1531d2930e,3429cda2-6047-453c-bf54-952dfa6674c0,25ad5579-f6a0-4f35-a0c9-0678b41e9dde,Križanke,621
889e3719-7d29-4888-b690-5a1531d2930e,3429cda2-6047-453c-bf54-952dfa6674c0,4062cd22-b67a-4235-9980-0178b7add592,Drama,47
889e3719-7d29-4888-b690-5a1531d2930e,3429cda2-6047-453c-bf54-952dfa6674c0,a378ce5e-57ce-4c52-b219-568674b5cd5e,Gornji trg,1384
889e3719-7d29-4888-b690-5a1531d2930e,3429cda2-6047-453c-bf54-952dfa6674c0,fef200e9-4d98-425b-ab14-8110e2aa85d7,Drama,1817
889e3719-7d29-4888-b690-5a1531d2930e,3429cda2-6047-453c-bf54-952dfa6674c0,38b3abed-0592-407b-96c3-85a026f2e192,Dalmatinova,105
889e3719-7d29-4888-b690-5a1531d2930e,3429cda2-6047-453c-bf54-952dfa6674c0,295616c0-387b-4f60-a337-7743cd6be04e,Bavarski dvor,1136
889e3719-7d29-4888-b690-5a1531d2930e,3429cda2-6047-453c-bf54-952dfa6674c0,fef200e9-4d98-425b-ab14-8110e2aa85d7,Drama,6
889e3719-7d29-4888-b690-5a1531d2930e,3429cda2-6047-453c-bf54-952dfa6674c0,fef200e9-4d98-425b-ab14-8110e2aa85d7,Drama,934
889e3719-7d29-4888-b690-5a1531d2930e,3429cda2-6047-453c-bf54-952dfa6674c0,da656f17-9723-4cbe-a008-823cbad17c28,Dolgi most,1056
889e3719-7d29-4888-b690-5a1531d2930e,3429cda2-6047-453c-bf54-952dfa6674c0,b59656a4-b6e7-4b87-977c-078c59088a50,Hajdrihova,2069
889e3719-7d29-4888-b690-5a1531d2930e,3429cda2-6047-453c-bf54-952dfa6674c0,a719a87c-4e93-4387-a6d1-2631a487f7e0,Ajdovščina,104
889e3719-7d29-4888-b690-5a1531d2930e,3429cda2-6047-453c-bf54-952dfa6674c0,9cfac7e2-9653-4e52-a6d3-27756d27f817,Kino Šiška,536
889e3719-7d29-4888-b690-5a1531d2930e,3429cda2-6047-453c-bf54-952dfa6674c0,8c7fa045-888b-46d0-8189-6f82623bf481,Poljanska,402
889e3719-7d29-4888-b690-5a1531d2930e,3429cda2-6047-453c-bf54-952dfa6674c0,12618339-2c2d-49ec-b0e0-2517c11991f8,Mirje,230
889e3719-7d29-4888-b690-5a1531d2930e,3429cda2-6047-453c-bf54-952dfa6674c0,d72032c7-d4b0-4eee-a87c-593985a42266,Tobačna,655
889e3719-7d29-4888-b690-5a1531d2930e,3429cda2-6047-453c-bf54-952dfa6674c0,N/A,N/A,4525
889e3719-7d29-4888-b690-5a1531d2930e,3429cda2-6047-453c-bf54-952dfa6674c0,9bb1ed3b-5a6f-43c7-afaf-ba2b60ca1a7a,Aškerčeva,27
889e3719-7d29-4888-b690-5a1531d2930e,3429cda2-6047-453c-bf54-952dfa6674c0,fef200e9-4d98-425b-ab14-8110e2aa85d7,Drama,1121
889e3719-7d29-4888-b690-5a1531d2930e,3429cda2-6047-453c-bf54-952dfa6674c0,38b3abed-0592-407b-96c3-85a026f2e192,Dalmatinova,182
889e3719-7d29-4888-b690-5a1531d2930e,3429cda2-6047-453c-bf54-952dfa6674c0,dfde6478-02b5-471b-a470-29cb0e84542f,Slovenija avto,2013
889e3719-7d29-4888-b690-5a1531d2930e,3429cda2-6047-453c-bf54-952dfa6674c0,fef200e9-4d98-425b-ab14-8110e2aa85d7,Drama,822
889e3719-7d29-4888-b690-5a1531d2930e,3429cda2-6047-453c-bf54-952dfa6674c0,484b5c91-1220-43ba-af79-84e712fcc46b,Slovenija avto,1677
889e3719-7d29-4888-b690-5a1531d2930e,3429cda2-6047-453c-bf54-952dfa6674c0,fef200e9-4d98-425b-ab14-8110e2aa85d7,Drama,408
889e3719-7d29-4888-b690-5a1531d2930e,3429cda2-6047-453c-bf54-952dfa6674c0,484b5c91-1220-43ba-af79-84e712fcc46b,Slovenija avto,81
889e3719-7d29-4888-b690-5a1531d2930e,3429cda2-6047-453c-bf54-952dfa6674c0,9bb1ed3b-5a6f-43c7-afaf-ba2b60ca1a7a,Aškerčeva,657
889e3719-7d29-4888-b690-5a1531d2930e,3429cda2-6047-453c-bf54-952dfa6674c0,ef31a8be-b01d-44cd-95cf-3db8e918af26,Emona,1764
889e3719-7d29-4888-b690-5a1531d2930e,3429cda2-6047-453c-bf54-952dfa6674c0,77c4dfcc-1122-4896-9983-8a5bd11320de,Dravlje,430
889e3719-7d29-4888-b690-5a1531d2930e,3429cda2-6047-453c-bf54-952dfa6674c0,557f714a-6f4a-4c98-8c5a-d74fa34b2adb,Hrvatski trg,178
889e3719-7d29-4888-b690-5a1531d2930e,3429cda2-6047-453c-bf54-952dfa6674c0,9a938b49-ce1d-4e1c-a789-e316630ebc4f,Poliklinika,1268
889e3719-7d29-4888-b690-5a1531d2930e,3429cda2-6047-453c-bf54-952dfa6674c0,9c3d9f7c-69df-4a48-8f1a-d25e7a922ac3,Škofljica Petkovšek,86
889e3719-7d29-4888-b690-5a1531d2930e,3429cda2-6047-453c-bf54-952dfa6674c0,295616c0-387b-4f60-a337-7743cd6be04e,Bavarski dvor,481
889e3719-7d29-4888-b690-5a1531d2930e,3429cda2-6047-453c-bf54-952dfa6674c0,25ad5579-f6a0-4f35-a0c9-0678b41e9dde,Križanke,49
889e3719-7d29-4888-b690-5a1531d2930e,3429cda2-6047-453c-bf54-952dfa6674c0,4062cd22-b67a-4235-9980-0178b7add592,Drama,948
889e3719-7d29-4888-b690-5a1531d2930e,3429cda2-6047-453c-bf54-952dfa6674c0,f4cfd904-bd11-4247-95df-32c4555a930f,Klinični center,20
889e3719-7d29-4888-b690-5a1531d2930e,3429cda2-6047-453c-bf54-952dfa6674c0,d72032c7-d4b0-4eee-a87c-593985a42266,Tobačna,725
889e3719-7d29-4888-b690-5a1531d2930e,3429cda2-6047-453c-bf54-952dfa6674c0,87785aa3-128e-4f15-82b0-d8c3cfa6076f,Spodnji Rudnik,734
889e3719-7d29-4888-b690-5a1531d2930e,3429cda2-6047-453c-bf54-952dfa6674c0,5d7f28a6-2a2a-4333-aa06-48edfb652f86,Pošta,313
889e3719-7d29-4888-b690-5a1531d2930e,3429cda2-6047-453c-bf54-952dfa6674c0,cab36767-e95a-4f60-978e-92490f2517b2,Hrvatski trg,1322
889e3719-7d29-4888-b690-5a1531d2930e,3429cda2-6047-453c-bf54-952dfa6674c0,a378ce5e-57ce-4c52-b219-568674b5cd5e,Gornji trg,68
889e3719-7d29-4888-b690-5a1531d2930e,3429cda2-6047-453c-bf54-952dfa6674c0,c2827897-b9fe-4bfc-b4ed-880f11a2359e,ZELENA JAMA,2260
889e3719-7d29-4888-b690-5a1531d2930e,3429cda2-6047-453c-bf54-952dfa6674c0,c22879e5-8e90-4540-9a74-5f139208e492,Friškovec,1349
889e3719-7d29-4888-b690-5a1531d2930e,3429cda2-6047-453c-bf54-952dfa6674c0,f5e84751-7377-402c-974c-53276e422e70,Na klancu,293
889e3719-7d29-4888-b690-5a1531d2930e,3429cda2-6047-453c-bf54-952dfa6674c0,4062cd22-b67a-4235-9980-0178b7add592,Drama,103
889e3719-7d29-4888-b690-5a1531d2930e,3429cda2-6047-453c-bf54-952dfa6674c0,b59656a4-b6e7-4b87-977c-078c59088a50,Hajdrihova,1274
889e3719-7d29-4888-b690-5a1531d2930e,3429cda2-6047-453c-bf54-952dfa6674c0,71480129-1108-4659-bb1b-d62897a81d02,Polje-kolodvor,1930
889e3719-7d29-4888-b690-5a1531d2930e,3429cda2-6047-453c-bf54-952dfa6674c0,b905ae6a-f1e1-4057-8923-481902ed5a8e,Konzorcij,12
889e3719-7d29-4888-b690-5a1531d2930e,3429cda2-6047-453c-bf54-952dfa6674c0,a719a87c-4e93-4387-a6d1-2631a487f7e0,Ajdovščina,847
889e3719-7d29-4888-b690-5a1531d2930e,3429cda2-6047-453c-bf54-952dfa6674c0,fef200e9-4d98-425b-ab14-8110e2aa85d7,Drama,1451
889e3719-7d29-4888-b690-5a1531d2930e,3429cda2-6047-453c-bf54-952dfa6674c0,25ad5579-f6a0-4f35-a0c9-0678b41e9dde,Križanke,184
889e3719-7d29-4888-b690-5a1531d2930e,3429cda2-6047-453c-bf54-952dfa6674c0,c87db9be-1fba-4102-a743-0ee4317dd5af,Bavarski dvor,740
889e3719-7d29-4888-b690-5a1531d2930e,3429cda2-6047-453c-bf54-952dfa6674c0,fef200e9-4d98-425b-ab14-8110e2aa85d7,Drama,387
889e3719-7d29-4888-b690-5a1531d2930e,3429cda2-6047-453c-bf54-952dfa6674c0,cab36767-e95a-4f60-978e-92490f2517b2,Hrvatski trg,179
889e3719-7d29-4888-b690-5a1531d2930e,3429cda2-6047-453c-bf54-952dfa6674c0,98fa3880-5936-4ec8-ba04-39c7ff9a0e6a,Stara cerkev,1408
889e3719-7d29-4888-b690-5a1531d2930e,3429cda2-6047-453c-bf54-952dfa6674c0,eead721b-8996-4e73-a2f9-02dba20df4fa,Ilirska,590
889e3719-7d29-4888-b690-5a1531d2930e,3429cda2-6047-453c-bf54-952dfa6674c0,a0b1fb90-3f6a-4231-910a-18be192ac762,Flajšmanova,140
889e3719-7d29-4888-b690-5a1531d2930e,3429cda2-6047-453c-bf54-952dfa6674c0,4062cd22-b67a-4235-9980-0178b7add592,Drama,1798
889e3719-7d29-4888-b690-5a1531d2930e,3429cda2-6047-453c-bf54-952dfa6674c0,c87db9be-1fba-4102-a743-0ee4317dd5af,Bavarski dvor,759
889e3719-7d29-4888-b690-5a1531d2930e,3429cda2-6047-453c-bf54-952dfa6674c0,a719a87c-4e93-4387-a6d1-2631a487f7e0,Ajdovščina,394
889e3719-7d29-4888-b690-5a1531d2930e,3429cda2-6047-453c-bf54-952dfa6674c0,fef200e9-4d98-425b-ab14-8110e2aa85d7,Drama,100
889e3719-7d29-4888-b690-5a1531d2930e,3429cda2-6047-453c-bf54-952dfa6674c0,fcccf4af-4f16-4edc-ba5a-585c434593fe,ZD Polje,124
889e3719-7d29-4888-b690-5a1531d2930e,3429cda2-6047-453c-bf54-952dfa6674c0,fef200e9-4d98-425b-ab14-8110e2aa85d7,Drama,1789
889e3719-7d29-4888-b690-5a1531d2930e,3429cda2-6047-453c-bf54-952dfa6674c0,6182f8e8-c45e-4606-b4a4-d909bd44d2cc,Gornji trg,463
889e3719-7d29-4888-b690-5a1531d2930e,3429cda2-6047-453c-bf54-952dfa6674c0,f528b363-1484-456c-835b-1e08dc31ef8e,Gornji Rudnik,412
889e3719-7d29-4888-b690-5a1531d2930e,3429cda2-6047-453c-bf54-952dfa6674c0,4062cd22-b67a-4235-9980-0178b7add592,Drama,257
889e3719-7d29-4888-b690-5a1531d2930e,3429cda2-6047-453c-bf54-952dfa6674c0,4062cd22-b67a-4235-9980-0178b7add592,Drama,607
889e3719-7d29-4888-b690-5a1531d2930e,3429cda2-6047-453c-bf54-952dfa6674c0,2d6504e9-c938-417e-9b55-32d6514bc744,Kristalna palača,1394
889e3719-7d29-4888-b690-5a1531d2930e,3429cda2-6047-453c-bf54-952dfa6674c0,25ad5579-f6a0-4f35-a0c9-0678b41e9dde,Križanke,531
889e3719-7d29-4888-b690-5a1531d2930e,3429cda2-6047-453c-bf54-952dfa6674c0,5d7f28a6-2a2a-4333-aa06-48edfb652f86,Pošta,269
889e3719-7d29-4888-b690-5a1531d2930e,3429cda2-6047-453c-bf54-952dfa6674c0,5d7f28a6-2a2a-4333-aa06-48edfb652f86,Pošta,110
889e3719-7d29-4888-b690-5a1531d2930e,3429cda2-6047-453c-bf54-952dfa6674c0,9b85d4b0-c594-4e0e-9ce2-d0986256c270,Tavčarjeva,1715
889e3719-7d29-4888-b690-5a1531d2930e,3429cda2-6047-453c-bf54-952dfa6674c0,a2ce7e6f-0f99-443a-a973-81a0b9c60261,Astra,594
889e3719-7d29-4888-b690-5a1531d2930e,3429cda2-6047-453c-bf54-952dfa6674c0,48e907fd-e868-47cd-8cac-74c7d4582944,Poljanska,554
889e3719-7d29-4888-b690-5a1531d2930e,3429cda2-6047-453c-bf54-952dfa6674c0,fb0042f8-d9e2-4916-b60a-38a026acf0c9,Leskoškova,2264
889e3719-7d29-4888-b690-5a1531d2930e,3429cda2-6047-453c-bf54-952dfa6674c0,baab981f-b707-4b2e-8291-6175f7ceb255,Ilovica,3134
889e3719-7d29-4888-b690-5a1531d2930e,3429cda2-6047-453c-bf54-952dfa6674c0,d72032c7-d4b0-4eee-a87c-593985a42266,Tobačna,52
889e3719-7d29-4888-b690-5a1531d2930e,3429cda2-6047-453c-bf54-952dfa6674c0,3429cda2-6047-453c-bf54-952dfa6674c0,Klinični center,2130
889e3719-7d29-4888-b690-5a1531d2930e,3429cda2-6047-453c-bf54-952dfa6674c0,7bcbdcaa-00b9-47d4-8982-09da26cd7bcb,Zaloška,470
889e3719-7d29-4888-b690-5a1531d2930e,3429cda2-6047-453c-bf54-952dfa6674c0,9bb1ed3b-5a6f-43c7-afaf-ba2b60ca1a7a,Aškerčeva,123
889e3719-7d29-4888-b690-5a1531d2930e,3429cda2-6047-453c-bf54-952dfa6674c0,fef200e9-4d98-425b-ab14-8110e2aa85d7,Drama,1610
889e3719-7d29-4888-b690-5a1531d2930e,3429cda2-6047-453c-bf54-952dfa6674c0,54c591c0-7bbb-4489-9229-57b18f95827a,Stara cerkev,1383
889e3719-7d29-4888-b690-5a1531d2930e,3429cda2-6047-453c-bf54-952dfa6674c0,d2ff7ae5-59fc-4894-aa50-a7f16b5e3534,Ižanska,3720
889e3719-7d29-4888-b690-5a1531d2930e,3429cda2-6047-453c-bf54-952dfa6674c0,4062cd22-b67a-4235-9980-0178b7add592,Drama,220
889e3719-7d29-4888-b690-5a1531d2930e,3429cda2-6047-453c-bf54-952dfa6674c0,fef200e9-4d98-425b-ab14-8110e2aa85d7,Drama,354
889e3719-7d29-4888-b690-5a1531d2930e,3429cda2-6047-453c-bf54-952dfa6674c0,5d7f28a6-2a2a-4333-aa06-48edfb652f86,Pošta,489
889e3719-7d29-4888-b690-5a1531d2930e,3429cda2-6047-453c-bf54-952dfa6674c0,12618339-2c2d-49ec-b0e0-2517c11991f8,Mirje,108
889e3719-7d29-4888-b690-5a1531d2930e,3429cda2-6047-453c-bf54-952dfa6674c0,9afb36ea-c2ae-4bbb-9644-3a6c65bb1c7d,Kino Šiška,771
889e3719-7d29-4888-b690-5a1531d2930e,3429cda2-6047-453c-bf54-952dfa6674c0,f528b363-1484-456c-835b-1e08dc31ef8e,Gornji Rudnik,31
889e3719-7d29-4888-b690-5a1531d2930e,3429cda2-6047-453c-bf54-952dfa6674c0,fef200e9-4d98-425b-ab14-8110e2aa85d7,Drama,1042
889e3719-7d29-4888-b690-5a1531d2930e,3429cda2-6047-453c-bf54-952dfa6674c0,6932c2e0-ff32-4170-b519-fba88e29c147,Cesta XV,983
889e3719-7d29-4888-b690-5a1531d2930e,3429cda2-6047-453c-bf54-952dfa6674c0,8598b85d-3e1d-4767-b72f-0c209038841f,Štepanja vas,79
889e3719-7d29-4888-b690-5a1531d2930e,3429cda2-6047-453c-bf54-952dfa6674c0,bea274aa-277a-403d-ab2f-a0342b28882e,Križanke,1133
889e3719-7d29-4888-b690-5a1531d2930e,3429cda2-6047-453c-bf54-952dfa6674c0,25ad5579-f6a0-4f35-a0c9-0678b41e9dde,Križanke,483
889e3719-7d29-4888-b690-5a1531d2930e,3429cda2-6047-453c-bf54-952dfa6674c0,7a52a73a-cc0e-4c61-b9bc-306157727e1c,Tržnica Moste,1519
889e3719-7d29-4888-b690-5a1531d2930e,3429cda2-6047-453c-bf54-952dfa6674c0,f1bc11ca-7516-447a-b826-7051c5306af7,Friškovec,749
889e3719-7d29-4888-b690-5a1531d2930e,3429cda2-6047-453c-bf54-952dfa6674c0,6182f8e8-c45e-4606-b4a4-d909bd44d2cc,Gornji trg,1784
889e3719-7d29-4888-b690-5a1531d2930e,3429cda2-6047-453c-bf54-952dfa6674c0,4062cd22-b67a-4235-9980-0178b7add592,Drama,11
889e3719-7d29-4888-b690-5a1531d2930e,3429cda2-6047-453c-bf54-952dfa6674c0,7bcbdcaa-00b9-47d4-8982-09da26cd7bcb,Zaloška,1195
889e3719-7d29-4888-b690-5a1531d2930e,3429cda2-6047-453c-bf54-952dfa6674c0,4062cd22-b67a-4235-9980-0178b7add592,Drama,254
889e3719-7d29-4888-b690-5a1531d2930e,3429cda2-6047-453c-bf54-952dfa6674c0,4062cd22-b67a-4235-9980-0178b7add592,Drama,445
889e3719-7d29-4888-b690-5a1531d2930e,3429cda2-6047-453c-bf54-952dfa6674c0,4062cd22-b67a-4235-9980-0178b7add592,Drama,748
889e3719-7d29-4888-b690-5a1531d2930e,3429cda2-6047-453c-bf54-952dfa6674c0,4062cd22-b67a-4235-9980-0178b7add592,Drama,35
889e3719-7d29-4888-b690-5a1531d2930e,3429cda2-6047-453c-bf54-952dfa6674c0,bd1a0fbd-1593-4552-a76f-681c59333d6b,Savsko naselje,419
889e3719-7d29-4888-b690-5a1531d2930e,3429cda2-6047-453c-bf54-952dfa6674c0,aa42017d-812a-4175-bc9b-0fec03b18931,Ambrožev trg,1526
889e3719-7d29-4888-b690-5a1531d2930e,3429cda2-6047-453c-bf54-952dfa6674c0,fef200e9-4d98-425b-ab14-8110e2aa85d7,Drama,244
889e3719-7d29-4888-b690-5a1531d2930e,3429cda2-6047-453c-bf54-952dfa6674c0,25ad5579-f6a0-4f35-a0c9-0678b41e9dde,Križanke,830
889e3719-7d29-4888-b690-5a1531d2930e,3429cda2-6047-453c-bf54-952dfa6674c0,fef200e9-4d98-425b-ab14-8110e2aa85d7,Drama,102
889e3719-7d29-4888-b690-5a1531d2930e,3429cda2-6047-453c-bf54-952dfa6674c0,5d7f28a6-2a2a-4333-aa06-48edfb652f86,Pošta,203
889e3719-7d29-4888-b690-5a1531d2930e,3429cda2-6047-453c-bf54-952dfa6674c0,f4cfd904-bd11-4247-95df-32c4555a930f,Klinični center,3655
889e3719-7d29-4888-b690-5a1531d2930e,3429cda2-6047-453c-bf54-952dfa6674c0,8c7fa045-888b-46d0-8189-6f82623bf481,Poljanska,150
889e3719-7d29-4888-b690-5a1531d2930e,3429cda2-6047-453c-bf54-952dfa6674c0,169789c5-0251-47a6-800a-74ff3dffe04d,Hrastje,544
889e3719-7d29-4888-b690-5a1531d2930e,3429cda2-6047-453c-bf54-952dfa6674c0,3429cda2-6047-453c-bf54-952dfa6674c0,Klinični center,1186
889e3719-7d29-4888-b690-5a1531d2930e,3429cda2-6047-453c-bf54-952dfa6674c0,f07c916c-6fc6-4acf-a334-0ab0d3c4f57f,Središka,1576
889e3719-7d29-4888-b690-5a1531d2930e,3429cda2-6047-453c-bf54-952dfa6674c0,25ad5579-f6a0-4f35-a0c9-0678b41e9dde,Križanke,1137
889e3719-7d29-4888-b690-5a1531d2930e,3429cda2-6047-453c-bf54-952dfa6674c0,0b4a072e-6c2d-4c71-ab80-2b7142df81de,Tivoli,3143
889e3719-7d29-4888-b690-5a1531d2930e,3429cda2-6047-453c-bf54-952dfa6674c0,fef200e9-4d98-425b-ab14-8110e2aa85d7,Drama,34
889e3719-7d29-4888-b690-5a1531d2930e,3429cda2-6047-453c-bf54-952dfa6674c0,fef200e9-4d98-425b-ab14-8110e2aa85d7,Drama,981
889e3719-7d29-4888-b690-5a1531d2930e,3429cda2-6047-453c-bf54-952dfa6674c0,f07c916c-6fc6-4acf-a334-0ab0d3c4f57f,Središka,657
889e3719-7d29-4888-b690-5a1531d2930e,3429cda2-6047-453c-bf54-952dfa6674c0,a2ce7e6f-0f99-443a-a973-81a0b9c60261,Astra,812
889e3719-7d29-4888-b690-5a1531d2930e,3429cda2-6047-453c-bf54-952dfa6674c0,2d6504e9-c938-417e-9b55-32d6514bc744,Kristalna palača,978
889e3719-7d29-4888-b690-5a1531d2930e,3429cda2-6047-453c-bf54-952dfa6674c0,25ad5579-f6a0-4f35-a0c9-0678b41e9dde,Križanke,164
889e3719-7d29-4888-b690-5a1531d2930e,3429cda2-6047-453c-bf54-952dfa6674c0,9bb1ed3b-5a6f-43c7-afaf-ba2b60ca1a7a,Aškerčeva,209
889e3719-7d29-4888-b690-5a1531d2930e,3429cda2-6047-453c-bf54-952dfa6674c0,5fa77d25-e7a3-42db-8cc9-52b612d5de19,Preglov trg,1206
889e3719-7d29-4888-b690-5a1531d2930e,3429cda2-6047-453c-bf54-952dfa6674c0,b905ae6a-f1e1-4057-8923-481902ed5a8e,Konzorcij,22
889e3719-7d29-4888-b690-5a1531d2930e,3429cda2-6047-453c-bf54-952dfa6674c0,fef200e9-4d98-425b-ab14-8110e2aa85d7,Drama,291
889e3719-7d29-4888-b690-5a1531d2930e,3429cda2-6047-453c-bf54-952dfa6674c0,d72032c7-d4b0-4eee-a87c-593985a42266,Tobačna,1139
889e3719-7d29-4888-b690-5a1531d2930e,3429cda2-6047-453c-bf54-952dfa6674c0,a9796806-8cd3-4b76-bf8c-4340aec35c9e,Lutkovno gl.,124
889e3719-7d29-4888-b690-5a1531d2930e,3429cda2-6047-453c-bf54-952dfa6674c0,81f21fc1-3bd2-4d2a-b563-2d063479c68e,Štepanja vas,886
889e3719-7d29-4888-b690-5a1531d2930e,3429cda2-6047-453c-bf54-952dfa6674c0,fef200e9-4d98-425b-ab14-8110e2aa85d7,Drama,587
889e3719-7d29-4888-b690-5a1531d2930e,3429cda2-6047-453c-bf54-952dfa6674c0,ac3afe7d-a2b3-4d5d-9e6a-1d2412a3bc70,Litostrojska,96
889e3719-7d29-4888-b690-5a1531d2930e,3429cda2-6047-453c-bf54-952dfa6674c0,a719a87c-4e93-4387-a6d1-2631a487f7e0,Ajdovščina,377
889e3719-7d29-4888-b690-5a1531d2930e,3429cda2-6047-453c-bf54-952dfa6674c0,9b85d4b0-c594-4e0e-9ce2-d0986256c270,Tavčarjeva,308
889e3719-7d29-4888-b690-5a1531d2930e,3429cda2-6047-453c-bf54-952dfa6674c0,95eee7e8-237d-4410-a9bf-00c6f88129c1,Cukrarna,1136
889e3719-7d29-4888-b690-5a1531d2930e,3429cda2-6047-453c-bf54-952dfa6674c0,98fa3880-5936-4ec8-ba04-39c7ff9a0e6a,Stara cerkev,436
889e3719-7d29-4888-b690-5a1531d2930e,3429cda2-6047-453c-bf54-952dfa6674c0,fef200e9-4d98-425b-ab14-8110e2aa85d7,Drama,380
889e3719-7d29-4888-b690-5a1531d2930e,3429cda2-6047-453c-bf54-952dfa6674c0,eaad1ba5-14a4-494f-80ae-65294c29a962,Rožna dolina,1317
889e3719-7d29-4888-b690-5a1531d2930e,3429cda2-6047-453c-bf54-952dfa6674c0,d72032c7-d4b0-4eee-a87c-593985a42266,Tobačna,941
889e3719-7d29-4888-b690-5a1531d2930e,3429cda2-6047-453c-bf54-952dfa6674c0,fef200e9-4d98-425b-ab14-8110e2aa85d7,Drama,377
889e3719-7d29-4888-b690-5a1531d2930e,3429cda2-6047-453c-bf54-952dfa6674c0,9b85d4b0-c594-4e0e-9ce2-d0986256c270,Tavčarjeva,18
889e3719-7d29-4888-b690-5a1531d2930e,3429cda2-6047-453c-bf54-952dfa6674c0,6182f8e8-c45e-4606-b4a4-d909bd44d2cc,Gornji trg,72
889e3719-7d29-4888-b690-5a1531d2930e,3429cda2-6047-453c-bf54-952dfa6674c0,e66e813a-722d-40f8-9ee9-1470d07bc200,Tobačna,11
889e3719-7d29-4888-b690-5a1531d2930e,3429cda2-6047-453c-bf54-952dfa6674c0,3203d037-a222-4092-8dd6-e8dfcd49a2c9,Novo Polje,575
889e3719-7d29-4888-b690-5a1531d2930e,3429cda2-6047-453c-bf54-952dfa6674c0,fef200e9-4d98-425b-ab14-8110e2aa85d7,Drama,20
889e3719-7d29-4888-b690-5a1531d2930e,3429cda2-6047-453c-bf54-952dfa6674c0,5d7f28a6-2a2a-4333-aa06-48edfb652f86,Pošta,1667
889e3719-7d29-4888-b690-5a1531d2930e,3429cda2-6047-453c-bf54-952dfa6674c0,6559d555-672b-4633-8a81-0ae68fb963eb,ZD POLJE,619
889e3719-7d29-4888-b690-5a1531d2930e,3429cda2-6047-453c-bf54-952dfa6674c0,77dcd833-fa4d-4c5a-93b1-31284942e61d,Šišenska,1246
889e3719-7d29-4888-b690-5a1531d2930e,3429cda2-6047-453c-bf54-952dfa6674c0,6182f8e8-c45e-4606-b4a4-d909bd44d2cc,Gornji trg,74
889e3719-7d29-4888-b690-5a1531d2930e,3429cda2-6047-453c-bf54-952dfa6674c0,N/A,N/A,4525
889e3719-7d29-4888-b690-5a1531d2930e,3429cda2-6047-453c-bf54-952dfa6674c0,98fa3880-5936-4ec8-ba04-39c7ff9a0e6a,Stara cerkev,1800
889e3719-7d29-4888-b690-5a1531d2930e,3429cda2-6047-453c-bf54-952dfa6674c0,4062cd22-b67a-4235-9980-0178b7add592,Drama,419
889e3719-7d29-4888-b690-5a1531d2930e,3429cda2-6047-453c-bf54-952dfa6674c0,c87db9be-1fba-4102-a743-0ee4317dd5af,Bavarski dvor,31
