zacetek_A,zacetek_B,srecanje_id,srecanje_ime,stevilo_korakov
f9d70942-e517-4560-8655-99481edd2b95,8561e9fb-03e0-46f1-802d-b376d26a8ea5,484b5c91-1220-43ba-af79-84e712fcc46b,Slovenija avto,354
c568fe2e-477f-4af2-ad68-cb8111f361d0,4a95f1f8-a457-4dcf-bd1f-6307d4300ea0,5d7f28a6-2a2a-4333-aa06-48edfb652f86,Pošta,1702
b0d473cd-f35e-4a30-8d0d-70f16b92e8e8,c1606675-dd38-4952-914b-6ca64fd56b7b,bd1396f2-4dc8-4695-9bf1-c601157100d8,Preglov trg,2004
306dcdea-b1ce-4357-ba5e-fa82293630df,eb11d52f-300b-4648-a2e8-ed03db9ff7e2,N/A,N/A,4525
3cb0ccbb-9b91-4d71-bd27-2acef732be4c,a112e799-e1b6-4dd2-b652-bd521dda7638,fef200e9-4d98-425b-ab14-8110e2aa85d7,Drama,705
d0790612-d161-4be4-953d-a7a0c33acf1e,aa31554f-8623-42db-aedd-ad9a8f562e4c,cdabf1ea-b04c-480a-8359-72c46e6864ab,Bežigrad,120
45bff76d-bb00-455b-aa12-7ea49ad9a4f0,ab0d4ded-a428-4133-a6c8-0f2caac0a5ae,484b5c91-1220-43ba-af79-84e712fcc46b,Slovenija avto,415
7ba233b7-a50a-497d-8135-dd8dabf93ff5,68c65382-15dc-465c-96b5-7f27af9d4a63,25ad5579-f6a0-4f35-a0c9-0678b41e9dde,Križanke,551
fcec9e7a-1c9e-4214-96dd-d071550349e6,dac8d2a7-89e4-4aec-948d-00db4833ce7c,087e50b6-7677-4a85-802f-5694266fe38b,Aškerčeva,637
0dc86a8f-0f41-44c7-978c-e06cb63cbbcf,0dc86a8f-0f41-44c7-978c-e06cb63cbbcf,35aedf45-cca3-4f2f-931b-138d29d20fe9,MEDVODE,1
ef31a8be-b01d-44cd-95cf-3db8e918af26,fa96d420-d1af-4ad0-bf6a-4544deb1c5eb,fef200e9-4d98-425b-ab14-8110e2aa85d7,Drama,135
bc66f88b-1412-44cb-b921-030d27335261,0bb103e4-c4a6-4c4c-a13d-217ab4e6dfd3,cf6f67f5-f7df-4462-828b-481134217fad,Žito,34
6c56976b-4ae1-429f-bcab-0cfc37e3580d,c20233f2-94bc-4c21-9d2a-9b129b668487,ecc4ae87-ae08-4b94-995c-452fdd94df7f,Privoz,287
e90a68ac-02be-418f-8937-b9f1906274f2,e0bcd677-6012-4c90-a884-44dffafdffec,N/A,N/A,4525
e9035f9a-28be-450a-a30c-7178134ff26b,61485a1f-73a8-4dac-bcc7-6e4e53eb4b0f,aa42017d-812a-4175-bc9b-0fec03b18931,Ambrožev trg,690
a7094427-e180-4deb-acaf-5d4488326e9e,5764ff17-c787-4918-b7bd-a2ed9c6d7dd1,9a938b49-ce1d-4e1c-a789-e316630ebc4f,Poliklinika,165
dba19980-8ca1-4847-b9b5-8cd419374ae2,461045f0-a82c-45c0-af66-71b25f3f0e1a,N/A,N/A,4525
46847a61-d68a-4d2c-ad76-18e043d41430,8f623f1d-48a7-46b5-9331-28a8dc980876,94c6598b-7303-42e1-94d5-156d7a25f630,Gerbičeva,236
d6ae97e7-23b5-48d6-a9fa-2a2624e9f434,69bc9f1c-507f-463c-ba5a-04500b319967,b829062a-2644-4350-b998-74522d9e85d8,Lutkovno gl.,682
ec88f05d-3035-4f09-8560-72571bc0b125,108e7dc8-ca5d-4c91-9414-32a32a31b69a,N/A,N/A,4525
093afa81-b65f-4182-bac3-afbc00558a9b,339ec74c-f45b-4f23-98b8-7ac67486ff6d,5d7f28a6-2a2a-4333-aa06-48edfb652f86,Pošta,209
7b822496-7ea4-4ce8-b78c-1d021c68a9ed,4b847ac2-4c41-4fc1-a497-9ce4deaab8b1,e66e813a-722d-40f8-9ee9-1470d07bc200,Tobačna,451
1aa7e441-8646-4d1d-88bd-ab004758ffc4,48c9ec48-2b87-4945-a077-808839f98e74,a719a87c-4e93-4387-a6d1-2631a487f7e0,Ajdovščina,262
100da88e-4c5f-4188-bd11-d4f3fc80fb74,2fafda56-e44d-4e08-8503-90e6bf75e19d,bea274aa-277a-403d-ab2f-a0342b28882e,Križanke,879
2c87f988-902b-4b35-91da-5437a58759f5,eee4abae-e720-4776-b6c7-0099d0119246,9bb1ed3b-5a6f-43c7-afaf-ba2b60ca1a7a,Aškerčeva,1029
79d89180-8b07-4127-b7b4-1ac03d1cee9f,0614b134-0950-4f6b-bc8f-fb73a0881bc1,d5102041-8282-4c77-a593-edac0d0d4a34,Cukrarna,113
9a1c4c65-df77-481f-87ad-56143f02a864,bc66f88b-1412-44cb-b921-030d27335261,88cdd36c-03d2-4374-a22f-110dd9f75ea0,Kajuhova,228
98f728a3-94a6-4911-98d7-64ab88097036,557f714a-6f4a-4c98-8c5a-d74fa34b2adb,a719a87c-4e93-4387-a6d1-2631a487f7e0,Ajdovščina,1425
12cfc2b3-f8ff-444b-8d5f-15855e45e331,795c157e-21e0-4115-85aa-93c227e3420f,a719a87c-4e93-4387-a6d1-2631a487f7e0,Ajdovščina,599
30e58784-86f6-4d93-8630-3cc3fc93c6f3,1b27d65a-1008-4bc9-928e-f6cb43b03804,f2920a77-6c6c-494d-96b7-2a8caf8f374f,Mirje,1124
2d42d8e2-26a8-4a74-809c-f436d05c8a54,3f37b298-896a-40be-b2f5-6fe8154756c4,5d7f28a6-2a2a-4333-aa06-48edfb652f86,Pošta,223
f1fd2bad-eba9-4046-a7b9-34e8d1d423f5,717dda7e-d793-4697-8f60-b64ee8b1edc4,f4cfd904-bd11-4247-95df-32c4555a930f,Klinični center,288
2628ca4f-8797-4672-aca9-47b325c58aac,f07c916c-6fc6-4acf-a334-0ab0d3c4f57f,25ad5579-f6a0-4f35-a0c9-0678b41e9dde,Križanke,629
1536cb2e-acd3-49cb-8f06-bb8cd40c0c02,fac22b83-1bc0-4c12-8533-485b115409ef,105e10e7-fbab-4f99-94c9-178c25630b42,Brodarjev trg,294
db046e79-c658-433c-8812-157fd965a9f6,125d4928-6b97-4a4b-af34-a2d1564c029c,d72032c7-d4b0-4eee-a87c-593985a42266,Tobačna,96
9fa0b90f-dba1-4eca-8802-589425d3e8fd,d9a82add-03d0-47d8-9f35-117b7a5ded44,fef200e9-4d98-425b-ab14-8110e2aa85d7,Drama,528
9741988b-6723-480b-a419-8db7490d667a,fcec9e7a-1c9e-4214-96dd-d071550349e6,b905ae6a-f1e1-4057-8923-481902ed5a8e,Konzorcij,1098
d06c6c8a-c136-4b7a-9c13-b26ba0c04029,cad3370f-7a28-4a47-8d5a-187adab3ca21,7c166e7c-6fe0-44bd-b124-0013473f227a,Petrol,214
8561e9fb-03e0-46f1-802d-b376d26a8ea5,4fddf4a7-ad4e-4630-a5ca-3267955db548,25ad5579-f6a0-4f35-a0c9-0678b41e9dde,Križanke,1737
aa844493-50b0-4b91-b331-f4297d2ae6a8,4ed69cbb-d738-450c-be11-7d96cd50ee50,9a938b49-ce1d-4e1c-a789-e316630ebc4f,Poliklinika,2452
b4b30b45-445a-4f70-bdf5-5ea7cdc98583,1d7af067-e43b-4a98-953c-75f1b267d9ce,bea274aa-277a-403d-ab2f-a0342b28882e,Križanke,1144
6932c2e0-ff32-4170-b519-fba88e29c147,15eaf9b9-db6d-4586-9ad2-5bfa99719bfd,5d7f28a6-2a2a-4333-aa06-48edfb652f86,Pošta,829
67c3adc1-a92d-4528-91ee-77d8b52574c6,d9437903-d95a-49e6-9743-12b2b964e04c,bea274aa-277a-403d-ab2f-a0342b28882e,Križanke,974
64ea9f57-1f7f-465e-8721-55e26faee36a,8fc42c89-96e2-4c69-a2b4-44d505f27ce9,ecc4ae87-ae08-4b94-995c-452fdd94df7f,Privoz,85
52e5adea-e194-4fc1-809c-1d6421f8f8db,8a182298-1db3-4251-9cdb-a86efe72b8a7,b905ae6a-f1e1-4057-8923-481902ed5a8e,Konzorcij,2370
a41f5786-6b70-4224-bcde-e6fbaac4c21b,94712446-2421-4304-b4f1-3b3f82998713,a719a87c-4e93-4387-a6d1-2631a487f7e0,Ajdovščina,1173
8e7a488b-cd48-4243-92b0-42792d0e3bc1,233daca5-913b-4e10-bf34-18b1c8c77019,aa42017d-812a-4175-bc9b-0fec03b18931,Ambrožev trg,356
0d50a4a8-a88d-4468-b562-73e51937e1c5,233daca5-913b-4e10-bf34-18b1c8c77019,aa42017d-812a-4175-bc9b-0fec03b18931,Ambrožev trg,755
47283e27-c588-411c-9303-30a6f0beeaef,f1fd2bad-eba9-4046-a7b9-34e8d1d423f5,9bb1ed3b-5a6f-43c7-afaf-ba2b60ca1a7a,Aškerčeva,86
2323bf9e-1a47-4409-b9c8-398a035c8d12,2f18bcfa-6189-4de4-b06f-132d3392e7d6,8c7fa045-888b-46d0-8189-6f82623bf481,Poljanska,2061
d123fde4-aa91-49c3-83df-5ebf12af4e59,b4766c35-4ab9-4af3-aa76-1b1f40735685,4062cd22-b67a-4235-9980-0178b7add592,Drama,697
91fb6c6e-49cf-49d3-97d4-6ae228f9bfa1,aa31554f-8623-42db-aedd-ad9a8f562e4c,25ad5579-f6a0-4f35-a0c9-0678b41e9dde,Križanke,1171
eba0daca-3696-4f72-a1dd-5f7b5fd02a63,c8f784f8-ce92-4773-8d90-c6bed3513ce0,eb11d52f-300b-4648-a2e8-ed03db9ff7e2,Drobnič,91
9cb18d2e-9bf3-436a-ab3a-7c52c5de1300,a719a87c-4e93-4387-a6d1-2631a487f7e0,087e50b6-7677-4a85-802f-5694266fe38b,Aškerčeva,1097
39b60288-c9ac-4bc2-825b-524dec52182d,d2ff7ae5-59fc-4894-aa50-a7f16b5e3534,77dcd833-fa4d-4c5a-93b1-31284942e61d,Šišenska,647
c0ff37c8-ac6c-4284-ad32-0ad29fd30dc2,d83ec579-9ab5-4e30-bedd-86613c234abd,bea274aa-277a-403d-ab2f-a0342b28882e,Križanke,807
a999f83e-4e6a-4ef9-9a10-e4a2c8a4a182,43df2657-d56f-4fc4-8c40-49180cbbe90c,c9b2488c-cca9-4b84-83cb-638ef545c851,Kržičeva,226
43df2657-d56f-4fc4-8c40-49180cbbe90c,0c6d0a32-5673-45fa-9d50-04d8039cbda1,fef200e9-4d98-425b-ab14-8110e2aa85d7,Drama,509
f784b27a-1509-4eec-bd52-6beee2b9530b,156a6f62-9a67-4cf0-ad56-85a343c77cd2,25ad5579-f6a0-4f35-a0c9-0678b41e9dde,Križanke,1223
41489be9-b3b7-4cbe-90f8-af1a435b2676,1faa072c-478b-4656-8df3-84167a9a4bbb,5d7f28a6-2a2a-4333-aa06-48edfb652f86,Pošta,30
557f714a-6f4a-4c98-8c5a-d74fa34b2adb,51dbf10f-cf3b-4575-a8cc-d1080c1f9dde,4ca7ae7e-380b-45e3-81de-00ffab5bb531,Yulon,191
91745353-dd19-49ee-beaf-332e546dcceb,1907a46a-4559-43ec-8363-03fe35d30725,bea274aa-277a-403d-ab2f-a0342b28882e,Križanke,301
294c40c4-18e4-4d92-a947-911a8623de89,795c157e-21e0-4115-85aa-93c227e3420f,7a52a73a-cc0e-4c61-b9bc-306157727e1c,Tržnica Moste,115
784bebe9-c0c7-46eb-943d-0b1808ffd5ac,96d4c75b-6452-4c70-a31e-c234262ba38b,f958cead-e4c3-4743-834d-46de4a06a8c9,Murgle,18
5aeac892-889f-4c5a-8fde-67e6ac096242,bbe542ee-a3f6-43cf-b23a-077c28b7d19a,f4cfd904-bd11-4247-95df-32c4555a930f,Klinični center,52
b4634750-8d91-4625-b40d-1da9665e70f6,f07c916c-6fc6-4acf-a334-0ab0d3c4f57f,5d7f28a6-2a2a-4333-aa06-48edfb652f86,Pošta,1668
e0c253d0-1de7-4add-ac75-8b16151fa462,ae3f312a-4242-4a42-8df2-5990505a7747,459f82d2-cbe4-414b-b66b-0b794ea958ed,Smelt,184
7d628170-e2eb-47fd-9d3e-658acf78d7d3,42bcfbad-96b8-4ce2-96f3-07694e1bcfe2,ef4a63e8-d956-4f09-80bd-8e4699418652,Kongo,256
627be449-8b6a-40f4-a57c-09ccdacccb66,ea91e672-f4a8-40cb-af62-214726551a93,77c4dfcc-1122-4896-9983-8a5bd11320de,Dravlje,217
97627b9b-fa2e-461a-97ea-a15df7599598,a7094427-e180-4deb-acaf-5d4488326e9e,8c7fa045-888b-46d0-8189-6f82623bf481,Poljanska,690
bb995fbb-29c8-4035-9503-ae33320833a8,9583dbdd-06fd-411e-88dd-af8f89e2caaa,a719a87c-4e93-4387-a6d1-2631a487f7e0,Ajdovščina,693
459f82d2-cbe4-414b-b66b-0b794ea958ed,f2920a77-6c6c-494d-96b7-2a8caf8f374f,bea274aa-277a-403d-ab2f-a0342b28882e,Križanke,130
96d4c75b-6452-4c70-a31e-c234262ba38b,5dcffe2a-1c73-4f7c-bdac-4084bb5201aa,38b3abed-0592-407b-96c3-85a026f2e192,Dalmatinova,536
a12ab184-fb4b-449f-9884-88e0a1672e64,041e08cc-b1bd-4f2c-aa4e-a9aaf2837a28,25ad5579-f6a0-4f35-a0c9-0678b41e9dde,Križanke,411
717c914e-f928-4671-95f6-26c1ddb95799,e0f10330-ad34-453d-baf4-d6c601cb6cf8,fef200e9-4d98-425b-ab14-8110e2aa85d7,Drama,163
bd1a0fbd-1593-4552-a76f-681c59333d6b,406d6bb7-147c-4853-a917-e5c437b025e6,a719a87c-4e93-4387-a6d1-2631a487f7e0,Ajdovščina,267
9bd3ee10-bc61-44e8-8cf3-a37cffd54da0,184817a9-ca88-4c82-a40b-5768991da3df,023d7b7a-b411-4e61-8746-b07f9e5c8f90,Ambrožev trg,823
2496479b-f855-403d-bce8-2a4d9988665d,cb05ea76-5fc1-4162-b432-a914b63604d0,b59656a4-b6e7-4b87-977c-078c59088a50,Hajdrihova,1061
c70ad4c4-6c37-4f31-83aa-921dc8bc15a4,0ff94f7b-275b-4cc4-bb27-e00842f5ad87,023d7b7a-b411-4e61-8746-b07f9e5c8f90,Ambrožev trg,355
91fb6c6e-49cf-49d3-97d4-6ae228f9bfa1,5d91512b-af7f-4bbe-9dde-17f402fbf590,f1bc11ca-7516-447a-b826-7051c5306af7,Friškovec,166
6a74977a-a26d-42b4-a60b-8dabc726e57d,cb05ea76-5fc1-4162-b432-a914b63604d0,093afa81-b65f-4182-bac3-afbc00558a9b,Koseze,388
5c9baa4c-9ee0-4263-be22-72f5a73c714d,6d344016-1b93-4ff7-80a8-8cde0b57bd1c,f2920a77-6c6c-494d-96b7-2a8caf8f374f,Mirje,299
bea9f247-4e88-4d7c-9387-8cd9342acb8c,53806659-b339-4e68-af4a-4325c16b6026,5d7f28a6-2a2a-4333-aa06-48edfb652f86,Pošta,480
d7748049-2f69-4c77-a19b-96774a521ac1,9b85d4b0-c594-4e0e-9ce2-d0986256c270,a719a87c-4e93-4387-a6d1-2631a487f7e0,Ajdovščina,1286
9fa0b90f-dba1-4eca-8802-589425d3e8fd,5fe363f3-8297-448b-bde3-08f690c92d1b,9bb1ed3b-5a6f-43c7-afaf-ba2b60ca1a7a,Aškerčeva,1057
727cab27-5e8e-4c5e-ba27-449822a45ee7,db046e79-c658-433c-8812-157fd965a9f6,fef200e9-4d98-425b-ab14-8110e2aa85d7,Drama,1286
233daca5-913b-4e10-bf34-18b1c8c77019,28248670-5e08-4de2-8eab-e63933c0d61d,aa9cc3b9-7c6c-4e45-b91a-1e0494fbf15e,Dragomelj - 1,615
2c87f988-902b-4b35-91da-5437a58759f5,e26da28a-b9c3-41b8-b57f-87b289b38e08,aa42017d-812a-4175-bc9b-0fec03b18931,Ambrožev trg,608
2896bfa8-0586-4ed1-8d93-c5c6e1ff3d72,d9a82add-03d0-47d8-9f35-117b7a5ded44,087e50b6-7677-4a85-802f-5694266fe38b,Aškerčeva,526
379bc761-04b5-4227-be76-3b870fe3e69f,da9650a3-6ec7-4cdb-95f2-a68851587dfc,fcccf4af-4f16-4edc-ba5a-585c434593fe,ZD Polje,103
447a37f6-2be6-45a3-8ae0-6982aa53cafb,d9224caa-d582-4152-88e0-be720677fe16,bd1396f2-4dc8-4695-9bf1-c601157100d8,Preglov trg,410
075a6b29-66cb-409f-89fe-37d50669eff4,f1fd2bad-eba9-4046-a7b9-34e8d1d423f5,bea274aa-277a-403d-ab2f-a0342b28882e,Križanke,194
a1795ee0-9147-4a5c-bb11-f60a809f690e,aa42017d-812a-4175-bc9b-0fec03b18931,4062cd22-b67a-4235-9980-0178b7add592,Drama,315
65e92ecc-800d-4962-a8bc-0f50f1107a5b,a52cd7ac-c11e-4c8b-94a5-1a12b32595da,521edd75-c364-480a-af9e-a1c9815b6dd7,Gasilska brigada,253
a12ab184-fb4b-449f-9884-88e0a1672e64,9cc88862-270a-409a-b450-e0003c7930af,087e50b6-7677-4a85-802f-5694266fe38b,Aškerčeva,698
783196f2-97cd-4265-bb9a-b13aa8bb6a0b,3f01eb40-651e-4fad-aff9-2ee27f259f64,fef200e9-4d98-425b-ab14-8110e2aa85d7,Drama,1702
e4635b94-348c-4c69-be85-1160488e5e43,0334e79e-7a89-44e9-a463-5af813e64a40,25ad5579-f6a0-4f35-a0c9-0678b41e9dde,Križanke,2862
c9b2488c-cca9-4b84-83cb-638ef545c851,124ec397-421b-4737-bf71-09c9b1665a10,25ad5579-f6a0-4f35-a0c9-0678b41e9dde,Križanke,489
ccccee29-6fc7-4a86-b492-7f36a8e817db,bf64b499-211b-4da8-ace2-f12a17608ae3,N/A,N/A,4525
da9650a3-6ec7-4cdb-95f2-a68851587dfc,b7b7ac00-59bb-41eb-833d-ad309d24e68a,25ad5579-f6a0-4f35-a0c9-0678b41e9dde,Križanke,1190
72e6ae6e-bd4b-4946-a032-7ff9b8b41039,eead721b-8996-4e73-a2f9-02dba20df4fa,fef200e9-4d98-425b-ab14-8110e2aa85d7,Drama,215
e9035f9a-28be-450a-a30c-7178134ff26b,d9a82add-03d0-47d8-9f35-117b7a5ded44,a719a87c-4e93-4387-a6d1-2631a487f7e0,Ajdovščina,391
cee2862b-9b70-4880-8fa3-16c6d2efae1b,7add6fa5-bfd5-4d9c-841b-d9856088ede9,fef200e9-4d98-425b-ab14-8110e2aa85d7,Drama,668
5881f75e-9383-49b0-811d-04c864ba1605,6559d555-672b-4633-8a81-0ae68fb963eb,5d7f28a6-2a2a-4333-aa06-48edfb652f86,Pošta,1207
d98335a0-1291-4d4c-be62-16b11c356575,c0e6a237-3879-4336-88b6-5af51408cc7e,4062cd22-b67a-4235-9980-0178b7add592,Drama,359
cad3370f-7a28-4a47-8d5a-187adab3ca21,47a3bd8a-72ae-4e20-b43f-10bfaf49012c,25ad5579-f6a0-4f35-a0c9-0678b41e9dde,Križanke,3257
3a50f545-2fe2-45a0-8ed6-01635603efed,144ab380-6586-43ce-b216-2e66362b6eca,25ad5579-f6a0-4f35-a0c9-0678b41e9dde,Križanke,521
b0b32562-f5dc-4183-abba-5729adf98088,f528b363-1484-456c-835b-1e08dc31ef8e,087e50b6-7677-4a85-802f-5694266fe38b,Aškerčeva,42
3f37b298-896a-40be-b2f5-6fe8154756c4,2838f674-f6e9-4eb5-a99c-1d0ac7903ca1,16578e36-c682-4083-bd29-4973445dc0fe,Gosposvetska,1346
0b6c7b97-410c-48fa-be23-430c316f9b10,c6dd10bd-c21f-4a0c-9c7d-99e488a173d4,5d7f28a6-2a2a-4333-aa06-48edfb652f86,Pošta,457
25cde952-4896-4977-b229-75e09b3e3661,cf6f67f5-f7df-4462-828b-481134217fad,d72032c7-d4b0-4eee-a87c-593985a42266,Tobačna,164
5293859e-2ea2-4ad3-9781-884672606464,21764d19-62cc-49fd-bac9-403aeac6a6b9,e57aad1d-457e-401f-b26d-306b4fd836eb,Kašeljska,618
b7834e14-7e86-4df5-83ce-006c93c31c00,7310c006-62b8-4f94-bb9c-d5c26cb3faad,dd57f39b-be0f-479e-bc35-5bd2edf98ff2,Bolnica,226
76ec8af8-07c2-4d44-b0d8-a439d381913f,51e04e1d-9ea1-432d-8b79-09e6c2a7be7b,bea274aa-277a-403d-ab2f-a0342b28882e,Križanke,716
4ca9e64c-29ad-4391-a6f2-7e1ae022d5bf,52e5adea-e194-4fc1-809c-1d6421f8f8db,a719a87c-4e93-4387-a6d1-2631a487f7e0,Ajdovščina,30
e2d3c37e-a7df-458e-9e5a-ea33ccf4c11b,eb165f50-9c43-4b09-9658-469a16d3dc83,b905ae6a-f1e1-4057-8923-481902ed5a8e,Konzorcij,182
07bad99d-070a-42f7-8766-d11d42152623,ccccee29-6fc7-4a86-b492-7f36a8e817db,N/A,N/A,4525
8fc42c89-96e2-4c69-a2b4-44d505f27ce9,6e7cab20-d7e3-474f-9a5e-f1e0ca6fae53,7a52a73a-cc0e-4c61-b9bc-306157727e1c,Tržnica Moste,79
a9473958-e505-4c16-8498-486b06a47856,86303165-4af4-4fcd-b0f9-43ed865454f4,b905ae6a-f1e1-4057-8923-481902ed5a8e,Konzorcij,214
edc8bf1d-d4f1-4c5b-8112-e4fa71a02bae,0c3a77a7-d9eb-45c7-b722-1fafde29129c,4062cd22-b67a-4235-9980-0178b7add592,Drama,174
2188a1bc-ce7a-4450-bd4f-871538578244,7b41ca8e-2e41-4572-aa5c-1d80375e8835,b905ae6a-f1e1-4057-8923-481902ed5a8e,Konzorcij,1741
8c7fa045-888b-46d0-8189-6f82623bf481,c5527a65-5265-43de-b703-7c7d494d190c,b829062a-2644-4350-b998-74522d9e85d8,Lutkovno gl.,91
5c9baa4c-9ee0-4263-be22-72f5a73c714d,1308dcf9-a9e1-4e54-95c9-0f2afaac889b,fef200e9-4d98-425b-ab14-8110e2aa85d7,Drama,180
f414efd9-d697-4bbe-abb6-c9e09fd73514,c22879e5-8e90-4540-9a74-5f139208e492,N/A,N/A,4525
9143c575-806f-4ba0-81bc-8199f0b0b4d0,34ead609-4331-48ab-8e82-52dd70da9832,b4b30b45-445a-4f70-bdf5-5ea7cdc98583,Dolgi most,1342
7f510cd8-4742-4dcf-95c0-16cde39c2e26,4d216485-ef41-45e7-9182-0c254644955c,f4cfd904-bd11-4247-95df-32c4555a930f,Klinični center,327
ef91fd44-5651-4fd4-b6f8-619fdef9da7b,041e08cc-b1bd-4f2c-aa4e-a9aaf2837a28,8c7fa045-888b-46d0-8189-6f82623bf481,Poljanska,510
95be8f74-3ed5-4cf1-aabc-b1c0027ea628,e9089f7d-853e-4375-8ecb-0db96fcc60e6,N/A,N/A,4525
15eaf9b9-db6d-4586-9ad2-5bfa99719bfd,505865ea-cdea-4042-bdb2-b2f4f03889cb,a719a87c-4e93-4387-a6d1-2631a487f7e0,Ajdovščina,696
1536cb2e-acd3-49cb-8f06-bb8cd40c0c02,0b9c5011-4f2d-4753-914f-500532b0dbeb,N/A,N/A,4525
9583dbdd-06fd-411e-88dd-af8f89e2caaa,d987aa3a-ae4a-42f6-bc9b-79c41dcf055a,659ee31d-ae12-4498-8507-28579d322e32,Vič Glince,137
d6ae97e7-23b5-48d6-a9fa-2a2624e9f434,8eeea585-6168-45b8-a5d4-336e61826043,4062cd22-b67a-4235-9980-0178b7add592,Drama,2939
0334e79e-7a89-44e9-a463-5af813e64a40,a9473958-e505-4c16-8498-486b06a47856,a719a87c-4e93-4387-a6d1-2631a487f7e0,Ajdovščina,550
815a2c5e-19a1-41b0-bca4-69dca8912326,e3b51371-e289-45ef-83ca-1f4ffff25162,cbf8e64b-fd0d-48ec-8fb1-03b298cc13b3,Savsko naselje,1760
f73d3fb2-082c-4518-8af2-45de5490df4e,b2dd1684-0848-40f7-b10e-8f74bb005f2f,N/A,N/A,4525
9276fcfb-0f7e-4df3-b827-325600851526,b589ddd3-5a31-4fe1-915f-44347b4c0a1a,5d7f28a6-2a2a-4333-aa06-48edfb652f86,Pošta,106
390d166c-b2fe-486c-bba5-38cd1ff64f48,639551cf-fe23-4363-8ccd-655bc5d4119e,b905ae6a-f1e1-4057-8923-481902ed5a8e,Konzorcij,978
0c5f69a6-97c7-4053-bc0b-3f09dbf72f46,e786b2df-34ed-4246-832e-7c3d538ac1f4,ee7e3c65-72e8-465e-a9a3-a9370ec1f314,Vevče Papirnica,493
2188a1bc-ce7a-4450-bd4f-871538578244,f4c5028b-48a4-4d0e-a91c-81a858923ddd,f4cfd904-bd11-4247-95df-32c4555a930f,Klinični center,707
795c157e-21e0-4115-85aa-93c227e3420f,aa9cc3b9-7c6c-4e45-b91a-1e0494fbf15e,bea274aa-277a-403d-ab2f-a0342b28882e,Križanke,364
505865ea-cdea-4042-bdb2-b2f4f03889cb,592b37eb-8255-4758-ae8a-7cef98521013,023d7b7a-b411-4e61-8746-b07f9e5c8f90,Ambrožev trg,225
13d6dac7-dc00-416e-a8c0-0d6967e4014e,7add6fa5-bfd5-4d9c-841b-d9856088ede9,9bb1ed3b-5a6f-43c7-afaf-ba2b60ca1a7a,Aškerčeva,335
192b7b6a-b138-4569-a4f3-86bef6b20810,c326e479-ccc3-4915-8788-3fa189d0143e,25ad5579-f6a0-4f35-a0c9-0678b41e9dde,Križanke,1635
edf94a12-03e9-4225-b6cc-aca0edf588a7,9583dbdd-06fd-411e-88dd-af8f89e2caaa,6c56976b-4ae1-429f-bcab-0cfc37e3580d,Zgornji log,474
d50b2bdb-481b-4e58-ada6-47a028fc6382,c2827897-b9fe-4bfc-b4ed-880f11a2359e,a719a87c-4e93-4387-a6d1-2631a487f7e0,Ajdovščina,144
d07152fd-014c-481b-a5f2-8949066499e8,d7d791d9-02e0-4369-be0c-1546fc2044a4,N/A,N/A,4525
d123fde4-aa91-49c3-83df-5ebf12af4e59,94c6598b-7303-42e1-94d5-156d7a25f630,9a938b49-ce1d-4e1c-a789-e316630ebc4f,Poliklinika,1176
4a90e424-11ab-43a8-b7e9-1c4f42fe2b7c,0a4b6359-22f0-4caa-b4a8-f4edb97a0825,b905ae6a-f1e1-4057-8923-481902ed5a8e,Konzorcij,105
08f2fb98-afdf-4961-b419-1bca7f5568ab,cbf8e64b-fd0d-48ec-8fb1-03b298cc13b3,023d7b7a-b411-4e61-8746-b07f9e5c8f90,Ambrožev trg,183
1b0f629f-acdb-4e94-8c54-018f4334ebf7,c5ec5e81-2ce4-452d-bd7a-595de4f8b34f,3429cda2-6047-453c-bf54-952dfa6674c0,Klinični center,144
51e04e1d-9ea1-432d-8b79-09e6c2a7be7b,e97befb6-5dc6-4603-ad5e-3aa96b4b2221,9e109242-5aad-4fb7-b0c8-576eef8aa4e0,VEVČE,595
5b59d508-0860-4f50-b5ab-72a79046b488,e57aad1d-457e-401f-b26d-306b4fd836eb,5d7f28a6-2a2a-4333-aa06-48edfb652f86,Pošta,1391
7c390857-8fc7-49b5-9c9d-e5535d360148,eee4abae-e720-4776-b6c7-0099d0119246,N/A,N/A,4525
10d57057-b305-4b7a-806b-3373014db962,b0b32562-f5dc-4183-abba-5729adf98088,25ad5579-f6a0-4f35-a0c9-0678b41e9dde,Križanke,791
10449641-799e-4ee4-a712-a6e3a9aefc27,12cfc2b3-f8ff-444b-8d5f-15855e45e331,aa42017d-812a-4175-bc9b-0fec03b18931,Ambrožev trg,467
fcfe6ac9-74b3-4c13-96b7-6041f1454813,1cc5f00f-c982-4016-8553-40a3da4f36ad,3429cda2-6047-453c-bf54-952dfa6674c0,Klinični center,1478
66eec6a2-dfde-4d98-b690-e47f200367fd,e786b2df-34ed-4246-832e-7c3d538ac1f4,b905ae6a-f1e1-4057-8923-481902ed5a8e,Konzorcij,373
592b37eb-8255-4758-ae8a-7cef98521013,f174a648-9e84-492d-9ccd-0756b49c773b,a719a87c-4e93-4387-a6d1-2631a487f7e0,Ajdovščina,76
6182f8e8-c45e-4606-b4a4-d909bd44d2cc,33613e0e-f41c-4cee-804a-3942bf698e3e,bea274aa-277a-403d-ab2f-a0342b28882e,Križanke,74
a8af1032-30bf-4f7b-a921-28d2f712fd24,1eadcdb9-60cd-47c9-8eec-527c3465a685,92928953-a289-4a44-a653-b7b6b4f5e1c2,Zeleni gaj,640
38b3abed-0592-407b-96c3-85a026f2e192,7a256ec6-bb93-47eb-af92-ea62941c1dc6,c22879e5-8e90-4540-9a74-5f139208e492,Friškovec,1884
3febe187-31d6-4229-be07-78ff782ca972,ee3713fe-016c-47eb-96d1-f760c9d19010,25ad5579-f6a0-4f35-a0c9-0678b41e9dde,Križanke,300
8a5febd6-d44a-4c98-a221-46044548663d,6182f8e8-c45e-4606-b4a4-d909bd44d2cc,9b0074d2-2c92-4c01-830b-00be8e05b412,Cukrarna,1238
8561e9fb-03e0-46f1-802d-b376d26a8ea5,d6ae97e7-23b5-48d6-a9fa-2a2624e9f434,5d7f28a6-2a2a-4333-aa06-48edfb652f86,Pošta,107
f15ddf31-fc11-41ba-988d-376c83e38f58,8a5febd6-d44a-4c98-a221-46044548663d,9b85d4b0-c594-4e0e-9ce2-d0986256c270,Tavčarjeva,59
edf94a12-03e9-4225-b6cc-aca0edf588a7,83a62071-0161-47a2-b745-eafb5e945632,b905ae6a-f1e1-4057-8923-481902ed5a8e,Konzorcij,440
f0661242-947b-4937-a9ce-d2a135cd62a7,b59656a4-b6e7-4b87-977c-078c59088a50,bea274aa-277a-403d-ab2f-a0342b28882e,Križanke,290
c86d5f37-52ee-4e3a-99b5-b9554118c4d5,35dbaf26-2fa4-45c4-87fc-81d1ff13b005,9bb1ed3b-5a6f-43c7-afaf-ba2b60ca1a7a,Aškerčeva,207
363e4763-df83-4814-99d2-879d448d5910,595ee2ab-3022-469d-a3e1-0c87d7dfb14d,fef200e9-4d98-425b-ab14-8110e2aa85d7,Drama,440
995cbd67-507b-4c32-b794-0ff48e0a3de9,39650ca1-d08c-4645-ac1a-6aed84eb45c5,b905ae6a-f1e1-4057-8923-481902ed5a8e,Konzorcij,415
87785aa3-128e-4f15-82b0-d8c3cfa6076f,05bd4cbd-b014-4cfd-8ca9-3c82b0a59114,96d4c75b-6452-4c70-a31e-c234262ba38b,Veliki štradon,1284
c627c9f2-af02-4d83-969a-566719bb09e3,ff1f708c-989e-4cc5-8e75-02717b5f9744,659ee31d-ae12-4498-8507-28579d322e32,Vič Glince,897
fdff5f9c-6c02-4fc1-a004-7032b17fa37a,98239279-bb80-4070-965c-dc87525019e2,105e10e7-fbab-4f99-94c9-178c25630b42,Brodarjev trg,521
51e04e1d-9ea1-432d-8b79-09e6c2a7be7b,e2499103-6634-4d8e-87a8-68dc5ef6340c,087e50b6-7677-4a85-802f-5694266fe38b,Aškerčeva,398
41c8c7eb-62ef-45d8-b5b1-221dd3c0022c,dadea785-0c6b-4054-9882-37227de3df4b,f2920a77-6c6c-494d-96b7-2a8caf8f374f,Mirje,314
093afa81-b65f-4182-bac3-afbc00558a9b,2896bfa8-0586-4ed1-8d93-c5c6e1ff3d72,a719a87c-4e93-4387-a6d1-2631a487f7e0,Ajdovščina,428
c0fb12dd-8cab-40da-a3aa-e8de9c6d09ed,98b60d07-8054-441a-be44-be7aa24f4253,a719a87c-4e93-4387-a6d1-2631a487f7e0,Ajdovščina,499
ff74fc01-faf6-4a78-a782-d8365538e7de,2896bfa8-0586-4ed1-8d93-c5c6e1ff3d72,N/A,N/A,4525
d4d4230a-5247-4071-baa4-463321d9d934,a7094427-e180-4deb-acaf-5d4488326e9e,8c7fa045-888b-46d0-8189-6f82623bf481,Poljanska,1507
c297ac70-8f43-4fbc-a8a4-366ddb883a8d,ae3f312a-4242-4a42-8df2-5990505a7747,093afa81-b65f-4182-bac3-afbc00558a9b,Koseze,429
d123fde4-aa91-49c3-83df-5ebf12af4e59,95eee7e8-237d-4410-a9bf-00c6f88129c1,25ad5579-f6a0-4f35-a0c9-0678b41e9dde,Križanke,806
1a3351a1-563e-4174-b402-54bc0e2f5191,ba0f81e5-dfec-49bb-8d6b-d52618338640,9bb1ed3b-5a6f-43c7-afaf-ba2b60ca1a7a,Aškerčeva,356
acedfed0-a3ba-4fa3-8cd6-910783961f0a,9e0942f3-2c18-4891-9b51-9d95cc43af7a,25ad5579-f6a0-4f35-a0c9-0678b41e9dde,Križanke,1190
f2bac6f5-5bbc-4f15-acdd-014d86770ce9,2beb7011-982a-4349-be22-addf1c3bdec7,25ad5579-f6a0-4f35-a0c9-0678b41e9dde,Križanke,249
2188a1bc-ce7a-4450-bd4f-871538578244,ba59baf4-dd00-40a5-80e7-3eee6b9d8b09,9bb1ed3b-5a6f-43c7-afaf-ba2b60ca1a7a,Aškerčeva,477
e26da28a-b9c3-41b8-b57f-87b289b38e08,67d66d40-e8ba-4bc0-a9cf-814dce3ccbea,6182f8e8-c45e-4606-b4a4-d909bd44d2cc,Gornji trg,677
bdd68b01-e9a1-4270-be50-8b5c7bd39a1c,0eca6015-5429-4289-a76c-4ec9ef707e67,bea274aa-277a-403d-ab2f-a0342b28882e,Križanke,1075
bb1ac8b9-5cb2-49f2-8d5c-d7fe4afdd5dd,cee2862b-9b70-4880-8fa3-16c6d2efae1b,fef200e9-4d98-425b-ab14-8110e2aa85d7,Drama,174
1035c6f7-304e-4329-a3b2-4eb5d985a577,4038e02e-f22f-4af0-ba4f-7aab855b53af,25ad5579-f6a0-4f35-a0c9-0678b41e9dde,Križanke,97
111b2cdc-67ca-47bc-a8eb-8a4c6a0674d9,73e6ef23-ef0c-41bf-9960-0e3078b94d23,5d7f28a6-2a2a-4333-aa06-48edfb652f86,Pošta,597
f14a6236-8af2-47bf-9270-432377662a63,58db973d-ecbb-4aa6-a56c-c26aaff7f263,f4cfd904-bd11-4247-95df-32c4555a930f,Klinični center,160
60ccc570-3714-410b-aa31-43d3a4c593c8,22ef2062-46f0-4a46-8d9a-6ceb7b7f45bc,fef200e9-4d98-425b-ab14-8110e2aa85d7,Drama,401
111b2cdc-67ca-47bc-a8eb-8a4c6a0674d9,7a256ec6-bb93-47eb-af92-ea62941c1dc6,484b5c91-1220-43ba-af79-84e712fcc46b,Slovenija avto,40
53f8224f-99e5-4c34-9f77-3621bbe9ce99,4ab506fa-0fcd-431b-ace7-19ffa5f0576a,b905ae6a-f1e1-4057-8923-481902ed5a8e,Konzorcij,120
484b5c91-1220-43ba-af79-84e712fcc46b,4afd573d-abb7-4209-9b28-5c34811eb3ef,f2b27cbd-5207-4281-8f67-6369d0c50a9b,Kodrova,435
e9d9f622-7394-4c5c-9031-a41855a64aa7,8dde1a7b-e3ec-4675-8409-2a2c4ae696c7,25ad5579-f6a0-4f35-a0c9-0678b41e9dde,Križanke,247
befe0e87-b5fe-41ff-9a77-f65461eff28d,8dde1a7b-e3ec-4675-8409-2a2c4ae696c7,bea274aa-277a-403d-ab2f-a0342b28882e,Križanke,188
1907a46a-4559-43ec-8363-03fe35d30725,807c11ba-4b3a-4e2b-82b5-abf5864fa4bc,a719a87c-4e93-4387-a6d1-2631a487f7e0,Ajdovščina,294
5dcffe2a-1c73-4f7c-bdac-4084bb5201aa,98fa3880-5936-4ec8-ba04-39c7ff9a0e6a,c87db9be-1fba-4102-a743-0ee4317dd5af,Bavarski dvor,117
298fea2e-c58b-4d99-9350-2420c718d2cc,b4b30b45-445a-4f70-bdf5-5ea7cdc98583,9bb1ed3b-5a6f-43c7-afaf-ba2b60ca1a7a,Aškerčeva,123
70bba1e8-3ea8-46fe-ace3-f75b04e37605,67d66d40-e8ba-4bc0-a9cf-814dce3ccbea,5d7f28a6-2a2a-4333-aa06-48edfb652f86,Pošta,1878
15bb8af1-183e-4ec8-81f7-1fc6e81beb30,cf6f67f5-f7df-4462-828b-481134217fad,b905ae6a-f1e1-4057-8923-481902ed5a8e,Konzorcij,891
f4c5028b-48a4-4d0e-a91c-81a858923ddd,e2499103-6634-4d8e-87a8-68dc5ef6340c,4062cd22-b67a-4235-9980-0178b7add592,Drama,695
c0e6a237-3879-4336-88b6-5af51408cc7e,a12ab184-fb4b-449f-9884-88e0a1672e64,769b7bc7-4f95-4bb2-9c99-37ba8e8b4bd5,D. MOST P+R,594
a33e6b1f-de56-43aa-9a52-f7064636ab79,aa42017d-812a-4175-bc9b-0fec03b18931,c87db9be-1fba-4102-a743-0ee4317dd5af,Bavarski dvor,1127
eb8e8d9a-a3d5-4ec1-9356-26e0e41912d1,4062cd22-b67a-4235-9980-0178b7add592,5cc8a08d-c0af-491f-9a9c-b8b4f5f23bc0,BTC-Emporium,626
1faa072c-478b-4656-8df3-84167a9a4bbb,ee837fd9-7a5c-4f14-bbd7-a46f14eb07c5,25ad5579-f6a0-4f35-a0c9-0678b41e9dde,Križanke,423
47637057-8d6a-4cf9-bd56-3ac90748fcc4,030363e5-99a3-401f-96db-a16a340ace21,a719a87c-4e93-4387-a6d1-2631a487f7e0,Ajdovščina,1508
30cf2ed7-2cf0-4764-ab64-78206968d5ba,d3283222-38a9-40e2-a485-180d1a33067c,0bb103e4-c4a6-4c4c-a13d-217ab4e6dfd3,Cesta na Vevče,121
7f510cd8-4742-4dcf-95c0-16cde39c2e26,1d7af067-e43b-4a98-953c-75f1b267d9ce,087e50b6-7677-4a85-802f-5694266fe38b,Aškerčeva,450
249f3d10-f5f0-467b-8f60-f35fd62d9054,9143c575-806f-4ba0-81bc-8199f0b0b4d0,306dcdea-b1ce-4357-ba5e-fa82293630df,Kolodvor,170
d7d791d9-02e0-4369-be0c-1546fc2044a4,48507e1a-32df-4552-9448-3b345760b75f,9bb1ed3b-5a6f-43c7-afaf-ba2b60ca1a7a,Aškerčeva,564
43e01b7e-be2c-4282-be1b-9f628ca67327,cecad767-51e5-4683-bf56-e6e342f8d1e0,feb89b92-366d-4f50-a509-40c7baba8cf0,Brodarjev trg,1431
16ae0a39-ff9a-4aee-88b5-34502255fab4,a3aeed02-8e36-4cb0-bb08-25cc4afda164,4062cd22-b67a-4235-9980-0178b7add592,Drama,968
7c166e7c-6fe0-44bd-b124-0013473f227a,1907a46a-4559-43ec-8363-03fe35d30725,fef200e9-4d98-425b-ab14-8110e2aa85d7,Drama,2121
98a94a2a-894f-4ff0-9967-1dd986bf0cfd,277bc73c-e61d-4046-bcfd-31d6161c568e,67c3adc1-a92d-4528-91ee-77d8b52574c6,Poliklinika,192
70231f13-be88-4e3a-a89a-5b4f436984d2,9a480b5e-0283-4130-a5e2-9d5e996caa4f,fef200e9-4d98-425b-ab14-8110e2aa85d7,Drama,108
ba59baf4-dd00-40a5-80e7-3eee6b9d8b09,a4545f57-dab0-4ca0-9da3-5bc96d80f104,023d7b7a-b411-4e61-8746-b07f9e5c8f90,Ambrožev trg,206
010c271e-49ca-45a5-91ac-8ba8d41ee7f3,278a9d60-64c7-4bfa-aad0-24068aa760af,ef91fd44-5651-4fd4-b6f8-619fdef9da7b,Hajdrihova,1265
397418bc-78a7-45c9-b5cf-374fe21cee11,e0c253d0-1de7-4add-ac75-8b16151fa462,6182f8e8-c45e-4606-b4a4-d909bd44d2cc,Gornji trg,201
3429cda2-6047-453c-bf54-952dfa6674c0,c627c9f2-af02-4d83-969a-566719bb09e3,fef200e9-4d98-425b-ab14-8110e2aa85d7,Drama,1529
47252dc3-dbd8-43df-898b-0a3fb27ffc93,889e3719-7d29-4888-b690-5a1531d2930e,bea274aa-277a-403d-ab2f-a0342b28882e,Križanke,104
c9b2488c-cca9-4b84-83cb-638ef545c851,27788b38-4743-4e04-9b9c-94faeeeb2d34,ef91fd44-5651-4fd4-b6f8-619fdef9da7b,Hajdrihova,1316
97627b9b-fa2e-461a-97ea-a15df7599598,6c56976b-4ae1-429f-bcab-0cfc37e3580d,0b4a072e-6c2d-4c71-ab80-2b7142df81de,Tivoli,186
29589594-5959-4efb-8dda-7348e4e500a0,ee095f27-439e-42e7-9e5c-e77b0903c31f,25ad5579-f6a0-4f35-a0c9-0678b41e9dde,Križanke,314
2e62f411-936d-4a10-96ed-2d8fe95d6d65,0ff94f7b-275b-4cc4-bb27-e00842f5ad87,a719a87c-4e93-4387-a6d1-2631a487f7e0,Ajdovščina,818
3a50f545-2fe2-45a0-8ed6-01635603efed,9bb1ed3b-5a6f-43c7-afaf-ba2b60ca1a7a,484b5c91-1220-43ba-af79-84e712fcc46b,Slovenija avto,244
cdbafa76-fd1b-45e0-bbd6-d6c1c6a141f9,30e58784-86f6-4d93-8630-3cc3fc93c6f3,bea274aa-277a-403d-ab2f-a0342b28882e,Križanke,435
dc6b96b1-d0fa-4d03-ac2b-8eba5bb97ba2,61926b26-d777-483f-ae79-86766c48793b,6182f8e8-c45e-4606-b4a4-d909bd44d2cc,Gornji trg,592
8589e5d1-21b4-4210-ad7a-4bf91f9a715d,fcfe6ac9-74b3-4c13-96b7-6041f1454813,aa42017d-812a-4175-bc9b-0fec03b18931,Ambrožev trg,572
1e2641bc-b0b2-448e-8ad2-e52891fa4c5f,84578591-7543-4105-8465-9df30256360d,N/A,N/A,4525
169789c5-0251-47a6-800a-74ff3dffe04d,b9edd39a-4f64-4553-869e-bb77e617b9b8,fef200e9-4d98-425b-ab14-8110e2aa85d7,Drama,766
0334e79e-7a89-44e9-a463-5af813e64a40,84578591-7543-4105-8465-9df30256360d,f2920a77-6c6c-494d-96b7-2a8caf8f374f,Mirje,780
77c4dfcc-1122-4896-9983-8a5bd11320de,9845a6f7-ba79-4f3d-b6ae-969651ef6001,087e50b6-7677-4a85-802f-5694266fe38b,Aškerčeva,186
befe0e87-b5fe-41ff-9a77-f65461eff28d,d119c3e9-7f2c-4d40-97a4-ccc6b4bb2951,1b3ddeca-a066-43ee-9ae5-8339628129c2,Žale,63
39b60288-c9ac-4bc2-825b-524dec52182d,cad3370f-7a28-4a47-8d5a-187adab3ca21,ab4e1412-1ac4-4864-8833-c1ddf48bec20,Bratislavska,586
595ee2ab-3022-469d-a3e1-0c87d7dfb14d,093afa81-b65f-4182-bac3-afbc00558a9b,fef200e9-4d98-425b-ab14-8110e2aa85d7,Drama,46
156a6f62-9a67-4cf0-ad56-85a343c77cd2,17f7d178-41b3-41f9-a545-cbfc22a0a5f1,087e50b6-7677-4a85-802f-5694266fe38b,Aškerčeva,1039
938c9405-72bb-4acd-bace-a75abcf2f9cb,7554bb81-1144-4263-999d-f6e358d808fe,9b0074d2-2c92-4c01-830b-00be8e05b412,Cukrarna,1674
06348c07-2fb0-4dfb-a938-aaef614a7f68,e7789f42-0ad7-44d1-974b-42a3f4957291,5d7f28a6-2a2a-4333-aa06-48edfb652f86,Pošta,38
68c65382-15dc-465c-96b5-7f27af9d4a63,13d6dac7-dc00-416e-a8c0-0d6967e4014e,a719a87c-4e93-4387-a6d1-2631a487f7e0,Ajdovščina,194
d0790612-d161-4be4-953d-a7a0c33acf1e,cd2cdf5f-a758-494c-8b1f-2de4ac913723,N/A,N/A,4525
91745353-dd19-49ee-beaf-332e546dcceb,f2920a77-6c6c-494d-96b7-2a8caf8f374f,8c7fa045-888b-46d0-8189-6f82623bf481,Poljanska,782
b4ffcb65-e60f-478d-806b-e7ae83f1a39d,72e6ae6e-bd4b-4946-a032-7ff9b8b41039,25ad5579-f6a0-4f35-a0c9-0678b41e9dde,Križanke,154
d3a06374-ab12-456b-9c00-55461af341fa,1b3d51e8-8b5e-4b31-a63e-9d665243c2f1,9845a6f7-ba79-4f3d-b6ae-969651ef6001,Tomačevska,2
da834a23-5697-49bb-b3a1-7f277c8206bc,9b4a7d21-709f-4462-b602-c77d975df9e7,ef31a8be-b01d-44cd-95cf-3db8e918af26,Emona,1325
c5527a65-5265-43de-b703-7c7d494d190c,845b482b-dba1-4313-a476-e772691689cf,bea274aa-277a-403d-ab2f-a0342b28882e,Križanke,1060
3fbf6322-fb74-4a50-a81a-bfca73abc26b,34f3ddda-e732-4b53-bfb2-8773b5cd6eac,a3aeed02-8e36-4cb0-bb08-25cc4afda164,Rašica,65
ff8f71b7-06fe-47fe-8238-9af5ee1b1dfd,b905ae6a-f1e1-4057-8923-481902ed5a8e,b905ae6a-f1e1-4057-8923-481902ed5a8e,Konzorcij,523
ba2b16a8-1273-45d2-8758-47b9694df9a6,42bcfbad-96b8-4ce2-96f3-07694e1bcfe2,N/A,N/A,4525
7d1d9e60-8a7d-4e50-86e5-f3a42a99d837,b9edd39a-4f64-4553-869e-bb77e617b9b8,N/A,N/A,4525
2388ce1f-c947-42d7-97f3-e01a7254c933,2edaabef-ed43-4b87-ba95-a5600c33250f,N/A,N/A,4525
aaedd82f-0c53-425d-92cf-96e50bd20518,754e8f1f-a5ba-4281-8f31-fb3357744cd2,7fa32ea0-e884-435a-a81c-51bbd5cedf3e,Zaloška,1019
0e79ef8c-f692-4e29-a37e-4a81cbb3d410,cf94d70f-d211-4625-9037-014514562aa9,c8e0086c-0cef-4375-a471-72f3ae1e34fc,Strelišče,1479
d8289ab1-f65d-4b3d-8b4b-55ada004f023,15c71406-72b5-4681-8b1a-29eb30eb3f76,25ad5579-f6a0-4f35-a0c9-0678b41e9dde,Križanke,1166
8fbf17ab-413b-442c-9c6a-0eb8873a4755,ad8a76cf-4386-44b3-9156-490c502e4bc4,c87db9be-1fba-4102-a743-0ee4317dd5af,Bavarski dvor,598
6182f8e8-c45e-4606-b4a4-d909bd44d2cc,39650ca1-d08c-4645-ac1a-6aed84eb45c5,38b3abed-0592-407b-96c3-85a026f2e192,Dalmatinova,161
219086ca-bdcb-4092-bd82-3d372b9b73ce,d5735919-60bb-4720-a695-9f5155a4f109,4062cd22-b67a-4235-9980-0178b7add592,Drama,148
0a4b6359-22f0-4caa-b4a8-f4edb97a0825,7294875b-8482-484a-b04d-95b921612001,fef200e9-4d98-425b-ab14-8110e2aa85d7,Drama,146
59d96e2c-3ee3-4581-840a-3ddaf0003743,aa113271-655f-423f-ad7e-4cfaba2eb739,a719a87c-4e93-4387-a6d1-2631a487f7e0,Ajdovščina,461
d98335a0-1291-4d4c-be62-16b11c356575,3d2f3af0-3b48-4019-a861-ee4fff761a24,087e50b6-7677-4a85-802f-5694266fe38b,Aškerčeva,978
60d91c8b-d5a9-4ef4-927c-e241bc31f81a,51dbf10f-cf3b-4575-a8cc-d1080c1f9dde,bea274aa-277a-403d-ab2f-a0342b28882e,Križanke,850
639551cf-fe23-4363-8ccd-655bc5d4119e,452bfd80-e8bd-470b-bc4a-981e1b37ffd7,fef200e9-4d98-425b-ab14-8110e2aa85d7,Drama,378
ee03ecf6-db6d-4ecc-90cd-5b3afc8afb91,233daca5-913b-4e10-bf34-18b1c8c77019,4062cd22-b67a-4235-9980-0178b7add592,Drama,441
8d775324-59ca-429e-ad7e-8d522c52dbdd,7f510cd8-4742-4dcf-95c0-16cde39c2e26,5d7f28a6-2a2a-4333-aa06-48edfb652f86,Pošta,1066
7962e05c-ad8c-43e4-9db4-4b90f0c94596,1faa072c-478b-4656-8df3-84167a9a4bbb,a719a87c-4e93-4387-a6d1-2631a487f7e0,Ajdovščina,17
0fb83496-463c-4123-97c6-669efe614d26,6182f8e8-c45e-4606-b4a4-d909bd44d2cc,fef200e9-4d98-425b-ab14-8110e2aa85d7,Drama,1880
da834a23-5697-49bb-b3a1-7f277c8206bc,45b36327-9a1a-4cd5-8261-53217326b22f,923bd774-0651-4e0a-8624-3acfb7ecd5ff,Gornje Poljane,1141
1a1ee974-5091-4fa7-96a2-0c2508892aa3,f5e84751-7377-402c-974c-53276e422e70,fef200e9-4d98-425b-ab14-8110e2aa85d7,Drama,928
37fc313d-1f45-49c9-9059-4f96f44a6682,eb43a68a-54a5-4a37-b090-1329e2b4d830,98fa3880-5936-4ec8-ba04-39c7ff9a0e6a,Stara cerkev,237
163da3ae-0ab9-480e-b72d-16357e0a9061,5f2b93f1-7933-45ed-915c-4488ab8d81b7,b56664c0-1dc1-42c5-b10b-52c3fb0dd042,Galjevica,1
117abbb4-5575-4020-aac4-2048f8d34b50,ba681dbc-ea72-4685-ad98-c5ed496510e6,bea274aa-277a-403d-ab2f-a0342b28882e,Križanke,559
d3283222-38a9-40e2-a485-180d1a33067c,7fdce743-a4be-44d7-8658-0a259a18ad30,fef200e9-4d98-425b-ab14-8110e2aa85d7,Drama,690
d08c4884-9764-447f-9b79-0ef7a645222f,47637057-8d6a-4cf9-bd56-3ac90748fcc4,bea274aa-277a-403d-ab2f-a0342b28882e,Križanke,690
249f3d10-f5f0-467b-8f60-f35fd62d9054,7f510cd8-4742-4dcf-95c0-16cde39c2e26,25ad5579-f6a0-4f35-a0c9-0678b41e9dde,Križanke,225
ab0d4ded-a428-4133-a6c8-0f2caac0a5ae,30cf2ed7-2cf0-4764-ab64-78206968d5ba,5d7f28a6-2a2a-4333-aa06-48edfb652f86,Pošta,920
ba2b16a8-1273-45d2-8758-47b9694df9a6,a7af0c5d-2297-40e2-a6e0-506f6aadba0a,aa42017d-812a-4175-bc9b-0fec03b18931,Ambrožev trg,422
ca8cbe57-95dc-4326-9c06-b60a87b981b1,e9d9f622-7394-4c5c-9031-a41855a64aa7,087e50b6-7677-4a85-802f-5694266fe38b,Aškerčeva,587
66012072-6b6b-4775-8001-0887d18e09a3,b698a890-05b8-40f6-a3a6-4f4c0a820f97,N/A,N/A,4525
d50b2bdb-481b-4e58-ada6-47a028fc6382,5293859e-2ea2-4ad3-9781-884672606464,fac22b83-1bc0-4c12-8533-485b115409ef,Bolnica,470
f073b9d9-a3e3-4d04-a209-0db55377b79e,7bcbdcaa-00b9-47d4-8982-09da26cd7bcb,8f56b058-1ae3-44f5-8600-4330f2264d78,Privoz,576
db9f7130-0bc2-4f3e-b8cd-07cfe96b1f8f,7ba233b7-a50a-497d-8135-dd8dabf93ff5,12618339-2c2d-49ec-b0e0-2517c11991f8,Mirje,193
bb1ac8b9-5cb2-49f2-8d5c-d7fe4afdd5dd,4ca7ae7e-380b-45e3-81de-00ffab5bb531,6efecef0-52ba-4a47-9991-9bab5ce31340,Ajdovščina,597
1cc5f00f-c982-4016-8553-40a3da4f36ad,ea91e672-f4a8-40cb-af62-214726551a93,5d7f28a6-2a2a-4333-aa06-48edfb652f86,Pošta,763
93928408-7b36-41f9-9b62-fec53e14b4e2,4f21a18a-3cb0-4c6c-bb92-e7c8945fac1c,5d7f28a6-2a2a-4333-aa06-48edfb652f86,Pošta,1028
4e8ccfa1-b58c-4ee1-ad82-2e8a645071f3,379bc761-04b5-4227-be76-3b870fe3e69f,eb165f50-9c43-4b09-9658-469a16d3dc83,Kodeljevo,39
9807573b-8821-40e4-b891-a5cea6e23b3d,15c71406-72b5-4681-8b1a-29eb30eb3f76,48e907fd-e868-47cd-8cac-74c7d4582944,Poljanska,966
16ae0a39-ff9a-4aee-88b5-34502255fab4,1b3ddeca-a066-43ee-9ae5-8339628129c2,cab36767-e95a-4f60-978e-92490f2517b2,Hrvatski trg,1289
459f82d2-cbe4-414b-b66b-0b794ea958ed,8b5f91a6-23b7-4786-96f9-a80c6d668e18,4062cd22-b67a-4235-9980-0178b7add592,Drama,213
5a06b853-39a7-479d-ac40-fafa659fd896,48e907fd-e868-47cd-8cac-74c7d4582944,16578e36-c682-4083-bd29-4973445dc0fe,Gosposvetska,1439
db13a26e-19d4-4b8a-a78a-01ef25d58834,9b4a7d21-709f-4462-b602-c77d975df9e7,a719a87c-4e93-4387-a6d1-2631a487f7e0,Ajdovščina,332
53c3c8c9-2e64-4a8f-9afb-031b24c17d5a,023d7b7a-b411-4e61-8746-b07f9e5c8f90,fef200e9-4d98-425b-ab14-8110e2aa85d7,Drama,1674
9a938b49-ce1d-4e1c-a789-e316630ebc4f,2496479b-f855-403d-bce8-2a4d9988665d,9bb1ed3b-5a6f-43c7-afaf-ba2b60ca1a7a,Aškerčeva,210
912792ae-7f7e-4295-8064-38ea96a5dc4a,53c3c8c9-2e64-4a8f-9afb-031b24c17d5a,N/A,N/A,4525
1b3d51e8-8b5e-4b31-a63e-9d665243c2f1,30c30bf5-75c4-4dc0-995f-4679ef54d37c,9bb1ed3b-5a6f-43c7-afaf-ba2b60ca1a7a,Aškerčeva,102
075a6b29-66cb-409f-89fe-37d50669eff4,baab981f-b707-4b2e-8291-6175f7ceb255,feb89b92-366d-4f50-a509-40c7baba8cf0,Brodarjev trg,975
d17294f3-5b6c-4313-9243-3f38557967cf,be5fb719-eda2-4831-90c6-249248ea22dd,105e10e7-fbab-4f99-94c9-178c25630b42,Brodarjev trg,324
32abc648-685c-47b0-bbc4-203371ec2699,16ae0a39-ff9a-4aee-88b5-34502255fab4,105e10e7-fbab-4f99-94c9-178c25630b42,Brodarjev trg,1224
e7789f42-0ad7-44d1-974b-42a3f4957291,79d89180-8b07-4127-b7b4-1ac03d1cee9f,bea274aa-277a-403d-ab2f-a0342b28882e,Križanke,110
295616c0-387b-4f60-a337-7743cd6be04e,f1fd2bad-eba9-4046-a7b9-34e8d1d423f5,fef200e9-4d98-425b-ab14-8110e2aa85d7,Drama,406
f528b363-1484-456c-835b-1e08dc31ef8e,e78f256e-7218-4263-87b9-255bd90c9f49,a9796806-8cd3-4b76-bf8c-4340aec35c9e,Lutkovno gl.,498
16578e36-c682-4083-bd29-4973445dc0fe,0c3a77a7-d9eb-45c7-b722-1fafde29129c,b905ae6a-f1e1-4057-8923-481902ed5a8e,Konzorcij,1044
33613e0e-f41c-4cee-804a-3942bf698e3e,9a1c4c65-df77-481f-87ad-56143f02a864,4062cd22-b67a-4235-9980-0178b7add592,Drama,94
45754ca7-bffd-4bcf-96df-952e59574dde,bbe542ee-a3f6-43cf-b23a-077c28b7d19a,25ad5579-f6a0-4f35-a0c9-0678b41e9dde,Križanke,1200
2a7d32ca-24a1-41ac-a273-0cbcdec59336,6c773433-c487-49c5-a783-32c0e276ed7b,47a3bd8a-72ae-4e20-b43f-10bfaf49012c,Ob sotočju,403
a7af0c5d-2297-40e2-a6e0-506f6aadba0a,3429cda2-6047-453c-bf54-952dfa6674c0,295616c0-387b-4f60-a337-7743cd6be04e,Bavarski dvor,79
163da3ae-0ab9-480e-b72d-16357e0a9061,f73d3fb2-082c-4518-8af2-45de5490df4e,9c17244c-0812-404b-b929-5cdc0591e421,Podmornica,1405
4d216485-ef41-45e7-9182-0c254644955c,c87db9be-1fba-4102-a743-0ee4317dd5af,6182f8e8-c45e-4606-b4a4-d909bd44d2cc,Gornji trg,1848
f15ddf31-fc11-41ba-988d-376c83e38f58,8f56b058-1ae3-44f5-8600-4330f2264d78,4062cd22-b67a-4235-9980-0178b7add592,Drama,850
245bb1a4-ea6e-45b4-8331-b50983655326,fd0e405e-d5e5-45fc-8911-e48a178ad4a9,6c56976b-4ae1-429f-bcab-0cfc37e3580d,Zgornji log,460
fb662324-f307-452f-9b00-0275dadfd382,dadea785-0c6b-4054-9882-37227de3df4b,087e50b6-7677-4a85-802f-5694266fe38b,Aškerčeva,281
69bc9f1c-507f-463c-ba5a-04500b319967,6edebb46-d04f-45c4-99a4-100f7f0b2660,7962e05c-ad8c-43e4-9db4-4b90f0c94596,Murgle,470
cdabf1ea-b04c-480a-8359-72c46e6864ab,163da3ae-0ab9-480e-b72d-16357e0a9061,bea274aa-277a-403d-ab2f-a0342b28882e,Križanke,545
6330ad8d-b582-4c92-bc7e-d3f206264f04,4fddf4a7-ad4e-4630-a5ca-3267955db548,60ccc570-3714-410b-aa31-43d3a4c593c8,Tržnica Moste,657
a12cff7f-91e5-4f1e-be40-1a9b34ae792a,717c914e-f928-4671-95f6-26c1ddb95799,087e50b6-7677-4a85-802f-5694266fe38b,Aškerčeva,534
0d50a4a8-a88d-4468-b562-73e51937e1c5,c0ff37c8-ac6c-4284-ad32-0ad29fd30dc2,ea9d5fa9-af5a-4d39-96fd-626415048511,Martinova,1
befe0e87-b5fe-41ff-9a77-f65461eff28d,2ec182e2-769f-427f-b9b5-c4118890cb96,c87db9be-1fba-4102-a743-0ee4317dd5af,Bavarski dvor,274
91fb6c6e-49cf-49d3-97d4-6ae228f9bfa1,35aedf45-cca3-4f2f-931b-138d29d20fe9,c87db9be-1fba-4102-a743-0ee4317dd5af,Bavarski dvor,183
e468b92f-fa4a-4819-bb11-37761deaf4ca,258aeffc-294a-4919-bfb0-34f90dc19892,6efecef0-52ba-4a47-9991-9bab5ce31340,Ajdovščina,545
1ef524bd-2bf3-4c47-add3-044374897443,d3283222-38a9-40e2-a485-180d1a33067c,087e50b6-7677-4a85-802f-5694266fe38b,Aškerčeva,1328
5a06b853-39a7-479d-ac40-fafa659fd896,e333d90d-3eef-4d82-9e00-ebe693e2f389,9b85d4b0-c594-4e0e-9ce2-d0986256c270,Tavčarjeva,244
d27a7320-71d6-48bc-a4f5-0f3e239575b8,02c61e3f-2d2e-4b42-b695-bbd3cc672f6b,fef200e9-4d98-425b-ab14-8110e2aa85d7,Drama,234
7ba233b7-a50a-497d-8135-dd8dabf93ff5,81f21fc1-3bd2-4d2a-b563-2d063479c68e,fef200e9-4d98-425b-ab14-8110e2aa85d7,Drama,309
476c1b24-6f2f-4727-b610-645c50493814,58db973d-ecbb-4aa6-a56c-c26aaff7f263,087e50b6-7677-4a85-802f-5694266fe38b,Aškerčeva,364
96d4c75b-6452-4c70-a31e-c234262ba38b,af820908-f71f-4c46-82c2-e7616f9c21fb,fef200e9-4d98-425b-ab14-8110e2aa85d7,Drama,331
9f01f25f-9a5b-459a-96da-222ef81faf51,e0c253d0-1de7-4add-ac75-8b16151fa462,25ad5579-f6a0-4f35-a0c9-0678b41e9dde,Križanke,199
c1606675-dd38-4952-914b-6ca64fd56b7b,eaad1ba5-14a4-494f-80ae-65294c29a962,fef200e9-4d98-425b-ab14-8110e2aa85d7,Drama,916
0be237aa-4b91-4d2b-ac23-0cebac975a0d,5c15a390-36b6-47a9-9d84-0c7160157c1d,6a89c110-a0f8-4b1a-87f0-33f49c0a658e,Šola Jarše,143
5de6ff80-1352-43df-b5ec-1df59f2f492b,ee095f27-439e-42e7-9e5c-e77b0903c31f,fef200e9-4d98-425b-ab14-8110e2aa85d7,Drama,1872
845b482b-dba1-4313-a476-e772691689cf,43df2657-d56f-4fc4-8c40-49180cbbe90c,81f21fc1-3bd2-4d2a-b563-2d063479c68e,Štepanja vas,500
f07c916c-6fc6-4acf-a334-0ab0d3c4f57f,1ef524bd-2bf3-4c47-add3-044374897443,fef200e9-4d98-425b-ab14-8110e2aa85d7,Drama,70
47283e27-c588-411c-9303-30a6f0beeaef,36c7bbd0-50d7-4b5d-b9b3-9dadd37ac50b,fcec9e7a-1c9e-4214-96dd-d071550349e6,Zgornja Šiška,626
5fe363f3-8297-448b-bde3-08f690c92d1b,2f874852-bc80-4ff3-b6bf-a914e31251c8,eead721b-8996-4e73-a2f9-02dba20df4fa,Ilirska,592
404f8444-540d-4d82-a355-30a6a8bec797,95be8f74-3ed5-4cf1-aabc-b1c0027ea628,N/A,N/A,4525
87785aa3-128e-4f15-82b0-d8c3cfa6076f,6e7cab20-d7e3-474f-9a5e-f1e0ca6fae53,fef200e9-4d98-425b-ab14-8110e2aa85d7,Drama,106
c5527a65-5265-43de-b703-7c7d494d190c,6559d555-672b-4633-8a81-0ae68fb963eb,25ad5579-f6a0-4f35-a0c9-0678b41e9dde,Križanke,545
4c277b3f-c427-404b-ace3-2cd51656318f,fcec9e7a-1c9e-4214-96dd-d071550349e6,717dda7e-d793-4697-8f60-b64ee8b1edc4,Gosposvetska,48
108e7dc8-ca5d-4c91-9414-32a32a31b69a,30cf2ed7-2cf0-4764-ab64-78206968d5ba,N/A,N/A,4525
0fb83496-463c-4123-97c6-669efe614d26,98a75a4c-0ef8-4efa-8f0a-384fe8eafce0,379bc761-04b5-4227-be76-3b870fe3e69f,Pot na Fužine,627
c326e479-ccc3-4915-8788-3fa189d0143e,b4ffcb65-e60f-478d-806b-e7ae83f1a39d,b905ae6a-f1e1-4057-8923-481902ed5a8e,Konzorcij,1227
a12cff7f-91e5-4f1e-be40-1a9b34ae792a,edf94a12-03e9-4225-b6cc-aca0edf588a7,7eb88e01-82e9-4af4-84d0-69c6ea9dc82c,Kolodvor,362
6330ad8d-b582-4c92-bc7e-d3f206264f04,c86d5f37-52ee-4e3a-99b5-b9554118c4d5,25ad5579-f6a0-4f35-a0c9-0678b41e9dde,Križanke,253
2838f674-f6e9-4eb5-a99c-1d0ac7903ca1,f958cead-e4c3-4743-834d-46de4a06a8c9,25ad5579-f6a0-4f35-a0c9-0678b41e9dde,Križanke,269
0b90d258-764d-4c06-aab0-7074dbd54182,be5fb719-eda2-4831-90c6-249248ea22dd,023d7b7a-b411-4e61-8746-b07f9e5c8f90,Ambrožev trg,964
639551cf-fe23-4363-8ccd-655bc5d4119e,2496479b-f855-403d-bce8-2a4d9988665d,c0a064eb-b507-43c2-a6d2-0e9c5881f031,Središka,993
169789c5-0251-47a6-800a-74ff3dffe04d,d72032c7-d4b0-4eee-a87c-593985a42266,bea274aa-277a-403d-ab2f-a0342b28882e,Križanke,420
b56664c0-1dc1-42c5-b10b-52c3fb0dd042,785ad018-d0fe-4628-b188-15f6dc71b38e,4062cd22-b67a-4235-9980-0178b7add592,Drama,541
7b822496-7ea4-4ce8-b78c-1d021c68a9ed,d72d58c2-b9a9-4dd5-b741-17e986d925c8,1e157c31-d34d-4c2e-91b4-8c000c88f6dd,Kardeljeva ploščad,2
15af3c66-ad74-4f41-92f7-92e2ff72a51d,83a62071-0161-47a2-b745-eafb5e945632,25c85d19-456c-4188-b563-15ad467a54c7,Vič,572
6324e337-5778-492a-9e9c-57e3ad5c4710,36d25599-0bed-48a0-bcb4-134be8a959fe,7bcbdcaa-00b9-47d4-8982-09da26cd7bcb,Zaloška,410
15eaf9b9-db6d-4586-9ad2-5bfa99719bfd,bf990a3a-96e9-42b7-9147-33e85bd24c05,557f714a-6f4a-4c98-8c5a-d74fa34b2adb,Hrvatski trg,164
e3321752-4498-4da3-801c-d54920b22eba,c297ac70-8f43-4fbc-a8a4-366ddb883a8d,fef200e9-4d98-425b-ab14-8110e2aa85d7,Drama,1290
1eadcdb9-60cd-47c9-8eec-527c3465a685,eb11d52f-300b-4648-a2e8-ed03db9ff7e2,N/A,N/A,4525
9143c575-806f-4ba0-81bc-8199f0b0b4d0,a378ce5e-57ce-4c52-b219-568674b5cd5e,25ad5579-f6a0-4f35-a0c9-0678b41e9dde,Križanke,83
1e2641bc-b0b2-448e-8ad2-e52891fa4c5f,98fa3880-5936-4ec8-ba04-39c7ff9a0e6a,N/A,N/A,4525
1a3351a1-563e-4174-b402-54bc0e2f5191,cbf8e64b-fd0d-48ec-8fb1-03b298cc13b3,5d7f28a6-2a2a-4333-aa06-48edfb652f86,Pošta,620
1b0f629f-acdb-4e94-8c54-018f4334ebf7,144ab380-6586-43ce-b216-2e66362b6eca,fef200e9-4d98-425b-ab14-8110e2aa85d7,Drama,843
a1406782-3114-407c-8e35-35bcf5a1234b,912792ae-7f7e-4295-8064-38ea96a5dc4a,N/A,N/A,4525
452bfd80-e8bd-470b-bc4a-981e1b37ffd7,da656f17-9723-4cbe-a008-823cbad17c28,9b85d4b0-c594-4e0e-9ce2-d0986256c270,Tavčarjeva,206
6330ad8d-b582-4c92-bc7e-d3f206264f04,093afa81-b65f-4182-bac3-afbc00558a9b,5d7f28a6-2a2a-4333-aa06-48edfb652f86,Pošta,126
c3188d8e-c2d3-40e5-acc2-14bef70a5ff4,4b847ac2-4c41-4fc1-a497-9ce4deaab8b1,25ad5579-f6a0-4f35-a0c9-0678b41e9dde,Križanke,709
bb1ac8b9-5cb2-49f2-8d5c-d7fe4afdd5dd,70231f13-be88-4e3a-a89a-5b4f436984d2,fef200e9-4d98-425b-ab14-8110e2aa85d7,Drama,589
f33b721f-a8a3-4aad-96f2-077da09ebaa6,12618339-2c2d-49ec-b0e0-2517c11991f8,7bcbdcaa-00b9-47d4-8982-09da26cd7bcb,Zaloška,935
9143c575-806f-4ba0-81bc-8199f0b0b4d0,3429cda2-6047-453c-bf54-952dfa6674c0,5fa77d25-e7a3-42db-8cc9-52b612d5de19,Preglov trg,818
d123fde4-aa91-49c3-83df-5ebf12af4e59,3a50f545-2fe2-45a0-8ed6-01635603efed,4f681273-89fe-44f9-aaec-76950722cc52,Študentsko naselje,403
66943a7c-28b4-40a6-a996-21aa0b968435,4abe5e63-5707-4ef0-acda-ab2c52749afe,fef200e9-4d98-425b-ab14-8110e2aa85d7,Drama,418
2188a1bc-ce7a-4450-bd4f-871538578244,c71e1e0c-780a-4d46-8b33-09aebbbcfcd8,a719a87c-4e93-4387-a6d1-2631a487f7e0,Ajdovščina,245
041e08cc-b1bd-4f2c-aa4e-a9aaf2837a28,639551cf-fe23-4363-8ccd-655bc5d4119e,b905ae6a-f1e1-4057-8923-481902ed5a8e,Konzorcij,73
a6fde748-bb91-465c-8665-20cbaed7df19,f0661242-947b-4937-a9ce-d2a135cd62a7,N/A,N/A,4525
1505c6fe-6080-424e-98d1-24c312cfacf3,8dde1a7b-e3ec-4675-8409-2a2c4ae696c7,4062cd22-b67a-4235-9980-0178b7add592,Drama,91
d2f9bbec-4b03-49a8-af83-afe65fe07a0e,98fa3880-5936-4ec8-ba04-39c7ff9a0e6a,cdabf1ea-b04c-480a-8359-72c46e6864ab,Bežigrad,169
be5fb719-eda2-4831-90c6-249248ea22dd,f1d7dbc8-d84b-4550-a3bd-e4748a677e9d,f073b9d9-a3e3-4d04-a209-0db55377b79e,Zmajski most,873
7bcbdcaa-00b9-47d4-8982-09da26cd7bcb,8b5f91a6-23b7-4786-96f9-a80c6d668e18,4062cd22-b67a-4235-9980-0178b7add592,Drama,878
cad3370f-7a28-4a47-8d5a-187adab3ca21,813b7c8c-5236-405a-bb0d-092a5d93c2a6,bea274aa-277a-403d-ab2f-a0342b28882e,Križanke,716
5ddf10c0-90a5-4dbf-992c-23c0505674aa,acedfed0-a3ba-4fa3-8cd6-910783961f0a,12618339-2c2d-49ec-b0e0-2517c11991f8,Mirje,305
db9f7130-0bc2-4f3e-b8cd-07cfe96b1f8f,59d96e2c-3ee3-4581-840a-3ddaf0003743,a378ce5e-57ce-4c52-b219-568674b5cd5e,Gornji trg,290
c297ac70-8f43-4fbc-a8a4-366ddb883a8d,2b223d0c-f8ec-4970-815c-bfe26c3ffc09,a378ce5e-57ce-4c52-b219-568674b5cd5e,Gornji trg,138
9fa0b90f-dba1-4eca-8802-589425d3e8fd,7d003bd3-5fae-4076-b952-9f734651720f,9bb1ed3b-5a6f-43c7-afaf-ba2b60ca1a7a,Aškerčeva,235
0b90d258-764d-4c06-aab0-7074dbd54182,aa844493-50b0-4b91-b331-f4297d2ae6a8,7bcbdcaa-00b9-47d4-8982-09da26cd7bcb,Zaloška,537
105e10e7-fbab-4f99-94c9-178c25630b42,f07c916c-6fc6-4acf-a334-0ab0d3c4f57f,3429cda2-6047-453c-bf54-952dfa6674c0,Klinični center,87
2b223d0c-f8ec-4970-815c-bfe26c3ffc09,7add6fa5-bfd5-4d9c-841b-d9856088ede9,bea274aa-277a-403d-ab2f-a0342b28882e,Križanke,792
0df2ffa6-b1c8-44d0-900c-8b23b37794df,5e732249-14ec-4efe-bae1-7f9ca722f7ae,N/A,N/A,4525
1f02ab68-e4a0-4783-ae8a-39ccd679f2cc,6a774daa-3547-4128-b304-aa2d17d4391a,a719a87c-4e93-4387-a6d1-2631a487f7e0,Ajdovščina,913
2e6c059c-0305-47bb-9ca8-00a2123039e9,c1606675-dd38-4952-914b-6ca64fd56b7b,087e50b6-7677-4a85-802f-5694266fe38b,Aškerčeva,380
3f996624-8134-4eec-9742-70111db659c1,9afb36ea-c2ae-4bbb-9644-3a6c65bb1c7d,b905ae6a-f1e1-4057-8923-481902ed5a8e,Konzorcij,150
5de6ff80-1352-43df-b5ec-1df59f2f492b,eb43a68a-54a5-4a37-b090-1329e2b4d830,25ad5579-f6a0-4f35-a0c9-0678b41e9dde,Križanke,419
a26d9a94-effb-45ab-a27f-74076e9e5bdd,332abe37-33b8-4142-9edd-4ebd9e52eaf7,fef200e9-4d98-425b-ab14-8110e2aa85d7,Drama,397
45e88013-1a7e-44a0-ab1f-bc0db6c6746f,d2f9bbec-4b03-49a8-af83-afe65fe07a0e,557f714a-6f4a-4c98-8c5a-d74fa34b2adb,Hrvatski trg,258
fcc58ff5-bf0b-44ce-b12b-75ecc493f24d,95732ece-1658-4e11-9b5f-b6ae5552e638,4062cd22-b67a-4235-9980-0178b7add592,Drama,696
68c65382-15dc-465c-96b5-7f27af9d4a63,88cdd36c-03d2-4374-a22f-110dd9f75ea0,8d775324-59ca-429e-ad7e-8d522c52dbdd,Drenikova,68
c124f317-217b-4b89-9597-393843de4f81,d2f9bbec-4b03-49a8-af83-afe65fe07a0e,b905ae6a-f1e1-4057-8923-481902ed5a8e,Konzorcij,544
c8f784f8-ce92-4773-8d90-c6bed3513ce0,07b4c585-66cf-49d7-906c-50f1122c8e9e,N/A,N/A,4525
a112e799-e1b6-4dd2-b652-bd521dda7638,352f5cae-25c9-41c5-ab70-268bf64107f0,a719a87c-4e93-4387-a6d1-2631a487f7e0,Ajdovščina,255
f15ddf31-fc11-41ba-988d-376c83e38f58,5fa77d25-e7a3-42db-8cc9-52b612d5de19,5fa77d25-e7a3-42db-8cc9-52b612d5de19,Preglov trg,97
f9d70942-e517-4560-8655-99481edd2b95,e66e813a-722d-40f8-9ee9-1470d07bc200,38b3abed-0592-407b-96c3-85a026f2e192,Dalmatinova,80
15c71406-72b5-4681-8b1a-29eb30eb3f76,ae3f312a-4242-4a42-8df2-5990505a7747,5d7f28a6-2a2a-4333-aa06-48edfb652f86,Pošta,284
c627c9f2-af02-4d83-969a-566719bb09e3,bb606ad8-8a10-4034-9862-60cc177d2455,f2920a77-6c6c-494d-96b7-2a8caf8f374f,Mirje,1354
fcfe6ac9-74b3-4c13-96b7-6041f1454813,a1795ee0-9147-4a5c-bb11-f60a809f690e,9bb1ed3b-5a6f-43c7-afaf-ba2b60ca1a7a,Aškerčeva,512
9f6048f0-5c5e-4773-915e-4ee05d200e27,452bfd80-e8bd-470b-bc4a-981e1b37ffd7,3429cda2-6047-453c-bf54-952dfa6674c0,Klinični center,2429
ca8cbe57-95dc-4326-9c06-b60a87b981b1,ecc4ae87-ae08-4b94-995c-452fdd94df7f,69f98a9c-d52d-423a-b44e-89b6320a7a88,BTC-Merkur,696
c1606675-dd38-4952-914b-6ca64fd56b7b,9143c575-806f-4ba0-81bc-8199f0b0b4d0,9bb1ed3b-5a6f-43c7-afaf-ba2b60ca1a7a,Aškerčeva,265
b59656a4-b6e7-4b87-977c-078c59088a50,938c9405-72bb-4acd-bace-a75abcf2f9cb,a719a87c-4e93-4387-a6d1-2631a487f7e0,Ajdovščina,11
bc66f88b-1412-44cb-b921-030d27335261,dc7b6fb3-15db-4c7e-9fa1-424943178ce6,169789c5-0251-47a6-800a-74ff3dffe04d,Hrastje,43
845b482b-dba1-4313-a476-e772691689cf,d5d15a80-243b-49d7-a616-b3c3fb39e8af,5d7f28a6-2a2a-4333-aa06-48edfb652f86,Pošta,588
1308dcf9-a9e1-4e54-95c9-0f2afaac889b,fbd1dfb0-4a6f-4160-ad52-5ccb69530195,7c149b59-2bc6-45cb-95c8-69e18a0db627,Rusjanov trg,88
68c65382-15dc-465c-96b5-7f27af9d4a63,2fafda56-e44d-4e08-8503-90e6bf75e19d,c87db9be-1fba-4102-a743-0ee4317dd5af,Bavarski dvor,636
b59656a4-b6e7-4b87-977c-078c59088a50,7c149b59-2bc6-45cb-95c8-69e18a0db627,bea274aa-277a-403d-ab2f-a0342b28882e,Križanke,481
66943a7c-28b4-40a6-a996-21aa0b968435,e74131c6-ac2f-477b-9693-10bb5ab9f24b,N/A,N/A,4525
484b5c91-1220-43ba-af79-84e712fcc46b,392949a1-1ada-4196-9073-6f392638ca49,fef200e9-4d98-425b-ab14-8110e2aa85d7,Drama,484
31e6db90-ba65-4c49-90c0-317fb92596b3,352f5cae-25c9-41c5-ab70-268bf64107f0,a9796806-8cd3-4b76-bf8c-4340aec35c9e,Lutkovno gl.,1199
68075aa0-144c-4f6e-93ef-e93dfc35df78,d9df1ba3-6820-4fcb-b561-9cb7a60dd463,087e50b6-7677-4a85-802f-5694266fe38b,Aškerčeva,702
fb0042f8-d9e2-4916-b60a-38a026acf0c9,3d0466c6-82f4-4a8e-ac5f-18d4dab794ac,c87db9be-1fba-4102-a743-0ee4317dd5af,Bavarski dvor,845
86303165-4af4-4fcd-b0f9-43ed865454f4,6c773433-c487-49c5-a783-32c0e276ed7b,f14a6236-8af2-47bf-9270-432377662a63,Viadukt,173
298fea2e-c58b-4d99-9350-2420c718d2cc,c0ff37c8-ac6c-4284-ad32-0ad29fd30dc2,bea274aa-277a-403d-ab2f-a0342b28882e,Križanke,330
12cfc2b3-f8ff-444b-8d5f-15855e45e331,91fb6c6e-49cf-49d3-97d4-6ae228f9bfa1,b905ae6a-f1e1-4057-8923-481902ed5a8e,Konzorcij,1979
4d216485-ef41-45e7-9182-0c254644955c,9746f277-af08-4cce-92fa-41da5eca8ac2,eead721b-8996-4e73-a2f9-02dba20df4fa,Ilirska,458
ecc4ae87-ae08-4b94-995c-452fdd94df7f,c0e6a237-3879-4336-88b6-5af51408cc7e,b905ae6a-f1e1-4057-8923-481902ed5a8e,Konzorcij,556
ca575a45-9c95-4348-9245-8c75f70130b3,cec37fa8-0d4a-4e80-a259-2fa91b68463d,N/A,N/A,4525
0be237aa-4b91-4d2b-ac23-0cebac975a0d,d07152fd-014c-481b-a5f2-8949066499e8,N/A,N/A,4525
1536cb2e-acd3-49cb-8f06-bb8cd40c0c02,16578e36-c682-4083-bd29-4973445dc0fe,fb0042f8-d9e2-4916-b60a-38a026acf0c9,Leskoškova,1002
d2ff7ae5-59fc-4894-aa50-a7f16b5e3534,1ce1c3a8-e0f6-4f90-b1aa-1448759d8b3c,105e10e7-fbab-4f99-94c9-178c25630b42,Brodarjev trg,1127
923bd774-0651-4e0a-8624-3acfb7ecd5ff,9e0942f3-2c18-4891-9b51-9d95cc43af7a,6c56976b-4ae1-429f-bcab-0cfc37e3580d,Zgornji log,448
f8da5156-e545-47ed-a811-2242f41f5593,e9d9f622-7394-4c5c-9031-a41855a64aa7,a719a87c-4e93-4387-a6d1-2631a487f7e0,Ajdovščina,483
1ef524bd-2bf3-4c47-add3-044374897443,abc9fd26-5442-468b-93b6-4d5eb76d0f1f,4062cd22-b67a-4235-9980-0178b7add592,Drama,419
9cc88862-270a-409a-b450-e0003c7930af,295616c0-387b-4f60-a337-7743cd6be04e,fef200e9-4d98-425b-ab14-8110e2aa85d7,Drama,1096
47a3bd8a-72ae-4e20-b43f-10bfaf49012c,ae3f312a-4242-4a42-8df2-5990505a7747,9a938b49-ce1d-4e1c-a789-e316630ebc4f,Poliklinika,313
1c214818-5471-4d2a-a7b2-33464ffacdad,4afd573d-abb7-4209-9b28-5c34811eb3ef,087e50b6-7677-4a85-802f-5694266fe38b,Aškerčeva,425
6330ad8d-b582-4c92-bc7e-d3f206264f04,4ab506fa-0fcd-431b-ace7-19ffa5f0576a,bea274aa-277a-403d-ab2f-a0342b28882e,Križanke,410
4f21a18a-3cb0-4c6c-bb92-e7c8945fac1c,a378ce5e-57ce-4c52-b219-568674b5cd5e,bea274aa-277a-403d-ab2f-a0342b28882e,Križanke,51
cdabf1ea-b04c-480a-8359-72c46e6864ab,42bcfbad-96b8-4ce2-96f3-07694e1bcfe2,N/A,N/A,4525
70c51140-f3ee-4c89-a6e2-ed74dab89148,2d42d8e2-26a8-4a74-809c-f436d05c8a54,5d7f28a6-2a2a-4333-aa06-48edfb652f86,Pošta,478
f174a648-9e84-492d-9ccd-0756b49c773b,5b2cb528-ba33-461a-aee5-54e2ed8c3758,N/A,N/A,4525
33613e0e-f41c-4cee-804a-3942bf698e3e,32abc648-685c-47b0-bbc4-203371ec2699,fef200e9-4d98-425b-ab14-8110e2aa85d7,Drama,326
df63651e-45ab-4487-9429-9e604415b35c,1f207e67-adf9-4da6-b107-3b58051d9990,bea274aa-277a-403d-ab2f-a0342b28882e,Križanke,202
c5527a65-5265-43de-b703-7c7d494d190c,06e4802d-2c96-4556-bd95-35e0a2bb030c,N/A,N/A,4525
461045f0-a82c-45c0-af66-71b25f3f0e1a,d2ff7ae5-59fc-4894-aa50-a7f16b5e3534,bea274aa-277a-403d-ab2f-a0342b28882e,Križanke,1726
1d62c3f1-903c-4350-a349-80c4573b3cdc,b60d686c-3b89-447c-93f6-2837d9af3d02,aa42017d-812a-4175-bc9b-0fec03b18931,Ambrožev trg,443
df973089-967d-4446-916c-260e9e8fec83,8d5e4aed-59fb-47c9-8559-5bf11b7ddca0,67c3adc1-a92d-4528-91ee-77d8b52574c6,Poliklinika,291
294c40c4-18e4-4d92-a947-911a8623de89,f14a6236-8af2-47bf-9270-432377662a63,087e50b6-7677-4a85-802f-5694266fe38b,Aškerčeva,57
db046e79-c658-433c-8812-157fd965a9f6,461045f0-a82c-45c0-af66-71b25f3f0e1a,a719a87c-4e93-4387-a6d1-2631a487f7e0,Ajdovščina,171
46847a61-d68a-4d2c-ad76-18e043d41430,ea80411c-360d-4a33-861c-6533a1d67eef,a9796806-8cd3-4b76-bf8c-4340aec35c9e,Lutkovno gl.,132
548dbdee-83b0-497b-acc1-e15b34899d42,6c56976b-4ae1-429f-bcab-0cfc37e3580d,bea274aa-277a-403d-ab2f-a0342b28882e,Križanke,349
d2ff7ae5-59fc-4894-aa50-a7f16b5e3534,97627b9b-fa2e-461a-97ea-a15df7599598,659ee31d-ae12-4498-8507-28579d322e32,Vič Glince,103
2628ca4f-8797-4672-aca9-47b325c58aac,08506f21-8675-4972-a359-ba9412a1da49,a719a87c-4e93-4387-a6d1-2631a487f7e0,Ajdovščina,766
d5d15a80-243b-49d7-a616-b3c3fb39e8af,930fed8f-1d4d-40c6-9a3b-53697263a0f2,4062cd22-b67a-4235-9980-0178b7add592,Drama,269
be5fb719-eda2-4831-90c6-249248ea22dd,a12ab184-fb4b-449f-9884-88e0a1672e64,c87db9be-1fba-4102-a743-0ee4317dd5af,Bavarski dvor,89
410b424b-5f4d-4137-bc20-7d1f328540a3,da623aed-094d-4c3c-9766-9f0aba0f40f6,9bb1ed3b-5a6f-43c7-afaf-ba2b60ca1a7a,Aškerčeva,178
baab981f-b707-4b2e-8291-6175f7ceb255,4f681273-89fe-44f9-aaec-76950722cc52,a719a87c-4e93-4387-a6d1-2631a487f7e0,Ajdovščina,70
d83ec579-9ab5-4e30-bedd-86613c234abd,eb669f04-cfb6-4ea4-90c9-26eb551ecb45,eaad1ba5-14a4-494f-80ae-65294c29a962,Rožna dolina,1412
c0e6a237-3879-4336-88b6-5af51408cc7e,ef91fd44-5651-4fd4-b6f8-619fdef9da7b,fef200e9-4d98-425b-ab14-8110e2aa85d7,Drama,691
41489be9-b3b7-4cbe-90f8-af1a435b2676,db13a26e-19d4-4b8a-a78a-01ef25d58834,12618339-2c2d-49ec-b0e0-2517c11991f8,Mirje,88
7e0c8a32-21cb-46dc-8e50-9c4675dfa322,d3a6cbf3-65f0-4db8-9a10-1460763eac8e,fef200e9-4d98-425b-ab14-8110e2aa85d7,Drama,710
e9d9f622-7394-4c5c-9031-a41855a64aa7,70c51140-f3ee-4c89-a6e2-ed74dab89148,b829062a-2644-4350-b998-74522d9e85d8,Lutkovno gl.,890
7a52a73a-cc0e-4c61-b9bc-306157727e1c,98a75a4c-0ef8-4efa-8f0a-384fe8eafce0,fac22b83-1bc0-4c12-8533-485b115409ef,Bolnica,2100
e2d3c37e-a7df-458e-9e5a-ea33ccf4c11b,f1fd2bad-eba9-4046-a7b9-34e8d1d423f5,bea274aa-277a-403d-ab2f-a0342b28882e,Križanke,168
d9f26e1a-77fc-48b0-a024-93fd38eb88a4,d4d4230a-5247-4071-baa4-463321d9d934,a719a87c-4e93-4387-a6d1-2631a487f7e0,Ajdovščina,645
2fafda56-e44d-4e08-8503-90e6bf75e19d,96d4c75b-6452-4c70-a31e-c234262ba38b,94c6598b-7303-42e1-94d5-156d7a25f630,Gerbičeva,1452
5b59d508-0860-4f50-b5ab-72a79046b488,ecc4ae87-ae08-4b94-995c-452fdd94df7f,94c6598b-7303-42e1-94d5-156d7a25f630,Gerbičeva,1205
10449641-799e-4ee4-a712-a6e3a9aefc27,aa9cc3b9-7c6c-4e45-b91a-1e0494fbf15e,df973089-967d-4446-916c-260e9e8fec83,Domžale,29
4ed69cbb-d738-450c-be11-7d96cd50ee50,ad8a76cf-4386-44b3-9156-490c502e4bc4,8f56b058-1ae3-44f5-8600-4330f2264d78,Privoz,1309
392949a1-1ada-4196-9073-6f392638ca49,0c5f69a6-97c7-4053-bc0b-3f09dbf72f46,9b85d4b0-c594-4e0e-9ce2-d0986256c270,Tavčarjeva,961
e333d90d-3eef-4d82-9e00-ebe693e2f389,3c6ebf90-c611-4535-b2b0-22fba3f7649a,a719a87c-4e93-4387-a6d1-2631a487f7e0,Ajdovščina,747
0614b134-0950-4f6b-bc8f-fb73a0881bc1,34ead609-4331-48ab-8e82-52dd70da9832,25ad5579-f6a0-4f35-a0c9-0678b41e9dde,Križanke,561
35dbaf26-2fa4-45c4-87fc-81d1ff13b005,447a37f6-2be6-45a3-8ae0-6982aa53cafb,4062cd22-b67a-4235-9980-0178b7add592,Drama,606
3f37b298-896a-40be-b2f5-6fe8154756c4,783196f2-97cd-4265-bb9a-b13aa8bb6a0b,d5102041-8282-4c77-a593-edac0d0d4a34,Cukrarna,948
51dbf10f-cf3b-4575-a8cc-d1080c1f9dde,d5d15a80-243b-49d7-a616-b3c3fb39e8af,4062cd22-b67a-4235-9980-0178b7add592,Drama,663
717c914e-f928-4671-95f6-26c1ddb95799,8512e1be-4637-483b-a3e6-78ccc6d2c5b1,639551cf-fe23-4363-8ccd-655bc5d4119e,Zmajski most,373
73e6ef23-ef0c-41bf-9960-0e3078b94d23,862efb04-bcf5-493a-929d-242fb91ba5f6,16578e36-c682-4083-bd29-4973445dc0fe,Gosposvetska,857
c1606675-dd38-4952-914b-6ca64fd56b7b,192b7b6a-b138-4569-a4f3-86bef6b20810,9bb1ed3b-5a6f-43c7-afaf-ba2b60ca1a7a,Aškerčeva,687
1b3ddeca-a066-43ee-9ae5-8339628129c2,49f28358-bfda-458e-a4b3-a45f602765c1,N/A,N/A,4525
42bcfbad-96b8-4ce2-96f3-07694e1bcfe2,1faa072c-478b-4656-8df3-84167a9a4bbb,N/A,N/A,4525
c20233f2-94bc-4c21-9d2a-9b129b668487,61926b26-d777-483f-ae79-86766c48793b,9bb1ed3b-5a6f-43c7-afaf-ba2b60ca1a7a,Aškerčeva,526
dfd33168-046e-49af-9428-b9394f98667c,ad966374-a37d-443a-9a3e-ec85ca28231f,5d7f28a6-2a2a-4333-aa06-48edfb652f86,Pošta,829
0bb103e4-c4a6-4c4c-a13d-217ab4e6dfd3,6a774daa-3547-4128-b304-aa2d17d4391a,fef200e9-4d98-425b-ab14-8110e2aa85d7,Drama,890
acedfed0-a3ba-4fa3-8cd6-910783961f0a,48507e1a-32df-4552-9448-3b345760b75f,fef200e9-4d98-425b-ab14-8110e2aa85d7,Drama,1307
3f01eb40-651e-4fad-aff9-2ee27f259f64,2cde6efe-5f53-44aa-8018-76f0ea2c86f8,fef200e9-4d98-425b-ab14-8110e2aa85d7,Drama,460
030363e5-99a3-401f-96db-a16a340ace21,e57aad1d-457e-401f-b26d-306b4fd836eb,4062cd22-b67a-4235-9980-0178b7add592,Drama,748
245bb1a4-ea6e-45b4-8331-b50983655326,0334e79e-7a89-44e9-a463-5af813e64a40,0bb103e4-c4a6-4c4c-a13d-217ab4e6dfd3,Cesta na Vevče,294
311a0b74-0787-484b-b414-8adf1cd4cf58,1505c6fe-6080-424e-98d1-24c312cfacf3,5d7f28a6-2a2a-4333-aa06-48edfb652f86,Pošta,913
5c38ad77-8124-42b3-810f-04703daec8b4,ccccee29-6fc7-4a86-b492-7f36a8e817db,N/A,N/A,4525
c9b2488c-cca9-4b84-83cb-638ef545c851,c3188d8e-c2d3-40e5-acc2-14bef70a5ff4,b905ae6a-f1e1-4057-8923-481902ed5a8e,Konzorcij,440
a112e799-e1b6-4dd2-b652-bd521dda7638,e90a68ac-02be-418f-8937-b9f1906274f2,N/A,N/A,4525
105e10e7-fbab-4f99-94c9-178c25630b42,cad3370f-7a28-4a47-8d5a-187adab3ca21,d119c3e9-7f2c-4d40-97a4-ccc6b4bb2951,Archinetova,23
404f8444-540d-4d82-a355-30a6a8bec797,3f0c15b3-99bd-4c12-8f7a-df06c9536526,25ad5579-f6a0-4f35-a0c9-0678b41e9dde,Križanke,731
c8e0086c-0cef-4375-a471-72f3ae1e34fc,bf64b499-211b-4da8-ace2-f12a17608ae3,bea274aa-277a-403d-ab2f-a0342b28882e,Križanke,420
52e5adea-e194-4fc1-809c-1d6421f8f8db,b60d686c-3b89-447c-93f6-2837d9af3d02,a719a87c-4e93-4387-a6d1-2631a487f7e0,Ajdovščina,148
192b7b6a-b138-4569-a4f3-86bef6b20810,163da3ae-0ab9-480e-b72d-16357e0a9061,c22879e5-8e90-4540-9a74-5f139208e492,Friškovec,317
eaad1ba5-14a4-494f-80ae-65294c29a962,51e04e1d-9ea1-432d-8b79-09e6c2a7be7b,c5ec5e81-2ce4-452d-bd7a-595de4f8b34f,Prušnikova,230
13d6dac7-dc00-416e-a8c0-0d6967e4014e,f958cead-e4c3-4743-834d-46de4a06a8c9,b59656a4-b6e7-4b87-977c-078c59088a50,Hajdrihova,523
cc9cbd94-6da7-41ff-a728-cfd4b47dfcc0,4a95f1f8-a457-4dcf-bd1f-6307d4300ea0,bea274aa-277a-403d-ab2f-a0342b28882e,Križanke,399
b5273abc-dfeb-49a2-9607-249bf6415e4b,21a5f1e3-8ac0-4023-95ca-0a3ff54099aa,fdff5f9c-6c02-4fc1-a004-7032b17fa37a,Murkova,957
60edf514-fd83-400b-b86f-881f7eff258b,785ad018-d0fe-4628-b188-15f6dc71b38e,d72032c7-d4b0-4eee-a87c-593985a42266,Tobačna,287
c32ef99a-6752-47fe-94eb-a5134c7110af,9c17244c-0812-404b-b929-5cdc0591e421,bea274aa-277a-403d-ab2f-a0342b28882e,Križanke,625
cddb3822-7daf-4cae-9cc3-6b191e81326b,1d7af067-e43b-4a98-953c-75f1b267d9ce,bea274aa-277a-403d-ab2f-a0342b28882e,Križanke,1564
8a224b7d-24ae-4c7b-8318-f66ac8cc078b,1ce1c3a8-e0f6-4f90-b1aa-1448759d8b3c,5d7f28a6-2a2a-4333-aa06-48edfb652f86,Pošta,531
d9224caa-d582-4152-88e0-be720677fe16,4038e02e-f22f-4af0-ba4f-7aab855b53af,e9d9f622-7394-4c5c-9031-a41855a64aa7,Polje,2481
fcfe6ac9-74b3-4c13-96b7-6041f1454813,b47eac47-d897-4ba7-ab06-8e642cc8efe8,fef200e9-4d98-425b-ab14-8110e2aa85d7,Drama,410
c0fb12dd-8cab-40da-a3aa-e8de9c6d09ed,c6dd10bd-c21f-4a0c-9c7d-99e488a173d4,1eadcdb9-60cd-47c9-8eec-527c3465a685,Polje,185
91745353-dd19-49ee-beaf-332e546dcceb,39650ca1-d08c-4645-ac1a-6aed84eb45c5,25ad5579-f6a0-4f35-a0c9-0678b41e9dde,Križanke,651
70bba1e8-3ea8-46fe-ace3-f75b04e37605,9c3d9f7c-69df-4a48-8f1a-d25e7a922ac3,aa42017d-812a-4175-bc9b-0fec03b18931,Ambrožev trg,762
bb1ac8b9-5cb2-49f2-8d5c-d7fe4afdd5dd,f073b9d9-a3e3-4d04-a209-0db55377b79e,087e50b6-7677-4a85-802f-5694266fe38b,Aškerčeva,123
e90a68ac-02be-418f-8937-b9f1906274f2,e9d9f622-7394-4c5c-9031-a41855a64aa7,N/A,N/A,4525
cce39cbe-6961-433a-a787-64fbf602f470,1eadcdb9-60cd-47c9-8eec-527c3465a685,25ad5579-f6a0-4f35-a0c9-0678b41e9dde,Križanke,178
5560d06d-4058-473e-abba-099b05d7cf07,c326e479-ccc3-4915-8788-3fa189d0143e,5d7f28a6-2a2a-4333-aa06-48edfb652f86,Pošta,630
9b9d2948-7538-409c-9bfc-42c0b74c41a8,51dbf10f-cf3b-4575-a8cc-d1080c1f9dde,67c3adc1-a92d-4528-91ee-77d8b52574c6,Poliklinika,466
318d4398-e152-498b-b4ff-1344c67adba6,b829062a-2644-4350-b998-74522d9e85d8,bea274aa-277a-403d-ab2f-a0342b28882e,Križanke,676
d3a6cbf3-65f0-4db8-9a10-1460763eac8e,041e08cc-b1bd-4f2c-aa4e-a9aaf2837a28,5d7f28a6-2a2a-4333-aa06-48edfb652f86,Pošta,373
339ec74c-f45b-4f23-98b8-7ac67486ff6d,93928408-7b36-41f9-9b62-fec53e14b4e2,4062cd22-b67a-4235-9980-0178b7add592,Drama,320
1b3d51e8-8b5e-4b31-a63e-9d665243c2f1,5b2cb528-ba33-461a-aee5-54e2ed8c3758,N/A,N/A,4525
eb669f04-cfb6-4ea4-90c9-26eb551ecb45,edf94a12-03e9-4225-b6cc-aca0edf588a7,54c591c0-7bbb-4489-9229-57b18f95827a,Stara cerkev,1160
38b3abed-0592-407b-96c3-85a026f2e192,06e4802d-2c96-4556-bd95-35e0a2bb030c,N/A,N/A,4525
4fddf4a7-ad4e-4630-a5ca-3267955db548,392949a1-1ada-4196-9073-6f392638ca49,f14a6236-8af2-47bf-9270-432377662a63,Viadukt,338
a5eb15d2-f0cb-46a6-b888-6a9aad6bc5b6,5fe363f3-8297-448b-bde3-08f690c92d1b,fef200e9-4d98-425b-ab14-8110e2aa85d7,Drama,352
4a95f1f8-a457-4dcf-bd1f-6307d4300ea0,2edaabef-ed43-4b87-ba95-a5600c33250f,a719a87c-4e93-4387-a6d1-2631a487f7e0,Ajdovščina,132
cee2862b-9b70-4880-8fa3-16c6d2efae1b,e9035f9a-28be-450a-a30c-7178134ff26b,9bb1ed3b-5a6f-43c7-afaf-ba2b60ca1a7a,Aškerčeva,553
ea91e672-f4a8-40cb-af62-214726551a93,9f6048f0-5c5e-4773-915e-4ee05d200e27,b905ae6a-f1e1-4057-8923-481902ed5a8e,Konzorcij,279
233daca5-913b-4e10-bf34-18b1c8c77019,bea274aa-277a-403d-ab2f-a0342b28882e,e7789f42-0ad7-44d1-974b-42a3f4957291,Strelišče,311
acedfed0-a3ba-4fa3-8cd6-910783961f0a,6e7cab20-d7e3-474f-9a5e-f1e0ca6fae53,bea274aa-277a-403d-ab2f-a0342b28882e,Križanke,215
e26da28a-b9c3-41b8-b57f-87b289b38e08,73e6ef23-ef0c-41bf-9960-0e3078b94d23,5d7f28a6-2a2a-4333-aa06-48edfb652f86,Pošta,732
f4cfd904-bd11-4247-95df-32c4555a930f,d7384760-d854-492d-87af-f342cab37fc1,25ad5579-f6a0-4f35-a0c9-0678b41e9dde,Križanke,1353
332abe37-33b8-4142-9edd-4ebd9e52eaf7,c9b2488c-cca9-4b84-83cb-638ef545c851,6182f8e8-c45e-4606-b4a4-d909bd44d2cc,Gornji trg,1758
461045f0-a82c-45c0-af66-71b25f3f0e1a,8a5febd6-d44a-4c98-a221-46044548663d,4062cd22-b67a-4235-9980-0178b7add592,Drama,442
c0a064eb-b507-43c2-a6d2-0e9c5881f031,7a256ec6-bb93-47eb-af92-ea62941c1dc6,a719a87c-4e93-4387-a6d1-2631a487f7e0,Ajdovščina,220
b589ddd3-5a31-4fe1-915f-44347b4c0a1a,aa9cc3b9-7c6c-4e45-b91a-1e0494fbf15e,a719a87c-4e93-4387-a6d1-2631a487f7e0,Ajdovščina,447
0b90d258-764d-4c06-aab0-7074dbd54182,8f623f1d-48a7-46b5-9331-28a8dc980876,087e50b6-7677-4a85-802f-5694266fe38b,Aškerčeva,568
b2dd1684-0848-40f7-b10e-8f74bb005f2f,d72d58c2-b9a9-4dd5-b741-17e986d925c8,N/A,N/A,4525
8648bfde-9b0f-4a64-aced-fe63aa923879,eb8e8d9a-a3d5-4ec1-9356-26e0e41912d1,ecc4ae87-ae08-4b94-995c-452fdd94df7f,Privoz,815
9276fcfb-0f7e-4df3-b827-325600851526,930fed8f-1d4d-40c6-9a3b-53697263a0f2,fef200e9-4d98-425b-ab14-8110e2aa85d7,Drama,473
4c08e174-6890-4c5d-9eec-15686971f909,bd001f58-6e58-49e9-877f-1fa36964fbc2,N/A,N/A,4525
70c51140-f3ee-4c89-a6e2-ed74dab89148,25ad5579-f6a0-4f35-a0c9-0678b41e9dde,5d7f28a6-2a2a-4333-aa06-48edfb652f86,Pošta,449
a33e6b1f-de56-43aa-9a52-f7064636ab79,1308dcf9-a9e1-4e54-95c9-0f2afaac889b,a719a87c-4e93-4387-a6d1-2631a487f7e0,Ajdovščina,434
45754ca7-bffd-4bcf-96df-952e59574dde,e9089f7d-853e-4375-8ecb-0db96fcc60e6,25ad5579-f6a0-4f35-a0c9-0678b41e9dde,Križanke,176
0b4a072e-6c2d-4c71-ab80-2b7142df81de,c568fe2e-477f-4af2-ad68-cb8111f361d0,023d7b7a-b411-4e61-8746-b07f9e5c8f90,Ambrožev trg,217
9dfc0a62-bf4d-4670-83d0-4e26a6e56b32,f174a648-9e84-492d-9ccd-0756b49c773b,bea274aa-277a-403d-ab2f-a0342b28882e,Križanke,1421
6c56976b-4ae1-429f-bcab-0cfc37e3580d,fcccf4af-4f16-4edc-ba5a-585c434593fe,fef200e9-4d98-425b-ab14-8110e2aa85d7,Drama,185
7a52a73a-cc0e-4c61-b9bc-306157727e1c,35aedf45-cca3-4f2f-931b-138d29d20fe9,bea274aa-277a-403d-ab2f-a0342b28882e,Križanke,830
923bd774-0651-4e0a-8624-3acfb7ecd5ff,6a74977a-a26d-42b4-a60b-8dabc726e57d,9b85d4b0-c594-4e0e-9ce2-d0986256c270,Tavčarjeva,257
6a74977a-a26d-42b4-a60b-8dabc726e57d,8598b85d-3e1d-4767-b72f-0c209038841f,e66e813a-722d-40f8-9ee9-1470d07bc200,Tobačna,483
278a9d60-64c7-4bfa-aad0-24068aa760af,476c1b24-6f2f-4727-b610-645c50493814,fac22b83-1bc0-4c12-8533-485b115409ef,Bolnica,550
02c61e3f-2d2e-4b42-b695-bbd3cc672f6b,4fddf4a7-ad4e-4630-a5ca-3267955db548,0bb103e4-c4a6-4c4c-a13d-217ab4e6dfd3,Cesta na Vevče,1446
a9796806-8cd3-4b76-bf8c-4340aec35c9e,9fa0b90f-dba1-4eca-8802-589425d3e8fd,bea274aa-277a-403d-ab2f-a0342b28882e,Križanke,202
5d1e404b-1606-457e-8d2b-4e3e80139532,786a15d4-dd6b-42bb-a5c9-6ce994b5be9e,9bb1ed3b-5a6f-43c7-afaf-ba2b60ca1a7a,Aškerčeva,364
f1bc11ca-7516-447a-b826-7051c5306af7,889e3719-7d29-4888-b690-5a1531d2930e,b905ae6a-f1e1-4057-8923-481902ed5a8e,Konzorcij,228
f784b27a-1509-4eec-bd52-6beee2b9530b,786a15d4-dd6b-42bb-a5c9-6ce994b5be9e,093afa81-b65f-4182-bac3-afbc00558a9b,Koseze,96
76ec8af8-07c2-4d44-b0d8-a439d381913f,54c591c0-7bbb-4489-9229-57b18f95827a,9cfac7e2-9653-4e52-a6d3-27756d27f817,Kino Šiška,306
7d579a55-27bc-49d0-a124-a5ed6233c55a,862efb04-bcf5-493a-929d-242fb91ba5f6,5d7f28a6-2a2a-4333-aa06-48edfb652f86,Pošta,431
c0ff37c8-ac6c-4284-ad32-0ad29fd30dc2,f8da5156-e545-47ed-a811-2242f41f5593,98fa3880-5936-4ec8-ba04-39c7ff9a0e6a,Stara cerkev,1399
e26da28a-b9c3-41b8-b57f-87b289b38e08,a26d9a94-effb-45ab-a27f-74076e9e5bdd,9b85d4b0-c594-4e0e-9ce2-d0986256c270,Tavčarjeva,117
6c773433-c487-49c5-a783-32c0e276ed7b,2fafda56-e44d-4e08-8503-90e6bf75e19d,6182f8e8-c45e-4606-b4a4-d909bd44d2cc,Gornji trg,614
0c5f69a6-97c7-4053-bc0b-3f09dbf72f46,29336b94-2382-46dd-b2e6-4590dd689640,9b85d4b0-c594-4e0e-9ce2-d0986256c270,Tavčarjeva,223
6c773433-c487-49c5-a783-32c0e276ed7b,77c4dfcc-1122-4896-9983-8a5bd11320de,5d7f28a6-2a2a-4333-aa06-48edfb652f86,Pošta,113
1ce1c3a8-e0f6-4f90-b1aa-1448759d8b3c,cf22c7c2-776f-4bd7-ae1a-dc4f25983c19,9bb1ed3b-5a6f-43c7-afaf-ba2b60ca1a7a,Aškerčeva,420
5c38ad77-8124-42b3-810f-04703daec8b4,245bb1a4-ea6e-45b4-8331-b50983655326,fef200e9-4d98-425b-ab14-8110e2aa85d7,Drama,955
cf22c7c2-776f-4bd7-ae1a-dc4f25983c19,fd0e405e-d5e5-45fc-8911-e48a178ad4a9,ecc4ae87-ae08-4b94-995c-452fdd94df7f,Privoz,1051
a2f479c6-4c21-4923-b4ac-86f752507cee,cb05ea76-5fc1-4162-b432-a914b63604d0,N/A,N/A,4525
b5273abc-dfeb-49a2-9607-249bf6415e4b,71480129-1108-4659-bb1b-d62897a81d02,16578e36-c682-4083-bd29-4973445dc0fe,Gosposvetska,521
2c0475be-44e7-4f0f-a06d-2c1b4ca15677,07bad99d-070a-42f7-8766-d11d42152623,306dcdea-b1ce-4357-ba5e-fa82293630df,Kolodvor,178
f0661242-947b-4937-a9ce-d2a135cd62a7,2c0475be-44e7-4f0f-a06d-2c1b4ca15677,a719a87c-4e93-4387-a6d1-2631a487f7e0,Ajdovščina,288
6d2a7c2e-5938-433e-a691-b9bc28767675,0b6c7b97-410c-48fa-be23-430c316f9b10,91b76764-87af-4b90-89dd-60f0046f7cc0,Tomačevska,533
075a6b29-66cb-409f-89fe-37d50669eff4,ef91fd44-5651-4fd4-b6f8-619fdef9da7b,216a26dc-11c2-432b-b099-0d55d508b7fa,Cesta v Gorice,612
ca8cbe57-95dc-4326-9c06-b60a87b981b1,d9df1ba3-6820-4fcb-b561-9cb7a60dd463,fef200e9-4d98-425b-ab14-8110e2aa85d7,Drama,986
6edebb46-d04f-45c4-99a4-100f7f0b2660,c0ff37c8-ac6c-4284-ad32-0ad29fd30dc2,6182f8e8-c45e-4606-b4a4-d909bd44d2cc,Gornji trg,334
1b3d51e8-8b5e-4b31-a63e-9d665243c2f1,1eadcdb9-60cd-47c9-8eec-527c3465a685,a719a87c-4e93-4387-a6d1-2631a487f7e0,Ajdovščina,393
d4c51b31-46fd-4da8-ba15-8068e666d483,dac8d2a7-89e4-4aec-948d-00db4833ce7c,b905ae6a-f1e1-4057-8923-481902ed5a8e,Konzorcij,1075
447a37f6-2be6-45a3-8ae0-6982aa53cafb,a8a92762-af25-42a7-98dd-9846f8b33e09,N/A,N/A,4525
5a2def68-fa57-4002-a942-e39bc2a87688,b60d686c-3b89-447c-93f6-2837d9af3d02,f2920a77-6c6c-494d-96b7-2a8caf8f374f,Mirje,173
9b0074d2-2c92-4c01-830b-00be8e05b412,a7177a3d-8db2-43fb-8910-f95857f0ed97,N/A,N/A,4525
e26da28a-b9c3-41b8-b57f-87b289b38e08,ee03ecf6-db6d-4ecc-90cd-5b3afc8afb91,fef200e9-4d98-425b-ab14-8110e2aa85d7,Drama,98
156a6f62-9a67-4cf0-ad56-85a343c77cd2,0b6960bb-2431-48c3-9e64-3cbf5c57ea96,a719a87c-4e93-4387-a6d1-2631a487f7e0,Ajdovščina,458
2496479b-f855-403d-bce8-2a4d9988665d,6324e337-5778-492a-9e9c-57e3ad5c4710,43e01b7e-be2c-4282-be1b-9f628ca67327,Jamnikarjeva,441
25cde952-4896-4977-b229-75e09b3e3661,4a74b966-4fbf-41ab-8e1b-276f3f14fc49,154f3596-bbbb-4038-9ad7-c4b8b5288a02,Stadion,829
087e50b6-7677-4a85-802f-5694266fe38b,61485a1f-73a8-4dac-bcc7-6e4e53eb4b0f,b905ae6a-f1e1-4057-8923-481902ed5a8e,Konzorcij,156
b4b7f450-4397-42d2-9d1e-39f786eecc2e,18d010ca-0244-4928-82cb-47af0836a1bb,25ad5579-f6a0-4f35-a0c9-0678b41e9dde,Križanke,749
baab981f-b707-4b2e-8291-6175f7ceb255,67c3adc1-a92d-4528-91ee-77d8b52574c6,fef200e9-4d98-425b-ab14-8110e2aa85d7,Drama,308
4038e02e-f22f-4af0-ba4f-7aab855b53af,923bd774-0651-4e0a-8624-3acfb7ecd5ff,25ad5579-f6a0-4f35-a0c9-0678b41e9dde,Križanke,502
8f56b058-1ae3-44f5-8600-4330f2264d78,eaad1ba5-14a4-494f-80ae-65294c29a962,5d7f28a6-2a2a-4333-aa06-48edfb652f86,Pošta,1857
d3283222-38a9-40e2-a485-180d1a33067c,d0790612-d161-4be4-953d-a7a0c33acf1e,9a938b49-ce1d-4e1c-a789-e316630ebc4f,Poliklinika,97
02e96186-e90a-4171-8869-082486f7da1d,717c914e-f928-4671-95f6-26c1ddb95799,N/A,N/A,4525
b2dd1684-0848-40f7-b10e-8f74bb005f2f,f528b363-1484-456c-835b-1e08dc31ef8e,N/A,N/A,4525
235d7e56-4520-4691-b7d9-7588f7306e1d,30cf2ed7-2cf0-4764-ab64-78206968d5ba,15bb8af1-183e-4ec8-81f7-1fc6e81beb30,Ostrovrhar,8
6a89c110-a0f8-4b1a-87f0-33f49c0a658e,7a256ec6-bb93-47eb-af92-ea62941c1dc6,4062cd22-b67a-4235-9980-0178b7add592,Drama,131
0df2ffa6-b1c8-44d0-900c-8b23b37794df,d9df1ba3-6820-4fcb-b561-9cb7a60dd463,fef200e9-4d98-425b-ab14-8110e2aa85d7,Drama,97
404f8444-540d-4d82-a355-30a6a8bec797,a33e6b1f-de56-43aa-9a52-f7064636ab79,3429cda2-6047-453c-bf54-952dfa6674c0,Klinični center,679
70c51140-f3ee-4c89-a6e2-ed74dab89148,12304b99-9a07-485a-a101-eaca90495d48,a9796806-8cd3-4b76-bf8c-4340aec35c9e,Lutkovno gl.,133
216a26dc-11c2-432b-b099-0d55d508b7fa,59ee5f7d-476b-4958-a922-2040a9308f3b,5d7f28a6-2a2a-4333-aa06-48edfb652f86,Pošta,310
bb1ac8b9-5cb2-49f2-8d5c-d7fe4afdd5dd,298fea2e-c58b-4d99-9350-2420c718d2cc,cdabf1ea-b04c-480a-8359-72c46e6864ab,Bežigrad,656
6d2a7c2e-5938-433e-a691-b9bc28767675,13d6dac7-dc00-416e-a8c0-0d6967e4014e,fef200e9-4d98-425b-ab14-8110e2aa85d7,Drama,1196
b698a890-05b8-40f6-a3a6-4f4c0a820f97,6932c2e0-ff32-4170-b519-fba88e29c147,N/A,N/A,4525
eee4abae-e720-4776-b6c7-0099d0119246,295616c0-387b-4f60-a337-7743cd6be04e,ba681dbc-ea72-4685-ad98-c5ed496510e6,Plešičeva,162
65e92ecc-800d-4962-a8bc-0f50f1107a5b,e2d3c37e-a7df-458e-9e5a-ea33ccf4c11b,25ad5579-f6a0-4f35-a0c9-0678b41e9dde,Križanke,290
fb7704f0-d31e-4561-83e4-621a8c62654b,e2d3c37e-a7df-458e-9e5a-ea33ccf4c11b,fef200e9-4d98-425b-ab14-8110e2aa85d7,Drama,854
8c7fa045-888b-46d0-8189-6f82623bf481,98239279-bb80-4070-965c-dc87525019e2,f4cfd904-bd11-4247-95df-32c4555a930f,Klinični center,637
7b822496-7ea4-4ce8-b78c-1d021c68a9ed,d08c4884-9764-447f-9b79-0ef7a645222f,8c7fa045-888b-46d0-8189-6f82623bf481,Poljanska,344
7fdce743-a4be-44d7-8658-0a259a18ad30,08f2fb98-afdf-4961-b419-1bca7f5568ab,087e50b6-7677-4a85-802f-5694266fe38b,Aškerčeva,886
d08c4884-9764-447f-9b79-0ef7a645222f,cf22c7c2-776f-4bd7-ae1a-dc4f25983c19,a719a87c-4e93-4387-a6d1-2631a487f7e0,Ajdovščina,935
9143c575-806f-4ba0-81bc-8199f0b0b4d0,a769d1e9-8727-4190-b56c-5cdd8a49333d,6c56976b-4ae1-429f-bcab-0cfc37e3580d,Zgornji log,430
02c61e3f-2d2e-4b42-b695-bbd3cc672f6b,8561e9fb-03e0-46f1-802d-b376d26a8ea5,bea274aa-277a-403d-ab2f-a0342b28882e,Križanke,334
8648bfde-9b0f-4a64-aced-fe63aa923879,8589e5d1-21b4-4210-ad7a-4bf91f9a715d,eead721b-8996-4e73-a2f9-02dba20df4fa,Ilirska,417
91b76764-87af-4b90-89dd-60f0046f7cc0,3d2f3af0-3b48-4019-a861-ee4fff761a24,fef200e9-4d98-425b-ab14-8110e2aa85d7,Drama,609
34afe7f1-2d09-487f-983f-19c7dd5dae82,9c17244c-0812-404b-b929-5cdc0591e421,8c7fa045-888b-46d0-8189-6f82623bf481,Poljanska,133
acd87210-4e04-49b4-884b-1fe11c453bf4,cecad767-51e5-4683-bf56-e6e342f8d1e0,N/A,N/A,4525
f414efd9-d697-4bbe-abb6-c9e09fd73514,fbd1dfb0-4a6f-4160-ad52-5ccb69530195,N/A,N/A,4525
1536cb2e-acd3-49cb-8f06-bb8cd40c0c02,d72032c7-d4b0-4eee-a87c-593985a42266,557f714a-6f4a-4c98-8c5a-d74fa34b2adb,Hrvatski trg,648
e786b2df-34ed-4246-832e-7c3d538ac1f4,dc7b6fb3-15db-4c7e-9fa1-424943178ce6,f2b27cbd-5207-4281-8f67-6369d0c50a9b,Kodrova,9
64ea9f57-1f7f-465e-8721-55e26faee36a,ee3713fe-016c-47eb-96d1-f760c9d19010,59ee5f7d-476b-4958-a922-2040a9308f3b,Kranjčeva,146
eb11d52f-300b-4648-a2e8-ed03db9ff7e2,66eec6a2-dfde-4d98-b690-e47f200367fd,N/A,N/A,4525
bd001f58-6e58-49e9-877f-1fa36964fbc2,075a6b29-66cb-409f-89fe-37d50669eff4,bea274aa-277a-403d-ab2f-a0342b28882e,Križanke,832
912792ae-7f7e-4295-8064-38ea96a5dc4a,8677848c-55dd-4af4-b275-3074a3ff4846,N/A,N/A,4525
4abe5e63-5707-4ef0-acda-ab2c52749afe,6edebb46-d04f-45c4-99a4-100f7f0b2660,fef200e9-4d98-425b-ab14-8110e2aa85d7,Drama,216
cdbafa76-fd1b-45e0-bbd6-d6c1c6a141f9,df973089-967d-4446-916c-260e9e8fec83,dc6b96b1-d0fa-4d03-ac2b-8eba5bb97ba2,Peruzzijeva,1386
d7748049-2f69-4c77-a19b-96774a521ac1,66943a7c-28b4-40a6-a996-21aa0b968435,f4cfd904-bd11-4247-95df-32c4555a930f,Klinični center,138
bdd68b01-e9a1-4270-be50-8b5c7bd39a1c,d83ec579-9ab5-4e30-bedd-86613c234abd,9bb1ed3b-5a6f-43c7-afaf-ba2b60ca1a7a,Aškerčeva,252
9e0942f3-2c18-4891-9b51-9d95cc43af7a,9741988b-6723-480b-a419-8db7490d667a,fef200e9-4d98-425b-ab14-8110e2aa85d7,Drama,513
461045f0-a82c-45c0-af66-71b25f3f0e1a,8598b85d-3e1d-4767-b72f-0c209038841f,105e10e7-fbab-4f99-94c9-178c25630b42,Brodarjev trg,1578
cec37fa8-0d4a-4e80-a259-2fa91b68463d,4ca9e64c-29ad-4391-a6f2-7e1ae022d5bf,ecc4ae87-ae08-4b94-995c-452fdd94df7f,Privoz,895
a7177a3d-8db2-43fb-8910-f95857f0ed97,6324e337-5778-492a-9e9c-57e3ad5c4710,N/A,N/A,4525
a1406782-3114-407c-8e35-35bcf5a1234b,7e780e7f-3665-4ec7-a910-eaf6e9d82551,77dcd833-fa4d-4c5a-93b1-31284942e61d,Šišenska,128
1b0f629f-acdb-4e94-8c54-018f4334ebf7,7d628170-e2eb-47fd-9d3e-658acf78d7d3,N/A,N/A,4525
12304b99-9a07-485a-a101-eaca90495d48,0eca6015-5429-4289-a76c-4ec9ef707e67,d72032c7-d4b0-4eee-a87c-593985a42266,Tobačna,888
9bb1ed3b-5a6f-43c7-afaf-ba2b60ca1a7a,eb8e8d9a-a3d5-4ec1-9356-26e0e41912d1,1c0ae078-cca7-40c8-aeda-1187a12ddfee,Remiza,327
8fc42c89-96e2-4c69-a2b4-44d505f27ce9,769b7bc7-4f95-4bb2-9c99-37ba8e8b4bd5,25ad5579-f6a0-4f35-a0c9-0678b41e9dde,Križanke,62
e0f10330-ad34-453d-baf4-d6c601cb6cf8,40fcc1b9-2c42-4db8-bd48-d431efc8a3fd,a719a87c-4e93-4387-a6d1-2631a487f7e0,Ajdovščina,1499
184817a9-ca88-4c82-a40b-5768991da3df,9e90940e-cf99-4112-87ec-7cbb6331509a,25ad5579-f6a0-4f35-a0c9-0678b41e9dde,Križanke,515
e2499103-6634-4d8e-87a8-68dc5ef6340c,d8289ab1-f65d-4b3d-8b4b-55ada004f023,25ad5579-f6a0-4f35-a0c9-0678b41e9dde,Križanke,385
29096931-9d98-487f-bd0a-b0767611e561,5f6cb902-b824-4961-9ac2-75cf44a47055,bea274aa-277a-403d-ab2f-a0342b28882e,Križanke,700
67c3adc1-a92d-4528-91ee-77d8b52574c6,c0a064eb-b507-43c2-a6d2-0e9c5881f031,5cc8a08d-c0af-491f-9a9c-b8b4f5f23bc0,BTC-Emporium,2075
2c46416a-d66e-469c-a342-898a93f5b2f0,9e109242-5aad-4fb7-b0c8-576eef8aa4e0,6182f8e8-c45e-4606-b4a4-d909bd44d2cc,Gornji trg,359
01bc5983-63a7-4184-9986-32e5a5320684,7f510cd8-4742-4dcf-95c0-16cde39c2e26,4062cd22-b67a-4235-9980-0178b7add592,Drama,548
5c246f67-4431-4968-8d64-2ae4b823e360,f2bac6f5-5bbc-4f15-acdd-014d86770ce9,b905ae6a-f1e1-4057-8923-481902ed5a8e,Konzorcij,163
f496ecc3-28fe-4361-9da8-428bbf3bd672,7f510cd8-4742-4dcf-95c0-16cde39c2e26,e66e813a-722d-40f8-9ee9-1470d07bc200,Tobačna,1365
5aeac892-889f-4c5a-8fde-67e6ac096242,e74131c6-ac2f-477b-9693-10bb5ab9f24b,N/A,N/A,4525
30c30bf5-75c4-4dc0-995f-4679ef54d37c,2e62f411-936d-4a10-96ed-2d8fe95d6d65,3d8122ff-0840-4811-a5ad-c4702fc70269,Pod Rožnikom,496
16d19639-a788-4df6-a168-6f8c3652ded7,1ef524bd-2bf3-4c47-add3-044374897443,712ee105-4fab-498a-af5c-496ca9830f5f,Viadukt,439
9a14b0ec-f13a-46f0-8c4f-07d8b99241e2,d7384760-d854-492d-87af-f342cab37fc1,087e50b6-7677-4a85-802f-5694266fe38b,Aškerčeva,862
17f7d178-41b3-41f9-a545-cbfc22a0a5f1,f174a648-9e84-492d-9ccd-0756b49c773b,dfde6478-02b5-471b-a470-29cb0e84542f,Slovenija avto,792
8fbf17ab-413b-442c-9c6a-0eb8873a4755,53806659-b339-4e68-af4a-4325c16b6026,3429cda2-6047-453c-bf54-952dfa6674c0,Klinični center,1015
bd1a0fbd-1593-4552-a76f-681c59333d6b,cdabf1ea-b04c-480a-8359-72c46e6864ab,fef200e9-4d98-425b-ab14-8110e2aa85d7,Drama,769
1df1835b-cfd3-40e7-9466-9c9d43642bed,16578e36-c682-4083-bd29-4973445dc0fe,fc3967fb-5520-4fff-a819-f625242182e5,Cankarjev dom,679
e9d9f622-7394-4c5c-9031-a41855a64aa7,9a1c4c65-df77-481f-87ad-56143f02a864,2e62f411-936d-4a10-96ed-2d8fe95d6d65,Zidarjevec,786
f958cead-e4c3-4743-834d-46de4a06a8c9,b4b30b45-445a-4f70-bdf5-5ea7cdc98583,5d7f28a6-2a2a-4333-aa06-48edfb652f86,Pošta,25
ae3f312a-4242-4a42-8df2-5990505a7747,aa42017d-812a-4175-bc9b-0fec03b18931,5ddf10c0-90a5-4dbf-992c-23c0505674aa,Podgora,64
d9f26e1a-77fc-48b0-a024-93fd38eb88a4,da656f17-9723-4cbe-a008-823cbad17c28,fef200e9-4d98-425b-ab14-8110e2aa85d7,Drama,117
cbf8e64b-fd0d-48ec-8fb1-03b298cc13b3,379bc761-04b5-4227-be76-3b870fe3e69f,60ccc570-3714-410b-aa31-43d3a4c593c8,Tržnica Moste,208
9807573b-8821-40e4-b891-a5cea6e23b3d,4ca9e64c-29ad-4391-a6f2-7e1ae022d5bf,9bb1ed3b-5a6f-43c7-afaf-ba2b60ca1a7a,Aškerčeva,1513
6182f8e8-c45e-4606-b4a4-d909bd44d2cc,c20233f2-94bc-4c21-9d2a-9b129b668487,bb1ac8b9-5cb2-49f2-8d5c-d7fe4afdd5dd,Cesta na Vrhovce,933
4b847ac2-4c41-4fc1-a497-9ce4deaab8b1,d2e3d9f5-0203-49a4-8ea1-455e2434a347,N/A,N/A,4525
53f8224f-99e5-4c34-9f77-3621bbe9ce99,8561e9fb-03e0-46f1-802d-b376d26a8ea5,4062cd22-b67a-4235-9980-0178b7add592,Drama,1252
f0661242-947b-4937-a9ce-d2a135cd62a7,66943a7c-28b4-40a6-a996-21aa0b968435,38b3abed-0592-407b-96c3-85a026f2e192,Dalmatinova,1332
c627c9f2-af02-4d83-969a-566719bb09e3,9cd1e7f8-8ccf-4469-bc25-25d138605c67,4062cd22-b67a-4235-9980-0178b7add592,Drama,282
35dbaf26-2fa4-45c4-87fc-81d1ff13b005,1d62c3f1-903c-4350-a349-80c4573b3cdc,bea274aa-277a-403d-ab2f-a0342b28882e,Križanke,327
16ae0a39-ff9a-4aee-88b5-34502255fab4,557f714a-6f4a-4c98-8c5a-d74fa34b2adb,f4cfd904-bd11-4247-95df-32c4555a930f,Klinični center,872
10d57057-b305-4b7a-806b-3373014db962,e74131c6-ac2f-477b-9693-10bb5ab9f24b,N/A,N/A,4525
476b2caa-710a-47fe-9743-4d75d7ada5fb,4ca7ae7e-380b-45e3-81de-00ffab5bb531,4062cd22-b67a-4235-9980-0178b7add592,Drama,810
61f19c68-2d5e-4d76-bdd4-28709a347b5b,97788808-915f-4405-b54e-7ec5f95f7330,4062cd22-b67a-4235-9980-0178b7add592,Drama,1259
9c2e9262-7afe-44d3-8aaf-80afd45f9118,3fbf6322-fb74-4a50-a81a-bfca73abc26b,6182f8e8-c45e-4606-b4a4-d909bd44d2cc,Gornji trg,297
da834a23-5697-49bb-b3a1-7f277c8206bc,567980fa-7783-411d-9c67-55b44d753880,7b41ca8e-2e41-4572-aa5c-1d80375e8835,Pošta Dobrunje,342
cd2cdf5f-a758-494c-8b1f-2de4ac913723,29589594-5959-4efb-8dda-7348e4e500a0,N/A,N/A,4525
cb05ea76-5fc1-4162-b432-a914b63604d0,235d7e56-4520-4691-b7d9-7588f7306e1d,25ad5579-f6a0-4f35-a0c9-0678b41e9dde,Križanke,782
7c166e7c-6fe0-44bd-b124-0013473f227a,fef200e9-4d98-425b-ab14-8110e2aa85d7,38b3abed-0592-407b-96c3-85a026f2e192,Dalmatinova,527
363e4763-df83-4814-99d2-879d448d5910,15c71406-72b5-4681-8b1a-29eb30eb3f76,4062cd22-b67a-4235-9980-0178b7add592,Drama,347
f2fc2702-e9da-4c36-b6fc-9f52199e4574,105e10e7-fbab-4f99-94c9-178c25630b42,6182f8e8-c45e-4606-b4a4-d909bd44d2cc,Gornji trg,905
26ec9924-5586-4fd5-8b20-63f2d0a38d44,53c3c8c9-2e64-4a8f-9afb-031b24c17d5a,6182f8e8-c45e-4606-b4a4-d909bd44d2cc,Gornji trg,946
f9d70942-e517-4560-8655-99481edd2b95,7d003bd3-5fae-4076-b952-9f734651720f,b905ae6a-f1e1-4057-8923-481902ed5a8e,Konzorcij,1883
6324e337-5778-492a-9e9c-57e3ad5c4710,a12ab184-fb4b-449f-9884-88e0a1672e64,7a52a73a-cc0e-4c61-b9bc-306157727e1c,Tržnica Moste,149
66012072-6b6b-4775-8001-0887d18e09a3,0eca6015-5429-4289-a76c-4ec9ef707e67,25ad5579-f6a0-4f35-a0c9-0678b41e9dde,Križanke,761
1c214818-5471-4d2a-a7b2-33464ffacdad,0b6960bb-2431-48c3-9e64-3cbf5c57ea96,923bd774-0651-4e0a-8624-3acfb7ecd5ff,Gornje Poljane,662
a378ce5e-57ce-4c52-b219-568674b5cd5e,1cc5f00f-c982-4016-8553-40a3da4f36ad,c124f317-217b-4b89-9597-393843de4f81,Nusdorferjeva,84
1ceecd12-b005-4828-ad39-8f2aeb1ca228,f15ddf31-fc11-41ba-988d-376c83e38f58,25ad5579-f6a0-4f35-a0c9-0678b41e9dde,Križanke,195
dadea785-0c6b-4054-9882-37227de3df4b,169789c5-0251-47a6-800a-74ff3dffe04d,a719a87c-4e93-4387-a6d1-2631a487f7e0,Ajdovščina,64
ad8a76cf-4386-44b3-9156-490c502e4bc4,889e3719-7d29-4888-b690-5a1531d2930e,fcccf4af-4f16-4edc-ba5a-585c434593fe,ZD Polje,359
e0f10330-ad34-453d-baf4-d6c601cb6cf8,a2b5023d-5ce8-420f-ad2a-b61c7a1902a8,cecad767-51e5-4683-bf56-e6e342f8d1e0,Zg. Besnica,117
7ad25867-5c97-4f9f-9b1b-4966436f7fbf,f528b363-1484-456c-835b-1e08dc31ef8e,567980fa-7783-411d-9c67-55b44d753880,Avtomontaža,346
0dc86a8f-0f41-44c7-978c-e06cb63cbbcf,b9edd39a-4f64-4553-869e-bb77e617b9b8,9a1c4c65-df77-481f-87ad-56143f02a864,Vižmarje,23
154f3596-bbbb-4038-9ad7-c4b8b5288a02,d4d4230a-5247-4071-baa4-463321d9d934,5d7f28a6-2a2a-4333-aa06-48edfb652f86,Pošta,782
b6816891-4b0d-4bda-8e12-176194efaefe,c20233f2-94bc-4c21-9d2a-9b129b668487,5d7f28a6-2a2a-4333-aa06-48edfb652f86,Pošta,296
81a7167c-7913-442e-96c5-20dc6e25d74b,0d50a4a8-a88d-4468-b562-73e51937e1c5,4ca7ae7e-380b-45e3-81de-00ffab5bb531,Yulon,444
cec37fa8-0d4a-4e80-a259-2fa91b68463d,461045f0-a82c-45c0-af66-71b25f3f0e1a,9bd3ee10-bc61-44e8-8cf3-a37cffd54da0,DOMŽALE kolodvor,55
cab36767-e95a-4f60-978e-92490f2517b2,d9f26e1a-77fc-48b0-a024-93fd38eb88a4,d5102041-8282-4c77-a593-edac0d0d4a34,Cukrarna,71
105e10e7-fbab-4f99-94c9-178c25630b42,bd1396f2-4dc8-4695-9bf1-c601157100d8,609f0950-bb8c-4eaf-a931-8575b8aff1ac,Savske stolpnice,85
f1d7dbc8-d84b-4550-a3bd-e4748a677e9d,ef3024a8-1d7f-4cf5-ad3b-74528eaa9c51,12618339-2c2d-49ec-b0e0-2517c11991f8,Mirje,515
acedfed0-a3ba-4fa3-8cd6-910783961f0a,62feeb73-9af7-43ee-8714-1b435ec20263,a719a87c-4e93-4387-a6d1-2631a487f7e0,Ajdovščina,306
6559d555-672b-4633-8a81-0ae68fb963eb,7b41ca8e-2e41-4572-aa5c-1d80375e8835,ef91fd44-5651-4fd4-b6f8-619fdef9da7b,Hajdrihova,882
01bc5983-63a7-4184-9986-32e5a5320684,7fa32ea0-e884-435a-a81c-51bbd5cedf3e,e7789f42-0ad7-44d1-974b-42a3f4957291,Strelišče,894
3d0466c6-82f4-4a8e-ac5f-18d4dab794ac,48b163cd-b819-4849-aee1-8b1da77657ab,b905ae6a-f1e1-4057-8923-481902ed5a8e,Konzorcij,92
5f6cb902-b824-4961-9ac2-75cf44a47055,5c246f67-4431-4968-8d64-2ae4b823e360,f4cfd904-bd11-4247-95df-32c4555a930f,Klinični center,533
223f660b-c391-4120-bf3c-7bf06781686b,39b60288-c9ac-4bc2-825b-524dec52182d,8c7fa045-888b-46d0-8189-6f82623bf481,Poljanska,992
6bd46cb7-9e5d-453a-878a-bcc38fb2a5f2,f1b7471e-db71-49da-846d-1232cb3e8f8f,a719a87c-4e93-4387-a6d1-2631a487f7e0,Ajdovščina,689
306dcdea-b1ce-4357-ba5e-fa82293630df,5bc3addd-b076-4c60-b850-39f90e674b75,67d66d40-e8ba-4bc0-a9cf-814dce3ccbea,Jadranska,455
2154edb8-16e2-4334-8878-9e38abcdf06a,8a224b7d-24ae-4c7b-8318-f66ac8cc078b,a719a87c-4e93-4387-a6d1-2631a487f7e0,Ajdovščina,235
8d775324-59ca-429e-ad7e-8d522c52dbdd,b5400e28-b0c3-4a02-9da2-084c465bd1d3,5d7f28a6-2a2a-4333-aa06-48edfb652f86,Pošta,524
8a182298-1db3-4251-9cdb-a86efe72b8a7,8a182298-1db3-4251-9cdb-a86efe72b8a7,d06c6c8a-c136-4b7a-9c13-b26ba0c04029,Hlebš,1
a378ce5e-57ce-4c52-b219-568674b5cd5e,7e780e7f-3665-4ec7-a910-eaf6e9d82551,fef200e9-4d98-425b-ab14-8110e2aa85d7,Drama,208
b0d473cd-f35e-4a30-8d0d-70f16b92e8e8,53f8224f-99e5-4c34-9f77-3621bbe9ce99,b59656a4-b6e7-4b87-977c-078c59088a50,Hajdrihova,1813
df63651e-45ab-4487-9429-9e604415b35c,a4545f57-dab0-4ca0-9da3-5bc96d80f104,bea274aa-277a-403d-ab2f-a0342b28882e,Križanke,718
0dc86a8f-0f41-44c7-978c-e06cb63cbbcf,69f98a9c-d52d-423a-b44e-89b6320a7a88,c87db9be-1fba-4102-a743-0ee4317dd5af,Bavarski dvor,373
459f82d2-cbe4-414b-b66b-0b794ea958ed,596e3cfe-bd4c-4afa-ba4c-33172dba9be1,bea274aa-277a-403d-ab2f-a0342b28882e,Križanke,655
48c9ec48-2b87-4945-a077-808839f98e74,ea9d5fa9-af5a-4d39-96fd-626415048511,a719a87c-4e93-4387-a6d1-2631a487f7e0,Ajdovščina,121
d72032c7-d4b0-4eee-a87c-593985a42266,f0661242-947b-4937-a9ce-d2a135cd62a7,fef200e9-4d98-425b-ab14-8110e2aa85d7,Drama,163
245bb1a4-ea6e-45b4-8331-b50983655326,dfde6478-02b5-471b-a470-29cb0e84542f,eead721b-8996-4e73-a2f9-02dba20df4fa,Ilirska,1016
c0ff37c8-ac6c-4284-ad32-0ad29fd30dc2,294c40c4-18e4-4d92-a947-911a8623de89,a719a87c-4e93-4387-a6d1-2631a487f7e0,Ajdovščina,759
edf94a12-03e9-4225-b6cc-aca0edf588a7,889e3719-7d29-4888-b690-5a1531d2930e,25ad5579-f6a0-4f35-a0c9-0678b41e9dde,Križanke,478
1ceecd12-b005-4828-ad39-8f2aeb1ca228,8dde1a7b-e3ec-4675-8409-2a2c4ae696c7,bea274aa-277a-403d-ab2f-a0342b28882e,Križanke,153
fb7704f0-d31e-4561-83e4-621a8c62654b,61f19c68-2d5e-4d76-bdd4-28709a347b5b,f784b27a-1509-4eec-bd52-6beee2b9530b,Kamnogoriška,366
97627b9b-fa2e-461a-97ea-a15df7599598,5b184752-5bd2-43e3-9243-dfc8969d9065,25ad5579-f6a0-4f35-a0c9-0678b41e9dde,Križanke,26
94c6598b-7303-42e1-94d5-156d7a25f630,68c65382-15dc-465c-96b5-7f27af9d4a63,6182f8e8-c45e-4606-b4a4-d909bd44d2cc,Gornji trg,336
717dda7e-d793-4697-8f60-b64ee8b1edc4,9c3d9f7c-69df-4a48-8f1a-d25e7a922ac3,9bb1ed3b-5a6f-43c7-afaf-ba2b60ca1a7a,Aškerčeva,309
9e0942f3-2c18-4891-9b51-9d95cc43af7a,278a9d60-64c7-4bfa-aad0-24068aa760af,807c11ba-4b3a-4e2b-82b5-abf5864fa4bc,Pot na Fužine,168
06348c07-2fb0-4dfb-a938-aaef614a7f68,233daca5-913b-4e10-bf34-18b1c8c77019,25ad5579-f6a0-4f35-a0c9-0678b41e9dde,Križanke,405
fd0e405e-d5e5-45fc-8911-e48a178ad4a9,9cd1e7f8-8ccf-4469-bc25-25d138605c67,5d7f28a6-2a2a-4333-aa06-48edfb652f86,Pošta,636
7d628170-e2eb-47fd-9d3e-658acf78d7d3,9f01f25f-9a5b-459a-96da-222ef81faf51,N/A,N/A,4525
46847a61-d68a-4d2c-ad76-18e043d41430,9583dbdd-06fd-411e-88dd-af8f89e2caaa,a719a87c-4e93-4387-a6d1-2631a487f7e0,Ajdovščina,319
48c9ec48-2b87-4945-a077-808839f98e74,a112e799-e1b6-4dd2-b652-bd521dda7638,6182f8e8-c45e-4606-b4a4-d909bd44d2cc,Gornji trg,507
c6dd10bd-c21f-4a0c-9c7d-99e488a173d4,0be237aa-4b91-4d2b-ac23-0cebac975a0d,bea274aa-277a-403d-ab2f-a0342b28882e,Križanke,1383
1b3ddeca-a066-43ee-9ae5-8339628129c2,a5eb15d2-f0cb-46a6-b888-6a9aad6bc5b6,c0a064eb-b507-43c2-a6d2-0e9c5881f031,Središka,110
d4fd9934-5253-4ab8-a779-3e9e2a30c5b7,08f2fb98-afdf-4961-b419-1bca7f5568ab,N/A,N/A,4525
ad8a76cf-4386-44b3-9156-490c502e4bc4,5c38ad77-8124-42b3-810f-04703daec8b4,fef200e9-4d98-425b-ab14-8110e2aa85d7,Drama,2794
62d0c5a7-1692-43ef-b6e2-31f514362629,d98335a0-1291-4d4c-be62-16b11c356575,b905ae6a-f1e1-4057-8923-481902ed5a8e,Konzorcij,329
ad8a76cf-4386-44b3-9156-490c502e4bc4,8a182298-1db3-4251-9cdb-a86efe72b8a7,bea274aa-277a-403d-ab2f-a0342b28882e,Križanke,1707
2838f674-f6e9-4eb5-a99c-1d0ac7903ca1,aa113271-655f-423f-ad7e-4cfaba2eb739,7a52a73a-cc0e-4c61-b9bc-306157727e1c,Tržnica Moste,370
bd6d732b-65aa-4b59-be82-6ce1301e70d5,fef200e9-4d98-425b-ab14-8110e2aa85d7,d72032c7-d4b0-4eee-a87c-593985a42266,Tobačna,407
6672b8cb-e56d-420a-a5e7-fc86e8aa3647,aa844493-50b0-4b91-b331-f4297d2ae6a8,N/A,N/A,4525
ccd8a655-468b-4728-a26d-7981bbdd7dec,245bb1a4-ea6e-45b4-8331-b50983655326,fef200e9-4d98-425b-ab14-8110e2aa85d7,Drama,88
1d7af067-e43b-4a98-953c-75f1b267d9ce,2323bf9e-1a47-4409-b9c8-398a035c8d12,aa42017d-812a-4175-bc9b-0fec03b18931,Ambrožev trg,645
352f5cae-25c9-41c5-ab70-268bf64107f0,40fcc1b9-2c42-4db8-bd48-d431efc8a3fd,fef200e9-4d98-425b-ab14-8110e2aa85d7,Drama,159
dfde6478-02b5-471b-a470-29cb0e84542f,d9df1ba3-6820-4fcb-b561-9cb7a60dd463,b905ae6a-f1e1-4057-8923-481902ed5a8e,Konzorcij,340
bea9f247-4e88-4d7c-9387-8cd9342acb8c,51dbf10f-cf3b-4575-a8cc-d1080c1f9dde,fef200e9-4d98-425b-ab14-8110e2aa85d7,Drama,1239
c297ac70-8f43-4fbc-a8a4-366ddb883a8d,271db19a-744b-41a0-869d-0c3e0e2cb6bf,b905ae6a-f1e1-4057-8923-481902ed5a8e,Konzorcij,1231
b60d686c-3b89-447c-93f6-2837d9af3d02,c969f066-aab5-466d-b4db-48e651a4a12e,b56664c0-1dc1-42c5-b10b-52c3fb0dd042,Galjevica,13
d5d15a80-243b-49d7-a616-b3c3fb39e8af,9f6048f0-5c5e-4773-915e-4ee05d200e27,5ddf10c0-90a5-4dbf-992c-23c0505674aa,Podgora,36
0a4b6359-22f0-4caa-b4a8-f4edb97a0825,f5dc05ab-b5cf-4f25-a85b-f346876311cb,4c277b3f-c427-404b-ace3-2cd51656318f,Tehnounion,324
557f714a-6f4a-4c98-8c5a-d74fa34b2adb,16d19639-a788-4df6-a168-6f8c3652ded7,923bd774-0651-4e0a-8624-3acfb7ecd5ff,Gornje Poljane,981
363e4763-df83-4814-99d2-879d448d5910,7b687edb-dc47-4b68-a13e-34713cababe9,bea274aa-277a-403d-ab2f-a0342b28882e,Križanke,299
fcfe6ac9-74b3-4c13-96b7-6041f1454813,1dc99fbb-5496-4aab-a4b6-32e653ccc789,7fad8003-fb10-489d-bf8d-6d433310ad90,Nove Jarše,202
46f20d33-601c-4ef6-b86c-7c2bb4af52fa,7fdce743-a4be-44d7-8658-0a259a18ad30,a719a87c-4e93-4387-a6d1-2631a487f7e0,Ajdovščina,398
a7177a3d-8db2-43fb-8910-f95857f0ed97,fc3967fb-5520-4fff-a819-f625242182e5,N/A,N/A,4525
6bd46cb7-9e5d-453a-878a-bcc38fb2a5f2,df973089-967d-4446-916c-260e9e8fec83,fef200e9-4d98-425b-ab14-8110e2aa85d7,Drama,350
d867fec1-5147-43db-b004-08d2797f50e3,d7384760-d854-492d-87af-f342cab37fc1,aa42017d-812a-4175-bc9b-0fec03b18931,Ambrožev trg,523
e90a68ac-02be-418f-8937-b9f1906274f2,b4b7f450-4397-42d2-9d1e-39f786eecc2e,N/A,N/A,4525
f1fd2bad-eba9-4046-a7b9-34e8d1d423f5,af820908-f71f-4c46-82c2-e7616f9c21fb,087e50b6-7677-4a85-802f-5694266fe38b,Aškerčeva,116
5c9baa4c-9ee0-4263-be22-72f5a73c714d,298fea2e-c58b-4d99-9350-2420c718d2cc,bea274aa-277a-403d-ab2f-a0342b28882e,Križanke,298
4fddf4a7-ad4e-4630-a5ca-3267955db548,169789c5-0251-47a6-800a-74ff3dffe04d,bea274aa-277a-403d-ab2f-a0342b28882e,Križanke,1794
daf172e0-4dd9-4d5b-8287-67ad2034bced,65e92ecc-800d-4962-a8bc-0f50f1107a5b,25ad5579-f6a0-4f35-a0c9-0678b41e9dde,Križanke,121
896f7627-7c1c-4742-a40a-6aadb85fe206,3f37b298-896a-40be-b2f5-6fe8154756c4,4038e02e-f22f-4af0-ba4f-7aab855b53af,Kneza Koclja,240
5881f75e-9383-49b0-811d-04c864ba1605,cb05ea76-5fc1-4162-b432-a914b63604d0,5d7f28a6-2a2a-4333-aa06-48edfb652f86,Pošta,441
4ed69cbb-d738-450c-be11-7d96cd50ee50,609f0950-bb8c-4eaf-a931-8575b8aff1ac,9bb1ed3b-5a6f-43c7-afaf-ba2b60ca1a7a,Aškerčeva,171
1ceecd12-b005-4828-ad39-8f2aeb1ca228,7add6fa5-bfd5-4d9c-841b-d9856088ede9,087e50b6-7677-4a85-802f-5694266fe38b,Aškerčeva,317
5293859e-2ea2-4ad3-9781-884672606464,d08c4884-9764-447f-9b79-0ef7a645222f,4062cd22-b67a-4235-9980-0178b7add592,Drama,308
05643914-8ff7-4064-8737-2761d44a083f,eb165f50-9c43-4b09-9658-469a16d3dc83,ecc4ae87-ae08-4b94-995c-452fdd94df7f,Privoz,645
2265e4de-a537-4f97-882b-c94c24aabfb0,40fcc1b9-2c42-4db8-bd48-d431efc8a3fd,2628b04b-eaf2-4c5a-b7ac-837237162783,Na Žalah,889
cce39cbe-6961-433a-a787-64fbf602f470,5fa77d25-e7a3-42db-8cc9-52b612d5de19,a719a87c-4e93-4387-a6d1-2631a487f7e0,Ajdovščina,68
ef31a8be-b01d-44cd-95cf-3db8e918af26,f14a6236-8af2-47bf-9270-432377662a63,087e50b6-7677-4a85-802f-5694266fe38b,Aškerčeva,195
5a89967e-5654-49f6-84ca-59f7f9035444,d7d791d9-02e0-4369-be0c-1546fc2044a4,0bb103e4-c4a6-4c4c-a13d-217ab4e6dfd3,Cesta na Vevče,632
a0e0a21b-b8ce-4d76-bbc2-04e179367fee,b829062a-2644-4350-b998-74522d9e85d8,12618339-2c2d-49ec-b0e0-2517c11991f8,Mirje,167
277bc73c-e61d-4046-bcfd-31d6161c568e,8fbf17ab-413b-442c-9c6a-0eb8873a4755,a719a87c-4e93-4387-a6d1-2631a487f7e0,Ajdovščina,221
c15a2be8-fc53-427d-9cc6-a50bb305f68d,4f21a18a-3cb0-4c6c-bb92-e7c8945fac1c,5d7f28a6-2a2a-4333-aa06-48edfb652f86,Pošta,78
cd2cdf5f-a758-494c-8b1f-2de4ac913723,7eb88e01-82e9-4af4-84d0-69c6ea9dc82c,N/A,N/A,4525
25c85d19-456c-4188-b563-15ad467a54c7,06e4802d-2c96-4556-bd95-35e0a2bb030c,N/A,N/A,4525
10d57057-b305-4b7a-806b-3373014db962,666bd186-7a9a-4e20-a466-e7b1918dda9b,087e50b6-7677-4a85-802f-5694266fe38b,Aškerčeva,1576
f1b7471e-db71-49da-846d-1232cb3e8f8f,1f4702d4-6b02-4ad3-aa9b-118ff9aa3474,4062cd22-b67a-4235-9980-0178b7add592,Drama,259
390d166c-b2fe-486c-bba5-38cd1ff64f48,2d42d8e2-26a8-4a74-809c-f436d05c8a54,0bb103e4-c4a6-4c4c-a13d-217ab4e6dfd3,Cesta na Vevče,207
68c65382-15dc-465c-96b5-7f27af9d4a63,9a938b49-ce1d-4e1c-a789-e316630ebc4f,639551cf-fe23-4363-8ccd-655bc5d4119e,Zmajski most,187
cf22c7c2-776f-4bd7-ae1a-dc4f25983c19,81f21fc1-3bd2-4d2a-b563-2d063479c68e,25ad5579-f6a0-4f35-a0c9-0678b41e9dde,Križanke,540
6182f8e8-c45e-4606-b4a4-d909bd44d2cc,9f01f25f-9a5b-459a-96da-222ef81faf51,12618339-2c2d-49ec-b0e0-2517c11991f8,Mirje,341
223f660b-c391-4120-bf3c-7bf06781686b,bfcba499-ce46-41b0-8268-966d74eccb20,25ad5579-f6a0-4f35-a0c9-0678b41e9dde,Križanke,633
52e5adea-e194-4fc1-809c-1d6421f8f8db,452bfd80-e8bd-470b-bc4a-981e1b37ffd7,1f9fad8e-d59c-494c-bdd1-1983afacb755,Kodrova,1544
9583dbdd-06fd-411e-88dd-af8f89e2caaa,39b60288-c9ac-4bc2-825b-524dec52182d,aa42017d-812a-4175-bc9b-0fec03b18931,Ambrožev trg,260
447a37f6-2be6-45a3-8ae0-6982aa53cafb,8fbf17ab-413b-442c-9c6a-0eb8873a4755,ecc4ae87-ae08-4b94-995c-452fdd94df7f,Privoz,89
f0661242-947b-4937-a9ce-d2a135cd62a7,2f874852-bc80-4ff3-b6bf-a914e31251c8,aa42017d-812a-4175-bc9b-0fec03b18931,Ambrožev trg,945
35dbaf26-2fa4-45c4-87fc-81d1ff13b005,1faa072c-478b-4656-8df3-84167a9a4bbb,bea274aa-277a-403d-ab2f-a0342b28882e,Križanke,134
6c773433-c487-49c5-a783-32c0e276ed7b,1a3351a1-563e-4174-b402-54bc0e2f5191,25ad5579-f6a0-4f35-a0c9-0678b41e9dde,Križanke,391
ab987eb0-c970-4577-8db9-0cd507a6cab6,1f207e67-adf9-4da6-b107-3b58051d9990,1b3ddeca-a066-43ee-9ae5-8339628129c2,Žale,501
8eeea585-6168-45b8-a5d4-336e61826043,8375ab17-e389-42b2-9b88-0210a049e321,b905ae6a-f1e1-4057-8923-481902ed5a8e,Konzorcij,511
4d57f6bd-7ba7-4f07-8aa1-ecac0b09e8db,d4fd9934-5253-4ab8-a779-3e9e2a30c5b7,N/A,N/A,4525
7f510cd8-4742-4dcf-95c0-16cde39c2e26,9fa0b90f-dba1-4eca-8802-589425d3e8fd,7ea32e84-b8d9-498b-9f03-5a66990012b9,Rožičeva,709
21764d19-62cc-49fd-bac9-403aeac6a6b9,e57aad1d-457e-401f-b26d-306b4fd836eb,bea274aa-277a-403d-ab2f-a0342b28882e,Križanke,157
ea80411c-360d-4a33-861c-6533a1d67eef,3a50f545-2fe2-45a0-8ed6-01635603efed,5fa77d25-e7a3-42db-8cc9-52b612d5de19,Preglov trg,204
b6816891-4b0d-4bda-8e12-176194efaefe,f11e48f8-4133-4c36-a36f-73b4f33d9592,717c914e-f928-4671-95f6-26c1ddb95799,Cesta v Gorice,569
ba6f47bf-d346-4ccb-8669-13b974d863a6,26d86ffa-b8df-49aa-a9c0-5fa7d3cfba77,e66e813a-722d-40f8-9ee9-1470d07bc200,Tobačna,492
36d25599-0bed-48a0-bcb4-134be8a959fe,e82569a6-73f3-4002-b7b5-0f83ee167535,25ad5579-f6a0-4f35-a0c9-0678b41e9dde,Križanke,502
930fed8f-1d4d-40c6-9a3b-53697263a0f2,7bcbdcaa-00b9-47d4-8982-09da26cd7bcb,b829062a-2644-4350-b998-74522d9e85d8,Lutkovno gl.,1810
392949a1-1ada-4196-9073-6f392638ca49,235d7e56-4520-4691-b7d9-7588f7306e1d,8c7fa045-888b-46d0-8189-6f82623bf481,Poljanska,297
4fddf4a7-ad4e-4630-a5ca-3267955db548,65a6b01d-c9cf-4d4e-930c-5562156d7375,923bd774-0651-4e0a-8624-3acfb7ecd5ff,Gornje Poljane,518
b5e26d7f-8a91-4360-9811-2e8e05d27382,c969f066-aab5-466d-b4db-48e651a4a12e,087e50b6-7677-4a85-802f-5694266fe38b,Aškerčeva,116
6d344016-1b93-4ff7-80a8-8cde0b57bd1c,7ad774b6-172a-401b-b186-358aa2d560a2,bea274aa-277a-403d-ab2f-a0342b28882e,Križanke,1036
1b27d65a-1008-4bc9-928e-f6cb43b03804,ad8a76cf-4386-44b3-9156-490c502e4bc4,5d7f28a6-2a2a-4333-aa06-48edfb652f86,Pošta,926
c70ad4c4-6c37-4f31-83aa-921dc8bc15a4,392949a1-1ada-4196-9073-6f392638ca49,9bb1ed3b-5a6f-43c7-afaf-ba2b60ca1a7a,Aškerčeva,1316
7f510cd8-4742-4dcf-95c0-16cde39c2e26,88cdd36c-03d2-4374-a22f-110dd9f75ea0,087e50b6-7677-4a85-802f-5694266fe38b,Aškerčeva,324
5c38ad77-8124-42b3-810f-04703daec8b4,2cde6efe-5f53-44aa-8018-76f0ea2c86f8,a719a87c-4e93-4387-a6d1-2631a487f7e0,Ajdovščina,488
4abe5e63-5707-4ef0-acda-ab2c52749afe,2628b04b-eaf2-4c5a-b7ac-837237162783,9b0074d2-2c92-4c01-830b-00be8e05b412,Cukrarna,116
12618339-2c2d-49ec-b0e0-2517c11991f8,31e6db90-ba65-4c49-90c0-317fb92596b3,075a6b29-66cb-409f-89fe-37d50669eff4,Elma,525
95eee7e8-237d-4410-a9bf-00c6f88129c1,c6c83930-96af-4cbe-93bf-072a618502a4,717dda7e-d793-4697-8f60-b64ee8b1edc4,Gosposvetska,986
62b17644-b4a6-412f-9e03-79bbaf339717,e97befb6-5dc6-4603-ad5e-3aa96b4b2221,087e50b6-7677-4a85-802f-5694266fe38b,Aškerčeva,828
4e8ccfa1-b58c-4ee1-ad82-2e8a645071f3,105e10e7-fbab-4f99-94c9-178c25630b42,fef200e9-4d98-425b-ab14-8110e2aa85d7,Drama,928
5f6cb902-b824-4961-9ac2-75cf44a47055,233daca5-913b-4e10-bf34-18b1c8c77019,77dcd833-fa4d-4c5a-93b1-31284942e61d,Šišenska,967
36c7bbd0-50d7-4b5d-b9b3-9dadd37ac50b,184817a9-ca88-4c82-a40b-5768991da3df,36d25599-0bed-48a0-bcb4-134be8a959fe,Emona,797
6739536d-b334-46c6-ae80-4890afac7985,245bb1a4-ea6e-45b4-8331-b50983655326,5dcffe2a-1c73-4f7c-bdac-4084bb5201aa,Peruzzijeva,16
698551c1-7bb2-4f7e-9701-23b7667e8594,32ff2d5b-61ae-415b-941b-aeb1be1b5052,fef200e9-4d98-425b-ab14-8110e2aa85d7,Drama,1090
2c0475be-44e7-4f0f-a06d-2c1b4ca15677,235d7e56-4520-4691-b7d9-7588f7306e1d,c87db9be-1fba-4102-a743-0ee4317dd5af,Bavarski dvor,517
b589ddd3-5a31-4fe1-915f-44347b4c0a1a,da656f17-9723-4cbe-a008-823cbad17c28,fef200e9-4d98-425b-ab14-8110e2aa85d7,Drama,179
36d25599-0bed-48a0-bcb4-134be8a959fe,83a62071-0161-47a2-b745-eafb5e945632,ac3afe7d-a2b3-4d5d-9e6a-1d2412a3bc70,Litostrojska,1362
71480129-1108-4659-bb1b-d62897a81d02,22c11486-1afa-491f-b9ab-162d88c8c44d,a719a87c-4e93-4387-a6d1-2631a487f7e0,Ajdovščina,1049
bc66f88b-1412-44cb-b921-030d27335261,16578e36-c682-4083-bd29-4973445dc0fe,3429cda2-6047-453c-bf54-952dfa6674c0,Klinični center,562
4ec1b435-1683-4cd7-a4d0-688cc9f3b603,c1606675-dd38-4952-914b-6ca64fd56b7b,bea274aa-277a-403d-ab2f-a0342b28882e,Križanke,882
f4c5028b-48a4-4d0e-a91c-81a858923ddd,da834a23-5697-49bb-b3a1-7f277c8206bc,484b5c91-1220-43ba-af79-84e712fcc46b,Slovenija avto,654
37fc313d-1f45-49c9-9059-4f96f44a6682,4f681273-89fe-44f9-aaec-76950722cc52,3429cda2-6047-453c-bf54-952dfa6674c0,Klinični center,1524
5930b5fe-26e2-4b69-bd1e-cdea021a0ab4,0334e79e-7a89-44e9-a463-5af813e64a40,5d7f28a6-2a2a-4333-aa06-48edfb652f86,Pošta,2635
3203d037-a222-4092-8dd6-e8dfcd49a2c9,bd1396f2-4dc8-4695-9bf1-c601157100d8,f2b27cbd-5207-4281-8f67-6369d0c50a9b,Kodrova,70
fb7704f0-d31e-4561-83e4-621a8c62654b,ef005e77-f3b8-4171-b681-1294d0e4732b,a719a87c-4e93-4387-a6d1-2631a487f7e0,Ajdovščina,89
813b7c8c-5236-405a-bb0d-092a5d93c2a6,dadea785-0c6b-4054-9882-37227de3df4b,25ad5579-f6a0-4f35-a0c9-0678b41e9dde,Križanke,504
595ee2ab-3022-469d-a3e1-0c87d7dfb14d,10d57057-b305-4b7a-806b-3373014db962,7a52a73a-cc0e-4c61-b9bc-306157727e1c,Tržnica Moste,972
5be3b187-5735-4444-bee7-0665f60e6c83,938c9405-72bb-4acd-bace-a75abcf2f9cb,9bb1ed3b-5a6f-43c7-afaf-ba2b60ca1a7a,Aškerčeva,254
813b7c8c-5236-405a-bb0d-092a5d93c2a6,e73c7113-cb4a-4cd5-8df9-ffc5fd86590a,25ad5579-f6a0-4f35-a0c9-0678b41e9dde,Križanke,1018
dc7b6fb3-15db-4c7e-9fa1-424943178ce6,311a0b74-0787-484b-b414-8adf1cd4cf58,fef200e9-4d98-425b-ab14-8110e2aa85d7,Drama,577
447a37f6-2be6-45a3-8ae0-6982aa53cafb,2496479b-f855-403d-bce8-2a4d9988665d,e9035f9a-28be-450a-a30c-7178134ff26b,Lipe,20
43df2657-d56f-4fc4-8c40-49180cbbe90c,bf64b499-211b-4da8-ace2-f12a17608ae3,fef200e9-4d98-425b-ab14-8110e2aa85d7,Drama,424
cbf8e64b-fd0d-48ec-8fb1-03b298cc13b3,6a89c110-a0f8-4b1a-87f0-33f49c0a658e,c87db9be-1fba-4102-a743-0ee4317dd5af,Bavarski dvor,1151
7c390857-8fc7-49b5-9c9d-e5535d360148,87785aa3-128e-4f15-82b0-d8c3cfa6076f,N/A,N/A,4525
108e7dc8-ca5d-4c91-9414-32a32a31b69a,08f2fb98-afdf-4961-b419-1bca7f5568ab,N/A,N/A,4525
dc7b6fb3-15db-4c7e-9fa1-424943178ce6,7ea32e84-b8d9-498b-9f03-5a66990012b9,bea274aa-277a-403d-ab2f-a0342b28882e,Križanke,311
7fdce743-a4be-44d7-8658-0a259a18ad30,2388ce1f-c947-42d7-97f3-e01a7254c933,N/A,N/A,4525
a8a92762-af25-42a7-98dd-9846f8b33e09,ecc4ae87-ae08-4b94-995c-452fdd94df7f,N/A,N/A,4525
521edd75-c364-480a-af9e-a1c9815b6dd7,9ab2717b-1396-4885-bb5b-9857d7195d0d,c124f317-217b-4b89-9597-393843de4f81,Nusdorferjeva,293
ff8f71b7-06fe-47fe-8238-9af5ee1b1dfd,0d50a4a8-a88d-4468-b562-73e51937e1c5,b905ae6a-f1e1-4057-8923-481902ed5a8e,Konzorcij,212
7a256ec6-bb93-47eb-af92-ea62941c1dc6,f33b721f-a8a3-4aad-96f2-077da09ebaa6,9bb1ed3b-5a6f-43c7-afaf-ba2b60ca1a7a,Aškerčeva,20
be5fb719-eda2-4831-90c6-249248ea22dd,a0e0a21b-b8ce-4d76-bbc2-04e179367fee,9583dbdd-06fd-411e-88dd-af8f89e2caaa,Stara Ježica,28
2265e4de-a537-4f97-882b-c94c24aabfb0,59ee5f7d-476b-4958-a922-2040a9308f3b,f4cfd904-bd11-4247-95df-32c4555a930f,Klinični center,600
3fbf6322-fb74-4a50-a81a-bfca73abc26b,5de84f88-3f32-4636-8c30-03cc267ecf37,38b3abed-0592-407b-96c3-85a026f2e192,Dalmatinova,323
27788b38-4743-4e04-9b9c-94faeeeb2d34,d861c2ce-106a-4b95-a4fc-2af355c0bbf0,77dcd833-fa4d-4c5a-93b1-31284942e61d,Šišenska,548
4d216485-ef41-45e7-9182-0c254644955c,37fc313d-1f45-49c9-9059-4f96f44a6682,16578e36-c682-4083-bd29-4973445dc0fe,Gosposvetska,196
11d74c00-da13-4cad-883e-c6dcf8edcbe8,783196f2-97cd-4265-bb9a-b13aa8bb6a0b,a378ce5e-57ce-4c52-b219-568674b5cd5e,Gornji trg,252
eec159d0-4b1b-4706-9a5d-a00ddcbea9f5,c93954aa-7aad-4fca-9f7a-721d37f0474e,25ad5579-f6a0-4f35-a0c9-0678b41e9dde,Križanke,391
1f02ab68-e4a0-4783-ae8a-39ccd679f2cc,02c61e3f-2d2e-4b42-b695-bbd3cc672f6b,fef200e9-4d98-425b-ab14-8110e2aa85d7,Drama,783
efecc3aa-ae68-4374-bc24-334280abcf3f,b4b7f450-4397-42d2-9d1e-39f786eecc2e,b905ae6a-f1e1-4057-8923-481902ed5a8e,Konzorcij,831
a1795ee0-9147-4a5c-bb11-f60a809f690e,cc9cbd94-6da7-41ff-a728-cfd4b47dfcc0,b905ae6a-f1e1-4057-8923-481902ed5a8e,Konzorcij,2084
1e157c31-d34d-4c2e-91b4-8c000c88f6dd,0b6c7b97-410c-48fa-be23-430c316f9b10,1eadcdb9-60cd-47c9-8eec-527c3465a685,Polje,1788
7411cd45-83d2-40e6-89f6-5a0995e409cb,ad8a76cf-4386-44b3-9156-490c502e4bc4,N/A,N/A,4525
ef4a63e8-d956-4f09-80bd-8e4699418652,3866c761-7fa4-4a4a-b913-75569da498d9,N/A,N/A,4525
36c4949b-403b-4a76-87e3-d67f51d655ef,769b7bc7-4f95-4bb2-9c99-37ba8e8b4bd5,4062cd22-b67a-4235-9980-0178b7add592,Drama,458
d3a06374-ab12-456b-9c00-55461af341fa,235d7e56-4520-4691-b7d9-7588f7306e1d,48e907fd-e868-47cd-8cac-74c7d4582944,Poljanska,874
64ea9f57-1f7f-465e-8721-55e26faee36a,ee095f27-439e-42e7-9e5c-e77b0903c31f,9c17244c-0812-404b-b929-5cdc0591e421,Podmornica,1290
5930b5fe-26e2-4b69-bd1e-cdea021a0ab4,e57aad1d-457e-401f-b26d-306b4fd836eb,c87db9be-1fba-4102-a743-0ee4317dd5af,Bavarski dvor,373
22c11486-1afa-491f-b9ab-162d88c8c44d,68c65382-15dc-465c-96b5-7f27af9d4a63,fef200e9-4d98-425b-ab14-8110e2aa85d7,Drama,365
25cde952-4896-4977-b229-75e09b3e3661,f15ddf31-fc11-41ba-988d-376c83e38f58,fef200e9-4d98-425b-ab14-8110e2aa85d7,Drama,149
53f8224f-99e5-4c34-9f77-3621bbe9ce99,da623aed-094d-4c3c-9766-9f0aba0f40f6,a719a87c-4e93-4387-a6d1-2631a487f7e0,Ajdovščina,1109
0d50a4a8-a88d-4468-b562-73e51937e1c5,521edd75-c364-480a-af9e-a1c9815b6dd7,fef200e9-4d98-425b-ab14-8110e2aa85d7,Drama,493
46847a61-d68a-4d2c-ad76-18e043d41430,dc7b6fb3-15db-4c7e-9fa1-424943178ce6,bea274aa-277a-403d-ab2f-a0342b28882e,Križanke,243
a2b5023d-5ce8-420f-ad2a-b61c7a1902a8,29589594-5959-4efb-8dda-7348e4e500a0,bea274aa-277a-403d-ab2f-a0342b28882e,Križanke,714
441545fb-7a0c-4555-aea8-01cbe6c14ea3,9c57d59a-53f8-4a16-b279-2ab1745ea230,5dcffe2a-1c73-4f7c-bdac-4084bb5201aa,Peruzzijeva,1290
46847a61-d68a-4d2c-ad76-18e043d41430,459f82d2-cbe4-414b-b66b-0b794ea958ed,a719a87c-4e93-4387-a6d1-2631a487f7e0,Ajdovščina,1368
29336b94-2382-46dd-b2e6-4590dd689640,21764d19-62cc-49fd-bac9-403aeac6a6b9,824255dc-9be8-4f7b-9b69-2bd4e5a3fc27,Pohorskega bataljona,64
4682c5fd-08cb-4af1-a3e2-6f1ee880a52d,62feeb73-9af7-43ee-8714-1b435ec20263,c87db9be-1fba-4102-a743-0ee4317dd5af,Bavarski dvor,194
68c65382-15dc-465c-96b5-7f27af9d4a63,300f1367-4ba4-4416-90e4-caa8f33e9144,9b85d4b0-c594-4e0e-9ce2-d0986256c270,Tavčarjeva,235
363564a6-9938-4bf5-8928-1cd191e9c2ef,f66a1f18-4c18-4317-b929-fb616cc7cebc,25ad5579-f6a0-4f35-a0c9-0678b41e9dde,Križanke,657
78c69686-64ed-437c-83b5-0e28733ed70c,ca8cbe57-95dc-4326-9c06-b60a87b981b1,bea274aa-277a-403d-ab2f-a0342b28882e,Križanke,1005
0c5f69a6-97c7-4053-bc0b-3f09dbf72f46,d7748049-2f69-4c77-a19b-96774a521ac1,eead721b-8996-4e73-a2f9-02dba20df4fa,Ilirska,1190
b4766c35-4ab9-4af3-aa76-1b1f40735685,a7094427-e180-4deb-acaf-5d4488326e9e,1f9fad8e-d59c-494c-bdd1-1983afacb755,Kodrova,69
2d42d8e2-26a8-4a74-809c-f436d05c8a54,567980fa-7783-411d-9c67-55b44d753880,f4cfd904-bd11-4247-95df-32c4555a930f,Klinični center,306
8a182298-1db3-4251-9cdb-a86efe72b8a7,e90a68ac-02be-418f-8937-b9f1906274f2,N/A,N/A,4525
295616c0-387b-4f60-a337-7743cd6be04e,af820908-f71f-4c46-82c2-e7616f9c21fb,a719a87c-4e93-4387-a6d1-2631a487f7e0,Ajdovščina,1163
79325942-629a-4766-a34a-525f8edf8cc5,4ab506fa-0fcd-431b-ace7-19ffa5f0576a,087e50b6-7677-4a85-802f-5694266fe38b,Aškerčeva,381
6340ea93-391e-45b9-94b0-56d1d7c87e20,5f6cb902-b824-4961-9ac2-75cf44a47055,bea274aa-277a-403d-ab2f-a0342b28882e,Križanke,275
ca8cbe57-95dc-4326-9c06-b60a87b981b1,7d628170-e2eb-47fd-9d3e-658acf78d7d3,N/A,N/A,4525
9afb36ea-c2ae-4bbb-9644-3a6c65bb1c7d,c2827897-b9fe-4bfc-b4ed-880f11a2359e,a719a87c-4e93-4387-a6d1-2631a487f7e0,Ajdovščina,1300
6c773433-c487-49c5-a783-32c0e276ed7b,a1795ee0-9147-4a5c-bb11-f60a809f690e,eead721b-8996-4e73-a2f9-02dba20df4fa,Ilirska,1211
59d96e2c-3ee3-4581-840a-3ddaf0003743,cd2cdf5f-a758-494c-8b1f-2de4ac913723,N/A,N/A,4525
01d1f388-d915-4e9f-bc3d-4432a73a216e,567980fa-7783-411d-9c67-55b44d753880,9bb1ed3b-5a6f-43c7-afaf-ba2b60ca1a7a,Aškerčeva,951
6559d555-672b-4633-8a81-0ae68fb963eb,58db973d-ecbb-4aa6-a56c-c26aaff7f263,6182f8e8-c45e-4606-b4a4-d909bd44d2cc,Gornji trg,1072
f07c916c-6fc6-4acf-a334-0ab0d3c4f57f,07b4c585-66cf-49d7-906c-50f1122c8e9e,fef200e9-4d98-425b-ab14-8110e2aa85d7,Drama,120
169789c5-0251-47a6-800a-74ff3dffe04d,b4766c35-4ab9-4af3-aa76-1b1f40735685,feb89b92-366d-4f50-a509-40c7baba8cf0,Brodarjev trg,147
af820908-f71f-4c46-82c2-e7616f9c21fb,ba0f81e5-dfec-49bb-8d6b-d52618338640,fef200e9-4d98-425b-ab14-8110e2aa85d7,Drama,620
d9a82add-03d0-47d8-9f35-117b7a5ded44,2beb7011-982a-4349-be22-addf1c3bdec7,6182f8e8-c45e-4606-b4a4-d909bd44d2cc,Gornji trg,209
52e5adea-e194-4fc1-809c-1d6421f8f8db,c86d5f37-52ee-4e3a-99b5-b9554118c4d5,b59656a4-b6e7-4b87-977c-078c59088a50,Hajdrihova,123
d8ff7b2c-baf6-4a1a-97c5-0871b823caab,76f20fbf-afc4-4c7d-b51c-14f0878b38d8,N/A,N/A,4525
9fa0b90f-dba1-4eca-8802-589425d3e8fd,eb8e8d9a-a3d5-4ec1-9356-26e0e41912d1,4062cd22-b67a-4235-9980-0178b7add592,Drama,502
ba6f47bf-d346-4ccb-8669-13b974d863a6,ff74fc01-faf6-4a78-a782-d8365538e7de,N/A,N/A,4525
d6ae97e7-23b5-48d6-a9fa-2a2624e9f434,410b424b-5f4d-4137-bc20-7d1f328540a3,c124f317-217b-4b89-9597-393843de4f81,Nusdorferjeva,1375
363564a6-9938-4bf5-8928-1cd191e9c2ef,7f510cd8-4742-4dcf-95c0-16cde39c2e26,a719a87c-4e93-4387-a6d1-2631a487f7e0,Ajdovščina,1722
235d7e56-4520-4691-b7d9-7588f7306e1d,318d4398-e152-498b-b4ff-1344c67adba6,a719a87c-4e93-4387-a6d1-2631a487f7e0,Ajdovščina,616
6559d555-672b-4633-8a81-0ae68fb963eb,94c6598b-7303-42e1-94d5-156d7a25f630,25ad5579-f6a0-4f35-a0c9-0678b41e9dde,Križanke,114
dba19980-8ca1-4847-b9b5-8cd419374ae2,ac3afe7d-a2b3-4d5d-9e6a-1d2412a3bc70,N/A,N/A,4525
2f18bcfa-6189-4de4-b06f-132d3392e7d6,995cbd67-507b-4c32-b794-0ff48e0a3de9,cf6f67f5-f7df-4462-828b-481134217fad,Žito,1165
d08c4884-9764-447f-9b79-0ef7a645222f,98a75a4c-0ef8-4efa-8f0a-384fe8eafce0,25ad5579-f6a0-4f35-a0c9-0678b41e9dde,Križanke,1153
b9edd39a-4f64-4553-869e-bb77e617b9b8,fcc58ff5-bf0b-44ce-b12b-75ecc493f24d,9b85d4b0-c594-4e0e-9ce2-d0986256c270,Tavčarjeva,685
fef200e9-4d98-425b-ab14-8110e2aa85d7,9a1c4c65-df77-481f-87ad-56143f02a864,9afb36ea-c2ae-4bbb-9644-3a6c65bb1c7d,Kino Šiška,394
13d6dac7-dc00-416e-a8c0-0d6967e4014e,70231f13-be88-4e3a-a89a-5b4f436984d2,3429cda2-6047-453c-bf54-952dfa6674c0,Klinični center,356
099976aa-17cc-45d3-add4-267985ab1533,4c08e174-6890-4c5d-9eec-15686971f909,N/A,N/A,4525
2f18bcfa-6189-4de4-b06f-132d3392e7d6,8b5f91a6-23b7-4786-96f9-a80c6d668e18,a719a87c-4e93-4387-a6d1-2631a487f7e0,Ajdovščina,739
a112e799-e1b6-4dd2-b652-bd521dda7638,5d7f28a6-2a2a-4333-aa06-48edfb652f86,698551c1-7bb2-4f7e-9701-23b7667e8594,Novo naselje,40
2fafda56-e44d-4e08-8503-90e6bf75e19d,80c65758-5f25-4003-8d55-10ff96fe8310,484b5c91-1220-43ba-af79-84e712fcc46b,Slovenija avto,481
1d7af067-e43b-4a98-953c-75f1b267d9ce,e57aad1d-457e-401f-b26d-306b4fd836eb,4062cd22-b67a-4235-9980-0178b7add592,Drama,692
03375155-45fb-4565-b392-2349fcb199ea,786a15d4-dd6b-42bb-a5c9-6ce994b5be9e,fef200e9-4d98-425b-ab14-8110e2aa85d7,Drama,1126
a2947722-2e6f-48dd-9c31-ff36356676fa,11d74c00-da13-4cad-883e-c6dcf8edcbe8,a719a87c-4e93-4387-a6d1-2631a487f7e0,Ajdovščina,206
81a7167c-7913-442e-96c5-20dc6e25d74b,61926b26-d777-483f-ae79-86766c48793b,bea274aa-277a-403d-ab2f-a0342b28882e,Križanke,317
bd001f58-6e58-49e9-877f-1fa36964fbc2,af820908-f71f-4c46-82c2-e7616f9c21fb,6efecef0-52ba-4a47-9991-9bab5ce31340,Ajdovščina,2418
557f714a-6f4a-4c98-8c5a-d74fa34b2adb,df63651e-45ab-4487-9429-9e604415b35c,6a89c110-a0f8-4b1a-87f0-33f49c0a658e,Šola Jarše,1839
245bb1a4-ea6e-45b4-8331-b50983655326,a2947722-2e6f-48dd-9c31-ff36356676fa,f4cfd904-bd11-4247-95df-32c4555a930f,Klinični center,1139
b7b7ac00-59bb-41eb-833d-ad309d24e68a,100da88e-4c5f-4188-bd11-d4f3fc80fb74,f073b9d9-a3e3-4d04-a209-0db55377b79e,Zmajski most,114
45b36327-9a1a-4cd5-8261-53217326b22f,41c8c7eb-62ef-45d8-b5b1-221dd3c0022c,25ad5579-f6a0-4f35-a0c9-0678b41e9dde,Križanke,446
fcccf4af-4f16-4edc-ba5a-585c434593fe,1f4702d4-6b02-4ad3-aa9b-118ff9aa3474,3429cda2-6047-453c-bf54-952dfa6674c0,Klinični center,365
ad8a76cf-4386-44b3-9156-490c502e4bc4,2628ca4f-8797-4672-aca9-47b325c58aac,16578e36-c682-4083-bd29-4973445dc0fe,Gosposvetska,1593
ba2b16a8-1273-45d2-8758-47b9694df9a6,93928408-7b36-41f9-9b62-fec53e14b4e2,b905ae6a-f1e1-4057-8923-481902ed5a8e,Konzorcij,545
9dfc0a62-bf4d-4670-83d0-4e26a6e56b32,fcec9e7a-1c9e-4214-96dd-d071550349e6,f4cfd904-bd11-4247-95df-32c4555a930f,Klinični center,308
1c8efa00-4587-4efc-a10d-794e9d885857,8648bfde-9b0f-4a64-aced-fe63aa923879,N/A,N/A,4525
a2947722-2e6f-48dd-9c31-ff36356676fa,4b847ac2-4c41-4fc1-a497-9ce4deaab8b1,c87db9be-1fba-4102-a743-0ee4317dd5af,Bavarski dvor,392
9cb18d2e-9bf3-436a-ab3a-7c52c5de1300,0334e79e-7a89-44e9-a463-5af813e64a40,a719a87c-4e93-4387-a6d1-2631a487f7e0,Ajdovščina,1089
2e6c059c-0305-47bb-9ca8-00a2123039e9,a7094427-e180-4deb-acaf-5d4488326e9e,bea274aa-277a-403d-ab2f-a0342b28882e,Križanke,529
f1bc11ca-7516-447a-b826-7051c5306af7,45e88013-1a7e-44a0-ab1f-bc0db6c6746f,a719a87c-4e93-4387-a6d1-2631a487f7e0,Ajdovščina,322
f2920a77-6c6c-494d-96b7-2a8caf8f374f,bb1ac8b9-5cb2-49f2-8d5c-d7fe4afdd5dd,f1b7471e-db71-49da-846d-1232cb3e8f8f,Rožna dolina,39
2c46416a-d66e-469c-a342-898a93f5b2f0,d3283222-38a9-40e2-a485-180d1a33067c,fef200e9-4d98-425b-ab14-8110e2aa85d7,Drama,1807
91b76764-87af-4b90-89dd-60f0046f7cc0,e97befb6-5dc6-4603-ad5e-3aa96b4b2221,0e79ef8c-f692-4e29-a37e-4a81cbb3d410,Vič Glince,896
cdabf1ea-b04c-480a-8359-72c46e6864ab,6330ad8d-b582-4c92-bc7e-d3f206264f04,fef200e9-4d98-425b-ab14-8110e2aa85d7,Drama,491
4038e02e-f22f-4af0-ba4f-7aab855b53af,1e2641bc-b0b2-448e-8ad2-e52891fa4c5f,N/A,N/A,4525
ccccee29-6fc7-4a86-b492-7f36a8e817db,9a938b49-ce1d-4e1c-a789-e316630ebc4f,N/A,N/A,4525
b8533150-cf69-441a-8fc4-18f39cbef16b,8e7a488b-cd48-4243-92b0-42792d0e3bc1,c8e0086c-0cef-4375-a471-72f3ae1e34fc,Strelišče,496
7bcbdcaa-00b9-47d4-8982-09da26cd7bcb,07bad99d-070a-42f7-8766-d11d42152623,b905ae6a-f1e1-4057-8923-481902ed5a8e,Konzorcij,528
9cfac7e2-9653-4e52-a6d3-27756d27f817,53ec687a-6f0c-4bb7-b1b4-606e7dcfada9,a719a87c-4e93-4387-a6d1-2631a487f7e0,Ajdovščina,75
53f8224f-99e5-4c34-9f77-3621bbe9ce99,f528b363-1484-456c-835b-1e08dc31ef8e,fef200e9-4d98-425b-ab14-8110e2aa85d7,Drama,1474
f14a6236-8af2-47bf-9270-432377662a63,a52cd7ac-c11e-4c8b-94a5-1a12b32595da,cab36767-e95a-4f60-978e-92490f2517b2,Hrvatski trg,682
8d5e4aed-59fb-47c9-8559-5bf11b7ddca0,aaedd82f-0c53-425d-92cf-96e50bd20518,25ad5579-f6a0-4f35-a0c9-0678b41e9dde,Križanke,437
ab624858-605d-48c6-a660-d54c2e037a91,59faa0f0-34b1-47cd-ba3a-3b6f0d684c00,N/A,N/A,4525
caac4c1a-13e4-4afa-b467-65d90a8fbd44,61485a1f-73a8-4dac-bcc7-6e4e53eb4b0f,8f623f1d-48a7-46b5-9331-28a8dc980876,Samova,68
d8ff7b2c-baf6-4a1a-97c5-0871b823caab,bd1396f2-4dc8-4695-9bf1-c601157100d8,N/A,N/A,4525
0dc86a8f-0f41-44c7-978c-e06cb63cbbcf,bea274aa-277a-403d-ab2f-a0342b28882e,25ad5579-f6a0-4f35-a0c9-0678b41e9dde,Križanke,254
6330ad8d-b582-4c92-bc7e-d3f206264f04,6a74977a-a26d-42b4-a60b-8dabc726e57d,087e50b6-7677-4a85-802f-5694266fe38b,Aškerčeva,122
1e4be02a-ac61-41bc-b9b5-1ef7850313ed,7d579a55-27bc-49d0-a124-a5ed6233c55a,a719a87c-4e93-4387-a6d1-2631a487f7e0,Ajdovščina,162
a12cff7f-91e5-4f1e-be40-1a9b34ae792a,1b3d51e8-8b5e-4b31-a63e-9d665243c2f1,9bb1ed3b-5a6f-43c7-afaf-ba2b60ca1a7a,Aškerčeva,181
278a9d60-64c7-4bfa-aad0-24068aa760af,ee03ecf6-db6d-4ecc-90cd-5b3afc8afb91,4062cd22-b67a-4235-9980-0178b7add592,Drama,444
5e732249-14ec-4efe-bae1-7f9ca722f7ae,83a62071-0161-47a2-b745-eafb5e945632,N/A,N/A,4525
609f0950-bb8c-4eaf-a931-8575b8aff1ac,8598b85d-3e1d-4767-b72f-0c209038841f,a719a87c-4e93-4387-a6d1-2631a487f7e0,Ajdovščina,679
6c773433-c487-49c5-a783-32c0e276ed7b,6e7cab20-d7e3-474f-9a5e-f1e0ca6fae53,639551cf-fe23-4363-8ccd-655bc5d4119e,Zmajski most,277
b2dd1684-0848-40f7-b10e-8f74bb005f2f,4c08e174-6890-4c5d-9eec-15686971f909,06e4802d-2c96-4556-bd95-35e0a2bb030c,M. Lipljene,35
7c37b809-4d6d-497c-a53d-38663e91c088,f958cead-e4c3-4743-834d-46de4a06a8c9,548a85bd-f15f-427b-ad90-43cb50e9e31a,Bratov Židan,251
4bd4913f-8597-4ea0-b219-4e9b15dcbb62,24df120e-0d0c-4353-8dda-c7ef0dc3dd5c,25ad5579-f6a0-4f35-a0c9-0678b41e9dde,Križanke,1381
fdff5f9c-6c02-4fc1-a004-7032b17fa37a,9f6048f0-5c5e-4773-915e-4ee05d200e27,a719a87c-4e93-4387-a6d1-2631a487f7e0,Ajdovščina,697
f4e99ece-e89e-4322-80c6-5a91df65f64e,144ab380-6586-43ce-b216-2e66362b6eca,f073b9d9-a3e3-4d04-a209-0db55377b79e,Zmajski most,1704
1eadcdb9-60cd-47c9-8eec-527c3465a685,9a938b49-ce1d-4e1c-a789-e316630ebc4f,12618339-2c2d-49ec-b0e0-2517c11991f8,Mirje,624
0b9c5011-4f2d-4753-914f-500532b0dbeb,eb43a68a-54a5-4a37-b090-1329e2b4d830,N/A,N/A,4525
f66a1f18-4c18-4317-b929-fb616cc7cebc,1dc99fbb-5496-4aab-a4b6-32e653ccc789,f073b9d9-a3e3-4d04-a209-0db55377b79e,Zmajski most,341
318d4398-e152-498b-b4ff-1344c67adba6,2a7d32ca-24a1-41ac-a273-0cbcdec59336,9b0074d2-2c92-4c01-830b-00be8e05b412,Cukrarna,513
7c149b59-2bc6-45cb-95c8-69e18a0db627,2edaabef-ed43-4b87-ba95-a5600c33250f,dc6b96b1-d0fa-4d03-ac2b-8eba5bb97ba2,Peruzzijeva,862
6932c2e0-ff32-4170-b519-fba88e29c147,f496ecc3-28fe-4361-9da8-428bbf3bd672,fef200e9-4d98-425b-ab14-8110e2aa85d7,Drama,768
4038e02e-f22f-4af0-ba4f-7aab855b53af,5d1e404b-1606-457e-8d2b-4e3e80139532,b905ae6a-f1e1-4057-8923-481902ed5a8e,Konzorcij,382
538ab00b-ee39-44e8-b5a4-62c2c6215bf6,5c15a390-36b6-47a9-9d84-0c7160157c1d,fef200e9-4d98-425b-ab14-8110e2aa85d7,Drama,484
34afe7f1-2d09-487f-983f-19c7dd5dae82,fb662324-f307-452f-9b00-0275dadfd382,bea274aa-277a-403d-ab2f-a0342b28882e,Križanke,802
a2b5023d-5ce8-420f-ad2a-b61c7a1902a8,77dcd833-fa4d-4c5a-93b1-31284942e61d,0760a037-cd94-4936-89b6-45ce9bd19917,Mercator,660
1eadcdb9-60cd-47c9-8eec-527c3465a685,b2dd8b3a-3710-4f07-b735-4bd183bfaade,087e50b6-7677-4a85-802f-5694266fe38b,Aškerčeva,509
67c3adc1-a92d-4528-91ee-77d8b52574c6,91fb6c6e-49cf-49d3-97d4-6ae228f9bfa1,25ad5579-f6a0-4f35-a0c9-0678b41e9dde,Križanke,460
c93954aa-7aad-4fca-9f7a-721d37f0474e,6cc5af3b-67ea-47f3-9e8a-10946c32b906,N/A,N/A,4525
c22879e5-8e90-4540-9a74-5f139208e492,b4634750-8d91-4625-b40d-1da9665e70f6,fef200e9-4d98-425b-ab14-8110e2aa85d7,Drama,1591
d72d58c2-b9a9-4dd5-b741-17e986d925c8,61f19c68-2d5e-4d76-bdd4-28709a347b5b,fef200e9-4d98-425b-ab14-8110e2aa85d7,Drama,995
7294875b-8482-484a-b04d-95b921612001,10d57057-b305-4b7a-806b-3373014db962,3429cda2-6047-453c-bf54-952dfa6674c0,Klinični center,541
f2b27cbd-5207-4281-8f67-6369d0c50a9b,8d775324-59ca-429e-ad7e-8d522c52dbdd,37fc313d-1f45-49c9-9059-4f96f44a6682,Zgornja Šiška,188
d4fd9934-5253-4ab8-a779-3e9e2a30c5b7,66012072-6b6b-4775-8001-0887d18e09a3,N/A,N/A,4525
45303500-8b0e-4779-9abd-433b5f8b2838,a2947722-2e6f-48dd-9c31-ff36356676fa,023d7b7a-b411-4e61-8746-b07f9e5c8f90,Ambrožev trg,229
b905ae6a-f1e1-4057-8923-481902ed5a8e,0bb103e4-c4a6-4c4c-a13d-217ab4e6dfd3,fef200e9-4d98-425b-ab14-8110e2aa85d7,Drama,213
9a480b5e-0283-4130-a5e2-9d5e996caa4f,c86d5f37-52ee-4e3a-99b5-b9554118c4d5,fef200e9-4d98-425b-ab14-8110e2aa85d7,Drama,60
1e4be02a-ac61-41bc-b9b5-1ef7850313ed,fa96d420-d1af-4ad0-bf6a-4544deb1c5eb,a719a87c-4e93-4387-a6d1-2631a487f7e0,Ajdovščina,59
e333d90d-3eef-4d82-9e00-ebe693e2f389,d0790612-d161-4be4-953d-a7a0c33acf1e,f2920a77-6c6c-494d-96b7-2a8caf8f374f,Mirje,359
ea80411c-360d-4a33-861c-6533a1d67eef,824255dc-9be8-4f7b-9b69-2bd4e5a3fc27,9bb1ed3b-5a6f-43c7-afaf-ba2b60ca1a7a,Aškerčeva,392
ee3713fe-016c-47eb-96d1-f760c9d19010,7c166e7c-6fe0-44bd-b124-0013473f227a,a719a87c-4e93-4387-a6d1-2631a487f7e0,Ajdovščina,411
cec37fa8-0d4a-4e80-a259-2fa91b68463d,108e7dc8-ca5d-4c91-9414-32a32a31b69a,N/A,N/A,4525
f11e48f8-4133-4c36-a36f-73b4f33d9592,9cc88862-270a-409a-b450-e0003c7930af,a719a87c-4e93-4387-a6d1-2631a487f7e0,Ajdovščina,219
106bdc28-f0fe-4f13-b4ad-6c6a630550b5,d4c25d68-c340-431b-a646-7680fe0cefee,b905ae6a-f1e1-4057-8923-481902ed5a8e,Konzorcij,2086
235d7e56-4520-4691-b7d9-7588f7306e1d,d7748049-2f69-4c77-a19b-96774a521ac1,a719a87c-4e93-4387-a6d1-2631a487f7e0,Ajdovščina,382
5f2b93f1-7933-45ed-915c-4488ab8d81b7,fcccf4af-4f16-4edc-ba5a-585c434593fe,25ad5579-f6a0-4f35-a0c9-0678b41e9dde,Križanke,189
6bd46cb7-9e5d-453a-878a-bcc38fb2a5f2,3f01eb40-651e-4fad-aff9-2ee27f259f64,6a0b25cc-428e-47b5-831a-e89facfa7f26,Ziherlova,371
d119c3e9-7f2c-4d40-97a4-ccc6b4bb2951,d5d15a80-243b-49d7-a616-b3c3fb39e8af,e66e813a-722d-40f8-9ee9-1470d07bc200,Tobačna,1645
f414efd9-d697-4bbe-abb6-c9e09fd73514,eee355cc-98a1-4f25-8bf9-0100856eda6e,N/A,N/A,4525
f073b9d9-a3e3-4d04-a209-0db55377b79e,2e62f411-936d-4a10-96ed-2d8fe95d6d65,aa42017d-812a-4175-bc9b-0fec03b18931,Ambrožev trg,418
ab987eb0-c970-4577-8db9-0cd507a6cab6,3f0c15b3-99bd-4c12-8f7a-df06c9536526,105e10e7-fbab-4f99-94c9-178c25630b42,Brodarjev trg,696
7e0c8a32-21cb-46dc-8e50-9c4675dfa322,7c37b809-4d6d-497c-a53d-38663e91c088,25ad5579-f6a0-4f35-a0c9-0678b41e9dde,Križanke,457
9741988b-6723-480b-a419-8db7490d667a,2ec182e2-769f-427f-b9b5-c4118890cb96,fef200e9-4d98-425b-ab14-8110e2aa85d7,Drama,240
e7789f42-0ad7-44d1-974b-42a3f4957291,25ad5579-f6a0-4f35-a0c9-0678b41e9dde,25ad5579-f6a0-4f35-a0c9-0678b41e9dde,Križanke,18
c70ad4c4-6c37-4f31-83aa-921dc8bc15a4,3d2f3af0-3b48-4019-a861-ee4fff761a24,16578e36-c682-4083-bd29-4973445dc0fe,Gosposvetska,449
5bc3addd-b076-4c60-b850-39f90e674b75,cdbafa76-fd1b-45e0-bbd6-d6c1c6a141f9,aa42017d-812a-4175-bc9b-0fec03b18931,Ambrožev trg,290
2f874852-bc80-4ff3-b6bf-a914e31251c8,cecad767-51e5-4683-bf56-e6e342f8d1e0,9bb1ed3b-5a6f-43c7-afaf-ba2b60ca1a7a,Aškerčeva,404
e65047c0-c01e-4727-b466-78e107c81ee4,0d50a4a8-a88d-4468-b562-73e51937e1c5,9bb1ed3b-5a6f-43c7-afaf-ba2b60ca1a7a,Aškerčeva,310
d9224caa-d582-4152-88e0-be720677fe16,bd001f58-6e58-49e9-877f-1fa36964fbc2,f4cfd904-bd11-4247-95df-32c4555a930f,Klinični center,329
4062cd22-b67a-4235-9980-0178b7add592,0e79ef8c-f692-4e29-a37e-4a81cbb3d410,fef200e9-4d98-425b-ab14-8110e2aa85d7,Drama,171
484b5c91-1220-43ba-af79-84e712fcc46b,cdee8be6-e02c-4fb5-9752-be1bac08d90d,12618339-2c2d-49ec-b0e0-2517c11991f8,Mirje,139
54c591c0-7bbb-4489-9229-57b18f95827a,2265e4de-a537-4f97-882b-c94c24aabfb0,38b3abed-0592-407b-96c3-85a026f2e192,Dalmatinova,336
6e7cab20-d7e3-474f-9a5e-f1e0ca6fae53,13ceaf6c-9650-45c3-b449-64a0e5094d18,9b0074d2-2c92-4c01-830b-00be8e05b412,Cukrarna,490
65e92ecc-800d-4962-a8bc-0f50f1107a5b,bd1396f2-4dc8-4695-9bf1-c601157100d8,9a1c4c65-df77-481f-87ad-56143f02a864,Vižmarje,347
35aedf45-cca3-4f2f-931b-138d29d20fe9,a8af1032-30bf-4f7b-a921-28d2f712fd24,5d7f28a6-2a2a-4333-aa06-48edfb652f86,Pošta,324
567980fa-7783-411d-9c67-55b44d753880,1c8efa00-4587-4efc-a10d-794e9d885857,N/A,N/A,4525
08071ba1-570f-487b-9a36-01a046fb2788,6672b8cb-e56d-420a-a5e7-fc86e8aa3647,N/A,N/A,4525
6e7cab20-d7e3-474f-9a5e-f1e0ca6fae53,d7384760-d854-492d-87af-f342cab37fc1,7a52a73a-cc0e-4c61-b9bc-306157727e1c,Tržnica Moste,93
b4ffcb65-e60f-478d-806b-e7ae83f1a39d,e3b51371-e289-45ef-83ca-1f4ffff25162,087e50b6-7677-4a85-802f-5694266fe38b,Aškerčeva,343
70c51140-f3ee-4c89-a6e2-ed74dab89148,548a85bd-f15f-427b-ad90-43cb50e9e31a,b905ae6a-f1e1-4057-8923-481902ed5a8e,Konzorcij,1301
022ef61f-a226-42e8-b11d-30cf9f9a6688,441545fb-7a0c-4555-aea8-01cbe6c14ea3,f2920a77-6c6c-494d-96b7-2a8caf8f374f,Mirje,215
05bd4cbd-b014-4cfd-8ca9-3c82b0a59114,306dcdea-b1ce-4357-ba5e-fa82293630df,8c7fa045-888b-46d0-8189-6f82623bf481,Poljanska,257
c8e0086c-0cef-4375-a471-72f3ae1e34fc,65e92ecc-800d-4962-a8bc-0f50f1107a5b,c124f317-217b-4b89-9597-393843de4f81,Nusdorferjeva,329
4d57f6bd-7ba7-4f07-8aa1-ecac0b09e8db,eefb30b4-8049-4128-89f5-bb359b1c93b0,65a6b01d-c9cf-4d4e-930c-5562156d7375,Besnica kamnolom,86
9e0942f3-2c18-4891-9b51-9d95cc43af7a,a7177a3d-8db2-43fb-8910-f95857f0ed97,N/A,N/A,4525
2edaabef-ed43-4b87-ba95-a5600c33250f,d3a6cbf3-65f0-4db8-9a10-1460763eac8e,98fa3880-5936-4ec8-ba04-39c7ff9a0e6a,Stara cerkev,227
5c15a390-36b6-47a9-9d84-0c7160157c1d,98fa3880-5936-4ec8-ba04-39c7ff9a0e6a,a719a87c-4e93-4387-a6d1-2631a487f7e0,Ajdovščina,251
5f2b93f1-7933-45ed-915c-4488ab8d81b7,aa844493-50b0-4b91-b331-f4297d2ae6a8,b589ddd3-5a31-4fe1-915f-44347b4c0a1a,Bratov Učakar,327
406d6bb7-147c-4853-a917-e5c437b025e6,ab987eb0-c970-4577-8db9-0cd507a6cab6,7fa32ea0-e884-435a-a81c-51bbd5cedf3e,Zaloška,1249
3f37b298-896a-40be-b2f5-6fe8154756c4,ef31a8be-b01d-44cd-95cf-3db8e918af26,cdabf1ea-b04c-480a-8359-72c46e6864ab,Bežigrad,185
352f5cae-25c9-41c5-ab70-268bf64107f0,29336b94-2382-46dd-b2e6-4590dd689640,5d7f28a6-2a2a-4333-aa06-48edfb652f86,Pošta,278
d17294f3-5b6c-4313-9243-3f38557967cf,9e90940e-cf99-4112-87ec-7cbb6331509a,627be449-8b6a-40f4-a57c-09ccdacccb66,Novo naselje,104
8a5febd6-d44a-4c98-a221-46044548663d,567980fa-7783-411d-9c67-55b44d753880,5d7f28a6-2a2a-4333-aa06-48edfb652f86,Pošta,357
befe0e87-b5fe-41ff-9a77-f65461eff28d,f4e99ece-e89e-4322-80c6-5a91df65f64e,a719a87c-4e93-4387-a6d1-2631a487f7e0,Ajdovščina,518
48b163cd-b819-4849-aee1-8b1da77657ab,cc9cbd94-6da7-41ff-a728-cfd4b47dfcc0,4062cd22-b67a-4235-9980-0178b7add592,Drama,1662
e9035f9a-28be-450a-a30c-7178134ff26b,aa31554f-8623-42db-aedd-ad9a8f562e4c,bea274aa-277a-403d-ab2f-a0342b28882e,Križanke,1911
216a26dc-11c2-432b-b099-0d55d508b7fa,298fea2e-c58b-4d99-9350-2420c718d2cc,f4cfd904-bd11-4247-95df-32c4555a930f,Klinični center,201
72e6ae6e-bd4b-4946-a032-7ff9b8b41039,5de6ff80-1352-43df-b5ec-1df59f2f492b,25ad5579-f6a0-4f35-a0c9-0678b41e9dde,Križanke,237
447a37f6-2be6-45a3-8ae0-6982aa53cafb,6a89c110-a0f8-4b1a-87f0-33f49c0a658e,16578e36-c682-4083-bd29-4973445dc0fe,Gosposvetska,1814
125d4928-6b97-4a4b-af34-a2d1564c029c,28248670-5e08-4de2-8eab-e63933c0d61d,5d7f28a6-2a2a-4333-aa06-48edfb652f86,Pošta,652
bf64b499-211b-4da8-ace2-f12a17608ae3,d7384760-d854-492d-87af-f342cab37fc1,a378ce5e-57ce-4c52-b219-568674b5cd5e,Gornji trg,305
66a82f60-b1d1-4251-a715-178300014f18,f1b7471e-db71-49da-846d-1232cb3e8f8f,484b5c91-1220-43ba-af79-84e712fcc46b,Slovenija avto,777
075a6b29-66cb-409f-89fe-37d50669eff4,9c57d59a-53f8-4a16-b279-2ab1745ea230,0be237aa-4b91-4d2b-ac23-0cebac975a0d,Cankarjev dom,376
5d1e404b-1606-457e-8d2b-4e3e80139532,f07c916c-6fc6-4acf-a334-0ab0d3c4f57f,f33b721f-a8a3-4aad-96f2-077da09ebaa6,Razstavišče,53
bea9f247-4e88-4d7c-9387-8cd9342acb8c,8b5f91a6-23b7-4786-96f9-a80c6d668e18,af2956ba-d922-4ec4-bfa7-b623c29e8b3e,Kompas,311
023d7b7a-b411-4e61-8746-b07f9e5c8f90,1b3ddeca-a066-43ee-9ae5-8339628129c2,a378ce5e-57ce-4c52-b219-568674b5cd5e,Gornji trg,91
65e92ecc-800d-4962-a8bc-0f50f1107a5b,30131bc3-a0f7-4cfc-9e4d-552b325c0ba7,087e50b6-7677-4a85-802f-5694266fe38b,Aškerčeva,373
5de6ff80-1352-43df-b5ec-1df59f2f492b,b60d686c-3b89-447c-93f6-2837d9af3d02,25ad5579-f6a0-4f35-a0c9-0678b41e9dde,Križanke,278
4ca7ae7e-380b-45e3-81de-00ffab5bb531,b829062a-2644-4350-b998-74522d9e85d8,fef200e9-4d98-425b-ab14-8110e2aa85d7,Drama,220
c8e0086c-0cef-4375-a471-72f3ae1e34fc,df63651e-45ab-4487-9429-9e604415b35c,4062cd22-b67a-4235-9980-0178b7add592,Drama,406
1c214818-5471-4d2a-a7b2-33464ffacdad,245bb1a4-ea6e-45b4-8331-b50983655326,a719a87c-4e93-4387-a6d1-2631a487f7e0,Ajdovščina,124
9b4a7d21-709f-4462-b602-c77d975df9e7,cbf8e64b-fd0d-48ec-8fb1-03b298cc13b3,91b76764-87af-4b90-89dd-60f0046f7cc0,Tomačevska,953
c70ad4c4-6c37-4f31-83aa-921dc8bc15a4,6c773433-c487-49c5-a783-32c0e276ed7b,12618339-2c2d-49ec-b0e0-2517c11991f8,Mirje,398
3a50f545-2fe2-45a0-8ed6-01635603efed,35dbaf26-2fa4-45c4-87fc-81d1ff13b005,557f714a-6f4a-4c98-8c5a-d74fa34b2adb,Hrvatski trg,807
a4545f57-dab0-4ca0-9da3-5bc96d80f104,5a2def68-fa57-4002-a942-e39bc2a87688,41489be9-b3b7-4cbe-90f8-af1a435b2676,Orlova,556
7fdce743-a4be-44d7-8658-0a259a18ad30,35dbaf26-2fa4-45c4-87fc-81d1ff13b005,087e50b6-7677-4a85-802f-5694266fe38b,Aškerčeva,352
666e98e1-4a23-4204-a3e6-99110f8b3153,65a6b01d-c9cf-4d4e-930c-5562156d7375,38b3abed-0592-407b-96c3-85a026f2e192,Dalmatinova,1943
b905ae6a-f1e1-4057-8923-481902ed5a8e,f2b27cbd-5207-4281-8f67-6369d0c50a9b,bea274aa-277a-403d-ab2f-a0342b28882e,Križanke,522
47a3bd8a-72ae-4e20-b43f-10bfaf49012c,659ee31d-ae12-4498-8507-28579d322e32,ef91fd44-5651-4fd4-b6f8-619fdef9da7b,Hajdrihova,1403
f2fc2702-e9da-4c36-b6fc-9f52199e4574,da9650a3-6ec7-4cdb-95f2-a68851587dfc,4062cd22-b67a-4235-9980-0178b7add592,Drama,220
4fddf4a7-ad4e-4630-a5ca-3267955db548,311a0b74-0787-484b-b414-8adf1cd4cf58,a719a87c-4e93-4387-a6d1-2631a487f7e0,Ajdovščina,3406
2bf898b0-1247-4e84-87e2-2e044e580c8f,cce39cbe-6961-433a-a787-64fbf602f470,4062cd22-b67a-4235-9980-0178b7add592,Drama,266
45303500-8b0e-4779-9abd-433b5f8b2838,8648bfde-9b0f-4a64-aced-fe63aa923879,c0fb12dd-8cab-40da-a3aa-e8de9c6d09ed,Rusjanov trg,1480
80c65758-5f25-4003-8d55-10ff96fe8310,2f874852-bc80-4ff3-b6bf-a914e31251c8,a719a87c-4e93-4387-a6d1-2631a487f7e0,Ajdovščina,333
aa3ce006-1975-496a-abc6-a98ec5e87652,98239279-bb80-4070-965c-dc87525019e2,f4cfd904-bd11-4247-95df-32c4555a930f,Klinični center,782
d83ec579-9ab5-4e30-bedd-86613c234abd,7b687edb-dc47-4b68-a13e-34713cababe9,79325942-629a-4766-a34a-525f8edf8cc5,Podgora,89
fcfe6ac9-74b3-4c13-96b7-6041f1454813,15c71406-72b5-4681-8b1a-29eb30eb3f76,fef200e9-4d98-425b-ab14-8110e2aa85d7,Drama,207
1cc5f00f-c982-4016-8553-40a3da4f36ad,ff8f71b7-06fe-47fe-8238-9af5ee1b1dfd,8c7fa045-888b-46d0-8189-6f82623bf481,Poljanska,677
b7b7ac00-59bb-41eb-833d-ad309d24e68a,12618339-2c2d-49ec-b0e0-2517c11991f8,3d2f3af0-3b48-4019-a861-ee4fff761a24,Ježkova,203
0b90d258-764d-4c06-aab0-7074dbd54182,5fa77d25-e7a3-42db-8cc9-52b612d5de19,717c914e-f928-4671-95f6-26c1ddb95799,Cesta v Gorice,1173
73e6ef23-ef0c-41bf-9960-0e3078b94d23,ea80411c-360d-4a33-861c-6533a1d67eef,f2920a77-6c6c-494d-96b7-2a8caf8f374f,Mirje,275
fcc58ff5-bf0b-44ce-b12b-75ecc493f24d,4f681273-89fe-44f9-aaec-76950722cc52,b59656a4-b6e7-4b87-977c-078c59088a50,Hajdrihova,455
1b3dce90-170f-4176-b47b-2b50b9407e82,5b2cb528-ba33-461a-aee5-54e2ed8c3758,N/A,N/A,4525
041e08cc-b1bd-4f2c-aa4e-a9aaf2837a28,b5400e28-b0c3-4a02-9da2-084c465bd1d3,a719a87c-4e93-4387-a6d1-2631a487f7e0,Ajdovščina,177
d7384760-d854-492d-87af-f342cab37fc1,441545fb-7a0c-4555-aea8-01cbe6c14ea3,fef200e9-4d98-425b-ab14-8110e2aa85d7,Drama,800
53c3c8c9-2e64-4a8f-9afb-031b24c17d5a,ee3713fe-016c-47eb-96d1-f760c9d19010,bea274aa-277a-403d-ab2f-a0342b28882e,Križanke,369
ee837fd9-7a5c-4f14-bbd7-a46f14eb07c5,c87db9be-1fba-4102-a743-0ee4317dd5af,9bb1ed3b-5a6f-43c7-afaf-ba2b60ca1a7a,Aškerčeva,577
1d62c3f1-903c-4350-a349-80c4573b3cdc,0e79ef8c-f692-4e29-a37e-4a81cbb3d410,548a85bd-f15f-427b-ad90-43cb50e9e31a,Bratov Židan,1235
5c15a390-36b6-47a9-9d84-0c7160157c1d,f0661242-947b-4937-a9ce-d2a135cd62a7,9a938b49-ce1d-4e1c-a789-e316630ebc4f,Poliklinika,1770
ef3024a8-1d7f-4cf5-ad3b-74528eaa9c51,311a0b74-0787-484b-b414-8adf1cd4cf58,bea274aa-277a-403d-ab2f-a0342b28882e,Križanke,994
557f714a-6f4a-4c98-8c5a-d74fa34b2adb,eead721b-8996-4e73-a2f9-02dba20df4fa,b905ae6a-f1e1-4057-8923-481902ed5a8e,Konzorcij,217
e26da28a-b9c3-41b8-b57f-87b289b38e08,592b37eb-8255-4758-ae8a-7cef98521013,fac22b83-1bc0-4c12-8533-485b115409ef,Bolnica,436
2628b04b-eaf2-4c5a-b7ac-837237162783,548a85bd-f15f-427b-ad90-43cb50e9e31a,a719a87c-4e93-4387-a6d1-2631a487f7e0,Ajdovščina,632
d4c51b31-46fd-4da8-ba15-8068e666d483,01d1f388-d915-4e9f-bc3d-4432a73a216e,f073b9d9-a3e3-4d04-a209-0db55377b79e,Zmajski most,118
02e96186-e90a-4171-8869-082486f7da1d,3d9e90f6-2b67-4f24-9cc4-7c2063a08410,N/A,N/A,4525
ae3f312a-4242-4a42-8df2-5990505a7747,5a89967e-5654-49f6-84ca-59f7f9035444,8561e9fb-03e0-46f1-802d-b376d26a8ea5,Drenikova,647
24df120e-0d0c-4353-8dda-c7ef0dc3dd5c,43e01b7e-be2c-4282-be1b-9f628ca67327,d5102041-8282-4c77-a593-edac0d0d4a34,Cukrarna,156
a52cd7ac-c11e-4c8b-94a5-1a12b32595da,4b847ac2-4c41-4fc1-a497-9ce4deaab8b1,3429cda2-6047-453c-bf54-952dfa6674c0,Klinični center,758
52407970-4547-4323-a632-8db4ed0b040f,d6ae97e7-23b5-48d6-a9fa-2a2624e9f434,5d7f28a6-2a2a-4333-aa06-48edfb652f86,Pošta,736
a5eb15d2-f0cb-46a6-b888-6a9aad6bc5b6,e3321752-4498-4da3-801c-d54920b22eba,a719a87c-4e93-4387-a6d1-2631a487f7e0,Ajdovščina,235
df63651e-45ab-4487-9429-9e604415b35c,cecad767-51e5-4683-bf56-e6e342f8d1e0,5d7f28a6-2a2a-4333-aa06-48edfb652f86,Pošta,631
befe0e87-b5fe-41ff-9a77-f65461eff28d,fb7704f0-d31e-4561-83e4-621a8c62654b,16578e36-c682-4083-bd29-4973445dc0fe,Gosposvetska,228
404f8444-540d-4d82-a355-30a6a8bec797,eee355cc-98a1-4f25-8bf9-0100856eda6e,a719a87c-4e93-4387-a6d1-2631a487f7e0,Ajdovščina,210
bbfc6d44-94da-4cfd-b22a-368a2b11ce20,2c46416a-d66e-469c-a342-898a93f5b2f0,0bb103e4-c4a6-4c4c-a13d-217ab4e6dfd3,Cesta na Vevče,104
524d67dd-fbb0-4f6a-9199-f095123044ab,5293859e-2ea2-4ad3-9781-884672606464,b905ae6a-f1e1-4057-8923-481902ed5a8e,Konzorcij,1130
075a6b29-66cb-409f-89fe-37d50669eff4,12618339-2c2d-49ec-b0e0-2517c11991f8,12618339-2c2d-49ec-b0e0-2517c11991f8,Mirje,801
db9f7130-0bc2-4f3e-b8cd-07cfe96b1f8f,47a3bd8a-72ae-4e20-b43f-10bfaf49012c,2e6c059c-0305-47bb-9ca8-00a2123039e9,Štepanja vas,133
eee355cc-98a1-4f25-8bf9-0100856eda6e,8f623f1d-48a7-46b5-9331-28a8dc980876,ef31a8be-b01d-44cd-95cf-3db8e918af26,Emona,158
7c37b809-4d6d-497c-a53d-38663e91c088,4ac86a6a-874d-41a7-92a5-64ed733b7734,fef200e9-4d98-425b-ab14-8110e2aa85d7,Drama,1679
8a182298-1db3-4251-9cdb-a86efe72b8a7,3f0c15b3-99bd-4c12-8f7a-df06c9536526,b905ae6a-f1e1-4057-8923-481902ed5a8e,Konzorcij,659
9fa0b90f-dba1-4eca-8802-589425d3e8fd,79325942-629a-4766-a34a-525f8edf8cc5,b905ae6a-f1e1-4057-8923-481902ed5a8e,Konzorcij,1209
df973089-967d-4446-916c-260e9e8fec83,5de84f88-3f32-4636-8c30-03cc267ecf37,087e50b6-7677-4a85-802f-5694266fe38b,Aškerčeva,461
32abc648-685c-47b0-bbc4-203371ec2699,9f01f25f-9a5b-459a-96da-222ef81faf51,ee03ecf6-db6d-4ecc-90cd-5b3afc8afb91,PRŽAN,566
98fa3880-5936-4ec8-ba04-39c7ff9a0e6a,60d91c8b-d5a9-4ef4-927c-e241bc31f81a,fef200e9-4d98-425b-ab14-8110e2aa85d7,Drama,95
48507e1a-32df-4552-9448-3b345760b75f,8e7a488b-cd48-4243-92b0-42792d0e3bc1,c124f317-217b-4b89-9597-393843de4f81,Nusdorferjeva,672
a33e6b1f-de56-43aa-9a52-f7064636ab79,cd2cdf5f-a758-494c-8b1f-2de4ac913723,N/A,N/A,4525
f958cead-e4c3-4743-834d-46de4a06a8c9,298fea2e-c58b-4d99-9350-2420c718d2cc,b905ae6a-f1e1-4057-8923-481902ed5a8e,Konzorcij,67
6efecef0-52ba-4a47-9991-9bab5ce31340,12cfc2b3-f8ff-444b-8d5f-15855e45e331,5d7f28a6-2a2a-4333-aa06-48edfb652f86,Pošta,295
441545fb-7a0c-4555-aea8-01cbe6c14ea3,13ceaf6c-9650-45c3-b449-64a0e5094d18,fef200e9-4d98-425b-ab14-8110e2aa85d7,Drama,348
1ef524bd-2bf3-4c47-add3-044374897443,30e58784-86f6-4d93-8630-3cc3fc93c6f3,48b163cd-b819-4849-aee1-8b1da77657ab,Šentvid,111
abc9fd26-5442-468b-93b6-4d5eb76d0f1f,e9035f9a-28be-450a-a30c-7178134ff26b,9bb1ed3b-5a6f-43c7-afaf-ba2b60ca1a7a,Aškerčeva,555
712ee105-4fab-498a-af5c-496ca9830f5f,7b41ca8e-2e41-4572-aa5c-1d80375e8835,25ad5579-f6a0-4f35-a0c9-0678b41e9dde,Križanke,764
2f18bcfa-6189-4de4-b06f-132d3392e7d6,2496479b-f855-403d-bce8-2a4d9988665d,bea274aa-277a-403d-ab2f-a0342b28882e,Križanke,303
e26da28a-b9c3-41b8-b57f-87b289b38e08,fb7704f0-d31e-4561-83e4-621a8c62654b,48b163cd-b819-4849-aee1-8b1da77657ab,Šentvid,101
fac22b83-1bc0-4c12-8533-485b115409ef,4ca7ae7e-380b-45e3-81de-00ffab5bb531,454817d3-3750-49c7-994c-14d06fd2c634,Žale,72
76f20fbf-afc4-4c7d-b51c-14f0878b38d8,754e8f1f-a5ba-4281-8f31-fb3357744cd2,48507e1a-32df-4552-9448-3b345760b75f,Cesta na Vevče,292
7d1d9e60-8a7d-4e50-86e5-f3a42a99d837,78c69686-64ed-437c-83b5-0e28733ed70c,N/A,N/A,4525
7fa32ea0-e884-435a-a81c-51bbd5cedf3e,8c7fa045-888b-46d0-8189-6f82623bf481,feb89b92-366d-4f50-a509-40c7baba8cf0,Brodarjev trg,45
bff8345d-1b72-4b41-8b8d-cb8a5483a2e4,16578e36-c682-4083-bd29-4973445dc0fe,7fa32ea0-e884-435a-a81c-51bbd5cedf3e,Zaloška,513
105e10e7-fbab-4f99-94c9-178c25630b42,9c2e9262-7afe-44d3-8aaf-80afd45f9118,c87db9be-1fba-4102-a743-0ee4317dd5af,Bavarski dvor,259
91b76764-87af-4b90-89dd-60f0046f7cc0,1cc5f00f-c982-4016-8553-40a3da4f36ad,087e50b6-7677-4a85-802f-5694266fe38b,Aškerčeva,1015
fdff5f9c-6c02-4fc1-a004-7032b17fa37a,16578e36-c682-4083-bd29-4973445dc0fe,25ad5579-f6a0-4f35-a0c9-0678b41e9dde,Križanke,1234
29589594-5959-4efb-8dda-7348e4e500a0,795c157e-21e0-4115-85aa-93c227e3420f,c87db9be-1fba-4102-a743-0ee4317dd5af,Bavarski dvor,291
d98335a0-1291-4d4c-be62-16b11c356575,923bd774-0651-4e0a-8624-3acfb7ecd5ff,fef200e9-4d98-425b-ab14-8110e2aa85d7,Drama,694
98a94a2a-894f-4ff0-9967-1dd986bf0cfd,aee8e842-6083-48a7-b14f-cc3d112537bb,e66e813a-722d-40f8-9ee9-1470d07bc200,Tobačna,373
1b0f629f-acdb-4e94-8c54-018f4334ebf7,5dcffe2a-1c73-4f7c-bdac-4084bb5201aa,4ed69cbb-d738-450c-be11-7d96cd50ee50,Livada,1200
0334e79e-7a89-44e9-a463-5af813e64a40,39650ca1-d08c-4645-ac1a-6aed84eb45c5,a719a87c-4e93-4387-a6d1-2631a487f7e0,Ajdovščina,1956
ae3f312a-4242-4a42-8df2-5990505a7747,36c7bbd0-50d7-4b5d-b9b3-9dadd37ac50b,fef200e9-4d98-425b-ab14-8110e2aa85d7,Drama,1061
01bc5983-63a7-4184-9986-32e5a5320684,447a37f6-2be6-45a3-8ae0-6982aa53cafb,77dcd833-fa4d-4c5a-93b1-31284942e61d,Šišenska,766
48e907fd-e868-47cd-8cac-74c7d4582944,3fbf6322-fb74-4a50-a81a-bfca73abc26b,bea274aa-277a-403d-ab2f-a0342b28882e,Križanke,685
e0c253d0-1de7-4add-ac75-8b16151fa462,6c773433-c487-49c5-a783-32c0e276ed7b,feb89b92-366d-4f50-a509-40c7baba8cf0,Brodarjev trg,488
c31b32c6-1ec2-48e9-9929-356fd0253540,10d57057-b305-4b7a-806b-3373014db962,5d7f28a6-2a2a-4333-aa06-48edfb652f86,Pošta,409
521edd75-c364-480a-af9e-a1c9815b6dd7,0d50a4a8-a88d-4468-b562-73e51937e1c5,fef200e9-4d98-425b-ab14-8110e2aa85d7,Drama,159
4a74b966-4fbf-41ab-8e1b-276f3f14fc49,ccd8a655-468b-4728-a26d-7981bbdd7dec,79a5bacd-8b59-4d83-99e8-26e3c5b1490b,Osenjakova,423
e0bcd677-6012-4c90-a884-44dffafdffec,12cfc2b3-f8ff-444b-8d5f-15855e45e331,b905ae6a-f1e1-4057-8923-481902ed5a8e,Konzorcij,329
595ee2ab-3022-469d-a3e1-0c87d7dfb14d,1c0ae078-cca7-40c8-aeda-1187a12ddfee,087e50b6-7677-4a85-802f-5694266fe38b,Aškerčeva,908
fcec9e7a-1c9e-4214-96dd-d071550349e6,4d216485-ef41-45e7-9182-0c254644955c,c124f317-217b-4b89-9597-393843de4f81,Nusdorferjeva,186
a33e6b1f-de56-43aa-9a52-f7064636ab79,d9df365b-7e54-4d22-b2e9-3b548d48ad59,c87db9be-1fba-4102-a743-0ee4317dd5af,Bavarski dvor,296
9cc88862-270a-409a-b450-e0003c7930af,6c773433-c487-49c5-a783-32c0e276ed7b,fef200e9-4d98-425b-ab14-8110e2aa85d7,Drama,744
fdff5f9c-6c02-4fc1-a004-7032b17fa37a,5c246f67-4431-4968-8d64-2ae4b823e360,3429cda2-6047-453c-bf54-952dfa6674c0,Klinični center,260
24ab9d18-4fb9-4e7e-b48c-d5cdc9cd1305,e78f256e-7218-4263-87b9-255bd90c9f49,a719a87c-4e93-4387-a6d1-2631a487f7e0,Ajdovščina,85
d0790612-d161-4be4-953d-a7a0c33acf1e,b2dd1684-0848-40f7-b10e-8f74bb005f2f,N/A,N/A,4525
1b0f629f-acdb-4e94-8c54-018f4334ebf7,c87db9be-1fba-4102-a743-0ee4317dd5af,d5102041-8282-4c77-a593-edac0d0d4a34,Cukrarna,344
f11e48f8-4133-4c36-a36f-73b4f33d9592,d3a6cbf3-65f0-4db8-9a10-1460763eac8e,3429cda2-6047-453c-bf54-952dfa6674c0,Klinični center,546
53ec687a-6f0c-4bb7-b1b4-606e7dcfada9,55f1ae46-11e5-4270-991f-f09dae6c58bf,5d7f28a6-2a2a-4333-aa06-48edfb652f86,Pošta,404
cdbafa76-fd1b-45e0-bbd6-d6c1c6a141f9,030363e5-99a3-401f-96db-a16a340ace21,d98335a0-1291-4d4c-be62-16b11c356575,Božičeva,456
fef200e9-4d98-425b-ab14-8110e2aa85d7,59faa0f0-34b1-47cd-ba3a-3b6f0d684c00,bea274aa-277a-403d-ab2f-a0342b28882e,Križanke,905
0760a037-cd94-4936-89b6-45ce9bd19917,91fb6c6e-49cf-49d3-97d4-6ae228f9bfa1,4062cd22-b67a-4235-9980-0178b7add592,Drama,918
0e79ef8c-f692-4e29-a37e-4a81cbb3d410,3d9e90f6-2b67-4f24-9cc4-7c2063a08410,fef200e9-4d98-425b-ab14-8110e2aa85d7,Drama,1535
96d4c75b-6452-4c70-a31e-c234262ba38b,da9650a3-6ec7-4cdb-95f2-a68851587dfc,cab36767-e95a-4f60-978e-92490f2517b2,Hrvatski trg,1373
fb7704f0-d31e-4561-83e4-621a8c62654b,c0ff37c8-ac6c-4284-ad32-0ad29fd30dc2,087e50b6-7677-4a85-802f-5694266fe38b,Aškerčeva,517
2896bfa8-0586-4ed1-8d93-c5c6e1ff3d72,1f4702d4-6b02-4ad3-aa9b-118ff9aa3474,eaad1ba5-14a4-494f-80ae-65294c29a962,Rožna dolina,1835
49f28358-bfda-458e-a4b3-a45f602765c1,fb7704f0-d31e-4561-83e4-621a8c62654b,N/A,N/A,4525
1505c6fe-6080-424e-98d1-24c312cfacf3,391bf42a-68a3-400a-baea-0c708f327325,b905ae6a-f1e1-4057-8923-481902ed5a8e,Konzorcij,685
7d003bd3-5fae-4076-b952-9f734651720f,7d003bd3-5fae-4076-b952-9f734651720f,a719a87c-4e93-4387-a6d1-2631a487f7e0,Ajdovščina,242
a7177a3d-8db2-43fb-8910-f95857f0ed97,245bb1a4-ea6e-45b4-8331-b50983655326,N/A,N/A,4525
e4635b94-348c-4c69-be85-1160488e5e43,1c214818-5471-4d2a-a7b2-33464ffacdad,9b85d4b0-c594-4e0e-9ce2-d0986256c270,Tavčarjeva,1087
f2b27cbd-5207-4281-8f67-6369d0c50a9b,1b3dce90-170f-4176-b47b-2b50b9407e82,5d7f28a6-2a2a-4333-aa06-48edfb652f86,Pošta,386
8f623f1d-48a7-46b5-9331-28a8dc980876,862efb04-bcf5-493a-929d-242fb91ba5f6,a9796806-8cd3-4b76-bf8c-4340aec35c9e,Lutkovno gl.,230
53806659-b339-4e68-af4a-4325c16b6026,84578591-7543-4105-8465-9df30256360d,fef200e9-4d98-425b-ab14-8110e2aa85d7,Drama,1416
a9796806-8cd3-4b76-bf8c-4340aec35c9e,7d1d9e60-8a7d-4e50-86e5-f3a42a99d837,N/A,N/A,4525
a5eb15d2-f0cb-46a6-b888-6a9aad6bc5b6,7f45fe9c-917a-4571-9a74-9e940cd84f3c,b905ae6a-f1e1-4057-8923-481902ed5a8e,Konzorcij,792
2628ca4f-8797-4672-aca9-47b325c58aac,9e0942f3-2c18-4891-9b51-9d95cc43af7a,fef200e9-4d98-425b-ab14-8110e2aa85d7,Drama,1077
b9edd39a-4f64-4553-869e-bb77e617b9b8,4ed69cbb-d738-450c-be11-7d96cd50ee50,25ad5579-f6a0-4f35-a0c9-0678b41e9dde,Križanke,362
c87db9be-1fba-4102-a743-0ee4317dd5af,125d4928-6b97-4a4b-af34-a2d1564c029c,d72032c7-d4b0-4eee-a87c-593985a42266,Tobačna,169
7ad25867-5c97-4f9f-9b1b-4966436f7fbf,0760a037-cd94-4936-89b6-45ce9bd19917,12618339-2c2d-49ec-b0e0-2517c11991f8,Mirje,265
3c6ebf90-c611-4535-b2b0-22fba3f7649a,b5400e28-b0c3-4a02-9da2-084c465bd1d3,fef200e9-4d98-425b-ab14-8110e2aa85d7,Drama,756
8648bfde-9b0f-4a64-aced-fe63aa923879,d3a6cbf3-65f0-4db8-9a10-1460763eac8e,4062cd22-b67a-4235-9980-0178b7add592,Drama,877
c0ff37c8-ac6c-4284-ad32-0ad29fd30dc2,15af3c66-ad74-4f41-92f7-92e2ff72a51d,bea274aa-277a-403d-ab2f-a0342b28882e,Križanke,608
42bcfbad-96b8-4ce2-96f3-07694e1bcfe2,8fbf17ab-413b-442c-9c6a-0eb8873a4755,N/A,N/A,4525
a2f479c6-4c21-4923-b4ac-86f752507cee,98a94a2a-894f-4ff0-9967-1dd986bf0cfd,N/A,N/A,4525
4ca9e64c-29ad-4391-a6f2-7e1ae022d5bf,397418bc-78a7-45c9-b5cf-374fe21cee11,aa42017d-812a-4175-bc9b-0fec03b18931,Ambrožev trg,173
5d91512b-af7f-4bbe-9dde-17f402fbf590,d9437903-d95a-49e6-9743-12b2b964e04c,6c56976b-4ae1-429f-bcab-0cfc37e3580d,Zgornji log,389
7276f267-9837-4c56-aad3-f8cd555060da,4038e02e-f22f-4af0-ba4f-7aab855b53af,25ad5579-f6a0-4f35-a0c9-0678b41e9dde,Križanke,870
cf22c7c2-776f-4bd7-ae1a-dc4f25983c19,47252dc3-dbd8-43df-898b-0a3fb27ffc93,4062cd22-b67a-4235-9980-0178b7add592,Drama,158
41c8c7eb-62ef-45d8-b5b1-221dd3c0022c,2838f674-f6e9-4eb5-a99c-1d0ac7903ca1,a719a87c-4e93-4387-a6d1-2631a487f7e0,Ajdovščina,629
a12cff7f-91e5-4f1e-be40-1a9b34ae792a,1e2641bc-b0b2-448e-8ad2-e52891fa4c5f,N/A,N/A,4525
cd2cdf5f-a758-494c-8b1f-2de4ac913723,7f45fe9c-917a-4571-9a74-9e940cd84f3c,N/A,N/A,4525
7fdce743-a4be-44d7-8658-0a259a18ad30,01bc5983-63a7-4184-9986-32e5a5320684,bea274aa-277a-403d-ab2f-a0342b28882e,Križanke,1549
65e92ecc-800d-4962-a8bc-0f50f1107a5b,8677848c-55dd-4af4-b275-3074a3ff4846,25ad5579-f6a0-4f35-a0c9-0678b41e9dde,Križanke,511
099976aa-17cc-45d3-add4-267985ab1533,cf6f67f5-f7df-4462-828b-481134217fad,9bb1ed3b-5a6f-43c7-afaf-ba2b60ca1a7a,Aškerčeva,402
ed50f692-09f9-409e-b7d6-05ff7711de6b,70bba1e8-3ea8-46fe-ace3-f75b04e37605,bea274aa-277a-403d-ab2f-a0342b28882e,Križanke,655
31e6db90-ba65-4c49-90c0-317fb92596b3,ef91fd44-5651-4fd4-b6f8-619fdef9da7b,4062cd22-b67a-4235-9980-0178b7add592,Drama,117
b4b7f450-4397-42d2-9d1e-39f786eecc2e,e8b0d4a2-f65e-4aed-97b8-77ab0d07955a,58cd6196-8ac4-4803-be8b-1c0d2fb52528,Kašeljska,148
7b41ca8e-2e41-4572-aa5c-1d80375e8835,45754ca7-bffd-4bcf-96df-952e59574dde,f073b9d9-a3e3-4d04-a209-0db55377b79e,Zmajski most,197
5d91512b-af7f-4bbe-9dde-17f402fbf590,30c30bf5-75c4-4dc0-995f-4679ef54d37c,fef200e9-4d98-425b-ab14-8110e2aa85d7,Drama,472
0b4a072e-6c2d-4c71-ab80-2b7142df81de,d7d791d9-02e0-4369-be0c-1546fc2044a4,a719a87c-4e93-4387-a6d1-2631a487f7e0,Ajdovščina,1416
cad3370f-7a28-4a47-8d5a-187adab3ca21,ed50f692-09f9-409e-b7d6-05ff7711de6b,a719a87c-4e93-4387-a6d1-2631a487f7e0,Ajdovščina,396
d2f9bbec-4b03-49a8-af83-afe65fe07a0e,d7d43617-ef41-4f9e-bbad-670d515d926a,dd57f39b-be0f-479e-bc35-5bd2edf98ff2,Bolnica,323
5930b5fe-26e2-4b69-bd1e-cdea021a0ab4,0be53afd-2427-49b2-b70c-2ee3d89e9762,9b0074d2-2c92-4c01-830b-00be8e05b412,Cukrarna,511
6cc5af3b-67ea-47f3-9e8a-10946c32b906,d72032c7-d4b0-4eee-a87c-593985a42266,N/A,N/A,4525
5dcffe2a-1c73-4f7c-bdac-4084bb5201aa,e0c253d0-1de7-4add-ac75-8b16151fa462,5d7f28a6-2a2a-4333-aa06-48edfb652f86,Pošta,961
35aedf45-cca3-4f2f-931b-138d29d20fe9,fcfe6ac9-74b3-4c13-96b7-6041f1454813,b905ae6a-f1e1-4057-8923-481902ed5a8e,Konzorcij,636
9fa0b90f-dba1-4eca-8802-589425d3e8fd,39650ca1-d08c-4645-ac1a-6aed84eb45c5,c87db9be-1fba-4102-a743-0ee4317dd5af,Bavarski dvor,1556
aa42017d-812a-4175-bc9b-0fec03b18931,e82569a6-73f3-4002-b7b5-0f83ee167535,a378ce5e-57ce-4c52-b219-568674b5cd5e,Gornji trg,410
ee03ecf6-db6d-4ecc-90cd-5b3afc8afb91,dc6b96b1-d0fa-4d03-ac2b-8eba5bb97ba2,5dcffe2a-1c73-4f7c-bdac-4084bb5201aa,Peruzzijeva,114
4abe5e63-5707-4ef0-acda-ab2c52749afe,62feeb73-9af7-43ee-8714-1b435ec20263,a719a87c-4e93-4387-a6d1-2631a487f7e0,Ajdovščina,172
e2d3c37e-a7df-458e-9e5a-ea33ccf4c11b,70231f13-be88-4e3a-a89a-5b4f436984d2,5d7f28a6-2a2a-4333-aa06-48edfb652f86,Pošta,847
fb7704f0-d31e-4561-83e4-621a8c62654b,7411cd45-83d2-40e6-89f6-5a0995e409cb,N/A,N/A,4525
81f21fc1-3bd2-4d2a-b563-2d063479c68e,9a14b0ec-f13a-46f0-8c4f-07d8b99241e2,fef200e9-4d98-425b-ab14-8110e2aa85d7,Drama,417
a3aeed02-8e36-4cb0-bb08-25cc4afda164,4038e02e-f22f-4af0-ba4f-7aab855b53af,9b0074d2-2c92-4c01-830b-00be8e05b412,Cukrarna,214
0c6d0a32-5673-45fa-9d50-04d8039cbda1,258aeffc-294a-4919-bfb0-34f90dc19892,4062cd22-b67a-4235-9980-0178b7add592,Drama,552
67d66d40-e8ba-4bc0-a9cf-814dce3ccbea,d3a6cbf3-65f0-4db8-9a10-1460763eac8e,9bb1ed3b-5a6f-43c7-afaf-ba2b60ca1a7a,Aškerčeva,550
f33b721f-a8a3-4aad-96f2-077da09ebaa6,8a182298-1db3-4251-9cdb-a86efe72b8a7,b905ae6a-f1e1-4057-8923-481902ed5a8e,Konzorcij,436
452f2b51-98fb-4a7c-bb0a-44577eb5e12b,dc6b96b1-d0fa-4d03-ac2b-8eba5bb97ba2,4062cd22-b67a-4235-9980-0178b7add592,Drama,1148
21a5f1e3-8ac0-4023-95ca-0a3ff54099aa,72e6ae6e-bd4b-4946-a032-7ff9b8b41039,6c56976b-4ae1-429f-bcab-0cfc37e3580d,Zgornji log,4
cdabf1ea-b04c-480a-8359-72c46e6864ab,d2f9bbec-4b03-49a8-af83-afe65fe07a0e,eead721b-8996-4e73-a2f9-02dba20df4fa,Ilirska,556
da656f17-9723-4cbe-a008-823cbad17c28,ca575a45-9c95-4348-9245-8c75f70130b3,N/A,N/A,4525
81a7167c-7913-442e-96c5-20dc6e25d74b,5cc8a08d-c0af-491f-9a9c-b8b4f5f23bc0,bea274aa-277a-403d-ab2f-a0342b28882e,Križanke,375
5560d06d-4058-473e-abba-099b05d7cf07,03375155-45fb-4565-b392-2349fcb199ea,889e3719-7d29-4888-b690-5a1531d2930e,Jadranska,425
cc9cbd94-6da7-41ff-a728-cfd4b47dfcc0,306dcdea-b1ce-4357-ba5e-fa82293630df,6182f8e8-c45e-4606-b4a4-d909bd44d2cc,Gornji trg,411
b2dd8b3a-3710-4f07-b735-4bd183bfaade,f5e84751-7377-402c-974c-53276e422e70,5d7f28a6-2a2a-4333-aa06-48edfb652f86,Pošta,1371
bd6d732b-65aa-4b59-be82-6ce1301e70d5,79a5bacd-8b59-4d83-99e8-26e3c5b1490b,7fa32ea0-e884-435a-a81c-51bbd5cedf3e,Zaloška,1247
47283e27-c588-411c-9303-30a6f0beeaef,33613e0e-f41c-4cee-804a-3942bf698e3e,9cfac7e2-9653-4e52-a6d3-27756d27f817,Kino Šiška,1140
8648bfde-9b0f-4a64-aced-fe63aa923879,d987aa3a-ae4a-42f6-bc9b-79c41dcf055a,5d7f28a6-2a2a-4333-aa06-48edfb652f86,Pošta,473
2f18bcfa-6189-4de4-b06f-132d3392e7d6,659ee31d-ae12-4498-8507-28579d322e32,e333d90d-3eef-4d82-9e00-ebe693e2f389,Jurčkova,196
1d62c3f1-903c-4350-a349-80c4573b3cdc,1df1835b-cfd3-40e7-9466-9c9d43642bed,fef200e9-4d98-425b-ab14-8110e2aa85d7,Drama,264
339ec74c-f45b-4f23-98b8-7ac67486ff6d,be5fb719-eda2-4831-90c6-249248ea22dd,5d7f28a6-2a2a-4333-aa06-48edfb652f86,Pošta,441
b2dd1684-0848-40f7-b10e-8f74bb005f2f,59faa0f0-34b1-47cd-ba3a-3b6f0d684c00,N/A,N/A,4525
15bb8af1-183e-4ec8-81f7-1fc6e81beb30,5f2b93f1-7933-45ed-915c-4488ab8d81b7,bd1396f2-4dc8-4695-9bf1-c601157100d8,Preglov trg,999
c1606675-dd38-4952-914b-6ca64fd56b7b,47637057-8d6a-4cf9-bd56-3ac90748fcc4,25ad5579-f6a0-4f35-a0c9-0678b41e9dde,Križanke,838
99b82632-116f-421b-9320-d5a53e522155,a7177a3d-8db2-43fb-8910-f95857f0ed97,N/A,N/A,4525
d2e3d9f5-0203-49a4-8ea1-455e2434a347,25ad5579-f6a0-4f35-a0c9-0678b41e9dde,N/A,N/A,4525
0d50a4a8-a88d-4468-b562-73e51937e1c5,05643914-8ff7-4064-8737-2761d44a083f,25ad5579-f6a0-4f35-a0c9-0678b41e9dde,Križanke,543
259de009-1345-4169-920b-baeaceade993,0dc86a8f-0f41-44c7-978c-e06cb63cbbcf,5d7f28a6-2a2a-4333-aa06-48edfb652f86,Pošta,1054
59d96e2c-3ee3-4581-840a-3ddaf0003743,6459bd02-d8f8-413e-9402-10b916f09a4f,bea274aa-277a-403d-ab2f-a0342b28882e,Križanke,916
0c5f69a6-97c7-4053-bc0b-3f09dbf72f46,98a75a4c-0ef8-4efa-8f0a-384fe8eafce0,5d7f28a6-2a2a-4333-aa06-48edfb652f86,Pošta,348
5f2b93f1-7933-45ed-915c-4488ab8d81b7,e468b92f-fa4a-4819-bb11-37761deaf4ca,fef200e9-4d98-425b-ab14-8110e2aa85d7,Drama,508
e4635b94-348c-4c69-be85-1160488e5e43,6182f8e8-c45e-4606-b4a4-d909bd44d2cc,b905ae6a-f1e1-4057-8923-481902ed5a8e,Konzorcij,1136
9807573b-8821-40e4-b891-a5cea6e23b3d,c0ff37c8-ac6c-4284-ad32-0ad29fd30dc2,a719a87c-4e93-4387-a6d1-2631a487f7e0,Ajdovščina,523
7d1d9e60-8a7d-4e50-86e5-f3a42a99d837,a6b87518-2a7f-4505-898f-245ebe23c909,N/A,N/A,4525
712ee105-4fab-498a-af5c-496ca9830f5f,b8533150-cf69-441a-8fc4-18f39cbef16b,a719a87c-4e93-4387-a6d1-2631a487f7e0,Ajdovščina,605
5fe363f3-8297-448b-bde3-08f690c92d1b,66a82f60-b1d1-4251-a715-178300014f18,fef200e9-4d98-425b-ab14-8110e2aa85d7,Drama,1677
66012072-6b6b-4775-8001-0887d18e09a3,461045f0-a82c-45c0-af66-71b25f3f0e1a,087e50b6-7677-4a85-802f-5694266fe38b,Aškerčeva,1145
df63651e-45ab-4487-9429-9e604415b35c,4b456495-fb29-4ff3-b48b-4090bc51514e,3c6ebf90-c611-4535-b2b0-22fba3f7649a,Štajerska,542
c8e0086c-0cef-4375-a471-72f3ae1e34fc,bf990a3a-96e9-42b7-9147-33e85bd24c05,b905ae6a-f1e1-4057-8923-481902ed5a8e,Konzorcij,100
5b184752-5bd2-43e3-9243-dfc8969d9065,e4635b94-348c-4c69-be85-1160488e5e43,bea274aa-277a-403d-ab2f-a0342b28882e,Križanke,977
9b9d2948-7538-409c-9bfc-42c0b74c41a8,de80f5fd-4572-4bb6-9e21-9860f5fa6b24,5d7f28a6-2a2a-4333-aa06-48edfb652f86,Pošta,348
c326e479-ccc3-4915-8788-3fa189d0143e,5ddf10c0-90a5-4dbf-992c-23c0505674aa,6c56976b-4ae1-429f-bcab-0cfc37e3580d,Zgornji log,355
4fddf4a7-ad4e-4630-a5ca-3267955db548,219086ca-bdcb-4092-bd82-3d372b9b73ce,bea274aa-277a-403d-ab2f-a0342b28882e,Križanke,524
c87db9be-1fba-4102-a743-0ee4317dd5af,7ad25867-5c97-4f9f-9b1b-4966436f7fbf,5d7f28a6-2a2a-4333-aa06-48edfb652f86,Pošta,228
124ec397-421b-4737-bf71-09c9b1665a10,7fad8003-fb10-489d-bf8d-6d433310ad90,fb7704f0-d31e-4561-83e4-621a8c62654b,Kosmačeva,266
ba59baf4-dd00-40a5-80e7-3eee6b9d8b09,4f681273-89fe-44f9-aaec-76950722cc52,fef200e9-4d98-425b-ab14-8110e2aa85d7,Drama,2822
d83ec579-9ab5-4e30-bedd-86613c234abd,47637057-8d6a-4cf9-bd56-3ac90748fcc4,25ad5579-f6a0-4f35-a0c9-0678b41e9dde,Križanke,79
4f21a18a-3cb0-4c6c-bb92-e7c8945fac1c,1b3dce90-170f-4176-b47b-2b50b9407e82,a719a87c-4e93-4387-a6d1-2631a487f7e0,Ajdovščina,711
d50b2bdb-481b-4e58-ada6-47a028fc6382,754e8f1f-a5ba-4281-8f31-fb3357744cd2,a719a87c-4e93-4387-a6d1-2631a487f7e0,Ajdovščina,175
b4ffcb65-e60f-478d-806b-e7ae83f1a39d,feb89b92-366d-4f50-a509-40c7baba8cf0,12618339-2c2d-49ec-b0e0-2517c11991f8,Mirje,1109
91fb6c6e-49cf-49d3-97d4-6ae228f9bfa1,cce39cbe-6961-433a-a787-64fbf602f470,eead721b-8996-4e73-a2f9-02dba20df4fa,Ilirska,634
5a06b853-39a7-479d-ac40-fafa659fd896,813b7c8c-5236-405a-bb0d-092a5d93c2a6,25ad5579-f6a0-4f35-a0c9-0678b41e9dde,Križanke,343
d3a6cbf3-65f0-4db8-9a10-1460763eac8e,105e10e7-fbab-4f99-94c9-178c25630b42,b905ae6a-f1e1-4057-8923-481902ed5a8e,Konzorcij,2742
1b27d65a-1008-4bc9-928e-f6cb43b03804,cddb3822-7daf-4cae-9cc3-6b191e81326b,a719a87c-4e93-4387-a6d1-2631a487f7e0,Ajdovščina,974
aa42017d-812a-4175-bc9b-0fec03b18931,eefb30b4-8049-4128-89f5-bb359b1c93b0,7ad774b6-172a-401b-b186-358aa2d560a2,Jarše,424
cf22c7c2-776f-4bd7-ae1a-dc4f25983c19,5c246f67-4431-4968-8d64-2ae4b823e360,087e50b6-7677-4a85-802f-5694266fe38b,Aškerčeva,282
9845a6f7-ba79-4f3d-b6ae-969651ef6001,4f21a18a-3cb0-4c6c-bb92-e7c8945fac1c,c8e0086c-0cef-4375-a471-72f3ae1e34fc,Strelišče,156
b7834e14-7e86-4df5-83ce-006c93c31c00,da9650a3-6ec7-4cdb-95f2-a68851587dfc,b905ae6a-f1e1-4057-8923-481902ed5a8e,Konzorcij,3730
ec88f05d-3035-4f09-8560-72571bc0b125,59faa0f0-34b1-47cd-ba3a-3b6f0d684c00,a9796806-8cd3-4b76-bf8c-4340aec35c9e,Lutkovno gl.,282
216a26dc-11c2-432b-b099-0d55d508b7fa,7fdce743-a4be-44d7-8658-0a259a18ad30,5d7f28a6-2a2a-4333-aa06-48edfb652f86,Pošta,274
d3a6cbf3-65f0-4db8-9a10-1460763eac8e,0b9c5011-4f2d-4753-914f-500532b0dbeb,N/A,N/A,4525
2496479b-f855-403d-bce8-2a4d9988665d,4ec1b435-1683-4cd7-a4d0-688cc9f3b603,7a52a73a-cc0e-4c61-b9bc-306157727e1c,Tržnica Moste,2583
66943a7c-28b4-40a6-a996-21aa0b968435,30e58784-86f6-4d93-8630-3cc3fc93c6f3,fef200e9-4d98-425b-ab14-8110e2aa85d7,Drama,1733
66012072-6b6b-4775-8001-0887d18e09a3,25ad5579-f6a0-4f35-a0c9-0678b41e9dde,eb165f50-9c43-4b09-9658-469a16d3dc83,Kodeljevo,934
121b30dc-065b-4c76-aad2-a54a85c74d4d,609f0950-bb8c-4eaf-a931-8575b8aff1ac,e66e813a-722d-40f8-9ee9-1470d07bc200,Tobačna,506
521edd75-c364-480a-af9e-a1c9815b6dd7,bb1ac8b9-5cb2-49f2-8d5c-d7fe4afdd5dd,4062cd22-b67a-4235-9980-0178b7add592,Drama,195
83a62071-0161-47a2-b745-eafb5e945632,05bd4cbd-b014-4cfd-8ca9-3c82b0a59114,bea274aa-277a-403d-ab2f-a0342b28882e,Križanke,1858
da623aed-094d-4c3c-9766-9f0aba0f40f6,d4fd9934-5253-4ab8-a779-3e9e2a30c5b7,N/A,N/A,4525
352f5cae-25c9-41c5-ab70-268bf64107f0,e26da28a-b9c3-41b8-b57f-87b289b38e08,fef200e9-4d98-425b-ab14-8110e2aa85d7,Drama,331
b4634750-8d91-4625-b40d-1da9665e70f6,111b2cdc-67ca-47bc-a8eb-8a4c6a0674d9,087e50b6-7677-4a85-802f-5694266fe38b,Aškerčeva,1580
9f6048f0-5c5e-4773-915e-4ee05d200e27,754e8f1f-a5ba-4281-8f31-fb3357744cd2,a719a87c-4e93-4387-a6d1-2631a487f7e0,Ajdovščina,539
639551cf-fe23-4363-8ccd-655bc5d4119e,a41f5786-6b70-4224-bcde-e6fbaac4c21b,6182f8e8-c45e-4606-b4a4-d909bd44d2cc,Gornji trg,494
6a74977a-a26d-42b4-a60b-8dabc726e57d,6edebb46-d04f-45c4-99a4-100f7f0b2660,087e50b6-7677-4a85-802f-5694266fe38b,Aškerčeva,334
5f6cb902-b824-4961-9ac2-75cf44a47055,7ea32e84-b8d9-498b-9f03-5a66990012b9,9bb1ed3b-5a6f-43c7-afaf-ba2b60ca1a7a,Aškerčeva,580
32ff2d5b-61ae-415b-941b-aeb1be1b5052,7a256ec6-bb93-47eb-af92-ea62941c1dc6,e66e813a-722d-40f8-9ee9-1470d07bc200,Tobačna,385
bd001f58-6e58-49e9-877f-1fa36964fbc2,51e04e1d-9ea1-432d-8b79-09e6c2a7be7b,3429cda2-6047-453c-bf54-952dfa6674c0,Klinični center,1016
6182f8e8-c45e-4606-b4a4-d909bd44d2cc,9e0942f3-2c18-4891-9b51-9d95cc43af7a,557f714a-6f4a-4c98-8c5a-d74fa34b2adb,Hrvatski trg,1353
aa3ce006-1975-496a-abc6-a98ec5e87652,277bc73c-e61d-4046-bcfd-31d6161c568e,f4cfd904-bd11-4247-95df-32c4555a930f,Klinični center,1082
18d010ca-0244-4928-82cb-47af0836a1bb,2496479b-f855-403d-bce8-2a4d9988665d,023d7b7a-b411-4e61-8746-b07f9e5c8f90,Ambrožev trg,799
d123fde4-aa91-49c3-83df-5ebf12af4e59,eb669f04-cfb6-4ea4-90c9-26eb551ecb45,a719a87c-4e93-4387-a6d1-2631a487f7e0,Ajdovščina,790
e9d9f622-7394-4c5c-9031-a41855a64aa7,5bc3addd-b076-4c60-b850-39f90e674b75,4062cd22-b67a-4235-9980-0178b7add592,Drama,419
7b687edb-dc47-4b68-a13e-34713cababe9,f088dbda-3ab0-43c5-bcdf-c727725c05be,923bd774-0651-4e0a-8624-3acfb7ecd5ff,Gornje Poljane,1823
2d42d8e2-26a8-4a74-809c-f436d05c8a54,2a7d32ca-24a1-41ac-a273-0cbcdec59336,bea274aa-277a-403d-ab2f-a0342b28882e,Križanke,326
39650ca1-d08c-4645-ac1a-6aed84eb45c5,807c11ba-4b3a-4e2b-82b5-abf5864fa4bc,fef200e9-4d98-425b-ab14-8110e2aa85d7,Drama,254
47a3bd8a-72ae-4e20-b43f-10bfaf49012c,f1d7dbc8-d84b-4550-a3bd-e4748a677e9d,fef200e9-4d98-425b-ab14-8110e2aa85d7,Drama,630
43df2657-d56f-4fc4-8c40-49180cbbe90c,0b9c5011-4f2d-4753-914f-500532b0dbeb,N/A,N/A,4525
391bf42a-68a3-400a-baea-0c708f327325,abc9fd26-5442-468b-93b6-4d5eb76d0f1f,a719a87c-4e93-4387-a6d1-2631a487f7e0,Ajdovščina,127
ed50f692-09f9-409e-b7d6-05ff7711de6b,70c51140-f3ee-4c89-a6e2-ed74dab89148,25ad5579-f6a0-4f35-a0c9-0678b41e9dde,Križanke,558
25c85d19-456c-4188-b563-15ad467a54c7,c0a064eb-b507-43c2-a6d2-0e9c5881f031,feb89b92-366d-4f50-a509-40c7baba8cf0,Brodarjev trg,648
f0661242-947b-4937-a9ce-d2a135cd62a7,156a6f62-9a67-4cf0-ad56-85a343c77cd2,8c7fa045-888b-46d0-8189-6f82623bf481,Poljanska,1299
1632ee87-59dd-4367-bf10-9d13aa688e82,c0fb12dd-8cab-40da-a3aa-e8de9c6d09ed,9b85d4b0-c594-4e0e-9ce2-d0986256c270,Tavčarjeva,952
a5eb15d2-f0cb-46a6-b888-6a9aad6bc5b6,86303165-4af4-4fcd-b0f9-43ed865454f4,4062cd22-b67a-4235-9980-0178b7add592,Drama,868
d9df365b-7e54-4d22-b2e9-3b548d48ad59,548dbdee-83b0-497b-acc1-e15b34899d42,bea274aa-277a-403d-ab2f-a0342b28882e,Križanke,280
51dbf10f-cf3b-4575-a8cc-d1080c1f9dde,72e6ae6e-bd4b-4946-a032-7ff9b8b41039,a719a87c-4e93-4387-a6d1-2631a487f7e0,Ajdovščina,354
4682c5fd-08cb-4af1-a3e2-6f1ee880a52d,25ad5579-f6a0-4f35-a0c9-0678b41e9dde,b905ae6a-f1e1-4057-8923-481902ed5a8e,Konzorcij,511
144ab380-6586-43ce-b216-2e66362b6eca,e78f256e-7218-4263-87b9-255bd90c9f49,7a52a73a-cc0e-4c61-b9bc-306157727e1c,Tržnica Moste,1147
acedfed0-a3ba-4fa3-8cd6-910783961f0a,43e01b7e-be2c-4282-be1b-9f628ca67327,9bb1ed3b-5a6f-43c7-afaf-ba2b60ca1a7a,Aškerčeva,204
b698a890-05b8-40f6-a3a6-4f4c0a820f97,f1bc11ca-7516-447a-b826-7051c5306af7,N/A,N/A,4525
48e907fd-e868-47cd-8cac-74c7d4582944,7ea32e84-b8d9-498b-9f03-5a66990012b9,379bc761-04b5-4227-be76-3b870fe3e69f,Pot na Fužine,412
6d344016-1b93-4ff7-80a8-8cde0b57bd1c,d8ff7b2c-baf6-4a1a-97c5-0871b823caab,N/A,N/A,4525
95be8f74-3ed5-4cf1-aabc-b1c0027ea628,2628b04b-eaf2-4c5a-b7ac-837237162783,N/A,N/A,4525
4d216485-ef41-45e7-9182-0c254644955c,08071ba1-570f-487b-9a36-01a046fb2788,bea274aa-277a-403d-ab2f-a0342b28882e,Križanke,763
938c9405-72bb-4acd-bace-a75abcf2f9cb,88cdd36c-03d2-4374-a22f-110dd9f75ea0,087e50b6-7677-4a85-802f-5694266fe38b,Aškerčeva,930
98a75a4c-0ef8-4efa-8f0a-384fe8eafce0,86303165-4af4-4fcd-b0f9-43ed865454f4,25ad5579-f6a0-4f35-a0c9-0678b41e9dde,Križanke,1020
5764ff17-c787-4918-b7bd-a2ed9c6d7dd1,bd001f58-6e58-49e9-877f-1fa36964fbc2,9bb1ed3b-5a6f-43c7-afaf-ba2b60ca1a7a,Aškerčeva,382
e3b51371-e289-45ef-83ca-1f4ffff25162,d3a6cbf3-65f0-4db8-9a10-1460763eac8e,5d7f28a6-2a2a-4333-aa06-48edfb652f86,Pošta,485
4a90e424-11ab-43a8-b7e9-1c4f42fe2b7c,cc9cbd94-6da7-41ff-a728-cfd4b47dfcc0,9cfac7e2-9653-4e52-a6d3-27756d27f817,Kino Šiška,519
cee2862b-9b70-4880-8fa3-16c6d2efae1b,592b37eb-8255-4758-ae8a-7cef98521013,ecc4ae87-ae08-4b94-995c-452fdd94df7f,Privoz,883
e333d90d-3eef-4d82-9e00-ebe693e2f389,5a06b853-39a7-479d-ac40-fafa659fd896,a719a87c-4e93-4387-a6d1-2631a487f7e0,Ajdovščina,160
5aeac892-889f-4c5a-8fde-67e6ac096242,1f207e67-adf9-4da6-b107-3b58051d9990,087e50b6-7677-4a85-802f-5694266fe38b,Aškerčeva,768
216a26dc-11c2-432b-b099-0d55d508b7fa,7eb88e01-82e9-4af4-84d0-69c6ea9dc82c,25ad5579-f6a0-4f35-a0c9-0678b41e9dde,Križanke,26
1c0ae078-cca7-40c8-aeda-1187a12ddfee,397418bc-78a7-45c9-b5cf-374fe21cee11,fef200e9-4d98-425b-ab14-8110e2aa85d7,Drama,148
e6f5183b-c615-4f47-b4fb-204ee070e825,acedfed0-a3ba-4fa3-8cd6-910783961f0a,b905ae6a-f1e1-4057-8923-481902ed5a8e,Konzorcij,214
5a06b853-39a7-479d-ac40-fafa659fd896,0c3a77a7-d9eb-45c7-b722-1fafde29129c,fef200e9-4d98-425b-ab14-8110e2aa85d7,Drama,193
300f1367-4ba4-4416-90e4-caa8f33e9144,da623aed-094d-4c3c-9766-9f0aba0f40f6,087e50b6-7677-4a85-802f-5694266fe38b,Aškerčeva,1258
61f19c68-2d5e-4d76-bdd4-28709a347b5b,5930b5fe-26e2-4b69-bd1e-cdea021a0ab4,25ad5579-f6a0-4f35-a0c9-0678b41e9dde,Križanke,659
f1d7dbc8-d84b-4550-a3bd-e4748a677e9d,eee4abae-e720-4776-b6c7-0099d0119246,5d7f28a6-2a2a-4333-aa06-48edfb652f86,Pošta,878
548a85bd-f15f-427b-ad90-43cb50e9e31a,1faa072c-478b-4656-8df3-84167a9a4bbb,fef200e9-4d98-425b-ab14-8110e2aa85d7,Drama,2525
29336b94-2382-46dd-b2e6-4590dd689640,163da3ae-0ab9-480e-b72d-16357e0a9061,25ad5579-f6a0-4f35-a0c9-0678b41e9dde,Križanke,431
912792ae-7f7e-4295-8064-38ea96a5dc4a,15c71406-72b5-4681-8b1a-29eb30eb3f76,N/A,N/A,4525
7411cd45-83d2-40e6-89f6-5a0995e409cb,8561e9fb-03e0-46f1-802d-b376d26a8ea5,N/A,N/A,4525
67d66d40-e8ba-4bc0-a9cf-814dce3ccbea,bd001f58-6e58-49e9-877f-1fa36964fbc2,bea274aa-277a-403d-ab2f-a0342b28882e,Križanke,716
53ec687a-6f0c-4bb7-b1b4-606e7dcfada9,de80f5fd-4572-4bb6-9e21-9860f5fa6b24,b905ae6a-f1e1-4057-8923-481902ed5a8e,Konzorcij,117
1f02ab68-e4a0-4783-ae8a-39ccd679f2cc,0614b134-0950-4f6b-bc8f-fb73a0881bc1,51dbf10f-cf3b-4575-a8cc-d1080c1f9dde,Silos,315
d7d791d9-02e0-4369-be0c-1546fc2044a4,7ad774b6-172a-401b-b186-358aa2d560a2,3429cda2-6047-453c-bf54-952dfa6674c0,Klinični center,757
4d57f6bd-7ba7-4f07-8aa1-ecac0b09e8db,42bcfbad-96b8-4ce2-96f3-07694e1bcfe2,N/A,N/A,4525
08f2fb98-afdf-4961-b419-1bca7f5568ab,d27a7320-71d6-48bc-a4f5-0f3e239575b8,25ad5579-f6a0-4f35-a0c9-0678b41e9dde,Križanke,241
30e58784-86f6-4d93-8630-3cc3fc93c6f3,34ead609-4331-48ab-8e82-52dd70da9832,25ad5579-f6a0-4f35-a0c9-0678b41e9dde,Križanke,1369
e73c7113-cb4a-4cd5-8df9-ffc5fd86590a,4a74b966-4fbf-41ab-8e1b-276f3f14fc49,4062cd22-b67a-4235-9980-0178b7add592,Drama,460
42bcfbad-96b8-4ce2-96f3-07694e1bcfe2,2fafda56-e44d-4e08-8503-90e6bf75e19d,N/A,N/A,4525
d8289ab1-f65d-4b3d-8b4b-55ada004f023,78ef8af0-fd16-46b8-a5de-8d24b99638c8,bea274aa-277a-403d-ab2f-a0342b28882e,Križanke,1366
2838f674-f6e9-4eb5-a99c-1d0ac7903ca1,d119c3e9-7f2c-4d40-97a4-ccc6b4bb2951,17f7d178-41b3-41f9-a545-cbfc22a0a5f1,Nusdorferjeva,589
1a1ee974-5091-4fa7-96a2-0c2508892aa3,d17294f3-5b6c-4313-9243-3f38557967cf,a378ce5e-57ce-4c52-b219-568674b5cd5e,Gornji trg,614
bfcba499-ce46-41b0-8268-966d74eccb20,5aeac892-889f-4c5a-8fde-67e6ac096242,2188a1bc-ce7a-4450-bd4f-871538578244,Zadvor-2,17
8fbf17ab-413b-442c-9c6a-0eb8873a4755,e8d0bfd1-b300-4eae-8f85-79266066bb3c,c87db9be-1fba-4102-a743-0ee4317dd5af,Bavarski dvor,432
db13a26e-19d4-4b8a-a78a-01ef25d58834,609f0950-bb8c-4eaf-a931-8575b8aff1ac,5d7f28a6-2a2a-4333-aa06-48edfb652f86,Pošta,118
f14a6236-8af2-47bf-9270-432377662a63,e74131c6-ac2f-477b-9693-10bb5ab9f24b,N/A,N/A,4525
e90a68ac-02be-418f-8937-b9f1906274f2,9f6048f0-5c5e-4773-915e-4ee05d200e27,N/A,N/A,4525
a8a92762-af25-42a7-98dd-9846f8b33e09,6a774daa-3547-4128-b304-aa2d17d4391a,N/A,N/A,4525
3cb0ccbb-9b91-4d71-bd27-2acef732be4c,53806659-b339-4e68-af4a-4325c16b6026,ecc4ae87-ae08-4b94-995c-452fdd94df7f,Privoz,150
83a62071-0161-47a2-b745-eafb5e945632,62b17644-b4a6-412f-9e03-79bbaf339717,4062cd22-b67a-4235-9980-0178b7add592,Drama,1956
35dbaf26-2fa4-45c4-87fc-81d1ff13b005,f73d3fb2-082c-4518-8af2-45de5490df4e,e66e813a-722d-40f8-9ee9-1470d07bc200,Tobačna,80
813b7c8c-5236-405a-bb0d-092a5d93c2a6,61485a1f-73a8-4dac-bcc7-6e4e53eb4b0f,7bcbdcaa-00b9-47d4-8982-09da26cd7bcb,Zaloška,187
32ff2d5b-61ae-415b-941b-aeb1be1b5052,dc6b96b1-d0fa-4d03-ac2b-8eba5bb97ba2,4062cd22-b67a-4235-9980-0178b7add592,Drama,130
d7d43617-ef41-4f9e-bbad-670d515d926a,dfde6478-02b5-471b-a470-29cb0e84542f,17f7d178-41b3-41f9-a545-cbfc22a0a5f1,Nusdorferjeva,633
86303165-4af4-4fcd-b0f9-43ed865454f4,2154edb8-16e2-4334-8878-9e38abcdf06a,fef200e9-4d98-425b-ab14-8110e2aa85d7,Drama,2454
9c17244c-0812-404b-b929-5cdc0591e421,8d5e4aed-59fb-47c9-8559-5bf11b7ddca0,7d579a55-27bc-49d0-a124-a5ed6233c55a,Tacenski most,685
995cbd67-507b-4c32-b794-0ff48e0a3de9,b6816891-4b0d-4bda-8e12-176194efaefe,25ad5579-f6a0-4f35-a0c9-0678b41e9dde,Križanke,210
a378ce5e-57ce-4c52-b219-568674b5cd5e,7276f267-9837-4c56-aad3-f8cd555060da,7c166e7c-6fe0-44bd-b124-0013473f227a,Petrol,2866
02c61e3f-2d2e-4b42-b695-bbd3cc672f6b,b4634750-8d91-4625-b40d-1da9665e70f6,fef200e9-4d98-425b-ab14-8110e2aa85d7,Drama,1011
a2ce7e6f-0f99-443a-a973-81a0b9c60261,cf94d70f-d211-4625-9037-014514562aa9,087e50b6-7677-4a85-802f-5694266fe38b,Aškerčeva,433
a999f83e-4e6a-4ef9-9a10-e4a2c8a4a182,845b482b-dba1-4313-a476-e772691689cf,087e50b6-7677-4a85-802f-5694266fe38b,Aškerčeva,318
2188a1bc-ce7a-4450-bd4f-871538578244,13d6dac7-dc00-416e-a8c0-0d6967e4014e,9b0074d2-2c92-4c01-830b-00be8e05b412,Cukrarna,114
48b163cd-b819-4849-aee1-8b1da77657ab,78ef8af0-fd16-46b8-a5de-8d24b99638c8,f073b9d9-a3e3-4d04-a209-0db55377b79e,Zmajski most,672
795c157e-21e0-4115-85aa-93c227e3420f,b7834e14-7e86-4df5-83ce-006c93c31c00,bea274aa-277a-403d-ab2f-a0342b28882e,Križanke,499
16ae0a39-ff9a-4aee-88b5-34502255fab4,447a37f6-2be6-45a3-8ae0-6982aa53cafb,25ad5579-f6a0-4f35-a0c9-0678b41e9dde,Križanke,379
795c157e-21e0-4115-85aa-93c227e3420f,2d42d8e2-26a8-4a74-809c-f436d05c8a54,a719a87c-4e93-4387-a6d1-2631a487f7e0,Ajdovščina,1082
659ee31d-ae12-4498-8507-28579d322e32,ee837fd9-7a5c-4f14-bbd7-a46f14eb07c5,9845a6f7-ba79-4f3d-b6ae-969651ef6001,Tomačevska,1506
627be449-8b6a-40f4-a57c-09ccdacccb66,24ab9d18-4fb9-4e7e-b48c-d5cdc9cd1305,f14a6236-8af2-47bf-9270-432377662a63,Viadukt,465
0be53afd-2427-49b2-b70c-2ee3d89e9762,c3188d8e-c2d3-40e5-acc2-14bef70a5ff4,7a52a73a-cc0e-4c61-b9bc-306157727e1c,Tržnica Moste,557
2beb7011-982a-4349-be22-addf1c3bdec7,4e8ccfa1-b58c-4ee1-ad82-2e8a645071f3,fef200e9-4d98-425b-ab14-8110e2aa85d7,Drama,397
0334e79e-7a89-44e9-a463-5af813e64a40,fbd1dfb0-4a6f-4160-ad52-5ccb69530195,b905ae6a-f1e1-4057-8923-481902ed5a8e,Konzorcij,313
c6eab761-36e0-4bf8-88ed-48e594ed375b,59faa0f0-34b1-47cd-ba3a-3b6f0d684c00,fef200e9-4d98-425b-ab14-8110e2aa85d7,Drama,641
bc66f88b-1412-44cb-b921-030d27335261,d17294f3-5b6c-4313-9243-3f38557967cf,e57aad1d-457e-401f-b26d-306b4fd836eb,Kašeljska,587
e2499103-6634-4d8e-87a8-68dc5ef6340c,e66e813a-722d-40f8-9ee9-1470d07bc200,a378ce5e-57ce-4c52-b219-568674b5cd5e,Gornji trg,129
94c6598b-7303-42e1-94d5-156d7a25f630,30cf2ed7-2cf0-4764-ab64-78206968d5ba,0e79ef8c-f692-4e29-a37e-4a81cbb3d410,Vič Glince,2088
b7b7ac00-59bb-41eb-833d-ad309d24e68a,e73c7113-cb4a-4cd5-8df9-ffc5fd86590a,a719a87c-4e93-4387-a6d1-2631a487f7e0,Ajdovščina,281
68c65382-15dc-465c-96b5-7f27af9d4a63,64ea9f57-1f7f-465e-8721-55e26faee36a,fef200e9-4d98-425b-ab14-8110e2aa85d7,Drama,100
93928408-7b36-41f9-9b62-fec53e14b4e2,8a182298-1db3-4251-9cdb-a86efe72b8a7,bea274aa-277a-403d-ab2f-a0342b28882e,Križanke,499
fac22b83-1bc0-4c12-8533-485b115409ef,36c7bbd0-50d7-4b5d-b9b3-9dadd37ac50b,9bb1ed3b-5a6f-43c7-afaf-ba2b60ca1a7a,Aškerčeva,420
392949a1-1ada-4196-9073-6f392638ca49,9cc88862-270a-409a-b450-e0003c7930af,cf6f67f5-f7df-4462-828b-481134217fad,Žito,58
53c3c8c9-2e64-4a8f-9afb-031b24c17d5a,548dbdee-83b0-497b-acc1-e15b34899d42,fef200e9-4d98-425b-ab14-8110e2aa85d7,Drama,1158
eefb30b4-8049-4128-89f5-bb359b1c93b0,9dfc0a62-bf4d-4670-83d0-4e26a6e56b32,b905ae6a-f1e1-4057-8923-481902ed5a8e,Konzorcij,926
35dbaf26-2fa4-45c4-87fc-81d1ff13b005,21764d19-62cc-49fd-bac9-403aeac6a6b9,5d7f28a6-2a2a-4333-aa06-48edfb652f86,Pošta,761
98fa3880-5936-4ec8-ba04-39c7ff9a0e6a,2e6c059c-0305-47bb-9ca8-00a2123039e9,c87db9be-1fba-4102-a743-0ee4317dd5af,Bavarski dvor,571
c627c9f2-af02-4d83-969a-566719bb09e3,e73c7113-cb4a-4cd5-8df9-ffc5fd86590a,38b3abed-0592-407b-96c3-85a026f2e192,Dalmatinova,502
c70ad4c4-6c37-4f31-83aa-921dc8bc15a4,0810f07b-94d6-442f-b10d-bf8210c4ed47,38b3abed-0592-407b-96c3-85a026f2e192,Dalmatinova,713
4ac86a6a-874d-41a7-92a5-64ed733b7734,5c246f67-4431-4968-8d64-2ae4b823e360,4062cd22-b67a-4235-9980-0178b7add592,Drama,1415
9c3d9f7c-69df-4a48-8f1a-d25e7a922ac3,41c8c7eb-62ef-45d8-b5b1-221dd3c0022c,4062cd22-b67a-4235-9980-0178b7add592,Drama,149
8f623f1d-48a7-46b5-9331-28a8dc980876,125d4928-6b97-4a4b-af34-a2d1564c029c,d72032c7-d4b0-4eee-a87c-593985a42266,Tobačna,440
6182f8e8-c45e-4606-b4a4-d909bd44d2cc,9f01f25f-9a5b-459a-96da-222ef81faf51,fef200e9-4d98-425b-ab14-8110e2aa85d7,Drama,196
fac22b83-1bc0-4c12-8533-485b115409ef,48507e1a-32df-4552-9448-3b345760b75f,25ad5579-f6a0-4f35-a0c9-0678b41e9dde,Križanke,322
a2947722-2e6f-48dd-9c31-ff36356676fa,8dde1a7b-e3ec-4675-8409-2a2c4ae696c7,105e10e7-fbab-4f99-94c9-178c25630b42,Brodarjev trg,256
52c437c8-73ae-4db5-ac31-8e7cf5104826,d27a7320-71d6-48bc-a4f5-0f3e239575b8,N/A,N/A,4525
9bb1ed3b-5a6f-43c7-afaf-ba2b60ca1a7a,86a75ffc-a78f-401f-8991-2eb0371417b2,4062cd22-b67a-4235-9980-0178b7add592,Drama,128
67d66d40-e8ba-4bc0-a9cf-814dce3ccbea,67d66d40-e8ba-4bc0-a9cf-814dce3ccbea,67d66d40-e8ba-4bc0-a9cf-814dce3ccbea,Jadranska,2
baab981f-b707-4b2e-8291-6175f7ceb255,5f2b93f1-7933-45ed-915c-4488ab8d81b7,785ad018-d0fe-4628-b188-15f6dc71b38e,Barje,23
ae3f312a-4242-4a42-8df2-5990505a7747,f07c916c-6fc6-4acf-a334-0ab0d3c4f57f,25ad5579-f6a0-4f35-a0c9-0678b41e9dde,Križanke,340
bbe542ee-a3f6-43cf-b23a-077c28b7d19a,94c6598b-7303-42e1-94d5-156d7a25f630,feb89b92-366d-4f50-a509-40c7baba8cf0,Brodarjev trg,179
b4ffcb65-e60f-478d-806b-e7ae83f1a39d,9fa0b90f-dba1-4eca-8802-589425d3e8fd,bea274aa-277a-403d-ab2f-a0342b28882e,Križanke,263
6459bd02-d8f8-413e-9402-10b916f09a4f,cd2cdf5f-a758-494c-8b1f-2de4ac913723,N/A,N/A,4525
258aeffc-294a-4919-bfb0-34f90dc19892,c969f066-aab5-466d-b4db-48e651a4a12e,484b5c91-1220-43ba-af79-84e712fcc46b,Slovenija avto,155
f1fd2bad-eba9-4046-a7b9-34e8d1d423f5,ee095f27-439e-42e7-9e5c-e77b0903c31f,087e50b6-7677-4a85-802f-5694266fe38b,Aškerčeva,682
27788b38-4743-4e04-9b9c-94faeeeb2d34,a2f479c6-4c21-4923-b4ac-86f752507cee,N/A,N/A,4525
5a06b853-39a7-479d-ac40-fafa659fd896,8648bfde-9b0f-4a64-aced-fe63aa923879,c87db9be-1fba-4102-a743-0ee4317dd5af,Bavarski dvor,733
0334e79e-7a89-44e9-a463-5af813e64a40,7add6fa5-bfd5-4d9c-841b-d9856088ede9,8f623f1d-48a7-46b5-9331-28a8dc980876,Samova,605
5d1e404b-1606-457e-8d2b-4e3e80139532,4c08e174-6890-4c5d-9eec-15686971f909,N/A,N/A,4525
7ba233b7-a50a-497d-8135-dd8dabf93ff5,6a89c110-a0f8-4b1a-87f0-33f49c0a658e,fef200e9-4d98-425b-ab14-8110e2aa85d7,Drama,539
d7a59d1b-dfe1-4fbb-96fc-14443b077516,60ccc570-3714-410b-aa31-43d3a4c593c8,0bb103e4-c4a6-4c4c-a13d-217ab4e6dfd3,Cesta na Vevče,59
9b85d4b0-c594-4e0e-9ce2-d0986256c270,88cdd36c-03d2-4374-a22f-110dd9f75ea0,9bb1ed3b-5a6f-43c7-afaf-ba2b60ca1a7a,Aškerčeva,348
07b4c585-66cf-49d7-906c-50f1122c8e9e,80c65758-5f25-4003-8d55-10ff96fe8310,f4cfd904-bd11-4247-95df-32c4555a930f,Klinični center,821
34ead609-4331-48ab-8e82-52dd70da9832,0614b134-0950-4f6b-bc8f-fb73a0881bc1,f2bac6f5-5bbc-4f15-acdd-014d86770ce9,Kneza Koclja,1678
0b9c5011-4f2d-4753-914f-500532b0dbeb,6bc92f4c-414c-456b-9150-d58a7689d26e,N/A,N/A,4525
59ee5f7d-476b-4958-a922-2040a9308f3b,592b37eb-8255-4758-ae8a-7cef98521013,95eee7e8-237d-4410-a9bf-00c6f88129c1,Cukrarna,471
9e90940e-cf99-4112-87ec-7cbb6331509a,d5102041-8282-4c77-a593-edac0d0d4a34,5d7f28a6-2a2a-4333-aa06-48edfb652f86,Pošta,504
5a2def68-fa57-4002-a942-e39bc2a87688,a2f479c6-4c21-4923-b4ac-86f752507cee,N/A,N/A,4525
a6fde748-bb91-465c-8665-20cbaed7df19,39650ca1-d08c-4645-ac1a-6aed84eb45c5,N/A,N/A,4525
79d89180-8b07-4127-b7b4-1ac03d1cee9f,5881f75e-9383-49b0-811d-04c864ba1605,a719a87c-4e93-4387-a6d1-2631a487f7e0,Ajdovščina,105
64ea9f57-1f7f-465e-8721-55e26faee36a,0810f07b-94d6-442f-b10d-bf8210c4ed47,4062cd22-b67a-4235-9980-0178b7add592,Drama,843
86a75ffc-a78f-401f-8991-2eb0371417b2,fcfe6ac9-74b3-4c13-96b7-6041f1454813,b905ae6a-f1e1-4057-8923-481902ed5a8e,Konzorcij,523
ba0f81e5-dfec-49bb-8d6b-d52618338640,2628ca4f-8797-4672-aca9-47b325c58aac,bea274aa-277a-403d-ab2f-a0342b28882e,Križanke,435
0ff94f7b-275b-4cc4-bb27-e00842f5ad87,55e3f615-be6c-43f4-9858-e199862771a4,484b5c91-1220-43ba-af79-84e712fcc46b,Slovenija avto,520
3cb0ccbb-9b91-4d71-bd27-2acef732be4c,52e5d1c1-28c9-4ed2-b0ec-5bf7311be753,5fa77d25-e7a3-42db-8cc9-52b612d5de19,Preglov trg,163
fb7704f0-d31e-4561-83e4-621a8c62654b,912792ae-7f7e-4295-8064-38ea96a5dc4a,N/A,N/A,4525
7b687edb-dc47-4b68-a13e-34713cababe9,a5eb15d2-f0cb-46a6-b888-6a9aad6bc5b6,9bb1ed3b-5a6f-43c7-afaf-ba2b60ca1a7a,Aškerčeva,690
7ea32e84-b8d9-498b-9f03-5a66990012b9,21764d19-62cc-49fd-bac9-403aeac6a6b9,25ad5579-f6a0-4f35-a0c9-0678b41e9dde,Križanke,546
717c914e-f928-4671-95f6-26c1ddb95799,093afa81-b65f-4182-bac3-afbc00558a9b,fef200e9-4d98-425b-ab14-8110e2aa85d7,Drama,349
d8289ab1-f65d-4b3d-8b4b-55ada004f023,1f9fad8e-d59c-494c-bdd1-1983afacb755,b905ae6a-f1e1-4057-8923-481902ed5a8e,Konzorcij,50
245bb1a4-ea6e-45b4-8331-b50983655326,889e3719-7d29-4888-b690-5a1531d2930e,524d67dd-fbb0-4f6a-9199-f095123044ab,Kamna Gorica,533
79325942-629a-4766-a34a-525f8edf8cc5,78c69686-64ed-437c-83b5-0e28733ed70c,a719a87c-4e93-4387-a6d1-2631a487f7e0,Ajdovščina,1238
eefb30b4-8049-4128-89f5-bb359b1c93b0,235d7e56-4520-4691-b7d9-7588f7306e1d,b829062a-2644-4350-b998-74522d9e85d8,Lutkovno gl.,663
ef4a63e8-d956-4f09-80bd-8e4699418652,5c38ad77-8124-42b3-810f-04703daec8b4,N/A,N/A,4525
af2956ba-d922-4ec4-bfa7-b623c29e8b3e,105e10e7-fbab-4f99-94c9-178c25630b42,fef200e9-4d98-425b-ab14-8110e2aa85d7,Drama,855
9e90940e-cf99-4112-87ec-7cbb6331509a,32ff2d5b-61ae-415b-941b-aeb1be1b5052,c87db9be-1fba-4102-a743-0ee4317dd5af,Bavarski dvor,111
807c11ba-4b3a-4e2b-82b5-abf5864fa4bc,4fddf4a7-ad4e-4630-a5ca-3267955db548,b905ae6a-f1e1-4057-8923-481902ed5a8e,Konzorcij,687
154f3596-bbbb-4038-9ad7-c4b8b5288a02,f14a6236-8af2-47bf-9270-432377662a63,8c7fa045-888b-46d0-8189-6f82623bf481,Poljanska,76
567980fa-7783-411d-9c67-55b44d753880,889e3719-7d29-4888-b690-5a1531d2930e,a378ce5e-57ce-4c52-b219-568674b5cd5e,Gornji trg,496
cddb3822-7daf-4cae-9cc3-6b191e81326b,7c166e7c-6fe0-44bd-b124-0013473f227a,0bb103e4-c4a6-4c4c-a13d-217ab4e6dfd3,Cesta na Vevče,861
dac8d2a7-89e4-4aec-948d-00db4833ce7c,7ad774b6-172a-401b-b186-358aa2d560a2,ecc4ae87-ae08-4b94-995c-452fdd94df7f,Privoz,372
ed50f692-09f9-409e-b7d6-05ff7711de6b,9e90940e-cf99-4112-87ec-7cbb6331509a,b59656a4-b6e7-4b87-977c-078c59088a50,Hajdrihova,1596
476c1b24-6f2f-4727-b610-645c50493814,306dcdea-b1ce-4357-ba5e-fa82293630df,9bb1ed3b-5a6f-43c7-afaf-ba2b60ca1a7a,Aškerčeva,361
0b90d258-764d-4c06-aab0-7074dbd54182,fcec9e7a-1c9e-4214-96dd-d071550349e6,c6dd10bd-c21f-4a0c-9c7d-99e488a173d4,Šentjakob,790
9c3d9f7c-69df-4a48-8f1a-d25e7a922ac3,4ca7ae7e-380b-45e3-81de-00ffab5bb531,a719a87c-4e93-4387-a6d1-2631a487f7e0,Ajdovščina,266
d5735919-60bb-4720-a695-9f5155a4f109,30e58784-86f6-4d93-8630-3cc3fc93c6f3,5d7f28a6-2a2a-4333-aa06-48edfb652f86,Pošta,347
b5e26d7f-8a91-4360-9811-2e8e05d27382,332abe37-33b8-4142-9edd-4ebd9e52eaf7,fef200e9-4d98-425b-ab14-8110e2aa85d7,Drama,1501
d9437903-d95a-49e6-9743-12b2b964e04c,2ec182e2-769f-427f-b9b5-c4118890cb96,a719a87c-4e93-4387-a6d1-2631a487f7e0,Ajdovščina,111
02c61e3f-2d2e-4b42-b695-bbd3cc672f6b,156a6f62-9a67-4cf0-ad56-85a343c77cd2,c87db9be-1fba-4102-a743-0ee4317dd5af,Bavarski dvor,166
7ba233b7-a50a-497d-8135-dd8dabf93ff5,6559d555-672b-4633-8a81-0ae68fb963eb,a719a87c-4e93-4387-a6d1-2631a487f7e0,Ajdovščina,361
06e4802d-2c96-4556-bd95-35e0a2bb030c,d2f9bbec-4b03-49a8-af83-afe65fe07a0e,N/A,N/A,4525
8589e5d1-21b4-4210-ad7a-4bf91f9a715d,5d91512b-af7f-4bbe-9dde-17f402fbf590,fef200e9-4d98-425b-ab14-8110e2aa85d7,Drama,711
f784b27a-1509-4eec-bd52-6beee2b9530b,2e62f411-936d-4a10-96ed-2d8fe95d6d65,4062cd22-b67a-4235-9980-0178b7add592,Drama,618
cf5259af-d324-497e-b508-84fe92961eb1,410b424b-5f4d-4137-bc20-7d1f328540a3,N/A,N/A,4525
639551cf-fe23-4363-8ccd-655bc5d4119e,be5fb719-eda2-4831-90c6-249248ea22dd,5d7f28a6-2a2a-4333-aa06-48edfb652f86,Pošta,38
32abc648-685c-47b0-bbc4-203371ec2699,0b6c7b97-410c-48fa-be23-430c316f9b10,3429cda2-6047-453c-bf54-952dfa6674c0,Klinični center,305
f8da5156-e545-47ed-a811-2242f41f5593,216a26dc-11c2-432b-b099-0d55d508b7fa,fef200e9-4d98-425b-ab14-8110e2aa85d7,Drama,239
46a50a09-9bae-460b-a7b6-457d288c5a9f,c8f784f8-ce92-4773-8d90-c6bed3513ce0,ca575a45-9c95-4348-9245-8c75f70130b3,Benat,26
156a6f62-9a67-4cf0-ad56-85a343c77cd2,7276f267-9837-4c56-aad3-f8cd555060da,f073b9d9-a3e3-4d04-a209-0db55377b79e,Zmajski most,1726
34afe7f1-2d09-487f-983f-19c7dd5dae82,1eca3479-6e2c-4f21-bf45-4db410041181,N/A,N/A,4525
5bc3addd-b076-4c60-b850-39f90e674b75,c969f066-aab5-466d-b4db-48e651a4a12e,4062cd22-b67a-4235-9980-0178b7add592,Drama,682
ea91e672-f4a8-40cb-af62-214726551a93,4e8ccfa1-b58c-4ee1-ad82-2e8a645071f3,a0e0a21b-b8ce-4d76-bbc2-04e179367fee,Šola Jarše,1654
6efecef0-52ba-4a47-9991-9bab5ce31340,698551c1-7bb2-4f7e-9701-23b7667e8594,7484317c-269f-425f-8118-23eedab4e5f1,Tivoli,148
ff74fc01-faf6-4a78-a782-d8365538e7de,862efb04-bcf5-493a-929d-242fb91ba5f6,N/A,N/A,4525
76ec8af8-07c2-4d44-b0d8-a439d381913f,1035c6f7-304e-4329-a3b2-4eb5d985a577,25ad5579-f6a0-4f35-a0c9-0678b41e9dde,Križanke,1286
6afef238-01cd-4ad0-859d-2056b5d4a63f,4038e02e-f22f-4af0-ba4f-7aab855b53af,c87db9be-1fba-4102-a743-0ee4317dd5af,Bavarski dvor,273
1b3dce90-170f-4176-b47b-2b50b9407e82,5cc8a08d-c0af-491f-9a9c-b8b4f5f23bc0,4062cd22-b67a-4235-9980-0178b7add592,Drama,125
12cfc2b3-f8ff-444b-8d5f-15855e45e331,5a2def68-fa57-4002-a942-e39bc2a87688,5d7f28a6-2a2a-4333-aa06-48edfb652f86,Pošta,1105
62feeb73-9af7-43ee-8714-1b435ec20263,ee03ecf6-db6d-4ecc-90cd-5b3afc8afb91,12618339-2c2d-49ec-b0e0-2517c11991f8,Mirje,1785
4ca7ae7e-380b-45e3-81de-00ffab5bb531,461045f0-a82c-45c0-af66-71b25f3f0e1a,38b3abed-0592-407b-96c3-85a026f2e192,Dalmatinova,557
7fa32ea0-e884-435a-a81c-51bbd5cedf3e,d5102041-8282-4c77-a593-edac0d0d4a34,67c3adc1-a92d-4528-91ee-77d8b52574c6,Poliklinika,16
6d344016-1b93-4ff7-80a8-8cde0b57bd1c,2b223d0c-f8ec-4970-815c-bfe26c3ffc09,4062cd22-b67a-4235-9980-0178b7add592,Drama,297
15c71406-72b5-4681-8b1a-29eb30eb3f76,1b0f629f-acdb-4e94-8c54-018f4334ebf7,b829062a-2644-4350-b998-74522d9e85d8,Lutkovno gl.,308
ca8cbe57-95dc-4326-9c06-b60a87b981b1,da834a23-5697-49bb-b3a1-7f277c8206bc,a719a87c-4e93-4387-a6d1-2631a487f7e0,Ajdovščina,255
cd5497dc-20a4-40b3-9adf-b380de5d9f16,5de84f88-3f32-4636-8c30-03cc267ecf37,9bb1ed3b-5a6f-43c7-afaf-ba2b60ca1a7a,Aškerčeva,234
b4634750-8d91-4625-b40d-1da9665e70f6,d2f9bbec-4b03-49a8-af83-afe65fe07a0e,bea274aa-277a-403d-ab2f-a0342b28882e,Križanke,441
30c30bf5-75c4-4dc0-995f-4679ef54d37c,ee837fd9-7a5c-4f14-bbd7-a46f14eb07c5,fef200e9-4d98-425b-ab14-8110e2aa85d7,Drama,238
b56664c0-1dc1-42c5-b10b-52c3fb0dd042,cee2862b-9b70-4880-8fa3-16c6d2efae1b,25ad5579-f6a0-4f35-a0c9-0678b41e9dde,Križanke,160
567980fa-7783-411d-9c67-55b44d753880,51dbf10f-cf3b-4575-a8cc-d1080c1f9dde,a378ce5e-57ce-4c52-b219-568674b5cd5e,Gornji trg,222
fdff5f9c-6c02-4fc1-a004-7032b17fa37a,2bf898b0-1247-4e84-87e2-2e044e580c8f,54c591c0-7bbb-4489-9229-57b18f95827a,Stara cerkev,285
46847a61-d68a-4d2c-ad76-18e043d41430,a1795ee0-9147-4a5c-bb11-f60a809f690e,5d7f28a6-2a2a-4333-aa06-48edfb652f86,Pošta,459
b7b7ac00-59bb-41eb-833d-ad309d24e68a,022ef61f-a226-42e8-b11d-30cf9f9a6688,b4b30b45-445a-4f70-bdf5-5ea7cdc98583,Dolgi most,30
58db973d-ecbb-4aa6-a56c-c26aaff7f263,a8af1032-30bf-4f7b-a921-28d2f712fd24,c0a064eb-b507-43c2-a6d2-0e9c5881f031,Središka,1242
339ec74c-f45b-4f23-98b8-7ac67486ff6d,70231f13-be88-4e3a-a89a-5b4f436984d2,b905ae6a-f1e1-4057-8923-481902ed5a8e,Konzorcij,104
eb43a68a-54a5-4a37-b090-1329e2b4d830,2d42d8e2-26a8-4a74-809c-f436d05c8a54,087e50b6-7677-4a85-802f-5694266fe38b,Aškerčeva,409
6c773433-c487-49c5-a783-32c0e276ed7b,e8d0bfd1-b300-4eae-8f85-79266066bb3c,9b85d4b0-c594-4e0e-9ce2-d0986256c270,Tavčarjeva,411
8f56b058-1ae3-44f5-8600-4330f2264d78,717dda7e-d793-4697-8f60-b64ee8b1edc4,b905ae6a-f1e1-4057-8923-481902ed5a8e,Konzorcij,45
3a50f545-2fe2-45a0-8ed6-01635603efed,48507e1a-32df-4552-9448-3b345760b75f,d2f9bbec-4b03-49a8-af83-afe65fe07a0e,Pot heroja Trtnika,26
b698a890-05b8-40f6-a3a6-4f4c0a820f97,60ccc570-3714-410b-aa31-43d3a4c593c8,N/A,N/A,4525
2f874852-bc80-4ff3-b6bf-a914e31251c8,69bc9f1c-507f-463c-ba5a-04500b319967,b905ae6a-f1e1-4057-8923-481902ed5a8e,Konzorcij,65
4ec1b435-1683-4cd7-a4d0-688cc9f3b603,a1406782-3114-407c-8e35-35bcf5a1234b,5d7f28a6-2a2a-4333-aa06-48edfb652f86,Pošta,847
c31b32c6-1ec2-48e9-9929-356fd0253540,f4e99ece-e89e-4322-80c6-5a91df65f64e,6bc92f4c-414c-456b-9150-d58a7689d26e,Jana Husa,460
7962e05c-ad8c-43e4-9db4-4b90f0c94596,6bd46cb7-9e5d-453a-878a-bcc38fb2a5f2,5d7f28a6-2a2a-4333-aa06-48edfb652f86,Pošta,195
0d50a4a8-a88d-4468-b562-73e51937e1c5,7fa32ea0-e884-435a-a81c-51bbd5cedf3e,6182f8e8-c45e-4606-b4a4-d909bd44d2cc,Gornji trg,500
0e79ef8c-f692-4e29-a37e-4a81cbb3d410,4f681273-89fe-44f9-aaec-76950722cc52,bea274aa-277a-403d-ab2f-a0342b28882e,Križanke,337
3c143688-247f-41cc-960d-f5e37b874c3a,9b9d2948-7538-409c-9bfc-42c0b74c41a8,fef200e9-4d98-425b-ab14-8110e2aa85d7,Drama,1812
7a52a73a-cc0e-4c61-b9bc-306157727e1c,4c08e174-6890-4c5d-9eec-15686971f909,N/A,N/A,4525
8d775324-59ca-429e-ad7e-8d522c52dbdd,277bc73c-e61d-4046-bcfd-31d6161c568e,6182f8e8-c45e-4606-b4a4-d909bd44d2cc,Gornji trg,1241
8fc42c89-96e2-4c69-a2b4-44d505f27ce9,35aedf45-cca3-4f2f-931b-138d29d20fe9,5d7f28a6-2a2a-4333-aa06-48edfb652f86,Pošta,957
34f3ddda-e732-4b53-bfb2-8773b5cd6eac,e3321752-4498-4da3-801c-d54920b22eba,94c6598b-7303-42e1-94d5-156d7a25f630,Gerbičeva,162
c2827897-b9fe-4bfc-b4ed-880f11a2359e,28248670-5e08-4de2-8eab-e63933c0d61d,fef200e9-4d98-425b-ab14-8110e2aa85d7,Drama,56
aa31554f-8623-42db-aedd-ad9a8f562e4c,106bdc28-f0fe-4f13-b4ad-6c6a630550b5,bea274aa-277a-403d-ab2f-a0342b28882e,Križanke,801
65e92ecc-800d-4962-a8bc-0f50f1107a5b,6e7cab20-d7e3-474f-9a5e-f1e0ca6fae53,6559d555-672b-4633-8a81-0ae68fb963eb,ZD POLJE,81
022ef61f-a226-42e8-b11d-30cf9f9a6688,52e5d1c1-28c9-4ed2-b0ec-5bf7311be753,6bc92f4c-414c-456b-9150-d58a7689d26e,Jana Husa,1028
ea9d5fa9-af5a-4d39-96fd-626415048511,7bcbdcaa-00b9-47d4-8982-09da26cd7bcb,4062cd22-b67a-4235-9980-0178b7add592,Drama,223
2628b04b-eaf2-4c5a-b7ac-837237162783,278a9d60-64c7-4bfa-aad0-24068aa760af,087e50b6-7677-4a85-802f-5694266fe38b,Aškerčeva,92
8a224b7d-24ae-4c7b-8318-f66ac8cc078b,b4766c35-4ab9-4af3-aa76-1b1f40735685,9807573b-8821-40e4-b891-a5cea6e23b3d,Trata,1336
36c7bbd0-50d7-4b5d-b9b3-9dadd37ac50b,a112e799-e1b6-4dd2-b652-bd521dda7638,087e50b6-7677-4a85-802f-5694266fe38b,Aškerčeva,536
bf990a3a-96e9-42b7-9147-33e85bd24c05,97627b9b-fa2e-461a-97ea-a15df7599598,a719a87c-4e93-4387-a6d1-2631a487f7e0,Ajdovščina,124
6330ad8d-b582-4c92-bc7e-d3f206264f04,108e7dc8-ca5d-4c91-9414-32a32a31b69a,N/A,N/A,4525
29096931-9d98-487f-bd0a-b0767611e561,4d57f6bd-7ba7-4f07-8aa1-ecac0b09e8db,fef200e9-4d98-425b-ab14-8110e2aa85d7,Drama,551
5930b5fe-26e2-4b69-bd1e-cdea021a0ab4,d7748049-2f69-4c77-a19b-96774a521ac1,fac22b83-1bc0-4c12-8533-485b115409ef,Bolnica,474
45754ca7-bffd-4bcf-96df-952e59574dde,d4fd9934-5253-4ab8-a779-3e9e2a30c5b7,N/A,N/A,4525
77c4dfcc-1122-4896-9983-8a5bd11320de,88cdd36c-03d2-4374-a22f-110dd9f75ea0,b905ae6a-f1e1-4057-8923-481902ed5a8e,Konzorcij,371
59faa0f0-34b1-47cd-ba3a-3b6f0d684c00,2a7d32ca-24a1-41ac-a273-0cbcdec59336,5d7f28a6-2a2a-4333-aa06-48edfb652f86,Pošta,457
35dbaf26-2fa4-45c4-87fc-81d1ff13b005,5f6cb902-b824-4961-9ac2-75cf44a47055,5fa77d25-e7a3-42db-8cc9-52b612d5de19,Preglov trg,869
1e157c31-d34d-4c2e-91b4-8c000c88f6dd,6a89c110-a0f8-4b1a-87f0-33f49c0a658e,a719a87c-4e93-4387-a6d1-2631a487f7e0,Ajdovščina,20
6330ad8d-b582-4c92-bc7e-d3f206264f04,97788808-915f-4405-b54e-7ec5f95f7330,aa42017d-812a-4175-bc9b-0fec03b18931,Ambrožev trg,1211
bd1396f2-4dc8-4695-9bf1-c601157100d8,e9382efd-d64d-46b0-9a7d-a4e6a0188725,a719a87c-4e93-4387-a6d1-2631a487f7e0,Ajdovščina,170
6e7cab20-d7e3-474f-9a5e-f1e0ca6fae53,156a6f62-9a67-4cf0-ad56-85a343c77cd2,f073b9d9-a3e3-4d04-a209-0db55377b79e,Zmajski most,625
df63651e-45ab-4487-9429-9e604415b35c,18d010ca-0244-4928-82cb-47af0836a1bb,16578e36-c682-4083-bd29-4973445dc0fe,Gosposvetska,672
1c0ae078-cca7-40c8-aeda-1187a12ddfee,121b30dc-065b-4c76-aad2-a54a85c74d4d,4062cd22-b67a-4235-9980-0178b7add592,Drama,646
05bd4cbd-b014-4cfd-8ca9-3c82b0a59114,9fa0b90f-dba1-4eca-8802-589425d3e8fd,e66e813a-722d-40f8-9ee9-1470d07bc200,Tobačna,242
ba846253-4c87-4120-8f1c-05a563bf3999,125d4928-6b97-4a4b-af34-a2d1564c029c,fef200e9-4d98-425b-ab14-8110e2aa85d7,Drama,370
9c3d9f7c-69df-4a48-8f1a-d25e7a922ac3,15af3c66-ad74-4f41-92f7-92e2ff72a51d,d72032c7-d4b0-4eee-a87c-593985a42266,Tobačna,475
d2f9bbec-4b03-49a8-af83-afe65fe07a0e,8a5febd6-d44a-4c98-a221-46044548663d,fef200e9-4d98-425b-ab14-8110e2aa85d7,Drama,3280
bf990a3a-96e9-42b7-9147-33e85bd24c05,717c914e-f928-4671-95f6-26c1ddb95799,5d7f28a6-2a2a-4333-aa06-48edfb652f86,Pošta,1178
25cde952-4896-4977-b229-75e09b3e3661,1536cb2e-acd3-49cb-8f06-bb8cd40c0c02,a719a87c-4e93-4387-a6d1-2631a487f7e0,Ajdovščina,486
1cc5f00f-c982-4016-8553-40a3da4f36ad,30e58784-86f6-4d93-8630-3cc3fc93c6f3,6182f8e8-c45e-4606-b4a4-d909bd44d2cc,Gornji trg,468
db9f7130-0bc2-4f3e-b8cd-07cfe96b1f8f,391bf42a-68a3-400a-baea-0c708f327325,bea274aa-277a-403d-ab2f-a0342b28882e,Križanke,77
7411cd45-83d2-40e6-89f6-5a0995e409cb,b829062a-2644-4350-b998-74522d9e85d8,N/A,N/A,4525
4d216485-ef41-45e7-9182-0c254644955c,459f82d2-cbe4-414b-b66b-0b794ea958ed,9bb1ed3b-5a6f-43c7-afaf-ba2b60ca1a7a,Aškerčeva,224
f1b7471e-db71-49da-846d-1232cb3e8f8f,baab981f-b707-4b2e-8291-6175f7ceb255,5d7f28a6-2a2a-4333-aa06-48edfb652f86,Pošta,646
30cf2ed7-2cf0-4764-ab64-78206968d5ba,9f6048f0-5c5e-4773-915e-4ee05d200e27,48e907fd-e868-47cd-8cac-74c7d4582944,Poljanska,255
eefb30b4-8049-4128-89f5-bb359b1c93b0,5a06b853-39a7-479d-ac40-fafa659fd896,521edd75-c364-480a-af9e-a1c9815b6dd7,Gasilska brigada,423
fac22b83-1bc0-4c12-8533-485b115409ef,a6fde748-bb91-465c-8665-20cbaed7df19,N/A,N/A,4525
b9edd39a-4f64-4553-869e-bb77e617b9b8,c0a064eb-b507-43c2-a6d2-0e9c5881f031,bea274aa-277a-403d-ab2f-a0342b28882e,Križanke,223
1ceecd12-b005-4828-ad39-8f2aeb1ca228,ff8f71b7-06fe-47fe-8238-9af5ee1b1dfd,7484317c-269f-425f-8118-23eedab4e5f1,Tivoli,311
56dbd8ff-6ec8-4186-b46c-f74ddb5a304a,93928408-7b36-41f9-9b62-fec53e14b4e2,bea274aa-277a-403d-ab2f-a0342b28882e,Križanke,368
9583dbdd-06fd-411e-88dd-af8f89e2caaa,45754ca7-bffd-4bcf-96df-952e59574dde,a719a87c-4e93-4387-a6d1-2631a487f7e0,Ajdovščina,1613
21764d19-62cc-49fd-bac9-403aeac6a6b9,c3534bc6-7bfd-43be-b46a-2b0fced57ab8,7fa32ea0-e884-435a-a81c-51bbd5cedf3e,Zaloška,305
41489be9-b3b7-4cbe-90f8-af1a435b2676,2c0475be-44e7-4f0f-a06d-2c1b4ca15677,16578e36-c682-4083-bd29-4973445dc0fe,Gosposvetska,567
59ee5f7d-476b-4958-a922-2040a9308f3b,45b36327-9a1a-4cd5-8261-53217326b22f,fef200e9-4d98-425b-ab14-8110e2aa85d7,Drama,215
11d74c00-da13-4cad-883e-c6dcf8edcbe8,4f21a18a-3cb0-4c6c-bb92-e7c8945fac1c,98fa3880-5936-4ec8-ba04-39c7ff9a0e6a,Stara cerkev,13
639551cf-fe23-4363-8ccd-655bc5d4119e,7fcb0952-c77f-44b5-adf3-0aa2a2b8550a,fac22b83-1bc0-4c12-8533-485b115409ef,Bolnica,296
6e7cab20-d7e3-474f-9a5e-f1e0ca6fae53,bff8345d-1b72-4b41-8b8d-cb8a5483a2e4,25ad5579-f6a0-4f35-a0c9-0678b41e9dde,Križanke,843
e9035f9a-28be-450a-a30c-7178134ff26b,ef4a63e8-d956-4f09-80bd-8e4699418652,N/A,N/A,4525
15c71406-72b5-4681-8b1a-29eb30eb3f76,5cc8a08d-c0af-491f-9a9c-b8b4f5f23bc0,b905ae6a-f1e1-4057-8923-481902ed5a8e,Konzorcij,250
5b2cb528-ba33-461a-aee5-54e2ed8c3758,7d003bd3-5fae-4076-b952-9f734651720f,N/A,N/A,4525
609f0950-bb8c-4eaf-a931-8575b8aff1ac,64ea9f57-1f7f-465e-8721-55e26faee36a,bea274aa-277a-403d-ab2f-a0342b28882e,Križanke,116
02c61e3f-2d2e-4b42-b695-bbd3cc672f6b,79a5bacd-8b59-4d83-99e8-26e3c5b1490b,9b85d4b0-c594-4e0e-9ce2-d0986256c270,Tavčarjeva,277
524d67dd-fbb0-4f6a-9199-f095123044ab,d7748049-2f69-4c77-a19b-96774a521ac1,5d7f28a6-2a2a-4333-aa06-48edfb652f86,Pošta,230
1b3ddeca-a066-43ee-9ae5-8339628129c2,d9df1ba3-6820-4fcb-b561-9cb7a60dd463,4062cd22-b67a-4235-9980-0178b7add592,Drama,410
29336b94-2382-46dd-b2e6-4590dd689640,b47eac47-d897-4ba7-ab06-8e642cc8efe8,4062cd22-b67a-4235-9980-0178b7add592,Drama,3560
26ec9924-5586-4fd5-8b20-63f2d0a38d44,c8e0086c-0cef-4375-a471-72f3ae1e34fc,087e50b6-7677-4a85-802f-5694266fe38b,Aškerčeva,910
1a3351a1-563e-4174-b402-54bc0e2f5191,6a74977a-a26d-42b4-a60b-8dabc726e57d,aa42017d-812a-4175-bc9b-0fec03b18931,Ambrožev trg,717
5de84f88-3f32-4636-8c30-03cc267ecf37,862efb04-bcf5-493a-929d-242fb91ba5f6,9bb1ed3b-5a6f-43c7-afaf-ba2b60ca1a7a,Aškerčeva,244
fb0042f8-d9e2-4916-b60a-38a026acf0c9,106bdc28-f0fe-4f13-b4ad-6c6a630550b5,023d7b7a-b411-4e61-8746-b07f9e5c8f90,Ambrožev trg,3703
eec159d0-4b1b-4706-9a5d-a00ddcbea9f5,7310c006-62b8-4f94-bb9c-d5c26cb3faad,bea274aa-277a-403d-ab2f-a0342b28882e,Križanke,1621
59ee5f7d-476b-4958-a922-2040a9308f3b,233daca5-913b-4e10-bf34-18b1c8c77019,fef200e9-4d98-425b-ab14-8110e2aa85d7,Drama,915
05bd4cbd-b014-4cfd-8ca9-3c82b0a59114,61485a1f-73a8-4dac-bcc7-6e4e53eb4b0f,4062cd22-b67a-4235-9980-0178b7add592,Drama,389
9746f277-af08-4cce-92fa-41da5eca8ac2,b698a890-05b8-40f6-a3a6-4f4c0a820f97,N/A,N/A,4525
3c143688-247f-41cc-960d-f5e37b874c3a,b47eac47-d897-4ba7-ab06-8e642cc8efe8,f4cfd904-bd11-4247-95df-32c4555a930f,Klinični center,159
b4b30b45-445a-4f70-bdf5-5ea7cdc98583,476c1b24-6f2f-4727-b610-645c50493814,fef200e9-4d98-425b-ab14-8110e2aa85d7,Drama,91
b56664c0-1dc1-42c5-b10b-52c3fb0dd042,010c271e-49ca-45a5-91ac-8ba8d41ee7f3,86a75ffc-a78f-401f-8991-2eb0371417b2,Studenec,569
7ad25867-5c97-4f9f-9b1b-4966436f7fbf,c124f317-217b-4b89-9597-393843de4f81,4062cd22-b67a-4235-9980-0178b7add592,Drama,304
ab987eb0-c970-4577-8db9-0cd507a6cab6,d8289ab1-f65d-4b3d-8b4b-55ada004f023,bea274aa-277a-403d-ab2f-a0342b28882e,Križanke,1547
d0790612-d161-4be4-953d-a7a0c33acf1e,cb05ea76-5fc1-4162-b432-a914b63604d0,fef200e9-4d98-425b-ab14-8110e2aa85d7,Drama,703
9cd1e7f8-8ccf-4469-bc25-25d138605c67,da834a23-5697-49bb-b3a1-7f277c8206bc,1c0ae078-cca7-40c8-aeda-1187a12ddfee,Remiza,1095
1e157c31-d34d-4c2e-91b4-8c000c88f6dd,f4e99ece-e89e-4322-80c6-5a91df65f64e,7310c006-62b8-4f94-bb9c-d5c26cb3faad,Polje,27
acd87210-4e04-49b4-884b-1fe11c453bf4,3d2f3af0-3b48-4019-a861-ee4fff761a24,N/A,N/A,4525
404f8444-540d-4d82-a355-30a6a8bec797,ee7e3c65-72e8-465e-a9a3-a9370ec1f314,a719a87c-4e93-4387-a6d1-2631a487f7e0,Ajdovščina,2438
ccccee29-6fc7-4a86-b492-7f36a8e817db,d98335a0-1291-4d4c-be62-16b11c356575,N/A,N/A,4525
b2dd1684-0848-40f7-b10e-8f74bb005f2f,97788808-915f-4405-b54e-7ec5f95f7330,N/A,N/A,4525
ef31a8be-b01d-44cd-95cf-3db8e918af26,397418bc-78a7-45c9-b5cf-374fe21cee11,fef200e9-4d98-425b-ab14-8110e2aa85d7,Drama,457
6d344016-1b93-4ff7-80a8-8cde0b57bd1c,0be237aa-4b91-4d2b-ac23-0cebac975a0d,7a52a73a-cc0e-4c61-b9bc-306157727e1c,Tržnica Moste,344
7411cd45-83d2-40e6-89f6-5a0995e409cb,af2956ba-d922-4ec4-bfa7-b623c29e8b3e,N/A,N/A,4525
845b482b-dba1-4313-a476-e772691689cf,d9224caa-d582-4152-88e0-be720677fe16,6a0b25cc-428e-47b5-831a-e89facfa7f26,Ziherlova,319
7b41ca8e-2e41-4572-aa5c-1d80375e8835,1e4be02a-ac61-41bc-b9b5-1ef7850313ed,f33b721f-a8a3-4aad-96f2-077da09ebaa6,Razstavišče,516
25ad5579-f6a0-4f35-a0c9-0678b41e9dde,d4c25d68-c340-431b-a646-7680fe0cefee,7294875b-8482-484a-b04d-95b921612001,Vič,503
e0bcd677-6012-4c90-a884-44dffafdffec,21764d19-62cc-49fd-bac9-403aeac6a6b9,3429cda2-6047-453c-bf54-952dfa6674c0,Klinični center,636
454817d3-3750-49c7-994c-14d06fd2c634,a6fde748-bb91-465c-8665-20cbaed7df19,N/A,N/A,4525
ccccee29-6fc7-4a86-b492-7f36a8e817db,2896bfa8-0586-4ed1-8d93-c5c6e1ff3d72,N/A,N/A,4525
15eaf9b9-db6d-4586-9ad2-5bfa99719bfd,01d1f388-d915-4e9f-bc3d-4432a73a216e,7fa32ea0-e884-435a-a81c-51bbd5cedf3e,Zaloška,1477
2bf898b0-1247-4e84-87e2-2e044e580c8f,ccd8a655-468b-4728-a26d-7981bbdd7dec,e66e813a-722d-40f8-9ee9-1470d07bc200,Tobačna,720
1907a46a-4559-43ec-8363-03fe35d30725,311a0b74-0787-484b-b414-8adf1cd4cf58,4062cd22-b67a-4235-9980-0178b7add592,Drama,773
dc6b96b1-d0fa-4d03-ac2b-8eba5bb97ba2,e74131c6-ac2f-477b-9693-10bb5ab9f24b,N/A,N/A,4525
47a3bd8a-72ae-4e20-b43f-10bfaf49012c,24df120e-0d0c-4353-8dda-c7ef0dc3dd5c,bea274aa-277a-403d-ab2f-a0342b28882e,Križanke,285
0b90d258-764d-4c06-aab0-7074dbd54182,c627c9f2-af02-4d83-969a-566719bb09e3,3429cda2-6047-453c-bf54-952dfa6674c0,Klinični center,278
235d7e56-4520-4691-b7d9-7588f7306e1d,9f01f25f-9a5b-459a-96da-222ef81faf51,fef200e9-4d98-425b-ab14-8110e2aa85d7,Drama,795
ab987eb0-c970-4577-8db9-0cd507a6cab6,97d3e896-2af7-40f9-bfbf-59cf3fcbf93a,fef200e9-4d98-425b-ab14-8110e2aa85d7,Drama,516
78ef8af0-fd16-46b8-a5de-8d24b99638c8,dc6b96b1-d0fa-4d03-ac2b-8eba5bb97ba2,fef200e9-4d98-425b-ab14-8110e2aa85d7,Drama,763
d3a06374-ab12-456b-9c00-55461af341fa,2d42d8e2-26a8-4a74-809c-f436d05c8a54,fef200e9-4d98-425b-ab14-8110e2aa85d7,Drama,189
1505c6fe-6080-424e-98d1-24c312cfacf3,34ead609-4331-48ab-8e82-52dd70da9832,fef200e9-4d98-425b-ab14-8110e2aa85d7,Drama,1263
66a82f60-b1d1-4251-a715-178300014f18,ee3713fe-016c-47eb-96d1-f760c9d19010,b59656a4-b6e7-4b87-977c-078c59088a50,Hajdrihova,850
01bc5983-63a7-4184-9986-32e5a5320684,c3188d8e-c2d3-40e5-acc2-14bef70a5ff4,a719a87c-4e93-4387-a6d1-2631a487f7e0,Ajdovščina,1089
4a95f1f8-a457-4dcf-bd1f-6307d4300ea0,cce39cbe-6961-433a-a787-64fbf602f470,ba59baf4-dd00-40a5-80e7-3eee6b9d8b09,Golouhova,2
0e79ef8c-f692-4e29-a37e-4a81cbb3d410,9f6048f0-5c5e-4773-915e-4ee05d200e27,16578e36-c682-4083-bd29-4973445dc0fe,Gosposvetska,260
4d2fc228-0628-4897-8d77-3e71d500d36d,73e6ef23-ef0c-41bf-9960-0e3078b94d23,923bd774-0651-4e0a-8624-3acfb7ecd5ff,Gornje Poljane,1540
eefb30b4-8049-4128-89f5-bb359b1c93b0,30c30bf5-75c4-4dc0-995f-4679ef54d37c,379bc761-04b5-4227-be76-3b870fe3e69f,Pot na Fužine,362
9b9d2948-7538-409c-9bfc-42c0b74c41a8,06348c07-2fb0-4dfb-a938-aaef614a7f68,4062cd22-b67a-4235-9980-0178b7add592,Drama,307
2bf898b0-1247-4e84-87e2-2e044e580c8f,717c914e-f928-4671-95f6-26c1ddb95799,b59656a4-b6e7-4b87-977c-078c59088a50,Hajdrihova,1185
b5273abc-dfeb-49a2-9607-249bf6415e4b,aa113271-655f-423f-ad7e-4cfaba2eb739,087e50b6-7677-4a85-802f-5694266fe38b,Aškerčeva,957
7ad774b6-172a-401b-b186-358aa2d560a2,c3188d8e-c2d3-40e5-acc2-14bef70a5ff4,fef200e9-4d98-425b-ab14-8110e2aa85d7,Drama,197
fdff5f9c-6c02-4fc1-a004-7032b17fa37a,25ad5579-f6a0-4f35-a0c9-0678b41e9dde,eead721b-8996-4e73-a2f9-02dba20df4fa,Ilirska,213
609f0950-bb8c-4eaf-a931-8575b8aff1ac,cf94d70f-d211-4625-9037-014514562aa9,25ad5579-f6a0-4f35-a0c9-0678b41e9dde,Križanke,1303
1c0c01ee-6258-4328-9d01-489eb421a8d9,48e907fd-e868-47cd-8cac-74c7d4582944,5d7f28a6-2a2a-4333-aa06-48edfb652f86,Pošta,481
e0c253d0-1de7-4add-ac75-8b16151fa462,106bdc28-f0fe-4f13-b4ad-6c6a630550b5,f2920a77-6c6c-494d-96b7-2a8caf8f374f,Mirje,346
4b847ac2-4c41-4fc1-a497-9ce4deaab8b1,b589ddd3-5a31-4fe1-915f-44347b4c0a1a,fef200e9-4d98-425b-ab14-8110e2aa85d7,Drama,887
f174a648-9e84-492d-9ccd-0756b49c773b,2f18bcfa-6189-4de4-b06f-132d3392e7d6,4062cd22-b67a-4235-9980-0178b7add592,Drama,1017
88cdd36c-03d2-4374-a22f-110dd9f75ea0,77dcd833-fa4d-4c5a-93b1-31284942e61d,a719a87c-4e93-4387-a6d1-2631a487f7e0,Ajdovščina,868
454817d3-3750-49c7-994c-14d06fd2c634,cf5259af-d324-497e-b508-84fe92961eb1,N/A,N/A,4525
5d7f28a6-2a2a-4333-aa06-48edfb652f86,e0bcd677-6012-4c90-a884-44dffafdffec,bea274aa-277a-403d-ab2f-a0342b28882e,Križanke,696
67c3adc1-a92d-4528-91ee-77d8b52574c6,cec37fa8-0d4a-4e80-a259-2fa91b68463d,cdee8be6-e02c-4fb5-9752-be1bac08d90d,Kavčičeva,340
1cc5f00f-c982-4016-8553-40a3da4f36ad,eee355cc-98a1-4f25-8bf9-0100856eda6e,a719a87c-4e93-4387-a6d1-2631a487f7e0,Ajdovščina,614
37fc313d-1f45-49c9-9059-4f96f44a6682,e786b2df-34ed-4246-832e-7c3d538ac1f4,484b5c91-1220-43ba-af79-84e712fcc46b,Slovenija avto,99
c93954aa-7aad-4fca-9f7a-721d37f0474e,f73d3fb2-082c-4518-8af2-45de5490df4e,b905ae6a-f1e1-4057-8923-481902ed5a8e,Konzorcij,210
d4c51b31-46fd-4da8-ba15-8068e666d483,c9b2488c-cca9-4b84-83cb-638ef545c851,9bb1ed3b-5a6f-43c7-afaf-ba2b60ca1a7a,Aškerčeva,250
300f1367-4ba4-4416-90e4-caa8f33e9144,807c11ba-4b3a-4e2b-82b5-abf5864fa4bc,da656f17-9723-4cbe-a008-823cbad17c28,Dolgi most,270
d987aa3a-ae4a-42f6-bc9b-79c41dcf055a,6559d555-672b-4633-8a81-0ae68fb963eb,b905ae6a-f1e1-4057-8923-481902ed5a8e,Konzorcij,560
7fad8003-fb10-489d-bf8d-6d433310ad90,7e0c8a32-21cb-46dc-8e50-9c4675dfa322,c87db9be-1fba-4102-a743-0ee4317dd5af,Bavarski dvor,557
4f681273-89fe-44f9-aaec-76950722cc52,9741988b-6723-480b-a419-8db7490d667a,a9796806-8cd3-4b76-bf8c-4340aec35c9e,Lutkovno gl.,26
ef3024a8-1d7f-4cf5-ad3b-74528eaa9c51,156a6f62-9a67-4cf0-ad56-85a343c77cd2,bea274aa-277a-403d-ab2f-a0342b28882e,Križanke,305
95eee7e8-237d-4410-a9bf-00c6f88129c1,ec88f05d-3035-4f09-8560-72571bc0b125,9b85d4b0-c594-4e0e-9ce2-d0986256c270,Tavčarjeva,98
c86d5f37-52ee-4e3a-99b5-b9554118c4d5,41489be9-b3b7-4cbe-90f8-af1a435b2676,4062cd22-b67a-4235-9980-0178b7add592,Drama,356
4bd4913f-8597-4ea0-b219-4e9b15dcbb62,07bad99d-070a-42f7-8766-d11d42152623,e66e813a-722d-40f8-9ee9-1470d07bc200,Tobačna,467
f11e48f8-4133-4c36-a36f-73b4f33d9592,16578e36-c682-4083-bd29-4973445dc0fe,38b3abed-0592-407b-96c3-85a026f2e192,Dalmatinova,1823
07b4c585-66cf-49d7-906c-50f1122c8e9e,5be3b187-5735-4444-bee7-0665f60e6c83,a719a87c-4e93-4387-a6d1-2631a487f7e0,Ajdovščina,1146
60edf514-fd83-400b-b86f-881f7eff258b,efecc3aa-ae68-4374-bc24-334280abcf3f,fef200e9-4d98-425b-ab14-8110e2aa85d7,Drama,1076
7ea32e84-b8d9-498b-9f03-5a66990012b9,59faa0f0-34b1-47cd-ba3a-3b6f0d684c00,4bd4913f-8597-4ea0-b219-4e9b15dcbb62,Jarše,3
b4ffcb65-e60f-478d-806b-e7ae83f1a39d,783196f2-97cd-4265-bb9a-b13aa8bb6a0b,4062cd22-b67a-4235-9980-0178b7add592,Drama,730
163da3ae-0ab9-480e-b72d-16357e0a9061,2c87f988-902b-4b35-91da-5437a58759f5,f073b9d9-a3e3-4d04-a209-0db55377b79e,Zmajski most,319
912792ae-7f7e-4295-8064-38ea96a5dc4a,b91edda3-a147-4599-bebf-85e145de085b,N/A,N/A,4525
97d3e896-2af7-40f9-bfbf-59cf3fcbf93a,7bcbdcaa-00b9-47d4-8982-09da26cd7bcb,9bb1ed3b-5a6f-43c7-afaf-ba2b60ca1a7a,Aškerčeva,333
eb43a68a-54a5-4a37-b090-1329e2b4d830,34f3ddda-e732-4b53-bfb2-8773b5cd6eac,9bb1ed3b-5a6f-43c7-afaf-ba2b60ca1a7a,Aškerčeva,206
144ab380-6586-43ce-b216-2e66362b6eca,d119c3e9-7f2c-4d40-97a4-ccc6b4bb2951,9b85d4b0-c594-4e0e-9ce2-d0986256c270,Tavčarjeva,102
332abe37-33b8-4142-9edd-4ebd9e52eaf7,53ec687a-6f0c-4bb7-b1b4-606e7dcfada9,4062cd22-b67a-4235-9980-0178b7add592,Drama,932
06e4802d-2c96-4556-bd95-35e0a2bb030c,33613e0e-f41c-4cee-804a-3942bf698e3e,N/A,N/A,4525
26d86ffa-b8df-49aa-a9c0-5fa7d3cfba77,a719a87c-4e93-4387-a6d1-2631a487f7e0,9bb1ed3b-5a6f-43c7-afaf-ba2b60ca1a7a,Aškerčeva,50
717dda7e-d793-4697-8f60-b64ee8b1edc4,bd1396f2-4dc8-4695-9bf1-c601157100d8,5c8bdb89-116a-4d5d-9db1-9be443070380,7. septembra,695
3866c761-7fa4-4a4a-b913-75569da498d9,eba0daca-3696-4f72-a1dd-5f7b5fd02a63,N/A,N/A,4525
8f623f1d-48a7-46b5-9331-28a8dc980876,bdd68b01-e9a1-4270-be50-8b5c7bd39a1c,5d7f28a6-2a2a-4333-aa06-48edfb652f86,Pošta,422
78c69686-64ed-437c-83b5-0e28733ed70c,023d7b7a-b411-4e61-8746-b07f9e5c8f90,4062cd22-b67a-4235-9980-0178b7add592,Drama,205
dc6b96b1-d0fa-4d03-ac2b-8eba5bb97ba2,31e6db90-ba65-4c49-90c0-317fb92596b3,fef200e9-4d98-425b-ab14-8110e2aa85d7,Drama,1654
59d96e2c-3ee3-4581-840a-3ddaf0003743,a3aeed02-8e36-4cb0-bb08-25cc4afda164,bea274aa-277a-403d-ab2f-a0342b28882e,Križanke,799
ff1f708c-989e-4cc5-8e75-02717b5f9744,df63651e-45ab-4487-9429-9e604415b35c,b905ae6a-f1e1-4057-8923-481902ed5a8e,Konzorcij,324
67c3adc1-a92d-4528-91ee-77d8b52574c6,363564a6-9938-4bf5-8928-1cd191e9c2ef,a719a87c-4e93-4387-a6d1-2631a487f7e0,Ajdovščina,596
235d7e56-4520-4691-b7d9-7588f7306e1d,a9796806-8cd3-4b76-bf8c-4340aec35c9e,fef200e9-4d98-425b-ab14-8110e2aa85d7,Drama,521
9746f277-af08-4cce-92fa-41da5eca8ac2,391bf42a-68a3-400a-baea-0c708f327325,b905ae6a-f1e1-4057-8923-481902ed5a8e,Konzorcij,491
6324e337-5778-492a-9e9c-57e3ad5c4710,b56664c0-1dc1-42c5-b10b-52c3fb0dd042,bea274aa-277a-403d-ab2f-a0342b28882e,Križanke,37
5e732249-14ec-4efe-bae1-7f9ca722f7ae,e0bcd677-6012-4c90-a884-44dffafdffec,N/A,N/A,4525
9c17244c-0812-404b-b929-5cdc0591e421,efecc3aa-ae68-4374-bc24-334280abcf3f,f2920a77-6c6c-494d-96b7-2a8caf8f374f,Mirje,1022
18d010ca-0244-4928-82cb-47af0836a1bb,7eb88e01-82e9-4af4-84d0-69c6ea9dc82c,5d7f28a6-2a2a-4333-aa06-48edfb652f86,Pošta,257
a41f5786-6b70-4224-bcde-e6fbaac4c21b,ad966374-a37d-443a-9a3e-ec85ca28231f,f2b27cbd-5207-4281-8f67-6369d0c50a9b,Kodrova,600
2628ca4f-8797-4672-aca9-47b325c58aac,b4b7f450-4397-42d2-9d1e-39f786eecc2e,12618339-2c2d-49ec-b0e0-2517c11991f8,Mirje,1121
1907a46a-4559-43ec-8363-03fe35d30725,a8af1032-30bf-4f7b-a921-28d2f712fd24,a719a87c-4e93-4387-a6d1-2631a487f7e0,Ajdovščina,646
60d91c8b-d5a9-4ef4-927c-e241bc31f81a,bbe542ee-a3f6-43cf-b23a-077c28b7d19a,9b0074d2-2c92-4c01-830b-00be8e05b412,Cukrarna,92
0334e79e-7a89-44e9-a463-5af813e64a40,2f18bcfa-6189-4de4-b06f-132d3392e7d6,9b85d4b0-c594-4e0e-9ce2-d0986256c270,Tavčarjeva,844
484b5c91-1220-43ba-af79-84e712fcc46b,5d1e404b-1606-457e-8d2b-4e3e80139532,b905ae6a-f1e1-4057-8923-481902ed5a8e,Konzorcij,46
184817a9-ca88-4c82-a40b-5768991da3df,3d2f3af0-3b48-4019-a861-ee4fff761a24,25ad5579-f6a0-4f35-a0c9-0678b41e9dde,Križanke,1863
bea274aa-277a-403d-ab2f-a0342b28882e,abc9fd26-5442-468b-93b6-4d5eb76d0f1f,bea274aa-277a-403d-ab2f-a0342b28882e,Križanke,551
f073b9d9-a3e3-4d04-a209-0db55377b79e,79325942-629a-4766-a34a-525f8edf8cc5,6182f8e8-c45e-4606-b4a4-d909bd44d2cc,Gornji trg,485
5c38ad77-8124-42b3-810f-04703daec8b4,6932c2e0-ff32-4170-b519-fba88e29c147,5d7f28a6-2a2a-4333-aa06-48edfb652f86,Pošta,220
8f623f1d-48a7-46b5-9331-28a8dc980876,785ad018-d0fe-4628-b188-15f6dc71b38e,087e50b6-7677-4a85-802f-5694266fe38b,Aškerčeva,1707
ee3713fe-016c-47eb-96d1-f760c9d19010,795c157e-21e0-4115-85aa-93c227e3420f,36d25599-0bed-48a0-bcb4-134be8a959fe,Emona,625
ba846253-4c87-4120-8f1c-05a563bf3999,099976aa-17cc-45d3-add4-267985ab1533,4062cd22-b67a-4235-9980-0178b7add592,Drama,285
410b424b-5f4d-4137-bc20-7d1f328540a3,5a06b853-39a7-479d-ac40-fafa659fd896,79325942-629a-4766-a34a-525f8edf8cc5,Podgora,56
1dc99fbb-5496-4aab-a4b6-32e653ccc789,7d579a55-27bc-49d0-a124-a5ed6233c55a,88cdd36c-03d2-4374-a22f-110dd9f75ea0,Kajuhova,311
7558099b-08a3-43bc-8056-49bcc5900a03,7bcbdcaa-00b9-47d4-8982-09da26cd7bcb,4d216485-ef41-45e7-9182-0c254644955c,Sava,938
a52cd7ac-c11e-4c8b-94a5-1a12b32595da,ff1f708c-989e-4cc5-8e75-02717b5f9744,4ed69cbb-d738-450c-be11-7d96cd50ee50,Livada,69
0614b134-0950-4f6b-bc8f-fb73a0881bc1,6edebb46-d04f-45c4-99a4-100f7f0b2660,ee7e3c65-72e8-465e-a9a3-a9370ec1f314,Vevče Papirnica,619
7fa32ea0-e884-435a-a81c-51bbd5cedf3e,f1d7dbc8-d84b-4550-a3bd-e4748a677e9d,4062cd22-b67a-4235-9980-0178b7add592,Drama,32
ba846253-4c87-4120-8f1c-05a563bf3999,ba6f47bf-d346-4ccb-8669-13b974d863a6,a719a87c-4e93-4387-a6d1-2631a487f7e0,Ajdovščina,817
3f37b298-896a-40be-b2f5-6fe8154756c4,6c773433-c487-49c5-a783-32c0e276ed7b,b905ae6a-f1e1-4057-8923-481902ed5a8e,Konzorcij,264
43e01b7e-be2c-4282-be1b-9f628ca67327,2896bfa8-0586-4ed1-8d93-c5c6e1ff3d72,25ad5579-f6a0-4f35-a0c9-0678b41e9dde,Križanke,248
6340ea93-391e-45b9-94b0-56d1d7c87e20,258aeffc-294a-4919-bfb0-34f90dc19892,48b163cd-b819-4849-aee1-8b1da77657ab,Šentvid,261
c8e0086c-0cef-4375-a471-72f3ae1e34fc,1dc99fbb-5496-4aab-a4b6-32e653ccc789,12618339-2c2d-49ec-b0e0-2517c11991f8,Mirje,1337
16578e36-c682-4083-bd29-4973445dc0fe,8d775324-59ca-429e-ad7e-8d522c52dbdd,fef200e9-4d98-425b-ab14-8110e2aa85d7,Drama,310
6330ad8d-b582-4c92-bc7e-d3f206264f04,5f6cb902-b824-4961-9ac2-75cf44a47055,b905ae6a-f1e1-4057-8923-481902ed5a8e,Konzorcij,520
07b4c585-66cf-49d7-906c-50f1122c8e9e,bf990a3a-96e9-42b7-9147-33e85bd24c05,a719a87c-4e93-4387-a6d1-2631a487f7e0,Ajdovščina,132
271db19a-744b-41a0-869d-0c3e0e2cb6bf,995cbd67-507b-4c32-b794-0ff48e0a3de9,fef200e9-4d98-425b-ab14-8110e2aa85d7,Drama,1361
df63651e-45ab-4487-9429-9e604415b35c,ff1f708c-989e-4cc5-8e75-02717b5f9744,5d7f28a6-2a2a-4333-aa06-48edfb652f86,Pošta,1171
9c2e9262-7afe-44d3-8aaf-80afd45f9118,223f660b-c391-4120-bf3c-7bf06781686b,9b85d4b0-c594-4e0e-9ce2-d0986256c270,Tavčarjeva,77
8dde1a7b-e3ec-4675-8409-2a2c4ae696c7,5dcffe2a-1c73-4f7c-bdac-4084bb5201aa,d72032c7-d4b0-4eee-a87c-593985a42266,Tobačna,86
fcfe6ac9-74b3-4c13-96b7-6041f1454813,d9a82add-03d0-47d8-9f35-117b7a5ded44,eb8e8d9a-a3d5-4ec1-9356-26e0e41912d1,Pot v mejah,929
c20233f2-94bc-4c21-9d2a-9b129b668487,5fa77d25-e7a3-42db-8cc9-52b612d5de19,25ad5579-f6a0-4f35-a0c9-0678b41e9dde,Križanke,562
ca8cbe57-95dc-4326-9c06-b60a87b981b1,db13a26e-19d4-4b8a-a78a-01ef25d58834,a719a87c-4e93-4387-a6d1-2631a487f7e0,Ajdovščina,94
47283e27-c588-411c-9303-30a6f0beeaef,5f2b93f1-7933-45ed-915c-4488ab8d81b7,223f660b-c391-4120-bf3c-7bf06781686b,Tovorni kolodvor,814
5dcffe2a-1c73-4f7c-bdac-4084bb5201aa,b0b32562-f5dc-4183-abba-5729adf98088,8f56b058-1ae3-44f5-8600-4330f2264d78,Privoz,11
7a52a73a-cc0e-4c61-b9bc-306157727e1c,c124f317-217b-4b89-9597-393843de4f81,36d25599-0bed-48a0-bcb4-134be8a959fe,Emona,31
4062cd22-b67a-4235-9980-0178b7add592,65e92ecc-800d-4962-a8bc-0f50f1107a5b,b905ae6a-f1e1-4057-8923-481902ed5a8e,Konzorcij,654
4038e02e-f22f-4af0-ba4f-7aab855b53af,e66e813a-722d-40f8-9ee9-1470d07bc200,379bc761-04b5-4227-be76-3b870fe3e69f,Pot na Fužine,387
25cde952-4896-4977-b229-75e09b3e3661,a33e6b1f-de56-43aa-9a52-f7064636ab79,fef200e9-4d98-425b-ab14-8110e2aa85d7,Drama,450
21a5f1e3-8ac0-4023-95ca-0a3ff54099aa,86a75ffc-a78f-401f-8991-2eb0371417b2,b905ae6a-f1e1-4057-8923-481902ed5a8e,Konzorcij,811
69f98a9c-d52d-423a-b44e-89b6320a7a88,9c17244c-0812-404b-b929-5cdc0591e421,9b0074d2-2c92-4c01-830b-00be8e05b412,Cukrarna,342
58cd6196-8ac4-4803-be8b-1c0d2fb52528,0614b134-0950-4f6b-bc8f-fb73a0881bc1,3429cda2-6047-453c-bf54-952dfa6674c0,Klinični center,139
c8e0086c-0cef-4375-a471-72f3ae1e34fc,c3534bc6-7bfd-43be-b46a-2b0fced57ab8,9a938b49-ce1d-4e1c-a789-e316630ebc4f,Poliklinika,297
caac4c1a-13e4-4afa-b467-65d90a8fbd44,efecc3aa-ae68-4374-bc24-334280abcf3f,b905ae6a-f1e1-4057-8923-481902ed5a8e,Konzorcij,522
bd1396f2-4dc8-4695-9bf1-c601157100d8,5b59d508-0860-4f50-b5ab-72a79046b488,fef200e9-4d98-425b-ab14-8110e2aa85d7,Drama,1332
c86d5f37-52ee-4e3a-99b5-b9554118c4d5,9845a6f7-ba79-4f3d-b6ae-969651ef6001,fef200e9-4d98-425b-ab14-8110e2aa85d7,Drama,206
609f0950-bb8c-4eaf-a931-8575b8aff1ac,938c9405-72bb-4acd-bace-a75abcf2f9cb,b905ae6a-f1e1-4057-8923-481902ed5a8e,Konzorcij,190
72e6ae6e-bd4b-4946-a032-7ff9b8b41039,0bb103e4-c4a6-4c4c-a13d-217ab4e6dfd3,16578e36-c682-4083-bd29-4973445dc0fe,Gosposvetska,1070
f66a1f18-4c18-4317-b929-fb616cc7cebc,41c8c7eb-62ef-45d8-b5b1-221dd3c0022c,9bb1ed3b-5a6f-43c7-afaf-ba2b60ca1a7a,Aškerčeva,754
5c246f67-4431-4968-8d64-2ae4b823e360,5764ff17-c787-4918-b7bd-a2ed9c6d7dd1,67d66d40-e8ba-4bc0-a9cf-814dce3ccbea,Jadranska,56
e78f256e-7218-4263-87b9-255bd90c9f49,c627c9f2-af02-4d83-969a-566719bb09e3,a719a87c-4e93-4387-a6d1-2631a487f7e0,Ajdovščina,786
d3283222-38a9-40e2-a485-180d1a33067c,8648bfde-9b0f-4a64-aced-fe63aa923879,1f9fad8e-d59c-494c-bdd1-1983afacb755,Kodrova,1011
0c3a77a7-d9eb-45c7-b722-1fafde29129c,d4c25d68-c340-431b-a646-7680fe0cefee,639551cf-fe23-4363-8ccd-655bc5d4119e,Zmajski most,367
62b17644-b4a6-412f-9e03-79bbaf339717,f73d3fb2-082c-4518-8af2-45de5490df4e,9bb1ed3b-5a6f-43c7-afaf-ba2b60ca1a7a,Aškerčeva,1317
9e109242-5aad-4fb7-b0c8-576eef8aa4e0,d2ff7ae5-59fc-4894-aa50-a7f16b5e3534,7bcbdcaa-00b9-47d4-8982-09da26cd7bcb,Zaloška,124
77c4dfcc-1122-4896-9983-8a5bd11320de,6afef238-01cd-4ad0-859d-2056b5d4a63f,b905ae6a-f1e1-4057-8923-481902ed5a8e,Konzorcij,384
bc66f88b-1412-44cb-b921-030d27335261,98b60d07-8054-441a-be44-be7aa24f4253,d72032c7-d4b0-4eee-a87c-593985a42266,Tobačna,434
9a14b0ec-f13a-46f0-8c4f-07d8b99241e2,eefb30b4-8049-4128-89f5-bb359b1c93b0,a719a87c-4e93-4387-a6d1-2631a487f7e0,Ajdovščina,939
d5102041-8282-4c77-a593-edac0d0d4a34,12304b99-9a07-485a-a101-eaca90495d48,4bd4913f-8597-4ea0-b219-4e9b15dcbb62,Jarše,366
595ee2ab-3022-469d-a3e1-0c87d7dfb14d,59ee5f7d-476b-4958-a922-2040a9308f3b,fef200e9-4d98-425b-ab14-8110e2aa85d7,Drama,2850
2265e4de-a537-4f97-882b-c94c24aabfb0,c969f066-aab5-466d-b4db-48e651a4a12e,fef200e9-4d98-425b-ab14-8110e2aa85d7,Drama,410
16ae0a39-ff9a-4aee-88b5-34502255fab4,34afe7f1-2d09-487f-983f-19c7dd5dae82,087e50b6-7677-4a85-802f-5694266fe38b,Aškerčeva,760
22ef2062-46f0-4a46-8d9a-6ceb7b7f45bc,10449641-799e-4ee4-a712-a6e3a9aefc27,fac22b83-1bc0-4c12-8533-485b115409ef,Bolnica,247
6cc5af3b-67ea-47f3-9e8a-10946c32b906,7c390857-8fc7-49b5-9c9d-e5535d360148,e74131c6-ac2f-477b-9693-10bb5ab9f24b,Grosuplje,499
0bb103e4-c4a6-4c4c-a13d-217ab4e6dfd3,15bb8af1-183e-4ec8-81f7-1fc6e81beb30,f4cfd904-bd11-4247-95df-32c4555a930f,Klinični center,367
4bd4913f-8597-4ea0-b219-4e9b15dcbb62,4afd573d-abb7-4209-9b28-5c34811eb3ef,9a938b49-ce1d-4e1c-a789-e316630ebc4f,Poliklinika,628
786a15d4-dd6b-42bb-a5c9-6ce994b5be9e,075a6b29-66cb-409f-89fe-37d50669eff4,b905ae6a-f1e1-4057-8923-481902ed5a8e,Konzorcij,503
d6ae97e7-23b5-48d6-a9fa-2a2624e9f434,0ff94f7b-275b-4cc4-bb27-e00842f5ad87,fef200e9-4d98-425b-ab14-8110e2aa85d7,Drama,1775
46a50a09-9bae-460b-a7b6-457d288c5a9f,df973089-967d-4446-916c-260e9e8fec83,N/A,N/A,4525
1df1835b-cfd3-40e7-9466-9c9d43642bed,9a1c4c65-df77-481f-87ad-56143f02a864,bea274aa-277a-403d-ab2f-a0342b28882e,Križanke,439
ccd8a655-468b-4728-a26d-7981bbdd7dec,ccccee29-6fc7-4a86-b492-7f36a8e817db,N/A,N/A,4525
a7af0c5d-2297-40e2-a6e0-506f6aadba0a,306dcdea-b1ce-4357-ba5e-fa82293630df,a719a87c-4e93-4387-a6d1-2631a487f7e0,Ajdovščina,296
13ceaf6c-9650-45c3-b449-64a0e5094d18,92928953-a289-4a44-a653-b7b6b4f5e1c2,fef200e9-4d98-425b-ab14-8110e2aa85d7,Drama,572
c71e1e0c-780a-4d46-8b33-09aebbbcfcd8,e2d3c37e-a7df-458e-9e5a-ea33ccf4c11b,9bb1ed3b-5a6f-43c7-afaf-ba2b60ca1a7a,Aškerčeva,220
b91edda3-a147-4599-bebf-85e145de085b,352f5cae-25c9-41c5-ab70-268bf64107f0,fef200e9-4d98-425b-ab14-8110e2aa85d7,Drama,84
e57aad1d-457e-401f-b26d-306b4fd836eb,45bff76d-bb00-455b-aa12-7ea49ad9a4f0,557f714a-6f4a-4c98-8c5a-d74fa34b2adb,Hrvatski trg,213
4ed69cbb-d738-450c-be11-7d96cd50ee50,7a52a73a-cc0e-4c61-b9bc-306157727e1c,f073b9d9-a3e3-4d04-a209-0db55377b79e,Zmajski most,1416
9c17244c-0812-404b-b929-5cdc0591e421,ae3f312a-4242-4a42-8df2-5990505a7747,a719a87c-4e93-4387-a6d1-2631a487f7e0,Ajdovščina,77
889e3719-7d29-4888-b690-5a1531d2930e,91fb6c6e-49cf-49d3-97d4-6ae228f9bfa1,5d7f28a6-2a2a-4333-aa06-48edfb652f86,Pošta,328
2b223d0c-f8ec-4970-815c-bfe26c3ffc09,b905ae6a-f1e1-4057-8923-481902ed5a8e,a719a87c-4e93-4387-a6d1-2631a487f7e0,Ajdovščina,92
71480129-1108-4659-bb1b-d62897a81d02,cad3370f-7a28-4a47-8d5a-187adab3ca21,e57aad1d-457e-401f-b26d-306b4fd836eb,Kašeljska,16
97627b9b-fa2e-461a-97ea-a15df7599598,71480129-1108-4659-bb1b-d62897a81d02,ef91fd44-5651-4fd4-b6f8-619fdef9da7b,Hajdrihova,876
a1795ee0-9147-4a5c-bb11-f60a809f690e,30e58784-86f6-4d93-8630-3cc3fc93c6f3,a719a87c-4e93-4387-a6d1-2631a487f7e0,Ajdovščina,1042
cad3370f-7a28-4a47-8d5a-187adab3ca21,192b7b6a-b138-4569-a4f3-86bef6b20810,a719a87c-4e93-4387-a6d1-2631a487f7e0,Ajdovščina,597
9f6048f0-5c5e-4773-915e-4ee05d200e27,9f01f25f-9a5b-459a-96da-222ef81faf51,a719a87c-4e93-4387-a6d1-2631a487f7e0,Ajdovščina,1060
0dc86a8f-0f41-44c7-978c-e06cb63cbbcf,3d2f3af0-3b48-4019-a861-ee4fff761a24,a719a87c-4e93-4387-a6d1-2631a487f7e0,Ajdovščina,339
8b5f91a6-23b7-4786-96f9-a80c6d668e18,d7384760-d854-492d-87af-f342cab37fc1,a719a87c-4e93-4387-a6d1-2631a487f7e0,Ajdovščina,1176
98fa3880-5936-4ec8-ba04-39c7ff9a0e6a,b5273abc-dfeb-49a2-9607-249bf6415e4b,d3a06374-ab12-456b-9c00-55461af341fa,Na Žalah,533
8561e9fb-03e0-46f1-802d-b376d26a8ea5,5a06b853-39a7-479d-ac40-fafa659fd896,4062cd22-b67a-4235-9980-0178b7add592,Drama,241
1cc5f00f-c982-4016-8553-40a3da4f36ad,36d25599-0bed-48a0-bcb4-134be8a959fe,a719a87c-4e93-4387-a6d1-2631a487f7e0,Ajdovščina,405
c0e6a237-3879-4336-88b6-5af51408cc7e,1ceecd12-b005-4828-ad39-8f2aeb1ca228,4ed69cbb-d738-450c-be11-7d96cd50ee50,Livada,257
1cc5f00f-c982-4016-8553-40a3da4f36ad,22c11486-1afa-491f-b9ab-162d88c8c44d,fef200e9-4d98-425b-ab14-8110e2aa85d7,Drama,122
c32ef99a-6752-47fe-94eb-a5134c7110af,3fbf6322-fb74-4a50-a81a-bfca73abc26b,9cfac7e2-9653-4e52-a6d3-27756d27f817,Kino Šiška,483
9dfc0a62-bf4d-4670-83d0-4e26a6e56b32,ba0f81e5-dfec-49bb-8d6b-d52618338640,7fa32ea0-e884-435a-a81c-51bbd5cedf3e,Zaloška,505
21fba303-9465-42e6-8942-eaff85a2b40c,81a7167c-7913-442e-96c5-20dc6e25d74b,12618339-2c2d-49ec-b0e0-2517c11991f8,Mirje,624
e6f5183b-c615-4f47-b4fb-204ee070e825,d2f9bbec-4b03-49a8-af83-afe65fe07a0e,ecc4ae87-ae08-4b94-995c-452fdd94df7f,Privoz,708
7f45fe9c-917a-4571-9a74-9e940cd84f3c,d9f26e1a-77fc-48b0-a024-93fd38eb88a4,fef200e9-4d98-425b-ab14-8110e2aa85d7,Drama,570
3cb0ccbb-9b91-4d71-bd27-2acef732be4c,35dbaf26-2fa4-45c4-87fc-81d1ff13b005,e66e813a-722d-40f8-9ee9-1470d07bc200,Tobačna,851
1a3351a1-563e-4174-b402-54bc0e2f5191,1ceecd12-b005-4828-ad39-8f2aeb1ca228,9b85d4b0-c594-4e0e-9ce2-d0986256c270,Tavčarjeva,121
d123fde4-aa91-49c3-83df-5ebf12af4e59,7c149b59-2bc6-45cb-95c8-69e18a0db627,712ee105-4fab-498a-af5c-496ca9830f5f,Viadukt,795
8f56b058-1ae3-44f5-8600-4330f2264d78,c9b2488c-cca9-4b84-83cb-638ef545c851,d72032c7-d4b0-4eee-a87c-593985a42266,Tobačna,1868
c124f317-217b-4b89-9597-393843de4f81,d0790612-d161-4be4-953d-a7a0c33acf1e,fef200e9-4d98-425b-ab14-8110e2aa85d7,Drama,736
59faa0f0-34b1-47cd-ba3a-3b6f0d684c00,2bf898b0-1247-4e84-87e2-2e044e580c8f,a719a87c-4e93-4387-a6d1-2631a487f7e0,Ajdovščina,163
c124f317-217b-4b89-9597-393843de4f81,bc19ad1c-00fc-47f1-926e-ddeb12f686ba,8c7fa045-888b-46d0-8189-6f82623bf481,Poljanska,2287
b56664c0-1dc1-42c5-b10b-52c3fb0dd042,45754ca7-bffd-4bcf-96df-952e59574dde,9bb1ed3b-5a6f-43c7-afaf-ba2b60ca1a7a,Aškerčeva,1654
42bcfbad-96b8-4ce2-96f3-07694e1bcfe2,930fed8f-1d4d-40c6-9a3b-53697263a0f2,N/A,N/A,4525
d9df365b-7e54-4d22-b2e9-3b548d48ad59,41c8c7eb-62ef-45d8-b5b1-221dd3c0022c,a719a87c-4e93-4387-a6d1-2631a487f7e0,Ajdovščina,190
65e92ecc-800d-4962-a8bc-0f50f1107a5b,fcccf4af-4f16-4edc-ba5a-585c434593fe,25ad5579-f6a0-4f35-a0c9-0678b41e9dde,Križanke,325
ab0d4ded-a428-4133-a6c8-0f2caac0a5ae,f11e48f8-4133-4c36-a36f-73b4f33d9592,fef200e9-4d98-425b-ab14-8110e2aa85d7,Drama,291
32abc648-685c-47b0-bbc4-203371ec2699,6a0b25cc-428e-47b5-831a-e89facfa7f26,1ce1c3a8-e0f6-4f90-b1aa-1448759d8b3c,Astra,1030
0e79ef8c-f692-4e29-a37e-4a81cbb3d410,cdbafa76-fd1b-45e0-bbd6-d6c1c6a141f9,a719a87c-4e93-4387-a6d1-2631a487f7e0,Ajdovščina,14
9c3d9f7c-69df-4a48-8f1a-d25e7a922ac3,5b59d508-0860-4f50-b5ab-72a79046b488,fac22b83-1bc0-4c12-8533-485b115409ef,Bolnica,397
7fcb0952-c77f-44b5-adf3-0aa2a2b8550a,6a89c110-a0f8-4b1a-87f0-33f49c0a658e,8c7fa045-888b-46d0-8189-6f82623bf481,Poljanska,680
4bd4913f-8597-4ea0-b219-4e9b15dcbb62,0b6960bb-2431-48c3-9e64-3cbf5c57ea96,8598b85d-3e1d-4767-b72f-0c209038841f,Štepanja vas,163
7a256ec6-bb93-47eb-af92-ea62941c1dc6,4f21a18a-3cb0-4c6c-bb92-e7c8945fac1c,639551cf-fe23-4363-8ccd-655bc5d4119e,Zmajski most,286
48507e1a-32df-4552-9448-3b345760b75f,1eca3479-6e2c-4f21-bf45-4db410041181,N/A,N/A,4525
7bcbdcaa-00b9-47d4-8982-09da26cd7bcb,9e90940e-cf99-4112-87ec-7cbb6331509a,fef200e9-4d98-425b-ab14-8110e2aa85d7,Drama,669
627be449-8b6a-40f4-a57c-09ccdacccb66,d7d43617-ef41-4f9e-bbad-670d515d926a,a719a87c-4e93-4387-a6d1-2631a487f7e0,Ajdovščina,1988
ba2b16a8-1273-45d2-8758-47b9694df9a6,4fddf4a7-ad4e-4630-a5ca-3267955db548,bea274aa-277a-403d-ab2f-a0342b28882e,Križanke,453
392949a1-1ada-4196-9073-6f392638ca49,1a1ee974-5091-4fa7-96a2-0c2508892aa3,b905ae6a-f1e1-4057-8923-481902ed5a8e,Konzorcij,282
5560d06d-4058-473e-abba-099b05d7cf07,f2fc2702-e9da-4c36-b6fc-9f52199e4574,ecc4ae87-ae08-4b94-995c-452fdd94df7f,Privoz,884
f2920a77-6c6c-494d-96b7-2a8caf8f374f,a3aeed02-8e36-4cb0-bb08-25cc4afda164,b905ae6a-f1e1-4057-8923-481902ed5a8e,Konzorcij,742
29336b94-2382-46dd-b2e6-4590dd689640,7ad25867-5c97-4f9f-9b1b-4966436f7fbf,feb89b92-366d-4f50-a509-40c7baba8cf0,Brodarjev trg,725
3d2f3af0-3b48-4019-a861-ee4fff761a24,61926b26-d777-483f-ae79-86766c48793b,4062cd22-b67a-4235-9980-0178b7add592,Drama,579
3febe187-31d6-4229-be07-78ff782ca972,8f56b058-1ae3-44f5-8600-4330f2264d78,b905ae6a-f1e1-4057-8923-481902ed5a8e,Konzorcij,486
447a37f6-2be6-45a3-8ae0-6982aa53cafb,68075aa0-144c-4f6e-93ef-e93dfc35df78,100da88e-4c5f-4188-bd11-d4f3fc80fb74,Rast,427
2cde6efe-5f53-44aa-8018-76f0ea2c86f8,a5eb15d2-f0cb-46a6-b888-6a9aad6bc5b6,e66e813a-722d-40f8-9ee9-1470d07bc200,Tobačna,933
a8af1032-30bf-4f7b-a921-28d2f712fd24,cad3370f-7a28-4a47-8d5a-187adab3ca21,fef200e9-4d98-425b-ab14-8110e2aa85d7,Drama,513
6a74977a-a26d-42b4-a60b-8dabc726e57d,6324e337-5778-492a-9e9c-57e3ad5c4710,a719a87c-4e93-4387-a6d1-2631a487f7e0,Ajdovščina,742
184817a9-ca88-4c82-a40b-5768991da3df,cddb3822-7daf-4cae-9cc3-6b191e81326b,c87db9be-1fba-4102-a743-0ee4317dd5af,Bavarski dvor,1150
81b6f6ad-6dd6-4e3f-a0bd-754a65a3e57b,2628b04b-eaf2-4c5a-b7ac-837237162783,e57aad1d-457e-401f-b26d-306b4fd836eb,Kašeljska,318
f088dbda-3ab0-43c5-bcdf-c727725c05be,1c0c01ee-6258-4328-9d01-489eb421a8d9,087e50b6-7677-4a85-802f-5694266fe38b,Aškerčeva,279
18d010ca-0244-4928-82cb-47af0836a1bb,125d4928-6b97-4a4b-af34-a2d1564c029c,48e907fd-e868-47cd-8cac-74c7d4582944,Poljanska,351
58db973d-ecbb-4aa6-a56c-c26aaff7f263,e0bcd677-6012-4c90-a884-44dffafdffec,fc3967fb-5520-4fff-a819-f625242182e5,Cankarjev dom,177
c326e479-ccc3-4915-8788-3fa189d0143e,db13a26e-19d4-4b8a-a78a-01ef25d58834,aa42017d-812a-4175-bc9b-0fec03b18931,Ambrožev trg,470
4a74b966-4fbf-41ab-8e1b-276f3f14fc49,2b223d0c-f8ec-4970-815c-bfe26c3ffc09,bea274aa-277a-403d-ab2f-a0342b28882e,Križanke,393
97788808-915f-4405-b54e-7ec5f95f7330,352f5cae-25c9-41c5-ab70-268bf64107f0,d72032c7-d4b0-4eee-a87c-593985a42266,Tobačna,336
79d89180-8b07-4127-b7b4-1ac03d1cee9f,22ef2062-46f0-4a46-8d9a-6ceb7b7f45bc,aa42017d-812a-4175-bc9b-0fec03b18931,Ambrožev trg,25
eba0daca-3696-4f72-a1dd-5f7b5fd02a63,13ceaf6c-9650-45c3-b449-64a0e5094d18,N/A,N/A,4525
105e10e7-fbab-4f99-94c9-178c25630b42,51dbf10f-cf3b-4575-a8cc-d1080c1f9dde,087e50b6-7677-4a85-802f-5694266fe38b,Aškerčeva,1477
ba2b16a8-1273-45d2-8758-47b9694df9a6,80c65758-5f25-4003-8d55-10ff96fe8310,fef200e9-4d98-425b-ab14-8110e2aa85d7,Drama,1523
52407970-4547-4323-a632-8db4ed0b040f,bc19ad1c-00fc-47f1-926e-ddeb12f686ba,c5ec5e81-2ce4-452d-bd7a-595de4f8b34f,Prušnikova,32
da9650a3-6ec7-4cdb-95f2-a68851587dfc,cab36767-e95a-4f60-978e-92490f2517b2,5d7f28a6-2a2a-4333-aa06-48edfb652f86,Pošta,915
d9a82add-03d0-47d8-9f35-117b7a5ded44,d9df1ba3-6820-4fcb-b561-9cb7a60dd463,5d7f28a6-2a2a-4333-aa06-48edfb652f86,Pošta,818
1d7af067-e43b-4a98-953c-75f1b267d9ce,8f623f1d-48a7-46b5-9331-28a8dc980876,fcccf4af-4f16-4edc-ba5a-585c434593fe,ZD Polje,358
38b3abed-0592-407b-96c3-85a026f2e192,666e98e1-4a23-4204-a3e6-99110f8b3153,12618339-2c2d-49ec-b0e0-2517c11991f8,Mirje,931
7e780e7f-3665-4ec7-a910-eaf6e9d82551,041e08cc-b1bd-4f2c-aa4e-a9aaf2837a28,77dcd833-fa4d-4c5a-93b1-31284942e61d,Šišenska,239
9746f277-af08-4cce-92fa-41da5eca8ac2,dfde6478-02b5-471b-a470-29cb0e84542f,9bb1ed3b-5a6f-43c7-afaf-ba2b60ca1a7a,Aškerčeva,119
7276f267-9837-4c56-aad3-f8cd555060da,8eeea585-6168-45b8-a5d4-336e61826043,a719a87c-4e93-4387-a6d1-2631a487f7e0,Ajdovščina,1005
a1795ee0-9147-4a5c-bb11-f60a809f690e,a8af1032-30bf-4f7b-a921-28d2f712fd24,4d216485-ef41-45e7-9182-0c254644955c,Sava,42
d119c3e9-7f2c-4d40-97a4-ccc6b4bb2951,e468b92f-fa4a-4819-bb11-37761deaf4ca,087e50b6-7677-4a85-802f-5694266fe38b,Aškerčeva,1801
1b3d51e8-8b5e-4b31-a63e-9d665243c2f1,c3534bc6-7bfd-43be-b46a-2b0fced57ab8,087e50b6-7677-4a85-802f-5694266fe38b,Aškerčeva,276
33613e0e-f41c-4cee-804a-3942bf698e3e,66943a7c-28b4-40a6-a996-21aa0b968435,b905ae6a-f1e1-4057-8923-481902ed5a8e,Konzorcij,811
717dda7e-d793-4697-8f60-b64ee8b1edc4,cf5259af-d324-497e-b508-84fe92961eb1,N/A,N/A,4525
2628b04b-eaf2-4c5a-b7ac-837237162783,6330ad8d-b582-4c92-bc7e-d3f206264f04,a719a87c-4e93-4387-a6d1-2631a487f7e0,Ajdovščina,408
ae3f312a-4242-4a42-8df2-5990505a7747,d50b2bdb-481b-4e58-ada6-47a028fc6382,c87db9be-1fba-4102-a743-0ee4317dd5af,Bavarski dvor,743
ef31a8be-b01d-44cd-95cf-3db8e918af26,363564a6-9938-4bf5-8928-1cd191e9c2ef,fef200e9-4d98-425b-ab14-8110e2aa85d7,Drama,372
4062cd22-b67a-4235-9980-0178b7add592,7c390857-8fc7-49b5-9c9d-e5535d360148,N/A,N/A,4525
1c214818-5471-4d2a-a7b2-33464ffacdad,bdd68b01-e9a1-4270-be50-8b5c7bd39a1c,bd1396f2-4dc8-4695-9bf1-c601157100d8,Preglov trg,231
1b3ddeca-a066-43ee-9ae5-8339628129c2,0be53afd-2427-49b2-b70c-2ee3d89e9762,6182f8e8-c45e-4606-b4a4-d909bd44d2cc,Gornji trg,305
521edd75-c364-480a-af9e-a1c9815b6dd7,7d628170-e2eb-47fd-9d3e-658acf78d7d3,N/A,N/A,4525
111b2cdc-67ca-47bc-a8eb-8a4c6a0674d9,be5fb719-eda2-4831-90c6-249248ea22dd,fef200e9-4d98-425b-ab14-8110e2aa85d7,Drama,1354
40fcc1b9-2c42-4db8-bd48-d431efc8a3fd,fb7704f0-d31e-4561-83e4-621a8c62654b,4062cd22-b67a-4235-9980-0178b7add592,Drama,235
d27a7320-71d6-48bc-a4f5-0f3e239575b8,eead721b-8996-4e73-a2f9-02dba20df4fa,db046e79-c658-433c-8812-157fd965a9f6,Galjevica,468
70bba1e8-3ea8-46fe-ace3-f75b04e37605,a2ce7e6f-0f99-443a-a973-81a0b9c60261,51dbf10f-cf3b-4575-a8cc-d1080c1f9dde,Silos,1250
3d8122ff-0840-4811-a5ad-c4702fc70269,7a52a73a-cc0e-4c61-b9bc-306157727e1c,fef200e9-4d98-425b-ab14-8110e2aa85d7,Drama,274
5560d06d-4058-473e-abba-099b05d7cf07,c87db9be-1fba-4102-a743-0ee4317dd5af,4062cd22-b67a-4235-9980-0178b7add592,Drama,285
5bc3addd-b076-4c60-b850-39f90e674b75,0df2ffa6-b1c8-44d0-900c-8b23b37794df,087e50b6-7677-4a85-802f-5694266fe38b,Aškerčeva,143
7554bb81-1144-4263-999d-f6e358d808fe,73e6ef23-ef0c-41bf-9960-0e3078b94d23,fef200e9-4d98-425b-ab14-8110e2aa85d7,Drama,1407
5f6cb902-b824-4961-9ac2-75cf44a47055,1c0ae078-cca7-40c8-aeda-1187a12ddfee,feb89b92-366d-4f50-a509-40c7baba8cf0,Brodarjev trg,897
bff8345d-1b72-4b41-8b8d-cb8a5483a2e4,923bd774-0651-4e0a-8624-3acfb7ecd5ff,639551cf-fe23-4363-8ccd-655bc5d4119e,Zmajski most,1090
7310c006-62b8-4f94-bb9c-d5c26cb3faad,eee4abae-e720-4776-b6c7-0099d0119246,c87db9be-1fba-4102-a743-0ee4317dd5af,Bavarski dvor,498
093afa81-b65f-4182-bac3-afbc00558a9b,f66a1f18-4c18-4317-b929-fb616cc7cebc,77dcd833-fa4d-4c5a-93b1-31284942e61d,Šišenska,722
55f1ae46-11e5-4270-991f-f09dae6c58bf,041e08cc-b1bd-4f2c-aa4e-a9aaf2837a28,9bb1ed3b-5a6f-43c7-afaf-ba2b60ca1a7a,Aškerčeva,230
9e90940e-cf99-4112-87ec-7cbb6331509a,db046e79-c658-433c-8812-157fd965a9f6,b60d686c-3b89-447c-93f6-2837d9af3d02,Ziherlova,456
d9df1ba3-6820-4fcb-b561-9cb7a60dd463,7c149b59-2bc6-45cb-95c8-69e18a0db627,68075aa0-144c-4f6e-93ef-e93dfc35df78,ZALOG,92
fdff5f9c-6c02-4fc1-a004-7032b17fa37a,53806659-b339-4e68-af4a-4325c16b6026,4062cd22-b67a-4235-9980-0178b7add592,Drama,116
21a5f1e3-8ac0-4023-95ca-0a3ff54099aa,ba6f47bf-d346-4ccb-8669-13b974d863a6,51dbf10f-cf3b-4575-a8cc-d1080c1f9dde,Silos,515
2d6504e9-c938-417e-9b55-32d6514bc744,47637057-8d6a-4cf9-bd56-3ac90748fcc4,fef200e9-4d98-425b-ab14-8110e2aa85d7,Drama,934
81a7167c-7913-442e-96c5-20dc6e25d74b,bf990a3a-96e9-42b7-9147-33e85bd24c05,216a26dc-11c2-432b-b099-0d55d508b7fa,Cesta v Gorice,853
7ad25867-5c97-4f9f-9b1b-4966436f7fbf,79d89180-8b07-4127-b7b4-1ac03d1cee9f,25ad5579-f6a0-4f35-a0c9-0678b41e9dde,Križanke,220
1035c6f7-304e-4329-a3b2-4eb5d985a577,298fea2e-c58b-4d99-9350-2420c718d2cc,087e50b6-7677-4a85-802f-5694266fe38b,Aškerčeva,281
dba19980-8ca1-4847-b9b5-8cd419374ae2,72e6ae6e-bd4b-4946-a032-7ff9b8b41039,N/A,N/A,4525
ca8cbe57-95dc-4326-9c06-b60a87b981b1,298fea2e-c58b-4d99-9350-2420c718d2cc,bea274aa-277a-403d-ab2f-a0342b28882e,Križanke,1015
43e01b7e-be2c-4282-be1b-9f628ca67327,a12cff7f-91e5-4f1e-be40-1a9b34ae792a,a9796806-8cd3-4b76-bf8c-4340aec35c9e,Lutkovno gl.,119
1069d764-9345-425d-8c4d-12d6ffa1fde1,99b82632-116f-421b-9320-d5a53e522155,fef200e9-4d98-425b-ab14-8110e2aa85d7,Drama,647
dba19980-8ca1-4847-b9b5-8cd419374ae2,d3283222-38a9-40e2-a485-180d1a33067c,N/A,N/A,4525
5fe363f3-8297-448b-bde3-08f690c92d1b,5b2cb528-ba33-461a-aee5-54e2ed8c3758,N/A,N/A,4525
163da3ae-0ab9-480e-b72d-16357e0a9061,2f18bcfa-6189-4de4-b06f-132d3392e7d6,9b0074d2-2c92-4c01-830b-00be8e05b412,Cukrarna,131
47252dc3-dbd8-43df-898b-0a3fb27ffc93,8441d439-8d1d-40b8-b3d5-7b9c56848b43,087e50b6-7677-4a85-802f-5694266fe38b,Aškerčeva,853
c326e479-ccc3-4915-8788-3fa189d0143e,9a1c4c65-df77-481f-87ad-56143f02a864,fb7704f0-d31e-4561-83e4-621a8c62654b,Kosmačeva,20
77c4dfcc-1122-4896-9983-8a5bd11320de,cecad767-51e5-4683-bf56-e6e342f8d1e0,087e50b6-7677-4a85-802f-5694266fe38b,Aškerčeva,1056
29096931-9d98-487f-bd0a-b0767611e561,97d3e896-2af7-40f9-bfbf-59cf3fcbf93a,bea274aa-277a-403d-ab2f-a0342b28882e,Križanke,290
2496479b-f855-403d-bce8-2a4d9988665d,2c0475be-44e7-4f0f-a06d-2c1b4ca15677,60ccc570-3714-410b-aa31-43d3a4c593c8,Tržnica Moste,403
363e4763-df83-4814-99d2-879d448d5910,ba6f47bf-d346-4ccb-8669-13b974d863a6,087e50b6-7677-4a85-802f-5694266fe38b,Aškerčeva,334
1035c6f7-304e-4329-a3b2-4eb5d985a577,c93954aa-7aad-4fca-9f7a-721d37f0474e,ecc4ae87-ae08-4b94-995c-452fdd94df7f,Privoz,110
596e3cfe-bd4c-4afa-ba4c-33172dba9be1,8fbf17ab-413b-442c-9c6a-0eb8873a4755,ef91fd44-5651-4fd4-b6f8-619fdef9da7b,Hajdrihova,90
f33b721f-a8a3-4aad-96f2-077da09ebaa6,889e3719-7d29-4888-b690-5a1531d2930e,b905ae6a-f1e1-4057-8923-481902ed5a8e,Konzorcij,71
249f3d10-f5f0-467b-8f60-f35fd62d9054,277bc73c-e61d-4046-bcfd-31d6161c568e,f4cfd904-bd11-4247-95df-32c4555a930f,Klinični center,1390
3fbf6322-fb74-4a50-a81a-bfca73abc26b,78ef8af0-fd16-46b8-a5de-8d24b99638c8,277bc73c-e61d-4046-bcfd-31d6161c568e,Center Zalog,390
b589ddd3-5a31-4fe1-915f-44347b4c0a1a,0b90d258-764d-4c06-aab0-7074dbd54182,5d7f28a6-2a2a-4333-aa06-48edfb652f86,Pošta,1199
2896bfa8-0586-4ed1-8d93-c5c6e1ff3d72,7ad25867-5c97-4f9f-9b1b-4966436f7fbf,557f714a-6f4a-4c98-8c5a-d74fa34b2adb,Hrvatski trg,306
6182f8e8-c45e-4606-b4a4-d909bd44d2cc,484b5c91-1220-43ba-af79-84e712fcc46b,4062cd22-b67a-4235-9980-0178b7add592,Drama,1214
e65047c0-c01e-4727-b466-78e107c81ee4,1c214818-5471-4d2a-a7b2-33464ffacdad,b905ae6a-f1e1-4057-8923-481902ed5a8e,Konzorcij,1570
717dda7e-d793-4697-8f60-b64ee8b1edc4,192b7b6a-b138-4569-a4f3-86bef6b20810,5fa77d25-e7a3-42db-8cc9-52b612d5de19,Preglov trg,961
c0e6a237-3879-4336-88b6-5af51408cc7e,c0e6a237-3879-4336-88b6-5af51408cc7e,cee2862b-9b70-4880-8fa3-16c6d2efae1b,AMZS,3
8648bfde-9b0f-4a64-aced-fe63aa923879,ef31a8be-b01d-44cd-95cf-3db8e918af26,bea274aa-277a-403d-ab2f-a0342b28882e,Križanke,1296
86303165-4af4-4fcd-b0f9-43ed865454f4,c568fe2e-477f-4af2-ad68-cb8111f361d0,c87db9be-1fba-4102-a743-0ee4317dd5af,Bavarski dvor,545
fb662324-f307-452f-9b00-0275dadfd382,b0b32562-f5dc-4183-abba-5729adf98088,5d7f28a6-2a2a-4333-aa06-48edfb652f86,Pošta,24
f1bc11ca-7516-447a-b826-7051c5306af7,65a6b01d-c9cf-4d4e-930c-5562156d7375,bea274aa-277a-403d-ab2f-a0342b28882e,Križanke,1671
cd5497dc-20a4-40b3-9adf-b380de5d9f16,300f1367-4ba4-4416-90e4-caa8f33e9144,fef200e9-4d98-425b-ab14-8110e2aa85d7,Drama,47
e65047c0-c01e-4727-b466-78e107c81ee4,1f02ab68-e4a0-4783-ae8a-39ccd679f2cc,b905ae6a-f1e1-4057-8923-481902ed5a8e,Konzorcij,200
5de6ff80-1352-43df-b5ec-1df59f2f492b,f958cead-e4c3-4743-834d-46de4a06a8c9,aee8e842-6083-48a7-b14f-cc3d112537bb,Opekarska,1
4c08e174-6890-4c5d-9eec-15686971f909,824255dc-9be8-4f7b-9b69-2bd4e5a3fc27,N/A,N/A,4525
aa844493-50b0-4b91-b331-f4297d2ae6a8,ef91fd44-5651-4fd4-b6f8-619fdef9da7b,ad966374-a37d-443a-9a3e-ec85ca28231f,Pod Rožnikom,475
bc66f88b-1412-44cb-b921-030d27335261,c8e0086c-0cef-4375-a471-72f3ae1e34fc,b59656a4-b6e7-4b87-977c-078c59088a50,Hajdrihova,258
8fbf17ab-413b-442c-9c6a-0eb8873a4755,7c149b59-2bc6-45cb-95c8-69e18a0db627,25ad5579-f6a0-4f35-a0c9-0678b41e9dde,Križanke,928
ecc4ae87-ae08-4b94-995c-452fdd94df7f,b0b32562-f5dc-4183-abba-5729adf98088,bea274aa-277a-403d-ab2f-a0342b28882e,Križanke,25
0760a037-cd94-4936-89b6-45ce9bd19917,9fa0b90f-dba1-4eca-8802-589425d3e8fd,a719a87c-4e93-4387-a6d1-2631a487f7e0,Ajdovščina,859
62d0c5a7-1692-43ef-b6e2-31f514362629,68c65382-15dc-465c-96b5-7f27af9d4a63,717c914e-f928-4671-95f6-26c1ddb95799,Cesta v Gorice,375
efecc3aa-ae68-4374-bc24-334280abcf3f,717dda7e-d793-4697-8f60-b64ee8b1edc4,5d7f28a6-2a2a-4333-aa06-48edfb652f86,Pošta,1137
105e10e7-fbab-4f99-94c9-178c25630b42,da9650a3-6ec7-4cdb-95f2-a68851587dfc,e66e813a-722d-40f8-9ee9-1470d07bc200,Tobačna,345
06348c07-2fb0-4dfb-a938-aaef614a7f68,3c6ebf90-c611-4535-b2b0-22fba3f7649a,fef200e9-4d98-425b-ab14-8110e2aa85d7,Drama,1675
5e732249-14ec-4efe-bae1-7f9ca722f7ae,eefb30b4-8049-4128-89f5-bb359b1c93b0,N/A,N/A,4525
86303165-4af4-4fcd-b0f9-43ed865454f4,311a0b74-0787-484b-b414-8adf1cd4cf58,a719a87c-4e93-4387-a6d1-2631a487f7e0,Ajdovščina,145
c297ac70-8f43-4fbc-a8a4-366ddb883a8d,bfcba499-ce46-41b0-8268-966d74eccb20,25ad5579-f6a0-4f35-a0c9-0678b41e9dde,Križanke,1196
8fc42c89-96e2-4c69-a2b4-44d505f27ce9,7ea32e84-b8d9-498b-9f03-5a66990012b9,bea274aa-277a-403d-ab2f-a0342b28882e,Križanke,1234
1c214818-5471-4d2a-a7b2-33464ffacdad,c70ad4c4-6c37-4f31-83aa-921dc8bc15a4,5d7f28a6-2a2a-4333-aa06-48edfb652f86,Pošta,133
f33b721f-a8a3-4aad-96f2-077da09ebaa6,30c30bf5-75c4-4dc0-995f-4679ef54d37c,b905ae6a-f1e1-4057-8923-481902ed5a8e,Konzorcij,120
cc9cbd94-6da7-41ff-a728-cfd4b47dfcc0,9cb18d2e-9bf3-436a-ab3a-7c52c5de1300,9b0074d2-2c92-4c01-830b-00be8e05b412,Cukrarna,1206
406d6bb7-147c-4853-a917-e5c437b025e6,95732ece-1658-4e11-9b5f-b6ae5552e638,36d25599-0bed-48a0-bcb4-134be8a959fe,Emona,256
abc9fd26-5442-468b-93b6-4d5eb76d0f1f,5de6ff80-1352-43df-b5ec-1df59f2f492b,f2920a77-6c6c-494d-96b7-2a8caf8f374f,Mirje,965
6c773433-c487-49c5-a783-32c0e276ed7b,c3188d8e-c2d3-40e5-acc2-14bef70a5ff4,95eee7e8-237d-4410-a9bf-00c6f88129c1,Cukrarna,669
c326e479-ccc3-4915-8788-3fa189d0143e,cb05ea76-5fc1-4162-b432-a914b63604d0,61926b26-d777-483f-ae79-86766c48793b,Tržnica Koseze,95
1b27d65a-1008-4bc9-928e-f6cb43b03804,2beb7011-982a-4349-be22-addf1c3bdec7,a9796806-8cd3-4b76-bf8c-4340aec35c9e,Lutkovno gl.,765
f15ddf31-fc11-41ba-988d-376c83e38f58,87785aa3-128e-4f15-82b0-d8c3cfa6076f,67c3adc1-a92d-4528-91ee-77d8b52574c6,Poliklinika,230
79325942-629a-4766-a34a-525f8edf8cc5,a8a92762-af25-42a7-98dd-9846f8b33e09,N/A,N/A,4525
2bf898b0-1247-4e84-87e2-2e044e580c8f,ef91fd44-5651-4fd4-b6f8-619fdef9da7b,9bb1ed3b-5a6f-43c7-afaf-ba2b60ca1a7a,Aškerčeva,138
66012072-6b6b-4775-8001-0887d18e09a3,12304b99-9a07-485a-a101-eaca90495d48,fef200e9-4d98-425b-ab14-8110e2aa85d7,Drama,679
7294875b-8482-484a-b04d-95b921612001,3203d037-a222-4092-8dd6-e8dfcd49a2c9,12618339-2c2d-49ec-b0e0-2517c11991f8,Mirje,697
459f82d2-cbe4-414b-b66b-0b794ea958ed,896f7627-7c1c-4742-a40a-6aadb85fe206,fef200e9-4d98-425b-ab14-8110e2aa85d7,Drama,579
595ee2ab-3022-469d-a3e1-0c87d7dfb14d,d4c51b31-46fd-4da8-ba15-8068e666d483,a719a87c-4e93-4387-a6d1-2631a487f7e0,Ajdovščina,220
7add6fa5-bfd5-4d9c-841b-d9856088ede9,c969f066-aab5-466d-b4db-48e651a4a12e,25ad5579-f6a0-4f35-a0c9-0678b41e9dde,Križanke,310
b91edda3-a147-4599-bebf-85e145de085b,9c2e9262-7afe-44d3-8aaf-80afd45f9118,659ee31d-ae12-4498-8507-28579d322e32,Vič Glince,20
3203d037-a222-4092-8dd6-e8dfcd49a2c9,d50b2bdb-481b-4e58-ada6-47a028fc6382,b905ae6a-f1e1-4057-8923-481902ed5a8e,Konzorcij,126
0614b134-0950-4f6b-bc8f-fb73a0881bc1,9f01f25f-9a5b-459a-96da-222ef81faf51,fef200e9-4d98-425b-ab14-8110e2aa85d7,Drama,230
f1d7dbc8-d84b-4550-a3bd-e4748a677e9d,acedfed0-a3ba-4fa3-8cd6-910783961f0a,a719a87c-4e93-4387-a6d1-2631a487f7e0,Ajdovščina,201
d9224caa-d582-4152-88e0-be720677fe16,8512e1be-4637-483b-a3e6-78ccc6d2c5b1,fef200e9-4d98-425b-ab14-8110e2aa85d7,Drama,618
c297ac70-8f43-4fbc-a8a4-366ddb883a8d,9bd3ee10-bc61-44e8-8cf3-a37cffd54da0,fef200e9-4d98-425b-ab14-8110e2aa85d7,Drama,2309
4fddf4a7-ad4e-4630-a5ca-3267955db548,39b60288-c9ac-4bc2-825b-524dec52182d,4ed69cbb-d738-450c-be11-7d96cd50ee50,Livada,313
163da3ae-0ab9-480e-b72d-16357e0a9061,25ad5579-f6a0-4f35-a0c9-0678b41e9dde,087e50b6-7677-4a85-802f-5694266fe38b,Aškerčeva,191
505865ea-cdea-4042-bdb2-b2f4f03889cb,e3b51371-e289-45ef-83ca-1f4ffff25162,1c0ae078-cca7-40c8-aeda-1187a12ddfee,Remiza,686
7e0c8a32-21cb-46dc-8e50-9c4675dfa322,f174a648-9e84-492d-9ccd-0756b49c773b,a378ce5e-57ce-4c52-b219-568674b5cd5e,Gornji trg,601
795c157e-21e0-4115-85aa-93c227e3420f,48b163cd-b819-4849-aee1-8b1da77657ab,b905ae6a-f1e1-4057-8923-481902ed5a8e,Konzorcij,255
05bd4cbd-b014-4cfd-8ca9-3c82b0a59114,f14a6236-8af2-47bf-9270-432377662a63,fef200e9-4d98-425b-ab14-8110e2aa85d7,Drama,688
5bc3addd-b076-4c60-b850-39f90e674b75,97627b9b-fa2e-461a-97ea-a15df7599598,97627b9b-fa2e-461a-97ea-a15df7599598,Pot Rdečega križa,44
d987aa3a-ae4a-42f6-bc9b-79c41dcf055a,1faa072c-478b-4656-8df3-84167a9a4bbb,b905ae6a-f1e1-4057-8923-481902ed5a8e,Konzorcij,105
9845a6f7-ba79-4f3d-b6ae-969651ef6001,5fa77d25-e7a3-42db-8cc9-52b612d5de19,1eadcdb9-60cd-47c9-8eec-527c3465a685,Polje,72
ef005e77-f3b8-4171-b681-1294d0e4732b,3f01eb40-651e-4fad-aff9-2ee27f259f64,12618339-2c2d-49ec-b0e0-2517c11991f8,Mirje,1161
60ccc570-3714-410b-aa31-43d3a4c593c8,278a9d60-64c7-4bfa-aad0-24068aa760af,1a3351a1-563e-4174-b402-54bc0e2f5191,Archinetova,77
d4c25d68-c340-431b-a646-7680fe0cefee,824255dc-9be8-4f7b-9b69-2bd4e5a3fc27,bea274aa-277a-403d-ab2f-a0342b28882e,Križanke,99
35dbaf26-2fa4-45c4-87fc-81d1ff13b005,c2827897-b9fe-4bfc-b4ed-880f11a2359e,25ad5579-f6a0-4f35-a0c9-0678b41e9dde,Križanke,289
9845a6f7-ba79-4f3d-b6ae-969651ef6001,b60d686c-3b89-447c-93f6-2837d9af3d02,94c6598b-7303-42e1-94d5-156d7a25f630,Gerbičeva,2150
022ef61f-a226-42e8-b11d-30cf9f9a6688,2c0475be-44e7-4f0f-a06d-2c1b4ca15677,5d7f28a6-2a2a-4333-aa06-48edfb652f86,Pošta,770
08f2fb98-afdf-4961-b419-1bca7f5568ab,b60d686c-3b89-447c-93f6-2837d9af3d02,4062cd22-b67a-4235-9980-0178b7add592,Drama,110
fb7704f0-d31e-4561-83e4-621a8c62654b,392949a1-1ada-4196-9073-6f392638ca49,6559d555-672b-4633-8a81-0ae68fb963eb,ZD POLJE,322
53806659-b339-4e68-af4a-4325c16b6026,1d7af067-e43b-4a98-953c-75f1b267d9ce,4062cd22-b67a-4235-9980-0178b7add592,Drama,2393
1e4be02a-ac61-41bc-b9b5-1ef7850313ed,56dbd8ff-6ec8-4186-b46c-f74ddb5a304a,8c7fa045-888b-46d0-8189-6f82623bf481,Poljanska,555
f414efd9-d697-4bbe-abb6-c9e09fd73514,7fdce743-a4be-44d7-8658-0a259a18ad30,N/A,N/A,4525
fb0042f8-d9e2-4916-b60a-38a026acf0c9,2ec182e2-769f-427f-b9b5-c4118890cb96,fef200e9-4d98-425b-ab14-8110e2aa85d7,Drama,1256
896f7627-7c1c-4742-a40a-6aadb85fe206,548a85bd-f15f-427b-ad90-43cb50e9e31a,fef200e9-4d98-425b-ab14-8110e2aa85d7,Drama,231
d2f9bbec-4b03-49a8-af83-afe65fe07a0e,d72032c7-d4b0-4eee-a87c-593985a42266,fef200e9-4d98-425b-ab14-8110e2aa85d7,Drama,245
087e50b6-7677-4a85-802f-5694266fe38b,c20233f2-94bc-4c21-9d2a-9b129b668487,bea274aa-277a-403d-ab2f-a0342b28882e,Križanke,789
aa3ce006-1975-496a-abc6-a98ec5e87652,e90a68ac-02be-418f-8937-b9f1906274f2,N/A,N/A,4525
4f21a18a-3cb0-4c6c-bb92-e7c8945fac1c,717c914e-f928-4671-95f6-26c1ddb95799,25ad5579-f6a0-4f35-a0c9-0678b41e9dde,Križanke,501
a999f83e-4e6a-4ef9-9a10-e4a2c8a4a182,dac8d2a7-89e4-4aec-948d-00db4833ce7c,9c17244c-0812-404b-b929-5cdc0591e421,Podmornica,565
352f5cae-25c9-41c5-ab70-268bf64107f0,f8da5156-e545-47ed-a811-2242f41f5593,b905ae6a-f1e1-4057-8923-481902ed5a8e,Konzorcij,754
c8e0086c-0cef-4375-a471-72f3ae1e34fc,b589ddd3-5a31-4fe1-915f-44347b4c0a1a,4062cd22-b67a-4235-9980-0178b7add592,Drama,58
7fad8003-fb10-489d-bf8d-6d433310ad90,a769d1e9-8727-4190-b56c-5cdd8a49333d,5d7f28a6-2a2a-4333-aa06-48edfb652f86,Pošta,638
666e98e1-4a23-4204-a3e6-99110f8b3153,6330ad8d-b582-4c92-bc7e-d3f206264f04,557f714a-6f4a-4c98-8c5a-d74fa34b2adb,Hrvatski trg,76
b4ffcb65-e60f-478d-806b-e7ae83f1a39d,78c69686-64ed-437c-83b5-0e28733ed70c,25ad5579-f6a0-4f35-a0c9-0678b41e9dde,Križanke,580
7484317c-269f-425f-8118-23eedab4e5f1,65a6b01d-c9cf-4d4e-930c-5562156d7375,88cdd36c-03d2-4374-a22f-110dd9f75ea0,Kajuhova,1551
2628ca4f-8797-4672-aca9-47b325c58aac,e9382efd-d64d-46b0-9a7d-a4e6a0188725,5c8bdb89-116a-4d5d-9db1-9be443070380,7. septembra,2616
52c437c8-73ae-4db5-ac31-8e7cf5104826,c31b32c6-1ec2-48e9-9929-356fd0253540,N/A,N/A,4525
62feeb73-9af7-43ee-8714-1b435ec20263,717c914e-f928-4671-95f6-26c1ddb95799,fef200e9-4d98-425b-ab14-8110e2aa85d7,Drama,104
ef4a63e8-d956-4f09-80bd-8e4699418652,0614b134-0950-4f6b-bc8f-fb73a0881bc1,N/A,N/A,4525
461045f0-a82c-45c0-af66-71b25f3f0e1a,306dcdea-b1ce-4357-ba5e-fa82293630df,9b85d4b0-c594-4e0e-9ce2-d0986256c270,Tavčarjeva,636
0be237aa-4b91-4d2b-ac23-0cebac975a0d,10449641-799e-4ee4-a712-a6e3a9aefc27,4062cd22-b67a-4235-9980-0178b7add592,Drama,625
0760a037-cd94-4936-89b6-45ce9bd19917,81a7167c-7913-442e-96c5-20dc6e25d74b,9bb1ed3b-5a6f-43c7-afaf-ba2b60ca1a7a,Aškerčeva,1499
ea9d5fa9-af5a-4d39-96fd-626415048511,7a256ec6-bb93-47eb-af92-ea62941c1dc6,fef200e9-4d98-425b-ab14-8110e2aa85d7,Drama,384
c8f784f8-ce92-4773-8d90-c6bed3513ce0,ba6f47bf-d346-4ccb-8669-13b974d863a6,N/A,N/A,4525
ef3024a8-1d7f-4cf5-ad3b-74528eaa9c51,71480129-1108-4659-bb1b-d62897a81d02,a719a87c-4e93-4387-a6d1-2631a487f7e0,Ajdovščina,551
111b2cdc-67ca-47bc-a8eb-8a4c6a0674d9,459f82d2-cbe4-414b-b66b-0b794ea958ed,a719a87c-4e93-4387-a6d1-2631a487f7e0,Ajdovščina,429
5d1e404b-1606-457e-8d2b-4e3e80139532,ff74fc01-faf6-4a78-a782-d8365538e7de,N/A,N/A,4525
34f3ddda-e732-4b53-bfb2-8773b5cd6eac,557f714a-6f4a-4c98-8c5a-d74fa34b2adb,b905ae6a-f1e1-4057-8923-481902ed5a8e,Konzorcij,26
55f1ae46-11e5-4270-991f-f09dae6c58bf,0b90d258-764d-4c06-aab0-7074dbd54182,5d7f28a6-2a2a-4333-aa06-48edfb652f86,Pošta,251
abc9fd26-5442-468b-93b6-4d5eb76d0f1f,8375ab17-e389-42b2-9b88-0210a049e321,a719a87c-4e93-4387-a6d1-2631a487f7e0,Ajdovščina,530
13d6dac7-dc00-416e-a8c0-0d6967e4014e,639551cf-fe23-4363-8ccd-655bc5d4119e,bea274aa-277a-403d-ab2f-a0342b28882e,Križanke,28
a7177a3d-8db2-43fb-8910-f95857f0ed97,e7789f42-0ad7-44d1-974b-42a3f4957291,N/A,N/A,4525
339ec74c-f45b-4f23-98b8-7ac67486ff6d,7d579a55-27bc-49d0-a124-a5ed6233c55a,1ce1c3a8-e0f6-4f90-b1aa-1448759d8b3c,Astra,683
4038e02e-f22f-4af0-ba4f-7aab855b53af,cdabf1ea-b04c-480a-8359-72c46e6864ab,c87db9be-1fba-4102-a743-0ee4317dd5af,Bavarski dvor,194
dadea785-0c6b-4054-9882-37227de3df4b,c969f066-aab5-466d-b4db-48e651a4a12e,1f9fad8e-d59c-494c-bdd1-1983afacb755,Kodrova,565
3a50f545-2fe2-45a0-8ed6-01635603efed,f784b27a-1509-4eec-bd52-6beee2b9530b,5d7f28a6-2a2a-4333-aa06-48edfb652f86,Pošta,321
62feeb73-9af7-43ee-8714-1b435ec20263,88cdd36c-03d2-4374-a22f-110dd9f75ea0,6c56976b-4ae1-429f-bcab-0cfc37e3580d,Zgornji log,303
9b9d2948-7538-409c-9bfc-42c0b74c41a8,6efecef0-52ba-4a47-9991-9bab5ce31340,fef200e9-4d98-425b-ab14-8110e2aa85d7,Drama,293
e26da28a-b9c3-41b8-b57f-87b289b38e08,6bd46cb7-9e5d-453a-878a-bcc38fb2a5f2,eee4abae-e720-4776-b6c7-0099d0119246,Ruski car,24
eb43a68a-54a5-4a37-b090-1329e2b4d830,52e5d1c1-28c9-4ed2-b0ec-5bf7311be753,b905ae6a-f1e1-4057-8923-481902ed5a8e,Konzorcij,353
a8a92762-af25-42a7-98dd-9846f8b33e09,783196f2-97cd-4265-bb9a-b13aa8bb6a0b,N/A,N/A,4525
ae3f312a-4242-4a42-8df2-5990505a7747,1e157c31-d34d-4c2e-91b4-8c000c88f6dd,fef200e9-4d98-425b-ab14-8110e2aa85d7,Drama,482
fbd1dfb0-4a6f-4160-ad52-5ccb69530195,cec37fa8-0d4a-4e80-a259-2fa91b68463d,d72032c7-d4b0-4eee-a87c-593985a42266,Tobačna,1986
97788808-915f-4405-b54e-7ec5f95f7330,f1d7dbc8-d84b-4550-a3bd-e4748a677e9d,ecc4ae87-ae08-4b94-995c-452fdd94df7f,Privoz,1
5dcffe2a-1c73-4f7c-bdac-4084bb5201aa,2fafda56-e44d-4e08-8503-90e6bf75e19d,5d7f28a6-2a2a-4333-aa06-48edfb652f86,Pošta,726
105e10e7-fbab-4f99-94c9-178c25630b42,1b3d51e8-8b5e-4b31-a63e-9d665243c2f1,6559d555-672b-4633-8a81-0ae68fb963eb,ZD POLJE,1085
f4cfd904-bd11-4247-95df-32c4555a930f,9bb1ed3b-5a6f-43c7-afaf-ba2b60ca1a7a,9bb1ed3b-5a6f-43c7-afaf-ba2b60ca1a7a,Aškerčeva,853
4ab506fa-0fcd-431b-ace7-19ffa5f0576a,06348c07-2fb0-4dfb-a938-aaef614a7f68,dd57f39b-be0f-479e-bc35-5bd2edf98ff2,Bolnica,369
2bf898b0-1247-4e84-87e2-2e044e580c8f,0d50a4a8-a88d-4468-b562-73e51937e1c5,b905ae6a-f1e1-4057-8923-481902ed5a8e,Konzorcij,701
3c143688-247f-41cc-960d-f5e37b874c3a,fef200e9-4d98-425b-ab14-8110e2aa85d7,fef200e9-4d98-425b-ab14-8110e2aa85d7,Drama,288
12cfc2b3-f8ff-444b-8d5f-15855e45e331,5b184752-5bd2-43e3-9243-dfc8969d9065,88cdd36c-03d2-4374-a22f-110dd9f75ea0,Kajuhova,557
391bf42a-68a3-400a-baea-0c708f327325,7ba233b7-a50a-497d-8135-dd8dabf93ff5,59ee5f7d-476b-4958-a922-2040a9308f3b,Kranjčeva,969
e0f10330-ad34-453d-baf4-d6c601cb6cf8,ea91e672-f4a8-40cb-af62-214726551a93,4062cd22-b67a-4235-9980-0178b7add592,Drama,1617
61f19c68-2d5e-4d76-bdd4-28709a347b5b,dadea785-0c6b-4054-9882-37227de3df4b,fef200e9-4d98-425b-ab14-8110e2aa85d7,Drama,1111
4e8ccfa1-b58c-4ee1-ad82-2e8a645071f3,ff74fc01-faf6-4a78-a782-d8365538e7de,N/A,N/A,4525
95be8f74-3ed5-4cf1-aabc-b1c0027ea628,c2827897-b9fe-4bfc-b4ed-880f11a2359e,N/A,N/A,4525
58db973d-ecbb-4aa6-a56c-c26aaff7f263,10d57057-b305-4b7a-806b-3373014db962,b905ae6a-f1e1-4057-8923-481902ed5a8e,Konzorcij,296
cb05ea76-5fc1-4162-b432-a914b63604d0,0b90d258-764d-4c06-aab0-7074dbd54182,087e50b6-7677-4a85-802f-5694266fe38b,Aškerčeva,427
9f6048f0-5c5e-4773-915e-4ee05d200e27,02e96186-e90a-4171-8869-082486f7da1d,N/A,N/A,4525
7e0c8a32-21cb-46dc-8e50-9c4675dfa322,1b27d65a-1008-4bc9-928e-f6cb43b03804,5d7f28a6-2a2a-4333-aa06-48edfb652f86,Pošta,725
c0a064eb-b507-43c2-a6d2-0e9c5881f031,66012072-6b6b-4775-8001-0887d18e09a3,25ad5579-f6a0-4f35-a0c9-0678b41e9dde,Križanke,325
524d67dd-fbb0-4f6a-9199-f095123044ab,79a5bacd-8b59-4d83-99e8-26e3c5b1490b,25ad5579-f6a0-4f35-a0c9-0678b41e9dde,Križanke,381
e468b92f-fa4a-4819-bb11-37761deaf4ca,889e3719-7d29-4888-b690-5a1531d2930e,b905ae6a-f1e1-4057-8923-481902ed5a8e,Konzorcij,227
b2dd1684-0848-40f7-b10e-8f74bb005f2f,785ad018-d0fe-4628-b188-15f6dc71b38e,N/A,N/A,4525
05bd4cbd-b014-4cfd-8ca9-3c82b0a59114,bd1a0fbd-1593-4552-a76f-681c59333d6b,b905ae6a-f1e1-4057-8923-481902ed5a8e,Konzorcij,110
c1606675-dd38-4952-914b-6ca64fd56b7b,2154edb8-16e2-4334-8878-9e38abcdf06a,e57aad1d-457e-401f-b26d-306b4fd836eb,Kašeljska,678
9cfac7e2-9653-4e52-a6d3-27756d27f817,9276fcfb-0f7e-4df3-b827-325600851526,9b85d4b0-c594-4e0e-9ce2-d0986256c270,Tavčarjeva,108
ee03ecf6-db6d-4ecc-90cd-5b3afc8afb91,278a9d60-64c7-4bfa-aad0-24068aa760af,f958cead-e4c3-4743-834d-46de4a06a8c9,Murgle,249
2fafda56-e44d-4e08-8503-90e6bf75e19d,46847a61-d68a-4d2c-ad76-18e043d41430,b905ae6a-f1e1-4057-8923-481902ed5a8e,Konzorcij,509
95be8f74-3ed5-4cf1-aabc-b1c0027ea628,c0ff37c8-ac6c-4284-ad32-0ad29fd30dc2,N/A,N/A,4525
538ab00b-ee39-44e8-b5a4-62c2c6215bf6,f496ecc3-28fe-4361-9da8-428bbf3bd672,fef200e9-4d98-425b-ab14-8110e2aa85d7,Drama,1487
a3aeed02-8e36-4cb0-bb08-25cc4afda164,b59656a4-b6e7-4b87-977c-078c59088a50,fef200e9-4d98-425b-ab14-8110e2aa85d7,Drama,372
44e58cea-6c90-467f-baf2-22ac161daafb,69bc9f1c-507f-463c-ba5a-04500b319967,5d7f28a6-2a2a-4333-aa06-48edfb652f86,Pošta,106
3f0c15b3-99bd-4c12-8f7a-df06c9536526,124ec397-421b-4737-bf71-09c9b1665a10,54c591c0-7bbb-4489-9229-57b18f95827a,Stara cerkev,684
5b59d508-0860-4f50-b5ab-72a79046b488,6bc92f4c-414c-456b-9150-d58a7689d26e,9bb1ed3b-5a6f-43c7-afaf-ba2b60ca1a7a,Aškerčeva,773
3cb0ccbb-9b91-4d71-bd27-2acef732be4c,5560d06d-4058-473e-abba-099b05d7cf07,4d216485-ef41-45e7-9182-0c254644955c,Sava,1176
659ee31d-ae12-4498-8507-28579d322e32,1b3d51e8-8b5e-4b31-a63e-9d665243c2f1,c22879e5-8e90-4540-9a74-5f139208e492,Friškovec,287
d7a59d1b-dfe1-4fbb-96fc-14443b077516,ee03ecf6-db6d-4ecc-90cd-5b3afc8afb91,25c85d19-456c-4188-b563-15ad467a54c7,Vič,736
cab36767-e95a-4f60-978e-92490f2517b2,65e92ecc-800d-4962-a8bc-0f50f1107a5b,fef200e9-4d98-425b-ab14-8110e2aa85d7,Drama,702
6182f8e8-c45e-4606-b4a4-d909bd44d2cc,5fe363f3-8297-448b-bde3-08f690c92d1b,4062cd22-b67a-4235-9980-0178b7add592,Drama,1846
b0d473cd-f35e-4a30-8d0d-70f16b92e8e8,7e780e7f-3665-4ec7-a910-eaf6e9d82551,38b3abed-0592-407b-96c3-85a026f2e192,Dalmatinova,624
4ca9e64c-29ad-4391-a6f2-7e1ae022d5bf,1b3dce90-170f-4176-b47b-2b50b9407e82,47a3bd8a-72ae-4e20-b43f-10bfaf49012c,Ob sotočju,1463
fb662324-f307-452f-9b00-0275dadfd382,d9437903-d95a-49e6-9743-12b2b964e04c,fef200e9-4d98-425b-ab14-8110e2aa85d7,Drama,582
58cd6196-8ac4-4803-be8b-1c0d2fb52528,0be237aa-4b91-4d2b-ac23-0cebac975a0d,cdee8be6-e02c-4fb5-9752-be1bac08d90d,Kavčičeva,456
ff8f71b7-06fe-47fe-8238-9af5ee1b1dfd,36d25599-0bed-48a0-bcb4-134be8a959fe,5fa77d25-e7a3-42db-8cc9-52b612d5de19,Preglov trg,585
4c08e174-6890-4c5d-9eec-15686971f909,34ead609-4331-48ab-8e82-52dd70da9832,N/A,N/A,4525
eb43a68a-54a5-4a37-b090-1329e2b4d830,163da3ae-0ab9-480e-b72d-16357e0a9061,ecc4ae87-ae08-4b94-995c-452fdd94df7f,Privoz,324
2265e4de-a537-4f97-882b-c94c24aabfb0,5de84f88-3f32-4636-8c30-03cc267ecf37,5d7f28a6-2a2a-4333-aa06-48edfb652f86,Pošta,145
ab987eb0-c970-4577-8db9-0cd507a6cab6,5560d06d-4058-473e-abba-099b05d7cf07,4062cd22-b67a-4235-9980-0178b7add592,Drama,347
7b41ca8e-2e41-4572-aa5c-1d80375e8835,235d7e56-4520-4691-b7d9-7588f7306e1d,5f2b93f1-7933-45ed-915c-4488ab8d81b7,Ižanska,1379
6324e337-5778-492a-9e9c-57e3ad5c4710,2c87f988-902b-4b35-91da-5437a58759f5,bea274aa-277a-403d-ab2f-a0342b28882e,Križanke,394
1a3351a1-563e-4174-b402-54bc0e2f5191,258aeffc-294a-4919-bfb0-34f90dc19892,25ad5579-f6a0-4f35-a0c9-0678b41e9dde,Križanke,857
461045f0-a82c-45c0-af66-71b25f3f0e1a,53c3c8c9-2e64-4a8f-9afb-031b24c17d5a,a719a87c-4e93-4387-a6d1-2631a487f7e0,Ajdovščina,1238
300f1367-4ba4-4416-90e4-caa8f33e9144,4bd4913f-8597-4ea0-b219-4e9b15dcbb62,b905ae6a-f1e1-4057-8923-481902ed5a8e,Konzorcij,197
889e3719-7d29-4888-b690-5a1531d2930e,ef005e77-f3b8-4171-b681-1294d0e4732b,36d25599-0bed-48a0-bcb4-134be8a959fe,Emona,772
91b76764-87af-4b90-89dd-60f0046f7cc0,596e3cfe-bd4c-4afa-ba4c-33172dba9be1,48e907fd-e868-47cd-8cac-74c7d4582944,Poljanska,256
ba2b16a8-1273-45d2-8758-47b9694df9a6,447a37f6-2be6-45a3-8ae0-6982aa53cafb,f073b9d9-a3e3-4d04-a209-0db55377b79e,Zmajski most,695
93928408-7b36-41f9-9b62-fec53e14b4e2,8b5f91a6-23b7-4786-96f9-a80c6d668e18,b905ae6a-f1e1-4057-8923-481902ed5a8e,Konzorcij,796
2c46416a-d66e-469c-a342-898a93f5b2f0,ff8f71b7-06fe-47fe-8238-9af5ee1b1dfd,8c7fa045-888b-46d0-8189-6f82623bf481,Poljanska,2772
e7789f42-0ad7-44d1-974b-42a3f4957291,aa113271-655f-423f-ad7e-4cfaba2eb739,ef91fd44-5651-4fd4-b6f8-619fdef9da7b,Hajdrihova,105
9fa0b90f-dba1-4eca-8802-589425d3e8fd,f1d7dbc8-d84b-4550-a3bd-e4748a677e9d,25ad5579-f6a0-4f35-a0c9-0678b41e9dde,Križanke,1504
7310c006-62b8-4f94-bb9c-d5c26cb3faad,4f681273-89fe-44f9-aaec-76950722cc52,5d7f28a6-2a2a-4333-aa06-48edfb652f86,Pošta,168
3429cda2-6047-453c-bf54-952dfa6674c0,3d8122ff-0840-4811-a5ad-c4702fc70269,a719a87c-4e93-4387-a6d1-2631a487f7e0,Ajdovščina,6
b4b7f450-4397-42d2-9d1e-39f786eecc2e,33613e0e-f41c-4cee-804a-3942bf698e3e,8c7fa045-888b-46d0-8189-6f82623bf481,Poljanska,508
2b223d0c-f8ec-4970-815c-bfe26c3ffc09,36c4949b-403b-4a76-87e3-d67f51d655ef,25ad5579-f6a0-4f35-a0c9-0678b41e9dde,Križanke,834
f2b27cbd-5207-4281-8f67-6369d0c50a9b,08506f21-8675-4972-a359-ba9412a1da49,c2827897-b9fe-4bfc-b4ed-880f11a2359e,ZELENA JAMA,248
feb89b92-366d-4f50-a509-40c7baba8cf0,ca575a45-9c95-4348-9245-8c75f70130b3,N/A,N/A,4525
83a62071-0161-47a2-b745-eafb5e945632,5c8bdb89-116a-4d5d-9db1-9be443070380,fef200e9-4d98-425b-ab14-8110e2aa85d7,Drama,147
2c87f988-902b-4b35-91da-5437a58759f5,d861c2ce-106a-4b95-a4fc-2af355c0bbf0,fef200e9-4d98-425b-ab14-8110e2aa85d7,Drama,336
659ee31d-ae12-4498-8507-28579d322e32,390d166c-b2fe-486c-bba5-38cd1ff64f48,769b7bc7-4f95-4bb2-9c99-37ba8e8b4bd5,D. MOST P+R,451
d119c3e9-7f2c-4d40-97a4-ccc6b4bb2951,7eb88e01-82e9-4af4-84d0-69c6ea9dc82c,f4e99ece-e89e-4322-80c6-5a91df65f64e,Jana Husa,2323
3febe187-31d6-4229-be07-78ff782ca972,fdff5f9c-6c02-4fc1-a004-7032b17fa37a,a719a87c-4e93-4387-a6d1-2631a487f7e0,Ajdovščina,394
06348c07-2fb0-4dfb-a938-aaef614a7f68,a7af0c5d-2297-40e2-a6e0-506f6aadba0a,59d96e2c-3ee3-4581-840a-3ddaf0003743,Osenjakova,324
2e62f411-936d-4a10-96ed-2d8fe95d6d65,2d6504e9-c938-417e-9b55-32d6514bc744,bea274aa-277a-403d-ab2f-a0342b28882e,Križanke,246
e333d90d-3eef-4d82-9e00-ebe693e2f389,352f5cae-25c9-41c5-ab70-268bf64107f0,087e50b6-7677-4a85-802f-5694266fe38b,Aškerčeva,196
25c85d19-456c-4188-b563-15ad467a54c7,e8d0bfd1-b300-4eae-8f85-79266066bb3c,9a938b49-ce1d-4e1c-a789-e316630ebc4f,Poliklinika,412
557f714a-6f4a-4c98-8c5a-d74fa34b2adb,ef31a8be-b01d-44cd-95cf-3db8e918af26,59faa0f0-34b1-47cd-ba3a-3b6f0d684c00,Žito,662
9b0074d2-2c92-4c01-830b-00be8e05b412,9f6048f0-5c5e-4773-915e-4ee05d200e27,47283e27-c588-411c-9303-30a6f0beeaef,Zgornji log,1848
e7789f42-0ad7-44d1-974b-42a3f4957291,b47eac47-d897-4ba7-ab06-8e642cc8efe8,25ad5579-f6a0-4f35-a0c9-0678b41e9dde,Križanke,425
4d216485-ef41-45e7-9182-0c254644955c,30e58784-86f6-4d93-8630-3cc3fc93c6f3,fcccf4af-4f16-4edc-ba5a-585c434593fe,ZD Polje,1871
66a82f60-b1d1-4251-a715-178300014f18,f2fc2702-e9da-4c36-b6fc-9f52199e4574,4f21a18a-3cb0-4c6c-bb92-e7c8945fac1c,Bratov Učakar,954
e78f256e-7218-4263-87b9-255bd90c9f49,87785aa3-128e-4f15-82b0-d8c3cfa6076f,9bb1ed3b-5a6f-43c7-afaf-ba2b60ca1a7a,Aškerčeva,73
69f98a9c-d52d-423a-b44e-89b6320a7a88,95be8f74-3ed5-4cf1-aabc-b1c0027ea628,N/A,N/A,4525
b47eac47-d897-4ba7-ab06-8e642cc8efe8,78ef8af0-fd16-46b8-a5de-8d24b99638c8,25ad5579-f6a0-4f35-a0c9-0678b41e9dde,Križanke,1054
baab981f-b707-4b2e-8291-6175f7ceb255,d2e3d9f5-0203-49a4-8ea1-455e2434a347,N/A,N/A,4525
476b2caa-710a-47fe-9743-4d75d7ada5fb,40fcc1b9-2c42-4db8-bd48-d431efc8a3fd,fef200e9-4d98-425b-ab14-8110e2aa85d7,Drama,263
2d42d8e2-26a8-4a74-809c-f436d05c8a54,0614b134-0950-4f6b-bc8f-fb73a0881bc1,b905ae6a-f1e1-4057-8923-481902ed5a8e,Konzorcij,35
4e8ccfa1-b58c-4ee1-ad82-2e8a645071f3,712ee105-4fab-498a-af5c-496ca9830f5f,b905ae6a-f1e1-4057-8923-481902ed5a8e,Konzorcij,496
eb669f04-cfb6-4ea4-90c9-26eb551ecb45,557f714a-6f4a-4c98-8c5a-d74fa34b2adb,36d25599-0bed-48a0-bcb4-134be8a959fe,Emona,241
b829062a-2644-4350-b998-74522d9e85d8,1ceecd12-b005-4828-ad39-8f2aeb1ca228,6182f8e8-c45e-4606-b4a4-d909bd44d2cc,Gornji trg,472
0a4b6359-22f0-4caa-b4a8-f4edb97a0825,8a224b7d-24ae-4c7b-8318-f66ac8cc078b,fef200e9-4d98-425b-ab14-8110e2aa85d7,Drama,124
91fb6c6e-49cf-49d3-97d4-6ae228f9bfa1,c3188d8e-c2d3-40e5-acc2-14bef70a5ff4,bea274aa-277a-403d-ab2f-a0342b28882e,Križanke,616
3febe187-31d6-4229-be07-78ff782ca972,e74131c6-ac2f-477b-9693-10bb5ab9f24b,N/A,N/A,4525
9845a6f7-ba79-4f3d-b6ae-969651ef6001,7ba233b7-a50a-497d-8135-dd8dabf93ff5,a0b1fb90-3f6a-4231-910a-18be192ac762,Flajšmanova,29
df63651e-45ab-4487-9429-9e604415b35c,930fed8f-1d4d-40c6-9a3b-53697263a0f2,3429cda2-6047-453c-bf54-952dfa6674c0,Klinični center,62
bd001f58-6e58-49e9-877f-1fa36964fbc2,813b7c8c-5236-405a-bb0d-092a5d93c2a6,12618339-2c2d-49ec-b0e0-2517c11991f8,Mirje,483
98239279-bb80-4070-965c-dc87525019e2,cee2862b-9b70-4880-8fa3-16c6d2efae1b,484b5c91-1220-43ba-af79-84e712fcc46b,Slovenija avto,248
bbfc6d44-94da-4cfd-b22a-368a2b11ce20,d8289ab1-f65d-4b3d-8b4b-55ada004f023,a719a87c-4e93-4387-a6d1-2631a487f7e0,Ajdovščina,12
1632ee87-59dd-4367-bf10-9d13aa688e82,dd57f39b-be0f-479e-bc35-5bd2edf98ff2,f4cfd904-bd11-4247-95df-32c4555a930f,Klinični center,474
245bb1a4-ea6e-45b4-8331-b50983655326,52e5adea-e194-4fc1-809c-1d6421f8f8db,96d4c75b-6452-4c70-a31e-c234262ba38b,Veliki štradon,257
d119c3e9-7f2c-4d40-97a4-ccc6b4bb2951,0a4b6359-22f0-4caa-b4a8-f4edb97a0825,9bb1ed3b-5a6f-43c7-afaf-ba2b60ca1a7a,Aškerčeva,1373
505865ea-cdea-4042-bdb2-b2f4f03889cb,2388ce1f-c947-42d7-97f3-e01a7254c933,N/A,N/A,4525
12618339-2c2d-49ec-b0e0-2517c11991f8,02c61e3f-2d2e-4b42-b695-bbd3cc672f6b,5d7f28a6-2a2a-4333-aa06-48edfb652f86,Pošta,42
7f45fe9c-917a-4571-9a74-9e940cd84f3c,a0b1fb90-3f6a-4231-910a-18be192ac762,b905ae6a-f1e1-4057-8923-481902ed5a8e,Konzorcij,876
0b6960bb-2431-48c3-9e64-3cbf5c57ea96,923bd774-0651-4e0a-8624-3acfb7ecd5ff,aa42017d-812a-4175-bc9b-0fec03b18931,Ambrožev trg,74
8fbf17ab-413b-442c-9c6a-0eb8873a4755,d123fde4-aa91-49c3-83df-5ebf12af4e59,e66e813a-722d-40f8-9ee9-1470d07bc200,Tobačna,1527
7d579a55-27bc-49d0-a124-a5ed6233c55a,2fafda56-e44d-4e08-8503-90e6bf75e19d,e66e813a-722d-40f8-9ee9-1470d07bc200,Tobačna,444
5c9baa4c-9ee0-4263-be22-72f5a73c714d,15af3c66-ad74-4f41-92f7-92e2ff72a51d,bea274aa-277a-403d-ab2f-a0342b28882e,Križanke,540
4fddf4a7-ad4e-4630-a5ca-3267955db548,e90a68ac-02be-418f-8937-b9f1906274f2,N/A,N/A,4525
a2947722-2e6f-48dd-9c31-ff36356676fa,abc9fd26-5442-468b-93b6-4d5eb76d0f1f,fef200e9-4d98-425b-ab14-8110e2aa85d7,Drama,471
271db19a-744b-41a0-869d-0c3e0e2cb6bf,1a3351a1-563e-4174-b402-54bc0e2f5191,25ad5579-f6a0-4f35-a0c9-0678b41e9dde,Križanke,340
6559d555-672b-4633-8a81-0ae68fb963eb,78c69686-64ed-437c-83b5-0e28733ed70c,a719a87c-4e93-4387-a6d1-2631a487f7e0,Ajdovščina,1421
2beb7011-982a-4349-be22-addf1c3bdec7,ec88f05d-3035-4f09-8560-72571bc0b125,5d7f28a6-2a2a-4333-aa06-48edfb652f86,Pošta,746
12cfc2b3-f8ff-444b-8d5f-15855e45e331,258aeffc-294a-4919-bfb0-34f90dc19892,fef200e9-4d98-425b-ab14-8110e2aa85d7,Drama,218
845b482b-dba1-4313-a476-e772691689cf,4d57f6bd-7ba7-4f07-8aa1-ecac0b09e8db,b905ae6a-f1e1-4057-8923-481902ed5a8e,Konzorcij,1030
7558099b-08a3-43bc-8056-49bcc5900a03,97627b9b-fa2e-461a-97ea-a15df7599598,fef200e9-4d98-425b-ab14-8110e2aa85d7,Drama,1135
5a2def68-fa57-4002-a942-e39bc2a87688,ccccee29-6fc7-4a86-b492-7f36a8e817db,N/A,N/A,4525
278a9d60-64c7-4bfa-aad0-24068aa760af,ed50f692-09f9-409e-b7d6-05ff7711de6b,fcccf4af-4f16-4edc-ba5a-585c434593fe,ZD Polje,374
6182f8e8-c45e-4606-b4a4-d909bd44d2cc,0760a037-cd94-4936-89b6-45ce9bd19917,d72032c7-d4b0-4eee-a87c-593985a42266,Tobačna,119
17f7d178-41b3-41f9-a545-cbfc22a0a5f1,294c40c4-18e4-4d92-a947-911a8623de89,b905ae6a-f1e1-4057-8923-481902ed5a8e,Konzorcij,188
9e0942f3-2c18-4891-9b51-9d95cc43af7a,5c246f67-4431-4968-8d64-2ae4b823e360,a719a87c-4e93-4387-a6d1-2631a487f7e0,Ajdovščina,366
300f1367-4ba4-4416-90e4-caa8f33e9144,8a224b7d-24ae-4c7b-8318-f66ac8cc078b,9afb36ea-c2ae-4bbb-9644-3a6c65bb1c7d,Kino Šiška,1116
47a3bd8a-72ae-4e20-b43f-10bfaf49012c,125d4928-6b97-4a4b-af34-a2d1564c029c,c87db9be-1fba-4102-a743-0ee4317dd5af,Bavarski dvor,73
12cfc2b3-f8ff-444b-8d5f-15855e45e331,100da88e-4c5f-4188-bd11-d4f3fc80fb74,25ad5579-f6a0-4f35-a0c9-0678b41e9dde,Križanke,1183
a3aeed02-8e36-4cb0-bb08-25cc4afda164,71480129-1108-4659-bb1b-d62897a81d02,b905ae6a-f1e1-4057-8923-481902ed5a8e,Konzorcij,1467
9746f277-af08-4cce-92fa-41da5eca8ac2,f528b363-1484-456c-835b-1e08dc31ef8e,77dcd833-fa4d-4c5a-93b1-31284942e61d,Šišenska,165
2f18bcfa-6189-4de4-b06f-132d3392e7d6,784bebe9-c0c7-46eb-943d-0b1808ffd5ac,bea274aa-277a-403d-ab2f-a0342b28882e,Križanke,2480
ee03ecf6-db6d-4ecc-90cd-5b3afc8afb91,245bb1a4-ea6e-45b4-8331-b50983655326,fef200e9-4d98-425b-ab14-8110e2aa85d7,Drama,420
8d767444-3983-4409-bda1-d298b52c7bfe,2d42d8e2-26a8-4a74-809c-f436d05c8a54,9bb1ed3b-5a6f-43c7-afaf-ba2b60ca1a7a,Aškerčeva,109
d5735919-60bb-4720-a695-9f5155a4f109,9a938b49-ce1d-4e1c-a789-e316630ebc4f,bea274aa-277a-403d-ab2f-a0342b28882e,Križanke,85
a7177a3d-8db2-43fb-8910-f95857f0ed97,fd0e405e-d5e5-45fc-8911-e48a178ad4a9,N/A,N/A,4525
35aedf45-cca3-4f2f-931b-138d29d20fe9,f33b721f-a8a3-4aad-96f2-077da09ebaa6,7a52a73a-cc0e-4c61-b9bc-306157727e1c,Tržnica Moste,965
acedfed0-a3ba-4fa3-8cd6-910783961f0a,c1606675-dd38-4952-914b-6ca64fd56b7b,4062cd22-b67a-4235-9980-0178b7add592,Drama,1673
4afd573d-abb7-4209-9b28-5c34811eb3ef,363e4763-df83-4814-99d2-879d448d5910,bea274aa-277a-403d-ab2f-a0342b28882e,Križanke,132
06348c07-2fb0-4dfb-a938-aaef614a7f68,1907a46a-4559-43ec-8363-03fe35d30725,f073b9d9-a3e3-4d04-a209-0db55377b79e,Zmajski most,313
cce39cbe-6961-433a-a787-64fbf602f470,48c9ec48-2b87-4945-a077-808839f98e74,16578e36-c682-4083-bd29-4973445dc0fe,Gosposvetska,348
bb606ad8-8a10-4034-9862-60cc177d2455,786a15d4-dd6b-42bb-a5c9-6ce994b5be9e,a719a87c-4e93-4387-a6d1-2631a487f7e0,Ajdovščina,168
2edaabef-ed43-4b87-ba95-a5600c33250f,5e732249-14ec-4efe-bae1-7f9ca722f7ae,N/A,N/A,4525
845b482b-dba1-4313-a476-e772691689cf,aaedd82f-0c53-425d-92cf-96e50bd20518,b905ae6a-f1e1-4057-8923-481902ed5a8e,Konzorcij,464
d17294f3-5b6c-4313-9243-3f38557967cf,79325942-629a-4766-a34a-525f8edf8cc5,4062cd22-b67a-4235-9980-0178b7add592,Drama,305
ee095f27-439e-42e7-9e5c-e77b0903c31f,97d3e896-2af7-40f9-bfbf-59cf3fcbf93a,524d67dd-fbb0-4f6a-9199-f095123044ab,Kamna Gorica,1197
e90a68ac-02be-418f-8937-b9f1906274f2,c5527a65-5265-43de-b703-7c7d494d190c,N/A,N/A,4525
4a95f1f8-a457-4dcf-bd1f-6307d4300ea0,1aa7e441-8646-4d1d-88bd-ab004758ffc4,1536cb2e-acd3-49cb-8f06-bb8cd40c0c02,Bratov Babnik,239
53c3c8c9-2e64-4a8f-9afb-031b24c17d5a,41c8c7eb-62ef-45d8-b5b1-221dd3c0022c,a719a87c-4e93-4387-a6d1-2631a487f7e0,Ajdovščina,185
da623aed-094d-4c3c-9766-9f0aba0f40f6,8677848c-55dd-4af4-b275-3074a3ff4846,769b7bc7-4f95-4bb2-9c99-37ba8e8b4bd5,D. MOST P+R,129
216a26dc-11c2-432b-b099-0d55d508b7fa,e0bcd677-6012-4c90-a884-44dffafdffec,25ad5579-f6a0-4f35-a0c9-0678b41e9dde,Križanke,1263
48c9ec48-2b87-4945-a077-808839f98e74,524d67dd-fbb0-4f6a-9199-f095123044ab,bea274aa-277a-403d-ab2f-a0342b28882e,Križanke,1785
56dbd8ff-6ec8-4186-b46c-f74ddb5a304a,6739536d-b334-46c6-ae80-4890afac7985,fef200e9-4d98-425b-ab14-8110e2aa85d7,Drama,196
a12ab184-fb4b-449f-9884-88e0a1672e64,e3b51371-e289-45ef-83ca-1f4ffff25162,a12ab184-fb4b-449f-9884-88e0a1672e64,Tbilisijska,10
71480129-1108-4659-bb1b-d62897a81d02,da834a23-5697-49bb-b3a1-7f277c8206bc,e66e813a-722d-40f8-9ee9-1470d07bc200,Tobačna,1993
f958cead-e4c3-4743-834d-46de4a06a8c9,2e62f411-936d-4a10-96ed-2d8fe95d6d65,b905ae6a-f1e1-4057-8923-481902ed5a8e,Konzorcij,958
6340ea93-391e-45b9-94b0-56d1d7c87e20,3d0466c6-82f4-4a8e-ac5f-18d4dab794ac,5d7f28a6-2a2a-4333-aa06-48edfb652f86,Pošta,463
53c3c8c9-2e64-4a8f-9afb-031b24c17d5a,452bfd80-e8bd-470b-bc4a-981e1b37ffd7,25ad5579-f6a0-4f35-a0c9-0678b41e9dde,Križanke,180
8a5febd6-d44a-4c98-a221-46044548663d,dc6b96b1-d0fa-4d03-ac2b-8eba5bb97ba2,4062cd22-b67a-4235-9980-0178b7add592,Drama,345
1308dcf9-a9e1-4e54-95c9-0f2afaac889b,b4ffcb65-e60f-478d-806b-e7ae83f1a39d,a719a87c-4e93-4387-a6d1-2631a487f7e0,Ajdovščina,142
ae3f312a-4242-4a42-8df2-5990505a7747,d0790612-d161-4be4-953d-a7a0c33acf1e,4d216485-ef41-45e7-9182-0c254644955c,Sava,31
ba59baf4-dd00-40a5-80e7-3eee6b9d8b09,d5d15a80-243b-49d7-a616-b3c3fb39e8af,95eee7e8-237d-4410-a9bf-00c6f88129c1,Cukrarna,155
dfde6478-02b5-471b-a470-29cb0e84542f,24ab9d18-4fb9-4e7e-b48c-d5cdc9cd1305,fef200e9-4d98-425b-ab14-8110e2aa85d7,Drama,623
22c11486-1afa-491f-b9ab-162d88c8c44d,31e6db90-ba65-4c49-90c0-317fb92596b3,a719a87c-4e93-4387-a6d1-2631a487f7e0,Ajdovščina,393
10d57057-b305-4b7a-806b-3373014db962,3d0466c6-82f4-4a8e-ac5f-18d4dab794ac,8f56b058-1ae3-44f5-8600-4330f2264d78,Privoz,688
0ff94f7b-275b-4cc4-bb27-e00842f5ad87,b0d473cd-f35e-4a30-8d0d-70f16b92e8e8,fef200e9-4d98-425b-ab14-8110e2aa85d7,Drama,312
5d91512b-af7f-4bbe-9dde-17f402fbf590,ee7e3c65-72e8-465e-a9a3-a9370ec1f314,58cd6196-8ac4-4803-be8b-1c0d2fb52528,Kašeljska,10
d3a6cbf3-65f0-4db8-9a10-1460763eac8e,769b7bc7-4f95-4bb2-9c99-37ba8e8b4bd5,25ad5579-f6a0-4f35-a0c9-0678b41e9dde,Križanke,321
58cd6196-8ac4-4803-be8b-1c0d2fb52528,46a50a09-9bae-460b-a7b6-457d288c5a9f,N/A,N/A,4525
25ad5579-f6a0-4f35-a0c9-0678b41e9dde,dba19980-8ca1-4847-b9b5-8cd419374ae2,N/A,N/A,4525
022ef61f-a226-42e8-b11d-30cf9f9a6688,b5e26d7f-8a91-4360-9811-2e8e05d27382,9bb1ed3b-5a6f-43c7-afaf-ba2b60ca1a7a,Aškerčeva,485
b5e26d7f-8a91-4360-9811-2e8e05d27382,300f1367-4ba4-4416-90e4-caa8f33e9144,9bb1ed3b-5a6f-43c7-afaf-ba2b60ca1a7a,Aškerčeva,1001
91745353-dd19-49ee-beaf-332e546dcceb,48507e1a-32df-4552-9448-3b345760b75f,aa42017d-812a-4175-bc9b-0fec03b18931,Ambrožev trg,490
2d42d8e2-26a8-4a74-809c-f436d05c8a54,29589594-5959-4efb-8dda-7348e4e500a0,5d7f28a6-2a2a-4333-aa06-48edfb652f86,Pošta,234
bb995fbb-29c8-4035-9503-ae33320833a8,4f21a18a-3cb0-4c6c-bb92-e7c8945fac1c,a719a87c-4e93-4387-a6d1-2631a487f7e0,Ajdovščina,280
da623aed-094d-4c3c-9766-9f0aba0f40f6,7fad8003-fb10-489d-bf8d-6d433310ad90,769b7bc7-4f95-4bb2-9c99-37ba8e8b4bd5,D. MOST P+R,951
97627b9b-fa2e-461a-97ea-a15df7599598,aaedd82f-0c53-425d-92cf-96e50bd20518,087e50b6-7677-4a85-802f-5694266fe38b,Aškerčeva,393
befe0e87-b5fe-41ff-9a77-f65461eff28d,bff8345d-1b72-4b41-8b8d-cb8a5483a2e4,95eee7e8-237d-4410-a9bf-00c6f88129c1,Cukrarna,134
c93954aa-7aad-4fca-9f7a-721d37f0474e,7ea32e84-b8d9-498b-9f03-5a66990012b9,f4cfd904-bd11-4247-95df-32c4555a930f,Klinični center,217
8d5e4aed-59fb-47c9-8559-5bf11b7ddca0,1c0c01ee-6258-4328-9d01-489eb421a8d9,6a0b25cc-428e-47b5-831a-e89facfa7f26,Ziherlova,1484
db13a26e-19d4-4b8a-a78a-01ef25d58834,6edebb46-d04f-45c4-99a4-100f7f0b2660,7310c006-62b8-4f94-bb9c-d5c26cb3faad,Polje,1142
124ec397-421b-4737-bf71-09c9b1665a10,a112e799-e1b6-4dd2-b652-bd521dda7638,79325942-629a-4766-a34a-525f8edf8cc5,Podgora,89
277bc73c-e61d-4046-bcfd-31d6161c568e,eb43a68a-54a5-4a37-b090-1329e2b4d830,106bdc28-f0fe-4f13-b4ad-6c6a630550b5,Parmova,431
a4545f57-dab0-4ca0-9da3-5bc96d80f104,b7b7ac00-59bb-41eb-833d-ad309d24e68a,fef200e9-4d98-425b-ab14-8110e2aa85d7,Drama,1436
fef200e9-4d98-425b-ab14-8110e2aa85d7,c627c9f2-af02-4d83-969a-566719bb09e3,5d7f28a6-2a2a-4333-aa06-48edfb652f86,Pošta,1125
a8a92762-af25-42a7-98dd-9846f8b33e09,6182f8e8-c45e-4606-b4a4-d909bd44d2cc,N/A,N/A,4525
b2cf1f2c-3c77-4a23-891f-3cdbcda92f19,e2499103-6634-4d8e-87a8-68dc5ef6340c,a719a87c-4e93-4387-a6d1-2631a487f7e0,Ajdovščina,264
c0a064eb-b507-43c2-a6d2-0e9c5881f031,030363e5-99a3-401f-96db-a16a340ace21,e57aad1d-457e-401f-b26d-306b4fd836eb,Kašeljska,615
98f728a3-94a6-4911-98d7-64ab88097036,ab4e1412-1ac4-4864-8833-c1ddf48bec20,16578e36-c682-4083-bd29-4973445dc0fe,Gosposvetska,82
c326e479-ccc3-4915-8788-3fa189d0143e,4062cd22-b67a-4235-9980-0178b7add592,ecc4ae87-ae08-4b94-995c-452fdd94df7f,Privoz,142
258aeffc-294a-4919-bfb0-34f90dc19892,9cd1e7f8-8ccf-4469-bc25-25d138605c67,087e50b6-7677-4a85-802f-5694266fe38b,Aškerčeva,72
7b687edb-dc47-4b68-a13e-34713cababe9,4ac86a6a-874d-41a7-92a5-64ed733b7734,c5ec5e81-2ce4-452d-bd7a-595de4f8b34f,Prušnikova,115
ef4a63e8-d956-4f09-80bd-8e4699418652,51dbf10f-cf3b-4575-a8cc-d1080c1f9dde,N/A,N/A,4525
7484317c-269f-425f-8118-23eedab4e5f1,b0d473cd-f35e-4a30-8d0d-70f16b92e8e8,aa42017d-812a-4175-bc9b-0fec03b18931,Ambrožev trg,1218
3f37b298-896a-40be-b2f5-6fe8154756c4,7c149b59-2bc6-45cb-95c8-69e18a0db627,7fad8003-fb10-489d-bf8d-6d433310ad90,Nove Jarše,969
0fb83496-463c-4123-97c6-669efe614d26,aa113271-655f-423f-ad7e-4cfaba2eb739,3429cda2-6047-453c-bf54-952dfa6674c0,Klinični center,690
d9437903-d95a-49e6-9743-12b2b964e04c,6d344016-1b93-4ff7-80a8-8cde0b57bd1c,bea274aa-277a-403d-ab2f-a0342b28882e,Križanke,2605
ea9d5fa9-af5a-4d39-96fd-626415048511,9f6048f0-5c5e-4773-915e-4ee05d200e27,7d579a55-27bc-49d0-a124-a5ed6233c55a,Tacenski most,54
f73d3fb2-082c-4518-8af2-45de5490df4e,627be449-8b6a-40f4-a57c-09ccdacccb66,fef200e9-4d98-425b-ab14-8110e2aa85d7,Drama,737
dc6b96b1-d0fa-4d03-ac2b-8eba5bb97ba2,c5527a65-5265-43de-b703-7c7d494d190c,58cd6196-8ac4-4803-be8b-1c0d2fb52528,Kašeljska,840
4a90e424-11ab-43a8-b7e9-1c4f42fe2b7c,2388ce1f-c947-42d7-97f3-e01a7254c933,N/A,N/A,4525
4afd573d-abb7-4209-9b28-5c34811eb3ef,e2499103-6634-4d8e-87a8-68dc5ef6340c,b905ae6a-f1e1-4057-8923-481902ed5a8e,Konzorcij,295
f2fc2702-e9da-4c36-b6fc-9f52199e4574,b829062a-2644-4350-b998-74522d9e85d8,a719a87c-4e93-4387-a6d1-2631a487f7e0,Ajdovščina,366
3c143688-247f-41cc-960d-f5e37b874c3a,7a256ec6-bb93-47eb-af92-ea62941c1dc6,fef200e9-4d98-425b-ab14-8110e2aa85d7,Drama,752
5cc8a08d-c0af-491f-9a9c-b8b4f5f23bc0,cd2cdf5f-a758-494c-8b1f-2de4ac913723,N/A,N/A,4525
4ac86a6a-874d-41a7-92a5-64ed733b7734,ee7e3c65-72e8-465e-a9a3-a9370ec1f314,48e907fd-e868-47cd-8cac-74c7d4582944,Poljanska,738
6330ad8d-b582-4c92-bc7e-d3f206264f04,15bb8af1-183e-4ec8-81f7-1fc6e81beb30,79a5bacd-8b59-4d83-99e8-26e3c5b1490b,Osenjakova,190
c8e0086c-0cef-4375-a471-72f3ae1e34fc,53ec687a-6f0c-4bb7-b1b4-606e7dcfada9,c87db9be-1fba-4102-a743-0ee4317dd5af,Bavarski dvor,415
8e7a488b-cd48-4243-92b0-42792d0e3bc1,717c914e-f928-4671-95f6-26c1ddb95799,9bb1ed3b-5a6f-43c7-afaf-ba2b60ca1a7a,Aškerčeva,574
aee8e842-6083-48a7-b14f-cc3d112537bb,ef4a63e8-d956-4f09-80bd-8e4699418652,N/A,N/A,4525
8589e5d1-21b4-4210-ad7a-4bf91f9a715d,35dbaf26-2fa4-45c4-87fc-81d1ff13b005,edf94a12-03e9-4225-b6cc-aca0edf588a7,Šentvid,547
ff1f708c-989e-4cc5-8e75-02717b5f9744,fa96d420-d1af-4ad0-bf6a-4544deb1c5eb,fef200e9-4d98-425b-ab14-8110e2aa85d7,Drama,221
121b30dc-065b-4c76-aad2-a54a85c74d4d,a26d9a94-effb-45ab-a27f-74076e9e5bdd,54c591c0-7bbb-4489-9229-57b18f95827a,Stara cerkev,838
b4b30b45-445a-4f70-bdf5-5ea7cdc98583,6bc92f4c-414c-456b-9150-d58a7689d26e,087e50b6-7677-4a85-802f-5694266fe38b,Aškerčeva,397
d7d43617-ef41-4f9e-bbad-670d515d926a,b905ae6a-f1e1-4057-8923-481902ed5a8e,5d7f28a6-2a2a-4333-aa06-48edfb652f86,Pošta,200
7b822496-7ea4-4ce8-b78c-1d021c68a9ed,70c51140-f3ee-4c89-a6e2-ed74dab89148,12618339-2c2d-49ec-b0e0-2517c11991f8,Mirje,108
2ec182e2-769f-427f-b9b5-c4118890cb96,e9035f9a-28be-450a-a30c-7178134ff26b,e66e813a-722d-40f8-9ee9-1470d07bc200,Tobačna,423
124ec397-421b-4737-bf71-09c9b1665a10,1b3ddeca-a066-43ee-9ae5-8339628129c2,087e50b6-7677-4a85-802f-5694266fe38b,Aškerčeva,1488
03375155-45fb-4565-b392-2349fcb199ea,01d1f388-d915-4e9f-bc3d-4432a73a216e,dd57f39b-be0f-479e-bc35-5bd2edf98ff2,Bolnica,424
bdd68b01-e9a1-4270-be50-8b5c7bd39a1c,58cd6196-8ac4-4803-be8b-1c0d2fb52528,f073b9d9-a3e3-4d04-a209-0db55377b79e,Zmajski most,1666
3f996624-8134-4eec-9742-70111db659c1,5a06b853-39a7-479d-ac40-fafa659fd896,fef200e9-4d98-425b-ab14-8110e2aa85d7,Drama,526
9bb1ed3b-5a6f-43c7-afaf-ba2b60ca1a7a,f66a1f18-4c18-4317-b929-fb616cc7cebc,fef200e9-4d98-425b-ab14-8110e2aa85d7,Drama,621
bb995fbb-29c8-4035-9503-ae33320833a8,e3b51371-e289-45ef-83ca-1f4ffff25162,a719a87c-4e93-4387-a6d1-2631a487f7e0,Ajdovščina,2550
c297ac70-8f43-4fbc-a8a4-366ddb883a8d,459f82d2-cbe4-414b-b66b-0b794ea958ed,a719a87c-4e93-4387-a6d1-2631a487f7e0,Ajdovščina,74
68c65382-15dc-465c-96b5-7f27af9d4a63,72e6ae6e-bd4b-4946-a032-7ff9b8b41039,25ad5579-f6a0-4f35-a0c9-0678b41e9dde,Križanke,186
e66e813a-722d-40f8-9ee9-1470d07bc200,1632ee87-59dd-4367-bf10-9d13aa688e82,ff1f708c-989e-4cc5-8e75-02717b5f9744,Študentsko naselje,331
111b2cdc-67ca-47bc-a8eb-8a4c6a0674d9,f4c5028b-48a4-4d0e-a91c-81a858923ddd,b905ae6a-f1e1-4057-8923-481902ed5a8e,Konzorcij,188
7ea32e84-b8d9-498b-9f03-5a66990012b9,233daca5-913b-4e10-bf34-18b1c8c77019,25ad5579-f6a0-4f35-a0c9-0678b41e9dde,Križanke,384
a33e6b1f-de56-43aa-9a52-f7064636ab79,ea9d5fa9-af5a-4d39-96fd-626415048511,a769d1e9-8727-4190-b56c-5cdd8a49333d,Čerinova,1724
96d4c75b-6452-4c70-a31e-c234262ba38b,d5102041-8282-4c77-a593-edac0d0d4a34,07bad99d-070a-42f7-8766-d11d42152623,Prekmurska,1052
81b6f6ad-6dd6-4e3f-a0bd-754a65a3e57b,0eca6015-5429-4289-a76c-4ec9ef707e67,484b5c91-1220-43ba-af79-84e712fcc46b,Slovenija avto,1034
70c51140-f3ee-4c89-a6e2-ed74dab89148,2c46416a-d66e-469c-a342-898a93f5b2f0,a378ce5e-57ce-4c52-b219-568674b5cd5e,Gornji trg,860
fcccf4af-4f16-4edc-ba5a-585c434593fe,b7b7ac00-59bb-41eb-833d-ad309d24e68a,9bb1ed3b-5a6f-43c7-afaf-ba2b60ca1a7a,Aškerčeva,1954
0be237aa-4b91-4d2b-ac23-0cebac975a0d,d861c2ce-106a-4b95-a4fc-2af355c0bbf0,a719a87c-4e93-4387-a6d1-2631a487f7e0,Ajdovščina,96
249f3d10-f5f0-467b-8f60-f35fd62d9054,9e90940e-cf99-4112-87ec-7cbb6331509a,25ad5579-f6a0-4f35-a0c9-0678b41e9dde,Križanke,447
e4635b94-348c-4c69-be85-1160488e5e43,b5400e28-b0c3-4a02-9da2-084c465bd1d3,4062cd22-b67a-4235-9980-0178b7add592,Drama,139
627be449-8b6a-40f4-a57c-09ccdacccb66,5c246f67-4431-4968-8d64-2ae4b823e360,4062cd22-b67a-4235-9980-0178b7add592,Drama,518
105e10e7-fbab-4f99-94c9-178c25630b42,0760a037-cd94-4936-89b6-45ce9bd19917,5d7f28a6-2a2a-4333-aa06-48edfb652f86,Pošta,118
219086ca-bdcb-4092-bd82-3d372b9b73ce,379bc761-04b5-4227-be76-3b870fe3e69f,7310c006-62b8-4f94-bb9c-d5c26cb3faad,Polje,734
b2cf1f2c-3c77-4a23-891f-3cdbcda92f19,eb8e8d9a-a3d5-4ec1-9356-26e0e41912d1,a378ce5e-57ce-4c52-b219-568674b5cd5e,Gornji trg,196
2628b04b-eaf2-4c5a-b7ac-837237162783,95732ece-1658-4e11-9b5f-b6ae5552e638,bea274aa-277a-403d-ab2f-a0342b28882e,Križanke,917
9c17244c-0812-404b-b929-5cdc0591e421,2bf898b0-1247-4e84-87e2-2e044e580c8f,aa42017d-812a-4175-bc9b-0fec03b18931,Ambrožev trg,546
521edd75-c364-480a-af9e-a1c9815b6dd7,f4cfd904-bd11-4247-95df-32c4555a930f,16578e36-c682-4083-bd29-4973445dc0fe,Gosposvetska,35
60d91c8b-d5a9-4ef4-927c-e241bc31f81a,b4766c35-4ab9-4af3-aa76-1b1f40735685,4062cd22-b67a-4235-9980-0178b7add592,Drama,97
e3b51371-e289-45ef-83ca-1f4ffff25162,9ab2717b-1396-4885-bb5b-9857d7195d0d,25ad5579-f6a0-4f35-a0c9-0678b41e9dde,Križanke,279
30cf2ed7-2cf0-4764-ab64-78206968d5ba,71480129-1108-4659-bb1b-d62897a81d02,aa42017d-812a-4175-bc9b-0fec03b18931,Ambrožev trg,608
47283e27-c588-411c-9303-30a6f0beeaef,627be449-8b6a-40f4-a57c-09ccdacccb66,b905ae6a-f1e1-4057-8923-481902ed5a8e,Konzorcij,334
b47eac47-d897-4ba7-ab06-8e642cc8efe8,f4c5028b-48a4-4d0e-a91c-81a858923ddd,fef200e9-4d98-425b-ab14-8110e2aa85d7,Drama,276
98f728a3-94a6-4911-98d7-64ab88097036,2896bfa8-0586-4ed1-8d93-c5c6e1ff3d72,98fa3880-5936-4ec8-ba04-39c7ff9a0e6a,Stara cerkev,1142
5b2cb528-ba33-461a-aee5-54e2ed8c3758,294c40c4-18e4-4d92-a947-911a8623de89,N/A,N/A,4525
e57aad1d-457e-401f-b26d-306b4fd836eb,6324e337-5778-492a-9e9c-57e3ad5c4710,b829062a-2644-4350-b998-74522d9e85d8,Lutkovno gl.,128
33613e0e-f41c-4cee-804a-3942bf698e3e,86a75ffc-a78f-401f-8991-2eb0371417b2,a719a87c-4e93-4387-a6d1-2631a487f7e0,Ajdovščina,222
e468b92f-fa4a-4819-bb11-37761deaf4ca,8375ab17-e389-42b2-9b88-0210a049e321,38b3abed-0592-407b-96c3-85a026f2e192,Dalmatinova,838
505865ea-cdea-4042-bdb2-b2f4f03889cb,caac4c1a-13e4-4afa-b467-65d90a8fbd44,cee2862b-9b70-4880-8fa3-16c6d2efae1b,AMZS,643
c20233f2-94bc-4c21-9d2a-9b129b668487,13d6dac7-dc00-416e-a8c0-0d6967e4014e,c124f317-217b-4b89-9597-393843de4f81,Nusdorferjeva,291
dfde6478-02b5-471b-a470-29cb0e84542f,45754ca7-bffd-4bcf-96df-952e59574dde,cab36767-e95a-4f60-978e-92490f2517b2,Hrvatski trg,1162
e3b51371-e289-45ef-83ca-1f4ffff25162,e1e80207-5c23-47c0-a63a-121003b22807,b905ae6a-f1e1-4057-8923-481902ed5a8e,Konzorcij,369
c568fe2e-477f-4af2-ad68-cb8111f361d0,dc7b6fb3-15db-4c7e-9fa1-424943178ce6,bea274aa-277a-403d-ab2f-a0342b28882e,Križanke,201
a26d9a94-effb-45ab-a27f-74076e9e5bdd,9583dbdd-06fd-411e-88dd-af8f89e2caaa,5d7f28a6-2a2a-4333-aa06-48edfb652f86,Pošta,912
d50b2bdb-481b-4e58-ada6-47a028fc6382,cf5259af-d324-497e-b508-84fe92961eb1,N/A,N/A,4525
79d89180-8b07-4127-b7b4-1ac03d1cee9f,41489be9-b3b7-4cbe-90f8-af1a435b2676,25ad5579-f6a0-4f35-a0c9-0678b41e9dde,Križanke,274
a719a87c-4e93-4387-a6d1-2631a487f7e0,7c390857-8fc7-49b5-9c9d-e5535d360148,N/A,N/A,4525
7c149b59-2bc6-45cb-95c8-69e18a0db627,81b6f6ad-6dd6-4e3f-a0bd-754a65a3e57b,25ad5579-f6a0-4f35-a0c9-0678b41e9dde,Križanke,257
093afa81-b65f-4182-bac3-afbc00558a9b,e26da28a-b9c3-41b8-b57f-87b289b38e08,fef200e9-4d98-425b-ab14-8110e2aa85d7,Drama,1245
0c3a77a7-d9eb-45c7-b722-1fafde29129c,8589e5d1-21b4-4210-ad7a-4bf91f9a715d,a719a87c-4e93-4387-a6d1-2631a487f7e0,Ajdovščina,165
0eca6015-5429-4289-a76c-4ec9ef707e67,dc6b96b1-d0fa-4d03-ac2b-8eba5bb97ba2,f33b721f-a8a3-4aad-96f2-077da09ebaa6,Razstavišče,547
acedfed0-a3ba-4fa3-8cd6-910783961f0a,53806659-b339-4e68-af4a-4325c16b6026,4062cd22-b67a-4235-9980-0178b7add592,Drama,1255
61926b26-d777-483f-ae79-86766c48793b,1aa7e441-8646-4d1d-88bd-ab004758ffc4,c87db9be-1fba-4102-a743-0ee4317dd5af,Bavarski dvor,532
5881f75e-9383-49b0-811d-04c864ba1605,ad8a76cf-4386-44b3-9156-490c502e4bc4,3429cda2-6047-453c-bf54-952dfa6674c0,Klinični center,512
1308dcf9-a9e1-4e54-95c9-0f2afaac889b,441545fb-7a0c-4555-aea8-01cbe6c14ea3,bea274aa-277a-403d-ab2f-a0342b28882e,Križanke,1021
47283e27-c588-411c-9303-30a6f0beeaef,1907a46a-4559-43ec-8363-03fe35d30725,fef200e9-4d98-425b-ab14-8110e2aa85d7,Drama,320
9cc88862-270a-409a-b450-e0003c7930af,a12cff7f-91e5-4f1e-be40-1a9b34ae792a,fef200e9-4d98-425b-ab14-8110e2aa85d7,Drama,711
fac22b83-1bc0-4c12-8533-485b115409ef,f15ddf31-fc11-41ba-988d-376c83e38f58,d72032c7-d4b0-4eee-a87c-593985a42266,Tobačna,1823
c86d5f37-52ee-4e3a-99b5-b9554118c4d5,5a89967e-5654-49f6-84ca-59f7f9035444,9bb1ed3b-5a6f-43c7-afaf-ba2b60ca1a7a,Aškerčeva,759
995cbd67-507b-4c32-b794-0ff48e0a3de9,2896bfa8-0586-4ed1-8d93-c5c6e1ff3d72,fef200e9-4d98-425b-ab14-8110e2aa85d7,Drama,1590
cb05ea76-5fc1-4162-b432-a914b63604d0,12304b99-9a07-485a-a101-eaca90495d48,087e50b6-7677-4a85-802f-5694266fe38b,Aškerčeva,2071
592b37eb-8255-4758-ae8a-7cef98521013,154f3596-bbbb-4038-9ad7-c4b8b5288a02,fef200e9-4d98-425b-ab14-8110e2aa85d7,Drama,1143
21a5f1e3-8ac0-4023-95ca-0a3ff54099aa,f496ecc3-28fe-4361-9da8-428bbf3bd672,2628b04b-eaf2-4c5a-b7ac-837237162783,Na Žalah,211
4ca7ae7e-380b-45e3-81de-00ffab5bb531,6d344016-1b93-4ff7-80a8-8cde0b57bd1c,f4cfd904-bd11-4247-95df-32c4555a930f,Klinični center,530
5bc3addd-b076-4c60-b850-39f90e674b75,727cab27-5e8e-4c5e-ba27-449822a45ee7,bd1396f2-4dc8-4695-9bf1-c601157100d8,Preglov trg,627
f174a648-9e84-492d-9ccd-0756b49c773b,edc8bf1d-d4f1-4c5b-8112-e4fa71a02bae,0be237aa-4b91-4d2b-ac23-0cebac975a0d,Cankarjev dom,141
277bc73c-e61d-4046-bcfd-31d6161c568e,25ad5579-f6a0-4f35-a0c9-0678b41e9dde,e7789f42-0ad7-44d1-974b-42a3f4957291,Strelišče,481
9e0942f3-2c18-4891-9b51-9d95cc43af7a,4afd573d-abb7-4209-9b28-5c34811eb3ef,7962e05c-ad8c-43e4-9db4-4b90f0c94596,Murgle,1199
e57aad1d-457e-401f-b26d-306b4fd836eb,30c30bf5-75c4-4dc0-995f-4679ef54d37c,bea274aa-277a-403d-ab2f-a0342b28882e,Križanke,618
5c9baa4c-9ee0-4263-be22-72f5a73c714d,f5e84751-7377-402c-974c-53276e422e70,8c7fa045-888b-46d0-8189-6f82623bf481,Poljanska,181
192b7b6a-b138-4569-a4f3-86bef6b20810,bea274aa-277a-403d-ab2f-a0342b28882e,5d7f28a6-2a2a-4333-aa06-48edfb652f86,Pošta,568
3d8122ff-0840-4811-a5ad-c4702fc70269,9c17244c-0812-404b-b929-5cdc0591e421,f1b7471e-db71-49da-846d-1232cb3e8f8f,Rožna dolina,5
a8af1032-30bf-4f7b-a921-28d2f712fd24,ab0d4ded-a428-4133-a6c8-0f2caac0a5ae,bea274aa-277a-403d-ab2f-a0342b28882e,Križanke,274
6c56976b-4ae1-429f-bcab-0cfc37e3580d,9e109242-5aad-4fb7-b0c8-576eef8aa4e0,6182f8e8-c45e-4606-b4a4-d909bd44d2cc,Gornji trg,616
06e4802d-2c96-4556-bd95-35e0a2bb030c,5930b5fe-26e2-4b69-bd1e-cdea021a0ab4,N/A,N/A,4525
a4545f57-dab0-4ca0-9da3-5bc96d80f104,b9edd39a-4f64-4553-869e-bb77e617b9b8,b905ae6a-f1e1-4057-8923-481902ed5a8e,Konzorcij,965
7bcbdcaa-00b9-47d4-8982-09da26cd7bcb,156a6f62-9a67-4cf0-ad56-85a343c77cd2,7a52a73a-cc0e-4c61-b9bc-306157727e1c,Tržnica Moste,813
ef4a63e8-d956-4f09-80bd-8e4699418652,2edaabef-ed43-4b87-ba95-a5600c33250f,N/A,N/A,4525
1b0f629f-acdb-4e94-8c54-018f4334ebf7,6739536d-b334-46c6-ae80-4890afac7985,4062cd22-b67a-4235-9980-0178b7add592,Drama,215
ec88f05d-3035-4f09-8560-72571bc0b125,9a938b49-ce1d-4e1c-a789-e316630ebc4f,25ad5579-f6a0-4f35-a0c9-0678b41e9dde,Križanke,171
258aeffc-294a-4919-bfb0-34f90dc19892,278a9d60-64c7-4bfa-aad0-24068aa760af,b905ae6a-f1e1-4057-8923-481902ed5a8e,Konzorcij,583
c627c9f2-af02-4d83-969a-566719bb09e3,29096931-9d98-487f-bd0a-b0767611e561,5d7f28a6-2a2a-4333-aa06-48edfb652f86,Pošta,654
b8533150-cf69-441a-8fc4-18f39cbef16b,d4d4230a-5247-4071-baa4-463321d9d934,0e79ef8c-f692-4e29-a37e-4a81cbb3d410,Vič Glince,1604
fb0042f8-d9e2-4916-b60a-38a026acf0c9,4afd573d-abb7-4209-9b28-5c34811eb3ef,9b0074d2-2c92-4c01-830b-00be8e05b412,Cukrarna,937
c70ad4c4-6c37-4f31-83aa-921dc8bc15a4,6bc92f4c-414c-456b-9150-d58a7689d26e,5d7f28a6-2a2a-4333-aa06-48edfb652f86,Pošta,310
17f7d178-41b3-41f9-a545-cbfc22a0a5f1,447a37f6-2be6-45a3-8ae0-6982aa53cafb,12618339-2c2d-49ec-b0e0-2517c11991f8,Mirje,673
271db19a-744b-41a0-869d-0c3e0e2cb6bf,dac8d2a7-89e4-4aec-948d-00db4833ce7c,cab36767-e95a-4f60-978e-92490f2517b2,Hrvatski trg,2237
9845a6f7-ba79-4f3d-b6ae-969651ef6001,78ef8af0-fd16-46b8-a5de-8d24b99638c8,12618339-2c2d-49ec-b0e0-2517c11991f8,Mirje,1197
24df120e-0d0c-4353-8dda-c7ef0dc3dd5c,f0661242-947b-4937-a9ce-d2a135cd62a7,5cc8a08d-c0af-491f-9a9c-b8b4f5f23bc0,BTC-Emporium,79
c6eab761-36e0-4bf8-88ed-48e594ed375b,7f45fe9c-917a-4571-9a74-9e940cd84f3c,25ad5579-f6a0-4f35-a0c9-0678b41e9dde,Križanke,1132
fb7704f0-d31e-4561-83e4-621a8c62654b,2388ce1f-c947-42d7-97f3-e01a7254c933,N/A,N/A,4525
5293859e-2ea2-4ad3-9781-884672606464,4ec1b435-1683-4cd7-a4d0-688cc9f3b603,25ad5579-f6a0-4f35-a0c9-0678b41e9dde,Križanke,1269
47a3bd8a-72ae-4e20-b43f-10bfaf49012c,2c46416a-d66e-469c-a342-898a93f5b2f0,5d7f28a6-2a2a-4333-aa06-48edfb652f86,Pošta,905
548dbdee-83b0-497b-acc1-e15b34899d42,33613e0e-f41c-4cee-804a-3942bf698e3e,023d7b7a-b411-4e61-8746-b07f9e5c8f90,Ambrožev trg,403
2a7d32ca-24a1-41ac-a273-0cbcdec59336,9e109242-5aad-4fb7-b0c8-576eef8aa4e0,9b85d4b0-c594-4e0e-9ce2-d0986256c270,Tavčarjeva,497
117abbb4-5575-4020-aac4-2048f8d34b50,1eadcdb9-60cd-47c9-8eec-527c3465a685,fef200e9-4d98-425b-ab14-8110e2aa85d7,Drama,1168
9b85d4b0-c594-4e0e-9ce2-d0986256c270,45303500-8b0e-4779-9abd-433b5f8b2838,a719a87c-4e93-4387-a6d1-2631a487f7e0,Ajdovščina,1314
f2bac6f5-5bbc-4f15-acdd-014d86770ce9,2ec182e2-769f-427f-b9b5-c4118890cb96,4062cd22-b67a-4235-9980-0178b7add592,Drama,1097
70bba1e8-3ea8-46fe-ace3-f75b04e37605,0d50a4a8-a88d-4468-b562-73e51937e1c5,e66e813a-722d-40f8-9ee9-1470d07bc200,Tobačna,468
d27a7320-71d6-48bc-a4f5-0f3e239575b8,b2dd1684-0848-40f7-b10e-8f74bb005f2f,N/A,N/A,4525
4d57f6bd-7ba7-4f07-8aa1-ecac0b09e8db,5c15a390-36b6-47a9-9d84-0c7160157c1d,79a5bacd-8b59-4d83-99e8-26e3c5b1490b,Osenjakova,301
144ab380-6586-43ce-b216-2e66362b6eca,5560d06d-4058-473e-abba-099b05d7cf07,41489be9-b3b7-4cbe-90f8-af1a435b2676,Orlova,459
5c38ad77-8124-42b3-810f-04703daec8b4,30e58784-86f6-4d93-8630-3cc3fc93c6f3,a719a87c-4e93-4387-a6d1-2631a487f7e0,Ajdovščina,1210
2838f674-f6e9-4eb5-a99c-1d0ac7903ca1,5b2cb528-ba33-461a-aee5-54e2ed8c3758,N/A,N/A,4525
5930b5fe-26e2-4b69-bd1e-cdea021a0ab4,1f9fad8e-d59c-494c-bdd1-1983afacb755,9bb1ed3b-5a6f-43c7-afaf-ba2b60ca1a7a,Aškerčeva,393
aa9cc3b9-7c6c-4e45-b91a-1e0494fbf15e,a7af0c5d-2297-40e2-a6e0-506f6aadba0a,d5102041-8282-4c77-a593-edac0d0d4a34,Cukrarna,836
ba846253-4c87-4120-8f1c-05a563bf3999,78c69686-64ed-437c-83b5-0e28733ed70c,25ad5579-f6a0-4f35-a0c9-0678b41e9dde,Križanke,525
6afef238-01cd-4ad0-859d-2056b5d4a63f,1faa072c-478b-4656-8df3-84167a9a4bbb,a719a87c-4e93-4387-a6d1-2631a487f7e0,Ajdovščina,3005
8375ab17-e389-42b2-9b88-0210a049e321,6d2a7c2e-5938-433e-a691-b9bc28767675,a719a87c-4e93-4387-a6d1-2631a487f7e0,Ajdovščina,470
bb995fbb-29c8-4035-9503-ae33320833a8,29336b94-2382-46dd-b2e6-4590dd689640,4062cd22-b67a-4235-9980-0178b7add592,Drama,332
5c246f67-4431-4968-8d64-2ae4b823e360,05bd4cbd-b014-4cfd-8ca9-3c82b0a59114,13ceaf6c-9650-45c3-b449-64a0e5094d18,Murkova,1528
98a75a4c-0ef8-4efa-8f0a-384fe8eafce0,edc8bf1d-d4f1-4c5b-8112-e4fa71a02bae,a378ce5e-57ce-4c52-b219-568674b5cd5e,Gornji trg,345
f07c916c-6fc6-4acf-a334-0ab0d3c4f57f,7ba233b7-a50a-497d-8135-dd8dabf93ff5,087e50b6-7677-4a85-802f-5694266fe38b,Aškerčeva,1183
6e7cab20-d7e3-474f-9a5e-f1e0ca6fae53,9cfac7e2-9653-4e52-a6d3-27756d27f817,087e50b6-7677-4a85-802f-5694266fe38b,Aškerčeva,950
4c277b3f-c427-404b-ace3-2cd51656318f,aa42017d-812a-4175-bc9b-0fec03b18931,aa42017d-812a-4175-bc9b-0fec03b18931,Ambrožev trg,194
32abc648-685c-47b0-bbc4-203371ec2699,8648bfde-9b0f-4a64-aced-fe63aa923879,a719a87c-4e93-4387-a6d1-2631a487f7e0,Ajdovščina,2025
4e8ccfa1-b58c-4ee1-ad82-2e8a645071f3,98f728a3-94a6-4911-98d7-64ab88097036,5fa77d25-e7a3-42db-8cc9-52b612d5de19,Preglov trg,238
de80f5fd-4572-4bb6-9e21-9860f5fa6b24,f088dbda-3ab0-43c5-bcdf-c727725c05be,a719a87c-4e93-4387-a6d1-2631a487f7e0,Ajdovščina,680
6e7cab20-d7e3-474f-9a5e-f1e0ca6fae53,108e7dc8-ca5d-4c91-9414-32a32a31b69a,N/A,N/A,4525
666e98e1-4a23-4204-a3e6-99110f8b3153,d7384760-d854-492d-87af-f342cab37fc1,fef200e9-4d98-425b-ab14-8110e2aa85d7,Drama,506
ad8a76cf-4386-44b3-9156-490c502e4bc4,8b5f91a6-23b7-4786-96f9-a80c6d668e18,b905ae6a-f1e1-4057-8923-481902ed5a8e,Konzorcij,748
cec37fa8-0d4a-4e80-a259-2fa91b68463d,96d4c75b-6452-4c70-a31e-c234262ba38b,02c61e3f-2d2e-4b42-b695-bbd3cc672f6b,Leskoškova,221
76ec8af8-07c2-4d44-b0d8-a439d381913f,7c37b809-4d6d-497c-a53d-38663e91c088,b905ae6a-f1e1-4057-8923-481902ed5a8e,Konzorcij,156
1f9fad8e-d59c-494c-bdd1-1983afacb755,3c6ebf90-c611-4535-b2b0-22fba3f7649a,4062cd22-b67a-4235-9980-0178b7add592,Drama,99
1035c6f7-304e-4329-a3b2-4eb5d985a577,c93954aa-7aad-4fca-9f7a-721d37f0474e,a719a87c-4e93-4387-a6d1-2631a487f7e0,Ajdovščina,1122
f528b363-1484-456c-835b-1e08dc31ef8e,b4766c35-4ab9-4af3-aa76-1b1f40735685,fef200e9-4d98-425b-ab14-8110e2aa85d7,Drama,499
6a774daa-3547-4128-b304-aa2d17d4391a,3fbf6322-fb74-4a50-a81a-bfca73abc26b,a719a87c-4e93-4387-a6d1-2631a487f7e0,Ajdovščina,454
567980fa-7783-411d-9c67-55b44d753880,af2956ba-d922-4ec4-bfa7-b623c29e8b3e,16578e36-c682-4083-bd29-4973445dc0fe,Gosposvetska,69
5d91512b-af7f-4bbe-9dde-17f402fbf590,da9650a3-6ec7-4cdb-95f2-a68851587dfc,6559d555-672b-4633-8a81-0ae68fb963eb,ZD POLJE,227
639551cf-fe23-4363-8ccd-655bc5d4119e,8441d439-8d1d-40b8-b3d5-7b9c56848b43,4062cd22-b67a-4235-9980-0178b7add592,Drama,1184
5be3b187-5735-4444-bee7-0665f60e6c83,4a95f1f8-a457-4dcf-bd1f-6307d4300ea0,25ad5579-f6a0-4f35-a0c9-0678b41e9dde,Križanke,241
94c6598b-7303-42e1-94d5-156d7a25f630,b56664c0-1dc1-42c5-b10b-52c3fb0dd042,5d7f28a6-2a2a-4333-aa06-48edfb652f86,Pošta,15
4d2fc228-0628-4897-8d77-3e71d500d36d,da9650a3-6ec7-4cdb-95f2-a68851587dfc,c124f317-217b-4b89-9597-393843de4f81,Nusdorferjeva,531
d83ec579-9ab5-4e30-bedd-86613c234abd,0b90d258-764d-4c06-aab0-7074dbd54182,7c149b59-2bc6-45cb-95c8-69e18a0db627,Rusjanov trg,235
05bd4cbd-b014-4cfd-8ca9-3c82b0a59114,163da3ae-0ab9-480e-b72d-16357e0a9061,a719a87c-4e93-4387-a6d1-2631a487f7e0,Ajdovščina,471
f11e48f8-4133-4c36-a36f-73b4f33d9592,da623aed-094d-4c3c-9766-9f0aba0f40f6,e66e813a-722d-40f8-9ee9-1470d07bc200,Tobačna,268
6d2a7c2e-5938-433e-a691-b9bc28767675,5293859e-2ea2-4ad3-9781-884672606464,9b0074d2-2c92-4c01-830b-00be8e05b412,Cukrarna,172
d6ae97e7-23b5-48d6-a9fa-2a2624e9f434,6459bd02-d8f8-413e-9402-10b916f09a4f,087e50b6-7677-4a85-802f-5694266fe38b,Aškerčeva,313
abc9fd26-5442-468b-93b6-4d5eb76d0f1f,52e5adea-e194-4fc1-809c-1d6421f8f8db,d5102041-8282-4c77-a593-edac0d0d4a34,Cukrarna,365
295616c0-387b-4f60-a337-7743cd6be04e,e9382efd-d64d-46b0-9a7d-a4e6a0188725,38b3abed-0592-407b-96c3-85a026f2e192,Dalmatinova,106
bdd68b01-e9a1-4270-be50-8b5c7bd39a1c,dfde6478-02b5-471b-a470-29cb0e84542f,b905ae6a-f1e1-4057-8923-481902ed5a8e,Konzorcij,434
245bb1a4-ea6e-45b4-8331-b50983655326,7ba233b7-a50a-497d-8135-dd8dabf93ff5,1f9fad8e-d59c-494c-bdd1-1983afacb755,Kodrova,1051
7ad774b6-172a-401b-b186-358aa2d560a2,cb05ea76-5fc1-4162-b432-a914b63604d0,aa42017d-812a-4175-bc9b-0fec03b18931,Ambrožev trg,270
9e0942f3-2c18-4891-9b51-9d95cc43af7a,26ec9924-5586-4fd5-8b20-63f2d0a38d44,fef200e9-4d98-425b-ab14-8110e2aa85d7,Drama,953
7c390857-8fc7-49b5-9c9d-e5535d360148,16ae0a39-ff9a-4aee-88b5-34502255fab4,N/A,N/A,4525
b589ddd3-5a31-4fe1-915f-44347b4c0a1a,3d8122ff-0840-4811-a5ad-c4702fc70269,639551cf-fe23-4363-8ccd-655bc5d4119e,Zmajski most,675
1632ee87-59dd-4367-bf10-9d13aa688e82,524d67dd-fbb0-4f6a-9199-f095123044ab,7310c006-62b8-4f94-bb9c-d5c26cb3faad,Polje,609
2ec182e2-769f-427f-b9b5-c4118890cb96,baab981f-b707-4b2e-8291-6175f7ceb255,318d4398-e152-498b-b4ff-1344c67adba6,Razstavišče,69
298fea2e-c58b-4d99-9350-2420c718d2cc,d2f9bbec-4b03-49a8-af83-afe65fe07a0e,b905ae6a-f1e1-4057-8923-481902ed5a8e,Konzorcij,334
b2cf1f2c-3c77-4a23-891f-3cdbcda92f19,3f01eb40-651e-4fad-aff9-2ee27f259f64,c87db9be-1fba-4102-a743-0ee4317dd5af,Bavarski dvor,991
87415b6b-7e7f-4b82-b78f-ef1a7db85282,ab0d4ded-a428-4133-a6c8-0f2caac0a5ae,9b0074d2-2c92-4c01-830b-00be8e05b412,Cukrarna,762
35dbaf26-2fa4-45c4-87fc-81d1ff13b005,1c0ae078-cca7-40c8-aeda-1187a12ddfee,fef200e9-4d98-425b-ab14-8110e2aa85d7,Drama,512
8589e5d1-21b4-4210-ad7a-4bf91f9a715d,f2fc2702-e9da-4c36-b6fc-9f52199e4574,36d25599-0bed-48a0-bcb4-134be8a959fe,Emona,1652
ca575a45-9c95-4348-9245-8c75f70130b3,15bb8af1-183e-4ec8-81f7-1fc6e81beb30,N/A,N/A,4525
83a62071-0161-47a2-b745-eafb5e945632,ba846253-4c87-4120-8f1c-05a563bf3999,639551cf-fe23-4363-8ccd-655bc5d4119e,Zmajski most,543
bb1ac8b9-5cb2-49f2-8d5c-d7fe4afdd5dd,352f5cae-25c9-41c5-ab70-268bf64107f0,dfde6478-02b5-471b-a470-29cb0e84542f,Slovenija avto,1107
e0bcd677-6012-4c90-a884-44dffafdffec,26ec9924-5586-4fd5-8b20-63f2d0a38d44,7bcbdcaa-00b9-47d4-8982-09da26cd7bcb,Zaloška,469
2d42d8e2-26a8-4a74-809c-f436d05c8a54,9c17244c-0812-404b-b929-5cdc0591e421,fef200e9-4d98-425b-ab14-8110e2aa85d7,Drama,118
f2b27cbd-5207-4281-8f67-6369d0c50a9b,5de84f88-3f32-4636-8c30-03cc267ecf37,4062cd22-b67a-4235-9980-0178b7add592,Drama,165
fcfe6ac9-74b3-4c13-96b7-6041f1454813,95be8f74-3ed5-4cf1-aabc-b1c0027ea628,N/A,N/A,4525
df973089-967d-4446-916c-260e9e8fec83,1eadcdb9-60cd-47c9-8eec-527c3465a685,5d7f28a6-2a2a-4333-aa06-48edfb652f86,Pošta,571
277bc73c-e61d-4046-bcfd-31d6161c568e,eee4abae-e720-4776-b6c7-0099d0119246,b905ae6a-f1e1-4057-8923-481902ed5a8e,Konzorcij,1308
ea9d5fa9-af5a-4d39-96fd-626415048511,d0790612-d161-4be4-953d-a7a0c33acf1e,4062cd22-b67a-4235-9980-0178b7add592,Drama,817
093afa81-b65f-4182-bac3-afbc00558a9b,bd1396f2-4dc8-4695-9bf1-c601157100d8,eb165f50-9c43-4b09-9658-469a16d3dc83,Kodeljevo,794
d07152fd-014c-481b-a5f2-8949066499e8,2f874852-bc80-4ff3-b6bf-a914e31251c8,N/A,N/A,4525
12304b99-9a07-485a-a101-eaca90495d48,5930b5fe-26e2-4b69-bd1e-cdea021a0ab4,48e907fd-e868-47cd-8cac-74c7d4582944,Poljanska,576
c6dd10bd-c21f-4a0c-9c7d-99e488a173d4,28248670-5e08-4de2-8eab-e63933c0d61d,25ad5579-f6a0-4f35-a0c9-0678b41e9dde,Križanke,295
216a26dc-11c2-432b-b099-0d55d508b7fa,2e6c059c-0305-47bb-9ca8-00a2123039e9,25ad5579-f6a0-4f35-a0c9-0678b41e9dde,Križanke,238
169789c5-0251-47a6-800a-74ff3dffe04d,2a7d32ca-24a1-41ac-a273-0cbcdec59336,a378ce5e-57ce-4c52-b219-568674b5cd5e,Gornji trg,310
a12cff7f-91e5-4f1e-be40-1a9b34ae792a,2f18bcfa-6189-4de4-b06f-132d3392e7d6,7310c006-62b8-4f94-bb9c-d5c26cb3faad,Polje,157
3f996624-8134-4eec-9742-70111db659c1,70231f13-be88-4e3a-a89a-5b4f436984d2,1b3ddeca-a066-43ee-9ae5-8339628129c2,Žale,425
f8da5156-e545-47ed-a811-2242f41f5593,befe0e87-b5fe-41ff-9a77-f65461eff28d,67c3adc1-a92d-4528-91ee-77d8b52574c6,Poliklinika,221
0334e79e-7a89-44e9-a463-5af813e64a40,2d6504e9-c938-417e-9b55-32d6514bc744,295616c0-387b-4f60-a337-7743cd6be04e,Bavarski dvor,673
5c15a390-36b6-47a9-9d84-0c7160157c1d,1b3d51e8-8b5e-4b31-a63e-9d665243c2f1,25ad5579-f6a0-4f35-a0c9-0678b41e9dde,Križanke,1899
d08c4884-9764-447f-9b79-0ef7a645222f,4038e02e-f22f-4af0-ba4f-7aab855b53af,25ad5579-f6a0-4f35-a0c9-0678b41e9dde,Križanke,322
1f4702d4-6b02-4ad3-aa9b-118ff9aa3474,461045f0-a82c-45c0-af66-71b25f3f0e1a,10d57057-b305-4b7a-806b-3373014db962,Nadgorica,2
4ca9e64c-29ad-4391-a6f2-7e1ae022d5bf,3d9e90f6-2b67-4f24-9cc4-7c2063a08410,e0c253d0-1de7-4add-ac75-8b16151fa462,Dobrunje,1397
b8533150-cf69-441a-8fc4-18f39cbef16b,f5dc05ab-b5cf-4f25-a85b-f346876311cb,b59656a4-b6e7-4b87-977c-078c59088a50,Hajdrihova,173
2cde6efe-5f53-44aa-8018-76f0ea2c86f8,54c591c0-7bbb-4489-9229-57b18f95827a,087e50b6-7677-4a85-802f-5694266fe38b,Aškerčeva,662
3203d037-a222-4092-8dd6-e8dfcd49a2c9,d4d4230a-5247-4071-baa4-463321d9d934,fef200e9-4d98-425b-ab14-8110e2aa85d7,Drama,603
a33e6b1f-de56-43aa-9a52-f7064636ab79,7eb88e01-82e9-4af4-84d0-69c6ea9dc82c,b905ae6a-f1e1-4057-8923-481902ed5a8e,Konzorcij,2039
cf22c7c2-776f-4bd7-ae1a-dc4f25983c19,2cde6efe-5f53-44aa-8018-76f0ea2c86f8,a719a87c-4e93-4387-a6d1-2631a487f7e0,Ajdovščina,399
94712446-2421-4304-b4f1-3b3f82998713,a2947722-2e6f-48dd-9c31-ff36356676fa,ee7e3c65-72e8-465e-a9a3-a9370ec1f314,Vevče Papirnica,261
6c56976b-4ae1-429f-bcab-0cfc37e3580d,9583dbdd-06fd-411e-88dd-af8f89e2caaa,fef200e9-4d98-425b-ab14-8110e2aa85d7,Drama,119
98a75a4c-0ef8-4efa-8f0a-384fe8eafce0,813b7c8c-5236-405a-bb0d-092a5d93c2a6,25ad5579-f6a0-4f35-a0c9-0678b41e9dde,Križanke,893
5de84f88-3f32-4636-8c30-03cc267ecf37,8c7fa045-888b-46d0-8189-6f82623bf481,087e50b6-7677-4a85-802f-5694266fe38b,Aškerčeva,787
0eca6015-5429-4289-a76c-4ec9ef707e67,c15a2be8-fc53-427d-9cc6-a50bb305f68d,fef200e9-4d98-425b-ab14-8110e2aa85d7,Drama,376
277bc73c-e61d-4046-bcfd-31d6161c568e,fef200e9-4d98-425b-ab14-8110e2aa85d7,25ad5579-f6a0-4f35-a0c9-0678b41e9dde,Križanke,933
a7af0c5d-2297-40e2-a6e0-506f6aadba0a,1632ee87-59dd-4367-bf10-9d13aa688e82,9b85d4b0-c594-4e0e-9ce2-d0986256c270,Tavčarjeva,661
223f660b-c391-4120-bf3c-7bf06781686b,0b90d258-764d-4c06-aab0-7074dbd54182,4062cd22-b67a-4235-9980-0178b7add592,Drama,197
1b27d65a-1008-4bc9-928e-f6cb43b03804,eb11d52f-300b-4648-a2e8-ed03db9ff7e2,N/A,N/A,4525
b4766c35-4ab9-4af3-aa76-1b1f40735685,1b0f629f-acdb-4e94-8c54-018f4334ebf7,fef200e9-4d98-425b-ab14-8110e2aa85d7,Drama,1323
8fc42c89-96e2-4c69-a2b4-44d505f27ce9,8a224b7d-24ae-4c7b-8318-f66ac8cc078b,fef200e9-4d98-425b-ab14-8110e2aa85d7,Drama,84
02e96186-e90a-4171-8869-082486f7da1d,2c87f988-902b-4b35-91da-5437a58759f5,N/A,N/A,4525
1632ee87-59dd-4367-bf10-9d13aa688e82,666bd186-7a9a-4e20-a466-e7b1918dda9b,4062cd22-b67a-4235-9980-0178b7add592,Drama,785
6a774daa-3547-4128-b304-aa2d17d4391a,aaedd82f-0c53-425d-92cf-96e50bd20518,fef200e9-4d98-425b-ab14-8110e2aa85d7,Drama,1257
2d6504e9-c938-417e-9b55-32d6514bc744,b60d686c-3b89-447c-93f6-2837d9af3d02,98fa3880-5936-4ec8-ba04-39c7ff9a0e6a,Stara cerkev,622
da623aed-094d-4c3c-9766-9f0aba0f40f6,31e6db90-ba65-4c49-90c0-317fb92596b3,25ad5579-f6a0-4f35-a0c9-0678b41e9dde,Križanke,999
8fc42c89-96e2-4c69-a2b4-44d505f27ce9,7b41ca8e-2e41-4572-aa5c-1d80375e8835,9b85d4b0-c594-4e0e-9ce2-d0986256c270,Tavčarjeva,118
01bc5983-63a7-4184-9986-32e5a5320684,edc8bf1d-d4f1-4c5b-8112-e4fa71a02bae,25ad5579-f6a0-4f35-a0c9-0678b41e9dde,Križanke,176
1df1835b-cfd3-40e7-9466-9c9d43642bed,391bf42a-68a3-400a-baea-0c708f327325,dd57f39b-be0f-479e-bc35-5bd2edf98ff2,Bolnica,817
8d767444-3983-4409-bda1-d298b52c7bfe,e0c253d0-1de7-4add-ac75-8b16151fa462,6bd46cb7-9e5d-453a-878a-bcc38fb2a5f2,Sava,1801
1f9fad8e-d59c-494c-bdd1-1983afacb755,58cd6196-8ac4-4803-be8b-1c0d2fb52528,b905ae6a-f1e1-4057-8923-481902ed5a8e,Konzorcij,903
af820908-f71f-4c46-82c2-e7616f9c21fb,9b4a7d21-709f-4462-b602-c77d975df9e7,f4cfd904-bd11-4247-95df-32c4555a930f,Klinični center,320
52e5adea-e194-4fc1-809c-1d6421f8f8db,f1bc11ca-7516-447a-b826-7051c5306af7,9bb1ed3b-5a6f-43c7-afaf-ba2b60ca1a7a,Aškerčeva,690
0be53afd-2427-49b2-b70c-2ee3d89e9762,ef005e77-f3b8-4171-b681-1294d0e4732b,087e50b6-7677-4a85-802f-5694266fe38b,Aškerčeva,1956
5aeac892-889f-4c5a-8fde-67e6ac096242,36d25599-0bed-48a0-bcb4-134be8a959fe,9b85d4b0-c594-4e0e-9ce2-d0986256c270,Tavčarjeva,89
2c46416a-d66e-469c-a342-898a93f5b2f0,d98335a0-1291-4d4c-be62-16b11c356575,b905ae6a-f1e1-4057-8923-481902ed5a8e,Konzorcij,288
9741988b-6723-480b-a419-8db7490d667a,bea9f247-4e88-4d7c-9387-8cd9342acb8c,d72032c7-d4b0-4eee-a87c-593985a42266,Tobačna,951
a4545f57-dab0-4ca0-9da3-5bc96d80f104,40fcc1b9-2c42-4db8-bd48-d431efc8a3fd,bea274aa-277a-403d-ab2f-a0342b28882e,Križanke,402
a4545f57-dab0-4ca0-9da3-5bc96d80f104,4ec1b435-1683-4cd7-a4d0-688cc9f3b603,dd57f39b-be0f-479e-bc35-5bd2edf98ff2,Bolnica,833
dfd33168-046e-49af-9428-b9394f98667c,339ec74c-f45b-4f23-98b8-7ac67486ff6d,a719a87c-4e93-4387-a6d1-2631a487f7e0,Ajdovščina,444
5fe363f3-8297-448b-bde3-08f690c92d1b,ef91fd44-5651-4fd4-b6f8-619fdef9da7b,67c3adc1-a92d-4528-91ee-77d8b52574c6,Poliklinika,600
cce39cbe-6961-433a-a787-64fbf602f470,b4b30b45-445a-4f70-bdf5-5ea7cdc98583,c8e0086c-0cef-4375-a471-72f3ae1e34fc,Strelišče,35
d3a6cbf3-65f0-4db8-9a10-1460763eac8e,13ceaf6c-9650-45c3-b449-64a0e5094d18,25ad5579-f6a0-4f35-a0c9-0678b41e9dde,Križanke,1390
d9f26e1a-77fc-48b0-a024-93fd38eb88a4,271db19a-744b-41a0-869d-0c3e0e2cb6bf,9a1c4c65-df77-481f-87ad-56143f02a864,Vižmarje,769
8441d439-8d1d-40b8-b3d5-7b9c56848b43,d861c2ce-106a-4b95-a4fc-2af355c0bbf0,4062cd22-b67a-4235-9980-0178b7add592,Drama,1157
6340ea93-391e-45b9-94b0-56d1d7c87e20,184817a9-ca88-4c82-a40b-5768991da3df,25ad5579-f6a0-4f35-a0c9-0678b41e9dde,Križanke,1268
f11e48f8-4133-4c36-a36f-73b4f33d9592,cf6f67f5-f7df-4462-828b-481134217fad,f4cfd904-bd11-4247-95df-32c4555a930f,Klinični center,453
3203d037-a222-4092-8dd6-e8dfcd49a2c9,5cc8a08d-c0af-491f-9a9c-b8b4f5f23bc0,86a75ffc-a78f-401f-8991-2eb0371417b2,Studenec,31
48b163cd-b819-4849-aee1-8b1da77657ab,eb165f50-9c43-4b09-9658-469a16d3dc83,b905ae6a-f1e1-4057-8923-481902ed5a8e,Konzorcij,568
bd1a0fbd-1593-4552-a76f-681c59333d6b,e73c7113-cb4a-4cd5-8df9-ffc5fd86590a,a719a87c-4e93-4387-a6d1-2631a487f7e0,Ajdovščina,510
557f714a-6f4a-4c98-8c5a-d74fa34b2adb,aa42017d-812a-4175-bc9b-0fec03b18931,8c7fa045-888b-46d0-8189-6f82623bf481,Poljanska,19
912792ae-7f7e-4295-8064-38ea96a5dc4a,5a2def68-fa57-4002-a942-e39bc2a87688,N/A,N/A,4525
fdff5f9c-6c02-4fc1-a004-7032b17fa37a,34ead609-4331-48ab-8e82-52dd70da9832,4062cd22-b67a-4235-9980-0178b7add592,Drama,53
7276f267-9837-4c56-aad3-f8cd555060da,ab987eb0-c970-4577-8db9-0cd507a6cab6,f4cfd904-bd11-4247-95df-32c4555a930f,Klinični center,637
1536cb2e-acd3-49cb-8f06-bb8cd40c0c02,fdff5f9c-6c02-4fc1-a004-7032b17fa37a,b905ae6a-f1e1-4057-8923-481902ed5a8e,Konzorcij,572
1b3ddeca-a066-43ee-9ae5-8339628129c2,46f20d33-601c-4ef6-b86c-7c2bb4af52fa,25ad5579-f6a0-4f35-a0c9-0678b41e9dde,Križanke,144
c6eab761-36e0-4bf8-88ed-48e594ed375b,7f510cd8-4742-4dcf-95c0-16cde39c2e26,5d7f28a6-2a2a-4333-aa06-48edfb652f86,Pošta,234
91fb6c6e-49cf-49d3-97d4-6ae228f9bfa1,3edd6057-3847-4c42-b8ec-6e89ff95793a,a719a87c-4e93-4387-a6d1-2631a487f7e0,Ajdovščina,1819
8375ab17-e389-42b2-9b88-0210a049e321,17f7d178-41b3-41f9-a545-cbfc22a0a5f1,25ad5579-f6a0-4f35-a0c9-0678b41e9dde,Križanke,286
7fad8003-fb10-489d-bf8d-6d433310ad90,c3188d8e-c2d3-40e5-acc2-14bef70a5ff4,a719a87c-4e93-4387-a6d1-2631a487f7e0,Ajdovščina,414
0dc86a8f-0f41-44c7-978c-e06cb63cbbcf,2838f674-f6e9-4eb5-a99c-1d0ac7903ca1,aa42017d-812a-4175-bc9b-0fec03b18931,Ambrožev trg,844
d6ae97e7-23b5-48d6-a9fa-2a2624e9f434,2c46416a-d66e-469c-a342-898a93f5b2f0,60ccc570-3714-410b-aa31-43d3a4c593c8,Tržnica Moste,656
98f728a3-94a6-4911-98d7-64ab88097036,c15a2be8-fc53-427d-9cc6-a50bb305f68d,a9796806-8cd3-4b76-bf8c-4340aec35c9e,Lutkovno gl.,541
48b163cd-b819-4849-aee1-8b1da77657ab,db13a26e-19d4-4b8a-a78a-01ef25d58834,0be237aa-4b91-4d2b-ac23-0cebac975a0d,Cankarjev dom,1769
f4cfd904-bd11-4247-95df-32c4555a930f,24ab9d18-4fb9-4e7e-b48c-d5cdc9cd1305,538ab00b-ee39-44e8-b5a4-62c2c6215bf6,Zeleni gaj,45
70bba1e8-3ea8-46fe-ace3-f75b04e37605,fc3967fb-5520-4fff-a819-f625242182e5,7ad774b6-172a-401b-b186-358aa2d560a2,Jarše,568
bc19ad1c-00fc-47f1-926e-ddeb12f686ba,cec37fa8-0d4a-4e80-a259-2fa91b68463d,bea274aa-277a-403d-ab2f-a0342b28882e,Križanke,1792
da623aed-094d-4c3c-9766-9f0aba0f40f6,b60d686c-3b89-447c-93f6-2837d9af3d02,fef200e9-4d98-425b-ab14-8110e2aa85d7,Drama,572
2188a1bc-ce7a-4450-bd4f-871538578244,5c9baa4c-9ee0-4263-be22-72f5a73c714d,0be237aa-4b91-4d2b-ac23-0cebac975a0d,Cankarjev dom,266
fcec9e7a-1c9e-4214-96dd-d071550349e6,f0661242-947b-4937-a9ce-d2a135cd62a7,b905ae6a-f1e1-4057-8923-481902ed5a8e,Konzorcij,855
22ef2062-46f0-4a46-8d9a-6ceb7b7f45bc,ccd8a655-468b-4728-a26d-7981bbdd7dec,9b0074d2-2c92-4c01-830b-00be8e05b412,Cukrarna,360
2896bfa8-0586-4ed1-8d93-c5c6e1ff3d72,fcccf4af-4f16-4edc-ba5a-585c434593fe,bd1a0fbd-1593-4552-a76f-681c59333d6b,Savsko naselje,458
f0661242-947b-4937-a9ce-d2a135cd62a7,10d57057-b305-4b7a-806b-3373014db962,c0e6a237-3879-4336-88b6-5af51408cc7e,AMZS,1078
fa96d420-d1af-4ad0-bf6a-4544deb1c5eb,0334e79e-7a89-44e9-a463-5af813e64a40,0bb103e4-c4a6-4c4c-a13d-217ab4e6dfd3,Cesta na Vevče,779
278a9d60-64c7-4bfa-aad0-24068aa760af,d5735919-60bb-4720-a695-9f5155a4f109,16578e36-c682-4083-bd29-4973445dc0fe,Gosposvetska,420
96d4c75b-6452-4c70-a31e-c234262ba38b,d119c3e9-7f2c-4d40-97a4-ccc6b4bb2951,4062cd22-b67a-4235-9980-0178b7add592,Drama,218
67c3adc1-a92d-4528-91ee-77d8b52574c6,784bebe9-c0c7-46eb-943d-0b1808ffd5ac,e66e813a-722d-40f8-9ee9-1470d07bc200,Tobačna,1483
d8289ab1-f65d-4b3d-8b4b-55ada004f023,ef31a8be-b01d-44cd-95cf-3db8e918af26,a719a87c-4e93-4387-a6d1-2631a487f7e0,Ajdovščina,471
e9089f7d-853e-4375-8ecb-0db96fcc60e6,5c8bdb89-116a-4d5d-9db1-9be443070380,087e50b6-7677-4a85-802f-5694266fe38b,Aškerčeva,1121
a7af0c5d-2297-40e2-a6e0-506f6aadba0a,eb8e8d9a-a3d5-4ec1-9356-26e0e41912d1,fef200e9-4d98-425b-ab14-8110e2aa85d7,Drama,542
1f207e67-adf9-4da6-b107-3b58051d9990,aaedd82f-0c53-425d-92cf-96e50bd20518,5d7f28a6-2a2a-4333-aa06-48edfb652f86,Pošta,131
c70ad4c4-6c37-4f31-83aa-921dc8bc15a4,521edd75-c364-480a-af9e-a1c9815b6dd7,dfde6478-02b5-471b-a470-29cb0e84542f,Slovenija avto,754
a719a87c-4e93-4387-a6d1-2631a487f7e0,ba2b16a8-1273-45d2-8758-47b9694df9a6,25ad5579-f6a0-4f35-a0c9-0678b41e9dde,Križanke,182
0c5f69a6-97c7-4053-bc0b-3f09dbf72f46,3f0c15b3-99bd-4c12-8f7a-df06c9536526,6c56976b-4ae1-429f-bcab-0cfc37e3580d,Zgornji log,582
d50b2bdb-481b-4e58-ada6-47a028fc6382,a4545f57-dab0-4ca0-9da3-5bc96d80f104,7c149b59-2bc6-45cb-95c8-69e18a0db627,Rusjanov trg,18
524d67dd-fbb0-4f6a-9199-f095123044ab,1c0c01ee-6258-4328-9d01-489eb421a8d9,79a5bacd-8b59-4d83-99e8-26e3c5b1490b,Osenjakova,740
807c11ba-4b3a-4e2b-82b5-abf5864fa4bc,404f8444-540d-4d82-a355-30a6a8bec797,e66e813a-722d-40f8-9ee9-1470d07bc200,Tobačna,264
1d62c3f1-903c-4350-a349-80c4573b3cdc,d8ff7b2c-baf6-4a1a-97c5-0871b823caab,N/A,N/A,4525
8375ab17-e389-42b2-9b88-0210a049e321,29096931-9d98-487f-bd0a-b0767611e561,c87db9be-1fba-4102-a743-0ee4317dd5af,Bavarski dvor,38
16578e36-c682-4083-bd29-4973445dc0fe,295616c0-387b-4f60-a337-7743cd6be04e,fef200e9-4d98-425b-ab14-8110e2aa85d7,Drama,26
f1fd2bad-eba9-4046-a7b9-34e8d1d423f5,3edd6057-3847-4c42-b8ec-6e89ff95793a,38b3abed-0592-407b-96c3-85a026f2e192,Dalmatinova,763
9cd1e7f8-8ccf-4469-bc25-25d138605c67,45e88013-1a7e-44a0-ab1f-bc0db6c6746f,6a0b25cc-428e-47b5-831a-e89facfa7f26,Ziherlova,1361
3febe187-31d6-4229-be07-78ff782ca972,bb606ad8-8a10-4034-9862-60cc177d2455,9a938b49-ce1d-4e1c-a789-e316630ebc4f,Poliklinika,687
11d74c00-da13-4cad-883e-c6dcf8edcbe8,9c3d9f7c-69df-4a48-8f1a-d25e7a922ac3,6324e337-5778-492a-9e9c-57e3ad5c4710,Šolska,710
ea80411c-360d-4a33-861c-6533a1d67eef,7294875b-8482-484a-b04d-95b921612001,60ccc570-3714-410b-aa31-43d3a4c593c8,Tržnica Moste,655
f784b27a-1509-4eec-bd52-6beee2b9530b,a6b87518-2a7f-4505-898f-245ebe23c909,8c7fa045-888b-46d0-8189-6f82623bf481,Poljanska,532
2ec182e2-769f-427f-b9b5-c4118890cb96,d4d4230a-5247-4071-baa4-463321d9d934,bea274aa-277a-403d-ab2f-a0342b28882e,Križanke,1669
37fc313d-1f45-49c9-9059-4f96f44a6682,639551cf-fe23-4363-8ccd-655bc5d4119e,a719a87c-4e93-4387-a6d1-2631a487f7e0,Ajdovščina,27
58db973d-ecbb-4aa6-a56c-c26aaff7f263,95732ece-1658-4e11-9b5f-b6ae5552e638,9bb1ed3b-5a6f-43c7-afaf-ba2b60ca1a7a,Aškerčeva,93
37fc313d-1f45-49c9-9059-4f96f44a6682,5a06b853-39a7-479d-ac40-fafa659fd896,a719a87c-4e93-4387-a6d1-2631a487f7e0,Ajdovščina,735
a2947722-2e6f-48dd-9c31-ff36356676fa,7ba233b7-a50a-497d-8135-dd8dabf93ff5,9bb1ed3b-5a6f-43c7-afaf-ba2b60ca1a7a,Aškerčeva,523
daf172e0-4dd9-4d5b-8287-67ad2034bced,e90a68ac-02be-418f-8937-b9f1906274f2,N/A,N/A,4525
b91edda3-a147-4599-bebf-85e145de085b,111b2cdc-67ca-47bc-a8eb-8a4c6a0674d9,bea274aa-277a-403d-ab2f-a0342b28882e,Križanke,908
fb7704f0-d31e-4561-83e4-621a8c62654b,9cc88862-270a-409a-b450-e0003c7930af,484b5c91-1220-43ba-af79-84e712fcc46b,Slovenija avto,272
31e6db90-ba65-4c49-90c0-317fb92596b3,d6ae97e7-23b5-48d6-a9fa-2a2624e9f434,5f2b93f1-7933-45ed-915c-4488ab8d81b7,Ižanska,1249
9dfc0a62-bf4d-4670-83d0-4e26a6e56b32,fb7704f0-d31e-4561-83e4-621a8c62654b,16578e36-c682-4083-bd29-4973445dc0fe,Gosposvetska,200
da834a23-5697-49bb-b3a1-7f277c8206bc,cdee8be6-e02c-4fb5-9752-be1bac08d90d,25ad5579-f6a0-4f35-a0c9-0678b41e9dde,Križanke,278
a41f5786-6b70-4224-bcde-e6fbaac4c21b,3203d037-a222-4092-8dd6-e8dfcd49a2c9,fef200e9-4d98-425b-ab14-8110e2aa85d7,Drama,1453
d8ff7b2c-baf6-4a1a-97c5-0871b823caab,98a94a2a-894f-4ff0-9967-1dd986bf0cfd,N/A,N/A,4525
7c149b59-2bc6-45cb-95c8-69e18a0db627,a378ce5e-57ce-4c52-b219-568674b5cd5e,087e50b6-7677-4a85-802f-5694266fe38b,Aškerčeva,287
de80f5fd-4572-4bb6-9e21-9860f5fa6b24,60ccc570-3714-410b-aa31-43d3a4c593c8,4062cd22-b67a-4235-9980-0178b7add592,Drama,1170
9c2e9262-7afe-44d3-8aaf-80afd45f9118,5c38ad77-8124-42b3-810f-04703daec8b4,fef200e9-4d98-425b-ab14-8110e2aa85d7,Drama,1986
7484317c-269f-425f-8118-23eedab4e5f1,66eec6a2-dfde-4d98-b690-e47f200367fd,a719a87c-4e93-4387-a6d1-2631a487f7e0,Ajdovščina,185
d987aa3a-ae4a-42f6-bc9b-79c41dcf055a,6e7cab20-d7e3-474f-9a5e-f1e0ca6fae53,a719a87c-4e93-4387-a6d1-2631a487f7e0,Ajdovščina,395
235d7e56-4520-4691-b7d9-7588f7306e1d,9c3d9f7c-69df-4a48-8f1a-d25e7a922ac3,b905ae6a-f1e1-4057-8923-481902ed5a8e,Konzorcij,171
a2ce7e6f-0f99-443a-a973-81a0b9c60261,42bcfbad-96b8-4ce2-96f3-07694e1bcfe2,N/A,N/A,4525
d2f9bbec-4b03-49a8-af83-afe65fe07a0e,9741988b-6723-480b-a419-8db7490d667a,d119c3e9-7f2c-4d40-97a4-ccc6b4bb2951,Archinetova,1359
aee8e842-6083-48a7-b14f-cc3d112537bb,9807573b-8821-40e4-b891-a5cea6e23b3d,25ad5579-f6a0-4f35-a0c9-0678b41e9dde,Križanke,1935
727cab27-5e8e-4c5e-ba27-449822a45ee7,7962e05c-ad8c-43e4-9db4-4b90f0c94596,9bb1ed3b-5a6f-43c7-afaf-ba2b60ca1a7a,Aškerčeva,149
df63651e-45ab-4487-9429-9e604415b35c,c71e1e0c-780a-4d46-8b33-09aebbbcfcd8,557f714a-6f4a-4c98-8c5a-d74fa34b2adb,Hrvatski trg,1176
dadea785-0c6b-4054-9882-37227de3df4b,65e92ecc-800d-4962-a8bc-0f50f1107a5b,aa42017d-812a-4175-bc9b-0fec03b18931,Ambrožev trg,113
da9650a3-6ec7-4cdb-95f2-a68851587dfc,5c8bdb89-116a-4d5d-9db1-9be443070380,25ad5579-f6a0-4f35-a0c9-0678b41e9dde,Križanke,636
8a224b7d-24ae-4c7b-8318-f66ac8cc078b,eb11d52f-300b-4648-a2e8-ed03db9ff7e2,N/A,N/A,4525
43e01b7e-be2c-4282-be1b-9f628ca67327,459f82d2-cbe4-414b-b66b-0b794ea958ed,b829062a-2644-4350-b998-74522d9e85d8,Lutkovno gl.,442
2f874852-bc80-4ff3-b6bf-a914e31251c8,627be449-8b6a-40f4-a57c-09ccdacccb66,ef91fd44-5651-4fd4-b6f8-619fdef9da7b,Hajdrihova,312
cec37fa8-0d4a-4e80-a259-2fa91b68463d,8512e1be-4637-483b-a3e6-78ccc6d2c5b1,639551cf-fe23-4363-8ccd-655bc5d4119e,Zmajski most,317
c0e6a237-3879-4336-88b6-5af51408cc7e,7ba233b7-a50a-497d-8135-dd8dabf93ff5,25ad5579-f6a0-4f35-a0c9-0678b41e9dde,Križanke,118
1632ee87-59dd-4367-bf10-9d13aa688e82,91fb6c6e-49cf-49d3-97d4-6ae228f9bfa1,b59656a4-b6e7-4b87-977c-078c59088a50,Hajdrihova,216
f66a1f18-4c18-4317-b929-fb616cc7cebc,075a6b29-66cb-409f-89fe-37d50669eff4,feb89b92-366d-4f50-a509-40c7baba8cf0,Brodarjev trg,200
795c157e-21e0-4115-85aa-93c227e3420f,075a6b29-66cb-409f-89fe-37d50669eff4,5d7f28a6-2a2a-4333-aa06-48edfb652f86,Pošta,563
8f56b058-1ae3-44f5-8600-4330f2264d78,d9437903-d95a-49e6-9743-12b2b964e04c,717c914e-f928-4671-95f6-26c1ddb95799,Cesta v Gorice,484
bb995fbb-29c8-4035-9503-ae33320833a8,7f510cd8-4742-4dcf-95c0-16cde39c2e26,d72032c7-d4b0-4eee-a87c-593985a42266,Tobačna,699
17f7d178-41b3-41f9-a545-cbfc22a0a5f1,f073b9d9-a3e3-4d04-a209-0db55377b79e,087e50b6-7677-4a85-802f-5694266fe38b,Aškerčeva,384
c31b32c6-1ec2-48e9-9929-356fd0253540,91fb6c6e-49cf-49d3-97d4-6ae228f9bfa1,5d7f28a6-2a2a-4333-aa06-48edfb652f86,Pošta,361
ee3713fe-016c-47eb-96d1-f760c9d19010,f14a6236-8af2-47bf-9270-432377662a63,bea274aa-277a-403d-ab2f-a0342b28882e,Križanke,529
824255dc-9be8-4f7b-9b69-2bd4e5a3fc27,9b9d2948-7538-409c-9bfc-42c0b74c41a8,16578e36-c682-4083-bd29-4973445dc0fe,Gosposvetska,60
d72032c7-d4b0-4eee-a87c-593985a42266,106bdc28-f0fe-4f13-b4ad-6c6a630550b5,9bb1ed3b-5a6f-43c7-afaf-ba2b60ca1a7a,Aškerčeva,622
1069d764-9345-425d-8c4d-12d6ffa1fde1,b0b32562-f5dc-4183-abba-5729adf98088,fef200e9-4d98-425b-ab14-8110e2aa85d7,Drama,122
f1b7471e-db71-49da-846d-1232cb3e8f8f,a52cd7ac-c11e-4c8b-94a5-1a12b32595da,4062cd22-b67a-4235-9980-0178b7add592,Drama,287
dfde6478-02b5-471b-a470-29cb0e84542f,7eb88e01-82e9-4af4-84d0-69c6ea9dc82c,a719a87c-4e93-4387-a6d1-2631a487f7e0,Ajdovščina,224
a26d9a94-effb-45ab-a27f-74076e9e5bdd,9143c575-806f-4ba0-81bc-8199f0b0b4d0,70c51140-f3ee-4c89-a6e2-ed74dab89148,Bilečanska,364
0334e79e-7a89-44e9-a463-5af813e64a40,31e6db90-ba65-4c49-90c0-317fb92596b3,4062cd22-b67a-4235-9980-0178b7add592,Drama,567
48507e1a-32df-4552-9448-3b345760b75f,fcfe6ac9-74b3-4c13-96b7-6041f1454813,087e50b6-7677-4a85-802f-5694266fe38b,Aškerčeva,1624
79d89180-8b07-4127-b7b4-1ac03d1cee9f,1cc5f00f-c982-4016-8553-40a3da4f36ad,4062cd22-b67a-4235-9980-0178b7add592,Drama,324
15c71406-72b5-4681-8b1a-29eb30eb3f76,9cb18d2e-9bf3-436a-ab3a-7c52c5de1300,25ad5579-f6a0-4f35-a0c9-0678b41e9dde,Križanke,1848
69f98a9c-d52d-423a-b44e-89b6320a7a88,1c0ae078-cca7-40c8-aeda-1187a12ddfee,7962e05c-ad8c-43e4-9db4-4b90f0c94596,Murgle,237
e65047c0-c01e-4727-b466-78e107c81ee4,de80f5fd-4572-4bb6-9e21-9860f5fa6b24,07b4c585-66cf-49d7-906c-50f1122c8e9e,Cesta XV,510
b2cf1f2c-3c77-4a23-891f-3cdbcda92f19,de80f5fd-4572-4bb6-9e21-9860f5fa6b24,fef200e9-4d98-425b-ab14-8110e2aa85d7,Drama,279
2ec182e2-769f-427f-b9b5-c4118890cb96,cad3370f-7a28-4a47-8d5a-187adab3ca21,8f56b058-1ae3-44f5-8600-4330f2264d78,Privoz,132
cecad767-51e5-4683-bf56-e6e342f8d1e0,30cf2ed7-2cf0-4764-ab64-78206968d5ba,27788b38-4743-4e04-9b9c-94faeeeb2d34,Pot heroja Trtnika,589
8f56b058-1ae3-44f5-8600-4330f2264d78,d0790612-d161-4be4-953d-a7a0c33acf1e,9bb1ed3b-5a6f-43c7-afaf-ba2b60ca1a7a,Aškerčeva,293
1ef524bd-2bf3-4c47-add3-044374897443,156a6f62-9a67-4cf0-ad56-85a343c77cd2,25ad5579-f6a0-4f35-a0c9-0678b41e9dde,Križanke,517
78c69686-64ed-437c-83b5-0e28733ed70c,1d62c3f1-903c-4350-a349-80c4573b3cdc,9bb1ed3b-5a6f-43c7-afaf-ba2b60ca1a7a,Aškerčeva,144
f8da5156-e545-47ed-a811-2242f41f5593,b9edd39a-4f64-4553-869e-bb77e617b9b8,4062cd22-b67a-4235-9980-0178b7add592,Drama,261
c124f317-217b-4b89-9597-393843de4f81,cc9cbd94-6da7-41ff-a728-cfd4b47dfcc0,7b41ca8e-2e41-4572-aa5c-1d80375e8835,Pošta Dobrunje,65
78ef8af0-fd16-46b8-a5de-8d24b99638c8,154f3596-bbbb-4038-9ad7-c4b8b5288a02,fef200e9-4d98-425b-ab14-8110e2aa85d7,Drama,340
77dcd833-fa4d-4c5a-93b1-31284942e61d,c627c9f2-af02-4d83-969a-566719bb09e3,fef200e9-4d98-425b-ab14-8110e2aa85d7,Drama,349
1d62c3f1-903c-4350-a349-80c4573b3cdc,c0a064eb-b507-43c2-a6d2-0e9c5881f031,5d7f28a6-2a2a-4333-aa06-48edfb652f86,Pošta,185
1308dcf9-a9e1-4e54-95c9-0f2afaac889b,d123fde4-aa91-49c3-83df-5ebf12af4e59,9a938b49-ce1d-4e1c-a789-e316630ebc4f,Poliklinika,217
4f21a18a-3cb0-4c6c-bb92-e7c8945fac1c,d4d4230a-5247-4071-baa4-463321d9d934,b905ae6a-f1e1-4057-8923-481902ed5a8e,Konzorcij,789
f5e84751-7377-402c-974c-53276e422e70,d06c6c8a-c136-4b7a-9c13-b26ba0c04029,b905ae6a-f1e1-4057-8923-481902ed5a8e,Konzorcij,1298
5a06b853-39a7-479d-ac40-fafa659fd896,ab0d4ded-a428-4133-a6c8-0f2caac0a5ae,9a938b49-ce1d-4e1c-a789-e316630ebc4f,Poliklinika,704
f958cead-e4c3-4743-834d-46de4a06a8c9,e78f256e-7218-4263-87b9-255bd90c9f49,a719a87c-4e93-4387-a6d1-2631a487f7e0,Ajdovščina,33
cc9cbd94-6da7-41ff-a728-cfd4b47dfcc0,65a6b01d-c9cf-4d4e-930c-5562156d7375,fef200e9-4d98-425b-ab14-8110e2aa85d7,Drama,1956
56dbd8ff-6ec8-4186-b46c-f74ddb5a304a,f4cfd904-bd11-4247-95df-32c4555a930f,9bb1ed3b-5a6f-43c7-afaf-ba2b60ca1a7a,Aškerčeva,692
97627b9b-fa2e-461a-97ea-a15df7599598,548dbdee-83b0-497b-acc1-e15b34899d42,0bb103e4-c4a6-4c4c-a13d-217ab4e6dfd3,Cesta na Vevče,1111
12cfc2b3-f8ff-444b-8d5f-15855e45e331,2f874852-bc80-4ff3-b6bf-a914e31251c8,25ad5579-f6a0-4f35-a0c9-0678b41e9dde,Križanke,100
3febe187-31d6-4229-be07-78ff782ca972,d4c51b31-46fd-4da8-ba15-8068e666d483,5d7f28a6-2a2a-4333-aa06-48edfb652f86,Pošta,574
34afe7f1-2d09-487f-983f-19c7dd5dae82,521edd75-c364-480a-af9e-a1c9815b6dd7,a719a87c-4e93-4387-a6d1-2631a487f7e0,Ajdovščina,124
f4c5028b-48a4-4d0e-a91c-81a858923ddd,d2e3d9f5-0203-49a4-8ea1-455e2434a347,N/A,N/A,4525
154f3596-bbbb-4038-9ad7-c4b8b5288a02,59faa0f0-34b1-47cd-ba3a-3b6f0d684c00,7ad774b6-172a-401b-b186-358aa2d560a2,Jarše,708
c32ef99a-6752-47fe-94eb-a5134c7110af,390d166c-b2fe-486c-bba5-38cd1ff64f48,a719a87c-4e93-4387-a6d1-2631a487f7e0,Ajdovščina,109
0ff94f7b-275b-4cc4-bb27-e00842f5ad87,9807573b-8821-40e4-b891-a5cea6e23b3d,b59656a4-b6e7-4b87-977c-078c59088a50,Hajdrihova,510
60d91c8b-d5a9-4ef4-927c-e241bc31f81a,c124f317-217b-4b89-9597-393843de4f81,cab36767-e95a-4f60-978e-92490f2517b2,Hrvatski trg,545
3cb0ccbb-9b91-4d71-bd27-2acef732be4c,567980fa-7783-411d-9c67-55b44d753880,b59656a4-b6e7-4b87-977c-078c59088a50,Hajdrihova,209
7d628170-e2eb-47fd-9d3e-658acf78d7d3,91b76764-87af-4b90-89dd-60f0046f7cc0,N/A,N/A,4525
0760a037-cd94-4936-89b6-45ce9bd19917,53ec687a-6f0c-4bb7-b1b4-606e7dcfada9,9cfac7e2-9653-4e52-a6d3-27756d27f817,Kino Šiška,867
7ad774b6-172a-401b-b186-358aa2d560a2,106bdc28-f0fe-4f13-b4ad-6c6a630550b5,60ccc570-3714-410b-aa31-43d3a4c593c8,Tržnica Moste,330
592b37eb-8255-4758-ae8a-7cef98521013,da623aed-094d-4c3c-9766-9f0aba0f40f6,4062cd22-b67a-4235-9980-0178b7add592,Drama,302
9a938b49-ce1d-4e1c-a789-e316630ebc4f,306dcdea-b1ce-4357-ba5e-fa82293630df,105e10e7-fbab-4f99-94c9-178c25630b42,Brodarjev trg,28
b2dd8b3a-3710-4f07-b735-4bd183bfaade,f784b27a-1509-4eec-bd52-6beee2b9530b,fef200e9-4d98-425b-ab14-8110e2aa85d7,Drama,908
8441d439-8d1d-40b8-b3d5-7b9c56848b43,bbfc6d44-94da-4cfd-b22a-368a2b11ce20,b59656a4-b6e7-4b87-977c-078c59088a50,Hajdrihova,947
60ccc570-3714-410b-aa31-43d3a4c593c8,fcccf4af-4f16-4edc-ba5a-585c434593fe,fac22b83-1bc0-4c12-8533-485b115409ef,Bolnica,51
41489be9-b3b7-4cbe-90f8-af1a435b2676,030363e5-99a3-401f-96db-a16a340ace21,fef200e9-4d98-425b-ab14-8110e2aa85d7,Drama,376
0760a037-cd94-4936-89b6-45ce9bd19917,eaad1ba5-14a4-494f-80ae-65294c29a962,b905ae6a-f1e1-4057-8923-481902ed5a8e,Konzorcij,37
e9035f9a-28be-450a-a30c-7178134ff26b,c1606675-dd38-4952-914b-6ca64fd56b7b,f4cfd904-bd11-4247-95df-32c4555a930f,Klinični center,536
0bb103e4-c4a6-4c4c-a13d-217ab4e6dfd3,121b30dc-065b-4c76-aad2-a54a85c74d4d,f2920a77-6c6c-494d-96b7-2a8caf8f374f,Mirje,291
34afe7f1-2d09-487f-983f-19c7dd5dae82,f5e84751-7377-402c-974c-53276e422e70,25ad5579-f6a0-4f35-a0c9-0678b41e9dde,Križanke,560
d8ff7b2c-baf6-4a1a-97c5-0871b823caab,94712446-2421-4304-b4f1-3b3f82998713,N/A,N/A,4525
d07152fd-014c-481b-a5f2-8949066499e8,25cde952-4896-4977-b229-75e09b3e3661,N/A,N/A,4525
a26d9a94-effb-45ab-a27f-74076e9e5bdd,a7094427-e180-4deb-acaf-5d4488326e9e,b905ae6a-f1e1-4057-8923-481902ed5a8e,Konzorcij,193
8441d439-8d1d-40b8-b3d5-7b9c56848b43,e57aad1d-457e-401f-b26d-306b4fd836eb,7c149b59-2bc6-45cb-95c8-69e18a0db627,Rusjanov trg,204
9b9d2948-7538-409c-9bfc-42c0b74c41a8,bbe542ee-a3f6-43cf-b23a-077c28b7d19a,b905ae6a-f1e1-4057-8923-481902ed5a8e,Konzorcij,204
03375155-45fb-4565-b392-2349fcb199ea,f4c5028b-48a4-4d0e-a91c-81a858923ddd,4062cd22-b67a-4235-9980-0178b7add592,Drama,354
53806659-b339-4e68-af4a-4325c16b6026,717dda7e-d793-4697-8f60-b64ee8b1edc4,4d2fc228-0628-4897-8d77-3e71d500d36d,Sava,813
3d0466c6-82f4-4a8e-ac5f-18d4dab794ac,223f660b-c391-4120-bf3c-7bf06781686b,47a3bd8a-72ae-4e20-b43f-10bfaf49012c,Ob sotočju,1883
a4545f57-dab0-4ca0-9da3-5bc96d80f104,fcfe6ac9-74b3-4c13-96b7-6041f1454813,a719a87c-4e93-4387-a6d1-2631a487f7e0,Ajdovščina,333
235d7e56-4520-4691-b7d9-7588f7306e1d,12304b99-9a07-485a-a101-eaca90495d48,a12cff7f-91e5-4f1e-be40-1a9b34ae792a,Agrokombinatska,164
cdee8be6-e02c-4fb5-9752-be1bac08d90d,d07152fd-014c-481b-a5f2-8949066499e8,N/A,N/A,4525
cf6f67f5-f7df-4462-828b-481134217fad,a33e6b1f-de56-43aa-9a52-f7064636ab79,bea274aa-277a-403d-ab2f-a0342b28882e,Križanke,833
e6f5183b-c615-4f47-b4fb-204ee070e825,e1e80207-5c23-47c0-a63a-121003b22807,25ad5579-f6a0-4f35-a0c9-0678b41e9dde,Križanke,609
169789c5-0251-47a6-800a-74ff3dffe04d,bf990a3a-96e9-42b7-9147-33e85bd24c05,c87db9be-1fba-4102-a743-0ee4317dd5af,Bavarski dvor,522
fef200e9-4d98-425b-ab14-8110e2aa85d7,06e4802d-2c96-4556-bd95-35e0a2bb030c,N/A,N/A,4525
7add6fa5-bfd5-4d9c-841b-d9856088ede9,a0b1fb90-3f6a-4231-910a-18be192ac762,bea274aa-277a-403d-ab2f-a0342b28882e,Križanke,525
8fbf17ab-413b-442c-9c6a-0eb8873a4755,6bd46cb7-9e5d-453a-878a-bcc38fb2a5f2,087e50b6-7677-4a85-802f-5694266fe38b,Aškerčeva,817
4b456495-fb29-4ff3-b48b-4090bc51514e,1b3d51e8-8b5e-4b31-a63e-9d665243c2f1,7a52a73a-cc0e-4c61-b9bc-306157727e1c,Tržnica Moste,107
edf94a12-03e9-4225-b6cc-aca0edf588a7,0c3a77a7-d9eb-45c7-b722-1fafde29129c,9a938b49-ce1d-4e1c-a789-e316630ebc4f,Poliklinika,205
48507e1a-32df-4552-9448-3b345760b75f,08071ba1-570f-487b-9a36-01a046fb2788,b905ae6a-f1e1-4057-8923-481902ed5a8e,Konzorcij,646
2188a1bc-ce7a-4450-bd4f-871538578244,6a0b25cc-428e-47b5-831a-e89facfa7f26,9bb1ed3b-5a6f-43c7-afaf-ba2b60ca1a7a,Aškerčeva,469
0760a037-cd94-4936-89b6-45ce9bd19917,1632ee87-59dd-4367-bf10-9d13aa688e82,a719a87c-4e93-4387-a6d1-2631a487f7e0,Ajdovščina,1671
3f37b298-896a-40be-b2f5-6fe8154756c4,a33e6b1f-de56-43aa-9a52-f7064636ab79,087e50b6-7677-4a85-802f-5694266fe38b,Aškerčeva,1061
ef4a63e8-d956-4f09-80bd-8e4699418652,d3a06374-ab12-456b-9c00-55461af341fa,N/A,N/A,4525
022ef61f-a226-42e8-b11d-30cf9f9a6688,baab981f-b707-4b2e-8291-6175f7ceb255,a719a87c-4e93-4387-a6d1-2631a487f7e0,Ajdovščina,21
1536cb2e-acd3-49cb-8f06-bb8cd40c0c02,0b6c7b97-410c-48fa-be23-430c316f9b10,6c56976b-4ae1-429f-bcab-0cfc37e3580d,Zgornji log,687
c0ff37c8-ac6c-4284-ad32-0ad29fd30dc2,d2e3d9f5-0203-49a4-8ea1-455e2434a347,N/A,N/A,4525
fa96d420-d1af-4ad0-bf6a-4544deb1c5eb,459f82d2-cbe4-414b-b66b-0b794ea958ed,484b5c91-1220-43ba-af79-84e712fcc46b,Slovenija avto,132
c568fe2e-477f-4af2-ad68-cb8111f361d0,acedfed0-a3ba-4fa3-8cd6-910783961f0a,9bb1ed3b-5a6f-43c7-afaf-ba2b60ca1a7a,Aškerčeva,300
d07152fd-014c-481b-a5f2-8949066499e8,66943a7c-28b4-40a6-a996-21aa0b968435,N/A,N/A,4525
97627b9b-fa2e-461a-97ea-a15df7599598,24df120e-0d0c-4353-8dda-c7ef0dc3dd5c,1c0ae078-cca7-40c8-aeda-1187a12ddfee,Remiza,1533
58cd6196-8ac4-4803-be8b-1c0d2fb52528,52e5d1c1-28c9-4ed2-b0ec-5bf7311be753,b59656a4-b6e7-4b87-977c-078c59088a50,Hajdrihova,741
7a52a73a-cc0e-4c61-b9bc-306157727e1c,3febe187-31d6-4229-be07-78ff782ca972,b905ae6a-f1e1-4057-8923-481902ed5a8e,Konzorcij,693
c6dd10bd-c21f-4a0c-9c7d-99e488a173d4,5f2b93f1-7933-45ed-915c-4488ab8d81b7,fef200e9-4d98-425b-ab14-8110e2aa85d7,Drama,438
352f5cae-25c9-41c5-ab70-268bf64107f0,1c8efa00-4587-4efc-a10d-794e9d885857,N/A,N/A,4525
fcccf4af-4f16-4edc-ba5a-585c434593fe,a12cff7f-91e5-4f1e-be40-1a9b34ae792a,a719a87c-4e93-4387-a6d1-2631a487f7e0,Ajdovščina,199
07bad99d-070a-42f7-8766-d11d42152623,dba19980-8ca1-4847-b9b5-8cd419374ae2,N/A,N/A,4525
a7094427-e180-4deb-acaf-5d4488326e9e,4b847ac2-4c41-4fc1-a497-9ce4deaab8b1,bea274aa-277a-403d-ab2f-a0342b28882e,Križanke,363
9276fcfb-0f7e-4df3-b827-325600851526,d3a6cbf3-65f0-4db8-9a10-1460763eac8e,25ad5579-f6a0-4f35-a0c9-0678b41e9dde,Križanke,2078
3d0466c6-82f4-4a8e-ac5f-18d4dab794ac,fa96d420-d1af-4ad0-bf6a-4544deb1c5eb,9dfc0a62-bf4d-4670-83d0-4e26a6e56b32,Smelt,1242
12cfc2b3-f8ff-444b-8d5f-15855e45e331,46847a61-d68a-4d2c-ad76-18e043d41430,25ad5579-f6a0-4f35-a0c9-0678b41e9dde,Križanke,1164
d4d4230a-5247-4071-baa4-463321d9d934,61926b26-d777-483f-ae79-86766c48793b,fef200e9-4d98-425b-ab14-8110e2aa85d7,Drama,2322
7a52a73a-cc0e-4c61-b9bc-306157727e1c,06348c07-2fb0-4dfb-a938-aaef614a7f68,a719a87c-4e93-4387-a6d1-2631a487f7e0,Ajdovščina,769
2fafda56-e44d-4e08-8503-90e6bf75e19d,b4766c35-4ab9-4af3-aa76-1b1f40735685,e66e813a-722d-40f8-9ee9-1470d07bc200,Tobačna,619
36c4949b-403b-4a76-87e3-d67f51d655ef,e2499103-6634-4d8e-87a8-68dc5ef6340c,3febe187-31d6-4229-be07-78ff782ca972,GD Gameljne,20
fb662324-f307-452f-9b00-0275dadfd382,eb8e8d9a-a3d5-4ec1-9356-26e0e41912d1,b829062a-2644-4350-b998-74522d9e85d8,Lutkovno gl.,1373
d4c25d68-c340-431b-a646-7680fe0cefee,46a50a09-9bae-460b-a7b6-457d288c5a9f,N/A,N/A,4525
62b17644-b4a6-412f-9e03-79bbaf339717,1f207e67-adf9-4da6-b107-3b58051d9990,fcc58ff5-bf0b-44ce-b12b-75ecc493f24d,Petrol,1263
8f623f1d-48a7-46b5-9331-28a8dc980876,1c8efa00-4587-4efc-a10d-794e9d885857,N/A,N/A,4525
2c46416a-d66e-469c-a342-898a93f5b2f0,f5d8583f-6e9d-4996-b803-74bf3cd0b602,a719a87c-4e93-4387-a6d1-2631a487f7e0,Ajdovščina,762
f66a1f18-4c18-4317-b929-fb616cc7cebc,86303165-4af4-4fcd-b0f9-43ed865454f4,36d25599-0bed-48a0-bcb4-134be8a959fe,Emona,21
d98335a0-1291-4d4c-be62-16b11c356575,87785aa3-128e-4f15-82b0-d8c3cfa6076f,c124f317-217b-4b89-9597-393843de4f81,Nusdorferjeva,258
cec37fa8-0d4a-4e80-a259-2fa91b68463d,2628b04b-eaf2-4c5a-b7ac-837237162783,d72032c7-d4b0-4eee-a87c-593985a42266,Tobačna,228
95be8f74-3ed5-4cf1-aabc-b1c0027ea628,65a6b01d-c9cf-4d4e-930c-5562156d7375,N/A,N/A,4525
c9b2488c-cca9-4b84-83cb-638ef545c851,9fa0b90f-dba1-4eca-8802-589425d3e8fd,16578e36-c682-4083-bd29-4973445dc0fe,Gosposvetska,138
cf5259af-d324-497e-b508-84fe92961eb1,d07152fd-014c-481b-a5f2-8949066499e8,d4fd9934-5253-4ab8-a779-3e9e2a30c5b7,V. St. vas,476
c31b32c6-1ec2-48e9-9929-356fd0253540,8fc42c89-96e2-4c69-a2b4-44d505f27ce9,a719a87c-4e93-4387-a6d1-2631a487f7e0,Ajdovščina,529
45303500-8b0e-4779-9abd-433b5f8b2838,c326e479-ccc3-4915-8788-3fa189d0143e,087e50b6-7677-4a85-802f-5694266fe38b,Aškerčeva,1283
e0f10330-ad34-453d-baf4-d6c601cb6cf8,35dbaf26-2fa4-45c4-87fc-81d1ff13b005,fef200e9-4d98-425b-ab14-8110e2aa85d7,Drama,474
c124f317-217b-4b89-9597-393843de4f81,dc7b6fb3-15db-4c7e-9fa1-424943178ce6,8c7fa045-888b-46d0-8189-6f82623bf481,Poljanska,107
aee8e842-6083-48a7-b14f-cc3d112537bb,3203d037-a222-4092-8dd6-e8dfcd49a2c9,b905ae6a-f1e1-4057-8923-481902ed5a8e,Konzorcij,971
caac4c1a-13e4-4afa-b467-65d90a8fbd44,67c3adc1-a92d-4528-91ee-77d8b52574c6,0810f07b-94d6-442f-b10d-bf8210c4ed47,Draveljska gmajna,704
d119c3e9-7f2c-4d40-97a4-ccc6b4bb2951,d7d43617-ef41-4f9e-bbad-670d515d926a,6afef238-01cd-4ad0-859d-2056b5d4a63f,KPL,146
31e6db90-ba65-4c49-90c0-317fb92596b3,a52cd7ac-c11e-4c8b-94a5-1a12b32595da,25ad5579-f6a0-4f35-a0c9-0678b41e9dde,Križanke,116
3f0c15b3-99bd-4c12-8f7a-df06c9536526,26ec9924-5586-4fd5-8b20-63f2d0a38d44,9bb1ed3b-5a6f-43c7-afaf-ba2b60ca1a7a,Aškerčeva,746
30131bc3-a0f7-4cfc-9e4d-552b325c0ba7,b5273abc-dfeb-49a2-9607-249bf6415e4b,16578e36-c682-4083-bd29-4973445dc0fe,Gosposvetska,293
4afd573d-abb7-4209-9b28-5c34811eb3ef,1c0c01ee-6258-4328-9d01-489eb421a8d9,25ad5579-f6a0-4f35-a0c9-0678b41e9dde,Križanke,252
98a94a2a-894f-4ff0-9967-1dd986bf0cfd,9bd3ee10-bc61-44e8-8cf3-a37cffd54da0,a719a87c-4e93-4387-a6d1-2631a487f7e0,Ajdovščina,791
56dbd8ff-6ec8-4186-b46c-f74ddb5a304a,5c8bdb89-116a-4d5d-9db1-9be443070380,a719a87c-4e93-4387-a6d1-2631a487f7e0,Ajdovščina,426
bd1396f2-4dc8-4695-9bf1-c601157100d8,7a256ec6-bb93-47eb-af92-ea62941c1dc6,3429cda2-6047-453c-bf54-952dfa6674c0,Klinični center,82
6bd46cb7-9e5d-453a-878a-bcc38fb2a5f2,ab624858-605d-48c6-a660-d54c2e037a91,N/A,N/A,4525
ee837fd9-7a5c-4f14-bbd7-a46f14eb07c5,923bd774-0651-4e0a-8624-3acfb7ecd5ff,0614b134-0950-4f6b-bc8f-fb73a0881bc1,Gornje Poljane,2
8677848c-55dd-4af4-b275-3074a3ff4846,4abe5e63-5707-4ef0-acda-ab2c52749afe,6182f8e8-c45e-4606-b4a4-d909bd44d2cc,Gornji trg,55
f958cead-e4c3-4743-834d-46de4a06a8c9,7962e05c-ad8c-43e4-9db4-4b90f0c94596,087e50b6-7677-4a85-802f-5694266fe38b,Aškerčeva,47
2188a1bc-ce7a-4450-bd4f-871538578244,d07152fd-014c-481b-a5f2-8949066499e8,N/A,N/A,4525
d4d4230a-5247-4071-baa4-463321d9d934,a6fde748-bb91-465c-8665-20cbaed7df19,N/A,N/A,4525
4fddf4a7-ad4e-4630-a5ca-3267955db548,95be8f74-3ed5-4cf1-aabc-b1c0027ea628,N/A,N/A,4525
30131bc3-a0f7-4cfc-9e4d-552b325c0ba7,105e10e7-fbab-4f99-94c9-178c25630b42,a719a87c-4e93-4387-a6d1-2631a487f7e0,Ajdovščina,229
cf22c7c2-776f-4bd7-ae1a-dc4f25983c19,86a75ffc-a78f-401f-8991-2eb0371417b2,dc6b96b1-d0fa-4d03-ac2b-8eba5bb97ba2,Peruzzijeva,1929
6cc5af3b-67ea-47f3-9e8a-10946c32b906,65a6b01d-c9cf-4d4e-930c-5562156d7375,N/A,N/A,4525
61926b26-d777-483f-ae79-86766c48793b,f2920a77-6c6c-494d-96b7-2a8caf8f374f,e66e813a-722d-40f8-9ee9-1470d07bc200,Tobačna,1395
e0f10330-ad34-453d-baf4-d6c601cb6cf8,bf64b499-211b-4da8-ace2-f12a17608ae3,5d7f28a6-2a2a-4333-aa06-48edfb652f86,Pošta,880
66a82f60-b1d1-4251-a715-178300014f18,49f28358-bfda-458e-a4b3-a45f602765c1,N/A,N/A,4525
ba6f47bf-d346-4ccb-8669-13b974d863a6,3429cda2-6047-453c-bf54-952dfa6674c0,fef200e9-4d98-425b-ab14-8110e2aa85d7,Drama,312
b2dd1684-0848-40f7-b10e-8f74bb005f2f,cddb3822-7daf-4cae-9cc3-6b191e81326b,N/A,N/A,4525
f33b721f-a8a3-4aad-96f2-077da09ebaa6,77c4dfcc-1122-4896-9983-8a5bd11320de,5d7f28a6-2a2a-4333-aa06-48edfb652f86,Pošta,2491
d72032c7-d4b0-4eee-a87c-593985a42266,9bb1ed3b-5a6f-43c7-afaf-ba2b60ca1a7a,a719a87c-4e93-4387-a6d1-2631a487f7e0,Ajdovščina,178
352f5cae-25c9-41c5-ab70-268bf64107f0,1f9fad8e-d59c-494c-bdd1-1983afacb755,557f714a-6f4a-4c98-8c5a-d74fa34b2adb,Hrvatski trg,43
67c3adc1-a92d-4528-91ee-77d8b52574c6,eb165f50-9c43-4b09-9658-469a16d3dc83,557f714a-6f4a-4c98-8c5a-d74fa34b2adb,Hrvatski trg,190
15c71406-72b5-4681-8b1a-29eb30eb3f76,af2956ba-d922-4ec4-bfa7-b623c29e8b3e,e66e813a-722d-40f8-9ee9-1470d07bc200,Tobačna,164
4a95f1f8-a457-4dcf-bd1f-6307d4300ea0,91b76764-87af-4b90-89dd-60f0046f7cc0,16578e36-c682-4083-bd29-4973445dc0fe,Gosposvetska,595
d2ff7ae5-59fc-4894-aa50-a7f16b5e3534,72e6ae6e-bd4b-4946-a032-7ff9b8b41039,9bb1ed3b-5a6f-43c7-afaf-ba2b60ca1a7a,Aškerčeva,19
a9796806-8cd3-4b76-bf8c-4340aec35c9e,352f5cae-25c9-41c5-ab70-268bf64107f0,fef200e9-4d98-425b-ab14-8110e2aa85d7,Drama,615
8dde1a7b-e3ec-4675-8409-2a2c4ae696c7,eb165f50-9c43-4b09-9658-469a16d3dc83,b905ae6a-f1e1-4057-8923-481902ed5a8e,Konzorcij,313
ee3713fe-016c-47eb-96d1-f760c9d19010,9b9d2948-7538-409c-9bfc-42c0b74c41a8,c87db9be-1fba-4102-a743-0ee4317dd5af,Bavarski dvor,289
8eeea585-6168-45b8-a5d4-336e61826043,36c4949b-403b-4a76-87e3-d67f51d655ef,9bb1ed3b-5a6f-43c7-afaf-ba2b60ca1a7a,Aškerčeva,652
2f18bcfa-6189-4de4-b06f-132d3392e7d6,7a52a73a-cc0e-4c61-b9bc-306157727e1c,557f714a-6f4a-4c98-8c5a-d74fa34b2adb,Hrvatski trg,989
7f45fe9c-917a-4571-9a74-9e940cd84f3c,318d4398-e152-498b-b4ff-1344c67adba6,9bb1ed3b-5a6f-43c7-afaf-ba2b60ca1a7a,Aškerčeva,815
13d6dac7-dc00-416e-a8c0-0d6967e4014e,3cb0ccbb-9b91-4d71-bd27-2acef732be4c,dc7b6fb3-15db-4c7e-9fa1-424943178ce6,LETALIŠKA P+R,1682
1a1ee974-5091-4fa7-96a2-0c2508892aa3,a6b87518-2a7f-4505-898f-245ebe23c909,fcccf4af-4f16-4edc-ba5a-585c434593fe,ZD Polje,136
8f56b058-1ae3-44f5-8600-4330f2264d78,1069d764-9345-425d-8c4d-12d6ffa1fde1,9b85d4b0-c594-4e0e-9ce2-d0986256c270,Tavčarjeva,765
125d4928-6b97-4a4b-af34-a2d1564c029c,a3aeed02-8e36-4cb0-bb08-25cc4afda164,bea274aa-277a-403d-ab2f-a0342b28882e,Križanke,195
7c390857-8fc7-49b5-9c9d-e5535d360148,9845a6f7-ba79-4f3d-b6ae-969651ef6001,N/A,N/A,4525
62b17644-b4a6-412f-9e03-79bbaf339717,717c914e-f928-4671-95f6-26c1ddb95799,f2fc2702-e9da-4c36-b6fc-9f52199e4574,Rakovnik,246
9741988b-6723-480b-a419-8db7490d667a,edf94a12-03e9-4225-b6cc-aca0edf588a7,aa42017d-812a-4175-bc9b-0fec03b18931,Ambrožev trg,592
7ad25867-5c97-4f9f-9b1b-4966436f7fbf,15af3c66-ad74-4f41-92f7-92e2ff72a51d,a719a87c-4e93-4387-a6d1-2631a487f7e0,Ajdovščina,1460
7484317c-269f-425f-8118-23eedab4e5f1,d83ec579-9ab5-4e30-bedd-86613c234abd,4038e02e-f22f-4af0-ba4f-7aab855b53af,Kneza Koclja,188
ab624858-605d-48c6-a660-d54c2e037a91,5930b5fe-26e2-4b69-bd1e-cdea021a0ab4,N/A,N/A,4525
7a52a73a-cc0e-4c61-b9bc-306157727e1c,105e10e7-fbab-4f99-94c9-178c25630b42,fac22b83-1bc0-4c12-8533-485b115409ef,Bolnica,9
bb995fbb-29c8-4035-9503-ae33320833a8,786a15d4-dd6b-42bb-a5c9-6ce994b5be9e,cf6f67f5-f7df-4462-828b-481134217fad,Žito,166
a9473958-e505-4c16-8498-486b06a47856,efecc3aa-ae68-4374-bc24-334280abcf3f,c9b2488c-cca9-4b84-83cb-638ef545c851,Kržičeva,1045
8fc42c89-96e2-4c69-a2b4-44d505f27ce9,65e92ecc-800d-4962-a8bc-0f50f1107a5b,a719a87c-4e93-4387-a6d1-2631a487f7e0,Ajdovščina,389
e66e813a-722d-40f8-9ee9-1470d07bc200,1d7af067-e43b-4a98-953c-75f1b267d9ce,087e50b6-7677-4a85-802f-5694266fe38b,Aškerčeva,786
bc66f88b-1412-44cb-b921-030d27335261,023d7b7a-b411-4e61-8746-b07f9e5c8f90,fef200e9-4d98-425b-ab14-8110e2aa85d7,Drama,178
7d579a55-27bc-49d0-a124-a5ed6233c55a,53c3c8c9-2e64-4a8f-9afb-031b24c17d5a,60ccc570-3714-410b-aa31-43d3a4c593c8,Tržnica Moste,440
5ddf10c0-90a5-4dbf-992c-23c0505674aa,c124f317-217b-4b89-9597-393843de4f81,d72032c7-d4b0-4eee-a87c-593985a42266,Tobačna,2611
c86d5f37-52ee-4e3a-99b5-b9554118c4d5,66a82f60-b1d1-4251-a715-178300014f18,fef200e9-4d98-425b-ab14-8110e2aa85d7,Drama,748
81a7167c-7913-442e-96c5-20dc6e25d74b,c9b2488c-cca9-4b84-83cb-638ef545c851,25ad5579-f6a0-4f35-a0c9-0678b41e9dde,Križanke,323
0b9c5011-4f2d-4753-914f-500532b0dbeb,b5273abc-dfeb-49a2-9607-249bf6415e4b,N/A,N/A,4525
ca8cbe57-95dc-4326-9c06-b60a87b981b1,77dcd833-fa4d-4c5a-93b1-31284942e61d,fef200e9-4d98-425b-ab14-8110e2aa85d7,Drama,419
e0f10330-ad34-453d-baf4-d6c601cb6cf8,5fa77d25-e7a3-42db-8cc9-52b612d5de19,0bb103e4-c4a6-4c4c-a13d-217ab4e6dfd3,Cesta na Vevče,559
912792ae-7f7e-4295-8064-38ea96a5dc4a,a0b1fb90-3f6a-4231-910a-18be192ac762,N/A,N/A,4525
01bc5983-63a7-4184-9986-32e5a5320684,f73d3fb2-082c-4518-8af2-45de5490df4e,77dcd833-fa4d-4c5a-93b1-31284942e61d,Šišenska,1196
406d6bb7-147c-4853-a917-e5c437b025e6,1f207e67-adf9-4da6-b107-3b58051d9990,fef200e9-4d98-425b-ab14-8110e2aa85d7,Drama,740
106bdc28-f0fe-4f13-b4ad-6c6a630550b5,548a85bd-f15f-427b-ad90-43cb50e9e31a,c6eab761-36e0-4bf8-88ed-48e594ed375b,Parmova,1
02c61e3f-2d2e-4b42-b695-bbd3cc672f6b,124ec397-421b-4737-bf71-09c9b1665a10,5d7f28a6-2a2a-4333-aa06-48edfb652f86,Pošta,329
b5e26d7f-8a91-4360-9811-2e8e05d27382,278a9d60-64c7-4bfa-aad0-24068aa760af,16578e36-c682-4083-bd29-4973445dc0fe,Gosposvetska,171
f1b7471e-db71-49da-846d-1232cb3e8f8f,da9650a3-6ec7-4cdb-95f2-a68851587dfc,25ad5579-f6a0-4f35-a0c9-0678b41e9dde,Križanke,343
6459bd02-d8f8-413e-9402-10b916f09a4f,c9b2488c-cca9-4b84-83cb-638ef545c851,4062cd22-b67a-4235-9980-0178b7add592,Drama,55
b2cf1f2c-3c77-4a23-891f-3cdbcda92f19,87785aa3-128e-4f15-82b0-d8c3cfa6076f,c1606675-dd38-4952-914b-6ca64fd56b7b,Rudnik,18
639551cf-fe23-4363-8ccd-655bc5d4119e,fb0042f8-d9e2-4916-b60a-38a026acf0c9,9a1c4c65-df77-481f-87ad-56143f02a864,Vižmarje,534
9807573b-8821-40e4-b891-a5cea6e23b3d,32ff2d5b-61ae-415b-941b-aeb1be1b5052,a719a87c-4e93-4387-a6d1-2631a487f7e0,Ajdovščina,1091
b4b7f450-4397-42d2-9d1e-39f786eecc2e,930fed8f-1d4d-40c6-9a3b-53697263a0f2,1f9fad8e-d59c-494c-bdd1-1983afacb755,Kodrova,92
98fa3880-5936-4ec8-ba04-39c7ff9a0e6a,5d1e404b-1606-457e-8d2b-4e3e80139532,6182f8e8-c45e-4606-b4a4-d909bd44d2cc,Gornji trg,2422
a9473958-e505-4c16-8498-486b06a47856,47a3bd8a-72ae-4e20-b43f-10bfaf49012c,a719a87c-4e93-4387-a6d1-2631a487f7e0,Ajdovščina,286
6182f8e8-c45e-4606-b4a4-d909bd44d2cc,5ddf10c0-90a5-4dbf-992c-23c0505674aa,a719a87c-4e93-4387-a6d1-2631a487f7e0,Ajdovščina,544
4ed69cbb-d738-450c-be11-7d96cd50ee50,6a774daa-3547-4128-b304-aa2d17d4391a,59faa0f0-34b1-47cd-ba3a-3b6f0d684c00,Žito,451
98fa3880-5936-4ec8-ba04-39c7ff9a0e6a,9a938b49-ce1d-4e1c-a789-e316630ebc4f,0b4a072e-6c2d-4c71-ab80-2b7142df81de,Tivoli,10
4ed69cbb-d738-450c-be11-7d96cd50ee50,59d96e2c-3ee3-4581-840a-3ddaf0003743,fef200e9-4d98-425b-ab14-8110e2aa85d7,Drama,284
1ce1c3a8-e0f6-4f90-b1aa-1448759d8b3c,5c38ad77-8124-42b3-810f-04703daec8b4,f4cfd904-bd11-4247-95df-32c4555a930f,Klinični center,882
5c8bdb89-116a-4d5d-9db1-9be443070380,4afd573d-abb7-4209-9b28-5c34811eb3ef,25ad5579-f6a0-4f35-a0c9-0678b41e9dde,Križanke,406
a2b5023d-5ce8-420f-ad2a-b61c7a1902a8,a1795ee0-9147-4a5c-bb11-f60a809f690e,7bcbdcaa-00b9-47d4-8982-09da26cd7bcb,Zaloška,611
5be3b187-5735-4444-bee7-0665f60e6c83,5be3b187-5735-4444-bee7-0665f60e6c83,aee8e842-6083-48a7-b14f-cc3d112537bb,Opekarska,196
02c61e3f-2d2e-4b42-b695-bbd3cc672f6b,666bd186-7a9a-4e20-a466-e7b1918dda9b,be5fb719-eda2-4831-90c6-249248ea22dd,ČRNUČE,223
98fa3880-5936-4ec8-ba04-39c7ff9a0e6a,d3283222-38a9-40e2-a485-180d1a33067c,fac22b83-1bc0-4c12-8533-485b115409ef,Bolnica,1089
60ccc570-3714-410b-aa31-43d3a4c593c8,712ee105-4fab-498a-af5c-496ca9830f5f,b829062a-2644-4350-b998-74522d9e85d8,Lutkovno gl.,19
9b9d2948-7538-409c-9bfc-42c0b74c41a8,c86d5f37-52ee-4e3a-99b5-b9554118c4d5,9b85d4b0-c594-4e0e-9ce2-d0986256c270,Tavčarjeva,239
379bc761-04b5-4227-be76-3b870fe3e69f,cdbafa76-fd1b-45e0-bbd6-d6c1c6a141f9,712ee105-4fab-498a-af5c-496ca9830f5f,Viadukt,422
f958cead-e4c3-4743-834d-46de4a06a8c9,30131bc3-a0f7-4cfc-9e4d-552b325c0ba7,8375ab17-e389-42b2-9b88-0210a049e321,Bonifacija,83
9afb36ea-c2ae-4bbb-9644-3a6c65bb1c7d,8d5e4aed-59fb-47c9-8559-5bf11b7ddca0,6182f8e8-c45e-4606-b4a4-d909bd44d2cc,Gornji trg,776
e0bcd677-6012-4c90-a884-44dffafdffec,36c4949b-403b-4a76-87e3-d67f51d655ef,d72032c7-d4b0-4eee-a87c-593985a42266,Tobačna,511
98a94a2a-894f-4ff0-9967-1dd986bf0cfd,995cbd67-507b-4c32-b794-0ff48e0a3de9,6efecef0-52ba-4a47-9991-9bab5ce31340,Ajdovščina,408
d2e3d9f5-0203-49a4-8ea1-455e2434a347,2388ce1f-c947-42d7-97f3-e01a7254c933,6cc5af3b-67ea-47f3-9e8a-10946c32b906,V. Lipljene,7
4d216485-ef41-45e7-9182-0c254644955c,c568fe2e-477f-4af2-ad68-cb8111f361d0,5d7f28a6-2a2a-4333-aa06-48edfb652f86,Pošta,508
8677848c-55dd-4af4-b275-3074a3ff4846,ad8a76cf-4386-44b3-9156-490c502e4bc4,9bb1ed3b-5a6f-43c7-afaf-ba2b60ca1a7a,Aškerčeva,1434
16d19639-a788-4df6-a168-6f8c3652ded7,769b7bc7-4f95-4bb2-9c99-37ba8e8b4bd5,64ea9f57-1f7f-465e-8721-55e26faee36a,Krimska,502
041e08cc-b1bd-4f2c-aa4e-a9aaf2837a28,2c87f988-902b-4b35-91da-5437a58759f5,4062cd22-b67a-4235-9980-0178b7add592,Drama,562
f11e48f8-4133-4c36-a36f-73b4f33d9592,785ad018-d0fe-4628-b188-15f6dc71b38e,a719a87c-4e93-4387-a6d1-2631a487f7e0,Ajdovščina,164
02c61e3f-2d2e-4b42-b695-bbd3cc672f6b,d3a6cbf3-65f0-4db8-9a10-1460763eac8e,2bf898b0-1247-4e84-87e2-2e044e580c8f,Tovorni kolodvor,6
1f4702d4-6b02-4ad3-aa9b-118ff9aa3474,69bc9f1c-507f-463c-ba5a-04500b319967,f2bac6f5-5bbc-4f15-acdd-014d86770ce9,Kneza Koclja,2930
406d6bb7-147c-4853-a917-e5c437b025e6,f33b721f-a8a3-4aad-96f2-077da09ebaa6,a719a87c-4e93-4387-a6d1-2631a487f7e0,Ajdovščina,1125
476c1b24-6f2f-4727-b610-645c50493814,55e3f615-be6c-43f4-9858-e199862771a4,feb89b92-366d-4f50-a509-40c7baba8cf0,Brodarjev trg,669
0b6c7b97-410c-48fa-be23-430c316f9b10,f784b27a-1509-4eec-bd52-6beee2b9530b,6c56976b-4ae1-429f-bcab-0cfc37e3580d,Zgornji log,1940
d9437903-d95a-49e6-9743-12b2b964e04c,c5ec5e81-2ce4-452d-bd7a-595de4f8b34f,5d7f28a6-2a2a-4333-aa06-48edfb652f86,Pošta,587
fdff5f9c-6c02-4fc1-a004-7032b17fa37a,8441d439-8d1d-40b8-b3d5-7b9c56848b43,5d7f28a6-2a2a-4333-aa06-48edfb652f86,Pošta,450
9b85d4b0-c594-4e0e-9ce2-d0986256c270,17f7d178-41b3-41f9-a545-cbfc22a0a5f1,a719a87c-4e93-4387-a6d1-2631a487f7e0,Ajdovščina,727
ff8f71b7-06fe-47fe-8238-9af5ee1b1dfd,f14a6236-8af2-47bf-9270-432377662a63,a719a87c-4e93-4387-a6d1-2631a487f7e0,Ajdovščina,1668
e9035f9a-28be-450a-a30c-7178134ff26b,010c271e-49ca-45a5-91ac-8ba8d41ee7f3,a719a87c-4e93-4387-a6d1-2631a487f7e0,Ajdovščina,109
eb43a68a-54a5-4a37-b090-1329e2b4d830,a12ab184-fb4b-449f-9884-88e0a1672e64,9bb1ed3b-5a6f-43c7-afaf-ba2b60ca1a7a,Aškerčeva,3165
6932c2e0-ff32-4170-b519-fba88e29c147,f33b721f-a8a3-4aad-96f2-077da09ebaa6,b905ae6a-f1e1-4057-8923-481902ed5a8e,Konzorcij,1324
ab624858-605d-48c6-a660-d54c2e037a91,66012072-6b6b-4775-8001-0887d18e09a3,N/A,N/A,4525
7554bb81-1144-4263-999d-f6e358d808fe,ea80411c-360d-4a33-861c-6533a1d67eef,60ccc570-3714-410b-aa31-43d3a4c593c8,Tržnica Moste,240
cf6f67f5-f7df-4462-828b-481134217fad,8c7fa045-888b-46d0-8189-6f82623bf481,8c7fa045-888b-46d0-8189-6f82623bf481,Poljanska,1350
52c437c8-73ae-4db5-ac31-8e7cf5104826,aa844493-50b0-4b91-b331-f4297d2ae6a8,N/A,N/A,4525
1c8efa00-4587-4efc-a10d-794e9d885857,6cc5af3b-67ea-47f3-9e8a-10946c32b906,4c08e174-6890-4c5d-9eec-15686971f909,Drobnič,389
277bc73c-e61d-4046-bcfd-31d6161c568e,f958cead-e4c3-4743-834d-46de4a06a8c9,25ad5579-f6a0-4f35-a0c9-0678b41e9dde,Križanke,200
62b17644-b4a6-412f-9e03-79bbaf339717,7ba233b7-a50a-497d-8135-dd8dabf93ff5,023d7b7a-b411-4e61-8746-b07f9e5c8f90,Ambrožev trg,775
295616c0-387b-4f60-a337-7743cd6be04e,3febe187-31d6-4229-be07-78ff782ca972,dadea785-0c6b-4054-9882-37227de3df4b,Pošta Dobrunje,968
4ca9e64c-29ad-4391-a6f2-7e1ae022d5bf,08506f21-8675-4972-a359-ba9412a1da49,16578e36-c682-4083-bd29-4973445dc0fe,Gosposvetska,2555
eb8e8d9a-a3d5-4ec1-9356-26e0e41912d1,6739536d-b334-46c6-ae80-4890afac7985,25ad5579-f6a0-4f35-a0c9-0678b41e9dde,Križanke,462
d2f9bbec-4b03-49a8-af83-afe65fe07a0e,184817a9-ca88-4c82-a40b-5768991da3df,bea274aa-277a-403d-ab2f-a0342b28882e,Križanke,625
87785aa3-128e-4f15-82b0-d8c3cfa6076f,ba846253-4c87-4120-8f1c-05a563bf3999,087e50b6-7677-4a85-802f-5694266fe38b,Aškerčeva,229
d6ae97e7-23b5-48d6-a9fa-2a2624e9f434,4a95f1f8-a457-4dcf-bd1f-6307d4300ea0,cdabf1ea-b04c-480a-8359-72c46e6864ab,Bežigrad,1133
c969f066-aab5-466d-b4db-48e651a4a12e,258aeffc-294a-4919-bfb0-34f90dc19892,47637057-8d6a-4cf9-bd56-3ac90748fcc4,Barje,32
aa9cc3b9-7c6c-4e45-b91a-1e0494fbf15e,ba59baf4-dd00-40a5-80e7-3eee6b9d8b09,b905ae6a-f1e1-4057-8923-481902ed5a8e,Konzorcij,938
2d42d8e2-26a8-4a74-809c-f436d05c8a54,a0b1fb90-3f6a-4231-910a-18be192ac762,fef200e9-4d98-425b-ab14-8110e2aa85d7,Drama,571
7e0c8a32-21cb-46dc-8e50-9c4675dfa322,3f01eb40-651e-4fad-aff9-2ee27f259f64,087e50b6-7677-4a85-802f-5694266fe38b,Aškerčeva,722
06348c07-2fb0-4dfb-a938-aaef614a7f68,9afb36ea-c2ae-4bbb-9644-3a6c65bb1c7d,b905ae6a-f1e1-4057-8923-481902ed5a8e,Konzorcij,198
352f5cae-25c9-41c5-ab70-268bf64107f0,ee03ecf6-db6d-4ecc-90cd-5b3afc8afb91,7c149b59-2bc6-45cb-95c8-69e18a0db627,Rusjanov trg,1146
a2ce7e6f-0f99-443a-a973-81a0b9c60261,c3534bc6-7bfd-43be-b46a-2b0fced57ab8,b905ae6a-f1e1-4057-8923-481902ed5a8e,Konzorcij,438
b4766c35-4ab9-4af3-aa76-1b1f40735685,0c6d0a32-5673-45fa-9d50-04d8039cbda1,bea274aa-277a-403d-ab2f-a0342b28882e,Križanke,327
dc6b96b1-d0fa-4d03-ac2b-8eba5bb97ba2,69f98a9c-d52d-423a-b44e-89b6320a7a88,bea274aa-277a-403d-ab2f-a0342b28882e,Križanke,745
13d6dac7-dc00-416e-a8c0-0d6967e4014e,3c6ebf90-c611-4535-b2b0-22fba3f7649a,bea274aa-277a-403d-ab2f-a0342b28882e,Križanke,103
98a94a2a-894f-4ff0-9967-1dd986bf0cfd,d98335a0-1291-4d4c-be62-16b11c356575,087e50b6-7677-4a85-802f-5694266fe38b,Aškerčeva,108
8e7a488b-cd48-4243-92b0-42792d0e3bc1,da623aed-094d-4c3c-9766-9f0aba0f40f6,5d7f28a6-2a2a-4333-aa06-48edfb652f86,Pošta,587
f174a648-9e84-492d-9ccd-0756b49c773b,67c3adc1-a92d-4528-91ee-77d8b52574c6,bea274aa-277a-403d-ab2f-a0342b28882e,Križanke,589
5b2cb528-ba33-461a-aee5-54e2ed8c3758,cf6f67f5-f7df-4462-828b-481134217fad,N/A,N/A,4525
15eaf9b9-db6d-4586-9ad2-5bfa99719bfd,8dde1a7b-e3ec-4675-8409-2a2c4ae696c7,4062cd22-b67a-4235-9980-0178b7add592,Drama,1519
46f20d33-601c-4ef6-b86c-7c2bb4af52fa,9143c575-806f-4ba0-81bc-8199f0b0b4d0,38b3abed-0592-407b-96c3-85a026f2e192,Dalmatinova,363
dac8d2a7-89e4-4aec-948d-00db4833ce7c,163da3ae-0ab9-480e-b72d-16357e0a9061,a378ce5e-57ce-4c52-b219-568674b5cd5e,Gornji trg,545
7fad8003-fb10-489d-bf8d-6d433310ad90,d9224caa-d582-4152-88e0-be720677fe16,fef200e9-4d98-425b-ab14-8110e2aa85d7,Drama,158
91b76764-87af-4b90-89dd-60f0046f7cc0,2f18bcfa-6189-4de4-b06f-132d3392e7d6,cbf8e64b-fd0d-48ec-8fb1-03b298cc13b3,Savsko naselje,347
f15ddf31-fc11-41ba-988d-376c83e38f58,c31b32c6-1ec2-48e9-9929-356fd0253540,52e5d1c1-28c9-4ed2-b0ec-5bf7311be753,Cesta v Bizovik,1709
22c11486-1afa-491f-b9ab-162d88c8c44d,995cbd67-507b-4c32-b794-0ff48e0a3de9,bea274aa-277a-403d-ab2f-a0342b28882e,Križanke,1802
f9d70942-e517-4560-8655-99481edd2b95,58db973d-ecbb-4aa6-a56c-c26aaff7f263,47a3bd8a-72ae-4e20-b43f-10bfaf49012c,Ob sotočju,878
fc3967fb-5520-4fff-a819-f625242182e5,70231f13-be88-4e3a-a89a-5b4f436984d2,4062cd22-b67a-4235-9980-0178b7add592,Drama,65
505865ea-cdea-4042-bdb2-b2f4f03889cb,f5e84751-7377-402c-974c-53276e422e70,c5ec5e81-2ce4-452d-bd7a-595de4f8b34f,Prušnikova,583
c71e1e0c-780a-4d46-8b33-09aebbbcfcd8,7e780e7f-3665-4ec7-a910-eaf6e9d82551,c87db9be-1fba-4102-a743-0ee4317dd5af,Bavarski dvor,157
ee837fd9-7a5c-4f14-bbd7-a46f14eb07c5,df63651e-45ab-4487-9429-9e604415b35c,fef200e9-4d98-425b-ab14-8110e2aa85d7,Drama,312
d9437903-d95a-49e6-9743-12b2b964e04c,48e907fd-e868-47cd-8cac-74c7d4582944,bea274aa-277a-403d-ab2f-a0342b28882e,Križanke,128
61485a1f-73a8-4dac-bcc7-6e4e53eb4b0f,5b59d508-0860-4f50-b5ab-72a79046b488,9bb1ed3b-5a6f-43c7-afaf-ba2b60ca1a7a,Aškerčeva,1010
12cfc2b3-f8ff-444b-8d5f-15855e45e331,eead721b-8996-4e73-a2f9-02dba20df4fa,bea274aa-277a-403d-ab2f-a0342b28882e,Križanke,104
c297ac70-8f43-4fbc-a8a4-366ddb883a8d,c86d5f37-52ee-4e3a-99b5-b9554118c4d5,b905ae6a-f1e1-4057-8923-481902ed5a8e,Konzorcij,49
1ce1c3a8-e0f6-4f90-b1aa-1448759d8b3c,727cab27-5e8e-4c5e-ba27-449822a45ee7,087e50b6-7677-4a85-802f-5694266fe38b,Aškerčeva,122
7fad8003-fb10-489d-bf8d-6d433310ad90,db9f7130-0bc2-4f3e-b8cd-07cfe96b1f8f,087e50b6-7677-4a85-802f-5694266fe38b,Aškerčeva,349
f2fc2702-e9da-4c36-b6fc-9f52199e4574,ccccee29-6fc7-4a86-b492-7f36a8e817db,N/A,N/A,4525
4bd4913f-8597-4ea0-b219-4e9b15dcbb62,e7789f42-0ad7-44d1-974b-42a3f4957291,ef91fd44-5651-4fd4-b6f8-619fdef9da7b,Hajdrihova,2111
783196f2-97cd-4265-bb9a-b13aa8bb6a0b,769b7bc7-4f95-4bb2-9c99-37ba8e8b4bd5,8eeea585-6168-45b8-a5d4-336e61826043,Zapuže,2248
c124f317-217b-4b89-9597-393843de4f81,65a6b01d-c9cf-4d4e-930c-5562156d7375,9bb1ed3b-5a6f-43c7-afaf-ba2b60ca1a7a,Aškerčeva,2222
3c6ebf90-c611-4535-b2b0-22fba3f7649a,0614b134-0950-4f6b-bc8f-fb73a0881bc1,5d7f28a6-2a2a-4333-aa06-48edfb652f86,Pošta,1058
f073b9d9-a3e3-4d04-a209-0db55377b79e,01bc5983-63a7-4184-9986-32e5a5320684,7fad8003-fb10-489d-bf8d-6d433310ad90,Nove Jarše,502
56dbd8ff-6ec8-4186-b46c-f74ddb5a304a,45303500-8b0e-4779-9abd-433b5f8b2838,bea274aa-277a-403d-ab2f-a0342b28882e,Križanke,311
9cd1e7f8-8ccf-4469-bc25-25d138605c67,5be3b187-5735-4444-bee7-0665f60e6c83,5d7f28a6-2a2a-4333-aa06-48edfb652f86,Pošta,55
d861c2ce-106a-4b95-a4fc-2af355c0bbf0,d119c3e9-7f2c-4d40-97a4-ccc6b4bb2951,fef200e9-4d98-425b-ab14-8110e2aa85d7,Drama,1197
8589e5d1-21b4-4210-ad7a-4bf91f9a715d,98239279-bb80-4070-965c-dc87525019e2,11d74c00-da13-4cad-883e-c6dcf8edcbe8,Aleja,117
9afb36ea-c2ae-4bbb-9644-3a6c65bb1c7d,a5eb15d2-f0cb-46a6-b888-6a9aad6bc5b6,c8e0086c-0cef-4375-a471-72f3ae1e34fc,Strelišče,492
15af3c66-ad74-4f41-92f7-92e2ff72a51d,4c277b3f-c427-404b-ace3-2cd51656318f,edc8bf1d-d4f1-4c5b-8112-e4fa71a02bae,I. Kobilca,756
c627c9f2-af02-4d83-969a-566719bb09e3,294c40c4-18e4-4d92-a947-911a8623de89,f4cfd904-bd11-4247-95df-32c4555a930f,Klinični center,1051
aa31554f-8623-42db-aedd-ad9a8f562e4c,e57aad1d-457e-401f-b26d-306b4fd836eb,25ad5579-f6a0-4f35-a0c9-0678b41e9dde,Križanke,673
3c6ebf90-c611-4535-b2b0-22fba3f7649a,5b59d508-0860-4f50-b5ab-72a79046b488,b905ae6a-f1e1-4057-8923-481902ed5a8e,Konzorcij,309
a7177a3d-8db2-43fb-8910-f95857f0ed97,86a75ffc-a78f-401f-8991-2eb0371417b2,N/A,N/A,4525
813b7c8c-5236-405a-bb0d-092a5d93c2a6,245bb1a4-ea6e-45b4-8331-b50983655326,ef31a8be-b01d-44cd-95cf-3db8e918af26,Emona,197
271db19a-744b-41a0-869d-0c3e0e2cb6bf,70c51140-f3ee-4c89-a6e2-ed74dab89148,fef200e9-4d98-425b-ab14-8110e2aa85d7,Drama,492
25c85d19-456c-4188-b563-15ad467a54c7,58db973d-ecbb-4aa6-a56c-c26aaff7f263,fef200e9-4d98-425b-ab14-8110e2aa85d7,Drama,31
d2ff7ae5-59fc-4894-aa50-a7f16b5e3534,d9f26e1a-77fc-48b0-a024-93fd38eb88a4,aa42017d-812a-4175-bc9b-0fec03b18931,Ambrožev trg,375
9cd1e7f8-8ccf-4469-bc25-25d138605c67,2154edb8-16e2-4334-8878-9e38abcdf06a,a719a87c-4e93-4387-a6d1-2631a487f7e0,Ajdovščina,321
73e6ef23-ef0c-41bf-9960-0e3078b94d23,18d010ca-0244-4928-82cb-47af0836a1bb,b905ae6a-f1e1-4057-8923-481902ed5a8e,Konzorcij,453
78ef8af0-fd16-46b8-a5de-8d24b99638c8,5930b5fe-26e2-4b69-bd1e-cdea021a0ab4,6a89c110-a0f8-4b1a-87f0-33f49c0a658e,Šola Jarše,355
c0a064eb-b507-43c2-a6d2-0e9c5881f031,7ea32e84-b8d9-498b-9f03-5a66990012b9,ee3713fe-016c-47eb-96d1-f760c9d19010,Svetčeva,2429
58db973d-ecbb-4aa6-a56c-c26aaff7f263,5ddf10c0-90a5-4dbf-992c-23c0505674aa,fef200e9-4d98-425b-ab14-8110e2aa85d7,Drama,1138
1c0ae078-cca7-40c8-aeda-1187a12ddfee,d08c4884-9764-447f-9b79-0ef7a645222f,5d7f28a6-2a2a-4333-aa06-48edfb652f86,Pošta,557
bd6d732b-65aa-4b59-be82-6ce1301e70d5,363e4763-df83-4814-99d2-879d448d5910,25ad5579-f6a0-4f35-a0c9-0678b41e9dde,Križanke,101
b5e26d7f-8a91-4360-9811-2e8e05d27382,0b90d258-764d-4c06-aab0-7074dbd54182,5d7f28a6-2a2a-4333-aa06-48edfb652f86,Pošta,630
eb43a68a-54a5-4a37-b090-1329e2b4d830,815a2c5e-19a1-41b0-bca4-69dca8912326,25ad5579-f6a0-4f35-a0c9-0678b41e9dde,Križanke,1071
3d9e90f6-2b67-4f24-9cc4-7c2063a08410,de80f5fd-4572-4bb6-9e21-9860f5fa6b24,bea274aa-277a-403d-ab2f-a0342b28882e,Križanke,196
cf22c7c2-776f-4bd7-ae1a-dc4f25983c19,29096931-9d98-487f-bd0a-b0767611e561,fef200e9-4d98-425b-ab14-8110e2aa85d7,Drama,744
cdabf1ea-b04c-480a-8359-72c46e6864ab,f1d7dbc8-d84b-4550-a3bd-e4748a677e9d,4062cd22-b67a-4235-9980-0178b7add592,Drama,21
f5dc05ab-b5cf-4f25-a85b-f346876311cb,7fdce743-a4be-44d7-8658-0a259a18ad30,5d7f28a6-2a2a-4333-aa06-48edfb652f86,Pošta,243
8fbf17ab-413b-442c-9c6a-0eb8873a4755,8d5e4aed-59fb-47c9-8559-5bf11b7ddca0,fef200e9-4d98-425b-ab14-8110e2aa85d7,Drama,415
36d25599-0bed-48a0-bcb4-134be8a959fe,c86d5f37-52ee-4e3a-99b5-b9554118c4d5,a719a87c-4e93-4387-a6d1-2631a487f7e0,Ajdovščina,863
9f6048f0-5c5e-4773-915e-4ee05d200e27,8d767444-3983-4409-bda1-d298b52c7bfe,087e50b6-7677-4a85-802f-5694266fe38b,Aškerčeva,536
92928953-a289-4a44-a653-b7b6b4f5e1c2,a4545f57-dab0-4ca0-9da3-5bc96d80f104,e82569a6-73f3-4002-b7b5-0f83ee167535,Silos,27
08f2fb98-afdf-4961-b419-1bca7f5568ab,e8d0bfd1-b300-4eae-8f85-79266066bb3c,bea274aa-277a-403d-ab2f-a0342b28882e,Križanke,490
476c1b24-6f2f-4727-b610-645c50493814,ccd8a655-468b-4728-a26d-7981bbdd7dec,fef200e9-4d98-425b-ab14-8110e2aa85d7,Drama,396
caac4c1a-13e4-4afa-b467-65d90a8fbd44,912792ae-7f7e-4295-8064-38ea96a5dc4a,N/A,N/A,4525
3c143688-247f-41cc-960d-f5e37b874c3a,84578591-7543-4105-8465-9df30256360d,fef200e9-4d98-425b-ab14-8110e2aa85d7,Drama,371
9c57d59a-53f8-4a16-b279-2ab1745ea230,5a06b853-39a7-479d-ac40-fafa659fd896,4062cd22-b67a-4235-9980-0178b7add592,Drama,385
6bd46cb7-9e5d-453a-878a-bcc38fb2a5f2,c71e1e0c-780a-4d46-8b33-09aebbbcfcd8,fef200e9-4d98-425b-ab14-8110e2aa85d7,Drama,206
f07c916c-6fc6-4acf-a334-0ab0d3c4f57f,21764d19-62cc-49fd-bac9-403aeac6a6b9,c6eab761-36e0-4bf8-88ed-48e594ed375b,Parmova,47
fcfe6ac9-74b3-4c13-96b7-6041f1454813,2e6c059c-0305-47bb-9ca8-00a2123039e9,fef200e9-4d98-425b-ab14-8110e2aa85d7,Drama,408
b56664c0-1dc1-42c5-b10b-52c3fb0dd042,6330ad8d-b582-4c92-bc7e-d3f206264f04,25ad5579-f6a0-4f35-a0c9-0678b41e9dde,Križanke,901
4ec1b435-1683-4cd7-a4d0-688cc9f3b603,a0b1fb90-3f6a-4231-910a-18be192ac762,5d7f28a6-2a2a-4333-aa06-48edfb652f86,Pošta,309
845b482b-dba1-4313-a476-e772691689cf,784bebe9-c0c7-46eb-943d-0b1808ffd5ac,25ad5579-f6a0-4f35-a0c9-0678b41e9dde,Križanke,341
5b184752-5bd2-43e3-9243-dfc8969d9065,eba0daca-3696-4f72-a1dd-5f7b5fd02a63,N/A,N/A,4525
83a62071-0161-47a2-b745-eafb5e945632,727cab27-5e8e-4c5e-ba27-449822a45ee7,bea274aa-277a-403d-ab2f-a0342b28882e,Križanke,399
cdee8be6-e02c-4fb5-9752-be1bac08d90d,d7d43617-ef41-4f9e-bbad-670d515d926a,ba6f47bf-d346-4ccb-8669-13b974d863a6,Križišče Sostro,107
bbe542ee-a3f6-43cf-b23a-077c28b7d19a,1907a46a-4559-43ec-8363-03fe35d30725,bea274aa-277a-403d-ab2f-a0342b28882e,Križanke,431
e7789f42-0ad7-44d1-974b-42a3f4957291,c6eab761-36e0-4bf8-88ed-48e594ed375b,aa42017d-812a-4175-bc9b-0fec03b18931,Ambrožev trg,373
b47eac47-d897-4ba7-ab06-8e642cc8efe8,f4e99ece-e89e-4322-80c6-5a91df65f64e,6c56976b-4ae1-429f-bcab-0cfc37e3580d,Zgornji log,449
d27a7320-71d6-48bc-a4f5-0f3e239575b8,8561e9fb-03e0-46f1-802d-b376d26a8ea5,627be449-8b6a-40f4-a57c-09ccdacccb66,Novo naselje,76
717dda7e-d793-4697-8f60-b64ee8b1edc4,f14a6236-8af2-47bf-9270-432377662a63,25ad5579-f6a0-4f35-a0c9-0678b41e9dde,Križanke,37
dadea785-0c6b-4054-9882-37227de3df4b,05bd4cbd-b014-4cfd-8ca9-3c82b0a59114,a719a87c-4e93-4387-a6d1-2631a487f7e0,Ajdovščina,1126
5a06b853-39a7-479d-ac40-fafa659fd896,d7384760-d854-492d-87af-f342cab37fc1,9bb1ed3b-5a6f-43c7-afaf-ba2b60ca1a7a,Aškerčeva,847
9845a6f7-ba79-4f3d-b6ae-969651ef6001,54c591c0-7bbb-4489-9229-57b18f95827a,eb165f50-9c43-4b09-9658-469a16d3dc83,Kodeljevo,356
5ddf10c0-90a5-4dbf-992c-23c0505674aa,7b41ca8e-2e41-4572-aa5c-1d80375e8835,a719a87c-4e93-4387-a6d1-2631a487f7e0,Ajdovščina,276
9afb36ea-c2ae-4bbb-9644-3a6c65bb1c7d,f2920a77-6c6c-494d-96b7-2a8caf8f374f,16578e36-c682-4083-bd29-4973445dc0fe,Gosposvetska,142
66a82f60-b1d1-4251-a715-178300014f18,bbfc6d44-94da-4cfd-b22a-368a2b11ce20,4062cd22-b67a-4235-9980-0178b7add592,Drama,479
1aa7e441-8646-4d1d-88bd-ab004758ffc4,08f2fb98-afdf-4961-b419-1bca7f5568ab,fa96d420-d1af-4ad0-bf6a-4544deb1c5eb,Streliška,950
e0bcd677-6012-4c90-a884-44dffafdffec,aa42017d-812a-4175-bc9b-0fec03b18931,d9a82add-03d0-47d8-9f35-117b7a5ded44,Gerbičeva,803
352f5cae-25c9-41c5-ab70-268bf64107f0,95732ece-1658-4e11-9b5f-b6ae5552e638,6182f8e8-c45e-4606-b4a4-d909bd44d2cc,Gornji trg,265
58db973d-ecbb-4aa6-a56c-c26aaff7f263,dfde6478-02b5-471b-a470-29cb0e84542f,fef200e9-4d98-425b-ab14-8110e2aa85d7,Drama,44
6c773433-c487-49c5-a783-32c0e276ed7b,156a6f62-9a67-4cf0-ad56-85a343c77cd2,f073b9d9-a3e3-4d04-a209-0db55377b79e,Zmajski most,318
bf64b499-211b-4da8-ace2-f12a17608ae3,8677848c-55dd-4af4-b275-3074a3ff4846,17f7d178-41b3-41f9-a545-cbfc22a0a5f1,Nusdorferjeva,250
ed50f692-09f9-409e-b7d6-05ff7711de6b,c969f066-aab5-466d-b4db-48e651a4a12e,f4cfd904-bd11-4247-95df-32c4555a930f,Klinični center,869
acedfed0-a3ba-4fa3-8cd6-910783961f0a,67d66d40-e8ba-4bc0-a9cf-814dce3ccbea,087e50b6-7677-4a85-802f-5694266fe38b,Aškerčeva,482
cf94d70f-d211-4625-9037-014514562aa9,9583dbdd-06fd-411e-88dd-af8f89e2caaa,16578e36-c682-4083-bd29-4973445dc0fe,Gosposvetska,365
184817a9-ca88-4c82-a40b-5768991da3df,05bd4cbd-b014-4cfd-8ca9-3c82b0a59114,087e50b6-7677-4a85-802f-5694266fe38b,Aškerčeva,1917
484b5c91-1220-43ba-af79-84e712fcc46b,352f5cae-25c9-41c5-ab70-268bf64107f0,9bb1ed3b-5a6f-43c7-afaf-ba2b60ca1a7a,Aškerčeva,465
b905ae6a-f1e1-4057-8923-481902ed5a8e,02e96186-e90a-4171-8869-082486f7da1d,N/A,N/A,4525
2a7d32ca-24a1-41ac-a273-0cbcdec59336,9741988b-6723-480b-a419-8db7490d667a,25ad5579-f6a0-4f35-a0c9-0678b41e9dde,Križanke,438
f9d70942-e517-4560-8655-99481edd2b95,fcec9e7a-1c9e-4214-96dd-d071550349e6,43df2657-d56f-4fc4-8c40-49180cbbe90c,Ruski car,132
9a938b49-ce1d-4e1c-a789-e316630ebc4f,c0a064eb-b507-43c2-a6d2-0e9c5881f031,f14a6236-8af2-47bf-9270-432377662a63,Viadukt,4
39650ca1-d08c-4645-ac1a-6aed84eb45c5,2f874852-bc80-4ff3-b6bf-a914e31251c8,7a52a73a-cc0e-4c61-b9bc-306157727e1c,Tržnica Moste,583
48b163cd-b819-4849-aee1-8b1da77657ab,6bc92f4c-414c-456b-9150-d58a7689d26e,bea274aa-277a-403d-ab2f-a0342b28882e,Križanke,157
66943a7c-28b4-40a6-a996-21aa0b968435,0c6d0a32-5673-45fa-9d50-04d8039cbda1,0614b134-0950-4f6b-bc8f-fb73a0881bc1,Gornje Poljane,834
9ab2717b-1396-4885-bb5b-9857d7195d0d,51e04e1d-9ea1-432d-8b79-09e6c2a7be7b,5d7f28a6-2a2a-4333-aa06-48edfb652f86,Pošta,1450
447a37f6-2be6-45a3-8ae0-6982aa53cafb,a2b5023d-5ce8-420f-ad2a-b61c7a1902a8,17f7d178-41b3-41f9-a545-cbfc22a0a5f1,Nusdorferjeva,1639
6e7cab20-d7e3-474f-9a5e-f1e0ca6fae53,0760a037-cd94-4936-89b6-45ce9bd19917,4062cd22-b67a-4235-9980-0178b7add592,Drama,44
77dcd833-fa4d-4c5a-93b1-31284942e61d,1e157c31-d34d-4c2e-91b4-8c000c88f6dd,38b3abed-0592-407b-96c3-85a026f2e192,Dalmatinova,381
fcc58ff5-bf0b-44ce-b12b-75ecc493f24d,b0d473cd-f35e-4a30-8d0d-70f16b92e8e8,38b3abed-0592-407b-96c3-85a026f2e192,Dalmatinova,715
815a2c5e-19a1-41b0-bca4-69dca8912326,b2dd1684-0848-40f7-b10e-8f74bb005f2f,N/A,N/A,4525
ba846253-4c87-4120-8f1c-05a563bf3999,9741988b-6723-480b-a419-8db7490d667a,4038e02e-f22f-4af0-ba4f-7aab855b53af,Kneza Koclja,485
754e8f1f-a5ba-4281-8f31-fb3357744cd2,f11e48f8-4133-4c36-a36f-73b4f33d9592,4062cd22-b67a-4235-9980-0178b7add592,Drama,899
9741988b-6723-480b-a419-8db7490d667a,300f1367-4ba4-4416-90e4-caa8f33e9144,9bb1ed3b-5a6f-43c7-afaf-ba2b60ca1a7a,Aškerčeva,418
7484317c-269f-425f-8118-23eedab4e5f1,62b17644-b4a6-412f-9e03-79bbaf339717,a719a87c-4e93-4387-a6d1-2631a487f7e0,Ajdovščina,887
5a06b853-39a7-479d-ac40-fafa659fd896,3f996624-8134-4eec-9742-70111db659c1,bea274aa-277a-403d-ab2f-a0342b28882e,Križanke,92
f1b7471e-db71-49da-846d-1232cb3e8f8f,ccd8a655-468b-4728-a26d-7981bbdd7dec,e66e813a-722d-40f8-9ee9-1470d07bc200,Tobačna,537
bd6d732b-65aa-4b59-be82-6ce1301e70d5,352f5cae-25c9-41c5-ab70-268bf64107f0,a719a87c-4e93-4387-a6d1-2631a487f7e0,Ajdovščina,318
2d6504e9-c938-417e-9b55-32d6514bc744,cdee8be6-e02c-4fb5-9752-be1bac08d90d,6a89c110-a0f8-4b1a-87f0-33f49c0a658e,Šola Jarše,11
bd1396f2-4dc8-4695-9bf1-c601157100d8,d06c6c8a-c136-4b7a-9c13-b26ba0c04029,9bb1ed3b-5a6f-43c7-afaf-ba2b60ca1a7a,Aškerčeva,2328
5aeac892-889f-4c5a-8fde-67e6ac096242,d5735919-60bb-4720-a695-9f5155a4f109,fef200e9-4d98-425b-ab14-8110e2aa85d7,Drama,955
124ec397-421b-4737-bf71-09c9b1665a10,6afef238-01cd-4ad0-859d-2056b5d4a63f,8f56b058-1ae3-44f5-8600-4330f2264d78,Privoz,272
5de6ff80-1352-43df-b5ec-1df59f2f492b,91745353-dd19-49ee-beaf-332e546dcceb,dfde6478-02b5-471b-a470-29cb0e84542f,Slovenija avto,209
666e98e1-4a23-4204-a3e6-99110f8b3153,cbf8e64b-fd0d-48ec-8fb1-03b298cc13b3,a719a87c-4e93-4387-a6d1-2631a487f7e0,Ajdovščina,55
1faa072c-478b-4656-8df3-84167a9a4bbb,4f21a18a-3cb0-4c6c-bb92-e7c8945fac1c,5d7f28a6-2a2a-4333-aa06-48edfb652f86,Pošta,535
6182f8e8-c45e-4606-b4a4-d909bd44d2cc,f1b7471e-db71-49da-846d-1232cb3e8f8f,fef200e9-4d98-425b-ab14-8110e2aa85d7,Drama,49
596e3cfe-bd4c-4afa-ba4c-33172dba9be1,2b223d0c-f8ec-4970-815c-bfe26c3ffc09,9b85d4b0-c594-4e0e-9ce2-d0986256c270,Tavčarjeva,1427
9b0074d2-2c92-4c01-830b-00be8e05b412,2c87f988-902b-4b35-91da-5437a58759f5,717c914e-f928-4671-95f6-26c1ddb95799,Cesta v Gorice,254
8f623f1d-48a7-46b5-9331-28a8dc980876,294c40c4-18e4-4d92-a947-911a8623de89,e9d9f622-7394-4c5c-9031-a41855a64aa7,Polje,439
cbf8e64b-fd0d-48ec-8fb1-03b298cc13b3,16d19639-a788-4df6-a168-6f8c3652ded7,fef200e9-4d98-425b-ab14-8110e2aa85d7,Drama,151
1c0ae078-cca7-40c8-aeda-1187a12ddfee,259de009-1345-4169-920b-baeaceade993,b905ae6a-f1e1-4057-8923-481902ed5a8e,Konzorcij,467
7fdce743-a4be-44d7-8658-0a259a18ad30,8f623f1d-48a7-46b5-9331-28a8dc980876,25ad5579-f6a0-4f35-a0c9-0678b41e9dde,Križanke,268
53ec687a-6f0c-4bb7-b1b4-606e7dcfada9,d119c3e9-7f2c-4d40-97a4-ccc6b4bb2951,7fa32ea0-e884-435a-a81c-51bbd5cedf3e,Zaloška,741
0d50a4a8-a88d-4468-b562-73e51937e1c5,666e98e1-4a23-4204-a3e6-99110f8b3153,fef200e9-4d98-425b-ab14-8110e2aa85d7,Drama,679
ee3713fe-016c-47eb-96d1-f760c9d19010,3d0466c6-82f4-4a8e-ac5f-18d4dab794ac,b829062a-2644-4350-b998-74522d9e85d8,Lutkovno gl.,1757
e97befb6-5dc6-4603-ad5e-3aa96b4b2221,f73d3fb2-082c-4518-8af2-45de5490df4e,bea274aa-277a-403d-ab2f-a0342b28882e,Križanke,457
7411cd45-83d2-40e6-89f6-5a0995e409cb,aee8e842-6083-48a7-b14f-cc3d112537bb,N/A,N/A,4525
298fea2e-c58b-4d99-9350-2420c718d2cc,f1d7dbc8-d84b-4550-a3bd-e4748a677e9d,15c71406-72b5-4681-8b1a-29eb30eb3f76,Kristalna palača,420
ff8f71b7-06fe-47fe-8238-9af5ee1b1dfd,6559d555-672b-4633-8a81-0ae68fb963eb,12618339-2c2d-49ec-b0e0-2517c11991f8,Mirje,972
c22879e5-8e90-4540-9a74-5f139208e492,26d86ffa-b8df-49aa-a9c0-5fa7d3cfba77,a719a87c-4e93-4387-a6d1-2631a487f7e0,Ajdovščina,358
05643914-8ff7-4064-8737-2761d44a083f,6edebb46-d04f-45c4-99a4-100f7f0b2660,b905ae6a-f1e1-4057-8923-481902ed5a8e,Konzorcij,1033
7d1d9e60-8a7d-4e50-86e5-f3a42a99d837,d7d791d9-02e0-4369-be0c-1546fc2044a4,N/A,N/A,4525
c326e479-ccc3-4915-8788-3fa189d0143e,98a75a4c-0ef8-4efa-8f0a-384fe8eafce0,fef200e9-4d98-425b-ab14-8110e2aa85d7,Drama,291
ecc4ae87-ae08-4b94-995c-452fdd94df7f,4e8ccfa1-b58c-4ee1-ad82-2e8a645071f3,fef200e9-4d98-425b-ab14-8110e2aa85d7,Drama,422
69bc9f1c-507f-463c-ba5a-04500b319967,f73d3fb2-082c-4518-8af2-45de5490df4e,bea274aa-277a-403d-ab2f-a0342b28882e,Križanke,1038
b2dd1684-0848-40f7-b10e-8f74bb005f2f,f1bc11ca-7516-447a-b826-7051c5306af7,N/A,N/A,4525
1069d764-9345-425d-8c4d-12d6ffa1fde1,5560d06d-4058-473e-abba-099b05d7cf07,16578e36-c682-4083-bd29-4973445dc0fe,Gosposvetska,835
3f0c15b3-99bd-4c12-8f7a-df06c9536526,83a62071-0161-47a2-b745-eafb5e945632,25ad5579-f6a0-4f35-a0c9-0678b41e9dde,Križanke,282
9e109242-5aad-4fb7-b0c8-576eef8aa4e0,245bb1a4-ea6e-45b4-8331-b50983655326,5cc8a08d-c0af-491f-9a9c-b8b4f5f23bc0,BTC-Emporium,1124
1536cb2e-acd3-49cb-8f06-bb8cd40c0c02,b0b32562-f5dc-4183-abba-5729adf98088,25ad5579-f6a0-4f35-a0c9-0678b41e9dde,Križanke,140
2edaabef-ed43-4b87-ba95-a5600c33250f,c22879e5-8e90-4540-9a74-5f139208e492,25ad5579-f6a0-4f35-a0c9-0678b41e9dde,Križanke,550
8f56b058-1ae3-44f5-8600-4330f2264d78,093afa81-b65f-4182-bac3-afbc00558a9b,5d7f28a6-2a2a-4333-aa06-48edfb652f86,Pošta,155
f5dc05ab-b5cf-4f25-a85b-f346876311cb,8589e5d1-21b4-4210-ad7a-4bf91f9a715d,484b5c91-1220-43ba-af79-84e712fcc46b,Slovenija avto,148
5cc8a08d-c0af-491f-9a9c-b8b4f5f23bc0,406d6bb7-147c-4853-a917-e5c437b025e6,b905ae6a-f1e1-4057-8923-481902ed5a8e,Konzorcij,406
51dbf10f-cf3b-4575-a8cc-d1080c1f9dde,c87db9be-1fba-4102-a743-0ee4317dd5af,55f1ae46-11e5-4270-991f-f09dae6c58bf,Kodeljevo,465
66a82f60-b1d1-4251-a715-178300014f18,9b0074d2-2c92-4c01-830b-00be8e05b412,7fa32ea0-e884-435a-a81c-51bbd5cedf3e,Zaloška,37
7add6fa5-bfd5-4d9c-841b-d9856088ede9,cecad767-51e5-4683-bf56-e6e342f8d1e0,88cdd36c-03d2-4374-a22f-110dd9f75ea0,Kajuhova,1038
80c65758-5f25-4003-8d55-10ff96fe8310,0b9c5011-4f2d-4753-914f-500532b0dbeb,N/A,N/A,4525
4ab506fa-0fcd-431b-ace7-19ffa5f0576a,1a3351a1-563e-4174-b402-54bc0e2f5191,f4cfd904-bd11-4247-95df-32c4555a930f,Klinični center,366
25ad5579-f6a0-4f35-a0c9-0678b41e9dde,f073b9d9-a3e3-4d04-a209-0db55377b79e,f4cfd904-bd11-4247-95df-32c4555a930f,Klinični center,28
a7094427-e180-4deb-acaf-5d4488326e9e,7b687edb-dc47-4b68-a13e-34713cababe9,a378ce5e-57ce-4c52-b219-568674b5cd5e,Gornji trg,220
6a0b25cc-428e-47b5-831a-e89facfa7f26,eead721b-8996-4e73-a2f9-02dba20df4fa,4062cd22-b67a-4235-9980-0178b7add592,Drama,1145
300f1367-4ba4-4416-90e4-caa8f33e9144,a999f83e-4e6a-4ef9-9a10-e4a2c8a4a182,9b85d4b0-c594-4e0e-9ce2-d0986256c270,Tavčarjeva,2118
e8b0d4a2-f65e-4aed-97b8-77ab0d07955a,9a480b5e-0283-4130-a5e2-9d5e996caa4f,9bb1ed3b-5a6f-43c7-afaf-ba2b60ca1a7a,Aškerčeva,675
e78f256e-7218-4263-87b9-255bd90c9f49,163da3ae-0ab9-480e-b72d-16357e0a9061,023d7b7a-b411-4e61-8746-b07f9e5c8f90,Ambrožev trg,226
e9089f7d-853e-4375-8ecb-0db96fcc60e6,fcec9e7a-1c9e-4214-96dd-d071550349e6,bea274aa-277a-403d-ab2f-a0342b28882e,Križanke,640
521edd75-c364-480a-af9e-a1c9815b6dd7,29096931-9d98-487f-bd0a-b0767611e561,3429cda2-6047-453c-bf54-952dfa6674c0,Klinični center,1312
80c65758-5f25-4003-8d55-10ff96fe8310,30c30bf5-75c4-4dc0-995f-4679ef54d37c,bea274aa-277a-403d-ab2f-a0342b28882e,Križanke,210
023d7b7a-b411-4e61-8746-b07f9e5c8f90,f14a6236-8af2-47bf-9270-432377662a63,a719a87c-4e93-4387-a6d1-2631a487f7e0,Ajdovščina,44
6340ea93-391e-45b9-94b0-56d1d7c87e20,7c149b59-2bc6-45cb-95c8-69e18a0db627,fef200e9-4d98-425b-ab14-8110e2aa85d7,Drama,529
2f874852-bc80-4ff3-b6bf-a914e31251c8,60d91c8b-d5a9-4ef4-927c-e241bc31f81a,923bd774-0651-4e0a-8624-3acfb7ecd5ff,Gornje Poljane,407
5f6cb902-b824-4961-9ac2-75cf44a47055,cce39cbe-6961-433a-a787-64fbf602f470,fef200e9-4d98-425b-ab14-8110e2aa85d7,Drama,972
5aeac892-889f-4c5a-8fde-67e6ac096242,65a6b01d-c9cf-4d4e-930c-5562156d7375,cbf8e64b-fd0d-48ec-8fb1-03b298cc13b3,Savsko naselje,858
d72d58c2-b9a9-4dd5-b741-17e986d925c8,acedfed0-a3ba-4fa3-8cd6-910783961f0a,4062cd22-b67a-4235-9980-0178b7add592,Drama,341
4682c5fd-08cb-4af1-a3e2-6f1ee880a52d,e97befb6-5dc6-4603-ad5e-3aa96b4b2221,f2920a77-6c6c-494d-96b7-2a8caf8f374f,Mirje,162
d3a6cbf3-65f0-4db8-9a10-1460763eac8e,9ab2717b-1396-4885-bb5b-9857d7195d0d,6182f8e8-c45e-4606-b4a4-d909bd44d2cc,Gornji trg,620
40fcc1b9-2c42-4db8-bd48-d431efc8a3fd,7b687edb-dc47-4b68-a13e-34713cababe9,397418bc-78a7-45c9-b5cf-374fe21cee11,Akademija,397
e74131c6-ac2f-477b-9693-10bb5ab9f24b,fb662324-f307-452f-9b00-0275dadfd382,N/A,N/A,4525
62feeb73-9af7-43ee-8714-1b435ec20263,0c5f69a6-97c7-4053-bc0b-3f09dbf72f46,bea274aa-277a-403d-ab2f-a0342b28882e,Križanke,136
eee4abae-e720-4776-b6c7-0099d0119246,d4c25d68-c340-431b-a646-7680fe0cefee,3429cda2-6047-453c-bf54-952dfa6674c0,Klinični center,355
807c11ba-4b3a-4e2b-82b5-abf5864fa4bc,e2499103-6634-4d8e-87a8-68dc5ef6340c,25ad5579-f6a0-4f35-a0c9-0678b41e9dde,Križanke,249
10d57057-b305-4b7a-806b-3373014db962,8375ab17-e389-42b2-9b88-0210a049e321,9b0074d2-2c92-4c01-830b-00be8e05b412,Cukrarna,253
f784b27a-1509-4eec-bd52-6beee2b9530b,97d3e896-2af7-40f9-bfbf-59cf3fcbf93a,fef200e9-4d98-425b-ab14-8110e2aa85d7,Drama,1079
a12ab184-fb4b-449f-9884-88e0a1672e64,277bc73c-e61d-4046-bcfd-31d6161c568e,087e50b6-7677-4a85-802f-5694266fe38b,Aškerčeva,753
61926b26-d777-483f-ae79-86766c48793b,6c56976b-4ae1-429f-bcab-0cfc37e3580d,12618339-2c2d-49ec-b0e0-2517c11991f8,Mirje,153
bc19ad1c-00fc-47f1-926e-ddeb12f686ba,34ead609-4331-48ab-8e82-52dd70da9832,fef200e9-4d98-425b-ab14-8110e2aa85d7,Drama,242
659ee31d-ae12-4498-8507-28579d322e32,de80f5fd-4572-4bb6-9e21-9860f5fa6b24,a719a87c-4e93-4387-a6d1-2631a487f7e0,Ajdovščina,414
b2cf1f2c-3c77-4a23-891f-3cdbcda92f19,4ca7ae7e-380b-45e3-81de-00ffab5bb531,6efecef0-52ba-4a47-9991-9bab5ce31340,Ajdovščina,1986
10d57057-b305-4b7a-806b-3373014db962,4d57f6bd-7ba7-4f07-8aa1-ecac0b09e8db,7fa32ea0-e884-435a-a81c-51bbd5cedf3e,Zaloška,644
524d67dd-fbb0-4f6a-9199-f095123044ab,aa42017d-812a-4175-bc9b-0fec03b18931,6c56976b-4ae1-429f-bcab-0cfc37e3580d,Zgornji log,213
d7d43617-ef41-4f9e-bbad-670d515d926a,a1406782-3114-407c-8e35-35bcf5a1234b,b905ae6a-f1e1-4057-8923-481902ed5a8e,Konzorcij,696
8561e9fb-03e0-46f1-802d-b376d26a8ea5,ed50f692-09f9-409e-b7d6-05ff7711de6b,087e50b6-7677-4a85-802f-5694266fe38b,Aškerčeva,319
66a82f60-b1d1-4251-a715-178300014f18,76ec8af8-07c2-4d44-b0d8-a439d381913f,28248670-5e08-4de2-8eab-e63933c0d61d,Podmornica,513
e9035f9a-28be-450a-a30c-7178134ff26b,d4d4230a-5247-4071-baa4-463321d9d934,6182f8e8-c45e-4606-b4a4-d909bd44d2cc,Gornji trg,578
2d42d8e2-26a8-4a74-809c-f436d05c8a54,ecc4ae87-ae08-4b94-995c-452fdd94df7f,d72032c7-d4b0-4eee-a87c-593985a42266,Tobačna,16
47a3bd8a-72ae-4e20-b43f-10bfaf49012c,64ea9f57-1f7f-465e-8721-55e26faee36a,923bd774-0651-4e0a-8624-3acfb7ecd5ff,Gornje Poljane,963
cdbafa76-fd1b-45e0-bbd6-d6c1c6a141f9,d2e3d9f5-0203-49a4-8ea1-455e2434a347,N/A,N/A,4525
6d344016-1b93-4ff7-80a8-8cde0b57bd1c,c0fb12dd-8cab-40da-a3aa-e8de9c6d09ed,923bd774-0651-4e0a-8624-3acfb7ecd5ff,Gornje Poljane,1446
785ad018-d0fe-4628-b188-15f6dc71b38e,cec37fa8-0d4a-4e80-a259-2fa91b68463d,16578e36-c682-4083-bd29-4973445dc0fe,Gosposvetska,311
7e0c8a32-21cb-46dc-8e50-9c4675dfa322,3f0c15b3-99bd-4c12-8f7a-df06c9536526,2265e4de-a537-4f97-882b-c94c24aabfb0,Sostro,9
fcccf4af-4f16-4edc-ba5a-585c434593fe,6edebb46-d04f-45c4-99a4-100f7f0b2660,bea274aa-277a-403d-ab2f-a0342b28882e,Križanke,384
7554bb81-1144-4263-999d-f6e358d808fe,d98335a0-1291-4d4c-be62-16b11c356575,e66e813a-722d-40f8-9ee9-1470d07bc200,Tobačna,889
fd0e405e-d5e5-45fc-8911-e48a178ad4a9,e0c253d0-1de7-4add-ac75-8b16151fa462,7a52a73a-cc0e-4c61-b9bc-306157727e1c,Tržnica Moste,560
21a5f1e3-8ac0-4023-95ca-0a3ff54099aa,f07c916c-6fc6-4acf-a334-0ab0d3c4f57f,b905ae6a-f1e1-4057-8923-481902ed5a8e,Konzorcij,64
6edebb46-d04f-45c4-99a4-100f7f0b2660,1907a46a-4559-43ec-8363-03fe35d30725,bea274aa-277a-403d-ab2f-a0342b28882e,Križanke,1388
2beb7011-982a-4349-be22-addf1c3bdec7,98a94a2a-894f-4ff0-9967-1dd986bf0cfd,1c0ae078-cca7-40c8-aeda-1187a12ddfee,Remiza,34
4038e02e-f22f-4af0-ba4f-7aab855b53af,f5d8583f-6e9d-4996-b803-74bf3cd0b602,e66e813a-722d-40f8-9ee9-1470d07bc200,Tobačna,853
6a0b25cc-428e-47b5-831a-e89facfa7f26,5e732249-14ec-4efe-bae1-7f9ca722f7ae,N/A,N/A,4525
b59656a4-b6e7-4b87-977c-078c59088a50,65e92ecc-800d-4962-a8bc-0f50f1107a5b,bea274aa-277a-403d-ab2f-a0342b28882e,Križanke,231
46f20d33-601c-4ef6-b86c-7c2bb4af52fa,9741988b-6723-480b-a419-8db7490d667a,a719a87c-4e93-4387-a6d1-2631a487f7e0,Ajdovščina,512
505865ea-cdea-4042-bdb2-b2f4f03889cb,abc9fd26-5442-468b-93b6-4d5eb76d0f1f,9b85d4b0-c594-4e0e-9ce2-d0986256c270,Tavčarjeva,219
2cde6efe-5f53-44aa-8018-76f0ea2c86f8,6739536d-b334-46c6-ae80-4890afac7985,cab36767-e95a-4f60-978e-92490f2517b2,Hrvatski trg,1187
c297ac70-8f43-4fbc-a8a4-366ddb883a8d,0614b134-0950-4f6b-bc8f-fb73a0881bc1,6559d555-672b-4633-8a81-0ae68fb963eb,ZD POLJE,1417
8a224b7d-24ae-4c7b-8318-f66ac8cc078b,d2ff7ae5-59fc-4894-aa50-a7f16b5e3534,a719a87c-4e93-4387-a6d1-2631a487f7e0,Ajdovščina,362
84578591-7543-4105-8465-9df30256360d,bd1a0fbd-1593-4552-a76f-681c59333d6b,77dcd833-fa4d-4c5a-93b1-31284942e61d,Šišenska,277
98a75a4c-0ef8-4efa-8f0a-384fe8eafce0,bf64b499-211b-4da8-ace2-f12a17608ae3,25ad5579-f6a0-4f35-a0c9-0678b41e9dde,Križanke,223
5dcffe2a-1c73-4f7c-bdac-4084bb5201aa,b5273abc-dfeb-49a2-9607-249bf6415e4b,25ad5579-f6a0-4f35-a0c9-0678b41e9dde,Križanke,235
76f20fbf-afc4-4c7d-b51c-14f0878b38d8,ba846253-4c87-4120-8f1c-05a563bf3999,5de84f88-3f32-4636-8c30-03cc267ecf37,Podvozna pot,264
e26da28a-b9c3-41b8-b57f-87b289b38e08,5be3b187-5735-4444-bee7-0665f60e6c83,c8e0086c-0cef-4375-a471-72f3ae1e34fc,Strelišče,851
163da3ae-0ab9-480e-b72d-16357e0a9061,3203d037-a222-4092-8dd6-e8dfcd49a2c9,6182f8e8-c45e-4606-b4a4-d909bd44d2cc,Gornji trg,1113
e333d90d-3eef-4d82-9e00-ebe693e2f389,dc7b6fb3-15db-4c7e-9fa1-424943178ce6,484b5c91-1220-43ba-af79-84e712fcc46b,Slovenija avto,1051
daf172e0-4dd9-4d5b-8287-67ad2034bced,769b7bc7-4f95-4bb2-9c99-37ba8e8b4bd5,e66e813a-722d-40f8-9ee9-1470d07bc200,Tobačna,34
fc3967fb-5520-4fff-a819-f625242182e5,f784b27a-1509-4eec-bd52-6beee2b9530b,eaad1ba5-14a4-494f-80ae-65294c29a962,Rožna dolina,136
d9224caa-d582-4152-88e0-be720677fe16,61485a1f-73a8-4dac-bcc7-6e4e53eb4b0f,c6c83930-96af-4cbe-93bf-072a618502a4,Šlandrova,28
52c437c8-73ae-4db5-ac31-8e7cf5104826,a6fde748-bb91-465c-8665-20cbaed7df19,f414efd9-d697-4bbe-abb6-c9e09fd73514,Perovo,84
f5d8583f-6e9d-4996-b803-74bf3cd0b602,52e5adea-e194-4fc1-809c-1d6421f8f8db,7962e05c-ad8c-43e4-9db4-4b90f0c94596,Murgle,1350
1505c6fe-6080-424e-98d1-24c312cfacf3,5560d06d-4058-473e-abba-099b05d7cf07,a719a87c-4e93-4387-a6d1-2631a487f7e0,Ajdovščina,154
d9f26e1a-77fc-48b0-a024-93fd38eb88a4,548dbdee-83b0-497b-acc1-e15b34899d42,a719a87c-4e93-4387-a6d1-2631a487f7e0,Ajdovščina,1340
a12cff7f-91e5-4f1e-be40-1a9b34ae792a,666bd186-7a9a-4e20-a466-e7b1918dda9b,bea274aa-277a-403d-ab2f-a0342b28882e,Križanke,1366
1632ee87-59dd-4367-bf10-9d13aa688e82,5de6ff80-1352-43df-b5ec-1df59f2f492b,b905ae6a-f1e1-4057-8923-481902ed5a8e,Konzorcij,372
af820908-f71f-4c46-82c2-e7616f9c21fb,6efecef0-52ba-4a47-9991-9bab5ce31340,25ad5579-f6a0-4f35-a0c9-0678b41e9dde,Križanke,147
717dda7e-d793-4697-8f60-b64ee8b1edc4,1f9fad8e-d59c-494c-bdd1-1983afacb755,ef91fd44-5651-4fd4-b6f8-619fdef9da7b,Hajdrihova,238
1b3dce90-170f-4176-b47b-2b50b9407e82,041e08cc-b1bd-4f2c-aa4e-a9aaf2837a28,fac22b83-1bc0-4c12-8533-485b115409ef,Bolnica,792
32abc648-685c-47b0-bbc4-203371ec2699,f5e84751-7377-402c-974c-53276e422e70,7bcbdcaa-00b9-47d4-8982-09da26cd7bcb,Zaloška,815
4ca9e64c-29ad-4391-a6f2-7e1ae022d5bf,9143c575-806f-4ba0-81bc-8199f0b0b4d0,5d7f28a6-2a2a-4333-aa06-48edfb652f86,Pošta,485
223f660b-c391-4120-bf3c-7bf06781686b,9cc88862-270a-409a-b450-e0003c7930af,023d7b7a-b411-4e61-8746-b07f9e5c8f90,Ambrožev trg,190
c969f066-aab5-466d-b4db-48e651a4a12e,80c65758-5f25-4003-8d55-10ff96fe8310,b905ae6a-f1e1-4057-8923-481902ed5a8e,Konzorcij,312
7558099b-08a3-43bc-8056-49bcc5900a03,b829062a-2644-4350-b998-74522d9e85d8,a719a87c-4e93-4387-a6d1-2631a487f7e0,Ajdovščina,247
995cbd67-507b-4c32-b794-0ff48e0a3de9,bbe542ee-a3f6-43cf-b23a-077c28b7d19a,b905ae6a-f1e1-4057-8923-481902ed5a8e,Konzorcij,751
0810f07b-94d6-442f-b10d-bf8210c4ed47,12304b99-9a07-485a-a101-eaca90495d48,452bfd80-e8bd-470b-bc4a-981e1b37ffd7,Kodeljevo,322
6a774daa-3547-4128-b304-aa2d17d4391a,698551c1-7bb2-4f7e-9701-23b7667e8594,397418bc-78a7-45c9-b5cf-374fe21cee11,Akademija,274
521edd75-c364-480a-af9e-a1c9815b6dd7,6d344016-1b93-4ff7-80a8-8cde0b57bd1c,ef91fd44-5651-4fd4-b6f8-619fdef9da7b,Hajdrihova,2205
5d1e404b-1606-457e-8d2b-4e3e80139532,277bc73c-e61d-4046-bcfd-31d6161c568e,fef200e9-4d98-425b-ab14-8110e2aa85d7,Drama,977
b7834e14-7e86-4df5-83ce-006c93c31c00,406d6bb7-147c-4853-a917-e5c437b025e6,48507e1a-32df-4552-9448-3b345760b75f,Cesta na Vevče,747
5881f75e-9383-49b0-811d-04c864ba1605,c3188d8e-c2d3-40e5-acc2-14bef70a5ff4,5d7f28a6-2a2a-4333-aa06-48edfb652f86,Pošta,1008
ba846253-4c87-4120-8f1c-05a563bf3999,ccccee29-6fc7-4a86-b492-7f36a8e817db,N/A,N/A,4525
1c0ae078-cca7-40c8-aeda-1187a12ddfee,ee095f27-439e-42e7-9e5c-e77b0903c31f,fef200e9-4d98-425b-ab14-8110e2aa85d7,Drama,1549
0df2ffa6-b1c8-44d0-900c-8b23b37794df,22ef2062-46f0-4a46-8d9a-6ceb7b7f45bc,f4cfd904-bd11-4247-95df-32c4555a930f,Klinični center,36
db046e79-c658-433c-8812-157fd965a9f6,219086ca-bdcb-4092-bd82-3d372b9b73ce,099976aa-17cc-45d3-add4-267985ab1533,Draga,398
f1d7dbc8-d84b-4550-a3bd-e4748a677e9d,339ec74c-f45b-4f23-98b8-7ac67486ff6d,b905ae6a-f1e1-4057-8923-481902ed5a8e,Konzorcij,148
6cc5af3b-67ea-47f3-9e8a-10946c32b906,4a74b966-4fbf-41ab-8e1b-276f3f14fc49,N/A,N/A,4525
32abc648-685c-47b0-bbc4-203371ec2699,d0790612-d161-4be4-953d-a7a0c33acf1e,e7789f42-0ad7-44d1-974b-42a3f4957291,Strelišče,355
5930b5fe-26e2-4b69-bd1e-cdea021a0ab4,bdd68b01-e9a1-4270-be50-8b5c7bd39a1c,6c56976b-4ae1-429f-bcab-0cfc37e3580d,Zgornji log,681
06348c07-2fb0-4dfb-a938-aaef614a7f68,f73d3fb2-082c-4518-8af2-45de5490df4e,aa42017d-812a-4175-bc9b-0fec03b18931,Ambrožev trg,386
66943a7c-28b4-40a6-a996-21aa0b968435,169789c5-0251-47a6-800a-74ff3dffe04d,bea274aa-277a-403d-ab2f-a0342b28882e,Križanke,470
339ec74c-f45b-4f23-98b8-7ac67486ff6d,f2920a77-6c6c-494d-96b7-2a8caf8f374f,25ad5579-f6a0-4f35-a0c9-0678b41e9dde,Križanke,316
156a6f62-9a67-4cf0-ad56-85a343c77cd2,4ec1b435-1683-4cd7-a4d0-688cc9f3b603,5d7f28a6-2a2a-4333-aa06-48edfb652f86,Pošta,747
e26da28a-b9c3-41b8-b57f-87b289b38e08,9583dbdd-06fd-411e-88dd-af8f89e2caaa,9b85d4b0-c594-4e0e-9ce2-d0986256c270,Tavčarjeva,528
b56664c0-1dc1-42c5-b10b-52c3fb0dd042,9f6048f0-5c5e-4773-915e-4ee05d200e27,16578e36-c682-4083-bd29-4973445dc0fe,Gosposvetska,383
1b0f629f-acdb-4e94-8c54-018f4334ebf7,4a74b966-4fbf-41ab-8e1b-276f3f14fc49,79a5bacd-8b59-4d83-99e8-26e3c5b1490b,Osenjakova,437
9e90940e-cf99-4112-87ec-7cbb6331509a,47637057-8d6a-4cf9-bd56-3ac90748fcc4,e66e813a-722d-40f8-9ee9-1470d07bc200,Tobačna,470
e65047c0-c01e-4727-b466-78e107c81ee4,c8f784f8-ce92-4773-8d90-c6bed3513ce0,N/A,N/A,4525
d861c2ce-106a-4b95-a4fc-2af355c0bbf0,2cde6efe-5f53-44aa-8018-76f0ea2c86f8,5d7f28a6-2a2a-4333-aa06-48edfb652f86,Pošta,1349
2496479b-f855-403d-bce8-2a4d9988665d,4a95f1f8-a457-4dcf-bd1f-6307d4300ea0,8f56b058-1ae3-44f5-8600-4330f2264d78,Privoz,138
c93954aa-7aad-4fca-9f7a-721d37f0474e,acedfed0-a3ba-4fa3-8cd6-910783961f0a,5d7f28a6-2a2a-4333-aa06-48edfb652f86,Pošta,1441
7e0c8a32-21cb-46dc-8e50-9c4675dfa322,f4cfd904-bd11-4247-95df-32c4555a930f,eb165f50-9c43-4b09-9658-469a16d3dc83,Kodeljevo,292
a8af1032-30bf-4f7b-a921-28d2f712fd24,ab4e1412-1ac4-4864-8833-c1ddf48bec20,25ad5579-f6a0-4f35-a0c9-0678b41e9dde,Križanke,196
075a6b29-66cb-409f-89fe-37d50669eff4,55f1ae46-11e5-4270-991f-f09dae6c58bf,c87db9be-1fba-4102-a743-0ee4317dd5af,Bavarski dvor,65
f2bac6f5-5bbc-4f15-acdd-014d86770ce9,45303500-8b0e-4779-9abd-433b5f8b2838,bea274aa-277a-403d-ab2f-a0342b28882e,Križanke,331
397418bc-78a7-45c9-b5cf-374fe21cee11,6324e337-5778-492a-9e9c-57e3ad5c4710,fef200e9-4d98-425b-ab14-8110e2aa85d7,Drama,494
22ef2062-46f0-4a46-8d9a-6ceb7b7f45bc,9e109242-5aad-4fb7-b0c8-576eef8aa4e0,7962e05c-ad8c-43e4-9db4-4b90f0c94596,Murgle,121
9583dbdd-06fd-411e-88dd-af8f89e2caaa,8d767444-3983-4409-bda1-d298b52c7bfe,5d7f28a6-2a2a-4333-aa06-48edfb652f86,Pošta,465
a8a92762-af25-42a7-98dd-9846f8b33e09,40fcc1b9-2c42-4db8-bd48-d431efc8a3fd,N/A,N/A,4525
e0c253d0-1de7-4add-ac75-8b16151fa462,3f0c15b3-99bd-4c12-8f7a-df06c9536526,8c7fa045-888b-46d0-8189-6f82623bf481,Poljanska,382
35dbaf26-2fa4-45c4-87fc-81d1ff13b005,bfcba499-ce46-41b0-8268-966d74eccb20,3429cda2-6047-453c-bf54-952dfa6674c0,Klinični center,1324
e0c253d0-1de7-4add-ac75-8b16151fa462,ccd8a655-468b-4728-a26d-7981bbdd7dec,318d4398-e152-498b-b4ff-1344c67adba6,Razstavišče,1072
45e88013-1a7e-44a0-ab1f-bc0db6c6746f,16578e36-c682-4083-bd29-4973445dc0fe,60ccc570-3714-410b-aa31-43d3a4c593c8,Tržnica Moste,666
1c214818-5471-4d2a-a7b2-33464ffacdad,ad8a76cf-4386-44b3-9156-490c502e4bc4,7fad8003-fb10-489d-bf8d-6d433310ad90,Nove Jarše,1481
769b7bc7-4f95-4bb2-9c99-37ba8e8b4bd5,e3321752-4498-4da3-801c-d54920b22eba,e66e813a-722d-40f8-9ee9-1470d07bc200,Tobačna,950
f07c916c-6fc6-4acf-a334-0ab0d3c4f57f,9741988b-6723-480b-a419-8db7490d667a,fef200e9-4d98-425b-ab14-8110e2aa85d7,Drama,855
1ef524bd-2bf3-4c47-add3-044374897443,7294875b-8482-484a-b04d-95b921612001,e66e813a-722d-40f8-9ee9-1470d07bc200,Tobačna,99
4a95f1f8-a457-4dcf-bd1f-6307d4300ea0,249f3d10-f5f0-467b-8f60-f35fd62d9054,fef200e9-4d98-425b-ab14-8110e2aa85d7,Drama,610
a7af0c5d-2297-40e2-a6e0-506f6aadba0a,391bf42a-68a3-400a-baea-0c708f327325,fac22b83-1bc0-4c12-8533-485b115409ef,Bolnica,298
9cc88862-270a-409a-b450-e0003c7930af,b5400e28-b0c3-4a02-9da2-084c465bd1d3,a719a87c-4e93-4387-a6d1-2631a487f7e0,Ajdovščina,309
46847a61-d68a-4d2c-ad76-18e043d41430,e0bcd677-6012-4c90-a884-44dffafdffec,1c0ae078-cca7-40c8-aeda-1187a12ddfee,Remiza,291
ef31a8be-b01d-44cd-95cf-3db8e918af26,4bd4913f-8597-4ea0-b219-4e9b15dcbb62,16578e36-c682-4083-bd29-4973445dc0fe,Gosposvetska,116
f1fd2bad-eba9-4046-a7b9-34e8d1d423f5,aa113271-655f-423f-ad7e-4cfaba2eb739,25ad5579-f6a0-4f35-a0c9-0678b41e9dde,Križanke,324
bea9f247-4e88-4d7c-9387-8cd9342acb8c,d0790612-d161-4be4-953d-a7a0c33acf1e,b59656a4-b6e7-4b87-977c-078c59088a50,Hajdrihova,416
5930b5fe-26e2-4b69-bd1e-cdea021a0ab4,4b847ac2-4c41-4fc1-a497-9ce4deaab8b1,fef200e9-4d98-425b-ab14-8110e2aa85d7,Drama,170
6459bd02-d8f8-413e-9402-10b916f09a4f,4d216485-ef41-45e7-9182-0c254644955c,a719a87c-4e93-4387-a6d1-2631a487f7e0,Ajdovščina,1040
8f56b058-1ae3-44f5-8600-4330f2264d78,1c0ae078-cca7-40c8-aeda-1187a12ddfee,5d7f28a6-2a2a-4333-aa06-48edfb652f86,Pošta,21
e9d9f622-7394-4c5c-9031-a41855a64aa7,521edd75-c364-480a-af9e-a1c9815b6dd7,fef200e9-4d98-425b-ab14-8110e2aa85d7,Drama,428
8fbf17ab-413b-442c-9c6a-0eb8873a4755,8a5febd6-d44a-4c98-a221-46044548663d,25ad5579-f6a0-4f35-a0c9-0678b41e9dde,Križanke,240
5d1e404b-1606-457e-8d2b-4e3e80139532,42bcfbad-96b8-4ce2-96f3-07694e1bcfe2,N/A,N/A,4525
023d7b7a-b411-4e61-8746-b07f9e5c8f90,1f207e67-adf9-4da6-b107-3b58051d9990,25ad5579-f6a0-4f35-a0c9-0678b41e9dde,Križanke,572
d98335a0-1291-4d4c-be62-16b11c356575,7ea32e84-b8d9-498b-9f03-5a66990012b9,95eee7e8-237d-4410-a9bf-00c6f88129c1,Cukrarna,1538
9807573b-8821-40e4-b891-a5cea6e23b3d,cecad767-51e5-4683-bf56-e6e342f8d1e0,f073b9d9-a3e3-4d04-a209-0db55377b79e,Zmajski most,291
807c11ba-4b3a-4e2b-82b5-abf5864fa4bc,88cdd36c-03d2-4374-a22f-110dd9f75ea0,feb89b92-366d-4f50-a509-40c7baba8cf0,Brodarjev trg,455
b7834e14-7e86-4df5-83ce-006c93c31c00,3429cda2-6047-453c-bf54-952dfa6674c0,fef200e9-4d98-425b-ab14-8110e2aa85d7,Drama,216
484b5c91-1220-43ba-af79-84e712fcc46b,b59656a4-b6e7-4b87-977c-078c59088a50,fac22b83-1bc0-4c12-8533-485b115409ef,Bolnica,74
97788808-915f-4405-b54e-7ec5f95f7330,45e88013-1a7e-44a0-ab1f-bc0db6c6746f,557f714a-6f4a-4c98-8c5a-d74fa34b2adb,Hrvatski trg,1284
95eee7e8-237d-4410-a9bf-00c6f88129c1,45e88013-1a7e-44a0-ab1f-bc0db6c6746f,fef200e9-4d98-425b-ab14-8110e2aa85d7,Drama,797
a12cff7f-91e5-4f1e-be40-1a9b34ae792a,a12ab184-fb4b-449f-9884-88e0a1672e64,a719a87c-4e93-4387-a6d1-2631a487f7e0,Ajdovščina,421
795c157e-21e0-4115-85aa-93c227e3420f,406d6bb7-147c-4853-a917-e5c437b025e6,9bb1ed3b-5a6f-43c7-afaf-ba2b60ca1a7a,Aškerčeva,456
4d2fc228-0628-4897-8d77-3e71d500d36d,2496479b-f855-403d-bce8-2a4d9988665d,e66e813a-722d-40f8-9ee9-1470d07bc200,Tobačna,456
9e109242-5aad-4fb7-b0c8-576eef8aa4e0,bd1396f2-4dc8-4695-9bf1-c601157100d8,f073b9d9-a3e3-4d04-a209-0db55377b79e,Zmajski most,566
233daca5-913b-4e10-bf34-18b1c8c77019,da9650a3-6ec7-4cdb-95f2-a68851587dfc,bd1396f2-4dc8-4695-9bf1-c601157100d8,Preglov trg,632
d5961b09-f5e8-4a0b-9bbb-2515ff0a8376,cec37fa8-0d4a-4e80-a259-2fa91b68463d,bea274aa-277a-403d-ab2f-a0342b28882e,Križanke,509
42bcfbad-96b8-4ce2-96f3-07694e1bcfe2,795c157e-21e0-4115-85aa-93c227e3420f,N/A,N/A,4525
51dbf10f-cf3b-4575-a8cc-d1080c1f9dde,93928408-7b36-41f9-9b62-fec53e14b4e2,a9796806-8cd3-4b76-bf8c-4340aec35c9e,Lutkovno gl.,206
1df1835b-cfd3-40e7-9466-9c9d43642bed,1c0ae078-cca7-40c8-aeda-1187a12ddfee,9b85d4b0-c594-4e0e-9ce2-d0986256c270,Tavčarjeva,624
36d25599-0bed-48a0-bcb4-134be8a959fe,9a1c4c65-df77-481f-87ad-56143f02a864,e66e813a-722d-40f8-9ee9-1470d07bc200,Tobačna,404
6efecef0-52ba-4a47-9991-9bab5ce31340,b6816891-4b0d-4bda-8e12-176194efaefe,16578e36-c682-4083-bd29-4973445dc0fe,Gosposvetska,297
da9650a3-6ec7-4cdb-95f2-a68851587dfc,9e90940e-cf99-4112-87ec-7cbb6331509a,a9796806-8cd3-4b76-bf8c-4340aec35c9e,Lutkovno gl.,894
13d6dac7-dc00-416e-a8c0-0d6967e4014e,8fbf17ab-413b-442c-9c6a-0eb8873a4755,a719a87c-4e93-4387-a6d1-2631a487f7e0,Ajdovščina,133
5a89967e-5654-49f6-84ca-59f7f9035444,5aeac892-889f-4c5a-8fde-67e6ac096242,4062cd22-b67a-4235-9980-0178b7add592,Drama,481
f5dc05ab-b5cf-4f25-a85b-f346876311cb,9807573b-8821-40e4-b891-a5cea6e23b3d,25ad5579-f6a0-4f35-a0c9-0678b41e9dde,Križanke,2252
93928408-7b36-41f9-9b62-fec53e14b4e2,7484317c-269f-425f-8118-23eedab4e5f1,fef200e9-4d98-425b-ab14-8110e2aa85d7,Drama,342
7f45fe9c-917a-4571-9a74-9e940cd84f3c,9143c575-806f-4ba0-81bc-8199f0b0b4d0,a9796806-8cd3-4b76-bf8c-4340aec35c9e,Lutkovno gl.,213
d08c4884-9764-447f-9b79-0ef7a645222f,fc3967fb-5520-4fff-a819-f625242182e5,087e50b6-7677-4a85-802f-5694266fe38b,Aškerčeva,349
9c2e9262-7afe-44d3-8aaf-80afd45f9118,1ef524bd-2bf3-4c47-add3-044374897443,023d7b7a-b411-4e61-8746-b07f9e5c8f90,Ambrožev trg,1194
e2499103-6634-4d8e-87a8-68dc5ef6340c,66eec6a2-dfde-4d98-b690-e47f200367fd,b905ae6a-f1e1-4057-8923-481902ed5a8e,Konzorcij,862
666bd186-7a9a-4e20-a466-e7b1918dda9b,95be8f74-3ed5-4cf1-aabc-b1c0027ea628,N/A,N/A,4525
3866c761-7fa4-4a4a-b913-75569da498d9,fdff5f9c-6c02-4fc1-a004-7032b17fa37a,9a938b49-ce1d-4e1c-a789-e316630ebc4f,Poliklinika,726
4ed69cbb-d738-450c-be11-7d96cd50ee50,cc9cbd94-6da7-41ff-a728-cfd4b47dfcc0,fef200e9-4d98-425b-ab14-8110e2aa85d7,Drama,1412
f496ecc3-28fe-4361-9da8-428bbf3bd672,754e8f1f-a5ba-4281-8f31-fb3357744cd2,25ad5579-f6a0-4f35-a0c9-0678b41e9dde,Križanke,453
b4b7f450-4397-42d2-9d1e-39f786eecc2e,e0bcd677-6012-4c90-a884-44dffafdffec,b905ae6a-f1e1-4057-8923-481902ed5a8e,Konzorcij,2124
98a94a2a-894f-4ff0-9967-1dd986bf0cfd,c3534bc6-7bfd-43be-b46a-2b0fced57ab8,a719a87c-4e93-4387-a6d1-2631a487f7e0,Ajdovščina,1446
6a774daa-3547-4128-b304-aa2d17d4391a,52e5d1c1-28c9-4ed2-b0ec-5bf7311be753,6182f8e8-c45e-4606-b4a4-d909bd44d2cc,Gornji trg,831
29096931-9d98-487f-bd0a-b0767611e561,bdd68b01-e9a1-4270-be50-8b5c7bd39a1c,a719a87c-4e93-4387-a6d1-2631a487f7e0,Ajdovščina,519
d4fd9934-5253-4ab8-a779-3e9e2a30c5b7,eb43a68a-54a5-4a37-b090-1329e2b4d830,N/A,N/A,4525
5fe363f3-8297-448b-bde3-08f690c92d1b,e66e813a-722d-40f8-9ee9-1470d07bc200,25ad5579-f6a0-4f35-a0c9-0678b41e9dde,Križanke,573
e90a68ac-02be-418f-8937-b9f1906274f2,ef3024a8-1d7f-4cf5-ad3b-74528eaa9c51,N/A,N/A,4525
4a90e424-11ab-43a8-b7e9-1c4f42fe2b7c,717c914e-f928-4671-95f6-26c1ddb95799,b905ae6a-f1e1-4057-8923-481902ed5a8e,Konzorcij,505
30cf2ed7-2cf0-4764-ab64-78206968d5ba,f4cfd904-bd11-4247-95df-32c4555a930f,5d7f28a6-2a2a-4333-aa06-48edfb652f86,Pošta,1851
1ef524bd-2bf3-4c47-add3-044374897443,cd5497dc-20a4-40b3-9adf-b380de5d9f16,48e907fd-e868-47cd-8cac-74c7d4582944,Poljanska,95
f15ddf31-fc11-41ba-988d-376c83e38f58,4f21a18a-3cb0-4c6c-bb92-e7c8945fac1c,9cfac7e2-9653-4e52-a6d3-27756d27f817,Kino Šiška,280
8589e5d1-21b4-4210-ad7a-4bf91f9a715d,c0a064eb-b507-43c2-a6d2-0e9c5881f031,b905ae6a-f1e1-4057-8923-481902ed5a8e,Konzorcij,513
9143c575-806f-4ba0-81bc-8199f0b0b4d0,7558099b-08a3-43bc-8056-49bcc5900a03,eead721b-8996-4e73-a2f9-02dba20df4fa,Ilirska,759
815a2c5e-19a1-41b0-bca4-69dca8912326,1d7af067-e43b-4a98-953c-75f1b267d9ce,4062cd22-b67a-4235-9980-0178b7add592,Drama,1647
e66e813a-722d-40f8-9ee9-1470d07bc200,1308dcf9-a9e1-4e54-95c9-0f2afaac889b,1eadcdb9-60cd-47c9-8eec-527c3465a685,Polje,916
a112e799-e1b6-4dd2-b652-bd521dda7638,e0f10330-ad34-453d-baf4-d6c601cb6cf8,9bb1ed3b-5a6f-43c7-afaf-ba2b60ca1a7a,Aškerčeva,1756
698551c1-7bb2-4f7e-9701-23b7667e8594,4ac86a6a-874d-41a7-92a5-64ed733b7734,79325942-629a-4766-a34a-525f8edf8cc5,Podgora,33
111b2cdc-67ca-47bc-a8eb-8a4c6a0674d9,454817d3-3750-49c7-994c-14d06fd2c634,fef200e9-4d98-425b-ab14-8110e2aa85d7,Drama,566
cab36767-e95a-4f60-978e-92490f2517b2,dba19980-8ca1-4847-b9b5-8cd419374ae2,N/A,N/A,4525
111b2cdc-67ca-47bc-a8eb-8a4c6a0674d9,05643914-8ff7-4064-8737-2761d44a083f,aa42017d-812a-4175-bc9b-0fec03b18931,Ambrožev trg,1903
4038e02e-f22f-4af0-ba4f-7aab855b53af,f15ddf31-fc11-41ba-988d-376c83e38f58,6c56976b-4ae1-429f-bcab-0cfc37e3580d,Zgornji log,517
030363e5-99a3-401f-96db-a16a340ace21,a2ce7e6f-0f99-443a-a973-81a0b9c60261,5d7f28a6-2a2a-4333-aa06-48edfb652f86,Pošta,761
e73c7113-cb4a-4cd5-8df9-ffc5fd86590a,d4c25d68-c340-431b-a646-7680fe0cefee,f073b9d9-a3e3-4d04-a209-0db55377b79e,Zmajski most,482
e65047c0-c01e-4727-b466-78e107c81ee4,9c2e9262-7afe-44d3-8aaf-80afd45f9118,5d7f28a6-2a2a-4333-aa06-48edfb652f86,Pošta,410
d9df365b-7e54-4d22-b2e9-3b548d48ad59,6459bd02-d8f8-413e-9402-10b916f09a4f,16578e36-c682-4083-bd29-4973445dc0fe,Gosposvetska,722
b91edda3-a147-4599-bebf-85e145de085b,ad8a76cf-4386-44b3-9156-490c502e4bc4,7c149b59-2bc6-45cb-95c8-69e18a0db627,Rusjanov trg,278
67c3adc1-a92d-4528-91ee-77d8b52574c6,144ab380-6586-43ce-b216-2e66362b6eca,a378ce5e-57ce-4c52-b219-568674b5cd5e,Gornji trg,355
77c4dfcc-1122-4896-9983-8a5bd11320de,24df120e-0d0c-4353-8dda-c7ef0dc3dd5c,f2920a77-6c6c-494d-96b7-2a8caf8f374f,Mirje,612
041e08cc-b1bd-4f2c-aa4e-a9aaf2837a28,cddb3822-7daf-4cae-9cc3-6b191e81326b,5d7f28a6-2a2a-4333-aa06-48edfb652f86,Pošta,650
352f5cae-25c9-41c5-ab70-268bf64107f0,34f3ddda-e732-4b53-bfb2-8773b5cd6eac,25ad5579-f6a0-4f35-a0c9-0678b41e9dde,Križanke,433
2c0475be-44e7-4f0f-a06d-2c1b4ca15677,f528b363-1484-456c-835b-1e08dc31ef8e,a719a87c-4e93-4387-a6d1-2631a487f7e0,Ajdovščina,228
c1606675-dd38-4952-914b-6ca64fd56b7b,784bebe9-c0c7-46eb-943d-0b1808ffd5ac,ef91fd44-5651-4fd4-b6f8-619fdef9da7b,Hajdrihova,833
fd0e405e-d5e5-45fc-8911-e48a178ad4a9,34afe7f1-2d09-487f-983f-19c7dd5dae82,b905ae6a-f1e1-4057-8923-481902ed5a8e,Konzorcij,933
4c277b3f-c427-404b-ace3-2cd51656318f,9276fcfb-0f7e-4df3-b827-325600851526,bea274aa-277a-403d-ab2f-a0342b28882e,Križanke,1262
5293859e-2ea2-4ad3-9781-884672606464,3edd6057-3847-4c42-b8ec-6e89ff95793a,24ab9d18-4fb9-4e7e-b48c-d5cdc9cd1305,Agrokombinatska,9
2ec182e2-769f-427f-b9b5-c4118890cb96,d3a06374-ab12-456b-9c00-55461af341fa,a719a87c-4e93-4387-a6d1-2631a487f7e0,Ajdovščina,788
9b0074d2-2c92-4c01-830b-00be8e05b412,8fc42c89-96e2-4c69-a2b4-44d505f27ce9,087e50b6-7677-4a85-802f-5694266fe38b,Aškerčeva,110
1a1ee974-5091-4fa7-96a2-0c2508892aa3,bd6d732b-65aa-4b59-be82-6ce1301e70d5,4062cd22-b67a-4235-9980-0178b7add592,Drama,710
c969f066-aab5-466d-b4db-48e651a4a12e,24ab9d18-4fb9-4e7e-b48c-d5cdc9cd1305,f4cfd904-bd11-4247-95df-32c4555a930f,Klinični center,782
fcec9e7a-1c9e-4214-96dd-d071550349e6,7e780e7f-3665-4ec7-a910-eaf6e9d82551,a719a87c-4e93-4387-a6d1-2631a487f7e0,Ajdovščina,231
5a2def68-fa57-4002-a942-e39bc2a87688,7add6fa5-bfd5-4d9c-841b-d9856088ede9,b905ae6a-f1e1-4057-8923-481902ed5a8e,Konzorcij,1370
889e3719-7d29-4888-b690-5a1531d2930e,117abbb4-5575-4020-aac4-2048f8d34b50,4062cd22-b67a-4235-9980-0178b7add592,Drama,1679
e1e80207-5c23-47c0-a63a-121003b22807,505865ea-cdea-4042-bdb2-b2f4f03889cb,bea274aa-277a-403d-ab2f-a0342b28882e,Križanke,1080
21a5f1e3-8ac0-4023-95ca-0a3ff54099aa,59d96e2c-3ee3-4581-840a-3ddaf0003743,a719a87c-4e93-4387-a6d1-2631a487f7e0,Ajdovščina,613
cb05ea76-5fc1-4162-b432-a914b63604d0,7484317c-269f-425f-8118-23eedab4e5f1,48e907fd-e868-47cd-8cac-74c7d4582944,Poljanska,622
c22879e5-8e90-4540-9a74-5f139208e492,68075aa0-144c-4f6e-93ef-e93dfc35df78,e66e813a-722d-40f8-9ee9-1470d07bc200,Tobačna,947
67c3adc1-a92d-4528-91ee-77d8b52574c6,3866c761-7fa4-4a4a-b913-75569da498d9,bea274aa-277a-403d-ab2f-a0342b28882e,Križanke,230
60d91c8b-d5a9-4ef4-927c-e241bc31f81a,a0b1fb90-3f6a-4231-910a-18be192ac762,4062cd22-b67a-4235-9980-0178b7add592,Drama,647
34afe7f1-2d09-487f-983f-19c7dd5dae82,156a6f62-9a67-4cf0-ad56-85a343c77cd2,38b3abed-0592-407b-96c3-85a026f2e192,Dalmatinova,1115
e26da28a-b9c3-41b8-b57f-87b289b38e08,61485a1f-73a8-4dac-bcc7-6e4e53eb4b0f,fef200e9-4d98-425b-ab14-8110e2aa85d7,Drama,1534
824255dc-9be8-4f7b-9b69-2bd4e5a3fc27,8a5febd6-d44a-4c98-a221-46044548663d,4062cd22-b67a-4235-9980-0178b7add592,Drama,534
07b4c585-66cf-49d7-906c-50f1122c8e9e,8f56b058-1ae3-44f5-8600-4330f2264d78,b905ae6a-f1e1-4057-8923-481902ed5a8e,Konzorcij,894
af2956ba-d922-4ec4-bfa7-b623c29e8b3e,01bc5983-63a7-4184-9986-32e5a5320684,c87db9be-1fba-4102-a743-0ee4317dd5af,Bavarski dvor,900
c9b2488c-cca9-4b84-83cb-638ef545c851,1c0ae078-cca7-40c8-aeda-1187a12ddfee,25ad5579-f6a0-4f35-a0c9-0678b41e9dde,Križanke,213
392949a1-1ada-4196-9073-6f392638ca49,106bdc28-f0fe-4f13-b4ad-6c6a630550b5,5d7f28a6-2a2a-4333-aa06-48edfb652f86,Pošta,242
ee03ecf6-db6d-4ecc-90cd-5b3afc8afb91,4062cd22-b67a-4235-9980-0178b7add592,557f714a-6f4a-4c98-8c5a-d74fa34b2adb,Hrvatski trg,869
9807573b-8821-40e4-b891-a5cea6e23b3d,ef91fd44-5651-4fd4-b6f8-619fdef9da7b,023d7b7a-b411-4e61-8746-b07f9e5c8f90,Ambrožev trg,315
6a89c110-a0f8-4b1a-87f0-33f49c0a658e,1a3351a1-563e-4174-b402-54bc0e2f5191,25ad5579-f6a0-4f35-a0c9-0678b41e9dde,Križanke,543
8e7a488b-cd48-4243-92b0-42792d0e3bc1,7add6fa5-bfd5-4d9c-841b-d9856088ede9,f2920a77-6c6c-494d-96b7-2a8caf8f374f,Mirje,449
62feeb73-9af7-43ee-8714-1b435ec20263,36d25599-0bed-48a0-bcb4-134be8a959fe,16578e36-c682-4083-bd29-4973445dc0fe,Gosposvetska,446
249f3d10-f5f0-467b-8f60-f35fd62d9054,45bff76d-bb00-455b-aa12-7ea49ad9a4f0,5d7f28a6-2a2a-4333-aa06-48edfb652f86,Pošta,1640
eb8e8d9a-a3d5-4ec1-9356-26e0e41912d1,ee7e3c65-72e8-465e-a9a3-a9370ec1f314,25ad5579-f6a0-4f35-a0c9-0678b41e9dde,Križanke,230
2ec182e2-769f-427f-b9b5-c4118890cb96,49f28358-bfda-458e-a4b3-a45f602765c1,N/A,N/A,4525
5de6ff80-1352-43df-b5ec-1df59f2f492b,9bb1ed3b-5a6f-43c7-afaf-ba2b60ca1a7a,f2920a77-6c6c-494d-96b7-2a8caf8f374f,Mirje,18
2628ca4f-8797-4672-aca9-47b325c58aac,ff8f71b7-06fe-47fe-8238-9af5ee1b1dfd,6c56976b-4ae1-429f-bcab-0cfc37e3580d,Zgornji log,2204
fb7704f0-d31e-4561-83e4-621a8c62654b,ee3713fe-016c-47eb-96d1-f760c9d19010,6182f8e8-c45e-4606-b4a4-d909bd44d2cc,Gornji trg,102
69f98a9c-d52d-423a-b44e-89b6320a7a88,f4c5028b-48a4-4d0e-a91c-81a858923ddd,fcccf4af-4f16-4edc-ba5a-585c434593fe,ZD Polje,427
d3a6cbf3-65f0-4db8-9a10-1460763eac8e,03375155-45fb-4565-b392-2349fcb199ea,bea274aa-277a-403d-ab2f-a0342b28882e,Križanke,950
c2827897-b9fe-4bfc-b4ed-880f11a2359e,bb606ad8-8a10-4034-9862-60cc177d2455,087e50b6-7677-4a85-802f-5694266fe38b,Aškerčeva,121
298fea2e-c58b-4d99-9350-2420c718d2cc,1f02ab68-e4a0-4783-ae8a-39ccd679f2cc,b905ae6a-f1e1-4057-8923-481902ed5a8e,Konzorcij,333
bb1ac8b9-5cb2-49f2-8d5c-d7fe4afdd5dd,26ec9924-5586-4fd5-8b20-63f2d0a38d44,4062cd22-b67a-4235-9980-0178b7add592,Drama,642
a6fde748-bb91-465c-8665-20cbaed7df19,a12cff7f-91e5-4f1e-be40-1a9b34ae792a,N/A,N/A,4525
ec88f05d-3035-4f09-8560-72571bc0b125,a3aeed02-8e36-4cb0-bb08-25cc4afda164,4062cd22-b67a-4235-9980-0178b7add592,Drama,87
96d4c75b-6452-4c70-a31e-c234262ba38b,c3188d8e-c2d3-40e5-acc2-14bef70a5ff4,a378ce5e-57ce-4c52-b219-568674b5cd5e,Gornji trg,636
17f7d178-41b3-41f9-a545-cbfc22a0a5f1,0fb83496-463c-4123-97c6-669efe614d26,295616c0-387b-4f60-a337-7743cd6be04e,Bavarski dvor,573
ab987eb0-c970-4577-8db9-0cd507a6cab6,fa96d420-d1af-4ad0-bf6a-4544deb1c5eb,b56664c0-1dc1-42c5-b10b-52c3fb0dd042,Galjevica,78
8598b85d-3e1d-4767-b72f-0c209038841f,5c15a390-36b6-47a9-9d84-0c7160157c1d,5d7f28a6-2a2a-4333-aa06-48edfb652f86,Pošta,1404
e8d0bfd1-b300-4eae-8f85-79266066bb3c,48507e1a-32df-4552-9448-3b345760b75f,48e907fd-e868-47cd-8cac-74c7d4582944,Poljanska,1386
2496479b-f855-403d-bce8-2a4d9988665d,4abe5e63-5707-4ef0-acda-ab2c52749afe,a719a87c-4e93-4387-a6d1-2631a487f7e0,Ajdovščina,270
9746f277-af08-4cce-92fa-41da5eca8ac2,e1e80207-5c23-47c0-a63a-121003b22807,54c591c0-7bbb-4489-9229-57b18f95827a,Stara cerkev,971
e468b92f-fa4a-4819-bb11-37761deaf4ca,45e88013-1a7e-44a0-ab1f-bc0db6c6746f,e0c253d0-1de7-4add-ac75-8b16151fa462,Dobrunje,96
dac8d2a7-89e4-4aec-948d-00db4833ce7c,406d6bb7-147c-4853-a917-e5c437b025e6,95eee7e8-237d-4410-a9bf-00c6f88129c1,Cukrarna,1696
95be8f74-3ed5-4cf1-aabc-b1c0027ea628,3a50f545-2fe2-45a0-8ed6-01635603efed,N/A,N/A,4525
cddb3822-7daf-4cae-9cc3-6b191e81326b,1035c6f7-304e-4329-a3b2-4eb5d985a577,0bb103e4-c4a6-4c4c-a13d-217ab4e6dfd3,Cesta na Vevče,47
277bc73c-e61d-4046-bcfd-31d6161c568e,94c6598b-7303-42e1-94d5-156d7a25f630,a719a87c-4e93-4387-a6d1-2631a487f7e0,Ajdovščina,514
91745353-dd19-49ee-beaf-332e546dcceb,bea9f247-4e88-4d7c-9387-8cd9342acb8c,e66e813a-722d-40f8-9ee9-1470d07bc200,Tobačna,468
f414efd9-d697-4bbe-abb6-c9e09fd73514,9746f277-af08-4cce-92fa-41da5eca8ac2,N/A,N/A,4525
447a37f6-2be6-45a3-8ae0-6982aa53cafb,7d579a55-27bc-49d0-a124-a5ed6233c55a,6182f8e8-c45e-4606-b4a4-d909bd44d2cc,Gornji trg,2991
d2f9bbec-4b03-49a8-af83-afe65fe07a0e,eee355cc-98a1-4f25-8bf9-0100856eda6e,5d7f28a6-2a2a-4333-aa06-48edfb652f86,Pošta,374
3d9e90f6-2b67-4f24-9cc4-7c2063a08410,5d1e404b-1606-457e-8d2b-4e3e80139532,fef200e9-4d98-425b-ab14-8110e2aa85d7,Drama,694
271db19a-744b-41a0-869d-0c3e0e2cb6bf,56dbd8ff-6ec8-4186-b46c-f74ddb5a304a,0eca6015-5429-4289-a76c-4ec9ef707e67,BTC-Merkur,1584
6324e337-5778-492a-9e9c-57e3ad5c4710,9bb1ed3b-5a6f-43c7-afaf-ba2b60ca1a7a,9845a6f7-ba79-4f3d-b6ae-969651ef6001,Tomačevska,616
9746f277-af08-4cce-92fa-41da5eca8ac2,bc66f88b-1412-44cb-b921-030d27335261,38b3abed-0592-407b-96c3-85a026f2e192,Dalmatinova,531
0be237aa-4b91-4d2b-ac23-0cebac975a0d,87785aa3-128e-4f15-82b0-d8c3cfa6076f,a719a87c-4e93-4387-a6d1-2631a487f7e0,Ajdovščina,303
abc9fd26-5442-468b-93b6-4d5eb76d0f1f,2beb7011-982a-4349-be22-addf1c3bdec7,5d7f28a6-2a2a-4333-aa06-48edfb652f86,Pošta,624
717c914e-f928-4671-95f6-26c1ddb95799,889e3719-7d29-4888-b690-5a1531d2930e,12618339-2c2d-49ec-b0e0-2517c11991f8,Mirje,1621
34f3ddda-e732-4b53-bfb2-8773b5cd6eac,a9473958-e505-4c16-8498-486b06a47856,459f82d2-cbe4-414b-b66b-0b794ea958ed,Smelt,119
524d67dd-fbb0-4f6a-9199-f095123044ab,4b456495-fb29-4ff3-b48b-4090bc51514e,4062cd22-b67a-4235-9980-0178b7add592,Drama,344
404f8444-540d-4d82-a355-30a6a8bec797,8dde1a7b-e3ec-4675-8409-2a2c4ae696c7,339ec74c-f45b-4f23-98b8-7ac67486ff6d,Krimska,1580
c6eab761-36e0-4bf8-88ed-48e594ed375b,fcec9e7a-1c9e-4214-96dd-d071550349e6,a719a87c-4e93-4387-a6d1-2631a487f7e0,Ajdovščina,533
8a5febd6-d44a-4c98-a221-46044548663d,b589ddd3-5a31-4fe1-915f-44347b4c0a1a,3429cda2-6047-453c-bf54-952dfa6674c0,Klinični center,539
4a90e424-11ab-43a8-b7e9-1c4f42fe2b7c,a6b87518-2a7f-4505-898f-245ebe23c909,5d7f28a6-2a2a-4333-aa06-48edfb652f86,Pošta,550
c20233f2-94bc-4c21-9d2a-9b129b668487,7c149b59-2bc6-45cb-95c8-69e18a0db627,557f714a-6f4a-4c98-8c5a-d74fa34b2adb,Hrvatski trg,674
5b59d508-0860-4f50-b5ab-72a79046b488,28248670-5e08-4de2-8eab-e63933c0d61d,5d7f28a6-2a2a-4333-aa06-48edfb652f86,Pošta,98
51e04e1d-9ea1-432d-8b79-09e6c2a7be7b,eb165f50-9c43-4b09-9658-469a16d3dc83,9b0074d2-2c92-4c01-830b-00be8e05b412,Cukrarna,524
e90a68ac-02be-418f-8937-b9f1906274f2,27788b38-4743-4e04-9b9c-94faeeeb2d34,N/A,N/A,4525
c8e0086c-0cef-4375-a471-72f3ae1e34fc,a2f479c6-4c21-4923-b4ac-86f752507cee,N/A,N/A,4525
5a2def68-fa57-4002-a942-e39bc2a87688,a8af1032-30bf-4f7b-a921-28d2f712fd24,9bb1ed3b-5a6f-43c7-afaf-ba2b60ca1a7a,Aškerčeva,213
5f6cb902-b824-4961-9ac2-75cf44a47055,76ec8af8-07c2-4d44-b0d8-a439d381913f,b905ae6a-f1e1-4057-8923-481902ed5a8e,Konzorcij,328
16d19639-a788-4df6-a168-6f8c3652ded7,c297ac70-8f43-4fbc-a8a4-366ddb883a8d,9bb1ed3b-5a6f-43c7-afaf-ba2b60ca1a7a,Aškerčeva,297
a7094427-e180-4deb-acaf-5d4488326e9e,53ec687a-6f0c-4bb7-b1b4-606e7dcfada9,3cb0ccbb-9b91-4d71-bd27-2acef732be4c,Streliška,187
f4cfd904-bd11-4247-95df-32c4555a930f,d861c2ce-106a-4b95-a4fc-2af355c0bbf0,b905ae6a-f1e1-4057-8923-481902ed5a8e,Konzorcij,337
26ec9924-5586-4fd5-8b20-63f2d0a38d44,896f7627-7c1c-4742-a40a-6aadb85fe206,fef200e9-4d98-425b-ab14-8110e2aa85d7,Drama,423
fb0042f8-d9e2-4916-b60a-38a026acf0c9,65a6b01d-c9cf-4d4e-930c-5562156d7375,16578e36-c682-4083-bd29-4973445dc0fe,Gosposvetska,513
8f56b058-1ae3-44f5-8600-4330f2264d78,1b27d65a-1008-4bc9-928e-f6cb43b03804,c22879e5-8e90-4540-9a74-5f139208e492,Friškovec,1591
4d57f6bd-7ba7-4f07-8aa1-ecac0b09e8db,bc19ad1c-00fc-47f1-926e-ddeb12f686ba,4062cd22-b67a-4235-9980-0178b7add592,Drama,2016
df63651e-45ab-4487-9429-9e604415b35c,ea9d5fa9-af5a-4d39-96fd-626415048511,a719a87c-4e93-4387-a6d1-2631a487f7e0,Ajdovščina,725
a33e6b1f-de56-43aa-9a52-f7064636ab79,6efecef0-52ba-4a47-9991-9bab5ce31340,bea274aa-277a-403d-ab2f-a0342b28882e,Križanke,421
7a52a73a-cc0e-4c61-b9bc-306157727e1c,1eca3479-6e2c-4f21-bf45-4db410041181,N/A,N/A,4525
c87db9be-1fba-4102-a743-0ee4317dd5af,f088dbda-3ab0-43c5-bcdf-c727725c05be,557f714a-6f4a-4c98-8c5a-d74fa34b2adb,Hrvatski trg,321
a2ce7e6f-0f99-443a-a973-81a0b9c60261,af2956ba-d922-4ec4-bfa7-b623c29e8b3e,5d7f28a6-2a2a-4333-aa06-48edfb652f86,Pošta,230
6e7cab20-d7e3-474f-9a5e-f1e0ca6fae53,36c4949b-403b-4a76-87e3-d67f51d655ef,bea274aa-277a-403d-ab2f-a0342b28882e,Križanke,921
295616c0-387b-4f60-a337-7743cd6be04e,b698a890-05b8-40f6-a3a6-4f4c0a820f97,N/A,N/A,4525
938c9405-72bb-4acd-bace-a75abcf2f9cb,524d67dd-fbb0-4f6a-9199-f095123044ab,60ccc570-3714-410b-aa31-43d3a4c593c8,Tržnica Moste,433
454817d3-3750-49c7-994c-14d06fd2c634,bdd68b01-e9a1-4270-be50-8b5c7bd39a1c,9bb1ed3b-5a6f-43c7-afaf-ba2b60ca1a7a,Aškerčeva,607
aa113271-655f-423f-ad7e-4cfaba2eb739,53f8224f-99e5-4c34-9f77-3621bbe9ce99,f073b9d9-a3e3-4d04-a209-0db55377b79e,Zmajski most,447
ae3f312a-4242-4a42-8df2-5990505a7747,c6c83930-96af-4cbe-93bf-072a618502a4,4d216485-ef41-45e7-9182-0c254644955c,Sava,25
03375155-45fb-4565-b392-2349fcb199ea,0fb83496-463c-4123-97c6-669efe614d26,48507e1a-32df-4552-9448-3b345760b75f,Cesta na Vevče,335
98239279-bb80-4070-965c-dc87525019e2,15eaf9b9-db6d-4586-9ad2-5bfa99719bfd,aa42017d-812a-4175-bc9b-0fec03b18931,Ambrožev trg,234
c326e479-ccc3-4915-8788-3fa189d0143e,16ae0a39-ff9a-4aee-88b5-34502255fab4,9bb1ed3b-5a6f-43c7-afaf-ba2b60ca1a7a,Aškerčeva,255
5aeac892-889f-4c5a-8fde-67e6ac096242,c86d5f37-52ee-4e3a-99b5-b9554118c4d5,a719a87c-4e93-4387-a6d1-2631a487f7e0,Ajdovščina,221
53ec687a-6f0c-4bb7-b1b4-606e7dcfada9,995cbd67-507b-4c32-b794-0ff48e0a3de9,fef200e9-4d98-425b-ab14-8110e2aa85d7,Drama,488
34ead609-4331-48ab-8e82-52dd70da9832,eee4abae-e720-4776-b6c7-0099d0119246,12618339-2c2d-49ec-b0e0-2517c11991f8,Mirje,763
fcc58ff5-bf0b-44ce-b12b-75ecc493f24d,71480129-1108-4659-bb1b-d62897a81d02,6c56976b-4ae1-429f-bcab-0cfc37e3580d,Zgornji log,1790
4682c5fd-08cb-4af1-a3e2-6f1ee880a52d,7add6fa5-bfd5-4d9c-841b-d9856088ede9,9b0074d2-2c92-4c01-830b-00be8e05b412,Cukrarna,217
9b9d2948-7538-409c-9bfc-42c0b74c41a8,98a75a4c-0ef8-4efa-8f0a-384fe8eafce0,4062cd22-b67a-4235-9980-0178b7add592,Drama,1125
6efecef0-52ba-4a47-9991-9bab5ce31340,a26d9a94-effb-45ab-a27f-74076e9e5bdd,25ad5579-f6a0-4f35-a0c9-0678b41e9dde,Križanke,376
cd2cdf5f-a758-494c-8b1f-2de4ac913723,6182f8e8-c45e-4606-b4a4-d909bd44d2cc,N/A,N/A,4525
d2ff7ae5-59fc-4894-aa50-a7f16b5e3534,0b90d258-764d-4c06-aab0-7074dbd54182,a719a87c-4e93-4387-a6d1-2631a487f7e0,Ajdovščina,178
567980fa-7783-411d-9c67-55b44d753880,d119c3e9-7f2c-4d40-97a4-ccc6b4bb2951,9276fcfb-0f7e-4df3-b827-325600851526,Topniška,141
5764ff17-c787-4918-b7bd-a2ed9c6d7dd1,da9650a3-6ec7-4cdb-95f2-a68851587dfc,5d7f28a6-2a2a-4333-aa06-48edfb652f86,Pošta,392
1e157c31-d34d-4c2e-91b4-8c000c88f6dd,f2bac6f5-5bbc-4f15-acdd-014d86770ce9,b905ae6a-f1e1-4057-8923-481902ed5a8e,Konzorcij,193
a33e6b1f-de56-43aa-9a52-f7064636ab79,b5273abc-dfeb-49a2-9607-249bf6415e4b,b905ae6a-f1e1-4057-8923-481902ed5a8e,Konzorcij,808
4c277b3f-c427-404b-ace3-2cd51656318f,eefb30b4-8049-4128-89f5-bb359b1c93b0,dd57f39b-be0f-479e-bc35-5bd2edf98ff2,Bolnica,343
4fddf4a7-ad4e-4630-a5ca-3267955db548,bf64b499-211b-4da8-ace2-f12a17608ae3,fef200e9-4d98-425b-ab14-8110e2aa85d7,Drama,1957
fcfe6ac9-74b3-4c13-96b7-6041f1454813,ac3afe7d-a2b3-4d5d-9e6a-1d2412a3bc70,16578e36-c682-4083-bd29-4973445dc0fe,Gosposvetska,128
30cf2ed7-2cf0-4764-ab64-78206968d5ba,1a1ee974-5091-4fa7-96a2-0c2508892aa3,1f9fad8e-d59c-494c-bdd1-1983afacb755,Kodrova,279
ba6f47bf-d346-4ccb-8669-13b974d863a6,9a1c4c65-df77-481f-87ad-56143f02a864,fac22b83-1bc0-4c12-8533-485b115409ef,Bolnica,117
fb0042f8-d9e2-4916-b60a-38a026acf0c9,47283e27-c588-411c-9303-30a6f0beeaef,fef200e9-4d98-425b-ab14-8110e2aa85d7,Drama,3058
daf172e0-4dd9-4d5b-8287-67ad2034bced,24df120e-0d0c-4353-8dda-c7ef0dc3dd5c,25ad5579-f6a0-4f35-a0c9-0678b41e9dde,Križanke,730
c70ad4c4-6c37-4f31-83aa-921dc8bc15a4,c15a2be8-fc53-427d-9cc6-a50bb305f68d,b905ae6a-f1e1-4057-8923-481902ed5a8e,Konzorcij,2165
9276fcfb-0f7e-4df3-b827-325600851526,c0ff37c8-ac6c-4284-ad32-0ad29fd30dc2,717dda7e-d793-4697-8f60-b64ee8b1edc4,Gosposvetska,695
454817d3-3750-49c7-994c-14d06fd2c634,a719a87c-4e93-4387-a6d1-2631a487f7e0,b905ae6a-f1e1-4057-8923-481902ed5a8e,Konzorcij,341
896f7627-7c1c-4742-a40a-6aadb85fe206,ef91fd44-5651-4fd4-b6f8-619fdef9da7b,e66e813a-722d-40f8-9ee9-1470d07bc200,Tobačna,311
ee3713fe-016c-47eb-96d1-f760c9d19010,5560d06d-4058-473e-abba-099b05d7cf07,25ad5579-f6a0-4f35-a0c9-0678b41e9dde,Križanke,594
6bd46cb7-9e5d-453a-878a-bcc38fb2a5f2,d9df365b-7e54-4d22-b2e9-3b548d48ad59,bea274aa-277a-403d-ab2f-a0342b28882e,Križanke,357
69bc9f1c-507f-463c-ba5a-04500b319967,fcc58ff5-bf0b-44ce-b12b-75ecc493f24d,6182f8e8-c45e-4606-b4a4-d909bd44d2cc,Gornji trg,260
29589594-5959-4efb-8dda-7348e4e500a0,d17294f3-5b6c-4313-9243-3f38557967cf,4062cd22-b67a-4235-9980-0178b7add592,Drama,352
7ea32e84-b8d9-498b-9f03-5a66990012b9,98a75a4c-0ef8-4efa-8f0a-384fe8eafce0,bea274aa-277a-403d-ab2f-a0342b28882e,Križanke,102
d3a06374-ab12-456b-9c00-55461af341fa,a719a87c-4e93-4387-a6d1-2631a487f7e0,60ccc570-3714-410b-aa31-43d3a4c593c8,Tržnica Moste,1502
7411cd45-83d2-40e6-89f6-5a0995e409cb,219086ca-bdcb-4092-bd82-3d372b9b73ce,N/A,N/A,4525
52e5d1c1-28c9-4ed2-b0ec-5bf7311be753,ea9d5fa9-af5a-4d39-96fd-626415048511,923bd774-0651-4e0a-8624-3acfb7ecd5ff,Gornje Poljane,80
ad8a76cf-4386-44b3-9156-490c502e4bc4,dadea785-0c6b-4054-9882-37227de3df4b,1ce1c3a8-e0f6-4f90-b1aa-1448759d8b3c,Astra,222
47252dc3-dbd8-43df-898b-0a3fb27ffc93,9143c575-806f-4ba0-81bc-8199f0b0b4d0,087e50b6-7677-4a85-802f-5694266fe38b,Aškerčeva,2213
58cd6196-8ac4-4803-be8b-1c0d2fb52528,88cdd36c-03d2-4374-a22f-110dd9f75ea0,16578e36-c682-4083-bd29-4973445dc0fe,Gosposvetska,325
25ad5579-f6a0-4f35-a0c9-0678b41e9dde,6a0b25cc-428e-47b5-831a-e89facfa7f26,9bb1ed3b-5a6f-43c7-afaf-ba2b60ca1a7a,Aškerčeva,701
dba19980-8ca1-4847-b9b5-8cd419374ae2,ea80411c-360d-4a33-861c-6533a1d67eef,N/A,N/A,4525
3f01eb40-651e-4fad-aff9-2ee27f259f64,38b3abed-0592-407b-96c3-85a026f2e192,a719a87c-4e93-4387-a6d1-2631a487f7e0,Ajdovščina,687
c1606675-dd38-4952-914b-6ca64fd56b7b,07b4c585-66cf-49d7-906c-50f1122c8e9e,bea274aa-277a-403d-ab2f-a0342b28882e,Križanke,54
379bc761-04b5-4227-be76-3b870fe3e69f,1f4702d4-6b02-4ad3-aa9b-118ff9aa3474,fef200e9-4d98-425b-ab14-8110e2aa85d7,Drama,299
e82569a6-73f3-4002-b7b5-0f83ee167535,a378ce5e-57ce-4c52-b219-568674b5cd5e,9b0074d2-2c92-4c01-830b-00be8e05b412,Cukrarna,496
b59656a4-b6e7-4b87-977c-078c59088a50,318d4398-e152-498b-b4ff-1344c67adba6,9bb1ed3b-5a6f-43c7-afaf-ba2b60ca1a7a,Aškerčeva,84
12618339-2c2d-49ec-b0e0-2517c11991f8,4d2fc228-0628-4897-8d77-3e71d500d36d,a2ce7e6f-0f99-443a-a973-81a0b9c60261,Astra,46
4f681273-89fe-44f9-aaec-76950722cc52,c71e1e0c-780a-4d46-8b33-09aebbbcfcd8,a719a87c-4e93-4387-a6d1-2631a487f7e0,Ajdovščina,370
8375ab17-e389-42b2-9b88-0210a049e321,43e01b7e-be2c-4282-be1b-9f628ca67327,c22879e5-8e90-4540-9a74-5f139208e492,Friškovec,419
cdbafa76-fd1b-45e0-bbd6-d6c1c6a141f9,259de009-1345-4169-920b-baeaceade993,fef200e9-4d98-425b-ab14-8110e2aa85d7,Drama,69
caac4c1a-13e4-4afa-b467-65d90a8fbd44,0c6d0a32-5673-45fa-9d50-04d8039cbda1,087e50b6-7677-4a85-802f-5694266fe38b,Aškerčeva,230
7276f267-9837-4c56-aad3-f8cd555060da,d5735919-60bb-4720-a695-9f5155a4f109,087e50b6-7677-4a85-802f-5694266fe38b,Aškerčeva,661
a6b87518-2a7f-4505-898f-245ebe23c909,69f98a9c-d52d-423a-b44e-89b6320a7a88,feb89b92-366d-4f50-a509-40c7baba8cf0,Brodarjev trg,35
48507e1a-32df-4552-9448-3b345760b75f,47637057-8d6a-4cf9-bd56-3ac90748fcc4,d5102041-8282-4c77-a593-edac0d0d4a34,Cukrarna,512
1f4702d4-6b02-4ad3-aa9b-118ff9aa3474,7b687edb-dc47-4b68-a13e-34713cababe9,b905ae6a-f1e1-4057-8923-481902ed5a8e,Konzorcij,1549
b5400e28-b0c3-4a02-9da2-084c465bd1d3,21fba303-9465-42e6-8942-eaff85a2b40c,b905ae6a-f1e1-4057-8923-481902ed5a8e,Konzorcij,787
60d91c8b-d5a9-4ef4-927c-e241bc31f81a,d6ae97e7-23b5-48d6-a9fa-2a2624e9f434,ef91fd44-5651-4fd4-b6f8-619fdef9da7b,Hajdrihova,568
3d2f3af0-3b48-4019-a861-ee4fff761a24,38b3abed-0592-407b-96c3-85a026f2e192,a719a87c-4e93-4387-a6d1-2631a487f7e0,Ajdovščina,605
d0790612-d161-4be4-953d-a7a0c33acf1e,bb1ac8b9-5cb2-49f2-8d5c-d7fe4afdd5dd,fef200e9-4d98-425b-ab14-8110e2aa85d7,Drama,160
6d344016-1b93-4ff7-80a8-8cde0b57bd1c,cce39cbe-6961-433a-a787-64fbf602f470,a719a87c-4e93-4387-a6d1-2631a487f7e0,Ajdovščina,1148
52407970-4547-4323-a632-8db4ed0b040f,12cfc2b3-f8ff-444b-8d5f-15855e45e331,25ad5579-f6a0-4f35-a0c9-0678b41e9dde,Križanke,278
1e157c31-d34d-4c2e-91b4-8c000c88f6dd,df973089-967d-4446-916c-260e9e8fec83,379bc761-04b5-4227-be76-3b870fe3e69f,Pot na Fužine,449
cec37fa8-0d4a-4e80-a259-2fa91b68463d,ff1f708c-989e-4cc5-8e75-02717b5f9744,4bd4913f-8597-4ea0-b219-4e9b15dcbb62,Jarše,72
7e0c8a32-21cb-46dc-8e50-9c4675dfa322,76ec8af8-07c2-4d44-b0d8-a439d381913f,88cdd36c-03d2-4374-a22f-110dd9f75ea0,Kajuhova,1952
627be449-8b6a-40f4-a57c-09ccdacccb66,03375155-45fb-4565-b392-2349fcb199ea,a719a87c-4e93-4387-a6d1-2631a487f7e0,Ajdovščina,626
ccd8a655-468b-4728-a26d-7981bbdd7dec,fac22b83-1bc0-4c12-8533-485b115409ef,b905ae6a-f1e1-4057-8923-481902ed5a8e,Konzorcij,503
52407970-4547-4323-a632-8db4ed0b040f,2e62f411-936d-4a10-96ed-2d8fe95d6d65,58cd6196-8ac4-4803-be8b-1c0d2fb52528,Kašeljska,474
25c85d19-456c-4188-b563-15ad467a54c7,cf94d70f-d211-4625-9037-014514562aa9,ee837fd9-7a5c-4f14-bbd7-a46f14eb07c5,Glonarjeva,1129
6bd46cb7-9e5d-453a-878a-bcc38fb2a5f2,66943a7c-28b4-40a6-a996-21aa0b968435,b4b30b45-445a-4f70-bdf5-5ea7cdc98583,Dolgi most,607
91745353-dd19-49ee-beaf-332e546dcceb,b4ffcb65-e60f-478d-806b-e7ae83f1a39d,4f21a18a-3cb0-4c6c-bb92-e7c8945fac1c,Bratov Učakar,393
3cb0ccbb-9b91-4d71-bd27-2acef732be4c,f9d70942-e517-4560-8655-99481edd2b95,fef200e9-4d98-425b-ab14-8110e2aa85d7,Drama,880
390d166c-b2fe-486c-bba5-38cd1ff64f48,a0b1fb90-3f6a-4231-910a-18be192ac762,e66e813a-722d-40f8-9ee9-1470d07bc200,Tobačna,1264
f1d7dbc8-d84b-4550-a3bd-e4748a677e9d,efecc3aa-ae68-4374-bc24-334280abcf3f,a719a87c-4e93-4387-a6d1-2631a487f7e0,Ajdovščina,289
783196f2-97cd-4265-bb9a-b13aa8bb6a0b,13d6dac7-dc00-416e-a8c0-0d6967e4014e,b905ae6a-f1e1-4057-8923-481902ed5a8e,Konzorcij,277
e2d3c37e-a7df-458e-9e5a-ea33ccf4c11b,8a182298-1db3-4251-9cdb-a86efe72b8a7,9bb1ed3b-5a6f-43c7-afaf-ba2b60ca1a7a,Aškerčeva,646
9cc88862-270a-409a-b450-e0003c7930af,6340ea93-391e-45b9-94b0-56d1d7c87e20,bea274aa-277a-403d-ab2f-a0342b28882e,Križanke,915
4a90e424-11ab-43a8-b7e9-1c4f42fe2b7c,abc9fd26-5442-468b-93b6-4d5eb76d0f1f,9bb1ed3b-5a6f-43c7-afaf-ba2b60ca1a7a,Aškerčeva,545
7add6fa5-bfd5-4d9c-841b-d9856088ede9,4bd4913f-8597-4ea0-b219-4e9b15dcbb62,cab36767-e95a-4f60-978e-92490f2517b2,Hrvatski trg,829
6330ad8d-b582-4c92-bc7e-d3f206264f04,65e92ecc-800d-4962-a8bc-0f50f1107a5b,b905ae6a-f1e1-4057-8923-481902ed5a8e,Konzorcij,2479
95732ece-1658-4e11-9b5f-b6ae5552e638,d4fd9934-5253-4ab8-a779-3e9e2a30c5b7,N/A,N/A,4525
ea80411c-360d-4a33-861c-6533a1d67eef,d9224caa-d582-4152-88e0-be720677fe16,0be237aa-4b91-4d2b-ac23-0cebac975a0d,Cankarjev dom,2365
d08c4884-9764-447f-9b79-0ef7a645222f,97788808-915f-4405-b54e-7ec5f95f7330,a719a87c-4e93-4387-a6d1-2631a487f7e0,Ajdovščina,280
9807573b-8821-40e4-b891-a5cea6e23b3d,e66e813a-722d-40f8-9ee9-1470d07bc200,fef200e9-4d98-425b-ab14-8110e2aa85d7,Drama,320
6a74977a-a26d-42b4-a60b-8dabc726e57d,169789c5-0251-47a6-800a-74ff3dffe04d,25ad5579-f6a0-4f35-a0c9-0678b41e9dde,Križanke,234
b9edd39a-4f64-4553-869e-bb77e617b9b8,f073b9d9-a3e3-4d04-a209-0db55377b79e,f15ddf31-fc11-41ba-988d-376c83e38f58,Vodovodna,495
8eeea585-6168-45b8-a5d4-336e61826043,7fcb0952-c77f-44b5-adf3-0aa2a2b8550a,484b5c91-1220-43ba-af79-84e712fcc46b,Slovenija avto,313
f4cfd904-bd11-4247-95df-32c4555a930f,8512e1be-4637-483b-a3e6-78ccc6d2c5b1,bea274aa-277a-403d-ab2f-a0342b28882e,Križanke,237
1308dcf9-a9e1-4e54-95c9-0f2afaac889b,edf94a12-03e9-4225-b6cc-aca0edf588a7,f073b9d9-a3e3-4d04-a209-0db55377b79e,Zmajski most,792
1c0ae078-cca7-40c8-aeda-1187a12ddfee,45754ca7-bffd-4bcf-96df-952e59574dde,fef200e9-4d98-425b-ab14-8110e2aa85d7,Drama,397
0fb83496-463c-4123-97c6-669efe614d26,29589594-5959-4efb-8dda-7348e4e500a0,4062cd22-b67a-4235-9980-0178b7add592,Drama,1029
67d66d40-e8ba-4bc0-a9cf-814dce3ccbea,6d344016-1b93-4ff7-80a8-8cde0b57bd1c,4062cd22-b67a-4235-9980-0178b7add592,Drama,1079
81a7167c-7913-442e-96c5-20dc6e25d74b,b2cf1f2c-3c77-4a23-891f-3cdbcda92f19,25ad5579-f6a0-4f35-a0c9-0678b41e9dde,Križanke,509
271db19a-744b-41a0-869d-0c3e0e2cb6bf,76f20fbf-afc4-4c7d-b51c-14f0878b38d8,dd57f39b-be0f-479e-bc35-5bd2edf98ff2,Bolnica,209
d3283222-38a9-40e2-a485-180d1a33067c,144ab380-6586-43ce-b216-2e66362b6eca,bea274aa-277a-403d-ab2f-a0342b28882e,Križanke,467
e9382efd-d64d-46b0-9a7d-a4e6a0188725,a41f5786-6b70-4224-bcde-e6fbaac4c21b,b905ae6a-f1e1-4057-8923-481902ed5a8e,Konzorcij,866
d7a59d1b-dfe1-4fbb-96fc-14443b077516,0334e79e-7a89-44e9-a463-5af813e64a40,fef200e9-4d98-425b-ab14-8110e2aa85d7,Drama,595
845b482b-dba1-4313-a476-e772691689cf,bf990a3a-96e9-42b7-9147-33e85bd24c05,16578e36-c682-4083-bd29-4973445dc0fe,Gosposvetska,91
e82569a6-73f3-4002-b7b5-0f83ee167535,4ca9e64c-29ad-4391-a6f2-7e1ae022d5bf,bb606ad8-8a10-4034-9862-60cc177d2455,Pohorskega bataljona,303
754e8f1f-a5ba-4281-8f31-fb3357744cd2,cab36767-e95a-4f60-978e-92490f2517b2,a719a87c-4e93-4387-a6d1-2631a487f7e0,Ajdovščina,569
cad3370f-7a28-4a47-8d5a-187adab3ca21,c9b2488c-cca9-4b84-83cb-638ef545c851,c0a064eb-b507-43c2-a6d2-0e9c5881f031,Središka,234
5930b5fe-26e2-4b69-bd1e-cdea021a0ab4,c70ad4c4-6c37-4f31-83aa-921dc8bc15a4,fef200e9-4d98-425b-ab14-8110e2aa85d7,Drama,373
5560d06d-4058-473e-abba-099b05d7cf07,807c11ba-4b3a-4e2b-82b5-abf5864fa4bc,25ad5579-f6a0-4f35-a0c9-0678b41e9dde,Križanke,1234
08071ba1-570f-487b-9a36-01a046fb2788,8a5febd6-d44a-4c98-a221-46044548663d,9dfc0a62-bf4d-4670-83d0-4e26a6e56b32,Smelt,114
e8d0bfd1-b300-4eae-8f85-79266066bb3c,8a5febd6-d44a-4c98-a221-46044548663d,9b85d4b0-c594-4e0e-9ce2-d0986256c270,Tavčarjeva,89
77c4dfcc-1122-4896-9983-8a5bd11320de,1a1ee974-5091-4fa7-96a2-0c2508892aa3,a0b1fb90-3f6a-4231-910a-18be192ac762,Flajšmanova,1364
92928953-a289-4a44-a653-b7b6b4f5e1c2,39650ca1-d08c-4645-ac1a-6aed84eb45c5,9bb1ed3b-5a6f-43c7-afaf-ba2b60ca1a7a,Aškerčeva,504
311a0b74-0787-484b-b414-8adf1cd4cf58,87785aa3-128e-4f15-82b0-d8c3cfa6076f,4062cd22-b67a-4235-9980-0178b7add592,Drama,408
06e4802d-2c96-4556-bd95-35e0a2bb030c,2628ca4f-8797-4672-aca9-47b325c58aac,N/A,N/A,4525
9c57d59a-53f8-4a16-b279-2ab1745ea230,16578e36-c682-4083-bd29-4973445dc0fe,c5ec5e81-2ce4-452d-bd7a-595de4f8b34f,Prušnikova,135
ff1f708c-989e-4cc5-8e75-02717b5f9744,9276fcfb-0f7e-4df3-b827-325600851526,67c3adc1-a92d-4528-91ee-77d8b52574c6,Poliklinika,748
a1795ee0-9147-4a5c-bb11-f60a809f690e,b589ddd3-5a31-4fe1-915f-44347b4c0a1a,f07c916c-6fc6-4acf-a334-0ab0d3c4f57f,Središka,1027
bbe542ee-a3f6-43cf-b23a-077c28b7d19a,54c591c0-7bbb-4489-9229-57b18f95827a,f4cfd904-bd11-4247-95df-32c4555a930f,Klinični center,199
dac8d2a7-89e4-4aec-948d-00db4833ce7c,e3b51371-e289-45ef-83ca-1f4ffff25162,6932c2e0-ff32-4170-b519-fba88e29c147,Cesta XV,147
52407970-4547-4323-a632-8db4ed0b040f,78c69686-64ed-437c-83b5-0e28733ed70c,7294875b-8482-484a-b04d-95b921612001,Vič,1415
d9437903-d95a-49e6-9743-12b2b964e04c,befe0e87-b5fe-41ff-9a77-f65461eff28d,639551cf-fe23-4363-8ccd-655bc5d4119e,Zmajski most,372
cdee8be6-e02c-4fb5-9752-be1bac08d90d,9cb18d2e-9bf3-436a-ab3a-7c52c5de1300,639551cf-fe23-4363-8ccd-655bc5d4119e,Zmajski most,2278
022ef61f-a226-42e8-b11d-30cf9f9a6688,538ab00b-ee39-44e8-b5a4-62c2c6215bf6,6182f8e8-c45e-4606-b4a4-d909bd44d2cc,Gornji trg,1595
78ef8af0-fd16-46b8-a5de-8d24b99638c8,6c773433-c487-49c5-a783-32c0e276ed7b,5d7f28a6-2a2a-4333-aa06-48edfb652f86,Pošta,1391
2838f674-f6e9-4eb5-a99c-1d0ac7903ca1,9cb18d2e-9bf3-436a-ab3a-7c52c5de1300,60ccc570-3714-410b-aa31-43d3a4c593c8,Tržnica Moste,858
47252dc3-dbd8-43df-898b-0a3fb27ffc93,9b4a7d21-709f-4462-b602-c77d975df9e7,e57aad1d-457e-401f-b26d-306b4fd836eb,Kašeljska,259
ecc4ae87-ae08-4b94-995c-452fdd94df7f,454817d3-3750-49c7-994c-14d06fd2c634,9bb1ed3b-5a6f-43c7-afaf-ba2b60ca1a7a,Aškerčeva,2594
e9035f9a-28be-450a-a30c-7178134ff26b,c0ff37c8-ac6c-4284-ad32-0ad29fd30dc2,a719a87c-4e93-4387-a6d1-2631a487f7e0,Ajdovščina,566
d7a59d1b-dfe1-4fbb-96fc-14443b077516,44e58cea-6c90-467f-baf2-22ac161daafb,e66e813a-722d-40f8-9ee9-1470d07bc200,Tobačna,2201
6bc92f4c-414c-456b-9150-d58a7689d26e,9a938b49-ce1d-4e1c-a789-e316630ebc4f,4062cd22-b67a-4235-9980-0178b7add592,Drama,2567
51dbf10f-cf3b-4575-a8cc-d1080c1f9dde,5bc3addd-b076-4c60-b850-39f90e674b75,fef200e9-4d98-425b-ab14-8110e2aa85d7,Drama,593
f958cead-e4c3-4743-834d-46de4a06a8c9,66a82f60-b1d1-4251-a715-178300014f18,25ad5579-f6a0-4f35-a0c9-0678b41e9dde,Križanke,706
1308dcf9-a9e1-4e54-95c9-0f2afaac889b,1df1835b-cfd3-40e7-9466-9c9d43642bed,9b0074d2-2c92-4c01-830b-00be8e05b412,Cukrarna,324
223f660b-c391-4120-bf3c-7bf06781686b,538ab00b-ee39-44e8-b5a4-62c2c6215bf6,7c149b59-2bc6-45cb-95c8-69e18a0db627,Rusjanov trg,59
03375155-45fb-4565-b392-2349fcb199ea,b6816891-4b0d-4bda-8e12-176194efaefe,4d2fc228-0628-4897-8d77-3e71d500d36d,Sava,96
98fa3880-5936-4ec8-ba04-39c7ff9a0e6a,1df1835b-cfd3-40e7-9466-9c9d43642bed,c5ec5e81-2ce4-452d-bd7a-595de4f8b34f,Prušnikova,293
8589e5d1-21b4-4210-ad7a-4bf91f9a715d,9c3d9f7c-69df-4a48-8f1a-d25e7a922ac3,38b3abed-0592-407b-96c3-85a026f2e192,Dalmatinova,449
8d775324-59ca-429e-ad7e-8d522c52dbdd,452bfd80-e8bd-470b-bc4a-981e1b37ffd7,fef200e9-4d98-425b-ab14-8110e2aa85d7,Drama,145
727cab27-5e8e-4c5e-ba27-449822a45ee7,363564a6-9938-4bf5-8928-1cd191e9c2ef,9bb1ed3b-5a6f-43c7-afaf-ba2b60ca1a7a,Aškerčeva,354
5aeac892-889f-4c5a-8fde-67e6ac096242,1eadcdb9-60cd-47c9-8eec-527c3465a685,58cd6196-8ac4-4803-be8b-1c0d2fb52528,Kašeljska,1538
754e8f1f-a5ba-4281-8f31-fb3357744cd2,2a7d32ca-24a1-41ac-a273-0cbcdec59336,3429cda2-6047-453c-bf54-952dfa6674c0,Klinični center,506
ba681dbc-ea72-4685-ad98-c5ed496510e6,62b17644-b4a6-412f-9e03-79bbaf339717,79325942-629a-4766-a34a-525f8edf8cc5,Podgora,506
278a9d60-64c7-4bfa-aad0-24068aa760af,4abe5e63-5707-4ef0-acda-ab2c52749afe,7c149b59-2bc6-45cb-95c8-69e18a0db627,Rusjanov trg,65
a12ab184-fb4b-449f-9884-88e0a1672e64,bd001f58-6e58-49e9-877f-1fa36964fbc2,0be237aa-4b91-4d2b-ac23-0cebac975a0d,Cankarjev dom,286
592b37eb-8255-4758-ae8a-7cef98521013,125d4928-6b97-4a4b-af34-a2d1564c029c,3c143688-247f-41cc-960d-f5e37b874c3a,Črnuče,10
eee4abae-e720-4776-b6c7-0099d0119246,6a0b25cc-428e-47b5-831a-e89facfa7f26,dd57f39b-be0f-479e-bc35-5bd2edf98ff2,Bolnica,473
1907a46a-4559-43ec-8363-03fe35d30725,71480129-1108-4659-bb1b-d62897a81d02,25ad5579-f6a0-4f35-a0c9-0678b41e9dde,Križanke,923
01bc5983-63a7-4184-9986-32e5a5320684,ed50f692-09f9-409e-b7d6-05ff7711de6b,f4cfd904-bd11-4247-95df-32c4555a930f,Klinični center,411
c22879e5-8e90-4540-9a74-5f139208e492,ee837fd9-7a5c-4f14-bbd7-a46f14eb07c5,f4cfd904-bd11-4247-95df-32c4555a930f,Klinični center,175
1c8efa00-4587-4efc-a10d-794e9d885857,4abe5e63-5707-4ef0-acda-ab2c52749afe,N/A,N/A,4525
0760a037-cd94-4936-89b6-45ce9bd19917,f07c916c-6fc6-4acf-a334-0ab0d3c4f57f,fef200e9-4d98-425b-ab14-8110e2aa85d7,Drama,222
45b36327-9a1a-4cd5-8261-53217326b22f,e9382efd-d64d-46b0-9a7d-a4e6a0188725,38b3abed-0592-407b-96c3-85a026f2e192,Dalmatinova,266
7558099b-08a3-43bc-8056-49bcc5900a03,98a75a4c-0ef8-4efa-8f0a-384fe8eafce0,d5102041-8282-4c77-a593-edac0d0d4a34,Cukrarna,41
4ca9e64c-29ad-4391-a6f2-7e1ae022d5bf,66943a7c-28b4-40a6-a996-21aa0b968435,cab36767-e95a-4f60-978e-92490f2517b2,Hrvatski trg,1071
f4cfd904-bd11-4247-95df-32c4555a930f,c124f317-217b-4b89-9597-393843de4f81,7bcbdcaa-00b9-47d4-8982-09da26cd7bcb,Zaloška,15
2265e4de-a537-4f97-882b-c94c24aabfb0,2fafda56-e44d-4e08-8503-90e6bf75e19d,25ad5579-f6a0-4f35-a0c9-0678b41e9dde,Križanke,2767
a2ce7e6f-0f99-443a-a973-81a0b9c60261,5f6cb902-b824-4961-9ac2-75cf44a47055,fef200e9-4d98-425b-ab14-8110e2aa85d7,Drama,1100
fb662324-f307-452f-9b00-0275dadfd382,49f28358-bfda-458e-a4b3-a45f602765c1,N/A,N/A,4525
7962e05c-ad8c-43e4-9db4-4b90f0c94596,1a1ee974-5091-4fa7-96a2-0c2508892aa3,9bb1ed3b-5a6f-43c7-afaf-ba2b60ca1a7a,Aškerčeva,575
8d767444-3983-4409-bda1-d298b52c7bfe,ff74fc01-faf6-4a78-a782-d8365538e7de,N/A,N/A,4525
d987aa3a-ae4a-42f6-bc9b-79c41dcf055a,9746f277-af08-4cce-92fa-41da5eca8ac2,8c7fa045-888b-46d0-8189-6f82623bf481,Poljanska,525
e9d9f622-7394-4c5c-9031-a41855a64aa7,ba6f47bf-d346-4ccb-8669-13b974d863a6,d4c51b31-46fd-4da8-ba15-8068e666d483,Zadvor,23
78c69686-64ed-437c-83b5-0e28733ed70c,d3a06374-ab12-456b-9c00-55461af341fa,edc8bf1d-d4f1-4c5b-8112-e4fa71a02bae,I. Kobilca,1137
8648bfde-9b0f-4a64-aced-fe63aa923879,1f02ab68-e4a0-4783-ae8a-39ccd679f2cc,12618339-2c2d-49ec-b0e0-2517c11991f8,Mirje,1349
d08c4884-9764-447f-9b79-0ef7a645222f,08f2fb98-afdf-4961-b419-1bca7f5568ab,a719a87c-4e93-4387-a6d1-2631a487f7e0,Ajdovščina,1296
c86d5f37-52ee-4e3a-99b5-b9554118c4d5,cecad767-51e5-4683-bf56-e6e342f8d1e0,aa42017d-812a-4175-bc9b-0fec03b18931,Ambrožev trg,2493
c5ec5e81-2ce4-452d-bd7a-595de4f8b34f,2f874852-bc80-4ff3-b6bf-a914e31251c8,9bb1ed3b-5a6f-43c7-afaf-ba2b60ca1a7a,Aškerčeva,62
cdee8be6-e02c-4fb5-9752-be1bac08d90d,3c6ebf90-c611-4535-b2b0-22fba3f7649a,087e50b6-7677-4a85-802f-5694266fe38b,Aškerčeva,265
8d767444-3983-4409-bda1-d298b52c7bfe,eefb30b4-8049-4128-89f5-bb359b1c93b0,3429cda2-6047-453c-bf54-952dfa6674c0,Klinični center,1335
35dbaf26-2fa4-45c4-87fc-81d1ff13b005,26ec9924-5586-4fd5-8b20-63f2d0a38d44,36d25599-0bed-48a0-bcb4-134be8a959fe,Emona,239
eee4abae-e720-4776-b6c7-0099d0119246,fac22b83-1bc0-4c12-8533-485b115409ef,4062cd22-b67a-4235-9980-0178b7add592,Drama,301
0e79ef8c-f692-4e29-a37e-4a81cbb3d410,b0b32562-f5dc-4183-abba-5729adf98088,25ad5579-f6a0-4f35-a0c9-0678b41e9dde,Križanke,20
bc19ad1c-00fc-47f1-926e-ddeb12f686ba,4ed69cbb-d738-450c-be11-7d96cd50ee50,bea274aa-277a-403d-ab2f-a0342b28882e,Križanke,1662
3d8122ff-0840-4811-a5ad-c4702fc70269,5a89967e-5654-49f6-84ca-59f7f9035444,16578e36-c682-4083-bd29-4973445dc0fe,Gosposvetska,388
0810f07b-94d6-442f-b10d-bf8210c4ed47,a5eb15d2-f0cb-46a6-b888-6a9aad6bc5b6,fef200e9-4d98-425b-ab14-8110e2aa85d7,Drama,625
3febe187-31d6-4229-be07-78ff782ca972,bbe542ee-a3f6-43cf-b23a-077c28b7d19a,a719a87c-4e93-4387-a6d1-2631a487f7e0,Ajdovščina,988
58cd6196-8ac4-4803-be8b-1c0d2fb52528,9e90940e-cf99-4112-87ec-7cbb6331509a,12618339-2c2d-49ec-b0e0-2517c11991f8,Mirje,462
cf94d70f-d211-4625-9037-014514562aa9,5930b5fe-26e2-4b69-bd1e-cdea021a0ab4,25ad5579-f6a0-4f35-a0c9-0678b41e9dde,Križanke,1053
447a37f6-2be6-45a3-8ae0-6982aa53cafb,100da88e-4c5f-4188-bd11-d4f3fc80fb74,087e50b6-7677-4a85-802f-5694266fe38b,Aškerčeva,514
60d91c8b-d5a9-4ef4-927c-e241bc31f81a,e9035f9a-28be-450a-a30c-7178134ff26b,9bb1ed3b-5a6f-43c7-afaf-ba2b60ca1a7a,Aškerčeva,734
bea9f247-4e88-4d7c-9387-8cd9342acb8c,352f5cae-25c9-41c5-ab70-268bf64107f0,a378ce5e-57ce-4c52-b219-568674b5cd5e,Gornji trg,288
4f681273-89fe-44f9-aaec-76950722cc52,0ff94f7b-275b-4cc4-bb27-e00842f5ad87,807c11ba-4b3a-4e2b-82b5-abf5864fa4bc,Pot na Fužine,165
5a2def68-fa57-4002-a942-e39bc2a87688,4c277b3f-c427-404b-ace3-2cd51656318f,a719a87c-4e93-4387-a6d1-2631a487f7e0,Ajdovščina,134
390d166c-b2fe-486c-bba5-38cd1ff64f48,163da3ae-0ab9-480e-b72d-16357e0a9061,4062cd22-b67a-4235-9980-0178b7add592,Drama,578
e66e813a-722d-40f8-9ee9-1470d07bc200,666bd186-7a9a-4e20-a466-e7b1918dda9b,a719a87c-4e93-4387-a6d1-2631a487f7e0,Ajdovščina,35
12cfc2b3-f8ff-444b-8d5f-15855e45e331,a7af0c5d-2297-40e2-a6e0-506f6aadba0a,b59656a4-b6e7-4b87-977c-078c59088a50,Hajdrihova,2473
233daca5-913b-4e10-bf34-18b1c8c77019,785ad018-d0fe-4628-b188-15f6dc71b38e,5d7f28a6-2a2a-4333-aa06-48edfb652f86,Pošta,570
5a89967e-5654-49f6-84ca-59f7f9035444,ab987eb0-c970-4577-8db9-0cd507a6cab6,5d7f28a6-2a2a-4333-aa06-48edfb652f86,Pošta,778
ef31a8be-b01d-44cd-95cf-3db8e918af26,f4cfd904-bd11-4247-95df-32c4555a930f,bea274aa-277a-403d-ab2f-a0342b28882e,Križanke,70
e468b92f-fa4a-4819-bb11-37761deaf4ca,8b5f91a6-23b7-4786-96f9-a80c6d668e18,fef200e9-4d98-425b-ab14-8110e2aa85d7,Drama,587
61926b26-d777-483f-ae79-86766c48793b,1b3d51e8-8b5e-4b31-a63e-9d665243c2f1,306dcdea-b1ce-4357-ba5e-fa82293630df,Kolodvor,87
f174a648-9e84-492d-9ccd-0756b49c773b,5d7f28a6-2a2a-4333-aa06-48edfb652f86,c87db9be-1fba-4102-a743-0ee4317dd5af,Bavarski dvor,485
294c40c4-18e4-4d92-a947-911a8623de89,8fc42c89-96e2-4c69-a2b4-44d505f27ce9,25ad5579-f6a0-4f35-a0c9-0678b41e9dde,Križanke,483
e2499103-6634-4d8e-87a8-68dc5ef6340c,a1406782-3114-407c-8e35-35bcf5a1234b,feb89b92-366d-4f50-a509-40c7baba8cf0,Brodarjev trg,564
df63651e-45ab-4487-9429-9e604415b35c,06e4802d-2c96-4556-bd95-35e0a2bb030c,N/A,N/A,4525
32ff2d5b-61ae-415b-941b-aeb1be1b5052,1dc99fbb-5496-4aab-a4b6-32e653ccc789,12618339-2c2d-49ec-b0e0-2517c11991f8,Mirje,969
d6ae97e7-23b5-48d6-a9fa-2a2624e9f434,eb43a68a-54a5-4a37-b090-1329e2b4d830,277bc73c-e61d-4046-bcfd-31d6161c568e,Center Zalog,1025
ab624858-605d-48c6-a660-d54c2e037a91,ecc4ae87-ae08-4b94-995c-452fdd94df7f,N/A,N/A,4525
7d628170-e2eb-47fd-9d3e-658acf78d7d3,e468b92f-fa4a-4819-bb11-37761deaf4ca,N/A,N/A,4525
0c3a77a7-d9eb-45c7-b722-1fafde29129c,c6eab761-36e0-4bf8-88ed-48e594ed375b,5d7f28a6-2a2a-4333-aa06-48edfb652f86,Pošta,251
edc8bf1d-d4f1-4c5b-8112-e4fa71a02bae,a6fde748-bb91-465c-8665-20cbaed7df19,N/A,N/A,4525
889e3719-7d29-4888-b690-5a1531d2930e,02c61e3f-2d2e-4b42-b695-bbd3cc672f6b,9b85d4b0-c594-4e0e-9ce2-d0986256c270,Tavčarjeva,518
1907a46a-4559-43ec-8363-03fe35d30725,1c0ae078-cca7-40c8-aeda-1187a12ddfee,f4cfd904-bd11-4247-95df-32c4555a930f,Klinični center,94
b5273abc-dfeb-49a2-9607-249bf6415e4b,1d62c3f1-903c-4350-a349-80c4573b3cdc,441545fb-7a0c-4555-aea8-01cbe6c14ea3,Puhova,157
feb89b92-366d-4f50-a509-40c7baba8cf0,6cc5af3b-67ea-47f3-9e8a-10946c32b906,N/A,N/A,4525
cab36767-e95a-4f60-978e-92490f2517b2,1069d764-9345-425d-8c4d-12d6ffa1fde1,b905ae6a-f1e1-4057-8923-481902ed5a8e,Konzorcij,101
5764ff17-c787-4918-b7bd-a2ed9c6d7dd1,a1795ee0-9147-4a5c-bb11-f60a809f690e,b905ae6a-f1e1-4057-8923-481902ed5a8e,Konzorcij,1173
97d3e896-2af7-40f9-bfbf-59cf3fcbf93a,c0a064eb-b507-43c2-a6d2-0e9c5881f031,bea274aa-277a-403d-ab2f-a0342b28882e,Križanke,565
f088dbda-3ab0-43c5-bcdf-c727725c05be,cdee8be6-e02c-4fb5-9752-be1bac08d90d,bea274aa-277a-403d-ab2f-a0342b28882e,Križanke,361
9b4a7d21-709f-4462-b602-c77d975df9e7,258aeffc-294a-4919-bfb0-34f90dc19892,bea274aa-277a-403d-ab2f-a0342b28882e,Križanke,366
d5d15a80-243b-49d7-a616-b3c3fb39e8af,184817a9-ca88-4c82-a40b-5768991da3df,5d7f28a6-2a2a-4333-aa06-48edfb652f86,Pošta,557
bbfc6d44-94da-4cfd-b22a-368a2b11ce20,cf22c7c2-776f-4bd7-ae1a-dc4f25983c19,54c591c0-7bbb-4489-9229-57b18f95827a,Stara cerkev,409
98fa3880-5936-4ec8-ba04-39c7ff9a0e6a,1c0c01ee-6258-4328-9d01-489eb421a8d9,25ad5579-f6a0-4f35-a0c9-0678b41e9dde,Križanke,907
2d6504e9-c938-417e-9b55-32d6514bc744,f11e48f8-4133-4c36-a36f-73b4f33d9592,feb89b92-366d-4f50-a509-40c7baba8cf0,Brodarjev trg,236
6932c2e0-ff32-4170-b519-fba88e29c147,041e08cc-b1bd-4f2c-aa4e-a9aaf2837a28,bea274aa-277a-403d-ab2f-a0342b28882e,Križanke,171
6c773433-c487-49c5-a783-32c0e276ed7b,8d5e4aed-59fb-47c9-8559-5bf11b7ddca0,3429cda2-6047-453c-bf54-952dfa6674c0,Klinični center,341
e9382efd-d64d-46b0-9a7d-a4e6a0188725,d07152fd-014c-481b-a5f2-8949066499e8,N/A,N/A,4525
59d96e2c-3ee3-4581-840a-3ddaf0003743,7276f267-9837-4c56-aad3-f8cd555060da,bea274aa-277a-403d-ab2f-a0342b28882e,Križanke,1158
3f01eb40-651e-4fad-aff9-2ee27f259f64,5ddf10c0-90a5-4dbf-992c-23c0505674aa,3429cda2-6047-453c-bf54-952dfa6674c0,Klinični center,613
5293859e-2ea2-4ad3-9781-884672606464,154f3596-bbbb-4038-9ad7-c4b8b5288a02,4062cd22-b67a-4235-9980-0178b7add592,Drama,124
7b822496-7ea4-4ce8-b78c-1d021c68a9ed,cbf8e64b-fd0d-48ec-8fb1-03b298cc13b3,a9796806-8cd3-4b76-bf8c-4340aec35c9e,Lutkovno gl.,2830
8375ab17-e389-42b2-9b88-0210a049e321,7f45fe9c-917a-4571-9a74-9e940cd84f3c,3429cda2-6047-453c-bf54-952dfa6674c0,Klinični center,409
c93954aa-7aad-4fca-9f7a-721d37f0474e,521edd75-c364-480a-af9e-a1c9815b6dd7,5d7f28a6-2a2a-4333-aa06-48edfb652f86,Pošta,87
223f660b-c391-4120-bf3c-7bf06781686b,f33b721f-a8a3-4aad-96f2-077da09ebaa6,ecc4ae87-ae08-4b94-995c-452fdd94df7f,Privoz,558
64ea9f57-1f7f-465e-8721-55e26faee36a,727cab27-5e8e-4c5e-ba27-449822a45ee7,b905ae6a-f1e1-4057-8923-481902ed5a8e,Konzorcij,319
fbd1dfb0-4a6f-4160-ad52-5ccb69530195,124ec397-421b-4737-bf71-09c9b1665a10,b905ae6a-f1e1-4057-8923-481902ed5a8e,Konzorcij,218
b2dd8b3a-3710-4f07-b735-4bd183bfaade,f1fd2bad-eba9-4046-a7b9-34e8d1d423f5,298fea2e-c58b-4d99-9350-2420c718d2cc,Pri Poku,31
b589ddd3-5a31-4fe1-915f-44347b4c0a1a,45bff76d-bb00-455b-aa12-7ea49ad9a4f0,fef200e9-4d98-425b-ab14-8110e2aa85d7,Drama,208
84578591-7543-4105-8465-9df30256360d,2628b04b-eaf2-4c5a-b7ac-837237162783,023d7b7a-b411-4e61-8746-b07f9e5c8f90,Ambrožev trg,439
7962e05c-ad8c-43e4-9db4-4b90f0c94596,4abe5e63-5707-4ef0-acda-ab2c52749afe,38b3abed-0592-407b-96c3-85a026f2e192,Dalmatinova,417
bfcba499-ce46-41b0-8268-966d74eccb20,ab624858-605d-48c6-a660-d54c2e037a91,N/A,N/A,4525
cab36767-e95a-4f60-978e-92490f2517b2,fac22b83-1bc0-4c12-8533-485b115409ef,aa42017d-812a-4175-bc9b-0fec03b18931,Ambrožev trg,20
845b482b-dba1-4313-a476-e772691689cf,ee837fd9-7a5c-4f14-bbd7-a46f14eb07c5,25ad5579-f6a0-4f35-a0c9-0678b41e9dde,Križanke,117
7d579a55-27bc-49d0-a124-a5ed6233c55a,60edf514-fd83-400b-b86f-881f7eff258b,4062cd22-b67a-4235-9980-0178b7add592,Drama,276
a7af0c5d-2297-40e2-a6e0-506f6aadba0a,abc9fd26-5442-468b-93b6-4d5eb76d0f1f,24ab9d18-4fb9-4e7e-b48c-d5cdc9cd1305,Agrokombinatska,114
fa96d420-d1af-4ad0-bf6a-4544deb1c5eb,e786b2df-34ed-4246-832e-7c3d538ac1f4,4062cd22-b67a-4235-9980-0178b7add592,Drama,254
c22879e5-8e90-4540-9a74-5f139208e492,609f0950-bb8c-4eaf-a931-8575b8aff1ac,9cfac7e2-9653-4e52-a6d3-27756d27f817,Kino Šiška,2365
6739536d-b334-46c6-ae80-4890afac7985,98fa3880-5936-4ec8-ba04-39c7ff9a0e6a,a719a87c-4e93-4387-a6d1-2631a487f7e0,Ajdovščina,161
10449641-799e-4ee4-a712-a6e3a9aefc27,f5d8583f-6e9d-4996-b803-74bf3cd0b602,b905ae6a-f1e1-4057-8923-481902ed5a8e,Konzorcij,564
1e157c31-d34d-4c2e-91b4-8c000c88f6dd,e9089f7d-853e-4375-8ecb-0db96fcc60e6,a719a87c-4e93-4387-a6d1-2631a487f7e0,Ajdovščina,216
34f3ddda-e732-4b53-bfb2-8773b5cd6eac,97d3e896-2af7-40f9-bfbf-59cf3fcbf93a,a719a87c-4e93-4387-a6d1-2631a487f7e0,Ajdovščina,679
ff74fc01-faf6-4a78-a782-d8365538e7de,46a50a09-9bae-460b-a7b6-457d288c5a9f,dba19980-8ca1-4847-b9b5-8cd419374ae2,Ponova vas,5
40fcc1b9-2c42-4db8-bd48-d431efc8a3fd,1b27d65a-1008-4bc9-928e-f6cb43b03804,b59656a4-b6e7-4b87-977c-078c59088a50,Hajdrihova,859
eb11d52f-300b-4648-a2e8-ed03db9ff7e2,ef4a63e8-d956-4f09-80bd-8e4699418652,ef4a63e8-d956-4f09-80bd-8e4699418652,Kongo,38
712ee105-4fab-498a-af5c-496ca9830f5f,2fafda56-e44d-4e08-8503-90e6bf75e19d,fac22b83-1bc0-4c12-8533-485b115409ef,Bolnica,277
b2cf1f2c-3c77-4a23-891f-3cdbcda92f19,6bc92f4c-414c-456b-9150-d58a7689d26e,25ad5579-f6a0-4f35-a0c9-0678b41e9dde,Križanke,854
ef005e77-f3b8-4171-b681-1294d0e4732b,1907a46a-4559-43ec-8363-03fe35d30725,bea274aa-277a-403d-ab2f-a0342b28882e,Križanke,86
3f01eb40-651e-4fad-aff9-2ee27f259f64,4abe5e63-5707-4ef0-acda-ab2c52749afe,a378ce5e-57ce-4c52-b219-568674b5cd5e,Gornji trg,343
55f1ae46-11e5-4270-991f-f09dae6c58bf,d2ff7ae5-59fc-4894-aa50-a7f16b5e3534,38b3abed-0592-407b-96c3-85a026f2e192,Dalmatinova,2226
b698a890-05b8-40f6-a3a6-4f4c0a820f97,278a9d60-64c7-4bfa-aad0-24068aa760af,N/A,N/A,4525
66943a7c-28b4-40a6-a996-21aa0b968435,ef31a8be-b01d-44cd-95cf-3db8e918af26,67d66d40-e8ba-4bc0-a9cf-814dce3ccbea,Jadranska,1902
ef31a8be-b01d-44cd-95cf-3db8e918af26,ab4e1412-1ac4-4864-8833-c1ddf48bec20,f1b7471e-db71-49da-846d-1232cb3e8f8f,Rožna dolina,297
300f1367-4ba4-4416-90e4-caa8f33e9144,f15ddf31-fc11-41ba-988d-376c83e38f58,25ad5579-f6a0-4f35-a0c9-0678b41e9dde,Križanke,69
8375ab17-e389-42b2-9b88-0210a049e321,889e3719-7d29-4888-b690-5a1531d2930e,6a0b25cc-428e-47b5-831a-e89facfa7f26,Ziherlova,272
55f1ae46-11e5-4270-991f-f09dae6c58bf,94712446-2421-4304-b4f1-3b3f82998713,fef200e9-4d98-425b-ab14-8110e2aa85d7,Drama,134
278a9d60-64c7-4bfa-aad0-24068aa760af,2ec182e2-769f-427f-b9b5-c4118890cb96,b905ae6a-f1e1-4057-8923-481902ed5a8e,Konzorcij,1535
163da3ae-0ab9-480e-b72d-16357e0a9061,5b184752-5bd2-43e3-9243-dfc8969d9065,38b3abed-0592-407b-96c3-85a026f2e192,Dalmatinova,241
023d7b7a-b411-4e61-8746-b07f9e5c8f90,271db19a-744b-41a0-869d-0c3e0e2cb6bf,c87db9be-1fba-4102-a743-0ee4317dd5af,Bavarski dvor,330
c2827897-b9fe-4bfc-b4ed-880f11a2359e,80c65758-5f25-4003-8d55-10ff96fe8310,c87db9be-1fba-4102-a743-0ee4317dd5af,Bavarski dvor,309
81a7167c-7913-442e-96c5-20dc6e25d74b,a4545f57-dab0-4ca0-9da3-5bc96d80f104,bea274aa-277a-403d-ab2f-a0342b28882e,Križanke,461
7ad25867-5c97-4f9f-9b1b-4966436f7fbf,022ef61f-a226-42e8-b11d-30cf9f9a6688,6182f8e8-c45e-4606-b4a4-d909bd44d2cc,Gornji trg,424
298fea2e-c58b-4d99-9350-2420c718d2cc,d7a59d1b-dfe1-4fbb-96fc-14443b077516,b59656a4-b6e7-4b87-977c-078c59088a50,Hajdrihova,378
1f02ab68-e4a0-4783-ae8a-39ccd679f2cc,e26da28a-b9c3-41b8-b57f-87b289b38e08,ab4e1412-1ac4-4864-8833-c1ddf48bec20,Bratislavska,1534
9143c575-806f-4ba0-81bc-8199f0b0b4d0,e3321752-4498-4da3-801c-d54920b22eba,bea274aa-277a-403d-ab2f-a0342b28882e,Križanke,1249
de80f5fd-4572-4bb6-9e21-9860f5fa6b24,a2f479c6-4c21-4923-b4ac-86f752507cee,N/A,N/A,4525
eead721b-8996-4e73-a2f9-02dba20df4fa,49f28358-bfda-458e-a4b3-a45f602765c1,N/A,N/A,4525
67d66d40-e8ba-4bc0-a9cf-814dce3ccbea,786a15d4-dd6b-42bb-a5c9-6ce994b5be9e,9bb1ed3b-5a6f-43c7-afaf-ba2b60ca1a7a,Aškerčeva,593
f088dbda-3ab0-43c5-bcdf-c727725c05be,7276f267-9837-4c56-aad3-f8cd555060da,484b5c91-1220-43ba-af79-84e712fcc46b,Slovenija avto,1653
56dbd8ff-6ec8-4186-b46c-f74ddb5a304a,2e62f411-936d-4a10-96ed-2d8fe95d6d65,9b0074d2-2c92-4c01-830b-00be8e05b412,Cukrarna,278
259de009-1345-4169-920b-baeaceade993,ef31a8be-b01d-44cd-95cf-3db8e918af26,aa42017d-812a-4175-bc9b-0fec03b18931,Ambrožev trg,542
caac4c1a-13e4-4afa-b467-65d90a8fbd44,aa3ce006-1975-496a-abc6-a98ec5e87652,9bb1ed3b-5a6f-43c7-afaf-ba2b60ca1a7a,Aškerčeva,185
d9a82add-03d0-47d8-9f35-117b7a5ded44,3d8122ff-0840-4811-a5ad-c4702fc70269,d72032c7-d4b0-4eee-a87c-593985a42266,Tobačna,1280
9f01f25f-9a5b-459a-96da-222ef81faf51,a9473958-e505-4c16-8498-486b06a47856,a719a87c-4e93-4387-a6d1-2631a487f7e0,Ajdovščina,1884
ef4a63e8-d956-4f09-80bd-8e4699418652,cee2862b-9b70-4880-8fa3-16c6d2efae1b,N/A,N/A,4525
aa113271-655f-423f-ad7e-4cfaba2eb739,13d6dac7-dc00-416e-a8c0-0d6967e4014e,9cd1e7f8-8ccf-4469-bc25-25d138605c67,Akademija,941
c0fb12dd-8cab-40da-a3aa-e8de9c6d09ed,dfde6478-02b5-471b-a470-29cb0e84542f,9bb1ed3b-5a6f-43c7-afaf-ba2b60ca1a7a,Aškerčeva,124
391bf42a-68a3-400a-baea-0c708f327325,2265e4de-a537-4f97-882b-c94c24aabfb0,087e50b6-7677-4a85-802f-5694266fe38b,Aškerčeva,151
95be8f74-3ed5-4cf1-aabc-b1c0027ea628,8a182298-1db3-4251-9cdb-a86efe72b8a7,N/A,N/A,4525
e3321752-4498-4da3-801c-d54920b22eba,d2ff7ae5-59fc-4894-aa50-a7f16b5e3534,25ad5579-f6a0-4f35-a0c9-0678b41e9dde,Križanke,394
5c246f67-4431-4968-8d64-2ae4b823e360,7a256ec6-bb93-47eb-af92-ea62941c1dc6,9bb1ed3b-5a6f-43c7-afaf-ba2b60ca1a7a,Aškerčeva,87
d4c51b31-46fd-4da8-ba15-8068e666d483,bb606ad8-8a10-4034-9862-60cc177d2455,48e907fd-e868-47cd-8cac-74c7d4582944,Poljanska,482
6afef238-01cd-4ad0-859d-2056b5d4a63f,c5ec5e81-2ce4-452d-bd7a-595de4f8b34f,f958cead-e4c3-4743-834d-46de4a06a8c9,Murgle,837
8598b85d-3e1d-4767-b72f-0c209038841f,46a50a09-9bae-460b-a7b6-457d288c5a9f,N/A,N/A,4525
da834a23-5697-49bb-b3a1-7f277c8206bc,111b2cdc-67ca-47bc-a8eb-8a4c6a0674d9,5d7f28a6-2a2a-4333-aa06-48edfb652f86,Pošta,1731
099976aa-17cc-45d3-add4-267985ab1533,b4b30b45-445a-4f70-bdf5-5ea7cdc98583,b905ae6a-f1e1-4057-8923-481902ed5a8e,Konzorcij,448
1eadcdb9-60cd-47c9-8eec-527c3465a685,ee3713fe-016c-47eb-96d1-f760c9d19010,d72032c7-d4b0-4eee-a87c-593985a42266,Tobačna,920
2beb7011-982a-4349-be22-addf1c3bdec7,2896bfa8-0586-4ed1-8d93-c5c6e1ff3d72,f2920a77-6c6c-494d-96b7-2a8caf8f374f,Mirje,910
712ee105-4fab-498a-af5c-496ca9830f5f,c297ac70-8f43-4fbc-a8a4-366ddb883a8d,bea274aa-277a-403d-ab2f-a0342b28882e,Križanke,265
ff1f708c-989e-4cc5-8e75-02717b5f9744,ccd8a655-468b-4728-a26d-7981bbdd7dec,9a1c4c65-df77-481f-87ad-56143f02a864,Vižmarje,184
d7748049-2f69-4c77-a19b-96774a521ac1,548a85bd-f15f-427b-ad90-43cb50e9e31a,a719a87c-4e93-4387-a6d1-2631a487f7e0,Ajdovščina,278
1e2641bc-b0b2-448e-8ad2-e52891fa4c5f,94c6598b-7303-42e1-94d5-156d7a25f630,N/A,N/A,4525
c326e479-ccc3-4915-8788-3fa189d0143e,05bd4cbd-b014-4cfd-8ca9-3c82b0a59114,295616c0-387b-4f60-a337-7743cd6be04e,Bavarski dvor,776
406d6bb7-147c-4853-a917-e5c437b025e6,0c6d0a32-5673-45fa-9d50-04d8039cbda1,16578e36-c682-4083-bd29-4973445dc0fe,Gosposvetska,354
68075aa0-144c-4f6e-93ef-e93dfc35df78,ee7e3c65-72e8-465e-a9a3-a9370ec1f314,a12cff7f-91e5-4f1e-be40-1a9b34ae792a,Agrokombinatska,71
bd6d732b-65aa-4b59-be82-6ce1301e70d5,47a3bd8a-72ae-4e20-b43f-10bfaf49012c,7c149b59-2bc6-45cb-95c8-69e18a0db627,Rusjanov trg,1440
2e6c059c-0305-47bb-9ca8-00a2123039e9,22c11486-1afa-491f-b9ab-162d88c8c44d,02c61e3f-2d2e-4b42-b695-bbd3cc672f6b,Leskoškova,751
18d010ca-0244-4928-82cb-47af0836a1bb,1ceecd12-b005-4828-ad39-8f2aeb1ca228,5d7f28a6-2a2a-4333-aa06-48edfb652f86,Pošta,1682
38b3abed-0592-407b-96c3-85a026f2e192,1aa7e441-8646-4d1d-88bd-ab004758ffc4,b905ae6a-f1e1-4057-8923-481902ed5a8e,Konzorcij,236
6d344016-1b93-4ff7-80a8-8cde0b57bd1c,b7834e14-7e86-4df5-83ce-006c93c31c00,7fa32ea0-e884-435a-a81c-51bbd5cedf3e,Zaloška,1643
d5102041-8282-4c77-a593-edac0d0d4a34,24df120e-0d0c-4353-8dda-c7ef0dc3dd5c,a719a87c-4e93-4387-a6d1-2631a487f7e0,Ajdovščina,1552
698551c1-7bb2-4f7e-9701-23b7667e8594,df973089-967d-4446-916c-260e9e8fec83,fef200e9-4d98-425b-ab14-8110e2aa85d7,Drama,1760
9276fcfb-0f7e-4df3-b827-325600851526,2c87f988-902b-4b35-91da-5437a58759f5,95eee7e8-237d-4410-a9bf-00c6f88129c1,Cukrarna,265
a6fde748-bb91-465c-8665-20cbaed7df19,a9796806-8cd3-4b76-bf8c-4340aec35c9e,N/A,N/A,4525
a4545f57-dab0-4ca0-9da3-5bc96d80f104,af2956ba-d922-4ec4-bfa7-b623c29e8b3e,bea274aa-277a-403d-ab2f-a0342b28882e,Križanke,1594
0b4a072e-6c2d-4c71-ab80-2b7142df81de,81f21fc1-3bd2-4d2a-b563-2d063479c68e,fac22b83-1bc0-4c12-8533-485b115409ef,Bolnica,198
6bd46cb7-9e5d-453a-878a-bcc38fb2a5f2,639551cf-fe23-4363-8ccd-655bc5d4119e,d5102041-8282-4c77-a593-edac0d0d4a34,Cukrarna,1040
dba19980-8ca1-4847-b9b5-8cd419374ae2,ccd8a655-468b-4728-a26d-7981bbdd7dec,N/A,N/A,4525
ba846253-4c87-4120-8f1c-05a563bf3999,923bd774-0651-4e0a-8624-3acfb7ecd5ff,bea274aa-277a-403d-ab2f-a0342b28882e,Križanke,553
441545fb-7a0c-4555-aea8-01cbe6c14ea3,bb606ad8-8a10-4034-9862-60cc177d2455,7fdce743-a4be-44d7-8658-0a259a18ad30,Stožice,33
ba681dbc-ea72-4685-ad98-c5ed496510e6,1907a46a-4559-43ec-8363-03fe35d30725,1eadcdb9-60cd-47c9-8eec-527c3465a685,Polje,1890
54c591c0-7bbb-4489-9229-57b18f95827a,8677848c-55dd-4af4-b275-3074a3ff4846,bea274aa-277a-403d-ab2f-a0342b28882e,Križanke,203
b4b30b45-445a-4f70-bdf5-5ea7cdc98583,1035c6f7-304e-4329-a3b2-4eb5d985a577,11d74c00-da13-4cad-883e-c6dcf8edcbe8,Aleja,2714
a8af1032-30bf-4f7b-a921-28d2f712fd24,eb43a68a-54a5-4a37-b090-1329e2b4d830,8f56b058-1ae3-44f5-8600-4330f2264d78,Privoz,900
592b37eb-8255-4758-ae8a-7cef98521013,5a89967e-5654-49f6-84ca-59f7f9035444,c87db9be-1fba-4102-a743-0ee4317dd5af,Bavarski dvor,352
5c38ad77-8124-42b3-810f-04703daec8b4,bbfc6d44-94da-4cfd-b22a-368a2b11ce20,fef200e9-4d98-425b-ab14-8110e2aa85d7,Drama,251
8a182298-1db3-4251-9cdb-a86efe72b8a7,2628b04b-eaf2-4c5a-b7ac-837237162783,b905ae6a-f1e1-4057-8923-481902ed5a8e,Konzorcij,333
1d7af067-e43b-4a98-953c-75f1b267d9ce,fef200e9-4d98-425b-ab14-8110e2aa85d7,f4cfd904-bd11-4247-95df-32c4555a930f,Klinični center,84
caac4c1a-13e4-4afa-b467-65d90a8fbd44,4a95f1f8-a457-4dcf-bd1f-6307d4300ea0,fef200e9-4d98-425b-ab14-8110e2aa85d7,Drama,246
02c61e3f-2d2e-4b42-b695-bbd3cc672f6b,5dcffe2a-1c73-4f7c-bdac-4084bb5201aa,4062cd22-b67a-4235-9980-0178b7add592,Drama,399
390d166c-b2fe-486c-bba5-38cd1ff64f48,294c40c4-18e4-4d92-a947-911a8623de89,a719a87c-4e93-4387-a6d1-2631a487f7e0,Ajdovščina,240
392949a1-1ada-4196-9073-6f392638ca49,d6ae97e7-23b5-48d6-a9fa-2a2624e9f434,5de84f88-3f32-4636-8c30-03cc267ecf37,Podvozna pot,605
fc3967fb-5520-4fff-a819-f625242182e5,efecc3aa-ae68-4374-bc24-334280abcf3f,9b85d4b0-c594-4e0e-9ce2-d0986256c270,Tavčarjeva,333
43df2657-d56f-4fc4-8c40-49180cbbe90c,2c87f988-902b-4b35-91da-5437a58759f5,b905ae6a-f1e1-4057-8923-481902ed5a8e,Konzorcij,270
bd6d732b-65aa-4b59-be82-6ce1301e70d5,5c8bdb89-116a-4d5d-9db1-9be443070380,a719a87c-4e93-4387-a6d1-2631a487f7e0,Ajdovščina,351
06348c07-2fb0-4dfb-a938-aaef614a7f68,352f5cae-25c9-41c5-ab70-268bf64107f0,8c7fa045-888b-46d0-8189-6f82623bf481,Poljanska,668
eb8e8d9a-a3d5-4ec1-9356-26e0e41912d1,2b223d0c-f8ec-4970-815c-bfe26c3ffc09,f2920a77-6c6c-494d-96b7-2a8caf8f374f,Mirje,591
fc3967fb-5520-4fff-a819-f625242182e5,92928953-a289-4a44-a653-b7b6b4f5e1c2,105e10e7-fbab-4f99-94c9-178c25630b42,Brodarjev trg,1339
d98335a0-1291-4d4c-be62-16b11c356575,7c149b59-2bc6-45cb-95c8-69e18a0db627,e66e813a-722d-40f8-9ee9-1470d07bc200,Tobačna,215
98f728a3-94a6-4911-98d7-64ab88097036,e74131c6-ac2f-477b-9693-10bb5ab9f24b,N/A,N/A,4525
1aa7e441-8646-4d1d-88bd-ab004758ffc4,c0ff37c8-ac6c-4284-ad32-0ad29fd30dc2,f73d3fb2-082c-4518-8af2-45de5490df4e,LITOSTROJ,97
25c85d19-456c-4188-b563-15ad467a54c7,fef200e9-4d98-425b-ab14-8110e2aa85d7,ecc4ae87-ae08-4b94-995c-452fdd94df7f,Privoz,202
5e732249-14ec-4efe-bae1-7f9ca722f7ae,7eb88e01-82e9-4af4-84d0-69c6ea9dc82c,N/A,N/A,4525
d98335a0-1291-4d4c-be62-16b11c356575,3cb0ccbb-9b91-4d71-bd27-2acef732be4c,38b3abed-0592-407b-96c3-85a026f2e192,Dalmatinova,138
2c87f988-902b-4b35-91da-5437a58759f5,e786b2df-34ed-4246-832e-7c3d538ac1f4,fef200e9-4d98-425b-ab14-8110e2aa85d7,Drama,425
c31b32c6-1ec2-48e9-9929-356fd0253540,7c37b809-4d6d-497c-a53d-38663e91c088,b60d686c-3b89-447c-93f6-2837d9af3d02,Ziherlova,1256
21a5f1e3-8ac0-4023-95ca-0a3ff54099aa,e468b92f-fa4a-4819-bb11-37761deaf4ca,a719a87c-4e93-4387-a6d1-2631a487f7e0,Ajdovščina,606
f5d8583f-6e9d-4996-b803-74bf3cd0b602,8c7fa045-888b-46d0-8189-6f82623bf481,d72032c7-d4b0-4eee-a87c-593985a42266,Tobačna,816
b7834e14-7e86-4df5-83ce-006c93c31c00,c3188d8e-c2d3-40e5-acc2-14bef70a5ff4,25ad5579-f6a0-4f35-a0c9-0678b41e9dde,Križanke,356
ef31a8be-b01d-44cd-95cf-3db8e918af26,62b17644-b4a6-412f-9e03-79bbaf339717,fef200e9-4d98-425b-ab14-8110e2aa85d7,Drama,223
3febe187-31d6-4229-be07-78ff782ca972,f0661242-947b-4937-a9ce-d2a135cd62a7,9bb1ed3b-5a6f-43c7-afaf-ba2b60ca1a7a,Aškerčeva,594
8589e5d1-21b4-4210-ad7a-4bf91f9a715d,78ef8af0-fd16-46b8-a5de-8d24b99638c8,36d25599-0bed-48a0-bcb4-134be8a959fe,Emona,302
06348c07-2fb0-4dfb-a938-aaef614a7f68,dd57f39b-be0f-479e-bc35-5bd2edf98ff2,bea274aa-277a-403d-ab2f-a0342b28882e,Križanke,324
9e90940e-cf99-4112-87ec-7cbb6331509a,46f20d33-601c-4ef6-b86c-7c2bb4af52fa,105e10e7-fbab-4f99-94c9-178c25630b42,Brodarjev trg,679
7b687edb-dc47-4b68-a13e-34713cababe9,548dbdee-83b0-497b-acc1-e15b34899d42,717c914e-f928-4671-95f6-26c1ddb95799,Cesta v Gorice,477
69bc9f1c-507f-463c-ba5a-04500b319967,58cd6196-8ac4-4803-be8b-1c0d2fb52528,b905ae6a-f1e1-4057-8923-481902ed5a8e,Konzorcij,933
ee7e3c65-72e8-465e-a9a3-a9370ec1f314,5c38ad77-8124-42b3-810f-04703daec8b4,4062cd22-b67a-4235-9980-0178b7add592,Drama,152
d4d4230a-5247-4071-baa4-463321d9d934,6d2a7c2e-5938-433e-a691-b9bc28767675,b59656a4-b6e7-4b87-977c-078c59088a50,Hajdrihova,748
e333d90d-3eef-4d82-9e00-ebe693e2f389,f9d70942-e517-4560-8655-99481edd2b95,d72032c7-d4b0-4eee-a87c-593985a42266,Tobačna,808
7b41ca8e-2e41-4572-aa5c-1d80375e8835,2d42d8e2-26a8-4a74-809c-f436d05c8a54,923bd774-0651-4e0a-8624-3acfb7ecd5ff,Gornje Poljane,395
95732ece-1658-4e11-9b5f-b6ae5552e638,e4635b94-348c-4c69-be85-1160488e5e43,b905ae6a-f1e1-4057-8923-481902ed5a8e,Konzorcij,1458
3203d037-a222-4092-8dd6-e8dfcd49a2c9,318d4398-e152-498b-b4ff-1344c67adba6,8c7fa045-888b-46d0-8189-6f82623bf481,Poljanska,803
79d89180-8b07-4127-b7b4-1ac03d1cee9f,259de009-1345-4169-920b-baeaceade993,023d7b7a-b411-4e61-8746-b07f9e5c8f90,Ambrožev trg,704
9f01f25f-9a5b-459a-96da-222ef81faf51,baab981f-b707-4b2e-8291-6175f7ceb255,b829062a-2644-4350-b998-74522d9e85d8,Lutkovno gl.,323
5c9baa4c-9ee0-4263-be22-72f5a73c714d,13ceaf6c-9650-45c3-b449-64a0e5094d18,2d6504e9-c938-417e-9b55-32d6514bc744,Kristalna palača,1374
163da3ae-0ab9-480e-b72d-16357e0a9061,cce39cbe-6961-433a-a787-64fbf602f470,25ad5579-f6a0-4f35-a0c9-0678b41e9dde,Križanke,39
0ff94f7b-275b-4cc4-bb27-e00842f5ad87,d4c51b31-46fd-4da8-ba15-8068e666d483,25ad5579-f6a0-4f35-a0c9-0678b41e9dde,Križanke,281
c8e0086c-0cef-4375-a471-72f3ae1e34fc,d119c3e9-7f2c-4d40-97a4-ccc6b4bb2951,639551cf-fe23-4363-8ccd-655bc5d4119e,Zmajski most,663
68075aa0-144c-4f6e-93ef-e93dfc35df78,9c57d59a-53f8-4a16-b279-2ab1745ea230,a719a87c-4e93-4387-a6d1-2631a487f7e0,Ajdovščina,1449
9e109242-5aad-4fb7-b0c8-576eef8aa4e0,9143c575-806f-4ba0-81bc-8199f0b0b4d0,e9d9f622-7394-4c5c-9031-a41855a64aa7,Polje,61
d9437903-d95a-49e6-9743-12b2b964e04c,192b7b6a-b138-4569-a4f3-86bef6b20810,fef200e9-4d98-425b-ab14-8110e2aa85d7,Drama,196
79325942-629a-4766-a34a-525f8edf8cc5,d2f9bbec-4b03-49a8-af83-afe65fe07a0e,16578e36-c682-4083-bd29-4973445dc0fe,Gosposvetska,520
9f6048f0-5c5e-4773-915e-4ee05d200e27,edc8bf1d-d4f1-4c5b-8112-e4fa71a02bae,6efecef0-52ba-4a47-9991-9bab5ce31340,Ajdovščina,276
bb1ac8b9-5cb2-49f2-8d5c-d7fe4afdd5dd,d9a82add-03d0-47d8-9f35-117b7a5ded44,25ad5579-f6a0-4f35-a0c9-0678b41e9dde,Križanke,756
7ba233b7-a50a-497d-8135-dd8dabf93ff5,cab36767-e95a-4f60-978e-92490f2517b2,fef200e9-4d98-425b-ab14-8110e2aa85d7,Drama,1010
db046e79-c658-433c-8812-157fd965a9f6,d9a82add-03d0-47d8-9f35-117b7a5ded44,b905ae6a-f1e1-4057-8923-481902ed5a8e,Konzorcij,212
78ef8af0-fd16-46b8-a5de-8d24b99638c8,72e6ae6e-bd4b-4946-a032-7ff9b8b41039,9b85d4b0-c594-4e0e-9ce2-d0986256c270,Tavčarjeva,1242
c8e0086c-0cef-4375-a471-72f3ae1e34fc,6559d555-672b-4633-8a81-0ae68fb963eb,d72032c7-d4b0-4eee-a87c-593985a42266,Tobačna,456
cc9cbd94-6da7-41ff-a728-cfd4b47dfcc0,d9df1ba3-6820-4fcb-b561-9cb7a60dd463,fef200e9-4d98-425b-ab14-8110e2aa85d7,Drama,163
277bc73c-e61d-4046-bcfd-31d6161c568e,55e3f615-be6c-43f4-9858-e199862771a4,9bb1ed3b-5a6f-43c7-afaf-ba2b60ca1a7a,Aškerčeva,521
6cc5af3b-67ea-47f3-9e8a-10946c32b906,acedfed0-a3ba-4fa3-8cd6-910783961f0a,N/A,N/A,4525
25cde952-4896-4977-b229-75e09b3e3661,d17294f3-5b6c-4313-9243-3f38557967cf,16578e36-c682-4083-bd29-4973445dc0fe,Gosposvetska,698
c0fb12dd-8cab-40da-a3aa-e8de9c6d09ed,e74131c6-ac2f-477b-9693-10bb5ab9f24b,N/A,N/A,4525
48c9ec48-2b87-4945-a077-808839f98e74,7d1d9e60-8a7d-4e50-86e5-f3a42a99d837,N/A,N/A,4525
06e4802d-2c96-4556-bd95-35e0a2bb030c,169789c5-0251-47a6-800a-74ff3dffe04d,N/A,N/A,4525
98f728a3-94a6-4911-98d7-64ab88097036,c3534bc6-7bfd-43be-b46a-2b0fced57ab8,6182f8e8-c45e-4606-b4a4-d909bd44d2cc,Gornji trg,277
59ee5f7d-476b-4958-a922-2040a9308f3b,0b6c7b97-410c-48fa-be23-430c316f9b10,a9796806-8cd3-4b76-bf8c-4340aec35c9e,Lutkovno gl.,461
17f7d178-41b3-41f9-a545-cbfc22a0a5f1,cf22c7c2-776f-4bd7-ae1a-dc4f25983c19,9afb36ea-c2ae-4bbb-9644-3a6c65bb1c7d,Kino Šiška,637
e333d90d-3eef-4d82-9e00-ebe693e2f389,5fe363f3-8297-448b-bde3-08f690c92d1b,9bb1ed3b-5a6f-43c7-afaf-ba2b60ca1a7a,Aškerčeva,1139
a33e6b1f-de56-43aa-9a52-f7064636ab79,e97befb6-5dc6-4603-ad5e-3aa96b4b2221,4062cd22-b67a-4235-9980-0178b7add592,Drama,667
2628b04b-eaf2-4c5a-b7ac-837237162783,8d775324-59ca-429e-ad7e-8d522c52dbdd,a719a87c-4e93-4387-a6d1-2631a487f7e0,Ajdovščina,25
5b59d508-0860-4f50-b5ab-72a79046b488,1c0c01ee-6258-4328-9d01-489eb421a8d9,9bb1ed3b-5a6f-43c7-afaf-ba2b60ca1a7a,Aškerčeva,574
02e96186-e90a-4171-8869-082486f7da1d,c70ad4c4-6c37-4f31-83aa-921dc8bc15a4,N/A,N/A,4525
7d003bd3-5fae-4076-b952-9f734651720f,ba0f81e5-dfec-49bb-8d6b-d52618338640,4062cd22-b67a-4235-9980-0178b7add592,Drama,641
7fcb0952-c77f-44b5-adf3-0aa2a2b8550a,ea91e672-f4a8-40cb-af62-214726551a93,5d7f28a6-2a2a-4333-aa06-48edfb652f86,Pošta,737
98a75a4c-0ef8-4efa-8f0a-384fe8eafce0,1b3d51e8-8b5e-4b31-a63e-9d665243c2f1,98fa3880-5936-4ec8-ba04-39c7ff9a0e6a,Stara cerkev,1317
0334e79e-7a89-44e9-a463-5af813e64a40,1faa072c-478b-4656-8df3-84167a9a4bbb,ef91fd44-5651-4fd4-b6f8-619fdef9da7b,Hajdrihova,1198
80c65758-5f25-4003-8d55-10ff96fe8310,ba846253-4c87-4120-8f1c-05a563bf3999,25ad5579-f6a0-4f35-a0c9-0678b41e9dde,Križanke,275
51dbf10f-cf3b-4575-a8cc-d1080c1f9dde,a12ab184-fb4b-449f-9884-88e0a1672e64,6182f8e8-c45e-4606-b4a4-d909bd44d2cc,Gornji trg,131
c87db9be-1fba-4102-a743-0ee4317dd5af,10d57057-b305-4b7a-806b-3373014db962,a0b1fb90-3f6a-4231-910a-18be192ac762,Flajšmanova,166
169789c5-0251-47a6-800a-74ff3dffe04d,7a256ec6-bb93-47eb-af92-ea62941c1dc6,25ad5579-f6a0-4f35-a0c9-0678b41e9dde,Križanke,1526
70231f13-be88-4e3a-a89a-5b4f436984d2,f073b9d9-a3e3-4d04-a209-0db55377b79e,b905ae6a-f1e1-4057-8923-481902ed5a8e,Konzorcij,129
67c3adc1-a92d-4528-91ee-77d8b52574c6,f9d70942-e517-4560-8655-99481edd2b95,4062cd22-b67a-4235-9980-0178b7add592,Drama,86
9b85d4b0-c594-4e0e-9ce2-d0986256c270,041e08cc-b1bd-4f2c-aa4e-a9aaf2837a28,ef31a8be-b01d-44cd-95cf-3db8e918af26,Emona,290
45e88013-1a7e-44a0-ab1f-bc0db6c6746f,ef31a8be-b01d-44cd-95cf-3db8e918af26,bf64b499-211b-4da8-ace2-f12a17608ae3,ŠTEPANJSKO NAS.,156
318d4398-e152-498b-b4ff-1344c67adba6,698551c1-7bb2-4f7e-9701-23b7667e8594,3d8122ff-0840-4811-a5ad-c4702fc70269,Pod Rožnikom,1118
d72d58c2-b9a9-4dd5-b741-17e986d925c8,a719a87c-4e93-4387-a6d1-2631a487f7e0,6182f8e8-c45e-4606-b4a4-d909bd44d2cc,Gornji trg,157
363564a6-9938-4bf5-8928-1cd191e9c2ef,13ceaf6c-9650-45c3-b449-64a0e5094d18,d5102041-8282-4c77-a593-edac0d0d4a34,Cukrarna,236
8dde1a7b-e3ec-4675-8409-2a2c4ae696c7,1f207e67-adf9-4da6-b107-3b58051d9990,4062cd22-b67a-4235-9980-0178b7add592,Drama,2178
79325942-629a-4766-a34a-525f8edf8cc5,596e3cfe-bd4c-4afa-ba4c-33172dba9be1,6182f8e8-c45e-4606-b4a4-d909bd44d2cc,Gornji trg,1025
aa844493-50b0-4b91-b331-f4297d2ae6a8,c5ec5e81-2ce4-452d-bd7a-595de4f8b34f,ef91fd44-5651-4fd4-b6f8-619fdef9da7b,Hajdrihova,2291
aa31554f-8623-42db-aedd-ad9a8f562e4c,7d003bd3-5fae-4076-b952-9f734651720f,9bb1ed3b-5a6f-43c7-afaf-ba2b60ca1a7a,Aškerčeva,1215
0eca6015-5429-4289-a76c-4ec9ef707e67,e78f256e-7218-4263-87b9-255bd90c9f49,8c7fa045-888b-46d0-8189-6f82623bf481,Poljanska,2762
bb1ac8b9-5cb2-49f2-8d5c-d7fe4afdd5dd,45b36327-9a1a-4cd5-8261-53217326b22f,087e50b6-7677-4a85-802f-5694266fe38b,Aškerčeva,223
6e7cab20-d7e3-474f-9a5e-f1e0ca6fae53,cf94d70f-d211-4625-9037-014514562aa9,b905ae6a-f1e1-4057-8923-481902ed5a8e,Konzorcij,1170
8f56b058-1ae3-44f5-8600-4330f2264d78,25c85d19-456c-4188-b563-15ad467a54c7,5d7f28a6-2a2a-4333-aa06-48edfb652f86,Pošta,640
7276f267-9837-4c56-aad3-f8cd555060da,da834a23-5697-49bb-b3a1-7f277c8206bc,4062cd22-b67a-4235-9980-0178b7add592,Drama,1441
f784b27a-1509-4eec-bd52-6beee2b9530b,45303500-8b0e-4779-9abd-433b5f8b2838,25ad5579-f6a0-4f35-a0c9-0678b41e9dde,Križanke,971
6e7cab20-d7e3-474f-9a5e-f1e0ca6fae53,61485a1f-73a8-4dac-bcc7-6e4e53eb4b0f,a378ce5e-57ce-4c52-b219-568674b5cd5e,Gornji trg,105
6a89c110-a0f8-4b1a-87f0-33f49c0a658e,81f21fc1-3bd2-4d2a-b563-2d063479c68e,c6eab761-36e0-4bf8-88ed-48e594ed375b,Parmova,132
05643914-8ff7-4064-8737-2761d44a083f,39b60288-c9ac-4bc2-825b-524dec52182d,eead721b-8996-4e73-a2f9-02dba20df4fa,Ilirska,324
ba681dbc-ea72-4685-ad98-c5ed496510e6,ee7e3c65-72e8-465e-a9a3-a9370ec1f314,fef200e9-4d98-425b-ab14-8110e2aa85d7,Drama,2416
7294875b-8482-484a-b04d-95b921612001,a52cd7ac-c11e-4c8b-94a5-1a12b32595da,bea274aa-277a-403d-ab2f-a0342b28882e,Križanke,415
2e62f411-936d-4a10-96ed-2d8fe95d6d65,1faa072c-478b-4656-8df3-84167a9a4bbb,5de84f88-3f32-4636-8c30-03cc267ecf37,Podvozna pot,472
0c3a77a7-d9eb-45c7-b722-1fafde29129c,d2ff7ae5-59fc-4894-aa50-a7f16b5e3534,8c7fa045-888b-46d0-8189-6f82623bf481,Poljanska,244
dfd33168-046e-49af-9428-b9394f98667c,45754ca7-bffd-4bcf-96df-952e59574dde,a719a87c-4e93-4387-a6d1-2631a487f7e0,Ajdovščina,253
1f9fad8e-d59c-494c-bdd1-1983afacb755,3edd6057-3847-4c42-b8ec-6e89ff95793a,6182f8e8-c45e-4606-b4a4-d909bd44d2cc,Gornji trg,1354
125d4928-6b97-4a4b-af34-a2d1564c029c,52e5d1c1-28c9-4ed2-b0ec-5bf7311be753,4062cd22-b67a-4235-9980-0178b7add592,Drama,382
bff8345d-1b72-4b41-8b8d-cb8a5483a2e4,db9f7130-0bc2-4f3e-b8cd-07cfe96b1f8f,fef200e9-4d98-425b-ab14-8110e2aa85d7,Drama,333
40fcc1b9-2c42-4db8-bd48-d431efc8a3fd,cab36767-e95a-4f60-978e-92490f2517b2,087e50b6-7677-4a85-802f-5694266fe38b,Aškerčeva,220
7fdce743-a4be-44d7-8658-0a259a18ad30,d9224caa-d582-4152-88e0-be720677fe16,fef200e9-4d98-425b-ab14-8110e2aa85d7,Drama,383
2cde6efe-5f53-44aa-8018-76f0ea2c86f8,f11e48f8-4133-4c36-a36f-73b4f33d9592,b905ae6a-f1e1-4057-8923-481902ed5a8e,Konzorcij,295
2d6504e9-c938-417e-9b55-32d6514bc744,58db973d-ecbb-4aa6-a56c-c26aaff7f263,bea274aa-277a-403d-ab2f-a0342b28882e,Križanke,420
84578591-7543-4105-8465-9df30256360d,5881f75e-9383-49b0-811d-04c864ba1605,3febe187-31d6-4229-be07-78ff782ca972,GD Gameljne,5
10449641-799e-4ee4-a712-a6e3a9aefc27,62d0c5a7-1692-43ef-b6e2-31f514362629,feb89b92-366d-4f50-a509-40c7baba8cf0,Brodarjev trg,927
595ee2ab-3022-469d-a3e1-0c87d7dfb14d,e8b0d4a2-f65e-4aed-97b8-77ab0d07955a,a719a87c-4e93-4387-a6d1-2631a487f7e0,Ajdovščina,1401
95732ece-1658-4e11-9b5f-b6ae5552e638,f958cead-e4c3-4743-834d-46de4a06a8c9,c87db9be-1fba-4102-a743-0ee4317dd5af,Bavarski dvor,679
8441d439-8d1d-40b8-b3d5-7b9c56848b43,52e5adea-e194-4fc1-809c-1d6421f8f8db,8c7fa045-888b-46d0-8189-6f82623bf481,Poljanska,157
8a5febd6-d44a-4c98-a221-46044548663d,5560d06d-4058-473e-abba-099b05d7cf07,7fa32ea0-e884-435a-a81c-51bbd5cedf3e,Zaloška,84
9f01f25f-9a5b-459a-96da-222ef81faf51,099976aa-17cc-45d3-add4-267985ab1533,c87db9be-1fba-4102-a743-0ee4317dd5af,Bavarski dvor,318
d861c2ce-106a-4b95-a4fc-2af355c0bbf0,c2827897-b9fe-4bfc-b4ed-880f11a2359e,0b4a072e-6c2d-4c71-ab80-2b7142df81de,Tivoli,962
fcfe6ac9-74b3-4c13-96b7-6041f1454813,21764d19-62cc-49fd-bac9-403aeac6a6b9,25ad5579-f6a0-4f35-a0c9-0678b41e9dde,Križanke,475
c969f066-aab5-466d-b4db-48e651a4a12e,397418bc-78a7-45c9-b5cf-374fe21cee11,25ad5579-f6a0-4f35-a0c9-0678b41e9dde,Križanke,755
595ee2ab-3022-469d-a3e1-0c87d7dfb14d,bea9f247-4e88-4d7c-9387-8cd9342acb8c,9a1c4c65-df77-481f-87ad-56143f02a864,Vižmarje,188
eee4abae-e720-4776-b6c7-0099d0119246,5be3b187-5735-4444-bee7-0665f60e6c83,fef200e9-4d98-425b-ab14-8110e2aa85d7,Drama,96
5fe363f3-8297-448b-bde3-08f690c92d1b,79325942-629a-4766-a34a-525f8edf8cc5,fef200e9-4d98-425b-ab14-8110e2aa85d7,Drama,405
889e3719-7d29-4888-b690-5a1531d2930e,0bb103e4-c4a6-4c4c-a13d-217ab4e6dfd3,b905ae6a-f1e1-4057-8923-481902ed5a8e,Konzorcij,189
1f02ab68-e4a0-4783-ae8a-39ccd679f2cc,26ec9924-5586-4fd5-8b20-63f2d0a38d44,f2920a77-6c6c-494d-96b7-2a8caf8f374f,Mirje,145
5b59d508-0860-4f50-b5ab-72a79046b488,67c3adc1-a92d-4528-91ee-77d8b52574c6,4062cd22-b67a-4235-9980-0178b7add592,Drama,363
c32ef99a-6752-47fe-94eb-a5134c7110af,dba19980-8ca1-4847-b9b5-8cd419374ae2,N/A,N/A,4525
39650ca1-d08c-4645-ac1a-6aed84eb45c5,df63651e-45ab-4487-9429-9e604415b35c,a719a87c-4e93-4387-a6d1-2631a487f7e0,Ajdovščina,992
28248670-5e08-4de2-8eab-e63933c0d61d,2628ca4f-8797-4672-aca9-47b325c58aac,bea274aa-277a-403d-ab2f-a0342b28882e,Križanke,1053
332abe37-33b8-4142-9edd-4ebd9e52eaf7,f11e48f8-4133-4c36-a36f-73b4f33d9592,087e50b6-7677-4a85-802f-5694266fe38b,Aškerčeva,178
d5102041-8282-4c77-a593-edac0d0d4a34,1632ee87-59dd-4367-bf10-9d13aa688e82,1f9fad8e-d59c-494c-bdd1-1983afacb755,Kodrova,1178
4b847ac2-4c41-4fc1-a497-9ce4deaab8b1,5e732249-14ec-4efe-bae1-7f9ca722f7ae,N/A,N/A,4525
dfde6478-02b5-471b-a470-29cb0e84542f,2a7d32ca-24a1-41ac-a273-0cbcdec59336,fef200e9-4d98-425b-ab14-8110e2aa85d7,Drama,353
e468b92f-fa4a-4819-bb11-37761deaf4ca,cbf8e64b-fd0d-48ec-8fb1-03b298cc13b3,b905ae6a-f1e1-4057-8923-481902ed5a8e,Konzorcij,578
ee7e3c65-72e8-465e-a9a3-a9370ec1f314,d861c2ce-106a-4b95-a4fc-2af355c0bbf0,16578e36-c682-4083-bd29-4973445dc0fe,Gosposvetska,958
9746f277-af08-4cce-92fa-41da5eca8ac2,9ab2717b-1396-4885-bb5b-9857d7195d0d,5de84f88-3f32-4636-8c30-03cc267ecf37,Podvozna pot,2278
c0fb12dd-8cab-40da-a3aa-e8de9c6d09ed,db9f7130-0bc2-4f3e-b8cd-07cfe96b1f8f,f4cfd904-bd11-4247-95df-32c4555a930f,Klinični center,18
769b7bc7-4f95-4bb2-9c99-37ba8e8b4bd5,6d344016-1b93-4ff7-80a8-8cde0b57bd1c,b905ae6a-f1e1-4057-8923-481902ed5a8e,Konzorcij,755
9cc88862-270a-409a-b450-e0003c7930af,58cd6196-8ac4-4803-be8b-1c0d2fb52528,bea274aa-277a-403d-ab2f-a0342b28882e,Križanke,350
b2cf1f2c-3c77-4a23-891f-3cdbcda92f19,9b4a7d21-709f-4462-b602-c77d975df9e7,67c3adc1-a92d-4528-91ee-77d8b52574c6,Poliklinika,569
4ca9e64c-29ad-4391-a6f2-7e1ae022d5bf,f958cead-e4c3-4743-834d-46de4a06a8c9,087e50b6-7677-4a85-802f-5694266fe38b,Aškerčeva,1043
87785aa3-128e-4f15-82b0-d8c3cfa6076f,124ec397-421b-4737-bf71-09c9b1665a10,fef200e9-4d98-425b-ab14-8110e2aa85d7,Drama,692
7add6fa5-bfd5-4d9c-841b-d9856088ede9,9807573b-8821-40e4-b891-a5cea6e23b3d,eead721b-8996-4e73-a2f9-02dba20df4fa,Ilirska,690
daf172e0-4dd9-4d5b-8287-67ad2034bced,8f623f1d-48a7-46b5-9331-28a8dc980876,c124f317-217b-4b89-9597-393843de4f81,Nusdorferjeva,399
cee2862b-9b70-4880-8fa3-16c6d2efae1b,12cfc2b3-f8ff-444b-8d5f-15855e45e331,4062cd22-b67a-4235-9980-0178b7add592,Drama,120
6edebb46-d04f-45c4-99a4-100f7f0b2660,5be3b187-5735-4444-bee7-0665f60e6c83,9bb1ed3b-5a6f-43c7-afaf-ba2b60ca1a7a,Aškerčeva,347
452f2b51-98fb-4a7c-bb0a-44577eb5e12b,befe0e87-b5fe-41ff-9a77-f65461eff28d,087e50b6-7677-4a85-802f-5694266fe38b,Aškerčeva,1209
aa9cc3b9-7c6c-4e45-b91a-1e0494fbf15e,f73d3fb2-082c-4518-8af2-45de5490df4e,4062cd22-b67a-4235-9980-0178b7add592,Drama,1052
87785aa3-128e-4f15-82b0-d8c3cfa6076f,46f20d33-601c-4ef6-b86c-7c2bb4af52fa,6a74977a-a26d-42b4-a60b-8dabc726e57d,Gornji Rudnik,277
21fba303-9465-42e6-8942-eaff85a2b40c,d7748049-2f69-4c77-a19b-96774a521ac1,b905ae6a-f1e1-4057-8923-481902ed5a8e,Konzorcij,439
108e7dc8-ca5d-4c91-9414-32a32a31b69a,300f1367-4ba4-4416-90e4-caa8f33e9144,N/A,N/A,4525
5e732249-14ec-4efe-bae1-7f9ca722f7ae,08f2fb98-afdf-4961-b419-1bca7f5568ab,N/A,N/A,4525
6c773433-c487-49c5-a783-32c0e276ed7b,786a15d4-dd6b-42bb-a5c9-6ce994b5be9e,bea274aa-277a-403d-ab2f-a0342b28882e,Križanke,1083
e65047c0-c01e-4727-b466-78e107c81ee4,25c85d19-456c-4188-b563-15ad467a54c7,9bb1ed3b-5a6f-43c7-afaf-ba2b60ca1a7a,Aškerčeva,9
bd1a0fbd-1593-4552-a76f-681c59333d6b,0c3a77a7-d9eb-45c7-b722-1fafde29129c,717c914e-f928-4671-95f6-26c1ddb95799,Cesta v Gorice,1900
a112e799-e1b6-4dd2-b652-bd521dda7638,5a89967e-5654-49f6-84ca-59f7f9035444,bea274aa-277a-403d-ab2f-a0342b28882e,Križanke,202
596e3cfe-bd4c-4afa-ba4c-33172dba9be1,6182f8e8-c45e-4606-b4a4-d909bd44d2cc,b0b32562-f5dc-4183-abba-5729adf98088,OPEKARSKA,767
16d19639-a788-4df6-a168-6f8c3652ded7,2c87f988-902b-4b35-91da-5437a58759f5,087e50b6-7677-4a85-802f-5694266fe38b,Aškerčeva,386
9276fcfb-0f7e-4df3-b827-325600851526,0eca6015-5429-4289-a76c-4ec9ef707e67,95eee7e8-237d-4410-a9bf-00c6f88129c1,Cukrarna,66
2d6504e9-c938-417e-9b55-32d6514bc744,5881f75e-9383-49b0-811d-04c864ba1605,7a52a73a-cc0e-4c61-b9bc-306157727e1c,Tržnica Moste,262
c1606675-dd38-4952-914b-6ca64fd56b7b,eb43a68a-54a5-4a37-b090-1329e2b4d830,fef200e9-4d98-425b-ab14-8110e2aa85d7,Drama,153
d4c25d68-c340-431b-a646-7680fe0cefee,b4766c35-4ab9-4af3-aa76-1b1f40735685,a719a87c-4e93-4387-a6d1-2631a487f7e0,Ajdovščina,142
24df120e-0d0c-4353-8dda-c7ef0dc3dd5c,22ef2062-46f0-4a46-8d9a-6ceb7b7f45bc,d72032c7-d4b0-4eee-a87c-593985a42266,Tobačna,330
d3a6cbf3-65f0-4db8-9a10-1460763eac8e,27788b38-4743-4e04-9b9c-94faeeeb2d34,b905ae6a-f1e1-4057-8923-481902ed5a8e,Konzorcij,325
392949a1-1ada-4196-9073-6f392638ca49,a0b1fb90-3f6a-4231-910a-18be192ac762,9a480b5e-0283-4130-a5e2-9d5e996caa4f,Litostrojska,553
e4635b94-348c-4c69-be85-1160488e5e43,2c46416a-d66e-469c-a342-898a93f5b2f0,b905ae6a-f1e1-4057-8923-481902ed5a8e,Konzorcij,164
60d91c8b-d5a9-4ef4-927c-e241bc31f81a,2d42d8e2-26a8-4a74-809c-f436d05c8a54,fef200e9-4d98-425b-ab14-8110e2aa85d7,Drama,20
f1fd2bad-eba9-4046-a7b9-34e8d1d423f5,cc9cbd94-6da7-41ff-a728-cfd4b47dfcc0,bea274aa-277a-403d-ab2f-a0342b28882e,Križanke,1059
ee03ecf6-db6d-4ecc-90cd-5b3afc8afb91,48c9ec48-2b87-4945-a077-808839f98e74,4062cd22-b67a-4235-9980-0178b7add592,Drama,326
889e3719-7d29-4888-b690-5a1531d2930e,36d25599-0bed-48a0-bcb4-134be8a959fe,5d7f28a6-2a2a-4333-aa06-48edfb652f86,Pošta,38
cce39cbe-6961-433a-a787-64fbf602f470,61f19c68-2d5e-4d76-bdd4-28709a347b5b,b905ae6a-f1e1-4057-8923-481902ed5a8e,Konzorcij,595
5c8bdb89-116a-4d5d-9db1-9be443070380,249f3d10-f5f0-467b-8f60-f35fd62d9054,eead721b-8996-4e73-a2f9-02dba20df4fa,Ilirska,141
8677848c-55dd-4af4-b275-3074a3ff4846,c0fb12dd-8cab-40da-a3aa-e8de9c6d09ed,8c7fa045-888b-46d0-8189-6f82623bf481,Poljanska,378
ef3024a8-1d7f-4cf5-ad3b-74528eaa9c51,995cbd67-507b-4c32-b794-0ff48e0a3de9,38b3abed-0592-407b-96c3-85a026f2e192,Dalmatinova,768
cecad767-51e5-4683-bf56-e6e342f8d1e0,ad8a76cf-4386-44b3-9156-490c502e4bc4,59d96e2c-3ee3-4581-840a-3ddaf0003743,Osenjakova,341
075a6b29-66cb-409f-89fe-37d50669eff4,c6c83930-96af-4cbe-93bf-072a618502a4,087e50b6-7677-4a85-802f-5694266fe38b,Aškerčeva,377
0bb103e4-c4a6-4c4c-a13d-217ab4e6dfd3,e97befb6-5dc6-4603-ad5e-3aa96b4b2221,fac22b83-1bc0-4c12-8533-485b115409ef,Bolnica,295
363564a6-9938-4bf5-8928-1cd191e9c2ef,24df120e-0d0c-4353-8dda-c7ef0dc3dd5c,4062cd22-b67a-4235-9980-0178b7add592,Drama,206
459f82d2-cbe4-414b-b66b-0b794ea958ed,ef31a8be-b01d-44cd-95cf-3db8e918af26,25ad5579-f6a0-4f35-a0c9-0678b41e9dde,Križanke,1616
7c166e7c-6fe0-44bd-b124-0013473f227a,eead721b-8996-4e73-a2f9-02dba20df4fa,36d25599-0bed-48a0-bcb4-134be8a959fe,Emona,164
1eca3479-6e2c-4f21-bf45-4db410041181,476c1b24-6f2f-4727-b610-645c50493814,N/A,N/A,4525
39650ca1-d08c-4645-ac1a-6aed84eb45c5,11d74c00-da13-4cad-883e-c6dcf8edcbe8,a719a87c-4e93-4387-a6d1-2631a487f7e0,Ajdovščina,167
5a06b853-39a7-479d-ac40-fafa659fd896,a52cd7ac-c11e-4c8b-94a5-1a12b32595da,b905ae6a-f1e1-4057-8923-481902ed5a8e,Konzorcij,686
b9edd39a-4f64-4553-869e-bb77e617b9b8,1cc5f00f-c982-4016-8553-40a3da4f36ad,fef200e9-4d98-425b-ab14-8110e2aa85d7,Drama,371
5de84f88-3f32-4636-8c30-03cc267ecf37,32abc648-685c-47b0-bbc4-203371ec2699,25ad5579-f6a0-4f35-a0c9-0678b41e9dde,Križanke,557
271db19a-744b-41a0-869d-0c3e0e2cb6bf,47a3bd8a-72ae-4e20-b43f-10bfaf49012c,bea274aa-277a-403d-ab2f-a0342b28882e,Križanke,1240
62feeb73-9af7-43ee-8714-1b435ec20263,8f56b058-1ae3-44f5-8600-4330f2264d78,e66e813a-722d-40f8-9ee9-1470d07bc200,Tobačna,20
3d9e90f6-2b67-4f24-9cc4-7c2063a08410,aa9cc3b9-7c6c-4e45-b91a-1e0494fbf15e,25ad5579-f6a0-4f35-a0c9-0678b41e9dde,Križanke,1445
f5e84751-7377-402c-974c-53276e422e70,66943a7c-28b4-40a6-a996-21aa0b968435,099976aa-17cc-45d3-add4-267985ab1533,Draga,264
259de009-1345-4169-920b-baeaceade993,1f4702d4-6b02-4ad3-aa9b-118ff9aa3474,8c7fa045-888b-46d0-8189-6f82623bf481,Poljanska,236
a769d1e9-8727-4190-b56c-5cdd8a49333d,da623aed-094d-4c3c-9766-9f0aba0f40f6,5d7f28a6-2a2a-4333-aa06-48edfb652f86,Pošta,283
030363e5-99a3-401f-96db-a16a340ace21,7eb88e01-82e9-4af4-84d0-69c6ea9dc82c,67c3adc1-a92d-4528-91ee-77d8b52574c6,Poliklinika,1943
5f2b93f1-7933-45ed-915c-4488ab8d81b7,e4635b94-348c-4c69-be85-1160488e5e43,12618339-2c2d-49ec-b0e0-2517c11991f8,Mirje,2004
46f20d33-601c-4ef6-b86c-7c2bb4af52fa,666e98e1-4a23-4204-a3e6-99110f8b3153,94c6598b-7303-42e1-94d5-156d7a25f630,Gerbičeva,73
62feeb73-9af7-43ee-8714-1b435ec20263,b4b7f450-4397-42d2-9d1e-39f786eecc2e,fef200e9-4d98-425b-ab14-8110e2aa85d7,Drama,933
862efb04-bcf5-493a-929d-242fb91ba5f6,47637057-8d6a-4cf9-bd56-3ac90748fcc4,0b4a072e-6c2d-4c71-ab80-2b7142df81de,Tivoli,1343
c70ad4c4-6c37-4f31-83aa-921dc8bc15a4,4f21a18a-3cb0-4c6c-bb92-e7c8945fac1c,a719a87c-4e93-4387-a6d1-2631a487f7e0,Ajdovščina,496
4ca7ae7e-380b-45e3-81de-00ffab5bb531,f496ecc3-28fe-4361-9da8-428bbf3bd672,f073b9d9-a3e3-4d04-a209-0db55377b79e,Zmajski most,2714
ab4e1412-1ac4-4864-8833-c1ddf48bec20,ef91fd44-5651-4fd4-b6f8-619fdef9da7b,b59656a4-b6e7-4b87-977c-078c59088a50,Hajdrihova,123
56dbd8ff-6ec8-4186-b46c-f74ddb5a304a,9c3d9f7c-69df-4a48-8f1a-d25e7a922ac3,9bb1ed3b-5a6f-43c7-afaf-ba2b60ca1a7a,Aškerčeva,441
d867fec1-5147-43db-b004-08d2797f50e3,45754ca7-bffd-4bcf-96df-952e59574dde,f2bac6f5-5bbc-4f15-acdd-014d86770ce9,Kneza Koclja,697
78ef8af0-fd16-46b8-a5de-8d24b99638c8,784bebe9-c0c7-46eb-943d-0b1808ffd5ac,ef91fd44-5651-4fd4-b6f8-619fdef9da7b,Hajdrihova,592
58cd6196-8ac4-4803-be8b-1c0d2fb52528,c0a064eb-b507-43c2-a6d2-0e9c5881f031,f1d7dbc8-d84b-4550-a3bd-e4748a677e9d,Trnovo,1054
28248670-5e08-4de2-8eab-e63933c0d61d,b698a890-05b8-40f6-a3a6-4f4c0a820f97,N/A,N/A,4525
53ec687a-6f0c-4bb7-b1b4-606e7dcfada9,76ec8af8-07c2-4d44-b0d8-a439d381913f,4038e02e-f22f-4af0-ba4f-7aab855b53af,Kneza Koclja,172
4c08e174-6890-4c5d-9eec-15686971f909,01bc5983-63a7-4184-9986-32e5a5320684,N/A,N/A,4525
bc19ad1c-00fc-47f1-926e-ddeb12f686ba,daf172e0-4dd9-4d5b-8287-67ad2034bced,484b5c91-1220-43ba-af79-84e712fcc46b,Slovenija avto,230
bff8345d-1b72-4b41-8b8d-cb8a5483a2e4,b4b7f450-4397-42d2-9d1e-39f786eecc2e,60ccc570-3714-410b-aa31-43d3a4c593c8,Tržnica Moste,884
aa31554f-8623-42db-aedd-ad9a8f562e4c,6739536d-b334-46c6-ae80-4890afac7985,f5d8583f-6e9d-4996-b803-74bf3cd0b602,Letališka,691
e8b0d4a2-f65e-4aed-97b8-77ab0d07955a,8c7fa045-888b-46d0-8189-6f82623bf481,e66e813a-722d-40f8-9ee9-1470d07bc200,Tobačna,940
1035c6f7-304e-4329-a3b2-4eb5d985a577,15c71406-72b5-4681-8b1a-29eb30eb3f76,16578e36-c682-4083-bd29-4973445dc0fe,Gosposvetska,293
5560d06d-4058-473e-abba-099b05d7cf07,a52cd7ac-c11e-4c8b-94a5-1a12b32595da,5fa77d25-e7a3-42db-8cc9-52b612d5de19,Preglov trg,127
eb669f04-cfb6-4ea4-90c9-26eb551ecb45,fcccf4af-4f16-4edc-ba5a-585c434593fe,e66e813a-722d-40f8-9ee9-1470d07bc200,Tobačna,519
824255dc-9be8-4f7b-9b69-2bd4e5a3fc27,eaad1ba5-14a4-494f-80ae-65294c29a962,d72032c7-d4b0-4eee-a87c-593985a42266,Tobačna,556
76f20fbf-afc4-4c7d-b51c-14f0878b38d8,093afa81-b65f-4182-bac3-afbc00558a9b,a719a87c-4e93-4387-a6d1-2631a487f7e0,Ajdovščina,216
d8ff7b2c-baf6-4a1a-97c5-0871b823caab,8441d439-8d1d-40b8-b3d5-7b9c56848b43,N/A,N/A,4525
023d7b7a-b411-4e61-8746-b07f9e5c8f90,1eadcdb9-60cd-47c9-8eec-527c3465a685,5d7f28a6-2a2a-4333-aa06-48edfb652f86,Pošta,1310
97d3e896-2af7-40f9-bfbf-59cf3fcbf93a,49f28358-bfda-458e-a4b3-a45f602765c1,N/A,N/A,4525
96d4c75b-6452-4c70-a31e-c234262ba38b,eee355cc-98a1-4f25-8bf9-0100856eda6e,fef200e9-4d98-425b-ab14-8110e2aa85d7,Drama,197
0ff94f7b-275b-4cc4-bb27-e00842f5ad87,233daca5-913b-4e10-bf34-18b1c8c77019,bc66f88b-1412-44cb-b921-030d27335261,Sneberje,33
fdff5f9c-6c02-4fc1-a004-7032b17fa37a,b8533150-cf69-441a-8fc4-18f39cbef16b,087e50b6-7677-4a85-802f-5694266fe38b,Aškerčeva,386
712ee105-4fab-498a-af5c-496ca9830f5f,1e4be02a-ac61-41bc-b9b5-1ef7850313ed,b905ae6a-f1e1-4057-8923-481902ed5a8e,Konzorcij,58
c297ac70-8f43-4fbc-a8a4-366ddb883a8d,edc8bf1d-d4f1-4c5b-8112-e4fa71a02bae,9c17244c-0812-404b-b929-5cdc0591e421,Podmornica,29
1536cb2e-acd3-49cb-8f06-bb8cd40c0c02,5d1e404b-1606-457e-8d2b-4e3e80139532,a378ce5e-57ce-4c52-b219-568674b5cd5e,Gornji trg,826
786a15d4-dd6b-42bb-a5c9-6ce994b5be9e,5bc3addd-b076-4c60-b850-39f90e674b75,fef200e9-4d98-425b-ab14-8110e2aa85d7,Drama,278
5de84f88-3f32-4636-8c30-03cc267ecf37,7d628170-e2eb-47fd-9d3e-658acf78d7d3,N/A,N/A,4525
dc7b6fb3-15db-4c7e-9fa1-424943178ce6,d123fde4-aa91-49c3-83df-5ebf12af4e59,b905ae6a-f1e1-4057-8923-481902ed5a8e,Konzorcij,146
3edd6057-3847-4c42-b8ec-6e89ff95793a,2838f674-f6e9-4eb5-a99c-1d0ac7903ca1,25ad5579-f6a0-4f35-a0c9-0678b41e9dde,Križanke,132
7b41ca8e-2e41-4572-aa5c-1d80375e8835,08071ba1-570f-487b-9a36-01a046fb2788,25ad5579-f6a0-4f35-a0c9-0678b41e9dde,Križanke,1234
b5273abc-dfeb-49a2-9607-249bf6415e4b,1e2641bc-b0b2-448e-8ad2-e52891fa4c5f,N/A,N/A,4525
a9796806-8cd3-4b76-bf8c-4340aec35c9e,271db19a-744b-41a0-869d-0c3e0e2cb6bf,5d7f28a6-2a2a-4333-aa06-48edfb652f86,Pošta,1500
cf94d70f-d211-4625-9037-014514562aa9,9746f277-af08-4cce-92fa-41da5eca8ac2,9a938b49-ce1d-4e1c-a789-e316630ebc4f,Poliklinika,1439
b0b32562-f5dc-4183-abba-5729adf98088,7fcb0952-c77f-44b5-adf3-0aa2a2b8550a,bea274aa-277a-403d-ab2f-a0342b28882e,Križanke,61
ea9d5fa9-af5a-4d39-96fd-626415048511,13ceaf6c-9650-45c3-b449-64a0e5094d18,4062cd22-b67a-4235-9980-0178b7add592,Drama,1207
2628ca4f-8797-4672-aca9-47b325c58aac,6e7cab20-d7e3-474f-9a5e-f1e0ca6fae53,ba6f47bf-d346-4ccb-8669-13b974d863a6,Križišče Sostro,73
77dcd833-fa4d-4c5a-93b1-31284942e61d,48507e1a-32df-4552-9448-3b345760b75f,087e50b6-7677-4a85-802f-5694266fe38b,Aškerčeva,464
099976aa-17cc-45d3-add4-267985ab1533,9a938b49-ce1d-4e1c-a789-e316630ebc4f,0614b134-0950-4f6b-bc8f-fb73a0881bc1,Gornje Poljane,366
b4b30b45-445a-4f70-bdf5-5ea7cdc98583,9afb36ea-c2ae-4bbb-9644-3a6c65bb1c7d,5d7f28a6-2a2a-4333-aa06-48edfb652f86,Pošta,279
2496479b-f855-403d-bce8-2a4d9988665d,484b5c91-1220-43ba-af79-84e712fcc46b,fef200e9-4d98-425b-ab14-8110e2aa85d7,Drama,1257
a26d9a94-effb-45ab-a27f-74076e9e5bdd,17f7d178-41b3-41f9-a545-cbfc22a0a5f1,f4cfd904-bd11-4247-95df-32c4555a930f,Klinični center,1888
79d89180-8b07-4127-b7b4-1ac03d1cee9f,28248670-5e08-4de2-8eab-e63933c0d61d,4d2fc228-0628-4897-8d77-3e71d500d36d,Sava,333
c86d5f37-52ee-4e3a-99b5-b9554118c4d5,34f3ddda-e732-4b53-bfb2-8773b5cd6eac,25ad5579-f6a0-4f35-a0c9-0678b41e9dde,Križanke,108
d7a59d1b-dfe1-4fbb-96fc-14443b077516,fb0042f8-d9e2-4916-b60a-38a026acf0c9,ef91fd44-5651-4fd4-b6f8-619fdef9da7b,Hajdrihova,166
54c591c0-7bbb-4489-9229-57b18f95827a,093afa81-b65f-4182-bac3-afbc00558a9b,105e10e7-fbab-4f99-94c9-178c25630b42,Brodarjev trg,476
bbfc6d44-94da-4cfd-b22a-368a2b11ce20,0810f07b-94d6-442f-b10d-bf8210c4ed47,9bb1ed3b-5a6f-43c7-afaf-ba2b60ca1a7a,Aškerčeva,458
233daca5-913b-4e10-bf34-18b1c8c77019,d3a6cbf3-65f0-4db8-9a10-1460763eac8e,295616c0-387b-4f60-a337-7743cd6be04e,Bavarski dvor,587
d98335a0-1291-4d4c-be62-16b11c356575,a8a92762-af25-42a7-98dd-9846f8b33e09,N/A,N/A,4525
eb11d52f-300b-4648-a2e8-ed03db9ff7e2,48b163cd-b819-4849-aee1-8b1da77657ab,N/A,N/A,4525
e97befb6-5dc6-4603-ad5e-3aa96b4b2221,9a480b5e-0283-4130-a5e2-9d5e996caa4f,9b0074d2-2c92-4c01-830b-00be8e05b412,Cukrarna,270
ee837fd9-7a5c-4f14-bbd7-a46f14eb07c5,ccccee29-6fc7-4a86-b492-7f36a8e817db,N/A,N/A,4525
cad3370f-7a28-4a47-8d5a-187adab3ca21,fcccf4af-4f16-4edc-ba5a-585c434593fe,a4545f57-dab0-4ca0-9da3-5bc96d80f104,Vevče,29
ee837fd9-7a5c-4f14-bbd7-a46f14eb07c5,5560d06d-4058-473e-abba-099b05d7cf07,c87db9be-1fba-4102-a743-0ee4317dd5af,Bavarski dvor,324
d9f26e1a-77fc-48b0-a024-93fd38eb88a4,cb05ea76-5fc1-4162-b432-a914b63604d0,c87db9be-1fba-4102-a743-0ee4317dd5af,Bavarski dvor,532
d9224caa-d582-4152-88e0-be720677fe16,45754ca7-bffd-4bcf-96df-952e59574dde,9afb36ea-c2ae-4bbb-9644-3a6c65bb1c7d,Kino Šiška,1676
e4635b94-348c-4c69-be85-1160488e5e43,9c17244c-0812-404b-b929-5cdc0591e421,5d7f28a6-2a2a-4333-aa06-48edfb652f86,Pošta,105
78c69686-64ed-437c-83b5-0e28733ed70c,ac3afe7d-a2b3-4d5d-9e6a-1d2412a3bc70,fef200e9-4d98-425b-ab14-8110e2aa85d7,Drama,272
33613e0e-f41c-4cee-804a-3942bf698e3e,2f18bcfa-6189-4de4-b06f-132d3392e7d6,5d7f28a6-2a2a-4333-aa06-48edfb652f86,Pošta,1047
8a224b7d-24ae-4c7b-8318-f66ac8cc078b,34afe7f1-2d09-487f-983f-19c7dd5dae82,a719a87c-4e93-4387-a6d1-2631a487f7e0,Ajdovščina,255
e78f256e-7218-4263-87b9-255bd90c9f49,4038e02e-f22f-4af0-ba4f-7aab855b53af,639551cf-fe23-4363-8ccd-655bc5d4119e,Zmajski most,342
ab0d4ded-a428-4133-a6c8-0f2caac0a5ae,010c271e-49ca-45a5-91ac-8ba8d41ee7f3,bea274aa-277a-403d-ab2f-a0342b28882e,Križanke,317
117abbb4-5575-4020-aac4-2048f8d34b50,0eca6015-5429-4289-a76c-4ec9ef707e67,5d7f28a6-2a2a-4333-aa06-48edfb652f86,Pošta,1318
3d8122ff-0840-4811-a5ad-c4702fc70269,30e58784-86f6-4d93-8630-3cc3fc93c6f3,4062cd22-b67a-4235-9980-0178b7add592,Drama,689
1eadcdb9-60cd-47c9-8eec-527c3465a685,ef31a8be-b01d-44cd-95cf-3db8e918af26,25ad5579-f6a0-4f35-a0c9-0678b41e9dde,Križanke,384
8d5e4aed-59fb-47c9-8559-5bf11b7ddca0,8512e1be-4637-483b-a3e6-78ccc6d2c5b1,5d7f28a6-2a2a-4333-aa06-48edfb652f86,Pošta,335
4fddf4a7-ad4e-4630-a5ca-3267955db548,b589ddd3-5a31-4fe1-915f-44347b4c0a1a,67c3adc1-a92d-4528-91ee-77d8b52574c6,Poliklinika,540
30cf2ed7-2cf0-4764-ab64-78206968d5ba,121b30dc-065b-4c76-aad2-a54a85c74d4d,81f21fc1-3bd2-4d2a-b563-2d063479c68e,Štepanja vas,1689
b60d686c-3b89-447c-93f6-2837d9af3d02,ee7e3c65-72e8-465e-a9a3-a9370ec1f314,a719a87c-4e93-4387-a6d1-2631a487f7e0,Ajdovščina,1413
7ad774b6-172a-401b-b186-358aa2d560a2,cdee8be6-e02c-4fb5-9752-be1bac08d90d,cdee8be6-e02c-4fb5-9752-be1bac08d90d,Kavčičeva,3
3fbf6322-fb74-4a50-a81a-bfca73abc26b,05643914-8ff7-4064-8737-2761d44a083f,0d50a4a8-a88d-4468-b562-73e51937e1c5,Ob daljnovodu,6
352f5cae-25c9-41c5-ab70-268bf64107f0,0b6c7b97-410c-48fa-be23-430c316f9b10,9bd3ee10-bc61-44e8-8cf3-a37cffd54da0,DOMŽALE kolodvor,45
24df120e-0d0c-4353-8dda-c7ef0dc3dd5c,2628b04b-eaf2-4c5a-b7ac-837237162783,b905ae6a-f1e1-4057-8923-481902ed5a8e,Konzorcij,848
feb89b92-366d-4f50-a509-40c7baba8cf0,d9a82add-03d0-47d8-9f35-117b7a5ded44,fef200e9-4d98-425b-ab14-8110e2aa85d7,Drama,82
45754ca7-bffd-4bcf-96df-952e59574dde,410b424b-5f4d-4137-bc20-7d1f328540a3,fef200e9-4d98-425b-ab14-8110e2aa85d7,Drama,436
31e6db90-ba65-4c49-90c0-317fb92596b3,0b90d258-764d-4c06-aab0-7074dbd54182,f33b721f-a8a3-4aad-96f2-077da09ebaa6,Razstavišče,1728
ba0f81e5-dfec-49bb-8d6b-d52618338640,8d775324-59ca-429e-ad7e-8d522c52dbdd,a719a87c-4e93-4387-a6d1-2631a487f7e0,Ajdovščina,333
2496479b-f855-403d-bce8-2a4d9988665d,98239279-bb80-4070-965c-dc87525019e2,fef200e9-4d98-425b-ab14-8110e2aa85d7,Drama,1145
9a14b0ec-f13a-46f0-8c4f-07d8b99241e2,c0fb12dd-8cab-40da-a3aa-e8de9c6d09ed,67d66d40-e8ba-4bc0-a9cf-814dce3ccbea,Jadranska,476
9a480b5e-0283-4130-a5e2-9d5e996caa4f,39b60288-c9ac-4bc2-825b-524dec52182d,26d86ffa-b8df-49aa-a9c0-5fa7d3cfba77,Draveljska gmajna,2075
d3a06374-ab12-456b-9c00-55461af341fa,2b223d0c-f8ec-4970-815c-bfe26c3ffc09,1b3ddeca-a066-43ee-9ae5-8339628129c2,Žale,93
0be53afd-2427-49b2-b70c-2ee3d89e9762,da656f17-9723-4cbe-a008-823cbad17c28,fef200e9-4d98-425b-ab14-8110e2aa85d7,Drama,568
95be8f74-3ed5-4cf1-aabc-b1c0027ea628,ef4a63e8-d956-4f09-80bd-8e4699418652,ccccee29-6fc7-4a86-b492-7f36a8e817db,M. St. vas,26
9276fcfb-0f7e-4df3-b827-325600851526,22c11486-1afa-491f-b9ab-162d88c8c44d,889e3719-7d29-4888-b690-5a1531d2930e,Jadranska,972
70bba1e8-3ea8-46fe-ace3-f75b04e37605,a999f83e-4e6a-4ef9-9a10-e4a2c8a4a182,b905ae6a-f1e1-4057-8923-481902ed5a8e,Konzorcij,455
592b37eb-8255-4758-ae8a-7cef98521013,d9437903-d95a-49e6-9743-12b2b964e04c,d72032c7-d4b0-4eee-a87c-593985a42266,Tobačna,177
eb165f50-9c43-4b09-9658-469a16d3dc83,3a50f545-2fe2-45a0-8ed6-01635603efed,bea274aa-277a-403d-ab2f-a0342b28882e,Križanke,1030
6c773433-c487-49c5-a783-32c0e276ed7b,d4fd9934-5253-4ab8-a779-3e9e2a30c5b7,N/A,N/A,4525
ba0f81e5-dfec-49bb-8d6b-d52618338640,4062cd22-b67a-4235-9980-0178b7add592,cab36767-e95a-4f60-978e-92490f2517b2,Hrvatski trg,265
7a52a73a-cc0e-4c61-b9bc-306157727e1c,4a95f1f8-a457-4dcf-bd1f-6307d4300ea0,5d7f28a6-2a2a-4333-aa06-48edfb652f86,Pošta,441
d3283222-38a9-40e2-a485-180d1a33067c,2cde6efe-5f53-44aa-8018-76f0ea2c86f8,c8e0086c-0cef-4375-a471-72f3ae1e34fc,Strelišče,1829
2fafda56-e44d-4e08-8503-90e6bf75e19d,7411cd45-83d2-40e6-89f6-5a0995e409cb,N/A,N/A,4525
235d7e56-4520-4691-b7d9-7588f7306e1d,d07152fd-014c-481b-a5f2-8949066499e8,N/A,N/A,4525
5fe363f3-8297-448b-bde3-08f690c92d1b,d0790612-d161-4be4-953d-a7a0c33acf1e,889e3719-7d29-4888-b690-5a1531d2930e,Jadranska,330
24df120e-0d0c-4353-8dda-c7ef0dc3dd5c,dd57f39b-be0f-479e-bc35-5bd2edf98ff2,a719a87c-4e93-4387-a6d1-2631a487f7e0,Ajdovščina,834
769b7bc7-4f95-4bb2-9c99-37ba8e8b4bd5,98b60d07-8054-441a-be44-be7aa24f4253,9b85d4b0-c594-4e0e-9ce2-d0986256c270,Tavčarjeva,280
08f2fb98-afdf-4961-b419-1bca7f5568ab,b0d473cd-f35e-4a30-8d0d-70f16b92e8e8,923bd774-0651-4e0a-8624-3acfb7ecd5ff,Gornje Poljane,1826
c93954aa-7aad-4fca-9f7a-721d37f0474e,79325942-629a-4766-a34a-525f8edf8cc5,295616c0-387b-4f60-a337-7743cd6be04e,Bavarski dvor,567
47637057-8d6a-4cf9-bd56-3ac90748fcc4,1b3ddeca-a066-43ee-9ae5-8339628129c2,fef200e9-4d98-425b-ab14-8110e2aa85d7,Drama,232
216a26dc-11c2-432b-b099-0d55d508b7fa,1eadcdb9-60cd-47c9-8eec-527c3465a685,60ccc570-3714-410b-aa31-43d3a4c593c8,Tržnica Moste,568
0e79ef8c-f692-4e29-a37e-4a81cbb3d410,29096931-9d98-487f-bd0a-b0767611e561,67c3adc1-a92d-4528-91ee-77d8b52574c6,Poliklinika,3712
55e3f615-be6c-43f4-9858-e199862771a4,ef3024a8-1d7f-4cf5-ad3b-74528eaa9c51,8c7fa045-888b-46d0-8189-6f82623bf481,Poljanska,2237
9e109242-5aad-4fb7-b0c8-576eef8aa4e0,8d775324-59ca-429e-ad7e-8d522c52dbdd,5d7f28a6-2a2a-4333-aa06-48edfb652f86,Pošta,206
47283e27-c588-411c-9303-30a6f0beeaef,52e5d1c1-28c9-4ed2-b0ec-5bf7311be753,aee8e842-6083-48a7-b14f-cc3d112537bb,Opekarska,1415
9143c575-806f-4ba0-81bc-8199f0b0b4d0,8a182298-1db3-4251-9cdb-a86efe72b8a7,cab36767-e95a-4f60-978e-92490f2517b2,Hrvatski trg,1860
ee7e3c65-72e8-465e-a9a3-a9370ec1f314,5a89967e-5654-49f6-84ca-59f7f9035444,79a5bacd-8b59-4d83-99e8-26e3c5b1490b,Osenjakova,130
0b90d258-764d-4c06-aab0-7074dbd54182,73e6ef23-ef0c-41bf-9960-0e3078b94d23,087e50b6-7677-4a85-802f-5694266fe38b,Aškerčeva,1477
02c61e3f-2d2e-4b42-b695-bbd3cc672f6b,8eeea585-6168-45b8-a5d4-336e61826043,8eeea585-6168-45b8-a5d4-336e61826043,Zapuže,829
7a52a73a-cc0e-4c61-b9bc-306157727e1c,7eb88e01-82e9-4af4-84d0-69c6ea9dc82c,a719a87c-4e93-4387-a6d1-2631a487f7e0,Ajdovščina,278
ab4e1412-1ac4-4864-8833-c1ddf48bec20,b5400e28-b0c3-4a02-9da2-084c465bd1d3,4062cd22-b67a-4235-9980-0178b7add592,Drama,1757
b2dd8b3a-3710-4f07-b735-4bd183bfaade,e26da28a-b9c3-41b8-b57f-87b289b38e08,087e50b6-7677-4a85-802f-5694266fe38b,Aškerčeva,246
97d3e896-2af7-40f9-bfbf-59cf3fcbf93a,d17294f3-5b6c-4313-9243-3f38557967cf,a2ce7e6f-0f99-443a-a973-81a0b9c60261,Astra,1380
d9437903-d95a-49e6-9743-12b2b964e04c,02c61e3f-2d2e-4b42-b695-bbd3cc672f6b,4062cd22-b67a-4235-9980-0178b7add592,Drama,244
93928408-7b36-41f9-9b62-fec53e14b4e2,459f82d2-cbe4-414b-b66b-0b794ea958ed,fef200e9-4d98-425b-ab14-8110e2aa85d7,Drama,567
08071ba1-570f-487b-9a36-01a046fb2788,7a52a73a-cc0e-4c61-b9bc-306157727e1c,5d7f28a6-2a2a-4333-aa06-48edfb652f86,Pošta,224
a0e0a21b-b8ce-4d76-bbc2-04e179367fee,21fba303-9465-42e6-8942-eaff85a2b40c,25ad5579-f6a0-4f35-a0c9-0678b41e9dde,Križanke,375
d7d791d9-02e0-4369-be0c-1546fc2044a4,eba0daca-3696-4f72-a1dd-5f7b5fd02a63,N/A,N/A,4525
c8e0086c-0cef-4375-a471-72f3ae1e34fc,eaad1ba5-14a4-494f-80ae-65294c29a962,a719a87c-4e93-4387-a6d1-2631a487f7e0,Ajdovščina,16
538ab00b-ee39-44e8-b5a4-62c2c6215bf6,d7748049-2f69-4c77-a19b-96774a521ac1,9bb1ed3b-5a6f-43c7-afaf-ba2b60ca1a7a,Aškerčeva,651
06e4802d-2c96-4556-bd95-35e0a2bb030c,aa9cc3b9-7c6c-4e45-b91a-1e0494fbf15e,N/A,N/A,4525
1035c6f7-304e-4329-a3b2-4eb5d985a577,bd001f58-6e58-49e9-877f-1fa36964fbc2,557f714a-6f4a-4c98-8c5a-d74fa34b2adb,Hrvatski trg,270
a8a92762-af25-42a7-98dd-9846f8b33e09,16d19639-a788-4df6-a168-6f8c3652ded7,N/A,N/A,4525
698551c1-7bb2-4f7e-9701-23b7667e8594,9bb1ed3b-5a6f-43c7-afaf-ba2b60ca1a7a,12618339-2c2d-49ec-b0e0-2517c11991f8,Mirje,1105
2188a1bc-ce7a-4450-bd4f-871538578244,cddb3822-7daf-4cae-9cc3-6b191e81326b,60ccc570-3714-410b-aa31-43d3a4c593c8,Tržnica Moste,530
58cd6196-8ac4-4803-be8b-1c0d2fb52528,5e732249-14ec-4efe-bae1-7f9ca722f7ae,N/A,N/A,4525
ecc4ae87-ae08-4b94-995c-452fdd94df7f,da656f17-9723-4cbe-a008-823cbad17c28,fef200e9-4d98-425b-ab14-8110e2aa85d7,Drama,691
1308dcf9-a9e1-4e54-95c9-0f2afaac889b,db13a26e-19d4-4b8a-a78a-01ef25d58834,484b5c91-1220-43ba-af79-84e712fcc46b,Slovenija avto,59
2cde6efe-5f53-44aa-8018-76f0ea2c86f8,7c166e7c-6fe0-44bd-b124-0013473f227a,b905ae6a-f1e1-4057-8923-481902ed5a8e,Konzorcij,1636
3a50f545-2fe2-45a0-8ed6-01635603efed,ea9d5fa9-af5a-4d39-96fd-626415048511,25ad5579-f6a0-4f35-a0c9-0678b41e9dde,Križanke,237
e0c253d0-1de7-4add-ac75-8b16151fa462,7ad25867-5c97-4f9f-9b1b-4966436f7fbf,f2bac6f5-5bbc-4f15-acdd-014d86770ce9,Kneza Koclja,517
1e157c31-d34d-4c2e-91b4-8c000c88f6dd,62b17644-b4a6-412f-9e03-79bbaf339717,bea274aa-277a-403d-ab2f-a0342b28882e,Križanke,640
4abe5e63-5707-4ef0-acda-ab2c52749afe,8dde1a7b-e3ec-4675-8409-2a2c4ae696c7,bd1396f2-4dc8-4695-9bf1-c601157100d8,Preglov trg,252
807c11ba-4b3a-4e2b-82b5-abf5864fa4bc,f8da5156-e545-47ed-a811-2242f41f5593,6182f8e8-c45e-4606-b4a4-d909bd44d2cc,Gornji trg,938
b589ddd3-5a31-4fe1-915f-44347b4c0a1a,29336b94-2382-46dd-b2e6-4590dd689640,f2920a77-6c6c-494d-96b7-2a8caf8f374f,Mirje,56
dd57f39b-be0f-479e-bc35-5bd2edf98ff2,363564a6-9938-4bf5-8928-1cd191e9c2ef,6559d555-672b-4633-8a81-0ae68fb963eb,ZD POLJE,381
cd2cdf5f-a758-494c-8b1f-2de4ac913723,d123fde4-aa91-49c3-83df-5ebf12af4e59,N/A,N/A,4525
0c3a77a7-d9eb-45c7-b722-1fafde29129c,8fc42c89-96e2-4c69-a2b4-44d505f27ce9,e66e813a-722d-40f8-9ee9-1470d07bc200,Tobačna,431
df63651e-45ab-4487-9429-9e604415b35c,d5102041-8282-4c77-a593-edac0d0d4a34,a719a87c-4e93-4387-a6d1-2631a487f7e0,Ajdovščina,101
4b456495-fb29-4ff3-b48b-4090bc51514e,d06c6c8a-c136-4b7a-9c13-b26ba0c04029,fcccf4af-4f16-4edc-ba5a-585c434593fe,ZD Polje,53
7c149b59-2bc6-45cb-95c8-69e18a0db627,6459bd02-d8f8-413e-9402-10b916f09a4f,087e50b6-7677-4a85-802f-5694266fe38b,Aškerčeva,89
1069d764-9345-425d-8c4d-12d6ffa1fde1,60edf514-fd83-400b-b86f-881f7eff258b,9bb1ed3b-5a6f-43c7-afaf-ba2b60ca1a7a,Aškerčeva,858
16578e36-c682-4083-bd29-4973445dc0fe,5aeac892-889f-4c5a-8fde-67e6ac096242,3429cda2-6047-453c-bf54-952dfa6674c0,Klinični center,2474
2ec182e2-769f-427f-b9b5-c4118890cb96,15bb8af1-183e-4ec8-81f7-1fc6e81beb30,8c7fa045-888b-46d0-8189-6f82623bf481,Poljanska,131
41489be9-b3b7-4cbe-90f8-af1a435b2676,7ad25867-5c97-4f9f-9b1b-4966436f7fbf,9bb1ed3b-5a6f-43c7-afaf-ba2b60ca1a7a,Aškerčeva,1003
9a480b5e-0283-4130-a5e2-9d5e996caa4f,7a256ec6-bb93-47eb-af92-ea62941c1dc6,7bcbdcaa-00b9-47d4-8982-09da26cd7bcb,Zaloška,173
fcfe6ac9-74b3-4c13-96b7-6041f1454813,2154edb8-16e2-4334-8878-9e38abcdf06a,fef200e9-4d98-425b-ab14-8110e2aa85d7,Drama,679
c15a2be8-fc53-427d-9cc6-a50bb305f68d,169789c5-0251-47a6-800a-74ff3dffe04d,a719a87c-4e93-4387-a6d1-2631a487f7e0,Ajdovščina,304
a769d1e9-8727-4190-b56c-5cdd8a49333d,b7834e14-7e86-4df5-83ce-006c93c31c00,9b85d4b0-c594-4e0e-9ce2-d0986256c270,Tavčarjeva,1461
391bf42a-68a3-400a-baea-0c708f327325,62d0c5a7-1692-43ef-b6e2-31f514362629,fef200e9-4d98-425b-ab14-8110e2aa85d7,Drama,186
6edebb46-d04f-45c4-99a4-100f7f0b2660,0b6960bb-2431-48c3-9e64-3cbf5c57ea96,1eadcdb9-60cd-47c9-8eec-527c3465a685,Polje,96
d4fd9934-5253-4ab8-a779-3e9e2a30c5b7,9bb1ed3b-5a6f-43c7-afaf-ba2b60ca1a7a,N/A,N/A,4525
9845a6f7-ba79-4f3d-b6ae-969651ef6001,9746f277-af08-4cce-92fa-41da5eca8ac2,bea274aa-277a-403d-ab2f-a0342b28882e,Križanke,786
1cc5f00f-c982-4016-8553-40a3da4f36ad,7c390857-8fc7-49b5-9c9d-e5535d360148,N/A,N/A,4525
f1b7471e-db71-49da-846d-1232cb3e8f8f,9cd1e7f8-8ccf-4469-bc25-25d138605c67,5d7f28a6-2a2a-4333-aa06-48edfb652f86,Pošta,694
42bcfbad-96b8-4ce2-96f3-07694e1bcfe2,2b223d0c-f8ec-4970-815c-bfe26c3ffc09,N/A,N/A,4525
98239279-bb80-4070-965c-dc87525019e2,feb89b92-366d-4f50-a509-40c7baba8cf0,25ad5579-f6a0-4f35-a0c9-0678b41e9dde,Križanke,712
f1fd2bad-eba9-4046-a7b9-34e8d1d423f5,cdabf1ea-b04c-480a-8359-72c46e6864ab,f073b9d9-a3e3-4d04-a209-0db55377b79e,Zmajski most,415
01d1f388-d915-4e9f-bc3d-4432a73a216e,4ca9e64c-29ad-4391-a6f2-7e1ae022d5bf,5d7f28a6-2a2a-4333-aa06-48edfb652f86,Pošta,120
9b0074d2-2c92-4c01-830b-00be8e05b412,bc19ad1c-00fc-47f1-926e-ddeb12f686ba,dfde6478-02b5-471b-a470-29cb0e84542f,Slovenija avto,1152
a4545f57-dab0-4ca0-9da3-5bc96d80f104,cc9cbd94-6da7-41ff-a728-cfd4b47dfcc0,51dbf10f-cf3b-4575-a8cc-d1080c1f9dde,Silos,465
65a6b01d-c9cf-4d4e-930c-5562156d7375,1cc5f00f-c982-4016-8553-40a3da4f36ad,5d7f28a6-2a2a-4333-aa06-48edfb652f86,Pošta,717
dc7b6fb3-15db-4c7e-9fa1-424943178ce6,08506f21-8675-4972-a359-ba9412a1da49,bea274aa-277a-403d-ab2f-a0342b28882e,Križanke,1089
ef91fd44-5651-4fd4-b6f8-619fdef9da7b,0be53afd-2427-49b2-b70c-2ee3d89e9762,31e6db90-ba65-4c49-90c0-317fb92596b3,Medvode,292
9b9d2948-7538-409c-9bfc-42c0b74c41a8,53806659-b339-4e68-af4a-4325c16b6026,a719a87c-4e93-4387-a6d1-2631a487f7e0,Ajdovščina,1464
0c3a77a7-d9eb-45c7-b722-1fafde29129c,9746f277-af08-4cce-92fa-41da5eca8ac2,8c7fa045-888b-46d0-8189-6f82623bf481,Poljanska,107
4062cd22-b67a-4235-9980-0178b7add592,49f28358-bfda-458e-a4b3-a45f602765c1,N/A,N/A,4525
d08c4884-9764-447f-9b79-0ef7a645222f,07bad99d-070a-42f7-8766-d11d42152623,48507e1a-32df-4552-9448-3b345760b75f,Cesta na Vevče,588
6d2a7c2e-5938-433e-a691-b9bc28767675,1e2641bc-b0b2-448e-8ad2-e52891fa4c5f,N/A,N/A,4525
a1795ee0-9147-4a5c-bb11-f60a809f690e,6bd46cb7-9e5d-453a-878a-bcc38fb2a5f2,a719a87c-4e93-4387-a6d1-2631a487f7e0,Ajdovščina,484
9c57d59a-53f8-4a16-b279-2ab1745ea230,2a7d32ca-24a1-41ac-a273-0cbcdec59336,023d7b7a-b411-4e61-8746-b07f9e5c8f90,Ambrožev trg,487
9143c575-806f-4ba0-81bc-8199f0b0b4d0,0810f07b-94d6-442f-b10d-bf8210c4ed47,59faa0f0-34b1-47cd-ba3a-3b6f0d684c00,Žito,453
ca575a45-9c95-4348-9245-8c75f70130b3,b4ffcb65-e60f-478d-806b-e7ae83f1a39d,N/A,N/A,4525
d7384760-d854-492d-87af-f342cab37fc1,5ddf10c0-90a5-4dbf-992c-23c0505674aa,fef200e9-4d98-425b-ab14-8110e2aa85d7,Drama,1700
596e3cfe-bd4c-4afa-ba4c-33172dba9be1,d5102041-8282-4c77-a593-edac0d0d4a34,a719a87c-4e93-4387-a6d1-2631a487f7e0,Ajdovščina,211
7411cd45-83d2-40e6-89f6-5a0995e409cb,0b9c5011-4f2d-4753-914f-500532b0dbeb,dba19980-8ca1-4847-b9b5-8cd419374ae2,Ponova vas,80
2f18bcfa-6189-4de4-b06f-132d3392e7d6,4d57f6bd-7ba7-4f07-8aa1-ecac0b09e8db,087e50b6-7677-4a85-802f-5694266fe38b,Aškerčeva,852
b47eac47-d897-4ba7-ab06-8e642cc8efe8,311a0b74-0787-484b-b414-8adf1cd4cf58,f33b721f-a8a3-4aad-96f2-077da09ebaa6,Razstavišče,178
121b30dc-065b-4c76-aad2-a54a85c74d4d,67d66d40-e8ba-4bc0-a9cf-814dce3ccbea,a719a87c-4e93-4387-a6d1-2631a487f7e0,Ajdovščina,2030
d123fde4-aa91-49c3-83df-5ebf12af4e59,bc19ad1c-00fc-47f1-926e-ddeb12f686ba,6182f8e8-c45e-4606-b4a4-d909bd44d2cc,Gornji trg,353
fcccf4af-4f16-4edc-ba5a-585c434593fe,0b6960bb-2431-48c3-9e64-3cbf5c57ea96,a9796806-8cd3-4b76-bf8c-4340aec35c9e,Lutkovno gl.,144
2cde6efe-5f53-44aa-8018-76f0ea2c86f8,1907a46a-4559-43ec-8363-03fe35d30725,7fa32ea0-e884-435a-a81c-51bbd5cedf3e,Zaloška,759
548a85bd-f15f-427b-ad90-43cb50e9e31a,52e5d1c1-28c9-4ed2-b0ec-5bf7311be753,aa42017d-812a-4175-bc9b-0fec03b18931,Ambrožev trg,151
98a75a4c-0ef8-4efa-8f0a-384fe8eafce0,7fa32ea0-e884-435a-a81c-51bbd5cedf3e,bea274aa-277a-403d-ab2f-a0342b28882e,Križanke,218
e1e80207-5c23-47c0-a63a-121003b22807,bdd68b01-e9a1-4270-be50-8b5c7bd39a1c,d72032c7-d4b0-4eee-a87c-593985a42266,Tobačna,598
47283e27-c588-411c-9303-30a6f0beeaef,f4e99ece-e89e-4322-80c6-5a91df65f64e,023d7b7a-b411-4e61-8746-b07f9e5c8f90,Ambrožev trg,1168
a2ce7e6f-0f99-443a-a973-81a0b9c60261,1e157c31-d34d-4c2e-91b4-8c000c88f6dd,8c7fa045-888b-46d0-8189-6f82623bf481,Poljanska,53
5ddf10c0-90a5-4dbf-992c-23c0505674aa,1a3351a1-563e-4174-b402-54bc0e2f5191,5d7f28a6-2a2a-4333-aa06-48edfb652f86,Pošta,533
f66a1f18-4c18-4317-b929-fb616cc7cebc,68c65382-15dc-465c-96b5-7f27af9d4a63,5d7f28a6-2a2a-4333-aa06-48edfb652f86,Pošta,833
1308dcf9-a9e1-4e54-95c9-0f2afaac889b,98b60d07-8054-441a-be44-be7aa24f4253,a719a87c-4e93-4387-a6d1-2631a487f7e0,Ajdovščina,247
79a5bacd-8b59-4d83-99e8-26e3c5b1490b,e7789f42-0ad7-44d1-974b-42a3f4957291,9bb1ed3b-5a6f-43c7-afaf-ba2b60ca1a7a,Aškerčeva,803
35dbaf26-2fa4-45c4-87fc-81d1ff13b005,476c1b24-6f2f-4727-b610-645c50493814,5d7f28a6-2a2a-4333-aa06-48edfb652f86,Pošta,1000
d2e3d9f5-0203-49a4-8ea1-455e2434a347,6c56976b-4ae1-429f-bcab-0cfc37e3580d,N/A,N/A,4525
1b0f629f-acdb-4e94-8c54-018f4334ebf7,271db19a-744b-41a0-869d-0c3e0e2cb6bf,cab36767-e95a-4f60-978e-92490f2517b2,Hrvatski trg,1574
94712446-2421-4304-b4f1-3b3f82998713,fcfe6ac9-74b3-4c13-96b7-6041f1454813,bea274aa-277a-403d-ab2f-a0342b28882e,Križanke,307
5aeac892-889f-4c5a-8fde-67e6ac096242,feb89b92-366d-4f50-a509-40c7baba8cf0,38b3abed-0592-407b-96c3-85a026f2e192,Dalmatinova,143
a2947722-2e6f-48dd-9c31-ff36356676fa,219086ca-bdcb-4092-bd82-3d372b9b73ce,ecc4ae87-ae08-4b94-995c-452fdd94df7f,Privoz,1769
b9edd39a-4f64-4553-869e-bb77e617b9b8,12304b99-9a07-485a-a101-eaca90495d48,a719a87c-4e93-4387-a6d1-2631a487f7e0,Ajdovščina,398
754e8f1f-a5ba-4281-8f31-fb3357744cd2,627be449-8b6a-40f4-a57c-09ccdacccb66,bea274aa-277a-403d-ab2f-a0342b28882e,Križanke,1243
a7177a3d-8db2-43fb-8910-f95857f0ed97,73e6ef23-ef0c-41bf-9960-0e3078b94d23,N/A,N/A,4525
0eca6015-5429-4289-a76c-4ec9ef707e67,a6fde748-bb91-465c-8665-20cbaed7df19,N/A,N/A,4525
9e90940e-cf99-4112-87ec-7cbb6331509a,022ef61f-a226-42e8-b11d-30cf9f9a6688,087e50b6-7677-4a85-802f-5694266fe38b,Aškerčeva,380
7d579a55-27bc-49d0-a124-a5ed6233c55a,ff1f708c-989e-4cc5-8e75-02717b5f9744,461045f0-a82c-45c0-af66-71b25f3f0e1a,Belinka,1543
f2b27cbd-5207-4281-8f67-6369d0c50a9b,b2cf1f2c-3c77-4a23-891f-3cdbcda92f19,c0fb12dd-8cab-40da-a3aa-e8de9c6d09ed,Rusjanov trg,123
6459bd02-d8f8-413e-9402-10b916f09a4f,1eca3479-6e2c-4f21-bf45-4db410041181,N/A,N/A,4525
67c3adc1-a92d-4528-91ee-77d8b52574c6,087e50b6-7677-4a85-802f-5694266fe38b,25ad5579-f6a0-4f35-a0c9-0678b41e9dde,Križanke,47
fef200e9-4d98-425b-ab14-8110e2aa85d7,b4766c35-4ab9-4af3-aa76-1b1f40735685,c87db9be-1fba-4102-a743-0ee4317dd5af,Bavarski dvor,58
b5273abc-dfeb-49a2-9607-249bf6415e4b,eb11d52f-300b-4648-a2e8-ed03db9ff7e2,N/A,N/A,4525
7fdce743-a4be-44d7-8658-0a259a18ad30,eead721b-8996-4e73-a2f9-02dba20df4fa,f4cfd904-bd11-4247-95df-32c4555a930f,Klinični center,50
a1406782-3114-407c-8e35-35bcf5a1234b,1c0c01ee-6258-4328-9d01-489eb421a8d9,a719a87c-4e93-4387-a6d1-2631a487f7e0,Ajdovščina,406
9cc88862-270a-409a-b450-e0003c7930af,e2499103-6634-4d8e-87a8-68dc5ef6340c,fef200e9-4d98-425b-ab14-8110e2aa85d7,Drama,1878
29589594-5959-4efb-8dda-7348e4e500a0,4b456495-fb29-4ff3-b48b-4090bc51514e,a719a87c-4e93-4387-a6d1-2631a487f7e0,Ajdovščina,448
ee095f27-439e-42e7-9e5c-e77b0903c31f,b7b7ac00-59bb-41eb-833d-ad309d24e68a,7fa32ea0-e884-435a-a81c-51bbd5cedf3e,Zaloška,430
6a0b25cc-428e-47b5-831a-e89facfa7f26,b6816891-4b0d-4bda-8e12-176194efaefe,8c7fa045-888b-46d0-8189-6f82623bf481,Poljanska,242
0be53afd-2427-49b2-b70c-2ee3d89e9762,40fcc1b9-2c42-4db8-bd48-d431efc8a3fd,e66e813a-722d-40f8-9ee9-1470d07bc200,Tobačna,221
4d57f6bd-7ba7-4f07-8aa1-ecac0b09e8db,d98335a0-1291-4d4c-be62-16b11c356575,25ad5579-f6a0-4f35-a0c9-0678b41e9dde,Križanke,1786
12618339-2c2d-49ec-b0e0-2517c11991f8,277bc73c-e61d-4046-bcfd-31d6161c568e,a719a87c-4e93-4387-a6d1-2631a487f7e0,Ajdovščina,707
ea80411c-360d-4a33-861c-6533a1d67eef,2bf898b0-1247-4e84-87e2-2e044e580c8f,fef200e9-4d98-425b-ab14-8110e2aa85d7,Drama,40
d06c6c8a-c136-4b7a-9c13-b26ba0c04029,70bba1e8-3ea8-46fe-ace3-f75b04e37605,2f18bcfa-6189-4de4-b06f-132d3392e7d6,Besnica,401
505865ea-cdea-4042-bdb2-b2f4f03889cb,48507e1a-32df-4552-9448-3b345760b75f,eead721b-8996-4e73-a2f9-02dba20df4fa,Ilirska,1870
87415b6b-7e7f-4b82-b78f-ef1a7db85282,ef3024a8-1d7f-4cf5-ad3b-74528eaa9c51,7310c006-62b8-4f94-bb9c-d5c26cb3faad,Polje,77
2628b04b-eaf2-4c5a-b7ac-837237162783,af820908-f71f-4c46-82c2-e7616f9c21fb,a719a87c-4e93-4387-a6d1-2631a487f7e0,Ajdovščina,116
391bf42a-68a3-400a-baea-0c708f327325,bdd68b01-e9a1-4270-be50-8b5c7bd39a1c,9b0074d2-2c92-4c01-830b-00be8e05b412,Cukrarna,864
06348c07-2fb0-4dfb-a938-aaef614a7f68,bd6d732b-65aa-4b59-be82-6ce1301e70d5,ecc4ae87-ae08-4b94-995c-452fdd94df7f,Privoz,85
c6dd10bd-c21f-4a0c-9c7d-99e488a173d4,bc19ad1c-00fc-47f1-926e-ddeb12f686ba,a719a87c-4e93-4387-a6d1-2631a487f7e0,Ajdovščina,402
f174a648-9e84-492d-9ccd-0756b49c773b,dc6b96b1-d0fa-4d03-ac2b-8eba5bb97ba2,5d7f28a6-2a2a-4333-aa06-48edfb652f86,Pošta,322
1035c6f7-304e-4329-a3b2-4eb5d985a577,ee095f27-439e-42e7-9e5c-e77b0903c31f,80c65758-5f25-4003-8d55-10ff96fe8310,OŠ Sostro,47
cf5259af-d324-497e-b508-84fe92961eb1,05643914-8ff7-4064-8737-2761d44a083f,N/A,N/A,4525
cdabf1ea-b04c-480a-8359-72c46e6864ab,a5eb15d2-f0cb-46a6-b888-6a9aad6bc5b6,9bb1ed3b-5a6f-43c7-afaf-ba2b60ca1a7a,Aškerčeva,616
ad966374-a37d-443a-9a3e-ec85ca28231f,f4cfd904-bd11-4247-95df-32c4555a930f,087e50b6-7677-4a85-802f-5694266fe38b,Aškerčeva,821
712ee105-4fab-498a-af5c-496ca9830f5f,3d2f3af0-3b48-4019-a861-ee4fff761a24,fef200e9-4d98-425b-ab14-8110e2aa85d7,Drama,437
452bfd80-e8bd-470b-bc4a-981e1b37ffd7,7962e05c-ad8c-43e4-9db4-4b90f0c94596,f784b27a-1509-4eec-bd52-6beee2b9530b,Kamnogoriška,382
d5102041-8282-4c77-a593-edac0d0d4a34,ee03ecf6-db6d-4ecc-90cd-5b3afc8afb91,25ad5579-f6a0-4f35-a0c9-0678b41e9dde,Križanke,101
7484317c-269f-425f-8118-23eedab4e5f1,363e4763-df83-4814-99d2-879d448d5910,16578e36-c682-4083-bd29-4973445dc0fe,Gosposvetska,512
de80f5fd-4572-4bb6-9e21-9860f5fa6b24,fcccf4af-4f16-4edc-ba5a-585c434593fe,7962e05c-ad8c-43e4-9db4-4b90f0c94596,Murgle,794
ef005e77-f3b8-4171-b681-1294d0e4732b,0df2ffa6-b1c8-44d0-900c-8b23b37794df,fef200e9-4d98-425b-ab14-8110e2aa85d7,Drama,381
eec159d0-4b1b-4706-9a5d-a00ddcbea9f5,785ad018-d0fe-4628-b188-15f6dc71b38e,25ad5579-f6a0-4f35-a0c9-0678b41e9dde,Križanke,175
4afd573d-abb7-4209-9b28-5c34811eb3ef,a12cff7f-91e5-4f1e-be40-1a9b34ae792a,5d7f28a6-2a2a-4333-aa06-48edfb652f86,Pošta,158
25cde952-4896-4977-b229-75e09b3e3661,fdff5f9c-6c02-4fc1-a004-7032b17fa37a,f073b9d9-a3e3-4d04-a209-0db55377b79e,Zmajski most,397
7d003bd3-5fae-4076-b952-9f734651720f,9746f277-af08-4cce-92fa-41da5eca8ac2,25ad5579-f6a0-4f35-a0c9-0678b41e9dde,Križanke,1223
bfcba499-ce46-41b0-8268-966d74eccb20,b4b7f450-4397-42d2-9d1e-39f786eecc2e,25ad5579-f6a0-4f35-a0c9-0678b41e9dde,Križanke,354
b2cf1f2c-3c77-4a23-891f-3cdbcda92f19,a7177a3d-8db2-43fb-8910-f95857f0ed97,N/A,N/A,4525
e90a68ac-02be-418f-8937-b9f1906274f2,a0b1fb90-3f6a-4231-910a-18be192ac762,N/A,N/A,4525
1aa7e441-8646-4d1d-88bd-ab004758ffc4,94712446-2421-4304-b4f1-3b3f82998713,b905ae6a-f1e1-4057-8923-481902ed5a8e,Konzorcij,481
5be3b187-5735-4444-bee7-0665f60e6c83,1f02ab68-e4a0-4783-ae8a-39ccd679f2cc,258aeffc-294a-4919-bfb0-34f90dc19892,Ižica,1
5a06b853-39a7-479d-ac40-fafa659fd896,3f37b298-896a-40be-b2f5-6fe8154756c4,4062cd22-b67a-4235-9980-0178b7add592,Drama,118
cbf8e64b-fd0d-48ec-8fb1-03b298cc13b3,2ec182e2-769f-427f-b9b5-c4118890cb96,b905ae6a-f1e1-4057-8923-481902ed5a8e,Konzorcij,65
332abe37-33b8-4142-9edd-4ebd9e52eaf7,030363e5-99a3-401f-96db-a16a340ace21,a719a87c-4e93-4387-a6d1-2631a487f7e0,Ajdovščina,655
7b687edb-dc47-4b68-a13e-34713cababe9,c20233f2-94bc-4c21-9d2a-9b129b668487,39650ca1-d08c-4645-ac1a-6aed84eb45c5,Obrtna cona,589
df973089-967d-4446-916c-260e9e8fec83,a6fde748-bb91-465c-8665-20cbaed7df19,N/A,N/A,4525
278a9d60-64c7-4bfa-aad0-24068aa760af,94712446-2421-4304-b4f1-3b3f82998713,9bb1ed3b-5a6f-43c7-afaf-ba2b60ca1a7a,Aškerčeva,228
6340ea93-391e-45b9-94b0-56d1d7c87e20,7ea32e84-b8d9-498b-9f03-5a66990012b9,7a52a73a-cc0e-4c61-b9bc-306157727e1c,Tržnica Moste,917
7fdce743-a4be-44d7-8658-0a259a18ad30,cddb3822-7daf-4cae-9cc3-6b191e81326b,a719a87c-4e93-4387-a6d1-2631a487f7e0,Ajdovščina,814
2c46416a-d66e-469c-a342-898a93f5b2f0,e9382efd-d64d-46b0-9a7d-a4e6a0188725,087e50b6-7677-4a85-802f-5694266fe38b,Aškerčeva,614
a1795ee0-9147-4a5c-bb11-f60a809f690e,108e7dc8-ca5d-4c91-9414-32a32a31b69a,N/A,N/A,4525
cf6f67f5-f7df-4462-828b-481134217fad,f66a1f18-4c18-4317-b929-fb616cc7cebc,fef200e9-4d98-425b-ab14-8110e2aa85d7,Drama,322
8441d439-8d1d-40b8-b3d5-7b9c56848b43,aa9cc3b9-7c6c-4e45-b91a-1e0494fbf15e,e9d9f622-7394-4c5c-9031-a41855a64aa7,Polje,910
795c157e-21e0-4115-85aa-93c227e3420f,77c4dfcc-1122-4896-9983-8a5bd11320de,fef200e9-4d98-425b-ab14-8110e2aa85d7,Drama,280
392949a1-1ada-4196-9073-6f392638ca49,5fe363f3-8297-448b-bde3-08f690c92d1b,023d7b7a-b411-4e61-8746-b07f9e5c8f90,Ambrožev trg,789
7f45fe9c-917a-4571-9a74-9e940cd84f3c,bf990a3a-96e9-42b7-9147-33e85bd24c05,0b6c7b97-410c-48fa-be23-430c316f9b10,Stadion Domžale,107
45e88013-1a7e-44a0-ab1f-bc0db6c6746f,3cb0ccbb-9b91-4d71-bd27-2acef732be4c,938c9405-72bb-4acd-bace-a75abcf2f9cb,Na jami,1465
78c69686-64ed-437c-83b5-0e28733ed70c,4f21a18a-3cb0-4c6c-bb92-e7c8945fac1c,484b5c91-1220-43ba-af79-84e712fcc46b,Slovenija avto,92
52c437c8-73ae-4db5-ac31-8e7cf5104826,6932c2e0-ff32-4170-b519-fba88e29c147,N/A,N/A,4525
32ff2d5b-61ae-415b-941b-aeb1be1b5052,52e5adea-e194-4fc1-809c-1d6421f8f8db,b829062a-2644-4350-b998-74522d9e85d8,Lutkovno gl.,1787
4e8ccfa1-b58c-4ee1-ad82-2e8a645071f3,f07c916c-6fc6-4acf-a334-0ab0d3c4f57f,639551cf-fe23-4363-8ccd-655bc5d4119e,Zmajski most,1614
7d579a55-27bc-49d0-a124-a5ed6233c55a,7294875b-8482-484a-b04d-95b921612001,bea274aa-277a-403d-ab2f-a0342b28882e,Križanke,133
a7177a3d-8db2-43fb-8910-f95857f0ed97,452bfd80-e8bd-470b-bc4a-981e1b37ffd7,N/A,N/A,4525
9c17244c-0812-404b-b929-5cdc0591e421,2a7d32ca-24a1-41ac-a273-0cbcdec59336,5d7f28a6-2a2a-4333-aa06-48edfb652f86,Pošta,514
98f728a3-94a6-4911-98d7-64ab88097036,d72032c7-d4b0-4eee-a87c-593985a42266,N/A,N/A,4525
d7a59d1b-dfe1-4fbb-96fc-14443b077516,219086ca-bdcb-4092-bd82-3d372b9b73ce,4062cd22-b67a-4235-9980-0178b7add592,Drama,852
216a26dc-11c2-432b-b099-0d55d508b7fa,258aeffc-294a-4919-bfb0-34f90dc19892,f1b7471e-db71-49da-846d-1232cb3e8f8f,Rožna dolina,101
7d628170-e2eb-47fd-9d3e-658acf78d7d3,300f1367-4ba4-4416-90e4-caa8f33e9144,N/A,N/A,4525
6459bd02-d8f8-413e-9402-10b916f09a4f,9c2e9262-7afe-44d3-8aaf-80afd45f9118,b905ae6a-f1e1-4057-8923-481902ed5a8e,Konzorcij,406
91fb6c6e-49cf-49d3-97d4-6ae228f9bfa1,505865ea-cdea-4042-bdb2-b2f4f03889cb,ef31a8be-b01d-44cd-95cf-3db8e918af26,Emona,57
1f207e67-adf9-4da6-b107-3b58051d9990,fd0e405e-d5e5-45fc-8911-e48a178ad4a9,f5d8583f-6e9d-4996-b803-74bf3cd0b602,Letališka,114
b7834e14-7e86-4df5-83ce-006c93c31c00,c297ac70-8f43-4fbc-a8a4-366ddb883a8d,6c56976b-4ae1-429f-bcab-0cfc37e3580d,Zgornji log,7
91745353-dd19-49ee-beaf-332e546dcceb,712ee105-4fab-498a-af5c-496ca9830f5f,25ad5579-f6a0-4f35-a0c9-0678b41e9dde,Križanke,556
b2dd1684-0848-40f7-b10e-8f74bb005f2f,cab36767-e95a-4f60-978e-92490f2517b2,N/A,N/A,4525
7411cd45-83d2-40e6-89f6-5a0995e409cb,ba0f81e5-dfec-49bb-8d6b-d52618338640,N/A,N/A,4525
45754ca7-bffd-4bcf-96df-952e59574dde,5dcffe2a-1c73-4f7c-bdac-4084bb5201aa,fef200e9-4d98-425b-ab14-8110e2aa85d7,Drama,344
9e109242-5aad-4fb7-b0c8-576eef8aa4e0,4ca7ae7e-380b-45e3-81de-00ffab5bb531,fef200e9-4d98-425b-ab14-8110e2aa85d7,Drama,618
bd001f58-6e58-49e9-877f-1fa36964fbc2,524d67dd-fbb0-4f6a-9199-f095123044ab,aa42017d-812a-4175-bc9b-0fec03b18931,Ambrožev trg,343
d06c6c8a-c136-4b7a-9c13-b26ba0c04029,807c11ba-4b3a-4e2b-82b5-abf5864fa4bc,b905ae6a-f1e1-4057-8923-481902ed5a8e,Konzorcij,280
0e79ef8c-f692-4e29-a37e-4a81cbb3d410,e97befb6-5dc6-4603-ad5e-3aa96b4b2221,fef200e9-4d98-425b-ab14-8110e2aa85d7,Drama,846
cddb3822-7daf-4cae-9cc3-6b191e81326b,093afa81-b65f-4182-bac3-afbc00558a9b,5d7f28a6-2a2a-4333-aa06-48edfb652f86,Pošta,254
108e7dc8-ca5d-4c91-9414-32a32a31b69a,e26da28a-b9c3-41b8-b57f-87b289b38e08,N/A,N/A,4525
f784b27a-1509-4eec-bd52-6beee2b9530b,c0e6a237-3879-4336-88b6-5af51408cc7e,fef200e9-4d98-425b-ab14-8110e2aa85d7,Drama,340
f958cead-e4c3-4743-834d-46de4a06a8c9,baab981f-b707-4b2e-8291-6175f7ceb255,8561e9fb-03e0-46f1-802d-b376d26a8ea5,Drenikova,371
cdee8be6-e02c-4fb5-9752-be1bac08d90d,277bc73c-e61d-4046-bcfd-31d6161c568e,b905ae6a-f1e1-4057-8923-481902ed5a8e,Konzorcij,315
d7d43617-ef41-4f9e-bbad-670d515d926a,4682c5fd-08cb-4af1-a3e2-6f1ee880a52d,25ad5579-f6a0-4f35-a0c9-0678b41e9dde,Križanke,311
0810f07b-94d6-442f-b10d-bf8210c4ed47,e0c253d0-1de7-4add-ac75-8b16151fa462,c87db9be-1fba-4102-a743-0ee4317dd5af,Bavarski dvor,78
e82569a6-73f3-4002-b7b5-0f83ee167535,7d003bd3-5fae-4076-b952-9f734651720f,bea274aa-277a-403d-ab2f-a0342b28882e,Križanke,2032
15af3c66-ad74-4f41-92f7-92e2ff72a51d,041e08cc-b1bd-4f2c-aa4e-a9aaf2837a28,e66e813a-722d-40f8-9ee9-1470d07bc200,Tobačna,167
1b3d51e8-8b5e-4b31-a63e-9d665243c2f1,28248670-5e08-4de2-8eab-e63933c0d61d,a719a87c-4e93-4387-a6d1-2631a487f7e0,Ajdovščina,300
12618339-2c2d-49ec-b0e0-2517c11991f8,be5fb719-eda2-4831-90c6-249248ea22dd,ecc4ae87-ae08-4b94-995c-452fdd94df7f,Privoz,397
fb0042f8-d9e2-4916-b60a-38a026acf0c9,476b2caa-710a-47fe-9743-4d75d7ada5fb,67c3adc1-a92d-4528-91ee-77d8b52574c6,Poliklinika,195
f1fd2bad-eba9-4046-a7b9-34e8d1d423f5,e0bcd677-6012-4c90-a884-44dffafdffec,94c6598b-7303-42e1-94d5-156d7a25f630,Gerbičeva,389
5c8bdb89-116a-4d5d-9db1-9be443070380,b2dd8b3a-3710-4f07-b735-4bd183bfaade,5d7f28a6-2a2a-4333-aa06-48edfb652f86,Pošta,143
5be3b187-5735-4444-bee7-0665f60e6c83,21a5f1e3-8ac0-4023-95ca-0a3ff54099aa,eead721b-8996-4e73-a2f9-02dba20df4fa,Ilirska,286
023d7b7a-b411-4e61-8746-b07f9e5c8f90,5b2cb528-ba33-461a-aee5-54e2ed8c3758,N/A,N/A,4525
295616c0-387b-4f60-a337-7743cd6be04e,b60d686c-3b89-447c-93f6-2837d9af3d02,a719a87c-4e93-4387-a6d1-2631a487f7e0,Ajdovščina,20
8eeea585-6168-45b8-a5d4-336e61826043,0334e79e-7a89-44e9-a463-5af813e64a40,bea274aa-277a-403d-ab2f-a0342b28882e,Križanke,1124
f414efd9-d697-4bbe-abb6-c9e09fd73514,1069d764-9345-425d-8c4d-12d6ffa1fde1,N/A,N/A,4525
5aeac892-889f-4c5a-8fde-67e6ac096242,87785aa3-128e-4f15-82b0-d8c3cfa6076f,fef200e9-4d98-425b-ab14-8110e2aa85d7,Drama,806
3f01eb40-651e-4fad-aff9-2ee27f259f64,a26d9a94-effb-45ab-a27f-74076e9e5bdd,5b59d508-0860-4f50-b5ab-72a79046b488,Snoj,110
cee2862b-9b70-4880-8fa3-16c6d2efae1b,010c271e-49ca-45a5-91ac-8ba8d41ee7f3,60ccc570-3714-410b-aa31-43d3a4c593c8,Tržnica Moste,1022
eb11d52f-300b-4648-a2e8-ed03db9ff7e2,100da88e-4c5f-4188-bd11-d4f3fc80fb74,N/A,N/A,4525
caac4c1a-13e4-4afa-b467-65d90a8fbd44,60edf514-fd83-400b-b86f-881f7eff258b,cdabf1ea-b04c-480a-8359-72c46e6864ab,Bežigrad,509
bf990a3a-96e9-42b7-9147-33e85bd24c05,bb995fbb-29c8-4035-9503-ae33320833a8,8c7fa045-888b-46d0-8189-6f82623bf481,Poljanska,893
9dfc0a62-bf4d-4670-83d0-4e26a6e56b32,6afef238-01cd-4ad0-859d-2056b5d4a63f,f073b9d9-a3e3-4d04-a209-0db55377b79e,Zmajski most,296
cee2862b-9b70-4880-8fa3-16c6d2efae1b,5c9baa4c-9ee0-4263-be22-72f5a73c714d,d72032c7-d4b0-4eee-a87c-593985a42266,Tobačna,336
e333d90d-3eef-4d82-9e00-ebe693e2f389,77c4dfcc-1122-4896-9983-8a5bd11320de,b589ddd3-5a31-4fe1-915f-44347b4c0a1a,Bratov Učakar,739
505865ea-cdea-4042-bdb2-b2f4f03889cb,6edebb46-d04f-45c4-99a4-100f7f0b2660,087e50b6-7677-4a85-802f-5694266fe38b,Aškerčeva,859
68c65382-15dc-465c-96b5-7f27af9d4a63,2628ca4f-8797-4672-aca9-47b325c58aac,9b85d4b0-c594-4e0e-9ce2-d0986256c270,Tavčarjeva,329
4afd573d-abb7-4209-9b28-5c34811eb3ef,404f8444-540d-4d82-a355-30a6a8bec797,8c7fa045-888b-46d0-8189-6f82623bf481,Poljanska,509
2bf898b0-1247-4e84-87e2-2e044e580c8f,4ab506fa-0fcd-431b-ace7-19ffa5f0576a,fef200e9-4d98-425b-ab14-8110e2aa85d7,Drama,447
c32ef99a-6752-47fe-94eb-a5134c7110af,80c65758-5f25-4003-8d55-10ff96fe8310,fef200e9-4d98-425b-ab14-8110e2aa85d7,Drama,1666
5dcffe2a-1c73-4f7c-bdac-4084bb5201aa,3f0c15b3-99bd-4c12-8f7a-df06c9536526,639551cf-fe23-4363-8ccd-655bc5d4119e,Zmajski most,296
b6816891-4b0d-4bda-8e12-176194efaefe,fac22b83-1bc0-4c12-8533-485b115409ef,25ad5579-f6a0-4f35-a0c9-0678b41e9dde,Križanke,88
7fad8003-fb10-489d-bf8d-6d433310ad90,0b6960bb-2431-48c3-9e64-3cbf5c57ea96,a719a87c-4e93-4387-a6d1-2631a487f7e0,Ajdovščina,469
e468b92f-fa4a-4819-bb11-37761deaf4ca,125d4928-6b97-4a4b-af34-a2d1564c029c,fef200e9-4d98-425b-ab14-8110e2aa85d7,Drama,669
cad3370f-7a28-4a47-8d5a-187adab3ca21,83a62071-0161-47a2-b745-eafb5e945632,fef200e9-4d98-425b-ab14-8110e2aa85d7,Drama,159
aa42017d-812a-4175-bc9b-0fec03b18931,d119c3e9-7f2c-4d40-97a4-ccc6b4bb2951,c0fb12dd-8cab-40da-a3aa-e8de9c6d09ed,Rusjanov trg,20
fd0e405e-d5e5-45fc-8911-e48a178ad4a9,b5273abc-dfeb-49a2-9607-249bf6415e4b,fef200e9-4d98-425b-ab14-8110e2aa85d7,Drama,577
f958cead-e4c3-4743-834d-46de4a06a8c9,9b9d2948-7538-409c-9bfc-42c0b74c41a8,484b5c91-1220-43ba-af79-84e712fcc46b,Slovenija avto,412
39b60288-c9ac-4bc2-825b-524dec52182d,cf94d70f-d211-4625-9037-014514562aa9,087e50b6-7677-4a85-802f-5694266fe38b,Aškerčeva,752
b56664c0-1dc1-42c5-b10b-52c3fb0dd042,192b7b6a-b138-4569-a4f3-86bef6b20810,b905ae6a-f1e1-4057-8923-481902ed5a8e,Konzorcij,1350
66012072-6b6b-4775-8001-0887d18e09a3,eb11d52f-300b-4648-a2e8-ed03db9ff7e2,N/A,N/A,4525
bb995fbb-29c8-4035-9503-ae33320833a8,fbd1dfb0-4a6f-4160-ad52-5ccb69530195,2265e4de-a537-4f97-882b-c94c24aabfb0,Sostro,6
c2827897-b9fe-4bfc-b4ed-880f11a2359e,295616c0-387b-4f60-a337-7743cd6be04e,16578e36-c682-4083-bd29-4973445dc0fe,Gosposvetska,243
18d010ca-0244-4928-82cb-47af0836a1bb,b4b30b45-445a-4f70-bdf5-5ea7cdc98583,aa42017d-812a-4175-bc9b-0fec03b18931,Ambrožev trg,136
53c3c8c9-2e64-4a8f-9afb-031b24c17d5a,59ee5f7d-476b-4958-a922-2040a9308f3b,e57aad1d-457e-401f-b26d-306b4fd836eb,Kašeljska,394
8a5febd6-d44a-4c98-a221-46044548663d,3d2f3af0-3b48-4019-a861-ee4fff761a24,b59656a4-b6e7-4b87-977c-078c59088a50,Hajdrihova,599
28248670-5e08-4de2-8eab-e63933c0d61d,e0bcd677-6012-4c90-a884-44dffafdffec,f2bac6f5-5bbc-4f15-acdd-014d86770ce9,Kneza Koclja,694
352f5cae-25c9-41c5-ab70-268bf64107f0,9ab2717b-1396-4885-bb5b-9857d7195d0d,f4cfd904-bd11-4247-95df-32c4555a930f,Klinični center,1389
df973089-967d-4446-916c-260e9e8fec83,7b687edb-dc47-4b68-a13e-34713cababe9,21a5f1e3-8ac0-4023-95ca-0a3ff54099aa,Mestni log,1004
c297ac70-8f43-4fbc-a8a4-366ddb883a8d,2d6504e9-c938-417e-9b55-32d6514bc744,fef200e9-4d98-425b-ab14-8110e2aa85d7,Drama,1136
f528b363-1484-456c-835b-1e08dc31ef8e,5c9baa4c-9ee0-4263-be22-72f5a73c714d,1907a46a-4559-43ec-8363-03fe35d30725,Rudnik,19
e9089f7d-853e-4375-8ecb-0db96fcc60e6,26d86ffa-b8df-49aa-a9c0-5fa7d3cfba77,b905ae6a-f1e1-4057-8923-481902ed5a8e,Konzorcij,1130
97627b9b-fa2e-461a-97ea-a15df7599598,4fddf4a7-ad4e-4630-a5ca-3267955db548,a719a87c-4e93-4387-a6d1-2631a487f7e0,Ajdovščina,540
596e3cfe-bd4c-4afa-ba4c-33172dba9be1,15bb8af1-183e-4ec8-81f7-1fc6e81beb30,484b5c91-1220-43ba-af79-84e712fcc46b,Slovenija avto,1424
4b847ac2-4c41-4fc1-a497-9ce4deaab8b1,c5527a65-5265-43de-b703-7c7d494d190c,fef200e9-4d98-425b-ab14-8110e2aa85d7,Drama,639
a2b5023d-5ce8-420f-ad2a-b61c7a1902a8,2628ca4f-8797-4672-aca9-47b325c58aac,15bb8af1-183e-4ec8-81f7-1fc6e81beb30,Ostrovrhar,95
f528b363-1484-456c-835b-1e08dc31ef8e,ab624858-605d-48c6-a660-d54c2e037a91,N/A,N/A,4525
6e7cab20-d7e3-474f-9a5e-f1e0ca6fae53,f9d70942-e517-4560-8655-99481edd2b95,fef200e9-4d98-425b-ab14-8110e2aa85d7,Drama,931
45303500-8b0e-4779-9abd-433b5f8b2838,f414efd9-d697-4bbe-abb6-c9e09fd73514,N/A,N/A,4525
2265e4de-a537-4f97-882b-c94c24aabfb0,b2dd1684-0848-40f7-b10e-8f74bb005f2f,N/A,N/A,4525
666e98e1-4a23-4204-a3e6-99110f8b3153,0b6960bb-2431-48c3-9e64-3cbf5c57ea96,087e50b6-7677-4a85-802f-5694266fe38b,Aškerčeva,247
144ab380-6586-43ce-b216-2e66362b6eca,55e3f615-be6c-43f4-9858-e199862771a4,5d7f28a6-2a2a-4333-aa06-48edfb652f86,Pošta,1139
4c08e174-6890-4c5d-9eec-15686971f909,48e907fd-e868-47cd-8cac-74c7d4582944,N/A,N/A,4525
eee4abae-e720-4776-b6c7-0099d0119246,76ec8af8-07c2-4d44-b0d8-a439d381913f,5d7f28a6-2a2a-4333-aa06-48edfb652f86,Pošta,105
dac8d2a7-89e4-4aec-948d-00db4833ce7c,ab987eb0-c970-4577-8db9-0cd507a6cab6,12618339-2c2d-49ec-b0e0-2517c11991f8,Mirje,1262
727cab27-5e8e-4c5e-ba27-449822a45ee7,b5e26d7f-8a91-4360-9811-2e8e05d27382,25ad5579-f6a0-4f35-a0c9-0678b41e9dde,Križanke,41
332abe37-33b8-4142-9edd-4ebd9e52eaf7,5b59d508-0860-4f50-b5ab-72a79046b488,bea274aa-277a-403d-ab2f-a0342b28882e,Križanke,1097
300f1367-4ba4-4416-90e4-caa8f33e9144,d4c51b31-46fd-4da8-ba15-8068e666d483,6182f8e8-c45e-4606-b4a4-d909bd44d2cc,Gornji trg,463
9a480b5e-0283-4130-a5e2-9d5e996caa4f,be5fb719-eda2-4831-90c6-249248ea22dd,25ad5579-f6a0-4f35-a0c9-0678b41e9dde,Križanke,785
f07c916c-6fc6-4acf-a334-0ab0d3c4f57f,0df2ffa6-b1c8-44d0-900c-8b23b37794df,b905ae6a-f1e1-4057-8923-481902ed5a8e,Konzorcij,242
ba59baf4-dd00-40a5-80e7-3eee6b9d8b09,45754ca7-bffd-4bcf-96df-952e59574dde,bea274aa-277a-403d-ab2f-a0342b28882e,Križanke,1028
233daca5-913b-4e10-bf34-18b1c8c77019,318d4398-e152-498b-b4ff-1344c67adba6,fef200e9-4d98-425b-ab14-8110e2aa85d7,Drama,284
ef4a63e8-d956-4f09-80bd-8e4699418652,8d5e4aed-59fb-47c9-8559-5bf11b7ddca0,N/A,N/A,4525
acd87210-4e04-49b4-884b-1fe11c453bf4,aa113271-655f-423f-ad7e-4cfaba2eb739,N/A,N/A,4525
769b7bc7-4f95-4bb2-9c99-37ba8e8b4bd5,c627c9f2-af02-4d83-969a-566719bb09e3,fef200e9-4d98-425b-ab14-8110e2aa85d7,Drama,445
d8ff7b2c-baf6-4a1a-97c5-0871b823caab,2c0475be-44e7-4f0f-a06d-2c1b4ca15677,N/A,N/A,4525
7554bb81-1144-4263-999d-f6e358d808fe,a7094427-e180-4deb-acaf-5d4488326e9e,bea274aa-277a-403d-ab2f-a0342b28882e,Križanke,774
c326e479-ccc3-4915-8788-3fa189d0143e,e3b51371-e289-45ef-83ca-1f4ffff25162,087e50b6-7677-4a85-802f-5694266fe38b,Aškerčeva,482
d72d58c2-b9a9-4dd5-b741-17e986d925c8,d72032c7-d4b0-4eee-a87c-593985a42266,b905ae6a-f1e1-4057-8923-481902ed5a8e,Konzorcij,144
406d6bb7-147c-4853-a917-e5c437b025e6,b56664c0-1dc1-42c5-b10b-52c3fb0dd042,5d7f28a6-2a2a-4333-aa06-48edfb652f86,Pošta,741
06e4802d-2c96-4556-bd95-35e0a2bb030c,2e62f411-936d-4a10-96ed-2d8fe95d6d65,N/A,N/A,4525
58db973d-ecbb-4aa6-a56c-c26aaff7f263,a9473958-e505-4c16-8498-486b06a47856,3429cda2-6047-453c-bf54-952dfa6674c0,Klinični center,1428
6c56976b-4ae1-429f-bcab-0cfc37e3580d,075a6b29-66cb-409f-89fe-37d50669eff4,5d7f28a6-2a2a-4333-aa06-48edfb652f86,Pošta,215
a7094427-e180-4deb-acaf-5d4488326e9e,da9650a3-6ec7-4cdb-95f2-a68851587dfc,c87db9be-1fba-4102-a743-0ee4317dd5af,Bavarski dvor,1342
023d7b7a-b411-4e61-8746-b07f9e5c8f90,c86d5f37-52ee-4e3a-99b5-b9554118c4d5,f073b9d9-a3e3-4d04-a209-0db55377b79e,Zmajski most,569
1aa7e441-8646-4d1d-88bd-ab004758ffc4,c0ff37c8-ac6c-4284-ad32-0ad29fd30dc2,c124f317-217b-4b89-9597-393843de4f81,Nusdorferjeva,167
1505c6fe-6080-424e-98d1-24c312cfacf3,7c390857-8fc7-49b5-9c9d-e5535d360148,N/A,N/A,4525
db9f7130-0bc2-4f3e-b8cd-07cfe96b1f8f,eec159d0-4b1b-4706-9a5d-a00ddcbea9f5,a719a87c-4e93-4387-a6d1-2631a487f7e0,Ajdovščina,18
25ad5579-f6a0-4f35-a0c9-0678b41e9dde,a8af1032-30bf-4f7b-a921-28d2f712fd24,889e3719-7d29-4888-b690-5a1531d2930e,Jadranska,402
9c2e9262-7afe-44d3-8aaf-80afd45f9118,f2fc2702-e9da-4c36-b6fc-9f52199e4574,fef200e9-4d98-425b-ab14-8110e2aa85d7,Drama,80
087e50b6-7677-4a85-802f-5694266fe38b,e9382efd-d64d-46b0-9a7d-a4e6a0188725,4062cd22-b67a-4235-9980-0178b7add592,Drama,1203
6a774daa-3547-4128-b304-aa2d17d4391a,f1d7dbc8-d84b-4550-a3bd-e4748a677e9d,9bb1ed3b-5a6f-43c7-afaf-ba2b60ca1a7a,Aškerčeva,1347
1b0f629f-acdb-4e94-8c54-018f4334ebf7,d7d791d9-02e0-4369-be0c-1546fc2044a4,cdabf1ea-b04c-480a-8359-72c46e6864ab,Bežigrad,387
0a4b6359-22f0-4caa-b4a8-f4edb97a0825,8512e1be-4637-483b-a3e6-78ccc6d2c5b1,aa42017d-812a-4175-bc9b-0fec03b18931,Ambrožev trg,629
476c1b24-6f2f-4727-b610-645c50493814,95be8f74-3ed5-4cf1-aabc-b1c0027ea628,N/A,N/A,4525
cdbafa76-fd1b-45e0-bbd6-d6c1c6a141f9,64ea9f57-1f7f-465e-8721-55e26faee36a,b4b30b45-445a-4f70-bdf5-5ea7cdc98583,Dolgi most,82
c8e0086c-0cef-4375-a471-72f3ae1e34fc,769b7bc7-4f95-4bb2-9c99-37ba8e8b4bd5,e66e813a-722d-40f8-9ee9-1470d07bc200,Tobačna,618
c9b2488c-cca9-4b84-83cb-638ef545c851,d7d43617-ef41-4f9e-bbad-670d515d926a,fcfe6ac9-74b3-4c13-96b7-6041f1454813,Kamnogoriška,595
07bad99d-070a-42f7-8766-d11d42152623,223f660b-c391-4120-bf3c-7bf06781686b,fef200e9-4d98-425b-ab14-8110e2aa85d7,Drama,168
8f623f1d-48a7-46b5-9331-28a8dc980876,a378ce5e-57ce-4c52-b219-568674b5cd5e,087e50b6-7677-4a85-802f-5694266fe38b,Aškerčeva,16
5c9baa4c-9ee0-4263-be22-72f5a73c714d,05643914-8ff7-4064-8737-2761d44a083f,6182f8e8-c45e-4606-b4a4-d909bd44d2cc,Gornji trg,285
cdbafa76-fd1b-45e0-bbd6-d6c1c6a141f9,f07c916c-6fc6-4acf-a334-0ab0d3c4f57f,a719a87c-4e93-4387-a6d1-2631a487f7e0,Ajdovščina,444
1d7af067-e43b-4a98-953c-75f1b267d9ce,bd6d732b-65aa-4b59-be82-6ce1301e70d5,9cfac7e2-9653-4e52-a6d3-27756d27f817,Kino Šiška,90
6afef238-01cd-4ad0-859d-2056b5d4a63f,fef200e9-4d98-425b-ab14-8110e2aa85d7,4062cd22-b67a-4235-9980-0178b7add592,Drama,266
e73c7113-cb4a-4cd5-8df9-ffc5fd86590a,37fc313d-1f45-49c9-9059-4f96f44a6682,a719a87c-4e93-4387-a6d1-2631a487f7e0,Ajdovščina,508
22ef2062-46f0-4a46-8d9a-6ceb7b7f45bc,f5dc05ab-b5cf-4f25-a85b-f346876311cb,d72032c7-d4b0-4eee-a87c-593985a42266,Tobačna,374
aa31554f-8623-42db-aedd-ad9a8f562e4c,7a52a73a-cc0e-4c61-b9bc-306157727e1c,67c3adc1-a92d-4528-91ee-77d8b52574c6,Poliklinika,366
7ad774b6-172a-401b-b186-358aa2d560a2,a1406782-3114-407c-8e35-35bcf5a1234b,a719a87c-4e93-4387-a6d1-2631a487f7e0,Ajdovščina,448
100da88e-4c5f-4188-bd11-d4f3fc80fb74,52c437c8-73ae-4db5-ac31-8e7cf5104826,N/A,N/A,4525
76ec8af8-07c2-4d44-b0d8-a439d381913f,eead721b-8996-4e73-a2f9-02dba20df4fa,bea274aa-277a-403d-ab2f-a0342b28882e,Križanke,929
7add6fa5-bfd5-4d9c-841b-d9856088ede9,bea9f247-4e88-4d7c-9387-8cd9342acb8c,cab36767-e95a-4f60-978e-92490f2517b2,Hrvatski trg,644
ba59baf4-dd00-40a5-80e7-3eee6b9d8b09,306dcdea-b1ce-4357-ba5e-fa82293630df,087e50b6-7677-4a85-802f-5694266fe38b,Aškerčeva,28
91745353-dd19-49ee-beaf-332e546dcceb,30131bc3-a0f7-4cfc-9e4d-552b325c0ba7,9bb1ed3b-5a6f-43c7-afaf-ba2b60ca1a7a,Aškerčeva,91
1c0c01ee-6258-4328-9d01-489eb421a8d9,f496ecc3-28fe-4361-9da8-428bbf3bd672,4062cd22-b67a-4235-9980-0178b7add592,Drama,788
c6c83930-96af-4cbe-93bf-072a618502a4,95eee7e8-237d-4410-a9bf-00c6f88129c1,b829062a-2644-4350-b998-74522d9e85d8,Lutkovno gl.,417
f8da5156-e545-47ed-a811-2242f41f5593,023d7b7a-b411-4e61-8746-b07f9e5c8f90,b905ae6a-f1e1-4057-8923-481902ed5a8e,Konzorcij,264
01d1f388-d915-4e9f-bc3d-4432a73a216e,70c51140-f3ee-4c89-a6e2-ed74dab89148,88cdd36c-03d2-4374-a22f-110dd9f75ea0,Kajuhova,239
45b36327-9a1a-4cd5-8261-53217326b22f,0d50a4a8-a88d-4468-b562-73e51937e1c5,4062cd22-b67a-4235-9980-0178b7add592,Drama,501
2ec182e2-769f-427f-b9b5-c4118890cb96,1f9fad8e-d59c-494c-bdd1-1983afacb755,a378ce5e-57ce-4c52-b219-568674b5cd5e,Gornji trg,150
49f28358-bfda-458e-a4b3-a45f602765c1,61926b26-d777-483f-ae79-86766c48793b,N/A,N/A,4525
d119c3e9-7f2c-4d40-97a4-ccc6b4bb2951,67d66d40-e8ba-4bc0-a9cf-814dce3ccbea,5d7f28a6-2a2a-4333-aa06-48edfb652f86,Pošta,36
4d57f6bd-7ba7-4f07-8aa1-ecac0b09e8db,77dcd833-fa4d-4c5a-93b1-31284942e61d,9bb1ed3b-5a6f-43c7-afaf-ba2b60ca1a7a,Aškerčeva,651
edc8bf1d-d4f1-4c5b-8112-e4fa71a02bae,f4cfd904-bd11-4247-95df-32c4555a930f,eead721b-8996-4e73-a2f9-02dba20df4fa,Ilirska,1282
e9089f7d-853e-4375-8ecb-0db96fcc60e6,5a06b853-39a7-479d-ac40-fafa659fd896,8f56b058-1ae3-44f5-8600-4330f2264d78,Privoz,162
783196f2-97cd-4265-bb9a-b13aa8bb6a0b,bd6d732b-65aa-4b59-be82-6ce1301e70d5,25ad5579-f6a0-4f35-a0c9-0678b41e9dde,Križanke,415
d72d58c2-b9a9-4dd5-b741-17e986d925c8,dadea785-0c6b-4054-9882-37227de3df4b,8c7fa045-888b-46d0-8189-6f82623bf481,Poljanska,573
cdee8be6-e02c-4fb5-9752-be1bac08d90d,86a75ffc-a78f-401f-8991-2eb0371417b2,25ad5579-f6a0-4f35-a0c9-0678b41e9dde,Križanke,2305
d9a82add-03d0-47d8-9f35-117b7a5ded44,b4766c35-4ab9-4af3-aa76-1b1f40735685,5d7f28a6-2a2a-4333-aa06-48edfb652f86,Pošta,653
c6dd10bd-c21f-4a0c-9c7d-99e488a173d4,91fb6c6e-49cf-49d3-97d4-6ae228f9bfa1,5d7f28a6-2a2a-4333-aa06-48edfb652f86,Pošta,249
58db973d-ecbb-4aa6-a56c-c26aaff7f263,f088dbda-3ab0-43c5-bcdf-c727725c05be,4062cd22-b67a-4235-9980-0178b7add592,Drama,1018
2b223d0c-f8ec-4970-815c-bfe26c3ffc09,f11e48f8-4133-4c36-a36f-73b4f33d9592,25ad5579-f6a0-4f35-a0c9-0678b41e9dde,Križanke,942
2154edb8-16e2-4334-8878-9e38abcdf06a,8d775324-59ca-429e-ad7e-8d522c52dbdd,a719a87c-4e93-4387-a6d1-2631a487f7e0,Ajdovščina,116
aaedd82f-0c53-425d-92cf-96e50bd20518,298fea2e-c58b-4d99-9350-2420c718d2cc,bd1396f2-4dc8-4695-9bf1-c601157100d8,Preglov trg,481
45bff76d-bb00-455b-aa12-7ea49ad9a4f0,8eeea585-6168-45b8-a5d4-336e61826043,bea274aa-277a-403d-ab2f-a0342b28882e,Križanke,1175
524d67dd-fbb0-4f6a-9199-f095123044ab,7c166e7c-6fe0-44bd-b124-0013473f227a,61f19c68-2d5e-4d76-bdd4-28709a347b5b,Spar,470
47a3bd8a-72ae-4e20-b43f-10bfaf49012c,30cf2ed7-2cf0-4764-ab64-78206968d5ba,087e50b6-7677-4a85-802f-5694266fe38b,Aškerčeva,1189
5fe363f3-8297-448b-bde3-08f690c92d1b,fef200e9-4d98-425b-ab14-8110e2aa85d7,25ad5579-f6a0-4f35-a0c9-0678b41e9dde,Križanke,148
277bc73c-e61d-4046-bcfd-31d6161c568e,1b0f629f-acdb-4e94-8c54-018f4334ebf7,a719a87c-4e93-4387-a6d1-2631a487f7e0,Ajdovščina,1270
9807573b-8821-40e4-b891-a5cea6e23b3d,9ab2717b-1396-4885-bb5b-9857d7195d0d,9bb1ed3b-5a6f-43c7-afaf-ba2b60ca1a7a,Aškerčeva,1163
bbfc6d44-94da-4cfd-b22a-368a2b11ce20,087e50b6-7677-4a85-802f-5694266fe38b,81f21fc1-3bd2-4d2a-b563-2d063479c68e,Štepanja vas,286
78c69686-64ed-437c-83b5-0e28733ed70c,2d6504e9-c938-417e-9b55-32d6514bc744,64ea9f57-1f7f-465e-8721-55e26faee36a,Krimska,949
b2cf1f2c-3c77-4a23-891f-3cdbcda92f19,ab4e1412-1ac4-4864-8833-c1ddf48bec20,5d7f28a6-2a2a-4333-aa06-48edfb652f86,Pošta,141
1eadcdb9-60cd-47c9-8eec-527c3465a685,5560d06d-4058-473e-abba-099b05d7cf07,a719a87c-4e93-4387-a6d1-2631a487f7e0,Ajdovščina,786
9583dbdd-06fd-411e-88dd-af8f89e2caaa,cad3370f-7a28-4a47-8d5a-187adab3ca21,4062cd22-b67a-4235-9980-0178b7add592,Drama,1112
9cfac7e2-9653-4e52-a6d3-27756d27f817,c93954aa-7aad-4fca-9f7a-721d37f0474e,25ad5579-f6a0-4f35-a0c9-0678b41e9dde,Križanke,458
be5fb719-eda2-4831-90c6-249248ea22dd,9143c575-806f-4ba0-81bc-8199f0b0b4d0,4062cd22-b67a-4235-9980-0178b7add592,Drama,531
3c6ebf90-c611-4535-b2b0-22fba3f7649a,55f1ae46-11e5-4270-991f-f09dae6c58bf,fef200e9-4d98-425b-ab14-8110e2aa85d7,Drama,1172
2ec182e2-769f-427f-b9b5-c4118890cb96,258aeffc-294a-4919-bfb0-34f90dc19892,5f2b93f1-7933-45ed-915c-4488ab8d81b7,Ižanska,216
1035c6f7-304e-4329-a3b2-4eb5d985a577,59ee5f7d-476b-4958-a922-2040a9308f3b,fef200e9-4d98-425b-ab14-8110e2aa85d7,Drama,285
639551cf-fe23-4363-8ccd-655bc5d4119e,dd57f39b-be0f-479e-bc35-5bd2edf98ff2,88cdd36c-03d2-4374-a22f-110dd9f75ea0,Kajuhova,396
79325942-629a-4766-a34a-525f8edf8cc5,05643914-8ff7-4064-8737-2761d44a083f,fb7704f0-d31e-4561-83e4-621a8c62654b,Kosmačeva,9
e3b51371-e289-45ef-83ca-1f4ffff25162,391bf42a-68a3-400a-baea-0c708f327325,bea274aa-277a-403d-ab2f-a0342b28882e,Križanke,1155
9f6048f0-5c5e-4773-915e-4ee05d200e27,f4c5028b-48a4-4d0e-a91c-81a858923ddd,c87db9be-1fba-4102-a743-0ee4317dd5af,Bavarski dvor,580
93928408-7b36-41f9-9b62-fec53e14b4e2,cee2862b-9b70-4880-8fa3-16c6d2efae1b,f2b27cbd-5207-4281-8f67-6369d0c50a9b,Kodrova,566
12cfc2b3-f8ff-444b-8d5f-15855e45e331,25c85d19-456c-4188-b563-15ad467a54c7,b905ae6a-f1e1-4057-8923-481902ed5a8e,Konzorcij,70
fb0042f8-d9e2-4916-b60a-38a026acf0c9,10449641-799e-4ee4-a712-a6e3a9aefc27,8f56b058-1ae3-44f5-8600-4330f2264d78,Privoz,317
7bcbdcaa-00b9-47d4-8982-09da26cd7bcb,52e5d1c1-28c9-4ed2-b0ec-5bf7311be753,7fa32ea0-e884-435a-a81c-51bbd5cedf3e,Zaloška,11
3d9e90f6-2b67-4f24-9cc4-7c2063a08410,81b6f6ad-6dd6-4e3f-a0bd-754a65a3e57b,bea274aa-277a-403d-ab2f-a0342b28882e,Križanke,254
db13a26e-19d4-4b8a-a78a-01ef25d58834,cecad767-51e5-4683-bf56-e6e342f8d1e0,bea274aa-277a-403d-ab2f-a0342b28882e,Križanke,1303
ba0f81e5-dfec-49bb-8d6b-d52618338640,548dbdee-83b0-497b-acc1-e15b34899d42,023d7b7a-b411-4e61-8746-b07f9e5c8f90,Ambrožev trg,1014
08071ba1-570f-487b-9a36-01a046fb2788,783196f2-97cd-4265-bb9a-b13aa8bb6a0b,4062cd22-b67a-4235-9980-0178b7add592,Drama,111
b91edda3-a147-4599-bebf-85e145de085b,7a52a73a-cc0e-4c61-b9bc-306157727e1c,b905ae6a-f1e1-4057-8923-481902ed5a8e,Konzorcij,92
ba2b16a8-1273-45d2-8758-47b9694df9a6,d5961b09-f5e8-4a0b-9bbb-2515ff0a8376,5d7f28a6-2a2a-4333-aa06-48edfb652f86,Pošta,337
ad966374-a37d-443a-9a3e-ec85ca28231f,5d1e404b-1606-457e-8d2b-4e3e80139532,5d7f28a6-2a2a-4333-aa06-48edfb652f86,Pošta,930
ccccee29-6fc7-4a86-b492-7f36a8e817db,61f19c68-2d5e-4d76-bdd4-28709a347b5b,N/A,N/A,4525
d861c2ce-106a-4b95-a4fc-2af355c0bbf0,6efecef0-52ba-4a47-9991-9bab5ce31340,087e50b6-7677-4a85-802f-5694266fe38b,Aškerčeva,942
627be449-8b6a-40f4-a57c-09ccdacccb66,48e907fd-e868-47cd-8cac-74c7d4582944,25ad5579-f6a0-4f35-a0c9-0678b41e9dde,Križanke,427
bff8345d-1b72-4b41-8b8d-cb8a5483a2e4,de80f5fd-4572-4bb6-9e21-9860f5fa6b24,6bd46cb7-9e5d-453a-878a-bcc38fb2a5f2,Sava,545
3d0466c6-82f4-4a8e-ac5f-18d4dab794ac,98f728a3-94a6-4911-98d7-64ab88097036,a719a87c-4e93-4387-a6d1-2631a487f7e0,Ajdovščina,250
f07c916c-6fc6-4acf-a334-0ab0d3c4f57f,7411cd45-83d2-40e6-89f6-5a0995e409cb,N/A,N/A,4525
26ec9924-5586-4fd5-8b20-63f2d0a38d44,a769d1e9-8727-4190-b56c-5cdd8a49333d,48e907fd-e868-47cd-8cac-74c7d4582944,Poljanska,384
86303165-4af4-4fcd-b0f9-43ed865454f4,f2b27cbd-5207-4281-8f67-6369d0c50a9b,5d7f28a6-2a2a-4333-aa06-48edfb652f86,Pošta,272
d3283222-38a9-40e2-a485-180d1a33067c,cbf8e64b-fd0d-48ec-8fb1-03b298cc13b3,a719a87c-4e93-4387-a6d1-2631a487f7e0,Ajdovščina,114
ba0f81e5-dfec-49bb-8d6b-d52618338640,c5ec5e81-2ce4-452d-bd7a-595de4f8b34f,087e50b6-7677-4a85-802f-5694266fe38b,Aškerčeva,278
476c1b24-6f2f-4727-b610-645c50493814,97788808-915f-4405-b54e-7ec5f95f7330,0614b134-0950-4f6b-bc8f-fb73a0881bc1,Gornje Poljane,339
4c277b3f-c427-404b-ace3-2cd51656318f,fcfe6ac9-74b3-4c13-96b7-6041f1454813,bea274aa-277a-403d-ab2f-a0342b28882e,Križanke,252
2bf898b0-1247-4e84-87e2-2e044e580c8f,659ee31d-ae12-4498-8507-28579d322e32,6c56976b-4ae1-429f-bcab-0cfc37e3580d,Zgornji log,148
815a2c5e-19a1-41b0-bca4-69dca8912326,6cc5af3b-67ea-47f3-9e8a-10946c32b906,N/A,N/A,4525
459f82d2-cbe4-414b-b66b-0b794ea958ed,5d91512b-af7f-4bbe-9dde-17f402fbf590,fef200e9-4d98-425b-ab14-8110e2aa85d7,Drama,1021
79d89180-8b07-4127-b7b4-1ac03d1cee9f,2388ce1f-c947-42d7-97f3-e01a7254c933,N/A,N/A,4525
d06c6c8a-c136-4b7a-9c13-b26ba0c04029,ab0d4ded-a428-4133-a6c8-0f2caac0a5ae,12618339-2c2d-49ec-b0e0-2517c11991f8,Mirje,690
56dbd8ff-6ec8-4186-b46c-f74ddb5a304a,b905ae6a-f1e1-4057-8923-481902ed5a8e,9bb1ed3b-5a6f-43c7-afaf-ba2b60ca1a7a,Aškerčeva,898
37fc313d-1f45-49c9-9059-4f96f44a6682,24df120e-0d0c-4353-8dda-c7ef0dc3dd5c,484b5c91-1220-43ba-af79-84e712fcc46b,Slovenija avto,1060
66943a7c-28b4-40a6-a996-21aa0b968435,4ca9e64c-29ad-4391-a6f2-7e1ae022d5bf,b60d686c-3b89-447c-93f6-2837d9af3d02,Ziherlova,211
277bc73c-e61d-4046-bcfd-31d6161c568e,b4634750-8d91-4625-b40d-1da9665e70f6,eead721b-8996-4e73-a2f9-02dba20df4fa,Ilirska,519
1d62c3f1-903c-4350-a349-80c4573b3cdc,9c57d59a-53f8-4a16-b279-2ab1745ea230,9bb1ed3b-5a6f-43c7-afaf-ba2b60ca1a7a,Aškerčeva,457
538ab00b-ee39-44e8-b5a4-62c2c6215bf6,3f996624-8134-4eec-9742-70111db659c1,fef200e9-4d98-425b-ab14-8110e2aa85d7,Drama,152
daf172e0-4dd9-4d5b-8287-67ad2034bced,592b37eb-8255-4758-ae8a-7cef98521013,9bb1ed3b-5a6f-43c7-afaf-ba2b60ca1a7a,Aškerčeva,298
96d4c75b-6452-4c70-a31e-c234262ba38b,a112e799-e1b6-4dd2-b652-bd521dda7638,6182f8e8-c45e-4606-b4a4-d909bd44d2cc,Gornji trg,273
0b6c7b97-410c-48fa-be23-430c316f9b10,1035c6f7-304e-4329-a3b2-4eb5d985a577,fef200e9-4d98-425b-ab14-8110e2aa85d7,Drama,1155
379bc761-04b5-4227-be76-3b870fe3e69f,4c277b3f-c427-404b-ace3-2cd51656318f,087e50b6-7677-4a85-802f-5694266fe38b,Aškerčeva,422
a1406782-3114-407c-8e35-35bcf5a1234b,f088dbda-3ab0-43c5-bcdf-c727725c05be,923bd774-0651-4e0a-8624-3acfb7ecd5ff,Gornje Poljane,225
125d4928-6b97-4a4b-af34-a2d1564c029c,f1d7dbc8-d84b-4550-a3bd-e4748a677e9d,5d7f28a6-2a2a-4333-aa06-48edfb652f86,Pošta,66
da834a23-5697-49bb-b3a1-7f277c8206bc,a4545f57-dab0-4ca0-9da3-5bc96d80f104,b905ae6a-f1e1-4057-8923-481902ed5a8e,Konzorcij,671
c8e0086c-0cef-4375-a471-72f3ae1e34fc,5b59d508-0860-4f50-b5ab-72a79046b488,c87db9be-1fba-4102-a743-0ee4317dd5af,Bavarski dvor,337
5dcffe2a-1c73-4f7c-bdac-4084bb5201aa,6330ad8d-b582-4c92-bc7e-d3f206264f04,fef200e9-4d98-425b-ab14-8110e2aa85d7,Drama,119
eb8e8d9a-a3d5-4ec1-9356-26e0e41912d1,294c40c4-18e4-4d92-a947-911a8623de89,25ad5579-f6a0-4f35-a0c9-0678b41e9dde,Križanke,308
4ca7ae7e-380b-45e3-81de-00ffab5bb531,666bd186-7a9a-4e20-a466-e7b1918dda9b,a719a87c-4e93-4387-a6d1-2631a487f7e0,Ajdovščina,108
2628b04b-eaf2-4c5a-b7ac-837237162783,4ca7ae7e-380b-45e3-81de-00ffab5bb531,a719a87c-4e93-4387-a6d1-2631a487f7e0,Ajdovščina,112
7554bb81-1144-4263-999d-f6e358d808fe,c70ad4c4-6c37-4f31-83aa-921dc8bc15a4,25ad5579-f6a0-4f35-a0c9-0678b41e9dde,Križanke,839
1c0ae078-cca7-40c8-aeda-1187a12ddfee,86303165-4af4-4fcd-b0f9-43ed865454f4,c87db9be-1fba-4102-a743-0ee4317dd5af,Bavarski dvor,554
7d628170-e2eb-47fd-9d3e-658acf78d7d3,4ac86a6a-874d-41a7-92a5-64ed733b7734,N/A,N/A,4525
e78f256e-7218-4263-87b9-255bd90c9f49,0c3a77a7-d9eb-45c7-b722-1fafde29129c,bea274aa-277a-403d-ab2f-a0342b28882e,Križanke,440
0e79ef8c-f692-4e29-a37e-4a81cbb3d410,a7094427-e180-4deb-acaf-5d4488326e9e,9bb1ed3b-5a6f-43c7-afaf-ba2b60ca1a7a,Aškerčeva,641
dba19980-8ca1-4847-b9b5-8cd419374ae2,53f8224f-99e5-4c34-9f77-3621bbe9ce99,N/A,N/A,4525
a3aeed02-8e36-4cb0-bb08-25cc4afda164,d27a7320-71d6-48bc-a4f5-0f3e239575b8,ccd8a655-468b-4728-a26d-7981bbdd7dec,Zg. Gameljne,2
48b163cd-b819-4849-aee1-8b1da77657ab,ba846253-4c87-4120-8f1c-05a563bf3999,25c85d19-456c-4188-b563-15ad467a54c7,Vič,358
219086ca-bdcb-4092-bd82-3d372b9b73ce,96d4c75b-6452-4c70-a31e-c234262ba38b,25ad5579-f6a0-4f35-a0c9-0678b41e9dde,Križanke,375
15af3c66-ad74-4f41-92f7-92e2ff72a51d,169789c5-0251-47a6-800a-74ff3dffe04d,a9796806-8cd3-4b76-bf8c-4340aec35c9e,Lutkovno gl.,368
567980fa-7783-411d-9c67-55b44d753880,2838f674-f6e9-4eb5-a99c-1d0ac7903ca1,a719a87c-4e93-4387-a6d1-2631a487f7e0,Ajdovščina,733
249f3d10-f5f0-467b-8f60-f35fd62d9054,9e0942f3-2c18-4891-9b51-9d95cc43af7a,f5d8583f-6e9d-4996-b803-74bf3cd0b602,Letališka,783
609f0950-bb8c-4eaf-a931-8575b8aff1ac,f2920a77-6c6c-494d-96b7-2a8caf8f374f,25ad5579-f6a0-4f35-a0c9-0678b41e9dde,Križanke,38
5560d06d-4058-473e-abba-099b05d7cf07,6330ad8d-b582-4c92-bc7e-d3f206264f04,fef200e9-4d98-425b-ab14-8110e2aa85d7,Drama,402
bf64b499-211b-4da8-ace2-f12a17608ae3,5b59d508-0860-4f50-b5ab-72a79046b488,769b7bc7-4f95-4bb2-9c99-37ba8e8b4bd5,D. MOST P+R,646
6e7cab20-d7e3-474f-9a5e-f1e0ca6fae53,fbd1dfb0-4a6f-4160-ad52-5ccb69530195,7c149b59-2bc6-45cb-95c8-69e18a0db627,Rusjanov trg,241
2cde6efe-5f53-44aa-8018-76f0ea2c86f8,d4fd9934-5253-4ab8-a779-3e9e2a30c5b7,N/A,N/A,4525
9fa0b90f-dba1-4eca-8802-589425d3e8fd,32ff2d5b-61ae-415b-941b-aeb1be1b5052,eead721b-8996-4e73-a2f9-02dba20df4fa,Ilirska,1978
43df2657-d56f-4fc4-8c40-49180cbbe90c,219086ca-bdcb-4092-bd82-3d372b9b73ce,7c149b59-2bc6-45cb-95c8-69e18a0db627,Rusjanov trg,717
441545fb-7a0c-4555-aea8-01cbe6c14ea3,24ab9d18-4fb9-4e7e-b48c-d5cdc9cd1305,a719a87c-4e93-4387-a6d1-2631a487f7e0,Ajdovščina,1263
3c6ebf90-c611-4535-b2b0-22fba3f7649a,0b4a072e-6c2d-4c71-ab80-2b7142df81de,105e10e7-fbab-4f99-94c9-178c25630b42,Brodarjev trg,1636
11d74c00-da13-4cad-883e-c6dcf8edcbe8,cc9cbd94-6da7-41ff-a728-cfd4b47dfcc0,a719a87c-4e93-4387-a6d1-2631a487f7e0,Ajdovščina,284
9a938b49-ce1d-4e1c-a789-e316630ebc4f,0b90d258-764d-4c06-aab0-7074dbd54182,5d7f28a6-2a2a-4333-aa06-48edfb652f86,Pošta,778
6182f8e8-c45e-4606-b4a4-d909bd44d2cc,b698a890-05b8-40f6-a3a6-4f4c0a820f97,N/A,N/A,4525
e73c7113-cb4a-4cd5-8df9-ffc5fd86590a,f1d7dbc8-d84b-4550-a3bd-e4748a677e9d,bea274aa-277a-403d-ab2f-a0342b28882e,Križanke,341
0bb103e4-c4a6-4c4c-a13d-217ab4e6dfd3,b698a890-05b8-40f6-a3a6-4f4c0a820f97,N/A,N/A,4525
c0fb12dd-8cab-40da-a3aa-e8de9c6d09ed,332abe37-33b8-4142-9edd-4ebd9e52eaf7,25ad5579-f6a0-4f35-a0c9-0678b41e9dde,Križanke,615
67d66d40-e8ba-4bc0-a9cf-814dce3ccbea,fcec9e7a-1c9e-4214-96dd-d071550349e6,25ad5579-f6a0-4f35-a0c9-0678b41e9dde,Križanke,1003
af2956ba-d922-4ec4-bfa7-b623c29e8b3e,099976aa-17cc-45d3-add4-267985ab1533,484b5c91-1220-43ba-af79-84e712fcc46b,Slovenija avto,4
1536cb2e-acd3-49cb-8f06-bb8cd40c0c02,9bd3ee10-bc61-44e8-8cf3-a37cffd54da0,a719a87c-4e93-4387-a6d1-2631a487f7e0,Ajdovščina,273
271db19a-744b-41a0-869d-0c3e0e2cb6bf,4d57f6bd-7ba7-4f07-8aa1-ecac0b09e8db,60ccc570-3714-410b-aa31-43d3a4c593c8,Tržnica Moste,1434
041e08cc-b1bd-4f2c-aa4e-a9aaf2837a28,f2bac6f5-5bbc-4f15-acdd-014d86770ce9,b905ae6a-f1e1-4057-8923-481902ed5a8e,Konzorcij,153
258aeffc-294a-4919-bfb0-34f90dc19892,7b687edb-dc47-4b68-a13e-34713cababe9,6c56976b-4ae1-429f-bcab-0cfc37e3580d,Zgornji log,406
47a3bd8a-72ae-4e20-b43f-10bfaf49012c,29096931-9d98-487f-bd0a-b0767611e561,7484317c-269f-425f-8118-23eedab4e5f1,Tivoli,675
4682c5fd-08cb-4af1-a3e2-6f1ee880a52d,d17294f3-5b6c-4313-9243-3f38557967cf,9bb1ed3b-5a6f-43c7-afaf-ba2b60ca1a7a,Aškerčeva,1007
4ca9e64c-29ad-4391-a6f2-7e1ae022d5bf,db9f7130-0bc2-4f3e-b8cd-07cfe96b1f8f,b905ae6a-f1e1-4057-8923-481902ed5a8e,Konzorcij,144
223f660b-c391-4120-bf3c-7bf06781686b,bea9f247-4e88-4d7c-9387-8cd9342acb8c,5d7f28a6-2a2a-4333-aa06-48edfb652f86,Pošta,1479
f496ecc3-28fe-4361-9da8-428bbf3bd672,815a2c5e-19a1-41b0-bca4-69dca8912326,f4cfd904-bd11-4247-95df-32c4555a930f,Klinični center,606
769b7bc7-4f95-4bb2-9c99-37ba8e8b4bd5,b698a890-05b8-40f6-a3a6-4f4c0a820f97,N/A,N/A,4525
392949a1-1ada-4196-9073-6f392638ca49,1b27d65a-1008-4bc9-928e-f6cb43b03804,a719a87c-4e93-4387-a6d1-2631a487f7e0,Ajdovščina,794
5560d06d-4058-473e-abba-099b05d7cf07,1faa072c-478b-4656-8df3-84167a9a4bbb,3429cda2-6047-453c-bf54-952dfa6674c0,Klinični center,363
d119c3e9-7f2c-4d40-97a4-ccc6b4bb2951,4a95f1f8-a457-4dcf-bd1f-6307d4300ea0,ecc4ae87-ae08-4b94-995c-452fdd94df7f,Privoz,26
169789c5-0251-47a6-800a-74ff3dffe04d,9143c575-806f-4ba0-81bc-8199f0b0b4d0,16578e36-c682-4083-bd29-4973445dc0fe,Gosposvetska,259
363e4763-df83-4814-99d2-879d448d5910,7fad8003-fb10-489d-bf8d-6d433310ad90,3429cda2-6047-453c-bf54-952dfa6674c0,Klinični center,512
e90a68ac-02be-418f-8937-b9f1906274f2,c22879e5-8e90-4540-9a74-5f139208e492,N/A,N/A,4525
aee8e842-6083-48a7-b14f-cc3d112537bb,25cde952-4896-4977-b229-75e09b3e3661,dd57f39b-be0f-479e-bc35-5bd2edf98ff2,Bolnica,50
3c143688-247f-41cc-960d-f5e37b874c3a,2188a1bc-ce7a-4450-bd4f-871538578244,fef200e9-4d98-425b-ab14-8110e2aa85d7,Drama,351
318d4398-e152-498b-b4ff-1344c67adba6,2a7d32ca-24a1-41ac-a273-0cbcdec59336,a719a87c-4e93-4387-a6d1-2631a487f7e0,Ajdovščina,1087
91fb6c6e-49cf-49d3-97d4-6ae228f9bfa1,0760a037-cd94-4936-89b6-45ce9bd19917,a719a87c-4e93-4387-a6d1-2631a487f7e0,Ajdovščina,424
0e79ef8c-f692-4e29-a37e-4a81cbb3d410,eb8e8d9a-a3d5-4ec1-9356-26e0e41912d1,105e10e7-fbab-4f99-94c9-178c25630b42,Brodarjev trg,511
f5e84751-7377-402c-974c-53276e422e70,3a50f545-2fe2-45a0-8ed6-01635603efed,9b85d4b0-c594-4e0e-9ce2-d0986256c270,Tavčarjeva,1988
81f21fc1-3bd2-4d2a-b563-2d063479c68e,aaedd82f-0c53-425d-92cf-96e50bd20518,a719a87c-4e93-4387-a6d1-2631a487f7e0,Ajdovščina,352
2896bfa8-0586-4ed1-8d93-c5c6e1ff3d72,cecad767-51e5-4683-bf56-e6e342f8d1e0,b905ae6a-f1e1-4057-8923-481902ed5a8e,Konzorcij,1045
51e04e1d-9ea1-432d-8b79-09e6c2a7be7b,df63651e-45ab-4487-9429-9e604415b35c,4062cd22-b67a-4235-9980-0178b7add592,Drama,1079
4ac86a6a-874d-41a7-92a5-64ed733b7734,d9a82add-03d0-47d8-9f35-117b7a5ded44,25ad5579-f6a0-4f35-a0c9-0678b41e9dde,Križanke,958
eb165f50-9c43-4b09-9658-469a16d3dc83,9ab2717b-1396-4885-bb5b-9857d7195d0d,087e50b6-7677-4a85-802f-5694266fe38b,Aškerčeva,238
d83ec579-9ab5-4e30-bedd-86613c234abd,21764d19-62cc-49fd-bac9-403aeac6a6b9,9bb1ed3b-5a6f-43c7-afaf-ba2b60ca1a7a,Aškerčeva,242
318d4398-e152-498b-b4ff-1344c67adba6,7d1d9e60-8a7d-4e50-86e5-f3a42a99d837,N/A,N/A,4525
7276f267-9837-4c56-aad3-f8cd555060da,4f681273-89fe-44f9-aaec-76950722cc52,25ad5579-f6a0-4f35-a0c9-0678b41e9dde,Križanke,1905
f2b27cbd-5207-4281-8f67-6369d0c50a9b,1f4702d4-6b02-4ad3-aa9b-118ff9aa3474,bea274aa-277a-403d-ab2f-a0342b28882e,Križanke,346
caac4c1a-13e4-4afa-b467-65d90a8fbd44,78c69686-64ed-437c-83b5-0e28733ed70c,bea274aa-277a-403d-ab2f-a0342b28882e,Križanke,251
9a1c4c65-df77-481f-87ad-56143f02a864,9845a6f7-ba79-4f3d-b6ae-969651ef6001,e66e813a-722d-40f8-9ee9-1470d07bc200,Tobačna,174
7d579a55-27bc-49d0-a124-a5ed6233c55a,5a06b853-39a7-479d-ac40-fafa659fd896,5ddf10c0-90a5-4dbf-992c-23c0505674aa,Podgora,69
98a75a4c-0ef8-4efa-8f0a-384fe8eafce0,26d86ffa-b8df-49aa-a9c0-5fa7d3cfba77,041e08cc-b1bd-4f2c-aa4e-a9aaf2837a28,Iška vas,334
dc7b6fb3-15db-4c7e-9fa1-424943178ce6,7276f267-9837-4c56-aad3-f8cd555060da,fcccf4af-4f16-4edc-ba5a-585c434593fe,ZD Polje,290
ee3713fe-016c-47eb-96d1-f760c9d19010,6a0b25cc-428e-47b5-831a-e89facfa7f26,a719a87c-4e93-4387-a6d1-2631a487f7e0,Ajdovščina,813
66943a7c-28b4-40a6-a996-21aa0b968435,76f20fbf-afc4-4c7d-b51c-14f0878b38d8,a9796806-8cd3-4b76-bf8c-4340aec35c9e,Lutkovno gl.,228
7fa32ea0-e884-435a-a81c-51bbd5cedf3e,98f728a3-94a6-4911-98d7-64ab88097036,25ad5579-f6a0-4f35-a0c9-0678b41e9dde,Križanke,323
4b847ac2-4c41-4fc1-a497-9ce4deaab8b1,4bd4913f-8597-4ea0-b219-4e9b15dcbb62,087e50b6-7677-4a85-802f-5694266fe38b,Aškerčeva,189
2c46416a-d66e-469c-a342-898a93f5b2f0,7e780e7f-3665-4ec7-a910-eaf6e9d82551,fef200e9-4d98-425b-ab14-8110e2aa85d7,Drama,917
af820908-f71f-4c46-82c2-e7616f9c21fb,5bc3addd-b076-4c60-b850-39f90e674b75,4062cd22-b67a-4235-9980-0178b7add592,Drama,871
666e98e1-4a23-4204-a3e6-99110f8b3153,b2dd1684-0848-40f7-b10e-8f74bb005f2f,N/A,N/A,4525
5c38ad77-8124-42b3-810f-04703daec8b4,dfde6478-02b5-471b-a470-29cb0e84542f,fc3967fb-5520-4fff-a819-f625242182e5,Cankarjev dom,114
ab624858-605d-48c6-a660-d54c2e037a91,a1795ee0-9147-4a5c-bb11-f60a809f690e,N/A,N/A,4525
ef91fd44-5651-4fd4-b6f8-619fdef9da7b,4f21a18a-3cb0-4c6c-bb92-e7c8945fac1c,452bfd80-e8bd-470b-bc4a-981e1b37ffd7,Kodeljevo,958
8c7fa045-888b-46d0-8189-6f82623bf481,a112e799-e1b6-4dd2-b652-bd521dda7638,c87db9be-1fba-4102-a743-0ee4317dd5af,Bavarski dvor,787
8f56b058-1ae3-44f5-8600-4330f2264d78,2f18bcfa-6189-4de4-b06f-132d3392e7d6,5d7f28a6-2a2a-4333-aa06-48edfb652f86,Pošta,405
87415b6b-7e7f-4b82-b78f-ef1a7db85282,c3188d8e-c2d3-40e5-acc2-14bef70a5ff4,fef200e9-4d98-425b-ab14-8110e2aa85d7,Drama,601
c32ef99a-6752-47fe-94eb-a5134c7110af,71480129-1108-4659-bb1b-d62897a81d02,f4cfd904-bd11-4247-95df-32c4555a930f,Klinični center,93
b698a890-05b8-40f6-a3a6-4f4c0a820f97,d2f9bbec-4b03-49a8-af83-afe65fe07a0e,N/A,N/A,4525
784bebe9-c0c7-46eb-943d-0b1808ffd5ac,862efb04-bcf5-493a-929d-242fb91ba5f6,b905ae6a-f1e1-4057-8923-481902ed5a8e,Konzorcij,503
8561e9fb-03e0-46f1-802d-b376d26a8ea5,fa96d420-d1af-4ad0-bf6a-4544deb1c5eb,087e50b6-7677-4a85-802f-5694266fe38b,Aškerčeva,22
144ab380-6586-43ce-b216-2e66362b6eca,30c30bf5-75c4-4dc0-995f-4679ef54d37c,77dcd833-fa4d-4c5a-93b1-31284942e61d,Šišenska,246
bd1a0fbd-1593-4552-a76f-681c59333d6b,2323bf9e-1a47-4409-b9c8-398a035c8d12,dd57f39b-be0f-479e-bc35-5bd2edf98ff2,Bolnica,1338
d123fde4-aa91-49c3-83df-5ebf12af4e59,ed50f692-09f9-409e-b7d6-05ff7711de6b,ecc4ae87-ae08-4b94-995c-452fdd94df7f,Privoz,1071
b60d686c-3b89-447c-93f6-2837d9af3d02,5d1e404b-1606-457e-8d2b-4e3e80139532,58cd6196-8ac4-4803-be8b-1c0d2fb52528,Kašeljska,454
58db973d-ecbb-4aa6-a56c-c26aaff7f263,c8f784f8-ce92-4773-8d90-c6bed3513ce0,N/A,N/A,4525
66943a7c-28b4-40a6-a996-21aa0b968435,1aa7e441-8646-4d1d-88bd-ab004758ffc4,bea274aa-277a-403d-ab2f-a0342b28882e,Križanke,403
8512e1be-4637-483b-a3e6-78ccc6d2c5b1,aa844493-50b0-4b91-b331-f4297d2ae6a8,b905ae6a-f1e1-4057-8923-481902ed5a8e,Konzorcij,890
5e732249-14ec-4efe-bae1-7f9ca722f7ae,ba681dbc-ea72-4685-ad98-c5ed496510e6,N/A,N/A,4525
eb669f04-cfb6-4ea4-90c9-26eb551ecb45,9f6048f0-5c5e-4773-915e-4ee05d200e27,eead721b-8996-4e73-a2f9-02dba20df4fa,Ilirska,372
1ef524bd-2bf3-4c47-add3-044374897443,eb165f50-9c43-4b09-9658-469a16d3dc83,087e50b6-7677-4a85-802f-5694266fe38b,Aškerčeva,271
95eee7e8-237d-4410-a9bf-00c6f88129c1,b4b30b45-445a-4f70-bdf5-5ea7cdc98583,5d7f28a6-2a2a-4333-aa06-48edfb652f86,Pošta,117
bbe542ee-a3f6-43cf-b23a-077c28b7d19a,bf64b499-211b-4da8-ace2-f12a17608ae3,a378ce5e-57ce-4c52-b219-568674b5cd5e,Gornji trg,91
075a6b29-66cb-409f-89fe-37d50669eff4,25c85d19-456c-4188-b563-15ad467a54c7,4062cd22-b67a-4235-9980-0178b7add592,Drama,283
a7af0c5d-2297-40e2-a6e0-506f6aadba0a,29589594-5959-4efb-8dda-7348e4e500a0,4062cd22-b67a-4235-9980-0178b7add592,Drama,356
c969f066-aab5-466d-b4db-48e651a4a12e,912792ae-7f7e-4295-8064-38ea96a5dc4a,N/A,N/A,4525
712ee105-4fab-498a-af5c-496ca9830f5f,259de009-1345-4169-920b-baeaceade993,f4cfd904-bd11-4247-95df-32c4555a930f,Klinični center,466
54c591c0-7bbb-4489-9229-57b18f95827a,dd57f39b-be0f-479e-bc35-5bd2edf98ff2,4062cd22-b67a-4235-9980-0178b7add592,Drama,80
121b30dc-065b-4c76-aad2-a54a85c74d4d,46a50a09-9bae-460b-a7b6-457d288c5a9f,N/A,N/A,4525
ea91e672-f4a8-40cb-af62-214726551a93,d9df365b-7e54-4d22-b2e9-3b548d48ad59,c87db9be-1fba-4102-a743-0ee4317dd5af,Bavarski dvor,312
c71e1e0c-780a-4d46-8b33-09aebbbcfcd8,9276fcfb-0f7e-4df3-b827-325600851526,fef200e9-4d98-425b-ab14-8110e2aa85d7,Drama,452
e3b51371-e289-45ef-83ca-1f4ffff25162,70c51140-f3ee-4c89-a6e2-ed74dab89148,bea274aa-277a-403d-ab2f-a0342b28882e,Križanke,137
392949a1-1ada-4196-9073-6f392638ca49,98a94a2a-894f-4ff0-9967-1dd986bf0cfd,8f56b058-1ae3-44f5-8600-4330f2264d78,Privoz,295
9afb36ea-c2ae-4bbb-9644-3a6c65bb1c7d,15eaf9b9-db6d-4586-9ad2-5bfa99719bfd,dfde6478-02b5-471b-a470-29cb0e84542f,Slovenija avto,494
b4766c35-4ab9-4af3-aa76-1b1f40735685,4bd4913f-8597-4ea0-b219-4e9b15dcbb62,c87db9be-1fba-4102-a743-0ee4317dd5af,Bavarski dvor,130
6a89c110-a0f8-4b1a-87f0-33f49c0a658e,db9f7130-0bc2-4f3e-b8cd-07cfe96b1f8f,cf6f67f5-f7df-4462-828b-481134217fad,Žito,52
4b456495-fb29-4ff3-b48b-4090bc51514e,e6f5183b-c615-4f47-b4fb-204ee070e825,58cd6196-8ac4-4803-be8b-1c0d2fb52528,Kašeljska,213
030363e5-99a3-401f-96db-a16a340ace21,87785aa3-128e-4f15-82b0-d8c3cfa6076f,dc7b6fb3-15db-4c7e-9fa1-424943178ce6,LETALIŠKA P+R,303
30c30bf5-75c4-4dc0-995f-4679ef54d37c,223f660b-c391-4120-bf3c-7bf06781686b,77dcd833-fa4d-4c5a-93b1-31284942e61d,Šišenska,331
bc66f88b-1412-44cb-b921-030d27335261,8512e1be-4637-483b-a3e6-78ccc6d2c5b1,c0a064eb-b507-43c2-a6d2-0e9c5881f031,Središka,164
9746f277-af08-4cce-92fa-41da5eca8ac2,ed50f692-09f9-409e-b7d6-05ff7711de6b,9bb1ed3b-5a6f-43c7-afaf-ba2b60ca1a7a,Aškerčeva,1283
aa3ce006-1975-496a-abc6-a98ec5e87652,17f7d178-41b3-41f9-a545-cbfc22a0a5f1,b905ae6a-f1e1-4057-8923-481902ed5a8e,Konzorcij,1805
da834a23-5697-49bb-b3a1-7f277c8206bc,a41f5786-6b70-4224-bcde-e6fbaac4c21b,bfcba499-ce46-41b0-8268-966d74eccb20,Tinčk,209
70c51140-f3ee-4c89-a6e2-ed74dab89148,47252dc3-dbd8-43df-898b-0a3fb27ffc93,a719a87c-4e93-4387-a6d1-2631a487f7e0,Ajdovščina,178
404f8444-540d-4d82-a355-30a6a8bec797,73e6ef23-ef0c-41bf-9960-0e3078b94d23,41489be9-b3b7-4cbe-90f8-af1a435b2676,Orlova,122
3f0c15b3-99bd-4c12-8f7a-df06c9536526,f2fc2702-e9da-4c36-b6fc-9f52199e4574,9b85d4b0-c594-4e0e-9ce2-d0986256c270,Tavčarjeva,281
e3b51371-e289-45ef-83ca-1f4ffff25162,30c30bf5-75c4-4dc0-995f-4679ef54d37c,e0c253d0-1de7-4add-ac75-8b16151fa462,Dobrunje,966
0b9c5011-4f2d-4753-914f-500532b0dbeb,9a14b0ec-f13a-46f0-8c4f-07d8b99241e2,N/A,N/A,4525
73e6ef23-ef0c-41bf-9960-0e3078b94d23,58cd6196-8ac4-4803-be8b-1c0d2fb52528,a9796806-8cd3-4b76-bf8c-4340aec35c9e,Lutkovno gl.,405
b4766c35-4ab9-4af3-aa76-1b1f40735685,9cd1e7f8-8ccf-4469-bc25-25d138605c67,b905ae6a-f1e1-4057-8923-481902ed5a8e,Konzorcij,318
698551c1-7bb2-4f7e-9701-23b7667e8594,b4766c35-4ab9-4af3-aa76-1b1f40735685,bea274aa-277a-403d-ab2f-a0342b28882e,Križanke,964
08071ba1-570f-487b-9a36-01a046fb2788,abc9fd26-5442-468b-93b6-4d5eb76d0f1f,9a938b49-ce1d-4e1c-a789-e316630ebc4f,Poliklinika,635
5c8bdb89-116a-4d5d-9db1-9be443070380,4afd573d-abb7-4209-9b28-5c34811eb3ef,4062cd22-b67a-4235-9980-0178b7add592,Drama,917
4a95f1f8-a457-4dcf-bd1f-6307d4300ea0,0ff94f7b-275b-4cc4-bb27-e00842f5ad87,b56664c0-1dc1-42c5-b10b-52c3fb0dd042,Galjevica,491
73e6ef23-ef0c-41bf-9960-0e3078b94d23,f958cead-e4c3-4743-834d-46de4a06a8c9,9bb1ed3b-5a6f-43c7-afaf-ba2b60ca1a7a,Aškerčeva,705
d9df365b-7e54-4d22-b2e9-3b548d48ad59,d4fd9934-5253-4ab8-a779-3e9e2a30c5b7,N/A,N/A,4525
f07c916c-6fc6-4acf-a334-0ab0d3c4f57f,2e62f411-936d-4a10-96ed-2d8fe95d6d65,e7789f42-0ad7-44d1-974b-42a3f4957291,Strelišče,1320
4a90e424-11ab-43a8-b7e9-1c4f42fe2b7c,9cc88862-270a-409a-b450-e0003c7930af,4062cd22-b67a-4235-9980-0178b7add592,Drama,472
68075aa0-144c-4f6e-93ef-e93dfc35df78,c5527a65-5265-43de-b703-7c7d494d190c,b905ae6a-f1e1-4057-8923-481902ed5a8e,Konzorcij,2051
1c214818-5471-4d2a-a7b2-33464ffacdad,1dc99fbb-5496-4aab-a4b6-32e653ccc789,25ad5579-f6a0-4f35-a0c9-0678b41e9dde,Križanke,1698
d83ec579-9ab5-4e30-bedd-86613c234abd,c31b32c6-1ec2-48e9-9929-356fd0253540,25ad5579-f6a0-4f35-a0c9-0678b41e9dde,Križanke,1751
5c246f67-4431-4968-8d64-2ae4b823e360,27788b38-4743-4e04-9b9c-94faeeeb2d34,5d7f28a6-2a2a-4333-aa06-48edfb652f86,Pošta,459
022ef61f-a226-42e8-b11d-30cf9f9a6688,1ef524bd-2bf3-4c47-add3-044374897443,d72032c7-d4b0-4eee-a87c-593985a42266,Tobačna,466
7bcbdcaa-00b9-47d4-8982-09da26cd7bcb,639551cf-fe23-4363-8ccd-655bc5d4119e,25ad5579-f6a0-4f35-a0c9-0678b41e9dde,Križanke,255
1e4be02a-ac61-41bc-b9b5-1ef7850313ed,65e92ecc-800d-4962-a8bc-0f50f1107a5b,c124f317-217b-4b89-9597-393843de4f81,Nusdorferjeva,171
fd0e405e-d5e5-45fc-8911-e48a178ad4a9,e786b2df-34ed-4246-832e-7c3d538ac1f4,717c914e-f928-4671-95f6-26c1ddb95799,Cesta v Gorice,933
39650ca1-d08c-4645-ac1a-6aed84eb45c5,3f01eb40-651e-4fad-aff9-2ee27f259f64,33613e0e-f41c-4cee-804a-3942bf698e3e,Iški most,221
219086ca-bdcb-4092-bd82-3d372b9b73ce,68075aa0-144c-4f6e-93ef-e93dfc35df78,79d89180-8b07-4127-b7b4-1ac03d1cee9f,Kompas,373
075a6b29-66cb-409f-89fe-37d50669eff4,b59656a4-b6e7-4b87-977c-078c59088a50,1ce1c3a8-e0f6-4f90-b1aa-1448759d8b3c,Astra,70
f73d3fb2-082c-4518-8af2-45de5490df4e,5a2def68-fa57-4002-a942-e39bc2a87688,bea274aa-277a-403d-ab2f-a0342b28882e,Križanke,290
61926b26-d777-483f-ae79-86766c48793b,81b6f6ad-6dd6-4e3f-a0bd-754a65a3e57b,4062cd22-b67a-4235-9980-0178b7add592,Drama,2180
6e7cab20-d7e3-474f-9a5e-f1e0ca6fae53,16578e36-c682-4083-bd29-4973445dc0fe,fef200e9-4d98-425b-ab14-8110e2aa85d7,Drama,590
5560d06d-4058-473e-abba-099b05d7cf07,eba0daca-3696-4f72-a1dd-5f7b5fd02a63,N/A,N/A,4525
9afb36ea-c2ae-4bbb-9644-3a6c65bb1c7d,b6816891-4b0d-4bda-8e12-176194efaefe,25ad5579-f6a0-4f35-a0c9-0678b41e9dde,Križanke,1660
4b456495-fb29-4ff3-b48b-4090bc51514e,3866c761-7fa4-4a4a-b913-75569da498d9,c87db9be-1fba-4102-a743-0ee4317dd5af,Bavarski dvor,609
258aeffc-294a-4919-bfb0-34f90dc19892,a0e0a21b-b8ce-4d76-bbc2-04e179367fee,e66e813a-722d-40f8-9ee9-1470d07bc200,Tobačna,1984
f8da5156-e545-47ed-a811-2242f41f5593,a2947722-2e6f-48dd-9c31-ff36356676fa,192b7b6a-b138-4569-a4f3-86bef6b20810,Letališka,255
45b36327-9a1a-4cd5-8261-53217326b22f,3a50f545-2fe2-45a0-8ed6-01635603efed,fef200e9-4d98-425b-ab14-8110e2aa85d7,Drama,468
4a90e424-11ab-43a8-b7e9-1c4f42fe2b7c,075a6b29-66cb-409f-89fe-37d50669eff4,e66e813a-722d-40f8-9ee9-1470d07bc200,Tobačna,200
452bfd80-e8bd-470b-bc4a-981e1b37ffd7,61485a1f-73a8-4dac-bcc7-6e4e53eb4b0f,a719a87c-4e93-4387-a6d1-2631a487f7e0,Ajdovščina,477
2e62f411-936d-4a10-96ed-2d8fe95d6d65,d9224caa-d582-4152-88e0-be720677fe16,fef200e9-4d98-425b-ab14-8110e2aa85d7,Drama,138
45303500-8b0e-4779-9abd-433b5f8b2838,c71e1e0c-780a-4d46-8b33-09aebbbcfcd8,a719a87c-4e93-4387-a6d1-2631a487f7e0,Ajdovščina,951
c93954aa-7aad-4fca-9f7a-721d37f0474e,18d010ca-0244-4928-82cb-47af0836a1bb,25ad5579-f6a0-4f35-a0c9-0678b41e9dde,Križanke,303
eead721b-8996-4e73-a2f9-02dba20df4fa,53ec687a-6f0c-4bb7-b1b4-606e7dcfada9,5d7f28a6-2a2a-4333-aa06-48edfb652f86,Pošta,2343
154f3596-bbbb-4038-9ad7-c4b8b5288a02,2b223d0c-f8ec-4970-815c-bfe26c3ffc09,4062cd22-b67a-4235-9980-0178b7add592,Drama,86
404f8444-540d-4d82-a355-30a6a8bec797,ba681dbc-ea72-4685-ad98-c5ed496510e6,aa42017d-812a-4175-bc9b-0fec03b18931,Ambrožev trg,1001
b4634750-8d91-4625-b40d-1da9665e70f6,c86d5f37-52ee-4e3a-99b5-b9554118c4d5,12618339-2c2d-49ec-b0e0-2517c11991f8,Mirje,779
6a74977a-a26d-42b4-a60b-8dabc726e57d,030363e5-99a3-401f-96db-a16a340ace21,bea274aa-277a-403d-ab2f-a0342b28882e,Križanke,700
1c8efa00-4587-4efc-a10d-794e9d885857,b7834e14-7e86-4df5-83ce-006c93c31c00,N/A,N/A,4525
21764d19-62cc-49fd-bac9-403aeac6a6b9,c70ad4c4-6c37-4f31-83aa-921dc8bc15a4,f8da5156-e545-47ed-a811-2242f41f5593,Mercator,1100
fa96d420-d1af-4ad0-bf6a-4544deb1c5eb,d867fec1-5147-43db-b004-08d2797f50e3,25ad5579-f6a0-4f35-a0c9-0678b41e9dde,Križanke,14
34afe7f1-2d09-487f-983f-19c7dd5dae82,e2499103-6634-4d8e-87a8-68dc5ef6340c,087e50b6-7677-4a85-802f-5694266fe38b,Aškerčeva,369
a12cff7f-91e5-4f1e-be40-1a9b34ae792a,36d25599-0bed-48a0-bcb4-134be8a959fe,b905ae6a-f1e1-4057-8923-481902ed5a8e,Konzorcij,657
c0ff37c8-ac6c-4284-ad32-0ad29fd30dc2,65e92ecc-800d-4962-a8bc-0f50f1107a5b,5d7f28a6-2a2a-4333-aa06-48edfb652f86,Pošta,505
58cd6196-8ac4-4803-be8b-1c0d2fb52528,eefb30b4-8049-4128-89f5-bb359b1c93b0,25ad5579-f6a0-4f35-a0c9-0678b41e9dde,Križanke,561
4ec1b435-1683-4cd7-a4d0-688cc9f3b603,7bcbdcaa-00b9-47d4-8982-09da26cd7bcb,48e907fd-e868-47cd-8cac-74c7d4582944,Poljanska,695
3cb0ccbb-9b91-4d71-bd27-2acef732be4c,37fc313d-1f45-49c9-9059-4f96f44a6682,b829062a-2644-4350-b998-74522d9e85d8,Lutkovno gl.,506
0b6c7b97-410c-48fa-be23-430c316f9b10,10d57057-b305-4b7a-806b-3373014db962,8c7fa045-888b-46d0-8189-6f82623bf481,Poljanska,2310
c31b32c6-1ec2-48e9-9929-356fd0253540,4a95f1f8-a457-4dcf-bd1f-6307d4300ea0,fef200e9-4d98-425b-ab14-8110e2aa85d7,Drama,685
35dbaf26-2fa4-45c4-87fc-81d1ff13b005,a26d9a94-effb-45ab-a27f-74076e9e5bdd,25ad5579-f6a0-4f35-a0c9-0678b41e9dde,Križanke,1229
ef91fd44-5651-4fd4-b6f8-619fdef9da7b,65a6b01d-c9cf-4d4e-930c-5562156d7375,9b85d4b0-c594-4e0e-9ce2-d0986256c270,Tavčarjeva,987
b56664c0-1dc1-42c5-b10b-52c3fb0dd042,24df120e-0d0c-4353-8dda-c7ef0dc3dd5c,b589ddd3-5a31-4fe1-915f-44347b4c0a1a,Bratov Učakar,1437
8dde1a7b-e3ec-4675-8409-2a2c4ae696c7,7bcbdcaa-00b9-47d4-8982-09da26cd7bcb,c87db9be-1fba-4102-a743-0ee4317dd5af,Bavarski dvor,269
f0661242-947b-4937-a9ce-d2a135cd62a7,36d25599-0bed-48a0-bcb4-134be8a959fe,d9a82add-03d0-47d8-9f35-117b7a5ded44,Gerbičeva,1313
5a06b853-39a7-479d-ac40-fafa659fd896,4a90e424-11ab-43a8-b7e9-1c4f42fe2b7c,087e50b6-7677-4a85-802f-5694266fe38b,Aškerčeva,451
023d7b7a-b411-4e61-8746-b07f9e5c8f90,bbfc6d44-94da-4cfd-b22a-368a2b11ce20,a719a87c-4e93-4387-a6d1-2631a487f7e0,Ajdovščina,483
64ea9f57-1f7f-465e-8721-55e26faee36a,bb995fbb-29c8-4035-9503-ae33320833a8,ad966374-a37d-443a-9a3e-ec85ca28231f,Pod Rožnikom,1122
f1bc11ca-7516-447a-b826-7051c5306af7,9f6048f0-5c5e-4773-915e-4ee05d200e27,c5ec5e81-2ce4-452d-bd7a-595de4f8b34f,Prušnikova,105
8b5f91a6-23b7-4786-96f9-a80c6d668e18,3d0466c6-82f4-4a8e-ac5f-18d4dab794ac,a378ce5e-57ce-4c52-b219-568674b5cd5e,Gornji trg,445
e468b92f-fa4a-4819-bb11-37761deaf4ca,754e8f1f-a5ba-4281-8f31-fb3357744cd2,70c51140-f3ee-4c89-a6e2-ed74dab89148,Bilečanska,382
d08c4884-9764-447f-9b79-0ef7a645222f,eb11d52f-300b-4648-a2e8-ed03db9ff7e2,N/A,N/A,4525
2896bfa8-0586-4ed1-8d93-c5c6e1ff3d72,010c271e-49ca-45a5-91ac-8ba8d41ee7f3,a719a87c-4e93-4387-a6d1-2631a487f7e0,Ajdovščina,511
d4c51b31-46fd-4da8-ba15-8068e666d483,12304b99-9a07-485a-a101-eaca90495d48,17f7d178-41b3-41f9-a545-cbfc22a0a5f1,Nusdorferjeva,265
43e01b7e-be2c-4282-be1b-9f628ca67327,1f9fad8e-d59c-494c-bdd1-1983afacb755,fef200e9-4d98-425b-ab14-8110e2aa85d7,Drama,2166
f4e99ece-e89e-4322-80c6-5a91df65f64e,fac22b83-1bc0-4c12-8533-485b115409ef,a719a87c-4e93-4387-a6d1-2631a487f7e0,Ajdovščina,290
9746f277-af08-4cce-92fa-41da5eca8ac2,0810f07b-94d6-442f-b10d-bf8210c4ed47,ecc4ae87-ae08-4b94-995c-452fdd94df7f,Privoz,738
4b456495-fb29-4ff3-b48b-4090bc51514e,fb662324-f307-452f-9b00-0275dadfd382,639551cf-fe23-4363-8ccd-655bc5d4119e,Zmajski most,715
099976aa-17cc-45d3-add4-267985ab1533,c326e479-ccc3-4915-8788-3fa189d0143e,25ad5579-f6a0-4f35-a0c9-0678b41e9dde,Križanke,971
786a15d4-dd6b-42bb-a5c9-6ce994b5be9e,79a5bacd-8b59-4d83-99e8-26e3c5b1490b,5d7f28a6-2a2a-4333-aa06-48edfb652f86,Pošta,1378
d83ec579-9ab5-4e30-bedd-86613c234abd,a378ce5e-57ce-4c52-b219-568674b5cd5e,b905ae6a-f1e1-4057-8923-481902ed5a8e,Konzorcij,108
35aedf45-cca3-4f2f-931b-138d29d20fe9,8b5f91a6-23b7-4786-96f9-a80c6d668e18,627be449-8b6a-40f4-a57c-09ccdacccb66,Novo naselje,18
124ec397-421b-4737-bf71-09c9b1665a10,66eec6a2-dfde-4d98-b690-e47f200367fd,fef200e9-4d98-425b-ab14-8110e2aa85d7,Drama,465
80c65758-5f25-4003-8d55-10ff96fe8310,784bebe9-c0c7-46eb-943d-0b1808ffd5ac,eead721b-8996-4e73-a2f9-02dba20df4fa,Ilirska,366
627be449-8b6a-40f4-a57c-09ccdacccb66,ba59baf4-dd00-40a5-80e7-3eee6b9d8b09,9b85d4b0-c594-4e0e-9ce2-d0986256c270,Tavčarjeva,960
16ae0a39-ff9a-4aee-88b5-34502255fab4,5aeac892-889f-4c5a-8fde-67e6ac096242,bea274aa-277a-403d-ab2f-a0342b28882e,Križanke,639
277bc73c-e61d-4046-bcfd-31d6161c568e,5de6ff80-1352-43df-b5ec-1df59f2f492b,454817d3-3750-49c7-994c-14d06fd2c634,Žale,81
9a938b49-ce1d-4e1c-a789-e316630ebc4f,f1d7dbc8-d84b-4550-a3bd-e4748a677e9d,fef200e9-4d98-425b-ab14-8110e2aa85d7,Drama,170
548dbdee-83b0-497b-acc1-e15b34899d42,1f4702d4-6b02-4ad3-aa9b-118ff9aa3474,a719a87c-4e93-4387-a6d1-2631a487f7e0,Ajdovščina,143
aa42017d-812a-4175-bc9b-0fec03b18931,fdff5f9c-6c02-4fc1-a004-7032b17fa37a,a719a87c-4e93-4387-a6d1-2631a487f7e0,Ajdovščina,1077
f4e99ece-e89e-4322-80c6-5a91df65f64e,0df2ffa6-b1c8-44d0-900c-8b23b37794df,087e50b6-7677-4a85-802f-5694266fe38b,Aškerčeva,390
4c277b3f-c427-404b-ace3-2cd51656318f,e3321752-4498-4da3-801c-d54920b22eba,25ad5579-f6a0-4f35-a0c9-0678b41e9dde,Križanke,158
ba6f47bf-d346-4ccb-8669-13b974d863a6,b7834e14-7e86-4df5-83ce-006c93c31c00,fef200e9-4d98-425b-ab14-8110e2aa85d7,Drama,375
31e6db90-ba65-4c49-90c0-317fb92596b3,a9473958-e505-4c16-8498-486b06a47856,b905ae6a-f1e1-4057-8923-481902ed5a8e,Konzorcij,329
3c6ebf90-c611-4535-b2b0-22fba3f7649a,f33b721f-a8a3-4aad-96f2-077da09ebaa6,fef200e9-4d98-425b-ab14-8110e2aa85d7,Drama,203
995cbd67-507b-4c32-b794-0ff48e0a3de9,121b30dc-065b-4c76-aad2-a54a85c74d4d,bea274aa-277a-403d-ab2f-a0342b28882e,Križanke,1048
0c3a77a7-d9eb-45c7-b722-1fafde29129c,ad966374-a37d-443a-9a3e-ec85ca28231f,25ad5579-f6a0-4f35-a0c9-0678b41e9dde,Križanke,487
0fb83496-463c-4123-97c6-669efe614d26,b47eac47-d897-4ba7-ab06-8e642cc8efe8,a719a87c-4e93-4387-a6d1-2631a487f7e0,Ajdovščina,1561
454817d3-3750-49c7-994c-14d06fd2c634,c326e479-ccc3-4915-8788-3fa189d0143e,bea274aa-277a-403d-ab2f-a0342b28882e,Križanke,354
aa113271-655f-423f-ad7e-4cfaba2eb739,34ead609-4331-48ab-8e82-52dd70da9832,8f56b058-1ae3-44f5-8600-4330f2264d78,Privoz,1107
a33e6b1f-de56-43aa-9a52-f7064636ab79,8648bfde-9b0f-4a64-aced-fe63aa923879,c87db9be-1fba-4102-a743-0ee4317dd5af,Bavarski dvor,255
f5d8583f-6e9d-4996-b803-74bf3cd0b602,53ec687a-6f0c-4bb7-b1b4-606e7dcfada9,4062cd22-b67a-4235-9980-0178b7add592,Drama,455
c87db9be-1fba-4102-a743-0ee4317dd5af,754e8f1f-a5ba-4281-8f31-fb3357744cd2,fcccf4af-4f16-4edc-ba5a-585c434593fe,ZD Polje,92
eaad1ba5-14a4-494f-80ae-65294c29a962,03375155-45fb-4565-b392-2349fcb199ea,b905ae6a-f1e1-4057-8923-481902ed5a8e,Konzorcij,69
7484317c-269f-425f-8118-23eedab4e5f1,eb43a68a-54a5-4a37-b090-1329e2b4d830,27788b38-4743-4e04-9b9c-94faeeeb2d34,Pot heroja Trtnika,201
06e4802d-2c96-4556-bd95-35e0a2bb030c,cdee8be6-e02c-4fb5-9752-be1bac08d90d,N/A,N/A,4525
aaedd82f-0c53-425d-92cf-96e50bd20518,d9224caa-d582-4152-88e0-be720677fe16,25ad5579-f6a0-4f35-a0c9-0678b41e9dde,Križanke,1305
557f714a-6f4a-4c98-8c5a-d74fa34b2adb,8a5febd6-d44a-4c98-a221-46044548663d,5d7f28a6-2a2a-4333-aa06-48edfb652f86,Pošta,489
dadea785-0c6b-4054-9882-37227de3df4b,44e58cea-6c90-467f-baf2-22ac161daafb,639551cf-fe23-4363-8ccd-655bc5d4119e,Zmajski most,480
2d6504e9-c938-417e-9b55-32d6514bc744,2c46416a-d66e-469c-a342-898a93f5b2f0,47a3bd8a-72ae-4e20-b43f-10bfaf49012c,Ob sotočju,547
43df2657-d56f-4fc4-8c40-49180cbbe90c,6a74977a-a26d-42b4-a60b-8dabc726e57d,3429cda2-6047-453c-bf54-952dfa6674c0,Klinični center,1439
7c166e7c-6fe0-44bd-b124-0013473f227a,e786b2df-34ed-4246-832e-7c3d538ac1f4,4062cd22-b67a-4235-9980-0178b7add592,Drama,3126
938c9405-72bb-4acd-bace-a75abcf2f9cb,ae3f312a-4242-4a42-8df2-5990505a7747,25ad5579-f6a0-4f35-a0c9-0678b41e9dde,Križanke,224
52407970-4547-4323-a632-8db4ed0b040f,2edaabef-ed43-4b87-ba95-a5600c33250f,fef200e9-4d98-425b-ab14-8110e2aa85d7,Drama,2535
7558099b-08a3-43bc-8056-49bcc5900a03,eee4abae-e720-4776-b6c7-0099d0119246,4062cd22-b67a-4235-9980-0178b7add592,Drama,296
eee355cc-98a1-4f25-8bf9-0100856eda6e,c71e1e0c-780a-4d46-8b33-09aebbbcfcd8,b905ae6a-f1e1-4057-8923-481902ed5a8e,Konzorcij,1438
aa113271-655f-423f-ad7e-4cfaba2eb739,0df2ffa6-b1c8-44d0-900c-8b23b37794df,6559d555-672b-4633-8a81-0ae68fb963eb,ZD POLJE,324
9cd1e7f8-8ccf-4469-bc25-25d138605c67,6340ea93-391e-45b9-94b0-56d1d7c87e20,9cfac7e2-9653-4e52-a6d3-27756d27f817,Kino Šiška,451
ab4e1412-1ac4-4864-8833-c1ddf48bec20,52c437c8-73ae-4db5-ac31-8e7cf5104826,N/A,N/A,4525
d06c6c8a-c136-4b7a-9c13-b26ba0c04029,befe0e87-b5fe-41ff-9a77-f65461eff28d,592b37eb-8255-4758-ae8a-7cef98521013,Rogovilc,1224
1aa7e441-8646-4d1d-88bd-ab004758ffc4,3d9e90f6-2b67-4f24-9cc4-7c2063a08410,b59656a4-b6e7-4b87-977c-078c59088a50,Hajdrihova,136
d119c3e9-7f2c-4d40-97a4-ccc6b4bb2951,62feeb73-9af7-43ee-8714-1b435ec20263,318d4398-e152-498b-b4ff-1344c67adba6,Razstavišče,770
cd5497dc-20a4-40b3-9adf-b380de5d9f16,d9a82add-03d0-47d8-9f35-117b7a5ded44,b905ae6a-f1e1-4057-8923-481902ed5a8e,Konzorcij,192
d07152fd-014c-481b-a5f2-8949066499e8,8561e9fb-03e0-46f1-802d-b376d26a8ea5,N/A,N/A,4525
6afef238-01cd-4ad0-859d-2056b5d4a63f,b829062a-2644-4350-b998-74522d9e85d8,ee7e3c65-72e8-465e-a9a3-a9370ec1f314,Vevče Papirnica,91
912792ae-7f7e-4295-8064-38ea96a5dc4a,332abe37-33b8-4142-9edd-4ebd9e52eaf7,N/A,N/A,4525
4682c5fd-08cb-4af1-a3e2-6f1ee880a52d,896f7627-7c1c-4742-a40a-6aadb85fe206,a719a87c-4e93-4387-a6d1-2631a487f7e0,Ajdovščina,235
c5ec5e81-2ce4-452d-bd7a-595de4f8b34f,5d1e404b-1606-457e-8d2b-4e3e80139532,25cde952-4896-4977-b229-75e09b3e3661,Chengdujska,589
79325942-629a-4766-a34a-525f8edf8cc5,9f6048f0-5c5e-4773-915e-4ee05d200e27,b905ae6a-f1e1-4057-8923-481902ed5a8e,Konzorcij,569
16ae0a39-ff9a-4aee-88b5-34502255fab4,27788b38-4743-4e04-9b9c-94faeeeb2d34,a719a87c-4e93-4387-a6d1-2631a487f7e0,Ajdovščina,331
21764d19-62cc-49fd-bac9-403aeac6a6b9,87785aa3-128e-4f15-82b0-d8c3cfa6076f,4062cd22-b67a-4235-9980-0178b7add592,Drama,73
4b456495-fb29-4ff3-b48b-4090bc51514e,f1fd2bad-eba9-4046-a7b9-34e8d1d423f5,bd1a0fbd-1593-4552-a76f-681c59333d6b,Savsko naselje,227
fa96d420-d1af-4ad0-bf6a-4544deb1c5eb,a12ab184-fb4b-449f-9884-88e0a1672e64,fef200e9-4d98-425b-ab14-8110e2aa85d7,Drama,36
eb11d52f-300b-4648-a2e8-ed03db9ff7e2,bdd68b01-e9a1-4270-be50-8b5c7bd39a1c,N/A,N/A,4525
21a5f1e3-8ac0-4023-95ca-0a3ff54099aa,aa9cc3b9-7c6c-4e45-b91a-1e0494fbf15e,f4cfd904-bd11-4247-95df-32c4555a930f,Klinični center,1425
62feeb73-9af7-43ee-8714-1b435ec20263,eaad1ba5-14a4-494f-80ae-65294c29a962,a719a87c-4e93-4387-a6d1-2631a487f7e0,Ajdovščina,148
f2fc2702-e9da-4c36-b6fc-9f52199e4574,a6fde748-bb91-465c-8665-20cbaed7df19,N/A,N/A,4525
ee3713fe-016c-47eb-96d1-f760c9d19010,3f0c15b3-99bd-4c12-8f7a-df06c9536526,1b3ddeca-a066-43ee-9ae5-8339628129c2,Žale,566
9583dbdd-06fd-411e-88dd-af8f89e2caaa,ccccee29-6fc7-4a86-b492-7f36a8e817db,N/A,N/A,4525
c568fe2e-477f-4af2-ad68-cb8111f361d0,ee837fd9-7a5c-4f14-bbd7-a46f14eb07c5,b905ae6a-f1e1-4057-8923-481902ed5a8e,Konzorcij,283
3f0c15b3-99bd-4c12-8f7a-df06c9536526,0c5f69a6-97c7-4053-bc0b-3f09dbf72f46,b905ae6a-f1e1-4057-8923-481902ed5a8e,Konzorcij,1023
7962e05c-ad8c-43e4-9db4-4b90f0c94596,d27a7320-71d6-48bc-a4f5-0f3e239575b8,9bb1ed3b-5a6f-43c7-afaf-ba2b60ca1a7a,Aškerčeva,215
2d42d8e2-26a8-4a74-809c-f436d05c8a54,f8da5156-e545-47ed-a811-2242f41f5593,fef200e9-4d98-425b-ab14-8110e2aa85d7,Drama,118
6afef238-01cd-4ad0-859d-2056b5d4a63f,c5527a65-5265-43de-b703-7c7d494d190c,5d7f28a6-2a2a-4333-aa06-48edfb652f86,Pošta,203
824255dc-9be8-4f7b-9b69-2bd4e5a3fc27,96d4c75b-6452-4c70-a31e-c234262ba38b,5d7f28a6-2a2a-4333-aa06-48edfb652f86,Pošta,248
ef005e77-f3b8-4171-b681-1294d0e4732b,76ec8af8-07c2-4d44-b0d8-a439d381913f,fef200e9-4d98-425b-ab14-8110e2aa85d7,Drama,1110
9cb18d2e-9bf3-436a-ab3a-7c52c5de1300,223f660b-c391-4120-bf3c-7bf06781686b,8c7fa045-888b-46d0-8189-6f82623bf481,Poljanska,240
95eee7e8-237d-4410-a9bf-00c6f88129c1,b698a890-05b8-40f6-a3a6-4f4c0a820f97,N/A,N/A,4525
48b163cd-b819-4849-aee1-8b1da77657ab,b60d686c-3b89-447c-93f6-2837d9af3d02,fef200e9-4d98-425b-ab14-8110e2aa85d7,Drama,896
b5e26d7f-8a91-4360-9811-2e8e05d27382,163da3ae-0ab9-480e-b72d-16357e0a9061,484b5c91-1220-43ba-af79-84e712fcc46b,Slovenija avto,1750
ba681dbc-ea72-4685-ad98-c5ed496510e6,66eec6a2-dfde-4d98-b690-e47f200367fd,093afa81-b65f-4182-bac3-afbc00558a9b,Koseze,859
2c46416a-d66e-469c-a342-898a93f5b2f0,d7384760-d854-492d-87af-f342cab37fc1,0bb103e4-c4a6-4c4c-a13d-217ab4e6dfd3,Cesta na Vevče,416
b4ffcb65-e60f-478d-806b-e7ae83f1a39d,53f8224f-99e5-4c34-9f77-3621bbe9ce99,454817d3-3750-49c7-994c-14d06fd2c634,Žale,613
da656f17-9723-4cbe-a008-823cbad17c28,eee355cc-98a1-4f25-8bf9-0100856eda6e,f2fc2702-e9da-4c36-b6fc-9f52199e4574,Rakovnik,2394
7c166e7c-6fe0-44bd-b124-0013473f227a,4ac86a6a-874d-41a7-92a5-64ed733b7734,81f21fc1-3bd2-4d2a-b563-2d063479c68e,Štepanja vas,156
d861c2ce-106a-4b95-a4fc-2af355c0bbf0,d5102041-8282-4c77-a593-edac0d0d4a34,a719a87c-4e93-4387-a6d1-2631a487f7e0,Ajdovščina,1537
66012072-6b6b-4775-8001-0887d18e09a3,ff1f708c-989e-4cc5-8e75-02717b5f9744,4062cd22-b67a-4235-9980-0178b7add592,Drama,580
e0bcd677-6012-4c90-a884-44dffafdffec,dc7b6fb3-15db-4c7e-9fa1-424943178ce6,a719a87c-4e93-4387-a6d1-2631a487f7e0,Ajdovščina,131
6324e337-5778-492a-9e9c-57e3ad5c4710,da834a23-5697-49bb-b3a1-7f277c8206bc,f784b27a-1509-4eec-bd52-6beee2b9530b,Kamnogoriška,2221
c969f066-aab5-466d-b4db-48e651a4a12e,e9089f7d-853e-4375-8ecb-0db96fcc60e6,4f21a18a-3cb0-4c6c-bb92-e7c8945fac1c,Bratov Učakar,1413
f1bc11ca-7516-447a-b826-7051c5306af7,cf94d70f-d211-4625-9037-014514562aa9,9b85d4b0-c594-4e0e-9ce2-d0986256c270,Tavčarjeva,905
7fdce743-a4be-44d7-8658-0a259a18ad30,02c61e3f-2d2e-4b42-b695-bbd3cc672f6b,807c11ba-4b3a-4e2b-82b5-abf5864fa4bc,Pot na Fužine,120
e8b0d4a2-f65e-4aed-97b8-77ab0d07955a,97d3e896-2af7-40f9-bfbf-59cf3fcbf93a,b905ae6a-f1e1-4057-8923-481902ed5a8e,Konzorcij,810
c969f066-aab5-466d-b4db-48e651a4a12e,b4b30b45-445a-4f70-bdf5-5ea7cdc98583,bea274aa-277a-403d-ab2f-a0342b28882e,Križanke,259
baab981f-b707-4b2e-8291-6175f7ceb255,af820908-f71f-4c46-82c2-e7616f9c21fb,4062cd22-b67a-4235-9980-0178b7add592,Drama,420
cad3370f-7a28-4a47-8d5a-187adab3ca21,0df2ffa6-b1c8-44d0-900c-8b23b37794df,ba6f47bf-d346-4ccb-8669-13b974d863a6,Križišče Sostro,501
4abe5e63-5707-4ef0-acda-ab2c52749afe,9b4a7d21-709f-4462-b602-c77d975df9e7,087e50b6-7677-4a85-802f-5694266fe38b,Aškerčeva,389
1e4be02a-ac61-41bc-b9b5-1ef7850313ed,d9f26e1a-77fc-48b0-a024-93fd38eb88a4,8c7fa045-888b-46d0-8189-6f82623bf481,Poljanska,199
9b85d4b0-c594-4e0e-9ce2-d0986256c270,397418bc-78a7-45c9-b5cf-374fe21cee11,557f714a-6f4a-4c98-8c5a-d74fa34b2adb,Hrvatski trg,92
f2bac6f5-5bbc-4f15-acdd-014d86770ce9,7411cd45-83d2-40e6-89f6-5a0995e409cb,N/A,N/A,4525
6a0b25cc-428e-47b5-831a-e89facfa7f26,27788b38-4743-4e04-9b9c-94faeeeb2d34,c124f317-217b-4b89-9597-393843de4f81,Nusdorferjeva,525
9e0942f3-2c18-4891-9b51-9d95cc43af7a,8512e1be-4637-483b-a3e6-78ccc6d2c5b1,48e907fd-e868-47cd-8cac-74c7d4582944,Poljanska,761
d7384760-d854-492d-87af-f342cab37fc1,16d19639-a788-4df6-a168-6f8c3652ded7,51dbf10f-cf3b-4575-a8cc-d1080c1f9dde,Silos,514
87785aa3-128e-4f15-82b0-d8c3cfa6076f,f4c5028b-48a4-4d0e-a91c-81a858923ddd,295616c0-387b-4f60-a337-7743cd6be04e,Bavarski dvor,336
d8289ab1-f65d-4b3d-8b4b-55ada004f023,397418bc-78a7-45c9-b5cf-374fe21cee11,9a938b49-ce1d-4e1c-a789-e316630ebc4f,Poliklinika,54
390d166c-b2fe-486c-bba5-38cd1ff64f48,c93954aa-7aad-4fca-9f7a-721d37f0474e,a719a87c-4e93-4387-a6d1-2631a487f7e0,Ajdovščina,767
9bb1ed3b-5a6f-43c7-afaf-ba2b60ca1a7a,d3283222-38a9-40e2-a485-180d1a33067c,25ad5579-f6a0-4f35-a0c9-0678b41e9dde,Križanke,621
9bd3ee10-bc61-44e8-8cf3-a37cffd54da0,9e109242-5aad-4fb7-b0c8-576eef8aa4e0,3429cda2-6047-453c-bf54-952dfa6674c0,Klinični center,771
698551c1-7bb2-4f7e-9701-23b7667e8594,aa9cc3b9-7c6c-4e45-b91a-1e0494fbf15e,4062cd22-b67a-4235-9980-0178b7add592,Drama,391
8441d439-8d1d-40b8-b3d5-7b9c56848b43,d98335a0-1291-4d4c-be62-16b11c356575,bea274aa-277a-403d-ab2f-a0342b28882e,Križanke,321
10449641-799e-4ee4-a712-a6e3a9aefc27,d861c2ce-106a-4b95-a4fc-2af355c0bbf0,25ad5579-f6a0-4f35-a0c9-0678b41e9dde,Križanke,597
7bcbdcaa-00b9-47d4-8982-09da26cd7bcb,d9224caa-d582-4152-88e0-be720677fe16,5cc8a08d-c0af-491f-9a9c-b8b4f5f23bc0,BTC-Emporium,235
acedfed0-a3ba-4fa3-8cd6-910783961f0a,4ec1b435-1683-4cd7-a4d0-688cc9f3b603,5fa77d25-e7a3-42db-8cc9-52b612d5de19,Preglov trg,735
548dbdee-83b0-497b-acc1-e15b34899d42,39b60288-c9ac-4bc2-825b-524dec52182d,bea274aa-277a-403d-ab2f-a0342b28882e,Križanke,1638
7554bb81-1144-4263-999d-f6e358d808fe,2896bfa8-0586-4ed1-8d93-c5c6e1ff3d72,1c0ae078-cca7-40c8-aeda-1187a12ddfee,Remiza,610
21a5f1e3-8ac0-4023-95ca-0a3ff54099aa,d2f9bbec-4b03-49a8-af83-afe65fe07a0e,b829062a-2644-4350-b998-74522d9e85d8,Lutkovno gl.,3337
60ccc570-3714-410b-aa31-43d3a4c593c8,2bf898b0-1247-4e84-87e2-2e044e580c8f,7fa32ea0-e884-435a-a81c-51bbd5cedf3e,Zaloška,6
d98335a0-1291-4d4c-be62-16b11c356575,930fed8f-1d4d-40c6-9a3b-53697263a0f2,4062cd22-b67a-4235-9980-0178b7add592,Drama,55
52407970-4547-4323-a632-8db4ed0b040f,62d0c5a7-1692-43ef-b6e2-31f514362629,5d7f28a6-2a2a-4333-aa06-48edfb652f86,Pošta,285
5560d06d-4058-473e-abba-099b05d7cf07,e9382efd-d64d-46b0-9a7d-a4e6a0188725,3429cda2-6047-453c-bf54-952dfa6674c0,Klinični center,1109
48e907fd-e868-47cd-8cac-74c7d4582944,233daca5-913b-4e10-bf34-18b1c8c77019,a719a87c-4e93-4387-a6d1-2631a487f7e0,Ajdovščina,519
548dbdee-83b0-497b-acc1-e15b34899d42,35aedf45-cca3-4f2f-931b-138d29d20fe9,557f714a-6f4a-4c98-8c5a-d74fa34b2adb,Hrvatski trg,912
68c65382-15dc-465c-96b5-7f27af9d4a63,5560d06d-4058-473e-abba-099b05d7cf07,9b85d4b0-c594-4e0e-9ce2-d0986256c270,Tavčarjeva,887
9b0074d2-2c92-4c01-830b-00be8e05b412,db9f7130-0bc2-4f3e-b8cd-07cfe96b1f8f,9b85d4b0-c594-4e0e-9ce2-d0986256c270,Tavčarjeva,11
e0f10330-ad34-453d-baf4-d6c601cb6cf8,785ad018-d0fe-4628-b188-15f6dc71b38e,a9796806-8cd3-4b76-bf8c-4340aec35c9e,Lutkovno gl.,978
5f2b93f1-7933-45ed-915c-4488ab8d81b7,28248670-5e08-4de2-8eab-e63933c0d61d,fef200e9-4d98-425b-ab14-8110e2aa85d7,Drama,738
2188a1bc-ce7a-4450-bd4f-871538578244,28248670-5e08-4de2-8eab-e63933c0d61d,a719a87c-4e93-4387-a6d1-2631a487f7e0,Ajdovščina,2157
6a0b25cc-428e-47b5-831a-e89facfa7f26,48507e1a-32df-4552-9448-3b345760b75f,f073b9d9-a3e3-4d04-a209-0db55377b79e,Zmajski most,622
7294875b-8482-484a-b04d-95b921612001,3c143688-247f-41cc-960d-f5e37b874c3a,b905ae6a-f1e1-4057-8923-481902ed5a8e,Konzorcij,296
acedfed0-a3ba-4fa3-8cd6-910783961f0a,d6ae97e7-23b5-48d6-a9fa-2a2624e9f434,39b60288-c9ac-4bc2-825b-524dec52182d,Goričane kopališče,1
53806659-b339-4e68-af4a-4325c16b6026,d4c51b31-46fd-4da8-ba15-8068e666d483,557f714a-6f4a-4c98-8c5a-d74fa34b2adb,Hrvatski trg,752
2e6c059c-0305-47bb-9ca8-00a2123039e9,795c157e-21e0-4115-85aa-93c227e3420f,fef200e9-4d98-425b-ab14-8110e2aa85d7,Drama,432
0b9c5011-4f2d-4753-914f-500532b0dbeb,d5961b09-f5e8-4a0b-9bbb-2515ff0a8376,N/A,N/A,4525
c0ff37c8-ac6c-4284-ad32-0ad29fd30dc2,5b59d508-0860-4f50-b5ab-72a79046b488,6a0b25cc-428e-47b5-831a-e89facfa7f26,Ziherlova,648
6bc92f4c-414c-456b-9150-d58a7689d26e,55f1ae46-11e5-4270-991f-f09dae6c58bf,087e50b6-7677-4a85-802f-5694266fe38b,Aškerčeva,816
c5ec5e81-2ce4-452d-bd7a-595de4f8b34f,f07c916c-6fc6-4acf-a334-0ab0d3c4f57f,4062cd22-b67a-4235-9980-0178b7add592,Drama,979
e74131c6-ac2f-477b-9693-10bb5ab9f24b,e9035f9a-28be-450a-a30c-7178134ff26b,N/A,N/A,4525
aaedd82f-0c53-425d-92cf-96e50bd20518,26d86ffa-b8df-49aa-a9c0-5fa7d3cfba77,9b0074d2-2c92-4c01-830b-00be8e05b412,Cukrarna,1510
af820908-f71f-4c46-82c2-e7616f9c21fb,a2ce7e6f-0f99-443a-a973-81a0b9c60261,12618339-2c2d-49ec-b0e0-2517c11991f8,Mirje,2100
a769d1e9-8727-4190-b56c-5cdd8a49333d,2d42d8e2-26a8-4a74-809c-f436d05c8a54,fef200e9-4d98-425b-ab14-8110e2aa85d7,Drama,550
ef005e77-f3b8-4171-b681-1294d0e4732b,6bd46cb7-9e5d-453a-878a-bcc38fb2a5f2,e57aad1d-457e-401f-b26d-306b4fd836eb,Kašeljska,318
7d628170-e2eb-47fd-9d3e-658acf78d7d3,edc8bf1d-d4f1-4c5b-8112-e4fa71a02bae,N/A,N/A,4525
6bc92f4c-414c-456b-9150-d58a7689d26e,eec159d0-4b1b-4706-9a5d-a00ddcbea9f5,fef200e9-4d98-425b-ab14-8110e2aa85d7,Drama,2099
2f874852-bc80-4ff3-b6bf-a914e31251c8,eb669f04-cfb6-4ea4-90c9-26eb551ecb45,4062cd22-b67a-4235-9980-0178b7add592,Drama,65
9cc88862-270a-409a-b450-e0003c7930af,baab981f-b707-4b2e-8291-6175f7ceb255,4062cd22-b67a-4235-9980-0178b7add592,Drama,2139
548a85bd-f15f-427b-ad90-43cb50e9e31a,31e6db90-ba65-4c49-90c0-317fb92596b3,5d7f28a6-2a2a-4333-aa06-48edfb652f86,Pošta,1213
2896bfa8-0586-4ed1-8d93-c5c6e1ff3d72,eefb30b4-8049-4128-89f5-bb359b1c93b0,a719a87c-4e93-4387-a6d1-2631a487f7e0,Ajdovščina,967
041e08cc-b1bd-4f2c-aa4e-a9aaf2837a28,454817d3-3750-49c7-994c-14d06fd2c634,4062cd22-b67a-4235-9980-0178b7add592,Drama,568
075a6b29-66cb-409f-89fe-37d50669eff4,81f21fc1-3bd2-4d2a-b563-2d063479c68e,25ad5579-f6a0-4f35-a0c9-0678b41e9dde,Križanke,911
4c08e174-6890-4c5d-9eec-15686971f909,67c3adc1-a92d-4528-91ee-77d8b52574c6,N/A,N/A,4525
cf22c7c2-776f-4bd7-ae1a-dc4f25983c19,69f98a9c-d52d-423a-b44e-89b6320a7a88,15c71406-72b5-4681-8b1a-29eb30eb3f76,Kristalna palača,202
4a95f1f8-a457-4dcf-bd1f-6307d4300ea0,c9b2488c-cca9-4b84-83cb-638ef545c851,fef200e9-4d98-425b-ab14-8110e2aa85d7,Drama,43
d4c25d68-c340-431b-a646-7680fe0cefee,627be449-8b6a-40f4-a57c-09ccdacccb66,b905ae6a-f1e1-4057-8923-481902ed5a8e,Konzorcij,382
cdee8be6-e02c-4fb5-9752-be1bac08d90d,76f20fbf-afc4-4c7d-b51c-14f0878b38d8,b905ae6a-f1e1-4057-8923-481902ed5a8e,Konzorcij,79
48e907fd-e868-47cd-8cac-74c7d4582944,c22879e5-8e90-4540-9a74-5f139208e492,3429cda2-6047-453c-bf54-952dfa6674c0,Klinični center,8
d7d791d9-02e0-4369-be0c-1546fc2044a4,baab981f-b707-4b2e-8291-6175f7ceb255,306dcdea-b1ce-4357-ba5e-fa82293630df,Kolodvor,817
37fc313d-1f45-49c9-9059-4f96f44a6682,fb662324-f307-452f-9b00-0275dadfd382,6c56976b-4ae1-429f-bcab-0cfc37e3580d,Zgornji log,160
f4c5028b-48a4-4d0e-a91c-81a858923ddd,7ba233b7-a50a-497d-8135-dd8dabf93ff5,fef200e9-4d98-425b-ab14-8110e2aa85d7,Drama,1517
d0790612-d161-4be4-953d-a7a0c33acf1e,88cdd36c-03d2-4374-a22f-110dd9f75ea0,ecc4ae87-ae08-4b94-995c-452fdd94df7f,Privoz,136
2beb7011-982a-4349-be22-addf1c3bdec7,08f2fb98-afdf-4961-b419-1bca7f5568ab,087e50b6-7677-4a85-802f-5694266fe38b,Aškerčeva,1689
01bc5983-63a7-4184-9986-32e5a5320684,452bfd80-e8bd-470b-bc4a-981e1b37ffd7,4062cd22-b67a-4235-9980-0178b7add592,Drama,328
7c37b809-4d6d-497c-a53d-38663e91c088,10d57057-b305-4b7a-806b-3373014db962,b905ae6a-f1e1-4057-8923-481902ed5a8e,Konzorcij,416
a26d9a94-effb-45ab-a27f-74076e9e5bdd,d5102041-8282-4c77-a593-edac0d0d4a34,9b0074d2-2c92-4c01-830b-00be8e05b412,Cukrarna,2274
06e4802d-2c96-4556-bd95-35e0a2bb030c,2bf898b0-1247-4e84-87e2-2e044e580c8f,N/A,N/A,4525
ef91fd44-5651-4fd4-b6f8-619fdef9da7b,5de84f88-3f32-4636-8c30-03cc267ecf37,25ad5579-f6a0-4f35-a0c9-0678b41e9dde,Križanke,137
4f21a18a-3cb0-4c6c-bb92-e7c8945fac1c,ed50f692-09f9-409e-b7d6-05ff7711de6b,4062cd22-b67a-4235-9980-0178b7add592,Drama,194
db046e79-c658-433c-8812-157fd965a9f6,bd1a0fbd-1593-4552-a76f-681c59333d6b,6182f8e8-c45e-4606-b4a4-d909bd44d2cc,Gornji trg,227
61926b26-d777-483f-ae79-86766c48793b,a2f479c6-4c21-4923-b4ac-86f752507cee,N/A,N/A,4525
53f8224f-99e5-4c34-9f77-3621bbe9ce99,d7a59d1b-dfe1-4fbb-96fc-14443b077516,a719a87c-4e93-4387-a6d1-2631a487f7e0,Ajdovščina,1240
5fa77d25-e7a3-42db-8cc9-52b612d5de19,505865ea-cdea-4042-bdb2-b2f4f03889cb,55f1ae46-11e5-4270-991f-f09dae6c58bf,Kodeljevo,66
3203d037-a222-4092-8dd6-e8dfcd49a2c9,4c08e174-6890-4c5d-9eec-15686971f909,N/A,N/A,4525
29589594-5959-4efb-8dda-7348e4e500a0,76f20fbf-afc4-4c7d-b51c-14f0878b38d8,9cfac7e2-9653-4e52-a6d3-27756d27f817,Kino Šiška,238
70c51140-f3ee-4c89-a6e2-ed74dab89148,31e6db90-ba65-4c49-90c0-317fb92596b3,5d7f28a6-2a2a-4333-aa06-48edfb652f86,Pošta,338
3866c761-7fa4-4a4a-b913-75569da498d9,e90a68ac-02be-418f-8937-b9f1906274f2,N/A,N/A,4525
9f01f25f-9a5b-459a-96da-222ef81faf51,d867fec1-5147-43db-b004-08d2797f50e3,5d7f28a6-2a2a-4333-aa06-48edfb652f86,Pošta,265
69f98a9c-d52d-423a-b44e-89b6320a7a88,c0a064eb-b507-43c2-a6d2-0e9c5881f031,379bc761-04b5-4227-be76-3b870fe3e69f,Pot na Fužine,323
29589594-5959-4efb-8dda-7348e4e500a0,caac4c1a-13e4-4afa-b467-65d90a8fbd44,47637057-8d6a-4cf9-bd56-3ac90748fcc4,Barje,1246
c3534bc6-7bfd-43be-b46a-2b0fced57ab8,e9d9f622-7394-4c5c-9031-a41855a64aa7,fef200e9-4d98-425b-ab14-8110e2aa85d7,Drama,1192
dc6b96b1-d0fa-4d03-ac2b-8eba5bb97ba2,ba59baf4-dd00-40a5-80e7-3eee6b9d8b09,659ee31d-ae12-4498-8507-28579d322e32,Vič Glince,380
087e50b6-7677-4a85-802f-5694266fe38b,db9f7130-0bc2-4f3e-b8cd-07cfe96b1f8f,8f56b058-1ae3-44f5-8600-4330f2264d78,Privoz,634
b9edd39a-4f64-4553-869e-bb77e617b9b8,25ad5579-f6a0-4f35-a0c9-0678b41e9dde,bea274aa-277a-403d-ab2f-a0342b28882e,Križanke,699
9583dbdd-06fd-411e-88dd-af8f89e2caaa,5d91512b-af7f-4bbe-9dde-17f402fbf590,5d7f28a6-2a2a-4333-aa06-48edfb652f86,Pošta,403
34f3ddda-e732-4b53-bfb2-8773b5cd6eac,295616c0-387b-4f60-a337-7743cd6be04e,f4cfd904-bd11-4247-95df-32c4555a930f,Klinični center,386
7fcb0952-c77f-44b5-adf3-0aa2a2b8550a,1aa7e441-8646-4d1d-88bd-ab004758ffc4,4062cd22-b67a-4235-9980-0178b7add592,Drama,980
cddb3822-7daf-4cae-9cc3-6b191e81326b,6bd46cb7-9e5d-453a-878a-bcc38fb2a5f2,25ad5579-f6a0-4f35-a0c9-0678b41e9dde,Križanke,350
b60d686c-3b89-447c-93f6-2837d9af3d02,9cfac7e2-9653-4e52-a6d3-27756d27f817,aa42017d-812a-4175-bc9b-0fec03b18931,Ambrožev trg,763
698551c1-7bb2-4f7e-9701-23b7667e8594,7eb88e01-82e9-4af4-84d0-69c6ea9dc82c,af2956ba-d922-4ec4-bfa7-b623c29e8b3e,Kompas,94
c71e1e0c-780a-4d46-8b33-09aebbbcfcd8,4c08e174-6890-4c5d-9eec-15686971f909,N/A,N/A,4525
73e6ef23-ef0c-41bf-9960-0e3078b94d23,8375ab17-e389-42b2-9b88-0210a049e321,b905ae6a-f1e1-4057-8923-481902ed5a8e,Konzorcij,1031
15af3c66-ad74-4f41-92f7-92e2ff72a51d,98a94a2a-894f-4ff0-9967-1dd986bf0cfd,bea274aa-277a-403d-ab2f-a0342b28882e,Križanke,341
452f2b51-98fb-4a7c-bb0a-44577eb5e12b,48b163cd-b819-4849-aee1-8b1da77657ab,cab36767-e95a-4f60-978e-92490f2517b2,Hrvatski trg,1588
8512e1be-4637-483b-a3e6-78ccc6d2c5b1,c20233f2-94bc-4c21-9d2a-9b129b668487,ef91fd44-5651-4fd4-b6f8-619fdef9da7b,Hajdrihova,856
8a224b7d-24ae-4c7b-8318-f66ac8cc078b,c31b32c6-1ec2-48e9-9929-356fd0253540,daf172e0-4dd9-4d5b-8287-67ad2034bced,Stadion,535
2beb7011-982a-4349-be22-addf1c3bdec7,390d166c-b2fe-486c-bba5-38cd1ff64f48,9276fcfb-0f7e-4df3-b827-325600851526,Topniška,682
c31b32c6-1ec2-48e9-9929-356fd0253540,eba0daca-3696-4f72-a1dd-5f7b5fd02a63,N/A,N/A,4525
8d5e4aed-59fb-47c9-8559-5bf11b7ddca0,d5d15a80-243b-49d7-a616-b3c3fb39e8af,4bd4913f-8597-4ea0-b219-4e9b15dcbb62,Jarše,751
2e6c059c-0305-47bb-9ca8-00a2123039e9,8eeea585-6168-45b8-a5d4-336e61826043,fef200e9-4d98-425b-ab14-8110e2aa85d7,Drama,560
666e98e1-4a23-4204-a3e6-99110f8b3153,7c37b809-4d6d-497c-a53d-38663e91c088,7a52a73a-cc0e-4c61-b9bc-306157727e1c,Tržnica Moste,159
5f6cb902-b824-4961-9ac2-75cf44a47055,b56664c0-1dc1-42c5-b10b-52c3fb0dd042,557f714a-6f4a-4c98-8c5a-d74fa34b2adb,Hrvatski trg,207
397418bc-78a7-45c9-b5cf-374fe21cee11,2f874852-bc80-4ff3-b6bf-a914e31251c8,9bb1ed3b-5a6f-43c7-afaf-ba2b60ca1a7a,Aškerčeva,259
093afa81-b65f-4182-bac3-afbc00558a9b,259de009-1345-4169-920b-baeaceade993,639551cf-fe23-4363-8ccd-655bc5d4119e,Zmajski most,310
7e780e7f-3665-4ec7-a910-eaf6e9d82551,567980fa-7783-411d-9c67-55b44d753880,16578e36-c682-4083-bd29-4973445dc0fe,Gosposvetska,610
154f3596-bbbb-4038-9ad7-c4b8b5288a02,2154edb8-16e2-4334-8878-9e38abcdf06a,54c591c0-7bbb-4489-9229-57b18f95827a,Stara cerkev,500
2f18bcfa-6189-4de4-b06f-132d3392e7d6,c124f317-217b-4b89-9597-393843de4f81,639551cf-fe23-4363-8ccd-655bc5d4119e,Zmajski most,52
45e88013-1a7e-44a0-ab1f-bc0db6c6746f,18d010ca-0244-4928-82cb-47af0836a1bb,3429cda2-6047-453c-bf54-952dfa6674c0,Klinični center,1212
7558099b-08a3-43bc-8056-49bcc5900a03,d7d791d9-02e0-4369-be0c-1546fc2044a4,25ad5579-f6a0-4f35-a0c9-0678b41e9dde,Križanke,1144
8512e1be-4637-483b-a3e6-78ccc6d2c5b1,95732ece-1658-4e11-9b5f-b6ae5552e638,25ad5579-f6a0-4f35-a0c9-0678b41e9dde,Križanke,146
25c85d19-456c-4188-b563-15ad467a54c7,fc3967fb-5520-4fff-a819-f625242182e5,a719a87c-4e93-4387-a6d1-2631a487f7e0,Ajdovščina,205
0810f07b-94d6-442f-b10d-bf8210c4ed47,e4635b94-348c-4c69-be85-1160488e5e43,9bb1ed3b-5a6f-43c7-afaf-ba2b60ca1a7a,Aškerčeva,1301
717dda7e-d793-4697-8f60-b64ee8b1edc4,9f01f25f-9a5b-459a-96da-222ef81faf51,6559d555-672b-4633-8a81-0ae68fb963eb,ZD POLJE,1466
278a9d60-64c7-4bfa-aad0-24068aa760af,807c11ba-4b3a-4e2b-82b5-abf5864fa4bc,fac22b83-1bc0-4c12-8533-485b115409ef,Bolnica,1760
b60d686c-3b89-447c-93f6-2837d9af3d02,2d6504e9-c938-417e-9b55-32d6514bc744,4062cd22-b67a-4235-9980-0178b7add592,Drama,41
d9224caa-d582-4152-88e0-be720677fe16,b2dd8b3a-3710-4f07-b735-4bd183bfaade,b905ae6a-f1e1-4057-8923-481902ed5a8e,Konzorcij,744
2265e4de-a537-4f97-882b-c94c24aabfb0,61485a1f-73a8-4dac-bcc7-6e4e53eb4b0f,bbe542ee-a3f6-43cf-b23a-077c28b7d19a,BTC-tržnica,165
d5961b09-f5e8-4a0b-9bbb-2515ff0a8376,65e92ecc-800d-4962-a8bc-0f50f1107a5b,023d7b7a-b411-4e61-8746-b07f9e5c8f90,Ambrožev trg,1150
223f660b-c391-4120-bf3c-7bf06781686b,eee4abae-e720-4776-b6c7-0099d0119246,9bb1ed3b-5a6f-43c7-afaf-ba2b60ca1a7a,Aškerčeva,2049
245bb1a4-ea6e-45b4-8331-b50983655326,36c4949b-403b-4a76-87e3-d67f51d655ef,a719a87c-4e93-4387-a6d1-2631a487f7e0,Ajdovščina,132
a5eb15d2-f0cb-46a6-b888-6a9aad6bc5b6,27788b38-4743-4e04-9b9c-94faeeeb2d34,cab36767-e95a-4f60-978e-92490f2517b2,Hrvatski trg,879
3edd6057-3847-4c42-b8ec-6e89ff95793a,9cfac7e2-9653-4e52-a6d3-27756d27f817,087e50b6-7677-4a85-802f-5694266fe38b,Aškerčeva,549
fb7704f0-d31e-4561-83e4-621a8c62654b,46847a61-d68a-4d2c-ad76-18e043d41430,4ed69cbb-d738-450c-be11-7d96cd50ee50,Livada,863
786a15d4-dd6b-42bb-a5c9-6ce994b5be9e,d9a82add-03d0-47d8-9f35-117b7a5ded44,1b3ddeca-a066-43ee-9ae5-8339628129c2,Žale,936
a8a92762-af25-42a7-98dd-9846f8b33e09,ab0d4ded-a428-4133-a6c8-0f2caac0a5ae,N/A,N/A,4525
88cdd36c-03d2-4374-a22f-110dd9f75ea0,47637057-8d6a-4cf9-bd56-3ac90748fcc4,a719a87c-4e93-4387-a6d1-2631a487f7e0,Ajdovščina,270
70c51140-f3ee-4c89-a6e2-ed74dab89148,15bb8af1-183e-4ec8-81f7-1fc6e81beb30,087e50b6-7677-4a85-802f-5694266fe38b,Aškerčeva,1389
bf990a3a-96e9-42b7-9147-33e85bd24c05,4c08e174-6890-4c5d-9eec-15686971f909,N/A,N/A,4525
0fb83496-463c-4123-97c6-669efe614d26,4b456495-fb29-4ff3-b48b-4090bc51514e,717c914e-f928-4671-95f6-26c1ddb95799,Cesta v Gorice,555
eb8e8d9a-a3d5-4ec1-9356-26e0e41912d1,43df2657-d56f-4fc4-8c40-49180cbbe90c,a719a87c-4e93-4387-a6d1-2631a487f7e0,Ajdovščina,1159
862efb04-bcf5-493a-929d-242fb91ba5f6,7fdce743-a4be-44d7-8658-0a259a18ad30,5d7f28a6-2a2a-4333-aa06-48edfb652f86,Pošta,772
83a62071-0161-47a2-b745-eafb5e945632,ee837fd9-7a5c-4f14-bbd7-a46f14eb07c5,b905ae6a-f1e1-4057-8923-481902ed5a8e,Konzorcij,892
0ff94f7b-275b-4cc4-bb27-e00842f5ad87,7ea32e84-b8d9-498b-9f03-5a66990012b9,17f7d178-41b3-41f9-a545-cbfc22a0a5f1,Nusdorferjeva,71
87785aa3-128e-4f15-82b0-d8c3cfa6076f,87415b6b-7e7f-4b82-b78f-ef1a7db85282,e66e813a-722d-40f8-9ee9-1470d07bc200,Tobačna,886
9583dbdd-06fd-411e-88dd-af8f89e2caaa,7ba233b7-a50a-497d-8135-dd8dabf93ff5,4062cd22-b67a-4235-9980-0178b7add592,Drama,330
318d4398-e152-498b-b4ff-1344c67adba6,f8da5156-e545-47ed-a811-2242f41f5593,a719a87c-4e93-4387-a6d1-2631a487f7e0,Ajdovščina,437
01d1f388-d915-4e9f-bc3d-4432a73a216e,156a6f62-9a67-4cf0-ad56-85a343c77cd2,fef200e9-4d98-425b-ab14-8110e2aa85d7,Drama,578
52e5adea-e194-4fc1-809c-1d6421f8f8db,075a6b29-66cb-409f-89fe-37d50669eff4,a719a87c-4e93-4387-a6d1-2631a487f7e0,Ajdovščina,166
363e4763-df83-4814-99d2-879d448d5910,041e08cc-b1bd-4f2c-aa4e-a9aaf2837a28,25ad5579-f6a0-4f35-a0c9-0678b41e9dde,Križanke,1436
a2b5023d-5ce8-420f-ad2a-b61c7a1902a8,6932c2e0-ff32-4170-b519-fba88e29c147,4062cd22-b67a-4235-9980-0178b7add592,Drama,1189
61926b26-d777-483f-ae79-86766c48793b,ee095f27-439e-42e7-9e5c-e77b0903c31f,7fa32ea0-e884-435a-a81c-51bbd5cedf3e,Zaloška,352
64ea9f57-1f7f-465e-8721-55e26faee36a,d3283222-38a9-40e2-a485-180d1a33067c,48e907fd-e868-47cd-8cac-74c7d4582944,Poljanska,197
9bb1ed3b-5a6f-43c7-afaf-ba2b60ca1a7a,21a5f1e3-8ac0-4023-95ca-0a3ff54099aa,087e50b6-7677-4a85-802f-5694266fe38b,Aškerčeva,162
476c1b24-6f2f-4727-b610-645c50493814,fcccf4af-4f16-4edc-ba5a-585c434593fe,8c7fa045-888b-46d0-8189-6f82623bf481,Poljanska,1280
5ddf10c0-90a5-4dbf-992c-23c0505674aa,d4fd9934-5253-4ab8-a779-3e9e2a30c5b7,N/A,N/A,4525
d2f9bbec-4b03-49a8-af83-afe65fe07a0e,30e58784-86f6-4d93-8630-3cc3fc93c6f3,4062cd22-b67a-4235-9980-0178b7add592,Drama,1463
ab4e1412-1ac4-4864-8833-c1ddf48bec20,10d57057-b305-4b7a-806b-3373014db962,bd1a0fbd-1593-4552-a76f-681c59333d6b,Savsko naselje,676
d987aa3a-ae4a-42f6-bc9b-79c41dcf055a,a5eb15d2-f0cb-46a6-b888-6a9aad6bc5b6,e66e813a-722d-40f8-9ee9-1470d07bc200,Tobačna,564
1faa072c-478b-4656-8df3-84167a9a4bbb,12618339-2c2d-49ec-b0e0-2517c11991f8,fef200e9-4d98-425b-ab14-8110e2aa85d7,Drama,223
3203d037-a222-4092-8dd6-e8dfcd49a2c9,8fbf17ab-413b-442c-9c6a-0eb8873a4755,bea274aa-277a-403d-ab2f-a0342b28882e,Križanke,353
352f5cae-25c9-41c5-ab70-268bf64107f0,7e0c8a32-21cb-46dc-8e50-9c4675dfa322,ecc4ae87-ae08-4b94-995c-452fdd94df7f,Privoz,421
258aeffc-294a-4919-bfb0-34f90dc19892,4682c5fd-08cb-4af1-a3e2-6f1ee880a52d,12618339-2c2d-49ec-b0e0-2517c11991f8,Mirje,1220
81a7167c-7913-442e-96c5-20dc6e25d74b,58db973d-ecbb-4aa6-a56c-c26aaff7f263,fef200e9-4d98-425b-ab14-8110e2aa85d7,Drama,361
6182f8e8-c45e-4606-b4a4-d909bd44d2cc,627be449-8b6a-40f4-a57c-09ccdacccb66,f073b9d9-a3e3-4d04-a209-0db55377b79e,Zmajski most,1091
ee3713fe-016c-47eb-96d1-f760c9d19010,124ec397-421b-4737-bf71-09c9b1665a10,f2b27cbd-5207-4281-8f67-6369d0c50a9b,Kodrova,191
fa96d420-d1af-4ad0-bf6a-4544deb1c5eb,45e88013-1a7e-44a0-ab1f-bc0db6c6746f,ecc4ae87-ae08-4b94-995c-452fdd94df7f,Privoz,1024
c5ec5e81-2ce4-452d-bd7a-595de4f8b34f,f528b363-1484-456c-835b-1e08dc31ef8e,25ad5579-f6a0-4f35-a0c9-0678b41e9dde,Križanke,163
18d010ca-0244-4928-82cb-47af0836a1bb,5bc3addd-b076-4c60-b850-39f90e674b75,9bb1ed3b-5a6f-43c7-afaf-ba2b60ca1a7a,Aškerčeva,663
6459bd02-d8f8-413e-9402-10b916f09a4f,108e7dc8-ca5d-4c91-9414-32a32a31b69a,N/A,N/A,4525
e2d3c37e-a7df-458e-9e5a-ea33ccf4c11b,eefb30b4-8049-4128-89f5-bb359b1c93b0,25ad5579-f6a0-4f35-a0c9-0678b41e9dde,Križanke,581
2e62f411-936d-4a10-96ed-2d8fe95d6d65,f1bc11ca-7516-447a-b826-7051c5306af7,b905ae6a-f1e1-4057-8923-481902ed5a8e,Konzorcij,582
7962e05c-ad8c-43e4-9db4-4b90f0c94596,ee095f27-439e-42e7-9e5c-e77b0903c31f,484b5c91-1220-43ba-af79-84e712fcc46b,Slovenija avto,674
08f2fb98-afdf-4961-b419-1bca7f5568ab,410b424b-5f4d-4137-bc20-7d1f328540a3,07b4c585-66cf-49d7-906c-50f1122c8e9e,Cesta XV,1401
d4c51b31-46fd-4da8-ba15-8068e666d483,6672b8cb-e56d-420a-a5e7-fc86e8aa3647,N/A,N/A,4525
7d579a55-27bc-49d0-a124-a5ed6233c55a,8589e5d1-21b4-4210-ad7a-4bf91f9a715d,a719a87c-4e93-4387-a6d1-2631a487f7e0,Ajdovščina,623
f528b363-1484-456c-835b-1e08dc31ef8e,258aeffc-294a-4919-bfb0-34f90dc19892,5d7f28a6-2a2a-4333-aa06-48edfb652f86,Pošta,877
9c57d59a-53f8-4a16-b279-2ab1745ea230,484b5c91-1220-43ba-af79-84e712fcc46b,59faa0f0-34b1-47cd-ba3a-3b6f0d684c00,Žito,474
f2fc2702-e9da-4c36-b6fc-9f52199e4574,ae3f312a-4242-4a42-8df2-5990505a7747,b905ae6a-f1e1-4057-8923-481902ed5a8e,Konzorcij,1067
b2cf1f2c-3c77-4a23-891f-3cdbcda92f19,ba681dbc-ea72-4685-ad98-c5ed496510e6,fef200e9-4d98-425b-ab14-8110e2aa85d7,Drama,112
d7384760-d854-492d-87af-f342cab37fc1,a5eb15d2-f0cb-46a6-b888-6a9aad6bc5b6,a719a87c-4e93-4387-a6d1-2631a487f7e0,Ajdovščina,62
452f2b51-98fb-4a7c-bb0a-44577eb5e12b,1b0f629f-acdb-4e94-8c54-018f4334ebf7,4062cd22-b67a-4235-9980-0178b7add592,Drama,469
91745353-dd19-49ee-beaf-332e546dcceb,b8533150-cf69-441a-8fc4-18f39cbef16b,5fa77d25-e7a3-42db-8cc9-52b612d5de19,Preglov trg,424
7fdce743-a4be-44d7-8658-0a259a18ad30,a0e0a21b-b8ce-4d76-bbc2-04e179367fee,5d7f28a6-2a2a-4333-aa06-48edfb652f86,Pošta,158
70231f13-be88-4e3a-a89a-5b4f436984d2,caac4c1a-13e4-4afa-b467-65d90a8fbd44,4afd573d-abb7-4209-9b28-5c34811eb3ef,Lavrica pri Malči,1
022ef61f-a226-42e8-b11d-30cf9f9a6688,48b163cd-b819-4849-aee1-8b1da77657ab,16578e36-c682-4083-bd29-4973445dc0fe,Gosposvetska,101
154f3596-bbbb-4038-9ad7-c4b8b5288a02,7a52a73a-cc0e-4c61-b9bc-306157727e1c,38b3abed-0592-407b-96c3-85a026f2e192,Dalmatinova,41
1632ee87-59dd-4367-bf10-9d13aa688e82,121b30dc-065b-4c76-aad2-a54a85c74d4d,25ad5579-f6a0-4f35-a0c9-0678b41e9dde,Križanke,509
98239279-bb80-4070-965c-dc87525019e2,b7b7ac00-59bb-41eb-833d-ad309d24e68a,fef200e9-4d98-425b-ab14-8110e2aa85d7,Drama,1243
65e92ecc-800d-4962-a8bc-0f50f1107a5b,e333d90d-3eef-4d82-9e00-ebe693e2f389,4062cd22-b67a-4235-9980-0178b7add592,Drama,203
2f874852-bc80-4ff3-b6bf-a914e31251c8,e26da28a-b9c3-41b8-b57f-87b289b38e08,9afb36ea-c2ae-4bbb-9644-3a6c65bb1c7d,Kino Šiška,975
eee355cc-98a1-4f25-8bf9-0100856eda6e,c0a064eb-b507-43c2-a6d2-0e9c5881f031,4062cd22-b67a-4235-9980-0178b7add592,Drama,358
1aa7e441-8646-4d1d-88bd-ab004758ffc4,5dcffe2a-1c73-4f7c-bdac-4084bb5201aa,9bb1ed3b-5a6f-43c7-afaf-ba2b60ca1a7a,Aškerčeva,80
08071ba1-570f-487b-9a36-01a046fb2788,b47eac47-d897-4ba7-ab06-8e642cc8efe8,795c157e-21e0-4115-85aa-93c227e3420f,Domžale,528
5c9baa4c-9ee0-4263-be22-72f5a73c714d,be5fb719-eda2-4831-90c6-249248ea22dd,9cd1e7f8-8ccf-4469-bc25-25d138605c67,Akademija,238
785ad018-d0fe-4628-b188-15f6dc71b38e,4d57f6bd-7ba7-4f07-8aa1-ecac0b09e8db,25ad5579-f6a0-4f35-a0c9-0678b41e9dde,Križanke,1634
ee3713fe-016c-47eb-96d1-f760c9d19010,1cc5f00f-c982-4016-8553-40a3da4f36ad,a719a87c-4e93-4387-a6d1-2631a487f7e0,Ajdovščina,858
5cc8a08d-c0af-491f-9a9c-b8b4f5f23bc0,f088dbda-3ab0-43c5-bcdf-c727725c05be,023d7b7a-b411-4e61-8746-b07f9e5c8f90,Ambrožev trg,1138
9fa0b90f-dba1-4eca-8802-589425d3e8fd,1ef524bd-2bf3-4c47-add3-044374897443,fef200e9-4d98-425b-ab14-8110e2aa85d7,Drama,644
7554bb81-1144-4263-999d-f6e358d808fe,27788b38-4743-4e04-9b9c-94faeeeb2d34,9b85d4b0-c594-4e0e-9ce2-d0986256c270,Tavčarjeva,909
9807573b-8821-40e4-b891-a5cea6e23b3d,cbf8e64b-fd0d-48ec-8fb1-03b298cc13b3,087e50b6-7677-4a85-802f-5694266fe38b,Aškerčeva,646
7f510cd8-4742-4dcf-95c0-16cde39c2e26,da656f17-9723-4cbe-a008-823cbad17c28,cab36767-e95a-4f60-978e-92490f2517b2,Hrvatski trg,256
40fcc1b9-2c42-4db8-bd48-d431efc8a3fd,95eee7e8-237d-4410-a9bf-00c6f88129c1,6182f8e8-c45e-4606-b4a4-d909bd44d2cc,Gornji trg,125
e7789f42-0ad7-44d1-974b-42a3f4957291,31e6db90-ba65-4c49-90c0-317fb92596b3,25ad5579-f6a0-4f35-a0c9-0678b41e9dde,Križanke,778
fdff5f9c-6c02-4fc1-a004-7032b17fa37a,db9f7130-0bc2-4f3e-b8cd-07cfe96b1f8f,bea274aa-277a-403d-ab2f-a0342b28882e,Križanke,857
e90a68ac-02be-418f-8937-b9f1906274f2,f958cead-e4c3-4743-834d-46de4a06a8c9,N/A,N/A,4525
86303165-4af4-4fcd-b0f9-43ed865454f4,2beb7011-982a-4349-be22-addf1c3bdec7,81f21fc1-3bd2-4d2a-b563-2d063479c68e,Štepanja vas,420
bb995fbb-29c8-4035-9503-ae33320833a8,8d775324-59ca-429e-ad7e-8d522c52dbdd,5d7f28a6-2a2a-4333-aa06-48edfb652f86,Pošta,1034
a41f5786-6b70-4224-bcde-e6fbaac4c21b,154f3596-bbbb-4038-9ad7-c4b8b5288a02,4062cd22-b67a-4235-9980-0178b7add592,Drama,649
ba2b16a8-1273-45d2-8758-47b9694df9a6,a0e0a21b-b8ce-4d76-bbc2-04e179367fee,4062cd22-b67a-4235-9980-0178b7add592,Drama,88
76ec8af8-07c2-4d44-b0d8-a439d381913f,aa3ce006-1975-496a-abc6-a98ec5e87652,cf6f67f5-f7df-4462-828b-481134217fad,Žito,1022
717c914e-f928-4671-95f6-26c1ddb95799,4c277b3f-c427-404b-ace3-2cd51656318f,023d7b7a-b411-4e61-8746-b07f9e5c8f90,Ambrožev trg,628
447a37f6-2be6-45a3-8ae0-6982aa53cafb,9b85d4b0-c594-4e0e-9ce2-d0986256c270,b905ae6a-f1e1-4057-8923-481902ed5a8e,Konzorcij,222
07b4c585-66cf-49d7-906c-50f1122c8e9e,70c51140-f3ee-4c89-a6e2-ed74dab89148,81f21fc1-3bd2-4d2a-b563-2d063479c68e,Štepanja vas,294
cd2cdf5f-a758-494c-8b1f-2de4ac913723,eb165f50-9c43-4b09-9658-469a16d3dc83,N/A,N/A,4525
bc66f88b-1412-44cb-b921-030d27335261,f414efd9-d697-4bbe-abb6-c9e09fd73514,N/A,N/A,4525
4d57f6bd-7ba7-4f07-8aa1-ecac0b09e8db,56dbd8ff-6ec8-4186-b46c-f74ddb5a304a,e0c253d0-1de7-4add-ac75-8b16151fa462,Dobrunje,616
a4545f57-dab0-4ca0-9da3-5bc96d80f104,26ec9924-5586-4fd5-8b20-63f2d0a38d44,16578e36-c682-4083-bd29-4973445dc0fe,Gosposvetska,692
05643914-8ff7-4064-8737-2761d44a083f,9a1c4c65-df77-481f-87ad-56143f02a864,25ad5579-f6a0-4f35-a0c9-0678b41e9dde,Križanke,635
7fdce743-a4be-44d7-8658-0a259a18ad30,c86d5f37-52ee-4e3a-99b5-b9554118c4d5,25ad5579-f6a0-4f35-a0c9-0678b41e9dde,Križanke,2275
86a75ffc-a78f-401f-8991-2eb0371417b2,1536cb2e-acd3-49cb-8f06-bb8cd40c0c02,7c166e7c-6fe0-44bd-b124-0013473f227a,Petrol,557
c86d5f37-52ee-4e3a-99b5-b9554118c4d5,ad966374-a37d-443a-9a3e-ec85ca28231f,b905ae6a-f1e1-4057-8923-481902ed5a8e,Konzorcij,543
aaedd82f-0c53-425d-92cf-96e50bd20518,f15ddf31-fc11-41ba-988d-376c83e38f58,43df2657-d56f-4fc4-8c40-49180cbbe90c,Ruski car,60
bf64b499-211b-4da8-ace2-f12a17608ae3,5a06b853-39a7-479d-ac40-fafa659fd896,b905ae6a-f1e1-4057-8923-481902ed5a8e,Konzorcij,347
0760a037-cd94-4936-89b6-45ce9bd19917,c0fb12dd-8cab-40da-a3aa-e8de9c6d09ed,a9796806-8cd3-4b76-bf8c-4340aec35c9e,Lutkovno gl.,348
86303165-4af4-4fcd-b0f9-43ed865454f4,7ad25867-5c97-4f9f-9b1b-4966436f7fbf,5d7f28a6-2a2a-4333-aa06-48edfb652f86,Pošta,66
030363e5-99a3-401f-96db-a16a340ace21,087e50b6-7677-4a85-802f-5694266fe38b,7fa32ea0-e884-435a-a81c-51bbd5cedf3e,Zaloška,379
e0bcd677-6012-4c90-a884-44dffafdffec,6e7cab20-d7e3-474f-9a5e-f1e0ca6fae53,fef200e9-4d98-425b-ab14-8110e2aa85d7,Drama,376
6340ea93-391e-45b9-94b0-56d1d7c87e20,61485a1f-73a8-4dac-bcc7-6e4e53eb4b0f,a719a87c-4e93-4387-a6d1-2631a487f7e0,Ajdovščina,1846
af820908-f71f-4c46-82c2-e7616f9c21fb,3fbf6322-fb74-4a50-a81a-bfca73abc26b,717dda7e-d793-4697-8f60-b64ee8b1edc4,Gosposvetska,109
e9382efd-d64d-46b0-9a7d-a4e6a0188725,f11e48f8-4133-4c36-a36f-73b4f33d9592,0810f07b-94d6-442f-b10d-bf8210c4ed47,Draveljska gmajna,75
05bd4cbd-b014-4cfd-8ca9-3c82b0a59114,b4634750-8d91-4625-b40d-1da9665e70f6,5d7f28a6-2a2a-4333-aa06-48edfb652f86,Pošta,268
45754ca7-bffd-4bcf-96df-952e59574dde,595ee2ab-3022-469d-a3e1-0c87d7dfb14d,b905ae6a-f1e1-4057-8923-481902ed5a8e,Konzorcij,839
51dbf10f-cf3b-4575-a8cc-d1080c1f9dde,7d003bd3-5fae-4076-b952-9f734651720f,9bb1ed3b-5a6f-43c7-afaf-ba2b60ca1a7a,Aškerčeva,892
216a26dc-11c2-432b-b099-0d55d508b7fa,cdabf1ea-b04c-480a-8359-72c46e6864ab,f2b27cbd-5207-4281-8f67-6369d0c50a9b,Kodrova,721
7e0c8a32-21cb-46dc-8e50-9c4675dfa322,97d3e896-2af7-40f9-bfbf-59cf3fcbf93a,4062cd22-b67a-4235-9980-0178b7add592,Drama,526
813b7c8c-5236-405a-bb0d-092a5d93c2a6,f5dc05ab-b5cf-4f25-a85b-f346876311cb,d5102041-8282-4c77-a593-edac0d0d4a34,Cukrarna,183
0bb103e4-c4a6-4c4c-a13d-217ab4e6dfd3,5ddf10c0-90a5-4dbf-992c-23c0505674aa,fef200e9-4d98-425b-ab14-8110e2aa85d7,Drama,536
e1e80207-5c23-47c0-a63a-121003b22807,cdee8be6-e02c-4fb5-9752-be1bac08d90d,b905ae6a-f1e1-4057-8923-481902ed5a8e,Konzorcij,286
b4b7f450-4397-42d2-9d1e-39f786eecc2e,b4b7f450-4397-42d2-9d1e-39f786eecc2e,352f5cae-25c9-41c5-ab70-268bf64107f0,Podgorica,1
48c9ec48-2b87-4945-a077-808839f98e74,60edf514-fd83-400b-b86f-881f7eff258b,fef200e9-4d98-425b-ab14-8110e2aa85d7,Drama,1236
2838f674-f6e9-4eb5-a99c-1d0ac7903ca1,d7748049-2f69-4c77-a19b-96774a521ac1,a9796806-8cd3-4b76-bf8c-4340aec35c9e,Lutkovno gl.,427
da9650a3-6ec7-4cdb-95f2-a68851587dfc,29096931-9d98-487f-bd0a-b0767611e561,a719a87c-4e93-4387-a6d1-2631a487f7e0,Ajdovščina,924
294c40c4-18e4-4d92-a947-911a8623de89,4d57f6bd-7ba7-4f07-8aa1-ecac0b09e8db,bea274aa-277a-403d-ab2f-a0342b28882e,Križanke,691
1035c6f7-304e-4329-a3b2-4eb5d985a577,d3a06374-ab12-456b-9c00-55461af341fa,4062cd22-b67a-4235-9980-0178b7add592,Drama,323
d72032c7-d4b0-4eee-a87c-593985a42266,1069d764-9345-425d-8c4d-12d6ffa1fde1,25ad5579-f6a0-4f35-a0c9-0678b41e9dde,Križanke,55
7d1d9e60-8a7d-4e50-86e5-f3a42a99d837,1aa7e441-8646-4d1d-88bd-ab004758ffc4,N/A,N/A,4525
06e4802d-2c96-4556-bd95-35e0a2bb030c,acd87210-4e04-49b4-884b-1fe11c453bf4,eb11d52f-300b-4648-a2e8-ed03db9ff7e2,Drobnič,87
c31b32c6-1ec2-48e9-9929-356fd0253540,34f3ddda-e732-4b53-bfb2-8773b5cd6eac,c22879e5-8e90-4540-9a74-5f139208e492,Friškovec,1247
60ccc570-3714-410b-aa31-43d3a4c593c8,7310c006-62b8-4f94-bb9c-d5c26cb3faad,9b0074d2-2c92-4c01-830b-00be8e05b412,Cukrarna,1002
29336b94-2382-46dd-b2e6-4590dd689640,5ddf10c0-90a5-4dbf-992c-23c0505674aa,21764d19-62cc-49fd-bac9-403aeac6a6b9,Ježica,543
f33b721f-a8a3-4aad-96f2-077da09ebaa6,9807573b-8821-40e4-b891-a5cea6e23b3d,feb89b92-366d-4f50-a509-40c7baba8cf0,Brodarjev trg,1999
eee4abae-e720-4776-b6c7-0099d0119246,56dbd8ff-6ec8-4186-b46c-f74ddb5a304a,105e10e7-fbab-4f99-94c9-178c25630b42,Brodarjev trg,283
aa113271-655f-423f-ad7e-4cfaba2eb739,c8e0086c-0cef-4375-a471-72f3ae1e34fc,25ad5579-f6a0-4f35-a0c9-0678b41e9dde,Križanke,1043
e333d90d-3eef-4d82-9e00-ebe693e2f389,c627c9f2-af02-4d83-969a-566719bb09e3,38b3abed-0592-407b-96c3-85a026f2e192,Dalmatinova,262
ba59baf4-dd00-40a5-80e7-3eee6b9d8b09,c32ef99a-6752-47fe-94eb-a5134c7110af,5d7f28a6-2a2a-4333-aa06-48edfb652f86,Pošta,94
12304b99-9a07-485a-a101-eaca90495d48,53ec687a-6f0c-4bb7-b1b4-606e7dcfada9,9b85d4b0-c594-4e0e-9ce2-d0986256c270,Tavčarjeva,548
c6dd10bd-c21f-4a0c-9c7d-99e488a173d4,c1606675-dd38-4952-914b-6ca64fd56b7b,087e50b6-7677-4a85-802f-5694266fe38b,Aškerčeva,386
59ee5f7d-476b-4958-a922-2040a9308f3b,9b85d4b0-c594-4e0e-9ce2-d0986256c270,5d7f28a6-2a2a-4333-aa06-48edfb652f86,Pošta,86
7a52a73a-cc0e-4c61-b9bc-306157727e1c,476b2caa-710a-47fe-9743-4d75d7ada5fb,7bcbdcaa-00b9-47d4-8982-09da26cd7bcb,Zaloška,1849
0b6960bb-2431-48c3-9e64-3cbf5c57ea96,edc8bf1d-d4f1-4c5b-8112-e4fa71a02bae,9bb1ed3b-5a6f-43c7-afaf-ba2b60ca1a7a,Aškerčeva,70
8648bfde-9b0f-4a64-aced-fe63aa923879,7b687edb-dc47-4b68-a13e-34713cababe9,b905ae6a-f1e1-4057-8923-481902ed5a8e,Konzorcij,730
cf94d70f-d211-4625-9037-014514562aa9,596e3cfe-bd4c-4afa-ba4c-33172dba9be1,9e109242-5aad-4fb7-b0c8-576eef8aa4e0,VEVČE,2932
3f01eb40-651e-4fad-aff9-2ee27f259f64,15bb8af1-183e-4ec8-81f7-1fc6e81beb30,fef200e9-4d98-425b-ab14-8110e2aa85d7,Drama,260
d7a59d1b-dfe1-4fbb-96fc-14443b077516,e97befb6-5dc6-4603-ad5e-3aa96b4b2221,c0fb12dd-8cab-40da-a3aa-e8de9c6d09ed,Rusjanov trg,180
bff8345d-1b72-4b41-8b8d-cb8a5483a2e4,b59656a4-b6e7-4b87-977c-078c59088a50,c87db9be-1fba-4102-a743-0ee4317dd5af,Bavarski dvor,1259
2896bfa8-0586-4ed1-8d93-c5c6e1ff3d72,352f5cae-25c9-41c5-ab70-268bf64107f0,e66e813a-722d-40f8-9ee9-1470d07bc200,Tobačna,320
81b6f6ad-6dd6-4e3f-a0bd-754a65a3e57b,e57aad1d-457e-401f-b26d-306b4fd836eb,25ad5579-f6a0-4f35-a0c9-0678b41e9dde,Križanke,434
1632ee87-59dd-4367-bf10-9d13aa688e82,a3aeed02-8e36-4cb0-bb08-25cc4afda164,f5d8583f-6e9d-4996-b803-74bf3cd0b602,Letališka,288
7bcbdcaa-00b9-47d4-8982-09da26cd7bcb,3866c761-7fa4-4a4a-b913-75569da498d9,a719a87c-4e93-4387-a6d1-2631a487f7e0,Ajdovščina,142
9bb1ed3b-5a6f-43c7-afaf-ba2b60ca1a7a,47637057-8d6a-4cf9-bd56-3ac90748fcc4,b905ae6a-f1e1-4057-8923-481902ed5a8e,Konzorcij,341
98b60d07-8054-441a-be44-be7aa24f4253,8375ab17-e389-42b2-9b88-0210a049e321,5d7f28a6-2a2a-4333-aa06-48edfb652f86,Pošta,1172
f5e84751-7377-402c-974c-53276e422e70,28248670-5e08-4de2-8eab-e63933c0d61d,25ad5579-f6a0-4f35-a0c9-0678b41e9dde,Križanke,466
f496ecc3-28fe-4361-9da8-428bbf3bd672,bf990a3a-96e9-42b7-9147-33e85bd24c05,9b85d4b0-c594-4e0e-9ce2-d0986256c270,Tavčarjeva,416
6a74977a-a26d-42b4-a60b-8dabc726e57d,441545fb-7a0c-4555-aea8-01cbe6c14ea3,087e50b6-7677-4a85-802f-5694266fe38b,Aškerčeva,493
91b76764-87af-4b90-89dd-60f0046f7cc0,68075aa0-144c-4f6e-93ef-e93dfc35df78,b905ae6a-f1e1-4057-8923-481902ed5a8e,Konzorcij,354
2838f674-f6e9-4eb5-a99c-1d0ac7903ca1,acd87210-4e04-49b4-884b-1fe11c453bf4,N/A,N/A,4525
9cfac7e2-9653-4e52-a6d3-27756d27f817,16ae0a39-ff9a-4aee-88b5-34502255fab4,5d7f28a6-2a2a-4333-aa06-48edfb652f86,Pošta,833
42bcfbad-96b8-4ce2-96f3-07694e1bcfe2,5a06b853-39a7-479d-ac40-fafa659fd896,N/A,N/A,4525
c0a064eb-b507-43c2-a6d2-0e9c5881f031,cc9cbd94-6da7-41ff-a728-cfd4b47dfcc0,8f56b058-1ae3-44f5-8600-4330f2264d78,Privoz,842
2edaabef-ed43-4b87-ba95-a5600c33250f,45e88013-1a7e-44a0-ab1f-bc0db6c6746f,4062cd22-b67a-4235-9980-0178b7add592,Drama,1257
eee355cc-98a1-4f25-8bf9-0100856eda6e,d2ff7ae5-59fc-4894-aa50-a7f16b5e3534,5d7f28a6-2a2a-4333-aa06-48edfb652f86,Pošta,427
4afd573d-abb7-4209-9b28-5c34811eb3ef,a999f83e-4e6a-4ef9-9a10-e4a2c8a4a182,087e50b6-7677-4a85-802f-5694266fe38b,Aškerčeva,1042
91b76764-87af-4b90-89dd-60f0046f7cc0,df973089-967d-4446-916c-260e9e8fec83,9b0074d2-2c92-4c01-830b-00be8e05b412,Cukrarna,150
dd57f39b-be0f-479e-bc35-5bd2edf98ff2,259de009-1345-4169-920b-baeaceade993,fef200e9-4d98-425b-ab14-8110e2aa85d7,Drama,221
79325942-629a-4766-a34a-525f8edf8cc5,298fea2e-c58b-4d99-9350-2420c718d2cc,4062cd22-b67a-4235-9980-0178b7add592,Drama,1198
c627c9f2-af02-4d83-969a-566719bb09e3,d72d58c2-b9a9-4dd5-b741-17e986d925c8,feb89b92-366d-4f50-a509-40c7baba8cf0,Brodarjev trg,427
233daca5-913b-4e10-bf34-18b1c8c77019,95732ece-1658-4e11-9b5f-b6ae5552e638,9bb1ed3b-5a6f-43c7-afaf-ba2b60ca1a7a,Aškerčeva,1510
d98335a0-1291-4d4c-be62-16b11c356575,0334e79e-7a89-44e9-a463-5af813e64a40,4062cd22-b67a-4235-9980-0178b7add592,Drama,1963
ef005e77-f3b8-4171-b681-1294d0e4732b,e97befb6-5dc6-4603-ad5e-3aa96b4b2221,6182f8e8-c45e-4606-b4a4-d909bd44d2cc,Gornji trg,228
e9382efd-d64d-46b0-9a7d-a4e6a0188725,07b4c585-66cf-49d7-906c-50f1122c8e9e,c87db9be-1fba-4102-a743-0ee4317dd5af,Bavarski dvor,332
995cbd67-507b-4c32-b794-0ff48e0a3de9,1c0ae078-cca7-40c8-aeda-1187a12ddfee,fef200e9-4d98-425b-ab14-8110e2aa85d7,Drama,289
c3188d8e-c2d3-40e5-acc2-14bef70a5ff4,b5400e28-b0c3-4a02-9da2-084c465bd1d3,639551cf-fe23-4363-8ccd-655bc5d4119e,Zmajski most,916
567980fa-7783-411d-9c67-55b44d753880,108e7dc8-ca5d-4c91-9414-32a32a31b69a,N/A,N/A,4525
1c8efa00-4587-4efc-a10d-794e9d885857,b7b7ac00-59bb-41eb-833d-ad309d24e68a,N/A,N/A,4525
163da3ae-0ab9-480e-b72d-16357e0a9061,8598b85d-3e1d-4767-b72f-0c209038841f,717c914e-f928-4671-95f6-26c1ddb95799,Cesta v Gorice,370
784bebe9-c0c7-46eb-943d-0b1808ffd5ac,1b3d51e8-8b5e-4b31-a63e-9d665243c2f1,46f20d33-601c-4ef6-b86c-7c2bb4af52fa,Ježkova,819
d7a59d1b-dfe1-4fbb-96fc-14443b077516,163da3ae-0ab9-480e-b72d-16357e0a9061,a719a87c-4e93-4387-a6d1-2631a487f7e0,Ajdovščina,271
15af3c66-ad74-4f41-92f7-92e2ff72a51d,41c8c7eb-62ef-45d8-b5b1-221dd3c0022c,25ad5579-f6a0-4f35-a0c9-0678b41e9dde,Križanke,345
f784b27a-1509-4eec-bd52-6beee2b9530b,d4fd9934-5253-4ab8-a779-3e9e2a30c5b7,N/A,N/A,4525
d5102041-8282-4c77-a593-edac0d0d4a34,67d66d40-e8ba-4bc0-a9cf-814dce3ccbea,5d7f28a6-2a2a-4333-aa06-48edfb652f86,Pošta,336
f0661242-947b-4937-a9ce-d2a135cd62a7,eee355cc-98a1-4f25-8bf9-0100856eda6e,bea274aa-277a-403d-ab2f-a0342b28882e,Križanke,201
d2ff7ae5-59fc-4894-aa50-a7f16b5e3534,d7d43617-ef41-4f9e-bbad-670d515d926a,169789c5-0251-47a6-800a-74ff3dffe04d,Hrastje,702
73e6ef23-ef0c-41bf-9960-0e3078b94d23,9afb36ea-c2ae-4bbb-9644-3a6c65bb1c7d,6182f8e8-c45e-4606-b4a4-d909bd44d2cc,Gornji trg,147
9cfac7e2-9653-4e52-a6d3-27756d27f817,7ba233b7-a50a-497d-8135-dd8dabf93ff5,a719a87c-4e93-4387-a6d1-2631a487f7e0,Ajdovščina,703
d2ff7ae5-59fc-4894-aa50-a7f16b5e3534,06e4802d-2c96-4556-bd95-35e0a2bb030c,N/A,N/A,4525
df973089-967d-4446-916c-260e9e8fec83,1b3dce90-170f-4176-b47b-2b50b9407e82,5d7f28a6-2a2a-4333-aa06-48edfb652f86,Pošta,1326
c15a2be8-fc53-427d-9cc6-a50bb305f68d,e65047c0-c01e-4727-b466-78e107c81ee4,ecc4ae87-ae08-4b94-995c-452fdd94df7f,Privoz,100
a6b87518-2a7f-4505-898f-245ebe23c909,18d010ca-0244-4928-82cb-47af0836a1bb,e66e813a-722d-40f8-9ee9-1470d07bc200,Tobačna,142
d9f26e1a-77fc-48b0-a024-93fd38eb88a4,97627b9b-fa2e-461a-97ea-a15df7599598,a719a87c-4e93-4387-a6d1-2631a487f7e0,Ajdovščina,1158
1069d764-9345-425d-8c4d-12d6ffa1fde1,52c437c8-73ae-4db5-ac31-8e7cf5104826,N/A,N/A,4525
21fba303-9465-42e6-8942-eaff85a2b40c,0c3a77a7-d9eb-45c7-b722-1fafde29129c,4062cd22-b67a-4235-9980-0178b7add592,Drama,822
d987aa3a-ae4a-42f6-bc9b-79c41dcf055a,6e7cab20-d7e3-474f-9a5e-f1e0ca6fae53,b59656a4-b6e7-4b87-977c-078c59088a50,Hajdrihova,558
595ee2ab-3022-469d-a3e1-0c87d7dfb14d,ea80411c-360d-4a33-861c-6533a1d67eef,fef200e9-4d98-425b-ab14-8110e2aa85d7,Drama,1155
1e2641bc-b0b2-448e-8ad2-e52891fa4c5f,bea274aa-277a-403d-ab2f-a0342b28882e,N/A,N/A,4525
d3a06374-ab12-456b-9c00-55461af341fa,f4cfd904-bd11-4247-95df-32c4555a930f,639551cf-fe23-4363-8ccd-655bc5d4119e,Zmajski most,2484
71480129-1108-4659-bb1b-d62897a81d02,cf6f67f5-f7df-4462-828b-481134217fad,bea274aa-277a-403d-ab2f-a0342b28882e,Križanke,1471
47252dc3-dbd8-43df-898b-0a3fb27ffc93,56dbd8ff-6ec8-4186-b46c-f74ddb5a304a,25ad5579-f6a0-4f35-a0c9-0678b41e9dde,Križanke,386
8b5f91a6-23b7-4786-96f9-a80c6d668e18,8598b85d-3e1d-4767-b72f-0c209038841f,9b85d4b0-c594-4e0e-9ce2-d0986256c270,Tavčarjeva,471
91b76764-87af-4b90-89dd-60f0046f7cc0,5881f75e-9383-49b0-811d-04c864ba1605,8c7fa045-888b-46d0-8189-6f82623bf481,Poljanska,258
bbe542ee-a3f6-43cf-b23a-077c28b7d19a,0614b134-0950-4f6b-bc8f-fb73a0881bc1,bd1396f2-4dc8-4695-9bf1-c601157100d8,Preglov trg,849
b4ffcb65-e60f-478d-806b-e7ae83f1a39d,e97befb6-5dc6-4603-ad5e-3aa96b4b2221,5d7f28a6-2a2a-4333-aa06-48edfb652f86,Pošta,743
9276fcfb-0f7e-4df3-b827-325600851526,bb1ac8b9-5cb2-49f2-8d5c-d7fe4afdd5dd,25ad5579-f6a0-4f35-a0c9-0678b41e9dde,Križanke,148
93928408-7b36-41f9-9b62-fec53e14b4e2,627be449-8b6a-40f4-a57c-09ccdacccb66,a2ce7e6f-0f99-443a-a973-81a0b9c60261,Astra,99
39650ca1-d08c-4645-ac1a-6aed84eb45c5,2154edb8-16e2-4334-8878-9e38abcdf06a,f2920a77-6c6c-494d-96b7-2a8caf8f374f,Mirje,373
459f82d2-cbe4-414b-b66b-0b794ea958ed,5a89967e-5654-49f6-84ca-59f7f9035444,38b3abed-0592-407b-96c3-85a026f2e192,Dalmatinova,724
52407970-4547-4323-a632-8db4ed0b040f,59d96e2c-3ee3-4581-840a-3ddaf0003743,25ad5579-f6a0-4f35-a0c9-0678b41e9dde,Križanke,443
f088dbda-3ab0-43c5-bcdf-c727725c05be,2bf898b0-1247-4e84-87e2-2e044e580c8f,5d7f28a6-2a2a-4333-aa06-48edfb652f86,Pošta,327
298fea2e-c58b-4d99-9350-2420c718d2cc,b4634750-8d91-4625-b40d-1da9665e70f6,25ad5579-f6a0-4f35-a0c9-0678b41e9dde,Križanke,331
d7384760-d854-492d-87af-f342cab37fc1,a5eb15d2-f0cb-46a6-b888-6a9aad6bc5b6,f2bac6f5-5bbc-4f15-acdd-014d86770ce9,Kneza Koclja,1517
46f20d33-601c-4ef6-b86c-7c2bb4af52fa,298fea2e-c58b-4d99-9350-2420c718d2cc,94c6598b-7303-42e1-94d5-156d7a25f630,Gerbičeva,136
769b7bc7-4f95-4bb2-9c99-37ba8e8b4bd5,d9df365b-7e54-4d22-b2e9-3b548d48ad59,ecc4ae87-ae08-4b94-995c-452fdd94df7f,Privoz,202
dc6b96b1-d0fa-4d03-ac2b-8eba5bb97ba2,05643914-8ff7-4064-8737-2761d44a083f,896f7627-7c1c-4742-a40a-6aadb85fe206,Viško polje,221
ccccee29-6fc7-4a86-b492-7f36a8e817db,3c6ebf90-c611-4535-b2b0-22fba3f7649a,N/A,N/A,4525
596e3cfe-bd4c-4afa-ba4c-33172dba9be1,769b7bc7-4f95-4bb2-9c99-37ba8e8b4bd5,b905ae6a-f1e1-4057-8923-481902ed5a8e,Konzorcij,335
a0e0a21b-b8ce-4d76-bbc2-04e179367fee,21a5f1e3-8ac0-4023-95ca-0a3ff54099aa,ad966374-a37d-443a-9a3e-ec85ca28231f,Pod Rožnikom,96
459f82d2-cbe4-414b-b66b-0b794ea958ed,c6c83930-96af-4cbe-93bf-072a618502a4,5d7f28a6-2a2a-4333-aa06-48edfb652f86,Pošta,518
3cb0ccbb-9b91-4d71-bd27-2acef732be4c,7fad8003-fb10-489d-bf8d-6d433310ad90,c87db9be-1fba-4102-a743-0ee4317dd5af,Bavarski dvor,23
45b36327-9a1a-4cd5-8261-53217326b22f,c3188d8e-c2d3-40e5-acc2-14bef70a5ff4,60ccc570-3714-410b-aa31-43d3a4c593c8,Tržnica Moste,507
f5dc05ab-b5cf-4f25-a85b-f346876311cb,1dc99fbb-5496-4aab-a4b6-32e653ccc789,67c3adc1-a92d-4528-91ee-77d8b52574c6,Poliklinika,1151
52e5d1c1-28c9-4ed2-b0ec-5bf7311be753,d5102041-8282-4c77-a593-edac0d0d4a34,a719a87c-4e93-4387-a6d1-2631a487f7e0,Ajdovščina,93
be5fb719-eda2-4831-90c6-249248ea22dd,6340ea93-391e-45b9-94b0-56d1d7c87e20,86a75ffc-a78f-401f-8991-2eb0371417b2,Studenec,918
98a75a4c-0ef8-4efa-8f0a-384fe8eafce0,bea274aa-277a-403d-ab2f-a0342b28882e,d72032c7-d4b0-4eee-a87c-593985a42266,Tobačna,367
aa113271-655f-423f-ad7e-4cfaba2eb739,61485a1f-73a8-4dac-bcc7-6e4e53eb4b0f,25ad5579-f6a0-4f35-a0c9-0678b41e9dde,Križanke,1497
46f20d33-601c-4ef6-b86c-7c2bb4af52fa,d08c4884-9764-447f-9b79-0ef7a645222f,087e50b6-7677-4a85-802f-5694266fe38b,Aškerčeva,763
4a74b966-4fbf-41ab-8e1b-276f3f14fc49,233daca5-913b-4e10-bf34-18b1c8c77019,1f9fad8e-d59c-494c-bdd1-1983afacb755,Kodrova,46
9cb18d2e-9bf3-436a-ab3a-7c52c5de1300,d3a06374-ab12-456b-9c00-55461af341fa,25ad5579-f6a0-4f35-a0c9-0678b41e9dde,Križanke,616
eb165f50-9c43-4b09-9658-469a16d3dc83,6edebb46-d04f-45c4-99a4-100f7f0b2660,6efecef0-52ba-4a47-9991-9bab5ce31340,Ajdovščina,601
cd2cdf5f-a758-494c-8b1f-2de4ac913723,cdbafa76-fd1b-45e0-bbd6-d6c1c6a141f9,N/A,N/A,4525
ef005e77-f3b8-4171-b681-1294d0e4732b,845b482b-dba1-4313-a476-e772691689cf,bea274aa-277a-403d-ab2f-a0342b28882e,Križanke,1784
95732ece-1658-4e11-9b5f-b6ae5552e638,8e7a488b-cd48-4243-92b0-42792d0e3bc1,a719a87c-4e93-4387-a6d1-2631a487f7e0,Ajdovščina,356
45303500-8b0e-4779-9abd-433b5f8b2838,c93954aa-7aad-4fca-9f7a-721d37f0474e,a378ce5e-57ce-4c52-b219-568674b5cd5e,Gornji trg,1189
aa113271-655f-423f-ad7e-4cfaba2eb739,169789c5-0251-47a6-800a-74ff3dffe04d,fef200e9-4d98-425b-ab14-8110e2aa85d7,Drama,887
6672b8cb-e56d-420a-a5e7-fc86e8aa3647,5b59d508-0860-4f50-b5ab-72a79046b488,N/A,N/A,4525
e82569a6-73f3-4002-b7b5-0f83ee167535,d7d791d9-02e0-4369-be0c-1546fc2044a4,9afb36ea-c2ae-4bbb-9644-3a6c65bb1c7d,Kino Šiška,328
9c57d59a-53f8-4a16-b279-2ab1745ea230,4682c5fd-08cb-4af1-a3e2-6f1ee880a52d,fac22b83-1bc0-4c12-8533-485b115409ef,Bolnica,323
47252dc3-dbd8-43df-898b-0a3fb27ffc93,659ee31d-ae12-4498-8507-28579d322e32,cab36767-e95a-4f60-978e-92490f2517b2,Hrvatski trg,371
596e3cfe-bd4c-4afa-ba4c-33172dba9be1,2ec182e2-769f-427f-b9b5-c4118890cb96,38b3abed-0592-407b-96c3-85a026f2e192,Dalmatinova,822
5be3b187-5735-4444-bee7-0665f60e6c83,60edf514-fd83-400b-b86f-881f7eff258b,25ad5579-f6a0-4f35-a0c9-0678b41e9dde,Križanke,927
bea9f247-4e88-4d7c-9387-8cd9342acb8c,ef3024a8-1d7f-4cf5-ad3b-74528eaa9c51,aa42017d-812a-4175-bc9b-0fec03b18931,Ambrožev trg,833
f11e48f8-4133-4c36-a36f-73b4f33d9592,8fbf17ab-413b-442c-9c6a-0eb8873a4755,25ad5579-f6a0-4f35-a0c9-0678b41e9dde,Križanke,211
0df2ffa6-b1c8-44d0-900c-8b23b37794df,feb89b92-366d-4f50-a509-40c7baba8cf0,a719a87c-4e93-4387-a6d1-2631a487f7e0,Ajdovščina,245
9b0074d2-2c92-4c01-830b-00be8e05b412,08071ba1-570f-487b-9a36-01a046fb2788,a719a87c-4e93-4387-a6d1-2631a487f7e0,Ajdovščina,39
c71e1e0c-780a-4d46-8b33-09aebbbcfcd8,c6eab761-36e0-4bf8-88ed-48e594ed375b,087e50b6-7677-4a85-802f-5694266fe38b,Aškerčeva,1117
d6ae97e7-23b5-48d6-a9fa-2a2624e9f434,d08c4884-9764-447f-9b79-0ef7a645222f,4062cd22-b67a-4235-9980-0178b7add592,Drama,1447
da656f17-9723-4cbe-a008-823cbad17c28,b5273abc-dfeb-49a2-9607-249bf6415e4b,9bb1ed3b-5a6f-43c7-afaf-ba2b60ca1a7a,Aškerčeva,219
e97befb6-5dc6-4603-ad5e-3aa96b4b2221,77c4dfcc-1122-4896-9983-8a5bd11320de,bea274aa-277a-403d-ab2f-a0342b28882e,Križanke,1489
cbf8e64b-fd0d-48ec-8fb1-03b298cc13b3,7ba233b7-a50a-497d-8135-dd8dabf93ff5,9b85d4b0-c594-4e0e-9ce2-d0986256c270,Tavčarjeva,116
d119c3e9-7f2c-4d40-97a4-ccc6b4bb2951,81b6f6ad-6dd6-4e3f-a0bd-754a65a3e57b,a719a87c-4e93-4387-a6d1-2631a487f7e0,Ajdovščina,467
ff8f71b7-06fe-47fe-8238-9af5ee1b1dfd,ba2b16a8-1273-45d2-8758-47b9694df9a6,fef200e9-4d98-425b-ab14-8110e2aa85d7,Drama,245
d7748049-2f69-4c77-a19b-96774a521ac1,2323bf9e-1a47-4409-b9c8-398a035c8d12,6182f8e8-c45e-4606-b4a4-d909bd44d2cc,Gornji trg,627
e0f10330-ad34-453d-baf4-d6c601cb6cf8,76ec8af8-07c2-4d44-b0d8-a439d381913f,dfde6478-02b5-471b-a470-29cb0e84542f,Slovenija avto,653
2f874852-bc80-4ff3-b6bf-a914e31251c8,845b482b-dba1-4313-a476-e772691689cf,4062cd22-b67a-4235-9980-0178b7add592,Drama,234
e90a68ac-02be-418f-8937-b9f1906274f2,5c15a390-36b6-47a9-9d84-0c7160157c1d,N/A,N/A,4525
548a85bd-f15f-427b-ad90-43cb50e9e31a,c5527a65-5265-43de-b703-7c7d494d190c,5fa77d25-e7a3-42db-8cc9-52b612d5de19,Preglov trg,482
7b822496-7ea4-4ce8-b78c-1d021c68a9ed,1f9fad8e-d59c-494c-bdd1-1983afacb755,3429cda2-6047-453c-bf54-952dfa6674c0,Klinični center,117
db9f7130-0bc2-4f3e-b8cd-07cfe96b1f8f,34afe7f1-2d09-487f-983f-19c7dd5dae82,4ed69cbb-d738-450c-be11-7d96cd50ee50,Livada,38
1c214818-5471-4d2a-a7b2-33464ffacdad,d4c25d68-c340-431b-a646-7680fe0cefee,4062cd22-b67a-4235-9980-0178b7add592,Drama,476
b2cf1f2c-3c77-4a23-891f-3cdbcda92f19,9a14b0ec-f13a-46f0-8c4f-07d8b99241e2,9b0074d2-2c92-4c01-830b-00be8e05b412,Cukrarna,215
8b5f91a6-23b7-4786-96f9-a80c6d668e18,32ff2d5b-61ae-415b-941b-aeb1be1b5052,a719a87c-4e93-4387-a6d1-2631a487f7e0,Ajdovščina,69
379bc761-04b5-4227-be76-3b870fe3e69f,f414efd9-d697-4bbe-abb6-c9e09fd73514,N/A,N/A,4525
2d42d8e2-26a8-4a74-809c-f436d05c8a54,da834a23-5697-49bb-b3a1-7f277c8206bc,25ad5579-f6a0-4f35-a0c9-0678b41e9dde,Križanke,1047
dadea785-0c6b-4054-9882-37227de3df4b,38b3abed-0592-407b-96c3-85a026f2e192,4062cd22-b67a-4235-9980-0178b7add592,Drama,632
784bebe9-c0c7-46eb-943d-0b1808ffd5ac,452bfd80-e8bd-470b-bc4a-981e1b37ffd7,25c85d19-456c-4188-b563-15ad467a54c7,Vič,861
52e5adea-e194-4fc1-809c-1d6421f8f8db,2628b04b-eaf2-4c5a-b7ac-837237162783,c0a064eb-b507-43c2-a6d2-0e9c5881f031,Središka,929
6459bd02-d8f8-413e-9402-10b916f09a4f,022ef61f-a226-42e8-b11d-30cf9f9a6688,3429cda2-6047-453c-bf54-952dfa6674c0,Klinični center,256
49f28358-bfda-458e-a4b3-a45f602765c1,5aeac892-889f-4c5a-8fde-67e6ac096242,N/A,N/A,4525
717c914e-f928-4671-95f6-26c1ddb95799,fcec9e7a-1c9e-4214-96dd-d071550349e6,fef200e9-4d98-425b-ab14-8110e2aa85d7,Drama,133
16d19639-a788-4df6-a168-6f8c3652ded7,99b82632-116f-421b-9320-d5a53e522155,4062cd22-b67a-4235-9980-0178b7add592,Drama,397
022ef61f-a226-42e8-b11d-30cf9f9a6688,e0bcd677-6012-4c90-a884-44dffafdffec,5d7f28a6-2a2a-4333-aa06-48edfb652f86,Pošta,127
dba19980-8ca1-4847-b9b5-8cd419374ae2,21a5f1e3-8ac0-4023-95ca-0a3ff54099aa,N/A,N/A,4525
17f7d178-41b3-41f9-a545-cbfc22a0a5f1,08f2fb98-afdf-4961-b419-1bca7f5568ab,12618339-2c2d-49ec-b0e0-2517c11991f8,Mirje,306
91fb6c6e-49cf-49d3-97d4-6ae228f9bfa1,f5dc05ab-b5cf-4f25-a85b-f346876311cb,12618339-2c2d-49ec-b0e0-2517c11991f8,Mirje,150
f4c5028b-48a4-4d0e-a91c-81a858923ddd,d7748049-2f69-4c77-a19b-96774a521ac1,fef200e9-4d98-425b-ab14-8110e2aa85d7,Drama,139
bd1396f2-4dc8-4695-9bf1-c601157100d8,aa9cc3b9-7c6c-4e45-b91a-1e0494fbf15e,fef200e9-4d98-425b-ab14-8110e2aa85d7,Drama,253
9e0942f3-2c18-4891-9b51-9d95cc43af7a,7276f267-9837-4c56-aad3-f8cd555060da,a719a87c-4e93-4387-a6d1-2631a487f7e0,Ajdovščina,249
d123fde4-aa91-49c3-83df-5ebf12af4e59,eb165f50-9c43-4b09-9658-469a16d3dc83,3429cda2-6047-453c-bf54-952dfa6674c0,Klinični center,1673
6edebb46-d04f-45c4-99a4-100f7f0b2660,2bf898b0-1247-4e84-87e2-2e044e580c8f,1f9fad8e-d59c-494c-bdd1-1983afacb755,Kodrova,1060
9fa0b90f-dba1-4eca-8802-589425d3e8fd,65a6b01d-c9cf-4d4e-930c-5562156d7375,25ad5579-f6a0-4f35-a0c9-0678b41e9dde,Križanke,1111
ba59baf4-dd00-40a5-80e7-3eee6b9d8b09,557f714a-6f4a-4c98-8c5a-d74fa34b2adb,4062cd22-b67a-4235-9980-0178b7add592,Drama,1146
feb89b92-366d-4f50-a509-40c7baba8cf0,0b6960bb-2431-48c3-9e64-3cbf5c57ea96,25ad5579-f6a0-4f35-a0c9-0678b41e9dde,Križanke,344
4d2fc228-0628-4897-8d77-3e71d500d36d,af820908-f71f-4c46-82c2-e7616f9c21fb,f4cfd904-bd11-4247-95df-32c4555a930f,Klinični center,282
12cfc2b3-f8ff-444b-8d5f-15855e45e331,47637057-8d6a-4cf9-bd56-3ac90748fcc4,b905ae6a-f1e1-4057-8923-481902ed5a8e,Konzorcij,193
17f7d178-41b3-41f9-a545-cbfc22a0a5f1,37fc313d-1f45-49c9-9059-4f96f44a6682,55f1ae46-11e5-4270-991f-f09dae6c58bf,Kodeljevo,44
97788808-915f-4405-b54e-7ec5f95f7330,306dcdea-b1ce-4357-ba5e-fa82293630df,a719a87c-4e93-4387-a6d1-2631a487f7e0,Ajdovščina,344
caac4c1a-13e4-4afa-b467-65d90a8fbd44,62d0c5a7-1692-43ef-b6e2-31f514362629,16578e36-c682-4083-bd29-4973445dc0fe,Gosposvetska,241
639551cf-fe23-4363-8ccd-655bc5d4119e,8f56b058-1ae3-44f5-8600-4330f2264d78,a719a87c-4e93-4387-a6d1-2631a487f7e0,Ajdovščina,12
521edd75-c364-480a-af9e-a1c9815b6dd7,093afa81-b65f-4182-bac3-afbc00558a9b,dd57f39b-be0f-479e-bc35-5bd2edf98ff2,Bolnica,518
36c7bbd0-50d7-4b5d-b9b3-9dadd37ac50b,55f1ae46-11e5-4270-991f-f09dae6c58bf,eead721b-8996-4e73-a2f9-02dba20df4fa,Ilirska,608
a9473958-e505-4c16-8498-486b06a47856,1b3dce90-170f-4176-b47b-2b50b9407e82,769b7bc7-4f95-4bb2-9c99-37ba8e8b4bd5,D. MOST P+R,716
b4766c35-4ab9-4af3-aa76-1b1f40735685,bff8345d-1b72-4b41-8b8d-cb8a5483a2e4,fef200e9-4d98-425b-ab14-8110e2aa85d7,Drama,274
9b9d2948-7538-409c-9bfc-42c0b74c41a8,557f714a-6f4a-4c98-8c5a-d74fa34b2adb,b905ae6a-f1e1-4057-8923-481902ed5a8e,Konzorcij,479
52c437c8-73ae-4db5-ac31-8e7cf5104826,13ceaf6c-9650-45c3-b449-64a0e5094d18,N/A,N/A,4525
041e08cc-b1bd-4f2c-aa4e-a9aaf2837a28,51dbf10f-cf3b-4575-a8cc-d1080c1f9dde,9a1c4c65-df77-481f-87ad-56143f02a864,Vižmarje,602
144ab380-6586-43ce-b216-2e66362b6eca,548dbdee-83b0-497b-acc1-e15b34899d42,105e10e7-fbab-4f99-94c9-178c25630b42,Brodarjev trg,1172
fb0042f8-d9e2-4916-b60a-38a026acf0c9,fcfe6ac9-74b3-4c13-96b7-6041f1454813,fef200e9-4d98-425b-ab14-8110e2aa85d7,Drama,1478
bb606ad8-8a10-4034-9862-60cc177d2455,a2f479c6-4c21-4923-b4ac-86f752507cee,N/A,N/A,4525
6a74977a-a26d-42b4-a60b-8dabc726e57d,71480129-1108-4659-bb1b-d62897a81d02,fef200e9-4d98-425b-ab14-8110e2aa85d7,Drama,374
6459bd02-d8f8-413e-9402-10b916f09a4f,476b2caa-710a-47fe-9743-4d75d7ada5fb,a719a87c-4e93-4387-a6d1-2631a487f7e0,Ajdovščina,1357
21a5f1e3-8ac0-4023-95ca-0a3ff54099aa,ee837fd9-7a5c-4f14-bbd7-a46f14eb07c5,087e50b6-7677-4a85-802f-5694266fe38b,Aškerčeva,1331
7c149b59-2bc6-45cb-95c8-69e18a0db627,6d2a7c2e-5938-433e-a691-b9bc28767675,58cd6196-8ac4-4803-be8b-1c0d2fb52528,Kašeljska,310
d9f26e1a-77fc-48b0-a024-93fd38eb88a4,29336b94-2382-46dd-b2e6-4590dd689640,25ad5579-f6a0-4f35-a0c9-0678b41e9dde,Križanke,379
7a256ec6-bb93-47eb-af92-ea62941c1dc6,862efb04-bcf5-493a-929d-242fb91ba5f6,fef200e9-4d98-425b-ab14-8110e2aa85d7,Drama,169
55e3f615-be6c-43f4-9858-e199862771a4,0760a037-cd94-4936-89b6-45ce9bd19917,b905ae6a-f1e1-4057-8923-481902ed5a8e,Konzorcij,1029
10449641-799e-4ee4-a712-a6e3a9aefc27,9845a6f7-ba79-4f3d-b6ae-969651ef6001,fef200e9-4d98-425b-ab14-8110e2aa85d7,Drama,603
fcfe6ac9-74b3-4c13-96b7-6041f1454813,2896bfa8-0586-4ed1-8d93-c5c6e1ff3d72,12618339-2c2d-49ec-b0e0-2517c11991f8,Mirje,1013
60d91c8b-d5a9-4ef4-927c-e241bc31f81a,b5400e28-b0c3-4a02-9da2-084c465bd1d3,bea274aa-277a-403d-ab2f-a0342b28882e,Križanke,802
53806659-b339-4e68-af4a-4325c16b6026,9cd1e7f8-8ccf-4469-bc25-25d138605c67,a719a87c-4e93-4387-a6d1-2631a487f7e0,Ajdovščina,259
235d7e56-4520-4691-b7d9-7588f7306e1d,1b3ddeca-a066-43ee-9ae5-8339628129c2,25ad5579-f6a0-4f35-a0c9-0678b41e9dde,Križanke,1084
7e780e7f-3665-4ec7-a910-eaf6e9d82551,bb995fbb-29c8-4035-9503-ae33320833a8,b905ae6a-f1e1-4057-8923-481902ed5a8e,Konzorcij,378
3febe187-31d6-4229-be07-78ff782ca972,31e6db90-ba65-4c49-90c0-317fb92596b3,05643914-8ff7-4064-8737-2761d44a083f,Tabor,30
10d57057-b305-4b7a-806b-3373014db962,592b37eb-8255-4758-ae8a-7cef98521013,c87db9be-1fba-4102-a743-0ee4317dd5af,Bavarski dvor,673
e65047c0-c01e-4727-b466-78e107c81ee4,da834a23-5697-49bb-b3a1-7f277c8206bc,717c914e-f928-4671-95f6-26c1ddb95799,Cesta v Gorice,384
aa3ce006-1975-496a-abc6-a98ec5e87652,106bdc28-f0fe-4f13-b4ad-6c6a630550b5,889e3719-7d29-4888-b690-5a1531d2930e,Jadranska,698
30e58784-86f6-4d93-8630-3cc3fc93c6f3,a6fde748-bb91-465c-8665-20cbaed7df19,N/A,N/A,4525
83a62071-0161-47a2-b745-eafb5e945632,af2956ba-d922-4ec4-bfa7-b623c29e8b3e,4062cd22-b67a-4235-9980-0178b7add592,Drama,619
1d62c3f1-903c-4350-a349-80c4573b3cdc,58db973d-ecbb-4aa6-a56c-c26aaff7f263,5d7f28a6-2a2a-4333-aa06-48edfb652f86,Pošta,540
02c61e3f-2d2e-4b42-b695-bbd3cc672f6b,c627c9f2-af02-4d83-969a-566719bb09e3,bea274aa-277a-403d-ab2f-a0342b28882e,Križanke,1778
b5273abc-dfeb-49a2-9607-249bf6415e4b,da656f17-9723-4cbe-a008-823cbad17c28,295616c0-387b-4f60-a337-7743cd6be04e,Bavarski dvor,306
08506f21-8675-4972-a359-ba9412a1da49,06348c07-2fb0-4dfb-a938-aaef614a7f68,25ad5579-f6a0-4f35-a0c9-0678b41e9dde,Križanke,847
9cd1e7f8-8ccf-4469-bc25-25d138605c67,7ba233b7-a50a-497d-8135-dd8dabf93ff5,fef200e9-4d98-425b-ab14-8110e2aa85d7,Drama,728
121b30dc-065b-4c76-aad2-a54a85c74d4d,47637057-8d6a-4cf9-bd56-3ac90748fcc4,9bb1ed3b-5a6f-43c7-afaf-ba2b60ca1a7a,Aškerčeva,489
79a5bacd-8b59-4d83-99e8-26e3c5b1490b,d83ec579-9ab5-4e30-bedd-86613c234abd,9b0074d2-2c92-4c01-830b-00be8e05b412,Cukrarna,457
22c11486-1afa-491f-b9ab-162d88c8c44d,3429cda2-6047-453c-bf54-952dfa6674c0,557f714a-6f4a-4c98-8c5a-d74fa34b2adb,Hrvatski trg,745
c627c9f2-af02-4d83-969a-566719bb09e3,cdee8be6-e02c-4fb5-9752-be1bac08d90d,a719a87c-4e93-4387-a6d1-2631a487f7e0,Ajdovščina,504
392949a1-1ada-4196-9073-6f392638ca49,c3534bc6-7bfd-43be-b46a-2b0fced57ab8,a719a87c-4e93-4387-a6d1-2631a487f7e0,Ajdovščina,141
075a6b29-66cb-409f-89fe-37d50669eff4,eb11d52f-300b-4648-a2e8-ed03db9ff7e2,N/A,N/A,4525
4a90e424-11ab-43a8-b7e9-1c4f42fe2b7c,318d4398-e152-498b-b4ff-1344c67adba6,12618339-2c2d-49ec-b0e0-2517c11991f8,Mirje,473
21fba303-9465-42e6-8942-eaff85a2b40c,c326e479-ccc3-4915-8788-3fa189d0143e,aa42017d-812a-4175-bc9b-0fec03b18931,Ambrožev trg,2213
339ec74c-f45b-4f23-98b8-7ac67486ff6d,f07c916c-6fc6-4acf-a334-0ab0d3c4f57f,25ad5579-f6a0-4f35-a0c9-0678b41e9dde,Križanke,201
efecc3aa-ae68-4374-bc24-334280abcf3f,e66e813a-722d-40f8-9ee9-1470d07bc200,25ad5579-f6a0-4f35-a0c9-0678b41e9dde,Križanke,410
6a0b25cc-428e-47b5-831a-e89facfa7f26,0be53afd-2427-49b2-b70c-2ee3d89e9762,087e50b6-7677-4a85-802f-5694266fe38b,Aškerčeva,330
30c30bf5-75c4-4dc0-995f-4679ef54d37c,9807573b-8821-40e4-b891-a5cea6e23b3d,4062cd22-b67a-4235-9980-0178b7add592,Drama,55
4062cd22-b67a-4235-9980-0178b7add592,c71e1e0c-780a-4d46-8b33-09aebbbcfcd8,5d7f28a6-2a2a-4333-aa06-48edfb652f86,Pošta,223
22ef2062-46f0-4a46-8d9a-6ceb7b7f45bc,2cde6efe-5f53-44aa-8018-76f0ea2c86f8,b905ae6a-f1e1-4057-8923-481902ed5a8e,Konzorcij,347
f958cead-e4c3-4743-834d-46de4a06a8c9,0be53afd-2427-49b2-b70c-2ee3d89e9762,fef200e9-4d98-425b-ab14-8110e2aa85d7,Drama,104
795c157e-21e0-4115-85aa-93c227e3420f,521edd75-c364-480a-af9e-a1c9815b6dd7,5d7f28a6-2a2a-4333-aa06-48edfb652f86,Pošta,670
cddb3822-7daf-4cae-9cc3-6b191e81326b,813b7c8c-5236-405a-bb0d-092a5d93c2a6,4062cd22-b67a-4235-9980-0178b7add592,Drama,956
f2920a77-6c6c-494d-96b7-2a8caf8f374f,2d6504e9-c938-417e-9b55-32d6514bc744,36d25599-0bed-48a0-bcb4-134be8a959fe,Emona,238
930fed8f-1d4d-40c6-9a3b-53697263a0f2,4c08e174-6890-4c5d-9eec-15686971f909,N/A,N/A,4525
a2947722-2e6f-48dd-9c31-ff36356676fa,81f21fc1-3bd2-4d2a-b563-2d063479c68e,b905ae6a-f1e1-4057-8923-481902ed5a8e,Konzorcij,841
1c0c01ee-6258-4328-9d01-489eb421a8d9,f11e48f8-4133-4c36-a36f-73b4f33d9592,9b0074d2-2c92-4c01-830b-00be8e05b412,Cukrarna,189
ef31a8be-b01d-44cd-95cf-3db8e918af26,36c4949b-403b-4a76-87e3-d67f51d655ef,36d25599-0bed-48a0-bcb4-134be8a959fe,Emona,1805
6bd46cb7-9e5d-453a-878a-bcc38fb2a5f2,a9473958-e505-4c16-8498-486b06a47856,ecc4ae87-ae08-4b94-995c-452fdd94df7f,Privoz,573
1632ee87-59dd-4367-bf10-9d13aa688e82,25cde952-4896-4977-b229-75e09b3e3661,b905ae6a-f1e1-4057-8923-481902ed5a8e,Konzorcij,120
727cab27-5e8e-4c5e-ba27-449822a45ee7,783196f2-97cd-4265-bb9a-b13aa8bb6a0b,4062cd22-b67a-4235-9980-0178b7add592,Drama,401
5d1e404b-1606-457e-8d2b-4e3e80139532,bd1a0fbd-1593-4552-a76f-681c59333d6b,60ccc570-3714-410b-aa31-43d3a4c593c8,Tržnica Moste,473
5930b5fe-26e2-4b69-bd1e-cdea021a0ab4,6459bd02-d8f8-413e-9402-10b916f09a4f,d72032c7-d4b0-4eee-a87c-593985a42266,Tobačna,504
15af3c66-ad74-4f41-92f7-92e2ff72a51d,bbfc6d44-94da-4cfd-b22a-368a2b11ce20,6182f8e8-c45e-4606-b4a4-d909bd44d2cc,Gornji trg,1688
77dcd833-fa4d-4c5a-93b1-31284942e61d,5930b5fe-26e2-4b69-bd1e-cdea021a0ab4,bea274aa-277a-403d-ab2f-a0342b28882e,Križanke,681
21fba303-9465-42e6-8942-eaff85a2b40c,2fafda56-e44d-4e08-8503-90e6bf75e19d,48507e1a-32df-4552-9448-3b345760b75f,Cesta na Vevče,771
1aa7e441-8646-4d1d-88bd-ab004758ffc4,e9d9f622-7394-4c5c-9031-a41855a64aa7,5d7f28a6-2a2a-4333-aa06-48edfb652f86,Pošta,750
7fcb0952-c77f-44b5-adf3-0aa2a2b8550a,34f3ddda-e732-4b53-bfb2-8773b5cd6eac,bea274aa-277a-403d-ab2f-a0342b28882e,Križanke,212
8441d439-8d1d-40b8-b3d5-7b9c56848b43,78c69686-64ed-437c-83b5-0e28733ed70c,f4cfd904-bd11-4247-95df-32c4555a930f,Klinični center,645
7e780e7f-3665-4ec7-a910-eaf6e9d82551,befe0e87-b5fe-41ff-9a77-f65461eff28d,b905ae6a-f1e1-4057-8923-481902ed5a8e,Konzorcij,500
bb1ac8b9-5cb2-49f2-8d5c-d7fe4afdd5dd,16d19639-a788-4df6-a168-6f8c3652ded7,0b4a072e-6c2d-4c71-ab80-2b7142df81de,Tivoli,914
15bb8af1-183e-4ec8-81f7-1fc6e81beb30,106bdc28-f0fe-4f13-b4ad-6c6a630550b5,b905ae6a-f1e1-4057-8923-481902ed5a8e,Konzorcij,804
1b3ddeca-a066-43ee-9ae5-8339628129c2,8561e9fb-03e0-46f1-802d-b376d26a8ea5,eead721b-8996-4e73-a2f9-02dba20df4fa,Ilirska,438
42bcfbad-96b8-4ce2-96f3-07694e1bcfe2,9a14b0ec-f13a-46f0-8c4f-07d8b99241e2,N/A,N/A,4525
5de84f88-3f32-4636-8c30-03cc267ecf37,8f56b058-1ae3-44f5-8600-4330f2264d78,7a52a73a-cc0e-4c61-b9bc-306157727e1c,Tržnica Moste,107
bd001f58-6e58-49e9-877f-1fa36964fbc2,1e157c31-d34d-4c2e-91b4-8c000c88f6dd,087e50b6-7677-4a85-802f-5694266fe38b,Aškerčeva,146
b7b7ac00-59bb-41eb-833d-ad309d24e68a,c8e0086c-0cef-4375-a471-72f3ae1e34fc,db046e79-c658-433c-8812-157fd965a9f6,Galjevica,474
d72032c7-d4b0-4eee-a87c-593985a42266,233daca5-913b-4e10-bf34-18b1c8c77019,a719a87c-4e93-4387-a6d1-2631a487f7e0,Ajdovščina,928
6932c2e0-ff32-4170-b519-fba88e29c147,aee8e842-6083-48a7-b14f-cc3d112537bb,087e50b6-7677-4a85-802f-5694266fe38b,Aškerčeva,75
c3534bc6-7bfd-43be-b46a-2b0fced57ab8,9e109242-5aad-4fb7-b0c8-576eef8aa4e0,25ad5579-f6a0-4f35-a0c9-0678b41e9dde,Križanke,359
52c437c8-73ae-4db5-ac31-8e7cf5104826,cf6f67f5-f7df-4462-828b-481134217fad,N/A,N/A,4525
98a94a2a-894f-4ff0-9967-1dd986bf0cfd,28248670-5e08-4de2-8eab-e63933c0d61d,5d7f28a6-2a2a-4333-aa06-48edfb652f86,Pošta,290
fc3967fb-5520-4fff-a819-f625242182e5,d9224caa-d582-4152-88e0-be720677fe16,bea274aa-277a-403d-ab2f-a0342b28882e,Križanke,300
3d2f3af0-3b48-4019-a861-ee4fff761a24,a3aeed02-8e36-4cb0-bb08-25cc4afda164,e66e813a-722d-40f8-9ee9-1470d07bc200,Tobačna,531
84578591-7543-4105-8465-9df30256360d,010c271e-49ca-45a5-91ac-8ba8d41ee7f3,712ee105-4fab-498a-af5c-496ca9830f5f,Viadukt,231
5ddf10c0-90a5-4dbf-992c-23c0505674aa,4a74b966-4fbf-41ab-8e1b-276f3f14fc49,fb0042f8-d9e2-4916-b60a-38a026acf0c9,Leskoškova,1157
8598b85d-3e1d-4767-b72f-0c209038841f,8d5e4aed-59fb-47c9-8559-5bf11b7ddca0,087e50b6-7677-4a85-802f-5694266fe38b,Aškerčeva,358
a1795ee0-9147-4a5c-bb11-f60a809f690e,d4fd9934-5253-4ab8-a779-3e9e2a30c5b7,N/A,N/A,4525
8677848c-55dd-4af4-b275-3074a3ff4846,1a1ee974-5091-4fa7-96a2-0c2508892aa3,79325942-629a-4766-a34a-525f8edf8cc5,Podgora,1041
cecad767-51e5-4683-bf56-e6e342f8d1e0,fcccf4af-4f16-4edc-ba5a-585c434593fe,9b85d4b0-c594-4e0e-9ce2-d0986256c270,Tavčarjeva,686
d9224caa-d582-4152-88e0-be720677fe16,41489be9-b3b7-4cbe-90f8-af1a435b2676,5d7f28a6-2a2a-4333-aa06-48edfb652f86,Pošta,568
4d2fc228-0628-4897-8d77-3e71d500d36d,95be8f74-3ed5-4cf1-aabc-b1c0027ea628,N/A,N/A,4525
cec37fa8-0d4a-4e80-a259-2fa91b68463d,4ec1b435-1683-4cd7-a4d0-688cc9f3b603,d72032c7-d4b0-4eee-a87c-593985a42266,Tobačna,188
712ee105-4fab-498a-af5c-496ca9830f5f,53806659-b339-4e68-af4a-4325c16b6026,67c3adc1-a92d-4528-91ee-77d8b52574c6,Poliklinika,881
ba846253-4c87-4120-8f1c-05a563bf3999,5d7f28a6-2a2a-4333-aa06-48edfb652f86,9bb1ed3b-5a6f-43c7-afaf-ba2b60ca1a7a,Aškerčeva,111
3203d037-a222-4092-8dd6-e8dfcd49a2c9,0c5f69a6-97c7-4053-bc0b-3f09dbf72f46,b905ae6a-f1e1-4057-8923-481902ed5a8e,Konzorcij,248
69f98a9c-d52d-423a-b44e-89b6320a7a88,feb89b92-366d-4f50-a509-40c7baba8cf0,5cc8a08d-c0af-491f-9a9c-b8b4f5f23bc0,BTC-Emporium,39
318d4398-e152-498b-b4ff-1344c67adba6,c32ef99a-6752-47fe-94eb-a5134c7110af,edf94a12-03e9-4225-b6cc-aca0edf588a7,Šentvid,668
7fcb0952-c77f-44b5-adf3-0aa2a2b8550a,d2f9bbec-4b03-49a8-af83-afe65fe07a0e,9dfc0a62-bf4d-4670-83d0-4e26a6e56b32,Smelt,514
5d7f28a6-2a2a-4333-aa06-48edfb652f86,2e6c059c-0305-47bb-9ca8-00a2123039e9,fef200e9-4d98-425b-ab14-8110e2aa85d7,Drama,194
3d2f3af0-3b48-4019-a861-ee4fff761a24,aee8e842-6083-48a7-b14f-cc3d112537bb,5d7f28a6-2a2a-4333-aa06-48edfb652f86,Pošta,125
f07c916c-6fc6-4acf-a334-0ab0d3c4f57f,eee4abae-e720-4776-b6c7-0099d0119246,f33b721f-a8a3-4aad-96f2-077da09ebaa6,Razstavišče,16
eead721b-8996-4e73-a2f9-02dba20df4fa,f4c5028b-48a4-4d0e-a91c-81a858923ddd,5d7f28a6-2a2a-4333-aa06-48edfb652f86,Pošta,903
7b687edb-dc47-4b68-a13e-34713cababe9,9807573b-8821-40e4-b891-a5cea6e23b3d,484b5c91-1220-43ba-af79-84e712fcc46b,Slovenija avto,764
ae3f312a-4242-4a42-8df2-5990505a7747,106bdc28-f0fe-4f13-b4ad-6c6a630550b5,557f714a-6f4a-4c98-8c5a-d74fa34b2adb,Hrvatski trg,1143
55e3f615-be6c-43f4-9858-e199862771a4,9c3d9f7c-69df-4a48-8f1a-d25e7a922ac3,5d7f28a6-2a2a-4333-aa06-48edfb652f86,Pošta,272
e9035f9a-28be-450a-a30c-7178134ff26b,53ec687a-6f0c-4bb7-b1b4-606e7dcfada9,fef200e9-4d98-425b-ab14-8110e2aa85d7,Drama,827
9741988b-6723-480b-a419-8db7490d667a,99b82632-116f-421b-9320-d5a53e522155,f4cfd904-bd11-4247-95df-32c4555a930f,Klinični center,2822
47252dc3-dbd8-43df-898b-0a3fb27ffc93,52e5adea-e194-4fc1-809c-1d6421f8f8db,023d7b7a-b411-4e61-8746-b07f9e5c8f90,Ambrožev trg,323
eb8e8d9a-a3d5-4ec1-9356-26e0e41912d1,5c9baa4c-9ee0-4263-be22-72f5a73c714d,bea274aa-277a-403d-ab2f-a0342b28882e,Križanke,1237
ef3024a8-1d7f-4cf5-ad3b-74528eaa9c51,e333d90d-3eef-4d82-9e00-ebe693e2f389,1eadcdb9-60cd-47c9-8eec-527c3465a685,Polje,1171
8f623f1d-48a7-46b5-9331-28a8dc980876,5c38ad77-8124-42b3-810f-04703daec8b4,ecc4ae87-ae08-4b94-995c-452fdd94df7f,Privoz,1240
306dcdea-b1ce-4357-ba5e-fa82293630df,27788b38-4743-4e04-9b9c-94faeeeb2d34,9e109242-5aad-4fb7-b0c8-576eef8aa4e0,VEVČE,299
9a938b49-ce1d-4e1c-a789-e316630ebc4f,3c143688-247f-41cc-960d-f5e37b874c3a,087e50b6-7677-4a85-802f-5694266fe38b,Aškerčeva,383
30131bc3-a0f7-4cfc-9e4d-552b325c0ba7,60edf514-fd83-400b-b86f-881f7eff258b,639551cf-fe23-4363-8ccd-655bc5d4119e,Zmajski most,1368
a9473958-e505-4c16-8498-486b06a47856,68075aa0-144c-4f6e-93ef-e93dfc35df78,e66e813a-722d-40f8-9ee9-1470d07bc200,Tobačna,706
ea91e672-f4a8-40cb-af62-214726551a93,edf94a12-03e9-4225-b6cc-aca0edf588a7,8561e9fb-03e0-46f1-802d-b376d26a8ea5,Drenikova,272
5aeac892-889f-4c5a-8fde-67e6ac096242,cd5497dc-20a4-40b3-9adf-b380de5d9f16,9bb1ed3b-5a6f-43c7-afaf-ba2b60ca1a7a,Aškerčeva,1335
2496479b-f855-403d-bce8-2a4d9988665d,d119c3e9-7f2c-4d40-97a4-ccc6b4bb2951,f4cfd904-bd11-4247-95df-32c4555a930f,Klinični center,241
1cc5f00f-c982-4016-8553-40a3da4f36ad,441545fb-7a0c-4555-aea8-01cbe6c14ea3,25ad5579-f6a0-4f35-a0c9-0678b41e9dde,Križanke,191
a8a92762-af25-42a7-98dd-9846f8b33e09,db9f7130-0bc2-4f3e-b8cd-07cfe96b1f8f,N/A,N/A,4525
7fad8003-fb10-489d-bf8d-6d433310ad90,7554bb81-1144-4263-999d-f6e358d808fe,ecc4ae87-ae08-4b94-995c-452fdd94df7f,Privoz,625
62d0c5a7-1692-43ef-b6e2-31f514362629,5f6cb902-b824-4961-9ac2-75cf44a47055,e66e813a-722d-40f8-9ee9-1470d07bc200,Tobačna,413
4062cd22-b67a-4235-9980-0178b7add592,e9d9f622-7394-4c5c-9031-a41855a64aa7,f4cfd904-bd11-4247-95df-32c4555a930f,Klinični center,337
769b7bc7-4f95-4bb2-9c99-37ba8e8b4bd5,f4cfd904-bd11-4247-95df-32c4555a930f,fef200e9-4d98-425b-ab14-8110e2aa85d7,Drama,241
eec159d0-4b1b-4706-9a5d-a00ddcbea9f5,f8da5156-e545-47ed-a811-2242f41f5593,fef200e9-4d98-425b-ab14-8110e2aa85d7,Drama,271
db046e79-c658-433c-8812-157fd965a9f6,b589ddd3-5a31-4fe1-915f-44347b4c0a1a,b905ae6a-f1e1-4057-8923-481902ed5a8e,Konzorcij,116
d2ff7ae5-59fc-4894-aa50-a7f16b5e3534,cee2862b-9b70-4880-8fa3-16c6d2efae1b,f8da5156-e545-47ed-a811-2242f41f5593,Mercator,129
f4cfd904-bd11-4247-95df-32c4555a930f,ca8cbe57-95dc-4326-9c06-b60a87b981b1,557f714a-6f4a-4c98-8c5a-d74fa34b2adb,Hrvatski trg,92
1505c6fe-6080-424e-98d1-24c312cfacf3,47252dc3-dbd8-43df-898b-0a3fb27ffc93,5d7f28a6-2a2a-4333-aa06-48edfb652f86,Pošta,56
7add6fa5-bfd5-4d9c-841b-d9856088ede9,144ab380-6586-43ce-b216-2e66362b6eca,5d7f28a6-2a2a-4333-aa06-48edfb652f86,Pošta,199
62b17644-b4a6-412f-9e03-79bbaf339717,476c1b24-6f2f-4727-b610-645c50493814,2c87f988-902b-4b35-91da-5437a58759f5,Šentjakob,175
d06c6c8a-c136-4b7a-9c13-b26ba0c04029,476b2caa-710a-47fe-9743-4d75d7ada5fb,087e50b6-7677-4a85-802f-5694266fe38b,Aškerčeva,222
595ee2ab-3022-469d-a3e1-0c87d7dfb14d,2f18bcfa-6189-4de4-b06f-132d3392e7d6,25ad5579-f6a0-4f35-a0c9-0678b41e9dde,Križanke,562
c0a064eb-b507-43c2-a6d2-0e9c5881f031,a33e6b1f-de56-43aa-9a52-f7064636ab79,4062cd22-b67a-4235-9980-0178b7add592,Drama,427
2388ce1f-c947-42d7-97f3-e01a7254c933,d5d15a80-243b-49d7-a616-b3c3fb39e8af,N/A,N/A,4525
93928408-7b36-41f9-9b62-fec53e14b4e2,938c9405-72bb-4acd-bace-a75abcf2f9cb,5fa77d25-e7a3-42db-8cc9-52b612d5de19,Preglov trg,841
4a74b966-4fbf-41ab-8e1b-276f3f14fc49,8648bfde-9b0f-4a64-aced-fe63aa923879,e786b2df-34ed-4246-832e-7c3d538ac1f4,Kranjčeva,188
8f56b058-1ae3-44f5-8600-4330f2264d78,121b30dc-065b-4c76-aad2-a54a85c74d4d,79d89180-8b07-4127-b7b4-1ac03d1cee9f,Kompas,310
a719a87c-4e93-4387-a6d1-2631a487f7e0,b60d686c-3b89-447c-93f6-2837d9af3d02,4062cd22-b67a-4235-9980-0178b7add592,Drama,24
cdabf1ea-b04c-480a-8359-72c46e6864ab,71480129-1108-4659-bb1b-d62897a81d02,b905ae6a-f1e1-4057-8923-481902ed5a8e,Konzorcij,140
02c61e3f-2d2e-4b42-b695-bbd3cc672f6b,0b6c7b97-410c-48fa-be23-430c316f9b10,5d7f28a6-2a2a-4333-aa06-48edfb652f86,Pošta,197
eefb30b4-8049-4128-89f5-bb359b1c93b0,0eca6015-5429-4289-a76c-4ec9ef707e67,fef200e9-4d98-425b-ab14-8110e2aa85d7,Drama,927
eee4abae-e720-4776-b6c7-0099d0119246,eaad1ba5-14a4-494f-80ae-65294c29a962,fef200e9-4d98-425b-ab14-8110e2aa85d7,Drama,926
bb995fbb-29c8-4035-9503-ae33320833a8,ad8a76cf-4386-44b3-9156-490c502e4bc4,48507e1a-32df-4552-9448-3b345760b75f,Cesta na Vevče,71
7411cd45-83d2-40e6-89f6-5a0995e409cb,548dbdee-83b0-497b-acc1-e15b34899d42,N/A,N/A,4525
38b3abed-0592-407b-96c3-85a026f2e192,88cdd36c-03d2-4374-a22f-110dd9f75ea0,5d7f28a6-2a2a-4333-aa06-48edfb652f86,Pošta,2140
4d216485-ef41-45e7-9182-0c254644955c,d3283222-38a9-40e2-a485-180d1a33067c,fef200e9-4d98-425b-ab14-8110e2aa85d7,Drama,651
aa3ce006-1975-496a-abc6-a98ec5e87652,627be449-8b6a-40f4-a57c-09ccdacccb66,023d7b7a-b411-4e61-8746-b07f9e5c8f90,Ambrožev trg,599
0d50a4a8-a88d-4468-b562-73e51937e1c5,53ec687a-6f0c-4bb7-b1b4-606e7dcfada9,a3aeed02-8e36-4cb0-bb08-25cc4afda164,Rašica,55
087e50b6-7677-4a85-802f-5694266fe38b,a0e0a21b-b8ce-4d76-bbc2-04e179367fee,9bb1ed3b-5a6f-43c7-afaf-ba2b60ca1a7a,Aškerčeva,285
e8d0bfd1-b300-4eae-8f85-79266066bb3c,c297ac70-8f43-4fbc-a8a4-366ddb883a8d,557f714a-6f4a-4c98-8c5a-d74fa34b2adb,Hrvatski trg,588
34ead609-4331-48ab-8e82-52dd70da9832,43df2657-d56f-4fc4-8c40-49180cbbe90c,6182f8e8-c45e-4606-b4a4-d909bd44d2cc,Gornji trg,621
9746f277-af08-4cce-92fa-41da5eca8ac2,77c4dfcc-1122-4896-9983-8a5bd11320de,9bb1ed3b-5a6f-43c7-afaf-ba2b60ca1a7a,Aškerčeva,445
9c2e9262-7afe-44d3-8aaf-80afd45f9118,4d57f6bd-7ba7-4f07-8aa1-ecac0b09e8db,11d74c00-da13-4cad-883e-c6dcf8edcbe8,Aleja,254
2c0475be-44e7-4f0f-a06d-2c1b4ca15677,538ab00b-ee39-44e8-b5a4-62c2c6215bf6,4d2fc228-0628-4897-8d77-3e71d500d36d,Sava,1055
2496479b-f855-403d-bce8-2a4d9988665d,b0d473cd-f35e-4a30-8d0d-70f16b92e8e8,2496479b-f855-403d-bce8-2a4d9988665d,Rutar,39
1eadcdb9-60cd-47c9-8eec-527c3465a685,1faa072c-478b-4656-8df3-84167a9a4bbb,d5102041-8282-4c77-a593-edac0d0d4a34,Cukrarna,308
f1bc11ca-7516-447a-b826-7051c5306af7,d8289ab1-f65d-4b3d-8b4b-55ada004f023,f14a6236-8af2-47bf-9270-432377662a63,Viadukt,833
51dbf10f-cf3b-4575-a8cc-d1080c1f9dde,f4c5028b-48a4-4d0e-a91c-81a858923ddd,5d7f28a6-2a2a-4333-aa06-48edfb652f86,Pošta,169
5764ff17-c787-4918-b7bd-a2ed9c6d7dd1,7ba233b7-a50a-497d-8135-dd8dabf93ff5,fef200e9-4d98-425b-ab14-8110e2aa85d7,Drama,179
c627c9f2-af02-4d83-969a-566719bb09e3,1b3d51e8-8b5e-4b31-a63e-9d665243c2f1,e66e813a-722d-40f8-9ee9-1470d07bc200,Tobačna,317
eee355cc-98a1-4f25-8bf9-0100856eda6e,461045f0-a82c-45c0-af66-71b25f3f0e1a,5c38ad77-8124-42b3-810f-04703daec8b4,Šentjakob,165
83a62071-0161-47a2-b745-eafb5e945632,caac4c1a-13e4-4afa-b467-65d90a8fbd44,aa42017d-812a-4175-bc9b-0fec03b18931,Ambrožev trg,125
efecc3aa-ae68-4374-bc24-334280abcf3f,a0b1fb90-3f6a-4231-910a-18be192ac762,bd1396f2-4dc8-4695-9bf1-c601157100d8,Preglov trg,269
087e50b6-7677-4a85-802f-5694266fe38b,8eeea585-6168-45b8-a5d4-336e61826043,4062cd22-b67a-4235-9980-0178b7add592,Drama,477
81b6f6ad-6dd6-4e3f-a0bd-754a65a3e57b,459f82d2-cbe4-414b-b66b-0b794ea958ed,fac22b83-1bc0-4c12-8533-485b115409ef,Bolnica,723
acedfed0-a3ba-4fa3-8cd6-910783961f0a,eb43a68a-54a5-4a37-b090-1329e2b4d830,8c7fa045-888b-46d0-8189-6f82623bf481,Poljanska,256
67d66d40-e8ba-4bc0-a9cf-814dce3ccbea,cdbafa76-fd1b-45e0-bbd6-d6c1c6a141f9,557f714a-6f4a-4c98-8c5a-d74fa34b2adb,Hrvatski trg,1856
824255dc-9be8-4f7b-9b69-2bd4e5a3fc27,d9224caa-d582-4152-88e0-be720677fe16,fef200e9-4d98-425b-ab14-8110e2aa85d7,Drama,462
0be237aa-4b91-4d2b-ac23-0cebac975a0d,023d7b7a-b411-4e61-8746-b07f9e5c8f90,9cfac7e2-9653-4e52-a6d3-27756d27f817,Kino Šiška,359
fb662324-f307-452f-9b00-0275dadfd382,47283e27-c588-411c-9303-30a6f0beeaef,6182f8e8-c45e-4606-b4a4-d909bd44d2cc,Gornji trg,327
717c914e-f928-4671-95f6-26c1ddb95799,397418bc-78a7-45c9-b5cf-374fe21cee11,fef200e9-4d98-425b-ab14-8110e2aa85d7,Drama,1227
a52cd7ac-c11e-4c8b-94a5-1a12b32595da,0334e79e-7a89-44e9-a463-5af813e64a40,d7748049-2f69-4c77-a19b-96774a521ac1,Prekmurska,422
bf990a3a-96e9-42b7-9147-33e85bd24c05,dfde6478-02b5-471b-a470-29cb0e84542f,5d7f28a6-2a2a-4333-aa06-48edfb652f86,Pošta,329
192b7b6a-b138-4569-a4f3-86bef6b20810,b2dd8b3a-3710-4f07-b735-4bd183bfaade,eead721b-8996-4e73-a2f9-02dba20df4fa,Ilirska,482
5f2b93f1-7933-45ed-915c-4488ab8d81b7,aa31554f-8623-42db-aedd-ad9a8f562e4c,f4cfd904-bd11-4247-95df-32c4555a930f,Klinični center,238
1907a46a-4559-43ec-8363-03fe35d30725,edc8bf1d-d4f1-4c5b-8112-e4fa71a02bae,087e50b6-7677-4a85-802f-5694266fe38b,Aškerčeva,158
1f207e67-adf9-4da6-b107-3b58051d9990,cdbafa76-fd1b-45e0-bbd6-d6c1c6a141f9,d72032c7-d4b0-4eee-a87c-593985a42266,Tobačna,1086
0a4b6359-22f0-4caa-b4a8-f4edb97a0825,47283e27-c588-411c-9303-30a6f0beeaef,a719a87c-4e93-4387-a6d1-2631a487f7e0,Ajdovščina,83
277bc73c-e61d-4046-bcfd-31d6161c568e,8441d439-8d1d-40b8-b3d5-7b9c56848b43,bea274aa-277a-403d-ab2f-a0342b28882e,Križanke,402
05643914-8ff7-4064-8737-2761d44a083f,3c143688-247f-41cc-960d-f5e37b874c3a,f073b9d9-a3e3-4d04-a209-0db55377b79e,Zmajski most,163
53c3c8c9-2e64-4a8f-9afb-031b24c17d5a,f528b363-1484-456c-835b-1e08dc31ef8e,25ad5579-f6a0-4f35-a0c9-0678b41e9dde,Križanke,438
02e96186-e90a-4171-8869-082486f7da1d,cee2862b-9b70-4880-8fa3-16c6d2efae1b,N/A,N/A,4525
94712446-2421-4304-b4f1-3b3f82998713,2154edb8-16e2-4334-8878-9e38abcdf06a,16578e36-c682-4083-bd29-4973445dc0fe,Gosposvetska,855
717c914e-f928-4671-95f6-26c1ddb95799,6a74977a-a26d-42b4-a60b-8dabc726e57d,bea274aa-277a-403d-ab2f-a0342b28882e,Križanke,604
e6f5183b-c615-4f47-b4fb-204ee070e825,30131bc3-a0f7-4cfc-9e4d-552b325c0ba7,154f3596-bbbb-4038-9ad7-c4b8b5288a02,Stadion,1701
824255dc-9be8-4f7b-9b69-2bd4e5a3fc27,6330ad8d-b582-4c92-bc7e-d3f206264f04,5d7f28a6-2a2a-4333-aa06-48edfb652f86,Pošta,964
d987aa3a-ae4a-42f6-bc9b-79c41dcf055a,6a89c110-a0f8-4b1a-87f0-33f49c0a658e,fef200e9-4d98-425b-ab14-8110e2aa85d7,Drama,542
1a3351a1-563e-4174-b402-54bc0e2f5191,cec37fa8-0d4a-4e80-a259-2fa91b68463d,9bb1ed3b-5a6f-43c7-afaf-ba2b60ca1a7a,Aškerčeva,830
eb43a68a-54a5-4a37-b090-1329e2b4d830,5fa77d25-e7a3-42db-8cc9-52b612d5de19,9dfc0a62-bf4d-4670-83d0-4e26a6e56b32,Smelt,80
6739536d-b334-46c6-ae80-4890afac7985,47283e27-c588-411c-9303-30a6f0beeaef,087e50b6-7677-4a85-802f-5694266fe38b,Aškerčeva,1305
889e3719-7d29-4888-b690-5a1531d2930e,81a7167c-7913-442e-96c5-20dc6e25d74b,a9796806-8cd3-4b76-bf8c-4340aec35c9e,Lutkovno gl.,460
9bd3ee10-bc61-44e8-8cf3-a37cffd54da0,b56664c0-1dc1-42c5-b10b-52c3fb0dd042,fef200e9-4d98-425b-ab14-8110e2aa85d7,Drama,421
3203d037-a222-4092-8dd6-e8dfcd49a2c9,7ad25867-5c97-4f9f-9b1b-4966436f7fbf,087e50b6-7677-4a85-802f-5694266fe38b,Aškerčeva,365
3429cda2-6047-453c-bf54-952dfa6674c0,3429cda2-6047-453c-bf54-952dfa6674c0,5d7f28a6-2a2a-4333-aa06-48edfb652f86,Pošta,738
249f3d10-f5f0-467b-8f60-f35fd62d9054,52407970-4547-4323-a632-8db4ed0b040f,484b5c91-1220-43ba-af79-84e712fcc46b,Slovenija avto,263
169789c5-0251-47a6-800a-74ff3dffe04d,8e7a488b-cd48-4243-92b0-42792d0e3bc1,fef200e9-4d98-425b-ab14-8110e2aa85d7,Drama,120
294c40c4-18e4-4d92-a947-911a8623de89,22c11486-1afa-491f-b9ab-162d88c8c44d,a719a87c-4e93-4387-a6d1-2631a487f7e0,Ajdovščina,435
f9d70942-e517-4560-8655-99481edd2b95,1d7af067-e43b-4a98-953c-75f1b267d9ce,bea274aa-277a-403d-ab2f-a0342b28882e,Križanke,430
c9b2488c-cca9-4b84-83cb-638ef545c851,d867fec1-5147-43db-b004-08d2797f50e3,a719a87c-4e93-4387-a6d1-2631a487f7e0,Ajdovščina,35
5de6ff80-1352-43df-b5ec-1df59f2f492b,be5fb719-eda2-4831-90c6-249248ea22dd,a12ab184-fb4b-449f-9884-88e0a1672e64,Tbilisijska,621
21764d19-62cc-49fd-bac9-403aeac6a6b9,505865ea-cdea-4042-bdb2-b2f4f03889cb,f07c916c-6fc6-4acf-a334-0ab0d3c4f57f,Središka,158
76ec8af8-07c2-4d44-b0d8-a439d381913f,9b9d2948-7538-409c-9bfc-42c0b74c41a8,8f56b058-1ae3-44f5-8600-4330f2264d78,Privoz,1041
8589e5d1-21b4-4210-ad7a-4bf91f9a715d,f5e84751-7377-402c-974c-53276e422e70,df63651e-45ab-4487-9429-9e604415b35c,Prušnikova,25
a12ab184-fb4b-449f-9884-88e0a1672e64,dfd33168-046e-49af-9428-b9394f98667c,5d7f28a6-2a2a-4333-aa06-48edfb652f86,Pošta,135
d8ff7b2c-baf6-4a1a-97c5-0871b823caab,30131bc3-a0f7-4cfc-9e4d-552b325c0ba7,N/A,N/A,4525
1536cb2e-acd3-49cb-8f06-bb8cd40c0c02,7558099b-08a3-43bc-8056-49bcc5900a03,9cfac7e2-9653-4e52-a6d3-27756d27f817,Kino Šiška,153
8dde1a7b-e3ec-4675-8409-2a2c4ae696c7,d7d791d9-02e0-4369-be0c-1546fc2044a4,fef200e9-4d98-425b-ab14-8110e2aa85d7,Drama,2651
8441d439-8d1d-40b8-b3d5-7b9c56848b43,4a95f1f8-a457-4dcf-bd1f-6307d4300ea0,d72032c7-d4b0-4eee-a87c-593985a42266,Tobačna,23
b4ffcb65-e60f-478d-806b-e7ae83f1a39d,b2dd8b3a-3710-4f07-b735-4bd183bfaade,16578e36-c682-4083-bd29-4973445dc0fe,Gosposvetska,530
bb606ad8-8a10-4034-9862-60cc177d2455,391bf42a-68a3-400a-baea-0c708f327325,6182f8e8-c45e-4606-b4a4-d909bd44d2cc,Gornji trg,1127
0b4a072e-6c2d-4c71-ab80-2b7142df81de,e0bcd677-6012-4c90-a884-44dffafdffec,d72d58c2-b9a9-4dd5-b741-17e986d925c8,Gasilska brigada,332
