zacetek_A,zacetek_B,srecanje_id,srecanje_ime,stevilo_korakov
476c1b24-6f2f-4727-b610-645c50493814,7add6fa5-bfd5-4d9c-841b-d9856088ede9,a9796806-8cd3-4b76-bf8c-4340aec35c9e,Lutkovno gl.,436
8512e1be-4637-483b-a3e6-78ccc6d2c5b1,d9df1ba3-6820-4fcb-b561-9cb7a60dd463,6c56976b-4ae1-429f-bcab-0cfc37e3580d,Zgornji log,309
8648bfde-9b0f-4a64-aced-fe63aa923879,1505c6fe-6080-424e-98d1-24c312cfacf3,557f714a-6f4a-4c98-8c5a-d74fa34b2adb,Hrvatski trg,2611
258aeffc-294a-4919-bfb0-34f90dc19892,a112e799-e1b6-4dd2-b652-bd521dda7638,7f510cd8-4742-4dcf-95c0-16cde39c2e26,Zg. Gameljne,1603
9e90940e-cf99-4112-87ec-7cbb6331509a,f5d8583f-6e9d-4996-b803-74bf3cd0b602,fef200e9-4d98-425b-ab14-8110e2aa85d7,Drama,311
0c3a77a7-d9eb-45c7-b722-1fafde29129c,4682c5fd-08cb-4af1-a3e2-6f1ee880a52d,5d7f28a6-2a2a-4333-aa06-48edfb652f86,Pošta,139
8dde1a7b-e3ec-4675-8409-2a2c4ae696c7,45b36327-9a1a-4cd5-8261-53217326b22f,295616c0-387b-4f60-a337-7743cd6be04e,Bavarski dvor,1080
3d2f3af0-3b48-4019-a861-ee4fff761a24,dac8d2a7-89e4-4aec-948d-00db4833ce7c,b5273abc-dfeb-49a2-9607-249bf6415e4b,I. Kobilca,6
81f21fc1-3bd2-4d2a-b563-2d063479c68e,845b482b-dba1-4313-a476-e772691689cf,d72032c7-d4b0-4eee-a87c-593985a42266,Tobačna,600
59faa0f0-34b1-47cd-ba3a-3b6f0d684c00,10d57057-b305-4b7a-806b-3373014db962,f4cfd904-bd11-4247-95df-32c4555a930f,Klinični center,614
666e98e1-4a23-4204-a3e6-99110f8b3153,bdd68b01-e9a1-4270-be50-8b5c7bd39a1c,a719a87c-4e93-4387-a6d1-2631a487f7e0,Ajdovščina,470
8eeea585-6168-45b8-a5d4-336e61826043,66eec6a2-dfde-4d98-b690-e47f200367fd,c8e0086c-0cef-4375-a471-72f3ae1e34fc,Strelišče,300
9583dbdd-06fd-411e-88dd-af8f89e2caaa,4abe5e63-5707-4ef0-acda-ab2c52749afe,fb0042f8-d9e2-4916-b60a-38a026acf0c9,Leskoškova,691
7fdce743-a4be-44d7-8658-0a259a18ad30,db13a26e-19d4-4b8a-a78a-01ef25d58834,b829062a-2644-4350-b998-74522d9e85d8,Lutkovno gl.,926
52407970-4547-4323-a632-8db4ed0b040f,769b7bc7-4f95-4bb2-9c99-37ba8e8b4bd5,16578e36-c682-4083-bd29-4973445dc0fe,Gosposvetska,395
d2f9bbec-4b03-49a8-af83-afe65fe07a0e,022ef61f-a226-42e8-b11d-30cf9f9a6688,087e50b6-7677-4a85-802f-5694266fe38b,Aškerčeva,175
15eaf9b9-db6d-4586-9ad2-5bfa99719bfd,930fed8f-1d4d-40c6-9a3b-53697263a0f2,6182f8e8-c45e-4606-b4a4-d909bd44d2cc,Gornji trg,925
8eeea585-6168-45b8-a5d4-336e61826043,66943a7c-28b4-40a6-a996-21aa0b968435,609f0950-bb8c-4eaf-a931-8575b8aff1ac,Savske stolpnice,1013
44e58cea-6c90-467f-baf2-22ac161daafb,a0e0a21b-b8ce-4d76-bbc2-04e179367fee,aa42017d-812a-4175-bc9b-0fec03b18931,Ambrožev trg,192
40fcc1b9-2c42-4db8-bd48-d431efc8a3fd,eaad1ba5-14a4-494f-80ae-65294c29a962,c87db9be-1fba-4102-a743-0ee4317dd5af,Bavarski dvor,1352
eefb30b4-8049-4128-89f5-bb359b1c93b0,1c0ae078-cca7-40c8-aeda-1187a12ddfee,b60d686c-3b89-447c-93f6-2837d9af3d02,Ziherlova,857
e57aad1d-457e-401f-b26d-306b4fd836eb,81f21fc1-3bd2-4d2a-b563-2d063479c68e,fef200e9-4d98-425b-ab14-8110e2aa85d7,Drama,941
e8b0d4a2-f65e-4aed-97b8-77ab0d07955a,5be3b187-5735-4444-bee7-0665f60e6c83,8c7fa045-888b-46d0-8189-6f82623bf481,Poljanska,911
ccccee29-6fc7-4a86-b492-7f36a8e817db,15bb8af1-183e-4ec8-81f7-1fc6e81beb30,N/A,N/A,4525
41c8c7eb-62ef-45d8-b5b1-221dd3c0022c,02c61e3f-2d2e-4b42-b695-bbd3cc672f6b,639551cf-fe23-4363-8ccd-655bc5d4119e,Zmajski most,1403
ee095f27-439e-42e7-9e5c-e77b0903c31f,1035c6f7-304e-4329-a3b2-4eb5d985a577,a378ce5e-57ce-4c52-b219-568674b5cd5e,Gornji trg,639
4f681273-89fe-44f9-aaec-76950722cc52,144ab380-6586-43ce-b216-2e66362b6eca,379bc761-04b5-4227-be76-3b870fe3e69f,Pot na Fužine,1272
845b482b-dba1-4313-a476-e772691689cf,5c246f67-4431-4968-8d64-2ae4b823e360,16578e36-c682-4083-bd29-4973445dc0fe,Gosposvetska,299
6672b8cb-e56d-420a-a5e7-fc86e8aa3647,235d7e56-4520-4691-b7d9-7588f7306e1d,N/A,N/A,4525
5a89967e-5654-49f6-84ca-59f7f9035444,07bad99d-070a-42f7-8766-d11d42152623,16578e36-c682-4083-bd29-4973445dc0fe,Gosposvetska,1640
c568fe2e-477f-4af2-ad68-cb8111f361d0,d4c25d68-c340-431b-a646-7680fe0cefee,4062cd22-b67a-4235-9980-0178b7add592,Drama,845
219086ca-bdcb-4092-bd82-3d372b9b73ce,3f01eb40-651e-4fad-aff9-2ee27f259f64,fb0042f8-d9e2-4916-b60a-38a026acf0c9,Leskoškova,1302
4a95f1f8-a457-4dcf-bd1f-6307d4300ea0,10449641-799e-4ee4-a712-a6e3a9aefc27,fef200e9-4d98-425b-ab14-8110e2aa85d7,Drama,2660
8d5e4aed-59fb-47c9-8559-5bf11b7ddca0,d4c25d68-c340-431b-a646-7680fe0cefee,eaad1ba5-14a4-494f-80ae-65294c29a962,Rožna dolina,2094
dfd33168-046e-49af-9428-b9394f98667c,af820908-f71f-4c46-82c2-e7616f9c21fb,1b3ddeca-a066-43ee-9ae5-8339628129c2,Žale,759
bb995fbb-29c8-4035-9503-ae33320833a8,fcccf4af-4f16-4edc-ba5a-585c434593fe,bea274aa-277a-403d-ab2f-a0342b28882e,Križanke,406
67d66d40-e8ba-4bc0-a9cf-814dce3ccbea,277bc73c-e61d-4046-bcfd-31d6161c568e,9bb1ed3b-5a6f-43c7-afaf-ba2b60ca1a7a,Aškerčeva,193
56dbd8ff-6ec8-4186-b46c-f74ddb5a304a,106bdc28-f0fe-4f13-b4ad-6c6a630550b5,c8e0086c-0cef-4375-a471-72f3ae1e34fc,Strelišče,423
784bebe9-c0c7-46eb-943d-0b1808ffd5ac,e468b92f-fa4a-4819-bb11-37761deaf4ca,fef200e9-4d98-425b-ab14-8110e2aa85d7,Drama,946
08f2fb98-afdf-4961-b419-1bca7f5568ab,e9382efd-d64d-46b0-9a7d-a4e6a0188725,f33b721f-a8a3-4aad-96f2-077da09ebaa6,Razstavišče,237
769b7bc7-4f95-4bb2-9c99-37ba8e8b4bd5,ea9d5fa9-af5a-4d39-96fd-626415048511,fef200e9-4d98-425b-ab14-8110e2aa85d7,Drama,246
34ead609-4331-48ab-8e82-52dd70da9832,099976aa-17cc-45d3-add4-267985ab1533,6182f8e8-c45e-4606-b4a4-d909bd44d2cc,Gornji trg,103
41c8c7eb-62ef-45d8-b5b1-221dd3c0022c,f5dc05ab-b5cf-4f25-a85b-f346876311cb,fef200e9-4d98-425b-ab14-8110e2aa85d7,Drama,45
81a7167c-7913-442e-96c5-20dc6e25d74b,0a4b6359-22f0-4caa-b4a8-f4edb97a0825,087e50b6-7677-4a85-802f-5694266fe38b,Aškerčeva,174
d867fec1-5147-43db-b004-08d2797f50e3,ef005e77-f3b8-4171-b681-1294d0e4732b,4038e02e-f22f-4af0-ba4f-7aab855b53af,Kneza Koclja,339
fb7704f0-d31e-4561-83e4-621a8c62654b,609f0950-bb8c-4eaf-a931-8575b8aff1ac,bea274aa-277a-403d-ab2f-a0342b28882e,Križanke,450
45b36327-9a1a-4cd5-8261-53217326b22f,d08c4884-9764-447f-9b79-0ef7a645222f,b905ae6a-f1e1-4057-8923-481902ed5a8e,Konzorcij,561
100da88e-4c5f-4188-bd11-d4f3fc80fb74,1f02ab68-e4a0-4783-ae8a-39ccd679f2cc,cab36767-e95a-4f60-978e-92490f2517b2,Hrvatski trg,1114
cdbafa76-fd1b-45e0-bbd6-d6c1c6a141f9,2a7d32ca-24a1-41ac-a273-0cbcdec59336,b905ae6a-f1e1-4057-8923-481902ed5a8e,Konzorcij,1109
59d96e2c-3ee3-4581-840a-3ddaf0003743,4ed69cbb-d738-450c-be11-7d96cd50ee50,bea274aa-277a-403d-ab2f-a0342b28882e,Križanke,349
21a5f1e3-8ac0-4023-95ca-0a3ff54099aa,698551c1-7bb2-4f7e-9701-23b7667e8594,8c7fa045-888b-46d0-8189-6f82623bf481,Poljanska,1480
ba6f47bf-d346-4ccb-8669-13b974d863a6,a26d9a94-effb-45ab-a27f-74076e9e5bdd,fef200e9-4d98-425b-ab14-8110e2aa85d7,Drama,85
3866c761-7fa4-4a4a-b913-75569da498d9,2188a1bc-ce7a-4450-bd4f-871538578244,a719a87c-4e93-4387-a6d1-2631a487f7e0,Ajdovščina,650
f0661242-947b-4937-a9ce-d2a135cd62a7,e9d9f622-7394-4c5c-9031-a41855a64aa7,484b5c91-1220-43ba-af79-84e712fcc46b,Slovenija avto,140
44e58cea-6c90-467f-baf2-22ac161daafb,7ad25867-5c97-4f9f-9b1b-4966436f7fbf,33613e0e-f41c-4cee-804a-3942bf698e3e,Iški most,27
87785aa3-128e-4f15-82b0-d8c3cfa6076f,6459bd02-d8f8-413e-9402-10b916f09a4f,25c85d19-456c-4188-b563-15ad467a54c7,Vič,575
332abe37-33b8-4142-9edd-4ebd9e52eaf7,fef200e9-4d98-425b-ab14-8110e2aa85d7,609f0950-bb8c-4eaf-a931-8575b8aff1ac,Savske stolpnice,1077
81f21fc1-3bd2-4d2a-b563-2d063479c68e,f5e84751-7377-402c-974c-53276e422e70,7fa32ea0-e884-435a-a81c-51bbd5cedf3e,Zaloška,2927
d6ae97e7-23b5-48d6-a9fa-2a2624e9f434,712ee105-4fab-498a-af5c-496ca9830f5f,17f7d178-41b3-41f9-a545-cbfc22a0a5f1,Nusdorferjeva,1345
24ab9d18-4fb9-4e7e-b48c-d5cdc9cd1305,3429cda2-6047-453c-bf54-952dfa6674c0,5dcffe2a-1c73-4f7c-bdac-4084bb5201aa,Peruzzijeva,165
66943a7c-28b4-40a6-a996-21aa0b968435,a1406782-3114-407c-8e35-35bcf5a1234b,484b5c91-1220-43ba-af79-84e712fcc46b,Slovenija avto,502
d123fde4-aa91-49c3-83df-5ebf12af4e59,e9089f7d-853e-4375-8ecb-0db96fcc60e6,ef31a8be-b01d-44cd-95cf-3db8e918af26,Emona,796
a6fde748-bb91-465c-8665-20cbaed7df19,53ec687a-6f0c-4bb7-b1b4-606e7dcfada9,N/A,N/A,4525
a1406782-3114-407c-8e35-35bcf5a1234b,1dc99fbb-5496-4aab-a4b6-32e653ccc789,6182f8e8-c45e-4606-b4a4-d909bd44d2cc,Gornji trg,639
8a182298-1db3-4251-9cdb-a86efe72b8a7,b9edd39a-4f64-4553-869e-bb77e617b9b8,8f56b058-1ae3-44f5-8600-4330f2264d78,Privoz,552
1f4702d4-6b02-4ad3-aa9b-118ff9aa3474,9cb18d2e-9bf3-436a-ab3a-7c52c5de1300,25ad5579-f6a0-4f35-a0c9-0678b41e9dde,Križanke,426
c326e479-ccc3-4915-8788-3fa189d0143e,98fa3880-5936-4ec8-ba04-39c7ff9a0e6a,77dcd833-fa4d-4c5a-93b1-31284942e61d,Šišenska,16
07bad99d-070a-42f7-8766-d11d42152623,4d57f6bd-7ba7-4f07-8aa1-ecac0b09e8db,bea274aa-277a-403d-ab2f-a0342b28882e,Križanke,638
f66a1f18-4c18-4317-b929-fb616cc7cebc,cee2862b-9b70-4880-8fa3-16c6d2efae1b,484b5c91-1220-43ba-af79-84e712fcc46b,Slovenija avto,466
86a75ffc-a78f-401f-8991-2eb0371417b2,c32ef99a-6752-47fe-94eb-a5134c7110af,d119c3e9-7f2c-4d40-97a4-ccc6b4bb2951,Archinetova,262
bfcba499-ce46-41b0-8268-966d74eccb20,ed50f692-09f9-409e-b7d6-05ff7711de6b,b905ae6a-f1e1-4057-8923-481902ed5a8e,Konzorcij,2036
4a90e424-11ab-43a8-b7e9-1c4f42fe2b7c,6bd46cb7-9e5d-453a-878a-bcc38fb2a5f2,087e50b6-7677-4a85-802f-5694266fe38b,Aškerčeva,1308
bf990a3a-96e9-42b7-9147-33e85bd24c05,f528b363-1484-456c-835b-1e08dc31ef8e,fc3967fb-5520-4fff-a819-f625242182e5,Cankarjev dom,2303
bea274aa-277a-403d-ab2f-a0342b28882e,6c773433-c487-49c5-a783-32c0e276ed7b,e66e813a-722d-40f8-9ee9-1470d07bc200,Tobačna,90
2323bf9e-1a47-4409-b9c8-398a035c8d12,db9f7130-0bc2-4f3e-b8cd-07cfe96b1f8f,a719a87c-4e93-4387-a6d1-2631a487f7e0,Ajdovščina,1093
9cc88862-270a-409a-b450-e0003c7930af,923bd774-0651-4e0a-8624-3acfb7ecd5ff,b905ae6a-f1e1-4057-8923-481902ed5a8e,Konzorcij,865
ba681dbc-ea72-4685-ad98-c5ed496510e6,42bcfbad-96b8-4ce2-96f3-07694e1bcfe2,N/A,N/A,4525
bd001f58-6e58-49e9-877f-1fa36964fbc2,3429cda2-6047-453c-bf54-952dfa6674c0,fef200e9-4d98-425b-ab14-8110e2aa85d7,Drama,1618
1c0ae078-cca7-40c8-aeda-1187a12ddfee,4a95f1f8-a457-4dcf-bd1f-6307d4300ea0,a719a87c-4e93-4387-a6d1-2631a487f7e0,Ajdovščina,761
3f01eb40-651e-4fad-aff9-2ee27f259f64,68c65382-15dc-465c-96b5-7f27af9d4a63,3429cda2-6047-453c-bf54-952dfa6674c0,Klinični center,253
88cdd36c-03d2-4374-a22f-110dd9f75ea0,daf172e0-4dd9-4d5b-8287-67ad2034bced,c87db9be-1fba-4102-a743-0ee4317dd5af,Bavarski dvor,399
3c143688-247f-41cc-960d-f5e37b874c3a,fdff5f9c-6c02-4fc1-a004-7032b17fa37a,fef200e9-4d98-425b-ab14-8110e2aa85d7,Drama,509
784bebe9-c0c7-46eb-943d-0b1808ffd5ac,27788b38-4743-4e04-9b9c-94faeeeb2d34,16578e36-c682-4083-bd29-4973445dc0fe,Gosposvetska,314
1eadcdb9-60cd-47c9-8eec-527c3465a685,e65047c0-c01e-4727-b466-78e107c81ee4,d3a6cbf3-65f0-4db8-9a10-1460763eac8e,Hrušica,2096
2d42d8e2-26a8-4a74-809c-f436d05c8a54,030363e5-99a3-401f-96db-a16a340ace21,fef200e9-4d98-425b-ab14-8110e2aa85d7,Drama,1556
acd87210-4e04-49b4-884b-1fe11c453bf4,b4634750-8d91-4625-b40d-1da9665e70f6,N/A,N/A,4525
9c3d9f7c-69df-4a48-8f1a-d25e7a922ac3,f174a648-9e84-492d-9ccd-0756b49c773b,aa42017d-812a-4175-bc9b-0fec03b18931,Ambrožev trg,1784
d5735919-60bb-4720-a695-9f5155a4f109,2c0475be-44e7-4f0f-a06d-2c1b4ca15677,452bfd80-e8bd-470b-bc4a-981e1b37ffd7,Kodeljevo,1412
7a256ec6-bb93-47eb-af92-ea62941c1dc6,7d579a55-27bc-49d0-a124-a5ed6233c55a,N/A,N/A,4525
cddb3822-7daf-4cae-9cc3-6b191e81326b,5d1e404b-1606-457e-8d2b-4e3e80139532,7c149b59-2bc6-45cb-95c8-69e18a0db627,Rusjanov trg,285
acedfed0-a3ba-4fa3-8cd6-910783961f0a,d4d4230a-5247-4071-baa4-463321d9d934,fef200e9-4d98-425b-ab14-8110e2aa85d7,Drama,2043
2b223d0c-f8ec-4970-815c-bfe26c3ffc09,5d1e404b-1606-457e-8d2b-4e3e80139532,97627b9b-fa2e-461a-97ea-a15df7599598,Pot Rdečega križa,906
dba19980-8ca1-4847-b9b5-8cd419374ae2,21a5f1e3-8ac0-4023-95ca-0a3ff54099aa,N/A,N/A,4525
f33b721f-a8a3-4aad-96f2-077da09ebaa6,c20233f2-94bc-4c21-9d2a-9b129b668487,7310c006-62b8-4f94-bb9c-d5c26cb3faad,Polje,1627
26d86ffa-b8df-49aa-a9c0-5fa7d3cfba77,cb05ea76-5fc1-4162-b432-a914b63604d0,f073b9d9-a3e3-4d04-a209-0db55377b79e,Zmajski most,638
d17294f3-5b6c-4313-9243-3f38557967cf,5fe363f3-8297-448b-bde3-08f690c92d1b,bea274aa-277a-403d-ab2f-a0342b28882e,Križanke,1899
8598b85d-3e1d-4767-b72f-0c209038841f,68c65382-15dc-465c-96b5-7f27af9d4a63,7c166e7c-6fe0-44bd-b124-0013473f227a,Petrol,805
cec37fa8-0d4a-4e80-a259-2fa91b68463d,363e4763-df83-4814-99d2-879d448d5910,f2920a77-6c6c-494d-96b7-2a8caf8f374f,Mirje,434
9a480b5e-0283-4130-a5e2-9d5e996caa4f,1505c6fe-6080-424e-98d1-24c312cfacf3,9b85d4b0-c594-4e0e-9ce2-d0986256c270,Tavčarjeva,403
e0bcd677-6012-4c90-a884-44dffafdffec,48c9ec48-2b87-4945-a077-808839f98e74,N/A,N/A,4525
b2cf1f2c-3c77-4a23-891f-3cdbcda92f19,9c17244c-0812-404b-b929-5cdc0591e421,38b3abed-0592-407b-96c3-85a026f2e192,Dalmatinova,460
7f45fe9c-917a-4571-9a74-9e940cd84f3c,754e8f1f-a5ba-4281-8f31-fb3357744cd2,fef200e9-4d98-425b-ab14-8110e2aa85d7,Drama,2747
e333d90d-3eef-4d82-9e00-ebe693e2f389,783196f2-97cd-4265-bb9a-b13aa8bb6a0b,77dcd833-fa4d-4c5a-93b1-31284942e61d,Šišenska,731
9741988b-6723-480b-a419-8db7490d667a,784bebe9-c0c7-46eb-943d-0b1808ffd5ac,a719a87c-4e93-4387-a6d1-2631a487f7e0,Ajdovščina,287
15af3c66-ad74-4f41-92f7-92e2ff72a51d,7d1d9e60-8a7d-4e50-86e5-f3a42a99d837,N/A,N/A,4525
ab987eb0-c970-4577-8db9-0cd507a6cab6,3fbf6322-fb74-4a50-a81a-bfca73abc26b,aa42017d-812a-4175-bc9b-0fec03b18931,Ambrožev trg,2395
bfcba499-ce46-41b0-8268-966d74eccb20,98239279-bb80-4070-965c-dc87525019e2,17f7d178-41b3-41f9-a545-cbfc22a0a5f1,Nusdorferjeva,149
5d1e404b-1606-457e-8d2b-4e3e80139532,a769d1e9-8727-4190-b56c-5cdd8a49333d,b589ddd3-5a31-4fe1-915f-44347b4c0a1a,Bratov Učakar,1352
452f2b51-98fb-4a7c-bb0a-44577eb5e12b,d4fd9934-5253-4ab8-a779-3e9e2a30c5b7,N/A,N/A,4525
0c5f69a6-97c7-4053-bc0b-3f09dbf72f46,3febe187-31d6-4229-be07-78ff782ca972,38b3abed-0592-407b-96c3-85a026f2e192,Dalmatinova,59
4e8ccfa1-b58c-4ee1-ad82-2e8a645071f3,1b3dce90-170f-4176-b47b-2b50b9407e82,4062cd22-b67a-4235-9980-0178b7add592,Drama,1369
f1bc11ca-7516-447a-b826-7051c5306af7,5560d06d-4058-473e-abba-099b05d7cf07,16578e36-c682-4083-bd29-4973445dc0fe,Gosposvetska,343
b905ae6a-f1e1-4057-8923-481902ed5a8e,51dbf10f-cf3b-4575-a8cc-d1080c1f9dde,54c591c0-7bbb-4489-9229-57b18f95827a,Stara cerkev,1026
9e0942f3-2c18-4891-9b51-9d95cc43af7a,2a7d32ca-24a1-41ac-a273-0cbcdec59336,f2b27cbd-5207-4281-8f67-6369d0c50a9b,Kodrova,1108
bf990a3a-96e9-42b7-9147-33e85bd24c05,b91edda3-a147-4599-bebf-85e145de085b,a719a87c-4e93-4387-a6d1-2631a487f7e0,Ajdovščina,1711
45b36327-9a1a-4cd5-8261-53217326b22f,075a6b29-66cb-409f-89fe-37d50669eff4,0bb103e4-c4a6-4c4c-a13d-217ab4e6dfd3,Cesta na Vevče,780
37fc313d-1f45-49c9-9059-4f96f44a6682,bf64b499-211b-4da8-ace2-f12a17608ae3,a719a87c-4e93-4387-a6d1-2631a487f7e0,Ajdovščina,1199
6cc5af3b-67ea-47f3-9e8a-10946c32b906,5881f75e-9383-49b0-811d-04c864ba1605,N/A,N/A,4525
69bc9f1c-507f-463c-ba5a-04500b319967,9fa0b90f-dba1-4eca-8802-589425d3e8fd,c87db9be-1fba-4102-a743-0ee4317dd5af,Bavarski dvor,759
41489be9-b3b7-4cbe-90f8-af1a435b2676,e0bcd677-6012-4c90-a884-44dffafdffec,c1606675-dd38-4952-914b-6ca64fd56b7b,Rudnik,474
c32ef99a-6752-47fe-94eb-a5134c7110af,0be53afd-2427-49b2-b70c-2ee3d89e9762,f2b27cbd-5207-4281-8f67-6369d0c50a9b,Kodrova,285
271db19a-744b-41a0-869d-0c3e0e2cb6bf,548dbdee-83b0-497b-acc1-e15b34899d42,484b5c91-1220-43ba-af79-84e712fcc46b,Slovenija avto,439
1c214818-5471-4d2a-a7b2-33464ffacdad,c8f784f8-ce92-4773-8d90-c6bed3513ce0,N/A,N/A,4525
9b4a7d21-709f-4462-b602-c77d975df9e7,bd1396f2-4dc8-4695-9bf1-c601157100d8,5d7f28a6-2a2a-4333-aa06-48edfb652f86,Pošta,1504
fc3967fb-5520-4fff-a819-f625242182e5,30cf2ed7-2cf0-4764-ab64-78206968d5ba,25ad5579-f6a0-4f35-a0c9-0678b41e9dde,Križanke,1449
5c15a390-36b6-47a9-9d84-0c7160157c1d,94712446-2421-4304-b4f1-3b3f82998713,a719a87c-4e93-4387-a6d1-2631a487f7e0,Ajdovščina,906
154f3596-bbbb-4038-9ad7-c4b8b5288a02,49f28358-bfda-458e-a4b3-a45f602765c1,N/A,N/A,4525
557f714a-6f4a-4c98-8c5a-d74fa34b2adb,c20233f2-94bc-4c21-9d2a-9b129b668487,a719a87c-4e93-4387-a6d1-2631a487f7e0,Ajdovščina,104
2c87f988-902b-4b35-91da-5437a58759f5,4fddf4a7-ad4e-4630-a5ca-3267955db548,f2b27cbd-5207-4281-8f67-6369d0c50a9b,Kodrova,665
9f6048f0-5c5e-4773-915e-4ee05d200e27,0a4b6359-22f0-4caa-b4a8-f4edb97a0825,bea274aa-277a-403d-ab2f-a0342b28882e,Križanke,881
397418bc-78a7-45c9-b5cf-374fe21cee11,52e5d1c1-28c9-4ed2-b0ec-5bf7311be753,27788b38-4743-4e04-9b9c-94faeeeb2d34,Pot heroja Trtnika,2541
5881f75e-9383-49b0-811d-04c864ba1605,5de84f88-3f32-4636-8c30-03cc267ecf37,0be237aa-4b91-4d2b-ac23-0cebac975a0d,Cankarjev dom,358
21764d19-62cc-49fd-bac9-403aeac6a6b9,5cc8a08d-c0af-491f-9a9c-b8b4f5f23bc0,712ee105-4fab-498a-af5c-496ca9830f5f,Viadukt,186
6d2a7c2e-5938-433e-a691-b9bc28767675,a5eb15d2-f0cb-46a6-b888-6a9aad6bc5b6,4bd4913f-8597-4ea0-b219-4e9b15dcbb62,Jarše,197
f073b9d9-a3e3-4d04-a209-0db55377b79e,f4cfd904-bd11-4247-95df-32c4555a930f,e7789f42-0ad7-44d1-974b-42a3f4957291,Strelišče,1678
29336b94-2382-46dd-b2e6-4590dd689640,7b687edb-dc47-4b68-a13e-34713cababe9,16578e36-c682-4083-bd29-4973445dc0fe,Gosposvetska,1350
d50b2bdb-481b-4e58-ada6-47a028fc6382,b59656a4-b6e7-4b87-977c-078c59088a50,77dcd833-fa4d-4c5a-93b1-31284942e61d,Šišenska,136
6d344016-1b93-4ff7-80a8-8cde0b57bd1c,461045f0-a82c-45c0-af66-71b25f3f0e1a,fef200e9-4d98-425b-ab14-8110e2aa85d7,Drama,622
f15ddf31-fc11-41ba-988d-376c83e38f58,ba59baf4-dd00-40a5-80e7-3eee6b9d8b09,125d4928-6b97-4a4b-af34-a2d1564c029c,Zasavska,542
98a94a2a-894f-4ff0-9967-1dd986bf0cfd,727cab27-5e8e-4c5e-ba27-449822a45ee7,cdabf1ea-b04c-480a-8359-72c46e6864ab,Bežigrad,256
92928953-a289-4a44-a653-b7b6b4f5e1c2,4ac86a6a-874d-41a7-92a5-64ed733b7734,fef200e9-4d98-425b-ab14-8110e2aa85d7,Drama,346
548a85bd-f15f-427b-ad90-43cb50e9e31a,712ee105-4fab-498a-af5c-496ca9830f5f,923bd774-0651-4e0a-8624-3acfb7ecd5ff,Gornje Poljane,907
d861c2ce-106a-4b95-a4fc-2af355c0bbf0,3429cda2-6047-453c-bf54-952dfa6674c0,a719a87c-4e93-4387-a6d1-2631a487f7e0,Ajdovščina,442
8a5febd6-d44a-4c98-a221-46044548663d,6559d555-672b-4633-8a81-0ae68fb963eb,484b5c91-1220-43ba-af79-84e712fcc46b,Slovenija avto,511
07bad99d-070a-42f7-8766-d11d42152623,4f21a18a-3cb0-4c6c-bb92-e7c8945fac1c,77dcd833-fa4d-4c5a-93b1-31284942e61d,Šišenska,1105
f15ddf31-fc11-41ba-988d-376c83e38f58,1a3351a1-563e-4174-b402-54bc0e2f5191,fef200e9-4d98-425b-ab14-8110e2aa85d7,Drama,1116
bf990a3a-96e9-42b7-9147-33e85bd24c05,666bd186-7a9a-4e20-a466-e7b1918dda9b,f33b721f-a8a3-4aad-96f2-077da09ebaa6,Razstavišče,615
27788b38-4743-4e04-9b9c-94faeeeb2d34,3d9e90f6-2b67-4f24-9cc4-7c2063a08410,ecc4ae87-ae08-4b94-995c-452fdd94df7f,Privoz,267
c32ef99a-6752-47fe-94eb-a5134c7110af,9fa0b90f-dba1-4eca-8802-589425d3e8fd,ecc4ae87-ae08-4b94-995c-452fdd94df7f,Privoz,177
8561e9fb-03e0-46f1-802d-b376d26a8ea5,9b85d4b0-c594-4e0e-9ce2-d0986256c270,9bb1ed3b-5a6f-43c7-afaf-ba2b60ca1a7a,Aškerčeva,1195
923bd774-0651-4e0a-8624-3acfb7ecd5ff,27788b38-4743-4e04-9b9c-94faeeeb2d34,fef200e9-4d98-425b-ab14-8110e2aa85d7,Drama,615
fb0042f8-d9e2-4916-b60a-38a026acf0c9,05643914-8ff7-4064-8737-2761d44a083f,f33b721f-a8a3-4aad-96f2-077da09ebaa6,Razstavišče,1339
b9edd39a-4f64-4553-869e-bb77e617b9b8,b47eac47-d897-4ba7-ab06-8e642cc8efe8,3429cda2-6047-453c-bf54-952dfa6674c0,Klinični center,538
8a182298-1db3-4251-9cdb-a86efe72b8a7,7294875b-8482-484a-b04d-95b921612001,fef200e9-4d98-425b-ab14-8110e2aa85d7,Drama,290
ee03ecf6-db6d-4ecc-90cd-5b3afc8afb91,18d010ca-0244-4928-82cb-47af0836a1bb,9afb36ea-c2ae-4bbb-9644-3a6c65bb1c7d,Kino Šiška,163
2b223d0c-f8ec-4970-815c-bfe26c3ffc09,9bd3ee10-bc61-44e8-8cf3-a37cffd54da0,b905ae6a-f1e1-4057-8923-481902ed5a8e,Konzorcij,209
1e157c31-d34d-4c2e-91b4-8c000c88f6dd,4ca7ae7e-380b-45e3-81de-00ffab5bb531,7c149b59-2bc6-45cb-95c8-69e18a0db627,Rusjanov trg,1514
fa96d420-d1af-4ad0-bf6a-4544deb1c5eb,47a3bd8a-72ae-4e20-b43f-10bfaf49012c,a9796806-8cd3-4b76-bf8c-4340aec35c9e,Lutkovno gl.,384
3203d037-a222-4092-8dd6-e8dfcd49a2c9,67c3adc1-a92d-4528-91ee-77d8b52574c6,fef200e9-4d98-425b-ab14-8110e2aa85d7,Drama,440
c0e6a237-3879-4336-88b6-5af51408cc7e,d3283222-38a9-40e2-a485-180d1a33067c,9a938b49-ce1d-4e1c-a789-e316630ebc4f,Poliklinika,157
8fbf17ab-413b-442c-9c6a-0eb8873a4755,46847a61-d68a-4d2c-ad76-18e043d41430,c87db9be-1fba-4102-a743-0ee4317dd5af,Bavarski dvor,413
c6c83930-96af-4cbe-93bf-072a618502a4,eb669f04-cfb6-4ea4-90c9-26eb551ecb45,38b3abed-0592-407b-96c3-85a026f2e192,Dalmatinova,503
3edd6057-3847-4c42-b8ec-6e89ff95793a,c22879e5-8e90-4540-9a74-5f139208e492,b829062a-2644-4350-b998-74522d9e85d8,Lutkovno gl.,947
318d4398-e152-498b-b4ff-1344c67adba6,e1e80207-5c23-47c0-a63a-121003b22807,bea274aa-277a-403d-ab2f-a0342b28882e,Križanke,533
91fb6c6e-49cf-49d3-97d4-6ae228f9bfa1,9cd1e7f8-8ccf-4469-bc25-25d138605c67,0bb103e4-c4a6-4c4c-a13d-217ab4e6dfd3,Cesta na Vevče,504
f14a6236-8af2-47bf-9270-432377662a63,eb669f04-cfb6-4ea4-90c9-26eb551ecb45,a719a87c-4e93-4387-a6d1-2631a487f7e0,Ajdovščina,883
995cbd67-507b-4c32-b794-0ff48e0a3de9,1035c6f7-304e-4329-a3b2-4eb5d985a577,1eadcdb9-60cd-47c9-8eec-527c3465a685,Polje,260
a5eb15d2-f0cb-46a6-b888-6a9aad6bc5b6,eb43a68a-54a5-4a37-b090-1329e2b4d830,a719a87c-4e93-4387-a6d1-2631a487f7e0,Ajdovščina,665
9dfc0a62-bf4d-4670-83d0-4e26a6e56b32,6bd46cb7-9e5d-453a-878a-bcc38fb2a5f2,b905ae6a-f1e1-4057-8923-481902ed5a8e,Konzorcij,496
7b822496-7ea4-4ce8-b78c-1d021c68a9ed,087e50b6-7677-4a85-802f-5694266fe38b,4062cd22-b67a-4235-9980-0178b7add592,Drama,14
0df2ffa6-b1c8-44d0-900c-8b23b37794df,8375ab17-e389-42b2-9b88-0210a049e321,3429cda2-6047-453c-bf54-952dfa6674c0,Klinični center,1215
2c0475be-44e7-4f0f-a06d-2c1b4ca15677,cbf8e64b-fd0d-48ec-8fb1-03b298cc13b3,fef200e9-4d98-425b-ab14-8110e2aa85d7,Drama,1547
0810f07b-94d6-442f-b10d-bf8210c4ed47,c31b32c6-1ec2-48e9-9929-356fd0253540,4062cd22-b67a-4235-9980-0178b7add592,Drama,686
46f20d33-601c-4ef6-b86c-7c2bb4af52fa,0614b134-0950-4f6b-bc8f-fb73a0881bc1,4062cd22-b67a-4235-9980-0178b7add592,Drama,171
8375ab17-e389-42b2-9b88-0210a049e321,a6b87518-2a7f-4505-898f-245ebe23c909,717dda7e-d793-4697-8f60-b64ee8b1edc4,Gosposvetska,925
06348c07-2fb0-4dfb-a938-aaef614a7f68,acd87210-4e04-49b4-884b-1fe11c453bf4,N/A,N/A,4525
9bd3ee10-bc61-44e8-8cf3-a37cffd54da0,70c51140-f3ee-4c89-a6e2-ed74dab89148,cdabf1ea-b04c-480a-8359-72c46e6864ab,Bežigrad,603
52407970-4547-4323-a632-8db4ed0b040f,a2ce7e6f-0f99-443a-a973-81a0b9c60261,4062cd22-b67a-4235-9980-0178b7add592,Drama,278
e786b2df-34ed-4246-832e-7c3d538ac1f4,15bb8af1-183e-4ec8-81f7-1fc6e81beb30,5d7f28a6-2a2a-4333-aa06-48edfb652f86,Pošta,1305
cf94d70f-d211-4625-9037-014514562aa9,77dcd833-fa4d-4c5a-93b1-31284942e61d,fef200e9-4d98-425b-ab14-8110e2aa85d7,Drama,2080
7fdce743-a4be-44d7-8658-0a259a18ad30,34afe7f1-2d09-487f-983f-19c7dd5dae82,fef200e9-4d98-425b-ab14-8110e2aa85d7,Drama,497
17f7d178-41b3-41f9-a545-cbfc22a0a5f1,24ab9d18-4fb9-4e7e-b48c-d5cdc9cd1305,bc19ad1c-00fc-47f1-926e-ddeb12f686ba,Živalski vrt-ZOO,661
d5735919-60bb-4720-a695-9f5155a4f109,f2920a77-6c6c-494d-96b7-2a8caf8f374f,087e50b6-7677-4a85-802f-5694266fe38b,Aškerčeva,251
1dc99fbb-5496-4aab-a4b6-32e653ccc789,eb11d52f-300b-4648-a2e8-ed03db9ff7e2,N/A,N/A,4525
d4c25d68-c340-431b-a646-7680fe0cefee,befe0e87-b5fe-41ff-9a77-f65461eff28d,c124f317-217b-4b89-9597-393843de4f81,Nusdorferjeva,666
bdd68b01-e9a1-4270-be50-8b5c7bd39a1c,07bad99d-070a-42f7-8766-d11d42152623,4062cd22-b67a-4235-9980-0178b7add592,Drama,638
7310c006-62b8-4f94-bb9c-d5c26cb3faad,9583dbdd-06fd-411e-88dd-af8f89e2caaa,0b4a072e-6c2d-4c71-ab80-2b7142df81de,Tivoli,154
9a14b0ec-f13a-46f0-8c4f-07d8b99241e2,95eee7e8-237d-4410-a9bf-00c6f88129c1,379bc761-04b5-4227-be76-3b870fe3e69f,Pot na Fužine,561
c0e6a237-3879-4336-88b6-5af51408cc7e,7fad8003-fb10-489d-bf8d-6d433310ad90,5d7f28a6-2a2a-4333-aa06-48edfb652f86,Pošta,68
6672b8cb-e56d-420a-a5e7-fc86e8aa3647,53806659-b339-4e68-af4a-4325c16b6026,N/A,N/A,4525
aa42017d-812a-4175-bc9b-0fec03b18931,c8e0086c-0cef-4375-a471-72f3ae1e34fc,484b5c91-1220-43ba-af79-84e712fcc46b,Slovenija avto,733
9c17244c-0812-404b-b929-5cdc0591e421,62feeb73-9af7-43ee-8714-1b435ec20263,N/A,N/A,4525
eb669f04-cfb6-4ea4-90c9-26eb551ecb45,d7d43617-ef41-4f9e-bbad-670d515d926a,e57aad1d-457e-401f-b26d-306b4fd836eb,Kašeljska,69
5f6cb902-b824-4961-9ac2-75cf44a47055,9a14b0ec-f13a-46f0-8c4f-07d8b99241e2,fb7704f0-d31e-4561-83e4-621a8c62654b,Kosmačeva,893
31e6db90-ba65-4c49-90c0-317fb92596b3,0b9c5011-4f2d-4753-914f-500532b0dbeb,N/A,N/A,4525
fcfe6ac9-74b3-4c13-96b7-6041f1454813,c969f066-aab5-466d-b4db-48e651a4a12e,5d7f28a6-2a2a-4333-aa06-48edfb652f86,Pošta,381
feb89b92-366d-4f50-a509-40c7baba8cf0,727cab27-5e8e-4c5e-ba27-449822a45ee7,c87db9be-1fba-4102-a743-0ee4317dd5af,Bavarski dvor,93
144ab380-6586-43ce-b216-2e66362b6eca,4a74b966-4fbf-41ab-8e1b-276f3f14fc49,c124f317-217b-4b89-9597-393843de4f81,Nusdorferjeva,1098
bff8345d-1b72-4b41-8b8d-cb8a5483a2e4,da9650a3-6ec7-4cdb-95f2-a68851587dfc,fef200e9-4d98-425b-ab14-8110e2aa85d7,Drama,407
97d3e896-2af7-40f9-bfbf-59cf3fcbf93a,76ec8af8-07c2-4d44-b0d8-a439d381913f,9bb1ed3b-5a6f-43c7-afaf-ba2b60ca1a7a,Aškerčeva,755
e0bcd677-6012-4c90-a884-44dffafdffec,c568fe2e-477f-4af2-ad68-cb8111f361d0,88cdd36c-03d2-4374-a22f-110dd9f75ea0,Kajuhova,489
f66a1f18-4c18-4317-b929-fb616cc7cebc,91fb6c6e-49cf-49d3-97d4-6ae228f9bfa1,b905ae6a-f1e1-4057-8923-481902ed5a8e,Konzorcij,416
65a6b01d-c9cf-4d4e-930c-5562156d7375,08f2fb98-afdf-4961-b419-1bca7f5568ab,9bb1ed3b-5a6f-43c7-afaf-ba2b60ca1a7a,Aškerčeva,1283
567980fa-7783-411d-9c67-55b44d753880,15bb8af1-183e-4ec8-81f7-1fc6e81beb30,c568fe2e-477f-4af2-ad68-cb8111f361d0,Jamnikarjeva,1954
1faa072c-478b-4656-8df3-84167a9a4bbb,bf990a3a-96e9-42b7-9147-33e85bd24c05,eaad1ba5-14a4-494f-80ae-65294c29a962,Rožna dolina,1054
41489be9-b3b7-4cbe-90f8-af1a435b2676,07bad99d-070a-42f7-8766-d11d42152623,bea274aa-277a-403d-ab2f-a0342b28882e,Križanke,277
fc3967fb-5520-4fff-a819-f625242182e5,81b6f6ad-6dd6-4e3f-a0bd-754a65a3e57b,cbf8e64b-fd0d-48ec-8fb1-03b298cc13b3,Savsko naselje,718
efecc3aa-ae68-4374-bc24-334280abcf3f,f14a6236-8af2-47bf-9270-432377662a63,5d7f28a6-2a2a-4333-aa06-48edfb652f86,Pošta,942
0be53afd-2427-49b2-b70c-2ee3d89e9762,862efb04-bcf5-493a-929d-242fb91ba5f6,aa42017d-812a-4175-bc9b-0fec03b18931,Ambrožev trg,190
5bc3addd-b076-4c60-b850-39f90e674b75,bf64b499-211b-4da8-ace2-f12a17608ae3,fef200e9-4d98-425b-ab14-8110e2aa85d7,Drama,864
461045f0-a82c-45c0-af66-71b25f3f0e1a,79d89180-8b07-4127-b7b4-1ac03d1cee9f,38b3abed-0592-407b-96c3-85a026f2e192,Dalmatinova,584
51dbf10f-cf3b-4575-a8cc-d1080c1f9dde,7c390857-8fc7-49b5-9c9d-e5535d360148,N/A,N/A,4525
f4cfd904-bd11-4247-95df-32c4555a930f,ad8a76cf-4386-44b3-9156-490c502e4bc4,c87db9be-1fba-4102-a743-0ee4317dd5af,Bavarski dvor,620
4abe5e63-5707-4ef0-acda-ab2c52749afe,7f45fe9c-917a-4571-9a74-9e940cd84f3c,9bb1ed3b-5a6f-43c7-afaf-ba2b60ca1a7a,Aškerčeva,1050
d5961b09-f5e8-4a0b-9bbb-2515ff0a8376,b0b32562-f5dc-4183-abba-5729adf98088,38b3abed-0592-407b-96c3-85a026f2e192,Dalmatinova,428
03375155-45fb-4565-b392-2349fcb199ea,aa42017d-812a-4175-bc9b-0fec03b18931,c87db9be-1fba-4102-a743-0ee4317dd5af,Bavarski dvor,1107
a26d9a94-effb-45ab-a27f-74076e9e5bdd,a5eb15d2-f0cb-46a6-b888-6a9aad6bc5b6,b905ae6a-f1e1-4057-8923-481902ed5a8e,Konzorcij,1146
0e79ef8c-f692-4e29-a37e-4a81cbb3d410,34afe7f1-2d09-487f-983f-19c7dd5dae82,fef200e9-4d98-425b-ab14-8110e2aa85d7,Drama,1418
557f714a-6f4a-4c98-8c5a-d74fa34b2adb,ca8cbe57-95dc-4326-9c06-b60a87b981b1,d72032c7-d4b0-4eee-a87c-593985a42266,Tobačna,1573
223f660b-c391-4120-bf3c-7bf06781686b,1ef524bd-2bf3-4c47-add3-044374897443,4062cd22-b67a-4235-9980-0178b7add592,Drama,748
2496479b-f855-403d-bce8-2a4d9988665d,48507e1a-32df-4552-9448-3b345760b75f,25ad5579-f6a0-4f35-a0c9-0678b41e9dde,Križanke,1103
db13a26e-19d4-4b8a-a78a-01ef25d58834,5fe363f3-8297-448b-bde3-08f690c92d1b,f14a6236-8af2-47bf-9270-432377662a63,Viadukt,390
6559d555-672b-4633-8a81-0ae68fb963eb,fb7704f0-d31e-4561-83e4-621a8c62654b,100da88e-4c5f-4188-bd11-d4f3fc80fb74,Rast,1236
8512e1be-4637-483b-a3e6-78ccc6d2c5b1,05643914-8ff7-4064-8737-2761d44a083f,4038e02e-f22f-4af0-ba4f-7aab855b53af,Kneza Koclja,79
1035c6f7-304e-4329-a3b2-4eb5d985a577,4c277b3f-c427-404b-ace3-2cd51656318f,91b76764-87af-4b90-89dd-60f0046f7cc0,Tomačevska,1179
3d9e90f6-2b67-4f24-9cc4-7c2063a08410,9845a6f7-ba79-4f3d-b6ae-969651ef6001,f14a6236-8af2-47bf-9270-432377662a63,Viadukt,98
2c87f988-902b-4b35-91da-5437a58759f5,8375ab17-e389-42b2-9b88-0210a049e321,fef200e9-4d98-425b-ab14-8110e2aa85d7,Drama,107
59ee5f7d-476b-4958-a922-2040a9308f3b,56dbd8ff-6ec8-4186-b46c-f74ddb5a304a,59faa0f0-34b1-47cd-ba3a-3b6f0d684c00,Žito,1172
08f2fb98-afdf-4961-b419-1bca7f5568ab,5b59d508-0860-4f50-b5ab-72a79046b488,0b4a072e-6c2d-4c71-ab80-2b7142df81de,Tivoli,3818
af2956ba-d922-4ec4-bfa7-b623c29e8b3e,0a4b6359-22f0-4caa-b4a8-f4edb97a0825,f4cfd904-bd11-4247-95df-32c4555a930f,Klinični center,861
07b4c585-66cf-49d7-906c-50f1122c8e9e,f1b7471e-db71-49da-846d-1232cb3e8f8f,07b4c585-66cf-49d7-906c-50f1122c8e9e,Cesta XV,24
e0c253d0-1de7-4add-ac75-8b16151fa462,9f6048f0-5c5e-4773-915e-4ee05d200e27,bd1396f2-4dc8-4695-9bf1-c601157100d8,Preglov trg,353
923bd774-0651-4e0a-8624-3acfb7ecd5ff,ab624858-605d-48c6-a660-d54c2e037a91,N/A,N/A,4525
5293859e-2ea2-4ad3-9781-884672606464,ef3024a8-1d7f-4cf5-ad3b-74528eaa9c51,a719a87c-4e93-4387-a6d1-2631a487f7e0,Ajdovščina,618
05bd4cbd-b014-4cfd-8ca9-3c82b0a59114,ff74fc01-faf6-4a78-a782-d8365538e7de,N/A,N/A,4525
100da88e-4c5f-4188-bd11-d4f3fc80fb74,4a95f1f8-a457-4dcf-bd1f-6307d4300ea0,bea274aa-277a-403d-ab2f-a0342b28882e,Križanke,1679
cdbafa76-fd1b-45e0-bbd6-d6c1c6a141f9,87415b6b-7e7f-4b82-b78f-ef1a7db85282,a0e0a21b-b8ce-4d76-bbc2-04e179367fee,Šola Jarše,1092
91b76764-87af-4b90-89dd-60f0046f7cc0,d7a59d1b-dfe1-4fbb-96fc-14443b077516,feb89b92-366d-4f50-a509-40c7baba8cf0,Brodarjev trg,882
1c0c01ee-6258-4328-9d01-489eb421a8d9,53f8224f-99e5-4c34-9f77-3621bbe9ce99,5dcffe2a-1c73-4f7c-bdac-4084bb5201aa,Peruzzijeva,271
02e96186-e90a-4171-8869-082486f7da1d,7554bb81-1144-4263-999d-f6e358d808fe,N/A,N/A,4525
d9f26e1a-77fc-48b0-a024-93fd38eb88a4,d867fec1-5147-43db-b004-08d2797f50e3,fef200e9-4d98-425b-ab14-8110e2aa85d7,Drama,1412
783196f2-97cd-4265-bb9a-b13aa8bb6a0b,a9796806-8cd3-4b76-bf8c-4340aec35c9e,ee7e3c65-72e8-465e-a9a3-a9370ec1f314,Vevče Papirnica,915
7fa32ea0-e884-435a-a81c-51bbd5cedf3e,785ad018-d0fe-4628-b188-15f6dc71b38e,25ad5579-f6a0-4f35-a0c9-0678b41e9dde,Križanke,149
397418bc-78a7-45c9-b5cf-374fe21cee11,bdd68b01-e9a1-4270-be50-8b5c7bd39a1c,b905ae6a-f1e1-4057-8923-481902ed5a8e,Konzorcij,1053
a52cd7ac-c11e-4c8b-94a5-1a12b32595da,aa9cc3b9-7c6c-4e45-b91a-1e0494fbf15e,4bd4913f-8597-4ea0-b219-4e9b15dcbb62,Jarše,395
60ccc570-3714-410b-aa31-43d3a4c593c8,b5273abc-dfeb-49a2-9607-249bf6415e4b,bd1396f2-4dc8-4695-9bf1-c601157100d8,Preglov trg,565
de80f5fd-4572-4bb6-9e21-9860f5fa6b24,aa42017d-812a-4175-bc9b-0fec03b18931,9bb1ed3b-5a6f-43c7-afaf-ba2b60ca1a7a,Aškerčeva,141
7b822496-7ea4-4ce8-b78c-1d021c68a9ed,ef3024a8-1d7f-4cf5-ad3b-74528eaa9c51,77dcd833-fa4d-4c5a-93b1-31284942e61d,Šišenska,397
5bc3addd-b076-4c60-b850-39f90e674b75,86303165-4af4-4fcd-b0f9-43ed865454f4,d72032c7-d4b0-4eee-a87c-593985a42266,Tobačna,1040
233daca5-913b-4e10-bf34-18b1c8c77019,a6b87518-2a7f-4505-898f-245ebe23c909,f4cfd904-bd11-4247-95df-32c4555a930f,Klinični center,989
e65047c0-c01e-4727-b466-78e107c81ee4,548dbdee-83b0-497b-acc1-e15b34899d42,1f9fad8e-d59c-494c-bdd1-1983afacb755,Kodrova,281
18d010ca-0244-4928-82cb-47af0836a1bb,769b7bc7-4f95-4bb2-9c99-37ba8e8b4bd5,a719a87c-4e93-4387-a6d1-2631a487f7e0,Ajdovščina,409
36c4949b-403b-4a76-87e3-d67f51d655ef,84578591-7543-4105-8465-9df30256360d,ccd8a655-468b-4728-a26d-7981bbdd7dec,Zg. Gameljne,35
f784b27a-1509-4eec-bd52-6beee2b9530b,9fa0b90f-dba1-4eca-8802-589425d3e8fd,c87db9be-1fba-4102-a743-0ee4317dd5af,Bavarski dvor,718
5ddf10c0-90a5-4dbf-992c-23c0505674aa,46a50a09-9bae-460b-a7b6-457d288c5a9f,N/A,N/A,4525
4a74b966-4fbf-41ab-8e1b-276f3f14fc49,5fa77d25-e7a3-42db-8cc9-52b612d5de19,6182f8e8-c45e-4606-b4a4-d909bd44d2cc,Gornji trg,469
bbe542ee-a3f6-43cf-b23a-077c28b7d19a,62feeb73-9af7-43ee-8714-1b435ec20263,9bb1ed3b-5a6f-43c7-afaf-ba2b60ca1a7a,Aškerčeva,798
86303165-4af4-4fcd-b0f9-43ed865454f4,8d5e4aed-59fb-47c9-8559-5bf11b7ddca0,b905ae6a-f1e1-4057-8923-481902ed5a8e,Konzorcij,580
c2827897-b9fe-4bfc-b4ed-880f11a2359e,184817a9-ca88-4c82-a40b-5768991da3df,c0fb12dd-8cab-40da-a3aa-e8de9c6d09ed,Rusjanov trg,749
fc3967fb-5520-4fff-a819-f625242182e5,5ddf10c0-90a5-4dbf-992c-23c0505674aa,484b5c91-1220-43ba-af79-84e712fcc46b,Slovenija avto,285
61f19c68-2d5e-4d76-bdd4-28709a347b5b,ff8f71b7-06fe-47fe-8238-9af5ee1b1dfd,48b163cd-b819-4849-aee1-8b1da77657ab,Šentvid,613
9845a6f7-ba79-4f3d-b6ae-969651ef6001,712ee105-4fab-498a-af5c-496ca9830f5f,ecc4ae87-ae08-4b94-995c-452fdd94df7f,Privoz,1012
dba19980-8ca1-4847-b9b5-8cd419374ae2,f15ddf31-fc11-41ba-988d-376c83e38f58,N/A,N/A,4525
30c30bf5-75c4-4dc0-995f-4679ef54d37c,98a94a2a-894f-4ff0-9967-1dd986bf0cfd,b905ae6a-f1e1-4057-8923-481902ed5a8e,Konzorcij,242
a2b5023d-5ce8-420f-ad2a-b61c7a1902a8,f528b363-1484-456c-835b-1e08dc31ef8e,ecc4ae87-ae08-4b94-995c-452fdd94df7f,Privoz,1430
fb0042f8-d9e2-4916-b60a-38a026acf0c9,862efb04-bcf5-493a-929d-242fb91ba5f6,4062cd22-b67a-4235-9980-0178b7add592,Drama,153
087e50b6-7677-4a85-802f-5694266fe38b,ed50f692-09f9-409e-b7d6-05ff7711de6b,c124f317-217b-4b89-9597-393843de4f81,Nusdorferjeva,738
49f28358-bfda-458e-a4b3-a45f602765c1,97627b9b-fa2e-461a-97ea-a15df7599598,N/A,N/A,4525
e66e813a-722d-40f8-9ee9-1470d07bc200,fef200e9-4d98-425b-ab14-8110e2aa85d7,c87db9be-1fba-4102-a743-0ee4317dd5af,Bavarski dvor,1912
db9f7130-0bc2-4f3e-b8cd-07cfe96b1f8f,12618339-2c2d-49ec-b0e0-2517c11991f8,b59656a4-b6e7-4b87-977c-078c59088a50,Hajdrihova,728
45e88013-1a7e-44a0-ab1f-bc0db6c6746f,0bb103e4-c4a6-4c4c-a13d-217ab4e6dfd3,c124f317-217b-4b89-9597-393843de4f81,Nusdorferjeva,260
d4fd9934-5253-4ab8-a779-3e9e2a30c5b7,ff1f708c-989e-4cc5-8e75-02717b5f9744,N/A,N/A,4525
5be3b187-5735-4444-bee7-0665f60e6c83,454817d3-3750-49c7-994c-14d06fd2c634,bea274aa-277a-403d-ab2f-a0342b28882e,Križanke,614
d7748049-2f69-4c77-a19b-96774a521ac1,b4766c35-4ab9-4af3-aa76-1b1f40735685,1f9fad8e-d59c-494c-bdd1-1983afacb755,Kodrova,17
d5d15a80-243b-49d7-a616-b3c3fb39e8af,b4634750-8d91-4625-b40d-1da9665e70f6,b905ae6a-f1e1-4057-8923-481902ed5a8e,Konzorcij,727
53ec687a-6f0c-4bb7-b1b4-606e7dcfada9,ee3713fe-016c-47eb-96d1-f760c9d19010,7bcbdcaa-00b9-47d4-8982-09da26cd7bcb,Zaloška,670
9e0942f3-2c18-4891-9b51-9d95cc43af7a,c71e1e0c-780a-4d46-8b33-09aebbbcfcd8,ecc4ae87-ae08-4b94-995c-452fdd94df7f,Privoz,649
9e90940e-cf99-4112-87ec-7cbb6331509a,093afa81-b65f-4182-bac3-afbc00558a9b,fef200e9-4d98-425b-ab14-8110e2aa85d7,Drama,1329
b56664c0-1dc1-42c5-b10b-52c3fb0dd042,e3321752-4498-4da3-801c-d54920b22eba,4062cd22-b67a-4235-9980-0178b7add592,Drama,217
efecc3aa-ae68-4374-bc24-334280abcf3f,b4b30b45-445a-4f70-bdf5-5ea7cdc98583,1308dcf9-a9e1-4e54-95c9-0f2afaac889b,ŽELEZNA,447
a2947722-2e6f-48dd-9c31-ff36356676fa,acd87210-4e04-49b4-884b-1fe11c453bf4,N/A,N/A,4525
35dbaf26-2fa4-45c4-87fc-81d1ff13b005,aa844493-50b0-4b91-b331-f4297d2ae6a8,659ee31d-ae12-4498-8507-28579d322e32,Vič Glince,34
7c149b59-2bc6-45cb-95c8-69e18a0db627,5c246f67-4431-4968-8d64-2ae4b823e360,a719a87c-4e93-4387-a6d1-2631a487f7e0,Ajdovščina,813
7b687edb-dc47-4b68-a13e-34713cababe9,9cc88862-270a-409a-b450-e0003c7930af,fef200e9-4d98-425b-ab14-8110e2aa85d7,Drama,376
7f510cd8-4742-4dcf-95c0-16cde39c2e26,7ad774b6-172a-401b-b186-358aa2d560a2,cdee8be6-e02c-4fb5-9752-be1bac08d90d,Kavčičeva,785
1eadcdb9-60cd-47c9-8eec-527c3465a685,1e2641bc-b0b2-448e-8ad2-e52891fa4c5f,N/A,N/A,4525
278a9d60-64c7-4bfa-aad0-24068aa760af,8b5f91a6-23b7-4786-96f9-a80c6d668e18,f2b27cbd-5207-4281-8f67-6369d0c50a9b,Kodrova,1192
1308dcf9-a9e1-4e54-95c9-0f2afaac889b,df973089-967d-4446-916c-260e9e8fec83,f14a6236-8af2-47bf-9270-432377662a63,Viadukt,93
ccd8a655-468b-4728-a26d-7981bbdd7dec,ba2b16a8-1273-45d2-8758-47b9694df9a6,16578e36-c682-4083-bd29-4973445dc0fe,Gosposvetska,208
86a75ffc-a78f-401f-8991-2eb0371417b2,9741988b-6723-480b-a419-8db7490d667a,0bb103e4-c4a6-4c4c-a13d-217ab4e6dfd3,Cesta na Vevče,33
48507e1a-32df-4552-9448-3b345760b75f,d3a6cbf3-65f0-4db8-9a10-1460763eac8e,fef200e9-4d98-425b-ab14-8110e2aa85d7,Drama,386
c969f066-aab5-466d-b4db-48e651a4a12e,cd2cdf5f-a758-494c-8b1f-2de4ac913723,N/A,N/A,4525
9afb36ea-c2ae-4bbb-9644-3a6c65bb1c7d,7276f267-9837-4c56-aad3-f8cd555060da,b905ae6a-f1e1-4057-8923-481902ed5a8e,Konzorcij,1858
05bd4cbd-b014-4cfd-8ca9-3c82b0a59114,db046e79-c658-433c-8812-157fd965a9f6,5de84f88-3f32-4636-8c30-03cc267ecf37,Podvozna pot,280
a2ce7e6f-0f99-443a-a973-81a0b9c60261,5a89967e-5654-49f6-84ca-59f7f9035444,f784b27a-1509-4eec-bd52-6beee2b9530b,Kamnogoriška,522
34ead609-4331-48ab-8e82-52dd70da9832,b2dd1684-0848-40f7-b10e-8f74bb005f2f,N/A,N/A,4525
7ba233b7-a50a-497d-8135-dd8dabf93ff5,3fbf6322-fb74-4a50-a81a-bfca73abc26b,bea274aa-277a-403d-ab2f-a0342b28882e,Križanke,2343
d861c2ce-106a-4b95-a4fc-2af355c0bbf0,05bd4cbd-b014-4cfd-8ca9-3c82b0a59114,44e58cea-6c90-467f-baf2-22ac161daafb,Pri Maranzu,49
125d4928-6b97-4a4b-af34-a2d1564c029c,cee2862b-9b70-4880-8fa3-16c6d2efae1b,12618339-2c2d-49ec-b0e0-2517c11991f8,Mirje,251
6c773433-c487-49c5-a783-32c0e276ed7b,77dcd833-fa4d-4c5a-93b1-31284942e61d,c8e0086c-0cef-4375-a471-72f3ae1e34fc,Strelišče,885
2cde6efe-5f53-44aa-8018-76f0ea2c86f8,d119c3e9-7f2c-4d40-97a4-ccc6b4bb2951,a719a87c-4e93-4387-a6d1-2631a487f7e0,Ajdovščina,345
15eaf9b9-db6d-4586-9ad2-5bfa99719bfd,6c773433-c487-49c5-a783-32c0e276ed7b,5764ff17-c787-4918-b7bd-a2ed9c6d7dd1,RUDNIK,138
eb43a68a-54a5-4a37-b090-1329e2b4d830,c20233f2-94bc-4c21-9d2a-9b129b668487,fef200e9-4d98-425b-ab14-8110e2aa85d7,Drama,617
d8ff7b2c-baf6-4a1a-97c5-0871b823caab,24df120e-0d0c-4353-8dda-c7ef0dc3dd5c,N/A,N/A,4525
48e907fd-e868-47cd-8cac-74c7d4582944,61485a1f-73a8-4dac-bcc7-6e4e53eb4b0f,16578e36-c682-4083-bd29-4973445dc0fe,Gosposvetska,243
318d4398-e152-498b-b4ff-1344c67adba6,98a75a4c-0ef8-4efa-8f0a-384fe8eafce0,1f9fad8e-d59c-494c-bdd1-1983afacb755,Kodrova,607
e0c253d0-1de7-4add-ac75-8b16151fa462,13ceaf6c-9650-45c3-b449-64a0e5094d18,f2bac6f5-5bbc-4f15-acdd-014d86770ce9,Kneza Koclja,215
e78f256e-7218-4263-87b9-255bd90c9f49,4bd4913f-8597-4ea0-b219-4e9b15dcbb62,N/A,N/A,4525
eec159d0-4b1b-4706-9a5d-a00ddcbea9f5,363564a6-9938-4bf5-8928-1cd191e9c2ef,22ef2062-46f0-4a46-8d9a-6ceb7b7f45bc,Ilirska,1066
4ac86a6a-874d-41a7-92a5-64ed733b7734,9746f277-af08-4cce-92fa-41da5eca8ac2,a719a87c-4e93-4387-a6d1-2631a487f7e0,Ajdovščina,319
332abe37-33b8-4142-9edd-4ebd9e52eaf7,2e62f411-936d-4a10-96ed-2d8fe95d6d65,16578e36-c682-4083-bd29-4973445dc0fe,Gosposvetska,2234
3d0466c6-82f4-4a8e-ac5f-18d4dab794ac,595ee2ab-3022-469d-a3e1-0c87d7dfb14d,16578e36-c682-4083-bd29-4973445dc0fe,Gosposvetska,2153
c0fb12dd-8cab-40da-a3aa-e8de9c6d09ed,0c6d0a32-5673-45fa-9d50-04d8039cbda1,a719a87c-4e93-4387-a6d1-2631a487f7e0,Ajdovščina,200
3c143688-247f-41cc-960d-f5e37b874c3a,96d4c75b-6452-4c70-a31e-c234262ba38b,8eeea585-6168-45b8-a5d4-336e61826043,Zapuže,948
f2bac6f5-5bbc-4f15-acdd-014d86770ce9,7484317c-269f-425f-8118-23eedab4e5f1,3429cda2-6047-453c-bf54-952dfa6674c0,Klinični center,193
1536cb2e-acd3-49cb-8f06-bb8cd40c0c02,f73d3fb2-082c-4518-8af2-45de5490df4e,f784b27a-1509-4eec-bd52-6beee2b9530b,Kamnogoriška,546
4fddf4a7-ad4e-4630-a5ca-3267955db548,c5527a65-5265-43de-b703-7c7d494d190c,639551cf-fe23-4363-8ccd-655bc5d4119e,Zmajski most,656
9b9d2948-7538-409c-9bfc-42c0b74c41a8,f2b27cbd-5207-4281-8f67-6369d0c50a9b,484b5c91-1220-43ba-af79-84e712fcc46b,Slovenija avto,208
caac4c1a-13e4-4afa-b467-65d90a8fbd44,cf94d70f-d211-4625-9037-014514562aa9,b905ae6a-f1e1-4057-8923-481902ed5a8e,Konzorcij,2501
3429cda2-6047-453c-bf54-952dfa6674c0,e57aad1d-457e-401f-b26d-306b4fd836eb,b905ae6a-f1e1-4057-8923-481902ed5a8e,Konzorcij,783
af2956ba-d922-4ec4-bfa7-b623c29e8b3e,39b60288-c9ac-4bc2-825b-524dec52182d,8598b85d-3e1d-4767-b72f-0c209038841f,Štepanja vas,1319
1ce1c3a8-e0f6-4f90-b1aa-1448759d8b3c,46a50a09-9bae-460b-a7b6-457d288c5a9f,N/A,N/A,4525
2cde6efe-5f53-44aa-8018-76f0ea2c86f8,3c143688-247f-41cc-960d-f5e37b874c3a,a719a87c-4e93-4387-a6d1-2631a487f7e0,Ajdovščina,1849
0be53afd-2427-49b2-b70c-2ee3d89e9762,9143c575-806f-4ba0-81bc-8199f0b0b4d0,c0fb12dd-8cab-40da-a3aa-e8de9c6d09ed,Rusjanov trg,171
9fa0b90f-dba1-4eca-8802-589425d3e8fd,e6f5183b-c615-4f47-b4fb-204ee070e825,dfde6478-02b5-471b-a470-29cb0e84542f,Slovenija avto,594
edf94a12-03e9-4225-b6cc-aca0edf588a7,7558099b-08a3-43bc-8056-49bcc5900a03,5764ff17-c787-4918-b7bd-a2ed9c6d7dd1,RUDNIK,1070
278a9d60-64c7-4bfa-aad0-24068aa760af,9a14b0ec-f13a-46f0-8c4f-07d8b99241e2,295616c0-387b-4f60-a337-7743cd6be04e,Bavarski dvor,1477
249f3d10-f5f0-467b-8f60-f35fd62d9054,0760a037-cd94-4936-89b6-45ce9bd19917,4062cd22-b67a-4235-9980-0178b7add592,Drama,639
86a75ffc-a78f-401f-8991-2eb0371417b2,df63651e-45ab-4487-9429-9e604415b35c,98a94a2a-894f-4ff0-9967-1dd986bf0cfd,Litostroj,845
bff8345d-1b72-4b41-8b8d-cb8a5483a2e4,3cb0ccbb-9b91-4d71-bd27-2acef732be4c,fb0042f8-d9e2-4916-b60a-38a026acf0c9,Leskoškova,607
d98335a0-1291-4d4c-be62-16b11c356575,d7384760-d854-492d-87af-f342cab37fc1,25ad5579-f6a0-4f35-a0c9-0678b41e9dde,Križanke,775
d9df365b-7e54-4d22-b2e9-3b548d48ad59,4038e02e-f22f-4af0-ba4f-7aab855b53af,4062cd22-b67a-4235-9980-0178b7add592,Drama,352
53c3c8c9-2e64-4a8f-9afb-031b24c17d5a,eb11d52f-300b-4648-a2e8-ed03db9ff7e2,N/A,N/A,4525
6edebb46-d04f-45c4-99a4-100f7f0b2660,c0fb12dd-8cab-40da-a3aa-e8de9c6d09ed,4bd4913f-8597-4ea0-b219-4e9b15dcbb62,Jarše,111
1505c6fe-6080-424e-98d1-24c312cfacf3,896f7627-7c1c-4742-a40a-6aadb85fe206,f33b721f-a8a3-4aad-96f2-077da09ebaa6,Razstavišče,1276
548a85bd-f15f-427b-ad90-43cb50e9e31a,795c157e-21e0-4115-85aa-93c227e3420f,3429cda2-6047-453c-bf54-952dfa6674c0,Klinični center,1103
548a85bd-f15f-427b-ad90-43cb50e9e31a,79325942-629a-4766-a34a-525f8edf8cc5,fef200e9-4d98-425b-ab14-8110e2aa85d7,Drama,288
dba19980-8ca1-4847-b9b5-8cd419374ae2,e786b2df-34ed-4246-832e-7c3d538ac1f4,N/A,N/A,4525
f66a1f18-4c18-4317-b929-fb616cc7cebc,ab987eb0-c970-4577-8db9-0cd507a6cab6,5d7f28a6-2a2a-4333-aa06-48edfb652f86,Pošta,822
484b5c91-1220-43ba-af79-84e712fcc46b,1f9fad8e-d59c-494c-bdd1-1983afacb755,4a74b966-4fbf-41ab-8e1b-276f3f14fc49,Ježa,464
7962e05c-ad8c-43e4-9db4-4b90f0c94596,65e92ecc-800d-4962-a8bc-0f50f1107a5b,fef200e9-4d98-425b-ab14-8110e2aa85d7,Drama,323
6672b8cb-e56d-420a-a5e7-fc86e8aa3647,6c773433-c487-49c5-a783-32c0e276ed7b,N/A,N/A,4525
8f56b058-1ae3-44f5-8600-4330f2264d78,fac22b83-1bc0-4c12-8533-485b115409ef,7fa32ea0-e884-435a-a81c-51bbd5cedf3e,Zaloška,1733
fb0042f8-d9e2-4916-b60a-38a026acf0c9,befe0e87-b5fe-41ff-9a77-f65461eff28d,9b85d4b0-c594-4e0e-9ce2-d0986256c270,Tavčarjeva,177
66a82f60-b1d1-4251-a715-178300014f18,a1406782-3114-407c-8e35-35bcf5a1234b,b905ae6a-f1e1-4057-8923-481902ed5a8e,Konzorcij,295
86303165-4af4-4fcd-b0f9-43ed865454f4,94712446-2421-4304-b4f1-3b3f82998713,3d8122ff-0840-4811-a5ad-c4702fc70269,Pod Rožnikom,690
f5dc05ab-b5cf-4f25-a85b-f346876311cb,2e62f411-936d-4a10-96ed-2d8fe95d6d65,4062cd22-b67a-4235-9980-0178b7add592,Drama,221
96d4c75b-6452-4c70-a31e-c234262ba38b,712ee105-4fab-498a-af5c-496ca9830f5f,16578e36-c682-4083-bd29-4973445dc0fe,Gosposvetska,342
5b59d508-0860-4f50-b5ab-72a79046b488,a3aeed02-8e36-4cb0-bb08-25cc4afda164,a378ce5e-57ce-4c52-b219-568674b5cd5e,Gornji trg,1182
6a774daa-3547-4128-b304-aa2d17d4391a,2beb7011-982a-4349-be22-addf1c3bdec7,712ee105-4fab-498a-af5c-496ca9830f5f,Viadukt,2078
25ad5579-f6a0-4f35-a0c9-0678b41e9dde,2c0475be-44e7-4f0f-a06d-2c1b4ca15677,98239279-bb80-4070-965c-dc87525019e2,Vikrče,112
075a6b29-66cb-409f-89fe-37d50669eff4,d119c3e9-7f2c-4d40-97a4-ccc6b4bb2951,e66e813a-722d-40f8-9ee9-1470d07bc200,Tobačna,909
51dbf10f-cf3b-4575-a8cc-d1080c1f9dde,f5dc05ab-b5cf-4f25-a85b-f346876311cb,aa42017d-812a-4175-bc9b-0fec03b18931,Ambrožev trg,1195
249f3d10-f5f0-467b-8f60-f35fd62d9054,ef4a63e8-d956-4f09-80bd-8e4699418652,N/A,N/A,4525
d861c2ce-106a-4b95-a4fc-2af355c0bbf0,ac3afe7d-a2b3-4d5d-9e6a-1d2412a3bc70,16578e36-c682-4083-bd29-4973445dc0fe,Gosposvetska,110
eb11d52f-300b-4648-a2e8-ed03db9ff7e2,29096931-9d98-487f-bd0a-b0767611e561,N/A,N/A,4525
1632ee87-59dd-4367-bf10-9d13aa688e82,16578e36-c682-4083-bd29-4973445dc0fe,4062cd22-b67a-4235-9980-0178b7add592,Drama,1030
ef3024a8-1d7f-4cf5-ad3b-74528eaa9c51,27788b38-4743-4e04-9b9c-94faeeeb2d34,9bb1ed3b-5a6f-43c7-afaf-ba2b60ca1a7a,Aškerčeva,4091
4abe5e63-5707-4ef0-acda-ab2c52749afe,01d1f388-d915-4e9f-bc3d-4432a73a216e,b905ae6a-f1e1-4057-8923-481902ed5a8e,Konzorcij,395
9f6048f0-5c5e-4773-915e-4ee05d200e27,92928953-a289-4a44-a653-b7b6b4f5e1c2,aa42017d-812a-4175-bc9b-0fec03b18931,Ambrožev trg,126
d5735919-60bb-4720-a695-9f5155a4f109,acd87210-4e04-49b4-884b-1fe11c453bf4,N/A,N/A,4525
e8d0bfd1-b300-4eae-8f85-79266066bb3c,a7177a3d-8db2-43fb-8910-f95857f0ed97,N/A,N/A,4525
c32ef99a-6752-47fe-94eb-a5134c7110af,a2f479c6-4c21-4923-b4ac-86f752507cee,N/A,N/A,4525
15eaf9b9-db6d-4586-9ad2-5bfa99719bfd,1d7af067-e43b-4a98-953c-75f1b267d9ce,16578e36-c682-4083-bd29-4973445dc0fe,Gosposvetska,862
8d775324-59ca-429e-ad7e-8d522c52dbdd,3203d037-a222-4092-8dd6-e8dfcd49a2c9,ecc4ae87-ae08-4b94-995c-452fdd94df7f,Privoz,2320
25c85d19-456c-4188-b563-15ad467a54c7,07b4c585-66cf-49d7-906c-50f1122c8e9e,7310c006-62b8-4f94-bb9c-d5c26cb3faad,Polje,1057
cddb3822-7daf-4cae-9cc3-6b191e81326b,d5d15a80-243b-49d7-a616-b3c3fb39e8af,712ee105-4fab-498a-af5c-496ca9830f5f,Viadukt,52
5b184752-5bd2-43e3-9243-dfc8969d9065,9b9d2948-7538-409c-9bfc-42c0b74c41a8,25ad5579-f6a0-4f35-a0c9-0678b41e9dde,Križanke,1696
8561e9fb-03e0-46f1-802d-b376d26a8ea5,9e109242-5aad-4fb7-b0c8-576eef8aa4e0,4b456495-fb29-4ff3-b48b-4090bc51514e,KPL,118
9c2e9262-7afe-44d3-8aaf-80afd45f9118,c20233f2-94bc-4c21-9d2a-9b129b668487,5d7f28a6-2a2a-4333-aa06-48edfb652f86,Pošta,1069
7fdce743-a4be-44d7-8658-0a259a18ad30,86a75ffc-a78f-401f-8991-2eb0371417b2,5d7f28a6-2a2a-4333-aa06-48edfb652f86,Pošta,63
98f728a3-94a6-4911-98d7-64ab88097036,505865ea-cdea-4042-bdb2-b2f4f03889cb,48507e1a-32df-4552-9448-3b345760b75f,Cesta na Vevče,265
c15a2be8-fc53-427d-9cc6-a50bb305f68d,13ceaf6c-9650-45c3-b449-64a0e5094d18,a719a87c-4e93-4387-a6d1-2631a487f7e0,Ajdovščina,262
15eaf9b9-db6d-4586-9ad2-5bfa99719bfd,7310c006-62b8-4f94-bb9c-d5c26cb3faad,6182f8e8-c45e-4606-b4a4-d909bd44d2cc,Gornji trg,1139
fd0e405e-d5e5-45fc-8911-e48a178ad4a9,2beb7011-982a-4349-be22-addf1c3bdec7,1c0ae078-cca7-40c8-aeda-1187a12ddfee,Remiza,205
c326e479-ccc3-4915-8788-3fa189d0143e,609f0950-bb8c-4eaf-a931-8575b8aff1ac,923bd774-0651-4e0a-8624-3acfb7ecd5ff,Gornje Poljane,1339
4fddf4a7-ad4e-4630-a5ca-3267955db548,07b4c585-66cf-49d7-906c-50f1122c8e9e,484b5c91-1220-43ba-af79-84e712fcc46b,Slovenija avto,966
0c6d0a32-5673-45fa-9d50-04d8039cbda1,47a3bd8a-72ae-4e20-b43f-10bfaf49012c,6182f8e8-c45e-4606-b4a4-d909bd44d2cc,Gornji trg,152
c6c83930-96af-4cbe-93bf-072a618502a4,b60d686c-3b89-447c-93f6-2837d9af3d02,cf6f67f5-f7df-4462-828b-481134217fad,Žito,1139
efecc3aa-ae68-4374-bc24-334280abcf3f,7310c006-62b8-4f94-bb9c-d5c26cb3faad,a719a87c-4e93-4387-a6d1-2631a487f7e0,Ajdovščina,416
32abc648-685c-47b0-bbc4-203371ec2699,48507e1a-32df-4552-9448-3b345760b75f,25ad5579-f6a0-4f35-a0c9-0678b41e9dde,Križanke,974
a719a87c-4e93-4387-a6d1-2631a487f7e0,67c3adc1-a92d-4528-91ee-77d8b52574c6,16578e36-c682-4083-bd29-4973445dc0fe,Gosposvetska,177
f5dc05ab-b5cf-4f25-a85b-f346876311cb,d4d4230a-5247-4071-baa4-463321d9d934,4062cd22-b67a-4235-9980-0178b7add592,Drama,400
5f2b93f1-7933-45ed-915c-4488ab8d81b7,b60d686c-3b89-447c-93f6-2837d9af3d02,087e50b6-7677-4a85-802f-5694266fe38b,Aškerčeva,11
70231f13-be88-4e3a-a89a-5b4f436984d2,8512e1be-4637-483b-a3e6-78ccc6d2c5b1,48507e1a-32df-4552-9448-3b345760b75f,Cesta na Vevče,191
f496ecc3-28fe-4361-9da8-428bbf3bd672,13d6dac7-dc00-416e-a8c0-0d6967e4014e,9cfac7e2-9653-4e52-a6d3-27756d27f817,Kino Šiška,683
fcec9e7a-1c9e-4214-96dd-d071550349e6,d98335a0-1291-4d4c-be62-16b11c356575,28248670-5e08-4de2-8eab-e63933c0d61d,Podmornica,450
8561e9fb-03e0-46f1-802d-b376d26a8ea5,ba681dbc-ea72-4685-ad98-c5ed496510e6,67c3adc1-a92d-4528-91ee-77d8b52574c6,Poliklinika,314
3f0c15b3-99bd-4c12-8f7a-df06c9536526,78ef8af0-fd16-46b8-a5de-8d24b99638c8,6182f8e8-c45e-4606-b4a4-d909bd44d2cc,Gornji trg,778
08506f21-8675-4972-a359-ba9412a1da49,fcccf4af-4f16-4edc-ba5a-585c434593fe,4062cd22-b67a-4235-9980-0178b7add592,Drama,779
70231f13-be88-4e3a-a89a-5b4f436984d2,666e98e1-4a23-4204-a3e6-99110f8b3153,4062cd22-b67a-4235-9980-0178b7add592,Drama,175
441545fb-7a0c-4555-aea8-01cbe6c14ea3,c326e479-ccc3-4915-8788-3fa189d0143e,fef200e9-4d98-425b-ab14-8110e2aa85d7,Drama,623
b905ae6a-f1e1-4057-8923-481902ed5a8e,fc3967fb-5520-4fff-a819-f625242182e5,fef200e9-4d98-425b-ab14-8110e2aa85d7,Drama,1988
3edd6057-3847-4c42-b8ec-6e89ff95793a,9c3d9f7c-69df-4a48-8f1a-d25e7a922ac3,17f7d178-41b3-41f9-a545-cbfc22a0a5f1,Nusdorferjeva,2913
557f714a-6f4a-4c98-8c5a-d74fa34b2adb,d06c6c8a-c136-4b7a-9c13-b26ba0c04029,5de84f88-3f32-4636-8c30-03cc267ecf37,Podvozna pot,196
ae3f312a-4242-4a42-8df2-5990505a7747,d9df365b-7e54-4d22-b2e9-3b548d48ad59,f14a6236-8af2-47bf-9270-432377662a63,Viadukt,1757
1f4702d4-6b02-4ad3-aa9b-118ff9aa3474,476c1b24-6f2f-4727-b610-645c50493814,3c143688-247f-41cc-960d-f5e37b874c3a,Črnuče,14
8f623f1d-48a7-46b5-9331-28a8dc980876,76ec8af8-07c2-4d44-b0d8-a439d381913f,aa42017d-812a-4175-bc9b-0fec03b18931,Ambrožev trg,292
ad966374-a37d-443a-9a3e-ec85ca28231f,9e90940e-cf99-4112-87ec-7cbb6331509a,61926b26-d777-483f-ae79-86766c48793b,Tržnica Koseze,74
6340ea93-391e-45b9-94b0-56d1d7c87e20,3f01eb40-651e-4fad-aff9-2ee27f259f64,4bd4913f-8597-4ea0-b219-4e9b15dcbb62,Jarše,490
cdabf1ea-b04c-480a-8359-72c46e6864ab,0c6d0a32-5673-45fa-9d50-04d8039cbda1,ef31a8be-b01d-44cd-95cf-3db8e918af26,Emona,1051
7d1d9e60-8a7d-4e50-86e5-f3a42a99d837,c20233f2-94bc-4c21-9d2a-9b129b668487,N/A,N/A,4525
e9035f9a-28be-450a-a30c-7178134ff26b,4c277b3f-c427-404b-ace3-2cd51656318f,5d7f28a6-2a2a-4333-aa06-48edfb652f86,Pošta,785
e7789f42-0ad7-44d1-974b-42a3f4957291,5fa77d25-e7a3-42db-8cc9-52b612d5de19,7c149b59-2bc6-45cb-95c8-69e18a0db627,Rusjanov trg,139
4bd4913f-8597-4ea0-b219-4e9b15dcbb62,e2499103-6634-4d8e-87a8-68dc5ef6340c,fef200e9-4d98-425b-ab14-8110e2aa85d7,Drama,513
4ac86a6a-874d-41a7-92a5-64ed733b7734,ac3afe7d-a2b3-4d5d-9e6a-1d2412a3bc70,dd57f39b-be0f-479e-bc35-5bd2edf98ff2,Bolnica,621
9b9d2948-7538-409c-9bfc-42c0b74c41a8,a4545f57-dab0-4ca0-9da3-5bc96d80f104,4bd4913f-8597-4ea0-b219-4e9b15dcbb62,Jarše,2518
9f6048f0-5c5e-4773-915e-4ee05d200e27,7ea32e84-b8d9-498b-9f03-5a66990012b9,a719a87c-4e93-4387-a6d1-2631a487f7e0,Ajdovščina,1263
2d6504e9-c938-417e-9b55-32d6514bc744,eb11d52f-300b-4648-a2e8-ed03db9ff7e2,N/A,N/A,4525
e78f256e-7218-4263-87b9-255bd90c9f49,e6f5183b-c615-4f47-b4fb-204ee070e825,fef200e9-4d98-425b-ab14-8110e2aa85d7,Drama,124
67d66d40-e8ba-4bc0-a9cf-814dce3ccbea,e4635b94-348c-4c69-be85-1160488e5e43,c87db9be-1fba-4102-a743-0ee4317dd5af,Bavarski dvor,267
52e5d1c1-28c9-4ed2-b0ec-5bf7311be753,9f01f25f-9a5b-459a-96da-222ef81faf51,N/A,N/A,4525
bb1ac8b9-5cb2-49f2-8d5c-d7fe4afdd5dd,d3283222-38a9-40e2-a485-180d1a33067c,484b5c91-1220-43ba-af79-84e712fcc46b,Slovenija avto,228
d5961b09-f5e8-4a0b-9bbb-2515ff0a8376,8375ab17-e389-42b2-9b88-0210a049e321,b905ae6a-f1e1-4057-8923-481902ed5a8e,Konzorcij,415
912792ae-7f7e-4295-8064-38ea96a5dc4a,087e50b6-7677-4a85-802f-5694266fe38b,N/A,N/A,4525
ff1f708c-989e-4cc5-8e75-02717b5f9744,10449641-799e-4ee4-a712-a6e3a9aefc27,ac3afe7d-a2b3-4d5d-9e6a-1d2412a3bc70,Litostrojska,1443
66012072-6b6b-4775-8001-0887d18e09a3,95732ece-1658-4e11-9b5f-b6ae5552e638,95eee7e8-237d-4410-a9bf-00c6f88129c1,Cukrarna,217
404f8444-540d-4d82-a355-30a6a8bec797,70bba1e8-3ea8-46fe-ace3-f75b04e37605,659ee31d-ae12-4498-8507-28579d322e32,Vič Glince,974
b4766c35-4ab9-4af3-aa76-1b1f40735685,a12ab184-fb4b-449f-9884-88e0a1672e64,ecc4ae87-ae08-4b94-995c-452fdd94df7f,Privoz,1728
459f82d2-cbe4-414b-b66b-0b794ea958ed,124ec397-421b-4737-bf71-09c9b1665a10,4062cd22-b67a-4235-9980-0178b7add592,Drama,1063
ba681dbc-ea72-4685-ad98-c5ed496510e6,4c08e174-6890-4c5d-9eec-15686971f909,N/A,N/A,4525
862efb04-bcf5-493a-929d-242fb91ba5f6,aa9cc3b9-7c6c-4e45-b91a-1e0494fbf15e,e7789f42-0ad7-44d1-974b-42a3f4957291,Strelišče,1686
a8af1032-30bf-4f7b-a921-28d2f712fd24,9cd1e7f8-8ccf-4469-bc25-25d138605c67,12618339-2c2d-49ec-b0e0-2517c11991f8,Mirje,243
66a82f60-b1d1-4251-a715-178300014f18,249f3d10-f5f0-467b-8f60-f35fd62d9054,4062cd22-b67a-4235-9980-0178b7add592,Drama,995
cc9cbd94-6da7-41ff-a728-cfd4b47dfcc0,da623aed-094d-4c3c-9766-9f0aba0f40f6,b56664c0-1dc1-42c5-b10b-52c3fb0dd042,Galjevica,900
ff74fc01-faf6-4a78-a782-d8365538e7de,e4635b94-348c-4c69-be85-1160488e5e43,N/A,N/A,4525
0fb83496-463c-4123-97c6-669efe614d26,505865ea-cdea-4042-bdb2-b2f4f03889cb,25ad5579-f6a0-4f35-a0c9-0678b41e9dde,Križanke,1007
02e96186-e90a-4171-8869-082486f7da1d,d07152fd-014c-481b-a5f2-8949066499e8,1e2641bc-b0b2-448e-8ad2-e52891fa4c5f,Pece K,122
2bf898b0-1247-4e84-87e2-2e044e580c8f,b7b7ac00-59bb-41eb-833d-ad309d24e68a,a719a87c-4e93-4387-a6d1-2631a487f7e0,Ajdovščina,329
9143c575-806f-4ba0-81bc-8199f0b0b4d0,0760a037-cd94-4936-89b6-45ce9bd19917,67d66d40-e8ba-4bc0-a9cf-814dce3ccbea,Jadranska,170
95732ece-1658-4e11-9b5f-b6ae5552e638,6e7cab20-d7e3-474f-9a5e-f1e0ca6fae53,37fc313d-1f45-49c9-9059-4f96f44a6682,Zgornja Šiška,2722
a6fde748-bb91-465c-8665-20cbaed7df19,76ec8af8-07c2-4d44-b0d8-a439d381913f,N/A,N/A,4525
5dcffe2a-1c73-4f7c-bdac-4084bb5201aa,c326e479-ccc3-4915-8788-3fa189d0143e,6182f8e8-c45e-4606-b4a4-d909bd44d2cc,Gornji trg,1102
66eec6a2-dfde-4d98-b690-e47f200367fd,5dcffe2a-1c73-4f7c-bdac-4084bb5201aa,d72032c7-d4b0-4eee-a87c-593985a42266,Tobačna,231
930fed8f-1d4d-40c6-9a3b-53697263a0f2,9845a6f7-ba79-4f3d-b6ae-969651ef6001,f2b27cbd-5207-4281-8f67-6369d0c50a9b,Kodrova,137
05643914-8ff7-4064-8737-2761d44a083f,9276fcfb-0f7e-4df3-b827-325600851526,25ad5579-f6a0-4f35-a0c9-0678b41e9dde,Križanke,361
58cd6196-8ac4-4803-be8b-1c0d2fb52528,15bb8af1-183e-4ec8-81f7-1fc6e81beb30,fef200e9-4d98-425b-ab14-8110e2aa85d7,Drama,576
2beb7011-982a-4349-be22-addf1c3bdec7,b2dd1684-0848-40f7-b10e-8f74bb005f2f,N/A,N/A,4525
61f19c68-2d5e-4d76-bdd4-28709a347b5b,c8e0086c-0cef-4375-a471-72f3ae1e34fc,5d7f28a6-2a2a-4333-aa06-48edfb652f86,Pošta,101
91fb6c6e-49cf-49d3-97d4-6ae228f9bfa1,a2b5023d-5ce8-420f-ad2a-b61c7a1902a8,087e50b6-7677-4a85-802f-5694266fe38b,Aškerčeva,339
d2f9bbec-4b03-49a8-af83-afe65fe07a0e,2bf898b0-1247-4e84-87e2-2e044e580c8f,fef200e9-4d98-425b-ab14-8110e2aa85d7,Drama,142
3cb0ccbb-9b91-4d71-bd27-2acef732be4c,fcccf4af-4f16-4edc-ba5a-585c434593fe,f073b9d9-a3e3-4d04-a209-0db55377b79e,Zmajski most,451
83a62071-0161-47a2-b745-eafb5e945632,596e3cfe-bd4c-4afa-ba4c-33172dba9be1,a9796806-8cd3-4b76-bf8c-4340aec35c9e,Lutkovno gl.,185
f1fd2bad-eba9-4046-a7b9-34e8d1d423f5,117abbb4-5575-4020-aac4-2048f8d34b50,4062cd22-b67a-4235-9980-0178b7add592,Drama,463
f2fc2702-e9da-4c36-b6fc-9f52199e4574,eee4abae-e720-4776-b6c7-0099d0119246,b905ae6a-f1e1-4057-8923-481902ed5a8e,Konzorcij,174
51dbf10f-cf3b-4575-a8cc-d1080c1f9dde,efecc3aa-ae68-4374-bc24-334280abcf3f,a0e0a21b-b8ce-4d76-bbc2-04e179367fee,Šola Jarše,820
3203d037-a222-4092-8dd6-e8dfcd49a2c9,62b17644-b4a6-412f-9e03-79bbaf339717,087e50b6-7677-4a85-802f-5694266fe38b,Aškerčeva,460
c568fe2e-477f-4af2-ad68-cb8111f361d0,5a89967e-5654-49f6-84ca-59f7f9035444,557f714a-6f4a-4c98-8c5a-d74fa34b2adb,Hrvatski trg,91
f14a6236-8af2-47bf-9270-432377662a63,9276fcfb-0f7e-4df3-b827-325600851526,c124f317-217b-4b89-9597-393843de4f81,Nusdorferjeva,1239
795c157e-21e0-4115-85aa-93c227e3420f,9a1c4c65-df77-481f-87ad-56143f02a864,fef200e9-4d98-425b-ab14-8110e2aa85d7,Drama,216
184817a9-ca88-4c82-a40b-5768991da3df,cad3370f-7a28-4a47-8d5a-187adab3ca21,16578e36-c682-4083-bd29-4973445dc0fe,Gosposvetska,264
f5dc05ab-b5cf-4f25-a85b-f346876311cb,754e8f1f-a5ba-4281-8f31-fb3357744cd2,0eca6015-5429-4289-a76c-4ec9ef707e67,BTC-Merkur,2212
1ef524bd-2bf3-4c47-add3-044374897443,b4ffcb65-e60f-478d-806b-e7ae83f1a39d,fef200e9-4d98-425b-ab14-8110e2aa85d7,Drama,306
7558099b-08a3-43bc-8056-49bcc5900a03,e3b51371-e289-45ef-83ca-1f4ffff25162,0b4a072e-6c2d-4c71-ab80-2b7142df81de,Tivoli,934
4ed69cbb-d738-450c-be11-7d96cd50ee50,eb43a68a-54a5-4a37-b090-1329e2b4d830,cab36767-e95a-4f60-978e-92490f2517b2,Hrvatski trg,230
b5400e28-b0c3-4a02-9da2-084c465bd1d3,1f9fad8e-d59c-494c-bdd1-1983afacb755,5d7f28a6-2a2a-4333-aa06-48edfb652f86,Pošta,642
1505c6fe-6080-424e-98d1-24c312cfacf3,25c85d19-456c-4188-b563-15ad467a54c7,4062cd22-b67a-4235-9980-0178b7add592,Drama,747
3febe187-31d6-4229-be07-78ff782ca972,c8f784f8-ce92-4773-8d90-c6bed3513ce0,N/A,N/A,4525
f1fd2bad-eba9-4046-a7b9-34e8d1d423f5,9e90940e-cf99-4112-87ec-7cbb6331509a,5b184752-5bd2-43e3-9243-dfc8969d9065,Bolnica P. Držaja,103
627be449-8b6a-40f4-a57c-09ccdacccb66,ca575a45-9c95-4348-9245-8c75f70130b3,N/A,N/A,4525
d9df1ba3-6820-4fcb-b561-9cb7a60dd463,48b163cd-b819-4849-aee1-8b1da77657ab,717dda7e-d793-4697-8f60-b64ee8b1edc4,Gosposvetska,1446
16ae0a39-ff9a-4aee-88b5-34502255fab4,0614b134-0950-4f6b-bc8f-fb73a0881bc1,67c3adc1-a92d-4528-91ee-77d8b52574c6,Poliklinika,612
e0c253d0-1de7-4add-ac75-8b16151fa462,b59656a4-b6e7-4b87-977c-078c59088a50,aa42017d-812a-4175-bc9b-0fec03b18931,Ambrožev trg,511
79325942-629a-4766-a34a-525f8edf8cc5,62d0c5a7-1692-43ef-b6e2-31f514362629,5d7f28a6-2a2a-4333-aa06-48edfb652f86,Pošta,415
93928408-7b36-41f9-9b62-fec53e14b4e2,b59656a4-b6e7-4b87-977c-078c59088a50,fef200e9-4d98-425b-ab14-8110e2aa85d7,Drama,322
d72d58c2-b9a9-4dd5-b741-17e986d925c8,8598b85d-3e1d-4767-b72f-0c209038841f,023d7b7a-b411-4e61-8746-b07f9e5c8f90,Ambrožev trg,45
fac22b83-1bc0-4c12-8533-485b115409ef,cf22c7c2-776f-4bd7-ae1a-dc4f25983c19,9143c575-806f-4ba0-81bc-8199f0b0b4d0,Šentjakob,152
60edf514-fd83-400b-b86f-881f7eff258b,e78f256e-7218-4263-87b9-255bd90c9f49,fef200e9-4d98-425b-ab14-8110e2aa85d7,Drama,83
9e90940e-cf99-4112-87ec-7cbb6331509a,4682c5fd-08cb-4af1-a3e2-6f1ee880a52d,4062cd22-b67a-4235-9980-0178b7add592,Drama,1427
cc9cbd94-6da7-41ff-a728-cfd4b47dfcc0,e2499103-6634-4d8e-87a8-68dc5ef6340c,ef31a8be-b01d-44cd-95cf-3db8e918af26,Emona,1115
2c46416a-d66e-469c-a342-898a93f5b2f0,9143c575-806f-4ba0-81bc-8199f0b0b4d0,5d7f28a6-2a2a-4333-aa06-48edfb652f86,Pošta,1545
65e92ecc-800d-4962-a8bc-0f50f1107a5b,659ee31d-ae12-4498-8507-28579d322e32,06348c07-2fb0-4dfb-a938-aaef614a7f68,Andreja Bitenca,688
4fddf4a7-ad4e-4630-a5ca-3267955db548,07bad99d-070a-42f7-8766-d11d42152623,bea274aa-277a-403d-ab2f-a0342b28882e,Križanke,712
67c3adc1-a92d-4528-91ee-77d8b52574c6,9dfc0a62-bf4d-4670-83d0-4e26a6e56b32,bd1a0fbd-1593-4552-a76f-681c59333d6b,Savsko naselje,962
a52cd7ac-c11e-4c8b-94a5-1a12b32595da,76f20fbf-afc4-4c7d-b51c-14f0878b38d8,a719a87c-4e93-4387-a6d1-2631a487f7e0,Ajdovščina,68
0334e79e-7a89-44e9-a463-5af813e64a40,b589ddd3-5a31-4fe1-915f-44347b4c0a1a,087e50b6-7677-4a85-802f-5694266fe38b,Aškerčeva,1033
da9650a3-6ec7-4cdb-95f2-a68851587dfc,7d1d9e60-8a7d-4e50-86e5-f3a42a99d837,N/A,N/A,4525
70c51140-f3ee-4c89-a6e2-ed74dab89148,c2827897-b9fe-4bfc-b4ed-880f11a2359e,ef31a8be-b01d-44cd-95cf-3db8e918af26,Emona,47
d4c25d68-c340-431b-a646-7680fe0cefee,b2cf1f2c-3c77-4a23-891f-3cdbcda92f19,17f7d178-41b3-41f9-a545-cbfc22a0a5f1,Nusdorferjeva,314
0334e79e-7a89-44e9-a463-5af813e64a40,d2ff7ae5-59fc-4894-aa50-a7f16b5e3534,eead721b-8996-4e73-a2f9-02dba20df4fa,Ilirska,1112
83a62071-0161-47a2-b745-eafb5e945632,2beb7011-982a-4349-be22-addf1c3bdec7,98fa3880-5936-4ec8-ba04-39c7ff9a0e6a,Stara cerkev,373
d4fd9934-5253-4ab8-a779-3e9e2a30c5b7,c2827897-b9fe-4bfc-b4ed-880f11a2359e,N/A,N/A,4525
a4545f57-dab0-4ca0-9da3-5bc96d80f104,fcec9e7a-1c9e-4214-96dd-d071550349e6,bd1a0fbd-1593-4552-a76f-681c59333d6b,Savsko naselje,393
1eca3479-6e2c-4f21-bf45-4db410041181,acedfed0-a3ba-4fa3-8cd6-910783961f0a,N/A,N/A,4525
ab0d4ded-a428-4133-a6c8-0f2caac0a5ae,216a26dc-11c2-432b-b099-0d55d508b7fa,5fa77d25-e7a3-42db-8cc9-52b612d5de19,Preglov trg,470
7b822496-7ea4-4ce8-b78c-1d021c68a9ed,9e109242-5aad-4fb7-b0c8-576eef8aa4e0,a719a87c-4e93-4387-a6d1-2631a487f7e0,Ajdovščina,398
21764d19-62cc-49fd-bac9-403aeac6a6b9,4ca7ae7e-380b-45e3-81de-00ffab5bb531,1632ee87-59dd-4367-bf10-9d13aa688e82,Tržnica Koseze,2097
476b2caa-710a-47fe-9743-4d75d7ada5fb,1d7af067-e43b-4a98-953c-75f1b267d9ce,4062cd22-b67a-4235-9980-0178b7add592,Drama,1174
0bb103e4-c4a6-4c4c-a13d-217ab4e6dfd3,58db973d-ecbb-4aa6-a56c-c26aaff7f263,3fbf6322-fb74-4a50-a81a-bfca73abc26b,Tacenski most,733
278a9d60-64c7-4bfa-aad0-24068aa760af,01bc5983-63a7-4184-9986-32e5a5320684,fef200e9-4d98-425b-ab14-8110e2aa85d7,Drama,403
d98335a0-1291-4d4c-be62-16b11c356575,5f6cb902-b824-4961-9ac2-75cf44a47055,b905ae6a-f1e1-4057-8923-481902ed5a8e,Konzorcij,2303
3c143688-247f-41cc-960d-f5e37b874c3a,1b3d51e8-8b5e-4b31-a63e-9d665243c2f1,b905ae6a-f1e1-4057-8923-481902ed5a8e,Konzorcij,1245
eb669f04-cfb6-4ea4-90c9-26eb551ecb45,92928953-a289-4a44-a653-b7b6b4f5e1c2,c87db9be-1fba-4102-a743-0ee4317dd5af,Bavarski dvor,469
66943a7c-28b4-40a6-a996-21aa0b968435,a2ce7e6f-0f99-443a-a973-81a0b9c60261,e66e813a-722d-40f8-9ee9-1470d07bc200,Tobačna,358
b4ffcb65-e60f-478d-806b-e7ae83f1a39d,f088dbda-3ab0-43c5-bcdf-c727725c05be,aa42017d-812a-4175-bc9b-0fec03b18931,Ambrožev trg,431
121b30dc-065b-4c76-aad2-a54a85c74d4d,66943a7c-28b4-40a6-a996-21aa0b968435,48e907fd-e868-47cd-8cac-74c7d4582944,Poljanska,595
5d91512b-af7f-4bbe-9dde-17f402fbf590,15af3c66-ad74-4f41-92f7-92e2ff72a51d,a378ce5e-57ce-4c52-b219-568674b5cd5e,Gornji trg,1511
d3283222-38a9-40e2-a485-180d1a33067c,154f3596-bbbb-4038-9ad7-c4b8b5288a02,67d66d40-e8ba-4bc0-a9cf-814dce3ccbea,Jadranska,545
a3aeed02-8e36-4cb0-bb08-25cc4afda164,8598b85d-3e1d-4767-b72f-0c209038841f,712ee105-4fab-498a-af5c-496ca9830f5f,Viadukt,117
c22879e5-8e90-4540-9a74-5f139208e492,2d6504e9-c938-417e-9b55-32d6514bc744,6efecef0-52ba-4a47-9991-9bab5ce31340,Ajdovščina,227
7a52a73a-cc0e-4c61-b9bc-306157727e1c,21a5f1e3-8ac0-4023-95ca-0a3ff54099aa,6182f8e8-c45e-4606-b4a4-d909bd44d2cc,Gornji trg,1077
16578e36-c682-4083-bd29-4973445dc0fe,ff74fc01-faf6-4a78-a782-d8365538e7de,N/A,N/A,4525
0b90d258-764d-4c06-aab0-7074dbd54182,cf6f67f5-f7df-4462-828b-481134217fad,4062cd22-b67a-4235-9980-0178b7add592,Drama,1095
548dbdee-83b0-497b-acc1-e15b34899d42,98239279-bb80-4070-965c-dc87525019e2,9a1c4c65-df77-481f-87ad-56143f02a864,Vižmarje,204
05643914-8ff7-4064-8737-2761d44a083f,bd1a0fbd-1593-4552-a76f-681c59333d6b,c124f317-217b-4b89-9597-393843de4f81,Nusdorferjeva,476
7add6fa5-bfd5-4d9c-841b-d9856088ede9,8441d439-8d1d-40b8-b3d5-7b9c56848b43,b59656a4-b6e7-4b87-977c-078c59088a50,Hajdrihova,955
55f1ae46-11e5-4270-991f-f09dae6c58bf,8f623f1d-48a7-46b5-9331-28a8dc980876,16578e36-c682-4083-bd29-4973445dc0fe,Gosposvetska,877
e1e80207-5c23-47c0-a63a-121003b22807,c1606675-dd38-4952-914b-6ca64fd56b7b,fef200e9-4d98-425b-ab14-8110e2aa85d7,Drama,521
2a7d32ca-24a1-41ac-a273-0cbcdec59336,712ee105-4fab-498a-af5c-496ca9830f5f,bd1a0fbd-1593-4552-a76f-681c59333d6b,Savsko naselje,218
363e4763-df83-4814-99d2-879d448d5910,e74131c6-ac2f-477b-9693-10bb5ab9f24b,N/A,N/A,4525
1c214818-5471-4d2a-a7b2-33464ffacdad,5d1e404b-1606-457e-8d2b-4e3e80139532,dfde6478-02b5-471b-a470-29cb0e84542f,Slovenija avto,2207
0b6960bb-2431-48c3-9e64-3cbf5c57ea96,25ad5579-f6a0-4f35-a0c9-0678b41e9dde,e57aad1d-457e-401f-b26d-306b4fd836eb,Kašeljska,357
0d50a4a8-a88d-4468-b562-73e51937e1c5,4c277b3f-c427-404b-ace3-2cd51656318f,4062cd22-b67a-4235-9980-0178b7add592,Drama,700
7294875b-8482-484a-b04d-95b921612001,e8d0bfd1-b300-4eae-8f85-79266066bb3c,5d7f28a6-2a2a-4333-aa06-48edfb652f86,Pošta,41
4b456495-fb29-4ff3-b48b-4090bc51514e,824255dc-9be8-4f7b-9b69-2bd4e5a3fc27,f073b9d9-a3e3-4d04-a209-0db55377b79e,Zmajski most,346
ba59baf4-dd00-40a5-80e7-3eee6b9d8b09,7bcbdcaa-00b9-47d4-8982-09da26cd7bcb,c87db9be-1fba-4102-a743-0ee4317dd5af,Bavarski dvor,864
1b27d65a-1008-4bc9-928e-f6cb43b03804,9bb1ed3b-5a6f-43c7-afaf-ba2b60ca1a7a,86a75ffc-a78f-401f-8991-2eb0371417b2,Studenec,235
557f714a-6f4a-4c98-8c5a-d74fa34b2adb,b9edd39a-4f64-4553-869e-bb77e617b9b8,16578e36-c682-4083-bd29-4973445dc0fe,Gosposvetska,1092
caac4c1a-13e4-4afa-b467-65d90a8fbd44,ecc4ae87-ae08-4b94-995c-452fdd94df7f,26d86ffa-b8df-49aa-a9c0-5fa7d3cfba77,Draveljska gmajna,1839
a4545f57-dab0-4ca0-9da3-5bc96d80f104,548a85bd-f15f-427b-ad90-43cb50e9e31a,a719a87c-4e93-4387-a6d1-2631a487f7e0,Ajdovščina,2664
aa42017d-812a-4175-bc9b-0fec03b18931,8561e9fb-03e0-46f1-802d-b376d26a8ea5,6182f8e8-c45e-4606-b4a4-d909bd44d2cc,Gornji trg,24
106bdc28-f0fe-4f13-b4ad-6c6a630550b5,4ca7ae7e-380b-45e3-81de-00ffab5bb531,fef200e9-4d98-425b-ab14-8110e2aa85d7,Drama,1396
9cfac7e2-9653-4e52-a6d3-27756d27f817,1a1ee974-5091-4fa7-96a2-0c2508892aa3,c8e0086c-0cef-4375-a471-72f3ae1e34fc,Strelišče,1074
2838f674-f6e9-4eb5-a99c-1d0ac7903ca1,105e10e7-fbab-4f99-94c9-178c25630b42,a719a87c-4e93-4387-a6d1-2631a487f7e0,Ajdovščina,726
7310c006-62b8-4f94-bb9c-d5c26cb3faad,2beb7011-982a-4349-be22-addf1c3bdec7,25ad5579-f6a0-4f35-a0c9-0678b41e9dde,Križanke,531
3d8122ff-0840-4811-a5ad-c4702fc70269,f11e48f8-4133-4c36-a36f-73b4f33d9592,b905ae6a-f1e1-4057-8923-481902ed5a8e,Konzorcij,116
e786b2df-34ed-4246-832e-7c3d538ac1f4,29096931-9d98-487f-bd0a-b0767611e561,484b5c91-1220-43ba-af79-84e712fcc46b,Slovenija avto,1659
30e58784-86f6-4d93-8630-3cc3fc93c6f3,7eb88e01-82e9-4af4-84d0-69c6ea9dc82c,9bb1ed3b-5a6f-43c7-afaf-ba2b60ca1a7a,Aškerčeva,584
48e907fd-e868-47cd-8cac-74c7d4582944,727cab27-5e8e-4c5e-ba27-449822a45ee7,505865ea-cdea-4042-bdb2-b2f4f03889cb,ŠTEPANJSKO NAS.,2065
08071ba1-570f-487b-9a36-01a046fb2788,e74131c6-ac2f-477b-9693-10bb5ab9f24b,N/A,N/A,4525
2edaabef-ed43-4b87-ba95-a5600c33250f,cce39cbe-6961-433a-a787-64fbf602f470,7c149b59-2bc6-45cb-95c8-69e18a0db627,Rusjanov trg,154
5d1e404b-1606-457e-8d2b-4e3e80139532,6efecef0-52ba-4a47-9991-9bab5ce31340,087e50b6-7677-4a85-802f-5694266fe38b,Aškerčeva,340
f2b27cbd-5207-4281-8f67-6369d0c50a9b,68075aa0-144c-4f6e-93ef-e93dfc35df78,454817d3-3750-49c7-994c-14d06fd2c634,Žale,775
08071ba1-570f-487b-9a36-01a046fb2788,d123fde4-aa91-49c3-83df-5ebf12af4e59,b905ae6a-f1e1-4057-8923-481902ed5a8e,Konzorcij,671
1dc99fbb-5496-4aab-a4b6-32e653ccc789,da623aed-094d-4c3c-9766-9f0aba0f40f6,aa42017d-812a-4175-bc9b-0fec03b18931,Ambrožev trg,1307
1b3d51e8-8b5e-4b31-a63e-9d665243c2f1,5cc8a08d-c0af-491f-9a9c-b8b4f5f23bc0,087e50b6-7677-4a85-802f-5694266fe38b,Aškerčeva,600
e65047c0-c01e-4727-b466-78e107c81ee4,caac4c1a-13e4-4afa-b467-65d90a8fbd44,fef200e9-4d98-425b-ab14-8110e2aa85d7,Drama,1035
ea9d5fa9-af5a-4d39-96fd-626415048511,5cc8a08d-c0af-491f-9a9c-b8b4f5f23bc0,4062cd22-b67a-4235-9980-0178b7add592,Drama,1369
cab36767-e95a-4f60-978e-92490f2517b2,845b482b-dba1-4313-a476-e772691689cf,fef200e9-4d98-425b-ab14-8110e2aa85d7,Drama,1048
a7094427-e180-4deb-acaf-5d4488326e9e,717c914e-f928-4671-95f6-26c1ddb95799,fef200e9-4d98-425b-ab14-8110e2aa85d7,Drama,812
3d2f3af0-3b48-4019-a861-ee4fff761a24,295616c0-387b-4f60-a337-7743cd6be04e,9b85d4b0-c594-4e0e-9ce2-d0986256c270,Tavčarjeva,468
4e8ccfa1-b58c-4ee1-ad82-2e8a645071f3,95732ece-1658-4e11-9b5f-b6ae5552e638,7fa32ea0-e884-435a-a81c-51bbd5cedf3e,Zaloška,563
bbe542ee-a3f6-43cf-b23a-077c28b7d19a,a2f479c6-4c21-4923-b4ac-86f752507cee,N/A,N/A,4525
30e58784-86f6-4d93-8630-3cc3fc93c6f3,10d57057-b305-4b7a-806b-3373014db962,17f7d178-41b3-41f9-a545-cbfc22a0a5f1,Nusdorferjeva,907
0614b134-0950-4f6b-bc8f-fb73a0881bc1,5a89967e-5654-49f6-84ca-59f7f9035444,e66e813a-722d-40f8-9ee9-1470d07bc200,Tobačna,801
259de009-1345-4169-920b-baeaceade993,78ef8af0-fd16-46b8-a5de-8d24b99638c8,557f714a-6f4a-4c98-8c5a-d74fa34b2adb,Hrvatski trg,2025
4ec1b435-1683-4cd7-a4d0-688cc9f3b603,95eee7e8-237d-4410-a9bf-00c6f88129c1,fef200e9-4d98-425b-ab14-8110e2aa85d7,Drama,826
6a74977a-a26d-42b4-a60b-8dabc726e57d,a0b1fb90-3f6a-4231-910a-18be192ac762,25ad5579-f6a0-4f35-a0c9-0678b41e9dde,Križanke,1752
2c46416a-d66e-469c-a342-898a93f5b2f0,824255dc-9be8-4f7b-9b69-2bd4e5a3fc27,786a15d4-dd6b-42bb-a5c9-6ce994b5be9e,Omersova,1890
80c65758-5f25-4003-8d55-10ff96fe8310,bd1a0fbd-1593-4552-a76f-681c59333d6b,a719a87c-4e93-4387-a6d1-2631a487f7e0,Ajdovščina,1335
24df120e-0d0c-4353-8dda-c7ef0dc3dd5c,d119c3e9-7f2c-4d40-97a4-ccc6b4bb2951,f33b721f-a8a3-4aad-96f2-077da09ebaa6,Razstavišče,3096
2ec182e2-769f-427f-b9b5-c4118890cb96,34afe7f1-2d09-487f-983f-19c7dd5dae82,557f714a-6f4a-4c98-8c5a-d74fa34b2adb,Hrvatski trg,820
bfcba499-ce46-41b0-8268-966d74eccb20,c568fe2e-477f-4af2-ad68-cb8111f361d0,6182f8e8-c45e-4606-b4a4-d909bd44d2cc,Gornji trg,971
9807573b-8821-40e4-b891-a5cea6e23b3d,8dde1a7b-e3ec-4675-8409-2a2c4ae696c7,25ad5579-f6a0-4f35-a0c9-0678b41e9dde,Križanke,1554
77dcd833-fa4d-4c5a-93b1-31284942e61d,dd57f39b-be0f-479e-bc35-5bd2edf98ff2,4062cd22-b67a-4235-9980-0178b7add592,Drama,986
6e7cab20-d7e3-474f-9a5e-f1e0ca6fae53,d2f9bbec-4b03-49a8-af83-afe65fe07a0e,6182f8e8-c45e-4606-b4a4-d909bd44d2cc,Gornji trg,1122
f9d70942-e517-4560-8655-99481edd2b95,32ff2d5b-61ae-415b-941b-aeb1be1b5052,26d86ffa-b8df-49aa-a9c0-5fa7d3cfba77,Draveljska gmajna,932
a3aeed02-8e36-4cb0-bb08-25cc4afda164,16ae0a39-ff9a-4aee-88b5-34502255fab4,c6eab761-36e0-4bf8-88ed-48e594ed375b,Parmova,2225
e468b92f-fa4a-4819-bb11-37761deaf4ca,aa113271-655f-423f-ad7e-4cfaba2eb739,c124f317-217b-4b89-9597-393843de4f81,Nusdorferjeva,1484
7b822496-7ea4-4ce8-b78c-1d021c68a9ed,ba846253-4c87-4120-8f1c-05a563bf3999,cab36767-e95a-4f60-978e-92490f2517b2,Hrvatski trg,492
8f623f1d-48a7-46b5-9331-28a8dc980876,5930b5fe-26e2-4b69-bd1e-cdea021a0ab4,bbe542ee-a3f6-43cf-b23a-077c28b7d19a,BTC-tržnica,343
bc66f88b-1412-44cb-b921-030d27335261,c8e0086c-0cef-4375-a471-72f3ae1e34fc,5cc8a08d-c0af-491f-9a9c-b8b4f5f23bc0,BTC-Emporium,129
f4e99ece-e89e-4322-80c6-5a91df65f64e,d7a59d1b-dfe1-4fbb-96fc-14443b077516,fef200e9-4d98-425b-ab14-8110e2aa85d7,Drama,192
3f01eb40-651e-4fad-aff9-2ee27f259f64,df63651e-45ab-4487-9429-9e604415b35c,f0661242-947b-4937-a9ce-d2a135cd62a7,Bizovik,1551
6cc5af3b-67ea-47f3-9e8a-10946c32b906,8d5e4aed-59fb-47c9-8559-5bf11b7ddca0,N/A,N/A,4525
d4c25d68-c340-431b-a646-7680fe0cefee,8648bfde-9b0f-4a64-aced-fe63aa923879,c87db9be-1fba-4102-a743-0ee4317dd5af,Bavarski dvor,734
15c71406-72b5-4681-8b1a-29eb30eb3f76,476c1b24-6f2f-4727-b610-645c50493814,fcc58ff5-bf0b-44ce-b12b-75ecc493f24d,Petrol,1357
4682c5fd-08cb-4af1-a3e2-6f1ee880a52d,ba6f47bf-d346-4ccb-8669-13b974d863a6,4062cd22-b67a-4235-9980-0178b7add592,Drama,114
d5961b09-f5e8-4a0b-9bbb-2515ff0a8376,c0a064eb-b507-43c2-a6d2-0e9c5881f031,cad3370f-7a28-4a47-8d5a-187adab3ca21,Polje-kolodvor,262
bb606ad8-8a10-4034-9862-60cc177d2455,2265e4de-a537-4f97-882b-c94c24aabfb0,9b85d4b0-c594-4e0e-9ce2-d0986256c270,Tavčarjeva,290
fa96d420-d1af-4ad0-bf6a-4544deb1c5eb,eec159d0-4b1b-4706-9a5d-a00ddcbea9f5,4062cd22-b67a-4235-9980-0178b7add592,Drama,1298
3d2f3af0-3b48-4019-a861-ee4fff761a24,46a50a09-9bae-460b-a7b6-457d288c5a9f,N/A,N/A,4525
b5e26d7f-8a91-4360-9811-2e8e05d27382,9e90940e-cf99-4112-87ec-7cbb6331509a,1eadcdb9-60cd-47c9-8eec-527c3465a685,Polje,755
223f660b-c391-4120-bf3c-7bf06781686b,5c9baa4c-9ee0-4263-be22-72f5a73c714d,eead721b-8996-4e73-a2f9-02dba20df4fa,Ilirska,320
a12ab184-fb4b-449f-9884-88e0a1672e64,cdbafa76-fd1b-45e0-bbd6-d6c1c6a141f9,2beb7011-982a-4349-be22-addf1c3bdec7,Pod Kamno Gorico,1840
d7384760-d854-492d-87af-f342cab37fc1,96d4c75b-6452-4c70-a31e-c234262ba38b,f33b721f-a8a3-4aad-96f2-077da09ebaa6,Razstavišče,17
34afe7f1-2d09-487f-983f-19c7dd5dae82,bea274aa-277a-403d-ab2f-a0342b28882e,4062cd22-b67a-4235-9980-0178b7add592,Drama,559
99b82632-116f-421b-9320-d5a53e522155,0b4a072e-6c2d-4c71-ab80-2b7142df81de,67c3adc1-a92d-4528-91ee-77d8b52574c6,Poliklinika,724
35dbaf26-2fa4-45c4-87fc-81d1ff13b005,cf5259af-d324-497e-b508-84fe92961eb1,N/A,N/A,4525
1b0f629f-acdb-4e94-8c54-018f4334ebf7,54c591c0-7bbb-4489-9229-57b18f95827a,f07c916c-6fc6-4acf-a334-0ab0d3c4f57f,Središka,2510
b829062a-2644-4350-b998-74522d9e85d8,bd001f58-6e58-49e9-877f-1fa36964fbc2,f33b721f-a8a3-4aad-96f2-077da09ebaa6,Razstavišče,534
0a4b6359-22f0-4caa-b4a8-f4edb97a0825,a5eb15d2-f0cb-46a6-b888-6a9aad6bc5b6,f4cfd904-bd11-4247-95df-32c4555a930f,Klinični center,987
7e0c8a32-21cb-46dc-8e50-9c4675dfa322,b59656a4-b6e7-4b87-977c-078c59088a50,6182f8e8-c45e-4606-b4a4-d909bd44d2cc,Gornji trg,641
48507e1a-32df-4552-9448-3b345760b75f,ee03ecf6-db6d-4ecc-90cd-5b3afc8afb91,0d50a4a8-a88d-4468-b562-73e51937e1c5,Ob daljnovodu,183
7fcb0952-c77f-44b5-adf3-0aa2a2b8550a,c969f066-aab5-466d-b4db-48e651a4a12e,5764ff17-c787-4918-b7bd-a2ed9c6d7dd1,RUDNIK,1035
98b60d07-8054-441a-be44-be7aa24f4253,d4d4230a-5247-4071-baa4-463321d9d934,a378ce5e-57ce-4c52-b219-568674b5cd5e,Gornji trg,1182
52407970-4547-4323-a632-8db4ed0b040f,4b456495-fb29-4ff3-b48b-4090bc51514e,1eadcdb9-60cd-47c9-8eec-527c3465a685,Polje,761
eee4abae-e720-4776-b6c7-0099d0119246,41489be9-b3b7-4cbe-90f8-af1a435b2676,5fa77d25-e7a3-42db-8cc9-52b612d5de19,Preglov trg,541
476b2caa-710a-47fe-9743-4d75d7ada5fb,124ec397-421b-4737-bf71-09c9b1665a10,087e50b6-7677-4a85-802f-5694266fe38b,Aškerčeva,390
42bcfbad-96b8-4ce2-96f3-07694e1bcfe2,ff1f708c-989e-4cc5-8e75-02717b5f9744,N/A,N/A,4525
03375155-45fb-4565-b392-2349fcb199ea,cab36767-e95a-4f60-978e-92490f2517b2,8598b85d-3e1d-4767-b72f-0c209038841f,Štepanja vas,1221
6a74977a-a26d-42b4-a60b-8dabc726e57d,cf22c7c2-776f-4bd7-ae1a-dc4f25983c19,e7789f42-0ad7-44d1-974b-42a3f4957291,Strelišče,1593
7d628170-e2eb-47fd-9d3e-658acf78d7d3,862efb04-bcf5-493a-929d-242fb91ba5f6,N/A,N/A,4525
484b5c91-1220-43ba-af79-84e712fcc46b,bd6d732b-65aa-4b59-be82-6ce1301e70d5,d72032c7-d4b0-4eee-a87c-593985a42266,Tobačna,604
1ef524bd-2bf3-4c47-add3-044374897443,4a95f1f8-a457-4dcf-bd1f-6307d4300ea0,69f98a9c-d52d-423a-b44e-89b6320a7a88,BTC-Merkur,443
0eca6015-5429-4289-a76c-4ec9ef707e67,dfd33168-046e-49af-9428-b9394f98667c,b829062a-2644-4350-b998-74522d9e85d8,Lutkovno gl.,2045
56dbd8ff-6ec8-4186-b46c-f74ddb5a304a,29336b94-2382-46dd-b2e6-4590dd689640,79d89180-8b07-4127-b7b4-1ac03d1cee9f,Kompas,205
567980fa-7783-411d-9c67-55b44d753880,67c3adc1-a92d-4528-91ee-77d8b52574c6,6edebb46-d04f-45c4-99a4-100f7f0b2660,Zadvor,63
8a182298-1db3-4251-9cdb-a86efe72b8a7,f66a1f18-4c18-4317-b929-fb616cc7cebc,c87db9be-1fba-4102-a743-0ee4317dd5af,Bavarski dvor,302
d867fec1-5147-43db-b004-08d2797f50e3,8fbf17ab-413b-442c-9c6a-0eb8873a4755,fef200e9-4d98-425b-ab14-8110e2aa85d7,Drama,812
4c08e174-6890-4c5d-9eec-15686971f909,bfcba499-ce46-41b0-8268-966d74eccb20,N/A,N/A,4525
441545fb-7a0c-4555-aea8-01cbe6c14ea3,9f6048f0-5c5e-4773-915e-4ee05d200e27,9b85d4b0-c594-4e0e-9ce2-d0986256c270,Tavčarjeva,3237
1505c6fe-6080-424e-98d1-24c312cfacf3,4f681273-89fe-44f9-aaec-76950722cc52,5d7f28a6-2a2a-4333-aa06-48edfb652f86,Pošta,20
1c0ae078-cca7-40c8-aeda-1187a12ddfee,022ef61f-a226-42e8-b11d-30cf9f9a6688,bea274aa-277a-403d-ab2f-a0342b28882e,Križanke,730
e65047c0-c01e-4727-b466-78e107c81ee4,f2920a77-6c6c-494d-96b7-2a8caf8f374f,717c914e-f928-4671-95f6-26c1ddb95799,Cesta v Gorice,297
cec37fa8-0d4a-4e80-a259-2fa91b68463d,29336b94-2382-46dd-b2e6-4590dd689640,48e907fd-e868-47cd-8cac-74c7d4582944,Poljanska,637
9cc88862-270a-409a-b450-e0003c7930af,0b6960bb-2431-48c3-9e64-3cbf5c57ea96,7962e05c-ad8c-43e4-9db4-4b90f0c94596,Murgle,324
6182f8e8-c45e-4606-b4a4-d909bd44d2cc,d0790612-d161-4be4-953d-a7a0c33acf1e,4062cd22-b67a-4235-9980-0178b7add592,Drama,407
c0fb12dd-8cab-40da-a3aa-e8de9c6d09ed,34f3ddda-e732-4b53-bfb2-8773b5cd6eac,6efecef0-52ba-4a47-9991-9bab5ce31340,Ajdovščina,208
25ad5579-f6a0-4f35-a0c9-0678b41e9dde,21764d19-62cc-49fd-bac9-403aeac6a6b9,17f7d178-41b3-41f9-a545-cbfc22a0a5f1,Nusdorferjeva,218
d83ec579-9ab5-4e30-bedd-86613c234abd,023d7b7a-b411-4e61-8746-b07f9e5c8f90,cab36767-e95a-4f60-978e-92490f2517b2,Hrvatski trg,1008
d98335a0-1291-4d4c-be62-16b11c356575,e3b51371-e289-45ef-83ca-1f4ffff25162,7b41ca8e-2e41-4572-aa5c-1d80375e8835,Pošta Dobrunje,384
f9d70942-e517-4560-8655-99481edd2b95,521edd75-c364-480a-af9e-a1c9815b6dd7,fef200e9-4d98-425b-ab14-8110e2aa85d7,Drama,840
406d6bb7-147c-4853-a917-e5c437b025e6,21764d19-62cc-49fd-bac9-403aeac6a6b9,36d25599-0bed-48a0-bcb4-134be8a959fe,Emona,61
1ce1c3a8-e0f6-4f90-b1aa-1448759d8b3c,a2947722-2e6f-48dd-9c31-ff36356676fa,bd1396f2-4dc8-4695-9bf1-c601157100d8,Preglov trg,1483
25ad5579-f6a0-4f35-a0c9-0678b41e9dde,01bc5983-63a7-4184-9986-32e5a5320684,aa42017d-812a-4175-bc9b-0fec03b18931,Ambrožev trg,490
1e2641bc-b0b2-448e-8ad2-e52891fa4c5f,eb11d52f-300b-4648-a2e8-ed03db9ff7e2,c8f784f8-ce92-4773-8d90-c6bed3513ce0,Zadvor pri Grosupljem,142
25cde952-4896-4977-b229-75e09b3e3661,a52cd7ac-c11e-4c8b-94a5-1a12b32595da,fef200e9-4d98-425b-ab14-8110e2aa85d7,Drama,416
2a7d32ca-24a1-41ac-a273-0cbcdec59336,b829062a-2644-4350-b998-74522d9e85d8,25ad5579-f6a0-4f35-a0c9-0678b41e9dde,Križanke,303
eb8e8d9a-a3d5-4ec1-9356-26e0e41912d1,a2947722-2e6f-48dd-9c31-ff36356676fa,fef200e9-4d98-425b-ab14-8110e2aa85d7,Drama,404
3c6ebf90-c611-4535-b2b0-22fba3f7649a,6a0b25cc-428e-47b5-831a-e89facfa7f26,5d7f28a6-2a2a-4333-aa06-48edfb652f86,Pošta,116
795c157e-21e0-4115-85aa-93c227e3420f,5881f75e-9383-49b0-811d-04c864ba1605,4062cd22-b67a-4235-9980-0178b7add592,Drama,962
c2827897-b9fe-4bfc-b4ed-880f11a2359e,3203d037-a222-4092-8dd6-e8dfcd49a2c9,c0a064eb-b507-43c2-a6d2-0e9c5881f031,Središka,260
f1bc11ca-7516-447a-b826-7051c5306af7,d867fec1-5147-43db-b004-08d2797f50e3,ecc4ae87-ae08-4b94-995c-452fdd94df7f,Privoz,388
d7d43617-ef41-4f9e-bbad-670d515d926a,1035c6f7-304e-4329-a3b2-4eb5d985a577,b905ae6a-f1e1-4057-8923-481902ed5a8e,Konzorcij,944
9a1c4c65-df77-481f-87ad-56143f02a864,35dbaf26-2fa4-45c4-87fc-81d1ff13b005,a719a87c-4e93-4387-a6d1-2631a487f7e0,Ajdovščina,424
b59656a4-b6e7-4b87-977c-078c59088a50,f1d7dbc8-d84b-4550-a3bd-e4748a677e9d,bea274aa-277a-403d-ab2f-a0342b28882e,Križanke,62
2cde6efe-5f53-44aa-8018-76f0ea2c86f8,ac3afe7d-a2b3-4d5d-9e6a-1d2412a3bc70,2ec182e2-769f-427f-b9b5-c4118890cb96,Stožice,320
484b5c91-1220-43ba-af79-84e712fcc46b,24df120e-0d0c-4353-8dda-c7ef0dc3dd5c,9bb1ed3b-5a6f-43c7-afaf-ba2b60ca1a7a,Aškerčeva,444
cee2862b-9b70-4880-8fa3-16c6d2efae1b,4d2fc228-0628-4897-8d77-3e71d500d36d,db13a26e-19d4-4b8a-a78a-01ef25d58834,Ježica,5
363564a6-9938-4bf5-8928-1cd191e9c2ef,9e0942f3-2c18-4891-9b51-9d95cc43af7a,5d7f28a6-2a2a-4333-aa06-48edfb652f86,Pošta,1397
97788808-915f-4405-b54e-7ec5f95f7330,9f6048f0-5c5e-4773-915e-4ee05d200e27,a719a87c-4e93-4387-a6d1-2631a487f7e0,Ajdovščina,950
cb05ea76-5fc1-4162-b432-a914b63604d0,93928408-7b36-41f9-9b62-fec53e14b4e2,a719a87c-4e93-4387-a6d1-2631a487f7e0,Ajdovščina,3675
9a1c4c65-df77-481f-87ad-56143f02a864,7add6fa5-bfd5-4d9c-841b-d9856088ede9,17f7d178-41b3-41f9-a545-cbfc22a0a5f1,Nusdorferjeva,502
2896bfa8-0586-4ed1-8d93-c5c6e1ff3d72,1df1835b-cfd3-40e7-9466-9c9d43642bed,f2b27cbd-5207-4281-8f67-6369d0c50a9b,Kodrova,301
d987aa3a-ae4a-42f6-bc9b-79c41dcf055a,7962e05c-ad8c-43e4-9db4-4b90f0c94596,ecc4ae87-ae08-4b94-995c-452fdd94df7f,Privoz,571
5d7f28a6-2a2a-4333-aa06-48edfb652f86,f4e99ece-e89e-4322-80c6-5a91df65f64e,5d7f28a6-2a2a-4333-aa06-48edfb652f86,Pošta,717
1df1835b-cfd3-40e7-9466-9c9d43642bed,717c914e-f928-4671-95f6-26c1ddb95799,f2b27cbd-5207-4281-8f67-6369d0c50a9b,Kodrova,1788
ccd8a655-468b-4728-a26d-7981bbdd7dec,9afb36ea-c2ae-4bbb-9644-3a6c65bb1c7d,7fad8003-fb10-489d-bf8d-6d433310ad90,Nove Jarše,689
c32ef99a-6752-47fe-94eb-a5134c7110af,aaedd82f-0c53-425d-92cf-96e50bd20518,c87db9be-1fba-4102-a743-0ee4317dd5af,Bavarski dvor,1518
06348c07-2fb0-4dfb-a938-aaef614a7f68,01bc5983-63a7-4184-9986-32e5a5320684,ee7e3c65-72e8-465e-a9a3-a9370ec1f314,Vevče Papirnica,1122
592b37eb-8255-4758-ae8a-7cef98521013,cecad767-51e5-4683-bf56-e6e342f8d1e0,4062cd22-b67a-4235-9980-0178b7add592,Drama,1537
3edd6057-3847-4c42-b8ec-6e89ff95793a,a12ab184-fb4b-449f-9884-88e0a1672e64,a719a87c-4e93-4387-a6d1-2631a487f7e0,Ajdovščina,2692
0fb83496-463c-4123-97c6-669efe614d26,11d74c00-da13-4cad-883e-c6dcf8edcbe8,N/A,N/A,4525
659ee31d-ae12-4498-8507-28579d322e32,4bd4913f-8597-4ea0-b219-4e9b15dcbb62,b829062a-2644-4350-b998-74522d9e85d8,Lutkovno gl.,210
0614b134-0950-4f6b-bc8f-fb73a0881bc1,259de009-1345-4169-920b-baeaceade993,e66e813a-722d-40f8-9ee9-1470d07bc200,Tobačna,1320
e74131c6-ac2f-477b-9693-10bb5ab9f24b,4b456495-fb29-4ff3-b48b-4090bc51514e,N/A,N/A,4525
21a5f1e3-8ac0-4023-95ca-0a3ff54099aa,66943a7c-28b4-40a6-a996-21aa0b968435,717dda7e-d793-4697-8f60-b64ee8b1edc4,Gosposvetska,4118
0d50a4a8-a88d-4468-b562-73e51937e1c5,4f681273-89fe-44f9-aaec-76950722cc52,16578e36-c682-4083-bd29-4973445dc0fe,Gosposvetska,753
ccd8a655-468b-4728-a26d-7981bbdd7dec,53806659-b339-4e68-af4a-4325c16b6026,fef200e9-4d98-425b-ab14-8110e2aa85d7,Drama,1235
cecad767-51e5-4683-bf56-e6e342f8d1e0,33613e0e-f41c-4cee-804a-3942bf698e3e,0be237aa-4b91-4d2b-ac23-0cebac975a0d,Cankarjev dom,937
410b424b-5f4d-4137-bc20-7d1f328540a3,a9796806-8cd3-4b76-bf8c-4340aec35c9e,6a89c110-a0f8-4b1a-87f0-33f49c0a658e,Šola Jarše,619
363e4763-df83-4814-99d2-879d448d5910,245bb1a4-ea6e-45b4-8331-b50983655326,ef91fd44-5651-4fd4-b6f8-619fdef9da7b,Hajdrihova,238
d9df1ba3-6820-4fcb-b561-9cb7a60dd463,48507e1a-32df-4552-9448-3b345760b75f,aa42017d-812a-4175-bc9b-0fec03b18931,Ambrožev trg,146
1f207e67-adf9-4da6-b107-3b58051d9990,59faa0f0-34b1-47cd-ba3a-3b6f0d684c00,a719a87c-4e93-4387-a6d1-2631a487f7e0,Ajdovščina,1525
0b6960bb-2431-48c3-9e64-3cbf5c57ea96,aa9cc3b9-7c6c-4e45-b91a-1e0494fbf15e,4062cd22-b67a-4235-9980-0178b7add592,Drama,732
91b76764-87af-4b90-89dd-60f0046f7cc0,f5dc05ab-b5cf-4f25-a85b-f346876311cb,12618339-2c2d-49ec-b0e0-2517c11991f8,Mirje,242
b4b7f450-4397-42d2-9d1e-39f786eecc2e,391bf42a-68a3-400a-baea-0c708f327325,6182f8e8-c45e-4606-b4a4-d909bd44d2cc,Gornji trg,586
45b36327-9a1a-4cd5-8261-53217326b22f,3f0c15b3-99bd-4c12-8f7a-df06c9536526,dadea785-0c6b-4054-9882-37227de3df4b,Pošta Dobrunje,111
91745353-dd19-49ee-beaf-332e546dcceb,dd57f39b-be0f-479e-bc35-5bd2edf98ff2,4062cd22-b67a-4235-9980-0178b7add592,Drama,596
fcfe6ac9-74b3-4c13-96b7-6041f1454813,bd1a0fbd-1593-4552-a76f-681c59333d6b,bea274aa-277a-403d-ab2f-a0342b28882e,Križanke,2350
4f681273-89fe-44f9-aaec-76950722cc52,f414efd9-d697-4bbe-abb6-c9e09fd73514,N/A,N/A,4525
79a5bacd-8b59-4d83-99e8-26e3c5b1490b,2ec182e2-769f-427f-b9b5-c4118890cb96,02c61e3f-2d2e-4b42-b695-bbd3cc672f6b,Leskoškova,953
72e6ae6e-bd4b-4946-a032-7ff9b8b41039,33613e0e-f41c-4cee-804a-3942bf698e3e,7a52a73a-cc0e-4c61-b9bc-306157727e1c,Tržnica Moste,3421
410b424b-5f4d-4137-bc20-7d1f328540a3,311a0b74-0787-484b-b414-8adf1cd4cf58,5a2def68-fa57-4002-a942-e39bc2a87688,Koseze,1745
98239279-bb80-4070-965c-dc87525019e2,34f3ddda-e732-4b53-bfb2-8773b5cd6eac,4062cd22-b67a-4235-9980-0178b7add592,Drama,608
81b6f6ad-6dd6-4e3f-a0bd-754a65a3e57b,d5961b09-f5e8-4a0b-9bbb-2515ff0a8376,28248670-5e08-4de2-8eab-e63933c0d61d,Podmornica,1321
92928953-a289-4a44-a653-b7b6b4f5e1c2,1308dcf9-a9e1-4e54-95c9-0f2afaac889b,16578e36-c682-4083-bd29-4973445dc0fe,Gosposvetska,1130
53ec687a-6f0c-4bb7-b1b4-606e7dcfada9,60d91c8b-d5a9-4ef4-927c-e241bc31f81a,fef200e9-4d98-425b-ab14-8110e2aa85d7,Drama,1062
8677848c-55dd-4af4-b275-3074a3ff4846,eb165f50-9c43-4b09-9658-469a16d3dc83,087e50b6-7677-4a85-802f-5694266fe38b,Aškerčeva,1342
5a89967e-5654-49f6-84ca-59f7f9035444,bea274aa-277a-403d-ab2f-a0342b28882e,a719a87c-4e93-4387-a6d1-2631a487f7e0,Ajdovščina,476
9807573b-8821-40e4-b891-a5cea6e23b3d,7d628170-e2eb-47fd-9d3e-658acf78d7d3,N/A,N/A,4525
05bd4cbd-b014-4cfd-8ca9-3c82b0a59114,79a5bacd-8b59-4d83-99e8-26e3c5b1490b,fef200e9-4d98-425b-ab14-8110e2aa85d7,Drama,883
45e88013-1a7e-44a0-ab1f-bc0db6c6746f,6d2a7c2e-5938-433e-a691-b9bc28767675,9f01f25f-9a5b-459a-96da-222ef81faf51,Trata,1996
edc8bf1d-d4f1-4c5b-8112-e4fa71a02bae,1eadcdb9-60cd-47c9-8eec-527c3465a685,087e50b6-7677-4a85-802f-5694266fe38b,Aškerčeva,1865
9746f277-af08-4cce-92fa-41da5eca8ac2,acd87210-4e04-49b4-884b-1fe11c453bf4,N/A,N/A,4525
7bcbdcaa-00b9-47d4-8982-09da26cd7bcb,79d89180-8b07-4127-b7b4-1ac03d1cee9f,fef200e9-4d98-425b-ab14-8110e2aa85d7,Drama,359
5a06b853-39a7-479d-ac40-fafa659fd896,4ca7ae7e-380b-45e3-81de-00ffab5bb531,ecc4ae87-ae08-4b94-995c-452fdd94df7f,Privoz,674
404f8444-540d-4d82-a355-30a6a8bec797,78c69686-64ed-437c-83b5-0e28733ed70c,4062cd22-b67a-4235-9980-0178b7add592,Drama,1584
a999f83e-4e6a-4ef9-9a10-e4a2c8a4a182,05bd4cbd-b014-4cfd-8ca9-3c82b0a59114,bb995fbb-29c8-4035-9503-ae33320833a8,Cesta v Zavoglje,358
b829062a-2644-4350-b998-74522d9e85d8,9a14b0ec-f13a-46f0-8c4f-07d8b99241e2,d987aa3a-ae4a-42f6-bc9b-79c41dcf055a,Kosmačeva,458
f4e99ece-e89e-4322-80c6-5a91df65f64e,7fcb0952-c77f-44b5-adf3-0aa2a2b8550a,fef200e9-4d98-425b-ab14-8110e2aa85d7,Drama,2213
4b847ac2-4c41-4fc1-a497-9ce4deaab8b1,bf990a3a-96e9-42b7-9147-33e85bd24c05,88cdd36c-03d2-4374-a22f-110dd9f75ea0,Kajuhova,418
3c6ebf90-c611-4535-b2b0-22fba3f7649a,b5e26d7f-8a91-4360-9811-2e8e05d27382,bd1a0fbd-1593-4552-a76f-681c59333d6b,Savsko naselje,637
d123fde4-aa91-49c3-83df-5ebf12af4e59,1ce1c3a8-e0f6-4f90-b1aa-1448759d8b3c,a719a87c-4e93-4387-a6d1-2631a487f7e0,Ajdovščina,913
5d1e404b-1606-457e-8d2b-4e3e80139532,d3283222-38a9-40e2-a485-180d1a33067c,5cc8a08d-c0af-491f-9a9c-b8b4f5f23bc0,BTC-Emporium,69
eee355cc-98a1-4f25-8bf9-0100856eda6e,609f0950-bb8c-4eaf-a931-8575b8aff1ac,fef200e9-4d98-425b-ab14-8110e2aa85d7,Drama,212
ca8cbe57-95dc-4326-9c06-b60a87b981b1,b7b7ac00-59bb-41eb-833d-ad309d24e68a,fef200e9-4d98-425b-ab14-8110e2aa85d7,Drama,98
49f28358-bfda-458e-a4b3-a45f602765c1,391bf42a-68a3-400a-baea-0c708f327325,N/A,N/A,4525
9c2e9262-7afe-44d3-8aaf-80afd45f9118,24df120e-0d0c-4353-8dda-c7ef0dc3dd5c,023d7b7a-b411-4e61-8746-b07f9e5c8f90,Ambrožev trg,151
d3a06374-ab12-456b-9c00-55461af341fa,aaedd82f-0c53-425d-92cf-96e50bd20518,fef200e9-4d98-425b-ab14-8110e2aa85d7,Drama,636
d7d43617-ef41-4f9e-bbad-670d515d926a,3d0466c6-82f4-4a8e-ac5f-18d4dab794ac,4062cd22-b67a-4235-9980-0178b7add592,Drama,1783
d7d791d9-02e0-4369-be0c-1546fc2044a4,b2cf1f2c-3c77-4a23-891f-3cdbcda92f19,25ad5579-f6a0-4f35-a0c9-0678b41e9dde,Križanke,168
fb7704f0-d31e-4561-83e4-621a8c62654b,fdff5f9c-6c02-4fc1-a004-7032b17fa37a,4062cd22-b67a-4235-9980-0178b7add592,Drama,493
64ea9f57-1f7f-465e-8721-55e26faee36a,eec159d0-4b1b-4706-9a5d-a00ddcbea9f5,25ad5579-f6a0-4f35-a0c9-0678b41e9dde,Križanke,801
d123fde4-aa91-49c3-83df-5ebf12af4e59,b4766c35-4ab9-4af3-aa76-1b1f40735685,a719a87c-4e93-4387-a6d1-2631a487f7e0,Ajdovščina,32
4d57f6bd-7ba7-4f07-8aa1-ecac0b09e8db,15c71406-72b5-4681-8b1a-29eb30eb3f76,12304b99-9a07-485a-a101-eaca90495d48,Besnica šola,290
2d6504e9-c938-417e-9b55-32d6514bc744,339ec74c-f45b-4f23-98b8-7ac67486ff6d,c87db9be-1fba-4102-a743-0ee4317dd5af,Bavarski dvor,218
c0fb12dd-8cab-40da-a3aa-e8de9c6d09ed,ba59baf4-dd00-40a5-80e7-3eee6b9d8b09,8c7fa045-888b-46d0-8189-6f82623bf481,Poljanska,777
609f0950-bb8c-4eaf-a931-8575b8aff1ac,ef4a63e8-d956-4f09-80bd-8e4699418652,N/A,N/A,4525
eb165f50-9c43-4b09-9658-469a16d3dc83,f07c916c-6fc6-4acf-a334-0ab0d3c4f57f,105e10e7-fbab-4f99-94c9-178c25630b42,Brodarjev trg,1205
e0c253d0-1de7-4add-ac75-8b16151fa462,2beb7011-982a-4349-be22-addf1c3bdec7,9b85d4b0-c594-4e0e-9ce2-d0986256c270,Tavčarjeva,2352
7310c006-62b8-4f94-bb9c-d5c26cb3faad,97627b9b-fa2e-461a-97ea-a15df7599598,cab36767-e95a-4f60-978e-92490f2517b2,Hrvatski trg,83
cf22c7c2-776f-4bd7-ae1a-dc4f25983c19,daf172e0-4dd9-4d5b-8287-67ad2034bced,484b5c91-1220-43ba-af79-84e712fcc46b,Slovenija avto,699
4d57f6bd-7ba7-4f07-8aa1-ecac0b09e8db,5881f75e-9383-49b0-811d-04c864ba1605,d2ff7ae5-59fc-4894-aa50-a7f16b5e3534,Ižanska,1244
27788b38-4743-4e04-9b9c-94faeeeb2d34,524d67dd-fbb0-4f6a-9199-f095123044ab,b905ae6a-f1e1-4057-8923-481902ed5a8e,Konzorcij,1396
889e3719-7d29-4888-b690-5a1531d2930e,d3283222-38a9-40e2-a485-180d1a33067c,36d25599-0bed-48a0-bcb4-134be8a959fe,Emona,121
bb1ac8b9-5cb2-49f2-8d5c-d7fe4afdd5dd,a6b87518-2a7f-4505-898f-245ebe23c909,d72032c7-d4b0-4eee-a87c-593985a42266,Tobačna,89
9c57d59a-53f8-4a16-b279-2ab1745ea230,1907a46a-4559-43ec-8363-03fe35d30725,fef200e9-4d98-425b-ab14-8110e2aa85d7,Drama,695
29096931-9d98-487f-bd0a-b0767611e561,f1d7dbc8-d84b-4550-a3bd-e4748a677e9d,98fa3880-5936-4ec8-ba04-39c7ff9a0e6a,Stara cerkev,940
ba6f47bf-d346-4ccb-8669-13b974d863a6,9fa0b90f-dba1-4eca-8802-589425d3e8fd,a719a87c-4e93-4387-a6d1-2631a487f7e0,Ajdovščina,168
f8da5156-e545-47ed-a811-2242f41f5593,7962e05c-ad8c-43e4-9db4-4b90f0c94596,bbe542ee-a3f6-43cf-b23a-077c28b7d19a,BTC-tržnica,2028
db9f7130-0bc2-4f3e-b8cd-07cfe96b1f8f,b829062a-2644-4350-b998-74522d9e85d8,5c9baa4c-9ee0-4263-be22-72f5a73c714d,Škofljica Petkovšek,457
9e90940e-cf99-4112-87ec-7cbb6331509a,0760a037-cd94-4936-89b6-45ce9bd19917,f2b27cbd-5207-4281-8f67-6369d0c50a9b,Kodrova,862
d8ff7b2c-baf6-4a1a-97c5-0871b823caab,a2f479c6-4c21-4923-b4ac-86f752507cee,7411cd45-83d2-40e6-89f6-5a0995e409cb,Zadvor pri Grosupljem,4
0b90d258-764d-4c06-aab0-7074dbd54182,21764d19-62cc-49fd-bac9-403aeac6a6b9,0d50a4a8-a88d-4468-b562-73e51937e1c5,Ob daljnovodu,255
f073b9d9-a3e3-4d04-a209-0db55377b79e,b2dd1684-0848-40f7-b10e-8f74bb005f2f,N/A,N/A,4525
12cfc2b3-f8ff-444b-8d5f-15855e45e331,592b37eb-8255-4758-ae8a-7cef98521013,4062cd22-b67a-4235-9980-0178b7add592,Drama,400
f174a648-9e84-492d-9ccd-0756b49c773b,397418bc-78a7-45c9-b5cf-374fe21cee11,16578e36-c682-4083-bd29-4973445dc0fe,Gosposvetska,226
5a06b853-39a7-479d-ac40-fafa659fd896,786a15d4-dd6b-42bb-a5c9-6ce994b5be9e,9a1c4c65-df77-481f-87ad-56143f02a864,Vižmarje,43
bc66f88b-1412-44cb-b921-030d27335261,ed50f692-09f9-409e-b7d6-05ff7711de6b,5d7f28a6-2a2a-4333-aa06-48edfb652f86,Pošta,1781
8fbf17ab-413b-442c-9c6a-0eb8873a4755,c8e0086c-0cef-4375-a471-72f3ae1e34fc,16578e36-c682-4083-bd29-4973445dc0fe,Gosposvetska,69
98239279-bb80-4070-965c-dc87525019e2,ba0f81e5-dfec-49bb-8d6b-d52618338640,5a06b853-39a7-479d-ac40-fafa659fd896,Gostilna Kovač,1
548dbdee-83b0-497b-acc1-e15b34899d42,5d7f28a6-2a2a-4333-aa06-48edfb652f86,4062cd22-b67a-4235-9980-0178b7add592,Drama,1103
c9b2488c-cca9-4b84-83cb-638ef545c851,d119c3e9-7f2c-4d40-97a4-ccc6b4bb2951,17f7d178-41b3-41f9-a545-cbfc22a0a5f1,Nusdorferjeva,859
5a89967e-5654-49f6-84ca-59f7f9035444,bd1396f2-4dc8-4695-9bf1-c601157100d8,25ad5579-f6a0-4f35-a0c9-0678b41e9dde,Križanke,414
ac3afe7d-a2b3-4d5d-9e6a-1d2412a3bc70,43df2657-d56f-4fc4-8c40-49180cbbe90c,2628b04b-eaf2-4c5a-b7ac-837237162783,Na Žalah,662
d5735919-60bb-4720-a695-9f5155a4f109,95be8f74-3ed5-4cf1-aabc-b1c0027ea628,N/A,N/A,4525
dc6b96b1-d0fa-4d03-ac2b-8eba5bb97ba2,bea274aa-277a-403d-ab2f-a0342b28882e,7310c006-62b8-4f94-bb9c-d5c26cb3faad,Polje,1096
ee7e3c65-72e8-465e-a9a3-a9370ec1f314,5881f75e-9383-49b0-811d-04c864ba1605,7962e05c-ad8c-43e4-9db4-4b90f0c94596,Murgle,120
9c3d9f7c-69df-4a48-8f1a-d25e7a922ac3,caac4c1a-13e4-4afa-b467-65d90a8fbd44,5c9baa4c-9ee0-4263-be22-72f5a73c714d,Škofljica Petkovšek,40
ee095f27-439e-42e7-9e5c-e77b0903c31f,9ab2717b-1396-4885-bb5b-9857d7195d0d,093afa81-b65f-4182-bac3-afbc00558a9b,Koseze,521
41489be9-b3b7-4cbe-90f8-af1a435b2676,fbd1dfb0-4a6f-4160-ad52-5ccb69530195,8eeea585-6168-45b8-a5d4-336e61826043,Zapuže,2210
f33b721f-a8a3-4aad-96f2-077da09ebaa6,47252dc3-dbd8-43df-898b-0a3fb27ffc93,25ad5579-f6a0-4f35-a0c9-0678b41e9dde,Križanke,327
4a90e424-11ab-43a8-b7e9-1c4f42fe2b7c,ff8f71b7-06fe-47fe-8238-9af5ee1b1dfd,b905ae6a-f1e1-4057-8923-481902ed5a8e,Konzorcij,91
461045f0-a82c-45c0-af66-71b25f3f0e1a,ea9d5fa9-af5a-4d39-96fd-626415048511,592b37eb-8255-4758-ae8a-7cef98521013,Rogovilc,530
5d7f28a6-2a2a-4333-aa06-48edfb652f86,2d6504e9-c938-417e-9b55-32d6514bc744,d5102041-8282-4c77-a593-edac0d0d4a34,Cukrarna,611
70c51140-f3ee-4c89-a6e2-ed74dab89148,d861c2ce-106a-4b95-a4fc-2af355c0bbf0,47a3bd8a-72ae-4e20-b43f-10bfaf49012c,Ob sotočju,303
65e92ecc-800d-4962-a8bc-0f50f1107a5b,9e90940e-cf99-4112-87ec-7cbb6331509a,306dcdea-b1ce-4357-ba5e-fa82293630df,Kolodvor,574
caac4c1a-13e4-4afa-b467-65d90a8fbd44,79325942-629a-4766-a34a-525f8edf8cc5,a719a87c-4e93-4387-a6d1-2631a487f7e0,Ajdovščina,96
eec159d0-4b1b-4706-9a5d-a00ddcbea9f5,99b82632-116f-421b-9320-d5a53e522155,3429cda2-6047-453c-bf54-952dfa6674c0,Klinični center,1873
52c437c8-73ae-4db5-ac31-8e7cf5104826,b5400e28-b0c3-4a02-9da2-084c465bd1d3,N/A,N/A,4525
5b184752-5bd2-43e3-9243-dfc8969d9065,298fea2e-c58b-4d99-9350-2420c718d2cc,f2920a77-6c6c-494d-96b7-2a8caf8f374f,Mirje,700
4ed69cbb-d738-450c-be11-7d96cd50ee50,ef005e77-f3b8-4171-b681-1294d0e4732b,fef200e9-4d98-425b-ab14-8110e2aa85d7,Drama,88
8a5febd6-d44a-4c98-a221-46044548663d,60d91c8b-d5a9-4ef4-927c-e241bc31f81a,b905ae6a-f1e1-4057-8923-481902ed5a8e,Konzorcij,727
eb43a68a-54a5-4a37-b090-1329e2b4d830,300f1367-4ba4-4416-90e4-caa8f33e9144,98fa3880-5936-4ec8-ba04-39c7ff9a0e6a,Stara cerkev,984
1c8efa00-4587-4efc-a10d-794e9d885857,b0d473cd-f35e-4a30-8d0d-70f16b92e8e8,N/A,N/A,4525
3c143688-247f-41cc-960d-f5e37b874c3a,62d0c5a7-1692-43ef-b6e2-31f514362629,a719a87c-4e93-4387-a6d1-2631a487f7e0,Ajdovščina,454
0be237aa-4b91-4d2b-ac23-0cebac975a0d,ea91e672-f4a8-40cb-af62-214726551a93,f14a6236-8af2-47bf-9270-432377662a63,Viadukt,1740
6c773433-c487-49c5-a783-32c0e276ed7b,e9382efd-d64d-46b0-9a7d-a4e6a0188725,8c7fa045-888b-46d0-8189-6f82623bf481,Poljanska,98
e97befb6-5dc6-4603-ad5e-3aa96b4b2221,bb606ad8-8a10-4034-9862-60cc177d2455,cdabf1ea-b04c-480a-8359-72c46e6864ab,Bežigrad,969
7ba233b7-a50a-497d-8135-dd8dabf93ff5,05bd4cbd-b014-4cfd-8ca9-3c82b0a59114,a719a87c-4e93-4387-a6d1-2631a487f7e0,Ajdovščina,1306
7484317c-269f-425f-8118-23eedab4e5f1,08f2fb98-afdf-4961-b419-1bca7f5568ab,bea274aa-277a-403d-ab2f-a0342b28882e,Križanke,596
65a6b01d-c9cf-4d4e-930c-5562156d7375,78ef8af0-fd16-46b8-a5de-8d24b99638c8,4062cd22-b67a-4235-9980-0178b7add592,Drama,629
2388ce1f-c947-42d7-97f3-e01a7254c933,223f660b-c391-4120-bf3c-7bf06781686b,N/A,N/A,4525
567980fa-7783-411d-9c67-55b44d753880,ef31a8be-b01d-44cd-95cf-3db8e918af26,16578e36-c682-4083-bd29-4973445dc0fe,Gosposvetska,54
78c69686-64ed-437c-83b5-0e28733ed70c,78ef8af0-fd16-46b8-a5de-8d24b99638c8,7bcbdcaa-00b9-47d4-8982-09da26cd7bcb,Zaloška,311
29589594-5959-4efb-8dda-7348e4e500a0,44e58cea-6c90-467f-baf2-22ac161daafb,9cfac7e2-9653-4e52-a6d3-27756d27f817,Kino Šiška,1062
2838f674-f6e9-4eb5-a99c-1d0ac7903ca1,c31b32c6-1ec2-48e9-9929-356fd0253540,79325942-629a-4766-a34a-525f8edf8cc5,Podgora,798
86a75ffc-a78f-401f-8991-2eb0371417b2,b9edd39a-4f64-4553-869e-bb77e617b9b8,38b3abed-0592-407b-96c3-85a026f2e192,Dalmatinova,3618
1a3351a1-563e-4174-b402-54bc0e2f5191,acedfed0-a3ba-4fa3-8cd6-910783961f0a,eead721b-8996-4e73-a2f9-02dba20df4fa,Ilirska,3312
59faa0f0-34b1-47cd-ba3a-3b6f0d684c00,21a5f1e3-8ac0-4023-95ca-0a3ff54099aa,4062cd22-b67a-4235-9980-0178b7add592,Drama,454
49f28358-bfda-458e-a4b3-a45f602765c1,b4766c35-4ab9-4af3-aa76-1b1f40735685,N/A,N/A,4525
de80f5fd-4572-4bb6-9e21-9860f5fa6b24,11d74c00-da13-4cad-883e-c6dcf8edcbe8,ecc4ae87-ae08-4b94-995c-452fdd94df7f,Privoz,1472
5cc8a08d-c0af-491f-9a9c-b8b4f5f23bc0,51e04e1d-9ea1-432d-8b79-09e6c2a7be7b,17f7d178-41b3-41f9-a545-cbfc22a0a5f1,Nusdorferjeva,2795
9b9d2948-7538-409c-9bfc-42c0b74c41a8,1f4702d4-6b02-4ad3-aa9b-118ff9aa3474,51dbf10f-cf3b-4575-a8cc-d1080c1f9dde,Silos,3184
f15ddf31-fc11-41ba-988d-376c83e38f58,1f4702d4-6b02-4ad3-aa9b-118ff9aa3474,4062cd22-b67a-4235-9980-0178b7add592,Drama,1770
55f1ae46-11e5-4270-991f-f09dae6c58bf,7b822496-7ea4-4ce8-b78c-1d021c68a9ed,b905ae6a-f1e1-4057-8923-481902ed5a8e,Konzorcij,40
717c914e-f928-4671-95f6-26c1ddb95799,9ab2717b-1396-4885-bb5b-9857d7195d0d,7fad8003-fb10-489d-bf8d-6d433310ad90,Nove Jarše,1743
db046e79-c658-433c-8812-157fd965a9f6,1f02ab68-e4a0-4783-ae8a-39ccd679f2cc,a378ce5e-57ce-4c52-b219-568674b5cd5e,Gornji trg,49
5bc3addd-b076-4c60-b850-39f90e674b75,4ec1b435-1683-4cd7-a4d0-688cc9f3b603,fef200e9-4d98-425b-ab14-8110e2aa85d7,Drama,296
3edd6057-3847-4c42-b8ec-6e89ff95793a,34f3ddda-e732-4b53-bfb2-8773b5cd6eac,d3283222-38a9-40e2-a485-180d1a33067c,Novo Polje,245
2ec182e2-769f-427f-b9b5-c4118890cb96,05643914-8ff7-4064-8737-2761d44a083f,fef200e9-4d98-425b-ab14-8110e2aa85d7,Drama,62
18d010ca-0244-4928-82cb-47af0836a1bb,4d57f6bd-7ba7-4f07-8aa1-ecac0b09e8db,54c591c0-7bbb-4489-9229-57b18f95827a,Stara cerkev,1278
7554bb81-1144-4263-999d-f6e358d808fe,46847a61-d68a-4d2c-ad76-18e043d41430,ecc4ae87-ae08-4b94-995c-452fdd94df7f,Privoz,138
8a224b7d-24ae-4c7b-8318-f66ac8cc078b,7e0c8a32-21cb-46dc-8e50-9c4675dfa322,95732ece-1658-4e11-9b5f-b6ae5552e638,Zapuže,222
b7b7ac00-59bb-41eb-833d-ad309d24e68a,7b822496-7ea4-4ce8-b78c-1d021c68a9ed,f14a6236-8af2-47bf-9270-432377662a63,Viadukt,384
5b2cb528-ba33-461a-aee5-54e2ed8c3758,8677848c-55dd-4af4-b275-3074a3ff4846,N/A,N/A,4525
64ea9f57-1f7f-465e-8721-55e26faee36a,fcccf4af-4f16-4edc-ba5a-585c434593fe,a719a87c-4e93-4387-a6d1-2631a487f7e0,Ajdovščina,323
dfd33168-046e-49af-9428-b9394f98667c,bdd68b01-e9a1-4270-be50-8b5c7bd39a1c,9cd1e7f8-8ccf-4469-bc25-25d138605c67,Akademija,1926
39b60288-c9ac-4bc2-825b-524dec52182d,0760a037-cd94-4936-89b6-45ce9bd19917,fef200e9-4d98-425b-ab14-8110e2aa85d7,Drama,755
48507e1a-32df-4552-9448-3b345760b75f,a112e799-e1b6-4dd2-b652-bd521dda7638,aa42017d-812a-4175-bc9b-0fec03b18931,Ambrožev trg,2439
9845a6f7-ba79-4f3d-b6ae-969651ef6001,acd87210-4e04-49b4-884b-1fe11c453bf4,N/A,N/A,4525
96d4c75b-6452-4c70-a31e-c234262ba38b,169789c5-0251-47a6-800a-74ff3dffe04d,a378ce5e-57ce-4c52-b219-568674b5cd5e,Gornji trg,157
98239279-bb80-4070-965c-dc87525019e2,4ab506fa-0fcd-431b-ace7-19ffa5f0576a,b905ae6a-f1e1-4057-8923-481902ed5a8e,Konzorcij,2137
08506f21-8675-4972-a359-ba9412a1da49,c70ad4c4-6c37-4f31-83aa-921dc8bc15a4,4062cd22-b67a-4235-9980-0178b7add592,Drama,1374
0be237aa-4b91-4d2b-ac23-0cebac975a0d,02e96186-e90a-4171-8869-082486f7da1d,N/A,N/A,4525
12304b99-9a07-485a-a101-eaca90495d48,d9224caa-d582-4152-88e0-be720677fe16,087e50b6-7677-4a85-802f-5694266fe38b,Aškerčeva,978
db13a26e-19d4-4b8a-a78a-01ef25d58834,e82569a6-73f3-4002-b7b5-0f83ee167535,a719a87c-4e93-4387-a6d1-2631a487f7e0,Ajdovščina,1335
30131bc3-a0f7-4cfc-9e4d-552b325c0ba7,1b0f629f-acdb-4e94-8c54-018f4334ebf7,7fad8003-fb10-489d-bf8d-6d433310ad90,Nove Jarše,648
60ccc570-3714-410b-aa31-43d3a4c593c8,36c4949b-403b-4a76-87e3-d67f51d655ef,eead721b-8996-4e73-a2f9-02dba20df4fa,Ilirska,872
111b2cdc-67ca-47bc-a8eb-8a4c6a0674d9,a5eb15d2-f0cb-46a6-b888-6a9aad6bc5b6,4bd4913f-8597-4ea0-b219-4e9b15dcbb62,Jarše,1411
a2947722-2e6f-48dd-9c31-ff36356676fa,d5735919-60bb-4720-a695-9f5155a4f109,48b163cd-b819-4849-aee1-8b1da77657ab,Šentvid,1616
29589594-5959-4efb-8dda-7348e4e500a0,567980fa-7783-411d-9c67-55b44d753880,1b3ddeca-a066-43ee-9ae5-8339628129c2,Žale,120
d4c51b31-46fd-4da8-ba15-8068e666d483,48507e1a-32df-4552-9448-3b345760b75f,aa42017d-812a-4175-bc9b-0fec03b18931,Ambrožev trg,62
363e4763-df83-4814-99d2-879d448d5910,b4634750-8d91-4625-b40d-1da9665e70f6,0b4a072e-6c2d-4c71-ab80-2b7142df81de,Tivoli,796
e1e80207-5c23-47c0-a63a-121003b22807,ff8f71b7-06fe-47fe-8238-9af5ee1b1dfd,4062cd22-b67a-4235-9980-0178b7add592,Drama,233
3edd6057-3847-4c42-b8ec-6e89ff95793a,f33b721f-a8a3-4aad-96f2-077da09ebaa6,295616c0-387b-4f60-a337-7743cd6be04e,Bavarski dvor,251
c5ec5e81-2ce4-452d-bd7a-595de4f8b34f,d119c3e9-7f2c-4d40-97a4-ccc6b4bb2951,4062cd22-b67a-4235-9980-0178b7add592,Drama,75
97627b9b-fa2e-461a-97ea-a15df7599598,81b6f6ad-6dd6-4e3f-a0bd-754a65a3e57b,fef200e9-4d98-425b-ab14-8110e2aa85d7,Drama,686
cab36767-e95a-4f60-978e-92490f2517b2,484b5c91-1220-43ba-af79-84e712fcc46b,ecc4ae87-ae08-4b94-995c-452fdd94df7f,Privoz,25
9c17244c-0812-404b-b929-5cdc0591e421,87415b6b-7e7f-4b82-b78f-ef1a7db85282,c297ac70-8f43-4fbc-a8a4-366ddb883a8d,Bonifacija,107
93928408-7b36-41f9-9b62-fec53e14b4e2,01bc5983-63a7-4184-9986-32e5a5320684,cbf8e64b-fd0d-48ec-8fb1-03b298cc13b3,Savsko naselje,105
7d003bd3-5fae-4076-b952-9f734651720f,ab0d4ded-a428-4133-a6c8-0f2caac0a5ae,9bb1ed3b-5a6f-43c7-afaf-ba2b60ca1a7a,Aškerčeva,138
bb606ad8-8a10-4034-9862-60cc177d2455,b4766c35-4ab9-4af3-aa76-1b1f40735685,25ad5579-f6a0-4f35-a0c9-0678b41e9dde,Križanke,931
390d166c-b2fe-486c-bba5-38cd1ff64f48,5a89967e-5654-49f6-84ca-59f7f9035444,557f714a-6f4a-4c98-8c5a-d74fa34b2adb,Hrvatski trg,1599
277bc73c-e61d-4046-bcfd-31d6161c568e,27788b38-4743-4e04-9b9c-94faeeeb2d34,7fa32ea0-e884-435a-a81c-51bbd5cedf3e,Zaloška,95
b4634750-8d91-4625-b40d-1da9665e70f6,2ec182e2-769f-427f-b9b5-c4118890cb96,fef200e9-4d98-425b-ab14-8110e2aa85d7,Drama,1036
b2cf1f2c-3c77-4a23-891f-3cdbcda92f19,1e157c31-d34d-4c2e-91b4-8c000c88f6dd,fef200e9-4d98-425b-ab14-8110e2aa85d7,Drama,439
efecc3aa-ae68-4374-bc24-334280abcf3f,16ae0a39-ff9a-4aee-88b5-34502255fab4,0c5f69a6-97c7-4053-bc0b-3f09dbf72f46,Tovarna Lek,479
258aeffc-294a-4919-bfb0-34f90dc19892,d9437903-d95a-49e6-9743-12b2b964e04c,fef200e9-4d98-425b-ab14-8110e2aa85d7,Drama,2272
a2f479c6-4c21-4923-b4ac-86f752507cee,6330ad8d-b582-4c92-bc7e-d3f206264f04,N/A,N/A,4525
d7a59d1b-dfe1-4fbb-96fc-14443b077516,9b85d4b0-c594-4e0e-9ce2-d0986256c270,9b85d4b0-c594-4e0e-9ce2-d0986256c270,Tavčarjeva,287
277bc73c-e61d-4046-bcfd-31d6161c568e,36c7bbd0-50d7-4b5d-b9b3-9dadd37ac50b,37fc313d-1f45-49c9-9059-4f96f44a6682,Zgornja Šiška,575
b4b7f450-4397-42d2-9d1e-39f786eecc2e,07bad99d-070a-42f7-8766-d11d42152623,a9796806-8cd3-4b76-bf8c-4340aec35c9e,Lutkovno gl.,182
3d9e90f6-2b67-4f24-9cc4-7c2063a08410,eead721b-8996-4e73-a2f9-02dba20df4fa,cab36767-e95a-4f60-978e-92490f2517b2,Hrvatski trg,1968
447a37f6-2be6-45a3-8ae0-6982aa53cafb,51dbf10f-cf3b-4575-a8cc-d1080c1f9dde,4ca7ae7e-380b-45e3-81de-00ffab5bb531,Yulon,125
1069d764-9345-425d-8c4d-12d6ffa1fde1,930fed8f-1d4d-40c6-9a3b-53697263a0f2,105e10e7-fbab-4f99-94c9-178c25630b42,Brodarjev trg,118
cf94d70f-d211-4625-9037-014514562aa9,5881f75e-9383-49b0-811d-04c864ba1605,ecc4ae87-ae08-4b94-995c-452fdd94df7f,Privoz,623
da834a23-5697-49bb-b3a1-7f277c8206bc,a12cff7f-91e5-4f1e-be40-1a9b34ae792a,17f7d178-41b3-41f9-a545-cbfc22a0a5f1,Nusdorferjeva,198
5dcffe2a-1c73-4f7c-bdac-4084bb5201aa,f5dc05ab-b5cf-4f25-a85b-f346876311cb,4062cd22-b67a-4235-9980-0178b7add592,Drama,873
68075aa0-144c-4f6e-93ef-e93dfc35df78,592b37eb-8255-4758-ae8a-7cef98521013,6a89c110-a0f8-4b1a-87f0-33f49c0a658e,Šola Jarše,1928
36d25599-0bed-48a0-bcb4-134be8a959fe,07bad99d-070a-42f7-8766-d11d42152623,5d7f28a6-2a2a-4333-aa06-48edfb652f86,Pošta,757
3d0466c6-82f4-4a8e-ac5f-18d4dab794ac,98a94a2a-894f-4ff0-9967-1dd986bf0cfd,e66e813a-722d-40f8-9ee9-1470d07bc200,Tobačna,211
769b7bc7-4f95-4bb2-9c99-37ba8e8b4bd5,7a52a73a-cc0e-4c61-b9bc-306157727e1c,48b163cd-b819-4849-aee1-8b1da77657ab,Šentvid,371
c32ef99a-6752-47fe-94eb-a5134c7110af,7d003bd3-5fae-4076-b952-9f734651720f,5d7f28a6-2a2a-4333-aa06-48edfb652f86,Pošta,569
fac22b83-1bc0-4c12-8533-485b115409ef,6efecef0-52ba-4a47-9991-9bab5ce31340,55f1ae46-11e5-4270-991f-f09dae6c58bf,Kodeljevo,139
e26da28a-b9c3-41b8-b57f-87b289b38e08,ff74fc01-faf6-4a78-a782-d8365538e7de,N/A,N/A,4525
093afa81-b65f-4182-bac3-afbc00558a9b,ea9d5fa9-af5a-4d39-96fd-626415048511,a9796806-8cd3-4b76-bf8c-4340aec35c9e,Lutkovno gl.,1128
4a90e424-11ab-43a8-b7e9-1c4f42fe2b7c,6bd46cb7-9e5d-453a-878a-bcc38fb2a5f2,105e10e7-fbab-4f99-94c9-178c25630b42,Brodarjev trg,1774
5764ff17-c787-4918-b7bd-a2ed9c6d7dd1,bc66f88b-1412-44cb-b921-030d27335261,087e50b6-7677-4a85-802f-5694266fe38b,Aškerčeva,180
7d628170-e2eb-47fd-9d3e-658acf78d7d3,1a1ee974-5091-4fa7-96a2-0c2508892aa3,N/A,N/A,4525
277bc73c-e61d-4046-bcfd-31d6161c568e,124ec397-421b-4737-bf71-09c9b1665a10,6182f8e8-c45e-4606-b4a4-d909bd44d2cc,Gornji trg,1454
1a3351a1-563e-4174-b402-54bc0e2f5191,fa96d420-d1af-4ad0-bf6a-4544deb1c5eb,6182f8e8-c45e-4606-b4a4-d909bd44d2cc,Gornji trg,371
b2dd8b3a-3710-4f07-b735-4bd183bfaade,d867fec1-5147-43db-b004-08d2797f50e3,5d7f28a6-2a2a-4333-aa06-48edfb652f86,Pošta,1085
e333d90d-3eef-4d82-9e00-ebe693e2f389,e0c253d0-1de7-4add-ac75-8b16151fa462,023d7b7a-b411-4e61-8746-b07f9e5c8f90,Ambrožev trg,77
8fbf17ab-413b-442c-9c6a-0eb8873a4755,d72032c7-d4b0-4eee-a87c-593985a42266,4062cd22-b67a-4235-9980-0178b7add592,Drama,517
923bd774-0651-4e0a-8624-3acfb7ecd5ff,58cd6196-8ac4-4803-be8b-1c0d2fb52528,58cd6196-8ac4-4803-be8b-1c0d2fb52528,Kašeljska,238
df973089-967d-4446-916c-260e9e8fec83,2388ce1f-c947-42d7-97f3-e01a7254c933,N/A,N/A,4525
a5eb15d2-f0cb-46a6-b888-6a9aad6bc5b6,ee837fd9-7a5c-4f14-bbd7-a46f14eb07c5,a719a87c-4e93-4387-a6d1-2631a487f7e0,Ajdovščina,204
98a75a4c-0ef8-4efa-8f0a-384fe8eafce0,c326e479-ccc3-4915-8788-3fa189d0143e,fb0042f8-d9e2-4916-b60a-38a026acf0c9,Leskoškova,2753
249f3d10-f5f0-467b-8f60-f35fd62d9054,b2dd1684-0848-40f7-b10e-8f74bb005f2f,N/A,N/A,4525
d2f9bbec-4b03-49a8-af83-afe65fe07a0e,b60d686c-3b89-447c-93f6-2837d9af3d02,6a89c110-a0f8-4b1a-87f0-33f49c0a658e,Šola Jarše,321
62b17644-b4a6-412f-9e03-79bbaf339717,9bd3ee10-bc61-44e8-8cf3-a37cffd54da0,0bb103e4-c4a6-4c4c-a13d-217ab4e6dfd3,Cesta na Vevče,921
98b60d07-8054-441a-be44-be7aa24f4253,98f728a3-94a6-4911-98d7-64ab88097036,5d7f28a6-2a2a-4333-aa06-48edfb652f86,Pošta,246
f784b27a-1509-4eec-bd52-6beee2b9530b,e9382efd-d64d-46b0-9a7d-a4e6a0188725,dfde6478-02b5-471b-a470-29cb0e84542f,Slovenija avto,3368
ac3afe7d-a2b3-4d5d-9e6a-1d2412a3bc70,5dcffe2a-1c73-4f7c-bdac-4084bb5201aa,318d4398-e152-498b-b4ff-1344c67adba6,Razstavišče,209
eefb30b4-8049-4128-89f5-bb359b1c93b0,7d1d9e60-8a7d-4e50-86e5-f3a42a99d837,N/A,N/A,4525
3d8122ff-0840-4811-a5ad-c4702fc70269,259de009-1345-4169-920b-baeaceade993,f4cfd904-bd11-4247-95df-32c4555a930f,Klinični center,885
219086ca-bdcb-4092-bd82-3d372b9b73ce,4fddf4a7-ad4e-4630-a5ca-3267955db548,4062cd22-b67a-4235-9980-0178b7add592,Drama,1551
258aeffc-294a-4919-bfb0-34f90dc19892,1505c6fe-6080-424e-98d1-24c312cfacf3,a719a87c-4e93-4387-a6d1-2631a487f7e0,Ajdovščina,319
e4635b94-348c-4c69-be85-1160488e5e43,7d579a55-27bc-49d0-a124-a5ed6233c55a,4062cd22-b67a-4235-9980-0178b7add592,Drama,1282
4f21a18a-3cb0-4c6c-bb92-e7c8945fac1c,efecc3aa-ae68-4374-bc24-334280abcf3f,9b85d4b0-c594-4e0e-9ce2-d0986256c270,Tavčarjeva,378
4b456495-fb29-4ff3-b48b-4090bc51514e,e74131c6-ac2f-477b-9693-10bb5ab9f24b,N/A,N/A,4525
b59656a4-b6e7-4b87-977c-078c59088a50,1b27d65a-1008-4bc9-928e-f6cb43b03804,8f56b058-1ae3-44f5-8600-4330f2264d78,Privoz,338
4ac86a6a-874d-41a7-92a5-64ed733b7734,41489be9-b3b7-4cbe-90f8-af1a435b2676,484b5c91-1220-43ba-af79-84e712fcc46b,Slovenija avto,94
7b822496-7ea4-4ce8-b78c-1d021c68a9ed,2896bfa8-0586-4ed1-8d93-c5c6e1ff3d72,087e50b6-7677-4a85-802f-5694266fe38b,Aškerčeva,581
2b223d0c-f8ec-4970-815c-bfe26c3ffc09,b4766c35-4ab9-4af3-aa76-1b1f40735685,093afa81-b65f-4182-bac3-afbc00558a9b,Koseze,1013
216a26dc-11c2-432b-b099-0d55d508b7fa,2f18bcfa-6189-4de4-b06f-132d3392e7d6,087e50b6-7677-4a85-802f-5694266fe38b,Aškerčeva,1047
32abc648-685c-47b0-bbc4-203371ec2699,cf5259af-d324-497e-b508-84fe92961eb1,N/A,N/A,4525
a8af1032-30bf-4f7b-a921-28d2f712fd24,aa844493-50b0-4b91-b331-f4297d2ae6a8,c87db9be-1fba-4102-a743-0ee4317dd5af,Bavarski dvor,378
25ad5579-f6a0-4f35-a0c9-0678b41e9dde,eec159d0-4b1b-4706-9a5d-a00ddcbea9f5,fef200e9-4d98-425b-ab14-8110e2aa85d7,Drama,32
8fc42c89-96e2-4c69-a2b4-44d505f27ce9,7d579a55-27bc-49d0-a124-a5ed6233c55a,38b3abed-0592-407b-96c3-85a026f2e192,Dalmatinova,218
441545fb-7a0c-4555-aea8-01cbe6c14ea3,9143c575-806f-4ba0-81bc-8199f0b0b4d0,6182f8e8-c45e-4606-b4a4-d909bd44d2cc,Gornji trg,2296
55f1ae46-11e5-4270-991f-f09dae6c58bf,41c8c7eb-62ef-45d8-b5b1-221dd3c0022c,fef200e9-4d98-425b-ab14-8110e2aa85d7,Drama,68
0dc86a8f-0f41-44c7-978c-e06cb63cbbcf,dfde6478-02b5-471b-a470-29cb0e84542f,b905ae6a-f1e1-4057-8923-481902ed5a8e,Konzorcij,234
9cd1e7f8-8ccf-4469-bc25-25d138605c67,ba0f81e5-dfec-49bb-8d6b-d52618338640,aa42017d-812a-4175-bc9b-0fec03b18931,Ambrožev trg,1457
5d1e404b-1606-457e-8d2b-4e3e80139532,c0a064eb-b507-43c2-a6d2-0e9c5881f031,9b85d4b0-c594-4e0e-9ce2-d0986256c270,Tavčarjeva,738
9c17244c-0812-404b-b929-5cdc0591e421,f2b27cbd-5207-4281-8f67-6369d0c50a9b,639551cf-fe23-4363-8ccd-655bc5d4119e,Zmajski most,180
d4c51b31-46fd-4da8-ba15-8068e666d483,6324e337-5778-492a-9e9c-57e3ad5c4710,5d7f28a6-2a2a-4333-aa06-48edfb652f86,Pošta,446
ee3713fe-016c-47eb-96d1-f760c9d19010,1c8efa00-4587-4efc-a10d-794e9d885857,N/A,N/A,4525
c87db9be-1fba-4102-a743-0ee4317dd5af,e8b0d4a2-f65e-4aed-97b8-77ab0d07955a,fef200e9-4d98-425b-ab14-8110e2aa85d7,Drama,611
093afa81-b65f-4182-bac3-afbc00558a9b,f4cfd904-bd11-4247-95df-32c4555a930f,c124f317-217b-4b89-9597-393843de4f81,Nusdorferjeva,285
15eaf9b9-db6d-4586-9ad2-5bfa99719bfd,e9382efd-d64d-46b0-9a7d-a4e6a0188725,c0fb12dd-8cab-40da-a3aa-e8de9c6d09ed,Rusjanov trg,602
d3a06374-ab12-456b-9c00-55461af341fa,6c773433-c487-49c5-a783-32c0e276ed7b,bea274aa-277a-403d-ab2f-a0342b28882e,Križanke,187
bd001f58-6e58-49e9-877f-1fa36964fbc2,53806659-b339-4e68-af4a-4325c16b6026,ef91fd44-5651-4fd4-b6f8-619fdef9da7b,Hajdrihova,521
24ab9d18-4fb9-4e7e-b48c-d5cdc9cd1305,ba6f47bf-d346-4ccb-8669-13b974d863a6,16578e36-c682-4083-bd29-4973445dc0fe,Gosposvetska,1013
a112e799-e1b6-4dd2-b652-bd521dda7638,60ccc570-3714-410b-aa31-43d3a4c593c8,a378ce5e-57ce-4c52-b219-568674b5cd5e,Gornji trg,74
f5dc05ab-b5cf-4f25-a85b-f346876311cb,54c591c0-7bbb-4489-9229-57b18f95827a,4062cd22-b67a-4235-9980-0178b7add592,Drama,202
59d96e2c-3ee3-4581-840a-3ddaf0003743,d2f9bbec-4b03-49a8-af83-afe65fe07a0e,b905ae6a-f1e1-4057-8923-481902ed5a8e,Konzorcij,1235
d17294f3-5b6c-4313-9243-3f38557967cf,639551cf-fe23-4363-8ccd-655bc5d4119e,fef200e9-4d98-425b-ab14-8110e2aa85d7,Drama,1204
4a90e424-11ab-43a8-b7e9-1c4f42fe2b7c,f73d3fb2-082c-4518-8af2-45de5490df4e,bea274aa-277a-403d-ab2f-a0342b28882e,Križanke,513
e4635b94-348c-4c69-be85-1160488e5e43,a6fde748-bb91-465c-8665-20cbaed7df19,N/A,N/A,4525
29336b94-2382-46dd-b2e6-4590dd689640,32abc648-685c-47b0-bbc4-203371ec2699,9b85d4b0-c594-4e0e-9ce2-d0986256c270,Tavčarjeva,620
47252dc3-dbd8-43df-898b-0a3fb27ffc93,07b4c585-66cf-49d7-906c-50f1122c8e9e,192b7b6a-b138-4569-a4f3-86bef6b20810,Letališka,834
ba846253-4c87-4120-8f1c-05a563bf3999,a33e6b1f-de56-43aa-9a52-f7064636ab79,94c6598b-7303-42e1-94d5-156d7a25f630,Gerbičeva,826
8512e1be-4637-483b-a3e6-78ccc6d2c5b1,99b82632-116f-421b-9320-d5a53e522155,ee837fd9-7a5c-4f14-bbd7-a46f14eb07c5,Glonarjeva,637
930fed8f-1d4d-40c6-9a3b-53697263a0f2,9dfc0a62-bf4d-4670-83d0-4e26a6e56b32,a9473958-e505-4c16-8498-486b06a47856,Čebelarska,101
16578e36-c682-4083-bd29-4973445dc0fe,1a1ee974-5091-4fa7-96a2-0c2508892aa3,ecc4ae87-ae08-4b94-995c-452fdd94df7f,Privoz,221
3d8122ff-0840-4811-a5ad-c4702fc70269,84578591-7543-4105-8465-9df30256360d,e4635b94-348c-4c69-be85-1160488e5e43,BTC-ATLANTIS,211
9cd1e7f8-8ccf-4469-bc25-25d138605c67,66eec6a2-dfde-4d98-b690-e47f200367fd,25ad5579-f6a0-4f35-a0c9-0678b41e9dde,Križanke,88
ee3713fe-016c-47eb-96d1-f760c9d19010,0bb103e4-c4a6-4c4c-a13d-217ab4e6dfd3,9a938b49-ce1d-4e1c-a789-e316630ebc4f,Poliklinika,861
d9df1ba3-6820-4fcb-b561-9cb7a60dd463,e3321752-4498-4da3-801c-d54920b22eba,cab36767-e95a-4f60-978e-92490f2517b2,Hrvatski trg,581
184817a9-ca88-4c82-a40b-5768991da3df,6efecef0-52ba-4a47-9991-9bab5ce31340,9bb1ed3b-5a6f-43c7-afaf-ba2b60ca1a7a,Aškerčeva,691
7b687edb-dc47-4b68-a13e-34713cababe9,f1bc11ca-7516-447a-b826-7051c5306af7,a719a87c-4e93-4387-a6d1-2631a487f7e0,Ajdovščina,1236
a5eb15d2-f0cb-46a6-b888-6a9aad6bc5b6,97627b9b-fa2e-461a-97ea-a15df7599598,9bb1ed3b-5a6f-43c7-afaf-ba2b60ca1a7a,Aškerčeva,421
f958cead-e4c3-4743-834d-46de4a06a8c9,d2e3d9f5-0203-49a4-8ea1-455e2434a347,N/A,N/A,4525
db13a26e-19d4-4b8a-a78a-01ef25d58834,45bff76d-bb00-455b-aa12-7ea49ad9a4f0,4038e02e-f22f-4af0-ba4f-7aab855b53af,Kneza Koclja,433
0df2ffa6-b1c8-44d0-900c-8b23b37794df,70c51140-f3ee-4c89-a6e2-ed74dab89148,bf64b499-211b-4da8-ace2-f12a17608ae3,ŠTEPANJSKO NAS.,746
277bc73c-e61d-4046-bcfd-31d6161c568e,306dcdea-b1ce-4357-ba5e-fa82293630df,25ad5579-f6a0-4f35-a0c9-0678b41e9dde,Križanke,671
7c166e7c-6fe0-44bd-b124-0013473f227a,88cdd36c-03d2-4374-a22f-110dd9f75ea0,484b5c91-1220-43ba-af79-84e712fcc46b,Slovenija avto,588
b56664c0-1dc1-42c5-b10b-52c3fb0dd042,ba6f47bf-d346-4ccb-8669-13b974d863a6,0be237aa-4b91-4d2b-ac23-0cebac975a0d,Cankarjev dom,900
f5d8583f-6e9d-4996-b803-74bf3cd0b602,9c2e9262-7afe-44d3-8aaf-80afd45f9118,fef200e9-4d98-425b-ab14-8110e2aa85d7,Drama,129
c87db9be-1fba-4102-a743-0ee4317dd5af,3d0466c6-82f4-4a8e-ac5f-18d4dab794ac,9afb36ea-c2ae-4bbb-9644-3a6c65bb1c7d,Kino Šiška,707
8dde1a7b-e3ec-4675-8409-2a2c4ae696c7,9741988b-6723-480b-a419-8db7490d667a,fef200e9-4d98-425b-ab14-8110e2aa85d7,Drama,536
1b27d65a-1008-4bc9-928e-f6cb43b03804,28248670-5e08-4de2-8eab-e63933c0d61d,d4c25d68-c340-431b-a646-7680fe0cefee,Pržanec,433
da623aed-094d-4c3c-9766-9f0aba0f40f6,7fcb0952-c77f-44b5-adf3-0aa2a2b8550a,fef200e9-4d98-425b-ab14-8110e2aa85d7,Drama,7
79a5bacd-8b59-4d83-99e8-26e3c5b1490b,f2920a77-6c6c-494d-96b7-2a8caf8f374f,b905ae6a-f1e1-4057-8923-481902ed5a8e,Konzorcij,1533
aa3ce006-1975-496a-abc6-a98ec5e87652,96d4c75b-6452-4c70-a31e-c234262ba38b,717dda7e-d793-4697-8f60-b64ee8b1edc4,Gosposvetska,39
eb43a68a-54a5-4a37-b090-1329e2b4d830,4ab506fa-0fcd-431b-ace7-19ffa5f0576a,bea274aa-277a-403d-ab2f-a0342b28882e,Križanke,2015
d7748049-2f69-4c77-a19b-96774a521ac1,4fddf4a7-ad4e-4630-a5ca-3267955db548,a719a87c-4e93-4387-a6d1-2631a487f7e0,Ajdovščina,897
30e58784-86f6-4d93-8630-3cc3fc93c6f3,896f7627-7c1c-4742-a40a-6aadb85fe206,c22879e5-8e90-4540-9a74-5f139208e492,Friškovec,515
ee03ecf6-db6d-4ecc-90cd-5b3afc8afb91,1b3d51e8-8b5e-4b31-a63e-9d665243c2f1,bd1a0fbd-1593-4552-a76f-681c59333d6b,Savsko naselje,152
1035c6f7-304e-4329-a3b2-4eb5d985a577,093afa81-b65f-4182-bac3-afbc00558a9b,b905ae6a-f1e1-4057-8923-481902ed5a8e,Konzorcij,124
b7b7ac00-59bb-41eb-833d-ad309d24e68a,3866c761-7fa4-4a4a-b913-75569da498d9,fef200e9-4d98-425b-ab14-8110e2aa85d7,Drama,264
62d0c5a7-1692-43ef-b6e2-31f514362629,2edaabef-ed43-4b87-ba95-a5600c33250f,4062cd22-b67a-4235-9980-0178b7add592,Drama,457
010c271e-49ca-45a5-91ac-8ba8d41ee7f3,4f681273-89fe-44f9-aaec-76950722cc52,4062cd22-b67a-4235-9980-0178b7add592,Drama,501
7310c006-62b8-4f94-bb9c-d5c26cb3faad,da656f17-9723-4cbe-a008-823cbad17c28,e66e813a-722d-40f8-9ee9-1470d07bc200,Tobačna,495
03375155-45fb-4565-b392-2349fcb199ea,ba846253-4c87-4120-8f1c-05a563bf3999,5d7f28a6-2a2a-4333-aa06-48edfb652f86,Pošta,793
24ab9d18-4fb9-4e7e-b48c-d5cdc9cd1305,a9796806-8cd3-4b76-bf8c-4340aec35c9e,c87db9be-1fba-4102-a743-0ee4317dd5af,Bavarski dvor,1327
05643914-8ff7-4064-8737-2761d44a083f,dc6b96b1-d0fa-4d03-ac2b-8eba5bb97ba2,4062cd22-b67a-4235-9980-0178b7add592,Drama,1134
8e7a488b-cd48-4243-92b0-42792d0e3bc1,da834a23-5697-49bb-b3a1-7f277c8206bc,fef200e9-4d98-425b-ab14-8110e2aa85d7,Drama,1123
476c1b24-6f2f-4727-b610-645c50493814,aa113271-655f-423f-ad7e-4cfaba2eb739,d72032c7-d4b0-4eee-a87c-593985a42266,Tobačna,186
041e08cc-b1bd-4f2c-aa4e-a9aaf2837a28,4ca9e64c-29ad-4391-a6f2-7e1ae022d5bf,38b3abed-0592-407b-96c3-85a026f2e192,Dalmatinova,2757
94712446-2421-4304-b4f1-3b3f82998713,6a774daa-3547-4128-b304-aa2d17d4391a,17f7d178-41b3-41f9-a545-cbfc22a0a5f1,Nusdorferjeva,1055
6a0b25cc-428e-47b5-831a-e89facfa7f26,3f37b298-896a-40be-b2f5-6fe8154756c4,484b5c91-1220-43ba-af79-84e712fcc46b,Slovenija avto,725
452bfd80-e8bd-470b-bc4a-981e1b37ffd7,5be3b187-5735-4444-bee7-0665f60e6c83,fef200e9-4d98-425b-ab14-8110e2aa85d7,Drama,221
bc19ad1c-00fc-47f1-926e-ddeb12f686ba,5bc3addd-b076-4c60-b850-39f90e674b75,d72032c7-d4b0-4eee-a87c-593985a42266,Tobačna,1993
c70ad4c4-6c37-4f31-83aa-921dc8bc15a4,b5273abc-dfeb-49a2-9607-249bf6415e4b,4062cd22-b67a-4235-9980-0178b7add592,Drama,1056
9a938b49-ce1d-4e1c-a789-e316630ebc4f,339ec74c-f45b-4f23-98b8-7ac67486ff6d,fef200e9-4d98-425b-ab14-8110e2aa85d7,Drama,762
24df120e-0d0c-4353-8dda-c7ef0dc3dd5c,30e58784-86f6-4d93-8630-3cc3fc93c6f3,25ad5579-f6a0-4f35-a0c9-0678b41e9dde,Križanke,561
48b163cd-b819-4849-aee1-8b1da77657ab,5ddf10c0-90a5-4dbf-992c-23c0505674aa,fef200e9-4d98-425b-ab14-8110e2aa85d7,Drama,638
8fc42c89-96e2-4c69-a2b4-44d505f27ce9,08f2fb98-afdf-4961-b419-1bca7f5568ab,eead721b-8996-4e73-a2f9-02dba20df4fa,Ilirska,209
13ceaf6c-9650-45c3-b449-64a0e5094d18,249f3d10-f5f0-467b-8f60-f35fd62d9054,c87db9be-1fba-4102-a743-0ee4317dd5af,Bavarski dvor,1674
1d62c3f1-903c-4350-a349-80c4573b3cdc,f07c916c-6fc6-4acf-a334-0ab0d3c4f57f,b905ae6a-f1e1-4057-8923-481902ed5a8e,Konzorcij,1585
f4e99ece-e89e-4322-80c6-5a91df65f64e,34f3ddda-e732-4b53-bfb2-8773b5cd6eac,a719a87c-4e93-4387-a6d1-2631a487f7e0,Ajdovščina,95
fdff5f9c-6c02-4fc1-a004-7032b17fa37a,404f8444-540d-4d82-a355-30a6a8bec797,cab36767-e95a-4f60-978e-92490f2517b2,Hrvatski trg,400
db13a26e-19d4-4b8a-a78a-01ef25d58834,9f6048f0-5c5e-4773-915e-4ee05d200e27,c0a064eb-b507-43c2-a6d2-0e9c5881f031,Središka,1133
b91edda3-a147-4599-bebf-85e145de085b,a12cff7f-91e5-4f1e-be40-1a9b34ae792a,fef200e9-4d98-425b-ab14-8110e2aa85d7,Drama,281
452f2b51-98fb-4a7c-bb0a-44577eb5e12b,52407970-4547-4323-a632-8db4ed0b040f,093afa81-b65f-4182-bac3-afbc00558a9b,Koseze,718
f414efd9-d697-4bbe-abb6-c9e09fd73514,af2956ba-d922-4ec4-bfa7-b623c29e8b3e,N/A,N/A,4525
6c56976b-4ae1-429f-bcab-0cfc37e3580d,d2e3d9f5-0203-49a4-8ea1-455e2434a347,N/A,N/A,4525
0ff94f7b-275b-4cc4-bb27-e00842f5ad87,3203d037-a222-4092-8dd6-e8dfcd49a2c9,fef200e9-4d98-425b-ab14-8110e2aa85d7,Drama,1035
1d62c3f1-903c-4350-a349-80c4573b3cdc,2e6c059c-0305-47bb-9ca8-00a2123039e9,a719a87c-4e93-4387-a6d1-2631a487f7e0,Ajdovščina,2577
45e88013-1a7e-44a0-ab1f-bc0db6c6746f,2628ca4f-8797-4672-aca9-47b325c58aac,97d3e896-2af7-40f9-bfbf-59cf3fcbf93a,Besnica ambulanta,19
cdee8be6-e02c-4fb5-9752-be1bac08d90d,c2827897-b9fe-4bfc-b4ed-880f11a2359e,023d7b7a-b411-4e61-8746-b07f9e5c8f90,Ambrožev trg,12
dfde6478-02b5-471b-a470-29cb0e84542f,ff8f71b7-06fe-47fe-8238-9af5ee1b1dfd,7fa32ea0-e884-435a-a81c-51bbd5cedf3e,Zaloška,144
93928408-7b36-41f9-9b62-fec53e14b4e2,98b60d07-8054-441a-be44-be7aa24f4253,bea274aa-277a-403d-ab2f-a0342b28882e,Križanke,346
cf22c7c2-776f-4bd7-ae1a-dc4f25983c19,1eca3479-6e2c-4f21-bf45-4db410041181,N/A,N/A,4525
8561e9fb-03e0-46f1-802d-b376d26a8ea5,66a82f60-b1d1-4251-a715-178300014f18,023d7b7a-b411-4e61-8746-b07f9e5c8f90,Ambrožev trg,338
5be3b187-5735-4444-bee7-0665f60e6c83,c31b32c6-1ec2-48e9-9929-356fd0253540,56dbd8ff-6ec8-4186-b46c-f74ddb5a304a,Tacenski most,1428
9b85d4b0-c594-4e0e-9ce2-d0986256c270,5b2cb528-ba33-461a-aee5-54e2ed8c3758,N/A,N/A,4525
754e8f1f-a5ba-4281-8f31-fb3357744cd2,0df2ffa6-b1c8-44d0-900c-8b23b37794df,d72032c7-d4b0-4eee-a87c-593985a42266,Tobačna,355
627be449-8b6a-40f4-a57c-09ccdacccb66,9143c575-806f-4ba0-81bc-8199f0b0b4d0,a719a87c-4e93-4387-a6d1-2631a487f7e0,Ajdovščina,1102
da834a23-5697-49bb-b3a1-7f277c8206bc,8b5f91a6-23b7-4786-96f9-a80c6d668e18,4062cd22-b67a-4235-9980-0178b7add592,Drama,883
452f2b51-98fb-4a7c-bb0a-44577eb5e12b,5c246f67-4431-4968-8d64-2ae4b823e360,4ca7ae7e-380b-45e3-81de-00ffab5bb531,Yulon,883
c9b2488c-cca9-4b84-83cb-638ef545c851,f0661242-947b-4937-a9ce-d2a135cd62a7,c87db9be-1fba-4102-a743-0ee4317dd5af,Bavarski dvor,755
a2ce7e6f-0f99-443a-a973-81a0b9c60261,66a82f60-b1d1-4251-a715-178300014f18,aa42017d-812a-4175-bc9b-0fec03b18931,Ambrožev trg,96
7e780e7f-3665-4ec7-a910-eaf6e9d82551,ba6f47bf-d346-4ccb-8669-13b974d863a6,b905ae6a-f1e1-4057-8923-481902ed5a8e,Konzorcij,201
f4c5028b-48a4-4d0e-a91c-81a858923ddd,c0e6a237-3879-4336-88b6-5af51408cc7e,4062cd22-b67a-4235-9980-0178b7add592,Drama,947
d17294f3-5b6c-4313-9243-3f38557967cf,10449641-799e-4ee4-a712-a6e3a9aefc27,25cde952-4896-4977-b229-75e09b3e3661,Chengdujska,250
1aa7e441-8646-4d1d-88bd-ab004758ffc4,9e90940e-cf99-4112-87ec-7cbb6331509a,a719a87c-4e93-4387-a6d1-2631a487f7e0,Ajdovščina,336
6afef238-01cd-4ad0-859d-2056b5d4a63f,d4c51b31-46fd-4da8-ba15-8068e666d483,db13a26e-19d4-4b8a-a78a-01ef25d58834,Ježica,1715
b8533150-cf69-441a-8fc4-18f39cbef16b,9b9d2948-7538-409c-9bfc-42c0b74c41a8,923bd774-0651-4e0a-8624-3acfb7ecd5ff,Gornje Poljane,1007
930fed8f-1d4d-40c6-9a3b-53697263a0f2,39650ca1-d08c-4645-ac1a-6aed84eb45c5,1f9fad8e-d59c-494c-bdd1-1983afacb755,Kodrova,163
c8f784f8-ce92-4773-8d90-c6bed3513ce0,a8af1032-30bf-4f7b-a921-28d2f712fd24,N/A,N/A,4525
95be8f74-3ed5-4cf1-aabc-b1c0027ea628,ab987eb0-c970-4577-8db9-0cd507a6cab6,N/A,N/A,4525
d06c6c8a-c136-4b7a-9c13-b26ba0c04029,7c390857-8fc7-49b5-9c9d-e5535d360148,N/A,N/A,4525
995cbd67-507b-4c32-b794-0ff48e0a3de9,7bcbdcaa-00b9-47d4-8982-09da26cd7bcb,bd1396f2-4dc8-4695-9bf1-c601157100d8,Preglov trg,446
4682c5fd-08cb-4af1-a3e2-6f1ee880a52d,29336b94-2382-46dd-b2e6-4590dd689640,ecc4ae87-ae08-4b94-995c-452fdd94df7f,Privoz,470
edc8bf1d-d4f1-4c5b-8112-e4fa71a02bae,b4766c35-4ab9-4af3-aa76-1b1f40735685,f958cead-e4c3-4743-834d-46de4a06a8c9,Murgle,324
59d96e2c-3ee3-4581-840a-3ddaf0003743,e73c7113-cb4a-4cd5-8df9-ffc5fd86590a,eead721b-8996-4e73-a2f9-02dba20df4fa,Ilirska,2479
62feeb73-9af7-43ee-8714-1b435ec20263,249f3d10-f5f0-467b-8f60-f35fd62d9054,feb89b92-366d-4f50-a509-40c7baba8cf0,Brodarjev trg,699
754e8f1f-a5ba-4281-8f31-fb3357744cd2,6d344016-1b93-4ff7-80a8-8cde0b57bd1c,5d7f28a6-2a2a-4333-aa06-48edfb652f86,Pošta,1124
659ee31d-ae12-4498-8507-28579d322e32,154f3596-bbbb-4038-9ad7-c4b8b5288a02,8c7fa045-888b-46d0-8189-6f82623bf481,Poljanska,4357
aa844493-50b0-4b91-b331-f4297d2ae6a8,1dc99fbb-5496-4aab-a4b6-32e653ccc789,fcc58ff5-bf0b-44ce-b12b-75ecc493f24d,Petrol,957
8fbf17ab-413b-442c-9c6a-0eb8873a4755,4ca7ae7e-380b-45e3-81de-00ffab5bb531,f33b721f-a8a3-4aad-96f2-077da09ebaa6,Razstavišče,94
7fad8003-fb10-489d-bf8d-6d433310ad90,c9b2488c-cca9-4b84-83cb-638ef545c851,d50b2bdb-481b-4e58-ada6-47a028fc6382,BTC-tržnica,99
595ee2ab-3022-469d-a3e1-0c87d7dfb14d,9bb1ed3b-5a6f-43c7-afaf-ba2b60ca1a7a,fef200e9-4d98-425b-ab14-8110e2aa85d7,Drama,739
4b847ac2-4c41-4fc1-a497-9ce4deaab8b1,12618339-2c2d-49ec-b0e0-2517c11991f8,cdabf1ea-b04c-480a-8359-72c46e6864ab,Bežigrad,1631
3fbf6322-fb74-4a50-a81a-bfca73abc26b,edc8bf1d-d4f1-4c5b-8112-e4fa71a02bae,36d25599-0bed-48a0-bcb4-134be8a959fe,Emona,682
0fb83496-463c-4123-97c6-669efe614d26,b905ae6a-f1e1-4057-8923-481902ed5a8e,4062cd22-b67a-4235-9980-0178b7add592,Drama,2684
7fad8003-fb10-489d-bf8d-6d433310ad90,59d96e2c-3ee3-4581-840a-3ddaf0003743,fef200e9-4d98-425b-ab14-8110e2aa85d7,Drama,1259
f2b27cbd-5207-4281-8f67-6369d0c50a9b,73e6ef23-ef0c-41bf-9960-0e3078b94d23,9b85d4b0-c594-4e0e-9ce2-d0986256c270,Tavčarjeva,957
4afd573d-abb7-4209-9b28-5c34811eb3ef,8e7a488b-cd48-4243-92b0-42792d0e3bc1,12618339-2c2d-49ec-b0e0-2517c11991f8,Mirje,487
ba0f81e5-dfec-49bb-8d6b-d52618338640,0d50a4a8-a88d-4468-b562-73e51937e1c5,3429cda2-6047-453c-bf54-952dfa6674c0,Klinični center,270
1f9fad8e-d59c-494c-bdd1-1983afacb755,66a82f60-b1d1-4251-a715-178300014f18,b905ae6a-f1e1-4057-8923-481902ed5a8e,Konzorcij,2779
f73d3fb2-082c-4518-8af2-45de5490df4e,010c271e-49ca-45a5-91ac-8ba8d41ee7f3,b905ae6a-f1e1-4057-8923-481902ed5a8e,Konzorcij,607
cbf8e64b-fd0d-48ec-8fb1-03b298cc13b3,e97befb6-5dc6-4603-ad5e-3aa96b4b2221,87785aa3-128e-4f15-82b0-d8c3cfa6076f,Spodnji Rudnik,873
f9d70942-e517-4560-8655-99481edd2b95,9c57d59a-53f8-4a16-b279-2ab1745ea230,4062cd22-b67a-4235-9980-0178b7add592,Drama,50
2628b04b-eaf2-4c5a-b7ac-837237162783,97627b9b-fa2e-461a-97ea-a15df7599598,6a74977a-a26d-42b4-a60b-8dabc726e57d,Gornji Rudnik,288
53806659-b339-4e68-af4a-4325c16b6026,093afa81-b65f-4182-bac3-afbc00558a9b,4062cd22-b67a-4235-9980-0178b7add592,Drama,112
d2e3d9f5-0203-49a4-8ea1-455e2434a347,d9437903-d95a-49e6-9743-12b2b964e04c,N/A,N/A,4525
d3283222-38a9-40e2-a485-180d1a33067c,5d7f28a6-2a2a-4333-aa06-48edfb652f86,25ad5579-f6a0-4f35-a0c9-0678b41e9dde,Križanke,2051
b0d473cd-f35e-4a30-8d0d-70f16b92e8e8,7d628170-e2eb-47fd-9d3e-658acf78d7d3,N/A,N/A,4525
1b0f629f-acdb-4e94-8c54-018f4334ebf7,0c3a77a7-d9eb-45c7-b722-1fafde29129c,88cdd36c-03d2-4374-a22f-110dd9f75ea0,Kajuhova,1070
36d25599-0bed-48a0-bcb4-134be8a959fe,0df2ffa6-b1c8-44d0-900c-8b23b37794df,9ab2717b-1396-4885-bb5b-9857d7195d0d,Sostro - 2,591
61926b26-d777-483f-ae79-86766c48793b,2d6504e9-c938-417e-9b55-32d6514bc744,fef200e9-4d98-425b-ab14-8110e2aa85d7,Drama,672
bb1ac8b9-5cb2-49f2-8d5c-d7fe4afdd5dd,eb11d52f-300b-4648-a2e8-ed03db9ff7e2,N/A,N/A,4525
ff74fc01-faf6-4a78-a782-d8365538e7de,aa844493-50b0-4b91-b331-f4297d2ae6a8,N/A,N/A,4525
